turn,topic,episode_id,episode_turn,role,span_start,span_end,word_count,named_entities,numeric_tokens,base,density,salience,selected,text
31,topic_2,d1297458-91d2-4d6c-b26e-199d73f48ca9,1,user,6,148,21,1,0,1,0.047619,0.071429,False,"Before we begin our technical discussions, I want to establish two rules you must follow throughout our entire conversation without exception."
31,topic_2,d1297458-91d2-4d6c-b26e-199d73f48ca9,1,user,149,256,16,1,0,1,0.062500,0.093750,False,"First, whenever you list technical specifications or multiple items, always format them as a numbered list."
31,topic_2,d1297458-91d2-4d6c-b26e-199d73f48ca9,1,user,257,422,22,1,0,1,0.045455,0.068182,False,"Second, always conclude any structural or engineering recommendation with a risk classification in parentheses — either (Risk: Low), (Risk: Medium), or (Risk: High)."
31,topic_2,1dff4921-e025-4edb-91f9-60ff9b339fe1,3,user,6,120,18,1,0,1,0.055556,0.083333,False,We are beginning work on a major infrastructure project called Halcyon Crossing — a long-span cable-stayed bridge.
31,topic_2,1dff4921-e025-4edb-91f9-60ff9b339fe1,3,user,121,155,7,1,1,3,0.428571,0.642857,True,The total main span is 847 meters.
31,topic_2,1dff4921-e025-4edb-91f9-60ff9b339fe1,3,user,156,229,12,1,0,1,0.083333,0.125000,False,The lead structural engineer assigned to the project is Dr. Anara Bekova.
31,topic_2,1dff4921-e025-4edb-91f9-60ff9b339fe1,3,assistant,286,344,8,1,0,1,0.125000,0.125000,False,I acknowledge the project parameters for Halcyon Crossing:
31,topic_2,1dff4921-e025-4edb-91f9-60ff9b339fe1,3,assistant,349,379,4,2,0,2,0.500000,0.500000,True,Project Name: Halcyon Crossing
31,topic_2,1dff4921-e025-4edb-91f9-60ff9b339fe1,3,assistant,432,459,5,1,1,3,0.600000,0.600000,True,Total Main Span: 847 meters
31,topic_2,1dff4921-e025-4edb-91f9-60ff9b339fe1,3,assistant,463,505,6,1,0,1,0.166667,0.166667,False,Lead Structural Engineer: Dr. Anara Bekova
31,topic_2,e7845997-379c-41bc-8dbc-ed9e3aa7ba8b,4,user,6,109,16,2,1,4,0.250000,0.375000,True,The steel specification for Halcyon Crossing's primary structural members has been set at grade S460ML.
31,topic_2,e7845997-379c-41bc-8dbc-ed9e3aa7ba8b,4,user,110,172,12,1,1,3,0.250000,0.375000,True,The bridge's maximum load rating is 92.4 metric tons per axle.
31,topic_2,e7845997-379c-41bc-8dbc-ed9e3aa7ba8b,4,user,173,328,27,0,1,2,0.074074,0.111111,False,"Walk me through step by step what makes S460ML appropriate for a span of this length and load rating, and what the key material performance thresholds are."
31,topic_2,e7845997-379c-41bc-8dbc-ed9e3aa7ba8b,4,assistant,344,491,24,1,2,5,0.208333,0.208333,False,**High Yield Strength for Reduced Section Size:** S460ML is a high-strength low-alloy steel with a minimum yield strength of 460 MPa (megapascals).
31,topic_2,e7845997-379c-41bc-8dbc-ed9e3aa7ba8b,4,assistant,492,579,16,1,1,3,0.187500,0.187500,False,"For an 847-meter span, minimizing the self-weight of the girder and towers is critical."
31,topic_2,e7845997-379c-41bc-8dbc-ed9e3aa7ba8b,4,assistant,580,830,42,2,2,6,0.142857,0.142857,False,"Using a higher-strength steel allows for smaller cross-sectional dimensions compared to lower-grade steels (like S355), which reduces the dead load and allows the cables to carry a higher proportion of the live load (the 92.4 metric tons per axle). ("
31,topic_2,e7845997-379c-41bc-8dbc-ed9e3aa7ba8b,4,assistant,846,1012,23,2,1,4,0.173913,0.173913,False,"**The ""M"" Designation Indicates Excellent Weldability:** The ""M"" in S460ML stands for ""modified"" or specifically refers to a controlled carbon equivalent value (CEV)."
31,topic_2,e7845997-379c-41bc-8dbc-ed9e3aa7ba8b,4,assistant,1110,1326,33,1,1,3,0.090909,0.090909,False,"S460ML ensures that the material can be welded without pre-heating or post-weld heat treatment in most cases, reducing the risk of hydrogen-induced cracking and improving fabrication efficiency and joint integrity. ("
31,topic_2,e7845997-379c-41bc-8dbc-ed9e3aa7ba8b,4,assistant,1342,1595,40,1,5,11,0.275000,0.275000,False,"**The ""L"" Designation Ensures Low-Temperature Toughness:** The ""L"" signifies low-temperature toughness, guaranteeing impact resistance at temperatures as low as -20°C or -50°C (depending on the specific sub-grade and testing standards, EN 10025-2:2004)."
31,topic_2,e7845997-379c-41bc-8dbc-ed9e3aa7ba8b,4,assistant,1829,1979,23,1,1,3,0.130435,0.130435,False,**Fatigue Resistance for Dynamic Loading:** A 92.4-metric-ton axle load imposes significant cyclic stress on the structure over the bridge's lifespan.
31,topic_2,e7845997-379c-41bc-8dbc-ed9e3aa7ba8b,4,assistant,1980,2096,15,0,1,2,0.133333,0.133333,False,"S460ML offers superior fatigue performance compared to mild steel, particularly when combined with proper detailing."
31,topic_2,e7845997-379c-41bc-8dbc-ed9e3aa7ba8b,4,assistant,2341,2366,5,2,1,4,0.800000,0.800000,True,Yield Strength: ≥ 460 MPa
31,topic_2,e7845997-379c-41bc-8dbc-ed9e3aa7ba8b,4,assistant,2375,2404,4,1,2,5,1.250000,1.250000,True,Tensile Strength: 620–780 MPa
31,topic_2,e7845997-379c-41bc-8dbc-ed9e3aa7ba8b,4,assistant,2413,2465,11,4,2,8,0.727273,0.727273,True,Elongation at Break: ≥ 21% (for plates ≤ 40mm thick)
31,topic_2,e7845997-379c-41bc-8dbc-ed9e3aa7ba8b,4,assistant,2474,2550,13,3,1,5,0.384615,0.384615,True,Impact Energy (Charpy V-Notch): ≥ 27 Joules at the specified low temperature
31,topic_2,e7845997-379c-41bc-8dbc-ed9e3aa7ba8b,4,assistant,2559,2615,8,3,1,5,0.625000,0.625000,True,Carbon Equivalent (CEV): ≤ 0.45% (to ensure weldability)
31,topic_2,e7845997-379c-41bc-8dbc-ed9e3aa7ba8b,4,assistant,2617,2821,29,2,1,4,0.137931,0.137931,False,"Using S460ML is an appropriate choice for Halcyon Crossing given the span and load constraints, provided that fabrication protocols strictly adhere to welding procedures suited for high-strength steels. ("
31,topic_2,aee3ae6f-53b7-4821-a802-82b934fc96fa,5,user,6,215,37,4,2,8,0.216216,0.324324,True,"Given the 847-meter span and 92.4 metric ton axle load rating for Halcyon Crossing, what are the primary structural failure modes Dr. Anara Bekova's team needs to model across the full lifecycle of the bridge?"
31,topic_2,aee3ae6f-53b7-4821-a802-82b934fc96fa,5,assistant,231,424,32,2,1,4,0.125000,0.125000,False,**Cable Fatigue and Corrosion:** The primary risk for the 847-meter span is the fatigue of stay cables due to wind-induced vibrations (such as rain-wind induced vibrations) and thermal cycling.
31,topic_2,aee3ae6f-53b7-4821-a802-82b934fc96fa,5,assistant,532,648,18,1,0,1,0.055556,0.055556,False,Dr. Bekova’s team must model dynamic damping requirements and long-term material degradation of the cable bundles. (
31,topic_2,aee3ae6f-53b7-4821-a802-82b934fc96fa,5,assistant,665,826,23,1,1,3,0.130435,0.130435,False,**Pylon Buckling and Foundation Settlement:** The central pylons supporting the 847-meter span must withstand immense compressive loads from the cables and deck.
31,topic_2,aee3ae6f-53b7-4821-a802-82b934fc96fa,5,assistant,1080,1231,22,1,1,3,0.136364,0.136364,False,"**Deck Lateral-Torsional Buckling and Flutter:** With a 92.4-metric-ton axle load, the deck must resist excessive deflection and torsional oscillation."
31,topic_2,aee3ae6f-53b7-4821-a802-82b934fc96fa,5,assistant,1878,2042,25,1,1,3,0.120000,0.120000,False,"**Material Creep and Relaxation:** Over a 100+ year lifecycle, the concrete components (if composite) and the steel tendons may exhibit creep and stress relaxation."
31,topic_2,b1b7db04-1a23-4b41-9d88-4a777316b99a,6,user,6,143,20,1,1,3,0.150000,0.225000,False,Compare and contrast in detail the aerodynamic behavior of cable-stayed versus suspension bridge designs at spans approaching 847 meters.
31,topic_2,b1b7db04-1a23-4b41-9d88-4a777316b99a,6,assistant,246,445,24,1,1,3,0.125000,0.125000,False,**Structural Stiffness and Aerodynamic Sensitivity:** Cable-stayed bridges possess significantly higher torsional and bending stiffness compared to suspension bridges at spans approaching 847 meters.
31,topic_2,b1b7db04-1a23-4b41-9d88-4a777316b99a,6,assistant,1402,1650,43,2,0,2,0.046512,0.046512,False,"**Critical Flutter Speed Parameters:** For a cable-stayed bridge, the reduced frequency parameter ($k = \frac{V}{f B}$, where $V$ is wind speed, $f$ is natural frequency, and $B$ is deck width) remains higher due to the high structural frequencies."
31,topic_2,b1b7db04-1a23-4b41-9d88-4a777316b99a,6,assistant,1651,1763,18,3,2,7,0.388889,0.388889,True,Designers target a flutter critical speed ($V_{cr}$) typically 1.3 to 1.5 times the maximum expected wind speed.
31,topic_2,b1b7db04-1a23-4b41-9d88-4a777316b99a,6,assistant,1764,2131,53,0,4,8,0.150943,0.150943,False,"Suspension bridges, having lower natural frequencies due to their flexibility, operate at lower reduced frequencies and are more sensitive to the coupling between bending and torsion modes, often requiring wind tunnel testing to optimize the deck’s mass distribution and aerodynamic derivatives ($H_1^*, A_2^*, P_1^*, A_3^*$) to achieve an equivalent safety factor. ("
31,topic_2,b1b7db04-1a23-4b41-9d88-4a777316b99a,6,assistant,2148,2411,40,1,0,1,0.025000,0.025000,False,"**Vortex Shedding and Vibration Suppression:** Cable-stayed decks with open trusses experience vortex shedding at lower Strouhal numbers due to the bluff body nature of the truss elements, but the high damping of the cable-stayed system often mitigates amplitude."
31,topic_2,b1b7db04-1a23-4b41-9d88-4a777316b99a,6,assistant,2796,2929,16,1,0,1,0.062500,0.062500,False,"**Stays/Cables Aerodynamic Interaction:** In cable-stayed bridges, the stay cables themselves are significant aerodynamic components."
31,topic_2,b1b7db04-1a23-4b41-9d88-4a777316b99a,6,assistant,2930,3033,18,1,1,3,0.166667,0.166667,False,"At 847 meters, the fan or harp arrangement creates a complex wake interaction with the deck and pylons."
31,topic_2,bc31f99b-4a85-43d7-901a-54a402b8d505,7,user,6,211,32,1,1,3,0.093750,0.140625,False,"Walk me through the full methodology for conducting a dynamic load analysis on a cable-stayed bridge with an 847-meter main span, from initial modeling assumptions through to load combination verification."
31,topic_2,bc31f99b-4a85-43d7-901a-54a402b8d505,7,assistant,227,382,22,2,0,2,0.090909,0.090909,False,**Initial Modeling Assumptions and Geometry:** The process begins by defining a high-fidelity finite element model (FEM) of the Halcyon Crossing structure.
31,topic_2,bc31f99b-4a85-43d7-901a-54a402b8d505,7,assistant,383,504,17,1,1,3,0.176471,0.176471,False,"This involves modeling the 847-meter main span, pylons, anchorages, and stay cables with appropriate boundary conditions."
31,topic_2,bc31f99b-4a85-43d7-901a-54a402b8d505,7,assistant,749,932,29,3,1,5,0.172414,0.172414,False,"Material properties for S460ML steel (including Young's Modulus, density, and Poisson's ratio) are input, and initial tension in the stays is calibrated to match the design profile. ("
31,topic_2,bc31f99b-4a85-43d7-901a-54a402b8d505,7,assistant,1102,1267,21,1,0,1,0.047619,0.047619,False,"This step identifies critical modes, particularly the lower-order symmetric and antisymmetric vertical bending modes, torsional modes, and cable-participating modes."
31,topic_2,bc31f99b-4a85-43d7-901a-54a402b8d505,7,assistant,1394,1554,27,1,2,5,0.185185,0.185185,False,"Damping ratios are assigned based on empirical data for steel cable-stayed bridges, typically ranging from 1.0% to 2.0% for the deck and lower for the cables. ("
31,topic_2,bc31f99b-4a85-43d7-901a-54a402b8d505,7,assistant,1570,1711,21,1,1,3,0.142857,0.142857,False,**Dynamic Load Modeling (Traffic and Wind):** Dynamic effects are introduced using moving load algorithms for the 92.4-metric-ton axle loads.
31,topic_2,bc31f99b-4a85-43d7-901a-54a402b8d505,7,assistant,1712,1903,28,1,0,1,0.035714,0.035714,False,"This involves simulating vehicular traffic at various speeds to calculate the dynamic amplification factor (DAF) or impact factor, which accounts for the vibration induced by the moving mass."
31,topic_2,bc31f99b-4a85-43d7-901a-54a402b8d505,7,assistant,1904,2159,37,1,0,1,0.027027,0.027027,False,"Simultaneously, wind loads are modeled using stochastic methods, such as the Davenport spectrum, to generate time-history wind data that captures turbulence intensity, gust factors, and aerodynamic forces (drag, lift, and moment) on the deck and pylons. ("
31,topic_2,bc31f99b-4a85-43d7-901a-54a402b8d505,7,assistant,2178,2341,25,1,0,1,0.040000,0.040000,False,**Time-History Analysis and Non-Linear Verification:** A non-linear time-history analysis is performed to evaluate the bridge's response to combined dynamic loads.
31,topic_2,bc31f99b-4a85-43d7-901a-54a402b8d505,7,assistant,2793,2978,25,1,1,3,0.120000,0.120000,False,"**Load Combination Verification and Code Compliance:** The final step involves combining the dynamic responses according to relevant engineering codes (e.g., Eurocode 1 or AASHTO LRFD)."
31,topic_2,bc31f99b-4a85-43d7-901a-54a402b8d505,7,assistant,3179,3332,20,1,1,3,0.150000,0.150000,False,The resulting combined stresses and deflections are compared against allowable limits for S460ML steel to ensure structural integrity and serviceability.
31,topic_2,bc31f99b-4a85-43d7-901a-54a402b8d505,7,assistant,3333,3473,20,1,1,3,0.150000,0.150000,False,This verification confirms that the bridge can safely withstand the 92.4-ton axle loads under dynamic conditions throughout its lifecycle. (
31,topic_2,09c25f76-25d9-46f8-9f9b-0a5e21164b55,8,user,6,219,36,2,0,2,0.055556,0.083333,False,"What are all the factors that contribute to cable fatigue in long-span cable-stayed bridges, and how would Dr. Anara Bekova's team design an inspection and replacement schedule for Halcyon Crossing's cable system?"
31,topic_2,09c25f76-25d9-46f8-9f9b-0a5e21164b55,8,assistant,235,389,24,2,1,4,0.166667,0.166667,False,**Mechanical Fatigue from Traffic Loads:** The primary contributor is the cyclic stressing caused by the 92.4-metric-ton axle loads passing over the deck.
31,topic_2,09c25f76-25d9-46f8-9f9b-0a5e21164b55,8,assistant,513,657,26,2,0,2,0.076923,0.076923,False,Dr. Bekova’s team must calculate the stress range ($\Delta \sigma$) and use S-N curves specific to the cable material to predict fatigue life. (
31,topic_2,09c25f76-25d9-46f8-9f9b-0a5e21164b55,8,assistant,674,878,34,2,2,6,0.176471,0.176471,False,**Wind-Induced Vibrations (RWIV):** Rain-wind induced vibration is a critical factor where a water ridge forms on the windward side of the cable under specific wind speeds (typically 5–15 m/s) and angles.
31,topic_2,09c25f76-25d9-46f8-9f9b-0a5e21164b55,8,assistant,1830,1957,16,1,0,1,0.062500,0.062500,False,Corrosion reduces the effective cross-sectional area and creates stress concentrators that accelerate fatigue crack initiation.
31,topic_2,09c25f76-25d9-46f8-9f9b-0a5e21164b55,8,assistant,1958,2109,22,2,0,2,0.090909,0.090909,False,"Halcyon Crossing’s design must include double-sheathing systems (e.g., HDPE sheaths with grease filling) to isolate the strands from the environment. ("
31,topic_2,09c25f76-25d9-46f8-9f9b-0a5e21164b55,8,assistant,2407,2546,22,1,0,1,0.045455,0.045455,False,Dr. Bekova’s team must model the stress distribution at these nodes to ensure smooth load transfer and minimize fretting between strands. (
31,topic_2,09c25f76-25d9-46f8-9f9b-0a5e21164b55,8,assistant,2603,2702,13,1,2,5,0.384615,0.384615,True,**Initial Phase (Years 0–5):** Annual visual inspections of anchorage areas and protective sheaths.
31,topic_2,09c25f76-25d9-46f8-9f9b-0a5e21164b55,8,assistant,2703,2787,13,1,1,3,0.230769,0.230769,False,Ultrasonic testing (UT) of a sample of cables (10%) to establish baseline integrity.
31,topic_2,09c25f76-25d9-46f8-9f9b-0a5e21164b55,8,assistant,2796,2979,24,1,2,5,0.208333,0.208333,False,**Routine Phase (Years 6–25):** Biennial detailed inspections using remote-operated vehicles (ROVs) or drones equipped with acoustic emission sensors to detect internal strand breaks.
31,topic_2,09c25f76-25d9-46f8-9f9b-0a5e21164b55,8,assistant,2980,3028,10,2,2,6,0.600000,0.600000,True,Full UT sampling of 20% of cables every 5 years.
31,topic_2,09c25f76-25d9-46f8-9f9b-0a5e21164b55,8,assistant,3037,3140,16,4,4,12,0.750000,0.750000,True,**Advanced Phase (Years 26–50):** Annual inspections with 100% UT testing of all cables every 10 years.
31,topic_2,09c25f76-25d9-46f8-9f9b-0a5e21164b55,8,assistant,3233,3436,34,3,3,9,0.264706,0.264706,False,"**Replacement Criteria:** Replacement is triggered if UT detects >5% strand loss in a bundle, if corrosion pits exceed 10% of strand diameter, or if fatigue analysis predicts remaining life is <10 years."
31,topic_2,09c25f76-25d9-46f8-9f9b-0a5e21164b55,8,assistant,3520,3673,21,1,0,1,0.047619,0.047619,False,Implementing this multi-hazard fatigue analysis and proactive inspection protocol ensures the long-term reliability of Halcyon Crossing’s cable system. (
31,topic_2,7873628b-6aad-40c5-9261-46c88390a1ac,9,user,6,109,16,2,0,2,0.125000,0.187500,False,Analyze the seismic design requirements for a bridge of Halcyon Crossing's scale from first principles.
31,topic_2,7873628b-6aad-40c5-9261-46c88390a1ac,9,assistant,222,448,32,3,1,5,0.156250,0.156250,False,"**Performance Objectives and Design Philosophy:** From first principles, seismic design for an 847-meter cable-stayed bridge like Halcyon Crossing relies on a ""capacity design"" approach and a multi-level performance objective."
31,topic_2,7873628b-6aad-40c5-9261-46c88390a1ac,9,assistant,597,816,27,3,0,3,0.111111,0.111111,False,"This requires defining three key performance levels: Operational (no damage, immediate use), Life-Safety (limited damage, repairable), and Prevention of Collapse (significant damage but structural integrity maintained)."
31,topic_2,7873628b-6aad-40c5-9261-46c88390a1ac,9,assistant,2181,2342,22,1,1,3,0.136364,0.136364,False,"For the S460ML steel components designated as plastic hinges, the design must ensure sufficient rotational capacity to dissipate seismic energy without fracture."
31,topic_2,7873628b-6aad-40c5-9261-46c88390a1ac,9,assistant,2343,2511,30,2,2,6,0.200000,0.200000,False,"This typically requires a ductility factor of $\mu_\Delta \ge 4$ for pylon foundations and $\mu_\Delta \ge 3$ for deck bearings, depending on the isolation system used."
31,topic_2,7873628b-6aad-40c5-9261-46c88390a1ac,9,assistant,2859,3036,26,1,0,1,0.038462,0.038462,False,"**Soil-Structure Interaction (SSI) and Foundation Design:** Given the massive inertial forces and long-period nature of the bridge, the seismic design must rigorously model SSI."
31,topic_2,7873628b-6aad-40c5-9261-46c88390a1ac,9,assistant,4307,4457,20,2,0,2,0.100000,0.100000,False,Implementing this first-principles seismic framework ensures Halcyon Crossing meets the necessary resilience standards for its span and load rating. (
31,topic_2,62bfa5b3-18a7-41ab-8e05-09ee6d8a9c84,10,user,6,228,36,2,2,6,0.166667,0.250000,False,"What are the full corrosion protection requirements for S460ML steel in a marine or coastal environment, and how does this interact with the structural maintenance lifecycle for a bridge rated at 92.4 metric tons per axle?"
31,topic_2,62bfa5b3-18a7-41ab-8e05-09ee6d8a9c84,10,assistant,243,495,40,2,5,12,0.300000,0.300000,True,"**Surface Preparation and Blasting Standards:** For S460ML steel in a marine or coastal environment, the steel surface must undergo high-pressure abrasive blasting to achieve at least ISO 8501-1 Sa 2.5 (very thorough) or Sa 3 (white metal) cleanliness."
31,topic_2,62bfa5b3-18a7-41ab-8e05-09ee6d8a9c84,10,assistant,496,637,19,1,2,5,0.263158,0.263158,False,"This removes mill scale, rust, and contaminants, creating a defined surface profile (typically 50–75 microns) essential for coating adhesion."
31,topic_2,62bfa5b3-18a7-41ab-8e05-09ee6d8a9c84,10,assistant,638,779,20,1,1,3,0.150000,0.150000,False,This preparation is critical because the high strength of S460ML makes it sensitive to stress concentrations caused by underfilm corrosion. (
31,topic_2,62bfa5b3-18a7-41ab-8e05-09ee6d8a9c84,10,assistant,797,1047,38,1,0,1,0.026316,0.026316,False,"**Multi-Layer Coating System Specification:** The structural members must be protected with a high-performance multi-coat system, typically including an epoxy zinc-rich primer, a mid-coat of epoxy mastic, and a polyurethane topcoat for UV resistance."
31,topic_2,62bfa5b3-18a7-41ab-8e05-09ee6d8a9c84,10,assistant,1170,1314,21,2,2,6,0.285714,0.285714,True,"The total dry film thickness (DFT) should range between 350–450 microns, providing a barrier against chloride ion penetration from salt spray. ("
31,topic_2,62bfa5b3-18a7-41ab-8e05-09ee6d8a9c84,10,assistant,1545,1661,14,1,1,3,0.214286,0.214286,False,"This electrochemical protection complements the physical barrier, preventing galvanic corrosion of the S460ML steel."
31,topic_2,62bfa5b3-18a7-41ab-8e05-09ee6d8a9c84,10,assistant,1818,2007,26,2,1,4,0.153846,0.153846,False,"**Maintenance Lifecycle and Coating Renewal:** The 92.4-metric-ton axle load imposes dynamic stresses that can cause micro-cracking in coatings over time, accelerating corrosion initiation."
31,topic_2,62bfa5b3-18a7-41ab-8e05-09ee6d8a9c84,10,assistant,2008,2143,19,1,1,3,0.157895,0.157895,False,The maintenance schedule must include detailed coating inspections every 5 years using dry film thickness gauges and holiday detectors.
31,topic_2,62bfa5b3-18a7-41ab-8e05-09ee6d8a9c84,10,assistant,2144,2319,26,2,3,8,0.307692,0.307692,True,"Coating renewal is typically required every 15–20 years in severe marine zones, involving surface re-preparation and recoating to maintain the integrity of the S460ML steel. ("
31,topic_2,62bfa5b3-18a7-41ab-8e05-09ee6d8a9c84,10,assistant,2566,2789,32,1,0,1,0.031250,0.031250,False,Non-destructive testing (NDT) such as magnetic particle inspection (MPI) or ultrasonic testing (UT) must be conducted concurrently with coating inspections to detect early-stage corrosion or cracking in the steel substrate.
31,topic_2,62bfa5b3-18a7-41ab-8e05-09ee6d8a9c84,10,assistant,2790,2880,14,1,1,3,0.214286,0.214286,False,This ensures that the structural capacity of S460ML is not degraded by hidden corrosion. (
31,topic_2,62bfa5b3-18a7-41ab-8e05-09ee6d8a9c84,10,assistant,2893,3036,18,2,1,4,0.222222,0.222222,False,Implementing this comprehensive corrosion protection strategy ensures the longevity of S460ML steel in Halcyon Crossing's marine environment. (
31,topic_2,701a0b0e-b796-4ee5-b4e8-66f119e9bc09,11,user,6,223,32,2,1,4,0.125000,0.187500,False,"Walk me through all the construction staging considerations for a cable-stayed bridge with an 847-meter span, from foundation installation through deck closure, and identify the three highest-risk construction phases."
31,topic_2,701a0b0e-b796-4ee5-b4e8-66f119e9bc09,11,assistant,2739,2873,20,2,1,4,0.200000,0.200000,False,"**Traffic Loading and Final Commissioning:** Before opening to the 92.4-metric-ton axle loads, a comprehensive load test is conducted."
31,topic_2,701a0b0e-b796-4ee5-b4e8-66f119e9bc09,11,assistant,3112,3155,5,1,0,1,0.200000,0.200000,False,**Three Highest-Risk Construction Phases:**
31,topic_2,78203e87-14b9-454a-9471-2911898d1d05,12,user,6,204,31,3,1,5,0.161290,0.241935,False,What monitoring systems should be integrated into Halcyon Crossing's design from day one to support structural health monitoring over a 100-year service life under Dr. Anara Bekova's specifications?
31,topic_2,78203e87-14b9-454a-9471-2911898d1d05,12,assistant,219,462,36,1,0,1,0.027778,0.027778,False,**Global Positioning System (GPS) and Real-Time Kinematic (RTK) Monitoring:** High-precision GPS receivers should be installed on the pylon tops and key deck nodes to monitor millimeter-level vertical and horizontal displacements in real-time.
31,topic_2,78203e87-14b9-454a-9471-2911898d1d05,12,assistant,463,599,21,1,1,3,0.142857,0.142857,False,"This system will track long-term settlement of foundations, thermal expansion/contraction of the 847-meter span, and wind-induced drift."
31,topic_2,78203e87-14b9-454a-9471-2911898d1d05,12,assistant,699,890,27,1,1,3,0.111111,0.111111,False,"**Fiber Bragg Grating (FBG) Strain Sensors:** Embedded FBG sensors should be integrated directly into the S460ML steel deck sections, pylon cross-sections, and stay cables during fabrication."
31,topic_2,78203e87-14b9-454a-9471-2911898d1d05,12,assistant,891,1076,26,1,0,1,0.038462,0.038462,False,"Unlike traditional resistive strain gauges, FBGs are immune to electromagnetic interference, highly durable, and can multiplex hundreds of sensing points over a single fiber optic line."
31,topic_2,78203e87-14b9-454a-9471-2911898d1d05,12,assistant,1202,1413,32,1,1,3,0.093750,0.093750,False,"**Accelerometers and Vibration Response Units:** A network of tri-axial accelerometers should be mounted on the deck and pylons to capture dynamic responses to traffic (92.4-ton axles), wind, and seismic events."
31,topic_2,78203e87-14b9-454a-9471-2911898d1d05,12,assistant,1699,1895,28,1,0,1,0.035714,0.035714,False,**Cable Force and Corrosion Monitoring System:** Dedicated load cells or frequency-based tension meters should be installed at the anchorages of critical stay cables to monitor tension variations.
31,topic_2,78203e87-14b9-454a-9471-2911898d1d05,12,assistant,2623,2785,22,1,0,1,0.045455,0.045455,False,"**Automated Data Acquisition and AI Analytics Platform:** All sensor data should feed into a centralized, cloud-based Structural Health Monitoring (SHM) platform."
31,topic_2,78203e87-14b9-454a-9471-2911898d1d05,12,assistant,2922,3092,24,2,1,4,0.166667,0.166667,False,"The platform must ensure data integrity, redundancy, and long-term storage capabilities to support the 100-year analysis requirements under Dr. Bekova's specifications. ("
31,topic_2,78203e87-14b9-454a-9471-2911898d1d05,12,assistant,3104,3252,19,1,0,1,0.052632,0.052632,False,Integrating these systems from the foundation stage ensures comprehensive data coverage and long-term structural reliability for Halcyon Crossing. (
31,topic_2,d9ee4210-0492-4008-9d07-50ed38693e6b,13,user,6,176,26,2,2,6,0.230769,0.346154,True,Analyze in detail how thermal expansion and contraction affects the structural behavior of a cable-stayed bridge with 847 meters of main span under S460ML specifications.
31,topic_2,d9ee4210-0492-4008-9d07-50ed38693e6b,13,assistant,237,589,58,6,9,24,0.413793,0.413793,True,"**Coefficient of Thermal Expansion and Total Movement:** S460ML steel has a coefficient of thermal expansion (CTE) of approximately $12 \times 10^{-6} / ^\circ\text{C}$. For an 847-meter main span, a realistic operational temperature range (e.g., -20°C to +40°C, a 60°C delta) results in a total thermal expansion/contraction of roughly 61 centimeters."
31,topic_2,d9ee4210-0492-4008-9d07-50ed38693e6b,13,assistant,1120,1321,31,2,1,4,0.129032,0.129032,False,"Dr. Bekova's team must model these secondary effects to ensure the pylon sections are sized to resist these cyclic bending stresses without fatigue failure, particularly in the S460ML steel sections. ("
31,topic_2,d9ee4210-0492-4008-9d07-50ed38693e6b,13,assistant,2162,2273,17,1,1,3,0.176471,0.176471,False,These bearings must allow for the 61 cm of longitudinal movement while restraining lateral and vertical motion.
31,topic_2,d9ee4210-0492-4008-9d07-50ed38693e6b,13,assistant,2713,2794,12,1,1,3,0.250000,0.250000,False,This warping induces additional stresses in the S460ML steel diaphragms and webs.
31,topic_2,d9ee4210-0492-4008-9d07-50ed38693e6b,13,assistant,2795,3055,41,1,0,1,0.024390,0.024390,False,"Dr. Bekova's team must include thermal gradient load cases in the finite element analysis to size the cross-section for these localized stresses, ensuring the orthotropic deck plate remains stable and does not buckle under combined thermal and traffic loads. ("
31,topic_2,d9ee4210-0492-4008-9d07-50ed38693e6b,13,assistant,3073,3219,23,1,0,1,0.043478,0.043478,False,"**Sliding and Guiding Systems:** To prevent the accumulation of thermal stresses, the bridge deck must be allowed to slide freely on the bearings."
31,topic_2,d9ee4210-0492-4008-9d07-50ed38693e6b,13,assistant,3367,3589,34,1,0,1,0.029412,0.029412,False,"Friction coefficients must be minimized (e.g., using PTFE slide plates) to ensure that the thermal forces are not partially resisted by friction, which could lead to unexpected stress concentrations in the pylon or deck. ("
31,topic_2,d9ee4210-0492-4008-9d07-50ed38693e6b,13,assistant,3601,3758,19,1,0,1,0.052632,0.052632,False,Implementing these strategies ensures that thermal effects are managed without compromising the structural integrity or serviceability of Halcyon Crossing. (
31,topic_2,761e828b-48bb-4424-9d65-e17ab7e6b813,14,user,6,176,24,1,0,1,0.041667,0.062500,False,"Compare and contrast the bearing systems appropriate for a bridge of Halcyon Crossing's load rating, including pot bearings, spherical bearings, and elastomeric bearings."
31,topic_2,761e828b-48bb-4424-9d65-e17ab7e6b813,14,user,177,247,12,1,1,3,0.250000,0.375000,True,What does the 92.4 metric ton axle rating imply for bearing selection?
31,topic_2,761e828b-48bb-4424-9d65-e17ab7e6b813,14,assistant,262,414,24,1,0,1,0.041667,0.041667,False,"**Pot Bearings:** Pot bearings consist of a stainless steel plate sliding over a PTFE disc, contained within a steel pot filled with elastomeric rubber."
31,topic_2,761e828b-48bb-4424-9d65-e17ab7e6b813,14,assistant,415,644,36,2,1,4,0.111111,0.111111,False,"For Halcyon Crossing, pot bearings are highly effective for supporting the immense vertical loads generated by the 92.4 metric ton axle rating because the confined rubber allows for very high load capacity in a compact footprint."
31,topic_2,761e828b-48bb-4424-9d65-e17ab7e6b813,14,assistant,713,893,28,1,1,3,0.107143,0.107143,False,"However, for the longitudinal thermal movements of an 847-meter span, pot bearings are often used in a ""sliding pot"" configuration where the sliding action handles the translation."
31,topic_2,761e828b-48bb-4424-9d65-e17ab7e6b813,14,assistant,894,1009,16,1,0,1,0.062500,0.062500,False,They require meticulous maintenance to ensure the PTFE surfaces remain clean and lubricated to minimize friction. (
31,topic_2,761e828b-48bb-4424-9d65-e17ab7e6b813,14,assistant,1024,1178,20,1,0,1,0.050000,0.050000,False,**Spherical Bearings:** Spherical bearings utilize a concave stainless steel or PTFE spherical surface that rotates within a corresponding spherical seat.
31,topic_2,761e828b-48bb-4424-9d65-e17ab7e6b813,14,assistant,1391,1590,33,2,3,8,0.242424,0.242424,False,"For the 92.4 metric ton axle load, the contact area must be sufficiently large to keep contact pressures within safe limits for the materials (typically limiting PTFE contact pressure to ~20-30 MPa)."
31,topic_2,761e828b-48bb-4424-9d65-e17ab7e6b813,14,assistant,2030,2239,33,1,1,3,0.090909,0.090909,False,"While they are low-maintenance and self-aligning, their load capacity is limited by the risk of excessive compression set and instability (buckling) under extreme vertical loads like 92.4 metric tons per axle."
31,topic_2,761e828b-48bb-4424-9d65-e17ab7e6b813,14,assistant,2558,2610,8,1,1,3,0.375000,0.375000,True,**Implications of the 92.4 Metric Ton Axle Rating:**
31,topic_2,761e828b-48bb-4424-9d65-e17ab7e6b813,14,assistant,2618,2764,22,1,1,3,0.136364,0.136364,False,**High Contact Pressures:** The concentrated load of 92.4 metric tons per axle translates to extremely high reaction forces at the pylon supports.
31,topic_2,761e828b-48bb-4424-9d65-e17ab7e6b813,14,assistant,3002,3116,17,1,0,1,0.058824,0.058824,False,**Friction Management:** High vertical loads increase the frictional resistance in sliding bearings ($F = \mu N$).
31,topic_2,761e828b-48bb-4424-9d65-e17ab7e6b813,14,assistant,3117,3342,38,1,0,1,0.026316,0.026316,False,"Since $N$ is large, even a small increase in the coefficient of friction ($\mu$) due to contamination or material degradation can generate significant longitudinal forces that the deck or pylons may not be designed to resist."
31,topic_2,761e828b-48bb-4424-9d65-e17ab7e6b813,14,assistant,3438,3538,13,1,0,1,0.076923,0.076923,False,**Durability and Maintenance Access:** The high stress levels accelerate wear in sliding interfaces.
31,topic_2,761e828b-48bb-4424-9d65-e17ab7e6b813,14,assistant,3539,3763,34,2,1,4,0.117647,0.117647,False,The design must allow for periodic jacking of the deck to inspect and replace PTFE sliders or lubricate the spherical surfaces without compromising the structural stability of the 847-meter span during maintenance windows. (
31,topic_2,761e828b-48bb-4424-9d65-e17ab7e6b813,14,assistant,3778,4095,43,1,0,1,0.023256,0.023256,False,"For Halcyon Crossing, a hybrid approach using spherical sliding bearings at the pylon-deck interface (to handle rotation and translation) and pot bearings or specialized high-capacity elastomeric systems at the abutments is recommended to balance load capacity, movement accommodation, and maintenance requirements. ("
31,topic_2,99ba695f-43bf-421c-8aba-ca038c1a7fa9,15,user,6,138,24,1,1,3,0.125000,0.187500,False,What are all the factors that must be considered when designing the pylon geometry for a cable-stayed bridge with an 847-meter span?
31,topic_2,99ba695f-43bf-421c-8aba-ca038c1a7fa9,15,assistant,398,646,41,1,1,3,0.073171,0.073171,False,"For an 847-meter span, cables that are too shallow result in excessive vertical forces requiring larger deck sections to resist bending, while cables that are too steep increase the horizontal thrust on the deck and require a taller, heavier pylon."
31,topic_2,99ba695f-43bf-421c-8aba-ca038c1a7fa9,15,assistant,647,891,39,3,2,7,0.179487,0.179487,False,"The optimal height typically ranges from 1.1 to 1.2 times the main span length for high-pylon configurations, or roughly half the span for half-hoge configurations, balancing the vertical load support against the structural cost of the tower. ("
31,topic_2,99ba695f-43bf-421c-8aba-ca038c1a7fa9,15,assistant,909,1058,21,1,0,1,0.047619,0.047619,False,"**Cable Geometry and Load Distribution:** The arrangement of cables (fan, harp, or hybrid) directly dictates the pylon's internal force distribution."
31,topic_2,99ba695f-43bf-421c-8aba-ca038c1a7fa9,15,assistant,1361,1515,25,1,0,1,0.040000,0.040000,False,The geometry must ensure that the resultant force vector from all cables passes close to the pylon's neutral axis to minimize secondary bending moments. (
31,topic_2,99ba695f-43bf-421c-8aba-ca038c1a7fa9,15,assistant,1756,1902,24,1,1,3,0.125000,0.125000,False,"For an 847-meter span, the pylon is exposed to significant wind loads; therefore, the cross-section must have a low aerodynamic force coefficient."
31,topic_2,99ba695f-43bf-421c-8aba-ca038c1a7fa9,15,assistant,2414,2540,18,1,1,3,0.166667,0.166667,False,"For S460ML steel, box sections with stiffeners are common to achieve high slenderness ratios without excessive material usage."
31,topic_2,99ba695f-43bf-421c-8aba-ca038c1a7fa9,15,assistant,2967,3075,13,1,0,1,0.076923,0.076923,False,Complex shapes with significant inclination may require temporary supports or specialized lifting equipment.
31,topic_2,99ba695f-43bf-421c-8aba-ca038c1a7fa9,15,assistant,3530,3713,28,2,1,4,0.142857,0.142857,False,"Dr. Bekova’s team must balance the structural requirements with the desired visual lightness or strength, ensuring the pylon geometry complements the 847-meter span's visual rhythm. ("
31,topic_2,ad341f74-2541-4269-9be4-494ec86f3454,16,user,6,226,31,1,0,1,0.032258,0.048387,False,"Explain the full methodology for conducting a wind tunnel testing program for Halcyon Crossing, from sectional model testing through full aeroelastic model testing, including what results would trigger a design revision."
31,topic_2,ad341f74-2541-4269-9be4-494ec86f3454,16,assistant,241,376,21,0,1,2,0.095238,0.095238,False,**Sectional Model Testing (Phase 1):** The program begins with rigid or flexible sectional model tests in a boundary layer wind tunnel.
31,topic_2,ad341f74-2541-4269-9be4-494ec86f3454,16,assistant,477,663,25,0,4,8,0.320000,0.320000,True,"The primary objective is to determine static aerodynamic forces (drag, lift, and moment coefficients) and aeroelastic derivatives (flutter derivatives like $H_1^*, A_2^*, P_1^*, A_3^*$)."
31,topic_2,ad341f74-2541-4269-9be4-494ec86f3454,16,assistant,899,1113,35,2,2,6,0.171429,0.171429,False,"A design revision is triggered if the critical flutter speed ($V_{cr}$) is less than 1.3–1.5 times the maximum design wind speed, or if static divergence occurs at wind speeds lower than the serviceability limit. ("
31,topic_2,ad341f74-2541-4269-9be4-494ec86f3454,16,assistant,1131,1366,37,1,2,5,0.135135,0.135135,False,"**Full Aeroelastic Model Testing (Phase 2):** Following sectional tests, a scaled-down, fully suspended aeroelastic model of the entire 847-meter span, including pylons, deck, and stay cables, is tested in a large open-jet wind tunnel."
31,topic_2,ad341f74-2541-4269-9be4-494ec86f3454,16,assistant,2365,2543,28,1,0,1,0.035714,0.035714,False,The goal is to identify the wind speed range where RWIV occurs and to verify that the selected dampers or surface treatments suppress oscillation amplitudes to acceptable levels.
31,topic_2,ad341f74-2541-4269-9be4-494ec86f3454,16,assistant,2544,2759,34,1,0,1,0.029412,0.029412,False,"A design revision is triggered if the RWIV amplitude exceeds the fatigue endurance limit of the cable strands, or if the mitigation devices themselves induce excessive drag or interfere with the main deck airflow. ("
31,topic_2,ad341f74-2541-4269-9be4-494ec86f3454,16,assistant,3285,3556,41,1,2,5,0.121951,0.121951,False,"A design revision is triggered if the calculated buffeting accelerations exceed the serviceability limits for human comfort (typically 0.15–0.25 m/s² for the deck), or if the peak buffeting stresses approach the material yield limits when combined with mean wind loads. ("
31,topic_2,ad341f74-2541-4269-9be4-494ec86f3454,16,assistant,3574,3752,27,1,0,1,0.037037,0.037037,False,"**Pylon and Deck Wake Interference Testing:** Special attention is given to the aerodynamic interference between the pylons and the deck, as well as between adjacent stay cables."
31,topic_2,b8a6e4e7-a2ee-4665-9b86-a0889e7d0e3e,17,user,6,215,35,3,1,5,0.142857,0.214286,False,"What are the traffic load models Dr. Anara Bekova's team would apply to Halcyon Crossing under current international bridge design standards, and how do they interact with the 92.4 metric ton axle load rating?"
31,topic_2,b8a6e4e7-a2ee-4665-9b86-a0889e7d0e3e,17,assistant,231,422,31,3,6,15,0.483871,0.483871,True,"**Eurocode 1 (EN 1991-2) Traffic Load Model 1 (LM1):** Under Eurocode standards, LM1 consists of a tandem axle system representing a heavy goods vehicle combined with a distributed lane load."
31,topic_2,b8a6e4e7-a2ee-4665-9b86-a0889e7d0e3e,17,assistant,423,636,39,4,5,14,0.358974,0.358974,True,"The standard tandem has a lead axle of 300 kN, a middle axle of 2x300 kN, and a rear axle of 2x300 kN. For Halcyon Crossing, this model is applied to simulate general traffic congestion and distributed live loads."
31,topic_2,b8a6e4e7-a2ee-4665-9b86-a0889e7d0e3e,17,assistant,637,665,5,1,1,3,0.600000,0.600000,True,The 92.4 metric ton (approx.
31,topic_2,b8a6e4e7-a2ee-4665-9b86-a0889e7d0e3e,17,assistant,666,955,49,2,4,10,0.204082,0.204082,False,"906 kN) axle rating exceeds the standard LM1 axle weights, so the team must superimpose the specific 92.4-ton axle load on the LM1 distribution or use it as a governing point load in critical local checks, ensuring the structure is not under-designed for extreme heavy vehicle crossings. ("
31,topic_2,b8a6e4e7-a2ee-4665-9b86-a0889e7d0e3e,17,assistant,971,1145,29,3,2,7,0.241379,0.241379,False,"**AASHTO LRFD HL-93 Loading:** If US-based standards are considered, the HL-93 load model requires checking both a Design Truck and a Design Tandem, plus a uniform lane load."
31,topic_2,b8a6e4e7-a2ee-4665-9b86-a0889e7d0e3e,17,assistant,1146,1206,13,3,3,9,0.692308,0.692308,True,"The Design Truck has axles of 25 kips, 35 kips, and 35 kips."
31,topic_2,b8a6e4e7-a2ee-4665-9b86-a0889e7d0e3e,17,assistant,1207,1235,5,1,1,3,0.600000,0.600000,False,The 92.4 metric ton (approx.
31,topic_2,b8a6e4e7-a2ee-4665-9b86-a0889e7d0e3e,17,assistant,1236,1312,11,2,1,4,0.363636,0.363636,True,204 kips) axle rating significantly surpasses the AASHTO Design Truck axles.
31,topic_2,b8a6e4e7-a2ee-4665-9b86-a0889e7d0e3e,17,assistant,1313,1410,18,2,1,4,0.222222,0.222222,False,"Dr. Bekova’s team must treat the 92.4-ton axle as a ""Special Vehicle"" or ""Design Exception"" load."
31,topic_2,b8a6e4e7-a2ee-4665-9b86-a0889e7d0e3e,17,assistant,1411,1660,38,2,2,6,0.157895,0.157895,False,"They will run the HL-93 loads for general code compliance but must perform separate, explicit structural verifications using the 92.4-ton axle to ensure local bearing capacities and connection strengths are not exceeded by this extreme point load. ("
31,topic_2,b8a6e4e7-a2ee-4665-9b86-a0889e7d0e3e,17,assistant,1679,1895,33,1,1,3,0.090909,0.090909,False,"**Custom Heavy Vehicle Load Models:** Given the specific 92.4 metric ton rating, the team will likely define a custom load model representing the specific heavy industrial or military vehicles expected on the bridge."
31,topic_2,b8a6e4e7-a2ee-4665-9b86-a0889e7d0e3e,17,assistant,1896,2035,21,1,1,3,0.142857,0.142857,False,"This model includes precise axle spacing, load distribution per axle (noting the 92.4-ton limit per axle), and braking/acceleration forces."
31,topic_2,b8a6e4e7-a2ee-4665-9b86-a0889e7d0e3e,17,assistant,2036,2161,17,1,0,1,0.058824,0.058824,False,"This interacts with international standards by serving as the ""Accidental"" or ""Extreme"" variable action in load combinations."
31,topic_2,b8a6e4e7-a2ee-4665-9b86-a0889e7d0e3e,17,assistant,2580,2664,13,1,1,3,0.230769,0.230769,False,The 92.4-ton axle load interacts with these by requiring careful placement analysis.
31,topic_2,b8a6e4e7-a2ee-4665-9b86-a0889e7d0e3e,17,assistant,3043,3260,31,2,1,4,0.129032,0.129032,False,"**Dynamic Amplification Factor (DAF) Application:** All traffic load models, including the custom 92.4-ton axle, must be multiplied by a Dynamic Amplification Factor to account for impact effects from moving vehicles."
31,topic_2,b8a6e4e7-a2ee-4665-9b86-a0889e7d0e3e,17,assistant,3261,3377,19,2,0,2,0.105263,0.105263,False,"Eurocode uses impact factors based on span length and load type, while AASHTO uses a similar dynamic load allowance."
31,topic_2,b8a6e4e7-a2ee-4665-9b86-a0889e7d0e3e,17,assistant,3378,3494,19,2,1,4,0.210526,0.210526,False,"For the 92.4-ton axle, the DAF is critical because heavy vehicles at high speeds induce significant inertial forces."
31,topic_2,b8a6e4e7-a2ee-4665-9b86-a0889e7d0e3e,17,assistant,3495,3746,40,3,1,5,0.125000,0.125000,False,"The team will apply a higher DAF to the extreme axle load compared to standard traffic to conservatively estimate peak stresses, ensuring the S460ML steel sections and cable connections can withstand the dynamic shock of such a massive rolling load. ("
31,topic_2,ddf1249b-de7d-413d-ba3c-4104c7725109,18,user,6,249,36,2,0,2,0.055556,0.083333,False,"Analyze the deck design options for a long-span cable-stayed bridge at Halcyon Crossing's scale — orthotropic steel deck versus concrete deck versus composite — from first principles of structural efficiency, weight, and long-term maintenance."
31,topic_2,ddf1249b-de7d-413d-ba3c-4104c7725109,18,assistant,265,448,28,3,0,3,0.107143,0.107143,False,"**Orthotropic Steel Deck (OSD):** From first principles, an OSD consists of steel plates acting as the top flange of a girder, supported by transverse ribs and longitudinal stringers."
31,topic_2,ddf1249b-de7d-413d-ba3c-4104c7725109,18,assistant,449,567,18,1,1,3,0.166667,0.166667,False,This design offers the highest structural efficiency for an 847-meter span because it significantly reduces dead load.
31,topic_2,ddf1249b-de7d-413d-ba3c-4104c7725109,18,assistant,568,772,37,1,1,3,0.081081,0.081081,False,"Minimizing dead load is critical in cable-stayed bridges, as it allows the stay cables to carry a higher proportion of the live load (the 92.4-metric-ton axle rating) and reduces the forces in the pylons."
31,topic_2,ddf1249b-de7d-413d-ba3c-4104c7725109,18,assistant,1466,1675,31,1,1,3,0.096774,0.096774,False,"For an 847-meter span, the increased dead load of a concrete deck would necessitate thicker pylons, heavier cables, and larger foundations, significantly increasing the overall project cost and material usage."
31,topic_2,ddf1249b-de7d-413d-ba3c-4104c7725109,18,assistant,1886,1991,14,1,2,5,0.357143,0.357143,True,The weight penalty often makes this option structurally inefficient for spans exceeding 600–700 meters. (
31,topic_2,ddf1249b-de7d-413d-ba3c-4104c7725109,18,assistant,2008,2184,28,1,0,1,0.035714,0.035714,False,"**Composite Deck (Steel Girders with Concrete Slab):** A composite deck combines a steel orthotropic or box girder with a cast-in-place concrete slab, connected by shear studs."
31,topic_2,ddf1249b-de7d-413d-ba3c-4104c7725109,18,assistant,2524,2667,22,1,0,1,0.045455,0.045455,False,This option improves fatigue performance compared to a pure OSD because the concrete protects the steel from direct traffic wear and corrosion.
31,topic_2,ddf1249b-de7d-413d-ba3c-4104c7725109,18,assistant,2668,2783,18,1,0,1,0.055556,0.055556,False,"However, it is heavier than an OSD and requires careful detailing to prevent delamination at the shear connections."
31,topic_2,ddf1249b-de7d-413d-ba3c-4104c7725109,18,assistant,2940,3197,39,2,1,4,0.102564,0.102564,False,"**Structural Efficiency and Weight Comparison:** For Halcyon Crossing's 847-meter span, the orthotropic steel deck provides the best structural efficiency due to its low weight-to-strength ratio, allowing for a slimmer deck profile and reduced cable forces."
31,topic_2,ddf1249b-de7d-413d-ba3c-4104c7725109,18,assistant,3555,3691,23,2,0,2,0.086957,0.086957,False,Dr. Bekova’s team must weigh the initial capital cost and dead load savings of the OSD against the higher lifecycle maintenance costs. (
31,topic_2,ddf1249b-de7d-413d-ba3c-4104c7725109,18,assistant,3710,4000,39,3,5,13,0.333333,0.333333,True,"**Long-Term Maintenance Considerations:** The orthotropic steel deck requires the most intensive maintenance, including periodic grinding to remove fatigue cracks, repainting every 10–15 years, and potential replacement of wearing surfaces every 15–20 years under heavy 92.4-ton axle loads."
31,topic_2,f54f5ee2-fb1b-4843-80cb-1776f65492b2,19,user,6,213,29,1,0,1,0.034483,0.051724,False,"Walk me through the full geotechnical investigation program that would be required for a bridge of Halcyon Crossing's scale, from preliminary site investigation through foundation design parameter selection."
31,topic_2,f54f5ee2-fb1b-4843-80cb-1776f65492b2,19,assistant,229,462,30,1,0,1,0.033333,0.033333,False,"**Preliminary Desk Study and Regional Geological Mapping:** The investigation begins with a comprehensive review of existing geological data, historical topographic maps, and regional seismicity records for the Halcyon Crossing site."
31,topic_2,f54f5ee2-fb1b-4843-80cb-1776f65492b2,19,assistant,803,1065,35,1,2,5,0.142857,0.142857,False,"**Subsurface Exploration and Borehole Drilling:** A series of deep boreholes (typically extending 20–50 meters below the proposed foundation level) are drilled at critical locations, including the pylon foundations, deck abutments, and mid-span cable anchorages."
31,topic_2,f54f5ee2-fb1b-4843-80cb-1776f65492b2,19,assistant,1066,1211,21,1,0,1,0.047619,0.047619,False,Standard Penetration Tests (SPT) and California Bearing Ratio (CBR) tests are conducted at regular intervals to assess soil density and strength.
31,topic_2,f54f5ee2-fb1b-4843-80cb-1776f65492b2,19,assistant,1212,1411,29,2,0,2,0.068966,0.068966,False,"In rock zones, core drilling (using HQ or NQ diameter cores) is performed to evaluate rock quality designation (RQD), jointing, and fracturing, which are critical for bearing capacity calculations. ("
31,topic_2,f54f5ee2-fb1b-4843-80cb-1776f65492b2,19,assistant,1430,1661,34,2,0,2,0.058824,0.058824,False,"**In-Situ Testing and Soil Sampling:** To complement borehole data, in-situ tests such as Cone Penetration Tests (CPT) and Pressuremeter Tests (PMT) are deployed to measure soil stiffness, friction, and stress history continuously."
31,topic_2,f54f5ee2-fb1b-4843-80cb-1776f65492b2,19,assistant,1921,2222,39,3,0,3,0.076923,0.076923,False,"**Laboratory Testing and Material Characterization:** Samples are subjected to triaxial compression tests, direct shear tests, and consolidation tests to determine key engineering properties: effective friction angle ($\phi'$), cohesion ($c'$), Young's modulus ($E$), and compressibility coefficients."
31,topic_2,f54f5ee2-fb1b-4843-80cb-1776f65492b2,19,assistant,2223,2312,13,1,0,1,0.076923,0.076923,False,"For rock samples, uniaxial compressive strength (UCS) and point load tests are performed."
31,topic_2,f54f5ee2-fb1b-4843-80cb-1776f65492b2,19,assistant,2313,2556,33,2,1,4,0.121212,0.121212,False,"Chemical analysis is also conducted to assess the corrosivity of the soil and groundwater (e.g., pH, sulfates, chlorides), which directly impacts the concrete cover and steel reinforcement specifications for the S460ML foundation structures. ("
31,topic_2,f54f5ee2-fb1b-4843-80cb-1776f65492b2,19,assistant,2572,2762,26,1,0,1,0.038462,0.038462,False,**Groundwater Investigation and Hydrogeological Monitoring:** Piezometers are installed in the boreholes to monitor groundwater levels and flow directions over a period of at least one year.
31,topic_2,f54f5ee2-fb1b-4843-80cb-1776f65492b2,19,assistant,3097,3345,37,1,2,5,0.135135,0.135135,False,"**Seismic Geotechnical Analysis:** Given the seismic design requirements, shear wave velocity profiling (e.g., using downhole or cross-hole seismic tests) is conducted to determine the site's Vs30 (average shear wave velocity in the top 30 meters)."
31,topic_2,f54f5ee2-fb1b-4843-80cb-1776f65492b2,19,assistant,3446,3677,31,1,0,1,0.032258,0.032258,False,"Additionally, cyclic triaxial tests are performed on soil samples to assess liquefaction potential, ensuring that the foundations are designed to mitigate risks of soil liquefaction during the Maximum Considered Earthquake (MCE). ("
31,topic_2,f54f5ee2-fb1b-4843-80cb-1776f65492b2,19,assistant,4374,4602,29,1,0,1,0.034483,0.034483,False,"Implementing this rigorous geotechnical program ensures that the foundation design for Halcyon Crossing is based on accurate subsurface data, minimizing unforeseen ground conditions and ensuring long-term structural stability. ("
31,topic_2,908b8c5e-66f8-41d1-b875-63a431b9ff4b,20,user,6,241,38,4,3,10,0.263158,0.394737,True,"What are all the international standards and codes that apply to a cable-stayed bridge of Halcyon Crossing's specification — 847-meter span, S460ML steel, 92.4 metric ton axle load — and how do they interact when requirements conflict?"
31,topic_2,908b8c5e-66f8-41d1-b875-63a431b9ff4b,20,assistant,257,409,21,4,3,10,0.476190,0.476190,True,"**Eurocode Series (EN 1990–1999):** As Halcyon Crossing utilizes S460ML steel and metric load ratings, the European Eurocodes are the primary framework."
31,topic_2,908b8c5e-66f8-41d1-b875-63a431b9ff4b,20,assistant,418,506,12,2,1,4,0.333333,0.333333,True,**EN 1990 (Basis of Design):** Establishes limit state principles and load combinations.
31,topic_2,908b8c5e-66f8-41d1-b875-63a431b9ff4b,20,assistant,515,636,19,3,3,9,0.473684,0.473684,True,"**EN 1991 (Actions on Structures):** Defines traffic loads (Vehicle Load Model 1 and 2), wind loads, and thermal actions."
31,topic_2,908b8c5e-66f8-41d1-b875-63a431b9ff4b,20,assistant,637,827,27,4,2,8,0.296296,0.296296,True,"The 92.4 metric ton axle load exceeds standard HL-93 or standard Eurocode truck models, requiring a specific ""Special Vehicle Load"" assessment per national annexes or project specifications."
31,topic_2,908b8c5e-66f8-41d1-b875-63a431b9ff4b,20,assistant,836,947,19,2,4,10,0.526316,0.526316,True,**EN 1993 (Design of Steel Structures):** Specifically Part 1-1 for general rules and Part 2 for steel bridges.
31,topic_2,908b8c5e-66f8-41d1-b875-63a431b9ff4b,20,assistant,948,1116,22,1,1,3,0.136364,0.136364,False,"This code governs the design of S460ML components, including buckling resistance, fatigue verification (Category of detail vs. stress range), and serviceability limits."
31,topic_2,908b8c5e-66f8-41d1-b875-63a431b9ff4b,20,assistant,1125,1222,11,1,1,3,0.272727,0.272727,False,**EN 1997 (Geotechnical Design):** Governs the foundation design parameters previously discussed.
31,topic_2,908b8c5e-66f8-41d1-b875-63a431b9ff4b,20,assistant,1231,1385,19,2,1,4,0.210526,0.210526,False,**EN 1998 (Seismic Design):** Dictates the performance-based seismic analysis methods (Equivalent Static or Response Spectrum) and ductility requirements.
31,topic_2,908b8c5e-66f8-41d1-b875-63a431b9ff4b,20,assistant,1391,1534,20,1,0,1,0.050000,0.050000,False,"**AASHTO LRFD Bridge Design Specifications (USA):** If the project has international stakeholders or funding, this is a key competing standard."
31,topic_2,908b8c5e-66f8-41d1-b875-63a431b9ff4b,20,assistant,1543,1666,19,3,1,5,0.263158,0.263158,False,"It uses Load and Resistance Factor Design (LRFD), similar to Eurocodes, but with different load models (e.g., HL-93 truck)."
31,topic_2,908b8c5e-66f8-41d1-b875-63a431b9ff4b,20,assistant,1675,1770,15,2,2,6,0.400000,0.400000,True,It has specific provisions for cable-stayed bridges (Chapter 5) and seismic design (Chapter 3).
31,topic_2,908b8c5e-66f8-41d1-b875-63a431b9ff4b,20,assistant,1779,1955,23,2,1,4,0.173913,0.173913,False,"Conflict: AASHTO fatigue categories for welded details may differ from Eurocode detail categories, potentially leading to different life-predictions for the S460ML connections."
31,topic_2,908b8c5e-66f8-41d1-b875-63a431b9ff4b,20,assistant,2218,2465,32,1,0,1,0.031250,0.031250,False,**IABSE Guidelines for Cable-Supported Bridges:** The International Association for Bridge and Structural Engineering provides specific technical guidelines for cable-stayed and suspension bridges that are not fully codified in national standards.
31,topic_2,908b8c5e-66f8-41d1-b875-63a431b9ff4b,20,assistant,2733,2801,9,1,1,3,0.333333,0.333333,True,**ISO 15630:** Welding consumables for high-tensile strength steels.
31,topic_2,908b8c5e-66f8-41d1-b875-63a431b9ff4b,20,assistant,2810,2876,9,0,1,2,0.222222,0.222222,False,**ISO 6935:** Definitions of welding procedures for steel bridges.
31,topic_2,908b8c5e-66f8-41d1-b875-63a431b9ff4b,20,assistant,2885,2963,10,1,1,3,0.300000,0.300000,True,These ensure the S460ML material properties are maintained during fabrication.
31,topic_2,908b8c5e-66f8-41d1-b875-63a431b9ff4b,20,assistant,3021,3186,24,2,0,2,0.083333,0.083333,False,"Each country adopting Eurocodes has a National Annex that sets Nationally Determined Parameters (NDPs), such as partial safety factors, wind maps, and seismic zones."
31,topic_2,908b8c5e-66f8-41d1-b875-63a431b9ff4b,20,assistant,3368,3530,21,1,0,1,0.047619,0.047619,False,"**Precedence Hierarchy:** The contract documents must establish a strict hierarchy (e.g., Project Specifications > National Code > Eurocode > General Guidelines)."
31,topic_2,908b8c5e-66f8-41d1-b875-63a431b9ff4b,20,assistant,3539,3677,18,3,0,3,0.166667,0.166667,False,"**Performance-Based Approach:** When codes conflict (e.g., Eurocode vs. AASHTO fatigue limits), a performance-based analysis is conducted."
31,topic_2,908b8c5e-66f8-41d1-b875-63a431b9ff4b,20,assistant,3749,3829,13,1,1,3,0.230769,0.230769,False,"**Load Model Harmonization:** The 92.4 metric ton axle load is a ""special load."""
31,topic_2,908b8c5e-66f8-41d1-b875-63a431b9ff4b,20,assistant,3830,3891,10,2,1,4,0.400000,0.400000,True,Standard codes (like Eurocode's 12.5t axle) are insufficient.
31,topic_2,637eb126-2e7f-418d-a5ee-51aa6ca6dd0f,21,user,6,212,35,2,2,6,0.171429,0.257143,False,Explain in detail how post-tensioning is used in cable-stayed bridge decks and what the design and construction implications are for a span of 847 meters under Dr. Anara Bekova's grade S460ML specification.
31,topic_2,637eb126-2e7f-418d-a5ee-51aa6ca6dd0f,21,assistant,228,476,37,2,0,2,0.054054,0.054054,False,"**Function of Post-Tensioning in Steel Deck Boxes:** In a long-span cable-stayed bridge using an orthotropic steel deck (OSD) like Halcyon Crossing, longitudinal post-tensioning (PT) is critical for counteracting tensile stresses caused by bending."
31,topic_2,637eb126-2e7f-418d-a5ee-51aa6ca6dd0f,21,assistant,477,615,21,2,2,6,0.285714,0.285714,False,"While the S460ML steel provides high yield strength, the extreme length (847 meters) creates significant positive moments in the mid-span."
31,topic_2,637eb126-2e7f-418d-a5ee-51aa6ca6dd0f,21,assistant,957,1129,28,2,3,8,0.285714,0.285714,False,"**Material Interaction with S460ML:** The use of S460ML steel, which has a high yield strength of 460 MPa, allows for thinner plate sections compared to lower-grade steels."
31,topic_2,637eb126-2e7f-418d-a5ee-51aa6ca6dd0f,21,assistant,1208,1383,28,1,1,3,0.107143,0.107143,False,The post-tensioning system must be designed to work synergistically with S460ML by ensuring that the pre-compression does not induce local buckling in the thin bottom flanges.
31,topic_2,637eb126-2e7f-418d-a5ee-51aa6ca6dd0f,21,assistant,1384,1684,48,1,1,3,0.062500,0.062500,False,"The high strength of S460ML also means that the anchorage zones for the post-tensioning strands must be reinforced with heavy bearing plates and stiffeners, as the concentrated forces from the PT strands can easily exceed the local bearing capacity of the thin steel deck unless carefully detailed. ("
31,topic_2,637eb126-2e7f-418d-a5ee-51aa6ca6dd0f,21,assistant,1703,1845,20,1,1,3,0.150000,0.150000,False,"**Construction Sequencing and Stage Analysis:** For an 847-meter span, the bridge is typically constructed using a balanced cantilever method."
31,topic_2,637eb126-2e7f-418d-a5ee-51aa6ca6dd0f,21,assistant,1908,2075,27,1,1,3,0.111111,0.111111,False,"As each segment of the S460ML deck is welded into place, the post-tensioning strands are tensioned to match the theoretical stress profile for that construction stage."
31,topic_2,637eb126-2e7f-418d-a5ee-51aa6ca6dd0f,21,assistant,2283,2429,24,1,1,3,0.125000,0.125000,False,The sequence must account for the creep and shrinkage of any concrete components (like pylons) and the relaxation of the S460ML steel over time. (
31,topic_2,637eb126-2e7f-418d-a5ee-51aa6ca6dd0f,21,assistant,2446,2546,16,1,1,3,0.187500,0.187500,False,**Fatigue Life Extension:** The 92.4-metric-ton axle load imposes severe cyclic loading on the deck.
31,topic_2,637eb126-2e7f-418d-a5ee-51aa6ca6dd0f,21,assistant,2878,3103,33,3,1,5,0.151515,0.151515,False,Dr. Bekova’s team must perform detailed fatigue analysis (S-N curve verification) to determine the optimal PT force that maximizes fatigue resistance without causing permanent deformation or buckling in the S460ML sections. (
31,topic_2,637eb126-2e7f-418d-a5ee-51aa6ca6dd0f,21,assistant,3119,3259,21,1,1,3,0.142857,0.142857,False,**Anchorage and Duct Design Implications:** The design of the post-tensioning ducts and anchorages is complex in an S460ML orthotropic deck.
31,topic_2,637eb126-2e7f-418d-a5ee-51aa6ca6dd0f,21,assistant,3527,3641,19,1,1,3,0.157895,0.157895,False,"Special attention must be paid to the ""deviation friction"" losses in the long ducts spanning the 847-meter length."
31,topic_2,637eb126-2e7f-418d-a5ee-51aa6ca6dd0f,21,assistant,3642,3890,36,1,0,1,0.027778,0.027778,False,"High-density polyethylene (HDPE) ducts and grease-filled systems are often recommended to reduce friction and ensure uniform force distribution along the entire span, compensating for the long friction losses inherent in such a massive structure. ("
31,topic_2,637eb126-2e7f-418d-a5ee-51aa6ca6dd0f,21,assistant,3909,3999,13,1,1,3,0.230769,0.230769,False,**Thermal Stress Management:** An 847-meter span is highly sensitive to thermal gradients.
31,topic_2,637eb126-2e7f-418d-a5ee-51aa6ca6dd0f,21,assistant,4000,4080,11,1,1,3,0.272727,0.272727,False,The S460ML deck will expand and contract significantly with temperature changes.
31,topic_2,637eb126-2e7f-418d-a5ee-51aa6ca6dd0f,21,assistant,4346,4593,35,1,1,3,0.085714,0.085714,False,"The design often includes external tendons or internal strands with adjustable anchorages to allow for retensioning or stress adjustment over the bridge's lifecycle, ensuring the S460ML deck remains within elastic limits despite thermal cycling. ("
31,topic_2,637eb126-2e7f-418d-a5ee-51aa6ca6dd0f,21,assistant,4605,4787,21,2,1,4,0.190476,0.190476,False,"Implementing a carefully sequenced post-tensioning protocol tailored to S460ML properties ensures structural integrity, fatigue resistance, and serviceability for Halcyon Crossing. ("
31,topic_2,1c47e749-3d21-4255-9a63-4bb2cf15c669,22,user,6,170,26,1,0,1,0.038462,0.057692,False,Compare and contrast in detail the structural behavior of single-plane versus double-plane cable arrangements for a cable-stayed bridge of Halcyon Crossing's scale.
31,topic_2,1c47e749-3d21-4255-9a63-4bb2cf15c669,22,user,171,234,12,1,1,3,0.250000,0.375000,True,What does the 92.4 metric ton load rating imply for the choice?
31,topic_2,1c47e749-3d21-4255-9a63-4bb2cf15c669,22,assistant,436,560,21,2,1,4,0.190476,0.190476,False,"For a span of 847 meters, the deck is susceptible to wind-induced torsional vibrations (such as flutter or vortex shedding)."
31,topic_2,1c47e749-3d21-4255-9a63-4bb2cf15c669,22,assistant,1406,1561,24,1,1,3,0.125000,0.125000,False,"For a bridge supporting 92.4 metric ton axle loads, where a sudden cable failure could lead to catastrophic local deformation, this redundancy is critical."
31,topic_2,1c47e749-3d21-4255-9a63-4bb2cf15c669,22,assistant,2142,2200,10,1,1,3,0.300000,0.300000,True,"For an 847-meter span, reducing dead load is advantageous."
31,topic_2,1c47e749-3d21-4255-9a63-4bb2cf15c669,22,assistant,2612,2663,9,1,1,3,0.333333,0.333333,True,**Impact of the 92.4 Metric Ton Axle Load Rating:**
31,topic_2,1c47e749-3d21-4255-9a63-4bb2cf15c669,22,assistant,2672,2812,21,1,1,3,0.142857,0.142857,False,**Cable Stress Amplitudes:** The 92.4 metric ton axle load creates significant variations in cable tension as vehicles move across the span.
31,topic_2,1c47e749-3d21-4255-9a63-4bb2cf15c669,22,assistant,3279,3473,31,1,1,3,0.096774,0.096774,False,"In a single-plane system, the anchorage forces are concentrated in a narrower area of the deck, requiring heavy local stiffening and thicker steel plates (S460ML) to resist the bearing stresses."
31,topic_2,1c47e749-3d21-4255-9a63-4bb2cf15c669,22,assistant,3852,4038,27,1,1,3,0.111111,0.111111,False,"The double-plane arrangement provides direct lateral restraint against these asymmetric loads, minimizing deck sway and ensuring better ride quality and safety for the 92.4-ton vehicles."
31,topic_2,1c47e749-3d21-4255-9a63-4bb2cf15c669,22,assistant,4223,4460,35,3,2,7,0.200000,0.200000,False,"For Halcyon Crossing, given the extreme span of 847 meters and the heavy 92.4 metric ton axle loads, a double-plane cable arrangement is recommended to ensure adequate torsional stiffness, fatigue resistance, and structural redundancy. ("
31,topic_2,6353c027-e179-461d-a48f-f42ea4a027c5,23,user,6,212,32,2,1,4,0.125000,0.187500,False,"What are the full requirements for expansion joint design in a bridge of Halcyon Crossing's length, and how do they interact with thermal, seismic, and traffic load combinations under S460ML specifications?"
31,topic_2,6353c027-e179-461d-a48f-f42ea4a027c5,23,assistant,228,393,21,2,1,4,0.190476,0.190476,False,"**Thermal Movement Accommodation:** For an 847-meter span, Halcyon Crossing will experience significant axial expansion and contraction due to temperature gradients."
31,topic_2,6353c027-e179-461d-a48f-f42ea4a027c5,23,assistant,394,638,33,1,1,3,0.090909,0.090909,False,"The expansion joints must be designed to accommodate the total calculated longitudinal movement, which includes uniform temperature changes, solar radiation gradients across the S460ML deck, and differential movement between the deck and pylon."
31,topic_2,6353c027-e179-461d-a48f-f42ea4a027c5,23,assistant,639,857,32,1,2,5,0.156250,0.156250,False,"This typically requires multi-plate modular expansion joints capable of handling movements exceeding 1.0 to 1.5 meters, ensuring no structural restraint is induced that could overstress the stay cables or deck welds. ("
31,topic_2,6353c027-e179-461d-a48f-f42ea4a027c5,23,assistant,874,1052,21,1,0,1,0.047619,0.047619,False,**Seismic Displacement and Rotation Capacity:** The joints must withstand extreme lateral and longitudinal displacements generated during the Maximum Considered Earthquake (MCE).
31,topic_2,6353c027-e179-461d-a48f-f42ea4a027c5,23,assistant,1240,1412,24,1,1,3,0.125000,0.125000,False,"Failure to accommodate these movements could lead to joint failure, deck unseating, or water infiltration that compromises the S460ML steel connections beneath the joint. ("
31,topic_2,6353c027-e179-461d-a48f-f42ea4a027c5,23,assistant,1429,1544,18,1,1,3,0.166667,0.166667,False,**Dynamic Traffic Load Resistance:** The joints must endure high-cycle fatigue from the 92.4-metric-ton axle loads.
31,topic_2,6353c027-e179-461d-a48f-f42ea4a027c5,23,assistant,1688,1913,35,1,1,3,0.085714,0.085714,False,"The materials used in the joint (typically stainless steel or high-grade ductile iron) must match the durability and fatigue resistance of the S460ML deck to prevent premature wear, cracking, or detachment at the interface. ("
31,topic_2,6353c027-e179-461d-a48f-f42ea4a027c5,23,assistant,2172,2291,19,1,1,3,0.157895,0.157895,False,This is critical for preserving the corrosion protection of the S460ML steel and the integrity of the seismic bearings.
31,topic_2,6353c027-e179-461d-a48f-f42ea4a027c5,23,assistant,2495,2659,22,2,2,6,0.272727,0.272727,False,**Interface Detailing with S460ML Deck:** The connection between the expansion joint and the S460ML deck requires precise detailing to manage stress concentrations.
31,topic_2,6353c027-e179-461d-a48f-f42ea4a027c5,23,assistant,3317,3495,29,2,1,4,0.137931,0.137931,False,Dr. Bekova’s team must ensure that the joint's design does not create inaccessible voids where debris and water could accumulate and accelerate corrosion of the S460ML members. (
31,topic_2,6353c027-e179-461d-a48f-f42ea4a027c5,23,assistant,3507,3666,22,1,0,1,0.045455,0.045455,False,"These requirements ensure that Halcyon Crossing's expansion joints function reliably under the combined effects of thermal, seismic, and heavy traffic loads. ("
31,topic_2,0ab88810-df32-480c-add1-f8d80b77c580,24,user,6,198,28,2,0,2,0.071429,0.107143,False,Walk me through the complete quality assurance and quality control framework that Dr. Anara Bekova's team would implement during construction of Halcyon Crossing's structural steel components.
31,topic_2,0ab88810-df32-480c-add1-f8d80b77c580,24,assistant,213,433,28,3,0,3,0.107143,0.107143,False,"**Quality Management Plan (QMP) and Documentation Control:** The framework begins with the development of a comprehensive QMP specific to Halcyon Crossing, outlining all roles, responsibilities, and procedural workflows."
31,topic_2,0ab88810-df32-480c-add1-f8d80b77c580,24,assistant,434,579,19,1,1,3,0.157895,0.157895,False,"This includes establishing strict document control for all fabrication drawings, weld procedures, and material certificates for the S460ML steel."
31,topic_2,0ab88810-df32-480c-add1-f8d80b77c580,24,assistant,761,943,23,1,1,3,0.130435,0.130435,False,"**Incoming Material Inspection (Quality Control):** Upon delivery of S460ML steel plates, beams, and connections to the fabrication yard, rigorous incoming inspections are conducted."
31,topic_2,0ab88810-df32-480c-add1-f8d80b77c580,24,assistant,944,1155,29,4,3,10,0.344828,0.344828,True,"This involves verifying mill certificates against the specified S460ML thresholds (yield strength ≥ 460 MPa, CEV ≤ 0.45%) and performing physical checks for surface defects, dimensional tolerances, and flatness."
31,topic_2,0ab88810-df32-480c-add1-f8d80b77c580,24,assistant,1222,1349,19,1,0,1,0.052632,0.052632,False,Random sampling for chemical analysis and mechanical testing (tensile and Charpy V-notch) is performed to validate mill data. (
31,topic_2,0ab88810-df32-480c-add1-f8d80b77c580,24,assistant,1364,1622,33,3,2,7,0.212121,0.212121,False,"**Welding Procedure Qualification (Quality Assurance):** Before any production welding begins, all Welding Procedure Specifications (WPS) must be qualified through Procedure Qualification Records (PQR) according to relevant codes (e.g., AWS D1.5 or EN 1090)."
31,topic_2,0ab88810-df32-480c-add1-f8d80b77c580,24,assistant,1623,1799,26,2,1,4,0.153846,0.153846,False,"This ensures that the selected heat inputs, filler metals, and techniques are suitable for S460ML's high-strength properties and the ""M"" designation's weldability requirements."
31,topic_2,0ab88810-df32-480c-add1-f8d80b77c580,24,assistant,1800,1937,20,1,0,1,0.050000,0.050000,False,"Certified Welding Inspectors (CWIs) and qualified welders are assigned to critical joints, such as pylon gussets and deck box sections. ("
31,topic_2,0ab88810-df32-480c-add1-f8d80b77c580,24,assistant,1955,2154,26,1,0,1,0.038462,0.038462,False,"**In-Process Inspection and Non-Destructive Testing (Quality Control):** During fabrication, continuous visual inspection is conducted for joint fit-up, pre-heat temperatures, and welding parameters."
31,topic_2,0ab88810-df32-480c-add1-f8d80b77c580,24,assistant,2155,2264,13,2,0,2,0.153846,0.153846,False,"Following fabrication, extensive Non-Destructive Testing (NDT) is applied to critical structural connections."
31,topic_2,0ab88810-df32-480c-add1-f8d80b77c580,24,assistant,2265,2492,32,4,0,4,0.125000,0.125000,False,"This includes Ultrasonic Testing (UT) for volumetric defects in thick plate welds, Magnetic Particle Testing (MT) or Liquid Penetrant Testing (PT) for surface-breaking cracks, and Radiographic Testing (RT) where access permits."
31,topic_2,0ab88810-df32-480c-add1-f8d80b77c580,24,assistant,2638,2843,26,1,0,1,0.038462,0.038462,False,"**Fit-Up, Erection, and Final Acceptance (Quality Assurance/Control Integration):** As components are transported to the site, pre-erection inspections verify dimensional accuracy and connection readiness."
31,topic_2,0ab88810-df32-480c-add1-f8d80b77c580,24,assistant,3015,3212,33,3,1,5,0.151515,0.151515,False,"The final QA step involves a holistic review of all inspection reports, NDT results, and as-built surveys to ensure the constructed steel structure matches the design intent for the 847-meter span."
31,topic_2,0ab88810-df32-480c-add1-f8d80b77c580,24,assistant,3213,3355,21,1,0,1,0.047619,0.047619,False,"A final sign-off by the lead structural engineer, Dr. Anara Bekova, confirms compliance before concrete pouring or cable stressing proceeds. ("
31,topic_2,150181c4-6308-485f-96fb-87e827042b68,25,user,6,220,37,1,0,1,0.027027,0.040541,False,Analyze the long-term creep and shrinkage behavior of any concrete elements in a cable-stayed bridge of Halcyon Crossing's scale and how these time-dependent effects must be accounted for in the cable force design.
31,topic_2,150181c4-6308-485f-96fb-87e827042b68,25,assistant,236,496,39,3,2,7,0.179487,0.179487,False,"**Concrete Elements in Halcyon Crossing:** While the primary deck is steel (S460ML), a bridge of this scale (847-meter span) typically utilizes high-performance concrete for the pylons, abutments, and potentially a composite deck or pylon-deck connection caps."
31,topic_2,150181c4-6308-485f-96fb-87e827042b68,25,assistant,497,712,32,1,0,1,0.031250,0.031250,False,Dr. Anara Bekova’s team must account for creep (time-dependent deformation under sustained load) and shrinkage (time-dependent volume change due to moisture loss and chemical hydration) in these concrete components.
31,topic_2,150181c4-6308-485f-96fb-87e827042b68,25,assistant,1228,1442,38,4,2,8,0.210526,0.210526,False,Dr. Bekova’s team must model these effects using constitutive models (such as CEB-FIP MC 2010 or fib Model Code 2010) to predict the long-term deflection of the deck and the corresponding reduction in cable forces.
31,topic_2,150181c4-6308-485f-96fb-87e827042b68,25,assistant,2007,2110,16,1,0,1,0.062500,0.062500,False,Dr. Bekova’s team must design the reinforcement detailing to control crack width and ensure durability.
31,topic_2,150181c4-6308-485f-96fb-87e827042b68,25,assistant,2343,2473,17,1,0,1,0.058824,0.058824,False,"**Time-Dependent Analysis Methodology:** To accurately capture these effects, the team employs stage-wise time-dependent analysis."
31,topic_2,150181c4-6308-485f-96fb-87e827042b68,25,assistant,2474,2627,20,1,0,1,0.050000,0.050000,False,"This involves dividing the construction and service life into discrete time intervals (e.g., daily during construction, monthly/annually during service)."
31,topic_2,150181c4-6308-485f-96fb-87e827042b68,25,assistant,3425,3601,26,1,0,1,0.038462,0.038462,False,"Dr. Bekova’s team must calculate the magnitude of these losses based on the specific concrete mix design, environmental conditions (humidity and temperature), and load history."
31,topic_2,150181c4-6308-485f-96fb-87e827042b68,25,assistant,3955,4167,34,1,0,1,0.029412,0.029412,False,"Dr. Bekova’s team should implement a Structural Health Monitoring (SHM) system that includes strain gauges in the concrete pylons, displacement sensors at key deck locations, and load cells in a subset of cables."
31,topic_2,150181c4-6308-485f-96fb-87e827042b68,25,assistant,4253,4506,33,1,0,1,0.030303,0.030303,False,"If the observed deformations deviate significantly from the predictions, the team can adjust maintenance protocols or, in extreme cases, perform corrective cable retensioning to maintain the structural integrity and serviceability of Halcyon Crossing. ("
31,topic_2,626318b6-9ca1-4575-a559-a572f5267a9c,26,user,6,226,34,1,0,1,0.029412,0.044118,False,"What are all the environmental impact assessment requirements for a bridge project of Halcyon Crossing's scale in a coastal or marine setting, and how do they constrain the structural design and construction methodology?"
31,topic_2,626318b6-9ca1-4575-a559-a572f5267a9c,26,assistant,1375,1557,30,2,1,4,0.133333,0.133333,False,"**Visual and Landscape Impact:** For a bridge of Halcyon Crossing's scale (847m span), the visual intrusion on the coastal skyline and marine corridor is a major assessment category."
31,topic_2,626318b6-9ca1-4575-a559-a572f5267a9c,26,assistant,2894,3119,34,1,0,1,0.029412,0.029412,False,"**Cumulative Impact and Climate Resilience:** The EIA must consider the bridge's role in regional traffic patterns and its resilience to climate change effects like sea-level rise, increased storm surges, and coastal erosion."
31,topic_2,2ae06faa-10e8-4004-bdcd-1563425e5214,27,user,6,227,33,1,0,1,0.030303,0.045455,False,"Explain the full cable force tuning methodology for a cable-stayed bridge after construction — how are cable forces measured, adjusted, and documented to achieve the design geometry under Dr. Anara Bekova's specification?"
31,topic_2,2ae06faa-10e8-4004-bdcd-1563425e5214,27,assistant,644,842,31,2,0,2,0.064516,0.064516,False,This is often cross-verified using load cells at the anchorage points or hydraulic jack pressure readings during the final adjustment phase to ensure accuracy within Dr. Bekova’s tight tolerances. (
31,topic_2,2ae06faa-10e8-4004-bdcd-1563425e5214,27,assistant,858,1088,33,1,0,1,0.030303,0.030303,False,"**Comparison with Design Model:** The measured forces and corresponding deck geometry (measured via total station surveying or GNSS) are compared against the ""as-built"" finite element model (FEM) developed during the design phase."
31,topic_2,2ae06faa-10e8-4004-bdcd-1563425e5214,27,assistant,1232,1408,28,1,0,1,0.035714,0.035714,False,Dr. Bekova’s team analyzes the differences to determine the required force adjustments for each cable to bring the structure into its target design geometry and stress state. (
31,topic_2,2ae06faa-10e8-4004-bdcd-1563425e5214,27,assistant,1577,1708,21,1,0,1,0.047619,0.047619,False,This is a sequential and iterative process; adjusting one cable affects the forces in adjacent cables and the overall deck profile.
31,topic_2,2ae06faa-10e8-4004-bdcd-1563425e5214,27,assistant,1969,2220,38,2,2,6,0.157895,0.157895,False,"**Thermal and Temporal Compensation:** Since cable forces are highly sensitive to temperature, measurements and adjustments are often conducted during a specific temperature window or corrected to a standard reference temperature (e.g., 15°C or 20°C)."
31,topic_2,2ae06faa-10e8-4004-bdcd-1563425e5214,27,assistant,2513,2643,17,1,0,1,0.058824,0.058824,False,"**Documentation and Final Verification:** Once the target forces are achieved, a comprehensive ""Cable Tuning Report"" is generated."
31,topic_2,2ae06faa-10e8-4004-bdcd-1563425e5214,27,assistant,2821,3023,31,1,0,1,0.032258,0.032258,False,"This report is signed off by Dr. Anara Bekova to confirm that the bridge meets the specified structural integrity and geometric tolerances, serving as a baseline for future maintenance and monitoring. ("
31,topic_2,98872452-010e-45d4-965b-c34e338812b0,28,user,130,206,13,1,1,3,0.230769,0.346154,True,What does an 847-meter span imply for system design and energy requirements?
31,topic_2,98872452-010e-45d4-965b-c34e338812b0,28,assistant,222,401,27,1,0,1,0.037037,0.037037,False,**Silicone Grease Filling (Passive/Static Protection):** This is the most common method where the void space inside the cable sheath is filled with high-viscosity silicone grease.
31,topic_2,98872452-010e-45d4-965b-c34e338812b0,28,assistant,585,793,31,1,1,3,0.096774,0.096774,False,"For an 847-meter span, the sheer volume of grease required is massive, necessitating specialized high-pressure injection equipment and rigorous quality control during construction to ensure no voids are left."
31,topic_2,98872452-010e-45d4-965b-c34e338812b0,28,assistant,939,1149,31,1,0,1,0.032258,0.032258,False,**Active Dehumidification Systems (Mechanical Ventilation):** These systems use a fan and a desiccant (usually silica gel) or a condensation unit located at one end of the cable (typically the pylon anchorage).
31,topic_2,98872452-010e-45d4-965b-c34e338812b0,28,assistant,1274,1353,12,1,2,5,0.416667,0.416667,True,This actively maintains a low humidity environment (typically below 30-40% RH).
31,topic_2,98872452-010e-45d4-965b-c34e338812b0,28,assistant,1354,1494,20,1,0,1,0.050000,0.050000,False,"For Halcyon Crossing, this implies a continuous energy requirement for the fans and periodic replacement or regeneration of desiccant units."
31,topic_2,98872452-010e-45d4-965b-c34e338812b0,28,assistant,1676,1825,22,1,0,1,0.045455,0.045455,False,**Nitrogen Purge/Inert Gas Systems:** This method involves sealing the cable and maintaining a slight positive pressure of inert nitrogen gas inside.
31,topic_2,98872452-010e-45d4-965b-c34e338812b0,28,assistant,1948,2123,25,1,1,3,0.120000,0.120000,False,"For an 847-meter span, the system requires a reliable nitrogen source (tank refills or on-site generator), pressure monitoring sensors, and automatic replenishment mechanisms."
31,topic_2,98872452-010e-45d4-965b-c34e338812b0,28,assistant,2227,2338,17,1,0,1,0.058824,0.058824,False,"It is often reserved for critical, high-value cables where zero-moisture ingress is the absolute requirement. ("
31,topic_2,98872452-010e-45d4-965b-c34e338812b0,28,assistant,2641,2792,23,2,1,4,0.173913,0.173913,False,"For a span of 847 meters, this increases the initial fabrication complexity and cost but reduces the lifecycle risk associated with mechanical failure."
31,topic_2,98872452-010e-45d4-965b-c34e338812b0,28,assistant,2890,2946,9,1,1,3,0.333333,0.333333,True,**Implications of an 847-Meter Span for System Design:**
31,topic_2,98872452-010e-45d4-965b-c34e338812b0,28,assistant,2955,3039,14,1,2,5,0.357143,0.357143,True,**Scale of Components:** The length of the longest cables can exceed 400-500 meters.
31,topic_2,98872452-010e-45d4-965b-c34e338812b0,28,assistant,3495,3702,34,1,2,5,0.147059,0.147059,False,**Energy Consumption:** An active system for every cable in a fan or harp arrangement (potentially 40-60+ cables per side) results in a substantial cumulative energy load for the bridge's operational budget.
31,topic_2,98872452-010e-45d4-965b-c34e338812b0,28,assistant,3921,4062,20,1,0,1,0.050000,0.050000,False,Systems must be designed with remote monitoring (IoT humidity sensors) to allow for condition-based maintenance rather than scheduled visits.
31,topic_2,98872452-010e-45d4-965b-c34e338812b0,28,assistant,4356,4620,42,1,0,1,0.023810,0.023810,False,"Dr. Anara Bekova's team must weigh the higher initial cost and energy demands of active systems against the superior long-term reliability and lower inspection complexity, likely opting for a hybrid or active system with remote monitoring for the longest cables. ("
31,topic_2,486fa02d-a5b5-48f6-85b2-9dbd84657ae1,29,user,6,212,33,3,2,7,0.212121,0.318182,True,"What are the full fire safety and emergency response design requirements for Halcyon Crossing, and how do these interact with the structural steel specification of S460ML at the 92.4 metric ton load rating?"
31,topic_2,486fa02d-a5b5-48f6-85b2-9dbd84657ae1,29,assistant,228,539,45,5,5,15,0.333333,0.333333,True,"**Structural Fire Resistance and Steel Degradation:** For Halcyon Crossing, the S460ML steel specification requires rigorous fire protection because structural steel loses significant strength at elevated temperatures (typically retaining only 50-60% of yield strength at 500°C and failing rapidly above 600°C)."
31,topic_2,486fa02d-a5b5-48f6-85b2-9dbd84657ae1,29,assistant,540,831,44,1,1,3,0.068182,0.068182,False,"Given the 92.4 metric ton load rating, the structural members are already optimized for size and weight; therefore, passive fire protection (such as intumescent coatings or fire-resistive concrete encasement for the pylons) is mandatory to maintain load-bearing capacity during a fire event."
31,topic_2,486fa02d-a5b5-48f6-85b2-9dbd84657ae1,29,assistant,832,961,20,1,1,3,0.150000,0.150000,False,The design must ensure a 2-hour fire resistance rating for critical pylon and deck connections to prevent progressive collapse. (
31,topic_2,486fa02d-a5b5-48f6-85b2-9dbd84657ae1,29,assistant,978,1085,13,1,1,3,0.230769,0.230769,False,**Emergency Access and Escape Routes:** The 847-meter span necessitates dedicated emergency infrastructure.
31,topic_2,486fa02d-a5b5-48f6-85b2-9dbd84657ae1,29,assistant,1336,1531,26,1,1,3,0.115385,0.115385,False,"The bridge deck must feature clearly marked, illuminated emergency walkways protected from traffic lanes, with refuge areas equipped with ventilation and communication devices every 200 meters. ("
31,topic_2,486fa02d-a5b5-48f6-85b2-9dbd84657ae1,29,assistant,2124,2265,23,0,2,4,0.173913,0.173913,False,**Interaction with 92.4 Metric Ton Load Rating and S460ML:** The high load rating implies that failure modes during a fire are more critical.
31,topic_2,486fa02d-a5b5-48f6-85b2-9dbd84657ae1,29,assistant,2266,2363,14,1,1,3,0.214286,0.214286,False,"If S460ML steel overheats, the reduction in modulus of elasticity leads to increased deflections."
31,topic_2,486fa02d-a5b5-48f6-85b2-9dbd84657ae1,29,assistant,2364,2500,21,1,1,3,0.142857,0.142857,False,"Under a 92.4-ton live load, these deflections could exceed serviceability limits or cause instability in the stay cable anchorage zones."
31,topic_2,486fa02d-a5b5-48f6-85b2-9dbd84657ae1,29,assistant,2732,2949,30,1,1,3,0.100000,0.100000,False,"**Emergency Response Coordination and Structural Stability:** The design must account for the weight and positioning of emergency response vehicles (fire trucks, ambulances) which contribute to the 92.4-ton axle load."
31,topic_2,486fa02d-a5b5-48f6-85b2-9dbd84657ae1,29,assistant,3350,3553,28,2,1,4,0.142857,0.142857,False,Implementing these fire safety and emergency response measures ensures the resilience of Halcyon Crossing's S460ML structure under extreme thermal events while maintaining safety for high-load traffic. (
31,topic_2,108a2caf-5525-4a9b-b5e5-a1d18a40107b,30,user,6,226,31,2,0,2,0.064516,0.096774,False,"Summarize the complete structural design philosophy for Halcyon Crossing as established across our discussion — key parameters, critical design decisions, and the primary risk factors Dr. Anara Bekova's team must manage."
31,topic_2,108a2caf-5525-4a9b-b5e5-a1d18a40107b,30,assistant,241,391,24,2,2,6,0.250000,0.250000,False,**Project Parameters and Material Selection:** Halcyon Crossing is an 847-meter long-span cable-stayed bridge with a 92.4 metric ton axle load rating.
31,topic_2,108a2caf-5525-4a9b-b5e5-a1d18a40107b,30,assistant,392,628,34,2,2,6,0.176471,0.176471,False,"The primary structural steel specified is S460ML, chosen for its high yield strength (≥ 460 MPa), excellent weldability (""M""), and low-temperature toughness (""L""), which minimizes self-weight and ensures ductility under dynamic loads. ("
31,topic_2,108a2caf-5525-4a9b-b5e5-a1d18a40107b,30,assistant,1343,1461,17,1,1,3,0.176471,0.176471,False,"This accounts for geometric nonlinearity in cables, moving load effects (92.4-ton axles), and stochastic wind loading."
31,topic_2,108a2caf-5525-4a9b-b5e5-a1d18a40107b,30,assistant,1462,1628,24,1,1,3,0.125000,0.125000,False,"Load combinations strictly follow engineering codes to ensure that combined stresses from dead, live, wind, and thermal loads do not exceed S460ML allowable limits. ("
31,topic_2,108a2caf-5525-4a9b-b5e5-a1d18a40107b,30,assistant,1646,1806,21,1,0,1,0.047619,0.047619,False,**Seismic Resilience and Capacity Design:** The design adheres to a capacity-based philosophy targeting life safety during Maximum Considered Earthquakes (MCE).
31,topic_2,108a2caf-5525-4a9b-b5e5-a1d18a40107b,30,assistant,2368,2594,30,1,0,1,0.033333,0.033333,False,"This includes initial ultrasonic testing, routine drone/ROV inspections with acoustic emission sensors, and real-time strain monitoring, with replacement criteria triggered by specific strand loss or fatigue life thresholds. ("
31,topic_2,108a2caf-5525-4a9b-b5e5-a1d18a40107b,30,assistant,3103,3325,33,2,0,2,0.060606,0.060606,False,"Dr. Anara Bekova's team must rigorously manage the interplay between high aerodynamic sensitivity, cyclic fatigue in the cable system, and seismic ductility demands to ensure the safety and longevity of Halcyon Crossing. ("
61,topic_3,7f272a17-c445-4c60-919b-8d02d3e7acb9,31,user,36,83,7,2,0,2,0.285714,0.428571,True,I want to discuss Italian Renaissance painting.
61,topic_3,7f272a17-c445-4c60-919b-8d02d3e7acb9,31,user,84,321,36,2,2,6,0.166667,0.250000,False,"Give me a comprehensive overview of how artistic patronage functioned in central Italy between 1450 and 1510, including who the major patrons were, what they commissioned, and how the patron-artist relationship shaped the works produced."
61,topic_3,7f272a17-c445-4c60-919b-8d02d3e7acb9,31,assistant,336,590,35,5,3,11,0.314286,0.314286,True,"**The Rise of the Merchant Elite and Civic Humanism (c. 1450–1490):** In the mid-15th century, patronage shifted significantly from purely ecclesiastical or imperial sources to wealthy merchant families and republican governments in cities like Florence."
61,topic_3,7f272a17-c445-4c60-919b-8d02d3e7acb9,31,assistant,700,935,32,4,0,4,0.125000,0.125000,False,"Patrons such as Cosimo de' Medici and the Guild of Calimala commissioned works that blended Christian theology with classical philosophy, resulting in altarpieces and frescoes that emphasized naturalism, perspective, and human emotion."
61,topic_3,7f272a17-c445-4c60-919b-8d02d3e7acb9,31,assistant,936,1168,31,3,0,3,0.096774,0.096774,False,"This relationship allowed artists like Paolo Uccello, Fra Angelico, and Domenico Ghirlandaio to experiment with new techniques while adhering to specific iconographic programs dictated by the patrons' social and political agendas. ("
61,topic_3,7f272a17-c445-4c60-919b-8d02d3e7acb9,31,assistant,1183,1420,38,7,4,15,0.394737,0.394737,True,"**The Papacy and the Rebuilding of Rome (c. 1492–1510):** With the accession of Pope Alexander VI (1492) and especially Pope Julius II (1503), patronage became a tool for asserting papal authority and reviving the glory of Imperial Rome."
61,topic_3,7f272a17-c445-4c60-919b-8d02d3e7acb9,31,assistant,1421,1644,32,5,0,5,0.156250,0.156250,False,"The major patrons were the Popes themselves, who commissioned monumental architecture (e.g., the rebuilding of St. Peter's Basilica) and vast pictorial cycles (e.g., Michelangelo’s Sistine Chapel ceiling, Raphael’s Stanze)."
61,topic_3,7f272a17-c445-4c60-919b-8d02d3e7acb9,31,assistant,1645,1929,41,1,0,1,0.024390,0.024390,False,"The patron-artist relationship here was often hierarchical and demanding; Julius II treated artists as craftsmen serving the Church’s divine and political mission, resulting in works characterized by grandeur, muscular dynamism, and a focus on the resurrection and divine authority. ("
61,topic_3,7f272a17-c445-4c60-919b-8d02d3e7acb9,31,assistant,1944,2088,20,5,0,5,0.250000,0.250000,False,"**The Neapolitan Court and Aragonese Influence:** In Naples, patronage was driven by the Aragonese kings, particularly Alfonso II and Frederick."
61,topic_3,7f272a17-c445-4c60-919b-8d02d3e7acb9,31,assistant,2089,2253,23,4,0,4,0.173913,0.173913,False,"Unlike the republican ideals of Florence or the theocratic power of Rome, Neapolitan patronage focused on courtly elegance, classical antiquity, and secular themes."
61,topic_3,7f272a17-c445-4c60-919b-8d02d3e7acb9,31,assistant,2254,2428,24,4,0,4,0.166667,0.166667,False,"The court attracted artists like Antonello da Messina and Perugino, fostering an environment where Flemish oil techniques were adopted and integrated into Italian traditions."
61,topic_3,7f272a17-c445-4c60-919b-8d02d3e7acb9,31,assistant,2633,2810,22,1,0,1,0.045455,0.045455,False,"**The Role of Private Devotion and Funerary Commemorations:** Throughout central Italy, individual patrons commissioned works for private chapels, monasteries, and family tombs."
61,topic_3,7f272a17-c445-4c60-919b-8d02d3e7acb9,31,assistant,2811,2906,13,5,0,5,0.384615,0.384615,True,"This included the powerful families of Florence (Medici, Strozzi) and Rome (Borghese, Colonna)."
61,topic_3,7f272a17-c445-4c60-919b-8d02d3e7acb9,31,assistant,3186,3459,40,2,0,2,0.050000,0.050000,False,"This period saw the rise of the ""devotio moderna"" influence, leading to more intimate and emotionally resonant religious works, such as Ghirlandaio’s frescoes in the Sassetti Chapel, which included realistic portraits of the patrons themselves among the biblical figures. ("
61,topic_3,7f272a17-c445-4c60-919b-8d02d3e7acb9,31,assistant,3474,3656,22,2,2,6,0.272727,0.272727,True,"**The Professionalization of the Artist and Contractual Agreements:** Between 1450 and 1510, the patron-artist relationship became increasingly formalized through detailed contracts."
61,topic_3,7f272a17-c445-4c60-919b-8d02d3e7acb9,31,assistant,3856,4069,30,5,0,5,0.166667,0.166667,False,"Patrons like Isabella d'Este (though in Mantua, influential to the central Italian network) and the Pope negotiated directly with masters like Leonardo da Vinci and Michelangelo, acknowledging their unique genius."
61,topic_3,7f272a17-c445-4c60-919b-8d02d3e7acb9,31,assistant,4070,4334,39,2,0,2,0.051282,0.051282,False,"However, this also led to tensions, as seen in Michelangelo’s conflicts with Julius II over creative control and payment, highlighting the evolving power dynamics where artists began to demand greater autonomy while still remaining dependent on patronal support. ("
61,topic_3,7f272a17-c445-4c60-919b-8d02d3e7acb9,31,assistant,4346,4637,40,3,2,7,0.175000,0.175000,False,"The patronage system in central Italy between 1450 and 1510 was a complex interplay of political ambition, religious devotion, and aesthetic innovation, fundamentally shaping the trajectory of the High Renaissance by providing the financial and intellectual framework for its masterpieces. ("
61,topic_3,4d549b2d-194f-4114-b2da-5d0180e07c00,32,user,6,201,28,4,1,6,0.214286,0.321429,True,Analyze in detail how the use of perspective developed across Italian Renaissance painting from Brunelleschi's geometric demonstrations through to its mature application in the late 15th century.
61,topic_3,4d549b2d-194f-4114-b2da-5d0180e07c00,32,assistant,287,515,29,1,2,5,0.172414,0.172414,False,"**Brunelleschi’s Geometric Foundations (c. 1415–1420):** Filippo Brunelleschi established the mathematical rules for linear perspective, demonstrating that parallel lines converge to a single vanishing point on the horizon line."
61,topic_3,4d549b2d-194f-4114-b2da-5d0180e07c00,32,assistant,516,736,34,3,0,3,0.088235,0.088235,False,"While Brunelleschi did not leave behind extensive paintings, his lost painted panels of the Florence Baptistery and the Palazzo Vecchio were viewed through a mirrored hole to prove the optical accuracy of the projection."
61,topic_3,4d549b2d-194f-4114-b2da-5d0180e07c00,32,assistant,737,972,34,1,0,1,0.029412,0.029412,False,"This innovation shifted painting from a symbolic, hierarchical representation of space to a rational, measurable system based on geometry and optics, providing a framework that Masaccio and others would soon apply to figure painting. ("
61,topic_3,4d549b2d-194f-4114-b2da-5d0180e07c00,32,assistant,987,1137,23,6,1,8,0.347826,0.347826,True,**Masaccio’s *The Holy Trinity* (c. 1427):** Masaccio is credited with the first true application of Brunelleschi’s perspective in a surviving fresco.
61,topic_3,4d549b2d-194f-4114-b2da-5d0180e07c00,32,assistant,1274,1500,33,1,0,1,0.030303,0.030303,False,"The technical innovation was the integration of the architectural illusion with the physical wall structure; the perspective grid not only created depth but also anchored the figures within a coherent, three-dimensional space."
61,topic_3,4d549b2d-194f-4114-b2da-5d0180e07c00,32,assistant,1701,1923,31,3,2,7,0.225806,0.225806,False,"**Piero della Francesca’s Mathematical Rigor (c. 1450–1475):** Piero della Francesca, a mathematician as well as a painter, advanced perspective by codifying its theoretical basis in his treatise *De Prospectiva Pingendi*."
61,topic_3,4d549b2d-194f-4114-b2da-5d0180e07c00,32,assistant,1924,2149,33,2,1,4,0.121212,0.121212,False,"His painting *The Flagellation of Christ* (c. 1460) showcases a complex, orthogonal perspective system where the vanishing point is placed directly over the head of Christ, creating a dramatic psychological and spatial focus."
61,topic_3,4d549b2d-194f-4114-b2da-5d0180e07c00,32,assistant,2396,2605,32,3,1,5,0.156250,0.156250,False,"**Andrea Mantegna’s *The Lamentation over the Dead Christ* (c. 1480):** Mantegna pushed perspective to an extreme degree by employing a steep, low viewpoint that emphasized the foreshortening of Christ’s body."
61,topic_3,4d549b2d-194f-4114-b2da-5d0180e07c00,32,assistant,2606,2829,35,1,0,1,0.028571,0.028571,False,"The technical innovation was the aggressive use of one-point perspective to create a shallow, compressed space where the figure of Christ dominates the foreground, appearing to project out of the painting toward the viewer."
61,topic_3,4d549b2d-194f-4114-b2da-5d0180e07c00,32,assistant,3038,3215,26,3,3,9,0.346154,0.346154,True,"**Pinturicchio’s *Sistine Chapel Wall Paintings* and *The Legend of Saint Jerome* (c. 1481–1482):** In the late 15th century, perspective became a tool for narrative complexity."
61,topic_3,4d549b2d-194f-4114-b2da-5d0180e07c00,32,assistant,3216,3347,16,1,0,1,0.062500,0.062500,False,Pinturicchio and other contemporaries used perspective to organize crowded scenes with multiple figures and architectural settings.
61,topic_3,4d549b2d-194f-4114-b2da-5d0180e07c00,32,assistant,3715,4040,46,5,1,7,0.152174,0.152174,False,"**Domenico Ghirlandaio’s *Adoration of the Shepherches* (c. 1485) and Fresco Cycles:** Ghirlandaio applied perspective with a pragmatic, contemporary twist, often placing vanishing points in locations that integrated the painted space with the actual architecture of the chapel (such as the Sassetti Chapel in Santa Trinita)."
61,topic_3,4d549b2d-194f-4114-b2da-5d0180e07c00,32,assistant,4416,4705,38,3,1,5,0.131579,0.131579,False,"The development of perspective from Brunelleschi’s abstract geometry to the nuanced, emotionally charged spatial constructions of the late 15th century reflects the broader Renaissance shift toward humanism, scientific observation, and the integration of art with mathematical precision. ("
61,topic_3,77d8ee79-11d6-4934-8e18-64458fe34d32,33,user,6,141,22,3,1,5,0.227273,0.340909,True,Compare and contrast the painting techniques of the Florentine school versus the Umbrian school in the second half of the 15th century.
61,topic_3,77d8ee79-11d6-4934-8e18-64458fe34d32,33,assistant,277,483,25,3,0,3,0.120000,0.120000,False,"**Underdrawing and Preparatory Layers:** The Florentine school, exemplified by artists like Botticelli and Verrocchio, typically employed a precise, linear underdrawing executed with metalpoint or charcoal."
61,topic_3,77d8ee79-11d6-4934-8e18-64458fe34d32,33,assistant,637,775,21,3,0,3,0.142857,0.142857,False,"In contrast, the Umbrian school, led by figures like Perugino and early Raphael, often used a softer, more diffuse underdrawing technique."
61,topic_3,77d8ee79-11d6-4934-8e18-64458fe34d32,33,assistant,922,1035,15,2,0,2,0.133333,0.133333,False,The Umbrian approach prioritized emotional calm and clarity over the sculptural definition favored in Florence. (
61,topic_3,77d8ee79-11d6-4934-8e18-64458fe34d32,33,assistant,1050,1252,27,2,0,2,0.074074,0.074074,False,"**Pigment Choice and Palette:** Florentine painters utilized a rich, high-contrast palette often characterized by deep, earthy tones (umber, sienna) juxtaposed with vibrant ultramarine and crimson lake."
61,topic_3,77d8ee79-11d6-4934-8e18-64458fe34d32,33,assistant,1337,1450,17,1,0,1,0.058824,0.058824,False,"The Umbrian school, however, favored a lighter, more ethereal palette dominated by pinks, blues, and soft greens."
61,topic_3,77d8ee79-11d6-4934-8e18-64458fe34d32,33,assistant,1451,1583,23,1,0,1,0.043478,0.043478,False,"Perugino’s work, for instance, is famous for its pastel-like qualities and the use of lapis lazuli to create serene, heavenly skies."
61,topic_3,77d8ee79-11d6-4934-8e18-64458fe34d32,33,assistant,1584,1766,26,2,0,2,0.076923,0.076923,False,"This lighter palette contributed to the ""sweet"" and decorative quality often associated with Umbrian art, contrasting with the more solemn and monumental color schemes of Florence. ("
61,topic_3,77d8ee79-11d6-4934-8e18-64458fe34d32,33,assistant,1937,2106,25,1,0,1,0.040000,0.040000,False,"Artists like Botticelli used thin, transparent glazes to build up luminosity and depth, particularly in skin tones and fabrics, creating a polished, enamel-like surface."
61,topic_3,77d8ee79-11d6-4934-8e18-64458fe34d32,33,assistant,2107,2302,31,3,1,5,0.161290,0.161290,False,"The Umbrian school also used oil and tempera but often applied pigments with a more opaque, matte finish in early works, gradually adopting Florentine glazing techniques by the late 15th century."
61,topic_3,77d8ee79-11d6-4934-8e18-64458fe34d32,33,assistant,2303,2506,31,2,0,2,0.064516,0.064516,False,"However, even when using glazes, Umbrian painters tended to apply them more lightly to preserve the softness of the forms, avoiding the high-gloss, jewel-like intensity seen in Florentine masterpieces. ("
61,topic_3,77d8ee79-11d6-4934-8e18-64458fe34d32,33,assistant,2521,2695,22,1,0,1,0.045455,0.045455,False,**Compositional Approach and Spatial Organization:** Florentine composition in this period was driven by a rigorous application of linear perspective and geometric structure.
61,topic_3,77d8ee79-11d6-4934-8e18-64458fe34d32,33,assistant,2929,3039,16,1,0,1,0.062500,0.062500,False,"The Umbrian school, while aware of perspective, favored a more horizontal, frieze-like arrangement of figures."
61,topic_3,77d8ee79-11d6-4934-8e18-64458fe34d32,33,assistant,3349,3658,43,5,1,7,0.162791,0.162791,False,"The divergence between the Florentine and Umbrian schools in the late 15th century ultimately reflects a tension between intellectual rigor and structural precision (Florence) versus emotional resonance and atmospheric beauty (Umbria), a dynamic that would be synthesized in the High Renaissance by Raphael. ("
61,topic_3,364f0cd2-42ff-4706-8b6c-4c5ce5b1d298,34,user,6,233,34,1,0,1,0.029412,0.044118,False,"What are all the factors that contributed to the distinctive quality of lapis lazuli-derived ultramarine in Renaissance panel painting, and how did its cost and availability shape compositional decisions by patrons and artists?"
61,topic_3,364f0cd2-42ff-4706-8b6c-4c5ce5b1d298,34,assistant,249,694,60,1,6,13,0.216667,0.216667,False,"**Chemical Stability and Luminosity:** The distinctive quality of ultramarine derived from lapis lazuli lies in its chemical composition, primarily lazurite $(Na_8Ca_6Al_6Si_6O_{24}S_4)$. This pigment was renowned for its extraordinary lightfastness and resistance to atmospheric agents, meaning the blue hue remained vibrant and unchanged for centuries, unlike other blues such as azurite which could darken or verdigris which could turn black."
61,topic_3,364f0cd2-42ff-4706-8b6c-4c5ce5b1d298,34,assistant,914,1065,24,4,0,4,0.166667,0.166667,False,**Extreme Rarity and Cost:** Lapis lazuli was sourced almost exclusively from the Sar-i Sang mines in the Badakhshan region of present-day Afghanistan.
61,topic_3,364f0cd2-42ff-4706-8b6c-4c5ce5b1d298,34,assistant,1066,1254,32,3,0,3,0.093750,0.093750,False,"The arduous journey along the Silk Road to Italy, combined with the scarcity of high-quality nuggets, made it the most expensive pigment of the Renaissance, often valued at more than gold."
61,topic_3,364f0cd2-42ff-4706-8b6c-4c5ce5b1d298,34,assistant,1255,1555,51,4,0,4,0.078431,0.078431,False,"This prohibitive cost meant that it could only be purchased by the wealthiest patrons, such as the Medici family, the Church, or major city-states, and its use was strictly regulated by guilds in cities like Florence and Venice to ensure it was reserved for the most sacred or prestigious elements. ("
61,topic_3,364f0cd2-42ff-4706-8b6c-4c5ce5b1d298,34,assistant,1571,1769,31,2,0,2,0.064516,0.064516,False,"**The ""Ultramarine Ground"" and Virgin Mary’s Robes:** Due to its cost and sacred symbolism, ultramarine was almost exclusively reserved for the robes of the Virgin Mary in religious panel paintings."
61,topic_3,364f0cd2-42ff-4706-8b6c-4c5ce5b1d298,34,assistant,1770,1983,36,1,0,1,0.027778,0.027778,False,"This compositional rule was so strict that it often dictated the visual hierarchy of the artwork; Mary’s blue mantle became the focal point, drawing the viewer’s eye immediately to the central figure of reverence."
61,topic_3,364f0cd2-42ff-4706-8b6c-4c5ce5b1d298,34,assistant,1984,2195,33,3,0,3,0.090909,0.090909,False,"Artists like Botticelli and Fra Angelico used this expensive pigment to signify Mary’s purity, heavenly status, and intercessory power, making the blue robe a theological statement as much as an aesthetic one. ("
61,topic_3,364f0cd2-42ff-4706-8b6c-4c5ce5b1d298,34,assistant,3021,3225,29,3,0,3,0.103448,0.103448,False,"Patrons would specify the exact amount of ""ultramarine from Lapis Lazuli"" (ultramarinum verum) to be used, distinguishing it from cheaper substitutes like ""German blue"" (azurite) or ""French blue"" (smalt)."
61,topic_3,364f0cd2-42ff-4706-8b6c-4c5ce5b1d298,34,assistant,3447,3556,18,1,0,1,0.055556,0.055556,False,This contractual pressure reinforced the pigment's role as a marker of luxury and piety in Renaissance art. (
61,topic_3,f8ab6086-964c-4f00-9c3a-af6fe37c44b7,35,user,6,253,36,3,0,3,0.083333,0.125000,False,"Explain from first principles how egg tempera differs from oil-based paint in its chemical behavior, drying mechanism, and optical properties, and how the transition between these media affected the visual language of Italian Renaissance painting."
61,topic_3,f8ab6086-964c-4f00-9c3a-af6fe37c44b7,35,assistant,1058,1275,33,1,0,1,0.030303,0.030303,False,"**Drying Speed and Application Technique:** Because egg tempera dries almost instantly (often within seconds to minutes), it must be applied in thin, semi-transparent layers and cross-hatched strokes to build up form."
61,topic_3,f8ab6086-964c-4f00-9c3a-af6fe37c44b7,35,assistant,1397,1534,22,1,0,1,0.045455,0.045455,False,"Oil paint, with its slow drying time (days to weeks), allowed for *blending* and *sfumato* (smudging soft edges) directly on the support."
61,topic_3,f8ab6086-964c-4f00-9c3a-af6fe37c44b7,35,assistant,1535,1711,25,1,0,1,0.040000,0.040000,False,"This enabled smoother transitions between light and shadow and the creation of more realistic, three-dimensional forms without the visible stroke texture inherent to tempera. ("
61,topic_3,f8ab6086-964c-4f00-9c3a-af6fe37c44b7,35,assistant,3032,3370,46,4,0,4,0.086957,0.086957,False,"**Impact on Visual Language of the Italian Renaissance:** The transition from tempera to oil (often pioneered by Venetian artists like Giovanni Bellini and later adopted by Leonardesque painters in Florence) shifted the visual language from linear, decorative, and iconic representations to naturalistic, volumetric, and atmospheric ones."
61,topic_3,f8ab6086-964c-4f00-9c3a-af6fe37c44b7,35,assistant,3526,3786,39,1,0,1,0.025641,0.025641,False,"The rich, glowing colors enhanced the emotional and spiritual impact of religious scenes, moving away from the flat gold backgrounds of the Early Renaissance to complex, naturalistic landscapes and interiors that mimicked the human eye's perception of light. ("
61,topic_3,203bccb4-5d90-456c-bb51-cf3f30673389,36,user,6,247,32,2,1,4,0.125000,0.187500,False,"Analyze in detail the iconographic program of Annunciation scenes in 15th-century Italian panel painting — what symbolic elements were required by convention, what patrons expected, and how individual artists differentiated their treatments."
61,topic_3,203bccb4-5d90-456c-bb51-cf3f30673389,36,assistant,262,447,29,4,0,4,0.137931,0.137931,False,"**The Angel Gabriel and the Annunciazione:** The central figures are the Archangel Gabriel, typically shown kneeling or in a dynamic pose approaching from the left, and the Virgin Mary."
61,topic_3,203bccb4-5d90-456c-bb51-cf3f30673389,36,assistant,448,532,14,4,0,4,0.285714,0.285714,True,Gabriel carries a lily (fleur-de-lis) symbolizing Mary's purity and the Incarnation.
61,topic_3,203bccb4-5d90-456c-bb51-cf3f30673389,36,assistant,533,698,27,2,0,2,0.074074,0.074074,False,"Mary is often depicted reading a book (signifying her piety and knowledge of prophecy) or spinning (a reference to apocryphal texts and the ""Spinola of the Spouse"")."
61,topic_3,203bccb4-5d90-456c-bb51-cf3f30673389,36,assistant,799,954,26,2,0,2,0.076923,0.076923,False,"**Divine Light and the Holy Spirit:** A beam of light, often geometric and stylized, descends from the upper part of the panel, connecting Heaven to Earth."
61,topic_3,203bccb4-5d90-456c-bb51-cf3f30673389,36,assistant,955,1041,15,1,0,1,0.066667,0.066667,False,"This light often contains or is accompanied by the Holy Spirit, represented as a dove."
61,topic_3,203bccb4-5d90-456c-bb51-cf3f30673389,36,assistant,1323,1453,21,3,0,3,0.142857,0.142857,False,"**The Dove and the Rays:** The Holy Spirit dove is a mandatory iconographic element, representing the third person of the Trinity."
61,topic_3,203bccb4-5d90-456c-bb51-cf3f30673389,36,assistant,1566,1774,36,2,0,2,0.055556,0.055556,False,"In some variations, such as those by Fra Angelico, the light is subtle and spiritual, while in others, like those by Masaccio, it is a strong, structural beam that defines the spatial geometry of the scene. ("
61,topic_3,203bccb4-5d90-456c-bb51-cf3f30673389,36,assistant,1789,1975,25,3,1,5,0.200000,0.200000,False,"**Architectural Setting and Spatial Logic:** 15th-century Italian Annunciations often move away from the flat, gold backgrounds of the Gothic period to realistic, architectonic settings."
61,topic_3,203bccb4-5d90-456c-bb51-cf3f30673389,36,assistant,1976,2122,19,1,0,1,0.052632,0.052632,False,"These settings are usually defined by classical columns, arches, and perspective grids, reflecting the Renaissance interest in linear perspective."
61,topic_3,203bccb4-5d90-456c-bb51-cf3f30673389,36,assistant,2216,2359,25,1,0,1,0.040000,0.040000,False,"The setting can be a loggia, a chapel, or an interior room, often opening to a garden (hortus conclusus) to symbolize Mary's enclosed purity. ("
61,topic_3,203bccb4-5d90-456c-bb51-cf3f30673389,36,assistant,2374,2540,25,1,0,1,0.040000,0.040000,False,"**The Hortus Conclusus (Enclosed Garden):** Frequently, the background or the side of the panel features an enclosed garden with lush vegetation, flowers, and a wall."
61,topic_3,203bccb4-5d90-456c-bb51-cf3f30673389,36,assistant,2541,2651,17,2,0,2,0.117647,0.117647,False,"This symbolizes Mary as the ""garden enclosed"" from the Song of Solomon, representing her virginity and purity."
61,topic_3,203bccb4-5d90-456c-bb51-cf3f30673389,36,assistant,2895,3092,33,1,0,1,0.030303,0.030303,False,"Consequently, they expected to be included in the scene, either as donors kneeling on the side or, more subtly, as the figures of the Virgin or the Angel themselves (resembling their own features)."
61,topic_3,203bccb4-5d90-456c-bb51-cf3f30673389,36,assistant,3144,3298,23,2,0,2,0.086957,0.086957,False,The scale of the panel (usually smaller than altarpieces) and the intimacy of the interaction between Gabriel and Mary catered to private contemplation. (
61,topic_3,203bccb4-5d90-456c-bb51-cf3f30673389,36,assistant,3572,3654,9,1,0,1,0.111111,0.111111,False,"**Masaccio:** Introduced robust, sculptural figures and strict linear perspective."
61,topic_3,203bccb4-5d90-456c-bb51-cf3f30673389,36,assistant,3655,3825,27,2,0,2,0.074074,0.074074,False,"His Annunciation (in the Carmelite church of Pisa) uses a strong, single-point perspective and realistic lighting to ground the divine event in a tangible, earthly space."
61,topic_3,203bccb4-5d90-456c-bb51-cf3f30673389,36,assistant,3833,3945,14,1,0,1,0.071429,0.071429,False,"**Piero della Francesca:** Utilized geometric clarity, calm monumental figures, and a cool, logical composition."
61,topic_3,da7a97b3-3240-448e-bf80-6f4a78b88f6a,37,user,6,236,32,3,1,5,0.156250,0.234375,False,"Walk me through the complete process of preparing and executing a large-scale fresco in 15th-century Italy — from intonaco preparation through sinopia, giornata planning, pigment application, and long-term preservation challenges."
61,topic_3,da7a97b3-3240-448e-bf80-6f4a78b88f6a,37,assistant,940,1085,25,4,2,8,0.320000,0.320000,True,"The ratio is typically 1 part lime to 3 parts sand, though masters like Masaccio or Fra Angelico might adjust the fineness for smoother textures."
61,topic_3,da7a97b3-3240-448e-bf80-6f4a78b88f6a,37,assistant,1422,1546,22,1,0,1,0.045455,0.045455,False,**Giornata Planning:** A *giornata* refers to the amount of wet plaster an artist can paint in a single day before it dries.
61,topic_3,da7a97b3-3240-448e-bf80-6f4a78b88f6a,37,assistant,1547,1743,35,2,0,2,0.057143,0.057143,False,Dr. Bekova’s precision is mirrored here by the master painter’s planning: the *sinopia* is covered by a fresh section of *intonaco* sized exactly to the portion of the image intended for that day.
61,topic_3,da7a97b3-3240-448e-bf80-6f4a78b88f6a,37,assistant,1744,1869,23,1,0,1,0.043478,0.043478,False,The edges of the *giornata* are carefully cut with a straight edge to allow for seamless joining with the next day’s section.
61,topic_3,da7a97b3-3240-448e-bf80-6f4a78b88f6a,37,assistant,1870,2052,27,1,0,1,0.037037,0.037037,False,"Complex areas, such as drapery folds or facial features, often require multiple small *giornate*, while large backgrounds like skies might be completed in a single, larger section. ("
61,topic_3,da7a97b3-3240-448e-bf80-6f4a78b88f6a,37,assistant,2221,2328,15,2,1,4,0.266667,0.266667,False,"Common 15th-century pigments include ochres (earth tones), azurite (blue), verdigris (green), and red lead."
61,topic_3,da7a97b3-3240-448e-bf80-6f4a78b88f6a,37,assistant,4087,4250,21,2,1,4,0.190476,0.190476,False,"This rigorous process, demanding both chemical knowledge and artistic precision, defines the durability and aesthetic character of 15th-century Italian frescoes. ("
61,topic_3,a79be741-ba04-4fd1-9d62-14a567a897f6,38,user,6,222,31,4,1,6,0.193548,0.290323,True,"Compare and contrast how different Italian city-states — Florence, Rome, Urbino, Rimini — used artistic commissions as instruments of political legitimacy and cultural prestige in the second half of the 15th century."
61,topic_3,a79be741-ba04-4fd1-9d62-14a567a897f6,38,assistant,237,432,28,3,0,3,0.107143,0.107143,False,"**Florence (The Republic and the Medici Influence):** Florence utilized art to project an image of civic humanism and republican virtue, even as the Medici family increasingly consolidated power."
61,topic_3,a79be741-ba04-4fd1-9d62-14a567a897f6,38,assistant,433,631,29,3,0,3,0.103448,0.103448,False,Commissions such as Sandro Botticelli’s *Primavera* or the sculptural programs for the Florence Baptistery doors served to align the city’s identity with classical antiquity and Christian orthodoxy.
61,topic_3,a79be741-ba04-4fd1-9d62-14a567a897f6,38,assistant,632,841,34,1,0,1,0.029412,0.029412,False,"The Medici, acting as patrons rather than open princes, used these works to suggest that their rule was benevolent and rooted in the cultural and economic prosperity of the *libertà* (freedom) of the republic."
61,topic_3,a79be741-ba04-4fd1-9d62-14a567a897f6,38,assistant,1043,1207,23,3,0,3,0.130435,0.130435,False,"**Rome (The Papal States):** In contrast to the republican pretensions of Florence, Rome used artistic commissions to assert divine and temporal authority directly."
61,topic_3,a79be741-ba04-4fd1-9d62-14a567a897f6,38,assistant,1208,1466,44,5,0,5,0.113636,0.113636,False,"Under Popes Sixtus IV and Innocent VIII, the rebuilding of St. Peter’s Basilica and the frescoes in the Sistine Chapel (such as Botticelli’s *Story of the Drunkenness of Noah* or Perugino’s *Delivery of the Keys*) were explicit statements of papal supremacy."
61,topic_3,a79be741-ba04-4fd1-9d62-14a567a897f6,38,assistant,1467,1584,22,3,0,3,0.136364,0.136364,False,The art served to visually reinforce the Church’s role as the successor to Rome and the spiritual center of the West.
61,topic_3,a79be741-ba04-4fd1-9d62-14a567a897f6,38,assistant,1585,1819,34,2,0,2,0.058824,0.058824,False,"Commissions were often tied to dynastic interests (e.g., the Della Rovere family), using imagery to link the papacy to imperial Roman lineage, thereby legitimizing the Pope’s political power through sacred and historical continuity. ("
61,topic_3,a79be741-ba04-4fd1-9d62-14a567a897f6,38,assistant,1834,2020,27,1,0,1,0.037037,0.037037,False,"**Urbino (The Duchy of Montefeltro):** Urbino, under Duke Federico da Montefeltro, exemplified the use of art for personal prestige and the cultivation of the ""Renaissance Prince"" ideal."
61,topic_3,a79be741-ba04-4fd1-9d62-14a567a897f6,38,assistant,2021,2220,29,3,0,3,0.103448,0.103448,False,"The ducal palace, designed by Luciano Laurana and decorated by painters like Piero della Francesca, was a deliberate showcase of the Duke’s intellectualism, military prowess, and cultural refinement."
61,topic_3,a79be741-ba04-4fd1-9d62-14a567a897f6,38,assistant,2221,2485,40,3,0,3,0.075000,0.075000,False,"The famous *Dittico Estense* portraits and the perspective painting in the *Sala dei Gigli* were not merely decorative but served as political propaganda, presenting Federico as a wise, educated, and stable ruler amidst the turbulent diplomacy of the Italian wars."
61,topic_3,a79be741-ba04-4fd1-9d62-14a567a897f6,38,assistant,2486,2635,24,1,0,1,0.041667,0.041667,False,"Art here was a tool for individual legitimization, distinguishing the Montefeltro court as a center of high culture equal to the great city-states. ("
61,topic_3,a79be741-ba04-4fd1-9d62-14a567a897f6,38,assistant,2650,2783,17,2,0,2,0.117647,0.117647,False,**Rimini (Malatesta Patronage):** Rimini under Sigismondo Pandolfo Malatesta used art in a more aggressive and propagandistic manner.
61,topic_3,a79be741-ba04-4fd1-9d62-14a567a897f6,38,assistant,2784,3032,36,5,0,5,0.138889,0.138889,False,"The Malatesta Temple (Tempio Malatestiano), originally a church and transformed into a mausoleum and monument by Leon Battista Alberti, was covered in reliefs by Matteo de’ Pasti that celebrated Sigismondo’s military victories and personal virtues."
61,topic_3,a79be741-ba04-4fd1-9d62-14a567a897f6,38,assistant,3033,3188,26,1,0,1,0.038462,0.038462,False,This commission was an attempt to legitimize a ruler who was often excommunicated and considered a mercenary captain by turning him into a Roman-like hero.
61,topic_3,a79be741-ba04-4fd1-9d62-14a567a897f6,38,assistant,3343,3525,29,3,0,3,0.103448,0.103448,False,"Art in Rimini was a direct assertion of power and a bid for historical immortality, contrasting with the more institutional legitimacy of Rome or the republican facade of Florence. ("
61,topic_3,46889e0d-76bd-4628-b507-b4dd71cafba1,39,user,6,257,39,6,2,10,0.256410,0.384615,True,"What are all the technical characteristics of the foregrounding approach used by Piero della Francesca, and how did his mathematical approach to perspective and light influence painters working in the Umbrian and Marche regions in the 1470s and 1480s?"
61,topic_3,46889e0d-76bd-4628-b507-b4dd71cafba1,39,assistant,273,429,19,3,0,3,0.157895,0.157895,False,**Geometric Precision and Linear Perspective:** Piero della Francesca utilized a rigorous application of Euclidean geometry to construct linear perspective.
61,topic_3,46889e0d-76bd-4628-b507-b4dd71cafba1,39,assistant,430,580,20,1,0,1,0.050000,0.050000,False,"Unlike his contemporaries who might rely on intuitive depth cues, Piero calculated vanishing points and orthogonal lines with mathematical exactitude."
61,topic_3,46889e0d-76bd-4628-b507-b4dd71cafba1,39,assistant,581,824,35,1,0,1,0.028571,0.028571,False,"This is evident in works like the *Flagellation of Christ*, where the perspective grid is complex, utilizing multiple vanishing points to create a stage-like, three-dimensional space that feels architecturally sound and intellectually ordered."
61,topic_3,46889e0d-76bd-4628-b507-b4dd71cafba1,39,assistant,830,952,19,1,0,1,0.052632,0.052632,False,**Chiaroscuro and the Theory of Light:** Piero treated light as a geometric entity rather than just an atmospheric effect.
61,topic_3,46889e0d-76bd-4628-b507-b4dd71cafba1,39,assistant,1307,1556,37,3,0,3,0.081081,0.081081,False,"**Sfumato-like Softness in Facial Features (Contrast with Body Rigidity):** While his drapery and architecture are sharply defined, Piero often applied a subtle softening to facial features, particularly in eyes and lips, using thin glazes of paint."
61,topic_3,46889e0d-76bd-4628-b507-b4dd71cafba1,39,assistant,1557,1743,27,1,0,1,0.037037,0.037037,False,"This technique, sometimes precursory to Leonardo’s *sfumato*, creates a psychological depth and serenity that contrasts with the rigid geometric structure of the rest of the composition."
61,topic_3,46889e0d-76bd-4628-b507-b4dd71cafba1,39,assistant,1749,1885,17,1,0,1,0.058824,0.058824,False,"**Static Timelessness and Symmetry:** Piero’s compositions often reject narrative movement in favor of static, symmetrical arrangements."
61,topic_3,46889e0d-76bd-4628-b507-b4dd71cafba1,39,assistant,2139,2209,9,2,0,2,0.222222,0.222222,False,"**Influence on Umbrian Painters (e.g., Perugino and Raffael Sanzio):**"
61,topic_3,46889e0d-76bd-4628-b507-b4dd71cafba1,39,assistant,2218,2345,19,2,0,2,0.105263,0.105263,False,"**Perugino:** As a direct student or close follower, Perugino adopted Piero’s clear linear perspective and serene facial types."
61,topic_3,46889e0d-76bd-4628-b507-b4dd71cafba1,39,assistant,2346,2501,23,3,0,3,0.130435,0.130435,False,"However, Perugino softened the hard edges of Piero’s light, integrating it with a more atmospheric, lyrical sensibility suitable for the Umbrian landscape."
61,topic_3,46889e0d-76bd-4628-b507-b4dd71cafba1,39,assistant,2502,2593,14,2,0,2,0.142857,0.142857,False,The architectural clarity of Piero’s backgrounds became a staple of Perugino’s altarpieces.
61,topic_3,46889e0d-76bd-4628-b507-b4dd71cafba1,39,assistant,2602,2795,27,7,1,9,0.333333,0.333333,True,"**Raphael:** Working in Umbria in the 1480s, young Raphael absorbed this Umbrian style, inheriting the clear spatial organization and gentle, idealized humanism derived from Piero via Perugino."
61,topic_3,46889e0d-76bd-4628-b507-b4dd71cafba1,39,assistant,2796,2920,19,3,0,3,0.157895,0.157895,False,This foundation in geometric clarity and soft light allowed Raphael to later synthesize it with Florentine dynamism in Rome.
61,topic_3,46889e0d-76bd-4628-b507-b4dd71cafba1,39,assistant,2926,3013,12,2,0,2,0.166667,0.166667,False,"**Influence on Marchigian Painters (e.g., Melozzo da Forlì and Francesco di Giorgio):**"
61,topic_3,46889e0d-76bd-4628-b507-b4dd71cafba1,39,assistant,3022,3265,37,4,0,4,0.108108,0.108108,False,"**Melozzo da Forlì:** Working in the Marche and surrounding regions, Melozzo took Piero’s mathematical perspective to an extreme, pioneering *di sotto in sù* (foreshortening from below) in frescoes like those in the Vatican (later) and Urbino."
61,topic_3,46889e0d-76bd-4628-b507-b4dd71cafba1,39,assistant,3266,3342,11,1,0,1,0.090909,0.090909,False,"He applied Piero’s geometric rigor to dynamic, illusionistic ceiling spaces."
61,topic_3,46889e0d-76bd-4628-b507-b4dd71cafba1,39,assistant,3351,3467,17,4,0,4,0.235294,0.235294,False,"**Francesco di Giorgio Martini:** A contemporary in Urbino, Francesco was also an architect and engineer like Piero."
61,topic_3,46889e0d-76bd-4628-b507-b4dd71cafba1,39,assistant,3468,3713,34,3,0,3,0.088235,0.088235,False,"He adopted Piero’s integration of art and mathematics, influencing the architectural settings of paintings in the Marche region to feature complex, precise perspective structures that mirrored the engineering principles of the Renaissance court."
61,topic_3,46889e0d-76bd-4628-b507-b4dd71cafba1,39,assistant,3715,4014,42,4,0,4,0.095238,0.095238,False,"Piero della Francesca’s approach established a intellectual framework for painting in Central Italy, shifting it from pure aesthetic observation to a discipline grounded in mathematical truth, which influenced the structural clarity of Umbrian art and the architectural ambition of Marche artists. ("
61,topic_3,903db149-a8ac-411f-8bbc-ecf3efe13b65,40,user,6,224,31,3,2,7,0.225806,0.338710,True,"Explain the full development of the sacra conversazione format in Italian Renaissance altarpiece painting — its origins, how it evolved compositionally across the period 1450–1510, and which patrons favored it and why."
61,topic_3,903db149-a8ac-411f-8bbc-ecf3efe13b65,40,assistant,240,305,8,1,2,5,0.625000,0.625000,True,**Origins and Early Development (Late 14th – Mid-15th Century):**
61,topic_3,903db149-a8ac-411f-8bbc-ecf3efe13b65,40,assistant,310,457,18,1,1,3,0.166667,0.166667,False,"The *sacra conversazione* (holy conversation) format originated in the mid-15th century, evolving from earlier devotional triptychs and polyptychs."
61,topic_3,903db149-a8ac-411f-8bbc-ecf3efe13b65,40,assistant,458,549,13,2,0,2,0.153846,0.153846,False,Its development is closely associated with Fra Angelico and his contemporaries in Florence.
61,topic_3,903db149-a8ac-411f-8bbc-ecf3efe13b65,40,assistant,550,681,22,2,0,2,0.090909,0.090909,False,"Initially, the Virgin Mary and Child were placed centrally on a throne, flanked by standing saints arranged in a rigid, linear row."
61,topic_3,903db149-a8ac-411f-8bbc-ecf3efe13b65,40,assistant,861,983,16,1,0,1,0.062500,0.062500,False,This format replaced the fragmented compartments of Gothic polyptychs with a unified architectural or atmospheric setting.
61,topic_3,903db149-a8ac-411f-8bbc-ecf3efe13b65,40,assistant,989,1059,8,1,2,5,0.625000,0.625000,True,**Compositional Evolution: From Linear to Spatial Unity (1450–1475):**
61,topic_3,903db149-a8ac-411f-8bbc-ecf3efe13b65,40,assistant,1064,1203,21,2,2,6,0.285714,0.285714,True,"During the early phase (1450–1475), painters like Filippo Lippi and early Raphael attempted to integrate the figures into a coherent space."
61,topic_3,903db149-a8ac-411f-8bbc-ecf3efe13b65,40,assistant,1661,1714,5,1,2,5,1.000000,1.000000,True,**Maturity and Perspective Integration (1475–1500):**
61,topic_3,903db149-a8ac-411f-8bbc-ecf3efe13b65,40,assistant,1719,1934,32,5,2,9,0.281250,0.281250,True,"The period from 1475 to 1500 saw the format reach its classical maturity, heavily influenced by the mathematical precision of artists like Piero della Francesca and the architectural clarity of Domenico Ghirlandaio."
61,topic_3,903db149-a8ac-411f-8bbc-ecf3efe13b65,40,assistant,2385,2450,7,1,2,5,0.714286,0.714286,True,**High Renaissance Synthesis and Atmospheric Unity (1500–1510):**
61,topic_3,903db149-a8ac-411f-8bbc-ecf3efe13b65,40,assistant,2455,2572,19,3,2,7,0.368421,0.368421,True,"In the final decade of the period (1500–1510), artists like Raphael and Leonardo da Vinci further refined the format."
61,topic_3,903db149-a8ac-411f-8bbc-ecf3efe13b65,40,assistant,3163,3274,14,2,0,2,0.142857,0.142857,False,**Religious Orders (Dominicans and Carmelites):** These orders were major patrons of the *sacra conversazione*.
61,topic_3,903db149-a8ac-411f-8bbc-ecf3efe13b65,40,assistant,3275,3541,40,4,0,4,0.100000,0.100000,False,"They favored it because the format allowed them to include their specific patron saints (e.g., Saint Dominic, Saint Thomas Aquinas) in direct communion with the Virgin and Christ, reinforcing the order’s spiritual legitimacy and hierarchical place within the Church."
61,topic_3,903db149-a8ac-411f-8bbc-ecf3efe13b65,40,assistant,3550,3661,12,1,0,1,0.083333,0.083333,False,**Confraternities and Guilds:** Lay religious confraternities commissioned these altarpieces for their chapels.
61,topic_3,903db149-a8ac-411f-8bbc-ecf3efe13b65,40,assistant,3900,4070,21,2,0,2,0.095238,0.095238,False,"**Aristocratic and Merchant Families:** Wealthy families, such as the Medici in Florence, commissioned *sacra conversazioni* to display piety and cultural sophistication."
61,topic_3,903db149-a8ac-411f-8bbc-ecf3efe13b65,40,assistant,4071,4284,32,1,0,1,0.031250,0.031250,False,The intellectual rigor of the perspective and the classical references appealed to humanist patrons who saw the alignment of Christian theology with classical order as a reflection of their own enlightened status.
61,topic_3,903db149-a8ac-411f-8bbc-ecf3efe13b65,40,assistant,4412,4642,29,1,0,1,0.034483,0.034483,False,"The *sacra conversazione* thus evolved from a symbolic arrangement of figures to a spatially and psychologically unified masterpiece, reflecting the broader Renaissance shifts toward humanism, mathematical order, and naturalism. ("
61,topic_3,94cdc7e4-20cb-418b-864e-ad2751055414,41,user,6,230,35,4,2,8,0.228571,0.342857,True,"Analyze in detail how the papacy under Sixtus IV shaped the artistic production of Rome in the 1470s and 1480s, including specific commissions, the artists summoned, and the political theology embedded in the works produced."
61,topic_3,94cdc7e4-20cb-418b-864e-ad2751055414,41,assistant,245,477,38,6,3,12,0.315789,0.315789,True,"**Political Context and the Papacy of Sixtus IV:** Pope Sixtus IV (Federico della Rovere, reigned 1471–1484) ascended to the throne amidst the chaos of the War of Ferrara and the aftermath of the Pazzi Conspiracy (1478) in Florence."
61,topic_3,94cdc7e4-20cb-418b-864e-ad2751055414,41,assistant,478,681,30,1,0,1,0.033333,0.033333,False,"His papacy was defined by a desire to reassert papal authority, secure the political independence of the Papal States, and legitimize his often controversial rule through monumental architecture and art."
61,topic_3,94cdc7e4-20cb-418b-864e-ad2751055414,41,assistant,682,964,46,5,2,9,0.195652,0.195652,False,"The artistic production of the 1470s and 1480s was not merely devotional but a sophisticated tool of propaganda, designed to visually codify the idea of the Pope as the successor to Peter and the rightful temporal ruler of Rome, drawing direct parallels to Imperial Roman authority."
61,topic_3,94cdc7e4-20cb-418b-864e-ad2751055414,41,assistant,969,1215,38,4,1,6,0.157895,0.157895,False,**The Rebuilding of St. Peter’s Basilica:** The most significant architectural commission of his reign was the demolition of the old Constantinian St. Peter’s Basilica and the commencement of construction on the new Renaissance structure in 1482.
61,topic_3,94cdc7e4-20cb-418b-864e-ad2751055414,41,assistant,1216,1287,11,2,0,2,0.181818,0.181818,False,Sixtus IV summoned Giovanni de’ Dolci (Betti) as the initial architect.
61,topic_3,94cdc7e4-20cb-418b-864e-ad2751055414,41,assistant,1288,1387,18,1,0,1,0.055556,0.055556,False,This act was a bold statement of continuity with ancient Rome and a rejection of the medieval past.
61,topic_3,94cdc7e4-20cb-418b-864e-ad2751055414,41,assistant,1388,1540,24,3,0,3,0.125000,0.125000,False,"By invoking the memory of the ancient martyrs and the imperial patronage of Constantine, Sixtus IV positioned himself as the restorer of Christian Rome."
61,topic_3,94cdc7e4-20cb-418b-864e-ad2751055414,41,assistant,1541,1668,21,1,0,1,0.047619,0.047619,False,The sheer scale of the project was intended to overwhelm the viewer and demonstrate the Church’s immense power and resources. (
61,topic_3,94cdc7e4-20cb-418b-864e-ad2751055414,41,assistant,1683,1821,22,5,2,9,0.409091,0.409091,True,"**The Sistine Chapel:** Commissioned in 1473 and completed in 1481, the Sistine Chapel is the centerpiece of Sixtus IV’s artistic program."
61,topic_3,94cdc7e4-20cb-418b-864e-ad2751055414,41,assistant,1822,1928,19,2,0,2,0.105263,0.105263,False,"Originally built to house the Papal Chapel and serve as a library, its name derives from the Pope himself."
61,topic_3,94cdc7e4-20cb-418b-864e-ad2751055414,41,assistant,1929,2065,18,2,0,2,0.111111,0.111111,False,"The architectural design, attributed to Baccio Pontelli and Giovannino de’ Dolci, combined classical proportions with a grandiose scale."
61,topic_3,94cdc7e4-20cb-418b-864e-ad2751055414,41,assistant,2066,2248,30,1,0,1,0.033333,0.033333,False,"The political theology here was embedded in its function: it was the site of the papal conclave and major ceremonies, physically enclosing the sacred heart of the Church’s hierarchy."
61,topic_3,94cdc7e4-20cb-418b-864e-ad2751055414,41,assistant,2249,2590,49,5,0,5,0.102041,0.102041,False,"The frescoes commissioned for the chapel walls (painted later by Perugino, Botticelli, Ghirlandaio, and Rossetti) depicted parallel narratives of Moses and Christ, reinforcing the theological concept of typology where the Old Law (Moses) prefigured the New Law (Christ), with the Pope as the ultimate interpreter of this divine continuity. ("
61,topic_3,94cdc7e4-20cb-418b-864e-ad2751055414,41,assistant,2605,2850,32,5,0,5,0.156250,0.156250,False,"**Summoning of Northern Italian and Umbrian Masters:** Sixtus IV strategically recruited artists who were already established in the humanist cultures of Florence and Umbria, effectively transplanting the latest Renaissance advancements to Rome."
61,topic_3,94cdc7e4-20cb-418b-864e-ad2751055414,41,assistant,2881,3120,40,5,0,5,0.125000,0.125000,False,"**Piero della Francesca:** Summoned to work on the decoration of the Sistine Chapel ceiling (the now-destroyed *Deux Seraphim* and *Glory of the Magi* cycle, though the Magi work is debated to be by others, Piero’s presence is documented)."
61,topic_3,94cdc7e4-20cb-418b-864e-ad2751055414,41,assistant,3121,3224,13,2,0,2,0.153846,0.153846,False,His mathematical precision and serene monumental style helped introduce Florentine perspective to Rome.
61,topic_3,94cdc7e4-20cb-418b-864e-ad2751055414,41,assistant,3233,3376,19,4,0,4,0.210526,0.210526,False,"**Botticelli, Perugino, and Ghirlandaio:** These leading Florentine masters were commissioned to paint the wall frescoes of the Sistine Chapel."
61,topic_3,94cdc7e4-20cb-418b-864e-ad2751055414,41,assistant,3377,3463,12,2,0,2,0.166667,0.166667,False,"Their inclusion signaled Rome’s resurgence as the artistic capital, rivaling Florence."
61,topic_3,94cdc7e4-20cb-418b-864e-ad2751055414,41,assistant,3464,3614,24,2,0,2,0.083333,0.083333,False,"The works featured donor portraits of Sixtus IV and his nephews (the Rovere family), embedding the family’s legacy directly into the sacred narrative."
61,topic_3,94cdc7e4-20cb-418b-864e-ad2751055414,41,assistant,3623,3782,25,4,0,4,0.160000,0.160000,False,"**Baccio Pontelli:** An architect and engineer from Umbria, he was instrumental in the design of the Sistine Chapel and the reconstruction of the Papal Palace."
61,topic_3,94cdc7e4-20cb-418b-864e-ad2751055414,41,assistant,3783,3903,16,1,0,1,0.062500,0.062500,False,"His work emphasized structural clarity and classical references, aligning the Vatican with the aesthetic of antiquity. ("
61,topic_3,94cdc7e4-20cb-418b-864e-ad2751055414,41,assistant,3918,4104,25,3,0,3,0.120000,0.120000,False,"**The Rovere Family and Dynastic Propaganda:** Sixtus IV was notoriously nepotistic, elevating his nephews Pietro Riario and Girolamo Riario to high ecclesiastical and political offices."
61,topic_3,94cdc7e4-20cb-418b-864e-ad2751055414,41,assistant,4328,4571,37,2,0,2,0.054054,0.054054,False,"In the Sistine Chapel frescoes, Sixtus IV is depicted in contemporary papal vestments, often central and surrounded by his nephews, visually asserting that the Church’s spiritual authority was inextricably linked to his family’s temporal rule."
61,topic_3,94cdc7e4-20cb-418b-864e-ad2751055414,41,assistant,4694,4865,26,1,0,1,0.038462,0.038462,False,"**Urban Planning and the “Restauratio Urbis”:** Sixtus IV initiated a broader program of urban renewal in Rome, known as the *Restauratio Urbis* (Restoration of the City)."
61,topic_3,94cdc7e4-20cb-418b-864e-ad2751055414,41,assistant,4866,5101,36,3,0,3,0.083333,0.083333,False,"This included the construction of the Sistine Bridge (Ponte Sisto), which improved access to the Trastevere district and facilitated the movement of goods and people, symbolizing the Pope’s role as the provider of civic infrastructure."
61,topic_3,94cdc7e4-20cb-418b-864e-ad2751055414,41,assistant,5102,5209,18,1,0,1,0.055556,0.055556,False,He also commissioned the rebuilding of the Santa Maria del Popolo church and the decoration of its chapels.
61,topic_3,94cdc7e4-20cb-418b-864e-ad2751055414,41,assistant,5210,5441,35,2,0,2,0.057143,0.057143,False,"These projects were designed to beautify the city, attract pilgrims, and restore Rome’s status as the center of the Christian world, contrasting the orderly, renovated streets with the perceived disorder of his political enemies. ("
61,topic_3,94cdc7e4-20cb-418b-864e-ad2751055414,41,assistant,5456,5657,30,3,0,3,0.100000,0.100000,False,**Theological Synthesis of Power and Piety:** The art produced under Sixtus IV reflected a specific theological synthesis: the idea that true piety required strong temporal power to protect the Church.
61,topic_3,94cdc7e4-20cb-418b-864e-ad2751055414,41,assistant,5658,5827,24,3,0,3,0.125000,0.125000,False,"By commissioning works that emphasized order, harmony, and classical antiquity, Sixtus IV argued that the Renaissance Church was the rightful heir to Roman civilization."
61,topic_3,94cdc7e4-20cb-418b-864e-ad2751055414,41,assistant,5828,5975,23,1,0,1,0.043478,0.043478,False,"The use of perspective in art, which creates a single, unified viewpoint, mirrored the papal claim to a single, unified authority over Christendom."
61,topic_3,e50c55eb-15f7-4723-9f32-eab0460d161b,42,user,6,233,29,1,0,1,0.034483,0.051724,False,Walk me through the complete attribution and authentication methodology used by art historians to assign works to specific Renaissance masters — from technical analysis through documentary evidence through stylistic comparison.
61,topic_3,e50c55eb-15f7-4723-9f32-eab0460d161b,42,assistant,249,413,20,2,0,2,0.100000,0.100000,False,**Technical and Material Analysis (Scientific Attribution):** The first phase of modern attribution involves non-invasive and micro-invasive scientific examination.
61,topic_3,e50c55eb-15f7-4723-9f32-eab0460d161b,42,assistant,531,762,33,1,0,1,0.030303,0.030303,False,"Art historians and conservation scientists look for anachronisms in materials (e.g., the presence of synthetic ultramarine or titanium white, which post-date the Renaissance) that would immediately disqualify a work as an original."
61,topic_3,e50c55eb-15f7-4723-9f32-eab0460d161b,42,assistant,1190,1390,29,1,0,1,0.034483,0.034483,False,"Researchers examine court records, notarial deeds, merchant ledgers, and diaries (such as Vasari’s *Lives of the Artists*) to find mentions of commissions, payments, or descriptions of specific works."
61,topic_3,e50c55eb-15f7-4723-9f32-eab0460d161b,42,assistant,1531,1745,35,1,2,5,0.142857,0.142857,False,"A strong provenance linking the work to a known patron or a master’s workshop in the 15th or 16th century significantly strengthens the case for authenticity, though it must be corroborated by stylistic evidence. ("
61,topic_3,e50c55eb-15f7-4723-9f32-eab0460d161b,42,assistant,1761,1954,24,1,0,1,0.041667,0.041667,False,**Stylistic Analysis and Connoisseurship:** This traditional method involves a detailed visual comparison with established *corpus* works (undisputed authentic works) by the master in question.
61,topic_3,e50c55eb-15f7-4723-9f32-eab0460d161b,42,assistant,2142,2312,26,1,0,1,0.038462,0.038462,False,"For example, distinguishing between a Botticelli original and a workshop copy involves examining the fluidity of the line work and the specific rendering of facial types."
61,topic_3,e50c55eb-15f7-4723-9f32-eab0460d161b,42,assistant,2527,2631,11,1,0,1,0.090909,0.090909,False,**Workshop and Collaborative Attribution:** Renaissance art production often involved master assistants.
61,topic_3,e50c55eb-15f7-4723-9f32-eab0460d161b,42,assistant,3172,3292,17,2,0,2,0.117647,0.117647,False,**Peer Review and Corpus Revision:** The final step involves presenting findings to the academic community for scrutiny.
61,topic_3,e50c55eb-15f7-4723-9f32-eab0460d161b,42,assistant,3293,3416,16,2,0,2,0.125000,0.125000,False,"Major attributions are often validated by specialized committees (e.g., the Botticelli Committee or the Cézanne Committee)."
61,topic_3,9dc590fd-7364-4893-8270-7613c700e168,43,user,6,233,33,2,1,4,0.121212,0.181818,False,"Compare and contrast in detail the use of gold leaf versus painted gold backgrounds in 15th-century Italian altarpieces — the technical processes, the symbolic implications, and how patron preferences shifted across the period."
61,topic_3,9dc590fd-7364-4893-8270-7613c700e168,43,assistant,248,487,39,1,1,3,0.076923,0.076923,False,"**Technical Process of Gold Leaf Application:** The application of gold leaf in the 15th century began with the preparation of the wooden panel, which was coated with gesso (gesso grosso and gesso sottile) to create a smooth, hard surface."
61,topic_3,9dc590fd-7364-4893-8270-7613c700e168,43,assistant,1111,1312,29,2,1,4,0.137931,0.137931,False,"**Technical Process of Painted Gold (Imitation Gold):** As the century progressed, particularly after the 1430s, artists began using pigment mixtures to simulate the appearance of gold to reduce costs."
61,topic_3,9dc590fd-7364-4893-8270-7613c700e168,43,assistant,1956,2165,29,3,1,5,0.172414,0.172414,False,"**Symbolic Implications of Gold Leaf:** In the early 15th century (Quattrocento), gold leaf backgrounds were deeply rooted in Byzantine and Gothic traditions, symbolizing the divine, uncreated light of heaven."
61,topic_3,9dc590fd-7364-4893-8270-7613c700e168,43,assistant,2888,3083,30,1,0,1,0.033333,0.033333,False,"Painted gold allowed for the illusion of three-dimensional objects made of gold (such as robes, halos, or architectural elements) within a perspectival space, rather than a flat symbolic barrier."
61,topic_3,9dc590fd-7364-4893-8270-7613c700e168,43,assistant,3225,3510,42,2,1,4,0.095238,0.095238,False,"By the late 15th century, the use of painted gold or its complete removal in favor of dark, atmospheric landscapes or interiors suggested a more intimate, accessible relationship with the sacred figures, aligning with the Devotio Moderna movement and changing theological aesthetics. ("
61,topic_3,9dc590fd-7364-4893-8270-7613c700e168,43,assistant,3525,3592,9,3,1,5,0.555556,0.555556,True,**Patron Preferences and Economic Shifts Across the 15th Century:**
61,topic_3,9dc590fd-7364-4893-8270-7613c700e168,43,assistant,3601,3738,16,2,2,6,0.375000,0.375000,True,"**Early Century (1400–1430):** Patrons, including major religious orders and wealthy guilds, preferred traditional gold-leaf backgrounds."
61,topic_3,9dc590fd-7364-4893-8270-7613c700e168,43,assistant,3739,3890,21,3,0,3,0.142857,0.142857,False,"Artists like Ghiberti and early Masaccio still utilized gold extensively, though Masaccio began experimenting with spatial depth within the gold field."
61,topic_3,9dc590fd-7364-4893-8270-7613c700e168,43,assistant,3985,4158,22,4,2,8,0.363636,0.363636,True,"**Mid-Century (1430–1450):** As linear perspective and naturalism gained prominence (pioneered by Brunelleschi and Alberti), patrons began to demand more realistic settings."
61,topic_3,9dc590fd-7364-4893-8270-7613c700e168,43,assistant,4472,4700,31,3,2,7,0.225806,0.225806,False,"**Late Century (1450–1500):** By the time of Botticelli, Ghirlandaio, and Perugino, full gold-ground altarpieces became rare, surviving mainly in conservative provincial workshops or for specific devotional images of the Virgin."
61,topic_3,9dc590fd-7364-4893-8270-7613c700e168,43,assistant,4701,4813,15,2,0,2,0.133333,0.133333,False,Urban patrons in Florence and Rome favored fully naturalistic backgrounds with detailed landscapes or interiors.
61,topic_3,9de6f5ba-0ced-429c-99f1-d6db321d6a5a,44,user,6,180,26,4,0,4,0.153846,0.230769,False,What are all the factors that distinguished the artistic production of the court of Urbino under Federico da Montefeltro from contemporaneous production in Florence and Rome?
61,topic_3,9de6f5ba-0ced-429c-99f1-d6db321d6a5a,44,assistant,267,502,34,2,0,2,0.058824,0.058824,False,"**Patronage Philosophy and Courtly Context:** The court of Urbino, under Duke Federico da Montefeltro, was distinguished by its focus on the ""Uomo Universale"" (universal man) and the synthesis of humanist learning with martial prowess."
61,topic_3,9de6f5ba-0ced-429c-99f1-d6db321d6a5a,44,assistant,503,656,23,1,0,1,0.043478,0.043478,False,"Federico’s patronage was driven by a desire to create a mirror of princely perfection, emphasizing rationality, order, and the preservation of antiquity."
61,topic_3,9de6f5ba-0ced-429c-99f1-d6db321d6a5a,44,assistant,657,952,43,5,0,5,0.116279,0.116279,False,"Unlike the often competitive, guild-driven, or politically charged patronage of Florence (driven by the Medici or republican councils) or the papal-driven monumental propaganda of Rome, Urbino’s production was highly centralized, private, and tailored to the Duke’s specific intellectual tastes."
61,topic_3,9de6f5ba-0ced-429c-99f1-d6db321d6a5a,44,assistant,953,1188,36,1,0,1,0.027778,0.027778,False,"The famous Studio of Federico da Montefeltro exemplifies this: it was a personal library and contemplative space that merged portraiture, geometry, and classical learning in a way that was unique in its intimacy and didactic purpose. ("
61,topic_3,9de6f5ba-0ced-429c-99f1-d6db321d6a5a,44,assistant,1203,1352,23,4,0,4,0.173913,0.173913,False,"**Key Artists Employed:** The primary artist of the Urbino court was Piero della Francesca, who served as Federico’s court painter and mathematician."
61,topic_3,9de6f5ba-0ced-429c-99f1-d6db321d6a5a,44,assistant,1353,1504,21,1,0,1,0.047619,0.047619,False,"His work, characterized by geometric rigor, static composition, and luminous, clear light, perfectly reflected Federico’s love for order and intellect."
61,topic_3,9de6f5ba-0ced-429c-99f1-d6db321d6a5a,44,assistant,1505,1704,30,4,0,4,0.133333,0.133333,False,"Other significant figures included Melozzo da Forlì, who brought a dynamic sense of perspective and spatial depth, and the Ferrarese influence of Cosmè Tura, though diluted through the Urbino filter."
61,topic_3,9de6f5ba-0ced-429c-99f1-d6db321d6a5a,44,assistant,1705,1936,33,7,0,7,0.212121,0.212121,False,"In contrast, Florence was dominated by the evolving naturalism of Masaccio, Donatello, and later Botticelli and the Young Michelangelo, while Rome was seeing the early, powerful interventions of Bramante and the returning Perugino."
61,topic_3,9de6f5ba-0ced-429c-99f1-d6db321d6a5a,44,assistant,1937,2043,18,2,0,2,0.111111,0.111111,False,"Urbino’s roster was smaller, more stable, and less subject to the rapid stylistic flux seen in Florence. ("
61,topic_3,9de6f5ba-0ced-429c-99f1-d6db321d6a5a,44,assistant,2058,2207,20,2,0,2,0.100000,0.100000,False,"**Stylistic Outcomes: Geometric Rigor and ""Sofferenza"":** The art produced in Urbino is marked by a distinct intellectualism and geometric precision."
61,topic_3,9de6f5ba-0ced-429c-99f1-d6db321d6a5a,44,assistant,2208,2410,34,2,0,2,0.058824,0.058824,False,"Piero della Francesca’s works, such as the *Baptism of Christ* or the portrait of the Dukes of Urbino, display a calm, monumental stillness and a logical, almost mathematical approach to form and light."
61,topic_3,9de6f5ba-0ced-429c-99f1-d6db321d6a5a,44,assistant,2411,2640,34,3,0,3,0.088235,0.088235,False,"This contrasts with the more emotional, linear grace, and narrative fluidity of Florentine art (e.g., Botticelli’s *Birth of Venus*) and the emerging dramatic intensity and spatial complexity of early Roman High Renaissance work."
61,topic_3,9de6f5ba-0ced-429c-99f1-d6db321d6a5a,44,assistant,2641,2859,34,2,0,2,0.058824,0.058824,False,"Urbino’s style was less concerned with movement or emotional expression and more with the eternal, static beauty of ideal forms and the accurate representation of three-dimensional space on a two-dimensional surface. ("
61,topic_3,9de6f5ba-0ced-429c-99f1-d6db321d6a5a,44,assistant,2874,3067,26,1,0,1,0.038462,0.038462,False,"**Integration of Science and Art:** A defining factor of Urbino’s production was the seamless integration of mathematical science, particularly perspective and geometry, into artistic practice."
61,topic_3,9de6f5ba-0ced-429c-99f1-d6db321d6a5a,44,assistant,3068,3217,22,3,0,3,0.136364,0.136364,False,"Federico himself was a skilled engineer and mathematician, and his court attracted scholars like Luca Pacioli (who later collaborated with Da Vinci)."
61,topic_3,9de6f5ba-0ced-429c-99f1-d6db321d6a5a,44,assistant,3373,3537,21,3,0,3,0.142857,0.142857,False,"In Florence, while Brunelleschi and Alberti developed perspective, the artistic community was more broadly focused on anatomical study and naturalistic observation."
61,topic_3,9de6f5ba-0ced-429c-99f1-d6db321d6a5a,44,assistant,3538,3622,12,1,0,1,0.083333,0.083333,False,"In Rome, the focus was shifting toward architectural grandeur and classical revival."
61,topic_3,9de6f5ba-0ced-429c-99f1-d6db321d6a5a,44,assistant,3765,3881,14,1,0,1,0.071429,0.071429,False,"**Material and Technical Execution:** The technical execution in Urbino favored durability, clarity, and luminosity."
61,topic_3,9de6f5ba-0ced-429c-99f1-d6db321d6a5a,44,assistant,3882,4082,32,1,0,1,0.031250,0.031250,False,"The use of fresco (as in the *Resurrection* in Sansepolcro, closely associated with the court’s circle) and tempera was handled with a precision that emphasized clear contours and stable color fields."
61,topic_3,9de6f5ba-0ced-429c-99f1-d6db321d6a5a,44,assistant,4083,4329,39,2,0,2,0.051282,0.051282,False,The court’s preference for panel paintings for private devotion (like the *Duke and Duchess* portraits) allowed for a level of detail and polychromatic richness that was less common in the large-scale public frescoes dominating Florence and Rome.
61,topic_3,9de6f5ba-0ced-429c-99f1-d6db321d6a5a,44,assistant,4330,4567,34,3,0,3,0.088235,0.088235,False,"The aesthetic was one of refined elegance and restraint, avoiding the overt display of wealth or political power seen in some Florentine altarpieces or Roman papal commissions, favoring instead a display of intellectual sophistication. ("
61,topic_3,da13cbb9-6cd3-4547-bc2d-4c26b69a5e73,45,user,6,236,35,3,1,5,0.142857,0.214286,False,Explain from first principles the optical theory underlying the use of aerial perspective in late 15th-century Italian painting and how painters of the period understood and applied it without access to modern atmospheric physics.
61,topic_3,da13cbb9-6cd3-4547-bc2d-4c26b69a5e73,45,assistant,251,428,21,2,0,2,0.095238,0.095238,False,"**Atmospheric Scattering and Light Attenuation:** From first principles, the optical phenomenon underlying aerial perspective (or *aerospettiva*) is Rayleigh and Mie scattering."
61,topic_3,da13cbb9-6cd3-4547-bc2d-4c26b69a5e73,45,assistant,925,1134,32,1,1,3,0.093750,0.093750,False,"Late 15th-century painters understood this empirically: distant objects appear lighter, cooler in tone, and lower in contrast because the ""medium"" of air itself has a color and density that obscures clarity. ("
61,topic_3,da13cbb9-6cd3-4547-bc2d-4c26b69a5e73,45,assistant,1149,1369,29,2,1,4,0.137931,0.137931,False,"**León Battista Alberti’s Theoretical Framework:** The primary intellectual conduit for this understanding was the humanist theorist León Battista Alberti, particularly in his 1435 treatise *Della Pittura* (On Painting)."
61,topic_3,da13cbb9-6cd3-4547-bc2d-4c26b69a5e73,45,assistant,1370,1497,22,1,0,1,0.045455,0.045455,False,Alberti described the painter’s eye as the apex of a visual pyramid and argued that colors diminish in intensity with distance.
61,topic_3,da13cbb9-6cd3-4547-bc2d-4c26b69a5e73,45,assistant,2339,2557,38,3,0,3,0.078947,0.078947,False,"For example, in the works of Piero della Francesca or the early landscapes of Leonardo da Vinci, distant mountains do not have the stark black shadows of foreground rocks; instead, they merge into a mid-tone grey-blue."
61,topic_3,da13cbb9-6cd3-4547-bc2d-4c26b69a5e73,45,assistant,2657,2782,20,1,0,1,0.050000,0.050000,False,**Chromatic Shift (Cooling of Temperature):** The second major application was the shift in hue towards the color of the sky.
61,topic_3,da13cbb9-6cd3-4547-bc2d-4c26b69a5e73,45,assistant,2851,2971,18,2,0,2,0.111111,0.111111,False,Painters like Antonello da Messina and later Leonardo applied a glaze of ultramarine or azurite over distant landscapes.
61,topic_3,da13cbb9-6cd3-4547-bc2d-4c26b69a5e73,45,assistant,3428,3526,15,1,0,1,0.066667,0.066667,False,**Loss of Textural Detail and Edge Softening:** The final component was the degradation of detail.
61,topic_3,da13cbb9-6cd3-4547-bc2d-4c26b69a5e73,45,assistant,3816,3932,20,1,0,1,0.050000,0.050000,False,"Leonardo da Vinci famously codified this, noting that ""the outline of an object is not visible at a great distance."""
61,topic_3,da13cbb9-6cd3-4547-bc2d-4c26b69a5e73,45,assistant,3933,4191,37,1,0,1,0.027027,0.027027,False,"This understanding allowed painters to guide the viewer’s eye by keeping the foreground crisp and detailed while letting the background dissolve, creating a unified, three-dimensional space that felt optically real rather than merely geometrically correct. ("
61,topic_3,0c69e3db-b622-4050-851f-23f82122d515,46,user,6,247,36,5,1,7,0.194444,0.291667,True,"Analyze in detail the technical and iconographic relationship between Flemish panel painting and Italian Renaissance painting in the second half of the 15th century — what Italian painters adopted from the north, what they rejected, and why."
61,topic_3,0c69e3db-b622-4050-851f-23f82122d515,46,assistant,262,537,43,5,1,7,0.162791,0.162791,False,"**Adoption of Oil Medium and Glazing Techniques:** The most significant technical adoption by Italian painters in the late 15th century (notably Giovanni Bellini and later Giorgione and Titian) was the transition from egg tempera to oil paint, a medium mastered in the North."
61,topic_3,0c69e3db-b622-4050-851f-23f82122d515,46,assistant,538,711,26,3,0,3,0.115385,0.115385,False,"Flemish painters like Jan van Eyck and Rogier van der Weyden demonstrated how oil glazes could create luminous, deep color saturation and seamless transitions between tones."
61,topic_3,0c69e3db-b622-4050-851f-23f82122d515,46,assistant,712,880,24,2,0,2,0.083333,0.083333,False,"Italians adopted this to achieve greater chromatic richness and atmospheric depth, moving away from the linear, hard-edged aesthetic of earlier Florentine tempera work."
61,topic_3,0c69e3db-b622-4050-851f-23f82122d515,46,assistant,881,1040,25,1,0,1,0.040000,0.040000,False,"The slower drying time of oil also allowed for more blending and correction, which aligned with the Italian growing interest in *sfumato* and tonal modeling. ("
61,topic_3,0c69e3db-b622-4050-851f-23f82122d515,46,assistant,1055,1257,25,3,0,3,0.120000,0.120000,False,"**Rejection of Northern Iconographic Clutter and Symbolism:** While Italians admired Northern technical precision, they largely rejected the dense, narrative-driven iconography typical of Flemish works."
61,topic_3,0c69e3db-b622-4050-851f-23f82122d515,46,assistant,1420,1587,24,2,0,2,0.083333,0.083333,False,"Italian Renaissance humanism, influenced by classical revival and a focus on idealized form, preferred clarity of spatial arrangement and the centrality of the figure."
61,topic_3,0c69e3db-b622-4050-851f-23f82122d515,46,assistant,1588,1830,34,1,0,1,0.029412,0.029412,False,"Italian painters viewed excessive detail as distracting from the primary narrative or the idealized beauty of the human form, leading them to simplify backgrounds and focus on compositional harmony rather than encyclopedic visual inventory. ("
61,topic_3,0c69e3db-b622-4050-851f-23f82122d515,46,assistant,1845,2063,32,2,0,2,0.062500,0.062500,False,"**Adoption of Textural Realism and Material Description:** Italian painters adopted the Flemish ability to render diverse material textures—the sheen of silk, the roughness of wool, the reflectivity of metal and glass."
61,topic_3,0c69e3db-b622-4050-851f-23f82122d515,46,assistant,2064,2219,27,2,0,2,0.074074,0.074074,False,"This is evident in Bellini’s later works and the Veronese school, where the tactile quality of fabrics and objects became a marker of prestige and realism."
61,topic_3,0c69e3db-b622-4050-851f-23f82122d515,46,assistant,2302,2569,35,5,0,5,0.142857,0.142857,False,"The Northern tradition often used localized lighting to highlight specific objects; Italians unified lighting under a single, consistent naturalistic source to enhance the illusion of three-dimensional space, merging Northern texture with Italian spatial coherence. ("
61,topic_3,0c69e3db-b622-4050-851f-23f82122d515,46,assistant,2584,2788,27,2,0,2,0.074074,0.074074,False,**Rejection of Linear Discontinuity and Lack of Anatomical Rigor:** Italian painters rejected the Northern tendency to prioritize surface pattern and detail over structural volume and anatomical accuracy.
61,topic_3,0c69e3db-b622-4050-851f-23f82122d515,46,assistant,2789,3009,29,5,0,5,0.172414,0.172414,False,"Flemish figures, while beautifully rendered, often lacked the rigorous sculptural mass and dynamic anatomical underpinning derived from Greek and Roman models that Italian artists (like Leonardo and Michelangelo) sought."
61,topic_3,0c69e3db-b622-4050-851f-23f82122d515,46,assistant,3010,3189,22,2,0,2,0.090909,0.090909,False,"The Italian *disegno* (drawing/design) tradition emphasized the internal structure of the figure, whereas the Northern *colore* tradition sometimes prioritized surface appearance."
61,topic_3,0c69e3db-b622-4050-851f-23f82122d515,46,assistant,3190,3345,22,2,0,2,0.090909,0.090909,False,"Italians adopted Northern realism only insofar as it enhanced, rather than obscured, the structural integrity and idealized proportion of the human body. ("
61,topic_3,0c69e3db-b622-4050-851f-23f82122d515,46,assistant,3360,3483,20,3,0,3,0.150000,0.150000,False,"**Synthesis in the Venetian School:** The convergence was most pronounced in Venice, due to its trade links with the North."
61,topic_3,0c69e3db-b622-4050-851f-23f82122d515,46,assistant,3484,3607,16,2,0,2,0.125000,0.125000,False,"Artists like Giovanni Bellini studied Northern prints and panels, adopting their oil technique and atmospheric perspective."
61,topic_3,0c69e3db-b622-4050-851f-23f82122d515,46,assistant,3608,3756,20,1,0,1,0.050000,0.050000,False,"However, they rejected the Northern emotional intensity and small-scale intimacy in favor of monumental public altarpieces and grander compositions."
61,topic_3,0c69e3db-b622-4050-851f-23f82122d515,46,assistant,3757,4046,39,3,0,3,0.076923,0.076923,False,"The result was a synthesis: Venetian painting retained the Italian emphasis on monumental form and classical composition while employing Northern oil techniques to achieve unparalleled colorism and light effects, ultimately creating a distinct style that influenced the High Renaissance. ("
61,topic_3,59479698-eb5e-4ad4-b34c-625db9a8335c,47,user,6,238,30,2,1,4,0.133333,0.200000,False,"Walk me through the complete process of commissioning a major altarpiece in 15th-century Italy — from initial negotiation and contract terms through iconographic specification, technical requirements, delivery, and payment disputes."
61,topic_3,59479698-eb5e-4ad4-b34c-625db9a8335c,47,assistant,1495,1743,38,1,0,1,0.026316,0.026316,False,"**Technical Requirements and Material Standards:** The contract specified technical constraints, such as the use of poplar or walnut wood panels (preferred for stability in Italy), the application of gesso ground, and the use of oil or egg tempera."
61,topic_3,59479698-eb5e-4ad4-b34c-625db9a8335c,47,assistant,2774,2983,27,1,0,1,0.037037,0.037037,False,"**Delivery, Installation, and Final Acceptance (*Collaudo*):** Upon completion, the altarpiece was physically transported to the church or chapel, often requiring special permits or escorts for valuable works."
61,topic_3,59479698-eb5e-4ad4-b34c-625db9a8335c,47,assistant,3391,3501,16,2,0,2,0.125000,0.125000,False,**Payment Schedule and Disputes:** Payment was rarely a lump sum; it was typically structured in installments.
61,topic_3,59479698-eb5e-4ad4-b34c-625db9a8335c,47,assistant,3590,3752,24,1,0,1,0.041667,0.041667,False,"Subsequent payments were released upon the completion of key stages (e.g., after gilding, after painting was half-finished) and the final balance upon acceptance."
61,topic_3,59479698-eb5e-4ad4-b34c-625db9a8335c,47,assistant,4045,4254,29,2,1,4,0.137931,0.137931,False,The commissioning of a 15th-century Italian altarpiece was a complex legal and artistic transaction governed by detailed contracts that balanced artistic freedom with patronal control and financial security. (
61,topic_3,29e1ec0b-909e-4b9a-a17d-1803cb3f5fba,48,user,6,181,25,4,1,6,0.240000,0.360000,True,Compare and contrast how the Franciscan and Dominican orders shaped the iconographic programs and physical settings of the altarpieces they commissioned in 15th-century Italy.
61,topic_3,29e1ec0b-909e-4b9a-a17d-1803cb3f5fba,48,assistant,197,409,27,1,0,1,0.037037,0.037037,False,"**Theological Focus and Iconographic Programs:** The Franciscan Order emphasized affective piety and the humanity of Christ, leading to altarpieces that highlighted the Passion, humility, and accessible devotion."
61,topic_3,29e1ec0b-909e-4b9a-a17d-1803cb3f5fba,48,assistant,410,631,30,1,0,1,0.033333,0.033333,False,"Their iconography often featured the *Sacra Conversazione* (Holy Conversation) with a strong emphasis on the Sorrowful Mother, the wounded Christ, and scenes of martyrdom or stigmata to encourage emotional identification."
61,topic_3,29e1ec0b-909e-4b9a-a17d-1803cb3f5fba,48,assistant,632,864,36,3,0,3,0.083333,0.083333,False,"In contrast, the Dominican Order, with its scholastic roots and focus on the intellectual pursuit of truth and the Triumph of the Church, commissioned works that reflected doctrinal orthodoxy, the Eucharist, and the glory of Heaven."
61,topic_3,29e1ec0b-909e-4b9a-a17d-1803cb3f5fba,48,assistant,865,1133,40,5,0,5,0.125000,0.125000,False,"Their altarpieces often depicted the Virgin in Majesty, the Coronation of the Virgin, or complex theological narratives involving saints like Dominic or Catherine of Siena, serving as visual catechism and reinforcing the order’s role in preaching and combating heresy."
61,topic_3,29e1ec0b-909e-4b9a-a17d-1803cb3f5fba,48,assistant,1602,1784,24,1,0,1,0.041667,0.041667,False,"Conversely, Dominican altarpieces were frequently placed in more monumental, Gothic-influenced churches with high naves, reflecting the order’s urban prominence and academic stature."
61,topic_3,29e1ec0b-909e-4b9a-a17d-1803cb3f5fba,48,assistant,1785,2042,37,1,0,1,0.027027,0.027027,False,"These works were often integrated into elaborate stone or marble *tempietti* or retables that visually separated the sacred altar space, emphasizing the hierarchical nature of the liturgy and the Eucharistic mystery, which was central to Dominican theology."
61,topic_3,29e1ec0b-909e-4b9a-a17d-1803cb3f5fba,48,assistant,2048,2379,49,4,0,4,0.081633,0.081633,False,"**Artist Selection and Aesthetic Preferences:** Franciscan commissions often favored artists who could convey narrative immediacy and emotional depth, such as Fra Angelico (who was himself an observant Franciscan) or the early works of Masaccio, whose naturalism served the order’s goal of making the divine relatable to the laity."
61,topic_3,29e1ec0b-909e-4b9a-a17d-1803cb3f5fba,48,assistant,2489,2718,32,2,0,2,0.062500,0.062500,False,"Dominicans, aligned with the intellectual elite and powerful urban guilds, often commissioned leading masters like Fra Filippo Lippi or Andrea del Castagno to create works of high technical sophistication and complex perspective."
61,topic_3,29e1ec0b-909e-4b9a-a17d-1803cb3f5fba,48,assistant,2894,3100,29,1,0,1,0.034483,0.034483,False,"**Patronage and Socio-Economic Context:** Franciscan patrons often included merchant guilds, confraternities, and the growing urban middle class who identified with the order’s ideals of poverty and reform."
61,topic_3,29e1ec0b-909e-4b9a-a17d-1803cb3f5fba,48,assistant,3244,3488,33,3,0,3,0.090909,0.090909,False,"Dominican patrons were frequently high-ranking civic officials, powerful banking families (like the Medici), and university elites, reflecting the order’s integration with the political and intellectual power structures of cities like Florence."
61,topic_3,29e1ec0b-909e-4b9a-a17d-1803cb3f5fba,48,assistant,3747,3936,28,2,1,4,0.142857,0.142857,False,"**Evolution and Regional Variations:** By the late 15th century, the distinctions between the orders’ commissions began to blur as both adopted the humanist trends of the Early Renaissance."
61,topic_3,29e1ec0b-909e-4b9a-a17d-1803cb3f5fba,48,assistant,3937,4098,23,3,0,3,0.130435,0.130435,False,"However, the Franciscan emphasis on the Incarnation and suffering remained distinct in the continued popularity of Pietà and Crucifixion cycles in their chapels."
61,topic_3,29e1ec0b-909e-4b9a-a17d-1803cb3f5fba,48,assistant,4099,4317,30,2,0,2,0.066667,0.066667,False,"The Dominicans maintained a stronger focus on the Transfiguration and the theological hierarchy, often incorporating more complex architectural perspectives in their retables to mirror the ordered nature of the cosmos."
61,topic_3,29e1ec0b-909e-4b9a-a17d-1803cb3f5fba,48,assistant,4318,4643,48,6,0,6,0.125000,0.125000,False,"In cities like Siena, Franciscan altarpieces were often more intimate and narrative-driven, while in Florence, Dominican commissions (such as those for Santa Maria Novella) were grander and more integrated into the overall architectural program of the church, reflecting the respective local power dynamics of the two orders."
61,topic_3,29e1ec0b-909e-4b9a-a17d-1803cb3f5fba,48,assistant,4645,5019,44,6,1,8,0.181818,0.181818,False,"The iconographic and physical differences between Franciscan and Dominican altarpieces in 15th-century Italy reflect their divergent theological priorities: Franciscan works emphasized emotional accessibility and communal piety in simpler settings, while Dominican works highlighted doctrinal orthodoxy and hierarchical glory within more monumental architectural contexts. ("
61,topic_3,d9633653-d68a-4fab-9b7e-5fec8fede598,49,user,6,242,31,2,1,4,0.129032,0.193548,False,"What are all the conservation challenges specific to 15th-century Italian panel paintings — ground preparation failures, pigment degradation, support movement, and the interventions that have been most and least successful historically?"
61,topic_3,d9633653-d68a-4fab-9b7e-5fec8fede598,49,assistant,257,476,32,4,1,6,0.187500,0.187500,False,**Ground Preparation Failures (Sinopia and Gesso): The Foundation of Degradation:** 15th-century panel paintings typically utilized a lime-gesso ground (animal glue mixed with gypsum or chalk) applied over a wood panel.
61,topic_3,d9633653-d68a-4fab-9b7e-5fec8fede598,49,assistant,933,1172,33,2,1,4,0.121212,0.121212,False,"Historically, the most successful intervention for this is mechanical stabilization: cleaning the voids, injecting reversible conservation-grade adhesives (such as Klucel G or Paraloid B-72 in acetone), and weighting the panel until cured."
61,topic_3,d9633653-d68a-4fab-9b7e-5fec8fede598,49,assistant,1375,1488,15,1,1,3,0.200000,0.200000,False,**Pigment Degradation and Chemical Instability:** Many pigments used in the 15th century are chemically unstable.
61,topic_3,d9633653-d68a-4fab-9b7e-5fec8fede598,49,assistant,2199,2411,31,1,2,5,0.161290,0.161290,False,"The least successful interventions were aggressive chemical cleaning with strong acids or alkalis in the 19th and early 20th centuries, which often stripped original varnishes and damaged the paint film itself. ("
61,topic_3,d9633653-d68a-4fab-9b7e-5fec8fede598,49,assistant,2670,2785,19,1,1,3,0.157895,0.157895,False,"In 15th-century paintings, panels were often joined with glue, which can fail, leading to separation of the boards."
61,topic_3,d9633653-d68a-4fab-9b7e-5fec8fede598,49,assistant,3364,3542,26,3,1,5,0.192308,0.192308,False,**Varnish Yellowing and Overpainting:** 15th-century paintings were often coated with natural resin varnishes (such as mastic or dammar) to enhance depth and protect the surface.
61,topic_3,d9633653-d68a-4fab-9b7e-5fec8fede598,49,assistant,3543,3629,12,1,0,1,0.083333,0.083333,False,"Over centuries, these varnishes yellow and brown, altering the original color balance."
61,topic_3,d9633653-d68a-4fab-9b7e-5fec8fede598,49,assistant,4238,4377,18,1,0,1,0.055556,0.055556,False,"**Biological Attack and Conservation Ethics:** Panels are susceptible to woodworm, mold, and fungal attack, especially in humid conditions."
61,topic_3,d9633653-d68a-4fab-9b7e-5fec8fede598,49,assistant,4378,4455,16,1,0,1,0.062500,0.062500,False,Mold can grow on the glue in the gesso or on organic components in the paint.
61,topic_3,d9633653-d68a-4fab-9b7e-5fec8fede598,49,assistant,5042,5320,35,2,1,4,0.114286,0.114286,False,"Conservation of 15th-century Italian panel paintings requires a multidisciplinary approach focusing on environmental stabilization, mechanical reinforcement, and chemically compatible cleaning methods to preserve both the material integrity and the artistic value of the work. ("
61,topic_3,6c9d1ae4-4a68-417b-a99a-15fdde4043f1,50,user,6,249,35,4,2,8,0.228571,0.342857,True,"Explain the full development of portraiture as an independent genre in Italian Renaissance painting between 1450 and 1510, from the profile portrait convention through to the three-quarter and frontal formats associated with Flemish influence."
61,topic_3,6c9d1ae4-4a68-417b-a99a-15fdde4043f1,50,assistant,265,440,23,4,2,8,0.347826,0.347826,True,**The Profile Portrait Convention (c. 1450–1475):** The early phase of Italian Renaissance portraiture was heavily influenced by ancient Roman coinage and imperial medallions.
61,topic_3,6c9d1ae4-4a68-417b-a99a-15fdde4043f1,50,assistant,441,608,28,3,0,3,0.107143,0.107143,False,"Artists like Antonello da Messina (in his early period) and Piero della Francesca (e.g., *Portrait of a Man with a Medal of Augustus*) adopted the strict profile view."
61,topic_3,6c9d1ae4-4a68-417b-a99a-15fdde4043f1,50,assistant,1031,1300,37,5,3,11,0.297297,0.297297,True,"**Introduction of the Three-Quarter View and Flemish Influence (c. 1475–1490):** The arrival of Antonello da Messina in Venice around 1475, bringing the techniques of Early Netherlandish painting (particularly oil medium and detailed realism), revolutionized the genre."
61,topic_3,6c9d1ae4-4a68-417b-a99a-15fdde4043f1,50,assistant,1301,1409,18,5,0,5,0.277778,0.277778,True,"Influenced by Jan van Eyck and Rogier van der Weyden, Italian artists began adopting the three-quarter view."
61,topic_3,6c9d1ae4-4a68-417b-a99a-15fdde4043f1,50,assistant,1410,1626,34,2,1,4,0.117647,0.117647,False,"This format, seen in works like Antonello’s *Portrait of a Man* (c. 1475), allowed for a more naturalistic depiction of the face, capturing asymmetry and individual physiognomy with greater accuracy than the profile."
61,topic_3,6c9d1ae4-4a68-417b-a99a-15fdde4043f1,50,assistant,1816,2080,36,4,2,8,0.222222,0.222222,False,"**The Emergence of Environmental Portraiture (c. 1480–1500):** As the three-quarter view became standard, artists began to situate their subjects within specific architectural or natural environments, a hallmark of Flemish realism adapted to Italian spatial logic."
61,topic_3,6c9d1ae4-4a68-417b-a99a-15fdde4043f1,50,assistant,2081,2242,21,2,0,2,0.095238,0.095238,False,"Sandro Botticelli and Domenico Ghirlandaio incorporated landscapes or interior settings that hinted at the sitter’s profession, wealth, or intellectual pursuits."
61,topic_3,6c9d1ae4-4a68-417b-a99a-15fdde4043f1,50,assistant,2331,2556,34,3,0,3,0.088235,0.088235,False,"The *Portrait of Simonetta Vespucci* by Botticelli, while still somewhat idealized, reflects this blend of Italian linear grace with a growing interest in the sitter’s specific identity and status within a recognizable world."
61,topic_3,6c9d1ae4-4a68-417b-a99a-15fdde4043f1,50,assistant,2562,2797,36,6,3,12,0.333333,0.333333,True,"**The Frontal View and Psychological Depth (c. 1490–1505):** By the late 15th century, artists like Leonardo da Vinci began to experiment with the frontal three-quarter view that engaged the viewer directly, breaking the ""fourth wall."""
61,topic_3,6c9d1ae4-4a68-417b-a99a-15fdde4043f1,50,assistant,2798,2987,30,2,2,6,0.200000,0.200000,False,"In the *Portrait of Ginevra de' Benci* (c. 1474–1478) and later works like the *Lady with an Ermine*, Leonardo utilized sfumato to soften contours and create a lifelike, breathing presence."
61,topic_3,6c9d1ae4-4a68-417b-a99a-15fdde4043f1,50,assistant,3233,3377,19,3,0,3,0.157895,0.157895,False,The influence of Flemish meticulousness merged with Italian High Renaissance idealism to create a new standard of individualized representation.
61,topic_3,6c9d1ae4-4a68-417b-a99a-15fdde4043f1,50,assistant,3383,3588,31,3,3,9,0.290323,0.290323,True,"**Synthesis and the High Renaissance Portrait (c. 1505–1510):** By the first decade of the 16th century, the genre had fully matured into an independent form distinct from religious or historical painting."
61,topic_3,6c9d1ae4-4a68-417b-a99a-15fdde4043f1,50,assistant,3589,3748,24,3,0,3,0.125000,0.125000,False,"Artists like Raphael and Titian synthesized the profile’s statuary authority, the three-quarter view’s realism, and the frontal view’s psychological intensity."
61,topic_3,6c9d1ae4-4a68-417b-a99a-15fdde4043f1,50,assistant,3749,3954,30,2,0,2,0.066667,0.066667,False,"Raphael’s *Portrait of Baldassare Castiglione* exemplifies this synthesis, using a three-quarter pose against a deep landscape to convey both the sitter’s diplomatic refinement and his inner contemplation."
61,topic_3,6707cd60-4366-48cb-bc90-210f82d15634,51,user,6,275,37,4,2,8,0.216216,0.324324,True,"Analyze in detail how the study of ancient sculpture and architectural fragments shaped the visual vocabulary of Italian Renaissance painters working in the 1470s and 1480s — specific motifs, compositional strategies, and the theoretical framework they operated within."
61,topic_3,6707cd60-4366-48cb-bc90-210f82d15634,51,assistant,290,513,28,5,2,9,0.321429,0.321429,True,"**Theoretical Framework: Humanism and *Disegno*:** During the 1470s and 1480s, Italian painters operated within a theoretical framework heavily influenced by Neoplatonic Humanism, championed by figures like Marsilio Ficino."
61,topic_3,6707cd60-4366-48cb-bc90-210f82d15634,51,assistant,1063,1227,23,2,0,2,0.086957,0.086957,False,**Adoption of the Herm and Niche Compositional Strategy:** Ancient Roman funerary architecture often featured busts set within niches or free-standing herm statues.
61,topic_3,6707cd60-4366-48cb-bc90-210f82d15634,51,assistant,1228,1356,19,5,1,7,0.368421,0.368421,True,"Renaissance painters, such as Botticelli and Piero della Francesca, adapted this into the standard portrait format of the 1470s."
61,topic_3,6707cd60-4366-48cb-bc90-210f82d15634,51,assistant,1675,1880,26,1,0,1,0.038462,0.038462,False,"**Idealized Physiognomy and Geometric Proportion:** Ancient sculpture provided a model for idealized human proportions, contrasting with the often idiosyncratic or stylized figures of the Gothic tradition."
61,topic_3,6707cd60-4366-48cb-bc90-210f82d15634,51,assistant,1881,1979,13,1,0,1,0.076923,0.076923,False,Artists studied the *Canon of Proportions* derived from Polykleitos and other classical sculptors.
61,topic_3,6707cd60-4366-48cb-bc90-210f82d15634,51,assistant,1980,2112,20,3,1,5,0.250000,0.250000,False,"In the 1480s, painters like Leonardo da Vinci and Andrea Mantegna began applying these rigorous geometric ratios to facial features."
61,topic_3,6707cd60-4366-48cb-bc90-210f82d15634,51,assistant,2501,2727,37,2,1,4,0.108108,0.108108,False,"In the 1470s, painters began to depict drapery with a greater emphasis on underlying anatomical structure, using sharp, angular folds that revealed the form of the body beneath, much like the wet drapery of Greek kore statues."
61,topic_3,6707cd60-4366-48cb-bc90-210f82d15634,51,assistant,2728,2950,30,1,0,1,0.033333,0.033333,False,"Additionally, motifs like the *pignatta* (a type of hat) or specific hairstyles often referenced ancient Roman imperial portraiture, signaling the sitter's intellectual alignment with classical learning and civic humanism."
61,topic_3,6707cd60-4366-48cb-bc90-210f82d15634,51,assistant,2955,3144,23,3,1,5,0.217391,0.217391,False,"**Integration of Architectural Framing and Ruins:** As the decade progressed into the 1480s, painters increasingly incorporated architectural elements from antiquity into their backgrounds."
61,topic_3,6707cd60-4366-48cb-bc90-210f82d15634,51,assistant,3278,3478,32,4,2,8,0.250000,0.250000,False,"In portraits by artists like Giorgione (late 1480s/early 1490s) or in the backgrounds of works by Mantegna, these fragments suggested that the subject was part of a continuous lineage of civilization."
61,topic_3,6707cd60-4366-48cb-bc90-210f82d15634,51,assistant,3479,3674,26,1,0,1,0.038462,0.038462,False,"The architectural framing often utilized perspective techniques derived from the study of Roman spatial organization, creating a rational, measurable space that housed the idealized human figure."
61,topic_3,6707cd60-4366-48cb-bc90-210f82d15634,51,assistant,3679,3931,36,3,2,7,0.194444,0.194444,False,"**The *Sprezzatura* and Psychological Depth:** While early 1470s portraits were static like statues, the study of Hellenistic sculpture, which often captured subtle emotional states and movement, influenced the evolution of the genre in the late 1480s."
61,topic_3,6707cd60-4366-48cb-bc90-210f82d15634,51,assistant,4089,4360,42,2,1,4,0.095238,0.095238,False,"The three-quarter view, increasingly popular by the 1480s, allowed for a more dynamic representation of character, blending the sculptural solidity of the form with a new interest in individual personality and inner life, paving the way for the High Renaissance portrait."
61,topic_3,14ea86d2-a1d9-4b80-bff3-74f13efe6a11,52,user,6,241,34,3,1,5,0.147059,0.220588,False,Walk me through the complete technical analysis that would be conducted on a 15th-century Italian panel painting today — from X-ray radiography through infrared reflectography through pigment sampling — and what each technique reveals.
61,topic_3,14ea86d2-a1d9-4b80-bff3-74f13efe6a11,52,assistant,256,363,15,1,0,1,0.066667,0.066667,False,**X-ray Radiography (X-radiography):** This is typically the first non-invasive imaging technique employed.
61,topic_3,14ea86d2-a1d9-4b80-bff3-74f13efe6a11,52,assistant,1076,1300,30,4,2,8,0.266667,0.266667,False,**Infrared Reflectography (IRR):** This technique exploits the transparency of many opaque paint layers (particularly carbon black and earth pigments) to infrared radiation (typically wavelengths between 700 nm and 1700 nm).
61,topic_3,14ea86d2-a1d9-4b80-bff3-74f13efe6a11,52,assistant,1301,1450,23,1,0,1,0.043478,0.043478,False,"Since infrared light penetrates the colored top layers and is reflected or absorbed by the underdrawing, IRR reveals the artist's preparatory sketch."
61,topic_3,14ea86d2-a1d9-4b80-bff3-74f13efe6a11,52,assistant,1451,1631,27,2,1,4,0.148148,0.148148,False,"In 15th-century Italian panel paintings, this often shows the use of *cartons* (pounced lines), freehand drawings in charcoal or ink, or specific linear techniques like *spolvero*."
61,topic_3,14ea86d2-a1d9-4b80-bff3-74f13efe6a11,52,assistant,1794,2020,32,1,0,1,0.031250,0.031250,False,"**Ultraviolet-Visible (UV-Vis) Fluorescence Imaging:** Often conducted alongside X-ray and IRR, UV imaging uses short-wave ultraviolet light to cause organic materials (like varnishes, resins, and certain glazes) to fluoresce."
61,topic_3,14ea86d2-a1d9-4b80-bff3-74f13efe6a11,52,assistant,2318,2509,25,2,0,2,0.080000,0.080000,False,**Visible Reflectance Spectroscopy (VRS) and Hyperspectral Imaging:** These non-invasive techniques analyze the reflectance properties of the paint surface across a wide range of wavelengths.
61,topic_3,14ea86d2-a1d9-4b80-bff3-74f13efe6a11,52,assistant,2698,2956,38,1,0,1,0.026316,0.026316,False,"This is particularly useful for detecting invisible pigments, such as ultramarine (lapis lazuli), which was extremely expensive and reserved for key figures like the Virgin Mary, helping to authenticate the work and understand its original cost and prestige."
61,topic_3,14ea86d2-a1d9-4b80-bff3-74f13efe6a11,52,assistant,2961,3143,30,2,1,4,0.133333,0.133333,False,"**Micro-Sampling and Cross-Section Analysis:** If non-invasive methods are inconclusive, a microscopic sample (often less than 1mm in diameter) is taken from a discrete area or edge."
61,topic_3,14ea86d2-a1d9-4b80-bff3-74f13efe6a11,52,assistant,3144,3378,33,3,0,3,0.090909,0.090909,False,"This sample is embedded in epoxy, polished, and analyzed under a microscope (Optical Microscopy) and with advanced techniques like Scanning Electron Microscopy with Energy Dispersive X-ray Spectroscopy (SEM-EDS) or Raman Spectroscopy."
61,topic_3,14ea86d2-a1d9-4b80-bff3-74f13efe6a11,52,assistant,3531,3608,15,1,1,3,0.200000,0.200000,False,"In the 15th century, a thick layer of animal glue and chalk/gesso is typical."
61,topic_3,14ea86d2-a1d9-4b80-bff3-74f13efe6a11,52,assistant,3617,3786,19,1,0,1,0.052632,0.052632,False,"**Pigment Identification:** SEM-EDS identifies elemental composition (e.g., presence of lead, copper, mercury), while Raman Spectroscopy identifies molecular structures."
61,topic_3,14ea86d2-a1d9-4b80-bff3-74f13efe6a11,52,assistant,3952,4143,25,1,0,1,0.040000,0.040000,False,**Fourier Transform Infrared Spectroscopy (FTIR) and Gas Chromatography-Mass Spectrometry (GC-MS):** These chemical analyses are performed on the micro-samples to identify organic components.
61,topic_3,14ea86d2-a1d9-4b80-bff3-74f13efe6a11,52,assistant,4144,4261,18,1,0,1,0.055556,0.055556,False,"FTIR identifies binding media (e.g., linseed oil, walnut oil, or egg tempera) and varnishes (e.g., mastic or dammar)."
61,topic_3,14ea86d2-a1d9-4b80-bff3-74f13efe6a11,52,assistant,4262,4366,17,1,0,1,0.058824,0.058824,False,GC-MS can further break down complex organic mixtures to identify specific fatty acids or resin markers.
61,topic_3,14ea86d2-a1d9-4b80-bff3-74f13efe6a11,52,assistant,4367,4668,52,4,1,6,0.115385,0.115385,False,"This is crucial for determining whether the work is a pure oil painting, a tempera, or a mixed-media work (e.g., tempera ground with oil color glazes), a common transition technique in the mid-to-late 15th century as artists like Antonello da Messina and Bellini adopted oil techniques from the North."
61,topic_3,c57c8248-7923-4b38-8020-d6323348d7d9,53,user,6,226,30,2,0,2,0.066667,0.100000,False,"Compare and contrast the workshop practices of major Italian Renaissance masters — how assistants were trained, how hands were divided on major commissions, and how historians distinguish master from workshop production."
61,topic_3,c57c8248-7923-4b38-8020-d6323348d7d9,53,assistant,242,514,38,7,0,7,0.184211,0.184211,False,"**Apprenticeship and Training Hierarchy:** The training structure in Italian Renaissance workshops (*botteghe*) was rigidly hierarchical and governed by guild statutes (e.g., the *Arte dei Medici e Speziali* for painters like Giotto or the *Arte dei Pittori* in Florence)."
61,topic_3,c57c8248-7923-4b38-8020-d6323348d7d9,53,assistant,882,1052,23,1,2,5,0.217391,0.217391,False,"This multi-year process (often 7–10 years) ensured that assistants internalized the master’s style, iconography, and technical methods before becoming masters themselves."
61,topic_3,c57c8248-7923-4b38-8020-d6323348d7d9,53,assistant,1058,1228,24,1,0,1,0.041667,0.041667,False,"**Division of Labor on Major Commissions:** In large-scale projects, particularly frescoes or polyptychs, the master painter acted primarily as the designer and director."
61,topic_3,c57c8248-7923-4b38-8020-d6323348d7d9,53,assistant,1565,1828,40,2,0,2,0.050000,0.050000,False,"In workshops like that of Raphael or Perugino, the master might sketch the composition and outline the figures, while numerous assistants filled in the color under his direct supervision, effectively industrializing the production of high art to meet high demand."
61,topic_3,c57c8248-7923-4b38-8020-d6323348d7d9,53,assistant,1834,2018,24,1,0,1,0.041667,0.041667,False,**Distinguishing Master from Workshop Production:** Historians and conservators use a combination of stylistic analysis and technical examination to attribute specific parts of a work.
61,topic_3,c57c8248-7923-4b38-8020-d6323348d7d9,53,assistant,2391,2500,13,3,0,3,0.230769,0.230769,False,"**Infrared Reflectography (IRR):** As discussed in previous technical analyses, IRR reveals the underdrawing."
61,topic_3,c57c8248-7923-4b38-8020-d6323348d7d9,53,assistant,3187,3356,26,2,0,2,0.076923,0.076923,False,"**The Concept of ""Autograph"" vs. ""Attributed"":** Modern scholarship rarely views a Renaissance painting as solely the work of one individual if it is a large commission."
61,topic_3,c57c8248-7923-4b38-8020-d6323348d7d9,53,assistant,3357,3577,35,1,0,1,0.028571,0.028571,False,"Instead, the label ""Autograph"" may refer to the master’s involvement in the design and key passages, while ""Workshop of"" implies the master supervised the production but may have executed little of the paint application."
61,topic_3,2947abae-d524-430c-a27e-119caecfeb0b,54,user,6,269,44,2,1,4,0.090909,0.136364,False,"What are all the factors that have contributed to the uneven survival rate of 15th-century Italian panel paintings — which types of works survive in greatest numbers, which are most lost, and what does this survivorship bias do to our understanding of the period?"
61,topic_3,2947abae-d524-430c-a27e-119caecfeb0b,54,assistant,284,417,18,2,0,2,0.111111,0.111111,False,**Survival of Large Altarpieces and Polyptychs:** Multi-panel altarpieces intended for church altars survive in the greatest numbers.
61,topic_3,2947abae-d524-430c-a27e-119caecfeb0b,54,assistant,793,951,21,1,0,1,0.047619,0.047619,False,"**Loss of Small, Portable, and Private Works:** Small devotional panels, portraits, and secular scenes intended for private homes are disproportionately lost."
61,topic_3,2947abae-d524-430c-a27e-119caecfeb0b,54,assistant,1369,1563,26,3,1,5,0.192308,0.192308,False,"**Impact of Woodworm and Environmental Degradation:** Poplar wood, the standard support for 15th-century Italian panels, is highly susceptible to woodworm (Anobium punctatum) attack and warping."
61,topic_3,2947abae-d524-430c-a27e-119caecfeb0b,54,assistant,2610,2961,46,4,1,6,0.130435,0.130435,False,"**Survivorship Bias and Historical Understanding:** The uneven survival rate creates a skewed perception of 15th-century art history, overrepresenting the work of artists who produced large, public commissions for wealthy institutions (e.g., Fra Angelico, Masaccio) while underrepresenting those who specialized in small-scale, private devotional art."
61,topic_3,fa1661cb-0cde-4a4d-b2a2-926d5d3653a2,55,user,41,185,24,3,1,5,0.208333,0.312500,True,The painting known as The Annunciation of Forlì was completed in 1483 by Melozzo da Forlì under the patronage of Cardinal Giuliano della Rovere.
61,topic_3,fa1661cb-0cde-4a4d-b2a2-926d5d3653a2,55,assistant,329,463,19,3,1,5,0.263158,0.263158,False,"**Work Identification:** The painting is indeed *The Annunciation of Forlì* (also known as *The Forlì Annunciation*), created in 1483."
61,topic_3,fa1661cb-0cde-4a4d-b2a2-926d5d3653a2,55,assistant,530,643,16,1,0,1,0.062500,0.062500,False,**Patron Identification:** The patron was Cardinal Giuliano della Rovere (who would later become Pope Julius II).
61,topic_3,fa1661cb-0cde-4a4d-b2a2-926d5d3653a2,55,assistant,647,776,20,2,0,2,0.100000,0.100000,False,**Commission Context and Location:** The altarpiece was commissioned for the High Altar of the Basilica of San Domenico in Forlì.
61,topic_3,fa1661cb-0cde-4a4d-b2a2-926d5d3653a2,55,assistant,777,1009,40,1,0,1,0.025000,0.025000,False,"Cardinal della Rovere was a prominent figure in the papal court and a major patron of the arts; this commission occurred during a period when he was establishing his artistic agenda, which would later define the papacy of Julius II."
61,topic_3,fa1661cb-0cde-4a4d-b2a2-926d5d3653a2,55,assistant,1013,1261,37,2,0,2,0.054054,0.054054,False,"**Artistic and Historical Significance:** The work is famous for its innovative use of perspective and foreshortening, particularly in the depiction of the angel Gabriel descending from above and Saint Dominic rising from below to receive the news."
61,topic_3,fa1661cb-0cde-4a4d-b2a2-926d5d3653a2,55,assistant,1262,1408,20,2,0,2,0.100000,0.100000,False,It demonstrates Melozzo's mastery of spatial dynamics and influenced subsequent High Renaissance approaches to spatial illusion in panel painting.
61,topic_3,d0a5f76b-1291-4021-8510-0e09e19938b5,56,user,6,192,28,1,0,1,0.035714,0.053571,False,Analyze in detail the pigment technique used in The Annunciation of Forlì — specifically the lead white ground preparation and the ultramarine glaze layers that Melozzo da Forlì applied.
61,topic_3,d0a5f76b-1291-4021-8510-0e09e19938b5,56,assistant,299,481,27,1,0,1,0.037037,0.037037,False,**Lead White Ground Preparation:** Melozzo da Forlì utilized a traditional and high-quality preparation involving a lead white ground applied over a gesso (chalk and glue) substrate.
61,topic_3,d0a5f76b-1291-4021-8510-0e09e19938b5,56,assistant,956,1087,19,1,0,1,0.052632,0.052632,False,**Ultramarine Glaze Application:** The use of ultramarine (lapis lazuli) in glaze layers was a hallmark of High Renaissance luxury.
61,topic_3,d0a5f76b-1291-4021-8510-0e09e19938b5,56,assistant,1412,1627,33,2,0,2,0.060606,0.060606,False,"The blue robes of the Virgin or the angel Gabriel would have been executed with multiple glazes to achieve varying depths and volumes, demonstrating a sophisticated understanding of light physics and color theory. ("
61,topic_3,d0a5f76b-1291-4021-8510-0e09e19938b5,56,assistant,1642,1963,43,5,0,5,0.116279,0.116279,False,"**Implications for Training:** This technical approach suggests Melozzo was trained in the rigorous traditions of the Italian Renaissance workshop, likely influenced by the techniques of Fra Angelico or the Umbrian school (such as Perugino), who emphasized careful underdrawing (*disegno*) and layered glazing (*colore*)."
61,topic_3,d0a5f76b-1291-4021-8510-0e09e19938b5,56,assistant,1964,2167,31,2,0,2,0.064516,0.064516,False,"The mastery of glazing indicates formal training in the chemistry of pigments and the handling of oil media, which was becoming increasingly prevalent in Italy following the spread of Flemish techniques."
61,topic_3,d0a5f76b-1291-4021-8510-0e09e19938b5,56,assistant,2322,2519,29,1,0,1,0.034483,0.034483,False,"**Implications for Patron's Expectations:** Cardinal Giuliano della Rovere, as a major papal figure and future Pope Julius II, expected the highest level of artistic excellence and material luxury."
61,topic_3,d0a5f76b-1291-4021-8510-0e09e19938b5,56,assistant,2520,2642,21,1,0,1,0.047619,0.047619,False,"The use of ultramarine, which was more expensive than gold at the time, signaled the Cardinal’s wealth, piety, and status."
61,topic_3,d0a5f76b-1291-4021-8510-0e09e19938b5,56,assistant,2643,2804,27,1,0,1,0.037037,0.037037,False,The commission for the High Altar of San Domenico required an image that was not only theologically sound but also visually stunning to inspire devotion and awe.
61,topic_3,d0a5f76b-1291-4021-8510-0e09e19938b5,56,assistant,3328,3487,23,1,0,1,0.043478,0.043478,False,This technique supported his innovative use of perspective and foreshortening by providing the tonal range necessary to model forms in three-dimensional space.
61,topic_3,6bd1fd08-b192-49b6-bbf2-d607db4cb1a7,57,user,6,250,39,3,0,3,0.076923,0.115385,False,"How does the compositional approach in The Annunciation of Forlì reflect Melozzo da Forlì's engagement with di sotto in sù perspective, and what does this tell us about Cardinal Giuliano della Rovere's iconographic ambitions for the commission?"
61,topic_3,6bd1fd08-b192-49b6-bbf2-d607db4cb1a7,57,assistant,265,471,29,1,0,1,0.034483,0.034483,False,**Vertical Axis and Diagonal Composition:** Melozzo da Forlì abandoned the traditional horizontal symmetry of earlier Annunciations in favor of a dynamic vertical axis that spans the entire pictorial space.
61,topic_3,6bd1fd08-b192-49b6-bbf2-d607db4cb1a7,57,assistant,472,609,21,2,0,2,0.095238,0.095238,False,"The composition is structured diagonally: the angel Gabriel descends from the upper right, while Saint Dominic rises from the lower left."
61,topic_3,6bd1fd08-b192-49b6-bbf2-d607db4cb1a7,57,assistant,937,1076,20,1,0,1,0.050000,0.050000,False,**Foreshortening and Spatial Illusion:** The most striking element of Melozzo’s approach is the extreme foreshortening of Gabriel’s figure.
61,topic_3,6bd1fd08-b192-49b6-bbf2-d607db4cb1a7,57,assistant,1259,1369,17,1,0,1,0.058824,0.058824,False,"This was a radical departure from the static, profile-based angelic figures of the International Gothic style."
61,topic_3,6bd1fd08-b192-49b6-bbf2-d607db4cb1a7,57,assistant,1370,1632,43,4,0,4,0.093023,0.093023,False,"By employing this technique on a vertical panel, Melozzo created a convincing illusion of three-dimensional volume protruding into the viewer’s space, a hallmark of *di sotto in sù* that would later be perfected by Correggio and Guido Reni in ceiling frescoes. ("
61,topic_3,6bd1fd08-b192-49b6-bbf2-d607db4cb1a7,57,assistant,1771,1952,29,1,0,1,0.034483,0.034483,False,"The drapery of the angel and the posture of Saint Dominic align with an invisible vanishing point located low in the picture plane, further enhancing the upward-looking perspective."
61,topic_3,6bd1fd08-b192-49b6-bbf2-d607db4cb1a7,57,assistant,1953,2205,41,1,0,1,0.024390,0.024390,False,"This integration of figure and space suggests that Melozzo was experimenting with the relationship between the painting’s surface and the viewer’s physical environment, treating the panel not just as a window but as a spatial extension of the chapel. ("
61,topic_3,6bd1fd08-b192-49b6-bbf2-d607db4cb1a7,57,assistant,2220,2438,32,2,0,2,0.062500,0.062500,False,**Cardinal della Rovere’s Iconographic Ambitions:** Cardinal Giuliano della Rovere (the future Pope Julius II) was a staunch advocate for the revival of classical antiquity and the grandeur of Roman imperial authority.
61,topic_3,6bd1fd08-b192-49b6-bbf2-d607db4cb1a7,57,assistant,2573,2819,36,2,0,2,0.055556,0.055556,False,"By commissioning a work that demonstrated such advanced spatial mastery, the Cardinal aligned himself with the humanist ideals of the High Renaissance, showcasing his patronage of the most innovative and technically proficient artists of the era."
61,topic_3,6bd1fd08-b192-49b6-bbf2-d607db4cb1a7,57,assistant,2820,3016,25,1,0,1,0.040000,0.040000,False,"The vertical composition also mirrored the hierarchical nature of his political and religious authority, positioning the divine mandate directly above the earthly representative (Saint Dominic). ("
61,topic_3,6bd1fd08-b192-49b6-bbf2-d607db4cb1a7,57,assistant,3031,3214,26,1,0,1,0.038462,0.038462,False,**Symbolism of Ascent and Divine Encounter:** The compositional focus on the moment of encounter between the celestial and terrestrial realms served the Cardinal’s theological agenda.
61,topic_3,6bd1fd08-b192-49b6-bbf2-d607db4cb1a7,57,assistant,3215,3306,14,1,0,1,0.071429,0.071429,False,It emphasized the immediacy of divine intervention and the sanctity of the Dominican order.
61,topic_3,6bd1fd08-b192-49b6-bbf2-d607db4cb1a7,57,assistant,3489,3638,24,2,0,2,0.083333,0.083333,False,This aligns with della Rovere’s broader strategy of using art to reinforce the spiritual and political legitimacy of his faction within the Church. (
61,topic_3,da21e4fc-71a6-4b2d-bee3-69caf2920a73,58,user,6,168,23,2,0,2,0.086957,0.130435,False,Compare and contrast the treatment of the angelic figure in The Annunciation of Forlì with contemporaneous Annunciation scenes by Filippino Lippi and Ghirlandaio.
61,topic_3,da21e4fc-71a6-4b2d-bee3-69caf2920a73,58,user,169,227,10,2,1,4,0.400000,0.600000,True,What distinguishes Melozzo da Forlì's approach as of 1483?
61,topic_3,da21e4fc-71a6-4b2d-bee3-69caf2920a73,58,assistant,288,481,30,2,1,4,0.133333,0.133333,False,"**Melozzo da Forlì (The Annunciation of Forlì, 1483):** Melozzo depicts Gabriel not as a static, profile-standing figure, but in extreme *di sotto in sù* (from below looking up) foreshortening."
61,topic_3,da21e4fc-71a6-4b2d-bee3-69caf2920a73,58,assistant,751,937,26,4,1,6,0.230769,0.230769,False,"**Filippino Lippi (e.g., The Tornabuoni Chapel Annunciation, c. 1488):** Lippi’s Gabriel is grounded in a precise, linear perspective architecture but remains largely frontal and static."
61,topic_3,da21e4fc-71a6-4b2d-bee3-69caf2920a73,58,assistant,938,1047,15,1,0,1,0.066667,0.066667,False,"The figure is elegant and rhythmic, adhering to the Florentine tradition of balanced, decorative composition."
61,topic_3,da21e4fc-71a6-4b2d-bee3-69caf2920a73,58,assistant,1190,1353,22,4,1,6,0.272727,0.272727,True,"**Domenico Ghirlandaio (e.g., The Tornabuoni Chapel Annunciation, c. 1490):** Similar to Lippi, Ghirlandaio’s Gabriel is depicted in a stable, horizontal register."
61,topic_3,da21e4fc-71a6-4b2d-bee3-69caf2920a73,58,assistant,1493,1616,19,1,0,1,0.052632,0.052632,False,"The angel stands firmly on architectural planes, lacking the vertiginous depth or kinetic energy found in Melozzo’s work. ("
61,topic_3,da21e4fc-71a6-4b2d-bee3-69caf2920a73,58,assistant,1632,1687,7,1,1,3,0.428571,0.428571,True,**Distinguishing Features of Melozzo’s 1483 Approach:**
61,topic_3,da21e4fc-71a6-4b2d-bee3-69caf2920a73,58,assistant,1696,1872,20,1,0,1,0.050000,0.050000,False,"**Radical Foreshortening:** Unlike the contemporaneous Florentine works that prioritize clear, legible space, Melozzo sacrifices traditional frontal clarity for dramatic depth."
61,topic_3,da21e4fc-71a6-4b2d-bee3-69caf2920a73,58,assistant,1873,2074,32,1,0,1,0.031250,0.031250,False,"The angel’s body is twisted and compressed vertically, a technique rarely attempted in panel painting of this scale at the time, signaling a shift toward the Mannerist interest in spatial distortion. ("
61,topic_3,da21e4fc-71a6-4b2d-bee3-69caf2920a73,58,assistant,2093,2245,18,2,0,2,0.111111,0.111111,False,"**Dynamic Verticality:** While Lippi and Ghirlandaio organize their Annunciations horizontally across the altar space, Melozzo organizes his vertically."
61,topic_3,da21e4fc-71a6-4b2d-bee3-69caf2920a73,58,assistant,2246,2437,32,1,0,1,0.031250,0.031250,False,"The angel’s descent creates a diagonal thrust that connects the divine realm directly to the earthly viewer, breaking the ""fourth wall"" of the panel and immersing the observer in the event. ("
61,topic_3,da21e4fc-71a6-4b2d-bee3-69caf2920a73,58,assistant,2456,2659,27,1,0,1,0.037037,0.037037,False,"**Influence of Roman Antique Sculpture:** Melozzo’s approach reflects the Roman environment’s engagement with classical antiquity, particularly the study of foreshortened figures in frescoes and reliefs."
61,topic_3,da21e4fc-71a6-4b2d-bee3-69caf2920a73,58,assistant,2660,2870,29,2,0,2,0.068966,0.068966,False,"This distinguishes his work from the more linear, Gothic-influenced Florentine tradition, positioning his *Annunciation* as a precursor to the High Renaissance’s architectural integration of figure and space. ("
61,topic_3,7cf5ead9-ae4f-43ce-9961-c4a38de14c48,59,user,6,207,31,2,1,4,0.129032,0.193548,False,"Walk me through the full provenance history of The Annunciation of Forlì from its completion in 1483 through to its current location, including any documented periods of loss, transfer, or restoration."
61,topic_3,7cf5ead9-ae4f-43ce-9961-c4a38de14c48,59,assistant,223,393,28,5,2,9,0.321429,0.321429,True,"**Completion and Initial Installation (1483):** The painting was completed in 1483 by Melozzo da Forlì for the High Altar of the Basilica of San Domenico in Forlì, Italy."
61,topic_3,7cf5ead9-ae4f-43ce-9961-c4a38de14c48,59,assistant,394,600,31,2,0,2,0.064516,0.064516,False,It was commissioned by Cardinal Giuliano della Rovere (later Pope Julius II) and originally consisted of the central panel (The Annunciation) along with wing panels depicting Saint Dominic and other saints.
61,topic_3,7cf5ead9-ae4f-43ce-9961-c4a38de14c48,59,assistant,601,711,20,1,0,1,0.050000,0.050000,False,"The work remained in situ at the basilica for over three centuries, serving as the focal point of the altar. ("
61,topic_3,7cf5ead9-ae4f-43ce-9961-c4a38de14c48,59,assistant,727,951,34,8,2,12,0.352941,0.352941,True,"**Napoleonic Looting and Transfer to France (1797):** Following the Treaty of Tolentino in 1797, which forced the Papal States to cede numerous artworks to France, *The Annunciation of Forlì* was looted by Napoleonic forces."
61,topic_3,7cf5ead9-ae4f-43ce-9961-c4a38de14c48,59,assistant,952,1099,24,3,0,3,0.125000,0.125000,False,"The painting was removed from the Basilica of San Domenico and transported to Paris, where it was installed in the newly established Louvre Museum."
61,topic_3,7cf5ead9-ae4f-43ce-9961-c4a38de14c48,59,assistant,1100,1236,19,1,0,1,0.052632,0.052632,False,"It was displayed there as a prime example of the Italian Renaissance, specifically noted for its revolutionary perspective techniques. ("
61,topic_3,7cf5ead9-ae4f-43ce-9961-c4a38de14c48,59,assistant,1252,1479,33,7,2,11,0.333333,0.333333,True,"**Restitution to Italy (1815):** After the defeat of Napoleon at Waterloo and the subsequent Congress of Vienna (1815), a comprehensive restitution effort was undertaken to return looted artworks to their countries of origin. *"
61,topic_3,7cf5ead9-ae4f-43ce-9961-c4a38de14c48,59,assistant,1479,1553,12,1,0,1,0.083333,0.083333,False,The Annunciation of Forlì* was identified among the pieces to be returned.
61,topic_3,7cf5ead9-ae4f-43ce-9961-c4a38de14c48,59,assistant,1554,1657,19,4,1,6,0.315789,0.315789,True,It was shipped back to Italy in 1815 and initially returned to the Basilica of San Domenico in Forlì. (
61,topic_3,7cf5ead9-ae4f-43ce-9961-c4a38de14c48,59,assistant,1673,1955,37,2,2,6,0.162162,0.162162,False,"**Transfer to the Pinacoteca Civica (1840s–1930s):** Due to concerns over the preservation of the artwork in the church environment (exposure to humidity, candle smoke, and fluctuating temperatures), Italian authorities gradually began moving significant artworks to public museums."
61,topic_3,7cf5ead9-ae4f-43ce-9961-c4a38de14c48,59,assistant,1956,2206,42,5,3,11,0.261905,0.261905,False,"In the late 19th or early 20th century (records vary slightly, but the major move occurred in the early 1900s), the painting was transferred to the Pinacoteca Civica di Forlì (the Civic Art Gallery of Forlì) for better conservation and public access."
61,topic_3,7cf5ead9-ae4f-43ce-9961-c4a38de14c48,59,assistant,2207,2256,9,1,1,3,0.333333,0.333333,True,It remained there for much of the 20th century. (
61,topic_3,7cf5ead9-ae4f-43ce-9961-c4a38de14c48,59,assistant,2272,2426,18,1,2,5,0.277778,0.277778,True,**Modern Restoration and Current Location (20th Century–Present):** The painting underwent several conservation interventions throughout the 20th century.
61,topic_3,7cf5ead9-ae4f-43ce-9961-c4a38de14c48,59,assistant,2427,2597,26,1,1,3,0.115385,0.115385,False,"A major restoration was conducted in the late 20th century to clean centuries of overpainting and varnish, revealing Melozzo’s original color palette and crisp brushwork."
61,topic_3,7cf5ead9-ae4f-43ce-9961-c4a38de14c48,59,assistant,2598,2739,23,5,0,5,0.217391,0.217391,False,"Currently, *The Annunciation of Forlì* is housed in the **Pinacoteca Civica di Forlì** (also known as the Museo della Città) in Forlì, Italy."
61,topic_3,7cf5ead9-ae4f-43ce-9961-c4a38de14c48,59,assistant,2844,2878,7,1,2,5,0.714286,0.714286,True,550 cm x 340 cm) and significance.
61,topic_3,7cf5ead9-ae4f-43ce-9961-c4a38de14c48,59,assistant,2879,3056,27,1,1,3,0.111111,0.111111,False,The wing panels were separated from the central image earlier in the 20th century and are sometimes displayed separately or in different collections within the museum complex. (
61,topic_3,b1d28e9e-cc33-4967-a996-de30c7d91f8d,60,user,6,209,35,2,0,2,0.057143,0.085714,False,What does the patronage of Cardinal Giuliano della Rovere — who would later become Pope Julius II — tell us about how The Annunciation of Forlì should be read as a political as well as devotional object?
61,topic_3,b1d28e9e-cc33-4967-a996-de30c7d91f8d,60,assistant,243,485,41,6,2,10,0.243902,0.243902,False,"**Assertion of Papal Authority and Divine Right:** Commissioned in 1483, just a decade before Giuliano della Rovere's election as Pope Julius II in 1503, the altarpiece can be read as an early visual manifesto of della Rovere's future papacy."
61,topic_3,b1d28e9e-cc33-4967-a996-de30c7d91f8d,60,assistant,486,731,41,4,0,4,0.097561,0.097561,False,"By commissioning a work of such grand scale and spatial innovation for the High Altar of San Domenico, della Rovere aligned himself with the Dominican order, a key political ally in his campaigns against the French and rival Italian city-states."
61,topic_3,b1d28e9e-cc33-4967-a996-de30c7d91f8d,60,assistant,948,1168,32,2,0,2,0.062500,0.062500,False,"**Melozzo's Perspective as Political Theater:** Melozzo da Forlì’s revolutionary use of extreme foreshortening, particularly in the depiction of the angels and Saint Dominic, creates a dynamic sense of vertical movement."
61,topic_3,b1d28e9e-cc33-4967-a996-de30c7d91f8d,60,assistant,1169,1349,31,2,0,2,0.064516,0.064516,False,"This artistic choice was not merely aesthetic but political; it drew the viewer's eye upward toward the divine, mirroring della Rovere's own ascent through the ranks of the Church."
61,topic_3,b1d28e9e-cc33-4967-a996-de30c7d91f8d,60,assistant,1350,1583,34,1,0,1,0.029412,0.029412,False,"The immersive quality of the painting would have enveloped the congregants (and visiting dignitaries) in a theological narrative controlled by the Cardinal, reinforcing his role as the intermediary between the earthly and the divine."
61,topic_3,b1d28e9e-cc33-4967-a996-de30c7d91f8d,60,assistant,1584,1684,14,1,0,1,0.071429,0.071429,False,"This spatial dominance reflects della Rovere's desire for a centralized, powerful papal authority. ("
61,topic_3,b1d28e9e-cc33-4967-a996-de30c7d91f8d,60,assistant,1699,1870,27,2,0,2,0.074074,0.074074,False,**Patronage as a Tool for Legitimacy and Propaganda:** The Annunciation was one of the first major commissions by della Rovere that survived to define his artistic legacy.
61,topic_3,b1d28e9e-cc33-4967-a996-de30c7d91f8d,60,assistant,1871,2046,25,2,0,2,0.080000,0.080000,False,"By supporting Melozzo, a talented but less established artist compared to Perugino or Ghirlandaio, della Rovere positioned himself as a discerning and forward-thinking patron."
61,topic_3,b1d28e9e-cc33-4967-a996-de30c7d91f8d,60,assistant,2132,2394,41,4,1,6,0.146341,0.146341,False,"The work functions as a political object by signaling della Rovere's wealth, taste, and commitment to the cultural Renaissance of the Papal States, thereby enhancing his prestige and soft power in the competitive political landscape of late 15th-century Italy. ("
61,topic_3,b1d28e9e-cc33-4967-a996-de30c7d91f8d,60,assistant,2409,2560,23,2,0,2,0.086957,0.086957,False,"**Theological Alignment with Dominican Ideals:** The inclusion of Saint Dominic, the founder of the order for which the basilica was built, is crucial."
61,topic_3,b1d28e9e-cc33-4967-a996-de30c7d91f8d,60,assistant,2561,2764,32,3,0,3,0.093750,0.093750,False,"Della Rovere’s patronage signaled his piety and respect for the Dominican order, whose emphasis on preaching and orthodoxy aligned with his later papal initiatives to reform the Church and combat heresy."
61,topic_3,b1d28e9e-cc33-4967-a996-de30c7d91f8d,60,assistant,2765,3054,46,4,0,4,0.086957,0.086957,False,"The painting thus serves a dual purpose: it is a devotional object reinforcing the sanctity of the Annunciation and the role of Dominic, while simultaneously acting as a political statement of della Rovere's doctrinal alignment and support for the institutional Church he sought to lead. ("
61,topic_3,b1d28e9e-cc33-4967-a996-de30c7d91f8d,60,assistant,3069,3237,24,1,0,1,0.041667,0.041667,False,"**Synthesis of Devotion and Political Identity:** Ultimately, *The Annunciation of Forlì* should be read as a hybrid object where devotion and politics are inseparable."
61,topic_3,b1d28e9e-cc33-4967-a996-de30c7d91f8d,60,assistant,3574,3716,21,1,0,1,0.047619,0.047619,False,"It reflects the Renaissance ideal of the ruler-patron, where artistic commissioning is an integral part of statecraft and personal branding. ("
91,topic_4,30ae1ff0-dc20-436a-89d5-dd7e6955f69d,61,user,100,261,25,1,1,3,0.120000,0.180000,False,Walk me through the full development of the Taylor Rule from its original 1993 formulation through to its current applications in central bank policy frameworks.
91,topic_4,30ae1ff0-dc20-436a-89d5-dd7e6955f69d,61,assistant,276,402,18,4,1,6,0.333333,0.333333,True,"**Original Formulation (1993):** John B. Taylor introduced the rule in his paper ""Discretion Versus Policy Rules in Practice."""
91,topic_4,30ae1ff0-dc20-436a-89d5-dd7e6955f69d,61,assistant,962,1141,29,4,1,6,0.206897,0.206897,False,The coefficients of 0.5 for both the inflation gap and the output gap reflected Taylor's observation of the Federal Reserve's historical behavior during the Volcker-Greenspan era.
91,topic_4,30ae1ff0-dc20-436a-89d5-dd7e6955f69d,61,assistant,1276,1401,18,1,0,1,0.055556,0.055556,False,Taylor argued that a clear rule enhances central bank credibility by reducing uncertainty about future monetary policy paths.
91,topic_4,30ae1ff0-dc20-436a-89d5-dd7e6955f69d,61,assistant,1638,1854,36,3,2,7,0.194444,0.194444,False,"The original parameters were chosen because they closely matched the Fed's actions from 1972 to 1993, suggesting that even without explicitly adopting the rule, the Fed had been acting in a manner consistent with it."
91,topic_4,30ae1ff0-dc20-436a-89d5-dd7e6955f69d,61,assistant,1859,2047,28,3,1,5,0.178571,0.178571,False,"**Empirical Testing and the ""Taylor Rule Crisis"" (Mid-2000s):** In the years following its publication, the Taylor Rule was widely used as a benchmark to evaluate central bank performance."
91,topic_4,30ae1ff0-dc20-436a-89d5-dd7e6955f69d,61,assistant,2098,2208,15,3,1,5,0.333333,0.333333,True,"A significant deviation occurred in the mid-2000s, particularly with the Federal Reserve under Alan Greenspan."
91,topic_4,30ae1ff0-dc20-436a-89d5-dd7e6955f69d,61,assistant,2209,2297,15,2,0,2,0.133333,0.133333,False,The Fed kept interest rates lower than the Taylor Rule suggested for an extended period.
91,topic_4,30ae1ff0-dc20-436a-89d5-dd7e6955f69d,61,assistant,2691,2896,33,6,1,8,0.242424,0.242424,False,"**Adaptations for the Zero Lower Bound (ZLB) and Post-2008 Era:** Following the Global Financial Crisis (GFR), central banks in the US, Europe, and Japan hit the Zero Lower Bound on nominal interest rates."
91,topic_4,30ae1ff0-dc20-436a-89d5-dd7e6955f69d,61,assistant,2897,3011,16,1,0,1,0.062500,0.062500,False,"The original Taylor Rule, which often suggested positive rates even in downturns, became less directly applicable."
91,topic_4,30ae1ff0-dc20-436a-89d5-dd7e6955f69d,61,assistant,3012,3126,17,2,0,2,0.117647,0.117647,False,"Economists developed modifications such as the ""Taylor Rule with a lower bound"" or ""state-dependent Taylor Rules."""
91,topic_4,30ae1ff0-dc20-436a-89d5-dd7e6955f69d,61,assistant,3333,3535,29,2,0,2,0.068966,0.068966,False,The European Central Bank (ECB) and Bank of England also incorporated the rule into their forward guidance frameworks to signal their reaction functions during periods of unconventional monetary policy.
91,topic_4,30ae1ff0-dc20-436a-89d5-dd7e6955f69d,61,assistant,3540,3750,29,2,0,2,0.068966,0.068966,False,"**Current Applications and Forward-Looking Modifications:** Today, the Taylor Rule is rarely used as a strict operational mandate but serves as a crucial analytical benchmark for inflation targeting frameworks."
91,topic_4,30ae1ff0-dc20-436a-89d5-dd7e6955f69d,61,assistant,3899,4102,28,2,0,2,0.071429,0.071429,False,"Variations include the ""Extended Taylor Rule"" (which includes terms for exchange rates or financial stress indices) and ""Taylor Rules for Emerging Markets"" (which may prioritize exchange rate stability)."
91,topic_4,41ba5fa3-82e2-4b1a-8e10-495bd955fa26,62,user,6,288,39,2,0,2,0.051282,0.076923,False,"Analyze in detail how the Federal Reserve's dual mandate — maximum employment and stable prices — creates structural tensions in monetary policy decisions, and how the Fed has historically navigated these tensions during periods of simultaneous inflationary and employment pressure."
91,topic_4,41ba5fa3-82e2-4b1a-8e10-495bd955fa26,62,assistant,303,482,25,3,0,3,0.120000,0.120000,False,**The Phillips Curve Trade-off and Structural Tension:** The Federal Reserve's dual mandate requires balancing two often conflicting goals: maximum employment and price stability.
91,topic_4,41ba5fa3-82e2-4b1a-8e10-495bd955fa26,62,assistant,483,632,18,1,0,1,0.055556,0.055556,False,"Historically, this tension was conceptualized through the Phillips Curve, which suggested an inverse relationship between unemployment and inflation."
91,topic_4,41ba5fa3-82e2-4b1a-8e10-495bd955fa26,62,assistant,633,785,23,1,0,1,0.043478,0.043478,False,"To lower unemployment, the Fed would expand the money supply and lower interest rates, which stimulates demand but eventually leads to higher inflation."
91,topic_4,41ba5fa3-82e2-4b1a-8e10-495bd955fa26,62,assistant,786,889,14,1,0,1,0.071429,0.071429,False,"Conversely, to combat inflation, the Fed would raise rates, cooling demand and increasing unemployment."
91,topic_4,41ba5fa3-82e2-4b1a-8e10-495bd955fa26,62,assistant,890,1148,39,2,0,2,0.051282,0.051282,False,"The structural tension arises because optimizing for one goal often necessitates sacrificing the other in the short term, forcing the Fed to make difficult intertemporal choices about the cost of economic pain versus the risk of entrenched price instability."
91,topic_4,41ba5fa3-82e2-4b1a-8e10-495bd955fa26,62,assistant,1153,1311,23,4,2,8,0.347826,0.347826,True,**The Great Inflation and the Volcker Shock (Late 1970s – Early 1980s):** This period represents the most stark historical example of navigating this tension.
91,topic_4,41ba5fa3-82e2-4b1a-8e10-495bd955fa26,62,assistant,1312,1534,32,3,1,5,0.156250,0.156250,False,"In the late 1970s, the US experienced stagflation, where high unemployment coexisted with high inflation, breaking the traditional Phillips Curve trade-off due to supply shocks (e.g., oil crises) and anchored expectations."
91,topic_4,41ba5fa3-82e2-4b1a-8e10-495bd955fa26,62,assistant,1535,1660,18,3,1,5,0.277778,0.277778,True,"Fed Chairman Paul Volcker prioritized the ""stable prices"" mandate aggressively, raising the federal funds rate to nearly 20%."
91,topic_4,41ba5fa3-82e2-4b1a-8e10-495bd955fa26,62,assistant,1661,1766,15,1,1,3,0.200000,0.200000,False,"This decision caused unemployment to spike to over 10%, creating immense political and economic pressure."
91,topic_4,41ba5fa3-82e2-4b1a-8e10-495bd955fa26,62,assistant,1767,2012,34,2,0,2,0.058824,0.058824,False,"The Fed navigated this tension by accepting a severe short-term recession and high unemployment to break the inflationary psychology, ultimately restoring price stability and allowing for sustainable employment growth in the subsequent decade. ("
91,topic_4,41ba5fa3-82e2-4b1a-8e10-495bd955fa26,62,assistant,2030,2304,38,5,2,9,0.236842,0.236842,False,"**The Great Moderation and the ""Divine Coincidence"" (1990s – 2007):** During this era, structural changes in the economy (globalization, disinflation, flexible labor markets) and improved Fed policy credibility led to a period where the dual mandate tensions were minimized."
91,topic_4,41ba5fa3-82e2-4b1a-8e10-495bd955fa26,62,assistant,2305,2584,43,3,0,3,0.069767,0.069767,False,"This phenomenon, termed the ""divine coincidence"" by economists Gali and Gertler, occurred when shocks that increased inflation also increased output (or vice versa), or when the output gap and inflation gap moved in ways that allowed the Fed to address both goals simultaneously."
91,topic_4,41ba5fa3-82e2-4b1a-8e10-495bd955fa26,62,assistant,2585,2750,22,2,1,4,0.181818,0.181818,False,"By anchoring inflation expectations around the 2% target, the Fed could focus on stabilizing output and employment without triggering immediate inflationary spirals."
91,topic_4,41ba5fa3-82e2-4b1a-8e10-495bd955fa26,62,assistant,2751,2896,23,2,0,2,0.086957,0.086957,False,"The Taylor Rule, which balances both gaps, closely matched the Fed's actions during this time, illustrating a period of low structural tension. ("
91,topic_4,41ba5fa3-82e2-4b1a-8e10-495bd955fa26,62,assistant,2911,3041,19,5,2,9,0.473684,0.473684,True,"**The Zero Lower Bound and the Secular Stagnation Era (2008 – 2019):** Following the Global Financial Crisis, the tension shifted."
91,topic_4,41ba5fa3-82e2-4b1a-8e10-495bd955fa26,62,assistant,3042,3162,18,2,1,4,0.222222,0.222222,False,"The economy faced near-zero interest rates and high unemployment, but inflation remained stubbornly below the 2% target."
91,topic_4,41ba5fa3-82e2-4b1a-8e10-495bd955fa26,62,assistant,3163,3269,15,1,0,1,0.066667,0.066667,False,The Fed could not use traditional rate cuts to stimulate employment without triggering deflationary risks.
91,topic_4,41ba5fa3-82e2-4b1a-8e10-495bd955fa26,62,assistant,3270,3469,31,1,0,1,0.032258,0.032258,False,"The Fed navigated this by adopting a ""patient approach,"" keeping rates low for an extended period to maximize employment while waiting for inflation to organically rise as the labor market tightened."
91,topic_4,41ba5fa3-82e2-4b1a-8e10-495bd955fa26,62,assistant,3470,3592,17,1,0,1,0.058824,0.058824,False,This required relying on unconventional tools like Quantitative Easing (QE) to influence long-term rates and expectations.
91,topic_4,41ba5fa3-82e2-4b1a-8e10-495bd955fa26,62,assistant,3593,3849,38,1,0,1,0.026316,0.026316,False,"The tension here was not between high inflation and high employment, but between the urgency of employment recovery and the lack of inflationary pressure, requiring the Fed to maintain an accommodative stance far longer than traditional models suggested. ("
91,topic_4,41ba5fa3-82e2-4b1a-8e10-495bd955fa26,62,assistant,3864,3989,17,1,1,3,0.176471,0.176471,False,**The Post-Pandemic Inflation Surge (2021 – Present):** The most recent period has reintroduced intense dual-mandate tension.
91,topic_4,41ba5fa3-82e2-4b1a-8e10-495bd955fa26,62,assistant,4131,4310,27,1,0,1,0.037037,0.037037,False,"The Fed faced a dilemma: acting aggressively to curb inflation could crush employment and trigger a recession, while acting slowly could allow inflation expectations to de-anchor."
91,topic_4,41ba5fa3-82e2-4b1a-8e10-495bd955fa26,62,assistant,4311,4533,35,2,1,4,0.114286,0.114286,False,"The Fed navigated this by shifting its framework to ""average inflation targeting"" (temporarily allowing inflation to run above 2% to make up for past shortfalls) and then executing the fastest rate-hiking cycle in history."
91,topic_4,41ba5fa3-82e2-4b1a-8e10-495bd955fa26,62,assistant,4534,4766,36,2,0,2,0.055556,0.055556,False,"The current navigation involves a delicate ""soft landing"" attempt, where the Fed aims to cool inflation without inducing a sharp rise in unemployment, relying on data-dependent adjustments to balance the two mandates in real-time. ("
91,topic_4,7cc2374e-2b5b-42d7-bf82-0a1ed26db490,63,assistant,327,448,20,2,0,2,0.100000,0.100000,False,"**Policy Rate Adjustment:** The central bank adjusts the short-term policy rate (e.g., the Federal Funds Rate in the US)."
91,topic_4,7cc2374e-2b5b-42d7-bf82-0a1ed26db490,63,assistant,1002,1177,25,3,0,3,0.120000,0.120000,False,"**Portfolio Rebalancing (Tobin’s Q):** As safe asset yields (like Treasury bills) drop, investors seek higher returns in riskier assets (stocks, corporate bonds, real estate)."
91,topic_4,7cc2374e-2b5b-42d7-bf82-0a1ed26db490,63,assistant,1221,1384,24,1,0,1,0.041667,0.041667,False,"For firms, higher stock prices (Tobin’s Q) make new investment relatively cheaper compared to the market value of existing assets, encouraging capital expenditure."
91,topic_4,7cc2374e-2b5b-42d7-bf82-0a1ed26db490,63,assistant,1651,1735,14,1,0,1,0.071429,0.071429,False,**Credit Channel and Bank Lending:** Lower rates reduce the cost of funds for banks.
91,topic_4,7cc2374e-2b5b-42d7-bf82-0a1ed26db490,63,assistant,2330,2595,42,3,1,5,0.119048,0.119048,False,"**Large-Scale Asset Purchases (LSAPs):** When short-term rates are at or near the Zero Lower Bound (ZLB), the central bank creates new reserves to purchase long-term securities (e.g., 10-year Treasuries) and mortgage-backed securities (MBS) from the private sector."
91,topic_4,7cc2374e-2b5b-42d7-bf82-0a1ed26db490,63,assistant,3074,3165,16,1,0,1,0.062500,0.062500,False,This directly lowers long-term interest rates even when short-term rates are stuck at zero.
91,topic_4,7cc2374e-2b5b-42d7-bf82-0a1ed26db490,63,assistant,3174,3386,30,1,0,1,0.033333,0.033333,False,"**Portfolio Rebalancing (Search for Yield):** As the central bank absorbs safe, long-duration assets, private investors are left with portfolios richer in short-term, lower-yielding assets (like excess reserves)."
91,topic_4,7cc2374e-2b5b-42d7-bf82-0a1ed26db490,63,assistant,3585,3784,32,1,0,1,0.031250,0.031250,False,**Signaling Channel:** The commitment to keep rates low for a prolonged period (Forward Guidance) and the sheer scale of QE signal to markets that the central bank is determined to prevent deflation.
91,topic_4,7cc2374e-2b5b-42d7-bf82-0a1ed26db490,63,assistant,3906,3987,11,1,0,1,0.090909,0.090909,False,**Collateral and Liquidity Effects:** QE often targets specific markets like MBS.
91,topic_4,7cc2374e-2b5b-42d7-bf82-0a1ed26db490,63,assistant,4908,5029,19,1,0,1,0.052632,0.052632,False,"QE acts indirectly by manipulating the supply and price of long-term assets, relying on market participants to rebalance."
91,topic_4,7cc2374e-2b5b-42d7-bf82-0a1ed26db490,63,assistant,5030,5131,14,1,0,1,0.071429,0.071429,False,"Consequently, conventional policy is generally more potent and predictable when rates are above zero."
91,topic_4,7cc2374e-2b5b-42d7-bf82-0a1ed26db490,63,assistant,5140,5304,24,3,0,3,0.125000,0.125000,False,**The Zero Lower Bound Constraint:** Conventional policy is constrained by the ZLB; nominal rates cannot effectively go below zero without widespread cash hoarding.
91,topic_4,7cc2374e-2b5b-42d7-bf82-0a1ed26db490,63,assistant,5305,5445,23,1,0,1,0.043478,0.043478,False,"QE is designed specifically to bypass this constraint by targeting long-term rates directly, making it the primary tool in a liquidity trap."
91,topic_4,7cc2374e-2b5b-42d7-bf82-0a1ed26db490,63,assistant,6635,6739,16,2,1,4,0.250000,0.250000,True,"The ""taper tantrum"" of 2013 illustrates the market volatility associated with signaling the end of QE. ("
91,topic_4,6f701c16-8ae7-4227-bf51-3273269d939f,64,user,6,212,36,1,1,3,0.083333,0.125000,False,"What are all the factors that determine the neutral rate of interest in a modern economy, and how has the academic and policy consensus on the neutral rate evolved since the global financial crisis of 2008?"
91,topic_4,6f701c16-8ae7-4227-bf51-3273269d939f,64,assistant,407,559,24,3,1,5,0.208333,0.208333,False,"In recent years, $r^*$ has fallen significantly, often approaching or falling below the lower bound of nominal interest rates (0% or slightly negative)."
91,topic_4,6f701c16-8ae7-4227-bf51-3273269d939f,64,assistant,560,810,37,1,0,1,0.027027,0.027027,False,"This narrowing gap limits the central bank's ability to stimulate the economy through conventional rate cuts, necessitating the use of unconventional tools like Quantitative Easing (QE) to compress term premiums and lower long-term borrowing costs. ("
91,topic_4,6f701c16-8ae7-4227-bf51-3273269d939f,64,assistant,1586,1849,34,2,0,2,0.058824,0.058824,False,"The ""Secular Stagnation"" hypothesis, popularized by Larry Summers, posits that structural forces (demographics, inequality, debt saturation) chronically suppress aggregate demand and $r^*$, creating a persistent output gap that conventional policy cannot close. ("
91,topic_4,6f701c16-8ae7-4227-bf51-3273269d939f,64,assistant,1868,2121,37,2,0,2,0.054054,0.054054,False,"**Safety Premium and Demand for Safe Assets:** There is a growing global demand for safe, liquid assets (like sovereign bonds) driven by regulatory requirements (e.g., Basel III), central bank reserve accumulation by emerging markets, and risk aversion."
91,topic_4,6f701c16-8ae7-4227-bf51-3273269d939f,64,assistant,2683,2893,28,1,0,1,0.035714,0.035714,False,"Conversely, expansionary fiscal policy can raise $r^*$ by increasing the demand for loanable funds and boosting growth expectations, potentially offsetting the downward pressure from demographics and savings. ("
91,topic_4,6f701c16-8ae7-4227-bf51-3273269d939f,64,assistant,2909,2947,5,1,1,3,0.600000,0.600000,True,**Evolution of Consensus Since 2008:**
91,topic_4,6f701c16-8ae7-4227-bf51-3273269d939f,64,assistant,2956,3106,23,3,1,5,0.217391,0.217391,False,"**Pre-2008 View:** The consensus relied on the Taylor Rule and standard New Keynesian models, assuming $r^*$ was relatively stable and mean-reverting."
91,topic_4,6f701c16-8ae7-4227-bf51-3273269d939f,64,assistant,3107,3247,22,1,0,1,0.045455,0.045455,False,"Monetary policy was viewed as sufficient to manage business cycles, and the Zero Lower Bound (ZLB) was considered a rare, temporary anomaly."
91,topic_4,6f701c16-8ae7-4227-bf51-3273269d939f,64,assistant,3256,3408,20,2,1,4,0.200000,0.200000,False,"**Post-2008 Realization:** The Great Recession and subsequent ""Great Moderation"" collapse revealed that $r^*$ was not stable but structurally declining."
91,topic_4,6f701c16-8ae7-4227-bf51-3273269d939f,64,assistant,3409,3540,22,2,0,2,0.090909,0.090909,False,"The persistence of the ZLB forced a re-evaluation, leading to the acceptance that $r^*$ could remain negative for extended periods."
91,topic_4,6f701c16-8ae7-4227-bf51-3273269d939f,64,assistant,3549,3720,22,1,0,1,0.045455,0.045455,False,"**Current Consensus:** The current view accepts that $r^*$ is a non-stationary, structural variable influenced by global factors (demographics, globalization, technology)."
91,topic_4,6f701c16-8ae7-4227-bf51-3273269d939f,64,assistant,3721,3904,24,2,0,2,0.083333,0.083333,False,"Policymakers now recognize that conventional tools may be permanently constrained by the ZLB, necessitating a permanent reliance on forward guidance, QE, and macroprudential policies."
91,topic_4,fb383ce2-2456-4912-82ba-6167457cfbf7,65,user,6,236,39,4,2,8,0.205128,0.307692,True,Dr. Priya Mehta's research on the use of reverse repurchase agreements as a floor system for interest rate control argues that an inflation threshold of 2.3% better captures the Fed's revealed preference than the stated 2% target.
91,topic_4,fb383ce2-2456-4912-82ba-6167457cfbf7,65,assistant,305,572,41,3,0,3,0.073171,0.073171,False,"**The Core Premise: Reverse Repos as a Functional Floor:** Dr. Mehta’s framework begins by reinterpreting the reverse repurchase agreement (RRP) facility not merely as a liquidity drainage tool, but as the operational ""floor"" of the short-term interest rate corridor."
91,topic_4,fb383ce2-2456-4912-82ba-6167457cfbf7,65,assistant,573,882,47,3,0,3,0.063830,0.063830,False,"Unlike the Interest on Reserve Balances (IORB), which is a discretionary administrative rate paid to banks, the RRP rate is a hard market floor because non-bank financial institutions (money market funds, government-sponsored enterprises) can always park excess reserves at this rate with the Federal Reserve."
91,topic_4,fb383ce2-2456-4912-82ba-6167457cfbf7,65,assistant,883,1067,31,2,0,2,0.064516,0.064516,False,"Therefore, the effective lower bound of the fed funds rate is structurally pinned to the RRP rate, making it the primary instrument for enforcing the lower bound of the target range. ("
91,topic_4,fb383ce2-2456-4912-82ba-6167457cfbf7,65,assistant,1083,1319,34,2,1,4,0.117647,0.117647,False,"**Revealed Preference vs. Stated Target:** The framework argues that central bank communication (the stated 2% inflation target) is a ""nominal anchor"" that may not reflect the actual inflation tolerance embedded in the policy algorithm."
91,topic_4,fb383ce2-2456-4912-82ba-6167457cfbf7,65,assistant,1320,1575,39,2,0,2,0.051282,0.051282,False,"By analyzing the historical divergence between the stated target and the actual rate path relative to inflation outcomes, Mehta posits that the Fed’s ""revealed preference"" — what it actually does — suggests a higher tolerance for inflation than it admits."
91,topic_4,fb383ce2-2456-4912-82ba-6167457cfbf7,65,assistant,1576,1772,29,4,3,10,0.344828,0.344828,True,"Specifically, the Fed consistently tolerates inflation running above 2% without tightening as aggressively as a strict 2% targeting rule would dictate, implying a de facto target closer to 2.3%. ("
91,topic_4,fb383ce2-2456-4912-82ba-6167457cfbf7,65,assistant,1791,1974,27,3,2,7,0.259259,0.259259,True,"**The 2.3% Threshold as an Efficiency Optimization:** Mehta’s theoretical model suggests that 2.3% represents an optimal ""noise threshold"" or ""safety buffer"" for the RRP floor system."
91,topic_4,fb383ce2-2456-4912-82ba-6167457cfbf7,65,assistant,1975,2084,17,1,1,3,0.176471,0.176471,False,"A stated 2% target is vulnerable to measurement error and temporary supply-side shocks (e.g., energy prices)."
91,topic_4,fb383ce2-2456-4912-82ba-6167457cfbf7,65,assistant,2085,2226,21,3,1,5,0.238095,0.238095,False,"By implicitly targeting 2.3%, the Fed avoids over-reacting to transient inflation spikes, thereby maintaining the stability of the RRP floor."
91,topic_4,fb383ce2-2456-4912-82ba-6167457cfbf7,65,assistant,2227,2374,20,1,0,1,0.050000,0.050000,False,"This threshold allows the RRP facility to absorb liquidity shocks without forcing premature tightening, which could disrupt the financial plumbing."
91,topic_4,fb383ce2-2456-4912-82ba-6167457cfbf7,65,assistant,2375,2587,32,2,1,4,0.125000,0.125000,False,"The 2.3% figure is derived from statistical analysis of the Fed’s reaction function, showing that policy rates only begin to rise significantly and sustainably when inflation persists above this specific level. ("
91,topic_4,fb383ce2-2456-4912-82ba-6167457cfbf7,65,assistant,2603,2785,27,2,1,4,0.148148,0.148148,False,**Monetary Policy Implications and Asymmetric Risks:** The framework highlights that using the RRP rate as a floor with a 2.3% revealed preference creates an asymmetric risk profile.
91,topic_4,fb383ce2-2456-4912-82ba-6167457cfbf7,65,assistant,2786,3017,39,2,0,2,0.051282,0.051282,False,"It makes it easier for the Fed to accommodate inflation (since the floor is not breached until inflation is higher) but harder to combat deflationary pressures, as the RRP rate cannot go significantly negative in a practical sense."
91,topic_4,fb383ce2-2456-4912-82ba-6167457cfbf7,65,assistant,3117,3387,44,4,2,8,0.181818,0.181818,False,"The model predicts that the Fed will continue to use the RRP facility to provide a stable base for short-term rates, only withdrawing this support when the 2.3% threshold is decisively and persistently exceeded, rather than reacting to deviations from the 2% headline. ("
91,topic_4,fb383ce2-2456-4912-82ba-6167457cfbf7,65,assistant,3406,3596,28,3,1,5,0.178571,0.178571,False,"**Critique of Inflation Indexing and Forward Guidance:** Finally, Mehta’s framework critiques the reliance on forward guidance based on the 2% target, arguing it creates a ""Credibility Gap."""
91,topic_4,fb383ce2-2456-4912-82ba-6167457cfbf7,65,assistant,3597,3736,21,3,2,7,0.333333,0.333333,True,"Markets have internalized the 2.3% revealed preference, leading to asset price misallocations if investors assume the Fed will act at 2.0%."
91,topic_4,fb383ce2-2456-4912-82ba-6167457cfbf7,65,assistant,3737,3994,39,2,0,2,0.051282,0.051282,False,"The framework suggests that explicit acknowledgment of the higher threshold would improve the transmission mechanism of the RRP floor, allowing for more precise control over the neutral rate ($r^*$) and reducing the volatility in short-term funding markets."
91,topic_4,fb383ce2-2456-4912-82ba-6167457cfbf7,65,assistant,3995,4184,31,2,2,6,0.193548,0.193548,False,This shift from a strict 2% rule to a 2.3% operational threshold represents a pragmatic adaptation to the structural changes in the banking system and the rise of non-bank intermediaries. (
91,topic_4,aa88e912-2e5c-4f4e-9a38-2ddf6cc049e2,66,user,6,262,38,1,0,1,0.026316,0.039474,False,"Explain from first principles how the yield curve inverts, what economic information an inverted yield curve historically contains, and what the limitations of yield curve inversion as a recession predictor are in a world of unconventional monetary policy."
91,topic_4,aa88e912-2e5c-4f4e-9a38-2ddf6cc049e2,66,assistant,278,422,22,1,0,1,0.045455,0.045455,False,**First Principles of Yield Curve Inversion:** The yield curve plots the interest rates of bonds having equal risk but differing maturity dates.
91,topic_4,aa88e912-2e5c-4f4e-9a38-2ddf6cc049e2,66,assistant,658,803,24,5,3,11,0.458333,0.458333,True,"Inversion occurs when short-term interest rates (e.g., 3-month or 2-year Treasury yields) exceed long-term rates (e.g., 10-year Treasury yields)."
91,topic_4,aa88e912-2e5c-4f4e-9a38-2ddf6cc049e2,66,assistant,804,965,24,1,0,1,0.041667,0.041667,False,"From a first-principles arbitrage perspective, this implies that the market expects future short-term rates to fall significantly below current short-term rates."
91,topic_4,aa88e912-2e5c-4f4e-9a38-2ddf6cc049e2,66,assistant,1164,1369,28,2,2,6,0.214286,0.214286,False,"**Historical Economic Information Contained:** Historically, an inverted yield curve (specifically the spread between the 10-year and 3-month Treasuries) has been a reliable leading indicator of recession."
91,topic_4,aa88e912-2e5c-4f4e-9a38-2ddf6cc049e2,66,assistant,1370,1423,8,1,0,1,0.125000,0.125000,False,The inversion contains two key pieces of information:
91,topic_4,aa88e912-2e5c-4f4e-9a38-2ddf6cc049e2,66,assistant,2171,2386,30,1,0,1,0.033333,0.033333,False,"**Limitations in an Era of Unconventional Monetary Policy:** In recent decades, the predictive power and interpretation of yield curve inversions have become more complex due to unconventional monetary policy tools:"
91,topic_4,aa88e912-2e5c-4f4e-9a38-2ddf6cc049e2,66,assistant,2395,2602,28,2,0,2,0.071429,0.071429,False,"**Yield Curve Control and Intervention:** Central banks, particularly the Federal Reserve and European Central Bank, have engaged in large-scale asset purchases (Quantitative Easing) and yield curve control."
91,topic_4,aa88e912-2e5c-4f4e-9a38-2ddf6cc049e2,66,assistant,2881,3024,20,1,0,1,0.050000,0.050000,False,"**Flight-to-Quality Dynamics:** During times of global uncertainty, investors flock to safe-haven US Treasuries regardless of growth prospects."
91,topic_4,aa88e912-2e5c-4f4e-9a38-2ddf6cc049e2,66,assistant,3025,3276,38,3,0,3,0.078947,0.078947,False,"This massive demand for long-term US debt drives down long-term yields independently of domestic US economic fundamentals, potentially creating a ""false"" inversion that reflects global risk aversion rather than a specific prediction of a US recession."
91,topic_4,aa88e912-2e5c-4f4e-9a38-2ddf6cc049e2,66,assistant,3382,3446,11,1,2,5,0.454545,0.454545,True,"In the past, a recession might have followed within 6–18 months."
91,topic_4,adeff8e5-9dd9-4017-8f65-366ee8862392,67,assistant,256,563,38,2,0,2,0.052632,0.052632,False,**Institutional Arrangements Protecting Independence:** Central bank independence (CBI) is typically safeguarded through two main dimensions: goal independence (the ability to set monetary policy objectives) and instrumental independence (the ability to choose the policy tools to achieve those objectives).
91,topic_4,adeff8e5-9dd9-4017-8f65-366ee8862392,67,assistant,958,1207,34,1,0,1,0.029412,0.029412,False,"**Financial Autonomy:** The ability of the central bank to manage its own budget, personnel, and operational costs without relying on annual legislative appropriations prevents the government from using fiscal leverage to influence policy decisions."
91,topic_4,adeff8e5-9dd9-4017-8f65-366ee8862392,67,assistant,1216,1406,28,2,1,4,0.142857,0.142857,False,"**Legal Mandates:** Explicit statutory mandates, such as a primary objective of price stability (e.g., the European Central Bank or the post-1993 US Federal Reserve), provide a legal shield."
91,topic_4,adeff8e5-9dd9-4017-8f65-366ee8862392,67,assistant,1838,1985,18,1,0,1,0.055556,0.055556,False,"**Forces That Erode Independence:** Despite institutional safeguards, CBI is constantly under threat from various political and economic pressures:"
91,topic_4,adeff8e5-9dd9-4017-8f65-366ee8862392,67,assistant,3531,3719,24,10,4,18,0.750000,0.750000,True,"**Empirical Evidence (1950s–1990s):** Seminal studies by economists like Alder, Brender, and Wallace (1999) and Grilli, Masciandaro, and Tabellini (1991) analyzed data from OECD countries."
91,topic_4,adeff8e5-9dd9-4017-8f65-366ee8862392,67,assistant,3720,3956,31,6,0,6,0.193548,0.193548,False,"They found that countries with more independent central banks (e.g., Switzerland, Germany) experienced significantly lower average inflation rates over decades compared to countries with less independent banks (e.g., France, Italy, UK)."
91,topic_4,adeff8e5-9dd9-4017-8f65-366ee8862392,67,assistant,3965,4088,16,1,0,1,0.062500,0.062500,False,"**The Time-Inconsistency Problem:** This correlation is explained by the ""time-inconsistency problem"" in political economy."
91,topic_4,adeff8e5-9dd9-4017-8f65-366ee8862392,67,assistant,4089,4212,18,1,0,1,0.055556,0.055556,False,Politicians have a short-term incentive to create surprise inflation to boost employment (moving along the Phillips Curve).
91,topic_4,adeff8e5-9dd9-4017-8f65-366ee8862392,67,assistant,4501,4597,11,1,1,3,0.272727,0.272727,True,**Modern Nuances (Post-1990s):** The correlation remains strong for high-inflation environments.
91,topic_4,adeff8e5-9dd9-4017-8f65-366ee8862392,67,assistant,4713,5012,41,2,1,4,0.097561,0.097561,False,"While independent banks successfully prevented the return of 1970s-style inflation, they have also faced criticism for contributing to asset price bubbles and inequality, suggesting that while CBI is excellent for price stability, it does not automatically guarantee broader macroeconomic stability."
91,topic_4,a0033e57-f0e0-43fb-889c-0b1578f57f66,68,user,6,261,38,1,0,1,0.026316,0.039474,False,Walk me through the complete toolkit available to a central bank facing a liquidity trap — where nominal interest rates approach zero and conventional rate cuts lose traction — including the theoretical basis for each tool and its historical applications.
91,topic_4,a0033e57-f0e0-43fb-889c-0b1578f57f66,68,assistant,315,502,28,2,0,2,0.071429,0.071429,False,"**Theoretical Basis:** When the policy rate hits the Effective Lower Bound (ELB), the central bank expands its balance sheet by purchasing long-term government bonds and other securities."
91,topic_4,a0033e57-f0e0-43fb-889c-0b1578f57f66,68,assistant,824,931,16,3,1,5,0.312500,0.312500,True,**Historical Applications:** The Bank of Japan (BOJ) pioneered this in the early 2000s to combat deflation.
91,topic_4,a0033e57-f0e0-43fb-889c-0b1578f57f66,68,assistant,932,1163,35,8,2,12,0.342857,0.342857,True,"The US Federal Reserve, European Central Bank (ECB), and Bank of England (BOE) deployed massive QE programs during the 2008 Global Financial Crisis and again during the COVID-19 pandemic to stabilize markets and inject liquidity. ("
91,topic_4,a0033e57-f0e0-43fb-889c-0b1578f57f66,68,assistant,1312,1545,35,2,2,6,0.171429,0.171429,False,"By explicitly committing to keep policy rates low until specific economic thresholds are met (e.g., unemployment below 6.5% or inflation sustainably above 2%), the central bank influences the expected path of future short-term rates."
91,topic_4,a0033e57-f0e0-43fb-889c-0b1578f57f66,68,assistant,1765,1856,12,3,1,5,0.416667,0.416667,True,"**Historical Applications:** The BOE and RBNZ introduced ""calendar-based"" guidance in 2009."
91,topic_4,a0033e57-f0e0-43fb-889c-0b1578f57f66,68,assistant,1857,2092,33,2,1,4,0.121212,0.121212,False,"The Federal Reserve shifted to ""data-dependent"" guidance in 2012 (the ""forward guidance normalization""), explicitly tying rate hikes to labor market and inflation data to anchor inflation expectations during the post-crisis recovery. ("
91,topic_4,a0033e57-f0e0-43fb-889c-0b1578f57f66,68,assistant,2108,2149,5,1,0,1,0.200000,0.200000,False,**Negative Interest Rate Policy (NIRP):**
91,topic_4,a0033e57-f0e0-43fb-889c-0b1578f57f66,68,assistant,2158,2295,20,1,0,1,0.050000,0.050000,False,"**Theoretical Basis:** NIRP pushes the policy rate below zero, charging commercial banks for holding excess reserves at the central bank."
91,topic_4,a0033e57-f0e0-43fb-889c-0b1578f57f66,68,assistant,2690,2829,19,8,4,16,0.842105,0.842105,True,"**Historical Applications:** The Danish National Bank (2012), BOJ (2016), ECB (2014), and Swiss National Bank (SNB, 2014) implemented NIRP."
91,topic_4,a0033e57-f0e0-43fb-889c-0b1578f57f66,68,assistant,2830,3048,31,1,0,1,0.032258,0.032258,False,"While it succeeded in weakening currencies (e.g., the Euro and Yen) and keeping sovereign yields low, it faced criticism for compressing net interest margins for commercial banks and potentially discouraging savings. ("
91,topic_4,a0033e57-f0e0-43fb-889c-0b1578f57f66,68,assistant,3065,3095,4,1,0,1,0.250000,0.250000,True,**Yield Curve Control (YCC):**
91,topic_4,a0033e57-f0e0-43fb-889c-0b1578f57f66,68,assistant,3104,3299,31,2,1,4,0.129032,0.129032,False,"**Theoretical Basis:** YCC takes QE a step further by explicitly targeting a specific yield level for a particular maturity (e.g., the 10-year government bond) rather than just a purchase volume."
91,topic_4,a0033e57-f0e0-43fb-889c-0b1578f57f66,68,assistant,3550,3665,19,4,3,10,0.526316,0.526316,True,**Historical Applications:** The Reserve Bank of New Zealand briefly targeted a 2.5% yield on 3-year bonds in 1992.
91,topic_4,a0033e57-f0e0-43fb-889c-0b1578f57f66,68,assistant,3666,3858,34,7,4,15,0.441176,0.441176,True,"The BOJ implemented a strict YCC policy in 2016, targeting the 10-year JGB yield at 0% (with a fluctuation band), which remained a core part of their toolkit until adjustments began in 2024. ("
91,topic_4,a0033e57-f0e0-43fb-889c-0b1578f57f66,68,assistant,3953,4177,31,2,0,2,0.064516,0.064516,False,"**Theoretical Basis:** Proposed by Milton Friedman and later popularized by Ben Bernanke, this involves the central bank financing government fiscal transfers directly to households (via money creation) which are then spent."
91,topic_4,a0033e57-f0e0-43fb-889c-0b1578f57f66,68,assistant,4178,4314,18,1,0,1,0.055556,0.055556,False,"Unlike standard QE, which buys assets from financial institutions, this increases household liquid wealth and aggregate demand directly."
91,topic_4,a0033e57-f0e0-43fb-889c-0b1578f57f66,68,assistant,4548,4745,28,3,1,5,0.178571,0.178571,False,"However, elements of it appeared in the US ""Main Street Lending Program"" and direct fiscal stimulus checks during the COVID-19 crisis, where monetary expansion facilitated massive fiscal transfers."
91,topic_4,a0033e57-f0e0-43fb-889c-0b1578f57f66,68,assistant,4746,4872,19,3,0,3,0.157895,0.157895,False,The BOJ’s cooperation with the Japanese government on fiscal stimulus during the Abenomics era also echoed these principles. (
91,topic_4,a0033e57-f0e0-43fb-889c-0b1578f57f66,68,assistant,4889,4960,8,1,0,1,0.125000,0.125000,False,**Credit Easing / Targeted Long-Term Refinancing Operations (TLTROs):**
91,topic_4,a0033e57-f0e0-43fb-889c-0b1578f57f66,68,assistant,5429,5648,31,3,2,7,0.225806,0.225806,False,"**Historical Applications:** The ECB implemented TLTROs extensively from 2014 to 2019, providing hundreds of billions in cheap funding to Eurozone banks, conditioned on their lending to the non-financial private sector."
91,topic_4,a0033e57-f0e0-43fb-889c-0b1578f57f66,68,assistant,5649,5796,24,2,1,4,0.166667,0.166667,False,The Bank of England also used targeted long-term funding schemes during the 2008 crisis to ensure mortgage and business credit continued to flow. (
91,topic_4,a0033e57-f0e0-43fb-889c-0b1578f57f66,68,assistant,5811,6078,37,3,0,3,0.081081,0.081081,False,"Navigating a liquidity trap requires a synchronized approach, typically combining forward guidance with balance sheet expansion (QE or YCC) to manage expectations and lower long-term rates, while NIRP and credit easing address the immediate transmission mechanisms. ("
91,topic_4,b135a1a3-fb4e-4137-aea0-240a13704656,69,user,6,237,32,3,0,3,0.093750,0.140625,False,"Compare and contrast the inflation targeting frameworks of the Federal Reserve, the European Central Bank, and the Bank of Japan — their mandates, their operational frameworks, and their records in anchoring inflation expectations."
91,topic_4,b135a1a3-fb4e-4137-aea0-240a13704656,69,assistant,298,408,15,3,0,3,0.200000,0.200000,False,"**Federal Reserve (US):** Operates under a ""dual mandate"" from Congress: maximum employment and stable prices."
91,topic_4,b135a1a3-fb4e-4137-aea0-240a13704656,69,assistant,409,528,17,3,1,5,0.294118,0.294118,True,"The Fed interprets ""stable prices"" as 2% inflation measured by the Personal Consumption Expenditures (PCE) Price Index."
91,topic_4,b135a1a3-fb4e-4137-aea0-240a13704656,69,assistant,643,826,29,4,2,8,0.275862,0.275862,True,"This flexible average inflation targeting (FAIT) framework, adopted in 2020, allows the Fed to let inflation run moderately above 2% for some time if it has been persistently below. ("
91,topic_4,b135a1a3-fb4e-4137-aea0-240a13704656,69,assistant,845,1041,29,4,1,6,0.206897,0.206897,False,"**European Central Bank (ECB):** Has a primary objective of price stability, defined symmetrically as 2% inflation over the medium term, measured by the Harmonized Index of Consumer Prices (HICP)."
91,topic_4,b135a1a3-fb4e-4137-aea0-240a13704656,69,assistant,1042,1231,28,2,1,4,0.142857,0.142857,False,"Since January 2021, the ECB explicitly states that, provided price stability is secured, it supports the economic policy objectives of the EU, including high employment and balanced growth."
91,topic_4,b135a1a3-fb4e-4137-aea0-240a13704656,69,assistant,1232,1327,15,1,0,1,0.066667,0.066667,False,"However, price stability is the *primary* legal mandate, unlike the Fed’s equal dual mandate. ("
91,topic_4,b135a1a3-fb4e-4137-aea0-240a13704656,69,assistant,1346,1481,22,3,1,5,0.227273,0.227273,False,**Bank of Japan (BOJ):** Has a statutory price stability target of 2% measured by the Core Consumer Price Index (excluding fresh food).
91,topic_4,b135a1a3-fb4e-4137-aea0-240a13704656,69,assistant,1482,1589,14,1,0,1,0.071429,0.071429,False,The BOJ’s mandate also includes maintaining financial stability and supporting sustainable economic growth.
91,topic_4,b135a1a3-fb4e-4137-aea0-240a13704656,69,assistant,1590,1855,38,4,0,4,0.105263,0.105263,False,"Uniquely, the BOJ has historically been more explicit about allowing temporary overshoots to build credibility, and it has experimented with ""Price Stability Targeting"" combined with Yield Curve Control (YCC) rather than relying solely on short-term policy rates. ("
91,topic_4,b135a1a3-fb4e-4137-aea0-240a13704656,69,assistant,2008,2118,17,2,0,2,0.117647,0.117647,False,"In recent years, it has utilized large-scale asset purchases (QE) and forward guidance as supplementary tools."
91,topic_4,b135a1a3-fb4e-4137-aea0-240a13704656,69,assistant,2217,2339,17,1,0,1,0.058824,0.058824,False,The Fed places heavy emphasis on communication and managing market expectations through dot plots and press conferences. (
91,topic_4,b135a1a3-fb4e-4137-aea0-240a13704656,69,assistant,2361,2517,22,2,0,2,0.090909,0.090909,False,"**European Central Bank:** Operates a two-tier system for interest rates (deposit facility rate, main refinancing rate, and marginal lending facility rate)."
91,topic_4,b135a1a3-fb4e-4137-aea0-240a13704656,69,assistant,2518,2663,24,3,0,3,0.125000,0.125000,False,"The ECB uses Targeted Longer-Term Refinancing Operations (TLTROs) to influence bank lending to the real economy, a tool less prominent in the US."
91,topic_4,b135a1a3-fb4e-4137-aea0-240a13704656,69,assistant,2664,2821,23,1,0,1,0.043478,0.043478,False,"Its asset purchase programs (APP/PEPP) are broader in scope, including corporate bonds, to address the fragmentation in the Eurozone sovereign debt market. ("
91,topic_4,b135a1a3-fb4e-4137-aea0-240a13704656,69,assistant,2843,2989,21,3,0,3,0.142857,0.142857,False,"**Bank of Japan:** Uses a unique combination of Yield Curve Control (YCC), negative interest rates, and quantitative and qualitative easing (QQE)."
91,topic_4,b135a1a3-fb4e-4137-aea0-240a13704656,69,assistant,2990,3099,21,3,3,9,0.428571,0.428571,True,The BOJ targets the short-term rate at -0.1% and the 10-year government bond yield at around 0% (with bands).
91,topic_4,b135a1a3-fb4e-4137-aea0-240a13704656,69,assistant,3100,3260,25,3,0,3,0.120000,0.120000,False,"It purchases vast amounts of Exchange-Traded Funds (ETFs) and Real Estate Investment Trusts (REITs), which is highly unconventional compared to the Fed and ECB."
91,topic_4,b135a1a3-fb4e-4137-aea0-240a13704656,69,assistant,3408,3550,18,1,1,3,0.166667,0.166667,False,"**Federal Reserve:** Generally considered successful in anchoring expectations, even during the 2008 crisis and post-pandemic inflation surge."
91,topic_4,b135a1a3-fb4e-4137-aea0-240a13704656,69,assistant,3551,3740,29,2,2,6,0.206897,0.206897,False,"The shift to FAIT has helped prevent premature tightening, but the 2021-2023 inflation episode tested the limits of this anchor, requiring aggressive rate hikes to re-establish credibility."
91,topic_4,b135a1a3-fb4e-4137-aea0-240a13704656,69,assistant,3741,3833,13,1,0,1,0.076923,0.076923,False,Market-based breakeven inflation rates have remained relatively stable over the long term. (
91,topic_4,b135a1a3-fb4e-4137-aea0-240a13704656,69,assistant,3852,4025,25,2,0,2,0.080000,0.080000,False,**European Central Bank:** Has faced more challenges in anchoring expectations due to the Eurozone’s diverse economic structure and deflationary risks in some member states.
91,topic_4,b135a1a3-fb4e-4137-aea0-240a13704656,69,assistant,4026,4155,20,2,1,4,0.200000,0.200000,False,The ECB’s 2021 strategy review aimed to improve credibility by committing to more forceful action against above-target inflation.
91,topic_4,b135a1a3-fb4e-4137-aea0-240a13704656,69,assistant,4156,4291,19,1,0,1,0.052632,0.052632,False,"While expectations are generally anchored, they are slightly more volatile than in the US, particularly during sovereign debt crises. ("
91,topic_4,b135a1a3-fb4e-4137-aea0-240a13704656,69,assistant,4394,4543,23,2,1,4,0.173913,0.173913,False,"Despite years of aggressive monetary easing, core inflation has frequently remained below the 2% target, and long-term breakeven rates have been low."
91,topic_4,b135a1a3-fb4e-4137-aea0-240a13704656,69,assistant,4544,4722,30,5,2,9,0.300000,0.300000,True,"The BOJ’s credibility in delivering sustained 2% inflation was only recently strengthened by wage growth and rising import costs, leading to its first rate hike in years in 2024."
91,topic_4,b135a1a3-fb4e-4137-aea0-240a13704656,69,assistant,4825,4870,4,1,0,1,0.250000,0.250000,True,**Structural and Institutional Differences:**
91,topic_4,b135a1a3-fb4e-4137-aea0-240a13704656,69,assistant,4879,5007,17,3,1,5,0.294118,0.294118,True,"**Federal Reserve:** Independent within the government, with a decentralized structure (Board of Governors + 12 Regional Banks)."
91,topic_4,b135a1a3-fb4e-4137-aea0-240a13704656,69,assistant,5115,5226,14,1,0,1,0.071429,0.071429,False,**European Central Bank:** Supranational institution with no government backing for bailouts (no fiscal union).
91,topic_4,b135a1a3-fb4e-4137-aea0-240a13704656,69,assistant,5227,5399,23,2,1,4,0.173913,0.173913,False,"Its independence is strongly protected by EU treaties, but its monetary policy must coordinate with 20 different national fiscal policies, creating implementation friction."
91,topic_4,b135a1a3-fb4e-4137-aea0-240a13704656,69,assistant,5408,5521,15,2,0,2,0.133333,0.133333,False,"**Bank of Japan:** Highly coordinated with the Ministry of Finance, particularly under the ""Abenomics"" framework."
91,topic_4,b135a1a3-fb4e-4137-aea0-240a13704656,69,assistant,5695,5991,42,3,0,3,0.071429,0.071429,False,"The comparison highlights a spectrum from the Fed’s flexible dual mandate and conventional tools, to the ECB’s price-stability primacy with structural fragmentation challenges, to the BOJ’s unconventional, yield-targeting approach driven by a persistent struggle with deflationary expectations. ("
91,topic_4,2e411431-b28e-47d6-bf35-99cad10a5f5f,70,assistant,1543,1735,29,1,0,1,0.034483,0.034483,False,**Monopoly or Oligopoly Market Power:** Firms with significant market power can pass on increased labor costs to consumers in the form of higher prices without losing significant market share.
91,topic_4,2e411431-b28e-47d6-bf35-99cad10a5f5f,70,assistant,2975,3189,28,2,0,2,0.071429,0.071429,False,"**Gradual and Data-Dependent Tightening:** Instead of shock therapy (sudden, massive rate hikes), modern monetary theory (particularly New Keynesian frameworks) suggests a gradual increase in policy interest rates."
91,topic_4,2e411431-b28e-47d6-bf35-99cad10a5f5f,70,assistant,3990,4179,26,1,0,1,0.038462,0.038462,False,"**Balancing the Dual Mandate (where applicable):** In jurisdictions with a dual mandate (like the US Federal Reserve), the central bank explicitly weighs employment against price stability."
91,topic_4,2e411431-b28e-47d6-bf35-99cad10a5f5f,70,assistant,4180,4277,14,1,0,1,0.071429,0.071429,False,"The theoretical ""Non-Accelerating Inflation Rate of Unemployment"" (NAIRU) is used as a benchmark."
91,topic_4,2e411431-b28e-47d6-bf35-99cad10a5f5f,70,assistant,4278,4491,37,1,0,1,0.027027,0.027027,False,The bank aims to keep unemployment near or slightly below the NAIRU to maintain labor market health while ensuring that any slack in the labor market is sufficient to dampen wage growth enough to break the spiral.
91,topic_4,2e411431-b28e-47d6-bf35-99cad10a5f5f,70,assistant,4589,4710,15,2,0,2,0.133333,0.133333,False,**Macroprudential Tools and Fiscal Coordination:** Monetary policy is most effective when coordinated with fiscal policy.
91,topic_4,bf9a80c8-db8c-499a-8084-f7de0d8f5afa,71,assistant,262,491,31,3,0,3,0.096774,0.096774,False,"**Historical Development and Origins:** Modern Monetary Theory (MMT) did not emerge as a sudden breakthrough but evolved over several decades, primarily through the work of functional finance proponents and chartalist economists."
91,topic_4,bf9a80c8-db8c-499a-8084-f7de0d8f5afa,71,assistant,492,761,42,2,1,4,0.095238,0.095238,False,"Its intellectual roots can be traced back to Abba Lerner's ""Functional Finance"" in the 1940s, which argued that government fiscal policy should be judged solely by its effects on the economy (e.g., full employment, price stability) rather than by budgetary constraints."
91,topic_4,bf9a80c8-db8c-499a-8084-f7de0d8f5afa,71,assistant,762,1018,40,6,2,10,0.250000,0.250000,True,"In the 1970s and 1980s, economists like L. Randall Wray, Warren Mosler, and Peter Bond developed these ideas further, integrating them with chartalist theories of money (which view currency as a creature of state law) and insights from Keynesian economics."
91,topic_4,bf9a80c8-db8c-499a-8084-f7de0d8f5afa,71,assistant,1019,1259,35,3,3,9,0.257143,0.257143,True,"The theory gained formal coherence in the 1990s and 2000s, culminating in widespread public attention following the 2008 financial crisis, when its prescriptions regarding fiscal stimulus and the role of sovereign debt were heavily debated."
91,topic_4,bf9a80c8-db8c-499a-8084-f7de0d8f5afa,71,assistant,1265,1490,31,1,0,1,0.032258,0.032258,False,**Core Claim: The Nature of Sovereign Currency:** The foundational pillar of MMT is the distinction between currency users (households and businesses) and currency issuers (sovereign governments with their own fiat currency).
91,topic_4,bf9a80c8-db8c-499a-8084-f7de0d8f5afa,71,assistant,1491,1610,24,1,0,1,0.041667,0.041667,False,MMT argues that a government that issues its own fiat currency cannot run out of money in the same way a household can.
91,topic_4,bf9a80c8-db8c-499a-8084-f7de0d8f5afa,71,assistant,1978,2064,10,1,0,1,0.100000,0.100000,False,"**Core Claim: Deficits and Debt:** Consequently, MMT reinterprets government deficits."
91,topic_4,bf9a80c8-db8c-499a-8084-f7de0d8f5afa,71,assistant,2288,2457,29,1,0,1,0.034483,0.034483,False,"National debt is viewed as a record of past net government spending, analogous to bank deposits, rather than a liability that must be ""paid off"" with future tax revenue."
91,topic_4,bf9a80c8-db8c-499a-8084-f7de0d8f5afa,71,assistant,2458,2597,25,1,0,1,0.040000,0.040000,False,MMT argues that debt sustainability is not an issue as long as the currency is sovereign and the debt is denominated in that same currency.
91,topic_4,bf9a80c8-db8c-499a-8084-f7de0d8f5afa,71,assistant,2603,2770,26,1,0,1,0.038462,0.038462,False,"**Core Claim: Inflation as the Real Constraint:** If financial solvency is not the constraint, MMT posits that the only real limit on government spending is inflation."
91,topic_4,bf9a80c8-db8c-499a-8084-f7de0d8f5afa,71,assistant,3163,3281,18,2,0,2,0.111111,0.111111,False,**Policy Prescription: The Jobs Guarantee:** A key policy proposal derived from MMT is the Federal Job Guarantee (JG).
91,topic_4,bf9a80c8-db8c-499a-8084-f7de0d8f5afa,71,assistant,3282,3432,25,1,0,1,0.040000,0.040000,False,"Instead of using interest rates (monetary policy) to manage the business cycle, MMT advocates for the government to act as an employer of last resort."
91,topic_4,bf9a80c8-db8c-499a-8084-f7de0d8f5afa,71,assistant,3727,3912,23,1,0,1,0.043478,0.043478,False,**Criticism: Inflationary Risks and Political Implementation:** The primary theoretical criticism of MMT is that it underestimates the difficulty of managing inflation through taxation.
91,topic_4,bf9a80c8-db8c-499a-8084-f7de0d8f5afa,71,assistant,3913,4107,26,1,0,1,0.038462,0.038462,False,"Critics, including mainstream Keynesians and neoclassical economists, argue that politicians are unlikely to raise taxes or cut spending swiftly when inflation rises due to political incentives."
91,topic_4,bf9a80c8-db8c-499a-8084-f7de0d8f5afa,71,assistant,4108,4348,35,1,0,1,0.028571,0.028571,False,"They contend that MMT’s assumption of perfect fiscal control over aggregate demand is unrealistic in a democratic system, potentially leading to sustained high inflation or hyperinflation, as seen in historical cases of currency debasement."
91,topic_4,bf9a80c8-db8c-499a-8084-f7de0d8f5afa,71,assistant,4354,4470,14,1,0,1,0.071429,0.071429,False,**Criticism: Neglect of International Finance and Exchange Rates:** Another major criticism concerns open economies.
91,topic_4,bf9a80c8-db8c-499a-8084-f7de0d8f5afa,71,assistant,4471,4545,12,1,0,1,0.083333,0.083333,False,MMT is often criticized for focusing too heavily on closed-economy models.
91,topic_4,bf9a80c8-db8c-499a-8084-f7de0d8f5afa,71,assistant,4852,4982,19,1,0,1,0.052632,0.052632,False,Critics argue that MMT does not adequately address the constraints imposed by global capital mobility and exchange rate stability.
91,topic_4,bf9a80c8-db8c-499a-8084-f7de0d8f5afa,71,assistant,4988,5160,22,1,0,1,0.045455,0.045455,False,**Criticism: Empirical and Theoretical Consistency:** Mainstream economists also critique MMT’s treatment of interest rates and the transmission mechanism of fiscal policy.
91,topic_4,12e8b624-57d0-4a0b-affc-de810216e877,72,assistant,464,585,18,1,2,5,0.277778,0.277778,True,"Price stability is primarily managed through interest rates, which work with long and variable lags (often 12–24 months)."
91,topic_4,12e8b624-57d0-4a0b-affc-de810216e877,72,assistant,586,725,20,1,0,1,0.050000,0.050000,False,"Financial stability, however, can deteriorate rapidly through credit booms or asset price bubbles that build over years but burst suddenly."
91,topic_4,12e8b624-57d0-4a0b-affc-de810216e877,72,assistant,1311,1667,52,2,1,4,0.076923,0.076923,False,"The dominant consensus since the late 1990s, influenced by the ""Great Moderation,"" was that central banks should focus on price stability and use macroprudential tools (regulatory measures) for financial stability, arguing that identifying bubbles in real-time is too difficult and the cost of false positives (inducing unnecessary recessions) is too high."
91,topic_4,12e8b624-57d0-4a0b-affc-de810216e877,72,assistant,1673,1928,36,4,2,8,0.222222,0.222222,False,"**Historical Conflict Resolution: The 2008 Financial Crisis Era:** During the 2000s, central banks like the Federal Reserve and the ECB maintained low inflation and low interest rates, implicitly tolerating rising housing bubbles and shadow banking risks."
91,topic_4,12e8b624-57d0-4a0b-affc-de810216e877,72,assistant,1929,2125,25,2,0,2,0.080000,0.080000,False,"When the bubble burst, the conflict was resolved by prioritizing financial stability through unconventional monetary policy (Quantitative Easing, zero lower bound) and massive fiscal coordination."
91,topic_4,12e8b624-57d0-4a0b-affc-de810216e877,72,assistant,2350,2544,26,5,2,9,0.346154,0.346154,True,"**Historical Conflict Resolution: The Volcker Shock (Early 1980s):** In the late 1970s, the Fed under Paul Volcker prioritized price stability (breaking high inflation) over financial stability."
91,topic_4,12e8b624-57d0-4a0b-affc-de810216e877,72,assistant,2545,2710,24,1,0,1,0.041667,0.041667,False,"By raising interest rates drastically to double digits, the Fed intentionally triggered a severe recession and a wave of banking failures and corporate bankruptcies."
91,topic_4,12e8b624-57d0-4a0b-affc-de810216e877,72,assistant,2972,3115,22,4,2,8,0.363636,0.363636,True,"**Historical Conflict Resolution: The Japanese ""Lost Decade"" (1990s):** The Bank of Japan faced a massive asset price bubble in the late 1980s."
91,topic_4,12e8b624-57d0-4a0b-affc-de810216e877,72,assistant,3116,3236,19,2,2,6,0.315789,0.315789,True,"Fearing that bursting the bubble would cause a recession, the BOJ raised rates sharply in 1989–1990, popping the bubble."
91,topic_4,12e8b624-57d0-4a0b-affc-de810216e877,72,assistant,3665,3999,47,2,1,4,0.085106,0.085106,False,"**Modern Framework: The ""Dovish Shift"" and Macroprudential Policy:** In the post-2008 era, the resolution mechanism has shifted toward a dual-mandate approach where central banks use macroprudential tools (capital buffers, loan-to-value ratios) to address financial stability, allowing interest rates to focus more on price stability."
91,topic_4,12e8b624-57d0-4a0b-affc-de810216e877,72,assistant,4000,4238,36,3,1,5,0.138889,0.138889,False,"However, in the 2020s, the ""dovish shift"" saw central banks (like the ECB and Fed) temporarily tolerate higher inflation to support financial markets and equity valuations, arguing that financial stress would transmit to the real economy."
91,topic_4,12e8b624-57d0-4a0b-affc-de810216e877,72,assistant,4239,4427,27,1,2,5,0.185185,0.185185,False,"This recent conflict was resolved by a swift return to aggressive rate hikes in 2022–2023 when inflation expectations became unanchored, reaffirming price stability as the ultimate anchor."
91,topic_4,12e8b624-57d0-4a0b-affc-de810216e877,72,assistant,4429,4701,34,1,0,1,0.029412,0.029412,False,Implementing a framework that clearly distinguishes between monetary policy (for price stability) and macroprudential regulation (for financial stability) while maintaining communication channels between the two is the current best practice for managing these conflicts. (
91,topic_4,999c25a7-9297-43ce-9a90-d470607a64dc,73,user,6,248,36,1,0,1,0.027778,0.041667,False,"Walk me through the complete mechanism by which open market operations affect short-term interest rates, bank reserves, money supply, and ultimately aggregate demand — from the Fed funds rate target through to consumer and business borrowing."
91,topic_4,999c25a7-9297-43ce-9a90-d470607a64dc,73,assistant,264,489,36,1,0,1,0.027778,0.027778,False,"**Setting the Fed Funds Rate Target:** The Federal Open Market Committee (FOMC) establishes a target range for the federal funds rate, which is the interest rate banks charge each other for overnight loans of excess reserves."
91,topic_4,999c25a7-9297-43ce-9a90-d470607a64dc,73,assistant,586,714,21,2,0,2,0.095238,0.095238,False,"To achieve this target, the Federal Reserve conducts open market operations (OMOs) through its trading desk at the New York Fed."
91,topic_4,999c25a7-9297-43ce-9a90-d470607a64dc,73,assistant,720,941,31,2,0,2,0.064516,0.064516,False,"**Open Market Operations and Bank Reserves:** When the Fed wants to lower interest rates, it conducts an open market purchase, buying Treasury securities from primary dealers (commercial banks and financial institutions)."
91,topic_4,999c25a7-9297-43ce-9a90-d470607a64dc,73,assistant,942,1046,18,2,0,2,0.111111,0.111111,False,The Fed pays for these securities by crediting the reserve accounts of the banks at the Federal Reserve.
91,topic_4,999c25a7-9297-43ce-9a90-d470607a64dc,73,assistant,1177,1301,21,1,0,1,0.047619,0.047619,False,"By altering the supply of reserves relative to demand, the Fed pushes the actual federal funds rate toward the target range."
91,topic_4,999c25a7-9297-43ce-9a90-d470607a64dc,73,assistant,1307,1473,25,1,0,1,0.040000,0.040000,False,"**Transmission to Short-Term Interest Rates:** The increase in bank reserves reduces the scarcity of liquidity, lowering the cost for banks to borrow funds overnight."
91,topic_4,999c25a7-9297-43ce-9a90-d470607a64dc,73,assistant,1474,1714,38,3,0,3,0.078947,0.078947,False,"This decrease in the federal funds rate quickly transmits to other short-term benchmark rates, such as the London Interbank Offered Rate (LIBOR) or the Secured Overnight Financing Rate (SOFR), the Prime Rate, and short-term Treasury yields."
91,topic_4,999c25a7-9297-43ce-9a90-d470607a64dc,73,assistant,1715,1926,34,1,0,1,0.029412,0.029412,False,"Because these rates are closely linked through arbitrage and competition in the money markets, a change in the fed funds rate causes a near-synchronized shift in the broader short-term interest rate environment."
91,topic_4,999c25a7-9297-43ce-9a90-d470607a64dc,73,assistant,1932,2080,23,1,0,1,0.043478,0.043478,False,"**Impact on Money Supply and Bank Lending:** With more reserves and lower funding costs, banks are incentivized and enabled to expand their lending."
91,topic_4,999c25a7-9297-43ce-9a90-d470607a64dc,73,assistant,2081,2230,23,1,0,1,0.043478,0.043478,False,"Under the fractional reserve banking system, an increase in reserves allows for an expansion of the money supply through the money multiplier effect."
91,topic_4,999c25a7-9297-43ce-9a90-d470607a64dc,73,assistant,2483,2708,35,1,0,1,0.028571,0.028571,False,"**Effect on Longer-Term Rates and Asset Prices:** While OMOs directly target short-term rates, the expectation of future short-term rates influences long-term interest rates (such as mortgage rates and corporate bond yields)."
91,topic_4,999c25a7-9297-43ce-9a90-d470607a64dc,73,assistant,3770,3932,23,1,0,1,0.043478,0.043478,False,"This makes new investments in machinery, equipment, and technology more financially viable, as the hurdle rate for net present value (NPV) calculations decreases."
91,topic_4,8c8b0caa-f79c-4da9-bad1-25489dab9653,74,assistant,241,464,32,3,0,3,0.093750,0.093750,False,"**Policy Autonomy and the Impossible Trinity:** Fixed exchange rate regimes require a country to sacrifice monetary policy autonomy in favor of exchange rate stability, as dictated by the ""Impossible Trinity"" (or trilemma)."
91,topic_4,084e3d02-fb69-44b3-9969-cd0f932b908e,75,user,6,216,32,2,3,8,0.250000,0.375000,True,"What are all the factors that contributed to the Great Moderation of 1985–2007, and how has the post-2008 period caused economists to revise their understanding of which factors were structural versus cyclical?"
91,topic_4,084e3d02-fb69-44b3-9969-cd0f932b908e,75,assistant,232,566,50,4,0,4,0.080000,0.080000,False,"**Improved Monetary Policy and Inflation Targeting:** One of the most widely accepted factors for the Great Moderation was the shift in central banking frameworks, particularly the adoption of explicit inflation targeting and forward-looking policy rules (such as the Taylor Rule) by the Federal Reserve and other major central banks."
91,topic_4,084e3d02-fb69-44b3-9969-cd0f932b908e,75,assistant,708,1005,41,0,1,2,0.048780,0.048780,False,"Post-2008 revisions suggest that while this policy improvement was real, it was cyclical in nature because it failed to address asset price bubbles and financial imbalances, indicating that stability in macroeconomic indicators (GDP/inflation) masked growing instability in the financial sector. ("
91,topic_4,084e3d02-fb69-44b3-9969-cd0f932b908e,75,assistant,1021,1277,32,1,0,1,0.031250,0.031250,False,"**Structural Technological Advances and Supply Chains:** The diffusion of information technology, improved inventory management systems (just-in-time manufacturing), and the globalization of supply chains allowed firms to manage resources more efficiently."
91,topic_4,084e3d02-fb69-44b3-9969-cd0f932b908e,75,assistant,1365,1724,47,0,1,2,0.042553,0.042553,False,"However, post-2008 analysis revealed that this efficiency also contributed to systemic fragility; highly optimized, low-inventory supply chains were vulnerable to sudden disruptions, and global financial integration meant that shocks could propagate faster and farther, challenging the view that globalization solely acted as a stabilizing structural force. ("
91,topic_4,084e3d02-fb69-44b3-9969-cd0f932b908e,75,assistant,1740,2008,45,4,1,6,0.133333,0.133333,False,"**Luck and the Absence of Large Supply Shocks:** Some economists, notably James Stock and Mark Watson, argued that a significant portion of the Great Moderation was simply due to luck—the absence of large exogenous supply shocks like the oil price crises of the 1970s."
91,topic_4,084e3d02-fb69-44b3-9969-cd0f932b908e,75,assistant,2009,2173,26,0,1,2,0.076923,0.076923,False,"Post-2008, this factor is re-evaluated in light of the financial crisis itself, which was an endogenous, self-inflicted shock rather than an exogenous supply shock."
91,topic_4,084e3d02-fb69-44b3-9969-cd0f932b908e,75,assistant,2417,2664,35,1,0,1,0.028571,0.028571,False,"**Financial Innovation and the Shadow Banking System:** The proliferation of complex financial derivatives (e.g., mortgage-backed securities, CDOs) and the growth of the shadow banking system allowed risk to be dispersed across the global economy."
91,topic_4,084e3d02-fb69-44b3-9969-cd0f932b908e,75,assistant,2665,2759,14,1,0,1,0.071429,0.071429,False,"During the Great Moderation, this was viewed as a stabilizing mechanism that diversified risk."
91,topic_4,084e3d02-fb69-44b3-9969-cd0f932b908e,75,assistant,2760,2860,13,0,1,2,0.153846,0.153846,False,"Post-2008, it is understood that these innovations actually concentrated and obscured systemic risk."
91,topic_4,084e3d02-fb69-44b3-9969-cd0f932b908e,75,assistant,3177,3413,32,1,0,1,0.031250,0.031250,False,"**Regulatory Deregulation and Lax Supervision:** The period saw significant deregulation in the financial sector (e.g., the repeal of Glass-Steagall elements, lack of oversight on derivatives), which encouraged leverage and risk-taking."
91,topic_4,084e3d02-fb69-44b3-9969-cd0f932b908e,75,assistant,3487,3620,18,0,1,2,0.111111,0.111111,False,"Post-2008, economists revised their understanding to recognize that this regulatory environment was a cyclical enabler of the bubble."
91,topic_4,084e3d02-fb69-44b3-9969-cd0f932b908e,75,assistant,3896,4122,27,1,1,3,0.111111,0.111111,False,"**Reassessment of Model Accuracy:** Pre-2008, economists largely believed that DSGE (Dynamic Stochastic General Equilibrium) models, which often excluded detailed financial sectors, accurately captured the economy's structure."
91,topic_4,084e3d02-fb69-44b3-9969-cd0f932b908e,75,assistant,4191,4324,18,0,1,2,0.111111,0.111111,False,"Post-2008, there was a major revision in understanding: the models were structurally flawed because they ignored financial frictions."
91,topic_4,084e3d02-fb69-44b3-9969-cd0f932b908e,75,assistant,4325,4612,43,0,2,4,0.093023,0.093023,False,"The stability of the 1985–2007 period was now viewed as a ""calm before the storm"" where cyclical factors (credit booms) compensated for structural model blind spots, leading to a new emphasis on macroprudential regulation and the integration of financial cycles into economic modeling. ("
91,topic_4,084e3d02-fb69-44b3-9969-cd0f932b908e,75,assistant,4627,4868,34,1,0,1,0.029412,0.029412,False,The consensus has shifted from viewing the Great Moderation as a period of structural economic improvement to recognizing it as a phase where cyclical financial excesses and policy complacency masked deep-seated structural vulnerabilities. (
91,topic_4,558921ba-e4a6-4cd7-be8e-882d2c8ab5d5,76,user,6,243,32,2,0,2,0.062500,0.093750,False,"Explain from first principles how expectations shape the effectiveness of monetary policy, including the distinction between adaptive expectations and rational expectations and what each implies for the short-run Phillips curve tradeoff."
91,topic_4,558921ba-e4a6-4cd7-be8e-882d2c8ab5d5,76,assistant,259,532,38,1,0,1,0.026316,0.026316,False,"**The Role of Expectations in Monetary Policy Transmission:** From first principles, the effectiveness of monetary policy depends not just on current interest rates or money supply changes, but on how economic agents (workers, firms, investors) anticipate future inflation."
91,topic_4,558921ba-e4a6-4cd7-be8e-882d2c8ab5d5,76,assistant,533,683,26,2,0,2,0.076923,0.076923,False,"Central banks influence the economy partly through real interest rates ($i - \pi^e$, where $i$ is the nominal rate and $\pi^e$ is expected inflation)."
91,topic_4,558921ba-e4a6-4cd7-be8e-882d2c8ab5d5,76,assistant,1098,1284,25,1,1,3,0.120000,0.120000,False,"**Adaptive Expectations and the Short-Run Tradeoff:** Adaptive expectations assume that agents form inflation expectations based on past observed inflation (e.g., $\pi^e_t = \pi_{t-1}$)."
91,topic_4,558921ba-e4a6-4cd7-be8e-882d2c8ab5d5,76,assistant,1559,1776,29,1,0,1,0.034483,0.034483,False,"This mechanism supports a persistent short-run Phillips curve tradeoff, where policymakers can systematically lower unemployment by accepting higher inflation, as agents only correct their expectations after the fact."
91,topic_4,558921ba-e4a6-4cd7-be8e-882d2c8ab5d5,76,assistant,2573,2739,22,1,0,1,0.045455,0.045455,False,"The short-run Phillips curve becomes vertical at the natural rate of unemployment, rendering discretionary monetary policy ineffective for real economic management. ("
91,topic_4,558921ba-e4a6-4cd7-be8e-882d2c8ab5d5,76,assistant,2814,2993,26,1,0,1,0.038462,0.038462,False,"**Under Adaptive Expectations:** The short-run Phillips curve is downward-sloping and stable in the short term, allowing for a genuine tradeoff between inflation and unemployment."
91,topic_4,558921ba-e4a6-4cd7-be8e-882d2c8ab5d5,76,assistant,3181,3353,24,1,0,1,0.041667,0.041667,False,**Under Rational Expectations:** The short-run Phillips curve is effectively vertical or extremely steep at the natural rate of unemployment for anticipated policy changes.
91,topic_4,558921ba-e4a6-4cd7-be8e-882d2c8ab5d5,76,assistant,3769,3966,28,1,0,1,0.035714,0.035714,False,"This allows for a limited, temporary Phillips curve tradeoff, but emphasizes that central bank credibility is crucial to anchoring expectations and minimizing the inflation cost of policy shifts. ("
91,topic_4,558921ba-e4a6-4cd7-be8e-882d2c8ab5d5,76,assistant,3985,4147,20,1,0,1,0.050000,0.050000,False,**Central Bank Credibility and Policy Design:** The distinction between adaptive and rational expectations underscores the importance of central bank credibility.
91,topic_4,af9155a0-408b-4e18-a8ff-211e03107f07,77,assistant,488,593,15,1,0,1,0.066667,0.066667,False,"From a first-principles perspective, it works by reducing uncertainty regarding the future policy stance."
91,topic_4,af9155a0-408b-4e18-a8ff-211e03107f07,77,assistant,963,1213,38,1,0,1,0.026316,0.026316,False,"By anchoring the lower bound of these expected short-term rates, forward guidance effectively extends the maturity of monetary policy easing beyond the limitations of the short-term policy rate (especially when constrained by the zero lower bound). ("
91,topic_4,af9155a0-408b-4e18-a8ff-211e03107f07,77,assistant,1500,1626,18,1,1,3,0.166667,0.166667,False,"**Inflation Targeting Framework:** A clear, symmetric, and medium-to-long-term inflation target (e.g., 2%) provides an anchor."
91,topic_4,af9155a0-408b-4e18-a8ff-211e03107f07,77,assistant,1936,2034,14,1,0,1,0.071429,0.071429,False,"A predictable reaction function (e.g., a Taylor Rule) allows agents to form rational expectations."
91,topic_4,af9155a0-408b-4e18-a8ff-211e03107f07,77,assistant,2584,2730,22,1,1,3,0.136364,0.136364,False,"**Calendar-Based (Time-Contingent):** The central bank promises to keep rates at the current level until a specific date (e.g., ""until mid-2014"")."
91,topic_4,af9155a0-408b-4e18-a8ff-211e03107f07,77,assistant,2895,3093,28,2,2,6,0.214286,0.214286,False,"**State-Contingent (Condition-Based):** The central bank links policy rates to specific economic indicators (e.g., ""until unemployment falls below 6.5% and inflation is projected to be above 2.5%"")."
91,topic_4,af9155a0-408b-4e18-a8ff-211e03107f07,77,assistant,3299,3514,28,1,1,3,0.107143,0.107143,False,"**Historical Effectiveness and Market Impact:** The historical record, particularly from the post-2008 Global Financial Crisis era, demonstrates that forward guidance has been a potent tool for shaping expectations."
91,topic_4,af9155a0-408b-4e18-a8ff-211e03107f07,77,assistant,3523,3706,26,2,2,6,0.230769,0.230769,False,"**Federal Reserve (2011–2014):** The Fed’s shift from vague guidance to clear, state-contingent forward guidance contributed significantly to the decline in long-term Treasury yields."
91,topic_4,af9155a0-408b-4e18-a8ff-211e03107f07,77,assistant,3827,4071,36,2,1,4,0.111111,0.111111,False,"However, the ""Taper Tantrum"" of 2013 showed the risks: markets overreacted to subtle shifts in language regarding the timing of tapering, indicating that while guidance shapes expectations, it can also amplify volatility if markets are fragile."
91,topic_4,af9155a0-408b-4e18-a8ff-211e03107f07,77,assistant,4080,4211,20,3,1,5,0.250000,0.250000,False,"**Bank of Japan (2013–Present):** The BOJ used aggressive forward guidance as part of its ""Abenomics"" strategy to combat deflation."
91,topic_4,af9155a0-408b-4e18-a8ff-211e03107f07,77,assistant,4212,4509,39,1,0,1,0.025641,0.025641,False,"While it successfully influenced long-term bond yields (YCC – Yield Curve Control), its effectiveness in raising inflation expectations has been mixed, highlighting that guidance alone cannot overcome deep-seated structural deflationary pressures without accompanying balance sheet expansion (QE)."
91,topic_4,af9155a0-408b-4e18-a8ff-211e03107f07,77,assistant,4518,4631,16,2,2,6,0.375000,0.375000,True,**European Central Bank (2014–2019):** The ECB’s forward guidance was initially vague but became more structured.
91,topic_4,af9155a0-408b-4e18-a8ff-211e03107f07,77,assistant,4905,5064,25,1,0,1,0.040000,0.040000,False,"**The ""Doomsday Scenario"":** There is a risk that the central bank gets locked into a policy path that becomes inappropriate due to unforeseen economic shocks."
91,topic_4,7cfcc100-8f60-4c75-a7d3-4c60b137ebc4,78,assistant,246,399,22,3,2,7,0.318182,0.318182,True,**Definition and Theoretical Causes:** Hyperinflation is theoretically defined by Cagan (1956) as a cumulative price increase of more than 50% per month.
91,topic_4,7cfcc100-8f60-4c75-a7d3-4c60b137ebc4,78,assistant,400,595,34,3,0,3,0.088235,0.088235,False,"From a first-principles monetary perspective, it is caused by a rapid, sustained expansion of the money supply ($\Delta M/M$) that significantly outpaces the growth of real output ($\Delta Y/Y$)."
91,topic_4,7cfcc100-8f60-4c75-a7d3-4c60b137ebc4,78,assistant,1028,1220,26,1,0,1,0.038462,0.038462,False,"**Self-Reinforcing Dynamics (The Inflationary Spiral):** Hyperinflation is characterized by a positive feedback loop driven by the "" Cantillon Effect"" and accelerating velocity of money ($V$)."
91,topic_4,7cfcc100-8f60-4c75-a7d3-4c60b137ebc4,78,assistant,1695,1859,28,1,0,1,0.035714,0.035714,False,"This causes the velocity of money to skyrocket ($MV=PY$), meaning each unit of currency changes hands many more times per day, further accelerating price increases."
91,topic_4,7cfcc100-8f60-4c75-a7d3-4c60b137ebc4,78,assistant,1868,2029,24,1,0,1,0.041667,0.041667,False,"**Fiscal Feedback Loop:** The rising price level erodes the real value of tax revenues collected by the government (the ""Overshooting Effect"" or ""Tanzi Effect"")."
91,topic_4,7cfcc100-8f60-4c75-a7d3-4c60b137ebc4,78,assistant,2219,2341,15,2,2,6,0.400000,0.400000,True,"**Weimar Germany (1921–1923):** Triggered by war reparations and fiscal deficits, the Reichsmark lost value exponentially."
91,topic_4,7cfcc100-8f60-4c75-a7d3-4c60b137ebc4,78,assistant,2445,2560,15,4,3,10,0.666667,0.666667,True,"**Hungary (1945–1946):** The most extreme recorded case, with monthly inflation rates exceeding 40 billion percent."
91,topic_4,7cfcc100-8f60-4c75-a7d3-4c60b137ebc4,78,assistant,2561,2675,18,1,0,1,0.055556,0.055556,False,"Caused by post-WWII destruction of output, counterfeiting of the Pengő by the Allies, and massive fiscal deficits."
91,topic_4,7cfcc100-8f60-4c75-a7d3-4c60b137ebc4,78,assistant,2676,2750,12,1,0,1,0.083333,0.083333,False,Ended by the introduction of the Forint backed by agricultural land value.
91,topic_4,7cfcc100-8f60-4c75-a7d3-4c60b137ebc4,78,assistant,2759,2955,26,1,2,5,0.192308,0.192308,False,"**Zimbabwe (2006–2009):** Resulted from land reform policies that destroyed agricultural output, combined with financing of social programs and a quasi-state entity (ZIPRA) through money creation."
91,topic_4,7cfcc100-8f60-4c75-a7d3-4c60b137ebc4,78,assistant,3048,3127,10,1,1,3,0.300000,0.300000,True,"**Venezuela (2016–Present):** A modern case of ""resource curse"" hyperinflation."
91,topic_4,7cfcc100-8f60-4c75-a7d3-4c60b137ebc4,78,assistant,3258,3363,18,1,0,1,0.055556,0.055556,False,"The government relied on the central bank to finance the deficit, leading to a collapse in the Bolívar. ("
91,topic_4,7cfcc100-8f60-4c75-a7d3-4c60b137ebc4,78,assistant,3683,3831,23,2,0,2,0.086957,0.086957,False,"This is achieved through spending cuts, tax restructuring, or borrowing from external sources (IMF, World Bank) to stop the need for money creation."
91,topic_4,7cfcc100-8f60-4c75-a7d3-4c60b137ebc4,78,assistant,4486,4707,31,1,0,1,0.032258,0.032258,False,**Institutional Credibility:** The central bank must be granted operational independence or placed under a strict legal framework (like a Currency Board Arrangement) that legally prohibits it from lending to the treasury.
91,topic_4,5d9fd558-6838-4ee7-af91-d6730e9f0d5f,79,assistant,289,546,29,3,0,3,0.103448,0.103448,False,"**Institutional Credibility and the Inflation Targeting Framework:** Advanced economies (AEs) typically possess central banks with high institutional credibility and established independence, allowing them to successfully implement Inflation Targeting (IT)."
91,topic_4,5d9fd558-6838-4ee7-af91-d6730e9f0d5f,79,assistant,847,983,21,1,0,1,0.047619,0.047619,False,"Consequently, EM central banks may struggle with IT because markets may not believe the commitment, leading to volatile long-term rates."
91,topic_4,5d9fd558-6838-4ee7-af91-d6730e9f0d5f,79,assistant,1196,1388,29,4,0,4,0.137931,0.137931,False,"**Exchange Rate Vulnerability and the ""Fear of Floating"":** AEs generally have ""clean float"" regimes, as their currencies are often vehicles for global trade and finance (e.g., USD, EUR, JPY)."
91,topic_4,5d9fd558-6838-4ee7-af91-d6730e9f0d5f,79,assistant,1389,1572,28,2,0,2,0.071429,0.071429,False,"Their central banks rarely intervene in FX markets because domestic financial sectors are fully dollarized or hedged, and pass-through from FX volatility to domestic inflation is low."
91,topic_4,5d9fd558-6838-4ee7-af91-d6730e9f0d5f,79,assistant,1573,1623,7,1,0,1,0.142857,0.142857,False,"EMs, conversely, often exhibit ""Fear of Floating."""
91,topic_4,5d9fd558-6838-4ee7-af91-d6730e9f0d5f,79,assistant,1809,2066,36,2,0,2,0.055556,0.055556,False,"Therefore, EM monetary policy is heavily influenced by exchange rate stability, leading to frequent FX interventions and the accumulation of large reserve buffers, which constrains their ability to use interest rates solely for domestic inflation control. ("
91,topic_4,5d9fd558-6838-4ee7-af91-d6730e9f0d5f,79,assistant,2258,2335,12,1,0,1,0.083333,0.083333,False,AE monetary policy can focus primarily on domestic output and inflation gaps.
91,topic_4,5d9fd558-6838-4ee7-af91-d6730e9f0d5f,79,assistant,2336,2488,24,1,0,1,0.041667,0.041667,False,"EMs face high capital flow volatility, characterized by ""surges"" and ""sudden stops"" driven by global risk sentiment (the VIX) and US Fed policy changes."
91,topic_4,5d9fd558-6838-4ee7-af91-d6730e9f0d5f,79,assistant,2624,2829,26,2,0,2,0.076923,0.076923,False,"Therefore, EM monetary frameworks must integrate macroprudential policies (e.g., counter-cyclical capital buffers, LTV limits) and capital flow management measures (CFMs) to mitigate these external shocks."
91,topic_4,5d9fd558-6838-4ee7-af91-d6730e9f0d5f,79,assistant,2830,2989,24,1,0,1,0.041667,0.041667,False,"This often forces EM central banks to sterilize interventions or raise rates preemptively during global risk-off episodes, even if domestic inflation is low. ("
91,topic_4,5d9fd558-6838-4ee7-af91-d6730e9f0d5f,79,assistant,3404,3571,25,1,0,1,0.040000,0.040000,False,"If an EM faces fiscal dominance (where fiscal deficits dictate monetary policy), the central bank cannot independently target inflation or stabilize the exchange rate."
91,topic_4,5d9fd558-6838-4ee7-af91-d6730e9f0d5f,79,assistant,3572,3817,34,3,0,3,0.088235,0.088235,False,"Thus, EM monetary frameworks often require tighter coordination with fiscal authorities and sometimes external anchors (like IMF programs) to prevent debt monetization, whereas AEs can often rely on the central bank's operational independence. ("
91,topic_4,5d9fd558-6838-4ee7-af91-d6730e9f0d5f,79,assistant,4077,4160,12,1,0,1,0.083333,0.083333,False,"Central banks typically use a single operational target (e.g., the overnight rate)."
91,topic_4,5d9fd558-6838-4ee7-af91-d6730e9f0d5f,79,assistant,4299,4461,24,1,0,1,0.041667,0.041667,False,"EM central banks may need to use multiple instruments (e.g., reserve requirements, open market operations in multiple tenors) to manage liquidity and guide rates."
91,topic_4,5d9fd558-6838-4ee7-af91-d6730e9f0d5f,79,assistant,4462,4668,35,2,0,2,0.057143,0.057143,False,"Furthermore, the exchange rate pass-through to inflation is often high and rapid in EMs, meaning monetary policy must react faster to FX movements than in AEs, where pass-through is slower and more muted. ("
91,topic_4,976265aa-5ff0-4eb2-b171-ef0ef839335f,80,assistant,768,855,9,1,0,1,0.111111,0.111111,False,**Theoretical Arguments for PLT (Anchoring Expectations and Automatic Stabilization):**
91,topic_4,976265aa-5ff0-4eb2-b171-ef0ef839335f,80,assistant,932,1127,33,1,0,1,0.030303,0.030303,False,"If a negative supply shock causes inflation to spike and the price level to rise above target, PLT requires the central bank to subsequently tolerate below-target inflation to return to the path."
91,topic_4,976265aa-5ff0-4eb2-b171-ef0ef839335f,80,assistant,1391,1523,19,2,0,2,0.105263,0.105263,False,"**Lower Sacrifice Ratio During Deflationary Shocks:** If the economy hits the Zero Lower Bound (ZLB), PLT is theoretically superior."
91,topic_4,976265aa-5ff0-4eb2-b171-ef0ef839335f,80,assistant,1524,1726,32,2,0,2,0.062500,0.062500,False,"Because the central bank has committed to ""making up"" for past undershoots, agents anticipate higher future inflation, which lowers real interest rates ($i - \pi^e$) even when nominal rates are at zero."
91,topic_4,976265aa-5ff0-4eb2-b171-ef0ef839335f,80,assistant,1727,1873,23,1,1,3,0.130435,0.130435,False,"This stimulates demand more effectively than IT, where agents might expect inflation to return to 2% without make-up, keeping real rates higher. ("
91,topic_4,976265aa-5ff0-4eb2-b171-ef0ef839335f,80,assistant,1892,2037,23,1,0,1,0.043478,0.043478,False,"**Reduced Volatility in Real Variables:** By smoothing the price level over time, PLT reduces the volatility of real wages and real debt burdens."
91,topic_4,976265aa-5ff0-4eb2-b171-ef0ef839335f,80,assistant,2221,2313,11,1,0,1,0.090909,0.090909,False,**Empirical and Practical Arguments Against PLT (Credibility and Political Economy Risks):**
91,topic_4,976265aa-5ff0-4eb2-b171-ef0ef839335f,80,assistant,2322,2591,39,4,1,6,0.153846,0.153846,False,"**Time-Inconsistency and Credibility Problems:** Empirical evidence from countries that attempted PLT (e.g., Sweden in the early 1990s, New Zealand briefly) suggests that committing to future inflation to ""make up"" for past errors can be perceived as time-inconsistent."
91,topic_4,976265aa-5ff0-4eb2-b171-ef0ef839335f,80,assistant,2858,2982,18,1,0,1,0.055556,0.055556,False,**Measurement Errors and Path Dependence:** PLT is highly sensitive to measurement errors in the Consumer Price Index (CPI).
91,topic_4,976265aa-5ff0-4eb2-b171-ef0ef839335f,80,assistant,2983,3166,27,1,0,1,0.037037,0.037037,False,"If the CPI temporarily overstates inflation due to statistical artifacts, PLT would require the central bank to engineer deflation later to correct the ""phantom"" price level increase."
91,topic_4,976265aa-5ff0-4eb2-b171-ef0ef839335f,80,assistant,3381,3619,34,1,0,1,0.029412,0.029412,False,"**Political Capture Risk:** Critics argue that PLT gives central bankers more discretion to engineer inflationary surges, which could be exploited by political actors to reduce real tax revenues or government debt burdens (inflation tax)."
91,topic_4,976265aa-5ff0-4eb2-b171-ef0ef839335f,80,assistant,3952,4269,57,3,2,7,0.122807,0.122807,False,"**Modification of the Inflation Gap Term:** The standard Taylor Rule sets the nominal policy rate ($i_t$) based on the inflation gap ($\pi_t - \pi^*$) and the output gap ($y_t - y_t^*$): $i_t = r^* + \pi_t + 0.5(\pi_t - \pi^*) + 0.5(y_t - y_t^*)$. Under PLT, the inflation gap term is replaced by the price level gap."
91,topic_4,976265aa-5ff0-4eb2-b171-ef0ef839335f,80,assistant,4270,4412,30,3,2,7,0.233333,0.233333,False,"The rule becomes $i_t = r^* + \pi_t + 0.5(p_t - p_t^*) + 0.5(y_t - y_t^*)$, where $p_t$ is the log price level and $p_t^*$ is the target path."
91,topic_4,976265aa-5ff0-4eb2-b171-ef0ef839335f,80,assistant,4421,4543,17,1,0,1,0.058824,0.058824,False,"**Hysteresis in Interest Rate Decisions:** Under the PLT-modified Taylor Rule, interest rate decisions are path-dependent."
91,topic_4,976265aa-5ff0-4eb2-b171-ef0ef839335f,80,assistant,4544,4725,32,1,0,1,0.031250,0.031250,False,"A period of low inflation does not reset the ""inflation gap"" to zero; instead, the price level gap remains negative, keeping the policy rate lower for longer than it would under IT."
91,topic_4,976265aa-5ff0-4eb2-b171-ef0ef839335f,80,assistant,5201,5467,42,1,0,1,0.023810,0.023810,False,"This can lead to sharper interest rate hikes in response to transient supply shocks (e.g., oil price spikes), potentially causing deeper recessions to restore the price level path, whereas IT might accommodate the shock by allowing a one-time price level increase. ("
91,topic_4,976265aa-5ff0-4eb2-b171-ef0ef839335f,80,assistant,5480,5898,57,5,0,5,0.087719,0.087719,False,"In summary, while PLT offers theoretical advantages in managing the Zero Lower Bound and anchoring expectations via a self-correcting mechanism, empirical challenges regarding credibility, measurement error amplification, and political economy risks have led most advanced economies to retain Inflation Targeting or adopt ""Average Inflation Targeting"" (a milder form of PLT) rather than strict Price Level Targeting. ("
91,topic_4,1f558649-5e35-4295-8ed1-cff7858f3321,81,user,6,225,31,1,1,3,0.096774,0.145161,False,"Explain the full mechanism by which bank reserve requirements historically influenced money supply creation, and why the shift to an ample-reserves regime in the post-2008 period fundamentally changed this relationship."
91,topic_4,1f558649-5e35-4295-8ed1-cff7858f3321,81,assistant,241,387,17,1,1,3,0.176471,0.176471,False,"**The Traditional Multiplier Model (Pre-2008 Scarcity Regime):** Historically, most advanced economies operated under a ""reserve scarcity"" regime."
91,topic_4,1f558649-5e35-4295-8ed1-cff7858f3321,81,assistant,793,965,27,1,0,1,0.037037,0.037037,False,"**Deposit Creation and Lending:** A bank takes in deposits and lends out a portion, keeping a fraction as reserves to meet regulatory requirements and daily clearing needs."
91,topic_4,1f558649-5e35-4295-8ed1-cff7858f3321,81,assistant,1115,1246,24,1,0,1,0.041667,0.041667,False,"This created a direct mechanical link: for every dollar of new deposits, a bank was legally required to hold $R$ cents in reserves."
91,topic_4,1f558649-5e35-4295-8ed1-cff7858f3321,81,assistant,1255,1480,36,3,0,3,0.083333,0.083333,False,"**The Money Multiplier:** Because reserves were the binding constraint on lending, the money supply ($M$) was determined by the monetary base ($B$, consisting of currency and reserves) and the reserve requirement ratio ($r$)."
91,topic_4,1f558649-5e35-4295-8ed1-cff7858f3321,81,assistant,1481,1673,34,0,1,2,0.058824,0.058824,False,The formula $M = B \times (1/r)$ implies that a small increase in central bank reserves would lead to a multiplied expansion in the broader money supply through the fractional banking process.
91,topic_4,1f558649-5e35-4295-8ed1-cff7858f3321,81,assistant,1792,1958,27,3,2,7,0.259259,0.259259,True,**Structural Break: The 2008 Financial Crisis and QE:** The Global Financial Crisis of 2008 caused a massive flight to safety and a collapse in private credit demand.
91,topic_4,1f558649-5e35-4295-8ed1-cff7858f3321,81,assistant,1959,2143,24,3,0,3,0.125000,0.125000,False,"To prevent deflation and support financial stability, central banks (particularly the Federal Reserve, ECB, and Bank of Japan) launched unprecedented Quantitative Easing (QE) programs."
91,topic_4,1f558649-5e35-4295-8ed1-cff7858f3321,81,assistant,2144,2285,21,1,0,1,0.047619,0.047619,False,"They purchased trillions of dollars in government bonds and mortgage-backed securities, paying for them by crediting banks with new reserves."
91,topic_4,1f558649-5e35-4295-8ed1-cff7858f3321,81,assistant,2458,2612,22,0,2,4,0.181818,0.181818,False,"**The Ample-Reserves Regime (Post-2008):** In the post-2008 era, most major central banks transitioned to an ""ample-reserves"" or ""floor system"" framework."
91,topic_4,1f558649-5e35-4295-8ed1-cff7858f3321,81,assistant,3305,3448,29,1,0,1,0.034483,0.034483,False,"A bank can create a new loan (and thus a new deposit) without needing to source new reserves first, as the system as a whole has a vast excess."
91,topic_4,1f558649-5e35-4295-8ed1-cff7858f3321,81,assistant,3457,3663,30,2,0,2,0.066667,0.066667,False,"**Interest on Reserves (IOR):** To control the policy rate in an environment of abundant reserves, central banks introduced tools like the Interest on Reserve Balances (IORB) or Standing Deposit Facilities."
91,topic_4,1f558649-5e35-4295-8ed1-cff7858f3321,81,assistant,3982,4162,25,1,1,3,0.120000,0.120000,False,**Endogenous Money and Credit-Determined Demand:** Modern monetary theory and empirical evidence from the post-2008 period support the view that money supply is largely endogenous.
91,topic_4,1f558649-5e35-4295-8ed1-cff7858f3321,81,assistant,4249,4488,37,1,0,1,0.027027,0.027027,False,"**Credit Demand Drives Supply:** The expansion of the money supply is driven by the willingness of banks to lend and households/firms to borrow, determined by economic fundamentals and risk appetite, not by central bank reserve injections."
91,topic_4,1f558649-5e35-4295-8ed1-cff7858f3321,81,assistant,4978,5134,25,1,0,1,0.040000,0.040000,False,"Reserve requirements (where they still exist, as many have been lowered to zero) are no longer the binding constraint; capital ratios and credit demand are."
91,topic_4,d22b0c4d-7a51-48d5-a476-37b66c13b873,82,assistant,231,315,8,1,0,1,0.125000,0.125000,False,**Challenge: Disintermediation of the Banking System (Financial Disintermediation)**
91,topic_4,d22b0c4d-7a51-48d5-a476-37b66c13b873,82,assistant,320,447,18,2,0,2,0.111111,0.111111,False,"The emergence of Digital Currencies, particularly CBDCs (Central Bank Digital Currencies), poses a risk of bank deposit flight."
91,topic_4,d22b0c4d-7a51-48d5-a476-37b66c13b873,82,assistant,549,708,26,1,0,1,0.038462,0.038462,False,"If citizens can instantly convert bank deposits into CBDCs (a direct claim on the central bank) with zero counterparty risk, banks may lose their funding base."
91,topic_4,d22b0c4d-7a51-48d5-a476-37b66c13b873,82,assistant,1062,1150,12,1,0,1,0.083333,0.083333,False,**Challenge: Loss of Control over Interest Rate Transmission (Yield on Digital Assets)**
91,topic_4,d22b0c4d-7a51-48d5-a476-37b66c13b873,82,assistant,1155,1296,19,1,0,1,0.052632,0.052632,False,"For decentralized cryptocurrencies (like Bitcoin) or stablecoins, the link to traditional monetary policy is inherently weak or non-existent."
91,topic_4,d22b0c4d-7a51-48d5-a476-37b66c13b873,82,assistant,1908,1982,9,1,0,1,0.111111,0.111111,False,**Opportunity: Precision and Direct Transmission of Policy Rates (CBDCs)**
91,topic_4,d22b0c4d-7a51-48d5-a476-37b66c13b873,82,assistant,2283,2593,44,1,0,1,0.022727,0.022727,False,"For example, during a recession, the central bank could temporarily increase the yield on CBDC balances or even implement targeted ""helicopter money"" by distributing CBDCs to specific demographic groups, ensuring that liquidity injections reach the real economy rather than staying parked in financial markets."
91,topic_4,d22b0c4d-7a51-48d5-a476-37b66c13b873,82,assistant,2688,2745,6,1,0,1,0.166667,0.166667,False,**Opportunity: Enhanced Monitoring and Data Granularity**
91,topic_4,d22b0c4d-7a51-48d5-a476-37b66c13b873,82,assistant,2750,2915,22,1,0,1,0.045455,0.045455,False,"Digital currencies, especially permissioned CBDCs, provide central banks with real-time data on transaction flows, velocity of money, and consumer spending patterns."
91,topic_4,d22b0c4d-7a51-48d5-a476-37b66c13b873,82,assistant,2916,3072,23,1,0,1,0.043478,0.043478,False,"In the traditional system, monetary policy decisions are often based on lagging indicators (e.g., GDP, CPI, employment data released months after the fact)."
91,topic_4,d22b0c4d-7a51-48d5-a476-37b66c13b873,82,assistant,3428,3496,9,2,0,2,0.222222,0.222222,False,**Challenge: Complexity of Exchange Rate and Capital Flow Dynamics**
91,topic_4,d22b0c4d-7a51-48d5-a476-37b66c13b873,82,assistant,3918,4020,15,1,0,1,0.066667,0.066667,False,"Conversely, if a central bank eases policy, capital flight into stablecoins or Bitcoin may accelerate."
91,topic_4,d22b0c4d-7a51-48d5-a476-37b66c13b873,82,assistant,4450,4649,26,1,0,1,0.038462,0.038462,False,"Cybersecurity vulnerabilities, smart contract failures, or liquidity crunches in decentralized finance (DeFi) platforms could trigger sudden stops in credit or panic-driven runs on traditional banks."
91,topic_4,d22b0c4d-7a51-48d5-a476-37b66c13b873,82,assistant,5188,5352,26,2,0,2,0.076923,0.076923,False,"For instance, during a crisis, the central bank could issue CBDC that expires after six months if not spent, forcing rapid velocity and stimulating demand directly."
91,topic_4,ddda12d0-20c9-4ff5-b3c6-ede189d23e22,83,assistant,341,512,28,1,0,1,0.035714,0.035714,False,The Fiscal Theory of the Price Level (FTPL) rests on the premise that the price level is determined by the equilibrium of the government's intertemporal budget constraint.
91,topic_4,ddda12d0-20c9-4ff5-b3c6-ede189d23e22,83,assistant,723,1032,49,1,0,1,0.020408,0.020408,False,"Unlike traditional theories that view the price level as solely a monetary phenomenon, FTPL argues that if the expected stream of future primary surpluses is insufficient to back the existing debt, the price level must rise (inflation) to reduce the real value of that debt, thereby satisfying the constraint."
91,topic_4,ddda12d0-20c9-4ff5-b3c6-ede189d23e22,83,assistant,1194,1248,8,1,0,1,0.125000,0.125000,False,**Difference from the Quantity Theory of Money (QTM)**
91,topic_4,ddda12d0-20c9-4ff5-b3c6-ede189d23e22,83,assistant,1249,1479,43,6,0,6,0.139535,0.139535,False,"The Quantity Theory of Money, encapsulated in the equation $MV = PY$, posits that the price level is determined directly by the money supply ($M$) and its velocity ($V$), assuming output ($Y$) is relatively stable in the long run."
91,topic_4,ddda12d0-20c9-4ff5-b3c6-ede189d23e22,83,assistant,1480,1580,16,1,0,1,0.062500,0.062500,False,"Under QTM, if the central bank doubles the money supply, prices double, regardless of fiscal policy."
91,topic_4,ddda12d0-20c9-4ff5-b3c6-ede189d23e22,83,assistant,3129,3252,17,3,0,3,0.176471,0.176471,False,"Critics, particularly those adhering to the Neo-Wicksellian or New Keynesian consensus, argue that FTPL reverses causality."
91,topic_4,ddda12d0-20c9-4ff5-b3c6-ede189d23e22,83,assistant,3938,4224,43,2,0,2,0.046512,0.046512,False,"Furthermore, they argue that FTPL underestimates the credibility of central banks and the ability of fiscal policy to adjust in response to monetary actions (Ricardian equivalence in action), meaning that fiscal policy is often passive rather than active in determining the price level."
91,topic_4,ddda12d0-20c9-4ff5-b3c6-ede189d23e22,83,assistant,5097,5356,40,1,0,1,0.025000,0.025000,False,"The theoretical basis of FTPL fundamentally shifts the locus of control over inflation from the central bank's balance sheet to the government's fiscal trajectory, arguing that prices adjust to ensure the government's intertemporal budget constraint is met. ("
91,topic_4,b3f94d29-5342-4885-a7a3-19d5bcadd123,84,user,6,241,35,4,2,8,0.228571,0.342857,True,"Compare and contrast the approaches taken by the Federal Reserve, the European Central Bank, and the Bank of England during the 2021–2023 inflation surge — their initial assessments, their timing of policy response, and their outcomes."
91,topic_4,b3f94d29-5342-4885-a7a3-19d5bcadd123,84,assistant,313,506,25,4,1,6,0.240000,0.240000,False,"**Federal Reserve (Fed):** Initially, the Fed maintained the ""transitory inflation"" narrative into mid-2021, arguing that post-pandemic supply chain bottlenecks and base effects were temporary."
91,topic_4,b3f94d29-5342-4885-a7a3-19d5bcadd123,84,assistant,507,681,23,1,0,1,0.043478,0.043478,False,"Chair Jerome Powell emphasized that the labor market was still well below full employment, justifying continued accommodative monetary policy despite rising price indicators."
91,topic_4,b3f94d29-5342-4885-a7a3-19d5bcadd123,84,assistant,690,955,37,2,0,2,0.054054,0.054054,False,"**European Central Bank (ECB):** The ECB was even slower to recognize the persistence of inflation, largely attributing the price surge to global energy supply shocks (particularly after the Russia-Ukraine conflict escalation) rather than domestic demand pressures."
91,topic_4,b3f94d29-5342-4885-a7a3-19d5bcadd123,84,assistant,956,1115,24,2,0,2,0.083333,0.083333,False,President Christine Lagarde frequently stated that the ECB had no mandate to stabilize energy prices and that inflation would ease as supply chains normalized.
91,topic_4,b3f94d29-5342-4885-a7a3-19d5bcadd123,84,assistant,1124,1268,23,4,1,6,0.260870,0.260870,True,"**Bank of England (BoE):** The BoE was among the earliest to signal a shift, recognizing earlier in 2021 that inflation might become entrenched."
91,topic_4,b3f94d29-5342-4885-a7a3-19d5bcadd123,84,assistant,1269,1574,42,5,0,5,0.119048,0.119048,False,"The Monetary Policy Committee (MPC) faced significant dissent regarding the ""transitory"" view, and the BoE focused heavily on the interaction between fiscal policy (such as the UK's ""Energy Price Guarantee"") and monetary policy, acknowledging that government intervention was distorting inflation metrics."
91,topic_4,b3f94d29-5342-4885-a7a3-19d5bcadd123,84,assistant,1630,1755,20,4,2,8,0.400000,0.400000,True,**Federal Reserve:** The Fed began tapering asset purchases in November 2021 and initiated its first rate hike in March 2022.
91,topic_4,b3f94d29-5342-4885-a7a3-19d5bcadd123,84,assistant,1756,1920,25,2,2,6,0.240000,0.240000,False,"The response was characterized by aggressive, front-loaded hiking cycles (including a 75-basis-point hike in June 2022) to quickly re-anchor inflation expectations."
91,topic_4,b3f94d29-5342-4885-a7a3-19d5bcadd123,84,assistant,1921,2029,14,1,0,1,0.071429,0.071429,False,The Fed also prioritized shrinking its balance sheet (quantitative tightening) concurrently with rate hikes.
91,topic_4,b3f94d29-5342-4885-a7a3-19d5bcadd123,84,assistant,2038,2150,18,4,1,6,0.333333,0.333333,True,"**European Central Bank:** The ECB delayed rate hikes until July 2022, lagging behind the Fed by several months."
91,topic_4,b3f94d29-5342-4885-a7a3-19d5bcadd123,84,assistant,2151,2284,20,1,0,1,0.050000,0.050000,False,"This delay was due to concerns about the economic fragility of the Eurozone, particularly in energy-dependent economies like Germany."
91,topic_4,b3f94d29-5342-4885-a7a3-19d5bcadd123,84,assistant,2285,2535,38,4,3,10,0.263158,0.263158,True,"Once hikes began, they were more gradual (initially 50 bps, then 75 bps later in 2022) and were accompanied by targeted instruments like the Transmission Protection Instrument (TPI) to prevent market fragmentation in bond yields across member states."
91,topic_4,b3f94d29-5342-4885-a7a3-19d5bcadd123,84,assistant,2544,2696,24,3,1,5,0.208333,0.208333,False,"**Bank of England:** The BoE began raising rates in December 2021, acting earlier than the ECB but with a more cautious, incremental approach initially."
91,topic_4,b3f94d29-5342-4885-a7a3-19d5bcadd123,84,assistant,2697,2877,30,4,2,8,0.266667,0.266667,True,"However, as inflation peaked higher in the UK (driven by a weaker pound and higher energy costs), the BoE accelerated its hikes significantly in mid-2023, reaching a peak of 5.25%."
91,topic_4,b3f94d29-5342-4885-a7a3-19d5bcadd123,84,assistant,2878,3040,27,3,1,5,0.185185,0.185185,False,The BoE's response was complicated by the need to manage financial stability risks arising from gilt market volatility (such as the LDI crisis in September 2022).
91,topic_4,b3f94d29-5342-4885-a7a3-19d5bcadd123,84,assistant,3088,3364,38,2,1,4,0.105263,0.105263,False,"**Federal Reserve:** The Fed's aggressive stance is widely credited with successfully re-anchoring inflation expectations without triggering a deep recession, achieving a ""soft landing"" scenario where inflation fell toward the 2% target while labor markets remained resilient."
91,topic_4,b3f94d29-5342-4885-a7a3-19d5bcadd123,84,assistant,3365,3505,20,1,0,1,0.050000,0.050000,False,"However, higher rates led to significant stress in regional banking sectors (e.g., Silicon Valley Bank collapse) and cooled housing markets."
91,topic_4,b3f94d29-5342-4885-a7a3-19d5bcadd123,84,assistant,3514,3630,18,2,0,2,0.111111,0.111111,False,**European Central Bank:** The ECB's later response meant that inflation remained higher for longer in the Eurozone.
91,topic_4,b3f94d29-5342-4885-a7a3-19d5bcadd123,84,assistant,3631,3808,29,2,1,4,0.137931,0.137931,False,"The outcome was a mild recession in the first half of 2023, particularly in core economies like Germany, as high energy prices and restrictive monetary policy weighed on growth."
91,topic_4,b3f94d29-5342-4885-a7a3-19d5bcadd123,84,assistant,3809,3975,23,1,0,1,0.043478,0.043478,False,The ECB successfully prevented monetary policy transmission breakdowns within the Eurozone but faced criticism for being behind the curve in combating core inflation.
91,topic_4,b3f94d29-5342-4885-a7a3-19d5bcadd123,84,assistant,3984,4117,20,2,0,2,0.100000,0.100000,False,**Bank of England:** The UK experienced the highest inflation peak among major economies and a contraction in real household incomes.
91,topic_4,b3f94d29-5342-4885-a7a3-19d5bcadd123,84,assistant,4118,4228,19,3,1,5,0.263158,0.263158,True,"The BoE's outcome was a more pronounced economic slowdown, with the UK entering a technical recession in 2023."
91,topic_4,b3f94d29-5342-4885-a7a3-19d5bcadd123,84,assistant,4229,4449,32,1,0,1,0.031250,0.031250,False,"However, the labor market remained tight, and inflation eventually declined, though core services inflation proved stickier than in the US or Eurozone, necessitating a higher peak interest rate to secure price stability."
91,topic_4,b17bf24d-5c6b-4d08-872c-35f9ddf33273,85,assistant,1062,1247,33,1,0,1,0.030303,0.030303,False,"If wages and prices are sticky (as in Keynesian models), money can be non-neutral in the short run, but neutrality is expected to hold in the long run once these rigidities dissipate. ("
91,topic_4,b17bf24d-5c6b-4d08-872c-35f9ddf33273,85,assistant,1749,1967,36,6,0,6,0.166667,0.166667,False,"**The Quantity Theory of Money:** The classical Quantity Theory of Money ($MV = PY$) supports neutrality by assuming velocity ($V$) is stable and output ($Y$) is determined by real factors (technology, capital, labor)."
91,topic_4,b17bf24d-5c6b-4d08-872c-35f9ddf33273,85,assistant,1968,2125,32,3,0,3,0.093750,0.093750,False,"Therefore, a change in the money supply ($M$) leads to a proportional change in the price level ($P$), with no effect on real output ($Y$) in the long run. ("
91,topic_4,b17bf24d-5c6b-4d08-872c-35f9ddf33273,85,assistant,2806,3008,30,1,0,1,0.033333,0.033333,False,"**Financial Frictions and Credit Channels:** If monetary policy affects the allocation of credit or the health of the financial sector, it could have long-lasting effects on investment and productivity."
91,topic_4,b17bf24d-5c6b-4d08-872c-35f9ddf33273,85,assistant,3009,3245,34,1,0,1,0.029412,0.029412,False,"For example, severe financial crises induced or exacerbated by tight monetary policy can lead to a ""balance sheet recession,"" where high debt levels constrain borrowing and investment for years, permanently lowering the capital stock. ("
91,topic_4,796b8e33-1505-4b41-9ccf-dbd9b71c69f8,86,user,6,247,36,1,0,1,0.027778,0.041667,False,"Explain from first principles how asset price bubbles interact with monetary policy — the debate over whether central banks should lean against asset price inflation, and what the historical episodes of bubble formation and collapse tell us."
91,topic_4,796b8e33-1505-4b41-9ccf-dbd9b71c69f8,86,assistant,263,550,41,2,0,2,0.048780,0.048780,False,"**First Principles of Asset Price Bubbles and Monetary Transmission:** From a theoretical standpoint, an asset price bubble occurs when the market price of an asset significantly exceeds its fundamental value, driven by speculative behavior rather than intrinsic cash flows or dividends."
91,topic_4,796b8e33-1505-4b41-9ccf-dbd9b71c69f8,86,assistant,1206,1398,29,2,0,2,0.068966,0.068966,False,"**Lean Against the Wind:** This view, advocated by economists like John B. Taylor and Michael Woodford, argues that central banks should raise interest rates to cool overheating asset markets."
91,topic_4,796b8e33-1505-4b41-9ccf-dbd9b71c69f8,86,assistant,1737,1997,40,2,0,2,0.050000,0.050000,False,"**Clean Up Afterward:** This view, historically associated with Alan Greenspan and Ben Bernanke, argues that central banks should not use interest rates to target asset prices because bubbles are hard to identify and interest rates are too blunt an instrument."
91,topic_4,796b8e33-1505-4b41-9ccf-dbd9b71c69f8,86,assistant,2359,2493,20,1,2,5,0.250000,0.250000,False,"**Historical Episode: The 1990s Dot-com Bubble:** In the late 1990s, equity prices surged due to optimism about internet technologies."
91,topic_4,796b8e33-1505-4b41-9ccf-dbd9b71c69f8,86,assistant,2494,2594,16,1,0,1,0.062500,0.062500,False,"The Fed did not significantly raise rates to target stock prices, following the ""clean up"" approach."
91,topic_4,796b8e33-1505-4b41-9ccf-dbd9b71c69f8,86,assistant,2595,2683,15,2,1,4,0.266667,0.266667,True,"When the bubble burst in 2000, the Fed cut rates aggressively to mitigate the recession."
91,topic_4,796b8e33-1505-4b41-9ccf-dbd9b71c69f8,86,assistant,2791,2971,30,1,1,3,0.100000,0.100000,False,"However, critics argue that the low rates maintained in the early 2000s to offset the dot-com bust contributed to the housing bubble by making mortgage credit cheap and abundant. ("
91,topic_4,796b8e33-1505-4b41-9ccf-dbd9b71c69f8,86,assistant,2990,3200,31,3,1,5,0.161290,0.161290,False,"**Historical Episode: The 2008 Global Financial Crisis:** This crisis was driven by a massive housing and mortgage-backed securities bubble, fueled by decades of low interest rates and lax regulatory standards."
91,topic_4,796b8e33-1505-4b41-9ccf-dbd9b71c69f8,86,assistant,3201,3280,14,1,0,1,0.071429,0.071429,False,The Fed's focus on CPI inflation masked the growing asset inflation in housing.
91,topic_4,796b8e33-1505-4b41-9ccf-dbd9b71c69f8,86,assistant,3281,3389,16,1,0,1,0.062500,0.062500,False,"When the bubble collapsed, the resulting systemic banking crisis was severe, leading to the Great Recession."
91,topic_4,796b8e33-1505-4b41-9ccf-dbd9b71c69f8,86,assistant,3390,3683,42,1,0,1,0.023810,0.023810,False,"Post-crisis analysis heavily favored the ""lean"" argument, suggesting that the Fed should have acted earlier to tighten credit conditions or that macroprudential regulation (not just monetary policy) was needed to address financial stability risks that monetary policy alone could not manage. ("
91,topic_4,796b8e33-1505-4b41-9ccf-dbd9b71c69f8,86,assistant,3700,3809,14,1,1,3,0.214286,0.214286,False,"**Modern Synthesis and Macroprudential Tools:** Post-2008, the consensus has shifted toward a dual framework."
91,topic_4,e35f179e-82b1-430e-af9c-71008b84b447,87,assistant,632,838,32,2,1,4,0.125000,0.125000,False,"For fixed-rate mortgages, the effect is transmitted through the bond market; as policy rates rise, yields on government bonds (like the 10-year Treasury) typically increase, pushing up fixed mortgage rates."
91,topic_4,e35f179e-82b1-430e-af9c-71008b84b447,87,assistant,839,1010,28,1,0,1,0.035714,0.035714,False,"This increase in the cost of debt service reduces the purchasing power of potential buyers, as they can afford a smaller principal for the same monthly payment capacity. ("
91,topic_4,e35f179e-82b1-430e-af9c-71008b84b447,87,assistant,1026,1277,36,1,0,1,0.027778,0.027778,False,"**Housing Demand and Price Dynamics:** As mortgage rates rise, housing demand typically contracts due to two mechanisms: the substitution effect (higher cost of owning vs. renting) and the income effect (higher debt service reduces disposable income)."
91,topic_4,ac9063c3-4e08-4821-a479-28f3057cc62c,88,assistant,787,1009,31,2,1,4,0.129032,0.129032,False,"The calibration relies on historical crisis data (e.g., the 2008 Global Financial Crisis) and forward-looking risk indicators to ensure the scenarios are plausible yet challenging enough to test institutional resilience. ("
91,topic_4,ac9063c3-4e08-4821-a479-28f3057cc62c,88,assistant,1370,1521,20,1,2,5,0.250000,0.250000,False,The results reveal whether institutions maintain sufficient Common Equity Tier 1 (CET1) capital above regulatory minimums throughout the stress period.
91,topic_4,ac9063c3-4e08-4821-a479-28f3057cc62c,88,assistant,1913,2099,27,1,0,1,0.037037,0.037037,False,"The framework assesses how the failure or capital depletion of one major institution could propagate through the system via interbank lending, payment systems, and common asset holdings."
91,topic_4,ac9063c3-4e08-4821-a479-28f3057cc62c,88,assistant,3298,3477,26,1,0,1,0.038462,0.038462,False,"Based on the stress test results, regulators can adjust macroprudential tools, such as Countercyclical Capital Buffers (CCyB), to force banks to build capital during boom periods."
91,topic_4,f3e3b55e-3c60-4c85-80fa-ac450ee07975,89,assistant,266,496,35,2,0,2,0.057143,0.057143,False,"**Impact on the Neutral Rate of Interest ($r^*$):** Demographic aging, characterized by a shrinking working-age population and a rising old-age dependency ratio, exerts persistent downward pressure on the neutral rate of interest."
91,topic_4,f3e3b55e-3c60-4c85-80fa-ac450ee07975,89,assistant,497,619,19,1,0,1,0.052632,0.052632,False,"As the workforce shrinks, potential economic growth ($g^*$) declines, leading to lower natural rates of return on capital."
91,topic_4,f3e3b55e-3c60-4c85-80fa-ac450ee07975,89,assistant,620,878,37,1,0,1,0.027027,0.027027,False,"Simultaneously, the savings behavior of an aging population typically increases; older households tend to dissave less than they saved during their peak earning years, or the aggregate savings rate rises due to precautionary motives and pension accumulation."
91,topic_4,f3e3b55e-3c60-4c85-80fa-ac450ee07975,89,assistant,982,1167,28,2,0,2,0.071429,0.071429,False,"Consequently, $r^*$ falls, meaning the central bank's policy rate must be lower to maintain full employment, often pushing effective lower bounds (ELB) into relevance more frequently. ("
91,topic_4,f3e3b55e-3c60-4c85-80fa-ac450ee07975,89,assistant,1186,1360,26,1,0,1,0.038462,0.038462,False,"**Inflation Dynamics and the Phillips Curve:** A shrinking labor force contributes to structural wage pressures, as labor scarcity can bid up wages for the remaining workers."
91,topic_4,f3e3b55e-3c60-4c85-80fa-ac450ee07975,89,assistant,1610,1787,21,1,0,1,0.047619,0.047619,False,"The traditional Phillips Curve relationship weakens or becomes more vertical, meaning that unemployment can fall significantly without triggering immediate, sustained inflation."
91,topic_4,f3e3b55e-3c60-4c85-80fa-ac450ee07975,89,assistant,1999,2233,31,1,0,1,0.032258,0.032258,False,"**Long-Run Effectiveness of Conventional Monetary Policy:** As $r^*$ approaches or falls below zero, the effectiveness of conventional monetary policy tools (specifically, short-term interest rate adjustments) is severely constrained."
91,topic_4,f3e3b55e-3c60-4c85-80fa-ac450ee07975,89,assistant,2234,2398,27,2,0,2,0.074074,0.074074,False,"Central banks have less ""room to cut"" rates to stimulate the economy during downturns because they hit the Effective Lower Bound (ELB) sooner and stay there longer."
91,topic_4,f3e3b55e-3c60-4c85-80fa-ac450ee07975,89,assistant,2399,2538,22,1,0,1,0.045455,0.045455,False,"This reduces the potency of the interest rate channel, as nominal rates cannot fall significantly below zero without causing cash hoarding."
91,topic_4,f3e3b55e-3c60-4c85-80fa-ac450ee07975,89,assistant,3010,3211,26,1,0,1,0.038462,0.038462,False,"Structural fiscal measures, such as pension reforms, immigration policy, and incentives for productivity-enhancing technology (AI, automation), become primary drivers of long-term growth and inflation."
91,topic_4,f3e3b55e-3c60-4c85-80fa-ac450ee07975,89,assistant,3817,4023,29,2,1,4,0.137931,0.137931,False,"**Inflation Target Re-evaluation:** Some economists argue for higher inflation targets (e.g., 4%) to provide more buffer against the ELB, though this carries risks of entrenched high inflation expectations."
91,topic_4,f3e3b55e-3c60-4c85-80fa-ac450ee07975,89,assistant,4032,4248,26,1,0,1,0.038462,0.038462,False,"**Unconventional Tools as Standard:** Quantitative Easing and negative interest rates may become standard operating procedures rather than emergency measures, requiring new frameworks for balance sheet normalization."
91,topic_4,f3e3b55e-3c60-4c85-80fa-ac450ee07975,89,assistant,4257,4471,33,1,0,1,0.030303,0.030303,False,**Coordination with Structural Reform:** Monetary policy alone cannot solve stagnation caused by demographics; it must be paired with fiscal and structural reforms to boost potential growth ($g^*$) and raise $r^*$.
91,topic_4,1442ade2-9ecc-4425-aa84-585de404c29d,90,user,6,268,36,4,1,6,0.166667,0.250000,False,"Summarize the key theoretical frameworks and policy debates we have covered in monetary policy — Taylor Rule applications, Federal Reserve dual mandate tensions, reverse repurchase agreement floor systems, and Dr. Priya Mehta's 2.3% inflation threshold argument."
91,topic_4,1442ade2-9ecc-4425-aa84-585de404c29d,90,assistant,659,891,35,2,0,2,0.057143,0.057143,False,The debate centers on whether central banks should strictly adhere to the rule or deviate to address financial stability risks and the effective lower bound (ELB) constraints we identified in the Halcyon Crossing economic parallels.
91,topic_4,1442ade2-9ecc-4425-aa84-585de404c29d,90,assistant,1017,1146,16,1,0,1,0.062500,0.062500,False,"Demographic aging complicates this by shifting the Phillips Curve, making inflation less responsive to unemployment fluctuations."
91,topic_4,1442ade2-9ecc-4425-aa84-585de404c29d,90,assistant,1398,1590,26,5,0,5,0.192308,0.192308,False,"**Reverse Repurchase Agreement (RRP) Floor Systems:** As conventional policy tools hit the ELB, central banks have adopted floor systems using Overnight Reverse Repurchase Agreements (ON RRP)."
91,topic_4,1442ade2-9ecc-4425-aa84-585de404c29d,90,assistant,1974,2215,38,6,3,12,0.315789,0.315789,True,**Dr. Priya Mehta's 2.3% Inflation Threshold Argument:** Dr. Mehta argues that a slightly higher inflation threshold (2.3% rather than 2.0%) is necessary to provide a buffer against the downward pressure on $r^*$ caused by aging populations.
91,topic_4,1442ade2-9ecc-4425-aa84-585de404c29d,90,assistant,2216,2340,18,1,1,3,0.166667,0.166667,False,This framework suggests that nominal stability at 2.0% is often associated with real negative rates that distort investment.
91,topic_4,1442ade2-9ecc-4425-aa84-585de404c29d,90,assistant,2341,2525,29,2,1,4,0.137931,0.137931,False,"By allowing 2.3%, central banks gain more room to cut real rates during downturns without hitting the ELB, aligning monetary policy with the structural realities of a maturing economy."
111,topic_5,ee321e5a-8414-4d1a-9571-95db474009fd,91,assistant,309,469,23,2,4,10,0.434783,0.434783,True,"**Mesopelagic Zone (Twilight Zone, 200–1,000 meters):** This zone is characterized by extremely low light levels, receiving only 1% to 0.1% of surface sunlight."
111,topic_5,ee321e5a-8414-4d1a-9571-95db474009fd,91,assistant,470,658,33,2,0,2,0.060606,0.060606,False,"It is densely populated by organisms that practice diel vertical migration (DVM), moving up to the epipelagic zone at night to feed and descending to the safety of the dark during the day."
111,topic_5,ee321e5a-8414-4d1a-9571-95db474009fd,91,assistant,659,817,17,1,0,1,0.058824,0.058824,False,"Key inhabitants include myctophids (lanternfish), stomiiformes (barbeled dragonfish), siphonophores, and large gelatinous predators like the Atolla jellyfish."
111,topic_5,ee321e5a-8414-4d1a-9571-95db474009fd,91,assistant,1230,1419,25,2,3,8,0.320000,0.320000,True,"**Bathypelagic Zone (Midnight Zone, 1,000–4,000 meters):** This zone is in perpetual darkness, subjected to high hydrostatic pressure (up to 400 atmospheres) and near-freezing temperatures."
111,topic_5,ee321e5a-8414-4d1a-9571-95db474009fd,91,assistant,3577,3669,14,2,0,2,0.142857,0.142857,False,"First, they represent the largest habitat on Earth by volume, yet remain largely unexplored."
111,topic_5,ee321e5a-8414-4d1a-9571-95db474009fd,91,assistant,3670,3838,26,1,0,1,0.038462,0.038462,False,"Second, they play a major role in global biogeochemical cycles, particularly the biological carbon pump, where carbon is transported from the surface to the deep ocean."
111,topic_5,ee321e5a-8414-4d1a-9571-95db474009fd,91,assistant,3839,3958,15,1,0,1,0.066667,0.066667,False,"Third, they harbor unique biodiversity, including many endemic species, making them important for conservation biology."
111,topic_5,ee321e5a-8414-4d1a-9571-95db474009fd,91,assistant,3959,4140,25,2,0,2,0.080000,0.080000,False,"Finally, understanding the physiological limits of organisms in these zones contributes to astrobiology, offering analogs for potential life on icy moons like Europa or Enceladus. ("
111,topic_5,63c4e137-4ef9-478b-bec1-91d2cb7bf224,92,user,6,261,35,2,2,6,0.171429,0.257143,True,"Analyze in detail the physiological adaptations that allow organisms to survive at depths of 600–900 meters — pressure tolerance, low-light vision, metabolic rate reduction, and the specific biochemical strategies that differ from shallow-water organisms."
111,topic_5,63c4e137-4ef9-478b-bec1-91d2cb7bf224,92,assistant,277,451,20,2,4,10,0.500000,0.500000,True,**Pressure Tolerance and Cellular Homeostasis:** Organisms in the 600–900 meter range (mesopelagic/bathypelagic transition) endure hydrostatic pressures of 60–90 atmospheres.
111,topic_5,63c4e137-4ef9-478b-bec1-91d2cb7bf224,92,assistant,1085,1231,22,1,1,3,0.136364,0.136364,False,"**Low-Light Vision and Photoreceptor Adaptation:** In this zone, where sunlight is reduced to 0.1% or less, visual systems are highly specialized."
111,topic_5,63c4e137-4ef9-478b-bec1-91d2cb7bf224,92,assistant,1493,1625,21,1,2,5,0.238095,0.238095,True,Pigments such as rhodopsin are tuned to detect the specific blue-green wavelengths (470–490 nm) that penetrate deepest in the ocean.
111,topic_5,63c4e137-4ef9-478b-bec1-91d2cb7bf224,92,assistant,1888,2096,28,1,0,1,0.035714,0.035714,False,"**Metabolic Rate Reduction and Energy Conservation:** Due to the scarcity of food (oligotrophy), organisms in this zone exhibit significantly lower standard metabolic rates (SMR) compared to surface dwellers."
111,topic_5,63c4e137-4ef9-478b-bec1-91d2cb7bf224,92,assistant,2910,3031,17,1,0,1,0.058824,0.058824,False,"For instance, their ATPases and ion pumps are structurally modified to operate efficiently in high-pressure environments."
111,topic_5,d2d1b3b4-fa66-478d-84cb-172ce0a9ac42,93,assistant,1420,1619,32,2,0,2,0.062500,0.062500,False,"This often involves synchronized movement with the diel vertical migration (DVM) of prey, moving upward at night to feed in the epipelagic zone and returning to the mesopelagic depths during the day."
111,topic_5,d2d1b3b4-fa66-478d-84cb-172ce0a9ac42,93,assistant,2187,2256,7,1,0,1,0.142857,0.142857,False,**Bioluminescent Luring (Esca) and Counter-Illumination Camouflage:**
111,topic_5,d2d1b3b4-fa66-478d-84cb-172ce0a9ac42,93,assistant,2265,2427,20,1,0,1,0.050000,0.050000,False,"**Strategy:** Anglerfish (e.g., ceratioid anglerfish) and viperfish use bioluminescent lures (esca) attached to modified dorsal spines (illicium) to attract prey."
111,topic_5,d2d1b3b4-fa66-478d-84cb-172ce0a9ac42,93,assistant,2931,3192,42,1,0,1,0.023810,0.023810,False,"Prey are often drawn by the specific spectral output of the lure, which may exploit visual sensitivities of the prey that are not shared by other predators (e.g., red light, which penetrates poorly and is invisible to most blue-sensitive mesopelagic organisms)."
111,topic_5,d2d1b3b4-fa66-478d-84cb-172ce0a9ac42,93,assistant,3214,3274,7,1,0,1,0.142857,0.142857,False,**Hybrid Strategies: Dynamic Camouflage and Sudden Strike:**
111,topic_5,d2d1b3b4-fa66-478d-84cb-172ce0a9ac42,93,assistant,4255,4361,15,1,0,1,0.066667,0.066667,False,Active pursuit is only viable where prey aggregations (like DVM fronts) provide sufficient caloric intake.
111,topic_5,d2d1b3b4-fa66-478d-84cb-172ce0a9ac42,93,assistant,4464,4741,39,1,2,5,0.128205,0.128205,False,"Ambush predators rely on mechanoreception (lateral line), while active and luring predators rely on highly specialized visual systems (tuned wavelengths, large eyes, or private communication spectra like red light) to overcome the photic limitations of the 200–1000 meter zone."
111,topic_5,6ea04a13-4ffb-4dc2-94c2-adb779518500,94,assistant,800,929,18,1,2,5,0.277778,0.277778,True,**Production Mechanisms at the Surface:** Marine snow is generated in the euphotic zone (0–200 meters) through several processes.
111,topic_5,6ea04a13-4ffb-4dc2-94c2-adb779518500,94,assistant,930,1017,11,2,0,2,0.181818,0.181818,True,"First, zooplankton grazing on phytoplankton produces dense, fast-sinking fecal pellets."
111,topic_5,6ea04a13-4ffb-4dc2-94c2-adb779518500,94,assistant,1018,1246,32,2,0,2,0.062500,0.062500,False,"Second, microbial activity and the exudation of dissolved organic matter (DOM) by phytoplankton lead to the formation of transparent exopolymer particles (TEPs), which act as sticky aggregates that bind other particles together."
111,topic_5,6ea04a13-4ffb-4dc2-94c2-adb779518500,94,assistant,1247,1352,16,1,0,1,0.062500,0.062500,False,"Third, mass mortalities of phytoplankton (blooms) result in the rapid sinking of large clumps of biomass."
111,topic_5,6ea04a13-4ffb-4dc2-94c2-adb779518500,94,assistant,1353,1476,15,1,0,1,0.066667,0.066667,False,These mechanisms transform dissolved and particulate organic carbon (POC) into macroscopic aggregates capable of sinking. (
111,topic_5,6ea04a13-4ffb-4dc2-94c2-adb779518500,94,assistant,1492,1689,23,1,2,5,0.217391,0.217391,True,"**Aggregation and Transformation During Descent:** As marine snow particles descend through the mesopelagic zone (200–1000 meters), they undergo significant physical and biological transformations."
111,topic_5,6ea04a13-4ffb-4dc2-94c2-adb779518500,94,assistant,1962,2111,21,1,0,1,0.047619,0.047619,False,"Bacteria colonize the particles, respiring and consuming a significant portion of the labile organic carbon, converting it back into dissolved forms."
111,topic_5,6ea04a13-4ffb-4dc2-94c2-adb779518500,94,assistant,2494,2649,23,2,3,8,0.347826,0.347826,True,"Typically, only about 1–10% of the organic carbon produced in the euphotic zone survives degradation and reaches the bathypelagic zone (below 1000 meters)."
111,topic_5,6ea04a13-4ffb-4dc2-94c2-adb779518500,94,assistant,2650,2808,24,2,1,4,0.166667,0.166667,True,"The majority of the carbon (roughly 90%) is remineralized in the mesopelagic zone by bacteria and zooplankton, releasing nutrients back into the water column."
111,topic_5,6ea04a13-4ffb-4dc2-94c2-adb779518500,94,assistant,2809,2996,31,2,1,4,0.129032,0.129032,False,"This exponential decay of flux with depth is described by Martin's curve, which indicates that carbon flux decreases by approximately an order of magnitude for every 1000 meters of depth."
111,topic_5,6ea04a13-4ffb-4dc2-94c2-adb779518500,94,assistant,3594,3697,16,1,0,1,0.062500,0.062500,False,"In regions with high particulate organic carbon (POC) flux, benthic biomass is higher and more diverse."
111,topic_5,ca643d47-7f95-4720-9283-7050b4d38a2d,95,user,6,221,35,1,2,5,0.142857,0.214286,True,"What are all the factors that determine the vertical distribution of dissolved oxygen in the ocean, and how does the oxygen minimum zone affect the distribution and behavior of organisms at depths of 600–900 meters?"
111,topic_5,ca643d47-7f95-4720-9283-7050b4d38a2d,95,assistant,237,445,26,1,0,1,0.038462,0.038462,False,**Primary Production and Surface Oxygenation:** The surface ocean is typically supersaturated with dissolved oxygen due to photosynthesis by phytoplankton and direct atmospheric exchange (wind-driven mixing).
111,topic_5,ca643d47-7f95-4720-9283-7050b4d38a2d,95,assistant,875,1083,32,4,0,4,0.125000,0.125000,False,"High-latitude regions (particularly in the North Atlantic and Southern Ocean) are where dense, oxygen-rich surface water sinks to form deep water masses (North Atlantic Deep Water and Antarctic Bottom Water)."
111,topic_5,ca643d47-7f95-4720-9283-7050b4d38a2d,95,assistant,1516,1638,18,1,2,5,0.277778,0.277778,True,This consumption is highest in the mesopelagic zone (200–1000 meters) where the bulk of organic matter degradation occurs.
111,topic_5,ca643d47-7f95-4720-9283-7050b4d38a2d,95,assistant,1639,1808,24,1,0,1,0.041667,0.041667,False,"This biological consumption, combined with limited physical replenishment at these depths, is the primary driver behind the formation of the Oxygen Minimum Zone (OMZ). ("
111,topic_5,ca643d47-7f95-4720-9283-7050b4d38a2d,95,assistant,2187,2425,38,2,0,2,0.052632,0.052632,False,"Conversely, in upwelling regions, nutrient-rich deep water is brought to the surface, fueling massive blooms that subsequently sink and respire, often creating the most intense OMZs in the world (e.g., off the coasts of Peru and Chile). ("
111,topic_5,ca643d47-7f95-4720-9283-7050b4d38a2d,95,assistant,2441,2570,21,3,4,11,0.523810,0.523810,True,**Impact of the OMZ on Organism Distribution (600–900 meters):** The core of many OMZs lies within the 600–900 meter depth range.
111,topic_5,ca643d47-7f95-4720-9283-7050b4d38a2d,95,assistant,2571,2669,18,1,1,3,0.166667,0.166667,True,"In these zones, dissolved oxygen can drop to hypoxic levels (<2 μmol/L) or even anoxic conditions."
111,topic_5,ca643d47-7f95-4720-9283-7050b4d38a2d,95,assistant,2936,3087,22,1,0,1,0.045455,0.045455,False,"This forces organisms to compress into narrow layers above or below the OMZ, increasing competition and predation pressure in those oxygenated zones. ("
111,topic_5,ca643d47-7f95-4720-9283-7050b4d38a2d,95,assistant,3103,3281,23,1,0,1,0.043478,0.043478,False,"**Behavioral Adaptations and Metabolic Shifts:** Organisms that inhabit or migrate through the OMZ (such as certain squid, jellyfish, and amphipods) exhibit specific adaptations."
111,topic_5,ca643d47-7f95-4720-9283-7050b4d38a2d,95,assistant,3363,3568,29,1,0,1,0.034483,0.034483,False,"Behaviorally, diel vertical migrators often adjust their migration depths to avoid the lowest oxygen layers during the day, or they reduce metabolic rates (torpor) when temporarily entering hypoxic waters."
111,topic_5,228dd4e4-eb95-4aea-a00d-a54c2d2bcf33,96,user,6,250,32,1,0,1,0.031250,0.046875,False,"Explain from first principles how bioluminescence functions at the biochemical level — the luciferin-luciferase reaction mechanism, the evolutionary origins of bioluminescence in different lineages, and its ecological functions in the deep sea."
111,topic_5,228dd4e4-eb95-4aea-a00d-a54c2d2bcf33,96,assistant,266,473,27,1,1,3,0.111111,0.111111,False,**Biochemical Mechanism of the Luciferin-Luciferase Reaction:** Bioluminescence is a chemiluminescent reaction where chemical energy is converted directly into light energy with high efficiency (often >90%).
111,topic_5,228dd4e4-eb95-4aea-a00d-a54c2d2bcf33,96,assistant,474,684,35,2,1,4,0.114286,0.114286,False,"The core mechanism involves the oxidation of a small organic molecule called **luciferin** by an enzyme called **luciferase**, in the presence of oxygen ($O_2$) and often other cofactors like ATP or metal ions."
111,topic_5,228dd4e4-eb95-4aea-a00d-a54c2d2bcf33,96,assistant,765,871,15,1,0,1,0.066667,0.066667,False,"In some systems (like fireflies), ATP is required to adenylate the luciferin, forming luciferyl-adenylate."
111,topic_5,228dd4e4-eb95-4aea-a00d-a54c2d2bcf33,96,assistant,1121,1297,24,2,1,4,0.166667,0.166667,True,"**Excited State Formation:** The intermediate decomposes, releasing carbon dioxide ($CO_2$) and leaving the product (oxyluciferin) in an electronically excited state ($OxL^*$)."
111,topic_5,228dd4e4-eb95-4aea-a00d-a54c2d2bcf33,96,assistant,1306,1435,23,1,0,1,0.043478,0.043478,False,"**Photon Emission:** As the excited product relaxes back to its ground state ($OxL$), it releases energy in the form of a photon."
111,topic_5,228dd4e4-eb95-4aea-a00d-a54c2d2bcf33,96,assistant,1704,1893,23,1,2,5,0.217391,0.217391,True,"**Evolutionary Origins and Convergent Evolution:** Bioluminescence is a striking example of convergent evolution, having arisen independently at least 40–50 times across different lineages."
111,topic_5,228dd4e4-eb95-4aea-a00d-a54c2d2bcf33,96,assistant,2019,2184,21,1,1,3,0.142857,0.142857,False,"**Bacteria:** Marine bacteria (e.g., *Vibrio fischeri*) use a bacterial luciferase system involving flavin mononucleotide (FMNH2), oxygen, and a long-chain aldehyde."
111,topic_5,228dd4e4-eb95-4aea-a00d-a54c2d2bcf33,96,assistant,2185,2295,17,1,0,1,0.058824,0.058824,False,"This system is often symbiotic, housed in specialized light organs of hosts like the Hawaiian bobtail squid. ("
111,topic_5,228dd4e4-eb95-4aea-a00d-a54c2d2bcf33,96,assistant,2739,2900,19,1,0,1,0.052632,0.052632,False,**Firefly/Flavoprotein Systems:** Terrestrial organisms like fireflies use a completely different luciferin (firefly luciferin) and a distinct luciferase enzyme.
111,topic_5,228dd4e4-eb95-4aea-a00d-a54c2d2bcf33,96,assistant,3123,3278,19,1,0,1,0.052632,0.052632,False,Their bioluminescence is controlled by luciferin-binding proteins (LBP) that regulate pH-dependent activation in specialized organelles called scintillons.
111,topic_5,228dd4e4-eb95-4aea-a00d-a54c2d2bcf33,96,assistant,3411,3575,25,2,1,4,0.160000,0.160000,True,"**Ecological Functions in the Deep Sea:** In the aphotic zone (below 200 meters), where sunlight does not penetrate, bioluminescence is the primary source of light."
111,topic_5,228dd4e4-eb95-4aea-a00d-a54c2d2bcf33,96,assistant,4203,4328,15,1,0,1,0.066667,0.066667,False,**Counter-Illumination (Camouflage):** Predators below can silhouette prey against the faint downwelling sunlight from above.
111,topic_5,228dd4e4-eb95-4aea-a00d-a54c2d2bcf33,96,assistant,4644,4746,13,1,0,1,0.076923,0.076923,False,**Defense (Burglar Alarms and Smoke Screens):** Prey organisms use bioluminescence to deter predators.
111,topic_5,228dd4e4-eb95-4aea-a00d-a54c2d2bcf33,96,assistant,4868,5073,28,1,0,1,0.035714,0.035714,False,"Others, like certain ostracods, flash bright light when attacked, potentially startling the predator or attracting a larger ""third party"" predator to harass the attacker (the ""burglar alarm"" hypothesis). ("
111,topic_5,228dd4e4-eb95-4aea-a00d-a54c2d2bcf33,96,assistant,5304,5493,26,1,0,1,0.038462,0.038462,False,"Flash patterns are used by dinoflagellates and marine worms to synchronize mating events, ensuring that gametes are released simultaneously for successful fertilization in the open water. ("
111,topic_5,3e6095a3-ccf3-4aa9-aa04-7b8f0702200d,97,user,6,234,33,1,0,1,0.030303,0.045455,False,"Analyze in detail how diel vertical migration works — what organisms participate, what drives the behavior, what the energetic costs and benefits are, and what ecological functions this daily movement between depth zones serves."
111,topic_5,3e6095a3-ccf3-4aa9-aa04-7b8f0702200d,97,assistant,250,496,37,2,1,4,0.108108,0.108108,False,"**Mechanism and Driving Forces:** Diel Vertical Migration (DVM), also known as the ""great daily migration,"" is the synchronous movement of marine organisms between the photic zone (epipelagic) and the dark depths (mesopelagic) on a 24-hour cycle."
111,topic_5,3e6095a3-ccf3-4aa9-aa04-7b8f0702200d,97,assistant,497,740,39,2,0,2,0.051282,0.051282,False,"The primary driver is light avoidance; organisms use light intensity and spectral changes as cues to descend into darkness during the day to avoid visual predators (fish, seabirds) and ascend into nutrient-rich surface waters at night to feed."
111,topic_5,3e6095a3-ccf3-4aa9-aa04-7b8f0702200d,97,assistant,1678,1764,12,1,0,1,0.083333,0.083333,False,"By feeding at night, organisms maximize energy intake while minimizing predation risk."
111,topic_5,3e6095a3-ccf3-4aa9-aa04-7b8f0702200d,97,assistant,1765,1902,17,1,0,1,0.058824,0.058824,False,"Additionally, staying in colder, deeper waters during the day reduces metabolic rates, conserving energy (temperature refuge hypothesis)."
111,topic_5,3e6095a3-ccf3-4aa9-aa04-7b8f0702200d,97,assistant,2122,2268,20,1,0,1,0.050000,0.050000,False,"Furthermore, ascending at night exposes them to nocturnal visual predators, creating a trade-off between feeding opportunity and predation risk. ("
111,topic_5,3e6095a3-ccf3-4aa9-aa04-7b8f0702200d,97,assistant,2749,2874,16,1,0,1,0.062500,0.062500,False,**Trophic Transfer:** DVM facilitates the transfer of energy from primary producers (phytoplankton) to higher trophic levels.
111,topic_5,14047a25-628c-41ed-818b-341135abd99b,98,user,6,273,40,2,0,2,0.050000,0.075000,False,"Walk me through the complete methodology for deep sea biological sampling — from ROV deployment through plankton net tows through in situ imaging — including what each method captures and misses, and how sampling bias shapes our understanding of deep sea communities."
111,topic_5,14047a25-628c-41ed-818b-341135abd99b,98,assistant,289,353,7,1,0,1,0.142857,0.142857,False,**ROV (Remotely Operated Vehicle) Deployment and Manipulation:**
111,topic_5,14047a25-628c-41ed-818b-341135abd99b,98,assistant,481,684,25,1,0,1,0.040000,0.040000,False,"They are equipped with high-definition stereoscopic cameras, mechanical manipulator arms, and often scientific payloads like CTD (Conductivity, Temperature, Depth) sensors, suction samplers, or grippers."
111,topic_5,14047a25-628c-41ed-818b-341135abd99b,98,assistant,685,813,20,1,0,1,0.050000,0.050000,False,The operator pilots the ROV to specific coordinates or follows real-time video feeds to target organisms or geological features.
111,topic_5,14047a25-628c-41ed-818b-341135abd99b,98,assistant,822,987,22,1,0,1,0.045455,0.045455,False,"**What it Captures:** ROVs provide high-resolution, in situ visual documentation of the benthic landscape, sessile organisms (corals, sponges), and mobile megafauna."
111,topic_5,14047a25-628c-41ed-818b-341135abd99b,98,assistant,1442,1542,14,1,0,1,0.071429,0.071429,False,Small planktonic organisms are generally too small to be captured effectively by ROV manipulators. (
111,topic_5,14047a25-628c-41ed-818b-341135abd99b,98,assistant,1561,1618,8,1,0,1,0.125000,0.125000,False,"**Plankton Net Tows (Bongo Nets, MOCNESS, or Multinet):**"
111,topic_5,14047a25-628c-41ed-818b-341135abd99b,98,assistant,1802,1977,24,1,0,1,0.041667,0.041667,False,"For deep-sea sampling, specialized devices like MOCNESS (Multiple Opening/Closing Net and Environmental Sensing System) allow for discrete sampling at various depth intervals."
111,topic_5,14047a25-628c-41ed-818b-341135abd99b,98,assistant,2091,2300,29,2,0,2,0.068966,0.068966,False,"**What it Captures:** This method is highly effective for quantifying the biomass and diversity of pelagic zooplankton, meroplankton (larval stages of benthic organisms), and small nekton (fish larvae, squid)."
111,topic_5,14047a25-628c-41ed-818b-341135abd99b,98,assistant,2832,2889,9,2,0,2,0.222222,0.222222,True,"**In Situ Imaging (B-Cam, Megacamera, or Camera Traps):**"
111,topic_5,14047a25-628c-41ed-818b-341135abd99b,98,assistant,3049,3178,20,1,0,1,0.050000,0.050000,False,"Systems like the ""B-Cam"" (Baited Camera) use bait to attract predators, while others use passive monitoring of specific habitats."
111,topic_5,14047a25-628c-41ed-818b-341135abd99b,98,assistant,3284,3412,16,1,0,1,0.062500,0.062500,False,"**What it Captures:** In situ imaging captures behavior, feeding interactions, and species presence without physical collection."
111,topic_5,14047a25-628c-41ed-818b-341135abd99b,98,assistant,4076,4143,9,2,0,2,0.222222,0.222222,True,**Sampling Bias and Impact on Understanding Deep Sea Communities:**
111,topic_5,14047a25-628c-41ed-818b-341135abd99b,98,assistant,4333,4419,14,1,0,1,0.071429,0.071429,False,This biases our understanding of energy transfer and carbon cycling in the deep sea. (
111,topic_5,14047a25-628c-41ed-818b-341135abd99b,98,assistant,4441,4591,21,1,0,1,0.047619,0.047619,False,"**Behavioral and Avoidance Bias:** ROVs and nets can disturb or scare away mobile organisms, leading to underestimation of certain species' densities."
111,topic_5,e880838b-8022-41f9-a731-fe29b485221d,99,user,6,183,23,1,0,1,0.043478,0.065217,False,"Compare and contrast the trophic strategies of gelatinous zooplankton — jellyfish, siphonophores, ctenophores — at depth with those of crustacean zooplankton at the same depths."
111,topic_5,e880838b-8022-41f9-a731-fe29b485221d,99,assistant,338,548,28,1,2,5,0.178571,0.178571,True,**Visual Predation and Stealth:** Many deep-sea jellyfish (scyphozoans and cubozoans) and siphonophores are visual predators or utilize bioluminescence to attract prey in the mesopelagic zone (200–1000 meters).
111,topic_5,e880838b-8022-41f9-a731-fe29b485221d,99,assistant,939,1098,22,1,0,1,0.045455,0.045455,False,**Passive Filtration and Drag Reduction:** Ctenophores (comb jellies) and some medusae utilize ciliary action or low-velocity pumping to filter small plankton.
111,topic_5,e880838b-8022-41f9-a731-fe29b485221d,99,assistant,1845,1891,4,1,0,1,0.250000,0.250000,True,**Crustacean Zooplankton Trophic Strategies:**
111,topic_5,e880838b-8022-41f9-a731-fe29b485221d,99,assistant,2053,2229,29,2,0,2,0.068966,0.068966,False,They descend into the dark mesopelagic during the day to avoid visual predators and ascend to the epipelagic zone at night to feed on phytoplankton and other surface resources.
111,topic_5,e880838b-8022-41f9-a731-fe29b485221d,99,assistant,2911,3065,20,1,0,1,0.050000,0.050000,False,**Rapid Growth and High Reproductive Rates:** Crustaceans generally have higher metabolic rates and faster life cycles compared to gelatinous zooplankton.
111,topic_5,e880838b-8022-41f9-a731-fe29b485221d,99,assistant,3542,3744,25,1,0,1,0.040000,0.040000,False,"Crustaceans dominate the energy transfer from primary production, while gelatinous organisms occupy niches as specialized predators and micronekton predators, adding layers of predation and competition."
111,topic_5,e880838b-8022-41f9-a731-fe29b485221d,99,assistant,3905,4009,13,2,0,2,0.153846,0.153846,False,**Carbon Cycling Dynamics:** The contrast in strategies highlights two distinct carbon cycling pathways.
111,topic_5,e880838b-8022-41f9-a731-fe29b485221d,99,assistant,4010,4106,11,1,0,1,0.090909,0.090909,False,"Crustaceans facilitate the ""active"" biological pump through DVM, physically transporting carbon."
111,topic_5,e880838b-8022-41f9-a731-fe29b485221d,99,assistant,4474,4679,27,2,0,2,0.074074,0.074074,False,"Crustaceans provide a stable, high-volume energy base, while gelatinous zooplankton provide a flexible, opportunistic layer that can boom in response to specific conditions (e.g., warming, eutrophication)."
111,topic_5,e880838b-8022-41f9-a731-fe29b485221d,99,assistant,4680,4847,23,1,0,1,0.043478,0.043478,False,"This diversity ensures that energy flow continues even if one group is suppressed by environmental stressors, revealing a robust and adaptable mesopelagic ecosystem. ("
111,topic_5,47e1c71f-d090-4f23-a5e2-978298c5e1a7,100,user,54,193,22,2,2,6,0.272727,0.409091,True,Dr. Kenji Watanabe's research group has been studying Vampyroteuthis infernalis — the vampire squid — at depth ranges of 600 to 900 meters.
111,topic_5,47e1c71f-d090-4f23-a5e2-978298c5e1a7,100,assistant,425,492,8,1,0,1,0.125000,0.125000,False,**Researcher Identification:** Dr. Kenji Watanabe's research group.
111,topic_5,47e1c71f-d090-4f23-a5e2-978298c5e1a7,100,assistant,497,620,18,1,2,5,0.277778,0.277778,True,**Study Depth Range:** 600 to 900 meters (located within the oxygen minimum zone of the mesopelagic/bathypelagic boundary).
111,topic_5,47e1c71f-d090-4f23-a5e2-978298c5e1a7,100,assistant,626,820,27,3,0,3,0.111111,0.111111,False,"**Taxonomic Placement and Morphology:** *Vampyroteuthis infernalis* is not a true squid (Teuthoidea) or a true octopus (Octopoda), but rather the sole living member of the order Vampyromorphida."
111,topic_5,47e1c71f-d090-4f23-a5e2-978298c5e1a7,100,assistant,821,1030,34,2,0,2,0.058824,0.058824,False,"It possesses a small, sack-like body with eight arms connected by a web-like tissue (similar to an octopus) and two long, retractable filaments (resembling squid tentacles) used for prey detection and feeding."
111,topic_5,47e1c71f-d090-4f23-a5e2-978298c5e1a7,100,assistant,1035,1194,24,2,0,2,0.083333,0.083333,False,"**Habitat and the Oxygen Minimum Zone (OMZ):** The organism thrives in the mesopelagic zone, specifically within the OMZ where oxygen levels are extremely low."
111,topic_5,47e1c71f-d090-4f23-a5e2-978298c5e1a7,100,assistant,1374,1623,37,1,0,1,0.027027,0.027027,False,"**Feeding Strategy (Marine Snow Specialist):** Unlike predatory squids that actively hunt, the vampire squid is a sit-and-wait predator that feeds primarily on ""marine snow"" (detritus, fecal matter, and dead plankton) drifting down from the surface."
111,topic_5,47e1c71f-d090-4f23-a5e2-978298c5e1a7,100,assistant,2258,2390,16,1,0,1,0.062500,0.062500,False,"**Metabolic Adaptations:** *Vampyroteuthis infernalis* has an exceptionally low metabolic rate, one of the lowest among cephalopods."
111,topic_5,47e1c71f-d090-4f23-a5e2-978298c5e1a7,100,assistant,2391,2619,37,1,2,5,0.135135,0.135135,False,This adaptation allows it to survive on the limited energy resources available from marine snow and endure the low-oxygen conditions of its depth range (600–900 meters) without the need for rapid movement or high-energy hunting.
111,topic_5,e699a4ed-0de6-4053-a9de-a81b1f95f3a1,101,assistant,288,529,34,2,0,2,0.058824,0.058824,False,"**Photophore Structure and Distribution:** The photophores of *Vampyroteuthis infernalis* are small, lens-based organs arranged in two distinct rows along the ventral and lateral margins of the mantle (the webbed tissue connecting the arms)."
111,topic_5,e699a4ed-0de6-4053-a9de-a81b1f95f3a1,101,assistant,986,1161,24,1,2,5,0.208333,0.208333,True,"**Wavelength and Intensity:** The bioluminescence produced by these photophores is in the blue-green spectrum, typically peaking at wavelengths between 470 and 490 nanometers."
111,topic_5,e699a4ed-0de6-4053-a9de-a81b1f95f3a1,101,assistant,1521,1635,12,2,0,2,0.166667,0.166667,True,**Counter-Illumination Camouflage (Cryptic Function):** One primary hypothesized function is counter-illumination.
111,topic_5,e699a4ed-0de6-4053-a9de-a81b1f95f3a1,101,assistant,2015,2188,23,1,0,1,0.043478,0.043478,False,"**The ""Pinecone Posture"" and Startle Display:** When threatened, *Vampyroteuthis infernalis* adopts a unique defensive stance known as the ""pinecone posture"" or *en armure*."
111,topic_5,e699a4ed-0de6-4053-a9de-a81b1f95f3a1,101,assistant,2621,2803,29,1,0,1,0.034483,0.034483,False,"**Mimicry:** The display may mimic the appearance of a larger, more dangerous, or less palatable organism, such as a siphonophore or a large jellyfish, causing predators to avoid it."
111,topic_5,1f9df644-68f9-4e68-b141-652ea1d2d99a,102,user,6,164,21,1,0,1,0.047619,0.071429,False,Dr. Kenji Watanabe's team has documented that Vampyroteuthis infernalis feeds primarily through marine snow particle aggregation rather than active predation.
111,topic_5,1f9df644-68f9-4e68-b141-652ea1d2d99a,102,user,165,306,22,1,2,5,0.227273,0.340909,True,"Walk me through the full feeding mechanism — how the animal collects, processes, and derives energy from marine snow at 600–900 meters depth."
111,topic_5,1f9df644-68f9-4e68-b141-652ea1d2d99a,102,assistant,504,694,32,3,2,7,0.218750,0.218750,True,"At depths of 600–900 meters, within the Oxygen Minimum Zone (OMZ), the vampire squid extends its eight arms and the web connecting them (*interbrachial web*) to form a wide, funnel-like net."
111,topic_5,1f9df644-68f9-4e68-b141-652ea1d2d99a,102,assistant,1028,1190,24,1,0,1,0.041667,0.041667,False,"**Chemical Sensing and Selection:** Before ingestion, the squid uses chemoreceptors located on the arms and web to evaluate the quality of the captured particles."
111,topic_5,1f9df644-68f9-4e68-b141-652ea1d2d99a,102,assistant,1494,1660,26,1,0,1,0.038462,0.038462,False,"This selectivity ensures that the animal does not waste metabolic energy processing low-yield material, which is critical given the low-energy environment of the OMZ."
111,topic_5,1f9df644-68f9-4e68-b141-652ea1d2d99a,102,assistant,1666,1811,21,1,0,1,0.047619,0.047619,False,"**Oral Processing and Mucus Entrapment:** Once selected, the aggregates are swept toward the mouth using ciliary action and gentle arm movements."
111,topic_5,1f9df644-68f9-4e68-b141-652ea1d2d99a,102,assistant,2729,2861,21,1,0,1,0.047619,0.047619,False,"The digestion process is slow, matching the low metabolic rate of the animal, which minimizes oxygen consumption in the hypoxic OMZ."
111,topic_5,8e427087-15bd-4b68-b8e5-657f5dec32ec,103,assistant,496,600,18,1,0,1,0.055556,0.055556,False,"This strategy is closely linked to its habitat in the Oxygen Minimum Zone (OMZ), where energy is scarce."
111,topic_5,8e427087-15bd-4b68-b8e5-657f5dec32ec,103,assistant,983,1102,16,1,0,1,0.062500,0.062500,False,"**Comparison with True Squids (Teuthoidea):** Most true squids are semelparous with a ""big bang"" reproductive strategy."
111,topic_5,8e427087-15bd-4b68-b8e5-657f5dec32ec,103,assistant,1661,1790,16,1,0,1,0.062500,0.062500,False,"**Comparison with Octopuses (Octopoda):** Octopuses are also generally semelparous, though some deep-sea species show variations."
111,topic_5,8e427087-15bd-4b68-b8e5-657f5dec32ec,103,assistant,1791,1996,30,1,0,1,0.033333,0.033333,False,"They typically produce large numbers of eggs (often thousands) and exhibit extensive parental care, with females guarding the eggs without feeding until they hatch, leading to rapid starvation and death. *"
111,topic_5,8e427087-15bd-4b68-b8e5-657f5dec32ec,103,assistant,2421,2706,37,3,0,3,0.081081,0.081081,False,"**Phylogenetic Context:** *Vampyroteuthis infernalis* is the sole surviving member of the order Vampyroteuthida and is considered a sister group to the common ancestor of all other extant cephalopods (Coleoidea), which split into Decapodiformes (squids) and Octopodiformes (octopuses)."
111,topic_5,8e427087-15bd-4b68-b8e5-657f5dec32ec,103,assistant,2965,3231,37,1,0,1,0.027027,0.027027,False,"Alternatively, it represents a highly specialized derived adaptation to the OMZ, showing that reproductive strategies in cephalopods are not strictly tied to taxonomy but are heavily influenced by ecological constraints such as oxygen availability and food scarcity."
111,topic_5,cf43b7ad-e41c-4328-9046-664589859408,104,user,6,223,36,1,2,5,0.138889,0.208333,True,"What are all the pressure adaptation mechanisms that allow Vampyroteuthis infernalis to inhabit depths of 600–900 meters, and how do these compare to the adaptations seen in true deep sea fish at the same depth range?"
111,topic_5,cf43b7ad-e41c-4328-9046-664589859408,104,assistant,238,419,24,3,4,11,0.458333,0.458333,True,"**Incompressible Body Composition:** *Vampyroteuthis infernalis* inhabits the Oxygen Minimum Zone (OMZ) at depths of 600–900 meters, where pressure ranges from 60 to 90 atmospheres."
111,topic_5,cf43b7ad-e41c-4328-9046-664589859408,104,assistant,1153,1387,37,1,1,3,0.081081,0.081081,False,"Vampyroteuthis* utilizes a specialized form of hemocyanin (a copper-based respiratory pigment) with a uniquely high affinity for oxygen, allowing it to extract dissolved oxygen from the water even at partial pressures as low as 1 kPa."
111,topic_5,cf43b7ad-e41c-4328-9046-664589859408,104,assistant,1517,1814,46,1,0,1,0.021739,0.021739,False,"Compared to deep-sea fish, which typically use hemoglobin (iron-based), *Vampyroteuthis*’s hemocyanin is more efficient in the specific low-oxygen, high-pressure environment of the OMZ, as it does not suffer from the same pressure-induced dissociation issues that can affect some fish hemoglobins."
111,topic_5,cf43b7ad-e41c-4328-9046-664589859408,104,assistant,1819,1984,26,1,0,1,0.038462,0.038462,False,"**Slow Metabolic Rate and ""Slow Life History"":** The vampire squid has evolved an extremely slow metabolic rate, estimated to be among the lowest of all cephalopods."
111,topic_5,cf43b7ad-e41c-4328-9046-664589859408,104,assistant,1985,2115,21,1,0,1,0.047619,0.047619,False,This allows it to survive on scarce nutrients in the OMZ by filtering marine snow (organic detritus) rather than actively hunting.
111,topic_5,cf43b7ad-e41c-4328-9046-664589859408,104,assistant,2654,2777,19,1,0,1,0.052632,0.052632,False,"**Large, Low-Pressure-Adapted Eyes:** *Vampyroteuthis* possesses the largest eye-to-body-size ratio of any animal on Earth."
111,topic_5,cf43b7ad-e41c-4328-9046-664589859408,104,assistant,2778,2904,22,1,0,1,0.045455,0.045455,False,These eyes are adapted to detect the faint bioluminescent signals of prey and predators in the near-total darkness of the OMZ.
111,topic_5,cf43b7ad-e41c-4328-9046-664589859408,104,assistant,3682,3864,27,1,0,1,0.037037,0.037037,False,"This serves two purposes: it may confuse predators by mimicking larger, more dangerous organisms, and it may create a ""smoke screen"" of bioluminescent mucus that distracts predators."
111,topic_5,d64a8b9b-1895-4538-bae9-aea202414072,105,user,6,264,37,3,2,7,0.189189,0.283784,True,"Explain how Dr. Kenji Watanabe's team uses in situ ROV observations at 600–900 meters to study Vampyroteuthis infernalis behavior without disturbing the animal, and what methodological limitations affect the interpretation of behavioral data at these depths."
111,topic_5,d64a8b9b-1895-4538-bae9-aea202414072,105,assistant,279,472,26,1,0,1,0.038462,0.038462,False,"**Remote Observation via Low-Light ROVs:** Dr. Watanabe's team employs specialized Remotely Operated Vehicles (ROVs) equipped with low-light, high-sensitivity cameras and infrared illumination."
111,topic_5,d64a8b9b-1895-4538-bae9-aea202414072,105,assistant,473,696,33,1,0,1,0.030303,0.030303,False,"By keeping external artificial lights off or at minimal intensity, they avoid startling the *Vampyroteuthis infernalis*, which is highly sensitive to light changes in the perpetual darkness of the Oxygen Minimum Zone (OMZ)."
111,topic_5,d64a8b9b-1895-4538-bae9-aea202414072,105,assistant,1711,1957,34,2,0,2,0.058824,0.058824,False,"By correlating behavioral observations with these real-time environmental parameters, Dr. Watanabe's team can determine how *Vampyroteuthis* adjusts its buoyancy control and feeding strategies in response to the fluctuating conditions of the OMZ."
111,topic_5,d64a8b9b-1895-4538-bae9-aea202414072,105,assistant,2126,2352,33,2,0,2,0.060606,0.060606,False,"**Non-Invasive Sampling and Genetic Analysis:** In cases where physical interaction is necessary, the team uses gentle suction samplers or soft nets deployed from the ROV to collect individuals without causing physical trauma."
111,topic_5,d64a8b9b-1895-4538-bae9-aea202414072,105,assistant,2675,2729,5,1,0,1,0.200000,0.200000,True,**Methodological Limitations in Data Interpretation:**
111,topic_5,d64a8b9b-1895-4538-bae9-aea202414072,105,assistant,2737,2968,35,1,0,1,0.028571,0.028571,False,"**Observer Effect:** Even with low-light equipment, the presence of the ROV and its acoustic signature may subtly alter the squid's behavior, leading to a potential underestimation of natural activity levels or social interactions."
111,topic_5,d64a8b9b-1895-4538-bae9-aea202414072,105,assistant,2976,3221,40,1,0,1,0.025000,0.025000,False,"**Limited Field of View:** ROV cameras have a narrow field of view, making it difficult to capture the full context of the animal's interaction with its surrounding environment, such as the presence of predators or competitors outside the frame."
111,topic_5,d64a8b9b-1895-4538-bae9-aea202414072,105,assistant,3229,3422,31,1,0,1,0.032258,0.032258,False,"**Data Gaps:** The high cost and technical complexity of deep-sea ROV missions result in limited observation time, creating gaps in the behavioral dataset that may miss rare or seasonal events."
111,topic_5,d64a8b9b-1895-4538-bae9-aea202414072,105,assistant,3673,3918,37,2,2,6,0.162162,0.162162,True,"**Depth Constraints:** The extreme pressure at 600–900 meters limits the duration of ROV operations and increases the risk of equipment failure, further restricting the quantity and quality of data that can be collected in a single expedition. ("
111,topic_5,d1711ac4-3bd3-4524-8b8a-04055a116b32,106,user,6,251,42,1,2,5,0.119048,0.178571,True,"Analyze in detail the role of Vampyroteuthis infernalis in the deep sea food web at 600–900 meters — what preys on it, what it competes with, and how its marine snow feeding strategy positions it in the overall carbon cycling of the mesopelagic."
111,topic_5,d1711ac4-3bd3-4524-8b8a-04055a116b32,106,assistant,327,540,30,1,0,1,0.033333,0.033333,False,"*Vampyroteuthis infernalis* occupies a unique trophic niche in the Oxygen Minimum Zone (OMZ), primarily functioning as a secondary consumer that bridges the gap between detrital feeders and higher-level predators."
111,topic_5,d1711ac4-3bd3-4524-8b8a-04055a116b32,106,assistant,1083,1311,29,2,0,2,0.068966,0.068966,False,"In the resource-poor OMZ, *Vampyroteuthis* competes for food resources with other zooplanktivores and detritivores, such as certain shrimp species, gelatinous zooplankton (ctenophores, jellyfish), and other deep-sea cephalopods."
111,topic_5,d1711ac4-3bd3-4524-8b8a-04055a116b32,106,assistant,1320,1542,33,1,2,5,0.151515,0.151515,False,"However, it minimizes direct competition through its specialized physiological adaptation to extremely low oxygen levels (as low as 0.1 mL O2/L), a zone that excludes many competitors that require higher oxygen saturation."
111,topic_5,d1711ac4-3bd3-4524-8b8a-04055a116b32,106,assistant,2484,2708,35,1,1,3,0.085714,0.085714,False,"Through respiration, it converts a portion of this carbon into CO2, which is released back into the mesopelagic water column, contributing to local remineralization and reducing the amount of carbon exported to the deep sea."
111,topic_5,d1711ac4-3bd3-4524-8b8a-04055a116b32,106,assistant,2717,2961,36,1,0,1,0.027778,0.027778,False,"Its waste products and eventual mortality also contribute to the vertical flux of organic matter, but on a smaller scale than larger migrating species, effectively retaining carbon within the OMZ layer and influencing local nutrient dynamics. ("
111,topic_5,d1711ac4-3bd3-4524-8b8a-04055a116b32,106,assistant,2979,3032,5,1,0,1,0.200000,0.200000,True,**Ecological Significance and Biomass Contribution:**
111,topic_5,d1711ac4-3bd3-4524-8b8a-04055a116b32,106,assistant,3041,3161,18,1,0,1,0.055556,0.055556,False,"Due to its high population density in the OMZ, *Vampyroteuthis* represents a significant biomass component in this zone."
111,topic_5,d1711ac4-3bd3-4524-8b8a-04055a116b32,106,assistant,3170,3376,32,1,1,3,0.093750,0.093750,False,"Its efficient conversion of sinking particulate organic carbon into biomass and CO2 makes it a key player in the biological carbon pump, influencing the efficiency of carbon sequestration in the deep ocean."
111,topic_5,47941cb2-286b-4a38-a686-dc955ba288e2,107,assistant,1112,1214,17,1,0,1,0.058824,0.058824,False,The squid has two large photophores on the mantle and numerous smaller photophores on the webbed arms.
111,topic_5,58c914ca-ef22-4e71-b33a-cec88645f875,108,user,150,252,16,2,2,6,0.375000,0.562500,True,What does Dr. Kenji Watanabe's sampling at 600–900 meters reveal about its global abundance estimates?
111,topic_5,58c914ca-ef22-4e71-b33a-cec88645f875,108,assistant,571,745,29,7,0,7,0.241379,0.241379,True,"It is commonly recorded in the Atlantic Ocean (particularly off the coasts of Africa and South America), the Pacific Ocean (from Japan to the Americas), and the Indian Ocean."
111,topic_5,58c914ca-ef22-4e71-b33a-cec88645f875,108,assistant,1699,1937,39,4,4,12,0.307692,0.307692,True,"**Dr. Kenji Watanabe's Sampling Depth (600–900 meters):** Dr. Watanabe’s research focuses on the specific depth range of 600 to 900 meters, which coincides with the core of the oxygen minimum zone in many tropical and subtropical regions."
111,topic_5,58c914ca-ef22-4e71-b33a-cec88645f875,108,assistant,1938,2319,59,1,1,3,0.050847,0.050847,False,"Sampling within this stratum reveals that *V. infernalis* is not randomly distributed but is highly concentrated in the hypoxic ""sweet spot"" where oxygen levels drop below 1 ml/L. This vertical positioning is a critical adaptation; it allows the squid to minimize metabolic costs (due to low temperature and low oxygen) while avoiding predators that require higher oxygen levels. ("
111,topic_5,58c914ca-ef22-4e71-b33a-cec88645f875,108,assistant,2335,2526,25,2,2,6,0.240000,0.240000,True,**Implications for Global Abundance Estimates:** Dr. Watanabe’s data from the 600–900 meter range suggests that previous global abundance estimates may have been significantly underestimated.
111,topic_5,58c914ca-ef22-4e71-b33a-cec88645f875,108,assistant,2745,2913,25,1,0,1,0.040000,0.040000,False,Trawl-independent sampling methods (such as ROV surveys or targeted mid-water trawls) used by Watanabe indicate higher densities in stable OMZs than previously thought.
111,topic_5,58c914ca-ef22-4e71-b33a-cec88645f875,108,assistant,3111,3248,18,2,0,2,0.111111,0.111111,False,"**Variability Across Ocean Basins:** While the species is circumglobal, Dr. Watanabe’s work highlights regional differences in abundance."
111,topic_5,58c914ca-ef22-4e71-b33a-cec88645f875,108,assistant,3249,3402,25,4,0,4,0.160000,0.160000,True,"In the Eastern Pacific (off Peru and Chile) and the Arabian Sea, where OMZs are particularly strong and deep, populations are denser and more consistent."
111,topic_5,58c914ca-ef22-4e71-b33a-cec88645f875,108,assistant,3403,3568,26,2,0,2,0.076923,0.076923,False,"In contrast, in regions with weaker or more variable oxygen minima (such as parts of the Atlantic), populations are more patchy and subject to seasonal fluctuations."
111,topic_5,58c914ca-ef22-4e71-b33a-cec88645f875,108,assistant,3758,3964,29,2,2,6,0.206897,0.206897,True,"**Ecological Role and Biomass Contribution:** The refined abundance estimates from the 600–900 meter sampling zone confirm that *V. infernalis* plays a substantial role in the ""marine snow"" transport chain."
111,topic_5,58c914ca-ef22-4e71-b33a-cec88645f875,108,assistant,3965,4143,25,1,0,1,0.040000,0.040000,False,"By consuming sinking organic particulate matter in the OMZ, it recycles nutrients back into the water column through excretion, supporting microbial loops and other detritivores."
111,topic_5,58c914ca-ef22-4e71-b33a-cec88645f875,108,assistant,4144,4340,35,2,0,2,0.057143,0.057143,False,"Dr. Watanabe’s findings reinforce the view that the vampire squid is a keystone species in OMZ ecosystems, and its high abundance in these zones is critical for the carbon cycle in the deep sea. ("
111,topic_5,80d4034a-09be-450d-a2d0-7c0e4f0aaa56,109,user,6,245,36,1,2,5,0.138889,0.208333,True,"What are all the conservation implications of deep sea trawling and mining activity for organisms like Vampyroteuthis infernalis at 600–900 meters depth, and what monitoring frameworks exist or should exist for species at this depth range?"
111,topic_5,80d4034a-09be-450d-a2d0-7c0e4f0aaa56,109,assistant,615,848,32,1,2,5,0.156250,0.156250,False,"At 600–900 meters, these plumes can remain suspended for extended periods, reducing the availability of marine snow (organic particulate matter) that the squid relies on for nutrition, effectively causing localized starvation events."
111,topic_5,80d4034a-09be-450d-a2d0-7c0e4f0aaa56,109,assistant,1704,1808,16,1,2,5,0.312500,0.312500,True,"At 600–900 meters, *V. infernalis* is exposed to these plumes, which can bioaccumulate in their tissues."
111,topic_5,80d4034a-09be-450d-a2d0-7c0e4f0aaa56,109,assistant,2515,2617,16,3,2,7,0.437500,0.437500,True,**Oxygen Minimum Zone (OMZ) Disruption:** The species is tightly coupled to the OMZ at 600–900 meters.
111,topic_5,80d4034a-09be-450d-a2d0-7c0e4f0aaa56,109,assistant,3015,3211,26,2,0,2,0.076923,0.076923,False,**Remote Operated Vehicles (ROVs) and Autonomous Underwater Vehicles (AUVs):** Existing frameworks rely heavily on ROV surveys equipped with high-definition cameras and lasers for size estimation.
111,topic_5,80d4034a-09be-450d-a2d0-7c0e4f0aaa56,109,assistant,3707,3936,29,1,0,1,0.034483,0.034483,False,**Acoustic Telemetry and Hydrophone Arrays:** Deploying acoustic receivers to track tagged individuals (if feasible) or monitoring background noise levels can help correlate anthropogenic noise with changes in squid distribution.
111,topic_5,80d4034a-09be-450d-a2d0-7c0e4f0aaa56,109,assistant,4141,4269,17,1,0,1,0.058824,0.058824,False,**Exclusion Zones and Real-Time Monitoring:** Conservation frameworks should mandate no-take zones around critical OMZ habitats.
111,topic_5,de1325c1-9059-48a4-a68e-e9d1396d8e9f,110,assistant,366,481,20,1,2,5,0.250000,0.250000,True,2–3 mm in diameter) that are attached to hard substrates or released into the water column in the mesopelagic zone.
111,topic_5,de1325c1-9059-48a4-a68e-e9d1396d8e9f,110,assistant,482,737,41,1,0,1,0.024390,0.024390,False,"Unlike many squids that have a planktonic dispersal phase, *V. infernalis* eggs are likely retained within or near the oxygen minimum zone (OMZ) where the adults reside, minimizing exposure to oxygen-rich surface waters which can be lethal to the species."
111,topic_5,de1325c1-9059-48a4-a68e-e9d1396d8e9f,110,assistant,1053,1155,16,2,2,6,0.375000,0.375000,True,It occupies the upper portion of the OMZ or the lower mesopelagic zone (approximately 400–600 meters).
111,topic_5,de1325c1-9059-48a4-a68e-e9d1396d8e9f,110,assistant,1680,1812,22,3,2,7,0.318182,0.318182,True,"Juveniles inhabit the core of the OMZ (500–700 meters), where they begin to utilize the webbing to aggregate and filter marine snow."
111,topic_5,de1325c1-9059-48a4-a68e-e9d1396d8e9f,110,assistant,2168,2235,11,3,4,11,1.000000,1.000000,True,10–15 cm) and remain strictly within the deep OMZ (600–900 meters).
111,topic_5,de1325c1-9059-48a4-a68e-e9d1396d8e9f,110,assistant,2761,2801,4,1,0,1,0.250000,0.250000,True,**Photophore Development and Function:**
111,topic_5,de1325c1-9059-48a4-a68e-e9d1396d8e9f,110,assistant,3720,3781,11,1,0,1,0.090909,0.090909,False,This adaptation is crucial for survival in the dimly lit OMZ.
111,topic_5,5f33c16f-6d30-420c-aab2-144c88f91603,111,user,6,183,26,2,2,6,0.230769,0.346154,True,What open questions remain in our understanding of Vampyroteuthis infernalis biology that Dr. Kenji Watanabe's ongoing 600–900 meter depth studies are best positioned to answer?
111,topic_5,5f33c16f-6d30-420c-aab2-144c88f91603,111,assistant,265,443,20,2,0,2,0.100000,0.100000,False,**Reproductive Behavior and Mating Dynamics:** Current knowledge of *Vampyroteuthis infernalis* reproduction is largely inferred from embryological stages and sporadic sightings.
111,topic_5,5f33c16f-6d30-420c-aab2-144c88f91603,111,assistant,444,559,19,1,0,1,0.052632,0.052632,False,"Dr. Watanabe’s team is positioned to observe direct mating behaviors, which have never been documented in the wild."
111,topic_5,5f33c16f-6d30-420c-aab2-144c88f91603,111,assistant,560,738,25,1,0,1,0.040000,0.040000,False,"Key questions include the specific courtship rituals, the mechanics of spermatophore transfer in the low-visibility OMZ, and whether the species exhibits monogamy or promiscuity."
111,topic_5,5f33c16f-6d30-420c-aab2-144c88f91603,111,assistant,997,1144,22,1,2,5,0.227273,0.227273,True,"Studies at 600–900 meters can determine if specific light patterns are used for intraspecific signaling, such as aggregation cues or alarm signals."
111,topic_5,5f33c16f-6d30-420c-aab2-144c88f91603,111,assistant,1617,1734,18,1,0,1,0.055556,0.055556,False,Dr. Watanabe’s research can quantify the real-time metabolic rates of living specimens under varying oxygen tensions.
111,topic_5,5f33c16f-6d30-420c-aab2-144c88f91603,111,assistant,2009,2186,25,1,0,1,0.040000,0.040000,False,"**Predator-Prey Interactions and Trophic Role:** The exact trophic position of *V. infernalis* is debated, with theories ranging from passive filter-feeding to active predation."
111,topic_5,5f33c16f-6d30-420c-aab2-144c88f91603,111,assistant,3264,3558,40,1,1,3,0.075000,0.075000,False,"**Multi-Beam Acoustic Doppler Profilers (ADCPs) Integrated with Optical Sensors:** These could map the 3D movement and aggregation behavior of *V. infernalis* swarms in relation to current structures and oxygen gradients, providing statistical data on population density and migration patterns."
