blind_key,sample_id,source_index,question_text_sha256,control_payload_sha256,dynamic_payload_sha256,incoming_count,outgoing_count,retained_count,incoming_missing,outgoing_missing,retained_missing,query_margin_best,query_margin_worst,incoming_novelty_max,incoming_novelty_mean,outgoing_redundancy_max,outgoing_redundancy_mean,neg_incoming_dense_rank_best,neg_incoming_dense_rank_mean,outgoing_dense_rank_worst,outgoing_dense_rank_mean,represented_session_delta,selected_candidate_delta,payload_char_delta,neg_incoming_penalty_max,neg_incoming_penalty_mean,question_id,question_content_sha256,population,direction,identity_delta,control_complete,dynamic_complete
1bec76bbc756795cdb94eae3204327b57ee13ef9e75923199711400c7050852f,conv-41,0,1bec76bbc756795cdb94eae3204327b57ee13ef9e75923199711400c7050852f,87e4f9a15ea13d5b5790b034f372c4f76b186d4912cc78933c81bf9ad2f3d385,06c96b652d6e28258a106925462f22141a35fc377ad16f09ca6e1cd9b6d0f033,10,11,86,0,0,0,-0.01589822769165039,-0.04252535104751587,0.37418633699417114,0.25500828623771665,0.878171443939209,0.7792148156599565,-99.0,-113.7,94.0,79.72727272727273,0,-1,-6,-0.06,-0.048,23243cf4b49ea3a803d3fc07a7e6624ee947b95f1d92963aeb572f26b8d56a24,65ac552fe5146c39aaa65c250ddab0516010b63c585a14153c85302f57d8dc9b,targeted,tie,0,False,False
9b2d659a6e08145a6edb1fbf7666a6bbebc00ed81b1cfa0784a8204d824d68f2,conv-41,1,9b2d659a6e08145a6edb1fbf7666a6bbebc00ed81b1cfa0784a8204d824d68f2,c6c660f919ac84b93c6f6d5cd0b9d09c5dff0cf53505f3f19c51d853faef9b9f,c9b028c92b46742b42f170507d82ba47b4db1d91084b45ed91980912ad02285f,11,10,85,0,0,0,-0.03202614188194275,-0.018237680196762085,0.3663176894187927,0.2665239355780862,0.8290712833404541,0.7800341069698333,-97.0,-109.18181818181819,94.0,81.1,0,1,-80,-0.06,-0.046363636363636364,f31c0587f2693f0e2d562ab870497874e312f17b7f7dc307450d1ccb83dcdf99,9bfeb507fdcb02c41f4e684845b8ee97b9eb159a84cf7dfa2c16f4f935e939fc,targeted,tie,0,True,True
2e551fb82669ea0288b6b635b352f0cc4f323d5530a896c62cd7ce217a71f046,conv-41,2,2e551fb82669ea0288b6b635b352f0cc4f323d5530a896c62cd7ce217a71f046,8c623eb015f39d17af490c6d98d6cf947bdab4096b5b78220bee05d901f71402,ee0e0a6462130df883fd6d4965de321db9231dacd54f3b7d53ea321f30ab7286,13,13,89,0,0,0,-0.028255850076675415,-0.03982153534889221,0.3386632204055786,0.19016895385888907,0.9265490174293518,0.7764001626234788,-102.0,-124.6923076923077,101.0,86.23076923076923,2,0,-22,-0.09,-0.043846153846153854,eeebe764dda0f487d425e37b9278be32bad636e5092e2dd95d6ac7eb79182148,f26a4a49f036b0038b1bf1592cb3e7ded29c57e234bff734000460357610d250,other,tie,0,True,True
591714f9832551c8d681b03e4bd958b63d3f9a2b363906b8cea4da1b2e526713,conv-41,3,591714f9832551c8d681b03e4bd958b63d3f9a2b363906b8cea4da1b2e526713,f5186a86265a5f0ef55bb33f0f77917eb95ecc8c69c3d4d91f7bd366ed573f1a,95c5e8265c8ec3b38c05a900901c99dc26d641670ccbbba99a2d751dd6229c9d,12,16,79,0,0,0,-0.024983525276184082,-0.055003345012664795,0.3435993194580078,0.25159763793150586,0.9145027995109558,0.8376429043710232,-95.0,-135.41666666666666,92.0,77.1875,3,-4,-10,-0.06,-0.027500000000000007,52c4d728757d38547e4c43204f60f18344681583546c64e3c693d7ac8a8ee364,e528bd942852f555b7496e96b08314df2a1ba1e92cfd130f185140d093043899,other,tie,0,True,True
f5a9e8210f77cf140cdc93bb05b4722b7ba0e847914c04417dd70c69b568c50e,conv-41,4,f5a9e8210f77cf140cdc93bb05b4722b7ba0e847914c04417dd70c69b568c50e,ed486b56ca758a9a2cebef15c2a51a77da43f495942bdc48822c1c65d0ceb234,fed347e8dd02eea2381dfe12bd29d0fa20c5ccfd22de7e0081991ccfe45cd836,12,14,79,0,0,0,-0.02040928602218628,-0.036534667015075684,0.33194994926452637,0.222744549314181,0.878171443939209,0.7942115196159908,-94.0,-130.5,93.0,67.07142857142857,3,-2,58,-0.09,-0.032499999999999994,9299ec8afd77f28707bfb07807cc43aba11607c80b7e853b2a6a01c4ce6a5033,8c87ac019eb499d4a2249fb7e87b7ef7273c8eb25b6392e523dab4f31da58e55,targeted,tie,0,True,True
0ac56239038574375d842a49b9289c0b872ca2c91d0be00fb67f76e1eefd254e,conv-41,5,0ac56239038574375d842a49b9289c0b872ca2c91d0be00fb67f76e1eefd254e,0a5ad52be4dc3fb9f0ad625fa0a2ad3099549330b591741dabbe6dd1f461ad16,3c358fae1eba3d2afc55b3cc4240af499ad83d00bf36c80daf0ff3daa13bb44a,9,10,88,0,0,0,-0.015751779079437256,-0.03853011131286621,0.26693135499954224,0.1939546995692783,0.8012000918388367,0.7533951938152313,-100.0,-115.88888888888889,93.0,84.3,1,-1,24,-0.06,-0.04,a197569c02da505ab7c25a84a7ef9f9e946f7b02e948a3c39da3efd8864b9268,f76f3b2963897893929a2a1d9ade2430e9ef0b9007be33bbadd2ea59767e5dba,targeted,tie,0,True,True
e597145eccee90668e2ecba65b992752a81837dda2edb6e1490eb503f43a7428,conv-41,6,e597145eccee90668e2ecba65b992752a81837dda2edb6e1490eb503f43a7428,0787176abca3c4f764e60a7627afd0cf896a3023b8f67347c67e1dd5226c81e2,b0fc45087523280926f13d0ad033f8e3d5aa903e6d3982770cdc4d6938f3bee3,15,15,84,0,0,0,-0.028077900409698486,-0.03645294904708862,0.3435993194580078,0.23529918988545737,0.9265490174293518,0.8090172290802002,-101.0,-125.66666666666667,100.0,83.06666666666666,3,0,74,-0.06,-0.038000000000000006,e70a6970ac07f05e5b8ae21c0809feef29584b93f8c2f1d7e513db26b7876192,2095837b21de36d61d053619ecf9db839be122449ac1064734d644bfe4ec3073,breadth,loss,-1,True,False
88257adc7c0d56af47f238c3e11d2503bc511eee0667ea8aec3ca3fe2290745d,conv-41,7,88257adc7c0d56af47f238c3e11d2503bc511eee0667ea8aec3ca3fe2290745d,ce932eaae014a9372e694fcfc8e8eecb355d1ba1b8baaf9312a0c4d86907c569,6f59d6bdf8db7d1fd504dd102beb79ed20ea9d09950cbec034ade80612522e40,17,20,88,0,0,0,-0.024739891290664673,-0.01542651653289795,0.3315742611885071,0.22127593264860265,0.9265490174293518,0.7589148283004761,-109.0,-134.64705882352942,151.0,87.65,2,-3,9,-0.12,-0.04411764705882353,4aa05cb61c03fe9aedc8b3950f684632dc936dfe6db270ba6f148ae6162f1ff6,3e2817ee1f0616b02b1684d5c4bfb8b31990aa5604ece9cd4568827df0a0cdd9,other,tie,0,True,True
bedef5e0b14cabbc3151b44233dcfd190d18b6569ffade4149e36342eeb823d6,conv-41,8,bedef5e0b14cabbc3151b44233dcfd190d18b6569ffade4149e36342eeb823d6,6e9bfe63377211f2d02cf1e01f3766a6f8d24de3cbc31b211c6e032ecb32f9c6,d247a5bc465b08e6973afff7f15d6bc5cfaa5595b7820b31c4366e12fe6ba8cc,18,21,80,0,0,0,-0.027094751596450806,-0.059356123208999634,0.3386632204055786,0.21153758962949118,0.8862798810005188,0.7785371882574899,-102.0,-143.66666666666666,99.0,78.52380952380952,2,-3,6,-0.18,-0.04833333333333333,cea31601e0e904fea2d3fa5829c0f88abe279ec181e51f482b2e8e0848390c6e,e3e660dc224f7a8c67928a697d7efdbda941a7fd194ff57d73b9f368cb21d7ec,targeted,tie,0,False,False
63118ce9cfcf4482ddf827a274e4a3e26152ca9e5f56e27f73ef82d867355134,conv-41,9,63118ce9cfcf4482ddf827a274e4a3e26152ca9e5f56e27f73ef82d867355134,b39376a2ffbc7d2d8e2bd0d96700e61c965a9020ed4d1d7ac923c13ceec48416,1c133faa5ae2d947ef299662f55fec2727cfdd96f38b8bfd71f8512709fec3ae,13,12,79,0,0,0,-0.028640836477279663,-0.03974750638008118,0.32118916511535645,0.2210652598967919,0.8862798810005188,0.7812017997105917,-92.0,-109.92307692307692,91.0,75.0,3,1,60,-0.06,-0.030000000000000006,78c1ba68cb06b77eb633e73790e7c55c1ccee103124b8149cd1a453d3fe2418f,6c81924222f1af9208fafb0b91b7ccc3288849a49055a10385a9fb141ca21046,other,tie,0,True,True
a28e66ae590688215584e39d71d13465bc7dc9fe2353991d9654dc26416a3210,conv-41,10,a28e66ae590688215584e39d71d13465bc7dc9fe2353991d9654dc26416a3210,70e6139f5c38b0e0fed565fbed08ddb2349f3e922ae34bf1d7df28ba9f1242b5,b6fb068453b789a6e3423f3053686f083decd88ac5c469641ae9c7f9e7c8dbc1,11,13,91,0,0,0,-0.03385460376739502,-0.024055540561676025,0.34151899814605713,0.23892612890763718,0.8591638803482056,0.7971066603293786,-104.0,-123.18181818181819,103.0,85.23076923076923,1,-2,3,-0.06,-0.046363636363636364,ada2a7fd1f38dfadd6d076b8948d8f798e4598ce2cbe02221a32b37af3cd7e79,284c8c4540d23617cf5900a9f54de3d0cb8133d70689e857907b82474161665d,targeted,tie,0,True,True
32bfe67ca46e058de7c45ae2996185626c4b896f7fac090e6a114612f3f36b37,conv-41,11,32bfe67ca46e058de7c45ae2996185626c4b896f7fac090e6a114612f3f36b37,bf226a1ec77b0331000d0ba939be22fa25c4722cef4c5ebf819b39faf7aefdd9,5f84ed683bfc4557df05a12245c714e7e358fe933ee8cadcfd0de6a93db1d6f6,10,10,79,0,0,0,-0.02329123020172119,-0.03522086143493652,0.30541837215423584,0.2379193365573883,0.9208327531814575,0.8192265450954437,-90.0,-107.9,85.0,71.8,2,0,19,-0.06,-0.027000000000000003,d28bb65d4e094f52445fc730231dc68f37035b4fc9b9e3385f6efa7275744efc,d9be26d55a8745b0e09e746160df6f0ac72e566f35b51ae084efcad98a1f9bb9,breadth,tie,0,False,False
6a854d223465bb7579f421ca31f8c5657a5139f6de68362bce8358d58acc48dd,conv-41,12,6a854d223465bb7579f421ca31f8c5657a5139f6de68362bce8358d58acc48dd,a7c22d1a534ff623b88210213ef71ba7f18014d610f54d7b3066f413eabc901c,5c3eccc26c01985be0f482a085ffc9fd238b5ca6857d246d5ef8aad72e474a0f,17,17,87,0,0,0,-0.026784181594848633,-0.04895550012588501,0.4215836524963379,0.24684961753733017,0.8251545429229736,0.7702819249209236,-105.0,-138.11764705882354,100.0,78.82352941176471,1,0,32,-0.12,-0.04764705882352942,75f30b93fb3bbac1e1de7fb1b06546578b4f93f47ac8e9486ab016fcfa7951c5,4dc137890ee53a521601eb2597547fe376250361ab08d586affba8cf611c883a,other,tie,0,False,False
68da09e1ed40ece89b13c42b50f6d81c2b87849de2b968c3bebdf86b70d8f19a,conv-41,13,68da09e1ed40ece89b13c42b50f6d81c2b87849de2b968c3bebdf86b70d8f19a,817ddc217530b4d422f2991dd26fefbbfa4f6f4ffdc935a4362ae69b78c36e0f,51fe51d975e6f53bc3a2002cabf4a1957d1bf9308104a94be2a2baeb1522ff2a,14,14,81,0,0,0,-0.026310265064239502,-0.038172125816345215,0.315356969833374,0.2193349301815033,0.8534063100814819,0.7679851395743233,-96.0,-113.64285714285714,95.0,77.92857142857143,1,0,-67,-0.06,-0.042857142857142864,714abed9c5552df1a31661a57382863fa09c65b44e7a6aa98821bd86dcedf176,5eeece77b73b3b99a49febc2a11622649b40ca3d4e524d98cec55b7c89b43b20,targeted,tie,0,True,True
ff6abc33d9f60cf793b3365fc85fbd050796f9c77f8938013ce575b20af2c48f,conv-41,14,ff6abc33d9f60cf793b3365fc85fbd050796f9c77f8938013ce575b20af2c48f,47e31ac2b6154a86d914cd803e4d5fc97ba4a2f00a3c1e79d532d1b92a2ceaa3,7a5ca48e738644060a92f58f79e3787a2f93bd02d781cb672b80d63647b072a9,17,18,78,0,0,0,-0.01606816053390503,-0.07383465766906738,0.32893991470336914,0.2392855672275319,0.8847143054008484,0.7851147618558671,-98.0,-144.0,97.0,79.94444444444444,2,-1,75,-0.27,-0.05647058823529411,6ddead46f2e3f732161f7599e1e00e98b45f1fd9c5cf00b6dfc48303ced391d1,a0227316f00906c1a2e0326f6541352b76a30222dda4aff21c7d8d9dc46ebdc2,other,tie,0,False,False
3040c3e0b7f3c6899ab723785e634b1e81a48300009575863d66b918c8433fb0,conv-41,15,3040c3e0b7f3c6899ab723785e634b1e81a48300009575863d66b918c8433fb0,b73a87f9335dc26744f6770aec08e345a479c316babba291c1917140095dfe43,0595637d46b0f0e49641e1623b464741fee707b43eb1b10e93279dda1da1e70c,10,12,88,0,0,0,-0.02350565791130066,-0.004057407379150391,0.28052419424057007,0.198260498046875,0.878171443939209,0.7915318757295609,-100.0,-124.4,146.0,90.0,2,-2,-59,-0.06,-0.030000000000000006,0f04797f3f9a63e1500e2cd1de89cc856bcdd79ae6810f1d3ede536dc11e9105,3495b422666f27db3e60ca2146328b73c5b8251c61f1a8eed4b35269148d0f76,other,tie,0,True,True
b43d1a5f8fcff0d6ef73c63a2156cb2a6e2a7f5898ba2126b58d091a4e19a18b,conv-41,16,b43d1a5f8fcff0d6ef73c63a2156cb2a6e2a7f5898ba2126b58d091a4e19a18b,8cd0619f4a99b6a03c82d00ec124ea4a02aee871a87e77c7a9eae1b2400bc684,259ea6145f4978f12d9ee3fd5b86c820d4881b298c6e607fc330a16715d60cc2,15,16,82,0,0,0,-0.026392608880996704,-0.03204512596130371,0.3585307002067566,0.2207115093866984,0.8573427200317383,0.7707213535904884,-98.0,-127.26666666666667,96.0,78.6875,2,-1,-27,-0.21,-0.04400000000000001,97606a4096fa4ad9c5b3c8ef0aa86a4601e7cbc88b83892857a996c7d2ce8e36,bf69e805b3d0b2190ed6eb136aaa8505df608859cb148fc1b496d3c90c945036,targeted,tie,0,True,True
b7615ab013c73af29d942c5de39f404508f8470d6d855025119a7b6ad3763ca4,conv-41,17,b7615ab013c73af29d942c5de39f404508f8470d6d855025119a7b6ad3763ca4,94a502d6465e8e7ef2c90f781efd371e1889a1de3705059a90e855d009f8a093,10807c971f4bbd3e913157abcf64184dd19f2ea439acd39910b84afa6a0b42aa,17,20,80,0,0,0,-0.023195356130599976,-0.044070422649383545,0.4563097357749939,0.241415213136112,0.9145027995109558,0.7917540967464447,-101.0,-126.58823529411765,102.0,81.65,3,-3,53,-0.12,-0.037058823529411755,6c7d20b33db076d64a3b02c3a3374170f6adb0b03975d00a3941b2d314bf9b4b,b3e638fe9a9dd1839f4c22c735e5b96d1db3d46cb766dc98a21899eaf8728ea4,targeted,tie,0,True,True
41ffbb648aef60365879e43b94f73effb11bd51fb308b726f9b839880b325c56,conv-41,18,41ffbb648aef60365879e43b94f73effb11bd51fb308b726f9b839880b325c56,deb3ebd5b211cbfdfb8a37196a3b716255cdeff63ff7955eddce74620ad60370,3f9294b570b82495dac766f598dd7700732c8df5a5f22a1e8c8e01de13e4ca91,12,12,83,0,0,0,-0.016462117433547974,-0.03163552284240723,0.35417747497558594,0.18664885063966116,0.8851320743560791,0.7754433254400889,-97.0,-120.25,91.0,80.16666666666667,1,0,-88,-0.06,-0.037500000000000006,8996322a617d673c38966e19f5709b82732f2323224d4abeebc1d969359de3af,049c586c101e4a6593e630216eb2a92e9bcf25dd574a8d8ea1b1cdd756ca21a7,other,tie,0,True,True
01fe40fad8f7f7dc243e6a33b6136fc6a0e3ab41bf095e0a3b1ab39c60a30999,conv-41,19,01fe40fad8f7f7dc243e6a33b6136fc6a0e3ab41bf095e0a3b1ab39c60a30999,23616eca23580bf5daf44e66bd253ebf4d89722938382ac381d266a644886549,8732fa27cd8265f29081b602bf771af3459b0646fe609cf15923986fd5cb41c0,14,17,88,0,0,0,-0.026035428047180176,-0.02984321117401123,0.34458446502685547,0.231647184916905,0.9145027995109558,0.780690403545604,-106.0,-125.57142857142857,104.0,85.11764705882354,2,-3,-132,-0.06,-0.04071428571428572,bb66fff02fa85e5036144b7f929aa823f7ba9a8e8d116829306710ee1870496a,a325fe9c0f1d6e23c2c37dc4dcbc40243041ba53ea3bba057b89e665f74f308c,other,tie,0,True,True
77f3d0a61aeb8f5f7cb5b7af5a7995bc6a268f75414f48bd45f321653c6829ca,conv-41,20,77f3d0a61aeb8f5f7cb5b7af5a7995bc6a268f75414f48bd45f321653c6829ca,95b2ec52feee2cff79639c7ca191377ace349613ad7442bb4d743aa4bc710d02,9671119b327e100536b0de4b6d1c3225cef1d507a43f3f0af062898c2d170394,15,18,75,0,0,0,-0.024406254291534424,-0.0375199019908905,0.36692482233047485,0.24960302511850993,0.9192120432853699,0.7579731146494547,-96.0,-124.93333333333334,92.0,69.88888888888889,3,-3,3,-0.18,-0.04600000000000001,9bec05e11003c1d8b835d64804d0520b5bba6d7d6f7f7643dc3d31a70844b7fb,e59f21aeb0233f80a3b11fadb236c3ca51b2c51f36c19b6c8f5fb773e7caaae5,other,tie,0,True,True
521c3d3027725b7946637c725c9ba6129406561c43fbb90e131ea721d0ae2bdc,conv-41,21,521c3d3027725b7946637c725c9ba6129406561c43fbb90e131ea721d0ae2bdc,f942d74073c3657ce3d5285f66476816e10ad28d84236e1583038e36313252fa,577ada43eae5a0f0f3975c4f71978d9ca72f947b88b822e398370a2c15c30b78,17,17,80,0,0,0,-0.028010129928588867,-0.0384041965007782,0.2514941692352295,0.19255406365675085,0.8822271227836609,0.7642601553131553,-98.0,-135.23529411764707,97.0,82.58823529411765,2,0,84,-0.09,-0.037058823529411755,8c561bbaa9f46bef0528ee6e48edfd9e83bbc2ee19eb7644e2dda196f2188ef6,4eea2132d22eb92211fdcbdf4c1b7cd4be266d26baab4d8992c55fdd8ff5136a,other,tie,0,True,True
9a65129f3ad535b24f090016d9c4552113ab3dc5ed24e54b2455441dc54d0cc1,conv-41,22,9a65129f3ad535b24f090016d9c4552113ab3dc5ed24e54b2455441dc54d0cc1,50da0b55ec53ca9180f45e3cea2073cc17ff7c4f5afa0e151f87ded11790a9d1,7a95a77d4a3ae5ab20db7f7501601a9fce769190ca57702aba5d49cc93e2f472,15,20,73,0,0,0,-0.027144521474838257,-0.00750356912612915,0.3689306378364563,0.23762102524439493,0.8519249558448792,0.7610208600759506,-93.0,-121.8,153.0,82.95,3,-5,-89,-0.06,-0.028000000000000004,ed0317028cb6b2a34fbf1078c280bf61740133cba018028c2cb1ac0a1e4c6c20,b5ca38c3383223111b64dd490423bd189b419cda6685e3a1856844dc56b800d7,targeted,tie,0,True,True
73140cf7b5acea5e984bbeba77f21c9617db4d2b6cf93e6027c2a68d2eeb8e62,conv-41,23,73140cf7b5acea5e984bbeba77f21c9617db4d2b6cf93e6027c2a68d2eeb8e62,3c31847d2af326eb6777c716e2bef152434e060abb1de9dd7b2a0bab39f42974,35f1f0ffd16cf949356c3f5ff8c8aa8934cca9b2afcfa7c5eb760fe4fda1f646,12,13,88,0,0,0,-0.032420843839645386,-0.015967071056365967,0.2934039235115051,0.22798838714758554,0.863998532295227,0.7689783114653367,-105.0,-122.16666666666667,99.0,79.0,1,-1,-55,-0.06,-0.05000000000000001,ba47fd791ad22031773f7f79bcea62386893b0814976b70d85be47b7fd552c79,17d6b01434f5173497c2c93b666413ffefe2c7c6feca3bd50fc3839fe35fc0e3,other,tie,0,True,True
5560de819c7bc1165b23dda7d7dc3ebcf0571d0c131aa1d7fba5a8888b615a5f,conv-41,24,5560de819c7bc1165b23dda7d7dc3ebcf0571d0c131aa1d7fba5a8888b615a5f,ae6fd3e5e3715ee40b5cd5145222b17a3e01ff8580bc82547cbcc5f6e14b23ff,a1f8718793a3fe090aa1c1d56cd7dd65c785d01bacff6d8285cfa60cd9241f6f,13,15,76,0,0,0,-0.025758028030395508,-0.04627391695976257,0.31300628185272217,0.25077600204027617,0.8662508130073547,0.7711919903755188,-95.0,-118.84615384615384,85.0,69.6,5,-2,48,-0.06,-0.02076923076923077,c3c975d4a2c1c5861466968b73713667362225314ada1d2aeebb693134fb0957,765a36856fc254e3937821c1261dbd8f4c500d43d5de9eb2fe46ff1113215477,targeted,tie,0,True,True
5c2604f8f4453454864565792f931f5c611482cafd706b01d0fa0ae2d518d24f,conv-41,25,5c2604f8f4453454864565792f931f5c611482cafd706b01d0fa0ae2d518d24f,bfda25d79364a63484bb79e490614000ef58fdff7fe86f4c45335f5baa9b13fa,526924393d5b80c36d283cd72b3fb1d9a4d086d3cc0b062c1ef0cb254fe50818,10,13,88,0,0,0,-0.02791103720664978,-0.045974403619766235,0.315356969833374,0.20151475071907043,0.9087903499603271,0.7765964682285602,-102.0,-136.1,100.0,80.15384615384616,2,-3,-27,-0.06,-0.03300000000000001,4ce72206d70eb2010ed5fae4597ec37dbe0621e80aebe7151c724290bf094855,98c64c43a24ade754f876e7657567183ddb78e1f5082508a87d3c3971bdffe5a,other,tie,0,True,True
351746852460c400e28bfdd1a495f8a5e3bfe02c9158a51693a84d9ecd82bc7d,conv-41,26,351746852460c400e28bfdd1a495f8a5e3bfe02c9158a51693a84d9ecd82bc7d,104e7374661046d4a5dfbb8f8b0f40e227a052d66ee6567e509cb6eb5cdb22be,0a5b38564976c1939fd86d81c22dad5fbfdb51828e6ec5958cb5077d3ac620d6,14,14,81,0,0,0,-0.013764381408691406,-0.04023849964141846,0.29175251722335815,0.2108927071094513,0.8862798810005188,0.8075489146368844,-95.0,-123.85714285714286,119.0,83.64285714285714,1,0,46,-0.15,-0.05357142857142859,8f9ae358d6e7e92632040ed791454da76fbc27d176b9b7a7a30813a7622c46dd,a0cb742f95ec2627053b9f0d22110ae1be1f765fa4f1f576eac716fe06a23018,other,tie,0,True,True
a903de298485b57cc991ccf5f66bddacd89ca9cd55ab7de058c32438abfca333,conv-41,27,a903de298485b57cc991ccf5f66bddacd89ca9cd55ab7de058c32438abfca333,81f464107c164553c5f2c900bda9d8054f30e44efe402b4bd41c3ff2a014d9b3,7987f456af6afa18dea9940e9de43c172d7be5f2556ebbada300cbaacd32be83,14,17,74,0,0,0,-0.02363249659538269,-0.07975053787231445,0.3101966977119446,0.24742625866617476,0.8862798810005188,0.7652046575265772,-90.0,-131.85714285714286,95.0,75.3529411764706,5,-3,57,-0.21,-0.03214285714285715,b775fcf9187bb1dc5eea4a1054905ad24e76b2bfa4a9e7fd83b8cd39592cac01,dedf94dbe4ecdd6d06fc72a4c3dd6837a6add52c262e8c550196b99bbc767abf,targeted,tie,0,True,True
3c23ceb621599b6d3618c062c3eded0f50f31bde463f179e6dffdfa7572ea501,conv-41,28,3c23ceb621599b6d3618c062c3eded0f50f31bde463f179e6dffdfa7572ea501,b5523d622489d6704952ef49ed9e1de0f35e81fc855935d15f98f7d4198fdb9a,0328ce7af204a877bf53566a2f2eb3d8e19a03bf4e7e5ccb5e0a34a9253af3d2,13,14,78,0,0,0,-0.02132609486579895,-0.0557788610458374,0.36636465787887573,0.2524523918445294,0.9051892757415771,0.8106737818036761,-94.0,-127.15384615384616,95.0,79.64285714285714,5,-1,-44,-0.03,-0.01846153846153846,68dcf7b914ea80c711436fb87c227cd2bd44ec9a17b85697bc313a4c65537cf4,22e5e47ffbf569f46c4a593bc9f6458e291781689fdd969c3b17622dbc12c8ac,breadth,loss,-1,True,False
e8a39e935b55876173771563e4feeae307c663cc26425aa340acf9eb57a6f981,conv-41,29,e8a39e935b55876173771563e4feeae307c663cc26425aa340acf9eb57a6f981,e9c50e3dc7a4f70a053eeabc3525ca5d8d583422bc00c6286e641a08de06d996,a64a4c1434fcf04fde8b5b981024fdaf343c222f37dcbcc3497c79c019fcf1c8,18,16,73,0,0,0,-0.029259562492370605,-0.036100029945373535,0.37418633699417114,0.2240123516983456,0.9080305695533752,0.7808710634708405,-89.0,-117.38888888888889,88.0,74.25,3,2,-16,-0.09,-0.03666666666666667,bc458224e5cc9ef5bf9502afddc64f03a586be6c1360d3fc134b59a782f5c7cb,5893dda15d5af484c59650522b4760c2c87fba3230e97974fba2357859a894d1,other,tie,0,True,True
0ba89188f0737f904a6981b92f79d89a35ba66d01951e71405b8d343e1255c8d,conv-41,30,0ba89188f0737f904a6981b92f79d89a35ba66d01951e71405b8d343e1255c8d,ff00cd4eb4cba3e8b7e3143dda3a8f83790640afdd4077b32c3aaf82dc7be0ab,33c448a7f40f0ebcdfd267de9a46ce96a8c4764a4f205e7eaa38867d87b82596,11,14,78,0,0,0,-0.024019092321395874,-0.055962830781936646,0.3435993194580078,0.24178462678735907,0.9265490174293518,0.7894314399787358,-93.0,-122.9090909090909,87.0,77.85714285714286,2,-3,-1,-0.06,-0.03272727272727272,c3e701757745a0d59758ddfdba3b30cee5f796e4f3cc76c680e828900aa4d92e,16092a0b2dc1a73caac2f666a0095cc14e8968c9047139be54272dc4a52b27b3,breadth,tie,0,True,True
39e5d930dd4b2e5943d8afc483f9a3fd418c18c1bb79393a3e94feba21d8dc31,conv-41,31,39e5d930dd4b2e5943d8afc483f9a3fd418c18c1bb79393a3e94feba21d8dc31,04664f53a1480ae121aeb64f9162cee3cf198d6439c0c339bd9ce926b7d6a95f,08e5d9eabbed1521de5c3ff5fd819180e0313afa21c3130986f72b7a22f32d73,13,17,85,0,0,0,-0.036271512508392334,-0.02017948031425476,0.32185494899749756,0.2056442957658034,0.8990553617477417,0.7747551868943607,-105.0,-126.53846153846153,106.0,83.23529411764706,3,-4,-94,-0.27,-0.04846153846153847,3b5dc4d18f50976d41d4ef970a071ab24af511fa02026af72ae1e4a8fe96a605,c27270129c3d883f282c4bb583cbf23a1eed2aced5aa828ad81730d85b3e5239,targeted,tie,0,True,True
a42643041d3d4aa394ea74a3e1a00c360a452f4118f0981f3094c9c0d9a974cd,conv-41,32,a42643041d3d4aa394ea74a3e1a00c360a452f4118f0981f3094c9c0d9a974cd,dea1e59a7cf04abf78ad7c539bd0ef1c4298458240a22a2cb75af2b246c70082,7cd7dc3c34a13ea145c6a29236483373eced1636093b66a91339398f1f51753e,12,13,80,0,0,0,-0.030411839485168457,-0.04442062973976135,0.29207438230514526,0.2181636542081833,0.8556221723556519,0.7791162179066584,-95.0,-115.91666666666667,89.0,70.84615384615384,2,-1,-71,-0.09,-0.0425,8a982417a511195efbb0a9fc06208995f8abc361f4b74e525a1a2301c4db6186,c5a2249417469d0ec393debf30b1b2a550dff66b77d32a690722d20207ecc89e,other,tie,0,True,True
74632d7d08d25008ace224ec66723510c3c5e42e3fda45f6609b31a7bf11fe0f,conv-41,33,74632d7d08d25008ace224ec66723510c3c5e42e3fda45f6609b31a7bf11fe0f,7cf8ac07b621d4b0406fb6f8c0fbf17116a555d4cc9ae15720e81acac9cbde47,3b921d22841cb6f8f920012b05bf6bab141c3cda5d60c296eea3c9d7189c3c61,17,15,81,0,0,0,-0.031098634004592896,-0.043110430240631104,0.32886672019958496,0.20074217459734747,0.8442648649215698,0.7466498812039694,-97.0,-119.29411764705883,96.0,74.6,4,2,0,-0.12,-0.04058823529411765,d60c0443cbb6217ed2896f9380bddb5be55c2cb232285ccdc244b9f929ce01e2,a329234d9c9f2e32611ce699a65490383172bb0119bbc4d2733b3dd849f55d52,breadth,tie,0,True,True
f6055d55798ebd45a67bfdd79ca2b8a2b19acbb83df9220741faa817186f4b8f,conv-41,34,f6055d55798ebd45a67bfdd79ca2b8a2b19acbb83df9220741faa817186f4b8f,ad6461fe961fe024b1fb080ed33c758bb8e42b8b82b0f383605477043dec713a,0a5182d97ef0c9f965148be87ad57f980dea0993f58ac62ca9d297707865c7f3,12,10,84,0,0,0,-0.02844315767288208,-0.02919834852218628,0.29205411672592163,0.18510614335536957,0.8552771806716919,0.7711171507835388,-96.0,-113.33333333333333,94.0,81.8,1,2,-34,-0.09,-0.04750000000000001,152edafcfaccb80100fedd9618fb0d8bef7d39157fa916ec7a908ef7c3f6f27f,cc32d901f2df3bea99f5dc55cf30d77dca157d23a2aae4d1a25576cd3f4a4feb,targeted,tie,0,True,True
47c2057b3703f06bb01be8f37f336e1f7cc77bc6b220cc5e0cdde11f67c1fcb8,conv-41,35,47c2057b3703f06bb01be8f37f336e1f7cc77bc6b220cc5e0cdde11f67c1fcb8,b5b4ba5056579f91e1b1afd24105ff4f217b3c55c41fd5508d40dc5f1e83faab,73590e0284166224a45e45cc70140cfc586c4bd9de54f5802b4bd322fee7bfb3,15,15,83,0,0,0,-0.026226341724395752,-0.05210292339324951,0.3203972578048706,0.18168399333953858,0.8247143030166626,0.7304005185763042,-97.0,-130.6,96.0,80.73333333333333,3,0,33,-0.12,-0.039999999999999994,ad72d579039ea181d479ecb838e1d562952c69ccf832608256f0dcf58a9faf1d,1f567b66861808adde4d53fa31f691449d2fcf4619ed40c270c09240d27f0b47,other,tie,0,True,True
df1dd3c523b6ae11e626d082c1be40dc9e229b273d6aaa1821165691493b178c,conv-41,36,df1dd3c523b6ae11e626d082c1be40dc9e229b273d6aaa1821165691493b178c,4ff3bcad5a1f31f7ed3f1170fb8616d15029afcc31bfdf8429b2ddf7188fd8a4,a9080c04169ce58ac95e6d3e7e88ef7bbbb7672bd1c6d1986f8ee4e1e580f9ae,13,16,79,0,0,0,-0.03183189034461975,-0.043646931648254395,0.3689306378364563,0.25397939865405744,0.881117582321167,0.7684452384710312,-105.0,-125.0,92.0,77.4375,2,-3,1,-0.06,-0.03692307692307692,d224277eceff24fcf743cb31d90c2296293719caab166da4fca15b1b3962b2b2,609e70e098575f304d9f86ce577685245f6355985aaedd447693b65d29ce7e7b,other,tie,0,True,True
b68be517c18c0ce8180ea099eb12aef5e36c60d252d835b6f965308c87a054b4,conv-41,37,b68be517c18c0ce8180ea099eb12aef5e36c60d252d835b6f965308c87a054b4,99baf7ec951e90b06e6b06d40c888a0882b8d30423cf2304feab2c6732e60f14,418c46521cec87b5133e4d261bebe3c233ce628404110a2c2e30d05cc624e6aa,9,10,77,0,0,0,-0.025908559560775757,0.017116785049438477,0.38686680793762207,0.25378235843446517,0.7995434999465942,0.7282115459442139,-90.0,-129.77777777777777,270.0,90.8,3,-1,6,-0.21,-0.04666666666666667,c6d12ae10830d7054f9a8bfa6e109c37a3ce5571ce292916aa16dc6fc2760e2e,dd630484ec78b9b84394072d5fa075a4049bae33e82db108b040e8b048a6b5ed,breadth,tie,0,True,True
b922eaadb32814db426fe579fdc0c5c971460b1cd9d0ae37b755183f9c9ac7dc,conv-41,38,b922eaadb32814db426fe579fdc0c5c971460b1cd9d0ae37b755183f9c9ac7dc,c710c4e8226fed0f6ae7d8c38e3383d03185cfea90dd76b8d37e888043484d77,5a946b723fc3c19b3bc8f95c074203a6d190206d2e01b1d2f8103f54ed058540,11,9,83,0,0,0,-0.02281847596168518,-0.02461540699005127,0.3267967700958252,0.22112759134986185,0.9208327531814575,0.7949873076544868,-93.0,-107.0909090909091,91.0,75.88888888888889,0,2,-99,-0.06,-0.05454545454545456,bd7fbfa7f1c6d80208462b78c7b7cdb646ad57a01230e87ac87250554c11fb30,b0cff0f246938ebd50819dbb0cb8be7895e1056e9cd03573ea18daf69a42a080,targeted,loss,-1,True,False
def6c76bc9c9428d56a284c7e244b0a6c4e670b86f0fe48ec9ac1302673ae2fe,conv-41,39,def6c76bc9c9428d56a284c7e244b0a6c4e670b86f0fe48ec9ac1302673ae2fe,727c73b19d9d46da1876f70b254ef456da8cdeb096577c24d9ca5c31f2ee3eff,6e5891fd7912c7139db130c296cb4335b5eb0ced14755530803fdd18baeddf58,9,10,82,0,0,0,-0.030126869678497314,-0.021163731813430786,0.333868145942688,0.28551243411170113,0.9208327531814575,0.813983827829361,-93.0,-108.66666666666667,87.0,72.7,0,-1,1,-0.06,-0.05,1a19d1712aad830025167a7eec6e7bb438396b956346b4f359ac16f12c6e71ae,3f859251bd1b3b077f18d085773144b9e1c2f1c6f4d70a117fa74f9942284d48,targeted,tie,0,True,True
80e9cfaf188d8235c0928c47822d82c0e9d197fd536902a909f73ec0c4f963b3,conv-41,40,80e9cfaf188d8235c0928c47822d82c0e9d197fd536902a909f73ec0c4f963b3,54fb22f940a6c89914ba90d030e4aaa16f9296dc10753fce02cb52ac20231d23,62c236df181cb4e7258a888088054fc91639be79a775c54d195bc70f65a23a89,18,20,85,0,0,0,-0.030531197786331177,-0.03690457344055176,0.38278669118881226,0.22314877642525566,0.9265490174293518,0.7752805650234222,-106.0,-132.77777777777777,101.0,83.85,2,-2,63,-0.12,-0.043333333333333335,e7351bea6186a9ab85c77ad84bab0c20098b1bb45415dbd676f8e18e16936bff,2b071d48f35bf823a46965b763fffb32148088838471e68ff1d6ad8b8a02ce66,other,tie,0,False,False
2b2ae08c2518d0dc9086b7e983a7432f6676816205bb0b9a2de861868323634f,conv-41,41,2b2ae08c2518d0dc9086b7e983a7432f6676816205bb0b9a2de861868323634f,f46d552a1a25a81ed6326b0bdfb663da8511861e934eb42634d4b9e178647282,40b114dae793430760d206607dc06cc78e9c07ebb056547a3dd5f6ded7c533f8,17,20,83,0,0,0,-0.02569061517715454,-0.0338914692401886,0.29011785984039307,0.20567669587976792,0.8990553617477417,0.778776329755783,-106.0,-134.0,102.0,83.2,3,-3,6,-0.24,-0.04588235294117647,1617c689353d45ffb675cf8997cbb721c375af92eac8f9b6212c13f16c159593,62c9f47067a27449de4615123bb9626c372b6f00aeb48ffa2651314bf712e6d7,targeted,tie,0,True,True
e8c5bfbf0a48637782ac35a39955a34a889f128312c9e286686d0a789cd5061c,conv-41,42,e8c5bfbf0a48637782ac35a39955a34a889f128312c9e286686d0a789cd5061c,7c2c04abb0e1972a836bdaa0c777720af7485e574fdd99c4b44e9c9da5d340b2,0d36c82ddd3847cba9e5aa486803d6626c6ff766b7ecde34809fd60f50ef3dfa,18,18,76,0,0,0,-0.01904866099357605,-0.03420048952102661,0.32770758867263794,0.23216989305284289,0.9051892757415771,0.7574642598628998,-95.0,-123.11111111111111,96.0,72.11111111111111,3,0,25,-0.24,-0.04666666666666667,98c68d28bd72073b8335156b7e0fea200885bbe8eba096ed847f75c5fc1edddb,aa4408372c2ef793061da5f8484e9f65dcf3747dd7f6594f4aa2fae36473a993,other,tie,0,True,True
5607fd369a20b383da01d088f59461952ed746073e3ff143aacfe567358e91a6,conv-41,43,5607fd369a20b383da01d088f59461952ed746073e3ff143aacfe567358e91a6,6f1a373d6c18fe5a55004fa1c93588bb86daa5e787f2e066839459f683ddf166,7a650982236b1a904277ec9a4ce7741ff3a3683a2291072f565e64481a38132d,14,19,75,0,0,0,-0.018147975206375122,0.002475172281265259,0.32151657342910767,0.23127071346555436,0.9265490174293518,0.7878228143641823,-96.0,-125.28571428571429,179.0,79.63157894736842,1,-5,-12,-0.06,-0.038571428571428576,1b24de20447e3bd6d78d7361f25b869b2b22726f4b1a3f6bfa4115582b59e86e,50fca74a4e87dd72cd5e7e64926d0fe849f5dd78fc0ecf223f099f7ea42db139,targeted,tie,0,True,True
b9bdf173feef7c0ee93e9bc7595084aa9c4e43711dc5a0fd88805d9f963d9af1,conv-41,44,b9bdf173feef7c0ee93e9bc7595084aa9c4e43711dc5a0fd88805d9f963d9af1,5dd32399469c0cf65f5b39c755951c4677f722826e8c1b0a8dc5a70e2f06e76b,03fd2bf42e9a4f2a57e78d732f5aa729eabb053e459915d7cdf8297e2a57aa35,12,13,80,0,0,0,-0.029754340648651123,-0.012508094310760498,0.3348064422607422,0.2298795829216639,0.9208327531814575,0.8013419875731835,-93.0,-107.08333333333333,131.0,81.0,1,-1,-105,-0.12,-0.045000000000000005,add82d28e06d3471718bbfd0c7e59110498a92f8e42bbdf957e5a1280f34d7a1,aa7bb8286c88c3c7043f32dd0594090335d53623ce943b9c9374e4aed27ba09b,breadth,loss,-1,False,False
6da026a83b88bfac3a387d1c0fbdafbeecde06ddc57838c9272274f741c91e8b,conv-41,45,6da026a83b88bfac3a387d1c0fbdafbeecde06ddc57838c9272274f741c91e8b,712aa3970e2725fb94e6e2b43e40408c36f8ccbda76c1a01acb95e00e2601255,fae79dd17a532c5f5ad78964ac1082c76e2939e8e7cb63351e2c80b7570371a9,19,20,80,0,0,0,-0.023122131824493408,-0.045633286237716675,0.37815433740615845,0.22094420696559705,0.8990553617477417,0.778296434879303,-103.0,-132.94736842105263,99.0,79.15,3,-1,82,-0.15,-0.04105263157894737,c4bf69d7d06891f87c346b585f431847a897b337b49dbe2e45e05f88e593b64e,ac74b05d9739f8ce96af319aa8b722bc7dd41630b1488048ce17f47a3131b9f0,other,tie,0,False,False
d54df10c31add8383650883acb172c5850b29c2b9dc1ef2ae5940b35a3e83438,conv-41,46,d54df10c31add8383650883acb172c5850b29c2b9dc1ef2ae5940b35a3e83438,43799eba1684fead07e95f3b4ce28035641deb6f4ec6139385f26d893ad7f015,e9e50065d0d815cbbeeebeb09e3b2a23d7f4150e59b462cbae4a97baa4df0ace,13,12,79,0,0,0,-0.017316728830337524,-0.03409677743911743,0.29992562532424927,0.20073618338658258,0.8196918368339539,0.7678347826004028,-92.0,-109.6923076923077,87.0,77.08333333333333,1,1,24,-0.09,-0.04846153846153846,6c16f32fb892ddbc30e3e5634c866df598de30e09a47b7163d028d1bcce553d7,eea9e6707ae9d108aa5e55b0e0aec01be4404fd927c1b9aa99b2ac025da3fc9e,targeted,tie,0,True,True
7bd438c071e4c5b103b838c41f3025f9860b7a02435a68d29ec5a469e4dd5539,conv-41,47,7bd438c071e4c5b103b838c41f3025f9860b7a02435a68d29ec5a469e4dd5539,97e3ee02ca174fcb5354cf534672a8b0fdd3de3ba6331d575800b49fe6c5772b,2d3926359c6e1cb2c1b2b339d2056a1ffc3300a573f00afddfb4e1cb5f8223fa,15,16,83,0,0,0,-0.025311589241027832,-0.03574252128601074,0.3386632204055786,0.2124844233194987,0.8862798810005188,0.7935368791222572,-100.0,-119.8,99.0,83.875,1,-1,86,-0.06,-0.04400000000000001,7e400493e1f8e110a1b73d407bc503727fec99b6df5446d27f7a5b721cbd09a8,735841b1ccd3a563b94e9e7a0deb14f821ea0ebc16b2234172b4412cbdc5b478,breadth,tie,0,True,True
4de283812cb3f56873eb3575aaa4e27b01d9a8110b63895a26198ed73ff9e5bd,conv-41,48,4de283812cb3f56873eb3575aaa4e27b01d9a8110b63895a26198ed73ff9e5bd,ca17c7688296640b5b9207b0290b6b1794f20e515a4aa10306e0d20da9a66ddd,8fc339fbdb499086e68427f2328ccec879eb2cfbdef21d66d2c57e07e9c44777,17,15,75,0,0,0,-0.02699756622314453,-0.046091705560684204,0.3599666953086853,0.21332777247709386,0.913925051689148,0.7867626587549845,-91.0,-114.05882352941177,86.0,69.13333333333334,1,2,81,-0.06,-0.042352941176470586,b332250b285864e5fca8925845e8a2e32c94fe270bdda8840c5d0ecd1e1a6774,de0e55c72bbd091e7b47f3683aa945ac7e131a9a69745c08c966df42149dd504,targeted,tie,0,True,True
e505da2bc76956b68978e99a9cbb2341546fac718a3e66432552bfe3198265e8,conv-41,49,e505da2bc76956b68978e99a9cbb2341546fac718a3e66432552bfe3198265e8,20c698ba29bf544fb62128af7177e528d3f475662fbddc64685bc336e4dbefcf,9efdffd31a424a921de48529860da9a9c1d54059b51d054eb767d96e59b4ef76,15,14,75,0,0,0,-0.04664430022239685,-0.04161304235458374,0.38278669118881226,0.24465862115224202,0.913925051689148,0.7746810785361699,-90.0,-113.53333333333333,89.0,73.92857142857143,2,1,-34,-0.09,-0.04200000000000001,181e2696c54db3a37a848421bd61d2caa5046ea51033b3dc68115f51812dcb5c,aacde86a86b53495c886295314c465bff2a5c98b5c67b642b1e89d9fdfe3d04e,other,gain,1,False,True
853b1a5bba5cc02977de8dcaa4200d5e556cb34d1afc5e3ec149bb772790592c,conv-41,50,853b1a5bba5cc02977de8dcaa4200d5e556cb34d1afc5e3ec149bb772790592c,0fe24688537ec1ec08f91b8af206d370ea93928b9d4bb05559b37d47bb02bd00,47fb8af6602697ff8a10a5fb9571bf0ba272bf6406a59927238e5e8a0ccbe844,15,18,88,0,0,0,-0.020566195249557495,-0.04432708024978638,0.40100765228271484,0.21007407903671266,0.8446337580680847,0.7892748216787974,-109.0,-140.33333333333334,107.0,89.0,1,-3,-21,-0.06,-0.04200000000000001,cc0f2b7067af957251ba161477f8e2703d43088d8f999332abd57df111afe014,e6898cbeabe95954033f41e39d22e68e4ddae20167d005facbb629efc8a1fb24,breadth,tie,0,False,False
ed85a0861644c76347898dc8938873cba51825c55222a80bd4e279de962228f1,conv-41,51,ed85a0861644c76347898dc8938873cba51825c55222a80bd4e279de962228f1,9f57edb134e8dce3d61fc3c0552ee3663a14fbe8298e64ec2b1e91f1ab0aa21e,4829b653d8b3030457c282b7f1b842113e987e6107fa3a600f30d335f6b0ce92,11,12,74,0,0,0,-0.04438817501068115,-0.04354998469352722,0.3435993194580078,0.27129158106717194,0.8331654667854309,0.7594652573267618,-86.0,-105.9090909090909,85.0,68.58333333333333,1,-1,29,-0.18,-0.049090909090909095,fc65d91d1c22d4d789c07a589802bc27dbaf2da242cefb9eaeb5b3628d223273,30851938f95c320048a6c51794d4289e1864d7f305d595d6a6fa00670bf1e484,targeted,tie,0,True,True
2544306faeda7f2ba0eee26fd31025c8085fb5d6fec38eb4e8145e8b0e4203f3,conv-41,52,2544306faeda7f2ba0eee26fd31025c8085fb5d6fec38eb4e8145e8b0e4203f3,d22cd3667e90b372de0446eb763930a4cf11e0b3f8d06b5e7a9d3e9fb31a2059,054511b996cd2a6e66b39a92019e79920b212cfeed473b65f725e0098ee34740,12,13,89,0,0,0,-0.020566463470458984,-0.02781769633293152,0.2878936529159546,0.204891969760259,0.878171443939209,0.8094896032260015,-103.0,-123.5,101.0,86.84615384615384,2,-1,-26,-0.06,-0.037500000000000006,ea9de830c59aa8046b513492a5069d4059a487a4e563a42422888e26c0cbe975,db34877011f3686c87ea260eb34a8212f7ea5985eb599419657f2d26f66c5b57,other,tie,0,True,True
644f79433b710e953085edf52502a7eb1aa35aac8e0ef030a494840311b81a16,conv-41,53,644f79433b710e953085edf52502a7eb1aa35aac8e0ef030a494840311b81a16,12780b12cb2226746520ad5be75973e81cfb778fe8549d9821d4d7a3b4a3680e,0edfbb9a4b6b061bba92ad1dc0441d0a1ff7b44bc4f03c16ce282235e31cd45e,18,16,68,0,0,0,-0.030010610818862915,-0.03418451547622681,0.3941572308540344,0.2578573226928711,0.8278155326843262,0.782645907253027,-85.0,-121.77777777777777,86.0,63.6875,4,2,0,-0.12,-0.03333333333333333,b6a82c2eab3acda85ae7e9d6321d7be50fe13198c792398038278bf76017df5f,eec2f19c1575afd9d46c071fe7b2af39b4be025ff4b1decde262158b17d12a4a,targeted,tie,0,True,True
fde103aad1340892037fcc64cb0dd11bdfbde5366f53456a82a6c12b388395c2,conv-41,54,fde103aad1340892037fcc64cb0dd11bdfbde5366f53456a82a6c12b388395c2,29052bf6f2ea8afc46814ac7edcc8f415ba459330c3c9dd6969e115ec8ff2474,7b61a69bb0af104787cc900b1473466e39dd9dd9abcdd683e004bb715bd7c7ae,13,14,75,0,0,0,-0.027408897876739502,-0.044969022274017334,0.3348064422607422,0.25869187941918004,0.8858364224433899,0.7788050855909076,-93.0,-127.76923076923077,147.0,79.71428571428571,2,-1,-10,-0.18,-0.05076923076923076,57cb78d9a8700d5254f53691ff26acf59bb2bbad1d2695b95514839c52b4bbf1,dc230e3cd7c37827068c5943ba8922bf52d95128f5d52fb28e8645597ea72a29,targeted,tie,0,True,True
4358f8501a3684c87744fe48602cbcc87fb86c10ac257bf0aa23df016cefa743,conv-41,55,4358f8501a3684c87744fe48602cbcc87fb86c10ac257bf0aa23df016cefa743,1d152fa0fce5896a91f548d7b8a29f09741c22b9fa46d0603b9853c27d7edb90,0f6f91b865c1a62ddfa85c9d9b06f2c4d6db43719464b3834a7408f3f1680689,13,13,72,0,0,0,-0.04778146743774414,-0.022230327129364014,0.3663176894187927,0.2809564792192899,0.8534063100814819,0.774821570286384,-85.0,-103.46153846153847,86.0,65.38461538461539,3,0,34,-0.15,-0.03461538461538462,d4f7248959751b17f2d7d3a760a579c652197af8c0337c2231bf6829d5ea29a5,f860c599e9223097132c622184db291c0a90fc3f44eb3610e354de23901e2787,targeted,tie,0,True,True
eda7e8b953b0f606cd47ed34c7e4bf76c13701523a97e87fd6a80f7a0372e6be,conv-41,56,eda7e8b953b0f606cd47ed34c7e4bf76c13701523a97e87fd6a80f7a0372e6be,31a1c9ab3e2fabf4589e28e077078fcf2af8f790c187b0eb7a6f069db149cef8,d56de00e6030bfae7a5035df19c968f10ae9d1f4bb5dc7c904bae57210a6f87c,14,14,73,0,0,0,-0.034849584102630615,-0.031116068363189697,0.28762269020080566,0.22532692125865392,0.8662508130073547,0.793223283120564,-89.0,-111.64285714285714,84.0,69.5,2,0,50,-0.18,-0.038571428571428576,bc430a52ac972d69552399542570704ba156d837c332e113eecf0f0cecbb0731,e4d250ae610054aa0a1fc601abe7d2714d467ac8418b3e552d2f07b2c2341fa3,other,tie,0,True,True
f11c3b1230a291917550f165d7b871245d661f68ad8d73f88f02321df54be698,conv-41,57,f11c3b1230a291917550f165d7b871245d661f68ad8d73f88f02321df54be698,4c223f4015f7c482f40d35d2309460acdfbfae6c390c90145dd15b4fcf310016,5cb664b84137301b458db45b15d0eb97cded6c4b231e3244c7f36ea0f8480952,15,17,78,0,0,0,-0.011919170618057251,-0.03709438443183899,0.3469398021697998,0.2262956698735555,0.8519249558448792,0.7923378979458529,-95.0,-118.93333333333334,94.0,78.17647058823529,2,-2,-1,-0.06,-0.03600000000000001,62df22747c16d25cbd57d4bd3af9cc8f44183c952d735149636529e78ed7e8a8,3c799c6ae848b691bc91cc51c1d9d7be49bc8617b719773540ad3add0c81ffe6,breadth,tie,0,True,True
f753fc0d2d06e3cd8f2f4564e06bd0bcfebb06d401c129b0f5111bd1a8b0b5f6,conv-41,58,f753fc0d2d06e3cd8f2f4564e06bd0bcfebb06d401c129b0f5111bd1a8b0b5f6,c58ad1624f85a9009a5d4460b0ad5c246547b7410bbfdfb43c2f6c57b7950b1e,ee14c64fdfff9697e471cf4c54d67555e7b47124894e2a5e73ef016a2aa4750a,13,14,87,0,0,0,-0.02729243040084839,-0.02421984076499939,0.35328054428100586,0.25758838195067185,0.884310781955719,0.7855330918516431,-101.0,-117.23076923076923,98.0,80.92857142857143,1,-1,7,-0.06,-0.04615384615384616,defbf87718c39d745b8eb64bee56a468d9d6212f5ddd501bb5c38500a608e4ac,8b448d1602a60d36e092ec25e30078dd27adef181c9816e5f8bffc9fb17d89e8,targeted,tie,0,True,True
fc4882f964f7cd3ae740ce30a21f3ddaa77f0a527644fd7f2d4002e3ae019122,conv-41,59,fc4882f964f7cd3ae740ce30a21f3ddaa77f0a527644fd7f2d4002e3ae019122,1023ca70670cffc706a9c9c413692e922400a0d487841f31379b512ff80217ed,b1e262ddcc9c54ad35a42e09936b617fee375d8d4c185da6ad3747506365dec1,16,20,78,0,0,0,-0.029236048460006714,-0.036741793155670166,0.32958316802978516,0.2288777381181717,0.913925051689148,0.7968030035495758,-99.0,-121.75,105.0,81.6,5,-4,10,-0.06,-0.028124999999999997,28fe48b7a92fe2cf728a6c95ce4218f4c9c892dc3aacc53250bd4f535f3ceb6a,d5b93f3f2f950f0b3f173a82e173b682092e9099048c675a40ccabedc5d3e635,targeted,tie,0,True,True
f1c0b0f12a2280f8f43f42f8534401f7b48ead26d2ebe6bfefd600f524611d8c,conv-41,60,f1c0b0f12a2280f8f43f42f8534401f7b48ead26d2ebe6bfefd600f524611d8c,d265efc8dfbfe3c7c0fd1b6cba9e70b240a2666d414a0017370496fa940141cb,8d60cbdf597895e9acb9f3f0d6fa1e7f0d42dcf0c0e757d94b9dae0b92b4a5a0,11,13,91,0,0,0,-0.03212997317314148,0.11781194806098938,0.3077854514122009,0.20793450420553033,0.9192120432853699,0.7928197383880615,-106.0,-127.81818181818181,326.0,103.53846153846153,1,-2,-20,-0.06,-0.035454545454545454,10d4b1e084bca3837b13a70c3d784b125e8306dd3ded7a453208bc5630b61be1,d8484d1a1ed146d46b5491845a737c152a3122cf4b4b2d99e4dbd9938285842f,other,tie,0,True,True
1bf4b1a43a96f041c6fed125e6fdb3515edb1116ff544f1c9bf0e9120ce6cc10,conv-41,61,1bf4b1a43a96f041c6fed125e6fdb3515edb1116ff544f1c9bf0e9120ce6cc10,3174be1b9bd8d53383d10ec9310c27616094e06345e47ccfb7e688eafc356852,f44ac3b3472b55ddf359097c225a093f53732e4c805a1c9740115ca6b4419776,11,12,85,0,0,0,-0.02103787660598755,-0.02939954400062561,0.35328054428100586,0.24089110981334338,0.9208327531814575,0.8016404360532761,-98.0,-116.0,93.0,81.5,2,-1,-52,-0.21,-0.05727272727272728,36d93b76113ff436fca2d3dc6000320c5c7c072211eb585790088bf31f8c9eb0,64ed9aa6749cb2d94f5c4805c82666d1a37d78c818cea373bfb1121d1045a1c1,targeted,tie,0,True,True
09df81f87bcdca0df41477b270ff97f1c52fbbcfeec8beafd3dcc7ef096a7520,conv-41,62,09df81f87bcdca0df41477b270ff97f1c52fbbcfeec8beafd3dcc7ef096a7520,c692240abaa774b56d0839419cee8acaf8f8fb376d4e7e1a6087d8121be6d1b5,04b7dec0b8a14b2c474665ce01707153d852db45cbbaa13d5ad54470393e57a4,14,13,73,0,0,0,-0.04329252243041992,-0.03647318482398987,0.3532991409301758,0.2561661515917097,0.8519249558448792,0.7758432718423697,-89.0,-110.64285714285714,85.0,69.92307692307692,2,1,-19,-0.24,-0.05357142857142857,3f3ebfe03beaa28e909ecbae26e1aefd3ed79d3984c58c83d4feeacc80ac923d,360bf96784f60639ed630f6d0a6cc89233c60520fd8e97ac865f6efce8d02881,other,tie,0,True,True
397ea0643550176f236a8b1a457e09e1b07aa52a65eaaafb27f3d0f14db35506,conv-41,63,397ea0643550176f236a8b1a457e09e1b07aa52a65eaaafb27f3d0f14db35506,0ce92717568a21f61de03ee6824703969268a6f0923e3089c96af59446b312c2,9bc8184acb3c6770ef9863fa9b496c87731ebd0f7485c9addfe0b8fc97f0fc4c,8,10,86,0,0,0,-0.018752753734588623,-0.016860991716384888,0.3738834857940674,0.24463866651058197,0.9208327531814575,0.7966003835201263,-101.0,-112.5,96.0,86.9,1,-2,12,-0.21,-0.06375,af3c9b2697cd74f1299778d1fd9b47d45bbe238357514de39d3f30646c8da82a,aa2aa5980f3b6d7e137eeff9e70ff0024645250ce5654fdbff9943907675d634,other,tie,0,True,True
dff55266ed616bab2ffb373acfd24da39c694ba3c4a791ad3522585f1e73f513,conv-41,64,dff55266ed616bab2ffb373acfd24da39c694ba3c4a791ad3522585f1e73f513,194400b95e00a681e7359ce6f96a55dbc132b25f9df008e37936217c7c036d15,b61c0fa29e43da823acca1e5fe1df51dafc886dc2c505f7ab06066d941ac3124,16,15,84,0,0,0,-0.03654935956001282,-0.0348547101020813,0.35328054428100586,0.24577869474887848,0.8644784688949585,0.789139982064565,-100.0,-119.25,101.0,80.4,1,1,25,-0.09,-0.041249999999999995,5f30487527c8d532f3b0cd5baec495674a10126b5003fef91554d12f1079ede3,34b2d8e2f7d9e192b5382f40d8f1e2fd818df08e67badc1b9a983adc849b0dd1,breadth,gain,3,False,False
22cf8672e0fc3fa8e5b1e4b552d3109dc0471e32bafae80ef4a3b40f9c233488,conv-41,65,22cf8672e0fc3fa8e5b1e4b552d3109dc0471e32bafae80ef4a3b40f9c233488,5c6842977c90581ebeb94b70d4cb5e0654a087f34da68d13506bb16701a3e7a8,86c3f8d8367bfd410a667a151eea0a58a905485a396acb5c4d195ced008daaac,16,17,75,0,0,0,-0.033367425203323364,-0.08551573753356934,0.40327388048171997,0.25678373873233795,0.8851320743560791,0.7873950425316306,-91.0,-138.125,89.0,67.3529411764706,2,-1,-2,-0.27,-0.058125,d994c5dbf79b3037e45ce749cb2f63074d734415df8d7065ee488748b1611b00,891fa05eb8cc1343e82d1fb2792c27acba3f0a89b7717dfaf34f698f506e473e,targeted,tie,0,True,True
d4b4a0534bdf2a81b8adad628e52ff14803cab16cf7e283918d7a8342b2f2afc,conv-41,66,d4b4a0534bdf2a81b8adad628e52ff14803cab16cf7e283918d7a8342b2f2afc,7fe171b92a0ed696444b483a88807d31018000fd3ef2ec00653e10ba0d444637,bc54c6d66f1d9768c8bd004d513503fe0bbce878b2792de0fb6bc9098712995f,11,12,73,0,0,0,-0.05573475360870361,-0.15976285934448242,0.34773868322372437,0.26408023183996027,0.8405764102935791,0.7814212640126547,-88.0,-134.72727272727272,94.0,70.33333333333333,5,-1,-3,-0.3,-0.040909090909090916,7f71270f2886f58ad0db19a422a14f9f8b8859f20e5dcc4a636d1d44ee070920,d66cb6069bbe897fc26bb903d87259049aac11a7124e4b05c3948e26c31a42f6,targeted,tie,0,True,True
65e35876b1cae9a07876324abe1665f3449213ee2d5cb9f48ac51e64c5dd7bc3,conv-41,67,65e35876b1cae9a07876324abe1665f3449213ee2d5cb9f48ac51e64c5dd7bc3,eb81770a0f7e669d9a4cd68f1c25260fc50e90b772d9d8398df159d4c169bb70,aef59f91a4ad16a56e43ed5744f4c4df0a3c8d7c29934ffafd44e11ff6c5df33,16,16,72,0,0,0,-0.034168630838394165,0.04241266846656799,0.32033461332321167,0.22810041904449463,0.913925051689148,0.8036397993564606,-89.0,-111.875,229.0,80.25,5,0,-92,-0.06,-0.024375,66b4152210204f50f7cb731946339920fcd6c9df8d0a9fd36b822d05fc49492d,fc62a9a8d143e577d5cff41959a920990c70b66428d968d843b2c743b04972ef,targeted,tie,0,True,True
5db7b8fe13157f59554ef51ca3889feed0191543f78d150c827404b4491eccc9,conv-41,68,5db7b8fe13157f59554ef51ca3889feed0191543f78d150c827404b4491eccc9,0c37dcce8f87fac013f241621e302599f6818e70c4fd884c25554049de3ddfb0,19211be89c05a19063fbff48a310aee583ff8ac16d0eada973114806b8f32f80,10,11,84,0,0,0,-0.036561042070388794,-0.044167548418045044,0.40054184198379517,0.21627613306045532,0.8644784688949585,0.781021383675662,-100.0,-119.1,95.0,73.18181818181819,1,-1,24,-0.09,-0.045,b8bc0e905715cdbcf2ab7bb2f8defeee076ab3e3512ad83c6b44d734c8e64455,0334e2eb8d0668577e748e9e0d3bc7a8bd4aa6ca23d1f56e11702f1aa42bbc38,targeted,tie,0,True,True
fa17433dade42930abbf1635051dc66284684fbd00ba5d0f3a290b1dbf1bce09,conv-41,69,fa17433dade42930abbf1635051dc66284684fbd00ba5d0f3a290b1dbf1bce09,37e5663f8491ddbd0d1b6533961505882c5a9f837f180fcb62607355160f0f89,81c5a91b8080eb9b413d36aa0610869f6b5f8da8b456beb08050ce62acbf6e60,14,16,73,0,0,0,-0.04359614849090576,-0.04269832372665405,0.3663176894187927,0.23197520204952785,0.9208327531814575,0.795379526913166,-89.0,-114.85714285714286,86.0,68.5,3,-2,-40,-0.06,-0.03428571428571429,4b524ab97ad92c975195c175eaeee2369cf22d814c49fb19e16d80813f38156e,e81210f00ca012dcc6bb754d74fe4584e9af987e930e1507b20f8f335bd37349,targeted,tie,0,True,True
2d227d70e9e6f705048e95a48fae4b6093f977c023a9c3628a71683522086fb5,conv-41,70,2d227d70e9e6f705048e95a48fae4b6093f977c023a9c3628a71683522086fb5,1b08dfeef48d0f696f17891378fa04a58aecdcfe40a331fe415d5d23c44a0d21,87577355664dfcd1abacdaf6240ea4f6ff968c816ce4a888c9646c4a2d1ec12f,15,16,78,0,0,0,-0.024538785219192505,-0.03127017617225647,0.31300628185272217,0.24943923950195312,0.8435915112495422,0.7537701278924942,-99.0,-129.8,113.0,82.1875,3,-1,-9,-0.18,-0.04000000000000001,472cff1f39f563b30261e9ce91f3d06455e2d8529de1ceb5cad6c4ef05cb64eb,bf4642526c4a3c0b6ca69af5c1e8fbf0ac6be0d31374e0dee2d8c2ccba684c5b,targeted,tie,0,True,True
a3857f20369b69fee80f58c6e174bea0da8bcc2a307e724e7ca3e5fc0e6adca3,conv-41,71,a3857f20369b69fee80f58c6e174bea0da8bcc2a307e724e7ca3e5fc0e6adca3,a164d70dc2c42eb116f3f672309ba3bc444fde9edb72afeef885d2dbe07a127f,ff7fa546aba2dee0e68f0449ba5681846e49056ea5d65444904e575c518cc580,14,15,79,0,0,0,-0.028188973665237427,-0.033771514892578125,0.31779706478118896,0.22014570236206055,0.8376189470291138,0.7712476929028829,-97.0,-120.28571428571429,98.0,79.86666666666666,1,-1,-30,-0.06,-0.038571428571428576,1c5f12227666a19e7cade34d74a69ec8f8a985cfc6f633b27c78f7de40872783,4d965f2cfcb9610af13c4bd1c8227061c06228e1bb221146d34d74ee73881572,targeted,tie,0,True,True
537a7a6756afcfe8bf09a3b7c0346f5c1f6188c363652f65b2d39fa98b125240,conv-41,72,537a7a6756afcfe8bf09a3b7c0346f5c1f6188c363652f65b2d39fa98b125240,dd94eb17980f3e992534ab1fd9c823ce371b3cf071b74bdd3ebc678ec3b1cb69,b885107fad482fa9db53a376d66062d505351582f545ad804f0cb933d6176236,18,17,69,0,0,0,-0.029240131378173828,-0.13900992274284363,0.3120737075805664,0.22529141108194986,0.8858364224433899,0.7864489485235775,-87.0,-126.44444444444444,86.0,72.3529411764706,6,1,-47,-0.21,-0.034999999999999996,c680a0c7ab5e45bee663dad99784805b7ddc6580fbeae4a9dc740cd2d7933771,942bcc675c06a0f8237617795cc77cd8b43f6cec267908608d2724340f5f654d,targeted,tie,0,True,True
0c70ae0a2eda139e98e7e45b531274cb2954d80bde963804788bc7c467f19f86,conv-41,73,0c70ae0a2eda139e98e7e45b531274cb2954d80bde963804788bc7c467f19f86,ff199c4ef69d020f707c3d98f9a205e735d38d7eafd0b8b770ef8592b68cb44b,ae963df1f94c0a77c658a8fc777c79b1e3d196de165072919f36f05de97b4cec,9,9,79,0,0,0,-0.031976014375686646,-0.04943668842315674,0.26715314388275146,0.18762853410508898,0.8618954420089722,0.7528216905064053,-88.0,-114.0,129.0,80.33333333333333,1,0,-86,-0.15,-0.060000000000000005,f6beb86d834a79752f10413efd4ca0355c1b6b55ad2589c1017e44c894011932,fba3a9d74af8a86713d9fec06fb69e38364d05d54307878841e7952a261c74d8,targeted,tie,0,True,True
4911cd1f4b8e1041c56fb858301a3e8e3451efd28cf6e5181e81d16363255306,conv-41,74,4911cd1f4b8e1041c56fb858301a3e8e3451efd28cf6e5181e81d16363255306,02f4e53923bbfe84a73b1e387c87fd18f6d654a1b841a3826493ed4a28df6be0,99dbedee9d4e7c2c74f1050f1caaeb1c0e2873b345f614cd4848b90858e80b21,14,13,76,0,0,0,-0.04118996858596802,-0.03490644693374634,0.3663176894187927,0.2346624263695308,0.9080305695533752,0.7984648667849027,-89.0,-108.64285714285714,88.0,66.6923076923077,2,1,33,-0.09,-0.03642857142857143,5bcc60e6202cbdde78c437b697deab64f36b5f3232ad8b6d3cbd2b56a2fdf1c2,19e367e38b28a14db2f1334a3f0f3f182a455542d4ee89193e590435551ecc80,targeted,tie,0,True,True
a011ad91b9fb14478ca92f095bda607bb972317c98c2f00f96db49084380a7f3,conv-41,75,a011ad91b9fb14478ca92f095bda607bb972317c98c2f00f96db49084380a7f3,3a8ce84997dcdfaa1ac14ec7e453ed9fbfff3ce8beef7744fc6db33aa91dbcca,63b0b77154fd3c50781f7d28cc331bf02a060103e6e2ffb09424440e1c62fb7d,16,17,82,0,0,0,-0.01908695697784424,-0.04334411025047302,0.32085633277893066,0.2097541056573391,0.8591638803482056,0.7979088916498072,-101.0,-124.25,98.0,85.82352941176471,1,-1,101,-0.06,-0.043125,136977e4c66c5c46e566f3d51725f45aae0327b6f8767183941e4c82a827e032,914d71e7993b7cd9c1fa08241475a9b3754317539be0aaa5f184dd851c6dbc2f,targeted,tie,0,True,True
1501b148d1147e33a1427a3c8860add80bf0766e035ae9449582b82dc216c5ce,conv-41,76,1501b148d1147e33a1427a3c8860add80bf0766e035ae9449582b82dc216c5ce,0d2ea67c16c0bf9f186729b68d8c78ba58b0946aca2b26474bb351ebeacac8c1,344db7bfb81feef967380ed8edbc6723ce9659505ad6ac01f4faace169263668,9,9,79,0,0,0,-0.04013100266456604,-0.10048320889472961,0.36423349380493164,0.2701139979892307,0.8193240165710449,0.7676144705878364,-89.0,-141.44444444444446,83.0,67.33333333333333,3,0,-97,-0.12,-0.030000000000000002,142f8efd427fdd8459c9fd28efc8d8cbdbbe64fa5a726146d5fc8091e67fb55e,4689353ad55cf1201a9f50ba2b9de35987075cc4d5041a11a8aa62de439352f4,targeted,tie,0,True,True
84273b0e45156bb8f196df06479d41c6a22e1805cf51de6529612b3476b5bc45,conv-41,77,84273b0e45156bb8f196df06479d41c6a22e1805cf51de6529612b3476b5bc45,1bd1fecb644db2a4131035807ed320748710e179de7f5dd974f481e6b90c989c,7d5184c9f953b370738f6390852cf86a191feada66447cb592091db139c08491,19,21,77,0,0,0,-0.03213036060333252,-0.035984188318252563,0.3697824478149414,0.21514389389439634,0.9145027995109558,0.8104550327573504,-101.0,-128.1578947368421,99.0,81.33333333333333,2,-2,59,-0.09,-0.039473684210526314,0625ad6d87d8c423aaaee7b3b0d12b1f8e31dced50e08add28f0d66c65cc08bb,9e36487fc6638a4311adfea37d2b847c7f12547a6e26cdeef260dd9e33140080,targeted,tie,0,True,True
33f57e341bf97537eaf118a1dec85d45bec1656eae6d79b65d32fa611a00a3e0,conv-41,78,33f57e341bf97537eaf118a1dec85d45bec1656eae6d79b65d32fa611a00a3e0,dba8e218901a2b69d76df91e657f77195eda48eab1fbc8ee4d34cf788b89bb25,904e60feba28f14a4eb55a1cbef320ca815da014a484c6b841b0a273ae28c3d3,19,21,86,0,0,0,-0.02897980809211731,-0.023256778717041016,0.311492383480072,0.20835600087517187,0.9087903499603271,0.7675344347953796,-107.0,-132.68421052631578,140.0,91.95238095238095,2,-2,20,-0.06,-0.04105263157894737,3f26fecb7b8c7850ea71efbec39c056f371ed3c2e1824097de6da2ee1e698b66,6b5e68a82df310008fe929eef5decc662a8fb071057f9fca27b259a025dc8148,targeted,tie,0,True,True
1a001c0156a48abcb50a14cb58c3b6a7a3cbcef7b0533670bfce2c133264e653,conv-41,79,1a001c0156a48abcb50a14cb58c3b6a7a3cbcef7b0533670bfce2c133264e653,eef6f4d73d01a75c254acc5cfc60b144c5b8e941a4201a86dc2fd137fdffd771,1c3ae4eca844a81069b0f30b9926bc6d9540a540cadb2a2c12947c4a48b9e165,19,21,81,0,0,0,-0.02532750368118286,-0.039801597595214844,0.2837878465652466,0.21248630787196912,0.9167358875274658,0.7764663639522734,-104.0,-134.89473684210526,102.0,85.23809523809524,3,-2,7,-0.06,-0.034736842105263156,da4aa2928cfec937c75583ec57a16ecc35e80932f488f8c16b9c7886dd0ed6e4,0c573e23d08c9e6b69345671e7cc4917c1a8237059a7d3379c2ee869886b836a,targeted,tie,0,True,True
d450a2976140278b0a02aff3a2598f7ddef3dd13b53209cbca00a55708bfb1b9,conv-41,80,d450a2976140278b0a02aff3a2598f7ddef3dd13b53209cbca00a55708bfb1b9,658eb5c6bd8ebc951aa389389b928aa6127c84f414cc0be0f81f06c7b3ad47b8,c002cbf97987cb09ae7a0a7ee8cd5b124c16a7261b230ae1ebcd6dedbb3faa19,12,12,80,0,0,0,-0.024967730045318604,-0.041324615478515625,0.35328054428100586,0.23985987404982248,0.9208327531814575,0.8018569449583689,-93.0,-116.16666666666667,91.0,73.0,1,0,-88,-0.06,-0.04,dd781c027b4579dc16f719ceb577c9c8a84b8b2a96151316914f6df1327b8939,516670ed537e249e6254ae126e160f797c074512c2db6508ff24e21d069779a4,targeted,tie,0,True,True
f20767488305b62939c907d66754725930881a0bb423b39529e6303e8c539bc2,conv-41,81,f20767488305b62939c907d66754725930881a0bb423b39529e6303e8c539bc2,2b140ca6c8c41b6d3d323792a46f1c1506ac0a5c93e28ad042e8bbb6335310e8,837274b34d6ab957b4c4e40e8877f24d68a6e2f2b98b301342f8dd9d88e1f3a2,16,17,78,0,0,0,-0.0280379056930542,-0.027656584978103638,0.32886672019958496,0.2506117448210716,0.8295155167579651,0.7442337555043838,-103.0,-120.625,94.0,75.82352941176471,2,-1,-89,-0.09,-0.043125,c9e114ff54b2acd2f002de9314a2ba1e352f777440ea5367ae21264ee9bbf9fb,accc2497c6b898c0f1577ca33b83a7eec43f0e95dbd2bad3091e76fc9453b1ca,targeted,tie,0,True,True
0e86bbc271ba439a49251793c0a9e1ffdb9fdca96b4cc6f0ce240af05db23127,conv-41,82,0e86bbc271ba439a49251793c0a9e1ffdb9fdca96b4cc6f0ce240af05db23127,ee76783dbcdce431fd62dcdf58a8070273710dd71ec5e25db438147070f260ce,4931be64e289fe49949323f4fae1aebfb6aaa896fa579ca41c62a8a2cc86cd4b,16,22,76,0,0,0,-0.02567809820175171,-0.060945212841033936,0.33068549633026123,0.2316506952047348,0.9145027995109558,0.7999041405591097,-98.0,-129.6875,107.0,74.5909090909091,2,-6,61,-0.15,-0.04875,270e24fc0edb6f8c11f9c46ddebe26dd4ab7a97aad9365370d8503926e4f7f9f,713178b1d13977f26f00218631f124783ae863389689a5f1fdab8a27928591bb,targeted,tie,0,True,True
0b0cc5f48a4e55e649eba55e1aa2a78ca1f3bca0b61acddd5035b0122eb3fded,conv-41,83,0b0cc5f48a4e55e649eba55e1aa2a78ca1f3bca0b61acddd5035b0122eb3fded,a7aae7e5afed8a3da66402337233c1322150099c2163ed2df7bc3677b8da1f66,30cc38b050daec54466602d82b94d240b544359817d80fc68823cdacfeb327ac,12,15,79,0,0,0,-0.03173983097076416,0.008470535278320312,0.34283387660980225,0.22859105467796326,0.9192120432853699,0.7672668298085531,-93.0,-118.83333333333333,192.0,84.53333333333333,0,-3,-6,-0.06,-0.0325,36e03f6119fd601b7d3a76eef64c239c6b07f92f262412f987797abb20961b06,15d39b4c6116bc78aa25cbb71826d40530fca01679bacbeeb28af2d3a2782a5c,targeted,tie,0,True,True
1730c8a9d61587c41a49c9742cd373048fd3390b831961d60de24e592c349ff9,conv-41,84,1730c8a9d61587c41a49c9742cd373048fd3390b831961d60de24e592c349ff9,839f6ff58b8b9f66471ab0905f12a4c6ff3a70be2baaf43d767cebcfecf2c45f,65b2e211f06fd0d947de34503fb2fbf2078785ed7a6c804fd3b719d7e4a4559d,11,11,85,0,0,0,-0.021469056606292725,-0.023900389671325684,0.37600576877593994,0.2281940525228327,0.878171443939209,0.7931761633266102,-96.0,-109.27272727272727,94.0,80.45454545454545,0,0,-23,-0.06,-0.051818181818181826,190d7ceef48018a21395a1e9dae0b0eb0b009a9df899038c7eae7223557f00f0,604a79487ec352f2d11204ef88e27531e0db89a1b6caa68975c08146c6d6f523,targeted,tie,0,True,True
cd7eb8b0d1d9db62b537667d3cbd18cf9519894acefa23f82863dded862fded4,conv-41,85,cd7eb8b0d1d9db62b537667d3cbd18cf9519894acefa23f82863dded862fded4,d701e1f5aea11d2cfed9233acce0d06f78f8202b4806ac64618961efbacf67a5,8f03638e56a5775d5be92ef3465262706ecbe2fa1e7fb15c49788692eb73dbc6,16,15,70,0,0,0,-0.030510544776916504,-0.09173142910003662,0.3579620122909546,0.2312055192887783,0.8662508130073547,0.7719062050183614,-86.0,-112.5625,84.0,69.13333333333334,2,1,27,-0.18,-0.043125,a94a6c814011f43ed0fe862ec77997bdf8f6a04b7141e24354b68cf1b4363fec,abd2a4f605e7b86f832eae37a88ed934c20a5528132d71032d5543f31248d814,targeted,tie,0,True,True
091ca47b6cf063f74b1550af4dc6cd32715ad9c0e74a1305f32d1c3f10f73ab3,conv-41,86,091ca47b6cf063f74b1550af4dc6cd32715ad9c0e74a1305f32d1c3f10f73ab3,1b9529917a50b1a454f67ddbf1f032116f96c261035417e3404e0b29994319ea,492edc331cdf7927063cb3bcc72d1d6b07ae231f44dc8febba488723fb4c50a9,13,16,77,0,0,0,-0.018803924322128296,-0.01893693208694458,0.39702028036117554,0.2430788782926706,0.8610427379608154,0.7996344938874245,-94.0,-109.38461538461539,92.0,73.4375,2,-3,-32,-0.06,-0.03230769230769231,73dc27d967492533037784ea587ddba6841f0d639d7b5e409c8b524c7c680905,aa44b3e75e36c62f1ba7067967b240f4720f044718b56ff184d54e062f9c7368,targeted,tie,0,True,True
85a0283ad270130619f6dea7817c35b793ab79ac706774f165d368173f4f8354,conv-41,87,85a0283ad270130619f6dea7817c35b793ab79ac706774f165d368173f4f8354,2520d0e9beb83b756d24fe05b763ff6df0c916ee1b2e2fc4f3cf4b9e9e018fe5,7680a33c34fba0b747ac05f86656c73112f9ba7ccedac03d6bf4b4550338bdc6,15,21,71,0,0,0,-0.035302191972732544,-0.023157566785812378,0.34422796964645386,0.2461442510286967,0.9087903499603271,0.7333916879835582,-91.0,-129.4,108.0,72.0952380952381,5,-6,55,-0.06,-0.024,e80a8cb12ba7e3039ed40c8efdc5fb9da4d3e878b7f5b519593a016d5951a072,d4db0d9fdf7d2e55119ac597d2b5a26ef6106d7d22422eb61f5d71bfcabdc424,targeted,tie,0,True,True
a731bdf036bca894855f18486d83c17b962ff96d98b1579b392527bf3489e6aa,conv-41,88,a731bdf036bca894855f18486d83c17b962ff96d98b1579b392527bf3489e6aa,260893762fd95d023e6e58fbb535cb0cf5415ca967eb620a3121774404bb6ca9,c1063c0d9226e1086e1da9b0dcae80c2b434a2281346ecc3a383068620940253,13,19,77,0,0,0,-0.02772998809814453,0.021417707204818726,0.3369610905647278,0.218143669458536,0.8890637159347534,0.7571144166745638,-95.0,-124.6923076923077,258.0,82.57894736842105,2,-6,11,-0.15,-0.03923076923076923,c456233af3ac59ee17409dc0a2d55e26cbf460c0b646ad354d1692f6d74c5bff,a064c6014bf39aa215b719110fe896fe0fe5931e1d91f7f9b980b63cea2ece0a,targeted,tie,0,True,True
4420d8939174304b958b1f2063b6fb54ba1d7a6894ddc0eb1424fe0d42d99589,conv-41,89,4420d8939174304b958b1f2063b6fb54ba1d7a6894ddc0eb1424fe0d42d99589,14a99b56900f32f276f4200eedacfd9bf623179de77d5a6427317611be730e4f,27aba401d9edee4964d1c1cfaf7031d0aafead488fdc38cf26abd8b2e87b4999,14,15,74,0,0,0,-0.03544706106185913,-0.13347989320755005,0.339618444442749,0.24198888455118453,0.8851320743560791,0.7736188451449076,-89.0,-129.5,88.0,73.53333333333333,3,-1,-49,-0.27,-0.04714285714285715,4100ab9797d09aa73ead8fc898286227a663d5ea1e77b6dcb5880834a5276bd9,249bc7aec2ce3026ac8a159a579f1af744f9b748c7058a8a9965cdfb2f04c009,targeted,tie,0,True,True
e4bef9204dd6a13ff709351627487ba0c01ae3072971a1b41fb6523b53733643,conv-41,90,e4bef9204dd6a13ff709351627487ba0c01ae3072971a1b41fb6523b53733643,89c5f19cc7c57ac88509353174759a6014853361b7254b5af8a486c06fe50258,75165bd6879230f66101c002a8bf021ba99b50fa44951427a8653ff6ee9ce3ee,12,15,78,0,0,0,-0.026309043169021606,-0.10180282592773438,0.3402756452560425,0.2419109046459198,0.9192120432853699,0.7652358929316203,-94.0,-142.25,120.0,80.33333333333333,2,-3,54,-0.3,-0.0675,1901350b68c5ddfe6c042552a7fcba09fa48459c221fba1a4fe1ca46e3b3943b,af295cc2048e481d1e346de97988d8505f8147874a754166fd01e1cd665da7da,targeted,tie,0,False,False
b79476fdec5fb7f8a15b3b459e926d00ae34d6bf638577e64c2b7fc437ba19ec,conv-41,91,b79476fdec5fb7f8a15b3b459e926d00ae34d6bf638577e64c2b7fc437ba19ec,09af8e426a496baad2f3e3f59f2d9c30158a5684530a53a1ad168a086a32aeaf,4e4fa6397daa6521cb1faccc7413d1a0512db7eda736c49824949c0bed63dd0f,19,18,74,0,0,0,-0.023750483989715576,-0.04929545521736145,0.27897727489471436,0.19656974390933388,0.881406307220459,0.7785652743445503,-92.0,-115.63157894736842,102.0,77.5,3,1,65,-0.15,-0.039473684210526314,1bfdd0785118525b71ee4a4f7a260ca8198f9f47f7aea0cbb966acbedca16fae,07810b8d5f69cd79097ba8ccf9fc9d38b326349908c996c1d655d771e1b854ca,targeted,tie,0,True,True
60c151f27266f7a165dd7971957dce184347e58aae98d0f3f3238a09feaefac0,conv-41,92,60c151f27266f7a165dd7971957dce184347e58aae98d0f3f3238a09feaefac0,6228286f76648a11dc49e8652fff339c70eeeafa42985d1c2f47820b8ab67946,52243699e2655bf0b5af2f23f4d7dc6f1af11d094902467c9e81ef42e1a19ca8,20,18,78,0,0,0,-0.030289918184280396,-0.058439821004867554,0.33391058444976807,0.20000069737434387,0.846674919128418,0.7586448126369052,-99.0,-123.9,96.0,74.0,4,2,-30,-0.18,-0.042,3fc421c922311fbcd561baacb0a3e2392686093904f25d7f0bd432b52c446699,18037f5f09693f57d983fa70fdd3bc30cb7aa850235741710ecef12cf3d780c9,targeted,tie,0,True,True
33b58d9c29456797609af173c7dd516c573a7081a4ad688890e0acd9bf269a30,conv-41,93,33b58d9c29456797609af173c7dd516c573a7081a4ad688890e0acd9bf269a30,5fee31fedb3cf4f6838072c16d5c03d64822769a8f087e13f7ccae761d14588a,542b917b8275bd5beef06b30472b5a64c3f8f6a1cb5904b01ddefa4acd3e4e91,16,17,75,0,0,0,-0.017584919929504395,-0.05320483446121216,0.3315742611885071,0.22594304755330086,0.8573427200317383,0.7858240394031301,-95.0,-119.625,92.0,75.29411764705883,2,-1,86,-0.24,-0.050625,c999400bebd41b668faa6c0b86f43a7bc022aee773fc5b75173731a01ed379a5,adf15b621c69b959f541d774e42c861b084ee5ae900e43db09357c3518e7853b,targeted,tie,0,True,True
ed3568391b3163d980bcc33ba40397efd08fbe0c132c8295d4fc1b37f4b065b4,conv-41,94,ed3568391b3163d980bcc33ba40397efd08fbe0c132c8295d4fc1b37f4b065b4,853e00013814e268297c3dd5c2f060e9dcfe0294c1d4f663fa67afc296f43869,18d841874782f8af381c11bd60c062b9b79a5edd712fd7289dfbf36acfd92b1d,14,15,82,0,0,0,-0.030571669340133667,-0.005102366209030151,0.37418633699417114,0.234689576285226,0.9265490174293518,0.7800241589546204,-98.0,-113.78571428571429,156.0,83.66666666666667,0,-1,-65,-0.06,-0.04714285714285715,9389c8d0e05c3e5300d9e079cb05b661ab96e470bdd216f02137729461b2ebb8,8118e98842e9dfb1acf7181abae35bccb7768e5c417324a562c5233acfbbf9ab,targeted,tie,0,True,True
7d6eaa1eb809ac5c1bbde24267896f99514769855411fed677ac2cff07491a65,conv-41,95,7d6eaa1eb809ac5c1bbde24267896f99514769855411fed677ac2cff07491a65,1d061fb40d8a10df840013347941ff7a1bc3465b7694ffe496ee6d1652de9931,fef7dd5c11366895f7b11bc459b217934317def22ee2252b836de62d9416a504,11,12,85,0,0,0,-0.022400617599487305,-0.027459293603897095,0.3464452624320984,0.233249154957858,0.9208327531814575,0.8092656582593918,-98.0,-115.9090909090909,106.0,85.58333333333333,0,-1,-5,-0.18,-0.06000000000000001,4f8879b30ded93074f60074c056eddf69906ea51e349e828893a70f3dff6cd8d,55ba71b1362740312c046a276f1d76ab66936247cc680c4464a1758d0de275e0,targeted,tie,0,False,False
344838cd673a8497258214f2afe2735ca798634e3c0d725f07c7ede5f686c1c7,conv-41,96,344838cd673a8497258214f2afe2735ca798634e3c0d725f07c7ede5f686c1c7,267d62d75556a453eaf619d78b8f9a831462aa3b5e011d99d49ae0401f9e0fd9,f0f896a8df700b1e6d7ee8e5483d3f2c07e29b869c934f2e1a5cbf96b59f5fd4,16,16,72,0,0,0,-0.02816873788833618,-0.04602685570716858,0.355071485042572,0.22070378065109253,0.8794409036636353,0.8013886548578739,-88.0,-114.375,87.0,70.625,3,0,20,-0.18,-0.043125000000000004,fa6d171e774db5f02bb24e1054b0bae761a2e1bda96f2550e382c6ec3f677c37,324bd3fa7a448b8117537a4891adcff8898bccb772663b358359d2c558399683,targeted,tie,0,True,True
f53824d75905087d3b231dcef4cd83fab30ed9cb82e9f3fe097a91d645b07174,conv-41,97,f53824d75905087d3b231dcef4cd83fab30ed9cb82e9f3fe097a91d645b07174,375ca365bc05c1d6682d65aee31667989baec7b4cd5b803adb25154f4ecfe8cf,dd9212205e2ad1a947d7441047d1503685473f9e3ca2ea732f4a3d2e7eddec2b,11,8,83,0,0,0,-0.03696250915527344,-0.028903186321258545,0.3122757077217102,0.1883852698586204,0.9080305695533752,0.7905237600207329,-92.0,-109.0909090909091,88.0,75.625,1,3,6,-0.09,-0.046363636363636364,e39619590c52e3edde97544e3bdd79e48ad166acf387110c0658f350d1c692cd,303a8dd2eafd48a8cbf9bfcfb27af5b9103a2306f3e0eee8ffc9c8fde55fd9fd,targeted,tie,0,True,True
c8294043c8c87aa46d23982ffb3571a294ee039978502a8d8ba3096f670292a6,conv-41,98,c8294043c8c87aa46d23982ffb3571a294ee039978502a8d8ba3096f670292a6,024578a4bad819bc975b264d87d56e013d70e9ca823b1355755e31b4bbe75119,dfde6b29beb0df8c7d77f9255ba432c10baa4ec9d3298fb1fbc6d5ae1f0120fd,12,13,75,0,0,0,-0.025381147861480713,-0.07716256380081177,0.27897727489471436,0.22946424782276154,0.878171443939209,0.773211671755864,-91.0,-124.75,89.0,73.53846153846153,1,-1,26,-0.18,-0.055000000000000014,b2712f58b2f615d0a6001547951bd2dbe64c89f0a1f1dfb7d9b18b5d5c0f3627,19cbd4998608a1a970be48ce53b78376754b40d6b7e53266faf6c4497d9402b7,targeted,tie,0,True,True
90c64ce28c32997b39fb7c180f7b168a4de86fa5d3dafa3300e7f27b5cdd1073,conv-41,99,90c64ce28c32997b39fb7c180f7b168a4de86fa5d3dafa3300e7f27b5cdd1073,154807766c2e051dc12745f0e06b8db60640f4c10bc16ff19b5d1ac30ed16fcc,930d8304be4e4a3f4514c606f502de65c3dc2c002877c3f6239e1412e80fd554,15,16,78,0,0,0,-0.029102832078933716,-0.034877270460128784,0.38278669118881226,0.23638959725697836,0.8097912669181824,0.7620799615979195,-94.0,-124.6,93.0,73.9375,5,-1,6,-0.15,-0.030000000000000006,26b8fee9bc82a4fa532b85ea3d8323b8fa42b0d5ddcdec10f430a0a072591001,8fce8391071600ca77a266b67c43994ec09c8eedaa5e234a0dbe36cb8be26761,targeted,tie,0,True,True
96c8014b09c66e574b252ee324f4557d37734e6efd137e69e7772047ca09b373,conv-41,100,96c8014b09c66e574b252ee324f4557d37734e6efd137e69e7772047ca09b373,8523e910409b351d9e68f6fa62fe54a0f17c3b6de30ad7a8993c8fb98f41a291,51bc88f44b103ce94bbb94c1cb7f56203bb48a0a18738c71077af0ba0ec7246b,14,17,74,0,0,0,-0.02861565351486206,0.056748151779174805,0.34458446502685547,0.26134264894894194,0.8323320746421814,0.7637695249389199,-91.0,-109.92857142857143,263.0,84.17647058823529,3,-3,-3,-0.09,-0.030000000000000002,55182db2ad04e61ecc6cd0f3979e66b93865f94a17333ff0c8e5ed980785c2b4,4dca480937f25235c9f6bc1ab378970b1468991f134bc8c876ea0c4d75c746fb,targeted,tie,0,True,True
2c7faa7b4707e364bb661c8ea72e3b7795aa155bfe02d6111fc2cec0b3c5c4f1,conv-41,101,2c7faa7b4707e364bb661c8ea72e3b7795aa155bfe02d6111fc2cec0b3c5c4f1,c30360f9522b899d0299ce974a66d8173e5ae49cd6f74f031d9f1a28bd4f475a,d2cf7bf5a98d68f1547ca3b504ecff943aff5fd95812f457f8240f75caaba29f,11,13,82,0,0,0,-0.03493252396583557,-0.032370924949645996,0.3744962215423584,0.2665354176001115,0.884310781955719,0.7989212641349206,-95.0,-122.54545454545455,104.0,79.0,1,-2,-50,-0.06,-0.040909090909090916,efd88595b29517e3b1c2d7400bb31442c5abef8727bbd934bb448bdfa44a595e,634302cc9199c6e006349c1fc5fe17deaa89f2b387cb4d5e01328c15b3f8db0b,targeted,tie,0,True,True
28221aeffcedaf2fc87da10a965bcf506d20c3126848c15be0146a7bddc34186,conv-41,102,28221aeffcedaf2fc87da10a965bcf506d20c3126848c15be0146a7bddc34186,426c7f0101a7f1d21e3de36b077ac7230e57c12301e71f23d92e80e993fdb7f9,ac5c9e544b2c5d1fd265370f258821ee06839d439617dd2f843d32a6e6c9dc53,12,12,80,0,0,0,-0.030755579471588135,-0.03898221254348755,0.3108631372451782,0.18726310630639395,0.9080305695533752,0.7778719564278921,-93.0,-116.5,91.0,78.0,4,0,-80,-0.06,-0.0325,58d85e4977b631800845043bce927d9012751c51d39e62521802a28e9a80a3db,c205640cd531e25eaf7f5f27342d80a01eced5b369c31a456dd8547875ddfd4a,targeted,tie,0,True,True
0c5a8165cef865a2e2f3d1eddbab6cd87b09b3df82c98607c9ede40b0fb816ef,conv-41,103,0c5a8165cef865a2e2f3d1eddbab6cd87b09b3df82c98607c9ede40b0fb816ef,9f10a2e4ed9107c7acd7196a1c074fbff939900496621de2ae0a85cd3e68effe,dec3786e86ab952eb8d8c28b0c1d807099868887edb94a5e32523c356ea83895,10,14,86,0,0,0,-0.03855043649673462,-0.030065596103668213,0.4094077944755554,0.2644375503063202,0.9051892757415771,0.8014033011027745,-101.0,-135.7,100.0,76.85714285714286,2,-4,-14,-0.09,-0.030000000000000006,168e1703c86018a1f83258cfcdd4ddbe50daff459aa968466f4736267465c34d,fb8f4507d6266b304a1af3cdc0a47ef4d5e9d5a10c8f75eeed6b15c452868bf1,targeted,tie,0,True,True
90350c37efc0f00e3d7aface39e70d1fdc5a1252101a60811ce17201750ce6e6,conv-41,104,90350c37efc0f00e3d7aface39e70d1fdc5a1252101a60811ce17201750ce6e6,f50157a6b7409668ac122262eaa3507a8ed96b2963841a37c913a04694153b7c,3e5cd1cccde5ce57c9d7b57054306c64e1b44e56e4503af3848f8625cbb46ef3,20,21,79,0,0,0,-0.032345741987228394,-0.06162911653518677,0.34116047620773315,0.23976304531097412,0.9145027995109558,0.7662866456168038,-99.0,-131.75,98.0,73.85714285714286,5,-1,68,-0.12,-0.03300000000000001,2693c3a4e9e1cd94497c328a0f831b5f9b5e688f463449cedd3be453299c2c6f,4ec44c750bdc22d9f62839bc86f52def30a736eb2fc87f2c190b4cc760b29180,targeted,tie,0,True,True
7197f4689d66bf971c3eb5df5359d3c5059f241b2440ee0065105eb03cb77ee2,conv-41,105,7197f4689d66bf971c3eb5df5359d3c5059f241b2440ee0065105eb03cb77ee2,e25d6c68b55bba1207087cac943866a1109e9ebcf3d729e1d073dac443739b15,2d89530d4921321a21882e2c1119e832a495c058f25924d7f714b2a82c25f54d,23,21,78,0,0,0,-0.028627723455429077,-0.0433078408241272,0.3315742611885071,0.20037104513334192,0.8822271227836609,0.802552186307453,-101.0,-126.04347826086956,100.0,79.76190476190476,5,2,5,-0.24,-0.04304347826086957,3d884027b11bb5693383321ad96a7223d78e1fe68c2be5a3e9daf30c97bc1ff4,fcd3c4a77ec0abaec530df898048acaf5ea8709f6f95cd5be43dffd883717c77,targeted,tie,0,True,True
090c638b304eca33e023df2d84b7d9aa1db1483fa84c1dcda9407651b28f9596,conv-41,106,090c638b304eca33e023df2d84b7d9aa1db1483fa84c1dcda9407651b28f9596,44c264729bc57cd079425d6fd998785a4c25c2ac73bf559fd43643d0da8d08b6,b9e3bb21adbcee7839084cb57f7b4b8af1988e34712e454f97a67a18a7a8e09f,14,16,78,0,0,0,-0.022907018661499023,0.0053144097328186035,0.2938652038574219,0.19619735649653844,0.913925051689148,0.8082455843687057,-95.0,-121.57142857142857,203.0,76.625,3,-2,-15,-0.09,-0.04071428571428572,51a61d6ba9ea63725cba397d1854b772c98592406ce731e1f080534e7bf4d8fa,47a19d601c7ce2910c049ce6ad2077914ac78ef2eaf37fc572b5d24eb653457e,targeted,tie,0,True,True
8c86ddf9e0d5ad6ef2cf855032770ae111a42b808ac68cb1a45ee070f7a0ee04,conv-41,107,8c86ddf9e0d5ad6ef2cf855032770ae111a42b808ac68cb1a45ee070f7a0ee04,2a547dc4e37fab400137ebee9cc4cf2ed83df74101414e0c3203b8a18e5daadd,9fa272e2fd12cff9d2fb253be0d9dda1accd6afcb7d5f1df5afa020d74fda950,11,14,84,0,0,0,-0.04523727297782898,-0.029482603073120117,0.37600576877593994,0.21504644372246481,0.9265490174293518,0.7980211675167084,-97.0,-114.18181818181819,116.0,82.57142857142857,2,-3,9,-0.06,-0.038181818181818185,3dd422c28b15bfc7532e5ec1ed43d7bd98d2a59d75d9e84e80e7ec4481683e4a,e4ea13996dd7ac87182eb1d496c61a478b9c784422613ea4cc128e15ad3ba9be,targeted,tie,0,False,False
e4d8cc8a79c374769770e4668744bd7e68a861aec57ee2e478fac10e8958985b,conv-41,108,e4d8cc8a79c374769770e4668744bd7e68a861aec57ee2e478fac10e8958985b,dfb79ac1bc7b54bc0c85c84faa8c43f858d2fe57b4e211ba311dd6b09c03f29d,d4c327b0d153dd99f7a1b8d265bbf207f1afd6188384119a0440ca2d11084f09,12,14,78,0,0,0,-0.0338858962059021,-0.02615109086036682,0.30503392219543457,0.24216667811075845,0.9051892757415771,0.7778198378426688,-92.0,-113.41666666666667,101.0,72.92857142857143,2,-2,23,-0.12,-0.037500000000000006,4a7934decfbe4693843354b50d8dbd3395a6362f3e0d662986b491e915769e84,35841661fd92fdf810dc88c3e4530a9c9ab1b77a076cb1c232cf71a739b741f7,targeted,tie,0,True,True
ea36f652046bb3565721847e337d90c58abf2cdaccf777cb385bce6efb098330,conv-41,109,ea36f652046bb3565721847e337d90c58abf2cdaccf777cb385bce6efb098330,32bd9d25e5dca4586960665242893621b6afb3094d1d483c4b7304bd1cfb451c,1ca1053d4ff74d8c1a63cf23e843b8ad48d6da7fb34f8b86c90e629b25fbd585,9,8,85,0,0,0,-0.026829808950424194,-0.039935797452926636,0.2934039235115051,0.177480591668023,0.8110166192054749,0.761221133172512,-95.0,-117.22222222222223,92.0,73.125,1,1,-27,-0.06,-0.03666666666666666,0f6a656c4dd3a6d4c4aa74e40629357576ea65b5af802261f6b8069a05a870bf,32496e105de9fc213a0b00fb7f932097bce4fc4f9d08ee06c8f9ac6ef0f033cf,targeted,tie,0,True,True
334260606376409cba70dfd2f051461114b34d204f967fc095758567639d1a33,conv-41,110,334260606376409cba70dfd2f051461114b34d204f967fc095758567639d1a33,955146e1954ac9979f970531e9daa8fc4f1fad8eea916b3f5ad92418991bef89,92f37a04ed7876f51f753921c36c3c68437f6a101fbc171e5d88af100c8957b8,9,12,92,0,0,0,-0.03722327947616577,0.07793065905570984,0.35328054428100586,0.26026878092024064,0.885109543800354,0.7936824162801107,-110.0,-127.22222222222223,286.0,103.16666666666667,0,-3,-55,-0.06,-0.04666666666666667,5be306aecff5ccc9b741c7e7c0dffc398351e3df3d221cd179c815ee2daac36a,e9207fb975724077bef2973430c5286133835fc6684cb8b061b1338fd43900ce,targeted,tie,0,True,True
d6262eaec58fb0ff8f353f1f3563321c35925dc837bd3aad2a761493fc4204f6,conv-41,111,d6262eaec58fb0ff8f353f1f3563321c35925dc837bd3aad2a761493fc4204f6,d0f51047be72c7c1a60c7feed6814c269bae7de975e3faeeefece0055bb0b559,e579092fb70e28ba39f87fa6aa9a47f91f16dc6a85458e9de953fa82784f914d,13,12,84,0,0,0,-0.035506606101989746,-0.038022905588150024,0.22581219673156738,0.16188979607362014,0.8610427379608154,0.777914509177208,-97.0,-112.53846153846153,96.0,81.08333333333333,3,1,-38,-0.06,-0.03692307692307692,954a729e44a3de6ab20353a0bfd52a97d9a89029e0ada71346146f442b142c55,ce8b71cf0954f34b0993d5a6cf18fb7bb75bcfaf071d390674f63802c833f5d0,targeted,tie,0,True,True
fc40ee039fb0600ea636fdf23207f852b43e21d1406ca49747c98342a70e8f5f,conv-41,112,fc40ee039fb0600ea636fdf23207f852b43e21d1406ca49747c98342a70e8f5f,eb112e904d5c7c0b01a7899a25053c2f3d40d2c3c3fa7f998236555eb3dd4d96,b2192c0d2100e313823f976b93b712a4416c238d61333d7ba0f9f29251d9a66b,20,26,74,0,0,0,-0.029095828533172607,-0.04234912991523743,0.3172675371170044,0.2274083286523819,0.9145027995109558,0.8007523371623113,-101.0,-127.45,102.0,80.92307692307692,4,-6,70,-0.12,-0.036000000000000004,7b74888385d4318f7cdd5fcf18fb27921ede95b137677aa6e4446d7934ca1dba,103c8231cbcf941ee157c9afe5c78e55dc525148dd1af0fcabbff09dc14fa46e,targeted,tie,0,True,True
a7f04356f4d2726f478f90bfac6a4257601ec54a9ae10025a2899887081ff90e,conv-41,113,a7f04356f4d2726f478f90bfac6a4257601ec54a9ae10025a2899887081ff90e,815e17ea6ff7349538b79a934d27414294e9e96c28e57cbdd56171c876e0c8ae,0421a2774765770f3f9ee790c4e80d6448a985644839cf97f98097996f848c7a,10,13,76,0,0,0,-0.028768450021743774,-0.03522112965583801,0.31934744119644165,0.23170361518859864,0.8610427379608154,0.8118949578358576,-94.0,-123.4,87.0,72.53846153846153,1,-3,-65,-0.06,-0.032999999999999995,5688d1d9e3dfaacf902380b394609b040b826b533cdc91503dbacc66bce2c246,c90edcfc41103925b5686855149a0c04b71ba45f984f775a02333fc1eafd4d98,targeted,tie,0,True,True
c8493e41d502876c99b3ed3ce9db97acb84c5108d73df80d37523bc9faa5974b,conv-41,114,c8493e41d502876c99b3ed3ce9db97acb84c5108d73df80d37523bc9faa5974b,c34782f4a30b533b8e0d08fe672b787f5baacef8f5e73370433eaccc174a8515,b28ac93a9ad41345489d115b49bf80c82417d7bfe971c82875860ccbffa1e580,14,15,79,0,0,0,-0.021643638610839844,-0.09102821350097656,0.4534047245979309,0.20813397850309098,0.8553504347801208,0.7854233225186665,-97.0,-136.85714285714286,116.0,81.13333333333334,3,-1,-76,-0.27,-0.05357142857142859,b84295b60ece1edc0542fc349f3a67ca39a2e0b1d356bdc17a689377141f06ff,55d7fceebf8928d0f23e20e52dcddb562d94b66831c403085c76bd62b8dfd3af,targeted,tie,0,True,True
6575269bbacc369c549ce63f73269aa801d929743c1d42fecb25f1aa7cbbafe8,conv-41,115,6575269bbacc369c549ce63f73269aa801d929743c1d42fecb25f1aa7cbbafe8,2a4f124fd0f313913873da822a228b3d0adb3075b9cd8e22a3a7291804708e7f,aae993f55ae0934e99fc3395f0d62b624d1d329aa82ad0d61ce5b3e291881210,13,14,75,0,0,0,-0.025525331497192383,-0.02635979652404785,0.32151657342910767,0.24093897067583525,0.8446968793869019,0.7381125220230648,-90.0,-108.23076923076923,88.0,69.64285714285714,1,-1,6,-0.18,-0.04615384615384616,ae828f6cfb3bf753e9d1f333795935d8056b1d7fc9908a14a9106751fb08bf18,12129d8902130b5a28a4d16d751148b96cea68ed38becd64800a477fa6d2e1ed,targeted,tie,0,True,True
a990650c43727c7afe609ca4c5a20cab548a5b47d0398c90249fe0128824f73f,conv-41,116,a990650c43727c7afe609ca4c5a20cab548a5b47d0398c90249fe0128824f73f,7d0a2418a9162e43ef5884c3deabab97871e34092b0af8ed2d02c29e17092df7,402aed02d6720c7d825037538b83853f65add5b0bb7462d58b12236a31902662,13,15,80,0,0,0,-0.04330319166183472,-0.03054356575012207,0.3204882740974426,0.221988870547368,0.884310781955719,0.7728133241335551,-98.0,-112.15384615384616,94.0,74.46666666666667,1,-2,69,-0.06,-0.04153846153846154,90d626053cf2bc0a67337fc7e441359538659b1e6d7cade9a19274e971a10ead,a4705d1988f920fa90c2f8851fd8240f88a6eae28be4ad6ee76dabd8e8ffa16b,targeted,tie,0,True,True
bd2d29d150556bda16df9ea36a0337c4c6fe47f873ec5c64d165444edb95d3b3,conv-41,117,bd2d29d150556bda16df9ea36a0337c4c6fe47f873ec5c64d165444edb95d3b3,67a2e891a241ea2baa6ec3dfcf9db75955c77bad6370ee4f92216e131d2598ac,6ba9b4ef38bbdd22cdfb376c03793a50b8454b63605b5f7161ae3004c1f96630,13,15,73,0,0,0,-0.030817419290542603,-0.02861437201499939,0.4563097357749939,0.25975980208470273,0.8519249558448792,0.7503397345542908,-89.0,-108.38461538461539,93.0,74.06666666666666,4,-2,64,-0.06,-0.02538461538461539,bc76f5144509b3b0571b40f1851b25f4ac54d12bfface698d23a4e8c2fa658a5,9ffa085242449988d18e2c145cdb62ca9a269e2e94e23bc6e4ab1f63e3335ecc,targeted,tie,0,True,True
3fe303e90cd83d630e4031e25397a44180d448ed8706ae1d67be9606901d6e21,conv-41,118,3fe303e90cd83d630e4031e25397a44180d448ed8706ae1d67be9606901d6e21,c40f174ade7df38b69b2b10f941a6281a57167036d2925c8fd461c21c7c75bdb,208e2cee2c9bebe78cec6d809258696610565cda7980ef67f1f0143aca16cee8,15,15,71,0,0,0,-0.042946577072143555,-0.08375808596611023,0.3689306378364563,0.2566256324450175,0.8389171361923218,0.7662631034851074,-88.0,-131.26666666666668,86.0,72.93333333333334,5,0,104,-0.24,-0.03400000000000001,d92f9fbdcbf177c769957466731e88da32930795f9498bc4280fc1f75bd6f3d2,24f136c738429f3ef5057eca82540d0eb5901bcf33b965c7fe557047e3720eab,targeted,tie,0,True,True
6dccd037116ea095213736ac037591483ee391460b8eb35d05b195c7f0208ed5,conv-41,119,6dccd037116ea095213736ac037591483ee391460b8eb35d05b195c7f0208ed5,71e9a40dce48e7a419ea6e10d5231aafa832afe64ec7207d3e4f29f8f803cea8,240bf96329a58d23a17c025f3d32d56564a8aeb942563a5768452f3aec0cf442,14,12,88,0,0,0,-0.025299251079559326,-0.04650557041168213,0.2934039235115051,0.19474462951932633,0.884310781955719,0.7760463158289591,-105.0,-137.78571428571428,98.0,85.66666666666667,1,2,100,-0.06,-0.03642857142857143,455a52ad1b469fbf334c134723110e97df123f0560d5ea33f3d78a8eb58d6f72,790e2b3ed219484db6e405156de60661a9d40fe87ff68d291e9f964ea0105087,targeted,tie,0,True,True
9e8da8b16de74c70fc6848ad3b7cccf1d658fe5f2c75f069eb6ac94a5c0bf8fa,conv-41,120,9e8da8b16de74c70fc6848ad3b7cccf1d658fe5f2c75f069eb6ac94a5c0bf8fa,0cba73b36aa4fcac81664ec13b6cc89a788171245e56cee0e7ee5b8eba8e6977,4acc69848f1caeb0d7c2b1b28c8683122fd9ae224bfc962626bf57b0cb59e50b,16,17,76,0,0,0,-0.021493077278137207,-0.031900107860565186,0.34458446502685547,0.2413080707192421,0.9051892757415771,0.7662268841967863,-96.0,-125.125,93.0,72.76470588235294,2,-1,53,-0.06,-0.035625000000000004,5bc367eaaa7bb61a4f410d68d26d34cd59bdbd705bbc41dcb4d57d95386c4d4c,447c16cc4c319f49f5b846f036311137470c84645e72ccb7c40c9f0aa41860fe,targeted,tie,0,True,True
4b0020a59877bca7c7d0a5621e9f132d736f5fddde0cd9a94e37641bddee234b,conv-41,121,4b0020a59877bca7c7d0a5621e9f132d736f5fddde0cd9a94e37641bddee234b,4353999cb324d0a1df2786653b00f49038d67c825e605923f540eb80775188e6,c6726dc9187e5e5bba3866036c816887e66470f6269f49db43bf88eae4fefa4e,13,14,75,0,0,0,-0.01987677812576294,-0.041507840156555176,0.3429783582687378,0.24531754163595346,0.881117582321167,0.7406598201819828,-89.0,-124.23076923076923,84.0,70.07142857142857,1,-1,6,-0.27,-0.0553846153846154,a6854d1746ee25222851a01a93285abbfb39d0514ee85587d22941368c099223,13cfa970babaf48d3fbc42e54bf31464e2659daf3b81ce875bd49694c377b932,targeted,tie,0,True,True
214c70a5b28490c639bec323a158c13d0611f70c90d7613525caacd45e6818c1,conv-41,122,214c70a5b28490c639bec323a158c13d0611f70c90d7613525caacd45e6818c1,a3074311932f9a057259c8811acd221bf05dc7fef3847fdd3294d84d15b29e50,da709fa7d75f215feb9b2ac02443dae3b7317817afd044996b0e54b0279a76a0,19,17,75,0,0,0,-0.021871566772460938,-0.04180705547332764,0.28138065338134766,0.20084983110427856,0.9080305695533752,0.8057352164212395,-94.0,-120.84210526315789,91.0,73.82352941176471,4,2,-47,-0.06,-0.030000000000000002,cf05ff64213e09272cd0e5b7cd6776c449f2965300d00f17a893e654f6319ff2,ffa610b136cbd6747009a4df6842a0665fe7963962041d5c3c7e1447078e345d,targeted,tie,0,True,True
9c7db5a4230ddba75924e38c6610df0834f503139d58c738823e5d2590d20006,conv-41,123,9c7db5a4230ddba75924e38c6610df0834f503139d58c738823e5d2590d20006,9fc22ba147b0e8d56d5d488b6bfdc61d7e5f8e5cc3e909595ba60aef8e067066,cffc1b1bc7e7ae37e413fe0244b8d34ea79596436a3828fc4d86a2f232470f4d,14,15,86,0,0,0,-0.02646610140800476,-0.013383030891418457,0.35328054428100586,0.24431016189711435,0.884310781955719,0.7785002072652181,-101.0,-115.85714285714286,105.0,83.33333333333333,0,-1,-65,-0.06,-0.0492857142857143,74fbd599bce6be2c928b523e49470449db883a0c82d2f8450c1139bd5cc0898a,80f805ee15d76161eaed53eb090eedad90ad76d6fc7ce50ce28d3efcbc6a9fa0,targeted,tie,0,True,True
447613457d44e078f8b0f321a9b98d0ce91163d24341067a25ad4fdf574d2962,conv-41,124,447613457d44e078f8b0f321a9b98d0ce91163d24341067a25ad4fdf574d2962,9e642b97ccbe1bbf48259d2f5d6f93c04d169beab4abee4ccedbce2a3c7e2877,53cf0d5dc2722d90e03ece7af8d97625c5c820f9fa249f9037d9dec9adfa2043,13,11,78,0,0,0,-0.033300697803497314,-0.02594846487045288,0.3169102668762207,0.22633308172225952,0.8534063100814819,0.7802504084327004,-90.0,-107.23076923076923,105.0,75.81818181818181,0,2,-4,-0.12,-0.05076923076923078,84ef28a5108a343b3a3ff3bf27ab5b2deacad234e97573386015853d25b2f24f,599d1e3e1be93c634995da07e1a1843908414342802c402b9d79a0eb3172a1f6,targeted,tie,0,True,True
317e698d19b658b7a5ce7973f4ee813a8ed1de0d3900712c6f1477768f58cd5a,conv-41,125,317e698d19b658b7a5ce7973f4ee813a8ed1de0d3900712c6f1477768f58cd5a,d73866d49f97c312e104db7c6bfc632e4cb821a7d19b4654791cf071989a7b19,ead06dfe9d9670e54fa2d9ca94cbfd612ff7546548d7002dcf9ed4b6e72b33c4,16,20,78,0,0,0,-0.02865225076675415,-0.037794023752212524,0.3469398021697998,0.23992684110999107,0.9145027995109558,0.7872371852397919,-99.0,-128.625,98.0,79.25,2,-4,58,-0.24,-0.048749999999999995,b7e90f46d89e8bccb1cce16cf45690c5a26c021ebc3373d54727e79bbfb93b75,1d88890a2a6de7b35f635deafdd9c5409306980980693717747b3182b7955a5d,targeted,tie,0,True,True
ac9b6212a758378747b1e4f473df11b26d7975f190db53853956f995d2ce9205,conv-41,126,ac9b6212a758378747b1e4f473df11b26d7975f190db53853956f995d2ce9205,6fc252e2402177413471a4051c55f776d92bfa8b878c33f8ffe24c6706ea2dd4,f895f29e0428b24e3cb8f216ba72d5fcbf57f83a4ce9110c0fcf0111818158c4,11,12,76,0,0,0,-0.02410292625427246,-0.019672363996505737,0.3402756452560425,0.25081258470361883,0.8205922842025757,0.7794776757558187,-88.0,-103.9090909090909,89.0,73.58333333333333,2,-1,30,-0.09,-0.03272727272727274,406164621957eae559dfe03d81c3b82784e7e33dafe24a2450952ea16d2881f1,77d833ccb0e9dd675127678e447d2e9fab3da06c90cd04bbd509ce608fd3fb6b,targeted,tie,0,True,True
089be24e56aea7d67eaa85cb60b3fe81040320bdcc071d42551848272fea9942,conv-41,127,089be24e56aea7d67eaa85cb60b3fe81040320bdcc071d42551848272fea9942,eccc8c70ad2a6d16fec4ad183d6b566f37f065b29adba465bbe2c136fd0e37e6,663a6ac19b885f6e693c625023bc4053439f79d33d3bba3deb4785c86d0c928f,11,12,74,0,0,0,-0.02970808744430542,-0.09960970282554626,0.3321164846420288,0.25666333870454267,0.8519249558448792,0.7815481275320053,-95.0,-142.8181818181818,84.0,64.66666666666667,4,-1,-37,-0.18,-0.046363636363636364,2210b772f786d52f146c4a8cf239de8716df204a78df574fa5e5bd38e8bf83ba,c88c5ae414db7c572bcc93b2e2c726debe921cd7f4df02e86b23f85bb563d398,targeted,tie,0,True,True
beb73b1fb56876b258c1dc04292faf5e734db2a3d7ae7dcfcbe1a5bff0dd4a3f,conv-41,128,beb73b1fb56876b258c1dc04292faf5e734db2a3d7ae7dcfcbe1a5bff0dd4a3f,a478ed1e2dba1c5c0c4f16e460070281ee624d5358900b35f0a1455378618ea6,6d4021a45bbb25f37de6e6f52227237b2e2f79daf43d71c6a29d6cf8f1a2e8c9,13,12,79,0,0,0,-0.021122276782989502,-0.02521049976348877,0.27471017837524414,0.19887742629418007,0.884310781955719,0.8024448603391647,-95.0,-110.23076923076923,89.0,76.75,1,1,0,-0.12,-0.04615384615384616,b1e545e542ad874b3564a7412dbfd23eb1856839aacaef6b8fd4c4dea0abd130,c6b5c2fabd423ca721a806150cf0e92675af726302d43a8fda668daa40c4d43c,targeted,loss,-1,True,False
56f85fa195b76b14cb329f19b2277a0a2d2a6988cf6e5211015ea80ed33b3d6a,conv-41,129,56f85fa195b76b14cb329f19b2277a0a2d2a6988cf6e5211015ea80ed33b3d6a,91d02f978912674c8e5b4c01691bccbaefc27e05dd68bc9920d12f0a9a562b83,918092a248aa18f774c41941030541eff4e3e5325b6761e34777d2b7046f4610,14,14,86,0,0,0,-0.04082834720611572,-0.054184675216674805,0.31623297929763794,0.2137580726827894,0.8519249558448792,0.7723235402788434,-101.0,-129.92857142857142,99.0,81.21428571428571,2,0,13,-0.18,-0.042857142857142864,1c5c0dd076e28e81101b18fef840034a172a3780a7010f61f51f6a03d08a282c,2aefc7857c79cf9f642ef3156f96747fbb824935f7969eca2bfe009b77143070,targeted,tie,0,True,True
dd2be85511ff3a29b9154cc481db6d60a3f340d65d8aedc5fb714172176c0b60,conv-41,130,dd2be85511ff3a29b9154cc481db6d60a3f340d65d8aedc5fb714172176c0b60,128ca2b2f59d6cb5fd29129a820eeddfa1b215f5927ead37de51ebb6c708916c,134bb7433a86201efd6bc4bc6b2bb37a3f89ab169b9f41904db4d0ddd159550b,15,14,79,0,0,0,-0.03934338688850403,-0.0371420681476593,0.32545262575149536,0.20929048458735147,0.846674919128418,0.7734333319323403,-99.0,-128.26666666666668,87.0,68.35714285714286,3,1,12,-0.09,-0.034,604b382a0da45c11954c71fb40ddd4510228b7118e916d2cadbc736e07b5f35a,71588e1b5f1ea9df8cf204550283abda9127c8d2d50b0df5a5508e4aaafc7034,targeted,tie,0,True,True
bb9859d900eea954b28a4bf034a202decfa4a102bd8e02cd9d8e3f1c2565daa4,conv-41,131,bb9859d900eea954b28a4bf034a202decfa4a102bd8e02cd9d8e3f1c2565daa4,4502a689443a880008d5702899fc393d6683d1681c84cb1904b9327dee7efb55,8e3e288d0e78387cb75b37dfa199dac061fcb24cf5e33001dbc3cf136d34af3b,14,16,75,0,0,0,-0.029636263847351074,-0.0209120512008667,0.3435993194580078,0.262156469481332,0.9080305695533752,0.8174525648355484,-91.0,-119.64285714285714,114.0,79.0,4,-2,-63,-0.06,-0.025714285714285714,d62bca93ff7c87776e395d7455366fbf1db749dce1ed2dfb3a723362caa27519,d1becc6e35bde4ec07fec0522b371c5deefe93c665b3b590aca6979ed7da2f50,targeted,tie,0,True,True
ccc547f5463a5bed6d6b05532560530e4654745d3604718a12dff0101433e24b,conv-41,132,ccc547f5463a5bed6d6b05532560530e4654745d3604718a12dff0101433e24b,2de7569f7ad349edb390d5ed22c950de5d5f3d68f1e773283034b7d4fca07b10,9ed162778d3a86645a4886522eb8cdb4ae6e0a77ef7ee2a6ccc191bc73d53af1,12,13,72,0,0,0,-0.051545172929763794,-0.058081358671188354,0.37136316299438477,0.25416062275568646,0.8331654667854309,0.7503354503558233,-86.0,-102.08333333333333,84.0,68.07692307692308,2,-1,-21,-0.12,-0.0425,bd6478ce3e8c00f635373de5654890be76bf0a5bb0c674eb38573ca3ebda2442,cfc55a82806ea4f1b035dc44fe96cc190baa3d83d010445479c0b4df50c2c8b1,targeted,tie,0,True,True
84da33d7b029930d4bbf4f96e9b0cd3e27408947682613fa760094e7c790e62b,conv-41,133,84da33d7b029930d4bbf4f96e9b0cd3e27408947682613fa760094e7c790e62b,88f05f99129c6cc1b93a327b7d0b9ad11649860be5b9941a44e34623eea06d87,11acdf6f252ad6298aec95a07d56d7165a060dadc8392e0649f1c047849dca9e,13,15,80,0,0,0,-0.023611456155776978,-0.02118903398513794,0.29032593965530396,0.22018852142187265,0.8862798810005188,0.7729154308636983,-95.0,-109.3076923076923,91.0,74.93333333333334,0,-2,36,-0.12,-0.04615384615384616,858b453cb8aa44d715378ad5072017facdd6c4385bcdabb84701c313be491391,6ca1957d755178c92b51fe9ea74ccaebd3f5979ca91df00eea4b5cd5c558ffd9,targeted,tie,0,True,True
370a454e30810f6e320dca3d4ef83e816a9af79a5aca1dbf7d4019b33c4ce0fc,conv-41,134,370a454e30810f6e320dca3d4ef83e816a9af79a5aca1dbf7d4019b33c4ce0fc,5bc5addf2fbf138465f9dac9449cefd1c90f74a782fd5b2f826f7f703f123640,6bc437ec075247a958e47ad51044644d9541f33b823e70aed021e852f98f9eef,15,16,75,0,0,0,-0.028190016746520996,-0.055512845516204834,0.3428531885147095,0.2507385770479838,0.8573427200317383,0.7828683704137802,-91.0,-122.6,95.0,76.25,3,-1,-67,-0.24,-0.04400000000000001,844db0408d7aa28edc4c2b59d01a9db9cbe2987e0244fdba0f3c3e3d063680ed,ea9c772698c4145a68425b3a0d493e06f2879b88864d9fc727bd8d05362566c6,targeted,tie,0,True,True
cf3e77326c42f36316c9006c186d210c393e952d47ff4b118cfbff6fb5cf5ed5,conv-41,135,cf3e77326c42f36316c9006c186d210c393e952d47ff4b118cfbff6fb5cf5ed5,cb91072f0a33b996418812eca0e731e729767d2a6100c49989d085ea250ded63,c4f4da4b0b357293b8e6b16b4dd3883a63023f05d1043f91e503881a3d0e23df,16,13,78,0,0,0,-0.021018892526626587,-0.03368192911148071,0.25586938858032227,0.197489146143198,0.9208327531814575,0.8150258018420293,-92.0,-108.75,91.0,79.53846153846153,2,3,-95,-0.15,-0.04875,c7acb34275e7aa836fe52f2794afff19d0e499233d297c9367a4759d4ea78e4c,a861b4fe7163506572a02e204a36025ee63f93965a9d8dbe552ef72d56b02373,targeted,tie,0,True,True
a65e1847c662379131d6944399434f89fd2ed836107ff3be166777256f4346e4,conv-41,136,a65e1847c662379131d6944399434f89fd2ed836107ff3be166777256f4346e4,4415ecb380efa637d94ae6eac2327eb4eb81d4f94ef2b99960701f70f705f2e6,5c45f1faa5ec3c2147e31942e30eea5bdddefb85a96f61a126c42e129a3cb4f3,12,14,79,0,0,0,-0.017958104610443115,-0.043790608644485474,0.3458241820335388,0.23358855148156485,0.913925051689148,0.7688333647591727,-93.0,-117.58333333333333,91.0,72.92857142857143,2,-2,-90,-0.06,-0.035,956f0a351bdc18fea75fe7faafda94f1788d8bdaa9629ca1733c461ce1d6dc1a,51427e211c6c5f4da23eec533f52a2d4dfa9ea5a669e3ebd206e08e96f68f06b,targeted,tie,0,True,True
f9cde3b706d7d77b2ef5662163384511e60247a913ba684789480de115e1ef6a,conv-41,137,f9cde3b706d7d77b2ef5662163384511e60247a913ba684789480de115e1ef6a,35058ccc6c7e9ccd993c51655cd0f20487f08247163c149ef25bf0a76dadacbe,08cbef21e0f587faddad60c9a1a02d53ccbfd7a28901d3d8b2b097eef8dfa0d8,11,12,83,0,0,0,-0.024188846349716187,-0.023689627647399902,0.311492383480072,0.18332774530757556,0.8556221723556519,0.7830666502316793,-96.0,-116.36363636363636,98.0,76.83333333333333,2,-1,19,-0.09,-0.035454545454545454,4f8e31dcaefc3c934e771b2ac4cea561b675a06556ea8c98292f560a6ac44a89,f62a65743d1a2305fb7df42eecbd9e654532546ecb66370f2cfde6820bd0a1ba,targeted,tie,0,True,True
f186788d6815692c7c4f06abf312681157ffb4e5cf7569cc5517440e647b8c10,conv-41,138,f186788d6815692c7c4f06abf312681157ffb4e5cf7569cc5517440e647b8c10,efd764b2ea57fb3c6b0d6fe1358a8bdc70a3a600d19237d32af23307fd36fec3,a9c0ed82bb9ed3661e93b8846d58ce724532a3f4354a4ff43ed020f53bc2518a,9,10,80,0,0,0,-0.02061179280281067,-0.030193060636520386,0.32075071334838867,0.20994392368528578,0.9208327531814575,0.8030329883098603,-91.0,-110.55555555555556,88.0,76.3,1,-1,-98,-0.06,-0.04,6985d96286902572e3266d9e8097b60dc94c50d9ab0a32301c39807b01d91962,e9c6f9b2ecb7e95c9deb35145ddb1ec6a824aab624c069604913830f814b0ecc,targeted,tie,0,True,True
bd7d6425e0e4caebca97bec12392c8a72caa35cf44cac26d1afdda9a38ee059d,conv-41,139,bd7d6425e0e4caebca97bec12392c8a72caa35cf44cac26d1afdda9a38ee059d,653578fafe9851c8f62206263e3ca9f84ab3c5915be229db8eb5f97398ecd28f,ccdb3878f387a2a71f4e6dc8c0a094fee4e83b51d305be3c8ca05b29dcc1bec3,16,17,69,0,0,0,-0.047350525856018066,-0.10479772090911865,0.3941572308540344,0.22664831206202507,0.8519249558448792,0.7957013354581945,-87.0,-128.6875,86.0,65.3529411764706,6,-1,3,-0.24,-0.035625000000000004,2b96ef9d564aba43af0eeb5f2c664eda7e5d8487058ba11b1530556bb3968726,f5e4d6497052b2711d50c7f9d896322271e05e86d05b7a75baf773da4d3d2e40,targeted,tie,0,True,True
1e05cfe818d514a4a6af351e9352622b452e32d821891ef28aabf169c7b10ddf,conv-41,140,1e05cfe818d514a4a6af351e9352622b452e32d821891ef28aabf169c7b10ddf,fef03b209077a7ece8cb0e4db1fae70cd26a21f7e4f8068d42dc70253b4ee8fe,8911da6d51942318338448ac157e86cec61ee5f456439757f3445d5a6745b55a,14,13,75,0,0,0,-0.03884458541870117,-0.06978553533554077,0.31307053565979004,0.20768643702779496,0.8525681495666504,0.7688599916604849,-87.0,-112.35714285714286,78.0,61.15384615384615,2,1,-18,-0.06,-0.03428571428571429,12ff873895417b2b8738f301446f00e2af219622d38e45861687a1590889bec0,0b0d042c16185fd6aad5b821e0977dddcbd4118a7f5c36517cbb4bd767dc79db,targeted,tie,0,True,True
0ea604bd64396b7b06b7ae1e32a42085c54528154cb35675794fe70a1bfb9126,conv-41,141,0ea604bd64396b7b06b7ae1e32a42085c54528154cb35675794fe70a1bfb9126,5808719dfdd29034f3205cd176ba6fd3a00e632eddc60fa3eca1e55403513385,9809b27de35920af3d1ef471bb0875d7006587fd13482aefb974ba19571936eb,16,17,69,0,0,0,-0.036937415599823,-0.12306451797485352,0.34773868322372437,0.25639307871460915,0.8858364224433899,0.7681418411871966,-86.0,-116.5,85.0,68.23529411764706,4,-1,65,-0.15,-0.03375,e072a917b5401119f3dc128050485a770577c7b50f931a33f29801f058595c52,f17b583a6ed61ff6135be0bffdc064c86ee7098d1c18035817fd8140318d45e5,targeted,tie,0,True,True
2ea173dee8a6ccba03fc3962d6fb0c4a1b5c2cba07fe3da840b26b9333f3b40a,conv-41,142,2ea173dee8a6ccba03fc3962d6fb0c4a1b5c2cba07fe3da840b26b9333f3b40a,c878d2aaa1d967b7cb5a2322a182d89560d00304d994649edcbbcdeea589f5e8,4c62f1c5fe2efcae088c0ea00283563a0e2b741b1398038e5ddf3b9663ad9080,14,13,74,0,0,0,-0.04333150386810303,-0.03210341930389404,0.4016544818878174,0.2629906492573874,0.9080305695533752,0.7800561281350943,-88.0,-111.57142857142857,86.0,63.38461538461539,2,1,20,-0.06,-0.034285714285714294,5ce987b031ceffbef4e82fe93d8d06b637164c5759c241b70c2bfd7918e3a326,ec1766331344b9718d27aaa9b4bd92c0134850a8151af4cde8f057b5432a7dce,targeted,tie,0,True,True
28d6d618231d39555136c2302a0fac70847d27bc85df49ae2abbe27decce2371,conv-41,143,28d6d618231d39555136c2302a0fac70847d27bc85df49ae2abbe27decce2371,22dd3e4fff1001413bc6d11b11556faa5a2e3fef0bb21e5dabc50848f209ee76,56617a747b8bbc84113101af1b7f8d53fa7b17ed6430ffdf286a068a7f0bd2ab,10,13,84,0,0,0,-0.03138250112533569,-0.0075685977935791016,0.33142203092575073,0.22834398746490478,0.9145027995109558,0.7927796886517451,-97.0,-107.3,100.0,76.92307692307692,0,-3,57,-0.06,-0.045,76689bd66bb41eb3f520ab59664732101aaf3b1495e54340df0e3dec2adc0ffc,b25fdca26aaae3ed8c360611c88bb947eff0ae87e346dc47d95609218b4d0de5,targeted,tie,0,True,True
bddc20340157e3d5153130ad5898d2f69c0f5ac297dfe0c033020dbab6f84d65,conv-41,144,bddc20340157e3d5153130ad5898d2f69c0f5ac297dfe0c033020dbab6f84d65,d6ae0ca0db33fc8d604b154cdd1c8ab30294746d3a6c6797ef4c18bf222eadbf,f0539c88624822ae27b389ebfeb348fd465d3cf51534c680447789a90c19f945,21,22,74,0,0,0,-0.02939385175704956,-0.024368762969970703,0.31037455797195435,0.22506892964953468,0.8238422870635986,0.7552460946819999,-100.0,-124.23809523809524,95.0,74.5,6,-1,-16,-0.06,-0.027142857142857146,9101305a13ff15c7ff886d67c3c346648c6aba6e4ec90ae10a2b472fdd7991b2,e43249bdf842b61de39971e34aae27d98130d377827697e85244079b39165fcc,targeted,tie,0,True,True
88adf32ffb16a5c8290dc0dc95e441e07f4d9d789a651c692beae92159634cb6,conv-41,145,88adf32ffb16a5c8290dc0dc95e441e07f4d9d789a651c692beae92159634cb6,4628e19bac5c272b9bf6f5272836acb5fb19f6a09987557d950bac81b6e5d76d,d3b0db60213a3e416d4d36811b93cb91b1a7c6e6849d6f2ede86b6da808c2b33,13,14,85,0,0,0,-0.029658615589141846,-0.04358869791030884,0.37554895877838135,0.2408310495890104,0.9145027995109558,0.7997006050177983,-101.0,-127.15384615384616,99.0,73.07142857142857,3,-1,0,-0.12,-0.04153846153846154,f848857d4cb60049328de9ac467b8d7b4ca90a22a1cddfc915c6c213c964e218,5a3dc56bf00257d10d87bb0bc03734967e5f1726ff448758dc53fc3766926000,targeted,tie,0,True,True
3bf13956ae8c1f84910f5b624e7c2feb2e2972a35412a58ebfad6f8488f36ec1,conv-41,146,3bf13956ae8c1f84910f5b624e7c2feb2e2972a35412a58ebfad6f8488f36ec1,7466ad28aba706dbb03136f81506b5bd4fbbedd918443d021cd9b3cee7019491,982e9a28948cbee991d9bf8c1664f2061b61e905bbed46e582b378ec3ac36376,18,22,77,0,0,0,-0.031925976276397705,-0.03369343280792236,0.3585307002067566,0.21092810895707872,0.9145027995109558,0.7991485324772921,-101.0,-124.0,98.0,78.72727272727273,4,-4,9,-0.09,-0.035,1b92581f7da6b206bd50389c0a92c6f332aeb24924ece4d4941c952da46001da,e723e30aa3d5c3d8b886ca7c44bd29bf89708c5979b5e0d59a7c1aff62a67d94,targeted,tie,0,True,True
4ac0ae0450b76d42bd3c082c82331a7babbbd33f839a1a394db1634b52dd817f,conv-41,147,4ac0ae0450b76d42bd3c082c82331a7babbbd33f839a1a394db1634b52dd817f,28fd7340e2481aa0378fd9009f15088940922c62a202198444527a369de6e24a,f591b427ad72edf1b9ac32daac864b8fa5933b980ef2bf2013cb6acc0e6e94c8,10,14,89,0,0,0,-0.03871816396713257,-0.032963693141937256,0.3738834857940674,0.22363746166229248,0.9192120432853699,0.8259566809449878,-105.0,-124.2,122.0,83.71428571428571,1,-4,-97,-0.06,-0.041999999999999996,1570ed55c4d52662abd88063612ba29dd837e9c54087d855b6369874db8cc160,f78bc9f8c3c03b6fee90fe179744c065c5f1e9fe2df9f34f519c4952de98bf7b,targeted,tie,0,True,True
2b4886536a86e9d9ce0f88aac21f003656a57829fa0785a200b24debd825f7e8,conv-41,148,2b4886536a86e9d9ce0f88aac21f003656a57829fa0785a200b24debd825f7e8,11a539510b42e56c603454a0d3bf93bf1048b108ed12722e8fddede425cf3419,baaa1d2bb2bab72b94c1ec88c40b7dd08d05c0ac508a2a97a5cd92f66c2ed19c,14,17,84,0,0,0,-0.04399979114532471,-0.04850965738296509,0.3267967700958252,0.23235681653022766,0.9192120432853699,0.8041766285896301,-105.0,-133.14285714285714,100.0,81.0,2,-3,-76,-0.06,-0.03428571428571429,1a87e8b261ff7b06b8dd541a2ad7669f60d31cc5155664d0f57ec40d42eebe07,c7f1f5bdf47f13098d2f4a9c1961da55649587e67ab81b0123206e188b7b58fc,targeted,tie,0,True,True
a4b87c8b4721932d6b7676d7cbbbc2797fbb9c2197200db5093da7c1f8605042,conv-41,149,a4b87c8b4721932d6b7676d7cbbbc2797fbb9c2197200db5093da7c1f8605042,9606a8ced95258600fe79e1fed90efb0cfbb06d19449aca17d74141571c94533,1796606a6e1482a2e1c43c6d4df8d1e0b27763b7309533982b2d3b1595553e0b,17,18,73,0,0,0,-0.025337904691696167,-0.10408765077590942,0.339618444442749,0.2407387284671559,0.8851320743560791,0.803546107477612,-92.0,-130.58823529411765,91.0,74.0,5,-1,44,-0.21,-0.04588235294117647,3670971da03be2d4a8dfb869295c91ae95c9e542e2cb1940890c3e6b53c0255a,fd64797611800438db30180fe5598f97e30faf79b4bec6a21987c3cbd73e06a2,targeted,tie,0,True,True
52828d2cc9aef41462c09330086e63f054dc71862b2cfe224239f8411c975591,conv-41,150,52828d2cc9aef41462c09330086e63f054dc71862b2cfe224239f8411c975591,22cd5d0e8142d768bf01472ee3741d85f91c13c3d44b91c8269360e9b2beaee7,235e855b880a470658c1839bcf3ceb7d3bcfe754032bd74618f6a81b0ad30504,14,14,83,0,0,0,-0.02088099718093872,-0.06074279546737671,0.3335837125778198,0.22317000372069223,0.8717076182365417,0.7660099225384849,-97.0,-127.28571428571429,95.0,80.5,4,0,-11,-0.3,-0.0492857142857143,35e21af4a0f1ed9b75a9cb0c2a3b228af7fad01f8d34d71b7be63089b58bca6a,609058287a25d7a00b30520ee0fe28ab44d61d674bb8ae343518fe25c714f117,targeted,tie,0,True,True
7acca49a1d911de56cb367fdf5ef5744f45bca5796be2000e2571d41488d2ffe,conv-41,151,7acca49a1d911de56cb367fdf5ef5744f45bca5796be2000e2571d41488d2ffe,a51da27b1d481ac074f823358813756b13c51aa083cc6c984daff31af5339d86,55804ffc1dd08d4304ba126db64430f6be606ae2f57314da93ab93e6637c70db,16,15,72,0,0,0,-0.028154373168945312,-0.12249106168746948,0.38278669118881226,0.2084752880036831,0.913925051689148,0.7958706180254619,-87.0,-119.875,86.0,71.8,4,1,73,-0.21,-0.03937499999999999,fef3e92cb81eb3393f5bd6e3767aab8c3ac558f405c5c6cf0d3d026c9f5fac5a,ab1edf871207ff748646071ec91691f140bac6a81d2a3befa8e1375e345364b3,targeted,tie,0,True,True
aaed311fc4b8fb4fff9378505a005b33e5270c745bb42e1dc4d372877f303ade,conv-41,152,aaed311fc4b8fb4fff9378505a005b33e5270c745bb42e1dc4d372877f303ade,b3ffe9bc969ca65335470ceade816fd07bffbc435b3ee96d3fd2237d73d7c518,e86a898339e780d6f5b554d4694b56951e4c107d3619de840fa142c7a48efa37,15,16,85,0,0,0,-0.029088735580444336,-0.034492433071136475,0.3771916627883911,0.2362308700879415,0.8556221723556519,0.7818522229790688,-101.0,-124.33333333333333,96.0,79.9375,1,-1,-67,-0.06,-0.04000000000000001,2f873ae93a4065c7626bb66686865ed5380512eac8178e185cdb39dd3a3b39aa,d944ae74f647c5c2a3ecdf196d99fe4bfefa97a2cd233133cddc30110ca6863b,targeted,tie,0,True,True
48d86258b467529cdbc52d509b14c219ecc1a5215f2fc66334e078fc017d57a4,conv-41,153,48d86258b467529cdbc52d509b14c219ecc1a5215f2fc66334e078fc017d57a4,bad7687762855c8d765e8bdef987fb75a6b0d3564978aa11dee35eb8c84e7feb,c520315dac423191324d9e01b0046e182f61f9076fa2f8a99cded178d2945389,16,15,77,0,0,0,-0.03159523010253906,-0.02645459771156311,0.3709109425544739,0.2301149107515812,0.8521987199783325,0.7724801341692606,-92.0,-106.5625,90.0,75.4,1,1,37,-0.09,-0.045,fb14b320ff7f961f39c0540c45ec7fd6143c82f9d362be404b882fc762664713,e57caa72b0dc04335f6c079d1fe3e70e2ffe69bd94f011d753ecccb2c0339ed7,targeted,tie,0,True,True
76d81e48ba979565fc741d9c7b4645c4a92573f46506cf1d35bae3380f27467c,conv-41,154,76d81e48ba979565fc741d9c7b4645c4a92573f46506cf1d35bae3380f27467c,fd4b68043d1b6fcb54825b60bfb6404d006163fe1400bb0dc52d3482847d8d50,bed562170ccfde6ff701848a2b2aa41bee7d482e33c4c7ac2d2586d6d5803424,11,12,74,0,0,0,-0.04382157325744629,0.04764387011528015,0.34773868322372437,0.22903267361901022,0.8662508130073547,0.7701263775428137,-92.0,-116.63636363636364,228.0,78.08333333333333,2,-1,-88,-0.24,-0.046363636363636364,43181c9e0e61e087f1844007955635e2a580d7b2a4f1265b2cb07674ecc2fe21,2fff8ffaf2293b2731d0857d971b9df97f6e85a59e54d2ea0780edc6aa33e11b,targeted,tie,0,True,True
80f71a2e7eab220151964ff66854a4e6397321667d6223a0374466ac96eb0fb5,conv-41,155,80f71a2e7eab220151964ff66854a4e6397321667d6223a0374466ac96eb0fb5,83b2238ca750a3a65df10a00b568aa1d7111e389675c06b691b6ba0862ae865a,bab4810fe6c51e5f5fb21882e9b80fedd5c49c630dae952ef313c70f038b6348,12,12,75,0,0,0,-0.015924513339996338,-0.06060993671417236,0.3348064422607422,0.2261823962132136,0.9208327531814575,0.8041728983322779,-88.0,-109.75,85.0,74.41666666666667,4,0,67,-0.06,-0.025000000000000005,6e9cb9db497fad635aa4bea49e0842d5d2e19e25ce9187a07f8deba8eb82f622,948b6209f2a6a004655457f3fd76bf51b32582b3b6c206d128c64e2d7be91604,targeted,tie,0,True,True
ab9e4fa6ce2488aff7ea77826862b8c27ba385e46a9b9a7fc501b62ccc8a5210,conv-41,156,ab9e4fa6ce2488aff7ea77826862b8c27ba385e46a9b9a7fc501b62ccc8a5210,be93fcd178cfe422229e7bfb58b7df308410c5dbf758b0dc63b2c8ad3714cb58,1caa5affcad36a45ced69cf06be95d906ba383d69b54ca51d5163c9878a5071c,13,13,85,0,0,0,-0.015900611877441406,-0.03147423267364502,0.3348064422607422,0.2135805350083571,0.885109543800354,0.8063308734160203,-102.0,-119.0,100.0,88.61538461538461,0,0,31,-0.21,-0.06230769230769233,ef357ff73e1b22a58be8d9db6889567f79c19433b565ae18dc6bc2c0b1a0cf00,86f319e2ebb9e3df9b7ba7cf2ef2cd0173e8cbab124785ed6ac882c6b7c8b4fb,targeted,tie,0,True,True
7e0a74e3036d31444548240c4eb79559fa5492b47390a6a89da74883404a775a,conv-41,157,7e0a74e3036d31444548240c4eb79559fa5492b47390a6a89da74883404a775a,b9781052ced76686548887fa07c0ff74822f67ec04165001a54e9c3207e00265,26169851b0c0d412e42e7955b1fa30bc9992714e1ce236322974d254e1ac8f71,12,14,87,0,0,0,-0.030110567808151245,-0.14934131503105164,0.37418633699417114,0.2238344649473826,0.9192120432853699,0.7901322841644287,-103.0,-132.58333333333334,100.0,86.21428571428571,2,-2,5,-0.27,-0.057500000000000016,5c40f50da56d71150d681519a9d5a8b7a532c29471cbbb1af763986947b3d032,471da0b1b9867b5ebd47a4049cc111c7d4d8906ad83de0a290379da6157f7807,targeted,tie,0,True,True
47fe55e2638bde8ad39028b867644b27f14405855efb3f018c055716cbd88d50,conv-41,158,47fe55e2638bde8ad39028b867644b27f14405855efb3f018c055716cbd88d50,7abf12999fd8443fdf1cecbfa0a67e962446293a77530edbd26c7e351bd16c1b,3336a381e1e786bc9beaef77c3944bf6247e5a8d79c2c5f883f2e1de7a7084d5,18,21,82,0,0,0,-0.026800543069839478,-0.03455790877342224,0.3335837125778198,0.20509370499187046,0.8556221723556519,0.7534856228601365,-105.0,-133.11111111111111,102.0,81.57142857142857,2,-3,-43,-0.21,-0.045000000000000005,1f3ee3f34a81eca7572a66bb71b7f4481cd70c330a5a12e865fa6b8fc2b2e7de,13b94f42ae3f6636d231241929632b81c4c7c74eb2385471b3e6860cd9ab7d45,targeted,tie,0,True,True
2c0b5e767159b55d137b32298c18823d8a1c9c030f43b97daf262c6e354bbdca,conv-41,159,2c0b5e767159b55d137b32298c18823d8a1c9c030f43b97daf262c6e354bbdca,f2a8a15601559360f67dca31037bbfb668e56937455a31f532021b775f284a42,08163ee06ea83440d02eeab6316d5f3901e2d0e44a06e8b7da0eb12acc3e1f96,15,14,78,0,0,0,-0.02439594268798828,-0.038963258266448975,0.35328054428100586,0.22158586978912354,0.9208327531814575,0.7645061356680733,-94.0,-119.13333333333334,90.0,72.21428571428571,1,1,-83,-0.06,-0.04000000000000001,536c077c64e2ca53c7ec0ecd286cea51d1e4e0501c1dfccdf948b55a06c9d725,f58eb5601f2ab476bfc5231e10c33791d12a5a4d042ac3b8f13da1fa68b8de9b,targeted,tie,0,True,True
79dcb8f88096c234ddcabea13822d2402fa83f12416a03645fd5998e2db50eed,conv-41,160,79dcb8f88096c234ddcabea13822d2402fa83f12416a03645fd5998e2db50eed,86478e44b9b2da8fd45830bddece3a028f70c17fa932813c873c25ad0b17e025,8643793e15d1c99a42e82901436ed52c3934df7549dee0179b18990f85a1614d,15,16,77,0,0,0,-0.021486788988113403,-0.05501759052276611,0.410707950592041,0.2540663282076518,0.8519249558448792,0.7545271851122379,-93.0,-123.2,90.0,73.5625,2,-1,28,-0.21,-0.04600000000000001,0bcf087c0ef8be688509b681612275eead3b01e80f063f4b650ed1e8ea4080f3,da3566713e89bdebcede4111666c690037e00b7b0ae5ba20c9bc9c65acdfb96a,targeted,tie,0,True,True
3dcf090039608a0272cb5c55f157870353d5bea140fbd2d2c93d707d62f8fea3,conv-41,161,3dcf090039608a0272cb5c55f157870353d5bea140fbd2d2c93d707d62f8fea3,69641394686fd32aea0d03b3889c937f096d7386405106ac4a047f45938cd7e7,84fec792af97ebf018a650545d25df6655ca8a94be18f38ade2023ccad7fb804,13,10,84,0,0,0,-0.015679895877838135,-0.02498212456703186,0.35328054428100586,0.22513385460926935,0.8314201235771179,0.7791366755962372,-95.0,-112.15384615384616,90.0,77.6,0,3,75,-0.12,-0.05769230769230771,a733b6d1016435b34c02fbd860753fffc0e41a55b822a2fc4ef6beff6adf61c2,59141205c3a931bb48f2f6264e0d376f16657447620b90672c57e75eb3bc39a4,targeted,tie,0,True,True
0f9d6eb4b12276cd043001c4c68bf1971a2f6b416515f34f8b057cbdf5872711,conv-41,162,0f9d6eb4b12276cd043001c4c68bf1971a2f6b416515f34f8b057cbdf5872711,0e480ce7027640e83fcf6af27de9797efb40ab935cf763cde09e33dc9abfe8c6,0e5ad4a973a755e7b0732e90d4ea8b82b43d40b817aba5a57c4295cdfd893e87,14,16,82,0,0,0,-0.028357774019241333,-0.10502922534942627,0.32893991470336914,0.24626711862427847,0.8442648649215698,0.7628846056759357,-102.0,-141.0,98.0,80.0625,2,-2,20,-0.3,-0.055714285714285716,0d712678dbafc8dcca620cc27e76837b565e64105b8ed97dd99694d8a4997d08,2541723478d6dd1c6976f3a6b8ed23ca93e5fe2a85f545fe6fca32ed1ca7db29,targeted,tie,0,True,True
9950e2945f0815c2ee0bebe4b87e404600cb810283ff2f640dd589c6bdf192c6,conv-41,163,9950e2945f0815c2ee0bebe4b87e404600cb810283ff2f640dd589c6bdf192c6,a186354e8040101aa9ef4b63c07dbf7dd59e4dc3a425315707f9eb0576aa06db,e15b11dd82220d5a0569817205d1cf40a7d20143d16f747fd3aa9d206e3aee70,9,10,78,0,0,0,-0.03234562277793884,-0.03455817699432373,0.3199586868286133,0.2230314016342163,0.8208998441696167,0.7777624666690827,-88.0,-100.77777777777777,86.0,69.6,1,-1,-81,-0.06,-0.03666666666666666,76457879964b6b3f5c36884a8fbe5d22104c0f1275decbe6e1e80fb061fdedb1,09ff6774c4f5655ed95f9af61b82f95404a209dbbfd48f5c9133cf3e4c974b67,targeted,tie,0,True,True
b9819382d18073f4b40d832fa620c594911d29dcf9757310a69af465e034ed68,conv-41,164,b9819382d18073f4b40d832fa620c594911d29dcf9757310a69af465e034ed68,df30512be989c27946b98c697d30facb1d5967c1bc265386ae6ec1b19239c1ec,5d664c03d83ce246d65beb73d75f816bdbe21c188708cfe434574e2e3a6e3d5a,14,16,76,0,0,0,-0.028764456510543823,0.03811168670654297,0.34458446502685547,0.23519726736204966,0.8323320746421814,0.7543114200234413,-98.0,-128.57142857142858,251.0,87.625,4,-2,-13,-0.18,-0.038571428571428576,9c6a4a501dfd293ab8c57f679663b811850b7a92906d3f1fb3f0d012b95e469b,951586073ee516dfa1cadc7be4db1c217d845d750c66765c9b6a7b1a70cd50db,targeted,tie,0,False,False
a503d9dee069cd6e3ebb79c2264292268a1e1b4cc1ef450a08f5425036c8f0b6,conv-41,165,a503d9dee069cd6e3ebb79c2264292268a1e1b4cc1ef450a08f5425036c8f0b6,18a18c9da22f62232cc0858d4adf3bba3f796e7a07da50a420b564ab87ceb3ac,cd54c167c08e4d6b5f1f2b4746a273a84ef0e9a7d67f0c3384b2cc9f8deb8412,18,17,77,0,0,0,-0.020664215087890625,-0.033028483390808105,0.31621408462524414,0.2005315124988556,0.9208327531814575,0.7766658383257249,-95.0,-118.72222222222223,93.0,77.76470588235294,2,1,75,-0.09,-0.041666666666666664,43b124d25ed567d81c8eac80e6ed3492d0818a3679d25e2f69ec1ddab6c80f57,f5677711077949205bf59316e79ca3ffef70163c8be07a096d3dcd1520d24085,targeted,tie,0,True,True
19c5cf71126b841de726303db58448af7869f8d21f1c35327852c0eea27eb5f8,conv-41,166,19c5cf71126b841de726303db58448af7869f8d21f1c35327852c0eea27eb5f8,fc39008b813065d7472d32c43eb5aba51587aefa4cd026e1e7933c11cbe9b873,ab130a437ef0a25342e151f986c6c74154dfbba9fa667f32a21df7822acee7b6,13,16,77,0,0,0,-0.018588483333587646,-0.09097373485565186,0.3386632204055786,0.25924402933854324,0.8435915112495422,0.7772424258291721,-95.0,-135.23076923076923,92.0,74.5625,1,-3,-58,-0.21,-0.04615384615384617,70fa95f6b7032254e8b17ee81605dfcf53d98574ff7e984f89fcf2ed402cf542,db4f0cdc6c8c697934c1c74519041332a0a43e716a86aa3251ab7c2271ad1e11,targeted,tie,0,True,True
87c7e3d8ac26bc96b2dbd102c684c7d64b38501ec3db87defe53fc9053d308a7,conv-41,167,87c7e3d8ac26bc96b2dbd102c684c7d64b38501ec3db87defe53fc9053d308a7,f48f37b7c23c391483860bd0db010870980169333447dbe0cd1fb76190fa9253,df968bd64c8b4723c934a7f44c99a1d614c74754fdba4c1d1b82dd768c5b714c,17,16,80,0,0,0,-0.021647870540618896,-0.03878527879714966,0.37418633699417114,0.2330286888515248,0.9145027995109558,0.7722722217440605,-98.0,-114.94117647058823,96.0,81.25,0,1,-29,-0.18,-0.05647058823529411,f24a2552e43ae7f7c6428f38575b3d5721f8e9197d6a4fa596cf13c6f668614a,e34f38cf46089d8a45e98e1a5cffd655de13881d3ff508f4bd0ac7ddabc6299a,targeted,tie,0,True,True
91ac5774babcd097ec0d85f82c348e464bb7082b4978bedb8b40e0a4d32f287c,conv-41,168,91ac5774babcd097ec0d85f82c348e464bb7082b4978bedb8b40e0a4d32f287c,b865628f31ac43768149a37095510702f9aae38126c13725ac9179ebfedde221,b7c2fa4f79451f8d6f4e8b263d321a6e4987acf9729bf2cb2562d40a2dafebcf,19,17,69,0,0,0,-0.02770167589187622,-0.06856504082679749,0.40304744243621826,0.22852348340185066,0.8858364224433899,0.7872326654546401,-86.0,-122.73684210526316,85.0,70.17647058823529,4,2,72,-0.09,-0.03631578947368421,fea0464841d7f35ebdadf47e2bbdf2ba5f568c45aed7c10022590698c692c89f,5b8e73ecc4f8d72b09c9f87da88a1656bb31a9b21f76aa552c8bcd3ac27766da,targeted,tie,0,True,True
391de533d5f99e4994b232abc38b043c5c093d07e28ed31aae949dc9a3ad444c,conv-41,169,391de533d5f99e4994b232abc38b043c5c093d07e28ed31aae949dc9a3ad444c,2c8510d504d7ed5357ac5d3503a9ad140de60d34a2c29c5f2d6b0feadca270b7,ff7ff5a4647ebc11f38911976bb4a7ee56e5617f12c83273a47a96bbf0de68d7,11,12,80,0,0,0,-0.03904777765274048,-0.02593901753425598,0.3402756452560425,0.20130593668330798,0.8265037536621094,0.7765018989642462,-92.0,-121.72727272727273,93.0,75.33333333333333,2,-1,24,-0.24,-0.05727272727272728,b405ac7fad1a46af53fbd71980011c072bef89d14bc20fa3d13655690c2c0b83,6ac3476142cb214fb975469a74c664c339cdd81e974a65b15f65e05be86893ce,targeted,tie,0,True,True
df165ea3964059246b583f0beb5f0ac3afdffefaf3858415a5c352de8ccb4dd9,conv-41,170,df165ea3964059246b583f0beb5f0ac3afdffefaf3858415a5c352de8ccb4dd9,166de2ccea980861c11b48b898779495938927a706ea785bc9b860b7f8193228,3bb9541be489f3cf03aec82585f7095acaa0f976aab5390f85a7329da6b7b590,18,18,80,0,0,0,-0.028856247663497925,-0.0443568229675293,0.3169102668762207,0.23901037706269157,0.9192120432853699,0.777939518292745,-101.0,-124.83333333333333,97.0,79.0,1,0,-95,-0.06,-0.041666666666666664,a720edd5fafc82e1e204fcd796359548362934cb2cc65d6c501119c950d799a4,5af3611acf01427259c1c1464d5a25360a67aed0ce255728e6385b6fbac275e3,targeted,tie,0,True,True
0cd91cbf6e41f053a9741ccf87f9acd675315c1fbe3b0675369036949e5d5950,conv-41,171,0cd91cbf6e41f053a9741ccf87f9acd675315c1fbe3b0675369036949e5d5950,fa05feab89b9e8cf87e089a2f3d064b30283a4fdd4132d16e282905d69f1b767,458015e6c243085d88dcb249aca0c47fffa49fbab1c85730ff1f2b692fe8691c,13,17,82,0,0,0,-0.026636511087417603,-0.03294020891189575,0.2494267225265503,0.20056364627984855,0.9192120432853699,0.7861137039521161,-99.0,-118.23076923076923,101.0,82.88235294117646,2,-4,-2,-0.06,-0.030000000000000002,da6e5c88bd91060affe76e0d39a4da54e534882f91513f02e57e1e4eea7b560c,62ff72e4cf7e5b5985aa8bde340b7a71d29390f70d9bff64819f02af060e1331,targeted,tie,0,True,True
39238f16e0b2c3e8ad425a8749c046c84aa5eb97c541b44599f1f29f925345c5,conv-41,172,39238f16e0b2c3e8ad425a8749c046c84aa5eb97c541b44599f1f29f925345c5,97135ce84630953c530fe57655380dbce7167b425a9f2b61d874e977b95b5825,ba3f85bd22b43551a8e1514ba804bda3d6cb37d5e89717d82dd4aab0b75aed91,16,14,80,0,0,0,-0.03384140133857727,-0.03990989923477173,0.34992390871047974,0.22753414139151573,0.8517610430717468,0.7855509987899235,-97.0,-124.5,94.0,74.07142857142857,3,2,-87,-0.06,-0.031875,425cfd4098acbcfbe34bf2261fa6549fe1ecc5fe7a53e0780cccbcddabfa17d7,cf4ba1d522196def803495a91222aa236adc2e579b38790ad6e865f2fa957125,targeted,tie,0,True,True
f44911aba9e6fa8cb9947a0bb4a54a212b76c8b20ae84d501ec922d6dfec1a89,conv-41,173,f44911aba9e6fa8cb9947a0bb4a54a212b76c8b20ae84d501ec922d6dfec1a89,dc81a2f6dad759e3e85ee45d22cfecb1720801a508304c2cec7b8901b0296662,ed6f326cab292342f9efb7633befa7428d8f081c8edec699d1bace5e8ff56fcb,13,12,79,0,0,0,-0.03044140338897705,-0.03553742170333862,0.35328054428100586,0.2570843192247244,0.9051892757415771,0.7678550134102503,-94.0,-116.53846153846153,89.0,74.25,1,1,19,-0.15,-0.050769230769230775,386f07d456508f3454e94ca12adb2aed5f0d543a45b70821c49f1a891bc1e46f,e89e0b139739156ef1bdb66fc8e6f6e3c351de29bbd4c5cc53cc65b324b922be,targeted,tie,0,True,True
ab6329eee7dc11e9e083bcdd0bd598be5c016537e0d779141321b80d0ee9fdb4,conv-41,174,ab6329eee7dc11e9e083bcdd0bd598be5c016537e0d779141321b80d0ee9fdb4,9bf6502b927d94997617cb6ad1e82ed15aa3b3fef7e22ea6846d0d7a99ddcc3c,bcf01b6208bbc2a63f36eb035b84546454c82778b580d8e2395c4f8b9ab75850,15,14,83,0,0,0,-0.022282779216766357,-0.07226067781448364,0.3359642028808594,0.2224314570426941,0.878171443939209,0.7799922866480691,-103.0,-139.93333333333334,97.0,86.21428571428571,3,1,85,-0.27,-0.048,2d37977f7edc43555a40a46e82c1e46a985e4feac6ef16b44dfc24f8b39b2c7a,d75b12e2e8e843ceccc575b4aa9ce658182960f06d3d2cd9d4d70b7172eaeb2a,targeted,tie,0,True,True
f9190c7b509c9bc2dea07baceb0aac20a69d43081098d60f72ff58c52255a248,conv-41,175,f9190c7b509c9bc2dea07baceb0aac20a69d43081098d60f72ff58c52255a248,63db3a5620fa1add67dc9e916169609d39e6aeaba1139e06245d0bbc4f5702a3,56598eb7049defc4db8b5172dd4e48553fb5f9ecd36872b5aecfe11922bb12cf,13,14,85,0,0,0,-0.01630982756614685,-0.03233245015144348,0.33847516775131226,0.2345563769340515,0.8442648649215698,0.7777454257011414,-100.0,-115.0,99.0,88.64285714285714,2,-1,130,-0.06,-0.03923076923076923,deb319cdfa720c9d252c5465f4a89184747ba61746b46f6ee369a4d6e01202b2,8130a0eda29dd2061db47780ff1d5b16434e33835c71e091b4c38f17ef399659,targeted,tie,0,True,True
3250d1f07120e74977163eba19a7fb3b45b98c795b6a28ff82b3d8d180b45486,conv-41,176,3250d1f07120e74977163eba19a7fb3b45b98c795b6a28ff82b3d8d180b45486,05fe9d26f81198d4090e9af3a15256184b47995930104e946f8819208083de6b,a00456815dfa0dc5c40d9fe8df025f049d7b8e14066108cd216b9e91a81b4de4,12,13,75,0,0,0,-0.021801739931106567,-0.03514128923416138,0.315356969833374,0.22738362848758698,0.8149797916412354,0.7551869337375348,-89.0,-104.16666666666667,88.0,73.15384615384616,3,-1,-13,-0.09,-0.035,0ec54f3a06fd79fb0add4f940b8652bf92930cf3adceff2c7f2f6d0335af524a,2864cea208461d8c3f8e9c7d54290bce675002d63718543ea989a2c708fe2a46,targeted,tie,0,True,True
108f9cf8aa945a08c4a18855ee6a4ddaa4e76015e6ea6c637d32c010788a9bc7,conv-41,177,108f9cf8aa945a08c4a18855ee6a4ddaa4e76015e6ea6c637d32c010788a9bc7,0e2afecd5edff9bf7a285f7c9f1bfc6de068cfebcc60bac79d1c87b9fec358fe,e8ac55d0eefcfda81caf0554718779c3cb1a7f6bec3a2927ee17d0e81a5ce8d7,17,20,72,0,0,0,-0.02427464723587036,-0.0775081217288971,0.339618444442749,0.23104705880669987,0.9145027995109558,0.7775173753499984,-93.0,-123.17647058823529,92.0,74.3,3,-3,-45,-0.21,-0.0388235294117647,bcdf3968c8368ad332cdb696ec6d703bdd366aea53702734e08ba394fc2d9edc,e2d8a5f60985a5ce49dadefd28c8455bb75d289298407fa2d522b269de1442a1,targeted,tie,0,True,True
acda4ccb0360758142d92060573cc22103025ae8a1dddf98442265229c8bcb12,conv-41,178,acda4ccb0360758142d92060573cc22103025ae8a1dddf98442265229c8bcb12,9b5213ffe0c496a0387980bd1904fa0929be03ebcf5395975b562fd1bf02263f,b437b3860be456523b1a072bdd8687a74b032bf996e5cffed171b84e4642cb78,12,13,73,0,0,0,-0.03839573264122009,-0.03205609321594238,0.3348064422607422,0.23642726242542267,0.9080305695533752,0.7992021716558017,-86.0,-104.66666666666667,87.0,67.3076923076923,3,-1,-45,-0.06,-0.0325,96f415aea72aff09c8c2a31b5a8d4be6ccd8b5ea1d3d0e8e28185002165792bd,17dcf903d361895cbdf57e36131ef573f685a3c76ae9107d8d91f7ee2a1ab2ed,targeted,tie,0,True,True
d21911a7372602a176d4df81956c20e4b6e9e4801023ff1ca6e14c72058ec46d,conv-41,179,d21911a7372602a176d4df81956c20e4b6e9e4801023ff1ca6e14c72058ec46d,4e3a763fe3b84e2c7cc5560ae05da3b1bce4bf778506f7026f80f7af831e1a05,13f88ca8c41b59315560941295b01444c2643069688e4a83196e2d182872bd81,10,13,75,0,0,0,-0.02148178219795227,-0.07708308100700378,0.3232916593551636,0.22677131295204161,0.8662508130073547,0.7794688985897944,-88.0,-126.2,100.0,72.53846153846153,1,-3,-2,-0.21,-0.06000000000000001,e8ac473c2552deec0e3b2e2ba081acda38d95f2df6e07cf76b49f316960a7dd8,6e2b5bdae7d20b17e0007690b7986596f1803b0e9c8ce6ce506d2cf521fad047,targeted,tie,0,True,True
0af87a43fe186052612be06cdbe39aa243763bef96230351127eb4102c0c5880,conv-41,180,0af87a43fe186052612be06cdbe39aa243763bef96230351127eb4102c0c5880,9630dc10ddfe93d4a93168d596ec273745a784a0c218da84209c443a73a0af32,47ffcfb817bc178c32084d7c97395715aaa00eeba45207e0a436c87063755a10,14,18,78,0,0,0,-0.025411486625671387,-0.02475401759147644,0.3485097885131836,0.23294337732451303,0.8990553617477417,0.7938274674945407,-96.0,-116.64285714285714,89.0,68.27777777777777,1,-4,15,-0.27,-0.05357142857142859,f0901fd845d598a9a2576b6afc3e5ac69f4058a235d8c9993f5d3471be855c17,78ea29cc2f1d8ca209c0a27a6135a9c26672b097c664449237cfdf9a0d1cf6ee,targeted,tie,0,True,True
cd0e7d8416fec087e299d2f08a04d50d19fabee906b6b47f821d33525073ef69,conv-41,181,cd0e7d8416fec087e299d2f08a04d50d19fabee906b6b47f821d33525073ef69,d30489eb79146e9483df497bbdd3751ca6794eff08f62d46429b6cc092bfa603,8afe804040cf5bb1f6d3a5372edfc6e970186e6999f5251a452726c35765f778,14,15,75,0,0,0,-0.01846376061439514,0.016613364219665527,0.3069142699241638,0.2303037771156856,0.8678268194198608,0.7810180862744649,-90.0,-107.5,210.0,83.6,2,-1,-89,-0.12,-0.042857142857142864,70588b7ccfe6e35bed12f5c0613ceb3fdb8950468d3f3b63b7d30d8688782076,9a9b726b6ad316b20ff7af5356b62b54c70f66ac8ac20b26ddbffbd17591e84e,targeted,tie,0,True,True
2fe321024ac801b9f95c4ad2011801c70bb805e222f9bf01586444e12ed2a013,conv-41,182,2fe321024ac801b9f95c4ad2011801c70bb805e222f9bf01586444e12ed2a013,e2126f1c851b65205fab67077daf1851d25e225a86a64f9df4e9715b90fb77a4,699efede33fdc0436c57779169973461d17410b4bc38902ef750d4ca93275a3f,10,9,78,0,0,0,-0.02463182806968689,-0.0165596604347229,0.3124377131462097,0.2343592882156372,0.885109543800354,0.795973711543613,-87.0,-97.0,78.0,65.11111111111111,1,1,30,-0.09,-0.048,1097b5b3e426b9e4489841fb10cc5a032d318d7a5f70706cbfea495216f73d87,564cd7180677481260cc9a645501b5206191e9d937286b426d31223b7324b958,targeted,tie,0,True,True
1b24064fd3ef67c9d857449e5982e3daaa7eb4c3c8f1c83f9c9b76f0079e2765,conv-41,183,1b24064fd3ef67c9d857449e5982e3daaa7eb4c3c8f1c83f9c9b76f0079e2765,075ee82342e1a7a8e04ea09ecdb8ff65a4a2bf28e4a3cf833dc76834b93eca0c,7f44ab8fac71d726fe3f63806eef2324ad3fa5656f1ce5f9e984fe67ebc5dcce,17,16,75,0,0,0,-0.019761711359024048,-0.023322969675064087,0.3634786605834961,0.2279067074551302,0.9265490174293518,0.7513650096952915,-91.0,-110.6470588235294,106.0,76.6875,1,1,-42,-0.06,-0.042352941176470586,d01af9d24d967a55b000f5742462f5cfac03fefb77ffb7e5df954438fc3d1daa,bb2516852b229ddea0334d69abf7f8f6e96619bfe529ab49a5b9c6c5c39adc21,targeted,tie,0,True,True
c224c05a01067df603af67ce2e65ee8d4595602342fbc31ca4c880c508ab939d,conv-41,184,c224c05a01067df603af67ce2e65ee8d4595602342fbc31ca4c880c508ab939d,f877d1307ae371914a77e26e40e5d38c231b91652462c024f4a0a3a58317a0e6,fa4cb2abd29a4e2a03a9e1e8321c1f76d7bbb8f1c53181f0929549d502f92fd0,16,16,78,0,0,0,-0.022624284029006958,-0.03382301330566406,0.2616051435470581,0.2039276920258999,0.9208327531814575,0.8072436340153217,-96.0,-118.375,93.0,78.75,1,0,38,-0.09,-0.045,bd9d53104b0f2f294a88f58d1eba886e489bd6be940cd453c03ba8f8f1bbf00e,d98e215cd2c64ac17afd58818d869d31a90057b694ca8c89ede1231e3c8be630,targeted,tie,0,True,True
54671c3fac1d2dd7240752c75621cd79005e8110829293a94c9aa87b0e089c3f,conv-41,185,54671c3fac1d2dd7240752c75621cd79005e8110829293a94c9aa87b0e089c3f,89066ed258ee7bd11eca8fa9fad5bb450350d306b93742d610e3a11dc67bde33,6893390b960441d4fa807599cd54ef08a18f84548d8afbb1edeb4bd67248cb53,12,12,85,0,0,0,-0.025981426239013672,-0.018891513347625732,0.34898900985717773,0.2263835867245992,0.9080305695533752,0.7879611055056254,-99.0,-107.41666666666667,97.0,83.5,1,0,106,-0.09,-0.045000000000000005,dae3baaa75e838b94081ce10c8efb2738001d431dad1e32e864eb3773ba75567,92baa941d84ed32d36286f115f94d789c258d57950e69396b8d5463abd381195,targeted,tie,0,True,True
0c97f60c83b4334bfe74ac90f317ad49e0d7442958d512615afe1fc694774747,conv-41,186,0c97f60c83b4334bfe74ac90f317ad49e0d7442958d512615afe1fc694774747,33f37064afb7fcd4fda3ebdb93422045b33863fafc3d9770cd20391b29b50bea,e05e14e2440a2035e1780db21f5bc7009f40bfe045dc061554461c1e72707aa5,17,16,71,0,0,0,-0.05121588706970215,-0.05570235848426819,0.2837878465652466,0.19395022181903615,0.9080305695533752,0.7976402044296265,-88.0,-112.82352941176471,86.0,63.375,3,1,12,-0.09,-0.033529411764705884,c99ccfb5c495f3e0781d231475926ca9326e3a9eb267a45d12e6eb584103165b,e64896fa77dd363b65c3d1fb81b9cc23a939eeff70e51c3c10551a3a3c7da55f,targeted,tie,0,True,True
b0aa5a8a0d2792037177b03bc55830e1345291f12efc62ac2047dd1de82f1f01,conv-41,187,b0aa5a8a0d2792037177b03bc55830e1345291f12efc62ac2047dd1de82f1f01,d86d6052e82c09b27e1eca1eafe3fb7ac02a745231815689af8c0a4e945f91fc,18137b2f16ba317bc401f4d6e57bd8d0143cd4c0825dee6f3d1a9c43f908f010,8,10,76,0,0,0,-0.039767444133758545,-0.028742730617523193,0.3469398021697998,0.25733107328414917,0.8696361184120178,0.7887775838375092,-86.0,-112.625,131.0,71.1,2,-2,-71,-0.06,-0.03,9bdb58cacbe123fc8477bd8dad46d6859873eadf2b3108070c8407488145abca,03331f7a2b460ed516b17650e30d791e11e1f79bc42774fe8066d47e526bc38a,targeted,tie,0,True,True
54b4eeac34598aac519dc64de18e2ae795c6653a7d2bf818a8c5d13b093bebb9,conv-41,188,54b4eeac34598aac519dc64de18e2ae795c6653a7d2bf818a8c5d13b093bebb9,62765732d910ea97cc13c240a67b7cd809161dd4447c16baed93e0694bdb616e,ccdac6e5312e80ca0531410738f4c5445d323d06bf97199c921293fa9a855b0e,12,11,76,0,0,0,-0.03431236743927002,-0.08086702227592468,0.3029173016548157,0.24057932694753012,0.8628814220428467,0.7764181223782626,-94.0,-132.0,82.0,67.0,2,1,89,-0.12,-0.037500000000000006,14d6db8eb4426e84c82cbb5d3f7657258779ab1c3459fbf2df77cf66b0dbdc07,1893a3b5a4645e8012d265842536bcba752f493e6422355e8484b214f5a816f4,targeted,tie,0,True,True
f5d3eb71d3e6603f0aa4828e71b48561a6d6e018c57d9a776c169c45f77f0d07,conv-41,189,f5d3eb71d3e6603f0aa4828e71b48561a6d6e018c57d9a776c169c45f77f0d07,6c4e327c9c6c7e2dcc1a505c02b443b8b7f2266c62b7685c68dd284d047d70b7,5696b9677a6962cdcbc4671f8e2fa7d381f9de10d233e3d71ea0a0f0cdd89727,19,18,79,0,0,0,-0.022449612617492676,-0.03540080785751343,0.36020147800445557,0.2148262858390808,0.8717076182365417,0.7695516149202982,-98.0,-120.3157894736842,96.0,78.94444444444444,3,1,-29,-0.09,-0.03631578947368421,28986d1c91b557ad4641b447e028a1ea6a26eb55d9c69dae775b6fe737831a78,6e9b57a219d811b3bd26e3138da58ba29ad59e73024226e9e822d0736a8f73c3,targeted,tie,0,True,True
2001bcd42feceb4dc82d5066c09c989dfeadcf4bab9f320b5759a249c86fd4c1,conv-41,190,2001bcd42feceb4dc82d5066c09c989dfeadcf4bab9f320b5759a249c86fd4c1,fd21c8748d5fa08046f8d5b4890d62c501c83b276e9442cc688e96d40e87d499,320701b4fef3f4c55872b88e48d58dfdddef255f78ff500f82b99a71a5261271,15,18,83,0,0,0,-0.020426452159881592,-0.04232132434844971,0.3279266357421875,0.22067594528198242,0.9192120432853699,0.8076555066638522,-101.0,-125.53333333333333,111.0,88.33333333333333,1,-3,-83,-0.06,-0.04400000000000001,2975a3396b7dd430df3ef55400207a44a4aec6406161a6c8300ad2f36d587271,e62ddc5c742685850e4406344887356154074aadad7f92de9056e67625441361,targeted,tie,0,True,True
0f3b5ed112cdc9137f21a8c5b665a80d5aebf7a0bc2ffda6d96a15cabc3d3ee1,conv-41,191,0f3b5ed112cdc9137f21a8c5b665a80d5aebf7a0bc2ffda6d96a15cabc3d3ee1,7da16014d1e5dec95cf09840523915370b44e9e4c2ed0e07f07e824be0e31888,792bc43b42e3520ef0beb8c048d1f9c7ca4b8dc4b4cccc25ae07cf728e4af548,13,16,88,0,0,0,-0.03192871809005737,-0.03406202793121338,0.37418633699417114,0.22811279847071722,0.9192120432853699,0.7958058379590511,-105.0,-123.07692307692308,104.0,87.5625,1,-3,99,-0.06,-0.04384615384615384,4801c349ac7695261ec54b7eee765ddd43f29326e72c3993dc1fb5af1de1ecd5,9ff38e2c8c7b93f17ee358494c6b5f3c2a20e00d9f007088b77bfa5d91c39827,targeted,tie,0,True,True
4582453f019583e696056abd180f9f8273dbf045c8229b39ef96509f1dd45db7,conv-41,192,4582453f019583e696056abd180f9f8273dbf045c8229b39ef96509f1dd45db7,3d91cfb8623a16b5deacc897821646d9bed003208f8486ae53b49fc1d50eaacb,a5bd8f58b16c7972ec71cc670953cbb7609f222929f55261830d9e49cf74cfda,16,18,84,0,0,0,-0.039722561836242676,-0.03550717234611511,0.281643271446228,0.21163755282759666,0.8519249558448792,0.7803363965617286,-102.0,-126.0625,99.0,81.83333333333333,3,-2,-21,-0.06,-0.031875,046be73c80a11e8dce6b11c4d109649e88fefcefb88aa07cdc81640f55929f61,606355fb6187a5cef385778f9f47a7425e01a76c69bb252c2d0cb8a82d300ab4,targeted,tie,0,True,True
b65343a90479a4ebba61397c9743969053743f6d4b93e1627374c1c48536e578,conv-42,0,b65343a90479a4ebba61397c9743969053743f6d4b93e1627374c1c48536e578,4bd71207485e79cc6460c2304f150d9b7a86b825a7c35908a164bfe80891df8f,b97996b6017c2bb194fe67e4e6b7d09307eacf7d65e693be4e7ff56b51c984ff,14,15,106,0,0,0,-0.027735590934753418,-0.039821624755859375,0.26193368434906006,0.21764991113117763,0.8547317981719971,0.8018741051355998,-124.0,-142.64285714285714,119.0,105.0,0,-1,-14,-0.09,-0.06642857142857143,ee01995c1b6cbdbba001d03c049c1248cd1a924f616dfc95322b3715197916db,66ff57732c8bc9292ab0de307b8a7bd7598b1f730125711f91b1d8eb255668e9,targeted,tie,0,False,False
de82087bab1564f73dd6bb3cee3faf9849d171a4b4ddaee02f6e139dbab8ef79,conv-42,1,de82087bab1564f73dd6bb3cee3faf9849d171a4b4ddaee02f6e139dbab8ef79,884325a2338b8ade3a2908da495dd11a243e36d5bad4079509464872e5c7edf8,e7f2e7a1e107dbd914b3f914af227eb99c0cdac151ed3d466fe516011c2705da,13,17,103,0,0,0,-0.03357166051864624,-0.011354982852935791,0.26914626359939575,0.22016263466614944,0.9223508238792419,0.8031636651824502,-127.0,-143.30769230769232,154.0,106.52941176470588,0,-4,-73,-0.09,-0.06000000000000002,71f9701e87037e560e74df0ea2c93cec9bed2d2326892f035c55b918a3c2c9a6,e7129530245fa2bd0172672400b1fb1a5a911d5c3ceab1765ea6b647957d9e75,breadth,gain,1,False,False
d258f42c0ba28ac6cc295875735148b5be99120b9c19ff9607aced891e8f950e,conv-42,2,d258f42c0ba28ac6cc295875735148b5be99120b9c19ff9607aced891e8f950e,dd43de2def708dcd7abccdc5b5f152cf20682c626c927b35d4654adc4cad72a7,2059d85eced19a7308dcbff0e288ed611f41b2d715fabefc6d0aac8468ea3b5a,16,15,94,0,0,0,-0.02194991707801819,-0.053997427225112915,0.3068273663520813,0.21363212168216705,0.9286861419677734,0.8099604328473409,-110.0,-142.125,107.0,93.73333333333333,0,1,-31,-0.09,-0.058125,6e3bb239f06df0a600b8bbf2e3f260db4d5446d49ca2559cbe06f42f2b215547,66e1b9a2097c66567ec11ad1e4114db4c7b2d163ec7f2ade539c94ef9b1f01d5,targeted,tie,0,True,True
4e5b944e7ed54a584e7ec32826ca70d8b92c92070a6af89513ebb6f331addd66,conv-42,3,4e5b944e7ed54a584e7ec32826ca70d8b92c92070a6af89513ebb6f331addd66,2ff99bd877e9acadd8a24b3ad0c5634129ba443f66a39ed0837d33be779e9f46,c5ce429e2d3416ca1d62ae509515ce6a6b160a836c67ea6b22017e7f00db0238,21,21,92,0,0,0,-0.08086302876472473,-0.12074658274650574,0.31904685497283936,0.21107565788995653,0.9286861419677734,0.8052636470113482,-115.0,-147.38095238095238,114.0,85.80952380952381,2,0,56,-0.27,-0.06000000000000001,acc7d66ccbc2bf0942e6a202a0f5dd8c0e2baa2b477daf34c4b3788463ff63a8,27e96069040f72f5adfca5dc54d5440e3c3c34fdcca2c029b3a797fa38e5c564,targeted,tie,0,True,True
26b15155e73c78df640625db59ec3da8d4bb5975b2f4bfad0cb400e5c5cf35ea,conv-42,4,26b15155e73c78df640625db59ec3da8d4bb5975b2f4bfad0cb400e5c5cf35ea,21cb1d7031610a3d764b25d555c57a72fb0ec1de07872c07f848fb67b19a1e4a,e7c290572e94fd0a629bb0d61bccd2006b1e931c327ca778d8602accf32a8464,18,18,96,0,0,0,-0.03568705916404724,0.08125090599060059,0.29673486948013306,0.20853694279988608,0.9166992902755737,0.8079741266038682,-115.0,-141.72222222222223,293.0,104.0,2,0,-66,-0.12,-0.04833333333333333,cb676b60c28a8e0690819d4d3a693005625ac7f3c913b22b56dcbb7217392154,efd31404ba7a0fb3b9f1ec053feef58c37cd540d6dca26468e144fea7d3134ce,targeted,tie,0,True,True
5cba8fcb87700adf9893a733c3313750c22e6decd8de5e1ed3f3de190b7a06e0,conv-42,5,5cba8fcb87700adf9893a733c3313750c22e6decd8de5e1ed3f3de190b7a06e0,2c4070f7358ecf5a16f22b186ec8acc46e0cd140dea8e26d880a3161e44c4c85,ce96ab4bc1b763c30bcb4f3add8d834b5010321d83575aa0f70885537a6db7d6,19,17,92,0,0,0,-0.020721256732940674,-0.03961604833602905,0.30264532566070557,0.19556312498293424,0.8891588449478149,0.7897101219962624,-109.0,-133.3684210526316,112.0,94.0,0,2,-14,-0.09,-0.06157894736842106,35f99c121434e8bea64ddb3b984645d990b4f9fc8c72a9ff45ede049973e5af3,49246203843444cb7eb5db4edd70a3740073e0ffc0fef9f2bdca1195473cb0c9,other,tie,0,True,True
1b628c5b0189e5dd826eef6093c91f0bcade16899b39b49b5fd097b646951a7d,conv-42,6,1b628c5b0189e5dd826eef6093c91f0bcade16899b39b49b5fd097b646951a7d,f7cb0e683338c1916faab857cb1fb73f27ee916e1f471b32e341f2d1260fc928,3f498d171ff734ecd1635dde2ccb969c0b396e3f77853d0a13189adffedc9c6e,14,15,102,0,0,0,-0.03163039684295654,-0.02456820011138916,0.2624704837799072,0.19249479259763444,0.868209719657898,0.8200739940007528,-118.0,-136.28571428571428,115.0,93.86666666666666,0,-1,-12,-0.15,-0.05785714285714287,a1cb1a7fba59dcaf7cb9bda5c851521458e65e91336d16e0ae07aee30dc59005,8a5d0672c585133b81980e1cf067d03d6180b9bdd4e4b924b9a64236b37db909,targeted,tie,0,True,True
8b9fedfd6484bb3c4c4b85dfd31ad839fcbaae1f3453bac079fe2ab00ebdb71a,conv-42,7,8b9fedfd6484bb3c4c4b85dfd31ad839fcbaae1f3453bac079fe2ab00ebdb71a,5ed893163a960308c334ba80d1ce0242c2f83321e8a7b3f1bb17e1a2bdc421fd,6c59d1e492608d8c68414383dedf30fea7a83bcae7c52d19ac8ae604bffacc9e,11,8,96,0,0,0,-0.027492254972457886,0.10787704586982727,0.3164604902267456,0.1986734758723866,0.8951805233955383,0.8179125487804413,-104.0,-127.9090909090909,286.0,117.0,1,3,-3,-0.24,-0.07363636363636362,6bc1d329177e9005a48fa9903e48f0af6815fe9e627be80b2bbbccce94707e71,62acf75f37b5d49af9ad7d99e20dd47b271655454a42a7e6bf5b85534f40b5ad,targeted,tie,0,True,True
5f4c9a710741fe7a227c75818d06ade8d1b642b3f52af9afa4daf68eaecac22d,conv-42,8,5f4c9a710741fe7a227c75818d06ade8d1b642b3f52af9afa4daf68eaecac22d,3d103734e9b2e3a2b8f0c7266b3762abe295fa7782b5b4e830ce44c2b17b32ea,fd054df2f94df733b6dfe7d7c980dbca83fd2cbce7d32e741778e8651aee1626,17,19,99,0,0,0,-0.044034361839294434,-0.0279199481010437,0.2624704837799072,0.20656036980011883,0.868209719657898,0.7986929416656494,-123.0,-139.11764705882354,117.0,93.78947368421052,1,-2,32,-0.09,-0.05823529411764706,de0c4c96e627b98e82a86b607deed6a4698022ed6a2e857ff6c8b00c0b1831dd,cc3d5a87249967374252439d1d711108adc92d1ed0b30d960704472770698cee,targeted,tie,0,True,True
743e3dfc48d0859067bb90cbe165a0f77cf28080bdb1d8fb949b3248a1938c91,conv-42,9,743e3dfc48d0859067bb90cbe165a0f77cf28080bdb1d8fb949b3248a1938c91,5107415122f060efe03d1f5530036d7a614dce1f862ddf479a574ac2b752c5b1,f17e6a9a906f57fd97dc4927d367c64dad02280fe4d54af88961b639f4b15ec0,10,12,89,0,0,0,-0.025645911693572998,-0.1826356053352356,0.29611504077911377,0.23072821497917176,0.904744029045105,0.8060534298419952,-104.0,-149.1,102.0,88.75,1,-2,43,-0.18,-0.054000000000000006,d9e6cc466839a23c393d296e0d5a2a6d76a5a388245eba38b7eb200d117086de,301c2d7102b181cf5ab0167a47f412f4581051f081b0f374577a1ceadbd6cbfe,targeted,tie,0,True,True
23a74d8c8cfd04ed49d2ce7fdb962abedcb7bfbe8e048cb5445b37c402aefa46,conv-42,10,23a74d8c8cfd04ed49d2ce7fdb962abedcb7bfbe8e048cb5445b37c402aefa46,ef81d6de187a5fd6dc7655e3667bd7ee0faba7375c95ddf429bb481623a64f83,d4e427e560eaa8015c58496dfeb63b17a80b4a4c4e994292ab44c7fe548622f1,11,9,92,0,0,0,-0.04366493225097656,-0.05618974566459656,0.3164604902267456,0.23343421654267746,0.9256073236465454,0.8082930909262763,-103.0,-127.72727272727273,93.0,77.44444444444444,0,2,-39,-0.15,-0.05727272727272728,7719b843d95bf3d2d41d858ac80a967b4340f9aa8786495df91a6cbeeaed956a,1305a8634446b9d8a1dff9f7120f1a5a42816c0b4a606680442eda5ee0bbce08,other,tie,0,True,True
5fb9fbe5bb42ea51b3021e95367ea444ac1d110c04aea226eba9f029739c6a11,conv-42,11,5fb9fbe5bb42ea51b3021e95367ea444ac1d110c04aea226eba9f029739c6a11,5a3e9a91aa45633c7c9dd325209b807151eb10b68b2e4460351c89186dffc831,7fb14f943954b81608ff81374ebedeefd80c18baec6c70e5a2341ee768e8cfd0,23,19,98,0,0,0,-0.02623733878135681,-0.08850175142288208,0.3335285186767578,0.2132021240566088,0.884231448173523,0.8089256851296676,-117.0,-150.47826086956522,118.0,98.26315789473684,1,4,-24,-0.15,-0.07434782608695654,30ff3f19496cf33ea772fd7a7ce88e60e4eaebec9a63cabed8cd4cd3cac57089,33c21ad4fa52e5dae42657bb822314fa54b562ece8d0a3bf59189eb7ecf3dbf4,breadth,tie,0,True,True
3fc8c66afdc3bd156af77229ce25072e269555c44a48766aa5a05124b6f06e75,conv-42,12,3fc8c66afdc3bd156af77229ce25072e269555c44a48766aa5a05124b6f06e75,51c51a4e0bfd57b6842e60dc3cfb6d3e047feed64f55e8308880d03f997cf592,b732ee2ea15cf2fa613ea1ee7a30e334c34e378a96019eb4c643ae3e4c32c9c0,16,19,93,0,0,0,-0.034918755292892456,-0.05402570962905884,0.3535751700401306,0.22509772703051567,0.884231448173523,0.8039271047240809,-115.0,-142.4375,112.0,90.78947368421052,1,-3,27,-0.12,-0.061875,ae4eee9024208674fa84ce8f87d4025a3589596b49cfc23422ec70a8e0e0f3db,a5e0e992219da8d6d9a9629bc8ba6c47d860614486cb3c181ba9266bb080c588,other,tie,0,True,True
9d02997a0a0e2e912c681e775ceed1802114cc54b21c6127a5a319a4bf1f9443,conv-42,13,9d02997a0a0e2e912c681e775ceed1802114cc54b21c6127a5a319a4bf1f9443,98bf1669349d4169816d16431dd238304dc004d9ea04d0737ffed0be18372578,d7f6e838d26ecdc0f615057378a4f09841a5993075a343db074710120146e3ea,11,7,89,0,0,0,-0.022856175899505615,-0.04471495747566223,0.3483118414878845,0.20960580760782416,0.8951805233955383,0.8145245398793902,-100.0,-122.36363636363636,95.0,85.42857142857143,0,4,60,-0.18,-0.07090909090909091,1c3308d6422cf507ebf3f87ea9173d770bb76bc6dfa83bb78458767625015eee,f3104125a0b7d10e41d15d8eeaef281801ef1bc00061b6fbd6838a61628a8589,targeted,tie,0,True,True
d1a632d238c888abb3e7580be620da27ab0965e4fb7f50d8c44353eeaf27bc62,conv-42,14,d1a632d238c888abb3e7580be620da27ab0965e4fb7f50d8c44353eeaf27bc62,c938beccb1489e3d010d4fef84af42c2f41f48b49bf65f3f1450ccbaab87101e,5649082042de31e7320e7415b47edb6a38b2e0a8889a5afc7058bfb4e47e8a19,15,18,103,0,0,0,-0.02529454231262207,-0.06355017423629761,0.28212970495224,0.21679773330688476,0.8622041940689087,0.7965289453665415,-122.0,-144.46666666666667,121.0,105.61111111111111,0,-3,52,-0.24,-0.07200000000000001,ea53edf2240b88e8643025451bf8b0a91e4673ebee8a947749c64e3bef02e8a1,474246ed8448553d1bfdddeccbc210f8b3be21adf37dbf6ffcf855f17e5eccc3,targeted,tie,0,True,True
70be4a7e2f8435c7e08da1352219334a472db3c3f0517c3db0f5a53faabdc0d0,conv-42,15,70be4a7e2f8435c7e08da1352219334a472db3c3f0517c3db0f5a53faabdc0d0,c28a8a5877add812117ec41d25004c9e3b2e8a63112c6466c652b3b7f5b136cd,3f9d82da575d8f86dff67f9fd68e0e3e233fea3c735afad35069dad0a05fe6ff,14,16,106,0,0,0,-0.030571043491363525,-0.04471728205680847,0.2631704807281494,0.1979899959904807,0.8740233182907104,0.7987923175096512,-122.0,-145.28571428571428,123.0,103.5625,0,-2,-58,-0.12,-0.07714285714285714,e752b2d87587dfb68ed870ec668580b7ca0465a265eb75cd05c69326300083e2,df58f5eaadafde51bde5993e163f5269b963d9e1fd370b32f85cd7f411fa92cf,targeted,tie,0,True,True
95fb39fd90286188e91791cdac5c13a238c5604c8230d6e8c52a63a99bd05479,conv-42,16,95fb39fd90286188e91791cdac5c13a238c5604c8230d6e8c52a63a99bd05479,07b5abb10c8db151f9f479d24e7d4eb5eafa5f65e248222cfed52712c09f7ded,e1c4caa145e227969ca5602132e59c25ccabc8e4c4ab5db147a78732680e1be9,15,15,99,0,0,0,-0.03429216146469116,-0.029578715562820435,0.28450989723205566,0.2146610418955485,0.8680834770202637,0.7915442744890849,-115.0,-135.4,123.0,94.26666666666667,0,0,-17,-0.18,-0.066,3c852f35c591afeec27ccb5a7906bf584426005cc24dd576609e7ba148dc84fe,6116527ae0e8b7763c8030a031e0192c2056c5b0df3470a749348b03ef5a3131,other,tie,0,True,True
203bcc22017591b2ece2394915b05d7dc2f3192bde2d58e267effdccec618340,conv-42,17,203bcc22017591b2ece2394915b05d7dc2f3192bde2d58e267effdccec618340,3c8f76cdd2c64b6f019937bf6e80710e262211ffcfc57158c12212cb9c914a63,a3d19ea259a8d16c3b7fa803c49af1067f3c768faad4d2450376b2b036f34b0c,16,13,99,0,0,0,-0.031231701374053955,-0.13798022270202637,0.3335255980491638,0.21556402370333672,0.8452552556991577,0.7701218174054072,-112.0,-147.5,113.0,98.38461538461539,0,3,2,-0.18,-0.07125,62911317e28bfb6a246149bc470d9820366190e417d5f99e8af994964b0dcee1,178f3f414dcf288a659d3eda8481359966ae439ca7ce4efda7273fe13144821d,targeted,tie,0,True,True
de4bc5876464898257a32bb07ad8f8731a388eb58ba5719ffe5d82536911260e,conv-42,18,de4bc5876464898257a32bb07ad8f8731a388eb58ba5719ffe5d82536911260e,be3adee9ee6442444bd82f922694c4589106f7c1600b8e306efac47ceb3b50ea,714d7842166638f722460d298967fa559019a4eb4498637eefec0ae0c0cfd2e7,13,15,97,0,0,0,-0.024806737899780273,0.16204208135604858,0.333915114402771,0.20582609451734102,0.9286861419677734,0.8284006158510844,-111.0,-131.30769230769232,318.0,103.6,1,-2,-26,-0.09,-0.05076923076923078,2462636072dd6703ad03370bef3fdee5afe71747034c66438d114c607ce9e1c3,ccfac269d8d6c7c62d1ff6b5372ce95cd976eda8b18eccd0b0afcef03bbd113e,targeted,tie,0,True,True
d90d288e256268af6d4ba4fc49869eb7753eb1379d3f54c9ad5f124f97d8ffb2,conv-42,19,d90d288e256268af6d4ba4fc49869eb7753eb1379d3f54c9ad5f124f97d8ffb2,b27d35aaa32c3e1fa04fb2d6acec7d584415b17759bd2ccc09eb6f04e3f582fe,85e6d7b6ae9c63fde661c3f67435b42d1f4bd0a1155e325af6b8a6f168cd338f,18,17,89,0,0,0,-0.029395490884780884,-0.031052708625793457,0.2948625087738037,0.21891342269049752,0.8706284761428833,0.790409645613502,-106.0,-137.33333333333334,120.0,86.70588235294117,1,1,5,-0.12,-0.05166666666666667,7b8560cc2b221e25f260244375db06c72926e78359473f40b9cf09d69eb15030,2a1524c750413af04f3999a517128efd9c444ff9b8c81ca497a848ba131b8964,other,tie,0,True,True
18c32038fd105748fa7ace2cebd4b0a5fb297dcc3a40e9402bc383a4794c5962,conv-42,20,18c32038fd105748fa7ace2cebd4b0a5fb297dcc3a40e9402bc383a4794c5962,c95c1b6ec5356bcbb94f91137881b5c1e081fd0116d0bd0353b5c82d1d04108b,71ac1a0a58a59e7ff6ab133c122f8b47d125bbe8e97ca04e26b8fb2724ff3ece,14,14,107,0,0,0,-0.025107741355895996,-0.03716599941253662,0.28132814168930054,0.20646868007523672,0.8459851741790771,0.7897450498172215,-120.0,-143.35714285714286,122.0,102.64285714285714,1,0,-52,-0.09,-0.06428571428571427,47b387fb0b897623fad30bb25a69685435cb8b216d3cbbeaf23265ca5bd19964,9fd65bc532ec70a30c74eab115a8157ea5cc219b1382cbe83e89e6a5f7887bd2,targeted,tie,0,True,True
8c7e29270fec687fccfd2fb12ce7ad30a24c33a8ce8f624b6989ba097425955f,conv-42,21,8c7e29270fec687fccfd2fb12ce7ad30a24c33a8ce8f624b6989ba097425955f,a5c53acbea8a4a30b46972a37d79d9541fc3f9beaa4b9b3acd4a70f2e416e01f,8a10e633b67e7a638ba455adc0b6b8b6d970786fed42c52fefcf47749f5c8ec5,15,16,103,0,0,0,-0.033914804458618164,-0.1000412106513977,0.28212970495224,0.210816490650177,0.8459851741790771,0.7968994155526161,-119.0,-148.53333333333333,122.0,98.1875,0,-1,-4,-0.36,-0.08600000000000002,058c21128650279b721a539cf1ce5970b7e5d7b7ee3fc5a4bb4059659cc10ac5,b35122dfc53f026c7db9275eb8ca10ddc70a8f5cd550019d95c02ba22c95d3f9,targeted,tie,0,True,True
45403948d0691f0228e8f10bb65c3bca03ebf5c732ea5b17b59a6beda08a2028,conv-42,22,45403948d0691f0228e8f10bb65c3bca03ebf5c732ea5b17b59a6beda08a2028,ae431d24d1212bfaff0c7ec4b950640c8169e78863a316590ed093b2a9d87c1a,2d440579176da5f28654b1f393956f6c40f935a11b941317a7123253f6386c08,13,11,90,0,0,0,-0.02719128131866455,-0.05310741066932678,0.3315277099609375,0.19016194802064162,0.9627875089645386,0.8134664568034086,-105.0,-132.30769230769232,102.0,87.18181818181819,1,2,-7,-0.09,-0.05538461538461539,3e2b00c1068787d149a352fdbd75da29bf102cb1c78e2ab989abc1f93d02d54c,84d6cc9d24216029e13a7a9886cc34b44aa6d6befbe03f32cd9221712d946823,targeted,tie,0,True,True
f9fe68e8d801212e98cff45bc2b4a524bb5d031f6a5430415881ab8c68bd82a9,conv-42,23,f9fe68e8d801212e98cff45bc2b4a524bb5d031f6a5430415881ab8c68bd82a9,a9ac67340e3ef8e91d8d7a457d2188c9343cd9bc0aed446250aabd4bb9b76dbf,db6053ffe9cb47e77bc62d62abde1834102061976bd8d5767d82ea106f4cc6a2,10,10,93,0,0,0,-0.023227542638778687,-0.02369484305381775,0.3717923164367676,0.2271487832069397,0.8421754240989685,0.7944618701934815,-106.0,-120.8,102.0,90.5,1,0,29,-0.09,-0.051000000000000004,23aa5a9cc2a9e022d953c26f48405defdf132d357997553f484011f7cef60dcd,e1e2c08cdcbfd9ac2186e2e7b090da8c400886fed70e00c38ebcbf3cb2e516fc,breadth,tie,0,True,True
01bb728028049a432045032138e21a866beda64c92eac31d4fe70745fe4ed976,conv-42,24,01bb728028049a432045032138e21a866beda64c92eac31d4fe70745fe4ed976,6a1288f6d80eeaed832308e556a9c84e4168a83ecb468f7733620858663e9297,2b1afb83b879df2571bdbc416e0ea30b52448b9cf15f57f01967360a1e3804a4,14,13,105,0,0,0,-0.0476231575012207,-0.05903512239456177,0.286307692527771,0.2363179326057434,0.8366472125053406,0.763344237437615,-122.0,-146.57142857142858,119.0,97.6923076923077,1,1,44,-0.09,-0.04714285714285714,8de8ac65359adb78c1d480e238341027a250dc2c52615a95c48bff92378331c5,944040f4ab63c01c5bd000ed4cc7ec6a018c253e759046bbcae833bf192b3f48,targeted,tie,0,True,True
dfd6cb87c95fe56359283a77fc8a44bb0daae415a7daae4fa2a005a71d5ed7b4,conv-42,25,dfd6cb87c95fe56359283a77fc8a44bb0daae415a7daae4fa2a005a71d5ed7b4,aea726f5af8ce5ed0c70ec5833e8145177054c2683e0b4804780c5a645e52444,c5ff6ab6ef688fd0d52d9a045e35fb66b6bc39a98c5dd401311687749a43d7fb,16,16,96,0,0,0,-0.03185489773750305,-0.019130975008010864,0.31163060665130615,0.20367833971977234,0.904744029045105,0.8226252943277359,-113.0,-132.3125,115.0,91.6875,0,0,-36,-0.09,-0.05437499999999999,279cb8014f0fd09e2f49013cf5e31b786a46f9bf7f163fd93b229bae8e3fa55f,33cb0250fda0b04ce52606ea604a6f2a925ea50340e83b7002b8f9786cdf91be,targeted,tie,0,True,True
6127a97f0012f130604613fdaac729574b7d27ca466119f3684d3eb8cea0b708,conv-42,26,6127a97f0012f130604613fdaac729574b7d27ca466119f3684d3eb8cea0b708,172dd1c41813c10c3f7e1155b64751a03d5e694b07501310229598b653272f6c,ec998788a36f964b280d5c5b57e68e07d6ca0693558fd961bc3f2bd17b6bcae5,13,15,101,0,0,0,-0.04156494140625,-0.03951287269592285,0.28152984380722046,0.2164193896146921,0.9256073236465454,0.8234059691429139,-117.0,-137.84615384615384,113.0,91.06666666666666,1,-2,31,-0.09,-0.05769230769230768,23378a83b8d403396793024a4363e3dbe42fae73998824c3794b27aaaa38b39a,83d0f226b117e63424802b008b92430cf448792d58ef722d46f68738ffd9d996,targeted,tie,0,True,True
f1c63e8c1962c7ff5fa917b480ce292998a44c6bc0766cdd1de90d82d9d84f3c,conv-42,27,f1c63e8c1962c7ff5fa917b480ce292998a44c6bc0766cdd1de90d82d9d84f3c,0062572b6f55552d42fd4b9c6c326eb6ee6631feea444ffc01a39d273847565e,26f18c7920c62d4e63e2fbe699562a5aeb675ce7836035459781dbfdde18671d,11,10,90,0,0,0,-0.01708918809890747,-0.05200910568237305,0.27893590927124023,0.22782737558538263,0.9423038959503174,0.8085979282855987,-103.0,-129.1818181818182,96.0,87.9,0,1,22,-0.18,-0.06545454545454545,fb118ca3cd7adf8790322ef7bcad6f0445fd1b5c71dfc91922e4664488e0f096,f2cd0bb13aa187c17dad7eb1364ae6329fe049d2137cac7d2ddede4eadd98b76,other,tie,0,True,True
25a1902335aaad8d3d2bd4d43e2007ad7c0a9c8217ee27d1a77247aae45aac40,conv-42,28,25a1902335aaad8d3d2bd4d43e2007ad7c0a9c8217ee27d1a77247aae45aac40,31326ed1d142c9e30f42c399fc7ba627be39817af4904f3e1f275f852a2828b1,01719391c914e506cdd1ca56e867018cceeaa08412de5505da021faa3395ec3d,13,16,99,0,0,0,-0.05068284273147583,-0.03170785307884216,0.34345996379852295,0.20970286772801325,0.9627875089645386,0.8006094843149185,-120.0,-144.15384615384616,113.0,93.5,2,-3,-68,-0.09,-0.04153846153846154,d174ee73f64accbbde07f7b69ca9b88e873a754f0c1638caab57b6550ae207cf,c7b2a44950099d2607af68438b0c78b9b0b9d7e793b171116c6a3ceea3c8468d,targeted,tie,0,True,True
ba704d526aa7c2a4bac7b3c81bbaec9571f3ca02914982e98f3d44a875a61ee5,conv-42,29,ba704d526aa7c2a4bac7b3c81bbaec9571f3ca02914982e98f3d44a875a61ee5,40c102751fba185603cc9a4a6fc068db77426ef78fe249b897370d3e769109fc,b21093fc500db6144e56c6d3d716da1d225427a19a12792b5d6b3cfbe7bbb161,14,14,108,0,0,0,-0.019858717918395996,-0.050533294677734375,0.28212970495224,0.2241102967943464,0.8755937218666077,0.8046237230300903,-122.0,-147.35714285714286,123.0,106.5,0,0,-41,-0.24,-0.07928571428571429,68db0e898dba0f4eefbafb66d86125fae4c9b83d6e1264b60347dcd965e805c0,eb1537af3f1b55b4077901be89856a75daf6af93c3921202cfa6fd7f36f3b7d5,targeted,tie,0,True,True
f510b4c5e191b2766814f9637604482d2fb9cf49e155a82b3261eda2042f03c2,conv-42,30,f510b4c5e191b2766814f9637604482d2fb9cf49e155a82b3261eda2042f03c2,95d1b92ccc96bb7779f1a8c886b1ae8e4c3770d501fc74dd9d12e5667fff33b9,923b89310d391a1aade7f1da87023f6209d6b0d30901f740881f3d661555fe79,13,13,92,0,0,0,-0.03687804937362671,-0.14782053232192993,0.3315277099609375,0.24036198395949143,0.9627875089645386,0.788750905257005,-113.0,-139.92307692307693,110.0,88.92307692307692,1,0,-4,-0.18,-0.05769230769230771,7fd147b3cb2deb3677b72ea650c8453b67ff7f6a2e84e36d1d887c7a14608c85,f0d962c4da6133b8fe775c49a874989cfc30f5aa0ba94dfcf76a3a573a46e3d1,breadth,tie,0,True,True
2956230906447a82fee60234e147d39b414b6b3d2e1a87a141264c938bf973b9,conv-42,31,2956230906447a82fee60234e147d39b414b6b3d2e1a87a141264c938bf973b9,46ca1e93787d6a56ccb01c4d0d9331c4e87f7714e6b2e8d1265ce10ed6ed6914,f6911c90bb934a20d8fbcb22884cca8c9de8524b5de423461e7e208b6a0b62f9,18,21,93,0,0,0,-0.06860703229904175,0.04637119174003601,0.2647971510887146,0.20230855875545078,0.9223508238792419,0.7822128250485375,-114.0,-144.16666666666666,240.0,94.71428571428571,1,-3,-32,-0.09,-0.048333333333333325,c49905113defb259264bcc83e74a524fd1e3f6815c4d81d8e3857a537da3120e,7f2f60e2027c9411e8cf1f40130cdd0ae0bb55c05e15156bcf1330cdb8b727f0,targeted,tie,0,True,True
20eeec974e4b935e140a9d92a944c636ce183f62f5c7725628875d0b7d05febb,conv-42,32,20eeec974e4b935e140a9d92a944c636ce183f62f5c7725628875d0b7d05febb,90988b7057117d4787f642abd4eb5c8cd3c4d1b0de1f78c195499a6e46549fc4,4c19a6c190cb5d84dd5b0b6b4a12fb54f2b18d59959f7cc695b081fdfc698c44,16,16,91,0,0,0,-0.022939443588256836,-0.03045874834060669,0.333915114402771,0.19747528806328773,0.9640853404998779,0.8140639513731003,-108.0,-129.0,107.0,85.0,1,0,-48,-0.09,-0.05625,d336ecd481507b2632f26e04a91096b67fb0d26d8b4a74ba7fb8cee347a0b078,fe15f66de939a97c2cb3defdf68525c4289148525ef86c35d94a1072314bedd1,targeted,tie,0,True,True
a56965e871ae31f9802596715d20306338fb5a76d02066b1652fc4e0fd4d91d1,conv-42,33,a56965e871ae31f9802596715d20306338fb5a76d02066b1652fc4e0fd4d91d1,f327ea821dbc4e9bf7a626c6e4d01478e578cbb4be9f583037f26a5828a44526,2b50c6e8048dd184663719ba838feb352d616d871be57c8977ccc5d5818e975e,16,17,99,0,0,0,-0.03091329336166382,-0.042687416076660156,0.3315277099609375,0.22035856917500496,0.8706284761428833,0.7780143232906566,-119.0,-141.5,117.0,97.58823529411765,0,-1,12,-0.09,-0.06562499999999999,fbc3c2230fafc70559c8b505c82a51565e376972d8c5d923e85cdf989751c53f,9e70a160fd5908cf482e21377034c46ce1f4d9aa8418e1482ab5f6f4451dbee8,targeted,tie,0,True,True
5d18f99ab883588ab58da6bacf48544abbe3aacc96638308870d9c90a5c6cdbb,conv-42,34,5d18f99ab883588ab58da6bacf48544abbe3aacc96638308870d9c90a5c6cdbb,565c484579267b5576f44fd736736d97cc91ed63693a1301bd42eb007895c472,cfd726bde6d986abea7585e0edcfeeaac8657dbaabdc2b9417565b12577d5027,14,15,101,0,0,0,-0.023273050785064697,-0.04214423894882202,0.2707950472831726,0.20963656050818308,0.870067834854126,0.7911256432533265,-117.0,-142.28571428571428,115.0,101.8,0,-1,-14,-0.09,-0.060000000000000005,351a45c5455d0b869a0a5002511ee4a99fe6876b4015a46c155bd22d3b0cf361,fae9d39fe47fd2e44c4974cdce9f7026899e924599714482d7b2f2cfcb9d2043,other,tie,0,False,False
9ee82bf9b7037f1f0c29f888657b95f7f03e6834badf50aa9a63d5b4878cc2e8,conv-42,35,9ee82bf9b7037f1f0c29f888657b95f7f03e6834badf50aa9a63d5b4878cc2e8,fe9abf575132d0dce94ee2a5bd1b17c9d8f74dea246053c3d6430d25e977f10a,4d3559d71f4707afef18661679336abfaf94b093823fbb853994ffe7056d45d2,14,19,96,0,0,0,-0.031717121601104736,-0.04448026418685913,0.30344098806381226,0.214054673910141,0.9166992902755737,0.795243031100223,-114.0,-139.5,115.0,90.36842105263158,1,-5,-52,-0.09,-0.05142857142857143,37caa40b6f5651d328ec986771e081a246bb2922e1ba7f34c3d8caeb57049351,446c35c58ff5ea76c98fb6c1e874ab539cce7c7acd92e1012668e0748c556195,targeted,tie,0,True,True
122a4834a7e1b869935a24b9d1ad8e145e30c15fe054d3e3880ffa09f131d8cd,conv-42,36,122a4834a7e1b869935a24b9d1ad8e145e30c15fe054d3e3880ffa09f131d8cd,ee0596327ab13aac0783c25f2be23da3f94705ce90cade88ded67e41b885405d,6698f0d0ea25963622125b1cdd3fa3ba59a5c33bb6ed813a02aa8aa08f8c1178,12,13,86,0,0,0,-0.036879539489746094,-0.038152456283569336,0.28100740909576416,0.20734580357869467,0.9423038959503174,0.8259532726727999,-99.0,-122.66666666666667,95.0,80.92307692307692,0,-1,37,-0.18,-0.057500000000000016,64e790cf119943f76e4e7d40557d263730525613f693825a930b4b9b85605ae8,b4ccc31f169413b36a49f9611dfb3fb4647982d0bf60847aa9253a26a9d76cc8,targeted,tie,0,True,True
8c50c1321548998328215410dc3397321601ced2100fb1a4f3dc2f8880ca7814,conv-42,37,8c50c1321548998328215410dc3397321601ced2100fb1a4f3dc2f8880ca7814,5f818dd483afe4bf32ae40548aa8b510f0942ddf2fef46f3de0a74c7d8a1257e,786aed37b3c7df51b1df8a21553d9c0c2c978dc94cc3ba370b9faa99cdd1c715,20,20,95,0,0,0,-0.03784602880477905,-0.14275485277175903,0.28212970495224,0.21299009025096893,0.9223508238792419,0.7970990657806396,-118.0,-153.85,112.0,95.85,1,0,-22,-0.32999999999999996,-0.07200000000000001,de597f5a520c1f0163d111f45cd6fac702d16f0cbcb50072f3fb03a8aa7fae46,21e2c872466e04f94a30bb66a6703920b8c50a11d8d754c0bf7221ffdbf30234,targeted,tie,0,True,True
0be6bb32b04cecdc9854b293403fa03171cfd68bf8ab9cab4491c8151fdeaad4,conv-42,38,0be6bb32b04cecdc9854b293403fa03171cfd68bf8ab9cab4491c8151fdeaad4,a357f718d2e6248922cca89bc89afca52785013adb8f78d0132b726d21e76552,143cc9eb556e182ab6496ca720383a3a659dfe204591b6bf37dd56392fab163e,21,17,90,0,0,0,-0.035936951637268066,-0.048173725605010986,0.4028615951538086,0.22123930283955165,0.9423038959503174,0.7909626820508171,-111.0,-141.76190476190476,106.0,89.70588235294117,3,4,-41,-0.09,-0.042857142857142864,52cc5d919bdffd019b5d2a6e48ea04b3f08657cc2efb2390e547e7588a55e591,9f62a11a8f498af471532d2ee335a3e20b889bb9fce57d9282fa000301bf7829,targeted,tie,0,True,True
42967132cd11f4b611c20a2f3e08ea97922e72b1b45f600ada2d5eac4f597ad9,conv-42,39,42967132cd11f4b611c20a2f3e08ea97922e72b1b45f600ada2d5eac4f597ad9,9a889d5987a2322ed0d523b097f29397f42963be07a585e8828ce8c917d98056,d1560c14c35cfef9624fdfe0c450281b8fb6485a58e76e8d3bdd037446267480,13,15,103,0,0,0,-0.01829373836517334,-0.03874221444129944,0.28870606422424316,0.2161657947760362,0.9610450267791748,0.8085044225056967,-121.0,-148.15384615384616,126.0,101.2,0,-2,49,-0.09,-0.06461538461538462,730881879250923598d7f1bd2c315875fd1db0fc9e5b551e1805f6bb5f9ec9e0,75894040d3f2d97d1fd708ad8b1ff829b7bc88cea2ea320bbf39895474e1b02d,targeted,tie,0,True,True
9f87dbb0cdf8dfcfa7d30725f867333868a90ed36ea66356da6a579145504543,conv-42,40,9f87dbb0cdf8dfcfa7d30725f867333868a90ed36ea66356da6a579145504543,ec1740c3923266ce194e680b29d191f771ae1719e5868fc100569765990701c3,256052de1718da4cec6e8cc6fd05eeae3fd491bf61c282121fc16e0cb5c3e3da,19,17,93,0,0,0,-0.01692742109298706,-0.044779032468795776,0.3257122039794922,0.23889696911761635,0.9286861419677734,0.8028404712677002,-110.0,-143.1578947368421,111.0,95.3529411764706,1,2,15,-0.12,-0.06315789473684212,1e93729add74f35e816e8dddb6000ad8f6b3e8cb6e832734325e43cbf8aaa4b4,1772a808c8fd07c85447a9d8bcfb0f296e5b150854f27a55941d36bc80a2f462,targeted,tie,0,True,True
128e840ff23616c55e1877297010e78f212259ed8d16567bbc23f9c66e57f816,conv-42,41,128e840ff23616c55e1877297010e78f212259ed8d16567bbc23f9c66e57f816,0b7e4aa39edbf233244ccf8e75604e5cf2f706988fb8b32ea4eb443bb2950346,8860a33e7b159bd07e83f7e8adb199fc0ade03c9df1db55c205a110fb216651a,16,12,101,0,0,0,-0.025188565254211426,-0.03643059730529785,0.3555375337600708,0.18224669247865677,0.9423038959503174,0.8276772896448771,-114.0,-135.0,113.0,96.16666666666667,1,4,14,-0.09,-0.050624999999999996,ecb6bdcd037c1c2abca380593f7accf9acd56280196add1f5d47ec790c08b58b,368679f32fb4d93d652ff2ec4631837db40e8bf2edec9d0571beadc493d2c24f,targeted,tie,0,True,True
65efcb3bdb08ccc12f11092fc91d616dd124b59d0b2e5d275b6c9a67c4bd1441,conv-42,42,65efcb3bdb08ccc12f11092fc91d616dd124b59d0b2e5d275b6c9a67c4bd1441,18f1275ec7566b445907f498aa05d0445ecd4cff102cc02067976e4207ae42f6,c91e545662b0fca3983ecb2bb89f5915cff414546d8298d4759312b0b81fb4c9,11,12,106,0,0,0,-0.035602569580078125,-0.040135979652404785,0.3415415287017822,0.21207573197104715,0.8665800094604492,0.8144024163484573,-121.0,-142.0,118.0,101.41666666666667,0,-1,35,-0.3,-0.09545454545454546,8fa3b13d692e80acac81f8e0a73f280687f7a3be4547c9cb2bd9f35cefe87cba,e153a93b34b67d7c40c818e66a5aff89e28ca676da269ac25ba354da62a10f6b,breadth,loss,-1,True,False
79b131f83defaa78dbd4400839683ce7b98a9738df4419cfdee71b622fc18e73,conv-42,43,79b131f83defaa78dbd4400839683ce7b98a9738df4419cfdee71b622fc18e73,974336bcd3cf0875277190c784ae98e6fb65b7107ad70a9a657ab49c56441e92,e9a3a026500f960dbe0e43e86ca1571eb737b95548a0dda8abcf2cb04d6b86d4,11,11,90,0,0,0,-0.05092206597328186,-0.0501173734664917,0.33145952224731445,0.23837789622220126,0.8381752967834473,0.7642520503564314,-103.0,-121.81818181818181,96.0,81.81818181818181,1,0,16,-0.09,-0.051818181818181826,54e9604bb28c4edd66f145907620d52556398916b2c85ec7d8979289c05dfbbe,3a11449dba58c07f7386e8287b33a00bae6a20679206cc964ac5c05bfe751be0,other,tie,0,True,True
6e89205aefc7e399770f157a6c34b5c261c77a1dec2a0bacb7ac7c7608cd1084,conv-42,44,6e89205aefc7e399770f157a6c34b5c261c77a1dec2a0bacb7ac7c7608cd1084,576702637084f965d85ef0d363a938b3aab0b01b8456c8448639aab55aa361aa,f1f4d045fe244e06926147688c46304a5a94b48210f4bf060ae2f46bf4f1bff2,16,17,93,0,0,0,-0.05851948261260986,-0.039587557315826416,0.31904685497283936,0.2041129656136036,0.904744029045105,0.7802425307386062,-114.0,-141.5625,109.0,84.6470588235294,1,-1,-24,-0.06,-0.045,af2d0a34fee6fd029bdd1c4d786dae84fc1380c357d4c88920be408d147cbcca,0332b1cdfa09a8e68ac22d62b017a4cc72fa1bab2c00ab881a99d9e59b019894,targeted,tie,0,True,True
de8102a16511efcca71e0c6b2534966c11433149343fa6e825824ffe5ea4ac51,conv-42,45,de8102a16511efcca71e0c6b2534966c11433149343fa6e825824ffe5ea4ac51,3540de32c0ddf626306fb1fbd5af5ad42805ce5c2fd1231d8bb0ee6dd35945d7,2a92b215cca9eb7f6753fb899bcd752e2c125d731896ded8df2af1561688e1e7,13,14,82,0,0,0,-0.0500282347202301,-0.047449707984924316,0.3290577530860901,0.20761197346907395,0.9256073236465454,0.7926503803048816,-97.0,-111.3076923076923,96.0,78.35714285714286,2,-1,25,-0.06,-0.04153846153846153,56ef6dd634e505a6042446b520c32a554de19f4701fc259b9b7d5c6312ba8024,84820ad74a596bc927bb3c764437eb6075d20e8116c4b1e8b9532a4b5db3658e,targeted,tie,0,True,True
a73f4d826a61d6aaccbe369f888c4daf09089495360e9d9e1b333f2333c92114,conv-42,46,a73f4d826a61d6aaccbe369f888c4daf09089495360e9d9e1b333f2333c92114,7a0fda292cc1e7b50fa5b84e6cb1c0d645dd50c9a91173a63bc151be6b9a5772,9562a94a2aacdc6d18e96f1f363abc489ea4affa92ad435ca79b6182866ad915,22,21,91,0,0,0,-0.04879644513130188,-0.036990582942962646,0.3372873067855835,0.19704105637290262,0.9423038959503174,0.805620585169111,-113.0,-145.36363636363637,110.0,87.61904761904762,3,1,47,-0.15,-0.049090909090909095,ba9d8027860573aeaeed0cd07013fbbc925e7e0113182298e78395925e538661,4616357278ca9cdd996707cbba4e070935df2e97af1ebdb66469cb0bf09d5a49,other,tie,0,True,True
6ad420e2168778af609baeb52d76ef41e221c6e992725585e228ff75e91df0ec,conv-42,47,6ad420e2168778af609baeb52d76ef41e221c6e992725585e228ff75e91df0ec,2917f514d646cf90da01813409a6cb1d1f04957cc89f266acd4619284d838a7d,0a0a3478b776f7fd5086cc44d12451491e9a9e65857122d1b71c6542b4b437fc,17,19,101,0,0,0,-0.03352200984954834,-0.04047328233718872,0.30344098806381226,0.2222848604707157,0.8740233182907104,0.8166622488122237,-123.0,-145.1764705882353,116.0,97.10526315789474,0,-2,-7,-0.09,-0.06,c67cf4f99d135e595767179cca1cce876cad4e3bba1d5d594e32e3d2dab8fe8b,43380e5a0425fe9e8917052c4638264bb04208d386569e484b3a341db2721c51,other,tie,0,True,True
e8c27570ec9d0ea83cc70a31b02ab54d18f7faa1147f88b33b0f7f10485771ca,conv-42,48,e8c27570ec9d0ea83cc70a31b02ab54d18f7faa1147f88b33b0f7f10485771ca,60ffc852bb3a2904e932d3cddaf443a76f482a7c2c97ef4ddbcda8723cddf92f,ae5dcb91b9a47192fae7de4be04c39ea7ddd6f42f8e1943ede939f8a345992ee,19,21,93,0,0,0,-0.035633981227874756,-0.15068385004997253,0.3521003723144531,0.23655200318286293,0.9223508238792419,0.7990726573126656,-115.0,-141.10526315789474,114.0,90.0,1,-2,16,-0.3,-0.06473684210526316,1c4c72388a8e0930c9170c91f62326f682378a011616663a11d659fd7c47701b,549e096be8bb9e56179611d15e5288284cec3243928ae27e33f4c2255bd0868d,targeted,tie,0,True,True
6acb84c81c00fc49ba47732a172c4df9a7ca75c4179b837974d342f5155bc39d,conv-42,49,6acb84c81c00fc49ba47732a172c4df9a7ca75c4179b837974d342f5155bc39d,de05e2100d1145e7236902f498ae03465ee2af21da47b4598cf5d679c9d13524,4cddf8a522b6fc005e94f133771e2ab6491ee55a0415db414b2ac47da5ea79ef,13,12,90,0,0,0,-0.02006906270980835,-0.05375546216964722,0.2953566312789917,0.21259300066874579,0.9423038959503174,0.8132371753454208,-104.0,-127.61538461538461,97.0,82.83333333333333,1,1,-30,-0.09,-0.062307692307692314,b0e0b32158697ba79d23a6cd8cd336e3eec9bc2e3c8247c9074b3184c5829c28,d6e2afaf3318c13826c230c8580c2731c44990c00fb7335890ec7dfd75ddbc0b,other,tie,0,True,True
822ba30eff36e9852e08380ffa14d96b699b37d30ebb05a506489f2bb2c8aa66,conv-42,50,822ba30eff36e9852e08380ffa14d96b699b37d30ebb05a506489f2bb2c8aa66,c4c516cc93d2af00f75a363db2e9782e75852c56a55bff3cc1621707a292b1e5,6a953ef4a4a8ac5a2e12828ddfd6ba7b3403c0d09894f262164b7921f2f026f9,17,17,102,0,0,0,-0.023786962032318115,-0.06245410442352295,0.31604909896850586,0.22117112313999848,0.8381752967834473,0.8022883253939012,-119.0,-148.7058823529412,117.0,101.52941176470588,0,0,14,-0.24,-0.0776470588235294,2715207fe1f1624f541d0f192be48380020e8221d1cf9482fdc3a024ff5752f2,0c0aaeb016adcf0dba6ad21e69b32192df79bc69d5b2ff71fae3408422b6d55d,other,tie,0,True,True
e5bae2c4d4c1fb1ce16083454b76084f8ba1b3f7c17c210fe8238497d1a4bf60,conv-42,51,e5bae2c4d4c1fb1ce16083454b76084f8ba1b3f7c17c210fe8238497d1a4bf60,6c6fd120eb0d58a3d1e663c9001f0877cd1e3fcfb5af41bf6e33fb70e2a56e35,df3eeb16906a30cd72bb0c3e061736bd5478541e7c9f4a65869267e78b652a66,16,18,100,0,0,0,-0.02922499179840088,-0.04471558332443237,0.28620481491088867,0.20085486769676208,0.8367940187454224,0.7885429263114929,-118.0,-140.375,120.0,101.05555555555556,0,-2,31,-0.21,-0.06937499999999999,8b6a009c3d9ea30209f25596bbd9e672294203263aa4fd5a2af2db9a93011f6c,897e84050a40df8c08242952f5d46fd5711aca6498b63e3b3a9101e2060366a0,other,tie,0,True,True
03eb8f507685ff82f5ed0bf704c8c5a3022246ddc04f0b26d2ddc1853c03f09a,conv-42,52,03eb8f507685ff82f5ed0bf704c8c5a3022246ddc04f0b26d2ddc1853c03f09a,a9081bf7af3a63d5ecdbf6d9a41cfad8d3d47d7aa19b62e024377b89f0ce79cd,1e3ef1eacdf10368ca6fba95f6a4bea8d04cfa36cbd0dd4bcd8bb9eecde87265,14,13,84,0,0,0,-0.041522204875946045,-0.023796021938323975,0.3290577530860901,0.21324305023465837,0.8833304643630981,0.7923262807039114,-100.0,-120.07142857142857,97.0,84.92307692307692,0,1,58,-0.09,-0.0492857142857143,e2df68b5446ea69031bb053a1f2c174b1e9e10e5f1084423004c9bea4e428d98,096d4b07ddf09e43f222c2cdbd144e27557288304c225c7161037706deee8d82,other,tie,0,True,True
f7db1bc6576cb89d9be716d62ef5d52a9df68d7c271a4dba5c2b2d40cb5f1ad2,conv-42,53,f7db1bc6576cb89d9be716d62ef5d52a9df68d7c271a4dba5c2b2d40cb5f1ad2,71c4fc3753c5b322d0953ad125af634d5f01ec012bf1675ac3c965d5ee85531f,c554c92498e27f97c33648a21416ce4a84f2f25fcc11c88d3538866c8b5167a8,16,20,100,0,0,0,-0.036442846059799194,-0.03671744465827942,0.388272762298584,0.21620004996657372,0.9256073236465454,0.8005007952451706,-122.0,-147.8125,117.0,92.25,1,-4,27,-0.09,-0.050625,9e1a1be73a7975d28634a082da77a31fde088d055dfba5fd8fe758e5293a9d38,b6cc4afe2c9d3e0ad565f847b0fc806f8fb6d19a12ba9891155c8934fb6818e8,other,tie,0,True,True
ce55c522dcf8f4d8bce729a44091da2b935cadb8b236dbcade3ee28f4bffca6c,conv-42,54,ce55c522dcf8f4d8bce729a44091da2b935cadb8b236dbcade3ee28f4bffca6c,e89ba432571d7348add2e786f4a124112d34b4ca0cd5b54a2f422cbabc93073c,78fe10660591c9a6fc034748fe0a511d7cdba32b98a13b96550982d616ca9eb3,10,9,101,0,0,0,-0.017983198165893555,-0.0345953106880188,0.3335255980491638,0.22958059310913087,0.9102302193641663,0.793199380238851,-113.0,-127.8,108.0,99.22222222222223,0,1,29,-0.09,-0.069,45709546bc0ba26d967ccdecc38613b87a3c20fea7bd6c60906e48290538757f,b7e0910cef8bff6201cc93cd108b573e457414973281afd42d7dbf5c1897a852,targeted,tie,0,True,True
8faa6260d6d613a1e4a1c1dffd07392727bca1cb526aa5ae16cfed488e9c044f,conv-42,55,8faa6260d6d613a1e4a1c1dffd07392727bca1cb526aa5ae16cfed488e9c044f,c559216379c99932f521ccdf729111c2f04cf53667b9831f4281174b99245f3e,1cd50845248ca8bc035c97c7d1b7fb07bd8544e8c3da3232d942e521e43f36f6,19,18,90,0,0,0,-0.018868684768676758,-0.04457014799118042,0.343575656414032,0.18970508638181185,0.9256073236465454,0.8199341926309798,-108.0,-135.21052631578948,109.0,93.33333333333333,0,1,2,-0.09,-0.06157894736842106,0bb8c16ab83966cc27014522c7251afedc317faedcf4da9e398fc46dfd73d488,f41afa992d72e36f0f3f6e74c1f05da96af0bc1237ad1342af29226affe90daf,breadth,tie,0,False,False
d16e72d6ba506af1d7411b5625dcd917f50a212ea156f642a28e1c87aa6389cc,conv-42,56,d16e72d6ba506af1d7411b5625dcd917f50a212ea156f642a28e1c87aa6389cc,0b2016d54933757774c24cb5dbb93280750f62120f2315561ca4a0f578ee4192,e17bef00cf624db6a1e465d3101a20fb3d44d35d299111cde177f48596c05417,15,16,106,0,0,0,-0.036909401416778564,-0.04466038942337036,0.2953566312789917,0.1953088124593099,0.8656453490257263,0.7892320193350315,-123.0,-142.46666666666667,122.0,97.0,2,-1,31,-0.09,-0.053999999999999986,35f9d906e9b7e3290f7e5a301e589ad0a892b1c43c019b43f3894b7dfa0567ec,7312513569440ba43ed90a6e9d0a186ed01a8589d1027adc2022c803475c39ab,other,tie,0,True,True
c1910acbf3ff95ac259fe944cc82c414a25fcd3c61d427ce8eb0fc83d2152047,conv-42,57,c1910acbf3ff95ac259fe944cc82c414a25fcd3c61d427ce8eb0fc83d2152047,147ab45fc54277078563556b7363be24e5f8a5050e83094e5cbc43d3999d1d01,afc1b7fa073d10f5bcbd55f9989b912299041ab0cbdc2d449f7ee632efdb945f,14,16,100,0,0,0,-0.04561507701873779,-0.025720596313476562,0.3555375337600708,0.22942483850887843,0.9089531898498535,0.8159151338040829,-116.0,-135.5,141.0,102.25,0,-2,-6,-0.09,-0.06642857142857143,b53ce915bdb62ca49733c1861052ee7f3fd06b0cac8c1f78ef05d1e78fcb644c,f53983e5358456b3ddaa0941f79bfb737da14146e50bf312416782ae0b729336,targeted,tie,0,True,True
0e087ba209012dab0ed5cb2487b425bc76e7bba07bb4a2da0dce554f380d5b2a,conv-42,59,0e087ba209012dab0ed5cb2487b425bc76e7bba07bb4a2da0dce554f380d5b2a,40a4c79afec010aad4aa9fa7e4cab9f4f4ae168e614f48e83ca35d44551f63d0,fd6178ec76d5039fd1ce6f61cf31f183f1346a603f3b795b11225a14a4b53902,19,19,90,0,0,0,-0.027725517749786377,-0.033750951290130615,0.3555375337600708,0.22262245730349892,0.8572463989257812,0.7830935308807775,-108.0,-136.05263157894737,107.0,86.0,1,0,30,-0.09,-0.056842105263157895,1784f1ad203a31c7d8b86711f6c6c426d045716ecff16643f845906eb6a2b6cc,f79bc4130c1a5f0b2b050cb4452c049d633438cd0c460f91dc26975cba881e77,other,tie,0,False,False
284ae3bfaa67f012e8dd1b0df6d59dc383f76a98cdd3c1ff526f69423fe1c48f,conv-42,60,284ae3bfaa67f012e8dd1b0df6d59dc383f76a98cdd3c1ff526f69423fe1c48f,156fb95661b6c8cc2f70679573340573137db10201034d78af52d1fb0dd48a2b,158a77249681a00a396c4bf7f104b7a5907ab45237d1b09a8c51634b818d0cc7,18,16,102,0,0,0,-0.03275501728057861,-0.04925766587257385,0.33901745080947876,0.19905449946721396,0.8761479258537292,0.8173289895057678,-119.0,-145.83333333333334,117.0,97.6875,0,2,31,-0.09,-0.058333333333333334,806aa7d67b74698fa1e67fefe095d818b9f3cb4eee56b0954e12087bd4d1b7ed,10c21e73d2e1bce9ab85b49790ac9362630f768a0bf9a5194f005fb459fe7e3d,targeted,tie,0,True,True
68a60e7f84b3d3a40c4fb02c060df8efa7ec25ff94d9c86e517817b978e0836a,conv-42,61,68a60e7f84b3d3a40c4fb02c060df8efa7ec25ff94d9c86e517817b978e0836a,cbd1e53ed2b9101d4e0ba22313451ae405e291773f3902b9da1e4c1819260a9c,f510b92377e611b59e90a0677c0ed16cad04ae0ba9fa86bf3de12a8d8f95472c,23,22,90,0,0,0,-0.04957050085067749,-0.04293203353881836,0.29587531089782715,0.17829215267430182,0.9256073236465454,0.8053221214901317,-112.0,-134.7391304347826,107.0,85.18181818181819,2,1,-32,-0.09,-0.05217391304347827,ac84559bcd514c32229a01e9db5ed502f5bd727ce0c57cb8c72c7acd30b811cb,6b5c17fd5cfbdc303e730b518dba7cd91d0317f2f9818d52d97ea2063142c287,other,loss,-1,True,False
05d5e09b1e7260e26e736f8e4b665e14bd8b0e09f42c1929bcb415911227886f,conv-42,62,05d5e09b1e7260e26e736f8e4b665e14bd8b0e09f42c1929bcb415911227886f,0dc21c6e03b5c03071b9de538e434142d5b991d526628c27dcb114086405e99d,a019c500146ffa3155a1c8e0c2b2ebd39619726aa69c50c92e64d68be546dfe3,14,12,105,0,0,0,-0.03240483999252319,-0.05713236331939697,0.3566132187843323,0.20869884746415274,0.8572463989257812,0.8139014144738516,-117.0,-148.5,119.0,103.83333333333333,0,2,11,-0.15,-0.07499999999999998,c49b9e4e8dcd7d9a9f6b912bf9a45edc1102b5d09c94ad3defdfa49a51653967,be4423e7f5031f8fd442002a50207e9cd77d9baad342e5cd40798ba63bffa97b,other,tie,0,True,True
5c6866c8dfb91e0af105682056ec13fa101f920dca23cd6f4ab78abfd5abb59a,conv-42,63,5c6866c8dfb91e0af105682056ec13fa101f920dca23cd6f4ab78abfd5abb59a,302027286ded54e2d1850453c36756a7f3bfeee73b475cf5ca217eef64cb31a1,db9b5111c34d55805d1fdc88b97c8771f4696f19d1e045fe537501e63be6b2a5,22,18,96,0,0,0,-0.04844856262207031,-0.04789835214614868,0.388808012008667,0.18719057603315872,0.9423038959503174,0.7854594455824958,-115.0,-140.1818181818182,114.0,87.5,3,4,21,-0.09,-0.049090909090909095,3b2c3eec1968b36ec524b6d1be37562a129d0200adf4c641d4fdcd36dd426fc7,12830b9730cac5a9dbe9a7abd300be496c5278031d28e2e73b0c6918ce839d71,breadth,loss,-1,True,False
8e8bec5ebf62a8f04f1c51865937ca54e0ef9480c1226a2c07d8c79ee83c25f6,conv-42,64,8e8bec5ebf62a8f04f1c51865937ca54e0ef9480c1226a2c07d8c79ee83c25f6,cbfa786eb94241ededae7182f094661edbc52732eb449a779026b32485c3d245,5b0fc0d1e02c60b04a44632cd87dd1460f52e9389c077e80b294c1ab96692776,16,20,91,0,0,0,-0.041996151208877563,-0.016519367694854736,0.388272762298584,0.2352391816675663,0.9610450267791748,0.804795327782631,-118.0,-139.5625,147.0,89.55,1,-4,-39,-0.09,-0.0525,ce5a083637ca2ce6ba0ce336660ef0dc05ab3311d306011f551f7c4d75774a57,21fa5543d082d74c8cf6641d345b34c950417b1468b259afdb83ee2ab8327e92,targeted,tie,0,True,True
c0f7724b69e741c6e0f0c4e37179ee4ae3920c6d881f8b3e696bbf74862b6888,conv-42,65,c0f7724b69e741c6e0f0c4e37179ee4ae3920c6d881f8b3e696bbf74862b6888,570494fbe5e2af1800eb2eea3521097743bc650645234676069568bc43ba1f8c,8cacecbac9abb5168f2cec0df5c36b36970f8632195e249073b12259294a0e5c,15,18,99,0,0,0,-0.03379252552986145,-0.03205996751785278,0.388272762298584,0.21916088660558064,0.9089531898498535,0.8163153065575494,-117.0,-143.4,114.0,95.22222222222223,1,-3,9,-0.09,-0.05400000000000002,c7f924aebc7207c19dff83b944f915c93a81d5a5787250b68e70b28a6177e844,a512fca7b5482b03b4e302447c5337f0352bcfb6f63c3b27ec9086ae6572e3e5,targeted,tie,0,True,True
5778951f135cefd0d9a4063edd2644a3401a58b5d5afc0125bdd1ac986e7c112,conv-42,66,5778951f135cefd0d9a4063edd2644a3401a58b5d5afc0125bdd1ac986e7c112,8db8273615b9b9c44d833f2c06f583d99100c3e13b6ca643ca0b76b3a6ea62f6,cda99606f527419060da0271e8d1dbd16c2bdbe2324833a5824f826f421277de,19,20,91,0,0,0,-0.04206585884094238,-0.052888065576553345,0.3164604902267456,0.19420657973540456,0.87391597032547,0.7790818154811859,-112.0,-136.05263157894737,110.0,82.15,1,-1,46,-0.09,-0.056842105263157895,021530dae37f1fcd345b0f69e199cfb5ef26fde9061601ffa56d4b6462c03351,7e719e7be5edabed9d4af6bec1a90cde406647cd52fe4b23347ad81f8986d22e,breadth,tie,0,False,False
b4d84916c6a0ba6a342c4f46d460a2a84456184bac265ac87e8def063841985e,conv-42,67,b4d84916c6a0ba6a342c4f46d460a2a84456184bac265ac87e8def063841985e,4100b4c3d1481b14f6e558c05a53ce363d5462f520ea6b17c13e217bfd259188,a5877040cc16915438098246a7ad3a14a56df00fc906da831aa3a8ac5c660c19,15,18,105,0,0,0,-0.03774932026863098,-0.04049217700958252,0.3539414405822754,0.22559420665105184,0.9256073236465454,0.8087029159069061,-124.0,-151.26666666666668,122.0,100.27777777777777,1,-3,-32,-0.09,-0.05800000000000001,d393f309ff9c9c61792ecec0b7d2ff542614a524721a13da5c9c7fef8afd9c82,4d6479cecf55622cd9a0728a987f90c3045cc411dda0178ec37b8cca7534a64a,breadth,tie,0,False,False
3d2a907e05b4ead84fe76fed566f2f47db27b76facaa7d54ae1bc76ad506a6e2,conv-42,68,3d2a907e05b4ead84fe76fed566f2f47db27b76facaa7d54ae1bc76ad506a6e2,e4f1baa00c51346ac10acea24b072b06378dd275ac30c0bb71099895fb49efa0,535cd556d57a69eab9c0de344b9425d91ff009fd135e3e4c743a92f464f47741,18,17,94,0,0,0,-0.03234723210334778,-0.04008197784423828,0.343575656414032,0.2308502263493008,0.9346428513526917,0.8104289489633897,-113.0,-140.27777777777777,109.0,93.05882352941177,2,1,9,-0.09,-0.05333333333333333,632151c796951d2a62fbedff26ffd94bd9546244a8497d01994231b111ee263f,4f00e723689e6a255b12d05bf7ddac56d678345c72df05ebcbca9a65aff28539,breadth,loss,-1,False,False
19eab23c96fa83e48652004d458b6c8e7d1c86e1302f987cb5c057a55b41ca31,conv-42,69,19eab23c96fa83e48652004d458b6c8e7d1c86e1302f987cb5c057a55b41ca31,7fefc66e53afa6c44fed25635f467ac5edf44a30e54a29abc2381f2e60648216,bfd5bec7efcb96e54a76cbba2e29e840d81e23c67fd0de7cda550778c7400622,19,18,104,0,0,0,-0.03430214524269104,-0.04173481464385986,0.3263348340988159,0.1964913669385408,0.9256073236465454,0.803489218155543,-123.0,-147.42105263157896,122.0,98.16666666666667,1,1,34,-0.12,-0.06315789473684212,a10194172b5d9f05c2381719e449e51c78b422f331a2dc1c567d7a79f37233d5,acec4a84c008d74cf3e7e8e7739eca5be4c52125f28b748a30645d91275e50f5,other,tie,0,False,False
80f52f93ffa4124fdd0c8c0628f4bb92adc7bf15fd3806195ee42fb1b82d5c20,conv-42,70,80f52f93ffa4124fdd0c8c0628f4bb92adc7bf15fd3806195ee42fb1b82d5c20,09cd661994d41a69121b82ab644d5a021ea134cbe4582d60e977096342338c78,5ef73f3954c426a6585a7299c6d2104b5a34e34430e4f74863dc989b13b3d42f,23,23,93,0,0,0,-0.04184293746948242,-0.039515674114227295,0.30344098806381226,0.19038282010866248,0.9256073236465454,0.7967189731805221,-120.0,-149.7391304347826,115.0,88.95652173913044,1,0,-9,-0.24,-0.06521739130434785,50370f80902f3cea6eddecd12a888e688e9f96e803a16709e89d946ce314cb01,3c14a3061bc84190e7411a5041fb77f4c835025a292d5834ff972bac51571bba,other,tie,0,True,True
7c402e5e4264d8693626e18c74acc30c132815f70c125e0079188b3bdc8dad15,conv-42,71,7c402e5e4264d8693626e18c74acc30c132815f70c125e0079188b3bdc8dad15,dda1b1c9bb49244a0f4cdf003d536f148a6a8e4ab27c70818517817ca0785535,2829edb088d937481a45f0221276ee39ce047de1325295590cd4527a567caa14,17,19,102,0,0,0,-0.01945972442626953,-0.03628432750701904,0.3438728451728821,0.19930271190755508,0.8381752967834473,0.7812726466279281,-120.0,-148.58823529411765,121.0,105.89473684210526,0,-2,29,-0.15,-0.07588235294117647,642285dd7808bba6528b84bb31636f5664d655f26386ec7ef2c1ec714115f734,2607c3acda8805bdf6f6ecf88f477e2f40cc1cdfabd8134c29d9990118c4d830,other,tie,0,True,True
d29bd11f93c98a452f4074f3f2f200ecaf9ddc5b92de94e50606e166d4dffdc6,conv-42,72,d29bd11f93c98a452f4074f3f2f200ecaf9ddc5b92de94e50606e166d4dffdc6,979bbb6a2176d99af0e759819f5477fcfb67daf7c599649a7faef08e424dc1e8,fa1dd2b8cf2311772a774070d47c0bb92827bbbc8c0c3b259a509bc795327c5a,15,15,99,0,0,0,-0.03806942701339722,-0.1276492178440094,0.28212970495224,0.2240079641342163,0.8622041940689087,0.805509893099467,-116.0,-149.46666666666667,113.0,94.06666666666666,0,0,1,-0.24,-0.08800000000000002,05ac76f5e94013bf1696ddc28ae760e0352a5c2982f87e0d1eb73c92f7c9bb53,1479637d032b379edc07b07e0374622873712b2d8fb04d833e0a1f7deb3fc1c6,targeted,tie,0,True,True
6e2158e009a30637e3c964331b3ff4b76ee45afd7f3349d86689a455207e031d,conv-42,73,6e2158e009a30637e3c964331b3ff4b76ee45afd7f3349d86689a455207e031d,a58ec67422c2308fad019beaf81f0a1f937e574e09c68df6f004496f724cbc73,4dc92d4deb2c4b5138b13efab824e38edc8d6b7add73d6c3efefd2d015eccfee,13,18,91,0,0,0,-0.031131714582443237,-0.029098033905029297,0.3370882272720337,0.23577661239183867,0.9610450267791748,0.8342800901995765,-109.0,-130.3846153846154,108.0,87.5,0,-5,40,-0.09,-0.05538461538461538,3e974cac1d4830a82127c69504050609003cd5cd319202da4e48e1ae37fb7efd,539162f05d34ab435f32603366e8e68b4e3f350e7c7632dee7a6e50c581877b3,targeted,tie,0,True,True
ab7b90bf3e126ae2f42ef8a91a7197857909dc63ba1ba0e2d29e18bc2ae8a362,conv-42,74,ab7b90bf3e126ae2f42ef8a91a7197857909dc63ba1ba0e2d29e18bc2ae8a362,08a5f49d24032ed99a418246f1390732dc2986cee174ee5a2df1449d242e0d2f,5411e8e30b3a5aac447f7c3a9ca67701e824bed163f0389ef1c1ddb3b4033d81,16,15,102,0,0,0,-0.03582155704498291,-0.04286849498748779,0.3335285186767578,0.2288384735584259,0.8547317981719971,0.7991065541903178,-117.0,-141.4375,115.0,99.4,0,1,4,-0.12,-0.061875,8196d9a50d8d2edeeb2934babfac6d1d92a399d5f581d996449942b57c6b19f5,439c99962d1d38a4a41de205745362878bbcf20c0898af60a5a38d94649a8fc5,breadth,tie,0,False,False
6029a73435b260da7431edeb4dbc51d978b63379cabb5010ba47fa14ffe5a731,conv-42,75,6029a73435b260da7431edeb4dbc51d978b63379cabb5010ba47fa14ffe5a731,bf0eb5ec5f013e2ca2cbd5c1405af9e46908e98b0b0283b4c8c65615ad3ed2be,6721b22d8163c39bcd9f4c0bc0fffbc74bea9f032c1160bd230dbc81661293e4,19,17,95,0,0,0,-0.041613876819610596,-0.058623284101486206,0.2823209762573242,0.19176010081642553,0.9166992902755737,0.7983107111033272,-113.0,-146.78947368421052,111.0,86.52941176470588,4,2,-49,-0.12,-0.04263157894736842,195cfa723f63a3c2c8be971c057ed1b2ee706b9183aad19e1c4b3cc442496d32,fa05d1866f7e43cd787658097e1c732299d9481aa8b763720e5ab5bc581c6d34,other,tie,0,True,True
551dc887f1e078779abef786ccadabffc31d685e01a67f09699eb06ba723301f,conv-42,76,551dc887f1e078779abef786ccadabffc31d685e01a67f09699eb06ba723301f,16b513d2c979a53ebed8c69eb1813b3dd94c794aeb4beb6a5402015b71bd118c,2a1f12d110e7f86676f9d666b6fd0abc5bcaf846c450f40fc714c41f49d494ca,12,13,103,0,0,0,-0.04807162284851074,-0.033555418252944946,0.26914626359939575,0.1771249771118164,0.9640853404998779,0.8130154059483454,-116.0,-140.58333333333334,117.0,94.53846153846153,1,-1,0,-0.09,-0.04750000000000001,f7bea5cf0138b778f6df3c9bd4a9ca109fdb22adfb55cd72b8d2efbaca5c1f84,6dab22a7da7b83ea93ccfa08309358919e45a4aa56b7417fc78054d5aa1a4b70,other,tie,0,True,True
42ed1fa0273fb9f1f7a4a0ddb336e59bde279d5fe4ef0eb9fe5fa4e07ed5b1d3,conv-42,77,42ed1fa0273fb9f1f7a4a0ddb336e59bde279d5fe4ef0eb9fe5fa4e07ed5b1d3,211e98f485bebc2f738262266e37f853bcb20ff02f5eedb8c1828b3012f1d2b2,f7b1735fa013c098b02867031f15dc747cc07131b1f0ac4c28a7b3dcf32d5ce8,22,23,95,0,0,0,-0.03023853898048401,-0.15542322397232056,0.28212970495224,0.20630697228691794,0.8656453490257263,0.7895644410796787,-118.0,-158.27272727272728,153.0,98.65217391304348,1,-1,-8,-0.32999999999999996,-0.08181818181818182,b469ca4c2ec1adc42a8f2d3962cfdb374bc3574d2d64572a3ecdab5f37661fef,c9f5e231e4ef707a0b65b18d3eece392170375233eeb417dc3f58467144f8ba0,targeted,tie,0,True,True
d4e833fb3ca71de0e7d3e5e8bda0836869687e7223b9e698ac3786562aba3e80,conv-42,78,d4e833fb3ca71de0e7d3e5e8bda0836869687e7223b9e698ac3786562aba3e80,926ef1977145da84fd74f256279c35c2dbb50ae7d6ca803b4163fdbfd2d6ab89,ac1aa0a9df74f61269337206aa9291c09cbb9ab83f520b3aebf805c682b5f70f,17,21,91,0,0,0,-0.07368037104606628,-0.048586487770080566,0.286307692527771,0.2177993339650771,0.9640853404998779,0.7746164202690125,-114.0,-139.64705882352942,112.0,88.23809523809524,2,-4,-29,-0.06,-0.0388235294117647,a41adcff1f3869760da18c4161fb06ce0ef820aab2706c20004ecf9fd3016d82,a3a20938fface4fa990c603ee8a8e6bad383aaea6a55661ea896c94e0b7853ac,breadth,tie,0,True,True
f9af655adcc72b3a3137ca6af44c5fdeb4b385f729a50a62d163dc151704995c,conv-42,79,f9af655adcc72b3a3137ca6af44c5fdeb4b385f729a50a62d163dc151704995c,ec0e258216685c3c339d4273d6530695d48c8b1324732b6037a56e42709d649d,68da00c4b50ba349d602e2fad144ee98498b2c16fded74465ad13eba54024410,10,11,89,0,0,0,-0.03372517228126526,0.11080372333526611,0.3164604902267456,0.2193019449710846,0.9256073236465454,0.7948952913284302,-101.0,-123.5,297.0,98.45454545454545,1,-1,-7,-0.09,-0.042,c0be5dc5bb6a516c1deed9f06c5c9cac280f332ce134f31733e55c3dbd4bb891,820555b311c0a4ff5e9d424176b62a0cd928f72666e5925f43f2d911e0b88a55,breadth,tie,0,True,True
f148a8d473c33814c2fccf859b66936e96ffbaa3438b78acf42c11a035ec38e3,conv-42,80,f148a8d473c33814c2fccf859b66936e96ffbaa3438b78acf42c11a035ec38e3,f57a9d82bea631672d2555210f0b79951e5a9624a7f9ccfe2558e99c3d08617b,fe83ebc807cdd077be4f6dd3b5899d8d2faaeffecb82787d2cb6d9eef696716b,19,23,90,0,0,0,-0.0362849235534668,-0.04465663433074951,0.388272762298584,0.23440190679148623,0.9640853404998779,0.8118651898010917,-115.0,-138.1578947368421,111.0,92.91304347826087,1,-4,-38,-0.09,-0.052105263157894745,440de6a51273a11240f18b288c4c37ec9227a46197abb84f3660f78eabf8c0d8,6a0644302c5e39d0387a101cba8a336f1f64d833d197d4abfefbf5a39c84676c,breadth,tie,0,True,True
e3be820990e1db5aff793dfda83e7f7492c92d3babb8ebd8c8856e09b6be550f,conv-42,81,e3be820990e1db5aff793dfda83e7f7492c92d3babb8ebd8c8856e09b6be550f,3990252a501d71d9fc3b1683ef7c548d39239e3e5bb8d9b3a3ffc2c623b7b932,fab8fb86e33b5e0cf60a5dd19a14285c80c287c2c1400989f70e712001f5b595,13,13,102,0,0,0,-0.04576897621154785,-0.04447692632675171,0.275753378868103,0.2277886409025926,0.9610450267791748,0.8196192108667814,-116.0,-135.15384615384616,110.0,89.76923076923077,2,0,-49,-0.12,-0.05076923076923076,e8d5aa16ecb8323e9e87ee9d1e05ff19890b5c80fd9d011ac3cb7bb7eb167d4b,2378ad7f8dc1b5ba557080c244c9718979630dfdc72c08f9b20afd30202adeb3,breadth,tie,0,False,False
5bd150810a25551d8608b3f4faf4a0fc0a1b6384f0f82b5700597f56f707b5ff,conv-42,82,5bd150810a25551d8608b3f4faf4a0fc0a1b6384f0f82b5700597f56f707b5ff,9a30c670bd0210183c0182224dad4e9f3a5c53cbf08486dc592568b8f401e8f7,611759d12bd9e88fbb979114e00e863ce9c8ea475ef3edd1c1300c8dae25ce10,12,16,108,0,0,0,-0.030170321464538574,-0.040693044662475586,0.27200061082839966,0.20839335024356842,0.9181395173072815,0.8091769218444824,-125.0,-148.66666666666666,123.0,107.3125,1,-4,-74,-0.09,-0.060000000000000005,10e2a14d5ba7ec84d1a88b21897a015f3df7af04f811ade630ebb4b5b1cad17d,952e7249b153dbcb3312e1bc878c3e9e687c9091466aa4dc6853c1e182734bb0,other,loss,-1,True,False
0d641ef870820d44b653adf95afe2d7e7d94b47d5f702d703ee87c8c7ab30c45,conv-42,83,0d641ef870820d44b653adf95afe2d7e7d94b47d5f702d703ee87c8c7ab30c45,c89f8993d83fc8c96024d531e663c49a3cadf7d7a624e7a9097ba172df367535,d83afc5e67ddbf3ed946bd12dc24f031aebd82cb67cb4e69694ad4078e4e558a,17,18,97,0,0,0,-0.03151661157608032,-0.04473567008972168,0.304124116897583,0.21303489278344548,0.8873758912086487,0.8176732261975607,-118.0,-138.8235294117647,114.0,93.33333333333333,0,-1,-14,-0.09,-0.06529411764705884,953e6f03e72f7983c8c6fffcea9b4a247694f0c81f9525a7797e1d427ebd2bc9,13433968f10c929879c19f552adfb3302bfd7e1998dba7f752eb6aa26bef2750,breadth,tie,0,True,True
9291e72627943c63801bfe45d2f450709c4b7dbab2e639798a89db6c69da2484,conv-42,84,9291e72627943c63801bfe45d2f450709c4b7dbab2e639798a89db6c69da2484,9496d0b3a9c31b23e6804c336eb845a75b6d9d51a9cc318d10ee665b7370afab,b2ece640615d0e6ceced98c1ea51da904624264027bc90eb5b86624ed3b9714d,13,12,100,0,0,0,-0.04563605785369873,-0.02145075798034668,0.3009134531021118,0.21210270203076875,0.8761479258537292,0.8136754383643469,-114.0,-127.23076923076923,108.0,88.83333333333333,0,1,18,-0.21,-0.08307692307692306,62073229c03f67ec206128dddfff6c3e9a733a9af543c4d6e68cce576e41a063,76ec4204dbf5cfeed450243f93265a3fa54ebf70198f2713ccf6abe1ae198ed0,other,tie,0,False,False
46df4543262288192b5b8f2643954431d8f433f9dbfc44569640b38316f95197,conv-42,85,46df4543262288192b5b8f2643954431d8f433f9dbfc44569640b38316f95197,5ae6805b5fd6800e11c0fc1f7deb1d336ca7b3b2a3c52798f320b0c508ce15a4,813a696a7f28a0f0beeeb2793826c7ccf56c53fbfce35cc53653abce986d1cd3,11,12,94,0,0,0,-0.026588916778564453,0.07611724734306335,0.34848272800445557,0.22199278528040106,0.8381752967834473,0.7907262692848841,-106.0,-125.63636363636364,271.0,105.66666666666667,1,-1,-5,-0.09,-0.049090909090909095,dcf003086f310b982a492c8fbcb4c863a9e442e4499aaec84f1a68bc579cbfdd,f30d90da1416570d8399be9c0e0a68bdee004b6f3e6f78e4faf662716280210a,targeted,tie,0,True,True
b85f125db46a8b9556400f5e1abf291c02d864dba4f67bd5e4874f7555ec1913,conv-42,86,b85f125db46a8b9556400f5e1abf291c02d864dba4f67bd5e4874f7555ec1913,6c0c0de263f6d84dba9028d04c15554cd1247040750973b8fcffbc5e712f5d0f,1fc5c807846e3b7342c8ee790fdff68d4e600e711b641a3ef4fe5128e8ef9254,20,25,97,0,0,0,-0.04011666774749756,-0.0355323851108551,0.30344098806381226,0.22120895683765412,0.9181395173072815,0.7985459876060486,-123.0,-153.75,133.0,101.96,1,-5,-1,-0.09,-0.055499999999999994,3fe9fe73a2c84757f08e8194a36ba074e353962b4a58c3d280bef56cc4a61327,14bceb46c3960ca21eb39dee7baeb85cbb8cb4beefb11d9a1eef5a3860923bbe,targeted,tie,0,True,True
c2dc4f4c85082f31d4cf5d558087df9e8f62180a6e73d7b78086103542a9e2ca,conv-42,87,c2dc4f4c85082f31d4cf5d558087df9e8f62180a6e73d7b78086103542a9e2ca,671ed416fa24a65a8e8d2efddab4bd77545a67ab77660347755e7ea3fa58c453,aa2bd4c9d71d137333d7dfd0f6cdd891f338a5d7f5a1e187863f16e0871aa0f5,18,19,102,0,0,0,-0.03402546048164368,-0.06781542301177979,0.3263348340988159,0.21868213017781576,0.8740233182907104,0.793927086027045,-124.0,-155.5,121.0,100.73684210526316,0,-1,34,-0.18,-0.07166666666666668,fc39bd31a145fc95bd88e759331e054c430434359bc870b590201bdad1987653,05902ec0b96d7e8b65cecd8f333ef541b58899da2dfd40c38a225995131dd89c,targeted,tie,0,False,False
5e0e28de7b754ee7853a1957ded3f295489be1fef2e8bb7c2e2fa2744e123601,conv-42,89,5e0e28de7b754ee7853a1957ded3f295489be1fef2e8bb7c2e2fa2744e123601,72a5f070d8473ac980eafb78f0491bc8078005fcedc9563eede68d666e68538a,36f7e31e2fed889db5a57c20d67d30bccddf21401d36b9f4d080f8a71cbd68f0,13,14,113,0,0,0,-0.024322718381881714,-0.1196148693561554,0.3263348340988159,0.20569309821495643,0.8740233182907104,0.8028512980256762,-129.0,-162.53846153846155,121.0,106.71428571428571,0,-1,-3,-0.3,-0.09461538461538462,1e989154811fb99819e2e13e2df4e0fadb11c5856fe60f9984b06e1b44d11f00,99c560d283e8101183f508fece3a3896020042219ac957992299173397c8fae7,other,tie,0,True,True
3e1e58df017ae05a6c1f12a109c113c1691eece89caab3971c2058cd29157bcc,conv-42,90,3e1e58df017ae05a6c1f12a109c113c1691eece89caab3971c2058cd29157bcc,00153e133c2b1bb545f984c2d14c5764a672d03d722e83f943fa0800b0b93dc8,357ca3331002d49d01ff088e2193c3e4e83a2a1bc4ada84bebc4c421a991e91c,24,20,94,0,0,0,-0.028413474559783936,-0.03347146511077881,0.28478872776031494,0.1944554919997851,0.8708459138870239,0.7948526173830033,-116.0,-141.70833333333334,114.0,93.95,4,4,56,-0.27,-0.06,a32826014d81d1c187660c43433565eeaa74d9ab2793fb27a736c44b30a3050e,f0a2233548a26e1cb22d6349d463c1e108544e65b415f059f775a80f487dd589,targeted,tie,0,True,True
d2aca7a8df1847037fc5a558633048d9ac48fed907a2eecffe9c88ca4343fd58,conv-42,91,d2aca7a8df1847037fc5a558633048d9ac48fed907a2eecffe9c88ca4343fd58,835dfa597b9b6518b7fe55b53986f5967d64ef270bcd778c771f8d9668544711,0b3aee8eb743e0e4776e3bea2be8ed59d290deb544d72864beac2e3704e17872,24,24,90,0,0,0,-0.029917657375335693,-0.03721266984939575,0.2823209762573242,0.19822228699922562,0.8749681711196899,0.7635635361075401,-115.0,-145.04166666666666,113.0,90.58333333333333,2,0,29,-0.21,-0.05499999999999999,8d65e60f881387322dd26db1fb9262b408649c6bec70f6d39d4bd572c3d0d768,985e9ae087b29618b12a9838d56e869b91b32d7ac0654640f9670d1d2fc0ddf4,targeted,tie,0,True,True
8d6f4cc69e3fdb24f1a479fa7ed0e5bdc78223fc0eb77cf3f16f17ee95475c7d,conv-42,92,8d6f4cc69e3fdb24f1a479fa7ed0e5bdc78223fc0eb77cf3f16f17ee95475c7d,97bc4cabe0061fa7280a930451bde95a150bdc2687c89408ec539dff403bc752,5b703e97ccb10983502a72421270a6f80a17976bd4df35123794b931994261f5,23,18,93,0,0,0,-0.03998380899429321,-0.03515535593032837,0.27507251501083374,0.17767094270042752,0.8891588449478149,0.7869483762317233,-117.0,-141.17391304347825,110.0,86.38888888888889,3,5,-38,-0.09,-0.05086956521739132,8d6ac8b55d5e0454c70627450fc34b91086e090a98e6d62d1635f7f646c34161,a69d7b55b2d172cd0360e26438602835585680e902df5d15d600db6231b55a37,targeted,tie,0,True,True
4fc868d2c06339eb1b3a1c9edc7d5d2ec38693fe2ca7f7948ae627e278d04ac2,conv-42,93,4fc868d2c06339eb1b3a1c9edc7d5d2ec38693fe2ca7f7948ae627e278d04ac2,a45fdbdeb00fd11a9deb86204a1fb6387c97d573783090099783969199a1a725,1eb917cd2841e1a7fb89a217a62f983079b1c0ffaec5d546e647163c6752ba3d,19,19,94,0,0,0,-0.05349701642990112,-0.056282371282577515,0.388272762298584,0.1957725066887705,0.9223508238792419,0.8021561095589086,-113.0,-139.31578947368422,110.0,89.15789473684211,1,0,17,-0.18,-0.05842105263157894,2093c9aa76d6ac319e9d56a97c52e2ee64ecce996626f3e6754a131ad226e8e9,dd73ed8984fbab6cfc8175f4a3be83ef9bc645dddcb6b17393792c54a64c036e,other,tie,0,True,True
7cd19f207f529d490f63f4a2ae8d0925937771f6ea4e7ce2d14d25c1a1798153,conv-42,94,7cd19f207f529d490f63f4a2ae8d0925937771f6ea4e7ce2d14d25c1a1798153,98e44d2509703a7f8fa3c881299702c98014b4d8a74ea8a4bbe0788baf65b888,80560e808ed06326ef09de4c7571527e02c1875fbd75c18436655fc6cdec9ba6,11,12,100,0,0,0,-0.022969961166381836,-0.038705646991729736,0.3097116947174072,0.22036642919887195,0.8755937218666077,0.8035962084929148,-119.0,-143.45454545454547,111.0,102.08333333333333,1,-1,55,-0.09,-0.05727272727272728,8832212f6fa8c327c297d50f380df09b24548076ca57c151468113867ee5ab88,1eed8c9320084bb79ea1f5845d1a4a4a88e458d768408d1c47a0ec779b538fd1,targeted,tie,0,True,True
0211582b4503c05946932ccf8b5373ab84deb8e5be920e0b9ebccb486fa1503f,conv-42,95,0211582b4503c05946932ccf8b5373ab84deb8e5be920e0b9ebccb486fa1503f,90fde2f184dad2c5d6e6eb99c551eaec749725e2d6720ce90a50117ae3a8f020,3e6c35c1e59036da53f9fee7494096684d2d92d4f1bcc100b456a192db5b3dee,22,17,93,0,0,0,-0.04284632205963135,-0.03964763879776001,0.2868548631668091,0.17942454598166727,0.904744029045105,0.7829059537719277,-112.0,-142.45454545454547,109.0,91.17647058823529,4,5,2,-0.09,-0.040909090909090916,cb7715e53ea093ad22321befca2052267a9748b8bcf6e853043deea41e974741,a0f1c00963df5540ad715eb5d380729e6d296ca3a2d8182680557c35e8efc7a2,other,tie,0,True,True
d4de62560f0a75352c3b62aace442ab8b8dbe42d08baaf517244ffabc50d902e,conv-42,96,d4de62560f0a75352c3b62aace442ab8b8dbe42d08baaf517244ffabc50d902e,858b4bfd6c5494780a2b2ef25e20feb581012a2c801acc0a28f07fd1e405ecf9,103238d625e30a759695f659cf396e5666cf595959cc567d1b9ecc120ea9e83b,20,19,96,0,0,0,-0.03879287838935852,-0.04031822085380554,0.2928645610809326,0.18594810366630554,0.8951805233955383,0.7670951517004716,-115.0,-149.85,122.0,95.57894736842105,2,1,-2,-0.12,-0.048,c45231a551790010b1d752977c4d922da96ae1ea55086a07f8b645855e4f2e1f,fafe02715b50e6ffda2c3c01452af9ebc20a26a134736d59657521a72a69db02,targeted,tie,0,True,True
faa98ed4fb83bb5b18faf4513bd1960dc85849b8e6657161de31e7607667270a,conv-42,97,faa98ed4fb83bb5b18faf4513bd1960dc85849b8e6657161de31e7607667270a,c2cad0129c654c81320447ec82cb164c389e60fe97931b5e8b68cd56a13150f4,bc22936dff2e0886bb184ada8e9159d900cce7bbdbfd37861ab90da8ebe1af57,11,11,95,0,0,0,-0.033676356077194214,-0.03452369570732117,0.28539925813674927,0.20733511447906494,0.8744850158691406,0.7968458370728926,-106.0,-122.9090909090909,103.0,87.0909090909091,1,0,31,-0.09,-0.06272727272727273,4e91f5738d80a26d3351df6d5a280e9036686a86dd89514b17c13abfa5442eff,696d0c84cd3ef0c100509f3ee7649748613bb848bf1c2434e75e75fc8a4adc79,targeted,tie,0,True,True
5d1c85dc8cfd55b9b3a5cd46048bbbf3d89e5d94b45312f31fca0f6c03b86cca,conv-42,98,5d1c85dc8cfd55b9b3a5cd46048bbbf3d89e5d94b45312f31fca0f6c03b86cca,3582e7b1487fa1bcb5e69d7598d90f0a3018b00ac9e386b58728137823cc1c69,528c7d48b6dceff701138022fd3b13350f3f69e507a808f38ec7a5c083ef97cf,15,16,93,0,0,0,-0.030221551656723022,-0.034022122621536255,0.3579227924346924,0.20446335474650065,0.9423038959503174,0.8045889809727669,-108.0,-128.86666666666667,110.0,94.75,1,-1,-6,-0.09,-0.048000000000000015,300b1be42895da46ca1a94a4f988a69f1ed278fab5e27e452a256c39d452d648,90967b25ffe5408313cd2664bbf2fedd125bec5e539df74e9209c68bac7720e5,targeted,tie,0,True,True
af3d0a36f9673621c1f438b154b9033399356b78c8b690ce34ff84dc84f0647f,conv-42,99,af3d0a36f9673621c1f438b154b9033399356b78c8b690ce34ff84dc84f0647f,286eab1cec718ba590595a9a285abf5c9ca2d234c55c5708575efb26d5e2a29a,a62dec54119bd81b06f91daabe047108bc4c1977fd0962e4742da378dfccebab,10,9,99,0,0,0,-0.03446382284164429,-0.04352152347564697,0.3164604902267456,0.23628140091896058,0.8375986814498901,0.8021501037809584,-120.0,-142.5,108.0,98.22222222222223,1,1,46,-0.09,-0.051000000000000004,62fdd8f715348602c02d07a0f9d46c81ee06f8a2edad57c7537b8137a4dba7f3,47bfaffed23d9e7d70fd77ce8954bd29e73de136b1b84d114caf55cdeb25ca16,targeted,tie,0,True,True
6528d7d7a8e1ea398676e57af554cf7908cd31ceab32f909bb103b46b38a3c84,conv-42,100,6528d7d7a8e1ea398676e57af554cf7908cd31ceab32f909bb103b46b38a3c84,373322aa2b30e160f0d38e4e26e15e889e4704affaae3508af7f7243c751b2e4,944014e95e166aff16068b328e723f50fe1504e78707a21c0651b62d981da8a7,18,19,98,0,0,0,-0.043487757444381714,-0.03893396258354187,0.3250281810760498,0.20572755734125772,0.9640853404998779,0.8002995033013193,-118.0,-148.88888888888889,116.0,91.10526315789474,0,-1,60,-0.09,-0.061666666666666675,005b260e6c1b09927f1090a1e1408f63b1a1b6959848c6f06905b11983b582e2,4bd5dc313d6deadaf137a14bad243842f69063564ee9e4098ccff13add0a4db6,targeted,tie,0,True,True
7c4a516db72b0b9f36bccedbc3d2b6fe7f50d9f8620960b0964ac172d046ee30,conv-42,101,7c4a516db72b0b9f36bccedbc3d2b6fe7f50d9f8620960b0964ac172d046ee30,f883d85b8293824053c00f52b2a6ccffb2f49eedf55a21b23c78f7bdd5d6a351,ec3d29fefdcedde3523b1e8e6dc73bacc6ecb62098760c0021616eb8ee19d4e9,14,17,99,0,0,0,-0.047404944896698,-0.028335928916931152,0.2812744379043579,0.19500637905938284,0.8905704617500305,0.7815727836945477,-116.0,-149.21428571428572,123.0,98.29411764705883,1,-3,49,-0.24,-0.057857142857142864,1be78c5357bc8478553131dcacaf2db0b7743c1a4e176014fe70ee5a6e2954bd,1e315f91ab6e10f6a8feb0d9cc2e8796e1de6bacdc9f97f6a143472d3dd786d5,targeted,tie,0,True,True
d296c66a3c4acb3bf4bf06d15dedafa08bbf0e9c4954fd1363c44ad79bbc1518,conv-42,102,d296c66a3c4acb3bf4bf06d15dedafa08bbf0e9c4954fd1363c44ad79bbc1518,4947ef9813ec443b2dc88d03020cecee9ce89a54f020e58f5a2943fa97b4bf46,aff019dc1fd2d395ba47eafaba19e61a619fb689657d296e16ae724e72a72a94,17,15,98,0,0,0,-0.06756323575973511,-0.06121671199798584,0.3539414405822754,0.21460390792173498,0.8572463989257812,0.7902878006299336,-114.0,-139.1764705882353,112.0,91.13333333333334,3,2,4,-0.09,-0.042352941176470586,3cdc893d056ef2fc084ae55d5213247db130e6c9eb53ef87bf3ab60052bc7551,7def084793b7cfd976acf845bfe5a80445c7f6ecbde161c85a4a770bbfe14af7,targeted,tie,0,True,True
b27dacc12e46d7cec6570c8ba959d17af6b0e9081cfc75dbb10b99928447bdc6,conv-42,103,b27dacc12e46d7cec6570c8ba959d17af6b0e9081cfc75dbb10b99928447bdc6,51af9944c96946d273cb0006e4dfcd1c5979ecf4b9e336467a0bd2c27abfbf98,5b8187512066d0f360ef20b6e9eef754054ec93eb70941e21064cc42cc12c779,14,13,101,0,0,0,-0.03546643257141113,-0.11085796356201172,0.3717923164367676,0.22605984125818526,0.9089531898498535,0.8177029490470886,-115.0,-150.21428571428572,133.0,100.23076923076923,0,1,-13,-0.3,-0.09642857142857145,b1e9c3b46aa613d90adf0920b8505dd8244fa341b00db9bcd8109ee0b83d0b03,0c52fcd211887e06a6e958d2f2914eaef300ed0f1d93a6e660d2314dc64b8610,targeted,tie,0,False,False
affe6983d30dad3bc56301b395325987f8d3f0af7df120bd94f4716d7967d5cc,conv-42,104,affe6983d30dad3bc56301b395325987f8d3f0af7df120bd94f4716d7967d5cc,27166dac22ad529c073c9f271993a020b302cf3c327959d44acfbaf54e6ac329,fc2ad3e2e92a8d8ed4935266dc1a7cdd7a0f0946892a2e3c7a4b3a9323f0837d,19,16,88,0,0,0,-0.0279197096824646,-0.04433974623680115,0.3164604902267456,0.20777780131289833,0.9627875089645386,0.7969822436571121,-105.0,-131.0,104.0,84.125,0,3,68,-0.18,-0.05842105263157894,569aa83fd6d41fddc2eaa5aa7409d26064f6f9efd6b6ad9a585f325192606984,496be500688c7667ae617547b8e924f1e1821aec802612b43d35e5de2396b944,targeted,tie,0,True,True
c34af59f271d4fd30b03c112103738b6c9993dfb945fe1db818dbf91365f3a8c,conv-42,105,c34af59f271d4fd30b03c112103738b6c9993dfb945fe1db818dbf91365f3a8c,caa291073420e477ef96184dd0439f822fd1195dcb452c42739bcbaa1701b11e,a4e872a0824cbd3ecf8dd1dffaa1db8d75704c4ead40be666583f3f03a56fdf1,16,17,102,0,0,0,-0.04146513342857361,-0.03317755460739136,0.3075588345527649,0.19339437037706375,0.9610450267791748,0.7926833804915933,-121.0,-148.375,119.0,103.76470588235294,2,-1,88,-0.09,-0.054375,49768a338dc170d3eadf9933bdef9370c77c3a8b5a8bc26d03300765150c921f,940bf1a7adb056e9359be2c27b86a0f39470e7e99cef4b61464b5b1a6f7e963f,targeted,tie,0,True,True
fefdb80fa18e720693277e89c5d68175cf9e37bd00958614b2be82700880ebca,conv-42,106,fefdb80fa18e720693277e89c5d68175cf9e37bd00958614b2be82700880ebca,d21146be28fcf904cb1b85095383f150f5830e4e56b684d8b2f8ddf3cf1745fb,b26920bba6c52b31a3794d2c2e3778b9ba3a20ad43f663ee357f748c9a3b6a92,10,10,89,0,0,0,-0.029240012168884277,-0.04580208659172058,0.4002404808998108,0.2110845625400543,0.9627875089645386,0.814609807729721,-99.0,-123.1,98.0,82.0,1,0,-7,-0.06,-0.039,a2cbfde9359c2cfe470fcdd7240f032cc7e52607ce7262f1a145e9ab808a7c4b,c457b0219e0de429cf3ccf5c3c5bfcc05a6640c643009ec95f6a613b14d99e79,targeted,tie,0,True,True
03b35153a755f31435421798d4efbaf8a3b8ede1a034b7aae3d9c289b7ec15f2,conv-42,107,03b35153a755f31435421798d4efbaf8a3b8ede1a034b7aae3d9c289b7ec15f2,d157952eeb5772b8e8b4c568727aca9916c46385611d92bf97c3320bb8dfd51d,5624de1f3487fe8606d001f5211ced3abc2e1224476f09d255179529dcc1b95f,18,17,95,0,0,0,-0.0362817645072937,-0.03196984529495239,0.31604909896850586,0.21225838859875998,0.9256073236465454,0.776590669856352,-112.0,-147.72222222222223,111.0,90.11764705882354,1,1,-17,-0.09,-0.055,731134a81544a28461e7fbc49dc641fe3e638442193f6039af698c4875d36232,ef5f71a5f12f0953d92d9af744aa7e37067902a0b06797e34e074223321605da,targeted,tie,0,True,True
68ba4bf8a35535740851a1bbea968e2f662bf87175bb07df4363a9fb2c94ed56,conv-42,108,68ba4bf8a35535740851a1bbea968e2f662bf87175bb07df4363a9fb2c94ed56,aea13c230f47c1897db3e7148aa68335347706bb9cb691f02f111dca24a3da33,395d9501006a8f3685466bb45d3a4c2151f8c648cbe405c2549324a48251700b,22,20,95,0,0,0,-0.03990018367767334,-0.0358147919178009,0.32463812828063965,0.21806810931725937,0.9256073236465454,0.7872113078832627,-116.0,-144.9090909090909,114.0,89.1,1,2,-48,-0.12,-0.055909090909090915,6db5d86f40cbc7eacdea542613eb13788c3a5930cd8a21bc637d15dfd9b7deef,2236c48abe25fdb2de34ac5a57e6b2ae0c8e4527c873e8fe541cd234ac84ba99,targeted,tie,0,True,True
ac9e712d2e3d85c54765a460ae592625a118511d49a182e987cf8a41f5c7378b,conv-42,109,ac9e712d2e3d85c54765a460ae592625a118511d49a182e987cf8a41f5c7378b,1f1986edb48d1e40aaaa9a393f5211cd32c685259fc5c9bc08b0cb8ce50c0d1b,8914fe43d0726aad9ac3d2e6480990d05e004d950ee18449e64917a698e6f527,15,15,94,0,0,0,-0.0178300142288208,-0.14389681816101074,0.2953566312789917,0.1922278046607971,0.9181395173072815,0.7973399837811788,-111.0,-150.4,119.0,98.6,1,0,-19,-0.18,-0.06399999999999999,939224e8caf9cb80a4e1e156e4090be49a1cc178a0b5fc23b888ff1d18af3b2c,882afa77cd1d54542a033d33a88a7fcb501336ab4686b0edf5e0acf8b1b00964,targeted,tie,0,True,True
ff2d21a2ce7c6b74ebdff34bc3f62210dc8c24dc40e9501f5e7f226e51610f95,conv-42,110,ff2d21a2ce7c6b74ebdff34bc3f62210dc8c24dc40e9501f5e7f226e51610f95,6f508ce5e9b093b95852fa8c1b1a81a93b94746a68891ed04c3835d53f507d29,f960c675606bd4b89b89a34d1e5ae1c750835a16839b8cfdf19198d958bd7a16,14,14,107,0,0,0,-0.026794612407684326,0.05200302600860596,0.30344098806381226,0.18547904917172023,0.9256073236465454,0.7815362002168383,-125.0,-145.85714285714286,287.0,111.21428571428571,0,0,-71,-0.09,-0.07071428571428572,35dbb5009164d93914dc4c38fa43a615c1e2e401855557304bd2338ff1831e5d,849d02ecc74c9bd2f009cb5a17b037b2ae2de8af5723ab4b55752dad87958c7c,targeted,tie,0,True,True
10a765b59dd4213262141d045d0483c8394ea1dc5888b1fca04a19c35642f92a,conv-42,111,10a765b59dd4213262141d045d0483c8394ea1dc5888b1fca04a19c35642f92a,08e92d3f1c1c08c76b07dff55206a35491b6e5c83703344c00cf1a51e0f19d1e,97ec1e3dd4edfe28383bfc15fde94d3a320840a37d243930535d1d0b19108727,13,16,104,0,0,0,-0.05398997664451599,-0.02812144160270691,0.2823209762573242,0.17607000699410072,0.9627875089645386,0.8242938742041588,-124.0,-142.6153846153846,118.0,100.375,1,-3,-15,-0.09,-0.04615384615384616,b665320592f6b8edf367a00e9329ce8949b200945dc877eabbb3ea2fecb1ba8a,c0ff2939b140b963ee97896fe2678290b9b090b9f9971f8dbcf2b5eb05a1c6cc,targeted,tie,0,True,True
fd6910e40d5a43d92c4c7bdca2a6679bdc39456c9842b7ad590ea20472c509bc,conv-42,112,fd6910e40d5a43d92c4c7bdca2a6679bdc39456c9842b7ad590ea20472c509bc,5f743e415eacdbf6a3bbbe235148d494f54135ffb90068798d01b48f2767ee4e,4b3abda5f4a97ab26c318434dc9024bbd131bb54f0dfb28ebbc5031d232ef1ba,15,14,93,0,0,0,-0.03399515151977539,-0.041040897369384766,0.3315277099609375,0.2134272813796997,0.8381752967834473,0.7987592901502337,-110.0,-128.93333333333334,109.0,92.07142857142857,1,1,-80,-0.09,-0.058,787a650850ad11d0b7679c70ae4ece819af20fc9b28a261e6d601b1771fa9fd1,07cc214d19859c7151d6f3599cf1b3c3b36679dd1349ca1010561b26ffa76333,targeted,tie,0,True,True
5f9b5a79f9dac08ec9a5a2f30bb3167422a350c6339db2ed4f02e32a8c62ec7d,conv-42,113,5f9b5a79f9dac08ec9a5a2f30bb3167422a350c6339db2ed4f02e32a8c62ec7d,259fb031be0430a1a0391e96c046151561cb4d97babe772cd3eac5a26145b6e3,4403c458df3fef2c77bda33409dff60cd6068ba69c6e5070f4f3d0ed08717462,20,18,97,0,0,0,-0.03204411268234253,-0.03415113687515259,0.2616950273513794,0.17090503871440887,0.8708459138870239,0.7812032434675429,-119.0,-152.6,126.0,89.66666666666667,2,2,-12,-0.09,-0.051000000000000004,83557c3e42be318af148d99f695f52e6498587b6491ad4730073457d7d4b067f,b227a14503e282ee854de6431aab23a4b2eea30e02f0056c18fed2c8a8499454,targeted,tie,0,True,True
0fc47bb65156b80869b6e90d7bd6b47a1fa26b9d31c7593ea576ae63ce73b912,conv-42,114,0fc47bb65156b80869b6e90d7bd6b47a1fa26b9d31c7593ea576ae63ce73b912,823f4c44fd6e0be248dc27da94207ee726a35db9d4a41f666b672ec6e5a9414c,e978be4729aedffc524aa7045e0b12e7391336acb46395390ee4ffb8843b8b8d,20,20,93,0,0,0,-0.03368169069290161,-0.02642539143562317,0.26757049560546875,0.19561668634414672,0.8572463989257812,0.7653212547302246,-114.0,-146.0,118.0,88.75,2,0,30,-0.15,-0.052500000000000005,d47be9afddf40ea9f3b31ad2b42eb95b9ea5e978ff677fd812f3d7166a69c96b,61fb44feae162f6fd3744a3c3b2bf0b1d4177cc91ef1f1f221819027027d367a,targeted,tie,0,True,True
710c7b787a32efcd7a65f34a4f885a5d4a3b0c376e7f0709d04ebb0956f89622,conv-42,115,710c7b787a32efcd7a65f34a4f885a5d4a3b0c376e7f0709d04ebb0956f89622,456e6bebc5043568b2408c5f4646c2307221007018aee169ae4e9a427eb1ee9c,f6b0ba3f43e638e77ef8b90d8c4cb94d3aa92098cc09a7d2467cc55345f30767,14,15,92,0,0,0,-0.018289119005203247,-0.03535503149032593,0.2837510108947754,0.19894938809531076,0.8744850158691406,0.7780358831087748,-108.0,-129.85714285714286,102.0,92.06666666666666,2,-1,-25,-0.21,-0.05142857142857143,c45edd6f4fb8c6ad88f9f383a5e5959eb9e49166eba5439c592bafa5be15de4f,a19224bbe444b64b9d23ee11f2014bb8d4fd414a978a55bdc5652dbbc9a02eec,targeted,tie,0,True,True
ee16dd5fbe8f745364f9bcd3f14d2b244968e75df518365cde6b549abbf44328,conv-42,116,ee16dd5fbe8f745364f9bcd3f14d2b244968e75df518365cde6b549abbf44328,6b82b16d769cdb714a142518cbc39d4996d355b5cfaaca978a659382d22c561a,b22c114a5012b4b7a9a28f784daca1e1d1341c76e7631dd4181ef45da8fe5d3b,15,17,98,0,0,0,-0.027652859687805176,-0.052696943283081055,0.304124116897583,0.19223213990529378,0.8640567064285278,0.7939480788567487,-115.0,-153.66666666666666,127.0,95.82352941176471,0,-2,-43,-0.09,-0.064,2f0d57891f0c523dd0e19373dce9e8a71d8d88b56cde86c1b6a16d33a6f86294,3e4875c76764c032f58407b906476e0d03fcfd4777b2d4d42167270ef273ec7b,targeted,tie,0,True,True
7dfaf7fa88579706cd7f2951e21d8019c509493be1653f2a389f277dceecaddf,conv-42,117,7dfaf7fa88579706cd7f2951e21d8019c509493be1653f2a389f277dceecaddf,9cecf1cbf96f38b8e7104ca77217c38945fd04d1b8706cdd5161fbcf0538ee6e,f12b2b21f9d8ba33a9a0f8c1ddbb0ba3d5eec59e7e99dc91f4e3a22d2c618ff3,17,16,96,0,0,0,-0.05011391639709473,-0.046659231185913086,0.3079596161842346,0.2006033553796656,0.9346428513526917,0.8045154623687267,-111.0,-139.94117647058823,118.0,91.75,1,1,40,-0.09,-0.05294117647058823,12629630156092532fdd9e635530cec629cf77399827146dea05c63cae8de942,492fe9e138f86aa06bd4c1cddfc071dcdea75fb848e953d8d117a2e510440b81,targeted,tie,0,True,True
cf017210bf4ddbaa93e9e0a2e01b9cd8308bfcfdf376dba1b02f3c5bee230987,conv-42,118,cf017210bf4ddbaa93e9e0a2e01b9cd8308bfcfdf376dba1b02f3c5bee230987,5da931e5b60e9812cd4f1f9021f4f4c2d28a9b9351bda21ac8f4ccf43e36e38d,c4f8ba812cf4c1fb6dd205df4d001cf12fac5ac314b946e1cdbb0d6183807969,23,19,92,0,0,0,-0.04266172647476196,-0.0534440279006958,0.3370882272720337,0.21445929226667984,0.8891588449478149,0.7970242531676042,-112.0,-138.30434782608697,110.0,94.26315789473684,1,4,22,-0.09,-0.05217391304347827,3f6a0258d4eb8836ac3116ce10acbf84162d9105f9181bd9c506e7f53850bd21,b66f0cd61d2b21b7d77eebb3bcea7bd5a34e95542c9896bf024206df3efcf91a,targeted,tie,0,True,True
0dd5a3ae452a2d7ffa666a33a228c3e431e387cdf9147fde06c84fda9e6d16d8,conv-42,119,0dd5a3ae452a2d7ffa666a33a228c3e431e387cdf9147fde06c84fda9e6d16d8,c25cff4242828afb733cb900e46e58cbc8b32c93a815034aea80f6b686b649ae,22ca9bf52abe9a69d43bc6e92939a2c299560d40c9b436950be9e33d6963d88c,23,19,86,0,0,0,-0.02370631694793701,-0.04619833827018738,0.30344098806381226,0.20366705759711887,0.8475860357284546,0.7804092451145774,-105.0,-130.6086956521739,104.0,84.52631578947368,1,4,45,-0.18,-0.06521739130434785,7aac0cea7cda2ac63703eb2181a286e5b0bded4e73537dc05079adcd132ca103,595588a850e632496c3c5d31b1a8af5a2eb47f0e1080b82858d7db4a2a59e6ab,targeted,tie,0,True,True
ec2455e0257cd2b961495c74f842b59f9928c43100e04bfffffefb2a760936a9,conv-42,120,ec2455e0257cd2b961495c74f842b59f9928c43100e04bfffffefb2a760936a9,ae0dd7e1b7ecaa09164b4b0974c76610db172da475ea89e98e2bac3b7b847f10,2cb43d50ef28264cb96470b916606a3828e84cc76b2e54a8ded5a4fe051fe402,14,14,99,0,0,0,-0.028411805629730225,-0.04696398973464966,0.30344098806381226,0.18854290672710963,0.8749681711196899,0.8018119505473545,-115.0,-141.64285714285714,113.0,98.71428571428571,0,0,-6,-0.09,-0.06214285714285715,1b5219e81c24fed132d12bf5400516b8c2ddbe1468e921b95a700849824cd61d,a8671a0f80dbc302a04c414a67aaa982ec019dd63779068e1949758b537db7a5,targeted,tie,0,True,True
d722c8900258e12756b1ca18225281797283a15043cea89011d8e9c7bcfbbac6,conv-42,121,d722c8900258e12756b1ca18225281797283a15043cea89011d8e9c7bcfbbac6,f8cd77036babb00e527cc936f9edb610bef904b9862245d3d93980678de2f028,ec02b27ee55b31fb74b16db92ee5687caeeba71a28b2a8a1bd0d9dcc136ab600,13,15,102,0,0,0,-0.031049519777297974,-0.029066860675811768,0.272564172744751,0.2084925679060129,0.8546490669250488,0.7880262891451518,-119.0,-133.92307692307693,113.0,92.6,0,-2,31,-0.15,-0.07153846153846154,2555c4e207e847988d3812b298294c4636ac9f2d707cbc647a184b680185e2fd,95cf969563bebfc6a9fb0f1daa23e20a72bf87b084101ea2ddd05267e0cf0694,targeted,tie,0,True,True
22b9f11cece80d31232fd5dec909c836e27bcb02cbd728ad7473e78c36340732,conv-42,122,22b9f11cece80d31232fd5dec909c836e27bcb02cbd728ad7473e78c36340732,5d92024b96ad1f9a5dfd9b401524e3b32068f91e043ec458df605d13a8625ed6,4de0d5023723609c2ccb422a791cdd9b5207da52af0e138046c6602a73b50b2a,16,14,99,0,0,0,-0.03598982095718384,-0.021622002124786377,0.3009134531021118,0.20170025154948235,0.8658790588378906,0.8094659405095237,-112.0,-133.3125,160.0,95.71428571428571,0,2,9,-0.21,-0.076875,cf63c68ccb35c7f161d465191c78a76284786967af8b5373b64135b1edc0461f,380b66a438cfc691ffdbbf80f6f49a855c7e685b0fb7d2f40a12aab5eef3a0fd,targeted,tie,0,True,True
112f991dcbcb0ec7987872204512afa465a3352c9e6d857a23024fbcd21cf95b,conv-42,123,112f991dcbcb0ec7987872204512afa465a3352c9e6d857a23024fbcd21cf95b,f7d286033bf1b34b5a7ad7b5404e9cea2de6c17a0bbf3075dbfb9587769fc074,5871a76649d75bce6e8fdde2bde422a0f1407f2b48d3e0c0ae5e4569a2d047a4,14,15,104,0,0,0,-0.026708006858825684,-0.00018584728240966797,0.2694339156150818,0.19758419479642594,0.8622041940689087,0.7968379974365234,-120.0,-145.42857142857142,178.0,103.46666666666667,0,-1,-59,-0.09,-0.06642857142857143,f50d9902ea1b4dd608641996ed5d7856ae11206ad9f551c20183b659bddd5c3e,6ad6c42194ef227021d51f91a1a831eee622d6ef20ed5f21f62e6d52a23f2aa3,targeted,tie,0,True,True
edb5f82d80ae1e9663824adf9e3c76bd8bf00e9e9d2a386345e1b8a477042e40,conv-42,124,edb5f82d80ae1e9663824adf9e3c76bd8bf00e9e9d2a386345e1b8a477042e40,8d43e5ef48ad283e7fafe91255fe39374c3df916d9aff67e89ffcb7596f6ee21,d85940a34c56a1ec51c57fe1ccd83344ecbee985bc820a2b4540adf46017457a,11,13,107,0,0,0,-0.038864731788635254,-0.005474865436553955,0.28176432847976685,0.2240603728727861,0.8680834770202637,0.823017996091109,-121.0,-142.27272727272728,167.0,102.23076923076923,1,-2,-39,-0.06,-0.046363636363636364,72cf92f41023d88c3c51546af69a3e9f8ca7fbaea88b9b428d26ff48c23c73d2,a081d63a24f7c73f5a619f324025edacec679362de89e7d9a706eb97a298ca41,targeted,tie,0,True,True
0a4b1b77218a2528fa312a5e8a59018f21584ce813550f4c7af012d4f3474ecd,conv-42,125,0a4b1b77218a2528fa312a5e8a59018f21584ce813550f4c7af012d4f3474ecd,4b832e826e6742244e8e5d5f36d1dde742eada4315f475a471045c93f8301359,73b0059d73c0c411b1afcc84585fcb4887c66f4fbffc2b1e49fdc799f3f24881,14,14,98,0,0,0,-0.0309717059135437,-0.03310519456863403,0.24679899215698242,0.19726903097970144,0.9610450267791748,0.8209516789231982,-112.0,-136.42857142857142,111.0,88.71428571428571,1,0,48,-0.09,-0.047142857142857146,7fe71f93f8e140a34c7be0bcc8b1b33415fab524ce8cc49e30317ad01bea7b89,8ce0d702ffe200e51c90642fb182c9cb6c56ae42a3726ae57e0dc3f7672fc4ef,targeted,tie,0,True,True
f8ee539e78e3b6eccef610108cedbd122889855b5602fde56a5698ff8ec22acd,conv-42,126,f8ee539e78e3b6eccef610108cedbd122889855b5602fde56a5698ff8ec22acd,f09d1719c22269f37659e97de672ed083e67de3aaf70774b6a6c8500d1a7f447,f0576026ffb82a4bf242384ab5adef80153621f6de01d7a50d48b66a7c8a50ae,22,20,91,0,0,0,-0.03307187557220459,-0.044560909271240234,0.286307692527771,0.1850952993739735,0.904744029045105,0.7743299961090088,-111.0,-143.36363636363637,114.0,92.8,1,2,-9,-0.09,-0.058636363636363646,574902a44ee9bda4219ef0c2bce8b6fb05c8e24735384ba92d8ce693e13878d2,377964be0d64fef01d02ec08e65734690211b8ff0d9156eab940906667244463,targeted,tie,0,True,True
fb7e3b7a015340aad113c582f0c938a7fc4b8fe2d4b34cbf5196c5ac9e2dc074,conv-42,127,fb7e3b7a015340aad113c582f0c938a7fc4b8fe2d4b34cbf5196c5ac9e2dc074,0f77859d1a9dc4be7d28dd4490bca7de760e39f598f107083ba3a284c71f84e4,d45d26f1c4e9cf17ccf6827141332efdad321b077365591b046327d7a10ebad6,12,11,98,0,0,0,-0.0269966721534729,-0.1408892571926117,0.3068273663520813,0.21461456020673117,0.8951805233955383,0.8057989098808982,-109.0,-142.83333333333334,115.0,97.0909090909091,1,1,62,-0.18,-0.06749999999999999,fc0628016808e2e3890843a105b902ff8ee789f2f8c76f59a7265aa5be952aba,402d3b43c1e74d41d8cc169090d2abdfabce700625eb865f1d9cd259e99b1060,targeted,tie,0,True,True
0065b374c0ac42ccab2b4d7aa9e9914a225cec05e189c26ddc2ae3c05bde5511,conv-42,128,0065b374c0ac42ccab2b4d7aa9e9914a225cec05e189c26ddc2ae3c05bde5511,5b13e09885012b43409a626886374873c5d2b017889d8d5bc02fe6298b0243d0,98937af4ae95e0bb8028bed84c3238d514d784a857ba5f66c28fa6db7cd5cbe8,20,20,98,0,0,0,-0.021740198135375977,-0.030360162258148193,0.3335285186767578,0.1914326071739197,0.9423038959503174,0.8085496038198471,-118.0,-142.6,117.0,95.65,1,0,19,-0.09,-0.06150000000000001,78d153b78b84d5f95f3e9fc1c6692c2f5bd495aae5357d0652c99ff2872abe83,9f7bfa24daa191acbb2f94ddc14741a1897cb557612c613df7dcd6317dd2e1c3,targeted,tie,0,True,True
601998931a79e304377bef5d4fe13dec2b8e5fc6abd073f567dffc0b9e29847e,conv-42,129,601998931a79e304377bef5d4fe13dec2b8e5fc6abd073f567dffc0b9e29847e,fba39b9eee1eb6af29777275730752f4faef80e24222397691a96d6692ddd691,59833967b60f259d2a68b4468e4a0f1494a93d610fc5658239750d77e22e6652,17,19,103,0,0,0,-0.03846219182014465,-0.03477659821510315,0.3263348340988159,0.1982670180937823,0.9256073236465454,0.7950972569616217,-125.0,-147.8235294117647,121.0,100.73684210526316,1,-2,-28,-0.09,-0.06882352941176471,4867b7efc4ec4425e7a01a996edf98c2409c1cc9326d524603cfdaf80e64866d,1cf479901224747d94921595f37101150dad542a5366ef0bb6e36404115027fc,targeted,tie,0,True,True
c5946a1f6758f7cf6b324479e2993df7d3cd9d6aa1aa1ace2767ae85cdcf2cdf,conv-42,130,c5946a1f6758f7cf6b324479e2993df7d3cd9d6aa1aa1ace2767ae85cdcf2cdf,a0a9cd866f328067b8ca5cd9884e58f7659d52f48029dc9e24aa7c4cdfca509c,f2f5a41c3559afda27980054d03bb55888ce5489fe14ac6b31b9e58f3ca853a8,15,14,92,0,0,0,-0.024757087230682373,-0.06132990121841431,0.2634629011154175,0.1955907940864563,0.9256073236465454,0.8101912694317954,-108.0,-133.8,105.0,83.42857142857143,0,1,7,-0.09,-0.05800000000000002,36d516f8f73cfb7a7994dc447242e96b91b46a4ff3eeed223ee693df3a6b281b,491551d7dfa801aa014a1a1709d6ab26d5c329d310aa6ff4f99bdd6400a927b1,targeted,tie,0,True,True
a3a2d121b2febeb31045c24441da40387c4910a91d331ad1f6fc932067185847,conv-42,131,a3a2d121b2febeb31045c24441da40387c4910a91d331ad1f6fc932067185847,084039b923fb528155712674165e61071162a636acd206824fb48da34d51136c,f0654d6e13ef6ad440380b14f730a5be13d74ec3cb363d08baf8b097608f8aa0,18,17,97,0,0,0,-0.012807011604309082,-0.03997009992599487,0.3352896571159363,0.19842726323339674,0.8706284761428833,0.8093631863594055,-116.0,-143.77777777777777,119.0,100.82352941176471,0,1,10,-0.12,-0.065,8c7925a439c06afe2c903c618aafe7f04aa1de1d18aad6a4d7e74309145d0dcd,fec9407b00c6935f3e0c03ff539b3d20377c9f2ad4f0e5045892fd0098ba48e4,targeted,tie,0,True,True
7709dac38ccf724d41bb0a959a976c429a5e27ddc24f80e11b4ce3b749017de0,conv-42,132,7709dac38ccf724d41bb0a959a976c429a5e27ddc24f80e11b4ce3b749017de0,20f0fb261b275152ebb0ae9a03a438970f9554dec0c20751f9c50982daa58430,9ca7b7de14b3c8e72f3d093f4dc9da1831b71ff82ad9e5937e1108a8ab99d282,13,14,100,0,0,0,-0.03785514831542969,-0.03140002489089966,0.3521003723144531,0.22793896840168879,0.904744029045105,0.8149155931813377,-125.0,-145.0,112.0,94.35714285714286,1,-1,75,-0.06,-0.043846153846153854,9e053f769ebb0cf00a40f21a4aa6e52a8d316daaba1525b42a1b5b60673e5a09,6cc73ea3f6f44a213764271d139109b792e2f835e6cd3d30991a6e4c67dbcf97,targeted,tie,0,True,True
fef81417409f0683f891be6a226cf76fb83a544747450d3d39ae96f3e7f8396e,conv-42,133,fef81417409f0683f891be6a226cf76fb83a544747450d3d39ae96f3e7f8396e,975aaf7e79d6caddcc9295c76f47967e25ed2d1ee6b04c461d0bf16fb057f444,490d88450f74d9f21ffaeb4bf345dac166937a89334d334267ce27327ba31cca,15,20,94,0,0,0,-0.05084413290023804,-0.0225217342376709,0.3025156259536743,0.21230218013127644,0.9286861419677734,0.7929263293743134,-115.0,-142.13333333333333,116.0,90.8,2,-5,-10,-0.09,-0.04200000000000001,f17c070ad1b4c26a4e84398de926bf732f31e39d813c2fbfc485e2c1c42d49fa,4d7edb68facc49ab8f35704c6645e718e9f9448853a9883c3bc40fb0ba1f05a1,targeted,tie,0,True,True
738d5a098b29c0afc4fa49a88088aa22080c1fe99014aa695289f09be0e86659,conv-42,134,738d5a098b29c0afc4fa49a88088aa22080c1fe99014aa695289f09be0e86659,b5ab7b6ef9b3df42e0556fe33d15b6500269096fce7beb8cd3012072390607f6,f3745714fb8f6f38b3213f501297545c89f369442f950933ec72f7a2c1078615,17,15,107,0,0,0,-0.05094188451766968,-0.04286348819732666,0.27470844984054565,0.21868850904352524,0.8706284761428833,0.7997946619987488,-124.0,-146.41176470588235,121.0,106.93333333333334,0,2,11,-0.12,-0.06705882352941177,86bd14960f48a837562096eabc6277867c7b5fae23c3755ef30c4d69537e4104,4a842a4fd11e2a1ebfc5bc201f34ad8dea15e39526760c14f552ab6d5d90f934,targeted,tie,0,True,True
d153fe06da32fa6b96454f46efe9d6ac9aeed817905b9c0345ede39a7b8129ea,conv-42,135,d153fe06da32fa6b96454f46efe9d6ac9aeed817905b9c0345ede39a7b8129ea,17dcebcf0599f0a73a1da0b6f2a196c1cf9943cdabd56123c14ace5af2573185,815a0330f334e62a413fd093184a3082cd5c9f8ac01a3d511ebc9690fa57231f,14,13,103,0,0,0,-0.04007762670516968,-0.12778118252754211,0.26914626359939575,0.21322184801101685,0.8828111886978149,0.811837375164032,-118.0,-152.5,113.0,95.84615384615384,0,1,34,-0.27,-0.08571428571428572,f8cb3b5834f6255cb8558b610ab15daa3266163e81ab4d824528ffe33fee1e3b,f23b635a7d2e2f4e73100816030ccf13dbf3dbe60cc71db83008443fc5fc3f23,targeted,tie,0,True,True
6fc0cf9b7ff764cef9062b4f6add450ca447be11bdf4b5e1677fe276c6ffaf98,conv-42,136,6fc0cf9b7ff764cef9062b4f6add450ca447be11bdf4b5e1677fe276c6ffaf98,d34f86ebe230ccca70546269b6b1e342223089be50134350c14262427af9e9d2,8ce341a8c2ad67a9375599eb83a72cb5804a590ded7064896bccdd61638f770f,20,23,90,0,0,0,-0.05233359336853027,-0.033244699239730835,0.388272762298584,0.21951383352279663,0.9223508238792419,0.7855614812477775,-113.0,-138.4,112.0,89.91304347826087,1,-3,44,-0.09,-0.051000000000000004,75e45fbcf1b2b26122fdafb5b1594eba64705d819a3141dd9cdf23f3f3f1d563,c13a3d7730eb86d36ec069332d5cf194a06cd37965ca6a4cd7a998a5e9229b33,targeted,tie,0,True,True
8514c3e6456ee62ec000e49fcab9d49b6563dbace0314d91a2e0ba9bdef317e9,conv-42,137,8514c3e6456ee62ec000e49fcab9d49b6563dbace0314d91a2e0ba9bdef317e9,5e79e558b6cd315bba1d3fd76dfd4739852e5d57bd840dce2b6af9d2345488e6,bcf844d194a13a8a7d782e68e9ca18aecc7679645b993deb9a57c40e273ab5ca,9,9,96,0,0,0,-0.022172272205352783,-0.044174253940582275,0.333915114402771,0.26258136828740436,0.9256073236465454,0.8283572263187833,-108.0,-147.0,92.0,78.11111111111111,1,0,26,-0.09,-0.04666666666666666,28bf44f1956fddaa06bd397611fbd6585be413dd7dda46ff51875327532c7b0e,a7b9e9b1b1d51b991a387e60f9eb8beb48d8cd28a2c0b55436ecca0b9d930f45,targeted,tie,0,True,True
f6991c6a5b9ec7224611f21e5b4ac5ef1309e1ebfcf41c0ce34a7317c306e76e,conv-42,138,f6991c6a5b9ec7224611f21e5b4ac5ef1309e1ebfcf41c0ce34a7317c306e76e,bbae043718106d360e20c7a6015d690acc456525dad06a6ee4452bff7729ac79,12ebd094be9844499edfac0e8621a0942d60bad17aeb549705ec08d5f1581f0f,13,11,85,0,0,0,-0.01962381601333618,-0.04043826460838318,0.40594613552093506,0.24477872481712928,0.9256073236465454,0.8040498820218173,-97.0,-124.53846153846153,94.0,79.9090909090909,0,2,-41,-0.15,-0.050769230769230775,eac13f7a41f5b6865b669622f562d51b5c3ec4e64fd95868a8f5f405ab48c5d5,a5413f689cab9353aa9405e6465ab6f738f0cb4c611a46fb08a164fcc8d9a4a1,targeted,tie,0,True,True
cdf0a22b15fb245da25697c616aa6acec14096eba89f6b76c05b680695d277af,conv-42,139,cdf0a22b15fb245da25697c616aa6acec14096eba89f6b76c05b680695d277af,4aea3668788aedb5ec798fe5fd48aca4ced78012ce2558cd692898d5d8ac7564,0b5c4165eb558db46adba7877690c20f9733409f2619a79e127807cb8bccfc43,17,15,86,0,0,0,-0.026302844285964966,-0.18396705389022827,0.3227196931838989,0.2269316140343161,0.9423038959503174,0.7922472476959228,-102.0,-141.58823529411765,99.0,84.0,2,2,33,-0.18,-0.05823529411764706,4e4503eba646b12761fb980f02f42cdbbef4fb868e3e2a2cad34959cba96d67f,f5222ecb3c82265f92bffa8f8d34b85a74c5dafbac4d4a7c0316d398d347a448,targeted,tie,0,True,True
71bbb7b2e60489c5ed284ead4a72512225f26413641d81ded2c98fd8c25b8c1b,conv-42,140,71bbb7b2e60489c5ed284ead4a72512225f26413641d81ded2c98fd8c25b8c1b,1a9429e3ba9c3452cd8ae1ebe4aed240c4dde4e31c5293d43259f5465fb9da33,dc7d86c30b4fbe0525a6afe9993ddea1a043745d6ed5fa4754882082fdd9a778,11,10,90,0,0,0,-0.025948315858840942,0.13175424933433533,0.30048638582229614,0.2115004062652588,0.9627875089645386,0.8135608971118927,-100.0,-130.27272727272728,310.0,104.4,1,1,-8,-0.12,-0.051818181818181826,21dfd1f50db2b96916748b2a3b6615a7c4a791966afeacc432fb26c2cd286892,bb242cb76f3c6cf8458c47bd7b7945d37bb8e5e7530aed9360d1bfcd47851cba,targeted,tie,0,True,True
17c46a823bc725632532bc667238837e7b8560e79681ca2616d04f232c3d0e80,conv-42,141,17c46a823bc725632532bc667238837e7b8560e79681ca2616d04f232c3d0e80,757fceb9bfbced1ae6ecac97811444339002bd49c918349182dd50c13e83db68,b5c929aade6388e56ba87f953815d04045f9daef032c79d761b0236f4ebf459e,14,14,99,0,0,0,-0.027238130569458008,-0.05811262130737305,0.2720949649810791,0.21865755319595337,0.8706284761428833,0.8013081933770861,-114.0,-136.57142857142858,110.0,96.92857142857143,0,0,-34,-0.15,-0.0642857142857143,47d3c6f7ae974b9608053e2967b60a285b355668431dec4e45a93dbc1911c977,cace2fff3a69432165e0c3b14a8b1f7d2c9483cf0a1eb06bee83e923e0a85b8e,targeted,tie,0,True,True
8165918a161ed2b05728f3cfd8019bddf1207b2f5adbaf9038c8706ab4377028,conv-42,142,8165918a161ed2b05728f3cfd8019bddf1207b2f5adbaf9038c8706ab4377028,2e051274edf381be2285e7ef58ab865f3651b210d02e3e1dfb692ab4aa1c6c64,5f992f58a95409d0c32e82306bc9ec1b3d7d7027b7040ffc2c1487258216428f,17,16,101,0,0,0,-0.033710777759552,-0.028142094612121582,0.30344098806381226,0.16788671297185562,0.8708459138870239,0.8082147389650345,-117.0,-142.05882352941177,116.0,94.625,1,1,-55,-0.09,-0.06529411764705884,074be89b771ba9ac1a70988d9d125560556e7e26978590bb333a36b5634e1aba,8ad6422858f3c2d4ed0d9f38a26cf94bf4762f3c693caee4c728db8743aa70f2,targeted,tie,0,True,True
132fa200ee4a5c97560d5330c0e8cbdbb8fbc6f28d90b7358b02a994ff126208,conv-42,143,132fa200ee4a5c97560d5330c0e8cbdbb8fbc6f28d90b7358b02a994ff126208,6ba805e10b604efd8a5ba68f27d7919a9ddc483084e2e2346bf873e2a221ce03,6462daf10b0d190e5bcf83e12bf6128def09bcfb67a3e9946de0f931152dfeaa,13,12,85,0,0,0,-0.04443967342376709,-0.041469037532806396,0.3315277099609375,0.20696561611615694,0.868209719657898,0.7964455187320709,-99.0,-116.53846153846153,96.0,75.83333333333333,1,1,16,-0.12,-0.05307692307692307,27e8651f64121c1edd5534ac5d5f434437247d7339ec3229e98b9ab6867574c2,938315026bccf866a797a2bdc3d4c6c8170039641df5f60e542aee74f9b658a8,targeted,tie,0,True,True
00ee6fd1f8db7e4076f64f3c9239a0ac7c81116db5b79beb59fce072f6e68599,conv-42,144,00ee6fd1f8db7e4076f64f3c9239a0ac7c81116db5b79beb59fce072f6e68599,e47715cc90b52f56ae109fe0e52d67bdf736e8126eba4ce06b8d20bac0e79919,9952b349d7006c248da9da3907f9d4e33f48cd1e4e4229e1d7cc5278a0c9b0c8,12,10,88,0,0,0,-0.03543540835380554,-0.07628059387207031,0.3068273663520813,0.21509856482346854,0.9627875089645386,0.8169518530368804,-98.0,-130.0,103.0,78.1,0,2,62,-0.3,-0.09000000000000001,1ceb7c6bebd8a272be8fc25ede8bd86bdd51a41a39eb0937c51efffaa6828c7b,01d6b9d25712d7ddc26a7a1e19e205a34d283224a924a99df22ebd55d03faae8,targeted,tie,0,True,True
4904af140be07d95f182a3661dbaa3ce68aed85137a19c5cf2e15a1b403c4c8b,conv-42,145,4904af140be07d95f182a3661dbaa3ce68aed85137a19c5cf2e15a1b403c4c8b,f9d4c09ff7da2ee911941b6aba8240bf2aa3d244ae42cb86129224fed75c323a,e6d93350ccc5b2c16828cda493694ca16765510a443c4d97d248699ecbdfbc9d,11,12,93,0,0,0,-0.03296583890914917,-0.045953452587127686,0.3164604902267456,0.18982360037890347,0.8891588449478149,0.793283944328626,-107.0,-121.18181818181819,103.0,91.16666666666667,1,-1,6,-0.09,-0.05454545454545456,79cc009e4bf2a56bb39072f9129ff35780b7e6032dce05a7a69a81b5b573cd0c,53f9b1c72f221907d4ee69f910662c43c2e3eb9f82499a01011c00c6423f0d99,targeted,tie,0,True,True
75d20418dd5bba916c0b25739b774b100d3bfd9448f6d880305cdc5e55de2267,conv-42,146,75d20418dd5bba916c0b25739b774b100d3bfd9448f6d880305cdc5e55de2267,64362347b5e0d8bdcaad2d1e655cf5e2ee5d6524fd017888090bf91c1fe3867e,a2f73855bfb1144ecc00afa4e836fba755de84068d772b3fd90663cdebddc120,15,13,80,0,0,0,-0.025629699230194092,-0.055444538593292236,0.3483118414878845,0.2281701644261678,0.9409084320068359,0.7822219683573797,-96.0,-116.26666666666667,94.0,79.38461538461539,2,2,18,-0.21,-0.052000000000000005,c180857cb9a8c4106c10c9ee480f215729ba1b9377b5d444f08d2116741ced34,17a1b8cf794d94f3c9517a52aa7fceddb351ad623f08d2585ecf569bb1823a6e,targeted,tie,0,True,True
941e81a43ee418df0647c9d5a25d62b0157550b0638b189acb755b032753a895,conv-42,147,941e81a43ee418df0647c9d5a25d62b0157550b0638b189acb755b032753a895,fa29433572550abddc03480a2cf97c8a18ce1a0fc4ff93084fd150fd4fde271e,7fa6acff03d3b62243df62e76f1d80b1ff60472086d3b1cee3efdf3e9550e114,17,19,102,0,0,0,-0.04018682241439819,-0.03653377294540405,0.27470844984054565,0.20499345484901876,0.9610450267791748,0.8048192294020402,-122.0,-140.11764705882354,121.0,104.94736842105263,1,-2,-25,-0.09,-0.05117647058823529,2b563c837299367ccbce358225cece104e00b733432313ca129ecfd1d372c957,d69a3db387f722a721fb3b48f61e04df9969c272cc091c70b0c09dae0cec384f,targeted,tie,0,True,True
21e0d5f3fc5d445af4320a167b01f70ff1f6f8abf209ef6acdd3661c6c2c1eb5,conv-42,148,21e0d5f3fc5d445af4320a167b01f70ff1f6f8abf209ef6acdd3661c6c2c1eb5,671b0473496b5714ed864b478392a338129ba1f9b6a6d9296f66605ba286b1d9,1aaa23f25b368e1ebf359cb2c5849da7616c331aefa2b4e5f5ac187b01fd4ac4,13,17,100,0,0,0,-0.039614081382751465,-0.05201256275177002,0.2707899212837219,0.18166314180080706,0.9640853404998779,0.8166167771115023,-120.0,-143.6153846153846,115.0,93.0,1,-4,-63,-0.09,-0.05307692307692309,72a4cee12c413b4c5b413af78cbacc7d18a27e76deff449bedf17e8fe0f58cd9,3d3742e27950237ab792ad3053ebd5a40dd9d92d72fb6e0f60db0398c55da4dd,targeted,tie,0,True,True
7efdd681246f3d212afad483ddda4525e68896dcabfbba46a2c0d4d6a0276c2d,conv-42,149,7efdd681246f3d212afad483ddda4525e68896dcabfbba46a2c0d4d6a0276c2d,16341f9ff7b4007aa2f29d9966fc5a5c505e980ad9685adb1f3629661328eb6c,f5331496a38c6419edda7efa6806d3301a05d50b864fdbb5f1b6242e0edac885,9,10,89,0,0,0,-0.016037404537200928,-0.050159335136413574,0.3068273663520813,0.20746518505944145,0.9102302193641663,0.8266306459903717,-103.0,-118.77777777777777,96.0,87.1,0,-1,27,-0.12,-0.05000000000000001,11c2e6d049829672b06b7b9900d79a5c2b801e154d8a9b833ab48b3e3f61738e,69867a5cd79c84927c849bfe04b4be50cf67e96a90ed9177118ca2252d55e298,targeted,tie,0,True,True
3999d1a4daaec4a044eebc70f937bdb76a76e3c6d5f102195e203402710d5928,conv-42,150,3999d1a4daaec4a044eebc70f937bdb76a76e3c6d5f102195e203402710d5928,5759d32c5d522343bb020ff9bbde235efdb476011a0596423dea320a885d6b37,14688729bd0baeb9950bf920cdaffd35268208d06ba4ea1ef6410e513c9d595d,10,10,86,0,0,0,-0.019366681575775146,-0.047493964433670044,0.3164604902267456,0.2210341215133667,0.9627875089645386,0.8359326660633087,-99.0,-121.2,96.0,79.0,0,0,39,-0.21,-0.06,0dc37671602bfaa9731a095229e1ccf69593d3865720fa0c1c947100ca3dd915,9e34c1bbc6cc635b7922229b0ef9a59ee9126b3d990f690c44a973738dc03c18,targeted,tie,0,True,True
8872d02e35cce4041e4e69ae591a8b05b1e59550dae8ff3e10bbb4d2204b7f6d,conv-42,151,8872d02e35cce4041e4e69ae591a8b05b1e59550dae8ff3e10bbb4d2204b7f6d,c0a17279a28302ab0921869e2b7b6ff2d2d0a9509d6abe9a5a4dc7cfa6ca96fc,e291fc7b8f7c921ad05f7cba92245665127a4fcd48d3f86c19226415e0d172f1,16,18,94,0,0,0,-0.034836411476135254,-0.035293757915496826,0.2556840181350708,0.189157173037529,0.9610450267791748,0.8182240294085609,-113.0,-137.4375,110.0,88.77777777777777,0,-2,66,-0.09,-0.06,48ec9685ac517d54891eff0463ff9ba3cdf64ab5a7e8e754e85343d98ceda331,364b849cb5b8217883b7e36fc2caf3d5aca9275041d20be6d4ecf720b130ef40,targeted,tie,0,True,True
1c932c485314b2385c83c01c921002eb4180cacd20f5cdb5288ff806f3a4e57b,conv-42,152,1c932c485314b2385c83c01c921002eb4180cacd20f5cdb5288ff806f3a4e57b,3a329fcf5857962adb3441463121d66b7a2d4ca4bacb2bdd296401ebf1f19796,5d9e6a6053e645f00fd34ad00cd74fda07e7364b16ba7db015da8facdaa4d7ea,16,15,94,0,0,0,-0.05565375089645386,-0.1573835015296936,0.3539414405822754,0.2392817735671997,0.9423038959503174,0.7875606536865234,-109.0,-136.5,108.0,90.93333333333334,3,1,26,-0.18,-0.043125,a5ab4e6a8c4da7c2767dd5bf00ca46248f791b0d36b6945b7aa87a6e97f5237c,50f3efab1326581d81b7993c3414023a455b9229d580a41be3c891e15c95b1f0,targeted,tie,0,True,True
ba755a5ef7c18662359f361bac702b3a77bce1a3ae3b22cda727bd48210754e8,conv-42,153,ba755a5ef7c18662359f361bac702b3a77bce1a3ae3b22cda727bd48210754e8,cd8892e7004878c8db2dada51db265e27ac6d28c803ea28c926c6358ab855085,22c958ca004ccd1bd610170538aa385243d388cf4dcf315df6106b7b6ff19e6a,12,13,106,0,0,0,-0.04301771521568298,-0.02588939666748047,0.2994539737701416,0.2177368849515915,0.9256073236465454,0.8071940541267395,-119.0,-137.41666666666666,117.0,97.92307692307692,0,-1,-32,-0.09,-0.055000000000000014,2ca9a4c93156f6740291411f7c24c3cbc53b342ecb0987b39627b2d4c259ee12,a387f0ef38c1cec5789173521f2f598674fd2f5b4789b0c0520d64687722f681,targeted,tie,0,True,True
82dd1933f9258b656b87340826bc8ea52d01734f127aee1cb6add0eb5e13e06b,conv-42,154,82dd1933f9258b656b87340826bc8ea52d01734f127aee1cb6add0eb5e13e06b,59ed2d92cdb54b2451b3aa5340c643aadbe168ca1e2da0fd2ed3186135a80da2,34e0409c789ba3d6842d590f1a35b0da67514b0dde37fc9fe0c2aadc826d0e06,12,14,99,0,0,0,-0.03977090120315552,-0.022295653820037842,0.3250281810760498,0.19589878618717194,0.9610450267791748,0.8162849204880851,-113.0,-136.41666666666666,122.0,88.14285714285714,1,-2,-3,-0.09,-0.04750000000000001,996b862dbd03c7270561ee0e4f0c64cec178719eea6cb78663a316a555e3dbde,eedca060d468b58a61660caa00ffab324c99bd455e69f36d5ea7011e0bd8b560,targeted,tie,0,True,True
4e0a79ac170d79d88bd204cd31a191481a96b43517c70332a24df4609dbd84ef,conv-42,155,4e0a79ac170d79d88bd204cd31a191481a96b43517c70332a24df4609dbd84ef,70bc620a5b8458da22e2dd44244cfc474c2dbb50a1e5fc15c3af538a6d19b45f,a4608935a93952f78dc68f0a4659f87061f05c4b2aadf65f5401740068428752,19,22,96,0,0,0,-0.02009892463684082,0.11028796434402466,0.2616950273513794,0.16691953571219192,0.9346428513526917,0.7861106070605192,-118.0,-153.42105263157896,310.0,105.0,4,-3,-21,-0.09,-0.04421052631578948,bdbc17ec6142fcf9f0add0c2bb9a177126122a95b0d99797e86b1e0cb969fd61,43c3d042a32727d4e2cd6ad0f3537e55722888e3fcaa80f6967d15c67990bec1,targeted,tie,0,True,True
e6b32beaedbefdcecc4d4afae24b57ad658019b4b11afb1c2ed05664c14a653a,conv-42,156,e6b32beaedbefdcecc4d4afae24b57ad658019b4b11afb1c2ed05664c14a653a,b7c59b682d85d9ab289d4907de2d594cccb6bf440f378dda92ae9d12b75a62b6,69dc2ab71a9416fb285ab1be56cf298fcc211b1ca4b5b9d61bc2f0bb6765f1f1,17,16,96,0,0,0,-0.05245181918144226,-0.05511030554771423,0.2823209762573242,0.1907573096892413,0.9166992902755737,0.8140465393662453,-113.0,-135.2941176470588,111.0,88.0625,3,1,47,-0.09,-0.042352941176470586,dec1f04af42b10c6a3d86ff875e7e7a0e157a65e157dca557a05ebd583e4a3f0,73c37f4ff571eb04ae8d9b84580543a72a974818e3d3ec6b91ec4b7340f84f47,targeted,tie,0,True,True
9ebd132b6471e1623a7cffb8784054cc237e1ec0f3c7d146fdb99011f232f20a,conv-42,157,9ebd132b6471e1623a7cffb8784054cc237e1ec0f3c7d146fdb99011f232f20a,c8bb856982b3d2e4e66f2ed760a2d1570f39c5ae0df3c8871e07ba79fe4dacb3,07d995101d53dff4c1fee534a8845ce07343c17dd1c4ee821f8fe9b3ae7c065e,15,15,97,0,0,0,-0.054907023906707764,-0.05278000235557556,0.3438728451728821,0.19334093729654947,0.9627875089645386,0.8126837968826294,-112.0,-132.86666666666667,113.0,90.93333333333334,1,0,-27,-0.09,-0.04800000000000001,1f8101e006d606f9b8e8ed66157534f58c1404441b536787bb508c31f5b4c7a3,0ec706b23762c10ae313152ddf57123905c759b8402876fd3787105636d25c8a,targeted,tie,0,True,True
742d5dc4ab2be50f5612b227760d81f53686f71a49b0b91bf1d5f42c6145f564,conv-42,158,742d5dc4ab2be50f5612b227760d81f53686f71a49b0b91bf1d5f42c6145f564,ef6f1d4ec0a52ff26967e803efd903e2ce2ebd59a7fae22f866dc16460092e41,735ff56b38a79e870f1713144f56037d617379fb416b97cc9af115fa7c886a8e,14,14,99,0,0,0,-0.05295920372009277,-0.047300249338150024,0.3370882272720337,0.21581940140042985,0.9346428513526917,0.8226655891963414,-116.0,-148.78571428571428,111.0,92.21428571428571,2,0,-27,-0.09,-0.042857142857142864,bc534c07ba6c4f17763adb9609b897870ba120c20829f00c60121508b214194f,f6fadc3d63176c82ab6e50e95a2d7d832aa7228f2cf3b9b7704ba1802571cc37,targeted,tie,0,True,True
7c86b465b02572fa7d342cb5b4f276fb2c19530f0e08e6d0c9c2c5c41333cea4,conv-42,159,7c86b465b02572fa7d342cb5b4f276fb2c19530f0e08e6d0c9c2c5c41333cea4,f9f820f6d740905f304252e0c81a42d6b40aee15dab9056842e386ce0d441b10,965708b285aff27435698fb020c68a0ca62d9a9a9ac6f7f1d6343686ab0e8ec4,19,20,92,0,0,0,-0.049928128719329834,-0.056220829486846924,0.35964393615722656,0.22976838914971603,0.9627875089645386,0.8034218043088913,-113.0,-134.78947368421052,112.0,92.45,1,-1,52,-0.06,-0.04263157894736842,fd72860b394fad4120aed16894c0acea3317c58ea31a81e0a8e8f9efe547fcfb,fb9cf0e6e33a6bad2bb1853bf084bb1d882ebaab4aa01e9acee03bd9840dac12,targeted,tie,0,True,True
61dafac5b1e8fa40bfaa28e5d026e6ce2913dd937ed97bde0c14cbc71d79b370,conv-42,160,61dafac5b1e8fa40bfaa28e5d026e6ce2913dd937ed97bde0c14cbc71d79b370,834d63176aa86f615915283f0a4359451cdacaa9813dd643055e3c6fbbd18a44,0eaa24a25976a3209aadaf3c4d0c8d52f519df7f8f37ca5ca902052286af1ca5,17,19,96,0,0,0,-0.02435624599456787,-0.04489538073539734,0.388272762298584,0.20762759797713337,0.8891588449478149,0.7989615233320939,-116.0,-142.35294117647058,115.0,95.6842105263158,1,-2,8,-0.09,-0.06,8fef44ded6b6ffa15bdc9d3bf5e82209e0d70e191883f8d4043cc7cf327aa1c8,3618fa3a80f7ef1ae06acf3f3e44d0b4366515196b87f053831fa30fa11a740b,targeted,tie,0,True,True
0969be31588bd147e0bd9e47ddaa00c435f6989a146007b141c5ecc4addbb620,conv-42,161,0969be31588bd147e0bd9e47ddaa00c435f6989a146007b141c5ecc4addbb620,766c07685711d1b19b1673270102440f337dc33e077c93cfe9db801201b0e5fd,be864a91d2d99a09f0754fb88c49b58e2e05682a4d9a1fd71948ef0166dfaead,14,11,88,0,0,0,-0.02609306573867798,-0.051379114389419556,0.3575117588043213,0.2029798882348197,0.8572463989257812,0.7978667345913973,-100.0,-131.35714285714286,99.0,85.18181818181819,1,3,60,-0.18,-0.06857142857142857,cdd784876f7d1a35b1b9eb3bd09393c48922105503a6c2f0fb62f0941137aae1,f3b9c9585ff569af618cd0cbf71c057f441fc156a92c3befaa46963da12010ba,targeted,tie,0,True,True
b1c28679345538b9beb38fc6e93a578c2f81d59ff0450d316cb57e70bc16e07e,conv-42,162,b1c28679345538b9beb38fc6e93a578c2f81d59ff0450d316cb57e70bc16e07e,5a3cc9fcb9e1821b407e9d65bf8a6f02ea87df0d0c5e9573ff95b4a0951360a6,470902f2214e80e9157849a1d971b9c29b840e54d0b809fe09f9e2a67f0f174c,15,16,94,0,0,0,-0.0650576651096344,-0.042377620935440063,0.388272762298584,0.20369128386179605,0.9223508238792419,0.7795417159795761,-115.0,-134.2,110.0,83.5,2,-1,26,-0.15,-0.04600000000000001,a91bd67899cda568cb777c326475fdedd26ddb7a6c0a0bbd0a6d0380e1ceb33e,7f8f23ebc52f1be64bb1b5fa9cd2c52b5cdb4a8978cce3bfbaac99c675d234aa,targeted,tie,0,True,True
eb2d0d14221cce4c03e90604d6a2902fea2b291e522e09083f96695515da37bd,conv-42,163,eb2d0d14221cce4c03e90604d6a2902fea2b291e522e09083f96695515da37bd,eb63b7793ca8dc4182bf2bf43329a0b06dc71032cade4313c42a8a5c61f9d42e,39b60b045242601baf233f9892273c987ea8d585e8300dba3e079b02daed6250,17,16,99,0,0,0,-0.03239321708679199,-0.03498467803001404,0.27200061082839966,0.17608533887302175,0.9223508238792419,0.7890395857393742,-117.0,-136.88235294117646,116.0,95.625,1,1,12,-0.09,-0.061764705882352944,0e13af8f8702bad5ff7b05871b6bd92f6ea3ed83c80ac01680f92d7539ec44a6,5b2e9a3a3f0b26aba600e97a912a38c4423ec49f2407e730908e5dcf3d7756ed,targeted,tie,0,True,True
477f5c20ec65786bc52de4f6d097e4df81a0fa5936f9cc0df9254a7b8769825b,conv-42,164,477f5c20ec65786bc52de4f6d097e4df81a0fa5936f9cc0df9254a7b8769825b,ceae8ddb35201fcd31a9806e80b4f7e9a7d58a66cf0f4230ae0979eb72d54b92,d5afc1084ecef7f76961e4a0f679347e8f0ed482e0d6b8e8c83174ba6f46209e,14,15,98,0,0,0,-0.05212944746017456,-0.04384896159172058,0.2709587812423706,0.2072511272771018,0.9640853404998779,0.8070630311965943,-115.0,-137.0,114.0,83.26666666666667,1,-1,-4,-0.06,-0.042857142857142864,aef45279ce16dcfb5eac09ef9a56da2416ee6b9836fdc595fd12d0ad8ff8e20f,5d755ac310fb50772ca247f1febab363dd9c6e55cfefee481f1acca4474ace92,targeted,tie,0,True,True
302ef6dd5b5e8dddb58724548d741a1560a10fd9bf2faf92bf07d1670f5e3520,conv-42,165,302ef6dd5b5e8dddb58724548d741a1560a10fd9bf2faf92bf07d1670f5e3520,3f5d1f6da29e9d1952857b20952e0fc891556f0ef1b64155326ce356667cba95,4aaabd678cd6ce6d2e883de5ed31e3c7d2f91482322861e962e23e9bf7c5952e,19,17,100,0,0,0,-0.027193963527679443,-0.04706299304962158,0.28488296270370483,0.1843584085765638,0.8740233182907104,0.7680256822529961,-119.0,-146.8421052631579,115.0,96.3529411764706,0,2,17,-0.18,-0.07578947368421052,a59cbb28d7b576e1c9aa09c11494bb0c6f0f2359e972d45ce79c8b6f16aaead7,9bb52d35114d22a974be56de52f45ef4ba63823885e9e27a2073d0ef5fdbd6cb,targeted,tie,0,True,True
5791ae1d0126582951ed661c17b6c32f6216a6d4d7785c6a78253e5be1da1597,conv-42,166,5791ae1d0126582951ed661c17b6c32f6216a6d4d7785c6a78253e5be1da1597,cba353cc9727efeb562bee729629776e7a3dd840a8bddec6309977196a4b2559,a7eb9a2620a3edb4752b092fa15801a5b718e30fa1dcd5cfff1c3042215653d0,15,14,97,0,0,0,-0.03005841374397278,-0.03263664245605469,0.25479334592819214,0.17173933188120524,0.8744850158691406,0.7873199198927198,-112.0,-134.26666666666668,111.0,88.92857142857143,0,1,-59,-0.09,-0.06600000000000002,bfc651639289cc458df8cb2b6b6bce5796f8033400fc382a46c0b0f55b8a8874,389d08fab23ac417dae061850df2e30907a94d30e3ef06b064cc30d9bb7301ec,targeted,tie,0,True,True
b3cec627e4999aeeb6ad5a0b87fc7f371e8833ff44ec946ea2d736602f4e40a4,conv-42,167,b3cec627e4999aeeb6ad5a0b87fc7f371e8833ff44ec946ea2d736602f4e40a4,9b2f3112cf6f36b845a60f203d7aa47c05c38e51df6a66af43c39435106542c4,a685421b1b0f18192ae88e19fe88d30e12e5a764a62e93260b1808aeb84e2abd,16,14,99,0,0,0,-0.03143644332885742,-0.03932082653045654,0.3474684953689575,0.1917792111635208,0.8833304643630981,0.8191736340522766,-113.0,-136.0625,108.0,92.85714285714286,0,2,37,-0.09,-0.061875,545b752a28f2ff8dfd8d3b8b82f80eaaad2a7b9d09dca072d043400bb4017e2f,1546b5e36984f568d22ca69a53ff05213a53b0968be32a9e298d9f3dd7bc2cc9,targeted,tie,0,True,True
5a1ed4a5090c0ab5de69433c8845b42bfcbf453a92a2895c1855eb9c7f22c9fc,conv-42,168,5a1ed4a5090c0ab5de69433c8845b42bfcbf453a92a2895c1855eb9c7f22c9fc,715e0ed340bb407879304baeabb9c0ec79739a6cf70a1880fac985c516e3d0c2,827b89c2a2aedc1769c2b58450cc6e3acfa13c62766b1af6c1fa6985c7814f4b,17,15,91,0,0,0,-0.02788001298904419,-0.03652045130729675,0.3539414405822754,0.2181165113168604,0.8833304643630981,0.8140596310297649,-107.0,-131.2941176470588,104.0,85.73333333333333,1,2,-14,-0.18,-0.06352941176470589,30661ec5226420983df107a6cdc5ac9e250f970e784bf22241a6d8082c1010d2,2caa347403b16b8b7143b3de61392a4189f719d32e799de4c4275d1d1c1f7a6e,targeted,tie,0,True,True
c817a21559b35938a4e7a823b6a8959fcd4d2031b314b59d332790fded73aca3,conv-42,169,c817a21559b35938a4e7a823b6a8959fcd4d2031b314b59d332790fded73aca3,0019ffe020f24822ab9d4565e64c480fc072083566e6c63a6db534f1d8342404,4a2200415e5a00efac3bf277f48821ac0fdf10bc5454cf460a72ec40278ca92b,11,10,95,0,0,0,-0.03719109296798706,-0.029616981744766235,0.3315277099609375,0.22945960001512009,0.8891588449478149,0.8060958504676818,-112.0,-129.54545454545453,104.0,91.9,1,1,-57,-0.06,-0.046363636363636364,8e7ede6fd8ae2155204a93da5e6f23de427045a6d88ff5f9e10af9d98f004c5e,5bc78ad70948acd7e92a137b16f4b7e88fdb6fe9da6bc93275450c3ebaeb23b8,targeted,tie,0,True,True
ff7c0160ec2537f7fa14c2e939ba0b5470b3e3e1c9b06ed7e552021dcacf2164,conv-42,170,ff7c0160ec2537f7fa14c2e939ba0b5470b3e3e1c9b06ed7e552021dcacf2164,b96814dd08ef177faf691a555c83e10fc0cb323c41f735dfccbf1708237e68c6,aece5740a981a1e4e7a190fee02eb99e23b8cfe394c7c4b5924ad6a73bd7e503,22,16,96,0,0,0,-0.03734657168388367,-0.05128982663154602,0.3539414405822754,0.21058747443285855,0.9166992902755737,0.8005454391241074,-114.0,-146.5909090909091,111.0,91.5,2,6,8,-0.09,-0.058636363636363646,5f1b477a79075377d8b6f111b9fca52381af58226c09f8412cb54fa4fc1bd1a3,6d1e65aff432b7f1c9734f534a04926dc9acfe43a2381a996551f8adb9ed436b,targeted,tie,0,True,True
b60dd99c74547ba2cc14dd6bdf4d934c451753f31435d2b0905f954087cb6f49,conv-42,171,b60dd99c74547ba2cc14dd6bdf4d934c451753f31435d2b0905f954087cb6f49,82c1cf6283649c53ecd68d8c7008eac5409cfb7c9a082f850ce21e0593ba38b9,aeddf016bf2783c8c670f15f6b71bd712b58b358894ff41536a2b5f6d9c41d23,14,15,93,0,0,0,-0.035825490951538086,-0.14701393246650696,0.3335255980491638,0.22286485348429,0.9286861419677734,0.8170007069905599,-110.0,-145.0,118.0,94.86666666666666,1,-1,-46,-0.18,-0.05357142857142859,f62d12420ea9ed10d3ed9353b7b4a7f3f03a68eecdbb48b02ba2eec23ee47ac9,fc5879c70b1469c23092506ad0d0b8708fc387673aef3925a3e66e2ba92db6ef,targeted,tie,0,True,True
0b1e3866968cbbb70bc2b550b7ce98b49426e2bfd6bb55e6b1d98f60606d268f,conv-42,172,0b1e3866968cbbb70bc2b550b7ce98b49426e2bfd6bb55e6b1d98f60606d268f,eadab4ca8a45615d38b0ed955f8e2701ac4e9f9fe6d7752082e773e9f5493f03,96601b057d200e213f56455fdd102902ff6ce5c14255618025009656e1efa8f3,17,14,96,0,0,0,-0.04050475358963013,-0.03159677982330322,0.3164604902267456,0.202062329825233,0.8596193790435791,0.8074804416724614,-113.0,-127.82352941176471,108.0,86.5,1,3,4,-0.09,-0.06,22706b92552b5ffcb6d7983c5b2c609e2a7c895591ee74e11f97a010bc602df2,6775d7418c9de5e983b88911fe5b43607333a06d83a1360eb719453ece965951,targeted,tie,0,True,True
d848835c09df411ca35002490754e6e792259f44eb4d58806e6b405cf6105db0,conv-42,173,d848835c09df411ca35002490754e6e792259f44eb4d58806e6b405cf6105db0,4c60ae731f31713be272d7efed5eb95078b0584a84b21ef9d46546b678fb1d0c,d7018b50f55b64c3b8b432dd4263c07b9aab7a9ce2e145f284114779e4116ae7,13,12,103,0,0,0,-0.03618866205215454,-0.04580843448638916,0.33349311351776123,0.23339241743087769,0.8596193790435791,0.8200183461109797,-113.0,-138.0,115.0,98.91666666666667,0,1,-50,-0.15,-0.06461538461538462,f966b0a745436572617c923385a4d6d8c6abdd64e36771073c99bc67ee2f4681,62c0784c968380e5eb016c85b9666c50fb929cc2c1d7f3a655321e4493452016,targeted,tie,0,True,True
e19eb44841cc62fc922247d863f7c3f533fb2d1ab1535c02b87ea00abcf42ec8,conv-42,174,e19eb44841cc62fc922247d863f7c3f533fb2d1ab1535c02b87ea00abcf42ec8,ffca708030f618ecc9889565283747c2804c1fb3835bc5e7b702ea6b3cd8af00,2a03f9f64b58232bccd0d764b9ffaccebd9a1fffd9dd6ee85234d0fe186253cf,19,18,96,0,0,0,-0.036261916160583496,-0.07097887992858887,0.3366917371749878,0.1898398618949087,0.8490810394287109,0.7781745427184634,-114.0,-142.1578947368421,116.0,94.88888888888889,1,1,43,-0.09,-0.06631578947368422,a62cfe7e71c54f790be2c201aeea3b1ecb13f486371dce7f7f3a6075cdaed77d,cc7f120c3c0c40db8fd662ab6b462a243b9ab62388450e232b1c425f4800ca19,targeted,tie,0,True,True
c717d54a30249d9c0b87a44c055c625ebfdfeceb4b8a4d65da464d8e349f61bf,conv-42,175,c717d54a30249d9c0b87a44c055c625ebfdfeceb4b8a4d65da464d8e349f61bf,749a3c2f383eeb689d006a45087c11f5085849758d3b843d5aebacd2e09acbb5,632c74cd5164ad4d9779a2df02e382c703a10ea87af601733c791fadafebe6ea,12,9,103,0,0,0,-0.023656070232391357,-0.04500436782836914,0.27620893716812134,0.20771588385105133,0.8346182703971863,0.7919120656119453,-119.0,-159.08333333333334,108.0,95.33333333333333,2,3,29,-0.09,-0.0425,752a29158b4c8991a8b1b2c058040f6fe48e9d478542fab27341155f68dcbebd,3a25e0ee1d3d8546e0d9696f39c745bf82e756b8da1e8449d9d03b5052a9b49e,targeted,tie,0,True,True
e0d07abd44619cf98757131aa0b50bb85075878eda97634e5ecbea4719e6a37b,conv-42,176,e0d07abd44619cf98757131aa0b50bb85075878eda97634e5ecbea4719e6a37b,5e13c8ab654a07a6d48b357b434cf6d88a6c5860d734891989c0e22449b0d29a,b69249d3e3d488d67b57a7d054069f08bb5dfd2103f17496799892efc4a3ced0,13,12,95,0,0,0,-0.02054917812347412,-0.18772989511489868,0.3717923164367676,0.21696674365263718,0.8242892026901245,0.7567402720451355,-110.0,-149.0,106.0,94.33333333333333,1,1,35,-0.18,-0.06230769230769233,5a467dcf3199cfb46f282cd499d48e5f7282a143bd92335024127fe78e691a4e,b46ba3cc86f6e6665f0710489740402e8d3d6a75390e7c58b096b6179aedcd46,targeted,tie,0,True,True
c4177bea62a55374ebcc25363759cd74ab8b2f83b9ba89ab1994bb09d6e20566,conv-42,177,c4177bea62a55374ebcc25363759cd74ab8b2f83b9ba89ab1994bb09d6e20566,a8cdf405d1706b0c11f70675113cc549bed9bc9c883a7aa7c54d9032dea5b6b1,723773f35509e126bcb02c40f0d6abbef0dc014c80a8987d0ccbf3e825c46cca,17,14,86,0,0,0,-0.02836337685585022,-0.04370248317718506,0.37345951795578003,0.22277604131137624,0.8640567064285278,0.7875886133738926,-101.0,-133.05882352941177,100.0,83.0,0,3,-52,-0.21,-0.06529411764705882,be5f837766a8979fc915dee477ec072c25555bb72348dc0b515a1a75dcadcbe9,b5f36d5ff6557748b30c3f9620b4ba927a0a04bc1e22b10d7dc8ed7bf2672129,targeted,tie,0,True,True
e878e4ed0b1192803ce5a4f95bdc0c77c1e0db366584922c01b7cb3b0832b78d,conv-42,178,e878e4ed0b1192803ce5a4f95bdc0c77c1e0db366584922c01b7cb3b0832b78d,84ba0a70c25442bfa0eacc316b579bb8a05b91ab9214f6f6aa344d8f41961aef,9c4ac9cdecbbdc760505e1a5914c86628253a005d3a2ecc4e748986d3bbf75aa,18,17,86,0,0,0,-0.03311246633529663,-0.03385576605796814,0.34407317638397217,0.22052957283125985,0.9256073236465454,0.7720372922280255,-106.0,-135.55555555555554,141.0,87.52941176470588,0,1,-30,-0.24,-0.061666666666666675,26b41fe8ccf2eda82023763e887487a68410ec1ccebfa8147c8db4202191b2f9,e833bae023bc87b29d7ff8ddd84097eec1c3f2d3314b6450c928a4ecde40818f,targeted,tie,0,True,True
1dbc0d15aebef084db54ed55026e3f8bf07950db786deb7f00120ed76cd002e2,conv-42,179,1dbc0d15aebef084db54ed55026e3f8bf07950db786deb7f00120ed76cd002e2,e0a349ad9de443cfa2eea70c0d27768718b2f83a3d771f5a844aefaeab9dbec0,308c8716bfdbb6753631ce6f09819a70c5707bd3b5f51a94c138ba1557c7a9a7,12,11,90,0,0,0,-0.017513304948806763,-0.03473576903343201,0.3717923164367676,0.21363664666811624,0.8360731601715088,0.783452960577878,-101.0,-117.75,99.0,88.81818181818181,0,1,8,-0.09,-0.055,31e1a1bad921441e588c0a7fca6b35a2e20d18a13a450ecacc45ba620a369045,d926eeb97164e7e1beeab7ee13cd365046125489861b2f2f06384d59dfadb42f,targeted,tie,0,True,True
8f5fea067f86bd197fdaf719ad231f1a12b083207bad885efb32218215dd8f86,conv-42,180,8f5fea067f86bd197fdaf719ad231f1a12b083207bad885efb32218215dd8f86,6501af9f106ddd17998c03ff6e9cfae996ee2baef4c18a48b6b91e6d72d6e3ca,b0e1e6e8d42b019f3d96a41b1582511ce26e03b9a5608d629f1f6a64c1e6637f,16,15,102,0,0,0,-0.03691500425338745,-0.05018949508666992,0.3263348340988159,0.22168144583702087,0.9627875089645386,0.8248653491338094,-121.0,-147.6875,115.0,94.66666666666667,2,1,18,-0.09,-0.054375,a18c608eac25d5efea5803cfef5d5a153b38a656c790cbda4677bcc462c73d69,e6be840bf10cb7cd8cfbf0973dde668e2dd8d09a770429e9a285b3f2bdfdef13,targeted,tie,0,True,True
e7e2427be39358fb7357837bf236e8d7ca66309eeb2bb13f8ba42e52b1568b2c,conv-42,181,e7e2427be39358fb7357837bf236e8d7ca66309eeb2bb13f8ba42e52b1568b2c,f80105bd428e7e78e6d92dafdd0c08431c0db6d5a3a1517ac8b5b16a72352f5d,a46e435cdf8737e5bf673219411041709b9aaffc27647f1fc9d9062f699c485d,17,18,99,0,0,0,-0.05189293622970581,-0.030439794063568115,0.3080245852470398,0.19002402179381428,0.9610450267791748,0.8082272079255846,-117.0,-140.05882352941177,115.0,96.94444444444444,2,-1,-25,-0.09,-0.049411764705882356,0e172d797aa8ed0dcb8ef101e4dea938a823afeb5b28276bf7006d4829adbbea,fe8f9d7135e2204689fbcae36b3cd18f87bb953a537a201ceca0e584ce3bbb3c,targeted,tie,0,True,True
cce7d1bcf9e03729075d9a3cdbd41b51ab5f77993aafc6b9510e6fb9aa1f40bb,conv-42,182,cce7d1bcf9e03729075d9a3cdbd41b51ab5f77993aafc6b9510e6fb9aa1f40bb,5b2d24f41764a2dcde1f954955aee8581c301752553cd64bd99dcef73ae5959b,ced4335cdd53b12ac938d60348696d98cc59de8e25cb37278c2a518c0bac9dfe,15,13,81,0,0,0,-0.0404207706451416,-0.06077855825424194,0.34512394666671753,0.22188933293024699,0.9627875089645386,0.8200566401848426,-97.0,-120.33333333333333,95.0,81.07692307692308,2,2,-8,-0.18,-0.05000000000000002,d8acdd2ddf50f2719116dc77f67a728b2f2418089f5e63688f757f94f18be429,caa9cd2b367ba3559cc35ec10f878cd3ecf3d94bff30e0c7332fa0fa3d9366b1,targeted,tie,0,True,True
2419e15b6699b830d7a96eb4cc1dd369f04b51de5831d4e138f296a806d1b48f,conv-42,183,2419e15b6699b830d7a96eb4cc1dd369f04b51de5831d4e138f296a806d1b48f,a55e373a6aa4a25726e8e773e665ff40545a76a2c15171fa39014e6fef3895f4,ad88293078aa93403f25d687d8a994347b9b92d84652e83a70e93daf315bc0e4,19,17,99,0,0,0,-0.03327822685241699,-0.049263954162597656,0.2707899212837219,0.18619760714079203,0.9223508238792419,0.7948493361473083,-117.0,-142.57894736842104,116.0,92.41176470588235,1,2,-18,-0.09,-0.05368421052631579,af332ec9cc49b20ee71e23a35bb4a2f1c46d6e82e4ec8ec88ccf16fac52c8b5b,473ecbc52eb6fd58d31932accc5301a918bf49cf211ad680f80878abbbc63c8b,targeted,tie,0,True,True
c9d54c17a3ac4586ef4f2ef142bacb836d11edc34b74bcedab7c4d13a3d2681c,conv-42,184,c9d54c17a3ac4586ef4f2ef142bacb836d11edc34b74bcedab7c4d13a3d2681c,6cec61636bd296dbb74658b3f2923deadd4e671a700306ad900fc324ee929c96,80c7a67e20ed3f9e17e7ef63b441f0300702e765d1bad13a8dd7b85e5be1534d,18,20,88,0,0,0,-0.022870272397994995,-0.022723913192749023,0.3227196931838989,0.22141454286045498,0.8706284761428833,0.7980523228645324,-108.0,-139.16666666666666,141.0,88.75,2,-2,-17,-0.09,-0.049999999999999996,e9dfc806dbbafbd05764793f62002360afdb2afb17aa2139538d89292df985ae,6894feb298548d9385b6516b67e1d28cc1ad1d28410db9aee04c54c515868ddf,targeted,tie,0,True,True
66725221880323d64cbc54cc1474624a78cdf6172a7fd7ceccaa3e513556fa87,conv-42,185,66725221880323d64cbc54cc1474624a78cdf6172a7fd7ceccaa3e513556fa87,7fe32623256cd8ff2af64c5bd8f9cb2f38945fb08b2ada2823aa5400d84acb50,3413a6d1f79c8525c030461f6737b0c6787dea7c86d591f17156db0b718124a7,16,15,98,0,0,0,-0.039712876081466675,-0.04604107141494751,0.2602893114089966,0.19551053270697594,0.9627875089645386,0.8003169894218445,-114.0,-143.875,110.0,78.8,2,1,-68,-0.09,-0.050624999999999996,08de5720c5ddf50bfd39a3eee8b843f4255ed1288cd2208ce78f59434223570f,95904171f87f830dfa934d8869f82afa2c84b9c1d464acc01ddb244f64f35a19,targeted,tie,0,True,True
00f1f53ebce3e47654783ae6fee04c48f4290be838648da3ae3625ec7334722e,conv-42,186,00f1f53ebce3e47654783ae6fee04c48f4290be838648da3ae3625ec7334722e,d4704409dcf97cdd2e9b154f8c52eaee38b98e784547a71a9b2952973d300539,a48c0c94de38cfcee1b6611c0be42b21d383689e73d3002f965cbb1155c9bf6f,14,16,105,0,0,0,-0.04080015420913696,-0.036008477210998535,0.3075588345527649,0.21482958963939122,0.9181395173072815,0.814648225903511,-120.0,-138.14285714285714,124.0,102.75,1,-2,-77,-0.09,-0.062142857142857146,8b298251cc0030a8bfd39720550dc928b994ecf77426e304c8370fa0056c99e0,c5706272405ac188b26646660f61ef443aa30223a8d7b6c02714b37550dcca7f,targeted,tie,0,True,True
0a46550088256bf6b6561b481be8b677e8f6b5626ab8af83777f720da7d095b8,conv-42,187,0a46550088256bf6b6561b481be8b677e8f6b5626ab8af83777f720da7d095b8,6efc567a743c4107070b81c13a8a06f50d7b70783fc293b8b0432987fc53833a,6ca8aa1f0472d79d9d3ed96aace119e29386136a839dfc83bcd0e09393017935,15,16,92,0,0,0,-0.02842944860458374,-0.04412388801574707,0.29611504077911377,0.2153737425804138,0.8891588449478149,0.7900102324783802,-109.0,-132.53333333333333,108.0,90.3125,1,-1,15,-0.09,-0.060000000000000005,a7b432ca8c6e103c220dd370987c4387c1e58fddd682832ec3b9692ce0a84c75,c5364b5aa92773e5088f5ccfbc7e142b8dd5854536d3bde83b9d99041594d3ce,targeted,tie,0,True,True
78ad544e60fd70d141708da18f280f8572e9cc6fff8cf32c94e7c903cf464bfd,conv-42,188,78ad544e60fd70d141708da18f280f8572e9cc6fff8cf32c94e7c903cf464bfd,cda619b6d286ff1f0fdccb219392f9865c81dc68a114922b732cb7282a55ecd4,90a87b4307b21934f9e93963a1c143138937d9cd7b483a62f6b8743b4e55f7d2,10,13,105,0,0,0,-0.03448307514190674,-0.003853052854537964,0.2624704837799072,0.20576112866401672,0.8622041940689087,0.7986448773970971,-119.0,-135.7,154.0,103.53846153846153,0,-3,-41,-0.09,-0.075,6234e4158fdb92008af4e14e53c9ad32b61731a3cc0884a7628fde233a07c586,762a738adb58d114c8e02f50137a7a8dd1179bd2b3a4e2c4c7b46650f60327a9,targeted,tie,0,True,True
6efda4e94b1917e25df9e8642b4de607d2bd7f57d2e4ec0e3cbb220e11219a94,conv-42,189,6efda4e94b1917e25df9e8642b4de607d2bd7f57d2e4ec0e3cbb220e11219a94,f0d9aec3d6e2ff8c4f74512f6319a377281c9e26e775819347de9ecf21a49fe1,1e47f7af349db31105eb9efd062a98379675714178ce2e8055deab192f082b0a,22,21,82,0,0,0,-0.04225891828536987,-0.036220937967300415,0.31904685497283936,0.20187811688943344,0.8640567064285278,0.7892156725838071,-104.0,-128.5909090909091,103.0,79.52380952380952,2,1,50,-0.36,-0.06136363636363637,3a5270f8c29e7b71c995ee2c066c423c7fe5530c83ab86a7436a7ba7ee05106c,e894fce9772a3aee384c3b006ff2ce5d13a729e535365a097441160bed3d519c,targeted,tie,0,True,True
5bd6c44c9ef1d69d70e4044170f1223dd804bd02504494042285121d9638bd82,conv-42,190,5bd6c44c9ef1d69d70e4044170f1223dd804bd02504494042285121d9638bd82,e5afd8dd3afa084236187f9369e02eec883871722dbd081514a73134d29ac681,8f35178c3c9b5e0ef4a0b39026b4bdcb478ae6b0a8288806d1bda7135d4b3f13,15,16,99,0,0,0,-0.03343302011489868,-0.03117448091506958,0.24343955516815186,0.18465118805567424,0.9610450267791748,0.8158509843051434,-118.0,-137.4,128.0,100.3125,0,-1,-78,-0.09,-0.07200000000000001,f6dca94854829dc03f0b0edb267ed0222718672bc12d6f9f5cacc60f1c233e70,489af18087639c60511e3ab1852b8b79e825e003031ca9a7638b7df6bb0e1a2d,targeted,tie,0,True,True
a81c179ada0b77de2c0f05a7c7f966ed54934edeafb89fbb72d6bd461181cdf1,conv-42,191,a81c179ada0b77de2c0f05a7c7f966ed54934edeafb89fbb72d6bd461181cdf1,8fe2b3360860d0f3e834964aa8a987e6c8db9dd1ae39aa5f38c26b41798424b6,4fd3b961961f04af95a93f7888c83c078f596e3dbd057733b3302a99eb4d39d4,14,13,101,0,0,0,-0.03185790777206421,-0.062262117862701416,0.27470844984054565,0.22434652277401515,0.8665800094604492,0.8174095749855042,-116.0,-150.5,113.0,98.76923076923077,0,1,54,-0.12,-0.062142857142857146,b6142801e0f29b22dd30997961ac2a017981b66dd302b0ebb34ffa222decc638,249465fad8f6bea3315f073efb86c6fa4cc337c30d965024b660947e17f0f46c,targeted,tie,0,True,True
103f1213b421c79cdf08692df57a862d691cda7ed7b4e4ca81feca8c0fdf5b88,conv-42,192,103f1213b421c79cdf08692df57a862d691cda7ed7b4e4ca81feca8c0fdf5b88,6052b2f2fa7b167b62591c2359ddabf8c1d2288baf8a3cfac3dd3453079f5c70,b6ff77d10826a5efd058c64a504ead1f595f470de38ea1d0e36c6372bee00cd9,17,20,88,0,0,0,-0.030855506658554077,-0.029276758432388306,0.27837246656417847,0.18642811564838185,0.9181395173072815,0.8095580399036407,-109.0,-131.05882352941177,108.0,86.9,1,-3,-51,-0.09,-0.051176470588235295,1f54a15e2f05cba577a4367fb8e79f7916029ff103bddb506701c6e2173012cb,16a5721e5b5e706ba3c1693a959f2da8c749e00b8a3f16de7d89b77726ebfa26,targeted,tie,0,True,True
20fed53b2ec5045aed1663abe5cf37f11b2f1b17123967baecfcd77eee72669a,conv-42,193,20fed53b2ec5045aed1663abe5cf37f11b2f1b17123967baecfcd77eee72669a,268444d6fb2634bbe852e90e718f4a1755734e9c6c917a79ead06b156688e508,20b800cc28f93c08d5ff1bf897778cbf5c79619af58dae6e32de75ed7acc455c,12,10,90,0,0,0,-0.018563568592071533,-0.049955129623413086,0.27176570892333984,0.21931615471839905,0.8495595455169678,0.8060788571834564,-103.0,-132.75,104.0,91.8,2,2,-51,-0.21,-0.057500000000000016,4ccdb4bc3627dc46dbe40c0fe8652ba77b0d49087baf1fbde97af635ea21e952,3f79fd4a5b68fb74385f92c82b2a1538d2ba94ba9b4b8073e18d20b5452a235a,targeted,tie,0,True,True
25c9269017f8138208e6fc5e1f9ff33ad8e622fa8f009227c50341632174ab8d,conv-42,194,25c9269017f8138208e6fc5e1f9ff33ad8e622fa8f009227c50341632174ab8d,da5794b0f0a7d44791d29f869ad7253fc5aecd4d276ed795b4447ff3ffb0e004,c32ab3e16afe213f106efc5b59f1b1ce8f7572719efc24403431461eb89a59f9,19,19,96,0,0,0,-0.035730838775634766,-0.04467174410820007,0.28450989723205566,0.1809839041609513,0.909887433052063,0.8239817493840268,-118.0,-137.3684210526316,116.0,96.52631578947368,0,0,-4,-0.09,-0.056842105263157895,55636fd865f4dc301861bc3d9d012dc1118d98194137ce471e41318cde9bab56,f619e76fa6e541152943fc19f1c60238344009099dafa0f177eb8af5b604d540,targeted,tie,0,True,True
12d6a187535f9cc0d74e7e2b46ea0f0195155eb860ff86f185eea8ab664516a8,conv-42,195,12d6a187535f9cc0d74e7e2b46ea0f0195155eb860ff86f185eea8ab664516a8,38c88dffa290acc1dae22e43449bf714e9573cf5bfa60a6804c24de56f16e0c4,e36af0b026f5e851056838ce935b86b9892f91193303748cd57683708b815b1d,15,19,104,0,0,0,-0.0390012264251709,-0.028308868408203125,0.28132814168930054,0.2327127496401469,0.8755937218666077,0.8237876045076471,-124.0,-143.26666666666668,123.0,102.94736842105263,0,-4,-36,-0.09,-0.06800000000000002,f4c9d1b1fa76eaac735209b239c201078027f991711e8becb40c8b286d4c9c3f,9dd1ad82518eaf79f1c19829266675d80e9cab326000bb6856e82993d68930ff,targeted,tie,0,True,True
b5c262e6d8aa1076d5fb734919452b95a30ccba2faa9a758c67510d52d6b79e4,conv-42,196,b5c262e6d8aa1076d5fb734919452b95a30ccba2faa9a758c67510d52d6b79e4,d3dd32f6d8505fbe7e21e16fa2ed8b42bd838b0873edad947e3695e5bbce5a13,36bcc3ae093f44a15d6cbc6b12a276d67dbbff2e1e7e508a88b6f4fff3cd7962,14,17,98,0,0,0,-0.015511125326156616,-0.041202396154403687,0.30344098806381226,0.20580918874059403,0.8761479258537292,0.8084316569216111,-115.0,-143.0,113.0,101.05882352941177,0,-3,21,-0.09,-0.05571428571428573,3f903e8622aa8a41ff984b7a54df7a70ddc1f889f38057c592ce9ac8e43ab38d,e59cf3eddb523118d5becda2d0ea055dba49daef99b42b4f75b125fe6584d45a,targeted,tie,0,True,True
1a0ac7df4ee1b03b7cc203feadec0b9dd1f50ce643e0b20104dbc64c058f65ca,conv-42,197,1a0ac7df4ee1b03b7cc203feadec0b9dd1f50ce643e0b20104dbc64c058f65ca,928c61d91ca9d75def53e0cead6ec1b3fb149e0727dce02ad77789ee63617bb6,6c9c20d1b1844eab868ef0a9c6a3e1873296582679a5180f3dbf8fd13547d950,20,19,92,0,0,0,-0.03407478332519531,0.02900451421737671,0.31604909896850586,0.20465407967567445,0.8891588449478149,0.7769957843579745,-112.0,-137.1,231.0,91.47368421052632,3,1,-4,-0.24,-0.05700000000000001,6dfbcbd9117c41d2f9d95945b75fa67e0234e208adc4be0de031d6f0cb4c8cbb,72e81c8d4d6594dfd2a0a68be40507611bd9af26817372f3a90ce5eddc1e5057,targeted,tie,0,True,True
873509dfb76cc70bd1e7670b80401686efbe8924ed9749d695d7521b7002bd75,conv-42,198,873509dfb76cc70bd1e7670b80401686efbe8924ed9749d695d7521b7002bd75,e4ba084e7ede0befa76766cf0ed6bdb200eee3cc8cca68ac5f97ddc58a11e1a0,196ddaadfb449809ee06e847a8d94794f552b0e6ed54f0ba73ef8ca83e6cb63e,12,14,100,0,0,0,-0.020251095294952393,-0.024207770824432373,0.3317354917526245,0.20933358371257782,0.860683023929596,0.7823227558817182,-114.0,-132.41666666666666,121.0,100.35714285714286,0,-2,-35,-0.09,-0.06750000000000002,8713895338f9d1baabd0aab6457bf91ae7d3e0bc834fa4f2f0ef03d8a126473b,16b01b08acfa23e4de3dc8c03ba2ecbeef662cc9ef9e5ccc37d816fc2e8652aa,targeted,gain,1,False,True
76b48ca7d93f5d104b428223da95e5e52a8917d099649a82a330c9178c717c82,conv-42,199,76b48ca7d93f5d104b428223da95e5e52a8917d099649a82a330c9178c717c82,a65a6b893da86a06b2e6d295536517699d5fa988eed8b8c1e99c21efceb5dc55,52aee52429c0c0be7f977bf268a043cf89452a66a6e9bf862c305d7635d95aa3,17,16,104,0,0,0,-0.02461254596710205,0.07265627384185791,0.37723857164382935,0.20591257600223317,0.8547317981719971,0.8054353706538677,-121.0,-152.11764705882354,296.0,115.9375,0,1,21,-0.12,-0.07058823529411765,8c2f4fda141f6286072ded4d8cb492db9a2b603d49ffb502a6262f9a7de4ec06,49aaff111fe476b702c30fedd13d0590db970e175e77a38ce8e479308d09a3c7,other,tie,0,True,True
c52629a6c93cc0ee5fe2871dd5fb94cdd5961bd52d25ec97159a1b2df089689a,conv-42,200,c52629a6c93cc0ee5fe2871dd5fb94cdd5961bd52d25ec97159a1b2df089689a,29987f3d8f600f9bef62e0c8064536fd39c454d55db719e55c4a25a09c1e1091,744ffc7bb7622edfef530a32831242de74ef4449964ca82bd308efb7f9db08fd,25,22,84,0,0,0,-0.02171468734741211,-0.034849464893341064,0.33839577436447144,0.21362439870834352,0.9166992902755737,0.7716988081281836,-106.0,-135.44,107.0,90.31818181818181,3,3,42,-0.09,-0.0504,cdf17bac26b1f3556cb5c2bd5be93d6a5af83d592bb62b5daa289a1a947ef66b,19d359b03347489f979afb01d4bf7d5d417a084390d4594b453f93613d1a06fc,targeted,tie,0,True,True
482717b0b9162df9ad2968907b6fd424207c347dc83fb4a1f52ff66dfb120e76,conv-42,201,482717b0b9162df9ad2968907b6fd424207c347dc83fb4a1f52ff66dfb120e76,f41805e6f80a24e6af221f016ee9a35c122e276d4c7a180cf633a786890415b3,23d5279ec702ce951a15c496efcd0601bee1bd9c121db4a2a8ec5ff96db108ca,20,21,86,0,0,0,-0.028563082218170166,-0.044025301933288574,0.2953566312789917,0.20941435694694518,0.8749681711196899,0.7950812493051801,-108.0,-139.15,105.0,89.38095238095238,1,-1,-10,-0.09,-0.054000000000000006,312f30c7c792a58c07b13f9f7e7f2e594dd3b2b43b02e7ec705c21283b681937,e991231070798a9b60ce2ba66582ae297dc9e6670d7f0300ed825cd564aeccd4,targeted,tie,0,True,True
9e8de723a5995da75ae00fc0775dcce368da555d1988e313c80518a72b7fe0c5,conv-42,202,9e8de723a5995da75ae00fc0775dcce368da555d1988e313c80518a72b7fe0c5,cec386dfe5d084540dfeefa1d6d95f31d29e3a748fc86815454a6137a0419f75,abb934d0cf3a8ee645893083c0219ecdc5509c23712961bde3aed888f3df6600,20,18,95,0,0,0,-0.028230607509613037,-0.034426331520080566,0.3774002194404602,0.2080356866121292,0.904744029045105,0.8075287308957841,-113.0,-149.15,111.0,92.88888888888889,1,2,25,-0.12,-0.0675,22ef4731f6f19fcd769097ad5800e79a6d51c2a09dae4cddca9c417d1569a85a,e59a38501196029f7e67437b1c68b8391cb1ff3f3901f1ff3009762d81c215d0,targeted,tie,0,False,False
d824d7bbc340309c264ad590d1ed1638f5a1fba115755945bdddf32798a5b376,conv-42,203,d824d7bbc340309c264ad590d1ed1638f5a1fba115755945bdddf32798a5b376,c9e05e44a75f3c04645754268ce3b973a9f0635add976dfa0f885a6986ebc004,8273be1f3e101aaa20e74c934b1e1856f3c7bfeb769f608e7a2f5015b144e8c1,14,14,90,0,0,0,-0.024900078773498535,-0.05013573169708252,0.3833831548690796,0.20877239533833095,0.8572083711624146,0.7946289650031498,-107.0,-132.07142857142858,103.0,83.5,2,0,2,-0.09,-0.042857142857142864,0cfaca80cad1c2f28e860ab2b3871b7644ba93eca48bff71c3824a3ad3ef6e5e,76e5e49e17828b9320d5c469859332d98cfe23c0b5fb2f629ba6cdaeba8989bc,other,tie,0,True,True
19a0265eb87953a4e212c3ddbf5c12ba15b16f5b1dfb811c131e922aae3c5a3a,conv-42,204,19a0265eb87953a4e212c3ddbf5c12ba15b16f5b1dfb811c131e922aae3c5a3a,bc7eca6db7465189d4b7b3105eeafc25ab6dabda5083c9b4c0b58e2db4ce3cdf,86a13b9d050f974ce287af95dbf9d6641bd8a8e8ca6159ceeaf45af44322b761,20,17,97,0,0,0,-0.02371203899383545,-0.07717522978782654,0.31904685497283936,0.19373351335525513,0.8640567064285278,0.7973214948878569,-115.0,-145.45,111.0,95.3529411764706,0,3,9,-0.24,-0.0765,a1f673072b4123d76ecd11b03292cb8e239b939bccc43db5b4c9607c159e662b,a1a9bdb6552683a9f5bcdf6f16fdf99c78d378843368db8fc29b726c4587b45e,targeted,tie,0,False,False
ff3289ded7882af5f1d3c5a680bb7d25463cb689bbaf5a13fa4c997af9ddf1ba,conv-42,205,ff3289ded7882af5f1d3c5a680bb7d25463cb689bbaf5a13fa4c997af9ddf1ba,a35c8c271296df8d673db121ec18bbe453404ba60669a063f3a516674eb5a53f,61da82561fcb857a0bfa64f3027d49b37205a6ac37443df93613206043cbac9c,21,17,98,0,0,0,-0.033705830574035645,-0.05113297700881958,0.3372873067855835,0.1997954249382019,0.8634405136108398,0.7852046559838688,-117.0,-155.71428571428572,115.0,98.05882352941177,2,4,52,-0.3,-0.06571428571428573,cd761884d614069be936e798187c1eaf0890c514403eca20f08132337719db0b,8495f7842e8ca6d612c68aa8c53acc98f825d863d6b058c3eaec3c27f0e62257,targeted,tie,0,True,True
9c07518a243a0543aff5550b7678d1103faa886960775ed1aa8325a1232a92c2,conv-42,206,9c07518a243a0543aff5550b7678d1103faa886960775ed1aa8325a1232a92c2,bd9ccc3794365f86d45d844346c56b9d9dfc9a6199656a3d2469be1e5660d2d1,3a682c8c6087875004b5aaef87f80de103cbbe47f7ecd1c0ab3c96c3740ca3d3,20,15,91,0,0,0,-0.03605538606643677,-0.18316525220870972,0.3937234878540039,0.21702149510383606,0.9423038959503174,0.7873118917147318,-106.0,-148.25,108.0,81.93333333333334,1,5,51,-0.27,-0.0765,a00fc7cea3270d4e85ec0889784c1015528dc66940e23d66bd26c4dc0beedb21,aaaabe8f47822100a3fca21794062d09985c5db7e7a0ce564c01e790c1834b7e,targeted,tie,0,True,True
7a9da8b9e2f2fef6fa9f633475bc15c2545f398eea95dbaf501364c55e77b835,conv-42,207,7a9da8b9e2f2fef6fa9f633475bc15c2545f398eea95dbaf501364c55e77b835,dda4eedd31dbb2b91797a5ab10ca2a383253f9ee495bfa26b672ed8ba092f815,0e750336a4feeb5bc83094a1a6debad0c255cfda8d152d4c6903bf408b27485a,16,15,98,0,0,0,-0.03965878486633301,-0.04843708872795105,0.33349311351776123,0.23856759071350098,0.9256073236465454,0.7940923651059468,-116.0,-133.25,113.0,95.0,0,1,-1,-0.09,-0.065625,2c650a6007debc9c8e266d029bc2124bfca6fd12c2651eb30b41fda7c5e092f0,73d5f3eef54fb0259db37ab6db7161c370a4f924965dfd9f6f10043286e7ed8a,targeted,tie,0,True,True
13c4d9f42426d348b3c9661c01e4995c3a55caf088ab760d7eb9d98a511f03ef,conv-42,208,13c4d9f42426d348b3c9661c01e4995c3a55caf088ab760d7eb9d98a511f03ef,cd6f9a09aa4d38202b6665539dccfb4d9901b4d365978214819048ca5bd27002,5da319c4be6b560f66f990399d34f8642e1513c121eca43d691655307809d1b3,17,19,100,0,0,0,-0.03185546398162842,-0.0456356406211853,0.33901745080947876,0.20269411101060755,0.8830260634422302,0.806699464195653,-120.0,-151.88235294117646,119.0,95.94736842105263,0,-2,-18,-0.09,-0.061764705882352944,b7e4b450375a9ef2f35bb5f8b3b6b221d5aaf90ee352e8b29524a3e0ae44926a,e907856b0aaf46b1d41d89a2638bc78713d5c97521c597683eda72803e462030,targeted,tie,0,True,True
9ea8d0cd345d7dc86c84305326007f17ebbf077aaee5f6e60a372f9a2190102b,conv-42,209,9ea8d0cd345d7dc86c84305326007f17ebbf077aaee5f6e60a372f9a2190102b,73abe6f47b1a9d5b2eedfc2c5ca128e4c1acc16cda2a886253456345f2aaeb53,50c2f71b6caa796ddf0108164e60a348f3b219d13d81b95b40969b7a891e8b27,20,21,96,0,0,0,-0.04583108425140381,-0.03207063674926758,0.26914626359939575,0.18127901256084442,0.9627875089645386,0.8109398739678519,-117.0,-146.4,120.0,100.85714285714286,1,-1,-74,-0.09,-0.054000000000000006,98f182dda18628b537d30068b8462f6cdea61019abde195e566b1f01ded38626,a1797d4f56f0ea588a0985d9b97247b97c4bab21d63c21c106870e220f631d01,targeted,tie,0,True,True
53d17edcf932abaa880fdd3e054a6ee86d2a253f6b7628261a548d92e170f939,conv-42,210,53d17edcf932abaa880fdd3e054a6ee86d2a253f6b7628261a548d92e170f939,65bac06f9fefd0139578f9878a55e6bbd8dddb5c6f2bfac90b97ac20ec5bc342,1d72877341306d26b8d9ae957fbe5a6f1ce411d8a00c027e9b3547590eaeb166,17,18,101,0,0,0,-0.04146629571914673,-0.03714096546173096,0.24519729614257812,0.19171992470236385,0.8905704617500305,0.8023951881461673,-121.0,-145.35294117647058,125.0,96.94444444444444,2,-1,-48,-0.09,-0.05294117647058823,2be40fe424a31f7c72c218bb2b9b12cf1531ef5919cd9a2cdde2cf0d405e04c9,aa32e56440e796a7838fa4878c8ef4df0619d93d2c836209d53aa3c9c5e7e8af,targeted,tie,0,True,True
e1381cba3e36361a2531ea04fced933bb14557daa5cd8e204cf401acda87ad05,conv-42,211,e1381cba3e36361a2531ea04fced933bb14557daa5cd8e204cf401acda87ad05,535ec48bfdd98ae4ffa09af1ba6ec19f28ab4fef3bdd91a382a1a79b4d4ccade,99e96095758207bf090ebddf1015767afb3cc7048aee9fddd9e480f6d3431e48,15,18,99,0,0,0,-0.031035512685775757,0.12040820717811584,0.388272762298584,0.20293836196263632,0.9256073236465454,0.8101883232593536,-118.0,-133.53333333333333,301.0,108.77777777777777,1,-3,-67,-0.09,-0.056,97f46c06890f4eed4b19d706295892a1d68e9614d3e99e5906bbb41af17b34c7,446e0071721ba5c05072a463f2bcacd234c61895872eed94e17b554e75e64dd5,targeted,tie,0,True,True
2ca3e1696440409519770c1c210cfe3842b6a3300b6c2266a7b46c63d2f95efb,conv-42,212,2ca3e1696440409519770c1c210cfe3842b6a3300b6c2266a7b46c63d2f95efb,0a937d9e5432af11359751557e35f3fa5316ed9f95c5cd4495888a6d44542886,55703ef907a13a555df60fd2744b79eed8199d0405c661a3aa66d5d528ac1772,14,15,100,0,0,0,-0.024979591369628906,0.07854381203651428,0.3344600796699524,0.20214801175253733,0.909887433052063,0.813463826974233,-116.0,-145.85714285714286,302.0,104.2,0,-1,-17,-0.09,-0.0642857142857143,086c4b6664d6ebca0100f9824f5c704819c19aa120deebda0cd4677a0714a166,94389579479f25f5fbcf59cea916029a708d4984844e05174ebf2e0d90cebe78,targeted,tie,0,True,True
85b230069d79ca5bfe192e87b3d21bd83a33d8798f0714d70f24a81fb600ea16,conv-42,213,85b230069d79ca5bfe192e87b3d21bd83a33d8798f0714d70f24a81fb600ea16,87835fc91ece876c17adb57fb73e880bd3d9dd6d0e590c36af7ee6da94480428,eb1614bdca02436a0f683fd23fed6a5c0f06f229974aee9d36419cd2a7048581,13,16,101,0,0,0,-0.07331979274749756,0.0730476975440979,0.3370882272720337,0.21477111944785485,0.9627875089645386,0.8201975673437119,-117.0,-149.15384615384616,283.0,109.0,1,-3,-12,-0.06,-0.04153846153846154,160e57b9c18e44f2592adf9b5e1af778c415992be24cdc2476eba933aaba9ef2,c52d952135c1101c349b5157669e3ddcc279ff15773660b046aaaa06a004f4ab,targeted,tie,0,True,True
34ab2d9e17c13cfd7325816ed107de8219ae7a1e373db4953fdfdae09b0dc15d,conv-42,214,34ab2d9e17c13cfd7325816ed107de8219ae7a1e373db4953fdfdae09b0dc15d,70c2fafca2c9c7b90ba8730586c1afd6564c7aaf0f8af30d17c729c0cfb15271,923fa894bff8dfb18498386d18a4db40f919f13525f81aea0f8dfea4ed070f65,12,13,103,0,0,0,-0.02517455816268921,-0.10319888591766357,0.3164604902267456,0.21701503296693167,0.9102302193641663,0.8070004490705637,-119.0,-151.0,118.0,100.3076923076923,0,-1,-58,-0.27,-0.08,b652180f9f1f51fbff46833a1070abf1c4dca0a6705497dd1fd30283aaf61fc4,0fc61b763a44320faed7932730d5625569713fad025db54d9ddd62dc173f2097,targeted,tie,0,True,True
3899fa12516bb32c2fa18b1f6154c91c5ea50c924fa61cd6ce19c728e1c743f1,conv-42,215,3899fa12516bb32c2fa18b1f6154c91c5ea50c924fa61cd6ce19c728e1c743f1,1082f469895704f9a3dfa7f593697800e8fd536f3c8a6edff34aa8225f812e40,9c1d6551075960675b970e311c1fdd3bcc008ad01f419b7d3fb336bbfe2797ed,13,16,101,0,0,0,-0.025817930698394775,-0.05451267957687378,0.29587531089782715,0.22625057513897234,0.9256073236465454,0.8249607011675835,-120.0,-154.0,116.0,96.0,0,-3,-1,-0.09,-0.05999999999999999,04c098ba4cc048cff425a9346c580d9b25d616cdda71ed019ef1a3dd9f7bb2af,9d21517c4c285cfbdfabb752acf29da8bcc471af752a3343bd063930684bf251,targeted,tie,0,True,True
46f296ffb3c9c0e330dba13bc9fafcd074f389ba3e176e65f8753d140ad99e9e,conv-42,216,46f296ffb3c9c0e330dba13bc9fafcd074f389ba3e176e65f8753d140ad99e9e,4e5ee9f62200c47b8db653a6c3619e279c18cf913ebfe92674840def2d5f8b0e,a46b9fb6f743a68276d75e0bf705bc743308be5896b990241429f9cc6fdc8d81,13,13,104,0,0,0,-0.04546132683753967,-0.050562143325805664,0.3536330461502075,0.20509921128933245,0.9610450267791748,0.8293063182097214,-119.0,-140.84615384615384,116.0,95.38461538461539,1,0,45,-0.09,-0.05076923076923076,6b826b8f018269da266fb295805394fb6e7c791f1bf3353d4b084667e0d34198,ce4c7590843991144c6d4888728bf1eb260f7e412eabd2704eeae2318287b614,targeted,tie,0,True,True
69277b784f29ff5f5f63e4a14eaa4ed6a53a917a7eba5f49285ca58f79069bea,conv-42,217,69277b784f29ff5f5f63e4a14eaa4ed6a53a917a7eba5f49285ca58f79069bea,07ba728faa1078c88ff363830e90e2e8201874bf8b931b6d30375f967ea03ef0,26e8a928dc76fddbc68dafad34c36bfe50c4c0680b7937ae9ffb31219f0b82de,12,11,95,0,0,0,-0.023854702711105347,-0.042959630489349365,0.2722102403640747,0.2010247160991033,0.8528017401695251,0.77699890461835,-106.0,-123.41666666666667,104.0,86.72727272727273,0,1,-11,-0.09,-0.055,309eb55e270baa3a613816aff2c0f7919e28439927752713f75c233b245c2be2,7599d6c6bf7a283bcdc6f1a9622743ccb0674922fd5fbb7f4783bb441f819986,targeted,tie,0,True,True
30d5b7d6c20cc13278e1ebdc57aba615f9b247c0593f3a47931566f586ea9d07,conv-42,218,30d5b7d6c20cc13278e1ebdc57aba615f9b247c0593f3a47931566f586ea9d07,4f638862dbb1b13016838f9475f5e0052d6c52d1235e8ccd947b47a00d0b1e4c,427a746262f83938d81daf8eecf1bc3d6e81b0e04fe608f566b8acfad52fca2f,14,15,94,0,0,0,-0.0352213978767395,-0.02850019931793213,0.3539414405822754,0.21250039339065552,0.850185751914978,0.7945826609929403,-114.0,-133.92857142857142,111.0,90.06666666666666,0,-1,68,-0.12,-0.05571428571428573,447c13a41b748570e7af05bb3663db8302c193e17bb2ef7a233df8ca3d73ac2d,18a9a0cbbe5a8c71112069f44f741f0605ca448aefddc14555ad5b99370c750a,targeted,tie,0,True,True
c34f3a3e9b68ff51d0066bad1887e6af1c7ab3132fe70050fd026914ab591407,conv-42,219,c34f3a3e9b68ff51d0066bad1887e6af1c7ab3132fe70050fd026914ab591407,c2b07f6129eb5b9bbc35349e25235cea2ed78a70d175838e0af583f5707d14aa,02a8f265c7148cf459b212d36c8779e3bcd71a02921d345c3497c755ef41a35b,17,17,97,0,0,0,-0.02400416135787964,-0.02316981554031372,0.2953566312789917,0.1697216735166662,0.9423038959503174,0.8055455824908089,-115.0,-144.58823529411765,153.0,92.6470588235294,1,0,-52,-0.09,-0.054705882352941174,4f0d8086fb9cf079deb45eb4eac5dd2729b2d1b6c0ff940831d01357905c9cad,ea3dca5b796f8ccce0f3152ea32c1da99513eff6ab6b566263ff8736467ffa09,targeted,tie,0,True,True
c4897271485fd3bfae360390b8557c18385b5d6adc86681ca78ca153e9c86ac0,conv-42,220,c4897271485fd3bfae360390b8557c18385b5d6adc86681ca78ca153e9c86ac0,4a1690207dfcb97b2dfbdacb1ea44b2b1ca7170aae29e8aaf6460350e455fb6d,9a1a36f217bd5d451bc1c2cda3569c8e351ad35f7a45159b6d92de8a74ada6a0,17,20,106,0,0,0,-0.023219197988510132,-0.05901658535003662,0.3539414405822754,0.2187510658712948,0.8547317981719971,0.7815817803144455,-126.0,-161.7058823529412,128.0,110.35,0,-3,-9,-0.18,-0.07411764705882352,2b311a02fa73fe45ab5f59f2e83e9cabc316274b4cc2edbe488efed4d3d5baac,9a49200d82bab5c0563660d18b9b98358832c5d2cba499f197a4516be86fc84c,targeted,tie,0,True,True
ab4f1d6c9077fc35c11e982259f7e73fb8a922cc4ce35e20737176e7884dca1c,conv-42,221,ab4f1d6c9077fc35c11e982259f7e73fb8a922cc4ce35e20737176e7884dca1c,b1046841276c0077625ae6ca86059a404e8c6dd8a8c0fe7642bbb40353d1450a,443db254cc9f6499e2a899aacd691d4a25583172aa572c56cd5b4ebd44eeae81,18,17,90,0,0,0,-0.030809253454208374,-0.057639122009277344,0.3370882272720337,0.21632427639431423,0.868209719657898,0.8050491669598747,-108.0,-133.66666666666666,107.0,88.82352941176471,1,1,-17,-0.24,-0.05333333333333333,dc50b829677b54d9b73cef7a84850c259abb9adebb25bbc518b607cdacd77c79,7af0d853f7234a302a95fc18e177ae45f447f6d53a6b272f9c00a158be23ac8c,targeted,tie,0,True,True
776868422d05bad5547d5268cbae4ed6f7408c67110ab60dd27a752e29aa64ef,conv-42,222,776868422d05bad5547d5268cbae4ed6f7408c67110ab60dd27a752e29aa64ef,c3ff85de04def49d61847e29ac500e7ff07401a054364ea225cb2a91ba2eacdf,1e10998c1ba0d5865216dd6b26602c8a9f29b2a5ecec2cb718dce82d886caa11,16,13,91,0,0,0,-0.039048999547958374,-0.042444050312042236,0.2948625087738037,0.1927586942911148,0.904744029045105,0.8046113665287311,-104.0,-132.875,107.0,82.3076923076923,0,3,25,-0.09,-0.058124999999999996,add77c535e9fa99b3ee680b0fcdb2d69d6eb55afbb3b3d179e75c6242d6f7dbd,f882c5ca3c88524d1e2f760663285f305a54bb4bff0ab3cf05494114910b693b,targeted,tie,0,True,True
5afc2b8996717afdf919c65648c6bb57fc4e0b44c900d83b21f25bbecdc4aef4,conv-42,223,5afc2b8996717afdf919c65648c6bb57fc4e0b44c900d83b21f25bbecdc4aef4,dd687d3d4151427ff980a3c3c4e89ce4f729c4991a534396cd2790efcb3c17d0,60c1cdd4388dfbd446d978d09598e9a65de65fd4bb9727116491da716d319065,17,18,94,0,0,0,-0.0208398699760437,-0.16198289394378662,0.30264532566070557,0.22390567905762615,0.9286861419677734,0.7867908014191521,-118.0,-151.35294117647058,112.0,97.44444444444444,1,-1,37,-0.36,-0.07058823529411765,9981259c03847335f880fb066962cd519ffe517c6ec9faa7e6271e04cf896c45,35b750de440c8dd5cfa970ebc1afe952e11e83e906c1df10c363b490f327c358,targeted,tie,0,True,True
485da0241c8176babbefe0bd16bd4ed30c9805a26659cfbc7106626aeb62bf73,conv-42,224,485da0241c8176babbefe0bd16bd4ed30c9805a26659cfbc7106626aeb62bf73,0e37411e5db2063b6e213d3e2ee2824dd6f4c093e22701bbb5a3a6a066ad7626,ed3b077912e6541d12ae913b742454b28e366a7d4465e9ef3f2b0b9b9d837d0f,17,16,84,0,0,0,-0.020441830158233643,-0.01777079701423645,0.32723426818847656,0.21696509333217845,0.9256073236465454,0.8161295354366302,-102.0,-130.11764705882354,107.0,87.75,2,1,-12,-0.15,-0.04941176470588235,fd0a332646bc81164158e7f4764690f29f38b524d8e15263e90a7753b2e97985,e6976c998da3d0eab5c97dc55eb81c5933b7ce40e5db7020a112ac12be01346c,targeted,tie,0,True,True
ceee68b6a7bb7aeaadb7cce60e159924d77d87605a00b18a8043f9241f98003b,conv-42,225,ceee68b6a7bb7aeaadb7cce60e159924d77d87605a00b18a8043f9241f98003b,b8a6d367520852e15549a3ec5cf0b981426f9d5d24ca93426166d9c402af151d,d16b0f8c30c8a4be31ffdf246deb4f905c89083f57ab33a79b31f129460f6aac,14,15,93,0,0,0,-0.03361916542053223,-0.03628665208816528,0.2709587812423706,0.18972408771514893,0.8375986814498901,0.7753358721733093,-109.0,-136.78571428571428,107.0,85.4,1,-1,-5,-0.12,-0.05785714285714288,97334cba4bf8c14a10a14157db1b2ea945865e2169814f1b0f804afce7f62e2d,8d05c5464c87d81dfb0c1e4c83300926dd46614717f3427f98fd68efe0df72ba,targeted,tie,0,True,True
7e3ff4c6f15715ce39a2cb1a4bb6ee8ebc176fa931187f5c97b0d65c50509b6d,conv-42,226,7e3ff4c6f15715ce39a2cb1a4bb6ee8ebc176fa931187f5c97b0d65c50509b6d,7f386c72c13c13ed693133ac326955c52b100b1f36d70f7f12af464e70ebc8a2,a78b54954327a2e413961880d694b21b29dc8a293ebb259fc71308bde37fa83d,16,18,90,0,0,0,-0.020303785800933838,-0.009456455707550049,0.3273121118545532,0.22456929832696915,0.909887433052063,0.8112408452563815,-110.0,-135.8125,159.0,93.0,1,-2,1,-0.09,-0.0525,06c1c91d71d2830570356f5f35050baf8ce43467e862064cf8dff322a6c40127,7343af3cb65798e1d4352509eee1c87c1710c1b3de3878e28a5969a02367bac4,targeted,tie,0,True,True
4b4862476e10b2d3aae1e17abcbfc835852e0f3aae54f2283fdbd95eee9f1548,conv-42,227,4b4862476e10b2d3aae1e17abcbfc835852e0f3aae54f2283fdbd95eee9f1548,f12498581aa1348ce1b98dc342edaa64ffdf1c3a162dd404aa606badb36bb132,9b9f8d1ccf5c675e6bc4bd1765a66be3be51031661b2a88348b9eaa9da09c0bb,17,17,89,0,0,0,-0.023775935173034668,-0.049950093030929565,0.31044769287109375,0.21878699344747207,0.8833304643630981,0.8065288908341351,-106.0,-133.2941176470588,104.0,87.82352941176471,0,0,60,-0.21,-0.06705882352941177,c1245f65f5c27621a23249521655a072d094389c113f4f4b083b96debc369b7a,8b2b3a63af9dc3c77fae84b51fa4415dcfc564dd65f1817290f3c37f803f17d1,targeted,tie,0,True,True
b4d3cdc3b4397702c9335861f529f187012de89e877ca075222e99bc7cbac60c,conv-42,228,b4d3cdc3b4397702c9335861f529f187012de89e877ca075222e99bc7cbac60c,343dd98187d97c3d274e4820578e108c640ffb0889184ec757838c91db6870c7,cfce55093c64ae4975e5e3f397f759e6c880a0a242284d5de84af4de33331067,15,18,92,0,0,0,-0.02759164571762085,-0.03481385111808777,0.3164604902267456,0.2227129340171814,0.9640853404998779,0.800822420252694,-110.0,-136.13333333333333,109.0,94.44444444444444,1,-3,-65,-0.09,-0.06000000000000001,7954930d21ccac72403361809c3e314a1059af7f36afa4d140c8c8d5c8e5f055,98bbe00cd7876419ac966bcbafda39c3542f0f9c12f6b23ac7bee9bf25e7d7f3,targeted,tie,0,True,True
0068339f1b47004fd1207e9cb50887fa6acebb3606b146acc2a83f2f78149886,conv-42,229,0068339f1b47004fd1207e9cb50887fa6acebb3606b146acc2a83f2f78149886,5b1ca43aac8f4a162ee6f26dbe706f196d2243e9570b6188351379c9fc3f431d,b13fb1749c8173e2e78586cc86e072c116d1b9165b56505e6b0125d2866b9562,19,19,85,0,0,0,-0.022062957286834717,-0.03670614957809448,0.29969799518585205,0.21506073600367495,0.9256073236465454,0.8054965012951901,-105.0,-131.31578947368422,103.0,85.10526315789474,1,0,-26,-0.18,-0.06157894736842106,729a478c6747f957b8a2de7843650af1cdefd45b804eac7e5a1ee222efebcfec,92b8cbfdc5f09ca6e6c59b601a9657421de83db13dedb826dbe171315f9b0c4e,targeted,tie,0,True,True
fd7f99bbcb0eb065d1777c039449cb09a906cb7fae868d376461340286aaa5db,conv-42,230,fd7f99bbcb0eb065d1777c039449cb09a906cb7fae868d376461340286aaa5db,8ce178149b012b5ea0009b54a2aec72ca12586888e35da22e41d20eb73402d35,8a86a4905a1bcf85fa85820eb9d06eb0c6c0cefc9e12a4c4fd2988325dc1d881,13,13,86,0,0,0,-0.03853309154510498,-0.0369124710559845,0.3049267530441284,0.2187446768467243,0.8421754240989685,0.8023671920482929,-100.0,-121.76923076923077,108.0,84.0,1,0,11,-0.21,-0.060000000000000005,aed488b1a0e0033814364002ff1dfa6e64f467f79c0c258c374870faa92cfacb,11182cfe21d07e52d9a1ade748ed1a6ff8c4d15d586cf62aaf50d1f58209ee50,targeted,tie,0,False,False
c753f772bba18d7436de1c64b91c03ccaf6a36be0b9ca25871446dc2144d0dcd,conv-42,231,c753f772bba18d7436de1c64b91c03ccaf6a36be0b9ca25871446dc2144d0dcd,336ba49e7e9bbd128c63f8a8a83d116811403c16e114723e7fc29c5682e1a095,4cfaa11cff62305b4cf818873b08f60a04403bd3c9315711ae80f32e8f20891b,17,18,101,0,0,0,-0.05244338512420654,-0.035519421100616455,0.3290073275566101,0.19855146548327277,0.9610450267791748,0.7985785471068488,-119.0,-143.05882352941177,125.0,95.88888888888889,0,-1,-89,-0.15,-0.06,7f362e76136842994dca14503d67266767cdd2fcb69a8acf0d708e2e575d8c1d,fe6d04d4db0855b130075d330b598c19617e65ea7fc35e0bc6224e7403374b20,targeted,tie,0,True,True
ff5b2650cddca9c45a45c563f54d2622ce0d921b3c536e2987b97819a5a9f0ea,conv-42,232,ff5b2650cddca9c45a45c563f54d2622ce0d921b3c536e2987b97819a5a9f0ea,e79ad91c97294120bc44796c2d37625ba0c9e24c5f6000e4c18984903e5efa5e,626c79612cc538a243f13e873dedeb8d92475a12291b732a4f9665dc938440ed,14,10,92,0,0,0,-0.03528669476509094,-0.20447039604187012,0.3370882272720337,0.21039460386548722,0.8858098983764648,0.7771721482276917,-110.0,-144.57142857142858,100.0,82.7,3,4,-14,-0.18,-0.04714285714285715,e1d9d65037f5e33d454bb007523869d17abe208af4c430d2eb7b1e820d218317,d83bb1af00e54a932863f07870415dcd4b361b2c6451387e493acedb018ab50c,targeted,tie,0,True,True
c0a6b5b05a8b6f558b5aea4da2a1fcf1f0ab57db5e93bdb6a9fcf523ceb63a0d,conv-42,233,c0a6b5b05a8b6f558b5aea4da2a1fcf1f0ab57db5e93bdb6a9fcf523ceb63a0d,b7d016981bc2fc2f2307402e07a322387071b3de0c511bf7a05df31bd78e8766,e9200dd2b8f8b5670390dae05a288275f33936d0940c45a1ad97021b13a70b77,15,13,99,0,0,0,-0.03132826089859009,-0.03215456008911133,0.3539414405822754,0.24253819783528646,0.9166992902755737,0.8211542184536273,-117.0,-143.6,106.0,89.07692307692308,0,2,-9,-0.12,-0.05600000000000001,4c1bfbb23e13f424e1e9b6a891a8726a87f2bce46c9375deda6f90989bb494ac,a1ac9b0c65bd6879ac18996e20fcabfe8e3ebcef41b55993620e3ea0dde93c1d,targeted,tie,0,True,True
959123602024105e3d9ad1511498ec08acbe06d60b9245e6c8a7fa2dda9e656f,conv-42,234,959123602024105e3d9ad1511498ec08acbe06d60b9245e6c8a7fa2dda9e656f,37a62226a0fbe6238b84d364f2a4b092a4aa4d9a59ee24d197cdcc1577ab9e40,ec7cf51c4f5ea607669be69cd0a97b42123c414a35e23a3da107ae1e2ebf70b7,18,19,97,0,0,0,-0.051967740058898926,-0.03152582049369812,0.31604909896850586,0.19863751199510363,0.9627875089645386,0.810700818112022,-118.0,-146.0,120.0,94.21052631578948,4,-1,77,-0.09,-0.03833333333333334,92897a271a924aa4fae1c89d65e19537dfc424f6a8680620ed9db7dd4e672e3a,dc0a3cb5ef0f1c93c9f61b5cb7bb00da60628c31336f9b86e27ac082bde9c935,targeted,tie,0,True,True
a3e5c6fdeecc43595683704dd3ad0d53996d5689768ed4fbfc9b2958563612e0,conv-42,235,a3e5c6fdeecc43595683704dd3ad0d53996d5689768ed4fbfc9b2958563612e0,072e4a9d35ce8222efc329123447278a2eeb7c9468f85c9d5babc47d551f1170,907d713b4df275fe885579ba9e65dcdf0b24e5a62859a0679b225ea0e701f017,19,20,98,0,0,0,-0.051567524671554565,-0.03698301315307617,0.31604909896850586,0.19833238187589144,0.9627875089645386,0.8274094223976135,-118.0,-144.68421052631578,117.0,95.3,2,-1,-3,-0.09,-0.04736842105263159,a26f495f6a5a1880e3048d9af010375661043e1ee941c957c31af40690d2456c,2684f43f163dc23432267bcdff04d9521d780d1335c30925f51eef4b7cd25375,targeted,tie,0,True,True
e904e17e01ba0e9290de06d9cb94805cd67d7406ddd30be60c4878389d86b763,conv-42,236,e904e17e01ba0e9290de06d9cb94805cd67d7406ddd30be60c4878389d86b763,c8a884720070a145d8219050015283c344f5c0c2c14f25546b0bdb1d636605f8,695006cd847ad7d247f2856c0c9e7dd104ccc56b379d0d601378354e21afcbea,14,15,97,0,0,0,-0.038229018449783325,-0.027679741382598877,0.2979913353919983,0.20090320706367493,0.9223508238792419,0.7821375330289205,-115.0,-136.85714285714286,111.0,94.4,0,-1,72,-0.09,-0.05785714285714287,054beb41c62a1d7477c7782eb4e3dc98e326bf123f250944e9a96e731fc28651,0606a5f9043d1e39ed65bccbf69d4d3a009d0b79754010d2e527863b97249bf5,targeted,tie,0,True,True
e9129b15c31fcb29bbbc1c47782ff0c1c6c978286dd4e2009a4d5e3abf56bbb0,conv-42,237,e9129b15c31fcb29bbbc1c47782ff0c1c6c978286dd4e2009a4d5e3abf56bbb0,3c2867fe99da0bedaaf77e89b8c461f0f4377362db4ee8d0363f4540eb939f07,1cbac580165b398a830903273f7dba88c8e00b16d29fa518600678df5e0aad0e,20,17,91,0,0,0,-0.017444968223571777,-0.04040813446044922,0.30344098806381226,0.19188424348831176,0.8346182703971863,0.7799878611284143,-108.0,-134.85,106.0,91.82352941176471,1,3,-24,-0.15,-0.06600000000000002,12fab774a1faa500700269ded7d81302c2de0bf1f7e82992743039fba64fce96,8c3b7b5989b1275fde6392aa2e286d6967fda5dc1c40d7fc77ec11419e17ffc6,targeted,tie,0,True,True
0eb8fb34108fa2e0d2309e54ab1ea37ae61793e63c9f408949451343d1420f25,conv-42,238,0eb8fb34108fa2e0d2309e54ab1ea37ae61793e63c9f408949451343d1420f25,cea2bae3a5251ffd2b18884c30b34952a15893c16749dde5eb9f1e713caad45a,d0901fa1a6ea53fb372646f5622143bf857650d0b1544df9a23dde225ed997c4,12,13,98,0,0,0,-0.03942409157752991,-0.025887340307235718,0.3335255980491638,0.19908889134724936,0.9286861419677734,0.8237056319530194,-114.0,-130.83333333333334,110.0,88.76923076923077,0,-1,-96,-0.09,-0.05250000000000001,3f08d727c76b1d89842e3ec2679ea56354a9189738ff2ecc0005240186be4f21,011c246f0730416b600b172f1b58e0474c6d9c9488f26a39cd3634849889c98c,targeted,tie,0,True,True
84bf0aa3f599d52ac04a6fee753b8ba3770c927e5022ba10a452d3029e51e1f5,conv-42,239,84bf0aa3f599d52ac04a6fee753b8ba3770c927e5022ba10a452d3029e51e1f5,70c913a5624c1db34628f4f88d15d275e6c3069e74262eb3ac633443f192498e,5d0a419655e0a42e9b7fd98eb548f3617f51288f54c4c5da42d8fcf1c37f35de,19,16,99,0,0,0,-0.029826581478118896,-0.05670344829559326,0.388272762298584,0.17816792350066335,0.8951805233955383,0.7902907654643059,-115.0,-148.1578947368421,113.0,86.8125,2,3,22,-0.09,-0.05842105263157895,0bc653c71fc0bb2ec100caf3f7339e25be745089496b83b0714204418565176a,a298322bf63a582c25c3df7f191e87d0af27aeefe534daf86a0da197f872db4f,targeted,tie,0,True,True
d940894415e1b97e3011c45eea0507587aee94cbaacba286ea7b2f9060152615,conv-42,240,d940894415e1b97e3011c45eea0507587aee94cbaacba286ea7b2f9060152615,c8fc815efd03fcf45f4be5411685208148c03a1c15af7bef96a7169bc7ac143e,8fda27b78dcb3cfd0a407db12bfc369f69c94390184e7e1b623eda0f74b06042,16,14,102,0,0,0,-0.028757095336914062,-0.022649645805358887,0.2633818984031677,0.17422336339950562,0.904744029045105,0.7947179675102234,-116.0,-137.5625,120.0,97.07142857142857,1,2,-66,-0.12,-0.06,135ccaa9603ec1da81f3878d83ce95b5dbc16cfdf8eb8fe4302765a6cb1ed84e,89d9aa2e2ce7fca39e104f98beb4782c6d901138dd02f0130842a4b96a1b2d99,targeted,tie,0,True,True
b897ac0343d2d0e15549f24faadd00b566a68d4886a1d20245aa4ba705997386,conv-42,241,b897ac0343d2d0e15549f24faadd00b566a68d4886a1d20245aa4ba705997386,39c9058c42d8f7022c79423b7e8c6a9f7e15859f8a3257493bc8e4dc7e4e8cfa,1e3cbb71584c10aaeb9fbf9e61b9361b29f47aadbaf731f814ba2c6aaf41b41a,11,13,93,0,0,0,-0.02895456552505493,-0.02707657217979431,0.29673486948013306,0.22220018776980313,0.9256073236465454,0.8039159453832186,-108.0,-123.63636363636364,105.0,82.84615384615384,0,-2,-65,-0.09,-0.06000000000000001,5d644411d4a41d93ac2907ed9eac1e1a682059247af92bd6e4e3a127133149a5,802757affa1e72d74d6607d41b704123c9e3250c6f02e28035ea7fb65e3b8103,targeted,tie,0,True,True
ae33f7c8fa5f5cc3386e28fa521dcd3688c79e32eaeca627a3f767fef63d70ac,conv-42,242,ae33f7c8fa5f5cc3386e28fa521dcd3688c79e32eaeca627a3f767fef63d70ac,3a85a914907d9b6f4b8c5569b36e91ddfb7b7f6ede14e700edbe3fc88df2161c,dd7fd1dd711c5fa2835a9c89b9ff32cecc32fb9495429a1a39ffe10dee7cc20d,14,16,103,0,0,0,-0.033424437046051025,-0.1524023711681366,0.3366917371749878,0.25356028761182514,0.9256073236465454,0.7984209172427654,-119.0,-161.57142857142858,130.0,97.4375,0,-2,-73,-0.3,-0.08142857142857145,e9c63ced0340bd817dd7be830a9347897aab5183063263ff56f55fdc7c6e9c42,a95af0b86cd6380c5f2fbc60847aff585d473fe13afb33e293918047777071b1,targeted,tie,0,True,True
e3072535c69aa99abe1cab8b85290e6d831a18f7d23b76ed932062c161087ccb,conv-42,243,e3072535c69aa99abe1cab8b85290e6d831a18f7d23b76ed932062c161087ccb,1091ec485bfebb4759e097ee099f8bceaf3d940d324cc0c31d736b813a7e1a1b,7ad73ce5f100584048db6eeb17cd748b349d857b93d30f36355a61327a781570,13,16,97,0,0,0,-0.038562655448913574,-0.042704999446868896,0.33349311351776123,0.20709230808111337,0.9256073236465454,0.8133720904588699,-116.0,-139.76923076923077,109.0,91.6875,0,-3,33,-0.09,-0.05538461538461539,b71e303ae95c45d11b8c842df4b5c71f2596da21a4dce43a69bfa06821e959f7,9864433beb8df75921c4ccbda6283d78ef5082ba8540104700e81fe6d5b61be3,targeted,tie,0,True,True
6e476828ea3bcbab621b4adfa9406dbb819581d391fb62701b6c4eb6b3806780,conv-42,244,6e476828ea3bcbab621b4adfa9406dbb819581d391fb62701b6c4eb6b3806780,3af8c89c7540b5ff920f7591c77c009e39e6a03355987c0a58bd77442f79dede,0462fb5da92191b0fa1faacc96071e1d13427e7ef8f9d2b826fe248df56ef12b,18,18,91,0,0,0,-0.025548815727233887,-0.03619453310966492,0.3541005849838257,0.21335749493704903,0.860683023929596,0.7802442113558451,-114.0,-142.22222222222223,106.0,92.77777777777777,0,0,17,-0.09,-0.05666666666666667,a84b33aad124230fe21ea1896e005b145fbae3b1ddc2d0e1e3e05d3a7b6c61d1,ce41e63e7d6823b905fec1f42f9ad808cc952dd4f7e9b9a4a792baf7f26e8615,targeted,tie,0,True,True
de66d707ed8de12499a6cad19b3fa85baf308d3757106510ac184dcc92ff7414,conv-42,245,de66d707ed8de12499a6cad19b3fa85baf308d3757106510ac184dcc92ff7414,55f98156766a563d4f9c812210aabf167ee5b7948832fe58a184bc64374144e8,19e30be567b1c730fe38befef1d4da5859d8a358e145f0de22db36b3578d66f3,19,20,100,0,0,0,-0.03439754247665405,-0.0358448326587677,0.33349311351776123,0.20534764779241463,0.8744850158691406,0.7931011706590653,-123.0,-147.31578947368422,117.0,99.7,0,-1,47,-0.09,-0.06473684210526316,78691a4175a5c0bb57b434c6173304f1b8c10d1b19ce71e41ecb02ca10a71976,0099eaa9c89ece884dc3dc88ee3a30fbdb1b769afe79f043cc14515b749e3be9,targeted,tie,0,True,True
3d5de9f470e75e5f8f9411ff972a06ea31cd2c2058e9c459389e4515580f9ab8,conv-42,246,3d5de9f470e75e5f8f9411ff972a06ea31cd2c2058e9c459389e4515580f9ab8,d5b5a34dababd1e9196b04c0cbe39ccab0b23bf085efad5d9313e67edd7808ab,7d8edb409a7d89b65799630962f9c3b4e4020737b05ff3f7fd3cb73a3c4e43ba,13,14,86,0,0,0,-0.0224439799785614,-0.043047547340393066,0.3575117588043213,0.2481286067229051,0.8833304643630981,0.8051843430314746,-101.0,-133.3846153846154,98.0,84.42857142857143,0,-1,-75,-0.24,-0.062307692307692314,5166849138818a8578140493278deb56868b48555f33c7132c8357bc8dda83d2,552a4760e324d1d8481e66ed23155fe73f14a22b68e8526263ce06bd225ed4ae,targeted,tie,0,True,True
964f17ffa6d7afaf74e8785c1407dd1d70cc86a6d51690a66ccb0178d9248b65,conv-42,247,964f17ffa6d7afaf74e8785c1407dd1d70cc86a6d51690a66ccb0178d9248b65,5b32bcad0f60dee37155b126f9e50a88319fdf3510217c3638a011bafdd97b84,f689e8b00a2eb7d04bb28d3e281a9b3a859561a0427d6e753ca8786ded2d9983,22,19,94,0,0,0,-0.03808024525642395,-0.04940551519393921,0.4028615951538086,0.22568423097783868,0.9627875089645386,0.8039587359679373,-116.0,-140.72727272727272,112.0,91.57894736842105,6,3,25,-0.09,-0.03954545454545454,6e1630011f8e82c3be2fff0ec228b0c99b7d4f871e9a7411482cd714d25d6018,843f6f7ed5edfd39c44eea8e0196ace36adcf8d1aee41ca2c9ff57a40bf4d5e3,targeted,tie,0,True,True
22a9f4dd66176b378cd669bf9d3c63657f3cb566173db01d5ac105f2dfc27b5c,conv-42,248,22a9f4dd66176b378cd669bf9d3c63657f3cb566173db01d5ac105f2dfc27b5c,1d0e29952b4a9893ee40fb3397bd4014ab0892e4a2d7c73bfd7bd2a4da888504,300e588010356cb3bd159e4f8ef79bc5d806682c99951d6667c3a235ff787634,17,15,87,0,0,0,-0.019793152809143066,-0.03017359972000122,0.3273121118545532,0.2129183902459986,0.8744850158691406,0.791146715482076,-102.0,-124.05882352941177,110.0,84.86666666666666,1,2,45,-0.12,-0.05647058823529411,c649d5ba56979eb505454d6ddd805d40d5a02728260b67b43c25de015d7b54ef,6f2ef4998ad226cd32d03b614d61bed8ee4fce372f48333d9c55b99b863ad266,targeted,tie,0,True,True
bda9382973430deec5274a24aa691c65945d52be01497ba6c27913f3b38e0621,conv-42,249,bda9382973430deec5274a24aa691c65945d52be01497ba6c27913f3b38e0621,715f0489fc2dc9b3c5d4e38ad6dae2954f3e6f0901b961b1485ea82823143efe,67e50213f1043b6d7e28c0b9273d643f7ccefa9a2e2c4c606fbc3e34327805ea,21,17,96,0,0,0,-0.03460800647735596,-0.05315670371055603,0.31604909896850586,0.19751865239370436,0.909887433052063,0.8005039867232827,-115.0,-138.33333333333334,112.0,93.70588235294117,0,4,-4,-0.09,-0.06571428571428573,c65161011be683e107a7eca1f55bdff4a0f0b6779544673af25547b8f8567f6f,b0cfd317ba54bb4481efff7746c62c2c5461a4da2478212964869dc2e501e22c,targeted,tie,0,True,True
38bfde82a4ea35474979ab74e87892dc262f86ad86d9d928475fbe3fd340e201,conv-42,250,38bfde82a4ea35474979ab74e87892dc262f86ad86d9d928475fbe3fd340e201,7b93037c7a1bc51f81860ae96038db9f4375f2b78407ca450cf76ed958102d76,4fd90def60048c0b4f1256a2c771de68bfe007e8c4ce5f1afff657a2a866ca66,19,19,96,0,0,0,-0.022710442543029785,-0.032700300216674805,0.2954612970352173,0.18105893386037727,0.8873758912086487,0.7908448169105932,-119.0,-142.21052631578948,111.0,95.0,1,0,40,-0.3,-0.06473684210526316,5ce4400d641bd5ff4eb93c35ed6c78b8ee2c6da8a98e0c52dc15a5e191a2a76b,6d25ae232a9fd58702b4a9f7bde1e20ebaffb49acce7a019d06f1f407635ea43,targeted,tie,0,True,True
4914171d549e99fc91245f22ff19ea8c0de089c14018a1330f8698617b872919,conv-42,251,4914171d549e99fc91245f22ff19ea8c0de089c14018a1330f8698617b872919,5595edc0cb4dad62657c4bf39e630726ba2dbd5e0ec118ac00640e26540bbcd0,d5c59d9a70626a9d2f1e5798af89c7ca9d1c4ed8aba16ef78fa3e98d76b1536c,22,20,91,0,0,0,-0.032191306352615356,-0.035835593938827515,0.3335255980491638,0.1979304633357308,0.850185751914978,0.8011657238006592,-113.0,-138.3181818181818,109.0,89.35,1,2,7,-0.09,-0.055909090909090915,95f82fd3e2cd9e5d9f93022be1d5388e0d8da8ef2ae7720a8d6906f516935be9,53f60a4132f5bf1cc7e762ba003b1c265bf684c48ddf44377152add2787b5c8f,targeted,tie,0,True,True
33f472a165bfa3e7170328c9aa58f991b9f6c105df5c59dec2c9d3c75ed04373,conv-42,252,33f472a165bfa3e7170328c9aa58f991b9f6c105df5c59dec2c9d3c75ed04373,8bdb9264e731d4fe2def1dbd2238d7c99da18986b42fdb96b1f3399be1a81afb,6a180a932e44a3a2dd7bbe119215289017cb037aa5799cf568d8827eb772a55d,14,15,100,0,0,0,-0.035887688398361206,-0.04340261220932007,0.3164604902267456,0.20961332321166992,0.9181395173072815,0.8153387029965719,-116.0,-137.78571428571428,113.0,94.13333333333334,1,-1,-39,-0.09,-0.062142857142857146,0b657f211a0710f7851c8eb5063848f77812e247f322deb8fcf805381ca37f12,7fe9622f6d21578c2f5d158f59c10dce02331fb72ad39161fae6ebb6d581bb7a,targeted,tie,0,True,True
60a77645e9c89b1c7b59d321f8d2ae8f355565eeda46aaaf0a77e2a224f74dc4,conv-42,253,60a77645e9c89b1c7b59d321f8d2ae8f355565eeda46aaaf0a77e2a224f74dc4,7c4fa7dd6fbeeea5cae0150683a8f4a91aa05fcfdd6d28aeb6c80cdaf01d5261,fcf5877a3598e30e2405e7a7ba4535b46e19ae095e93653a64db9ce9c68da92e,14,10,98,0,0,0,-0.03628605604171753,-0.16357189416885376,0.26914626359939575,0.19362680401120866,0.8634405136108398,0.8066092193126678,-109.0,-150.07142857142858,108.0,98.6,1,4,26,-0.18,-0.06214285714285713,5048a5abd5b6815036a3355ea150fbfea525827a5904890e4ce75ad4f1009735,7ca1755ebb847570cf15b3609cb951b977465086309ec068b376eed396977dd8,targeted,tie,0,True,True
ccac3f84d3eb19759dda2756c49b2149c686f118fc8338b7f626aac4a756289e,conv-42,254,ccac3f84d3eb19759dda2756c49b2149c686f118fc8338b7f626aac4a756289e,b809e7d5d41a53f117044956436da1a65b4e90d4251ce4d263f76f17204762dc,eb173ef798aa12f8bcc6644ca80721b9e8f08dcb04339751b251c4223dee41b9,14,11,83,0,0,0,-0.02723252773284912,-0.06393259763717651,0.37345951795578003,0.21046628270830428,0.9102302193641663,0.8002463199875571,-96.0,-126.0,94.0,77.54545454545455,2,3,61,-0.18,-0.05357142857142859,0848a9f4a23f21d7335d6b0d8fa419d8f462ffd57d88e5f5fbad97a649580b01,427246a9169da418e06eb426cd830dec926d061b7d7a0c3a0f373cbf17967406,targeted,tie,0,True,True
e8613a520d2082a410c194eb3fa2c78fb50829830a90e682127fe1d85ffaddbf,conv-42,255,e8613a520d2082a410c194eb3fa2c78fb50829830a90e682127fe1d85ffaddbf,e210161d719bb6b4a9a02b0e3c9e2d2341fc61d9001efaf5e0310cec01f02adc,14d7998fb1a6b48aa89d0a1dee624a670cd7fdfafb92587ffb1e2cf802807629,13,12,100,0,0,0,-0.030236661434173584,-0.031868815422058105,0.2624704837799072,0.18696079345849845,0.8658790588378906,0.7907643814881643,-113.0,-132.6153846153846,109.0,92.66666666666667,0,1,10,-0.09,-0.07384615384615384,2b2ff65baf67a22177bfb015dc300396b735a345366ce0aec67433a1d4be35cb,9c362baee940608aed4bbf7ab22895bbd01c00726f8a5b0a44d887dbf69a91a7,targeted,tie,0,True,True
e5aeb9441faabc145d356539e0d1af65f97264cf04ac6f00ed91c7b94811dd36,conv-42,256,e5aeb9441faabc145d356539e0d1af65f97264cf04ac6f00ed91c7b94811dd36,1ef5388354bcf67c1425384f02d0d8b298f205e31534d10017d65bd108ce4ba6,150ca9c9127835eb3b69c1793556e17b21b98e7d554cd86a50029491c18d1a06,17,20,96,0,0,0,-0.030858755111694336,-0.039310842752456665,0.30264532566070557,0.20295366820167093,0.9181395173072815,0.7922228991985321,-115.0,-145.52941176470588,120.0,95.1,0,-3,0,-0.09,-0.06,9f6d9aae6065a33e54154fbe4b5a7a86873414e6a9244be1d260f80eced2d7ae,7b30c955ce420d170081f4dace7a10312a99ba4138ce5d418026750e3cb58773,targeted,tie,0,True,True
67c1cdb86933d3c85bcc76c8db1939a6bb2de68d7d6b42e00ca120676111a10c,conv-42,257,67c1cdb86933d3c85bcc76c8db1939a6bb2de68d7d6b42e00ca120676111a10c,d7127ee68edfe14cdb5b53468033debb63136da4360a1c46e07756a0e1c17d96,b58c278fc48a8dffaf7b91fbc897471a99a42d47c605eb17318c979e0ae86bdc,15,16,95,0,0,0,-0.021887481212615967,-0.04542204737663269,0.29673486948013306,0.21394745508829752,0.909887433052063,0.8006694279611111,-112.0,-131.66666666666666,116.0,88.0625,2,-1,-41,-0.09,-0.054000000000000006,c1d04c5442c943f79ba67831d344796e950927c27c86d4472be3f5a930940a06,a9b5a984aae43ba9a8edfb1e830dc64e3f82a2a8669fd3573664d99dca330318,targeted,tie,0,True,True
97c8430cf48e32db1130d3cc672da63c059109181ed98faf140acc300192e0c4,conv-42,258,97c8430cf48e32db1130d3cc672da63c059109181ed98faf140acc300192e0c4,e71e7882997d1108caf49b43444cdf86355ec1411a9fb2804e8e73ac6c78f01a,d2f3386e1ca576309f2c3ec8e0b46ee54437813b4bdee67b4df629473c0d3bc3,17,17,90,0,0,0,-0.02954217791557312,-0.03657716512680054,0.32723426818847656,0.21973604314467488,0.9286861419677734,0.8111906928174636,-108.0,-130.47058823529412,107.0,84.29411764705883,2,0,-45,-0.09,-0.052941176470588235,039a1abc8b84f9fc3c486c36c89ce018d124cff5e311439dc7734b86786c139c,64d15e7adf1301362b23b4c347980fe5f574faf0f2dfae3d3847f321853407b6,targeted,tie,0,True,True
ac9e6ca431bad33c8c5480b0a25123f55e4b5cd81a3284027617bd5409aec850,conv-42,259,ac9e6ca431bad33c8c5480b0a25123f55e4b5cd81a3284027617bd5409aec850,de8d8d8fede2c22124ea4a37126dd65a8649dadadd6c214cddcad9b77c9c56f0,6536b872a2bbafe88b2e530942c4129eb779e641f1e3537000f84983237640c9,23,20,88,0,0,0,-0.036021798849105835,-0.04896670579910278,0.3539414405822754,0.1910349156545556,0.8744850158691406,0.7811130255460739,-108.0,-140.7391304347826,112.0,87.2,2,3,-4,-0.27,-0.06521739130434784,ba87951197610fb428ff07e96f2223b694035fcc1d525d006584e8676655a8a3,203e3c9bf6d532dc440dbd3d594992bb4231af8a4d7cc5c2cbeb00b703434e25,targeted,tie,0,True,True
ea7770c72cfbf483a1abbd04560c8ff5d733a50336709e77f3ffd41b51bd5423,conv-47,0,ea7770c72cfbf483a1abbd04560c8ff5d733a50336709e77f3ffd41b51bd5423,0be3db8d7132865d37206c7e81c4d1f1a367d564290b31bbb1d8ed2872a6ac85,752fe35c518f4a4664d2f0bd4820c0973763b1399cb84198d9d454af21c2a073,16,13,102,0,0,0,-0.024968087673187256,-0.029389142990112305,0.35126882791519165,0.25913311168551445,0.805951714515686,0.7328851727338938,-116.0,-144.75,115.0,95.84615384615384,0,3,62,-0.12,-0.065625,18672216f347e70bf361793e67b2c52466f89f941e3da5c493872f69221ab3b1,671bb4ca497b3603e394b9b70719af4c821c70c05f9c33e9acd264d38c187120,targeted,tie,0,True,True
f1f07b73726880c6706bbcfc1b4eac4532e5c565da17888d0808d8a7b312c6fd,conv-47,1,f1f07b73726880c6706bbcfc1b4eac4532e5c565da17888d0808d8a7b312c6fd,eca0c78d90935275256748110bec653b4ca6aa9e38fa516deb0024ae7d5ab5c7,f6ed327a69043149c229fb8de95004d6bcdf33b879bb11a1168f1322f3f9d2dd,16,13,90,0,0,0,-0.029388129711151123,-0.02417278289794922,0.39905887842178345,0.24981550127267838,0.873845100402832,0.7636899810570937,-109.0,-126.25,101.0,85.38461538461539,2,3,58,-0.12,-0.04875,127c54353fad90c9169f95326b94ad11bd99a2b0f9b085fcedb3c2946e9c48bc,97d9b3bd60216137b54f4d8176c9ea48cb1a14d4b6541e9c5caec395c6155679,targeted,tie,0,True,True
e1081888bb3fbce9f2abecaa09acc524ca6745010f7720e08cb0af0f84d68e75,conv-47,2,e1081888bb3fbce9f2abecaa09acc524ca6745010f7720e08cb0af0f84d68e75,242705e6c7f0b5387a187ecfd1e9167cdddd63ae71a102ea4f499e987e8de3ce,3a9bb8822028f4f259003d361232f09c7759028dec0e503daecf69dbe3fed16d,13,15,106,0,0,0,-0.02350926399230957,-0.044522106647491455,0.3404079079627991,0.24502775760797355,0.8746145963668823,0.7130389889081319,-124.0,-139.0,129.0,105.66666666666667,1,-2,-82,-0.09,-0.06461538461538462,24e2129ee8d5254d4dc1d71d604ce5a0244536ca52a3ea86165a736f18024a49,caab4238fe0fb497c54ed9bc9a7f4ed2505ae3909fbda89f7a63c63bb56d6589,breadth,loss,-1,True,False
e1f2d24c404ebf65c57e01a0ece990bc8c018a3dea98c194c3191aa80a5860a0,conv-47,3,e1f2d24c404ebf65c57e01a0ece990bc8c018a3dea98c194c3191aa80a5860a0,f70afdd892eb49f640e21c77b633b8b5e8b6e95fea238166f7159566040f187d,039cdcb6df2a3819bdcfaeb348c99907eab712f7d019b718b61d610430f5433e,20,20,101,0,0,0,-0.03908020257949829,-0.044674694538116455,0.3436766266822815,0.22846004366874695,0.8701167702674866,0.7574096739292144,-125.0,-153.0,121.0,94.85,0,0,21,-0.27,-0.06750000000000002,36fc62efe714a0605a8183cf4bbd8d91eafa458babf7955450c5056bdb669e78,ea7e3a199608c6b3fb537f51a3c323163130c23ae82fda7ab232859a0a8efca8,other,tie,0,True,True
4bc060f5e3cdce04aa2798efcdf0bb848640c5402b6556f6e81cc91b19c52cde,conv-47,4,4bc060f5e3cdce04aa2798efcdf0bb848640c5402b6556f6e81cc91b19c52cde,122a6ee8c46ddc84e9c65881227bef565a92c749751f373fd7522b9e0c1f7879,abdf82675d29171d81e1201d164c99c79f446777209519406816e1ecb2c6fac2,15,15,84,0,0,0,-0.02053898572921753,-0.03986334800720215,0.4034923315048218,0.27991079886754355,0.8681169152259827,0.7575879454612732,-102.0,-139.13333333333333,100.0,83.93333333333334,2,0,-42,-0.21,-0.052000000000000005,539afd11d3c0888f4dff8df35e178fc4317237e05f49440a96d77263f9dc272b,23ddfe994925c0c168ccbec24cdfdc18f89c45ca1d35d345740b0e8c3db7d4fe,targeted,tie,0,True,True
17dc4218dd2b7c603fadd57ae1dfb05534910c7edafe1d52cd39f976526e143b,conv-47,5,17dc4218dd2b7c603fadd57ae1dfb05534910c7edafe1d52cd39f976526e143b,56c9e8030f69c94d75824b71432ed08cd7bd1fb667631de4e260e21548a3b27e,67d532b52068140df944376522e785fe6a3a45088e25e8aea161b74a0524a1c3,21,23,81,0,0,0,-0.02679002285003662,-0.07935148477554321,0.40440261363983154,0.24932014658337548,0.8346882462501526,0.7455669226853744,-106.0,-139.71428571428572,105.0,86.8695652173913,5,-2,-34,-0.09,-0.03571428571428571,7c4bfb5e3709ca346f7d39ce50e991b1b950a57a3f32fbc58e2c2f88528a32e9,3df207f35c0691b61f67cdb792a011792b1af131744e619fc69cf196e7d51464,other,tie,0,True,True
82e6442f36988f9335686fa55544cc76afeb03349db36c34302c68909ed5204e,conv-47,6,82e6442f36988f9335686fa55544cc76afeb03349db36c34302c68909ed5204e,196e1ba0adac58e3a6646639727302dd345ff6a4796002283365274bba92f991,dde64675bcda4ea51ad7d173e54d1808c5fb413a27439a04ab1c27f1c603a948,16,16,104,0,0,0,-0.026346176862716675,-0.03551647067070007,0.3701493740081787,0.24387367814779282,0.8681169152259827,0.7708586379885674,-121.0,-143.625,120.0,102.625,1,0,31,-0.09,-0.06375,98f714e2745c993f6f7f662f880b345d5ff63a7ac64550acee026c8966a60554,a0755b3dfe3c59d0c24c4fc878431ea864c329b2abb937fefb35caf77896af89,targeted,tie,0,True,True
66ef6a4aa8acd6e3105817ae0850a3a68724e88f8d9a2148f07fb98ee639fead,conv-47,7,66ef6a4aa8acd6e3105817ae0850a3a68724e88f8d9a2148f07fb98ee639fead,1135f41314d0f3e89ff48a02820cf21d8a872bc5fdc9ad12907fb55f2f887cc8,98ea2ac02927c3c76e6b8ebbf986659124f3544757147acdaf45236b7305d39e,14,14,100,0,0,0,-0.02927255630493164,-0.048684895038604736,0.4397581219673157,0.26871139662606375,0.8701167702674866,0.7658496030739376,-115.0,-155.0,113.0,93.5,0,0,40,-0.24,-0.06642857142857143,cba0ae46eb932820c6a0279fc89d4cceda47d76a8a244bb54195d64aff2b87dc,e4e1ed868924c787de32b0b4678b186f40858f23d874868eba0b1a50f873e0e5,targeted,tie,0,True,True
d9eabf113269044eaaaef85d06c90ece7102cff7bd76f355f12341048681ad20,conv-47,8,d9eabf113269044eaaaef85d06c90ece7102cff7bd76f355f12341048681ad20,3364b9d012b1acbc0334fdad4e5b35a4bc56235a5e741d69e118e9232ebef942,c778164c4dbf208bc2691918cdcdc2e6bfc00cab83ca392d8648219fa11123b3,18,17,106,0,0,0,-0.03858628869056702,-0.05474954843521118,0.4227694272994995,0.23884291450182596,0.8701167702674866,0.738697837380802,-123.0,-155.55555555555554,120.0,99.70588235294117,0,1,36,-0.39,-0.08166666666666667,35f9fbc184908b9f77c60c50dc954326220362497fd335175abe7f38beda8a84,77b6c75b9aea21b4f4acd896f7244e169041d6295041c014ef0484589627b1cd,other,tie,0,True,True
815d47468d83d5a0f515928ac93d7c023e42c848ec7c6b469c5cfceeeb7f89f6,conv-47,9,815d47468d83d5a0f515928ac93d7c023e42c848ec7c6b469c5cfceeeb7f89f6,78d4d4e17ae5dedd78099364565ecb182b5a084ab9790c1fcad525dc2bd09a03,29522dcc3130d044b07bb1adf031f5c4aae40ce2fbd6dfe56eb8810f45faf6f7,15,17,106,0,0,0,-0.04284322261810303,-0.03233617544174194,0.3887779116630554,0.2531047105789185,0.8701167702674866,0.7529425726217382,-124.0,-163.06666666666666,183.0,105.52941176470588,0,-2,-57,-0.15,-0.06999999999999999,d1a2ac1006cb3091aea3f32e80588bbdcd1c0a9cd3c0a5b5db17e5e2014c6425,e2707a62189595656d6dd608ab40bc57e9aedc04a87350d16fb0c4f611e16fa1,other,tie,0,True,True
afa7f6969c06ada6b76d156d3fc7f96c35c7a9e0452ef3f6e2cd2f6095c62a66,conv-47,10,afa7f6969c06ada6b76d156d3fc7f96c35c7a9e0452ef3f6e2cd2f6095c62a66,21bbbc2a97d7bdc2657480f73bd95d8ec1e8000ebcca553c14049520904b74bf,e36181fde89d26315dd6e5d2896a4f7dbd718f01c21d8bc612807af625f92076,13,12,105,0,0,0,-0.03120151162147522,-0.03497588634490967,0.3887779116630554,0.251573594716879,0.8412299752235413,0.7314314991235733,-118.0,-139.3846153846154,116.0,97.16666666666667,1,1,-74,-0.12,-0.06923076923076923,862ddeb92308647f4ecfb80d706360bc437d6f7749714fb6e2496f062948a7a1,8dc4aafeca2e284b2360490e3d73e5358682ce472363ab873caab2588692419f,targeted,tie,0,True,True
0c4306a50fd246f1fb4afea59b5ad77f3fe4a8d428cad3c4953728f69101c898,conv-47,11,0c4306a50fd246f1fb4afea59b5ad77f3fe4a8d428cad3c4953728f69101c898,ff85e8afd17dab253ee9886e5cfde1c7d4aa31de3fe93e0e8f355b2dff01865f,0fbd654143447d1a5d37acde565e1f5b773f4e684a36adb139f71b1cf7c0f3cf,13,13,98,0,0,0,-0.02896648645401001,-0.032396674156188965,0.33294951915740967,0.21947877682172334,0.8237577676773071,0.7451814917417673,-110.0,-133.15384615384616,107.0,88.84615384615384,0,0,-2,-0.09,-0.06461538461538462,a0c552bf3d74a2dfd73ed0f7b3c39acac518147f311d6b839e38df0160aa4d62,48b13c143ac16e4fb888bcd8b3d7dbabcfe9391b83330d22763a75de1bd58e8e,targeted,tie,0,True,True
5a224986c25822fb7c505ad035e84a8e70536ec486c88217fe4008857e7ef8e9,conv-47,12,5a224986c25822fb7c505ad035e84a8e70536ec486c88217fe4008857e7ef8e9,98ddc15e12d53c2c17e256405a7a226814b402a83bc50c4c21a6919a57f113e0,f0a446ed3af7136d2801b170f65dafb80936442d23dcd43a48f7f1418d9ae134,9,11,107,0,0,0,-0.028319746255874634,-0.0383872389793396,0.3591071367263794,0.2305049498875936,0.9428490996360779,0.7705071514303033,-123.0,-152.11111111111111,111.0,89.0909090909091,1,-2,25,-0.06,-0.04666666666666666,94e9604346a5fd37820858ae4993f82a0933f809d49a471f16a8335a34eea9e3,3a1c81dcfe5eb15f6f1f5b50efdb85899084cb9b6234714b549399602c3f1054,targeted,tie,0,False,False
e01119b3dd635cfde9c8a0bc67142311593658745ffd22051de5053361e57f01,conv-47,13,e01119b3dd635cfde9c8a0bc67142311593658745ffd22051de5053361e57f01,5ae1fe8bbcaff5d4ad5a6b24d8274bb3b613822d1df864470ec399ab8a864d90,8771a558b0bf556df4641fbdb2816eeb2549c426f3f67c407be21f5b6f46a9d3,15,13,104,0,0,0,-0.03844583034515381,-0.09520125389099121,0.40811318159103394,0.24857233762741088,0.8187559843063354,0.7240161483104413,-118.0,-151.0,112.0,88.84615384615384,0,2,73,-0.44999999999999996,-0.08800000000000002,13b27e57d2509d7544bf2c139d6439900f7bb3a5538768330cccd4e10da7a577,73b1c144a5797352806d4244f06beceb4b693393439725a35e9a1731423cbe8d,targeted,tie,0,True,True
8ee125357733aa16c746b0a16b6928fbd4ee7e50bc918538050c7fa65f3d2080,conv-47,14,8ee125357733aa16c746b0a16b6928fbd4ee7e50bc918538050c7fa65f3d2080,2d0c4f48c7434fd7d958be1025793a745401cca002489609798ccce7ca336a80,7d06065c6ada85e67a4d07f09157da0e70bdf9777223199d157044963061354f,20,15,89,0,0,0,-0.03099951148033142,-0.029935389757156372,0.40811318159103394,0.267776808142662,0.8166491985321045,0.7131090124448141,-104.0,-133.55,102.0,83.46666666666667,2,5,-23,-0.24,-0.052500000000000005,8cc8f6c478642e2eb615d4e9c02f16ba0e542aa3da47d29869df0d9e7027f009,d74d9b74636fba442311d36c65ef7f9a0b30516e6c7e1d0ff02b7f523231e83b,targeted,tie,0,True,True
416c7f3667dab0ac1d11bba03ed07002b91469dbcc475caf7b35004cf10f4d2c,conv-47,15,416c7f3667dab0ac1d11bba03ed07002b91469dbcc475caf7b35004cf10f4d2c,05efcfb4892d8d40d7be22d958958a0dc3f0a838e4482db534c1c348928bf7f3,2142dc41aa55323ac4156545986b29d06d9345bf6aa7eb95ca274f7e0e8d4481,22,27,71,0,0,0,-0.03969535231590271,-0.040523678064346313,0.3747801184654236,0.29403993487358093,0.921436607837677,0.7699457936816745,-100.0,-130.54545454545453,106.0,74.0,6,-5,-25,-0.06,-0.030000000000000006,13168332ee1c1bdf76e9723905af7a6fea17ff4354d31596284ad05e57f04b05,bf6ac3a7e5a909eec4b68d1d176204bb6e4f68ec690a6b031cbb82c703937b77,targeted,tie,0,True,True
063dcb3e3e321707f0b8dbc3e3eec26f7df4c5c335d01d0bff05a1861ffa7a4c,conv-47,16,063dcb3e3e321707f0b8dbc3e3eec26f7df4c5c335d01d0bff05a1861ffa7a4c,32ec9ffedb360486e5230d8024f73a2b51b6c4360d65269b41aaca70e0352e87,dfd0fe86c1d3898d0d032464866f55ed19d70bde56ac70eeb4d52ff55c875a7e,19,17,85,0,0,0,-0.03803527355194092,-0.05022400617599487,0.34290993213653564,0.24567706333963493,0.8567076325416565,0.7550149665159338,-106.0,-138.42105263157896,102.0,82.52941176470588,5,2,61,-0.06,-0.03315789473684211,f3d0a5898c6e8026e24e99c66b55e2318caf38502819f3456b9a251c5cb1ec32,3bba539f9a6b1e05e63de6f4718a8ece228bb81ce95593b39eaf5c9b8b835512,targeted,tie,0,True,True
efbedc7389e5a57a02c214833edcd6eddd0169571ed64280a4f273fc0b609df6,conv-47,17,efbedc7389e5a57a02c214833edcd6eddd0169571ed64280a4f273fc0b609df6,80fcfc316edfa6cd1f9f79213ee20deff524cc5d69e4df9ff2c4143cfad31a54,328b3f91ef13b9eefcc2d16e883b64735ba62a3b29ad897361c562eb76f90c41,17,14,91,0,0,0,-0.027854830026626587,-0.027146339416503906,0.3648255467414856,0.2632722433875589,0.8178170919418335,0.7348613440990448,-109.0,-137.35294117647058,104.0,82.07142857142857,2,3,-14,-0.12,-0.049411764705882356,69a35d16d2931a759e2f772f4a064c892aef79e222cd776aa567bcf9cff6852a,2d5258edf182dbc1b87bfaacb33b73361475f3640e31610d2f3721647e5b0067,targeted,tie,0,True,True
46fab195fb36b400245e899cf6322a96abce08424d6ff3fa45734019fb24167a,conv-47,18,46fab195fb36b400245e899cf6322a96abce08424d6ff3fa45734019fb24167a,44d4c4b8490b3586d6ff415b9cefc751b83f32baeb4202a67fdc4ac8b3c02093,b7e41c4601964c9cad1a73fb20ca8ac47b6700cd413ef1d8f6034c52b98ebbb3,15,15,102,0,0,0,-0.024623572826385498,-0.04763570427894592,0.3565651774406433,0.27179590066274006,0.9151080250740051,0.7427496790885926,-117.0,-141.6,116.0,98.46666666666667,0,0,-46,-0.09,-0.062000000000000006,80b0ad6a162115cef3905129956478a40f12e41f11e142ff8ccc3b7f65a23219,5f2b8f887bf03be4c76aa3a90b6217fa2801a2e3dab01e9a7856f892fc3083d6,other,tie,0,True,True
b2e7ed0df89ea7dbe7dc84df6f54b421ef7afdd2155d8985e22a2ba67c3e50bb,conv-47,19,b2e7ed0df89ea7dbe7dc84df6f54b421ef7afdd2155d8985e22a2ba67c3e50bb,c88ad170c614c9f94b6f11cd78a77c3e298e4c4c6af0cc25066bb2c72a4337c7,6a82c5c0b43bbd0f9c82fc585d37272cb5864d3ffd6635ff10958fff5570598f,15,15,99,0,0,0,-0.02625712752342224,-0.046376824378967285,0.3767660856246948,0.2555322806040446,0.908424437046051,0.7498408158620199,-116.0,-144.6,113.0,95.86666666666666,1,0,-43,-0.09,-0.046000000000000006,48e3e4d10f4b058e6401826744e4b579928cd11cfbea203ed8dc6e6747d79926,4abefb020714cff9a60ae8e12721403a6ce1a11fadd2b12a5132d620379dc042,targeted,loss,-1,True,False
11586ec8fedf302867c2fc39278cc8670c15d13663252de00fd7feeebe1b1644,conv-47,20,11586ec8fedf302867c2fc39278cc8670c15d13663252de00fd7feeebe1b1644,06750907660d1629aaf411a8b93d2ef316694477a88de38469a749ec7e970e8e,48627c43002ad1326fe39126fa9004bbbc1d43f358c603cad8f0cc2b66524d67,15,15,80,0,0,0,-0.0320582389831543,-0.090506911277771,0.3359716534614563,0.2473130742708842,0.8261812925338745,0.74001677831014,-96.0,-122.6,94.0,77.06666666666666,2,0,11,-0.21,-0.046,4cbc6cbb44f9661f687619ccd4cd2b565d8114afede985faa29b0235d39c39bb,c330a2113fef4cd48061c143472148e45ca673d3816ee60368a5b09e4d70a1d1,other,loss,-1,True,False
6f5faf160b3ca3d6592877707e89ba559e893591f1ba88059802c05310b5098d,conv-47,21,6f5faf160b3ca3d6592877707e89ba559e893591f1ba88059802c05310b5098d,9b530e959b8c13b6a9fbddf677d9d3332ce1626bde654b243ceb6ec8987ad552,459e75dc30b1aff42509617727965aa13faa9cb089876ddb551e941eb37ffb43,17,14,78,0,0,0,-0.034893929958343506,-0.04510942101478577,0.3637832999229431,0.24838682483224309,0.8440616130828857,0.7496483879429954,-101.0,-123.52941176470588,89.0,75.21428571428571,1,3,-21,-0.24,-0.05647058823529411,f4f17d364c506e51f53cc1b34baddf9f68f5ce394ec6eb140e0732b2ae2d77b7,401b79b01a207fa93442343fb99f27d1ad5bf1e58cd97754a1b93cb44a489ce2,targeted,tie,0,True,True
702964aac61570c1da22ed37213e0fee03655e6ce26567d1cedf7cac3c4e29e6,conv-47,22,702964aac61570c1da22ed37213e0fee03655e6ce26567d1cedf7cac3c4e29e6,13c54a4b2f4e15b9fdd820e3c5db3a40bdb0ce33b31e4b7a46c9b748e7cceffe,1d6fc6fcf3ec2f83fb2da74f7e0f9a60174a0a2e0b77bc1173cab9323283d6eb,18,20,80,0,0,0,-0.02257680892944336,-0.02734142541885376,0.3686632513999939,0.27747513519393074,0.8811179399490356,0.7588684916496277,-100.0,-127.66666666666667,104.0,84.0,4,-2,-25,-0.06,-0.03666666666666667,ea5bd84ccd9eaf4cbe6a349d3d869962fad9114cd10e1e2f2f90d3d82be0b823,757a5339d32190c46b33de9b720d2260972f62e7e97babddc827fd1603665feb,other,tie,0,True,True
1cedaa71676b545fefa4aec4cc21ebee1e3f205ee595cc43c4414d4ea9278dd7,conv-47,23,1cedaa71676b545fefa4aec4cc21ebee1e3f205ee595cc43c4414d4ea9278dd7,2472336ec99697b83f5dad0ecf0431aac99ba11a2e24efe84bfc456d3600e325,0b5e7cefbe2d09f26a0dde2c7efaa4b8903eaddb99b1841d8e2d71ef98d5a994,11,11,102,0,0,0,-0.03887632489204407,-0.030881673097610474,0.3565651774406433,0.27189926125786523,0.8328989148139954,0.762609525160356,-113.0,-125.81818181818181,116.0,96.27272727272727,0,0,61,-0.09,-0.06545454545454545,f674d2ee066bc1cde0f851fff46ceb75be3bf0eac30668535b7d3cd0a642839e,a8c362a92262103a1d805c52aa7d7876a2dd8a1abbadffa2f9686ae0103478c2,targeted,tie,0,True,True
5550ada54971a1a46fa62c71037d4b1f964b2840d39fc184661926c639c54a7e,conv-47,24,5550ada54971a1a46fa62c71037d4b1f964b2840d39fc184661926c639c54a7e,fc0dbeb17264f4f2cfcdab72980fdc27926ba4bc0d82abdc3f5107882c13dbbe,d67da7b363b9fd65b672a5879e905abbef7b54e7f367c1cc4a2482c2022d5853,16,17,77,0,0,0,-0.04501998424530029,-0.04014435410499573,0.37404918670654297,0.2819235175848007,0.9151080250740051,0.7629305790452396,-96.0,-135.5625,135.0,80.29411764705883,6,-1,16,-0.48,-0.054375,b32919131416fe5b56f45a863baa2e2e03c0c73500495f31dc2dce81102b0280,a70f346453aa4d24906b4755f056208e8820031297a30f9f21a9b166244abd8f,breadth,tie,0,True,True
2ea3180da0f70cdda6ec19be424741889aad3d72750c5bb855bb3ae38c41f3ef,conv-47,25,2ea3180da0f70cdda6ec19be424741889aad3d72750c5bb855bb3ae38c41f3ef,a467693ca3d066205b1406238925a2602cdb05bda8ec5bc3608e58d8449c7455,ad1a65e2fe3e4a6c84a402903006ad47d624392c5a3aabf53a310649983c9d53,19,19,97,0,0,0,-0.04198390245437622,-0.04109668731689453,0.3637832999229431,0.28130895213076945,0.921436607837677,0.7332067113173636,-119.0,-153.10526315789474,113.0,90.15789473684211,1,0,24,-0.09,-0.05368421052631579,5f971dcc43d8788ac57ac57317cf12a80e4b407d42aed11307f9ba6bd3e3c63e,c43660769626ed7fb7bc1884f2dd7b124f37aa2885ce3b617f669e38c53bcbab,other,tie,0,True,True
5e0bb9a6c31a0d2d30984ffc3ee4ca4e394d209899a6477a761752569b09a506,conv-47,26,5e0bb9a6c31a0d2d30984ffc3ee4ca4e394d209899a6477a761752569b09a506,14d84cb69e670e4d790166c5e0de28a2917b833a6d2b299d2325626f5c8cc182,11cb837ff4bc868cdd2214d1bfcd4a55413a7a30c6d3ff1e6d44f3394fff091d,17,15,102,0,0,0,-0.020629137754440308,-0.08714428544044495,0.3490269184112549,0.20658697100246654,0.8765760660171509,0.7583840052286784,-118.0,-154.47058823529412,119.0,100.53333333333333,1,2,12,-0.44999999999999996,-0.07941176470588236,65cee02b5a549d5271ca85f32cf840eb9895ec2e41647fd6c51e72e85b998767,a5e05759a1c70fc0c99c433d12c8714c55d41e2563233852d2791b59c269be54,breadth,tie,0,True,True
7a6bec9aa4cba6b1075f662dfc5d6687190ecbaaaa81e0da68d329153cb7843d,conv-47,27,7a6bec9aa4cba6b1075f662dfc5d6687190ecbaaaa81e0da68d329153cb7843d,8a74499b992a42e410254cf123ab6041b4640bf7af917d5a68388308abb06701,15d6843b938023643760be82a8266c4afb45dab01fcccc3fc5c80458f54bf8cb,16,16,98,0,0,0,-0.024871885776519775,-0.04687902331352234,0.388280987739563,0.25783634185791016,0.921436607837677,0.7451433427631855,-116.0,-152.3125,112.0,95.3125,1,0,50,-0.21,-0.061875000000000006,5f4f61dd574b182246df363c8cc77259001b804826c6ef2e26989a862c499a21,81f83ed4fdd22cf7dec75682efecc4aa69af4d5f8385309ea6970b54bcfb3cdd,other,tie,0,True,True
9eda55f0d34f82c6ac93bc3eb3dfc21b1c72f35eb6d9d9fff14e4ea96ff11d76,conv-47,28,9eda55f0d34f82c6ac93bc3eb3dfc21b1c72f35eb6d9d9fff14e4ea96ff11d76,9e6c89a35759d42eb1681bf6e5c40c1c0be03e1ce4a9f998ffebbdccdc9accd0,5777c4d5f4c36bff78fad248e293248d43d79edf86f4bcac4f82df97c8bc0a0b,17,16,91,0,0,0,-0.0331479012966156,-0.12371119856834412,0.40811318159103394,0.28200608141282024,0.921436607837677,0.752835463732481,-120.0,-158.23529411764707,111.0,83.9375,1,1,53,-0.48,-0.07411764705882352,8b66331d7d0a2ff18c362616f0441ce1ac80125fc6b6fe72f16d442b59e34f70,338395bbde00be5e0478691aefdf7f74ed16df54269e359d9957b06445796b54,targeted,tie,0,True,True
1cd4e036b9b56a2e5e4c2cba1346e9c3416b4d10d562fc4d21db2ba299542fc5,conv-47,29,1cd4e036b9b56a2e5e4c2cba1346e9c3416b4d10d562fc4d21db2ba299542fc5,8e954f558ce1c85489594a3aeaa493a523fb4a39b3cc7c93e10cb38778b98bb4,48d6690825fbcf296f16a10518015552128a49169b545f3460c964c3cec1e998,13,13,106,0,0,0,-0.040381431579589844,-0.03433799743652344,0.3194890022277832,0.22874900010915902,0.8187559843063354,0.725583975131695,-119.0,-136.92307692307693,117.0,100.38461538461539,0,0,-56,-0.09,-0.05999999999999999,033389617e97e235302b11585d2d62d06b5379431ef1e1da31ec4a538b9d4dfe,fdfe497ebcad2a8171f25bcf21a88a9ce7d001c4a5d0321b8c150055311bcb43,targeted,tie,0,True,True
f085bf4cb91b466dc4fbfde01293ed8ad0c57141c30286c068c12e9b3a64bc3e,conv-47,30,f085bf4cb91b466dc4fbfde01293ed8ad0c57141c30286c068c12e9b3a64bc3e,60068491021d6e2d2d0a5166db06ef8b65bc875467c7178bf4b9e1be93f36988,a0372e1b0193df0463590ae2747f487eb5a6152a2637734ff0600b267edc3885,14,15,103,0,0,0,-0.017714738845825195,0.056865185499191284,0.3600916266441345,0.2615763417312077,0.9187777638435364,0.7289721369743347,-117.0,-149.42857142857142,291.0,108.66666666666667,0,-1,12,-0.15,-0.07285714285714284,6825957a73afc533e8bb0b112303de34350b2ffcd3f911b4e255bfbf2ae1dd0f,26fd33300596da2d70a92de9d4a8a9a750406ab6743fd06dae1dd3e8cd83b421,other,tie,0,True,True
44bd81650daec8c9bcec12a18acbbf619e88f0550bf49d02812a7c63289cd73d,conv-47,31,44bd81650daec8c9bcec12a18acbbf619e88f0550bf49d02812a7c63289cd73d,d00a74c343571972707eedf2dfb0d5e9a9d48aebac17b3aa281561ffe7b63c09,56ebee9291621f9fd6ddfb61a19d96193aeae9e38e58765a3b0ab96bee52efad,15,16,97,0,0,0,-0.02752518653869629,-0.03811904788017273,0.3490269184112549,0.24361295700073243,0.9428490996360779,0.7505375146865845,-116.0,-151.13333333333333,120.0,92.375,0,-1,-2,-0.09,-0.05200000000000002,19a48a5e6c82b817f856647559721be872d2f6be6b6564bbb90466517fde3ce1,4d75ba533f730f974ad654413d32c5550aff7ea1d6f196f1ed1128ac12e3e77b,other,tie,0,True,True
7e29f99c8ee9e0a81140e65a054a91b0bb90cad90ed0343032d23816f4195c90,conv-47,32,7e29f99c8ee9e0a81140e65a054a91b0bb90cad90ed0343032d23816f4195c90,cee1f8a6342e2b1de189b77284e3eadff3e783d25080a840be2fe9f4945b2215,f0b0e1cb21aaf55cc6fc18a36a70432b264363acc68989144ddade818d81246c,11,11,107,0,0,0,-0.03176534175872803,-0.028610318899154663,0.36460089683532715,0.2530710913918235,0.8207447528839111,0.747095064683394,-119.0,-141.54545454545453,118.0,103.0,0,0,-4,-0.09,-0.07090909090909091,c55bc907660613c94dfc75cdff5204f16023c381dfbc7eb7763e62edc26e2ca0,ae46ade2698bfc400cb81c7d198be928ca49f741ab439f0e5496c1a547f6f946,targeted,tie,0,True,True
7f986b653eb89694c5f512927094516421fc7ff09200eba1fdc86436e895e114,conv-47,33,7f986b653eb89694c5f512927094516421fc7ff09200eba1fdc86436e895e114,7b28b793bbe42a4f36ca8a47a4a071a99be6a97f57edfe0f80f45ab1e4b1bdfd,374fc2408b42dc9b61e1b6d012d8539b1ef197f8e32e456f012d1e4aa169b52b,18,19,97,0,0,0,-0.022920608520507812,-0.0660785436630249,0.37256795167922974,0.23332203759087455,0.8765760660171509,0.726782993266457,-119.0,-145.05555555555554,117.0,97.63157894736842,2,-1,-1,-0.09,-0.05166666666666667,841358e8d773b3a11a85363576315dd91b820b87ed10bab67d60c85769a60363,fdebd6c60f62ec9fe2adddf8745434320b50b101eeb5a82bd75b8bc4c935b654,targeted,tie,0,True,True
8bbec6657a96de2a719779a52036e24e01e06d42468a68c7ff0b9e40d39a51da,conv-47,34,8bbec6657a96de2a719779a52036e24e01e06d42468a68c7ff0b9e40d39a51da,2358c380d4d3bb346ca19e52181fa1ee707dd4210b599f74165bb0f13bfd21d2,c4b78d9b46fdc6784883f98f4fdabbf6cbd143a9b864fca8519bde2a509f3951,13,14,101,0,0,0,-0.03437495231628418,0.08342346549034119,0.3701493740081787,0.2757231638981746,0.9187777638435364,0.7650466689041683,-114.0,-131.15384615384616,311.0,108.35714285714286,0,-1,-37,-0.15,-0.06692307692307693,873d89abef52715d41955c4ab50737755965569dd31921219143c8c477bb3bfc,75a0606c54e5c628f3bafff9b6db0fb877bc6647f622e1b9f8c200b0779dbb1d,other,tie,0,True,True
3aaee49ad3032ae8d1de3018e73bc608f52bc3eb2e0d552b85b5ace019888bc9,conv-47,35,3aaee49ad3032ae8d1de3018e73bc608f52bc3eb2e0d552b85b5ace019888bc9,3d107588b3ea00317c2203e5500bc194a917bf39f617cb78357ba89829562672,fb826577b05c123193eafe1239689de49f431ff526376ae441d17938198401b5,13,13,102,0,0,0,-0.025630265474319458,-0.02832549810409546,0.3665103316307068,0.23203356907917902,0.8652951717376709,0.7296041800425603,-115.0,-134.3846153846154,121.0,96.07692307692308,0,0,64,-0.09,-0.060000000000000005,74f96fa5cda0f81f1bef73364289461da5f94e1a573eb8469a94cfb8be608863,e1d4824c9bb1bd7fa4cbd76a5583836f59d77b8fed709a02070f5bad417d718c,targeted,tie,0,True,True
9f8d3d50eb22adcee9a7819d0f602632998fb30abc3428c12eb537261dc89c55,conv-47,36,9f8d3d50eb22adcee9a7819d0f602632998fb30abc3428c12eb537261dc89c55,166588d8fc27360761a4d432d11890607f0414745e0d7b499a5b9051bc7fed3a,29f1882afbafaac422c8d7c370f7c650f780f040539f59ff9dc08b723a3d207b,21,23,108,0,0,0,-0.02464050054550171,-0.03817719221115112,0.45492929220199585,0.2822469075520833,0.8463612794876099,0.7396345553190812,-133.0,-162.76190476190476,130.0,111.30434782608695,1,-2,-12,-0.09,-0.06142857142857143,9617e94e6792aa4099d6eb44d7153ed9b8f3f6ed8ea656fe44d9249a0c03ec03,a4cefd46cd7f577fb890a41e84b582a9d5ef61c2a667c5e3ddd6fc6a71282a18,targeted,tie,0,True,True
a1bda346a2973e3e7e2702796b34a95ce999c654dc124f0905784d3cc0fd2d1b,conv-47,37,a1bda346a2973e3e7e2702796b34a95ce999c654dc124f0905784d3cc0fd2d1b,7e5af73e00b2d1f5dab11fc32a201b61fc4eebe12ef6fab455645ec01ccb6d3d,b01fb05f204ef806b7cedba3cecb21b539f965f97589d5e6f8caa1f0ebadc9cb,16,16,84,0,0,0,-0.04072308540344238,-0.03368672728538513,0.33270251750946045,0.2557668797671795,0.8440616130828857,0.7528471127152443,-103.0,-127.75,98.0,78.1875,2,0,-84,-0.06,-0.0375,eea8880df2bec6d594d976271c226fe729f983feb0635080a14cd3ef9e092d9c,374be9117e73071f5eb249c3c42aaa91413bc62aebd0a30ed06f5ab7a2d3e732,targeted,tie,0,True,True
362677e869614c3c755ed5c556f953ba19a57c27705db723a666ecf783864697,conv-47,39,362677e869614c3c755ed5c556f953ba19a57c27705db723a666ecf783864697,ced5c23f3e9cbe3f84743359a48c33357b65fc29485e75278f068f2093e7a497,cfc99e043cd161047fb5220a6350314ee1d35270b3346022f9db876c42d3a0bb,17,13,82,0,0,0,-0.034009337425231934,-0.017826616764068604,0.4031502604484558,0.23259700396481683,0.8359202742576599,0.7359266097729023,-98.0,-116.11764705882354,95.0,74.46153846153847,0,4,64,-0.12,-0.054705882352941174,3256d69d49294afac18a9c283666a89e956460410f5e12f828469bd70aa8a4ff,7d149f7c19fc5a29429a9694caafc42438f278f4d92f5d9b070ee5a92c3d81e7,targeted,tie,0,True,True
7a879836b8fa6cbdbb6c99b783a166732166135a313227395c27e1f056e8e225,conv-47,40,7a879836b8fa6cbdbb6c99b783a166732166135a313227395c27e1f056e8e225,8543d203a00f11c15f7fa6999706d8e54b14302d1f67200248d339fa97e55ad1,29a72621d1958de5d1922ba3283c46204fcb6adea1354d409851f9aef94b54b6,23,20,96,0,0,0,-0.03240877389907837,-0.04173371195793152,0.3887779116630554,0.2571733516195546,0.8765760660171509,0.7306398242712021,-117.0,-151.34782608695653,115.0,93.9,2,3,8,-0.12,-0.04956521739130435,d1e308d0c25a042dca79e61405789395009797a9f09d09e17c18c745be4bcd18,de5298acb6f251c8777d6278f6c39d64250ab16befc384970de159f8ce66f98e,breadth,tie,0,False,False
91eb906c47b7af1e7372e4bc3033681b14156ec4fefdc56833cfc9636d724cf1,conv-47,41,91eb906c47b7af1e7372e4bc3033681b14156ec4fefdc56833cfc9636d724cf1,e6a4f77371651490ed73e7f1e96a3ebdc891714a1cb85de64077dba87ab982d2,6986fb0e592fdfda49d96293417b850724c51e45e5de8584a37144087e257c7e,9,12,109,0,0,0,-0.030110657215118408,-0.08708560466766357,0.3112373948097229,0.24881318542692396,0.8269120454788208,0.7271550198396047,-123.0,-168.55555555555554,139.0,106.33333333333333,0,-3,18,-0.36,-0.09000000000000001,38732cf6d01ae76d6b3c01583cd17c652763390b1ce295a4e3502f409a1f172a,764c4de8acc907b67861eddfb99cd076c5756f91de1f892edb6a52878abac79c,targeted,tie,0,True,True
50ccc02c53386a5931a3bf726111db807dc9651c3240b07e644727a79e9ecb86,conv-47,42,50ccc02c53386a5931a3bf726111db807dc9651c3240b07e644727a79e9ecb86,e00ff201e12a1d7a2a25b9071a1cb1633e680d3c5d92319391bc19197058c057,40d0b4260b3e0084a5d83770d65057d19694e2b8ef9335cf1ba935e3b4bd9ad5,14,12,101,0,0,0,-0.03178691864013672,-0.033225834369659424,0.3490269184112549,0.22868998987334116,0.8784178495407104,0.7548006574312845,-115.0,-137.35714285714286,111.0,90.41666666666667,0,2,11,-0.09,-0.05142857142857144,b9b42c9148367439c3815e37080a8017116062bf782904735b5dd11c22954869,40e0ec63a7fb98030301202bfaa7507df32d7d1fdd9cb2c0895c1f54fe6f0d97,targeted,tie,0,True,True
023df5a06e32f9fd56e6bb9b6f0b8b2ea18c729ca828998e0cbb7bc3c323b9cd,conv-47,43,023df5a06e32f9fd56e6bb9b6f0b8b2ea18c729ca828998e0cbb7bc3c323b9cd,debab4e915c5608b0753c87969059a27c77f4f5413b7f03256188637ff179782,0659cb49c81c8097c51bc3a0f2318558b9735514834e6565d15df33772596bff,14,15,96,0,0,0,-0.023914813995361328,-0.029142677783966064,0.3831862211227417,0.25977479985782076,0.8811179399490356,0.7390357414881389,-111.0,-129.64285714285714,115.0,99.13333333333334,1,-1,54,-0.09,-0.05142857142857144,15f6598bd6269657d95895c25792a4c08c957810a9b7076bbbce3011d649459a,35881850a8d5261d4c9cdb2ca668482d01efb01826ec12a3f1ab7f9f5be45629,targeted,tie,0,True,True
1d703f79bd15c5c6566fe9e18429896b46463ea960fe293f99ae0ead5dca2cdb,conv-47,44,1d703f79bd15c5c6566fe9e18429896b46463ea960fe293f99ae0ead5dca2cdb,058c7f0d82b6a4f8a34b522ffe5f42d2aeafe1a10fc1e48e65d5a76b39763ba3,7908a40258427466cfa4636328a41f694583f182e74b61ab8f20460ed48776ae,7,9,98,0,0,0,-0.026059895753860474,-0.021443188190460205,0.3106222152709961,0.266413756779262,0.908424437046051,0.7316668960783217,-109.0,-131.42857142857142,105.0,92.88888888888889,0,-2,0,-0.06,-0.05142857142857143,0de69a582f4908487262084ba364e78b4f93915460db4803f89f40717b26eda2,bcafca232628b6a7db6fa74a5fb6589c2c311e171f5ed91d82899c2a779a198e,other,tie,0,True,True
1dbe34f513c5bb7ae016c7416388fe6389f38187b062f27497851021ab8ab507,conv-47,45,1dbe34f513c5bb7ae016c7416388fe6389f38187b062f27497851021ab8ab507,6ad3f9770026bacb878830865b9e8bc28a2348b7e1c54f16b66901282e19c56b,8126441fd57dba449724cff1247550987c74586bb0eb9895e8a1763882926191,18,19,91,0,0,0,-0.02421244978904724,-0.028731927275657654,0.4051687717437744,0.3051336705684662,0.8681169152259827,0.7632523461392051,-113.0,-144.66666666666666,109.0,90.84210526315789,1,-1,-69,-0.06,-0.045000000000000005,7f91ac24aa44b6099bb0e522c4091381953035991f07ba680da2f6373a94f46b,dab8ae7aaa4410543e60c35d32ac1c5cab7d0da6f00f0cefb16ee532481cd47f,other,tie,0,True,True
e8b8df06a3419c7308d7b3c2e01a3e88dcf4c8f1f9cdcd78c60bbe72f5517d6d,conv-47,46,e8b8df06a3419c7308d7b3c2e01a3e88dcf4c8f1f9cdcd78c60bbe72f5517d6d,eaf8639d32b3e605acd29fff161431189aa8be1f2f44f8d21ed251cf8d29285f,ad6c9a19008a2ee82123caca488846c6ba4ba8dfe26453e3eb03a0fe79f3b0d5,15,15,99,0,0,0,-0.027054816484451294,-0.024168819189071655,0.38532841205596924,0.2481558958689372,0.8811179399490356,0.7762618780136108,-121.0,-143.86666666666667,113.0,99.66666666666667,1,0,-24,-0.09,-0.05600000000000001,dc30824d53a1364d4c96fd96f14e0bca8bfacf23d51c48359e7799a9ea8a5645,aed3cee2a6369f68bd3e8f2233825a618b47a893480da5e11cf1995283c780d1,targeted,tie,0,True,True
b948506cd0babf6f68ce40a779b3349685ad84544b8424e87efd34671fc22391,conv-47,47,b948506cd0babf6f68ce40a779b3349685ad84544b8424e87efd34671fc22391,c3db4e7d5f9b8e6b2041eec70ae41ab146f71f2b31e9b5c058ab06fc92298377,8db25f1b34a238e3cf1e5b161bafaa1dca9bdbea28b26dd45ae7006932b810ca,12,16,104,0,0,0,-0.03619492053985596,-0.05018407106399536,0.3319932818412781,0.25236648321151733,0.9428490996360779,0.7297933548688889,-119.0,-148.58333333333334,129.0,99.25,1,-4,40,-0.06,-0.045000000000000005,c72c3bf1c7fb056ed8bf174ff19b81f0135dc7fc98d167989647158cb9d590f1,d8cb415db86d06cb5a678d967f7c44789a7967635960b449837f15a497b6b455,targeted,tie,0,True,True
a0515fb820db77a6c38d043533b6e0e3cc018521d2768f810ba0ff724feae673,conv-47,48,a0515fb820db77a6c38d043533b6e0e3cc018521d2768f810ba0ff724feae673,1120112562ce605d5ca4641d2005c0e219365431cfa3fc6f2c94af2df2bf77d5,39a5ba4867a6fe0a95454f7a2338735179175ab456ed3f179db60f2f4c599374,15,14,94,0,0,0,-0.0256614089012146,-0.03265807032585144,0.3831862211227417,0.2579455812772115,0.8768689632415771,0.7671204635075161,-108.0,-136.8,105.0,88.85714285714286,1,1,25,-0.09,-0.05,76bc4a731506bac26244b2437bd6bb63e12068dd8fe0f754c0b8f662234ac696,b50c037dff432a48d72bfc799c3eed2a936c4e51bc7bb7be306eea4f85757cf2,targeted,tie,0,True,True
3bb100a947f456d330ec9b42fa2616c952db1e3483bf08ad9da14ec9d91e67c5,conv-47,49,3bb100a947f456d330ec9b42fa2616c952db1e3483bf08ad9da14ec9d91e67c5,ac4720a24cdc29cf5b6537f8005d401e5c2f09e945db46a1ac5f3e337985e748,63719f12a6f01bb982f221fd3683c4507ad6ac0e976d7b318312bc7d9c075690,17,16,78,0,0,0,-0.031413495540618896,-0.07415968179702759,0.3711487650871277,0.2875006163821501,0.8207447528839111,0.736563291400671,-99.0,-135.2941176470588,94.0,79.875,3,1,38,-0.32999999999999996,-0.05647058823529411,1bf8cd1d64c28cdcbc9acb1e374675bd768b26491e241e06cb2c6867f29b7a3c,41df03bd1eb59675259199065c4a2e853435ce4f0b218e162849fba9d530f10c,other,tie,0,True,True
87c87ffbbaf9bb4bd90e6ce5fcf4974d607900930b6b396770ee75420f8ac873,conv-47,50,87c87ffbbaf9bb4bd90e6ce5fcf4974d607900930b6b396770ee75420f8ac873,070d7d41eedf861badcfe15e6fff556c49913b127e4ec80b702c3f9898f0524c,2b5041a208ed9ed22c7296731cd64c6868fd1253d956875856122f80377c23fe,18,18,87,0,0,0,-0.02927592396736145,-0.11083564162254333,0.3857717514038086,0.2387726969189114,0.9428490996360779,0.7727802064683702,-105.0,-148.61111111111111,162.0,88.16666666666667,2,0,5,-0.51,-0.07,d9dfbabbc889129a614e076c581c6edc3abc0021c55c844b56bac5b2e4124acb,fd0da59edf42c34dce375086e0b5d9f10a9ebacfaaa908983543dd05e0fe788f,targeted,tie,0,True,True
7e83e727f048df1d12c58aaf594e21f9f7bad90f09b9a12a24a70f849b59b317,conv-47,51,7e83e727f048df1d12c58aaf594e21f9f7bad90f09b9a12a24a70f849b59b317,4e8113895ef853cadcd41b012e376b2ebe26dadbea1960d7b761b98441b75a22,c2ca7a755d85a5c257702e9c21db4f8ae010a56750a8c821386118303cffe977,17,17,75,0,0,0,-0.05149698257446289,-0.06707769632339478,0.388280987739563,0.26111068094477935,0.8362504243850708,0.7425557585323558,-96.0,-126.17647058823529,93.0,76.29411764705883,4,0,-33,-0.21,-0.042352941176470586,fd5ad44e43efc75b2638598d74229647fdd7e3ed33dceb58e4b25b86d6e50f6c,adfc241a3d25e746565ebc17e3a2bfd1a14ba1818567bdf221b5db3eac056a32,breadth,tie,0,False,False
aa502252cb4d83025e10724c191bc8cb94fb23df3eddbe5177d46a1890b6aeed,conv-47,52,aa502252cb4d83025e10724c191bc8cb94fb23df3eddbe5177d46a1890b6aeed,26e243e22f6f912befd1a518887d2419c02c1cd612924cb32e195b11dd180d85,7e39439f92cd86fcbc697ab45b648730091246c9d25a5eb9943b113633ecd498,11,17,74,0,0,0,-0.03972640633583069,0.06103220582008362,0.34794408082962036,0.29138912937857886,0.8221063613891602,0.7407978808178621,-91.0,-115.0909090909091,239.0,83.0,5,-6,-64,-0.06,-0.01909090909090909,c4643577b06522cec7b5c27245cd7f60ad138e44e83c4c1780518bdc971a30e8,7077883623421ec448d86bf2f76f62aae9cc92c500a78825e446ccd9f12346fd,targeted,tie,0,True,True
543252d17f98bb85922c1a8358e6b0430887c776d2bc3acfaf2ff643486fd084,conv-47,53,543252d17f98bb85922c1a8358e6b0430887c776d2bc3acfaf2ff643486fd084,7c12f328981fc1119184f11ec3a360aaa4b2116877b44a84843fd638d6094c81,aceb2c60b7b536eb20dc854e94a0e7427515dd4f85a27aae096e31ba0d8bf0cf,19,20,72,0,0,0,-0.03836989402770996,-0.06942078471183777,0.3869975805282593,0.2680320865229556,0.8765760660171509,0.7416582643985749,-92.0,-121.47368421052632,89.0,70.5,6,-1,59,-0.3,-0.04421052631578947,bc288faac117b881b882d4d677101ad05be7b1e9e29a5d44b65bfc80b7179ca8,b4fd0c62fdb747fe685c016fea5e9342b586df213b637d9492c63e152b51485d,other,tie,0,True,True
54898aa460239dffa78d3a6f85bbe8365cb9f1d59e250d6622925098cc38c14b,conv-47,54,54898aa460239dffa78d3a6f85bbe8365cb9f1d59e250d6622925098cc38c14b,ff682295928712c6d10d80d588fea98e73b93ddbbfd2531b2798792545667bf4,04714adbe0fd83bd3e4c69d49a2b7dd4eaf468044920b721d7e664ad90f8b80e,13,12,76,0,0,0,-0.02980780601501465,-0.023745834827423096,0.3042730689048767,0.22739881735581619,0.8555816411972046,0.7479917109012604,-88.0,-101.23076923076923,89.0,76.41666666666667,0,1,37,-0.06,-0.043846153846153854,260aace10f5af4e07b963bd7dd63786228190f4d6c809554a128566bd89c8af6,139cb23fe210f1ab4a666302938dbcbad5aaec74f732151b033cc9c7204ee592,other,loss,-1,True,False
eff2558df3a1a1b43ab7e8eec28f42e054f2fdbd8354996c5dab533c65db2d6c,conv-47,55,eff2558df3a1a1b43ab7e8eec28f42e054f2fdbd8354996c5dab533c65db2d6c,d8fe541d9fe125cf7d406df63755facb8f649af38d6b17f1a099cd0f7be18799,27278ab913853eb4dc6450dd77e7e226b5488248301c68467ff3818448b04f7b,10,9,75,0,0,0,-0.017395764589309692,-0.016583681106567383,0.43180274963378906,0.3000171482563019,0.8555816411972046,0.7764168580373129,-83.0,-123.1,279.0,97.11111111111111,1,1,10,-0.51,-0.087,00f0390d17eafc419028159def46a7baf74b6c9e03c6eab414ae47dce568b0ac,b072e483e9de2b0595e8c3f83b6ec778908dedc6564edad2adc44f4909268fca,targeted,tie,0,True,True
692cfde5819d7f6f758cf1d41ddb3674cbefe9bbfff65091bca819777afe37fb,conv-47,56,692cfde5819d7f6f758cf1d41ddb3674cbefe9bbfff65091bca819777afe37fb,2f14b6033cbd3f4333f141c9819829a4d28b3c0cb023d7024893b3dbc46e9549,adc05eee37bf807be79df52ca30bc2e3003289e05b025068c4888daf9eb474c2,9,9,105,0,0,0,-0.024663686752319336,-0.018775731325149536,0.3490269184112549,0.2464829815758599,0.8652951717376709,0.7753888699743483,-114.0,-130.11111111111111,119.0,101.33333333333333,1,0,58,-0.09,-0.049999999999999996,3fc6ac3b3924e5279a3639b6b0b8cc73194c18ebda792236627550c7488fe2f1,b08a508b259e6052f934f87815cad2b2c67eb4f200839518b95eb1e5ea16a425,other,tie,0,True,True
6757a5d6ec70cc44ed17b92fc6e0a8947e2bca58f2105311bec9281880125230,conv-47,57,6757a5d6ec70cc44ed17b92fc6e0a8947e2bca58f2105311bec9281880125230,c7e1de1c86feeccb0d2b0e56b21b499f5877389001ee85bc0236c45e779b5a40,62bc4a6e26278d832b0dd7c32523dd32ad9ad21344ce2e1133f52a19eadb757c,16,14,100,0,0,0,-0.02141702175140381,-0.13141489028930664,0.3670088052749634,0.2533514052629471,0.8814326524734497,0.7554557195731572,-116.0,-142.6875,112.0,98.85714285714286,0,2,12,-0.54,-0.091875,52949ad9760fd61c1c8f41ad8910c9553d502d44223dfc6884d0395f28e0d6e4,fed1976d42edad456855e96b194289b84953d417422622e2ea0958d9763785db,targeted,tie,0,True,True
d5c2123130b0edb6785aac6c40db6fd5898aea6cae6fcd2d5779e997864f0212,conv-47,58,d5c2123130b0edb6785aac6c40db6fd5898aea6cae6fcd2d5779e997864f0212,cc223631d77c3e27f653399eaf476d595f56b83a8ffd1e81d2eb6c72cec969f1,65ff0a229dff6ef988051941f2cd7d27d5a1cd7b46a5e93f9903a0313d9789a6,16,18,77,0,0,0,-0.04566401243209839,-0.05744504928588867,0.38407617807388306,0.29301249980926514,0.8077236413955688,0.7313768565654755,-95.0,-122.3125,94.0,75.44444444444444,4,-2,11,-0.32999999999999996,-0.048749999999999995,8c9f592b7b8e8c601a768086ca2bdb6de99999505d6f5a2801aa0429903ccc90,7eb3f431402b0c10af27a50bc7d2e51bebf5e9ac274e8707dd4841769d5a5dba,targeted,tie,0,True,True
10a3e38bcdea4f001f457a016bbd42014fab0567aea0018d34e2c7748d4f11b4,conv-47,59,10a3e38bcdea4f001f457a016bbd42014fab0567aea0018d34e2c7748d4f11b4,7c3c7554c4e727167b406a7ee14530f751087ff69c6bdce7333d1c10a0609631,0cf233ba46f075069087d0061e690b7b2682f5356ab565798d4e7c897dd0a039,16,19,76,0,0,0,-0.049299925565719604,-0.029102325439453125,0.426857054233551,0.28889671340584755,0.8606247305870056,0.7411999420115822,-95.0,-124.6875,142.0,77.47368421052632,4,-3,-2,-0.24,-0.045000000000000005,4f4c02b939adffb0fd57997a0ef1dd2cee457e499c019ef7af7346e89e119213,a215025cdd1b9a6372c68c401668ac77b5886c7d8a4d39ff17e345260b080c8d,targeted,tie,0,True,True
be98071164f55170048b7dafe777664dca4174311b5dada54b7a04d77c20205c,conv-47,60,be98071164f55170048b7dafe777664dca4174311b5dada54b7a04d77c20205c,6fcaaef531aed7c9492883531a267e7d579ac3d71b29f1d4ca4e7976284c3626,10f642d69324a72e063cfcdf87d3a09fa9b07797880526df97a4f5d1e48768b3,17,16,76,0,0,0,-0.05291643738746643,-0.0857570469379425,0.4321540594100952,0.31326306216857014,0.8765760660171509,0.7809392623603344,-99.0,-123.52941176470588,92.0,75.8125,3,1,34,-0.24,-0.04941176470588235,774d39a4f15358f2c320de771b71eccfac88a84c0d04e0e5049ba226f0c177cd,d4a7d4d139657a179610ce266d0fc2a771a4a38c673d4359ee2cc81a7855f769,other,tie,0,True,True
654238f12287796bd3388dc8746f6d930c49310ec027f8a27db2b6d4444caaa5,conv-47,61,654238f12287796bd3388dc8746f6d930c49310ec027f8a27db2b6d4444caaa5,c4b8ec0405a264238a98636edbebf15c28845d73cc920f4aa0594cfdc0f30e55,e8caa08eb5c9b3efb9f94915e62930a84278031f1fa2fe01d9ca7765a2924f0b,9,9,108,0,0,0,-0.02087429165840149,-0.021175295114517212,0.3210254907608032,0.2681301236152649,0.8652951717376709,0.7792803645133972,-117.0,-136.44444444444446,114.0,97.0,0,0,-68,-0.09,-0.05666666666666667,2f69c606f63a5f81d8697a242e033ff27694186bf9ed40b888c9e2d5416fcd14,ecbfaa8d7c2b098ec150ae3e94ee396d19cd25ac53fc72c70c983937da1e5e34,other,tie,0,True,True
3aa9437a4dff9ef56d42ec70ff0b8858abbc6efc1eabf42f0978441600e2f949,conv-47,62,3aa9437a4dff9ef56d42ec70ff0b8858abbc6efc1eabf42f0978441600e2f949,92747b23ebac6b428c07a60e87b74a66469c980234fcf388f719346fb4e3ece4,a924826ce64a1ea247e5e241c918157faa992dce45bf8d366881787449470614,14,16,102,0,0,0,-0.02769961953163147,-0.04213613271713257,0.3207973837852478,0.23247669424329484,0.8236991167068481,0.7224930934607983,-119.0,-142.0,118.0,91.375,2,-2,11,-0.09,-0.0492857142857143,334a363928543ca41bae1de0015f1f57061b3bafe41548fac567c8a77a5022fc,f9734c3303689f1f9c47321f271b5a1033b98aac7ebe31af68616033905c20be,other,tie,0,True,True
da71bf1b0cba9915da13d0af8bc42658a3cb8a9c19031cb5397ff88d2bc361ec,conv-47,63,da71bf1b0cba9915da13d0af8bc42658a3cb8a9c19031cb5397ff88d2bc361ec,e7c4c4f525bd922837cd09ac5a426fc9e78dcf0c1a2bbcbea65b1c6160a90aad,7eff20cc1eff08a8d32a5a61d998634b3a0e1a6804e63854caa79b4c49d67650,14,13,101,0,0,0,-0.028072237968444824,-0.035528212785720825,0.3490269184112549,0.2272493370941707,0.8814326524734497,0.747939604979295,-116.0,-136.85714285714286,108.0,89.38461538461539,1,1,32,-0.09,-0.05357142857142859,b8e2307cd727d8c27c0f8170d65bade5bd24d921fa28f50570472302ad179d68,51cd29d0fd30e9542ed57e388d32440a3db827b4c0f27347b01280bbbb1e6a7a,targeted,tie,0,True,True
07bd65c221cec8e38db5e7d7a82aaffa2f6d23183f3f5a09ed25d296268de037,conv-47,64,07bd65c221cec8e38db5e7d7a82aaffa2f6d23183f3f5a09ed25d296268de037,8d8925e7fa3762b043dbf3f983b2b29c43f0ff6eee6aca98f3492f17977f3b6b,dd4b60f7d70f714b9b6fb776cc7b53e54f7b42d923ab2741bcd5b19c1f3880f0,19,17,78,0,0,0,-0.03980937600135803,-0.08070439100265503,0.43856388330459595,0.29950159474423055,0.8555816411972046,0.729715974891887,-94.0,-135.94736842105263,95.0,78.52941176470588,4,2,-7,-0.3,-0.05368421052631579,ececce2b9ae0a2cbe754a6b5adb3c2ac488c0733be309fdf0368920eeabfcbe9,d8f3c2c72fe198440c9800cc4a99c74cb1e9ed36525bef4d95230e216e8e66d2,other,tie,0,False,False
bf8760a86d068f8b586381a5cc09da00eab907042d14f71d6d27f940b53f63b0,conv-47,65,bf8760a86d068f8b586381a5cc09da00eab907042d14f71d6d27f940b53f63b0,853c6e5e7fa4ac80de9171c3e50ea92211df2a3f4217f3cda7a6826f012e0bda,4e9c3d29fc4c1b659ad9f79b5c439e331d1669f2ebe6c488d34b529638d45ec9,13,13,105,0,0,0,-0.02827247977256775,-0.10590717196464539,0.346574604511261,0.2385026583304772,0.8814326524734497,0.7504856082109305,-121.0,-154.0,117.0,102.23076923076923,0,0,-14,-0.21,-0.07615384615384616,c34ed42ac4519fb049c6934e9693227b0ddf12eb0561bfab02d2fea201d2ddf1,dd505dd7a3e108c442df1d2dc2398506af51079d50c44b2574ab3dfb68771f60,targeted,tie,0,True,True
f8144f6a8615117db2c184874fbadfaab786062b9cb409596972a356a1d45091,conv-47,66,f8144f6a8615117db2c184874fbadfaab786062b9cb409596972a356a1d45091,793e8a9015cf0d7fb5bfc71df13fd562839fc9b2d9c32cd857ed46ec4db7687e,a51a8bc5c88a866ebd9e5489769b2298d16596d33fc8a4ee70fe50093c3885bf,14,14,69,0,0,0,-0.029169023036956787,-0.05378413200378418,0.3581888675689697,0.2848531263215201,0.8652951717376709,0.7541662497179848,-85.0,-111.42857142857143,84.0,70.35714285714286,4,0,31,-0.09,-0.03428571428571429,e4c73ecf8635f7cc0194f763d03b8e8586c3aac825c799d501edda55b376b0ac,786deda109cc2006445688e909afa5381793d387117966284c07bc6076daef23,targeted,tie,0,True,True
fdb80465d279f20ba207744513d143378dc38fa569fb36bf849869f62f76d643,conv-47,67,fdb80465d279f20ba207744513d143378dc38fa569fb36bf849869f62f76d643,855223ac589a4644d16fafd445b05d4d4626fbe1a4646415cd747542aaae32f1,5b843a1172b73b11778b05da684ed477452e7798224d8b63dd7954f6fec9cb1d,12,12,89,0,0,0,-0.027158141136169434,-0.0007374882698059082,0.40858393907546997,0.2675695816675822,0.9428490996360779,0.7907918194929758,-104.0,-127.33333333333333,169.0,89.33333333333333,1,0,-37,-0.06,-0.0425,f3b861d3784865be53da2f4f3b6eac334d2dd0a121eb07ec78694db2e0d85103,6d7b967084ca7c61f1d35d07f3fe0423b214903b2527c6ed410050dab64676b4,targeted,tie,0,True,True
fafc3f3b084c1110727f270aab081bc90ac8711f7d5347f4d768681e1f8ee767,conv-47,68,fafc3f3b084c1110727f270aab081bc90ac8711f7d5347f4d768681e1f8ee767,ec7e5bea50c48bf03b0d88240a492161f14476705fd8e94260069aab6647a34c,e114bff61cf49f33efda67b69fc3441be7861f63e36d5d5d961227081b919345,15,12,95,0,0,0,-0.03566700220108032,-0.02536696195602417,0.36460089683532715,0.2580442706743876,0.8621166944503784,0.7739813327789307,-107.0,-126.2,106.0,92.41666666666667,0,3,59,-0.09,-0.064,f706b175b028a35ebfaf206c88418d99f7c34518427ade77b5a01382ac731344,484f4befcc954e22d6f3c2c61405d840efb0e1a1031ebba86c5b61fe6a45d3cc,targeted,tie,0,True,True
e7af6b28b6af7611241767ba774abc9427acf5fc0bbff25efaefddf7b00daa21,conv-47,69,e7af6b28b6af7611241767ba774abc9427acf5fc0bbff25efaefddf7b00daa21,32e85289af97f349c66563abdc810ca639701f030c843c77611d9a1162826be6,8e535244b92c4068aa65ef5798ea070d0364f72663a1c924053f6318945ab9b7,13,15,94,0,0,0,-0.020420044660568237,-0.027699053287506104,0.38309550285339355,0.28438456241901106,0.8556251525878906,0.7525013407071431,-107.0,-145.69230769230768,136.0,94.93333333333334,2,-2,2,-0.09,-0.043846153846153854,f0963e712072e60a96a508dad73de16410e655fc2246443ba01e3296181aa684,8b2ed1c623498467621411909099b97eb989ad941cd0a2a1fe521e076817f1f8,targeted,tie,0,True,True
103d6b36fe2b0e753d177d61f054d19abd9da7a9e1f5e4593660af1071eafe53,conv-47,70,103d6b36fe2b0e753d177d61f054d19abd9da7a9e1f5e4593660af1071eafe53,1497a712d935316ef60c7f24a7fabd1cd0ca21c6d1974a3669e0c9c795f0d246,22def76c4e13fbb26af14257a220c7936e0c990c986e3130ce0d3f91caff76a0,17,16,89,0,0,0,-0.01734691858291626,-0.0285322368144989,0.35228824615478516,0.24482154144960291,0.8178170919418335,0.7278268411755562,-105.0,-133.8235294117647,103.0,86.6875,0,1,-48,-0.12,-0.051176470588235295,2b8561d0f387080e7fdf696189bfe4b85f976e26d18ba151ec121a922cf9a5d2,14eb14fad8e59c86993626fab7ab6dc10cd8e97ca88714a4189f68b421aeede2,targeted,tie,0,True,True
f6a0e62a8a3816af1d47f03f0665cd95d5e42da5a6893bda895c8b1068a24a1a,conv-47,71,f6a0e62a8a3816af1d47f03f0665cd95d5e42da5a6893bda895c8b1068a24a1a,4dc513fac2006c4e05eb7bc6514e74e745e31a14247e04c89180ea6b377ca478,0d3a59b9390fb7023e94c6400d3608def114a72d855c4ae47d210f432185ad52,14,15,103,0,0,0,-0.036773681640625,-0.05011129379272461,0.37399858236312866,0.23811941061701095,0.8636091947555542,0.7267256140708923,-117.0,-143.64285714285714,133.0,100.86666666666666,0,-1,-54,-0.09,-0.060000000000000005,d10414cebe0b72b4d3a7000682beba7bfc1329d52edb2baa17595ca1e8a1d8cb,4a7cd8080fa4ebb21c43fdf5db7683be89def56f63b7a32c9f7c9c9988459fed,targeted,tie,0,True,True
777f39f2b589da6a14ff7a810364fbc89e26f62d304c4a31a8588c6a66e07b48,conv-47,72,777f39f2b589da6a14ff7a810364fbc89e26f62d304c4a31a8588c6a66e07b48,6138535fa35396c216b08de1ee2f3e615dcde26dcb652600b869da2d470c074d,799343687b98ebab3c4d037dec47972052ce0ba106934a9d43c651bed182703b,16,20,87,0,0,0,-0.03545448184013367,-0.03257960081100464,0.32509517669677734,0.24315862357616425,0.921436607837677,0.7473366677761077,-111.0,-133.875,106.0,84.8,0,-4,-39,-0.06,-0.045,0ee2e63d9e2ef9e95d86c4c08c9bd9639586f949ec588343833aeaa2fb292d46,9ceabfda042fa7fef52cf07269490ccad77608a783856d601281ae5d3195ab71,other,tie,0,True,True
a8390ef10f50706148c0742ec794223c2c60f7daf7db2e421228068c549755d1,conv-47,73,a8390ef10f50706148c0742ec794223c2c60f7daf7db2e421228068c549755d1,f7fb54154258690fcb360e05b40c226437225a7d19a63d7730f40b482226253a,9b6ad80d5813b76fe7e5f8405692bfb56a4b6543ed3eabacbd5ca3b62add5f20,18,17,86,0,0,0,-0.0323585569858551,-0.035634517669677734,0.3591071367263794,0.23740752538045248,0.8811179399490356,0.7633461952209473,-103.0,-136.55555555555554,105.0,85.88235294117646,1,1,-50,-0.12,-0.049999999999999996,4c000b5aeaea156342cdb9d37a67ca377507b12269b7aacc6b12e30a1f22e84a,665d831ce2a7316c5ece34cd4afbc7cb885ab300d5927dc956e45007ec8e0305,targeted,tie,0,True,True
1603a172e84287cd321028b6a14f25772ed71a4b85768f7068a84ceebe5d6932,conv-47,74,1603a172e84287cd321028b6a14f25772ed71a4b85768f7068a84ceebe5d6932,180b142bed534e153ccb4fbbd8d4adcd715fb98bc6fbc4ad79e5313094f3a048,78ef4936d6cafa0ab17f7f65cbb34cfc1fc51b744d7bcef4ed18294c4b432c1c,15,16,75,0,0,0,-0.03825858235359192,0.03455311059951782,0.3623836636543274,0.2805633266766866,0.8652951717376709,0.7449350543320179,-91.0,-118.53333333333333,260.0,86.3125,4,-1,-74,-0.15,-0.044000000000000004,95e52b27923c42a58fe4600e22febd511a735b0b929e85db8f296fe227c21406,95babd54a86cd8bac4d2db0b6a04daf374eebbe60629e355dc653063428fb0f6,targeted,tie,0,True,True
ea76f79a728ec019e6c54903f58fd580b091cc9a3047730f361c0d3ead1801e4,conv-47,75,ea76f79a728ec019e6c54903f58fd580b091cc9a3047730f361c0d3ead1801e4,15e64de244e4d4b2f673bb3b2ab185e29433f41944000fd82aafe8dd0b57cfa8,b632570661a63edcfd1d7c60ed86d6f3b3c3923b1e1f9ef6665b70cb8709b166,13,14,79,0,0,0,-0.04651796817779541,-0.08579903841018677,0.3591071367263794,0.2767124817921565,0.8652951717376709,0.7647269879068647,-94.0,-126.15384615384616,91.0,76.64285714285714,3,-1,-17,-0.06,-0.03230769230769231,5229e38e13238dd721f4de47dae8fb5df9604a321802c55ab3680fef8c62df79,8d3cc8b65d2ead2a91d761234792068cc323446d6b3dd89e03aee59ecd8d9674,targeted,tie,0,True,True
ebc7f844c129572760d1f087c0946c0b6163b6a4bb23c05827dfc6e45ef61009,conv-47,76,ebc7f844c129572760d1f087c0946c0b6163b6a4bb23c05827dfc6e45ef61009,5a1e1c13b3669147212028734efa9846513e021d96dd7bf6a3d185abecb146d9,bc467da6c79f6f8d6b1f464a4d0964fc3c777cd27488ed709d3eb63608057957,19,21,80,0,0,0,-0.03648024797439575,-0.04562348127365112,0.3831862211227417,0.2747887749420969,0.8784178495407104,0.7565946408680507,-103.0,-137.3684210526316,107.0,80.0,3,-2,-84,-0.06,-0.034736842105263156,eca6a371313f48a654d2fb5a77693626897985a24c9e30829f16f3b414f31b12,4df44bfa9057fdef0792440064517a730cbc49bb1be23622f0084182e4903176,targeted,tie,0,True,True
28e9295e99a2ead5fc2d9613383fbec05783c816183fe158964a7fcaa65acc01,conv-47,77,28e9295e99a2ead5fc2d9613383fbec05783c816183fe158964a7fcaa65acc01,a503b68b4ddc7ba51484a4a4247603cb0ba809f474d43c3a5055978cf7234458,e3f78f1c800475b829b4722520031dabcd8fb75cb571588841133d7d9b73de56,18,17,82,0,0,0,-0.031280517578125,-0.040586769580841064,0.4437907934188843,0.2618359360429976,0.8811179399490356,0.746215844855589,-103.0,-124.55555555555556,99.0,83.17647058823529,4,1,-40,-0.06,-0.03166666666666667,e40211091adea159af6ee819677aeba4fd07194ce142322d15740f2bd21b2ee6,b3011be6c74679f7678639f09ecb63be715b76e24721d941edab53cfc550e81e,targeted,loss,-1,True,False
97e61c0992cd1235f522d16dc66bf1ac7b540123b48192ea3ad425fd927bac46,conv-47,78,97e61c0992cd1235f522d16dc66bf1ac7b540123b48192ea3ad425fd927bac46,830d27dab134dcb8b07312e8a4f5f7161307a9d17da1e79cdbd58fe6d5a431d0,508adef949b99495528347956b57a0c08f2b247a807834f28a3f3c074138e551,15,15,99,0,0,0,-0.03218561410903931,-0.05174422264099121,0.346574604511261,0.2280091404914856,0.8269120454788208,0.7367413640022278,-116.0,-141.2,114.0,94.53333333333333,1,0,25,-0.09,-0.05800000000000001,b3688ffc07f19ccc93f20af98c54634fa2f15f1d473ed5bdf2d8bda922964f79,27e5d5d3bc9fd796ae462a0111ff4ec60025d3960e060a5b99ad372a322019be,targeted,tie,0,True,True
df6ae6b41146f9944338f859e2a442024a766fa659646c1be6f2f0e43c5ee961,conv-47,79,df6ae6b41146f9944338f859e2a442024a766fa659646c1be6f2f0e43c5ee961,0ca0fbac4c71fb7faadbca8d30898e1598f9781823777f72b7d5d9821f8d4103,6fbc6513f7277d26747009e78f5adc09548d544b5d27b9f4917a1c0c925be0d2,14,17,105,0,0,0,-0.04466542601585388,-0.008762598037719727,0.38532841205596924,0.24070361682346889,0.8636091947555542,0.7151287548682269,-125.0,-157.0,180.0,102.88235294117646,1,-3,-8,-0.09,-0.05571428571428572,5b230b31039f87e45379219fd0cd9c763712b580ca94fed660551b4ff5cb673c,9b444af0149c1b0b861d239f88e2fb515c7d13ce2e4f74c4f5bd3d43a698a68c,targeted,tie,0,True,True
89d9db812505738166fd4d229bc7ab12dd1597b1bb2bdd73e45c6afc16d181e6,conv-47,80,89d9db812505738166fd4d229bc7ab12dd1597b1bb2bdd73e45c6afc16d181e6,a6afecdb694fc9301caef54879c7f4932f89ef8d170dbf94dbe341aa948e39f9,de397e1cf16f9dc43913b215630af7bbd504d325677633824630da8540457a34,21,19,79,0,0,0,-0.02867215871810913,-0.05157378315925598,0.3887779116630554,0.2773009737332662,0.8221063613891602,0.7174758597424156,-103.0,-132.9047619047619,98.0,82.15789473684211,2,2,-17,-0.06,-0.042857142857142864,6fe956f231da63d69d20462ed9e0d77a1d7d2f2bd3c6e0c0841d05e672ef5362,43ea018a36fb2d3b8c8bee5018c60f81145c05aa21ab74954c42322ea13ea404,targeted,tie,0,True,True
a7ca652a20026fc26cef551619d1c35a603f1371e3b087b66bcc8aa7bbb3c901,conv-47,81,a7ca652a20026fc26cef551619d1c35a603f1371e3b087b66bcc8aa7bbb3c901,c6172a2c30b0e186b03654c5e5d6c3930c4043846c8f1c2eaa9e82c7f43088b2,54bb054882b619e64cbbc42bb10d14cca4807347d3f58037b9189e520d00f5da,17,17,73,0,0,0,-0.03763705492019653,-0.05693727731704712,0.43979084491729736,0.2908155041582444,0.8765760660171509,0.7590194484766792,-91.0,-116.17647058823529,88.0,70.47058823529412,4,0,51,-0.27,-0.04588235294117647,56a19fd2e23f837228fa88754c2f014a3095a37b540dfe379d58d37d71517bda,e185decf1df07f5dc459cbbe11d42d478dbba8df3c52cf411cf771a08d6d1e96,targeted,tie,0,True,True
eb9e9c375e33d6539c8fa1188dc5daceff027452127bfa134c6c64b1f4b31a09,conv-47,82,eb9e9c375e33d6539c8fa1188dc5daceff027452127bfa134c6c64b1f4b31a09,658f74dd0cdefb9b68cfa78b78f60fcf9be0e33c38e220b3d680e80c3e239aa5,b19903185e51542df74eb439b2b08baa912ff75eebccb1fe0c461325749706f6,16,16,96,0,0,0,-0.023878127336502075,-0.021405696868896484,0.40811318159103394,0.23577795550227165,0.8652951717376709,0.7304091304540634,-114.0,-135.1875,112.0,81.9375,1,0,15,-0.09,-0.058124999999999996,835bcd0e131818a47429ec3854f68be4f67091d8748c4325fd01d6e019b72ed5,3743d2e9b80aec6c99345d70f4b7006a03cc66294db0f01f6103b1584c24e3bc,targeted,loss,-1,True,False
1f760a729030de30b532e89af8032cf5815e1892128b94b5502a72c552549f73,conv-47,83,1f760a729030de30b532e89af8032cf5815e1892128b94b5502a72c552549f73,5bc26d6ba8fd2a88d5c5f075d86054efef9eaf354023094b0a8077cfcaf12d3d,90dd6c743dcd46a852c234d1794302f0d25a4442a6212614803cbc2881a5e76e,18,17,97,0,0,0,-0.027354031801223755,-0.04000204801559448,0.3767660856246948,0.2555774019824134,0.8714770078659058,0.7260440097135656,-115.0,-146.38888888888889,116.0,91.52941176470588,2,1,-41,-0.09,-0.049999999999999996,ef1f81daf9183393fee8ae1b90f26ccd9137a7b2fd32e00f29d0ba7619a9a0f9,1e0449de26e93ae1305c1579876d671aa5abfb8885bec23f40f1cf4a280e5b02,targeted,tie,0,True,True
19b754220fa6a3d7aeb13b1a35a550b12cab7055eb5e0793d10888392285242b,conv-47,84,19b754220fa6a3d7aeb13b1a35a550b12cab7055eb5e0793d10888392285242b,0ad97a8c8207e3b570cde32886d7e32791a3927a9d3650ef96e52e973a8bb8e4,2d12b99c7e8607c141fb729b66783073b806aa8ce420ed1afe5a32ab567f76d7,17,19,75,0,0,0,-0.020102381706237793,0.004765212535858154,0.3446779251098633,0.26206068081014294,0.828342616558075,0.7557828740069741,-94.0,-111.82352941176471,162.0,80.15789473684211,3,-2,-48,-0.06,-0.03529411764705882,5b5b23a948c01d77a3ca9c1f8dc5accd5fa1085ff50886a15beaa5ff19196a14,cfd4b8dc551d54f03d955f7dd5394256d06e1a5aa5d619755d93b5660dac5144,targeted,tie,0,True,True
4ce00508746e236aaa9e3e42436e50f5e72696e321894bd706ac0662030bb356,conv-47,85,4ce00508746e236aaa9e3e42436e50f5e72696e321894bd706ac0662030bb356,a5f82f966f7715bf608914a08702a39655ea46f8f2928d97f80a4dcc460804a5,112743cc5bd50c86b85c7bf5d95d0acea907282891c15ac2044f6d1be1eea59c,17,16,106,0,0,0,-0.03996458649635315,-0.12640628218650818,0.31909728050231934,0.21017233764424043,0.8701167702674866,0.7380067184567451,-129.0,-176.58823529411765,134.0,98.9375,1,1,22,-0.36,-0.0811764705882353,31b3598a853c3e06d7842e7f715cce2b99bff2426f8ffd6b144c3be01424777a,86f79666a09b3f1878732b615d5d6d67430af930859e60f32ce9be91aa06c252,targeted,tie,0,True,True
d581d355c20f9007fc1f005413651d4eac54f26643e35154d05e2d56dbe1e61c,conv-47,86,d581d355c20f9007fc1f005413651d4eac54f26643e35154d05e2d56dbe1e61c,778b9fbcfff1448c735072fea0308025470d895ef75325a0613b7304985881f5,4c9ee1fc36177a0b4544abee8986e7f6a72dcda120f76c50e826208313693313,18,19,103,0,0,0,-0.022131890058517456,-0.01833432912826538,0.359281063079834,0.2369642886850569,0.8765760660171509,0.741675427085475,-122.0,-156.16666666666666,131.0,104.26315789473684,1,-1,-41,-0.18,-0.061666666666666675,f9a1e6b5dace81388f05db3f99e85d80574c719a6cb1d0cbe8116e1c1df03ba1,d465911423b95caa8c6d9532c38c733366bd390e883e21238f5eb2ff97bb53e7,targeted,tie,0,True,True
94fadb032339098cddc3730534568d09402df5336327289eeb26562e62704e76,conv-47,87,94fadb032339098cddc3730534568d09402df5336327289eeb26562e62704e76,ffb3f18bd81cda1aaacbc36e34085163289ed585089597109bb008d5f9518437,d134d38a762917b3c3328ff1b249c902f8a4fbfbad5108d48dd9584004d6dcfe,21,22,96,0,0,0,-0.029468685388565063,-0.041610002517700195,0.3567752242088318,0.2644880215326945,0.863490879535675,0.7411862530491569,-119.0,-149.28571428571428,117.0,88.5909090909091,0,-1,74,-0.21,-0.06857142857142857,7fdf0314fbf57fe77a00a8c3cb82c2800761ab4cc42317faccea0a270f61a44f,6d9c915bd4b789b386f7b0e6cda7578154a14589d73ba2365dea82f87b123df7,targeted,tie,0,True,True
2de13c16dcdcf049e772a9d20ac92fc5601aa4825e557fdd4ec4857a14a86d4e,conv-47,88,2de13c16dcdcf049e772a9d20ac92fc5601aa4825e557fdd4ec4857a14a86d4e,f6a6e4160ba9fd555ca1e40382c41bc76800b8a77ee9f088c8bb1a91a8135915,5b81b4efd9e3427f3fa979d77609d20666d457de5ccc8fa4e3adf16a36ac23c7,11,10,91,0,0,0,-0.026090502738952637,-0.021851271390914917,0.38532841205596924,0.2731209993362427,0.8679925203323364,0.7676332592964172,-101.0,-114.18181818181819,100.0,82.7,0,1,-1,-0.09,-0.06000000000000001,fa08d10585f711112b4d344e8610ca5acc95ef3396a69b85e09d3cacacad3f35,24abd247fdd8b948e367b7893a3b41fd061b972363c96f9a2d6a62c2baa53d69,targeted,tie,0,True,True
8661afac33ded6d78f57d3d2f7c6e06b1ac93947dfb63af35fd7f198679f2cc0,conv-47,89,8661afac33ded6d78f57d3d2f7c6e06b1ac93947dfb63af35fd7f198679f2cc0,e1a0a20719cec5747df3743e34ee0064d96b01263e80c765b41bad6ea8c191ff,8ef2ccdf705be2f7616600148556b700d23e666ab33547739f62e444980fe019,21,16,88,0,0,0,-0.014358371496200562,-0.04292762279510498,0.3637832999229431,0.25295199099041166,0.8412299752235413,0.7558194026350975,-105.0,-136.1904761904762,104.0,93.3125,2,5,14,-0.09,-0.05,cee222b521445c487027c6ea1fc3300b1046ddf1d2cf414449a47a3b72419ff8,559a9ed26aa9547e2fd5d27f5662aafc6c674484f04b2b5619b82b2ef36f847d,targeted,tie,0,True,True
2be2a6b7c1748039f1cba3a3893cb9f56d639009840bb2adac89120e12a66eba,conv-47,90,2be2a6b7c1748039f1cba3a3893cb9f56d639009840bb2adac89120e12a66eba,fe259077a2ad9fea4badabfd037a0244211420c71acef4ff7b47b3e8b83996f7,08a0235639cf50f1187fbd5fc23e8b8228610e70d032a5c17bfb8910bb042228,12,10,83,0,0,0,-0.02893078327178955,-0.029880553483963013,0.359142005443573,0.2629076838493347,0.8249906897544861,0.737401008605957,-99.0,-118.08333333333333,90.0,80.1,0,2,59,-0.09,-0.049999999999999996,f876613e21f19f30fe03a115872e1f7167677856d0047fbfeb90eac723c609d9,68e679a249d1de9896ce7a05ee0577c8a5b9e90fd0d50de62645a954896ae5d3,targeted,tie,0,True,True
fc6a2970f78e399f94d46317f209053a7fa05b5d01a466770a03fac9227c5afe,conv-47,91,fc6a2970f78e399f94d46317f209053a7fa05b5d01a466770a03fac9227c5afe,e7d94ebcf49157c912338ca03fca11c429d2499fa3fbd123d6439e4e25d81439,f7be49c336670ff243850dbe28dfed07191c752647522d099ad8dfcb8dc4d04d,18,16,86,0,0,0,-0.020786970853805542,-0.035873979330062866,0.3809620141983032,0.2699953383869595,0.8811179399490356,0.7476322092115879,-103.0,-129.88888888888889,100.0,88.1875,3,2,3,-0.15,-0.04666666666666667,58a980e0a67ca43024eaaebea9c1191c836ac38c183f2c17f7cbc8c37e927239,8a83f5c589a48401d840df159380d587c5a94b751c5506f187afedcbbeb23952,targeted,tie,0,True,True
effe1ebd7349063cd2bd745a22c72cb5d8b134aed47d4177a9dd8e2a7c7d4b92,conv-47,92,effe1ebd7349063cd2bd745a22c72cb5d8b134aed47d4177a9dd8e2a7c7d4b92,edb429614f97b9cdd0593f9331d3cb9197e25b4ece168824032a0af8be0bc43d,54ff9d5990153df1590cdc0f8b4e89dc30f10c35c806c0272ef70f9fef5403d4,16,19,80,0,0,0,-0.03502076864242554,-0.031021088361740112,0.35395216941833496,0.24697138369083405,0.8621166944503784,0.7477699988766721,-99.0,-122.3125,103.0,81.15789473684211,2,-3,-59,-0.12,-0.043125,786f5d267155eef1a399d380721976a836b6c9aac4d2082cc8434df8367d361d,9a3a970f653bd619863658f449645ab38128192b5f6a9adf8b026e4d5596fa06,targeted,tie,0,True,True
be07be9daba05ae6c1392613cc83eb2cec4cef09549751e569f2c3cfe1083e94,conv-47,93,be07be9daba05ae6c1392613cc83eb2cec4cef09549751e569f2c3cfe1083e94,20dd5731a1c9f9f7eae7f80ecc94642bad18d52434fe346befab2bd366853d27,25d9052237bc2c73399d6ee5f86591c2cf1d913800fdba1c7c7bcec12645431f,16,16,85,0,0,0,-0.02095535397529602,-0.052452147006988525,0.3416637182235718,0.24797499924898148,0.8440616130828857,0.7641613930463791,-103.0,-129.8125,102.0,89.125,4,0,-2,-0.18,-0.039375,2e07e04e2fce5e986523cd680a511b944ba5acca2be49c196bfbfae659a60cf7,d14c37f002ce19f0373eea7a7c19fb64013ea69e80ad49cf6828317480eaa8af,targeted,tie,0,True,True
8f6a53a1336654c9290734881fdcb9b1ce3bd446030da32c70ada3bf8f87f01a,conv-47,94,8f6a53a1336654c9290734881fdcb9b1ce3bd446030da32c70ada3bf8f87f01a,34d65a7c8abef34e53fcdb404cd11994cd6f871c281e1178ab0f64f124dfe090,d75fd47d2fde1fa602fb0a69c9d0cd5ab17d8305e7f05a297e877e1eefd5a600,18,18,72,0,0,0,-0.03746926784515381,-0.05459463596343994,0.3855434060096741,0.29831891920831466,0.85199373960495,0.7332325213485293,-91.0,-123.05555555555556,107.0,75.5,6,0,30,-0.48,-0.055,143bf2ebacea84a7362a8eca854135e0739b922ae0d331a6a994fe963e1d22f9,8ec9cf41de7ddf04cdd451af9de9fd7eda831c9787588789a7f503d6ddee4cf7,targeted,tie,0,True,True
b7b77683a0af96f241a48085aed74ce0cb22ee18a5cc7c090e0b99efa6a944b1,conv-47,95,b7b77683a0af96f241a48085aed74ce0cb22ee18a5cc7c090e0b99efa6a944b1,ea69b46bf7c91b75af585aaaded3c481d1e0813c3e6f4843687b0379f83fbfda,8470e46fd2f8c87c2b565115f185315dc6771822f74f4e4ac37565898ab742fc,22,22,98,0,0,0,-0.025851786136627197,-0.04245638847351074,0.40811318159103394,0.26821338588541205,0.8652951717376709,0.7604075155474923,-120.0,-153.54545454545453,119.0,101.68181818181819,2,0,-64,-0.15,-0.058636363636363646,aab7ca448a1e117635832e2a085c41d5941dedbadebe60aa981749ffeb68ee75,d69016e1e4694b3c0c12a937a19488785113feed68ca9311e24cd01d901ec716,targeted,tie,0,True,True
3ac787ac6ee7bfa51e2edac05391f05b4d3c28ab444969ee86c131a51b30ba5c,conv-47,96,3ac787ac6ee7bfa51e2edac05391f05b4d3c28ab444969ee86c131a51b30ba5c,f4e41af69ba6ddc5601497aead0c1f95d2b109089f5a4cb26db6d218d7288d6e,4e9da263d0ecc1a226b0e9e1ca62a5e76da8d4e41e9950b731dc599c4c2d27da,17,18,95,0,0,0,-0.02868551015853882,-0.00021567940711975098,0.4288051128387451,0.2992187948787914,0.8106867074966431,0.738858143488566,-113.0,-141.8235294117647,187.0,93.44444444444444,0,-1,-2,-0.21,-0.07235294117647059,db6439d47f43285283798380d525d6ca8f4cedbc8d780b2c38c9f9353110cdc7,64176f2e7421b416138eca3c8464ceabb28ceca46bb04100e95e04bdd93b853b,targeted,tie,0,True,True
47e65b52c95d3bd1ab6d99d90b0afd7d98995c70e7177aecc206b203109dcd2b,conv-47,97,47e65b52c95d3bd1ab6d99d90b0afd7d98995c70e7177aecc206b203109dcd2b,3a75ddc09f2bbfaff9a1fa90b3f3dd06dd71b29f7188d6db677f7957d0e81e63,3473ac9c29bb8050a7f56291f1a5190361ffebb63b94b73539712e2d1640769c,14,12,101,0,0,0,-0.023818910121917725,-0.035400986671447754,0.3155187964439392,0.22681071502821787,0.8652951717376709,0.7548766185839971,-113.0,-136.78571428571428,112.0,88.0,0,2,50,-0.12,-0.06214285714285716,a00998166aa95e5f022baa269ea95c3d35de1635379c2942f599f9c046c927a8,9ce0365fb56e9fa31945e954310f5fb31c74bfd918506846ef1b3bcefd1ba7d4,targeted,tie,0,True,True
31507dd32dc8513a0024d8864db4e95ca1b544676460f69927a8d08fad1ef0fe,conv-47,98,31507dd32dc8513a0024d8864db4e95ca1b544676460f69927a8d08fad1ef0fe,e003cdd7ba9503bf2dd259bd61cee6a5e3455afa3311d31b239c177b4a70421d,4fd0c05be7066abd1a95313fae80fa0fb7b4c1cf19a1151281ff60c7baad984e,13,15,107,0,0,0,-0.016676485538482666,-0.02006906270980835,0.3436766266822815,0.24738325980993417,0.8718234300613403,0.7425402482350667,-122.0,-141.69230769230768,120.0,103.8,0,-2,-48,-0.09,-0.06692307692307692,2a72e7b8baf3d9ce43a2849221ff5ff19f0a536aa71f37a9a09aa23416146545,300fcd9058ad0ea7d2bc4fa58f7041613f427543c82a7cdc2843c5b371359afb,targeted,tie,0,True,True
7fc6971163213c063eee12dff1ce0c946955ee8510fe904a2d349f2a6ba07740,conv-47,99,7fc6971163213c063eee12dff1ce0c946955ee8510fe904a2d349f2a6ba07740,b15772cb4add273133d91f49371dd58876453316470b9688859f133bdc72db31,9b6fd774d327452e8138199ef2be1ee66f271be4066e556131744f17efa6fb41,12,14,95,0,0,0,-0.02264466881752014,-0.0519748330116272,0.40811318159103394,0.2717884878317515,0.908424437046051,0.743524717433112,-112.0,-149.58333333333334,111.0,81.57142857142857,1,-2,-6,-0.06,-0.04,61c41768b13d3bdd893a5b3c946ad5d361b3e8176c7eb193c898165355177fbc,e13555ae328716b5cce45f4750076d4cbaf2c9d0e3a8ce49c1b42efd179333b6,targeted,tie,0,True,True
db65e9d0575a05e899675598c22bb2d4af591acb475e54e7cfe973b225e6f5e7,conv-47,100,db65e9d0575a05e899675598c22bb2d4af591acb475e54e7cfe973b225e6f5e7,28939440a3c0e8cad7c64a65d6bcc00f8c76b7ee004dda24e458539adc09fb42,ed812d3a8ae7f921451b743fe51c752593cfa1a7ef427d3d7b7cea3e8b851c14,12,13,97,0,0,0,-0.030256450176239014,-0.026437759399414062,0.3767660856246948,0.2616080492734909,0.8621166944503784,0.7391515420033381,-115.0,-145.58333333333334,148.0,94.15384615384616,1,-1,-16,-0.18,-0.0625,74a4a0ed24134f2b4dc2d12d78ad9a577b70502a387095344347a1536e59d7d7,c26a63ceb01b657eef43ae4f3bf7587414ffe1b1f1f1f561dd25f8becd3d8267,targeted,tie,0,True,True
2867bcb7b2928b2633a86a2063eaf8b981453369dca6172e23b2c3d20c0bdb32,conv-47,101,2867bcb7b2928b2633a86a2063eaf8b981453369dca6172e23b2c3d20c0bdb32,5ee5db1b3b5995becf7fc918b153a8b98825f1fac6507e32c89afcdeedb8ea33,4daaf89cb610b5a10639c0b8c96acd1431cc4ac26c66d0f461b0d82df8fc514f,13,14,95,0,0,0,-0.037592530250549316,-0.021198660135269165,0.3831862211227417,0.24496719928888175,0.9187777638435364,0.7731345551354545,-116.0,-130.15384615384616,108.0,87.07142857142857,2,-1,-29,-0.06,-0.036923076923076927,78f27ba08533e1e95ecc51a5e981998b978c6a87fb9a1490e5dc471622d38605,8042d48669e16705cb88b6322c718a1b43430194839638be8a8eb9d72274b866,targeted,tie,0,True,True
332689f29a224806055d010c71d747d2d75803ef2bb61937b67911e650b23efe,conv-47,102,332689f29a224806055d010c71d747d2d75803ef2bb61937b67911e650b23efe,5d98275b877af588093b6e41542a6ae8bf89d63105c7ea58343bdfcb0005d347,028b31f130a533623aeabdb6e0c8dbe4f2b3b2433345694dd1c7390b7b8b73be,21,21,88,0,0,0,-0.031044483184814453,-0.03145298361778259,0.40811318159103394,0.24739686931882585,0.8765760660171509,0.7367586266426813,-109.0,-136.47619047619048,108.0,80.80952380952381,2,0,-15,-0.09,-0.047142857142857146,6f5f425ae907e3b2fd6a32ca3d9767e6241f9d9e7073a44366c50f715ba988b1,f18d9f85ec6beab83981914874fc5ceb108b8ab5a6b2cd693e3191d606205c5c,targeted,tie,0,True,True
b01066d639181af27aeadb68955f52a3fe1b0cc698dd40bdc3a45d533f33d231,conv-47,103,b01066d639181af27aeadb68955f52a3fe1b0cc698dd40bdc3a45d533f33d231,ad0c5bece003c3958e0654837b96ff38433a0a23b3f8b59b2396fcc1177dfd04,583bc16e9d212cad4734b66ae75e2087b63043c8fc12538dab9982033cd65363,19,19,81,0,0,0,-0.04067295789718628,-0.04586350917816162,0.3436766266822815,0.23983687789816605,0.921436607837677,0.7456184562883879,-102.0,-129.73684210526315,99.0,80.6842105263158,2,0,-18,-0.36,-0.05368421052631579,44d62fef4cf436ab13f116f5b4b725d146bdbd96bd203a820c0389ab1db5aef3,b1f3797bcd360b9da345288fdfdddb307f877fe9901d7971f1ad3c5fa2a0cd56,targeted,tie,0,True,True
e116e64493dcb3585258c5fc04a554844d9d9d9f53d60122110ec844e5fcd25e,conv-47,104,e116e64493dcb3585258c5fc04a554844d9d9d9f53d60122110ec844e5fcd25e,413246f648194097d24ae9a8e2dda0628326b82c9dd939ef65b42e7c84490e8c,233cd6b60a8062ac90f9906037869f834fca6a30bb98cf2582472cf4d7e34a5e,19,17,96,0,0,0,-0.021609127521514893,-0.022201329469680786,0.3951758146286011,0.2238075576330486,0.921436607837677,0.7238781101563397,-113.0,-136.73684210526315,115.0,91.6470588235294,0,2,7,-0.15,-0.06315789473684211,97d48f1378a716ba46c7a13d69e435af221773987fb6d603138ee0d399aa110b,a7982603777fa3d0847329a09265952ebaa27b295b853284e0c329da60401c30,targeted,tie,0,True,True
ecd548dd0cdda50f232d39df3083fcf37eb917830d9c5fedf30b29e8cd08ae82,conv-47,105,ecd548dd0cdda50f232d39df3083fcf37eb917830d9c5fedf30b29e8cd08ae82,61007d0c09f2eabc01aa05ec6cfb6ba280b1fb16b5dc8d5db8efd3a7aecad4d9,f25d5a21441a352a47d0d2c212c4a0102585d91e90f7254250b5c0bc8242a315,16,14,99,0,0,0,-0.0356580913066864,-0.12311506271362305,0.3490269184112549,0.2356148362159729,0.8854169249534607,0.749683678150177,-116.0,-150.1875,113.0,92.5,0,2,-45,-0.3,-0.07125000000000001,8582323191a147cd627eeacc848904b805a0301e2d00bfdef7f9eae4101d4576,5bea8f15bd89aa84fceba280ddf05caf595e9f20b61b56d44f1ceed7c03ee8e4,targeted,tie,0,True,True
19e96399697bb7574a3a0e8a45a42854f3e969312d3f8865ca90cd69e9174de9,conv-47,106,19e96399697bb7574a3a0e8a45a42854f3e969312d3f8865ca90cd69e9174de9,15348a47a6914ccc6c82441e8d2f8c9c77e9d4baaccf0455058e16b9abe1cebb,abfb591d2d0f3a7e59f11c77c092b6bfd3a39a7d7526305d31bd3f231d28b268,14,15,75,0,0,0,-0.05356764793395996,-0.1889060139656067,0.41181260347366333,0.2804982193878719,0.8652951717376709,0.7609248399734497,-96.0,-136.14285714285714,89.0,73.4,6,-1,4,-0.21,-0.04285714285714286,1a10d87f66b3c13bff75097859d6ac03d3e1c17fbb4450f98b4e320c3c7f9442,8f36a2cdda7d940209368d702c9a5ecef9930ccd9462a5d948ca8f0910aa7cbb,targeted,tie,0,True,True
7a8c183147d9a27f1b8fd6c957c98b8807cf95a6f2f6e3de64d53a090e13a713,conv-47,107,7a8c183147d9a27f1b8fd6c957c98b8807cf95a6f2f6e3de64d53a090e13a713,25732fd960b1e3497ffac4fa7aa475ad1823547563daeb42cddc405505f759f9,16741ded0296abc3c349784b9ca51f888a55c4462e526866330a87ed1802534a,14,16,85,0,0,0,-0.016086816787719727,-0.004101753234863281,0.3598368763923645,0.23483639529773168,0.8784178495407104,0.7504349537193775,-101.0,-118.35714285714286,129.0,87.0,1,-2,-6,-0.06,-0.045000000000000005,9435bfdbfa8036e33cc8155e700ba55a143072a0b4b8f07fd9b818cf6796f9fa,ff8303f6c64490afeca2bc879e4d4277f4b2a622f0dd2af50f74fe74cac1bebb,targeted,tie,0,True,True
4e1ba894d300db79d39d2bbade1f65c276728c1a566ed8b9b65eaf60ee710deb,conv-47,108,4e1ba894d300db79d39d2bbade1f65c276728c1a566ed8b9b65eaf60ee710deb,4a0fe7711d3137caa3070f8a4087604729e184aa17f36833ef0fbcd1a6d272a3,e28fb14f66115f622ff582fae1d91bf222dd98d8a27c28b79fb53496071b64a3,17,16,79,0,0,0,-0.04728582501411438,-0.10833141207695007,0.3762366771697998,0.27877868273678946,0.828342616558075,0.7486017718911171,-95.0,-137.05882352941177,106.0,75.1875,5,1,8,-0.44999999999999996,-0.06352941176470589,0ba4ab87c21b1808cdcbd6400f5fa6162443a4b7d56c8bedce7c2839eb1848f6,a881aecafc71cfbb94332d38d0d0892510830913f675feb9e38b1ac7b7ef6f62,targeted,tie,0,True,True
3e52818bdc59ffe99e755ead0bd40b9717dd5fdb88f95cfb3a51935f8a9b1801,conv-47,109,3e52818bdc59ffe99e755ead0bd40b9717dd5fdb88f95cfb3a51935f8a9b1801,990d86450560329ba0efda61a013f71e655c01e5c690f4a6012b35163444c3ab,68fee67820a05b9de30467306f3bdcb3618f0ba34522908144b9a8789cd328bc,15,16,98,0,0,0,-0.039752423763275146,-0.03526264429092407,0.3591071367263794,0.23039080301920573,0.8440616130828857,0.709370531141758,-114.0,-139.53333333333333,113.0,86.875,0,-1,-15,-0.09,-0.05400000000000002,544f4d72d0f8d7676df91894bc8e049bfe728018e338045315ac26dc4958e093,1d5747705f6949582c690d2dcb29c9febac67a33d05a72f4a0ad3661163553a4,targeted,tie,0,True,True
2298bd2010cc6c5d0d6bfd99003710319a13a68545fc44d7ae449ecc32515d6d,conv-47,110,2298bd2010cc6c5d0d6bfd99003710319a13a68545fc44d7ae449ecc32515d6d,ee6bc4e862aac56890abe5420bd0f8b21f0cd96d9deedd76c210efae44da1069,114f4eb279706d9852b393c607c839c4700c1e5fc5cc5c2ceceb18b58688ae02,16,19,73,0,0,0,-0.049191832542419434,-0.06837016344070435,0.388280987739563,0.30032632499933243,0.8221063613891602,0.7486851278104281,-93.0,-124.5,96.0,76.36842105263158,6,-3,7,-0.18,-0.031875,1f22ea9fdafe97937b45086bc4220a9d0a8c68cd491072cb6317ca5b71c473ba,a87ec21302bff0441810ef486ae5ad48aac2a666554aa01a0510191b3f33ad11,targeted,tie,0,True,True
591c54a77c50a4e53abf452da46842a96ade3ee6e1079d6b2d9c10b29dc99f10,conv-47,111,591c54a77c50a4e53abf452da46842a96ade3ee6e1079d6b2d9c10b29dc99f10,4eeb75f67e2d5cee0e0e91e123a1a549b6969fb2872bf0f31a133441b7971fef,c7e941546853fcabc69c01b3dd1f34cf12d244f93d5a6b6653216bfa93105b6f,15,15,80,0,0,0,-0.03995490074157715,-0.0631418228149414,0.4121924638748169,0.2806335608164469,0.9151080250740051,0.7544424891471863,-97.0,-133.0,104.0,75.86666666666666,6,0,-19,-0.09,-0.027999999999999994,52766dcb81a0294a61cfdcb3b05e9bdf00e7bcad6b6bf290c654ccd8881d85cd,c3fd7316f1374c3bbd2651c75e99fc7307edb152104d1456da6155cda24c0604,targeted,tie,0,True,True
93eda577635f950bf617143ea92be772f15309ab7d8cb503f13c8d3eb012cb8a,conv-47,112,93eda577635f950bf617143ea92be772f15309ab7d8cb503f13c8d3eb012cb8a,968ade89f69620a746168359ed4ec0ff710ff381b5a9eeedf548014683d8723b,8d0854bea6fd550d53e7be047f3b9f912cf51eefc626074582ab267ce19948e2,20,19,75,0,0,0,-0.038404762744903564,-0.08035850524902344,0.4667797088623047,0.28351926505565644,0.8362504243850708,0.7441809083286085,-95.0,-122.5,93.0,74.3157894736842,4,1,10,-0.21,-0.042,1fbc8637100e337a092ec3c6c59e2c436683b608ec7c95e92198fc9226ee1fd8,24c3b59b52187efb97c1601f14eb0b1478cbdc49d25e3b814667c0fbf10d132a,targeted,tie,0,True,True
cfe6811757f0d6f4cb60fa9d13b88bd48b5c622b0b5c7a3727bb6d03d54f1459,conv-47,113,cfe6811757f0d6f4cb60fa9d13b88bd48b5c622b0b5c7a3727bb6d03d54f1459,587f2c6e7eac13da99fedbdf129134dd7e8431ca4553b4e6c1f60caecef3d8b9,604c1257cdbe969d37419d5fb14530740e40e5206d1e44c5d799f9bf46288674,15,15,107,0,0,0,-0.027310609817504883,-0.03681665658950806,0.4051687717437744,0.26273683706919354,0.8364380598068237,0.7604601383209229,-124.0,-149.06666666666666,123.0,104.53333333333333,0,0,1,-0.3,-0.08600000000000002,8bff7e8b2880d7d20a848766b75dfabee9425a89ae5961f4f11c308c436023a0,8164d09251ba3f9eb41eda33cbbd077bc0518405fcc87ab66fe4bb55097709c0,targeted,tie,0,True,True
02a7768e1ec73a266c02d266a3002c060bc247eabb865cea6efd6d48e5e01c99,conv-47,114,02a7768e1ec73a266c02d266a3002c060bc247eabb865cea6efd6d48e5e01c99,743e2d949a563df6df95c679013287095f3d3027697b31c4a61cb94516cc8b60,22defa041d3728319fcc4f0e73e5993eb51c49b7b1abc1cd272f9f2a4e1fb9db,9,12,109,0,0,0,-0.03433603048324585,-0.05284932255744934,0.3112373948097229,0.24202001757091945,0.9428490996360779,0.7644108881553014,-123.0,-159.44444444444446,152.0,98.25,0,-3,-87,-0.3,-0.08666666666666667,dc9c71edda38cdc3ec95a18fe5480cbdb17614c461d3b5ce3511a090cefe2fa7,ee20841fad5c860f1f37ad4dbf7c202bd09d3145e5e63276253e75343a45ca32,targeted,tie,0,True,True
6c3991b67ef6dd2fac2990a557312e9a8b2414e317d000873cc7a160e3381aae,conv-47,115,6c3991b67ef6dd2fac2990a557312e9a8b2414e317d000873cc7a160e3381aae,08e04ad77581b194262398efeec649086b94e7214cc6041a571dd9e5a94f2afa,056719577a28d37814098c54fef9e1f2f0a9f42531a356aec8ba5398ed483d67,18,15,95,0,0,0,-0.0240401029586792,-0.037907153367996216,0.3598368763923645,0.2339447339375814,0.8811179399490356,0.7654585083325703,-111.0,-139.72222222222223,110.0,91.93333333333334,0,3,-81,-0.12,-0.058333333333333334,d56afa81d13f2e9ef070c86bc421cb471c6f2ffcb5c67ab7946da0d3e06c5383,f6597eb607f9c74a64327e05e118db562ff54edb8655548b88a9390840f77f81,targeted,tie,0,True,True
101d5fcaa0cb207f2365af39a163e7549db5764ccd7f7f829e7cefe3bd045f5b,conv-47,116,101d5fcaa0cb207f2365af39a163e7549db5764ccd7f7f829e7cefe3bd045f5b,20f72897ab41502a11d0bb56089aa022bb403572c6dfe84ab28108c40fadbebb,f70cb68461e5ee0a959bca194f364818d5f4762958dacf984ac5e1c4c3f5f030,21,20,100,0,0,0,-0.022728949785232544,-0.035723745822906494,0.40721726417541504,0.2659393293516977,0.8714770078659058,0.7212164402008057,-122.0,-160.9047619047619,119.0,99.8,1,1,-26,-0.09,-0.05428571428571429,e19d1aae103de0b919d5ef51bf1a685e32956c252e40e84e83dcb078a1323511,3bce3bc916d6bd1e0e266453d6efdee5812d10841c601897cec11ce1b152b1fa,targeted,tie,0,True,True
f95299944a49fe2a1167900e98ee964ee14180d08407f21d59477c1c8ff080a2,conv-47,117,f95299944a49fe2a1167900e98ee964ee14180d08407f21d59477c1c8ff080a2,1f78df2f3cd33df16ed7004f9d7cfb4cecdbbe5d563c67e9eb36d62a53b05b66,f34288f3f1e95de9dfb3935d78f26f09b0707f703056ba4cf0e6e82a6475b32a,20,24,67,0,0,0,-0.04388260841369629,-0.053706347942352295,0.33198797702789307,0.26908142268657687,0.9151080250740051,0.7346629574894905,-91.0,-118.6,89.0,73.08333333333333,7,-4,7,-0.06,-0.024,ceff852eb5fd6d0c45901b531373a653301e2cd66740ca6d30063c1790404550,b6e641e54ff4dfc5387ad05196e167b30fd91beb343cff5aa1fdd9b692b656eb,targeted,tie,0,True,True
84132bafdd0e97ef12e26fba255264ac887a8d5935f48e61a9277f3b895e278f,conv-47,118,84132bafdd0e97ef12e26fba255264ac887a8d5935f48e61a9277f3b895e278f,c920a72364aad087de31dc90518af255dabb7b44a45c197027b414770a0e71e5,624cb2506cd01770a201969ba64250a48f05bcc12c33317a9800067b8e1ea584,13,13,99,0,0,0,-0.03541356325149536,-0.022247493267059326,0.3857717514038086,0.2765425214400658,0.8328989148139954,0.7588407122171842,-114.0,-139.92307692307693,115.0,88.38461538461539,0,0,10,-0.09,-0.0553846153846154,0175f462a4b66695096fc4f9151ca7e3e84e675bd4294d4ad71ce6c6e858fe16,9166a692c8e3ac99651cd3cc09cef52e9000d4055121740c6060bf5452c0ad70,targeted,tie,0,False,False
e0c3d9e972233045a47fceb9c7a815c80851f813153bfc7f1f39c5a6a9a128a6,conv-47,119,e0c3d9e972233045a47fceb9c7a815c80851f813153bfc7f1f39c5a6a9a128a6,0b4cdefc01a6209efb7881d89b3b9533d6725ca6787c006b2f2b231172c59583,fbc92f2708eb21202946faf39ce7104c3a3c4359a5ff9263137b7a83e6ccee4a,15,14,89,0,0,0,-0.02840399742126465,-0.038688212633132935,0.3857717514038086,0.2458836873372396,0.9187777638435364,0.7510513407843453,-103.0,-124.53333333333333,102.0,78.21428571428571,0,1,-62,-0.06,-0.05400000000000002,e5ba75c35003223368c3cca1e84562de998819714b91728a888fd378b3ec2454,f59ea24c36fde11de7bd44dd71a5dfb4003fd087b362bfe4611eeed4e20315c4,targeted,tie,0,True,True
0a3ccbe16aba78466bcf97f36bea90bfcac58d219ccfc05e960f45865b3b438a,conv-47,120,0a3ccbe16aba78466bcf97f36bea90bfcac58d219ccfc05e960f45865b3b438a,03644a9c694bf29d1e90c05d236cd8b337cd5d60eaafbab10db2e055ae3ca334,4ed9af833c12962e91cb13154882ab5e3a99a9a052df3604e5cae8d63d12be29,17,18,76,0,0,0,-0.03628057241439819,-0.07471984624862671,0.3593937158584595,0.2958633443888496,0.8207447528839111,0.7366002632511987,-97.0,-134.94117647058823,94.0,75.0,8,-1,-25,-0.06,-0.01941176470588235,caa350851c17ba219fcf8d04dd1eb2aeaeb2fb7636642561dac57247dc98e7f6,401a252543300aac42dfb28fde5d659c4ad2ff5e6b0b935e8a89abf615c1837b,targeted,tie,0,True,True
774dba7f834cebe8de61080087eba84dc997e78c375c61431c2729a95c67a894,conv-47,121,774dba7f834cebe8de61080087eba84dc997e78c375c61431c2729a95c67a894,0f7808e86ae961a125c400607594bd6fbf71b28194e2702bd955c04b1f4a971a,b4fc93d85ca43d38d4c7243caeda6561566d4e5a827e4f9d0df4341bd406d764,17,19,91,0,0,0,-0.027627766132354736,-0.04155734181404114,0.38532841205596924,0.27507052351446715,0.8768689632415771,0.7206309186784845,-111.0,-148.88235294117646,110.0,90.63157894736842,3,-2,-60,-0.24,-0.0511764705882353,3fa8cfb1449c05261a4f8409c515a74a47a911d1c1e2cbe4da25bacc0cd88d6e,b09a8f159866153714946c2b3b1bf0b8c476a46d8f445209cc25ebd66975c017,targeted,tie,0,True,True
68f76bec1f7d0577663594a62d450289a90dce4a73c949299c4cd01197dc8616,conv-47,122,68f76bec1f7d0577663594a62d450289a90dce4a73c949299c4cd01197dc8616,14fab552b8a0736fb908c152b7c1de84028023d35b845ab219edb0459391b6bc,0a475c69b1584c6d8cb5a1b92cbb6100d706af11dea3c7f09a60d4a19bce1357,19,18,100,0,0,0,-0.025638937950134277,-0.0574040412902832,0.388280987739563,0.2727035503638418,0.8814326524734497,0.7390819423728519,-120.0,-151.3684210526316,118.0,99.05555555555556,1,1,-13,-0.24,-0.07263157894736842,19861434e2119d7552e2114f557e751a6be672b3171773d879bf918952e81a70,0521be61f19f3bfb58159ad4f6530cb08476d18c6c98bab8b24c98b928a4c5d0,targeted,tie,0,True,True
c8e416903f7e3de19a024469ddb97d45bc590c71dc4a619d90fda715a05ef389,conv-47,123,c8e416903f7e3de19a024469ddb97d45bc590c71dc4a619d90fda715a05ef389,0762d79789605629286d2f09febfa6dc758ee0ba7d91de9c3668ddd4216dee9f,3e8d3649c2a84bd37b4b308d05ca79b365b409682ef510df67f86b0827665787,16,16,87,0,0,0,-0.030471354722976685,-0.0224667489528656,0.3797594904899597,0.2617550790309906,0.8306422233581543,0.7309607341885567,-104.0,-125.1875,100.0,79.9375,0,0,-48,-0.06,-0.04875,ed8ee90e3027fa0ca2b2b8308ae8f60fb6557a972feaae93a73bd781b3b2bdf7,8cbe6464dc3de0a1e42be093d24c8f5b7a0142b780bfd45efd0aea799d749066,targeted,tie,0,True,True
cac745852268e680a67c13ce8579b8998698448f7dd310799e3c5faf26a49628,conv-47,124,cac745852268e680a67c13ce8579b8998698448f7dd310799e3c5faf26a49628,e952e7317978d8218118aaf700b07dcc049e173e36cc0c98df1247e9ef7f26df,1f639e5dbc6a65869112d2c62fa0915d6e33783a013c715fb6cfe5be0c771ff1,15,17,91,0,0,0,-0.02082967758178711,-0.05103409290313721,0.388280987739563,0.2694800655047099,0.8261812925338745,0.7396519078927881,-112.0,-143.86666666666667,107.0,87.11764705882354,2,-2,3,-0.06,-0.04000000000000001,94f5f29f2d5a5e7271ead43c245f58da6f4076b1d3f50e98d7cc1547d3ebd0b9,cabfdbd0692c2a74f00bb8431ffdb5d66b8d533f7a04823a67b88aa292034a0a,targeted,tie,0,True,True
53d36af7a4a7b272bd62da8e13567dd832ca6f5e378d264de803f80ea676183c,conv-47,125,53d36af7a4a7b272bd62da8e13567dd832ca6f5e378d264de803f80ea676183c,4730ca1d178d34cbd0bcd496e1db24867b258265f027af3c75b30ff9075319d6,396049179671240519e9503d8da6b642cb19a1be2c79f0cede0ad408536116db,13,15,91,0,0,0,-0.029063045978546143,-0.04480662941932678,0.3591071367263794,0.22724791673513559,0.8701167702674866,0.7316568334897359,-108.0,-137.0,107.0,83.13333333333334,1,-2,6,-0.06,-0.043846153846153854,8e2d3abe4cba3cd6f8361ea6e5b631dd6f2ff32408a5566fc37fb40afbaebac7,b4cdf6914591e062c7805ea6be0f455d3ead5282cfccf37512497e7993bbe629,targeted,tie,0,True,True
067314035f5da515cd48f1e3c01820a6b7c93fb2110a5fcde4beeb705465076b,conv-47,126,067314035f5da515cd48f1e3c01820a6b7c93fb2110a5fcde4beeb705465076b,b9f4c279177bcebfd6352d29815324cef90d254a0873580ac3962d9621aa4807,b1c15a3881d3411ed09200d48402fd6ed1827234622b08ad2e5b9c72f6361dc6,13,13,81,0,0,0,-0.04247120022773743,-0.06520435214042664,0.383463978767395,0.282724706026224,0.863490879535675,0.7563267854543833,-95.0,-132.84615384615384,96.0,72.61538461538461,2,0,15,-0.18,-0.043846153846153854,0c69e249f93e086b1e2025f33355848e1a84350490389adc07b254073aa2f0dc,eb09709ea7383dccea16a3520b0fb171515c35b1397a7446910f0654098a285a,targeted,tie,0,True,True
9eeaaf1cf37e9254037f325711594a79d420602111a548237182ddc7e1ef1755,conv-47,127,9eeaaf1cf37e9254037f325711594a79d420602111a548237182ddc7e1ef1755,dea69c4b249f9e14e47f93dd1d47caa57e59a5433877775200fc00b6899aac82,791c819c5a56efe64ce4236acbb2895bc9bb7e49571b8e20d7f5510d17652be3,20,19,92,0,0,0,-0.02122575044631958,-0.035474807024002075,0.36102885007858276,0.2439194917678833,0.908424437046051,0.7373318578067579,-112.0,-139.4,109.0,90.63157894736842,1,1,62,-0.09,-0.054000000000000006,c8192bc3c3b7c0343f631a347cc8362acebd6d91821aa86407231c1fa2667c98,d48b6beb3c950022136e0a0a22de52d9e14b18fd5282b259af356d1608459e6a,targeted,tie,0,True,True
63928c13368e8cd14ebb3120943fbf4f388a2621264507f7fb33a3494d3573b5,conv-47,128,63928c13368e8cd14ebb3120943fbf4f388a2621264507f7fb33a3494d3573b5,5af3973baaa652a964ffda76f6efe5feab68b0086886f5e673681cd16f15356d,bc4a144e5b967227a798d2d90a62f42b2a445590f8d2c03fc5a78cd5db186895,15,16,94,0,0,0,-0.02773439884185791,0.12366604804992676,0.3490269184112549,0.23865843216578167,0.908424437046051,0.745255172252655,-111.0,-132.06666666666666,343.0,104.875,0,-1,-50,-0.09,-0.054000000000000006,88823bd9db57f1a3195c21df433ef9c2dbb4e511956301b62242aa6aecf3d4d0,27dded6cd91fb8e0c76cb4003ba10c252153bd1d4cc817e81db683f77390f6ae,targeted,tie,0,True,True
f16d111f13a9b3a90d8b5ef55b1271575ab9a0a13d35e0591c5ac6a7064d0171,conv-47,129,f16d111f13a9b3a90d8b5ef55b1271575ab9a0a13d35e0591c5ac6a7064d0171,52484449b2e4003f9a9c819044426dc9bb8528a4b78863fc0607c79504a01cc8,ed81d85260be06258fa50970a82f6f7bdb7cc5acc9460103810167fdf6356869,22,22,93,0,0,0,-0.028624236583709717,-0.04158464074134827,0.37256795167922974,0.24878104437481274,0.8212796449661255,0.7290967784144662,-115.0,-149.77272727272728,114.0,95.27272727272727,1,0,-21,-0.21,-0.058636363636363646,0a40384818c5bf2cb101a2a2eb9e946fae5448026e72f3a498456f9e418dcdae,e2c03bd4e8593f82b169329d740192ce19b0fd673bfa6b0b4212378b187ef9e8,targeted,tie,0,True,True
3675c64556117f438f456613a5ee5d9ab39f5a595555d5710f99be664413243a,conv-47,130,3675c64556117f438f456613a5ee5d9ab39f5a595555d5710f99be664413243a,9fa3b0e8c5c819de303a6d700c479ab791b57094f578da2e01d291dcc699d2cc,64bed6c91427cc2b1437f8e6d1e497ff74184d838fe5e557cd5c9562c57dd554,20,19,90,0,0,0,-0.0279177725315094,-0.03685265779495239,0.4345380663871765,0.26513893604278566,0.8765760660171509,0.7560716961559496,-110.0,-141.6,109.0,88.63157894736842,3,1,45,-0.24,-0.04650000000000001,0decbf7c53b65503f737f5742e741c0e6021247f49e24d1b021f57afed6dc92c,89f13d2c8d7dac397a9aa01ec58337b6b8a3a9aa318b5e453a1fd25fa50e1391,targeted,tie,0,True,True
a40a3b455f1eb278c3e4848fcac80a2e1826de3bce91701296ac9ff43091bcf6,conv-47,131,a40a3b455f1eb278c3e4848fcac80a2e1826de3bce91701296ac9ff43091bcf6,fac60c9e62237b3cd3e5d4a0e60c3319fb482b4a4f2c75a4946c13bd6ac410ac,ccad2b2264e14ea158328566e157b2df196f76d9ac947a84b8b714ad87fb0800,17,18,83,0,0,0,-0.03022855520248413,-0.03365769982337952,0.4404376745223999,0.28470391385695515,0.8765760660171509,0.759420653184255,-101.0,-133.23529411764707,103.0,79.16666666666667,3,-1,-9,-0.06,-0.03352941176470588,0da9682de89c5cc47c526991edf84c86be23dacc52ea921680fa5cfbe1e911ba,0e144b9076563cd2d78c1c9b9b0968cb0ff69abdc3d0e9c8bdb23de6efb8df72,targeted,tie,0,True,True
fadadee96b87d3e9c18dc8e905e7ecdd973368914a4350115e200693a0ac0cdb,conv-47,132,fadadee96b87d3e9c18dc8e905e7ecdd973368914a4350115e200693a0ac0cdb,15c683e643824322f03711651fcd31a3e233453d17d2d35fd540edc358e7f7b8,e398334ec0d3217b5a426e6acaff97508749695eb91bc476f6e6aefd0add5d44,12,11,88,0,0,0,-0.03621673583984375,-0.02027714252471924,0.3210254907608032,0.2464343011379242,0.8714770078659058,0.7575790882110596,-100.0,-118.75,99.0,83.45454545454545,1,1,24,-0.12,-0.05250000000000001,b44519b7cb11f59e3f4d7d92d5405af5de906a14bc17302be0f1ed111bb41050,29542381d4814182739f7b119dc7e7b5592ba507f5cd2ff932004de9b10d278e,targeted,tie,0,True,True
9f979612773d149541bb1fa315ddea77619d0af01657fb78de18208e9daadc05,conv-47,133,9f979612773d149541bb1fa315ddea77619d0af01657fb78de18208e9daadc05,07e0326047e59753ab397a66c51a266a2c93c6bf0c649f3d024f6951fd829de9,31aabf300d002512fac1bf9ad83db3241808b7dba607a7c6a96f000c9830c120,21,19,78,0,0,0,-0.031200438737869263,-0.07042491436004639,0.3903535008430481,0.2815424118723188,0.828342616558075,0.7486075131516707,-96.0,-140.42857142857142,91.0,75.89473684210526,6,2,-69,-0.06,-0.027142857142857146,21be6ea2dc0ee14b5dc423bc0ce81202f29672f39eeefb4dd9185c6678c205b6,17998dfe4917f2e3d962731bff940c0269436a17cdf9782921fddcdc2016ccab,targeted,tie,0,True,True
f26fc4fce5914082c92e278021260a5f867b023a9f78af51d39103825064f0fe,conv-47,134,f26fc4fce5914082c92e278021260a5f867b023a9f78af51d39103825064f0fe,d6e4536cf567e22940d04bb620ee53b28018665ff4847b140f4e73b43a59b852,5b9dab4f43188994ade0e8ba9d6475ff4226b08c7c6f1b926618642411434ec6,16,15,76,0,0,0,-0.03221768140792847,-0.057212650775909424,0.36860084533691406,0.26821188256144524,0.8725247979164124,0.7735531409581502,-95.0,-117.3125,89.0,67.93333333333334,6,1,49,-0.06,-0.024375,8530a5abe599597b4566b529228390efaaebb7e8a299463f2fd4935ff20c974d,93e5330d69b92a039c0630704c2e85ad944a1b10833161ebc598d0597798c20a,targeted,tie,0,True,True
7c970840f5cd5eafd6875114b69b6000a109cff57889e2e64ac4201abb793059,conv-47,135,7c970840f5cd5eafd6875114b69b6000a109cff57889e2e64ac4201abb793059,587db565eb75825a098302c72295805837e92aeb474187a59504538379640d7c,88dd90d3909c819f58de24b793b47bd894bba0dc40b092a9741deedc541580d1,13,13,73,0,0,0,-0.03985080122947693,-0.038216203451156616,0.34290993213653564,0.2888842775271489,0.9151080250740051,0.7690844719226544,-89.0,-113.3076923076923,85.0,71.23076923076923,3,0,-6,-0.09,-0.0276923076923077,e96074b4d941ad8d64e8a1a0eb53f150b02547ad98ebc75601e916a3e73adc5b,3d3fb52b5d7255d55c45948867808216b82f718e7c08120bf88bd22146298335,targeted,tie,0,True,True
36f5b6eecd0ba9c3e91d4b3a7d29168673eb56c7ad503717bab7ca78edd86d82,conv-47,136,36f5b6eecd0ba9c3e91d4b3a7d29168673eb56c7ad503717bab7ca78edd86d82,44750ffefdb6bca65ced3d8ac6f896fa3c4d3966941fd387b70cb45620f34261,f42c34b7752f26d80519c550c9c7a259eafd27948411ffc94f17c561bb1b30e1,15,13,74,0,0,0,-0.017413675785064697,-0.12472599744796753,0.4236759543418884,0.26715712547302245,0.828342616558075,0.743523120880127,-87.0,-128.86666666666667,92.0,78.38461538461539,3,2,-2,-0.27,-0.04600000000000001,5c4d966437cf2ad9434e1c5df6622897d26e8d81350390707429033c7d8f2d0a,9e003a10f2dff6c957affa982f90c8c307de6a62266b152d65992beb16bb7ed2,targeted,tie,0,True,True
45eb40537926a311e149ee428bc53ec64b0a360bd9febfb72fdc8bcb8ebe62b3,conv-47,137,45eb40537926a311e149ee428bc53ec64b0a360bd9febfb72fdc8bcb8ebe62b3,3419b74bb8d0ca72ba2931b132e782f8bdba43d402846741238465447caf941f,f20617cac52a5ef082bf5801813089f6ccc8dd58ac79fe1abf3c26119d33bc5a,17,16,77,0,0,0,-0.04739201068878174,-0.053789615631103516,0.3593977689743042,0.2769066095352173,0.8283518552780151,0.7333113960921764,-100.0,-127.58823529411765,114.0,76.875,5,1,10,-0.09,-0.031764705882352945,8ab0116f844cfc3f0188d799be9ce053473068fd3c0df29a9c17cc968f7d3677,38294a18f698d1b4b6eeaf914d33e80d032c76f127878e93a9fa9bc52b9b3da4,targeted,tie,0,True,True
b77175ef85af44ffcacf54f7ba479937facde3c867f55da86f0609f88c876af9,conv-47,138,b77175ef85af44ffcacf54f7ba479937facde3c867f55da86f0609f88c876af9,6dacab5c80f3f609c2948683d678ab713eaa5756d580fbce3e16c705f2e68ee6,a69dec6fc8ce499c0ec0d7a0dc9482b96d62d4661a36d43ea677253c528d5095,17,18,74,0,0,0,-0.030704915523529053,-0.06492188572883606,0.38309550285339355,0.28482794411042156,0.8765760660171509,0.7521088090207841,-93.0,-125.3529411764706,92.0,73.27777777777777,5,-1,-52,-0.06,-0.028235294117647056,8736c16082dfbd9e2cf41ae7b46c1ea931c230c36a993c17d2fa3463dee92587,86419d7a531988185c94bfe1bb33ea14b042316305cb2c35f6502c83e7080a4a,targeted,tie,0,True,True
a23083333ca140c2112437676e7e2765a0e1aeec13723b194683b2ad11bd9edb,conv-47,139,a23083333ca140c2112437676e7e2765a0e1aeec13723b194683b2ad11bd9edb,52b0fe3c377b96235d48ce5d88d48c10822995cf956f43619a8463ecd2c9462c,c0e31e1b4ba01f604618291ac67d1b31698812eb589f8f2c6ef461baef75cd2e,15,13,75,0,0,0,-0.040498971939086914,-0.07199797034263611,0.44867002964019775,0.3061683734258016,0.8765760660171509,0.7621822540576642,-88.0,-114.0,87.0,69.6923076923077,4,2,-67,-0.06,-0.030000000000000006,07c4f0c4b2018b15f194daebb475835d2ae644711d0e574591677a922fe00a1a,a9df3a7c8b4f122eef02909aa3ce923bb07024024c8abb3d55778da32165cf1a,targeted,tie,0,True,True
1483200212dd7b5d21786fa6bf6e92c49103f7ff2c199ef0df8bea4c136b4112,conv-47,140,1483200212dd7b5d21786fa6bf6e92c49103f7ff2c199ef0df8bea4c136b4112,4568a87d40dffc5e10c1cb8eb01fa3c4d66197ed0300ca2ff58fad731e2215c0,345d0253ff2b869ee37559740dba1a4d47734f32157c32b72d633ac390314a6c,13,12,97,0,0,0,-0.022128373384475708,-0.03729867935180664,0.40811318159103394,0.2228494928433345,0.8811179399490356,0.7492192387580872,-112.0,-138.6153846153846,110.0,94.58333333333333,1,1,5,-0.15,-0.06000000000000002,b1dea42385b8f4e35d0736971236ecb49588ab1f365de1d8a6d998a9b13b8b82,19f9362af48aef76ca6c859edf497c256fad1322dd91b9458ec934ec0934e2f5,targeted,tie,0,True,True
6c6bc2df92ba884fc42a448bdbeceb3b26b6afcc2370d2816d0ec8bee09b5813,conv-47,141,6c6bc2df92ba884fc42a448bdbeceb3b26b6afcc2370d2816d0ec8bee09b5813,273467d72fffcef995185d119f11e3a20f587ccb344ca1eb62dd677902761e0a,6990d4c0e09c4e41faf92cd574cc53fb2726a13b257a6582b36a6f4bcdf19812,10,13,79,0,0,0,-0.06307899951934814,-0.09853634238243103,0.34519851207733154,0.26734534502029417,0.873845100402832,0.7567942967781653,-95.0,-122.0,96.0,74.23076923076923,3,-3,-27,-0.42,-0.072,bd70513c25b185207e9c996940347974d01e3ece81e58527fe45f83071f1649f,10544bf2bef808279555b7a58c955d9102fc383e01f46421f9c205cc816826c9,other,tie,0,True,True
4fe7983d4a84e92863450ae728e4cc7833e0925d34066da486a1d57ee946d61c,conv-47,142,4fe7983d4a84e92863450ae728e4cc7833e0925d34066da486a1d57ee946d61c,fa75eb7bff2d2c0f14e5fed8f146357d7fd25220b68a204a277e13239ab95dea,b6004fd7e01d40b4fe74a4c36a3b3ab7c015d2f14c2f9fa449515b8c2dbfc27d,15,18,76,0,0,0,-0.04201847314834595,0.023088157176971436,0.3879393935203552,0.27844754060109456,0.8765760660171509,0.7609297566943698,-94.0,-116.33333333333333,220.0,80.0,4,-3,3,-0.09,-0.038,09223c3da8dd391422e02d4ac53faad284f30a77e63edd75f5e136aa1c799c6c,c03781116656795b485ec07941eea44f92fde18f1a067234244b64ccfd851afb,other,tie,0,True,True
5c2e381241c4037fe723fac52703c92f13643ff85411afe9dc1fe9e46866403c,conv-47,143,5c2e381241c4037fe723fac52703c92f13643ff85411afe9dc1fe9e46866403c,26388c40b7f3b5062e12738b3e2d6c270b814f917c02abc0d929428b24fd56d3,28bcfa6979725c9817ad2b57f8160a0b36c6c752c6b48209551452e10c90664b,12,13,106,0,0,0,-0.03298214077949524,-0.05411943793296814,0.30227452516555786,0.23325859506924948,0.8236991167068481,0.723870758826916,-119.0,-143.58333333333334,116.0,98.46153846153847,2,-1,23,-0.09,-0.049999999999999996,7d62ba6e846e4d6a62cca5ab44ef29565e95ccb73129ee9b344e8534b0c5ff1c,498ddcdf2bd99763cdab523dfcb3076480db9be801593a5730c4b3be6680823d,other,tie,0,True,True
7a3224804201025e64569942009471c8e70e46a86430b7df9ad6bbf2c17ae56b,conv-47,144,7a3224804201025e64569942009471c8e70e46a86430b7df9ad6bbf2c17ae56b,f5b1cffa5807e3127574d13262cde54cac59531f0e4610cf255af1ab59fea132,660ed571ecfeb944f98f2c49859aa997536c377c78cd2bd5033a054613a809db,14,16,98,0,0,0,-0.03564134240150452,-0.05593371391296387,0.32885217666625977,0.2272463824067797,0.8236991167068481,0.7309533469378948,-114.0,-138.57142857142858,113.0,93.875,1,-2,-23,-0.09,-0.055714285714285716,7184abae93ed9e15805aaac907141da0566f95dd1e5aac5ed55005ee988493d0,679c78aabaede6797ec8203017b75c81bf5d9f6537ee29cc208f0cc948cc4b99,targeted,tie,0,True,True
f87f348d37e99eb67615e44933e0b89c999c3f914955870ade2a142bd6ab29c8,conv-47,145,f87f348d37e99eb67615e44933e0b89c999c3f914955870ade2a142bd6ab29c8,681b146ea6241dbd1215c22023bcb902ef1542e9d4190798b26455e2e160c6ed,836b7d86af50574a693111d0de1f533b070a6cfad1e7bc841f40c5e2960342c2,16,17,99,0,0,0,-0.03228411078453064,-0.046926259994506836,0.346574604511261,0.24230726808309555,0.8556251525878906,0.7339458220145282,-116.0,-142.25,117.0,90.29411764705883,2,-1,-66,-0.09,-0.054375,5baa5b2145ef7c42a67dd383d6a13de78131241a5ac07532b95161b6491b88ca,4bcbd14c5f03b9690431735c6324b707127bbd8b01afbdf31e35e6a616db5805,targeted,tie,0,True,True
a653c6ec39f6e548af37bfc2ea396a4112c9c1131c9b4a43746d0d30392b7091,conv-47,146,a653c6ec39f6e548af37bfc2ea396a4112c9c1131c9b4a43746d0d30392b7091,c5cfdbc80dfaf80528c764454667aee9770759055ada642b192a3f51eff1d02c,8fdb2e43797e8f5f841ef10106c50935ac86fcf6b0cee3e6d505a53f55c8ab8d,18,13,81,0,0,0,-0.038504183292388916,-0.07209980487823486,0.4235404133796692,0.2971596684720781,0.8207447528839111,0.7542447356077341,-98.0,-132.61111111111111,91.0,75.6923076923077,4,5,26,-0.15,-0.04000000000000001,5ffc3704158fe1de92c475142d32b50bb1081fe7c55427dca20a73dc10b2648b,d55fcc8df2b1cbc4ad4a6a15f41c43f8c8d57940261b1351ccefb1e39f4d9ba3,targeted,tie,0,True,True
9ffa19e625b4344ff7a94623e0b52c7c7dd58a34c66791d1523459331176848d,conv-47,147,9ffa19e625b4344ff7a94623e0b52c7c7dd58a34c66791d1523459331176848d,06571b7faecc7a50ddeb0c8e2a0e839917038645d63b75dd31edbc610af5d155,7a5f4a7a79c66f10bbc5973222126a7fa9d763b986c896f78568232458034370,18,16,84,0,0,0,-0.027969658374786377,-0.040208518505096436,0.38532841205596924,0.24189551340209114,0.8344930410385132,0.7395157739520073,-103.0,-132.11111111111111,100.0,79.4375,3,2,-15,-0.09,-0.03666666666666666,810da9027d8ac95e914f7a101f3eda2d97ffcca21acda3dbd2c23fe10ba916c1,c387e692816fb46174baddb98156254b8aafe5fc8fdb46fab1c182e807d49834,targeted,tie,0,False,False
0b3fc7f1fdba2bebc131dbd31d0a0e5870a2ccbcfc4ca3df05c1a33a9f38cc49,conv-47,148,0b3fc7f1fdba2bebc131dbd31d0a0e5870a2ccbcfc4ca3df05c1a33a9f38cc49,62731611d18f2d0b48a6a60b5a2cc1a3acc87a6cf7dfbac404e4f4794974fbf4,339b2c1a747bae011671c093d8b089075fc50843825d1fddd58b78048328e963,13,10,74,0,0,0,-0.02194821834564209,-0.06330031156539917,0.3436321020126343,0.24672803511986366,0.85199373960495,0.7467174291610718,-85.0,-115.07692307692308,83.0,70.2,1,3,56,-0.21,-0.05307692307692307,1a01ac60d778aad483ce762eabb894b76129b43f4ddb049c1f53073ccd0249a3,f9a6a513a70a9350249abec667a3e7cdc83a2bb5b8f850cd325fe44b1b3d72bd,targeted,tie,0,True,True
3abaef4764e9d955cc2fa8e2cdfd36c035824659dd10b169588b5114b9706fb5,conv-47,149,3abaef4764e9d955cc2fa8e2cdfd36c035824659dd10b169588b5114b9706fb5,095fafb206f8141926048e56fbaff7905a858cfa7bc3b340168c049253e3fa3d,79e7ae0eaceedc94d996843aeed7089acdef76ff0549c8fca9523925d6c51253,22,22,98,0,0,0,-0.04386976361274719,-0.024285465478897095,0.40813255310058594,0.2777115485884927,0.9428490996360779,0.7519020627845417,-122.0,-138.4090909090909,120.0,95.31818181818181,1,0,-86,-0.09,-0.05454545454545456,21ed57380e4b39b24802b5914740c4f74040abfcf336ac575815a0c3a03b8c98,39af721021707c3e3df33f1a00265135adcc6c6221dc6cd75f74285e9d24cda3,targeted,tie,0,True,True
0cdba5ee12e2b883537ff8bc7c897e33210ce6103a01bffeb990750d6f9b5f7f,conv-47,150,0cdba5ee12e2b883537ff8bc7c897e33210ce6103a01bffeb990750d6f9b5f7f,81ea558b61bea8106477dd7e315947435ef5d15077d1d4c961edc59dba3a3c8f,f20cfe0803b02284e5aaa561c0c9b76000e6c0fabb3f3571f498bbca63f2e652,13,14,95,0,0,0,-0.027602821588516235,-0.0272199809551239,0.359929621219635,0.22626654918377215,0.8854169249534607,0.7820079624652863,-109.0,-124.76923076923077,105.0,81.28571428571429,1,-1,-46,-0.09,-0.05307692307692309,b86aa1f0a8edd7a26ae528a5e5df0a4d770aee07b96e577a040f46ee32db3e09,a58f06f6489331b732e893ffd75a22b4ede4a53e6c48b166855dab14aa73c5ff,targeted,tie,0,True,True
e7c0acfaab3710dfda38f20c197f9485b906f294d65ed48f465ff942b61f1457,conv-47,151,e7c0acfaab3710dfda38f20c197f9485b906f294d65ed48f465ff942b61f1457,02a999c06fab1a41cabb98118f495c6b8509228ba1b8072d984a3d20c7dd151f,37a03ea23900a6452f77fee8cdf1e08d5d7bf4b3f2c3422064d3aae5c7e17d5c,13,15,107,0,0,0,-0.03923928737640381,-0.05522659420967102,0.3887779116630554,0.2641168236732483,0.8652951717376709,0.7447589914004008,-123.0,-161.76923076923077,118.0,102.0,0,-2,-5,-0.12,-0.06692307692307692,d36099efac27358cbb46955a29fed825fad136b72e6d50ae62e531072dcb377c,1744fd9384d7d1b99dd2d6f104811b6c67d38d77652bcf1abf473cdbefd32449,targeted,tie,0,True,True
5498ad7e5639269deef42843ba73022b85eaa3f79707d4076254b900df23d727,conv-47,152,5498ad7e5639269deef42843ba73022b85eaa3f79707d4076254b900df23d727,0766788015a2587ee7f49e62a5633c787d70f045f236a2c226c00a9c1e076743,e2b75fb7c70a28fe2c8f8028a1bdfefc3a4859a355e02126f0706826aa363ec5,16,16,74,0,0,0,-0.022163182497024536,-0.034414440393447876,0.3847160339355469,0.305213138461113,0.8359434604644775,0.7297581359744072,-95.0,-116.5625,149.0,80.9375,3,0,-31,-0.15,-0.0375,f6ee38b75f47397be0e2f7e184152b17d82deff54c4cd45e5df7b0903cbf10a0,a37d0a67af675cc9bcd02e0fe8ff023814714f20fff216377c5a42073d6f6201,targeted,tie,0,True,True
e3c4f65c272564ae7bed1c6dd5b75fda813b3b30c5d7c91145ee73129440212b,conv-47,153,e3c4f65c272564ae7bed1c6dd5b75fda813b3b30c5d7c91145ee73129440212b,7a3774404b5ef6a95c02362f074989a41a98154c681f88dbfc46a840e2cd1f81,a41a65dd0bb7e19426880965c46e86e8492176c6fe89caeed3e7d7972ac32d0b,11,13,93,0,0,0,-0.01911190152168274,-0.029694706201553345,0.32710158824920654,0.2526068145578558,0.9187777638435364,0.7694167861571679,-106.0,-140.72727272727272,130.0,90.6923076923077,2,-2,66,-0.06,-0.035454545454545454,59b9bd128b3d728c9ff0628c7c19dcec516551f5a7fc34b0f15a8c987fbdd22c,1d0ba120c00e5854bcf6729e12c405c8636bc71c0a3f8ab0ab783fdaaa05e089,targeted,tie,0,True,True
641fe7b447f8e955278404246a04c7a3ba5ff31fb45392c1320ec1a1142f2ee7,conv-47,154,641fe7b447f8e955278404246a04c7a3ba5ff31fb45392c1320ec1a1142f2ee7,51981023a1b1dfeba516e67544e0b964ce90d23235a3cb69483a430e824caa13,127681d916496b45149b812a4246e6ce11d3c1d29b380aa5f1257f95e7e41358,13,11,89,0,0,0,-0.015781015157699585,-0.019298166036605835,0.34751200675964355,0.2595441387249873,0.8166491985321045,0.73031639510935,-101.0,-121.07692307692308,102.0,88.54545454545455,0,2,0,-0.06,-0.05076923076923078,4fbff303ea2cbd1127db6731f4dedbcb624b8a1823a4fce416204de85ac04273,ac06ee53fc17129d420bcdf3bc8330ec3c208132d256b814a93b318d3d61c18d,targeted,tie,0,True,True
63f3e4cc3feecb7c5a2b24a5578843e1f4ae3eea9923c34bb4da12c2c3ba9ad4,conv-47,155,63f3e4cc3feecb7c5a2b24a5578843e1f4ae3eea9923c34bb4da12c2c3ba9ad4,9acc9115cce0f8be9dabc5dc4f5301e5541c59cdada87c11e8b70df05e163bdc,da1baf3cc5214d420ae5107dc99bae1e37de7e33796c9f30c169dccd947020bb,19,17,94,0,0,0,-0.01522800326347351,-0.027555882930755615,0.4146304726600647,0.23913941257878354,0.8412299752235413,0.7384361309163711,-111.0,-129.21052631578948,110.0,97.47058823529412,0,2,57,-0.09,-0.056842105263157895,573db2ec50984ab00ec60809cc7b69444bca91f2299d4521da0066b4764046e5,c6822f210b6681066ac0ba86cf62ab417fd336d221e42e1aecbacd7a9c5257a6,targeted,tie,0,True,True
024cfcce310343a040e0294353bb05d045fb057390a6d9c5c932565b794241ac,conv-47,156,024cfcce310343a040e0294353bb05d045fb057390a6d9c5c932565b794241ac,1f0a4f83b8f9133e9d41d1880021fe5dcae3b4f301130dd7eb39c07b3473ae5d,7c2e60c1a5f2c336c2526d7ed35b4f4bf22696d1d3c47fe70d42499f46caf831,10,11,91,0,0,0,-0.014558553695678711,-0.01709085702896118,0.387035608291626,0.24231072068214415,0.8621166944503784,0.7153764475475658,-108.0,-123.7,101.0,90.45454545454545,0,-1,6,-0.06,-0.054000000000000006,8a577c1717bfd6ba12346a42819947e388dcb6b9fa4a1b9712c70c460f6800d6,d2cbf9864b8e4b1094f5a9f374346cfb5595dbb22a3dc55187e2d7450000ea1a,targeted,tie,0,True,True
96b3e728a5b5860ca564e41469193a41af25534c824f905686bff936ff5e2d79,conv-47,157,96b3e728a5b5860ca564e41469193a41af25534c824f905686bff936ff5e2d79,b16cb3e91463fac289bdde30eb5df0c093e01fa9c4a9bbeda33b3793e709fd26,f68bd52adc45a8deeeb845fe68bb21a8657a7812b69ddb39180d9a117845a16e,17,15,83,0,0,0,-0.026991814374923706,-0.03128117322921753,0.374377965927124,0.2538045259083019,0.8621166944503784,0.7371578772862752,-98.0,-123.58823529411765,101.0,81.86666666666666,2,2,-4,-0.12,-0.049411764705882356,c088ac4f38e5d7c59f4ef4fe2a3b91403642c644f572367c3e0f0def87665f19,d2d344afa1d80ac390a3c1b09bf1f6e6342c6cedc18f59f6ef4718eefef6283e,targeted,tie,0,True,True
f88cfa0b55589ab47e578b4bf1444155f3282c73c44ec45afb00b79820e37a60,conv-47,158,f88cfa0b55589ab47e578b4bf1444155f3282c73c44ec45afb00b79820e37a60,42e81d28a84bd8f43d9c783ab08a7ed11196e0e99a4cc38d1106401192e31eb3,a2467cd798c00efb4cfdcf0eab310c014f9defaf52089715a796f10e8568d665,17,17,87,0,0,0,-0.014794707298278809,-0.05034443736076355,0.3809620141983032,0.272568685166976,0.908424437046051,0.7532501360949349,-105.0,-140.7058823529412,116.0,86.76470588235294,4,0,-61,-0.09,-0.037058823529411755,b090b4cb7c9db4207ba2ff41810bc17d787c3681ee9afe563ecfe0adb30e7d4c,f92e6db780110d4e711274abd0531ca3848f46992e31c2ea7fcfaa2e97276832,targeted,tie,0,True,True
4865d671358eeb29fec7cb9c746520e009c20a00d386014d475749b4daf67628,conv-47,159,4865d671358eeb29fec7cb9c746520e009c20a00d386014d475749b4daf67628,a297ed85d7075e8c6ae3dfed409a59e6d56041a4501427b4f04a31319eadceaa,8179fc57d0ab3da1a16fd9d2ea7f609165e81ba845eade9da5901e0f5736515c,21,21,99,0,0,0,-0.02804809808731079,-0.037976741790771484,0.40811318159103394,0.2691272014663333,0.8681169152259827,0.7537071364266532,-123.0,-151.28571428571428,118.0,97.14285714285714,2,0,16,-0.15,-0.06000000000000001,abaaf47bd8dc6683ba80539b58d1c22381825e310681ef8906bc0ddaf5208c07,966dea750a2788bb0a098d74045d1a52da6cbd42a6d11c50ed055f228ac9ce84,targeted,tie,0,True,True
14cd54c5e337bf86407da83c12f32b0f947793b226fa671e8a7b92fd0e8b61c6,conv-47,160,14cd54c5e337bf86407da83c12f32b0f947793b226fa671e8a7b92fd0e8b61c6,025ad50496dccc521178d43c0dfd284abdddd2283f612c2076b75e97d75954af,e54afc0854939e5c1699f362b00ec698e6c39dddda4f6054304a770dd691d28d,18,16,97,0,0,0,-0.023139595985412598,-0.023002445697784424,0.3598368763923645,0.250776555803087,0.8811179399490356,0.7516354918479919,-113.0,-131.5,112.0,85.5625,0,2,-41,-0.09,-0.060000000000000005,d2dda55aa89c4ff1ac5e70da75776199a4fe66db56bcf10788afb6b5bcc54742,1475a0a44d547930cc036a7936cad676fb7af8e0cc30b97a03dae0033a2aabdf,targeted,tie,0,True,True
c7a9f73cb26036375f02bad87513b55cda7f74935e801dbbe3aee38719496a01,conv-47,161,c7a9f73cb26036375f02bad87513b55cda7f74935e801dbbe3aee38719496a01,eba3bcb31feab668d9dbde252225d9ddd8c1fc734fb9a5c2f421bf09601853f2,6c571bc15a04203768d45a174cc9f0328fdc3c7d61955bda1d6145df17062d84,15,14,96,0,0,0,-0.03319448232650757,-0.028571993112564087,0.3809620141983032,0.307601531346639,0.8621166944503784,0.7412812454359872,-119.0,-144.2,118.0,82.07142857142857,0,1,-32,-0.21,-0.060000000000000026,6bf9b72a2ea3009aaf3a9ed9308c6304afed93e03dff3454d06655e220598fcb,70079c1ff0c3bd5eab36679a930a684ee3a4d0d48e38039c3187680c9a19ec60,targeted,tie,0,True,True
d7ec5303b31c7ed18a11be5be1ec83c0206d1c216e5b5611ceee9c98eb646a5b,conv-47,162,d7ec5303b31c7ed18a11be5be1ec83c0206d1c216e5b5611ceee9c98eb646a5b,45bd83ff02044c56af2d9eb9457867d95288378d127ac62d2f9560669a0d2f07,61147ca8e7bb00214dc3f2c0654d4f63f154133801a9f3e15158c69477aa42a8,17,15,95,0,0,0,-0.03713572025299072,-0.028084397315979004,0.39591729640960693,0.2375400136498844,0.8652951717376709,0.7368203163146972,-111.0,-128.88235294117646,110.0,92.06666666666666,0,2,10,-0.09,-0.0511764705882353,aac409a09e4a77258773775f1a3a2576941e8a5e8f9c29feb0ffc1264455729c,03227c60cb829a68f4a92cc7f83b19ac608663ec906cbbc66e51410dbe686876,targeted,tie,0,True,True
ec8afd4b4ba56ea44002af8863adff42b3bd88792e4af09cbe21e4cb2d678e25,conv-47,163,ec8afd4b4ba56ea44002af8863adff42b3bd88792e4af09cbe21e4cb2d678e25,ff08ab8e6738d469868a65f84e67516c432978b07017c3bc6c1c95dc146a52bc,7f28c989a47a209cc0f3943cfc77215980b8c279125b71e6bafc0be41e734c30,18,16,77,0,0,0,-0.022758781909942627,-0.09166878461837769,0.3507689833641052,0.24362201823128593,0.8652951717376709,0.7349221669137478,-94.0,-133.05555555555554,95.0,82.3125,2,2,-24,-0.44999999999999996,-0.061666666666666675,0179597e450a21af02f361e181c3bd523e736e422f80e7f5880bfcc34998f707,ec4394c370b5d904d2b456835f70fa4c424687bc4a719853fb39c9a451b5bf30,targeted,tie,0,True,True
cab1c8fef7f2c7514664df4c013e2465e6298076f215f7c325c68e28477edff6,conv-47,164,cab1c8fef7f2c7514664df4c013e2465e6298076f215f7c325c68e28477edff6,b5587ed7302ce0ea0e464428ade679899c4321c14b35458503a055c5b5dd1cc5,457abfe020983dc1a15b9cd0a7045141f84222cb3d865dd997ba4db806aa5f6c,12,14,96,0,0,0,-0.024543315172195435,-0.02196219563484192,0.438348650932312,0.302280197540919,0.8784178495407104,0.7712752180440086,-109.0,-130.08333333333334,108.0,91.85714285714286,1,-2,-48,-0.06,-0.045000000000000005,6693c2c123b7f373fb8eb1ede2c90335c17144300296c810eee3c16346f149e7,037e25d003c7a7e429a8bbd76d70e9531b720410b17bf0831ca8cc7f356de2a5,targeted,tie,0,True,True
a0f184154fcf1f56a9323f86fcc8f996946ce6bdf09e9ed4937f1b62177d0777,conv-47,165,a0f184154fcf1f56a9323f86fcc8f996946ce6bdf09e9ed4937f1b62177d0777,8317068085fd8131e24a04291dc188bd220c5ea03aa71608a7b607ee6f18312a,6f1817dd563fc406cbf36121425c9e4d363cab14e255dccf0bbc202673b9ece0,20,17,87,0,0,0,-0.01870548725128174,-0.03585338592529297,0.3820197582244873,0.2337106794118881,0.863490879535675,0.7485873558942009,-105.0,-136.15,102.0,81.82352941176471,1,3,50,-0.15,-0.051000000000000004,14979ab0881a72246ae98928b2edd390d3bcc54683f22ffc664fe10a7e826faa,1050d3b6ecb27af0a93c3e63a545f57c7fb1a72e4b35e3ee964cbd10bc21a6b5,targeted,loss,-1,True,False
7fd7854abde3115a1f1b6c186722ad6d4bbadb7af44ac49ab78b8984bf036e91,conv-47,166,7fd7854abde3115a1f1b6c186722ad6d4bbadb7af44ac49ab78b8984bf036e91,23a9b7801fb0dc5939a5bbc338cbf6b79c984072af324297f4602480e0075b0b,8d4d337c5feb4a5805c229a21e4e57a3acaf2a145c3cda9d00e36504a2c9e3ca,20,19,76,0,0,0,-0.035890400409698486,-0.05530965328216553,0.4339207410812378,0.2933506488800049,0.828342616558075,0.737617458167829,-96.0,-125.0,94.0,74.36842105263158,5,1,9,-0.44999999999999996,-0.052500000000000005,3a08a3a62e3937d0ea82629b4df07c8061c329e94c8b371a35915d7ad1bac862,7f4353bb9c1de9c2f719a2ce281ecc4d1234efab5ec9e5c6a87bf01dbfc6b389,targeted,tie,0,True,True
d4ebbc1f047dc5f8c9dc612285084307a399039a598dc23cc0f8d94a8f0496ff,conv-47,167,d4ebbc1f047dc5f8c9dc612285084307a399039a598dc23cc0f8d94a8f0496ff,f364f6414aabc341fc0eedd1651a0f9c604d960a3df936b424c94e25d5330397,a6d9cb7e0a9750244c564f2e461006f4f5b721d1c54335c7da2fdbb84a593e97,16,16,99,0,0,0,-0.030532896518707275,0.007418125867843628,0.374377965927124,0.2734789811074734,0.8636091947555542,0.7220948077738285,-114.0,-142.875,190.0,92.625,0,0,-73,-0.09,-0.058124999999999996,06bf20100000ca7f077b49b1a0057a7747283414b03065cde7493ed69f2310b2,0c9e0ab678da4514f44f7d9a9189294877cc8c9eeda91e99a103a422600f58f9,targeted,tie,0,True,True
352e0f98c4c74716f8336136b5555031dfad09f66e444e0cbe631f4c698d25a6,conv-47,168,352e0f98c4c74716f8336136b5555031dfad09f66e444e0cbe631f4c698d25a6,e1b06bf188ea3a5650188652e0f6bc4373f4a8e6e985540c6181567d1fc3838e,c99d2c64f8c66f24603eeb9ea80438131fef416e0fc9aacd1c02a91c0dfca89b,18,22,78,0,0,0,-0.04185885190963745,-0.026397645473480225,0.38710176944732666,0.2788453963067796,0.8362504243850708,0.7165868580341339,-100.0,-135.38888888888889,133.0,79.5909090909091,2,-4,12,-0.06,-0.03166666666666667,f993bf39afc555d515794fb5f0641a4a1502b6c7d4501a89ba22a45aa4f47dcd,739b8ae0caee8f1b08fb0fa63362c82f25ae8cf36a81a36d1b7aac986c672321,targeted,tie,0,True,True
efaa2120d178c49c37e879bcd6e8077d5937aff523a78c4257342ebb76e2bf4f,conv-47,169,efaa2120d178c49c37e879bcd6e8077d5937aff523a78c4257342ebb76e2bf4f,643fe522852b3537c2f24e22f26f904588124efcce4cd275b74219beb6f6aa8f,50b855711e9a3a56c3e778bf48152609b96f60d84ce75232a79babf0dfa2f724,19,14,99,0,0,0,-0.03134530782699585,-0.03704559803009033,0.35819029808044434,0.2460371036278574,0.8811179399490356,0.7707605149064746,-114.0,-131.26315789473685,110.0,94.5,1,5,4,-0.24,-0.07263157894736842,85e18c463973e15ae5ab58c40afb0aa10b7941dda3dcb8f0b466636c83dc6598,96d654630d44c485e0915428a284b8a38567b44b212708926202078695d0d744,targeted,tie,0,True,True
530a137f452a3f0ee6bb88d254e5e6e634119c978794e693ced270475412119d,conv-47,170,530a137f452a3f0ee6bb88d254e5e6e634119c978794e693ced270475412119d,5a8b20dd9f31d34c10960a4132cd3407b63232e34d1c93813d93a377e5f80a98,59720a2b0775d5209ab85288abe00dba6e933968942812b87e04756f4d4aa0c6,13,13,103,0,0,0,-0.032482802867889404,-0.04136916995048523,0.3887779116630554,0.25570985904106724,0.8189631700515747,0.7488706249457139,-119.0,-151.15384615384616,115.0,97.38461538461539,2,0,-20,-0.18,-0.06692307692307692,7d19c0fa3ffad15ccb3ec87ff94ef9d12fa2c5b56b05a0f8c10fd17ed5fb2ebc,7ead830485c21d0140290f879b330665a7681255c5b29f053cb8f009a82f2b88,targeted,tie,0,False,False
f7ba11089bf942f1610d20d7402c33fdc3518977c084ce338e49c33905bf3fdf,conv-47,171,f7ba11089bf942f1610d20d7402c33fdc3518977c084ce338e49c33905bf3fdf,e249fbaa857d1e864fbb632ac7529a53d891e956ff701f6108ade3a05f0b057a,2fb11011e16b69d538d142938a49f9f6faefc818ab3da822e2394848272fff39,20,18,106,0,0,0,-0.022397011518478394,-0.03710925579071045,0.4051687717437744,0.24798974692821502,0.8701167702674866,0.7400121953752306,-127.0,-159.15,123.0,99.33333333333333,1,2,20,-0.24,-0.084,2e3e5c075323ea1b2d7ea643bee2ecdd35c8f1318f2c585904dc0c72d4d5dd25,3a5ba26d51a7798636735fe4e7b4d7c18ed93d9a4f457b032b741016d77eba5a,targeted,tie,0,True,True
02c3922dfed646d6d71945d0d996fae4e274cdf945135a5e077fe9f2422f9752,conv-47,172,02c3922dfed646d6d71945d0d996fae4e274cdf945135a5e077fe9f2422f9752,27f37c96b1142aeb8549611915924305bf906252b99a1ac5c7f8ec78a052d8da,eeb190c81b61f6f584143bd4dfa328e7123489dcbd734bb885a4d69677159238,17,16,87,0,0,0,-0.025934427976608276,-0.0252111554145813,0.3507689833641052,0.25028863023309145,0.8556251525878906,0.7395122461020947,-102.0,-130.76470588235293,125.0,80.125,0,1,-32,-0.15,-0.05647058823529411,ce466f0816a33107d5b4a2f072308c996a0c170ff739119ed6a61b848b23094d,1ec5809ee9d8a927208b87811f058daa596ae3f7f9e793e27d8a2ea681d869c0,targeted,tie,0,True,True
b2da72ddaea4d5c89f3aba5f212384707a0b57b4ca0c48b128017ae86d94996d,conv-47,173,b2da72ddaea4d5c89f3aba5f212384707a0b57b4ca0c48b128017ae86d94996d,28084fac33e028070e1cff63705db4f031a41173255dc55e7c367e6e1a95b9e9,30de1181bf1b5f16860eb51d5a2fc1a36c00314bb7c14f9303e44230b1a94a53,19,17,96,0,0,0,-0.020042777061462402,-0.032187819480895996,0.359281063079834,0.26805268777044194,0.8714770078659058,0.7341760256711174,-113.0,-142.68421052631578,112.0,95.82352941176471,1,2,-71,-0.09,-0.05210526315789474,facfa52b6610332203828127ede7284f4d2b430c07cc3515836eacf4c9262b0d,c7f65f5925a58276bb639af7ca7c229da359d9e67f0aa0ee31a70218d2a52b99,targeted,tie,0,True,True
b898ae81c1ff0f4430feb13af36ee7ff4601b1bdd51c923418cd9384a7b74b78,conv-47,174,b898ae81c1ff0f4430feb13af36ee7ff4601b1bdd51c923418cd9384a7b74b78,5a217066eb3d7556532c32212877d8101afbab7a63a674a4002cca28dfc5ef4a,ba84842474155baccf55a03d699fcf213ac20d4966d72a9d41fd022f072c4fc6,11,13,89,0,0,0,-0.03346863389015198,-0.027549326419830322,0.3857717514038086,0.25374453176151623,0.863490879535675,0.7267009615898132,-103.0,-118.9090909090909,101.0,84.61538461538461,2,-2,3,-0.06,-0.03818181818181818,af1ad84f926af5020ff9990c92d0ad83d0ac95a56c2a2d248c1cf31d3bf69541,0b62bb15697de7a92b59fb5df524498d6d9d0697c0b36886f9dba73f3897af93,targeted,tie,0,True,True
c88b2591bf48b141b4f7f31b9d418ab42517bdc3e778d4b8201bfc65a67caef2,conv-47,175,c88b2591bf48b141b4f7f31b9d418ab42517bdc3e778d4b8201bfc65a67caef2,b56a391b5ec1c4cf85d7f2c59ee20e26b7f04b256f1525047649dcea3779cfda,11d5b55fd4cfaf55cd50184395946483b2b6b26500629163970dbb96b539dc47,16,16,81,0,0,0,-0.042076945304870605,-0.04331508278846741,0.3747801184654236,0.260956272482872,0.828342616558075,0.7342221364378929,-103.0,-131.0625,96.0,72.5625,4,0,-38,-0.06,-0.03375,43710f7701eb2a593e5d59cfeac2156853259eddf159f2e6d4189bde01fbdbfd,2013b6dc695f0c827154ce93f5b1c32888170046ee750106ddc787b296003782,targeted,tie,0,False,False
540983fe5f92de32fc3cc362d6263d4306bd8f94fe6467e1867c187963b30118,conv-47,176,540983fe5f92de32fc3cc362d6263d4306bd8f94fe6467e1867c187963b30118,59f89a687b7e903a88288a44380890ea6836136d9ed24335fb48e21515d973c5,026959f797a7db42e542aed0be3a684deda3435d28be552a55802f07288ff508,21,21,85,0,0,0,-0.02616250514984131,-0.052843719720840454,0.39000582695007324,0.2478343475432623,0.863490879535675,0.7471731418655032,-108.0,-146.8095238095238,104.0,88.04761904761905,2,0,6,-0.3,-0.06000000000000001,f16713e4d9973fa3144b94c31a66e05f9d34bc1ed8985049bfd74dabd7c5c865,8f60f7f834122cd6e700c1e4a501f091c2890254dcd6a47cd0d22bd2e705120b,targeted,tie,0,True,True
f9a5d1d99e24a05b73fb7c2a0a72ac549cc0be11eb99bae57ff517939cc2f834,conv-47,177,f9a5d1d99e24a05b73fb7c2a0a72ac549cc0be11eb99bae57ff517939cc2f834,2a16fbeaaf7fbf13d75fd614818a0779909c549ca6446e57848095552600f618,a6efff468433f69c1a17821647a7854f40a08e67ae8ba5e48a058c3818b4c840,20,18,83,0,0,0,-0.02870732545852661,-0.055285871028900146,0.35566020011901855,0.26004457771778106,0.8765760660171509,0.757429407702552,-101.0,-138.85,96.0,79.94444444444444,4,2,15,-0.06,-0.03300000000000001,8bb3ff8089674959a5d8756d097cd3ec6a7992eddba3edd2b98ecebb46cd25a4,128033c91d0c49c042bbeffea28088a7f4523a8b985253faebc772aea33fb766,targeted,tie,0,True,True
c8e4d3f1244f8e8a25450273a3ee583590439276363dc58088078fc427d92862,conv-47,178,c8e4d3f1244f8e8a25450273a3ee583590439276363dc58088078fc427d92862,bb9218e957b0ffad2b87bc06d81e65bbdb18d62efe587735850fedba08bd3c88,973fb6acd9ffc9eda8a70c4e539449fd3490c7dd01b81be6a32bcdc11442f78f,20,17,76,0,0,0,-0.035616934299468994,-0.048581063747406006,0.35566020011901855,0.28505240976810453,0.8765760660171509,0.747104451936834,-93.0,-126.0,98.0,76.05882352941177,4,3,-1,-0.15,-0.03900000000000001,bab90e98113ec89b102920825da65f0c2247a224617e1a24ad53c2536c492133,b91e63b673b6dd473cd7bb2d32acc48b37dc67c1d426ffe6a83f11f13dad85b0,targeted,tie,0,True,True
dae73ef9056aa03944550e4641da7f01096de103d7d91383a64032f84eb244f0,conv-47,179,dae73ef9056aa03944550e4641da7f01096de103d7d91383a64032f84eb244f0,0db5914c0f1487445d14fb4d354efa4a00ae9307bd9c1f49e056309cde7ee73b,b78e512cb90a23e4cade37d020407b71a77ce09f6836e0b9a9a3875599f4e4e9,17,17,72,0,0,0,-0.030365705490112305,-0.03598833084106445,0.34290993213653564,0.26116079092025757,0.8784178495407104,0.7587829091969658,-89.0,-116.82352941176471,90.0,69.88235294117646,3,0,15,-0.12,-0.04411764705882353,af1d909a5fb8888fef4ea4ba02525bfacc1b6aede43626843e3ff102a724889f,adf626b3d1a0e4f3f410e50dbd7524d8519edb591c7debb00c333f78c92ce07b,targeted,tie,0,True,True
2615b9330a1cecb8fbcec94309031438e020545056f8add45e3fee8ecfbd0eab,conv-47,180,2615b9330a1cecb8fbcec94309031438e020545056f8add45e3fee8ecfbd0eab,c1cb6e012197e3c0b0e00464547258cfa8a5a08b27b40e1b2430f72e8d490a13,bf452f87b355aac832a1095916c93e1b4c61ae42d5561f8f3196c701081751c4,18,19,75,0,0,0,-0.0312688946723938,-0.03979623317718506,0.35494351387023926,0.24216685361332363,0.9151080250740051,0.7586738467216492,-96.0,-121.61111111111111,92.0,76.89473684210526,4,-1,30,-0.09,-0.03833333333333333,544905e52cba1d29f0092d57e6df5237cb1e4c823d6438d89bb6b2fe08dc3543,4146de0338828e95bc07bbc96e7e7432a49b7c02c73a87eda0b673d5fa35947f,targeted,tie,0,True,True
23519533ef55fdc6cacc766a5c76f312e12ee9c67d26bc6c372f6c08361f0134,conv-47,181,23519533ef55fdc6cacc766a5c76f312e12ee9c67d26bc6c372f6c08361f0134,1e4a55c2889305cb21ced477ee15c9509570b17e457a60e54bb2ecc984d65684,b515c9fafee27129d1745c7a1c904e7cfc12762352f978dc64d5f7dfd7b3e8aa,19,18,88,0,0,0,-0.02974790334701538,-0.05725774168968201,0.359281063079834,0.2430231069263659,0.908424437046051,0.7615995042853885,-109.0,-149.1578947368421,105.0,81.16666666666667,3,1,11,-0.06,-0.039473684210526314,9de904e70b5dcacbb5da9678afe0ef1a79cc7d854a6db0c90489f4a0330c9731,8fe9bf7c90ec1bad57b436660460a9169d9c1618ddb93e732172b7e7d8ad35a9,targeted,tie,0,True,True
05478c35a4eb1c0654e32a20e5f1517d165f3d05be7bc692f9f4bd6daac6cc1f,conv-47,182,05478c35a4eb1c0654e32a20e5f1517d165f3d05be7bc692f9f4bd6daac6cc1f,1f954f4addae0698f8926d3122a5ea39497752a58d58e30b6f881df949efe08b,fc34535eb9843319846a2efcc41d3e5f51517da3bb96e053d73e3e9bbbad497d,16,15,77,0,0,0,-0.043712317943573,-0.06912273168563843,0.3598187565803528,0.2614549659192562,0.8652951717376709,0.7273982922236125,-93.0,-122.875,91.0,76.4,2,1,39,-0.27,-0.054375,808ea912f12590a34f77e81d2cebf3d27a5701408f7adae29019da77cdd38a3d,e1034affba43eaa9f35e6ff26ad4de47231b3fe20b040f3d3d456d89a4222f39,other,tie,0,True,True
dbe04e1b2df9b1293c1075d2c8b07499d461210735cb12a9055ee97d4d9fe70a,conv-47,183,dbe04e1b2df9b1293c1075d2c8b07499d461210735cb12a9055ee97d4d9fe70a,da1b42ac709af1a3e5957d56bf45360a8ab5dc16b4fd86f9a2c8f2e9fc199751,bbc6ea9588c8ce165a23d26c106a8c3d7dd3793b4c520a259eb06753a53cd5d6,13,12,83,0,0,0,-0.047902971506118774,-0.05666983127593994,0.3151606321334839,0.25213082478596616,0.828342616558075,0.7575760781764984,-102.0,-136.92307692307693,95.0,76.41666666666667,3,1,-30,-0.32999999999999996,-0.057692307692307696,85d4f7ce9f21268b21640a66ca48f11c23755f63e93e9d3eab02fa3e1ae3ca95,df7f70ac67e9e0bec5546cb153b1f3d8c13037d9b54a0bbf2c677937ed8ebf83,other,tie,0,True,True
20f66983241c22833d6b18a410b936ba556f6b6d9f15b33447e44b50b542ab57,conv-47,184,20f66983241c22833d6b18a410b936ba556f6b6d9f15b33447e44b50b542ab57,369539ee5bd470f1378c2885bd604a9bd2c14903f7e6fd7264b3c25670e1f6d1,1a921776d1d825f89cac781c50338574ce3239706008e87342df245648609096,10,10,105,0,0,0,-0.037355273962020874,-0.02339273691177368,0.2793006896972656,0.21352170109748841,0.8236991167068481,0.7397047102451324,-116.0,-129.8,111.0,89.6,0,0,-6,-0.09,-0.06899999999999999,3e096a7faff7c8f253b63eca88676614b94ace34138190c65d03bd3ea3778643,78b6a9bba10d073a2092b201aecb928bf6c563fc35286f3a13047e90fd38d064,other,tie,0,True,True
d08b2853fcfc3fcbb6be8946492cc9b1d31a4ff860a73a7fbd3db21787c53bd5,conv-47,185,d08b2853fcfc3fcbb6be8946492cc9b1d31a4ff860a73a7fbd3db21787c53bd5,5e71168bcd78ecc81c3a8ca7f19d919efdfe70e620be452e5aefc1ba4fe7608b,b87135c8e91523b505c21de22871875d8b9e5c0ab189ba7bb712faefb0ad8aa4,13,13,98,0,0,0,-0.02683544158935547,-0.03514555096626282,0.3869074583053589,0.2638361041362469,0.8187559843063354,0.7471065108592694,-113.0,-135.92307692307693,110.0,91.76923076923077,0,0,28,-0.09,-0.057692307692307696,9a90f3a45037427f2dc89e1e1c635f25e876858173c832ecf17dc16f569ee06c,11c1e58146801ba4de70ea10b0751d48f8a00c4b7bb5b09a8563605155aedce1,targeted,tie,0,True,True
483966eb46814a5424b15088b8437c26939bcc79b1a2291fc485ff155334a0cb,conv-47,186,483966eb46814a5424b15088b8437c26939bcc79b1a2291fc485ff155334a0cb,0ba2b77fce12ed39f33789801347399f7e7c327b43c58eacf53cbbf28c5dab43,701b3f3e83a1b78a5a979f76d75fa313d99429728e2c4071f4c728e15627ec6c,18,16,96,0,0,0,-0.02209487557411194,-0.03275057673454285,0.38532841205596924,0.22505150569809806,0.8746145963668823,0.7434907704591751,-113.0,-138.33333333333334,142.0,91.9375,1,2,-41,-0.15,-0.065,0eb8e5ac67b31dac5a0b0acf256fa4fab2da83098bc2e8c446bf931231a95a8b,6e85fada5f2697d6872b5e2ec43ddd66dab46753907ff725f50a8decf7f1a208,targeted,tie,0,True,True
ec6d5e62b8a6643753041438e230bcc44c1f05932ff9be4ac70d22fb6e3a9318,conv-47,187,ec6d5e62b8a6643753041438e230bcc44c1f05932ff9be4ac70d22fb6e3a9318,91d7b00a2b24b81bbef54f634a3239b23b9459b9feddaf9cce272e3ad0821de3,5168f835730ab6d630e5565f1c67a65e427b230c2669e825a6215d539a381d27,23,21,76,0,0,0,-0.04251319169998169,-0.0516791045665741,0.42563050985336304,0.2737390554469565,0.921436607837677,0.7639795399847484,-97.0,-133.17391304347825,96.0,75.19047619047619,4,2,-19,-0.06,-0.037826086956521746,d21a6525b2434693c68c3854c7bf3a375f21dee340ebdf4cf75ed5e17a382c1a,b18e7027cb55890f2bc612022393e02f36792f082d74f76ad54a28911f744872,targeted,tie,0,True,True
c7bc760781c716877f8d667579fca3eb7758b4ccf759f8582d157fc9b9962a4c,conv-47,188,c7bc760781c716877f8d667579fca3eb7758b4ccf759f8582d157fc9b9962a4c,d07c4ccf00e9779ae62c54e28b0817dd7d85341331b70c623ecec3e40ff45746,fd3d6b984acbcd978a5c038298047053daf598ad8ca79e06b10d4e75892558be,13,15,78,0,0,0,-0.048157334327697754,-0.03964817523956299,0.4227694272994995,0.23219346541624802,0.8652951717376709,0.7445792357126871,-93.0,-124.38461538461539,92.0,69.86666666666666,4,-2,28,-0.06,-0.02307692307692308,dc15b1534b51ee6004e446df7a04bfc349e06cc998e0c873560a05f707fad78b,4e730db72f0b44236d7a7db280ef9f0fc5dc0aafd3c20792620bb88da697c4e3,targeted,tie,0,True,True
707e2a374d2135b04e3c99184194ae6680c45a730f28daae637bb6bab54c4a75,conv-47,189,707e2a374d2135b04e3c99184194ae6680c45a730f28daae637bb6bab54c4a75,9913d307da1c63c4b1451b40299cea988ec5b71411abe895f7aa89a258606cb9,49d4e88f10dfd005d116939daccde096d593329df554222b84b015c2a078e85d,17,15,105,0,0,0,-0.036506325006484985,-0.05843716859817505,0.3622814416885376,0.24285797862445607,0.8412299752235413,0.7543177962303161,-121.0,-149.41176470588235,119.0,95.0,0,2,5,-0.36,-0.09,3dd58845f9f21b3d8696be7fe0cb998ddf6eb3bb587d2c27ab15ddae09a9f144,683eb0029b8492f545564ed511d0e8b9fb6af84203276f49daf8a3d938b36290,targeted,tie,0,True,True
76fb31342d7a0494eb7ee5dddbf74977f5e60c66baf66fa696ecd1ca2fcd466f,conv-48,0,76fb31342d7a0494eb7ee5dddbf74977f5e60c66baf66fa696ecd1ca2fcd466f,8819d9438e8e2d284b71ac1f3f8211239b28a6985de459b9926b0af912ca78b1,5c4925091b439e7e455729e3c793baacba497c7136c9c5d1841764ee87b1f83a,17,16,98,0,0,0,-0.05453968048095703,-0.05366092920303345,0.3496217131614685,0.2415862188619726,0.9202011823654175,0.8039346896111965,-119.0,-139.1764705882353,112.0,96.1875,1,1,-27,-0.06,-0.04588235294117647,b68bd3404351d45fb747f667adfe6267511e506c025862ecda56a9202477dbff,8e80e54fb6845abcbb0a338b04e1fab671ac86aa9d27d00f6976afa87aa1f92f,targeted,tie,0,True,True
01f148113bc20367d213e33bedad243467b296858ec1f5033b0a51be66c40a17,conv-48,1,01f148113bc20367d213e33bedad243467b296858ec1f5033b0a51be66c40a17,3803dafa658a3e14a0d1ce0ee8aa3580fddbb9469a81ee32561979bb5a5d71db,47a4bf5be419709dccf85508b03692c971535efe223f099957f7e4ec8363d5ba,16,20,105,0,0,0,-0.03453373908996582,-0.03227066993713379,0.30693888664245605,0.23636562377214432,0.8586611747741699,0.7523706555366516,-133.0,-164.375,160.0,105.1,1,-4,-78,-0.09,-0.04875,428707c67a91e42ad1508e4ee23cd9d7195ed655ddf9490cd13d1273f6dcbfc2,0929e2edfab9c3fffb6b4cf445abf61eee5060a838c381dbc7d07b725e17ec54,breadth,tie,0,True,True
fc98d1837181b730466ea75059a6d2fa4d4ea957c28f3c8c8c701a11652b4723,conv-48,2,fc98d1837181b730466ea75059a6d2fa4d4ea957c28f3c8c8c701a11652b4723,182a101cae3db2f899083e6cf83903b8620fa2a5ac292c1679a12600db1c8e5c,228b2134af15274fa4b4f3a2eb18bcfd2a1fcd07bd41109d54d179b6af03f266,21,21,96,0,0,0,-0.027388691902160645,-0.14241436123847961,0.31874823570251465,0.22657869827179683,0.8789225816726685,0.7860089171500433,-119.0,-170.28571428571428,112.0,89.33333333333333,1,0,19,-0.21,-0.06,274c39c2f9bf523d3166ec36ecf446a59962534a0664295fcf01c2f49f382e87,692b6e91d046c9c29ae1e252994fba831691873c17c28cc422769e2f741ec50d,targeted,tie,0,True,True
c8fca544456a2fa37b1bfdfd1221bcd6b0ccaf2281217c42e2ce91002825399c,conv-48,3,c8fca544456a2fa37b1bfdfd1221bcd6b0ccaf2281217c42e2ce91002825399c,9dcbb94214660e6fb303dbaae1fdae36befa64b6d39e0ebf46eeb6685c411e83,384d8b87cd5a22e517513b632bad18d91714348676f5fd5aa286346614f2fbb6,15,16,99,0,0,0,-0.02018064260482788,-0.05557820200920105,0.30156123638153076,0.2004478891690572,0.8809125423431396,0.7726110704243183,-115.0,-144.46666666666667,110.0,94.125,0,-1,21,-0.09,-0.06399999999999999,afb01d7b8ec51041c88b3882ab89fa373ad8876803bad0cd3aa08c3ca38e99e8,805691559c37724d83edf5983d8c6176a5630296661ca7254c7431ab83233749,targeted,tie,0,True,True
6b80127ea03132330dc35f730839e67873555158f364f2ed7c38f27edc98e55a,conv-48,4,6b80127ea03132330dc35f730839e67873555158f364f2ed7c38f27edc98e55a,40a485db95d12a0024cbf0dd8039c50d6a180854555a6a6a96caebe905b298aa,833702c58770ffd1822d8db0036b5b37d727ccfb047d1c13e1696d10246371e4,21,21,97,0,0,0,-0.03342771530151367,-0.03770747780799866,0.3349910378456116,0.22805073431559972,0.8973612189292908,0.7808881061417716,-121.0,-150.04761904761904,118.0,95.04761904761905,2,0,82,-0.09,-0.05428571428571429,1ab3d81b44c4f3c8d5a52b8a034e5c707ca9bfe7551845caf839288c1cc9ea07,3d74aad9d885524430bb6b857b70e8560d6946ca0771bbb9f934fd65f65a0c72,targeted,tie,0,True,True
ca44343446c599d0fc0bbea8c3a37cf9bfbad2cdec2f0cc0dc78af14fd454c50,conv-48,5,ca44343446c599d0fc0bbea8c3a37cf9bfbad2cdec2f0cc0dc78af14fd454c50,ac6aecb7c253b0779d45c563d82811bb6c67f34b3a1f17d2fefbfc98514b6f71,d54a46851feecba71a2110c7743d8c5c161bf61e7852da02b1816ac278dbe89b,18,22,101,0,0,0,-0.033960551023483276,-0.02136051654815674,0.3349910378456116,0.21849966049194336,0.9179966449737549,0.781620442867279,-125.0,-148.33333333333334,127.0,99.22727272727273,1,-4,-8,-0.09,-0.058333333333333334,dcfb6579bcb829b4fcf9ea05353e0df674738a0bf505ef2b97b97e0713ac5e1c,1dba4a5b949ed71897014b263a9123f01d30b13bf5faf7554db7806a06ed3cbe,targeted,tie,0,True,True
2438d7a5a8f48a785e0ae9ced30abbabc3b04479e91ca918d6f0d12777036c00,conv-48,6,2438d7a5a8f48a785e0ae9ced30abbabc3b04479e91ca918d6f0d12777036c00,fddf1abb06600e797131feed350afa99c49bbf85567574b70b21894625f13d3d,36a06ea7b1fd05deebf3f0d782e3da92d7eb1f9acc2861c6024e7f8da354087c,18,21,96,0,0,0,-0.0316656231880188,-0.03858897089958191,0.3600624203681946,0.2302804489930471,0.8634358048439026,0.7661874464579991,-122.0,-159.61111111111111,225.0,96.76190476190476,1,-3,-8,-0.36,-0.06666666666666668,773091169270bbbde979dba9f85ab33d0c2989905bfa62248e819c47fa18e8f8,3ab732e7ba0a95572ad35b48a2806c02810c13573f8122980378076bbde9f349,other,tie,0,True,True
c9a2f599231086ba2258d4fdd76f6e832665bb8d6878cf3200e04362fb1e268f,conv-48,7,c9a2f599231086ba2258d4fdd76f6e832665bb8d6878cf3200e04362fb1e268f,c711893e9ea66b8982846bc3813cb192e23a60c510e88ed7db36912779d277ee,8a836c33741cadb91416ce197e9b6c7046a134094e9302981a1dc2583c276de9,17,19,97,0,0,0,-0.031701087951660156,-0.17851276695728302,0.33974194526672363,0.2310044765472412,0.8809125423431396,0.7803119075925726,-116.0,-157.76470588235293,114.0,91.26315789473684,1,-2,-60,-0.21,-0.07058823529411765,230a9035e01d788afffe92313fa68d1f56980a4792092c035287b456ebb714ff,e416c0299297de1f17c2a325033119ff05ac8b27268d731db8aac589b1bb267c,targeted,tie,0,True,True
931730822db59d7f0e6bc09b81f3773aa77ffa2abbcf5e90d6cae964fcba11ec,conv-48,8,931730822db59d7f0e6bc09b81f3773aa77ffa2abbcf5e90d6cae964fcba11ec,947ec79d211a023a9765c0950cab96a306577efbfb94c9d1c6874aab76a3ec44,4d3015b26f76c81cdd0d6cf3acbc79d8f852e99269cfb92a32caac6c5952fb74,20,22,85,0,0,0,-0.026969313621520996,-0.05012387037277222,0.3596898317337036,0.23644292652606963,0.9179966449737549,0.7903220436789773,-107.0,-140.2,117.0,88.0909090909091,4,-2,-18,-0.15,-0.043500000000000004,743bc5e2ed38c31921bbc1101abc923045def4c301018e55718f8fb66ad02839,eafc2b721c2b536d4dccf6de084972cd1705f17d89ed3801cf3bd1eb5d15cfb5,breadth,tie,0,True,True
545d1f7ce076e066ce523c8629e2bd5b7c34918a6638ec0adb82a2af62b6bc77,conv-48,9,545d1f7ce076e066ce523c8629e2bd5b7c34918a6638ec0adb82a2af62b6bc77,e21bb7c21923c77e92ec32ffd19a18d933f958e90fa2d9e58cad42820bc0a2e2,2cc342e70d915dbebf9420873adff1e7a991e5103a7eaa8c7f5497695ce73327,21,25,95,0,0,0,-0.030740976333618164,-0.11599095165729523,0.35379350185394287,0.2296296755472819,0.8789225816726685,0.7639917612075806,-122.0,-172.76190476190476,135.0,95.68,1,-4,1,-0.21,-0.06000000000000001,d3b876b3eb97cff3b798430b2b69135a0f59dd4f6cb17c637a221e39e59f27a1,efbfbc3efc0eb7a9d6030ad6b2909d69b72700a5302cb70cb81193284be2bfa1,targeted,tie,0,True,True
6b778f449b07560b5637c824c664c45414f56c04ba82699a4d180f678084f798,conv-48,10,6b778f449b07560b5637c824c664c45414f56c04ba82699a4d180f678084f798,8496c54e77d538a3489fe6d74a95f700a120ee59dbd7065564064f29cfd418db,359bb1421f45356b96850fda75eba9e12944485fb2b6133207b103550fcb96bb,20,19,98,0,0,0,-0.030753642320632935,-0.15763813257217407,0.43638986349105835,0.2245028793811798,0.8254072666168213,0.742128638844741,-118.0,-167.8,116.0,91.52631578947368,1,1,-20,-0.39,-0.06900000000000002,054652101ec37640e28b7685a809c93ff2df442425b559756a95cde735358671,23c7d1b47e35e0d968f42fd6970d38439aa571d33f54add955ad8d817189fe27,targeted,tie,0,True,True
7dead5801ae2f3200e6724c22a5284aec47a8eb89a6b940a9110bf8f4aa75ca1,conv-48,11,7dead5801ae2f3200e6724c22a5284aec47a8eb89a6b940a9110bf8f4aa75ca1,50e2bfbf8d16891366d35d53166f8401399297df616b517fe401e061241fc2e0,66ba62a1e7617b94ffdee6db12ad6e9b5e318d66f76e0505e59140272519dd76,14,14,117,0,0,0,-0.019315093755722046,-0.09130075573921204,0.3600624203681946,0.25798967480659485,0.8772576451301575,0.7743461940969739,-132.0,-171.85714285714286,131.0,117.57142857142857,0,0,-18,-0.3,-0.08571428571428573,1436903be2aaa5bd6e0bf7795b231d9df1c54070e7f031736adca0b3e71dfc70,fda940491e5af617434d9a55b1c8bf5ced3c387e1ea29c4c0dbb8aeef17a5806,breadth,tie,0,False,False
eeb1ea5ce8894f249ffa43bd67899b38bb66738032475b1e1d692028945cd3c2,conv-48,12,eeb1ea5ce8894f249ffa43bd67899b38bb66738032475b1e1d692028945cd3c2,6aa900360291ae787ae962bde269f80e4c10d0aff32a4e79870337e2ca3ed84d,c91622ebabb189e1fd9eecb29379b645a3f67e3bc328dd3a6feaa32eb39d8293,18,19,100,0,0,0,-0.025201141834259033,-0.04431557655334473,0.36104917526245117,0.22678319282001919,0.8763667345046997,0.798649085195441,-120.0,-159.94444444444446,121.0,100.3157894736842,1,-1,-29,-0.09,-0.05666666666666667,583a8f14efb72660d5b1331202e4df417a36cb2513bff721d5374a425a50c78e,7582ac41370873b05f331f5a1cd55d9fd571d31b44303551d8dac5113c700a27,targeted,tie,0,True,True
82c96b1ff0c73fbedb6af23c740770afd9e2e5c1d41305ae783cd4dbbe39e1af,conv-48,13,82c96b1ff0c73fbedb6af23c740770afd9e2e5c1d41305ae783cd4dbbe39e1af,b2b9e7b39c0451bacf3ff3dfa41d454479b245fafdfec37af6257ef40f7478eb,ebed37c47e6ff15df238f37d350264ddb16ab6e3b71caed45276bebfe57763cd,21,22,99,0,0,0,-0.027314424514770508,-0.04149806499481201,0.2785111665725708,0.2203788473492577,0.86569744348526,0.789917219768871,-124.0,-161.61904761904762,121.0,97.54545454545455,2,-1,60,-0.09,-0.05142857142857144,1b7597729827970bc838803dec1a10f7ea17eb532b53d88dbc567ddbd43e889e,28ce4ead8bab07ab86f03e731ac171c9244e41eb84b29030920dc0a0357c7d7a,breadth,loss,-1,True,False
86890a668099a8ba7584ef54f1d6ba79a24cbe70c19eb1a7644f4ad7e1369bcb,conv-48,14,86890a668099a8ba7584ef54f1d6ba79a24cbe70c19eb1a7644f4ad7e1369bcb,12805bc3b1397ad1b3490f7948891e2828befd1c131e7560b2e296f528d3b5f4,79d86d7b8ee0b07f2f9351aa9f7ff8236e856265f2013a0ad7859c64c6394bd9,21,23,90,0,0,0,-0.019192278385162354,-0.057278990745544434,0.3600624203681946,0.23728525638580322,0.8548267483711243,0.75907629210016,-114.0,-165.47619047619048,116.0,90.52173913043478,3,-2,40,-0.3,-0.05428571428571429,eb798c96b0e8f66f94f96549916e56954d4a3bac1b6223b7fbd051029ace227f,55e651d6a377276b2fbe0d5c8dba3ec5a767c28add3a0ab0eb01f615931f9d10,breadth,tie,0,True,True
295ee507c60d896241a17150efa2d3ab2c60b1442f7f4aaf5176673850b8c51c,conv-48,15,295ee507c60d896241a17150efa2d3ab2c60b1442f7f4aaf5176673850b8c51c,67d3aa9bc033fd103598ac5f4b2777344b0b027ea06eda8acee48f3dacb43544,035ccfbb0ffe1d1f547e1fc91f03caaf7ffe8178a212a9be211f4c32c7b34631,21,24,107,0,0,0,-0.029218614101409912,-0.06324657797813416,0.3446800112724304,0.2580910552115667,0.9001861214637756,0.7677131195863088,-132.0,-176.28571428571428,314.0,117.04166666666667,0,-3,0,-0.32999999999999996,-0.08285714285714287,265854292439138d93300fb5517628e557c675792ba610f36499c8cee61a6936,0a2310080bf873ab5992aa8bdea396f3ad81efc13522ded9530f3ed29335f1b6,other,tie,0,False,False
9320267606c4913bb8e593c4e06161509722b2e5cbd0c7948c2151e46b4823c7,conv-48,16,9320267606c4913bb8e593c4e06161509722b2e5cbd0c7948c2151e46b4823c7,f547d376074d0615aa4eb8a9da33317ef318947cd1f98c100e6020200f55f209,625eef575731c4d58e8daa0376c041aed4c5d03ef411b3b7a1883f683d2c7c76,21,26,107,0,0,0,-0.03415101766586304,-0.048868417739868164,0.3446800112724304,0.24911611136936007,0.8772576451301575,0.7834410988367521,-133.0,-156.66666666666666,135.0,108.8076923076923,2,-5,48,-0.09,-0.05714285714285715,d582b6972d04bf7b5f1caa294e615e1d823c7c7c09a5ef3c52ace25c14f6e623,73bca41e1c54bcfc0162c4ff32626ee2eb5c959960caa134e38cc871cd708552,other,tie,0,True,True
d870b1c54baa5498d57cf59ef4e4281c9699b139f560c22336a6dc61941a78cf,conv-48,17,d870b1c54baa5498d57cf59ef4e4281c9699b139f560c22336a6dc61941a78cf,1b11ed4e6d84f0cad7286cb5b8b9455a87325e77404e302b444d4944c0819c05,775e1ec3085fb205ab2af42e02a01c28ec124155adaaa035db4786fe9f2f4f23,18,19,106,0,0,0,-0.03223910927772522,-0.03871262073516846,0.3349910378456116,0.23385251561800638,0.9179966449737549,0.7712081325681586,-127.0,-154.61111111111111,126.0,102.10526315789474,1,-1,-42,-0.09,-0.058333333333333334,5f261bf7ff07f141759a6812f0c2bad6b95f54edda7f6ce5a8c122b7f2e6e26c,9b658f70f28fe8dea05363120203d3f36f13b97d6666c7d364242580fe7c0633,targeted,tie,0,True,True
e6257b0587893dc6cabde9895900e604f0243388f48d1fc34c1ba2f6eacfafca,conv-48,18,e6257b0587893dc6cabde9895900e604f0243388f48d1fc34c1ba2f6eacfafca,16445171a75c1cb82fa289052effcf99d65a9bfcd78de106e6932a21864087d6,6235d5b471725800166e5905545e2fbf433cf58667f8e9b8cae7a81f40f3fd27,21,28,106,0,0,0,-0.02738809585571289,-0.03197509050369263,0.34408998489379883,0.23344310976210095,0.9001861214637756,0.7740356262241092,-135.0,-165.04761904761904,159.0,111.71428571428571,3,-7,-79,-0.09,-0.051428571428571435,4fa795894dd72be9f3e54bbe6e00054ccd91af65c552ed8e2700f6fc9f00c0d5,87c144a34f6634754b83731ce603909009db4e4c08d0b8eee2647b60e81c4970,targeted,tie,0,True,True
46523bcf739906817716919bdb5f5ca842f80b15d5e40b2c2bf26f6e83a92b3e,conv-48,19,46523bcf739906817716919bdb5f5ca842f80b15d5e40b2c2bf26f6e83a92b3e,7ff1cd64ba12a73b571372db40a25899caf90668ccb13ef5cec2919a0c581981,ea4e078ccae5d968ddaf1a9813d45480fcbcd006c860c8fa917cfbd1ac766c83,20,19,103,0,0,0,-0.024184882640838623,-0.034871965646743774,0.29124927520751953,0.21042702198028565,0.8813555836677551,0.7827448342975817,-123.0,-140.25,120.0,98.73684210526316,0,1,-66,-0.09,-0.06600000000000002,1bf27cf5b47e884a64bdbeb4a5de722d9c16fac6540c84b4be8a5a4917f77536,b76eb8e01ef1fbd037ef5f842835f1fdf8b2de8a0b136c7cdab33570dee12f38,other,tie,0,True,True
ff96a4e05a1b0fc886ed3ba3236f50d9219f0c63b41777b22f611153b9c60eae,conv-48,20,ff96a4e05a1b0fc886ed3ba3236f50d9219f0c63b41777b22f611153b9c60eae,2f0b3cbe9b349e8d0713bab6372a3f51f12c7cd0faa13366b167a21543276fb5,cc0f4a5ab1e1c2c8570b3ab3ad571a07be90061a05eb634b15274a8a49e9cddc,17,20,105,0,0,0,-0.03711336851119995,-0.13839146494865417,0.36493372917175293,0.24098854906418743,0.9001861214637756,0.7859736829996109,-127.0,-159.1764705882353,123.0,101.95,0,-3,37,-0.24,-0.07235294117647059,a25635fb8037d20663339b3b67a8d7efb97d59d7097522f54b553ffc53ae4665,29a2c43f3999509452e94ef0074b74895d8fd82a8abdc6d02b54c242f2652719,breadth,tie,0,True,True
3a551c139aeaa378d54882b84b66453b41bf822434d1c6c19aa794a50116376e,conv-48,21,3a551c139aeaa378d54882b84b66453b41bf822434d1c6c19aa794a50116376e,134227a90db3a51c4d358ad42d6d3648329710b3878e2254ac6fd8bd30ab7dc7,ee0b772fa888745545f93487fad0326aeda37e3a33597d2d11a24ef58bc88d06,14,15,110,0,0,0,-0.02855589985847473,-0.036228448152542114,0.3358684182167053,0.25346975667136057,0.9001861214637756,0.7743429938952128,-124.0,-144.85714285714286,127.0,104.6,1,-1,0,-0.09,-0.05999999999999999,5dfb999da5cb61e7797d5d4a7fa5436421cbfd25318364763a382dfb41eb7cbd,2e3b7d00d005917194a867560db05d5f5289725167921842c28ad454a07110f4,targeted,tie,0,True,True
4ee7c03b9601fb9bb45fd143fb95b4df23568d2e55629f4738f96e59fb00799d,conv-48,22,4ee7c03b9601fb9bb45fd143fb95b4df23568d2e55629f4738f96e59fb00799d,19bc06faa9120b88832cdacbe5ac63746173dd4d510a5ff26468a71d969f07d9,3d3e1da8946648ad7efb2f430131e68220e11dd9d4b28dc1157a86546c4d8b90,15,19,112,0,0,0,-0.0302179753780365,-0.053371310234069824,0.3600624203681946,0.22595608631769817,0.8547488451004028,0.7601247931781568,-131.0,-161.0,134.0,108.47368421052632,0,-4,23,-0.09,-0.068,323421cffd617af3ca43217a4b5f039fa331f2eb55cdda0fadc75ec3ce5982e7,003ba43a734f4b790dcc9f1ee20a425a951283433c0e333ab41a53dd4c8c5a55,targeted,tie,0,True,True
f509a838a980317448b71fe0a74ce941bef839bd3bc536f0503e06f0415e409a,conv-48,23,f509a838a980317448b71fe0a74ce941bef839bd3bc536f0503e06f0415e409a,2fa92c68c9b0a855640268b667b6f5283ebd17d00d8b1b7944773b8dced9c411,88cad434d75c3cd9d12fa9468ed200bd2a6f39f22fb600f32c7b2493b242460e,17,16,97,0,0,0,-0.043555259704589844,-0.05704817175865173,0.36394113302230835,0.24257029855952544,0.8855358362197876,0.7861932516098022,-116.0,-142.52941176470588,112.0,92.25,1,1,-22,-0.39,-0.08294117647058824,055fdf43f6c62788946169b6c3b4663f0181a846783c7b1ad3048d481ef53f18,e5077596bd1b9d20e0d6f66e84afadf8968a46e7e077afacdb6080398d9db1f3,other,gain,1,False,False
d68048153b1b34edb22977cf292e772a7218206071b22055bd9cb6aebb15d979,conv-48,24,d68048153b1b34edb22977cf292e772a7218206071b22055bd9cb6aebb15d979,1ed6eea6bc0f79247a4b07f83b8ee76d26f241133b42ec18663ef88d6c8e5044,5ad5b147d06da3d26ca6ea9b21dad34965f8736bcfa11d69bd4847bf17ed0fb6,13,13,99,0,0,0,-0.016700387001037598,-0.0339755117893219,0.2969045639038086,0.20602003427652213,0.8904110193252563,0.8094892180882968,-112.0,-136.07692307692307,113.0,101.6923076923077,0,0,71,-0.24,-0.07846153846153849,d8559fe598e71b83244b62da8d851ca301ae9f7bf71e3258dc87856ddcf06420,b7617d026f04a7671b5f56b75a3d40d2d53213da215dbf45628c9efa1ee08ae8,other,tie,0,True,True
63d5f3d4a1e7b8e366f35d55aac61fe7408bd4ca1982d26228e6146ef78d8190,conv-48,25,63d5f3d4a1e7b8e366f35d55aac61fe7408bd4ca1982d26228e6146ef78d8190,3ec853623ade7152c27ae580114ac70d3045cc7dd2eacf4ab2a0ab7864a94dfd,ab67405ae2d31ede295a2a25d4dca1234e1812adeed78f2494e6d18ee31c0d40,19,21,104,0,0,0,-0.027661383152008057,-0.046215713024139404,0.3606374263763428,0.22067016049435265,0.8719114065170288,0.7576544767334348,-126.0,-155.21052631578948,125.0,102.95238095238095,1,-2,-41,-0.12,-0.06315789473684211,13bec973ecb1faed61ae5a63a13d94cda9c4233559c50c4f22d9a2d661d2dacd,05e1d526565ce1a1a8fd6220cc79ae37e1ef29c71197d97e653673bcf9f60922,other,tie,0,False,False
8ce3eb590866b08703baa41f60463af7d6f22f78b1672fe0e908ec04d551a5e6,conv-48,26,8ce3eb590866b08703baa41f60463af7d6f22f78b1672fe0e908ec04d551a5e6,a8e59dc2634708921bf0b686f987720713d7bd40d02b960bd502c481738b6c86,de5876c915d8bedf1d21d0dbd2b926fb4dc133aef6534a2461cf160d1290073d,23,23,94,0,0,0,-0.030054926872253418,-0.11966919898986816,0.35903817415237427,0.23810045356335846,0.8904110193252563,0.7739290931950444,-120.0,-159.1304347826087,117.0,92.8695652173913,3,0,-16,-0.44999999999999996,-0.06260869565217392,98f0c5acdd8273159407d76d7570473eb0f70941fb9473f16060517a5499f720,cf152ca1b4e11b44a1e886a6f8d5f08def0773b28e18325ea08eb6a7f80167dc,targeted,tie,0,True,True
ae445d578841513dba55b7db775453841226f5231d59426b5d1d1a21fe70ccff,conv-48,27,ae445d578841513dba55b7db775453841226f5231d59426b5d1d1a21fe70ccff,03c409b9ef445c0847ab90ef7c9a1d7ddd4940d62552288917ebd22dda50114b,76cfc7b7cf722a4ddc797b77585a4d73e59895b3d2d9e7bd72d7fc8579fe6523,21,23,102,0,0,0,-0.032831937074661255,-0.11391013860702515,0.3334340453147888,0.22244666587738765,0.8809125423431396,0.7919076577476833,-126.0,-160.33333333333334,125.0,102.43478260869566,1,-2,-11,-0.15,-0.06285714285714286,c61978a98dbc75202b91a9688264d454fdba046a3b83e9480014283b29d518a8,cbc0b890e8a1a665a60c7e355e71effe3f1dbb69e114a6138c99073366a726c3,targeted,tie,0,False,False
dec9f1fc6196edb2ab83276f8df7d947ec31b6dc96f258171b36fb46c7a4c430,conv-48,28,dec9f1fc6196edb2ab83276f8df7d947ec31b6dc96f258171b36fb46c7a4c430,1ba59c9b9d106b3c61aad21192f0dc3a663093fce07de0d207718b762d81288f,5f8815e8ce79de32e24f867c3bbbb635d8b282b747ee6e25f2b03408eb5b975f,16,18,101,0,0,0,-0.034451305866241455,-0.02845647931098938,0.3406217694282532,0.21932264417409897,0.9179966449737549,0.7961164514223734,-123.0,-147.4375,119.0,98.61111111111111,2,-2,31,-0.09,-0.050624999999999996,25aacd2f3e45f92c2570f9d56401587ff14215f5841cce8e74e38794bbc5b782,d5fc3d66f49edc346108a65618136977a504af83c8df103914dcdaeb5d306874,targeted,tie,0,True,True
01633a61fc4ec3a8e327436bd268b05250e759bbea2d639217c749c54c939053,conv-48,29,01633a61fc4ec3a8e327436bd268b05250e759bbea2d639217c749c54c939053,9e7460a2eaa0cded6fa1b14f82db53fa817b4f28ad8979e3b0cc3c677773ed7e,b6979ffbb2bdd8b3facf1c2c4e80208c07640660c1f0ba3d044865e255ee782b,19,19,88,0,0,0,-0.05218172073364258,-0.03436589241027832,0.3113834857940674,0.2328802974600541,0.8813555836677551,0.7901133894920349,-107.0,-129.89473684210526,103.0,82.89473684210526,1,0,22,-0.12,-0.05210526315789473,2fc0bdaefd7abf0af339cba89e2ec2a0ad44f2999c03523d3b1e0e0acb891235,0fcc82d88c0ec40cd91f3484305a24ab0ffa8fe04d0e7a1ef82e783577db5741,targeted,tie,0,True,True
f67342cff6d779a2208aebea46bfea776797a9ee4ae8dcb2c522a716963854ad,conv-48,30,f67342cff6d779a2208aebea46bfea776797a9ee4ae8dcb2c522a716963854ad,cebdf1b18577040497d07e86ef542fc2eb7ec6674069a94aa65f8f0a45b0131d,6f63d6bc241aacdab104ab99f6dd525b012c171372b6eab2455e3e8e38c78919,20,24,98,0,0,0,-0.03214466571807861,0.13870647549629211,0.3406217694282532,0.23744557797908783,0.9202011823654175,0.7932080005606016,-123.0,-151.15,343.0,109.83333333333333,2,-4,-57,-0.15,-0.06000000000000001,9c554632f4aae30e17b7c19c91ded7acedf7f88f219b4c497d0588e2a1a47979,b9dd91ef8e82ae0399ec02c495986cd2ab553843a9038f3edf45641a656734ad,targeted,tie,0,True,True
95a3914698f0dae8965dab5c5e892a45c8e1eb6b6922bfd7c232492638397c2b,conv-48,31,95a3914698f0dae8965dab5c5e892a45c8e1eb6b6922bfd7c232492638397c2b,75d8a0c411b8e2296f467ee446dc33a9116e79680975e2b4e6b18faa450d2340,b70c46e038abc8ddd44cb44f09eb9f8783d80fe296ea7a6e4661113b2a141e15,19,19,106,0,0,0,-0.031232446432113647,-0.05771547555923462,0.36104917526245117,0.2264914920455531,0.8563845157623291,0.7595344248570894,-127.0,-160.6315789473684,131.0,107.21052631578948,0,0,-19,-0.09,-0.06631578947368422,f656df3f0d025693da8c6357b1aa23d194423f82c60c8c8606e77fc3e8c600b9,3ee3111720ac735dfd505199e77479e3bf01d5943331a9542add6fd0d76b2977,targeted,tie,0,True,True
300c6e7c323c87ef88a8f1f4cc1b9246da58274694d3967c16cab20d8aea886f,conv-48,32,300c6e7c323c87ef88a8f1f4cc1b9246da58274694d3967c16cab20d8aea886f,2e384706adca22831931064b12684ed695c2aa2064eaa06d8893bf42df2b3596,4203028533bfeb9f51643bcd15dc04810f81e0aef890e9073cb7283c9d101c4b,20,22,105,0,0,0,-0.03089180588722229,-0.09208381175994873,0.31874823570251465,0.21070655286312104,0.8597857356071472,0.7925073856657202,-128.0,-167.7,127.0,100.36363636363636,0,-2,31,-0.18,-0.07050000000000001,78203f8d02cdd1ebae13935d5c0a725ffff57cb2a072291590a17631e3f36a8a,f2731d38eb299534b0f20babe2731bb8dc9174abee571cbd4294bbbd10024245,targeted,tie,0,True,True
a2a0c83ed4683c61be8994165b267a56570b83efd2dcc63a8c585d7e38e08b72,conv-48,33,a2a0c83ed4683c61be8994165b267a56570b83efd2dcc63a8c585d7e38e08b72,f257b482ae18641d94b62b85fe91c95200d5660d044326ccf0c3351d55a66dfa,cb73099fc32fdd0b7d657fc48a46ea907df19fe515da13ea1ca05f32c93f7ebf,11,14,118,0,0,0,-0.038361191749572754,-0.09965914487838745,0.356142520904541,0.23684511401436545,0.8634358048439026,0.777504346200398,-141.0,-171.0909090909091,129.0,108.14285714285714,0,-3,15,-0.12,-0.07636363636363637,576f3f9eb798102ca499109e43cd023c9ab34aefebdb528f60f913ecce04b2b9,2fb8d175bbf19bb8f42507ea98095662c88c11c648f4a902a561cbe552b4ea81,targeted,tie,0,True,True
d68e93ed3bb46f215aa00f837d443f80b151c7e8772d1500ad8be664cc81dc2b,conv-48,34,d68e93ed3bb46f215aa00f837d443f80b151c7e8772d1500ad8be664cc81dc2b,022f535244eca0892f04c545d3f0b16e0badfab417228b01aa24457173681d5a,36668a43763042814e720c4861fa1bbd5c2b8121f7c44fc3eaa747ffbe98cad2,20,18,104,0,0,0,-0.031065016984939575,-0.13550636172294617,0.3746681809425354,0.2308681309223175,0.8809125423431396,0.7720658845371671,-123.0,-160.45,121.0,100.33333333333333,1,2,17,-0.24,-0.069,43707a9c0ed4555c1a8b137dc43a7551323cfbed7539f881a8ac1c0088df49d0,d1c3d7839d390d036b716462519beafb0ee018268ceb09da45ffa0b96b284406,targeted,tie,0,True,True
c571ff048e7a4e6aef691f01b1ae63f81598fa8dd05d296fdd1013d9afccd01d,conv-48,35,c571ff048e7a4e6aef691f01b1ae63f81598fa8dd05d296fdd1013d9afccd01d,a291f46d54fb6704afac8e9d57cd102c7e9c0be01f4d4814a5faaae5cd56acd5,98df80be63f2cba7067c2967cc7bd6c1d3079a3641d5d5e8488cfbd9af760378,20,18,99,0,0,0,-0.025186538696289062,-0.04712975025177002,0.34635740518569946,0.21597094535827638,0.8457337617874146,0.7886584235562218,-124.0,-152.95,121.0,98.94444444444444,1,2,-62,-0.09,-0.06150000000000001,eeeeab59969c1b1007e1b7bbc351155b997d6b7738484f7584740069f78a9dab,36ab14dd7ddb854a552da398ca7747cf86da13012a88ff026a220c672924101d,targeted,tie,0,True,True
c4c5b239c0c41f9755834ecde1d683905176fe2b1d836b15aaa5378002d75baa,conv-48,36,c4c5b239c0c41f9755834ecde1d683905176fe2b1d836b15aaa5378002d75baa,5bd8b254964b00de560560f4b74a7aecbedfd2b04b645d056aabbcd38739ba87,805206db926afcd2352c12ed18d8fcc20b771ea2ae24e2bc5c271a0639349922,9,12,119,0,0,0,-0.029962092638015747,-0.0589677095413208,0.29046475887298584,0.2410835557513767,0.8369408845901489,0.7634443640708923,-130.0,-170.66666666666666,128.0,104.58333333333333,0,-3,-68,-0.12,-0.07333333333333333,5ba11752ff6814243917467d37478f438aa7ad20cefc9a6e69d2af3429afced0,12e6e337ab351d163a3ac0dd634ba6049d2a3f32436dc6385d5205338dc3e265,breadth,tie,0,False,False
5d9ca0e387317c13568499e8898320885db1f9e1e05e7bab901a70d2ef14c127,conv-48,37,5d9ca0e387317c13568499e8898320885db1f9e1e05e7bab901a70d2ef14c127,707974912cc6983b914ebe52c0d563329517127994c9cf5f9c2ff1ceef999c49,026d34a22753bd063994cae2f2696e45af356379d64912f0a1eb2652f4c0aa3b,18,21,104,0,0,0,-0.025089293718338013,-0.0371423065662384,0.32310211658477783,0.19951299826304117,0.9202011823654175,0.7834191293943495,-129.0,-151.0,128.0,107.38095238095238,1,-3,-73,-0.09,-0.060000000000000005,fd273a936b5dece8596fea19d0094698aa4120121a69007d02c06974d051327f,f4e71fc1bbec867c0243b55e955783043db3cbcffb83fdba607bf9d786e0d963,targeted,tie,0,True,True
a00e196680c6bce5d2b2a6f75a236581479179abaf2c7855edb5380276eda153,conv-48,38,a00e196680c6bce5d2b2a6f75a236581479179abaf2c7855edb5380276eda153,0e6739aa7539560633d2fd24033cd4ca50b1ffec8b4d9b53242fe330b179bafe,6a7811ce26ff4d45b5d66e65f59c477dce3d67b8ad41da872568941b1807df3c,16,19,92,0,0,0,-0.028070658445358276,-0.027840375900268555,0.38035470247268677,0.24397079646587372,0.8559628129005432,0.7771546934780321,-111.0,-141.375,161.0,100.15789473684211,0,-3,-27,-0.06,-0.050624999999999996,a3bd13818136b67f06e9f1e3125688c5020eceda426e7fb94a38f5baa2565e29,0d8bda14849dfecc8a5d70f8640e609f8aae44b6c77b4974e58b7fc1b009792f,targeted,tie,0,True,True
bffea0bfa1fc8e04aa8fa7784ae43773c5c13f51564d6880fe891504583cd702,conv-48,39,bffea0bfa1fc8e04aa8fa7784ae43773c5c13f51564d6880fe891504583cd702,9beabbdaa308234235615118147a0d72a2d1ec7b131ca7bace9f49f2284d7fb5,830feef6deeb87c77572140427094ee8f65f96b1d4fb3f00fd7f5312d6cf4d57,20,16,105,0,0,0,-0.042499840259552,-0.05130690336227417,0.35244297981262207,0.24391792118549346,0.8369408845901489,0.7717337161302567,-122.0,-146.35,121.0,103.875,2,4,42,-0.18,-0.06000000000000001,c4ddf270603b770f39f6ddfc480111cf6ed281c6523ed105b17adad3bf1a3803,1c2cc04fd6d22c38c078efc4e8f9cc8f3bdc0ac65ac72a1b7223535a29ddbfe9,other,tie,0,True,True
202b3faea42c34ac088efd0e55a1879da5ed857b376ef5c14ec002838327f10d,conv-48,40,202b3faea42c34ac088efd0e55a1879da5ed857b376ef5c14ec002838327f10d,16e678d3cc5fc5b18c39d3d911d2b720063de40e39d8753d743897036dbc61a0,e3057fc3dcc408ed67725990d37af36e574a29b04549287a528b524a0d2dfe1b,19,21,106,0,0,0,-0.03817501664161682,-0.03844195604324341,0.30535537004470825,0.22918904141375893,0.8802768588066101,0.768669551327115,-130.0,-171.6315789473684,164.0,106.47619047619048,1,-2,18,-0.09,-0.060000000000000005,27d997dc256dda354c7ae9b7e417b2941985560d655a05a6f02aa0956f6fc8e3,86fc5b9a2ec49c08b36aa654abe980fefcb1b65a4bf1165b445824dd336944eb,targeted,tie,0,True,True
f1422cf98c9e37e1e1f304107b5b2685174789b4b477756c03cd40cc95db5211,conv-48,41,f1422cf98c9e37e1e1f304107b5b2685174789b4b477756c03cd40cc95db5211,319298cc1497460fb63cc0ec7bed71351e9f0b77b23a70fe03d5f6aa326f5b9b,425f30dc6c0b2f44067e82d70a03e26aea9959792b074ee4a17154267dd98f1c,14,16,97,0,0,0,-0.04312872886657715,-0.09929201006889343,0.31682270765304565,0.21450955952916825,0.8339580297470093,0.7862283699214458,-114.0,-138.14285714285714,113.0,95.375,0,-2,-46,-0.48,-0.0942857142857143,4ceca4f655151391e94a01b2c8b88d4d721ef4c27e99e29488108b0ed830a194,8b4fa35f5d4faac1250f58d6dcac37e4ede2ebe3ef9f81d73cebb63f5d83b4e3,other,tie,0,False,False
722fab0467afd92af8eb728620be8e769e7c1534c4486f7a447b9db0f0565287,conv-48,42,722fab0467afd92af8eb728620be8e769e7c1534c4486f7a447b9db0f0565287,05c6f84ed9e448309ee88ba81022b4ec7f195291f741892b7797bd87674d36ad,71061a175d4866faa7a1c0765aceda75afa15034b76bbaf0c52229243b08833f,14,15,96,0,0,0,-0.02797555923461914,-0.04685330390930176,0.3367007374763489,0.24060243793896266,0.8768409490585327,0.7736303408940634,-111.0,-143.07142857142858,110.0,91.0,1,-1,-50,-0.24,-0.0642857142857143,602f9e8d02ed6cd3807bd13ded92616c8875aa887cdefc09e34fa399a5fca35e,78d4fc904e8ad4efa15bf5e541973b1fad72daa0c52418a1f6541f456ba9fe12,other,tie,0,True,True
044ec47640c81c08428c8dc5f0eca82b291bb96771915955c674ac8eaf94e6ff,conv-48,43,044ec47640c81c08428c8dc5f0eca82b291bb96771915955c674ac8eaf94e6ff,c4ca16902ea190944ec0a9ac2fd99c9903e480228ee23cd0b82c80365296d468,bfc399e35ade3d19f3e4e48bdb60c77458449ce750a5fe7a714687a423bd75b2,19,17,113,0,0,0,-0.0166015625,-0.13313746452331543,0.34831100702285767,0.21880588092302022,0.8763667345046997,0.7765471514533547,-132.0,-169.26315789473685,130.0,110.11764705882354,0,2,65,-0.21,-0.08210526315789472,31a9c7a08ed46a7883beec73719c136adb67a2bcb0e81fdc9d480253ed450e09,38d44a0d2866f13d6f7f19556c872e70983dd2bbf12f0e45eb37f3d520245859,targeted,tie,0,True,True
bc7d4c1e82cf3a8ff7a5696024499cfef87aee40de58a120b42309c5de9cf24a,conv-48,44,bc7d4c1e82cf3a8ff7a5696024499cfef87aee40de58a120b42309c5de9cf24a,5a3a432c7a75167bc7e2593a6916837afdf04dce8fcf8fe16247c63246717ea6,c5d754658e59b5adf7b5b2bc4f649f1d7112da819eb7ea4203aa69a3cb0877d3,16,19,109,0,0,0,-0.02401229739189148,-0.11171820759773254,0.2902325987815857,0.232568871229887,0.8763667345046997,0.7733112259915,-128.0,-169.625,146.0,110.73684210526316,0,-3,9,-0.21,-0.073125,e0178addf675bcc1469ce274fca0b1c8c46857f6491d6c5aea73d88a426f00e6,a2f2dea3c078af44c248bdf311984d62d56149f3032318f7c3637644f5505a03,targeted,tie,0,True,True
8d439f132ba884f9a625ada9cd66203fac2ba4487563623913c7088413f8763a,conv-48,45,8d439f132ba884f9a625ada9cd66203fac2ba4487563623913c7088413f8763a,831781922a1d6be0df43d6c2839b5fd024348102be4d7f106f273cc6190f8f72,dcd7b181ed523920c7a6627ac6cecf52d0339e835223b94e991aa0c5148a9537,18,22,102,0,0,0,-0.0333276093006134,-0.065589040517807,0.35222703218460083,0.2621351381142934,0.9179966449737549,0.7865956940434196,-125.0,-154.38888888888889,246.0,106.95454545454545,0,-4,-50,-0.32999999999999996,-0.07833333333333332,e6e0ec1c0cd160955eb3a2ce0c5fa613dd0fa70fb2f9a4501b74ca3e376b59b0,e33a2df8ad9ed30a6a4d2f6e0cd3f4c381e1e4366ff6da93cdf6be98a1e51438,targeted,tie,0,True,True
60db889550ae310bcb30e31179421328b0ec165108e364b2f27d7017c9685127,conv-48,46,60db889550ae310bcb30e31179421328b0ec165108e364b2f27d7017c9685127,1ffa68d043c8b5493db2c77327e825ea266f9abaa07b7de77045459437e46e50,b34dd316494eb34d9c780fe0bdcaf836a4129444b7f519802b9f0dd45471b0f4,17,17,100,0,0,0,-0.032190173864364624,-0.05644211173057556,0.29419392347335815,0.2122238278388977,0.9001861214637756,0.7742154422928306,-118.0,-137.1764705882353,116.0,93.41176470588235,1,0,7,-0.32999999999999996,-0.07588235294117647,65a9472eb8ce6d515a91a659ff59d3959a46375982d4f83eb86f54949b7f6d2f,7bc6e7fbd380d462335e9d268df2c1d0b72c8c88aff89f516c13a96c9a2a3ff1,breadth,tie,0,True,True
1c79d4104da6255c0a71c2926949c06987ee2520c990bce1ca9f4742fe9233e3,conv-48,47,1c79d4104da6255c0a71c2926949c06987ee2520c990bce1ca9f4742fe9233e3,e0bf73509fa56f74d3dea0784927947ef2c8e685a46a8d16f3f1409cbbc5b33e,8c059e22f1cea54df5d5bd7bd1019350906fd2a2afa57c7a23bcdd4324f07a02,16,15,92,0,0,0,-0.02325493097305298,-0.045894086360931396,0.3386976718902588,0.24073798954486847,0.8855358362197876,0.7850766023000081,-109.0,-135.6875,106.0,91.33333333333333,1,1,-6,-0.36,-0.07500000000000001,6795873e3d31ff6f071af0552c0e1ba1af652f23bce6987f8df3044b9464c080,3a7ca78403521ec7d023c55d6c7a68373ef340d8f6c0164e9fa654dce612248e,targeted,tie,0,True,True
935af96abb51d7750c35e1c1191b7765f8c754912f471076df668452392b86a4,conv-48,48,935af96abb51d7750c35e1c1191b7765f8c754912f471076df668452392b86a4,8f422535c4331b242999b8692a35281731fd7c7d1ece0cf42867b2de33db34e7,01684c971d9d72ec45b5070dfac9b0df2748090b6e43eb9540bc21f6307acdb1,16,18,95,0,0,0,-0.03053906559944153,-0.15375858545303345,0.33974194526672363,0.2328098602592945,0.8809125423431396,0.7814819051159753,-114.0,-151.0625,110.0,87.44444444444444,2,-2,-61,-0.21,-0.058125,1e33cf5d302da830d5f27fe375280acb0af434b7243e442b189e60c47bde94f4,27e36a7889d1cc27eda610024bdbce559af784ca3dfd1270cac7a18155a65b8e,targeted,tie,0,True,True
83c6a89dc8f8c41b24090b3cd336826d755f133a1c736a8dd0c10b820006cef4,conv-48,49,83c6a89dc8f8c41b24090b3cd336826d755f133a1c736a8dd0c10b820006cef4,b6303169c833b618f3a6cf763fa5944d123a957f1f257a5b18e06e205bff702c,413cdb8a18fefbe4d01411a264fae5ea0becdaf8c6240ad36e3f33a63cb924ae,11,12,91,0,0,0,-0.047163546085357666,-0.07718384265899658,0.3946571350097656,0.27207940275018866,0.862700879573822,0.7749887903531393,-104.0,-134.0,103.0,84.0,1,-1,49,-0.18,-0.05999999999999999,3d75bf5a76608f67d1299fd419fb1d337014231acb0c9fc36c158aeeefc5394e,72f9c3e1471a47c4e60b2c7f82f834b4d97d3c90b22694d028f21ded168ed160,targeted,tie,0,True,True
50f148f1cce65aad78fbce6c587f4bcef621bc868b838ac294852441346d4ae4,conv-48,50,50f148f1cce65aad78fbce6c587f4bcef621bc868b838ac294852441346d4ae4,c6cdcf030eca6aa0a42008babcabff140d2649f6d461d7cee27d803d1ab138dc,7801b020b9847f16f5cf6aad36a4479db8b1f892798b04c4d76cd88f6149a3e2,15,15,87,0,0,0,-0.030641138553619385,-0.04522299766540527,0.3268301486968994,0.24529112974802653,0.8855358362197876,0.7631683071454366,-102.0,-130.46666666666667,103.0,84.06666666666666,1,0,54,-0.32999999999999996,-0.07400000000000001,5fe1d7b58dd294d0d3e047052060013d9edac59108b7bc1d04d1d14e97c0298a,14f3a8a4ab68a2554e69357fed07e114f9b2e14897683c2e085a87d6e543db03,targeted,tie,0,True,True
d52e629e90f77679dba9f71bf8327bda79bf560b32ec025e5466d92d7b5f0984,conv-48,51,d52e629e90f77679dba9f71bf8327bda79bf560b32ec025e5466d92d7b5f0984,492d47b0d80b7707167639a74a5568b339d4f868b329836ab33209133f348ffd,82f16439f30c5fb9864a40ba6a234958f6ddeae27b8225e4ae4ae118df562433,20,24,99,0,0,0,-0.03355023264884949,-0.05698332190513611,0.34648406505584717,0.23310135900974274,0.9001861214637756,0.7860111196835836,-126.0,-164.2,182.0,102.5,1,-4,-15,-0.39,-0.07050000000000002,d86b920d8c8205c185a0a201623a3cde53a4420331af34ba03c15d18fb775377,9b14eb12ca739795eb31d9515bcd8ea7e8860a33d336465e989f3ff34f5b85bc,targeted,tie,0,True,True
02aec2959aa44faf31689d1195041beffae3317f0afe259b9545ecd5c55df345,conv-48,52,02aec2959aa44faf31689d1195041beffae3317f0afe259b9545ecd5c55df345,53706fd08a9b8359a563c1d61f54650efb9b148d5ccf968d786d2420426a6c0c,9542ce04af9d196c4b252fe1cb91acaa153721abd5f945c5aa527e8c0336fec4,18,18,97,0,0,0,-0.03861212730407715,-0.0471358597278595,0.3753688335418701,0.25446949402491253,0.9179966449737549,0.7911017802026536,-116.0,-141.44444444444446,113.0,96.27777777777777,3,0,1,-0.21,-0.05666666666666667,495b4de5baf6198aca7d828af1609c2d463e303efac94d3cbe19c17eda60075e,99b88f5de17a633044a84113fd8d1c4241379e2135e21f6fc2607a010775d038,targeted,tie,0,True,True
d77f0030b6ce01e831798310dad50bde2de0ade477800f68e8ee2bd7e0036c47,conv-48,53,d77f0030b6ce01e831798310dad50bde2de0ade477800f68e8ee2bd7e0036c47,d17e27010c51373f4a8a6a3e697420ead6c9f2cfe66e632ba67214e591786e97,77b80fd4dd5778881ecef29f91ec20aa9b2f3ca4f748fdbf5096949fc06c87e5,16,17,110,0,0,0,-0.03704655170440674,-0.13270291686058044,0.29124927520751953,0.2027091234922409,0.8973612189292908,0.774204177014968,-130.0,-169.25,127.0,103.70588235294117,1,-1,65,-0.32999999999999996,-0.07125,1ad5b3249757e61792d2e7c4730ab8578fa54628516a68ad171e894cee5da157,94ae6c011a3e99001074beeb4580dbfbaf4f5bae9eb79219a145a331d02d48e9,other,tie,0,True,True
3ffe6e060e8b8c0b904245990b7ed12b101b1c317d5987af97a697b4cc1759bf,conv-48,54,3ffe6e060e8b8c0b904245990b7ed12b101b1c317d5987af97a697b4cc1759bf,5ffaf816a5c3ab6d4cb6ac16d5cc6863823ca753c58a7bd14f65a4fea9897a49,a80fcf0ff9eb22c13afcba9e6df415eb161d5fdf900dce5352efa6986beb5c8b,18,23,110,0,0,0,-0.028083384037017822,-0.09750473499298096,0.3774445652961731,0.2529964678817325,0.9001861214637756,0.7541508156320323,-133.0,-175.94444444444446,134.0,112.1304347826087,0,-5,-46,-0.32999999999999996,-0.07833333333333334,f3c4f44c4b1ac1ac76646d8c48b0a53b59729491aa9b308453f4efd834db9485,73e8068d6df2ff65cde4100e2ed683fd41ba4ecb741a8194e8090757b5b483a8,other,tie,0,True,True
b9739ecc96764b67242ee860d3c308967d6b83aade853410a31534e98b71fab1,conv-48,55,b9739ecc96764b67242ee860d3c308967d6b83aade853410a31534e98b71fab1,dc3d3429fba17a075335cbf8fecaea5c52375b0b6e61f6a17e0456adf17bcbe5,cf60191464a9647117b1a79c5f8d10c90c9627d78448f8b25abd3eff420a76c8,18,21,112,0,0,0,-0.031021922826766968,-0.04058751463890076,0.34408998489379883,0.2552379502190484,0.8563845157623291,0.7739934381984529,-137.0,-164.83333333333334,130.0,107.80952380952381,0,-3,-26,-0.09,-0.06333333333333334,87d9666d47e0daf81a7657f05fa75b8ce691449d211ef0e4f4651870aed88f55,037683c8e6433de91d0ba157fe24fc3031d3fdb2490a2592552c58c7ff90fe37,other,loss,-1,True,False
baeede5785a36efc6621bc71e4a75fdc91c14602b1d5dfb4d2422ba29fa3e08d,conv-48,56,baeede5785a36efc6621bc71e4a75fdc91c14602b1d5dfb4d2422ba29fa3e08d,0b42e23fba43c57e77f9d4adcc61ff59d312793ae57c887e5e5381fefea0233c,bc46a82e4c96d5609476e502f679fdc060a60e38897e5d222d6c1e035a1ff13b,16,18,97,0,0,0,-0.030407965183258057,-0.05011487007141113,0.32708680629730225,0.21663933619856834,0.8234068155288696,0.7745120227336884,-116.0,-142.75,115.0,93.22222222222223,2,-2,12,-0.09,-0.045,e097ec121f7620fab3d3873f7d386bd5cdc945076943124e8d78c831a8ba3f93,11abf946c7eb1f1f2ad3b3b232fac6307033448ac95733ae6fad70b1c90ecbca,targeted,tie,0,True,True
5aadb9dab3a2a95a199a6b847fd3f19d369ed752da5e198046d80672ed6bce4f,conv-48,57,5aadb9dab3a2a95a199a6b847fd3f19d369ed752da5e198046d80672ed6bce4f,e6643738f4897b75ec5681b5216c5f1f8faea73dcfb569ad3b6133118caf9110,04f9808c1cb1dbcab8717615811251e0885f1dad8ec27034687a0c3e9202153d,19,23,102,0,0,0,-0.030374258756637573,-0.12511271238327026,0.3334340453147888,0.2314850217417667,0.9179966449737549,0.7861118627631146,-126.0,-169.94736842105263,123.0,106.82608695652173,1,-4,0,-0.48,-0.08526315789473685,0f635a013f3ebed2f4b8f08f9c7ff9dc32da41a1c45640aaa0c90f1f98e2513f,ce0a3f5036806106ef8a863daa1565e5f51ca895798de6c5e717ab0d8c4d18b4,targeted,tie,0,True,True
3abeaec687119d6a8032b8a7b22704574060d8943886721521a5f53ca3bfe240,conv-48,58,3abeaec687119d6a8032b8a7b22704574060d8943886721521a5f53ca3bfe240,eff1dce2c27cdd2fcda6284838daf1de75c03ba9c7d3824567f646c2b24de618,25ef723c84e5e8c597e263b3cd1115b1b865465c1ecdcac2a6dbfee6c8806a7e,12,13,116,0,0,0,-0.02932596206665039,-0.010167121887207031,0.28668296337127686,0.22992666562398276,0.8507752418518066,0.7722163429627051,-134.0,-159.75,186.0,116.3076923076923,0,-1,2,-0.09,-0.06500000000000002,b0e7865c8166fce4dc351cd5e823006673e762a32ac3997ece5469f86a3d99eb,27d47b9f24ca7e3b68a4442accb6f259e447a125781a5863bbf15dae02b7165a,other,tie,0,True,True
d6ea574fcc1b6b175dca0fa0f5e276bdd380d6d3b9b4d04fef51b14fc976f4ac,conv-48,59,d6ea574fcc1b6b175dca0fa0f5e276bdd380d6d3b9b4d04fef51b14fc976f4ac,f5e67efdb2e0da713072cae21ba3e686d29fb37fadbf7a79b46bad7bd59f32a2,8f0532ab2eb030ff05fdc164ba49dda3e23dc0a6be42ec1aa29cf72d3fe85b62,12,12,119,0,0,0,-0.03830525279045105,-0.16703522205352783,0.3600624203681946,0.23921618858973184,0.8763667345046997,0.7545368075370789,-134.0,-177.41666666666666,131.0,107.58333333333333,0,0,-27,-0.12,-0.0625,6b687e42d400a06cfb147f5e52864b661202333c656fe3c1d2597dcf7f589f50,eaab80147be344913817fc140f60974cd546d0734b8a325a555341c94d3f0629,other,tie,0,False,False
1c8a888f96f9ec5720e5649f188c1f898edb33f3fd43929809f6ab3dddc9ab13,conv-48,60,1c8a888f96f9ec5720e5649f188c1f898edb33f3fd43929809f6ab3dddc9ab13,06ccaf33fd3fc39da8131a769c20a10741ea7f594f6784e9cb8bf6984197f26c,c3b5676db32472f30b69d08ba09c4526af307d956d52140f20960044ebdc8fd3,16,14,89,0,0,0,-0.030967772006988525,-0.206093430519104,0.41778337955474854,0.2810409218072891,0.8184916377067566,0.7711457141808101,-105.0,-158.875,103.0,86.64285714285714,1,2,49,-0.3,-0.076875,03a18424009bc08d9131a893445eaafda03d77e6296356077bf80c78a90fcdb6,1428383e507390300d05276d4b4ba5e4810e3d6fef68ab76b2891b4bd73e08de,targeted,tie,0,True,True
5051eecc2c3385fa52abb3b272cda608a5374319d22c6576d1f3fef36ac2abed,conv-48,61,5051eecc2c3385fa52abb3b272cda608a5374319d22c6576d1f3fef36ac2abed,ebb32b6f0f1304e755cb3ac9d0eac6a017ab2f4176284a00ef09e290fec8d973,dbc352e4b6871c841016f99347d43007d72ea648424c67bffb80c0905bf6c6cd,14,16,103,0,0,0,-0.030904442071914673,0.1379653811454773,0.32020050287246704,0.22390028408595494,0.8809125423431396,0.7531731277704239,-119.0,-145.64285714285714,341.0,118.75,1,-2,-20,-0.12,-0.060000000000000005,c6847335dd76f65c0434018c56b6b5271d7c6f82bf7e38717ccf26bb68be94ba,d6b97d8edfb456f9775a7de5e315979486040ae82f39129b7f9b901cd1016bcc,other,gain,1,False,True
ce2e1f416b9727c6bf5f0c0ea7185e16f7e167fb1f55a951f2366b05bdc7db7f,conv-48,62,ce2e1f416b9727c6bf5f0c0ea7185e16f7e167fb1f55a951f2366b05bdc7db7f,7f6829baae5581421e2a4134ed12f5c7c2dbad17b357994b8d8a905ae8c32191,e577fed206ce4a17fdd498f77550a45dbdc6dd34cfcc02f0e2d01a841ff42d4d,19,23,110,0,0,0,-0.04572230577468872,-0.07032734155654907,0.3506500720977783,0.22483967479906583,0.862700879573822,0.7886042024778284,-141.0,-173.21052631578948,130.0,104.04347826086956,1,-4,17,-0.09,-0.05526315789473685,e387caf988d9cc5f36a9571798cedaa33a12d682f0dc121d225ab8097190bae9,c167b70eebebf37cd64eba554792eb347cedd4a6059a6bd577d0bfbb38259061,other,tie,0,True,True
137ef15a2c1d5ed15bdd788ca282432c456377f29ab43fad2c752e83a5ac985e,conv-48,63,137ef15a2c1d5ed15bdd788ca282432c456377f29ab43fad2c752e83a5ac985e,54e80d5c552daed55fd94afed32eb8a4e7eeb8806629fa32d65e60e9f2838bb4,2289170920ee4b197bb281e113ebc9aa0f3520b25c31e3d1c71d725911f1000b,17,22,115,0,0,0,-0.03447255492210388,-0.06548658013343811,0.3774445652961731,0.2688165727783652,0.8547488451004028,0.7699923515319824,-137.0,-170.76470588235293,136.0,113.63636363636364,0,-5,12,-0.09,-0.06352941176470588,5d405d1904739790cf40dc5730fbe646318871fee7d332677b13d1342d0e2d88,721f44fc5f25c12c2ab5dd011a768aa3ce5e809d046ebeb984d087bd2f214425,other,tie,0,True,True
701d8392aac196e400a728d2e5e02c1da49caf9463b8ae64140e8792ac1d22f7,conv-48,64,701d8392aac196e400a728d2e5e02c1da49caf9463b8ae64140e8792ac1d22f7,d2c4bf2d345e53f0809766a9cc152b0d3b8a1e1a351c18df3b070030fb73f882,c6f8a9d46dabc8cc3334e6127c49b4f914e0e62f15c44607d8d58bf0d9dfc8d1,16,18,120,0,0,0,-0.05094718933105469,-0.05358871817588806,0.35924988985061646,0.256316963583231,0.8547488451004028,0.7728098862700992,-140.0,-165.625,136.0,110.66666666666667,1,-2,-20,-0.09,-0.060000000000000005,5f397ab6d2e384247ae8aabeaf66486459a516a9f27f3038a2e32f7eaf2c58da,638b9bbf08d7adf2d883f74549e7610e4f80c896776079688bce3692a4b69220,other,tie,0,True,True
99671372ac81205516693e7e1882710ff934348fec625fe912ed7bb761215fc7,conv-48,65,99671372ac81205516693e7e1882710ff934348fec625fe912ed7bb761215fc7,13e5faa03afd05af6686e6b195bea8403bd1f7dc0c97da8df5213e3a8045ade0,8d9ee179e598cabe00e177563f1c1d6d1c84a81b51bbfb505f9ac5a3763490f0,25,19,97,0,0,0,-0.029889583587646484,-0.09771054983139038,0.4634668231010437,0.2559486818313599,0.8768409490585327,0.7733403475661027,-118.0,-156.88,116.0,94.89473684210526,2,6,13,-0.39,-0.07680000000000001,b78a12a25cfb6b9ac84a9c18d16c241bb375cc0e9bc27e3c808a9094595734ff,f4c1930151023875f2ef287c88fa0a7746748b6ba0e041e437e348bc484900a5,targeted,tie,0,True,True
4755956f4499e31a54193b1235c78db1fc9e91c92190c8a03c8b580298569f41,conv-48,66,4755956f4499e31a54193b1235c78db1fc9e91c92190c8a03c8b580298569f41,0a8d197992f0a67246d0d136bfe5d350f9622dda1e30006b9fecb098fa213393,091bb654f5c4ab9e1fcd52a3d0af375b23ee0f67db3de172b48ced1583d375c1,14,16,104,0,0,0,-0.044382065534591675,-0.052621036767959595,0.26686668395996094,0.20733463764190674,0.9001861214637756,0.7924804054200649,-120.0,-148.64285714285714,118.0,99.9375,0,-2,-75,-0.32999999999999996,-0.08142857142857143,ee4ff51cd513870201c13bd8c2e4fdbce236cbb8940a2f1e905977ef9e0123dc,de71029fd205b382b8d4a1cd8189bd4a6432465490806c012dc4460af64da7b0,targeted,tie,0,True,True
7b392128d9be42a6713d4872ad19fcc8b50116c1c5abeedd4f9e9c89be37fde3,conv-48,67,7b392128d9be42a6713d4872ad19fcc8b50116c1c5abeedd4f9e9c89be37fde3,2d806d9f2cc31ec243b8c0a133f2115d1a26b4dfd8154d6fb17dd405e3604b90,e473d18e92693e209ce2dc59c6b91f7d75f0537f4b639506214de32218b06746,13,15,104,0,0,0,-0.03800046443939209,-0.03644001483917236,0.33404433727264404,0.21849079315478986,0.9202011823654175,0.7974950393040975,-124.0,-144.69230769230768,119.0,101.66666666666667,2,-2,-34,-0.09,-0.04846153846153847,55664f657c508709ca79206283e8c695afbbb1b7de29717bf35fb9c8c0c01300,10804c42e567a4a5e38a4f1647cec606338218564fb5ea24b7bddcb17b3774f7,other,tie,0,False,False
c05ca9e7a9866330a33ec0c9a0c7372deba5545a12bff3c4f4538aea162bf8c0,conv-48,68,c05ca9e7a9866330a33ec0c9a0c7372deba5545a12bff3c4f4538aea162bf8c0,343cb9bb6707ffdc3c01c09458d64c7d3caac9d1e1df52ef5f917d781714d471,129da9b0175cdbd0de6b4a2a7b187485fb99e891a5e53a8c4e333322124af653,21,22,104,0,0,0,-0.03609856963157654,-0.051639705896377563,0.3109246492385864,0.22541827247256324,0.8789225816726685,0.7923179079185833,-132.0,-159.33333333333334,126.0,106.86363636363636,1,-1,54,-0.09,-0.06000000000000001,81f5249c34eb53b18aed9573cc48c828c653e370a934c58f612353be50852abd,72d65eaf7b5ea331577f3eed8206cdc5b280597e9a250382a70f2c6e9bfc93cc,targeted,tie,0,True,True
037b0cf38119676691a455069347615625e0f25d4c8e5f856fe34ffc4b143e16,conv-48,69,037b0cf38119676691a455069347615625e0f25d4c8e5f856fe34ffc4b143e16,1bc36165c8e304702a599c3f1c4a05ecb8d23d3ffbe1bde601994ef17411999f,3819fc2c4e7cbe955cfacd8cd03ccbab987d0e91b79ee5106f093d44cc098364,12,10,117,0,0,0,-0.039280474185943604,-0.06309807300567627,0.3376554250717163,0.2509547621011734,0.8388553261756897,0.7572640955448151,-128.0,-167.66666666666666,127.0,97.4,0,2,62,-0.15,-0.0675,eeea5cbeb067c16d59c1804b11ff5ad24d20bed687e51ffafbee784d32ad9ab7,c275baae88b284f4933dcea1aa8dad3c827e895051dc9ed05b3d387c5de275e5,other,loss,-1,True,False
dec8bd73de4d00fcfa31f595cbd9fbbb791fd6666abd5676dc5240ff3dc8b0f4,conv-48,70,dec8bd73de4d00fcfa31f595cbd9fbbb791fd6666abd5676dc5240ff3dc8b0f4,4d78c45ef3a8d7ae6e7a2b1a876597cca280abe471e220ba425df75ec766ee0e,43f63e58b56975f7585ad876317b84216010114f2b3a178971e9d7b78753339b,16,20,110,0,0,0,-0.036399006843566895,-0.03026449680328369,0.36104917526245117,0.24231569468975067,0.8855358362197876,0.775870966911316,-133.0,-157.125,129.0,107.2,1,-4,-55,-0.09,-0.06375,dff115ed86358c15297a6e6f7b59948250e668de6e0ada1251f6b257a7fc0936,9c55ad818a130b51fc2cf739b430f51acfbe416413372e825e90c489ea0157e6,targeted,tie,0,True,True
5ac01fdb070657afc8ac86069b9247cdf455d5b4411102134261637bd8065166,conv-48,71,5ac01fdb070657afc8ac86069b9247cdf455d5b4411102134261637bd8065166,5111df3d76cc756e5704a28ff8379526e1c86506f045314ba1aa84a035d19bfb,39d06ee0b8204f7803ed5fa48a104a5a68dd15ce5bbeff4e33d187348d9128e4,18,20,101,0,0,0,-0.04158127307891846,-0.03043520450592041,0.3600624203681946,0.24846533934275308,0.837799608707428,0.7714298695325852,-122.0,-153.05555555555554,136.0,92.85,1,-2,21,-0.12,-0.06666666666666668,6ff29e4120e3c169b0693e098c970b2e40435c035a09c988840bb4f9cf8b77e6,fa5ec081b0d35aaf4731c5a6effcf47f6e4a2fd6c3a9ef976e4bba5b4d196828,targeted,tie,0,True,True
9005107c0457bb478c23e9bd0ff66819f41ed061bc7183d62bf1b00e9c206fec,conv-48,72,9005107c0457bb478c23e9bd0ff66819f41ed061bc7183d62bf1b00e9c206fec,493f25206b387458909537b524fd3a9ab750dd249e9af217b09f0fb430d6fb54,3edf0291d972c4b2a80f2aa06b7375d5f3aa3d2fe3294fc8f9a9beb94bc1c67b,19,23,102,0,0,0,-0.03734061121940613,-0.09677886962890625,0.3445730209350586,0.24335951240439163,0.8767629265785217,0.7713007823280666,-125.0,-165.78947368421052,136.0,101.78260869565217,1,-4,-50,-0.48,-0.07894736842105263,55aa21c248c69bcae828c09a30ce29a7cbeb22439c90a6a508fd0a7f530f568b,1d19d6b606fae413b2a71fc86891b799926c25d6276a093d53537ff3033f9b62,targeted,tie,0,True,True
eb89e744f19fd1c396caa7784b398ba26cfdf39f40ae7b601c99ce62f53359ec,conv-48,73,eb89e744f19fd1c396caa7784b398ba26cfdf39f40ae7b601c99ce62f53359ec,8b19848351c435b6d0969c25a14e7e435f2eb6927f068657d1f321a5f9164fa4,b89678cbdd364f6d4e1fb9ddc47eaa8e7e2b24a49b67f470018d5860512d55e1,17,17,104,0,0,0,-0.02896896004676819,0.09289291501045227,0.3450002074241638,0.248601075480966,0.9179966449737549,0.7746224438442904,-121.0,-143.94117647058823,323.0,113.3529411764706,1,0,-20,-0.12,-0.06352941176470589,3ee3ad4ccf64b58e3dae97b37f2f453d2de7f802a0216133f7605a6862020105,aa6f99d40f8e9d88477de7353e0c25c8c83f81dc17b456184ca4da03846d769d,other,tie,0,True,True
035adaca54352d22956c99a7be0d1be36a42d0b40faf14f7a3940a4da7f4e217,conv-48,74,035adaca54352d22956c99a7be0d1be36a42d0b40faf14f7a3940a4da7f4e217,621ce8570e1de277d974ed5a7711ee9e31b43fabdf39e02bbcf57325b1f389ee,b4a9e8743e99303d47a1581df5c3f7832c2e9eac93c76c906297cc57e81dfa80,18,16,110,0,0,0,-0.041225552558898926,-0.055867552757263184,0.33404433727264404,0.25529176659054226,0.8772576451301575,0.764226458966732,-128.0,-150.5,125.0,108.875,0,2,19,-0.21,-0.08,36cab067f1b73b634e3e3aec253ed54e43c2f3fe090e3e0c0d6a6f4aeee6430b,2c3020362e9a67a3d9f1ab40468aaba78253d1e55adcf75d5b10dca9ccf64708,other,tie,0,True,True
1fd67751f2b490a12294aa963e0dfe027b867f8526fef94335e890f415ddf198,conv-48,75,1fd67751f2b490a12294aa963e0dfe027b867f8526fef94335e890f415ddf198,8144faef9ecd77e2c4b9c82021a14adeedb1d21e4d1593cb3b8fbd3063725769,223b7b987d87a5bb42624ffaeb0d90740c4c0e9dd18123eadede0df5476080f2,20,17,116,0,0,0,-0.02349698543548584,-0.06537061929702759,0.34868282079696655,0.23472268581390382,0.8547488451004028,0.7805757487521452,-134.0,-167.8,132.0,116.41176470588235,0,3,-9,-0.21,-0.07949999999999999,fdcab47ecb86760f28eae7e3a2323f8230e64b6ca3614544ae38b5cc6c7f41b9,13f9ea56e2a1719cea6eaa4bf8fe26b6e0b65bfb266ecac57cb8468bbec9a64e,targeted,tie,0,True,True
846c81e4e97902451afad330cc0b6643e1ec638d11667babb4604cb5101e87f5,conv-48,76,846c81e4e97902451afad330cc0b6643e1ec638d11667babb4604cb5101e87f5,767924342c6ecaacf5667184b22ff163092d8c977c5262270e1d5a2c79dd4614,f483d808351040a8692952ca44bba9c78852c1bb65ee30b0ad36faaa2cf7faff,19,21,99,0,0,0,-0.03438785672187805,0.09015676379203796,0.3406217694282532,0.22274933676970632,0.8855358362197876,0.8081980659848168,-120.0,-147.3684210526316,316.0,108.71428571428571,3,-2,-19,-0.09,-0.055263157894736833,01d798d4fedbb0e66f1a66e2e00960a0ce4041963ef35e1a216c4ddac828cdbf,cb29c31cc4360aa58af1ccb5a49ce5b1c1e78a062929f8af867832812067c127,targeted,tie,0,True,True
02d8af5c6f2153dab5abcbb207ea86ffa4f453a4af1179c8673c991c1fe10744,conv-48,77,02d8af5c6f2153dab5abcbb207ea86ffa4f453a4af1179c8673c991c1fe10744,a5514e7ebdf02f28e2447bcc2f83de2cab6ccb19ef09a2aa2a32e7060e721614,399820d1ce74214dbccebf3442ff19cf997f586619e1ca0ff3f0d75e264d79ef,17,20,103,0,0,0,-0.04456740617752075,-0.11993616819381714,0.31682270765304565,0.20792395577711217,0.9179966449737549,0.7872837811708451,-128.0,-170.23529411764707,124.0,97.3,2,-3,41,-0.51,-0.07941176470588236,2058a0e59bdf775c7cf7fc3b58c37204932f014ce598d1a7ef9a1f93d4a2eb7d,b5d5c46e07aec6a005f9433d6328d5eb58db1bf5cbd89ceecc034977d4a7d8c8,other,tie,0,True,True
92faf3078d246db73de7bca42b7999e0369bc35a8fb12f0dd7904ad4a1a8dd0b,conv-48,78,92faf3078d246db73de7bca42b7999e0369bc35a8fb12f0dd7904ad4a1a8dd0b,7ea83797da84c3362bf33392328a8a6d1fe7919516064914740f260ca34d2c86,72f4b6bf6ce47f8e47af35997c8d82f6448a651f458e35db208341840f016a6f,16,15,101,0,0,0,-0.034165263175964355,-0.0405099093914032,0.3358684182167053,0.23419159650802612,0.8457337617874146,0.8132498145103455,-118.0,-138.8125,116.0,98.46666666666667,1,1,55,-0.27,-0.07125000000000001,b31636a123e150efaf696ef9d70ec901b0ca84d19a7cefa8f9cf805b066762f9,47d81afba1c34dc8af6a4ef0a4abd77e5b4f6a72695cf7fc4c4348496170b858,targeted,tie,0,False,False
373d9de452b9ddb9a515dff3d509967ece870e5438419af646a27091150274e2,conv-48,79,373d9de452b9ddb9a515dff3d509967ece870e5438419af646a27091150274e2,030e1e3e8460014b844c9bc3690b5b8d842d1072b5289a4ff1516c4934c40458,3061d90856042389e73fbb88909a7402a66828632b7773756ad1e8baab30281e,19,19,111,0,0,0,-0.038720935583114624,-0.16017797589302063,0.3474193811416626,0.22061767389899806,0.8547488451004028,0.7879043692036679,-131.0,-160.8421052631579,128.0,102.73684210526316,1,0,16,-0.21,-0.06947368421052631,b53687f7d91afe03d49150dbce90e997e63ae3ec1259b88896607069aa1fb5dc,d7dfde90f8ae6bdadcfdcf01d2c175e95da0753ea0e7527a6169bc884a449e3f,other,tie,0,True,True
ae71043d0ffde15044b1dccfd5b0faf2bf27a6b9559c633dd8d7c790fbe65c75,conv-48,80,ae71043d0ffde15044b1dccfd5b0faf2bf27a6b9559c633dd8d7c790fbe65c75,54b7beaf5a22c8e95044061d1aba59376b6eaa855bf7ac22b55a294fc957431e,3977e2429e47307740bfb3f2d5d6857b9908e0985e58a4308fe8e3f0e05b16f1,17,15,109,0,0,0,-0.025001168251037598,-0.04082733392715454,0.3406217694282532,0.23692787044188557,0.8809125423431396,0.7927708864212036,-126.0,-156.64705882352942,124.0,107.13333333333334,2,2,7,-0.09,-0.05294117647058824,be0eadd72188fa433073a005b0e5a461b66bf47b78e3529542bc21612a498b79,ced999718febaa67e53e5bdfcb0f84fae6e6a0f984aaaa5b790e4c5de53ce37c,other,tie,0,True,True
570172fa37b23fcfb5380e4004940b38106616d9c4b328860ae845f7fa374548,conv-48,81,570172fa37b23fcfb5380e4004940b38106616d9c4b328860ae845f7fa374548,501310deab151e9d58514d1b96b4517531d9ffc9d75eeee9b3854460b6d1691a,8b264484345b86eca5f9f065db0a3169b319425c025ace1c73317721cb1e2c9c,15,13,113,0,0,0,-0.03606081008911133,-0.04747653007507324,0.3376554250717163,0.238076655069987,0.8254072666168213,0.7706121435532203,-130.0,-159.13333333333333,125.0,102.6923076923077,0,2,58,-0.15,-0.06599999999999999,991198876cb39c1f9089c3ac33413787dd4530de94e568b70fc19fbb1fb9a741,e9b6f8360ef9f8f0234150a37c120a5b4801080f38789b65f9c380a24b4ed381,targeted,tie,0,True,True
bf1f4e561addacd6950cf0a8f1ab9249d1fed8a6366f134b0f83c42d5c7542a6,conv-48,82,bf1f4e561addacd6950cf0a8f1ab9249d1fed8a6366f134b0f83c42d5c7542a6,159398262922f0c80b75f5b53ab440ae10fd1e981ec6d708b1218275803fe261,57184a0318d2a9fa1424ff783f2c43e20a2120d7db1e6fc1268459678d7b9ece,15,14,93,0,0,0,-0.04216504096984863,-0.05562788248062134,0.3219658136367798,0.22292646567026775,0.8420992493629456,0.7895074146134513,-115.0,-148.13333333333333,107.0,89.35714285714286,2,1,36,-0.3,-0.07200000000000001,a69f4529c31f2dc4689030fc26c93a5a4a8c027fe0d276293e2b45d4838d2516,d349c4f997c60cdf4872e0b34b084ac62bfecbc350bdaa777469602b513b5b5f,breadth,tie,0,True,True
ffa1387e0006d3e646f26bee6cef176087bd22664430c7350ee6a20c063126dd,conv-48,83,ffa1387e0006d3e646f26bee6cef176087bd22664430c7350ee6a20c063126dd,09bcddb6c2699397b8736f3c65ce1c3524faab827d56251fedc500bf23def924,3749b89d01654b8e67cbb9d5b9414baa151ba2e3ce9a759f38afea975470888f,14,13,91,0,0,0,-0.03253471851348877,-0.043776363134384155,0.31616127490997314,0.23453346746308462,0.8772576451301575,0.7818294442616976,-104.0,-133.42857142857142,103.0,88.76923076923077,1,1,5,-0.18,-0.05357142857142859,a8846dfb7b53b4d17bd3f91643fec8a4caa179d75b23e592b7fd39e2fa994120,d812a042560ac675743adbace77b9b65b5a2493b43b78687a6ca1bc4ec6fd869,other,tie,0,True,True
6f60831f10d87731aa87d97c43e01d3971f1545944310b993f9694a39e2ff7d7,conv-48,84,6f60831f10d87731aa87d97c43e01d3971f1545944310b993f9694a39e2ff7d7,8fd20fbc58964af89339614713eff689658ad979f145da4857c05bc68729a330,11ccd0ffde783768dade9d9742c604b5386fbe54f599776e8559ad32f71eca81,17,19,91,0,0,0,-0.060134291648864746,-0.033894628286361694,0.31251418590545654,0.23448249522377462,0.9179966449737549,0.7892113045642251,-110.0,-130.7058823529412,104.0,85.10526315789474,1,-2,-17,-0.09,-0.05647058823529411,a305a7e66c167552f14c1004eedfff22c4f8ece634dbced49957161575e21e54,c7e095c9ee2803e43fac69a0cd000b32976b88ce9c73396c40786328991c11b1,breadth,tie,0,True,True
ff010a0bc17adfd688eb6eabcbfddd5e149d0aa692b056ca197491df51b605f9,conv-48,85,ff010a0bc17adfd688eb6eabcbfddd5e149d0aa692b056ca197491df51b605f9,291a4b3e7f51f02922702a86f999e26350b5ac57d00cac8082ea7ca4751b4ce6,d16a494afa2fbbafef3a6411d3e54b552ee19e6fb840b22129ecdef161748468,17,19,101,0,0,0,-0.023015260696411133,-0.04380956292152405,0.3367007374763489,0.21998429649016438,0.9179966449737549,0.7919724426771465,-120.0,-150.64705882352942,117.0,99.3157894736842,0,-2,-25,-0.09,-0.06,ccedc1740d69f02b9084c67fcac41fd82216a913b52c9525eed1362f3487ba51,a6f489b401756b3d3efa41ded23bbae5b8dc6f6cff0616de5241bce5ca96d688,other,tie,0,True,True
49c4c2b084647d4db27b8c8b059f55d970bd3dffa253467f0db330f7595ce264,conv-48,86,49c4c2b084647d4db27b8c8b059f55d970bd3dffa253467f0db330f7595ce264,bf2f9fe9884e3152d503710015eded4c70e4cf641cf497d17279a598bff455ac,ae00f0b053e7587c9beca2505fafd2a40cefca0dd9b67697004d74edffb64631,20,17,106,0,0,0,-0.019154727458953857,-0.051484882831573486,0.31360459327697754,0.22521694302558898,0.8855358362197876,0.780509864582735,-123.0,-166.15,122.0,107.17647058823529,2,3,1,-0.09,-0.052500000000000005,2b1e35b15bbd9a4e02bad807eec960e1e5609774a2683714b065fcfeeb375e18,2a0bf07b03a3989dd63380485ef47e11c8fa5e916c24d5a0af69569bb7595fcc,breadth,loss,-1,False,False
41e924ed5623dbfe1eba90fb6cf86b21b422370fa8cbfcd2af7e9c877d211dfa,conv-48,87,41e924ed5623dbfe1eba90fb6cf86b21b422370fa8cbfcd2af7e9c877d211dfa,461385076735f1a86d1b7905c2f8d3b584583cd6c908d3d845d01dfca3b1799b,884a85fdc892fd6d8de2218f19fee7ac4e4acc6d25716453b9e491aceee29e28,19,19,108,0,0,0,-0.029845982789993286,0.09005001187324524,0.3321194052696228,0.2219824853696321,0.8904110193252563,0.7885429670936183,-127.0,-146.26315789473685,320.0,112.36842105263158,0,0,-5,-0.09,-0.06789473684210527,1de52f9598e4c63960c1b10a810972709e0ad4bbaa6f355955927bfee31389f3,55c2a57a291b9d4e3934dbdb4f929bc759be42891cd003421350613b5defd785,other,tie,0,True,True
0597ab7426b7f21051241111f16be97dfaa52ff627fb0336ae407648485f4d99,conv-48,88,0597ab7426b7f21051241111f16be97dfaa52ff627fb0336ae407648485f4d99,6d0fce34ed024c2021a875aa10a84417795073fd454a41243026051bbcdf0daf,6e73d0f238c5024f2c57840807ec4a2002cc561d809c6ba5bf42001598588f9a,13,15,89,0,0,0,-0.04203718900680542,-0.09783199429512024,0.427365243434906,0.23382200644566462,0.8325352072715759,0.7851663788159688,-106.0,-139.46153846153845,105.0,89.13333333333334,2,-2,-54,-0.3,-0.057692307692307696,0aa830301070cb834d589597216ffce60713485157fb88cf07c32e7f26249437,0880ebfc9a329939eff6f55bb1e8b976bb60a2e61b661fa9caf0963f79995cca,breadth,tie,0,False,False
94a5d4f0f9c0a1821b14933c1cde288b4e37fd787c49c941f25ddd1749d18fec,conv-48,100,94a5d4f0f9c0a1821b14933c1cde288b4e37fd787c49c941f25ddd1749d18fec,f726c6aca92443dc346e58310702a9e3cb5cece2c583e5a397c355fbfe38f946,9fe84ee06b94cd51cc653fe38240116510a6aaecaf1591ac8fc21eda2d2e00e0,15,14,99,0,0,0,-0.042651474475860596,-0.05860692262649536,0.35550498962402344,0.24857452313105266,0.9001861214637756,0.7892002846513476,-114.0,-136.33333333333334,113.0,95.14285714285714,1,1,-50,-0.09,-0.05400000000000002,15fa816c97b214738c3701ed2127d8ea75fc81bf69cc50a272be5b059e6a6f4f,058b3624e1f15c5a6ec54b98139bf5c6248edb831ab06f0c17acf6b47a46a39c,targeted,tie,0,True,True
ccbe7fca449443bf04380a90ac1299ebfebcd8d455adfac58a7a81d64bbacc02,conv-48,101,ccbe7fca449443bf04380a90ac1299ebfebcd8d455adfac58a7a81d64bbacc02,9ca91e8a91eaa69e6381dab91c9d3b587c8fe040bb73fd1abf0e2f634fe5355c,ebc5c8b4e2ceee458390395b593017270b391dcde8d71f87b7cca5ba9747d9f6,20,22,105,0,0,0,-0.03717091679573059,-0.0998910665512085,0.3349910378456116,0.22046765685081482,0.9179966449737549,0.7768442522395741,-128.0,-167.95,127.0,103.18181818181819,2,-2,19,-0.44999999999999996,-0.07050000000000001,09c3b1833d7cc23d7f493a3d37516069fc7d4cc5f4517c94b80bff9256c61566,05d213562716c463f399b7c3ebdf094dd52c91362b9c94bd805cf880b543b06e,targeted,tie,0,True,True
339a80bdc2b24b795cff29e4557c6b94e3c58d2825cbd893d7b7af9ea386a6b1,conv-48,102,339a80bdc2b24b795cff29e4557c6b94e3c58d2825cbd893d7b7af9ea386a6b1,a4de2bce386a49f9c0254b1ee11b052414e006ba28ec169672d6290432f958e0,ec31f49b9681648fc9e332c5ea686c2856a98207d72ea2cf45d52b958d98a6aa,18,18,96,0,0,0,-0.04913908243179321,-0.06230372190475464,0.3606374263763428,0.2565142578548855,0.9001861214637756,0.7860364615917206,-116.0,-135.77777777777777,118.0,97.38888888888889,1,0,-59,-0.09,-0.05333333333333333,26bca3298fa62beb98454e530cc51f8243b8c01d24b76c8c48caeba88e168996,8db8a358d865817512dbcbb4809729746b4e951ba944bca654ebca8296d10b1e,targeted,tie,0,True,True
d57d17eea110c324e90b27780a58a201b6d889935f87ce4c608845c5d5a454e6,conv-48,103,d57d17eea110c324e90b27780a58a201b6d889935f87ce4c608845c5d5a454e6,78e1196f2adab620108686eefb2e9267e9ac677636dd9b27570b5582aa12d440,5e61fca42bbc9ddb38ed5eba15c3a1e2b523bfcbcdd2e77aa9ab62fcd73b742e,19,22,105,0,0,0,-0.032492488622665405,-0.13750112056732178,0.3600624203681946,0.23315160839181198,0.8634358048439026,0.7774779525670138,-128.0,-167.89473684210526,125.0,99.77272727272727,0,-3,-13,-0.21,-0.07578947368421053,c13830ea5c41826620525686398465fb8b7cdf279368441dbeeb7d4497c667f9,0314eaabd4eb113f1fb535cce9424ad607f91f94756b51eb2c73138674a9b3e3,targeted,tie,0,True,True
2cb41d6a11714b3c88b434448041a7de3a8874ca9fd913a939b2c728e42ae991,conv-48,104,2cb41d6a11714b3c88b434448041a7de3a8874ca9fd913a939b2c728e42ae991,421f220428b6efde2a03247d63cb281b9cc02070860c222feb45a8604528eb39,d75c89a0cf509c9b9d8167960bc6b546c909f91a2f266e942bdb80f804e2ca6c,14,16,98,0,0,0,-0.028577446937561035,-0.047982752323150635,0.32526832818984985,0.21461909583636693,0.8855358362197876,0.804955318570137,-113.0,-142.42857142857142,115.0,92.0625,0,-2,16,-0.18,-0.062142857142857146,f49c08da76a075098039d45512c94be141c9ad7a05a34e25a519efab70190d19,a45f826e176709eb472429f131254d05836715c3f0c9493b21008f77cbf35c18,targeted,tie,0,True,True
eb434c03efc1debc2e468d0cba67fbb14519fbdf62db80827581ab4cb67167e5,conv-48,105,eb434c03efc1debc2e468d0cba67fbb14519fbdf62db80827581ab4cb67167e5,ed26762a64e8b56f5b874f64c8bb816d85199371e42924106c7a9d048854a5b1,b2b0307b68017c587148892a243d54e7e08f83326a0972cdc88164e71b9a89de,18,16,100,0,0,0,-0.028940975666046143,-0.1733315885066986,0.35222703218460083,0.2529451118575202,0.9001861214637756,0.7971938773989677,-121.0,-162.0,116.0,96.375,1,2,-8,-0.32999999999999996,-0.06833333333333333,e45f8f784f2ceb5f959f05d4ef90c142f2214de2f0208040abd6825d15dfe441,f80937bdb326caafcb284c40dbc2c913145f15eaeb0de44cf86112d84cb4ef55,targeted,tie,0,True,True
598fec6c1a766a83bb06a7458590fd973e784173297cf711bd0f61d7c612c415,conv-48,106,598fec6c1a766a83bb06a7458590fd973e784173297cf711bd0f61d7c612c415,fe0080757bdae322222e7c0d38c6f2fd06606c2794543587764a2c601f11a888,0327ec25da45fc742b93f7ecf2ec68a7bd5acf26ba794040788c7a4a531b5185,21,21,104,0,0,0,-0.02771735191345215,-0.0479588508605957,0.36380600929260254,0.24095100732076735,0.8715857863426208,0.7674234197253272,-129.0,-153.1904761904762,122.0,97.38095238095238,1,0,60,-0.09,-0.06000000000000001,3b40260ee02035532bc6123c90cb9674dac2526cd7ae1512c727e2ad00a17764,73100a767e9775dac0d73291d60b3a677a1b08aa53efa21e076241ee42159607,targeted,tie,0,False,False
244b0753ab9d3e7adeaf28e8e23eba1269f6ea2a41699c3eeb618b78630b475d,conv-48,107,244b0753ab9d3e7adeaf28e8e23eba1269f6ea2a41699c3eeb618b78630b475d,0692ba72a024fae6a5b240eefe70ac173b0486d7a0dd6ab39c9a5ae947049d34,d4e186152d2869d279086e7c494c70ddd247e6766da9a6c6e6d745bc3eea0652,19,21,97,0,0,0,-0.023890972137451172,-0.052083730697631836,0.30873769521713257,0.21175270958950645,0.8616204261779785,0.771462048803057,-118.0,-161.3684210526316,116.0,91.52380952380952,3,-2,-25,-0.09,-0.05210526315789474,bef7e8f867f531a1cfadafcf497d9c7b912c8fcb4d66f22d538832b408eadc9c,5128444f6531acde0b0ce44f9abe7efb3effef0c1dc329ea0abbb9c1d16dfb1a,targeted,tie,0,True,True
c3b7959fe57e37af81ce4d3f3a101b1f3386acc11a8521a40362ac28e8d18074,conv-48,108,c3b7959fe57e37af81ce4d3f3a101b1f3386acc11a8521a40362ac28e8d18074,4e52d2e042daaa5f0e88983b49228e7e208e2983ff085015f37d8a4773eae8e8,1a618ab4c4c212df4233a7e45f3fdded68e8a263f3b4bbafde1460dd60bfc00a,19,19,95,0,0,0,-0.04620307683944702,-0.05258733034133911,0.359640896320343,0.22677288243645116,0.9179966449737549,0.8080232017918637,-115.0,-143.42105263157896,112.0,86.89473684210526,2,0,14,-0.3,-0.06631578947368422,369b7faf7ec147ed043654691af201b9c00ee1700aa7c9fbf07058c8308b4e81,b3a8c3d27a82d69c890bfb85446aa6e7e5bce3feeb0f054ca1503b89846c22cd,targeted,tie,0,True,True
051e413ab80375d5b879fdf17c84dee7f15661c3ba87c1ecdeb8aa60d2ffe338,conv-48,109,051e413ab80375d5b879fdf17c84dee7f15661c3ba87c1ecdeb8aa60d2ffe338,e43a919bdfc980d00c4301780671ee1e10f9f1f5201f9d005bdc5c5ba77648c8,2b90599fa04fe0953961416238123a8e43d65f457ba6c9d9a8880eb3fedf0fd5,20,19,94,0,0,0,-0.05072617530822754,-0.04004085063934326,0.3420144319534302,0.2459953397512436,0.9179966449737549,0.8050132205611781,-115.0,-146.5,111.0,80.3157894736842,1,1,-2,-0.32999999999999996,-0.075,e426318d990ba82b4cc4d7fa2471c4bcb8f12543a670dd9ae7129940f15c351a,0053d7037ceb5dbc06b7cac991ec1d19a7adb0603a943e32f6a5e491ec529989,targeted,tie,0,True,True
c2b5a733e0726262553e17489c0708d90ba516d1d435863069c8aaeab92a4fe8,conv-48,110,c2b5a733e0726262553e17489c0708d90ba516d1d435863069c8aaeab92a4fe8,66ad798d23008fed85632f96e1a73502d20f12605ac63c650d33bd119d689c02,8247f9cbf7da59074c877dd0aaf438ffc38e97fc57859e82a3de5a0b1cbae1c6,15,15,90,0,0,0,-0.022264182567596436,-0.05227208137512207,0.33607178926467896,0.25189433495203656,0.9179966449737549,0.7924622376759847,-107.0,-140.33333333333334,105.0,88.13333333333334,1,0,-33,-0.32999999999999996,-0.066,3f7daf356aa794d079e69a95e54bb6fe31f2c42e2516a1f35789e6b1a962da6a,4861b4d8255ac1732e7fc27fb170f43c10e13554429c24f112a95813af9e81e4,targeted,tie,0,True,True
a48317567636fab8515e7f814adf337bd61b81b0fec2d3f65d92a981572a427d,conv-48,111,a48317567636fab8515e7f814adf337bd61b81b0fec2d3f65d92a981572a427d,7251b39c241d0f52145d552a3806ebcd108b0a7871cb53bb361e3eddd7755f19,27f613c073d6e4b969f0d5154d102e3f774f78658eb471a7c6adf8f035258a6c,12,14,96,0,0,0,-0.026981443166732788,-0.021687358617782593,0.3019756078720093,0.23390101393063864,0.9179966449737549,0.7996916387762342,-110.0,-135.25,114.0,99.42857142857143,0,-2,-5,-0.06,-0.04750000000000001,0f23ef8d799f06675376c7e11d6bc3407baf100129e354cd28509622047b07af,349267b58a07fee5176ca1bdce5af9326b65875650af40e35f4203981580b1f9,targeted,tie,0,True,True
a058cad6e649b147be9048ba8556394e1471e3e940124802f3864ea282a9876a,conv-48,112,a058cad6e649b147be9048ba8556394e1471e3e940124802f3864ea282a9876a,542528829bf0245dbb070c781c84f1b1fc29de0f3a0aababef46ac1a306ad580,5351941242a5251ff39b840330a2f56db7859207d267a680ef967df17dccd605,21,20,99,0,0,0,-0.024758100509643555,-0.051149070262908936,0.3349910378456116,0.20757853984832764,0.9179966449737549,0.7926101237535477,-119.0,-157.47619047619048,118.0,92.35,2,1,36,-0.09,-0.051428571428571435,ffd0f86b4d561676f2d3f48c9c4f1a8183e12798f9a2233b442eee6af9d78f4b,afb90e775a77b30b31eb1b73d0aac96462d40d8b1c55a53de56876ca60726cbf,targeted,tie,0,True,True
0b1d0b2571c57def9013566e44b7f033132433ce5509753af350c4cab37781b6,conv-48,113,0b1d0b2571c57def9013566e44b7f033132433ce5509753af350c4cab37781b6,e194db7d790308b9203de0255836c72ecb6ffabbb448c8a41476a25b4c387f41,c1934eac3e0277f601f15177eff0a7ba38e50dabff940414fbdcb723c5830686,17,17,108,0,0,0,-0.03060203790664673,-0.04759258031845093,0.30535537004470825,0.2126521818778094,0.8307307958602905,0.7606545967214248,-127.0,-157.58823529411765,125.0,100.0,1,0,8,-0.09,-0.05647058823529411,444bf90f093d281a24f09a498966f0b17a5576a5349bc6c3da79b42f0d6ba896,5680a611a356dfebda4555cc369ecaddfd942d3d4c3632592b27332185199311,targeted,tie,0,True,True
8693a8bd958f1c629dfaadaf873c8950e99daa6dbfb8031b637000447ab0bd8e,conv-48,114,8693a8bd958f1c629dfaadaf873c8950e99daa6dbfb8031b637000447ab0bd8e,8baf9cf80985b82fdf63cea8d8eadb59654eea0fb6c342af1ba087fa816caeb9,2a216802a09fa83937d6baac6672fc519675ff4816704057ea9ff8123e2e87b6,17,22,103,0,0,0,-0.04635334014892578,-0.04020613431930542,0.3774445652961731,0.2183859523604898,0.8809125423431396,0.7715079540556128,-126.0,-149.41176470588235,125.0,104.45454545454545,0,-5,15,-0.21,-0.07411764705882352,d23b69cbaab2f9c57f96fa5c0ae07f9632dfd0fa8394c148aca8973e40ea74d2,6ed0f137b42fdf4a0d666a70700639028df5c66c5edcc51ef2980d5205154ff0,targeted,tie,0,True,True
092ac6655f96fa8e9003f43096aabdd6b58fc47fe4435e72de7de40f6ec37152,conv-48,115,092ac6655f96fa8e9003f43096aabdd6b58fc47fe4435e72de7de40f6ec37152,8d6e39528b51b2600e7355cbcc01a66e331bb7f461f32760943a7487bc74c2a3,74d6bd7d83e6fc4257a6c2a95513002a2d223dffcaf434f24d200ea681e8c067,16,16,100,0,0,0,-0.024217963218688965,0.03746795654296875,0.2875496745109558,0.20153778791427612,0.8548267483711243,0.786829736083746,-116.0,-140.8125,265.0,105.375,1,0,0,-0.09,-0.04875,849ba027bb271231d2deb5986e0bccdd2707fba990fffb7460d12a9ff0f96943,014a4e541b344b06c49d125528dd946ba1a549f34bb80711b87419bf3dcdd996,targeted,tie,0,True,True
c50b37db055ceefb515cfabedd59f4941afff64fc02939441c86e861a6ca1172,conv-48,116,c50b37db055ceefb515cfabedd59f4941afff64fc02939441c86e861a6ca1172,43a92735e8b580f053bdf6057218fe1e965ff9bc1cf31234bb5795da66728d15,f5575f1a0630191c528251f08453115d68e53209cda2e014b2deb25d4adc5a37,16,14,97,0,0,0,-0.02873694896697998,0.06435579061508179,0.3349910378456116,0.22916468232870102,0.8388553261756897,0.7793841915471214,-110.0,-132.0,275.0,104.07142857142857,1,2,-17,-0.09,-0.050625,2e758daf35d89b4666f5be628ad52565178e7e160d761a02b87b26459d6d7582,88df7913e7b398e0f2398a16f548b911aa116620238e627bbee79c990f586c71,targeted,tie,0,True,True
d7f821b65d43d6fc1140cd7cdf449e45e534847ac134b2c704e484f0bf8be571,conv-48,117,d7f821b65d43d6fc1140cd7cdf449e45e534847ac134b2c704e484f0bf8be571,d32bb3ea5d31728d48f7587958894ee98648bcb28ac48023316197ee6bf0fe2d,0c01538246febb44a6f3b39c31170729a2ac6dfdfe513b1cd733c342a9bb5a4d,19,22,101,0,0,0,-0.03978419303894043,-0.04163837432861328,0.3334340453147888,0.2325919929303621,0.8457337617874146,0.7656836889006875,-126.0,-158.94736842105263,144.0,103.36363636363636,0,-3,-26,-0.21,-0.06789473684210527,eedc4c72522c21ee5a0ef40ca4af0e9aaadeeb47279aac6e2ebaad3c78a4034d,9996eace78d6281175f00b84790c87edca2e1ff68fe94e99ce298c9a23609dc9,targeted,tie,0,True,True
770970da81a86607af4b0e3eab883b1d0774c668b4db4e8e2197265b2650583b,conv-48,118,770970da81a86607af4b0e3eab883b1d0774c668b4db4e8e2197265b2650583b,d56abd94e80d88471e21789c8fb45dde02c617bb48d1be5235b734cc714c2c72,86c5333cbb252e485e4bb2e68dbc137dfd2856039b928c7a556dd07a928e20ad,18,18,110,0,0,0,-0.02958965301513672,-0.15472376346588135,0.30530059337615967,0.24680159820450676,0.9001861214637756,0.7716478639178805,-129.0,-166.66666666666666,125.0,96.83333333333333,0,0,6,-0.21,-0.07833333333333334,5f9768c512f138e9620c9d22bce8b0c6c8a1b2fb6d12282495de336bfdb8a200,bdad55eb40912f05ea83a3aa8482fe4d46cb521a56bd179dbfff1833332e4196,targeted,tie,0,True,True
59447bd0ce8f50af398a0c6478a0db3af36e00c07bf190ed24e10435b2fe6abf,conv-48,119,59447bd0ce8f50af398a0c6478a0db3af36e00c07bf190ed24e10435b2fe6abf,0676391e61fcbb2cb5e47aef967a611940e2ed714664791094f526725b9207bd,fc928ad8d484f9471387ce4ac1c88f284b961e8deab882dc5310f8b509ccb21f,19,19,98,0,0,0,-0.03065389394760132,-0.03759413957595825,0.329801082611084,0.22041629803808113,0.8813555836677551,0.7776431347194471,-117.0,-154.0,122.0,97.26315789473684,1,0,2,-0.09,-0.056842105263157895,be8021eec6baedd6c251907a76e139ee1aceceb16e1ba4829b553855f678f1c7,81e6820389f100bb744d53674681ba99a1bf5c508a2491c5aeb4b67e23da4fa3,targeted,tie,0,True,True
232562d7616eb72b093282d0762ff74da8da926d1de14797c5355af795116295,conv-48,120,232562d7616eb72b093282d0762ff74da8da926d1de14797c5355af795116295,ee4f79679e5a82dc4967cf538e6983a8924d828bc8405c8b6df1a93becf146a8,2b814d5ef59c03d550dce474b42090c487289aef5bfb6186803cfc38165ba9e4,15,13,99,0,0,0,-0.03733944892883301,-0.06495839357376099,0.35244297981262207,0.2401680866877238,0.8763667345046997,0.7892473569283118,-115.0,-140.4,110.0,92.76923076923077,1,2,-30,-0.09,-0.05400000000000001,5dd398edda04cd976acea320a56bff115c370c52810531067ee36a956b28c194,4b3c2b69d4e1bbb1301dfa07fef3b65f0192ff348f439bc73966c3fcd7da3dd1,targeted,tie,0,True,True
b9ba6933efa0bbff87acc941c23c414e0e849e5c59a4939d0c91d6966cb848ea,conv-48,121,b9ba6933efa0bbff87acc941c23c414e0e849e5c59a4939d0c91d6966cb848ea,22f262fff7400f2a62b8800db72b032c3b21250d9ae0c69912b4d9321c712072,f1b19491532f92865c649e7345a7657643bf5bddcec1383533f55e207a5dfd0c,15,14,107,0,0,0,-0.040351688861846924,-0.04527103900909424,0.36493372917175293,0.2784266273180644,0.8568218350410461,0.8020890142236438,-126.0,-152.4,125.0,103.28571428571429,1,1,43,-0.18,-0.068,02da44516e795eaa23d9d59061a19349bc0848507e078180352086568b6033e9,814ba2d4d92d6901ebf3644cd252d81d3935ca894b960a6cc868fd112928408b,targeted,tie,0,True,True
66075a1774698573d3a565ee95e61e3a2a75d4ff80585071cc3865a8d6f3266d,conv-48,122,66075a1774698573d3a565ee95e61e3a2a75d4ff80585071cc3865a8d6f3266d,ede0d434e2b671476937fcd13c12dc5dca4d2b33bf46fce8de2a63a1dba305a4,a35004b55130e5d4d8b472b0106ce478f26f9c1965de1f092c498e7406b401c6,18,13,103,0,0,0,-0.030760765075683594,-0.06276720762252808,0.31874823570251465,0.24494411216841805,0.8563845157623291,0.7886393941365756,-123.0,-143.77777777777777,116.0,103.46153846153847,2,5,46,-0.18,-0.05999999999999999,98eed85cde018fcb705716e8c43bfe7b45ecf2049e732ec0c9119fa60c7296a2,463761abc77844ebe132821a9992485c2e3ede6e2da26d9a8e29c5408820516b,targeted,tie,0,True,True
7f9924075b2480ba4929e850ccb5b91f3e1b874418c5653731d9d41bd88f32dc,conv-48,123,7f9924075b2480ba4929e850ccb5b91f3e1b874418c5653731d9d41bd88f32dc,ba475b87c9fa6267e90187cbde3ca5d5262c15d8a43da4e2d11d10677debe639,120f50722982b15a3b6d6acb5d64f98970fe58b8a365af1804501cfb5f90059a,15,18,99,0,0,0,-0.019975095987319946,-0.029743939638137817,0.29776132106781006,0.23471980094909667,0.9179966449737549,0.7819212244616615,-119.0,-141.13333333333333,117.0,97.61111111111111,1,-3,32,-0.12,-0.066,5e1d79ee4cc7cef8cb3054ffd3625b7f15840e9b617edc76434184c83023851a,e024d9cb96974324442f496f8d7b1c9fceee215a90cd880834f0e61746d43802,targeted,tie,0,True,True
6aa90b054dbca8293c95990dce2153e42c28818743fa6484a6cb47936d1805a3,conv-48,124,6aa90b054dbca8293c95990dce2153e42c28818743fa6484a6cb47936d1805a3,85a03f48ee4fe2314ee415240dd61b07d3eca5f6b588a40d0d90f5918ffce9ed,d994b6a425c7921fe432761277367d57cf7c087fbcc658e0a22efd4ec12505d9,14,15,96,0,0,0,-0.03697812557220459,-0.05708014965057373,0.29776132106781006,0.21844368321555002,0.8855358362197876,0.7884288787841797,-111.0,-137.71428571428572,109.0,87.53333333333333,1,-1,-13,-0.15,-0.06428571428571428,5227bb5e16e43d0af93f7a719added80a4d003aa753f007b6b5af163ad0f8339,f0586d8b5683c6c06c731a30f75359c2a2aeb85cc1e52027d48a9e277aec80f7,targeted,tie,0,True,True
75dd650595437b14753f588daedb4effa372d45e41a1c980c0c2495d395e2975,conv-48,125,75dd650595437b14753f588daedb4effa372d45e41a1c980c0c2495d395e2975,023d28c375468f9ed319eb226d378650414a2add9f68eff52395e297e3c6758e,6815f3fb3335a84444758d1b404e369f038841e6f606e1e3885f4b13352724d1,13,12,95,0,0,0,-0.04772680997848511,-0.021759241819381714,0.33883702754974365,0.21979013773111197,0.8910934925079346,0.7911264051993688,-112.0,-135.15384615384616,104.0,85.83333333333333,0,1,-2,-0.09,-0.06000000000000001,c9009ed7592da2e425d382f7508c1da46a5a57f4c917b1d9249a6e36e47d6e2b,8010dce098fa692af6756c04b16e1a5b3fafd4051d3da8f66aefc3c1534e90f3,targeted,tie,0,True,True
48df25dee5256ee36becb3a18985de91f18e6f2abf72809807a24403e5b76f13,conv-48,126,48df25dee5256ee36becb3a18985de91f18e6f2abf72809807a24403e5b76f13,0175a813abcdecfdc14ba4f34d9dc544f5a21c99a84813e9041e59f23a7dc687,fc541182e90240b882274718935373238bca56308dd19ab1e2afa8ae585657db,15,13,93,0,0,0,-0.048208653926849365,-0.07927638292312622,0.33669018745422363,0.25605365832646687,0.8369408845901489,0.7783023256521958,-107.0,-140.0,105.0,88.92307692307692,1,2,0,-0.3,-0.08000000000000002,6977354b53a0b63d2b1e70688d5a58353fec0ddfe21b2128007329665a948b7e,29aea08cbe319f79c94726819f89b5cd8cc47b81a33131784b476fa33561f7ec,targeted,tie,0,True,True
297d519a8b1529547d1e4efed04f74285df52f020abd1deb71cc050547dc6b4f,conv-48,127,297d519a8b1529547d1e4efed04f74285df52f020abd1deb71cc050547dc6b4f,ccf63448fcc83e784949f87d56e587481da77db9a7d992da3899ad22fc5b8354,a2f7b6715a883c9cd380a3cacff607b96287ca0906a08adaae08e14b8e1b60c2,14,11,94,0,0,0,-0.03265315294265747,-0.06543886661529541,0.36240053176879883,0.23890058483396256,0.8428703546524048,0.7641588232733987,-107.0,-142.92857142857142,105.0,89.72727272727273,1,3,18,-0.18,-0.060000000000000005,5d11c4a7209f5fe3d5a0c4c4c276de54b9c57e03177e6034b665bd9be60f6c84,6857c722b2c69bccb195260a357aa3cbd4c3f7ee03d994c84fe9f9bd62e61d39,targeted,tie,0,True,True
5c6caee1f0cc4282749cd7c4f5e8946f869f86f0ee011eb4e86a2641e662719f,conv-48,128,5c6caee1f0cc4282749cd7c4f5e8946f869f86f0ee011eb4e86a2641e662719f,a07c3d8e28187919aa3145076a6fd3177fae58b96247db15ab264a44ef04c3dd,7da00d03f458e19966b310da7474b027441859e3b43e91aea6b381ac9c6832e7,15,16,96,0,0,0,-0.038506001234054565,-0.02274477481842041,0.28446269035339355,0.22108647028605144,0.8571866750717163,0.7798066772520542,-111.0,-131.26666666666668,183.0,96.3125,0,-1,6,-0.09,-0.05800000000000001,05151a6cc99a7fded37a52d3f27a60598e1b5d82314e4bf689a888be861881c8,3b6b7ddd10b83eea76c3e1ecaf5f569b907c3bfb9297cb6ffdb799c787459e2f,targeted,tie,0,True,True
76165ac66b704a622b8f96933118c6b42b46f06dff77e6d4ac387b1ebc8e2a02,conv-48,129,76165ac66b704a622b8f96933118c6b42b46f06dff77e6d4ac387b1ebc8e2a02,578a26eebd324b4d3f03c7419b61e08afafa8637645087495bcc4ce36a45bf79,80603873932379a8763bdd8753413b7409da226ae01b1a7c9fc96073f7818d6b,16,17,108,0,0,0,-0.03187781572341919,-0.047093212604522705,0.3600624203681946,0.2476300150156021,0.8481646180152893,0.7696860152132371,-128.0,-152.9375,125.0,103.0,0,-1,55,-0.09,-0.06375,66477bbce4137a1edb70a86f120e7b596e397ebd4fd7256b736715b52414647f,cb1276c6fd67011cd949f10f6d849a1f6aaf8fe3703bb9a6dd77678e96d9f972,targeted,tie,0,True,True
5701b38c0f30d774a93fb412c8a07fc1bdce5a4b6e33f422850a7232fb9a3731,conv-48,130,5701b38c0f30d774a93fb412c8a07fc1bdce5a4b6e33f422850a7232fb9a3731,f01b3e7b790bd7905d394157867ec7b42b270a600125fbf95465b8afd5b1699f,9d6bb0bdd5253650bd91017dc0ee65285cbad893b67bd129d342761c59d36091,15,17,95,0,0,0,-0.019156575202941895,-0.032032668590545654,0.288565456867218,0.2156875491142273,0.8616946339607239,0.7568084141787361,-113.0,-161.8,121.0,91.82352941176471,2,-2,32,-0.06,-0.038000000000000006,7259cb53875af17a28d69eacc3fa0df40546bda45c3b46e53969c29cf5f3b30e,6d7197ae92acabdd1cf6d059ec127dccf8564c6cea8fbb5612f9b6954f301227,targeted,tie,0,True,True
6dae1633bb84d45cca2b4c60e7540e0ceba6701b088bb65132505ffe4304d91a,conv-48,131,6dae1633bb84d45cca2b4c60e7540e0ceba6701b088bb65132505ffe4304d91a,3836e374d78f99201c27ca51618a2cf3dbd0748a78e69ff80fc9d6d388c8871c,7752715ef03131a438a931b3b8dc0d83afc4bf7bedae61b95ee52918e2ea1b97,17,15,100,0,0,0,-0.02414882183074951,-0.04086810350418091,0.3189283013343811,0.22479729091419892,0.8855358362197876,0.7762443264325459,-119.0,-147.1764705882353,115.0,96.86666666666666,1,2,4,-0.09,-0.05823529411764706,32395b30caf6ea6bd1513c32566a004f68a28173c77778ab2fd0705028b43efd,fea5fe85b3928d4e3aeae266fbc0091c1f13f110b306bfc535ffac98243bc553,targeted,tie,0,True,True
1bde189b0b9fc3079856bf32e1e578ae4d9941fec3572ccfe4435d8d2d4941e8,conv-48,132,1bde189b0b9fc3079856bf32e1e578ae4d9941fec3572ccfe4435d8d2d4941e8,bf5cfade05fb35d976840c72deb5d885adb7bb126706b78e80d165d7a66f30ca,f876f2848f8a70b6bf8a1742871b01dd3f3ba3578873d6294f4682ba4dce969c,14,17,105,0,0,0,-0.03327971696853638,-0.027966618537902832,0.29776132106781006,0.21449510540281022,0.9179966449737549,0.7987574444097632,-122.0,-140.64285714285714,128.0,100.70588235294117,1,-3,-7,-0.09,-0.05785714285714284,b79f18de0d3661d6139d4dc8fe770e0148d23f0c9899e8f32ee5748a8760767b,1df9025c57830bdbfa11baee69d30b1e701993e43f99d664936641ad5eb528c3,targeted,tie,0,False,False
1276ea6d1ad791f6a6effd3cc274f1d6cb7fbad2b407e4d6531104d081e901a8,conv-48,133,1276ea6d1ad791f6a6effd3cc274f1d6cb7fbad2b407e4d6531104d081e901a8,a2ffe160d9743fd2b2755a5304295f7a3173ed450a1392a6f41ebeaf92e1ce72,ba84ecba3c9b6192bd1f254f7246905e61306b80ef24ed65d0a939eec116dcb9,15,17,101,0,0,0,-0.04252690076828003,0.1183861792087555,0.35033464431762695,0.25507115125656127,0.9001861214637756,0.7835045807501849,-117.0,-141.73333333333332,332.0,110.23529411764706,2,-2,-22,-0.09,-0.04600000000000001,d21bd33beed4e65239edbb4046587c92e68d594ffe181e19e46640edf63c5195,1a0a7f3ddaf2c39b5a3c7ec973fd19ed280335b201a929e2dcc7c55319f99da5,targeted,tie,0,True,True
557d3bf69aa33c3c4df968ec68a136be51349fbc5f09f34e324bf1ea3a8e4aaa,conv-48,134,557d3bf69aa33c3c4df968ec68a136be51349fbc5f09f34e324bf1ea3a8e4aaa,9a969633cba838a90e209aca960834ab495acbbac97a05b49f15bd62ac1a991c,6217b9aeb14970cdcf386fad9b9709d0a33e2d109afc411976e3577be42362c2,20,22,109,0,0,0,-0.031050384044647217,-0.043554216623306274,0.3186910152435303,0.24513776898384093,0.9001861214637756,0.7764487212354486,-132.0,-158.75,131.0,107.72727272727273,1,-2,-19,-0.09,-0.05850000000000001,b1604fd0d51110db439aafde1d74427226069915482cd8ad7145282204060074,806bc88920cc521ab59ae19d2f5bfab7a974fe0ef1eec3a3be4d2312a9b014bb,targeted,tie,0,True,True
2474520c6c89f4e9033aef9597b580133147c33e85dbd447f8c67c6b881c8a60,conv-48,135,2474520c6c89f4e9033aef9597b580133147c33e85dbd447f8c67c6b881c8a60,97cac34ea90b9ec34203e8f4ba999ebd356c45e9e9edc009663cb36e140d78b5,9a13367ad9545247827d1f58c43517d41cd4e4bd2e24e8213f3525615b44b5a6,17,19,104,0,0,0,-0.02653205394744873,-0.04837608337402344,0.3349910378456116,0.2342473864555359,0.8855358362197876,0.8105220920161197,-124.0,-158.64705882352942,119.0,102.52631578947368,0,-2,33,-0.3,-0.08647058823529413,28d6c8aa7e1c9e36c622ef76e6ce8b1605ce312fd5217816d862881cd61ca650,2b053de0740f95b7969dba48db35b1c158c48bdfc8014c481bfd0a235660b71c,targeted,tie,0,True,True
b868422d84cd6e9ab0ab7904e4e168579885a5dd32c2f741b7167f3cd131ab11,conv-48,136,b868422d84cd6e9ab0ab7904e4e168579885a5dd32c2f741b7167f3cd131ab11,735fc66e8915a1e0c56f8ede96fafc47cd30f7121c0894a77efa222ecb6f5071,5028be1b3a978eee5a964c008c2cc411714d6e263ec16623bc5d055fd56d474f,17,17,103,0,0,0,-0.023698925971984863,-0.11470663547515869,0.3321194052696228,0.21268574279897354,0.9179966449737549,0.7804163203519934,-120.0,-151.1764705882353,121.0,101.76470588235294,0,0,45,-0.18,-0.07411764705882352,ff8a18782f86024a14d3e7cf56f5de548adb5f521a10da3e618a9eae715ebbcb,4117400c5f9ad9b1a989ee6e435b930bec978290b01d6d2276227a0259334b49,targeted,tie,0,True,True
1dd9accb722012fa2ba8a1e435ed73816b0162257cbc579e3b4caa98668782cb,conv-48,137,1dd9accb722012fa2ba8a1e435ed73816b0162257cbc579e3b4caa98668782cb,72dfa0b1e7c312168b6030a793c0f9ca29f5f328affb2a85f3a754b0a1ed1a53,d475b51df4d4721937e8daf89c7e17cf2cf75d62a16499645a464e195addab14,16,15,113,0,0,0,-0.03737962245941162,-0.17276865243911743,0.3246055841445923,0.2540840320289135,0.8728839755058289,0.7745441555976867,-132.0,-187.25,131.0,100.06666666666666,0,1,-24,-0.21,-0.08437499999999999,18679027af54f5661451e56bc1579dfd7fbb987a77123aa242ce0873494cd922,6a1a85b020bcbe3736043ebc82acc4b0515d0a6ea9052f5f68230487616840f5,targeted,tie,0,True,True
487956d605aac9a928626589758ff746e9e4df9d3c40369bec0367ecaca75273,conv-48,138,487956d605aac9a928626589758ff746e9e4df9d3c40369bec0367ecaca75273,cba3201d8c33706558d04c18928253141b5c37b7763e714b4f1627303b7e0e20,b59a8db5822f0f6b9736fe4d0bf62a1ccd17763bd22566267e4512f8da0bba96,19,18,95,0,0,0,-0.025094032287597656,-0.02913603186607361,0.3358684182167053,0.22977060079574585,0.8802768588066101,0.7925405138068728,-114.0,-146.57894736842104,110.0,88.0,2,1,41,-0.09,-0.04894736842105263,354302a9c2fe1ef93b51cabe59c26431efd8043ac59eac52e7accbffff38bf18,afbb23e1e4b2df726f16b28ac86b7f4517040f2fbfdadd4f5e3e841b99cd9f88,targeted,tie,0,True,True
a133e8f26925865760f4f2dd7c03452dba907ceecf170742d5fcfc62d18c320a,conv-48,139,a133e8f26925865760f4f2dd7c03452dba907ceecf170742d5fcfc62d18c320a,b4821cd2ed307b3165f1736a9325b8baaca311f081df8a5264ca58f7c2a3077e,1933db07c7e2cc605429dfecdd380fbc321850ceab766c6906c92fca85e2eb0f,21,22,102,0,0,0,-0.03014928102493286,-0.11792439222335815,0.32211554050445557,0.21426210233143397,0.8809125423431396,0.766388242894953,-124.0,-164.04761904761904,125.0,103.22727272727273,2,-1,12,-0.48,-0.0742857142857143,ce8621b4a9c16211a88be35befe28fac16efbf57a51878e8065d8e5e16e9de47,b5a0616c48d81c517300fbcc5912a0a1fb0578115e726d3cc605a51ad831e839,targeted,tie,0,True,True
35d9c7ebc14a2eee943ca8d812eec54751ec73889f1cdd165a9155334d47536c,conv-48,140,35d9c7ebc14a2eee943ca8d812eec54751ec73889f1cdd165a9155334d47536c,77c8df7fb3211fa242a2ca86fda2c37466d211b47f1f685e373ce7bbe4ac529c,58190f8f81ff3b2620c8bd22a1c4d038a3fb0c4d7b6fcfefd1743194015ab00d,19,20,99,0,0,0,-0.029200732707977295,-0.05299198627471924,0.3386584520339966,0.22968936907617668,0.8855358362197876,0.7796084374189377,-120.0,-146.89473684210526,119.0,96.6,1,-1,-45,-0.09,-0.05368421052631579,0d3665ec4677356c1576e9abc36a27f304c7e707fba2b2cdb1e849eeef498619,3370116aaa82de8a3b1ab3205c4b7f1c33d936d50daa5aa778f613d07a380538,targeted,tie,0,True,True
efe141a91e130068c2356972d2d848d88477b06993209cd79953b2a3135de45c,conv-48,141,efe141a91e130068c2356972d2d848d88477b06993209cd79953b2a3135de45c,ed2166f6836b800e2454866220661d1577ff82bb84b71d82e0f4332eaadea1cf,0b39ee0e1ca14b8d4459964ef395bbc0759c0083ff4edee6a6af17650749d268,19,20,112,0,0,0,-0.017708182334899902,-0.05279889702796936,0.34868282079696655,0.21015612075203344,0.8728839755058289,0.7819648742675781,-134.0,-167.73684210526315,132.0,109.05,0,-1,-59,-0.12,-0.06631578947368422,7a01cfdff091f2b664b4eaeaa069fe9b7dd184cc82b36056baf0b94af4567273,9c7532401d2acdfec9823f233cfd2437d5ca7a867e2293edd4f4df3fafc67a1d,targeted,tie,0,True,True
8d5c73c9e4e2564bdfa35b06c86b4432d9464ad33fe1e8ccb0442f39130081e6,conv-48,142,8d5c73c9e4e2564bdfa35b06c86b4432d9464ad33fe1e8ccb0442f39130081e6,8f3076a2fa8336a7d31aef26371bedeb86aa375cd2276c10d9b7ed36cb2c26fc,c2c5818f7caad898a59630de3df11c706a99fca2dada522cd68ea673eecd02e4,24,27,97,0,0,0,-0.035204291343688965,-0.15438401699066162,0.3606374263763428,0.22361084073781967,0.9179966449737549,0.7876009146372477,-125.0,-154.29166666666666,120.0,93.85185185185185,1,-3,-18,-0.32999999999999996,-0.06874999999999999,8bd1b296522a4a72b4633ee4907c3a2f9e611578273520bfec11b06e79567d31,1f4c3649f5a590bb4e3b1c639980cf83e52d65e799858daf2f6a82787ad0c4cd,targeted,tie,0,True,True
404545814d3dd4c2e892bf457a0b8b0b5bca5df44c6db50bafc59ea07e5658a8,conv-48,143,404545814d3dd4c2e892bf457a0b8b0b5bca5df44c6db50bafc59ea07e5658a8,532c879e09b4042832a0b2978055177d4383da265dfb4e78c1fd93eb5de2bd33,0856458692cdc727994301552b2a0c89b2fa2965ee28c5431dfa6df26ea74c61,23,23,107,0,0,0,-0.02681666612625122,-0.1103827953338623,0.34868282079696655,0.21919463510098663,0.8763667345046997,0.7789949671081875,-132.0,-171.2173913043478,133.0,108.08695652173913,0,0,-24,-0.18,-0.06260869565217393,0124bc447d48d5a4ffe2de56bd8624392e560cd0e8f34147d972b8f7104e3991,0ce7af4a636aba8b7b15a09338c66253f3b6d6701e493446f518e990cd1cfd7d,targeted,tie,0,True,True
eecc4d5ee468c391bd93cbb3f3bc2d85a3018ed490eb19194c9d1a0f5bc5c57f,conv-48,144,eecc4d5ee468c391bd93cbb3f3bc2d85a3018ed490eb19194c9d1a0f5bc5c57f,33af4d89294491f9e1eb3fb15735162571ae7ccc0faab79fbebc9322eb516935,b8043f3f757d463ad88384c45c6db28c84e4372738fcdb88f0433806e5d0cb58,17,22,108,0,0,0,-0.03259953856468201,-0.053203046321868896,0.29735589027404785,0.23536092393538532,0.8973612189292908,0.770289575511759,-134.0,-160.8235294117647,133.0,109.04545454545455,0,-5,-1,-0.09,-0.06705882352941175,0a7f66d5a886b4d7083c9abe3cddea861e6610b9c2668ee90fa365f812f3419c,ff4084b6d3acb423c8d98400bc68fd35c430a34441277a72a8b24f4d62d6c230,targeted,tie,0,True,True
0e2ff8ff2314e4d2db2eef026d44d8008fede7fbca8209b6b477d3e70ad99e7f,conv-48,145,0e2ff8ff2314e4d2db2eef026d44d8008fede7fbca8209b6b477d3e70ad99e7f,4fcf5da0b4ec1be063b7619f9c2c1480a1a9663abd3c05837b4f21e9defc2bba,5fed9cf2dbbc9349a6a9792ef59ae88b48f73d1db722682f77d57a8808756df6,19,19,89,0,0,0,-0.03233367204666138,-0.11333316564559937,0.3268301486968994,0.23238534990109896,0.8855358362197876,0.7928974879415411,-107.0,-148.10526315789474,106.0,86.84210526315789,4,0,19,-0.36,-0.05368421052631579,16648a3a77d3c3a4e2eea7d048165098adf0f3ad8e8c0f72bf14fd3a82710cc8,910fc0171e3fff27af4b6fc133a6e2f3c1cb822a7a4ddacc162e7ac5e75cb349,targeted,tie,0,True,True
d2ba4cf0280f54b17359df25358164bb37494e013f2ee39e79e247beca24c7b0,conv-48,146,d2ba4cf0280f54b17359df25358164bb37494e013f2ee39e79e247beca24c7b0,162784eeff9b388df1103efd7ce2d59ea95660781113abc12234c8b4104119a7,d54bf5c2a8bfb635bb8495befa972a8bfbc36fbe4bbc2eed452a108663e38409,17,21,99,0,0,0,-0.027643680572509766,-0.06666243076324463,0.3334340453147888,0.20860760352190802,0.8616946339607239,0.7758997196242923,-119.0,-137.8235294117647,121.0,100.47619047619048,0,-4,27,-0.27,-0.07941176470588236,1dd036332534d3ae739c45a15421914b6eba9375a96765fa0c412fdac3f192da,8d798eb12f79af7a50657f48206a25c5edee56c801e140efaf089b4c67a0b2b0,targeted,tie,0,True,True
f045cc76dbe689d2afe79a996c471a7300d21699615230fa9339cb9e8a7bbbef,conv-48,147,f045cc76dbe689d2afe79a996c471a7300d21699615230fa9339cb9e8a7bbbef,bafa3ce78e13b002512db9bbffc9559c44993dd26eb32dc2ad7fe3227ab76f89,6b136d0bc00b018d117c253f68c16e6af09d9a3ad4270f937e4f872ae4405e82,18,18,91,0,0,0,-0.02117002010345459,-0.030287504196166992,0.4006737470626831,0.24857181310653687,0.8870116472244263,0.7790068023734622,-111.0,-144.66666666666666,108.0,90.27777777777777,2,0,16,-0.09,-0.04833333333333334,148a399ae3dace2b24b107b566fd2454016702611b80e861bc930d12cfb455b8,e3a0c8c9aaf7093cfebb8a1be19c8790eb8f0f0400654ddd34dbe1bddef7c660,targeted,tie,0,True,True
b773d58457e110ae1829ac8c1b4ed66ffcad8e616abbd6bab9f7e3bc22e6c49d,conv-48,148,b773d58457e110ae1829ac8c1b4ed66ffcad8e616abbd6bab9f7e3bc22e6c49d,17c0a633aa93a0138d69dc861cb28a3e44bdad5b44af5f45986a9a6702c469a2,f8f5b641af35c62e6f5dae3d02b28f999a3b29c18154fd34d2af1fa910656331,20,17,97,0,0,0,-0.029565393924713135,-0.03867873549461365,0.36394113302230835,0.24959342181682587,0.8973612189292908,0.798391629667843,-115.0,-135.8,114.0,99.58823529411765,2,3,6,-0.32999999999999996,-0.0615,243c156fa11611b2cf901f4207d5c906ebe9e5fe747ac376fbeaea97c703d089,0a52f903738e317977cb9f874245f18e011dfe5085d9843403e2f581b42e0f33,targeted,tie,0,True,True
c1bbf2a1e1ad1f3a5e03d7815f8c6566247a57b40b7d8121898e64329f2256e0,conv-48,149,c1bbf2a1e1ad1f3a5e03d7815f8c6566247a57b40b7d8121898e64329f2256e0,931c4a07bb5937b0fe67cb0693d0a48bbd6180290f9f4811a62bdd2dc1e3a59e,f6743f445a46dc9955f5326174f7ce08e9f51d06152529624163084a2ebce929,17,21,102,0,0,0,-0.030738472938537598,0.13468608260154724,0.253104567527771,0.19501664007411285,0.8813555836677551,0.7779831091562907,-122.0,-148.11764705882354,341.0,112.14285714285714,1,-4,-78,-0.09,-0.05294117647058824,be974ebb1466ae28f51d4829fae1a1af9f5b85406eafdee7f33fa56eb443ec66,d5d83e6dc70a7340a8ed8053dec6a9ea74385fb990f611faa53adf03899eb2af,targeted,tie,0,True,True
7265a11963e6db436d4746b0cc4f0b9f496ca974873351607d9850080c60d2ac,conv-48,150,7265a11963e6db436d4746b0cc4f0b9f496ca974873351607d9850080c60d2ac,393fa1f9a9fe178110e811bf615423a0ef98ea9354f4fadeec4c97b433e22666,819e107cf356534dbcb1a8a24c1e8e085ee53dd84a6fee628a7b3736f3874563,18,20,103,0,0,0,-0.0245932936668396,-0.16312339901924133,0.31059694290161133,0.24332828323046365,0.8891687989234924,0.7870065748691559,-125.0,-180.05555555555554,120.0,98.65,1,-2,27,-0.44999999999999996,-0.08666666666666666,bfe7c7fa142d3c362bd27aea300ffa9466350ca6e5423aea969121b6dcb83cc3,e70a085d2af1b93371ea7d8772908fa629b5f40fa4e1bcb4c029f03056138113,targeted,tie,0,True,True
e4bd917f67080c8b025ff7e9fff36d04efd8ba0b0471330f674ee62093e26273,conv-48,151,e4bd917f67080c8b025ff7e9fff36d04efd8ba0b0471330f674ee62093e26273,cfeb6e969a5915671c2761eede4a59e430491080d6723832bbcf03dc4470a584,8a55aa118b918945b5a74fcaccaf7fcb90862043a53658167570e31ab5f23432,17,16,97,0,0,0,-0.03218927979469299,-0.06974172592163086,0.33627331256866455,0.21390184234170354,0.9179966449737549,0.7788773514330387,-114.0,-152.64705882352942,105.0,86.375,3,1,63,-0.24,-0.052941176470588235,9ad1338dccac101f040dd07f7035454048649cd065c37e4fb1a3cf80bece3751,eb1910ee9f40d913b90ee69c8b5a8ead6c1323607ac8b6b7eb81aa43eebc6198,targeted,tie,0,True,True
694207dedde02862941dd84e65ac2367cdbb717b0274d7f7d31656bfdede54af,conv-48,152,694207dedde02862941dd84e65ac2367cdbb717b0274d7f7d31656bfdede54af,4d220c2c121561eb4205bb0bfb7db417a69bd6f4da55b92b03da0c4941c495e0,b93b6b9065011bca01781f3b0e725b08d0f72f1201d47a3bb8b90bed36123c02,19,20,110,0,0,0,-0.03374648094177246,-0.08444026112556458,0.3600624203681946,0.21023651800657572,0.8772576451301575,0.7649722933769226,-131.0,-172.94736842105263,129.0,102.1,1,-1,47,-0.12,-0.06,c3a3ce7ef3bebfae7a65a76246f4a310457f71f1991311b217a1bc4a164ea4f2,c2a0450c33bf6bdc38f9dddbaabb4bec11042f3321a14457ecac60de35cda1fd,targeted,tie,0,True,True
2d748cc96937535c9c620f040d959978d3de2ad5e021ed544933e18dc41efcb9,conv-48,153,2d748cc96937535c9c620f040d959978d3de2ad5e021ed544933e18dc41efcb9,f805e4d2ebfbb2bd6f1e6de658f37e345e0cfe9035c92a0b51182a1e2deddfac,43782a1d18f8e344d282848a18623d07d681e4da70ecfb34320b38054e69e096,16,19,104,0,0,0,-0.031188547611236572,-0.05278638005256653,0.3600624203681946,0.21387841925024986,0.8802768588066101,0.7803640459713183,-125.0,-161.0,122.0,97.10526315789474,2,-3,-51,-0.09,-0.043125,4bdccb66e841cc9a2bc2ef8f0e3e4cefa42480b33590e8ee58fa98135f08c623,94892fa85d27a1ede09c683dfe6a37591c8d7bad764ce051f226dc72c6810de9,targeted,tie,0,True,True
19111da53d2c807dc03267d247940c44194cb633dd280434b38bc0e40130dac1,conv-48,154,19111da53d2c807dc03267d247940c44194cb633dd280434b38bc0e40130dac1,7d50d9fa0292c6c25ed6dbe5378b90a0d9471e14a9f885e6ce472571b33e6b22,4f4a18ddd879aeda51fd509067bc0569e68c2bd5bc7d8e9ac0b3fc95057ec0f2,20,22,92,0,0,0,-0.037281155586242676,-0.21472236514091492,0.3856707811355591,0.22052075266838073,0.8782877326011658,0.7736340706998651,-116.0,-164.25,113.0,92.45454545454545,3,-2,13,-0.39,-0.05550000000000001,f64c866df06fc6665006667d3d3a7cbafae4589d00398d32dcad10a914dc3f2d,5e19f36a3ceade092f16f2f2eb40291b0267bb0ee9a8dac91e13271d6c5ecd02,targeted,tie,0,True,True
409e9ceb155be7823ffc87e461c7910e96dc4eb84c0afb724a7171f89504e3cb,conv-48,155,409e9ceb155be7823ffc87e461c7910e96dc4eb84c0afb724a7171f89504e3cb,5df720b83638e4fe4e89ccfb810f7c1fa70cc085bc2cbc5685a6eb2beadab7cb,d81f6717b9a3d8ddfc68378844cd1d1dff8494be423684a3b93baa4bfac5d2dd,20,18,91,0,0,0,-0.03017723560333252,-0.028396248817443848,0.30284303426742554,0.21744701862335206,0.8428152799606323,0.7794212069776323,-111.0,-133.05,109.0,89.44444444444444,2,2,8,-0.06,-0.042,1ce5b8ae27e4922b3c9d95365112044cfb8bfc69d797c09d9dc864fcc8c811dd,e9fb33f07e85f3caa672a6a5681affe5db6d701c378d07c5f60b3ca17c6b264a,targeted,tie,0,True,True
002ba948f4e330493409e69fe2b06d8a1f88117491ad043c8f28d2faf39e8ed2,conv-48,156,002ba948f4e330493409e69fe2b06d8a1f88117491ad043c8f28d2faf39e8ed2,d54e0c64aeadeb4c6a65835cefd9f430ccad3f1193cb6ad174ca31443f747fb1,7fdf59a9653ec9423cb53d43e86f3ba6f864b41fb8179947e8aa30c48815f0d6,16,14,94,0,0,0,-0.04138994216918945,-0.03782600164413452,0.2972986102104187,0.21842146664857864,0.8335192203521729,0.7728421688079834,-110.0,-129.5625,105.0,90.42857142857143,1,2,20,-0.09,-0.04875,b05eaa37ad80de29e010805e0a5b311b8349924bb39d0c250feb271773cffe73,c3a95380af6747f053353e4f7b8861748a5fc625d3a3bfc733f3bbcd4485cf8c,targeted,tie,0,True,True
526dc795136797172811ddd5e1e56ed5977d424e3e4d9f42b359ed2bab0b9c61,conv-48,157,526dc795136797172811ddd5e1e56ed5977d424e3e4d9f42b359ed2bab0b9c61,60932e632a305cc88b7760d5fc44284a8728775518bfced871063fe1bb05234b,26ca5b50d05990506e620b596f2c0616bd3596eff264ae86b34b0ef444bb90ef,13,14,96,0,0,0,-0.03283083438873291,-0.1584118902683258,0.35971230268478394,0.22560619390927827,0.8855358362197876,0.7919444186346871,-110.0,-146.07692307692307,119.0,86.5,1,-1,-27,-0.36,-0.08769230769230771,10fef3238cdcc9a93155423171aeec3e3c2f71aa5aef159f1531ca4126bb9357,7dbb859072c6ce8adf85c89fa9226790d27d5ca3547042c8893b517be5c3fe1d,targeted,tie,0,True,True
f9a1829541af3547042606e10a5ee44f90fd5355ddcf3dce2775289cce5206a3,conv-48,158,f9a1829541af3547042606e10a5ee44f90fd5355ddcf3dce2775289cce5206a3,c034cfeca8605ee47e5524cb9791f663041b98618ee649a8e1f8ce59188c78f7,10091a74a87fe1b12478275cd53f6aa7b69b8993560c1ba1e058b0e652d4eb2f,14,16,91,0,0,0,-0.03588414192199707,-0.04123365879058838,0.3233848810195923,0.23669973015785217,0.8813555836677551,0.7936479337513447,-108.0,-130.71428571428572,107.0,91.0,1,-2,-76,-0.06,-0.04071428571428572,c1269d74193f95f773c3acb9709b63c4164422f7b778358d9abf61cca1747d0c,782bd7c761667be91791c74677b2986f83af485ffce76805ecaffe8fc66ea65c,targeted,tie,0,True,True
e67c54ff0b2c6598dcbbd0aaab806f114712e805f8abe56a176d304ba4a26c09,conv-48,159,e67c54ff0b2c6598dcbbd0aaab806f114712e805f8abe56a176d304ba4a26c09,e6b6bfa8d8271c841f4a25d871c385b6e74b48ea81455450dafa653624f50a32,eaee323462757c4fb02c95b3f854a872b60a1967b19e0cf06066a8ed6b2b8401,14,15,94,0,0,0,-0.03617417812347412,-0.062277257442474365,0.3068058490753174,0.25240465998649597,0.8973612189292908,0.8041209220886231,-110.0,-152.35714285714286,109.0,93.73333333333333,1,-1,-7,-0.36,-0.09214285714285715,e72fdacd81c7f63e66dee7b1ea5637ccf111121f1a23cd9c7634904860831c71,e9f12b9fff4b1822c966cba4105a7e3b75e70943e299f3adb9716a7b66308ad2,targeted,tie,0,True,True
2fafbbaba03b216cf3cd5b48b12e2bccc7b0968da5919e675e3f81be08c4d89e,conv-48,160,2fafbbaba03b216cf3cd5b48b12e2bccc7b0968da5919e675e3f81be08c4d89e,c0716dcd71f4dde7b5790906045b916b5dc2aaf5ffde9e7462fa7890f7f09697,2b30517840d0fdcf1bb2e19e577371549ec9a7782e9bf85c324cc93037cadbb2,14,16,102,0,0,0,-0.04408687353134155,-0.040588825941085815,0.3406217694282532,0.23847138030188425,0.9202011823654175,0.7869888208806515,-121.0,-141.71428571428572,116.0,87.5,1,-2,-9,-0.09,-0.055714285714285716,6ad8fdbe3adf599eb2605ddbd8d26a03c54f433ee2931382fbd1ba621925be17,dd41aea670035e9790d8d3f63986e23283bbc6339eb41093641014bc87363088,targeted,tie,0,True,True
1bf68d035969e53ca4bad1757511dddc5ef69aa8946547a8058ffb384083972d,conv-48,161,1bf68d035969e53ca4bad1757511dddc5ef69aa8946547a8058ffb384083972d,7bc49ec611f7529421c916f1e631e0a2c123a0559deaccc9c36b36dcbc9d01eb,a077263ed40a6f42012c63dc0b8ba2fd05ea1bfb7ffd3e6355c481a21b145cba,18,16,89,0,0,0,-0.05537328124046326,-0.03860846161842346,0.31505125761032104,0.24498706062634787,0.9179966449737549,0.774260651320219,-108.0,-136.05555555555554,105.0,81.6875,1,2,38,-0.12,-0.04833333333333334,8b4726d8784d129888bdd701f91035e29ac612f037745379a70bc6005f952b71,1a3f14ff706eab853050fc9c65b93a509c44e7db36e397166573a9fd17094c52,targeted,tie,0,True,True
844414c9cfc7b4fc38db0ee99ae3b39f218248493eb390d1464ba4d6eceedb48,conv-48,162,844414c9cfc7b4fc38db0ee99ae3b39f218248493eb390d1464ba4d6eceedb48,1face3853cfc4502cd318c730724b08b399272057e00f519533be62b4e8db19f,d1fb2bebd4d63dce79fb1367ed24cb44a1a9c1c5f759b7cfb5b664b9424c064d,17,15,97,0,0,0,-0.03847318887710571,-0.06253886222839355,0.35244297981262207,0.2347327190286973,0.8768409490585327,0.7624924461046855,-116.0,-134.7058823529412,110.0,94.66666666666667,0,2,1,-0.32999999999999996,-0.07764705882352942,9295ee280ce583c3d9c06b75393d4d8016abf7ee01f8aaf51834989a83e3c209,5dc3665b68ff5399bbf8a2210cb1f22a74af091d34e41e85de887dda8acfc156,targeted,tie,0,True,True
9f012f02d1b08d560fb2f45088a424dfee85b98e705f019d4099bd2067d85065,conv-48,163,9f012f02d1b08d560fb2f45088a424dfee85b98e705f019d4099bd2067d85065,47e1b81a99b87348fb68ad80a0c970c5b9af70a58d68f3bb80413a218fcc096c,bb7bf8e3ba40e7d16533c1a3505620b00873cb8a2c646d818806e2d788b3811c,19,22,111,0,0,0,-0.03372037410736084,-0.11250561475753784,0.30535537004470825,0.23617846087405556,0.8763667345046997,0.7904389338059858,-141.0,-176.47368421052633,132.0,111.9090909090909,2,-3,28,-0.36,-0.06947368421052631,924c991c3884648ad2ef762aa405229a238316b1fca2513eee10b0ed2d8bae44,689c1b854c7e2ebb48aafee07f3e8af3a4384de8b33fb48939797c921ea17536,targeted,tie,0,True,True
1581745598521e31d61c48363abff4e6fae29710f16c78c1f47ec7d5fb67d50c,conv-48,164,1581745598521e31d61c48363abff4e6fae29710f16c78c1f47ec7d5fb67d50c,727debe005bdeede2a0e9810f7e4fb6652dee1ab35d89f7c4b9e49bd6a5f5664,1b545912a55fdcb74efc69489b94a0e7f481bdd7eafb28e069622d601871506a,16,21,121,0,0,0,-0.024597883224487305,-0.04176601767539978,0.3600624203681946,0.26671676710247993,0.8910934925079346,0.7742688457171122,-142.0,-180.8125,153.0,122.0952380952381,0,-5,-1,-0.12,-0.080625,231f8231cb2325f5d0ac05541701021acfd11b169463bc8167cd849407165346,b603f5d26957c0e7be3375d86ac9663562347dc9085603036b4fafa6460188fb,targeted,tie,0,True,True
e644aedb36cf6ecfceea90ed689207d9ba7ce6d6ca8464b7745a5c3e8f6142a4,conv-48,165,e644aedb36cf6ecfceea90ed689207d9ba7ce6d6ca8464b7745a5c3e8f6142a4,2630e6ff48de10384c42b406292cbc0355ab92fa31a118cf47d6476948295e13,eaa3c7c0702f58c1a33d4744aa9b00cc19cf0f2e3bf20574f20f9f61a67cc4d4,19,21,98,0,0,0,-0.03604122996330261,-0.046291351318359375,0.34831100702285767,0.2306424065640098,0.8813555836677551,0.8007625880695525,-119.0,-146.26315789473685,118.0,95.38095238095238,1,-2,-18,-0.09,-0.05526315789473685,03bcda7eb1b8a87f2145fd0e9ae07634d6b837b34312431136e094625f14bd77,b28e2b446108cf32d0d920f42369c3ec86ea1c22f04f638fcaae421f1fadb744,targeted,tie,0,True,True
9124c624d924e39fa5bdcd0138adb3cac7a1a87b56ccfcbcf0afcb96ca179fca,conv-48,166,9124c624d924e39fa5bdcd0138adb3cac7a1a87b56ccfcbcf0afcb96ca179fca,c4de1229a9e4de87f9ad91daf1e1fafdeafa777571857c099be9488c2398ac1f,0971b3f5a5e5d3d2ebe65f080aebdf232f0f7be77f6a4c0ec4d0110447eced2f,17,18,99,0,0,0,-0.031282663345336914,-0.2122589647769928,0.3687518835067749,0.24858781870673685,0.8273732662200928,0.7633339199754927,-116.0,-149.2941176470588,119.0,90.83333333333333,1,-1,80,-0.32999999999999996,-0.08647058823529412,ffe6be1c1e6fc58a4ddfbe92cec29f9345522844751f689e581bb9dbdf7fab11,bc9322918e522f25729a90c25bf27c0e0d45cd45d17fb35519446c0b5fc00df0,targeted,tie,0,True,True
dd98c0e68335e2c9e1d1270ab9787d55543eb1c7a8d2598e886d7fe15cf9effc,conv-48,167,dd98c0e68335e2c9e1d1270ab9787d55543eb1c7a8d2598e886d7fe15cf9effc,f20f677a6edfc045a763c193379612d360b8883a9623ab0a6fd4fb8b5e89d66b,76acf72354e9532531e54862ee0a9c7218749d17363f2666553333d7d383e1e2,22,22,94,0,0,0,-0.03278157114982605,-0.12871995568275452,0.3588278293609619,0.2220997674898668,0.9179966449737549,0.7869824767112732,-119.0,-156.86363636363637,116.0,92.68181818181819,1,0,44,-0.42,-0.07363636363636365,d37b7904751d50d860e0fa5243c2a879c130e1d44c6a58000462ff278e66215b,c9c48051f67a39d646971e4824e06c07f3723e01382d945a2e92f230095892d9,targeted,tie,0,True,True
426e7708b9d301e70bd38106e9fdc8f7a8c83e063986f49c2f79ad07404ec9b5,conv-48,168,426e7708b9d301e70bd38106e9fdc8f7a8c83e063986f49c2f79ad07404ec9b5,35503834ea770d826754c6cef7b9b6a429c5a3ff74ddd2decc444f95d5621112,8037ae6d98227bd2bc067c3a29faba35551da2dc6cd30e2909458b6b6adef517,22,23,100,0,0,0,-0.03595912456512451,-0.15534573793411255,0.3349910378456116,0.23426273194226352,0.8715857863426208,0.7763705124025759,-126.0,-163.36363636363637,122.0,99.52173913043478,2,-1,-69,-0.32999999999999996,-0.07636363636363638,e83935d3f9c97f0c027f65cadb65248adbd7bcf82e3fc548a5bcc72d79adcd32,ced1c06e4d71ec9b290d82033d0189aaec549f70290229b31788ef60920da247,targeted,tie,0,True,True
e69d6ca0ffb7ccefdd8474bbff7aecb5531fc5e819dd99ecd4e026588d82b6b5,conv-48,169,e69d6ca0ffb7ccefdd8474bbff7aecb5531fc5e819dd99ecd4e026588d82b6b5,66fbf7cfdf81070edda76c5112505b06e8bdf2d1308ca143586dd57243692297,406a038e52b497ee3f37e855ddfa8311bded42b537ad4a0411bdce35ce63d4f7,14,16,95,0,0,0,-0.017577528953552246,-0.047870755195617676,0.34972715377807617,0.24688178300857544,0.8772576451301575,0.7830920666456223,-110.0,-136.0,111.0,93.8125,1,-2,34,-0.15,-0.05357142857142857,adc145ac4440adf59475fdbe13c15316e40bbda0d7c646b727dd6c84063cefdd,0d47db9c0ff623228775b5caec668c57093bbc464205d6aa161fb5d48deba7c5,targeted,tie,0,True,True
f454fb62f88df20e4be39ac881d8badd7a4971d961b9cdb05ec3312b6098336f,conv-48,170,f454fb62f88df20e4be39ac881d8badd7a4971d961b9cdb05ec3312b6098336f,5a69e7cbee3bdc3a5e39c97cd7e9d13f87e418668e76fc4d89c9c782b25cd56b,7d5801a542e35db71019eae8642e2a009d5e90ee6c5f8323f974f71f7b10c5bb,13,12,94,0,0,0,-0.025690555572509766,0.06800997257232666,0.3115055561065674,0.21329932029430682,0.8768409490585327,0.7763160169124603,-106.0,-124.6923076923077,277.0,104.58333333333333,1,1,-29,-0.09,-0.05999999999999999,6a2e2bcc4809c7591584ebe2c8dcb213190f8f77b286f45e99375a3f897af251,aaa59825bdc65a7b0cd1b80f1a835f209195a6f4000895d06ad7a1f7bdf39216,targeted,tie,0,True,True
3432f6e4c7441990eb046c4ea6a96869a86efeb9c6857152a86ac41979b77d1f,conv-48,171,3432f6e4c7441990eb046c4ea6a96869a86efeb9c6857152a86ac41979b77d1f,7221163efec814dccb332040c4d4ba4675b8da1c0e1db02a7e0b766ae10139c5,e77d051b7cc040ccd4c5173c8f61199e10dd75bbb426deba00bfbc7900520a39,22,21,96,0,0,0,-0.0321594774723053,-0.12160038948059082,0.33974194526672363,0.24124293164773422,0.8329765796661377,0.7505724799065363,-118.0,-153.3181818181818,116.0,96.42857142857143,3,1,-47,-0.21,-0.05590909090909091,5fc415b911560eb402b6485ca4cf0a4f1906f06540ad2317f424105fdc9372bc,2293d4b36a5f900c257baefd1ada76f76ebd9bcdd6e80b70d1a66c00e9506e5c,targeted,tie,0,True,True
d330fa38905505b66cb53d976e99d57a74a3479130b20ab3a2d27502915a38a4,conv-48,172,d330fa38905505b66cb53d976e99d57a74a3479130b20ab3a2d27502915a38a4,360225fb989356e2c55f52b3bb13d9b781cf56975f0be3fee9109f08495d88f9,e150dabd807601eb4bda131c7d9199fc4c00707586a8c2843bdb18ead5e38b6a,22,22,95,0,0,0,-0.03261667490005493,-0.1776346117258072,0.3600137233734131,0.24151285128159958,0.8616946339607239,0.7687027833678506,-117.0,-171.8181818181818,116.0,94.86363636363636,1,0,35,-0.57,-0.08181818181818182,ef42276ecf7abff8bfd9e6562eacc366e69f7441e93d0b2089b7577a5c7ae52c,37df5a67ce0e11f219a87c667ab37dac9120d246231de13b238d88646a36a095,targeted,tie,0,True,True
576136900338045add7fbf849ae429ec06ac1c919fbcc94f8359e4a375dc8c30,conv-48,173,576136900338045add7fbf849ae429ec06ac1c919fbcc94f8359e4a375dc8c30,4c6bb68cfa805d05d6a768cd403ed066b24d67e2d1f04307d4a8d830156f7c9b,635fc36282dc84fd6077d71713e405d00dd24b69c5a0f9c10dc7b814ef3f522f,13,15,105,0,0,0,-0.04881364107131958,-0.12293869256973267,0.35033464431762695,0.25543848367837757,0.9001861214637756,0.7959164460500081,-122.0,-152.76923076923077,120.0,101.0,2,-2,-9,-0.18,-0.05307692307692309,4050bec28d8fef4657997f39711c3b8ddc40925db53ffb11cb483774297d7089,775592f31677303e5269062c6e0debf3ed3018732b4d78aad28d27d7469211ed,targeted,tie,0,True,True
d31b6e2b9aa17d9335a787cf25336b630ca56731551178727184f3837863e7bf,conv-48,174,d31b6e2b9aa17d9335a787cf25336b630ca56731551178727184f3837863e7bf,963017d3d74629706cd4663133a68d3fd8bd90c655ff626780ca0d9cedd616ba,b187e791760913cce8e53084b4def88cc1b51a08b2ab939fd5d049b184a2cc26,16,14,107,0,0,0,-0.038671135902404785,-0.04616814851760864,0.3923899531364441,0.2667985334992409,0.8768409490585327,0.7652609901768821,-123.0,-153.3125,122.0,102.14285714285714,1,2,6,-0.18,-0.061875,46d16c4aa76190fda3a82b7ed3b2c27e6688bb15ccd98427096bd45602d55844,daa9569d658422f3463665532af70969be5e8e6b55f74304d317c7989ecedfe3,targeted,tie,0,True,True
edd895411bb9e0581908c9b9d2219dcd80ad49f8e82dd066acd100005399110b,conv-48,175,edd895411bb9e0581908c9b9d2219dcd80ad49f8e82dd066acd100005399110b,7e20175767fc028f5ebaa4c55e82b5c0671901c7f0590e2826e8264a7e5e360b,a22f4dc0cd386bf7004b3207954fc0fcd67b9da65d87b5a6288ea9f98cd78154,16,15,102,0,0,0,-0.0350765585899353,-0.03693011403083801,0.3406217694282532,0.24269293248653412,0.8768409490585327,0.7951289455095927,-119.0,-143.875,117.0,97.26666666666667,2,1,27,-0.09,-0.04875,8ac1505119250a68c0b7496a2561e178f88b859d8af29fdb1bc02fe4ce40d62e,c1eda7eaba3caad68209d9aa99806798620afa9e7090bc430a6a6d2ab233ec7c,targeted,tie,0,True,True
871920a2429e74df1021248ca2aca33aceafbf836fb6c761c0fc5051acfef876,conv-48,176,871920a2429e74df1021248ca2aca33aceafbf836fb6c761c0fc5051acfef876,3e2179f3d9a5eefccf3fa19c58f67f3136730442e685b58141ab3c73dfa3b68e,d09664445c90eada109e4a979672386f482690af3c3396129788b147afcf4275,10,13,92,0,0,0,-0.03510528802871704,-0.025729626417160034,0.3406217694282532,0.24946165680885315,0.8855358362197876,0.7879675397506127,-110.0,-127.4,99.0,79.0,1,-3,-66,-0.06,-0.042,aaef0bba941847543076ea29babf553ab671c842b91a367965e828f01a5896b8,de3823e864c7ccc36543a305f58f9f62531973720fefd3ddd440637c9ec92143,targeted,gain,1,False,True
17478b78f9d8651e07a3a88393d34d3a2c95ad5f111112dd40a1f15da8bf0760,conv-48,177,17478b78f9d8651e07a3a88393d34d3a2c95ad5f111112dd40a1f15da8bf0760,a7da0fc552f5129e4b8db0bb263bdbfa6b44d5eeba052b7bf53edf815e2527b4,d6ec406f72417a1f406d4806f7b172e00d839872677a0298cd07ca343802615a,21,19,84,0,0,0,-0.03586167097091675,-0.12339186668395996,0.39959657192230225,0.25613597177323844,0.8348644971847534,0.7774588214723688,-104.0,-147.33333333333334,103.0,82.3157894736842,3,2,-1,-0.39,-0.07142857142857142,b1e8977c0c85d803c9400fb2f2fc2816eaf052251d6ceb6d6344097a9c63cc61,317361448bbfdfd4d802243102988ffa5e38619072229f9aa67a79fc1ff13317,targeted,tie,0,True,True
c8fbaf6dc5a865cc5e22ff7f80f2bcf10a1f8d59f20136c84e1dcf233ad069ef,conv-48,178,c8fbaf6dc5a865cc5e22ff7f80f2bcf10a1f8d59f20136c84e1dcf233ad069ef,4f86ef3630c547760e8956a48df17b69d7a8cdca6e07e9a37628132fd835985c,e6b9eff53d2695deb60e44e94f8e3a174bc3d818b06999b438e3f79b84a022a9,20,20,87,0,0,0,-0.038455963134765625,-0.06245154142379761,0.3406217694282532,0.2287631779909134,0.8855358362197876,0.7950930655002594,-108.0,-135.9,106.0,86.2,3,0,28,-0.12,-0.0435,32f192999d0705a5e7f8b7ce8062615edcd31825efb76bf81ca84d73d93051fc,0f1fe3c1c5867339e3d3ae89afed9fbf24cde7d447c04833af6ebea4c3f64788,targeted,tie,0,True,True
5affeccb570977675417ce3cfe828879d76edd16c2b3de61cfac52d33381534e,conv-48,179,5affeccb570977675417ce3cfe828879d76edd16c2b3de61cfac52d33381534e,013f666d1f65c16efe04b05dc0a92e8a5998e025645867325d0a49dc8189dedd,2110561d40e00d747233bc047c6d3fa97b32645887522a772e920e5db65ad5d4,17,19,103,0,0,0,-0.03981703519821167,-0.02816307544708252,0.34831100702285767,0.2379535857368918,0.8507752418518066,0.7751729613856265,-122.0,-142.11764705882354,121.0,100.26315789473684,1,-2,-62,-0.09,-0.05823529411764706,a588013a9754b424285eb66413d1d5351682d87d765909d8efdbdaf9c8916174,6540a10d3cb6e0c91e4c83980065bab47eeedc0053f93cb65b8f8a10a2c1dfbc,targeted,tie,0,False,False
9d90475bfd2c564457fadf2b1a43f221716422904dcdf848fdba3adac8e35826,conv-48,180,9d90475bfd2c564457fadf2b1a43f221716422904dcdf848fdba3adac8e35826,2079660aecb64bc05b3d31fe350585b4f81efc4a570e59ab17af821a6c580086,33aaab5e1a8b9f7061cf4a42b60146339a62e0846504f8768faa9ff10b4d9538,20,23,96,0,0,0,-0.034351646900177,-0.049258649349212646,0.3600624203681946,0.23058097958564758,0.8573638796806335,0.7691096015598463,-120.0,-150.75,119.0,97.69565217391305,2,-3,-1,-0.18,-0.055499999999999994,6034dff6eb890315383e967c6beea1993a45a70bf4ebfcdf186b81f0d4c4054d,13aa971de75054536c32a4a9a601e79a98990dfca0378fd04e6bf7eea8826ec3,targeted,tie,0,True,True
698f8283eb2c73156499c3ae4abb6a93d3c5f74ed08def0758eadd3573316503,conv-48,181,698f8283eb2c73156499c3ae4abb6a93d3c5f74ed08def0758eadd3573316503,6cc226a57b67132dfe3e4faab5f0bb44bb900380c62ace94d19f4e3af8c2e221,3b733566357f6ca2f6fce8c5f50c6bc57c929131939221d4cd0c66a2056e4cbc,18,17,109,0,0,0,-0.02463415265083313,-0.16014191508293152,0.30535537004470825,0.24005085892147487,0.8789225816726685,0.7781648180064034,-127.0,-180.0,125.0,102.17647058823529,1,1,-35,-0.36,-0.08000000000000002,665180dd8d7ac6fed8fd2123869d52b21a0d7bb61614d748feed673cad755020,5619e17c4703896ae97d4d666c98884cac829fc391e730f99078a4f1b8200ace,targeted,tie,0,True,True
13f7798f019f1be91d999918974e421b6b6775f6a71fde5ee873b0815ef8ac89,conv-48,182,13f7798f019f1be91d999918974e421b6b6775f6a71fde5ee873b0815ef8ac89,5c99f4c3e6c52cd9d61ef26bf0e19ff1818d4a54cd890f392e35893296274a76,b84447f128f6890f4d881d4fc965a22571fe647814e673cc2732b4db39b2577c,15,14,92,0,0,0,-0.022544026374816895,-0.032732248306274414,0.35971230268478394,0.21891382137934368,0.8616946339607239,0.786939412355423,-106.0,-129.06666666666666,105.0,84.0,1,1,2,-0.3,-0.06800000000000002,8cb145b464aefb622c415b755278dba0aacb5110bad70de65420f7c6876700c9,65ef78e5069de4de30495ef69966f499ad8080c254296d6e9e65048307eb4f37,targeted,tie,0,True,True
8c7372ec6697e76ec9b01ee7d420b883b3c1bae69dfa1f9ec928324e0e59294d,conv-48,183,8c7372ec6697e76ec9b01ee7d420b883b3c1bae69dfa1f9ec928324e0e59294d,8ff21f98aee87c4c74aa62f9339de45949c143bb9c05f941a48c17b186b0ef3a,5815183c9874c4f77d758063834717640d1f3a331998b31c6a61a57cc9865552,20,24,106,0,0,0,-0.03407299518585205,-0.04649704694747925,0.34408998489379883,0.25530626475811,0.9179966449737549,0.7834266622861227,-130.0,-158.1,131.0,107.16666666666667,1,-4,26,-0.09,-0.06000000000000001,c6dd15b55a214128281ec84c47b8c6e4f178bb1c1341b4ea0d0bb423f0da9e6a,ad8d1d5af19987158a2cc7ccc6f59894632f0bb082bcdd70b6cfbbfbc2dbf1f7,targeted,tie,0,True,True
002b8bef97df5a414cf2e170dcabc8ad4bbb356ea1c6da0aff5b0cac1857fecd,conv-48,184,002b8bef97df5a414cf2e170dcabc8ad4bbb356ea1c6da0aff5b0cac1857fecd,7b86c8a99aaee2e2cd0508b00ac3273a769d87c30c08c5a544e515dcebf6e756,cd566e34aa8fb219a98b87b0d68a664b6a1862675b421e627714b9ce83c362be,19,16,100,0,0,0,-0.03828519582748413,-0.04291939735412598,0.35222703218460083,0.23545708154377185,0.862700879573822,0.7816032618284225,-118.0,-139.47368421052633,115.0,94.25,0,3,55,-0.12,-0.06473684210526316,5f1366f26decdae300b4a378f434b4a678863f5229c85e6038103207ec996629,1bf85a9e1f3af4a7e41ff61a45e581541ca65a1f97eaecfb71a8cfff43cd8b55,targeted,tie,0,True,True
09ad9e163289cc0aabaa3e38824bb7eccd81dcc0e6ef382eb69d8af178499b45,conv-48,185,09ad9e163289cc0aabaa3e38824bb7eccd81dcc0e6ef382eb69d8af178499b45,f55f1875f21fdd2880d5c3276dfdb94e83ddb4e9f7dc60852cbfa65d0ccc785e,ca2739d1653cc731178c23fbc391f045007159e439ebfc21c7fff4de78f251b8,23,25,88,0,0,0,-0.03448486328125,-0.059946268796920776,0.3664618730545044,0.2111727336178655,0.8904110193252563,0.7630192708969116,-113.0,-155.17391304347825,112.0,87.2,5,-2,3,-0.12,-0.036521739130434785,09d5d6c0405f6990baac718c38c7970bb3c90d51adbf9fd58bb5e8a610f5b496,018dd36286621dd4cfa11880009babba5061a32cb7310a1be1e8677440bebda2,targeted,tie,0,True,True
cacecd7aba88d6798e0d6347a9dfe1e94b8a90023efcd8a928472337509710df,conv-48,186,cacecd7aba88d6798e0d6347a9dfe1e94b8a90023efcd8a928472337509710df,c3d5663cbd84b3c7a8eb98b6fe202b9f829691338de9e8d163dd5241626d6651,c51401fbcae2ecbbd9a6f06a726bf60d7a50d81c3acd55f3fbe4586ab64caad9,21,24,92,0,0,0,-0.028226494789123535,-0.04283171892166138,0.3600624203681946,0.223087816011338,0.8910934925079346,0.7763067359725634,-117.0,-167.85714285714286,134.0,94.25,3,-3,-17,-0.21,-0.04857142857142857,ef6e1a18108d76e0caf21fee530f4d3a48af326a6c39888b943e50606b689c9e,4e7d8ce077f1df588f4f942bcea51332f331704ac79bcd41c53731d9fed247d2,targeted,tie,0,True,True
5ddc29a0c859279af594cdfdde1492bd250dc147ac976a9a65ac058f85ebfca0,conv-48,187,5ddc29a0c859279af594cdfdde1492bd250dc147ac976a9a65ac058f85ebfca0,598872756201665b6e6405450a0e3d912cf1ea53e67c837543c1a6dea8d08940,8d9369d6adc2e8d2599cde77cf66213aaf58a975e644cb6d57af265379b570d8,19,22,103,0,0,0,-0.03559786081314087,-0.040112197399139404,0.33300185203552246,0.2346907603113275,0.9179966449737549,0.7745782949707725,-126.0,-152.0,120.0,97.22727272727273,2,-3,-52,-0.09,-0.052105263157894745,13f95e5436e58e7115280159897678df5bf8fdc940cc8b3624c2a620e52e2427,f2f9ea406caf97138633ab1184434661b5fb5f32d8dee93588ab969d0f393114,targeted,tie,0,True,True
7206ae53bf155a20582bf14688705457a718a7ca3afd74d5822208c4dcca71f9,conv-48,188,7206ae53bf155a20582bf14688705457a718a7ca3afd74d5822208c4dcca71f9,26e185ad9acff690d540339e7a4502c94c5f46b6059996e01ea95c7f3502523c,87177e9bccefa1e0d730803422fb127096f5f52b9c1b700ffa72702d0b915c12,18,19,104,0,0,0,-0.029616594314575195,-0.09312158823013306,0.3446800112724304,0.23672626415888467,0.8437976837158203,0.7821165323257446,-123.0,-154.38888888888889,122.0,104.73684210526316,1,-1,33,-0.21,-0.06666666666666667,2ca43863fdd8664ef8d6c37f4bebefd396e739a64554e6f5480902ca05cdbd21,185dbbe94333c6a854f85c2184953713fc4de7e5a6f4fb33beff2f058653bf99,targeted,tie,0,True,True
2d988a367c630ec55d8e016e32283466b2985c9daaee2357b5bd492a65330335,conv-48,189,2d988a367c630ec55d8e016e32283466b2985c9daaee2357b5bd492a65330335,350ac906d651d6164dc3f96f55dd61c879fa3feb67f9840f06a70b31afe0bf45,0c481488b45e6f0cefd5c7b789e6bbcfaf125a759f5969512dd6aaf15d7b42e3,17,16,97,0,0,0,-0.03323483467102051,-0.04530557990074158,0.3653082847595215,0.23077415718751795,0.8307307958602905,0.7510918416082859,-116.0,-147.23529411764707,117.0,84.25,2,1,-2,-0.09,-0.05470588235294118,46cacc0f5e299e5728c5fbcf16ae8227e5c998bf8c7c036eb4c7d5020cbe81c8,0652b1273816744a6327993ebf8bed4efd47c5a5be5de8fc9f71e0f37bee3fda,targeted,tie,0,True,True
d784c2ed2380df06986a57432337baafdc86a77eaafc76b6bfb4b4d7386ac41c,conv-48,190,d784c2ed2380df06986a57432337baafdc86a77eaafc76b6bfb4b4d7386ac41c,3c64447b671b5dfdfd4f1b913af9beca7a6158cbde178a32e9577d19fb10f902,892a5f427a2ada9411cc459fa1c0b79843ce92e38b269ed55b161fd01e32a615,15,14,94,0,0,0,-0.020565688610076904,-0.04595118761062622,0.30923712253570557,0.22928186257680258,0.8329765796661377,0.7725632062980107,-109.0,-141.13333333333333,104.0,87.64285714285714,2,1,-68,-0.09,-0.054000000000000006,a51bfa9688aa5c407f78148344041cfd1cf9bfd9f6f9d3f693248aa1e2c95c5e,e602992e72d0cd455f50495a47edb75e265086b37deca964762ff3be75fefa30,targeted,tie,0,True,True
2f5a925986b6bb6f64225dcb60c44c7afa66c2ae5a710dc3d0c1e769a46f8a20,conv-48,191,2f5a925986b6bb6f64225dcb60c44c7afa66c2ae5a710dc3d0c1e769a46f8a20,7cba4d8c0000b8b3782b94ecf41772a7eba55ed39c107628b6e867ba7b675ff8,b6ab90335a6e8a5de43ad34d7683a8b02e2b412420abd1b091838f7a5e68bb79,18,20,115,0,0,0,-0.036697566509246826,-0.05977955460548401,0.33461761474609375,0.22566728128327262,0.8772576451301575,0.7860655218362809,-138.0,-173.27777777777777,133.0,106.2,1,-2,64,-0.15,-0.07166666666666667,cb58c31a0b6d3dfb5958b095304a4e8d762e6acebb2a60d911ac9e53683d7c03,ecbfa1025cd6a1f99eef285c7494938da01c006a3e3f7c33a227f92dae7e10d7,other,tie,0,True,True
f4150f8ed501a5f1ced93826448192641704a673db5faf363662eb053ed33a63,conv-48,192,f4150f8ed501a5f1ced93826448192641704a673db5faf363662eb053ed33a63,0009872d0919a57a76cab4556f643de14dbc4f71a1da46fa29c8de4842595373,6d04961a9cf61bc4731eacc1b0907b91267c44e6440f2d03993e25692ca19602,21,24,105,0,0,0,-0.032456666231155396,-0.16520753502845764,0.3600624203681946,0.24354255199432373,0.8485565185546875,0.7761008590459824,-129.0,-173.33333333333334,128.0,100.33333333333333,2,-3,-42,-0.21,-0.06000000000000001,e75cdf6cb90f633ad27595be5dafde60975a8ce1be4eccb8e4a70456b686ca6e,e64adfe13069ccce8074d47cc172407f30c92bdccbf571db29c5b1737b1700cf,other,tie,0,True,True
2a8a68bcb6c9c84032f7b5d1cc13a63d97752aeb205b2d92b7acd2bbf9f5f89a,conv-48,193,2a8a68bcb6c9c84032f7b5d1cc13a63d97752aeb205b2d92b7acd2bbf9f5f89a,4662785c851722d5ba07bc20842e88b1832ba208996c50a9b92eb816db2e7d99,a0591065fc30a438512bf4996125ed75d94a85b224a0d83fe955aa691dba6f5d,20,23,107,0,0,0,-0.04257321357727051,-0.07727289199829102,0.3446800112724304,0.21456654369831085,0.8547488451004028,0.7723886215168497,-131.0,-170.7,137.0,104.34782608695652,1,-3,-21,-0.09,-0.05700000000000001,203cd87ffd91055413799c69d905ea62348f2468a980f6a3325612f616f206b6,142112f016d077fe6e3c64f7d6fce433c078c2e246a3c3f7c544daef359ddbd1,other,tie,0,True,True
1550f3ec75c1e988b2644c8eb69bdad992abd5d84a3ddc41b720bbaba3bc1e47,conv-48,194,1550f3ec75c1e988b2644c8eb69bdad992abd5d84a3ddc41b720bbaba3bc1e47,18c1e55d53d284b270ecaa62c46690e884e68a95bd493753cef5dc050aebd68d,328b0069091dcd660124f1a75b6a0ed3fd9bd03a3658c83d9d23ae192adeb4ef,20,25,111,0,0,0,-0.03392726182937622,-0.06680652499198914,0.3349910378456116,0.2638989150524139,0.8715857863426208,0.7588844728469849,-136.0,-179.3,141.0,112.68,0,-5,-14,-0.36,-0.08700000000000001,43068c63b94b84478eedb25cb41fb89e364a6c82a75656e15d1da15b3fcc7f80,e643ec47890b8006dfc8559c8bda241331760bb92733642dcfeb2fc4f33fbb11,other,tie,0,True,True
25b8045bbe53d5ea9221b1a1f72edb43d67830c9ec265d8420578cdb5a5e6dbf,conv-48,195,25b8045bbe53d5ea9221b1a1f72edb43d67830c9ec265d8420578cdb5a5e6dbf,31da19b2c12b10106200d4b193ea48ac6814dede01cbbab9432385d3438a8487,72f94b0a6638b35663a2ac3bb5d63af6fffaa974100f8a2cf1cc804d0e80c3b8,22,20,102,0,0,0,-0.029536783695220947,-0.048141658306121826,0.33461761474609375,0.21733528917486017,0.9179966449737549,0.7611456245183945,-123.0,-158.72727272727272,121.0,93.15,0,2,-21,-0.12,-0.0640909090909091,910de9b3bd0f5e3cd5dbe392a7159dc9c7d9a575703a7a79ba76c181a298c2f3,fe0ebd21b6daec913458335037ff31ec8fce62eb2eb8e160c7893107479e3967,targeted,tie,0,True,True
ea46b11a28026abba905ff829f14e1cc0e0f4f2a4b4978bfb3063cc91790b0f5,conv-48,196,ea46b11a28026abba905ff829f14e1cc0e0f4f2a4b4978bfb3063cc91790b0f5,1e15cdb26f7312022bc2a95ff6d3f2d270f65a148921b83657c1de861691cb69,0dab71b18172e44b096114fd7edd929c8f533385d08dd08ae78e9b13160ba3cc,23,25,102,0,0,0,-0.036544471979141235,-0.09824800491333008,0.3334340453147888,0.229970237483149,0.9179966449737549,0.7858935904502868,-131.0,-163.04347826086956,127.0,102.0,3,-2,-41,-0.18,-0.0573913043478261,6fc4cfef09c9ad915449226e3fba82873f0190d8cae5874d35ff67936c194e79,fc503b793ad0f621511974eabfe04fa8803ab7ff29871deef46bce5abe4b2f3e,targeted,tie,0,True,True
a79a74f914890fe40679d4fcbd5039194503e95d1ae05d8363d88c59d8cb488b,conv-48,197,a79a74f914890fe40679d4fcbd5039194503e95d1ae05d8363d88c59d8cb488b,9b5002ee2d7af054da86a5024520633a68329847e489a9ae79c1ed81c869c78e,6d01ee3e2c9da00ce1e5ce669bc5f6b21d7e9c9f1d733eb0b111fe659b1fdcc7,17,20,105,0,0,0,-0.037979841232299805,-0.11904990673065186,0.288230836391449,0.21969689341152415,0.9001861214637756,0.7840774029493331,-129.0,-159.58823529411765,124.0,101.95,0,-3,-8,-0.32999999999999996,-0.0811764705882353,53b28669d2384e5ad7519ce41f74484b9d8bcebd57b398019ce829bfc623c593,e21a8a21f4b37c8e474b047ee3a48cbcbbd1a6509a11e4fb9e8513966f2e97b6,targeted,tie,0,True,True
8dbd38cf26f11e6df735aa99816d93f639b6ef84c4ff797209ab77ab5e217f66,conv-48,198,8dbd38cf26f11e6df735aa99816d93f639b6ef84c4ff797209ab77ab5e217f66,24905467a9868aec42f7658c8a2fb859d741528e3bca9b0bce0697d31b1c0c88,ea9edc6441afc97173660e917fc44c7a5580b2940ad7d4f6546db128436cd352,18,19,106,0,0,0,-0.023775368928909302,-0.16567003726959229,0.36511385440826416,0.2446725434727139,0.8616204261779785,0.7591109087592677,-124.0,-166.11111111111111,129.0,102.47368421052632,1,-1,23,-0.21,-0.06833333333333334,5e2906225b5043c7242b46ffcc2b6cdcf2dc713b06428570cc954c586e50647a,4ff46054b47d581363d7097349624f7ee0bfe218118c7e1930f4f379586fe248,targeted,loss,-1,True,False
96d84c11f6c10588c475c7b1f7b66844052c1b38733442ba36397231324fcd07,conv-48,199,96d84c11f6c10588c475c7b1f7b66844052c1b38733442ba36397231324fcd07,04fc9042f53ca96e0f0c6d78f5148df1a42db3f9828ab978d1eda2825d7190db,3330cc87194cc11b5de1200c93ae79ac4c0d34bc225dee4f8ca7f58cafc13f1c,15,19,99,0,0,0,-0.03318065404891968,-0.05086657404899597,0.32279330492019653,0.22838659286499025,0.8763667345046997,0.791390409595088,-120.0,-150.2,115.0,96.94736842105263,2,-4,39,-0.09,-0.05000000000000002,5c4c93d7cc99aa55cfdcffd32f4a0a6b414d2648faf7bbcb7fb0243e3b9110d7,5b360c6b33532ce492258ae881c33b7de2c91c6f922a50477e6d4ef354d86d46,targeted,tie,0,True,True
1aa663deef4240114544aa5026c79af32fd4536b4d87726c2f453f6bc36d83ef,conv-48,200,1aa663deef4240114544aa5026c79af32fd4536b4d87726c2f453f6bc36d83ef,737bd4fee875b7e4f10009b03d5a8051558b0e09884fb3cfbb4f7ef921aed68d,67d5905eac4ff56acbfca21c0857d2065e5c87f3b56ce279edfa700be9c48f0c,18,17,96,0,0,0,-0.03900691866874695,-0.016369372606277466,0.31311726570129395,0.22523712780740526,0.9001861214637756,0.7928912674679476,-113.0,-141.72222222222223,166.0,99.82352941176471,1,1,-40,-0.09,-0.06333333333333334,eb333494ee59cbcfcb0cdb051f27baa11ff853207ffcba720b6f2e4bc86f249e,a912bfc46c9fb479981d0413ca2bdcea60caf834f299f5953d2d2686f84a894c,targeted,tie,0,True,True
a79605d7ac3e4a51a64e8383f58dd1fce2a081fd34cf00da6a589a118d42eec9,conv-48,201,a79605d7ac3e4a51a64e8383f58dd1fce2a081fd34cf00da6a589a118d42eec9,02fa2fde66ebba8ae8f748aaa4dec255317fd1450930613fb252c34a66f3bca4,560c5dd5d150c74e7822f53f10f56b689f3d4ea9c31cbd2960f9c97e1c685f08,21,20,98,0,0,0,-0.02619272470474243,-0.04155731201171875,0.35379350185394287,0.2356803190140497,0.86569744348526,0.7786010026931762,-119.0,-149.28571428571428,118.0,94.35,2,1,-36,-0.09,-0.051428571428571435,f23bbab4fa14a0c39d57de9cdf8df599a5f56e7a1deaa6eff9e61aa7539ec0a4,aa2591d81135a07d3270e29824d8a0d2e73b3debf01a5f6a9c4dceb6ad5c5b95,targeted,tie,0,True,True
2b897a6edfdcf7e168831b52eca841b2796c6510a5713bb640a318fc0ce6016d,conv-48,202,2b897a6edfdcf7e168831b52eca841b2796c6510a5713bb640a318fc0ce6016d,8b4ad48c069f9bc20887e7c7e4e5efec86c0cfae981d95f403a028b80f69f2b4,19ff274e76cb36daa2933d2bb04a4fead5941a8845092bae85767f22fc409558,19,19,97,0,0,0,-0.03079962730407715,-0.04255115985870361,0.3220711946487427,0.21706244506334005,0.9202011823654175,0.7967506678480851,-118.0,-144.6315789473684,116.0,88.0,2,0,-27,-0.09,-0.052105263157894745,49d3385cc5e2adff17649974783b0fbe3456978d5fa88b21b4e0e58c4a4249db,b2de63517f222d338ecdf8022effecf35319ad447d1148c159ebe67b47a77bae,targeted,tie,0,True,True
399a79b2045f3c03c50eda104c852c216f15455d4b16955ace71b6148a38bf50,conv-48,203,399a79b2045f3c03c50eda104c852c216f15455d4b16955ace71b6148a38bf50,f4b9be39ef50b5d6ce702fb13e4b02ee4f7adb4a333fdc020e33384b8a90182a,f97da8bdb25b018e0491fa0d750186bc5b6dab38b259ff25a2b328b6ea825e93,16,17,107,0,0,0,-0.024455130100250244,-0.052294403314590454,0.33627331256866455,0.23432143032550812,0.8809125423431396,0.7665726086672615,-124.0,-151.6875,125.0,107.52941176470588,0,-1,24,-0.09,-0.065625,d67d03493326514f40342dd108d82779ad0b69fb20ba895d66b0db0c7b379ee2,57558a03436c78a4f53291c7db6580bb9e1c7b91952f67ef03519982b95a0361,targeted,tie,0,True,True
64baaa015c57a0788cb1bdd0ed96e93d7887a684a30c48b6b051960a0c889f42,conv-48,204,64baaa015c57a0788cb1bdd0ed96e93d7887a684a30c48b6b051960a0c889f42,f91effc64e4efc1645f194798793d923036a2e5c5d783a3d4fc9803a90331b22,f15eaed30eb3172992bb3c9fc0aef0161469237c5a71eae93da263809f81d77c,18,20,97,0,0,0,-0.03701305389404297,-0.019313156604766846,0.3268301486968994,0.22845586803224352,0.8728839755058289,0.7890323489904404,-117.0,-138.27777777777777,164.0,99.8,2,-2,6,-0.09,-0.049999999999999996,70415c25a16e0f9a752cd3ee13007d11aeedf2ab5d63342c43e0614670dbb1fe,b2804592c1eefe4b04890dc60ea80f000626c2ec386ce7023c319870d17c849b,targeted,tie,0,True,True
3817e611187c7752d7fb892e01b1a951fbc30667a2d66cb8a84b162b3fc831b2,conv-48,205,3817e611187c7752d7fb892e01b1a951fbc30667a2d66cb8a84b162b3fc831b2,ba4767b6a1f4c2cbd927a90e1e42be41d0e7c65224dc752f26b2492f5cc4d162,1c875c7a0df002ae6366f3b8e1e5086497614e9b639864725dd4ea3d1cc6e7c4,16,12,105,0,0,0,-0.030966103076934814,-0.05847245454788208,0.3120153546333313,0.2319902442395687,0.8563845157623291,0.7811562816301981,-117.0,-145.3125,115.0,103.91666666666667,2,4,38,-0.15,-0.0525,cb1a53c11685f0569d7233dbfdd4ae9b15f021e106a187720c42d94a67e34669,a10263c66168aac03904e8d16a1319468bd0c7ef50641843629af27075d6c94a,targeted,tie,0,True,True
edbf29f190df16ad845b806a11307034b08b57c6c14905d9e97c600e9a325464,conv-48,206,edbf29f190df16ad845b806a11307034b08b57c6c14905d9e97c600e9a325464,5315addae634a3e91085c394edb269aeb9e6c5df4703cd04fe2e5ba145d62fa6,b0bd044ab204a6b14818069cbd9909907689475148ec86fce8d74fbfbd507a5a,23,21,90,0,0,0,-0.030835092067718506,-0.0372391939163208,0.29046475887298584,0.21879933450532996,0.8855358362197876,0.7897540444419497,-111.0,-130.8695652173913,109.0,89.95238095238095,1,2,22,-0.09,-0.06260869565217393,613a36700245091df93565ef47e1573b4230ead59e8209d9b63a978585225c2d,152526494997b4a3ec8edb84ce7d0a7f793d912d192d0f297001a9ab9db26216,targeted,tie,0,True,True
b828d330426d44073efafaea365a87e7b35feff958d1c63ca90f513ade7ff1b4,conv-48,207,b828d330426d44073efafaea365a87e7b35feff958d1c63ca90f513ade7ff1b4,e217a11b88386245e4d8a522163f572dd4e563a7b94115297e13e9ea7f760a22,f8e891b047e5e87749df62a49bea44432f105fd49adcd273de12db8742ab4d68,13,13,92,0,0,0,-0.026641398668289185,-0.040927380323410034,0.36240053176879883,0.2344202628502479,0.8302885293960571,0.739733141202193,-105.0,-135.46153846153845,106.0,89.23076923076923,0,0,-24,-0.15,-0.05769230769230771,6b0e7ce17934741fc4d59361e409528a48c13abd964a49db958f230b61cca047,3a367a34263073cc71d2a08d18d91a0481c15866ee0648960a9fb14447ff213d,targeted,loss,-1,True,False
26de661474b3e8a830884f2422b3e3ed985ae2dcd4d42961dc54ca6635d0a8ed,conv-48,208,26de661474b3e8a830884f2422b3e3ed985ae2dcd4d42961dc54ca6635d0a8ed,b42c921571094e42d7741cbcc6d06f15b9dce635656c0d949ad4b3e2ef2ecb1c,e593f9f7582bf3cf504a31ab3a499ec1c7223b85442546311b8673ae14fa7f75,18,16,104,0,0,0,-0.027225494384765625,-0.05123227834701538,0.33404433727264404,0.24010527465078566,0.8768409490585327,0.7964650504291058,-120.0,-146.27777777777777,119.0,103.6875,1,2,4,-0.09,-0.058333333333333334,0c3ea400b92139c937dfbc5de480f4fc89183a8f01c39c64ef43fa5b68437bae,62d3200934e200d7222112eee14baa3cabd047eac65550ee0bd0b2e5150df45c,targeted,tie,0,True,True
95a0613ce219972d3390135f02dfbb2f9587fc89e1d6e34e124c1b8018ced57c,conv-48,209,95a0613ce219972d3390135f02dfbb2f9587fc89e1d6e34e124c1b8018ced57c,6f7ad32766a1806df6dd390d701c17065091eba5f8afcddb49dd9b9fbeeb3c56,209473c331ec594aa7d51a514c236bff6b7ffaf4d1a23eda8e02592b10399b1f,23,21,95,0,0,0,-0.020725667476654053,-0.12196534872055054,0.3608536124229431,0.2482477167378301,0.8809125423431396,0.783341680254255,-117.0,-167.30434782608697,115.0,97.23809523809524,3,2,61,-0.3,-0.06521739130434784,deca094b1125816dc3c1d359b0fda3b404cb7116efa1c0089ae231686558929a,3219121229392fd5e5416c7827049a995d947973530b8e98813b1bcdc6b4e2e9,targeted,tie,0,True,True
db5f232d0776b458c7655a05df6c1203d915b028cce987e60f739d32911e4424,conv-48,210,db5f232d0776b458c7655a05df6c1203d915b028cce987e60f739d32911e4424,147da6e3bb97d05d9271bfed37a0ae9eb1c7ad5c30d3e5171395e4b9afb95593,608024189851e26fa403eecc74d38606e903139c163491981c5adf6a807b379d,19,21,104,0,0,0,-0.022862672805786133,-0.20002400875091553,0.3446800112724304,0.23716678117450915,0.8616204261779785,0.7615710894266764,-125.0,-168.94736842105263,123.0,102.47619047619048,1,-2,2,-0.21,-0.06157894736842106,8d6bbfd1eee31fca46afffd13b4c7f7121031e781f7fc0c5d94b73cd6b54ab72,f05902d43a348f715a4356bcd1fb15f7b189cabaa641e1ed9331b87673087f04,targeted,tie,0,True,True
c62d410774eb324ee29fa1f4e72f98a0deda317b32ec4272925614777c013caa,conv-48,211,c62d410774eb324ee29fa1f4e72f98a0deda317b32ec4272925614777c013caa,31942e2cef9ed255a7114c0298ab9dc2e2096145a62739c4583c3149b74348b3,c9651228f31fc10355851650f949d35f7051583d0190b5d2b53afc29da74851f,21,25,106,0,0,0,-0.03247332572937012,-0.06463152170181274,0.3596898317337036,0.24215395677657353,0.8420992493629456,0.7562301898002625,-133.0,-166.9047619047619,131.0,109.04,1,-4,77,-0.39,-0.07714285714285715,284f2f61c6ab4a475bdec440775c2c36a934777662dddd38f5fb4d0dd5f76eeb,1cd587b246bdf181721540216bb224edd0d77605fd0e89bf8b59a4de2a3949b8,targeted,tie,0,True,True
15deb055ce78595fa1433f00de2b0b6e683aed39f6072a3c9863cf534afec421,conv-48,212,15deb055ce78595fa1433f00de2b0b6e683aed39f6072a3c9863cf534afec421,8b7eaae791cfdfe69074ea51ed44e8090f4da3e7c9c4bc165784e783456668a3,a8f3aa9a6cf6d8b47b731070e86f7b5b5e6ab56f7d5e1b94b89c5512a66ddf0f,22,24,105,0,0,0,-0.025419235229492188,0.025525033473968506,0.31874823570251465,0.23214118318124252,0.8802768588066101,0.7774787147839864,-130.0,-175.8181818181818,346.0,111.41666666666667,1,-2,-6,-0.21,-0.06272727272727274,1a3ad3ecbfa66e62ac4a10673ccb44289fee56c54950fc16d661598471b50f65,0ccba411918b5d4262935ab8482473fcd7a869624d18b4c7b8b0b5c50f077179,targeted,tie,0,True,True
9e07d04009aff5f1aff9d0e1afc69051415298e8b76ae2b1e50c13bf886d030a,conv-48,213,9e07d04009aff5f1aff9d0e1afc69051415298e8b76ae2b1e50c13bf886d030a,abe0b6bd6e0d539121046d0d7d8e9918e2d766003954d774020947456f44c621,3711d1c2b40e47836723d06ea0dd2a761888dc348e2380de055f24ce7f7f1842,21,18,90,0,0,0,-0.03083425760269165,-0.06058239936828613,0.3120153546333313,0.24022957540693737,0.9179966449737549,0.7910906771818796,-112.0,-141.14285714285714,109.0,87.61111111111111,3,3,52,-0.12,-0.04714285714285714,84c29e1ce33ae2b1b94aff646d6c2ada96b8747c24f20c635b79fab41aed178a,0d34eef92d89897e08173f9db8d5ee12ecd7439b5600dda65eadf77b941a905b,targeted,tie,0,True,True
36638937e10ff41fed717ff59cc5c1eb7e97726752de138e24a607ee73bda37e,conv-48,214,36638937e10ff41fed717ff59cc5c1eb7e97726752de138e24a607ee73bda37e,50a2966c04d4c686c82c049ef7d58cbfc18d60b1520c7b8200a8ac3ce7d72a64,14088266a927401ad3bf358acb62e7a6cfcdfce747b925408c8300d9a89bafd7,19,17,102,0,0,0,-0.0286901593208313,-0.1817363202571869,0.4146510362625122,0.22933874318474218,0.86569744348526,0.7573453047696281,-121.0,-172.6315789473684,118.0,97.23529411764706,1,2,7,-0.24,-0.07105263157894737,2112becfc5ec1705caf78e17640a03dc3bd6cf65179b4c682cd21f5f93d69afb,098df0b45b3394a163a9f29ba2a954c612c1be5a2d64e2461e79cfa34c551e90,targeted,tie,0,True,True
3d075942bdd58153af4c91ab50535c9b6360fdce3ba2490b1dcfbcc4bf3fb113,conv-48,215,3d075942bdd58153af4c91ab50535c9b6360fdce3ba2490b1dcfbcc4bf3fb113,09c43c05b84e725ec02264a632c2b5286b53cff2c65870b0a5a89f6e3fd00890,ab48a1245ddb6878e5edffead9b1a5f279ad195928ac3565705d519f6fd7ae81,24,24,105,0,0,0,-0.03300952911376953,-0.05349022150039673,0.3446800112724304,0.21844937155644098,0.8772576451301575,0.7902268543839455,-129.0,-161.5,127.0,103.20833333333333,2,0,3,-0.12,-0.06,25b36410abb9d0c7568c64e3492862468e366fad7da1a101fe3fed978dc59b58,186699d2d95251d70aa8d16ee03ce222e7d41677b853aab7786c89102b9b3761,targeted,tie,0,True,True
dcd9615379f98571cc81ea95ab9151807cfee61ba318a2abe0fd03df6006648e,conv-48,216,dcd9615379f98571cc81ea95ab9151807cfee61ba318a2abe0fd03df6006648e,01e15846f74aa8b6b2d26f426c8a7146ef7e8f79ed3e2eab7233e65f3de49086,a3b63f96ec1a4f3a69a25f2b4fe027226f2ad0b628344d4166d92cb20fff3f3a,17,21,94,0,0,0,-0.024125874042510986,-0.04084542393684387,0.3703495264053345,0.21762462223277373,0.9179966449737549,0.7817048373676482,-121.0,-156.1764705882353,115.0,92.23809523809524,3,-4,-12,-0.09,-0.04411764705882353,7a1c2c3bf34ef36c2e54a6fc1a851a63e542fd29a84f23c875cf68a7236ccc1e,7ef33e536006de1ccdc6a185ef1f32c17c6623d5443bd0b609dbb7b5a22d462d,targeted,tie,0,True,True
9be94f74b4e438a90f31549b326b9297a326846edbbc96194ab1f0f785fdfb7c,conv-48,217,9be94f74b4e438a90f31549b326b9297a326846edbbc96194ab1f0f785fdfb7c,2c3e5f340c527230234e0eaa8315cc992cfc618f3efef1056b50434328a1bbd3,bb648449b20d551527b1ba535f6733ca28a6bb48f474777b5d3fc8ba97bd50db,20,17,99,0,0,0,-0.03436940908432007,-0.04759824275970459,0.28391754627227783,0.2056788682937622,0.8904110193252563,0.8175626502317541,-119.0,-153.95,116.0,100.76470588235294,3,3,46,-0.18,-0.05550000000000001,ed35d7c5f50a42cd9d85b7bbdd97881b5388bdc725ed3139c3b25ff210f370e2,19308e9721c0055d65f2face19f12357840497f735cc22487c70a6fc30a3bca7,targeted,tie,0,True,True
178364d20b4513dee52aea8157959ac05f97f680aaca50e04045b35c3896c5a1,conv-48,218,178364d20b4513dee52aea8157959ac05f97f680aaca50e04045b35c3896c5a1,fb44eb7032f8800cc692954cf835d4399c71d4eca520f60de2eb1f81e73cefcc,d13c0f8978f00f41e57d08e51236b9fbd400abe1726375e9a36abb3f5c068f07,18,18,105,0,0,0,-0.031540870666503906,-0.052340805530548096,0.3357135057449341,0.24369865324762133,0.8420992493629456,0.7517169117927551,-125.0,-153.05555555555554,123.0,98.38888888888889,0,0,-25,-0.18,-0.07,4a35315eceaa0c7d508450e8a70e13b3d05b3cf64343f1595f835c28292bd382,763580bb33217f48883eaa3d8ae13c99febd9a4747687ab8e8a43677f9ea1475,targeted,tie,0,True,True
f153a0ebb080ef240b7478d8956d996abb7f49d95a97578986d6bd635fbcaf23,conv-48,219,f153a0ebb080ef240b7478d8956d996abb7f49d95a97578986d6bd635fbcaf23,a4bdd0440decccb5ea09d09bf8b27f56dfe9b750ee473e4573c91cadcde3094b,9c0ee601b01a6604aa985b7566584ffb4c6ff0096e88ed37ad23ac7705b13553,18,19,108,0,0,0,-0.027311503887176514,-0.029864013195037842,0.30535537004470825,0.21667250990867615,0.8571866750717163,0.762210654584985,-127.0,-148.66666666666666,124.0,101.78947368421052,0,-1,-11,-0.09,-0.06833333333333334,e09412d68f3fab95f5954f7012aac9144792fe27578b31286e5677de1174d69e,6b9ea3173d19da1b3ac305e39d549e253549487408c2fa352b4143fd6cabffbc,targeted,tie,0,True,True
c56f0c60ea57b631176a17169d6036a8815ddce827131e0760547ac812f69875,conv-48,220,c56f0c60ea57b631176a17169d6036a8815ddce827131e0760547ac812f69875,e7726cbdfe7364d99e648b64ac1a2db3e8050ac0c05d498feba49874e5b856d7,9d48cce377d48b8eeb3d3db5f7c91ae1b451c82928cdb843b5c00ec8ab223d8d,22,23,105,0,0,0,-0.02718973159790039,-0.03622123599052429,0.3386976718902588,0.23919708078557794,0.9001861214637756,0.8017907894175985,-128.0,-165.54545454545453,282.0,108.47826086956522,1,-1,10,-0.21,-0.06954545454545456,4e1c16cba2b70dff2b404af312157eca9a03aac7a80490c2d4cb9d275e23ef92,042d02c64cd5113ba315a52bc9c84817de0410550606f2c592598b77c340e6f3,targeted,tie,0,True,True
d4474c814bc64ef5a4dd92c67167837c552ded503fac42c488e65ae6cf43f89f,conv-48,221,d4474c814bc64ef5a4dd92c67167837c552ded503fac42c488e65ae6cf43f89f,c9cfe5289f2b3bc0933d1d8225d17b8f62629de89b60f8e5a90df7af28ff8d12,29d808dddabdb56b129d91be57bf1f9bc91683bc400b5ccf86fb32cead611571,15,19,100,0,0,0,-0.02549445629119873,-0.03130313754081726,0.29735589027404785,0.20931628545125325,0.9001861214637756,0.7798799652802316,-120.0,-150.4,119.0,101.47368421052632,1,-4,10,-0.09,-0.05200000000000002,dad53a0b3c0cf4531ba0a453080e28738b9669970beb1e4274a0f1091594d136,6e80a5debb5c505864d0a2f91c040cddff51eb973d29efacd04615321066bf91,targeted,tie,0,True,True
2abf19696057f8e7447133ca10d4652e82b58d2852ce651dbdcc30b85decb4fe,conv-48,222,2abf19696057f8e7447133ca10d4652e82b58d2852ce651dbdcc30b85decb4fe,d5095264d393568cccc06e9c8270466782d7e2050a8ff1a35e257b9265fdf281,7435d8072cc7c3f8853439c36a71af263c3ba3b0b39d027fb5946e93b70d53d9,11,14,101,0,0,0,-0.020854532718658447,-0.03488653898239136,0.288565456867218,0.23419199206612326,0.8715857863426208,0.771993807383946,-117.0,-138.0909090909091,112.0,94.92857142857143,1,-3,2,-0.09,-0.05454545454545454,1ce26e69cb7b5f1f6750d8a98ac104321c1d6340d55c5164ec0d2625c962a7b1,df98b34b4b2655e7e816e8764e849896e9a97711f37f8de01eaefa9d50d5e392,targeted,tie,0,True,True
4f6342dc6f9dfd704cd35a34f012787fcfd1c4b9ea824c5f5e497301f934df0f,conv-48,223,4f6342dc6f9dfd704cd35a34f012787fcfd1c4b9ea824c5f5e497301f934df0f,1a4accdb0785bfc9de5a88832524022de2ad8cac92d46707339e4856c020de29,9817ecc05c7586ed0d5b323c37b58e964b422a9739ef74c295886b2118443bb3,19,23,98,0,0,0,-0.02961409091949463,0.13865739107131958,0.36493372917175293,0.22491013690045006,0.8634358048439026,0.767979691857877,-122.0,-148.52631578947367,337.0,106.0,0,-4,26,-0.09,-0.06157894736842106,e076157a670b03aa1ffe8ec253f5830c723343f6ced9b10b902c41dd973e36ae,f51219814b98a7a5c7da940079d75df34233e3dcfe4014de867fea39bb81fafb,targeted,tie,0,True,True
4bbdf388df267ca9191a91deab991fde4c9ec4303ba4a57c9991b6dac9f25240,conv-48,224,4bbdf388df267ca9191a91deab991fde4c9ec4303ba4a57c9991b6dac9f25240,63f9e3b64c3102c5886cd8b57d8b36eb26f3293caff5f106b03906d57afbbc97,313b0e58731cfe83096a3bf0f07bbc1a1de16b176194ef02160218fc1fa3f9b7,12,11,93,0,0,0,-0.027642518281936646,-0.058246731758117676,0.3608536124229431,0.23839671909809113,0.8904110193252563,0.773040159182115,-106.0,-135.16666666666666,102.0,90.36363636363636,1,1,31,-0.15,-0.06,13c19b8d93a465c21b9a9892c508e64ae7429f9607db045a29bacb7ef33059ae,f9afabae12c64a39b051b0d85a6dbb0b8471c269b6743e0d01ddc4192035345f,targeted,tie,0,True,True
018621c452fcafb78a4f7ae739380793e98c659c81324828dde9c2544fdeeb83,conv-48,225,018621c452fcafb78a4f7ae739380793e98c659c81324828dde9c2544fdeeb83,fe716c871c2fbf7f7e662961b74d58e19fce80680cab9972ec21854238370756,138d9399d0f0986bc24399f514cde30d7262592248b8f32e3f9182688631ed86,13,14,99,0,0,0,-0.02421504259109497,-0.05301767587661743,0.31682270765304565,0.22868938170946562,0.9179966449737549,0.7725930511951447,-115.0,-134.46153846153845,113.0,92.85714285714286,1,-1,41,-0.18,-0.07384615384615384,d3fd7d76a5877ef4479bef6306edb546a3b22ccc7d81130450f97ebcd94f1d2b,d4d61a70f600cb46e0bc5afcfecbbb6bb2ed3e5e0559d384c4554ba0b70cbd19,targeted,tie,0,True,True
d6bbed3333f23e51117992713a57bf7947f40b946a5a766472832ead42661ac2,conv-48,226,d6bbed3333f23e51117992713a57bf7947f40b946a5a766472832ead42661ac2,deac532c2330ab19818805d276da4632ef22f927925994b632f322909f12d7f7,e586fe7cdfc983668d399ef318511a18cb7bf244cdc7ba33ce087265957e0705,17,21,107,0,0,0,-0.04052415490150452,-0.04331928491592407,0.3735243082046509,0.24543876507702997,0.9001861214637756,0.7785631929125104,-129.0,-154.94117647058823,128.0,111.57142857142857,0,-4,-41,-0.09,-0.061764705882352944,fb9222a2b3256f00c673c27900930e1b423ebbbf4bbec88088d8ddd93244eeb2,f61d9619e019270b8134e853b23a05258237553d89ad1623085b9bba40595f4c,targeted,tie,0,True,True
f58ce06535599a740d3de4cac7fc773742fe322bfea81c76f5fe5019bbe2ff60,conv-48,227,f58ce06535599a740d3de4cac7fc773742fe322bfea81c76f5fe5019bbe2ff60,fe5a4387c660920075f7a3295aef05dfee54f94360558d2cbc35aed96e188ec9,30e04d38a8182fa9b91b87e0f24fe83d727c15f29cb83bc87156ec2d66b77ab6,19,20,100,0,0,0,-0.04393655061721802,0.11216390132904053,0.3376554250717163,0.2353798872546146,0.8910934925079346,0.7767288655042648,-120.0,-145.1578947368421,329.0,106.6,1,-1,-5,-0.09,-0.05842105263157895,435775422a4437ac19ad07e5bead1dea816b52dc36a890c9dd1da4d60f2c266b,c546c564d482a8dae12feb6239a4d9308f4111a76a2387e14df84cebc30f3c74,targeted,tie,0,True,True
db7720c2d5dc79247363e991bfdd91ad5cc3e2d8d28d0a595a925b70a57bb2de,conv-48,228,db7720c2d5dc79247363e991bfdd91ad5cc3e2d8d28d0a595a925b70a57bb2de,786a3b475fb513bb4be223be27c6109493505691f166182eeb8af74e81c53785,ef6cf86744b984a3ecbfe58411ab7312f88d315f39e3194a97b70b6264fd8a8e,17,22,108,0,0,0,-0.02786463499069214,-0.12278550863265991,0.3356413245201111,0.24361956470152912,0.8571866750717163,0.7932441153309562,-131.0,-162.8235294117647,129.0,108.72727272727273,0,-5,-51,-0.18,-0.07235294117647059,c244b3cbaf33f1db1a3a8ab01a18abd9c55073309887d689936f1ee10eb59336,1ab52df65eb1cbf59822406ebc483ab49bb189fcd76ccc588d7dc664118f0488,targeted,tie,0,True,True
246f6a982a6196f7ce8377880c132b4e276551a7126ca293db39d28f8b6d95f3,conv-48,229,246f6a982a6196f7ce8377880c132b4e276551a7126ca293db39d28f8b6d95f3,c27edde74a51ad8a607e88638bf619d3960db9fa988b0d05e4c7b88462e57647,6ec8ebadeba2c0d6db62ebfc87a6e922f5e1331c91e4ec81940a67f7cda77f24,18,16,89,0,0,0,-0.03766155242919922,-0.07180207967758179,0.4157453775405884,0.25110859672228497,0.8910934925079346,0.7721702083945274,-107.0,-139.38888888888889,105.0,87.9375,0,2,-39,-0.39,-0.08333333333333334,a36d682e132882f017b92229666b85e86658056cc018f9011faa83607b61014d,9eb21c32ae8d285fce6c6519a2cfd98140a0c392ed24d4bc0600cd4396cced30,targeted,tie,0,True,True
ab806198c388f49d42fb5e08c77b128428b97b8a8618d61c9962192f7c23be60,conv-48,230,ab806198c388f49d42fb5e08c77b128428b97b8a8618d61c9962192f7c23be60,5987f1cb7b7b9064da338c1434be14211a63d6b5ffc0717429e1363ccf4499df,cb445706b0b560b195cc7b28b48d3503fbf12d265bd0fa606dd5aefe938fb632,21,18,100,0,0,0,-0.028986304998397827,-0.0282268226146698,0.3506500720977783,0.2129377978188651,0.9179966449737549,0.7816026508808136,-123.0,-160.85714285714286,166.0,100.66666666666667,3,3,9,-0.09,-0.04857142857142857,c900a8f9029538afc86ee84aa232b26e873c3b3581f216cdce90422ec27d8f9b,9c87801b39863548a78add4f145d0e0c391d1b91b49ec88febab8f4e867213a1,targeted,tie,0,True,True
4175ac16b11d75d5d8f8f90dae522c32a6a7830ae4d66794c4a07e062c1a7e84,conv-48,231,4175ac16b11d75d5d8f8f90dae522c32a6a7830ae4d66794c4a07e062c1a7e84,e69a8b523029526062123508092bde0a169748770d154eb9ebdd139e2ad021af,9794ac5ae861bc9e82431e8190ba240b472b635032e6b20829fff6926b82a7d7,24,24,91,0,0,0,-0.03564935922622681,-0.048434674739837646,0.3506500720977783,0.22017495334148407,0.8647087216377258,0.763117603957653,-115.0,-153.79166666666666,118.0,87.16666666666667,3,0,-74,-0.09,-0.04624999999999999,55d37def282ec957fb2985876aa4757c6d05e7ab8d3716927389bab505036581,31a6363821e68e2d267dd29e0c41625cf48d2c7caa101421b917a621378c0fbb,targeted,tie,0,True,True
0f2c61d13d7a0b5b5e00c60b7cd3263b583eb3c6102d1a6b816020379be97a0b,conv-48,232,0f2c61d13d7a0b5b5e00c60b7cd3263b583eb3c6102d1a6b816020379be97a0b,cc9b804903dfecaf9755dd81f7b48362a376a24d5c58105edb6e405fd86df724,2454a793de4750a90ae9c6960695404c0013008765f82ce703d95a16d231d912,15,15,105,0,0,0,-0.039800047874450684,-0.03573635220527649,0.3376554250717163,0.24369571606318155,0.8547488451004028,0.7677899916966756,-128.0,-147.46666666666667,118.0,100.66666666666667,1,0,16,-0.09,-0.05600000000000001,534b5d3b41067844f273f509b01fc1adbd251598f3496b6f4f5312d2f85f5af8,c59b3f3594581b4ebe2c5133932e3af88b4c36223dc8b492cb4752276fa96529,targeted,tie,0,True,True
ac58125d7d4a311a7df38b49bd14b70dcf9c69b4916b386d33fea78658f1fcf3,conv-48,233,ac58125d7d4a311a7df38b49bd14b70dcf9c69b4916b386d33fea78658f1fcf3,4cb3797c44d45aeb0dd91bbfbf24c870bc4127279f9330336c8ce597d7118389,c34fb81b9091427917406093a67e2b1d2edbd7527050e8769acd78c6538d2b36,15,18,98,0,0,0,-0.022597163915634155,-0.1393188238143921,0.34648406505584717,0.20789694388707478,0.8809125423431396,0.7658393714163039,-118.0,-149.93333333333334,117.0,101.88888888888889,1,-3,33,-0.51,-0.08000000000000002,c20249e03a81f1c7eedbbaaf2e0cc72fbc4ac539a3f13727b01328f1ceef0cec,84e11eaa497f9ebe8a1825f1419372608e1632ff0e253056e310eaebadbcd56e,targeted,tie,0,True,True
cdd06c69ada864348ef8d4b6fc04d054df343bd12c22ca7254fc3c8bce2be6cf,conv-48,234,cdd06c69ada864348ef8d4b6fc04d054df343bd12c22ca7254fc3c8bce2be6cf,a30039c0e70dc6a0824db5c6b834dc3ccc27c5d68922d9310360edd514e4d023,8130a3f97de64cbc2a734244fadb7ec291ec2927853598d40aefbcc639fd0db7,15,16,105,0,0,0,-0.017290502786636353,-0.13476285338401794,0.3334340453147888,0.2256896376609802,0.8809125423431396,0.7887624874711037,-121.0,-157.53333333333333,122.0,103.625,2,-1,-10,-0.18,-0.06799999999999999,9c2211bfe4a3ec843770c61d3b68d866db6ccc02e8effec6d386f421b94cc7fa,37ebe4fe4ebd0cde3aa89d4b7995a72a09a994f06f393b9da604c946edd4545e,targeted,tie,0,True,True
e30a2be6ee370415365e6534deac50dae61ddc2491c5604f3edb5296931bd1d9,conv-48,235,e30a2be6ee370415365e6534deac50dae61ddc2491c5604f3edb5296931bd1d9,c092434de4f4d404a4e687ac1bc004d514c7eae93cc064e1f8fa07d50526749c,3f917be3def2134b4d7c9593dab5c83915218686d89ea6cbd6725772b87adf59,15,18,97,0,0,0,-0.03296968340873718,-0.035248398780822754,0.3446800112724304,0.23254151741663615,0.9179966449737549,0.8131333655781217,-118.0,-147.8,114.0,95.72222222222223,0,-3,35,-0.18,-0.06200000000000001,a4978e92f4f77283dbd4bd460c89bbc5ed2545d5e6dd0c619f0bbf9cab10813f,a946feba82bd42b49a2c22e719d87f7dd4ea54fe45595b6aaa0009ec7cbba79c,targeted,tie,0,True,True
76d1b4df706c82d006b920eb58aeafbf987821cddb1497841d3c4e44c301077e,conv-48,236,76d1b4df706c82d006b920eb58aeafbf987821cddb1497841d3c4e44c301077e,1545d3a29b9a6abedb0da495184baaeefa67c4857714e3f5d337200ba02e4f4b,5b428c12ccaadfa2a719d9ade77884746f169fd07e8c1201c56f600026ed3821,15,19,94,0,0,0,-0.030702143907546997,-0.044586241245269775,0.30923712253570557,0.2068301280339559,0.8813555836677551,0.7776674440032557,-115.0,-151.8,113.0,91.15789473684211,1,-4,26,-0.06,-0.04400000000000001,807e37f8ab0febd87afd6db8cfe04d8e92c5ffca83dc368df57e51544f296a8c,5a5a8109af9f48a39961c3249c33039457ad9a6af4bdf727388f1a27cf9c2651,targeted,tie,0,True,True
1241c63df86f5656307c8e4ac4d08e1f39cd2c44750c57330f35136d7e843c5e,conv-48,237,1241c63df86f5656307c8e4ac4d08e1f39cd2c44750c57330f35136d7e843c5e,77652ac5afd1b4cb101c804ae5aad961caade72683acc56827a4105ade2886b4,8b6daef58b196c129069c5cddc9a3ca0b78ce7400beb47ad34c2733599cca3ba,22,23,105,0,0,0,-0.025183290243148804,-0.04324471950531006,0.3600624203681946,0.2290027981454676,0.9179966449737549,0.7958433187526205,-132.0,-176.45454545454547,128.0,107.3913043478261,1,-1,36,-0.24,-0.07227272727272728,7ad881106513a3445ffcae63d5c236c0119fad38093ab2fd8445e5682bb0b879,f1edc78848b9a2c35053ac0a8911a3b1ae6ff7e60c2fe171bd6791bf05cf5d3b,targeted,tie,0,True,True
f90c7dc7beca975326807a84d2ebe5ff206236cff48a33eb80ffa282631a026e,conv-48,238,f90c7dc7beca975326807a84d2ebe5ff206236cff48a33eb80ffa282631a026e,3124b4214ad92a9c564d22f37ec98ee14e334f9962e5cff3a423d6a46d7af6e0,2c2daed871ca4c4ec673fd813fe955c698b797ff650577043e674e0ae7c1b976,14,17,98,0,0,0,-0.026473194360733032,-0.05842655897140503,0.3248046636581421,0.22887096660477774,0.9179966449737549,0.801412961062263,-116.0,-148.21428571428572,113.0,95.88235294117646,2,-3,-9,-0.18,-0.057857142857142864,32ac06a0b932b227e4420cd542a6a81667a7d235367acdf4232353f9c18a0e4c,65f777428b69b3b5708946d3f3ec260e1c510b13517bdf7de2fdfdd567cbddd2,targeted,tie,0,True,True
