turn,n_count,episode_id,decay_score,topic_label,n_total_in_store
2,1,c9413a0f-e1d9-47c7-80a5-b69c9dd2e5a8,1.0,topic_1,1
3,2,1925d51d-1970-4157-93c4-45ffc27567c7,1.0,topic_1,2
3,2,c9413a0f-e1d9-47c7-80a5-b69c9dd2e5a8,0.9999585742469591,topic_1,2
4,3,839b4039-bdba-497e-85f3-d1124b2c4519,1.0,topic_2,3
4,3,c9413a0f-e1d9-47c7-80a5-b69c9dd2e5a8,0.9999307097617905,topic_1,3
4,3,1925d51d-1970-4157-93c4-45ffc27567c7,0.9999307094562562,topic_1,3
5,4,129b55a3-7b2f-46c2-a133-258da43a528f,1.0,topic_2,4
5,4,c9413a0f-e1d9-47c7-80a5-b69c9dd2e5a8,0.9998294039698246,topic_1,4
5,4,1925d51d-1970-4157-93c4-45ffc27567c7,0.9998294036920942,topic_1,4
5,4,839b4039-bdba-497e-85f3-d1124b2c4519,0.9998294036643212,topic_2,4
6,5,bef6064b-9c39-4518-ada1-1643dcd93371,1.0,topic_2,5
6,5,c9413a0f-e1d9-47c7-80a5-b69c9dd2e5a8,0.9997942030679833,topic_1,5
6,5,1925d51d-1970-4157-93c4-45ffc27567c7,0.9997942027624906,topic_1,5
6,5,839b4039-bdba-497e-85f3-d1124b2c4519,0.9997942027347185,topic_2,5
6,5,129b55a3-7b2f-46c2-a133-258da43a528f,0.9997942027069465,topic_2,5
7,6,46448356-b68d-4e17-a20a-08a164f51ffa,1.0,topic_2,6
7,6,c9413a0f-e1d9-47c7-80a5-b69c9dd2e5a8,0.9996403856489692,topic_1,6
7,6,1925d51d-1970-4157-93c4-45ffc27567c7,0.9996403853990591,topic_1,6
7,6,839b4039-bdba-497e-85f3-d1124b2c4519,0.9996403853712913,topic_2,6
7,6,129b55a3-7b2f-46c2-a133-258da43a528f,0.9996403853435235,topic_2,6
7,6,bef6064b-9c39-4518-ada1-1643dcd93371,0.9996403853435235,topic_2,6
8,7,18d73af8-14bd-4221-9bef-bcd2edcf5831,1.0,topic_2,7
8,7,c9413a0f-e1d9-47c7-80a5-b69c9dd2e5a8,0.999605875354198,topic_1,7
8,7,1925d51d-1970-4157-93c4-45ffc27567c7,0.9996058751042964,topic_1,7
8,7,839b4039-bdba-497e-85f3-d1124b2c4519,0.9996058750765296,topic_2,7
8,7,129b55a3-7b2f-46c2-a133-258da43a528f,0.9996058750765296,topic_2,7
8,7,bef6064b-9c39-4518-ada1-1643dcd93371,0.9996058750487627,topic_2,7
8,7,46448356-b68d-4e17-a20a-08a164f51ffa,0.999605875020996,topic_2,7
9,8,d8b56a19-0af2-44dc-8432-ee947d840250,1.0,topic_2,8
9,8,c9413a0f-e1d9-47c7-80a5-b69c9dd2e5a8,0.9995670010766589,topic_1,8
9,8,1925d51d-1970-4157-93c4-45ffc27567c7,0.9995670007990014,topic_1,8
9,8,839b4039-bdba-497e-85f3-d1124b2c4519,0.9995670007712356,topic_2,8
9,8,129b55a3-7b2f-46c2-a133-258da43a528f,0.9995670007712356,topic_2,8
9,8,bef6064b-9c39-4518-ada1-1643dcd93371,0.9995670007434698,topic_2,8
9,8,46448356-b68d-4e17-a20a-08a164f51ffa,0.9995670007157041,topic_2,8
9,8,18d73af8-14bd-4221-9bef-bcd2edcf5831,0.9995670006879384,topic_2,8
10,9,77b489b8-07e6-4434-800f-b9f47a459f04,1.0,topic_2,9
10,9,c9413a0f-e1d9-47c7-80a5-b69c9dd2e5a8,0.9996570910011792,topic_1,9
10,9,1925d51d-1970-4157-93c4-45ffc27567c7,0.9996570907512649,topic_1,9
10,9,839b4039-bdba-497e-85f3-d1124b2c4519,0.9996570907234966,topic_2,9
10,9,129b55a3-7b2f-46c2-a133-258da43a528f,0.9996570907234966,topic_2,9
10,9,bef6064b-9c39-4518-ada1-1643dcd93371,0.9996570906957284,topic_2,9
10,9,46448356-b68d-4e17-a20a-08a164f51ffa,0.9996570906957284,topic_2,9
10,9,18d73af8-14bd-4221-9bef-bcd2edcf5831,0.9996570906679602,topic_2,9
10,9,d8b56a19-0af2-44dc-8432-ee947d840250,0.9996570906401918,topic_2,9
11,10,2ce2210d-7364-4059-8227-382bf4c9fc9b,1.0,topic_2,10
11,10,c9413a0f-e1d9-47c7-80a5-b69c9dd2e5a8,0.999580751659157,topic_1,10
11,10,1925d51d-1970-4157-93c4-45ffc27567c7,0.9995807513814957,topic_1,10
11,10,839b4039-bdba-497e-85f3-d1124b2c4519,0.9995807513537296,topic_2,10
11,10,129b55a3-7b2f-46c2-a133-258da43a528f,0.9995807513537296,topic_2,10
11,10,bef6064b-9c39-4518-ada1-1643dcd93371,0.9995807513259635,topic_2,10
11,10,46448356-b68d-4e17-a20a-08a164f51ffa,0.9995807513259635,topic_2,10
11,10,18d73af8-14bd-4221-9bef-bcd2edcf5831,0.9995807512981973,topic_2,10
11,10,d8b56a19-0af2-44dc-8432-ee947d840250,0.9995807512704312,topic_2,10
11,10,77b489b8-07e6-4434-800f-b9f47a459f04,0.9995807512704312,topic_2,10
12,11,39147f88-76e8-40fa-997f-21c0f85393d9,1.0,topic_2,11
12,11,c9413a0f-e1d9-47c7-80a5-b69c9dd2e5a8,0.9996433797707828,topic_1,11
12,11,1925d51d-1970-4157-93c4-45ffc27567c7,0.9996433795208719,topic_1,11
12,11,839b4039-bdba-497e-85f3-d1124b2c4519,0.999643379493104,topic_2,11
12,11,129b55a3-7b2f-46c2-a133-258da43a528f,0.9996433794653361,topic_2,11
12,11,bef6064b-9c39-4518-ada1-1643dcd93371,0.9996433794653361,topic_2,11
12,11,46448356-b68d-4e17-a20a-08a164f51ffa,0.9996433794375683,topic_2,11
12,11,18d73af8-14bd-4221-9bef-bcd2edcf5831,0.9996433794375683,topic_2,11
12,11,d8b56a19-0af2-44dc-8432-ee947d840250,0.9996433794098004,topic_2,11
12,11,77b489b8-07e6-4434-800f-b9f47a459f04,0.9996433793820325,topic_2,11
12,11,2ce2210d-7364-4059-8227-382bf4c9fc9b,0.9996433793820325,topic_2,11
13,12,818cdd39-f7c2-4b58-8a96-2b898d3ef666,1.0,topic_2,12
13,12,c9413a0f-e1d9-47c7-80a5-b69c9dd2e5a8,0.9996774521130913,topic_1,12
13,12,1925d51d-1970-4157-93c4-45ffc27567c7,0.9996774517798656,topic_1,12
13,12,839b4039-bdba-497e-85f3-d1124b2c4519,0.9996774517243279,topic_2,12
13,12,129b55a3-7b2f-46c2-a133-258da43a528f,0.9996774517243279,topic_2,12
13,12,bef6064b-9c39-4518-ada1-1643dcd93371,0.9996774516965591,topic_2,12
13,12,46448356-b68d-4e17-a20a-08a164f51ffa,0.9996774516687903,topic_2,12
13,12,18d73af8-14bd-4221-9bef-bcd2edcf5831,0.9996774516410215,topic_2,12
13,12,d8b56a19-0af2-44dc-8432-ee947d840250,0.9996774516410215,topic_2,12
13,12,77b489b8-07e6-4434-800f-b9f47a459f04,0.9996774516132526,topic_2,12
13,12,2ce2210d-7364-4059-8227-382bf4c9fc9b,0.9996774516132526,topic_2,12
13,12,39147f88-76e8-40fa-997f-21c0f85393d9,0.9996774515854838,topic_2,12
14,13,73d0fd0a-6bc1-43cc-8918-99c6ade6e5a6,1.0,topic_2,13
14,13,c9413a0f-e1d9-47c7-80a5-b69c9dd2e5a8,0.9994546512844739,topic_1,13
14,13,1925d51d-1970-4157-93c4-45ffc27567c7,0.9994546510346102,topic_1,13
14,13,839b4039-bdba-497e-85f3-d1124b2c4519,0.9994546510068476,topic_2,13
14,13,129b55a3-7b2f-46c2-a133-258da43a528f,0.9994546509790849,topic_2,13
14,13,bef6064b-9c39-4518-ada1-1643dcd93371,0.9994546509790849,topic_2,13
14,13,46448356-b68d-4e17-a20a-08a164f51ffa,0.9994546509513222,topic_2,13
14,13,18d73af8-14bd-4221-9bef-bcd2edcf5831,0.9994546509513222,topic_2,13
14,13,d8b56a19-0af2-44dc-8432-ee947d840250,0.9994546509235597,topic_2,13
14,13,77b489b8-07e6-4434-800f-b9f47a459f04,0.9994546509235597,topic_2,13
14,13,2ce2210d-7364-4059-8227-382bf4c9fc9b,0.999454650895797,topic_2,13
14,13,39147f88-76e8-40fa-997f-21c0f85393d9,0.999454650895797,topic_2,13
14,13,818cdd39-f7c2-4b58-8a96-2b898d3ef666,0.9994546508680344,topic_2,13
15,14,ce15d8e8-d869-4dce-856d-e04e9d2c31eb,1.0,topic_2,14
15,14,c9413a0f-e1d9-47c7-80a5-b69c9dd2e5a8,0.9996116793326614,topic_1,14
15,14,1925d51d-1970-4157-93c4-45ffc27567c7,0.9996116790827585,topic_1,14
15,14,839b4039-bdba-497e-85f3-d1124b2c4519,0.9996116790549915,topic_2,14
15,14,129b55a3-7b2f-46c2-a133-258da43a528f,0.9996116790549915,topic_2,14
15,14,bef6064b-9c39-4518-ada1-1643dcd93371,0.9996116790272245,topic_2,14
15,14,46448356-b68d-4e17-a20a-08a164f51ffa,0.9996116790272245,topic_2,14
15,14,18d73af8-14bd-4221-9bef-bcd2edcf5831,0.9996116789994575,topic_2,14
15,14,d8b56a19-0af2-44dc-8432-ee947d840250,0.9996116789994575,topic_2,14
15,14,77b489b8-07e6-4434-800f-b9f47a459f04,0.9996116789716905,topic_2,14
15,14,2ce2210d-7364-4059-8227-382bf4c9fc9b,0.9996116789716905,topic_2,14
15,14,39147f88-76e8-40fa-997f-21c0f85393d9,0.9996116789439234,topic_2,14
15,14,818cdd39-f7c2-4b58-8a96-2b898d3ef666,0.9996116789439234,topic_2,14
15,14,73d0fd0a-6bc1-43cc-8918-99c6ade6e5a6,0.9996116789161565,topic_2,14
16,15,c19b363b-fc83-486e-9770-ba7273ab1bee,1.0,topic_2,15
16,15,c9413a0f-e1d9-47c7-80a5-b69c9dd2e5a8,0.9993126770924566,topic_1,15
16,15,1925d51d-1970-4157-93c4-45ffc27567c7,0.9993126768426285,topic_1,15
16,15,839b4039-bdba-497e-85f3-d1124b2c4519,0.9993126768148698,topic_2,15
16,15,129b55a3-7b2f-46c2-a133-258da43a528f,0.9993126768148698,topic_2,15
16,15,bef6064b-9c39-4518-ada1-1643dcd93371,0.999312676787111,topic_2,15
16,15,46448356-b68d-4e17-a20a-08a164f51ffa,0.999312676787111,topic_2,15
16,15,18d73af8-14bd-4221-9bef-bcd2edcf5831,0.9993126767593523,topic_2,15
16,15,d8b56a19-0af2-44dc-8432-ee947d840250,0.9993126767315936,topic_2,15
16,15,77b489b8-07e6-4434-800f-b9f47a459f04,0.9993126767315936,topic_2,15
16,15,2ce2210d-7364-4059-8227-382bf4c9fc9b,0.999312676703835,topic_2,15
16,15,39147f88-76e8-40fa-997f-21c0f85393d9,0.999312676703835,topic_2,15
16,15,818cdd39-f7c2-4b58-8a96-2b898d3ef666,0.9993126766760763,topic_2,15
16,15,73d0fd0a-6bc1-43cc-8918-99c6ade6e5a6,0.9993126766760763,topic_2,15
16,15,ce15d8e8-d869-4dce-856d-e04e9d2c31eb,0.9993126766483176,topic_2,15
17,16,4838fca8-f0de-4299-80e9-95380f9216c0,1.0,topic_2,16
17,16,c9413a0f-e1d9-47c7-80a5-b69c9dd2e5a8,0.9995236104539955,topic_1,16
17,16,1925d51d-1970-4157-93c4-45ffc27567c7,0.9995236099819982,topic_1,16
17,16,839b4039-bdba-497e-85f3-d1124b2c4519,0.9995236099819982,topic_2,16
17,16,129b55a3-7b2f-46c2-a133-258da43a528f,0.9995236099542337,topic_2,16
17,16,bef6064b-9c39-4518-ada1-1643dcd93371,0.9995236099542337,topic_2,16
17,16,46448356-b68d-4e17-a20a-08a164f51ffa,0.9995236099264692,topic_2,16
17,16,18d73af8-14bd-4221-9bef-bcd2edcf5831,0.9995236098987046,topic_2,16
17,16,d8b56a19-0af2-44dc-8432-ee947d840250,0.9995236098987046,topic_2,16
17,16,77b489b8-07e6-4434-800f-b9f47a459f04,0.99952360987094,topic_2,16
17,16,2ce2210d-7364-4059-8227-382bf4c9fc9b,0.99952360987094,topic_2,16
17,16,39147f88-76e8-40fa-997f-21c0f85393d9,0.9995236098431755,topic_2,16
17,16,818cdd39-f7c2-4b58-8a96-2b898d3ef666,0.9995236098431755,topic_2,16
17,16,73d0fd0a-6bc1-43cc-8918-99c6ade6e5a6,0.999523609815411,topic_2,16
17,16,ce15d8e8-d869-4dce-856d-e04e9d2c31eb,0.999523609815411,topic_2,16
17,16,c19b363b-fc83-486e-9770-ba7273ab1bee,0.9995236097876464,topic_2,16
18,17,d7b08517-192b-4f68-acd3-938e553ed209,1.0,topic_2,17
18,17,c9413a0f-e1d9-47c7-80a5-b69c9dd2e5a8,0.9994294791422847,topic_1,17
18,17,1925d51d-1970-4157-93c4-45ffc27567c7,0.9994294788091416,topic_1,17
18,17,839b4039-bdba-497e-85f3-d1124b2c4519,0.9994294787813797,topic_2,17
18,17,129b55a3-7b2f-46c2-a133-258da43a528f,0.9994294787536178,topic_2,17
18,17,bef6064b-9c39-4518-ada1-1643dcd93371,0.9994294787536178,topic_2,17
18,17,46448356-b68d-4e17-a20a-08a164f51ffa,0.9994294787258559,topic_2,17
18,17,18d73af8-14bd-4221-9bef-bcd2edcf5831,0.9994294786980938,topic_2,17
18,17,d8b56a19-0af2-44dc-8432-ee947d840250,0.9994294786703319,topic_2,17
18,17,77b489b8-07e6-4434-800f-b9f47a459f04,0.9994294786703319,topic_2,17
18,17,2ce2210d-7364-4059-8227-382bf4c9fc9b,0.99942947864257,topic_2,17
18,17,39147f88-76e8-40fa-997f-21c0f85393d9,0.9994294786148081,topic_2,17
18,17,818cdd39-f7c2-4b58-8a96-2b898d3ef666,0.9994294785870461,topic_2,17
18,17,73d0fd0a-6bc1-43cc-8918-99c6ade6e5a6,0.9994294785870461,topic_2,17
18,17,ce15d8e8-d869-4dce-856d-e04e9d2c31eb,0.9994294785592842,topic_2,17
18,17,c19b363b-fc83-486e-9770-ba7273ab1bee,0.9994294785315223,topic_2,17
18,17,4838fca8-f0de-4299-80e9-95380f9216c0,0.9994294785037604,topic_2,17
19,18,d7830530-2bd1-4f54-bca6-5763a0567d7d,1.0,topic_2,18
19,18,c9413a0f-e1d9-47c7-80a5-b69c9dd2e5a8,0.9994450564270644,topic_1,18
19,18,1925d51d-1970-4157-93c4-45ffc27567c7,0.9994450561772031,topic_1,18
19,18,839b4039-bdba-497e-85f3-d1124b2c4519,0.9994450561772031,topic_2,18
19,18,129b55a3-7b2f-46c2-a133-258da43a528f,0.9994450561494408,topic_2,18
19,18,bef6064b-9c39-4518-ada1-1643dcd93371,0.9994450561216784,topic_2,18
19,18,46448356-b68d-4e17-a20a-08a164f51ffa,0.9994450561216784,topic_2,18
19,18,18d73af8-14bd-4221-9bef-bcd2edcf5831,0.9994450560939161,topic_2,18
19,18,d8b56a19-0af2-44dc-8432-ee947d840250,0.9994450560939161,topic_2,18
19,18,77b489b8-07e6-4434-800f-b9f47a459f04,0.9994450560661537,topic_2,18
19,18,2ce2210d-7364-4059-8227-382bf4c9fc9b,0.9994450560661537,topic_2,18
19,18,39147f88-76e8-40fa-997f-21c0f85393d9,0.9994450560383914,topic_2,18
19,18,818cdd39-f7c2-4b58-8a96-2b898d3ef666,0.9994450560106289,topic_2,18
19,18,73d0fd0a-6bc1-43cc-8918-99c6ade6e5a6,0.9994450560106289,topic_2,18
19,18,ce15d8e8-d869-4dce-856d-e04e9d2c31eb,0.9994450559828666,topic_2,18
19,18,c19b363b-fc83-486e-9770-ba7273ab1bee,0.9994450559828666,topic_2,18
19,18,4838fca8-f0de-4299-80e9-95380f9216c0,0.9994450559551042,topic_2,18
19,18,d7b08517-192b-4f68-acd3-938e553ed209,0.9994450559551042,topic_2,18
20,19,1ebd6b37-a3bc-44c1-94b0-b7a796461156,1.0,topic_2,19
20,19,c9413a0f-e1d9-47c7-80a5-b69c9dd2e5a8,0.9994252033145002,topic_1,19
20,19,1925d51d-1970-4157-93c4-45ffc27567c7,0.999425203064644,topic_1,19
20,19,839b4039-bdba-497e-85f3-d1124b2c4519,0.9994252030368822,topic_2,19
20,19,129b55a3-7b2f-46c2-a133-258da43a528f,0.9994252030368822,topic_2,19
20,19,bef6064b-9c39-4518-ada1-1643dcd93371,0.9994252030091204,topic_2,19
20,19,46448356-b68d-4e17-a20a-08a164f51ffa,0.9994252029813585,topic_2,19
20,19,18d73af8-14bd-4221-9bef-bcd2edcf5831,0.9994252029813585,topic_2,19
20,19,d8b56a19-0af2-44dc-8432-ee947d840250,0.9994252029535967,topic_2,19
20,19,77b489b8-07e6-4434-800f-b9f47a459f04,0.9994252029535967,topic_2,19
20,19,2ce2210d-7364-4059-8227-382bf4c9fc9b,0.9994252029258349,topic_2,19
20,19,39147f88-76e8-40fa-997f-21c0f85393d9,0.9994252029258349,topic_2,19
20,19,818cdd39-f7c2-4b58-8a96-2b898d3ef666,0.9994252028980731,topic_2,19
20,19,73d0fd0a-6bc1-43cc-8918-99c6ade6e5a6,0.9994252028703113,topic_2,19
20,19,ce15d8e8-d869-4dce-856d-e04e9d2c31eb,0.9994252028703113,topic_2,19
20,19,c19b363b-fc83-486e-9770-ba7273ab1bee,0.9994252028425495,topic_2,19
20,19,4838fca8-f0de-4299-80e9-95380f9216c0,0.9994252028425495,topic_2,19
20,19,d7b08517-192b-4f68-acd3-938e553ed209,0.9994252028147876,topic_2,19
20,19,d7830530-2bd1-4f54-bca6-5763a0567d7d,0.9994252028147876,topic_2,19
21,20,0c5e61b5-d33f-41f8-af27-db3474b2fa83,1.0,topic_2,20
21,20,c9413a0f-e1d9-47c7-80a5-b69c9dd2e5a8,0.999467682397981,topic_2,20
21,20,1925d51d-1970-4157-93c4-45ffc27567c7,0.9994676821203511,topic_2,20
21,20,839b4039-bdba-497e-85f3-d1124b2c4519,0.9994676821203511,topic_2,20
21,20,129b55a3-7b2f-46c2-a133-258da43a528f,0.9994676820925881,topic_2,20
21,20,bef6064b-9c39-4518-ada1-1643dcd93371,0.9994676820925881,topic_2,20
21,20,46448356-b68d-4e17-a20a-08a164f51ffa,0.9994676820648251,topic_2,20
21,20,18d73af8-14bd-4221-9bef-bcd2edcf5831,0.9994676820370622,topic_2,20
21,20,d8b56a19-0af2-44dc-8432-ee947d840250,0.9994676820370622,topic_2,20
21,20,77b489b8-07e6-4434-800f-b9f47a459f04,0.9994676820092991,topic_2,20
21,20,2ce2210d-7364-4059-8227-382bf4c9fc9b,0.9994676819815361,topic_2,20
21,20,39147f88-76e8-40fa-997f-21c0f85393d9,0.9994676819815361,topic_2,20
21,20,818cdd39-f7c2-4b58-8a96-2b898d3ef666,0.9994676819537731,topic_2,20
21,20,73d0fd0a-6bc1-43cc-8918-99c6ade6e5a6,0.9994676819537731,topic_2,20
21,20,ce15d8e8-d869-4dce-856d-e04e9d2c31eb,0.9994676819260101,topic_2,20
21,20,c19b363b-fc83-486e-9770-ba7273ab1bee,0.9994676819260101,topic_2,20
21,20,4838fca8-f0de-4299-80e9-95380f9216c0,0.9994676818982472,topic_2,20
21,20,d7b08517-192b-4f68-acd3-938e553ed209,0.9994676818982472,topic_2,20
21,20,d7830530-2bd1-4f54-bca6-5763a0567d7d,0.9994676818704842,topic_2,20
21,20,1ebd6b37-a3bc-44c1-94b0-b7a796461156,0.9994676818704842,topic_2,20
22,20,8ba06c51-d1cf-4509-a7e3-2f6db5b50b07,1.0,topic_2,21
22,20,c9413a0f-e1d9-47c7-80a5-b69c9dd2e5a8,0.9992846266405091,topic_2,21
22,20,1925d51d-1970-4157-93c4-45ffc27567c7,0.99928462636293,topic_2,21
22,20,839b4039-bdba-497e-85f3-d1124b2c4519,0.9992846263351721,topic_2,21
22,20,129b55a3-7b2f-46c2-a133-258da43a528f,0.9992846263074142,topic_2,21
22,20,bef6064b-9c39-4518-ada1-1643dcd93371,0.9992846262796563,topic_2,21
22,20,46448356-b68d-4e17-a20a-08a164f51ffa,0.9992846262518984,topic_2,21
22,20,18d73af8-14bd-4221-9bef-bcd2edcf5831,0.9992846262241405,topic_2,21
22,20,d8b56a19-0af2-44dc-8432-ee947d840250,0.9992846261963826,topic_2,21
22,20,77b489b8-07e6-4434-800f-b9f47a459f04,0.9992846261963826,topic_2,21
22,20,2ce2210d-7364-4059-8227-382bf4c9fc9b,0.9992846261686247,topic_2,21
22,20,39147f88-76e8-40fa-997f-21c0f85393d9,0.9992846261408668,topic_2,21
22,20,818cdd39-f7c2-4b58-8a96-2b898d3ef666,0.9992846261131089,topic_2,21
22,20,73d0fd0a-6bc1-43cc-8918-99c6ade6e5a6,0.999284626085351,topic_2,21
22,20,ce15d8e8-d869-4dce-856d-e04e9d2c31eb,0.999284626057593,topic_2,21
22,20,c19b363b-fc83-486e-9770-ba7273ab1bee,0.999284626057593,topic_2,21
22,20,4838fca8-f0de-4299-80e9-95380f9216c0,0.9992846260298351,topic_2,21
22,20,d7b08517-192b-4f68-acd3-938e553ed209,0.9992846260020772,topic_2,21
22,20,d7830530-2bd1-4f54-bca6-5763a0567d7d,0.9992846259743193,topic_2,21
22,20,1ebd6b37-a3bc-44c1-94b0-b7a796461156,0.9992846259743193,topic_2,21
23,21,7f116c61-b3cc-4cf9-9391-004234057e28,1.0,topic_2,22
23,21,c9413a0f-e1d9-47c7-80a5-b69c9dd2e5a8,0.9994927805126518,topic_2,22
23,21,1925d51d-1970-4157-93c4-45ffc27567c7,0.9994927802627785,topic_2,22
23,21,839b4039-bdba-497e-85f3-d1124b2c4519,0.9994927802627785,topic_2,22
23,21,129b55a3-7b2f-46c2-a133-258da43a528f,0.9994927802350149,topic_2,22
23,21,bef6064b-9c39-4518-ada1-1643dcd93371,0.9994927802350149,topic_2,22
23,21,46448356-b68d-4e17-a20a-08a164f51ffa,0.9994927802072512,topic_2,22
23,21,18d73af8-14bd-4221-9bef-bcd2edcf5831,0.9994927801794875,topic_2,22
23,21,d8b56a19-0af2-44dc-8432-ee947d840250,0.9994927801517238,topic_2,22
23,21,77b489b8-07e6-4434-800f-b9f47a459f04,0.9994927801517238,topic_2,22
23,21,2ce2210d-7364-4059-8227-382bf4c9fc9b,0.9994927801239601,topic_2,22
23,21,39147f88-76e8-40fa-997f-21c0f85393d9,0.9994927801239601,topic_2,22
23,21,818cdd39-f7c2-4b58-8a96-2b898d3ef666,0.9994927800961965,topic_2,22
23,21,73d0fd0a-6bc1-43cc-8918-99c6ade6e5a6,0.9994927800961965,topic_2,22
23,21,ce15d8e8-d869-4dce-856d-e04e9d2c31eb,0.9994927800684328,topic_2,22
23,21,c19b363b-fc83-486e-9770-ba7273ab1bee,0.9994927800684328,topic_2,22
23,21,4838fca8-f0de-4299-80e9-95380f9216c0,0.9994927800406691,topic_2,22
23,21,d7b08517-192b-4f68-acd3-938e553ed209,0.9994927800129054,topic_2,22
23,21,d7830530-2bd1-4f54-bca6-5763a0567d7d,0.9994927800129054,topic_2,22
23,21,1ebd6b37-a3bc-44c1-94b0-b7a796461156,0.9994927799851417,topic_2,22
23,21,0c5e61b5-d33f-41f8-af27-db3474b2fa83,0.9987777460338033,topic_2,22
24,20,6096b445-99cc-4dbe-9517-fa62acca3811,1.0,topic_2,23
24,20,c9413a0f-e1d9-47c7-80a5-b69c9dd2e5a8,0.9993778415930766,topic_2,23
24,20,1925d51d-1970-4157-93c4-45ffc27567c7,0.9993778413432322,topic_2,23
24,20,839b4039-bdba-497e-85f3-d1124b2c4519,0.9993778413154717,topic_2,23
24,20,129b55a3-7b2f-46c2-a133-258da43a528f,0.9993778412877111,topic_2,23
24,20,bef6064b-9c39-4518-ada1-1643dcd93371,0.9993778412599507,topic_2,23
24,20,46448356-b68d-4e17-a20a-08a164f51ffa,0.9993778412321902,topic_2,23
24,20,18d73af8-14bd-4221-9bef-bcd2edcf5831,0.9993778412044296,topic_2,23
24,20,d8b56a19-0af2-44dc-8432-ee947d840250,0.9993778411766692,topic_2,23
24,20,77b489b8-07e6-4434-800f-b9f47a459f04,0.9993778411489087,topic_2,23
24,20,2ce2210d-7364-4059-8227-382bf4c9fc9b,0.9993778411211481,topic_2,23
24,20,39147f88-76e8-40fa-997f-21c0f85393d9,0.9993778411211481,topic_2,23
24,20,818cdd39-f7c2-4b58-8a96-2b898d3ef666,0.9993778410656272,topic_2,23
24,20,73d0fd0a-6bc1-43cc-8918-99c6ade6e5a6,0.9993778410656272,topic_2,23
24,20,ce15d8e8-d869-4dce-856d-e04e9d2c31eb,0.9993778410378666,topic_2,23
24,20,c19b363b-fc83-486e-9770-ba7273ab1bee,0.9993778410101062,topic_2,23
24,20,4838fca8-f0de-4299-80e9-95380f9216c0,0.9993778409823457,topic_2,23
24,20,d7b08517-192b-4f68-acd3-938e553ed209,0.9993778409268247,topic_2,23
24,20,d7830530-2bd1-4f54-bca6-5763a0567d7d,0.9993778408990642,topic_2,23
24,20,1ebd6b37-a3bc-44c1-94b0-b7a796461156,0.9993778408713038,topic_2,23
25,20,be77a62b-6b3a-4fa3-9eda-df8c4c0b20fc,1.0,topic_2,24
25,20,c9413a0f-e1d9-47c7-80a5-b69c9dd2e5a8,0.9993789225318388,topic_2,24
25,20,1925d51d-1970-4157-93c4-45ffc27567c7,0.9993789222819941,topic_2,24
25,20,839b4039-bdba-497e-85f3-d1124b2c4519,0.9993789222542336,topic_2,24
25,20,129b55a3-7b2f-46c2-a133-258da43a528f,0.9993789222264731,topic_2,24
25,20,bef6064b-9c39-4518-ada1-1643dcd93371,0.9993789222264731,topic_2,24
25,20,46448356-b68d-4e17-a20a-08a164f51ffa,0.9993789221987125,topic_2,24
25,20,18d73af8-14bd-4221-9bef-bcd2edcf5831,0.9993789221987125,topic_2,24
25,20,d8b56a19-0af2-44dc-8432-ee947d840250,0.999378922170952,topic_2,24
25,20,77b489b8-07e6-4434-800f-b9f47a459f04,0.9993789221431915,topic_2,24
25,20,2ce2210d-7364-4059-8227-382bf4c9fc9b,0.9993789221431915,topic_2,24
25,20,39147f88-76e8-40fa-997f-21c0f85393d9,0.999378922115431,topic_2,24
25,20,818cdd39-f7c2-4b58-8a96-2b898d3ef666,0.9993789220876704,topic_2,24
25,20,73d0fd0a-6bc1-43cc-8918-99c6ade6e5a6,0.9993789220876704,topic_2,24
25,20,ce15d8e8-d869-4dce-856d-e04e9d2c31eb,0.9993789220599099,topic_2,24
25,20,c19b363b-fc83-486e-9770-ba7273ab1bee,0.9993789220599099,topic_2,24
25,20,4838fca8-f0de-4299-80e9-95380f9216c0,0.9993789220321494,topic_2,24
25,20,d7b08517-192b-4f68-acd3-938e553ed209,0.9993789220321494,topic_2,24
25,20,d7830530-2bd1-4f54-bca6-5763a0567d7d,0.9993789220043888,topic_2,24
25,20,1ebd6b37-a3bc-44c1-94b0-b7a796461156,0.9993789220043888,topic_2,24
26,21,26f4919e-e1ec-4e66-a25a-f5ff1579ec07,1.0,topic_2,25
26,21,c9413a0f-e1d9-47c7-80a5-b69c9dd2e5a8,0.9994156464122109,topic_2,25
26,21,1925d51d-1970-4157-93c4-45ffc27567c7,0.999415646106834,topic_2,25
26,21,839b4039-bdba-497e-85f3-d1124b2c4519,0.999415646106834,topic_2,25
26,21,129b55a3-7b2f-46c2-a133-258da43a528f,0.9994156460790724,topic_2,25
26,21,bef6064b-9c39-4518-ada1-1643dcd93371,0.9994156460513108,topic_2,25
26,21,46448356-b68d-4e17-a20a-08a164f51ffa,0.9994156460235493,topic_2,25
26,21,18d73af8-14bd-4221-9bef-bcd2edcf5831,0.9994156459957878,topic_2,25
26,21,d8b56a19-0af2-44dc-8432-ee947d840250,0.9994156459957878,topic_2,25
26,21,77b489b8-07e6-4434-800f-b9f47a459f04,0.9994156459680262,topic_2,25
26,21,2ce2210d-7364-4059-8227-382bf4c9fc9b,0.9994156459402647,topic_2,25
26,21,39147f88-76e8-40fa-997f-21c0f85393d9,0.9994156459402647,topic_2,25
26,21,818cdd39-f7c2-4b58-8a96-2b898d3ef666,0.9994156459125031,topic_2,25
26,21,73d0fd0a-6bc1-43cc-8918-99c6ade6e5a6,0.9994156458847416,topic_2,25
26,21,ce15d8e8-d869-4dce-856d-e04e9d2c31eb,0.9994156458569801,topic_2,25
26,21,c19b363b-fc83-486e-9770-ba7273ab1bee,0.9994156458569801,topic_2,25
26,21,4838fca8-f0de-4299-80e9-95380f9216c0,0.9994156458292185,topic_2,25
26,21,d7b08517-192b-4f68-acd3-938e553ed209,0.9994156458014569,topic_2,25
26,21,d7830530-2bd1-4f54-bca6-5763a0567d7d,0.9994156457736955,topic_2,25
26,21,1ebd6b37-a3bc-44c1-94b0-b7a796461156,0.9994156457736955,topic_2,25
26,21,0c5e61b5-d33f-41f8-af27-db3474b2fa83,0.9981734630692864,topic_2,25
27,21,8b2fc58f-f725-4725-9530-ef466d943928,1.0,topic_2,26
27,21,c9413a0f-e1d9-47c7-80a5-b69c9dd2e5a8,0.9994777042217292,topic_2,26
27,21,1925d51d-1970-4157-93c4-45ffc27567c7,0.9994777039718599,topic_2,26
27,21,839b4039-bdba-497e-85f3-d1124b2c4519,0.9994777039440965,topic_2,26
27,21,129b55a3-7b2f-46c2-a133-258da43a528f,0.9994777039163333,topic_2,26
27,21,bef6064b-9c39-4518-ada1-1643dcd93371,0.99947770388857,topic_2,26
27,21,46448356-b68d-4e17-a20a-08a164f51ffa,0.99947770388857,topic_2,26
27,21,18d73af8-14bd-4221-9bef-bcd2edcf5831,0.9994777038608067,topic_2,26
27,21,d8b56a19-0af2-44dc-8432-ee947d840250,0.9994777038330435,topic_2,26
27,21,77b489b8-07e6-4434-800f-b9f47a459f04,0.9994777038052802,topic_2,26
27,21,2ce2210d-7364-4059-8227-382bf4c9fc9b,0.9994777038052802,topic_2,26
27,21,39147f88-76e8-40fa-997f-21c0f85393d9,0.9994777037775169,topic_2,26
27,21,818cdd39-f7c2-4b58-8a96-2b898d3ef666,0.9994777037497536,topic_2,26
27,21,73d0fd0a-6bc1-43cc-8918-99c6ade6e5a6,0.9994777037219904,topic_2,26
27,21,ce15d8e8-d869-4dce-856d-e04e9d2c31eb,0.9994777036942272,topic_2,26
27,21,c19b363b-fc83-486e-9770-ba7273ab1bee,0.9994777036664638,topic_2,26
27,21,4838fca8-f0de-4299-80e9-95380f9216c0,0.9994777036387006,topic_2,26
27,21,d7b08517-192b-4f68-acd3-938e553ed209,0.9994777036109374,topic_2,26
27,21,d7830530-2bd1-4f54-bca6-5763a0567d7d,0.999477703583174,topic_2,26
27,21,1ebd6b37-a3bc-44c1-94b0-b7a796461156,0.9994777035554108,topic_2,26
27,21,0c5e61b5-d33f-41f8-af27-db3474b2fa83,0.9994777035554108,topic_2,26
28,21,b496dd45-482a-493b-94e4-2536703187ae,1.0,topic_2,27
28,21,c9413a0f-e1d9-47c7-80a5-b69c9dd2e5a8,0.999495298238137,topic_2,27
28,21,1925d51d-1970-4157-93c4-45ffc27567c7,0.9994952980160269,topic_2,27
28,21,839b4039-bdba-497e-85f3-d1124b2c4519,0.9994952979882632,topic_2,27
28,21,129b55a3-7b2f-46c2-a133-258da43a528f,0.9994952979882632,topic_2,27
28,21,bef6064b-9c39-4518-ada1-1643dcd93371,0.9994952979604994,topic_2,27
28,21,46448356-b68d-4e17-a20a-08a164f51ffa,0.9994952979604994,topic_2,27
28,21,18d73af8-14bd-4221-9bef-bcd2edcf5831,0.9994952979327356,topic_2,27
28,21,d8b56a19-0af2-44dc-8432-ee947d840250,0.9994952979327356,topic_2,27
28,21,77b489b8-07e6-4434-800f-b9f47a459f04,0.9994952979049718,topic_2,27
28,21,2ce2210d-7364-4059-8227-382bf4c9fc9b,0.9994952979049718,topic_2,27
28,21,39147f88-76e8-40fa-997f-21c0f85393d9,0.9994952978772081,topic_2,27
28,21,818cdd39-f7c2-4b58-8a96-2b898d3ef666,0.9994952978494444,topic_2,27
28,21,73d0fd0a-6bc1-43cc-8918-99c6ade6e5a6,0.9994952978494444,topic_2,27
28,21,ce15d8e8-d869-4dce-856d-e04e9d2c31eb,0.9994952978216806,topic_2,27
28,21,c19b363b-fc83-486e-9770-ba7273ab1bee,0.9994952978216806,topic_2,27
28,21,4838fca8-f0de-4299-80e9-95380f9216c0,0.9994952977939169,topic_2,27
28,21,d7b08517-192b-4f68-acd3-938e553ed209,0.9994952977939169,topic_2,27
28,21,d7830530-2bd1-4f54-bca6-5763a0567d7d,0.9994952977661531,topic_2,27
28,21,1ebd6b37-a3bc-44c1-94b0-b7a796461156,0.9994952977661531,topic_2,27
28,21,0c5e61b5-d33f-41f8-af27-db3474b2fa83,0.9994952977383893,topic_2,27
29,20,98217906-7672-4cdb-be69-709d3fda4b5e,1.0,topic_2,28
29,20,c9413a0f-e1d9-47c7-80a5-b69c9dd2e5a8,0.9993572958728338,topic_2,28
29,20,1925d51d-1970-4157-93c4-45ffc27567c7,0.9993572956507545,topic_2,28
29,20,839b4039-bdba-497e-85f3-d1124b2c4519,0.9993572956229945,topic_2,28
29,20,129b55a3-7b2f-46c2-a133-258da43a528f,0.9993572956229945,topic_2,28
29,20,bef6064b-9c39-4518-ada1-1643dcd93371,0.9993572955952346,topic_2,28
29,20,46448356-b68d-4e17-a20a-08a164f51ffa,0.9993572955952346,topic_2,28
29,20,18d73af8-14bd-4221-9bef-bcd2edcf5831,0.9993572955674747,topic_2,28
29,20,d8b56a19-0af2-44dc-8432-ee947d840250,0.9993572955397148,topic_2,28
29,20,77b489b8-07e6-4434-800f-b9f47a459f04,0.9993572955397148,topic_2,28
29,20,2ce2210d-7364-4059-8227-382bf4c9fc9b,0.9993572955119548,topic_2,28
29,20,39147f88-76e8-40fa-997f-21c0f85393d9,0.9993572955119548,topic_2,28
29,20,818cdd39-f7c2-4b58-8a96-2b898d3ef666,0.9993572954841949,topic_2,28
29,20,73d0fd0a-6bc1-43cc-8918-99c6ade6e5a6,0.9993572954841949,topic_2,28
29,20,ce15d8e8-d869-4dce-856d-e04e9d2c31eb,0.9993572954564349,topic_2,28
29,20,c19b363b-fc83-486e-9770-ba7273ab1bee,0.999357295428675,topic_2,28
29,20,4838fca8-f0de-4299-80e9-95380f9216c0,0.9993572954009151,topic_2,28
29,20,d7b08517-192b-4f68-acd3-938e553ed209,0.9993572954009151,topic_2,28
29,20,d7830530-2bd1-4f54-bca6-5763a0567d7d,0.9993572953731552,topic_2,28
29,20,1ebd6b37-a3bc-44c1-94b0-b7a796461156,0.9993572953731552,topic_2,28
30,20,8c9e5a3a-1def-41ef-afea-14b0cf01cf15,1.0,topic_2,29
30,20,c9413a0f-e1d9-47c7-80a5-b69c9dd2e5a8,0.9993286173393767,topic_2,29
30,20,1925d51d-1970-4157-93c4-45ffc27567c7,0.9993286170340263,topic_2,29
30,20,839b4039-bdba-497e-85f3-d1124b2c4519,0.9993286170062672,topic_2,29
30,20,129b55a3-7b2f-46c2-a133-258da43a528f,0.999328616978508,topic_2,29
30,20,bef6064b-9c39-4518-ada1-1643dcd93371,0.9993286169507489,topic_2,29
30,20,46448356-b68d-4e17-a20a-08a164f51ffa,0.9993286169507489,topic_2,29
30,20,18d73af8-14bd-4221-9bef-bcd2edcf5831,0.9993286169229898,topic_2,29
30,20,d8b56a19-0af2-44dc-8432-ee947d840250,0.9993286168952307,topic_2,29
30,20,77b489b8-07e6-4434-800f-b9f47a459f04,0.9993286168674715,topic_2,29
30,20,2ce2210d-7364-4059-8227-382bf4c9fc9b,0.9993286168674715,topic_2,29
30,20,39147f88-76e8-40fa-997f-21c0f85393d9,0.9993286168397124,topic_2,29
30,20,818cdd39-f7c2-4b58-8a96-2b898d3ef666,0.9993286168119533,topic_2,29
30,20,73d0fd0a-6bc1-43cc-8918-99c6ade6e5a6,0.9993286167841942,topic_2,29
30,20,ce15d8e8-d869-4dce-856d-e04e9d2c31eb,0.999328616756435,topic_2,29
30,20,c19b363b-fc83-486e-9770-ba7273ab1bee,0.9993286167286759,topic_2,29
30,20,4838fca8-f0de-4299-80e9-95380f9216c0,0.9993286167286759,topic_2,29
30,20,d7b08517-192b-4f68-acd3-938e553ed209,0.9993286167009168,topic_2,29
30,20,d7830530-2bd1-4f54-bca6-5763a0567d7d,0.9993286166731576,topic_2,29
30,20,1ebd6b37-a3bc-44c1-94b0-b7a796461156,0.9993286166453985,topic_2,29
31,21,c84ba264-6b1f-4d24-9ef1-123662d0296a,1.0,topic_2,30
31,21,c9413a0f-e1d9-47c7-80a5-b69c9dd2e5a8,0.9995288443620268,topic_2,30
31,21,1925d51d-1970-4157-93c4-45ffc27567c7,0.9995288441399093,topic_2,30
31,21,839b4039-bdba-497e-85f3-d1124b2c4519,0.9995288441399093,topic_2,30
31,21,129b55a3-7b2f-46c2-a133-258da43a528f,0.9995288441121446,topic_2,30
31,21,bef6064b-9c39-4518-ada1-1643dcd93371,0.9995288440843799,topic_2,30
31,21,46448356-b68d-4e17-a20a-08a164f51ffa,0.9995288440843799,topic_2,30
31,21,18d73af8-14bd-4221-9bef-bcd2edcf5831,0.9995288440566152,topic_2,30
31,21,d8b56a19-0af2-44dc-8432-ee947d840250,0.9995288440566152,topic_2,30
31,21,77b489b8-07e6-4434-800f-b9f47a459f04,0.9995288440288506,topic_2,30
31,21,2ce2210d-7364-4059-8227-382bf4c9fc9b,0.9995288440288506,topic_2,30
31,21,39147f88-76e8-40fa-997f-21c0f85393d9,0.9995288440010859,topic_2,30
31,21,818cdd39-f7c2-4b58-8a96-2b898d3ef666,0.9995288439733212,topic_2,30
31,21,73d0fd0a-6bc1-43cc-8918-99c6ade6e5a6,0.9995288439455565,topic_2,30
31,21,ce15d8e8-d869-4dce-856d-e04e9d2c31eb,0.9995288439455565,topic_2,30
31,21,c19b363b-fc83-486e-9770-ba7273ab1bee,0.9995288439177918,topic_2,30
31,21,4838fca8-f0de-4299-80e9-95380f9216c0,0.9995288439177918,topic_2,30
31,21,d7b08517-192b-4f68-acd3-938e553ed209,0.999528843890027,topic_2,30
31,21,d7830530-2bd1-4f54-bca6-5763a0567d7d,0.999528843890027,topic_2,30
31,21,1ebd6b37-a3bc-44c1-94b0-b7a796461156,0.9995288438622624,topic_2,30
31,21,98217906-7672-4cdb-be69-709d3fda4b5e,0.9988577413191067,topic_2,30
32,20,cd9ccd43-c3c6-42ab-bee3-9f8557928d7a,1.0,topic_3,31
32,20,c9413a0f-e1d9-47c7-80a5-b69c9dd2e5a8,0.9993055303668498,topic_2,31
32,20,1925d51d-1970-4157-93c4-45ffc27567c7,0.9993055301170234,topic_2,31
32,20,839b4039-bdba-497e-85f3-d1124b2c4519,0.9993055300892649,topic_2,31
32,20,129b55a3-7b2f-46c2-a133-258da43a528f,0.9993055300892649,topic_2,31
32,20,bef6064b-9c39-4518-ada1-1643dcd93371,0.9993055300615065,topic_2,31
32,20,46448356-b68d-4e17-a20a-08a164f51ffa,0.9993055300615065,topic_2,31
32,20,18d73af8-14bd-4221-9bef-bcd2edcf5831,0.9993055300337479,topic_2,31
32,20,d8b56a19-0af2-44dc-8432-ee947d840250,0.9993055300337479,topic_2,31
32,20,77b489b8-07e6-4434-800f-b9f47a459f04,0.9993055300059894,topic_2,31
32,20,2ce2210d-7364-4059-8227-382bf4c9fc9b,0.9993055300059894,topic_2,31
32,20,39147f88-76e8-40fa-997f-21c0f85393d9,0.999305529978231,topic_2,31
32,20,818cdd39-f7c2-4b58-8a96-2b898d3ef666,0.9993055299504725,topic_2,31
32,20,73d0fd0a-6bc1-43cc-8918-99c6ade6e5a6,0.9993055299504725,topic_2,31
32,20,ce15d8e8-d869-4dce-856d-e04e9d2c31eb,0.999305529922714,topic_2,31
32,20,c19b363b-fc83-486e-9770-ba7273ab1bee,0.999305529922714,topic_2,31
32,20,4838fca8-f0de-4299-80e9-95380f9216c0,0.9993055298949555,topic_2,31
32,20,d7b08517-192b-4f68-acd3-938e553ed209,0.9993055298949555,topic_2,31
32,20,d7830530-2bd1-4f54-bca6-5763a0567d7d,0.999305529867197,topic_2,31
32,20,1ebd6b37-a3bc-44c1-94b0-b7a796461156,0.999305529867197,topic_2,31
33,21,4a017f2d-4a0c-4ec8-8bf0-be29ef2f481b,1.0,topic_3,32
33,21,c9413a0f-e1d9-47c7-80a5-b69c9dd2e5a8,0.9993940160713592,topic_2,32
33,21,1925d51d-1970-4157-93c4-45ffc27567c7,0.9993940157659889,topic_2,32
33,21,839b4039-bdba-497e-85f3-d1124b2c4519,0.999394015738228,topic_2,32
33,21,129b55a3-7b2f-46c2-a133-258da43a528f,0.999394015710467,topic_2,32
33,21,bef6064b-9c39-4518-ada1-1643dcd93371,0.999394015682706,topic_2,32
33,21,46448356-b68d-4e17-a20a-08a164f51ffa,0.9993940156549451,topic_2,32
33,21,18d73af8-14bd-4221-9bef-bcd2edcf5831,0.9993940155994232,topic_2,32
33,21,d8b56a19-0af2-44dc-8432-ee947d840250,0.9993940155716623,topic_2,32
33,21,77b489b8-07e6-4434-800f-b9f47a459f04,0.9993940155716623,topic_2,32
33,21,2ce2210d-7364-4059-8227-382bf4c9fc9b,0.9993940155439013,topic_2,32
33,21,39147f88-76e8-40fa-997f-21c0f85393d9,0.9993940155161404,topic_2,32
33,21,818cdd39-f7c2-4b58-8a96-2b898d3ef666,0.9993940154606185,topic_2,32
33,21,73d0fd0a-6bc1-43cc-8918-99c6ade6e5a6,0.9993940154606185,topic_2,32
33,21,ce15d8e8-d869-4dce-856d-e04e9d2c31eb,0.9993940154328576,topic_2,32
33,21,c19b363b-fc83-486e-9770-ba7273ab1bee,0.9993940154050966,topic_2,32
33,21,4838fca8-f0de-4299-80e9-95380f9216c0,0.9993940153773356,topic_2,32
33,21,d7b08517-192b-4f68-acd3-938e553ed209,0.9993940153495747,topic_2,32
33,21,d7830530-2bd1-4f54-bca6-5763a0567d7d,0.9993940153218137,topic_2,32
33,21,1ebd6b37-a3bc-44c1-94b0-b7a796461156,0.9993940153218137,topic_2,32
33,21,c84ba264-6b1f-4d24-9ef1-123662d0296a,0.9986999279934478,topic_2,32
34,21,ce01fd6e-3502-48c8-a109-7d30ce90f08a,1.0,topic_3,33
34,21,c9413a0f-e1d9-47c7-80a5-b69c9dd2e5a8,0.9995415769690726,topic_2,33
34,21,1925d51d-1970-4157-93c4-45ffc27567c7,0.9995415767191872,topic_2,33
34,21,839b4039-bdba-497e-85f3-d1124b2c4519,0.9995415766914222,topic_2,33
34,21,129b55a3-7b2f-46c2-a133-258da43a528f,0.9995415766914222,topic_2,33
34,21,bef6064b-9c39-4518-ada1-1643dcd93371,0.9995415766636571,topic_2,33
34,21,46448356-b68d-4e17-a20a-08a164f51ffa,0.9995415766636571,topic_2,33
34,21,18d73af8-14bd-4221-9bef-bcd2edcf5831,0.999541576608127,topic_2,33
34,21,d8b56a19-0af2-44dc-8432-ee947d840250,0.999541576580362,topic_2,33
34,21,77b489b8-07e6-4434-800f-b9f47a459f04,0.999541576580362,topic_2,33
34,21,2ce2210d-7364-4059-8227-382bf4c9fc9b,0.9995415765525969,topic_2,33
34,21,39147f88-76e8-40fa-997f-21c0f85393d9,0.9995415765525969,topic_2,33
34,21,818cdd39-f7c2-4b58-8a96-2b898d3ef666,0.9995415765248319,topic_2,33
34,21,73d0fd0a-6bc1-43cc-8918-99c6ade6e5a6,0.9995415765248319,topic_2,33
34,21,ce15d8e8-d869-4dce-856d-e04e9d2c31eb,0.9995415764970669,topic_2,33
34,21,c19b363b-fc83-486e-9770-ba7273ab1bee,0.9995415764970669,topic_2,33
34,21,4838fca8-f0de-4299-80e9-95380f9216c0,0.9995415764693018,topic_2,33
34,21,d7b08517-192b-4f68-acd3-938e553ed209,0.9995415764415367,topic_2,33
34,21,d7830530-2bd1-4f54-bca6-5763a0567d7d,0.9995415764415367,topic_2,33
34,21,1ebd6b37-a3bc-44c1-94b0-b7a796461156,0.9995415764137717,topic_2,33
34,21,c84ba264-6b1f-4d24-9ef1-123662d0296a,0.9995415762194164,topic_2,33
35,21,ea13f81e-e484-4765-bc99-4a4532c47eaf,1.0,topic_3,34
35,21,c9413a0f-e1d9-47c7-80a5-b69c9dd2e5a8,0.9993874462432578,topic_2,34
35,21,1925d51d-1970-4157-93c4-45ffc27567c7,0.9993874459934109,topic_2,34
35,21,839b4039-bdba-497e-85f3-d1124b2c4519,0.9993874459656502,topic_2,34
35,21,129b55a3-7b2f-46c2-a133-258da43a528f,0.9993874459656502,topic_2,34
35,21,bef6064b-9c39-4518-ada1-1643dcd93371,0.9993874459378894,topic_2,34
35,21,46448356-b68d-4e17-a20a-08a164f51ffa,0.9993874459378894,topic_2,34
35,21,18d73af8-14bd-4221-9bef-bcd2edcf5831,0.9993874459101286,topic_2,34
35,21,d8b56a19-0af2-44dc-8432-ee947d840250,0.9993874459101286,topic_2,34
35,21,77b489b8-07e6-4434-800f-b9f47a459f04,0.9993874458823678,topic_2,34
35,21,2ce2210d-7364-4059-8227-382bf4c9fc9b,0.9993874458823678,topic_2,34
35,21,39147f88-76e8-40fa-997f-21c0f85393d9,0.9993874458546071,topic_2,34
35,21,818cdd39-f7c2-4b58-8a96-2b898d3ef666,0.9993874458268464,topic_2,34
35,21,73d0fd0a-6bc1-43cc-8918-99c6ade6e5a6,0.9993874458268464,topic_2,34
35,21,ce15d8e8-d869-4dce-856d-e04e9d2c31eb,0.9993874457990856,topic_2,34
35,21,c19b363b-fc83-486e-9770-ba7273ab1bee,0.9993874457990856,topic_2,34
35,21,4838fca8-f0de-4299-80e9-95380f9216c0,0.9993874457713249,topic_2,34
35,21,d7b08517-192b-4f68-acd3-938e553ed209,0.9993874457435641,topic_2,34
35,21,d7830530-2bd1-4f54-bca6-5763a0567d7d,0.9993874457435641,topic_2,34
35,21,1ebd6b37-a3bc-44c1-94b0-b7a796461156,0.9993874457158033,topic_2,34
35,21,c84ba264-6b1f-4d24-9ef1-123662d0296a,0.999387445521478,topic_2,34
36,21,362e3bfe-5b0c-4744-9421-0f698416695b,1.0,topic_3,35
36,21,c9413a0f-e1d9-47c7-80a5-b69c9dd2e5a8,0.9993646267129254,topic_2,35
36,21,1925d51d-1970-4157-93c4-45ffc27567c7,0.9993646264630842,topic_2,35
36,21,839b4039-bdba-497e-85f3-d1124b2c4519,0.9993646264353241,topic_2,35
36,21,129b55a3-7b2f-46c2-a133-258da43a528f,0.9993646264353241,topic_2,35
36,21,bef6064b-9c39-4518-ada1-1643dcd93371,0.999364626407564,topic_2,35
36,21,46448356-b68d-4e17-a20a-08a164f51ffa,0.999364626407564,topic_2,35
36,21,18d73af8-14bd-4221-9bef-bcd2edcf5831,0.9993646263798038,topic_2,35
36,21,d8b56a19-0af2-44dc-8432-ee947d840250,0.9993646263520437,topic_2,35
36,21,77b489b8-07e6-4434-800f-b9f47a459f04,0.9993646263520437,topic_2,35
36,21,2ce2210d-7364-4059-8227-382bf4c9fc9b,0.9993646263242836,topic_2,35
36,21,39147f88-76e8-40fa-997f-21c0f85393d9,0.9993646263242836,topic_2,35
36,21,818cdd39-f7c2-4b58-8a96-2b898d3ef666,0.9993646262965235,topic_2,35
36,21,73d0fd0a-6bc1-43cc-8918-99c6ade6e5a6,0.9993646262687633,topic_2,35
36,21,ce15d8e8-d869-4dce-856d-e04e9d2c31eb,0.9993646262687633,topic_2,35
36,21,c19b363b-fc83-486e-9770-ba7273ab1bee,0.9993646262410032,topic_2,35
36,21,4838fca8-f0de-4299-80e9-95380f9216c0,0.9993646262410032,topic_2,35
36,21,d7b08517-192b-4f68-acd3-938e553ed209,0.9993646262132431,topic_2,35
36,21,d7830530-2bd1-4f54-bca6-5763a0567d7d,0.9993646262132431,topic_2,35
36,21,1ebd6b37-a3bc-44c1-94b0-b7a796461156,0.9993646261854829,topic_2,35
36,21,ce01fd6e-3502-48c8-a109-7d30ce90f08a,0.998752420763737,topic_3,35
37,20,596973ad-ed76-4e81-a515-f7d12e7cd289,1.0,topic_3,36
37,20,c9413a0f-e1d9-47c7-80a5-b69c9dd2e5a8,0.9991878080621254,topic_2,36
37,20,1925d51d-1970-4157-93c4-45ffc27567c7,0.9991878078123284,topic_2,36
37,20,839b4039-bdba-497e-85f3-d1124b2c4519,0.9991878077845733,topic_2,36
37,20,129b55a3-7b2f-46c2-a133-258da43a528f,0.9991878077845733,topic_2,36
37,20,bef6064b-9c39-4518-ada1-1643dcd93371,0.999187807756818,topic_2,36
37,20,46448356-b68d-4e17-a20a-08a164f51ffa,0.9991878077290628,topic_2,36
37,20,18d73af8-14bd-4221-9bef-bcd2edcf5831,0.9991878077290628,topic_2,36
37,20,d8b56a19-0af2-44dc-8432-ee947d840250,0.9991878077013076,topic_2,36
37,20,77b489b8-07e6-4434-800f-b9f47a459f04,0.9991878077013076,topic_2,36
37,20,2ce2210d-7364-4059-8227-382bf4c9fc9b,0.9991878076735524,topic_2,36
37,20,39147f88-76e8-40fa-997f-21c0f85393d9,0.9991878076735524,topic_2,36
37,20,818cdd39-f7c2-4b58-8a96-2b898d3ef666,0.9991878076457972,topic_2,36
37,20,73d0fd0a-6bc1-43cc-8918-99c6ade6e5a6,0.9991878076180419,topic_2,36
37,20,ce15d8e8-d869-4dce-856d-e04e9d2c31eb,0.9991878076180419,topic_2,36
37,20,c19b363b-fc83-486e-9770-ba7273ab1bee,0.9991878075902867,topic_2,36
37,20,4838fca8-f0de-4299-80e9-95380f9216c0,0.9991878075902867,topic_2,36
37,20,d7b08517-192b-4f68-acd3-938e553ed209,0.9991878075625316,topic_2,36
37,20,d7830530-2bd1-4f54-bca6-5763a0567d7d,0.9991878075625316,topic_2,36
37,20,1ebd6b37-a3bc-44c1-94b0-b7a796461156,0.9991878075347763,topic_2,36
38,21,01b8b555-4df9-4296-8f17-9bc1014a1d96,1.0,topic_3,37
38,21,c9413a0f-e1d9-47c7-80a5-b69c9dd2e5a8,0.9993462555618515,topic_2,37
38,21,1925d51d-1970-4157-93c4-45ffc27567c7,0.9993462552842554,topic_2,37
38,21,839b4039-bdba-497e-85f3-d1124b2c4519,0.9993462552564957,topic_2,37
38,21,129b55a3-7b2f-46c2-a133-258da43a528f,0.9993462552564957,topic_2,37
38,21,bef6064b-9c39-4518-ada1-1643dcd93371,0.9993462552287361,topic_2,37
38,21,46448356-b68d-4e17-a20a-08a164f51ffa,0.9993462552287361,topic_2,37
38,21,18d73af8-14bd-4221-9bef-bcd2edcf5831,0.9993462552009764,topic_2,37
38,21,d8b56a19-0af2-44dc-8432-ee947d840250,0.9993462551732168,topic_2,37
38,21,77b489b8-07e6-4434-800f-b9f47a459f04,0.9993462551732168,topic_2,37
38,21,2ce2210d-7364-4059-8227-382bf4c9fc9b,0.9993462551454573,topic_2,37
38,21,39147f88-76e8-40fa-997f-21c0f85393d9,0.9993462551454573,topic_2,37
38,21,818cdd39-f7c2-4b58-8a96-2b898d3ef666,0.9993462551176976,topic_2,37
38,21,73d0fd0a-6bc1-43cc-8918-99c6ade6e5a6,0.9993462551176976,topic_2,37
38,21,ce15d8e8-d869-4dce-856d-e04e9d2c31eb,0.999346255089938,topic_2,37
38,21,c19b363b-fc83-486e-9770-ba7273ab1bee,0.999346255089938,topic_2,37
38,21,4838fca8-f0de-4299-80e9-95380f9216c0,0.9993462550621783,topic_2,37
38,21,d7b08517-192b-4f68-acd3-938e553ed209,0.9993462550621783,topic_2,37
38,21,d7830530-2bd1-4f54-bca6-5763a0567d7d,0.9993462550344188,topic_2,37
38,21,1ebd6b37-a3bc-44c1-94b0-b7a796461156,0.9993462550066591,topic_2,37
38,21,ce01fd6e-3502-48c8-a109-7d30ce90f08a,0.9985345537887068,topic_3,37
39,21,784692e0-2c53-4e03-a7e4-7572f8155844,1.0,topic_3,38
39,21,c9413a0f-e1d9-47c7-80a5-b69c9dd2e5a8,0.9995174043478717,topic_2,38
39,21,1925d51d-1970-4157-93c4-45ffc27567c7,0.9995174040979923,topic_2,38
39,21,839b4039-bdba-497e-85f3-d1124b2c4519,0.9995174040702279,topic_2,38
39,21,129b55a3-7b2f-46c2-a133-258da43a528f,0.9995174040424636,topic_2,38
39,21,bef6064b-9c39-4518-ada1-1643dcd93371,0.9995174040424636,topic_2,38
39,21,46448356-b68d-4e17-a20a-08a164f51ffa,0.9995174040146992,topic_2,38
39,21,18d73af8-14bd-4221-9bef-bcd2edcf5831,0.9995174040146992,topic_2,38
39,21,d8b56a19-0af2-44dc-8432-ee947d840250,0.9995174039869349,topic_2,38
39,21,77b489b8-07e6-4434-800f-b9f47a459f04,0.9995174039869349,topic_2,38
39,21,2ce2210d-7364-4059-8227-382bf4c9fc9b,0.9995174039591704,topic_2,38
39,21,39147f88-76e8-40fa-997f-21c0f85393d9,0.9995174039314061,topic_2,38
39,21,818cdd39-f7c2-4b58-8a96-2b898d3ef666,0.9995174039036417,topic_2,38
39,21,73d0fd0a-6bc1-43cc-8918-99c6ade6e5a6,0.9995174039036417,topic_2,38
39,21,ce15d8e8-d869-4dce-856d-e04e9d2c31eb,0.9995174038758774,topic_2,38
39,21,c19b363b-fc83-486e-9770-ba7273ab1bee,0.9995174038758774,topic_2,38
39,21,4838fca8-f0de-4299-80e9-95380f9216c0,0.9995174038481129,topic_2,38
39,21,d7b08517-192b-4f68-acd3-938e553ed209,0.9995174038481129,topic_2,38
39,21,d7830530-2bd1-4f54-bca6-5763a0567d7d,0.9995174038203486,topic_2,38
39,21,1ebd6b37-a3bc-44c1-94b0-b7a796461156,0.9995174038203486,topic_2,38
39,21,ce01fd6e-3502-48c8-a109-7d30ce90f08a,0.9995174035704693,topic_3,38
40,21,ed4b0a75-bd9b-49c1-97e8-7a8e0a6a4602,1.0,topic_3,39
40,21,c9413a0f-e1d9-47c7-80a5-b69c9dd2e5a8,0.999545873924253,topic_2,39
40,21,1925d51d-1970-4157-93c4-45ffc27567c7,0.9995458736743665,topic_2,39
40,21,839b4039-bdba-497e-85f3-d1124b2c4519,0.9995458736743665,topic_2,39
40,21,129b55a3-7b2f-46c2-a133-258da43a528f,0.9995458736466013,topic_2,39
40,21,bef6064b-9c39-4518-ada1-1643dcd93371,0.9995458736466013,topic_2,39
40,21,46448356-b68d-4e17-a20a-08a164f51ffa,0.9995458736188362,topic_2,39
40,21,18d73af8-14bd-4221-9bef-bcd2edcf5831,0.999545873591071,topic_2,39
40,21,d8b56a19-0af2-44dc-8432-ee947d840250,0.999545873591071,topic_2,39
40,21,77b489b8-07e6-4434-800f-b9f47a459f04,0.9995458735633058,topic_2,39
40,21,2ce2210d-7364-4059-8227-382bf4c9fc9b,0.9995458735633058,topic_2,39
40,21,39147f88-76e8-40fa-997f-21c0f85393d9,0.9995458735355407,topic_2,39
40,21,818cdd39-f7c2-4b58-8a96-2b898d3ef666,0.9995458735355407,topic_2,39
40,21,73d0fd0a-6bc1-43cc-8918-99c6ade6e5a6,0.9995458735077756,topic_2,39
40,21,ce15d8e8-d869-4dce-856d-e04e9d2c31eb,0.9995458734800103,topic_2,39
40,21,c19b363b-fc83-486e-9770-ba7273ab1bee,0.9995458734800103,topic_2,39
40,21,4838fca8-f0de-4299-80e9-95380f9216c0,0.9995458734522452,topic_2,39
40,21,d7b08517-192b-4f68-acd3-938e553ed209,0.9995458734522452,topic_2,39
40,21,d7830530-2bd1-4f54-bca6-5763a0567d7d,0.99954587342448,topic_2,39
40,21,1ebd6b37-a3bc-44c1-94b0-b7a796461156,0.99954587342448,topic_2,39
40,21,ce01fd6e-3502-48c8-a109-7d30ce90f08a,0.9995458731468284,topic_3,39
41,21,57fc8178-a305-4e3b-8d3a-3f80f75cff90,1.0,topic_3,40
41,21,c9413a0f-e1d9-47c7-80a5-b69c9dd2e5a8,0.9994418522113498,topic_2,40
41,21,1925d51d-1970-4157-93c4-45ffc27567c7,0.9994418519337271,topic_2,40
41,21,839b4039-bdba-497e-85f3-d1124b2c4519,0.9994418519337271,topic_2,40
41,21,129b55a3-7b2f-46c2-a133-258da43a528f,0.9994418519059649,topic_2,40
41,21,bef6064b-9c39-4518-ada1-1643dcd93371,0.9994418518782026,topic_2,40
41,21,46448356-b68d-4e17-a20a-08a164f51ffa,0.9994418518782026,topic_2,40
41,21,18d73af8-14bd-4221-9bef-bcd2edcf5831,0.9994418518504403,topic_2,40
41,21,d8b56a19-0af2-44dc-8432-ee947d840250,0.9994418518504403,topic_2,40
41,21,77b489b8-07e6-4434-800f-b9f47a459f04,0.9994418518226781,topic_2,40
41,21,2ce2210d-7364-4059-8227-382bf4c9fc9b,0.9994418518226781,topic_2,40
41,21,39147f88-76e8-40fa-997f-21c0f85393d9,0.9994418517949157,topic_2,40
41,21,818cdd39-f7c2-4b58-8a96-2b898d3ef666,0.9994418517671535,topic_2,40
41,21,73d0fd0a-6bc1-43cc-8918-99c6ade6e5a6,0.9994418517671535,topic_2,40
41,21,ce15d8e8-d869-4dce-856d-e04e9d2c31eb,0.9994418517393913,topic_2,40
41,21,c19b363b-fc83-486e-9770-ba7273ab1bee,0.9994418517393913,topic_2,40
41,21,4838fca8-f0de-4299-80e9-95380f9216c0,0.9994418517116289,topic_2,40
41,21,d7b08517-192b-4f68-acd3-938e553ed209,0.9994418517116289,topic_2,40
41,21,d7830530-2bd1-4f54-bca6-5763a0567d7d,0.9994418516838667,topic_2,40
41,21,1ebd6b37-a3bc-44c1-94b0-b7a796461156,0.9994418516838667,topic_2,40
41,21,ce01fd6e-3502-48c8-a109-7d30ce90f08a,0.9994418514340062,topic_3,40
42,21,8fc5d50f-3760-4f11-93de-adf327a25e36,1.0,topic_3,41
42,21,c9413a0f-e1d9-47c7-80a5-b69c9dd2e5a8,0.9992827781322069,topic_2,41
42,21,1925d51d-1970-4157-93c4-45ffc27567c7,0.9992827778823863,topic_2,41
42,21,839b4039-bdba-497e-85f3-d1124b2c4519,0.9992827778546284,topic_2,41
42,21,129b55a3-7b2f-46c2-a133-258da43a528f,0.9992827778268706,topic_2,41
42,21,bef6064b-9c39-4518-ada1-1643dcd93371,0.9992827778268706,topic_2,41
42,21,46448356-b68d-4e17-a20a-08a164f51ffa,0.9992827777991127,topic_2,41
42,21,18d73af8-14bd-4221-9bef-bcd2edcf5831,0.9992827777713548,topic_2,41
42,21,d8b56a19-0af2-44dc-8432-ee947d840250,0.9992827777713548,topic_2,41
42,21,77b489b8-07e6-4434-800f-b9f47a459f04,0.999282777743597,topic_2,41
42,21,2ce2210d-7364-4059-8227-382bf4c9fc9b,0.999282777743597,topic_2,41
42,21,39147f88-76e8-40fa-997f-21c0f85393d9,0.9992827777158391,topic_2,41
42,21,818cdd39-f7c2-4b58-8a96-2b898d3ef666,0.9992827776880813,topic_2,41
42,21,73d0fd0a-6bc1-43cc-8918-99c6ade6e5a6,0.9992827776880813,topic_2,41
42,21,ce15d8e8-d869-4dce-856d-e04e9d2c31eb,0.9992827776603234,topic_2,41
42,21,c19b363b-fc83-486e-9770-ba7273ab1bee,0.9992827776603234,topic_2,41
42,21,4838fca8-f0de-4299-80e9-95380f9216c0,0.9992827776325656,topic_2,41
42,21,d7b08517-192b-4f68-acd3-938e553ed209,0.9992827776325656,topic_2,41
42,21,d7830530-2bd1-4f54-bca6-5763a0567d7d,0.9992827776048077,topic_2,41
42,21,1ebd6b37-a3bc-44c1-94b0-b7a796461156,0.9992827776048077,topic_2,41
42,21,ce01fd6e-3502-48c8-a109-7d30ce90f08a,0.9992827773272291,topic_3,41
43,21,6d7fdb9c-c279-431a-9f17-a1c915e655a3,1.0,topic_3,42
43,21,c9413a0f-e1d9-47c7-80a5-b69c9dd2e5a8,0.9995530194811253,topic_2,42
43,21,1925d51d-1970-4157-93c4-45ffc27567c7,0.9995530192034717,topic_2,42
43,21,839b4039-bdba-497e-85f3-d1124b2c4519,0.9995530192034717,topic_2,42
43,21,129b55a3-7b2f-46c2-a133-258da43a528f,0.9995530191757064,topic_2,42
43,21,bef6064b-9c39-4518-ada1-1643dcd93371,0.9995530191757064,topic_2,42
43,21,46448356-b68d-4e17-a20a-08a164f51ffa,0.9995530191479409,topic_2,42
43,21,18d73af8-14bd-4221-9bef-bcd2edcf5831,0.9995530191201756,topic_2,42
43,21,d8b56a19-0af2-44dc-8432-ee947d840250,0.9995530191201756,topic_2,42
43,21,77b489b8-07e6-4434-800f-b9f47a459f04,0.9995530190924102,topic_2,42
43,21,2ce2210d-7364-4059-8227-382bf4c9fc9b,0.9995530190924102,topic_2,42
43,21,39147f88-76e8-40fa-997f-21c0f85393d9,0.9995530190646449,topic_2,42
43,21,818cdd39-f7c2-4b58-8a96-2b898d3ef666,0.9995530190368795,topic_2,42
43,21,73d0fd0a-6bc1-43cc-8918-99c6ade6e5a6,0.9995530190368795,topic_2,42
43,21,ce15d8e8-d869-4dce-856d-e04e9d2c31eb,0.9995530190091142,topic_2,42
43,21,c19b363b-fc83-486e-9770-ba7273ab1bee,0.9995530189813489,topic_2,42
43,21,4838fca8-f0de-4299-80e9-95380f9216c0,0.9995530189813489,topic_2,42
43,21,d7b08517-192b-4f68-acd3-938e553ed209,0.9995530189535834,topic_2,42
43,21,d7830530-2bd1-4f54-bca6-5763a0567d7d,0.9995530189535834,topic_2,42
43,21,1ebd6b37-a3bc-44c1-94b0-b7a796461156,0.999553018925818,topic_2,42
43,21,ce01fd6e-3502-48c8-a109-7d30ce90f08a,0.9995530186759298,topic_3,42
44,21,31ae49f5-d09a-42d7-994d-d13a96d6c5df,1.0,topic_3,43
44,21,c9413a0f-e1d9-47c7-80a5-b69c9dd2e5a8,0.9993170173666668,topic_2,43
44,21,1925d51d-1970-4157-93c4-45ffc27567c7,0.9993170170890787,topic_2,43
44,21,839b4039-bdba-497e-85f3-d1124b2c4519,0.9993170170613199,topic_2,43
44,21,129b55a3-7b2f-46c2-a133-258da43a528f,0.9993170170335611,topic_2,43
44,21,bef6064b-9c39-4518-ada1-1643dcd93371,0.9993170169780435,topic_2,43
44,21,46448356-b68d-4e17-a20a-08a164f51ffa,0.9993170169502847,topic_2,43
44,21,18d73af8-14bd-4221-9bef-bcd2edcf5831,0.999317016922526,topic_2,43
44,21,d8b56a19-0af2-44dc-8432-ee947d840250,0.9993170168947672,topic_2,43
44,21,77b489b8-07e6-4434-800f-b9f47a459f04,0.9993170168670084,topic_2,43
44,21,2ce2210d-7364-4059-8227-382bf4c9fc9b,0.9993170168670084,topic_2,43
44,21,39147f88-76e8-40fa-997f-21c0f85393d9,0.9993170168392495,topic_2,43
44,21,818cdd39-f7c2-4b58-8a96-2b898d3ef666,0.9993170167559731,topic_2,43
44,21,73d0fd0a-6bc1-43cc-8918-99c6ade6e5a6,0.9993170166726967,topic_2,43
44,21,ce15d8e8-d869-4dce-856d-e04e9d2c31eb,0.9993170166449379,topic_2,43
44,21,c19b363b-fc83-486e-9770-ba7273ab1bee,0.9993170166171791,topic_2,43
44,21,4838fca8-f0de-4299-80e9-95380f9216c0,0.9993170166171791,topic_2,43
44,21,d7b08517-192b-4f68-acd3-938e553ed209,0.9993170165894203,topic_2,43
44,21,d7830530-2bd1-4f54-bca6-5763a0567d7d,0.9993170165616614,topic_2,43
44,21,1ebd6b37-a3bc-44c1-94b0-b7a796461156,0.9993170165339026,topic_2,43
44,21,ce01fd6e-3502-48c8-a109-7d30ce90f08a,0.9993170162007969,topic_3,43
45,21,1204026e-d788-4cfb-b2b1-994b469f73f6,1.0,topic_3,44
45,21,c9413a0f-e1d9-47c7-80a5-b69c9dd2e5a8,0.9994040978424793,topic_2,44
45,21,1925d51d-1970-4157-93c4-45ffc27567c7,0.9994040975926283,topic_2,44
45,21,839b4039-bdba-497e-85f3-d1124b2c4519,0.999404097564867,topic_2,44
45,21,129b55a3-7b2f-46c2-a133-258da43a528f,0.999404097564867,topic_2,44
45,21,bef6064b-9c39-4518-ada1-1643dcd93371,0.9994040975371058,topic_2,44
45,21,46448356-b68d-4e17-a20a-08a164f51ffa,0.9994040975093446,topic_2,44
45,21,18d73af8-14bd-4221-9bef-bcd2edcf5831,0.9994040974815833,topic_2,44
45,21,d8b56a19-0af2-44dc-8432-ee947d840250,0.9994040974815833,topic_2,44
45,21,77b489b8-07e6-4434-800f-b9f47a459f04,0.9994040974538221,topic_2,44
45,21,2ce2210d-7364-4059-8227-382bf4c9fc9b,0.9994040974538221,topic_2,44
45,21,39147f88-76e8-40fa-997f-21c0f85393d9,0.9994040974260608,topic_2,44
45,21,818cdd39-f7c2-4b58-8a96-2b898d3ef666,0.9994040973982996,topic_2,44
45,21,73d0fd0a-6bc1-43cc-8918-99c6ade6e5a6,0.9994040973982996,topic_2,44
45,21,ce15d8e8-d869-4dce-856d-e04e9d2c31eb,0.9994040973705385,topic_2,44
45,21,c19b363b-fc83-486e-9770-ba7273ab1bee,0.9994040973705385,topic_2,44
45,21,4838fca8-f0de-4299-80e9-95380f9216c0,0.9994040973427772,topic_2,44
45,21,d7b08517-192b-4f68-acd3-938e553ed209,0.999404097315016,topic_2,44
45,21,d7830530-2bd1-4f54-bca6-5763a0567d7d,0.999404097315016,topic_2,44
45,21,1ebd6b37-a3bc-44c1-94b0-b7a796461156,0.9994040972872548,topic_2,44
45,21,ce01fd6e-3502-48c8-a109-7d30ce90f08a,0.9994040970374037,topic_3,44
46,21,9afa7380-8c98-4e07-9656-ed255923a9c2,1.0,topic_3,45
46,21,c9413a0f-e1d9-47c7-80a5-b69c9dd2e5a8,0.9994742124136528,topic_2,45
46,21,1925d51d-1970-4157-93c4-45ffc27567c7,0.9994742121637842,topic_2,45
46,21,839b4039-bdba-497e-85f3-d1124b2c4519,0.9994742121360211,topic_2,45
46,21,129b55a3-7b2f-46c2-a133-258da43a528f,0.9994742121360211,topic_2,45
46,21,bef6064b-9c39-4518-ada1-1643dcd93371,0.9994742121082578,topic_2,45
46,21,46448356-b68d-4e17-a20a-08a164f51ffa,0.9994742121082578,topic_2,45
46,21,18d73af8-14bd-4221-9bef-bcd2edcf5831,0.9994742120804947,topic_2,45
46,21,d8b56a19-0af2-44dc-8432-ee947d840250,0.9994742120527316,topic_2,45
46,21,77b489b8-07e6-4434-800f-b9f47a459f04,0.9994742120527316,topic_2,45
46,21,2ce2210d-7364-4059-8227-382bf4c9fc9b,0.9994742120249683,topic_2,45
46,21,39147f88-76e8-40fa-997f-21c0f85393d9,0.9994742120249683,topic_2,45
46,21,818cdd39-f7c2-4b58-8a96-2b898d3ef666,0.9994742119972052,topic_2,45
46,21,73d0fd0a-6bc1-43cc-8918-99c6ade6e5a6,0.9994742119972052,topic_2,45
46,21,ce15d8e8-d869-4dce-856d-e04e9d2c31eb,0.999474211969442,topic_2,45
46,21,c19b363b-fc83-486e-9770-ba7273ab1bee,0.9994742119416788,topic_2,45
46,21,4838fca8-f0de-4299-80e9-95380f9216c0,0.9994742119416788,topic_2,45
46,21,d7b08517-192b-4f68-acd3-938e553ed209,0.9994742119139156,topic_2,45
46,21,d7830530-2bd1-4f54-bca6-5763a0567d7d,0.9994742119139156,topic_2,45
46,21,1ebd6b37-a3bc-44c1-94b0-b7a796461156,0.9994742118861525,topic_2,45
46,21,ce01fd6e-3502-48c8-a109-7d30ce90f08a,0.9994742116640472,topic_3,45
47,21,578f0560-a2be-4a49-8d8d-b26be1dbf4f7,1.0,topic_3,46
47,21,c9413a0f-e1d9-47c7-80a5-b69c9dd2e5a8,0.9994097033492169,topic_2,46
47,21,1925d51d-1970-4157-93c4-45ffc27567c7,0.999409703071603,topic_2,46
47,21,839b4039-bdba-497e-85f3-d1124b2c4519,0.9994097030438417,topic_2,46
47,21,129b55a3-7b2f-46c2-a133-258da43a528f,0.9994097030438417,topic_2,46
47,21,bef6064b-9c39-4518-ada1-1643dcd93371,0.9994097030160803,topic_2,46
47,21,46448356-b68d-4e17-a20a-08a164f51ffa,0.9994097029883189,topic_2,46
47,21,18d73af8-14bd-4221-9bef-bcd2edcf5831,0.9994097029605575,topic_2,46
47,21,d8b56a19-0af2-44dc-8432-ee947d840250,0.9994097029605575,topic_2,46
47,21,77b489b8-07e6-4434-800f-b9f47a459f04,0.9994097029327962,topic_2,46
47,21,2ce2210d-7364-4059-8227-382bf4c9fc9b,0.9994097029327962,topic_2,46
47,21,39147f88-76e8-40fa-997f-21c0f85393d9,0.9994097029050347,topic_2,46
47,21,818cdd39-f7c2-4b58-8a96-2b898d3ef666,0.9994097029050347,topic_2,46
47,21,73d0fd0a-6bc1-43cc-8918-99c6ade6e5a6,0.9994097028772734,topic_2,46
47,21,ce15d8e8-d869-4dce-856d-e04e9d2c31eb,0.999409702849512,topic_2,46
47,21,c19b363b-fc83-486e-9770-ba7273ab1bee,0.999409702849512,topic_2,46
47,21,4838fca8-f0de-4299-80e9-95380f9216c0,0.9994097028217507,topic_2,46
47,21,d7b08517-192b-4f68-acd3-938e553ed209,0.9994097028217507,topic_2,46
47,21,d7830530-2bd1-4f54-bca6-5763a0567d7d,0.9994097027939892,topic_2,46
47,21,1ebd6b37-a3bc-44c1-94b0-b7a796461156,0.9994097027939892,topic_2,46
47,21,ce01fd6e-3502-48c8-a109-7d30ce90f08a,0.9994097025163754,topic_3,46
48,21,ba4f1651-de6d-4dfe-b0b5-28257e8b9b0b,1.0,topic_3,47
48,21,c9413a0f-e1d9-47c7-80a5-b69c9dd2e5a8,0.9994728978005331,topic_2,47
48,21,1925d51d-1970-4157-93c4-45ffc27567c7,0.9994728974951386,topic_2,47
48,21,839b4039-bdba-497e-85f3-d1124b2c4519,0.9994728974673754,topic_2,47
48,21,129b55a3-7b2f-46c2-a133-258da43a528f,0.9994728974396123,topic_2,47
48,21,bef6064b-9c39-4518-ada1-1643dcd93371,0.9994728974118492,topic_2,47
48,21,46448356-b68d-4e17-a20a-08a164f51ffa,0.9994728973840861,topic_2,47
48,21,18d73af8-14bd-4221-9bef-bcd2edcf5831,0.9994728973285598,topic_2,47
48,21,d8b56a19-0af2-44dc-8432-ee947d840250,0.9994728973007967,topic_2,47
48,21,77b489b8-07e6-4434-800f-b9f47a459f04,0.9994728972730336,topic_2,47
48,21,2ce2210d-7364-4059-8227-382bf4c9fc9b,0.9994728972452703,topic_2,47
48,21,39147f88-76e8-40fa-997f-21c0f85393d9,0.9994728972175072,topic_2,47
48,21,818cdd39-f7c2-4b58-8a96-2b898d3ef666,0.9994728971897441,topic_2,47
48,21,73d0fd0a-6bc1-43cc-8918-99c6ade6e5a6,0.999472897161981,topic_2,47
48,21,ce15d8e8-d869-4dce-856d-e04e9d2c31eb,0.9994728971342178,topic_2,47
48,21,c19b363b-fc83-486e-9770-ba7273ab1bee,0.9994728971064547,topic_2,47
48,21,4838fca8-f0de-4299-80e9-95380f9216c0,0.9994728971064547,topic_2,47
48,21,d7b08517-192b-4f68-acd3-938e553ed209,0.9994728970786916,topic_2,47
48,21,d7830530-2bd1-4f54-bca6-5763a0567d7d,0.9994728970509285,topic_2,47
48,21,1ebd6b37-a3bc-44c1-94b0-b7a796461156,0.9994728970231653,topic_2,47
48,21,ce01fd6e-3502-48c8-a109-7d30ce90f08a,0.9994728966622445,topic_3,47
49,21,23be0a69-c343-407e-86ce-e68e378c4680,1.0,topic_3,48
49,21,c9413a0f-e1d9-47c7-80a5-b69c9dd2e5a8,0.9993656524779607,topic_2,48
49,21,1925d51d-1970-4157-93c4-45ffc27567c7,0.9993656522003592,topic_2,48
49,21,839b4039-bdba-497e-85f3-d1124b2c4519,0.9993656521725991,topic_2,48
49,21,129b55a3-7b2f-46c2-a133-258da43a528f,0.9993656521725991,topic_2,48
49,21,bef6064b-9c39-4518-ada1-1643dcd93371,0.9993656521448389,topic_2,48
49,21,46448356-b68d-4e17-a20a-08a164f51ffa,0.9993656521448389,topic_2,48
49,21,18d73af8-14bd-4221-9bef-bcd2edcf5831,0.9993656521170787,topic_2,48
49,21,d8b56a19-0af2-44dc-8432-ee947d840250,0.9993656520893186,topic_2,48
49,21,77b489b8-07e6-4434-800f-b9f47a459f04,0.9993656520893186,topic_2,48
49,21,2ce2210d-7364-4059-8227-382bf4c9fc9b,0.9993656520615584,topic_2,48
49,21,39147f88-76e8-40fa-997f-21c0f85393d9,0.9993656520615584,topic_2,48
49,21,818cdd39-f7c2-4b58-8a96-2b898d3ef666,0.9993656520337982,topic_2,48
49,21,73d0fd0a-6bc1-43cc-8918-99c6ade6e5a6,0.9993656520060381,topic_2,48
49,21,ce15d8e8-d869-4dce-856d-e04e9d2c31eb,0.9993656520060381,topic_2,48
49,21,c19b363b-fc83-486e-9770-ba7273ab1bee,0.999365651978278,topic_2,48
49,21,4838fca8-f0de-4299-80e9-95380f9216c0,0.999365651978278,topic_2,48
49,21,d7b08517-192b-4f68-acd3-938e553ed209,0.9993656519505177,topic_2,48
49,21,d7830530-2bd1-4f54-bca6-5763a0567d7d,0.9993656519505177,topic_2,48
49,21,1ebd6b37-a3bc-44c1-94b0-b7a796461156,0.9993656519227576,topic_2,48
49,21,ce01fd6e-3502-48c8-a109-7d30ce90f08a,0.9993656517006764,topic_3,48
50,20,5beeb9a6-dd40-46af-ac35-64fea4f0994f,1.0,topic_3,49
50,20,c9413a0f-e1d9-47c7-80a5-b69c9dd2e5a8,0.999179159740501,topic_2,49
50,20,1925d51d-1970-4157-93c4-45ffc27567c7,0.9991791594907061,topic_2,49
50,20,839b4039-bdba-497e-85f3-d1124b2c4519,0.9991791594629512,topic_2,49
50,20,129b55a3-7b2f-46c2-a133-258da43a528f,0.9991791594629512,topic_2,49
50,20,bef6064b-9c39-4518-ada1-1643dcd93371,0.9991791594351962,topic_2,49
50,20,46448356-b68d-4e17-a20a-08a164f51ffa,0.9991791594351962,topic_2,49
50,20,18d73af8-14bd-4221-9bef-bcd2edcf5831,0.9991791594074412,topic_2,49
50,20,d8b56a19-0af2-44dc-8432-ee947d840250,0.9991791593796863,topic_2,49
50,20,77b489b8-07e6-4434-800f-b9f47a459f04,0.9991791593796863,topic_2,49
50,20,2ce2210d-7364-4059-8227-382bf4c9fc9b,0.9991791593519312,topic_2,49
50,20,39147f88-76e8-40fa-997f-21c0f85393d9,0.9991791593519312,topic_2,49
50,20,818cdd39-f7c2-4b58-8a96-2b898d3ef666,0.9991791593241763,topic_2,49
50,20,73d0fd0a-6bc1-43cc-8918-99c6ade6e5a6,0.9991791592964213,topic_2,49
50,20,ce15d8e8-d869-4dce-856d-e04e9d2c31eb,0.9991791592964213,topic_2,49
50,20,c19b363b-fc83-486e-9770-ba7273ab1bee,0.9991791592686663,topic_2,49
50,20,4838fca8-f0de-4299-80e9-95380f9216c0,0.9991791592686663,topic_2,49
50,20,d7b08517-192b-4f68-acd3-938e553ed209,0.9991791592409114,topic_2,49
50,20,d7830530-2bd1-4f54-bca6-5763a0567d7d,0.9991791592131564,topic_2,49
50,20,1ebd6b37-a3bc-44c1-94b0-b7a796461156,0.9991791592131564,topic_2,49
51,21,33b25d43-b39a-4f57-8282-82021c6ca1fb,1.0,topic_3,50
51,21,c9413a0f-e1d9-47c7-80a5-b69c9dd2e5a8,0.9994129348901943,topic_2,50
51,21,1925d51d-1970-4157-93c4-45ffc27567c7,0.9994129346403412,topic_2,50
51,21,839b4039-bdba-497e-85f3-d1124b2c4519,0.9994129346125797,topic_2,50
51,21,129b55a3-7b2f-46c2-a133-258da43a528f,0.9994129345848182,topic_2,50
51,21,bef6064b-9c39-4518-ada1-1643dcd93371,0.9994129345848182,topic_2,50
51,21,46448356-b68d-4e17-a20a-08a164f51ffa,0.9994129345570567,topic_2,50
51,21,18d73af8-14bd-4221-9bef-bcd2edcf5831,0.9994129345292952,topic_2,50
51,21,d8b56a19-0af2-44dc-8432-ee947d840250,0.9994129345292952,topic_2,50
51,21,77b489b8-07e6-4434-800f-b9f47a459f04,0.9994129345015338,topic_2,50
51,21,2ce2210d-7364-4059-8227-382bf4c9fc9b,0.9994129345015338,topic_2,50
51,21,39147f88-76e8-40fa-997f-21c0f85393d9,0.9994129344737723,topic_2,50
51,21,818cdd39-f7c2-4b58-8a96-2b898d3ef666,0.9994129344737723,topic_2,50
51,21,73d0fd0a-6bc1-43cc-8918-99c6ade6e5a6,0.9994129344460109,topic_2,50
51,21,ce15d8e8-d869-4dce-856d-e04e9d2c31eb,0.9994129344182494,topic_2,50
51,21,c19b363b-fc83-486e-9770-ba7273ab1bee,0.9994129344182494,topic_2,50
51,21,4838fca8-f0de-4299-80e9-95380f9216c0,0.999412934390488,topic_2,50
51,21,d7b08517-192b-4f68-acd3-938e553ed209,0.999412934390488,topic_2,50
51,21,d7830530-2bd1-4f54-bca6-5763a0567d7d,0.9994129343627265,topic_2,50
51,21,1ebd6b37-a3bc-44c1-94b0-b7a796461156,0.9994129343627265,topic_2,50
51,21,ce01fd6e-3502-48c8-a109-7d30ce90f08a,0.9985925251730721,topic_3,50
52,20,bb4354de-ecf4-464b-a106-556c1d324209,1.0,topic_3,51
52,20,c9413a0f-e1d9-47c7-80a5-b69c9dd2e5a8,0.9993113614149073,topic_2,51
52,20,1925d51d-1970-4157-93c4-45ffc27567c7,0.9993113611095621,topic_2,51
52,20,839b4039-bdba-497e-85f3-d1124b2c4519,0.9993113610540448,topic_2,51
52,20,129b55a3-7b2f-46c2-a133-258da43a528f,0.9993113610262861,topic_2,51
52,20,bef6064b-9c39-4518-ada1-1643dcd93371,0.9993113609985275,topic_2,51
52,20,46448356-b68d-4e17-a20a-08a164f51ffa,0.9993113609707689,topic_2,51
52,20,18d73af8-14bd-4221-9bef-bcd2edcf5831,0.9993113609152515,topic_2,51
52,20,d8b56a19-0af2-44dc-8432-ee947d840250,0.999311360887493,topic_2,51
52,20,77b489b8-07e6-4434-800f-b9f47a459f04,0.999311360887493,topic_2,51
52,20,2ce2210d-7364-4059-8227-382bf4c9fc9b,0.9993113608597343,topic_2,51
52,20,39147f88-76e8-40fa-997f-21c0f85393d9,0.9993113608319756,topic_2,51
52,20,818cdd39-f7c2-4b58-8a96-2b898d3ef666,0.999311360804217,topic_2,51
52,20,73d0fd0a-6bc1-43cc-8918-99c6ade6e5a6,0.9993113607486996,topic_2,51
52,20,ce15d8e8-d869-4dce-856d-e04e9d2c31eb,0.9993113607486996,topic_2,51
52,20,c19b363b-fc83-486e-9770-ba7273ab1bee,0.9993113607209411,topic_2,51
52,20,4838fca8-f0de-4299-80e9-95380f9216c0,0.9993113606931824,topic_2,51
52,20,d7b08517-192b-4f68-acd3-938e553ed209,0.9993113606654237,topic_2,51
52,20,d7830530-2bd1-4f54-bca6-5763a0567d7d,0.9993113606376651,topic_2,51
52,20,1ebd6b37-a3bc-44c1-94b0-b7a796461156,0.9993113606099064,topic_2,51
53,21,3102fcbe-47aa-42d0-bab4-afe1128bc5cd,1.0,topic_3,52
53,21,c9413a0f-e1d9-47c7-80a5-b69c9dd2e5a8,0.9993967436711998,topic_2,52
53,21,1925d51d-1970-4157-93c4-45ffc27567c7,0.9993967433935895,topic_2,52
53,21,839b4039-bdba-497e-85f3-d1124b2c4519,0.9993967433658285,topic_2,52
53,21,129b55a3-7b2f-46c2-a133-258da43a528f,0.9993967433380675,topic_2,52
53,21,bef6064b-9c39-4518-ada1-1643dcd93371,0.9993967433380675,topic_2,52
53,21,46448356-b68d-4e17-a20a-08a164f51ffa,0.9993967433103065,topic_2,52
53,21,18d73af8-14bd-4221-9bef-bcd2edcf5831,0.9993967432825455,topic_2,52
53,21,d8b56a19-0af2-44dc-8432-ee947d840250,0.9993967432825455,topic_2,52
53,21,77b489b8-07e6-4434-800f-b9f47a459f04,0.9993967432547844,topic_2,52
53,21,2ce2210d-7364-4059-8227-382bf4c9fc9b,0.9993967432547844,topic_2,52
53,21,39147f88-76e8-40fa-997f-21c0f85393d9,0.9993967432270234,topic_2,52
53,21,818cdd39-f7c2-4b58-8a96-2b898d3ef666,0.9993967432270234,topic_2,52
53,21,73d0fd0a-6bc1-43cc-8918-99c6ade6e5a6,0.9993967431992624,topic_2,52
53,21,ce15d8e8-d869-4dce-856d-e04e9d2c31eb,0.9993967431715014,topic_2,52
53,21,c19b363b-fc83-486e-9770-ba7273ab1bee,0.9993967431715014,topic_2,52
53,21,4838fca8-f0de-4299-80e9-95380f9216c0,0.9993967431437404,topic_2,52
53,21,d7b08517-192b-4f68-acd3-938e553ed209,0.9993967431437404,topic_2,52
53,21,d7830530-2bd1-4f54-bca6-5763a0567d7d,0.9993967431159794,topic_2,52
53,21,1ebd6b37-a3bc-44c1-94b0-b7a796461156,0.9993967431159794,topic_2,52
53,21,ce01fd6e-3502-48c8-a109-7d30ce90f08a,0.9987084672749806,topic_3,52
54,21,bcce7b7d-499b-446a-bf01-0e3ffc589122,1.0,topic_3,53
54,21,c9413a0f-e1d9-47c7-80a5-b69c9dd2e5a8,0.9995103496401065,topic_2,53
54,21,1925d51d-1970-4157-93c4-45ffc27567c7,0.9995103493624647,topic_2,53
54,21,839b4039-bdba-497e-85f3-d1124b2c4519,0.9995103493624647,topic_2,53
54,21,129b55a3-7b2f-46c2-a133-258da43a528f,0.9995103493347006,topic_2,53
54,21,bef6064b-9c39-4518-ada1-1643dcd93371,0.9995103493069364,topic_2,53
54,21,46448356-b68d-4e17-a20a-08a164f51ffa,0.9995103493069364,topic_2,53
54,21,18d73af8-14bd-4221-9bef-bcd2edcf5831,0.9995103492791723,topic_2,53
54,21,d8b56a19-0af2-44dc-8432-ee947d840250,0.9995103492791723,topic_2,53
54,21,77b489b8-07e6-4434-800f-b9f47a459f04,0.999510349251408,topic_2,53
54,21,2ce2210d-7364-4059-8227-382bf4c9fc9b,0.999510349251408,topic_2,53
54,21,39147f88-76e8-40fa-997f-21c0f85393d9,0.9995103492236439,topic_2,53
54,21,818cdd39-f7c2-4b58-8a96-2b898d3ef666,0.9995103491958797,topic_2,53
54,21,73d0fd0a-6bc1-43cc-8918-99c6ade6e5a6,0.9995103491958797,topic_2,53
54,21,ce15d8e8-d869-4dce-856d-e04e9d2c31eb,0.9995103491681155,topic_2,53
54,21,c19b363b-fc83-486e-9770-ba7273ab1bee,0.9995103491681155,topic_2,53
54,21,4838fca8-f0de-4299-80e9-95380f9216c0,0.9995103491403513,topic_2,53
54,21,d7b08517-192b-4f68-acd3-938e553ed209,0.9995103491403513,topic_2,53
54,21,d7830530-2bd1-4f54-bca6-5763a0567d7d,0.9995103491125872,topic_2,53
54,21,1ebd6b37-a3bc-44c1-94b0-b7a796461156,0.9995103491125872,topic_2,53
54,21,ce01fd6e-3502-48c8-a109-7d30ce90f08a,0.9995103488627096,topic_3,53
55,20,7f03442d-0d43-4874-a8d0-0737ac1af31f,1.0,topic_3,54
55,20,c9413a0f-e1d9-47c7-80a5-b69c9dd2e5a8,0.999317935378563,topic_2,54
55,20,1925d51d-1970-4157-93c4-45ffc27567c7,0.9993179351287335,topic_2,54
55,20,839b4039-bdba-497e-85f3-d1124b2c4519,0.9993179351009747,topic_2,54
55,20,129b55a3-7b2f-46c2-a133-258da43a528f,0.9993179351009747,topic_2,54
55,20,bef6064b-9c39-4518-ada1-1643dcd93371,0.9993179350732158,topic_2,54
55,20,46448356-b68d-4e17-a20a-08a164f51ffa,0.999317935045457,topic_2,54
55,20,18d73af8-14bd-4221-9bef-bcd2edcf5831,0.999317935045457,topic_2,54
55,20,d8b56a19-0af2-44dc-8432-ee947d840250,0.9993179350176982,topic_2,54
55,20,77b489b8-07e6-4434-800f-b9f47a459f04,0.9993179350176982,topic_2,54
55,20,2ce2210d-7364-4059-8227-382bf4c9fc9b,0.9993179349899394,topic_2,54
55,20,39147f88-76e8-40fa-997f-21c0f85393d9,0.9993179349899394,topic_2,54
55,20,818cdd39-f7c2-4b58-8a96-2b898d3ef666,0.9993179349621805,topic_2,54
55,20,73d0fd0a-6bc1-43cc-8918-99c6ade6e5a6,0.9993179349344217,topic_2,54
55,20,ce15d8e8-d869-4dce-856d-e04e9d2c31eb,0.9993179349344217,topic_2,54
55,20,c19b363b-fc83-486e-9770-ba7273ab1bee,0.9993179349066629,topic_2,54
55,20,4838fca8-f0de-4299-80e9-95380f9216c0,0.9993179349066629,topic_2,54
55,20,d7b08517-192b-4f68-acd3-938e553ed209,0.999317934878904,topic_2,54
55,20,d7830530-2bd1-4f54-bca6-5763a0567d7d,0.999317934878904,topic_2,54
55,20,1ebd6b37-a3bc-44c1-94b0-b7a796461156,0.9993179348511452,topic_2,54
56,21,b597899c-0816-446f-8e9b-680e954b7dd4,1.0,topic_3,55
56,21,c9413a0f-e1d9-47c7-80a5-b69c9dd2e5a8,0.9995605900965993,topic_2,55
56,21,1925d51d-1970-4157-93c4-45ffc27567c7,0.9995605899022403,topic_2,55
56,21,839b4039-bdba-497e-85f3-d1124b2c4519,0.9995605898744747,topic_2,55
56,21,129b55a3-7b2f-46c2-a133-258da43a528f,0.9995605898467091,topic_2,55
56,21,bef6064b-9c39-4518-ada1-1643dcd93371,0.9995605898189436,topic_2,55
56,21,46448356-b68d-4e17-a20a-08a164f51ffa,0.9995605898189436,topic_2,55
56,21,18d73af8-14bd-4221-9bef-bcd2edcf5831,0.999560589791178,topic_2,55
56,21,d8b56a19-0af2-44dc-8432-ee947d840250,0.9995605897634124,topic_2,55
56,21,77b489b8-07e6-4434-800f-b9f47a459f04,0.9995605897634124,topic_2,55
56,21,2ce2210d-7364-4059-8227-382bf4c9fc9b,0.9995605897356469,topic_2,55
56,21,39147f88-76e8-40fa-997f-21c0f85393d9,0.9995605897078813,topic_2,55
56,21,818cdd39-f7c2-4b58-8a96-2b898d3ef666,0.9995605897078813,topic_2,55
56,21,73d0fd0a-6bc1-43cc-8918-99c6ade6e5a6,0.9995605896801157,topic_2,55
56,21,ce15d8e8-d869-4dce-856d-e04e9d2c31eb,0.9995605896523502,topic_2,55
56,21,c19b363b-fc83-486e-9770-ba7273ab1bee,0.9995605896523502,topic_2,55
56,21,4838fca8-f0de-4299-80e9-95380f9216c0,0.9995605896245846,topic_2,55
56,21,d7b08517-192b-4f68-acd3-938e553ed209,0.9995605896245846,topic_2,55
56,21,d7830530-2bd1-4f54-bca6-5763a0567d7d,0.999560589596819,topic_2,55
56,21,1ebd6b37-a3bc-44c1-94b0-b7a796461156,0.999560589596819,topic_2,55
56,21,ce01fd6e-3502-48c8-a109-7d30ce90f08a,0.9988787842270807,topic_3,55
57,21,fe06e4f4-8717-4f16-8b3f-7a8a049898ce,1.0,topic_3,56
57,21,c9413a0f-e1d9-47c7-80a5-b69c9dd2e5a8,0.9995465471463909,topic_2,56
57,21,1925d51d-1970-4157-93c4-45ffc27567c7,0.9995465468965044,topic_2,56
57,21,839b4039-bdba-497e-85f3-d1124b2c4519,0.9995465468687391,topic_2,56
57,21,129b55a3-7b2f-46c2-a133-258da43a528f,0.9995465468687391,topic_2,56
57,21,bef6064b-9c39-4518-ada1-1643dcd93371,0.9995465468409739,topic_2,56
57,21,46448356-b68d-4e17-a20a-08a164f51ffa,0.9995465468409739,topic_2,56
57,21,18d73af8-14bd-4221-9bef-bcd2edcf5831,0.9995465468132088,topic_2,56
57,21,d8b56a19-0af2-44dc-8432-ee947d840250,0.9995465468132088,topic_2,56
57,21,77b489b8-07e6-4434-800f-b9f47a459f04,0.9995465467854435,topic_2,56
57,21,2ce2210d-7364-4059-8227-382bf4c9fc9b,0.9995465467854435,topic_2,56
57,21,39147f88-76e8-40fa-997f-21c0f85393d9,0.9995465467576784,topic_2,56
57,21,818cdd39-f7c2-4b58-8a96-2b898d3ef666,0.9995465467299132,topic_2,56
57,21,73d0fd0a-6bc1-43cc-8918-99c6ade6e5a6,0.9995465467299132,topic_2,56
57,21,ce15d8e8-d869-4dce-856d-e04e9d2c31eb,0.999546546702148,topic_2,56
57,21,c19b363b-fc83-486e-9770-ba7273ab1bee,0.999546546702148,topic_2,56
57,21,4838fca8-f0de-4299-80e9-95380f9216c0,0.9995465466743828,topic_2,56
57,21,d7b08517-192b-4f68-acd3-938e553ed209,0.9995465466743828,topic_2,56
57,21,d7830530-2bd1-4f54-bca6-5763a0567d7d,0.9995465466466177,topic_2,56
57,21,1ebd6b37-a3bc-44c1-94b0-b7a796461156,0.9995465466466177,topic_2,56
57,21,ce01fd6e-3502-48c8-a109-7d30ce90f08a,0.999546546396731,topic_3,56
58,21,95a678b5-7325-49a8-bd9c-e64253580b55,1.0,topic_3,57
58,21,c9413a0f-e1d9-47c7-80a5-b69c9dd2e5a8,0.9995268924229231,topic_2,57
58,21,1925d51d-1970-4157-93c4-45ffc27567c7,0.9995268921452768,topic_2,57
58,21,839b4039-bdba-497e-85f3-d1124b2c4519,0.9995268921175122,topic_2,57
58,21,129b55a3-7b2f-46c2-a133-258da43a528f,0.9995268920897475,topic_2,57
58,21,bef6064b-9c39-4518-ada1-1643dcd93371,0.9995268920619829,topic_2,57
58,21,46448356-b68d-4e17-a20a-08a164f51ffa,0.9995268920342183,topic_2,57
58,21,18d73af8-14bd-4221-9bef-bcd2edcf5831,0.9995268920064536,topic_2,57
58,21,d8b56a19-0af2-44dc-8432-ee947d840250,0.999526891978689,topic_2,57
58,21,77b489b8-07e6-4434-800f-b9f47a459f04,0.9995268919509244,topic_2,57
58,21,2ce2210d-7364-4059-8227-382bf4c9fc9b,0.9995268919231597,topic_2,57
58,21,39147f88-76e8-40fa-997f-21c0f85393d9,0.9995268919231597,topic_2,57
58,21,818cdd39-f7c2-4b58-8a96-2b898d3ef666,0.9995268918676304,topic_2,57
58,21,73d0fd0a-6bc1-43cc-8918-99c6ade6e5a6,0.9995268918676304,topic_2,57
58,21,ce15d8e8-d869-4dce-856d-e04e9d2c31eb,0.9995268918398659,topic_2,57
58,21,c19b363b-fc83-486e-9770-ba7273ab1bee,0.9995268918121012,topic_2,57
58,21,4838fca8-f0de-4299-80e9-95380f9216c0,0.9995268917843365,topic_2,57
58,21,d7b08517-192b-4f68-acd3-938e553ed209,0.999526891756572,topic_2,57
58,21,d7830530-2bd1-4f54-bca6-5763a0567d7d,0.999526891756572,topic_2,57
58,21,1ebd6b37-a3bc-44c1-94b0-b7a796461156,0.9995268917288073,topic_2,57
58,21,ce01fd6e-3502-48c8-a109-7d30ce90f08a,0.9995268913956317,topic_3,57
59,21,cf24e191-831c-41a7-afa9-6a1407c620d4,1.0,topic_3,58
59,21,c9413a0f-e1d9-47c7-80a5-b69c9dd2e5a8,0.9994417585136807,topic_2,58
59,21,1925d51d-1970-4157-93c4-45ffc27567c7,0.9994417582638202,topic_2,58
59,21,839b4039-bdba-497e-85f3-d1124b2c4519,0.999441758236058,topic_2,58
59,21,129b55a3-7b2f-46c2-a133-258da43a528f,0.999441758236058,topic_2,58
59,21,bef6064b-9c39-4518-ada1-1643dcd93371,0.9994417582082956,topic_2,58
59,21,46448356-b68d-4e17-a20a-08a164f51ffa,0.9994417582082956,topic_2,58
59,21,18d73af8-14bd-4221-9bef-bcd2edcf5831,0.9994417581527711,topic_2,58
59,21,d8b56a19-0af2-44dc-8432-ee947d840250,0.9994417581527711,topic_2,58
59,21,77b489b8-07e6-4434-800f-b9f47a459f04,0.9994417581250088,topic_2,58
59,21,2ce2210d-7364-4059-8227-382bf4c9fc9b,0.9994417581250088,topic_2,58
59,21,39147f88-76e8-40fa-997f-21c0f85393d9,0.9994417580972466,topic_2,58
59,21,818cdd39-f7c2-4b58-8a96-2b898d3ef666,0.9994417580694843,topic_2,58
59,21,73d0fd0a-6bc1-43cc-8918-99c6ade6e5a6,0.9994417580694843,topic_2,58
59,21,ce15d8e8-d869-4dce-856d-e04e9d2c31eb,0.999441758041722,topic_2,58
59,21,c19b363b-fc83-486e-9770-ba7273ab1bee,0.999441758041722,topic_2,58
59,21,4838fca8-f0de-4299-80e9-95380f9216c0,0.9994417580139597,topic_2,58
59,21,d7b08517-192b-4f68-acd3-938e553ed209,0.9994417580139597,topic_2,58
59,21,d7830530-2bd1-4f54-bca6-5763a0567d7d,0.9994417579861975,topic_2,58
59,21,1ebd6b37-a3bc-44c1-94b0-b7a796461156,0.9994417579584353,topic_2,58
59,21,ce01fd6e-3502-48c8-a109-7d30ce90f08a,0.9994417577085748,topic_3,58
60,21,63a84cb2-3328-4e07-bb07-acd2e46ccbda,1.0,topic_3,59
60,21,c9413a0f-e1d9-47c7-80a5-b69c9dd2e5a8,0.9995085269791174,topic_2,59
60,21,1925d51d-1970-4157-93c4-45ffc27567c7,0.9995085267292403,topic_2,59
60,21,839b4039-bdba-497e-85f3-d1124b2c4519,0.9995085267014762,topic_2,59
60,21,129b55a3-7b2f-46c2-a133-258da43a528f,0.999508526673712,topic_2,59
60,21,bef6064b-9c39-4518-ada1-1643dcd93371,0.9995085266459479,topic_2,59
60,21,46448356-b68d-4e17-a20a-08a164f51ffa,0.9995085266459479,topic_2,59
60,21,18d73af8-14bd-4221-9bef-bcd2edcf5831,0.9995085266181838,topic_2,59
60,21,d8b56a19-0af2-44dc-8432-ee947d840250,0.9995085265904197,topic_2,59
60,21,77b489b8-07e6-4434-800f-b9f47a459f04,0.9995085265904197,topic_2,59
60,21,2ce2210d-7364-4059-8227-382bf4c9fc9b,0.9995085265626555,topic_2,59
60,21,39147f88-76e8-40fa-997f-21c0f85393d9,0.9995085265626555,topic_2,59
60,21,818cdd39-f7c2-4b58-8a96-2b898d3ef666,0.9995085265348914,topic_2,59
60,21,73d0fd0a-6bc1-43cc-8918-99c6ade6e5a6,0.9995085265071273,topic_2,59
60,21,ce15d8e8-d869-4dce-856d-e04e9d2c31eb,0.9995085264793632,topic_2,59
60,21,c19b363b-fc83-486e-9770-ba7273ab1bee,0.9995085264793632,topic_2,59
60,21,4838fca8-f0de-4299-80e9-95380f9216c0,0.999508526451599,topic_2,59
60,21,d7b08517-192b-4f68-acd3-938e553ed209,0.999508526451599,topic_2,59
60,21,d7830530-2bd1-4f54-bca6-5763a0567d7d,0.9995085264238349,topic_2,59
60,21,1ebd6b37-a3bc-44c1-94b0-b7a796461156,0.9995085264238349,topic_2,59
60,21,ce01fd6e-3502-48c8-a109-7d30ce90f08a,0.9995085261739578,topic_3,59
61,21,30ae4295-098b-459e-a959-e0aa69e30c1b,1.0,topic_3,60
61,21,c9413a0f-e1d9-47c7-80a5-b69c9dd2e5a8,0.9993791624383301,topic_2,60
61,21,1925d51d-1970-4157-93c4-45ffc27567c7,0.9993791621884853,topic_2,60
61,21,839b4039-bdba-497e-85f3-d1124b2c4519,0.9993791621607248,topic_2,60
61,21,129b55a3-7b2f-46c2-a133-258da43a528f,0.9993791621607248,topic_2,60
61,21,bef6064b-9c39-4518-ada1-1643dcd93371,0.9993791621329643,topic_2,60
61,21,46448356-b68d-4e17-a20a-08a164f51ffa,0.9993791621329643,topic_2,60
61,21,18d73af8-14bd-4221-9bef-bcd2edcf5831,0.9993791621052037,topic_2,60
61,21,d8b56a19-0af2-44dc-8432-ee947d840250,0.9993791620774432,topic_2,60
61,21,77b489b8-07e6-4434-800f-b9f47a459f04,0.9993791620774432,topic_2,60
61,21,2ce2210d-7364-4059-8227-382bf4c9fc9b,0.9993791620496827,topic_2,60
61,21,39147f88-76e8-40fa-997f-21c0f85393d9,0.9993791620219221,topic_2,60
61,21,818cdd39-f7c2-4b58-8a96-2b898d3ef666,0.9993791620219221,topic_2,60
61,21,73d0fd0a-6bc1-43cc-8918-99c6ade6e5a6,0.9993791619941615,topic_2,60
61,21,ce15d8e8-d869-4dce-856d-e04e9d2c31eb,0.9993791619941615,topic_2,60
61,21,c19b363b-fc83-486e-9770-ba7273ab1bee,0.9993791619664011,topic_2,60
61,21,4838fca8-f0de-4299-80e9-95380f9216c0,0.9993791619664011,topic_2,60
61,21,d7b08517-192b-4f68-acd3-938e553ed209,0.9993791619386405,topic_2,60
61,21,d7830530-2bd1-4f54-bca6-5763a0567d7d,0.9993791619386405,topic_2,60
61,21,1ebd6b37-a3bc-44c1-94b0-b7a796461156,0.9993791619108799,topic_2,60
61,21,ce01fd6e-3502-48c8-a109-7d30ce90f08a,0.9993791616887957,topic_3,60
62,21,22a00de1-931a-473b-b1af-fab1e98b16d0,1.0,topic_4,61
62,21,c9413a0f-e1d9-47c7-80a5-b69c9dd2e5a8,0.9993812592768153,topic_2,61
62,21,1925d51d-1970-4157-93c4-45ffc27567c7,0.9993812589992094,topic_2,61
62,21,839b4039-bdba-497e-85f3-d1124b2c4519,0.9993812589714488,topic_2,61
62,21,129b55a3-7b2f-46c2-a133-258da43a528f,0.9993812589714488,topic_2,61
62,21,bef6064b-9c39-4518-ada1-1643dcd93371,0.9993812589436882,topic_2,61
62,21,46448356-b68d-4e17-a20a-08a164f51ffa,0.9993812589159277,topic_2,61
62,21,18d73af8-14bd-4221-9bef-bcd2edcf5831,0.9993812589159277,topic_2,61
62,21,d8b56a19-0af2-44dc-8432-ee947d840250,0.999381258888167,topic_2,61
62,21,77b489b8-07e6-4434-800f-b9f47a459f04,0.999381258888167,topic_2,61
62,21,2ce2210d-7364-4059-8227-382bf4c9fc9b,0.9993812588604064,topic_2,61
62,21,39147f88-76e8-40fa-997f-21c0f85393d9,0.9993812588326458,topic_2,61
62,21,818cdd39-f7c2-4b58-8a96-2b898d3ef666,0.9993812588326458,topic_2,61
62,21,73d0fd0a-6bc1-43cc-8918-99c6ade6e5a6,0.9993812588048853,topic_2,61
62,21,ce15d8e8-d869-4dce-856d-e04e9d2c31eb,0.9993812588048853,topic_2,61
62,21,c19b363b-fc83-486e-9770-ba7273ab1bee,0.9993812587771247,topic_2,61
62,21,4838fca8-f0de-4299-80e9-95380f9216c0,0.9993812587771247,topic_2,61
62,21,d7b08517-192b-4f68-acd3-938e553ed209,0.999381258749364,topic_2,61
62,21,d7830530-2bd1-4f54-bca6-5763a0567d7d,0.999381258749364,topic_2,61
62,21,1ebd6b37-a3bc-44c1-94b0-b7a796461156,0.9993812587216034,topic_2,61
62,21,ce01fd6e-3502-48c8-a109-7d30ce90f08a,0.9993812584717582,topic_3,61
63,20,35f17de2-7148-411c-84ad-35ba1ad50a22,1.0,topic_4,62
63,20,c9413a0f-e1d9-47c7-80a5-b69c9dd2e5a8,0.9992885534204384,topic_2,62
63,20,1925d51d-1970-4157-93c4-45ffc27567c7,0.9992885531706164,topic_2,62
63,20,839b4039-bdba-497e-85f3-d1124b2c4519,0.9992885531706164,topic_2,62
63,20,129b55a3-7b2f-46c2-a133-258da43a528f,0.9992885531428584,topic_2,62
63,20,bef6064b-9c39-4518-ada1-1643dcd93371,0.9992885531151003,topic_2,62
63,20,46448356-b68d-4e17-a20a-08a164f51ffa,0.9992885531151003,topic_2,62
63,20,18d73af8-14bd-4221-9bef-bcd2edcf5831,0.9992885530873423,topic_2,62
63,20,d8b56a19-0af2-44dc-8432-ee947d840250,0.9992885530873423,topic_2,62
63,20,77b489b8-07e6-4434-800f-b9f47a459f04,0.9992885530595843,topic_2,62
63,20,2ce2210d-7364-4059-8227-382bf4c9fc9b,0.9992885530318263,topic_2,62
63,20,39147f88-76e8-40fa-997f-21c0f85393d9,0.9992885530318263,topic_2,62
63,20,818cdd39-f7c2-4b58-8a96-2b898d3ef666,0.9992885530040683,topic_2,62
63,20,73d0fd0a-6bc1-43cc-8918-99c6ade6e5a6,0.9992885530040683,topic_2,62
63,20,ce15d8e8-d869-4dce-856d-e04e9d2c31eb,0.9992885529763103,topic_2,62
63,20,c19b363b-fc83-486e-9770-ba7273ab1bee,0.9992885529763103,topic_2,62
63,20,4838fca8-f0de-4299-80e9-95380f9216c0,0.9992885529485522,topic_2,62
63,20,d7b08517-192b-4f68-acd3-938e553ed209,0.9992885529485522,topic_2,62
63,20,d7830530-2bd1-4f54-bca6-5763a0567d7d,0.9992885529207942,topic_2,62
63,20,1ebd6b37-a3bc-44c1-94b0-b7a796461156,0.9992885528930362,topic_2,62
64,21,6c8b82a6-f8c4-4321-9355-019c01cd7596,1.0,topic_4,63
64,21,c9413a0f-e1d9-47c7-80a5-b69c9dd2e5a8,0.9994106433777691,topic_2,63
64,21,1925d51d-1970-4157-93c4-45ffc27567c7,0.999410643100155,topic_2,63
64,21,839b4039-bdba-497e-85f3-d1124b2c4519,0.9994106430723936,topic_2,63
64,21,129b55a3-7b2f-46c2-a133-258da43a528f,0.9994106430723936,topic_2,63
64,21,bef6064b-9c39-4518-ada1-1643dcd93371,0.9994106430446322,topic_2,63
64,21,46448356-b68d-4e17-a20a-08a164f51ffa,0.9994106430446322,topic_2,63
64,21,18d73af8-14bd-4221-9bef-bcd2edcf5831,0.9994106430168708,topic_2,63
64,21,d8b56a19-0af2-44dc-8432-ee947d840250,0.9994106429891094,topic_2,63
64,21,77b489b8-07e6-4434-800f-b9f47a459f04,0.999410642961348,topic_2,63
64,21,2ce2210d-7364-4059-8227-382bf4c9fc9b,0.999410642961348,topic_2,63
64,21,39147f88-76e8-40fa-997f-21c0f85393d9,0.9994106429335866,topic_2,63
64,21,818cdd39-f7c2-4b58-8a96-2b898d3ef666,0.9994106429335866,topic_2,63
64,21,73d0fd0a-6bc1-43cc-8918-99c6ade6e5a6,0.9994106429058252,topic_2,63
64,21,ce15d8e8-d869-4dce-856d-e04e9d2c31eb,0.9994106428780638,topic_2,63
64,21,c19b363b-fc83-486e-9770-ba7273ab1bee,0.9994106428780638,topic_2,63
64,21,4838fca8-f0de-4299-80e9-95380f9216c0,0.9994106428503023,topic_2,63
64,21,d7b08517-192b-4f68-acd3-938e553ed209,0.9994106428503023,topic_2,63
64,21,d7830530-2bd1-4f54-bca6-5763a0567d7d,0.999410642822541,topic_2,63
64,21,1ebd6b37-a3bc-44c1-94b0-b7a796461156,0.999410642822541,topic_2,63
64,21,ce01fd6e-3502-48c8-a109-7d30ce90f08a,0.9986995746479274,topic_3,63
65,20,b4ffa410-6e0a-40f0-854b-515898dad709,1.0,topic_4,64
65,20,c9413a0f-e1d9-47c7-80a5-b69c9dd2e5a8,0.9992935256150702,topic_2,64
65,20,1925d51d-1970-4157-93c4-45ffc27567c7,0.9992935253652468,topic_2,64
65,20,839b4039-bdba-497e-85f3-d1124b2c4519,0.9992935253374887,topic_2,64
65,20,129b55a3-7b2f-46c2-a133-258da43a528f,0.9992935253374887,topic_2,64
65,20,bef6064b-9c39-4518-ada1-1643dcd93371,0.9992935253097306,topic_2,64
65,20,46448356-b68d-4e17-a20a-08a164f51ffa,0.9992935253097306,topic_2,64
65,20,18d73af8-14bd-4221-9bef-bcd2edcf5831,0.9992935252819725,topic_2,64
65,20,d8b56a19-0af2-44dc-8432-ee947d840250,0.9992935252819725,topic_2,64
65,20,77b489b8-07e6-4434-800f-b9f47a459f04,0.9992935252542142,topic_2,64
65,20,2ce2210d-7364-4059-8227-382bf4c9fc9b,0.9992935252542142,topic_2,64
65,20,39147f88-76e8-40fa-997f-21c0f85393d9,0.9992935252264561,topic_2,64
65,20,818cdd39-f7c2-4b58-8a96-2b898d3ef666,0.999293525198698,topic_2,64
65,20,73d0fd0a-6bc1-43cc-8918-99c6ade6e5a6,0.999293525198698,topic_2,64
65,20,ce15d8e8-d869-4dce-856d-e04e9d2c31eb,0.9992935251709398,topic_2,64
65,20,c19b363b-fc83-486e-9770-ba7273ab1bee,0.9992935251709398,topic_2,64
65,20,4838fca8-f0de-4299-80e9-95380f9216c0,0.9992935251431816,topic_2,64
65,20,d7b08517-192b-4f68-acd3-938e553ed209,0.9992935251431816,topic_2,64
65,20,d7830530-2bd1-4f54-bca6-5763a0567d7d,0.9992935251154235,topic_2,64
65,20,1ebd6b37-a3bc-44c1-94b0-b7a796461156,0.9992935251154235,topic_2,64
66,20,722bf9da-bc1d-4d6a-8fc8-e0ff6e3b0238,1.0,topic_4,65
66,20,c9413a0f-e1d9-47c7-80a5-b69c9dd2e5a8,0.9992920501592689,topic_2,65
66,20,1925d51d-1970-4157-93c4-45ffc27567c7,0.999292049909446,topic_2,65
66,20,839b4039-bdba-497e-85f3-d1124b2c4519,0.9992920498816878,topic_2,65
66,20,129b55a3-7b2f-46c2-a133-258da43a528f,0.9992920498539297,topic_2,65
66,20,bef6064b-9c39-4518-ada1-1643dcd93371,0.9992920498539297,topic_2,65
66,20,46448356-b68d-4e17-a20a-08a164f51ffa,0.9992920498261716,topic_2,65
66,20,18d73af8-14bd-4221-9bef-bcd2edcf5831,0.9992920498261716,topic_2,65
66,20,d8b56a19-0af2-44dc-8432-ee947d840250,0.9992920497984135,topic_2,65
66,20,77b489b8-07e6-4434-800f-b9f47a459f04,0.9992920497984135,topic_2,65
66,20,2ce2210d-7364-4059-8227-382bf4c9fc9b,0.9992920497706553,topic_2,65
66,20,39147f88-76e8-40fa-997f-21c0f85393d9,0.9992920497428972,topic_2,65
66,20,818cdd39-f7c2-4b58-8a96-2b898d3ef666,0.9992920497428972,topic_2,65
66,20,73d0fd0a-6bc1-43cc-8918-99c6ade6e5a6,0.9992920497151392,topic_2,65
66,20,ce15d8e8-d869-4dce-856d-e04e9d2c31eb,0.9992920496873811,topic_2,65
66,20,c19b363b-fc83-486e-9770-ba7273ab1bee,0.9992920496873811,topic_2,65
66,20,4838fca8-f0de-4299-80e9-95380f9216c0,0.9992920496596229,topic_2,65
66,20,d7b08517-192b-4f68-acd3-938e553ed209,0.9992920496596229,topic_2,65
66,20,d7830530-2bd1-4f54-bca6-5763a0567d7d,0.9992920496318648,topic_2,65
66,20,1ebd6b37-a3bc-44c1-94b0-b7a796461156,0.9992920496318648,topic_2,65
67,21,7a7ee982-e1d3-4cb3-b716-0f42f3961b86,1.0,topic_4,66
67,21,c9413a0f-e1d9-47c7-80a5-b69c9dd2e5a8,0.9994418103736044,topic_2,66
67,21,1925d51d-1970-4157-93c4-45ffc27567c7,0.9994418101237439,topic_2,66
67,21,839b4039-bdba-497e-85f3-d1124b2c4519,0.9994418100959817,topic_2,66
67,21,129b55a3-7b2f-46c2-a133-258da43a528f,0.9994418100682193,topic_2,66
67,21,bef6064b-9c39-4518-ada1-1643dcd93371,0.9994418100682193,topic_2,66
67,21,46448356-b68d-4e17-a20a-08a164f51ffa,0.9994418100404571,topic_2,66
67,21,18d73af8-14bd-4221-9bef-bcd2edcf5831,0.9994418100126948,topic_2,66
67,21,d8b56a19-0af2-44dc-8432-ee947d840250,0.9994418100126948,topic_2,66
67,21,77b489b8-07e6-4434-800f-b9f47a459f04,0.9994418099849325,topic_2,66
67,21,2ce2210d-7364-4059-8227-382bf4c9fc9b,0.9994418099849325,topic_2,66
67,21,39147f88-76e8-40fa-997f-21c0f85393d9,0.9994418099571702,topic_2,66
67,21,818cdd39-f7c2-4b58-8a96-2b898d3ef666,0.9994418099571702,topic_2,66
67,21,73d0fd0a-6bc1-43cc-8918-99c6ade6e5a6,0.999441809929408,topic_2,66
67,21,ce15d8e8-d869-4dce-856d-e04e9d2c31eb,0.999441809929408,topic_2,66
67,21,c19b363b-fc83-486e-9770-ba7273ab1bee,0.9994418099016457,topic_2,66
67,21,4838fca8-f0de-4299-80e9-95380f9216c0,0.9994418099016457,topic_2,66
67,21,d7b08517-192b-4f68-acd3-938e553ed209,0.9994418098738834,topic_2,66
67,21,d7830530-2bd1-4f54-bca6-5763a0567d7d,0.9994418098738834,topic_2,66
67,21,1ebd6b37-a3bc-44c1-94b0-b7a796461156,0.9994418098461212,topic_2,66
67,21,ce01fd6e-3502-48c8-a109-7d30ce90f08a,0.9980285925036865,topic_3,66
68,21,b1b8ccc7-82a6-4f2f-951f-d281fd8ef9d1,1.0,topic_4,67
68,21,c9413a0f-e1d9-47c7-80a5-b69c9dd2e5a8,0.9993939169925519,topic_2,67
68,21,1925d51d-1970-4157-93c4-45ffc27567c7,0.9993939167149425,topic_2,67
68,21,839b4039-bdba-497e-85f3-d1124b2c4519,0.9993939167149425,topic_2,67
68,21,129b55a3-7b2f-46c2-a133-258da43a528f,0.9993939166871815,topic_2,67
68,21,bef6064b-9c39-4518-ada1-1643dcd93371,0.9993939166594206,topic_2,67
68,21,46448356-b68d-4e17-a20a-08a164f51ffa,0.9993939166594206,topic_2,67
68,21,18d73af8-14bd-4221-9bef-bcd2edcf5831,0.9993939166316597,topic_2,67
68,21,d8b56a19-0af2-44dc-8432-ee947d840250,0.9993939166316597,topic_2,67
68,21,77b489b8-07e6-4434-800f-b9f47a459f04,0.9993939166038986,topic_2,67
68,21,2ce2210d-7364-4059-8227-382bf4c9fc9b,0.9993939166038986,topic_2,67
68,21,39147f88-76e8-40fa-997f-21c0f85393d9,0.9993939165761377,topic_2,67
68,21,818cdd39-f7c2-4b58-8a96-2b898d3ef666,0.9993939165483768,topic_2,67
68,21,73d0fd0a-6bc1-43cc-8918-99c6ade6e5a6,0.9993939165483768,topic_2,67
68,21,ce15d8e8-d869-4dce-856d-e04e9d2c31eb,0.9993939165206158,topic_2,67
68,21,c19b363b-fc83-486e-9770-ba7273ab1bee,0.9993939165206158,topic_2,67
68,21,4838fca8-f0de-4299-80e9-95380f9216c0,0.9993939164928549,topic_2,67
68,21,d7b08517-192b-4f68-acd3-938e553ed209,0.9993939164928549,topic_2,67
68,21,d7830530-2bd1-4f54-bca6-5763a0567d7d,0.999393916465094,topic_2,67
68,21,1ebd6b37-a3bc-44c1-94b0-b7a796461156,0.999393916465094,topic_2,67
68,21,ce01fd6e-3502-48c8-a109-7d30ce90f08a,0.9993939162152455,topic_3,67
69,20,2ee4c634-20be-4c79-8009-e24d5bc78e56,1.0,topic_4,68
69,20,c9413a0f-e1d9-47c7-80a5-b69c9dd2e5a8,0.9991499138059476,topic_2,68
69,20,1925d51d-1970-4157-93c4-45ffc27567c7,0.9991499135284061,topic_2,68
69,20,839b4039-bdba-497e-85f3-d1124b2c4519,0.9991499135284061,topic_2,68
69,20,129b55a3-7b2f-46c2-a133-258da43a528f,0.9991499135006519,topic_2,68
69,20,bef6064b-9c39-4518-ada1-1643dcd93371,0.9991499134728977,topic_2,68
69,20,46448356-b68d-4e17-a20a-08a164f51ffa,0.9991499134728977,topic_2,68
69,20,18d73af8-14bd-4221-9bef-bcd2edcf5831,0.9991499134451436,topic_2,68
69,20,d8b56a19-0af2-44dc-8432-ee947d840250,0.9991499134173893,topic_2,68
69,20,77b489b8-07e6-4434-800f-b9f47a459f04,0.9991499134173893,topic_2,68
69,20,2ce2210d-7364-4059-8227-382bf4c9fc9b,0.9991499133896352,topic_2,68
69,20,39147f88-76e8-40fa-997f-21c0f85393d9,0.9991499133896352,topic_2,68
69,20,818cdd39-f7c2-4b58-8a96-2b898d3ef666,0.9991499133618811,topic_2,68
69,20,73d0fd0a-6bc1-43cc-8918-99c6ade6e5a6,0.9991499133618811,topic_2,68
69,20,ce15d8e8-d869-4dce-856d-e04e9d2c31eb,0.999149913334127,topic_2,68
69,20,c19b363b-fc83-486e-9770-ba7273ab1bee,0.9991499133063727,topic_2,68
69,20,4838fca8-f0de-4299-80e9-95380f9216c0,0.9991499133063727,topic_2,68
69,20,d7b08517-192b-4f68-acd3-938e553ed209,0.9991499132786186,topic_2,68
69,20,d7830530-2bd1-4f54-bca6-5763a0567d7d,0.9991499132786186,topic_2,68
69,20,1ebd6b37-a3bc-44c1-94b0-b7a796461156,0.9991499132508644,topic_2,68
70,20,a08afd91-3527-452a-894f-3127a6cbb756,1.0,topic_4,69
70,20,c9413a0f-e1d9-47c7-80a5-b69c9dd2e5a8,0.9990643934807463,topic_2,69
70,20,1925d51d-1970-4157-93c4-45ffc27567c7,0.9990643932309802,topic_2,69
70,20,839b4039-bdba-497e-85f3-d1124b2c4519,0.9990643932032284,topic_2,69
70,20,129b55a3-7b2f-46c2-a133-258da43a528f,0.9990643931754766,topic_2,69
70,20,bef6064b-9c39-4518-ada1-1643dcd93371,0.9990643931754766,topic_2,69
70,20,46448356-b68d-4e17-a20a-08a164f51ffa,0.9990643931477248,topic_2,69
70,20,18d73af8-14bd-4221-9bef-bcd2edcf5831,0.9990643931199731,topic_2,69
70,20,d8b56a19-0af2-44dc-8432-ee947d840250,0.9990643931199731,topic_2,69
70,20,77b489b8-07e6-4434-800f-b9f47a459f04,0.9990643930922213,topic_2,69
70,20,2ce2210d-7364-4059-8227-382bf4c9fc9b,0.9990643930922213,topic_2,69
70,20,39147f88-76e8-40fa-997f-21c0f85393d9,0.9990643930644695,topic_2,69
70,20,818cdd39-f7c2-4b58-8a96-2b898d3ef666,0.9990643930367177,topic_2,69
70,20,73d0fd0a-6bc1-43cc-8918-99c6ade6e5a6,0.9990643930089659,topic_2,69
70,20,ce15d8e8-d869-4dce-856d-e04e9d2c31eb,0.9990643930089659,topic_2,69
70,20,c19b363b-fc83-486e-9770-ba7273ab1bee,0.9990643929812141,topic_2,69
70,20,4838fca8-f0de-4299-80e9-95380f9216c0,0.9990643929812141,topic_2,69
70,20,d7b08517-192b-4f68-acd3-938e553ed209,0.9990643929534623,topic_2,69
70,20,d7830530-2bd1-4f54-bca6-5763a0567d7d,0.9990643929534623,topic_2,69
70,20,1ebd6b37-a3bc-44c1-94b0-b7a796461156,0.9990643929257105,topic_2,69
71,20,e9c9c315-4cc1-4cd3-a818-8d6bbf29bc54,1.0,topic_4,70
71,20,c9413a0f-e1d9-47c7-80a5-b69c9dd2e5a8,0.9993142656955303,topic_2,70
71,20,1925d51d-1970-4157-93c4-45ffc27567c7,0.9993142654457018,topic_2,70
71,20,839b4039-bdba-497e-85f3-d1124b2c4519,0.999314265417943,topic_2,70
71,20,129b55a3-7b2f-46c2-a133-258da43a528f,0.999314265417943,topic_2,70
71,20,bef6064b-9c39-4518-ada1-1643dcd93371,0.9993142653901843,topic_2,70
71,20,46448356-b68d-4e17-a20a-08a164f51ffa,0.9993142653624256,topic_2,70
71,20,18d73af8-14bd-4221-9bef-bcd2edcf5831,0.9993142653624256,topic_2,70
71,20,d8b56a19-0af2-44dc-8432-ee947d840250,0.9993142653346668,topic_2,70
71,20,77b489b8-07e6-4434-800f-b9f47a459f04,0.9993142653346668,topic_2,70
71,20,2ce2210d-7364-4059-8227-382bf4c9fc9b,0.9993142653069081,topic_2,70
71,20,39147f88-76e8-40fa-997f-21c0f85393d9,0.9993142652791493,topic_2,70
71,20,818cdd39-f7c2-4b58-8a96-2b898d3ef666,0.9993142652791493,topic_2,70
71,20,73d0fd0a-6bc1-43cc-8918-99c6ade6e5a6,0.9993142652513907,topic_2,70
71,20,ce15d8e8-d869-4dce-856d-e04e9d2c31eb,0.9993142652513907,topic_2,70
71,20,c19b363b-fc83-486e-9770-ba7273ab1bee,0.9993142652236319,topic_2,70
71,20,4838fca8-f0de-4299-80e9-95380f9216c0,0.9993142652236319,topic_2,70
71,20,d7b08517-192b-4f68-acd3-938e553ed209,0.9993142651958732,topic_2,70
71,20,d7830530-2bd1-4f54-bca6-5763a0567d7d,0.9993142651958732,topic_2,70
71,20,1ebd6b37-a3bc-44c1-94b0-b7a796461156,0.9993142651681145,topic_2,70
72,20,d35d5d07-aebe-4ad3-b2cd-9d4061f283f1,1.0,topic_4,71
72,20,c9413a0f-e1d9-47c7-80a5-b69c9dd2e5a8,0.9992673041361342,topic_2,71
72,20,1925d51d-1970-4157-93c4-45ffc27567c7,0.9992673038863173,topic_2,71
72,20,839b4039-bdba-497e-85f3-d1124b2c4519,0.9992673038585599,topic_2,71
72,20,129b55a3-7b2f-46c2-a133-258da43a528f,0.9992673038585599,topic_2,71
72,20,bef6064b-9c39-4518-ada1-1643dcd93371,0.9992673038308025,topic_2,71
72,20,46448356-b68d-4e17-a20a-08a164f51ffa,0.9992673038030451,topic_2,71
72,20,18d73af8-14bd-4221-9bef-bcd2edcf5831,0.9992673038030451,topic_2,71
72,20,d8b56a19-0af2-44dc-8432-ee947d840250,0.9992673037752876,topic_2,71
72,20,77b489b8-07e6-4434-800f-b9f47a459f04,0.9992673037752876,topic_2,71
72,20,2ce2210d-7364-4059-8227-382bf4c9fc9b,0.9992673037475303,topic_2,71
72,20,39147f88-76e8-40fa-997f-21c0f85393d9,0.9992673037475303,topic_2,71
72,20,818cdd39-f7c2-4b58-8a96-2b898d3ef666,0.9992673037197728,topic_2,71
72,20,73d0fd0a-6bc1-43cc-8918-99c6ade6e5a6,0.9992673036920153,topic_2,71
72,20,ce15d8e8-d869-4dce-856d-e04e9d2c31eb,0.9992673036920153,topic_2,71
72,20,c19b363b-fc83-486e-9770-ba7273ab1bee,0.999267303664258,topic_2,71
72,20,4838fca8-f0de-4299-80e9-95380f9216c0,0.999267303664258,topic_2,71
72,20,d7b08517-192b-4f68-acd3-938e553ed209,0.9992673036365005,topic_2,71
72,20,d7830530-2bd1-4f54-bca6-5763a0567d7d,0.999267303608743,topic_2,71
72,20,1ebd6b37-a3bc-44c1-94b0-b7a796461156,0.999267303608743,topic_2,71
73,21,9981c822-0508-4b93-b33d-c9e2657cdc63,1.0,topic_4,72
73,21,c9413a0f-e1d9-47c7-80a5-b69c9dd2e5a8,0.9993832002436692,topic_2,72
73,21,1925d51d-1970-4157-93c4-45ffc27567c7,0.9993831999938234,topic_2,72
73,21,839b4039-bdba-497e-85f3-d1124b2c4519,0.9993831999660627,topic_2,72
73,21,129b55a3-7b2f-46c2-a133-258da43a528f,0.999383199938302,topic_2,72
73,21,bef6064b-9c39-4518-ada1-1643dcd93371,0.999383199938302,topic_2,72
73,21,46448356-b68d-4e17-a20a-08a164f51ffa,0.9993831999105415,topic_2,72
73,21,18d73af8-14bd-4221-9bef-bcd2edcf5831,0.9993831998827808,topic_2,72
73,21,d8b56a19-0af2-44dc-8432-ee947d840250,0.9993831998827808,topic_2,72
73,21,77b489b8-07e6-4434-800f-b9f47a459f04,0.9993831998550201,topic_2,72
73,21,2ce2210d-7364-4059-8227-382bf4c9fc9b,0.9993831998550201,topic_2,72
73,21,39147f88-76e8-40fa-997f-21c0f85393d9,0.9993831998272595,topic_2,72
73,21,818cdd39-f7c2-4b58-8a96-2b898d3ef666,0.9993831997994989,topic_2,72
73,21,73d0fd0a-6bc1-43cc-8918-99c6ade6e5a6,0.9993831997994989,topic_2,72
73,21,ce15d8e8-d869-4dce-856d-e04e9d2c31eb,0.9993831997717382,topic_2,72
73,21,c19b363b-fc83-486e-9770-ba7273ab1bee,0.9993831997717382,topic_2,72
73,21,4838fca8-f0de-4299-80e9-95380f9216c0,0.9993831997439776,topic_2,72
73,21,d7b08517-192b-4f68-acd3-938e553ed209,0.9993831997162169,topic_2,72
73,21,d7830530-2bd1-4f54-bca6-5763a0567d7d,0.9993831997162169,topic_2,72
73,21,1ebd6b37-a3bc-44c1-94b0-b7a796461156,0.9993831996884563,topic_2,72
73,21,ce01fd6e-3502-48c8-a109-7d30ce90f08a,0.9961847056067519,topic_3,72
74,21,fa14e4aa-7df4-4b17-9006-5d3e76b0b9eb,1.0,topic_4,73
74,21,c9413a0f-e1d9-47c7-80a5-b69c9dd2e5a8,0.9994348541995252,topic_2,73
74,21,1925d51d-1970-4157-93c4-45ffc27567c7,0.9994348539219043,topic_2,73
74,21,839b4039-bdba-497e-85f3-d1124b2c4519,0.9994348539219043,topic_2,73
74,21,129b55a3-7b2f-46c2-a133-258da43a528f,0.9994348538941422,topic_2,73
74,21,bef6064b-9c39-4518-ada1-1643dcd93371,0.9994348538941422,topic_2,73
74,21,46448356-b68d-4e17-a20a-08a164f51ffa,0.9994348538663802,topic_2,73
74,21,18d73af8-14bd-4221-9bef-bcd2edcf5831,0.9994348538386181,topic_2,73
74,21,d8b56a19-0af2-44dc-8432-ee947d840250,0.9994348538386181,topic_2,73
74,21,77b489b8-07e6-4434-800f-b9f47a459f04,0.9994348538108561,topic_2,73
74,21,2ce2210d-7364-4059-8227-382bf4c9fc9b,0.9994348537830939,topic_2,73
74,21,39147f88-76e8-40fa-997f-21c0f85393d9,0.9994348537830939,topic_2,73
74,21,818cdd39-f7c2-4b58-8a96-2b898d3ef666,0.9994348537553318,topic_2,73
74,21,73d0fd0a-6bc1-43cc-8918-99c6ade6e5a6,0.9994348537275698,topic_2,73
74,21,ce15d8e8-d869-4dce-856d-e04e9d2c31eb,0.9994348537275698,topic_2,73
74,21,c19b363b-fc83-486e-9770-ba7273ab1bee,0.9994348536998077,topic_2,73
74,21,4838fca8-f0de-4299-80e9-95380f9216c0,0.9994348536998077,topic_2,73
74,21,d7b08517-192b-4f68-acd3-938e553ed209,0.9994348536720457,topic_2,73
74,21,d7830530-2bd1-4f54-bca6-5763a0567d7d,0.9994348536442835,topic_2,73
74,21,1ebd6b37-a3bc-44c1-94b0-b7a796461156,0.9994348536442835,topic_2,73
74,21,ce01fd6e-3502-48c8-a109-7d30ce90f08a,0.9994348533666627,topic_3,73
75,21,6f07a846-58ae-4047-ac4f-01eacfbae9b2,1.0,topic_4,74
75,21,c9413a0f-e1d9-47c7-80a5-b69c9dd2e5a8,0.9994897479728652,topic_2,74
75,21,1925d51d-1970-4157-93c4-45ffc27567c7,0.9994897477229927,topic_2,74
75,21,839b4039-bdba-497e-85f3-d1124b2c4519,0.9994897476952291,topic_2,74
75,21,129b55a3-7b2f-46c2-a133-258da43a528f,0.9994897476952291,topic_2,74
75,21,bef6064b-9c39-4518-ada1-1643dcd93371,0.9994897476674655,topic_2,74
75,21,46448356-b68d-4e17-a20a-08a164f51ffa,0.9994897476674655,topic_2,74
75,21,18d73af8-14bd-4221-9bef-bcd2edcf5831,0.9994897476397019,topic_2,74
75,21,d8b56a19-0af2-44dc-8432-ee947d840250,0.9994897476119383,topic_2,74
75,21,77b489b8-07e6-4434-800f-b9f47a459f04,0.9994897476119383,topic_2,74
75,21,2ce2210d-7364-4059-8227-382bf4c9fc9b,0.9994897475841746,topic_2,74
75,21,39147f88-76e8-40fa-997f-21c0f85393d9,0.9994897475841746,topic_2,74
75,21,818cdd39-f7c2-4b58-8a96-2b898d3ef666,0.9994897475564111,topic_2,74
75,21,73d0fd0a-6bc1-43cc-8918-99c6ade6e5a6,0.9994897475286475,topic_2,74
75,21,ce15d8e8-d869-4dce-856d-e04e9d2c31eb,0.9994897475286475,topic_2,74
75,21,c19b363b-fc83-486e-9770-ba7273ab1bee,0.9994897475008838,topic_2,74
75,21,4838fca8-f0de-4299-80e9-95380f9216c0,0.9994897475008838,topic_2,74
75,21,d7b08517-192b-4f68-acd3-938e553ed209,0.9994897474731202,topic_2,74
75,21,d7830530-2bd1-4f54-bca6-5763a0567d7d,0.9994897474731202,topic_2,74
75,21,1ebd6b37-a3bc-44c1-94b0-b7a796461156,0.9994897474453567,topic_2,74
75,21,ce01fd6e-3502-48c8-a109-7d30ce90f08a,0.9994897471954842,topic_3,74
76,21,0c1f41f3-6540-45b3-935e-984018e0d32a,1.0,topic_4,75
76,21,c9413a0f-e1d9-47c7-80a5-b69c9dd2e5a8,0.9995257901119565,topic_2,75
76,21,1925d51d-1970-4157-93c4-45ffc27567c7,0.9995257898620751,topic_2,75
76,21,839b4039-bdba-497e-85f3-d1124b2c4519,0.9995257898620751,topic_2,75
76,21,129b55a3-7b2f-46c2-a133-258da43a528f,0.9995257898343104,topic_2,75
76,21,bef6064b-9c39-4518-ada1-1643dcd93371,0.9995257898065458,topic_2,75
76,21,46448356-b68d-4e17-a20a-08a164f51ffa,0.9995257898065458,topic_2,75
76,21,18d73af8-14bd-4221-9bef-bcd2edcf5831,0.9995257897787813,topic_2,75
76,21,d8b56a19-0af2-44dc-8432-ee947d840250,0.9995257897510166,topic_2,75
76,21,77b489b8-07e6-4434-800f-b9f47a459f04,0.9995257897510166,topic_2,75
76,21,2ce2210d-7364-4059-8227-382bf4c9fc9b,0.999525789723252,topic_2,75
76,21,39147f88-76e8-40fa-997f-21c0f85393d9,0.999525789723252,topic_2,75
76,21,818cdd39-f7c2-4b58-8a96-2b898d3ef666,0.9995257896954874,topic_2,75
76,21,73d0fd0a-6bc1-43cc-8918-99c6ade6e5a6,0.9995257896954874,topic_2,75
76,21,ce15d8e8-d869-4dce-856d-e04e9d2c31eb,0.9995257896677228,topic_2,75
76,21,c19b363b-fc83-486e-9770-ba7273ab1bee,0.9995257896677228,topic_2,75
76,21,4838fca8-f0de-4299-80e9-95380f9216c0,0.9995257896399582,topic_2,75
76,21,d7b08517-192b-4f68-acd3-938e553ed209,0.9995257896399582,topic_2,75
76,21,d7830530-2bd1-4f54-bca6-5763a0567d7d,0.9995257896121936,topic_2,75
76,21,1ebd6b37-a3bc-44c1-94b0-b7a796461156,0.9995257896121936,topic_2,75
76,21,ce01fd6e-3502-48c8-a109-7d30ce90f08a,0.9995257893345475,topic_3,75
77,21,cde966aa-f3bf-4800-9583-e7b5bc524cde,1.0,topic_4,76
77,21,c9413a0f-e1d9-47c7-80a5-b69c9dd2e5a8,0.9994481793645965,topic_2,76
77,21,1925d51d-1970-4157-93c4-45ffc27567c7,0.9994481790314471,topic_2,76
77,21,839b4039-bdba-497e-85f3-d1124b2c4519,0.9994481789203973,topic_2,76
77,21,129b55a3-7b2f-46c2-a133-258da43a528f,0.9994481788926348,topic_2,76
77,21,bef6064b-9c39-4518-ada1-1643dcd93371,0.9994481788648724,topic_2,76
77,21,46448356-b68d-4e17-a20a-08a164f51ffa,0.9994481788648724,topic_2,76
77,21,18d73af8-14bd-4221-9bef-bcd2edcf5831,0.9994481788371099,topic_2,76
77,21,d8b56a19-0af2-44dc-8432-ee947d840250,0.9994481788093474,topic_2,76
77,21,77b489b8-07e6-4434-800f-b9f47a459f04,0.999448178781585,topic_2,76
77,21,2ce2210d-7364-4059-8227-382bf4c9fc9b,0.999448178781585,topic_2,76
77,21,39147f88-76e8-40fa-997f-21c0f85393d9,0.9994481787538226,topic_2,76
77,21,818cdd39-f7c2-4b58-8a96-2b898d3ef666,0.9994481787260602,topic_2,76
77,21,73d0fd0a-6bc1-43cc-8918-99c6ade6e5a6,0.9994481786982977,topic_2,76
77,21,ce15d8e8-d869-4dce-856d-e04e9d2c31eb,0.9994481786705353,topic_2,76
77,21,c19b363b-fc83-486e-9770-ba7273ab1bee,0.9994481786705353,topic_2,76
77,21,4838fca8-f0de-4299-80e9-95380f9216c0,0.9994481786427728,topic_2,76
77,21,d7b08517-192b-4f68-acd3-938e553ed209,0.9994481786150103,topic_2,76
77,21,d7830530-2bd1-4f54-bca6-5763a0567d7d,0.9994481785872479,topic_2,76
77,21,1ebd6b37-a3bc-44c1-94b0-b7a796461156,0.9994481785872479,topic_2,76
77,21,ce01fd6e-3502-48c8-a109-7d30ce90f08a,0.999448178226336,topic_3,76
78,21,35c9b751-9ba2-4e20-b63a-4e1906814113,1.0,topic_4,77
78,21,c9413a0f-e1d9-47c7-80a5-b69c9dd2e5a8,0.9995569606709204,topic_2,77
78,21,1925d51d-1970-4157-93c4-45ffc27567c7,0.9995569604210311,topic_2,77
78,21,839b4039-bdba-497e-85f3-d1124b2c4519,0.9995569603932656,topic_2,77
78,21,129b55a3-7b2f-46c2-a133-258da43a528f,0.9995569603655001,topic_2,77
78,21,bef6064b-9c39-4518-ada1-1643dcd93371,0.9995569603655001,topic_2,77
78,21,46448356-b68d-4e17-a20a-08a164f51ffa,0.9995569603377347,topic_2,77
78,21,18d73af8-14bd-4221-9bef-bcd2edcf5831,0.9995569603099692,topic_2,77
78,21,d8b56a19-0af2-44dc-8432-ee947d840250,0.9995569603099692,topic_2,77
78,21,77b489b8-07e6-4434-800f-b9f47a459f04,0.9995569602822038,topic_2,77
78,21,2ce2210d-7364-4059-8227-382bf4c9fc9b,0.9995569602822038,topic_2,77
78,21,39147f88-76e8-40fa-997f-21c0f85393d9,0.9995569602544383,topic_2,77
78,21,818cdd39-f7c2-4b58-8a96-2b898d3ef666,0.9995569602266728,topic_2,77
78,21,73d0fd0a-6bc1-43cc-8918-99c6ade6e5a6,0.9995569601989074,topic_2,77
78,21,ce15d8e8-d869-4dce-856d-e04e9d2c31eb,0.9995569601989074,topic_2,77
78,21,c19b363b-fc83-486e-9770-ba7273ab1bee,0.9995569601711418,topic_2,77
78,21,4838fca8-f0de-4299-80e9-95380f9216c0,0.9995569601711418,topic_2,77
78,21,d7b08517-192b-4f68-acd3-938e553ed209,0.9995569601433764,topic_2,77
78,21,d7830530-2bd1-4f54-bca6-5763a0567d7d,0.9995569601156109,topic_2,77
78,21,1ebd6b37-a3bc-44c1-94b0-b7a796461156,0.9995569601156109,topic_2,77
78,21,ce01fd6e-3502-48c8-a109-7d30ce90f08a,0.9995569598379562,topic_3,77
79,21,99b34e13-de28-4b91-97d1-af5b3a61d71e,1.0,topic_4,78
79,21,c9413a0f-e1d9-47c7-80a5-b69c9dd2e5a8,0.9994007724696822,topic_2,78
79,21,1925d51d-1970-4157-93c4-45ffc27567c7,0.9994007721920708,topic_2,78
79,21,839b4039-bdba-497e-85f3-d1124b2c4519,0.9994007721643097,topic_2,78
79,21,129b55a3-7b2f-46c2-a133-258da43a528f,0.9994007721643097,topic_2,78
79,21,bef6064b-9c39-4518-ada1-1643dcd93371,0.9994007721365485,topic_2,78
79,21,46448356-b68d-4e17-a20a-08a164f51ffa,0.9994007721087874,topic_2,78
79,21,18d73af8-14bd-4221-9bef-bcd2edcf5831,0.9994007721087874,topic_2,78
79,21,d8b56a19-0af2-44dc-8432-ee947d840250,0.9994007720810263,topic_2,78
79,21,77b489b8-07e6-4434-800f-b9f47a459f04,0.9994007720810263,topic_2,78
79,21,2ce2210d-7364-4059-8227-382bf4c9fc9b,0.9994007720532652,topic_2,78
79,21,39147f88-76e8-40fa-997f-21c0f85393d9,0.999400772025504,topic_2,78
79,21,818cdd39-f7c2-4b58-8a96-2b898d3ef666,0.9994007719977429,topic_2,78
79,21,73d0fd0a-6bc1-43cc-8918-99c6ade6e5a6,0.9994007719977429,topic_2,78
79,21,ce15d8e8-d869-4dce-856d-e04e9d2c31eb,0.9994007719699818,topic_2,78
79,21,c19b363b-fc83-486e-9770-ba7273ab1bee,0.9994007719699818,topic_2,78
79,21,4838fca8-f0de-4299-80e9-95380f9216c0,0.9994007719422207,topic_2,78
79,21,d7b08517-192b-4f68-acd3-938e553ed209,0.9994007719144595,topic_2,78
79,21,d7830530-2bd1-4f54-bca6-5763a0567d7d,0.9994007719144595,topic_2,78
79,21,1ebd6b37-a3bc-44c1-94b0-b7a796461156,0.9994007718866984,topic_2,78
79,21,ce01fd6e-3502-48c8-a109-7d30ce90f08a,0.999400771609087,topic_3,78
80,20,f14ae649-7282-42d7-bb9c-695d09258be3,1.0,topic_4,79
80,20,c9413a0f-e1d9-47c7-80a5-b69c9dd2e5a8,0.999353485552808,topic_2,79
80,20,1925d51d-1970-4157-93c4-45ffc27567c7,0.9993534853029696,topic_2,79
80,20,839b4039-bdba-497e-85f3-d1124b2c4519,0.9993534853029696,topic_2,79
80,20,129b55a3-7b2f-46c2-a133-258da43a528f,0.9993534852752098,topic_2,79
80,20,bef6064b-9c39-4518-ada1-1643dcd93371,0.99935348524745,topic_2,79
80,20,46448356-b68d-4e17-a20a-08a164f51ffa,0.99935348524745,topic_2,79
80,20,18d73af8-14bd-4221-9bef-bcd2edcf5831,0.9993534852196903,topic_2,79
80,20,d8b56a19-0af2-44dc-8432-ee947d840250,0.9993534851919303,topic_2,79
80,20,77b489b8-07e6-4434-800f-b9f47a459f04,0.9993534851919303,topic_2,79
80,20,2ce2210d-7364-4059-8227-382bf4c9fc9b,0.9993534851641706,topic_2,79
80,20,39147f88-76e8-40fa-997f-21c0f85393d9,0.9993534851641706,topic_2,79
80,20,818cdd39-f7c2-4b58-8a96-2b898d3ef666,0.9993534851364108,topic_2,79
80,20,73d0fd0a-6bc1-43cc-8918-99c6ade6e5a6,0.999353485108651,topic_2,79
80,20,ce15d8e8-d869-4dce-856d-e04e9d2c31eb,0.999353485108651,topic_2,79
80,20,c19b363b-fc83-486e-9770-ba7273ab1bee,0.9993534850531313,topic_2,79
80,20,4838fca8-f0de-4299-80e9-95380f9216c0,0.9993534850531313,topic_2,79
80,20,d7b08517-192b-4f68-acd3-938e553ed209,0.9993534850253715,topic_2,79
80,20,d7830530-2bd1-4f54-bca6-5763a0567d7d,0.9993534850253715,topic_2,79
80,20,1ebd6b37-a3bc-44c1-94b0-b7a796461156,0.9993534849976117,topic_2,79
81,21,76224a58-0c3a-48be-b689-a05b090b9397,1.0,topic_4,80
81,21,c9413a0f-e1d9-47c7-80a5-b69c9dd2e5a8,0.9994002286292432,topic_2,80
81,21,1925d51d-1970-4157-93c4-45ffc27567c7,0.999400228379393,topic_2,80
81,21,839b4039-bdba-497e-85f3-d1124b2c4519,0.999400228351632,topic_2,80
81,21,129b55a3-7b2f-46c2-a133-258da43a528f,0.9994002283238709,topic_2,80
81,21,bef6064b-9c39-4518-ada1-1643dcd93371,0.9994002283238709,topic_2,80
81,21,46448356-b68d-4e17-a20a-08a164f51ffa,0.9994002282961097,topic_2,80
81,21,18d73af8-14bd-4221-9bef-bcd2edcf5831,0.9994002282683486,topic_2,80
81,21,d8b56a19-0af2-44dc-8432-ee947d840250,0.9994002282683486,topic_2,80
81,21,77b489b8-07e6-4434-800f-b9f47a459f04,0.9994002282405875,topic_2,80
81,21,2ce2210d-7364-4059-8227-382bf4c9fc9b,0.9994002282405875,topic_2,80
81,21,39147f88-76e8-40fa-997f-21c0f85393d9,0.9994002282128264,topic_2,80
81,21,818cdd39-f7c2-4b58-8a96-2b898d3ef666,0.9994002282128264,topic_2,80
81,21,73d0fd0a-6bc1-43cc-8918-99c6ade6e5a6,0.9994002281850652,topic_2,80
81,21,ce15d8e8-d869-4dce-856d-e04e9d2c31eb,0.9994002281850652,topic_2,80
81,21,c19b363b-fc83-486e-9770-ba7273ab1bee,0.9994002281573041,topic_2,80
81,21,4838fca8-f0de-4299-80e9-95380f9216c0,0.999400228129543,topic_2,80
81,21,d7b08517-192b-4f68-acd3-938e553ed209,0.999400228129543,topic_2,80
81,21,d7830530-2bd1-4f54-bca6-5763a0567d7d,0.9994002281017819,topic_2,80
81,21,1ebd6b37-a3bc-44c1-94b0-b7a796461156,0.9994002281017819,topic_2,80
81,21,ce01fd6e-3502-48c8-a109-7d30ce90f08a,0.998754057692553,topic_3,80
82,21,6285dc40-d1f9-45df-8dc9-8bc6ee595fcb,1.0,topic_4,81
82,21,c9413a0f-e1d9-47c7-80a5-b69c9dd2e5a8,0.9993926330775637,topic_2,81
82,21,1925d51d-1970-4157-93c4-45ffc27567c7,0.9993926327721936,topic_2,81
82,21,839b4039-bdba-497e-85f3-d1124b2c4519,0.9993926327444327,topic_2,81
82,21,129b55a3-7b2f-46c2-a133-258da43a528f,0.9993926327166718,topic_2,81
82,21,bef6064b-9c39-4518-ada1-1643dcd93371,0.9993926326889109,topic_2,81
82,21,46448356-b68d-4e17-a20a-08a164f51ffa,0.99939263266115,topic_2,81
82,21,18d73af8-14bd-4221-9bef-bcd2edcf5831,0.9993926326333891,topic_2,81
82,21,d8b56a19-0af2-44dc-8432-ee947d840250,0.9993926326056282,topic_2,81
82,21,77b489b8-07e6-4434-800f-b9f47a459f04,0.9993926326056282,topic_2,81
82,21,2ce2210d-7364-4059-8227-382bf4c9fc9b,0.9993926325778673,topic_2,81
82,21,39147f88-76e8-40fa-997f-21c0f85393d9,0.9993926325501064,topic_2,81
82,21,818cdd39-f7c2-4b58-8a96-2b898d3ef666,0.9993926325223454,topic_2,81
82,21,73d0fd0a-6bc1-43cc-8918-99c6ade6e5a6,0.9993926324945845,topic_2,81
82,21,ce15d8e8-d869-4dce-856d-e04e9d2c31eb,0.9993926324668236,topic_2,81
82,21,c19b363b-fc83-486e-9770-ba7273ab1bee,0.9993926324390627,topic_2,81
82,21,4838fca8-f0de-4299-80e9-95380f9216c0,0.9993926324113018,topic_2,81
82,21,d7b08517-192b-4f68-acd3-938e553ed209,0.9993926323835409,topic_2,81
82,21,d7830530-2bd1-4f54-bca6-5763a0567d7d,0.9993926323835409,topic_2,81
82,21,1ebd6b37-a3bc-44c1-94b0-b7a796461156,0.99939263235578,topic_2,81
82,21,ce01fd6e-3502-48c8-a109-7d30ce90f08a,0.9993926320226492,topic_3,81
83,21,a04f462f-d0ec-43c2-a0fb-42c51adefc08,1.0,topic_4,82
83,21,c9413a0f-e1d9-47c7-80a5-b69c9dd2e5a8,0.9994752445656523,topic_2,82
83,21,1925d51d-1970-4157-93c4-45ffc27567c7,0.9994752442880203,topic_2,82
83,21,839b4039-bdba-497e-85f3-d1124b2c4519,0.999475244260257,topic_2,82
83,21,129b55a3-7b2f-46c2-a133-258da43a528f,0.999475244260257,topic_2,82
83,21,bef6064b-9c39-4518-ada1-1643dcd93371,0.9994752442324938,topic_2,82
83,21,46448356-b68d-4e17-a20a-08a164f51ffa,0.9994752442047307,topic_2,82
83,21,18d73af8-14bd-4221-9bef-bcd2edcf5831,0.9994752441769674,topic_2,82
83,21,d8b56a19-0af2-44dc-8432-ee947d840250,0.9994752441769674,topic_2,82
83,21,77b489b8-07e6-4434-800f-b9f47a459f04,0.9994752441492042,topic_2,82
83,21,2ce2210d-7364-4059-8227-382bf4c9fc9b,0.9994752441492042,topic_2,82
83,21,39147f88-76e8-40fa-997f-21c0f85393d9,0.9994752441214411,topic_2,82
83,21,818cdd39-f7c2-4b58-8a96-2b898d3ef666,0.9994752441214411,topic_2,82
83,21,73d0fd0a-6bc1-43cc-8918-99c6ade6e5a6,0.9994752440936778,topic_2,82
83,21,ce15d8e8-d869-4dce-856d-e04e9d2c31eb,0.9994752440936778,topic_2,82
83,21,c19b363b-fc83-486e-9770-ba7273ab1bee,0.9994752440659146,topic_2,82
83,21,4838fca8-f0de-4299-80e9-95380f9216c0,0.9994752440381515,topic_2,82
83,21,d7b08517-192b-4f68-acd3-938e553ed209,0.9994752440381515,topic_2,82
83,21,d7830530-2bd1-4f54-bca6-5763a0567d7d,0.9994752440103882,topic_2,82
83,21,1ebd6b37-a3bc-44c1-94b0-b7a796461156,0.9994752440103882,topic_2,82
83,21,ce01fd6e-3502-48c8-a109-7d30ce90f08a,0.9994752437605194,topic_3,82
84,20,391f0e55-9ade-48b0-80bd-2e306cf2b752,1.0,topic_4,83
84,20,c9413a0f-e1d9-47c7-80a5-b69c9dd2e5a8,0.9993419167151846,topic_2,83
84,20,1925d51d-1970-4157-93c4-45ffc27567c7,0.9993419164098302,topic_2,83
84,20,839b4039-bdba-497e-85f3-d1124b2c4519,0.9993419163820707,topic_2,83
84,20,129b55a3-7b2f-46c2-a133-258da43a528f,0.9993419163543111,topic_2,83
84,20,bef6064b-9c39-4518-ada1-1643dcd93371,0.9993419163265517,topic_2,83
84,20,46448356-b68d-4e17-a20a-08a164f51ffa,0.9993419163265517,topic_2,83
84,20,18d73af8-14bd-4221-9bef-bcd2edcf5831,0.9993419162987922,topic_2,83
84,20,d8b56a19-0af2-44dc-8432-ee947d840250,0.9993419162710326,topic_2,83
84,20,77b489b8-07e6-4434-800f-b9f47a459f04,0.9993419162432732,topic_2,83
84,20,2ce2210d-7364-4059-8227-382bf4c9fc9b,0.9993419162155137,topic_2,83
84,20,39147f88-76e8-40fa-997f-21c0f85393d9,0.9993419161877541,topic_2,83
84,20,818cdd39-f7c2-4b58-8a96-2b898d3ef666,0.9993419161599947,topic_2,83
84,20,73d0fd0a-6bc1-43cc-8918-99c6ade6e5a6,0.9993419161322352,topic_2,83
84,20,ce15d8e8-d869-4dce-856d-e04e9d2c31eb,0.9993419161322352,topic_2,83
84,20,c19b363b-fc83-486e-9770-ba7273ab1bee,0.9993419161044756,topic_2,83
84,20,4838fca8-f0de-4299-80e9-95380f9216c0,0.9993419160767162,topic_2,83
84,20,d7b08517-192b-4f68-acd3-938e553ed209,0.9993419160489567,topic_2,83
84,20,d7830530-2bd1-4f54-bca6-5763a0567d7d,0.9993419160489567,topic_2,83
84,20,1ebd6b37-a3bc-44c1-94b0-b7a796461156,0.9993419160211972,topic_2,83
85,20,efb04dce-2331-4c72-ab42-ee67d0a55230,1.0,topic_4,84
85,20,c9413a0f-e1d9-47c7-80a5-b69c9dd2e5a8,0.999294726183688,topic_2,84
85,20,1925d51d-1970-4157-93c4-45ffc27567c7,0.999294725878348,topic_2,84
85,20,839b4039-bdba-497e-85f3-d1124b2c4519,0.9992947258505898,topic_2,84
85,20,129b55a3-7b2f-46c2-a133-258da43a528f,0.9992947258228316,topic_2,84
85,20,bef6064b-9c39-4518-ada1-1643dcd93371,0.9992947257950734,topic_2,84
85,20,46448356-b68d-4e17-a20a-08a164f51ffa,0.9992947257673153,topic_2,84
85,20,18d73af8-14bd-4221-9bef-bcd2edcf5831,0.999294725739557,topic_2,84
85,20,d8b56a19-0af2-44dc-8432-ee947d840250,0.999294725739557,topic_2,84
85,20,77b489b8-07e6-4434-800f-b9f47a459f04,0.9992947257117988,topic_2,84
85,20,2ce2210d-7364-4059-8227-382bf4c9fc9b,0.9992947256840407,topic_2,84
85,20,39147f88-76e8-40fa-997f-21c0f85393d9,0.9992947256562824,topic_2,84
85,20,818cdd39-f7c2-4b58-8a96-2b898d3ef666,0.9992947256285243,topic_2,84
85,20,73d0fd0a-6bc1-43cc-8918-99c6ade6e5a6,0.9992947256285243,topic_2,84
85,20,ce15d8e8-d869-4dce-856d-e04e9d2c31eb,0.999294725600766,topic_2,84
85,20,c19b363b-fc83-486e-9770-ba7273ab1bee,0.9992947255730079,topic_2,84
85,20,4838fca8-f0de-4299-80e9-95380f9216c0,0.9992947255452497,topic_2,84
85,20,d7b08517-192b-4f68-acd3-938e553ed209,0.9992947255174915,topic_2,84
85,20,d7830530-2bd1-4f54-bca6-5763a0567d7d,0.9992947254897333,topic_2,84
85,20,1ebd6b37-a3bc-44c1-94b0-b7a796461156,0.9992947254897333,topic_2,84
86,21,e1fa98e1-9cf4-452a-8246-d2c8abc46d17,1.0,topic_4,85
86,21,c9413a0f-e1d9-47c7-80a5-b69c9dd2e5a8,0.999415051537986,topic_2,85
86,21,1925d51d-1970-4157-93c4-45ffc27567c7,0.9994150512881322,topic_2,85
86,21,839b4039-bdba-497e-85f3-d1124b2c4519,0.9994150512603708,topic_2,85
86,21,129b55a3-7b2f-46c2-a133-258da43a528f,0.9994150512326092,topic_2,85
86,21,bef6064b-9c39-4518-ada1-1643dcd93371,0.9994150512326092,topic_2,85
86,21,46448356-b68d-4e17-a20a-08a164f51ffa,0.9994150512048476,topic_2,85
86,21,18d73af8-14bd-4221-9bef-bcd2edcf5831,0.9994150512048476,topic_2,85
86,21,d8b56a19-0af2-44dc-8432-ee947d840250,0.9994150511770862,topic_2,85
86,21,77b489b8-07e6-4434-800f-b9f47a459f04,0.9994150511770862,topic_2,85
86,21,2ce2210d-7364-4059-8227-382bf4c9fc9b,0.9994150511493246,topic_2,85
86,21,39147f88-76e8-40fa-997f-21c0f85393d9,0.9994150511493246,topic_2,85
86,21,818cdd39-f7c2-4b58-8a96-2b898d3ef666,0.999415051121563,topic_2,85
86,21,73d0fd0a-6bc1-43cc-8918-99c6ade6e5a6,0.9994150510938016,topic_2,85
86,21,ce15d8e8-d869-4dce-856d-e04e9d2c31eb,0.9994150510938016,topic_2,85
86,21,c19b363b-fc83-486e-9770-ba7273ab1bee,0.99941505106604,topic_2,85
86,21,4838fca8-f0de-4299-80e9-95380f9216c0,0.99941505106604,topic_2,85
86,21,d7b08517-192b-4f68-acd3-938e553ed209,0.9994150510382785,topic_2,85
86,21,d7830530-2bd1-4f54-bca6-5763a0567d7d,0.9994150510382785,topic_2,85
86,21,1ebd6b37-a3bc-44c1-94b0-b7a796461156,0.999415051010517,topic_2,85
86,21,ce01fd6e-3502-48c8-a109-7d30ce90f08a,0.998052838599872,topic_3,85
87,20,556f84eb-5072-4e60-bc35-b3937391ffa2,1.0,topic_4,86
87,20,c9413a0f-e1d9-47c7-80a5-b69c9dd2e5a8,0.9991717264580566,topic_2,86
87,20,1925d51d-1970-4157-93c4-45ffc27567c7,0.9991717262082638,topic_2,86
87,20,839b4039-bdba-497e-85f3-d1124b2c4519,0.9991717262082638,topic_2,86
87,20,129b55a3-7b2f-46c2-a133-258da43a528f,0.999171726180509,topic_2,86
87,20,bef6064b-9c39-4518-ada1-1643dcd93371,0.9991717261527542,topic_2,86
87,20,46448356-b68d-4e17-a20a-08a164f51ffa,0.9991717261527542,topic_2,86
87,20,18d73af8-14bd-4221-9bef-bcd2edcf5831,0.9991717261249994,topic_2,86
87,20,d8b56a19-0af2-44dc-8432-ee947d840250,0.9991717261249994,topic_2,86
87,20,77b489b8-07e6-4434-800f-b9f47a459f04,0.9991717260972447,topic_2,86
87,20,2ce2210d-7364-4059-8227-382bf4c9fc9b,0.9991717260972447,topic_2,86
87,20,39147f88-76e8-40fa-997f-21c0f85393d9,0.9991717260694899,topic_2,86
87,20,818cdd39-f7c2-4b58-8a96-2b898d3ef666,0.9991717260417351,topic_2,86
87,20,73d0fd0a-6bc1-43cc-8918-99c6ade6e5a6,0.9991717260417351,topic_2,86
87,20,ce15d8e8-d869-4dce-856d-e04e9d2c31eb,0.9991717260139803,topic_2,86
87,20,c19b363b-fc83-486e-9770-ba7273ab1bee,0.9991717260139803,topic_2,86
87,20,4838fca8-f0de-4299-80e9-95380f9216c0,0.9991717259862256,topic_2,86
87,20,d7b08517-192b-4f68-acd3-938e553ed209,0.9991717259862256,topic_2,86
87,20,d7830530-2bd1-4f54-bca6-5763a0567d7d,0.9991717259584708,topic_2,86
87,20,1ebd6b37-a3bc-44c1-94b0-b7a796461156,0.9991717259584708,topic_2,86
88,21,4b5253ea-de16-458f-88ad-9aaf2a35f2e0,1.0,topic_4,87
88,21,c9413a0f-e1d9-47c7-80a5-b69c9dd2e5a8,0.9994935058948005,topic_2,87
88,21,1925d51d-1970-4157-93c4-45ffc27567c7,0.9994935056449271,topic_2,87
88,21,839b4039-bdba-497e-85f3-d1124b2c4519,0.9994935055893996,topic_2,87
88,21,129b55a3-7b2f-46c2-a133-258da43a528f,0.999493505561636,topic_2,87
88,21,bef6064b-9c39-4518-ada1-1643dcd93371,0.999493505561636,topic_2,87
88,21,46448356-b68d-4e17-a20a-08a164f51ffa,0.9994935055338723,topic_2,87
88,21,18d73af8-14bd-4221-9bef-bcd2edcf5831,0.9994935055338723,topic_2,87
88,21,d8b56a19-0af2-44dc-8432-ee947d840250,0.9994935055061085,topic_2,87
88,21,77b489b8-07e6-4434-800f-b9f47a459f04,0.9994935055061085,topic_2,87
88,21,2ce2210d-7364-4059-8227-382bf4c9fc9b,0.9994935054783448,topic_2,87
88,21,39147f88-76e8-40fa-997f-21c0f85393d9,0.9994935054783448,topic_2,87
88,21,818cdd39-f7c2-4b58-8a96-2b898d3ef666,0.9994935054505811,topic_2,87
88,21,73d0fd0a-6bc1-43cc-8918-99c6ade6e5a6,0.9994935054228175,topic_2,87
88,21,ce15d8e8-d869-4dce-856d-e04e9d2c31eb,0.9994935054228175,topic_2,87
88,21,c19b363b-fc83-486e-9770-ba7273ab1bee,0.9994935053950537,topic_2,87
88,21,4838fca8-f0de-4299-80e9-95380f9216c0,0.9994935053950537,topic_2,87
88,21,d7b08517-192b-4f68-acd3-938e553ed209,0.99949350536729,topic_2,87
88,21,d7830530-2bd1-4f54-bca6-5763a0567d7d,0.99949350536729,topic_2,87
88,21,1ebd6b37-a3bc-44c1-94b0-b7a796461156,0.9994935053395263,topic_2,87
88,21,ce01fd6e-3502-48c8-a109-7d30ce90f08a,0.9986656097581228,topic_3,87
89,21,8af0ce16-63b1-4815-bb68-15eae464b297,1.0,topic_4,88
89,21,c9413a0f-e1d9-47c7-80a5-b69c9dd2e5a8,0.9993873077725846,topic_2,88
89,21,1925d51d-1970-4157-93c4-45ffc27567c7,0.9993873075227377,topic_2,88
89,21,839b4039-bdba-497e-85f3-d1124b2c4519,0.999387307494977,topic_2,88
89,21,129b55a3-7b2f-46c2-a133-258da43a528f,0.9993873074672162,topic_2,88
89,21,bef6064b-9c39-4518-ada1-1643dcd93371,0.9993873074672162,topic_2,88
89,21,46448356-b68d-4e17-a20a-08a164f51ffa,0.9993873074394555,topic_2,88
89,21,18d73af8-14bd-4221-9bef-bcd2edcf5831,0.9993873074116947,topic_2,88
89,21,d8b56a19-0af2-44dc-8432-ee947d840250,0.9993873074116947,topic_2,88
89,21,77b489b8-07e6-4434-800f-b9f47a459f04,0.9993873073839339,topic_2,88
89,21,2ce2210d-7364-4059-8227-382bf4c9fc9b,0.9993873073839339,topic_2,88
89,21,39147f88-76e8-40fa-997f-21c0f85393d9,0.9993873073561732,topic_2,88
89,21,818cdd39-f7c2-4b58-8a96-2b898d3ef666,0.9993873073284124,topic_2,88
89,21,73d0fd0a-6bc1-43cc-8918-99c6ade6e5a6,0.9993873073284124,topic_2,88
89,21,ce15d8e8-d869-4dce-856d-e04e9d2c31eb,0.9993873073006516,topic_2,88
89,21,c19b363b-fc83-486e-9770-ba7273ab1bee,0.9993873073006516,topic_2,88
89,21,4838fca8-f0de-4299-80e9-95380f9216c0,0.9993873072728909,topic_2,88
89,21,d7b08517-192b-4f68-acd3-938e553ed209,0.9993873072728909,topic_2,88
89,21,d7830530-2bd1-4f54-bca6-5763a0567d7d,0.9993873072451301,topic_2,88
89,21,1ebd6b37-a3bc-44c1-94b0-b7a796461156,0.9993873072451301,topic_2,88
89,21,ce01fd6e-3502-48c8-a109-7d30ce90f08a,0.9993873069952833,topic_3,88
90,21,54963e53-9581-4420-9873-1d7fb6721ee8,1.0,topic_4,89
90,21,c9413a0f-e1d9-47c7-80a5-b69c9dd2e5a8,0.9994956934275505,topic_2,89
90,21,1925d51d-1970-4157-93c4-45ffc27567c7,0.9994956931499128,topic_2,89
90,21,839b4039-bdba-497e-85f3-d1124b2c4519,0.999495693122149,topic_2,89
90,21,129b55a3-7b2f-46c2-a133-258da43a528f,0.999495693122149,topic_2,89
90,21,bef6064b-9c39-4518-ada1-1643dcd93371,0.9994956930943852,topic_2,89
90,21,46448356-b68d-4e17-a20a-08a164f51ffa,0.9994956930943852,topic_2,89
90,21,18d73af8-14bd-4221-9bef-bcd2edcf5831,0.9994956930388578,topic_2,89
90,21,d8b56a19-0af2-44dc-8432-ee947d840250,0.9994956930388578,topic_2,89
90,21,77b489b8-07e6-4434-800f-b9f47a459f04,0.999495693011094,topic_2,89
90,21,2ce2210d-7364-4059-8227-382bf4c9fc9b,0.999495693011094,topic_2,89
90,21,39147f88-76e8-40fa-997f-21c0f85393d9,0.9994956929833302,topic_2,89
90,21,818cdd39-f7c2-4b58-8a96-2b898d3ef666,0.9994956929833302,topic_2,89
90,21,73d0fd0a-6bc1-43cc-8918-99c6ade6e5a6,0.9994956929555664,topic_2,89
90,21,ce15d8e8-d869-4dce-856d-e04e9d2c31eb,0.9994956929278027,topic_2,89
90,21,c19b363b-fc83-486e-9770-ba7273ab1bee,0.9994956929278027,topic_2,89
90,21,4838fca8-f0de-4299-80e9-95380f9216c0,0.9994956929000389,topic_2,89
90,21,d7b08517-192b-4f68-acd3-938e553ed209,0.9994956929000389,topic_2,89
90,21,d7830530-2bd1-4f54-bca6-5763a0567d7d,0.9994956928722751,topic_2,89
90,21,1ebd6b37-a3bc-44c1-94b0-b7a796461156,0.9994956928722751,topic_2,89
90,21,ce01fd6e-3502-48c8-a109-7d30ce90f08a,0.9994956925946374,topic_3,89
91,21,c608853f-2984-4b0c-8d11-f205cf291aac,1.0,topic_4,90
91,21,c9413a0f-e1d9-47c7-80a5-b69c9dd2e5a8,0.9995651424390799,topic_2,90
91,21,1925d51d-1970-4157-93c4-45ffc27567c7,0.9995651421336572,topic_2,90
91,21,839b4039-bdba-497e-85f3-d1124b2c4519,0.9995651421058915,topic_2,90
91,21,129b55a3-7b2f-46c2-a133-258da43a528f,0.9995651420781257,topic_2,90
91,21,bef6064b-9c39-4518-ada1-1643dcd93371,0.9995651420503601,topic_2,90
91,21,46448356-b68d-4e17-a20a-08a164f51ffa,0.9995651420503601,topic_2,90
91,21,18d73af8-14bd-4221-9bef-bcd2edcf5831,0.9995651420225944,topic_2,90
91,21,d8b56a19-0af2-44dc-8432-ee947d840250,0.9995651419948287,topic_2,90
91,21,77b489b8-07e6-4434-800f-b9f47a459f04,0.999565141967063,topic_2,90
91,21,2ce2210d-7364-4059-8227-382bf4c9fc9b,0.9995651419392974,topic_2,90
91,21,39147f88-76e8-40fa-997f-21c0f85393d9,0.9995651419115316,topic_2,90
91,21,818cdd39-f7c2-4b58-8a96-2b898d3ef666,0.9995651418837659,topic_2,90
91,21,73d0fd0a-6bc1-43cc-8918-99c6ade6e5a6,0.9995651418837659,topic_2,90
91,21,ce15d8e8-d869-4dce-856d-e04e9d2c31eb,0.9995651418560002,topic_2,90
91,21,c19b363b-fc83-486e-9770-ba7273ab1bee,0.9995651418282345,topic_2,90
91,21,4838fca8-f0de-4299-80e9-95380f9216c0,0.9995651418282345,topic_2,90
91,21,d7b08517-192b-4f68-acd3-938e553ed209,0.9995651418004688,topic_2,90
91,21,d7830530-2bd1-4f54-bca6-5763a0567d7d,0.9995651417727032,topic_2,90
91,21,1ebd6b37-a3bc-44c1-94b0-b7a796461156,0.9995651417449374,topic_2,90
91,21,ce01fd6e-3502-48c8-a109-7d30ce90f08a,0.999565141411749,topic_3,90
92,21,63a2ac4b-d86a-4237-af4f-b939b85cea2d,1.0,topic_5,91
92,21,c9413a0f-e1d9-47c7-80a5-b69c9dd2e5a8,0.9993663702170781,topic_2,91
92,21,1925d51d-1970-4157-93c4-45ffc27567c7,0.9993663699394764,topic_2,91
92,21,839b4039-bdba-497e-85f3-d1124b2c4519,0.9993663699117161,topic_2,91
92,21,129b55a3-7b2f-46c2-a133-258da43a528f,0.9993663699117161,topic_2,91
92,21,bef6064b-9c39-4518-ada1-1643dcd93371,0.999366369883956,topic_2,91
92,21,46448356-b68d-4e17-a20a-08a164f51ffa,0.999366369883956,topic_2,91
92,21,18d73af8-14bd-4221-9bef-bcd2edcf5831,0.9993663698561958,topic_2,91
92,21,d8b56a19-0af2-44dc-8432-ee947d840250,0.9993663698284356,topic_2,91
92,21,77b489b8-07e6-4434-800f-b9f47a459f04,0.9993663698284356,topic_2,91
92,21,2ce2210d-7364-4059-8227-382bf4c9fc9b,0.9993663698006754,topic_2,91
92,21,39147f88-76e8-40fa-997f-21c0f85393d9,0.9993663698006754,topic_2,91
92,21,818cdd39-f7c2-4b58-8a96-2b898d3ef666,0.9993663697729153,topic_2,91
92,21,73d0fd0a-6bc1-43cc-8918-99c6ade6e5a6,0.9993663697729153,topic_2,91
92,21,ce15d8e8-d869-4dce-856d-e04e9d2c31eb,0.999366369745155,topic_2,91
92,21,c19b363b-fc83-486e-9770-ba7273ab1bee,0.9993663697173949,topic_2,91
92,21,4838fca8-f0de-4299-80e9-95380f9216c0,0.9993663697173949,topic_2,91
92,21,d7b08517-192b-4f68-acd3-938e553ed209,0.9993663696896348,topic_2,91
92,21,d7830530-2bd1-4f54-bca6-5763a0567d7d,0.9993663696896348,topic_2,91
92,21,1ebd6b37-a3bc-44c1-94b0-b7a796461156,0.9993663696618745,topic_2,91
92,21,ce01fd6e-3502-48c8-a109-7d30ce90f08a,0.9993663694120329,topic_3,91
93,21,01477fc5-94ee-4095-beae-1909d75caaea,1.0,topic_5,92
93,21,c9413a0f-e1d9-47c7-80a5-b69c9dd2e5a8,0.9993714604193675,topic_2,92
93,21,1925d51d-1970-4157-93c4-45ffc27567c7,0.999371460114004,topic_2,92
93,21,839b4039-bdba-497e-85f3-d1124b2c4519,0.9993714600862437,topic_2,92
93,21,129b55a3-7b2f-46c2-a133-258da43a528f,0.9993714600584833,topic_2,92
93,21,bef6064b-9c39-4518-ada1-1643dcd93371,0.9993714600307231,topic_2,92
93,21,46448356-b68d-4e17-a20a-08a164f51ffa,0.9993714600029627,topic_2,92
93,21,18d73af8-14bd-4221-9bef-bcd2edcf5831,0.9993714599752024,topic_2,92
93,21,d8b56a19-0af2-44dc-8432-ee947d840250,0.9993714599474421,topic_2,92
93,21,77b489b8-07e6-4434-800f-b9f47a459f04,0.9993714599196818,topic_2,92
93,21,2ce2210d-7364-4059-8227-382bf4c9fc9b,0.9993714598919214,topic_2,92
93,21,39147f88-76e8-40fa-997f-21c0f85393d9,0.9993714598919214,topic_2,92
93,21,818cdd39-f7c2-4b58-8a96-2b898d3ef666,0.9993714598641611,topic_2,92
93,21,73d0fd0a-6bc1-43cc-8918-99c6ade6e5a6,0.9993714598364009,topic_2,92
93,21,ce15d8e8-d869-4dce-856d-e04e9d2c31eb,0.9993714598364009,topic_2,92
93,21,c19b363b-fc83-486e-9770-ba7273ab1bee,0.9993714598086405,topic_2,92
93,21,4838fca8-f0de-4299-80e9-95380f9216c0,0.9993714597808802,topic_2,92
93,21,d7b08517-192b-4f68-acd3-938e553ed209,0.9993714597531199,topic_2,92
93,21,d7830530-2bd1-4f54-bca6-5763a0567d7d,0.9993714597531199,topic_2,92
93,21,1ebd6b37-a3bc-44c1-94b0-b7a796461156,0.9993714597253596,topic_2,92
93,21,ce01fd6e-3502-48c8-a109-7d30ce90f08a,0.9993714594477564,topic_3,92
94,21,f78a19f6-b7c9-4e1e-8941-8ba01e6a5013,1.0,topic_5,93
94,21,c9413a0f-e1d9-47c7-80a5-b69c9dd2e5a8,0.9994402157932302,topic_2,93
94,21,1925d51d-1970-4157-93c4-45ffc27567c7,0.9994402154878457,topic_2,93
94,21,839b4039-bdba-497e-85f3-d1124b2c4519,0.9994402154600834,topic_2,93
94,21,129b55a3-7b2f-46c2-a133-258da43a528f,0.9994402154323212,topic_2,93
94,21,bef6064b-9c39-4518-ada1-1643dcd93371,0.999440215404559,topic_2,93
94,21,46448356-b68d-4e17-a20a-08a164f51ffa,0.9994402153767968,topic_2,93
94,21,18d73af8-14bd-4221-9bef-bcd2edcf5831,0.9994402153490346,topic_2,93
94,21,d8b56a19-0af2-44dc-8432-ee947d840250,0.9994402153212724,topic_2,93
94,21,77b489b8-07e6-4434-800f-b9f47a459f04,0.9994402152935101,topic_2,93
94,21,2ce2210d-7364-4059-8227-382bf4c9fc9b,0.9994402152657479,topic_2,93
94,21,39147f88-76e8-40fa-997f-21c0f85393d9,0.9994402152657479,topic_2,93
94,21,818cdd39-f7c2-4b58-8a96-2b898d3ef666,0.9994402152379857,topic_2,93
94,21,73d0fd0a-6bc1-43cc-8918-99c6ade6e5a6,0.9994402152102234,topic_2,93
94,21,ce15d8e8-d869-4dce-856d-e04e9d2c31eb,0.9994402151824612,topic_2,93
94,21,c19b363b-fc83-486e-9770-ba7273ab1bee,0.9994402151546989,topic_2,93
94,21,4838fca8-f0de-4299-80e9-95380f9216c0,0.9994402151269367,topic_2,93
94,21,d7b08517-192b-4f68-acd3-938e553ed209,0.9994402150991745,topic_2,93
94,21,d7830530-2bd1-4f54-bca6-5763a0567d7d,0.9994402150991745,topic_2,93
94,21,1ebd6b37-a3bc-44c1-94b0-b7a796461156,0.9994402150714122,topic_2,93
94,21,ce01fd6e-3502-48c8-a109-7d30ce90f08a,0.9994402146827411,topic_3,93
95,21,a6e16cbe-163d-4856-87be-f146c2b67c05,1.0,topic_5,94
95,21,c9413a0f-e1d9-47c7-80a5-b69c9dd2e5a8,0.9994489724270414,topic_2,94
95,21,1925d51d-1970-4157-93c4-45ffc27567c7,0.9994489721494167,topic_2,94
95,21,839b4039-bdba-497e-85f3-d1124b2c4519,0.9994489721216543,topic_2,94
95,21,129b55a3-7b2f-46c2-a133-258da43a528f,0.9994489721216543,topic_2,94
95,21,bef6064b-9c39-4518-ada1-1643dcd93371,0.9994489720938918,topic_2,94
95,21,46448356-b68d-4e17-a20a-08a164f51ffa,0.9994489720938918,topic_2,94
95,21,18d73af8-14bd-4221-9bef-bcd2edcf5831,0.9994489720661294,topic_2,94
95,21,d8b56a19-0af2-44dc-8432-ee947d840250,0.9994489720383668,topic_2,94
95,21,77b489b8-07e6-4434-800f-b9f47a459f04,0.9994489720383668,topic_2,94
95,21,2ce2210d-7364-4059-8227-382bf4c9fc9b,0.9994489720106043,topic_2,94
95,21,39147f88-76e8-40fa-997f-21c0f85393d9,0.9994489720106043,topic_2,94
95,21,818cdd39-f7c2-4b58-8a96-2b898d3ef666,0.9994489719828419,topic_2,94
95,21,73d0fd0a-6bc1-43cc-8918-99c6ade6e5a6,0.9994489719828419,topic_2,94
95,21,ce15d8e8-d869-4dce-856d-e04e9d2c31eb,0.9994489719550794,topic_2,94
95,21,c19b363b-fc83-486e-9770-ba7273ab1bee,0.9994489719550794,topic_2,94
95,21,4838fca8-f0de-4299-80e9-95380f9216c0,0.999448971927317,topic_2,94
95,21,d7b08517-192b-4f68-acd3-938e553ed209,0.999448971927317,topic_2,94
95,21,d7830530-2bd1-4f54-bca6-5763a0567d7d,0.9994489718995545,topic_2,94
95,21,1ebd6b37-a3bc-44c1-94b0-b7a796461156,0.9994489718995545,topic_2,94
95,21,ce01fd6e-3502-48c8-a109-7d30ce90f08a,0.9994489716219298,topic_3,94
96,20,bc087461-d2d4-47fb-9d37-d3adb10eedf2,1.0,topic_5,95
96,20,c9413a0f-e1d9-47c7-80a5-b69c9dd2e5a8,0.9992455038865541,topic_2,95
96,20,1925d51d-1970-4157-93c4-45ffc27567c7,0.9992455036367427,topic_2,95
96,20,839b4039-bdba-497e-85f3-d1124b2c4519,0.9992455036089858,topic_2,95
96,20,129b55a3-7b2f-46c2-a133-258da43a528f,0.999245503581229,topic_2,95
96,20,bef6064b-9c39-4518-ada1-1643dcd93371,0.999245503581229,topic_2,95
96,20,46448356-b68d-4e17-a20a-08a164f51ffa,0.9992455035534722,topic_2,95
96,20,18d73af8-14bd-4221-9bef-bcd2edcf5831,0.9992455035257154,topic_2,95
96,20,d8b56a19-0af2-44dc-8432-ee947d840250,0.9992455035257154,topic_2,95
96,20,77b489b8-07e6-4434-800f-b9f47a459f04,0.9992455034979586,topic_2,95
96,20,2ce2210d-7364-4059-8227-382bf4c9fc9b,0.9992455034979586,topic_2,95
96,20,39147f88-76e8-40fa-997f-21c0f85393d9,0.9992455034702017,topic_2,95
96,20,818cdd39-f7c2-4b58-8a96-2b898d3ef666,0.9992455034702017,topic_2,95
96,20,73d0fd0a-6bc1-43cc-8918-99c6ade6e5a6,0.9992455034424449,topic_2,95
96,20,ce15d8e8-d869-4dce-856d-e04e9d2c31eb,0.9992455034424449,topic_2,95
96,20,c19b363b-fc83-486e-9770-ba7273ab1bee,0.9992455034146881,topic_2,95
96,20,4838fca8-f0de-4299-80e9-95380f9216c0,0.9992455034146881,topic_2,95
96,20,d7b08517-192b-4f68-acd3-938e553ed209,0.9992455033869313,topic_2,95
96,20,d7830530-2bd1-4f54-bca6-5763a0567d7d,0.9992455033869313,topic_2,95
96,20,1ebd6b37-a3bc-44c1-94b0-b7a796461156,0.9992455033591745,topic_2,95
97,21,cd2bb0bc-0f15-4cf7-9555-017948380352,1.0,topic_5,96
97,21,c9413a0f-e1d9-47c7-80a5-b69c9dd2e5a8,0.9992845008972014,topic_2,96
97,21,1925d51d-1970-4157-93c4-45ffc27567c7,0.9992845005918646,topic_2,96
97,21,839b4039-bdba-497e-85f3-d1124b2c4519,0.9992845005641067,topic_2,96
97,21,129b55a3-7b2f-46c2-a133-258da43a528f,0.9992845005641067,topic_2,96
97,21,bef6064b-9c39-4518-ada1-1643dcd93371,0.9992845005363488,topic_2,96
97,21,46448356-b68d-4e17-a20a-08a164f51ffa,0.9992845005363488,topic_2,96
97,21,18d73af8-14bd-4221-9bef-bcd2edcf5831,0.9992845005085909,topic_2,96
97,21,d8b56a19-0af2-44dc-8432-ee947d840250,0.999284500480833,topic_2,96
97,21,77b489b8-07e6-4434-800f-b9f47a459f04,0.999284500453075,topic_2,96
97,21,2ce2210d-7364-4059-8227-382bf4c9fc9b,0.999284500453075,topic_2,96
97,21,39147f88-76e8-40fa-997f-21c0f85393d9,0.9992845004253171,topic_2,96
97,21,818cdd39-f7c2-4b58-8a96-2b898d3ef666,0.9992845004253171,topic_2,96
97,21,73d0fd0a-6bc1-43cc-8918-99c6ade6e5a6,0.9992845003975592,topic_2,96
97,21,ce15d8e8-d869-4dce-856d-e04e9d2c31eb,0.9992845003698013,topic_2,96
97,21,c19b363b-fc83-486e-9770-ba7273ab1bee,0.9992845003698013,topic_2,96
97,21,4838fca8-f0de-4299-80e9-95380f9216c0,0.9992845003420434,topic_2,96
97,21,d7b08517-192b-4f68-acd3-938e553ed209,0.9992845003420434,topic_2,96
97,21,d7830530-2bd1-4f54-bca6-5763a0567d7d,0.9992845003142855,topic_2,96
97,21,1ebd6b37-a3bc-44c1-94b0-b7a796461156,0.9992845003142855,topic_2,96
97,21,ce01fd6e-3502-48c8-a109-7d30ce90f08a,0.9985305022152374,topic_3,96
98,19,b98ee012-675b-4624-ba4c-2e01effc4dee,1.0,topic_5,97
98,19,c9413a0f-e1d9-47c7-80a5-b69c9dd2e5a8,0.9986758637208757,topic_2,97
98,19,1925d51d-1970-4157-93c4-45ffc27567c7,0.9986758634712066,topic_2,97
98,19,839b4039-bdba-497e-85f3-d1124b2c4519,0.9986758634434657,topic_2,97
98,19,129b55a3-7b2f-46c2-a133-258da43a528f,0.9986758634157247,topic_2,97
98,19,bef6064b-9c39-4518-ada1-1643dcd93371,0.9986758634157247,topic_2,97
98,19,46448356-b68d-4e17-a20a-08a164f51ffa,0.9986758633879836,topic_2,97
98,19,18d73af8-14bd-4221-9bef-bcd2edcf5831,0.9986758633879836,topic_2,97
98,19,d8b56a19-0af2-44dc-8432-ee947d840250,0.9986758633602427,topic_2,97
98,19,77b489b8-07e6-4434-800f-b9f47a459f04,0.9986758633602427,topic_2,97
98,19,2ce2210d-7364-4059-8227-382bf4c9fc9b,0.9986758633325017,topic_2,97
98,19,39147f88-76e8-40fa-997f-21c0f85393d9,0.9986758633325017,topic_2,97
98,19,818cdd39-f7c2-4b58-8a96-2b898d3ef666,0.9986758633047607,topic_2,97
98,19,73d0fd0a-6bc1-43cc-8918-99c6ade6e5a6,0.9986758632770197,topic_2,97
98,19,ce15d8e8-d869-4dce-856d-e04e9d2c31eb,0.9986758632770197,topic_2,97
98,19,c19b363b-fc83-486e-9770-ba7273ab1bee,0.9986758632492787,topic_2,97
98,19,4838fca8-f0de-4299-80e9-95380f9216c0,0.9986758632492787,topic_2,97
98,19,d7b08517-192b-4f68-acd3-938e553ed209,0.9986758632215377,topic_2,97
98,19,d7830530-2bd1-4f54-bca6-5763a0567d7d,0.9986758631937968,topic_2,97
99,20,2cd1a4a6-2928-4721-b23b-922e7c4c2afb,1.0,topic_5,98
99,20,c9413a0f-e1d9-47c7-80a5-b69c9dd2e5a8,0.9991475402171301,topic_2,98
99,20,1925d51d-1970-4157-93c4-45ffc27567c7,0.999147539911835,topic_2,98
99,20,839b4039-bdba-497e-85f3-d1124b2c4519,0.9991475398563269,topic_2,98
99,20,129b55a3-7b2f-46c2-a133-258da43a528f,0.9991475398563269,topic_2,98
99,20,bef6064b-9c39-4518-ada1-1643dcd93371,0.9991475398008187,topic_2,98
99,20,46448356-b68d-4e17-a20a-08a164f51ffa,0.9991475397730646,topic_2,98
99,20,18d73af8-14bd-4221-9bef-bcd2edcf5831,0.9991475397453105,topic_2,98
99,20,d8b56a19-0af2-44dc-8432-ee947d840250,0.9991475397175564,topic_2,98
99,20,77b489b8-07e6-4434-800f-b9f47a459f04,0.9991475396898023,topic_2,98
99,20,2ce2210d-7364-4059-8227-382bf4c9fc9b,0.9991475396620482,topic_2,98
99,20,39147f88-76e8-40fa-997f-21c0f85393d9,0.9991475396620482,topic_2,98
99,20,818cdd39-f7c2-4b58-8a96-2b898d3ef666,0.99914753960654,topic_2,98
99,20,73d0fd0a-6bc1-43cc-8918-99c6ade6e5a6,0.9991475395787859,topic_2,98
99,20,ce15d8e8-d869-4dce-856d-e04e9d2c31eb,0.9991475395510317,topic_2,98
99,20,c19b363b-fc83-486e-9770-ba7273ab1bee,0.9991475395232777,topic_2,98
99,20,4838fca8-f0de-4299-80e9-95380f9216c0,0.9991475394955236,topic_2,98
99,20,d7b08517-192b-4f68-acd3-938e553ed209,0.9991475394677695,topic_2,98
99,20,d7830530-2bd1-4f54-bca6-5763a0567d7d,0.9991475394677695,topic_2,98
99,20,1ebd6b37-a3bc-44c1-94b0-b7a796461156,0.9978244780800392,topic_2,98
100,20,858eb5ea-6fa4-4277-ac0d-174cac15236a,1.0,topic_5,99
100,20,c9413a0f-e1d9-47c7-80a5-b69c9dd2e5a8,0.9990463728527637,topic_2,99
100,20,1925d51d-1970-4157-93c4-45ffc27567c7,0.9990463725752508,topic_2,99
100,20,839b4039-bdba-497e-85f3-d1124b2c4519,0.9990463725752508,topic_2,99
100,20,129b55a3-7b2f-46c2-a133-258da43a528f,0.9990463725474995,topic_2,99
100,20,bef6064b-9c39-4518-ada1-1643dcd93371,0.9990463725197483,topic_2,99
100,20,46448356-b68d-4e17-a20a-08a164f51ffa,0.9990463725197483,topic_2,99
100,20,18d73af8-14bd-4221-9bef-bcd2edcf5831,0.9990463724919969,topic_2,99
100,20,d8b56a19-0af2-44dc-8432-ee947d840250,0.9990463724919969,topic_2,99
100,20,77b489b8-07e6-4434-800f-b9f47a459f04,0.9990463724642457,topic_2,99
100,20,2ce2210d-7364-4059-8227-382bf4c9fc9b,0.9990463724642457,topic_2,99
100,20,39147f88-76e8-40fa-997f-21c0f85393d9,0.9990463724364943,topic_2,99
100,20,818cdd39-f7c2-4b58-8a96-2b898d3ef666,0.999046372408743,topic_2,99
100,20,73d0fd0a-6bc1-43cc-8918-99c6ade6e5a6,0.999046372408743,topic_2,99
100,20,ce15d8e8-d869-4dce-856d-e04e9d2c31eb,0.9990463723809918,topic_2,99
100,20,c19b363b-fc83-486e-9770-ba7273ab1bee,0.9990463723809918,topic_2,99
100,20,4838fca8-f0de-4299-80e9-95380f9216c0,0.9990463723532405,topic_2,99
100,20,d7b08517-192b-4f68-acd3-938e553ed209,0.9990463723532405,topic_2,99
100,20,d7830530-2bd1-4f54-bca6-5763a0567d7d,0.9990463723254892,topic_2,99
100,20,1ebd6b37-a3bc-44c1-94b0-b7a796461156,0.9990463723254892,topic_2,99
101,21,940adc8c-2d9c-4e71-9660-d78935388004,1.0,topic_5,100
101,21,c9413a0f-e1d9-47c7-80a5-b69c9dd2e5a8,0.9996017590412123,topic_2,100
101,21,1925d51d-1970-4157-93c4-45ffc27567c7,0.9996017588190785,topic_2,100
101,21,839b4039-bdba-497e-85f3-d1124b2c4519,0.9996017587913119,topic_2,100
101,21,129b55a3-7b2f-46c2-a133-258da43a528f,0.9996017587357784,topic_2,100
101,21,bef6064b-9c39-4518-ada1-1643dcd93371,0.9996017587080117,topic_2,100
101,21,46448356-b68d-4e17-a20a-08a164f51ffa,0.9996017586802449,topic_2,100
101,21,18d73af8-14bd-4221-9bef-bcd2edcf5831,0.9996017586524782,topic_2,100
101,21,d8b56a19-0af2-44dc-8432-ee947d840250,0.9996017586247116,topic_2,100
101,21,77b489b8-07e6-4434-800f-b9f47a459f04,0.9996017585969448,topic_2,100
101,21,2ce2210d-7364-4059-8227-382bf4c9fc9b,0.9996017585691781,topic_2,100
101,21,39147f88-76e8-40fa-997f-21c0f85393d9,0.9996017585414114,topic_2,100
101,21,818cdd39-f7c2-4b58-8a96-2b898d3ef666,0.9996017585136446,topic_2,100
101,21,73d0fd0a-6bc1-43cc-8918-99c6ade6e5a6,0.999601758485878,topic_2,100
101,21,ce15d8e8-d869-4dce-856d-e04e9d2c31eb,0.9996017584581113,topic_2,100
101,21,c19b363b-fc83-486e-9770-ba7273ab1bee,0.9996017584303445,topic_2,100
101,21,4838fca8-f0de-4299-80e9-95380f9216c0,0.9996017584303445,topic_2,100
101,21,d7b08517-192b-4f68-acd3-938e553ed209,0.9996017584025778,topic_2,100
101,21,d7830530-2bd1-4f54-bca6-5763a0567d7d,0.9996017583748111,topic_2,100
101,21,1ebd6b37-a3bc-44c1-94b0-b7a796461156,0.9996017583470443,topic_2,100
101,21,ce01fd6e-3502-48c8-a109-7d30ce90f08a,0.9964758407553049,topic_3,100
102,21,33b6ba67-9c00-459e-8ffa-b5cbc6b8fd38,1.0,topic_5,101
102,21,c9413a0f-e1d9-47c7-80a5-b69c9dd2e5a8,0.9994544380397417,topic_2,101
102,21,1925d51d-1970-4157-93c4-45ffc27567c7,0.9994544377621155,topic_2,101
102,21,839b4039-bdba-497e-85f3-d1124b2c4519,0.9994544377621155,topic_2,101
102,21,129b55a3-7b2f-46c2-a133-258da43a528f,0.9994544377343528,topic_2,101
102,21,bef6064b-9c39-4518-ada1-1643dcd93371,0.9994544377065903,topic_2,101
102,21,46448356-b68d-4e17-a20a-08a164f51ffa,0.9994544377065903,topic_2,101
102,21,18d73af8-14bd-4221-9bef-bcd2edcf5831,0.9994544376788276,topic_2,101
102,21,d8b56a19-0af2-44dc-8432-ee947d840250,0.9994544376788276,topic_2,101
102,21,77b489b8-07e6-4434-800f-b9f47a459f04,0.999454437651065,topic_2,101
102,21,2ce2210d-7364-4059-8227-382bf4c9fc9b,0.999454437651065,topic_2,101
102,21,39147f88-76e8-40fa-997f-21c0f85393d9,0.9994544376233023,topic_2,101
102,21,818cdd39-f7c2-4b58-8a96-2b898d3ef666,0.9994544375955398,topic_2,101
102,21,73d0fd0a-6bc1-43cc-8918-99c6ade6e5a6,0.9994544375955398,topic_2,101
102,21,ce15d8e8-d869-4dce-856d-e04e9d2c31eb,0.9994544375677771,topic_2,101
102,21,c19b363b-fc83-486e-9770-ba7273ab1bee,0.9994544375677771,topic_2,101
102,21,4838fca8-f0de-4299-80e9-95380f9216c0,0.9994544375400145,topic_2,101
102,21,d7b08517-192b-4f68-acd3-938e553ed209,0.9994544375122518,topic_2,101
102,21,d7830530-2bd1-4f54-bca6-5763a0567d7d,0.9994544375122518,topic_2,101
102,21,1ebd6b37-a3bc-44c1-94b0-b7a796461156,0.9994544374844893,topic_2,101
102,21,ce01fd6e-3502-48c8-a109-7d30ce90f08a,0.999454437206863,topic_3,101
103,21,678292ef-956d-4bf2-880b-b968eadde006,1.0,topic_5,102
103,21,c9413a0f-e1d9-47c7-80a5-b69c9dd2e5a8,0.9995004390721329,topic_2,102
103,21,1925d51d-1970-4157-93c4-45ffc27567c7,0.9995004387944939,topic_2,102
103,21,839b4039-bdba-497e-85f3-d1124b2c4519,0.99950043876673,topic_2,102
103,21,129b55a3-7b2f-46c2-a133-258da43a528f,0.99950043876673,topic_2,102
103,21,bef6064b-9c39-4518-ada1-1643dcd93371,0.9995004387389661,topic_2,102
103,21,46448356-b68d-4e17-a20a-08a164f51ffa,0.9995004387112022,topic_2,102
103,21,18d73af8-14bd-4221-9bef-bcd2edcf5831,0.9995004387112022,topic_2,102
103,21,d8b56a19-0af2-44dc-8432-ee947d840250,0.9995004386834383,topic_2,102
103,21,77b489b8-07e6-4434-800f-b9f47a459f04,0.9995004386556744,topic_2,102
103,21,2ce2210d-7364-4059-8227-382bf4c9fc9b,0.9995004386556744,topic_2,102
103,21,39147f88-76e8-40fa-997f-21c0f85393d9,0.9995004386279105,topic_2,102
103,21,818cdd39-f7c2-4b58-8a96-2b898d3ef666,0.9995004386279105,topic_2,102
103,21,73d0fd0a-6bc1-43cc-8918-99c6ade6e5a6,0.9995004386001466,topic_2,102
103,21,ce15d8e8-d869-4dce-856d-e04e9d2c31eb,0.9995004386001466,topic_2,102
103,21,c19b363b-fc83-486e-9770-ba7273ab1bee,0.9995004385723827,topic_2,102
103,21,4838fca8-f0de-4299-80e9-95380f9216c0,0.9995004385446188,topic_2,102
103,21,d7b08517-192b-4f68-acd3-938e553ed209,0.9995004385446188,topic_2,102
103,21,d7830530-2bd1-4f54-bca6-5763a0567d7d,0.9995004385168549,topic_2,102
103,21,1ebd6b37-a3bc-44c1-94b0-b7a796461156,0.999500438489091,topic_2,102
103,21,ce01fd6e-3502-48c8-a109-7d30ce90f08a,0.9995004382392159,topic_3,102
104,21,5ad170c4-ccaf-4ff4-ad0a-816cffd821ed,1.0,topic_5,103
104,21,c9413a0f-e1d9-47c7-80a5-b69c9dd2e5a8,0.9994481484094658,topic_2,103
104,21,1925d51d-1970-4157-93c4-45ffc27567c7,0.9994481481318414,topic_2,103
104,21,839b4039-bdba-497e-85f3-d1124b2c4519,0.9994481481318414,topic_2,103
104,21,129b55a3-7b2f-46c2-a133-258da43a528f,0.9994481481040789,topic_2,103
104,21,bef6064b-9c39-4518-ada1-1643dcd93371,0.9994481480763164,topic_2,103
104,21,46448356-b68d-4e17-a20a-08a164f51ffa,0.9994481480763164,topic_2,103
104,21,18d73af8-14bd-4221-9bef-bcd2edcf5831,0.999448148048554,topic_2,103
104,21,d8b56a19-0af2-44dc-8432-ee947d840250,0.9994481480207915,topic_2,103
104,21,77b489b8-07e6-4434-800f-b9f47a459f04,0.9994481480207915,topic_2,103
104,21,2ce2210d-7364-4059-8227-382bf4c9fc9b,0.9994481479930292,topic_2,103
104,21,39147f88-76e8-40fa-997f-21c0f85393d9,0.9994481479930292,topic_2,103
104,21,818cdd39-f7c2-4b58-8a96-2b898d3ef666,0.9994481479652667,topic_2,103
104,21,73d0fd0a-6bc1-43cc-8918-99c6ade6e5a6,0.9994481479652667,topic_2,103
104,21,ce15d8e8-d869-4dce-856d-e04e9d2c31eb,0.9994481479375042,topic_2,103
104,21,c19b363b-fc83-486e-9770-ba7273ab1bee,0.9994481479375042,topic_2,103
104,21,4838fca8-f0de-4299-80e9-95380f9216c0,0.9994481479097418,topic_2,103
104,21,d7b08517-192b-4f68-acd3-938e553ed209,0.9994481478819793,topic_2,103
104,21,d7830530-2bd1-4f54-bca6-5763a0567d7d,0.9994481478819793,topic_2,103
104,21,1ebd6b37-a3bc-44c1-94b0-b7a796461156,0.9994481478542169,topic_2,103
104,21,ce01fd6e-3502-48c8-a109-7d30ce90f08a,0.9994481476043549,topic_3,103
105,21,df6c07e1-a5cc-40f1-af64-f97a54c8d9a9,1.0,topic_5,104
105,21,c9413a0f-e1d9-47c7-80a5-b69c9dd2e5a8,0.9994340135363559,topic_2,104
105,21,1925d51d-1970-4157-93c4-45ffc27567c7,0.9994340131754492,topic_2,104
105,21,839b4039-bdba-497e-85f3-d1124b2c4519,0.9994340131199251,topic_2,104
105,21,129b55a3-7b2f-46c2-a133-258da43a528f,0.999434013092163,topic_2,104
105,21,bef6064b-9c39-4518-ada1-1643dcd93371,0.999434013092163,topic_2,104
105,21,46448356-b68d-4e17-a20a-08a164f51ffa,0.9994340130644009,topic_2,104
105,21,18d73af8-14bd-4221-9bef-bcd2edcf5831,0.9994340130366389,topic_2,104
105,21,d8b56a19-0af2-44dc-8432-ee947d840250,0.9994340130088768,topic_2,104
105,21,77b489b8-07e6-4434-800f-b9f47a459f04,0.9994340130088768,topic_2,104
105,21,2ce2210d-7364-4059-8227-382bf4c9fc9b,0.9994340129811148,topic_2,104
105,21,39147f88-76e8-40fa-997f-21c0f85393d9,0.9994340129811148,topic_2,104
105,21,818cdd39-f7c2-4b58-8a96-2b898d3ef666,0.9994340129255906,topic_2,104
105,21,73d0fd0a-6bc1-43cc-8918-99c6ade6e5a6,0.9994340129255906,topic_2,104
105,21,ce15d8e8-d869-4dce-856d-e04e9d2c31eb,0.9994340128978286,topic_2,104
105,21,c19b363b-fc83-486e-9770-ba7273ab1bee,0.9994340128978286,topic_2,104
105,21,4838fca8-f0de-4299-80e9-95380f9216c0,0.9994340128700665,topic_2,104
105,21,d7b08517-192b-4f68-acd3-938e553ed209,0.9994340128700665,topic_2,104
105,21,d7830530-2bd1-4f54-bca6-5763a0567d7d,0.9994340128423045,topic_2,104
105,21,1ebd6b37-a3bc-44c1-94b0-b7a796461156,0.9994340128423045,topic_2,104
105,21,ce01fd6e-3502-48c8-a109-7d30ce90f08a,0.9994340125646839,topic_3,104
106,21,08a03a2d-a1c9-4998-91cf-cf7339068f8e,1.0,topic_5,105
106,21,c9413a0f-e1d9-47c7-80a5-b69c9dd2e5a8,0.9994608128858667,topic_2,105
106,21,1925d51d-1970-4157-93c4-45ffc27567c7,0.9994608126360015,topic_2,105
106,21,839b4039-bdba-497e-85f3-d1124b2c4519,0.9994608126082387,topic_2,105
106,21,129b55a3-7b2f-46c2-a133-258da43a528f,0.9994608125804759,topic_2,105
106,21,bef6064b-9c39-4518-ada1-1643dcd93371,0.9994608125804759,topic_2,105
106,21,46448356-b68d-4e17-a20a-08a164f51ffa,0.9994608125527131,topic_2,105
106,21,18d73af8-14bd-4221-9bef-bcd2edcf5831,0.9994608125249503,topic_2,105
106,21,d8b56a19-0af2-44dc-8432-ee947d840250,0.9994608125249503,topic_2,105
106,21,77b489b8-07e6-4434-800f-b9f47a459f04,0.9994608124971875,topic_2,105
106,21,2ce2210d-7364-4059-8227-382bf4c9fc9b,0.9994608124971875,topic_2,105
106,21,39147f88-76e8-40fa-997f-21c0f85393d9,0.9994608124694248,topic_2,105
106,21,818cdd39-f7c2-4b58-8a96-2b898d3ef666,0.9994608124416618,topic_2,105
106,21,73d0fd0a-6bc1-43cc-8918-99c6ade6e5a6,0.9994608124416618,topic_2,105
106,21,ce15d8e8-d869-4dce-856d-e04e9d2c31eb,0.9994608124138991,topic_2,105
106,21,c19b363b-fc83-486e-9770-ba7273ab1bee,0.9994608124138991,topic_2,105
106,21,4838fca8-f0de-4299-80e9-95380f9216c0,0.9994608123861363,topic_2,105
106,21,d7b08517-192b-4f68-acd3-938e553ed209,0.9994608123583735,topic_2,105
106,21,d7830530-2bd1-4f54-bca6-5763a0567d7d,0.9994608123583735,topic_2,105
106,21,1ebd6b37-a3bc-44c1-94b0-b7a796461156,0.9994608123306107,topic_2,105
106,21,ce01fd6e-3502-48c8-a109-7d30ce90f08a,0.9994608120807454,topic_3,105
107,21,81137862-940a-43ed-8dc9-cf1fd068820a,1.0,topic_5,106
107,21,c9413a0f-e1d9-47c7-80a5-b69c9dd2e5a8,0.9993439919341078,topic_2,106
107,21,1925d51d-1970-4157-93c4-45ffc27567c7,0.9993439916287528,topic_2,106
107,21,839b4039-bdba-497e-85f3-d1124b2c4519,0.9993439916009932,topic_2,106
107,21,129b55a3-7b2f-46c2-a133-258da43a528f,0.9993439916009932,topic_2,106
107,21,bef6064b-9c39-4518-ada1-1643dcd93371,0.9993439915732336,topic_2,106
107,21,46448356-b68d-4e17-a20a-08a164f51ffa,0.9993439915732336,topic_2,106
107,21,18d73af8-14bd-4221-9bef-bcd2edcf5831,0.999343991545474,topic_2,106
107,21,d8b56a19-0af2-44dc-8432-ee947d840250,0.9993439915177146,topic_2,106
107,21,77b489b8-07e6-4434-800f-b9f47a459f04,0.9993439915177146,topic_2,106
107,21,2ce2210d-7364-4059-8227-382bf4c9fc9b,0.999343991489955,topic_2,106
107,21,39147f88-76e8-40fa-997f-21c0f85393d9,0.999343991489955,topic_2,106
107,21,818cdd39-f7c2-4b58-8a96-2b898d3ef666,0.9993439914621954,topic_2,106
107,21,73d0fd0a-6bc1-43cc-8918-99c6ade6e5a6,0.9993439914344359,topic_2,106
107,21,ce15d8e8-d869-4dce-856d-e04e9d2c31eb,0.9993439914344359,topic_2,106
107,21,c19b363b-fc83-486e-9770-ba7273ab1bee,0.9993439914066763,topic_2,106
107,21,4838fca8-f0de-4299-80e9-95380f9216c0,0.9993439914066763,topic_2,106
107,21,d7b08517-192b-4f68-acd3-938e553ed209,0.9993439913789167,topic_2,106
107,21,d7830530-2bd1-4f54-bca6-5763a0567d7d,0.9993439913511571,topic_2,106
107,21,1ebd6b37-a3bc-44c1-94b0-b7a796461156,0.9993439913511571,topic_2,106
107,21,ce01fd6e-3502-48c8-a109-7d30ce90f08a,0.9993439911013212,topic_3,106
108,21,33ebb379-e731-42f9-bbed-a175392e2c57,1.0,topic_5,107
108,21,c9413a0f-e1d9-47c7-80a5-b69c9dd2e5a8,0.9993913046913108,topic_2,107
108,21,1925d51d-1970-4157-93c4-45ffc27567c7,0.9993913044692238,topic_2,107
108,21,839b4039-bdba-497e-85f3-d1124b2c4519,0.999391304441463,topic_2,107
108,21,129b55a3-7b2f-46c2-a133-258da43a528f,0.999391304413702,topic_2,107
108,21,bef6064b-9c39-4518-ada1-1643dcd93371,0.999391304413702,topic_2,107
108,21,46448356-b68d-4e17-a20a-08a164f51ffa,0.9993913043859411,topic_2,107
108,21,18d73af8-14bd-4221-9bef-bcd2edcf5831,0.9993913043581804,topic_2,107
108,21,d8b56a19-0af2-44dc-8432-ee947d840250,0.9993913043581804,topic_2,107
108,21,77b489b8-07e6-4434-800f-b9f47a459f04,0.9993913043304194,topic_2,107
108,21,2ce2210d-7364-4059-8227-382bf4c9fc9b,0.9993913043304194,topic_2,107
108,21,39147f88-76e8-40fa-997f-21c0f85393d9,0.9993913043026585,topic_2,107
108,21,818cdd39-f7c2-4b58-8a96-2b898d3ef666,0.9993913042748978,topic_2,107
108,21,73d0fd0a-6bc1-43cc-8918-99c6ade6e5a6,0.9993913042748978,topic_2,107
108,21,ce15d8e8-d869-4dce-856d-e04e9d2c31eb,0.9993913042471368,topic_2,107
108,21,c19b363b-fc83-486e-9770-ba7273ab1bee,0.9993913042471368,topic_2,107
108,21,4838fca8-f0de-4299-80e9-95380f9216c0,0.9993913042193759,topic_2,107
108,21,d7b08517-192b-4f68-acd3-938e553ed209,0.9993913041916151,topic_2,107
108,21,d7830530-2bd1-4f54-bca6-5763a0567d7d,0.9993913041916151,topic_2,107
108,21,1ebd6b37-a3bc-44c1-94b0-b7a796461156,0.9993913041638542,topic_2,107
108,21,ce01fd6e-3502-48c8-a109-7d30ce90f08a,0.9993913038862455,topic_3,107
109,21,342b496d-0c2e-482a-93d2-fe4bc7e5cf94,1.0,topic_5,108
109,21,c9413a0f-e1d9-47c7-80a5-b69c9dd2e5a8,0.9994936260006106,topic_2,108
109,21,1925d51d-1970-4157-93c4-45ffc27567c7,0.9994936257507372,topic_2,108
109,21,839b4039-bdba-497e-85f3-d1124b2c4519,0.9994936257229735,topic_2,108
109,21,129b55a3-7b2f-46c2-a133-258da43a528f,0.9994936256952098,topic_2,108
109,21,bef6064b-9c39-4518-ada1-1643dcd93371,0.9994936256952098,topic_2,108
109,21,46448356-b68d-4e17-a20a-08a164f51ffa,0.9994936256674462,topic_2,108
109,21,18d73af8-14bd-4221-9bef-bcd2edcf5831,0.9994936256674462,topic_2,108
109,21,d8b56a19-0af2-44dc-8432-ee947d840250,0.9994936256396824,topic_2,108
109,21,77b489b8-07e6-4434-800f-b9f47a459f04,0.9994936256119187,topic_2,108
109,21,2ce2210d-7364-4059-8227-382bf4c9fc9b,0.9994936256119187,topic_2,108
109,21,39147f88-76e8-40fa-997f-21c0f85393d9,0.999493625584155,topic_2,108
109,21,818cdd39-f7c2-4b58-8a96-2b898d3ef666,0.999493625584155,topic_2,108
109,21,73d0fd0a-6bc1-43cc-8918-99c6ade6e5a6,0.9994936255563912,topic_2,108
109,21,ce15d8e8-d869-4dce-856d-e04e9d2c31eb,0.9994936255563912,topic_2,108
109,21,c19b363b-fc83-486e-9770-ba7273ab1bee,0.9994936255286275,topic_2,108
109,21,4838fca8-f0de-4299-80e9-95380f9216c0,0.9994936255008638,topic_2,108
109,21,d7b08517-192b-4f68-acd3-938e553ed209,0.9994936255008638,topic_2,108
109,21,d7830530-2bd1-4f54-bca6-5763a0567d7d,0.9994936254731002,topic_2,108
109,21,1ebd6b37-a3bc-44c1-94b0-b7a796461156,0.9994936254731002,topic_2,108
109,21,ce01fd6e-3502-48c8-a109-7d30ce90f08a,0.9994936252232267,topic_3,108
110,21,fb101cb6-b34e-4619-9f52-3c79486dbefa,1.0,topic_5,109
110,21,c9413a0f-e1d9-47c7-80a5-b69c9dd2e5a8,0.999340730052882,topic_2,109
110,21,1925d51d-1970-4157-93c4-45ffc27567c7,0.9993407297197685,topic_2,109
110,21,839b4039-bdba-497e-85f3-d1124b2c4519,0.999340729692009,topic_2,109
110,21,129b55a3-7b2f-46c2-a133-258da43a528f,0.9993407296642496,topic_2,109
110,21,bef6064b-9c39-4518-ada1-1643dcd93371,0.9993407296087307,topic_2,109
110,21,46448356-b68d-4e17-a20a-08a164f51ffa,0.9993407295254523,topic_2,109
110,21,18d73af8-14bd-4221-9bef-bcd2edcf5831,0.9993407294699334,topic_2,109
110,21,d8b56a19-0af2-44dc-8432-ee947d840250,0.9993407294421739,topic_2,109
110,21,77b489b8-07e6-4434-800f-b9f47a459f04,0.9993407294144144,topic_2,109
110,21,2ce2210d-7364-4059-8227-382bf4c9fc9b,0.999340729386655,topic_2,109
110,21,39147f88-76e8-40fa-997f-21c0f85393d9,0.9993407293588954,topic_2,109
110,21,818cdd39-f7c2-4b58-8a96-2b898d3ef666,0.9993407293311359,topic_2,109
110,21,73d0fd0a-6bc1-43cc-8918-99c6ade6e5a6,0.9993407293033765,topic_2,109
110,21,ce15d8e8-d869-4dce-856d-e04e9d2c31eb,0.999340729275617,topic_2,109
110,21,c19b363b-fc83-486e-9770-ba7273ab1bee,0.9993407292478576,topic_2,109
110,21,4838fca8-f0de-4299-80e9-95380f9216c0,0.9993407292200981,topic_2,109
110,21,d7b08517-192b-4f68-acd3-938e553ed209,0.9993407292200981,topic_2,109
110,21,d7830530-2bd1-4f54-bca6-5763a0567d7d,0.9993407291923386,topic_2,109
110,21,1ebd6b37-a3bc-44c1-94b0-b7a796461156,0.9993407291645792,topic_2,109
110,21,ce01fd6e-3502-48c8-a109-7d30ce90f08a,0.9993407286371494,topic_3,109
111,21,9870b8fe-a9fb-4771-bd03-6d2a650557e8,1.0,topic_5,110
111,21,c9413a0f-e1d9-47c7-80a5-b69c9dd2e5a8,0.9995015109814008,topic_2,110
111,21,1925d51d-1970-4157-93c4-45ffc27567c7,0.9995015107315254,topic_2,110
111,21,839b4039-bdba-497e-85f3-d1124b2c4519,0.9995015107037615,topic_2,110
111,21,129b55a3-7b2f-46c2-a133-258da43a528f,0.9995015107037615,topic_2,110
111,21,bef6064b-9c39-4518-ada1-1643dcd93371,0.9995015106759976,topic_2,110
111,21,46448356-b68d-4e17-a20a-08a164f51ffa,0.9995015106759976,topic_2,110
111,21,18d73af8-14bd-4221-9bef-bcd2edcf5831,0.9995015106482336,topic_2,110
111,21,d8b56a19-0af2-44dc-8432-ee947d840250,0.9995015106204697,topic_2,110
111,21,77b489b8-07e6-4434-800f-b9f47a459f04,0.9995015106204697,topic_2,110
111,21,2ce2210d-7364-4059-8227-382bf4c9fc9b,0.9995015105927058,topic_2,110
111,21,39147f88-76e8-40fa-997f-21c0f85393d9,0.9995015105927058,topic_2,110
111,21,818cdd39-f7c2-4b58-8a96-2b898d3ef666,0.9995015105649419,topic_2,110
111,21,73d0fd0a-6bc1-43cc-8918-99c6ade6e5a6,0.9995015105371778,topic_2,110
111,21,ce15d8e8-d869-4dce-856d-e04e9d2c31eb,0.9995015105371778,topic_2,110
111,21,c19b363b-fc83-486e-9770-ba7273ab1bee,0.9995015105094139,topic_2,110
111,21,4838fca8-f0de-4299-80e9-95380f9216c0,0.9995015105094139,topic_2,110
111,21,d7b08517-192b-4f68-acd3-938e553ed209,0.99950151048165,topic_2,110
111,21,d7830530-2bd1-4f54-bca6-5763a0567d7d,0.99950151048165,topic_2,110
111,21,1ebd6b37-a3bc-44c1-94b0-b7a796461156,0.9995015104538861,topic_2,110
111,21,ce01fd6e-3502-48c8-a109-7d30ce90f08a,0.9995015102040107,topic_3,110
112,20,5197d990-4982-44de-b094-c01d77560943,1.0,topic_5,111
112,20,c9413a0f-e1d9-47c7-80a5-b69c9dd2e5a8,0.9991776616667588,topic_2,111
112,20,1925d51d-1970-4157-93c4-45ffc27567c7,0.9991776613892094,topic_2,111
112,20,839b4039-bdba-497e-85f3-d1124b2c4519,0.9991776613614545,topic_2,111
112,20,129b55a3-7b2f-46c2-a133-258da43a528f,0.9991776613336996,topic_2,111
112,20,bef6064b-9c39-4518-ada1-1643dcd93371,0.9991776613059447,topic_2,111
112,20,46448356-b68d-4e17-a20a-08a164f51ffa,0.9991776612781897,topic_2,111
112,20,18d73af8-14bd-4221-9bef-bcd2edcf5831,0.9991776612504347,topic_2,111
112,20,d8b56a19-0af2-44dc-8432-ee947d840250,0.9991776612504347,topic_2,111
112,20,77b489b8-07e6-4434-800f-b9f47a459f04,0.9991776612226798,topic_2,111
112,20,2ce2210d-7364-4059-8227-382bf4c9fc9b,0.9991776611949249,topic_2,111
112,20,39147f88-76e8-40fa-997f-21c0f85393d9,0.99917766116717,topic_2,111
112,20,818cdd39-f7c2-4b58-8a96-2b898d3ef666,0.999177661139415,topic_2,111
112,20,73d0fd0a-6bc1-43cc-8918-99c6ade6e5a6,0.9991776611116601,topic_2,111
112,20,ce15d8e8-d869-4dce-856d-e04e9d2c31eb,0.9991776610839052,topic_2,111
112,20,c19b363b-fc83-486e-9770-ba7273ab1bee,0.9991776610561502,topic_2,111
112,20,4838fca8-f0de-4299-80e9-95380f9216c0,0.9991776610561502,topic_2,111
112,20,d7b08517-192b-4f68-acd3-938e553ed209,0.9991776610283953,topic_2,111
112,20,d7830530-2bd1-4f54-bca6-5763a0567d7d,0.9991776610006403,topic_2,111
112,20,1ebd6b37-a3bc-44c1-94b0-b7a796461156,0.9991776609728854,topic_2,111
113,21,fe84e231-07c1-4175-9a1e-0a10371db6fd,1.0,topic_2,112
113,21,c9413a0f-e1d9-47c7-80a5-b69c9dd2e5a8,0.9998189616671949,topic_2,112
113,21,1925d51d-1970-4157-93c4-45ffc27567c7,0.9998189613894674,topic_2,112
113,21,839b4039-bdba-497e-85f3-d1124b2c4519,0.9998189613616946,topic_2,112
113,21,129b55a3-7b2f-46c2-a133-258da43a528f,0.9998189613616946,topic_2,112
113,21,bef6064b-9c39-4518-ada1-1643dcd93371,0.9998189613339219,topic_2,112
113,21,46448356-b68d-4e17-a20a-08a164f51ffa,0.9998189613061491,topic_2,112
113,21,18d73af8-14bd-4221-9bef-bcd2edcf5831,0.9998189612783763,topic_2,112
113,21,d8b56a19-0af2-44dc-8432-ee947d840250,0.9998189612506037,topic_2,112
113,21,77b489b8-07e6-4434-800f-b9f47a459f04,0.9998189612228309,topic_2,112
113,21,2ce2210d-7364-4059-8227-382bf4c9fc9b,0.9998189611950581,topic_2,112
113,21,39147f88-76e8-40fa-997f-21c0f85393d9,0.9998189611672854,topic_2,112
113,21,818cdd39-f7c2-4b58-8a96-2b898d3ef666,0.9998189611395126,topic_2,112
113,21,73d0fd0a-6bc1-43cc-8918-99c6ade6e5a6,0.9998189611395126,topic_2,112
113,21,ce15d8e8-d869-4dce-856d-e04e9d2c31eb,0.9998189611117398,topic_2,112
113,21,c19b363b-fc83-486e-9770-ba7273ab1bee,0.9998189610839672,topic_2,112
113,21,4838fca8-f0de-4299-80e9-95380f9216c0,0.9998189610561944,topic_2,112
113,21,d7b08517-192b-4f68-acd3-938e553ed209,0.9998189610284216,topic_2,112
113,21,d7830530-2bd1-4f54-bca6-5763a0567d7d,0.9998189610284216,topic_2,112
113,21,1ebd6b37-a3bc-44c1-94b0-b7a796461156,0.9998189610006489,topic_2,112
113,21,5197d990-4982-44de-b094-c01d77560943,0.9998189586955107,topic_5,112
114,22,da4d8d06-ab22-45ef-a653-a191e726eddb,1.0,topic_2,113
114,22,c9413a0f-e1d9-47c7-80a5-b69c9dd2e5a8,0.9998186858560633,topic_2,113
114,22,1925d51d-1970-4157-93c4-45ffc27567c7,0.9998186856061085,topic_2,113
114,22,839b4039-bdba-497e-85f3-d1124b2c4519,0.9998186855783359,topic_2,113
114,22,129b55a3-7b2f-46c2-a133-258da43a528f,0.9998186855505631,topic_2,113
114,22,bef6064b-9c39-4518-ada1-1643dcd93371,0.9998186855227903,topic_2,113
114,22,46448356-b68d-4e17-a20a-08a164f51ffa,0.9998186854950176,topic_2,113
114,22,18d73af8-14bd-4221-9bef-bcd2edcf5831,0.9998186854672448,topic_2,113
114,22,d8b56a19-0af2-44dc-8432-ee947d840250,0.999818685439472,topic_2,113
114,22,77b489b8-07e6-4434-800f-b9f47a459f04,0.9998186854116994,topic_2,113
114,22,2ce2210d-7364-4059-8227-382bf4c9fc9b,0.9998186854116994,topic_2,113
114,22,39147f88-76e8-40fa-997f-21c0f85393d9,0.9998186853839266,topic_2,113
114,22,818cdd39-f7c2-4b58-8a96-2b898d3ef666,0.9998186853283811,topic_2,113
114,22,73d0fd0a-6bc1-43cc-8918-99c6ade6e5a6,0.9998186853283811,topic_2,113
114,22,ce15d8e8-d869-4dce-856d-e04e9d2c31eb,0.9998186853006084,topic_2,113
114,22,c19b363b-fc83-486e-9770-ba7273ab1bee,0.9998186852728357,topic_2,113
114,22,4838fca8-f0de-4299-80e9-95380f9216c0,0.9998186852450629,topic_2,113
114,22,d7b08517-192b-4f68-acd3-938e553ed209,0.9998186852172902,topic_2,113
114,22,d7830530-2bd1-4f54-bca6-5763a0567d7d,0.9998186851895174,topic_2,113
114,22,1ebd6b37-a3bc-44c1-94b0-b7a796461156,0.9998186851895174,topic_2,113
114,22,5197d990-4982-44de-b094-c01d77560943,0.9998186829121527,topic_5,113
114,22,fe84e231-07c1-4175-9a1e-0a10371db6fd,0.9998186828843799,topic_2,113
115,23,c53f82a3-baaa-4dd8-87ee-47e05e1b5160,1.0,topic_6,114
115,23,c9413a0f-e1d9-47c7-80a5-b69c9dd2e5a8,0.9998044969187742,topic_2,114
115,23,1925d51d-1970-4157-93c4-45ffc27567c7,0.9998044966410506,topic_2,114
115,23,839b4039-bdba-497e-85f3-d1124b2c4519,0.999804496585506,topic_2,114
115,23,129b55a3-7b2f-46c2-a133-258da43a528f,0.9998044965577336,topic_2,114
115,23,bef6064b-9c39-4518-ada1-1643dcd93371,0.9998044965299613,topic_2,114
115,23,46448356-b68d-4e17-a20a-08a164f51ffa,0.9998044965021889,topic_2,114
115,23,18d73af8-14bd-4221-9bef-bcd2edcf5831,0.9998044964744166,topic_2,114
115,23,d8b56a19-0af2-44dc-8432-ee947d840250,0.9998044964466442,topic_2,114
115,23,77b489b8-07e6-4434-800f-b9f47a459f04,0.9998044964188718,topic_2,114
115,23,2ce2210d-7364-4059-8227-382bf4c9fc9b,0.9998044963910995,topic_2,114
115,23,39147f88-76e8-40fa-997f-21c0f85393d9,0.9998044963633271,topic_2,114
115,23,818cdd39-f7c2-4b58-8a96-2b898d3ef666,0.9998044963355548,topic_2,114
115,23,73d0fd0a-6bc1-43cc-8918-99c6ade6e5a6,0.9998044963077825,topic_2,114
115,23,ce15d8e8-d869-4dce-856d-e04e9d2c31eb,0.9998044962800101,topic_2,114
115,23,c19b363b-fc83-486e-9770-ba7273ab1bee,0.9998044962522378,topic_2,114
115,23,4838fca8-f0de-4299-80e9-95380f9216c0,0.9998044962244654,topic_2,114
115,23,d7b08517-192b-4f68-acd3-938e553ed209,0.9998044962244654,topic_2,114
115,23,d7830530-2bd1-4f54-bca6-5763a0567d7d,0.9998044961689208,topic_2,114
115,23,1ebd6b37-a3bc-44c1-94b0-b7a796461156,0.9998044961411484,topic_2,114
115,23,5197d990-4982-44de-b094-c01d77560943,0.9998044937804988,topic_5,114
115,23,fe84e231-07c1-4175-9a1e-0a10371db6fd,0.9998044937527265,topic_2,114
115,23,da4d8d06-ab22-45ef-a653-a191e726eddb,0.9998044937249542,topic_2,114
116,22,469448d4-8638-42d9-a408-8a64362e87bd,1.0,topic_3,115
116,22,c9413a0f-e1d9-47c7-80a5-b69c9dd2e5a8,0.9997529625743267,topic_2,115
116,22,1925d51d-1970-4157-93c4-45ffc27567c7,0.9997529622688466,topic_2,115
116,22,839b4039-bdba-497e-85f3-d1124b2c4519,0.9997529622410757,topic_2,115
116,22,129b55a3-7b2f-46c2-a133-258da43a528f,0.9997529622133048,topic_2,115
116,22,bef6064b-9c39-4518-ada1-1643dcd93371,0.9997529621855339,topic_2,115
116,22,46448356-b68d-4e17-a20a-08a164f51ffa,0.999752962157763,topic_2,115
116,22,18d73af8-14bd-4221-9bef-bcd2edcf5831,0.999752962129992,topic_2,115
116,22,d8b56a19-0af2-44dc-8432-ee947d840250,0.9997529621022211,topic_2,115
116,22,77b489b8-07e6-4434-800f-b9f47a459f04,0.9997529620744502,topic_2,115
116,22,2ce2210d-7364-4059-8227-382bf4c9fc9b,0.9997529620466793,topic_2,115
116,22,39147f88-76e8-40fa-997f-21c0f85393d9,0.9997529620189084,topic_2,115
116,22,818cdd39-f7c2-4b58-8a96-2b898d3ef666,0.9997529619911375,topic_2,115
116,22,73d0fd0a-6bc1-43cc-8918-99c6ade6e5a6,0.9997529619911375,topic_2,115
116,22,ce15d8e8-d869-4dce-856d-e04e9d2c31eb,0.9997529619633665,topic_2,115
116,22,c19b363b-fc83-486e-9770-ba7273ab1bee,0.9997529619355956,topic_2,115
116,22,4838fca8-f0de-4299-80e9-95380f9216c0,0.9997529619078247,topic_2,115
116,22,d7b08517-192b-4f68-acd3-938e553ed209,0.9997529618800538,topic_2,115
116,22,d7830530-2bd1-4f54-bca6-5763a0567d7d,0.9997529618800538,topic_2,115
116,22,1ebd6b37-a3bc-44c1-94b0-b7a796461156,0.9997529618522829,topic_2,115
116,22,5197d990-4982-44de-b094-c01d77560943,0.9997529596028387,topic_5,115
116,22,fe84e231-07c1-4175-9a1e-0a10371db6fd,0.9997529595750678,topic_2,115
117,25,a30461dc-ba31-4ae0-83c8-2d40dff600e6,1.0,topic_3,116
117,25,c9413a0f-e1d9-47c7-80a5-b69c9dd2e5a8,0.9996628210520471,topic_2,116
117,25,1925d51d-1970-4157-93c4-45ffc27567c7,0.9996628208021313,topic_2,116
117,25,839b4039-bdba-497e-85f3-d1124b2c4519,0.999662820774363,topic_2,116
117,25,129b55a3-7b2f-46c2-a133-258da43a528f,0.9996628207465945,topic_2,116
117,25,bef6064b-9c39-4518-ada1-1643dcd93371,0.9996628207188262,topic_2,116
117,25,46448356-b68d-4e17-a20a-08a164f51ffa,0.9996628206910577,topic_2,116
117,25,18d73af8-14bd-4221-9bef-bcd2edcf5831,0.9996628206632893,topic_2,116
117,25,d8b56a19-0af2-44dc-8432-ee947d840250,0.9996628206355209,topic_2,116
117,25,77b489b8-07e6-4434-800f-b9f47a459f04,0.9996628206355209,topic_2,116
117,25,2ce2210d-7364-4059-8227-382bf4c9fc9b,0.999662820579984,topic_2,116
117,25,39147f88-76e8-40fa-997f-21c0f85393d9,0.999662820579984,topic_2,116
117,25,818cdd39-f7c2-4b58-8a96-2b898d3ef666,0.9996628205522157,topic_2,116
117,25,73d0fd0a-6bc1-43cc-8918-99c6ade6e5a6,0.9996628205244472,topic_2,116
117,25,ce15d8e8-d869-4dce-856d-e04e9d2c31eb,0.9996628204966789,topic_2,116
117,25,c19b363b-fc83-486e-9770-ba7273ab1bee,0.9996628204689104,topic_2,116
117,25,4838fca8-f0de-4299-80e9-95380f9216c0,0.999662820441142,topic_2,116
117,25,d7b08517-192b-4f68-acd3-938e553ed209,0.9996628204133736,topic_2,116
117,25,d7830530-2bd1-4f54-bca6-5763a0567d7d,0.9996628204133736,topic_2,116
117,25,1ebd6b37-a3bc-44c1-94b0-b7a796461156,0.9996628203856052,topic_2,116
117,25,fe84e231-07c1-4175-9a1e-0a10371db6fd,0.9996628181363638,topic_2,116
117,25,469448d4-8638-42d9-a408-8a64362e87bd,0.999662818080827,topic_3,116
117,25,da4d8d06-ab22-45ef-a653-a191e726eddb,0.9994158015715021,topic_2,116
117,25,c53f82a3-baaa-4dd8-87ee-47e05e1b5160,0.9994158015437405,topic_6,116
117,25,ce01fd6e-3502-48c8-a109-7d30ce90f08a,0.9980367482048835,topic_3,116
118,24,9c7ef517-b90d-41e9-8aa4-4538a0ed11e6,1.0,topic_3,117
118,24,c9413a0f-e1d9-47c7-80a5-b69c9dd2e5a8,0.9995729554317218,topic_2,117
118,24,1925d51d-1970-4157-93c4-45ffc27567c7,0.9995729551818285,topic_2,117
118,24,839b4039-bdba-497e-85f3-d1124b2c4519,0.9995729551540626,topic_2,117
118,24,129b55a3-7b2f-46c2-a133-258da43a528f,0.9995729551262967,topic_2,117
118,24,bef6064b-9c39-4518-ada1-1643dcd93371,0.9995729551262967,topic_2,117
118,24,46448356-b68d-4e17-a20a-08a164f51ffa,0.9995729550707649,topic_2,117
118,24,18d73af8-14bd-4221-9bef-bcd2edcf5831,0.9995729550707649,topic_2,117
118,24,d8b56a19-0af2-44dc-8432-ee947d840250,0.999572955042999,topic_2,117
118,24,77b489b8-07e6-4434-800f-b9f47a459f04,0.999572955042999,topic_2,117
118,24,2ce2210d-7364-4059-8227-382bf4c9fc9b,0.999572955015233,topic_2,117
118,24,39147f88-76e8-40fa-997f-21c0f85393d9,0.9995729549874671,topic_2,117
118,24,818cdd39-f7c2-4b58-8a96-2b898d3ef666,0.9995729549597012,topic_2,117
118,24,73d0fd0a-6bc1-43cc-8918-99c6ade6e5a6,0.9995729549597012,topic_2,117
118,24,ce15d8e8-d869-4dce-856d-e04e9d2c31eb,0.9995729549319353,topic_2,117
118,24,c19b363b-fc83-486e-9770-ba7273ab1bee,0.9995729549319353,topic_2,117
118,24,4838fca8-f0de-4299-80e9-95380f9216c0,0.9995729549041694,topic_2,117
118,24,d7b08517-192b-4f68-acd3-938e553ed209,0.9995729549041694,topic_2,117
118,24,d7830530-2bd1-4f54-bca6-5763a0567d7d,0.9995729548764035,topic_2,117
118,24,1ebd6b37-a3bc-44c1-94b0-b7a796461156,0.9995729548764035,topic_2,117
118,24,ce01fd6e-3502-48c8-a109-7d30ce90f08a,0.9995729545987444,topic_3,117
118,24,fe84e231-07c1-4175-9a1e-0a10371db6fd,0.9995729532659804,topic_2,117
118,24,da4d8d06-ab22-45ef-a653-a191e726eddb,0.9995729532382145,topic_2,117
118,24,c53f82a3-baaa-4dd8-87ee-47e05e1b5160,0.9995729532382145,topic_6,117
119,25,2f3c6f68-317e-43c8-a5c4-5ec5b794e97e,1.0,topic_5,118
119,25,c9413a0f-e1d9-47c7-80a5-b69c9dd2e5a8,0.9997606299591364,topic_2,118
119,25,1925d51d-1970-4157-93c4-45ffc27567c7,0.9997606296814251,topic_2,118
119,25,839b4039-bdba-497e-85f3-d1124b2c4519,0.999760629653654,topic_2,118
119,25,129b55a3-7b2f-46c2-a133-258da43a528f,0.9997606296258829,topic_2,118
119,25,bef6064b-9c39-4518-ada1-1643dcd93371,0.9997606295981117,topic_2,118
119,25,46448356-b68d-4e17-a20a-08a164f51ffa,0.9997606295703406,topic_2,118
119,25,18d73af8-14bd-4221-9bef-bcd2edcf5831,0.9997606295425695,topic_2,118
119,25,d8b56a19-0af2-44dc-8432-ee947d840250,0.9997606295147984,topic_2,118
119,25,77b489b8-07e6-4434-800f-b9f47a459f04,0.9997606294870273,topic_2,118
119,25,2ce2210d-7364-4059-8227-382bf4c9fc9b,0.9997606294592561,topic_2,118
119,25,39147f88-76e8-40fa-997f-21c0f85393d9,0.9997606294592561,topic_2,118
119,25,818cdd39-f7c2-4b58-8a96-2b898d3ef666,0.999760629431485,topic_2,118
119,25,73d0fd0a-6bc1-43cc-8918-99c6ade6e5a6,0.9997606294037138,topic_2,118
119,25,ce15d8e8-d869-4dce-856d-e04e9d2c31eb,0.9997606293759427,topic_2,118
119,25,c19b363b-fc83-486e-9770-ba7273ab1bee,0.9997606293481716,topic_2,118
119,25,4838fca8-f0de-4299-80e9-95380f9216c0,0.9997606293204004,topic_2,118
119,25,d7b08517-192b-4f68-acd3-938e553ed209,0.9997606292926293,topic_2,118
119,25,d7830530-2bd1-4f54-bca6-5763a0567d7d,0.9997606292926293,topic_2,118
119,25,1ebd6b37-a3bc-44c1-94b0-b7a796461156,0.9997606292648582,topic_2,118
119,25,ce01fd6e-3502-48c8-a109-7d30ce90f08a,0.9997606288760624,topic_3,118
119,25,fe84e231-07c1-4175-9a1e-0a10371db6fd,0.99976062684877,topic_2,118
119,25,da4d8d06-ab22-45ef-a653-a191e726eddb,0.9997606268209989,topic_2,118
119,25,c53f82a3-baaa-4dd8-87ee-47e05e1b5160,0.9997606267932277,topic_6,118
119,25,469448d4-8638-42d9-a408-8a64362e87bd,0.9993336412267964,topic_3,118
120,25,74191bb7-dc5b-48a8-b600-f3f17dc2af99,1.0,topic_5,119
120,25,c9413a0f-e1d9-47c7-80a5-b69c9dd2e5a8,0.9997168008584495,topic_2,119
120,25,1925d51d-1970-4157-93c4-45ffc27567c7,0.9997168005807504,topic_2,119
120,25,839b4039-bdba-497e-85f3-d1124b2c4519,0.9997168005529805,topic_2,119
120,25,129b55a3-7b2f-46c2-a133-258da43a528f,0.9997168005252106,topic_2,119
120,25,bef6064b-9c39-4518-ada1-1643dcd93371,0.9997168004974407,topic_2,119
120,25,46448356-b68d-4e17-a20a-08a164f51ffa,0.9997168004974407,topic_2,119
120,25,18d73af8-14bd-4221-9bef-bcd2edcf5831,0.9997168004419008,topic_2,119
120,25,d8b56a19-0af2-44dc-8432-ee947d840250,0.9997168004141309,topic_2,119
120,25,77b489b8-07e6-4434-800f-b9f47a459f04,0.9997168004141309,topic_2,119
120,25,2ce2210d-7364-4059-8227-382bf4c9fc9b,0.999716800386361,topic_2,119
120,25,39147f88-76e8-40fa-997f-21c0f85393d9,0.9997168003585911,topic_2,119
120,25,818cdd39-f7c2-4b58-8a96-2b898d3ef666,0.9997168003308212,topic_2,119
120,25,73d0fd0a-6bc1-43cc-8918-99c6ade6e5a6,0.9997168003030513,topic_2,119
120,25,ce15d8e8-d869-4dce-856d-e04e9d2c31eb,0.9997168002752814,topic_2,119
120,25,c19b363b-fc83-486e-9770-ba7273ab1bee,0.9997168002475115,topic_2,119
120,25,4838fca8-f0de-4299-80e9-95380f9216c0,0.9997168002197415,topic_2,119
120,25,d7b08517-192b-4f68-acd3-938e553ed209,0.9997168002197415,topic_2,119
120,25,d7830530-2bd1-4f54-bca6-5763a0567d7d,0.9997168001919716,topic_2,119
120,25,1ebd6b37-a3bc-44c1-94b0-b7a796461156,0.9997168001642017,topic_2,119
120,25,ce01fd6e-3502-48c8-a109-7d30ce90f08a,0.9997167997754229,topic_3,119
120,25,fe84e231-07c1-4175-9a1e-0a10371db6fd,0.999716797887069,topic_2,119
120,25,da4d8d06-ab22-45ef-a653-a191e726eddb,0.9997167978592991,topic_2,119
120,25,c53f82a3-baaa-4dd8-87ee-47e05e1b5160,0.9997167978592991,topic_6,119
120,25,469448d4-8638-42d9-a408-8a64362e87bd,0.9997167978315292,topic_3,119
121,25,708707fd-8f4d-47e5-a4f1-ae0942d7a945,1.0,topic_4,120
121,25,c9413a0f-e1d9-47c7-80a5-b69c9dd2e5a8,0.9996260188372841,topic_2,120
121,25,1925d51d-1970-4157-93c4-45ffc27567c7,0.9996260185873775,topic_2,120
121,25,839b4039-bdba-497e-85f3-d1124b2c4519,0.9996260185596102,topic_2,120
121,25,129b55a3-7b2f-46c2-a133-258da43a528f,0.9996260185318427,topic_2,120
121,25,bef6064b-9c39-4518-ada1-1643dcd93371,0.9996260185318427,topic_2,120
121,25,46448356-b68d-4e17-a20a-08a164f51ffa,0.9996260185040754,topic_2,120
121,25,18d73af8-14bd-4221-9bef-bcd2edcf5831,0.9996260184763079,topic_2,120
121,25,d8b56a19-0af2-44dc-8432-ee947d840250,0.9996260184763079,topic_2,120
121,25,77b489b8-07e6-4434-800f-b9f47a459f04,0.9996260184485406,topic_2,120
121,25,2ce2210d-7364-4059-8227-382bf4c9fc9b,0.9996260184485406,topic_2,120
121,25,39147f88-76e8-40fa-997f-21c0f85393d9,0.9996260184207733,topic_2,120
121,25,818cdd39-f7c2-4b58-8a96-2b898d3ef666,0.9996260183930058,topic_2,120
121,25,73d0fd0a-6bc1-43cc-8918-99c6ade6e5a6,0.9996260183930058,topic_2,120
121,25,ce15d8e8-d869-4dce-856d-e04e9d2c31eb,0.9996260183652385,topic_2,120
121,25,c19b363b-fc83-486e-9770-ba7273ab1bee,0.999626018337471,topic_2,120
121,25,4838fca8-f0de-4299-80e9-95380f9216c0,0.9996260183097037,topic_2,120
121,25,d7b08517-192b-4f68-acd3-938e553ed209,0.9996260183097037,topic_2,120
121,25,d7830530-2bd1-4f54-bca6-5763a0567d7d,0.9996260182819363,topic_2,120
121,25,1ebd6b37-a3bc-44c1-94b0-b7a796461156,0.9996260182819363,topic_2,120
121,25,ce01fd6e-3502-48c8-a109-7d30ce90f08a,0.9996260180042623,topic_3,120
121,25,fe84e231-07c1-4175-9a1e-0a10371db6fd,0.9996260166436602,topic_2,120
121,25,da4d8d06-ab22-45ef-a653-a191e726eddb,0.9996260166436602,topic_2,120
121,25,c53f82a3-baaa-4dd8-87ee-47e05e1b5160,0.9996260166158929,topic_6,120
121,25,469448d4-8638-42d9-a408-8a64362e87bd,0.9996260166158929,topic_3,120
