question_id,sample_id,source_index,question,category,population,carrier_count,session_count,structure,flags,complete_16000,evidence_delivered_16000,miss_state_16000,dense_relation_16000,association_16000,complete_32000,evidence_delivered_32000,miss_state_32000,dense_relation_32000,association_32000,longitudinal
23243cf4b49ea3a803d3fc07a7e6624ee947b95f1d92963aeb572f26b8d56a24,conv-41,0,"Who did Maria have dinner with on May 3, 2023?",2,targeted,1,1,SINGLE_CARRIER_SINGLE_SESSION,UNMARKED,False,0,ZERO_EVIDENCE,TIE_MISS,NOT_APPLICABLE,False,0,ZERO_EVIDENCE,TIE_MISS,NOT_APPLICABLE,PERSISTENT_MISS
f31c0587f2693f0e2d562ab870497874e312f17b7f7dc307450d1ccb83dcdf99,conv-41,1,When did Maria donate her car?,2,targeted,1,1,SINGLE_CARRIER_SINGLE_SESSION,TEMPORAL,True,1,COMPLETE,TIE_COMPLETE,NOT_APPLICABLE,True,1,COMPLETE,TIE_COMPLETE,NOT_APPLICABLE,COMPLETE_BOTH
eeebe764dda0f487d425e37b9278be32bad636e5092e2dd95d6ac7eb79182148,conv-41,2,What martial arts has John done?,1,other,2,2,MULTI_SESSION,UNMARKED,True,2,COMPLETE,TIE_COMPLETE,NOT_APPLICABLE,True,2,COMPLETE,TIE_COMPLETE,NOT_APPLICABLE,COMPLETE_BOTH
52c4d728757d38547e4c43204f60f18344681583546c64e3c693d7ac8a8ee364,conv-41,3,What type of volunteering have John and Maria both done?,1,other,2,2,MULTI_SESSION,UNMARKED,True,2,COMPLETE,TIE_COMPLETE,NOT_APPLICABLE,True,2,COMPLETE,TIE_COMPLETE,NOT_APPLICABLE,COMPLETE_BOTH
9299ec8afd77f28707bfb07807cc43aba11607c80b7e853b2a6a01c4ce6a5033,conv-41,4,When did John join the online support group?,2,targeted,1,1,SINGLE_CARRIER_SINGLE_SESSION,TEMPORAL,True,1,COMPLETE,TIE_COMPLETE,NOT_APPLICABLE,True,1,COMPLETE,TIE_COMPLETE,NOT_APPLICABLE,COMPLETE_BOTH
a197569c02da505ab7c25a84a7ef9f9e946f7b02e948a3c39da3efd8864b9268,conv-41,5,When did Maria go to the beach?,2,targeted,1,1,SINGLE_CARRIER_SINGLE_SESSION,TEMPORAL,False,0,ZERO_EVIDENCE,TIE_MISS,NOT_APPLICABLE,True,1,COMPLETE,TIE_COMPLETE,NOT_APPLICABLE,RESCUED_AT_32K
e70a6970ac07f05e5b8ae21c0809feef29584b93f8c2f1d7e513db26b7876192,conv-41,6,Where has Maria made friends?,1,breadth,4,4,MULTI_SESSION,LOCATION,False,3,PARTIAL_EVIDENCE,TIE_MISS,NOT_APPLICABLE,True,4,COMPLETE,TIE_COMPLETE,NOT_APPLICABLE,RESCUED_AT_32K
4aa05cb61c03fe9aedc8b3950f684632dc936dfe6db270ba6f148ae6162f1ff6,conv-41,7,What items des John mention having as a child?,1,other,2,2,MULTI_SESSION,UNMARKED,True,2,COMPLETE,TIE_COMPLETE,NOT_APPLICABLE,True,2,COMPLETE,TIE_COMPLETE,NOT_APPLICABLE,COMPLETE_BOTH
cea31601e0e904fea2d3fa5829c0f88abe279ec181e51f482b2e8e0848390c6e,conv-41,8,What might John's financial status be?,3,targeted,1,1,SINGLE_CARRIER_SINGLE_SESSION,UNMARKED,False,0,ZERO_EVIDENCE,TIE_MISS,NOT_APPLICABLE,False,0,ZERO_EVIDENCE,TIE_MISS,NOT_APPLICABLE,PERSISTENT_MISS
78c1ba68cb06b77eb633e73790e7c55c1ccee103124b8149cd1a453d3fe2418f,conv-41,9,Who gave Maria's family money when she was younger and her family was going through tough times?,1,other,2,2,MULTI_SESSION,TEMPORAL,True,2,COMPLETE,TIE_COMPLETE,NOT_APPLICABLE,True,2,COMPLETE,TIE_COMPLETE,NOT_APPLICABLE,COMPLETE_BOTH
ada2a7fd1f38dfadd6d076b8948d8f798e4598ce2cbe02221a32b37af3cd7e79,conv-41,10,When did Maria meet Jean?,2,targeted,1,1,SINGLE_CARRIER_SINGLE_SESSION,TEMPORAL,True,1,COMPLETE,TIE_COMPLETE,NOT_APPLICABLE,True,1,COMPLETE,TIE_COMPLETE,NOT_APPLICABLE,COMPLETE_BOTH
d28bb65d4e094f52445fc730231dc68f37035b4fc9b9e3385f6efa7275744efc,conv-41,11,What people has Maria met and helped while volunteering?,1,breadth,4,4,MULTI_SESSION,CAUSAL,False,1,PARTIAL_EVIDENCE,TIE_MISS,NOT_APPLICABLE,False,1,PARTIAL_EVIDENCE,TIE_MISS,NOT_APPLICABLE,PERSISTENT_MISS
75f30b93fb3bbac1e1de7fb1b06546578b4f93f47ac8e9486ab016fcfa7951c5,conv-41,12,What test has John taken multiple times?,1,other,2,2,MULTI_SESSION,UNMARKED,True,2,COMPLETE,GAIN,A3_ONLY,True,2,COMPLETE,GAIN,BOTH_CONTROLS,COMPLETE_BOTH
714abed9c5552df1a31661a57382863fa09c65b44e7a6aa98821bd86dcedf176,conv-41,13,When did Maria's grandmother pass away?,2,targeted,1,1,SINGLE_CARRIER_SINGLE_SESSION,TEMPORAL,True,1,COMPLETE,TIE_COMPLETE,NOT_APPLICABLE,True,1,COMPLETE,TIE_COMPLETE,NOT_APPLICABLE,COMPLETE_BOTH
6ddead46f2e3f732161f7599e1e00e98b45f1fd9c5cf00b6dfc48303ced391d1,conv-41,14,Would John be considered a patriotic person?,3,other,2,1,MULTI_CARRIER_ONE_SESSION,UNMARKED,False,1,PARTIAL_EVIDENCE,TIE_MISS,NOT_APPLICABLE,True,2,COMPLETE,GAIN,A3_ONLY,RESCUED_AT_32K
0f04797f3f9a63e1500e2cd1de89cc856bcdd79ae6810f1d3ede536dc11e9105,conv-41,15,What writing classes has Maria taken?,1,other,2,2,MULTI_SESSION,UNMARKED,True,2,COMPLETE,TIE_COMPLETE,NOT_APPLICABLE,True,2,COMPLETE,TIE_COMPLETE,NOT_APPLICABLE,COMPLETE_BOTH
97606a4096fa4ad9c5b3c8ef0aa86a4601e7cbc88b83892857a996c7d2ce8e36,conv-41,16,When did John get his degree?,2,targeted,1,1,SINGLE_CARRIER_SINGLE_SESSION,TEMPORAL,True,1,COMPLETE,TIE_COMPLETE,NOT_APPLICABLE,True,1,COMPLETE,TIE_COMPLETE,NOT_APPLICABLE,COMPLETE_BOTH
6c7d20b33db076d64a3b02c3a3374170f6adb0b03975d00a3941b2d314bf9b4b,conv-41,17,What might John's degree be in?,3,targeted,1,1,SINGLE_CARRIER_SINGLE_SESSION,UNMARKED,True,1,COMPLETE,TIE_COMPLETE,NOT_APPLICABLE,True,1,COMPLETE,TIE_COMPLETE,NOT_APPLICABLE,COMPLETE_BOTH
8996322a617d673c38966e19f5709b82732f2323224d4abeebc1d969359de3af,conv-41,18,Who did John go to yoga with?,1,other,2,2,MULTI_SESSION,UNMARKED,True,2,COMPLETE,TIE_COMPLETE,NOT_APPLICABLE,True,2,COMPLETE,TIE_COMPLETE,NOT_APPLICABLE,COMPLETE_BOTH
bb66fff02fa85e5036144b7f929aa823f7ba9a8e8d116829306710ee1870496a,conv-41,19,What damages have happened to John's car?,1,other,2,2,MULTI_SESSION,UNMARKED,True,2,COMPLETE,TIE_COMPLETE,NOT_APPLICABLE,True,2,COMPLETE,TIE_COMPLETE,NOT_APPLICABLE,COMPLETE_BOTH
9bec05e11003c1d8b835d64804d0520b5bba6d7d6f7f7643dc3d31a70844b7fb,conv-41,20,When did John take a road trip to the Pacific Northwest?,2,other,2,1,MULTI_CARRIER_ONE_SESSION,TEMPORAL,True,2,COMPLETE,TIE_COMPLETE,NOT_APPLICABLE,True,2,COMPLETE,TIE_COMPLETE,NOT_APPLICABLE,COMPLETE_BOTH
8c561bbaa9f46bef0528ee6e48edfd9e83bbc2ee19eb7644e2dda196f2188ef6,conv-41,21,What areas of the U.S. has John been to or is planning to go to?,1,other,2,2,MULTI_SESSION,UNMARKED,True,2,COMPLETE,TIE_COMPLETE,NOT_APPLICABLE,True,2,COMPLETE,TIE_COMPLETE,NOT_APPLICABLE,COMPLETE_BOTH
ed0317028cb6b2a34fbf1078c280bf61740133cba018028c2cb1ac0a1e4c6c20,conv-41,22,When did John go to a convention with colleagues?,2,targeted,1,1,SINGLE_CARRIER_SINGLE_SESSION,TEMPORAL,True,1,COMPLETE,TIE_COMPLETE,NOT_APPLICABLE,True,1,COMPLETE,TIE_COMPLETE,NOT_APPLICABLE,COMPLETE_BOTH
ba47fd791ad22031773f7f79bcea62386893b0814976b70d85be47b7fd552c79,conv-41,23,What desserts has Maria made?,1,other,2,2,MULTI_SESSION,UNMARKED,True,2,COMPLETE,TIE_COMPLETE,NOT_APPLICABLE,True,2,COMPLETE,TIE_COMPLETE,NOT_APPLICABLE,COMPLETE_BOTH
c3c975d4a2c1c5861466968b73713667362225314ada1d2aeebb693134fb0957,conv-41,24,When did John start boot camp with his family?,2,targeted,1,1,SINGLE_CARRIER_SINGLE_SESSION,TEMPORAL,True,1,COMPLETE,TIE_COMPLETE,NOT_APPLICABLE,True,1,COMPLETE,TIE_COMPLETE,NOT_APPLICABLE,COMPLETE_BOTH
4ce72206d70eb2010ed5fae4597ec37dbe0621e80aebe7151c724290bf094855,conv-41,25,What European countries has Maria been to?,1,other,2,2,MULTI_SESSION,UNMARKED,True,2,COMPLETE,TIE_COMPLETE,NOT_APPLICABLE,True,2,COMPLETE,TIE_COMPLETE,NOT_APPLICABLE,COMPLETE_BOTH
8f9ae358d6e7e92632040ed791454da76fbc27d176b9b7a7a30813a7622c46dd,conv-41,26,What has Maria done to feel closer to her faith?,1,other,2,2,MULTI_SESSION,UNMARKED,True,2,COMPLETE,TIE_COMPLETE,NOT_APPLICABLE,True,2,COMPLETE,TIE_COMPLETE,NOT_APPLICABLE,COMPLETE_BOTH
b775fcf9187bb1dc5eea4a1054905ad24e76b2bfa4a9e7fd83b8cd39592cac01,conv-41,27,When did John have a party with veterans?,2,targeted,1,1,SINGLE_CARRIER_SINGLE_SESSION,TEMPORAL,True,1,COMPLETE,TIE_COMPLETE,NOT_APPLICABLE,True,1,COMPLETE,TIE_COMPLETE,NOT_APPLICABLE,COMPLETE_BOTH
68dcf7b914ea80c711436fb87c227cd2bd44ec9a17b85697bc313a4c65537cf4,conv-41,28,What causes does John feel passionate about supporting?,1,breadth,4,4,MULTI_SESSION,CAUSAL|ENUMERATION,False,3,PARTIAL_EVIDENCE,TIE_MISS,NOT_APPLICABLE,True,4,COMPLETE,TIE_COMPLETE,NOT_APPLICABLE,RESCUED_AT_32K
bc458224e5cc9ef5bf9502afddc64f03a586be6c1360d3fc134b59a782f5c7cb,conv-41,29,What events is Maria planning for the homeless shelter funraiser?,1,other,2,2,MULTI_SESSION,ENUMERATION,True,2,COMPLETE,TIE_COMPLETE,NOT_APPLICABLE,True,2,COMPLETE,TIE_COMPLETE,NOT_APPLICABLE,COMPLETE_BOTH
c3e701757745a0d59758ddfdba3b30cee5f796e4f3cc76c680e828900aa4d92e,conv-41,30,What shelters does Maria volunteer at?,1,breadth,3,3,MULTI_SESSION,UNMARKED,True,3,COMPLETE,TIE_COMPLETE,NOT_APPLICABLE,True,3,COMPLETE,TIE_COMPLETE,NOT_APPLICABLE,COMPLETE_BOTH
3b5dc4d18f50976d41d4ef970a071ab24af511fa02026af72ae1e4a8fe96a605,conv-41,31,When did John get his dog Max?,2,targeted,1,1,SINGLE_CARRIER_SINGLE_SESSION,TEMPORAL,True,1,COMPLETE,TIE_COMPLETE,NOT_APPLICABLE,True,1,COMPLETE,TIE_COMPLETE,NOT_APPLICABLE,COMPLETE_BOTH
8a982417a511195efbb0a9fc06208995f8abc361f4b74e525a1a2301c4db6186,conv-41,32,What outdoor activities has John done with his colleagues?,1,other,2,2,MULTI_SESSION,UNMARKED,False,1,PARTIAL_EVIDENCE,TIE_MISS,NOT_APPLICABLE,True,2,COMPLETE,TIE_COMPLETE,NOT_APPLICABLE,RESCUED_AT_32K
d60c0443cbb6217ed2896f9380bddb5be55c2cb232285ccdc244b9f929ce01e2,conv-41,33,What types of yoga has Maria practiced?,1,breadth,3,3,MULTI_SESSION,UNMARKED,True,3,COMPLETE,TIE_COMPLETE,NOT_APPLICABLE,True,3,COMPLETE,TIE_COMPLETE,NOT_APPLICABLE,COMPLETE_BOTH
152edafcfaccb80100fedd9618fb0d8bef7d39157fa916ec7a908ef7c3f6f27f,conv-41,34,When did Maria join a gym?,2,targeted,1,1,SINGLE_CARRIER_SINGLE_SESSION,TEMPORAL,True,1,COMPLETE,TIE_COMPLETE,NOT_APPLICABLE,True,1,COMPLETE,TIE_COMPLETE,NOT_APPLICABLE,COMPLETE_BOTH
ad72d579039ea181d479ecb838e1d562952c69ccf832608256f0dcf58a9faf1d,conv-41,35,What states has Maria vacationed at?,1,other,2,2,MULTI_SESSION,UNMARKED,True,2,COMPLETE,TIE_COMPLETE,NOT_APPLICABLE,True,2,COMPLETE,TIE_COMPLETE,NOT_APPLICABLE,COMPLETE_BOTH
d224277eceff24fcf743cb31d90c2296293719caab166da4fca15b1b3962b2b2,conv-41,36,What music events has John attended?,1,other,2,2,MULTI_SESSION,UNMARKED,True,2,COMPLETE,TIE_COMPLETE,NOT_APPLICABLE,True,2,COMPLETE,TIE_COMPLETE,NOT_APPLICABLE,COMPLETE_BOTH
c6d12ae10830d7054f9a8bfa6e109c37a3ce5571ce292916aa16dc6fc2760e2e,conv-41,37,What events for veterans has John participated in?,1,breadth,5,4,MULTI_SESSION,ENUMERATION,True,5,COMPLETE,TIE_COMPLETE,NOT_APPLICABLE,True,5,COMPLETE,TIE_COMPLETE,NOT_APPLICABLE,COMPLETE_BOTH
bd7fbfa7f1c6d80208462b78c7b7cdb646ad57a01230e87ac87250554c11fb30,conv-41,38,When did Maria get in a car accident?,2,targeted,1,1,SINGLE_CARRIER_SINGLE_SESSION,TEMPORAL,False,0,ZERO_EVIDENCE,TIE_MISS,NOT_APPLICABLE,True,1,COMPLETE,TIE_COMPLETE,NOT_APPLICABLE,RESCUED_AT_32K
1a19d1712aad830025167a7eec6e7bb438396b956346b4f359ac16f12c6e71ae,conv-41,39,Around which US holiday did Maria get into a car accident?,3,targeted,1,1,SINGLE_CARRIER_SINGLE_SESSION,ENUMERATION,False,0,ZERO_EVIDENCE,TIE_MISS,NOT_APPLICABLE,True,1,COMPLETE,TIE_COMPLETE,NOT_APPLICABLE,RESCUED_AT_32K
e7351bea6186a9ab85c77ad84bab0c20098b1bb45415dbd676f8e18e16936bff,conv-41,40,What are the names of John's children?,1,other,2,2,MULTI_SESSION,ENUMERATION,False,1,PARTIAL_EVIDENCE,TIE_MISS,NOT_APPLICABLE,False,1,PARTIAL_EVIDENCE,TIE_MISS,NOT_APPLICABLE,PERSISTENT_MISS
1617c689353d45ffb675cf8997cbb721c375af92eac8f9b6212c13f16c159593,conv-41,41,Does John live close to a beach or the mountains?,3,targeted,1,1,SINGLE_CARRIER_SINGLE_SESSION,UNMARKED,False,0,ZERO_EVIDENCE,TIE_MISS,NOT_APPLICABLE,True,1,COMPLETE,TIE_COMPLETE,NOT_APPLICABLE,RESCUED_AT_32K
98c68d28bd72073b8335156b7e0fea200885bbe8eba096ed847f75c5fc1edddb,conv-41,42,What area was hit by a flood?,1,other,2,2,MULTI_SESSION,UNMARKED,True,2,COMPLETE,TIE_COMPLETE,NOT_APPLICABLE,True,2,COMPLETE,TIE_COMPLETE,NOT_APPLICABLE,COMPLETE_BOTH
1b24de20447e3bd6d78d7361f25b869b2b22726f4b1a3f6bfa4115582b59e86e,conv-41,43,When was John's old area hit with a flood?,2,targeted,1,1,SINGLE_CARRIER_SINGLE_SESSION,TEMPORAL,True,1,COMPLETE,TIE_COMPLETE,NOT_APPLICABLE,True,1,COMPLETE,TIE_COMPLETE,NOT_APPLICABLE,COMPLETE_BOTH
add82d28e06d3471718bbfd0c7e59110498a92f8e42bbdf957e5a1280f34d7a1,conv-41,44,What activities has Maria done with her church friends?,1,breadth,3,3,MULTI_SESSION,ENUMERATION,False,2,PARTIAL_EVIDENCE,TIE_MISS,NOT_APPLICABLE,False,2,PARTIAL_EVIDENCE,TIE_MISS,NOT_APPLICABLE,PERSISTENT_MISS
c4bf69d7d06891f87c346b585f431847a897b337b49dbe2e45e05f88e593b64e,conv-41,45,Would John be open to moving to another country?,3,other,2,2,MULTI_SESSION,UNMARKED,False,0,ZERO_EVIDENCE,TIE_MISS,NOT_APPLICABLE,False,1,PARTIAL_EVIDENCE,TIE_MISS,NOT_APPLICABLE,PERSISTENT_MISS
6c16f32fb892ddbc30e3e5634c866df598de30e09a47b7163d028d1bcce553d7,conv-41,46,When did Maria go hiking with her church friends?,2,targeted,1,1,SINGLE_CARRIER_SINGLE_SESSION,TEMPORAL,True,1,COMPLETE,TIE_COMPLETE,NOT_APPLICABLE,True,1,COMPLETE,TIE_COMPLETE,NOT_APPLICABLE,COMPLETE_BOTH
7e400493e1f8e110a1b73d407bc503727fec99b6df5446d27f7a5b721cbd09a8,conv-41,47,What exercises has John done?,1,breadth,4,3,MULTI_SESSION,UNMARKED,True,4,COMPLETE,TIE_COMPLETE,NOT_APPLICABLE,True,4,COMPLETE,TIE_COMPLETE,NOT_APPLICABLE,COMPLETE_BOTH
b332250b285864e5fca8925845e8a2e32c94fe270bdda8840c5d0ecd1e1a6774,conv-41,48,When did John have his first firefighter call-out?,2,targeted,1,1,SINGLE_CARRIER_SINGLE_SESSION,TEMPORAL,True,1,COMPLETE,TIE_COMPLETE,NOT_APPLICABLE,True,1,COMPLETE,TIE_COMPLETE,NOT_APPLICABLE,COMPLETE_BOTH
181e2696c54db3a37a848421bd61d2caa5046ea51033b3dc68115f51812dcb5c,conv-41,49,What food item did Maria drop off at the homeless shelter?,1,other,2,2,MULTI_SESSION,UNMARKED,False,1,PARTIAL_EVIDENCE,TIE_MISS,NOT_APPLICABLE,False,1,PARTIAL_EVIDENCE,TIE_MISS,NOT_APPLICABLE,PERSISTENT_MISS
cc0f2b7067af957251ba161477f8e2703d43088d8f999332abd57df111afe014,conv-41,50,What attributes describe John?,3,breadth,4,4,MULTI_SESSION,UNMARKED,False,0,ZERO_EVIDENCE,TIE_MISS,NOT_APPLICABLE,False,0,ZERO_EVIDENCE,TIE_MISS,NOT_APPLICABLE,PERSISTENT_MISS
fc65d91d1c22d4d789c07a589802bc27dbaf2da242cefb9eaeb5b3628d223273,conv-41,51,When did Maria start volunteering at the homeless shelter?,2,targeted,1,1,SINGLE_CARRIER_SINGLE_SESSION,TEMPORAL,True,1,COMPLETE,TIE_COMPLETE,NOT_APPLICABLE,True,1,COMPLETE,TIE_COMPLETE,NOT_APPLICABLE,COMPLETE_BOTH
ea9de830c59aa8046b513492a5069d4059a487a4e563a42422888e26c0cbe975,conv-41,52,Who have written notes of gratitude to Maria?,1,other,2,2,MULTI_SESSION,UNMARKED,True,2,COMPLETE,TIE_COMPLETE,NOT_APPLICABLE,True,2,COMPLETE,TIE_COMPLETE,NOT_APPLICABLE,COMPLETE_BOTH
b6a82c2eab3acda85ae7e9d6321d7be50fe13198c792398038278bf76017df5f,conv-41,53,When did John help renovate his hometown community center?,2,targeted,1,1,SINGLE_CARRIER_SINGLE_SESSION,TEMPORAL,True,1,COMPLETE,TIE_COMPLETE,NOT_APPLICABLE,True,1,COMPLETE,TIE_COMPLETE,NOT_APPLICABLE,COMPLETE_BOTH
57cb78d9a8700d5254f53691ff26acf59bb2bbad1d2695b95514839c52b4bbf1,conv-41,54,When did Maria take up community work with her church friends?,2,targeted,1,1,SINGLE_CARRIER_SINGLE_SESSION,TEMPORAL,True,1,COMPLETE,TIE_COMPLETE,NOT_APPLICABLE,True,1,COMPLETE,TIE_COMPLETE,NOT_APPLICABLE,COMPLETE_BOTH
d4f7248959751b17f2d7d3a760a579c652197af8c0337c2231bf6829d5ea29a5,conv-41,55,When did Maria receive a medal from the homeless shelter?,2,targeted,1,1,SINGLE_CARRIER_SINGLE_SESSION,TEMPORAL,True,1,COMPLETE,TIE_COMPLETE,NOT_APPLICABLE,True,1,COMPLETE,TIE_COMPLETE,NOT_APPLICABLE,COMPLETE_BOTH
bc430a52ac972d69552399542570704ba156d837c332e113eecf0f0cecbb0731,conv-41,56,When did John participate in a 5K charity run?,2,other,2,1,MULTI_CARRIER_ONE_SESSION,TEMPORAL,True,2,COMPLETE,TIE_COMPLETE,NOT_APPLICABLE,True,2,COMPLETE,TIE_COMPLETE,NOT_APPLICABLE,COMPLETE_BOTH
62df22747c16d25cbd57d4bd3af9cc8f44183c952d735149636529e78ed7e8a8,conv-41,57,What causes has John done events for?,1,breadth,4,3,MULTI_SESSION,CAUSAL|ENUMERATION,False,3,PARTIAL_EVIDENCE,LOSS,A3_ONLY,True,4,COMPLETE,TIE_COMPLETE,NOT_APPLICABLE,RESCUED_AT_32K
defbf87718c39d745b8eb64bee56a468d9d6212f5ddd501bb5c38500a608e4ac,conv-41,58,When did Maria get Coco?,2,targeted,1,1,SINGLE_CARRIER_SINGLE_SESSION,TEMPORAL,True,1,COMPLETE,TIE_COMPLETE,NOT_APPLICABLE,True,1,COMPLETE,TIE_COMPLETE,NOT_APPLICABLE,COMPLETE_BOTH
28fe48b7a92fe2cf728a6c95ce4218f4c9c892dc3aacc53250bd4f535f3ceb6a,conv-41,59,When did John go on a camping trip with Max?,2,targeted,1,1,SINGLE_CARRIER_SINGLE_SESSION,TEMPORAL,True,1,COMPLETE,TIE_COMPLETE,NOT_APPLICABLE,True,1,COMPLETE,TIE_COMPLETE,NOT_APPLICABLE,COMPLETE_BOTH
10d4b1e084bca3837b13a70c3d784b125e8306dd3ded7a453208bc5630b61be1,conv-41,60,What are Maria's dogs' names?,1,other,2,2,MULTI_SESSION,ENUMERATION,True,2,COMPLETE,TIE_COMPLETE,NOT_APPLICABLE,True,2,COMPLETE,TIE_COMPLETE,NOT_APPLICABLE,COMPLETE_BOTH
36d93b76113ff436fca2d3dc6000320c5c7c072211eb585790088bf31f8c9eb0,conv-41,61,When did Maria adopt Shadow?,2,targeted,1,1,SINGLE_CARRIER_SINGLE_SESSION,TEMPORAL,True,1,COMPLETE,TIE_COMPLETE,NOT_APPLICABLE,True,1,COMPLETE,TIE_COMPLETE,NOT_APPLICABLE,COMPLETE_BOTH
3f3ebfe03beaa28e909ecbae26e1aefd3ed79d3984c58c83d4feeacc80ac923d,conv-41,62,How many dogs has Maria adopted from the dog shelter she volunteers at?,1,other,2,2,MULTI_SESSION,QUANTITY|ENUMERATION,True,2,COMPLETE,TIE_COMPLETE,NOT_APPLICABLE,True,2,COMPLETE,TIE_COMPLETE,NOT_APPLICABLE,COMPLETE_BOTH
af3c9b2697cd74f1299778d1fd9b47d45bbe238357514de39d3f30646c8da82a,conv-41,63,How many weeks passed between Maria adopting Coco and Shadow?,2,other,2,2,MULTI_SESSION,QUANTITY|ENUMERATION,True,2,COMPLETE,TIE_COMPLETE,NOT_APPLICABLE,True,2,COMPLETE,TIE_COMPLETE,NOT_APPLICABLE,COMPLETE_BOTH
5f30487527c8d532f3b0cd5baec495674a10126b5003fef91554d12f1079ede3,conv-41,64,What job might Maria pursue in the future?,3,breadth,4,4,MULTI_SESSION,UNMARKED,False,1,PARTIAL_EVIDENCE,TIE_MISS,NOT_APPLICABLE,False,1,PARTIAL_EVIDENCE,TIE_MISS,NOT_APPLICABLE,PERSISTENT_MISS
d994c5dbf79b3037e45ce749cb2f63074d734415df8d7065ee488748b1611b00,conv-41,65,What is John's main focus in local politics?,4,targeted,1,1,SINGLE_CARRIER_SINGLE_SESSION,UNMARKED,True,1,COMPLETE,TIE_COMPLETE,NOT_APPLICABLE,True,1,COMPLETE,TIE_COMPLETE,NOT_APPLICABLE,COMPLETE_BOTH
7f71270f2886f58ad0db19a422a14f9f8b8859f20e5dcc4a636d1d44ee070920,conv-41,66,What sparked John's interest in improving education and infrastructure in the community?,4,targeted,1,1,SINGLE_CARRIER_SINGLE_SESSION,UNMARKED,True,1,COMPLETE,TIE_COMPLETE,NOT_APPLICABLE,True,1,COMPLETE,TIE_COMPLETE,NOT_APPLICABLE,COMPLETE_BOTH
66b4152210204f50f7cb731946339920fcd6c9df8d0a9fd36b822d05fc49492d,conv-41,67,How did the extra funding help the school shown in the photo shared by John?,4,targeted,1,1,SINGLE_CARRIER_SINGLE_SESSION,UNMARKED,True,1,COMPLETE,TIE_COMPLETE,NOT_APPLICABLE,True,1,COMPLETE,TIE_COMPLETE,NOT_APPLICABLE,COMPLETE_BOTH
b8bc0e905715cdbcf2ab7bb2f8defeee076ab3e3512ad83c6b44d734c8e64455,conv-41,68,What type of workout class did Maria start doing in December 2023?,4,targeted,1,1,SINGLE_CARRIER_SINGLE_SESSION,UNMARKED,True,1,COMPLETE,TIE_COMPLETE,NOT_APPLICABLE,True,1,COMPLETE,TIE_COMPLETE,NOT_APPLICABLE,COMPLETE_BOTH
4b524ab97ad92c975195c175eaeee2369cf22d814c49fb19e16d80813f38156e,conv-41,69,What did Maria donate to a homeless shelter in December 2023?,4,targeted,1,1,SINGLE_CARRIER_SINGLE_SESSION,UNMARKED,True,1,COMPLETE,TIE_COMPLETE,NOT_APPLICABLE,True,1,COMPLETE,TIE_COMPLETE,NOT_APPLICABLE,COMPLETE_BOTH
472cff1f39f563b30261e9ce91f3d06455e2d8529de1ceb5cad6c4ef05cb64eb,conv-41,70,What kind of meal did John and his family make together in the photo shared by John?,4,targeted,1,1,SINGLE_CARRIER_SINGLE_SESSION,UNMARKED,True,1,COMPLETE,TIE_COMPLETE,NOT_APPLICABLE,True,1,COMPLETE,TIE_COMPLETE,NOT_APPLICABLE,COMPLETE_BOTH
1c5f12227666a19e7cade34d74a69ec8f8a985cfc6f633b27c78f7de40872783,conv-41,71,What kind of online group did John join?,4,targeted,1,1,SINGLE_CARRIER_SINGLE_SESSION,UNMARKED,True,1,COMPLETE,TIE_COMPLETE,NOT_APPLICABLE,True,1,COMPLETE,TIE_COMPLETE,NOT_APPLICABLE,COMPLETE_BOTH
c680a0c7ab5e45bee663dad99784805b7ddc6580fbeae4a9dc740cd2d7933771,conv-41,72,What kind of activities did John and his mates from the online group do as part of their service efforts?,4,targeted,1,1,SINGLE_CARRIER_SINGLE_SESSION,UNMARKED,True,1,COMPLETE,TIE_COMPLETE,NOT_APPLICABLE,True,1,COMPLETE,TIE_COMPLETE,NOT_APPLICABLE,COMPLETE_BOTH
f6beb86d834a79752f10413efd4ca0355c1b6b55ad2589c1017e44c894011932,conv-41,73,Who inspired Maria to start volunteering?,4,targeted,1,1,SINGLE_CARRIER_SINGLE_SESSION,UNMARKED,True,1,COMPLETE,TIE_COMPLETE,NOT_APPLICABLE,True,1,COMPLETE,TIE_COMPLETE,NOT_APPLICABLE,COMPLETE_BOTH
5bcc60e6202cbdde78c437b697deab64f36b5f3232ad8b6d3cbd2b56a2fdf1c2,conv-41,74,Why did Maria sit with the little girl at the shelter event in February 2023?,4,targeted,1,1,SINGLE_CARRIER_SINGLE_SESSION,CAUSAL,True,1,COMPLETE,TIE_COMPLETE,NOT_APPLICABLE,True,1,COMPLETE,TIE_COMPLETE,NOT_APPLICABLE,COMPLETE_BOTH
136977e4c66c5c46e566f3d51725f45aae0327b6f8767183941e4c82a827e032,conv-41,75,What did Jean go through before meeting Maria?,4,targeted,1,1,SINGLE_CARRIER_SINGLE_SESSION,TEMPORAL,False,0,ZERO_EVIDENCE,TIE_MISS,NOT_APPLICABLE,True,1,COMPLETE,TIE_COMPLETE,NOT_APPLICABLE,RESCUED_AT_32K
142f8efd427fdd8459c9fd28efc8d8cbdbbe64fa5a726146d5fc8091e67fb55e,conv-41,76,Why did John decide to run for office again?,4,targeted,1,1,SINGLE_CARRIER_SINGLE_SESSION,CAUSAL,True,1,COMPLETE,TIE_COMPLETE,NOT_APPLICABLE,True,1,COMPLETE,TIE_COMPLETE,NOT_APPLICABLE,COMPLETE_BOTH
0625ad6d87d8c423aaaee7b3b0d12b1f8e31dced50e08add28f0d66c65cc08bb,conv-41,77,"What activity did John's colleague, Rob, invite him to?",4,targeted,1,1,SINGLE_CARRIER_SINGLE_SESSION,UNMARKED,True,1,COMPLETE,TIE_COMPLETE,NOT_APPLICABLE,True,1,COMPLETE,TIE_COMPLETE,NOT_APPLICABLE,COMPLETE_BOTH
3f26fecb7b8c7850ea71efbec39c056f371ed3c2e1824097de6da2ee1e698b66,conv-41,78,What is the name of John's one-year-old child?,4,targeted,1,1,SINGLE_CARRIER_SINGLE_SESSION,TEMPORAL,True,1,COMPLETE,TIE_COMPLETE,NOT_APPLICABLE,True,1,COMPLETE,TIE_COMPLETE,NOT_APPLICABLE,COMPLETE_BOTH
da4aa2928cfec937c75583ec57a16ecc35e80932f488f8c16b9c7886dd0ed6e4,conv-41,79,How often does John take his kids to the park?,4,targeted,1,1,SINGLE_CARRIER_SINGLE_SESSION,UNMARKED,True,1,COMPLETE,TIE_COMPLETE,NOT_APPLICABLE,True,1,COMPLETE,TIE_COMPLETE,NOT_APPLICABLE,COMPLETE_BOTH
dd781c027b4579dc16f719ceb577c9c8a84b8b2a96151316914f6df1327b8939,conv-41,80,What did Maria make for her home to remind her of a trip to England?,4,targeted,1,1,SINGLE_CARRIER_SINGLE_SESSION,UNMARKED,True,1,COMPLETE,TIE_COMPLETE,NOT_APPLICABLE,True,1,COMPLETE,TIE_COMPLETE,NOT_APPLICABLE,COMPLETE_BOTH
c9e114ff54b2acd2f002de9314a2ba1e352f777440ea5367ae21264ee9bbf9fb,conv-41,81,Where did Maria get the idea for the castle shadow box in her home?,4,targeted,1,1,SINGLE_CARRIER_SINGLE_SESSION,LOCATION,True,1,COMPLETE,TIE_COMPLETE,NOT_APPLICABLE,True,1,COMPLETE,TIE_COMPLETE,NOT_APPLICABLE,COMPLETE_BOTH
270e24fc0edb6f8c11f9c46ddebe26dd4ab7a97aad9365370d8503926e4f7f9f,conv-41,82,What did John receive a certificate for?,4,targeted,1,1,SINGLE_CARRIER_SINGLE_SESSION,UNMARKED,False,0,ZERO_EVIDENCE,LOSS,CC80_ONLY,True,1,COMPLETE,TIE_COMPLETE,NOT_APPLICABLE,RESCUED_AT_32K
36e03f6119fd601b7d3a76eef64c239c6b07f92f262412f987797abb20961b06,conv-41,83,What areas is John particularly interested in for policymaking?,4,targeted,1,1,SINGLE_CARRIER_SINGLE_SESSION,UNMARKED,True,1,COMPLETE,TIE_COMPLETE,NOT_APPLICABLE,True,1,COMPLETE,TIE_COMPLETE,NOT_APPLICABLE,COMPLETE_BOTH
190d7ceef48018a21395a1e9dae0b0eb0b009a9df899038c7eae7223557f00f0,conv-41,84,"What did Maria participate in last weekend before April 10, 2023?",4,targeted,1,1,SINGLE_CARRIER_SINGLE_SESSION,TEMPORAL,True,1,COMPLETE,TIE_COMPLETE,NOT_APPLICABLE,True,1,COMPLETE,TIE_COMPLETE,NOT_APPLICABLE,COMPLETE_BOTH
a94a6c814011f43ed0fe862ec77997bdf8f6a04b7141e24354b68cf1b4363fec,conv-41,85,What event did John volunteer at last weekend?,4,targeted,1,1,SINGLE_CARRIER_SINGLE_SESSION,TEMPORAL,True,1,COMPLETE,GAIN,CC80_ONLY,True,1,COMPLETE,TIE_COMPLETE,NOT_APPLICABLE,COMPLETE_BOTH
73dc27d967492533037784ea587ddba6841f0d639d7b5e409c8b524c7c680905,conv-41,86,What did John do that put a strain on his wallet?,4,targeted,1,1,SINGLE_CARRIER_SINGLE_SESSION,UNMARKED,True,1,COMPLETE,TIE_COMPLETE,NOT_APPLICABLE,True,1,COMPLETE,TIE_COMPLETE,NOT_APPLICABLE,COMPLETE_BOTH
e80a8cb12ba7e3039ed40c8efdc5fb9da4d3e878b7f5b519593a016d5951a072,conv-41,87,Where did John explore on a road trip last year?,4,targeted,1,1,SINGLE_CARRIER_SINGLE_SESSION,TEMPORAL|LOCATION,True,1,COMPLETE,TIE_COMPLETE,NOT_APPLICABLE,True,1,COMPLETE,TIE_COMPLETE,NOT_APPLICABLE,COMPLETE_BOTH
c456233af3ac59ee17409dc0a2d55e26cbf460c0b646ad354d1692f6d74c5bff,conv-41,88,What topic has John been blogging about recently?,4,targeted,1,1,SINGLE_CARRIER_SINGLE_SESSION,UNMARKED,True,1,COMPLETE,TIE_COMPLETE,NOT_APPLICABLE,True,1,COMPLETE,TIE_COMPLETE,NOT_APPLICABLE,COMPLETE_BOTH
4100ab9797d09aa73ead8fc898286227a663d5ea1e77b6dcb5880834a5276bd9,conv-41,89,Why did John start blogging about politics and policies?,4,targeted,1,1,SINGLE_CARRIER_SINGLE_SESSION,CAUSAL,True,1,COMPLETE,TIE_COMPLETE,NOT_APPLICABLE,True,1,COMPLETE,TIE_COMPLETE,NOT_APPLICABLE,COMPLETE_BOTH
1901350b68c5ddfe6c042552a7fcba09fa48459c221fba1a4fe1ca46e3b3943b,conv-41,90,What was the focus of John's recent research and writing on his blog?,4,targeted,1,1,SINGLE_CARRIER_SINGLE_SESSION,UNMARKED,False,0,ZERO_EVIDENCE,TIE_MISS,NOT_APPLICABLE,False,0,ZERO_EVIDENCE,TIE_MISS,NOT_APPLICABLE,PERSISTENT_MISS
1bfdd0785118525b71ee4a4f7a260ca8198f9f47f7aea0cbb966acbedca16fae,conv-41,91,What did John attend with his colleagues in March 2023?,2,targeted,1,1,SINGLE_CARRIER_SINGLE_SESSION,UNMARKED,True,1,COMPLETE,TIE_COMPLETE,NOT_APPLICABLE,True,1,COMPLETE,TIE_COMPLETE,NOT_APPLICABLE,COMPLETE_BOTH
3fc421c922311fbcd561baacb0a3e2392686093904f25d7f0bd432b52c446699,conv-41,92,How often does John work out with his family?,4,targeted,1,1,SINGLE_CARRIER_SINGLE_SESSION,UNMARKED,True,1,COMPLETE,TIE_COMPLETE,NOT_APPLICABLE,True,1,COMPLETE,TIE_COMPLETE,NOT_APPLICABLE,COMPLETE_BOTH
c999400bebd41b668faa6c0b86f43a7bc022aee773fc5b75173731a01ed379a5,conv-41,93,How has John's fitness improved since starting boot camps with his family?,4,targeted,1,1,SINGLE_CARRIER_SINGLE_SESSION,UNMARKED,True,1,COMPLETE,TIE_COMPLETE,NOT_APPLICABLE,True,1,COMPLETE,TIE_COMPLETE,NOT_APPLICABLE,COMPLETE_BOTH
9389c8d0e05c3e5300d9e079cb05b661ab96e470bdd216f02137729461b2ebb8,conv-41,94,What kind of food did Maria have on her dinner spread iwth her mother?,4,targeted,1,1,SINGLE_CARRIER_SINGLE_SESSION,UNMARKED,True,1,COMPLETE,TIE_COMPLETE,NOT_APPLICABLE,True,1,COMPLETE,TIE_COMPLETE,NOT_APPLICABLE,COMPLETE_BOTH
4f8879b30ded93074f60074c056eddf69906ea51e349e828893a70f3dff6cd8d,conv-41,95,What activity did Maria and her mom do together in May 2023?,4,targeted,1,1,SINGLE_CARRIER_SINGLE_SESSION,UNMARKED,False,0,ZERO_EVIDENCE,TIE_MISS,NOT_APPLICABLE,True,1,COMPLETE,GAIN,CC80_ONLY,RESCUED_AT_32K
fa6d171e774db5f02bb24e1054b0bae761a2e1bda96f2550e382c6ec3f677c37,conv-41,96,What did Maria do to feel closer to a community and her faith?,4,targeted,1,1,SINGLE_CARRIER_SINGLE_SESSION,UNMARKED,True,1,COMPLETE,TIE_COMPLETE,NOT_APPLICABLE,True,1,COMPLETE,TIE_COMPLETE,NOT_APPLICABLE,COMPLETE_BOTH
e39619590c52e3edde97544e3bdd79e48ad166acf387110c0658f350d1c692cd,conv-41,97,Why did Maria join a nearby church recently?,4,targeted,1,1,SINGLE_CARRIER_SINGLE_SESSION,CAUSAL,True,1,COMPLETE,TIE_COMPLETE,NOT_APPLICABLE,True,1,COMPLETE,TIE_COMPLETE,NOT_APPLICABLE,COMPLETE_BOTH
b2712f58b2f615d0a6001547951bd2dbe64c89f0a1f1dfb7d9b18b5d5c0f3627,conv-41,98,What did John host for the veterans in May 2023 as part of the project?,4,targeted,1,1,SINGLE_CARRIER_SINGLE_SESSION,UNMARKED,True,1,COMPLETE,TIE_COMPLETE,NOT_APPLICABLE,True,1,COMPLETE,TIE_COMPLETE,NOT_APPLICABLE,COMPLETE_BOTH
26b8fee9bc82a4fa532b85ea3d8323b8fa42b0d5ddcdec10f430a0a072591001,conv-41,99,What did John and the veterans do during the small party?,4,targeted,1,1,SINGLE_CARRIER_SINGLE_SESSION,UNMARKED,True,1,COMPLETE,TIE_COMPLETE,NOT_APPLICABLE,True,1,COMPLETE,TIE_COMPLETE,NOT_APPLICABLE,COMPLETE_BOTH
55182db2ad04e61ecc6cd0f3979e66b93865f94a17333ff0c8e5ed980785c2b4,conv-41,100,What emotions did John feel during the small party with the veterans?,4,targeted,1,1,SINGLE_CARRIER_SINGLE_SESSION,UNMARKED,True,1,COMPLETE,TIE_COMPLETE,NOT_APPLICABLE,True,1,COMPLETE,TIE_COMPLETE,NOT_APPLICABLE,COMPLETE_BOTH
efd88595b29517e3b1c2d7400bb31442c5abef8727bbd934bb448bdfa44a595e,conv-41,101,"What event is Maria getting ready for at the shelter on May 25, 2023?",4,targeted,1,1,SINGLE_CARRIER_SINGLE_SESSION,UNMARKED,True,1,COMPLETE,TIE_COMPLETE,NOT_APPLICABLE,True,1,COMPLETE,TIE_COMPLETE,NOT_APPLICABLE,COMPLETE_BOTH
58d85e4977b631800845043bce927d9012751c51d39e62521802a28e9a80a3db,conv-41,102,What does Maria need to spread the word about for the fundraiser for the volunteer shelter?,4,targeted,1,1,SINGLE_CARRIER_SINGLE_SESSION,UNMARKED,True,1,COMPLETE,TIE_COMPLETE,NOT_APPLICABLE,True,1,COMPLETE,TIE_COMPLETE,NOT_APPLICABLE,COMPLETE_BOTH
168e1703c86018a1f83258cfcdd4ddbe50daff459aa968466f4736267465c34d,conv-41,103,"What was the name of the pet that John had to say goodbye to on 3 June, 2023?",4,targeted,1,1,SINGLE_CARRIER_SINGLE_SESSION,UNMARKED,True,1,COMPLETE,TIE_COMPLETE,NOT_APPLICABLE,True,1,COMPLETE,TIE_COMPLETE,NOT_APPLICABLE,COMPLETE_BOTH
2693c3a4e9e1cd94497c328a0f831b5f9b5e688f463449cedd3be453299c2c6f,conv-41,104,How long was Max a part of John's family?,4,targeted,1,1,SINGLE_CARRIER_SINGLE_SESSION,TEMPORAL,True,1,COMPLETE,TIE_COMPLETE,NOT_APPLICABLE,True,1,COMPLETE,TIE_COMPLETE,NOT_APPLICABLE,COMPLETE_BOTH
3d884027b11bb5693383321ad96a7223d78e1fe68c2be5a3e9daf30c97bc1ff4,conv-41,105,How does John plan to honor the memories of his beloved pet?,4,targeted,1,1,SINGLE_CARRIER_SINGLE_SESSION,UNMARKED,True,1,COMPLETE,TIE_COMPLETE,NOT_APPLICABLE,True,1,COMPLETE,TIE_COMPLETE,NOT_APPLICABLE,COMPLETE_BOTH
51a61d6ba9ea63725cba397d1854b772c98592406ce731e1f080534e7bf4d8fa,conv-41,106,What important values does John want to teach his kids through adopting a rescue dog?,4,targeted,1,1,SINGLE_CARRIER_SINGLE_SESSION,UNMARKED,True,1,COMPLETE,TIE_COMPLETE,NOT_APPLICABLE,True,1,COMPLETE,TIE_COMPLETE,NOT_APPLICABLE,COMPLETE_BOTH
3dd422c28b15bfc7532e5ec1ed43d7bd98d2a59d75d9e84e80e7ec4481683e4a,conv-41,107,"What new activity did Maria start recently, as mentioned on 3 June, 2023?",4,targeted,1,1,SINGLE_CARRIER_SINGLE_SESSION,UNMARKED,False,0,ZERO_EVIDENCE,TIE_MISS,NOT_APPLICABLE,False,0,ZERO_EVIDENCE,TIE_MISS,NOT_APPLICABLE,PERSISTENT_MISS
4a7934decfbe4693843354b50d8dbd3395a6362f3e0d662986b491e915769e84,conv-41,108,What did Maria say it was like being at the waterfall in Oregon?,4,targeted,1,1,SINGLE_CARRIER_SINGLE_SESSION,UNMARKED,True,1,COMPLETE,TIE_COMPLETE,NOT_APPLICABLE,True,1,COMPLETE,TIE_COMPLETE,NOT_APPLICABLE,COMPLETE_BOTH
0f6a656c4dd3a6d4c4aa74e40629357576ea65b5af802261f6b8069a05a870bf,conv-41,109,What does Maria say she feels when doing upside-down yoga poses?,4,targeted,1,1,SINGLE_CARRIER_SINGLE_SESSION,TEMPORAL,True,1,COMPLETE,TIE_COMPLETE,NOT_APPLICABLE,True,1,COMPLETE,TIE_COMPLETE,NOT_APPLICABLE,COMPLETE_BOTH
5be306aecff5ccc9b741c7e7c0dffc398351e3df3d221cd179c815ee2daac36a,conv-41,110,"What exciting news did Maria share on 16 June, 2023?",4,targeted,1,1,SINGLE_CARRIER_SINGLE_SESSION,UNMARKED,True,1,COMPLETE,TIE_COMPLETE,NOT_APPLICABLE,True,1,COMPLETE,TIE_COMPLETE,NOT_APPLICABLE,COMPLETE_BOTH
954a729e44a3de6ab20353a0bfd52a97d9a89029e0ada71346146f442b142c55,conv-41,111,What yoga activity has Maria been trying to improve her strength and endurance?,4,targeted,1,1,SINGLE_CARRIER_SINGLE_SESSION,UNMARKED,True,1,COMPLETE,TIE_COMPLETE,NOT_APPLICABLE,True,1,COMPLETE,TIE_COMPLETE,NOT_APPLICABLE,COMPLETE_BOTH
7b74888385d4318f7cdd5fcf18fb27921ede95b137677aa6e4446d7934ca1dba,conv-41,112,What did John recently get promoted to?,4,targeted,1,1,SINGLE_CARRIER_SINGLE_SESSION,UNMARKED,True,1,COMPLETE,TIE_COMPLETE,NOT_APPLICABLE,True,1,COMPLETE,TIE_COMPLETE,NOT_APPLICABLE,COMPLETE_BOTH
5688d1d9e3dfaacf902380b394609b040b826b533cdc91503dbacc66bce2c246,conv-41,113,What was one of the biggest challenges John faced in his journey to becoming assistant manager?,4,targeted,1,1,SINGLE_CARRIER_SINGLE_SESSION,UNMARKED,True,1,COMPLETE,TIE_COMPLETE,NOT_APPLICABLE,True,1,COMPLETE,TIE_COMPLETE,NOT_APPLICABLE,COMPLETE_BOTH
b84295b60ece1edc0542fc349f3a67ca39a2e0b1d356bdc17a689377141f06ff,conv-41,114,How does John describe the support he received during his journey to becoming assistant manager?,4,targeted,1,1,SINGLE_CARRIER_SINGLE_SESSION,UNMARKED,True,1,COMPLETE,TIE_COMPLETE,NOT_APPLICABLE,True,1,COMPLETE,TIE_COMPLETE,NOT_APPLICABLE,COMPLETE_BOTH
ae828f6cfb3bf753e9d1f333795935d8056b1d7fc9908a14a9106751fb08bf18,conv-41,115,What kind of event did John and his family attend in June 2023?,4,targeted,1,1,SINGLE_CARRIER_SINGLE_SESSION,UNMARKED,True,1,COMPLETE,TIE_COMPLETE,NOT_APPLICABLE,True,1,COMPLETE,TIE_COMPLETE,NOT_APPLICABLE,COMPLETE_BOTH
90d626053cf2bc0a67337fc7e441359538659b1e6d7cade9a19274e971a10ead,conv-41,116,Why did Maria need to help her cousin find a new place to live?,4,targeted,1,1,SINGLE_CARRIER_SINGLE_SESSION,LOCATION|CAUSAL,True,1,COMPLETE,TIE_COMPLETE,NOT_APPLICABLE,True,1,COMPLETE,TIE_COMPLETE,NOT_APPLICABLE,COMPLETE_BOTH
bc76f5144509b3b0571b40f1851b25f4ac54d12bfface698d23a4e8c2fa658a5,conv-41,117,What event did John participate in to show support for veterans' rights?,4,targeted,1,1,SINGLE_CARRIER_SINGLE_SESSION,UNMARKED,True,1,COMPLETE,TIE_COMPLETE,NOT_APPLICABLE,True,1,COMPLETE,TIE_COMPLETE,NOT_APPLICABLE,COMPLETE_BOTH
d92f9fbdcbf177c769957466731e88da32930795f9498bc4280fc1f75bd6f3d2,conv-41,118,What inspired John to join the marching event for veterans' rights?,4,targeted,1,1,SINGLE_CARRIER_SINGLE_SESSION,UNMARKED,True,1,COMPLETE,TIE_COMPLETE,NOT_APPLICABLE,True,1,COMPLETE,TIE_COMPLETE,NOT_APPLICABLE,COMPLETE_BOTH
455a52ad1b469fbf334c134723110e97df123f0560d5ea33f3d78a8eb58d6f72,conv-41,119,How often does John get to see sunsets like the one he shared with Maria?,4,targeted,1,1,SINGLE_CARRIER_SINGLE_SESSION,UNMARKED,False,0,ZERO_EVIDENCE,LOSS,A3_ONLY,True,1,COMPLETE,TIE_COMPLETE,NOT_APPLICABLE,RESCUED_AT_32K
5bc367eaaa7bb61a4f410d68d26d34cd59bdbd705bbc41dcb4d57d95386c4d4c,conv-41,120,"What natural disaster affected John's old area on 7 July, 2023?",4,targeted,1,1,SINGLE_CARRIER_SINGLE_SESSION,UNMARKED,True,1,COMPLETE,TIE_COMPLETE,NOT_APPLICABLE,True,1,COMPLETE,TIE_COMPLETE,NOT_APPLICABLE,COMPLETE_BOTH
a6854d1746ee25222851a01a93285abbfb39d0514ee85587d22941368c099223,conv-41,121,How did the flood impact the homes in John's old area?,4,targeted,1,1,SINGLE_CARRIER_SINGLE_SESSION,UNMARKED,True,1,COMPLETE,TIE_COMPLETE,NOT_APPLICABLE,True,1,COMPLETE,TIE_COMPLETE,NOT_APPLICABLE,COMPLETE_BOTH
cf05ff64213e09272cd0e5b7cd6776c449f2965300d00f17a893e654f6319ff2,conv-41,122,"What motivated Maria and John to discuss potential solutions for their community on 7 July, 2023?",4,targeted,1,1,SINGLE_CARRIER_SINGLE_SESSION,UNMARKED,True,1,COMPLETE,TIE_COMPLETE,NOT_APPLICABLE,True,1,COMPLETE,TIE_COMPLETE,NOT_APPLICABLE,COMPLETE_BOTH
74fbd599bce6be2c928b523e49470449db883a0c82d2f8450c1139bd5cc0898a,conv-41,123,"What did Maria plan to do later on the evening of 7 July, 2023?",4,targeted,1,1,SINGLE_CARRIER_SINGLE_SESSION,TEMPORAL,True,1,COMPLETE,TIE_COMPLETE,NOT_APPLICABLE,True,1,COMPLETE,TIE_COMPLETE,NOT_APPLICABLE,COMPLETE_BOTH
84ef28a5108a343b3a3ff3bf27ab5b2deacad234e97573386015853d25b2f24f,conv-41,124,What kind of activities did Maria do at the picnic with her church friends?,4,targeted,1,1,SINGLE_CARRIER_SINGLE_SESSION,UNMARKED,True,1,COMPLETE,TIE_COMPLETE,NOT_APPLICABLE,True,1,COMPLETE,TIE_COMPLETE,NOT_APPLICABLE,COMPLETE_BOTH
b7e90f46d89e8bccb1cce16cf45690c5a26c021ebc3373d54727e79bbfb93b75,conv-41,125,What does John appreciate about the veteran's hospital visit?,4,targeted,1,1,SINGLE_CARRIER_SINGLE_SESSION,UNMARKED,True,1,COMPLETE,TIE_COMPLETE,NOT_APPLICABLE,True,1,COMPLETE,TIE_COMPLETE,NOT_APPLICABLE,COMPLETE_BOTH
406164621957eae559dfe03d81c3b82784e7e33dafe24a2450952ea16d2881f1,conv-41,126,What did John take away from visiting the veteran's hospital?,4,targeted,1,1,SINGLE_CARRIER_SINGLE_SESSION,UNMARKED,True,1,COMPLETE,TIE_COMPLETE,NOT_APPLICABLE,True,1,COMPLETE,TIE_COMPLETE,NOT_APPLICABLE,COMPLETE_BOTH
2210b772f786d52f146c4a8cf239de8716df204a78df574fa5e5bd38e8bf83ba,conv-41,127,Why did John feel inspired to join the military after the visit to the hospital?,4,targeted,1,1,SINGLE_CARRIER_SINGLE_SESSION,TEMPORAL|CAUSAL,True,1,COMPLETE,TIE_COMPLETE,NOT_APPLICABLE,True,1,COMPLETE,TIE_COMPLETE,NOT_APPLICABLE,COMPLETE_BOTH
b1e545e542ad874b3564a7412dbfd23eb1856839aacaef6b8fd4c4dea0abd130,conv-41,128,In what activity did Maria and her church friends participate in July 2023?,4,targeted,1,1,SINGLE_CARRIER_SINGLE_SESSION,UNMARKED,False,0,ZERO_EVIDENCE,TIE_MISS,NOT_APPLICABLE,True,1,COMPLETE,TIE_COMPLETE,NOT_APPLICABLE,RESCUED_AT_32K
1c5c0dd076e28e81101b18fef840034a172a3780a7010f61f51f6a03d08a282c,conv-41,129,What does John think about trying new classes at the yoga studio?,4,targeted,1,1,SINGLE_CARRIER_SINGLE_SESSION,UNMARKED,True,1,COMPLETE,TIE_COMPLETE,NOT_APPLICABLE,True,1,COMPLETE,TIE_COMPLETE,NOT_APPLICABLE,COMPLETE_BOTH
604b382a0da45c11954c71fb40ddd4510228b7118e916d2cadbc736e07b5f35a,conv-41,130,Which activity has John done apart from yoga at the studio?,4,targeted,1,1,SINGLE_CARRIER_SINGLE_SESSION,ENUMERATION,True,1,COMPLETE,TIE_COMPLETE,NOT_APPLICABLE,True,1,COMPLETE,TIE_COMPLETE,NOT_APPLICABLE,COMPLETE_BOTH
d62bca93ff7c87776e395d7455366fbf1db749dce1ed2dfb3a723362caa27519,conv-41,131,"What community service did Maria mention that she was involved in on 31 July, 2023?",4,targeted,1,1,SINGLE_CARRIER_SINGLE_SESSION,UNMARKED,True,1,COMPLETE,TIE_COMPLETE,NOT_APPLICABLE,True,1,COMPLETE,TIE_COMPLETE,NOT_APPLICABLE,COMPLETE_BOTH
bd6478ce3e8c00f635373de5654890be76bf0a5bb0c674eb38573ca3ebda2442,conv-41,132,How did Maria start volunteering at the homeless shelter?,4,targeted,1,1,SINGLE_CARRIER_SINGLE_SESSION,UNMARKED,True,1,COMPLETE,TIE_COMPLETE,NOT_APPLICABLE,True,1,COMPLETE,TIE_COMPLETE,NOT_APPLICABLE,COMPLETE_BOTH
858b453cb8aa44d715378ad5072017facdd6c4385bcdabb84701c313be491391,conv-41,133,"What did John do the week before August 3, 2023 involving his kids?",4,targeted,1,1,SINGLE_CARRIER_SINGLE_SESSION,TEMPORAL,True,1,COMPLETE,GAIN,CC80_ONLY,True,1,COMPLETE,TIE_COMPLETE,NOT_APPLICABLE,COMPLETE_BOTH
844db0408d7aa28edc4c2b59d01a9db9cbe2987e0244fdba0f3c3e3d063680ed,conv-41,134,How did John describe his kids' reaction at the military memorial?,4,targeted,1,1,SINGLE_CARRIER_SINGLE_SESSION,UNMARKED,True,1,COMPLETE,TIE_COMPLETE,NOT_APPLICABLE,True,1,COMPLETE,TIE_COMPLETE,NOT_APPLICABLE,COMPLETE_BOTH
c7acb34275e7aa836fe52f2794afff19d0e499233d297c9367a4759d4ea78e4c,conv-41,135,Why does Maria think it's important for younger generations to visit military memorials?,4,targeted,1,1,SINGLE_CARRIER_SINGLE_SESSION,CAUSAL,True,1,COMPLETE,TIE_COMPLETE,NOT_APPLICABLE,True,1,COMPLETE,TIE_COMPLETE,NOT_APPLICABLE,COMPLETE_BOTH
956f0a351bdc18fea75fe7faafda94f1788d8bdaa9629ca1733c461ce1d6dc1a,conv-41,136,What does John believe is important for children regarding veterans?,4,targeted,1,1,SINGLE_CARRIER_SINGLE_SESSION,UNMARKED,True,1,COMPLETE,TIE_COMPLETE,NOT_APPLICABLE,True,1,COMPLETE,TIE_COMPLETE,NOT_APPLICABLE,COMPLETE_BOTH
4f8e31dcaefc3c934e771b2ac4cea561b675a06556ea8c98292f560a6ac44a89,conv-41,137,What happened to John's job in August 2023?,4,targeted,1,1,SINGLE_CARRIER_SINGLE_SESSION,UNMARKED,True,1,COMPLETE,TIE_COMPLETE,NOT_APPLICABLE,True,1,COMPLETE,TIE_COMPLETE,NOT_APPLICABLE,COMPLETE_BOTH
6985d96286902572e3266d9e8097b60dc94c50d9ab0a32301c39807b01d91962,conv-41,138,What activity did Maria take up with her friends from church in August 2023?,4,targeted,1,1,SINGLE_CARRIER_SINGLE_SESSION,UNMARKED,True,1,COMPLETE,TIE_COMPLETE,NOT_APPLICABLE,True,1,COMPLETE,TIE_COMPLETE,NOT_APPLICABLE,COMPLETE_BOTH
2b96ef9d564aba43af0eeb5f2c664eda7e5d8487058ba11b1530556bb3968726,conv-41,139,What did John do to help his community last year in his hometown?,4,targeted,1,1,SINGLE_CARRIER_SINGLE_SESSION,TEMPORAL,True,1,COMPLETE,TIE_COMPLETE,NOT_APPLICABLE,True,1,COMPLETE,TIE_COMPLETE,NOT_APPLICABLE,COMPLETE_BOTH
12ff873895417b2b8738f301446f00e2af219622d38e45861687a1590889bec0,conv-41,140,What cause did the 5K charity run organized by John support?,4,targeted,1,1,SINGLE_CARRIER_SINGLE_SESSION,CAUSAL,True,1,COMPLETE,TIE_COMPLETE,NOT_APPLICABLE,True,1,COMPLETE,TIE_COMPLETE,NOT_APPLICABLE,COMPLETE_BOTH
e072a917b5401119f3dc128050485a770577c7b50f931a33f29801f058595c52,conv-41,141,Who did John work with to raise awareness and funds for victims of domestic abuse?,4,targeted,1,1,SINGLE_CARRIER_SINGLE_SESSION,UNMARKED,True,1,COMPLETE,TIE_COMPLETE,NOT_APPLICABLE,True,1,COMPLETE,TIE_COMPLETE,NOT_APPLICABLE,COMPLETE_BOTH
5ce987b031ceffbef4e82fe93d8d06b637164c5759c241b70c2bfd7918e3a326,conv-41,142,What recognition did Maria receive at the homeless shelter in August 2023?,4,targeted,1,1,SINGLE_CARRIER_SINGLE_SESSION,UNMARKED,True,1,COMPLETE,TIE_COMPLETE,NOT_APPLICABLE,True,1,COMPLETE,TIE_COMPLETE,NOT_APPLICABLE,COMPLETE_BOTH
76689bd66bb41eb3f520ab59664732101aaf3b1495e54340df0e3dec2adc0ffc,conv-41,143,"What is the name of Maria's puppy she got two weeks before August 11, 2023?",4,targeted,1,1,SINGLE_CARRIER_SINGLE_SESSION,TEMPORAL,True,1,COMPLETE,TIE_COMPLETE,NOT_APPLICABLE,True,1,COMPLETE,TIE_COMPLETE,NOT_APPLICABLE,COMPLETE_BOTH
9101305a13ff15c7ff886d67c3c346648c6aba6e4ec90ae10a2b472fdd7991b2,conv-41,144,What activity did John and Max enjoy together last summer?,4,targeted,1,1,SINGLE_CARRIER_SINGLE_SESSION,TEMPORAL,True,1,COMPLETE,TIE_COMPLETE,NOT_APPLICABLE,True,1,COMPLETE,TIE_COMPLETE,NOT_APPLICABLE,COMPLETE_BOTH
f848857d4cb60049328de9ac467b8d7b4ca90a22a1cddfc915c6c213c964e218,conv-41,145,How does John describe the camping trip with Max?,4,targeted,1,1,SINGLE_CARRIER_SINGLE_SESSION,UNMARKED,True,1,COMPLETE,TIE_COMPLETE,NOT_APPLICABLE,True,1,COMPLETE,TIE_COMPLETE,NOT_APPLICABLE,COMPLETE_BOTH
1b92581f7da6b206bd50389c0a92c6f332aeb24924ece4d4941c952da46001da,conv-41,146,Why does John say he feels stuck and questioning his decisions and goals?,4,targeted,1,1,SINGLE_CARRIER_SINGLE_SESSION,CAUSAL,True,1,COMPLETE,TIE_COMPLETE,NOT_APPLICABLE,True,1,COMPLETE,TIE_COMPLETE,NOT_APPLICABLE,COMPLETE_BOTH
1570ed55c4d52662abd88063612ba29dd837e9c54087d855b6369874db8cc160,conv-41,147,What is the name of Maria's second puppy?,4,targeted,1,1,SINGLE_CARRIER_SINGLE_SESSION,UNMARKED,True,1,COMPLETE,TIE_COMPLETE,NOT_APPLICABLE,True,1,COMPLETE,TIE_COMPLETE,NOT_APPLICABLE,COMPLETE_BOTH
1a87e8b261ff7b06b8dd541a2ad7669f60d31cc5155664d0f57ec40d42eebe07,conv-41,148,How is Maria's new puppy adjusting to its new home?,4,targeted,1,1,SINGLE_CARRIER_SINGLE_SESSION,UNMARKED,True,1,COMPLETE,TIE_COMPLETE,NOT_APPLICABLE,True,1,COMPLETE,TIE_COMPLETE,NOT_APPLICABLE,COMPLETE_BOTH
3670971da03be2d4a8dfb869295c91ae95c9e542e2cb1940890c3e6b53c0255a,conv-41,149,What is John currently doing as a volunteer in August 2023?,4,targeted,1,1,SINGLE_CARRIER_SINGLE_SESSION,UNMARKED,True,1,COMPLETE,TIE_COMPLETE,NOT_APPLICABLE,True,1,COMPLETE,TIE_COMPLETE,NOT_APPLICABLE,COMPLETE_BOTH
35e21af4a0f1ed9b75a9cb0c2a3b228af7fad01f8d34d71b7be63089b58bca6a,conv-41,150,What activities does John's family enjoy doing together?,4,targeted,1,1,SINGLE_CARRIER_SINGLE_SESSION,ENUMERATION,True,1,COMPLETE,TIE_COMPLETE,NOT_APPLICABLE,True,1,COMPLETE,TIE_COMPLETE,NOT_APPLICABLE,COMPLETE_BOTH
fef3e92cb81eb3393f5bd6e3767aab8c3ac558f405c5c6cf0d3d026c9f5fac5a,conv-41,151,"What did the donations help John's community acquire on 16 August, 2023?",4,targeted,1,1,SINGLE_CARRIER_SINGLE_SESSION,UNMARKED,True,1,COMPLETE,TIE_COMPLETE,NOT_APPLICABLE,True,1,COMPLETE,TIE_COMPLETE,NOT_APPLICABLE,COMPLETE_BOTH
2f873ae93a4065c7626bb66686865ed5380512eac8178e185cdb39dd3a3b39aa,conv-41,152,What is John's main focus in international politics?,5,targeted,1,1,SINGLE_CARRIER_SINGLE_SESSION,UNMARKED,True,1,COMPLETE,TIE_COMPLETE,NOT_APPLICABLE,True,1,COMPLETE,TIE_COMPLETE,NOT_APPLICABLE,COMPLETE_BOTH
fb14b320ff7f961f39c0540c45ec7fd6143c82f9d362be404b882fc762664713,conv-41,153,What did Maria donate to a luxury store in December 2023?,5,targeted,1,1,SINGLE_CARRIER_SINGLE_SESSION,UNMARKED,True,1,COMPLETE,TIE_COMPLETE,NOT_APPLICABLE,True,1,COMPLETE,TIE_COMPLETE,NOT_APPLICABLE,COMPLETE_BOTH
43181c9e0e61e087f1844007955635e2a580d7b2a4f1265b2cb07674ecc2fe21,conv-41,154,Who inspired John to start volunteering?,5,targeted,1,1,SINGLE_CARRIER_SINGLE_SESSION,UNMARKED,True,1,COMPLETE,TIE_COMPLETE,NOT_APPLICABLE,True,1,COMPLETE,TIE_COMPLETE,NOT_APPLICABLE,COMPLETE_BOTH
6e9cb9db497fad635aa4bea49e0842d5d2e19e25ce9187a07f8deba8eb82f622,conv-41,155,Why did Maria decide to run for office again?,5,targeted,1,1,SINGLE_CARRIER_SINGLE_SESSION,CAUSAL,True,1,COMPLETE,TIE_COMPLETE,NOT_APPLICABLE,True,1,COMPLETE,TIE_COMPLETE,NOT_APPLICABLE,COMPLETE_BOTH
ef357ff73e1b22a58be8d9db6889567f79c19433b565ae18dc6bc2c0b1a0cf00,conv-41,156,"What activity did Maria's colleague, Rob, invite her to?",5,targeted,1,1,SINGLE_CARRIER_SINGLE_SESSION,UNMARKED,True,1,COMPLETE,TIE_COMPLETE,NOT_APPLICABLE,True,1,COMPLETE,TIE_COMPLETE,NOT_APPLICABLE,COMPLETE_BOTH
5c40f50da56d71150d681519a9d5a8b7a532c29471cbbb1af763986947b3d032,conv-41,157,What is the name of Maria's one-year-old child?,5,targeted,1,1,SINGLE_CARRIER_SINGLE_SESSION,TEMPORAL,True,1,COMPLETE,TIE_COMPLETE,NOT_APPLICABLE,True,1,COMPLETE,TIE_COMPLETE,NOT_APPLICABLE,COMPLETE_BOTH
1f3ee3f34a81eca7572a66bb71b7f4481cd70c330a5a12e865fa6b8fc2b2e7de,conv-41,158,How often does John take his kids to the library?,5,targeted,1,1,SINGLE_CARRIER_SINGLE_SESSION,UNMARKED,True,1,COMPLETE,TIE_COMPLETE,NOT_APPLICABLE,True,1,COMPLETE,TIE_COMPLETE,NOT_APPLICABLE,COMPLETE_BOTH
536c077c64e2ca53c7ec0ecd286cea51d1e4e0501c1dfccdf948b55a06c9d725,conv-41,159,What did Maria make for her home to remind her of a trip to France?,5,targeted,1,1,SINGLE_CARRIER_SINGLE_SESSION,UNMARKED,True,1,COMPLETE,TIE_COMPLETE,NOT_APPLICABLE,True,1,COMPLETE,TIE_COMPLETE,NOT_APPLICABLE,COMPLETE_BOTH
0bcf087c0ef8be688509b681612275eead3b01e80f063f4b650ed1e8ea4080f3,conv-41,160,Where did John get the idea for the castle shadow box in his home?,5,targeted,1,1,SINGLE_CARRIER_SINGLE_SESSION,LOCATION,True,1,COMPLETE,TIE_COMPLETE,NOT_APPLICABLE,True,1,COMPLETE,TIE_COMPLETE,NOT_APPLICABLE,COMPLETE_BOTH
a733b6d1016435b34c02fbd860753fffc0e41a55b822a2fc4ef6beff6adf61c2,conv-41,161,What did Maria receive a certificate for?,5,targeted,1,1,SINGLE_CARRIER_SINGLE_SESSION,UNMARKED,True,1,COMPLETE,TIE_COMPLETE,NOT_APPLICABLE,True,1,COMPLETE,TIE_COMPLETE,NOT_APPLICABLE,COMPLETE_BOTH
0d712678dbafc8dcca620cc27e76837b565e64105b8ed97dd99694d8a4997d08,conv-41,162,What areas is John particularly interested in for art appreciation?,5,targeted,1,1,SINGLE_CARRIER_SINGLE_SESSION,UNMARKED,True,1,COMPLETE,TIE_COMPLETE,NOT_APPLICABLE,True,1,COMPLETE,TIE_COMPLETE,NOT_APPLICABLE,COMPLETE_BOTH
76457879964b6b3f5c36884a8fbe5d22104c0f1275decbe6e1e80fb061fdedb1,conv-41,163,Why did Maria start blogging about politics and policies?,5,targeted,1,1,SINGLE_CARRIER_SINGLE_SESSION,CAUSAL,True,1,COMPLETE,TIE_COMPLETE,NOT_APPLICABLE,True,1,COMPLETE,TIE_COMPLETE,NOT_APPLICABLE,COMPLETE_BOTH
9c6a4a501dfd293ab8c57f679663b811850b7a92906d3f1fb3f0d012b95e469b,conv-41,164,What was the focus of John's recent travel and photography blog?,5,targeted,1,1,SINGLE_CARRIER_SINGLE_SESSION,UNMARKED,False,0,ZERO_EVIDENCE,TIE_MISS,NOT_APPLICABLE,False,0,ZERO_EVIDENCE,TIE_MISS,NOT_APPLICABLE,PERSISTENT_MISS
43b124d25ed567d81c8eac80e6ed3492d0818a3679d25e2f69ec1ddab6c80f57,conv-41,165,How often does Maria work out with her family?,5,targeted,1,1,SINGLE_CARRIER_SINGLE_SESSION,UNMARKED,True,1,COMPLETE,TIE_COMPLETE,NOT_APPLICABLE,True,1,COMPLETE,TIE_COMPLETE,NOT_APPLICABLE,COMPLETE_BOTH
70fa95f6b7032254e8b17ee81605dfcf53d98574ff7e984f89fcf2ed402cf542,conv-41,166,How has John's artistic skills improved since starting boot camps with his family?,5,targeted,1,1,SINGLE_CARRIER_SINGLE_SESSION,UNMARKED,True,1,COMPLETE,TIE_COMPLETE,NOT_APPLICABLE,True,1,COMPLETE,TIE_COMPLETE,NOT_APPLICABLE,COMPLETE_BOTH
f24a2552e43ae7f7c6428f38575b3d5721f8e9197d6a4fa596cf13c6f668614a,conv-41,167,What kind of food did Maria have on her dinner spread with her father?,5,targeted,1,1,SINGLE_CARRIER_SINGLE_SESSION,UNMARKED,True,1,COMPLETE,TIE_COMPLETE,NOT_APPLICABLE,True,1,COMPLETE,TIE_COMPLETE,NOT_APPLICABLE,COMPLETE_BOTH
fea0464841d7f35ebdadf47e2bbdf2ba5f568c45aed7c10022590698c692c89f,conv-41,168,What did John do to feel closer to a community and his faith?,5,targeted,1,1,SINGLE_CARRIER_SINGLE_SESSION,UNMARKED,True,1,COMPLETE,TIE_COMPLETE,NOT_APPLICABLE,True,1,COMPLETE,TIE_COMPLETE,NOT_APPLICABLE,COMPLETE_BOTH
b405ac7fad1a46af53fbd71980011c072bef89d14bc20fa3d13655690c2c0b83,conv-41,169,Why did John join a nearby church recently?,5,targeted,1,1,SINGLE_CARRIER_SINGLE_SESSION,CAUSAL,True,1,COMPLETE,TIE_COMPLETE,NOT_APPLICABLE,True,1,COMPLETE,TIE_COMPLETE,NOT_APPLICABLE,COMPLETE_BOTH
a720edd5fafc82e1e204fcd796359548362934cb2cc65d6c501119c950d799a4,conv-41,170,How long was Max a part of Maria's family?,5,targeted,1,1,SINGLE_CARRIER_SINGLE_SESSION,TEMPORAL,True,1,COMPLETE,TIE_COMPLETE,NOT_APPLICABLE,True,1,COMPLETE,TIE_COMPLETE,NOT_APPLICABLE,COMPLETE_BOTH
da6e5c88bd91060affe76e0d39a4da54e534882f91513f02e57e1e4eea7b560c,conv-41,171,How does Maria plan to honor the memories of her beloved pet?,5,targeted,1,1,SINGLE_CARRIER_SINGLE_SESSION,UNMARKED,True,1,COMPLETE,TIE_COMPLETE,NOT_APPLICABLE,True,1,COMPLETE,TIE_COMPLETE,NOT_APPLICABLE,COMPLETE_BOTH
425cfd4098acbcfbe34bf2261fa6549fe1ecc5fe7a53e0780cccbcddabfa17d7,conv-41,172,What important values does Maria want to teach her kids through adopting a rescue dog?,5,targeted,1,1,SINGLE_CARRIER_SINGLE_SESSION,UNMARKED,True,1,COMPLETE,TIE_COMPLETE,NOT_APPLICABLE,True,1,COMPLETE,TIE_COMPLETE,NOT_APPLICABLE,COMPLETE_BOTH
386f07d456508f3454e94ca12adb2aed5f0d543a45b70821c49f1a891bc1e46f,conv-41,173,What did Maria say it was like being at the desert in Oregon?,5,targeted,1,1,SINGLE_CARRIER_SINGLE_SESSION,UNMARKED,True,1,COMPLETE,TIE_COMPLETE,NOT_APPLICABLE,True,1,COMPLETE,TIE_COMPLETE,NOT_APPLICABLE,COMPLETE_BOTH
2d37977f7edc43555a40a46e82c1e46a985e4feac6ef16b44dfc24f8b39b2c7a,conv-41,174,What does John say she feels when doing upside-down yoga poses?,5,targeted,1,1,SINGLE_CARRIER_SINGLE_SESSION,TEMPORAL,True,1,COMPLETE,TIE_COMPLETE,NOT_APPLICABLE,True,1,COMPLETE,TIE_COMPLETE,NOT_APPLICABLE,COMPLETE_BOTH
deb319cdfa720c9d252c5465f4a89184747ba61746b46f6ee369a4d6e01202b2,conv-41,175,What did Maria recently get promoted to?,5,targeted,1,1,SINGLE_CARRIER_SINGLE_SESSION,UNMARKED,True,1,COMPLETE,TIE_COMPLETE,NOT_APPLICABLE,True,1,COMPLETE,TIE_COMPLETE,NOT_APPLICABLE,COMPLETE_BOTH
0ec54f3a06fd79fb0add4f940b8652bf92930cf3adceff2c7f2f6d0335af524a,conv-41,176,What was one of the biggest challenges Maria faced in her journey to becoming assistant manager?,5,targeted,1,1,SINGLE_CARRIER_SINGLE_SESSION,UNMARKED,True,1,COMPLETE,TIE_COMPLETE,NOT_APPLICABLE,True,1,COMPLETE,TIE_COMPLETE,NOT_APPLICABLE,COMPLETE_BOTH
bcdf3968c8368ad332cdb696ec6d703bdd366aea53702734e08ba394fc2d9edc,conv-41,177,Why did John need to help his cousin find a new place to live?,5,targeted,1,1,SINGLE_CARRIER_SINGLE_SESSION,LOCATION|CAUSAL,True,1,COMPLETE,TIE_COMPLETE,NOT_APPLICABLE,True,1,COMPLETE,TIE_COMPLETE,NOT_APPLICABLE,COMPLETE_BOTH
96f415aea72aff09c8c2a31b5a8d4be6ccd8b5ea1d3d0e8e28185002165792bd,conv-41,178,What event did Maria participate in to show support for veterans' rights?,5,targeted,1,1,SINGLE_CARRIER_SINGLE_SESSION,UNMARKED,True,1,COMPLETE,TIE_COMPLETE,NOT_APPLICABLE,True,1,COMPLETE,TIE_COMPLETE,NOT_APPLICABLE,COMPLETE_BOTH
e8ac473c2552deec0e3b2e2ba081acda38d95f2df6e07cf76b49f316960a7dd8,conv-41,179,How did the drought impact the homes in John's old area?,5,targeted,1,1,SINGLE_CARRIER_SINGLE_SESSION,UNMARKED,True,1,COMPLETE,TIE_COMPLETE,NOT_APPLICABLE,True,1,COMPLETE,TIE_COMPLETE,NOT_APPLICABLE,COMPLETE_BOTH
f0901fd845d598a9a2576b6afc3e5ac69f4058a235d8c9993f5d3471be855c17,conv-41,180,What does John criticize about the veteran's hospital visit?,5,targeted,1,1,SINGLE_CARRIER_SINGLE_SESSION,UNMARKED,True,1,COMPLETE,TIE_COMPLETE,NOT_APPLICABLE,True,1,COMPLETE,TIE_COMPLETE,NOT_APPLICABLE,COMPLETE_BOTH
70588b7ccfe6e35bed12f5c0613ceb3fdb8950468d3f3b63b7d30d8688782076,conv-41,181,What did John take away from visiting the orphanage?,5,targeted,1,1,SINGLE_CARRIER_SINGLE_SESSION,UNMARKED,True,1,COMPLETE,TIE_COMPLETE,NOT_APPLICABLE,True,1,COMPLETE,TIE_COMPLETE,NOT_APPLICABLE,COMPLETE_BOTH
1097b5b3e426b9e4489841fb10cc5a032d318d7a5f70706cbfea495216f73d87,conv-41,182,Why did Maria feel inspired to join the military after the visit to the hospital?,5,targeted,1,1,SINGLE_CARRIER_SINGLE_SESSION,TEMPORAL|CAUSAL,True,1,COMPLETE,TIE_COMPLETE,NOT_APPLICABLE,True,1,COMPLETE,TIE_COMPLETE,NOT_APPLICABLE,COMPLETE_BOTH
d01af9d24d967a55b000f5742462f5cfac03fefb77ffb7e5df954438fc3d1daa,conv-41,183,How did Maria describe her kids' reaction at the military memorial?,5,targeted,1,1,SINGLE_CARRIER_SINGLE_SESSION,UNMARKED,True,1,COMPLETE,TIE_COMPLETE,NOT_APPLICABLE,True,1,COMPLETE,TIE_COMPLETE,NOT_APPLICABLE,COMPLETE_BOTH
bd9d53104b0f2f294a88f58d1eba886e489bd6be940cd453c03ba8f8f1bbf00e,conv-41,184,Why does Maria think it's important for younger generations to visit art galleries?,5,targeted,1,1,SINGLE_CARRIER_SINGLE_SESSION,CAUSAL,True,1,COMPLETE,TIE_COMPLETE,NOT_APPLICABLE,True,1,COMPLETE,TIE_COMPLETE,NOT_APPLICABLE,COMPLETE_BOTH
dae3baaa75e838b94081ce10c8efb2738001d431dad1e32e864eb3773ba75567,conv-41,185,What happened to Maria's job in August 2023?,5,targeted,1,1,SINGLE_CARRIER_SINGLE_SESSION,UNMARKED,True,1,COMPLETE,TIE_COMPLETE,NOT_APPLICABLE,True,1,COMPLETE,TIE_COMPLETE,NOT_APPLICABLE,COMPLETE_BOTH
c99ccfb5c495f3e0781d231475926ca9326e3a9eb267a45d12e6eb584103165b,conv-41,186,What cause did the 5K charity run organized by Maria support?,5,targeted,1,1,SINGLE_CARRIER_SINGLE_SESSION,CAUSAL,True,1,COMPLETE,TIE_COMPLETE,NOT_APPLICABLE,True,1,COMPLETE,TIE_COMPLETE,NOT_APPLICABLE,COMPLETE_BOTH
9bdb58cacbe123fc8477bd8dad46d6859873eadf2b3108070c8407488145abca,conv-41,187,Who did John work with to raise awareness and funds for animal welfare?,5,targeted,1,1,SINGLE_CARRIER_SINGLE_SESSION,UNMARKED,True,1,COMPLETE,TIE_COMPLETE,NOT_APPLICABLE,True,1,COMPLETE,TIE_COMPLETE,NOT_APPLICABLE,COMPLETE_BOTH
14d6db8eb4426e84c82cbb5d3f7657258779ab1c3459fbf2df77cf66b0dbdc07,conv-41,188,What recognition did John receive at the homeless shelter in August 2023?,5,targeted,1,1,SINGLE_CARRIER_SINGLE_SESSION,UNMARKED,True,1,COMPLETE,TIE_COMPLETE,NOT_APPLICABLE,True,1,COMPLETE,TIE_COMPLETE,NOT_APPLICABLE,COMPLETE_BOTH
28986d1c91b557ad4641b447e028a1ea6a26eb55d9c69dae775b6fe737831a78,conv-41,189,"What is the name of John's puppy he got two weeks before August 11, 2023?",5,targeted,1,1,SINGLE_CARRIER_SINGLE_SESSION,TEMPORAL,True,1,COMPLETE,TIE_COMPLETE,NOT_APPLICABLE,True,1,COMPLETE,TIE_COMPLETE,NOT_APPLICABLE,COMPLETE_BOTH
2975a3396b7dd430df3ef55400207a44a4aec6406161a6c8300ad2f36d587271,conv-41,190,How does Maria describe the camping trip with Max?,5,targeted,1,1,SINGLE_CARRIER_SINGLE_SESSION,UNMARKED,True,1,COMPLETE,TIE_COMPLETE,NOT_APPLICABLE,True,1,COMPLETE,TIE_COMPLETE,NOT_APPLICABLE,COMPLETE_BOTH
4801c349ac7695261ec54b7eee765ddd43f29326e72c3993dc1fb5af1de1ecd5,conv-41,191,What is the name of Maria's second kitten?,5,targeted,1,1,SINGLE_CARRIER_SINGLE_SESSION,UNMARKED,True,1,COMPLETE,TIE_COMPLETE,NOT_APPLICABLE,True,1,COMPLETE,TIE_COMPLETE,NOT_APPLICABLE,COMPLETE_BOTH
046be73c80a11e8dce6b11c4d109649e88fefcefb88aa07cdc81640f55929f61,conv-41,192,How is John's new puppy adjusting to its new home?,5,targeted,1,1,SINGLE_CARRIER_SINGLE_SESSION,UNMARKED,True,1,COMPLETE,TIE_COMPLETE,NOT_APPLICABLE,True,1,COMPLETE,TIE_COMPLETE,NOT_APPLICABLE,COMPLETE_BOTH
ee01995c1b6cbdbba001d03c049c1248cd1a924f616dfc95322b3715197916db,conv-42,0,Is it likely that Nate has friends besides Joanna?,3,targeted,1,1,SINGLE_CARRIER_SINGLE_SESSION,UNMARKED,False,0,ZERO_EVIDENCE,TIE_MISS,NOT_APPLICABLE,False,0,ZERO_EVIDENCE,TIE_MISS,NOT_APPLICABLE,PERSISTENT_MISS
71f9701e87037e560e74df0ea2c93cec9bed2d2326892f035c55b918a3c2c9a6,conv-42,1,What kind of interests do Joanna and Nate share?,1,breadth,6,5,MULTI_SESSION,UNMARKED,False,2,PARTIAL_EVIDENCE,TIE_MISS,NOT_APPLICABLE,False,4,PARTIAL_EVIDENCE,TIE_MISS,NOT_APPLICABLE,PERSISTENT_MISS
6e3bb239f06df0a600b8bbf2e3f260db4d5446d49ca2559cbe06f42f2b215547,conv-42,2,"When did Joanna first watch ""Eternal Sunshine of the Spotless Mind?",2,targeted,1,1,SINGLE_CARRIER_SINGLE_SESSION,TEMPORAL,True,1,COMPLETE,TIE_COMPLETE,NOT_APPLICABLE,True,1,COMPLETE,TIE_COMPLETE,NOT_APPLICABLE,COMPLETE_BOTH
acc7d66ccbc2bf0942e6a202a0f5dd8c0e2baa2b477daf34c4b3788463ff63a8,conv-42,3,When did Nate win his first video game tournament?,2,targeted,1,1,SINGLE_CARRIER_SINGLE_SESSION,TEMPORAL,True,1,COMPLETE,TIE_COMPLETE,NOT_APPLICABLE,True,1,COMPLETE,TIE_COMPLETE,NOT_APPLICABLE,COMPLETE_BOTH
cb676b60c28a8e0690819d4d3a693005625ac7f3c913b22b56dcbb7217392154,conv-42,4,What pets wouldn't cause any discomfort to Joanna?,3,targeted,1,1,SINGLE_CARRIER_SINGLE_SESSION,CAUSAL,True,1,COMPLETE,TIE_COMPLETE,NOT_APPLICABLE,True,1,COMPLETE,TIE_COMPLETE,NOT_APPLICABLE,COMPLETE_BOTH
35f99c121434e8bea64ddb3b984645d990b4f9fc8c72a9ff45ede049973e5af3,conv-42,5,What are Joanna's hobbies?,1,other,2,2,MULTI_SESSION,ENUMERATION,True,2,COMPLETE,TIE_COMPLETE,NOT_APPLICABLE,True,2,COMPLETE,TIE_COMPLETE,NOT_APPLICABLE,COMPLETE_BOTH
a1cb1a7fba59dcaf7cb9bda5c851521458e65e91336d16e0ae07aee30dc59005,conv-42,6,How long has Nate had his first two turtles?,2,targeted,1,1,SINGLE_CARRIER_SINGLE_SESSION,TEMPORAL,True,1,COMPLETE,TIE_COMPLETE,NOT_APPLICABLE,True,1,COMPLETE,TIE_COMPLETE,NOT_APPLICABLE,COMPLETE_BOTH
6bc1d329177e9005a48fa9903e48f0af6815fe9e627be80b2bbbccce94707e71,conv-42,7,When did Joanna finish her first screenplay?,2,targeted,1,1,SINGLE_CARRIER_SINGLE_SESSION,TEMPORAL,True,1,COMPLETE,TIE_COMPLETE,NOT_APPLICABLE,True,1,COMPLETE,TIE_COMPLETE,NOT_APPLICABLE,COMPLETE_BOTH
de0c4c96e627b98e82a86b607deed6a4698022ed6a2e857ff6c8b00c0b1831dd,conv-42,8,When did Nate get his first two turtles?,2,targeted,1,1,SINGLE_CARRIER_SINGLE_SESSION,TEMPORAL,True,1,COMPLETE,TIE_COMPLETE,NOT_APPLICABLE,True,1,COMPLETE,TIE_COMPLETE,NOT_APPLICABLE,COMPLETE_BOTH
d9e6cc466839a23c393d296e0d5a2a6d76a5a388245eba38b7eb200d117086de,conv-42,9,What major achievement did Joanna accomplish in January 2022?,2,targeted,1,1,SINGLE_CARRIER_SINGLE_SESSION,UNMARKED,True,1,COMPLETE,TIE_COMPLETE,NOT_APPLICABLE,True,1,COMPLETE,TIE_COMPLETE,NOT_APPLICABLE,COMPLETE_BOTH
7719b843d95bf3d2d41d858ac80a967b4340f9aa8786495df91a6cbeeaed956a,conv-42,10,What emotions is Joanna feeling about  the screenplay she submitted?,1,other,2,2,MULTI_SESSION,UNMARKED,True,2,COMPLETE,TIE_COMPLETE,NOT_APPLICABLE,True,2,COMPLETE,TIE_COMPLETE,NOT_APPLICABLE,COMPLETE_BOTH
30ff3f19496cf33ea772fd7a7ce88e60e4eaebec9a63cabed8cd4cd3cac57089,conv-42,11,What is Joanna allergic to?,1,breadth,3,3,MULTI_SESSION,UNMARKED,False,2,PARTIAL_EVIDENCE,TIE_MISS,NOT_APPLICABLE,True,3,COMPLETE,TIE_COMPLETE,NOT_APPLICABLE,RESCUED_AT_32K
ae4eee9024208674fa84ce8f87d4025a3589596b49cfc23422ec70a8e0e0f3db,conv-42,12,What underlying condition might Joanna have based on her allergies?,3,other,2,2,MULTI_SESSION,UNMARKED,True,2,COMPLETE,TIE_COMPLETE,NOT_APPLICABLE,True,2,COMPLETE,TIE_COMPLETE,NOT_APPLICABLE,COMPLETE_BOTH
1c3308d6422cf507ebf3f87ea9173d770bb76bc6dfa83bb78458767625015eee,conv-42,13,When did Joanna have an audition for a writing gig?,2,targeted,1,1,SINGLE_CARRIER_SINGLE_SESSION,TEMPORAL,True,1,COMPLETE,TIE_COMPLETE,NOT_APPLICABLE,True,1,COMPLETE,TIE_COMPLETE,NOT_APPLICABLE,COMPLETE_BOTH
ea53edf2240b88e8643025451bf8b0a91e4673ebee8a947749c64e3bef02e8a1,conv-42,14,What nickname does Nate use for Joanna?,3,targeted,1,1,SINGLE_CARRIER_SINGLE_SESSION,UNMARKED,True,1,COMPLETE,TIE_COMPLETE,NOT_APPLICABLE,True,1,COMPLETE,TIE_COMPLETE,NOT_APPLICABLE,COMPLETE_BOTH
e752b2d87587dfb68ed870ec668580b7ca0465a265eb75cd05c69326300083e2,conv-42,15,When did Nate get purple hair?,2,targeted,1,1,SINGLE_CARRIER_SINGLE_SESSION,TEMPORAL,True,1,COMPLETE,TIE_COMPLETE,NOT_APPLICABLE,True,1,COMPLETE,TIE_COMPLETE,NOT_APPLICABLE,COMPLETE_BOTH
3c852f35c591afeec27ccb5a7906bf584426005cc24dd576609e7ba148dc84fe,conv-42,16,What physical transformation did Nate undergo in April 2022?,2,other,2,1,MULTI_CARRIER_ONE_SESSION,UNMARKED,True,2,COMPLETE,TIE_COMPLETE,NOT_APPLICABLE,True,2,COMPLETE,TIE_COMPLETE,NOT_APPLICABLE,COMPLETE_BOTH
62911317e28bfb6a246149bc470d9820366190e417d5f99e8af994964b0dcee1,conv-42,17,"What movie did Joanna watch on 1 May, 2022?",2,targeted,1,1,SINGLE_CARRIER_SINGLE_SESSION,UNMARKED,False,0,ZERO_EVIDENCE,TIE_MISS,NOT_APPLICABLE,True,1,COMPLETE,TIE_COMPLETE,NOT_APPLICABLE,RESCUED_AT_32K
2462636072dd6703ad03370bef3fdee5afe71747034c66438d114c607ce9e1c3,conv-42,18,Which outdoor spot did Joanna visit in May?,2,targeted,1,1,SINGLE_CARRIER_SINGLE_SESSION,ENUMERATION,True,1,COMPLETE,TIE_COMPLETE,NOT_APPLICABLE,True,1,COMPLETE,TIE_COMPLETE,NOT_APPLICABLE,COMPLETE_BOTH
7b8560cc2b221e25f260244375db06c72926e78359473f40b9cf09d69eb15030,conv-42,19,How many times has Joanna found new hiking trails?,1,other,2,2,MULTI_SESSION,QUANTITY|ENUMERATION,True,2,COMPLETE,TIE_COMPLETE,NOT_APPLICABLE,True,2,COMPLETE,TIE_COMPLETE,NOT_APPLICABLE,COMPLETE_BOTH
47b387fb0b897623fad30bb25a69685435cb8b216d3cbbeaf23265ca5bd19964,conv-42,20,When did Nate adopt Max?,2,targeted,1,1,SINGLE_CARRIER_SINGLE_SESSION,TEMPORAL,True,1,COMPLETE,TIE_COMPLETE,NOT_APPLICABLE,True,1,COMPLETE,TIE_COMPLETE,NOT_APPLICABLE,COMPLETE_BOTH
058c21128650279b721a539cf1ce5970b7e5d7b7ee3fc5a4bb4059659cc10ac5,conv-42,21,Who was the new addition to Nate's family in May 2022?,2,targeted,1,1,SINGLE_CARRIER_SINGLE_SESSION,UNMARKED,True,1,COMPLETE,TIE_COMPLETE,NOT_APPLICABLE,True,1,COMPLETE,TIE_COMPLETE,NOT_APPLICABLE,COMPLETE_BOTH
3e2b00c1068787d149a352fdbd75da29bf102cb1c78e2ab989abc1f93d02d54c,conv-42,22,When did Joanna start writing her third screenplay?,2,targeted,1,1,SINGLE_CARRIER_SINGLE_SESSION,TEMPORAL,False,0,ZERO_EVIDENCE,TIE_MISS,NOT_APPLICABLE,True,1,COMPLETE,TIE_COMPLETE,NOT_APPLICABLE,RESCUED_AT_32K
23aa5a9cc2a9e022d953c26f48405defdf132d357997553f484011f7cef60dcd,conv-42,23,Which of Joanna's screenplay were rejected from production companies?,1,breadth,5,4,MULTI_SESSION,ENUMERATION,True,5,COMPLETE,TIE_COMPLETE,NOT_APPLICABLE,True,5,COMPLETE,TIE_COMPLETE,NOT_APPLICABLE,COMPLETE_BOTH
8de8ac65359adb78c1d480e238341027a250dc2c52615a95c48bff92378331c5,conv-42,24,When is Nate hosting a gaming party?,2,targeted,1,1,SINGLE_CARRIER_SINGLE_SESSION,TEMPORAL,True,1,COMPLETE,TIE_COMPLETE,NOT_APPLICABLE,True,1,COMPLETE,TIE_COMPLETE,NOT_APPLICABLE,COMPLETE_BOTH
279cb8014f0fd09e2f49013cf5e31b786a46f9bf7f163fd93b229bae8e3fa55f,conv-42,25,When did Joanna hike with her buddies?,2,targeted,1,1,SINGLE_CARRIER_SINGLE_SESSION,TEMPORAL,True,1,COMPLETE,TIE_COMPLETE,NOT_APPLICABLE,True,1,COMPLETE,TIE_COMPLETE,NOT_APPLICABLE,COMPLETE_BOTH
23378a83b8d403396793024a4363e3dbe42fae73998824c3794b27aaaa38b39a,conv-42,26,When did Nate win his third tourney?,2,targeted,1,1,SINGLE_CARRIER_SINGLE_SESSION,TEMPORAL,True,1,COMPLETE,TIE_COMPLETE,NOT_APPLICABLE,True,1,COMPLETE,TIE_COMPLETE,NOT_APPLICABLE,COMPLETE_BOTH
fb118ca3cd7adf8790322ef7bcad6f0445fd1b5c71dfc91922e4664488e0f096,conv-42,27,What places has Joanna submitted her work to?,1,other,2,2,MULTI_SESSION,LOCATION|ENUMERATION,True,2,COMPLETE,TIE_COMPLETE,NOT_APPLICABLE,True,2,COMPLETE,TIE_COMPLETE,NOT_APPLICABLE,COMPLETE_BOTH
d174ee73f64accbbde07f7b69ca9b88e873a754f0c1638caab57b6550ae207cf,conv-42,28,When did Nate make vegan icecream and share it with a vegan diet group?,2,targeted,1,1,SINGLE_CARRIER_SINGLE_SESSION,TEMPORAL,True,1,COMPLETE,TIE_COMPLETE,NOT_APPLICABLE,True,1,COMPLETE,TIE_COMPLETE,NOT_APPLICABLE,COMPLETE_BOTH
68db0e898dba0f4eefbafb66d86125fae4c9b83d6e1264b60347dcd965e805c0,conv-42,29,When is Joanna going to make Nate's ice cream for her family?,2,targeted,1,1,SINGLE_CARRIER_SINGLE_SESSION,TEMPORAL,True,1,COMPLETE,TIE_COMPLETE,NOT_APPLICABLE,True,1,COMPLETE,TIE_COMPLETE,NOT_APPLICABLE,COMPLETE_BOTH
7fd147b3cb2deb3677b72ea650c8453b67ff7f6a2e84e36d1d887c7a14608c85,conv-42,30,What kind of writings does Joanna do?,1,breadth,4,3,MULTI_SESSION,UNMARKED,False,3,PARTIAL_EVIDENCE,TIE_MISS,NOT_APPLICABLE,True,4,COMPLETE,TIE_COMPLETE,NOT_APPLICABLE,RESCUED_AT_32K
c49905113defb259264bcc83e74a524fd1e3f6815c4d81d8e3857a537da3120e,conv-42,31,When did Nate win his fourth video game tournament?,2,targeted,1,1,SINGLE_CARRIER_SINGLE_SESSION,TEMPORAL,True,1,COMPLETE,TIE_COMPLETE,NOT_APPLICABLE,True,1,COMPLETE,TIE_COMPLETE,NOT_APPLICABLE,COMPLETE_BOTH
d336ecd481507b2632f26e04a91096b67fb0d26d8b4a74ba7fb8cee347a0b078,conv-42,32,Where did Joanna travel to in July 2022?,2,targeted,1,1,SINGLE_CARRIER_SINGLE_SESSION,LOCATION,True,1,COMPLETE,TIE_COMPLETE,NOT_APPLICABLE,True,1,COMPLETE,TIE_COMPLETE,NOT_APPLICABLE,COMPLETE_BOTH
fbc3c2230fafc70559c8b505c82a51565e376972d8c5d923e85cdf989751c53f,conv-42,33,When did someone write Joanna a touching letter?,2,targeted,1,1,SINGLE_CARRIER_SINGLE_SESSION,TEMPORAL,True,1,COMPLETE,TIE_COMPLETE,NOT_APPLICABLE,True,1,COMPLETE,TIE_COMPLETE,NOT_APPLICABLE,COMPLETE_BOTH
351a45c5455d0b869a0a5002511ee4a99fe6876b4015a46c155bd22d3b0cf361,conv-42,34,What book recommendations has Joanna given to Nate?,1,other,3,2,MULTI_SESSION,UNMARKED,False,1,PARTIAL_EVIDENCE,TIE_MISS,NOT_APPLICABLE,False,1,PARTIAL_EVIDENCE,TIE_MISS,NOT_APPLICABLE,PERSISTENT_MISS
37caa40b6f5651d328ec986771e081a246bb2922e1ba7f34c3d8caeb57049351,conv-42,35,When did Nate take time off to chill with his pets?,2,targeted,1,1,SINGLE_CARRIER_SINGLE_SESSION,TEMPORAL,True,1,COMPLETE,TIE_COMPLETE,NOT_APPLICABLE,True,1,COMPLETE,TIE_COMPLETE,NOT_APPLICABLE,COMPLETE_BOTH
64e790cf119943f76e4e7d40557d263730525613f693825a930b4b9b85605ae8,conv-42,36,When did Joanna share her book with her writers group?,2,targeted,1,1,SINGLE_CARRIER_SINGLE_SESSION,TEMPORAL,True,1,COMPLETE,TIE_COMPLETE,NOT_APPLICABLE,True,1,COMPLETE,TIE_COMPLETE,NOT_APPLICABLE,COMPLETE_BOTH
de597f5a520c1f0163d111f45cd6fac702d16f0cbcb50072f3fb03a8aa7fae46,conv-42,37,When did Nate win an international tournament?,2,targeted,1,1,SINGLE_CARRIER_SINGLE_SESSION,TEMPORAL,True,1,COMPLETE,TIE_COMPLETE,NOT_APPLICABLE,True,1,COMPLETE,TIE_COMPLETE,NOT_APPLICABLE,COMPLETE_BOTH
52cc5d919bdffd019b5d2a6e48ea04b3f08657cc2efb2390e547e7588a55e591,conv-42,38,When did Joanna make a desert with almond milk?,2,targeted,1,1,SINGLE_CARRIER_SINGLE_SESSION,TEMPORAL,True,1,COMPLETE,TIE_COMPLETE,NOT_APPLICABLE,True,1,COMPLETE,TIE_COMPLETE,NOT_APPLICABLE,COMPLETE_BOTH
730881879250923598d7f1bd2c315875fd1db0fc9e5b551e1805f6bb5f9ec9e0,conv-42,39,When did Nate attend a cooking show?,2,targeted,1,1,SINGLE_CARRIER_SINGLE_SESSION,TEMPORAL,True,1,COMPLETE,TIE_COMPLETE,NOT_APPLICABLE,True,1,COMPLETE,TIE_COMPLETE,NOT_APPLICABLE,COMPLETE_BOTH
1e93729add74f35e816e8dddb6000ad8f6b3e8cb6e832734325e43cbf8aaa4b4,conv-42,40,When did Joanna's laptop crash?,2,targeted,1,1,SINGLE_CARRIER_SINGLE_SESSION,TEMPORAL,True,1,COMPLETE,TIE_COMPLETE,NOT_APPLICABLE,True,1,COMPLETE,TIE_COMPLETE,NOT_APPLICABLE,COMPLETE_BOTH
ecb6bdcd037c1c2abca380593f7accf9acd56280196add1f5d47ec790c08b58b,conv-42,41,When did Joanna make a chocolate tart with raspberries?,2,targeted,1,1,SINGLE_CARRIER_SINGLE_SESSION,TEMPORAL,True,1,COMPLETE,TIE_COMPLETE,NOT_APPLICABLE,True,1,COMPLETE,TIE_COMPLETE,NOT_APPLICABLE,COMPLETE_BOTH
8fa3b13d692e80acac81f8e0a73f280687f7a3be4547c9cb2bd9f35cefe87cba,conv-42,42,What movies have both Joanna and Nate seen?,1,breadth,3,3,MULTI_SESSION,UNMARKED,False,2,PARTIAL_EVIDENCE,TIE_MISS,NOT_APPLICABLE,True,3,COMPLETE,TIE_COMPLETE,NOT_APPLICABLE,RESCUED_AT_32K
54e9604bb28c4edd66f145907620d52556398916b2c85ec7d8979289c05dfbbe,conv-42,43,How long did it take for Joanna to finish writing her book?,2,other,2,2,MULTI_SESSION,TEMPORAL,True,2,COMPLETE,TIE_COMPLETE,NOT_APPLICABLE,True,2,COMPLETE,TIE_COMPLETE,NOT_APPLICABLE,COMPLETE_BOTH
af2d0a34fee6fd029bdd1c4d786dae84fc1380c357d4c88920be408d147cbcca,conv-42,44,When did Nate win a lot of money in a video game tournament?,2,targeted,1,1,SINGLE_CARRIER_SINGLE_SESSION,TEMPORAL,True,1,COMPLETE,TIE_COMPLETE,NOT_APPLICABLE,True,1,COMPLETE,TIE_COMPLETE,NOT_APPLICABLE,COMPLETE_BOTH
56ef6dd634e505a6042446b520c32a554de19f4701fc259b9b7d5c6312ba8024,conv-42,45,When did Joanna finish up the writing for her book?,2,targeted,1,1,SINGLE_CARRIER_SINGLE_SESSION,TEMPORAL,True,1,COMPLETE,TIE_COMPLETE,NOT_APPLICABLE,True,1,COMPLETE,TIE_COMPLETE,NOT_APPLICABLE,COMPLETE_BOTH
ba9d8027860573aeaeed0cd07013fbbc925e7e0113182298e78395925e538661,conv-42,46,What board games has Nate played?,1,other,2,2,MULTI_SESSION,UNMARKED,True,2,COMPLETE,TIE_COMPLETE,NOT_APPLICABLE,True,2,COMPLETE,TIE_COMPLETE,NOT_APPLICABLE,COMPLETE_BOTH
c67cf4f99d135e595767179cca1cce876cad4e3bba1d5d594e32e3d2dab8fe8b,conv-42,47,What places has Nate met new people?,1,other,2,2,MULTI_SESSION,LOCATION|ENUMERATION,True,2,COMPLETE,TIE_COMPLETE,NOT_APPLICABLE,True,2,COMPLETE,TIE_COMPLETE,NOT_APPLICABLE,COMPLETE_BOTH
1c4c72388a8e0930c9170c91f62326f682378a011616663a11d659fd7c47701b,conv-42,48,When did Nate go to a convention and meet new people?,2,targeted,1,1,SINGLE_CARRIER_SINGLE_SESSION,TEMPORAL,True,1,COMPLETE,TIE_COMPLETE,NOT_APPLICABLE,True,1,COMPLETE,TIE_COMPLETE,NOT_APPLICABLE,COMPLETE_BOTH
b0e0b32158697ba79d23a6cd8cd336e3eec9bc2e3c8247c9074b3184c5829c28,conv-42,49,How many times has Joanna's scripts been rejected?,1,other,2,2,MULTI_SESSION,QUANTITY|ENUMERATION,True,2,COMPLETE,TIE_COMPLETE,NOT_APPLICABLE,True,2,COMPLETE,TIE_COMPLETE,NOT_APPLICABLE,COMPLETE_BOTH
2715207fe1f1624f541d0f192be48380020e8221d1cf9482fdc3a024ff5752f2,conv-42,50,What is something Nate gave to Joanna that brings her a lot of joy?,1,other,2,2,MULTI_SESSION,UNMARKED,True,2,COMPLETE,TIE_COMPLETE,NOT_APPLICABLE,True,2,COMPLETE,TIE_COMPLETE,NOT_APPLICABLE,COMPLETE_BOTH
8b6a009c3d9ea30209f25596bbd9e672294203263aa4fd5a2af2db9a93011f6c,conv-42,51,When did Nate get Tilly for Joanna?,1,other,2,2,MULTI_SESSION,TEMPORAL,True,2,COMPLETE,TIE_COMPLETE,NOT_APPLICABLE,True,2,COMPLETE,TIE_COMPLETE,NOT_APPLICABLE,COMPLETE_BOTH
e2df68b5446ea69031bb053a1f2c174b1e9e10e5f1084423004c9bea4e428d98,conv-42,52,How many of Joanna's writing have made it to the big screen?,1,other,2,2,MULTI_SESSION,QUANTITY|ENUMERATION,True,2,COMPLETE,TIE_COMPLETE,NOT_APPLICABLE,True,2,COMPLETE,TIE_COMPLETE,NOT_APPLICABLE,COMPLETE_BOTH
9e1a1be73a7975d28634a082da77a31fde088d055dfba5fd8fe758e5293a9d38,conv-42,53,How many times has Nate taken his turtles on a walk?,1,other,2,2,MULTI_SESSION,QUANTITY|ENUMERATION,False,1,PARTIAL_EVIDENCE,TIE_MISS,NOT_APPLICABLE,True,2,COMPLETE,TIE_COMPLETE,NOT_APPLICABLE,RESCUED_AT_32K
45709546bc0ba26d967ccdecc38613b87a3c20fea7bd6c60906e48290538757f,conv-42,54,When was Joanna's second movie script shown on the big screens?,2,targeted,1,1,SINGLE_CARRIER_SINGLE_SESSION,TEMPORAL,True,1,COMPLETE,TIE_COMPLETE,NOT_APPLICABLE,True,1,COMPLETE,TIE_COMPLETE,NOT_APPLICABLE,COMPLETE_BOTH
0bb8c16ab83966cc27014522c7251afedc317faedcf4da9e398fc46dfd73d488,conv-42,55,What is Joanna inspired by?,1,breadth,6,5,MULTI_SESSION,UNMARKED,False,1,PARTIAL_EVIDENCE,TIE_MISS,NOT_APPLICABLE,False,2,PARTIAL_EVIDENCE,TIE_MISS,NOT_APPLICABLE,PERSISTENT_MISS
35f9d906e9b7e3290f7e5a301e589ad0a892b1c43c019b43f3894b7dfa0567ec,conv-42,56,What animal do both Nate and Joanna like?,1,other,2,2,MULTI_SESSION,UNMARKED,True,2,COMPLETE,TIE_COMPLETE,NOT_APPLICABLE,True,2,COMPLETE,TIE_COMPLETE,NOT_APPLICABLE,COMPLETE_BOTH
b53ce915bdb62ca49733c1861052ee7f3fd06b0cac8c1f78ef05d1e78fcb644c,conv-42,57,When did Joanna plan to go over to Nate's and share recipes?,2,targeted,1,1,SINGLE_CARRIER_SINGLE_SESSION,TEMPORAL,True,1,COMPLETE,TIE_COMPLETE,NOT_APPLICABLE,True,1,COMPLETE,TIE_COMPLETE,NOT_APPLICABLE,COMPLETE_BOTH
1784f1ad203a31c7d8b86711f6c6c426d045716ecff16643f845906eb6a2b6cc,conv-42,59,What does Joanna do to remember happy memories?,1,other,2,2,MULTI_SESSION,UNMARKED,False,1,PARTIAL_EVIDENCE,TIE_MISS,NOT_APPLICABLE,True,2,COMPLETE,GAIN,CC80_ONLY,RESCUED_AT_32K
806aa7d67b74698fa1e67fefe095d818b9f3cb4eee56b0954e12087bd4d1b7ed,conv-42,60,What Console does Nate own?,3,targeted,1,1,SINGLE_CARRIER_SINGLE_SESSION,UNMARKED,True,1,COMPLETE,TIE_COMPLETE,NOT_APPLICABLE,True,1,COMPLETE,TIE_COMPLETE,NOT_APPLICABLE,COMPLETE_BOTH
ac84559bcd514c32229a01e9db5ed502f5bd727ce0c57cb8c72c7acd30b811cb,conv-42,61,What mediums does Nate use to play games?,1,other,3,2,MULTI_SESSION,UNMARKED,False,2,PARTIAL_EVIDENCE,TIE_MISS,NOT_APPLICABLE,True,3,COMPLETE,TIE_COMPLETE,NOT_APPLICABLE,RESCUED_AT_32K
c49b9e4e8dcd7d9a9f6b912bf9a45edc1102b5d09c94ad3defdfa49a51653967,conv-42,62,How many letters has Joanna recieved?,1,other,2,2,MULTI_SESSION,QUANTITY|ENUMERATION,False,1,PARTIAL_EVIDENCE,LOSS,BOTH_CONTROLS,True,2,COMPLETE,TIE_COMPLETE,NOT_APPLICABLE,RESCUED_AT_32K
3b2c3eec1968b36ec524b6d1be37562a129d0200adf4c641d4fdcd36dd426fc7,conv-42,63,What video games does Nate play?,1,breadth,5,4,MULTI_SESSION,UNMARKED,False,4,PARTIAL_EVIDENCE,TIE_MISS,NOT_APPLICABLE,True,5,COMPLETE,TIE_COMPLETE,NOT_APPLICABLE,RESCUED_AT_32K
ce5a083637ca2ce6ba0ce336660ef0dc05ab3311d306011f551f7c4d75774a57,conv-42,64,When did Nate win a big Valorant tourney?,2,targeted,1,1,SINGLE_CARRIER_SINGLE_SESSION,TEMPORAL,True,1,COMPLETE,TIE_COMPLETE,NOT_APPLICABLE,True,1,COMPLETE,TIE_COMPLETE,NOT_APPLICABLE,COMPLETE_BOTH
c7f924aebc7207c19dff83b944f915c93a81d5a5787250b68e70b28a6177e844,conv-42,65,Which torunament did Nate win in the beginning of November 2022?,2,targeted,1,1,SINGLE_CARRIER_SINGLE_SESSION,ENUMERATION,True,1,COMPLETE,TIE_COMPLETE,NOT_APPLICABLE,True,1,COMPLETE,TIE_COMPLETE,NOT_APPLICABLE,COMPLETE_BOTH
021530dae37f1fcd345b0f69e199cfb5ef26fde9061601ffa56d4b6462c03351,conv-42,66,What alternative career might Nate consider after gaming?,3,breadth,4,4,MULTI_SESSION,TEMPORAL,False,0,ZERO_EVIDENCE,TIE_MISS,NOT_APPLICABLE,False,1,PARTIAL_EVIDENCE,TIE_MISS,NOT_APPLICABLE,PERSISTENT_MISS
d393f309ff9c9c61792ecec0b7d2ff542614a524721a13da5c9c7fef8afd9c82,conv-42,67,What pets does Nate have?,1,breadth,3,3,MULTI_SESSION,UNMARKED,False,2,PARTIAL_EVIDENCE,TIE_MISS,NOT_APPLICABLE,False,2,PARTIAL_EVIDENCE,TIE_MISS,NOT_APPLICABLE,PERSISTENT_MISS
632151c796951d2a62fbedff26ffd94bd9546244a8497d01994231b111ee263f,conv-42,68,How many hikes has Joanna been on?,3,breadth,4,4,MULTI_SESSION,QUANTITY|ENUMERATION,False,1,PARTIAL_EVIDENCE,TIE_MISS,NOT_APPLICABLE,False,2,PARTIAL_EVIDENCE,TIE_MISS,NOT_APPLICABLE,PERSISTENT_MISS
a10194172b5d9f05c2381719e449e51c78b422f331a2dc1c567d7a79f37233d5,conv-42,69,How many turtles does Nate have?,1,other,2,2,MULTI_SESSION,QUANTITY|ENUMERATION,False,1,PARTIAL_EVIDENCE,TIE_MISS,NOT_APPLICABLE,False,1,PARTIAL_EVIDENCE,TIE_MISS,NOT_APPLICABLE,PERSISTENT_MISS
50370f80902f3cea6eddecd12a888e688e9f96e803a16709e89d946ce314cb01,conv-42,70,What activities does Nate do with his turtles?,1,other,3,2,MULTI_SESSION,ENUMERATION,True,3,COMPLETE,TIE_COMPLETE,NOT_APPLICABLE,True,3,COMPLETE,TIE_COMPLETE,NOT_APPLICABLE,COMPLETE_BOTH
642285dd7808bba6528b84bb31636f5664d655f26386ec7ef2c1ec714115f734,conv-42,71,What do both Joanna and Nate appreciate the beauty of?,1,other,2,2,MULTI_SESSION,UNMARKED,True,2,COMPLETE,TIE_COMPLETE,NOT_APPLICABLE,True,2,COMPLETE,TIE_COMPLETE,NOT_APPLICABLE,COMPLETE_BOTH
05ac76f5e94013bf1696ddc28ae760e0352a5c2982f87e0d1eb73c92f7c9bb53,conv-42,72,When did Joanna plan on going to Nate's to watch him play with his turtles?,2,targeted,1,1,SINGLE_CARRIER_SINGLE_SESSION,TEMPORAL,True,1,COMPLETE,TIE_COMPLETE,NOT_APPLICABLE,True,1,COMPLETE,TIE_COMPLETE,NOT_APPLICABLE,COMPLETE_BOTH
3e974cac1d4830a82127c69504050609003cd5cd319202da4e48e1ae37fb7efd,conv-42,73,What state did Joanna visit in summer 2021?,3,targeted,1,1,SINGLE_CARRIER_SINGLE_SESSION,UNMARKED,True,1,COMPLETE,TIE_COMPLETE,NOT_APPLICABLE,True,1,COMPLETE,TIE_COMPLETE,NOT_APPLICABLE,COMPLETE_BOTH
8196d9a50d8d2edeeb2934babfac6d1d92a399d5f581d996449942b57c6b19f5,conv-42,74,What recommendations has Nate received from Joanna?,1,breadth,6,5,MULTI_SESSION,UNMARKED,False,1,PARTIAL_EVIDENCE,TIE_MISS,NOT_APPLICABLE,False,2,PARTIAL_EVIDENCE,TIE_MISS,NOT_APPLICABLE,PERSISTENT_MISS
195cfa723f63a3c2c8be971c057ed1b2ee706b9183aad19e1c4b3cc442496d32,conv-42,75,What are Nate's favorite desserts?,1,other,4,2,MULTI_SESSION,ENUMERATION,True,4,COMPLETE,TIE_COMPLETE,NOT_APPLICABLE,True,4,COMPLETE,TIE_COMPLETE,NOT_APPLICABLE,COMPLETE_BOTH
f7bea5cf0138b778f6df3c9bd4a9ca109fdb22adfb55cd72b8d2efbaca5c1f84,conv-42,76,How has Nate tried to disburse his vegan ice-cream recipes?,1,other,2,2,MULTI_SESSION,UNMARKED,True,2,COMPLETE,TIE_COMPLETE,NOT_APPLICABLE,True,2,COMPLETE,TIE_COMPLETE,NOT_APPLICABLE,COMPLETE_BOTH
b469ca4c2ec1adc42a8f2d3962cfdb374bc3574d2d64572a3ecdab5f37661fef,conv-42,77,When did Nate win his second tournament?,2,targeted,1,1,SINGLE_CARRIER_SINGLE_SESSION,TEMPORAL,True,1,COMPLETE,TIE_COMPLETE,NOT_APPLICABLE,True,1,COMPLETE,TIE_COMPLETE,NOT_APPLICABLE,COMPLETE_BOTH
a41adcff1f3869760da18c4161fb06ce0ef820aab2706c20004ecf9fd3016d82,conv-42,78,How many video game tournaments has Nate participated in?,1,breadth,9,9,MULTI_SESSION,QUANTITY|ENUMERATION,True,9,COMPLETE,TIE_COMPLETE,NOT_APPLICABLE,True,9,COMPLETE,TIE_COMPLETE,NOT_APPLICABLE,COMPLETE_BOTH
c0be5dc5bb6a516c1deed9f06c5c9cac280f332ce134f31733e55c3dbd4bb891,conv-42,79,How many screenplays has Joanna written?,1,breadth,4,4,MULTI_SESSION,QUANTITY|ENUMERATION,False,3,PARTIAL_EVIDENCE,TIE_MISS,NOT_APPLICABLE,True,4,COMPLETE,TIE_COMPLETE,NOT_APPLICABLE,RESCUED_AT_32K
440de6a51273a11240f18b288c4c37ec9227a46197abb84f3660f78eabf8c0d8,conv-42,80,How many tournaments has Nate won?,1,breadth,7,7,MULTI_SESSION,QUANTITY|ENUMERATION,True,7,COMPLETE,TIE_COMPLETE,NOT_APPLICABLE,True,7,COMPLETE,TIE_COMPLETE,NOT_APPLICABLE,COMPLETE_BOTH
e8d5aa16ecb8323e9e87ee9d1e05ff19890b5c80fd9d011ac3cb7bb7eb167d4b,conv-42,81,What recipes has Joanna made?,1,breadth,9,5,MULTI_SESSION,UNMARKED,False,5,PARTIAL_EVIDENCE,TIE_MISS,NOT_APPLICABLE,False,7,PARTIAL_EVIDENCE,TIE_MISS,NOT_APPLICABLE,PERSISTENT_MISS
10e2a14d5ba7ec84d1a88b21897a015f3df7af04f811ade630ebb4b5b1cad17d,conv-42,82,What recipes has Nate made?,1,other,2,2,MULTI_SESSION,UNMARKED,False,1,PARTIAL_EVIDENCE,TIE_MISS,NOT_APPLICABLE,True,2,COMPLETE,TIE_COMPLETE,NOT_APPLICABLE,RESCUED_AT_32K
953e6f03e72f7983c8c6fffcea9b4a247694f0c81f9525a7797e1d427ebd2bc9,conv-42,83,What are the skills that Nate has helped others learn?,1,breadth,3,3,MULTI_SESSION,CAUSAL|ENUMERATION,False,2,PARTIAL_EVIDENCE,LOSS,A3_ONLY,True,3,COMPLETE,TIE_COMPLETE,NOT_APPLICABLE,RESCUED_AT_32K
62073229c03f67ec206128dddfff6c3e9a733a9af543c4d6e68cce576e41a063,conv-42,84,Was the first half of September 2022 a good month career-wise for Nate and Joanna? Answer yes or no.,3,other,2,2,MULTI_SESSION,TEMPORAL,False,1,PARTIAL_EVIDENCE,TIE_MISS,NOT_APPLICABLE,False,1,PARTIAL_EVIDENCE,TIE_MISS,NOT_APPLICABLE,PERSISTENT_MISS
dcf003086f310b982a492c8fbcb4c863a9e442e4499aaec84f1a68bc579cbfdd,conv-42,85,What kind of job is Joanna beginning to preform the duties of because of her movie scripts?,3,targeted,1,1,SINGLE_CARRIER_SINGLE_SESSION,UNMARKED,True,1,COMPLETE,TIE_COMPLETE,NOT_APPLICABLE,True,1,COMPLETE,TIE_COMPLETE,NOT_APPLICABLE,COMPLETE_BOTH
3fe9fe73a2c84757f08e8194a36ba074e353962b4a58c3d280bef56cc4a61327,conv-42,86,When did Nate take his turtles to the beach?,2,targeted,1,1,SINGLE_CARRIER_SINGLE_SESSION,TEMPORAL,True,1,COMPLETE,TIE_COMPLETE,NOT_APPLICABLE,True,1,COMPLETE,TIE_COMPLETE,NOT_APPLICABLE,COMPLETE_BOTH
fc39bd31a145fc95bd88e759331e054c430434359bc870b590201bdad1987653,conv-42,87,What state did Nate visit?,3,targeted,1,1,SINGLE_CARRIER_SINGLE_SESSION,UNMARKED,False,0,ZERO_EVIDENCE,TIE_MISS,NOT_APPLICABLE,False,0,ZERO_EVIDENCE,TIE_MISS,NOT_APPLICABLE,PERSISTENT_MISS
1e989154811fb99819e2e13e2df4e0fadb11c5856fe60f9984b06e1b44d11f00,conv-42,89,What color did Nate choose for his hair?,4,other,2,1,MULTI_CARRIER_ONE_SESSION,UNMARKED,True,2,COMPLETE,TIE_COMPLETE,NOT_APPLICABLE,True,2,COMPLETE,TIE_COMPLETE,NOT_APPLICABLE,COMPLETE_BOTH
a32826014d81d1c187660c43433565eeaa74d9ab2793fb27a736c44b30a3050e,conv-42,90,What is Nate's favorite movie trilogy?,4,targeted,1,1,SINGLE_CARRIER_SINGLE_SESSION,UNMARKED,True,1,COMPLETE,TIE_COMPLETE,NOT_APPLICABLE,True,1,COMPLETE,TIE_COMPLETE,NOT_APPLICABLE,COMPLETE_BOTH
8d65e60f881387322dd26db1fb9262b408649c6bec70f6d39d4bd572c3d0d768,conv-42,91,What is Nate's favorite book series about?,4,targeted,1,1,SINGLE_CARRIER_SINGLE_SESSION,UNMARKED,True,1,COMPLETE,TIE_COMPLETE,NOT_APPLICABLE,True,1,COMPLETE,TIE_COMPLETE,NOT_APPLICABLE,COMPLETE_BOTH
8d6ac8b55d5e0454c70627450fc34b91086e090a98e6d62d1635f7f646c34161,conv-42,92,What kind of lighting does Nate's gaming room have?,4,targeted,1,1,SINGLE_CARRIER_SINGLE_SESSION,UNMARKED,False,0,ZERO_EVIDENCE,TIE_MISS,NOT_APPLICABLE,True,1,COMPLETE,TIE_COMPLETE,NOT_APPLICABLE,RESCUED_AT_32K
2093c9aa76d6ac319e9d56a97c52e2ee64ecce996626f3e6754a131ad226e8e9,conv-42,93,What game was the second tournament that Nate won based on?,4,other,2,1,MULTI_CARRIER_ONE_SESSION,UNMARKED,True,2,COMPLETE,TIE_COMPLETE,NOT_APPLICABLE,True,2,COMPLETE,TIE_COMPLETE,NOT_APPLICABLE,COMPLETE_BOTH
8832212f6fa8c327c297d50f380df09b24548076ca57c151468113867ee5ab88,conv-42,94,What is Joanna's third screenplay about?,4,targeted,1,1,SINGLE_CARRIER_SINGLE_SESSION,UNMARKED,True,1,COMPLETE,TIE_COMPLETE,NOT_APPLICABLE,True,1,COMPLETE,TIE_COMPLETE,NOT_APPLICABLE,COMPLETE_BOTH
cb7715e53ea093ad22321befca2052267a9748b8bcf6e853043deea41e974741,conv-42,95,What is Nate's favorite video game?,4,other,2,1,MULTI_CARRIER_ONE_SESSION,UNMARKED,True,2,COMPLETE,TIE_COMPLETE,NOT_APPLICABLE,True,2,COMPLETE,TIE_COMPLETE,NOT_APPLICABLE,COMPLETE_BOTH
c45231a551790010b1d752977c4d922da96ae1ea55086a07f8b645855e4f2e1f,conv-42,96,What type of movies does Nate enjoy watching the most?,4,targeted,1,1,SINGLE_CARRIER_SINGLE_SESSION,UNMARKED,True,1,COMPLETE,TIE_COMPLETE,NOT_APPLICABLE,True,1,COMPLETE,TIE_COMPLETE,NOT_APPLICABLE,COMPLETE_BOTH
4e91f5738d80a26d3351df6d5a280e9036686a86dd89514b17c13abfa5442eff,conv-42,97,"What did Joanna just finish last Friday on 23 January, 2022?",4,targeted,1,1,SINGLE_CARRIER_SINGLE_SESSION,TEMPORAL,True,1,COMPLETE,TIE_COMPLETE,NOT_APPLICABLE,True,1,COMPLETE,TIE_COMPLETE,NOT_APPLICABLE,COMPLETE_BOTH
300b1be42895da46ca1a94a4f988a69f1ed278fab5e27e452a256c39d452d648,conv-42,98,What genre is Joanna's first screenplay?,4,targeted,1,1,SINGLE_CARRIER_SINGLE_SESSION,TEMPORAL,True,1,COMPLETE,TIE_COMPLETE,NOT_APPLICABLE,True,1,COMPLETE,TIE_COMPLETE,NOT_APPLICABLE,COMPLETE_BOTH
62fdd8f715348602c02d07a0f9d46c81ee06f8a2edad57c7537b8137a4dba7f3,conv-42,99,What are Joanna's plans for her finished screenplay in January 2022?,4,targeted,1,1,SINGLE_CARRIER_SINGLE_SESSION,ENUMERATION,True,1,COMPLETE,TIE_COMPLETE,NOT_APPLICABLE,True,1,COMPLETE,TIE_COMPLETE,NOT_APPLICABLE,COMPLETE_BOTH
005b260e6c1b09927f1090a1e1408f63b1a1b6959848c6f06905b11983b582e2,conv-42,100,For how long has Nate had his turtles?,4,targeted,1,1,SINGLE_CARRIER_SINGLE_SESSION,TEMPORAL,True,1,COMPLETE,TIE_COMPLETE,NOT_APPLICABLE,True,1,COMPLETE,TIE_COMPLETE,NOT_APPLICABLE,COMPLETE_BOTH
1be78c5357bc8478553131dcacaf2db0b7743c1a4e176014fe70ee5a6e2954bd,conv-42,101,What did Nate think of the coconut milk ice cream he made?,4,targeted,1,1,SINGLE_CARRIER_SINGLE_SESSION,UNMARKED,True,1,COMPLETE,TIE_COMPLETE,NOT_APPLICABLE,True,1,COMPLETE,TIE_COMPLETE,NOT_APPLICABLE,COMPLETE_BOTH
3cdc893d056ef2fc084ae55d5213247db130e6c9eb53ef87bf3ab60052bc7551,conv-42,102,Which dairy-free dessert flavors does Nate enjoy?,4,targeted,1,1,SINGLE_CARRIER_SINGLE_SESSION,ENUMERATION,True,1,COMPLETE,TIE_COMPLETE,NOT_APPLICABLE,True,1,COMPLETE,TIE_COMPLETE,NOT_APPLICABLE,COMPLETE_BOTH
b1e9c3b46aa613d90adf0920b8505dd8244fa341b00db9bcd8109ee0b83d0b03,conv-42,103,"What did Joanna recently watch and recommend to Nate on February 7, 2022?",4,targeted,1,1,SINGLE_CARRIER_SINGLE_SESSION,UNMARKED,False,0,ZERO_EVIDENCE,TIE_MISS,NOT_APPLICABLE,False,0,ZERO_EVIDENCE,TIE_MISS,NOT_APPLICABLE,PERSISTENT_MISS
569aa83fd6d41fddc2eaa5aa7409d26064f6f9efd6b6ad9a585f325192606984,conv-42,104,"What is ""Little Women"" about according to Joanna?",4,targeted,1,1,SINGLE_CARRIER_SINGLE_SESSION,UNMARKED,True,1,COMPLETE,TIE_COMPLETE,NOT_APPLICABLE,True,1,COMPLETE,TIE_COMPLETE,NOT_APPLICABLE,COMPLETE_BOTH
49768a338dc170d3eadf9933bdef9370c77c3a8b5a8bc26d03300765150c921f,conv-42,105,"What flavor of ice cream did Nate make for his friend on 25 February, 2022?",4,targeted,1,1,SINGLE_CARRIER_SINGLE_SESSION,UNMARKED,True,1,COMPLETE,TIE_COMPLETE,NOT_APPLICABLE,True,1,COMPLETE,TIE_COMPLETE,NOT_APPLICABLE,COMPLETE_BOTH
a2cbfde9359c2cfe470fcdd7240f032cc7e52607ce7262f1a145e9ab808a7c4b,conv-42,106,"What inspired Joanna's new screenplay on 25 February, 2022?",4,targeted,1,1,SINGLE_CARRIER_SINGLE_SESSION,UNMARKED,True,1,COMPLETE,TIE_COMPLETE,NOT_APPLICABLE,True,1,COMPLETE,TIE_COMPLETE,NOT_APPLICABLE,COMPLETE_BOTH
731134a81544a28461e7fbc49dc641fe3e638442193f6039af698c4875d36232,conv-42,107,Why does Nate like turtles as pets?,4,targeted,1,1,SINGLE_CARRIER_SINGLE_SESSION,CAUSAL,True,1,COMPLETE,TIE_COMPLETE,NOT_APPLICABLE,True,1,COMPLETE,TIE_COMPLETE,NOT_APPLICABLE,COMPLETE_BOTH
6db5d86f40cbc7eacdea542613eb13788c3a5930cd8a21bc637d15dfd9b7deef,conv-42,108,How does Nate describe the process of taking care of turtles?,4,targeted,1,1,SINGLE_CARRIER_SINGLE_SESSION,UNMARKED,True,1,COMPLETE,TIE_COMPLETE,NOT_APPLICABLE,True,1,COMPLETE,TIE_COMPLETE,NOT_APPLICABLE,COMPLETE_BOTH
939224e8caf9cb80a4e1e156e4090be49a1cc178a0b5fc23b888ff1d18af3b2c,conv-42,109,What was Joanna's audition for?,4,targeted,1,1,SINGLE_CARRIER_SINGLE_SESSION,UNMARKED,True,1,COMPLETE,TIE_COMPLETE,NOT_APPLICABLE,True,1,COMPLETE,TIE_COMPLETE,NOT_APPLICABLE,COMPLETE_BOTH
35dbb5009164d93914dc4c38fa43a615c1e2e401855557304bd2338ff1831e5d,conv-42,110,Why did Nate choose the hair color he did?,4,targeted,1,1,SINGLE_CARRIER_SINGLE_SESSION,CAUSAL,True,1,COMPLETE,TIE_COMPLETE,NOT_APPLICABLE,True,1,COMPLETE,TIE_COMPLETE,NOT_APPLICABLE,COMPLETE_BOTH
b665320592f6b8edf367a00e9329ce8949b200945dc877eabbb3ea2fecb1ba8a,conv-42,111,What are the main ingredients of the ice cream recipe shared by Nate?,4,targeted,1,1,SINGLE_CARRIER_SINGLE_SESSION,ENUMERATION,True,1,COMPLETE,TIE_COMPLETE,NOT_APPLICABLE,True,1,COMPLETE,TIE_COMPLETE,NOT_APPLICABLE,COMPLETE_BOTH
787a650850ad11d0b7679c70ae4ece819af20fc9b28a261e6d601b1771fa9fd1,conv-42,112,What is Joanna's project called in the writers group?,4,targeted,1,1,SINGLE_CARRIER_SINGLE_SESSION,UNMARKED,True,1,COMPLETE,TIE_COMPLETE,NOT_APPLICABLE,True,1,COMPLETE,TIE_COMPLETE,NOT_APPLICABLE,COMPLETE_BOTH
83557c3e42be318af148d99f695f52e6498587b6491ad4730073457d7d4b067f,conv-42,113,What is Nate's favorite genre of movies?,4,targeted,1,1,SINGLE_CARRIER_SINGLE_SESSION,UNMARKED,True,1,COMPLETE,TIE_COMPLETE,NOT_APPLICABLE,True,1,COMPLETE,TIE_COMPLETE,NOT_APPLICABLE,COMPLETE_BOTH
d47be9afddf40ea9f3b31ad2b42eb95b9ea5e978ff677fd812f3d7166a69c96b,conv-42,114,What kind of books does Nate enjoy?,4,targeted,1,1,SINGLE_CARRIER_SINGLE_SESSION,UNMARKED,True,1,COMPLETE,TIE_COMPLETE,NOT_APPLICABLE,True,1,COMPLETE,TIE_COMPLETE,NOT_APPLICABLE,COMPLETE_BOTH
c45edd6f4fb8c6ad88f9f383a5e5959eb9e49166eba5439c592bafa5be15de4f,conv-42,115,What kind of films does Joanna enjoy?,4,targeted,1,1,SINGLE_CARRIER_SINGLE_SESSION,UNMARKED,True,1,COMPLETE,TIE_COMPLETE,NOT_APPLICABLE,True,1,COMPLETE,TIE_COMPLETE,NOT_APPLICABLE,COMPLETE_BOTH
2f0d57891f0c523dd0e19373dce9e8a71d8d88b56cde86c1b6a16d33a6f86294,conv-42,116,Which activity helps Nate escape and stimulates his imagination?,4,targeted,1,1,SINGLE_CARRIER_SINGLE_SESSION,ENUMERATION,True,1,COMPLETE,TIE_COMPLETE,NOT_APPLICABLE,True,1,COMPLETE,TIE_COMPLETE,NOT_APPLICABLE,COMPLETE_BOTH
12629630156092532fdd9e635530cec629cf77399827146dea05c63cae8de942,conv-42,117,What filling did Joanna use in the cake she made recently in May 2022?,4,targeted,1,1,SINGLE_CARRIER_SINGLE_SESSION,UNMARKED,True,1,COMPLETE,TIE_COMPLETE,NOT_APPLICABLE,True,1,COMPLETE,TIE_COMPLETE,NOT_APPLICABLE,COMPLETE_BOTH
3f6a0258d4eb8836ac3116ce10acbf84162d9105f9181bd9c506e7f53850bd21,conv-42,118,What kind of frosting did Joanna use on the cake she made recently in May 2022?,4,targeted,1,1,SINGLE_CARRIER_SINGLE_SESSION,UNMARKED,True,1,COMPLETE,TIE_COMPLETE,NOT_APPLICABLE,True,1,COMPLETE,TIE_COMPLETE,NOT_APPLICABLE,COMPLETE_BOTH
7aac0cea7cda2ac63703eb2181a286e5b0bded4e73537dc05079adcd132ca103,conv-42,119,What does Nate feel he could do when out in cool places like Whispering Falls?,4,targeted,1,1,SINGLE_CARRIER_SINGLE_SESSION,TEMPORAL|LOCATION,True,1,COMPLETE,TIE_COMPLETE,NOT_APPLICABLE,True,1,COMPLETE,TIE_COMPLETE,NOT_APPLICABLE,COMPLETE_BOTH
1b5219e81c24fed132d12bf5400516b8c2ddbe1468e921b95a700849824cd61d,conv-42,120,What creative activity does Nate joke about pursuing after being inspired by their hikes with Jo?,4,targeted,1,1,SINGLE_CARRIER_SINGLE_SESSION,TEMPORAL,False,0,ZERO_EVIDENCE,TIE_MISS,NOT_APPLICABLE,True,1,COMPLETE,TIE_COMPLETE,NOT_APPLICABLE,RESCUED_AT_32K
2555c4e207e847988d3812b298294c4636ac9f2d707cbc647a184b680185e2fd,conv-42,121,Who invited Nate to join her on the trails sometime?,4,targeted,1,1,SINGLE_CARRIER_SINGLE_SESSION,UNMARKED,True,1,COMPLETE,TIE_COMPLETE,NOT_APPLICABLE,True,1,COMPLETE,TIE_COMPLETE,NOT_APPLICABLE,COMPLETE_BOTH
cf63c68ccb35c7f161d465191c78a76284786967af8b5373b64135b1edc0461f,conv-42,122,"What did Nate do for Joanna on 25 May, 2022?",4,targeted,1,1,SINGLE_CARRIER_SINGLE_SESSION,UNMARKED,True,1,COMPLETE,TIE_COMPLETE,NOT_APPLICABLE,True,1,COMPLETE,TIE_COMPLETE,NOT_APPLICABLE,COMPLETE_BOTH
f50d9902ea1b4dd608641996ed5d7856ae11206ad9f551c20183b659bddd5c3e,conv-42,123,How does Nate describe the stuffed animal he got for Joanna?,4,targeted,1,1,SINGLE_CARRIER_SINGLE_SESSION,UNMARKED,True,1,COMPLETE,TIE_COMPLETE,NOT_APPLICABLE,True,1,COMPLETE,TIE_COMPLETE,NOT_APPLICABLE,COMPLETE_BOTH
72cf92f41023d88c3c51546af69a3e9f8ca7fbaea88b9b428d26ff48c23c73d2,conv-42,124,What event is Nate organizing in June 2022?,4,targeted,1,1,SINGLE_CARRIER_SINGLE_SESSION,UNMARKED,True,1,COMPLETE,TIE_COMPLETE,NOT_APPLICABLE,True,1,COMPLETE,TIE_COMPLETE,NOT_APPLICABLE,COMPLETE_BOTH
7fe71f93f8e140a34c7be0bcc8b1b33415fab524ce8cc49e30317ad01bea7b89,conv-42,125,Who did Nate plan to invite to his gaming party in June 2022?,4,targeted,1,1,SINGLE_CARRIER_SINGLE_SESSION,UNMARKED,True,1,COMPLETE,TIE_COMPLETE,NOT_APPLICABLE,True,1,COMPLETE,TIE_COMPLETE,NOT_APPLICABLE,COMPLETE_BOTH
574902a44ee9bda4219ef0c2bce8b6fb05c8e24735384ba92d8ce693e13878d2,conv-42,126,What special items did Nate get for everyone at his gaming party?,4,targeted,1,1,SINGLE_CARRIER_SINGLE_SESSION,UNMARKED,True,1,COMPLETE,TIE_COMPLETE,NOT_APPLICABLE,True,1,COMPLETE,TIE_COMPLETE,NOT_APPLICABLE,COMPLETE_BOTH
fc0628016808e2e3890843a105b902ff8ee789f2f8c76f59a7265aa5be952aba,conv-42,127,What did Joanna write yesterday that appeared on the big screen?,4,targeted,1,1,SINGLE_CARRIER_SINGLE_SESSION,UNMARKED,True,1,COMPLETE,TIE_COMPLETE,NOT_APPLICABLE,True,1,COMPLETE,TIE_COMPLETE,NOT_APPLICABLE,COMPLETE_BOTH
78d153b78b84d5f95f3e9fc1c6692c2f5bd495aae5357d0652c99ff2872abe83,conv-42,128,What superhero is Joanna a fan of?,4,targeted,1,1,SINGLE_CARRIER_SINGLE_SESSION,UNMARKED,True,1,COMPLETE,TIE_COMPLETE,NOT_APPLICABLE,True,1,COMPLETE,TIE_COMPLETE,NOT_APPLICABLE,COMPLETE_BOTH
4867b7efc4ec4425e7a01a996edf98c2409c1cc9326d524603cfdaf80e64866d,conv-42,129,Which superhero toy figure does Nate share a photo of?,4,targeted,1,1,SINGLE_CARRIER_SINGLE_SESSION,ENUMERATION,True,1,COMPLETE,TIE_COMPLETE,NOT_APPLICABLE,True,1,COMPLETE,TIE_COMPLETE,NOT_APPLICABLE,COMPLETE_BOTH
36d516f8f73cfb7a7994dc447242e96b91b46a4ff3eeed223ee693df3a6b281b,conv-42,130,What is displayed on Joanna's cork board for motivation and creativity?,4,targeted,1,1,SINGLE_CARRIER_SINGLE_SESSION,UNMARKED,True,1,COMPLETE,TIE_COMPLETE,NOT_APPLICABLE,True,1,COMPLETE,TIE_COMPLETE,NOT_APPLICABLE,COMPLETE_BOTH
8c7925a439c06afe2c903c618aafe7f04aa1de1d18aad6a4d7e74309145d0dcd,conv-42,131,What does the photo on Joanna's cork board remind her of?,4,targeted,1,1,SINGLE_CARRIER_SINGLE_SESSION,UNMARKED,True,1,COMPLETE,TIE_COMPLETE,NOT_APPLICABLE,True,1,COMPLETE,TIE_COMPLETE,NOT_APPLICABLE,COMPLETE_BOTH
9e053f769ebb0cf00a40f21a4aa6e52a8d316daaba1525b42a1b5b60673e5a09,conv-42,132,What did Nate make and share with his vegan diet group?,4,targeted,1,1,SINGLE_CARRIER_SINGLE_SESSION,UNMARKED,True,1,COMPLETE,TIE_COMPLETE,NOT_APPLICABLE,True,1,COMPLETE,TIE_COMPLETE,NOT_APPLICABLE,COMPLETE_BOTH
f17c070ad1b4c26a4e84398de926bf732f31e39d813c2fbfc485e2c1c42d49fa,conv-42,133,How many people attended the gaming party hosted by Nate in June 2022?,4,targeted,1,1,SINGLE_CARRIER_SINGLE_SESSION,QUANTITY|ENUMERATION,True,1,COMPLETE,TIE_COMPLETE,NOT_APPLICABLE,True,1,COMPLETE,TIE_COMPLETE,NOT_APPLICABLE,COMPLETE_BOTH
86bd14960f48a837562096eabc6277867c7b5fae23c3755ef30c4d69537e4104,conv-42,134,What recipe Nate offer to share with Joanna?,4,targeted,1,1,SINGLE_CARRIER_SINGLE_SESSION,UNMARKED,True,1,COMPLETE,TIE_COMPLETE,NOT_APPLICABLE,True,1,COMPLETE,TIE_COMPLETE,NOT_APPLICABLE,COMPLETE_BOTH
f8cb3b5834f6255cb8558b610ab15daa3266163e81ab4d824528ffe33fee1e3b,conv-42,135,What did Joanna plan to do with the recipe Nate promised to share?,4,targeted,1,1,SINGLE_CARRIER_SINGLE_SESSION,UNMARKED,True,1,COMPLETE,TIE_COMPLETE,NOT_APPLICABLE,True,1,COMPLETE,TIE_COMPLETE,NOT_APPLICABLE,COMPLETE_BOTH
75e45fbcf1b2b26122fdafb5b1594eba64705d819a3141dd9cdf23f3f3f1d563,conv-42,136,"How many video game tournaments has Nate won by July 10, 2022?",4,targeted,1,1,SINGLE_CARRIER_SINGLE_SESSION,QUANTITY|ENUMERATION,True,1,COMPLETE,TIE_COMPLETE,NOT_APPLICABLE,True,1,COMPLETE,TIE_COMPLETE,NOT_APPLICABLE,COMPLETE_BOTH
28bf44f1956fddaa06bd397611fbd6585be413dd7dda46ff51875327532c7b0e,conv-42,137,Where did Joanna go for a road trip for research?,4,targeted,1,1,SINGLE_CARRIER_SINGLE_SESSION,LOCATION,True,1,COMPLETE,TIE_COMPLETE,NOT_APPLICABLE,True,1,COMPLETE,TIE_COMPLETE,NOT_APPLICABLE,COMPLETE_BOTH
eac13f7a41f5b6865b669622f562d51b5c3ec4e64fd95868a8f5f405ab48c5d5,conv-42,138,What did Joanna discover at the library in Woodhaven?,4,targeted,1,1,SINGLE_CARRIER_SINGLE_SESSION,UNMARKED,True,1,COMPLETE,TIE_COMPLETE,NOT_APPLICABLE,True,1,COMPLETE,TIE_COMPLETE,NOT_APPLICABLE,COMPLETE_BOTH
4e4503eba646b12761fb980f02f42cdbbef4fb868e3e2a2cad34959cba96d67f,conv-42,139,What specific themes are explored in Joanna's new book?,4,targeted,1,1,SINGLE_CARRIER_SINGLE_SESSION,UNMARKED,True,1,COMPLETE,TIE_COMPLETE,NOT_APPLICABLE,True,1,COMPLETE,TIE_COMPLETE,NOT_APPLICABLE,COMPLETE_BOTH
21dfd1f50db2b96916748b2a3b6615a7c4a791966afeacc432fb26c2cd286892,conv-42,140,What inspired Joanna's new script in July 2022?,4,targeted,1,1,SINGLE_CARRIER_SINGLE_SESSION,UNMARKED,True,1,COMPLETE,TIE_COMPLETE,NOT_APPLICABLE,True,1,COMPLETE,TIE_COMPLETE,NOT_APPLICABLE,COMPLETE_BOTH
47d3c6f7ae974b9608053e2967b60a285b355668431dec4e45a93dbc1911c977,conv-42,141,What did Nate do while Joanna was on her road trip?,4,targeted,1,1,SINGLE_CARRIER_SINGLE_SESSION,UNMARKED,True,1,COMPLETE,GAIN,CC80_ONLY,True,1,COMPLETE,TIE_COMPLETE,NOT_APPLICABLE,COMPLETE_BOTH
074be89b771ba9ac1a70988d9d125560556e7e26978590bb333a36b5634e1aba,conv-42,142,What does Nate do that he loves and can make money from?,4,targeted,1,1,SINGLE_CARRIER_SINGLE_SESSION,UNMARKED,True,1,COMPLETE,GAIN,CC80_ONLY,True,1,COMPLETE,TIE_COMPLETE,NOT_APPLICABLE,COMPLETE_BOTH
27e8651f64121c1edd5534ac5d5f434437247d7339ec3229e98b9ab6867574c2,conv-42,143,How did Joanna feel when someone wrote her a letter after reading her blog post?,4,targeted,1,1,SINGLE_CARRIER_SINGLE_SESSION,TEMPORAL,True,1,COMPLETE,TIE_COMPLETE,NOT_APPLICABLE,True,1,COMPLETE,TIE_COMPLETE,NOT_APPLICABLE,COMPLETE_BOTH
1ceb7c6bebd8a272be8fc25ede8bd86bdd51a41a39eb0937c51efffaa6828c7b,conv-42,144,What kind of impact does Joanna hope to have with her writing?,4,targeted,1,1,SINGLE_CARRIER_SINGLE_SESSION,UNMARKED,True,1,COMPLETE,TIE_COMPLETE,NOT_APPLICABLE,True,1,COMPLETE,TIE_COMPLETE,NOT_APPLICABLE,COMPLETE_BOTH
79cc009e4bf2a56bb39072f9129ff35780b7e6032dce05a7a69a81b5b573cd0c,conv-42,145,What kind of content did Joanna share that someone wrote her a letter about?,4,targeted,1,1,SINGLE_CARRIER_SINGLE_SESSION,UNMARKED,True,1,COMPLETE,TIE_COMPLETE,NOT_APPLICABLE,True,1,COMPLETE,TIE_COMPLETE,NOT_APPLICABLE,COMPLETE_BOTH
c180857cb9a8c4106c10c9ee480f215729ba1b9377b5d444f08d2116741ced34,conv-42,146,What motivates Joanna to keep writing even on tough days?,4,targeted,1,1,SINGLE_CARRIER_SINGLE_SESSION,UNMARKED,True,1,COMPLETE,GAIN,CC80_ONLY,True,1,COMPLETE,TIE_COMPLETE,NOT_APPLICABLE,COMPLETE_BOTH
2b563c837299367ccbce358225cece104e00b733432313ca129ecfd1d372c957,conv-42,147,What type of ice cream does Joanna mention that Nate makes and is delicious?,4,targeted,1,1,SINGLE_CARRIER_SINGLE_SESSION,UNMARKED,True,1,COMPLETE,TIE_COMPLETE,NOT_APPLICABLE,True,1,COMPLETE,TIE_COMPLETE,NOT_APPLICABLE,COMPLETE_BOTH
72a4cee12c413b4c5b413af78cbacc7d18a27e76deff449bedf17e8fe0f58cd9,conv-42,148,How did Nate feel about sharing his love for dairy-free desserts with Joanna?,4,targeted,1,1,SINGLE_CARRIER_SINGLE_SESSION,UNMARKED,True,1,COMPLETE,TIE_COMPLETE,NOT_APPLICABLE,True,1,COMPLETE,TIE_COMPLETE,NOT_APPLICABLE,COMPLETE_BOTH
11c2e6d049829672b06b7b9900d79a5c2b801e154d8a9b833ab48b3e3f61738e,conv-42,149,What did Joanna share with her writers group in August 2022?,4,targeted,1,1,SINGLE_CARRIER_SINGLE_SESSION,UNMARKED,True,1,COMPLETE,TIE_COMPLETE,NOT_APPLICABLE,True,1,COMPLETE,TIE_COMPLETE,NOT_APPLICABLE,COMPLETE_BOTH
0dc37671602bfaa9731a095229e1ccf69593d3865720fa0c1c947100ca3dd915,conv-42,150,How did Joanna celebrate after sharing her book with her writers group?,4,targeted,1,1,SINGLE_CARRIER_SINGLE_SESSION,TEMPORAL,True,1,COMPLETE,TIE_COMPLETE,NOT_APPLICABLE,True,1,COMPLETE,TIE_COMPLETE,NOT_APPLICABLE,COMPLETE_BOTH
48ec9685ac517d54891eff0463ff9ba3cdf64ab5a7e8e754e85343d98ceda331,conv-42,151,How did Nate celebrate winning the international tournament?,4,targeted,1,1,SINGLE_CARRIER_SINGLE_SESSION,UNMARKED,False,0,ZERO_EVIDENCE,TIE_MISS,NOT_APPLICABLE,True,1,COMPLETE,TIE_COMPLETE,NOT_APPLICABLE,RESCUED_AT_32K
a5ab4e6a8c4da7c2767dd5bf00ca46248f791b0d36b6945b7aa87a6e97f5237c,conv-42,152,Why is Joanna experimenting with dairy-free options in her dessert recipes?,4,targeted,1,1,SINGLE_CARRIER_SINGLE_SESSION,CAUSAL,True,1,COMPLETE,TIE_COMPLETE,NOT_APPLICABLE,True,1,COMPLETE,TIE_COMPLETE,NOT_APPLICABLE,COMPLETE_BOTH
2ca9a4c93156f6740291411f7c24c3cbc53b342ecb0987b39627b2d4c259ee12,conv-42,153,What substitution does Nate suggest for butter in dairy-free baking?,4,targeted,1,1,SINGLE_CARRIER_SINGLE_SESSION,UNMARKED,True,1,COMPLETE,TIE_COMPLETE,NOT_APPLICABLE,True,1,COMPLETE,TIE_COMPLETE,NOT_APPLICABLE,COMPLETE_BOTH
996b862dbd03c7270561ee0e4f0c64cec178719eea6cb78663a316a555e3dbde,conv-42,154,What type of show did Nate host where he taught vegan ice cream recipes?,4,targeted,1,1,SINGLE_CARRIER_SINGLE_SESSION,LOCATION,True,1,COMPLETE,TIE_COMPLETE,NOT_APPLICABLE,True,1,COMPLETE,TIE_COMPLETE,NOT_APPLICABLE,COMPLETE_BOTH
bdbc17ec6142fcf9f0add0c2bb9a177126122a95b0d99797e86b1e0cb969fd61,conv-42,155,What is Nate's favorite dish from the cooking show he hosted?,4,targeted,1,1,SINGLE_CARRIER_SINGLE_SESSION,UNMARKED,True,1,COMPLETE,TIE_COMPLETE,NOT_APPLICABLE,True,1,COMPLETE,TIE_COMPLETE,NOT_APPLICABLE,COMPLETE_BOTH
dec1f04af42b10c6a3d86ff875e7e7a0e157a65e157dca557a05ebd583e4a3f0,conv-42,156,What is one of Nate's favorite dairy-free treats besides coconut milk ice cream?,4,targeted,1,1,SINGLE_CARRIER_SINGLE_SESSION,UNMARKED,True,1,COMPLETE,TIE_COMPLETE,NOT_APPLICABLE,True,1,COMPLETE,TIE_COMPLETE,NOT_APPLICABLE,COMPLETE_BOTH
1f8101e006d606f9b8e8ed66157534f58c1404441b536787bb508c31f5b4c7a3,conv-42,157,"What dessert did Joanna share a photo of that has an almond flour crust, chocolate ganache, and fresh raspberries?",4,targeted,1,1,SINGLE_CARRIER_SINGLE_SESSION,UNMARKED,True,1,COMPLETE,TIE_COMPLETE,NOT_APPLICABLE,True,1,COMPLETE,TIE_COMPLETE,NOT_APPLICABLE,COMPLETE_BOTH
bc534c07ba6c4f17763adb9609b897870ba120c20829f00c60121508b214194f,conv-42,158,What kind of cake did Joanna share a photo of that she likes making for birthdays and special days?,4,targeted,1,1,SINGLE_CARRIER_SINGLE_SESSION,UNMARKED,True,1,COMPLETE,TIE_COMPLETE,NOT_APPLICABLE,True,1,COMPLETE,TIE_COMPLETE,NOT_APPLICABLE,COMPLETE_BOTH
fd72860b394fad4120aed16894c0acea3317c58ea31a81e0a8e8f9efe547fcfb,conv-42,159,"What two main ingredients are part of the dessert Joanna shared a photo of with blueberries, coconut milk, and a gluten-free crust?",4,targeted,1,1,SINGLE_CARRIER_SINGLE_SESSION,UNMARKED,True,1,COMPLETE,TIE_COMPLETE,NOT_APPLICABLE,True,1,COMPLETE,TIE_COMPLETE,NOT_APPLICABLE,COMPLETE_BOTH
8fef44ded6b6ffa15bdc9d3bf5e82209e0d70e191883f8d4043cc7cf327aa1c8,conv-42,160,"What movie did Nate recently watch and enjoy on October 6, 2022?",4,targeted,1,1,SINGLE_CARRIER_SINGLE_SESSION,UNMARKED,True,1,COMPLETE,TIE_COMPLETE,NOT_APPLICABLE,True,1,COMPLETE,TIE_COMPLETE,NOT_APPLICABLE,COMPLETE_BOTH
cdd784876f7d1a35b1b9eb3bd09393c48922105503a6c2f0fb62f0941137aae1,conv-42,161,What did Joanna make for one of the ladies at her writing club?,4,targeted,1,1,SINGLE_CARRIER_SINGLE_SESSION,UNMARKED,True,1,COMPLETE,TIE_COMPLETE,NOT_APPLICABLE,True,1,COMPLETE,TIE_COMPLETE,NOT_APPLICABLE,COMPLETE_BOTH
a91bd67899cda568cb777c326475fdedd26ddb7a6c0a0bbd0a6d0380e1ceb33e,conv-42,162,"What game did Nate play at the game convention he attended on 9 October, 2022?",4,targeted,1,1,SINGLE_CARRIER_SINGLE_SESSION,UNMARKED,False,0,ZERO_EVIDENCE,LOSS,A3_ONLY,True,1,COMPLETE,TIE_COMPLETE,NOT_APPLICABLE,RESCUED_AT_32K
0e13af8f8702bad5ff7b05871b6bd92f6ea3ed83c80ac01680f92d7539ec44a6,conv-42,163,What movie has Nate recently seen that blew his mind?,4,targeted,1,1,SINGLE_CARRIER_SINGLE_SESSION,UNMARKED,True,1,COMPLETE,TIE_COMPLETE,NOT_APPLICABLE,True,1,COMPLETE,TIE_COMPLETE,NOT_APPLICABLE,COMPLETE_BOTH
aef45279ce16dcfb5eac09ef9a56da2416ee6b9836fdc595fd12d0ad8ff8e20f,conv-42,164,"What game has Nate been playing nonstop with a futuristic setting and gameplay on October 9, 2022?",4,targeted,1,1,SINGLE_CARRIER_SINGLE_SESSION,UNMARKED,True,1,COMPLETE,TIE_COMPLETE,NOT_APPLICABLE,True,1,COMPLETE,TIE_COMPLETE,NOT_APPLICABLE,COMPLETE_BOTH
a59cbb28d7b576e1c9aa09c11494bb0c6f0f2359e972d45ce79c8b6f16aaead7,conv-42,165,What did Nate share a photo of when mentioning unwinding at home?,4,targeted,1,1,SINGLE_CARRIER_SINGLE_SESSION,TEMPORAL,True,1,COMPLETE,TIE_COMPLETE,NOT_APPLICABLE,True,1,COMPLETE,TIE_COMPLETE,NOT_APPLICABLE,COMPLETE_BOTH
bfc651639289cc458df8cb2b6b6bce5796f8033400fc382a46c0b0f55b8a8874,conv-42,166,How did Joanna describe the classic movie he watched?,4,targeted,1,1,SINGLE_CARRIER_SINGLE_SESSION,UNMARKED,True,1,COMPLETE,TIE_COMPLETE,NOT_APPLICABLE,True,1,COMPLETE,TIE_COMPLETE,NOT_APPLICABLE,COMPLETE_BOTH
545b752a28f2ff8dfd8d3b8b82f80eaaad2a7b9d09dca072d043400bb4017e2f,conv-42,167,What does Joanna recommend to make a living room comfy like hers?,4,targeted,1,1,SINGLE_CARRIER_SINGLE_SESSION,UNMARKED,True,1,COMPLETE,TIE_COMPLETE,NOT_APPLICABLE,True,1,COMPLETE,TIE_COMPLETE,NOT_APPLICABLE,COMPLETE_BOTH
30661ec5226420983df107a6cdc5ac9e250f970e784bf22241a6d8082c1010d2,conv-42,168,What helps Joanna stay focused and brings her joy?,4,targeted,1,1,SINGLE_CARRIER_SINGLE_SESSION,UNMARKED,True,1,COMPLETE,TIE_COMPLETE,NOT_APPLICABLE,True,1,COMPLETE,TIE_COMPLETE,NOT_APPLICABLE,COMPLETE_BOTH
8e7ede6fd8ae2155204a93da5e6f23de427045a6d88ff5f9e10af9d98f004c5e,conv-42,169,What does Joanna do while she writes?,4,targeted,1,1,SINGLE_CARRIER_SINGLE_SESSION,UNMARKED,True,1,COMPLETE,GAIN,A3_ONLY,True,1,COMPLETE,TIE_COMPLETE,NOT_APPLICABLE,COMPLETE_BOTH
5f1b477a79075377d8b6f111b9fca52381af58226c09f8412cb54fa4fc1bd1a3,conv-42,170,Why did Joanna name the stuffed animal dog Tilly?,4,targeted,1,1,SINGLE_CARRIER_SINGLE_SESSION,CAUSAL,True,1,COMPLETE,TIE_COMPLETE,NOT_APPLICABLE,True,1,COMPLETE,TIE_COMPLETE,NOT_APPLICABLE,COMPLETE_BOTH
f62d12420ea9ed10d3ed9353b7b4a7f3f03a68eecdbb48b02ba2eec23ee47ac9,conv-42,171,What does Joanna do after receiving a rejection from a production company?,4,targeted,1,1,SINGLE_CARRIER_SINGLE_SESSION,TEMPORAL,True,1,COMPLETE,TIE_COMPLETE,NOT_APPLICABLE,True,1,COMPLETE,TIE_COMPLETE,NOT_APPLICABLE,COMPLETE_BOTH
22706b92552b5ffcb6d7983c5b2c609e2a7c895591ee74e11f97a010bc602df2,conv-42,172,How does Nate feel about Joanna's ability to bounce back from setbacks?,4,targeted,1,1,SINGLE_CARRIER_SINGLE_SESSION,UNMARKED,True,1,COMPLETE,TIE_COMPLETE,NOT_APPLICABLE,True,1,COMPLETE,TIE_COMPLETE,NOT_APPLICABLE,COMPLETE_BOTH
f966b0a745436572617c923385a4d6d8c6abdd64e36771073c99bc67ee2f4681,conv-42,173,What encouragement does Nate give to Joanna after her setback?,4,targeted,1,1,SINGLE_CARRIER_SINGLE_SESSION,TEMPORAL,False,0,ZERO_EVIDENCE,TIE_MISS,NOT_APPLICABLE,True,1,COMPLETE,TIE_COMPLETE,NOT_APPLICABLE,RESCUED_AT_32K
a62cfe7e71c54f790be2c201aeea3b1ecb13f486371dce7f7f3a6075cdaed77d,conv-42,174,What does Nate rely on for cheer and joy?,4,targeted,1,1,SINGLE_CARRIER_SINGLE_SESSION,UNMARKED,True,1,COMPLETE,TIE_COMPLETE,NOT_APPLICABLE,True,1,COMPLETE,TIE_COMPLETE,NOT_APPLICABLE,COMPLETE_BOTH
752a29158b4c8991a8b1b2c058040f6fe48e9d478542fab27341155f68dcbebd,conv-42,175,What does Joanna use to remember her dog from Michigan?,4,targeted,1,1,SINGLE_CARRIER_SINGLE_SESSION,UNMARKED,True,1,COMPLETE,TIE_COMPLETE,NOT_APPLICABLE,True,1,COMPLETE,TIE_COMPLETE,NOT_APPLICABLE,COMPLETE_BOTH
5a467dcf3199cfb46f282cd499d48e5f7282a143bd92335024127fe78e691a4e,conv-42,176,"What did Joanna contribute to that was shown on the big screen on the Sunday before October 25, 2022?",4,targeted,1,1,SINGLE_CARRIER_SINGLE_SESSION,TEMPORAL,True,1,COMPLETE,TIE_COMPLETE,NOT_APPLICABLE,True,1,COMPLETE,TIE_COMPLETE,NOT_APPLICABLE,COMPLETE_BOTH
be5f837766a8979fc915dee477ec072c25555bb72348dc0b515a1a75dcadcbe9,conv-42,177,What inspires Joanna to create drawings of her characters?,4,targeted,1,1,SINGLE_CARRIER_SINGLE_SESSION,UNMARKED,True,1,COMPLETE,TIE_COMPLETE,NOT_APPLICABLE,True,1,COMPLETE,TIE_COMPLETE,NOT_APPLICABLE,COMPLETE_BOTH
26b41fe8ccf2eda82023763e887487a68410ec1ccebfa8147c8db4202191b2f9,conv-42,178,Where does Joanna get her ideas for the characters from?,4,targeted,1,1,SINGLE_CARRIER_SINGLE_SESSION,LOCATION,True,1,COMPLETE,TIE_COMPLETE,NOT_APPLICABLE,True,1,COMPLETE,TIE_COMPLETE,NOT_APPLICABLE,COMPLETE_BOTH
31e1a1bad921441e588c0a7fca6b35a2e20d18a13a450ecacc45ba620a369045,conv-42,179,"How did Joanna feel on October 25, 2022 about seeing her characters come alive on the big screen?",4,targeted,1,1,SINGLE_CARRIER_SINGLE_SESSION,UNMARKED,True,1,COMPLETE,TIE_COMPLETE,NOT_APPLICABLE,True,1,COMPLETE,TIE_COMPLETE,NOT_APPLICABLE,COMPLETE_BOTH
a18c608eac25d5efea5803cfef5d5a153b38a656c790cbda4677bcc462c73d69,conv-42,180,What type of diet do Nate's turtles have?,4,targeted,1,1,SINGLE_CARRIER_SINGLE_SESSION,UNMARKED,True,1,COMPLETE,TIE_COMPLETE,NOT_APPLICABLE,True,1,COMPLETE,TIE_COMPLETE,NOT_APPLICABLE,COMPLETE_BOTH
0e172d797aa8ed0dcb8ef101e4dea938a823afeb5b28276bf7006d4829adbbea,conv-42,181,What ingredient did Nate use to make the ice cream lactose-free?,4,targeted,1,1,SINGLE_CARRIER_SINGLE_SESSION,UNMARKED,True,1,COMPLETE,TIE_COMPLETE,NOT_APPLICABLE,True,1,COMPLETE,TIE_COMPLETE,NOT_APPLICABLE,COMPLETE_BOTH
d8acdd2ddf50f2719116dc77f67a728b2f2418089f5e63688f757f94f18be429,conv-42,182,What did Joanna find in old notebooks last week that prompted her to reflect on her progress as a writer?,4,targeted,1,1,SINGLE_CARRIER_SINGLE_SESSION,TEMPORAL,True,1,COMPLETE,TIE_COMPLETE,NOT_APPLICABLE,True,1,COMPLETE,TIE_COMPLETE,NOT_APPLICABLE,COMPLETE_BOTH
af332ec9cc49b20ee71e23a35bb4a2f1c46d6e82e4ec8ec88ccf16fac52c8b5b,conv-42,183,"What game is Nate currently playing and recommends to others on November 7, 2022?",4,targeted,1,1,SINGLE_CARRIER_SINGLE_SESSION,UNMARKED,True,1,COMPLETE,TIE_COMPLETE,NOT_APPLICABLE,True,1,COMPLETE,TIE_COMPLETE,NOT_APPLICABLE,COMPLETE_BOTH
e9dfc806dbbafbd05764793f62002360afdb2afb17aa2139538d89292df985ae,conv-42,184,What did Joanna receive from her brother that brought back childhood memories?,4,targeted,1,1,SINGLE_CARRIER_SINGLE_SESSION,UNMARKED,True,1,COMPLETE,TIE_COMPLETE,NOT_APPLICABLE,True,1,COMPLETE,TIE_COMPLETE,NOT_APPLICABLE,COMPLETE_BOTH
08de5720c5ddf50bfd39a3eee8b843f4255ed1288cd2208ce78f59434223570f,conv-42,185,"What is the type of game ""Xenoblade Chronicles"" that Nate is playing?",4,targeted,1,1,SINGLE_CARRIER_SINGLE_SESSION,UNMARKED,True,1,COMPLETE,TIE_COMPLETE,NOT_APPLICABLE,True,1,COMPLETE,TIE_COMPLETE,NOT_APPLICABLE,COMPLETE_BOTH
8b298251cc0030a8bfd39720550dc928b994ecf77426e304c8370fa0056c99e0,conv-42,186,"What dish did Nate make on 9 November, 2022?",4,targeted,1,1,SINGLE_CARRIER_SINGLE_SESSION,UNMARKED,True,1,COMPLETE,TIE_COMPLETE,NOT_APPLICABLE,True,1,COMPLETE,TIE_COMPLETE,NOT_APPLICABLE,COMPLETE_BOTH
a7b432ca8c6e103c220dd370987c4387c1e58fddd682832ec3b9692ce0a84c75,conv-42,187,"What project is Joanna working on in her notebook on November 9, 2022?",4,targeted,1,1,SINGLE_CARRIER_SINGLE_SESSION,UNMARKED,True,1,COMPLETE,TIE_COMPLETE,NOT_APPLICABLE,True,1,COMPLETE,TIE_COMPLETE,NOT_APPLICABLE,COMPLETE_BOTH
6234e4158fdb92008af4e14e53c9ad32b61731a3cc0884a7628fde233a07c586,conv-42,188,"What is Nate creating for YouTube on 9 November, 2022?",4,targeted,1,1,SINGLE_CARRIER_SINGLE_SESSION,UNMARKED,True,1,COMPLETE,TIE_COMPLETE,NOT_APPLICABLE,True,1,COMPLETE,TIE_COMPLETE,NOT_APPLICABLE,COMPLETE_BOTH
3a5270f8c29e7b71c995ee2c066c423c7fe5530c83ab86a7436a7ba7ee05106c,conv-42,189,What inspired Nate to start making gaming videos?,4,targeted,1,1,SINGLE_CARRIER_SINGLE_SESSION,UNMARKED,True,1,COMPLETE,TIE_COMPLETE,NOT_APPLICABLE,True,1,COMPLETE,TIE_COMPLETE,NOT_APPLICABLE,COMPLETE_BOTH
f6dca94854829dc03f0b0edb267ed0222718672bc12d6f9f5cacc60f1c233e70,conv-42,190,What new content is Nate creating for YouTube?,4,targeted,1,1,SINGLE_CARRIER_SINGLE_SESSION,UNMARKED,True,1,COMPLETE,TIE_COMPLETE,NOT_APPLICABLE,True,1,COMPLETE,TIE_COMPLETE,NOT_APPLICABLE,COMPLETE_BOTH
b6142801e0f29b22dd30997961ac2a017981b66dd302b0ebb34ffa222decc638,conv-42,191,What advice does Joanna give to Nate about making YouTube videos?,4,targeted,1,1,SINGLE_CARRIER_SINGLE_SESSION,UNMARKED,True,1,COMPLETE,TIE_COMPLETE,NOT_APPLICABLE,True,1,COMPLETE,TIE_COMPLETE,NOT_APPLICABLE,COMPLETE_BOTH
1f54a15e2f05cba577a4367fb8e79f7916029ff103bddb506701c6e2173012cb,conv-42,192,What did Joanna take a picture of near Fort Wayne last summer?,4,targeted,1,1,SINGLE_CARRIER_SINGLE_SESSION,TEMPORAL,True,1,COMPLETE,TIE_COMPLETE,NOT_APPLICABLE,True,1,COMPLETE,TIE_COMPLETE,NOT_APPLICABLE,COMPLETE_BOTH
4ccdb4bc3627dc46dbe40c0fe8652ba77b0d49087baf1fbde97af635ea21e952,conv-42,193,What inspired Joanna to take a picture of the sunset in the field near Fort Wayne?,4,targeted,1,1,SINGLE_CARRIER_SINGLE_SESSION,UNMARKED,True,1,COMPLETE,TIE_COMPLETE,NOT_APPLICABLE,True,1,COMPLETE,TIE_COMPLETE,NOT_APPLICABLE,COMPLETE_BOTH
55636fd865f4dc301861bc3d9d012dc1118d98194137ce471e41318cde9bab56,conv-42,194,Why did Nate get a third turtle?,4,targeted,1,1,SINGLE_CARRIER_SINGLE_SESSION,CAUSAL,True,1,COMPLETE,TIE_COMPLETE,NOT_APPLICABLE,True,1,COMPLETE,TIE_COMPLETE,NOT_APPLICABLE,COMPLETE_BOTH
f4c9d1b1fa76eaac735209b239c201078027f991711e8becb40c8b286d4c9c3f,conv-42,195,What does Nate want to do when he goes over to Joanna's place?,4,targeted,1,1,SINGLE_CARRIER_SINGLE_SESSION,TEMPORAL|LOCATION,True,1,COMPLETE,TIE_COMPLETE,NOT_APPLICABLE,True,1,COMPLETE,TIE_COMPLETE,NOT_APPLICABLE,COMPLETE_BOTH
3f903e8622aa8a41ff984b7a54df7a70ddc1f889f38057c592ce9ac8e43ab38d,conv-42,196,What did Nate take to the beach in Tampa?,4,targeted,1,1,SINGLE_CARRIER_SINGLE_SESSION,UNMARKED,True,1,COMPLETE,TIE_COMPLETE,NOT_APPLICABLE,True,1,COMPLETE,TIE_COMPLETE,NOT_APPLICABLE,COMPLETE_BOTH
6dfbcbd9117c41d2f9d95945b75fa67e0234e208adc4be0de031d6f0cb4c8cbb,conv-42,197,What does Nate love most about having turtles?,4,targeted,1,1,SINGLE_CARRIER_SINGLE_SESSION,UNMARKED,True,1,COMPLETE,TIE_COMPLETE,NOT_APPLICABLE,True,1,COMPLETE,TIE_COMPLETE,NOT_APPLICABLE,COMPLETE_BOTH
8713895338f9d1baabd0aab6457bf91ae7d3e0bc834fa4f2f0ef03d8a126473b,conv-42,198,What did Nate share a photo of as a part of his experimentation in November 2022?,4,targeted,1,1,SINGLE_CARRIER_SINGLE_SESSION,UNMARKED,False,0,ZERO_EVIDENCE,TIE_MISS,NOT_APPLICABLE,False,0,ZERO_EVIDENCE,TIE_MISS,NOT_APPLICABLE,PERSISTENT_MISS
8c2f4fda141f6286072ded4d8cb492db9a2b603d49ffb502a6262f9a7de4ec06,conv-42,199,What color did Joanna choose for her hair?,5,other,2,1,MULTI_CARRIER_ONE_SESSION,UNMARKED,True,2,COMPLETE,TIE_COMPLETE,NOT_APPLICABLE,True,2,COMPLETE,TIE_COMPLETE,NOT_APPLICABLE,COMPLETE_BOTH
cdf17bac26b1f3556cb5c2bd5be93d6a5af83d592bb62b5daa289a1a947ef66b,conv-42,200,What is Joanna's favorite movie trilogy?,5,targeted,1,1,SINGLE_CARRIER_SINGLE_SESSION,UNMARKED,True,1,COMPLETE,TIE_COMPLETE,NOT_APPLICABLE,True,1,COMPLETE,TIE_COMPLETE,NOT_APPLICABLE,COMPLETE_BOTH
312f30c7c792a58c07b13f9f7e7f2e594dd3b2b43b02e7ec705c21283b681937,conv-42,201,What is Joanna's favorite book series about?,5,targeted,1,1,SINGLE_CARRIER_SINGLE_SESSION,UNMARKED,True,1,COMPLETE,TIE_COMPLETE,NOT_APPLICABLE,True,1,COMPLETE,TIE_COMPLETE,NOT_APPLICABLE,COMPLETE_BOTH
22ef4731f6f19fcd769097ad5800e79a6d51c2a09dae4cddca9c417d1569a85a,conv-42,202,What kind of lighting does Joanna's gaming room have?,5,targeted,1,1,SINGLE_CARRIER_SINGLE_SESSION,UNMARKED,False,0,ZERO_EVIDENCE,TIE_MISS,NOT_APPLICABLE,False,0,ZERO_EVIDENCE,TIE_MISS,NOT_APPLICABLE,PERSISTENT_MISS
0cfaca80cad1c2f28e860ab2b3871b7644ba93eca48bff71c3824a3ad3ef6e5e,conv-42,203,What game was the second tournament that Joanna won based on?,5,other,2,1,MULTI_CARRIER_ONE_SESSION,UNMARKED,True,2,COMPLETE,TIE_COMPLETE,NOT_APPLICABLE,True,2,COMPLETE,TIE_COMPLETE,NOT_APPLICABLE,COMPLETE_BOTH
a1f673072b4123d76ecd11b03292cb8e239b939bccc43db5b4c9607c159e662b,conv-42,204,What is Nate's third screenplay about?,5,targeted,1,1,SINGLE_CARRIER_SINGLE_SESSION,UNMARKED,False,0,ZERO_EVIDENCE,TIE_MISS,NOT_APPLICABLE,True,1,COMPLETE,GAIN,CC80_ONLY,RESCUED_AT_32K
cd761884d614069be936e798187c1eaf0890c514403eca20f08132337719db0b,conv-42,205,What type of movies does Nate hate watching the most?,5,targeted,1,1,SINGLE_CARRIER_SINGLE_SESSION,UNMARKED,True,1,COMPLETE,TIE_COMPLETE,NOT_APPLICABLE,True,1,COMPLETE,TIE_COMPLETE,NOT_APPLICABLE,COMPLETE_BOTH
a00fc7cea3270d4e85ec0889784c1015528dc66940e23d66bd26c4dc0beedb21,conv-42,206,What genre is Joanna's first novella?,5,targeted,1,1,SINGLE_CARRIER_SINGLE_SESSION,TEMPORAL,True,1,COMPLETE,TIE_COMPLETE,NOT_APPLICABLE,True,1,COMPLETE,TIE_COMPLETE,NOT_APPLICABLE,COMPLETE_BOTH
2c650a6007debc9c8e266d029bc2124bfca6fd12c2651eb30b41fda7c5e092f0,conv-42,207,What are Nate's plans for his finished screenplay in January 2022?,5,targeted,1,1,SINGLE_CARRIER_SINGLE_SESSION,ENUMERATION,True,1,COMPLETE,TIE_COMPLETE,NOT_APPLICABLE,True,1,COMPLETE,TIE_COMPLETE,NOT_APPLICABLE,COMPLETE_BOTH
b7e4b450375a9ef2f35bb5f8b3b6b221d5aaf90ee352e8b29524a3e0ae44926a,conv-42,208,For how long has Nate had his snakes?,5,targeted,1,1,SINGLE_CARRIER_SINGLE_SESSION,TEMPORAL,True,1,COMPLETE,TIE_COMPLETE,NOT_APPLICABLE,True,1,COMPLETE,TIE_COMPLETE,NOT_APPLICABLE,COMPLETE_BOTH
98f182dda18628b537d30068b8462f6cdea61019abde195e566b1f01ded38626,conv-42,209,What did Nate think of the caramel ice cream he made?,5,targeted,1,1,SINGLE_CARRIER_SINGLE_SESSION,UNMARKED,True,1,COMPLETE,TIE_COMPLETE,NOT_APPLICABLE,True,1,COMPLETE,TIE_COMPLETE,NOT_APPLICABLE,COMPLETE_BOTH
2be40fe424a31f7c72c218bb2b9b12cf1531ef5919cd9a2cdde2cf0d405e04c9,conv-42,210,"What flavor of cake did Nate make for his friend on 25 February, 2022?",5,targeted,1,1,SINGLE_CARRIER_SINGLE_SESSION,UNMARKED,True,1,COMPLETE,TIE_COMPLETE,NOT_APPLICABLE,True,1,COMPLETE,TIE_COMPLETE,NOT_APPLICABLE,COMPLETE_BOTH
97f46c06890f4eed4b19d706295892a1d68e9614d3e99e5906bbb41af17b34c7,conv-42,211,What was Nate's audition for?,5,targeted,1,1,SINGLE_CARRIER_SINGLE_SESSION,UNMARKED,True,1,COMPLETE,TIE_COMPLETE,NOT_APPLICABLE,True,1,COMPLETE,TIE_COMPLETE,NOT_APPLICABLE,COMPLETE_BOTH
086c4b6664d6ebca0100f9824f5c704819c19aa120deebda0cd4677a0714a166,conv-42,212,Why did Joanna choose the hair color she did?,5,targeted,1,1,SINGLE_CARRIER_SINGLE_SESSION,CAUSAL,True,1,COMPLETE,TIE_COMPLETE,NOT_APPLICABLE,True,1,COMPLETE,TIE_COMPLETE,NOT_APPLICABLE,COMPLETE_BOTH
160e57b9c18e44f2592adf9b5e1af778c415992be24cdc2476eba933aaba9ef2,conv-42,213,What are the main ingredients of the ice cream recipe shared by Joanna?,5,targeted,1,1,SINGLE_CARRIER_SINGLE_SESSION,ENUMERATION,True,1,COMPLETE,TIE_COMPLETE,NOT_APPLICABLE,True,1,COMPLETE,TIE_COMPLETE,NOT_APPLICABLE,COMPLETE_BOTH
b652180f9f1f51fbff46833a1070abf1c4dca0a6705497dd1fd30283aaf61fc4,conv-42,214,What is Nate's project called in the writers group?,5,targeted,1,1,SINGLE_CARRIER_SINGLE_SESSION,UNMARKED,True,1,COMPLETE,GAIN,CC80_ONLY,True,1,COMPLETE,TIE_COMPLETE,NOT_APPLICABLE,COMPLETE_BOTH
04c098ba4cc048cff425a9346c580d9b25d616cdda71ed019ef1a3dd9f7bb2af,conv-42,215,Which activity helps Nate escape and numbs his mind?,5,targeted,1,1,SINGLE_CARRIER_SINGLE_SESSION,ENUMERATION,True,1,COMPLETE,TIE_COMPLETE,NOT_APPLICABLE,True,1,COMPLETE,TIE_COMPLETE,NOT_APPLICABLE,COMPLETE_BOTH
6b826b8f018269da266fb295805394fb6e7c791f1bf3353d4b084667e0d34198,conv-42,216,What filling did Nate use in the cake he made recently in May 2022?,5,targeted,1,1,SINGLE_CARRIER_SINGLE_SESSION,UNMARKED,False,0,ZERO_EVIDENCE,TIE_MISS,NOT_APPLICABLE,True,1,COMPLETE,TIE_COMPLETE,NOT_APPLICABLE,RESCUED_AT_32K
309eb55e270baa3a613816aff2c0f7919e28439927752713f75c233b245c2be2,conv-42,217,Who did Joanna plan to invite to her gaming party in June 2022?,5,targeted,1,1,SINGLE_CARRIER_SINGLE_SESSION,UNMARKED,True,1,COMPLETE,TIE_COMPLETE,NOT_APPLICABLE,True,1,COMPLETE,TIE_COMPLETE,NOT_APPLICABLE,COMPLETE_BOTH
447c13a41b748570e7af05bb3663db8302c193e17bb2ef7a233df8ca3d73ac2d,conv-42,218,What special items did Joanna get for everyone at her gaming party?,5,targeted,1,1,SINGLE_CARRIER_SINGLE_SESSION,UNMARKED,True,1,COMPLETE,TIE_COMPLETE,NOT_APPLICABLE,True,1,COMPLETE,TIE_COMPLETE,NOT_APPLICABLE,COMPLETE_BOTH
4f0d8086fb9cf079deb45eb4eac5dd2729b2d1b6c0ff940831d01357905c9cad,conv-42,219,What supervillain is Joanna a fan of?,5,targeted,1,1,SINGLE_CARRIER_SINGLE_SESSION,UNMARKED,True,1,COMPLETE,TIE_COMPLETE,NOT_APPLICABLE,True,1,COMPLETE,TIE_COMPLETE,NOT_APPLICABLE,COMPLETE_BOTH
2b311a02fa73fe45ab5f59f2e83e9cabc316274b4cc2edbe488efed4d3d5baac,conv-42,220,Which superhero toy figure does Joanna share a photo of?,5,targeted,1,1,SINGLE_CARRIER_SINGLE_SESSION,ENUMERATION,True,1,COMPLETE,TIE_COMPLETE,NOT_APPLICABLE,True,1,COMPLETE,TIE_COMPLETE,NOT_APPLICABLE,COMPLETE_BOTH
dc50b829677b54d9b73cef7a84850c259abb9adebb25bbc518b607cdacd77c79,conv-42,221,What did Joanna make and share with her vegan diet group?,5,targeted,1,1,SINGLE_CARRIER_SINGLE_SESSION,UNMARKED,True,1,COMPLETE,TIE_COMPLETE,NOT_APPLICABLE,True,1,COMPLETE,TIE_COMPLETE,NOT_APPLICABLE,COMPLETE_BOTH
add77c535e9fa99b3ee680b0fcdb2d69d6eb55afbb3b3d179e75c6242d6f7dbd,conv-42,222,How many people attended the gaming party hosted by Joanna in June 2022?,5,targeted,1,1,SINGLE_CARRIER_SINGLE_SESSION,QUANTITY|ENUMERATION,True,1,COMPLETE,TIE_COMPLETE,NOT_APPLICABLE,True,1,COMPLETE,TIE_COMPLETE,NOT_APPLICABLE,COMPLETE_BOTH
9981259c03847335f880fb066962cd519ffe517c6ec9faa7e6271e04cf896c45,conv-42,223,Where did Nate go for a road trip for research?,5,targeted,1,1,SINGLE_CARRIER_SINGLE_SESSION,LOCATION,True,1,COMPLETE,TIE_COMPLETE,NOT_APPLICABLE,True,1,COMPLETE,TIE_COMPLETE,NOT_APPLICABLE,COMPLETE_BOTH
fd0a332646bc81164158e7f4764690f29f38b524d8e15263e90a7753b2e97985,conv-42,224,What did Joanna discover at the museum in Woodhaven?,5,targeted,1,1,SINGLE_CARRIER_SINGLE_SESSION,UNMARKED,True,1,COMPLETE,TIE_COMPLETE,NOT_APPLICABLE,True,1,COMPLETE,TIE_COMPLETE,NOT_APPLICABLE,COMPLETE_BOTH
97334cba4bf8c14a10a14157db1b2ea945865e2169814f1b0f804afce7f62e2d,conv-42,225,What specific themes are explored in Nate's new book?,5,targeted,1,1,SINGLE_CARRIER_SINGLE_SESSION,UNMARKED,True,1,COMPLETE,TIE_COMPLETE,NOT_APPLICABLE,True,1,COMPLETE,TIE_COMPLETE,NOT_APPLICABLE,COMPLETE_BOTH
06c1c91d71d2830570356f5f35050baf8ce43467e862064cf8dff322a6c40127,conv-42,226,How did Nate feel when someone wrote him a letter after reading his blog post?,5,targeted,1,1,SINGLE_CARRIER_SINGLE_SESSION,TEMPORAL,True,1,COMPLETE,TIE_COMPLETE,NOT_APPLICABLE,True,1,COMPLETE,TIE_COMPLETE,NOT_APPLICABLE,COMPLETE_BOTH
c1245f65f5c27621a23249521655a072d094389c113f4f4b083b96debc369b7a,conv-42,227,What kind of impact does Joanna hope to have with her painting?,5,targeted,1,1,SINGLE_CARRIER_SINGLE_SESSION,UNMARKED,False,0,ZERO_EVIDENCE,TIE_MISS,NOT_APPLICABLE,True,1,COMPLETE,TIE_COMPLETE,NOT_APPLICABLE,RESCUED_AT_32K
7954930d21ccac72403361809c3e314a1059af7f36afa4d140c8c8d5c8e5f055,conv-42,228,What did Nate share with his writers group in August 2022?,5,targeted,1,1,SINGLE_CARRIER_SINGLE_SESSION,UNMARKED,True,1,COMPLETE,TIE_COMPLETE,NOT_APPLICABLE,True,1,COMPLETE,TIE_COMPLETE,NOT_APPLICABLE,COMPLETE_BOTH
729a478c6747f957b8a2de7843650af1cdefd45b804eac7e5a1ee222efebcfec,conv-42,229,How did Nate celebrate after sharing his book with a writers group?,5,targeted,1,1,SINGLE_CARRIER_SINGLE_SESSION,TEMPORAL,True,1,COMPLETE,TIE_COMPLETE,NOT_APPLICABLE,True,1,COMPLETE,TIE_COMPLETE,NOT_APPLICABLE,COMPLETE_BOTH
aed488b1a0e0033814364002ff1dfa6e64f467f79c0c258c374870faa92cfacb,conv-42,230,How did Joanna celebrate winning the international tournament?,5,targeted,1,1,SINGLE_CARRIER_SINGLE_SESSION,UNMARKED,False,0,ZERO_EVIDENCE,TIE_MISS,NOT_APPLICABLE,False,0,ZERO_EVIDENCE,TIE_MISS,NOT_APPLICABLE,PERSISTENT_MISS
7f362e76136842994dca14503d67266767cdd2fcb69a8acf0d708e2e575d8c1d,conv-42,231,What substitution does Nate suggest for sugar in dairy-free baking?,5,targeted,1,1,SINGLE_CARRIER_SINGLE_SESSION,UNMARKED,True,1,COMPLETE,TIE_COMPLETE,NOT_APPLICABLE,True,1,COMPLETE,TIE_COMPLETE,NOT_APPLICABLE,COMPLETE_BOTH
e1d9d65037f5e33d454bb007523869d17abe208af4c430d2eb7b1e820d218317,conv-42,232,What type of show did Joanna host where she taught vegan ice cream recipes?,5,targeted,1,1,SINGLE_CARRIER_SINGLE_SESSION,LOCATION,True,1,COMPLETE,TIE_COMPLETE,NOT_APPLICABLE,True,1,COMPLETE,TIE_COMPLETE,NOT_APPLICABLE,COMPLETE_BOTH
4c1bfbb23e13f424e1e9b6a891a8726a87f2bce46c9375deda6f90989bb494ac,conv-42,233,What is Joanna's favorite dish from the cooking show she hosted?,5,targeted,1,1,SINGLE_CARRIER_SINGLE_SESSION,UNMARKED,True,1,COMPLETE,TIE_COMPLETE,NOT_APPLICABLE,True,1,COMPLETE,TIE_COMPLETE,NOT_APPLICABLE,COMPLETE_BOTH
92897a271a924aa4fae1c89d65e19537dfc424f6a8680620ed9db7dd4e672e3a,conv-42,234,"What dessert did Nate share a photo of that has an almond flour crust, chocolate ganache, and fresh raspberries?",5,targeted,1,1,SINGLE_CARRIER_SINGLE_SESSION,UNMARKED,True,1,COMPLETE,TIE_COMPLETE,NOT_APPLICABLE,True,1,COMPLETE,TIE_COMPLETE,NOT_APPLICABLE,COMPLETE_BOTH
a26f495f6a5a1880e3048d9af010375661043e1ee941c957c31af40690d2456c,conv-42,235,"What two main ingredients are part of the dessert Nate shared a photo of with blueberries, coconut milk, and a gluten-free crust?",5,targeted,1,1,SINGLE_CARRIER_SINGLE_SESSION,UNMARKED,True,1,COMPLETE,TIE_COMPLETE,NOT_APPLICABLE,True,1,COMPLETE,TIE_COMPLETE,NOT_APPLICABLE,COMPLETE_BOTH
054beb41c62a1d7477c7782eb4e3dc98e326bf123f250944e9a96e731fc28651,conv-42,236,"What movie did Joanna recently watch and enjoy on October 6, 2022?",5,targeted,1,1,SINGLE_CARRIER_SINGLE_SESSION,UNMARKED,True,1,COMPLETE,TIE_COMPLETE,NOT_APPLICABLE,True,1,COMPLETE,TIE_COMPLETE,NOT_APPLICABLE,COMPLETE_BOTH
12fab774a1faa500700269ded7d81302c2de0bf1f7e82992743039fba64fce96,conv-42,237,What did Nate make for one of the ladies at his writing club?,5,targeted,1,1,SINGLE_CARRIER_SINGLE_SESSION,UNMARKED,True,1,COMPLETE,TIE_COMPLETE,NOT_APPLICABLE,True,1,COMPLETE,TIE_COMPLETE,NOT_APPLICABLE,COMPLETE_BOTH
3f08d727c76b1d89842e3ec2679ea56354a9189738ff2ecc0005240186be4f21,conv-42,238,"What game has Joanna been playing nonstop with a futuristic setting and gameplay on October 9, 2022?",5,targeted,1,1,SINGLE_CARRIER_SINGLE_SESSION,UNMARKED,True,1,COMPLETE,TIE_COMPLETE,NOT_APPLICABLE,True,1,COMPLETE,TIE_COMPLETE,NOT_APPLICABLE,COMPLETE_BOTH
0bc653c71fc0bb2ec100caf3f7339e25be745089496b83b0714204418565176a,conv-42,239,How did Nate describe the classic movie he watched?,5,targeted,1,1,SINGLE_CARRIER_SINGLE_SESSION,UNMARKED,True,1,COMPLETE,TIE_COMPLETE,NOT_APPLICABLE,True,1,COMPLETE,TIE_COMPLETE,NOT_APPLICABLE,COMPLETE_BOTH
135ccaa9603ec1da81f3878d83ce95b5dbc16cfdf8eb8fe4302765a6cb1ed84e,conv-42,240,What does Nate recommend to make a living room comfy like his?,5,targeted,1,1,SINGLE_CARRIER_SINGLE_SESSION,UNMARKED,True,1,COMPLETE,TIE_COMPLETE,NOT_APPLICABLE,True,1,COMPLETE,TIE_COMPLETE,NOT_APPLICABLE,COMPLETE_BOTH
5d644411d4a41d93ac2907ed9eac1e1a682059247af92bd6e4e3a127133149a5,conv-42,241,What helps Joanna stay distracted and brings her sadness?,5,targeted,1,1,SINGLE_CARRIER_SINGLE_SESSION,UNMARKED,True,1,COMPLETE,TIE_COMPLETE,NOT_APPLICABLE,True,1,COMPLETE,TIE_COMPLETE,NOT_APPLICABLE,COMPLETE_BOTH
e9c63ced0340bd817dd7be830a9347897aab5183063263ff56f55fdc7c6e9c42,conv-42,242,What does Nate do while he writes?,5,targeted,1,1,SINGLE_CARRIER_SINGLE_SESSION,UNMARKED,False,0,ZERO_EVIDENCE,TIE_MISS,NOT_APPLICABLE,True,1,COMPLETE,TIE_COMPLETE,NOT_APPLICABLE,RESCUED_AT_32K
b71e303ae95c45d11b8c842df4b5c71f2596da21a4dce43a69bfa06821e959f7,conv-42,243,What does Nate do after receiving a rejection from a production company?,5,targeted,1,1,SINGLE_CARRIER_SINGLE_SESSION,TEMPORAL,True,1,COMPLETE,TIE_COMPLETE,NOT_APPLICABLE,True,1,COMPLETE,TIE_COMPLETE,NOT_APPLICABLE,COMPLETE_BOTH
a84b33aad124230fe21ea1896e005b145fbae3b1ddc2d0e1e3e05d3a7b6c61d1,conv-42,244,What does Joanna rely on for cheer and joy?,5,targeted,1,1,SINGLE_CARRIER_SINGLE_SESSION,UNMARKED,True,1,COMPLETE,TIE_COMPLETE,NOT_APPLICABLE,True,1,COMPLETE,TIE_COMPLETE,NOT_APPLICABLE,COMPLETE_BOTH
78691a4175a5c0bb57b434c6173304f1b8c10d1b19ce71e41ecb02ca10a71976,conv-42,245,What does Nate use to remember his dog from Michigan?,5,targeted,1,1,SINGLE_CARRIER_SINGLE_SESSION,UNMARKED,True,1,COMPLETE,TIE_COMPLETE,NOT_APPLICABLE,True,1,COMPLETE,TIE_COMPLETE,NOT_APPLICABLE,COMPLETE_BOTH
5166849138818a8578140493278deb56868b48555f33c7132c8357bc8dda83d2,conv-42,246,What inspires Joanna to create music for her characters?,5,targeted,1,1,SINGLE_CARRIER_SINGLE_SESSION,UNMARKED,True,1,COMPLETE,TIE_COMPLETE,NOT_APPLICABLE,True,1,COMPLETE,TIE_COMPLETE,NOT_APPLICABLE,COMPLETE_BOTH
6e1630011f8e82c3be2fff0ec228b0c99b7d4f871e9a7411482cd714d25d6018,conv-42,247,What type of diet do Joanna's turtles have?,5,targeted,1,1,SINGLE_CARRIER_SINGLE_SESSION,UNMARKED,True,1,COMPLETE,TIE_COMPLETE,NOT_APPLICABLE,True,1,COMPLETE,TIE_COMPLETE,NOT_APPLICABLE,COMPLETE_BOTH
c649d5ba56979eb505454d6ddd805d40d5a02728260b67b43c25de015d7b54ef,conv-42,248,What did Nate find in old notebooks last week that prompted him to reflect on her progress as a writer?,5,targeted,1,1,SINGLE_CARRIER_SINGLE_SESSION,TEMPORAL,True,1,COMPLETE,TIE_COMPLETE,NOT_APPLICABLE,True,1,COMPLETE,TIE_COMPLETE,NOT_APPLICABLE,COMPLETE_BOTH
c65161011be683e107a7eca1f55bdff4a0f0b6779544673af25547b8f8567f6f,conv-42,249,"What game is Joanna currently playing and recommends to others on November 7, 2022?",5,targeted,1,1,SINGLE_CARRIER_SINGLE_SESSION,UNMARKED,True,1,COMPLETE,TIE_COMPLETE,NOT_APPLICABLE,True,1,COMPLETE,TIE_COMPLETE,NOT_APPLICABLE,COMPLETE_BOTH
5ce4400d641bd5ff4eb93c35ed6c78b8ee2c6da8a98e0c52dc15a5e191a2a76b,conv-42,250,What did Nate receive from his brother that brought back childhood memories?,5,targeted,1,1,SINGLE_CARRIER_SINGLE_SESSION,UNMARKED,True,1,COMPLETE,TIE_COMPLETE,NOT_APPLICABLE,True,1,COMPLETE,TIE_COMPLETE,NOT_APPLICABLE,COMPLETE_BOTH
95f82fd3e2cd9e5d9f93022be1d5388e0d8da8ef2ae7720a8d6906f516935be9,conv-42,251,"What is the type of game ""Xenoblade Chronicles"" that Joanna is playing?",5,targeted,1,1,SINGLE_CARRIER_SINGLE_SESSION,UNMARKED,True,1,COMPLETE,TIE_COMPLETE,NOT_APPLICABLE,True,1,COMPLETE,TIE_COMPLETE,NOT_APPLICABLE,COMPLETE_BOTH
0b657f211a0710f7851c8eb5063848f77812e247f322deb8fcf805381ca37f12,conv-42,252,"What project is Nate working on in his notebook on November 9, 2022?",5,targeted,1,1,SINGLE_CARRIER_SINGLE_SESSION,UNMARKED,True,1,COMPLETE,TIE_COMPLETE,NOT_APPLICABLE,True,1,COMPLETE,TIE_COMPLETE,NOT_APPLICABLE,COMPLETE_BOTH
5048a5abd5b6815036a3355ea150fbfea525827a5904890e4ce75ad4f1009735,conv-42,253,"What is Joanna creating for YouTube on 9 November, 2022?",5,targeted,1,1,SINGLE_CARRIER_SINGLE_SESSION,UNMARKED,True,1,COMPLETE,TIE_COMPLETE,NOT_APPLICABLE,True,1,COMPLETE,TIE_COMPLETE,NOT_APPLICABLE,COMPLETE_BOTH
0848a9f4a23f21d7335d6b0d8fa419d8f462ffd57d88e5f5fbad97a649580b01,conv-42,254,What inspired Joanna to start making gaming videos?,5,targeted,1,1,SINGLE_CARRIER_SINGLE_SESSION,UNMARKED,True,1,COMPLETE,TIE_COMPLETE,NOT_APPLICABLE,True,1,COMPLETE,TIE_COMPLETE,NOT_APPLICABLE,COMPLETE_BOTH
2b2ff65baf67a22177bfb015dc300396b735a345366ce0aec67433a1d4be35cb,conv-42,255,What new content is Nate creating for television?,5,targeted,1,1,SINGLE_CARRIER_SINGLE_SESSION,UNMARKED,True,1,COMPLETE,TIE_COMPLETE,NOT_APPLICABLE,True,1,COMPLETE,TIE_COMPLETE,NOT_APPLICABLE,COMPLETE_BOTH
9f6d9aae6065a33e54154fbe4b5a7a86873414e6a9244be1d260f80eced2d7ae,conv-42,256,What did Nate take a picture of near Fort Wayne last summer?,5,targeted,1,1,SINGLE_CARRIER_SINGLE_SESSION,TEMPORAL,True,1,COMPLETE,TIE_COMPLETE,NOT_APPLICABLE,True,1,COMPLETE,TIE_COMPLETE,NOT_APPLICABLE,COMPLETE_BOTH
c1d04c5442c943f79ba67831d344796e950927c27c86d4472be3f5a930940a06,conv-42,257,Why did Joanna get a third turtle?,5,targeted,1,1,SINGLE_CARRIER_SINGLE_SESSION,CAUSAL,True,1,COMPLETE,TIE_COMPLETE,NOT_APPLICABLE,True,1,COMPLETE,TIE_COMPLETE,NOT_APPLICABLE,COMPLETE_BOTH
039a1abc8b84f9fc3c486c36c89ce018d124cff5e311439dc7734b86786c139c,conv-42,258,What did Joanna take to the beach in Tampa?,5,targeted,1,1,SINGLE_CARRIER_SINGLE_SESSION,UNMARKED,True,1,COMPLETE,TIE_COMPLETE,NOT_APPLICABLE,True,1,COMPLETE,TIE_COMPLETE,NOT_APPLICABLE,COMPLETE_BOTH
ba87951197610fb428ff07e96f2223b694035fcc1d525d006584e8676655a8a3,conv-42,259,What does Joanna love most about having turtles?,5,targeted,1,1,SINGLE_CARRIER_SINGLE_SESSION,UNMARKED,True,1,COMPLETE,TIE_COMPLETE,NOT_APPLICABLE,True,1,COMPLETE,TIE_COMPLETE,NOT_APPLICABLE,COMPLETE_BOTH
18672216f347e70bf361793e67b2c52466f89f941e3da5c493872f69221ab3b1,conv-47,0,What are John's suspected health problems?,3,targeted,1,1,SINGLE_CARRIER_SINGLE_SESSION,ENUMERATION,True,1,COMPLETE,TIE_COMPLETE,NOT_APPLICABLE,True,1,COMPLETE,TIE_COMPLETE,NOT_APPLICABLE,COMPLETE_BOTH
127c54353fad90c9169f95326b94ad11bd99a2b0f9b085fcedb3c2946e9c48bc,conv-47,1,"Which recreational activity was James pursuing on March 16, 2022?",2,targeted,1,1,SINGLE_CARRIER_SINGLE_SESSION,ENUMERATION,True,1,COMPLETE,TIE_COMPLETE,NOT_APPLICABLE,True,1,COMPLETE,TIE_COMPLETE,NOT_APPLICABLE,COMPLETE_BOTH
24e2129ee8d5254d4dc1d71d604ce5a0244536ca52a3ea86165a736f18024a49,conv-47,2,Which places or events have John and James planned to meet at?,1,breadth,3,3,MULTI_SESSION,LOCATION|ENUMERATION,False,2,PARTIAL_EVIDENCE,TIE_MISS,NOT_APPLICABLE,True,3,COMPLETE,TIE_COMPLETE,NOT_APPLICABLE,RESCUED_AT_32K
36fc62efe714a0605a8183cf4bbd8d91eafa458babf7955450c5056bdb669e78,conv-47,3,Do both James and John have pets?,1,other,2,2,MULTI_SESSION,UNMARKED,True,2,COMPLETE,TIE_COMPLETE,NOT_APPLICABLE,True,2,COMPLETE,TIE_COMPLETE,NOT_APPLICABLE,COMPLETE_BOTH
539afd11d3c0888f4dff8df35e178fc4317237e05f49440a96d77263f9dc272b,conv-47,4,When did John resume playing drums in his adulthood?,2,targeted,1,1,SINGLE_CARRIER_SINGLE_SESSION,TEMPORAL,True,1,COMPLETE,TIE_COMPLETE,NOT_APPLICABLE,True,1,COMPLETE,TIE_COMPLETE,NOT_APPLICABLE,COMPLETE_BOTH
7c4bfb5e3709ca346f7d39ce50e991b1b950a57a3f32fbc58e2c2f88528a32e9,conv-47,5,What are John and James' favorite games?,1,other,2,2,MULTI_SESSION,ENUMERATION,True,2,COMPLETE,TIE_COMPLETE,NOT_APPLICABLE,True,2,COMPLETE,TIE_COMPLETE,NOT_APPLICABLE,COMPLETE_BOTH
98f714e2745c993f6f7f662f880b345d5ff63a7ac64550acee026c8966a60554,conv-47,6,Does James live in Connecticut?,3,targeted,1,1,SINGLE_CARRIER_SINGLE_SESSION,UNMARKED,True,1,COMPLETE,TIE_COMPLETE,NOT_APPLICABLE,True,1,COMPLETE,TIE_COMPLETE,NOT_APPLICABLE,COMPLETE_BOTH
cba0ae46eb932820c6a0279fc89d4cceda47d76a8a244bb54195d64aff2b87dc,conv-47,7,In which state is the shelter from which James adopted the puppy?,3,targeted,1,1,SINGLE_CARRIER_SINGLE_SESSION,ENUMERATION,True,1,COMPLETE,TIE_COMPLETE,NOT_APPLICABLE,True,1,COMPLETE,TIE_COMPLETE,NOT_APPLICABLE,COMPLETE_BOTH
35f9fbc184908b9f77c60c50dc954326220362497fd335175abe7f38beda8a84,conv-47,8,How many pets does James have?,1,other,3,2,MULTI_SESSION,QUANTITY|ENUMERATION,True,3,COMPLETE,TIE_COMPLETE,NOT_APPLICABLE,True,3,COMPLETE,TIE_COMPLETE,NOT_APPLICABLE,COMPLETE_BOTH
d1a2ac1006cb3091aea3f32e80588bbdcd1c0a9cd3c0a5b5db17e5e2014c6425,conv-47,9,What are the names of James's dogs?,1,other,2,2,MULTI_SESSION,ENUMERATION,True,2,COMPLETE,TIE_COMPLETE,NOT_APPLICABLE,True,2,COMPLETE,TIE_COMPLETE,NOT_APPLICABLE,COMPLETE_BOTH
862ddeb92308647f4ecfb80d706360bc437d6f7749714fb6e2496f062948a7a1,conv-47,10,When did James adopt Ned?,2,targeted,1,1,SINGLE_CARRIER_SINGLE_SESSION,TEMPORAL,True,1,COMPLETE,TIE_COMPLETE,NOT_APPLICABLE,True,1,COMPLETE,TIE_COMPLETE,NOT_APPLICABLE,COMPLETE_BOTH
a0c552bf3d74a2dfd73ed0f7b3c39acac518147f311d6b839e38df0160aa4d62,conv-47,11,"How was John feeling on April 10, 2022?",2,targeted,1,1,SINGLE_CARRIER_SINGLE_SESSION,UNMARKED,False,0,ZERO_EVIDENCE,TIE_MISS,NOT_APPLICABLE,True,1,COMPLETE,TIE_COMPLETE,NOT_APPLICABLE,RESCUED_AT_32K
94e9604346a5fd37820858ae4993f82a0933f809d49a471f16a8335a34eea9e3,conv-47,12,Did James have a girlfriend during April 2022?,3,targeted,1,1,SINGLE_CARRIER_SINGLE_SESSION,UNMARKED,False,0,ZERO_EVIDENCE,TIE_MISS,NOT_APPLICABLE,False,0,ZERO_EVIDENCE,TIE_MISS,NOT_APPLICABLE,PERSISTENT_MISS
13b27e57d2509d7544bf2c139d6439900f7bb3a5538768330cccd4e10da7a577,conv-47,13,When did James visit Italy?,2,targeted,1,1,SINGLE_CARRIER_SINGLE_SESSION,TEMPORAL,True,1,COMPLETE,TIE_COMPLETE,NOT_APPLICABLE,True,1,COMPLETE,TIE_COMPLETE,NOT_APPLICABLE,COMPLETE_BOTH
8cc8f6c478642e2eb615d4e9c02f16ba0e542aa3da47d29869df0d9e7027f009,conv-47,14,When did James buy himself a new adventure book?,2,targeted,1,1,SINGLE_CARRIER_SINGLE_SESSION,TEMPORAL,True,1,COMPLETE,TIE_COMPLETE,NOT_APPLICABLE,True,1,COMPLETE,TIE_COMPLETE,NOT_APPLICABLE,COMPLETE_BOTH
13168332ee1c1bdf76e9723905af7a6fea17ff4354d31596284ad05e57f04b05,conv-47,15,When did James start playing Civilization VI?,2,targeted,1,1,SINGLE_CARRIER_SINGLE_SESSION,TEMPORAL,False,0,ZERO_EVIDENCE,LOSS,A3_ONLY,True,1,COMPLETE,TIE_COMPLETE,NOT_APPLICABLE,RESCUED_AT_32K
f3d0a5898c6e8026e24e99c66b55e2318caf38502819f3456b9a251c5cb1ec32,conv-47,16,What is the game with different colored cards that was John talking about with James?,3,targeted,1,1,SINGLE_CARRIER_SINGLE_SESSION,UNMARKED,True,1,COMPLETE,TIE_COMPLETE,NOT_APPLICABLE,True,1,COMPLETE,TIE_COMPLETE,NOT_APPLICABLE,COMPLETE_BOTH
69a35d16d2931a759e2f772f4a064c892aef79e222cd776aa567bcf9cff6852a,conv-47,17,What is the board game where you have to find the imposter that John mentions to James?,3,targeted,1,1,SINGLE_CARRIER_SINGLE_SESSION,LOCATION,True,1,COMPLETE,TIE_COMPLETE,NOT_APPLICABLE,True,1,COMPLETE,TIE_COMPLETE,NOT_APPLICABLE,COMPLETE_BOTH
80b0ad6a162115cef3905129956478a40f12e41f11e142ff8ccc3b7f65a23219,conv-47,18,Which books has John recommended to James?,1,other,2,2,MULTI_SESSION,ENUMERATION,True,2,COMPLETE,TIE_COMPLETE,NOT_APPLICABLE,True,2,COMPLETE,TIE_COMPLETE,NOT_APPLICABLE,COMPLETE_BOTH
48e3e4d10f4b058e6401826744e4b579928cd11cfbea203ed8dc6e6747d79926,conv-47,19,Was James feeling lonely before meeting Samantha?,3,targeted,1,1,SINGLE_CARRIER_SINGLE_SESSION,TEMPORAL,False,0,ZERO_EVIDENCE,TIE_MISS,NOT_APPLICABLE,True,1,COMPLETE,TIE_COMPLETE,NOT_APPLICABLE,RESCUED_AT_32K
4cbc6cbb44f9661f687619ccd4cd2b565d8114afede985faa29b0235d39c39bb,conv-47,20,How many charity tournaments has John organized till date?,1,other,2,2,MULTI_SESSION,QUANTITY|TEMPORAL|ENUMERATION,False,1,PARTIAL_EVIDENCE,TIE_MISS,NOT_APPLICABLE,True,2,COMPLETE,TIE_COMPLETE,NOT_APPLICABLE,RESCUED_AT_32K
f4f17d364c506e51f53cc1b34baddf9f68f5ce394ec6eb140e0732b2ae2d77b7,conv-47,21,When did John first organize a charity tournament with his friends?,2,targeted,1,1,SINGLE_CARRIER_SINGLE_SESSION,TEMPORAL,True,1,COMPLETE,TIE_COMPLETE,NOT_APPLICABLE,True,1,COMPLETE,TIE_COMPLETE,NOT_APPLICABLE,COMPLETE_BOTH
ea5bd84ccd9eaf4cbe6a349d3d869962fad9114cd10e1e2f2f90d3d82be0b823,conv-47,22,Who or which organizations have been the beneficiaries of John's charity tournaments?,1,other,3,2,MULTI_SESSION,ENUMERATION,True,3,COMPLETE,TIE_COMPLETE,NOT_APPLICABLE,True,3,COMPLETE,TIE_COMPLETE,NOT_APPLICABLE,COMPLETE_BOTH
f674d2ee066bc1cde0f851fff46ceb75be3bf0eac30668535b7d3cd0a642839e,conv-47,23,When will John start his new job?,2,targeted,1,1,SINGLE_CARRIER_SINGLE_SESSION,TEMPORAL,True,1,COMPLETE,TIE_COMPLETE,NOT_APPLICABLE,True,1,COMPLETE,TIE_COMPLETE,NOT_APPLICABLE,COMPLETE_BOTH
b32919131416fe5b56f45a863baa2e2e03c0c73500495f31dc2dce81102b0280,conv-47,24,What kind of games has James tried to develop?,1,breadth,3,3,MULTI_SESSION,UNMARKED,False,2,PARTIAL_EVIDENCE,TIE_MISS,NOT_APPLICABLE,True,3,COMPLETE,TIE_COMPLETE,NOT_APPLICABLE,RESCUED_AT_32K
5f971dcc43d8788ac57ac57317cf12a80e4b407d42aed11307f9ba6bd3e3c63e,conv-47,25,Are John and James fans of the same football team?,3,other,2,1,MULTI_CARRIER_ONE_SESSION,UNMARKED,True,2,COMPLETE,TIE_COMPLETE,NOT_APPLICABLE,True,2,COMPLETE,TIE_COMPLETE,NOT_APPLICABLE,COMPLETE_BOTH
65cee02b5a549d5271ca85f32cf840eb9895ec2e41647fd6c51e72e85b998767,conv-47,26,Which countries has James visited?,1,breadth,4,3,MULTI_SESSION,ENUMERATION,True,4,COMPLETE,TIE_COMPLETE,NOT_APPLICABLE,True,4,COMPLETE,TIE_COMPLETE,NOT_APPLICABLE,COMPLETE_BOTH
5f4f61dd574b182246df363c8cc77259001b804826c6ef2e26989a862c499a21,conv-47,27,What kind of classes has James joined?,1,other,2,2,MULTI_SESSION,UNMARKED,True,2,COMPLETE,TIE_COMPLETE,NOT_APPLICABLE,True,2,COMPLETE,TIE_COMPLETE,NOT_APPLICABLE,COMPLETE_BOTH
8b66331d7d0a2ff18c362616f0441ce1ac80125fc6b6fe72f16d442b59e34f70,conv-47,28,When did James volunteer at an organization?,2,targeted,1,1,SINGLE_CARRIER_SINGLE_SESSION,TEMPORAL,True,1,COMPLETE,TIE_COMPLETE,NOT_APPLICABLE,True,1,COMPLETE,TIE_COMPLETE,NOT_APPLICABLE,COMPLETE_BOTH
033389617e97e235302b11585d2d62d06b5379431ef1e1da31ec4a538b9d4dfe,conv-47,29,When did James depart for his trip to Canada?,2,targeted,1,1,SINGLE_CARRIER_SINGLE_SESSION,TEMPORAL,True,1,COMPLETE,TIE_COMPLETE,NOT_APPLICABLE,True,1,COMPLETE,TIE_COMPLETE,NOT_APPLICABLE,COMPLETE_BOTH
6825957a73afc533e8bb0b112303de34350b2ffcd3f911b4e255bfbf2ae1dd0f,conv-47,30,Which country did James book tickets for in July 2022?,3,other,2,1,MULTI_CARRIER_ONE_SESSION,ENUMERATION,True,2,COMPLETE,TIE_COMPLETE,NOT_APPLICABLE,True,2,COMPLETE,TIE_COMPLETE,NOT_APPLICABLE,COMPLETE_BOTH
19a48a5e6c82b817f856647559721be872d2f6be6b6564bbb90466517fde3ce1,conv-47,31,How many days did James plan to spend on his trip in Canada?,2,other,2,1,MULTI_CARRIER_ONE_SESSION,QUANTITY|ENUMERATION,True,2,COMPLETE,TIE_COMPLETE,NOT_APPLICABLE,True,2,COMPLETE,TIE_COMPLETE,NOT_APPLICABLE,COMPLETE_BOTH
c55bc907660613c94dfc75cdff5204f16023c381dfbc7eb7763e62edc26e2ca0,conv-47,32,"Where was James at on July 12, 2022?",2,targeted,1,1,SINGLE_CARRIER_SINGLE_SESSION,LOCATION,True,1,COMPLETE,TIE_COMPLETE,NOT_APPLICABLE,True,1,COMPLETE,TIE_COMPLETE,NOT_APPLICABLE,COMPLETE_BOTH
841358e8d773b3a11a85363576315dd91b820b87ed10bab67d60c85769a60363,conv-47,33,Did John and James study together?,3,targeted,1,1,SINGLE_CARRIER_SINGLE_SESSION,UNMARKED,True,1,COMPLETE,TIE_COMPLETE,NOT_APPLICABLE,True,1,COMPLETE,TIE_COMPLETE,NOT_APPLICABLE,COMPLETE_BOTH
873d89abef52715d41955c4ab50737755965569dd31921219143c8c477bb3bfc,conv-47,34,Which countries did James visit in July 2022?,1,other,2,2,MULTI_SESSION,ENUMERATION,True,2,COMPLETE,TIE_COMPLETE,NOT_APPLICABLE,True,2,COMPLETE,TIE_COMPLETE,NOT_APPLICABLE,COMPLETE_BOTH
74f96fa5cda0f81f1bef73364289461da5f94e1a573eb8469a94cfb8be608863,conv-47,35,What additional country did James visit during his trip to Canada?,3,targeted,1,1,SINGLE_CARRIER_SINGLE_SESSION,UNMARKED,True,1,COMPLETE,TIE_COMPLETE,NOT_APPLICABLE,True,1,COMPLETE,TIE_COMPLETE,NOT_APPLICABLE,COMPLETE_BOTH
9617e94e6792aa4099d6eb44d7153ed9b8f3f6ed8ea656fe44d9249a0c03ec03,conv-47,36,Who is Jill?,3,targeted,1,1,SINGLE_CARRIER_SINGLE_SESSION,UNMARKED,True,1,COMPLETE,TIE_COMPLETE,NOT_APPLICABLE,True,1,COMPLETE,TIE_COMPLETE,NOT_APPLICABLE,COMPLETE_BOTH
eea8880df2bec6d594d976271c226fe729f983feb0635080a14cd3ef9e092d9c,conv-47,37,When did John spend time with his sister and dogs?,2,targeted,1,1,SINGLE_CARRIER_SINGLE_SESSION,TEMPORAL,True,1,COMPLETE,TIE_COMPLETE,NOT_APPLICABLE,True,1,COMPLETE,TIE_COMPLETE,NOT_APPLICABLE,COMPLETE_BOTH
3256d69d49294afac18a9c283666a89e956460410f5e12f828469bd70aa8a4ff,conv-47,39,When did John start his job in IT?,2,targeted,1,1,SINGLE_CARRIER_SINGLE_SESSION,TEMPORAL,True,1,COMPLETE,TIE_COMPLETE,NOT_APPLICABLE,True,1,COMPLETE,TIE_COMPLETE,NOT_APPLICABLE,COMPLETE_BOTH
d1e308d0c25a042dca79e61405789395009797a9f09d09e17c18c745be4bcd18,conv-47,40,What kind of tricks do James's pets know?,1,breadth,4,3,MULTI_SESSION,UNMARKED,False,2,PARTIAL_EVIDENCE,TIE_MISS,NOT_APPLICABLE,False,2,PARTIAL_EVIDENCE,TIE_MISS,NOT_APPLICABLE,PERSISTENT_MISS
38732cf6d01ae76d6b3c01583cd17c652763390b1ce295a4e3502f409a1f172a,conv-47,41,When did James meet Samantha?,2,targeted,1,1,SINGLE_CARRIER_SINGLE_SESSION,TEMPORAL,True,1,COMPLETE,TIE_COMPLETE,NOT_APPLICABLE,True,1,COMPLETE,TIE_COMPLETE,NOT_APPLICABLE,COMPLETE_BOTH
b9b42c9148367439c3815e37080a8017116062bf782904735b5dd11c22954869,conv-47,42,When did James take his 3 dogs to the beach?,2,targeted,1,1,SINGLE_CARRIER_SINGLE_SESSION,TEMPORAL,True,1,COMPLETE,TIE_COMPLETE,NOT_APPLICABLE,True,1,COMPLETE,TIE_COMPLETE,NOT_APPLICABLE,COMPLETE_BOTH
15f6598bd6269657d95895c25792a4c08c957810a9b7076bbbce3011d649459a,conv-47,43,When did John plan his next meeting with his siblings?,2,targeted,1,1,SINGLE_CARRIER_SINGLE_SESSION,TEMPORAL,True,1,COMPLETE,TIE_COMPLETE,NOT_APPLICABLE,True,1,COMPLETE,TIE_COMPLETE,NOT_APPLICABLE,COMPLETE_BOTH
0de69a582f4908487262084ba364e78b4f93915460db4803f89f40717b26eda2,conv-47,44,Why didn't John want to go to Starbucks?,3,other,2,1,MULTI_CARRIER_ONE_SESSION,CAUSAL,True,2,COMPLETE,TIE_COMPLETE,NOT_APPLICABLE,True,2,COMPLETE,TIE_COMPLETE,NOT_APPLICABLE,COMPLETE_BOTH
7f91ac24aa44b6099bb0e522c4091381953035991f07ba680da2f6373a94f46b,conv-47,45,What kind of beer does McGee's bar serve?,1,other,3,2,MULTI_SESSION,UNMARKED,True,3,COMPLETE,TIE_COMPLETE,NOT_APPLICABLE,True,3,COMPLETE,TIE_COMPLETE,NOT_APPLICABLE,COMPLETE_BOTH
dc30824d53a1364d4c96fd96f14e0bca8bfacf23d51c48359e7799a9ea8a5645,conv-47,46,When did John and James meet at McGee's bar?,2,targeted,1,1,SINGLE_CARRIER_SINGLE_SESSION,TEMPORAL,True,1,COMPLETE,TIE_COMPLETE,NOT_APPLICABLE,True,1,COMPLETE,TIE_COMPLETE,NOT_APPLICABLE,COMPLETE_BOTH
c72c3bf1c7fb056ed8bf174ff19b81f0135dc7fc98d167989647158cb9d590f1,conv-47,47,When did James ask Samantha to be his girlfriend?,2,targeted,1,1,SINGLE_CARRIER_SINGLE_SESSION,TEMPORAL,True,1,COMPLETE,TIE_COMPLETE,NOT_APPLICABLE,True,1,COMPLETE,TIE_COMPLETE,NOT_APPLICABLE,COMPLETE_BOTH
76bc4a731506bac26244b2437bd6bb63e12068dd8fe0f754c0b8f662234ac696,conv-47,48,"When did James, Samantha and John go to the baseball game together?",2,targeted,1,1,SINGLE_CARRIER_SINGLE_SESSION,TEMPORAL,True,1,COMPLETE,TIE_COMPLETE,NOT_APPLICABLE,True,1,COMPLETE,TIE_COMPLETE,NOT_APPLICABLE,COMPLETE_BOTH
1bf8cd1d64c28cdcbc9acb1e374675bd768b26491e241e06cb2c6867f29b7a3c,conv-47,49,What gaming equipments did John buy or refurbish?,1,other,3,2,MULTI_SESSION,UNMARKED,True,3,COMPLETE,GAIN,CC80_ONLY,True,3,COMPLETE,TIE_COMPLETE,NOT_APPLICABLE,COMPLETE_BOTH
d9dfbabbc889129a614e076c581c6edc3abc0021c55c844b56bac5b2e4124acb,conv-47,50,When did James start taking cooking classes?,2,targeted,1,1,SINGLE_CARRIER_SINGLE_SESSION,TEMPORAL,True,1,COMPLETE,TIE_COMPLETE,NOT_APPLICABLE,True,1,COMPLETE,TIE_COMPLETE,NOT_APPLICABLE,COMPLETE_BOTH
fd5ad44e43efc75b2638598d74229647fdd7e3ed33dceb58e4b25b86d6e50f6c,conv-47,51,Which new games did John start play during the course of the conversation with James?,1,breadth,6,5,MULTI_SESSION,ENUMERATION,False,3,PARTIAL_EVIDENCE,TIE_MISS,NOT_APPLICABLE,False,4,PARTIAL_EVIDENCE,TIE_MISS,NOT_APPLICABLE,PERSISTENT_MISS
c4643577b06522cec7b5c27245cd7f60ad138e44e83c4c1780518bdc971a30e8,conv-47,52,When did John start working on his 2D Adventure mobile game?,2,targeted,1,1,SINGLE_CARRIER_SINGLE_SESSION,TEMPORAL,True,1,COMPLETE,TIE_COMPLETE,NOT_APPLICABLE,True,1,COMPLETE,TIE_COMPLETE,NOT_APPLICABLE,COMPLETE_BOTH
bc288faac117b881b882d4d677101ad05be7b1e9e29a5d44b65bfc80b7179ca8,conv-47,53,How long did it take for James to complete his Witcher-inspired game?,2,other,2,2,MULTI_SESSION,TEMPORAL,True,2,COMPLETE,TIE_COMPLETE,NOT_APPLICABLE,True,2,COMPLETE,TIE_COMPLETE,NOT_APPLICABLE,COMPLETE_BOTH
260aace10f5af4e07b963bd7dd63786228190f4d6c809554a128566bd89c8af6,conv-47,54,What kind of programming-related events has John hosted?,1,other,2,2,MULTI_SESSION,UNMARKED,False,1,PARTIAL_EVIDENCE,TIE_MISS,NOT_APPLICABLE,True,2,COMPLETE,TIE_COMPLETE,NOT_APPLICABLE,RESCUED_AT_32K
00f0390d17eafc419028159def46a7baf74b6c9e03c6eab414ae47dce568b0ac,conv-47,55,When did John and his programming friends host an online programming competition?,2,targeted,1,1,SINGLE_CARRIER_SINGLE_SESSION,TEMPORAL,True,1,COMPLETE,TIE_COMPLETE,NOT_APPLICABLE,True,1,COMPLETE,TIE_COMPLETE,NOT_APPLICABLE,COMPLETE_BOTH
3fc6ac3b3924e5279a3639b6b0b8cc73194c18ebda792236627550c7488fe2f1,conv-47,56,Which of James's family members have visited him in the last year?,1,other,2,2,MULTI_SESSION,TEMPORAL|ENUMERATION,True,2,COMPLETE,TIE_COMPLETE,NOT_APPLICABLE,True,2,COMPLETE,TIE_COMPLETE,NOT_APPLICABLE,COMPLETE_BOTH
52949ad9760fd61c1c8f41ad8910c9553d502d44223dfc6884d0395f28e0d6e4,conv-47,57,When did James' mother and her friend visit him?,2,targeted,1,1,SINGLE_CARRIER_SINGLE_SESSION,TEMPORAL,True,1,COMPLETE,TIE_COMPLETE,NOT_APPLICABLE,True,1,COMPLETE,TIE_COMPLETE,NOT_APPLICABLE,COMPLETE_BOTH
8c9f592b7b8e8c601a768086ca2bdb6de99999505d6f5a2801aa0429903ccc90,conv-47,58,When did James try Cyberpunk 2077 game?,2,targeted,1,1,SINGLE_CARRIER_SINGLE_SESSION,TEMPORAL,True,1,COMPLETE,TIE_COMPLETE,NOT_APPLICABLE,True,1,COMPLETE,TIE_COMPLETE,NOT_APPLICABLE,COMPLETE_BOTH
4f4c02b939adffb0fd57997a0ef1dd2cee457e499c019ef7af7346e89e119213,conv-47,59,When did John and his gaming friends organize the charity tournament?,2,targeted,1,1,SINGLE_CARRIER_SINGLE_SESSION,TEMPORAL,True,1,COMPLETE,TIE_COMPLETE,NOT_APPLICABLE,True,1,COMPLETE,TIE_COMPLETE,NOT_APPLICABLE,COMPLETE_BOTH
774d39a4f15358f2c320de771b71eccfac88a84c0d04e0e5049ba226f0c177cd,conv-47,60,What games has John played with his friends at charity tournaments?,1,other,3,2,MULTI_SESSION,UNMARKED,True,3,COMPLETE,TIE_COMPLETE,NOT_APPLICABLE,True,3,COMPLETE,TIE_COMPLETE,NOT_APPLICABLE,COMPLETE_BOTH
2f69c606f63a5f81d8697a242e033ff27694186bf9ed40b888c9e2d5416fcd14,conv-47,61,What was James' big moment with Samantha in October 2023?,2,other,2,1,MULTI_CARRIER_ONE_SESSION,UNMARKED,False,1,PARTIAL_EVIDENCE,TIE_MISS,NOT_APPLICABLE,False,1,PARTIAL_EVIDENCE,LOSS,A3_ONLY,PERSISTENT_MISS
334a363928543ca41bae1de0015f1f57061b3bafe41548fac567c8a77a5022fc,conv-47,62,How long did James and Samantha date for before deciding to move in together?,2,other,3,2,MULTI_SESSION,TEMPORAL,True,3,COMPLETE,TIE_COMPLETE,NOT_APPLICABLE,True,3,COMPLETE,TIE_COMPLETE,NOT_APPLICABLE,COMPLETE_BOTH
b8e2307cd727d8c27c0f8170d65bade5bd24d921fa28f50570472302ad179d68,conv-47,63,"When did James, his family and his dogs start on a road trip together?",2,targeted,1,1,SINGLE_CARRIER_SINGLE_SESSION,TEMPORAL,True,1,COMPLETE,TIE_COMPLETE,NOT_APPLICABLE,True,1,COMPLETE,TIE_COMPLETE,NOT_APPLICABLE,COMPLETE_BOTH
ececce2b9ae0a2cbe754a6b5adb3c2ac488c0733be309fdf0368920eeabfcbe9,conv-47,64,How long did John practice chess for before winning the chess tournament?,2,other,3,2,MULTI_SESSION,TEMPORAL,False,2,PARTIAL_EVIDENCE,TIE_MISS,NOT_APPLICABLE,False,2,PARTIAL_EVIDENCE,TIE_MISS,NOT_APPLICABLE,PERSISTENT_MISS
c34ed42ac4519fb049c6934e9693227b0ddf12eb0561bfab02d2fea201d2ddf1,conv-47,65,When did James and his family visit Mark and Josh?,2,targeted,1,1,SINGLE_CARRIER_SINGLE_SESSION,TEMPORAL,True,1,COMPLETE,TIE_COMPLETE,NOT_APPLICABLE,True,1,COMPLETE,TIE_COMPLETE,NOT_APPLICABLE,COMPLETE_BOTH
e4c73ecf8635f7cc0194f763d03b8e8586c3aac825c799d501edda55b376b0ac,conv-47,66,When did John work with a game developer on a project?,2,targeted,1,1,SINGLE_CARRIER_SINGLE_SESSION,TEMPORAL,True,1,COMPLETE,TIE_COMPLETE,NOT_APPLICABLE,True,1,COMPLETE,TIE_COMPLETE,NOT_APPLICABLE,COMPLETE_BOTH
f3b861d3784865be53da2f4f3b6eac334d2dd0a121eb07ec78694db2e0d85103,conv-47,67,What programming languages has James worked with?,4,targeted,1,1,SINGLE_CARRIER_SINGLE_SESSION,UNMARKED,True,1,COMPLETE,TIE_COMPLETE,NOT_APPLICABLE,True,1,COMPLETE,TIE_COMPLETE,NOT_APPLICABLE,COMPLETE_BOTH
f706b175b028a35ebfaf206c88418d99f7c34518427ade77b5a01382ac731344,conv-47,68,What type of mobile application does James plan to build with John?,4,targeted,1,1,SINGLE_CARRIER_SINGLE_SESSION,UNMARKED,True,1,COMPLETE,TIE_COMPLETE,NOT_APPLICABLE,True,1,COMPLETE,TIE_COMPLETE,NOT_APPLICABLE,COMPLETE_BOTH
f0963e712072e60a96a508dad73de16410e655fc2246443ba01e3296181aa684,conv-47,69,How does James plan to make his dog-sitting app unique?,4,targeted,1,1,SINGLE_CARRIER_SINGLE_SESSION,UNMARKED,True,1,COMPLETE,TIE_COMPLETE,NOT_APPLICABLE,True,1,COMPLETE,TIE_COMPLETE,NOT_APPLICABLE,COMPLETE_BOTH
2b8561d0f387080e7fdf696189bfe4b85f976e26d18ba151ec121a922cf9a5d2,conv-47,70,What has John mostly found with the metal detector so far?,4,targeted,1,1,SINGLE_CARRIER_SINGLE_SESSION,UNMARKED,True,1,COMPLETE,TIE_COMPLETE,NOT_APPLICABLE,True,1,COMPLETE,TIE_COMPLETE,NOT_APPLICABLE,COMPLETE_BOTH
d10414cebe0b72b4d3a7000682beba7bfc1329d52edb2baa17595ca1e8a1d8cb,conv-47,71,What did James offer to do for John regarding pets?,4,targeted,1,1,SINGLE_CARRIER_SINGLE_SESSION,UNMARKED,True,1,COMPLETE,TIE_COMPLETE,NOT_APPLICABLE,True,1,COMPLETE,TIE_COMPLETE,NOT_APPLICABLE,COMPLETE_BOTH
0ee2e63d9e2ef9e95d86c4c08c9bd9639586f949ec588343833aeaa2fb292d46,conv-47,72,"What instrument is John learning to play as of 27 March, 2022?",4,other,2,1,MULTI_CARRIER_ONE_SESSION,UNMARKED,True,2,COMPLETE,TIE_COMPLETE,NOT_APPLICABLE,True,2,COMPLETE,TIE_COMPLETE,NOT_APPLICABLE,COMPLETE_BOTH
4c000b5aeaea156342cdb9d37a67ca377507b12269b7aacc6b12e30a1f22e84a,conv-47,73,"How long has John been playing the drums as of 27 March, 2022?",4,targeted,1,1,SINGLE_CARRIER_SINGLE_SESSION,TEMPORAL,True,1,COMPLETE,TIE_COMPLETE,NOT_APPLICABLE,True,1,COMPLETE,TIE_COMPLETE,NOT_APPLICABLE,COMPLETE_BOTH
95e52b27923c42a58fe4600e22febd511a735b0b929e85db8f296fe227c21406,conv-47,74,What game did John play in an intense tournament at the gaming convention in March 2022?,4,targeted,1,1,SINGLE_CARRIER_SINGLE_SESSION,UNMARKED,True,1,COMPLETE,TIE_COMPLETE,NOT_APPLICABLE,True,1,COMPLETE,TIE_COMPLETE,NOT_APPLICABLE,COMPLETE_BOTH
5229e38e13238dd721f4de47dae8fb5df9604a321802c55ab3680fef8c62df79,conv-47,75,What game was James playing in the online gaming tournament in April 2022?,4,targeted,1,1,SINGLE_CARRIER_SINGLE_SESSION,UNMARKED,True,1,COMPLETE,TIE_COMPLETE,NOT_APPLICABLE,True,1,COMPLETE,TIE_COMPLETE,NOT_APPLICABLE,COMPLETE_BOTH
eca6a371313f48a654d2fb5a77693626897985a24c9e30829f16f3b414f31b12,conv-47,76,How does James communicate with his gaming team?,4,targeted,1,1,SINGLE_CARRIER_SINGLE_SESSION,UNMARKED,True,1,COMPLETE,TIE_COMPLETE,NOT_APPLICABLE,True,1,COMPLETE,TIE_COMPLETE,NOT_APPLICABLE,COMPLETE_BOTH
e40211091adea159af6ee819677aeba4fd07194ce142322d15740f2bd21b2ee6,conv-47,77,What advice did James receive from the famous players he met at the tournament?,4,targeted,1,1,SINGLE_CARRIER_SINGLE_SESSION,UNMARKED,True,1,COMPLETE,GAIN,CC80_ONLY,True,1,COMPLETE,TIE_COMPLETE,NOT_APPLICABLE,COMPLETE_BOTH
b3688ffc07f19ccc93f20af98c54634fa2f15f1d473ed5bdf2d8bda922964f79,conv-47,78,What did James adopt in April 2022?,4,targeted,1,1,SINGLE_CARRIER_SINGLE_SESSION,UNMARKED,True,1,COMPLETE,TIE_COMPLETE,NOT_APPLICABLE,True,1,COMPLETE,TIE_COMPLETE,NOT_APPLICABLE,COMPLETE_BOTH
5b230b31039f87e45379219fd0cd9c763712b580ca94fed660551b4ff5cb673c,conv-47,79,What is the name of the pup that was adopted by James?,4,targeted,1,1,SINGLE_CARRIER_SINGLE_SESSION,UNMARKED,True,1,COMPLETE,TIE_COMPLETE,NOT_APPLICABLE,True,1,COMPLETE,TIE_COMPLETE,NOT_APPLICABLE,COMPLETE_BOTH
6fe956f231da63d69d20462ed9e0d77a1d7d2f2bd3c6e0c0841d05e672ef5362,conv-47,80,Why did James embody the appearance of the game character from the woman he saw during a walk?,4,targeted,1,1,SINGLE_CARRIER_SINGLE_SESSION,CAUSAL,True,1,COMPLETE,TIE_COMPLETE,NOT_APPLICABLE,True,1,COMPLETE,TIE_COMPLETE,NOT_APPLICABLE,COMPLETE_BOTH
56a19fd2e23f837228fa88754c2f014a3095a37b540dfe379d58d37d71517bda,conv-47,81,What inspired James to create the game character in the virtual world?,4,targeted,1,1,SINGLE_CARRIER_SINGLE_SESSION,UNMARKED,True,1,COMPLETE,TIE_COMPLETE,NOT_APPLICABLE,True,1,COMPLETE,TIE_COMPLETE,NOT_APPLICABLE,COMPLETE_BOTH
835bcd0e131818a47429ec3854f68be4f67091d8748c4325fd01d6e019b72ed5,conv-47,82,Which country did James visit in 2021?,4,targeted,1,1,SINGLE_CARRIER_SINGLE_SESSION,ENUMERATION,False,0,ZERO_EVIDENCE,TIE_MISS,NOT_APPLICABLE,True,1,COMPLETE,TIE_COMPLETE,NOT_APPLICABLE,RESCUED_AT_32K
ef1f81daf9183393fee8ae1b90f26ccd9137a7b2fd32e00f29d0ba7619a9a0f9,conv-47,83,What impresses John about Japan?,4,targeted,1,1,SINGLE_CARRIER_SINGLE_SESSION,UNMARKED,True,1,COMPLETE,TIE_COMPLETE,NOT_APPLICABLE,True,1,COMPLETE,TIE_COMPLETE,NOT_APPLICABLE,COMPLETE_BOTH
5b5b23a948c01d77a3ca9c1f8dc5accd5fa1085ff50886a15beaa5ff19196a14,conv-47,84,What kind of assignment was giving John a hard time at work?,4,targeted,1,1,SINGLE_CARRIER_SINGLE_SESSION,UNMARKED,True,1,COMPLETE,TIE_COMPLETE,NOT_APPLICABLE,True,1,COMPLETE,TIE_COMPLETE,NOT_APPLICABLE,COMPLETE_BOTH
31b3598a853c3e06d7842e7f715cce2b99bff2426f8ffd6b144c3be01424777a,conv-47,85,"What breed is Daisy, one of James' dogs?",4,targeted,1,1,SINGLE_CARRIER_SINGLE_SESSION,UNMARKED,True,1,COMPLETE,TIE_COMPLETE,NOT_APPLICABLE,True,1,COMPLETE,TIE_COMPLETE,NOT_APPLICABLE,COMPLETE_BOTH
f9a1e6b5dace81388f05db3f99e85d80574c719a6cb1d0cbe8116e1c1df03ba1,conv-47,86,What type of pizza is James' favorite?,4,targeted,1,1,SINGLE_CARRIER_SINGLE_SESSION,UNMARKED,True,1,COMPLETE,TIE_COMPLETE,NOT_APPLICABLE,True,1,COMPLETE,TIE_COMPLETE,NOT_APPLICABLE,COMPLETE_BOTH
7fdf0314fbf57fe77a00a8c3cb82c2800761ab4cc42317faccea0a270f61a44f,conv-47,87,What type of pizza is John's favorite?,4,targeted,1,1,SINGLE_CARRIER_SINGLE_SESSION,UNMARKED,True,1,COMPLETE,TIE_COMPLETE,NOT_APPLICABLE,True,1,COMPLETE,TIE_COMPLETE,NOT_APPLICABLE,COMPLETE_BOTH
fa08d10585f711112b4d344e8610ca5acc95ef3396a69b85e09d3cacacad3f35,conv-47,88,"What did John organize with his friends on May 8, 2022?",4,targeted,1,1,SINGLE_CARRIER_SINGLE_SESSION,UNMARKED,True,1,COMPLETE,TIE_COMPLETE,NOT_APPLICABLE,True,1,COMPLETE,TIE_COMPLETE,NOT_APPLICABLE,COMPLETE_BOTH
cee222b521445c487027c6ea1fc3300b1046ddf1d2cf414449a47a3b72419ff8,conv-47,89,What did John and his friends do with the remaining money after helping the dog shelter?,4,targeted,1,1,SINGLE_CARRIER_SINGLE_SESSION,TEMPORAL,True,1,COMPLETE,TIE_COMPLETE,NOT_APPLICABLE,True,1,COMPLETE,TIE_COMPLETE,NOT_APPLICABLE,COMPLETE_BOTH
f876613e21f19f30fe03a115872e1f7167677856d0047fbfeb90eac723c609d9,conv-47,90,What was the main goal of the money raised from the charity tournament organized by John and his friends in May 2022?,4,targeted,1,1,SINGLE_CARRIER_SINGLE_SESSION,UNMARKED,True,1,COMPLETE,TIE_COMPLETE,NOT_APPLICABLE,True,1,COMPLETE,TIE_COMPLETE,NOT_APPLICABLE,COMPLETE_BOTH
58a980e0a67ca43024eaaebea9c1191c836ac38c183f2c17f7cbc8c37e927239,conv-47,91,What did the system John created help the charitable foundation with?,4,targeted,1,1,SINGLE_CARRIER_SINGLE_SESSION,UNMARKED,True,1,COMPLETE,TIE_COMPLETE,NOT_APPLICABLE,True,1,COMPLETE,TIE_COMPLETE,NOT_APPLICABLE,COMPLETE_BOTH
786f5d267155eef1a399d380721976a836b6c9aac4d2082cc8434df8367d361d,conv-47,92,What did John create for the charitable foundation that helped generate reports for analysis?,4,targeted,1,1,SINGLE_CARRIER_SINGLE_SESSION,CAUSAL,True,1,COMPLETE,TIE_COMPLETE,NOT_APPLICABLE,True,1,COMPLETE,TIE_COMPLETE,NOT_APPLICABLE,COMPLETE_BOTH
2e07e04e2fce5e986523cd680a511b944ba5acca2be49c196bfbfae659a60cf7,conv-47,93,What did John receive for achieving second place in the tournament?,4,targeted,1,1,SINGLE_CARRIER_SINGLE_SESSION,LOCATION,True,1,COMPLETE,TIE_COMPLETE,NOT_APPLICABLE,True,1,COMPLETE,TIE_COMPLETE,NOT_APPLICABLE,COMPLETE_BOTH
143bf2ebacea84a7362a8eca854135e0739b922ae0d331a6a994fe963e1d22f9,conv-47,94,What project is James working on in his game design course?,4,targeted,1,1,SINGLE_CARRIER_SINGLE_SESSION,UNMARKED,True,1,COMPLETE,TIE_COMPLETE,NOT_APPLICABLE,True,1,COMPLETE,TIE_COMPLETE,NOT_APPLICABLE,COMPLETE_BOTH
aab7ca448a1e117635832e2a085c41d5941dedbadebe60aa981749ffeb68ee75,conv-47,95,Who does James support in football matches?,4,targeted,1,1,SINGLE_CARRIER_SINGLE_SESSION,UNMARKED,True,1,COMPLETE,TIE_COMPLETE,NOT_APPLICABLE,True,1,COMPLETE,TIE_COMPLETE,NOT_APPLICABLE,COMPLETE_BOTH
db6439d47f43285283798380d525d6ca8f4cedbc8d780b2c38c9f9353110cdc7,conv-47,96,Which football club does John support?,4,targeted,1,1,SINGLE_CARRIER_SINGLE_SESSION,ENUMERATION,True,1,COMPLETE,TIE_COMPLETE,NOT_APPLICABLE,True,1,COMPLETE,TIE_COMPLETE,NOT_APPLICABLE,COMPLETE_BOTH
a00998166aa95e5f022baa269ea95c3d35de1635379c2942f599f9c046c927a8,conv-47,97,What disagreement do James and John have about their football teams?,4,targeted,1,1,SINGLE_CARRIER_SINGLE_SESSION,UNMARKED,True,1,COMPLETE,TIE_COMPLETE,NOT_APPLICABLE,True,1,COMPLETE,TIE_COMPLETE,NOT_APPLICABLE,COMPLETE_BOTH
2a72e7b8baf3d9ce43a2849221ff5ff19f0a536aa71f37a9a09aa23416146545,conv-47,98,What is Max good at doing according to James?,4,targeted,1,1,SINGLE_CARRIER_SINGLE_SESSION,UNMARKED,True,1,COMPLETE,TIE_COMPLETE,NOT_APPLICABLE,True,1,COMPLETE,TIE_COMPLETE,NOT_APPLICABLE,COMPLETE_BOTH
61c41768b13d3bdd893a5b3c946ad5d361b3e8176c7eb193c898165355177fbc,conv-47,99,What is the main focus of the organization that James volunteered with?,4,targeted,1,1,SINGLE_CARRIER_SINGLE_SESSION,UNMARKED,True,1,COMPLETE,TIE_COMPLETE,NOT_APPLICABLE,True,1,COMPLETE,TIE_COMPLETE,NOT_APPLICABLE,COMPLETE_BOTH
74a4a0ed24134f2b4dc2d12d78ad9a577b70502a387095344347a1536e59d7d7,conv-47,100,Will there be an interview required to volunteer with the organization James volunteered for?,4,targeted,1,1,SINGLE_CARRIER_SINGLE_SESSION,UNMARKED,True,1,COMPLETE,TIE_COMPLETE,NOT_APPLICABLE,True,1,COMPLETE,TIE_COMPLETE,NOT_APPLICABLE,COMPLETE_BOTH
78f27ba08533e1e95ecc51a5e981998b978c6a87fb9a1490e5dc471622d38605,conv-47,101,"How did John relax in his free time on 9 July, 2022?",4,targeted,1,1,SINGLE_CARRIER_SINGLE_SESSION,UNMARKED,True,1,COMPLETE,TIE_COMPLETE,NOT_APPLICABLE,True,1,COMPLETE,TIE_COMPLETE,NOT_APPLICABLE,COMPLETE_BOTH
6f5f425ae907e3b2fd6a32ca3d9767e6241f9d9e7073a44366c50f715ba988b1,conv-47,102,What did James enjoy doing on cold winter days?,4,targeted,1,1,SINGLE_CARRIER_SINGLE_SESSION,UNMARKED,True,1,COMPLETE,TIE_COMPLETE,NOT_APPLICABLE,True,1,COMPLETE,TIE_COMPLETE,NOT_APPLICABLE,COMPLETE_BOTH
44d62fef4cf436ab13f116f5b4b725d146bdbd96bd203a820c0389ab1db5aef3,conv-47,103,"What new hobby did James become interested in on 9 July, 2022?",4,targeted,1,1,SINGLE_CARRIER_SINGLE_SESSION,UNMARKED,True,1,COMPLETE,TIE_COMPLETE,NOT_APPLICABLE,True,1,COMPLETE,TIE_COMPLETE,NOT_APPLICABLE,COMPLETE_BOTH
97d48f1378a716ba46c7a13d69e435af221773987fb6d603138ee0d399aa110b,conv-47,104,Where did James plan to visit after Toronto?,4,targeted,1,1,SINGLE_CARRIER_SINGLE_SESSION,TEMPORAL|LOCATION,True,1,COMPLETE,TIE_COMPLETE,NOT_APPLICABLE,True,1,COMPLETE,TIE_COMPLETE,NOT_APPLICABLE,COMPLETE_BOTH
8582323191a147cd627eeacc848904b805a0301e2d00bfdef7f9eae4101d4576,conv-47,105,When did James plan to return from his trip to Toronto and Vancouver?,4,targeted,1,1,SINGLE_CARRIER_SINGLE_SESSION,TEMPORAL,True,1,COMPLETE,TIE_COMPLETE,NOT_APPLICABLE,True,1,COMPLETE,TIE_COMPLETE,NOT_APPLICABLE,COMPLETE_BOTH
1a10d87f66b3c13bff75097859d6ac03d3e1c17fbb4450f98b4e320c3c7f9442,conv-47,106,What online game did John start playing recently for improving strategy?,4,targeted,1,1,SINGLE_CARRIER_SINGLE_SESSION,UNMARKED,True,1,COMPLETE,TIE_COMPLETE,NOT_APPLICABLE,True,1,COMPLETE,TIE_COMPLETE,NOT_APPLICABLE,COMPLETE_BOTH
9435bfdbfa8036e33cc8155e700ba55a143072a0b4b8f07fd9b818cf6796f9fa,conv-47,107,What made John leave his IT job?,4,targeted,1,1,SINGLE_CARRIER_SINGLE_SESSION,UNMARKED,True,1,COMPLETE,TIE_COMPLETE,NOT_APPLICABLE,True,1,COMPLETE,TIE_COMPLETE,NOT_APPLICABLE,COMPLETE_BOTH
0ba4ab87c21b1808cdcbd6400f5fa6162443a4b7d56c8bedce7c2839eb1848f6,conv-47,108,Which game tournaments does John plan to organize besides CS:GO?,4,targeted,1,1,SINGLE_CARRIER_SINGLE_SESSION,ENUMERATION,True,1,COMPLETE,TIE_COMPLETE,NOT_APPLICABLE,True,1,COMPLETE,TIE_COMPLETE,NOT_APPLICABLE,COMPLETE_BOTH
544f4d72d0f8d7676df91894bc8e049bfe728018e338045315ac26dc4958e093,conv-47,109,What happened to James's puppy during the recent visit to the clinic?,4,targeted,1,1,SINGLE_CARRIER_SINGLE_SESSION,UNMARKED,True,1,COMPLETE,TIE_COMPLETE,NOT_APPLICABLE,True,1,COMPLETE,TIE_COMPLETE,NOT_APPLICABLE,COMPLETE_BOTH
1f22ea9fdafe97937b45086bc4220a9d0a8c68cd491072cb6317ca5b71c473ba,conv-47,110,What game genre did John start exploring instead of shooters?,4,targeted,1,1,SINGLE_CARRIER_SINGLE_SESSION,UNMARKED,True,1,COMPLETE,TIE_COMPLETE,NOT_APPLICABLE,True,1,COMPLETE,TIE_COMPLETE,NOT_APPLICABLE,COMPLETE_BOTH
52766dcb81a0294a61cfdcb3b05e9bdf00e7bcad6b6bf290c654ccd8881d85cd,conv-47,111,"Which RPG game is John playing and enjoying on 10 August, 2022?",4,targeted,1,1,SINGLE_CARRIER_SINGLE_SESSION,ENUMERATION,False,0,ZERO_EVIDENCE,LOSS,A3_ONLY,True,1,COMPLETE,TIE_COMPLETE,NOT_APPLICABLE,RESCUED_AT_32K
1fbc8637100e337a092ec3c6c59e2c436683b608ec7c95e92198fc9226ee1fd8,conv-47,112,"What aspect of ""The Witcher 3"" does John find immersive?",4,targeted,1,1,SINGLE_CARRIER_SINGLE_SESSION,UNMARKED,True,1,COMPLETE,TIE_COMPLETE,NOT_APPLICABLE,True,1,COMPLETE,TIE_COMPLETE,NOT_APPLICABLE,COMPLETE_BOTH
8bff7e8b2880d7d20a848766b75dfabee9425a89ae5961f4f11c308c436023a0,conv-47,113,Whose phone number did James receive during the beach outing?,4,targeted,1,1,SINGLE_CARRIER_SINGLE_SESSION,QUANTITY,True,1,COMPLETE,TIE_COMPLETE,NOT_APPLICABLE,True,1,COMPLETE,TIE_COMPLETE,NOT_APPLICABLE,COMPLETE_BOTH
dc9c71edda38cdc3ec95a18fe5480cbdb17614c461d3b5ce3511a090cefe2fa7,conv-47,114,What is James planning to do after receiving Samantha's phone number?,4,targeted,1,1,SINGLE_CARRIER_SINGLE_SESSION,QUANTITY|TEMPORAL,True,1,COMPLETE,TIE_COMPLETE,NOT_APPLICABLE,True,1,COMPLETE,TIE_COMPLETE,NOT_APPLICABLE,COMPLETE_BOTH
d56afa81d13f2e9ef070c86bc421cb471c6f2ffcb5c67ab7946da0d3e06c5383,conv-47,115,What is John organizing with his siblings?,4,targeted,1,1,SINGLE_CARRIER_SINGLE_SESSION,UNMARKED,True,1,COMPLETE,TIE_COMPLETE,NOT_APPLICABLE,True,1,COMPLETE,TIE_COMPLETE,NOT_APPLICABLE,COMPLETE_BOTH
e19d1aae103de0b919d5ef51bf1a685e32956c252e40e84e83dcb078a1323511,conv-47,116,What type of beer does John not like?,4,targeted,1,1,SINGLE_CARRIER_SINGLE_SESSION,UNMARKED,True,1,COMPLETE,TIE_COMPLETE,NOT_APPLICABLE,True,1,COMPLETE,TIE_COMPLETE,NOT_APPLICABLE,COMPLETE_BOTH
ceff852eb5fd6d0c45901b531373a653301e2cd66740ca6d30063c1790404550,conv-47,117,What were some difficulties James faced during the development of his game?,4,targeted,1,1,SINGLE_CARRIER_SINGLE_SESSION,ENUMERATION,True,1,COMPLETE,TIE_COMPLETE,NOT_APPLICABLE,True,1,COMPLETE,TIE_COMPLETE,NOT_APPLICABLE,COMPLETE_BOTH
0175f462a4b66695096fc4f9151ca7e3e84e675bd4294d4ad71ce6c6e858fe16,conv-47,118,What has John been teaching his siblings?,4,targeted,1,1,SINGLE_CARRIER_SINGLE_SESSION,UNMARKED,False,0,ZERO_EVIDENCE,TIE_MISS,NOT_APPLICABLE,True,1,COMPLETE,GAIN,CC80_ONLY,RESCUED_AT_32K
e5ba75c35003223368c3cca1e84562de998819714b91728a888fd378b3ec2454,conv-47,119,What kind of programs are John's siblings making?,4,targeted,1,1,SINGLE_CARRIER_SINGLE_SESSION,UNMARKED,True,1,COMPLETE,TIE_COMPLETE,NOT_APPLICABLE,True,1,COMPLETE,TIE_COMPLETE,NOT_APPLICABLE,COMPLETE_BOTH
caa350851c17ba219fcf8d04dd1eb2aeaeb2fb7636642561dac57247dc98e7f6,conv-47,120,Which company's headphones did John choose for gaming?,4,targeted,1,1,SINGLE_CARRIER_SINGLE_SESSION,ENUMERATION,True,1,COMPLETE,TIE_COMPLETE,NOT_APPLICABLE,True,1,COMPLETE,TIE_COMPLETE,NOT_APPLICABLE,COMPLETE_BOTH
3fa8cfb1449c05261a4f8409c515a74a47a911d1c1e2cbe4da25bacc0cd88d6e,conv-47,121,What did James and Samantha discover they both enjoy at McGee's bar?,4,targeted,1,1,SINGLE_CARRIER_SINGLE_SESSION,UNMARKED,True,1,COMPLETE,TIE_COMPLETE,NOT_APPLICABLE,True,1,COMPLETE,TIE_COMPLETE,NOT_APPLICABLE,COMPLETE_BOTH
19861434e2119d7552e2114f557e751a6be672b3171773d879bf918952e81a70,conv-47,122,How much does James pay per cooking class?,4,targeted,1,1,SINGLE_CARRIER_SINGLE_SESSION,QUANTITY,True,1,COMPLETE,TIE_COMPLETE,NOT_APPLICABLE,True,1,COMPLETE,TIE_COMPLETE,NOT_APPLICABLE,COMPLETE_BOTH
ed8ee90e3027fa0ca2b2b8308ae8f60fb6557a972feaae93a73bd781b3b2bdf7,conv-47,123,What did James learn to make in the cooking class besides omelette and meringue?,4,targeted,1,1,SINGLE_CARRIER_SINGLE_SESSION,UNMARKED,True,1,COMPLETE,TIE_COMPLETE,NOT_APPLICABLE,True,1,COMPLETE,TIE_COMPLETE,NOT_APPLICABLE,COMPLETE_BOTH
94f5f29f2d5a5e7271ead43c245f58da6f4076b1d3f50e98d7cc1547d3ebd0b9,conv-47,124,Why did James sign up for a cooking class?,4,targeted,1,1,SINGLE_CARRIER_SINGLE_SESSION,CAUSAL,True,1,COMPLETE,TIE_COMPLETE,NOT_APPLICABLE,True,1,COMPLETE,TIE_COMPLETE,NOT_APPLICABLE,COMPLETE_BOTH
8e2d3abe4cba3cd6f8361ea6e5b631dd6f2ff32408a5566fc37fb40afbaebac7,conv-47,125,What did James prepare for the first time in the cooking class?,4,targeted,1,1,SINGLE_CARRIER_SINGLE_SESSION,TEMPORAL,True,1,COMPLETE,TIE_COMPLETE,NOT_APPLICABLE,True,1,COMPLETE,TIE_COMPLETE,NOT_APPLICABLE,COMPLETE_BOTH
0c69e249f93e086b1e2025f33355848e1a84350490389adc07b254073aa2f0dc,conv-47,126,What is the name of the board game John tried in September 2022?,4,targeted,1,1,SINGLE_CARRIER_SINGLE_SESSION,UNMARKED,False,0,ZERO_EVIDENCE,TIE_MISS,NOT_APPLICABLE,True,1,COMPLETE,TIE_COMPLETE,NOT_APPLICABLE,RESCUED_AT_32K
c8192bc3c3b7c0343f631a347cc8362acebd6d91821aa86407231c1fa2667c98,conv-47,127,Where does James get his ideas from?,4,targeted,1,1,SINGLE_CARRIER_SINGLE_SESSION,LOCATION,True,1,COMPLETE,TIE_COMPLETE,NOT_APPLICABLE,True,1,COMPLETE,TIE_COMPLETE,NOT_APPLICABLE,COMPLETE_BOTH
88823bd9db57f1a3195c21df433ef9c2dbb4e511956301b62242aa6aecf3d4d0,conv-47,128,What kind of dream did James have recently?,4,targeted,1,1,SINGLE_CARRIER_SINGLE_SESSION,UNMARKED,True,1,COMPLETE,TIE_COMPLETE,NOT_APPLICABLE,True,1,COMPLETE,TIE_COMPLETE,NOT_APPLICABLE,COMPLETE_BOTH
0a40384818c5bf2cb101a2a2eb9e946fae5448026e72f3a498456f9e418dcdae,conv-47,129,What kind of music does John like?,4,targeted,1,1,SINGLE_CARRIER_SINGLE_SESSION,UNMARKED,True,1,COMPLETE,TIE_COMPLETE,NOT_APPLICABLE,True,1,COMPLETE,TIE_COMPLETE,NOT_APPLICABLE,COMPLETE_BOTH
0decbf7c53b65503f737f5742e741c0e6021247f49e24d1b021f57afed6dc92c,conv-47,130,What instrument did James used to play when he was younger?,4,targeted,1,1,SINGLE_CARRIER_SINGLE_SESSION,TEMPORAL,True,1,COMPLETE,TIE_COMPLETE,NOT_APPLICABLE,True,1,COMPLETE,TIE_COMPLETE,NOT_APPLICABLE,COMPLETE_BOTH
0da9682de89c5cc47c526991edf84c86be23dacc52ea921680fa5cfbe1e911ba,conv-47,131,What did John use to play when he was younger to let off steam?,4,targeted,1,1,SINGLE_CARRIER_SINGLE_SESSION,TEMPORAL,True,1,COMPLETE,TIE_COMPLETE,NOT_APPLICABLE,True,1,COMPLETE,TIE_COMPLETE,NOT_APPLICABLE,COMPLETE_BOTH
b44519b7cb11f59e3f4d7d92d5405af5de906a14bc17302be0f1ed111bb41050,conv-47,132,What career milestone did John achieve recently in September 2022?,4,targeted,1,1,SINGLE_CARRIER_SINGLE_SESSION,UNMARKED,True,1,COMPLETE,TIE_COMPLETE,NOT_APPLICABLE,True,1,COMPLETE,TIE_COMPLETE,NOT_APPLICABLE,COMPLETE_BOTH
21be6ea2dc0ee14b5dc423bc0ce81202f29672f39eeefb4dd9185c6678c205b6,conv-47,133,What type of game is John's upcoming mobile game?,4,targeted,1,1,SINGLE_CARRIER_SINGLE_SESSION,UNMARKED,True,1,COMPLETE,TIE_COMPLETE,NOT_APPLICABLE,True,1,COMPLETE,TIE_COMPLETE,NOT_APPLICABLE,COMPLETE_BOTH
8530a5abe599597b4566b529228390efaaebb7e8a299463f2fd4935ff20c974d,conv-47,134,What does John do to stay informed and constantly learn about game design?,4,targeted,1,1,SINGLE_CARRIER_SINGLE_SESSION,UNMARKED,True,1,COMPLETE,TIE_COMPLETE,NOT_APPLICABLE,True,1,COMPLETE,TIE_COMPLETE,NOT_APPLICABLE,COMPLETE_BOTH
e96074b4d941ad8d64e8a1a0eb53f150b02547ad98ebc75601e916a3e73adc5b,conv-47,135,What kind of gig was John offered at the game dev non-profit organization?,4,targeted,1,1,SINGLE_CARRIER_SINGLE_SESSION,UNMARKED,True,1,COMPLETE,TIE_COMPLETE,NOT_APPLICABLE,True,1,COMPLETE,TIE_COMPLETE,NOT_APPLICABLE,COMPLETE_BOTH
5c4d966437cf2ad9434e1c5df6622897d26e8d81350390707429033c7d8f2d0a,conv-47,136,What does John feel about starting the journey as a programming mentor for game developers?,4,targeted,1,1,SINGLE_CARRIER_SINGLE_SESSION,UNMARKED,False,0,ZERO_EVIDENCE,LOSS,BOTH_CONTROLS,True,1,COMPLETE,TIE_COMPLETE,NOT_APPLICABLE,RESCUED_AT_32K
8ab0116f844cfc3f0188d799be9ce053473068fd3c0df29a9c17cc968f7d3677,conv-47,137,What kind of games is James excited to play with his new video card?,4,targeted,1,1,SINGLE_CARRIER_SINGLE_SESSION,UNMARKED,True,1,COMPLETE,TIE_COMPLETE,NOT_APPLICABLE,True,1,COMPLETE,TIE_COMPLETE,NOT_APPLICABLE,COMPLETE_BOTH
8736c16082dfbd9e2cf41ae7b46c1ea931c230c36a993c17d2fa3463dee92587,conv-47,138,What inspired James to create his game?,4,targeted,1,1,SINGLE_CARRIER_SINGLE_SESSION,UNMARKED,True,1,COMPLETE,TIE_COMPLETE,NOT_APPLICABLE,True,1,COMPLETE,TIE_COMPLETE,NOT_APPLICABLE,COMPLETE_BOTH
07c4f0c4b2018b15f194daebb475835d2ae644711d0e574591677a922fe00a1a,conv-47,139,What sparked James' passion for gaming when he was a kid?,4,targeted,1,1,SINGLE_CARRIER_SINGLE_SESSION,TEMPORAL,True,1,COMPLETE,TIE_COMPLETE,NOT_APPLICABLE,True,1,COMPLETE,TIE_COMPLETE,NOT_APPLICABLE,COMPLETE_BOTH
b1dea42385b8f4e35d0736971236ecb49588ab1f365de1d8a6d998a9b13b8b82,conv-47,140,What did James lose progress on due to a power outage?,4,targeted,1,1,SINGLE_CARRIER_SINGLE_SESSION,UNMARKED,True,1,COMPLETE,TIE_COMPLETE,NOT_APPLICABLE,True,1,COMPLETE,TIE_COMPLETE,NOT_APPLICABLE,COMPLETE_BOTH
bd70513c25b185207e9c996940347974d01e3ece81e58527fe45f83071f1649f,conv-47,141,"What games were played at the gaming tournament organized by John on 31 October, 2022?",4,other,2,1,MULTI_CARRIER_ONE_SESSION,UNMARKED,True,2,COMPLETE,TIE_COMPLETE,NOT_APPLICABLE,True,2,COMPLETE,TIE_COMPLETE,NOT_APPLICABLE,COMPLETE_BOTH
09223c3da8dd391422e02d4ac53faad284f30a77e63edd75f5e136aa1c799c6c,conv-47,142,"What was the purpose of the gaming tournament organized by John on 31 October, 2022?",4,other,2,1,MULTI_CARRIER_ONE_SESSION,UNMARKED,True,2,COMPLETE,TIE_COMPLETE,NOT_APPLICABLE,True,2,COMPLETE,TIE_COMPLETE,NOT_APPLICABLE,COMPLETE_BOTH
7d62ba6e846e4d6a62cca5ab44ef29565e95ccb73129ee9b344e8534b0c5ff1c,conv-47,143,"What decision did James and Samantha make on 31 October, 2022?",4,other,2,1,MULTI_CARRIER_ONE_SESSION,UNMARKED,True,2,COMPLETE,TIE_COMPLETE,NOT_APPLICABLE,True,2,COMPLETE,TIE_COMPLETE,NOT_APPLICABLE,COMPLETE_BOTH
7184abae93ed9e15805aaac907141da0566f95dd1e5aac5ed55005ee988493d0,conv-47,144,"Where did James and Samantha decide to live together on 31 October, 2022?",4,targeted,1,1,SINGLE_CARRIER_SINGLE_SESSION,LOCATION,True,1,COMPLETE,TIE_COMPLETE,NOT_APPLICABLE,True,1,COMPLETE,TIE_COMPLETE,NOT_APPLICABLE,COMPLETE_BOTH
5baa5b2145ef7c42a67dd383d6a13de78131241a5ac07532b95161b6491b88ca,conv-47,145,Why did James and Samantha choose an apartment near McGee's bar?,4,targeted,1,1,SINGLE_CARRIER_SINGLE_SESSION,CAUSAL,True,1,COMPLETE,TIE_COMPLETE,NOT_APPLICABLE,True,1,COMPLETE,TIE_COMPLETE,NOT_APPLICABLE,COMPLETE_BOTH
5ffc3704158fe1de92c475142d32b50bb1081fe7c55427dca20a73dc10b2648b,conv-47,146,"What game is John hooked on playing on 5 November, 2022?",4,targeted,1,1,SINGLE_CARRIER_SINGLE_SESSION,UNMARKED,True,1,COMPLETE,TIE_COMPLETE,NOT_APPLICABLE,True,1,COMPLETE,TIE_COMPLETE,NOT_APPLICABLE,COMPLETE_BOTH
810da9027d8ac95e914f7a101f3eda2d97ffcca21acda3dbd2c23fe10ba916c1,conv-47,147,What did John suggest James practice before playing FIFA 23 together?,4,targeted,1,1,SINGLE_CARRIER_SINGLE_SESSION,TEMPORAL,False,0,ZERO_EVIDENCE,TIE_MISS,NOT_APPLICABLE,False,0,ZERO_EVIDENCE,TIE_MISS,NOT_APPLICABLE,PERSISTENT_MISS
1a01ac60d778aad483ce762eabb894b76129b43f4ddb049c1f53073ccd0249a3,conv-47,148,"What project did John work on with a game developer by 7 November, 2022?",4,targeted,1,1,SINGLE_CARRIER_SINGLE_SESSION,UNMARKED,True,1,COMPLETE,TIE_COMPLETE,NOT_APPLICABLE,True,1,COMPLETE,TIE_COMPLETE,NOT_APPLICABLE,COMPLETE_BOTH
21ed57380e4b39b24802b5914740c4f74040abfcf336ac575815a0c3a03b8c98,conv-47,149,What is the name of John's cousin's dog?,4,targeted,1,1,SINGLE_CARRIER_SINGLE_SESSION,UNMARKED,True,1,COMPLETE,TIE_COMPLETE,NOT_APPLICABLE,True,1,COMPLETE,TIE_COMPLETE,NOT_APPLICABLE,COMPLETE_BOTH
b86aa1f0a8edd7a26ae528a5e5df0a4d770aee07b96e577a040f46ee32db3e09,conv-47,150,What did John adopt in April 2022?,5,targeted,1,1,SINGLE_CARRIER_SINGLE_SESSION,UNMARKED,True,1,COMPLETE,TIE_COMPLETE,NOT_APPLICABLE,True,1,COMPLETE,TIE_COMPLETE,NOT_APPLICABLE,COMPLETE_BOTH
d36099efac27358cbb46955a29fed825fad136b72e6d50ae62e531072dcb377c,conv-47,151,What is the name of the kitten that was adopted by James?,5,targeted,1,1,SINGLE_CARRIER_SINGLE_SESSION,UNMARKED,True,1,COMPLETE,TIE_COMPLETE,NOT_APPLICABLE,True,1,COMPLETE,TIE_COMPLETE,NOT_APPLICABLE,COMPLETE_BOTH
f6ee38b75f47397be0e2f7e184152b17d82deff54c4cd45e5df7b0903cbf10a0,conv-47,152,What inspired John to create the game character in the virtual world?,5,targeted,1,1,SINGLE_CARRIER_SINGLE_SESSION,UNMARKED,True,1,COMPLETE,TIE_COMPLETE,NOT_APPLICABLE,True,1,COMPLETE,TIE_COMPLETE,NOT_APPLICABLE,COMPLETE_BOTH
59b9bd128b3d728c9ff0628c7c19dcec516551f5a7fc34b0f15a8c987fbdd22c,conv-47,153,Which country did John visit in 2021?,5,targeted,1,1,SINGLE_CARRIER_SINGLE_SESSION,ENUMERATION,True,1,COMPLETE,TIE_COMPLETE,NOT_APPLICABLE,True,1,COMPLETE,TIE_COMPLETE,NOT_APPLICABLE,COMPLETE_BOTH
4fbff303ea2cbd1127db6731f4dedbcb624b8a1823a4fce416204de85ac04273,conv-47,154,What kind of assignment was giving James a hard time at work?,5,targeted,1,1,SINGLE_CARRIER_SINGLE_SESSION,UNMARKED,True,1,COMPLETE,TIE_COMPLETE,NOT_APPLICABLE,True,1,COMPLETE,TIE_COMPLETE,NOT_APPLICABLE,COMPLETE_BOTH
573db2ec50984ab00ec60809cc7b69444bca91f2299d4521da0066b4764046e5,conv-47,155,What did James and his friends do with the remaining money after helping the dog shelter?,5,targeted,1,1,SINGLE_CARRIER_SINGLE_SESSION,TEMPORAL,True,1,COMPLETE,TIE_COMPLETE,NOT_APPLICABLE,True,1,COMPLETE,TIE_COMPLETE,NOT_APPLICABLE,COMPLETE_BOTH
8a577c1717bfd6ba12346a42819947e388dcb6b9fa4a1b9712c70c460f6800d6,conv-47,156,What was the main goal of the money raised from the political campaign organized by John and his friends in May 2022?,5,targeted,1,1,SINGLE_CARRIER_SINGLE_SESSION,UNMARKED,True,1,COMPLETE,TIE_COMPLETE,NOT_APPLICABLE,True,1,COMPLETE,TIE_COMPLETE,NOT_APPLICABLE,COMPLETE_BOTH
c088ac4f38e5d7c59f4ef4fe2a3b91403642c644f572367c3e0f0def87665f19,conv-47,157,What did the system John created help the illegal organization with?,5,targeted,1,1,SINGLE_CARRIER_SINGLE_SESSION,UNMARKED,True,1,COMPLETE,TIE_COMPLETE,NOT_APPLICABLE,True,1,COMPLETE,TIE_COMPLETE,NOT_APPLICABLE,COMPLETE_BOTH
b090b4cb7c9db4207ba2ff41810bc17d787c3681ee9afe563ecfe0adb30e7d4c,conv-47,158,What did James create for the charitable foundation that helped generate reports for analysis?,5,targeted,1,1,SINGLE_CARRIER_SINGLE_SESSION,CAUSAL,True,1,COMPLETE,TIE_COMPLETE,NOT_APPLICABLE,True,1,COMPLETE,TIE_COMPLETE,NOT_APPLICABLE,COMPLETE_BOTH
abaaf47bd8dc6683ba80539b58d1c22381825e310681ef8906bc0ddaf5208c07,conv-47,159,Who does James support in cricket matches?,5,targeted,1,1,SINGLE_CARRIER_SINGLE_SESSION,UNMARKED,True,1,COMPLETE,TIE_COMPLETE,NOT_APPLICABLE,True,1,COMPLETE,TIE_COMPLETE,NOT_APPLICABLE,COMPLETE_BOTH
d2dda55aa89c4ff1ac5e70da75776199a4fe66db56bcf10788afb6b5bcc54742,conv-47,160,What is Max good at doing according to John?,5,targeted,1,1,SINGLE_CARRIER_SINGLE_SESSION,UNMARKED,True,1,COMPLETE,TIE_COMPLETE,NOT_APPLICABLE,True,1,COMPLETE,TIE_COMPLETE,NOT_APPLICABLE,COMPLETE_BOTH
6bf9b72a2ea3009aaf3a9ed9308c6304afed93e03dff3454d06655e220598fcb,conv-47,161,Will there be a background check required to volunteer with the organization James volunteered for?,5,targeted,1,1,SINGLE_CARRIER_SINGLE_SESSION,UNMARKED,True,1,COMPLETE,TIE_COMPLETE,NOT_APPLICABLE,True,1,COMPLETE,TIE_COMPLETE,NOT_APPLICABLE,COMPLETE_BOTH
aac409a09e4a77258773775f1a3a2576941e8a5e8f9c29feb0ffc1264455729c,conv-47,162,"How did James relax in his free time on 9 July, 2022?",5,targeted,1,1,SINGLE_CARRIER_SINGLE_SESSION,UNMARKED,True,1,COMPLETE,TIE_COMPLETE,NOT_APPLICABLE,True,1,COMPLETE,TIE_COMPLETE,NOT_APPLICABLE,COMPLETE_BOTH
0179597e450a21af02f361e181c3bd523e736e422f80e7f5880bfcc34998f707,conv-47,163,"What new hobby did John become interested in on 9 July, 2022?",5,targeted,1,1,SINGLE_CARRIER_SINGLE_SESSION,UNMARKED,True,1,COMPLETE,TIE_COMPLETE,NOT_APPLICABLE,True,1,COMPLETE,TIE_COMPLETE,NOT_APPLICABLE,COMPLETE_BOTH
6693c2c123b7f373fb8eb1ede2c90335c17144300296c810eee3c16346f149e7,conv-47,164,When did John plan to return from his trip to Toronto and Vancouver?,5,targeted,1,1,SINGLE_CARRIER_SINGLE_SESSION,TEMPORAL,True,1,COMPLETE,TIE_COMPLETE,NOT_APPLICABLE,True,1,COMPLETE,TIE_COMPLETE,NOT_APPLICABLE,COMPLETE_BOTH
14979ab0881a72246ae98928b2edd390d3bcc54683f22ffc664fe10a7e826faa,conv-47,165,What made James leave his IT job?,5,targeted,1,1,SINGLE_CARRIER_SINGLE_SESSION,UNMARKED,False,0,ZERO_EVIDENCE,TIE_MISS,NOT_APPLICABLE,True,1,COMPLETE,TIE_COMPLETE,NOT_APPLICABLE,RESCUED_AT_32K
3a08a3a62e3937d0ea82629b4df07c8061c329e94c8b371a35915d7ad1bac862,conv-47,166,Which game tournaments does James plan to organize besides CS:GO?,5,targeted,1,1,SINGLE_CARRIER_SINGLE_SESSION,ENUMERATION,True,1,COMPLETE,TIE_COMPLETE,NOT_APPLICABLE,True,1,COMPLETE,TIE_COMPLETE,NOT_APPLICABLE,COMPLETE_BOTH
06bf20100000ca7f077b49b1a0057a7747283414b03065cde7493ed69f2310b2,conv-47,167,What happened to James's kitten during the recent visit to the clinic?,5,targeted,1,1,SINGLE_CARRIER_SINGLE_SESSION,UNMARKED,True,1,COMPLETE,TIE_COMPLETE,NOT_APPLICABLE,True,1,COMPLETE,TIE_COMPLETE,NOT_APPLICABLE,COMPLETE_BOTH
f993bf39afc555d515794fb5f0641a4a1502b6c7d4501a89ba22a45aa4f47dcd,conv-47,168,"What aspect of ""The Witcher 3"" does John find boring?",5,targeted,1,1,SINGLE_CARRIER_SINGLE_SESSION,UNMARKED,True,1,COMPLETE,TIE_COMPLETE,NOT_APPLICABLE,True,1,COMPLETE,TIE_COMPLETE,NOT_APPLICABLE,COMPLETE_BOTH
85e18c463973e15ae5ab58c40afb0aa10b7941dda3dcb8f0b466636c83dc6598,conv-47,169,What is John planning to do after receiving Samantha's phone number?,5,targeted,1,1,SINGLE_CARRIER_SINGLE_SESSION,QUANTITY|TEMPORAL,True,1,COMPLETE,TIE_COMPLETE,NOT_APPLICABLE,True,1,COMPLETE,TIE_COMPLETE,NOT_APPLICABLE,COMPLETE_BOTH
7d19c0fa3ffad15ccb3ec87ff94ef9d12fa2c5b56b05a0f8c10fd17ed5fb2ebc,conv-47,170,What has James been teaching his siblings?,5,targeted,1,1,SINGLE_CARRIER_SINGLE_SESSION,UNMARKED,False,0,ZERO_EVIDENCE,TIE_MISS,NOT_APPLICABLE,False,0,ZERO_EVIDENCE,TIE_MISS,NOT_APPLICABLE,PERSISTENT_MISS
2e3e5c075323ea1b2d7ea643bee2ecdd35c8f1318f2c585904dc0c72d4d5dd25,conv-47,171,How much does James pay per dance class?,5,targeted,1,1,SINGLE_CARRIER_SINGLE_SESSION,QUANTITY,True,1,COMPLETE,TIE_COMPLETE,NOT_APPLICABLE,True,1,COMPLETE,TIE_COMPLETE,NOT_APPLICABLE,COMPLETE_BOTH
ce466f0816a33107d5b4a2f072308c996a0c170ff739119ed6a61b848b23094d,conv-47,172,What did James learn to make in the chemistry class besides omelette and meringue?,5,targeted,1,1,SINGLE_CARRIER_SINGLE_SESSION,UNMARKED,True,1,COMPLETE,TIE_COMPLETE,NOT_APPLICABLE,True,1,COMPLETE,TIE_COMPLETE,NOT_APPLICABLE,COMPLETE_BOTH
facfa52b6610332203828127ede7284f4d2b430c07cc3515836eacf4c9262b0d,conv-47,173,Why did James sign up for a ballet class?,5,targeted,1,1,SINGLE_CARRIER_SINGLE_SESSION,CAUSAL,True,1,COMPLETE,TIE_COMPLETE,NOT_APPLICABLE,True,1,COMPLETE,TIE_COMPLETE,NOT_APPLICABLE,COMPLETE_BOTH
af1ad84f926af5020ff9990c92d0ad83d0ac95a56c2a2d248c1cf31d3bf69541,conv-47,174,What did John prepare for the first time in the cooking class?,5,targeted,1,1,SINGLE_CARRIER_SINGLE_SESSION,TEMPORAL,True,1,COMPLETE,TIE_COMPLETE,NOT_APPLICABLE,True,1,COMPLETE,TIE_COMPLETE,NOT_APPLICABLE,COMPLETE_BOTH
43710f7701eb2a593e5d59cfeac2156853259eddf159f2e6d4189bde01fbdbfd,conv-47,175,What is the name of the board game James tried in September 2022?,5,targeted,1,1,SINGLE_CARRIER_SINGLE_SESSION,UNMARKED,False,0,ZERO_EVIDENCE,TIE_MISS,NOT_APPLICABLE,False,0,ZERO_EVIDENCE,TIE_MISS,NOT_APPLICABLE,PERSISTENT_MISS
f16713e4d9973fa3144b94c31a66e05f9d34bc1ed8985049bfd74dabd7c5c865,conv-47,176,Where does John get his ideas from?,5,targeted,1,1,SINGLE_CARRIER_SINGLE_SESSION,LOCATION,True,1,COMPLETE,TIE_COMPLETE,NOT_APPLICABLE,True,1,COMPLETE,TIE_COMPLETE,NOT_APPLICABLE,COMPLETE_BOTH
8bb3ff8089674959a5d8756d097cd3ec6a7992eddba3edd2b98ecebb46cd25a4,conv-47,177,What did James use to play when he was younger to let off steam?,5,targeted,1,1,SINGLE_CARRIER_SINGLE_SESSION,TEMPORAL,True,1,COMPLETE,TIE_COMPLETE,NOT_APPLICABLE,True,1,COMPLETE,TIE_COMPLETE,NOT_APPLICABLE,COMPLETE_BOTH
bab90e98113ec89b102920825da65f0c2247a224617e1a24ad53c2536c492133,conv-47,178,What does James do to stay informed and constantly learn about game design?,5,targeted,1,1,SINGLE_CARRIER_SINGLE_SESSION,UNMARKED,True,1,COMPLETE,TIE_COMPLETE,NOT_APPLICABLE,True,1,COMPLETE,TIE_COMPLETE,NOT_APPLICABLE,COMPLETE_BOTH
af1d909a5fb8888fef4ea4ba02525bfacc1b6aede43626843e3ff102a724889f,conv-47,179,What kind of gig was James offered at the game dev non-profit organization?,5,targeted,1,1,SINGLE_CARRIER_SINGLE_SESSION,UNMARKED,True,1,COMPLETE,TIE_COMPLETE,NOT_APPLICABLE,True,1,COMPLETE,TIE_COMPLETE,NOT_APPLICABLE,COMPLETE_BOTH
544905e52cba1d29f0092d57e6df5237cb1e4c823d6438d89bb6b2fe08dc3543,conv-47,180,What does James feel about starting the journey as a programming mentor for game developers?,5,targeted,1,1,SINGLE_CARRIER_SINGLE_SESSION,UNMARKED,False,0,ZERO_EVIDENCE,TIE_MISS,NOT_APPLICABLE,True,1,COMPLETE,TIE_COMPLETE,NOT_APPLICABLE,RESCUED_AT_32K
9de904e70b5dcacbb5da9678afe0ef1a79cc7d854a6db0c90489f4a0330c9731,conv-47,181,What inspired James to create his painting?,5,targeted,1,1,SINGLE_CARRIER_SINGLE_SESSION,UNMARKED,True,1,COMPLETE,TIE_COMPLETE,NOT_APPLICABLE,True,1,COMPLETE,TIE_COMPLETE,NOT_APPLICABLE,COMPLETE_BOTH
808ea912f12590a34f77e81d2cebf3d27a5701408f7adae29019da77cdd38a3d,conv-47,182,"What games were played at the gaming tournament organized by James on 31 October, 2022?",5,other,2,1,MULTI_CARRIER_ONE_SESSION,UNMARKED,True,2,COMPLETE,TIE_COMPLETE,NOT_APPLICABLE,True,2,COMPLETE,TIE_COMPLETE,NOT_APPLICABLE,COMPLETE_BOTH
85d4f7ce9f21268b21640a66ca48f11c23755f63e93e9d3eab02fa3e1ae3ca95,conv-47,183,"What was the purpose of the gaming tournament organized by James on 31 October, 2022?",5,other,2,1,MULTI_CARRIER_ONE_SESSION,UNMARKED,True,2,COMPLETE,TIE_COMPLETE,NOT_APPLICABLE,True,2,COMPLETE,TIE_COMPLETE,NOT_APPLICABLE,COMPLETE_BOTH
3e096a7faff7c8f253b63eca88676614b94ace34138190c65d03bd3ea3778643,conv-47,184,"What decision did John and Samantha make on 31 October, 2022?",5,other,2,1,MULTI_CARRIER_ONE_SESSION,UNMARKED,True,2,COMPLETE,TIE_COMPLETE,NOT_APPLICABLE,True,2,COMPLETE,TIE_COMPLETE,NOT_APPLICABLE,COMPLETE_BOTH
9a90f3a45037427f2dc89e1e1c635f25e876858173c832ecf17dc16f569ee06c,conv-47,185,"Where did John and Samantha decide to live together on 31 October, 2022?",5,targeted,1,1,SINGLE_CARRIER_SINGLE_SESSION,LOCATION,True,1,COMPLETE,TIE_COMPLETE,NOT_APPLICABLE,True,1,COMPLETE,TIE_COMPLETE,NOT_APPLICABLE,COMPLETE_BOTH
0eb8e5ac67b31dac5a0b0acf256fa4fab2da83098bc2e8c446bf931231a95a8b,conv-47,186,Why did John and Samantha choose an apartment near McGee's bar?,5,targeted,1,1,SINGLE_CARRIER_SINGLE_SESSION,CAUSAL,True,1,COMPLETE,TIE_COMPLETE,NOT_APPLICABLE,True,1,COMPLETE,TIE_COMPLETE,NOT_APPLICABLE,COMPLETE_BOTH
d21a6525b2434693c68c3854c7bf3a375f21dee340ebdf4cf75ed5e17a382c1a,conv-47,187,"What game is James hooked on playing on 5 November, 2022?",5,targeted,1,1,SINGLE_CARRIER_SINGLE_SESSION,UNMARKED,True,1,COMPLETE,TIE_COMPLETE,NOT_APPLICABLE,True,1,COMPLETE,TIE_COMPLETE,NOT_APPLICABLE,COMPLETE_BOTH
dc15b1534b51ee6004e446df7a04bfc349e06cc998e0c873560a05f707fad78b,conv-47,188,"What project did James work on with a game developer by 7 November, 2022?",5,targeted,1,1,SINGLE_CARRIER_SINGLE_SESSION,UNMARKED,True,1,COMPLETE,TIE_COMPLETE,NOT_APPLICABLE,True,1,COMPLETE,TIE_COMPLETE,NOT_APPLICABLE,COMPLETE_BOTH
3dd58845f9f21b3d8696be7fe0cb998ddf6eb3bb587d2c27ab15ddae09a9f144,conv-47,189,What is the name of James's cousin's dog?,5,targeted,1,1,SINGLE_CARRIER_SINGLE_SESSION,UNMARKED,True,1,COMPLETE,TIE_COMPLETE,NOT_APPLICABLE,True,1,COMPLETE,TIE_COMPLETE,NOT_APPLICABLE,COMPLETE_BOTH
b68bd3404351d45fb747f667adfe6267511e506c025862ecda56a9202477dbff,conv-48,0,What kind of project was Jolene working on in the beginning of January 2023?,2,targeted,1,1,SINGLE_CARRIER_SINGLE_SESSION,UNMARKED,True,1,COMPLETE,TIE_COMPLETE,NOT_APPLICABLE,True,1,COMPLETE,TIE_COMPLETE,NOT_APPLICABLE,COMPLETE_BOTH
428707c67a91e42ad1508e4ee23cd9d7195ed655ddf9490cd13d1273f6dcbfc2,conv-48,1,Which of Deborah`s family and friends have passed away?,1,breadth,3,3,MULTI_SESSION,ENUMERATION,True,3,COMPLETE,TIE_COMPLETE,NOT_APPLICABLE,True,3,COMPLETE,TIE_COMPLETE,NOT_APPLICABLE,COMPLETE_BOTH
274c39c2f9bf523d3166ec36ecf446a59962534a0664295fcf01c2f49f382e87,conv-48,2,When did Deborah`s mother pass away?,2,targeted,1,1,SINGLE_CARRIER_SINGLE_SESSION,TEMPORAL,True,1,COMPLETE,TIE_COMPLETE,NOT_APPLICABLE,True,1,COMPLETE,TIE_COMPLETE,NOT_APPLICABLE,COMPLETE_BOTH
afb01d7b8ec51041c88b3882ab89fa373ad8876803bad0cd3aa08c3ca38e99e8,conv-48,3,When did Jolene`s mother pass away?,2,targeted,1,1,SINGLE_CARRIER_SINGLE_SESSION,TEMPORAL,True,1,COMPLETE,TIE_COMPLETE,NOT_APPLICABLE,True,1,COMPLETE,TIE_COMPLETE,NOT_APPLICABLE,COMPLETE_BOTH
1ab3d81b44c4f3c8d5a52b8a034e5c707ca9bfe7551845caf839288c1cc9ea07,conv-48,4,When did Jolene's mom gift her a pendant?,2,targeted,1,1,SINGLE_CARRIER_SINGLE_SESSION,TEMPORAL,True,1,COMPLETE,TIE_COMPLETE,NOT_APPLICABLE,True,1,COMPLETE,TIE_COMPLETE,NOT_APPLICABLE,COMPLETE_BOTH
dcfb6579bcb829b4fcf9ea05353e0df674738a0bf505ef2b97b97e0713ac5e1c,conv-48,5,In what country did Jolene's mother buy her the pendant?,3,targeted,1,1,SINGLE_CARRIER_SINGLE_SESSION,UNMARKED,True,1,COMPLETE,TIE_COMPLETE,NOT_APPLICABLE,True,1,COMPLETE,TIE_COMPLETE,NOT_APPLICABLE,COMPLETE_BOTH
773091169270bbbde979dba9f85ab33d0c2989905bfa62248e819c47fa18e8f8,conv-48,6,What symbolic gifts do Deborah and Jolene have from their mothers?,1,other,2,1,MULTI_CARRIER_ONE_SESSION,UNMARKED,True,2,COMPLETE,TIE_COMPLETE,NOT_APPLICABLE,True,2,COMPLETE,TIE_COMPLETE,NOT_APPLICABLE,COMPLETE_BOTH
230a9035e01d788afffe92313fa68d1f56980a4792092c035287b456ebb714ff,conv-48,7,Which country were Jolene and her mother visiting in 2010?,2,targeted,1,1,SINGLE_CARRIER_SINGLE_SESSION,ENUMERATION,True,1,COMPLETE,TIE_COMPLETE,NOT_APPLICABLE,True,1,COMPLETE,TIE_COMPLETE,NOT_APPLICABLE,COMPLETE_BOTH
743bc5e2ed38c31921bbc1101abc923045def4c301018e55718f8fb66ad02839,conv-48,8,What helped Deborah find peace when grieving deaths of her loved ones?,1,breadth,4,4,MULTI_SESSION,TEMPORAL|CAUSAL,False,3,PARTIAL_EVIDENCE,LOSS,A3_ONLY,True,4,COMPLETE,TIE_COMPLETE,NOT_APPLICABLE,RESCUED_AT_32K
d3b876b3eb97cff3b798430b2b69135a0f59dd4f6cb17c637a221e39e59f27a1,conv-48,9,When did Deborah's father pass away?,2,targeted,1,1,SINGLE_CARRIER_SINGLE_SESSION,TEMPORAL,True,1,COMPLETE,TIE_COMPLETE,NOT_APPLICABLE,True,1,COMPLETE,TIE_COMPLETE,NOT_APPLICABLE,COMPLETE_BOTH
054652101ec37640e28b7685a809c93ff2df442425b559756a95cde735358671,conv-48,10,When was Deborah's parents' wedding?,2,targeted,1,1,SINGLE_CARRIER_SINGLE_SESSION,TEMPORAL,True,1,COMPLETE,TIE_COMPLETE,NOT_APPLICABLE,True,1,COMPLETE,TIE_COMPLETE,NOT_APPLICABLE,COMPLETE_BOTH
1436903be2aaa5bd6e0bf7795b231d9df1c54070e7f031736adca0b3e71dfc70,conv-48,11,Is Deborah married?,3,breadth,4,4,MULTI_SESSION,UNMARKED,False,2,PARTIAL_EVIDENCE,TIE_MISS,NOT_APPLICABLE,False,3,PARTIAL_EVIDENCE,TIE_MISS,NOT_APPLICABLE,PERSISTENT_MISS
583a8f14efb72660d5b1331202e4df417a36cb2513bff721d5374a425a50c78e,conv-48,12,When did Deborah receive an appreciation letter from her community?,2,targeted,1,1,SINGLE_CARRIER_SINGLE_SESSION,TEMPORAL,True,1,COMPLETE,TIE_COMPLETE,NOT_APPLICABLE,True,1,COMPLETE,TIE_COMPLETE,NOT_APPLICABLE,COMPLETE_BOTH
1b7597729827970bc838803dec1a10f7ea17eb532b53d88dbc567ddbd43e889e,conv-48,13,What places give Deborah peace?,1,breadth,4,4,MULTI_SESSION,LOCATION|ENUMERATION,True,4,COMPLETE,GAIN,CC80_ONLY,True,4,COMPLETE,TIE_COMPLETE,NOT_APPLICABLE,COMPLETE_BOTH
eb798c96b0e8f66f94f96549916e56954d4a3bac1b6223b7fbd051029ace227f,conv-48,14,What were Deborah's mother's hobbies?,1,breadth,4,3,MULTI_SESSION,ENUMERATION,True,4,COMPLETE,TIE_COMPLETE,NOT_APPLICABLE,True,4,COMPLETE,TIE_COMPLETE,NOT_APPLICABLE,COMPLETE_BOTH
265854292439138d93300fb5517628e557c675792ba610f36499c8cee61a6936,conv-48,15,What pets does Jolene have?,4,other,3,1,MULTI_CARRIER_ONE_SESSION,UNMARKED,False,2,PARTIAL_EVIDENCE,TIE_MISS,NOT_APPLICABLE,False,2,PARTIAL_EVIDENCE,TIE_MISS,NOT_APPLICABLE,PERSISTENT_MISS
d582b6972d04bf7b5f1caa294e615e1d823c7c7c09a5ef3c52ace25c14f6e623,conv-48,16,What are the names of Jolene's snakes?,4,other,2,1,MULTI_CARRIER_ONE_SESSION,ENUMERATION,True,2,COMPLETE,TIE_COMPLETE,NOT_APPLICABLE,True,2,COMPLETE,TIE_COMPLETE,NOT_APPLICABLE,COMPLETE_BOTH
5f261bf7ff07f141759a6812f0c2bad6b95f54edda7f6ce5a8c122b7f2e6e26c,conv-48,17,When did Jolene buy her pet Seraphim?,2,targeted,1,1,SINGLE_CARRIER_SINGLE_SESSION,TEMPORAL,True,1,COMPLETE,TIE_COMPLETE,NOT_APPLICABLE,True,1,COMPLETE,TIE_COMPLETE,NOT_APPLICABLE,COMPLETE_BOTH
4fa795894dd72be9f3e54bbe6e00054ccd91af65c552ed8e2700f6fc9f00c0d5,conv-48,18,In what country did Jolene buy snake Seraphim?,3,targeted,1,1,SINGLE_CARRIER_SINGLE_SESSION,UNMARKED,True,1,COMPLETE,TIE_COMPLETE,NOT_APPLICABLE,True,1,COMPLETE,TIE_COMPLETE,NOT_APPLICABLE,COMPLETE_BOTH
1bf27cf5b47e884a64bdbeb4a5de722d9c16fac6540c84b4be8a5a4917f77536,conv-48,19,How many times has Jolene been to France?,1,other,2,2,MULTI_SESSION,QUANTITY|ENUMERATION,False,1,PARTIAL_EVIDENCE,TIE_MISS,NOT_APPLICABLE,True,2,COMPLETE,TIE_COMPLETE,NOT_APPLICABLE,RESCUED_AT_32K
a25635fb8037d20663339b3b67a8d7efb97d59d7097522f54b553ffc53ae4665,conv-48,20,Which games have Jolene and her partner played together?,1,breadth,5,4,MULTI_SESSION,ENUMERATION,True,5,COMPLETE,TIE_COMPLETE,NOT_APPLICABLE,True,5,COMPLETE,TIE_COMPLETE,NOT_APPLICABLE,COMPLETE_BOTH
5dfb999da5cb61e7797d5d4a7fa5436421cbfd25318364763a382dfb41eb7cbd,conv-48,21,"When do Jolene and her partner plan to complete the game ""Walking Dead""?",2,targeted,1,1,SINGLE_CARRIER_SINGLE_SESSION,TEMPORAL,True,1,COMPLETE,TIE_COMPLETE,NOT_APPLICABLE,True,1,COMPLETE,TIE_COMPLETE,NOT_APPLICABLE,COMPLETE_BOTH
323421cffd617af3ca43217a4b5f039fa331f2eb55cdda0fadc75ec3ce5982e7,conv-48,22,When did Deborah meet Anna?,2,targeted,1,1,SINGLE_CARRIER_SINGLE_SESSION,TEMPORAL,True,1,COMPLETE,GAIN,CC80_ONLY,True,1,COMPLETE,TIE_COMPLETE,NOT_APPLICABLE,COMPLETE_BOTH
055fdf43f6c62788946169b6c3b4663f0181a846783c7b1ad3048d481ef53f18,conv-48,23,Why did Jolene sometimes put off doing yoga?,3,other,2,2,MULTI_SESSION,CAUSAL,False,1,PARTIAL_EVIDENCE,TIE_MISS,NOT_APPLICABLE,False,1,PARTIAL_EVIDENCE,TIE_MISS,NOT_APPLICABLE,PERSISTENT_MISS
d8559fe598e71b83244b62da8d851ca301ae9f7bf71e3258dc87856ddcf06420,conv-48,24,What new yoga poses did Deborah try?,1,other,3,2,MULTI_SESSION,UNMARKED,True,3,COMPLETE,TIE_COMPLETE,NOT_APPLICABLE,True,3,COMPLETE,TIE_COMPLETE,NOT_APPLICABLE,COMPLETE_BOTH
13bec973ecb1faed61ae5a63a13d94cda9c4233559c50c4f22d9a2d661d2dacd,conv-48,25,What are Jolene's favorite books?,4,other,2,1,MULTI_CARRIER_ONE_SESSION,ENUMERATION,False,1,PARTIAL_EVIDENCE,TIE_MISS,NOT_APPLICABLE,False,1,PARTIAL_EVIDENCE,TIE_MISS,NOT_APPLICABLE,PERSISTENT_MISS
98f0c5acdd8273159407d76d7570473eb0f70941fb9473f16060517a5499f720,conv-48,26,Which book did Jolene read in January 2023?,2,targeted,1,1,SINGLE_CARRIER_SINGLE_SESSION,ENUMERATION,True,1,COMPLETE,TIE_COMPLETE,NOT_APPLICABLE,True,1,COMPLETE,TIE_COMPLETE,NOT_APPLICABLE,COMPLETE_BOTH
c61978a98dbc75202b91a9688264d454fdba046a3b83e9480014283b29d518a8,conv-48,27,When was Jolene in Bogota?,2,targeted,1,1,SINGLE_CARRIER_SINGLE_SESSION,TEMPORAL,True,1,COMPLETE,GAIN,CC80_ONLY,True,1,COMPLETE,GAIN,CC80_ONLY,COMPLETE_BOTH
25aacd2f3e45f92c2570f9d56401587ff14215f5841cce8e74e38794bbc5b782,conv-48,28,In what country was Jolene during summer 2022?,3,targeted,1,1,SINGLE_CARRIER_SINGLE_SESSION,UNMARKED,True,1,COMPLETE,GAIN,CC80_ONLY,True,1,COMPLETE,TIE_COMPLETE,NOT_APPLICABLE,COMPLETE_BOTH
2fc0bdaefd7abf0af339cba89e2ec2a0ad44f2999c03523d3b1e0e0acb891235,conv-48,29,When did Jolene have a mini-retreat to reflect on her career?,2,targeted,1,1,SINGLE_CARRIER_SINGLE_SESSION,TEMPORAL,True,1,COMPLETE,TIE_COMPLETE,NOT_APPLICABLE,True,1,COMPLETE,TIE_COMPLETE,NOT_APPLICABLE,COMPLETE_BOTH
9c554632f4aae30e17b7c19c91ded7acedf7f88f219b4c497d0588e2a1a47979,conv-48,30,When did Jolene have a dinner and drinks with her friends?,2,targeted,1,1,SINGLE_CARRIER_SINGLE_SESSION,TEMPORAL,True,1,COMPLETE,TIE_COMPLETE,NOT_APPLICABLE,True,1,COMPLETE,TIE_COMPLETE,NOT_APPLICABLE,COMPLETE_BOTH
f656df3f0d025693da8c6357b1aa23d194423f82c60c8c8606e77fc3e8c600b9,conv-48,31,When was the last photo of Deborah and Karlie taken?,2,targeted,1,1,SINGLE_CARRIER_SINGLE_SESSION,TEMPORAL,True,1,COMPLETE,TIE_COMPLETE,NOT_APPLICABLE,True,1,COMPLETE,TIE_COMPLETE,NOT_APPLICABLE,COMPLETE_BOTH
78203f8d02cdd1ebae13935d5c0a725ffff57cb2a072291590a17631e3f36a8a,conv-48,32,When was Deborah in Bali?,2,targeted,1,1,SINGLE_CARRIER_SINGLE_SESSION,TEMPORAL,True,1,COMPLETE,TIE_COMPLETE,NOT_APPLICABLE,True,1,COMPLETE,TIE_COMPLETE,NOT_APPLICABLE,COMPLETE_BOTH
576f3f9eb798102ca499109e43cd023c9ab34aefebdb528f60f913ecce04b2b9,conv-48,33,How long have Jolene and her partner been together?,4,targeted,1,1,SINGLE_CARRIER_SINGLE_SESSION,TEMPORAL,True,1,COMPLETE,TIE_COMPLETE,NOT_APPLICABLE,True,1,COMPLETE,TIE_COMPLETE,NOT_APPLICABLE,COMPLETE_BOTH
43707a9c0ed4555c1a8b137dc43a7551323cfbed7539f881a8ac1c0088df49d0,conv-48,34,Which year did Jolene and her partner start dating?,2,targeted,1,1,SINGLE_CARRIER_SINGLE_SESSION,TEMPORAL|ENUMERATION,True,1,COMPLETE,TIE_COMPLETE,NOT_APPLICABLE,True,1,COMPLETE,TIE_COMPLETE,NOT_APPLICABLE,COMPLETE_BOTH
eeeeab59969c1b1007e1b7bbc351155b997d6b7738484f7584740069f78a9dab,conv-48,35,When did Deborah go for her first morning jog in a nearby park?,2,targeted,1,1,SINGLE_CARRIER_SINGLE_SESSION,TEMPORAL,True,1,COMPLETE,TIE_COMPLETE,NOT_APPLICABLE,True,1,COMPLETE,TIE_COMPLETE,NOT_APPLICABLE,COMPLETE_BOTH
5ba11752ff6814243917467d37478f438aa7ad20cefc9a6e69d2af3429afced0,conv-48,36,How old is Jolene?,3,breadth,10,7,MULTI_SESSION,UNMARKED,False,2,PARTIAL_EVIDENCE,TIE_MISS,NOT_APPLICABLE,False,5,PARTIAL_EVIDENCE,TIE_MISS,NOT_APPLICABLE,PERSISTENT_MISS
fd273a936b5dece8596fea19d0094698aa4120121a69007d02c06974d051327f,conv-48,37,When did Jolene take Seraphim to the park?,2,targeted,1,1,SINGLE_CARRIER_SINGLE_SESSION,TEMPORAL,True,1,COMPLETE,TIE_COMPLETE,NOT_APPLICABLE,True,1,COMPLETE,TIE_COMPLETE,NOT_APPLICABLE,COMPLETE_BOTH
a3bd13818136b67f06e9f1e3125688c5020eceda426e7fb94a38f5baa2565e29,conv-48,38,When did Deborah start the yoga class in the neighborhood?,2,targeted,1,1,SINGLE_CARRIER_SINGLE_SESSION,TEMPORAL,True,1,COMPLETE,TIE_COMPLETE,NOT_APPLICABLE,True,1,COMPLETE,TIE_COMPLETE,NOT_APPLICABLE,COMPLETE_BOTH
c4ddf270603b770f39f6ddfc480111cf6ed281c6523ed105b17adad3bf1a3803,conv-48,39,What time management techniques do Deborah and Jolene use?,1,other,4,2,MULTI_SESSION,UNMARKED,False,3,PARTIAL_EVIDENCE,LOSS,A3_ONLY,True,4,COMPLETE,TIE_COMPLETE,NOT_APPLICABLE,RESCUED_AT_32K
27d997dc256dda354c7ae9b7e417b2941985560d655a05a6f02aa0956f6fc8e3,conv-48,40,Does Deborah live close to the beach or the mountains?,3,targeted,1,1,SINGLE_CARRIER_SINGLE_SESSION,UNMARKED,True,1,COMPLETE,TIE_COMPLETE,NOT_APPLICABLE,True,1,COMPLETE,TIE_COMPLETE,NOT_APPLICABLE,COMPLETE_BOTH
4ceca4f655151391e94a01b2c8b88d4d721ef4c27e99e29488108b0ed830a194,conv-48,41,What ways do Deborah and Jolene use to enhance their yoga practice?,1,other,4,2,MULTI_SESSION,UNMARKED,False,1,PARTIAL_EVIDENCE,TIE_MISS,NOT_APPLICABLE,False,3,PARTIAL_EVIDENCE,TIE_MISS,NOT_APPLICABLE,PERSISTENT_MISS
602f9e8d02ed6cd3807bd13ded92616c8875aa887cdefc09e34fa399a5fca35e,conv-48,42,What music pieces does Deborah listen to during her yoga practice?,4,other,2,1,MULTI_CARRIER_ONE_SESSION,UNMARKED,True,2,COMPLETE,TIE_COMPLETE,NOT_APPLICABLE,True,2,COMPLETE,TIE_COMPLETE,NOT_APPLICABLE,COMPLETE_BOTH
31a9c7a08ed46a7883beec73719c136adb67a2bcb0e81fdc9d480253ed450e09,conv-48,43,When did Deborah go for a bicycle ride with Anna?,2,targeted,1,1,SINGLE_CARRIER_SINGLE_SESSION,TEMPORAL,True,1,COMPLETE,TIE_COMPLETE,NOT_APPLICABLE,True,1,COMPLETE,TIE_COMPLETE,NOT_APPLICABLE,COMPLETE_BOTH
e0178addf675bcc1469ce274fca0b1c8c46857f6491d6c5aea73d88a426f00e6,conv-48,44,When did Deborah go to an art show with Anna?,2,targeted,1,1,SINGLE_CARRIER_SINGLE_SESSION,TEMPORAL,True,1,COMPLETE,TIE_COMPLETE,NOT_APPLICABLE,True,1,COMPLETE,TIE_COMPLETE,NOT_APPLICABLE,COMPLETE_BOTH
e6e0ec1c0cd160955eb3a2ce0c5fa613dd0fa70fb2f9a4501b74ca3e376b59b0,conv-48,45,When did Jolene finish her robotics project?,2,targeted,1,1,SINGLE_CARRIER_SINGLE_SESSION,TEMPORAL,True,1,COMPLETE,TIE_COMPLETE,NOT_APPLICABLE,True,1,COMPLETE,TIE_COMPLETE,NOT_APPLICABLE,COMPLETE_BOTH
65a9472eb8ce6d515a91a659ff59d3959a46375982d4f83eb86f54949b7f6d2f,conv-48,46,How long did Jolene work on the robotics project given to her by her Professor?,2,breadth,3,3,MULTI_SESSION,TEMPORAL,True,3,COMPLETE,TIE_COMPLETE,NOT_APPLICABLE,True,3,COMPLETE,TIE_COMPLETE,NOT_APPLICABLE,COMPLETE_BOTH
6795873e3d31ff6f071af0552c0e1ba1af652f23bce6987f8df3044b9464c080,conv-48,47,When did Jolene do yoga at Talkeetna?,2,targeted,1,1,SINGLE_CARRIER_SINGLE_SESSION,TEMPORAL,True,1,COMPLETE,TIE_COMPLETE,NOT_APPLICABLE,True,1,COMPLETE,TIE_COMPLETE,NOT_APPLICABLE,COMPLETE_BOTH
1e33cf5d302da830d5f27fe375280acb0af434b7243e442b189e60c47bde94f4,conv-48,48,Which US state did Jolene visit during her internship?,3,targeted,1,1,SINGLE_CARRIER_SINGLE_SESSION,ENUMERATION,True,1,COMPLETE,TIE_COMPLETE,NOT_APPLICABLE,True,1,COMPLETE,TIE_COMPLETE,NOT_APPLICABLE,COMPLETE_BOTH
3d75bf5a76608f67d1299fd419fb1d337014231acb0c9fc36c158aeeefc5394e,conv-48,49,How long has Jolene been doing yoga and meditation?,4,targeted,1,1,SINGLE_CARRIER_SINGLE_SESSION,TEMPORAL,True,1,COMPLETE,TIE_COMPLETE,NOT_APPLICABLE,True,1,COMPLETE,TIE_COMPLETE,NOT_APPLICABLE,COMPLETE_BOTH
5fe1d7b58dd294d0d3e047052060013d9edac59108b7bc1d04d1d14e97c0298a,conv-48,50,Which year did Jolene start practicing yoga?,2,targeted,1,1,SINGLE_CARRIER_SINGLE_SESSION,TEMPORAL|ENUMERATION,True,1,COMPLETE,TIE_COMPLETE,NOT_APPLICABLE,True,1,COMPLETE,TIE_COMPLETE,NOT_APPLICABLE,COMPLETE_BOTH
d86b920d8c8205c185a0a201623a3cde53a4420331af34ba03c15d18fb775377,conv-48,51,When did Jolene buy a new aquarium for Seraphim?,2,targeted,1,1,SINGLE_CARRIER_SINGLE_SESSION,TEMPORAL,True,1,COMPLETE,TIE_COMPLETE,NOT_APPLICABLE,True,1,COMPLETE,TIE_COMPLETE,NOT_APPLICABLE,COMPLETE_BOTH
495b4de5baf6198aca7d828af1609c2d463e303efac94d3cbe19c17eda60075e,conv-48,52,When did Jolene lose a lot of progress in her work?,2,targeted,1,1,SINGLE_CARRIER_SINGLE_SESSION,TEMPORAL,True,1,COMPLETE,TIE_COMPLETE,NOT_APPLICABLE,True,1,COMPLETE,TIE_COMPLETE,NOT_APPLICABLE,COMPLETE_BOTH
1ad5b3249757e61792d2e7c4730ab8578fa54628516a68ad171e894cee5da157,conv-48,53,When did Jolene adopt her snake Susie?,2,other,2,2,MULTI_SESSION,TEMPORAL,True,2,COMPLETE,TIE_COMPLETE,NOT_APPLICABLE,True,2,COMPLETE,TIE_COMPLETE,NOT_APPLICABLE,COMPLETE_BOTH
f3c4f44c4b1ac1ac76646d8c48b0a53b59729491aa9b308453f4efd834db9485,conv-48,54,Which pet did Jolene adopt first - Susie or Seraphim?,2,other,3,2,MULTI_SESSION,TEMPORAL|ENUMERATION,True,3,COMPLETE,TIE_COMPLETE,NOT_APPLICABLE,True,3,COMPLETE,TIE_COMPLETE,NOT_APPLICABLE,COMPLETE_BOTH
87d9666d47e0daf81a7657f05fa75b8ce691449d211ef0e4f4651870aed88f55,conv-48,55,Which pet did Jolene adopt more recently - Susie or Seraphim?,2,other,3,2,MULTI_SESSION,ENUMERATION,False,2,PARTIAL_EVIDENCE,TIE_MISS,NOT_APPLICABLE,True,3,COMPLETE,TIE_COMPLETE,NOT_APPLICABLE,RESCUED_AT_32K
e097ec121f7620fab3d3873f7d386bd5cdc945076943124e8d78c831a8ba3f93,conv-48,56,When did Deborah lead a meditation session during the sunset?,2,targeted,1,1,SINGLE_CARRIER_SINGLE_SESSION,TEMPORAL,True,1,COMPLETE,GAIN,CC80_ONLY,True,1,COMPLETE,TIE_COMPLETE,NOT_APPLICABLE,COMPLETE_BOTH
0f635a013f3ebed2f4b8f08f9c7ff9dc32da41a1c45640aaa0c90f1f98e2513f,conv-48,57,When did Jolene gift her partner a new console?,2,targeted,1,1,SINGLE_CARRIER_SINGLE_SESSION,TEMPORAL,True,1,COMPLETE,TIE_COMPLETE,NOT_APPLICABLE,True,1,COMPLETE,TIE_COMPLETE,NOT_APPLICABLE,COMPLETE_BOTH
b0e7865c8166fce4dc351cd5e823006673e762a32ac3997ece5469f86a3d99eb,conv-48,58,What games does Jolene recommend for Deborah?,4,other,2,1,MULTI_CARRIER_ONE_SESSION,UNMARKED,True,2,COMPLETE,GAIN,CC80_ONLY,True,2,COMPLETE,TIE_COMPLETE,NOT_APPLICABLE,COMPLETE_BOTH
6b687e42d400a06cfb147f5e52864b661202333c656fe3c1d2597dcf7f589f50,conv-48,59,What do Deborah and her husband do together?,4,other,2,1,MULTI_CARRIER_ONE_SESSION,UNMARKED,False,1,PARTIAL_EVIDENCE,TIE_MISS,NOT_APPLICABLE,False,1,PARTIAL_EVIDENCE,TIE_MISS,NOT_APPLICABLE,PERSISTENT_MISS
03a18424009bc08d9131a893445eaafda03d77e6296356077bf80c78a90fcdb6,conv-48,60,When did Deborah go to a yoga retreat near her mom's place?,2,targeted,1,1,SINGLE_CARRIER_SINGLE_SESSION,TEMPORAL|LOCATION,True,1,COMPLETE,TIE_COMPLETE,NOT_APPLICABLE,True,1,COMPLETE,TIE_COMPLETE,NOT_APPLICABLE,COMPLETE_BOTH
c6847335dd76f65c0434018c56b6b5271d7c6f82bf7e38717ccf26bb68be94ba,conv-48,61,What projects is Jolene planning for next year?,4,other,2,1,MULTI_CARRIER_ONE_SESSION,TEMPORAL,False,1,PARTIAL_EVIDENCE,TIE_MISS,NOT_APPLICABLE,False,1,PARTIAL_EVIDENCE,TIE_MISS,NOT_APPLICABLE,PERSISTENT_MISS
e387caf988d9cc5f36a9571798cedaa33a12d682f0dc121d225ab8097190bae9,conv-48,62,Where did Deborah get her cats?,4,other,2,1,MULTI_CARRIER_ONE_SESSION,LOCATION,True,2,COMPLETE,TIE_COMPLETE,NOT_APPLICABLE,True,2,COMPLETE,TIE_COMPLETE,NOT_APPLICABLE,COMPLETE_BOTH
5d405d1904739790cf40dc5730fbe646318871fee7d332677b13d1342d0e2d88,conv-48,63,How old are Deborah's cats?,4,other,2,1,MULTI_CARRIER_ONE_SESSION,UNMARKED,True,2,COMPLETE,TIE_COMPLETE,NOT_APPLICABLE,True,2,COMPLETE,TIE_COMPLETE,NOT_APPLICABLE,COMPLETE_BOTH
5f397ab6d2e384247ae8aabeaf66486459a516a9f27f3038a2e32f7eaf2c58da,conv-48,64,Does Deborah like cats?,4,other,2,2,MULTI_SESSION,UNMARKED,True,2,COMPLETE,TIE_COMPLETE,NOT_APPLICABLE,True,2,COMPLETE,TIE_COMPLETE,NOT_APPLICABLE,COMPLETE_BOTH
b78a12a25cfb6b9ac84a9c18d16c241bb375cc0e9bc27e3c808a9094595734ff,conv-48,65,Which country was Jolene located in during the last week of August 2023?,2,targeted,1,1,SINGLE_CARRIER_SINGLE_SESSION,TEMPORAL|ENUMERATION,True,1,COMPLETE,TIE_COMPLETE,NOT_APPLICABLE,True,1,COMPLETE,TIE_COMPLETE,NOT_APPLICABLE,COMPLETE_BOTH
ee4ff51cd513870201c13bd8c2e4fdbce236cbb8940a2f1e905977ef9e0123dc,conv-48,66,When did Jolene and her partner return home from Rio de Janeiro?,2,targeted,1,1,SINGLE_CARRIER_SINGLE_SESSION,TEMPORAL,True,1,COMPLETE,TIE_COMPLETE,NOT_APPLICABLE,True,1,COMPLETE,TIE_COMPLETE,NOT_APPLICABLE,COMPLETE_BOTH
55664f657c508709ca79206283e8c695afbbb1b7de29717bf35fb9c8c0c01300,conv-48,67,What was Jolene doing with her partner in Rio de Janeiro?,4,other,4,1,MULTI_CARRIER_ONE_SESSION,UNMARKED,False,3,PARTIAL_EVIDENCE,TIE_MISS,NOT_APPLICABLE,False,3,PARTIAL_EVIDENCE,TIE_MISS,NOT_APPLICABLE,PERSISTENT_MISS
81f5249c34eb53b18aed9573cc48c828c653e370a934c58f612353be50852abd,conv-48,68,When did Deborah visit Brazil?,2,targeted,1,1,SINGLE_CARRIER_SINGLE_SESSION,TEMPORAL,True,1,COMPLETE,TIE_COMPLETE,NOT_APPLICABLE,True,1,COMPLETE,TIE_COMPLETE,NOT_APPLICABLE,COMPLETE_BOTH
eeea5cbeb067c16d59c1804b11ff5ad24d20bed687e51ffafbee784d32ad9ab7,conv-48,69,Have Deborah and Jolene been to Rio de Janeiro?,4,other,3,1,MULTI_CARRIER_ONE_SESSION,UNMARKED,False,2,PARTIAL_EVIDENCE,TIE_MISS,NOT_APPLICABLE,True,3,COMPLETE,TIE_COMPLETE,NOT_APPLICABLE,RESCUED_AT_32K
dff115ed86358c15297a6e6f7b59948250e668de6e0ada1251f6b257a7fc0936,conv-48,70,Is the friend who wrote Deborah the motivational quote no longer alive?,3,targeted,1,1,SINGLE_CARRIER_SINGLE_SESSION,UNMARKED,True,1,COMPLETE,TIE_COMPLETE,NOT_APPLICABLE,True,1,COMPLETE,TIE_COMPLETE,NOT_APPLICABLE,COMPLETE_BOTH
6ff29e4120e3c169b0693e098c970b2e40435c035a09c988840bb4f9cf8b77e6,conv-48,71,When did Deborah go to a community meetup?,2,targeted,1,1,SINGLE_CARRIER_SINGLE_SESSION,TEMPORAL,True,1,COMPLETE,TIE_COMPLETE,NOT_APPLICABLE,True,1,COMPLETE,TIE_COMPLETE,NOT_APPLICABLE,COMPLETE_BOTH
55aa21c248c69bcae828c09a30ce29a7cbeb22439c90a6a508fd0a7f530f568b,conv-48,72,When did Jolene's parents give her first console?,4,targeted,1,1,SINGLE_CARRIER_SINGLE_SESSION,TEMPORAL,True,1,COMPLETE,TIE_COMPLETE,NOT_APPLICABLE,True,1,COMPLETE,TIE_COMPLETE,NOT_APPLICABLE,COMPLETE_BOTH
3ee3ad4ccf64b58e3dae97b37f2f453d2de7f802a0216133f7605a6862020105,conv-48,73,Did Jolene teach herself how to play the console?,1,other,2,2,MULTI_SESSION,UNMARKED,True,2,COMPLETE,TIE_COMPLETE,NOT_APPLICABLE,True,2,COMPLETE,TIE_COMPLETE,NOT_APPLICABLE,COMPLETE_BOTH
36cab067f1b73b634e3e3aec253ed54e43c2f3fe090e3e0c0d6a6f4aeee6430b,conv-48,74,What do Deborah and Jolene plan to try when they meet in a new cafe?,4,other,2,1,MULTI_CARRIER_ONE_SESSION,TEMPORAL,True,2,COMPLETE,TIE_COMPLETE,NOT_APPLICABLE,True,2,COMPLETE,TIE_COMPLETE,NOT_APPLICABLE,COMPLETE_BOTH
fdcab47ecb86760f28eae7e3a2323f8230e64b6ca3614544ae38b5cc6c7f41b9,conv-48,75,What card game is Deborah talking about?,3,targeted,1,1,SINGLE_CARRIER_SINGLE_SESSION,UNMARKED,True,1,COMPLETE,TIE_COMPLETE,NOT_APPLICABLE,True,1,COMPLETE,TIE_COMPLETE,NOT_APPLICABLE,COMPLETE_BOTH
01d798d4fedbb0e66f1a66e2e00960a0ce4041963ef35e1a216c4ddac828cdbf,conv-48,76,When did Jolene and her partner try scuba diving lessons?,2,targeted,1,1,SINGLE_CARRIER_SINGLE_SESSION,TEMPORAL,True,1,COMPLETE,TIE_COMPLETE,NOT_APPLICABLE,True,1,COMPLETE,TIE_COMPLETE,NOT_APPLICABLE,COMPLETE_BOTH
2058a0e59bdf775c7cf7fc3b58c37204932f014ce598d1a7ef9a1f93d4a2eb7d,conv-48,77,Where did Jolene and her partner find a cool diving spot?,1,other,2,2,MULTI_SESSION,LOCATION,False,1,PARTIAL_EVIDENCE,LOSS,COMBINATION_ONLY,True,2,COMPLETE,TIE_COMPLETE,NOT_APPLICABLE,RESCUED_AT_32K
b31636a123e150efaf696ef9d70ec901b0ca84d19a7cefa8f9cf805b066762f9,conv-48,78,Where did Jolene and her partner spend most of September 2023?,2,targeted,1,1,SINGLE_CARRIER_SINGLE_SESSION,LOCATION,False,0,ZERO_EVIDENCE,TIE_MISS,NOT_APPLICABLE,False,0,ZERO_EVIDENCE,TIE_MISS,NOT_APPLICABLE,PERSISTENT_MISS
b53687f7d91afe03d49150dbce90e997e63ae3ec1259b88896607069aa1fb5dc,conv-48,79,Has Deborah tried surfing?,1,other,2,2,MULTI_SESSION,UNMARKED,True,2,COMPLETE,TIE_COMPLETE,NOT_APPLICABLE,True,2,COMPLETE,TIE_COMPLETE,NOT_APPLICABLE,COMPLETE_BOTH
be0eadd72188fa433073a005b0e5a461b66bf47b78e3529542bc21612a498b79,conv-48,80,Has Jolene tried surfing?,1,other,3,2,MULTI_SESSION,UNMARKED,True,3,COMPLETE,TIE_COMPLETE,NOT_APPLICABLE,True,3,COMPLETE,TIE_COMPLETE,NOT_APPLICABLE,COMPLETE_BOTH
991198876cb39c1f9089c3ac33413787dd4530de94e568b70fc19fbb1fb9a741,conv-48,81,When did the Deboran and Jolene agree to go surfing?,2,targeted,1,1,SINGLE_CARRIER_SINGLE_SESSION,TEMPORAL,True,1,COMPLETE,TIE_COMPLETE,NOT_APPLICABLE,True,1,COMPLETE,TIE_COMPLETE,NOT_APPLICABLE,COMPLETE_BOTH
a69f4529c31f2dc4689030fc26c93a5a4a8c027fe0d276293e2b45d4838d2516,conv-48,82,Which locations does Deborah practice her yoga at?,1,breadth,5,4,MULTI_SESSION,LOCATION|ENUMERATION,False,4,PARTIAL_EVIDENCE,TIE_MISS,NOT_APPLICABLE,True,5,COMPLETE,TIE_COMPLETE,NOT_APPLICABLE,RESCUED_AT_32K
a8846dfb7b53b4d17bd3f91643fec8a4caa179d75b23e592b7fd39e2fa994120,conv-48,83,What kind of professional activities does Jolene participate in to gain more experience in her field?,1,other,2,2,MULTI_SESSION,UNMARKED,True,2,COMPLETE,TIE_COMPLETE,NOT_APPLICABLE,True,2,COMPLETE,TIE_COMPLETE,NOT_APPLICABLE,COMPLETE_BOTH
a305a7e66c167552f14c1004eedfff22c4f8ece634dbced49957161575e21e54,conv-48,84,What kind of engineering projects has Jolene worked on?,1,breadth,5,4,MULTI_SESSION,UNMARKED,True,5,COMPLETE,TIE_COMPLETE,NOT_APPLICABLE,True,5,COMPLETE,TIE_COMPLETE,NOT_APPLICABLE,COMPLETE_BOTH
ccedc1740d69f02b9084c67fcac41fd82216a913b52c9525eed1362f3487ba51,conv-48,85,Which community activities have Deborah and Anna participated in?,1,other,3,2,MULTI_SESSION,ENUMERATION,True,3,COMPLETE,TIE_COMPLETE,NOT_APPLICABLE,True,3,COMPLETE,TIE_COMPLETE,NOT_APPLICABLE,COMPLETE_BOTH
2b1e35b15bbd9a4e02bad807eec960e1e5609774a2683714b065fcfeeb375e18,conv-48,86,What gifts has Deborah received?,1,breadth,5,3,MULTI_SESSION,UNMARKED,False,1,PARTIAL_EVIDENCE,TIE_MISS,NOT_APPLICABLE,False,3,PARTIAL_EVIDENCE,TIE_MISS,NOT_APPLICABLE,PERSISTENT_MISS
1de52f9598e4c63960c1b10a810972709e0ad4bbaa6f355955927bfee31389f3,conv-48,87,Which countries has Deborah traveled to?,1,other,2,2,MULTI_SESSION,ENUMERATION,True,2,COMPLETE,TIE_COMPLETE,NOT_APPLICABLE,True,2,COMPLETE,TIE_COMPLETE,NOT_APPLICABLE,COMPLETE_BOTH
0aa830301070cb834d589597216ffce60713485157fb88cf07c32e7f26249437,conv-48,88,What activities does Deborah pursue besides practicing and teaching yoga?,1,breadth,5,4,MULTI_SESSION,ENUMERATION,False,1,PARTIAL_EVIDENCE,TIE_MISS,NOT_APPLICABLE,False,4,PARTIAL_EVIDENCE,TIE_MISS,NOT_APPLICABLE,PERSISTENT_MISS
15fa816c97b214738c3701ed2127d8ea75fc81bf69cc50a272be5b059e6a6f4f,conv-48,100,"What project did Jolene finish last week before 23 January, 2023?",4,targeted,1,1,SINGLE_CARRIER_SINGLE_SESSION,TEMPORAL,True,1,COMPLETE,TIE_COMPLETE,NOT_APPLICABLE,True,1,COMPLETE,TIE_COMPLETE,NOT_APPLICABLE,COMPLETE_BOTH
09c3b1833d7cc23d7f493a3d37516069fc7d4cc5f4517c94b80bff9256c61566,conv-48,101,When did Jolene buy her pet snake?,4,targeted,1,1,SINGLE_CARRIER_SINGLE_SESSION,TEMPORAL,True,1,COMPLETE,TIE_COMPLETE,NOT_APPLICABLE,True,1,COMPLETE,TIE_COMPLETE,NOT_APPLICABLE,COMPLETE_BOTH
26bca3298fa62beb98454e530cc51f8243b8c01d24b76c8c48caeba88e168996,conv-48,102,"What project was Jolene working on as of 1 February, 2023?",4,targeted,1,1,SINGLE_CARRIER_SINGLE_SESSION,UNMARKED,True,1,COMPLETE,TIE_COMPLETE,NOT_APPLICABLE,True,1,COMPLETE,TIE_COMPLETE,NOT_APPLICABLE,COMPLETE_BOTH
c13830ea5c41826620525686398465fb8b7cdf279368441dbeeb7d4497c667f9,conv-48,103,Where did Deborah meet her new neighbor Anna?,4,targeted,1,1,SINGLE_CARRIER_SINGLE_SESSION,LOCATION,True,1,COMPLETE,TIE_COMPLETE,NOT_APPLICABLE,True,1,COMPLETE,TIE_COMPLETE,NOT_APPLICABLE,COMPLETE_BOTH
f49c08da76a075098039d45512c94be141c9ad7a05a34e25a519efab70190d19,conv-48,104,What activity did Jolene and her partner plan to do together instead of resuming yoga?,4,targeted,1,1,SINGLE_CARRIER_SINGLE_SESSION,UNMARKED,True,1,COMPLETE,TIE_COMPLETE,NOT_APPLICABLE,True,1,COMPLETE,TIE_COMPLETE,NOT_APPLICABLE,COMPLETE_BOTH
e45f8f784f2ceb5f959f05d4ef90c142f2214de2f0208040abd6825d15dfe441,conv-48,105,"What milestone did Jolene achieve recently on 4 February, 2023?",4,targeted,1,1,SINGLE_CARRIER_SINGLE_SESSION,UNMARKED,True,1,COMPLETE,TIE_COMPLETE,NOT_APPLICABLE,True,1,COMPLETE,TIE_COMPLETE,NOT_APPLICABLE,COMPLETE_BOTH
3b40260ee02035532bc6123c90cb9674dac2526cd7ae1512c727e2ad00a17764,conv-48,106,"What is Jolene's favorite book which she mentioned on 4 February, 2023?",4,targeted,1,1,SINGLE_CARRIER_SINGLE_SESSION,ENUMERATION,False,0,ZERO_EVIDENCE,TIE_MISS,NOT_APPLICABLE,False,0,ZERO_EVIDENCE,TIE_MISS,NOT_APPLICABLE,PERSISTENT_MISS
bef7e8f867f531a1cfadafcf497d9c7b912c8fcb4d66f22d538832b408eadc9c,conv-48,107,What does Deborah bring with her whenever she comes to reflect on her mom?,4,targeted,1,1,SINGLE_CARRIER_SINGLE_SESSION,UNMARKED,True,1,COMPLETE,TIE_COMPLETE,NOT_APPLICABLE,True,1,COMPLETE,TIE_COMPLETE,NOT_APPLICABLE,COMPLETE_BOTH
369b7faf7ec147ed043654691af201b9c00ee1700aa7c9fbf07058c8308b4e81,conv-48,108,"What new outlook did Jolene gain after her mini retreat on 9 February, 2023?",4,targeted,1,1,SINGLE_CARRIER_SINGLE_SESSION,TEMPORAL,True,1,COMPLETE,TIE_COMPLETE,NOT_APPLICABLE,True,1,COMPLETE,TIE_COMPLETE,NOT_APPLICABLE,COMPLETE_BOTH
e426318d990ba82b4cc4d7fa2471c4bcb8f12543a670dd9ae7129940f15c351a,conv-48,109,"What cool stuff did Jolene accomplish at the retreat on 9 February, 2023?",4,targeted,1,1,SINGLE_CARRIER_SINGLE_SESSION,UNMARKED,True,1,COMPLETE,TIE_COMPLETE,NOT_APPLICABLE,True,1,COMPLETE,TIE_COMPLETE,NOT_APPLICABLE,COMPLETE_BOTH
3f7daf356aa794d079e69a95e54bb6fe31f2c42e2516a1f35789e6b1a962da6a,conv-48,110,"What idea did Jolene have to help underprivileged kids learn about STEM subjects on 9 February, 2023?",4,targeted,1,1,SINGLE_CARRIER_SINGLE_SESSION,UNMARKED,True,1,COMPLETE,TIE_COMPLETE,NOT_APPLICABLE,True,1,COMPLETE,TIE_COMPLETE,NOT_APPLICABLE,COMPLETE_BOTH
0f23ef8d799f06675376c7e11d6bc3407baf100129e354cd28509622047b07af,conv-48,111,How does Jolene plan to involve local engineers in her idea of teaching STEM to underprivileged kids?,4,targeted,1,1,SINGLE_CARRIER_SINGLE_SESSION,UNMARKED,True,1,COMPLETE,TIE_COMPLETE,NOT_APPLICABLE,True,1,COMPLETE,TIE_COMPLETE,NOT_APPLICABLE,COMPLETE_BOTH
ffd0f86b4d561676f2d3f48c9c4f1a8183e12798f9a2233b442eee6af9d78f4b,conv-48,112,What gave Deborah peace in the garden she visited?,4,targeted,1,1,SINGLE_CARRIER_SINGLE_SESSION,UNMARKED,True,1,COMPLETE,TIE_COMPLETE,NOT_APPLICABLE,True,1,COMPLETE,TIE_COMPLETE,NOT_APPLICABLE,COMPLETE_BOTH
444bf90f093d281a24f09a498966f0b17a5576a5349bc6c3da79b42f0d6ba896,conv-48,113,Why did Deborah spend time in the garden?,4,targeted,1,1,SINGLE_CARRIER_SINGLE_SESSION,CAUSAL,True,1,COMPLETE,TIE_COMPLETE,NOT_APPLICABLE,True,1,COMPLETE,TIE_COMPLETE,NOT_APPLICABLE,COMPLETE_BOTH
d23b69cbaab2f9c57f96fa5c0ae07f9632dfd0fa8394c148aca8973e40ea74d2,conv-48,114,How did Jolene and her partner initially meet?,4,targeted,1,1,SINGLE_CARRIER_SINGLE_SESSION,UNMARKED,True,1,COMPLETE,TIE_COMPLETE,NOT_APPLICABLE,True,1,COMPLETE,TIE_COMPLETE,NOT_APPLICABLE,COMPLETE_BOTH
849ba027bb271231d2deb5986e0bccdd2707fba990fffb7460d12a9ff0f96943,conv-48,115,What activity does Deborah incorporate into her daily routine after going for a morning jog in the park?,4,targeted,1,1,SINGLE_CARRIER_SINGLE_SESSION,TEMPORAL,True,1,COMPLETE,TIE_COMPLETE,NOT_APPLICABLE,True,1,COMPLETE,TIE_COMPLETE,NOT_APPLICABLE,COMPLETE_BOTH
2e758daf35d89b4666f5be628ad52565178e7e160d761a02b87b26459d6d7582,conv-48,116,"According to Jolene, what does exercise help her to feel?",4,targeted,1,1,SINGLE_CARRIER_SINGLE_SESSION,UNMARKED,True,1,COMPLETE,TIE_COMPLETE,NOT_APPLICABLE,True,1,COMPLETE,TIE_COMPLETE,NOT_APPLICABLE,COMPLETE_BOTH
eedc4c72522c21ee5a0ef40ca4af0e9aaadeeb47279aac6e2ebaad3c78a4034d,conv-48,117,"What did Deb share a photo of, which brought a smile to Jolene's face?",4,targeted,1,1,SINGLE_CARRIER_SINGLE_SESSION,ENUMERATION,True,1,COMPLETE,TIE_COMPLETE,NOT_APPLICABLE,True,1,COMPLETE,TIE_COMPLETE,NOT_APPLICABLE,COMPLETE_BOTH
5f9768c512f138e9620c9d22bce8b0c6c8a1b2fb6d12282495de336bfdb8a200,conv-48,118,What is one of Jolene's favorite dishes?,4,targeted,1,1,SINGLE_CARRIER_SINGLE_SESSION,UNMARKED,True,1,COMPLETE,TIE_COMPLETE,NOT_APPLICABLE,True,1,COMPLETE,TIE_COMPLETE,NOT_APPLICABLE,COMPLETE_BOTH
be8021eec6baedd6c251907a76e139ee1aceceb16e1ba4829b553855f678f1c7,conv-48,119,What picture did Jolene share related to feeling overwhelmed?,4,targeted,1,1,SINGLE_CARRIER_SINGLE_SESSION,UNMARKED,True,1,COMPLETE,TIE_COMPLETE,NOT_APPLICABLE,True,1,COMPLETE,TIE_COMPLETE,NOT_APPLICABLE,COMPLETE_BOTH
5dd398edda04cd976acea320a56bff115c370c52810531067ee36a956b28c194,conv-48,120,What did Jolene and Deb discuss as a helpful strategy for studying and time management?,4,targeted,1,1,SINGLE_CARRIER_SINGLE_SESSION,UNMARKED,True,1,COMPLETE,TIE_COMPLETE,NOT_APPLICABLE,True,1,COMPLETE,TIE_COMPLETE,NOT_APPLICABLE,COMPLETE_BOTH
02da44516e795eaa23d9d59061a19349bc0848507e078180352086568b6033e9,conv-48,121,"What did Jolene ask Deb to help with on 13 March, 2023?",4,targeted,1,1,SINGLE_CARRIER_SINGLE_SESSION,UNMARKED,True,1,COMPLETE,TIE_COMPLETE,NOT_APPLICABLE,True,1,COMPLETE,TIE_COMPLETE,NOT_APPLICABLE,COMPLETE_BOTH
98eed85cde018fcb705716e8c43bfe7b45ecf2049e732ec0c9119fa60c7296a2,conv-48,122,What method does Deb suggest Jolene to try for organizing tasks based on importance and urgency?,4,targeted,1,1,SINGLE_CARRIER_SINGLE_SESSION,UNMARKED,True,1,COMPLETE,TIE_COMPLETE,NOT_APPLICABLE,True,1,COMPLETE,TIE_COMPLETE,NOT_APPLICABLE,COMPLETE_BOTH
5e1d79ee4cc7cef8cb3054ffd3625b7f15840e9b617edc76434184c83023851a,conv-48,123,What did Jolene and Anna discuss while watching the sunset by the sea?,4,targeted,1,1,SINGLE_CARRIER_SINGLE_SESSION,UNMARKED,True,1,COMPLETE,TIE_COMPLETE,NOT_APPLICABLE,True,1,COMPLETE,TIE_COMPLETE,NOT_APPLICABLE,COMPLETE_BOTH
5227bb5e16e43d0af93f7a719added80a4d003aa753f007b6b5af163ad0f8339,conv-48,124,How does Jolene plan to pursue her dream of learning to surf?,4,targeted,1,1,SINGLE_CARRIER_SINGLE_SESSION,UNMARKED,True,1,COMPLETE,TIE_COMPLETE,NOT_APPLICABLE,True,1,COMPLETE,TIE_COMPLETE,NOT_APPLICABLE,COMPLETE_BOTH
c9009ed7592da2e425d382f7508c1da46a5a57f4c917b1d9249a6e36e47d6e2b,conv-48,125,What did Deborah buy to enhance her yoga practice besides the props?,4,targeted,1,1,SINGLE_CARRIER_SINGLE_SESSION,UNMARKED,True,1,COMPLETE,TIE_COMPLETE,NOT_APPLICABLE,True,1,COMPLETE,TIE_COMPLETE,NOT_APPLICABLE,COMPLETE_BOTH
6977354b53a0b63d2b1e70688d5a58353fec0ddfe21b2128007329665a948b7e,conv-48,126,What type of music does Deborah find helpful during her yoga practice?,4,targeted,1,1,SINGLE_CARRIER_SINGLE_SESSION,UNMARKED,True,1,COMPLETE,TIE_COMPLETE,NOT_APPLICABLE,True,1,COMPLETE,TIE_COMPLETE,NOT_APPLICABLE,COMPLETE_BOTH
5d11c4a7209f5fe3d5a0c4c4c276de54b9c57e03177e6034b665bd9be60f6c84,conv-48,127,Who are the musicians mentioned by Jolene that she enjoys listening to during her yoga practice?,4,targeted,1,1,SINGLE_CARRIER_SINGLE_SESSION,UNMARKED,True,1,COMPLETE,TIE_COMPLETE,NOT_APPLICABLE,True,1,COMPLETE,TIE_COMPLETE,NOT_APPLICABLE,COMPLETE_BOTH
05151a6cc99a7fded37a52d3f27a60598e1b5d82314e4bf689a888be861881c8,conv-48,128,What album does Deborah recommend for meditation and deep relaxation?,4,targeted,1,1,SINGLE_CARRIER_SINGLE_SESSION,UNMARKED,True,1,COMPLETE,TIE_COMPLETE,NOT_APPLICABLE,True,1,COMPLETE,TIE_COMPLETE,NOT_APPLICABLE,COMPLETE_BOTH
66477bbce4137a1edb70a86f120e7b596e397ebd4fd7256b736715b52414647f,conv-48,129,"Which show did Deborah go to with a friend on 9 April, 2023?",4,targeted,1,1,SINGLE_CARRIER_SINGLE_SESSION,ENUMERATION,True,1,COMPLETE,TIE_COMPLETE,NOT_APPLICABLE,True,1,COMPLETE,TIE_COMPLETE,NOT_APPLICABLE,COMPLETE_BOTH
7259cb53875af17a28d69eacc3fa0df40546bda45c3b46e53969c29cf5f3b30e,conv-48,130,What does Deborah find comforting about going to art shows?,4,targeted,1,1,SINGLE_CARRIER_SINGLE_SESSION,UNMARKED,True,1,COMPLETE,TIE_COMPLETE,NOT_APPLICABLE,True,1,COMPLETE,TIE_COMPLETE,NOT_APPLICABLE,COMPLETE_BOTH
32395b30caf6ea6bd1513c32566a004f68a28173c77778ab2fd0705028b43efd,conv-48,131,How does Jolene describe the time spent with her snakes and partner?,4,targeted,1,1,SINGLE_CARRIER_SINGLE_SESSION,UNMARKED,True,1,COMPLETE,GAIN,CC80_ONLY,True,1,COMPLETE,TIE_COMPLETE,NOT_APPLICABLE,COMPLETE_BOTH
b79f18de0d3661d6139d4dc8fe770e0148d23f0c9899e8f32ee5748a8760767b,conv-48,132,What does Jolene enjoy doing with her partner after a long day?,4,targeted,1,1,SINGLE_CARRIER_SINGLE_SESSION,TEMPORAL,False,0,ZERO_EVIDENCE,TIE_MISS,NOT_APPLICABLE,False,0,ZERO_EVIDENCE,TIE_MISS,NOT_APPLICABLE,PERSISTENT_MISS
d21bd33beed4e65239edbb4046587c92e68d594ffe181e19e46640edf63c5195,conv-48,133,What is Jolene currently doing in June 2023?,4,targeted,1,1,SINGLE_CARRIER_SINGLE_SESSION,UNMARKED,True,1,COMPLETE,TIE_COMPLETE,NOT_APPLICABLE,True,1,COMPLETE,TIE_COMPLETE,NOT_APPLICABLE,COMPLETE_BOTH
b1604fd0d51110db439aafde1d74427226069915482cd8ad7145282204060074,conv-48,134,For how long has Jolene had Seraphim as a pet?,4,targeted,1,1,SINGLE_CARRIER_SINGLE_SESSION,TEMPORAL,True,1,COMPLETE,TIE_COMPLETE,NOT_APPLICABLE,True,1,COMPLETE,TIE_COMPLETE,NOT_APPLICABLE,COMPLETE_BOTH
28d6c8aa7e1c9e36c622ef76e6ce8b1605ce312fd5217816d862881cd61ca650,conv-48,135,How does Jolene feel when spending time with Seraphim?,4,targeted,1,1,SINGLE_CARRIER_SINGLE_SESSION,TEMPORAL,True,1,COMPLETE,TIE_COMPLETE,NOT_APPLICABLE,True,1,COMPLETE,TIE_COMPLETE,NOT_APPLICABLE,COMPLETE_BOTH
ff8a18782f86024a14d3e7cf56f5de548adb5f521a10da3e618a9eae715ebbcb,conv-48,136,Which new yoga pose did Deborah share a photo of?,4,targeted,1,1,SINGLE_CARRIER_SINGLE_SESSION,ENUMERATION,True,1,COMPLETE,TIE_COMPLETE,NOT_APPLICABLE,True,1,COMPLETE,TIE_COMPLETE,NOT_APPLICABLE,COMPLETE_BOTH
18679027af54f5661451e56bc1579dfd7fbb987a77123aa242ce0873494cd922,conv-48,137,What group activity did Deborah start with Anna?,4,targeted,1,1,SINGLE_CARRIER_SINGLE_SESSION,UNMARKED,True,1,COMPLETE,TIE_COMPLETE,NOT_APPLICABLE,True,1,COMPLETE,TIE_COMPLETE,NOT_APPLICABLE,COMPLETE_BOTH
354302a9c2fe1ef93b51cabe59c26431efd8043ac59eac52e7accbffff38bf18,conv-48,138,What made being part of the running group easy for Deborah to stay motivated?,4,targeted,1,1,SINGLE_CARRIER_SINGLE_SESSION,UNMARKED,True,1,COMPLETE,TIE_COMPLETE,NOT_APPLICABLE,True,1,COMPLETE,TIE_COMPLETE,NOT_APPLICABLE,COMPLETE_BOTH
ce8621b4a9c16211a88be35befe28fac16efbf57a51878e8065d8e5e16e9de47,conv-48,139,Why did Jolene decide to get a snake as a pet?,4,targeted,1,1,SINGLE_CARRIER_SINGLE_SESSION,CAUSAL,True,1,COMPLETE,TIE_COMPLETE,NOT_APPLICABLE,True,1,COMPLETE,TIE_COMPLETE,NOT_APPLICABLE,COMPLETE_BOTH
0d3665ec4677356c1576e9abc36a27f304c7e707fba2b2cdb1e849eeef498619,conv-48,140,What is the favorite game Jolene plays with her partner?,4,targeted,1,1,SINGLE_CARRIER_SINGLE_SESSION,UNMARKED,True,1,COMPLETE,TIE_COMPLETE,NOT_APPLICABLE,True,1,COMPLETE,TIE_COMPLETE,NOT_APPLICABLE,COMPLETE_BOTH
7a01cfdff091f2b664b4eaeaa069fe9b7dd184cc82b36056baf0b94af4567273,conv-48,141,What activity does Deborah do with her cats?,4,targeted,1,1,SINGLE_CARRIER_SINGLE_SESSION,UNMARKED,True,1,COMPLETE,TIE_COMPLETE,NOT_APPLICABLE,True,1,COMPLETE,TIE_COMPLETE,NOT_APPLICABLE,COMPLETE_BOTH
8bd1b296522a4a72b4633ee4907c3a2f9e611578273520bfec11b06e79567d31,conv-48,142,How does Jolene describe the feeling of finding her snake snuggled under the bed after it got out?,4,targeted,1,1,SINGLE_CARRIER_SINGLE_SESSION,TEMPORAL,True,1,COMPLETE,TIE_COMPLETE,NOT_APPLICABLE,True,1,COMPLETE,TIE_COMPLETE,NOT_APPLICABLE,COMPLETE_BOTH
0124bc447d48d5a4ffe2de56bd8624392e560cd0e8f34147d972b8f7104e3991,conv-48,143,Why does Deborah take her cats out for a run in the park every day?,4,targeted,1,1,SINGLE_CARRIER_SINGLE_SESSION,CAUSAL,True,1,COMPLETE,TIE_COMPLETE,NOT_APPLICABLE,True,1,COMPLETE,TIE_COMPLETE,NOT_APPLICABLE,COMPLETE_BOTH
0a7f66d5a886b4d7083c9abe3cddea861e6610b9c2668ee90fa365f812f3419c,conv-48,144,"How did Jolene come to have her pet, Susie?",4,targeted,1,1,SINGLE_CARRIER_SINGLE_SESSION,UNMARKED,True,1,COMPLETE,TIE_COMPLETE,NOT_APPLICABLE,True,1,COMPLETE,TIE_COMPLETE,NOT_APPLICABLE,COMPLETE_BOTH
16648a3a77d3c3a4e2eea7d048165098adf0f3ad8e8c0f72bf14fd3a82710cc8,conv-48,145,What activities have been helping Jolene stay distracted during tough times?,4,targeted,1,1,SINGLE_CARRIER_SINGLE_SESSION,ENUMERATION,True,1,COMPLETE,TIE_COMPLETE,NOT_APPLICABLE,True,1,COMPLETE,TIE_COMPLETE,NOT_APPLICABLE,COMPLETE_BOTH
1dd036332534d3ae739c45a15421914b6eba9375a96765fa0c412fdac3f192da,conv-48,146,What kind of yoga routine does Deborah recommend to Jolene?,4,targeted,1,1,SINGLE_CARRIER_SINGLE_SESSION,UNMARKED,True,1,COMPLETE,TIE_COMPLETE,NOT_APPLICABLE,True,1,COMPLETE,TIE_COMPLETE,NOT_APPLICABLE,COMPLETE_BOTH
148a399ae3dace2b24b107b566fd2454016702611b80e861bc930d12cfb455b8,conv-48,147,What did Jolene design inspired by their love for space and engines?,4,targeted,1,1,SINGLE_CARRIER_SINGLE_SESSION,UNMARKED,True,1,COMPLETE,TIE_COMPLETE,NOT_APPLICABLE,True,1,COMPLETE,TIE_COMPLETE,NOT_APPLICABLE,COMPLETE_BOTH
243c156fa11611b2cf901f4207d5c906ebe9e5fe747ac376fbeaea97c703d089,conv-48,148,What journal has Jolene been using to help track tasks and stay organized?,4,targeted,1,1,SINGLE_CARRIER_SINGLE_SESSION,UNMARKED,True,1,COMPLETE,TIE_COMPLETE,NOT_APPLICABLE,True,1,COMPLETE,TIE_COMPLETE,NOT_APPLICABLE,COMPLETE_BOTH
be974ebb1466ae28f51d4829fae1a1af9f5b85406eafdee7f33fa56eb443ec66,conv-48,149,What game did Jolene recommend for being calming and cute?,4,targeted,1,1,SINGLE_CARRIER_SINGLE_SESSION,UNMARKED,True,1,COMPLETE,TIE_COMPLETE,NOT_APPLICABLE,True,1,COMPLETE,TIE_COMPLETE,NOT_APPLICABLE,COMPLETE_BOTH
bfe7c7fa142d3c362bd27aea300ffa9466350ca6e5423aea969121b6dcb83cc3,conv-48,150,What game did Jolene suggest as an awesome open-world game for the Nintendo Switch?,4,targeted,1,1,SINGLE_CARRIER_SINGLE_SESSION,UNMARKED,True,1,COMPLETE,TIE_COMPLETE,NOT_APPLICABLE,True,1,COMPLETE,TIE_COMPLETE,NOT_APPLICABLE,COMPLETE_BOTH
9ad1338dccac101f040dd07f7035454048649cd065c37e4fb1a3cf80bece3751,conv-48,151,What did Deborah and her husband use to play to bond and make memories?,4,targeted,1,1,SINGLE_CARRIER_SINGLE_SESSION,UNMARKED,True,1,COMPLETE,TIE_COMPLETE,NOT_APPLICABLE,True,1,COMPLETE,TIE_COMPLETE,NOT_APPLICABLE,COMPLETE_BOTH
c3a3ce7ef3bebfae7a65a76246f4a310457f71f1991311b217a1bc4a164ea4f2,conv-48,152,What is special about the bench at the park near Deborah's house?,4,targeted,1,1,SINGLE_CARRIER_SINGLE_SESSION,UNMARKED,True,1,COMPLETE,TIE_COMPLETE,NOT_APPLICABLE,True,1,COMPLETE,TIE_COMPLETE,NOT_APPLICABLE,COMPLETE_BOTH
4bdccb66e841cc9a2bc2ef8f0e3e4cefa42480b33590e8ee58fa98135f08c623,conv-48,153,What did Deborah and her mom chat about at their special bench in the park?,4,targeted,1,1,SINGLE_CARRIER_SINGLE_SESSION,UNMARKED,True,1,COMPLETE,TIE_COMPLETE,NOT_APPLICABLE,True,1,COMPLETE,TIE_COMPLETE,NOT_APPLICABLE,COMPLETE_BOTH
f64c866df06fc6665006667d3d3a7cbafae4589d00398d32dcad10a914dc3f2d,conv-48,154,What feeling does Deborah get when she thinks about the time spent with her mom at their special spot?,4,targeted,1,1,SINGLE_CARRIER_SINGLE_SESSION,TEMPORAL,True,1,COMPLETE,TIE_COMPLETE,NOT_APPLICABLE,True,1,COMPLETE,TIE_COMPLETE,NOT_APPLICABLE,COMPLETE_BOTH
1ce5b8ae27e4922b3c9d95365112044cfb8bfc69d797c09d9dc864fcc8c811dd,conv-48,155,What habits does Jolene practice to feel balanced?,4,targeted,1,1,SINGLE_CARRIER_SINGLE_SESSION,UNMARKED,True,1,COMPLETE,TIE_COMPLETE,NOT_APPLICABLE,True,1,COMPLETE,TIE_COMPLETE,NOT_APPLICABLE,COMPLETE_BOTH
b05eaa37ad80de29e010805e0a5b311b8349924bb39d0c250feb271773cffe73,conv-48,156,Which yoga pose is Jolene a fan of for rest and calmness?,4,targeted,1,1,SINGLE_CARRIER_SINGLE_SESSION,ENUMERATION,True,1,COMPLETE,TIE_COMPLETE,NOT_APPLICABLE,True,1,COMPLETE,TIE_COMPLETE,NOT_APPLICABLE,COMPLETE_BOTH
10fef3238cdcc9a93155423171aeec3e3c2f71aa5aef159f1531ca4126bb9357,conv-48,157,How long has Jolene been doing yoga?,4,targeted,1,1,SINGLE_CARRIER_SINGLE_SESSION,TEMPORAL,True,1,COMPLETE,TIE_COMPLETE,NOT_APPLICABLE,True,1,COMPLETE,TIE_COMPLETE,NOT_APPLICABLE,COMPLETE_BOTH
c1269d74193f95f773c3acb9709b63c4164422f7b778358d9abf61cca1747d0c,conv-48,158,What did Jolene participate in recently that provided her with a rewarding experience?,4,targeted,1,1,SINGLE_CARRIER_SINGLE_SESSION,UNMARKED,True,1,COMPLETE,TIE_COMPLETE,NOT_APPLICABLE,True,1,COMPLETE,TIE_COMPLETE,NOT_APPLICABLE,COMPLETE_BOTH
e72fdacd81c7f63e66dee7b1ea5637ccf111121f1a23cd9c7634904860831c71,conv-48,159,How did Jolene feel after receiving positive feedback at the virtual conference?,4,targeted,1,1,SINGLE_CARRIER_SINGLE_SESSION,TEMPORAL,True,1,COMPLETE,TIE_COMPLETE,NOT_APPLICABLE,True,1,COMPLETE,TIE_COMPLETE,NOT_APPLICABLE,COMPLETE_BOTH
6ad8fdbe3adf599eb2605ddbd8d26a03c54f433ee2931382fbd1ba621925be17,conv-48,160,What kind of event did Jolene present at recently?,4,targeted,1,1,SINGLE_CARRIER_SINGLE_SESSION,UNMARKED,True,1,COMPLETE,TIE_COMPLETE,NOT_APPLICABLE,True,1,COMPLETE,TIE_COMPLETE,NOT_APPLICABLE,COMPLETE_BOTH
8b4726d8784d129888bdd701f91035e29ac612f037745379a70bc6005f952b71,conv-48,161,"What did Jolene's mom stress the value of, which she wants to keep in mind for her engineering projects?",4,targeted,1,1,SINGLE_CARRIER_SINGLE_SESSION,ENUMERATION,True,1,COMPLETE,TIE_COMPLETE,NOT_APPLICABLE,True,1,COMPLETE,TIE_COMPLETE,NOT_APPLICABLE,COMPLETE_BOTH
9295ee280ce583c3d9c06b75393d4d8016abf7ee01f8aaf51834989a83e3c209,conv-48,162,What type of projects is Jolene interested in getting involved in the future?,4,targeted,1,1,SINGLE_CARRIER_SINGLE_SESSION,UNMARKED,True,1,COMPLETE,TIE_COMPLETE,NOT_APPLICABLE,True,1,COMPLETE,TIE_COMPLETE,NOT_APPLICABLE,COMPLETE_BOTH
924c991c3884648ad2ef762aa405229a238316b1fca2513eee10b0ed2d8bae44,conv-48,163,"How did Deborah get Luna, one of her cats?",4,targeted,1,1,SINGLE_CARRIER_SINGLE_SESSION,UNMARKED,True,1,COMPLETE,TIE_COMPLETE,NOT_APPLICABLE,True,1,COMPLETE,TIE_COMPLETE,NOT_APPLICABLE,COMPLETE_BOTH
231f8231cb2325f5d0ac05541701021acfd11b169463bc8167cd849407165346,conv-48,164,How old is Max?,4,targeted,1,1,SINGLE_CARRIER_SINGLE_SESSION,UNMARKED,True,1,COMPLETE,TIE_COMPLETE,NOT_APPLICABLE,True,1,COMPLETE,TIE_COMPLETE,NOT_APPLICABLE,COMPLETE_BOTH
03bcda7eb1b8a87f2145fd0e9ae07634d6b837b34312431136e094625f14bd77,conv-48,165,"What type of classes did Jolene and her partner check out during their trip to Rio de Janeiro on 30 August, 2023?",4,targeted,1,1,SINGLE_CARRIER_SINGLE_SESSION,UNMARKED,True,1,COMPLETE,TIE_COMPLETE,NOT_APPLICABLE,True,1,COMPLETE,TIE_COMPLETE,NOT_APPLICABLE,COMPLETE_BOTH
ffe6be1c1e6fc58a4ddfbe92cec29f9345522844751f689e581bb9dbdf7fab11,conv-48,166,What type of place does Jolene visit to meditate?,4,targeted,1,1,SINGLE_CARRIER_SINGLE_SESSION,LOCATION,True,1,COMPLETE,TIE_COMPLETE,NOT_APPLICABLE,True,1,COMPLETE,TIE_COMPLETE,NOT_APPLICABLE,COMPLETE_BOTH
d37b7904751d50d860e0fa5243c2a879c130e1d44c6a58000462ff278e66215b,conv-48,167,"What was the new plant Jolene got used as a reminder for on 30 August, 2023?",4,targeted,1,1,SINGLE_CARRIER_SINGLE_SESSION,UNMARKED,True,1,COMPLETE,TIE_COMPLETE,NOT_APPLICABLE,True,1,COMPLETE,TIE_COMPLETE,NOT_APPLICABLE,COMPLETE_BOTH
e83935d3f9c97f0c027f65cadb65248adbd7bcf82e3fc548a5bcc72d79adcd32,conv-48,168,"Why did Jolene get the new plant on 30 August, 2023?",4,targeted,1,1,SINGLE_CARRIER_SINGLE_SESSION,CAUSAL,True,1,COMPLETE,TIE_COMPLETE,NOT_APPLICABLE,True,1,COMPLETE,TIE_COMPLETE,NOT_APPLICABLE,COMPLETE_BOTH
adc145ac4440adf59475fdbe13c15316e40bbda0d7c646b727dd6c84063cefdd,conv-48,169,What has Jolene been focusing on lately besides studying?,4,targeted,1,1,SINGLE_CARRIER_SINGLE_SESSION,UNMARKED,True,1,COMPLETE,TIE_COMPLETE,NOT_APPLICABLE,True,1,COMPLETE,TIE_COMPLETE,NOT_APPLICABLE,COMPLETE_BOTH
6a2e2bcc4809c7591584ebe2c8dcb213190f8f77b286f45e99375a3f897af251,conv-48,170,How did Deborah's mom support her yoga practice when she first started?,4,targeted,1,1,SINGLE_CARRIER_SINGLE_SESSION,TEMPORAL,True,1,COMPLETE,TIE_COMPLETE,NOT_APPLICABLE,True,1,COMPLETE,TIE_COMPLETE,NOT_APPLICABLE,COMPLETE_BOTH
5fc415b911560eb402b6485ca4cf0a4f1906f06540ad2317f424105fdc9372bc,conv-48,171,What was the video game console that Jolene's parents got her at age 10?,4,targeted,1,1,SINGLE_CARRIER_SINGLE_SESSION,UNMARKED,True,1,COMPLETE,TIE_COMPLETE,NOT_APPLICABLE,True,1,COMPLETE,TIE_COMPLETE,NOT_APPLICABLE,COMPLETE_BOTH
ef42276ecf7abff8bfd9e6562eacc366e69f7441e93d0b2089b7577a5c7ae52c,conv-48,172,What was one of Jolene's favorite games to play with her mom on the nintendo wii game system?,4,targeted,1,1,SINGLE_CARRIER_SINGLE_SESSION,UNMARKED,True,1,COMPLETE,TIE_COMPLETE,NOT_APPLICABLE,True,1,COMPLETE,TIE_COMPLETE,NOT_APPLICABLE,COMPLETE_BOTH
4050bec28d8fef4657997f39711c3b8ddc40925db53ffb11cb483774297d7089,conv-48,173,What course did Jolene sign up for on 6 September 2023?,4,targeted,1,1,SINGLE_CARRIER_SINGLE_SESSION,UNMARKED,True,1,COMPLETE,TIE_COMPLETE,NOT_APPLICABLE,True,1,COMPLETE,TIE_COMPLETE,NOT_APPLICABLE,COMPLETE_BOTH
46d16c4aa76190fda3a82b7ed3b2c27e6688bb15ccd98427096bd45602d55844,conv-48,174,"Why did Jolene have to reschedule their meeting with Deborah on September 8, 2023?",4,targeted,1,1,SINGLE_CARRIER_SINGLE_SESSION,CAUSAL,True,1,COMPLETE,TIE_COMPLETE,NOT_APPLICABLE,True,1,COMPLETE,TIE_COMPLETE,NOT_APPLICABLE,COMPLETE_BOTH
8ac1505119250a68c0b7496a2561e178f88b859d8af29fdb1bc02fe4ce40d62e,conv-48,175,Where did Jolene and her partner travel for a few weeks in September 2023?,4,targeted,1,1,SINGLE_CARRIER_SINGLE_SESSION,LOCATION,True,1,COMPLETE,TIE_COMPLETE,NOT_APPLICABLE,True,1,COMPLETE,TIE_COMPLETE,NOT_APPLICABLE,COMPLETE_BOTH
aaef0bba941847543076ea29babf553ab671c842b91a367965e828f01a5896b8,conv-48,176,What was the main focus of the session that stood out to Jolene during the retreat?,4,targeted,1,1,SINGLE_CARRIER_SINGLE_SESSION,UNMARKED,True,1,COMPLETE,GAIN,BOTH_CONTROLS,True,1,COMPLETE,GAIN,BOTH_CONTROLS,COMPLETE_BOTH
b1e8977c0c85d803c9400fb2f2fc2816eaf052251d6ceb6d6344097a9c63cc61,conv-48,177,How did Jolene feel about her progress in practicing mindfulness and gratitude?,4,targeted,1,1,SINGLE_CARRIER_SINGLE_SESSION,UNMARKED,True,1,COMPLETE,TIE_COMPLETE,NOT_APPLICABLE,True,1,COMPLETE,TIE_COMPLETE,NOT_APPLICABLE,COMPLETE_BOTH
32f192999d0705a5e7f8b7ce8062615edcd31825efb76bf81ca84d73d93051fc,conv-48,178,What positive change did Jolene experience during the retreat?,4,targeted,1,1,SINGLE_CARRIER_SINGLE_SESSION,UNMARKED,True,1,COMPLETE,TIE_COMPLETE,NOT_APPLICABLE,True,1,COMPLETE,TIE_COMPLETE,NOT_APPLICABLE,COMPLETE_BOTH
a588013a9754b424285eb66413d1d5351682d87d765909d8efdbdaf9c8916174,conv-48,179,What did Jolene recently play that she described to Deb?,4,targeted,1,1,SINGLE_CARRIER_SINGLE_SESSION,UNMARKED,True,1,COMPLETE,GAIN,CC80_ONLY,True,1,COMPLETE,GAIN,CC80_ONLY,COMPLETE_BOTH
6034dff6eb890315383e967c6beea1993a45a70bf4ebfcdf186b81f0d4c4054d,conv-48,180,What did Deborah do with their mom's old friends?,4,targeted,1,1,SINGLE_CARRIER_SINGLE_SESSION,UNMARKED,True,1,COMPLETE,TIE_COMPLETE,NOT_APPLICABLE,True,1,COMPLETE,TIE_COMPLETE,NOT_APPLICABLE,COMPLETE_BOTH
665180dd8d7ac6fed8fd2123869d52b21a0d7bb61614d748feed673cad755020,conv-48,181,Where did Deborah get married?,4,targeted,1,1,SINGLE_CARRIER_SINGLE_SESSION,LOCATION,True,1,COMPLETE,TIE_COMPLETE,NOT_APPLICABLE,True,1,COMPLETE,TIE_COMPLETE,NOT_APPLICABLE,COMPLETE_BOTH
8cb145b464aefb622c415b755278dba0aacb5110bad70de65420f7c6876700c9,conv-48,182,What does yoga on the beach provide for Deborah?,4,targeted,1,1,SINGLE_CARRIER_SINGLE_SESSION,UNMARKED,True,1,COMPLETE,TIE_COMPLETE,NOT_APPLICABLE,True,1,COMPLETE,TIE_COMPLETE,NOT_APPLICABLE,COMPLETE_BOTH
c6dd15b55a214128281ec84c47b8c6e4f178bb1c1341b4ea0d0bb423f0da9e6a,conv-48,183,How does Jolene describe their home room?,4,targeted,1,1,SINGLE_CARRIER_SINGLE_SESSION,UNMARKED,True,1,COMPLETE,TIE_COMPLETE,NOT_APPLICABLE,True,1,COMPLETE,TIE_COMPLETE,NOT_APPLICABLE,COMPLETE_BOTH
5f1366f26decdae300b4a378f434b4a678863f5229c85e6038103207ec996629,conv-48,184,"What new activity did Deborah and her neighbor organize for the community on 16 September, 2023?",4,targeted,1,1,SINGLE_CARRIER_SINGLE_SESSION,UNMARKED,True,1,COMPLETE,TIE_COMPLETE,NOT_APPLICABLE,True,1,COMPLETE,TIE_COMPLETE,NOT_APPLICABLE,COMPLETE_BOTH
09d5d6c0405f6990baac718c38c7970bb3c90d51adbf9fd58bb5e8a610f5b496,conv-48,185,What was Deborah's mom passionate about?,4,targeted,1,1,SINGLE_CARRIER_SINGLE_SESSION,UNMARKED,True,1,COMPLETE,TIE_COMPLETE,NOT_APPLICABLE,True,1,COMPLETE,TIE_COMPLETE,NOT_APPLICABLE,COMPLETE_BOTH
ef6e1a18108d76e0caf21fee530f4d3a48af326a6c39888b943e50606b689c9e,conv-48,186,What food did Deborah's mom make for her on birthdays?,4,targeted,1,1,SINGLE_CARRIER_SINGLE_SESSION,UNMARKED,True,1,COMPLETE,TIE_COMPLETE,NOT_APPLICABLE,True,1,COMPLETE,TIE_COMPLETE,NOT_APPLICABLE,COMPLETE_BOTH
13f95e5436e58e7115280159897678df5bf8fdc940cc8b3624c2a620e52e2427,conv-48,187,What kind of cookies did Jolene used to bake with someone close to her?,4,targeted,1,1,SINGLE_CARRIER_SINGLE_SESSION,UNMARKED,True,1,COMPLETE,TIE_COMPLETE,NOT_APPLICABLE,True,1,COMPLETE,TIE_COMPLETE,NOT_APPLICABLE,COMPLETE_BOTH
2ca43863fdd8664ef8d6c37f4bebefd396e739a64554e6f5480902ca05cdbd21,conv-48,188,What outdoor activity did Jolene suggest doing together with Deborah?,4,targeted,1,1,SINGLE_CARRIER_SINGLE_SESSION,UNMARKED,True,1,COMPLETE,TIE_COMPLETE,NOT_APPLICABLE,True,1,COMPLETE,TIE_COMPLETE,NOT_APPLICABLE,COMPLETE_BOTH
46cacc0f5e299e5728c5fbcf16ae8227e5c998bf8c7c036eb4c7d5020cbe81c8,conv-48,189,"What activity did Deborah enjoy at the music festival with their pals on September 20, 2023?",4,targeted,1,1,SINGLE_CARRIER_SINGLE_SESSION,UNMARKED,True,1,COMPLETE,TIE_COMPLETE,NOT_APPLICABLE,True,1,COMPLETE,TIE_COMPLETE,NOT_APPLICABLE,COMPLETE_BOTH
a51bfa9688aa5c407f78148344041cfd1cf9bfd9f6f9d3f693248aa1e2c95c5e,conv-48,190,What did Deborah find freeing at the music festival?,4,targeted,1,1,SINGLE_CARRIER_SINGLE_SESSION,UNMARKED,True,1,COMPLETE,TIE_COMPLETE,NOT_APPLICABLE,True,1,COMPLETE,TIE_COMPLETE,NOT_APPLICABLE,COMPLETE_BOTH
cb58c31a0b6d3dfb5958b095304a4e8d762e6acebb2a60d911ac9e53683d7c03,conv-48,191,What are the names of Deborah's snakes?,5,other,2,1,MULTI_CARRIER_ONE_SESSION,ENUMERATION,True,2,COMPLETE,TIE_COMPLETE,NOT_APPLICABLE,True,2,COMPLETE,TIE_COMPLETE,NOT_APPLICABLE,COMPLETE_BOTH
e75cdf6cb90f633ad27595be5dafde60975a8ce1be4eccb8e4a70456b686ca6e,conv-48,192,What are Deborah's favorite books?,5,other,2,1,MULTI_CARRIER_ONE_SESSION,ENUMERATION,False,1,PARTIAL_EVIDENCE,TIE_MISS,NOT_APPLICABLE,True,2,COMPLETE,TIE_COMPLETE,NOT_APPLICABLE,RESCUED_AT_32K
203cd87ffd91055413799c69d905ea62348f2468a980f6a3325612f616f206b6,conv-48,193,Where did Deborah get her dogs?,5,other,2,1,MULTI_CARRIER_ONE_SESSION,LOCATION,True,2,COMPLETE,TIE_COMPLETE,NOT_APPLICABLE,True,2,COMPLETE,TIE_COMPLETE,NOT_APPLICABLE,COMPLETE_BOTH
43068c63b94b84478eedb25cb41fb89e364a6c82a75656e15d1da15b3fcc7f80,conv-48,194,How old are Jolene's cats?,5,other,2,1,MULTI_CARRIER_ONE_SESSION,UNMARKED,True,2,COMPLETE,TIE_COMPLETE,NOT_APPLICABLE,True,2,COMPLETE,TIE_COMPLETE,NOT_APPLICABLE,COMPLETE_BOTH
910de9b3bd0f5e3cd5dbe392a7159dc9c7d9a575703a7a79ba76c181a298c2f3,conv-48,195,When did Deborah's parents give her first console?,5,targeted,1,1,SINGLE_CARRIER_SINGLE_SESSION,TEMPORAL,True,1,COMPLETE,TIE_COMPLETE,NOT_APPLICABLE,True,1,COMPLETE,TIE_COMPLETE,NOT_APPLICABLE,COMPLETE_BOTH
6fc4cfef09c9ad915449226e3fba82873f0190d8cae5874d35ff67936c194e79,conv-48,196,When did Jolene release her pet snake?,5,targeted,1,1,SINGLE_CARRIER_SINGLE_SESSION,TEMPORAL,True,1,COMPLETE,TIE_COMPLETE,NOT_APPLICABLE,True,1,COMPLETE,TIE_COMPLETE,NOT_APPLICABLE,COMPLETE_BOTH
53b28669d2384e5ad7519ce41f74484b9d8bcebd57b398019ce829bfc623c593,conv-48,197,Where did Jolene meet her new friend Anna?,5,targeted,1,1,SINGLE_CARRIER_SINGLE_SESSION,LOCATION,True,1,COMPLETE,TIE_COMPLETE,NOT_APPLICABLE,True,1,COMPLETE,TIE_COMPLETE,NOT_APPLICABLE,COMPLETE_BOTH
5e2906225b5043c7242b46ffcc2b6cdcf2dc713b06428570cc954c586e50647a,conv-48,198,"What is Deborah's favorite book which she mentioned on 4 February, 2023?",5,targeted,1,1,SINGLE_CARRIER_SINGLE_SESSION,ENUMERATION,False,0,ZERO_EVIDENCE,TIE_MISS,NOT_APPLICABLE,True,1,COMPLETE,TIE_COMPLETE,NOT_APPLICABLE,RESCUED_AT_32K
5c4c93d7cc99aa55cfdcffd32f4a0a6b414d2648faf7bbcb7fb0243e3b9110d7,conv-48,199,"What cool stuff did Deborah accomplish at the retreat on 9 February, 2023?",5,targeted,1,1,SINGLE_CARRIER_SINGLE_SESSION,UNMARKED,False,0,ZERO_EVIDENCE,TIE_MISS,NOT_APPLICABLE,True,1,COMPLETE,TIE_COMPLETE,NOT_APPLICABLE,RESCUED_AT_32K
eb333494ee59cbcfcb0cdb051f27baa11ff853207ffcba720b6f2e4bc86f249e,conv-48,200,How does Deborah plan to involve local engineers in her idea of teaching STEM to underprivileged kids?,5,targeted,1,1,SINGLE_CARRIER_SINGLE_SESSION,UNMARKED,True,1,COMPLETE,TIE_COMPLETE,NOT_APPLICABLE,True,1,COMPLETE,TIE_COMPLETE,NOT_APPLICABLE,COMPLETE_BOTH
f23bbab4fa14a0c39d57de9cdf8df599a5f56e7a1deaa6eff9e61aa7539ec0a4,conv-48,201,What gave Deborah anxiety in the garden she visited?,5,targeted,1,1,SINGLE_CARRIER_SINGLE_SESSION,UNMARKED,True,1,COMPLETE,TIE_COMPLETE,NOT_APPLICABLE,True,1,COMPLETE,TIE_COMPLETE,NOT_APPLICABLE,COMPLETE_BOTH
49d3385cc5e2adff17649974783b0fbe3456978d5fa88b21b4e0e58c4a4249db,conv-48,202,Why did Jolene spend time in the garden?,5,targeted,1,1,SINGLE_CARRIER_SINGLE_SESSION,CAUSAL,True,1,COMPLETE,TIE_COMPLETE,NOT_APPLICABLE,True,1,COMPLETE,TIE_COMPLETE,NOT_APPLICABLE,COMPLETE_BOTH
d67d03493326514f40342dd108d82779ad0b69fb20ba895d66b0db0c7b379ee2,conv-48,203,How did Jolene and her rival initially meet?,5,targeted,1,1,SINGLE_CARRIER_SINGLE_SESSION,UNMARKED,True,1,COMPLETE,TIE_COMPLETE,NOT_APPLICABLE,True,1,COMPLETE,TIE_COMPLETE,NOT_APPLICABLE,COMPLETE_BOTH
70415c25a16e0f9a752cd3ee13007d11aeedf2ab5d63342c43e0614670dbb1fe,conv-48,204,What activity does Jolene incorporate into her daily routine after going for a morning jog in the park?,5,targeted,1,1,SINGLE_CARRIER_SINGLE_SESSION,TEMPORAL,True,1,COMPLETE,TIE_COMPLETE,NOT_APPLICABLE,True,1,COMPLETE,TIE_COMPLETE,NOT_APPLICABLE,COMPLETE_BOTH
cb1a53c11685f0569d7233dbfdd4ae9b15f021e106a187720c42d94a67e34669,conv-48,205,What method does Jolene suggest Deborah to try for organizing tasks based on importance and urgency?,5,targeted,1,1,SINGLE_CARRIER_SINGLE_SESSION,UNMARKED,True,1,COMPLETE,TIE_COMPLETE,NOT_APPLICABLE,True,1,COMPLETE,TIE_COMPLETE,NOT_APPLICABLE,COMPLETE_BOTH
613a36700245091df93565ef47e1573b4230ead59e8209d9b63a978585225c2d,conv-48,206,How does Jolene plan to pursue her dream of climbing mountains?,5,targeted,1,1,SINGLE_CARRIER_SINGLE_SESSION,UNMARKED,True,1,COMPLETE,TIE_COMPLETE,NOT_APPLICABLE,True,1,COMPLETE,TIE_COMPLETE,NOT_APPLICABLE,COMPLETE_BOTH
6b0e7ce17934741fc4d59361e409528a48c13abd964a49db958f230b61cca047,conv-48,207,Who are the authors mentioned by Jolene that she enjoys reading during her yoga practice?,5,targeted,1,1,SINGLE_CARRIER_SINGLE_SESSION,UNMARKED,False,0,ZERO_EVIDENCE,TIE_MISS,NOT_APPLICABLE,True,1,COMPLETE,TIE_COMPLETE,NOT_APPLICABLE,RESCUED_AT_32K
0c3ea400b92139c937dfbc5de480f4fc89183a8f01c39c64ef43fa5b68437bae,conv-48,208,"Which show did Jolene go to with a friend on 9 April, 2023?",5,targeted,1,1,SINGLE_CARRIER_SINGLE_SESSION,ENUMERATION,True,1,COMPLETE,TIE_COMPLETE,NOT_APPLICABLE,True,1,COMPLETE,TIE_COMPLETE,NOT_APPLICABLE,COMPLETE_BOTH
deca094b1125816dc3c1d359b0fda3b404cb7116efa1c0089ae231686558929a,conv-48,209,What does Deborah find comforting about going to horror movie screenings?,5,targeted,1,1,SINGLE_CARRIER_SINGLE_SESSION,UNMARKED,True,1,COMPLETE,TIE_COMPLETE,NOT_APPLICABLE,True,1,COMPLETE,TIE_COMPLETE,NOT_APPLICABLE,COMPLETE_BOTH
8d6bbfd1eee31fca46afffd13b4c7f7121031e781f7fc0c5d94b73cd6b54ab72,conv-48,210,How does Deborah describe the time spent with her snakes and partner?,5,targeted,1,1,SINGLE_CARRIER_SINGLE_SESSION,UNMARKED,True,1,COMPLETE,TIE_COMPLETE,NOT_APPLICABLE,True,1,COMPLETE,TIE_COMPLETE,NOT_APPLICABLE,COMPLETE_BOTH
284f2f61c6ab4a475bdec440775c2c36a934777662dddd38f5fb4d0dd5f76eeb,conv-48,211,For how long has Jolene had Lucifer as a pet?,5,targeted,1,1,SINGLE_CARRIER_SINGLE_SESSION,TEMPORAL,True,1,COMPLETE,TIE_COMPLETE,NOT_APPLICABLE,True,1,COMPLETE,TIE_COMPLETE,NOT_APPLICABLE,COMPLETE_BOTH
1a3ad3ecbfa66e62ac4a10673ccb44289fee56c54950fc16d661598471b50f65,conv-48,212,How does Deborah feel when spending time with Seraphim?,5,targeted,1,1,SINGLE_CARRIER_SINGLE_SESSION,TEMPORAL,True,1,COMPLETE,GAIN,CC80_ONLY,True,1,COMPLETE,TIE_COMPLETE,NOT_APPLICABLE,COMPLETE_BOTH
84c29e1ce33ae2b1b94aff646d6c2ada96b8747c24f20c635b79fab41aed178a,conv-48,213,What made being part of the running group easy for Jolene to stay motivated?,5,targeted,1,1,SINGLE_CARRIER_SINGLE_SESSION,UNMARKED,True,1,COMPLETE,TIE_COMPLETE,NOT_APPLICABLE,True,1,COMPLETE,TIE_COMPLETE,NOT_APPLICABLE,COMPLETE_BOTH
2112becfc5ec1705caf78e17640a03dc3bd6cf65179b4c682cd21f5f93d69afb,conv-48,214,Why did Jolene decide to get a tarantula as a pet?,5,targeted,1,1,SINGLE_CARRIER_SINGLE_SESSION,CAUSAL,True,1,COMPLETE,TIE_COMPLETE,NOT_APPLICABLE,True,1,COMPLETE,TIE_COMPLETE,NOT_APPLICABLE,COMPLETE_BOTH
25b36410abb9d0c7568c64e3492862468e366fad7da1a101fe3fed978dc59b58,conv-48,215,"How did Deborah come to have her pet, Susie?",5,targeted,1,1,SINGLE_CARRIER_SINGLE_SESSION,UNMARKED,True,1,COMPLETE,TIE_COMPLETE,NOT_APPLICABLE,True,1,COMPLETE,TIE_COMPLETE,NOT_APPLICABLE,COMPLETE_BOTH
7a1c2c3bf34ef36c2e54a6fc1a851a63e542fd29a84f23c875cf68a7236ccc1e,conv-48,216,What did Deborah design inspired by their love for space and engines?,5,targeted,1,1,SINGLE_CARRIER_SINGLE_SESSION,UNMARKED,True,1,COMPLETE,TIE_COMPLETE,NOT_APPLICABLE,True,1,COMPLETE,TIE_COMPLETE,NOT_APPLICABLE,COMPLETE_BOTH
ed35d7c5f50a42cd9d85b7bbdd97881b5388bdc725ed3139c3b25ff210f370e2,conv-48,217,What journal has Deborah been using to help track tasks and stay organized?,5,targeted,1,1,SINGLE_CARRIER_SINGLE_SESSION,UNMARKED,True,1,COMPLETE,TIE_COMPLETE,NOT_APPLICABLE,True,1,COMPLETE,TIE_COMPLETE,NOT_APPLICABLE,COMPLETE_BOTH
4a35315eceaa0c7d508450e8a70e13b3d05b3cf64343f1595f835c28292bd382,conv-48,218,What game did Jolene recommend to Deborah for being thrilling and intense?,5,targeted,1,1,SINGLE_CARRIER_SINGLE_SESSION,UNMARKED,True,1,COMPLETE,TIE_COMPLETE,NOT_APPLICABLE,True,1,COMPLETE,TIE_COMPLETE,NOT_APPLICABLE,COMPLETE_BOTH
e09412d68f3fab95f5954f7012aac9144792fe27578b31286e5677de1174d69e,conv-48,219,What game did Deborah suggest as an awesome open-world game for the Nintendo Switch?,5,targeted,1,1,SINGLE_CARRIER_SINGLE_SESSION,UNMARKED,True,1,COMPLETE,TIE_COMPLETE,NOT_APPLICABLE,True,1,COMPLETE,TIE_COMPLETE,NOT_APPLICABLE,COMPLETE_BOTH
4e1c16cba2b70dff2b404af312157eca9a03aac7a80490c2d4cb9d275e23ef92,conv-48,220,What is special about the bench at the park near Jolene's house?,5,targeted,1,1,SINGLE_CARRIER_SINGLE_SESSION,UNMARKED,True,1,COMPLETE,TIE_COMPLETE,NOT_APPLICABLE,True,1,COMPLETE,TIE_COMPLETE,NOT_APPLICABLE,COMPLETE_BOTH
dad53a0b3c0cf4531ba0a453080e28738b9669970beb1e4274a0f1091594d136,conv-48,221,What did Jolene and her mom chat about at their special bench in the park?,5,targeted,1,1,SINGLE_CARRIER_SINGLE_SESSION,UNMARKED,True,1,COMPLETE,TIE_COMPLETE,NOT_APPLICABLE,True,1,COMPLETE,TIE_COMPLETE,NOT_APPLICABLE,COMPLETE_BOTH
1ce26e69cb7b5f1f6750d8a98ac104321c1d6340d55c5164ec0d2625c962a7b1,conv-48,222,How did Deborah feel after receiving positive feedback at the virtual conference?,5,targeted,1,1,SINGLE_CARRIER_SINGLE_SESSION,TEMPORAL,True,1,COMPLETE,TIE_COMPLETE,NOT_APPLICABLE,True,1,COMPLETE,TIE_COMPLETE,NOT_APPLICABLE,COMPLETE_BOTH
e076157a670b03aa1ffe8ec253f5830c723343f6ced9b10b902c41dd973e36ae,conv-48,223,What kind of event did Deborah present at recently?,5,targeted,1,1,SINGLE_CARRIER_SINGLE_SESSION,UNMARKED,True,1,COMPLETE,TIE_COMPLETE,NOT_APPLICABLE,True,1,COMPLETE,TIE_COMPLETE,NOT_APPLICABLE,COMPLETE_BOTH
13c19b8d93a465c21b9a9892c508e64ae7429f9607db045a29bacb7ef33059ae,conv-48,224,"What did Deborah's mom stress the value of, which she wants to keep in mind for her engineering projects?",5,targeted,1,1,SINGLE_CARRIER_SINGLE_SESSION,ENUMERATION,True,1,COMPLETE,TIE_COMPLETE,NOT_APPLICABLE,True,1,COMPLETE,TIE_COMPLETE,NOT_APPLICABLE,COMPLETE_BOTH
d3fd7d76a5877ef4479bef6306edb546a3b22ccc7d81130450f97ebcd94f1d2b,conv-48,225,What type of projects is Deborah interested in getting involved in the future?,5,targeted,1,1,SINGLE_CARRIER_SINGLE_SESSION,UNMARKED,True,1,COMPLETE,TIE_COMPLETE,NOT_APPLICABLE,True,1,COMPLETE,TIE_COMPLETE,NOT_APPLICABLE,COMPLETE_BOTH
fb9222a2b3256f00c673c27900930e1b423ebbbf4bbec88088d8ddd93244eeb2,conv-48,226,"How did Jolene get Luna, one of her cats?",5,targeted,1,1,SINGLE_CARRIER_SINGLE_SESSION,UNMARKED,True,1,COMPLETE,TIE_COMPLETE,NOT_APPLICABLE,True,1,COMPLETE,TIE_COMPLETE,NOT_APPLICABLE,COMPLETE_BOTH
435775422a4437ac19ad07e5bead1dea816b52dc36a890c9dd1da4d60f2c266b,conv-48,227,"What type of classes did Deborah and her partner check out during their trip to Rio de Janeiro on 30 August, 2023?",5,targeted,1,1,SINGLE_CARRIER_SINGLE_SESSION,UNMARKED,True,1,COMPLETE,TIE_COMPLETE,NOT_APPLICABLE,True,1,COMPLETE,TIE_COMPLETE,NOT_APPLICABLE,COMPLETE_BOTH
c244b3cbaf33f1db1a3a8ab01a18abd9c55073309887d689936f1ee10eb59336,conv-48,228,"Why did Deborah get the new plant on 30 August, 2023?",5,targeted,1,1,SINGLE_CARRIER_SINGLE_SESSION,CAUSAL,True,1,COMPLETE,TIE_COMPLETE,NOT_APPLICABLE,True,1,COMPLETE,TIE_COMPLETE,NOT_APPLICABLE,COMPLETE_BOTH
a36d682e132882f017b92229666b85e86658056cc018f9011faa83607b61014d,conv-48,229,How did Jolene's mom support her yoga practice when she first started?,5,targeted,1,1,SINGLE_CARRIER_SINGLE_SESSION,TEMPORAL,True,1,COMPLETE,TIE_COMPLETE,NOT_APPLICABLE,True,1,COMPLETE,TIE_COMPLETE,NOT_APPLICABLE,COMPLETE_BOTH
c900a8f9029538afc86ee84aa232b26e873c3b3581f216cdce90422ec27d8f9b,conv-48,230,What was the video game console that Deborah's parents got her at age 10?,5,targeted,1,1,SINGLE_CARRIER_SINGLE_SESSION,UNMARKED,True,1,COMPLETE,TIE_COMPLETE,NOT_APPLICABLE,True,1,COMPLETE,TIE_COMPLETE,NOT_APPLICABLE,COMPLETE_BOTH
55d37def282ec957fb2985876aa4757c6d05e7ab8d3716927389bab505036581,conv-48,231,What was one of Deborah's favorite games to play with her mom on the PlayStation game system?,5,targeted,1,1,SINGLE_CARRIER_SINGLE_SESSION,UNMARKED,True,1,COMPLETE,TIE_COMPLETE,NOT_APPLICABLE,True,1,COMPLETE,TIE_COMPLETE,NOT_APPLICABLE,COMPLETE_BOTH
534b5d3b41067844f273f509b01fc1adbd251598f3496b6f4f5312d2f85f5af8,conv-48,232,Where did Deborah and her partner travel for a few weeks in September 2023?,5,targeted,1,1,SINGLE_CARRIER_SINGLE_SESSION,LOCATION,True,1,COMPLETE,TIE_COMPLETE,NOT_APPLICABLE,True,1,COMPLETE,TIE_COMPLETE,NOT_APPLICABLE,COMPLETE_BOTH
c20249e03a81f1c7eedbbaaf2e0cc72fbc4ac539a3f13727b01328f1ceef0cec,conv-48,233,What did Jolene do with their mom's old friends?,5,targeted,1,1,SINGLE_CARRIER_SINGLE_SESSION,UNMARKED,True,1,COMPLETE,TIE_COMPLETE,NOT_APPLICABLE,True,1,COMPLETE,TIE_COMPLETE,NOT_APPLICABLE,COMPLETE_BOTH
9c2211bfe4a3ec843770c61d3b68d866db6ccc02e8effec6d386f421b94cc7fa,conv-48,234,Where did Jolene get married?,5,targeted,1,1,SINGLE_CARRIER_SINGLE_SESSION,LOCATION,True,1,COMPLETE,TIE_COMPLETE,NOT_APPLICABLE,True,1,COMPLETE,TIE_COMPLETE,NOT_APPLICABLE,COMPLETE_BOTH
a4978e92f4f77283dbd4bd460c89bbc5ed2545d5e6dd0c619f0bbf9cab10813f,conv-48,235,"What new activity did Jolene and her neighbor organize for the community on 16 September, 2023?",5,targeted,1,1,SINGLE_CARRIER_SINGLE_SESSION,UNMARKED,True,1,COMPLETE,TIE_COMPLETE,NOT_APPLICABLE,True,1,COMPLETE,TIE_COMPLETE,NOT_APPLICABLE,COMPLETE_BOTH
807e37f8ab0febd87afd6db8cfe04d8e92c5ffca83dc368df57e51544f296a8c,conv-48,236,What food did Jolene's mom make for her on holidays?,5,targeted,1,1,SINGLE_CARRIER_SINGLE_SESSION,UNMARKED,True,1,COMPLETE,TIE_COMPLETE,NOT_APPLICABLE,True,1,COMPLETE,TIE_COMPLETE,NOT_APPLICABLE,COMPLETE_BOTH
7ad881106513a3445ffcae63d5c236c0119fad38093ab2fd8445e5682bb0b879,conv-48,237,What kind of cookies did Deborah used to bake with someone close to her?,5,targeted,1,1,SINGLE_CARRIER_SINGLE_SESSION,UNMARKED,True,1,COMPLETE,TIE_COMPLETE,NOT_APPLICABLE,True,1,COMPLETE,TIE_COMPLETE,NOT_APPLICABLE,COMPLETE_BOTH
32ac06a0b932b227e4420cd542a6a81667a7d235367acdf4232353f9c18a0e4c,conv-48,238,"What activity did Jolene enjoy at the music festival with their pals on September 20, 2023?",5,targeted,1,1,SINGLE_CARRIER_SINGLE_SESSION,UNMARKED,True,1,COMPLETE,TIE_COMPLETE,NOT_APPLICABLE,True,1,COMPLETE,TIE_COMPLETE,NOT_APPLICABLE,COMPLETE_BOTH
