[study/unified-contextual-memory 1e5499be] Seal unified-memory reader and judge calibration
 41 files changed, 2347 insertions(+)
 create mode 100644 experiments/unified_contextual_memory/artifacts/subset/calibration/arithmetic_0.json
 create mode 100644 experiments/unified_contextual_memory/artifacts/subset/calibration/arithmetic_0.request.json
 create mode 100644 experiments/unified_contextual_memory/artifacts/subset/calibration/arithmetic_1.json
 create mode 100644 experiments/unified_contextual_memory/artifacts/subset/calibration/arithmetic_1.request.json
 create mode 100644 experiments/unified_contextual_memory/artifacts/subset/calibration/complete.json
 create mode 100644 experiments/unified_contextual_memory/artifacts/subset/calibration/judge_0_9100.json
 create mode 100644 experiments/unified_contextual_memory/artifacts/subset/calibration/judge_0_9100.request.json
 create mode 100644 experiments/unified_contextual_memory/artifacts/subset/calibration/judge_0_9101.json
 create mode 100644 experiments/unified_contextual_memory/artifacts/subset/calibration/judge_0_9101.request.json
 create mode 100644 experiments/unified_contextual_memory/artifacts/subset/calibration/judge_0_9102.json
 create mode 100644 experiments/unified_contextual_memory/artifacts/subset/calibration/judge_0_9102.request.json
 create mode 100644 experiments/unified_contextual_memory/artifacts/subset/calibration/judge_1_9100.json
 create mode 100644 experiments/unified_contextual_memory/artifacts/subset/calibration/judge_1_9100.request.json
 create mode 100644 experiments/unified_contextual_memory/artifacts/subset/calibration/judge_1_9101.json
 create mode 100644 experiments/unified_contextual_memory/artifacts/subset/calibration/judge_1_9101.request.json
 create mode 100644 experiments/unified_contextual_memory/artifacts/subset/calibration/judge_1_9102.json
 create mode 100644 experiments/unified_contextual_memory/artifacts/subset/calibration/judge_1_9102.request.json
 create mode 100644 experiments/unified_contextual_memory/artifacts/subset/calibration/judge_2_9100.json
 create mode 100644 experiments/unified_contextual_memory/artifacts/subset/calibration/judge_2_9100.request.json
 create mode 100644 experiments/unified_contextual_memory/artifacts/subset/calibration/judge_2_9101.json
 create mode 100644 experiments/unified_contextual_memory/artifacts/subset/calibration/judge_2_9101.request.json
 create mode 100644 experiments/unified_contextual_memory/artifacts/subset/calibration/judge_2_9102.json
 create mode 100644 experiments/unified_contextual_memory/artifacts/subset/calibration/judge_2_9102.request.json
 create mode 100644 experiments/unified_contextual_memory/artifacts/subset/calibration/judge_3_9100.json
 create mode 100644 experiments/unified_contextual_memory/artifacts/subset/calibration/judge_3_9100.request.json
 create mode 100644 experiments/unified_contextual_memory/artifacts/subset/calibration/judge_3_9101.json
 create mode 100644 experiments/unified_contextual_memory/artifacts/subset/calibration/judge_3_9101.request.json
 create mode 100644 experiments/unified_contextual_memory/artifacts/subset/calibration/judge_3_9102.json
 create mode 100644 experiments/unified_contextual_memory/artifacts/subset/calibration/judge_3_9102.request.json
 create mode 100644 experiments/unified_contextual_memory/artifacts/subset/calibration/judge_4_9100.json
 create mode 100644 experiments/unified_contextual_memory/artifacts/subset/calibration/judge_4_9100.request.json
 create mode 100644 experiments/unified_contextual_memory/artifacts/subset/calibration/judge_4_9101.json
 create mode 100644 experiments/unified_contextual_memory/artifacts/subset/calibration/judge_4_9101.request.json
 create mode 100644 experiments/unified_contextual_memory/artifacts/subset/calibration/judge_4_9102.json
 create mode 100644 experiments/unified_contextual_memory/artifacts/subset/calibration/judge_4_9102.request.json
 create mode 100644 experiments/unified_contextual_memory/artifacts/subset/calibration/judge_5_9100.json
 create mode 100644 experiments/unified_contextual_memory/artifacts/subset/calibration/judge_5_9100.request.json
 create mode 100644 experiments/unified_contextual_memory/artifacts/subset/calibration/judge_5_9101.json
 create mode 100644 experiments/unified_contextual_memory/artifacts/subset/calibration/judge_5_9101.request.json
 create mode 100644 experiments/unified_contextual_memory/artifacts/subset/calibration/judge_5_9102.json
 create mode 100644 experiments/unified_contextual_memory/artifacts/subset/calibration/judge_5_9102.request.json
[study/unified-contextual-memory 3c67e825] Seal arm-blind unified-memory judge surface
 2 files changed, 0 insertions(+), 0 deletions(-)
 create mode 100644 experiments/unified_contextual_memory/artifacts/evaluation/blind_surface.jsonl.gz
 create mode 100644 experiments/unified_contextual_memory/artifacts/evaluation/measurement_links.jsonl.gz
[study/unified-contextual-memory 2ec10838] Seal all unified-memory judgments before vote aggregation
 5713 files changed, 334158 insertions(+)
 create mode 100644 experiments/unified_contextual_memory/artifacts/evaluation/judge_complete.json
 create mode 100644 experiments/unified_contextual_memory/artifacts/evaluation/judges/0002c976f40ece320d63fee588eaa6bd9bb02734246d9152a48a33b841f5a3e9_9100.json
 create mode 100644 experiments/unified_contextual_memory/artifacts/evaluation/judges/0002c976f40ece320d63fee588eaa6bd9bb02734246d9152a48a33b841f5a3e9_9100.request.json
 create mode 100644 experiments/unified_contextual_memory/artifacts/evaluation/judges/0002c976f40ece320d63fee588eaa6bd9bb02734246d9152a48a33b841f5a3e9_9101.json
 create mode 100644 experiments/unified_contextual_memory/artifacts/evaluation/judges/0002c976f40ece320d63fee588eaa6bd9bb02734246d9152a48a33b841f5a3e9_9101.request.json
 create mode 100644 experiments/unified_contextual_memory/artifacts/evaluation/judges/0002c976f40ece320d63fee588eaa6bd9bb02734246d9152a48a33b841f5a3e9_9102.json
 create mode 100644 experiments/unified_contextual_memory/artifacts/evaluation/judges/0002c976f40ece320d63fee588eaa6bd9bb02734246d9152a48a33b841f5a3e9_9102.request.json
 create mode 100644 experiments/unified_contextual_memory/artifacts/evaluation/judges/0002c976f40ece320d63fee588eaa6bd9bb02734246d9152a48a33b841f5a3e9_9200.json
 create mode 100644 experiments/unified_contextual_memory/artifacts/evaluation/judges/0002c976f40ece320d63fee588eaa6bd9bb02734246d9152a48a33b841f5a3e9_9200.request.json
 create mode 100644 experiments/unified_contextual_memory/artifacts/evaluation/judges/00506da6c0649c15955e370fd7f483a6f5e93dad65721bde1e101d57d57b41a5_9100.json
 create mode 100644 experiments/unified_contextual_memory/artifacts/evaluation/judges/00506da6c0649c15955e370fd7f483a6f5e93dad65721bde1e101d57d57b41a5_9100.request.json
 create mode 100644 experiments/unified_contextual_memory/artifacts/evaluation/judges/00506da6c0649c15955e370fd7f483a6f5e93dad65721bde1e101d57d57b41a5_9101.json
 create mode 100644 experiments/unified_contextual_memory/artifacts/evaluation/judges/00506da6c0649c15955e370fd7f483a6f5e93dad65721bde1e101d57d57b41a5_9101.request.json
 create mode 100644 experiments/unified_contextual_memory/artifacts/evaluation/judges/00506da6c0649c15955e370fd7f483a6f5e93dad65721bde1e101d57d57b41a5_9102.json
 create mode 100644 experiments/unified_contextual_memory/artifacts/evaluation/judges/00506da6c0649c15955e370fd7f483a6f5e93dad65721bde1e101d57d57b41a5_9102.request.json
 create mode 100644 experiments/unified_contextual_memory/artifacts/evaluation/judges/00506da6c0649c15955e370fd7f483a6f5e93dad65721bde1e101d57d57b41a5_9200.json
 create mode 100644 experiments/unified_contextual_memory/artifacts/evaluation/judges/00506da6c0649c15955e370fd7f483a6f5e93dad65721bde1e101d57d57b41a5_9200.request.json
 create mode 100644 experiments/unified_contextual_memory/artifacts/evaluation/judges/00a8f5b139cdfc7be955861454f2f43505c686818420c9d651cb8cb9bba85684_9100.json
 create mode 100644 experiments/unified_contextual_memory/artifacts/evaluation/judges/00a8f5b139cdfc7be955861454f2f43505c686818420c9d651cb8cb9bba85684_9100.request.json
 create mode 100644 experiments/unified_contextual_memory/artifacts/evaluation/judges/00a8f5b139cdfc7be955861454f2f43505c686818420c9d651cb8cb9bba85684_9101.json
 create mode 100644 experiments/unified_contextual_memory/artifacts/evaluation/judges/00a8f5b139cdfc7be955861454f2f43505c686818420c9d651cb8cb9bba85684_9101.request.json
 create mode 100644 experiments/unified_contextual_memory/artifacts/evaluation/judges/00a8f5b139cdfc7be955861454f2f43505c686818420c9d651cb8cb9bba85684_9102.json
 create mode 100644 experiments/unified_contextual_memory/artifacts/evaluation/judges/00a8f5b139cdfc7be955861454f2f43505c686818420c9d651cb8cb9bba85684_9102.request.json
 create mode 100644 experiments/unified_contextual_memory/artifacts/evaluation/judges/00a8f5b139cdfc7be955861454f2f43505c686818420c9d651cb8cb9bba85684_9200.json
 create mode 100644 experiments/unified_contextual_memory/artifacts/evaluation/judges/00a8f5b139cdfc7be955861454f2f43505c686818420c9d651cb8cb9bba85684_9200.request.json
 create mode 100644 experiments/unified_contextual_memory/artifacts/evaluation/judges/01147998913655a2814a2b0cdf5a2c185f6e1aebc3a2fd0a2f1952d91c22cd01_9100.json
 create mode 100644 experiments/unified_contextual_memory/artifacts/evaluation/judges/01147998913655a2814a2b0cdf5a2c185f6e1aebc3a2fd0a2f1952d91c22cd01_9100.request.json
 create mode 100644 experiments/unified_contextual_memory/artifacts/evaluation/judges/01147998913655a2814a2b0cdf5a2c185f6e1aebc3a2fd0a2f1952d91c22cd01_9101.json
 create mode 100644 experiments/unified_contextual_memory/artifacts/evaluation/judges/01147998913655a2814a2b0cdf5a2c185f6e1aebc3a2fd0a2f1952d91c22cd01_9101.request.json
 create mode 100644 experiments/unified_contextual_memory/artifacts/evaluation/judges/01147998913655a2814a2b0cdf5a2c185f6e1aebc3a2fd0a2f1952d91c22cd01_9102.json
 create mode 100644 experiments/unified_contextual_memory/artifacts/evaluation/judges/01147998913655a2814a2b0cdf5a2c185f6e1aebc3a2fd0a2f1952d91c22cd01_9102.request.json
 create mode 100644 experiments/unified_contextual_memory/artifacts/evaluation/judges/01147998913655a2814a2b0cdf5a2c185f6e1aebc3a2fd0a2f1952d91c22cd01_9200.json
 create mode 100644 experiments/unified_contextual_memory/artifacts/evaluation/judges/01147998913655a2814a2b0cdf5a2c185f6e1aebc3a2fd0a2f1952d91c22cd01_9200.request.json
 create mode 100644 experiments/unified_contextual_memory/artifacts/evaluation/judges/017019015a0265e77dcee87035e263c975caa8cc54c8b3cb8660d411488a6de8_9100.json
 create mode 100644 experiments/unified_contextual_memory/artifacts/evaluation/judges/017019015a0265e77dcee87035e263c975caa8cc54c8b3cb8660d411488a6de8_9100.request.json
 create mode 100644 experiments/unified_contextual_memory/artifacts/evaluation/judges/017019015a0265e77dcee87035e263c975caa8cc54c8b3cb8660d411488a6de8_9101.json
 create mode 100644 experiments/unified_contextual_memory/artifacts/evaluation/judges/017019015a0265e77dcee87035e263c975caa8cc54c8b3cb8660d411488a6de8_9101.request.json
 create mode 100644 experiments/unified_contextual_memory/artifacts/evaluation/judges/017019015a0265e77dcee87035e263c975caa8cc54c8b3cb8660d411488a6de8_9102.json
 create mode 100644 experiments/unified_contextual_memory/artifacts/evaluation/judges/017019015a0265e77dcee87035e263c975caa8cc54c8b3cb8660d411488a6de8_9102.request.json
 create mode 100644 experiments/unified_contextual_memory/artifacts/evaluation/judges/017019015a0265e77dcee87035e263c975caa8cc54c8b3cb8660d411488a6de8_9200.json
 create mode 100644 experiments/unified_contextual_memory/artifacts/evaluation/judges/017019015a0265e77dcee87035e263c975caa8cc54c8b3cb8660d411488a6de8_9200.request.json
 create mode 100644 experiments/unified_contextual_memory/artifacts/evaluation/judges/01976740547045aaa49075c8aca02af7aaa38d08b1770ddc679115c66f82b72f_9100.json
 create mode 100644 experiments/unified_contextual_memory/artifacts/evaluation/judges/01976740547045aaa49075c8aca02af7aaa38d08b1770ddc679115c66f82b72f_9100.request.json
 create mode 100644 experiments/unified_contextual_memory/artifacts/evaluation/judges/01976740547045aaa49075c8aca02af7aaa38d08b1770ddc679115c66f82b72f_9101.json
 create mode 100644 experiments/unified_contextual_memory/artifacts/evaluation/judges/01976740547045aaa49075c8aca02af7aaa38d08b1770ddc679115c66f82b72f_9101.request.json
 create mode 100644 experiments/unified_contextual_memory/artifacts/evaluation/judges/01976740547045aaa49075c8aca02af7aaa38d08b1770ddc679115c66f82b72f_9102.json
 create mode 100644 experiments/unified_contextual_memory/artifacts/evaluation/judges/01976740547045aaa49075c8aca02af7aaa38d08b1770ddc679115c66f82b72f_9102.request.json
 create mode 100644 experiments/unified_contextual_memory/artifacts/evaluation/judges/01976740547045aaa49075c8aca02af7aaa38d08b1770ddc679115c66f82b72f_9200.json
 create mode 100644 experiments/unified_contextual_memory/artifacts/evaluation/judges/01976740547045aaa49075c8aca02af7aaa38d08b1770ddc679115c66f82b72f_9200.request.json
 create mode 100644 experiments/unified_contextual_memory/artifacts/evaluation/judges/02730ae721f7c95ff803bff4689c31d3cf29fa11b2f3373c5b3f7c4f443b823f_9100.json
 create mode 100644 experiments/unified_contextual_memory/artifacts/evaluation/judges/02730ae721f7c95ff803bff4689c31d3cf29fa11b2f3373c5b3f7c4f443b823f_9100.request.json
 create mode 100644 experiments/unified_contextual_memory/artifacts/evaluation/judges/02730ae721f7c95ff803bff4689c31d3cf29fa11b2f3373c5b3f7c4f443b823f_9101.json
 create mode 100644 experiments/unified_contextual_memory/artifacts/evaluation/judges/02730ae721f7c95ff803bff4689c31d3cf29fa11b2f3373c5b3f7c4f443b823f_9101.request.json
 create mode 100644 experiments/unified_contextual_memory/artifacts/evaluation/judges/02730ae721f7c95ff803bff4689c31d3cf29fa11b2f3373c5b3f7c4f443b823f_9102.json
 create mode 100644 experiments/unified_contextual_memory/artifacts/evaluation/judges/02730ae721f7c95ff803bff4689c31d3cf29fa11b2f3373c5b3f7c4f443b823f_9102.request.json
 create mode 100644 experiments/unified_contextual_memory/artifacts/evaluation/judges/02730ae721f7c95ff803bff4689c31d3cf29fa11b2f3373c5b3f7c4f443b823f_9200.json
 create mode 100644 experiments/unified_contextual_memory/artifacts/evaluation/judges/02730ae721f7c95ff803bff4689c31d3cf29fa11b2f3373c5b3f7c4f443b823f_9200.request.json
 create mode 100644 experiments/unified_contextual_memory/artifacts/evaluation/judges/02d19b69fd15bcda67f20ea4b94c2d0b6bc17902632eb01b873ba43c9d63acb5_9100.json
 create mode 100644 experiments/unified_contextual_memory/artifacts/evaluation/judges/02d19b69fd15bcda67f20ea4b94c2d0b6bc17902632eb01b873ba43c9d63acb5_9100.request.json
 create mode 100644 experiments/unified_contextual_memory/artifacts/evaluation/judges/02d19b69fd15bcda67f20ea4b94c2d0b6bc17902632eb01b873ba43c9d63acb5_9101.json
 create mode 100644 experiments/unified_contextual_memory/artifacts/evaluation/judges/02d19b69fd15bcda67f20ea4b94c2d0b6bc17902632eb01b873ba43c9d63acb5_9101.request.json
 create mode 100644 experiments/unified_contextual_memory/artifacts/evaluation/judges/02d19b69fd15bcda67f20ea4b94c2d0b6bc17902632eb01b873ba43c9d63acb5_9102.json
 create mode 100644 experiments/unified_contextual_memory/artifacts/evaluation/judges/02d19b69fd15bcda67f20ea4b94c2d0b6bc17902632eb01b873ba43c9d63acb5_9102.request.json
 create mode 100644 experiments/unified_contextual_memory/artifacts/evaluation/judges/02d19b69fd15bcda67f20ea4b94c2d0b6bc17902632eb01b873ba43c9d63acb5_9200.json
 create mode 100644 experiments/unified_contextual_memory/artifacts/evaluation/judges/02d19b69fd15bcda67f20ea4b94c2d0b6bc17902632eb01b873ba43c9d63acb5_9200.request.json
 create mode 100644 experiments/unified_contextual_memory/artifacts/evaluation/judges/03a7c29fdcd1d60459934e2687066eaf487f33e1a0dc67cf32da936ce8b3b413_9100.json
 create mode 100644 experiments/unified_contextual_memory/artifacts/evaluation/judges/03a7c29fdcd1d60459934e2687066eaf487f33e1a0dc67cf32da936ce8b3b413_9100.request.json
 create mode 100644 experiments/unified_contextual_memory/artifacts/evaluation/judges/03a7c29fdcd1d60459934e2687066eaf487f33e1a0dc67cf32da936ce8b3b413_9101.json
 create mode 100644 experiments/unified_contextual_memory/artifacts/evaluation/judges/03a7c29fdcd1d60459934e2687066eaf487f33e1a0dc67cf32da936ce8b3b413_9101.request.json
 create mode 100644 experiments/unified_contextual_memory/artifacts/evaluation/judges/03a7c29fdcd1d60459934e2687066eaf487f33e1a0dc67cf32da936ce8b3b413_9102.json
 create mode 100644 experiments/unified_contextual_memory/artifacts/evaluation/judges/03a7c29fdcd1d60459934e2687066eaf487f33e1a0dc67cf32da936ce8b3b413_9102.request.json
 create mode 100644 experiments/unified_contextual_memory/artifacts/evaluation/judges/03a7c29fdcd1d60459934e2687066eaf487f33e1a0dc67cf32da936ce8b3b413_9200.json
 create mode 100644 experiments/unified_contextual_memory/artifacts/evaluation/judges/03a7c29fdcd1d60459934e2687066eaf487f33e1a0dc67cf32da936ce8b3b413_9200.request.json
 create mode 100644 experiments/unified_contextual_memory/artifacts/evaluation/judges/03d64d8545fe39313873da0e134871c7cf39f175b26dc90f458cb7c0a458a172_9100.json
 create mode 100644 experiments/unified_contextual_memory/artifacts/evaluation/judges/03d64d8545fe39313873da0e134871c7cf39f175b26dc90f458cb7c0a458a172_9100.request.json
 create mode 100644 experiments/unified_contextual_memory/artifacts/evaluation/judges/03d64d8545fe39313873da0e134871c7cf39f175b26dc90f458cb7c0a458a172_9101.json
 create mode 100644 experiments/unified_contextual_memory/artifacts/evaluation/judges/03d64d8545fe39313873da0e134871c7cf39f175b26dc90f458cb7c0a458a172_9101.request.json
 create mode 100644 experiments/unified_contextual_memory/artifacts/evaluation/judges/03d64d8545fe39313873da0e134871c7cf39f175b26dc90f458cb7c0a458a172_9102.json
 create mode 100644 experiments/unified_contextual_memory/artifacts/evaluation/judges/03d64d8545fe39313873da0e134871c7cf39f175b26dc90f458cb7c0a458a172_9102.request.json
 create mode 100644 experiments/unified_contextual_memory/artifacts/evaluation/judges/03d64d8545fe39313873da0e134871c7cf39f175b26dc90f458cb7c0a458a172_9200.json
 create mode 100644 experiments/unified_contextual_memory/artifacts/evaluation/judges/03d64d8545fe39313873da0e134871c7cf39f175b26dc90f458cb7c0a458a172_9200.request.json
 create mode 100644 experiments/unified_contextual_memory/artifacts/evaluation/judges/040ebbd7ac62cf2fbdcb7aec03922cd516237b2eb04faab9c89254df6ac0e400_9100.json
 create mode 100644 experiments/unified_contextual_memory/artifacts/evaluation/judges/040ebbd7ac62cf2fbdcb7aec03922cd516237b2eb04faab9c89254df6ac0e400_9100.request.json
 create mode 100644 experiments/unified_contextual_memory/artifacts/evaluation/judges/040ebbd7ac62cf2fbdcb7aec03922cd516237b2eb04faab9c89254df6ac0e400_9101.json
 create mode 100644 experiments/unified_contextual_memory/artifacts/evaluation/judges/040ebbd7ac62cf2fbdcb7aec03922cd516237b2eb04faab9c89254df6ac0e400_9101.request.json
 create mode 100644 experiments/unified_contextual_memory/artifacts/evaluation/judges/040ebbd7ac62cf2fbdcb7aec03922cd516237b2eb04faab9c89254df6ac0e400_9102.json
 create mode 100644 experiments/unified_contextual_memory/artifacts/evaluation/judges/040ebbd7ac62cf2fbdcb7aec03922cd516237b2eb04faab9c89254df6ac0e400_9102.request.json
 create mode 100644 experiments/unified_contextual_memory/artifacts/evaluation/judges/040ebbd7ac62cf2fbdcb7aec03922cd516237b2eb04faab9c89254df6ac0e400_9200.json
 create mode 100644 experiments/unified_contextual_memory/artifacts/evaluation/judges/040ebbd7ac62cf2fbdcb7aec03922cd516237b2eb04faab9c89254df6ac0e400_9200.request.json
 create mode 100644 experiments/unified_contextual_memory/artifacts/evaluation/judges/04322de54b8b5de09a8674d8062881b1fa19af9373f9cc9ac325b798cbb2b2bb_9100.json
 create mode 100644 experiments/unified_contextual_memory/artifacts/evaluation/judges/04322de54b8b5de09a8674d8062881b1fa19af9373f9cc9ac325b798cbb2b2bb_9100.request.json
 create mode 100644 experiments/unified_contextual_memory/artifacts/evaluation/judges/04322de54b8b5de09a8674d8062881b1fa19af9373f9cc9ac325b798cbb2b2bb_9101.json
 create mode 100644 experiments/unified_contextual_memory/artifacts/evaluation/judges/04322de54b8b5de09a8674d8062881b1fa19af9373f9cc9ac325b798cbb2b2bb_9101.request.json
 create mode 100644 experiments/unified_contextual_memory/artifacts/evaluation/judges/04322de54b8b5de09a8674d8062881b1fa19af9373f9cc9ac325b798cbb2b2bb_9102.json
 create mode 100644 experiments/unified_contextual_memory/artifacts/evaluation/judges/04322de54b8b5de09a8674d8062881b1fa19af9373f9cc9ac325b798cbb2b2bb_9102.request.json
 create mode 100644 experiments/unified_contextual_memory/artifacts/evaluation/judges/04322de54b8b5de09a8674d8062881b1fa19af9373f9cc9ac325b798cbb2b2bb_9200.json
 create mode 100644 experiments/unified_contextual_memory/artifacts/evaluation/judges/04322de54b8b5de09a8674d8062881b1fa19af9373f9cc9ac325b798cbb2b2bb_9200.request.json
 create mode 100644 experiments/unified_contextual_memory/artifacts/evaluation/judges/04f21d9e9aa91cc7a6bb4be68644da9087d99b6295d549bf713475663f894bc3_9100.json
 create mode 100644 experiments/unified_contextual_memory/artifacts/evaluation/judges/04f21d9e9aa91cc7a6bb4be68644da9087d99b6295d549bf713475663f894bc3_9100.request.json
 create mode 100644 experiments/unified_contextual_memory/artifacts/evaluation/judges/04f21d9e9aa91cc7a6bb4be68644da9087d99b6295d549bf713475663f894bc3_9101.json
 create mode 100644 experiments/unified_contextual_memory/artifacts/evaluation/judges/04f21d9e9aa91cc7a6bb4be68644da9087d99b6295d549bf713475663f894bc3_9101.request.json
 create mode 100644 experiments/unified_contextual_memory/artifacts/evaluation/judges/04f21d9e9aa91cc7a6bb4be68644da9087d99b6295d549bf713475663f894bc3_9102.json
 create mode 100644 experiments/unified_contextual_memory/artifacts/evaluation/judges/04f21d9e9aa91cc7a6bb4be68644da9087d99b6295d549bf713475663f894bc3_9102.request.json
 create mode 100644 experiments/unified_contextual_memory/artifacts/evaluation/judges/04f21d9e9aa91cc7a6bb4be68644da9087d99b6295d549bf713475663f894bc3_9200.json
 create mode 100644 experiments/unified_contextual_memory/artifacts/evaluation/judges/04f21d9e9aa91cc7a6bb4be68644da9087d99b6295d549bf713475663f894bc3_9200.request.json
 create mode 100644 experiments/unified_contextual_memory/artifacts/evaluation/judges/04f33c5be6d474f40964fa33674cb018dd3ab60ea65b7205a8287a464e18bb9c_9100.json
 create mode 100644 experiments/unified_contextual_memory/artifacts/evaluation/judges/04f33c5be6d474f40964fa33674cb018dd3ab60ea65b7205a8287a464e18bb9c_9100.request.json
 create mode 100644 experiments/unified_contextual_memory/artifacts/evaluation/judges/04f33c5be6d474f40964fa33674cb018dd3ab60ea65b7205a8287a464e18bb9c_9101.json
 create mode 100644 experiments/unified_contextual_memory/artifacts/evaluation/judges/04f33c5be6d474f40964fa33674cb018dd3ab60ea65b7205a8287a464e18bb9c_9101.request.json
 create mode 100644 experiments/unified_contextual_memory/artifacts/evaluation/judges/04f33c5be6d474f40964fa33674cb018dd3ab60ea65b7205a8287a464e18bb9c_9102.json
 create mode 100644 experiments/unified_contextual_memory/artifacts/evaluation/judges/04f33c5be6d474f40964fa33674cb018dd3ab60ea65b7205a8287a464e18bb9c_9102.request.json
 create mode 100644 experiments/unified_contextual_memory/artifacts/evaluation/judges/04f33c5be6d474f40964fa33674cb018dd3ab60ea65b7205a8287a464e18bb9c_9200.json
 create mode 100644 experiments/unified_contextual_memory/artifacts/evaluation/judges/04f33c5be6d474f40964fa33674cb018dd3ab60ea65b7205a8287a464e18bb9c_9200.request.json
 create mode 100644 experiments/unified_contextual_memory/artifacts/evaluation/judges/050ef69caddd565fe0361577b3595227e70c513ea984f7756a8978d4b2fd66b9_9100.json
 create mode 100644 experiments/unified_contextual_memory/artifacts/evaluation/judges/050ef69caddd565fe0361577b3595227e70c513ea984f7756a8978d4b2fd66b9_9100.request.json
 create mode 100644 experiments/unified_contextual_memory/artifacts/evaluation/judges/050ef69caddd565fe0361577b3595227e70c513ea984f7756a8978d4b2fd66b9_9101.json
 create mode 100644 experiments/unified_contextual_memory/artifacts/evaluation/judges/050ef69caddd565fe0361577b3595227e70c513ea984f7756a8978d4b2fd66b9_9101.request.json
 create mode 100644 experiments/unified_contextual_memory/artifacts/evaluation/judges/050ef69caddd565fe0361577b3595227e70c513ea984f7756a8978d4b2fd66b9_9102.json
 create mode 100644 experiments/unified_contextual_memory/artifacts/evaluation/judges/050ef69caddd565fe0361577b3595227e70c513ea984f7756a8978d4b2fd66b9_9102.request.json
 create mode 100644 experiments/unified_contextual_memory/artifacts/evaluation/judges/050ef69caddd565fe0361577b3595227e70c513ea984f7756a8978d4b2fd66b9_9200.json
 create mode 100644 experiments/unified_contextual_memory/artifacts/evaluation/judges/050ef69caddd565fe0361577b3595227e70c513ea984f7756a8978d4b2fd66b9_9200.request.json
 create mode 100644 experiments/unified_contextual_memory/artifacts/evaluation/judges/05bf13d9c8836deb52548903a14d60d0d4967197dae75c3585e2718f70b83fbe_9100.json
 create mode 100644 experiments/unified_contextual_memory/artifacts/evaluation/judges/05bf13d9c8836deb52548903a14d60d0d4967197dae75c3585e2718f70b83fbe_9100.request.json
 create mode 100644 experiments/unified_contextual_memory/artifacts/evaluation/judges/05bf13d9c8836deb52548903a14d60d0d4967197dae75c3585e2718f70b83fbe_9101.json
 create mode 100644 experiments/unified_contextual_memory/artifacts/evaluation/judges/05bf13d9c8836deb52548903a14d60d0d4967197dae75c3585e2718f70b83fbe_9101.request.json
 create mode 100644 experiments/unified_contextual_memory/artifacts/evaluation/judges/05bf13d9c8836deb52548903a14d60d0d4967197dae75c3585e2718f70b83fbe_9102.json
 create mode 100644 experiments/unified_contextual_memory/artifacts/evaluation/judges/05bf13d9c8836deb52548903a14d60d0d4967197dae75c3585e2718f70b83fbe_9102.request.json
 create mode 100644 experiments/unified_contextual_memory/artifacts/evaluation/judges/05bf13d9c8836deb52548903a14d60d0d4967197dae75c3585e2718f70b83fbe_9200.json
 create mode 100644 experiments/unified_contextual_memory/artifacts/evaluation/judges/05bf13d9c8836deb52548903a14d60d0d4967197dae75c3585e2718f70b83fbe_9200.request.json
 create mode 100644 experiments/unified_contextual_memory/artifacts/evaluation/judges/05cf08d722d2ee6bfd2866825c6fae03b81dd318bdf5c8f3eff9cdd8331710ae_9100.json
 create mode 100644 experiments/unified_contextual_memory/artifacts/evaluation/judges/05cf08d722d2ee6bfd2866825c6fae03b81dd318bdf5c8f3eff9cdd8331710ae_9100.request.json
 create mode 100644 experiments/unified_contextual_memory/artifacts/evaluation/judges/05cf08d722d2ee6bfd2866825c6fae03b81dd318bdf5c8f3eff9cdd8331710ae_9101.json
 create mode 100644 experiments/unified_contextual_memory/artifacts/evaluation/judges/05cf08d722d2ee6bfd2866825c6fae03b81dd318bdf5c8f3eff9cdd8331710ae_9101.request.json
 create mode 100644 experiments/unified_contextual_memory/artifacts/evaluation/judges/05cf08d722d2ee6bfd2866825c6fae03b81dd318bdf5c8f3eff9cdd8331710ae_9102.json
 create mode 100644 experiments/unified_contextual_memory/artifacts/evaluation/judges/05cf08d722d2ee6bfd2866825c6fae03b81dd318bdf5c8f3eff9cdd8331710ae_9102.request.json
 create mode 100644 experiments/unified_contextual_memory/artifacts/evaluation/judges/05cf08d722d2ee6bfd2866825c6fae03b81dd318bdf5c8f3eff9cdd8331710ae_9200.json
 create mode 100644 experiments/unified_contextual_memory/artifacts/evaluation/judges/05cf08d722d2ee6bfd2866825c6fae03b81dd318bdf5c8f3eff9cdd8331710ae_9200.request.json
 create mode 100644 experiments/unified_contextual_memory/artifacts/evaluation/judges/05fc2f525a7dd899859e5eb42a9a3e686a891a82b33b0337ad19b55f4b0aa090_9100.json
 create mode 100644 experiments/unified_contextual_memory/artifacts/evaluation/judges/05fc2f525a7dd899859e5eb42a9a3e686a891a82b33b0337ad19b55f4b0aa090_9100.request.json
 create mode 100644 experiments/unified_contextual_memory/artifacts/evaluation/judges/05fc2f525a7dd899859e5eb42a9a3e686a891a82b33b0337ad19b55f4b0aa090_9101.json
 create mode 100644 experiments/unified_contextual_memory/artifacts/evaluation/judges/05fc2f525a7dd899859e5eb42a9a3e686a891a82b33b0337ad19b55f4b0aa090_9101.request.json
 create mode 100644 experiments/unified_contextual_memory/artifacts/evaluation/judges/05fc2f525a7dd899859e5eb42a9a3e686a891a82b33b0337ad19b55f4b0aa090_9102.json
 create mode 100644 experiments/unified_contextual_memory/artifacts/evaluation/judges/05fc2f525a7dd899859e5eb42a9a3e686a891a82b33b0337ad19b55f4b0aa090_9102.request.json
 create mode 100644 experiments/unified_contextual_memory/artifacts/evaluation/judges/05fc2f525a7dd899859e5eb42a9a3e686a891a82b33b0337ad19b55f4b0aa090_9200.json
 create mode 100644 experiments/unified_contextual_memory/artifacts/evaluation/judges/05fc2f525a7dd899859e5eb42a9a3e686a891a82b33b0337ad19b55f4b0aa090_9200.request.json
 create mode 100644 experiments/unified_contextual_memory/artifacts/evaluation/judges/06042c63f276d2f58e3fde652800350fa554a406d33796523d1e8f1cbb446d40_9100.json
 create mode 100644 experiments/unified_contextual_memory/artifacts/evaluation/judges/06042c63f276d2f58e3fde652800350fa554a406d33796523d1e8f1cbb446d40_9100.request.json
 create mode 100644 experiments/unified_contextual_memory/artifacts/evaluation/judges/06042c63f276d2f58e3fde652800350fa554a406d33796523d1e8f1cbb446d40_9101.json
 create mode 100644 experiments/unified_contextual_memory/artifacts/evaluation/judges/06042c63f276d2f58e3fde652800350fa554a406d33796523d1e8f1cbb446d40_9101.request.json
 create mode 100644 experiments/unified_contextual_memory/artifacts/evaluation/judges/06042c63f276d2f58e3fde652800350fa554a406d33796523d1e8f1cbb446d40_9102.json
 create mode 100644 experiments/unified_contextual_memory/artifacts/evaluation/judges/06042c63f276d2f58e3fde652800350fa554a406d33796523d1e8f1cbb446d40_9102.request.json
 create mode 100644 experiments/unified_contextual_memory/artifacts/evaluation/judges/06042c63f276d2f58e3fde652800350fa554a406d33796523d1e8f1cbb446d40_9200.json
 create mode 100644 experiments/unified_contextual_memory/artifacts/evaluation/judges/06042c63f276d2f58e3fde652800350fa554a406d33796523d1e8f1cbb446d40_9200.request.json
 create mode 100644 experiments/unified_contextual_memory/artifacts/evaluation/judges/060de00b892eddfc84b82de2eb7fd5ce416a00a7b6076615dfc9cf913925f67f_9100.json
 create mode 100644 experiments/unified_contextual_memory/artifacts/evaluation/judges/060de00b892eddfc84b82de2eb7fd5ce416a00a7b6076615dfc9cf913925f67f_9100.request.json
 create mode 100644 experiments/unified_contextual_memory/artifacts/evaluation/judges/060de00b892eddfc84b82de2eb7fd5ce416a00a7b6076615dfc9cf913925f67f_9101.json
 create mode 100644 experiments/unified_contextual_memory/artifacts/evaluation/judges/060de00b892eddfc84b82de2eb7fd5ce416a00a7b6076615dfc9cf913925f67f_9101.request.json
 create mode 100644 experiments/unified_contextual_memory/artifacts/evaluation/judges/060de00b892eddfc84b82de2eb7fd5ce416a00a7b6076615dfc9cf913925f67f_9102.json
 create mode 100644 experiments/unified_contextual_memory/artifacts/evaluation/judges/060de00b892eddfc84b82de2eb7fd5ce416a00a7b6076615dfc9cf913925f67f_9102.request.json
 create mode 100644 experiments/unified_contextual_memory/artifacts/evaluation/judges/060de00b892eddfc84b82de2eb7fd5ce416a00a7b6076615dfc9cf913925f67f_9200.json
 create mode 100644 experiments/unified_contextual_memory/artifacts/evaluation/judges/060de00b892eddfc84b82de2eb7fd5ce416a00a7b6076615dfc9cf913925f67f_9200.request.json
 create mode 100644 experiments/unified_contextual_memory/artifacts/evaluation/judges/0624f7b96307d0a1ceb470a0ad7d933c0daeef433a79baf4d4b1c07c51937144_9100.json
 create mode 100644 experiments/unified_contextual_memory/artifacts/evaluation/judges/0624f7b96307d0a1ceb470a0ad7d933c0daeef433a79baf4d4b1c07c51937144_9100.request.json
 create mode 100644 experiments/unified_contextual_memory/artifacts/evaluation/judges/0624f7b96307d0a1ceb470a0ad7d933c0daeef433a79baf4d4b1c07c51937144_9101.json
 create mode 100644 experiments/unified_contextual_memory/artifacts/evaluation/judges/0624f7b96307d0a1ceb470a0ad7d933c0daeef433a79baf4d4b1c07c51937144_9101.request.json
 create mode 100644 experiments/unified_contextual_memory/artifacts/evaluation/judges/0624f7b96307d0a1ceb470a0ad7d933c0daeef433a79baf4d4b1c07c51937144_9102.json
 create mode 100644 experiments/unified_contextual_memory/artifacts/evaluation/judges/0624f7b96307d0a1ceb470a0ad7d933c0daeef433a79baf4d4b1c07c51937144_9102.request.json
 create mode 100644 experiments/unified_contextual_memory/artifacts/evaluation/judges/0624f7b96307d0a1ceb470a0ad7d933c0daeef433a79baf4d4b1c07c51937144_9200.json
 create mode 100644 experiments/unified_contextual_memory/artifacts/evaluation/judges/0624f7b96307d0a1ceb470a0ad7d933c0daeef433a79baf4d4b1c07c51937144_9200.request.json
 create mode 100644 experiments/unified_contextual_memory/artifacts/evaluation/judges/064b8f0d6dfa6300e9fd466625a5f57ce6290b8df68d0703e8126e3c0a3e6b24_9100.json
 create mode 100644 experiments/unified_contextual_memory/artifacts/evaluation/judges/064b8f0d6dfa6300e9fd466625a5f57ce6290b8df68d0703e8126e3c0a3e6b24_9100.request.json
 create mode 100644 experiments/unified_contextual_memory/artifacts/evaluation/judges/064b8f0d6dfa6300e9fd466625a5f57ce6290b8df68d0703e8126e3c0a3e6b24_9101.json
 create mode 100644 experiments/unified_contextual_memory/artifacts/evaluation/judges/064b8f0d6dfa6300e9fd466625a5f57ce6290b8df68d0703e8126e3c0a3e6b24_9101.request.json
 create mode 100644 experiments/unified_contextual_memory/artifacts/evaluation/judges/064b8f0d6dfa6300e9fd466625a5f57ce6290b8df68d0703e8126e3c0a3e6b24_9102.json
 create mode 100644 experiments/unified_contextual_memory/artifacts/evaluation/judges/064b8f0d6dfa6300e9fd466625a5f57ce6290b8df68d0703e8126e3c0a3e6b24_9102.request.json
 create mode 100644 experiments/unified_contextual_memory/artifacts/evaluation/judges/064b8f0d6dfa6300e9fd466625a5f57ce6290b8df68d0703e8126e3c0a3e6b24_9200.json
 create mode 100644 experiments/unified_contextual_memory/artifacts/evaluation/judges/064b8f0d6dfa6300e9fd466625a5f57ce6290b8df68d0703e8126e3c0a3e6b24_9200.request.json
 create mode 100644 experiments/unified_contextual_memory/artifacts/evaluation/judges/06957b83e285de4954561ae1fe41ef27856af531823875cde9b154ca4a4406f8_9100.json
 create mode 100644 experiments/unified_contextual_memory/artifacts/evaluation/judges/06957b83e285de4954561ae1fe41ef27856af531823875cde9b154ca4a4406f8_9100.request.json
 create mode 100644 experiments/unified_contextual_memory/artifacts/evaluation/judges/06957b83e285de4954561ae1fe41ef27856af531823875cde9b154ca4a4406f8_9101.json
 create mode 100644 experiments/unified_contextual_memory/artifacts/evaluation/judges/06957b83e285de4954561ae1fe41ef27856af531823875cde9b154ca4a4406f8_9101.request.json
 create mode 100644 experiments/unified_contextual_memory/artifacts/evaluation/judges/06957b83e285de4954561ae1fe41ef27856af531823875cde9b154ca4a4406f8_9102.json
 create mode 100644 experiments/unified_contextual_memory/artifacts/evaluation/judges/06957b83e285de4954561ae1fe41ef27856af531823875cde9b154ca4a4406f8_9102.request.json
 create mode 100644 experiments/unified_contextual_memory/artifacts/evaluation/judges/06957b83e285de4954561ae1fe41ef27856af531823875cde9b154ca4a4406f8_9200.json
 create mode 100644 experiments/unified_contextual_memory/artifacts/evaluation/judges/06957b83e285de4954561ae1fe41ef27856af531823875cde9b154ca4a4406f8_9200.request.json
 create mode 100644 experiments/unified_contextual_memory/artifacts/evaluation/judges/06b0779e2b801baf00a8c01208e3cdbf83c5b01244ca162dd9d684ae64e22c2f_9100.json
 create mode 100644 experiments/unified_contextual_memory/artifacts/evaluation/judges/06b0779e2b801baf00a8c01208e3cdbf83c5b01244ca162dd9d684ae64e22c2f_9100.request.json
 create mode 100644 experiments/unified_contextual_memory/artifacts/evaluation/judges/06b0779e2b801baf00a8c01208e3cdbf83c5b01244ca162dd9d684ae64e22c2f_9101.json
 create mode 100644 experiments/unified_contextual_memory/artifacts/evaluation/judges/06b0779e2b801baf00a8c01208e3cdbf83c5b01244ca162dd9d684ae64e22c2f_9101.request.json
 create mode 100644 experiments/unified_contextual_memory/artifacts/evaluation/judges/06b0779e2b801baf00a8c01208e3cdbf83c5b01244ca162dd9d684ae64e22c2f_9102.json
 create mode 100644 experiments/unified_contextual_memory/artifacts/evaluation/judges/06b0779e2b801baf00a8c01208e3cdbf83c5b01244ca162dd9d684ae64e22c2f_9102.request.json
 create mode 100644 experiments/unified_contextual_memory/artifacts/evaluation/judges/06b0779e2b801baf00a8c01208e3cdbf83c5b01244ca162dd9d684ae64e22c2f_9200.json
 create mode 100644 experiments/unified_contextual_memory/artifacts/evaluation/judges/06b0779e2b801baf00a8c01208e3cdbf83c5b01244ca162dd9d684ae64e22c2f_9200.request.json
 create mode 100644 experiments/unified_contextual_memory/artifacts/evaluation/judges/06b1b1f43ecdccce1e7dd3e531e5e95ec7959ea00e2a168b1ef640069a0923e6_9100.json
 create mode 100644 experiments/unified_contextual_memory/artifacts/evaluation/judges/06b1b1f43ecdccce1e7dd3e531e5e95ec7959ea00e2a168b1ef640069a0923e6_9100.request.json
 create mode 100644 experiments/unified_contextual_memory/artifacts/evaluation/judges/06b1b1f43ecdccce1e7dd3e531e5e95ec7959ea00e2a168b1ef640069a0923e6_9101.json
 create mode 100644 experiments/unified_contextual_memory/artifacts/evaluation/judges/06b1b1f43ecdccce1e7dd3e531e5e95ec7959ea00e2a168b1ef640069a0923e6_9101.request.json
 create mode 100644 experiments/unified_contextual_memory/artifacts/evaluation/judges/06b1b1f43ecdccce1e7dd3e531e5e95ec7959ea00e2a168b1ef640069a0923e6_9102.json
 create mode 100644 experiments/unified_contextual_memory/artifacts/evaluation/judges/06b1b1f43ecdccce1e7dd3e531e5e95ec7959ea00e2a168b1ef640069a0923e6_9102.request.json
 create mode 100644 experiments/unified_contextual_memory/artifacts/evaluation/judges/06b1b1f43ecdccce1e7dd3e531e5e95ec7959ea00e2a168b1ef640069a0923e6_9200.json
 create mode 100644 experiments/unified_contextual_memory/artifacts/evaluation/judges/06b1b1f43ecdccce1e7dd3e531e5e95ec7959ea00e2a168b1ef640069a0923e6_9200.request.json
 create mode 100644 experiments/unified_contextual_memory/artifacts/evaluation/judges/06db27893c1cc3eefa817c2768cd6ca7a28e26a04894821eb852d04de0c154ad_9100.json
 create mode 100644 experiments/unified_contextual_memory/artifacts/evaluation/judges/06db27893c1cc3eefa817c2768cd6ca7a28e26a04894821eb852d04de0c154ad_9100.request.json
 create mode 100644 experiments/unified_contextual_memory/artifacts/evaluation/judges/06db27893c1cc3eefa817c2768cd6ca7a28e26a04894821eb852d04de0c154ad_9101.json
 create mode 100644 experiments/unified_contextual_memory/artifacts/evaluation/judges/06db27893c1cc3eefa817c2768cd6ca7a28e26a04894821eb852d04de0c154ad_9101.request.json
 create mode 100644 experiments/unified_contextual_memory/artifacts/evaluation/judges/06db27893c1cc3eefa817c2768cd6ca7a28e26a04894821eb852d04de0c154ad_9102.json
 create mode 100644 experiments/unified_contextual_memory/artifacts/evaluation/judges/06db27893c1cc3eefa817c2768cd6ca7a28e26a04894821eb852d04de0c154ad_9102.request.json
 create mode 100644 experiments/unified_contextual_memory/artifacts/evaluation/judges/06db27893c1cc3eefa817c2768cd6ca7a28e26a04894821eb852d04de0c154ad_9200.json
 create mode 100644 experiments/unified_contextual_memory/artifacts/evaluation/judges/06db27893c1cc3eefa817c2768cd6ca7a28e26a04894821eb852d04de0c154ad_9200.request.json
 create mode 100644 experiments/unified_contextual_memory/artifacts/evaluation/judges/075f6ccfe43ebd2c1afa13b03434f7462502148e126cf897732d559f70d8b2b8_9100.json
 create mode 100644 experiments/unified_contextual_memory/artifacts/evaluation/judges/075f6ccfe43ebd2c1afa13b03434f7462502148e126cf897732d559f70d8b2b8_9100.request.json
 create mode 100644 experiments/unified_contextual_memory/artifacts/evaluation/judges/075f6ccfe43ebd2c1afa13b03434f7462502148e126cf897732d559f70d8b2b8_9101.json
 create mode 100644 experiments/unified_contextual_memory/artifacts/evaluation/judges/075f6ccfe43ebd2c1afa13b03434f7462502148e126cf897732d559f70d8b2b8_9101.request.json
 create mode 100644 experiments/unified_contextual_memory/artifacts/evaluation/judges/075f6ccfe43ebd2c1afa13b03434f7462502148e126cf897732d559f70d8b2b8_9102.json
 create mode 100644 experiments/unified_contextual_memory/artifacts/evaluation/judges/075f6ccfe43ebd2c1afa13b03434f7462502148e126cf897732d559f70d8b2b8_9102.request.json
 create mode 100644 experiments/unified_contextual_memory/artifacts/evaluation/judges/075f6ccfe43ebd2c1afa13b03434f7462502148e126cf897732d559f70d8b2b8_9200.json
 create mode 100644 experiments/unified_contextual_memory/artifacts/evaluation/judges/075f6ccfe43ebd2c1afa13b03434f7462502148e126cf897732d559f70d8b2b8_9200.request.json
 create mode 100644 experiments/unified_contextual_memory/artifacts/evaluation/judges/079a291f12843e90a0dc65bd72c4e45d3a9aa16543e8ef682c7eefc352660ccd_9100.json
 create mode 100644 experiments/unified_contextual_memory/artifacts/evaluation/judges/079a291f12843e90a0dc65bd72c4e45d3a9aa16543e8ef682c7eefc352660ccd_9100.request.json
 create mode 100644 experiments/unified_contextual_memory/artifacts/evaluation/judges/079a291f12843e90a0dc65bd72c4e45d3a9aa16543e8ef682c7eefc352660ccd_9101.json
 create mode 100644 experiments/unified_contextual_memory/artifacts/evaluation/judges/079a291f12843e90a0dc65bd72c4e45d3a9aa16543e8ef682c7eefc352660ccd_9101.request.json
 create mode 100644 experiments/unified_contextual_memory/artifacts/evaluation/judges/079a291f12843e90a0dc65bd72c4e45d3a9aa16543e8ef682c7eefc352660ccd_9102.json
 create mode 100644 experiments/unified_contextual_memory/artifacts/evaluation/judges/079a291f12843e90a0dc65bd72c4e45d3a9aa16543e8ef682c7eefc352660ccd_9102.request.json
 create mode 100644 experiments/unified_contextual_memory/artifacts/evaluation/judges/079a291f12843e90a0dc65bd72c4e45d3a9aa16543e8ef682c7eefc352660ccd_9200.json
 create mode 100644 experiments/unified_contextual_memory/artifacts/evaluation/judges/079a291f12843e90a0dc65bd72c4e45d3a9aa16543e8ef682c7eefc352660ccd_9200.request.json
 create mode 100644 experiments/unified_contextual_memory/artifacts/evaluation/judges/08019e191ddfd86b614fcdaf8c6bbd91417dfff463af0ce593883d5f302ca0a8_9100.json
 create mode 100644 experiments/unified_contextual_memory/artifacts/evaluation/judges/08019e191ddfd86b614fcdaf8c6bbd91417dfff463af0ce593883d5f302ca0a8_9100.request.json
 create mode 100644 experiments/unified_contextual_memory/artifacts/evaluation/judges/08019e191ddfd86b614fcdaf8c6bbd91417dfff463af0ce593883d5f302ca0a8_9101.json
 create mode 100644 experiments/unified_contextual_memory/artifacts/evaluation/judges/08019e191ddfd86b614fcdaf8c6bbd91417dfff463af0ce593883d5f302ca0a8_9101.request.json
 create mode 100644 experiments/unified_contextual_memory/artifacts/evaluation/judges/08019e191ddfd86b614fcdaf8c6bbd91417dfff463af0ce593883d5f302ca0a8_9102.json
 create mode 100644 experiments/unified_contextual_memory/artifacts/evaluation/judges/08019e191ddfd86b614fcdaf8c6bbd91417dfff463af0ce593883d5f302ca0a8_9102.request.json
 create mode 100644 experiments/unified_contextual_memory/artifacts/evaluation/judges/08019e191ddfd86b614fcdaf8c6bbd91417dfff463af0ce593883d5f302ca0a8_9200.json
 create mode 100644 experiments/unified_contextual_memory/artifacts/evaluation/judges/08019e191ddfd86b614fcdaf8c6bbd91417dfff463af0ce593883d5f302ca0a8_9200.request.json
 create mode 100644 experiments/unified_contextual_memory/artifacts/evaluation/judges/08523bbe13f37acdea345047fe0345dfabbd5e7b46cf3bfd6b00069952fa21e6_9100.json
 create mode 100644 experiments/unified_contextual_memory/artifacts/evaluation/judges/08523bbe13f37acdea345047fe0345dfabbd5e7b46cf3bfd6b00069952fa21e6_9100.request.json
 create mode 100644 experiments/unified_contextual_memory/artifacts/evaluation/judges/08523bbe13f37acdea345047fe0345dfabbd5e7b46cf3bfd6b00069952fa21e6_9101.json
 create mode 100644 experiments/unified_contextual_memory/artifacts/evaluation/judges/08523bbe13f37acdea345047fe0345dfabbd5e7b46cf3bfd6b00069952fa21e6_9101.request.json
 create mode 100644 experiments/unified_contextual_memory/artifacts/evaluation/judges/08523bbe13f37acdea345047fe0345dfabbd5e7b46cf3bfd6b00069952fa21e6_9102.json
 create mode 100644 experiments/unified_contextual_memory/artifacts/evaluation/judges/08523bbe13f37acdea345047fe0345dfabbd5e7b46cf3bfd6b00069952fa21e6_9102.request.json
 create mode 100644 experiments/unified_contextual_memory/artifacts/evaluation/judges/08523bbe13f37acdea345047fe0345dfabbd5e7b46cf3bfd6b00069952fa21e6_9200.json
 create mode 100644 experiments/unified_contextual_memory/artifacts/evaluation/judges/08523bbe13f37acdea345047fe0345dfabbd5e7b46cf3bfd6b00069952fa21e6_9200.request.json
 create mode 100644 experiments/unified_contextual_memory/artifacts/evaluation/judges/08642bb3d0213f6ca3054850b6f973b5ddaa0c9d3d0a470500d2679ea8b12e5b_9100.json
 create mode 100644 experiments/unified_contextual_memory/artifacts/evaluation/judges/08642bb3d0213f6ca3054850b6f973b5ddaa0c9d3d0a470500d2679ea8b12e5b_9100.request.json
 create mode 100644 experiments/unified_contextual_memory/artifacts/evaluation/judges/08642bb3d0213f6ca3054850b6f973b5ddaa0c9d3d0a470500d2679ea8b12e5b_9101.json
 create mode 100644 experiments/unified_contextual_memory/artifacts/evaluation/judges/08642bb3d0213f6ca3054850b6f973b5ddaa0c9d3d0a470500d2679ea8b12e5b_9101.request.json
 create mode 100644 experiments/unified_contextual_memory/artifacts/evaluation/judges/08642bb3d0213f6ca3054850b6f973b5ddaa0c9d3d0a470500d2679ea8b12e5b_9102.json
 create mode 100644 experiments/unified_contextual_memory/artifacts/evaluation/judges/08642bb3d0213f6ca3054850b6f973b5ddaa0c9d3d0a470500d2679ea8b12e5b_9102.request.json
 create mode 100644 experiments/unified_contextual_memory/artifacts/evaluation/judges/08642bb3d0213f6ca3054850b6f973b5ddaa0c9d3d0a470500d2679ea8b12e5b_9200.json
 create mode 100644 experiments/unified_contextual_memory/artifacts/evaluation/judges/08642bb3d0213f6ca3054850b6f973b5ddaa0c9d3d0a470500d2679ea8b12e5b_9200.request.json
 create mode 100644 experiments/unified_contextual_memory/artifacts/evaluation/judges/0885bccf72bb0adcadec1068f65d75dba0055a633bb606202a4b2cbc1af98401_9100.json
 create mode 100644 experiments/unified_contextual_memory/artifacts/evaluation/judges/0885bccf72bb0adcadec1068f65d75dba0055a633bb606202a4b2cbc1af98401_9100.request.json
 create mode 100644 experiments/unified_contextual_memory/artifacts/evaluation/judges/0885bccf72bb0adcadec1068f65d75dba0055a633bb606202a4b2cbc1af98401_9101.json
 create mode 100644 experiments/unified_contextual_memory/artifacts/evaluation/judges/0885bccf72bb0adcadec1068f65d75dba0055a633bb606202a4b2cbc1af98401_9101.request.json
 create mode 100644 experiments/unified_contextual_memory/artifacts/evaluation/judges/0885bccf72bb0adcadec1068f65d75dba0055a633bb606202a4b2cbc1af98401_9102.json
 create mode 100644 experiments/unified_contextual_memory/artifacts/evaluation/judges/0885bccf72bb0adcadec1068f65d75dba0055a633bb606202a4b2cbc1af98401_9102.request.json
 create mode 100644 experiments/unified_contextual_memory/artifacts/evaluation/judges/0885bccf72bb0adcadec1068f65d75dba0055a633bb606202a4b2cbc1af98401_9200.json
 create mode 100644 experiments/unified_contextual_memory/artifacts/evaluation/judges/0885bccf72bb0adcadec1068f65d75dba0055a633bb606202a4b2cbc1af98401_9200.request.json
 create mode 100644 experiments/unified_contextual_memory/artifacts/evaluation/judges/08b0da63f421e1b27a79ee63ef45d25d6dd5cbf886fdaa04e53a3f3cf158437c_9100.json
 create mode 100644 experiments/unified_contextual_memory/artifacts/evaluation/judges/08b0da63f421e1b27a79ee63ef45d25d6dd5cbf886fdaa04e53a3f3cf158437c_9100.request.json
 create mode 100644 experiments/unified_contextual_memory/artifacts/evaluation/judges/08b0da63f421e1b27a79ee63ef45d25d6dd5cbf886fdaa04e53a3f3cf158437c_9101.json
 create mode 100644 experiments/unified_contextual_memory/artifacts/evaluation/judges/08b0da63f421e1b27a79ee63ef45d25d6dd5cbf886fdaa04e53a3f3cf158437c_9101.request.json
 create mode 100644 experiments/unified_contextual_memory/artifacts/evaluation/judges/08b0da63f421e1b27a79ee63ef45d25d6dd5cbf886fdaa04e53a3f3cf158437c_9102.json
 create mode 100644 experiments/unified_contextual_memory/artifacts/evaluation/judges/08b0da63f421e1b27a79ee63ef45d25d6dd5cbf886fdaa04e53a3f3cf158437c_9102.request.json
 create mode 100644 experiments/unified_contextual_memory/artifacts/evaluation/judges/08b0da63f421e1b27a79ee63ef45d25d6dd5cbf886fdaa04e53a3f3cf158437c_9200.json
 create mode 100644 experiments/unified_contextual_memory/artifacts/evaluation/judges/08b0da63f421e1b27a79ee63ef45d25d6dd5cbf886fdaa04e53a3f3cf158437c_9200.request.json
 create mode 100644 experiments/unified_contextual_memory/artifacts/evaluation/judges/093700378c02d26ee17f6f0bdf6019dff846c6d784edabab7febf48fa2025fa4_9100.json
 create mode 100644 experiments/unified_contextual_memory/artifacts/evaluation/judges/093700378c02d26ee17f6f0bdf6019dff846c6d784edabab7febf48fa2025fa4_9100.request.json
 create mode 100644 experiments/unified_contextual_memory/artifacts/evaluation/judges/093700378c02d26ee17f6f0bdf6019dff846c6d784edabab7febf48fa2025fa4_9101.json
 create mode 100644 experiments/unified_contextual_memory/artifacts/evaluation/judges/093700378c02d26ee17f6f0bdf6019dff846c6d784edabab7febf48fa2025fa4_9101.request.json
 create mode 100644 experiments/unified_contextual_memory/artifacts/evaluation/judges/093700378c02d26ee17f6f0bdf6019dff846c6d784edabab7febf48fa2025fa4_9102.json
 create mode 100644 experiments/unified_contextual_memory/artifacts/evaluation/judges/093700378c02d26ee17f6f0bdf6019dff846c6d784edabab7febf48fa2025fa4_9102.request.json
 create mode 100644 experiments/unified_contextual_memory/artifacts/evaluation/judges/093700378c02d26ee17f6f0bdf6019dff846c6d784edabab7febf48fa2025fa4_9200.json
 create mode 100644 experiments/unified_contextual_memory/artifacts/evaluation/judges/093700378c02d26ee17f6f0bdf6019dff846c6d784edabab7febf48fa2025fa4_9200.request.json
 create mode 100644 experiments/unified_contextual_memory/artifacts/evaluation/judges/095072cbe7a4083e738dc5cd60d7e252583fece7362fc08f2350bc0bde5f5047_9100.json
 create mode 100644 experiments/unified_contextual_memory/artifacts/evaluation/judges/095072cbe7a4083e738dc5cd60d7e252583fece7362fc08f2350bc0bde5f5047_9100.request.json
 create mode 100644 experiments/unified_contextual_memory/artifacts/evaluation/judges/095072cbe7a4083e738dc5cd60d7e252583fece7362fc08f2350bc0bde5f5047_9101.json
 create mode 100644 experiments/unified_contextual_memory/artifacts/evaluation/judges/095072cbe7a4083e738dc5cd60d7e252583fece7362fc08f2350bc0bde5f5047_9101.request.json
 create mode 100644 experiments/unified_contextual_memory/artifacts/evaluation/judges/095072cbe7a4083e738dc5cd60d7e252583fece7362fc08f2350bc0bde5f5047_9102.json
 create mode 100644 experiments/unified_contextual_memory/artifacts/evaluation/judges/095072cbe7a4083e738dc5cd60d7e252583fece7362fc08f2350bc0bde5f5047_9102.request.json
 create mode 100644 experiments/unified_contextual_memory/artifacts/evaluation/judges/095072cbe7a4083e738dc5cd60d7e252583fece7362fc08f2350bc0bde5f5047_9200.json
 create mode 100644 experiments/unified_contextual_memory/artifacts/evaluation/judges/095072cbe7a4083e738dc5cd60d7e252583fece7362fc08f2350bc0bde5f5047_9200.request.json
 create mode 100644 experiments/unified_contextual_memory/artifacts/evaluation/judges/09b83bf87d1cf5ed3cd37094ee2e5bf20c7c1d79084ba59300e8a8fff56672e0_9100.json
 create mode 100644 experiments/unified_contextual_memory/artifacts/evaluation/judges/09b83bf87d1cf5ed3cd37094ee2e5bf20c7c1d79084ba59300e8a8fff56672e0_9100.request.json
 create mode 100644 experiments/unified_contextual_memory/artifacts/evaluation/judges/09b83bf87d1cf5ed3cd37094ee2e5bf20c7c1d79084ba59300e8a8fff56672e0_9101.json
 create mode 100644 experiments/unified_contextual_memory/artifacts/evaluation/judges/09b83bf87d1cf5ed3cd37094ee2e5bf20c7c1d79084ba59300e8a8fff56672e0_9101.request.json
 create mode 100644 experiments/unified_contextual_memory/artifacts/evaluation/judges/09b83bf87d1cf5ed3cd37094ee2e5bf20c7c1d79084ba59300e8a8fff56672e0_9102.json
 create mode 100644 experiments/unified_contextual_memory/artifacts/evaluation/judges/09b83bf87d1cf5ed3cd37094ee2e5bf20c7c1d79084ba59300e8a8fff56672e0_9102.request.json
 create mode 100644 experiments/unified_contextual_memory/artifacts/evaluation/judges/09b83bf87d1cf5ed3cd37094ee2e5bf20c7c1d79084ba59300e8a8fff56672e0_9200.json
 create mode 100644 experiments/unified_contextual_memory/artifacts/evaluation/judges/09b83bf87d1cf5ed3cd37094ee2e5bf20c7c1d79084ba59300e8a8fff56672e0_9200.request.json
 create mode 100644 experiments/unified_contextual_memory/artifacts/evaluation/judges/0b461df0c471de08703e0f71bb87478aeaf9eb0a5c0ef3c8dda567267103e0af_9100.json
 create mode 100644 experiments/unified_contextual_memory/artifacts/evaluation/judges/0b461df0c471de08703e0f71bb87478aeaf9eb0a5c0ef3c8dda567267103e0af_9100.request.json
 create mode 100644 experiments/unified_contextual_memory/artifacts/evaluation/judges/0b461df0c471de08703e0f71bb87478aeaf9eb0a5c0ef3c8dda567267103e0af_9101.json
 create mode 100644 experiments/unified_contextual_memory/artifacts/evaluation/judges/0b461df0c471de08703e0f71bb87478aeaf9eb0a5c0ef3c8dda567267103e0af_9101.request.json
 create mode 100644 experiments/unified_contextual_memory/artifacts/evaluation/judges/0b461df0c471de08703e0f71bb87478aeaf9eb0a5c0ef3c8dda567267103e0af_9102.json
 create mode 100644 experiments/unified_contextual_memory/artifacts/evaluation/judges/0b461df0c471de08703e0f71bb87478aeaf9eb0a5c0ef3c8dda567267103e0af_9102.request.json
 create mode 100644 experiments/unified_contextual_memory/artifacts/evaluation/judges/0b461df0c471de08703e0f71bb87478aeaf9eb0a5c0ef3c8dda567267103e0af_9200.json
 create mode 100644 experiments/unified_contextual_memory/artifacts/evaluation/judges/0b461df0c471de08703e0f71bb87478aeaf9eb0a5c0ef3c8dda567267103e0af_9200.request.json
 create mode 100644 experiments/unified_contextual_memory/artifacts/evaluation/judges/0b68f00a3a20bf83597d2f0a61d3473b6823f3ca0e77a2663a4f53384f806f93_9100.json
 create mode 100644 experiments/unified_contextual_memory/artifacts/evaluation/judges/0b68f00a3a20bf83597d2f0a61d3473b6823f3ca0e77a2663a4f53384f806f93_9100.request.json
 create mode 100644 experiments/unified_contextual_memory/artifacts/evaluation/judges/0b68f00a3a20bf83597d2f0a61d3473b6823f3ca0e77a2663a4f53384f806f93_9101.json
 create mode 100644 experiments/unified_contextual_memory/artifacts/evaluation/judges/0b68f00a3a20bf83597d2f0a61d3473b6823f3ca0e77a2663a4f53384f806f93_9101.request.json
 create mode 100644 experiments/unified_contextual_memory/artifacts/evaluation/judges/0b68f00a3a20bf83597d2f0a61d3473b6823f3ca0e77a2663a4f53384f806f93_9102.json
 create mode 100644 experiments/unified_contextual_memory/artifacts/evaluation/judges/0b68f00a3a20bf83597d2f0a61d3473b6823f3ca0e77a2663a4f53384f806f93_9102.request.json
 create mode 100644 experiments/unified_contextual_memory/artifacts/evaluation/judges/0b68f00a3a20bf83597d2f0a61d3473b6823f3ca0e77a2663a4f53384f806f93_9200.json
 create mode 100644 experiments/unified_contextual_memory/artifacts/evaluation/judges/0b68f00a3a20bf83597d2f0a61d3473b6823f3ca0e77a2663a4f53384f806f93_9200.request.json
 create mode 100644 experiments/unified_contextual_memory/artifacts/evaluation/judges/0b75e9f38f391b9211fe1b2084c23d23540d801cdeeee469728f328936f9c9cd_9100.json
 create mode 100644 experiments/unified_contextual_memory/artifacts/evaluation/judges/0b75e9f38f391b9211fe1b2084c23d23540d801cdeeee469728f328936f9c9cd_9100.request.json
 create mode 100644 experiments/unified_contextual_memory/artifacts/evaluation/judges/0b75e9f38f391b9211fe1b2084c23d23540d801cdeeee469728f328936f9c9cd_9101.json
 create mode 100644 experiments/unified_contextual_memory/artifacts/evaluation/judges/0b75e9f38f391b9211fe1b2084c23d23540d801cdeeee469728f328936f9c9cd_9101.request.json
 create mode 100644 experiments/unified_contextual_memory/artifacts/evaluation/judges/0b75e9f38f391b9211fe1b2084c23d23540d801cdeeee469728f328936f9c9cd_9102.json
 create mode 100644 experiments/unified_contextual_memory/artifacts/evaluation/judges/0b75e9f38f391b9211fe1b2084c23d23540d801cdeeee469728f328936f9c9cd_9102.request.json
 create mode 100644 experiments/unified_contextual_memory/artifacts/evaluation/judges/0b75e9f38f391b9211fe1b2084c23d23540d801cdeeee469728f328936f9c9cd_9200.json
 create mode 100644 experiments/unified_contextual_memory/artifacts/evaluation/judges/0b75e9f38f391b9211fe1b2084c23d23540d801cdeeee469728f328936f9c9cd_9200.request.json
 create mode 100644 experiments/unified_contextual_memory/artifacts/evaluation/judges/0ba11cce5d0e9376d087b6199a12883734ce10e404e9af11250156e608cf8c40_9100.json
 create mode 100644 experiments/unified_contextual_memory/artifacts/evaluation/judges/0ba11cce5d0e9376d087b6199a12883734ce10e404e9af11250156e608cf8c40_9100.request.json
 create mode 100644 experiments/unified_contextual_memory/artifacts/evaluation/judges/0ba11cce5d0e9376d087b6199a12883734ce10e404e9af11250156e608cf8c40_9101.json
 create mode 100644 experiments/unified_contextual_memory/artifacts/evaluation/judges/0ba11cce5d0e9376d087b6199a12883734ce10e404e9af11250156e608cf8c40_9101.request.json
 create mode 100644 experiments/unified_contextual_memory/artifacts/evaluation/judges/0ba11cce5d0e9376d087b6199a12883734ce10e404e9af11250156e608cf8c40_9102.json
 create mode 100644 experiments/unified_contextual_memory/artifacts/evaluation/judges/0ba11cce5d0e9376d087b6199a12883734ce10e404e9af11250156e608cf8c40_9102.request.json
 create mode 100644 experiments/unified_contextual_memory/artifacts/evaluation/judges/0ba11cce5d0e9376d087b6199a12883734ce10e404e9af11250156e608cf8c40_9200.json
 create mode 100644 experiments/unified_contextual_memory/artifacts/evaluation/judges/0ba11cce5d0e9376d087b6199a12883734ce10e404e9af11250156e608cf8c40_9200.request.json
 create mode 100644 experiments/unified_contextual_memory/artifacts/evaluation/judges/0c1b1129b7338e3d7a7adfbaf30105a343c09827ad34756eb09936b9936052a1_9100.json
 create mode 100644 experiments/unified_contextual_memory/artifacts/evaluation/judges/0c1b1129b7338e3d7a7adfbaf30105a343c09827ad34756eb09936b9936052a1_9100.request.json
 create mode 100644 experiments/unified_contextual_memory/artifacts/evaluation/judges/0c1b1129b7338e3d7a7adfbaf30105a343c09827ad34756eb09936b9936052a1_9101.json
 create mode 100644 experiments/unified_contextual_memory/artifacts/evaluation/judges/0c1b1129b7338e3d7a7adfbaf30105a343c09827ad34756eb09936b9936052a1_9101.request.json
 create mode 100644 experiments/unified_contextual_memory/artifacts/evaluation/judges/0c1b1129b7338e3d7a7adfbaf30105a343c09827ad34756eb09936b9936052a1_9102.json
 create mode 100644 experiments/unified_contextual_memory/artifacts/evaluation/judges/0c1b1129b7338e3d7a7adfbaf30105a343c09827ad34756eb09936b9936052a1_9102.request.json
 create mode 100644 experiments/unified_contextual_memory/artifacts/evaluation/judges/0c1b1129b7338e3d7a7adfbaf30105a343c09827ad34756eb09936b9936052a1_9200.json
 create mode 100644 experiments/unified_contextual_memory/artifacts/evaluation/judges/0c1b1129b7338e3d7a7adfbaf30105a343c09827ad34756eb09936b9936052a1_9200.request.json
 create mode 100644 experiments/unified_contextual_memory/artifacts/evaluation/judges/0c20ba6514d4cd2fe811d3f14dd98ec0d33f40779ee42574c45bc8ab6af67fd1_9100.json
 create mode 100644 experiments/unified_contextual_memory/artifacts/evaluation/judges/0c20ba6514d4cd2fe811d3f14dd98ec0d33f40779ee42574c45bc8ab6af67fd1_9100.request.json
 create mode 100644 experiments/unified_contextual_memory/artifacts/evaluation/judges/0c20ba6514d4cd2fe811d3f14dd98ec0d33f40779ee42574c45bc8ab6af67fd1_9101.json
 create mode 100644 experiments/unified_contextual_memory/artifacts/evaluation/judges/0c20ba6514d4cd2fe811d3f14dd98ec0d33f40779ee42574c45bc8ab6af67fd1_9101.request.json
 create mode 100644 experiments/unified_contextual_memory/artifacts/evaluation/judges/0c20ba6514d4cd2fe811d3f14dd98ec0d33f40779ee42574c45bc8ab6af67fd1_9102.json
 create mode 100644 experiments/unified_contextual_memory/artifacts/evaluation/judges/0c20ba6514d4cd2fe811d3f14dd98ec0d33f40779ee42574c45bc8ab6af67fd1_9102.request.json
 create mode 100644 experiments/unified_contextual_memory/artifacts/evaluation/judges/0c20ba6514d4cd2fe811d3f14dd98ec0d33f40779ee42574c45bc8ab6af67fd1_9200.json
 create mode 100644 experiments/unified_contextual_memory/artifacts/evaluation/judges/0c20ba6514d4cd2fe811d3f14dd98ec0d33f40779ee42574c45bc8ab6af67fd1_9200.request.json
 create mode 100644 experiments/unified_contextual_memory/artifacts/evaluation/judges/0c34a60d4406ad5eb01bd76f0b0ded23575a9fcf157b8cd7afaa19ab6ed9197e_9100.json
 create mode 100644 experiments/unified_contextual_memory/artifacts/evaluation/judges/0c34a60d4406ad5eb01bd76f0b0ded23575a9fcf157b8cd7afaa19ab6ed9197e_9100.request.json
 create mode 100644 experiments/unified_contextual_memory/artifacts/evaluation/judges/0c34a60d4406ad5eb01bd76f0b0ded23575a9fcf157b8cd7afaa19ab6ed9197e_9101.json
 create mode 100644 experiments/unified_contextual_memory/artifacts/evaluation/judges/0c34a60d4406ad5eb01bd76f0b0ded23575a9fcf157b8cd7afaa19ab6ed9197e_9101.request.json
 create mode 100644 experiments/unified_contextual_memory/artifacts/evaluation/judges/0c34a60d4406ad5eb01bd76f0b0ded23575a9fcf157b8cd7afaa19ab6ed9197e_9102.json
 create mode 100644 experiments/unified_contextual_memory/artifacts/evaluation/judges/0c34a60d4406ad5eb01bd76f0b0ded23575a9fcf157b8cd7afaa19ab6ed9197e_9102.request.json
 create mode 100644 experiments/unified_contextual_memory/artifacts/evaluation/judges/0c34a60d4406ad5eb01bd76f0b0ded23575a9fcf157b8cd7afaa19ab6ed9197e_9200.json
 create mode 100644 experiments/unified_contextual_memory/artifacts/evaluation/judges/0c34a60d4406ad5eb01bd76f0b0ded23575a9fcf157b8cd7afaa19ab6ed9197e_9200.request.json
 create mode 100644 experiments/unified_contextual_memory/artifacts/evaluation/judges/0c4c67a5b8ac5c2526cddbfc6d03eaf87cbb2c87781b8d8a7ee9ec5c18731c10_9100.json
 create mode 100644 experiments/unified_contextual_memory/artifacts/evaluation/judges/0c4c67a5b8ac5c2526cddbfc6d03eaf87cbb2c87781b8d8a7ee9ec5c18731c10_9100.request.json
 create mode 100644 experiments/unified_contextual_memory/artifacts/evaluation/judges/0c4c67a5b8ac5c2526cddbfc6d03eaf87cbb2c87781b8d8a7ee9ec5c18731c10_9101.json
 create mode 100644 experiments/unified_contextual_memory/artifacts/evaluation/judges/0c4c67a5b8ac5c2526cddbfc6d03eaf87cbb2c87781b8d8a7ee9ec5c18731c10_9101.request.json
 create mode 100644 experiments/unified_contextual_memory/artifacts/evaluation/judges/0c4c67a5b8ac5c2526cddbfc6d03eaf87cbb2c87781b8d8a7ee9ec5c18731c10_9102.json
 create mode 100644 experiments/unified_contextual_memory/artifacts/evaluation/judges/0c4c67a5b8ac5c2526cddbfc6d03eaf87cbb2c87781b8d8a7ee9ec5c18731c10_9102.request.json
 create mode 100644 experiments/unified_contextual_memory/artifacts/evaluation/judges/0c4c67a5b8ac5c2526cddbfc6d03eaf87cbb2c87781b8d8a7ee9ec5c18731c10_9200.json
 create mode 100644 experiments/unified_contextual_memory/artifacts/evaluation/judges/0c4c67a5b8ac5c2526cddbfc6d03eaf87cbb2c87781b8d8a7ee9ec5c18731c10_9200.request.json
 create mode 100644 experiments/unified_contextual_memory/artifacts/evaluation/judges/0cea342e5f9c3866401c310e22aa9802dca9bd7eb411224e968b55220007c8fd_9100.json
 create mode 100644 experiments/unified_contextual_memory/artifacts/evaluation/judges/0cea342e5f9c3866401c310e22aa9802dca9bd7eb411224e968b55220007c8fd_9100.request.json
 create mode 100644 experiments/unified_contextual_memory/artifacts/evaluation/judges/0cea342e5f9c3866401c310e22aa9802dca9bd7eb411224e968b55220007c8fd_9101.json
 create mode 100644 experiments/unified_contextual_memory/artifacts/evaluation/judges/0cea342e5f9c3866401c310e22aa9802dca9bd7eb411224e968b55220007c8fd_9101.request.json
 create mode 100644 experiments/unified_contextual_memory/artifacts/evaluation/judges/0cea342e5f9c3866401c310e22aa9802dca9bd7eb411224e968b55220007c8fd_9102.json
 create mode 100644 experiments/unified_contextual_memory/artifacts/evaluation/judges/0cea342e5f9c3866401c310e22aa9802dca9bd7eb411224e968b55220007c8fd_9102.request.json
 create mode 100644 experiments/unified_contextual_memory/artifacts/evaluation/judges/0cea342e5f9c3866401c310e22aa9802dca9bd7eb411224e968b55220007c8fd_9200.json
 create mode 100644 experiments/unified_contextual_memory/artifacts/evaluation/judges/0cea342e5f9c3866401c310e22aa9802dca9bd7eb411224e968b55220007c8fd_9200.request.json
 create mode 100644 experiments/unified_contextual_memory/artifacts/evaluation/judges/0d2c7760dadda02d9f966b168d70538c67515686318d0df182b6f82acf6446dd_9100.json
 create mode 100644 experiments/unified_contextual_memory/artifacts/evaluation/judges/0d2c7760dadda02d9f966b168d70538c67515686318d0df182b6f82acf6446dd_9100.request.json
 create mode 100644 experiments/unified_contextual_memory/artifacts/evaluation/judges/0d2c7760dadda02d9f966b168d70538c67515686318d0df182b6f82acf6446dd_9101.json
 create mode 100644 experiments/unified_contextual_memory/artifacts/evaluation/judges/0d2c7760dadda02d9f966b168d70538c67515686318d0df182b6f82acf6446dd_9101.request.json
 create mode 100644 experiments/unified_contextual_memory/artifacts/evaluation/judges/0d2c7760dadda02d9f966b168d70538c67515686318d0df182b6f82acf6446dd_9102.json
 create mode 100644 experiments/unified_contextual_memory/artifacts/evaluation/judges/0d2c7760dadda02d9f966b168d70538c67515686318d0df182b6f82acf6446dd_9102.request.json
 create mode 100644 experiments/unified_contextual_memory/artifacts/evaluation/judges/0d2c7760dadda02d9f966b168d70538c67515686318d0df182b6f82acf6446dd_9200.json
 create mode 100644 experiments/unified_contextual_memory/artifacts/evaluation/judges/0d2c7760dadda02d9f966b168d70538c67515686318d0df182b6f82acf6446dd_9200.request.json
 create mode 100644 experiments/unified_contextual_memory/artifacts/evaluation/judges/0d302a525fb980f932da03dc109d7f7ee5440c30e1a6e2c185e085532fe0d9b4_9100.json
 create mode 100644 experiments/unified_contextual_memory/artifacts/evaluation/judges/0d302a525fb980f932da03dc109d7f7ee5440c30e1a6e2c185e085532fe0d9b4_9100.request.json
 create mode 100644 experiments/unified_contextual_memory/artifacts/evaluation/judges/0d302a525fb980f932da03dc109d7f7ee5440c30e1a6e2c185e085532fe0d9b4_9101.json
 create mode 100644 experiments/unified_contextual_memory/artifacts/evaluation/judges/0d302a525fb980f932da03dc109d7f7ee5440c30e1a6e2c185e085532fe0d9b4_9101.request.json
 create mode 100644 experiments/unified_contextual_memory/artifacts/evaluation/judges/0d302a525fb980f932da03dc109d7f7ee5440c30e1a6e2c185e085532fe0d9b4_9102.json
 create mode 100644 experiments/unified_contextual_memory/artifacts/evaluation/judges/0d302a525fb980f932da03dc109d7f7ee5440c30e1a6e2c185e085532fe0d9b4_9102.request.json
 create mode 100644 experiments/unified_contextual_memory/artifacts/evaluation/judges/0d302a525fb980f932da03dc109d7f7ee5440c30e1a6e2c185e085532fe0d9b4_9200.json
 create mode 100644 experiments/unified_contextual_memory/artifacts/evaluation/judges/0d302a525fb980f932da03dc109d7f7ee5440c30e1a6e2c185e085532fe0d9b4_9200.request.json
 create mode 100644 experiments/unified_contextual_memory/artifacts/evaluation/judges/0d46d4dc0465a8d0d7adff3b311be625b7da76ae3b94c5d38b0a704e53f5f7e0_9100.json
 create mode 100644 experiments/unified_contextual_memory/artifacts/evaluation/judges/0d46d4dc0465a8d0d7adff3b311be625b7da76ae3b94c5d38b0a704e53f5f7e0_9100.request.json
 create mode 100644 experiments/unified_contextual_memory/artifacts/evaluation/judges/0d46d4dc0465a8d0d7adff3b311be625b7da76ae3b94c5d38b0a704e53f5f7e0_9101.json
 create mode 100644 experiments/unified_contextual_memory/artifacts/evaluation/judges/0d46d4dc0465a8d0d7adff3b311be625b7da76ae3b94c5d38b0a704e53f5f7e0_9101.request.json
 create mode 100644 experiments/unified_contextual_memory/artifacts/evaluation/judges/0d46d4dc0465a8d0d7adff3b311be625b7da76ae3b94c5d38b0a704e53f5f7e0_9102.json
 create mode 100644 experiments/unified_contextual_memory/artifacts/evaluation/judges/0d46d4dc0465a8d0d7adff3b311be625b7da76ae3b94c5d38b0a704e53f5f7e0_9102.request.json
 create mode 100644 experiments/unified_contextual_memory/artifacts/evaluation/judges/0d46d4dc0465a8d0d7adff3b311be625b7da76ae3b94c5d38b0a704e53f5f7e0_9200.json
 create mode 100644 experiments/unified_contextual_memory/artifacts/evaluation/judges/0d46d4dc0465a8d0d7adff3b311be625b7da76ae3b94c5d38b0a704e53f5f7e0_9200.request.json
 create mode 100644 experiments/unified_contextual_memory/artifacts/evaluation/judges/0eb4f5a44adaec805c462b4ea0ef28c2d2e75d858affd6954e0e77cbdd157cbb_9100.json
 create mode 100644 experiments/unified_contextual_memory/artifacts/evaluation/judges/0eb4f5a44adaec805c462b4ea0ef28c2d2e75d858affd6954e0e77cbdd157cbb_9100.request.json
 create mode 100644 experiments/unified_contextual_memory/artifacts/evaluation/judges/0eb4f5a44adaec805c462b4ea0ef28c2d2e75d858affd6954e0e77cbdd157cbb_9101.json
 create mode 100644 experiments/unified_contextual_memory/artifacts/evaluation/judges/0eb4f5a44adaec805c462b4ea0ef28c2d2e75d858affd6954e0e77cbdd157cbb_9101.request.json
 create mode 100644 experiments/unified_contextual_memory/artifacts/evaluation/judges/0eb4f5a44adaec805c462b4ea0ef28c2d2e75d858affd6954e0e77cbdd157cbb_9102.json
 create mode 100644 experiments/unified_contextual_memory/artifacts/evaluation/judges/0eb4f5a44adaec805c462b4ea0ef28c2d2e75d858affd6954e0e77cbdd157cbb_9102.request.json
 create mode 100644 experiments/unified_contextual_memory/artifacts/evaluation/judges/0eb4f5a44adaec805c462b4ea0ef28c2d2e75d858affd6954e0e77cbdd157cbb_9200.json
 create mode 100644 experiments/unified_contextual_memory/artifacts/evaluation/judges/0eb4f5a44adaec805c462b4ea0ef28c2d2e75d858affd6954e0e77cbdd157cbb_9200.request.json
 create mode 100644 experiments/unified_contextual_memory/artifacts/evaluation/judges/0f3b1688e3af29f615e1d6a12abf8791185314da983caa8941c48aadf5abb92a_9100.json
 create mode 100644 experiments/unified_contextual_memory/artifacts/evaluation/judges/0f3b1688e3af29f615e1d6a12abf8791185314da983caa8941c48aadf5abb92a_9100.request.json
 create mode 100644 experiments/unified_contextual_memory/artifacts/evaluation/judges/0f3b1688e3af29f615e1d6a12abf8791185314da983caa8941c48aadf5abb92a_9101.json
 create mode 100644 experiments/unified_contextual_memory/artifacts/evaluation/judges/0f3b1688e3af29f615e1d6a12abf8791185314da983caa8941c48aadf5abb92a_9101.request.json
 create mode 100644 experiments/unified_contextual_memory/artifacts/evaluation/judges/0f3b1688e3af29f615e1d6a12abf8791185314da983caa8941c48aadf5abb92a_9102.json
 create mode 100644 experiments/unified_contextual_memory/artifacts/evaluation/judges/0f3b1688e3af29f615e1d6a12abf8791185314da983caa8941c48aadf5abb92a_9102.request.json
 create mode 100644 experiments/unified_contextual_memory/artifacts/evaluation/judges/0f3b1688e3af29f615e1d6a12abf8791185314da983caa8941c48aadf5abb92a_9200.json
 create mode 100644 experiments/unified_contextual_memory/artifacts/evaluation/judges/0f3b1688e3af29f615e1d6a12abf8791185314da983caa8941c48aadf5abb92a_9200.request.json
 create mode 100644 experiments/unified_contextual_memory/artifacts/evaluation/judges/0f568522b6e24af161f9a9f43e1eaf9f06d1f1a7da050b4fd5715cbdc3518d54_9100.json
 create mode 100644 experiments/unified_contextual_memory/artifacts/evaluation/judges/0f568522b6e24af161f9a9f43e1eaf9f06d1f1a7da050b4fd5715cbdc3518d54_9100.request.json
 create mode 100644 experiments/unified_contextual_memory/artifacts/evaluation/judges/0f568522b6e24af161f9a9f43e1eaf9f06d1f1a7da050b4fd5715cbdc3518d54_9101.json
 create mode 100644 experiments/unified_contextual_memory/artifacts/evaluation/judges/0f568522b6e24af161f9a9f43e1eaf9f06d1f1a7da050b4fd5715cbdc3518d54_9101.request.json
 create mode 100644 experiments/unified_contextual_memory/artifacts/evaluation/judges/0f568522b6e24af161f9a9f43e1eaf9f06d1f1a7da050b4fd5715cbdc3518d54_9102.json
 create mode 100644 experiments/unified_contextual_memory/artifacts/evaluation/judges/0f568522b6e24af161f9a9f43e1eaf9f06d1f1a7da050b4fd5715cbdc3518d54_9102.request.json
 create mode 100644 experiments/unified_contextual_memory/artifacts/evaluation/judges/0f568522b6e24af161f9a9f43e1eaf9f06d1f1a7da050b4fd5715cbdc3518d54_9200.json
 create mode 100644 experiments/unified_contextual_memory/artifacts/evaluation/judges/0f568522b6e24af161f9a9f43e1eaf9f06d1f1a7da050b4fd5715cbdc3518d54_9200.request.json
 create mode 100644 experiments/unified_contextual_memory/artifacts/evaluation/judges/0f95102fb904e5848ae72016f5f5b7e1d19762de44496b3dba0b689c4c94db0f_9100.json
 create mode 100644 experiments/unified_contextual_memory/artifacts/evaluation/judges/0f95102fb904e5848ae72016f5f5b7e1d19762de44496b3dba0b689c4c94db0f_9100.request.json
 create mode 100644 experiments/unified_contextual_memory/artifacts/evaluation/judges/0f95102fb904e5848ae72016f5f5b7e1d19762de44496b3dba0b689c4c94db0f_9101.json
 create mode 100644 experiments/unified_contextual_memory/artifacts/evaluation/judges/0f95102fb904e5848ae72016f5f5b7e1d19762de44496b3dba0b689c4c94db0f_9101.request.json
 create mode 100644 experiments/unified_contextual_memory/artifacts/evaluation/judges/0f95102fb904e5848ae72016f5f5b7e1d19762de44496b3dba0b689c4c94db0f_9102.json
 create mode 100644 experiments/unified_contextual_memory/artifacts/evaluation/judges/0f95102fb904e5848ae72016f5f5b7e1d19762de44496b3dba0b689c4c94db0f_9102.request.json
 create mode 100644 experiments/unified_contextual_memory/artifacts/evaluation/judges/0f95102fb904e5848ae72016f5f5b7e1d19762de44496b3dba0b689c4c94db0f_9200.json
 create mode 100644 experiments/unified_contextual_memory/artifacts/evaluation/judges/0f95102fb904e5848ae72016f5f5b7e1d19762de44496b3dba0b689c4c94db0f_9200.request.json
 create mode 100644 experiments/unified_contextual_memory/artifacts/evaluation/judges/0fd6ca3ab09dbab47be324f86e3d83d1e07a04b7d858f296c70db96e9dfb2cfb_9100.json
 create mode 100644 experiments/unified_contextual_memory/artifacts/evaluation/judges/0fd6ca3ab09dbab47be324f86e3d83d1e07a04b7d858f296c70db96e9dfb2cfb_9100.request.json
 create mode 100644 experiments/unified_contextual_memory/artifacts/evaluation/judges/0fd6ca3ab09dbab47be324f86e3d83d1e07a04b7d858f296c70db96e9dfb2cfb_9101.json
 create mode 100644 experiments/unified_contextual_memory/artifacts/evaluation/judges/0fd6ca3ab09dbab47be324f86e3d83d1e07a04b7d858f296c70db96e9dfb2cfb_9101.request.json
 create mode 100644 experiments/unified_contextual_memory/artifacts/evaluation/judges/0fd6ca3ab09dbab47be324f86e3d83d1e07a04b7d858f296c70db96e9dfb2cfb_9102.json
 create mode 100644 experiments/unified_contextual_memory/artifacts/evaluation/judges/0fd6ca3ab09dbab47be324f86e3d83d1e07a04b7d858f296c70db96e9dfb2cfb_9102.request.json
 create mode 100644 experiments/unified_contextual_memory/artifacts/evaluation/judges/0fd6ca3ab09dbab47be324f86e3d83d1e07a04b7d858f296c70db96e9dfb2cfb_9200.json
 create mode 100644 experiments/unified_contextual_memory/artifacts/evaluation/judges/0fd6ca3ab09dbab47be324f86e3d83d1e07a04b7d858f296c70db96e9dfb2cfb_9200.request.json
 create mode 100644 experiments/unified_contextual_memory/artifacts/evaluation/judges/1061f04261776c84d8784b7528ba4531309e6e30643b6193bab47aa3b636acba_9100.json
 create mode 100644 experiments/unified_contextual_memory/artifacts/evaluation/judges/1061f04261776c84d8784b7528ba4531309e6e30643b6193bab47aa3b636acba_9100.request.json
 create mode 100644 experiments/unified_contextual_memory/artifacts/evaluation/judges/1061f04261776c84d8784b7528ba4531309e6e30643b6193bab47aa3b636acba_9101.json
 create mode 100644 experiments/unified_contextual_memory/artifacts/evaluation/judges/1061f04261776c84d8784b7528ba4531309e6e30643b6193bab47aa3b636acba_9101.request.json
 create mode 100644 experiments/unified_contextual_memory/artifacts/evaluation/judges/1061f04261776c84d8784b7528ba4531309e6e30643b6193bab47aa3b636acba_9102.json
 create mode 100644 experiments/unified_contextual_memory/artifacts/evaluation/judges/1061f04261776c84d8784b7528ba4531309e6e30643b6193bab47aa3b636acba_9102.request.json
 create mode 100644 experiments/unified_contextual_memory/artifacts/evaluation/judges/1061f04261776c84d8784b7528ba4531309e6e30643b6193bab47aa3b636acba_9200.json
 create mode 100644 experiments/unified_contextual_memory/artifacts/evaluation/judges/1061f04261776c84d8784b7528ba4531309e6e30643b6193bab47aa3b636acba_9200.request.json
 create mode 100644 experiments/unified_contextual_memory/artifacts/evaluation/judges/10afe8c23c48a60e7a1c4b4cd1b5da70afe1779f05f5fbcab480648be25b8143_9100.json
 create mode 100644 experiments/unified_contextual_memory/artifacts/evaluation/judges/10afe8c23c48a60e7a1c4b4cd1b5da70afe1779f05f5fbcab480648be25b8143_9100.request.json
 create mode 100644 experiments/unified_contextual_memory/artifacts/evaluation/judges/10afe8c23c48a60e7a1c4b4cd1b5da70afe1779f05f5fbcab480648be25b8143_9101.json
 create mode 100644 experiments/unified_contextual_memory/artifacts/evaluation/judges/10afe8c23c48a60e7a1c4b4cd1b5da70afe1779f05f5fbcab480648be25b8143_9101.request.json
 create mode 100644 experiments/unified_contextual_memory/artifacts/evaluation/judges/10afe8c23c48a60e7a1c4b4cd1b5da70afe1779f05f5fbcab480648be25b8143_9102.json
 create mode 100644 experiments/unified_contextual_memory/artifacts/evaluation/judges/10afe8c23c48a60e7a1c4b4cd1b5da70afe1779f05f5fbcab480648be25b8143_9102.request.json
 create mode 100644 experiments/unified_contextual_memory/artifacts/evaluation/judges/10afe8c23c48a60e7a1c4b4cd1b5da70afe1779f05f5fbcab480648be25b8143_9200.json
 create mode 100644 experiments/unified_contextual_memory/artifacts/evaluation/judges/10afe8c23c48a60e7a1c4b4cd1b5da70afe1779f05f5fbcab480648be25b8143_9200.request.json
 create mode 100644 experiments/unified_contextual_memory/artifacts/evaluation/judges/117587cf26b89c5bef9d1b7ab6db88ef88441c0f90ff2e187e834bf6ef78f5c0_9100.json
 create mode 100644 experiments/unified_contextual_memory/artifacts/evaluation/judges/117587cf26b89c5bef9d1b7ab6db88ef88441c0f90ff2e187e834bf6ef78f5c0_9100.request.json
 create mode 100644 experiments/unified_contextual_memory/artifacts/evaluation/judges/117587cf26b89c5bef9d1b7ab6db88ef88441c0f90ff2e187e834bf6ef78f5c0_9101.json
 create mode 100644 experiments/unified_contextual_memory/artifacts/evaluation/judges/117587cf26b89c5bef9d1b7ab6db88ef88441c0f90ff2e187e834bf6ef78f5c0_9101.request.json
 create mode 100644 experiments/unified_contextual_memory/artifacts/evaluation/judges/117587cf26b89c5bef9d1b7ab6db88ef88441c0f90ff2e187e834bf6ef78f5c0_9102.json
 create mode 100644 experiments/unified_contextual_memory/artifacts/evaluation/judges/117587cf26b89c5bef9d1b7ab6db88ef88441c0f90ff2e187e834bf6ef78f5c0_9102.request.json
 create mode 100644 experiments/unified_contextual_memory/artifacts/evaluation/judges/117587cf26b89c5bef9d1b7ab6db88ef88441c0f90ff2e187e834bf6ef78f5c0_9200.json
 create mode 100644 experiments/unified_contextual_memory/artifacts/evaluation/judges/117587cf26b89c5bef9d1b7ab6db88ef88441c0f90ff2e187e834bf6ef78f5c0_9200.request.json
 create mode 100644 experiments/unified_contextual_memory/artifacts/evaluation/judges/119087a5d6508d4c75d7dc927b9a5a930af259c034181b6c0dfb2e1eb79d28bf_9100.json
 create mode 100644 experiments/unified_contextual_memory/artifacts/evaluation/judges/119087a5d6508d4c75d7dc927b9a5a930af259c034181b6c0dfb2e1eb79d28bf_9100.request.json
 create mode 100644 experiments/unified_contextual_memory/artifacts/evaluation/judges/119087a5d6508d4c75d7dc927b9a5a930af259c034181b6c0dfb2e1eb79d28bf_9101.json
 create mode 100644 experiments/unified_contextual_memory/artifacts/evaluation/judges/119087a5d6508d4c75d7dc927b9a5a930af259c034181b6c0dfb2e1eb79d28bf_9101.request.json
 create mode 100644 experiments/unified_contextual_memory/artifacts/evaluation/judges/119087a5d6508d4c75d7dc927b9a5a930af259c034181b6c0dfb2e1eb79d28bf_9102.json
 create mode 100644 experiments/unified_contextual_memory/artifacts/evaluation/judges/119087a5d6508d4c75d7dc927b9a5a930af259c034181b6c0dfb2e1eb79d28bf_9102.request.json
 create mode 100644 experiments/unified_contextual_memory/artifacts/evaluation/judges/119087a5d6508d4c75d7dc927b9a5a930af259c034181b6c0dfb2e1eb79d28bf_9200.json
 create mode 100644 experiments/unified_contextual_memory/artifacts/evaluation/judges/119087a5d6508d4c75d7dc927b9a5a930af259c034181b6c0dfb2e1eb79d28bf_9200.request.json
 create mode 100644 experiments/unified_contextual_memory/artifacts/evaluation/judges/11c80f8a8465a6c531ff67d4b1b65f7494d03bb9bbb2decf4cb0f9c967bc7365_9100.json
 create mode 100644 experiments/unified_contextual_memory/artifacts/evaluation/judges/11c80f8a8465a6c531ff67d4b1b65f7494d03bb9bbb2decf4cb0f9c967bc7365_9100.request.json
 create mode 100644 experiments/unified_contextual_memory/artifacts/evaluation/judges/11c80f8a8465a6c531ff67d4b1b65f7494d03bb9bbb2decf4cb0f9c967bc7365_9101.json
 create mode 100644 experiments/unified_contextual_memory/artifacts/evaluation/judges/11c80f8a8465a6c531ff67d4b1b65f7494d03bb9bbb2decf4cb0f9c967bc7365_9101.request.json
 create mode 100644 experiments/unified_contextual_memory/artifacts/evaluation/judges/11c80f8a8465a6c531ff67d4b1b65f7494d03bb9bbb2decf4cb0f9c967bc7365_9102.json
 create mode 100644 experiments/unified_contextual_memory/artifacts/evaluation/judges/11c80f8a8465a6c531ff67d4b1b65f7494d03bb9bbb2decf4cb0f9c967bc7365_9102.request.json
 create mode 100644 experiments/unified_contextual_memory/artifacts/evaluation/judges/11c80f8a8465a6c531ff67d4b1b65f7494d03bb9bbb2decf4cb0f9c967bc7365_9200.json
 create mode 100644 experiments/unified_contextual_memory/artifacts/evaluation/judges/11c80f8a8465a6c531ff67d4b1b65f7494d03bb9bbb2decf4cb0f9c967bc7365_9200.request.json
 create mode 100644 experiments/unified_contextual_memory/artifacts/evaluation/judges/1202eb4b2c8e89c3e8b22459765e2a4105c7e4f885eaeb3921fad50aa5a2199d_9100.json
 create mode 100644 experiments/unified_contextual_memory/artifacts/evaluation/judges/1202eb4b2c8e89c3e8b22459765e2a4105c7e4f885eaeb3921fad50aa5a2199d_9100.request.json
 create mode 100644 experiments/unified_contextual_memory/artifacts/evaluation/judges/1202eb4b2c8e89c3e8b22459765e2a4105c7e4f885eaeb3921fad50aa5a2199d_9101.json
 create mode 100644 experiments/unified_contextual_memory/artifacts/evaluation/judges/1202eb4b2c8e89c3e8b22459765e2a4105c7e4f885eaeb3921fad50aa5a2199d_9101.request.json
 create mode 100644 experiments/unified_contextual_memory/artifacts/evaluation/judges/1202eb4b2c8e89c3e8b22459765e2a4105c7e4f885eaeb3921fad50aa5a2199d_9102.json
 create mode 100644 experiments/unified_contextual_memory/artifacts/evaluation/judges/1202eb4b2c8e89c3e8b22459765e2a4105c7e4f885eaeb3921fad50aa5a2199d_9102.request.json
 create mode 100644 experiments/unified_contextual_memory/artifacts/evaluation/judges/1202eb4b2c8e89c3e8b22459765e2a4105c7e4f885eaeb3921fad50aa5a2199d_9200.json
 create mode 100644 experiments/unified_contextual_memory/artifacts/evaluation/judges/1202eb4b2c8e89c3e8b22459765e2a4105c7e4f885eaeb3921fad50aa5a2199d_9200.request.json
 create mode 100644 experiments/unified_contextual_memory/artifacts/evaluation/judges/12233a292103c83fe4462f438c7e6a96c998922e0de1dee876a7ffbd85b4312c_9100.json
 create mode 100644 experiments/unified_contextual_memory/artifacts/evaluation/judges/12233a292103c83fe4462f438c7e6a96c998922e0de1dee876a7ffbd85b4312c_9100.request.json
 create mode 100644 experiments/unified_contextual_memory/artifacts/evaluation/judges/12233a292103c83fe4462f438c7e6a96c998922e0de1dee876a7ffbd85b4312c_9101.json
 create mode 100644 experiments/unified_contextual_memory/artifacts/evaluation/judges/12233a292103c83fe4462f438c7e6a96c998922e0de1dee876a7ffbd85b4312c_9101.request.json
 create mode 100644 experiments/unified_contextual_memory/artifacts/evaluation/judges/12233a292103c83fe4462f438c7e6a96c998922e0de1dee876a7ffbd85b4312c_9102.json
 create mode 100644 experiments/unified_contextual_memory/artifacts/evaluation/judges/12233a292103c83fe4462f438c7e6a96c998922e0de1dee876a7ffbd85b4312c_9102.request.json
 create mode 100644 experiments/unified_contextual_memory/artifacts/evaluation/judges/12233a292103c83fe4462f438c7e6a96c998922e0de1dee876a7ffbd85b4312c_9200.json
 create mode 100644 experiments/unified_contextual_memory/artifacts/evaluation/judges/12233a292103c83fe4462f438c7e6a96c998922e0de1dee876a7ffbd85b4312c_9200.request.json
 create mode 100644 experiments/unified_contextual_memory/artifacts/evaluation/judges/123f5f4ada93f82bc1f2b90956a29f219d6cc5ed7df41537da6802d60c95e44f_9100.json
 create mode 100644 experiments/unified_contextual_memory/artifacts/evaluation/judges/123f5f4ada93f82bc1f2b90956a29f219d6cc5ed7df41537da6802d60c95e44f_9100.request.json
 create mode 100644 experiments/unified_contextual_memory/artifacts/evaluation/judges/123f5f4ada93f82bc1f2b90956a29f219d6cc5ed7df41537da6802d60c95e44f_9101.json
 create mode 100644 experiments/unified_contextual_memory/artifacts/evaluation/judges/123f5f4ada93f82bc1f2b90956a29f219d6cc5ed7df41537da6802d60c95e44f_9101.request.json
 create mode 100644 experiments/unified_contextual_memory/artifacts/evaluation/judges/123f5f4ada93f82bc1f2b90956a29f219d6cc5ed7df41537da6802d60c95e44f_9102.json
 create mode 100644 experiments/unified_contextual_memory/artifacts/evaluation/judges/123f5f4ada93f82bc1f2b90956a29f219d6cc5ed7df41537da6802d60c95e44f_9102.request.json
 create mode 100644 experiments/unified_contextual_memory/artifacts/evaluation/judges/123f5f4ada93f82bc1f2b90956a29f219d6cc5ed7df41537da6802d60c95e44f_9200.json
 create mode 100644 experiments/unified_contextual_memory/artifacts/evaluation/judges/123f5f4ada93f82bc1f2b90956a29f219d6cc5ed7df41537da6802d60c95e44f_9200.request.json
 create mode 100644 experiments/unified_contextual_memory/artifacts/evaluation/judges/1246cea8f863992b49bfd5a9465847875499c50c1ffccca94139b9717e7552ba_9100.json
 create mode 100644 experiments/unified_contextual_memory/artifacts/evaluation/judges/1246cea8f863992b49bfd5a9465847875499c50c1ffccca94139b9717e7552ba_9100.request.json
 create mode 100644 experiments/unified_contextual_memory/artifacts/evaluation/judges/1246cea8f863992b49bfd5a9465847875499c50c1ffccca94139b9717e7552ba_9101.json
 create mode 100644 experiments/unified_contextual_memory/artifacts/evaluation/judges/1246cea8f863992b49bfd5a9465847875499c50c1ffccca94139b9717e7552ba_9101.request.json
 create mode 100644 experiments/unified_contextual_memory/artifacts/evaluation/judges/1246cea8f863992b49bfd5a9465847875499c50c1ffccca94139b9717e7552ba_9102.json
 create mode 100644 experiments/unified_contextual_memory/artifacts/evaluation/judges/1246cea8f863992b49bfd5a9465847875499c50c1ffccca94139b9717e7552ba_9102.request.json
 create mode 100644 experiments/unified_contextual_memory/artifacts/evaluation/judges/1246cea8f863992b49bfd5a9465847875499c50c1ffccca94139b9717e7552ba_9200.json
 create mode 100644 experiments/unified_contextual_memory/artifacts/evaluation/judges/1246cea8f863992b49bfd5a9465847875499c50c1ffccca94139b9717e7552ba_9200.request.json
 create mode 100644 experiments/unified_contextual_memory/artifacts/evaluation/judges/125b87a084df64d47d2eb69da61e7a64b56418720fbc08214da0346279305b26_9100.json
 create mode 100644 experiments/unified_contextual_memory/artifacts/evaluation/judges/125b87a084df64d47d2eb69da61e7a64b56418720fbc08214da0346279305b26_9100.request.json
 create mode 100644 experiments/unified_contextual_memory/artifacts/evaluation/judges/125b87a084df64d47d2eb69da61e7a64b56418720fbc08214da0346279305b26_9101.json
 create mode 100644 experiments/unified_contextual_memory/artifacts/evaluation/judges/125b87a084df64d47d2eb69da61e7a64b56418720fbc08214da0346279305b26_9101.request.json
 create mode 100644 experiments/unified_contextual_memory/artifacts/evaluation/judges/125b87a084df64d47d2eb69da61e7a64b56418720fbc08214da0346279305b26_9102.json
 create mode 100644 experiments/unified_contextual_memory/artifacts/evaluation/judges/125b87a084df64d47d2eb69da61e7a64b56418720fbc08214da0346279305b26_9102.request.json
 create mode 100644 experiments/unified_contextual_memory/artifacts/evaluation/judges/125b87a084df64d47d2eb69da61e7a64b56418720fbc08214da0346279305b26_9200.json
 create mode 100644 experiments/unified_contextual_memory/artifacts/evaluation/judges/125b87a084df64d47d2eb69da61e7a64b56418720fbc08214da0346279305b26_9200.request.json
 create mode 100644 experiments/unified_contextual_memory/artifacts/evaluation/judges/129a22904b42a83b65b93edbac2be42727b91bffa2b10546aa3e522d6548e920_9100.json
 create mode 100644 experiments/unified_contextual_memory/artifacts/evaluation/judges/129a22904b42a83b65b93edbac2be42727b91bffa2b10546aa3e522d6548e920_9100.request.json
 create mode 100644 experiments/unified_contextual_memory/artifacts/evaluation/judges/129a22904b42a83b65b93edbac2be42727b91bffa2b10546aa3e522d6548e920_9101.json
 create mode 100644 experiments/unified_contextual_memory/artifacts/evaluation/judges/129a22904b42a83b65b93edbac2be42727b91bffa2b10546aa3e522d6548e920_9101.request.json
 create mode 100644 experiments/unified_contextual_memory/artifacts/evaluation/judges/129a22904b42a83b65b93edbac2be42727b91bffa2b10546aa3e522d6548e920_9102.json
 create mode 100644 experiments/unified_contextual_memory/artifacts/evaluation/judges/129a22904b42a83b65b93edbac2be42727b91bffa2b10546aa3e522d6548e920_9102.request.json
 create mode 100644 experiments/unified_contextual_memory/artifacts/evaluation/judges/129a22904b42a83b65b93edbac2be42727b91bffa2b10546aa3e522d6548e920_9200.json
 create mode 100644 experiments/unified_contextual_memory/artifacts/evaluation/judges/129a22904b42a83b65b93edbac2be42727b91bffa2b10546aa3e522d6548e920_9200.request.json
 create mode 100644 experiments/unified_contextual_memory/artifacts/evaluation/judges/14190ab5d055fd7260129b389579035cefbc0d97fb95cab15e0039ffb5c907f4_9100.json
 create mode 100644 experiments/unified_contextual_memory/artifacts/evaluation/judges/14190ab5d055fd7260129b389579035cefbc0d97fb95cab15e0039ffb5c907f4_9100.request.json
 create mode 100644 experiments/unified_contextual_memory/artifacts/evaluation/judges/14190ab5d055fd7260129b389579035cefbc0d97fb95cab15e0039ffb5c907f4_9101.json
 create mode 100644 experiments/unified_contextual_memory/artifacts/evaluation/judges/14190ab5d055fd7260129b389579035cefbc0d97fb95cab15e0039ffb5c907f4_9101.request.json
 create mode 100644 experiments/unified_contextual_memory/artifacts/evaluation/judges/14190ab5d055fd7260129b389579035cefbc0d97fb95cab15e0039ffb5c907f4_9102.json
 create mode 100644 experiments/unified_contextual_memory/artifacts/evaluation/judges/14190ab5d055fd7260129b389579035cefbc0d97fb95cab15e0039ffb5c907f4_9102.request.json
 create mode 100644 experiments/unified_contextual_memory/artifacts/evaluation/judges/14190ab5d055fd7260129b389579035cefbc0d97fb95cab15e0039ffb5c907f4_9200.json
 create mode 100644 experiments/unified_contextual_memory/artifacts/evaluation/judges/14190ab5d055fd7260129b389579035cefbc0d97fb95cab15e0039ffb5c907f4_9200.request.json
 create mode 100644 experiments/unified_contextual_memory/artifacts/evaluation/judges/142b604adf2b4bc14663f060b6c5050b3bf530439e1c9c89d447d6bf5573c2a1_9100.json
 create mode 100644 experiments/unified_contextual_memory/artifacts/evaluation/judges/142b604adf2b4bc14663f060b6c5050b3bf530439e1c9c89d447d6bf5573c2a1_9100.request.json
 create mode 100644 experiments/unified_contextual_memory/artifacts/evaluation/judges/142b604adf2b4bc14663f060b6c5050b3bf530439e1c9c89d447d6bf5573c2a1_9101.json
 create mode 100644 experiments/unified_contextual_memory/artifacts/evaluation/judges/142b604adf2b4bc14663f060b6c5050b3bf530439e1c9c89d447d6bf5573c2a1_9101.request.json
 create mode 100644 experiments/unified_contextual_memory/artifacts/evaluation/judges/142b604adf2b4bc14663f060b6c5050b3bf530439e1c9c89d447d6bf5573c2a1_9102.json
 create mode 100644 experiments/unified_contextual_memory/artifacts/evaluation/judges/142b604adf2b4bc14663f060b6c5050b3bf530439e1c9c89d447d6bf5573c2a1_9102.request.json
 create mode 100644 experiments/unified_contextual_memory/artifacts/evaluation/judges/142b604adf2b4bc14663f060b6c5050b3bf530439e1c9c89d447d6bf5573c2a1_9200.json
 create mode 100644 experiments/unified_contextual_memory/artifacts/evaluation/judges/142b604adf2b4bc14663f060b6c5050b3bf530439e1c9c89d447d6bf5573c2a1_9200.request.json
 create mode 100644 experiments/unified_contextual_memory/artifacts/evaluation/judges/152a80cbf97934fa571a1cae4320c3fd562136409b894282849ce5a22d79d0e5_9100.json
 create mode 100644 experiments/unified_contextual_memory/artifacts/evaluation/judges/152a80cbf97934fa571a1cae4320c3fd562136409b894282849ce5a22d79d0e5_9100.request.json
 create mode 100644 experiments/unified_contextual_memory/artifacts/evaluation/judges/152a80cbf97934fa571a1cae4320c3fd562136409b894282849ce5a22d79d0e5_9101.json
 create mode 100644 experiments/unified_contextual_memory/artifacts/evaluation/judges/152a80cbf97934fa571a1cae4320c3fd562136409b894282849ce5a22d79d0e5_9101.request.json
 create mode 100644 experiments/unified_contextual_memory/artifacts/evaluation/judges/152a80cbf97934fa571a1cae4320c3fd562136409b894282849ce5a22d79d0e5_9102.json
 create mode 100644 experiments/unified_contextual_memory/artifacts/evaluation/judges/152a80cbf97934fa571a1cae4320c3fd562136409b894282849ce5a22d79d0e5_9102.request.json
 create mode 100644 experiments/unified_contextual_memory/artifacts/evaluation/judges/152a80cbf97934fa571a1cae4320c3fd562136409b894282849ce5a22d79d0e5_9200.json
 create mode 100644 experiments/unified_contextual_memory/artifacts/evaluation/judges/152a80cbf97934fa571a1cae4320c3fd562136409b894282849ce5a22d79d0e5_9200.request.json
 create mode 100644 experiments/unified_contextual_memory/artifacts/evaluation/judges/153c2ea2168bbb90e11189cab514b98ef2bf268af472bb7fa7db82a75b742e06_9100.json
 create mode 100644 experiments/unified_contextual_memory/artifacts/evaluation/judges/153c2ea2168bbb90e11189cab514b98ef2bf268af472bb7fa7db82a75b742e06_9100.request.json
 create mode 100644 experiments/unified_contextual_memory/artifacts/evaluation/judges/153c2ea2168bbb90e11189cab514b98ef2bf268af472bb7fa7db82a75b742e06_9101.json
 create mode 100644 experiments/unified_contextual_memory/artifacts/evaluation/judges/153c2ea2168bbb90e11189cab514b98ef2bf268af472bb7fa7db82a75b742e06_9101.request.json
 create mode 100644 experiments/unified_contextual_memory/artifacts/evaluation/judges/153c2ea2168bbb90e11189cab514b98ef2bf268af472bb7fa7db82a75b742e06_9102.json
 create mode 100644 experiments/unified_contextual_memory/artifacts/evaluation/judges/153c2ea2168bbb90e11189cab514b98ef2bf268af472bb7fa7db82a75b742e06_9102.request.json
 create mode 100644 experiments/unified_contextual_memory/artifacts/evaluation/judges/153c2ea2168bbb90e11189cab514b98ef2bf268af472bb7fa7db82a75b742e06_9200.json
 create mode 100644 experiments/unified_contextual_memory/artifacts/evaluation/judges/153c2ea2168bbb90e11189cab514b98ef2bf268af472bb7fa7db82a75b742e06_9200.request.json
 create mode 100644 experiments/unified_contextual_memory/artifacts/evaluation/judges/155c2670b949c35fe137ba167b5562b00315780cdb406521b79a8e933d9a9052_9100.json
 create mode 100644 experiments/unified_contextual_memory/artifacts/evaluation/judges/155c2670b949c35fe137ba167b5562b00315780cdb406521b79a8e933d9a9052_9100.request.json
 create mode 100644 experiments/unified_contextual_memory/artifacts/evaluation/judges/155c2670b949c35fe137ba167b5562b00315780cdb406521b79a8e933d9a9052_9101.json
 create mode 100644 experiments/unified_contextual_memory/artifacts/evaluation/judges/155c2670b949c35fe137ba167b5562b00315780cdb406521b79a8e933d9a9052_9101.request.json
 create mode 100644 experiments/unified_contextual_memory/artifacts/evaluation/judges/155c2670b949c35fe137ba167b5562b00315780cdb406521b79a8e933d9a9052_9102.json
 create mode 100644 experiments/unified_contextual_memory/artifacts/evaluation/judges/155c2670b949c35fe137ba167b5562b00315780cdb406521b79a8e933d9a9052_9102.request.json
 create mode 100644 experiments/unified_contextual_memory/artifacts/evaluation/judges/155c2670b949c35fe137ba167b5562b00315780cdb406521b79a8e933d9a9052_9200.json
 create mode 100644 experiments/unified_contextual_memory/artifacts/evaluation/judges/155c2670b949c35fe137ba167b5562b00315780cdb406521b79a8e933d9a9052_9200.request.json
 create mode 100644 experiments/unified_contextual_memory/artifacts/evaluation/judges/15e47c63905867774a3af70a8cc75d5526ab073d1c436d26b2ad4af88020b197_9100.json
 create mode 100644 experiments/unified_contextual_memory/artifacts/evaluation/judges/15e47c63905867774a3af70a8cc75d5526ab073d1c436d26b2ad4af88020b197_9100.request.json
 create mode 100644 experiments/unified_contextual_memory/artifacts/evaluation/judges/15e47c63905867774a3af70a8cc75d5526ab073d1c436d26b2ad4af88020b197_9101.json
 create mode 100644 experiments/unified_contextual_memory/artifacts/evaluation/judges/15e47c63905867774a3af70a8cc75d5526ab073d1c436d26b2ad4af88020b197_9101.request.json
 create mode 100644 experiments/unified_contextual_memory/artifacts/evaluation/judges/15e47c63905867774a3af70a8cc75d5526ab073d1c436d26b2ad4af88020b197_9102.json
 create mode 100644 experiments/unified_contextual_memory/artifacts/evaluation/judges/15e47c63905867774a3af70a8cc75d5526ab073d1c436d26b2ad4af88020b197_9102.request.json
 create mode 100644 experiments/unified_contextual_memory/artifacts/evaluation/judges/15e47c63905867774a3af70a8cc75d5526ab073d1c436d26b2ad4af88020b197_9200.json
 create mode 100644 experiments/unified_contextual_memory/artifacts/evaluation/judges/15e47c63905867774a3af70a8cc75d5526ab073d1c436d26b2ad4af88020b197_9200.request.json
 create mode 100644 experiments/unified_contextual_memory/artifacts/evaluation/judges/16b239b96d813a904265a282aad9a77cce59af3a3af88b5ef3db728762b7e41e_9100.json
 create mode 100644 experiments/unified_contextual_memory/artifacts/evaluation/judges/16b239b96d813a904265a282aad9a77cce59af3a3af88b5ef3db728762b7e41e_9100.request.json
 create mode 100644 experiments/unified_contextual_memory/artifacts/evaluation/judges/16b239b96d813a904265a282aad9a77cce59af3a3af88b5ef3db728762b7e41e_9101.json
 create mode 100644 experiments/unified_contextual_memory/artifacts/evaluation/judges/16b239b96d813a904265a282aad9a77cce59af3a3af88b5ef3db728762b7e41e_9101.request.json
 create mode 100644 experiments/unified_contextual_memory/artifacts/evaluation/judges/16b239b96d813a904265a282aad9a77cce59af3a3af88b5ef3db728762b7e41e_9102.json
 create mode 100644 experiments/unified_contextual_memory/artifacts/evaluation/judges/16b239b96d813a904265a282aad9a77cce59af3a3af88b5ef3db728762b7e41e_9102.request.json
 create mode 100644 experiments/unified_contextual_memory/artifacts/evaluation/judges/16b239b96d813a904265a282aad9a77cce59af3a3af88b5ef3db728762b7e41e_9200.json
 create mode 100644 experiments/unified_contextual_memory/artifacts/evaluation/judges/16b239b96d813a904265a282aad9a77cce59af3a3af88b5ef3db728762b7e41e_9200.request.json
 create mode 100644 experiments/unified_contextual_memory/artifacts/evaluation/judges/16c27da7ffb93475c0affb14dc608e7a410efb373ad07d76722e328255a5a26e_9100.json
 create mode 100644 experiments/unified_contextual_memory/artifacts/evaluation/judges/16c27da7ffb93475c0affb14dc608e7a410efb373ad07d76722e328255a5a26e_9100.request.json
 create mode 100644 experiments/unified_contextual_memory/artifacts/evaluation/judges/16c27da7ffb93475c0affb14dc608e7a410efb373ad07d76722e328255a5a26e_9101.json
 create mode 100644 experiments/unified_contextual_memory/artifacts/evaluation/judges/16c27da7ffb93475c0affb14dc608e7a410efb373ad07d76722e328255a5a26e_9101.request.json
 create mode 100644 experiments/unified_contextual_memory/artifacts/evaluation/judges/16c27da7ffb93475c0affb14dc608e7a410efb373ad07d76722e328255a5a26e_9102.json
 create mode 100644 experiments/unified_contextual_memory/artifacts/evaluation/judges/16c27da7ffb93475c0affb14dc608e7a410efb373ad07d76722e328255a5a26e_9102.request.json
 create mode 100644 experiments/unified_contextual_memory/artifacts/evaluation/judges/16c27da7ffb93475c0affb14dc608e7a410efb373ad07d76722e328255a5a26e_9200.json
 create mode 100644 experiments/unified_contextual_memory/artifacts/evaluation/judges/16c27da7ffb93475c0affb14dc608e7a410efb373ad07d76722e328255a5a26e_9200.request.json
 create mode 100644 experiments/unified_contextual_memory/artifacts/evaluation/judges/16ed5ed8c327dec83f645552d6e729b9b1710c909aef5ef57eb26e6ded74f2e4_9100.json
 create mode 100644 experiments/unified_contextual_memory/artifacts/evaluation/judges/16ed5ed8c327dec83f645552d6e729b9b1710c909aef5ef57eb26e6ded74f2e4_9100.request.json
 create mode 100644 experiments/unified_contextual_memory/artifacts/evaluation/judges/16ed5ed8c327dec83f645552d6e729b9b1710c909aef5ef57eb26e6ded74f2e4_9101.json
 create mode 100644 experiments/unified_contextual_memory/artifacts/evaluation/judges/16ed5ed8c327dec83f645552d6e729b9b1710c909aef5ef57eb26e6ded74f2e4_9101.request.json
 create mode 100644 experiments/unified_contextual_memory/artifacts/evaluation/judges/16ed5ed8c327dec83f645552d6e729b9b1710c909aef5ef57eb26e6ded74f2e4_9102.json
 create mode 100644 experiments/unified_contextual_memory/artifacts/evaluation/judges/16ed5ed8c327dec83f645552d6e729b9b1710c909aef5ef57eb26e6ded74f2e4_9102.request.json
 create mode 100644 experiments/unified_contextual_memory/artifacts/evaluation/judges/16ed5ed8c327dec83f645552d6e729b9b1710c909aef5ef57eb26e6ded74f2e4_9200.json
 create mode 100644 experiments/unified_contextual_memory/artifacts/evaluation/judges/16ed5ed8c327dec83f645552d6e729b9b1710c909aef5ef57eb26e6ded74f2e4_9200.request.json
 create mode 100644 experiments/unified_contextual_memory/artifacts/evaluation/judges/16ff705f89a2a9412b471f048fef03b715c1d5ea8aad1b1adf7b6b098f57f5a3_9100.json
 create mode 100644 experiments/unified_contextual_memory/artifacts/evaluation/judges/16ff705f89a2a9412b471f048fef03b715c1d5ea8aad1b1adf7b6b098f57f5a3_9100.request.json
 create mode 100644 experiments/unified_contextual_memory/artifacts/evaluation/judges/16ff705f89a2a9412b471f048fef03b715c1d5ea8aad1b1adf7b6b098f57f5a3_9101.json
 create mode 100644 experiments/unified_contextual_memory/artifacts/evaluation/judges/16ff705f89a2a9412b471f048fef03b715c1d5ea8aad1b1adf7b6b098f57f5a3_9101.request.json
 create mode 100644 experiments/unified_contextual_memory/artifacts/evaluation/judges/16ff705f89a2a9412b471f048fef03b715c1d5ea8aad1b1adf7b6b098f57f5a3_9102.json
 create mode 100644 experiments/unified_contextual_memory/artifacts/evaluation/judges/16ff705f89a2a9412b471f048fef03b715c1d5ea8aad1b1adf7b6b098f57f5a3_9102.request.json
 create mode 100644 experiments/unified_contextual_memory/artifacts/evaluation/judges/16ff705f89a2a9412b471f048fef03b715c1d5ea8aad1b1adf7b6b098f57f5a3_9200.json
 create mode 100644 experiments/unified_contextual_memory/artifacts/evaluation/judges/16ff705f89a2a9412b471f048fef03b715c1d5ea8aad1b1adf7b6b098f57f5a3_9200.request.json
 create mode 100644 experiments/unified_contextual_memory/artifacts/evaluation/judges/1775dccd73ff1c7ffae58a0ad5eee886971fb8fc6976c86c264151d6e7bc8d8a_9100.json
 create mode 100644 experiments/unified_contextual_memory/artifacts/evaluation/judges/1775dccd73ff1c7ffae58a0ad5eee886971fb8fc6976c86c264151d6e7bc8d8a_9100.request.json
 create mode 100644 experiments/unified_contextual_memory/artifacts/evaluation/judges/1775dccd73ff1c7ffae58a0ad5eee886971fb8fc6976c86c264151d6e7bc8d8a_9101.json
 create mode 100644 experiments/unified_contextual_memory/artifacts/evaluation/judges/1775dccd73ff1c7ffae58a0ad5eee886971fb8fc6976c86c264151d6e7bc8d8a_9101.request.json
 create mode 100644 experiments/unified_contextual_memory/artifacts/evaluation/judges/1775dccd73ff1c7ffae58a0ad5eee886971fb8fc6976c86c264151d6e7bc8d8a_9102.json
 create mode 100644 experiments/unified_contextual_memory/artifacts/evaluation/judges/1775dccd73ff1c7ffae58a0ad5eee886971fb8fc6976c86c264151d6e7bc8d8a_9102.request.json
 create mode 100644 experiments/unified_contextual_memory/artifacts/evaluation/judges/1775dccd73ff1c7ffae58a0ad5eee886971fb8fc6976c86c264151d6e7bc8d8a_9200.json
 create mode 100644 experiments/unified_contextual_memory/artifacts/evaluation/judges/1775dccd73ff1c7ffae58a0ad5eee886971fb8fc6976c86c264151d6e7bc8d8a_9200.request.json
 create mode 100644 experiments/unified_contextual_memory/artifacts/evaluation/judges/17d49c8ad3a67a5314a54db7e10d288c41e376d5cd0d12299cbd22012d863040_9100.json
 create mode 100644 experiments/unified_contextual_memory/artifacts/evaluation/judges/17d49c8ad3a67a5314a54db7e10d288c41e376d5cd0d12299cbd22012d863040_9100.request.json
 create mode 100644 experiments/unified_contextual_memory/artifacts/evaluation/judges/17d49c8ad3a67a5314a54db7e10d288c41e376d5cd0d12299cbd22012d863040_9101.json
 create mode 100644 experiments/unified_contextual_memory/artifacts/evaluation/judges/17d49c8ad3a67a5314a54db7e10d288c41e376d5cd0d12299cbd22012d863040_9101.request.json
 create mode 100644 experiments/unified_contextual_memory/artifacts/evaluation/judges/17d49c8ad3a67a5314a54db7e10d288c41e376d5cd0d12299cbd22012d863040_9102.json
 create mode 100644 experiments/unified_contextual_memory/artifacts/evaluation/judges/17d49c8ad3a67a5314a54db7e10d288c41e376d5cd0d12299cbd22012d863040_9102.request.json
 create mode 100644 experiments/unified_contextual_memory/artifacts/evaluation/judges/17d49c8ad3a67a5314a54db7e10d288c41e376d5cd0d12299cbd22012d863040_9200.json
 create mode 100644 experiments/unified_contextual_memory/artifacts/evaluation/judges/17d49c8ad3a67a5314a54db7e10d288c41e376d5cd0d12299cbd22012d863040_9200.request.json
 create mode 100644 experiments/unified_contextual_memory/artifacts/evaluation/judges/18753384f527e8fab2fd0b5cbde9aaabf6ce46583a81675e9e788d998c6d2479_9100.json
 create mode 100644 experiments/unified_contextual_memory/artifacts/evaluation/judges/18753384f527e8fab2fd0b5cbde9aaabf6ce46583a81675e9e788d998c6d2479_9100.request.json
 create mode 100644 experiments/unified_contextual_memory/artifacts/evaluation/judges/18753384f527e8fab2fd0b5cbde9aaabf6ce46583a81675e9e788d998c6d2479_9101.json
 create mode 100644 experiments/unified_contextual_memory/artifacts/evaluation/judges/18753384f527e8fab2fd0b5cbde9aaabf6ce46583a81675e9e788d998c6d2479_9101.request.json
 create mode 100644 experiments/unified_contextual_memory/artifacts/evaluation/judges/18753384f527e8fab2fd0b5cbde9aaabf6ce46583a81675e9e788d998c6d2479_9102.json
 create mode 100644 experiments/unified_contextual_memory/artifacts/evaluation/judges/18753384f527e8fab2fd0b5cbde9aaabf6ce46583a81675e9e788d998c6d2479_9102.request.json
 create mode 100644 experiments/unified_contextual_memory/artifacts/evaluation/judges/18753384f527e8fab2fd0b5cbde9aaabf6ce46583a81675e9e788d998c6d2479_9200.json
 create mode 100644 experiments/unified_contextual_memory/artifacts/evaluation/judges/18753384f527e8fab2fd0b5cbde9aaabf6ce46583a81675e9e788d998c6d2479_9200.request.json
 create mode 100644 experiments/unified_contextual_memory/artifacts/evaluation/judges/188d84fedb84e4dd74b11c7c5efcec7287479be87cfd2e00133e723c8bf2c739_9100.json
 create mode 100644 experiments/unified_contextual_memory/artifacts/evaluation/judges/188d84fedb84e4dd74b11c7c5efcec7287479be87cfd2e00133e723c8bf2c739_9100.request.json
 create mode 100644 experiments/unified_contextual_memory/artifacts/evaluation/judges/188d84fedb84e4dd74b11c7c5efcec7287479be87cfd2e00133e723c8bf2c739_9101.json
 create mode 100644 experiments/unified_contextual_memory/artifacts/evaluation/judges/188d84fedb84e4dd74b11c7c5efcec7287479be87cfd2e00133e723c8bf2c739_9101.request.json
 create mode 100644 experiments/unified_contextual_memory/artifacts/evaluation/judges/188d84fedb84e4dd74b11c7c5efcec7287479be87cfd2e00133e723c8bf2c739_9102.json
 create mode 100644 experiments/unified_contextual_memory/artifacts/evaluation/judges/188d84fedb84e4dd74b11c7c5efcec7287479be87cfd2e00133e723c8bf2c739_9102.request.json
 create mode 100644 experiments/unified_contextual_memory/artifacts/evaluation/judges/188d84fedb84e4dd74b11c7c5efcec7287479be87cfd2e00133e723c8bf2c739_9200.json
 create mode 100644 experiments/unified_contextual_memory/artifacts/evaluation/judges/188d84fedb84e4dd74b11c7c5efcec7287479be87cfd2e00133e723c8bf2c739_9200.request.json
 create mode 100644 experiments/unified_contextual_memory/artifacts/evaluation/judges/1963fa65dcf6addcab834a52bc3959be0378107bc518d8479eeb7835d74d7a67_9100.json
 create mode 100644 experiments/unified_contextual_memory/artifacts/evaluation/judges/1963fa65dcf6addcab834a52bc3959be0378107bc518d8479eeb7835d74d7a67_9100.request.json
 create mode 100644 experiments/unified_contextual_memory/artifacts/evaluation/judges/1963fa65dcf6addcab834a52bc3959be0378107bc518d8479eeb7835d74d7a67_9101.json
 create mode 100644 experiments/unified_contextual_memory/artifacts/evaluation/judges/1963fa65dcf6addcab834a52bc3959be0378107bc518d8479eeb7835d74d7a67_9101.request.json
 create mode 100644 experiments/unified_contextual_memory/artifacts/evaluation/judges/1963fa65dcf6addcab834a52bc3959be0378107bc518d8479eeb7835d74d7a67_9102.json
 create mode 100644 experiments/unified_contextual_memory/artifacts/evaluation/judges/1963fa65dcf6addcab834a52bc3959be0378107bc518d8479eeb7835d74d7a67_9102.request.json
 create mode 100644 experiments/unified_contextual_memory/artifacts/evaluation/judges/1963fa65dcf6addcab834a52bc3959be0378107bc518d8479eeb7835d74d7a67_9200.json
 create mode 100644 experiments/unified_contextual_memory/artifacts/evaluation/judges/1963fa65dcf6addcab834a52bc3959be0378107bc518d8479eeb7835d74d7a67_9200.request.json
 create mode 100644 experiments/unified_contextual_memory/artifacts/evaluation/judges/1991f44fdf22b1aa36e8cc25310c122ae600c61b3183a678a24c4b36c463e23d_9100.json
 create mode 100644 experiments/unified_contextual_memory/artifacts/evaluation/judges/1991f44fdf22b1aa36e8cc25310c122ae600c61b3183a678a24c4b36c463e23d_9100.request.json
 create mode 100644 experiments/unified_contextual_memory/artifacts/evaluation/judges/1991f44fdf22b1aa36e8cc25310c122ae600c61b3183a678a24c4b36c463e23d_9101.json
 create mode 100644 experiments/unified_contextual_memory/artifacts/evaluation/judges/1991f44fdf22b1aa36e8cc25310c122ae600c61b3183a678a24c4b36c463e23d_9101.request.json
 create mode 100644 experiments/unified_contextual_memory/artifacts/evaluation/judges/1991f44fdf22b1aa36e8cc25310c122ae600c61b3183a678a24c4b36c463e23d_9102.json
 create mode 100644 experiments/unified_contextual_memory/artifacts/evaluation/judges/1991f44fdf22b1aa36e8cc25310c122ae600c61b3183a678a24c4b36c463e23d_9102.request.json
 create mode 100644 experiments/unified_contextual_memory/artifacts/evaluation/judges/1991f44fdf22b1aa36e8cc25310c122ae600c61b3183a678a24c4b36c463e23d_9200.json
 create mode 100644 experiments/unified_contextual_memory/artifacts/evaluation/judges/1991f44fdf22b1aa36e8cc25310c122ae600c61b3183a678a24c4b36c463e23d_9200.request.json
 create mode 100644 experiments/unified_contextual_memory/artifacts/evaluation/judges/199656e98ad0523fdce88086c2e98ae091e2c642cb752c46fd675f7b1d8d9778_9100.json
 create mode 100644 experiments/unified_contextual_memory/artifacts/evaluation/judges/199656e98ad0523fdce88086c2e98ae091e2c642cb752c46fd675f7b1d8d9778_9100.request.json
 create mode 100644 experiments/unified_contextual_memory/artifacts/evaluation/judges/199656e98ad0523fdce88086c2e98ae091e2c642cb752c46fd675f7b1d8d9778_9101.json
 create mode 100644 experiments/unified_contextual_memory/artifacts/evaluation/judges/199656e98ad0523fdce88086c2e98ae091e2c642cb752c46fd675f7b1d8d9778_9101.request.json
 create mode 100644 experiments/unified_contextual_memory/artifacts/evaluation/judges/199656e98ad0523fdce88086c2e98ae091e2c642cb752c46fd675f7b1d8d9778_9102.json
 create mode 100644 experiments/unified_contextual_memory/artifacts/evaluation/judges/199656e98ad0523fdce88086c2e98ae091e2c642cb752c46fd675f7b1d8d9778_9102.request.json
 create mode 100644 experiments/unified_contextual_memory/artifacts/evaluation/judges/199656e98ad0523fdce88086c2e98ae091e2c642cb752c46fd675f7b1d8d9778_9200.json
 create mode 100644 experiments/unified_contextual_memory/artifacts/evaluation/judges/199656e98ad0523fdce88086c2e98ae091e2c642cb752c46fd675f7b1d8d9778_9200.request.json
 create mode 100644 experiments/unified_contextual_memory/artifacts/evaluation/judges/1ad74e2d05a8ab34f99fdd40a560e2d9637a0340a58f66793d3170c78e28e6ee_9100.json
 create mode 100644 experiments/unified_contextual_memory/artifacts/evaluation/judges/1ad74e2d05a8ab34f99fdd40a560e2d9637a0340a58f66793d3170c78e28e6ee_9100.request.json
 create mode 100644 experiments/unified_contextual_memory/artifacts/evaluation/judges/1ad74e2d05a8ab34f99fdd40a560e2d9637a0340a58f66793d3170c78e28e6ee_9101.json
 create mode 100644 experiments/unified_contextual_memory/artifacts/evaluation/judges/1ad74e2d05a8ab34f99fdd40a560e2d9637a0340a58f66793d3170c78e28e6ee_9101.request.json
 create mode 100644 experiments/unified_contextual_memory/artifacts/evaluation/judges/1ad74e2d05a8ab34f99fdd40a560e2d9637a0340a58f66793d3170c78e28e6ee_9102.json
 create mode 100644 experiments/unified_contextual_memory/artifacts/evaluation/judges/1ad74e2d05a8ab34f99fdd40a560e2d9637a0340a58f66793d3170c78e28e6ee_9102.request.json
 create mode 100644 experiments/unified_contextual_memory/artifacts/evaluation/judges/1ad74e2d05a8ab34f99fdd40a560e2d9637a0340a58f66793d3170c78e28e6ee_9200.json
 create mode 100644 experiments/unified_contextual_memory/artifacts/evaluation/judges/1ad74e2d05a8ab34f99fdd40a560e2d9637a0340a58f66793d3170c78e28e6ee_9200.request.json
 create mode 100644 experiments/unified_contextual_memory/artifacts/evaluation/judges/1b8aea322da04d25ee6f92f666ae6bd4015df0fb9521469399071378906d0218_9100.json
 create mode 100644 experiments/unified_contextual_memory/artifacts/evaluation/judges/1b8aea322da04d25ee6f92f666ae6bd4015df0fb9521469399071378906d0218_9100.request.json
 create mode 100644 experiments/unified_contextual_memory/artifacts/evaluation/judges/1b8aea322da04d25ee6f92f666ae6bd4015df0fb9521469399071378906d0218_9101.json
 create mode 100644 experiments/unified_contextual_memory/artifacts/evaluation/judges/1b8aea322da04d25ee6f92f666ae6bd4015df0fb9521469399071378906d0218_9101.request.json
 create mode 100644 experiments/unified_contextual_memory/artifacts/evaluation/judges/1b8aea322da04d25ee6f92f666ae6bd4015df0fb9521469399071378906d0218_9102.json
 create mode 100644 experiments/unified_contextual_memory/artifacts/evaluation/judges/1b8aea322da04d25ee6f92f666ae6bd4015df0fb9521469399071378906d0218_9102.request.json
 create mode 100644 experiments/unified_contextual_memory/artifacts/evaluation/judges/1b8aea322da04d25ee6f92f666ae6bd4015df0fb9521469399071378906d0218_9200.json
 create mode 100644 experiments/unified_contextual_memory/artifacts/evaluation/judges/1b8aea322da04d25ee6f92f666ae6bd4015df0fb9521469399071378906d0218_9200.request.json
 create mode 100644 experiments/unified_contextual_memory/artifacts/evaluation/judges/1bd1383859a9f36721c9f073a1f74cdc9eb779be1aae8577257115e7ba22f617_9100.json
 create mode 100644 experiments/unified_contextual_memory/artifacts/evaluation/judges/1bd1383859a9f36721c9f073a1f74cdc9eb779be1aae8577257115e7ba22f617_9100.request.json
 create mode 100644 experiments/unified_contextual_memory/artifacts/evaluation/judges/1bd1383859a9f36721c9f073a1f74cdc9eb779be1aae8577257115e7ba22f617_9101.json
 create mode 100644 experiments/unified_contextual_memory/artifacts/evaluation/judges/1bd1383859a9f36721c9f073a1f74cdc9eb779be1aae8577257115e7ba22f617_9101.request.json
 create mode 100644 experiments/unified_contextual_memory/artifacts/evaluation/judges/1bd1383859a9f36721c9f073a1f74cdc9eb779be1aae8577257115e7ba22f617_9102.json
 create mode 100644 experiments/unified_contextual_memory/artifacts/evaluation/judges/1bd1383859a9f36721c9f073a1f74cdc9eb779be1aae8577257115e7ba22f617_9102.request.json
 create mode 100644 experiments/unified_contextual_memory/artifacts/evaluation/judges/1bd1383859a9f36721c9f073a1f74cdc9eb779be1aae8577257115e7ba22f617_9200.json
 create mode 100644 experiments/unified_contextual_memory/artifacts/evaluation/judges/1bd1383859a9f36721c9f073a1f74cdc9eb779be1aae8577257115e7ba22f617_9200.request.json
 create mode 100644 experiments/unified_contextual_memory/artifacts/evaluation/judges/1be74f65a55aa361181dc94f2121cbeb77b3310acb4ecf5bfd6c7a54e7b5fb15_9100.json
 create mode 100644 experiments/unified_contextual_memory/artifacts/evaluation/judges/1be74f65a55aa361181dc94f2121cbeb77b3310acb4ecf5bfd6c7a54e7b5fb15_9100.request.json
 create mode 100644 experiments/unified_contextual_memory/artifacts/evaluation/judges/1be74f65a55aa361181dc94f2121cbeb77b3310acb4ecf5bfd6c7a54e7b5fb15_9101.json
 create mode 100644 experiments/unified_contextual_memory/artifacts/evaluation/judges/1be74f65a55aa361181dc94f2121cbeb77b3310acb4ecf5bfd6c7a54e7b5fb15_9101.request.json
 create mode 100644 experiments/unified_contextual_memory/artifacts/evaluation/judges/1be74f65a55aa361181dc94f2121cbeb77b3310acb4ecf5bfd6c7a54e7b5fb15_9102.json
 create mode 100644 experiments/unified_contextual_memory/artifacts/evaluation/judges/1be74f65a55aa361181dc94f2121cbeb77b3310acb4ecf5bfd6c7a54e7b5fb15_9102.request.json
 create mode 100644 experiments/unified_contextual_memory/artifacts/evaluation/judges/1be74f65a55aa361181dc94f2121cbeb77b3310acb4ecf5bfd6c7a54e7b5fb15_9200.json
 create mode 100644 experiments/unified_contextual_memory/artifacts/evaluation/judges/1be74f65a55aa361181dc94f2121cbeb77b3310acb4ecf5bfd6c7a54e7b5fb15_9200.request.json
 create mode 100644 experiments/unified_contextual_memory/artifacts/evaluation/judges/1c40fe93d439ed4262b18353ad30e631ecc3f9b7e3d4a5cc8f004b2492c6f168_9100.json
 create mode 100644 experiments/unified_contextual_memory/artifacts/evaluation/judges/1c40fe93d439ed4262b18353ad30e631ecc3f9b7e3d4a5cc8f004b2492c6f168_9100.request.json
 create mode 100644 experiments/unified_contextual_memory/artifacts/evaluation/judges/1c40fe93d439ed4262b18353ad30e631ecc3f9b7e3d4a5cc8f004b2492c6f168_9101.json
 create mode 100644 experiments/unified_contextual_memory/artifacts/evaluation/judges/1c40fe93d439ed4262b18353ad30e631ecc3f9b7e3d4a5cc8f004b2492c6f168_9101.request.json
 create mode 100644 experiments/unified_contextual_memory/artifacts/evaluation/judges/1c40fe93d439ed4262b18353ad30e631ecc3f9b7e3d4a5cc8f004b2492c6f168_9102.json
 create mode 100644 experiments/unified_contextual_memory/artifacts/evaluation/judges/1c40fe93d439ed4262b18353ad30e631ecc3f9b7e3d4a5cc8f004b2492c6f168_9102.request.json
 create mode 100644 experiments/unified_contextual_memory/artifacts/evaluation/judges/1c40fe93d439ed4262b18353ad30e631ecc3f9b7e3d4a5cc8f004b2492c6f168_9200.json
 create mode 100644 experiments/unified_contextual_memory/artifacts/evaluation/judges/1c40fe93d439ed4262b18353ad30e631ecc3f9b7e3d4a5cc8f004b2492c6f168_9200.request.json
 create mode 100644 experiments/unified_contextual_memory/artifacts/evaluation/judges/1c530153a1587ff12b5544817e6f2de16382d24d998cd00f1b1d2d25953e47fa_9100.json
 create mode 100644 experiments/unified_contextual_memory/artifacts/evaluation/judges/1c530153a1587ff12b5544817e6f2de16382d24d998cd00f1b1d2d25953e47fa_9100.request.json
 create mode 100644 experiments/unified_contextual_memory/artifacts/evaluation/judges/1c530153a1587ff12b5544817e6f2de16382d24d998cd00f1b1d2d25953e47fa_9101.json
 create mode 100644 experiments/unified_contextual_memory/artifacts/evaluation/judges/1c530153a1587ff12b5544817e6f2de16382d24d998cd00f1b1d2d25953e47fa_9101.request.json
 create mode 100644 experiments/unified_contextual_memory/artifacts/evaluation/judges/1c530153a1587ff12b5544817e6f2de16382d24d998cd00f1b1d2d25953e47fa_9102.json
 create mode 100644 experiments/unified_contextual_memory/artifacts/evaluation/judges/1c530153a1587ff12b5544817e6f2de16382d24d998cd00f1b1d2d25953e47fa_9102.request.json
 create mode 100644 experiments/unified_contextual_memory/artifacts/evaluation/judges/1c530153a1587ff12b5544817e6f2de16382d24d998cd00f1b1d2d25953e47fa_9200.json
 create mode 100644 experiments/unified_contextual_memory/artifacts/evaluation/judges/1c530153a1587ff12b5544817e6f2de16382d24d998cd00f1b1d2d25953e47fa_9200.request.json
 create mode 100644 experiments/unified_contextual_memory/artifacts/evaluation/judges/1c8eeea19a401addbbe586404dbfb548e7f71d32a409be14e4e9dcd080b481bf_9100.json
 create mode 100644 experiments/unified_contextual_memory/artifacts/evaluation/judges/1c8eeea19a401addbbe586404dbfb548e7f71d32a409be14e4e9dcd080b481bf_9100.request.json
 create mode 100644 experiments/unified_contextual_memory/artifacts/evaluation/judges/1c8eeea19a401addbbe586404dbfb548e7f71d32a409be14e4e9dcd080b481bf_9101.json
 create mode 100644 experiments/unified_contextual_memory/artifacts/evaluation/judges/1c8eeea19a401addbbe586404dbfb548e7f71d32a409be14e4e9dcd080b481bf_9101.request.json
 create mode 100644 experiments/unified_contextual_memory/artifacts/evaluation/judges/1c8eeea19a401addbbe586404dbfb548e7f71d32a409be14e4e9dcd080b481bf_9102.json
 create mode 100644 experiments/unified_contextual_memory/artifacts/evaluation/judges/1c8eeea19a401addbbe586404dbfb548e7f71d32a409be14e4e9dcd080b481bf_9102.request.json
 create mode 100644 experiments/unified_contextual_memory/artifacts/evaluation/judges/1c8eeea19a401addbbe586404dbfb548e7f71d32a409be14e4e9dcd080b481bf_9200.json
 create mode 100644 experiments/unified_contextual_memory/artifacts/evaluation/judges/1c8eeea19a401addbbe586404dbfb548e7f71d32a409be14e4e9dcd080b481bf_9200.request.json
 create mode 100644 experiments/unified_contextual_memory/artifacts/evaluation/judges/1d261de8be06dbb915c7affaabfc4e751b25c72a4cedf228e55556e3906ea167_9100.json
 create mode 100644 experiments/unified_contextual_memory/artifacts/evaluation/judges/1d261de8be06dbb915c7affaabfc4e751b25c72a4cedf228e55556e3906ea167_9100.request.json
 create mode 100644 experiments/unified_contextual_memory/artifacts/evaluation/judges/1d261de8be06dbb915c7affaabfc4e751b25c72a4cedf228e55556e3906ea167_9101.json
 create mode 100644 experiments/unified_contextual_memory/artifacts/evaluation/judges/1d261de8be06dbb915c7affaabfc4e751b25c72a4cedf228e55556e3906ea167_9101.request.json
 create mode 100644 experiments/unified_contextual_memory/artifacts/evaluation/judges/1d261de8be06dbb915c7affaabfc4e751b25c72a4cedf228e55556e3906ea167_9102.json
 create mode 100644 experiments/unified_contextual_memory/artifacts/evaluation/judges/1d261de8be06dbb915c7affaabfc4e751b25c72a4cedf228e55556e3906ea167_9102.request.json
 create mode 100644 experiments/unified_contextual_memory/artifacts/evaluation/judges/1d261de8be06dbb915c7affaabfc4e751b25c72a4cedf228e55556e3906ea167_9200.json
 create mode 100644 experiments/unified_contextual_memory/artifacts/evaluation/judges/1d261de8be06dbb915c7affaabfc4e751b25c72a4cedf228e55556e3906ea167_9200.request.json
 create mode 100644 experiments/unified_contextual_memory/artifacts/evaluation/judges/1d52bd14724eda0162241eb6788aec73058e189d0d77c1b426d01927046845c3_9100.json
 create mode 100644 experiments/unified_contextual_memory/artifacts/evaluation/judges/1d52bd14724eda0162241eb6788aec73058e189d0d77c1b426d01927046845c3_9100.request.json
 create mode 100644 experiments/unified_contextual_memory/artifacts/evaluation/judges/1d52bd14724eda0162241eb6788aec73058e189d0d77c1b426d01927046845c3_9101.json
 create mode 100644 experiments/unified_contextual_memory/artifacts/evaluation/judges/1d52bd14724eda0162241eb6788aec73058e189d0d77c1b426d01927046845c3_9101.request.json
 create mode 100644 experiments/unified_contextual_memory/artifacts/evaluation/judges/1d52bd14724eda0162241eb6788aec73058e189d0d77c1b426d01927046845c3_9102.json
 create mode 100644 experiments/unified_contextual_memory/artifacts/evaluation/judges/1d52bd14724eda0162241eb6788aec73058e189d0d77c1b426d01927046845c3_9102.request.json
 create mode 100644 experiments/unified_contextual_memory/artifacts/evaluation/judges/1d52bd14724eda0162241eb6788aec73058e189d0d77c1b426d01927046845c3_9200.json
 create mode 100644 experiments/unified_contextual_memory/artifacts/evaluation/judges/1d52bd14724eda0162241eb6788aec73058e189d0d77c1b426d01927046845c3_9200.request.json
 create mode 100644 experiments/unified_contextual_memory/artifacts/evaluation/judges/1e2e71498ed3eaa46128b33c485d7bbedd3593eb32ca055dd355860fcc03fb41_9100.json
 create mode 100644 experiments/unified_contextual_memory/artifacts/evaluation/judges/1e2e71498ed3eaa46128b33c485d7bbedd3593eb32ca055dd355860fcc03fb41_9100.request.json
 create mode 100644 experiments/unified_contextual_memory/artifacts/evaluation/judges/1e2e71498ed3eaa46128b33c485d7bbedd3593eb32ca055dd355860fcc03fb41_9101.json
 create mode 100644 experiments/unified_contextual_memory/artifacts/evaluation/judges/1e2e71498ed3eaa46128b33c485d7bbedd3593eb32ca055dd355860fcc03fb41_9101.request.json
 create mode 100644 experiments/unified_contextual_memory/artifacts/evaluation/judges/1e2e71498ed3eaa46128b33c485d7bbedd3593eb32ca055dd355860fcc03fb41_9102.json
 create mode 100644 experiments/unified_contextual_memory/artifacts/evaluation/judges/1e2e71498ed3eaa46128b33c485d7bbedd3593eb32ca055dd355860fcc03fb41_9102.request.json
 create mode 100644 experiments/unified_contextual_memory/artifacts/evaluation/judges/1e2e71498ed3eaa46128b33c485d7bbedd3593eb32ca055dd355860fcc03fb41_9200.json
 create mode 100644 experiments/unified_contextual_memory/artifacts/evaluation/judges/1e2e71498ed3eaa46128b33c485d7bbedd3593eb32ca055dd355860fcc03fb41_9200.request.json
 create mode 100644 experiments/unified_contextual_memory/artifacts/evaluation/judges/1e3233ca90ce297606168fe305d6e3794c805fa9f9c58a422523f737065ab683_9100.json
 create mode 100644 experiments/unified_contextual_memory/artifacts/evaluation/judges/1e3233ca90ce297606168fe305d6e3794c805fa9f9c58a422523f737065ab683_9100.request.json
 create mode 100644 experiments/unified_contextual_memory/artifacts/evaluation/judges/1e3233ca90ce297606168fe305d6e3794c805fa9f9c58a422523f737065ab683_9101.json
 create mode 100644 experiments/unified_contextual_memory/artifacts/evaluation/judges/1e3233ca90ce297606168fe305d6e3794c805fa9f9c58a422523f737065ab683_9101.request.json
 create mode 100644 experiments/unified_contextual_memory/artifacts/evaluation/judges/1e3233ca90ce297606168fe305d6e3794c805fa9f9c58a422523f737065ab683_9102.json
 create mode 100644 experiments/unified_contextual_memory/artifacts/evaluation/judges/1e3233ca90ce297606168fe305d6e3794c805fa9f9c58a422523f737065ab683_9102.request.json
 create mode 100644 experiments/unified_contextual_memory/artifacts/evaluation/judges/1e3233ca90ce297606168fe305d6e3794c805fa9f9c58a422523f737065ab683_9200.json
 create mode 100644 experiments/unified_contextual_memory/artifacts/evaluation/judges/1e3233ca90ce297606168fe305d6e3794c805fa9f9c58a422523f737065ab683_9200.request.json
 create mode 100644 experiments/unified_contextual_memory/artifacts/evaluation/judges/1e970a81d9b1357a0b03d12c592c2018e1316c9d92492d7b9a1917ae574e3c24_9100.json
 create mode 100644 experiments/unified_contextual_memory/artifacts/evaluation/judges/1e970a81d9b1357a0b03d12c592c2018e1316c9d92492d7b9a1917ae574e3c24_9100.request.json
 create mode 100644 experiments/unified_contextual_memory/artifacts/evaluation/judges/1e970a81d9b1357a0b03d12c592c2018e1316c9d92492d7b9a1917ae574e3c24_9101.json
 create mode 100644 experiments/unified_contextual_memory/artifacts/evaluation/judges/1e970a81d9b1357a0b03d12c592c2018e1316c9d92492d7b9a1917ae574e3c24_9101.request.json
 create mode 100644 experiments/unified_contextual_memory/artifacts/evaluation/judges/1e970a81d9b1357a0b03d12c592c2018e1316c9d92492d7b9a1917ae574e3c24_9102.json
 create mode 100644 experiments/unified_contextual_memory/artifacts/evaluation/judges/1e970a81d9b1357a0b03d12c592c2018e1316c9d92492d7b9a1917ae574e3c24_9102.request.json
 create mode 100644 experiments/unified_contextual_memory/artifacts/evaluation/judges/1e970a81d9b1357a0b03d12c592c2018e1316c9d92492d7b9a1917ae574e3c24_9200.json
 create mode 100644 experiments/unified_contextual_memory/artifacts/evaluation/judges/1e970a81d9b1357a0b03d12c592c2018e1316c9d92492d7b9a1917ae574e3c24_9200.request.json
 create mode 100644 experiments/unified_contextual_memory/artifacts/evaluation/judges/1ec1f94bd1180dc859aabb9f6316eba121b363bbf50bf648980332309181c49f_9100.json
 create mode 100644 experiments/unified_contextual_memory/artifacts/evaluation/judges/1ec1f94bd1180dc859aabb9f6316eba121b363bbf50bf648980332309181c49f_9100.request.json
 create mode 100644 experiments/unified_contextual_memory/artifacts/evaluation/judges/1ec1f94bd1180dc859aabb9f6316eba121b363bbf50bf648980332309181c49f_9101.json
 create mode 100644 experiments/unified_contextual_memory/artifacts/evaluation/judges/1ec1f94bd1180dc859aabb9f6316eba121b363bbf50bf648980332309181c49f_9101.request.json
 create mode 100644 experiments/unified_contextual_memory/artifacts/evaluation/judges/1ec1f94bd1180dc859aabb9f6316eba121b363bbf50bf648980332309181c49f_9102.json
 create mode 100644 experiments/unified_contextual_memory/artifacts/evaluation/judges/1ec1f94bd1180dc859aabb9f6316eba121b363bbf50bf648980332309181c49f_9102.request.json
 create mode 100644 experiments/unified_contextual_memory/artifacts/evaluation/judges/1ec1f94bd1180dc859aabb9f6316eba121b363bbf50bf648980332309181c49f_9200.json
 create mode 100644 experiments/unified_contextual_memory/artifacts/evaluation/judges/1ec1f94bd1180dc859aabb9f6316eba121b363bbf50bf648980332309181c49f_9200.request.json
 create mode 100644 experiments/unified_contextual_memory/artifacts/evaluation/judges/1faad82d307947d58c6b3e3448603061ab2b3f000047097a7150b1eb9dfc4d6c_9100.json
 create mode 100644 experiments/unified_contextual_memory/artifacts/evaluation/judges/1faad82d307947d58c6b3e3448603061ab2b3f000047097a7150b1eb9dfc4d6c_9100.request.json
 create mode 100644 experiments/unified_contextual_memory/artifacts/evaluation/judges/1faad82d307947d58c6b3e3448603061ab2b3f000047097a7150b1eb9dfc4d6c_9101.json
 create mode 100644 experiments/unified_contextual_memory/artifacts/evaluation/judges/1faad82d307947d58c6b3e3448603061ab2b3f000047097a7150b1eb9dfc4d6c_9101.request.json
 create mode 100644 experiments/unified_contextual_memory/artifacts/evaluation/judges/1faad82d307947d58c6b3e3448603061ab2b3f000047097a7150b1eb9dfc4d6c_9102.json
 create mode 100644 experiments/unified_contextual_memory/artifacts/evaluation/judges/1faad82d307947d58c6b3e3448603061ab2b3f000047097a7150b1eb9dfc4d6c_9102.request.json
 create mode 100644 experiments/unified_contextual_memory/artifacts/evaluation/judges/1faad82d307947d58c6b3e3448603061ab2b3f000047097a7150b1eb9dfc4d6c_9200.json
 create mode 100644 experiments/unified_contextual_memory/artifacts/evaluation/judges/1faad82d307947d58c6b3e3448603061ab2b3f000047097a7150b1eb9dfc4d6c_9200.request.json
 create mode 100644 experiments/unified_contextual_memory/artifacts/evaluation/judges/1fd05374561a698b09f5eb6d89fe9f114895bd2a7344f2d293d73cd6b87bc4bb_9100.json
 create mode 100644 experiments/unified_contextual_memory/artifacts/evaluation/judges/1fd05374561a698b09f5eb6d89fe9f114895bd2a7344f2d293d73cd6b87bc4bb_9100.request.json
 create mode 100644 experiments/unified_contextual_memory/artifacts/evaluation/judges/1fd05374561a698b09f5eb6d89fe9f114895bd2a7344f2d293d73cd6b87bc4bb_9101.json
 create mode 100644 experiments/unified_contextual_memory/artifacts/evaluation/judges/1fd05374561a698b09f5eb6d89fe9f114895bd2a7344f2d293d73cd6b87bc4bb_9101.request.json
 create mode 100644 experiments/unified_contextual_memory/artifacts/evaluation/judges/1fd05374561a698b09f5eb6d89fe9f114895bd2a7344f2d293d73cd6b87bc4bb_9102.json
 create mode 100644 experiments/unified_contextual_memory/artifacts/evaluation/judges/1fd05374561a698b09f5eb6d89fe9f114895bd2a7344f2d293d73cd6b87bc4bb_9102.request.json
 create mode 100644 experiments/unified_contextual_memory/artifacts/evaluation/judges/1fd05374561a698b09f5eb6d89fe9f114895bd2a7344f2d293d73cd6b87bc4bb_9200.json
 create mode 100644 experiments/unified_contextual_memory/artifacts/evaluation/judges/1fd05374561a698b09f5eb6d89fe9f114895bd2a7344f2d293d73cd6b87bc4bb_9200.request.json
 create mode 100644 experiments/unified_contextual_memory/artifacts/evaluation/judges/20132dc649f66a762770e6802e0a9901ee726688eef6a8d52d80f0e0bd7c9838_9100.json
 create mode 100644 experiments/unified_contextual_memory/artifacts/evaluation/judges/20132dc649f66a762770e6802e0a9901ee726688eef6a8d52d80f0e0bd7c9838_9100.request.json
 create mode 100644 experiments/unified_contextual_memory/artifacts/evaluation/judges/20132dc649f66a762770e6802e0a9901ee726688eef6a8d52d80f0e0bd7c9838_9101.json
 create mode 100644 experiments/unified_contextual_memory/artifacts/evaluation/judges/20132dc649f66a762770e6802e0a9901ee726688eef6a8d52d80f0e0bd7c9838_9101.request.json
 create mode 100644 experiments/unified_contextual_memory/artifacts/evaluation/judges/20132dc649f66a762770e6802e0a9901ee726688eef6a8d52d80f0e0bd7c9838_9102.json
 create mode 100644 experiments/unified_contextual_memory/artifacts/evaluation/judges/20132dc649f66a762770e6802e0a9901ee726688eef6a8d52d80f0e0bd7c9838_9102.request.json
 create mode 100644 experiments/unified_contextual_memory/artifacts/evaluation/judges/20132dc649f66a762770e6802e0a9901ee726688eef6a8d52d80f0e0bd7c9838_9200.json
 create mode 100644 experiments/unified_contextual_memory/artifacts/evaluation/judges/20132dc649f66a762770e6802e0a9901ee726688eef6a8d52d80f0e0bd7c9838_9200.request.json
 create mode 100644 experiments/unified_contextual_memory/artifacts/evaluation/judges/202f82b39067ebe56dcc2d028412194ae131db232e5592deae88e9a1997d95cc_9100.json
 create mode 100644 experiments/unified_contextual_memory/artifacts/evaluation/judges/202f82b39067ebe56dcc2d028412194ae131db232e5592deae88e9a1997d95cc_9100.request.json
 create mode 100644 experiments/unified_contextual_memory/artifacts/evaluation/judges/202f82b39067ebe56dcc2d028412194ae131db232e5592deae88e9a1997d95cc_9101.json
 create mode 100644 experiments/unified_contextual_memory/artifacts/evaluation/judges/202f82b39067ebe56dcc2d028412194ae131db232e5592deae88e9a1997d95cc_9101.request.json
 create mode 100644 experiments/unified_contextual_memory/artifacts/evaluation/judges/202f82b39067ebe56dcc2d028412194ae131db232e5592deae88e9a1997d95cc_9102.json
 create mode 100644 experiments/unified_contextual_memory/artifacts/evaluation/judges/202f82b39067ebe56dcc2d028412194ae131db232e5592deae88e9a1997d95cc_9102.request.json
 create mode 100644 experiments/unified_contextual_memory/artifacts/evaluation/judges/202f82b39067ebe56dcc2d028412194ae131db232e5592deae88e9a1997d95cc_9200.json
 create mode 100644 experiments/unified_contextual_memory/artifacts/evaluation/judges/202f82b39067ebe56dcc2d028412194ae131db232e5592deae88e9a1997d95cc_9200.request.json
 create mode 100644 experiments/unified_contextual_memory/artifacts/evaluation/judges/2051e92fc8d79c6d67ae86f0abd37d750197c60553259045d621334eeee2f7d3_9100.json
 create mode 100644 experiments/unified_contextual_memory/artifacts/evaluation/judges/2051e92fc8d79c6d67ae86f0abd37d750197c60553259045d621334eeee2f7d3_9100.request.json
 create mode 100644 experiments/unified_contextual_memory/artifacts/evaluation/judges/2051e92fc8d79c6d67ae86f0abd37d750197c60553259045d621334eeee2f7d3_9101.json
 create mode 100644 experiments/unified_contextual_memory/artifacts/evaluation/judges/2051e92fc8d79c6d67ae86f0abd37d750197c60553259045d621334eeee2f7d3_9101.request.json
 create mode 100644 experiments/unified_contextual_memory/artifacts/evaluation/judges/2051e92fc8d79c6d67ae86f0abd37d750197c60553259045d621334eeee2f7d3_9102.json
 create mode 100644 experiments/unified_contextual_memory/artifacts/evaluation/judges/2051e92fc8d79c6d67ae86f0abd37d750197c60553259045d621334eeee2f7d3_9102.request.json
 create mode 100644 experiments/unified_contextual_memory/artifacts/evaluation/judges/2051e92fc8d79c6d67ae86f0abd37d750197c60553259045d621334eeee2f7d3_9200.json
 create mode 100644 experiments/unified_contextual_memory/artifacts/evaluation/judges/2051e92fc8d79c6d67ae86f0abd37d750197c60553259045d621334eeee2f7d3_9200.request.json
 create mode 100644 experiments/unified_contextual_memory/artifacts/evaluation/judges/20718f781226fd9a665213d723702b07b4ef00a3d17cb3447aca219eef0a2df6_9100.json
 create mode 100644 experiments/unified_contextual_memory/artifacts/evaluation/judges/20718f781226fd9a665213d723702b07b4ef00a3d17cb3447aca219eef0a2df6_9100.request.json
 create mode 100644 experiments/unified_contextual_memory/artifacts/evaluation/judges/20718f781226fd9a665213d723702b07b4ef00a3d17cb3447aca219eef0a2df6_9101.json
 create mode 100644 experiments/unified_contextual_memory/artifacts/evaluation/judges/20718f781226fd9a665213d723702b07b4ef00a3d17cb3447aca219eef0a2df6_9101.request.json
 create mode 100644 experiments/unified_contextual_memory/artifacts/evaluation/judges/20718f781226fd9a665213d723702b07b4ef00a3d17cb3447aca219eef0a2df6_9102.json
 create mode 100644 experiments/unified_contextual_memory/artifacts/evaluation/judges/20718f781226fd9a665213d723702b07b4ef00a3d17cb3447aca219eef0a2df6_9102.request.json
 create mode 100644 experiments/unified_contextual_memory/artifacts/evaluation/judges/20718f781226fd9a665213d723702b07b4ef00a3d17cb3447aca219eef0a2df6_9200.json
 create mode 100644 experiments/unified_contextual_memory/artifacts/evaluation/judges/20718f781226fd9a665213d723702b07b4ef00a3d17cb3447aca219eef0a2df6_9200.request.json
 create mode 100644 experiments/unified_contextual_memory/artifacts/evaluation/judges/20d1a9195d9a3297312d124a1e4ff8e24cbf2da823bea71e7a38bab6cb882179_9100.json
 create mode 100644 experiments/unified_contextual_memory/artifacts/evaluation/judges/20d1a9195d9a3297312d124a1e4ff8e24cbf2da823bea71e7a38bab6cb882179_9100.request.json
 create mode 100644 experiments/unified_contextual_memory/artifacts/evaluation/judges/20d1a9195d9a3297312d124a1e4ff8e24cbf2da823bea71e7a38bab6cb882179_9101.json
 create mode 100644 experiments/unified_contextual_memory/artifacts/evaluation/judges/20d1a9195d9a3297312d124a1e4ff8e24cbf2da823bea71e7a38bab6cb882179_9101.request.json
 create mode 100644 experiments/unified_contextual_memory/artifacts/evaluation/judges/20d1a9195d9a3297312d124a1e4ff8e24cbf2da823bea71e7a38bab6cb882179_9102.json
 create mode 100644 experiments/unified_contextual_memory/artifacts/evaluation/judges/20d1a9195d9a3297312d124a1e4ff8e24cbf2da823bea71e7a38bab6cb882179_9102.request.json
 create mode 100644 experiments/unified_contextual_memory/artifacts/evaluation/judges/20d1a9195d9a3297312d124a1e4ff8e24cbf2da823bea71e7a38bab6cb882179_9200.json
 create mode 100644 experiments/unified_contextual_memory/artifacts/evaluation/judges/20d1a9195d9a3297312d124a1e4ff8e24cbf2da823bea71e7a38bab6cb882179_9200.request.json
 create mode 100644 experiments/unified_contextual_memory/artifacts/evaluation/judges/214e4148d9740c001170a88b0c0cac8fa59d725d917e71d02f34c6e943f682fa_9100.json
 create mode 100644 experiments/unified_contextual_memory/artifacts/evaluation/judges/214e4148d9740c001170a88b0c0cac8fa59d725d917e71d02f34c6e943f682fa_9100.request.json
 create mode 100644 experiments/unified_contextual_memory/artifacts/evaluation/judges/214e4148d9740c001170a88b0c0cac8fa59d725d917e71d02f34c6e943f682fa_9101.json
 create mode 100644 experiments/unified_contextual_memory/artifacts/evaluation/judges/214e4148d9740c001170a88b0c0cac8fa59d725d917e71d02f34c6e943f682fa_9101.request.json
 create mode 100644 experiments/unified_contextual_memory/artifacts/evaluation/judges/214e4148d9740c001170a88b0c0cac8fa59d725d917e71d02f34c6e943f682fa_9102.json
 create mode 100644 experiments/unified_contextual_memory/artifacts/evaluation/judges/214e4148d9740c001170a88b0c0cac8fa59d725d917e71d02f34c6e943f682fa_9102.request.json
 create mode 100644 experiments/unified_contextual_memory/artifacts/evaluation/judges/214e4148d9740c001170a88b0c0cac8fa59d725d917e71d02f34c6e943f682fa_9200.json
 create mode 100644 experiments/unified_contextual_memory/artifacts/evaluation/judges/214e4148d9740c001170a88b0c0cac8fa59d725d917e71d02f34c6e943f682fa_9200.request.json
 create mode 100644 experiments/unified_contextual_memory/artifacts/evaluation/judges/222b6da1d499a98c807dc0d89f69364261cc3020dbb65b114a563a4271686083_9100.json
 create mode 100644 experiments/unified_contextual_memory/artifacts/evaluation/judges/222b6da1d499a98c807dc0d89f69364261cc3020dbb65b114a563a4271686083_9100.request.json
 create mode 100644 experiments/unified_contextual_memory/artifacts/evaluation/judges/222b6da1d499a98c807dc0d89f69364261cc3020dbb65b114a563a4271686083_9101.json
 create mode 100644 experiments/unified_contextual_memory/artifacts/evaluation/judges/222b6da1d499a98c807dc0d89f69364261cc3020dbb65b114a563a4271686083_9101.request.json
 create mode 100644 experiments/unified_contextual_memory/artifacts/evaluation/judges/222b6da1d499a98c807dc0d89f69364261cc3020dbb65b114a563a4271686083_9102.json
 create mode 100644 experiments/unified_contextual_memory/artifacts/evaluation/judges/222b6da1d499a98c807dc0d89f69364261cc3020dbb65b114a563a4271686083_9102.request.json
 create mode 100644 experiments/unified_contextual_memory/artifacts/evaluation/judges/222b6da1d499a98c807dc0d89f69364261cc3020dbb65b114a563a4271686083_9200.json
 create mode 100644 experiments/unified_contextual_memory/artifacts/evaluation/judges/222b6da1d499a98c807dc0d89f69364261cc3020dbb65b114a563a4271686083_9200.request.json
 create mode 100644 experiments/unified_contextual_memory/artifacts/evaluation/judges/22b054b54dc4673e2e350637d6862da9882f521df8e94242d2055f6827061c2c_9100.json
 create mode 100644 experiments/unified_contextual_memory/artifacts/evaluation/judges/22b054b54dc4673e2e350637d6862da9882f521df8e94242d2055f6827061c2c_9100.request.json
 create mode 100644 experiments/unified_contextual_memory/artifacts/evaluation/judges/22b054b54dc4673e2e350637d6862da9882f521df8e94242d2055f6827061c2c_9101.json
 create mode 100644 experiments/unified_contextual_memory/artifacts/evaluation/judges/22b054b54dc4673e2e350637d6862da9882f521df8e94242d2055f6827061c2c_9101.request.json
 create mode 100644 experiments/unified_contextual_memory/artifacts/evaluation/judges/22b054b54dc4673e2e350637d6862da9882f521df8e94242d2055f6827061c2c_9102.json
 create mode 100644 experiments/unified_contextual_memory/artifacts/evaluation/judges/22b054b54dc4673e2e350637d6862da9882f521df8e94242d2055f6827061c2c_9102.request.json
 create mode 100644 experiments/unified_contextual_memory/artifacts/evaluation/judges/22b054b54dc4673e2e350637d6862da9882f521df8e94242d2055f6827061c2c_9200.json
 create mode 100644 experiments/unified_contextual_memory/artifacts/evaluation/judges/22b054b54dc4673e2e350637d6862da9882f521df8e94242d2055f6827061c2c_9200.request.json
 create mode 100644 experiments/unified_contextual_memory/artifacts/evaluation/judges/22b5b9ac383e250a5e361184aa16e28a6eb78f5a81923b7ba609cc0b04afc655_9100.json
 create mode 100644 experiments/unified_contextual_memory/artifacts/evaluation/judges/22b5b9ac383e250a5e361184aa16e28a6eb78f5a81923b7ba609cc0b04afc655_9100.request.json
 create mode 100644 experiments/unified_contextual_memory/artifacts/evaluation/judges/22b5b9ac383e250a5e361184aa16e28a6eb78f5a81923b7ba609cc0b04afc655_9101.json
 create mode 100644 experiments/unified_contextual_memory/artifacts/evaluation/judges/22b5b9ac383e250a5e361184aa16e28a6eb78f5a81923b7ba609cc0b04afc655_9101.request.json
 create mode 100644 experiments/unified_contextual_memory/artifacts/evaluation/judges/22b5b9ac383e250a5e361184aa16e28a6eb78f5a81923b7ba609cc0b04afc655_9102.json
 create mode 100644 experiments/unified_contextual_memory/artifacts/evaluation/judges/22b5b9ac383e250a5e361184aa16e28a6eb78f5a81923b7ba609cc0b04afc655_9102.request.json
 create mode 100644 experiments/unified_contextual_memory/artifacts/evaluation/judges/22b5b9ac383e250a5e361184aa16e28a6eb78f5a81923b7ba609cc0b04afc655_9200.json
 create mode 100644 experiments/unified_contextual_memory/artifacts/evaluation/judges/22b5b9ac383e250a5e361184aa16e28a6eb78f5a81923b7ba609cc0b04afc655_9200.request.json
 create mode 100644 experiments/unified_contextual_memory/artifacts/evaluation/judges/22ba15d750105c35f7dfc2c86f1303842a4cfffa79352803c7922756e89324ec_9100.json
 create mode 100644 experiments/unified_contextual_memory/artifacts/evaluation/judges/22ba15d750105c35f7dfc2c86f1303842a4cfffa79352803c7922756e89324ec_9100.request.json
 create mode 100644 experiments/unified_contextual_memory/artifacts/evaluation/judges/22ba15d750105c35f7dfc2c86f1303842a4cfffa79352803c7922756e89324ec_9101.json
 create mode 100644 experiments/unified_contextual_memory/artifacts/evaluation/judges/22ba15d750105c35f7dfc2c86f1303842a4cfffa79352803c7922756e89324ec_9101.request.json
 create mode 100644 experiments/unified_contextual_memory/artifacts/evaluation/judges/22ba15d750105c35f7dfc2c86f1303842a4cfffa79352803c7922756e89324ec_9102.json
 create mode 100644 experiments/unified_contextual_memory/artifacts/evaluation/judges/22ba15d750105c35f7dfc2c86f1303842a4cfffa79352803c7922756e89324ec_9102.request.json
 create mode 100644 experiments/unified_contextual_memory/artifacts/evaluation/judges/22ba15d750105c35f7dfc2c86f1303842a4cfffa79352803c7922756e89324ec_9200.json
 create mode 100644 experiments/unified_contextual_memory/artifacts/evaluation/judges/22ba15d750105c35f7dfc2c86f1303842a4cfffa79352803c7922756e89324ec_9200.request.json
 create mode 100644 experiments/unified_contextual_memory/artifacts/evaluation/judges/2339643328e83fc9c9b5d0a071fd012080eb92c15b3eb9706bfbdfa661f37c5f_9100.json
 create mode 100644 experiments/unified_contextual_memory/artifacts/evaluation/judges/2339643328e83fc9c9b5d0a071fd012080eb92c15b3eb9706bfbdfa661f37c5f_9100.request.json
 create mode 100644 experiments/unified_contextual_memory/artifacts/evaluation/judges/2339643328e83fc9c9b5d0a071fd012080eb92c15b3eb9706bfbdfa661f37c5f_9101.json
 create mode 100644 experiments/unified_contextual_memory/artifacts/evaluation/judges/2339643328e83fc9c9b5d0a071fd012080eb92c15b3eb9706bfbdfa661f37c5f_9101.request.json
 create mode 100644 experiments/unified_contextual_memory/artifacts/evaluation/judges/2339643328e83fc9c9b5d0a071fd012080eb92c15b3eb9706bfbdfa661f37c5f_9102.json
 create mode 100644 experiments/unified_contextual_memory/artifacts/evaluation/judges/2339643328e83fc9c9b5d0a071fd012080eb92c15b3eb9706bfbdfa661f37c5f_9102.request.json
 create mode 100644 experiments/unified_contextual_memory/artifacts/evaluation/judges/2339643328e83fc9c9b5d0a071fd012080eb92c15b3eb9706bfbdfa661f37c5f_9200.json
 create mode 100644 experiments/unified_contextual_memory/artifacts/evaluation/judges/2339643328e83fc9c9b5d0a071fd012080eb92c15b3eb9706bfbdfa661f37c5f_9200.request.json
 create mode 100644 experiments/unified_contextual_memory/artifacts/evaluation/judges/2339ca444b70136b65917228abfc8429d112692d7e27064e43c290efb32ef2bf_9100.json
 create mode 100644 experiments/unified_contextual_memory/artifacts/evaluation/judges/2339ca444b70136b65917228abfc8429d112692d7e27064e43c290efb32ef2bf_9100.request.json
 create mode 100644 experiments/unified_contextual_memory/artifacts/evaluation/judges/2339ca444b70136b65917228abfc8429d112692d7e27064e43c290efb32ef2bf_9101.json
 create mode 100644 experiments/unified_contextual_memory/artifacts/evaluation/judges/2339ca444b70136b65917228abfc8429d112692d7e27064e43c290efb32ef2bf_9101.request.json
 create mode 100644 experiments/unified_contextual_memory/artifacts/evaluation/judges/2339ca444b70136b65917228abfc8429d112692d7e27064e43c290efb32ef2bf_9102.json
 create mode 100644 experiments/unified_contextual_memory/artifacts/evaluation/judges/2339ca444b70136b65917228abfc8429d112692d7e27064e43c290efb32ef2bf_9102.request.json
 create mode 100644 experiments/unified_contextual_memory/artifacts/evaluation/judges/2339ca444b70136b65917228abfc8429d112692d7e27064e43c290efb32ef2bf_9200.json
 create mode 100644 experiments/unified_contextual_memory/artifacts/evaluation/judges/2339ca444b70136b65917228abfc8429d112692d7e27064e43c290efb32ef2bf_9200.request.json
 create mode 100644 experiments/unified_contextual_memory/artifacts/evaluation/judges/233cbc53e3a48c8aa28da163c4145d87b93f369404caf3464919817482e35673_9100.json
 create mode 100644 experiments/unified_contextual_memory/artifacts/evaluation/judges/233cbc53e3a48c8aa28da163c4145d87b93f369404caf3464919817482e35673_9100.request.json
 create mode 100644 experiments/unified_contextual_memory/artifacts/evaluation/judges/233cbc53e3a48c8aa28da163c4145d87b93f369404caf3464919817482e35673_9101.json
 create mode 100644 experiments/unified_contextual_memory/artifacts/evaluation/judges/233cbc53e3a48c8aa28da163c4145d87b93f369404caf3464919817482e35673_9101.request.json
 create mode 100644 experiments/unified_contextual_memory/artifacts/evaluation/judges/233cbc53e3a48c8aa28da163c4145d87b93f369404caf3464919817482e35673_9102.json
 create mode 100644 experiments/unified_contextual_memory/artifacts/evaluation/judges/233cbc53e3a48c8aa28da163c4145d87b93f369404caf3464919817482e35673_9102.request.json
 create mode 100644 experiments/unified_contextual_memory/artifacts/evaluation/judges/233cbc53e3a48c8aa28da163c4145d87b93f369404caf3464919817482e35673_9200.json
 create mode 100644 experiments/unified_contextual_memory/artifacts/evaluation/judges/233cbc53e3a48c8aa28da163c4145d87b93f369404caf3464919817482e35673_9200.request.json
 create mode 100644 experiments/unified_contextual_memory/artifacts/evaluation/judges/23de54bfc438fbf1b0f402eb8bccf032e646c08bbcdd2bd6874d97aea8ad8ea5_9100.json
 create mode 100644 experiments/unified_contextual_memory/artifacts/evaluation/judges/23de54bfc438fbf1b0f402eb8bccf032e646c08bbcdd2bd6874d97aea8ad8ea5_9100.request.json
 create mode 100644 experiments/unified_contextual_memory/artifacts/evaluation/judges/23de54bfc438fbf1b0f402eb8bccf032e646c08bbcdd2bd6874d97aea8ad8ea5_9101.json
 create mode 100644 experiments/unified_contextual_memory/artifacts/evaluation/judges/23de54bfc438fbf1b0f402eb8bccf032e646c08bbcdd2bd6874d97aea8ad8ea5_9101.request.json
 create mode 100644 experiments/unified_contextual_memory/artifacts/evaluation/judges/23de54bfc438fbf1b0f402eb8bccf032e646c08bbcdd2bd6874d97aea8ad8ea5_9102.json
 create mode 100644 experiments/unified_contextual_memory/artifacts/evaluation/judges/23de54bfc438fbf1b0f402eb8bccf032e646c08bbcdd2bd6874d97aea8ad8ea5_9102.request.json
 create mode 100644 experiments/unified_contextual_memory/artifacts/evaluation/judges/23de54bfc438fbf1b0f402eb8bccf032e646c08bbcdd2bd6874d97aea8ad8ea5_9200.json
 create mode 100644 experiments/unified_contextual_memory/artifacts/evaluation/judges/23de54bfc438fbf1b0f402eb8bccf032e646c08bbcdd2bd6874d97aea8ad8ea5_9200.request.json
 create mode 100644 experiments/unified_contextual_memory/artifacts/evaluation/judges/241760bd964c11a02f43a11d26eab50c0ef65a6a47c46ad987868642b05a247f_9100.json
 create mode 100644 experiments/unified_contextual_memory/artifacts/evaluation/judges/241760bd964c11a02f43a11d26eab50c0ef65a6a47c46ad987868642b05a247f_9100.request.json
 create mode 100644 experiments/unified_contextual_memory/artifacts/evaluation/judges/241760bd964c11a02f43a11d26eab50c0ef65a6a47c46ad987868642b05a247f_9101.json
 create mode 100644 experiments/unified_contextual_memory/artifacts/evaluation/judges/241760bd964c11a02f43a11d26eab50c0ef65a6a47c46ad987868642b05a247f_9101.request.json
 create mode 100644 experiments/unified_contextual_memory/artifacts/evaluation/judges/241760bd964c11a02f43a11d26eab50c0ef65a6a47c46ad987868642b05a247f_9102.json
 create mode 100644 experiments/unified_contextual_memory/artifacts/evaluation/judges/241760bd964c11a02f43a11d26eab50c0ef65a6a47c46ad987868642b05a247f_9102.request.json
 create mode 100644 experiments/unified_contextual_memory/artifacts/evaluation/judges/241760bd964c11a02f43a11d26eab50c0ef65a6a47c46ad987868642b05a247f_9200.json
 create mode 100644 experiments/unified_contextual_memory/artifacts/evaluation/judges/241760bd964c11a02f43a11d26eab50c0ef65a6a47c46ad987868642b05a247f_9200.request.json
 create mode 100644 experiments/unified_contextual_memory/artifacts/evaluation/judges/25ed646e21a5f85dab6ac0097c0bf3099fa96fd6734e0144e5c65f3a32035d5f_9100.json
 create mode 100644 experiments/unified_contextual_memory/artifacts/evaluation/judges/25ed646e21a5f85dab6ac0097c0bf3099fa96fd6734e0144e5c65f3a32035d5f_9100.request.json
 create mode 100644 experiments/unified_contextual_memory/artifacts/evaluation/judges/25ed646e21a5f85dab6ac0097c0bf3099fa96fd6734e0144e5c65f3a32035d5f_9101.json
 create mode 100644 experiments/unified_contextual_memory/artifacts/evaluation/judges/25ed646e21a5f85dab6ac0097c0bf3099fa96fd6734e0144e5c65f3a32035d5f_9101.request.json
 create mode 100644 experiments/unified_contextual_memory/artifacts/evaluation/judges/25ed646e21a5f85dab6ac0097c0bf3099fa96fd6734e0144e5c65f3a32035d5f_9102.json
 create mode 100644 experiments/unified_contextual_memory/artifacts/evaluation/judges/25ed646e21a5f85dab6ac0097c0bf3099fa96fd6734e0144e5c65f3a32035d5f_9102.request.json
 create mode 100644 experiments/unified_contextual_memory/artifacts/evaluation/judges/25ed646e21a5f85dab6ac0097c0bf3099fa96fd6734e0144e5c65f3a32035d5f_9200.json
 create mode 100644 experiments/unified_contextual_memory/artifacts/evaluation/judges/25ed646e21a5f85dab6ac0097c0bf3099fa96fd6734e0144e5c65f3a32035d5f_9200.request.json
 create mode 100644 experiments/unified_contextual_memory/artifacts/evaluation/judges/26e1d42af539753589fe1da7f6d5259bbecfb19cd9a48555dfe3d923107de79b_9100.json
 create mode 100644 experiments/unified_contextual_memory/artifacts/evaluation/judges/26e1d42af539753589fe1da7f6d5259bbecfb19cd9a48555dfe3d923107de79b_9100.request.json
 create mode 100644 experiments/unified_contextual_memory/artifacts/evaluation/judges/26e1d42af539753589fe1da7f6d5259bbecfb19cd9a48555dfe3d923107de79b_9101.json
 create mode 100644 experiments/unified_contextual_memory/artifacts/evaluation/judges/26e1d42af539753589fe1da7f6d5259bbecfb19cd9a48555dfe3d923107de79b_9101.request.json
 create mode 100644 experiments/unified_contextual_memory/artifacts/evaluation/judges/26e1d42af539753589fe1da7f6d5259bbecfb19cd9a48555dfe3d923107de79b_9102.json
 create mode 100644 experiments/unified_contextual_memory/artifacts/evaluation/judges/26e1d42af539753589fe1da7f6d5259bbecfb19cd9a48555dfe3d923107de79b_9102.request.json
 create mode 100644 experiments/unified_contextual_memory/artifacts/evaluation/judges/26e1d42af539753589fe1da7f6d5259bbecfb19cd9a48555dfe3d923107de79b_9200.json
 create mode 100644 experiments/unified_contextual_memory/artifacts/evaluation/judges/26e1d42af539753589fe1da7f6d5259bbecfb19cd9a48555dfe3d923107de79b_9200.request.json
 create mode 100644 experiments/unified_contextual_memory/artifacts/evaluation/judges/2726b9d0133e3bd17cc4dd6e70a212a3151e4f319575945655340d7beeaf490a_9100.json
 create mode 100644 experiments/unified_contextual_memory/artifacts/evaluation/judges/2726b9d0133e3bd17cc4dd6e70a212a3151e4f319575945655340d7beeaf490a_9100.request.json
 create mode 100644 experiments/unified_contextual_memory/artifacts/evaluation/judges/2726b9d0133e3bd17cc4dd6e70a212a3151e4f319575945655340d7beeaf490a_9101.json
 create mode 100644 experiments/unified_contextual_memory/artifacts/evaluation/judges/2726b9d0133e3bd17cc4dd6e70a212a3151e4f319575945655340d7beeaf490a_9101.request.json
 create mode 100644 experiments/unified_contextual_memory/artifacts/evaluation/judges/2726b9d0133e3bd17cc4dd6e70a212a3151e4f319575945655340d7beeaf490a_9102.json
 create mode 100644 experiments/unified_contextual_memory/artifacts/evaluation/judges/2726b9d0133e3bd17cc4dd6e70a212a3151e4f319575945655340d7beeaf490a_9102.request.json
 create mode 100644 experiments/unified_contextual_memory/artifacts/evaluation/judges/2726b9d0133e3bd17cc4dd6e70a212a3151e4f319575945655340d7beeaf490a_9200.json
 create mode 100644 experiments/unified_contextual_memory/artifacts/evaluation/judges/2726b9d0133e3bd17cc4dd6e70a212a3151e4f319575945655340d7beeaf490a_9200.request.json
 create mode 100644 experiments/unified_contextual_memory/artifacts/evaluation/judges/274742425ed514397732a13644d2c6552a24f7b9385c84c0d754557df69570b4_9100.json
 create mode 100644 experiments/unified_contextual_memory/artifacts/evaluation/judges/274742425ed514397732a13644d2c6552a24f7b9385c84c0d754557df69570b4_9100.request.json
 create mode 100644 experiments/unified_contextual_memory/artifacts/evaluation/judges/274742425ed514397732a13644d2c6552a24f7b9385c84c0d754557df69570b4_9101.json
 create mode 100644 experiments/unified_contextual_memory/artifacts/evaluation/judges/274742425ed514397732a13644d2c6552a24f7b9385c84c0d754557df69570b4_9101.request.json
 create mode 100644 experiments/unified_contextual_memory/artifacts/evaluation/judges/274742425ed514397732a13644d2c6552a24f7b9385c84c0d754557df69570b4_9102.json
 create mode 100644 experiments/unified_contextual_memory/artifacts/evaluation/judges/274742425ed514397732a13644d2c6552a24f7b9385c84c0d754557df69570b4_9102.request.json
 create mode 100644 experiments/unified_contextual_memory/artifacts/evaluation/judges/274742425ed514397732a13644d2c6552a24f7b9385c84c0d754557df69570b4_9200.json
 create mode 100644 experiments/unified_contextual_memory/artifacts/evaluation/judges/274742425ed514397732a13644d2c6552a24f7b9385c84c0d754557df69570b4_9200.request.json
 create mode 100644 experiments/unified_contextual_memory/artifacts/evaluation/judges/2766ef37d9bfba45969ac85c121cdc6a1f6e3a5e9fa749e87fe351625cb9d263_9100.json
 create mode 100644 experiments/unified_contextual_memory/artifacts/evaluation/judges/2766ef37d9bfba45969ac85c121cdc6a1f6e3a5e9fa749e87fe351625cb9d263_9100.request.json
 create mode 100644 experiments/unified_contextual_memory/artifacts/evaluation/judges/2766ef37d9bfba45969ac85c121cdc6a1f6e3a5e9fa749e87fe351625cb9d263_9101.json
 create mode 100644 experiments/unified_contextual_memory/artifacts/evaluation/judges/2766ef37d9bfba45969ac85c121cdc6a1f6e3a5e9fa749e87fe351625cb9d263_9101.request.json
 create mode 100644 experiments/unified_contextual_memory/artifacts/evaluation/judges/2766ef37d9bfba45969ac85c121cdc6a1f6e3a5e9fa749e87fe351625cb9d263_9102.json
 create mode 100644 experiments/unified_contextual_memory/artifacts/evaluation/judges/2766ef37d9bfba45969ac85c121cdc6a1f6e3a5e9fa749e87fe351625cb9d263_9102.request.json
 create mode 100644 experiments/unified_contextual_memory/artifacts/evaluation/judges/2766ef37d9bfba45969ac85c121cdc6a1f6e3a5e9fa749e87fe351625cb9d263_9200.json
 create mode 100644 experiments/unified_contextual_memory/artifacts/evaluation/judges/2766ef37d9bfba45969ac85c121cdc6a1f6e3a5e9fa749e87fe351625cb9d263_9200.request.json
 create mode 100644 experiments/unified_contextual_memory/artifacts/evaluation/judges/27f13d8f524ecf5ec4a337f7fa2298e3570748d577b330ae5b3759578135f706_9100.json
 create mode 100644 experiments/unified_contextual_memory/artifacts/evaluation/judges/27f13d8f524ecf5ec4a337f7fa2298e3570748d577b330ae5b3759578135f706_9100.request.json
 create mode 100644 experiments/unified_contextual_memory/artifacts/evaluation/judges/27f13d8f524ecf5ec4a337f7fa2298e3570748d577b330ae5b3759578135f706_9101.json
 create mode 100644 experiments/unified_contextual_memory/artifacts/evaluation/judges/27f13d8f524ecf5ec4a337f7fa2298e3570748d577b330ae5b3759578135f706_9101.request.json
 create mode 100644 experiments/unified_contextual_memory/artifacts/evaluation/judges/27f13d8f524ecf5ec4a337f7fa2298e3570748d577b330ae5b3759578135f706_9102.json
 create mode 100644 experiments/unified_contextual_memory/artifacts/evaluation/judges/27f13d8f524ecf5ec4a337f7fa2298e3570748d577b330ae5b3759578135f706_9102.request.json
 create mode 100644 experiments/unified_contextual_memory/artifacts/evaluation/judges/27f13d8f524ecf5ec4a337f7fa2298e3570748d577b330ae5b3759578135f706_9200.json
 create mode 100644 experiments/unified_contextual_memory/artifacts/evaluation/judges/27f13d8f524ecf5ec4a337f7fa2298e3570748d577b330ae5b3759578135f706_9200.request.json
 create mode 100644 experiments/unified_contextual_memory/artifacts/evaluation/judges/282a3e7a970ff0150f8b447899e65faafa9b24cb6aca109ddb2b8b8ab458ac2a_9100.json
 create mode 100644 experiments/unified_contextual_memory/artifacts/evaluation/judges/282a3e7a970ff0150f8b447899e65faafa9b24cb6aca109ddb2b8b8ab458ac2a_9100.request.json
 create mode 100644 experiments/unified_contextual_memory/artifacts/evaluation/judges/282a3e7a970ff0150f8b447899e65faafa9b24cb6aca109ddb2b8b8ab458ac2a_9101.json
 create mode 100644 experiments/unified_contextual_memory/artifacts/evaluation/judges/282a3e7a970ff0150f8b447899e65faafa9b24cb6aca109ddb2b8b8ab458ac2a_9101.request.json
 create mode 100644 experiments/unified_contextual_memory/artifacts/evaluation/judges/282a3e7a970ff0150f8b447899e65faafa9b24cb6aca109ddb2b8b8ab458ac2a_9102.json
 create mode 100644 experiments/unified_contextual_memory/artifacts/evaluation/judges/282a3e7a970ff0150f8b447899e65faafa9b24cb6aca109ddb2b8b8ab458ac2a_9102.request.json
 create mode 100644 experiments/unified_contextual_memory/artifacts/evaluation/judges/282a3e7a970ff0150f8b447899e65faafa9b24cb6aca109ddb2b8b8ab458ac2a_9200.json
 create mode 100644 experiments/unified_contextual_memory/artifacts/evaluation/judges/282a3e7a970ff0150f8b447899e65faafa9b24cb6aca109ddb2b8b8ab458ac2a_9200.request.json
 create mode 100644 experiments/unified_contextual_memory/artifacts/evaluation/judges/28369d82a1059282407bf7bec969695ddb9129b8179c9845ee9d4bd2aa5a9279_9100.json
 create mode 100644 experiments/unified_contextual_memory/artifacts/evaluation/judges/28369d82a1059282407bf7bec969695ddb9129b8179c9845ee9d4bd2aa5a9279_9100.request.json
 create mode 100644 experiments/unified_contextual_memory/artifacts/evaluation/judges/28369d82a1059282407bf7bec969695ddb9129b8179c9845ee9d4bd2aa5a9279_9101.json
 create mode 100644 experiments/unified_contextual_memory/artifacts/evaluation/judges/28369d82a1059282407bf7bec969695ddb9129b8179c9845ee9d4bd2aa5a9279_9101.request.json
 create mode 100644 experiments/unified_contextual_memory/artifacts/evaluation/judges/28369d82a1059282407bf7bec969695ddb9129b8179c9845ee9d4bd2aa5a9279_9102.json
 create mode 100644 experiments/unified_contextual_memory/artifacts/evaluation/judges/28369d82a1059282407bf7bec969695ddb9129b8179c9845ee9d4bd2aa5a9279_9102.request.json
 create mode 100644 experiments/unified_contextual_memory/artifacts/evaluation/judges/28369d82a1059282407bf7bec969695ddb9129b8179c9845ee9d4bd2aa5a9279_9200.json
 create mode 100644 experiments/unified_contextual_memory/artifacts/evaluation/judges/28369d82a1059282407bf7bec969695ddb9129b8179c9845ee9d4bd2aa5a9279_9200.request.json
 create mode 100644 experiments/unified_contextual_memory/artifacts/evaluation/judges/2865c0b6f43769af47d8a46326cd64c89b77cb22d4e4d460f4c2ff6ce849e08e_9100.json
 create mode 100644 experiments/unified_contextual_memory/artifacts/evaluation/judges/2865c0b6f43769af47d8a46326cd64c89b77cb22d4e4d460f4c2ff6ce849e08e_9100.request.json
 create mode 100644 experiments/unified_contextual_memory/artifacts/evaluation/judges/2865c0b6f43769af47d8a46326cd64c89b77cb22d4e4d460f4c2ff6ce849e08e_9101.json
 create mode 100644 experiments/unified_contextual_memory/artifacts/evaluation/judges/2865c0b6f43769af47d8a46326cd64c89b77cb22d4e4d460f4c2ff6ce849e08e_9101.request.json
 create mode 100644 experiments/unified_contextual_memory/artifacts/evaluation/judges/2865c0b6f43769af47d8a46326cd64c89b77cb22d4e4d460f4c2ff6ce849e08e_9102.json
 create mode 100644 experiments/unified_contextual_memory/artifacts/evaluation/judges/2865c0b6f43769af47d8a46326cd64c89b77cb22d4e4d460f4c2ff6ce849e08e_9102.request.json
 create mode 100644 experiments/unified_contextual_memory/artifacts/evaluation/judges/2865c0b6f43769af47d8a46326cd64c89b77cb22d4e4d460f4c2ff6ce849e08e_9200.json
 create mode 100644 experiments/unified_contextual_memory/artifacts/evaluation/judges/2865c0b6f43769af47d8a46326cd64c89b77cb22d4e4d460f4c2ff6ce849e08e_9200.request.json
 create mode 100644 experiments/unified_contextual_memory/artifacts/evaluation/judges/28d30154506177727307eed6bdda2113da8d1bc53f0c79997b6756340ea42682_9100.json
 create mode 100644 experiments/unified_contextual_memory/artifacts/evaluation/judges/28d30154506177727307eed6bdda2113da8d1bc53f0c79997b6756340ea42682_9100.request.json
 create mode 100644 experiments/unified_contextual_memory/artifacts/evaluation/judges/28d30154506177727307eed6bdda2113da8d1bc53f0c79997b6756340ea42682_9101.json
 create mode 100644 experiments/unified_contextual_memory/artifacts/evaluation/judges/28d30154506177727307eed6bdda2113da8d1bc53f0c79997b6756340ea42682_9101.request.json
 create mode 100644 experiments/unified_contextual_memory/artifacts/evaluation/judges/28d30154506177727307eed6bdda2113da8d1bc53f0c79997b6756340ea42682_9102.json
 create mode 100644 experiments/unified_contextual_memory/artifacts/evaluation/judges/28d30154506177727307eed6bdda2113da8d1bc53f0c79997b6756340ea42682_9102.request.json
 create mode 100644 experiments/unified_contextual_memory/artifacts/evaluation/judges/28d30154506177727307eed6bdda2113da8d1bc53f0c79997b6756340ea42682_9200.json
 create mode 100644 experiments/unified_contextual_memory/artifacts/evaluation/judges/28d30154506177727307eed6bdda2113da8d1bc53f0c79997b6756340ea42682_9200.request.json
 create mode 100644 experiments/unified_contextual_memory/artifacts/evaluation/judges/29a37238d892a793a5c7c2668780f999d251c0a18f2e31111737f43cd11f11d8_9100.json
 create mode 100644 experiments/unified_contextual_memory/artifacts/evaluation/judges/29a37238d892a793a5c7c2668780f999d251c0a18f2e31111737f43cd11f11d8_9100.request.json
 create mode 100644 experiments/unified_contextual_memory/artifacts/evaluation/judges/29a37238d892a793a5c7c2668780f999d251c0a18f2e31111737f43cd11f11d8_9101.json
 create mode 100644 experiments/unified_contextual_memory/artifacts/evaluation/judges/29a37238d892a793a5c7c2668780f999d251c0a18f2e31111737f43cd11f11d8_9101.request.json
 create mode 100644 experiments/unified_contextual_memory/artifacts/evaluation/judges/29a37238d892a793a5c7c2668780f999d251c0a18f2e31111737f43cd11f11d8_9102.json
 create mode 100644 experiments/unified_contextual_memory/artifacts/evaluation/judges/29a37238d892a793a5c7c2668780f999d251c0a18f2e31111737f43cd11f11d8_9102.request.json
 create mode 100644 experiments/unified_contextual_memory/artifacts/evaluation/judges/29a37238d892a793a5c7c2668780f999d251c0a18f2e31111737f43cd11f11d8_9200.json
 create mode 100644 experiments/unified_contextual_memory/artifacts/evaluation/judges/29a37238d892a793a5c7c2668780f999d251c0a18f2e31111737f43cd11f11d8_9200.request.json
 create mode 100644 experiments/unified_contextual_memory/artifacts/evaluation/judges/29b5fb1328cacfd576ea675b3d2b9df519e60e196ecc99b895a697250332b4c0_9100.json
 create mode 100644 experiments/unified_contextual_memory/artifacts/evaluation/judges/29b5fb1328cacfd576ea675b3d2b9df519e60e196ecc99b895a697250332b4c0_9100.request.json
 create mode 100644 experiments/unified_contextual_memory/artifacts/evaluation/judges/29b5fb1328cacfd576ea675b3d2b9df519e60e196ecc99b895a697250332b4c0_9101.json
 create mode 100644 experiments/unified_contextual_memory/artifacts/evaluation/judges/29b5fb1328cacfd576ea675b3d2b9df519e60e196ecc99b895a697250332b4c0_9101.request.json
 create mode 100644 experiments/unified_contextual_memory/artifacts/evaluation/judges/29b5fb1328cacfd576ea675b3d2b9df519e60e196ecc99b895a697250332b4c0_9102.json
 create mode 100644 experiments/unified_contextual_memory/artifacts/evaluation/judges/29b5fb1328cacfd576ea675b3d2b9df519e60e196ecc99b895a697250332b4c0_9102.request.json
 create mode 100644 experiments/unified_contextual_memory/artifacts/evaluation/judges/29b5fb1328cacfd576ea675b3d2b9df519e60e196ecc99b895a697250332b4c0_9200.json
 create mode 100644 experiments/unified_contextual_memory/artifacts/evaluation/judges/29b5fb1328cacfd576ea675b3d2b9df519e60e196ecc99b895a697250332b4c0_9200.request.json
 create mode 100644 experiments/unified_contextual_memory/artifacts/evaluation/judges/2a8a51fc959a6ac67eb10e4666aa9696ee298497c044c6b0e6ea0bffea53ef73_9100.json
 create mode 100644 experiments/unified_contextual_memory/artifacts/evaluation/judges/2a8a51fc959a6ac67eb10e4666aa9696ee298497c044c6b0e6ea0bffea53ef73_9100.request.json
 create mode 100644 experiments/unified_contextual_memory/artifacts/evaluation/judges/2a8a51fc959a6ac67eb10e4666aa9696ee298497c044c6b0e6ea0bffea53ef73_9101.json
 create mode 100644 experiments/unified_contextual_memory/artifacts/evaluation/judges/2a8a51fc959a6ac67eb10e4666aa9696ee298497c044c6b0e6ea0bffea53ef73_9101.request.json
 create mode 100644 experiments/unified_contextual_memory/artifacts/evaluation/judges/2a8a51fc959a6ac67eb10e4666aa9696ee298497c044c6b0e6ea0bffea53ef73_9102.json
 create mode 100644 experiments/unified_contextual_memory/artifacts/evaluation/judges/2a8a51fc959a6ac67eb10e4666aa9696ee298497c044c6b0e6ea0bffea53ef73_9102.request.json
 create mode 100644 experiments/unified_contextual_memory/artifacts/evaluation/judges/2a8a51fc959a6ac67eb10e4666aa9696ee298497c044c6b0e6ea0bffea53ef73_9200.json
 create mode 100644 experiments/unified_contextual_memory/artifacts/evaluation/judges/2a8a51fc959a6ac67eb10e4666aa9696ee298497c044c6b0e6ea0bffea53ef73_9200.request.json
 create mode 100644 experiments/unified_contextual_memory/artifacts/evaluation/judges/2ae383aa45096836d0b2a35e2a7a5d57178f6261cb99fcf2d117319c1ed11837_9100.json
 create mode 100644 experiments/unified_contextual_memory/artifacts/evaluation/judges/2ae383aa45096836d0b2a35e2a7a5d57178f6261cb99fcf2d117319c1ed11837_9100.request.json
 create mode 100644 experiments/unified_contextual_memory/artifacts/evaluation/judges/2ae383aa45096836d0b2a35e2a7a5d57178f6261cb99fcf2d117319c1ed11837_9101.json
 create mode 100644 experiments/unified_contextual_memory/artifacts/evaluation/judges/2ae383aa45096836d0b2a35e2a7a5d57178f6261cb99fcf2d117319c1ed11837_9101.request.json
 create mode 100644 experiments/unified_contextual_memory/artifacts/evaluation/judges/2ae383aa45096836d0b2a35e2a7a5d57178f6261cb99fcf2d117319c1ed11837_9102.json
 create mode 100644 experiments/unified_contextual_memory/artifacts/evaluation/judges/2ae383aa45096836d0b2a35e2a7a5d57178f6261cb99fcf2d117319c1ed11837_9102.request.json
 create mode 100644 experiments/unified_contextual_memory/artifacts/evaluation/judges/2ae383aa45096836d0b2a35e2a7a5d57178f6261cb99fcf2d117319c1ed11837_9200.json
 create mode 100644 experiments/unified_contextual_memory/artifacts/evaluation/judges/2ae383aa45096836d0b2a35e2a7a5d57178f6261cb99fcf2d117319c1ed11837_9200.request.json
 create mode 100644 experiments/unified_contextual_memory/artifacts/evaluation/judges/2ae4c65cd8a70aa200e29bc958ab73958a3d5768ff0159da9528b5d4305f4c7e_9100.json
 create mode 100644 experiments/unified_contextual_memory/artifacts/evaluation/judges/2ae4c65cd8a70aa200e29bc958ab73958a3d5768ff0159da9528b5d4305f4c7e_9100.request.json
 create mode 100644 experiments/unified_contextual_memory/artifacts/evaluation/judges/2ae4c65cd8a70aa200e29bc958ab73958a3d5768ff0159da9528b5d4305f4c7e_9101.json
 create mode 100644 experiments/unified_contextual_memory/artifacts/evaluation/judges/2ae4c65cd8a70aa200e29bc958ab73958a3d5768ff0159da9528b5d4305f4c7e_9101.request.json
 create mode 100644 experiments/unified_contextual_memory/artifacts/evaluation/judges/2ae4c65cd8a70aa200e29bc958ab73958a3d5768ff0159da9528b5d4305f4c7e_9102.json
 create mode 100644 experiments/unified_contextual_memory/artifacts/evaluation/judges/2ae4c65cd8a70aa200e29bc958ab73958a3d5768ff0159da9528b5d4305f4c7e_9102.request.json
 create mode 100644 experiments/unified_contextual_memory/artifacts/evaluation/judges/2ae4c65cd8a70aa200e29bc958ab73958a3d5768ff0159da9528b5d4305f4c7e_9200.json
 create mode 100644 experiments/unified_contextual_memory/artifacts/evaluation/judges/2ae4c65cd8a70aa200e29bc958ab73958a3d5768ff0159da9528b5d4305f4c7e_9200.request.json
 create mode 100644 experiments/unified_contextual_memory/artifacts/evaluation/judges/2b0700850a7b7c640b76fe7cb894dbdc20f837fd52402461f46803282592efce_9100.json
 create mode 100644 experiments/unified_contextual_memory/artifacts/evaluation/judges/2b0700850a7b7c640b76fe7cb894dbdc20f837fd52402461f46803282592efce_9100.request.json
 create mode 100644 experiments/unified_contextual_memory/artifacts/evaluation/judges/2b0700850a7b7c640b76fe7cb894dbdc20f837fd52402461f46803282592efce_9101.json
 create mode 100644 experiments/unified_contextual_memory/artifacts/evaluation/judges/2b0700850a7b7c640b76fe7cb894dbdc20f837fd52402461f46803282592efce_9101.request.json
 create mode 100644 experiments/unified_contextual_memory/artifacts/evaluation/judges/2b0700850a7b7c640b76fe7cb894dbdc20f837fd52402461f46803282592efce_9102.json
 create mode 100644 experiments/unified_contextual_memory/artifacts/evaluation/judges/2b0700850a7b7c640b76fe7cb894dbdc20f837fd52402461f46803282592efce_9102.request.json
 create mode 100644 experiments/unified_contextual_memory/artifacts/evaluation/judges/2b0700850a7b7c640b76fe7cb894dbdc20f837fd52402461f46803282592efce_9200.json
 create mode 100644 experiments/unified_contextual_memory/artifacts/evaluation/judges/2b0700850a7b7c640b76fe7cb894dbdc20f837fd52402461f46803282592efce_9200.request.json
 create mode 100644 experiments/unified_contextual_memory/artifacts/evaluation/judges/2b6cfad30c97c90418d177632ac578819eac1d0d35bf20a2290391ef9de8cf82_9100.json
 create mode 100644 experiments/unified_contextual_memory/artifacts/evaluation/judges/2b6cfad30c97c90418d177632ac578819eac1d0d35bf20a2290391ef9de8cf82_9100.request.json
 create mode 100644 experiments/unified_contextual_memory/artifacts/evaluation/judges/2b6cfad30c97c90418d177632ac578819eac1d0d35bf20a2290391ef9de8cf82_9101.json
 create mode 100644 experiments/unified_contextual_memory/artifacts/evaluation/judges/2b6cfad30c97c90418d177632ac578819eac1d0d35bf20a2290391ef9de8cf82_9101.request.json
 create mode 100644 experiments/unified_contextual_memory/artifacts/evaluation/judges/2b6cfad30c97c90418d177632ac578819eac1d0d35bf20a2290391ef9de8cf82_9102.json
 create mode 100644 experiments/unified_contextual_memory/artifacts/evaluation/judges/2b6cfad30c97c90418d177632ac578819eac1d0d35bf20a2290391ef9de8cf82_9102.request.json
 create mode 100644 experiments/unified_contextual_memory/artifacts/evaluation/judges/2b6cfad30c97c90418d177632ac578819eac1d0d35bf20a2290391ef9de8cf82_9200.json
 create mode 100644 experiments/unified_contextual_memory/artifacts/evaluation/judges/2b6cfad30c97c90418d177632ac578819eac1d0d35bf20a2290391ef9de8cf82_9200.request.json
 create mode 100644 experiments/unified_contextual_memory/artifacts/evaluation/judges/2d042b4f6fed1f2eda7029661e80caf586a935b6722ac1ec066dbe4a35578ea6_9100.json
 create mode 100644 experiments/unified_contextual_memory/artifacts/evaluation/judges/2d042b4f6fed1f2eda7029661e80caf586a935b6722ac1ec066dbe4a35578ea6_9100.request.json
 create mode 100644 experiments/unified_contextual_memory/artifacts/evaluation/judges/2d042b4f6fed1f2eda7029661e80caf586a935b6722ac1ec066dbe4a35578ea6_9101.json
 create mode 100644 experiments/unified_contextual_memory/artifacts/evaluation/judges/2d042b4f6fed1f2eda7029661e80caf586a935b6722ac1ec066dbe4a35578ea6_9101.request.json
 create mode 100644 experiments/unified_contextual_memory/artifacts/evaluation/judges/2d042b4f6fed1f2eda7029661e80caf586a935b6722ac1ec066dbe4a35578ea6_9102.json
 create mode 100644 experiments/unified_contextual_memory/artifacts/evaluation/judges/2d042b4f6fed1f2eda7029661e80caf586a935b6722ac1ec066dbe4a35578ea6_9102.request.json
 create mode 100644 experiments/unified_contextual_memory/artifacts/evaluation/judges/2d042b4f6fed1f2eda7029661e80caf586a935b6722ac1ec066dbe4a35578ea6_9200.json
 create mode 100644 experiments/unified_contextual_memory/artifacts/evaluation/judges/2d042b4f6fed1f2eda7029661e80caf586a935b6722ac1ec066dbe4a35578ea6_9200.request.json
 create mode 100644 experiments/unified_contextual_memory/artifacts/evaluation/judges/2d6bd7e1c83205156f781a6bf661866242496f8c67577bd78f1ee89d118ce8f8_9100.json
 create mode 100644 experiments/unified_contextual_memory/artifacts/evaluation/judges/2d6bd7e1c83205156f781a6bf661866242496f8c67577bd78f1ee89d118ce8f8_9100.request.json
 create mode 100644 experiments/unified_contextual_memory/artifacts/evaluation/judges/2d6bd7e1c83205156f781a6bf661866242496f8c67577bd78f1ee89d118ce8f8_9101.json
 create mode 100644 experiments/unified_contextual_memory/artifacts/evaluation/judges/2d6bd7e1c83205156f781a6bf661866242496f8c67577bd78f1ee89d118ce8f8_9101.request.json
 create mode 100644 experiments/unified_contextual_memory/artifacts/evaluation/judges/2d6bd7e1c83205156f781a6bf661866242496f8c67577bd78f1ee89d118ce8f8_9102.json
 create mode 100644 experiments/unified_contextual_memory/artifacts/evaluation/judges/2d6bd7e1c83205156f781a6bf661866242496f8c67577bd78f1ee89d118ce8f8_9102.request.json
 create mode 100644 experiments/unified_contextual_memory/artifacts/evaluation/judges/2d6bd7e1c83205156f781a6bf661866242496f8c67577bd78f1ee89d118ce8f8_9200.json
 create mode 100644 experiments/unified_contextual_memory/artifacts/evaluation/judges/2d6bd7e1c83205156f781a6bf661866242496f8c67577bd78f1ee89d118ce8f8_9200.request.json
 create mode 100644 experiments/unified_contextual_memory/artifacts/evaluation/judges/2d846b501946231a1840480ebf8aa5a6a1aaafd41ab5fae72e21dbadab0004a2_9100.json
 create mode 100644 experiments/unified_contextual_memory/artifacts/evaluation/judges/2d846b501946231a1840480ebf8aa5a6a1aaafd41ab5fae72e21dbadab0004a2_9100.request.json
 create mode 100644 experiments/unified_contextual_memory/artifacts/evaluation/judges/2d846b501946231a1840480ebf8aa5a6a1aaafd41ab5fae72e21dbadab0004a2_9101.json
 create mode 100644 experiments/unified_contextual_memory/artifacts/evaluation/judges/2d846b501946231a1840480ebf8aa5a6a1aaafd41ab5fae72e21dbadab0004a2_9101.request.json
 create mode 100644 experiments/unified_contextual_memory/artifacts/evaluation/judges/2d846b501946231a1840480ebf8aa5a6a1aaafd41ab5fae72e21dbadab0004a2_9102.json
 create mode 100644 experiments/unified_contextual_memory/artifacts/evaluation/judges/2d846b501946231a1840480ebf8aa5a6a1aaafd41ab5fae72e21dbadab0004a2_9102.request.json
 create mode 100644 experiments/unified_contextual_memory/artifacts/evaluation/judges/2d846b501946231a1840480ebf8aa5a6a1aaafd41ab5fae72e21dbadab0004a2_9200.json
 create mode 100644 experiments/unified_contextual_memory/artifacts/evaluation/judges/2d846b501946231a1840480ebf8aa5a6a1aaafd41ab5fae72e21dbadab0004a2_9200.request.json
 create mode 100644 experiments/unified_contextual_memory/artifacts/evaluation/judges/2d8cf60f764ab08e54845b8f490873d4a0a3f2e34bb890d71862d0594f2eba58_9100.json
 create mode 100644 experiments/unified_contextual_memory/artifacts/evaluation/judges/2d8cf60f764ab08e54845b8f490873d4a0a3f2e34bb890d71862d0594f2eba58_9100.request.json
 create mode 100644 experiments/unified_contextual_memory/artifacts/evaluation/judges/2d8cf60f764ab08e54845b8f490873d4a0a3f2e34bb890d71862d0594f2eba58_9101.json
 create mode 100644 experiments/unified_contextual_memory/artifacts/evaluation/judges/2d8cf60f764ab08e54845b8f490873d4a0a3f2e34bb890d71862d0594f2eba58_9101.request.json
 create mode 100644 experiments/unified_contextual_memory/artifacts/evaluation/judges/2d8cf60f764ab08e54845b8f490873d4a0a3f2e34bb890d71862d0594f2eba58_9102.json
 create mode 100644 experiments/unified_contextual_memory/artifacts/evaluation/judges/2d8cf60f764ab08e54845b8f490873d4a0a3f2e34bb890d71862d0594f2eba58_9102.request.json
 create mode 100644 experiments/unified_contextual_memory/artifacts/evaluation/judges/2d8cf60f764ab08e54845b8f490873d4a0a3f2e34bb890d71862d0594f2eba58_9200.json
 create mode 100644 experiments/unified_contextual_memory/artifacts/evaluation/judges/2d8cf60f764ab08e54845b8f490873d4a0a3f2e34bb890d71862d0594f2eba58_9200.request.json
 create mode 100644 experiments/unified_contextual_memory/artifacts/evaluation/judges/2e4e27c6bd930be6f7d603a52edac704b86df0cc9f52068b11a5674f8f6cb64b_9100.json
 create mode 100644 experiments/unified_contextual_memory/artifacts/evaluation/judges/2e4e27c6bd930be6f7d603a52edac704b86df0cc9f52068b11a5674f8f6cb64b_9100.request.json
 create mode 100644 experiments/unified_contextual_memory/artifacts/evaluation/judges/2e4e27c6bd930be6f7d603a52edac704b86df0cc9f52068b11a5674f8f6cb64b_9101.json
 create mode 100644 experiments/unified_contextual_memory/artifacts/evaluation/judges/2e4e27c6bd930be6f7d603a52edac704b86df0cc9f52068b11a5674f8f6cb64b_9101.request.json
 create mode 100644 experiments/unified_contextual_memory/artifacts/evaluation/judges/2e4e27c6bd930be6f7d603a52edac704b86df0cc9f52068b11a5674f8f6cb64b_9102.json
 create mode 100644 experiments/unified_contextual_memory/artifacts/evaluation/judges/2e4e27c6bd930be6f7d603a52edac704b86df0cc9f52068b11a5674f8f6cb64b_9102.request.json
 create mode 100644 experiments/unified_contextual_memory/artifacts/evaluation/judges/2e4e27c6bd930be6f7d603a52edac704b86df0cc9f52068b11a5674f8f6cb64b_9200.json
 create mode 100644 experiments/unified_contextual_memory/artifacts/evaluation/judges/2e4e27c6bd930be6f7d603a52edac704b86df0cc9f52068b11a5674f8f6cb64b_9200.request.json
 create mode 100644 experiments/unified_contextual_memory/artifacts/evaluation/judges/2e7356704cc75398422e5e06ed66a8e1f631155a651608c8e8b341f91df82cf2_9100.json
 create mode 100644 experiments/unified_contextual_memory/artifacts/evaluation/judges/2e7356704cc75398422e5e06ed66a8e1f631155a651608c8e8b341f91df82cf2_9100.request.json
 create mode 100644 experiments/unified_contextual_memory/artifacts/evaluation/judges/2e7356704cc75398422e5e06ed66a8e1f631155a651608c8e8b341f91df82cf2_9101.json
 create mode 100644 experiments/unified_contextual_memory/artifacts/evaluation/judges/2e7356704cc75398422e5e06ed66a8e1f631155a651608c8e8b341f91df82cf2_9101.request.json
 create mode 100644 experiments/unified_contextual_memory/artifacts/evaluation/judges/2e7356704cc75398422e5e06ed66a8e1f631155a651608c8e8b341f91df82cf2_9102.json
 create mode 100644 experiments/unified_contextual_memory/artifacts/evaluation/judges/2e7356704cc75398422e5e06ed66a8e1f631155a651608c8e8b341f91df82cf2_9102.request.json
 create mode 100644 experiments/unified_contextual_memory/artifacts/evaluation/judges/2e7356704cc75398422e5e06ed66a8e1f631155a651608c8e8b341f91df82cf2_9200.json
 create mode 100644 experiments/unified_contextual_memory/artifacts/evaluation/judges/2e7356704cc75398422e5e06ed66a8e1f631155a651608c8e8b341f91df82cf2_9200.request.json
 create mode 100644 experiments/unified_contextual_memory/artifacts/evaluation/judges/3013b0e467703e594d59559ebc7941dc5b872afb0a4ffc122e57eb4a1920ee43_9100.json
 create mode 100644 experiments/unified_contextual_memory/artifacts/evaluation/judges/3013b0e467703e594d59559ebc7941dc5b872afb0a4ffc122e57eb4a1920ee43_9100.request.json
 create mode 100644 experiments/unified_contextual_memory/artifacts/evaluation/judges/3013b0e467703e594d59559ebc7941dc5b872afb0a4ffc122e57eb4a1920ee43_9101.json
 create mode 100644 experiments/unified_contextual_memory/artifacts/evaluation/judges/3013b0e467703e594d59559ebc7941dc5b872afb0a4ffc122e57eb4a1920ee43_9101.request.json
 create mode 100644 experiments/unified_contextual_memory/artifacts/evaluation/judges/3013b0e467703e594d59559ebc7941dc5b872afb0a4ffc122e57eb4a1920ee43_9102.json
 create mode 100644 experiments/unified_contextual_memory/artifacts/evaluation/judges/3013b0e467703e594d59559ebc7941dc5b872afb0a4ffc122e57eb4a1920ee43_9102.request.json
 create mode 100644 experiments/unified_contextual_memory/artifacts/evaluation/judges/3013b0e467703e594d59559ebc7941dc5b872afb0a4ffc122e57eb4a1920ee43_9200.json
 create mode 100644 experiments/unified_contextual_memory/artifacts/evaluation/judges/3013b0e467703e594d59559ebc7941dc5b872afb0a4ffc122e57eb4a1920ee43_9200.request.json
 create mode 100644 experiments/unified_contextual_memory/artifacts/evaluation/judges/3038107c5834db2b46886262f7f393ecc2367bc619da43ed31b796994630c0c9_9100.json
 create mode 100644 experiments/unified_contextual_memory/artifacts/evaluation/judges/3038107c5834db2b46886262f7f393ecc2367bc619da43ed31b796994630c0c9_9100.request.json
 create mode 100644 experiments/unified_contextual_memory/artifacts/evaluation/judges/3038107c5834db2b46886262f7f393ecc2367bc619da43ed31b796994630c0c9_9101.json
 create mode 100644 experiments/unified_contextual_memory/artifacts/evaluation/judges/3038107c5834db2b46886262f7f393ecc2367bc619da43ed31b796994630c0c9_9101.request.json
 create mode 100644 experiments/unified_contextual_memory/artifacts/evaluation/judges/3038107c5834db2b46886262f7f393ecc2367bc619da43ed31b796994630c0c9_9102.json
 create mode 100644 experiments/unified_contextual_memory/artifacts/evaluation/judges/3038107c5834db2b46886262f7f393ecc2367bc619da43ed31b796994630c0c9_9102.request.json
 create mode 100644 experiments/unified_contextual_memory/artifacts/evaluation/judges/3038107c5834db2b46886262f7f393ecc2367bc619da43ed31b796994630c0c9_9200.json
 create mode 100644 experiments/unified_contextual_memory/artifacts/evaluation/judges/3038107c5834db2b46886262f7f393ecc2367bc619da43ed31b796994630c0c9_9200.request.json
 create mode 100644 experiments/unified_contextual_memory/artifacts/evaluation/judges/30385161482456cb93c5c3292910d78f6d688d7c77a8012ed51c8d2ccc3ff95b_9100.json
 create mode 100644 experiments/unified_contextual_memory/artifacts/evaluation/judges/30385161482456cb93c5c3292910d78f6d688d7c77a8012ed51c8d2ccc3ff95b_9100.request.json
 create mode 100644 experiments/unified_contextual_memory/artifacts/evaluation/judges/30385161482456cb93c5c3292910d78f6d688d7c77a8012ed51c8d2ccc3ff95b_9101.json
 create mode 100644 experiments/unified_contextual_memory/artifacts/evaluation/judges/30385161482456cb93c5c3292910d78f6d688d7c77a8012ed51c8d2ccc3ff95b_9101.request.json
 create mode 100644 experiments/unified_contextual_memory/artifacts/evaluation/judges/30385161482456cb93c5c3292910d78f6d688d7c77a8012ed51c8d2ccc3ff95b_9102.json
 create mode 100644 experiments/unified_contextual_memory/artifacts/evaluation/judges/30385161482456cb93c5c3292910d78f6d688d7c77a8012ed51c8d2ccc3ff95b_9102.request.json
 create mode 100644 experiments/unified_contextual_memory/artifacts/evaluation/judges/30385161482456cb93c5c3292910d78f6d688d7c77a8012ed51c8d2ccc3ff95b_9200.json
 create mode 100644 experiments/unified_contextual_memory/artifacts/evaluation/judges/30385161482456cb93c5c3292910d78f6d688d7c77a8012ed51c8d2ccc3ff95b_9200.request.json
 create mode 100644 experiments/unified_contextual_memory/artifacts/evaluation/judges/306ef88fb39ac2d75d042e99ac640859ef8d76f2c7ce04563b7f991635ea724f_9100.json
 create mode 100644 experiments/unified_contextual_memory/artifacts/evaluation/judges/306ef88fb39ac2d75d042e99ac640859ef8d76f2c7ce04563b7f991635ea724f_9100.request.json
 create mode 100644 experiments/unified_contextual_memory/artifacts/evaluation/judges/306ef88fb39ac2d75d042e99ac640859ef8d76f2c7ce04563b7f991635ea724f_9101.json
 create mode 100644 experiments/unified_contextual_memory/artifacts/evaluation/judges/306ef88fb39ac2d75d042e99ac640859ef8d76f2c7ce04563b7f991635ea724f_9101.request.json
 create mode 100644 experiments/unified_contextual_memory/artifacts/evaluation/judges/306ef88fb39ac2d75d042e99ac640859ef8d76f2c7ce04563b7f991635ea724f_9102.json
 create mode 100644 experiments/unified_contextual_memory/artifacts/evaluation/judges/306ef88fb39ac2d75d042e99ac640859ef8d76f2c7ce04563b7f991635ea724f_9102.request.json
 create mode 100644 experiments/unified_contextual_memory/artifacts/evaluation/judges/306ef88fb39ac2d75d042e99ac640859ef8d76f2c7ce04563b7f991635ea724f_9200.json
 create mode 100644 experiments/unified_contextual_memory/artifacts/evaluation/judges/306ef88fb39ac2d75d042e99ac640859ef8d76f2c7ce04563b7f991635ea724f_9200.request.json
 create mode 100644 experiments/unified_contextual_memory/artifacts/evaluation/judges/308bc918f84da85d8bbb5b9360963782db0030fd33b44d3c2ed3dd37ebaef1e6_9100.json
 create mode 100644 experiments/unified_contextual_memory/artifacts/evaluation/judges/308bc918f84da85d8bbb5b9360963782db0030fd33b44d3c2ed3dd37ebaef1e6_9100.request.json
 create mode 100644 experiments/unified_contextual_memory/artifacts/evaluation/judges/308bc918f84da85d8bbb5b9360963782db0030fd33b44d3c2ed3dd37ebaef1e6_9101.json
 create mode 100644 experiments/unified_contextual_memory/artifacts/evaluation/judges/308bc918f84da85d8bbb5b9360963782db0030fd33b44d3c2ed3dd37ebaef1e6_9101.request.json
 create mode 100644 experiments/unified_contextual_memory/artifacts/evaluation/judges/308bc918f84da85d8bbb5b9360963782db0030fd33b44d3c2ed3dd37ebaef1e6_9102.json
 create mode 100644 experiments/unified_contextual_memory/artifacts/evaluation/judges/308bc918f84da85d8bbb5b9360963782db0030fd33b44d3c2ed3dd37ebaef1e6_9102.request.json
 create mode 100644 experiments/unified_contextual_memory/artifacts/evaluation/judges/308bc918f84da85d8bbb5b9360963782db0030fd33b44d3c2ed3dd37ebaef1e6_9200.json
 create mode 100644 experiments/unified_contextual_memory/artifacts/evaluation/judges/308bc918f84da85d8bbb5b9360963782db0030fd33b44d3c2ed3dd37ebaef1e6_9200.request.json
 create mode 100644 experiments/unified_contextual_memory/artifacts/evaluation/judges/3155f4fba47dbf0620edaaa29dcf8a374fa86d33e9f4bea18efec3dda4b902ec_9100.json
 create mode 100644 experiments/unified_contextual_memory/artifacts/evaluation/judges/3155f4fba47dbf0620edaaa29dcf8a374fa86d33e9f4bea18efec3dda4b902ec_9100.request.json
 create mode 100644 experiments/unified_contextual_memory/artifacts/evaluation/judges/3155f4fba47dbf0620edaaa29dcf8a374fa86d33e9f4bea18efec3dda4b902ec_9101.json
 create mode 100644 experiments/unified_contextual_memory/artifacts/evaluation/judges/3155f4fba47dbf0620edaaa29dcf8a374fa86d33e9f4bea18efec3dda4b902ec_9101.request.json
 create mode 100644 experiments/unified_contextual_memory/artifacts/evaluation/judges/3155f4fba47dbf0620edaaa29dcf8a374fa86d33e9f4bea18efec3dda4b902ec_9102.json
 create mode 100644 experiments/unified_contextual_memory/artifacts/evaluation/judges/3155f4fba47dbf0620edaaa29dcf8a374fa86d33e9f4bea18efec3dda4b902ec_9102.request.json
 create mode 100644 experiments/unified_contextual_memory/artifacts/evaluation/judges/3155f4fba47dbf0620edaaa29dcf8a374fa86d33e9f4bea18efec3dda4b902ec_9200.json
 create mode 100644 experiments/unified_contextual_memory/artifacts/evaluation/judges/3155f4fba47dbf0620edaaa29dcf8a374fa86d33e9f4bea18efec3dda4b902ec_9200.request.json
 create mode 100644 experiments/unified_contextual_memory/artifacts/evaluation/judges/321fe4f538dae05c7a3eb576c2b97825a7bfb150a5e7636613aca5f915a1c23c_9100.json
 create mode 100644 experiments/unified_contextual_memory/artifacts/evaluation/judges/321fe4f538dae05c7a3eb576c2b97825a7bfb150a5e7636613aca5f915a1c23c_9100.request.json
 create mode 100644 experiments/unified_contextual_memory/artifacts/evaluation/judges/321fe4f538dae05c7a3eb576c2b97825a7bfb150a5e7636613aca5f915a1c23c_9101.json
 create mode 100644 experiments/unified_contextual_memory/artifacts/evaluation/judges/321fe4f538dae05c7a3eb576c2b97825a7bfb150a5e7636613aca5f915a1c23c_9101.request.json
 create mode 100644 experiments/unified_contextual_memory/artifacts/evaluation/judges/321fe4f538dae05c7a3eb576c2b97825a7bfb150a5e7636613aca5f915a1c23c_9102.json
 create mode 100644 experiments/unified_contextual_memory/artifacts/evaluation/judges/321fe4f538dae05c7a3eb576c2b97825a7bfb150a5e7636613aca5f915a1c23c_9102.request.json
 create mode 100644 experiments/unified_contextual_memory/artifacts/evaluation/judges/321fe4f538dae05c7a3eb576c2b97825a7bfb150a5e7636613aca5f915a1c23c_9200.json
 create mode 100644 experiments/unified_contextual_memory/artifacts/evaluation/judges/321fe4f538dae05c7a3eb576c2b97825a7bfb150a5e7636613aca5f915a1c23c_9200.request.json
 create mode 100644 experiments/unified_contextual_memory/artifacts/evaluation/judges/3249ce3f103c9d5b754c9e78cbbfea6aa137bc23d30be2c01025cf30193873a8_9100.json
 create mode 100644 experiments/unified_contextual_memory/artifacts/evaluation/judges/3249ce3f103c9d5b754c9e78cbbfea6aa137bc23d30be2c01025cf30193873a8_9100.request.json
 create mode 100644 experiments/unified_contextual_memory/artifacts/evaluation/judges/3249ce3f103c9d5b754c9e78cbbfea6aa137bc23d30be2c01025cf30193873a8_9101.json
 create mode 100644 experiments/unified_contextual_memory/artifacts/evaluation/judges/3249ce3f103c9d5b754c9e78cbbfea6aa137bc23d30be2c01025cf30193873a8_9101.request.json
 create mode 100644 experiments/unified_contextual_memory/artifacts/evaluation/judges/3249ce3f103c9d5b754c9e78cbbfea6aa137bc23d30be2c01025cf30193873a8_9102.json
 create mode 100644 experiments/unified_contextual_memory/artifacts/evaluation/judges/3249ce3f103c9d5b754c9e78cbbfea6aa137bc23d30be2c01025cf30193873a8_9102.request.json
 create mode 100644 experiments/unified_contextual_memory/artifacts/evaluation/judges/3249ce3f103c9d5b754c9e78cbbfea6aa137bc23d30be2c01025cf30193873a8_9200.json
 create mode 100644 experiments/unified_contextual_memory/artifacts/evaluation/judges/3249ce3f103c9d5b754c9e78cbbfea6aa137bc23d30be2c01025cf30193873a8_9200.request.json
 create mode 100644 experiments/unified_contextual_memory/artifacts/evaluation/judges/327cd7a262f04d95c4241bcc8e5540e90ffea6a3fca577fada032dc46f9541f7_9100.json
 create mode 100644 experiments/unified_contextual_memory/artifacts/evaluation/judges/327cd7a262f04d95c4241bcc8e5540e90ffea6a3fca577fada032dc46f9541f7_9100.request.json
 create mode 100644 experiments/unified_contextual_memory/artifacts/evaluation/judges/327cd7a262f04d95c4241bcc8e5540e90ffea6a3fca577fada032dc46f9541f7_9101.json
 create mode 100644 experiments/unified_contextual_memory/artifacts/evaluation/judges/327cd7a262f04d95c4241bcc8e5540e90ffea6a3fca577fada032dc46f9541f7_9101.request.json
 create mode 100644 experiments/unified_contextual_memory/artifacts/evaluation/judges/327cd7a262f04d95c4241bcc8e5540e90ffea6a3fca577fada032dc46f9541f7_9102.json
 create mode 100644 experiments/unified_contextual_memory/artifacts/evaluation/judges/327cd7a262f04d95c4241bcc8e5540e90ffea6a3fca577fada032dc46f9541f7_9102.request.json
 create mode 100644 experiments/unified_contextual_memory/artifacts/evaluation/judges/327cd7a262f04d95c4241bcc8e5540e90ffea6a3fca577fada032dc46f9541f7_9200.json
 create mode 100644 experiments/unified_contextual_memory/artifacts/evaluation/judges/327cd7a262f04d95c4241bcc8e5540e90ffea6a3fca577fada032dc46f9541f7_9200.request.json
 create mode 100644 experiments/unified_contextual_memory/artifacts/evaluation/judges/327cfc91d5fb076d63106e5d6a092e6c55812716cee7d468e478dee8e0e20eeb_9100.json
 create mode 100644 experiments/unified_contextual_memory/artifacts/evaluation/judges/327cfc91d5fb076d63106e5d6a092e6c55812716cee7d468e478dee8e0e20eeb_9100.request.json
 create mode 100644 experiments/unified_contextual_memory/artifacts/evaluation/judges/327cfc91d5fb076d63106e5d6a092e6c55812716cee7d468e478dee8e0e20eeb_9101.json
 create mode 100644 experiments/unified_contextual_memory/artifacts/evaluation/judges/327cfc91d5fb076d63106e5d6a092e6c55812716cee7d468e478dee8e0e20eeb_9101.request.json
 create mode 100644 experiments/unified_contextual_memory/artifacts/evaluation/judges/327cfc91d5fb076d63106e5d6a092e6c55812716cee7d468e478dee8e0e20eeb_9102.json
 create mode 100644 experiments/unified_contextual_memory/artifacts/evaluation/judges/327cfc91d5fb076d63106e5d6a092e6c55812716cee7d468e478dee8e0e20eeb_9102.request.json
 create mode 100644 experiments/unified_contextual_memory/artifacts/evaluation/judges/327cfc91d5fb076d63106e5d6a092e6c55812716cee7d468e478dee8e0e20eeb_9200.json
 create mode 100644 experiments/unified_contextual_memory/artifacts/evaluation/judges/327cfc91d5fb076d63106e5d6a092e6c55812716cee7d468e478dee8e0e20eeb_9200.request.json
 create mode 100644 experiments/unified_contextual_memory/artifacts/evaluation/judges/32b729886865262583d7ea72f598506f29745762b692190d6bce317c6e789edc_9100.json
 create mode 100644 experiments/unified_contextual_memory/artifacts/evaluation/judges/32b729886865262583d7ea72f598506f29745762b692190d6bce317c6e789edc_9100.request.json
 create mode 100644 experiments/unified_contextual_memory/artifacts/evaluation/judges/32b729886865262583d7ea72f598506f29745762b692190d6bce317c6e789edc_9101.json
 create mode 100644 experiments/unified_contextual_memory/artifacts/evaluation/judges/32b729886865262583d7ea72f598506f29745762b692190d6bce317c6e789edc_9101.request.json
 create mode 100644 experiments/unified_contextual_memory/artifacts/evaluation/judges/32b729886865262583d7ea72f598506f29745762b692190d6bce317c6e789edc_9102.json
 create mode 100644 experiments/unified_contextual_memory/artifacts/evaluation/judges/32b729886865262583d7ea72f598506f29745762b692190d6bce317c6e789edc_9102.request.json
 create mode 100644 experiments/unified_contextual_memory/artifacts/evaluation/judges/32b729886865262583d7ea72f598506f29745762b692190d6bce317c6e789edc_9200.json
 create mode 100644 experiments/unified_contextual_memory/artifacts/evaluation/judges/32b729886865262583d7ea72f598506f29745762b692190d6bce317c6e789edc_9200.request.json
 create mode 100644 experiments/unified_contextual_memory/artifacts/evaluation/judges/3362012422a5dd3b8b200cd9ece0925b78e755ff720979a1f6fd3e94005debcb_9100.json
 create mode 100644 experiments/unified_contextual_memory/artifacts/evaluation/judges/3362012422a5dd3b8b200cd9ece0925b78e755ff720979a1f6fd3e94005debcb_9100.request.json
 create mode 100644 experiments/unified_contextual_memory/artifacts/evaluation/judges/3362012422a5dd3b8b200cd9ece0925b78e755ff720979a1f6fd3e94005debcb_9101.json
 create mode 100644 experiments/unified_contextual_memory/artifacts/evaluation/judges/3362012422a5dd3b8b200cd9ece0925b78e755ff720979a1f6fd3e94005debcb_9101.request.json
 create mode 100644 experiments/unified_contextual_memory/artifacts/evaluation/judges/3362012422a5dd3b8b200cd9ece0925b78e755ff720979a1f6fd3e94005debcb_9102.json
 create mode 100644 experiments/unified_contextual_memory/artifacts/evaluation/judges/3362012422a5dd3b8b200cd9ece0925b78e755ff720979a1f6fd3e94005debcb_9102.request.json
 create mode 100644 experiments/unified_contextual_memory/artifacts/evaluation/judges/3362012422a5dd3b8b200cd9ece0925b78e755ff720979a1f6fd3e94005debcb_9200.json
 create mode 100644 experiments/unified_contextual_memory/artifacts/evaluation/judges/3362012422a5dd3b8b200cd9ece0925b78e755ff720979a1f6fd3e94005debcb_9200.request.json
 create mode 100644 experiments/unified_contextual_memory/artifacts/evaluation/judges/3368a8b85810cb5a70bab3fba4342fd50e038d20533acab7b0915caf24da4fd1_9100.json
 create mode 100644 experiments/unified_contextual_memory/artifacts/evaluation/judges/3368a8b85810cb5a70bab3fba4342fd50e038d20533acab7b0915caf24da4fd1_9100.request.json
 create mode 100644 experiments/unified_contextual_memory/artifacts/evaluation/judges/3368a8b85810cb5a70bab3fba4342fd50e038d20533acab7b0915caf24da4fd1_9101.json
 create mode 100644 experiments/unified_contextual_memory/artifacts/evaluation/judges/3368a8b85810cb5a70bab3fba4342fd50e038d20533acab7b0915caf24da4fd1_9101.request.json
 create mode 100644 experiments/unified_contextual_memory/artifacts/evaluation/judges/3368a8b85810cb5a70bab3fba4342fd50e038d20533acab7b0915caf24da4fd1_9102.json
 create mode 100644 experiments/unified_contextual_memory/artifacts/evaluation/judges/3368a8b85810cb5a70bab3fba4342fd50e038d20533acab7b0915caf24da4fd1_9102.request.json
 create mode 100644 experiments/unified_contextual_memory/artifacts/evaluation/judges/3368a8b85810cb5a70bab3fba4342fd50e038d20533acab7b0915caf24da4fd1_9200.json
 create mode 100644 experiments/unified_contextual_memory/artifacts/evaluation/judges/3368a8b85810cb5a70bab3fba4342fd50e038d20533acab7b0915caf24da4fd1_9200.request.json
 create mode 100644 experiments/unified_contextual_memory/artifacts/evaluation/judges/33d5be602af0b470c1956033047087201dc86fe7caa3e45c5dc32f22e1dc6929_9100.json
 create mode 100644 experiments/unified_contextual_memory/artifacts/evaluation/judges/33d5be602af0b470c1956033047087201dc86fe7caa3e45c5dc32f22e1dc6929_9100.request.json
 create mode 100644 experiments/unified_contextual_memory/artifacts/evaluation/judges/33d5be602af0b470c1956033047087201dc86fe7caa3e45c5dc32f22e1dc6929_9101.json
 create mode 100644 experiments/unified_contextual_memory/artifacts/evaluation/judges/33d5be602af0b470c1956033047087201dc86fe7caa3e45c5dc32f22e1dc6929_9101.request.json
 create mode 100644 experiments/unified_contextual_memory/artifacts/evaluation/judges/33d5be602af0b470c1956033047087201dc86fe7caa3e45c5dc32f22e1dc6929_9102.json
 create mode 100644 experiments/unified_contextual_memory/artifacts/evaluation/judges/33d5be602af0b470c1956033047087201dc86fe7caa3e45c5dc32f22e1dc6929_9102.request.json
 create mode 100644 experiments/unified_contextual_memory/artifacts/evaluation/judges/33d5be602af0b470c1956033047087201dc86fe7caa3e45c5dc32f22e1dc6929_9200.json
 create mode 100644 experiments/unified_contextual_memory/artifacts/evaluation/judges/33d5be602af0b470c1956033047087201dc86fe7caa3e45c5dc32f22e1dc6929_9200.request.json
 create mode 100644 experiments/unified_contextual_memory/artifacts/evaluation/judges/33e0fc36a4d4c0a64cf693ebed156b421996e4011682e68ae352f2799535c18b_9100.json
 create mode 100644 experiments/unified_contextual_memory/artifacts/evaluation/judges/33e0fc36a4d4c0a64cf693ebed156b421996e4011682e68ae352f2799535c18b_9100.request.json
 create mode 100644 experiments/unified_contextual_memory/artifacts/evaluation/judges/33e0fc36a4d4c0a64cf693ebed156b421996e4011682e68ae352f2799535c18b_9101.json
 create mode 100644 experiments/unified_contextual_memory/artifacts/evaluation/judges/33e0fc36a4d4c0a64cf693ebed156b421996e4011682e68ae352f2799535c18b_9101.request.json
 create mode 100644 experiments/unified_contextual_memory/artifacts/evaluation/judges/33e0fc36a4d4c0a64cf693ebed156b421996e4011682e68ae352f2799535c18b_9102.json
 create mode 100644 experiments/unified_contextual_memory/artifacts/evaluation/judges/33e0fc36a4d4c0a64cf693ebed156b421996e4011682e68ae352f2799535c18b_9102.request.json
 create mode 100644 experiments/unified_contextual_memory/artifacts/evaluation/judges/33e0fc36a4d4c0a64cf693ebed156b421996e4011682e68ae352f2799535c18b_9200.json
 create mode 100644 experiments/unified_contextual_memory/artifacts/evaluation/judges/33e0fc36a4d4c0a64cf693ebed156b421996e4011682e68ae352f2799535c18b_9200.request.json
 create mode 100644 experiments/unified_contextual_memory/artifacts/evaluation/judges/3429a0543446042645b5ebe948c1be78132524149b33aa45c7d63cd467d4bb55_9100.json
 create mode 100644 experiments/unified_contextual_memory/artifacts/evaluation/judges/3429a0543446042645b5ebe948c1be78132524149b33aa45c7d63cd467d4bb55_9100.request.json
 create mode 100644 experiments/unified_contextual_memory/artifacts/evaluation/judges/3429a0543446042645b5ebe948c1be78132524149b33aa45c7d63cd467d4bb55_9101.json
 create mode 100644 experiments/unified_contextual_memory/artifacts/evaluation/judges/3429a0543446042645b5ebe948c1be78132524149b33aa45c7d63cd467d4bb55_9101.request.json
 create mode 100644 experiments/unified_contextual_memory/artifacts/evaluation/judges/3429a0543446042645b5ebe948c1be78132524149b33aa45c7d63cd467d4bb55_9102.json
 create mode 100644 experiments/unified_contextual_memory/artifacts/evaluation/judges/3429a0543446042645b5ebe948c1be78132524149b33aa45c7d63cd467d4bb55_9102.request.json
 create mode 100644 experiments/unified_contextual_memory/artifacts/evaluation/judges/3429a0543446042645b5ebe948c1be78132524149b33aa45c7d63cd467d4bb55_9200.json
 create mode 100644 experiments/unified_contextual_memory/artifacts/evaluation/judges/3429a0543446042645b5ebe948c1be78132524149b33aa45c7d63cd467d4bb55_9200.request.json
 create mode 100644 experiments/unified_contextual_memory/artifacts/evaluation/judges/35340ef942ac18392b6068b455299fa61f24eeb9d275602aac29eff9fb9dada3_9100.json
 create mode 100644 experiments/unified_contextual_memory/artifacts/evaluation/judges/35340ef942ac18392b6068b455299fa61f24eeb9d275602aac29eff9fb9dada3_9100.request.json
 create mode 100644 experiments/unified_contextual_memory/artifacts/evaluation/judges/35340ef942ac18392b6068b455299fa61f24eeb9d275602aac29eff9fb9dada3_9101.json
 create mode 100644 experiments/unified_contextual_memory/artifacts/evaluation/judges/35340ef942ac18392b6068b455299fa61f24eeb9d275602aac29eff9fb9dada3_9101.request.json
 create mode 100644 experiments/unified_contextual_memory/artifacts/evaluation/judges/35340ef942ac18392b6068b455299fa61f24eeb9d275602aac29eff9fb9dada3_9102.json
 create mode 100644 experiments/unified_contextual_memory/artifacts/evaluation/judges/35340ef942ac18392b6068b455299fa61f24eeb9d275602aac29eff9fb9dada3_9102.request.json
 create mode 100644 experiments/unified_contextual_memory/artifacts/evaluation/judges/35340ef942ac18392b6068b455299fa61f24eeb9d275602aac29eff9fb9dada3_9200.json
 create mode 100644 experiments/unified_contextual_memory/artifacts/evaluation/judges/35340ef942ac18392b6068b455299fa61f24eeb9d275602aac29eff9fb9dada3_9200.request.json
 create mode 100644 experiments/unified_contextual_memory/artifacts/evaluation/judges/358c19ae1450464b026bf77201b02b1abe624665dd90bb53c01d1b85d354928f_9100.json
 create mode 100644 experiments/unified_contextual_memory/artifacts/evaluation/judges/358c19ae1450464b026bf77201b02b1abe624665dd90bb53c01d1b85d354928f_9100.request.json
 create mode 100644 experiments/unified_contextual_memory/artifacts/evaluation/judges/358c19ae1450464b026bf77201b02b1abe624665dd90bb53c01d1b85d354928f_9101.json
 create mode 100644 experiments/unified_contextual_memory/artifacts/evaluation/judges/358c19ae1450464b026bf77201b02b1abe624665dd90bb53c01d1b85d354928f_9101.request.json
 create mode 100644 experiments/unified_contextual_memory/artifacts/evaluation/judges/358c19ae1450464b026bf77201b02b1abe624665dd90bb53c01d1b85d354928f_9102.json
 create mode 100644 experiments/unified_contextual_memory/artifacts/evaluation/judges/358c19ae1450464b026bf77201b02b1abe624665dd90bb53c01d1b85d354928f_9102.request.json
 create mode 100644 experiments/unified_contextual_memory/artifacts/evaluation/judges/358c19ae1450464b026bf77201b02b1abe624665dd90bb53c01d1b85d354928f_9200.json
 create mode 100644 experiments/unified_contextual_memory/artifacts/evaluation/judges/358c19ae1450464b026bf77201b02b1abe624665dd90bb53c01d1b85d354928f_9200.request.json
 create mode 100644 experiments/unified_contextual_memory/artifacts/evaluation/judges/35b1689ad505e4caa0f1253c5cf854209e723aa03f49248ae89094e4e62b2d20_9100.json
 create mode 100644 experiments/unified_contextual_memory/artifacts/evaluation/judges/35b1689ad505e4caa0f1253c5cf854209e723aa03f49248ae89094e4e62b2d20_9100.request.json
 create mode 100644 experiments/unified_contextual_memory/artifacts/evaluation/judges/35b1689ad505e4caa0f1253c5cf854209e723aa03f49248ae89094e4e62b2d20_9101.json
 create mode 100644 experiments/unified_contextual_memory/artifacts/evaluation/judges/35b1689ad505e4caa0f1253c5cf854209e723aa03f49248ae89094e4e62b2d20_9101.request.json
 create mode 100644 experiments/unified_contextual_memory/artifacts/evaluation/judges/35b1689ad505e4caa0f1253c5cf854209e723aa03f49248ae89094e4e62b2d20_9102.json
 create mode 100644 experiments/unified_contextual_memory/artifacts/evaluation/judges/35b1689ad505e4caa0f1253c5cf854209e723aa03f49248ae89094e4e62b2d20_9102.request.json
 create mode 100644 experiments/unified_contextual_memory/artifacts/evaluation/judges/35b1689ad505e4caa0f1253c5cf854209e723aa03f49248ae89094e4e62b2d20_9200.json
 create mode 100644 experiments/unified_contextual_memory/artifacts/evaluation/judges/35b1689ad505e4caa0f1253c5cf854209e723aa03f49248ae89094e4e62b2d20_9200.request.json
 create mode 100644 experiments/unified_contextual_memory/artifacts/evaluation/judges/369f320a93b3846ab43a4c317975674d2b5b53883d647c3b554bd376a2ecfe10_9100.json
 create mode 100644 experiments/unified_contextual_memory/artifacts/evaluation/judges/369f320a93b3846ab43a4c317975674d2b5b53883d647c3b554bd376a2ecfe10_9100.request.json
 create mode 100644 experiments/unified_contextual_memory/artifacts/evaluation/judges/369f320a93b3846ab43a4c317975674d2b5b53883d647c3b554bd376a2ecfe10_9101.json
 create mode 100644 experiments/unified_contextual_memory/artifacts/evaluation/judges/369f320a93b3846ab43a4c317975674d2b5b53883d647c3b554bd376a2ecfe10_9101.request.json
 create mode 100644 experiments/unified_contextual_memory/artifacts/evaluation/judges/369f320a93b3846ab43a4c317975674d2b5b53883d647c3b554bd376a2ecfe10_9102.json
 create mode 100644 experiments/unified_contextual_memory/artifacts/evaluation/judges/369f320a93b3846ab43a4c317975674d2b5b53883d647c3b554bd376a2ecfe10_9102.request.json
 create mode 100644 experiments/unified_contextual_memory/artifacts/evaluation/judges/369f320a93b3846ab43a4c317975674d2b5b53883d647c3b554bd376a2ecfe10_9200.json
 create mode 100644 experiments/unified_contextual_memory/artifacts/evaluation/judges/369f320a93b3846ab43a4c317975674d2b5b53883d647c3b554bd376a2ecfe10_9200.request.json
 create mode 100644 experiments/unified_contextual_memory/artifacts/evaluation/judges/36f8386d4f7cc5be88472f5a0c615c25f144776aae425ec72dfc2bb6c5c5f5d9_9100.json
 create mode 100644 experiments/unified_contextual_memory/artifacts/evaluation/judges/36f8386d4f7cc5be88472f5a0c615c25f144776aae425ec72dfc2bb6c5c5f5d9_9100.request.json
 create mode 100644 experiments/unified_contextual_memory/artifacts/evaluation/judges/36f8386d4f7cc5be88472f5a0c615c25f144776aae425ec72dfc2bb6c5c5f5d9_9101.json
 create mode 100644 experiments/unified_contextual_memory/artifacts/evaluation/judges/36f8386d4f7cc5be88472f5a0c615c25f144776aae425ec72dfc2bb6c5c5f5d9_9101.request.json
 create mode 100644 experiments/unified_contextual_memory/artifacts/evaluation/judges/36f8386d4f7cc5be88472f5a0c615c25f144776aae425ec72dfc2bb6c5c5f5d9_9102.json
 create mode 100644 experiments/unified_contextual_memory/artifacts/evaluation/judges/36f8386d4f7cc5be88472f5a0c615c25f144776aae425ec72dfc2bb6c5c5f5d9_9102.request.json
 create mode 100644 experiments/unified_contextual_memory/artifacts/evaluation/judges/36f8386d4f7cc5be88472f5a0c615c25f144776aae425ec72dfc2bb6c5c5f5d9_9200.json
 create mode 100644 experiments/unified_contextual_memory/artifacts/evaluation/judges/36f8386d4f7cc5be88472f5a0c615c25f144776aae425ec72dfc2bb6c5c5f5d9_9200.request.json
 create mode 100644 experiments/unified_contextual_memory/artifacts/evaluation/judges/3734b8bf2481fdcf365bfb112f65af06b27f29e95ebdc32baaa781e5ca986343_9100.json
 create mode 100644 experiments/unified_contextual_memory/artifacts/evaluation/judges/3734b8bf2481fdcf365bfb112f65af06b27f29e95ebdc32baaa781e5ca986343_9100.request.json
 create mode 100644 experiments/unified_contextual_memory/artifacts/evaluation/judges/3734b8bf2481fdcf365bfb112f65af06b27f29e95ebdc32baaa781e5ca986343_9101.json
 create mode 100644 experiments/unified_contextual_memory/artifacts/evaluation/judges/3734b8bf2481fdcf365bfb112f65af06b27f29e95ebdc32baaa781e5ca986343_9101.request.json
 create mode 100644 experiments/unified_contextual_memory/artifacts/evaluation/judges/3734b8bf2481fdcf365bfb112f65af06b27f29e95ebdc32baaa781e5ca986343_9102.json
 create mode 100644 experiments/unified_contextual_memory/artifacts/evaluation/judges/3734b8bf2481fdcf365bfb112f65af06b27f29e95ebdc32baaa781e5ca986343_9102.request.json
 create mode 100644 experiments/unified_contextual_memory/artifacts/evaluation/judges/3734b8bf2481fdcf365bfb112f65af06b27f29e95ebdc32baaa781e5ca986343_9200.json
 create mode 100644 experiments/unified_contextual_memory/artifacts/evaluation/judges/3734b8bf2481fdcf365bfb112f65af06b27f29e95ebdc32baaa781e5ca986343_9200.request.json
 create mode 100644 experiments/unified_contextual_memory/artifacts/evaluation/judges/375a8ee51fc13ee5f76d7163a20bf0d6cd27ba29cca5c27faafed83d323359c7_9100.json
 create mode 100644 experiments/unified_contextual_memory/artifacts/evaluation/judges/375a8ee51fc13ee5f76d7163a20bf0d6cd27ba29cca5c27faafed83d323359c7_9100.request.json
 create mode 100644 experiments/unified_contextual_memory/artifacts/evaluation/judges/375a8ee51fc13ee5f76d7163a20bf0d6cd27ba29cca5c27faafed83d323359c7_9101.json
 create mode 100644 experiments/unified_contextual_memory/artifacts/evaluation/judges/375a8ee51fc13ee5f76d7163a20bf0d6cd27ba29cca5c27faafed83d323359c7_9101.request.json
 create mode 100644 experiments/unified_contextual_memory/artifacts/evaluation/judges/375a8ee51fc13ee5f76d7163a20bf0d6cd27ba29cca5c27faafed83d323359c7_9102.json
 create mode 100644 experiments/unified_contextual_memory/artifacts/evaluation/judges/375a8ee51fc13ee5f76d7163a20bf0d6cd27ba29cca5c27faafed83d323359c7_9102.request.json
 create mode 100644 experiments/unified_contextual_memory/artifacts/evaluation/judges/375a8ee51fc13ee5f76d7163a20bf0d6cd27ba29cca5c27faafed83d323359c7_9200.json
 create mode 100644 experiments/unified_contextual_memory/artifacts/evaluation/judges/375a8ee51fc13ee5f76d7163a20bf0d6cd27ba29cca5c27faafed83d323359c7_9200.request.json
 create mode 100644 experiments/unified_contextual_memory/artifacts/evaluation/judges/37678adcf4d22085f97886331f21d73ce849f59b640cc415b5d752c536c7bdfd_9100.json
 create mode 100644 experiments/unified_contextual_memory/artifacts/evaluation/judges/37678adcf4d22085f97886331f21d73ce849f59b640cc415b5d752c536c7bdfd_9100.request.json
 create mode 100644 experiments/unified_contextual_memory/artifacts/evaluation/judges/37678adcf4d22085f97886331f21d73ce849f59b640cc415b5d752c536c7bdfd_9101.json
 create mode 100644 experiments/unified_contextual_memory/artifacts/evaluation/judges/37678adcf4d22085f97886331f21d73ce849f59b640cc415b5d752c536c7bdfd_9101.request.json
 create mode 100644 experiments/unified_contextual_memory/artifacts/evaluation/judges/37678adcf4d22085f97886331f21d73ce849f59b640cc415b5d752c536c7bdfd_9102.json
 create mode 100644 experiments/unified_contextual_memory/artifacts/evaluation/judges/37678adcf4d22085f97886331f21d73ce849f59b640cc415b5d752c536c7bdfd_9102.request.json
 create mode 100644 experiments/unified_contextual_memory/artifacts/evaluation/judges/37678adcf4d22085f97886331f21d73ce849f59b640cc415b5d752c536c7bdfd_9200.json
 create mode 100644 experiments/unified_contextual_memory/artifacts/evaluation/judges/37678adcf4d22085f97886331f21d73ce849f59b640cc415b5d752c536c7bdfd_9200.request.json
 create mode 100644 experiments/unified_contextual_memory/artifacts/evaluation/judges/3798171335e58fc71a40ee2cfa1287c7638c3881c6d82c7713f32a5520a5e923_9100.json
 create mode 100644 experiments/unified_contextual_memory/artifacts/evaluation/judges/3798171335e58fc71a40ee2cfa1287c7638c3881c6d82c7713f32a5520a5e923_9100.request.json
 create mode 100644 experiments/unified_contextual_memory/artifacts/evaluation/judges/3798171335e58fc71a40ee2cfa1287c7638c3881c6d82c7713f32a5520a5e923_9101.json
 create mode 100644 experiments/unified_contextual_memory/artifacts/evaluation/judges/3798171335e58fc71a40ee2cfa1287c7638c3881c6d82c7713f32a5520a5e923_9101.request.json
 create mode 100644 experiments/unified_contextual_memory/artifacts/evaluation/judges/3798171335e58fc71a40ee2cfa1287c7638c3881c6d82c7713f32a5520a5e923_9102.json
 create mode 100644 experiments/unified_contextual_memory/artifacts/evaluation/judges/3798171335e58fc71a40ee2cfa1287c7638c3881c6d82c7713f32a5520a5e923_9102.request.json
 create mode 100644 experiments/unified_contextual_memory/artifacts/evaluation/judges/3798171335e58fc71a40ee2cfa1287c7638c3881c6d82c7713f32a5520a5e923_9200.json
 create mode 100644 experiments/unified_contextual_memory/artifacts/evaluation/judges/3798171335e58fc71a40ee2cfa1287c7638c3881c6d82c7713f32a5520a5e923_9200.request.json
 create mode 100644 experiments/unified_contextual_memory/artifacts/evaluation/judges/382ed65df498da4f820ba6fd0066bba72188037a2f1fa38a31e37ccdcb0b3871_9100.json
 create mode 100644 experiments/unified_contextual_memory/artifacts/evaluation/judges/382ed65df498da4f820ba6fd0066bba72188037a2f1fa38a31e37ccdcb0b3871_9100.request.json
 create mode 100644 experiments/unified_contextual_memory/artifacts/evaluation/judges/382ed65df498da4f820ba6fd0066bba72188037a2f1fa38a31e37ccdcb0b3871_9101.json
 create mode 100644 experiments/unified_contextual_memory/artifacts/evaluation/judges/382ed65df498da4f820ba6fd0066bba72188037a2f1fa38a31e37ccdcb0b3871_9101.request.json
 create mode 100644 experiments/unified_contextual_memory/artifacts/evaluation/judges/382ed65df498da4f820ba6fd0066bba72188037a2f1fa38a31e37ccdcb0b3871_9102.json
 create mode 100644 experiments/unified_contextual_memory/artifacts/evaluation/judges/382ed65df498da4f820ba6fd0066bba72188037a2f1fa38a31e37ccdcb0b3871_9102.request.json
 create mode 100644 experiments/unified_contextual_memory/artifacts/evaluation/judges/382ed65df498da4f820ba6fd0066bba72188037a2f1fa38a31e37ccdcb0b3871_9200.json
 create mode 100644 experiments/unified_contextual_memory/artifacts/evaluation/judges/382ed65df498da4f820ba6fd0066bba72188037a2f1fa38a31e37ccdcb0b3871_9200.request.json
 create mode 100644 experiments/unified_contextual_memory/artifacts/evaluation/judges/38614a7dd9bc03a2a6d7c5c35b862f6fec57927c39b61ab247496ba30731e26e_9100.json
 create mode 100644 experiments/unified_contextual_memory/artifacts/evaluation/judges/38614a7dd9bc03a2a6d7c5c35b862f6fec57927c39b61ab247496ba30731e26e_9100.request.json
 create mode 100644 experiments/unified_contextual_memory/artifacts/evaluation/judges/38614a7dd9bc03a2a6d7c5c35b862f6fec57927c39b61ab247496ba30731e26e_9101.json
 create mode 100644 experiments/unified_contextual_memory/artifacts/evaluation/judges/38614a7dd9bc03a2a6d7c5c35b862f6fec57927c39b61ab247496ba30731e26e_9101.request.json
 create mode 100644 experiments/unified_contextual_memory/artifacts/evaluation/judges/38614a7dd9bc03a2a6d7c5c35b862f6fec57927c39b61ab247496ba30731e26e_9102.json
 create mode 100644 experiments/unified_contextual_memory/artifacts/evaluation/judges/38614a7dd9bc03a2a6d7c5c35b862f6fec57927c39b61ab247496ba30731e26e_9102.request.json
 create mode 100644 experiments/unified_contextual_memory/artifacts/evaluation/judges/38614a7dd9bc03a2a6d7c5c35b862f6fec57927c39b61ab247496ba30731e26e_9200.json
 create mode 100644 experiments/unified_contextual_memory/artifacts/evaluation/judges/38614a7dd9bc03a2a6d7c5c35b862f6fec57927c39b61ab247496ba30731e26e_9200.request.json
 create mode 100644 experiments/unified_contextual_memory/artifacts/evaluation/judges/392fdc747456cce3a701b5caf9a26b621c40a447dba4e00a8041dce210231185_9100.json
 create mode 100644 experiments/unified_contextual_memory/artifacts/evaluation/judges/392fdc747456cce3a701b5caf9a26b621c40a447dba4e00a8041dce210231185_9100.request.json
 create mode 100644 experiments/unified_contextual_memory/artifacts/evaluation/judges/392fdc747456cce3a701b5caf9a26b621c40a447dba4e00a8041dce210231185_9101.json
 create mode 100644 experiments/unified_contextual_memory/artifacts/evaluation/judges/392fdc747456cce3a701b5caf9a26b621c40a447dba4e00a8041dce210231185_9101.request.json
 create mode 100644 experiments/unified_contextual_memory/artifacts/evaluation/judges/392fdc747456cce3a701b5caf9a26b621c40a447dba4e00a8041dce210231185_9102.json
 create mode 100644 experiments/unified_contextual_memory/artifacts/evaluation/judges/392fdc747456cce3a701b5caf9a26b621c40a447dba4e00a8041dce210231185_9102.request.json
 create mode 100644 experiments/unified_contextual_memory/artifacts/evaluation/judges/392fdc747456cce3a701b5caf9a26b621c40a447dba4e00a8041dce210231185_9200.json
 create mode 100644 experiments/unified_contextual_memory/artifacts/evaluation/judges/392fdc747456cce3a701b5caf9a26b621c40a447dba4e00a8041dce210231185_9200.request.json
 create mode 100644 experiments/unified_contextual_memory/artifacts/evaluation/judges/39648487e5787ce96ee3ab10093e00a5fd23ae9ccbaceafcedf987080bc3932a_9100.json
 create mode 100644 experiments/unified_contextual_memory/artifacts/evaluation/judges/39648487e5787ce96ee3ab10093e00a5fd23ae9ccbaceafcedf987080bc3932a_9100.request.json
 create mode 100644 experiments/unified_contextual_memory/artifacts/evaluation/judges/39648487e5787ce96ee3ab10093e00a5fd23ae9ccbaceafcedf987080bc3932a_9101.json
 create mode 100644 experiments/unified_contextual_memory/artifacts/evaluation/judges/39648487e5787ce96ee3ab10093e00a5fd23ae9ccbaceafcedf987080bc3932a_9101.request.json
 create mode 100644 experiments/unified_contextual_memory/artifacts/evaluation/judges/39648487e5787ce96ee3ab10093e00a5fd23ae9ccbaceafcedf987080bc3932a_9102.json
 create mode 100644 experiments/unified_contextual_memory/artifacts/evaluation/judges/39648487e5787ce96ee3ab10093e00a5fd23ae9ccbaceafcedf987080bc3932a_9102.request.json
 create mode 100644 experiments/unified_contextual_memory/artifacts/evaluation/judges/39648487e5787ce96ee3ab10093e00a5fd23ae9ccbaceafcedf987080bc3932a_9200.json
 create mode 100644 experiments/unified_contextual_memory/artifacts/evaluation/judges/39648487e5787ce96ee3ab10093e00a5fd23ae9ccbaceafcedf987080bc3932a_9200.request.json
 create mode 100644 experiments/unified_contextual_memory/artifacts/evaluation/judges/3a725978dce490b2d6997f0a960546799a0a4b2d7e72ed175618b4183317ecd9_9100.json
 create mode 100644 experiments/unified_contextual_memory/artifacts/evaluation/judges/3a725978dce490b2d6997f0a960546799a0a4b2d7e72ed175618b4183317ecd9_9100.request.json
 create mode 100644 experiments/unified_contextual_memory/artifacts/evaluation/judges/3a725978dce490b2d6997f0a960546799a0a4b2d7e72ed175618b4183317ecd9_9101.json
 create mode 100644 experiments/unified_contextual_memory/artifacts/evaluation/judges/3a725978dce490b2d6997f0a960546799a0a4b2d7e72ed175618b4183317ecd9_9101.request.json
 create mode 100644 experiments/unified_contextual_memory/artifacts/evaluation/judges/3a725978dce490b2d6997f0a960546799a0a4b2d7e72ed175618b4183317ecd9_9102.json
 create mode 100644 experiments/unified_contextual_memory/artifacts/evaluation/judges/3a725978dce490b2d6997f0a960546799a0a4b2d7e72ed175618b4183317ecd9_9102.request.json
 create mode 100644 experiments/unified_contextual_memory/artifacts/evaluation/judges/3a725978dce490b2d6997f0a960546799a0a4b2d7e72ed175618b4183317ecd9_9200.json
 create mode 100644 experiments/unified_contextual_memory/artifacts/evaluation/judges/3a725978dce490b2d6997f0a960546799a0a4b2d7e72ed175618b4183317ecd9_9200.request.json
 create mode 100644 experiments/unified_contextual_memory/artifacts/evaluation/judges/3ae8af9a1acd29908a1433bf4e30caf30f62cc672b74179181a4cb5a00a1c8d3_9100.json
 create mode 100644 experiments/unified_contextual_memory/artifacts/evaluation/judges/3ae8af9a1acd29908a1433bf4e30caf30f62cc672b74179181a4cb5a00a1c8d3_9100.request.json
 create mode 100644 experiments/unified_contextual_memory/artifacts/evaluation/judges/3ae8af9a1acd29908a1433bf4e30caf30f62cc672b74179181a4cb5a00a1c8d3_9101.json
 create mode 100644 experiments/unified_contextual_memory/artifacts/evaluation/judges/3ae8af9a1acd29908a1433bf4e30caf30f62cc672b74179181a4cb5a00a1c8d3_9101.request.json
 create mode 100644 experiments/unified_contextual_memory/artifacts/evaluation/judges/3ae8af9a1acd29908a1433bf4e30caf30f62cc672b74179181a4cb5a00a1c8d3_9102.json
 create mode 100644 experiments/unified_contextual_memory/artifacts/evaluation/judges/3ae8af9a1acd29908a1433bf4e30caf30f62cc672b74179181a4cb5a00a1c8d3_9102.request.json
 create mode 100644 experiments/unified_contextual_memory/artifacts/evaluation/judges/3ae8af9a1acd29908a1433bf4e30caf30f62cc672b74179181a4cb5a00a1c8d3_9200.json
 create mode 100644 experiments/unified_contextual_memory/artifacts/evaluation/judges/3ae8af9a1acd29908a1433bf4e30caf30f62cc672b74179181a4cb5a00a1c8d3_9200.request.json
 create mode 100644 experiments/unified_contextual_memory/artifacts/evaluation/judges/3b194ce61da5727f1a82fef0613c6c9a05b94961d6632af1a25531776aac2607_9100.json
 create mode 100644 experiments/unified_contextual_memory/artifacts/evaluation/judges/3b194ce61da5727f1a82fef0613c6c9a05b94961d6632af1a25531776aac2607_9100.request.json
 create mode 100644 experiments/unified_contextual_memory/artifacts/evaluation/judges/3b194ce61da5727f1a82fef0613c6c9a05b94961d6632af1a25531776aac2607_9101.json
 create mode 100644 experiments/unified_contextual_memory/artifacts/evaluation/judges/3b194ce61da5727f1a82fef0613c6c9a05b94961d6632af1a25531776aac2607_9101.request.json
 create mode 100644 experiments/unified_contextual_memory/artifacts/evaluation/judges/3b194ce61da5727f1a82fef0613c6c9a05b94961d6632af1a25531776aac2607_9102.json
 create mode 100644 experiments/unified_contextual_memory/artifacts/evaluation/judges/3b194ce61da5727f1a82fef0613c6c9a05b94961d6632af1a25531776aac2607_9102.request.json
 create mode 100644 experiments/unified_contextual_memory/artifacts/evaluation/judges/3b194ce61da5727f1a82fef0613c6c9a05b94961d6632af1a25531776aac2607_9200.json
 create mode 100644 experiments/unified_contextual_memory/artifacts/evaluation/judges/3b194ce61da5727f1a82fef0613c6c9a05b94961d6632af1a25531776aac2607_9200.request.json
 create mode 100644 experiments/unified_contextual_memory/artifacts/evaluation/judges/3c764581e50a9a03e0185a5ea41d347c111c37430f73f70c396c025c6eb8c0b6_9100.json
 create mode 100644 experiments/unified_contextual_memory/artifacts/evaluation/judges/3c764581e50a9a03e0185a5ea41d347c111c37430f73f70c396c025c6eb8c0b6_9100.request.json
 create mode 100644 experiments/unified_contextual_memory/artifacts/evaluation/judges/3c764581e50a9a03e0185a5ea41d347c111c37430f73f70c396c025c6eb8c0b6_9101.json
 create mode 100644 experiments/unified_contextual_memory/artifacts/evaluation/judges/3c764581e50a9a03e0185a5ea41d347c111c37430f73f70c396c025c6eb8c0b6_9101.request.json
 create mode 100644 experiments/unified_contextual_memory/artifacts/evaluation/judges/3c764581e50a9a03e0185a5ea41d347c111c37430f73f70c396c025c6eb8c0b6_9102.json
 create mode 100644 experiments/unified_contextual_memory/artifacts/evaluation/judges/3c764581e50a9a03e0185a5ea41d347c111c37430f73f70c396c025c6eb8c0b6_9102.request.json
 create mode 100644 experiments/unified_contextual_memory/artifacts/evaluation/judges/3c764581e50a9a03e0185a5ea41d347c111c37430f73f70c396c025c6eb8c0b6_9200.json
 create mode 100644 experiments/unified_contextual_memory/artifacts/evaluation/judges/3c764581e50a9a03e0185a5ea41d347c111c37430f73f70c396c025c6eb8c0b6_9200.request.json
 create mode 100644 experiments/unified_contextual_memory/artifacts/evaluation/judges/3c7d78ceaa0208d4532cacd5065d3d34d31260c91e0bb5ead5de4f68e04731e5_9100.json
 create mode 100644 experiments/unified_contextual_memory/artifacts/evaluation/judges/3c7d78ceaa0208d4532cacd5065d3d34d31260c91e0bb5ead5de4f68e04731e5_9100.request.json
 create mode 100644 experiments/unified_contextual_memory/artifacts/evaluation/judges/3c7d78ceaa0208d4532cacd5065d3d34d31260c91e0bb5ead5de4f68e04731e5_9101.json
 create mode 100644 experiments/unified_contextual_memory/artifacts/evaluation/judges/3c7d78ceaa0208d4532cacd5065d3d34d31260c91e0bb5ead5de4f68e04731e5_9101.request.json
 create mode 100644 experiments/unified_contextual_memory/artifacts/evaluation/judges/3c7d78ceaa0208d4532cacd5065d3d34d31260c91e0bb5ead5de4f68e04731e5_9102.json
 create mode 100644 experiments/unified_contextual_memory/artifacts/evaluation/judges/3c7d78ceaa0208d4532cacd5065d3d34d31260c91e0bb5ead5de4f68e04731e5_9102.request.json
 create mode 100644 experiments/unified_contextual_memory/artifacts/evaluation/judges/3c7d78ceaa0208d4532cacd5065d3d34d31260c91e0bb5ead5de4f68e04731e5_9200.json
 create mode 100644 experiments/unified_contextual_memory/artifacts/evaluation/judges/3c7d78ceaa0208d4532cacd5065d3d34d31260c91e0bb5ead5de4f68e04731e5_9200.request.json
 create mode 100644 experiments/unified_contextual_memory/artifacts/evaluation/judges/3cc019bb3096d49d5ead41d6d269bbdfd2bfd3b40f001f28936211a92d5f9bc3_9100.json
 create mode 100644 experiments/unified_contextual_memory/artifacts/evaluation/judges/3cc019bb3096d49d5ead41d6d269bbdfd2bfd3b40f001f28936211a92d5f9bc3_9100.request.json
 create mode 100644 experiments/unified_contextual_memory/artifacts/evaluation/judges/3cc019bb3096d49d5ead41d6d269bbdfd2bfd3b40f001f28936211a92d5f9bc3_9101.json
 create mode 100644 experiments/unified_contextual_memory/artifacts/evaluation/judges/3cc019bb3096d49d5ead41d6d269bbdfd2bfd3b40f001f28936211a92d5f9bc3_9101.request.json
 create mode 100644 experiments/unified_contextual_memory/artifacts/evaluation/judges/3cc019bb3096d49d5ead41d6d269bbdfd2bfd3b40f001f28936211a92d5f9bc3_9102.json
 create mode 100644 experiments/unified_contextual_memory/artifacts/evaluation/judges/3cc019bb3096d49d5ead41d6d269bbdfd2bfd3b40f001f28936211a92d5f9bc3_9102.request.json
 create mode 100644 experiments/unified_contextual_memory/artifacts/evaluation/judges/3cc019bb3096d49d5ead41d6d269bbdfd2bfd3b40f001f28936211a92d5f9bc3_9200.json
 create mode 100644 experiments/unified_contextual_memory/artifacts/evaluation/judges/3cc019bb3096d49d5ead41d6d269bbdfd2bfd3b40f001f28936211a92d5f9bc3_9200.request.json
 create mode 100644 experiments/unified_contextual_memory/artifacts/evaluation/judges/3d840a474b08b8f275d61cdaa0abfb5f44098f25186b5b1d166cae404bdcc581_9100.json
 create mode 100644 experiments/unified_contextual_memory/artifacts/evaluation/judges/3d840a474b08b8f275d61cdaa0abfb5f44098f25186b5b1d166cae404bdcc581_9100.request.json
 create mode 100644 experiments/unified_contextual_memory/artifacts/evaluation/judges/3d840a474b08b8f275d61cdaa0abfb5f44098f25186b5b1d166cae404bdcc581_9101.json
 create mode 100644 experiments/unified_contextual_memory/artifacts/evaluation/judges/3d840a474b08b8f275d61cdaa0abfb5f44098f25186b5b1d166cae404bdcc581_9101.request.json
 create mode 100644 experiments/unified_contextual_memory/artifacts/evaluation/judges/3d840a474b08b8f275d61cdaa0abfb5f44098f25186b5b1d166cae404bdcc581_9102.json
 create mode 100644 experiments/unified_contextual_memory/artifacts/evaluation/judges/3d840a474b08b8f275d61cdaa0abfb5f44098f25186b5b1d166cae404bdcc581_9102.request.json
 create mode 100644 experiments/unified_contextual_memory/artifacts/evaluation/judges/3d840a474b08b8f275d61cdaa0abfb5f44098f25186b5b1d166cae404bdcc581_9200.json
 create mode 100644 experiments/unified_contextual_memory/artifacts/evaluation/judges/3d840a474b08b8f275d61cdaa0abfb5f44098f25186b5b1d166cae404bdcc581_9200.request.json
 create mode 100644 experiments/unified_contextual_memory/artifacts/evaluation/judges/3dbd3d45a7ccff996b4dd9a9a4458fd0064205c51b12719e3d22381e5fff0de1_9100.json
 create mode 100644 experiments/unified_contextual_memory/artifacts/evaluation/judges/3dbd3d45a7ccff996b4dd9a9a4458fd0064205c51b12719e3d22381e5fff0de1_9100.request.json
 create mode 100644 experiments/unified_contextual_memory/artifacts/evaluation/judges/3dbd3d45a7ccff996b4dd9a9a4458fd0064205c51b12719e3d22381e5fff0de1_9101.json
 create mode 100644 experiments/unified_contextual_memory/artifacts/evaluation/judges/3dbd3d45a7ccff996b4dd9a9a4458fd0064205c51b12719e3d22381e5fff0de1_9101.request.json
 create mode 100644 experiments/unified_contextual_memory/artifacts/evaluation/judges/3dbd3d45a7ccff996b4dd9a9a4458fd0064205c51b12719e3d22381e5fff0de1_9102.json
 create mode 100644 experiments/unified_contextual_memory/artifacts/evaluation/judges/3dbd3d45a7ccff996b4dd9a9a4458fd0064205c51b12719e3d22381e5fff0de1_9102.request.json
 create mode 100644 experiments/unified_contextual_memory/artifacts/evaluation/judges/3dbd3d45a7ccff996b4dd9a9a4458fd0064205c51b12719e3d22381e5fff0de1_9200.json
 create mode 100644 experiments/unified_contextual_memory/artifacts/evaluation/judges/3dbd3d45a7ccff996b4dd9a9a4458fd0064205c51b12719e3d22381e5fff0de1_9200.request.json
 create mode 100644 experiments/unified_contextual_memory/artifacts/evaluation/judges/3e15524c66b7754c135f52d415813679cbcd0c07052731eaebc6b1fb754161fd_9100.json
 create mode 100644 experiments/unified_contextual_memory/artifacts/evaluation/judges/3e15524c66b7754c135f52d415813679cbcd0c07052731eaebc6b1fb754161fd_9100.request.json
 create mode 100644 experiments/unified_contextual_memory/artifacts/evaluation/judges/3e15524c66b7754c135f52d415813679cbcd0c07052731eaebc6b1fb754161fd_9101.json
 create mode 100644 experiments/unified_contextual_memory/artifacts/evaluation/judges/3e15524c66b7754c135f52d415813679cbcd0c07052731eaebc6b1fb754161fd_9101.request.json
 create mode 100644 experiments/unified_contextual_memory/artifacts/evaluation/judges/3e15524c66b7754c135f52d415813679cbcd0c07052731eaebc6b1fb754161fd_9102.json
 create mode 100644 experiments/unified_contextual_memory/artifacts/evaluation/judges/3e15524c66b7754c135f52d415813679cbcd0c07052731eaebc6b1fb754161fd_9102.request.json
 create mode 100644 experiments/unified_contextual_memory/artifacts/evaluation/judges/3e15524c66b7754c135f52d415813679cbcd0c07052731eaebc6b1fb754161fd_9200.json
 create mode 100644 experiments/unified_contextual_memory/artifacts/evaluation/judges/3e15524c66b7754c135f52d415813679cbcd0c07052731eaebc6b1fb754161fd_9200.request.json
 create mode 100644 experiments/unified_contextual_memory/artifacts/evaluation/judges/3ed87beef8e7ed8f8ce596094db12c34a031991ce0fc84bccd4b1c40e77b1544_9100.json
 create mode 100644 experiments/unified_contextual_memory/artifacts/evaluation/judges/3ed87beef8e7ed8f8ce596094db12c34a031991ce0fc84bccd4b1c40e77b1544_9100.request.json
 create mode 100644 experiments/unified_contextual_memory/artifacts/evaluation/judges/3ed87beef8e7ed8f8ce596094db12c34a031991ce0fc84bccd4b1c40e77b1544_9101.json
 create mode 100644 experiments/unified_contextual_memory/artifacts/evaluation/judges/3ed87beef8e7ed8f8ce596094db12c34a031991ce0fc84bccd4b1c40e77b1544_9101.request.json
 create mode 100644 experiments/unified_contextual_memory/artifacts/evaluation/judges/3ed87beef8e7ed8f8ce596094db12c34a031991ce0fc84bccd4b1c40e77b1544_9102.json
 create mode 100644 experiments/unified_contextual_memory/artifacts/evaluation/judges/3ed87beef8e7ed8f8ce596094db12c34a031991ce0fc84bccd4b1c40e77b1544_9102.request.json
 create mode 100644 experiments/unified_contextual_memory/artifacts/evaluation/judges/3ed87beef8e7ed8f8ce596094db12c34a031991ce0fc84bccd4b1c40e77b1544_9200.json
 create mode 100644 experiments/unified_contextual_memory/artifacts/evaluation/judges/3ed87beef8e7ed8f8ce596094db12c34a031991ce0fc84bccd4b1c40e77b1544_9200.request.json
 create mode 100644 experiments/unified_contextual_memory/artifacts/evaluation/judges/3f8aa529af6773ae5b9966d5a44f26fa3e0538571afa5ce9669242c501a6358c_9100.json
 create mode 100644 experiments/unified_contextual_memory/artifacts/evaluation/judges/3f8aa529af6773ae5b9966d5a44f26fa3e0538571afa5ce9669242c501a6358c_9100.request.json
 create mode 100644 experiments/unified_contextual_memory/artifacts/evaluation/judges/3f8aa529af6773ae5b9966d5a44f26fa3e0538571afa5ce9669242c501a6358c_9101.json
 create mode 100644 experiments/unified_contextual_memory/artifacts/evaluation/judges/3f8aa529af6773ae5b9966d5a44f26fa3e0538571afa5ce9669242c501a6358c_9101.request.json
 create mode 100644 experiments/unified_contextual_memory/artifacts/evaluation/judges/3f8aa529af6773ae5b9966d5a44f26fa3e0538571afa5ce9669242c501a6358c_9102.json
 create mode 100644 experiments/unified_contextual_memory/artifacts/evaluation/judges/3f8aa529af6773ae5b9966d5a44f26fa3e0538571afa5ce9669242c501a6358c_9102.request.json
 create mode 100644 experiments/unified_contextual_memory/artifacts/evaluation/judges/3f8aa529af6773ae5b9966d5a44f26fa3e0538571afa5ce9669242c501a6358c_9200.json
 create mode 100644 experiments/unified_contextual_memory/artifacts/evaluation/judges/3f8aa529af6773ae5b9966d5a44f26fa3e0538571afa5ce9669242c501a6358c_9200.request.json
 create mode 100644 experiments/unified_contextual_memory/artifacts/evaluation/judges/4079a4a988daa206d8df74c80e205fad27a58eb4a80bd09f7a51b7cac40655b4_9100.json
 create mode 100644 experiments/unified_contextual_memory/artifacts/evaluation/judges/4079a4a988daa206d8df74c80e205fad27a58eb4a80bd09f7a51b7cac40655b4_9100.request.json
 create mode 100644 experiments/unified_contextual_memory/artifacts/evaluation/judges/4079a4a988daa206d8df74c80e205fad27a58eb4a80bd09f7a51b7cac40655b4_9101.json
 create mode 100644 experiments/unified_contextual_memory/artifacts/evaluation/judges/4079a4a988daa206d8df74c80e205fad27a58eb4a80bd09f7a51b7cac40655b4_9101.request.json
 create mode 100644 experiments/unified_contextual_memory/artifacts/evaluation/judges/4079a4a988daa206d8df74c80e205fad27a58eb4a80bd09f7a51b7cac40655b4_9102.json
 create mode 100644 experiments/unified_contextual_memory/artifacts/evaluation/judges/4079a4a988daa206d8df74c80e205fad27a58eb4a80bd09f7a51b7cac40655b4_9102.request.json
 create mode 100644 experiments/unified_contextual_memory/artifacts/evaluation/judges/4079a4a988daa206d8df74c80e205fad27a58eb4a80bd09f7a51b7cac40655b4_9200.json
 create mode 100644 experiments/unified_contextual_memory/artifacts/evaluation/judges/4079a4a988daa206d8df74c80e205fad27a58eb4a80bd09f7a51b7cac40655b4_9200.request.json
 create mode 100644 experiments/unified_contextual_memory/artifacts/evaluation/judges/408df9234004201f2396cd4bedfa214054d5091dbbc1ce35b8be322666a5a2f4_9100.json
 create mode 100644 experiments/unified_contextual_memory/artifacts/evaluation/judges/408df9234004201f2396cd4bedfa214054d5091dbbc1ce35b8be322666a5a2f4_9100.request.json
 create mode 100644 experiments/unified_contextual_memory/artifacts/evaluation/judges/408df9234004201f2396cd4bedfa214054d5091dbbc1ce35b8be322666a5a2f4_9101.json
 create mode 100644 experiments/unified_contextual_memory/artifacts/evaluation/judges/408df9234004201f2396cd4bedfa214054d5091dbbc1ce35b8be322666a5a2f4_9101.request.json
 create mode 100644 experiments/unified_contextual_memory/artifacts/evaluation/judges/408df9234004201f2396cd4bedfa214054d5091dbbc1ce35b8be322666a5a2f4_9102.json
 create mode 100644 experiments/unified_contextual_memory/artifacts/evaluation/judges/408df9234004201f2396cd4bedfa214054d5091dbbc1ce35b8be322666a5a2f4_9102.request.json
 create mode 100644 experiments/unified_contextual_memory/artifacts/evaluation/judges/408df9234004201f2396cd4bedfa214054d5091dbbc1ce35b8be322666a5a2f4_9200.json
 create mode 100644 experiments/unified_contextual_memory/artifacts/evaluation/judges/408df9234004201f2396cd4bedfa214054d5091dbbc1ce35b8be322666a5a2f4_9200.request.json
 create mode 100644 experiments/unified_contextual_memory/artifacts/evaluation/judges/4110dd922ec1285fddc3d902bc9e495da66d5388f2a12cc0df52edc6e78eee9d_9100.json
 create mode 100644 experiments/unified_contextual_memory/artifacts/evaluation/judges/4110dd922ec1285fddc3d902bc9e495da66d5388f2a12cc0df52edc6e78eee9d_9100.request.json
 create mode 100644 experiments/unified_contextual_memory/artifacts/evaluation/judges/4110dd922ec1285fddc3d902bc9e495da66d5388f2a12cc0df52edc6e78eee9d_9101.json
 create mode 100644 experiments/unified_contextual_memory/artifacts/evaluation/judges/4110dd922ec1285fddc3d902bc9e495da66d5388f2a12cc0df52edc6e78eee9d_9101.request.json
 create mode 100644 experiments/unified_contextual_memory/artifacts/evaluation/judges/4110dd922ec1285fddc3d902bc9e495da66d5388f2a12cc0df52edc6e78eee9d_9102.json
 create mode 100644 experiments/unified_contextual_memory/artifacts/evaluation/judges/4110dd922ec1285fddc3d902bc9e495da66d5388f2a12cc0df52edc6e78eee9d_9102.request.json
 create mode 100644 experiments/unified_contextual_memory/artifacts/evaluation/judges/4110dd922ec1285fddc3d902bc9e495da66d5388f2a12cc0df52edc6e78eee9d_9200.json
 create mode 100644 experiments/unified_contextual_memory/artifacts/evaluation/judges/4110dd922ec1285fddc3d902bc9e495da66d5388f2a12cc0df52edc6e78eee9d_9200.request.json
 create mode 100644 experiments/unified_contextual_memory/artifacts/evaluation/judges/4153da58a22afaa2506530b6c568a4aa50733e5d42ec287c59d86c073e3d39ef_9100.json
 create mode 100644 experiments/unified_contextual_memory/artifacts/evaluation/judges/4153da58a22afaa2506530b6c568a4aa50733e5d42ec287c59d86c073e3d39ef_9100.request.json
 create mode 100644 experiments/unified_contextual_memory/artifacts/evaluation/judges/4153da58a22afaa2506530b6c568a4aa50733e5d42ec287c59d86c073e3d39ef_9101.json
 create mode 100644 experiments/unified_contextual_memory/artifacts/evaluation/judges/4153da58a22afaa2506530b6c568a4aa50733e5d42ec287c59d86c073e3d39ef_9101.request.json
 create mode 100644 experiments/unified_contextual_memory/artifacts/evaluation/judges/4153da58a22afaa2506530b6c568a4aa50733e5d42ec287c59d86c073e3d39ef_9102.json
 create mode 100644 experiments/unified_contextual_memory/artifacts/evaluation/judges/4153da58a22afaa2506530b6c568a4aa50733e5d42ec287c59d86c073e3d39ef_9102.request.json
 create mode 100644 experiments/unified_contextual_memory/artifacts/evaluation/judges/4153da58a22afaa2506530b6c568a4aa50733e5d42ec287c59d86c073e3d39ef_9200.json
 create mode 100644 experiments/unified_contextual_memory/artifacts/evaluation/judges/4153da58a22afaa2506530b6c568a4aa50733e5d42ec287c59d86c073e3d39ef_9200.request.json
 create mode 100644 experiments/unified_contextual_memory/artifacts/evaluation/judges/41b20595d73b432716abb71a192e0f8a88903145171eb13e8825e9ff1ac52ac6_9100.json
 create mode 100644 experiments/unified_contextual_memory/artifacts/evaluation/judges/41b20595d73b432716abb71a192e0f8a88903145171eb13e8825e9ff1ac52ac6_9100.request.json
 create mode 100644 experiments/unified_contextual_memory/artifacts/evaluation/judges/41b20595d73b432716abb71a192e0f8a88903145171eb13e8825e9ff1ac52ac6_9101.json
 create mode 100644 experiments/unified_contextual_memory/artifacts/evaluation/judges/41b20595d73b432716abb71a192e0f8a88903145171eb13e8825e9ff1ac52ac6_9101.request.json
 create mode 100644 experiments/unified_contextual_memory/artifacts/evaluation/judges/41b20595d73b432716abb71a192e0f8a88903145171eb13e8825e9ff1ac52ac6_9102.json
 create mode 100644 experiments/unified_contextual_memory/artifacts/evaluation/judges/41b20595d73b432716abb71a192e0f8a88903145171eb13e8825e9ff1ac52ac6_9102.request.json
 create mode 100644 experiments/unified_contextual_memory/artifacts/evaluation/judges/41b20595d73b432716abb71a192e0f8a88903145171eb13e8825e9ff1ac52ac6_9200.json
 create mode 100644 experiments/unified_contextual_memory/artifacts/evaluation/judges/41b20595d73b432716abb71a192e0f8a88903145171eb13e8825e9ff1ac52ac6_9200.request.json
 create mode 100644 experiments/unified_contextual_memory/artifacts/evaluation/judges/4250ac1b40431c98587a7dd5a0d5cb4bfe2dad2641cc8ed8fbe93f6f95f21312_9100.json
 create mode 100644 experiments/unified_contextual_memory/artifacts/evaluation/judges/4250ac1b40431c98587a7dd5a0d5cb4bfe2dad2641cc8ed8fbe93f6f95f21312_9100.request.json
 create mode 100644 experiments/unified_contextual_memory/artifacts/evaluation/judges/4250ac1b40431c98587a7dd5a0d5cb4bfe2dad2641cc8ed8fbe93f6f95f21312_9101.json
 create mode 100644 experiments/unified_contextual_memory/artifacts/evaluation/judges/4250ac1b40431c98587a7dd5a0d5cb4bfe2dad2641cc8ed8fbe93f6f95f21312_9101.request.json
 create mode 100644 experiments/unified_contextual_memory/artifacts/evaluation/judges/4250ac1b40431c98587a7dd5a0d5cb4bfe2dad2641cc8ed8fbe93f6f95f21312_9102.json
 create mode 100644 experiments/unified_contextual_memory/artifacts/evaluation/judges/4250ac1b40431c98587a7dd5a0d5cb4bfe2dad2641cc8ed8fbe93f6f95f21312_9102.request.json
 create mode 100644 experiments/unified_contextual_memory/artifacts/evaluation/judges/4250ac1b40431c98587a7dd5a0d5cb4bfe2dad2641cc8ed8fbe93f6f95f21312_9200.json
 create mode 100644 experiments/unified_contextual_memory/artifacts/evaluation/judges/4250ac1b40431c98587a7dd5a0d5cb4bfe2dad2641cc8ed8fbe93f6f95f21312_9200.request.json
 create mode 100644 experiments/unified_contextual_memory/artifacts/evaluation/judges/425fcc3ffea41da0d00c80df093f6576b0c63d04654ba23536b4df603f1b9d57_9100.json
 create mode 100644 experiments/unified_contextual_memory/artifacts/evaluation/judges/425fcc3ffea41da0d00c80df093f6576b0c63d04654ba23536b4df603f1b9d57_9100.request.json
 create mode 100644 experiments/unified_contextual_memory/artifacts/evaluation/judges/425fcc3ffea41da0d00c80df093f6576b0c63d04654ba23536b4df603f1b9d57_9101.json
 create mode 100644 experiments/unified_contextual_memory/artifacts/evaluation/judges/425fcc3ffea41da0d00c80df093f6576b0c63d04654ba23536b4df603f1b9d57_9101.request.json
 create mode 100644 experiments/unified_contextual_memory/artifacts/evaluation/judges/425fcc3ffea41da0d00c80df093f6576b0c63d04654ba23536b4df603f1b9d57_9102.json
 create mode 100644 experiments/unified_contextual_memory/artifacts/evaluation/judges/425fcc3ffea41da0d00c80df093f6576b0c63d04654ba23536b4df603f1b9d57_9102.request.json
 create mode 100644 experiments/unified_contextual_memory/artifacts/evaluation/judges/425fcc3ffea41da0d00c80df093f6576b0c63d04654ba23536b4df603f1b9d57_9200.json
 create mode 100644 experiments/unified_contextual_memory/artifacts/evaluation/judges/425fcc3ffea41da0d00c80df093f6576b0c63d04654ba23536b4df603f1b9d57_9200.request.json
 create mode 100644 experiments/unified_contextual_memory/artifacts/evaluation/judges/4293cfeae82882242c5d29e47a1e2ecbf5ac9b209616381491dfd9313870609a_9100.json
 create mode 100644 experiments/unified_contextual_memory/artifacts/evaluation/judges/4293cfeae82882242c5d29e47a1e2ecbf5ac9b209616381491dfd9313870609a_9100.request.json
 create mode 100644 experiments/unified_contextual_memory/artifacts/evaluation/judges/4293cfeae82882242c5d29e47a1e2ecbf5ac9b209616381491dfd9313870609a_9101.json
 create mode 100644 experiments/unified_contextual_memory/artifacts/evaluation/judges/4293cfeae82882242c5d29e47a1e2ecbf5ac9b209616381491dfd9313870609a_9101.request.json
 create mode 100644 experiments/unified_contextual_memory/artifacts/evaluation/judges/4293cfeae82882242c5d29e47a1e2ecbf5ac9b209616381491dfd9313870609a_9102.json
 create mode 100644 experiments/unified_contextual_memory/artifacts/evaluation/judges/4293cfeae82882242c5d29e47a1e2ecbf5ac9b209616381491dfd9313870609a_9102.request.json
 create mode 100644 experiments/unified_contextual_memory/artifacts/evaluation/judges/4293cfeae82882242c5d29e47a1e2ecbf5ac9b209616381491dfd9313870609a_9200.json
 create mode 100644 experiments/unified_contextual_memory/artifacts/evaluation/judges/4293cfeae82882242c5d29e47a1e2ecbf5ac9b209616381491dfd9313870609a_9200.request.json
 create mode 100644 experiments/unified_contextual_memory/artifacts/evaluation/judges/42b5c14a3a8b589bde346a6e9fafc06a797fa537bcdf993c1f3d9502f343fa82_9100.json
 create mode 100644 experiments/unified_contextual_memory/artifacts/evaluation/judges/42b5c14a3a8b589bde346a6e9fafc06a797fa537bcdf993c1f3d9502f343fa82_9100.request.json
 create mode 100644 experiments/unified_contextual_memory/artifacts/evaluation/judges/42b5c14a3a8b589bde346a6e9fafc06a797fa537bcdf993c1f3d9502f343fa82_9101.json
 create mode 100644 experiments/unified_contextual_memory/artifacts/evaluation/judges/42b5c14a3a8b589bde346a6e9fafc06a797fa537bcdf993c1f3d9502f343fa82_9101.request.json
 create mode 100644 experiments/unified_contextual_memory/artifacts/evaluation/judges/42b5c14a3a8b589bde346a6e9fafc06a797fa537bcdf993c1f3d9502f343fa82_9102.json
 create mode 100644 experiments/unified_contextual_memory/artifacts/evaluation/judges/42b5c14a3a8b589bde346a6e9fafc06a797fa537bcdf993c1f3d9502f343fa82_9102.request.json
 create mode 100644 experiments/unified_contextual_memory/artifacts/evaluation/judges/42b5c14a3a8b589bde346a6e9fafc06a797fa537bcdf993c1f3d9502f343fa82_9200.json
 create mode 100644 experiments/unified_contextual_memory/artifacts/evaluation/judges/42b5c14a3a8b589bde346a6e9fafc06a797fa537bcdf993c1f3d9502f343fa82_9200.request.json
 create mode 100644 experiments/unified_contextual_memory/artifacts/evaluation/judges/43550e21d6190364824e970f76e21f89486ccfcae596065f35d164301daedf81_9100.json
 create mode 100644 experiments/unified_contextual_memory/artifacts/evaluation/judges/43550e21d6190364824e970f76e21f89486ccfcae596065f35d164301daedf81_9100.request.json
 create mode 100644 experiments/unified_contextual_memory/artifacts/evaluation/judges/43550e21d6190364824e970f76e21f89486ccfcae596065f35d164301daedf81_9101.json
 create mode 100644 experiments/unified_contextual_memory/artifacts/evaluation/judges/43550e21d6190364824e970f76e21f89486ccfcae596065f35d164301daedf81_9101.request.json
 create mode 100644 experiments/unified_contextual_memory/artifacts/evaluation/judges/43550e21d6190364824e970f76e21f89486ccfcae596065f35d164301daedf81_9102.json
 create mode 100644 experiments/unified_contextual_memory/artifacts/evaluation/judges/43550e21d6190364824e970f76e21f89486ccfcae596065f35d164301daedf81_9102.request.json
 create mode 100644 experiments/unified_contextual_memory/artifacts/evaluation/judges/43550e21d6190364824e970f76e21f89486ccfcae596065f35d164301daedf81_9200.json
 create mode 100644 experiments/unified_contextual_memory/artifacts/evaluation/judges/43550e21d6190364824e970f76e21f89486ccfcae596065f35d164301daedf81_9200.request.json
 create mode 100644 experiments/unified_contextual_memory/artifacts/evaluation/judges/445666b68e0c439bb130dbe5a56e84479eb295554faa71a05a60ee78fc57fe06_9100.json
 create mode 100644 experiments/unified_contextual_memory/artifacts/evaluation/judges/445666b68e0c439bb130dbe5a56e84479eb295554faa71a05a60ee78fc57fe06_9100.request.json
 create mode 100644 experiments/unified_contextual_memory/artifacts/evaluation/judges/445666b68e0c439bb130dbe5a56e84479eb295554faa71a05a60ee78fc57fe06_9101.json
 create mode 100644 experiments/unified_contextual_memory/artifacts/evaluation/judges/445666b68e0c439bb130dbe5a56e84479eb295554faa71a05a60ee78fc57fe06_9101.request.json
 create mode 100644 experiments/unified_contextual_memory/artifacts/evaluation/judges/445666b68e0c439bb130dbe5a56e84479eb295554faa71a05a60ee78fc57fe06_9102.json
 create mode 100644 experiments/unified_contextual_memory/artifacts/evaluation/judges/445666b68e0c439bb130dbe5a56e84479eb295554faa71a05a60ee78fc57fe06_9102.request.json
 create mode 100644 experiments/unified_contextual_memory/artifacts/evaluation/judges/445666b68e0c439bb130dbe5a56e84479eb295554faa71a05a60ee78fc57fe06_9200.json
 create mode 100644 experiments/unified_contextual_memory/artifacts/evaluation/judges/445666b68e0c439bb130dbe5a56e84479eb295554faa71a05a60ee78fc57fe06_9200.request.json
 create mode 100644 experiments/unified_contextual_memory/artifacts/evaluation/judges/4471e8a945edd3d87e4b594950753f9be0ade76fc7ac7de0c0d0c97f8037ff08_9100.json
 create mode 100644 experiments/unified_contextual_memory/artifacts/evaluation/judges/4471e8a945edd3d87e4b594950753f9be0ade76fc7ac7de0c0d0c97f8037ff08_9100.request.json
 create mode 100644 experiments/unified_contextual_memory/artifacts/evaluation/judges/4471e8a945edd3d87e4b594950753f9be0ade76fc7ac7de0c0d0c97f8037ff08_9101.json
 create mode 100644 experiments/unified_contextual_memory/artifacts/evaluation/judges/4471e8a945edd3d87e4b594950753f9be0ade76fc7ac7de0c0d0c97f8037ff08_9101.request.json
 create mode 100644 experiments/unified_contextual_memory/artifacts/evaluation/judges/4471e8a945edd3d87e4b594950753f9be0ade76fc7ac7de0c0d0c97f8037ff08_9102.json
 create mode 100644 experiments/unified_contextual_memory/artifacts/evaluation/judges/4471e8a945edd3d87e4b594950753f9be0ade76fc7ac7de0c0d0c97f8037ff08_9102.request.json
 create mode 100644 experiments/unified_contextual_memory/artifacts/evaluation/judges/4471e8a945edd3d87e4b594950753f9be0ade76fc7ac7de0c0d0c97f8037ff08_9200.json
 create mode 100644 experiments/unified_contextual_memory/artifacts/evaluation/judges/4471e8a945edd3d87e4b594950753f9be0ade76fc7ac7de0c0d0c97f8037ff08_9200.request.json
 create mode 100644 experiments/unified_contextual_memory/artifacts/evaluation/judges/447e88d245b9b2a411788f151efe5e29cd1bec9f36894ee5ec3888559b8e3141_9100.json
 create mode 100644 experiments/unified_contextual_memory/artifacts/evaluation/judges/447e88d245b9b2a411788f151efe5e29cd1bec9f36894ee5ec3888559b8e3141_9100.request.json
 create mode 100644 experiments/unified_contextual_memory/artifacts/evaluation/judges/447e88d245b9b2a411788f151efe5e29cd1bec9f36894ee5ec3888559b8e3141_9101.json
 create mode 100644 experiments/unified_contextual_memory/artifacts/evaluation/judges/447e88d245b9b2a411788f151efe5e29cd1bec9f36894ee5ec3888559b8e3141_9101.request.json
 create mode 100644 experiments/unified_contextual_memory/artifacts/evaluation/judges/447e88d245b9b2a411788f151efe5e29cd1bec9f36894ee5ec3888559b8e3141_9102.json
 create mode 100644 experiments/unified_contextual_memory/artifacts/evaluation/judges/447e88d245b9b2a411788f151efe5e29cd1bec9f36894ee5ec3888559b8e3141_9102.request.json
 create mode 100644 experiments/unified_contextual_memory/artifacts/evaluation/judges/447e88d245b9b2a411788f151efe5e29cd1bec9f36894ee5ec3888559b8e3141_9200.json
 create mode 100644 experiments/unified_contextual_memory/artifacts/evaluation/judges/447e88d245b9b2a411788f151efe5e29cd1bec9f36894ee5ec3888559b8e3141_9200.request.json
 create mode 100644 experiments/unified_contextual_memory/artifacts/evaluation/judges/451670406816e6e9cd3ebcd8a84a0925248c931d789c8428c8a338529d1d29c0_9100.json
 create mode 100644 experiments/unified_contextual_memory/artifacts/evaluation/judges/451670406816e6e9cd3ebcd8a84a0925248c931d789c8428c8a338529d1d29c0_9100.request.json
 create mode 100644 experiments/unified_contextual_memory/artifacts/evaluation/judges/451670406816e6e9cd3ebcd8a84a0925248c931d789c8428c8a338529d1d29c0_9101.json
 create mode 100644 experiments/unified_contextual_memory/artifacts/evaluation/judges/451670406816e6e9cd3ebcd8a84a0925248c931d789c8428c8a338529d1d29c0_9101.request.json
 create mode 100644 experiments/unified_contextual_memory/artifacts/evaluation/judges/451670406816e6e9cd3ebcd8a84a0925248c931d789c8428c8a338529d1d29c0_9102.json
 create mode 100644 experiments/unified_contextual_memory/artifacts/evaluation/judges/451670406816e6e9cd3ebcd8a84a0925248c931d789c8428c8a338529d1d29c0_9102.request.json
 create mode 100644 experiments/unified_contextual_memory/artifacts/evaluation/judges/451670406816e6e9cd3ebcd8a84a0925248c931d789c8428c8a338529d1d29c0_9200.json
 create mode 100644 experiments/unified_contextual_memory/artifacts/evaluation/judges/451670406816e6e9cd3ebcd8a84a0925248c931d789c8428c8a338529d1d29c0_9200.request.json
 create mode 100644 experiments/unified_contextual_memory/artifacts/evaluation/judges/45809596933966326e8d4861cc09562017419b3808df7840082edfce33c111a8_9100.json
 create mode 100644 experiments/unified_contextual_memory/artifacts/evaluation/judges/45809596933966326e8d4861cc09562017419b3808df7840082edfce33c111a8_9100.request.json
 create mode 100644 experiments/unified_contextual_memory/artifacts/evaluation/judges/45809596933966326e8d4861cc09562017419b3808df7840082edfce33c111a8_9101.json
 create mode 100644 experiments/unified_contextual_memory/artifacts/evaluation/judges/45809596933966326e8d4861cc09562017419b3808df7840082edfce33c111a8_9101.request.json
 create mode 100644 experiments/unified_contextual_memory/artifacts/evaluation/judges/45809596933966326e8d4861cc09562017419b3808df7840082edfce33c111a8_9102.json
 create mode 100644 experiments/unified_contextual_memory/artifacts/evaluation/judges/45809596933966326e8d4861cc09562017419b3808df7840082edfce33c111a8_9102.request.json
 create mode 100644 experiments/unified_contextual_memory/artifacts/evaluation/judges/45809596933966326e8d4861cc09562017419b3808df7840082edfce33c111a8_9200.json
 create mode 100644 experiments/unified_contextual_memory/artifacts/evaluation/judges/45809596933966326e8d4861cc09562017419b3808df7840082edfce33c111a8_9200.request.json
 create mode 100644 experiments/unified_contextual_memory/artifacts/evaluation/judges/45b4f6bd99553c3b65a86f4763e03d07b2cee3ee1db2b66ab570e17a010c20f0_9100.json
 create mode 100644 experiments/unified_contextual_memory/artifacts/evaluation/judges/45b4f6bd99553c3b65a86f4763e03d07b2cee3ee1db2b66ab570e17a010c20f0_9100.request.json
 create mode 100644 experiments/unified_contextual_memory/artifacts/evaluation/judges/45b4f6bd99553c3b65a86f4763e03d07b2cee3ee1db2b66ab570e17a010c20f0_9101.json
 create mode 100644 experiments/unified_contextual_memory/artifacts/evaluation/judges/45b4f6bd99553c3b65a86f4763e03d07b2cee3ee1db2b66ab570e17a010c20f0_9101.request.json
 create mode 100644 experiments/unified_contextual_memory/artifacts/evaluation/judges/45b4f6bd99553c3b65a86f4763e03d07b2cee3ee1db2b66ab570e17a010c20f0_9102.json
 create mode 100644 experiments/unified_contextual_memory/artifacts/evaluation/judges/45b4f6bd99553c3b65a86f4763e03d07b2cee3ee1db2b66ab570e17a010c20f0_9102.request.json
 create mode 100644 experiments/unified_contextual_memory/artifacts/evaluation/judges/45b4f6bd99553c3b65a86f4763e03d07b2cee3ee1db2b66ab570e17a010c20f0_9200.json
 create mode 100644 experiments/unified_contextual_memory/artifacts/evaluation/judges/45b4f6bd99553c3b65a86f4763e03d07b2cee3ee1db2b66ab570e17a010c20f0_9200.request.json
 create mode 100644 experiments/unified_contextual_memory/artifacts/evaluation/judges/46bc0653551361be78b2d7f10ca68d8510ca12435a4f24e3fe5938b0c4589b8c_9100.json
 create mode 100644 experiments/unified_contextual_memory/artifacts/evaluation/judges/46bc0653551361be78b2d7f10ca68d8510ca12435a4f24e3fe5938b0c4589b8c_9100.request.json
 create mode 100644 experiments/unified_contextual_memory/artifacts/evaluation/judges/46bc0653551361be78b2d7f10ca68d8510ca12435a4f24e3fe5938b0c4589b8c_9101.json
 create mode 100644 experiments/unified_contextual_memory/artifacts/evaluation/judges/46bc0653551361be78b2d7f10ca68d8510ca12435a4f24e3fe5938b0c4589b8c_9101.request.json
 create mode 100644 experiments/unified_contextual_memory/artifacts/evaluation/judges/46bc0653551361be78b2d7f10ca68d8510ca12435a4f24e3fe5938b0c4589b8c_9102.json
 create mode 100644 experiments/unified_contextual_memory/artifacts/evaluation/judges/46bc0653551361be78b2d7f10ca68d8510ca12435a4f24e3fe5938b0c4589b8c_9102.request.json
 create mode 100644 experiments/unified_contextual_memory/artifacts/evaluation/judges/46bc0653551361be78b2d7f10ca68d8510ca12435a4f24e3fe5938b0c4589b8c_9200.json
 create mode 100644 experiments/unified_contextual_memory/artifacts/evaluation/judges/46bc0653551361be78b2d7f10ca68d8510ca12435a4f24e3fe5938b0c4589b8c_9200.request.json
 create mode 100644 experiments/unified_contextual_memory/artifacts/evaluation/judges/47076a9a84c6da080d6ae05cfd68fea41f2e9334a971db9273945ffa11d462ec_9100.json
 create mode 100644 experiments/unified_contextual_memory/artifacts/evaluation/judges/47076a9a84c6da080d6ae05cfd68fea41f2e9334a971db9273945ffa11d462ec_9100.request.json
 create mode 100644 experiments/unified_contextual_memory/artifacts/evaluation/judges/47076a9a84c6da080d6ae05cfd68fea41f2e9334a971db9273945ffa11d462ec_9101.json
 create mode 100644 experiments/unified_contextual_memory/artifacts/evaluation/judges/47076a9a84c6da080d6ae05cfd68fea41f2e9334a971db9273945ffa11d462ec_9101.request.json
 create mode 100644 experiments/unified_contextual_memory/artifacts/evaluation/judges/47076a9a84c6da080d6ae05cfd68fea41f2e9334a971db9273945ffa11d462ec_9102.json
 create mode 100644 experiments/unified_contextual_memory/artifacts/evaluation/judges/47076a9a84c6da080d6ae05cfd68fea41f2e9334a971db9273945ffa11d462ec_9102.request.json
 create mode 100644 experiments/unified_contextual_memory/artifacts/evaluation/judges/47076a9a84c6da080d6ae05cfd68fea41f2e9334a971db9273945ffa11d462ec_9200.json
 create mode 100644 experiments/unified_contextual_memory/artifacts/evaluation/judges/47076a9a84c6da080d6ae05cfd68fea41f2e9334a971db9273945ffa11d462ec_9200.request.json
 create mode 100644 experiments/unified_contextual_memory/artifacts/evaluation/judges/47116457c4367e9a8a6f137134a1361a5001eb224bd161fb3c742b3323617a08_9100.json
 create mode 100644 experiments/unified_contextual_memory/artifacts/evaluation/judges/47116457c4367e9a8a6f137134a1361a5001eb224bd161fb3c742b3323617a08_9100.request.json
 create mode 100644 experiments/unified_contextual_memory/artifacts/evaluation/judges/47116457c4367e9a8a6f137134a1361a5001eb224bd161fb3c742b3323617a08_9101.json
 create mode 100644 experiments/unified_contextual_memory/artifacts/evaluation/judges/47116457c4367e9a8a6f137134a1361a5001eb224bd161fb3c742b3323617a08_9101.request.json
 create mode 100644 experiments/unified_contextual_memory/artifacts/evaluation/judges/47116457c4367e9a8a6f137134a1361a5001eb224bd161fb3c742b3323617a08_9102.json
 create mode 100644 experiments/unified_contextual_memory/artifacts/evaluation/judges/47116457c4367e9a8a6f137134a1361a5001eb224bd161fb3c742b3323617a08_9102.request.json
 create mode 100644 experiments/unified_contextual_memory/artifacts/evaluation/judges/47116457c4367e9a8a6f137134a1361a5001eb224bd161fb3c742b3323617a08_9200.json
 create mode 100644 experiments/unified_contextual_memory/artifacts/evaluation/judges/47116457c4367e9a8a6f137134a1361a5001eb224bd161fb3c742b3323617a08_9200.request.json
 create mode 100644 experiments/unified_contextual_memory/artifacts/evaluation/judges/47195ba527ad7c94e9a2e77dfb5dcf111e193fa061338447a39c2cf2bee985b5_9100.json
 create mode 100644 experiments/unified_contextual_memory/artifacts/evaluation/judges/47195ba527ad7c94e9a2e77dfb5dcf111e193fa061338447a39c2cf2bee985b5_9100.request.json
 create mode 100644 experiments/unified_contextual_memory/artifacts/evaluation/judges/47195ba527ad7c94e9a2e77dfb5dcf111e193fa061338447a39c2cf2bee985b5_9101.json
 create mode 100644 experiments/unified_contextual_memory/artifacts/evaluation/judges/47195ba527ad7c94e9a2e77dfb5dcf111e193fa061338447a39c2cf2bee985b5_9101.request.json
 create mode 100644 experiments/unified_contextual_memory/artifacts/evaluation/judges/47195ba527ad7c94e9a2e77dfb5dcf111e193fa061338447a39c2cf2bee985b5_9102.json
 create mode 100644 experiments/unified_contextual_memory/artifacts/evaluation/judges/47195ba527ad7c94e9a2e77dfb5dcf111e193fa061338447a39c2cf2bee985b5_9102.request.json
 create mode 100644 experiments/unified_contextual_memory/artifacts/evaluation/judges/47195ba527ad7c94e9a2e77dfb5dcf111e193fa061338447a39c2cf2bee985b5_9200.json
 create mode 100644 experiments/unified_contextual_memory/artifacts/evaluation/judges/47195ba527ad7c94e9a2e77dfb5dcf111e193fa061338447a39c2cf2bee985b5_9200.request.json
 create mode 100644 experiments/unified_contextual_memory/artifacts/evaluation/judges/473de690419becc3fa0ab64a94425b2be14b6632aca981780addb368d20ea2c8_9100.json
 create mode 100644 experiments/unified_contextual_memory/artifacts/evaluation/judges/473de690419becc3fa0ab64a94425b2be14b6632aca981780addb368d20ea2c8_9100.request.json
 create mode 100644 experiments/unified_contextual_memory/artifacts/evaluation/judges/473de690419becc3fa0ab64a94425b2be14b6632aca981780addb368d20ea2c8_9101.json
 create mode 100644 experiments/unified_contextual_memory/artifacts/evaluation/judges/473de690419becc3fa0ab64a94425b2be14b6632aca981780addb368d20ea2c8_9101.request.json
 create mode 100644 experiments/unified_contextual_memory/artifacts/evaluation/judges/473de690419becc3fa0ab64a94425b2be14b6632aca981780addb368d20ea2c8_9102.json
 create mode 100644 experiments/unified_contextual_memory/artifacts/evaluation/judges/473de690419becc3fa0ab64a94425b2be14b6632aca981780addb368d20ea2c8_9102.request.json
 create mode 100644 experiments/unified_contextual_memory/artifacts/evaluation/judges/473de690419becc3fa0ab64a94425b2be14b6632aca981780addb368d20ea2c8_9200.json
 create mode 100644 experiments/unified_contextual_memory/artifacts/evaluation/judges/473de690419becc3fa0ab64a94425b2be14b6632aca981780addb368d20ea2c8_9200.request.json
 create mode 100644 experiments/unified_contextual_memory/artifacts/evaluation/judges/47a7fec0ddc70fff4e3f3d85133d53726eb314b2bca7ee7a4c6f07872a2f0099_9100.json
 create mode 100644 experiments/unified_contextual_memory/artifacts/evaluation/judges/47a7fec0ddc70fff4e3f3d85133d53726eb314b2bca7ee7a4c6f07872a2f0099_9100.request.json
 create mode 100644 experiments/unified_contextual_memory/artifacts/evaluation/judges/47a7fec0ddc70fff4e3f3d85133d53726eb314b2bca7ee7a4c6f07872a2f0099_9101.json
 create mode 100644 experiments/unified_contextual_memory/artifacts/evaluation/judges/47a7fec0ddc70fff4e3f3d85133d53726eb314b2bca7ee7a4c6f07872a2f0099_9101.request.json
 create mode 100644 experiments/unified_contextual_memory/artifacts/evaluation/judges/47a7fec0ddc70fff4e3f3d85133d53726eb314b2bca7ee7a4c6f07872a2f0099_9102.json
 create mode 100644 experiments/unified_contextual_memory/artifacts/evaluation/judges/47a7fec0ddc70fff4e3f3d85133d53726eb314b2bca7ee7a4c6f07872a2f0099_9102.request.json
 create mode 100644 experiments/unified_contextual_memory/artifacts/evaluation/judges/47a7fec0ddc70fff4e3f3d85133d53726eb314b2bca7ee7a4c6f07872a2f0099_9200.json
 create mode 100644 experiments/unified_contextual_memory/artifacts/evaluation/judges/47a7fec0ddc70fff4e3f3d85133d53726eb314b2bca7ee7a4c6f07872a2f0099_9200.request.json
 create mode 100644 experiments/unified_contextual_memory/artifacts/evaluation/judges/47a88f32b00ff1af62226ebde7fa66ad78d857c9b684e0a72effa046a0baf906_9100.json
 create mode 100644 experiments/unified_contextual_memory/artifacts/evaluation/judges/47a88f32b00ff1af62226ebde7fa66ad78d857c9b684e0a72effa046a0baf906_9100.request.json
 create mode 100644 experiments/unified_contextual_memory/artifacts/evaluation/judges/47a88f32b00ff1af62226ebde7fa66ad78d857c9b684e0a72effa046a0baf906_9101.json
 create mode 100644 experiments/unified_contextual_memory/artifacts/evaluation/judges/47a88f32b00ff1af62226ebde7fa66ad78d857c9b684e0a72effa046a0baf906_9101.request.json
 create mode 100644 experiments/unified_contextual_memory/artifacts/evaluation/judges/47a88f32b00ff1af62226ebde7fa66ad78d857c9b684e0a72effa046a0baf906_9102.json
 create mode 100644 experiments/unified_contextual_memory/artifacts/evaluation/judges/47a88f32b00ff1af62226ebde7fa66ad78d857c9b684e0a72effa046a0baf906_9102.request.json
 create mode 100644 experiments/unified_contextual_memory/artifacts/evaluation/judges/47a88f32b00ff1af62226ebde7fa66ad78d857c9b684e0a72effa046a0baf906_9200.json
 create mode 100644 experiments/unified_contextual_memory/artifacts/evaluation/judges/47a88f32b00ff1af62226ebde7fa66ad78d857c9b684e0a72effa046a0baf906_9200.request.json
 create mode 100644 experiments/unified_contextual_memory/artifacts/evaluation/judges/4867b3914d630b3f8f40de575b705466090814875d2cf870f981f5b5e9f726e5_9100.json
 create mode 100644 experiments/unified_contextual_memory/artifacts/evaluation/judges/4867b3914d630b3f8f40de575b705466090814875d2cf870f981f5b5e9f726e5_9100.request.json
 create mode 100644 experiments/unified_contextual_memory/artifacts/evaluation/judges/4867b3914d630b3f8f40de575b705466090814875d2cf870f981f5b5e9f726e5_9101.json
 create mode 100644 experiments/unified_contextual_memory/artifacts/evaluation/judges/4867b3914d630b3f8f40de575b705466090814875d2cf870f981f5b5e9f726e5_9101.request.json
 create mode 100644 experiments/unified_contextual_memory/artifacts/evaluation/judges/4867b3914d630b3f8f40de575b705466090814875d2cf870f981f5b5e9f726e5_9102.json
 create mode 100644 experiments/unified_contextual_memory/artifacts/evaluation/judges/4867b3914d630b3f8f40de575b705466090814875d2cf870f981f5b5e9f726e5_9102.request.json
 create mode 100644 experiments/unified_contextual_memory/artifacts/evaluation/judges/4867b3914d630b3f8f40de575b705466090814875d2cf870f981f5b5e9f726e5_9200.json
 create mode 100644 experiments/unified_contextual_memory/artifacts/evaluation/judges/4867b3914d630b3f8f40de575b705466090814875d2cf870f981f5b5e9f726e5_9200.request.json
 create mode 100644 experiments/unified_contextual_memory/artifacts/evaluation/judges/497134c25b57e1d5eb5c38edd49b26923390c62971dccc48d3e66cf25762b5c9_9100.json
 create mode 100644 experiments/unified_contextual_memory/artifacts/evaluation/judges/497134c25b57e1d5eb5c38edd49b26923390c62971dccc48d3e66cf25762b5c9_9100.request.json
 create mode 100644 experiments/unified_contextual_memory/artifacts/evaluation/judges/497134c25b57e1d5eb5c38edd49b26923390c62971dccc48d3e66cf25762b5c9_9101.json
 create mode 100644 experiments/unified_contextual_memory/artifacts/evaluation/judges/497134c25b57e1d5eb5c38edd49b26923390c62971dccc48d3e66cf25762b5c9_9101.request.json
 create mode 100644 experiments/unified_contextual_memory/artifacts/evaluation/judges/497134c25b57e1d5eb5c38edd49b26923390c62971dccc48d3e66cf25762b5c9_9102.json
 create mode 100644 experiments/unified_contextual_memory/artifacts/evaluation/judges/497134c25b57e1d5eb5c38edd49b26923390c62971dccc48d3e66cf25762b5c9_9102.request.json
 create mode 100644 experiments/unified_contextual_memory/artifacts/evaluation/judges/497134c25b57e1d5eb5c38edd49b26923390c62971dccc48d3e66cf25762b5c9_9200.json
 create mode 100644 experiments/unified_contextual_memory/artifacts/evaluation/judges/497134c25b57e1d5eb5c38edd49b26923390c62971dccc48d3e66cf25762b5c9_9200.request.json
 create mode 100644 experiments/unified_contextual_memory/artifacts/evaluation/judges/4973ab65b82fd5e2304d777860d29f24d56ece03f5e8f6357106135519212a6e_9100.json
 create mode 100644 experiments/unified_contextual_memory/artifacts/evaluation/judges/4973ab65b82fd5e2304d777860d29f24d56ece03f5e8f6357106135519212a6e_9100.request.json
 create mode 100644 experiments/unified_contextual_memory/artifacts/evaluation/judges/4973ab65b82fd5e2304d777860d29f24d56ece03f5e8f6357106135519212a6e_9101.json
 create mode 100644 experiments/unified_contextual_memory/artifacts/evaluation/judges/4973ab65b82fd5e2304d777860d29f24d56ece03f5e8f6357106135519212a6e_9101.request.json
 create mode 100644 experiments/unified_contextual_memory/artifacts/evaluation/judges/4973ab65b82fd5e2304d777860d29f24d56ece03f5e8f6357106135519212a6e_9102.json
 create mode 100644 experiments/unified_contextual_memory/artifacts/evaluation/judges/4973ab65b82fd5e2304d777860d29f24d56ece03f5e8f6357106135519212a6e_9102.request.json
 create mode 100644 experiments/unified_contextual_memory/artifacts/evaluation/judges/4973ab65b82fd5e2304d777860d29f24d56ece03f5e8f6357106135519212a6e_9200.json
 create mode 100644 experiments/unified_contextual_memory/artifacts/evaluation/judges/4973ab65b82fd5e2304d777860d29f24d56ece03f5e8f6357106135519212a6e_9200.request.json
 create mode 100644 experiments/unified_contextual_memory/artifacts/evaluation/judges/49d60ca9df76408f388ffc9aaa039cf5a54b588e701f5d1e8e050a4cf38ecc89_9100.json
 create mode 100644 experiments/unified_contextual_memory/artifacts/evaluation/judges/49d60ca9df76408f388ffc9aaa039cf5a54b588e701f5d1e8e050a4cf38ecc89_9100.request.json
 create mode 100644 experiments/unified_contextual_memory/artifacts/evaluation/judges/49d60ca9df76408f388ffc9aaa039cf5a54b588e701f5d1e8e050a4cf38ecc89_9101.json
 create mode 100644 experiments/unified_contextual_memory/artifacts/evaluation/judges/49d60ca9df76408f388ffc9aaa039cf5a54b588e701f5d1e8e050a4cf38ecc89_9101.request.json
 create mode 100644 experiments/unified_contextual_memory/artifacts/evaluation/judges/49d60ca9df76408f388ffc9aaa039cf5a54b588e701f5d1e8e050a4cf38ecc89_9102.json
 create mode 100644 experiments/unified_contextual_memory/artifacts/evaluation/judges/49d60ca9df76408f388ffc9aaa039cf5a54b588e701f5d1e8e050a4cf38ecc89_9102.request.json
 create mode 100644 experiments/unified_contextual_memory/artifacts/evaluation/judges/49d60ca9df76408f388ffc9aaa039cf5a54b588e701f5d1e8e050a4cf38ecc89_9200.json
 create mode 100644 experiments/unified_contextual_memory/artifacts/evaluation/judges/49d60ca9df76408f388ffc9aaa039cf5a54b588e701f5d1e8e050a4cf38ecc89_9200.request.json
 create mode 100644 experiments/unified_contextual_memory/artifacts/evaluation/judges/4a1ed7374990d540db961789b6bbaba1167175501912cac3aaf2c809d8f8dafe_9100.json
 create mode 100644 experiments/unified_contextual_memory/artifacts/evaluation/judges/4a1ed7374990d540db961789b6bbaba1167175501912cac3aaf2c809d8f8dafe_9100.request.json
 create mode 100644 experiments/unified_contextual_memory/artifacts/evaluation/judges/4a1ed7374990d540db961789b6bbaba1167175501912cac3aaf2c809d8f8dafe_9101.json
 create mode 100644 experiments/unified_contextual_memory/artifacts/evaluation/judges/4a1ed7374990d540db961789b6bbaba1167175501912cac3aaf2c809d8f8dafe_9101.request.json
 create mode 100644 experiments/unified_contextual_memory/artifacts/evaluation/judges/4a1ed7374990d540db961789b6bbaba1167175501912cac3aaf2c809d8f8dafe_9102.json
 create mode 100644 experiments/unified_contextual_memory/artifacts/evaluation/judges/4a1ed7374990d540db961789b6bbaba1167175501912cac3aaf2c809d8f8dafe_9102.request.json
 create mode 100644 experiments/unified_contextual_memory/artifacts/evaluation/judges/4a1ed7374990d540db961789b6bbaba1167175501912cac3aaf2c809d8f8dafe_9200.json
 create mode 100644 experiments/unified_contextual_memory/artifacts/evaluation/judges/4a1ed7374990d540db961789b6bbaba1167175501912cac3aaf2c809d8f8dafe_9200.request.json
 create mode 100644 experiments/unified_contextual_memory/artifacts/evaluation/judges/4a468bff2acbedae2910e35ca711c4c5ccab2645ccd489c84a0cee9d93ae0deb_9100.json
 create mode 100644 experiments/unified_contextual_memory/artifacts/evaluation/judges/4a468bff2acbedae2910e35ca711c4c5ccab2645ccd489c84a0cee9d93ae0deb_9100.request.json
 create mode 100644 experiments/unified_contextual_memory/artifacts/evaluation/judges/4a468bff2acbedae2910e35ca711c4c5ccab2645ccd489c84a0cee9d93ae0deb_9101.json
 create mode 100644 experiments/unified_contextual_memory/artifacts/evaluation/judges/4a468bff2acbedae2910e35ca711c4c5ccab2645ccd489c84a0cee9d93ae0deb_9101.request.json
 create mode 100644 experiments/unified_contextual_memory/artifacts/evaluation/judges/4a468bff2acbedae2910e35ca711c4c5ccab2645ccd489c84a0cee9d93ae0deb_9102.json
 create mode 100644 experiments/unified_contextual_memory/artifacts/evaluation/judges/4a468bff2acbedae2910e35ca711c4c5ccab2645ccd489c84a0cee9d93ae0deb_9102.request.json
 create mode 100644 experiments/unified_contextual_memory/artifacts/evaluation/judges/4a468bff2acbedae2910e35ca711c4c5ccab2645ccd489c84a0cee9d93ae0deb_9200.json
 create mode 100644 experiments/unified_contextual_memory/artifacts/evaluation/judges/4a468bff2acbedae2910e35ca711c4c5ccab2645ccd489c84a0cee9d93ae0deb_9200.request.json
 create mode 100644 experiments/unified_contextual_memory/artifacts/evaluation/judges/4b08a7c82bd6af67f0898f9bad8da1f6704e8bb08ddf887a6fad148788c7b3a9_9100.json
 create mode 100644 experiments/unified_contextual_memory/artifacts/evaluation/judges/4b08a7c82bd6af67f0898f9bad8da1f6704e8bb08ddf887a6fad148788c7b3a9_9100.request.json
 create mode 100644 experiments/unified_contextual_memory/artifacts/evaluation/judges/4b08a7c82bd6af67f0898f9bad8da1f6704e8bb08ddf887a6fad148788c7b3a9_9101.json
 create mode 100644 experiments/unified_contextual_memory/artifacts/evaluation/judges/4b08a7c82bd6af67f0898f9bad8da1f6704e8bb08ddf887a6fad148788c7b3a9_9101.request.json
 create mode 100644 experiments/unified_contextual_memory/artifacts/evaluation/judges/4b08a7c82bd6af67f0898f9bad8da1f6704e8bb08ddf887a6fad148788c7b3a9_9102.json
 create mode 100644 experiments/unified_contextual_memory/artifacts/evaluation/judges/4b08a7c82bd6af67f0898f9bad8da1f6704e8bb08ddf887a6fad148788c7b3a9_9102.request.json
 create mode 100644 experiments/unified_contextual_memory/artifacts/evaluation/judges/4b08a7c82bd6af67f0898f9bad8da1f6704e8bb08ddf887a6fad148788c7b3a9_9200.json
 create mode 100644 experiments/unified_contextual_memory/artifacts/evaluation/judges/4b08a7c82bd6af67f0898f9bad8da1f6704e8bb08ddf887a6fad148788c7b3a9_9200.request.json
 create mode 100644 experiments/unified_contextual_memory/artifacts/evaluation/judges/4b19af3c023f94a2f0655efd14ff2dc3e8fa812469a9c53b7bdbbd73b0c80341_9100.json
 create mode 100644 experiments/unified_contextual_memory/artifacts/evaluation/judges/4b19af3c023f94a2f0655efd14ff2dc3e8fa812469a9c53b7bdbbd73b0c80341_9100.request.json
 create mode 100644 experiments/unified_contextual_memory/artifacts/evaluation/judges/4b19af3c023f94a2f0655efd14ff2dc3e8fa812469a9c53b7bdbbd73b0c80341_9101.json
 create mode 100644 experiments/unified_contextual_memory/artifacts/evaluation/judges/4b19af3c023f94a2f0655efd14ff2dc3e8fa812469a9c53b7bdbbd73b0c80341_9101.request.json
 create mode 100644 experiments/unified_contextual_memory/artifacts/evaluation/judges/4b19af3c023f94a2f0655efd14ff2dc3e8fa812469a9c53b7bdbbd73b0c80341_9102.json
 create mode 100644 experiments/unified_contextual_memory/artifacts/evaluation/judges/4b19af3c023f94a2f0655efd14ff2dc3e8fa812469a9c53b7bdbbd73b0c80341_9102.request.json
 create mode 100644 experiments/unified_contextual_memory/artifacts/evaluation/judges/4b19af3c023f94a2f0655efd14ff2dc3e8fa812469a9c53b7bdbbd73b0c80341_9200.json
 create mode 100644 experiments/unified_contextual_memory/artifacts/evaluation/judges/4b19af3c023f94a2f0655efd14ff2dc3e8fa812469a9c53b7bdbbd73b0c80341_9200.request.json
 create mode 100644 experiments/unified_contextual_memory/artifacts/evaluation/judges/4bcfacce62784fc81127062cc694b5ed9a13f105fff425853bca015e12c81702_9100.json
 create mode 100644 experiments/unified_contextual_memory/artifacts/evaluation/judges/4bcfacce62784fc81127062cc694b5ed9a13f105fff425853bca015e12c81702_9100.request.json
 create mode 100644 experiments/unified_contextual_memory/artifacts/evaluation/judges/4bcfacce62784fc81127062cc694b5ed9a13f105fff425853bca015e12c81702_9101.json
 create mode 100644 experiments/unified_contextual_memory/artifacts/evaluation/judges/4bcfacce62784fc81127062cc694b5ed9a13f105fff425853bca015e12c81702_9101.request.json
 create mode 100644 experiments/unified_contextual_memory/artifacts/evaluation/judges/4bcfacce62784fc81127062cc694b5ed9a13f105fff425853bca015e12c81702_9102.json
 create mode 100644 experiments/unified_contextual_memory/artifacts/evaluation/judges/4bcfacce62784fc81127062cc694b5ed9a13f105fff425853bca015e12c81702_9102.request.json
 create mode 100644 experiments/unified_contextual_memory/artifacts/evaluation/judges/4bcfacce62784fc81127062cc694b5ed9a13f105fff425853bca015e12c81702_9200.json
 create mode 100644 experiments/unified_contextual_memory/artifacts/evaluation/judges/4bcfacce62784fc81127062cc694b5ed9a13f105fff425853bca015e12c81702_9200.request.json
 create mode 100644 experiments/unified_contextual_memory/artifacts/evaluation/judges/4bd31ef3d74f58aff73a2ba908dd3339d933e20fc02aae1b408b5aeb96dc2ab5_9100.json
 create mode 100644 experiments/unified_contextual_memory/artifacts/evaluation/judges/4bd31ef3d74f58aff73a2ba908dd3339d933e20fc02aae1b408b5aeb96dc2ab5_9100.request.json
 create mode 100644 experiments/unified_contextual_memory/artifacts/evaluation/judges/4bd31ef3d74f58aff73a2ba908dd3339d933e20fc02aae1b408b5aeb96dc2ab5_9101.json
 create mode 100644 experiments/unified_contextual_memory/artifacts/evaluation/judges/4bd31ef3d74f58aff73a2ba908dd3339d933e20fc02aae1b408b5aeb96dc2ab5_9101.request.json
 create mode 100644 experiments/unified_contextual_memory/artifacts/evaluation/judges/4bd31ef3d74f58aff73a2ba908dd3339d933e20fc02aae1b408b5aeb96dc2ab5_9102.json
 create mode 100644 experiments/unified_contextual_memory/artifacts/evaluation/judges/4bd31ef3d74f58aff73a2ba908dd3339d933e20fc02aae1b408b5aeb96dc2ab5_9102.request.json
 create mode 100644 experiments/unified_contextual_memory/artifacts/evaluation/judges/4bd31ef3d74f58aff73a2ba908dd3339d933e20fc02aae1b408b5aeb96dc2ab5_9200.json
 create mode 100644 experiments/unified_contextual_memory/artifacts/evaluation/judges/4bd31ef3d74f58aff73a2ba908dd3339d933e20fc02aae1b408b5aeb96dc2ab5_9200.request.json
 create mode 100644 experiments/unified_contextual_memory/artifacts/evaluation/judges/4c26aa02bee55b57c0480960085a7be280b459e91fa87092b06ea5321bdd8d61_9100.json
 create mode 100644 experiments/unified_contextual_memory/artifacts/evaluation/judges/4c26aa02bee55b57c0480960085a7be280b459e91fa87092b06ea5321bdd8d61_9100.request.json
 create mode 100644 experiments/unified_contextual_memory/artifacts/evaluation/judges/4c26aa02bee55b57c0480960085a7be280b459e91fa87092b06ea5321bdd8d61_9101.json
 create mode 100644 experiments/unified_contextual_memory/artifacts/evaluation/judges/4c26aa02bee55b57c0480960085a7be280b459e91fa87092b06ea5321bdd8d61_9101.request.json
 create mode 100644 experiments/unified_contextual_memory/artifacts/evaluation/judges/4c26aa02bee55b57c0480960085a7be280b459e91fa87092b06ea5321bdd8d61_9102.json
 create mode 100644 experiments/unified_contextual_memory/artifacts/evaluation/judges/4c26aa02bee55b57c0480960085a7be280b459e91fa87092b06ea5321bdd8d61_9102.request.json
 create mode 100644 experiments/unified_contextual_memory/artifacts/evaluation/judges/4c26aa02bee55b57c0480960085a7be280b459e91fa87092b06ea5321bdd8d61_9200.json
 create mode 100644 experiments/unified_contextual_memory/artifacts/evaluation/judges/4c26aa02bee55b57c0480960085a7be280b459e91fa87092b06ea5321bdd8d61_9200.request.json
 create mode 100644 experiments/unified_contextual_memory/artifacts/evaluation/judges/4c795889df0ed61a0855947dd4e5a733f1da41e1bdc5bb173451d2ef39988bbf_9100.json
 create mode 100644 experiments/unified_contextual_memory/artifacts/evaluation/judges/4c795889df0ed61a0855947dd4e5a733f1da41e1bdc5bb173451d2ef39988bbf_9100.request.json
 create mode 100644 experiments/unified_contextual_memory/artifacts/evaluation/judges/4c795889df0ed61a0855947dd4e5a733f1da41e1bdc5bb173451d2ef39988bbf_9101.json
 create mode 100644 experiments/unified_contextual_memory/artifacts/evaluation/judges/4c795889df0ed61a0855947dd4e5a733f1da41e1bdc5bb173451d2ef39988bbf_9101.request.json
 create mode 100644 experiments/unified_contextual_memory/artifacts/evaluation/judges/4c795889df0ed61a0855947dd4e5a733f1da41e1bdc5bb173451d2ef39988bbf_9102.json
 create mode 100644 experiments/unified_contextual_memory/artifacts/evaluation/judges/4c795889df0ed61a0855947dd4e5a733f1da41e1bdc5bb173451d2ef39988bbf_9102.request.json
 create mode 100644 experiments/unified_contextual_memory/artifacts/evaluation/judges/4c795889df0ed61a0855947dd4e5a733f1da41e1bdc5bb173451d2ef39988bbf_9200.json
 create mode 100644 experiments/unified_contextual_memory/artifacts/evaluation/judges/4c795889df0ed61a0855947dd4e5a733f1da41e1bdc5bb173451d2ef39988bbf_9200.request.json
 create mode 100644 experiments/unified_contextual_memory/artifacts/evaluation/judges/4e282d33ecd84fd76d402945f60ed0ae27ac79f3408998240d9fde6244d832c2_9100.json
 create mode 100644 experiments/unified_contextual_memory/artifacts/evaluation/judges/4e282d33ecd84fd76d402945f60ed0ae27ac79f3408998240d9fde6244d832c2_9100.request.json
 create mode 100644 experiments/unified_contextual_memory/artifacts/evaluation/judges/4e282d33ecd84fd76d402945f60ed0ae27ac79f3408998240d9fde6244d832c2_9101.json
 create mode 100644 experiments/unified_contextual_memory/artifacts/evaluation/judges/4e282d33ecd84fd76d402945f60ed0ae27ac79f3408998240d9fde6244d832c2_9101.request.json
 create mode 100644 experiments/unified_contextual_memory/artifacts/evaluation/judges/4e282d33ecd84fd76d402945f60ed0ae27ac79f3408998240d9fde6244d832c2_9102.json
 create mode 100644 experiments/unified_contextual_memory/artifacts/evaluation/judges/4e282d33ecd84fd76d402945f60ed0ae27ac79f3408998240d9fde6244d832c2_9102.request.json
 create mode 100644 experiments/unified_contextual_memory/artifacts/evaluation/judges/4e282d33ecd84fd76d402945f60ed0ae27ac79f3408998240d9fde6244d832c2_9200.json
 create mode 100644 experiments/unified_contextual_memory/artifacts/evaluation/judges/4e282d33ecd84fd76d402945f60ed0ae27ac79f3408998240d9fde6244d832c2_9200.request.json
 create mode 100644 experiments/unified_contextual_memory/artifacts/evaluation/judges/4e3cc80316aac5917670ec2d4e03af121d9976ea446a6a857d482952d852c3fe_9100.json
 create mode 100644 experiments/unified_contextual_memory/artifacts/evaluation/judges/4e3cc80316aac5917670ec2d4e03af121d9976ea446a6a857d482952d852c3fe_9100.request.json
 create mode 100644 experiments/unified_contextual_memory/artifacts/evaluation/judges/4e3cc80316aac5917670ec2d4e03af121d9976ea446a6a857d482952d852c3fe_9101.json
 create mode 100644 experiments/unified_contextual_memory/artifacts/evaluation/judges/4e3cc80316aac5917670ec2d4e03af121d9976ea446a6a857d482952d852c3fe_9101.request.json
 create mode 100644 experiments/unified_contextual_memory/artifacts/evaluation/judges/4e3cc80316aac5917670ec2d4e03af121d9976ea446a6a857d482952d852c3fe_9102.json
 create mode 100644 experiments/unified_contextual_memory/artifacts/evaluation/judges/4e3cc80316aac5917670ec2d4e03af121d9976ea446a6a857d482952d852c3fe_9102.request.json
 create mode 100644 experiments/unified_contextual_memory/artifacts/evaluation/judges/4e3cc80316aac5917670ec2d4e03af121d9976ea446a6a857d482952d852c3fe_9200.json
 create mode 100644 experiments/unified_contextual_memory/artifacts/evaluation/judges/4e3cc80316aac5917670ec2d4e03af121d9976ea446a6a857d482952d852c3fe_9200.request.json
 create mode 100644 experiments/unified_contextual_memory/artifacts/evaluation/judges/4fc96040c207f54a38101da5e562ad63b5cc26f5130cc7cfdd7f886676c4d943_9100.json
 create mode 100644 experiments/unified_contextual_memory/artifacts/evaluation/judges/4fc96040c207f54a38101da5e562ad63b5cc26f5130cc7cfdd7f886676c4d943_9100.request.json
 create mode 100644 experiments/unified_contextual_memory/artifacts/evaluation/judges/4fc96040c207f54a38101da5e562ad63b5cc26f5130cc7cfdd7f886676c4d943_9101.json
 create mode 100644 experiments/unified_contextual_memory/artifacts/evaluation/judges/4fc96040c207f54a38101da5e562ad63b5cc26f5130cc7cfdd7f886676c4d943_9101.request.json
 create mode 100644 experiments/unified_contextual_memory/artifacts/evaluation/judges/4fc96040c207f54a38101da5e562ad63b5cc26f5130cc7cfdd7f886676c4d943_9102.json
 create mode 100644 experiments/unified_contextual_memory/artifacts/evaluation/judges/4fc96040c207f54a38101da5e562ad63b5cc26f5130cc7cfdd7f886676c4d943_9102.request.json
 create mode 100644 experiments/unified_contextual_memory/artifacts/evaluation/judges/4fc96040c207f54a38101da5e562ad63b5cc26f5130cc7cfdd7f886676c4d943_9200.json
 create mode 100644 experiments/unified_contextual_memory/artifacts/evaluation/judges/4fc96040c207f54a38101da5e562ad63b5cc26f5130cc7cfdd7f886676c4d943_9200.request.json
 create mode 100644 experiments/unified_contextual_memory/artifacts/evaluation/judges/504ff8721ffc496d585cb9847f26ab3035e5e3c899380d247460fe1e4747192e_9100.json
 create mode 100644 experiments/unified_contextual_memory/artifacts/evaluation/judges/504ff8721ffc496d585cb9847f26ab3035e5e3c899380d247460fe1e4747192e_9100.request.json
 create mode 100644 experiments/unified_contextual_memory/artifacts/evaluation/judges/504ff8721ffc496d585cb9847f26ab3035e5e3c899380d247460fe1e4747192e_9101.json
 create mode 100644 experiments/unified_contextual_memory/artifacts/evaluation/judges/504ff8721ffc496d585cb9847f26ab3035e5e3c899380d247460fe1e4747192e_9101.request.json
 create mode 100644 experiments/unified_contextual_memory/artifacts/evaluation/judges/504ff8721ffc496d585cb9847f26ab3035e5e3c899380d247460fe1e4747192e_9102.json
 create mode 100644 experiments/unified_contextual_memory/artifacts/evaluation/judges/504ff8721ffc496d585cb9847f26ab3035e5e3c899380d247460fe1e4747192e_9102.request.json
 create mode 100644 experiments/unified_contextual_memory/artifacts/evaluation/judges/504ff8721ffc496d585cb9847f26ab3035e5e3c899380d247460fe1e4747192e_9200.json
 create mode 100644 experiments/unified_contextual_memory/artifacts/evaluation/judges/504ff8721ffc496d585cb9847f26ab3035e5e3c899380d247460fe1e4747192e_9200.request.json
 create mode 100644 experiments/unified_contextual_memory/artifacts/evaluation/judges/50d9512b2135701f6eefa90c2fa266a2f004187330e8c02c854d2039a32b83f6_9100.json
 create mode 100644 experiments/unified_contextual_memory/artifacts/evaluation/judges/50d9512b2135701f6eefa90c2fa266a2f004187330e8c02c854d2039a32b83f6_9100.request.json
 create mode 100644 experiments/unified_contextual_memory/artifacts/evaluation/judges/50d9512b2135701f6eefa90c2fa266a2f004187330e8c02c854d2039a32b83f6_9101.json
 create mode 100644 experiments/unified_contextual_memory/artifacts/evaluation/judges/50d9512b2135701f6eefa90c2fa266a2f004187330e8c02c854d2039a32b83f6_9101.request.json
 create mode 100644 experiments/unified_contextual_memory/artifacts/evaluation/judges/50d9512b2135701f6eefa90c2fa266a2f004187330e8c02c854d2039a32b83f6_9102.json
 create mode 100644 experiments/unified_contextual_memory/artifacts/evaluation/judges/50d9512b2135701f6eefa90c2fa266a2f004187330e8c02c854d2039a32b83f6_9102.request.json
 create mode 100644 experiments/unified_contextual_memory/artifacts/evaluation/judges/50d9512b2135701f6eefa90c2fa266a2f004187330e8c02c854d2039a32b83f6_9200.json
 create mode 100644 experiments/unified_contextual_memory/artifacts/evaluation/judges/50d9512b2135701f6eefa90c2fa266a2f004187330e8c02c854d2039a32b83f6_9200.request.json
 create mode 100644 experiments/unified_contextual_memory/artifacts/evaluation/judges/51327a5afb3ef5c58a9fa406f609c926139d90f8c8ecc51adfba5df5eed24580_9100.json
 create mode 100644 experiments/unified_contextual_memory/artifacts/evaluation/judges/51327a5afb3ef5c58a9fa406f609c926139d90f8c8ecc51adfba5df5eed24580_9100.request.json
 create mode 100644 experiments/unified_contextual_memory/artifacts/evaluation/judges/51327a5afb3ef5c58a9fa406f609c926139d90f8c8ecc51adfba5df5eed24580_9101.json
 create mode 100644 experiments/unified_contextual_memory/artifacts/evaluation/judges/51327a5afb3ef5c58a9fa406f609c926139d90f8c8ecc51adfba5df5eed24580_9101.request.json
 create mode 100644 experiments/unified_contextual_memory/artifacts/evaluation/judges/51327a5afb3ef5c58a9fa406f609c926139d90f8c8ecc51adfba5df5eed24580_9102.json
 create mode 100644 experiments/unified_contextual_memory/artifacts/evaluation/judges/51327a5afb3ef5c58a9fa406f609c926139d90f8c8ecc51adfba5df5eed24580_9102.request.json
 create mode 100644 experiments/unified_contextual_memory/artifacts/evaluation/judges/51327a5afb3ef5c58a9fa406f609c926139d90f8c8ecc51adfba5df5eed24580_9200.json
 create mode 100644 experiments/unified_contextual_memory/artifacts/evaluation/judges/51327a5afb3ef5c58a9fa406f609c926139d90f8c8ecc51adfba5df5eed24580_9200.request.json
 create mode 100644 experiments/unified_contextual_memory/artifacts/evaluation/judges/51dc5a9e519c0dd5b4667cdd5309c554051efc8c0f6bd58ec72899614d8bfe24_9100.json
 create mode 100644 experiments/unified_contextual_memory/artifacts/evaluation/judges/51dc5a9e519c0dd5b4667cdd5309c554051efc8c0f6bd58ec72899614d8bfe24_9100.request.json
 create mode 100644 experiments/unified_contextual_memory/artifacts/evaluation/judges/51dc5a9e519c0dd5b4667cdd5309c554051efc8c0f6bd58ec72899614d8bfe24_9101.json
 create mode 100644 experiments/unified_contextual_memory/artifacts/evaluation/judges/51dc5a9e519c0dd5b4667cdd5309c554051efc8c0f6bd58ec72899614d8bfe24_9101.request.json
 create mode 100644 experiments/unified_contextual_memory/artifacts/evaluation/judges/51dc5a9e519c0dd5b4667cdd5309c554051efc8c0f6bd58ec72899614d8bfe24_9102.json
 create mode 100644 experiments/unified_contextual_memory/artifacts/evaluation/judges/51dc5a9e519c0dd5b4667cdd5309c554051efc8c0f6bd58ec72899614d8bfe24_9102.request.json
 create mode 100644 experiments/unified_contextual_memory/artifacts/evaluation/judges/51dc5a9e519c0dd5b4667cdd5309c554051efc8c0f6bd58ec72899614d8bfe24_9200.json
 create mode 100644 experiments/unified_contextual_memory/artifacts/evaluation/judges/51dc5a9e519c0dd5b4667cdd5309c554051efc8c0f6bd58ec72899614d8bfe24_9200.request.json
 create mode 100644 experiments/unified_contextual_memory/artifacts/evaluation/judges/51fd4f81554214fbff73bdca6f01ae0965289721edad949ec29f2a004068df5d_9100.json
 create mode 100644 experiments/unified_contextual_memory/artifacts/evaluation/judges/51fd4f81554214fbff73bdca6f01ae0965289721edad949ec29f2a004068df5d_9100.request.json
 create mode 100644 experiments/unified_contextual_memory/artifacts/evaluation/judges/51fd4f81554214fbff73bdca6f01ae0965289721edad949ec29f2a004068df5d_9101.json
 create mode 100644 experiments/unified_contextual_memory/artifacts/evaluation/judges/51fd4f81554214fbff73bdca6f01ae0965289721edad949ec29f2a004068df5d_9101.request.json
 create mode 100644 experiments/unified_contextual_memory/artifacts/evaluation/judges/51fd4f81554214fbff73bdca6f01ae0965289721edad949ec29f2a004068df5d_9102.json
 create mode 100644 experiments/unified_contextual_memory/artifacts/evaluation/judges/51fd4f81554214fbff73bdca6f01ae0965289721edad949ec29f2a004068df5d_9102.request.json
 create mode 100644 experiments/unified_contextual_memory/artifacts/evaluation/judges/51fd4f81554214fbff73bdca6f01ae0965289721edad949ec29f2a004068df5d_9200.json
 create mode 100644 experiments/unified_contextual_memory/artifacts/evaluation/judges/51fd4f81554214fbff73bdca6f01ae0965289721edad949ec29f2a004068df5d_9200.request.json
 create mode 100644 experiments/unified_contextual_memory/artifacts/evaluation/judges/5226bc2540420e6aaec0e4b6eda9e64175baebbd04c4d3fed666c894c3fa6cb1_9100.json
 create mode 100644 experiments/unified_contextual_memory/artifacts/evaluation/judges/5226bc2540420e6aaec0e4b6eda9e64175baebbd04c4d3fed666c894c3fa6cb1_9100.request.json
 create mode 100644 experiments/unified_contextual_memory/artifacts/evaluation/judges/5226bc2540420e6aaec0e4b6eda9e64175baebbd04c4d3fed666c894c3fa6cb1_9101.json
 create mode 100644 experiments/unified_contextual_memory/artifacts/evaluation/judges/5226bc2540420e6aaec0e4b6eda9e64175baebbd04c4d3fed666c894c3fa6cb1_9101.request.json
 create mode 100644 experiments/unified_contextual_memory/artifacts/evaluation/judges/5226bc2540420e6aaec0e4b6eda9e64175baebbd04c4d3fed666c894c3fa6cb1_9102.json
 create mode 100644 experiments/unified_contextual_memory/artifacts/evaluation/judges/5226bc2540420e6aaec0e4b6eda9e64175baebbd04c4d3fed666c894c3fa6cb1_9102.request.json
 create mode 100644 experiments/unified_contextual_memory/artifacts/evaluation/judges/5226bc2540420e6aaec0e4b6eda9e64175baebbd04c4d3fed666c894c3fa6cb1_9200.json
 create mode 100644 experiments/unified_contextual_memory/artifacts/evaluation/judges/5226bc2540420e6aaec0e4b6eda9e64175baebbd04c4d3fed666c894c3fa6cb1_9200.request.json
 create mode 100644 experiments/unified_contextual_memory/artifacts/evaluation/judges/523577a7cb33675bd12573098c7d8e819f92aaf5eacd7e6e4186e7a3d89921de_9100.json
 create mode 100644 experiments/unified_contextual_memory/artifacts/evaluation/judges/523577a7cb33675bd12573098c7d8e819f92aaf5eacd7e6e4186e7a3d89921de_9100.request.json
 create mode 100644 experiments/unified_contextual_memory/artifacts/evaluation/judges/523577a7cb33675bd12573098c7d8e819f92aaf5eacd7e6e4186e7a3d89921de_9101.json
 create mode 100644 experiments/unified_contextual_memory/artifacts/evaluation/judges/523577a7cb33675bd12573098c7d8e819f92aaf5eacd7e6e4186e7a3d89921de_9101.request.json
 create mode 100644 experiments/unified_contextual_memory/artifacts/evaluation/judges/523577a7cb33675bd12573098c7d8e819f92aaf5eacd7e6e4186e7a3d89921de_9102.json
 create mode 100644 experiments/unified_contextual_memory/artifacts/evaluation/judges/523577a7cb33675bd12573098c7d8e819f92aaf5eacd7e6e4186e7a3d89921de_9102.request.json
 create mode 100644 experiments/unified_contextual_memory/artifacts/evaluation/judges/523577a7cb33675bd12573098c7d8e819f92aaf5eacd7e6e4186e7a3d89921de_9200.json
 create mode 100644 experiments/unified_contextual_memory/artifacts/evaluation/judges/523577a7cb33675bd12573098c7d8e819f92aaf5eacd7e6e4186e7a3d89921de_9200.request.json
 create mode 100644 experiments/unified_contextual_memory/artifacts/evaluation/judges/52a0d2c407647079fd5c058ecfb5bd3f671b118e888e1cbf72eb8e027cc90e35_9100.json
 create mode 100644 experiments/unified_contextual_memory/artifacts/evaluation/judges/52a0d2c407647079fd5c058ecfb5bd3f671b118e888e1cbf72eb8e027cc90e35_9100.request.json
 create mode 100644 experiments/unified_contextual_memory/artifacts/evaluation/judges/52a0d2c407647079fd5c058ecfb5bd3f671b118e888e1cbf72eb8e027cc90e35_9101.json
 create mode 100644 experiments/unified_contextual_memory/artifacts/evaluation/judges/52a0d2c407647079fd5c058ecfb5bd3f671b118e888e1cbf72eb8e027cc90e35_9101.request.json
 create mode 100644 experiments/unified_contextual_memory/artifacts/evaluation/judges/52a0d2c407647079fd5c058ecfb5bd3f671b118e888e1cbf72eb8e027cc90e35_9102.json
 create mode 100644 experiments/unified_contextual_memory/artifacts/evaluation/judges/52a0d2c407647079fd5c058ecfb5bd3f671b118e888e1cbf72eb8e027cc90e35_9102.request.json
 create mode 100644 experiments/unified_contextual_memory/artifacts/evaluation/judges/52a0d2c407647079fd5c058ecfb5bd3f671b118e888e1cbf72eb8e027cc90e35_9200.json
 create mode 100644 experiments/unified_contextual_memory/artifacts/evaluation/judges/52a0d2c407647079fd5c058ecfb5bd3f671b118e888e1cbf72eb8e027cc90e35_9200.request.json
 create mode 100644 experiments/unified_contextual_memory/artifacts/evaluation/judges/53c38f6884043c02c32b3237a8e49eb17389a2b3e7eae65b9f9980cfb1b207cf_9100.json
 create mode 100644 experiments/unified_contextual_memory/artifacts/evaluation/judges/53c38f6884043c02c32b3237a8e49eb17389a2b3e7eae65b9f9980cfb1b207cf_9100.request.json
 create mode 100644 experiments/unified_contextual_memory/artifacts/evaluation/judges/53c38f6884043c02c32b3237a8e49eb17389a2b3e7eae65b9f9980cfb1b207cf_9101.json
 create mode 100644 experiments/unified_contextual_memory/artifacts/evaluation/judges/53c38f6884043c02c32b3237a8e49eb17389a2b3e7eae65b9f9980cfb1b207cf_9101.request.json
 create mode 100644 experiments/unified_contextual_memory/artifacts/evaluation/judges/53c38f6884043c02c32b3237a8e49eb17389a2b3e7eae65b9f9980cfb1b207cf_9102.json
 create mode 100644 experiments/unified_contextual_memory/artifacts/evaluation/judges/53c38f6884043c02c32b3237a8e49eb17389a2b3e7eae65b9f9980cfb1b207cf_9102.request.json
 create mode 100644 experiments/unified_contextual_memory/artifacts/evaluation/judges/53c38f6884043c02c32b3237a8e49eb17389a2b3e7eae65b9f9980cfb1b207cf_9200.json
 create mode 100644 experiments/unified_contextual_memory/artifacts/evaluation/judges/53c38f6884043c02c32b3237a8e49eb17389a2b3e7eae65b9f9980cfb1b207cf_9200.request.json
 create mode 100644 experiments/unified_contextual_memory/artifacts/evaluation/judges/53cfeb492049191fdbe745a407a53353bffc091b5b5a77a888840abb35786502_9100.json
 create mode 100644 experiments/unified_contextual_memory/artifacts/evaluation/judges/53cfeb492049191fdbe745a407a53353bffc091b5b5a77a888840abb35786502_9100.request.json
 create mode 100644 experiments/unified_contextual_memory/artifacts/evaluation/judges/53cfeb492049191fdbe745a407a53353bffc091b5b5a77a888840abb35786502_9101.json
 create mode 100644 experiments/unified_contextual_memory/artifacts/evaluation/judges/53cfeb492049191fdbe745a407a53353bffc091b5b5a77a888840abb35786502_9101.request.json
 create mode 100644 experiments/unified_contextual_memory/artifacts/evaluation/judges/53cfeb492049191fdbe745a407a53353bffc091b5b5a77a888840abb35786502_9102.json
 create mode 100644 experiments/unified_contextual_memory/artifacts/evaluation/judges/53cfeb492049191fdbe745a407a53353bffc091b5b5a77a888840abb35786502_9102.request.json
 create mode 100644 experiments/unified_contextual_memory/artifacts/evaluation/judges/53cfeb492049191fdbe745a407a53353bffc091b5b5a77a888840abb35786502_9200.json
 create mode 100644 experiments/unified_contextual_memory/artifacts/evaluation/judges/53cfeb492049191fdbe745a407a53353bffc091b5b5a77a888840abb35786502_9200.request.json
 create mode 100644 experiments/unified_contextual_memory/artifacts/evaluation/judges/5445ab48329f2d130b10d39cbb40c88da1b01cf7bbf49cae5619ca018e903de3_9100.json
 create mode 100644 experiments/unified_contextual_memory/artifacts/evaluation/judges/5445ab48329f2d130b10d39cbb40c88da1b01cf7bbf49cae5619ca018e903de3_9100.request.json
 create mode 100644 experiments/unified_contextual_memory/artifacts/evaluation/judges/5445ab48329f2d130b10d39cbb40c88da1b01cf7bbf49cae5619ca018e903de3_9101.json
 create mode 100644 experiments/unified_contextual_memory/artifacts/evaluation/judges/5445ab48329f2d130b10d39cbb40c88da1b01cf7bbf49cae5619ca018e903de3_9101.request.json
 create mode 100644 experiments/unified_contextual_memory/artifacts/evaluation/judges/5445ab48329f2d130b10d39cbb40c88da1b01cf7bbf49cae5619ca018e903de3_9102.json
 create mode 100644 experiments/unified_contextual_memory/artifacts/evaluation/judges/5445ab48329f2d130b10d39cbb40c88da1b01cf7bbf49cae5619ca018e903de3_9102.request.json
 create mode 100644 experiments/unified_contextual_memory/artifacts/evaluation/judges/5445ab48329f2d130b10d39cbb40c88da1b01cf7bbf49cae5619ca018e903de3_9200.json
 create mode 100644 experiments/unified_contextual_memory/artifacts/evaluation/judges/5445ab48329f2d130b10d39cbb40c88da1b01cf7bbf49cae5619ca018e903de3_9200.request.json
 create mode 100644 experiments/unified_contextual_memory/artifacts/evaluation/judges/54706b497c40f137f25fb94658fcee543fb8ccc8cb320e9bb28af9b5ad747684_9100.json
 create mode 100644 experiments/unified_contextual_memory/artifacts/evaluation/judges/54706b497c40f137f25fb94658fcee543fb8ccc8cb320e9bb28af9b5ad747684_9100.request.json
 create mode 100644 experiments/unified_contextual_memory/artifacts/evaluation/judges/54706b497c40f137f25fb94658fcee543fb8ccc8cb320e9bb28af9b5ad747684_9101.json
 create mode 100644 experiments/unified_contextual_memory/artifacts/evaluation/judges/54706b497c40f137f25fb94658fcee543fb8ccc8cb320e9bb28af9b5ad747684_9101.request.json
 create mode 100644 experiments/unified_contextual_memory/artifacts/evaluation/judges/54706b497c40f137f25fb94658fcee543fb8ccc8cb320e9bb28af9b5ad747684_9102.json
 create mode 100644 experiments/unified_contextual_memory/artifacts/evaluation/judges/54706b497c40f137f25fb94658fcee543fb8ccc8cb320e9bb28af9b5ad747684_9102.request.json
 create mode 100644 experiments/unified_contextual_memory/artifacts/evaluation/judges/54706b497c40f137f25fb94658fcee543fb8ccc8cb320e9bb28af9b5ad747684_9200.json
 create mode 100644 experiments/unified_contextual_memory/artifacts/evaluation/judges/54706b497c40f137f25fb94658fcee543fb8ccc8cb320e9bb28af9b5ad747684_9200.request.json
 create mode 100644 experiments/unified_contextual_memory/artifacts/evaluation/judges/549819b08b349b0a2d6457526ca6fae0d8f94b14497630f4ddc92518c6ee9268_9100.json
 create mode 100644 experiments/unified_contextual_memory/artifacts/evaluation/judges/549819b08b349b0a2d6457526ca6fae0d8f94b14497630f4ddc92518c6ee9268_9100.request.json
 create mode 100644 experiments/unified_contextual_memory/artifacts/evaluation/judges/549819b08b349b0a2d6457526ca6fae0d8f94b14497630f4ddc92518c6ee9268_9101.json
 create mode 100644 experiments/unified_contextual_memory/artifacts/evaluation/judges/549819b08b349b0a2d6457526ca6fae0d8f94b14497630f4ddc92518c6ee9268_9101.request.json
 create mode 100644 experiments/unified_contextual_memory/artifacts/evaluation/judges/549819b08b349b0a2d6457526ca6fae0d8f94b14497630f4ddc92518c6ee9268_9102.json
 create mode 100644 experiments/unified_contextual_memory/artifacts/evaluation/judges/549819b08b349b0a2d6457526ca6fae0d8f94b14497630f4ddc92518c6ee9268_9102.request.json
 create mode 100644 experiments/unified_contextual_memory/artifacts/evaluation/judges/549819b08b349b0a2d6457526ca6fae0d8f94b14497630f4ddc92518c6ee9268_9200.json
 create mode 100644 experiments/unified_contextual_memory/artifacts/evaluation/judges/549819b08b349b0a2d6457526ca6fae0d8f94b14497630f4ddc92518c6ee9268_9200.request.json
 create mode 100644 experiments/unified_contextual_memory/artifacts/evaluation/judges/551f360c29238b8ed88516848eff02bcda816b3d685a29184b3aa904ea6d6363_9100.json
 create mode 100644 experiments/unified_contextual_memory/artifacts/evaluation/judges/551f360c29238b8ed88516848eff02bcda816b3d685a29184b3aa904ea6d6363_9100.request.json
 create mode 100644 experiments/unified_contextual_memory/artifacts/evaluation/judges/551f360c29238b8ed88516848eff02bcda816b3d685a29184b3aa904ea6d6363_9101.json
 create mode 100644 experiments/unified_contextual_memory/artifacts/evaluation/judges/551f360c29238b8ed88516848eff02bcda816b3d685a29184b3aa904ea6d6363_9101.request.json
 create mode 100644 experiments/unified_contextual_memory/artifacts/evaluation/judges/551f360c29238b8ed88516848eff02bcda816b3d685a29184b3aa904ea6d6363_9102.json
 create mode 100644 experiments/unified_contextual_memory/artifacts/evaluation/judges/551f360c29238b8ed88516848eff02bcda816b3d685a29184b3aa904ea6d6363_9102.request.json
 create mode 100644 experiments/unified_contextual_memory/artifacts/evaluation/judges/551f360c29238b8ed88516848eff02bcda816b3d685a29184b3aa904ea6d6363_9200.json
 create mode 100644 experiments/unified_contextual_memory/artifacts/evaluation/judges/551f360c29238b8ed88516848eff02bcda816b3d685a29184b3aa904ea6d6363_9200.request.json
 create mode 100644 experiments/unified_contextual_memory/artifacts/evaluation/judges/554112e831fe60bb9d119ff5fea64d4eaca77bf7525f75d252caf03ec306baee_9100.json
 create mode 100644 experiments/unified_contextual_memory/artifacts/evaluation/judges/554112e831fe60bb9d119ff5fea64d4eaca77bf7525f75d252caf03ec306baee_9100.request.json
 create mode 100644 experiments/unified_contextual_memory/artifacts/evaluation/judges/554112e831fe60bb9d119ff5fea64d4eaca77bf7525f75d252caf03ec306baee_9101.json
 create mode 100644 experiments/unified_contextual_memory/artifacts/evaluation/judges/554112e831fe60bb9d119ff5fea64d4eaca77bf7525f75d252caf03ec306baee_9101.request.json
 create mode 100644 experiments/unified_contextual_memory/artifacts/evaluation/judges/554112e831fe60bb9d119ff5fea64d4eaca77bf7525f75d252caf03ec306baee_9102.json
 create mode 100644 experiments/unified_contextual_memory/artifacts/evaluation/judges/554112e831fe60bb9d119ff5fea64d4eaca77bf7525f75d252caf03ec306baee_9102.request.json
 create mode 100644 experiments/unified_contextual_memory/artifacts/evaluation/judges/554112e831fe60bb9d119ff5fea64d4eaca77bf7525f75d252caf03ec306baee_9200.json
 create mode 100644 experiments/unified_contextual_memory/artifacts/evaluation/judges/554112e831fe60bb9d119ff5fea64d4eaca77bf7525f75d252caf03ec306baee_9200.request.json
 create mode 100644 experiments/unified_contextual_memory/artifacts/evaluation/judges/558f59e983c30ed9c0ebdbe0a9b32d69edae9ddcd29f265998582d7ee8a2bc68_9100.json
 create mode 100644 experiments/unified_contextual_memory/artifacts/evaluation/judges/558f59e983c30ed9c0ebdbe0a9b32d69edae9ddcd29f265998582d7ee8a2bc68_9100.request.json
 create mode 100644 experiments/unified_contextual_memory/artifacts/evaluation/judges/558f59e983c30ed9c0ebdbe0a9b32d69edae9ddcd29f265998582d7ee8a2bc68_9101.json
 create mode 100644 experiments/unified_contextual_memory/artifacts/evaluation/judges/558f59e983c30ed9c0ebdbe0a9b32d69edae9ddcd29f265998582d7ee8a2bc68_9101.request.json
 create mode 100644 experiments/unified_contextual_memory/artifacts/evaluation/judges/558f59e983c30ed9c0ebdbe0a9b32d69edae9ddcd29f265998582d7ee8a2bc68_9102.json
 create mode 100644 experiments/unified_contextual_memory/artifacts/evaluation/judges/558f59e983c30ed9c0ebdbe0a9b32d69edae9ddcd29f265998582d7ee8a2bc68_9102.request.json
 create mode 100644 experiments/unified_contextual_memory/artifacts/evaluation/judges/558f59e983c30ed9c0ebdbe0a9b32d69edae9ddcd29f265998582d7ee8a2bc68_9200.json
 create mode 100644 experiments/unified_contextual_memory/artifacts/evaluation/judges/558f59e983c30ed9c0ebdbe0a9b32d69edae9ddcd29f265998582d7ee8a2bc68_9200.request.json
 create mode 100644 experiments/unified_contextual_memory/artifacts/evaluation/judges/5596a2b8667fc5a78d59e2df17dfb0f89be520bb6cceab7937f5fc3cd03f5ed9_9100.json
 create mode 100644 experiments/unified_contextual_memory/artifacts/evaluation/judges/5596a2b8667fc5a78d59e2df17dfb0f89be520bb6cceab7937f5fc3cd03f5ed9_9100.request.json
 create mode 100644 experiments/unified_contextual_memory/artifacts/evaluation/judges/5596a2b8667fc5a78d59e2df17dfb0f89be520bb6cceab7937f5fc3cd03f5ed9_9101.json
 create mode 100644 experiments/unified_contextual_memory/artifacts/evaluation/judges/5596a2b8667fc5a78d59e2df17dfb0f89be520bb6cceab7937f5fc3cd03f5ed9_9101.request.json
 create mode 100644 experiments/unified_contextual_memory/artifacts/evaluation/judges/5596a2b8667fc5a78d59e2df17dfb0f89be520bb6cceab7937f5fc3cd03f5ed9_9102.json
 create mode 100644 experiments/unified_contextual_memory/artifacts/evaluation/judges/5596a2b8667fc5a78d59e2df17dfb0f89be520bb6cceab7937f5fc3cd03f5ed9_9102.request.json
 create mode 100644 experiments/unified_contextual_memory/artifacts/evaluation/judges/5596a2b8667fc5a78d59e2df17dfb0f89be520bb6cceab7937f5fc3cd03f5ed9_9200.json
 create mode 100644 experiments/unified_contextual_memory/artifacts/evaluation/judges/5596a2b8667fc5a78d59e2df17dfb0f89be520bb6cceab7937f5fc3cd03f5ed9_9200.request.json
 create mode 100644 experiments/unified_contextual_memory/artifacts/evaluation/judges/562f2e4988669c3ae9c377d34a34432acc769fefaee4a975801437a1364142d5_9100.json
 create mode 100644 experiments/unified_contextual_memory/artifacts/evaluation/judges/562f2e4988669c3ae9c377d34a34432acc769fefaee4a975801437a1364142d5_9100.request.json
 create mode 100644 experiments/unified_contextual_memory/artifacts/evaluation/judges/562f2e4988669c3ae9c377d34a34432acc769fefaee4a975801437a1364142d5_9101.json
 create mode 100644 experiments/unified_contextual_memory/artifacts/evaluation/judges/562f2e4988669c3ae9c377d34a34432acc769fefaee4a975801437a1364142d5_9101.request.json
 create mode 100644 experiments/unified_contextual_memory/artifacts/evaluation/judges/562f2e4988669c3ae9c377d34a34432acc769fefaee4a975801437a1364142d5_9102.json
 create mode 100644 experiments/unified_contextual_memory/artifacts/evaluation/judges/562f2e4988669c3ae9c377d34a34432acc769fefaee4a975801437a1364142d5_9102.request.json
 create mode 100644 experiments/unified_contextual_memory/artifacts/evaluation/judges/562f2e4988669c3ae9c377d34a34432acc769fefaee4a975801437a1364142d5_9200.json
 create mode 100644 experiments/unified_contextual_memory/artifacts/evaluation/judges/562f2e4988669c3ae9c377d34a34432acc769fefaee4a975801437a1364142d5_9200.request.json
 create mode 100644 experiments/unified_contextual_memory/artifacts/evaluation/judges/575f231a0db7ffe6e22d319d5db2a27fa4eda1107ce79c509a8d86d3befcd5c9_9100.json
 create mode 100644 experiments/unified_contextual_memory/artifacts/evaluation/judges/575f231a0db7ffe6e22d319d5db2a27fa4eda1107ce79c509a8d86d3befcd5c9_9100.request.json
 create mode 100644 experiments/unified_contextual_memory/artifacts/evaluation/judges/575f231a0db7ffe6e22d319d5db2a27fa4eda1107ce79c509a8d86d3befcd5c9_9101.json
 create mode 100644 experiments/unified_contextual_memory/artifacts/evaluation/judges/575f231a0db7ffe6e22d319d5db2a27fa4eda1107ce79c509a8d86d3befcd5c9_9101.request.json
 create mode 100644 experiments/unified_contextual_memory/artifacts/evaluation/judges/575f231a0db7ffe6e22d319d5db2a27fa4eda1107ce79c509a8d86d3befcd5c9_9102.json
 create mode 100644 experiments/unified_contextual_memory/artifacts/evaluation/judges/575f231a0db7ffe6e22d319d5db2a27fa4eda1107ce79c509a8d86d3befcd5c9_9102.request.json
 create mode 100644 experiments/unified_contextual_memory/artifacts/evaluation/judges/575f231a0db7ffe6e22d319d5db2a27fa4eda1107ce79c509a8d86d3befcd5c9_9200.json
 create mode 100644 experiments/unified_contextual_memory/artifacts/evaluation/judges/575f231a0db7ffe6e22d319d5db2a27fa4eda1107ce79c509a8d86d3befcd5c9_9200.request.json
 create mode 100644 experiments/unified_contextual_memory/artifacts/evaluation/judges/5771893482e404c059a454f33b7833b283d0bd3dcaa64a25e78a7e99355d8190_9100.json
 create mode 100644 experiments/unified_contextual_memory/artifacts/evaluation/judges/5771893482e404c059a454f33b7833b283d0bd3dcaa64a25e78a7e99355d8190_9100.request.json
 create mode 100644 experiments/unified_contextual_memory/artifacts/evaluation/judges/5771893482e404c059a454f33b7833b283d0bd3dcaa64a25e78a7e99355d8190_9101.json
 create mode 100644 experiments/unified_contextual_memory/artifacts/evaluation/judges/5771893482e404c059a454f33b7833b283d0bd3dcaa64a25e78a7e99355d8190_9101.request.json
 create mode 100644 experiments/unified_contextual_memory/artifacts/evaluation/judges/5771893482e404c059a454f33b7833b283d0bd3dcaa64a25e78a7e99355d8190_9102.json
 create mode 100644 experiments/unified_contextual_memory/artifacts/evaluation/judges/5771893482e404c059a454f33b7833b283d0bd3dcaa64a25e78a7e99355d8190_9102.request.json
 create mode 100644 experiments/unified_contextual_memory/artifacts/evaluation/judges/5771893482e404c059a454f33b7833b283d0bd3dcaa64a25e78a7e99355d8190_9200.json
 create mode 100644 experiments/unified_contextual_memory/artifacts/evaluation/judges/5771893482e404c059a454f33b7833b283d0bd3dcaa64a25e78a7e99355d8190_9200.request.json
 create mode 100644 experiments/unified_contextual_memory/artifacts/evaluation/judges/579b85016a31d1ed6a83dbe79803d075a5452f48541ac6f379a00d0acd0dfde4_9100.json
 create mode 100644 experiments/unified_contextual_memory/artifacts/evaluation/judges/579b85016a31d1ed6a83dbe79803d075a5452f48541ac6f379a00d0acd0dfde4_9100.request.json
 create mode 100644 experiments/unified_contextual_memory/artifacts/evaluation/judges/579b85016a31d1ed6a83dbe79803d075a5452f48541ac6f379a00d0acd0dfde4_9101.json
 create mode 100644 experiments/unified_contextual_memory/artifacts/evaluation/judges/579b85016a31d1ed6a83dbe79803d075a5452f48541ac6f379a00d0acd0dfde4_9101.request.json
 create mode 100644 experiments/unified_contextual_memory/artifacts/evaluation/judges/579b85016a31d1ed6a83dbe79803d075a5452f48541ac6f379a00d0acd0dfde4_9102.json
 create mode 100644 experiments/unified_contextual_memory/artifacts/evaluation/judges/579b85016a31d1ed6a83dbe79803d075a5452f48541ac6f379a00d0acd0dfde4_9102.request.json
 create mode 100644 experiments/unified_contextual_memory/artifacts/evaluation/judges/579b85016a31d1ed6a83dbe79803d075a5452f48541ac6f379a00d0acd0dfde4_9200.json
 create mode 100644 experiments/unified_contextual_memory/artifacts/evaluation/judges/579b85016a31d1ed6a83dbe79803d075a5452f48541ac6f379a00d0acd0dfde4_9200.request.json
 create mode 100644 experiments/unified_contextual_memory/artifacts/evaluation/judges/57ac51fd95e160fe757e4e9f582a15cb04f31ea9216aab619c27605531be7c49_9100.json
 create mode 100644 experiments/unified_contextual_memory/artifacts/evaluation/judges/57ac51fd95e160fe757e4e9f582a15cb04f31ea9216aab619c27605531be7c49_9100.request.json
 create mode 100644 experiments/unified_contextual_memory/artifacts/evaluation/judges/57ac51fd95e160fe757e4e9f582a15cb04f31ea9216aab619c27605531be7c49_9101.json
 create mode 100644 experiments/unified_contextual_memory/artifacts/evaluation/judges/57ac51fd95e160fe757e4e9f582a15cb04f31ea9216aab619c27605531be7c49_9101.request.json
 create mode 100644 experiments/unified_contextual_memory/artifacts/evaluation/judges/57ac51fd95e160fe757e4e9f582a15cb04f31ea9216aab619c27605531be7c49_9102.json
 create mode 100644 experiments/unified_contextual_memory/artifacts/evaluation/judges/57ac51fd95e160fe757e4e9f582a15cb04f31ea9216aab619c27605531be7c49_9102.request.json
 create mode 100644 experiments/unified_contextual_memory/artifacts/evaluation/judges/57ac51fd95e160fe757e4e9f582a15cb04f31ea9216aab619c27605531be7c49_9200.json
 create mode 100644 experiments/unified_contextual_memory/artifacts/evaluation/judges/57ac51fd95e160fe757e4e9f582a15cb04f31ea9216aab619c27605531be7c49_9200.request.json
 create mode 100644 experiments/unified_contextual_memory/artifacts/evaluation/judges/57f4a3529f2d80ad79915be97ab20e4f7eda74720b9c8aee5ecc1a3aa7f82d3f_9100.json
 create mode 100644 experiments/unified_contextual_memory/artifacts/evaluation/judges/57f4a3529f2d80ad79915be97ab20e4f7eda74720b9c8aee5ecc1a3aa7f82d3f_9100.request.json
 create mode 100644 experiments/unified_contextual_memory/artifacts/evaluation/judges/57f4a3529f2d80ad79915be97ab20e4f7eda74720b9c8aee5ecc1a3aa7f82d3f_9101.json
 create mode 100644 experiments/unified_contextual_memory/artifacts/evaluation/judges/57f4a3529f2d80ad79915be97ab20e4f7eda74720b9c8aee5ecc1a3aa7f82d3f_9101.request.json
 create mode 100644 experiments/unified_contextual_memory/artifacts/evaluation/judges/57f4a3529f2d80ad79915be97ab20e4f7eda74720b9c8aee5ecc1a3aa7f82d3f_9102.json
 create mode 100644 experiments/unified_contextual_memory/artifacts/evaluation/judges/57f4a3529f2d80ad79915be97ab20e4f7eda74720b9c8aee5ecc1a3aa7f82d3f_9102.request.json
 create mode 100644 experiments/unified_contextual_memory/artifacts/evaluation/judges/57f4a3529f2d80ad79915be97ab20e4f7eda74720b9c8aee5ecc1a3aa7f82d3f_9200.json
 create mode 100644 experiments/unified_contextual_memory/artifacts/evaluation/judges/57f4a3529f2d80ad79915be97ab20e4f7eda74720b9c8aee5ecc1a3aa7f82d3f_9200.request.json
 create mode 100644 experiments/unified_contextual_memory/artifacts/evaluation/judges/581ebcbc0af06af2f8bea5bfa68a4466a73bb4fb6ff99394a091666755e42cba_9100.json
 create mode 100644 experiments/unified_contextual_memory/artifacts/evaluation/judges/581ebcbc0af06af2f8bea5bfa68a4466a73bb4fb6ff99394a091666755e42cba_9100.request.json
 create mode 100644 experiments/unified_contextual_memory/artifacts/evaluation/judges/581ebcbc0af06af2f8bea5bfa68a4466a73bb4fb6ff99394a091666755e42cba_9101.json
 create mode 100644 experiments/unified_contextual_memory/artifacts/evaluation/judges/581ebcbc0af06af2f8bea5bfa68a4466a73bb4fb6ff99394a091666755e42cba_9101.request.json
 create mode 100644 experiments/unified_contextual_memory/artifacts/evaluation/judges/581ebcbc0af06af2f8bea5bfa68a4466a73bb4fb6ff99394a091666755e42cba_9102.json
 create mode 100644 experiments/unified_contextual_memory/artifacts/evaluation/judges/581ebcbc0af06af2f8bea5bfa68a4466a73bb4fb6ff99394a091666755e42cba_9102.request.json
 create mode 100644 experiments/unified_contextual_memory/artifacts/evaluation/judges/581ebcbc0af06af2f8bea5bfa68a4466a73bb4fb6ff99394a091666755e42cba_9200.json
 create mode 100644 experiments/unified_contextual_memory/artifacts/evaluation/judges/581ebcbc0af06af2f8bea5bfa68a4466a73bb4fb6ff99394a091666755e42cba_9200.request.json
 create mode 100644 experiments/unified_contextual_memory/artifacts/evaluation/judges/584b3fe86d18b6337f66635e8996df504f77306f6fb8e768ed4e4b3e3fc4d8e3_9100.json
 create mode 100644 experiments/unified_contextual_memory/artifacts/evaluation/judges/584b3fe86d18b6337f66635e8996df504f77306f6fb8e768ed4e4b3e3fc4d8e3_9100.request.json
 create mode 100644 experiments/unified_contextual_memory/artifacts/evaluation/judges/584b3fe86d18b6337f66635e8996df504f77306f6fb8e768ed4e4b3e3fc4d8e3_9101.json
 create mode 100644 experiments/unified_contextual_memory/artifacts/evaluation/judges/584b3fe86d18b6337f66635e8996df504f77306f6fb8e768ed4e4b3e3fc4d8e3_9101.request.json
 create mode 100644 experiments/unified_contextual_memory/artifacts/evaluation/judges/584b3fe86d18b6337f66635e8996df504f77306f6fb8e768ed4e4b3e3fc4d8e3_9102.json
 create mode 100644 experiments/unified_contextual_memory/artifacts/evaluation/judges/584b3fe86d18b6337f66635e8996df504f77306f6fb8e768ed4e4b3e3fc4d8e3_9102.request.json
 create mode 100644 experiments/unified_contextual_memory/artifacts/evaluation/judges/584b3fe86d18b6337f66635e8996df504f77306f6fb8e768ed4e4b3e3fc4d8e3_9200.json
 create mode 100644 experiments/unified_contextual_memory/artifacts/evaluation/judges/584b3fe86d18b6337f66635e8996df504f77306f6fb8e768ed4e4b3e3fc4d8e3_9200.request.json
 create mode 100644 experiments/unified_contextual_memory/artifacts/evaluation/judges/5858e46932e701fa5fee5e8dd5e9d5f186f786b50eaa90b9ddd4ab655fc76926_9100.json
 create mode 100644 experiments/unified_contextual_memory/artifacts/evaluation/judges/5858e46932e701fa5fee5e8dd5e9d5f186f786b50eaa90b9ddd4ab655fc76926_9100.request.json
 create mode 100644 experiments/unified_contextual_memory/artifacts/evaluation/judges/5858e46932e701fa5fee5e8dd5e9d5f186f786b50eaa90b9ddd4ab655fc76926_9101.json
 create mode 100644 experiments/unified_contextual_memory/artifacts/evaluation/judges/5858e46932e701fa5fee5e8dd5e9d5f186f786b50eaa90b9ddd4ab655fc76926_9101.request.json
 create mode 100644 experiments/unified_contextual_memory/artifacts/evaluation/judges/5858e46932e701fa5fee5e8dd5e9d5f186f786b50eaa90b9ddd4ab655fc76926_9102.json
 create mode 100644 experiments/unified_contextual_memory/artifacts/evaluation/judges/5858e46932e701fa5fee5e8dd5e9d5f186f786b50eaa90b9ddd4ab655fc76926_9102.request.json
 create mode 100644 experiments/unified_contextual_memory/artifacts/evaluation/judges/5858e46932e701fa5fee5e8dd5e9d5f186f786b50eaa90b9ddd4ab655fc76926_9200.json
 create mode 100644 experiments/unified_contextual_memory/artifacts/evaluation/judges/5858e46932e701fa5fee5e8dd5e9d5f186f786b50eaa90b9ddd4ab655fc76926_9200.request.json
 create mode 100644 experiments/unified_contextual_memory/artifacts/evaluation/judges/588f03c92614297cf8a14ebafdd6b8426bdb2c077647fb488362420d08439e7e_9100.json
 create mode 100644 experiments/unified_contextual_memory/artifacts/evaluation/judges/588f03c92614297cf8a14ebafdd6b8426bdb2c077647fb488362420d08439e7e_9100.request.json
 create mode 100644 experiments/unified_contextual_memory/artifacts/evaluation/judges/588f03c92614297cf8a14ebafdd6b8426bdb2c077647fb488362420d08439e7e_9101.json
 create mode 100644 experiments/unified_contextual_memory/artifacts/evaluation/judges/588f03c92614297cf8a14ebafdd6b8426bdb2c077647fb488362420d08439e7e_9101.request.json
 create mode 100644 experiments/unified_contextual_memory/artifacts/evaluation/judges/588f03c92614297cf8a14ebafdd6b8426bdb2c077647fb488362420d08439e7e_9102.json
 create mode 100644 experiments/unified_contextual_memory/artifacts/evaluation/judges/588f03c92614297cf8a14ebafdd6b8426bdb2c077647fb488362420d08439e7e_9102.request.json
 create mode 100644 experiments/unified_contextual_memory/artifacts/evaluation/judges/588f03c92614297cf8a14ebafdd6b8426bdb2c077647fb488362420d08439e7e_9200.json
 create mode 100644 experiments/unified_contextual_memory/artifacts/evaluation/judges/588f03c92614297cf8a14ebafdd6b8426bdb2c077647fb488362420d08439e7e_9200.request.json
 create mode 100644 experiments/unified_contextual_memory/artifacts/evaluation/judges/58a82c22d6684fbf33feee4d73204fd9fa5d10f3e48170ea5cd3d62400c939d0_9100.json
 create mode 100644 experiments/unified_contextual_memory/artifacts/evaluation/judges/58a82c22d6684fbf33feee4d73204fd9fa5d10f3e48170ea5cd3d62400c939d0_9100.request.json
 create mode 100644 experiments/unified_contextual_memory/artifacts/evaluation/judges/58a82c22d6684fbf33feee4d73204fd9fa5d10f3e48170ea5cd3d62400c939d0_9101.json
 create mode 100644 experiments/unified_contextual_memory/artifacts/evaluation/judges/58a82c22d6684fbf33feee4d73204fd9fa5d10f3e48170ea5cd3d62400c939d0_9101.request.json
 create mode 100644 experiments/unified_contextual_memory/artifacts/evaluation/judges/58a82c22d6684fbf33feee4d73204fd9fa5d10f3e48170ea5cd3d62400c939d0_9102.json
 create mode 100644 experiments/unified_contextual_memory/artifacts/evaluation/judges/58a82c22d6684fbf33feee4d73204fd9fa5d10f3e48170ea5cd3d62400c939d0_9102.request.json
 create mode 100644 experiments/unified_contextual_memory/artifacts/evaluation/judges/58a82c22d6684fbf33feee4d73204fd9fa5d10f3e48170ea5cd3d62400c939d0_9200.json
 create mode 100644 experiments/unified_contextual_memory/artifacts/evaluation/judges/58a82c22d6684fbf33feee4d73204fd9fa5d10f3e48170ea5cd3d62400c939d0_9200.request.json
 create mode 100644 experiments/unified_contextual_memory/artifacts/evaluation/judges/593318655410019b2dbc985c543ccb3428e6b069099d8b19e4b31f52e7ba185c_9100.json
 create mode 100644 experiments/unified_contextual_memory/artifacts/evaluation/judges/593318655410019b2dbc985c543ccb3428e6b069099d8b19e4b31f52e7ba185c_9100.request.json
 create mode 100644 experiments/unified_contextual_memory/artifacts/evaluation/judges/593318655410019b2dbc985c543ccb3428e6b069099d8b19e4b31f52e7ba185c_9101.json
 create mode 100644 experiments/unified_contextual_memory/artifacts/evaluation/judges/593318655410019b2dbc985c543ccb3428e6b069099d8b19e4b31f52e7ba185c_9101.request.json
 create mode 100644 experiments/unified_contextual_memory/artifacts/evaluation/judges/593318655410019b2dbc985c543ccb3428e6b069099d8b19e4b31f52e7ba185c_9102.json
 create mode 100644 experiments/unified_contextual_memory/artifacts/evaluation/judges/593318655410019b2dbc985c543ccb3428e6b069099d8b19e4b31f52e7ba185c_9102.request.json
 create mode 100644 experiments/unified_contextual_memory/artifacts/evaluation/judges/593318655410019b2dbc985c543ccb3428e6b069099d8b19e4b31f52e7ba185c_9200.json
 create mode 100644 experiments/unified_contextual_memory/artifacts/evaluation/judges/593318655410019b2dbc985c543ccb3428e6b069099d8b19e4b31f52e7ba185c_9200.request.json
 create mode 100644 experiments/unified_contextual_memory/artifacts/evaluation/judges/5a4e841cc407e668f7c73d864ba750eb346a9380800364c9ed5b04140fb8048f_9100.json
 create mode 100644 experiments/unified_contextual_memory/artifacts/evaluation/judges/5a4e841cc407e668f7c73d864ba750eb346a9380800364c9ed5b04140fb8048f_9100.request.json
 create mode 100644 experiments/unified_contextual_memory/artifacts/evaluation/judges/5a4e841cc407e668f7c73d864ba750eb346a9380800364c9ed5b04140fb8048f_9101.json
 create mode 100644 experiments/unified_contextual_memory/artifacts/evaluation/judges/5a4e841cc407e668f7c73d864ba750eb346a9380800364c9ed5b04140fb8048f_9101.request.json
 create mode 100644 experiments/unified_contextual_memory/artifacts/evaluation/judges/5a4e841cc407e668f7c73d864ba750eb346a9380800364c9ed5b04140fb8048f_9102.json
 create mode 100644 experiments/unified_contextual_memory/artifacts/evaluation/judges/5a4e841cc407e668f7c73d864ba750eb346a9380800364c9ed5b04140fb8048f_9102.request.json
 create mode 100644 experiments/unified_contextual_memory/artifacts/evaluation/judges/5a4e841cc407e668f7c73d864ba750eb346a9380800364c9ed5b04140fb8048f_9200.json
 create mode 100644 experiments/unified_contextual_memory/artifacts/evaluation/judges/5a4e841cc407e668f7c73d864ba750eb346a9380800364c9ed5b04140fb8048f_9200.request.json
 create mode 100644 experiments/unified_contextual_memory/artifacts/evaluation/judges/5a98772c8faf3a3a030f70744d0ad30822dbaa193b2a674485fd34facc09c6ab_9100.json
 create mode 100644 experiments/unified_contextual_memory/artifacts/evaluation/judges/5a98772c8faf3a3a030f70744d0ad30822dbaa193b2a674485fd34facc09c6ab_9100.request.json
 create mode 100644 experiments/unified_contextual_memory/artifacts/evaluation/judges/5a98772c8faf3a3a030f70744d0ad30822dbaa193b2a674485fd34facc09c6ab_9101.json
 create mode 100644 experiments/unified_contextual_memory/artifacts/evaluation/judges/5a98772c8faf3a3a030f70744d0ad30822dbaa193b2a674485fd34facc09c6ab_9101.request.json
 create mode 100644 experiments/unified_contextual_memory/artifacts/evaluation/judges/5a98772c8faf3a3a030f70744d0ad30822dbaa193b2a674485fd34facc09c6ab_9102.json
 create mode 100644 experiments/unified_contextual_memory/artifacts/evaluation/judges/5a98772c8faf3a3a030f70744d0ad30822dbaa193b2a674485fd34facc09c6ab_9102.request.json
 create mode 100644 experiments/unified_contextual_memory/artifacts/evaluation/judges/5a98772c8faf3a3a030f70744d0ad30822dbaa193b2a674485fd34facc09c6ab_9200.json
 create mode 100644 experiments/unified_contextual_memory/artifacts/evaluation/judges/5a98772c8faf3a3a030f70744d0ad30822dbaa193b2a674485fd34facc09c6ab_9200.request.json
 create mode 100644 experiments/unified_contextual_memory/artifacts/evaluation/judges/5ac43c5e64a4145cbef43e71c4fcdac10d59cb870f361ac12b41b3d572439cae_9100.json
 create mode 100644 experiments/unified_contextual_memory/artifacts/evaluation/judges/5ac43c5e64a4145cbef43e71c4fcdac10d59cb870f361ac12b41b3d572439cae_9100.request.json
 create mode 100644 experiments/unified_contextual_memory/artifacts/evaluation/judges/5ac43c5e64a4145cbef43e71c4fcdac10d59cb870f361ac12b41b3d572439cae_9101.json
 create mode 100644 experiments/unified_contextual_memory/artifacts/evaluation/judges/5ac43c5e64a4145cbef43e71c4fcdac10d59cb870f361ac12b41b3d572439cae_9101.request.json
 create mode 100644 experiments/unified_contextual_memory/artifacts/evaluation/judges/5ac43c5e64a4145cbef43e71c4fcdac10d59cb870f361ac12b41b3d572439cae_9102.json
 create mode 100644 experiments/unified_contextual_memory/artifacts/evaluation/judges/5ac43c5e64a4145cbef43e71c4fcdac10d59cb870f361ac12b41b3d572439cae_9102.request.json
 create mode 100644 experiments/unified_contextual_memory/artifacts/evaluation/judges/5ac43c5e64a4145cbef43e71c4fcdac10d59cb870f361ac12b41b3d572439cae_9200.json
 create mode 100644 experiments/unified_contextual_memory/artifacts/evaluation/judges/5ac43c5e64a4145cbef43e71c4fcdac10d59cb870f361ac12b41b3d572439cae_9200.request.json
 create mode 100644 experiments/unified_contextual_memory/artifacts/evaluation/judges/5b224413ae1b061221918c9a211878ad3cbdd943be8609d0a03cac88a12a93ba_9100.json
 create mode 100644 experiments/unified_contextual_memory/artifacts/evaluation/judges/5b224413ae1b061221918c9a211878ad3cbdd943be8609d0a03cac88a12a93ba_9100.request.json
 create mode 100644 experiments/unified_contextual_memory/artifacts/evaluation/judges/5b224413ae1b061221918c9a211878ad3cbdd943be8609d0a03cac88a12a93ba_9101.json
 create mode 100644 experiments/unified_contextual_memory/artifacts/evaluation/judges/5b224413ae1b061221918c9a211878ad3cbdd943be8609d0a03cac88a12a93ba_9101.request.json
 create mode 100644 experiments/unified_contextual_memory/artifacts/evaluation/judges/5b224413ae1b061221918c9a211878ad3cbdd943be8609d0a03cac88a12a93ba_9102.json
 create mode 100644 experiments/unified_contextual_memory/artifacts/evaluation/judges/5b224413ae1b061221918c9a211878ad3cbdd943be8609d0a03cac88a12a93ba_9102.request.json
 create mode 100644 experiments/unified_contextual_memory/artifacts/evaluation/judges/5b224413ae1b061221918c9a211878ad3cbdd943be8609d0a03cac88a12a93ba_9200.json
 create mode 100644 experiments/unified_contextual_memory/artifacts/evaluation/judges/5b224413ae1b061221918c9a211878ad3cbdd943be8609d0a03cac88a12a93ba_9200.request.json
 create mode 100644 experiments/unified_contextual_memory/artifacts/evaluation/judges/5bd61536cff0670f9a64dcc13b1967286f345c38a255577206bc6d994fe5e77f_9100.json
 create mode 100644 experiments/unified_contextual_memory/artifacts/evaluation/judges/5bd61536cff0670f9a64dcc13b1967286f345c38a255577206bc6d994fe5e77f_9100.request.json
 create mode 100644 experiments/unified_contextual_memory/artifacts/evaluation/judges/5bd61536cff0670f9a64dcc13b1967286f345c38a255577206bc6d994fe5e77f_9101.json
 create mode 100644 experiments/unified_contextual_memory/artifacts/evaluation/judges/5bd61536cff0670f9a64dcc13b1967286f345c38a255577206bc6d994fe5e77f_9101.request.json
 create mode 100644 experiments/unified_contextual_memory/artifacts/evaluation/judges/5bd61536cff0670f9a64dcc13b1967286f345c38a255577206bc6d994fe5e77f_9102.json
 create mode 100644 experiments/unified_contextual_memory/artifacts/evaluation/judges/5bd61536cff0670f9a64dcc13b1967286f345c38a255577206bc6d994fe5e77f_9102.request.json
 create mode 100644 experiments/unified_contextual_memory/artifacts/evaluation/judges/5bd61536cff0670f9a64dcc13b1967286f345c38a255577206bc6d994fe5e77f_9200.json
 create mode 100644 experiments/unified_contextual_memory/artifacts/evaluation/judges/5bd61536cff0670f9a64dcc13b1967286f345c38a255577206bc6d994fe5e77f_9200.request.json
 create mode 100644 experiments/unified_contextual_memory/artifacts/evaluation/judges/5bfbc3b5dd81804c614efac875d256c0a086e5770a3c03d5174c5e4bee70be1d_9100.json
 create mode 100644 experiments/unified_contextual_memory/artifacts/evaluation/judges/5bfbc3b5dd81804c614efac875d256c0a086e5770a3c03d5174c5e4bee70be1d_9100.request.json
 create mode 100644 experiments/unified_contextual_memory/artifacts/evaluation/judges/5bfbc3b5dd81804c614efac875d256c0a086e5770a3c03d5174c5e4bee70be1d_9101.json
 create mode 100644 experiments/unified_contextual_memory/artifacts/evaluation/judges/5bfbc3b5dd81804c614efac875d256c0a086e5770a3c03d5174c5e4bee70be1d_9101.request.json
 create mode 100644 experiments/unified_contextual_memory/artifacts/evaluation/judges/5bfbc3b5dd81804c614efac875d256c0a086e5770a3c03d5174c5e4bee70be1d_9102.json
 create mode 100644 experiments/unified_contextual_memory/artifacts/evaluation/judges/5bfbc3b5dd81804c614efac875d256c0a086e5770a3c03d5174c5e4bee70be1d_9102.request.json
 create mode 100644 experiments/unified_contextual_memory/artifacts/evaluation/judges/5bfbc3b5dd81804c614efac875d256c0a086e5770a3c03d5174c5e4bee70be1d_9200.json
 create mode 100644 experiments/unified_contextual_memory/artifacts/evaluation/judges/5bfbc3b5dd81804c614efac875d256c0a086e5770a3c03d5174c5e4bee70be1d_9200.request.json
 create mode 100644 experiments/unified_contextual_memory/artifacts/evaluation/judges/5c37533b8955cb76b469a725663302fe5db645f4a3144d6dfe0df552ac262a08_9100.json
 create mode 100644 experiments/unified_contextual_memory/artifacts/evaluation/judges/5c37533b8955cb76b469a725663302fe5db645f4a3144d6dfe0df552ac262a08_9100.request.json
 create mode 100644 experiments/unified_contextual_memory/artifacts/evaluation/judges/5c37533b8955cb76b469a725663302fe5db645f4a3144d6dfe0df552ac262a08_9101.json
 create mode 100644 experiments/unified_contextual_memory/artifacts/evaluation/judges/5c37533b8955cb76b469a725663302fe5db645f4a3144d6dfe0df552ac262a08_9101.request.json
 create mode 100644 experiments/unified_contextual_memory/artifacts/evaluation/judges/5c37533b8955cb76b469a725663302fe5db645f4a3144d6dfe0df552ac262a08_9102.json
 create mode 100644 experiments/unified_contextual_memory/artifacts/evaluation/judges/5c37533b8955cb76b469a725663302fe5db645f4a3144d6dfe0df552ac262a08_9102.request.json
 create mode 100644 experiments/unified_contextual_memory/artifacts/evaluation/judges/5c37533b8955cb76b469a725663302fe5db645f4a3144d6dfe0df552ac262a08_9200.json
 create mode 100644 experiments/unified_contextual_memory/artifacts/evaluation/judges/5c37533b8955cb76b469a725663302fe5db645f4a3144d6dfe0df552ac262a08_9200.request.json
 create mode 100644 experiments/unified_contextual_memory/artifacts/evaluation/judges/5c831ec47af4c73aba61ab87b5fe52367b1af9c581116e0a2b9f69e2557006f1_9100.json
 create mode 100644 experiments/unified_contextual_memory/artifacts/evaluation/judges/5c831ec47af4c73aba61ab87b5fe52367b1af9c581116e0a2b9f69e2557006f1_9100.request.json
 create mode 100644 experiments/unified_contextual_memory/artifacts/evaluation/judges/5c831ec47af4c73aba61ab87b5fe52367b1af9c581116e0a2b9f69e2557006f1_9101.json
 create mode 100644 experiments/unified_contextual_memory/artifacts/evaluation/judges/5c831ec47af4c73aba61ab87b5fe52367b1af9c581116e0a2b9f69e2557006f1_9101.request.json
 create mode 100644 experiments/unified_contextual_memory/artifacts/evaluation/judges/5c831ec47af4c73aba61ab87b5fe52367b1af9c581116e0a2b9f69e2557006f1_9102.json
 create mode 100644 experiments/unified_contextual_memory/artifacts/evaluation/judges/5c831ec47af4c73aba61ab87b5fe52367b1af9c581116e0a2b9f69e2557006f1_9102.request.json
 create mode 100644 experiments/unified_contextual_memory/artifacts/evaluation/judges/5c831ec47af4c73aba61ab87b5fe52367b1af9c581116e0a2b9f69e2557006f1_9200.json
 create mode 100644 experiments/unified_contextual_memory/artifacts/evaluation/judges/5c831ec47af4c73aba61ab87b5fe52367b1af9c581116e0a2b9f69e2557006f1_9200.request.json
 create mode 100644 experiments/unified_contextual_memory/artifacts/evaluation/judges/5c9279e4bef55b8ca7cc5745d03171eb871f71d8172145b9fd4a0354d59871ac_9100.json
 create mode 100644 experiments/unified_contextual_memory/artifacts/evaluation/judges/5c9279e4bef55b8ca7cc5745d03171eb871f71d8172145b9fd4a0354d59871ac_9100.request.json
 create mode 100644 experiments/unified_contextual_memory/artifacts/evaluation/judges/5c9279e4bef55b8ca7cc5745d03171eb871f71d8172145b9fd4a0354d59871ac_9101.json
 create mode 100644 experiments/unified_contextual_memory/artifacts/evaluation/judges/5c9279e4bef55b8ca7cc5745d03171eb871f71d8172145b9fd4a0354d59871ac_9101.request.json
 create mode 100644 experiments/unified_contextual_memory/artifacts/evaluation/judges/5c9279e4bef55b8ca7cc5745d03171eb871f71d8172145b9fd4a0354d59871ac_9102.json
 create mode 100644 experiments/unified_contextual_memory/artifacts/evaluation/judges/5c9279e4bef55b8ca7cc5745d03171eb871f71d8172145b9fd4a0354d59871ac_9102.request.json
 create mode 100644 experiments/unified_contextual_memory/artifacts/evaluation/judges/5c9279e4bef55b8ca7cc5745d03171eb871f71d8172145b9fd4a0354d59871ac_9200.json
 create mode 100644 experiments/unified_contextual_memory/artifacts/evaluation/judges/5c9279e4bef55b8ca7cc5745d03171eb871f71d8172145b9fd4a0354d59871ac_9200.request.json
 create mode 100644 experiments/unified_contextual_memory/artifacts/evaluation/judges/5ce338993a84863a7e4e3873e947834e3898509c6bda3f6be6c04c0be5b57d5d_9100.json
 create mode 100644 experiments/unified_contextual_memory/artifacts/evaluation/judges/5ce338993a84863a7e4e3873e947834e3898509c6bda3f6be6c04c0be5b57d5d_9100.request.json
 create mode 100644 experiments/unified_contextual_memory/artifacts/evaluation/judges/5ce338993a84863a7e4e3873e947834e3898509c6bda3f6be6c04c0be5b57d5d_9101.json
 create mode 100644 experiments/unified_contextual_memory/artifacts/evaluation/judges/5ce338993a84863a7e4e3873e947834e3898509c6bda3f6be6c04c0be5b57d5d_9101.request.json
 create mode 100644 experiments/unified_contextual_memory/artifacts/evaluation/judges/5ce338993a84863a7e4e3873e947834e3898509c6bda3f6be6c04c0be5b57d5d_9102.json
 create mode 100644 experiments/unified_contextual_memory/artifacts/evaluation/judges/5ce338993a84863a7e4e3873e947834e3898509c6bda3f6be6c04c0be5b57d5d_9102.request.json
 create mode 100644 experiments/unified_contextual_memory/artifacts/evaluation/judges/5ce338993a84863a7e4e3873e947834e3898509c6bda3f6be6c04c0be5b57d5d_9200.json
 create mode 100644 experiments/unified_contextual_memory/artifacts/evaluation/judges/5ce338993a84863a7e4e3873e947834e3898509c6bda3f6be6c04c0be5b57d5d_9200.request.json
 create mode 100644 experiments/unified_contextual_memory/artifacts/evaluation/judges/5d13e7ac1c4af055ed546bd25f585f159a9851cb6a143bdf88cc587c1d2c187d_9100.json
 create mode 100644 experiments/unified_contextual_memory/artifacts/evaluation/judges/5d13e7ac1c4af055ed546bd25f585f159a9851cb6a143bdf88cc587c1d2c187d_9100.request.json
 create mode 100644 experiments/unified_contextual_memory/artifacts/evaluation/judges/5d13e7ac1c4af055ed546bd25f585f159a9851cb6a143bdf88cc587c1d2c187d_9101.json
 create mode 100644 experiments/unified_contextual_memory/artifacts/evaluation/judges/5d13e7ac1c4af055ed546bd25f585f159a9851cb6a143bdf88cc587c1d2c187d_9101.request.json
 create mode 100644 experiments/unified_contextual_memory/artifacts/evaluation/judges/5d13e7ac1c4af055ed546bd25f585f159a9851cb6a143bdf88cc587c1d2c187d_9102.json
 create mode 100644 experiments/unified_contextual_memory/artifacts/evaluation/judges/5d13e7ac1c4af055ed546bd25f585f159a9851cb6a143bdf88cc587c1d2c187d_9102.request.json
 create mode 100644 experiments/unified_contextual_memory/artifacts/evaluation/judges/5d13e7ac1c4af055ed546bd25f585f159a9851cb6a143bdf88cc587c1d2c187d_9200.json
 create mode 100644 experiments/unified_contextual_memory/artifacts/evaluation/judges/5d13e7ac1c4af055ed546bd25f585f159a9851cb6a143bdf88cc587c1d2c187d_9200.request.json
 create mode 100644 experiments/unified_contextual_memory/artifacts/evaluation/judges/5d1d31755f89e479311127a8012f4bb96dce31529d21643709c662d9dcbfc932_9100.json
 create mode 100644 experiments/unified_contextual_memory/artifacts/evaluation/judges/5d1d31755f89e479311127a8012f4bb96dce31529d21643709c662d9dcbfc932_9100.request.json
 create mode 100644 experiments/unified_contextual_memory/artifacts/evaluation/judges/5d1d31755f89e479311127a8012f4bb96dce31529d21643709c662d9dcbfc932_9101.json
 create mode 100644 experiments/unified_contextual_memory/artifacts/evaluation/judges/5d1d31755f89e479311127a8012f4bb96dce31529d21643709c662d9dcbfc932_9101.request.json
 create mode 100644 experiments/unified_contextual_memory/artifacts/evaluation/judges/5d1d31755f89e479311127a8012f4bb96dce31529d21643709c662d9dcbfc932_9102.json
 create mode 100644 experiments/unified_contextual_memory/artifacts/evaluation/judges/5d1d31755f89e479311127a8012f4bb96dce31529d21643709c662d9dcbfc932_9102.request.json
 create mode 100644 experiments/unified_contextual_memory/artifacts/evaluation/judges/5d1d31755f89e479311127a8012f4bb96dce31529d21643709c662d9dcbfc932_9200.json
 create mode 100644 experiments/unified_contextual_memory/artifacts/evaluation/judges/5d1d31755f89e479311127a8012f4bb96dce31529d21643709c662d9dcbfc932_9200.request.json
 create mode 100644 experiments/unified_contextual_memory/artifacts/evaluation/judges/5d2fb23cc2a38300cf1f2f59773b9efe09fbeae2f2106244d493666455030089_9100.json
 create mode 100644 experiments/unified_contextual_memory/artifacts/evaluation/judges/5d2fb23cc2a38300cf1f2f59773b9efe09fbeae2f2106244d493666455030089_9100.request.json
 create mode 100644 experiments/unified_contextual_memory/artifacts/evaluation/judges/5d2fb23cc2a38300cf1f2f59773b9efe09fbeae2f2106244d493666455030089_9101.json
 create mode 100644 experiments/unified_contextual_memory/artifacts/evaluation/judges/5d2fb23cc2a38300cf1f2f59773b9efe09fbeae2f2106244d493666455030089_9101.request.json
 create mode 100644 experiments/unified_contextual_memory/artifacts/evaluation/judges/5d2fb23cc2a38300cf1f2f59773b9efe09fbeae2f2106244d493666455030089_9102.json
 create mode 100644 experiments/unified_contextual_memory/artifacts/evaluation/judges/5d2fb23cc2a38300cf1f2f59773b9efe09fbeae2f2106244d493666455030089_9102.request.json
 create mode 100644 experiments/unified_contextual_memory/artifacts/evaluation/judges/5d2fb23cc2a38300cf1f2f59773b9efe09fbeae2f2106244d493666455030089_9200.json
 create mode 100644 experiments/unified_contextual_memory/artifacts/evaluation/judges/5d2fb23cc2a38300cf1f2f59773b9efe09fbeae2f2106244d493666455030089_9200.request.json
 create mode 100644 experiments/unified_contextual_memory/artifacts/evaluation/judges/5d34e47492b62150ac2d77fae191a6c2559f001fe34bb59b3a640572d64a34ae_9100.json
 create mode 100644 experiments/unified_contextual_memory/artifacts/evaluation/judges/5d34e47492b62150ac2d77fae191a6c2559f001fe34bb59b3a640572d64a34ae_9100.request.json
 create mode 100644 experiments/unified_contextual_memory/artifacts/evaluation/judges/5d34e47492b62150ac2d77fae191a6c2559f001fe34bb59b3a640572d64a34ae_9101.json
 create mode 100644 experiments/unified_contextual_memory/artifacts/evaluation/judges/5d34e47492b62150ac2d77fae191a6c2559f001fe34bb59b3a640572d64a34ae_9101.request.json
 create mode 100644 experiments/unified_contextual_memory/artifacts/evaluation/judges/5d34e47492b62150ac2d77fae191a6c2559f001fe34bb59b3a640572d64a34ae_9102.json
 create mode 100644 experiments/unified_contextual_memory/artifacts/evaluation/judges/5d34e47492b62150ac2d77fae191a6c2559f001fe34bb59b3a640572d64a34ae_9102.request.json
 create mode 100644 experiments/unified_contextual_memory/artifacts/evaluation/judges/5d34e47492b62150ac2d77fae191a6c2559f001fe34bb59b3a640572d64a34ae_9200.json
 create mode 100644 experiments/unified_contextual_memory/artifacts/evaluation/judges/5d34e47492b62150ac2d77fae191a6c2559f001fe34bb59b3a640572d64a34ae_9200.request.json
 create mode 100644 experiments/unified_contextual_memory/artifacts/evaluation/judges/5d5da3c5a63b463171085b6b9cdb02aac60394f968ec614d6b3aaa04bbca889c_9100.json
 create mode 100644 experiments/unified_contextual_memory/artifacts/evaluation/judges/5d5da3c5a63b463171085b6b9cdb02aac60394f968ec614d6b3aaa04bbca889c_9100.request.json
 create mode 100644 experiments/unified_contextual_memory/artifacts/evaluation/judges/5d5da3c5a63b463171085b6b9cdb02aac60394f968ec614d6b3aaa04bbca889c_9101.json
 create mode 100644 experiments/unified_contextual_memory/artifacts/evaluation/judges/5d5da3c5a63b463171085b6b9cdb02aac60394f968ec614d6b3aaa04bbca889c_9101.request.json
 create mode 100644 experiments/unified_contextual_memory/artifacts/evaluation/judges/5d5da3c5a63b463171085b6b9cdb02aac60394f968ec614d6b3aaa04bbca889c_9102.json
 create mode 100644 experiments/unified_contextual_memory/artifacts/evaluation/judges/5d5da3c5a63b463171085b6b9cdb02aac60394f968ec614d6b3aaa04bbca889c_9102.request.json
 create mode 100644 experiments/unified_contextual_memory/artifacts/evaluation/judges/5d5da3c5a63b463171085b6b9cdb02aac60394f968ec614d6b3aaa04bbca889c_9200.json
 create mode 100644 experiments/unified_contextual_memory/artifacts/evaluation/judges/5d5da3c5a63b463171085b6b9cdb02aac60394f968ec614d6b3aaa04bbca889c_9200.request.json
 create mode 100644 experiments/unified_contextual_memory/artifacts/evaluation/judges/5d632ad9975b299242522d4c3bdbccc088dd3c9bf7426dce9ae15105595ea1eb_9100.json
 create mode 100644 experiments/unified_contextual_memory/artifacts/evaluation/judges/5d632ad9975b299242522d4c3bdbccc088dd3c9bf7426dce9ae15105595ea1eb_9100.request.json
 create mode 100644 experiments/unified_contextual_memory/artifacts/evaluation/judges/5d632ad9975b299242522d4c3bdbccc088dd3c9bf7426dce9ae15105595ea1eb_9101.json
 create mode 100644 experiments/unified_contextual_memory/artifacts/evaluation/judges/5d632ad9975b299242522d4c3bdbccc088dd3c9bf7426dce9ae15105595ea1eb_9101.request.json
 create mode 100644 experiments/unified_contextual_memory/artifacts/evaluation/judges/5d632ad9975b299242522d4c3bdbccc088dd3c9bf7426dce9ae15105595ea1eb_9102.json
 create mode 100644 experiments/unified_contextual_memory/artifacts/evaluation/judges/5d632ad9975b299242522d4c3bdbccc088dd3c9bf7426dce9ae15105595ea1eb_9102.request.json
 create mode 100644 experiments/unified_contextual_memory/artifacts/evaluation/judges/5d632ad9975b299242522d4c3bdbccc088dd3c9bf7426dce9ae15105595ea1eb_9200.json
 create mode 100644 experiments/unified_contextual_memory/artifacts/evaluation/judges/5d632ad9975b299242522d4c3bdbccc088dd3c9bf7426dce9ae15105595ea1eb_9200.request.json
 create mode 100644 experiments/unified_contextual_memory/artifacts/evaluation/judges/5d6ec8a42635bbe1fe956d5145687c554a171cb2509858f47396659a4696c865_9100.json
 create mode 100644 experiments/unified_contextual_memory/artifacts/evaluation/judges/5d6ec8a42635bbe1fe956d5145687c554a171cb2509858f47396659a4696c865_9100.request.json
 create mode 100644 experiments/unified_contextual_memory/artifacts/evaluation/judges/5d6ec8a42635bbe1fe956d5145687c554a171cb2509858f47396659a4696c865_9101.json
 create mode 100644 experiments/unified_contextual_memory/artifacts/evaluation/judges/5d6ec8a42635bbe1fe956d5145687c554a171cb2509858f47396659a4696c865_9101.request.json
 create mode 100644 experiments/unified_contextual_memory/artifacts/evaluation/judges/5d6ec8a42635bbe1fe956d5145687c554a171cb2509858f47396659a4696c865_9102.json
 create mode 100644 experiments/unified_contextual_memory/artifacts/evaluation/judges/5d6ec8a42635bbe1fe956d5145687c554a171cb2509858f47396659a4696c865_9102.request.json
 create mode 100644 experiments/unified_contextual_memory/artifacts/evaluation/judges/5d6ec8a42635bbe1fe956d5145687c554a171cb2509858f47396659a4696c865_9200.json
 create mode 100644 experiments/unified_contextual_memory/artifacts/evaluation/judges/5d6ec8a42635bbe1fe956d5145687c554a171cb2509858f47396659a4696c865_9200.request.json
 create mode 100644 experiments/unified_contextual_memory/artifacts/evaluation/judges/5d7a53d8063aff9435f8a4c8fd9654b6507886dcfbe9ee35304e5252b58b333b_9100.json
 create mode 100644 experiments/unified_contextual_memory/artifacts/evaluation/judges/5d7a53d8063aff9435f8a4c8fd9654b6507886dcfbe9ee35304e5252b58b333b_9100.request.json
 create mode 100644 experiments/unified_contextual_memory/artifacts/evaluation/judges/5d7a53d8063aff9435f8a4c8fd9654b6507886dcfbe9ee35304e5252b58b333b_9101.json
 create mode 100644 experiments/unified_contextual_memory/artifacts/evaluation/judges/5d7a53d8063aff9435f8a4c8fd9654b6507886dcfbe9ee35304e5252b58b333b_9101.request.json
 create mode 100644 experiments/unified_contextual_memory/artifacts/evaluation/judges/5d7a53d8063aff9435f8a4c8fd9654b6507886dcfbe9ee35304e5252b58b333b_9102.json
 create mode 100644 experiments/unified_contextual_memory/artifacts/evaluation/judges/5d7a53d8063aff9435f8a4c8fd9654b6507886dcfbe9ee35304e5252b58b333b_9102.request.json
 create mode 100644 experiments/unified_contextual_memory/artifacts/evaluation/judges/5d7a53d8063aff9435f8a4c8fd9654b6507886dcfbe9ee35304e5252b58b333b_9200.json
 create mode 100644 experiments/unified_contextual_memory/artifacts/evaluation/judges/5d7a53d8063aff9435f8a4c8fd9654b6507886dcfbe9ee35304e5252b58b333b_9200.request.json
 create mode 100644 experiments/unified_contextual_memory/artifacts/evaluation/judges/5e8e7493f50fadac526056b4120be13d1e52e8f9f5019c6a03df9454b750e9ff_9100.json
 create mode 100644 experiments/unified_contextual_memory/artifacts/evaluation/judges/5e8e7493f50fadac526056b4120be13d1e52e8f9f5019c6a03df9454b750e9ff_9100.request.json
 create mode 100644 experiments/unified_contextual_memory/artifacts/evaluation/judges/5e8e7493f50fadac526056b4120be13d1e52e8f9f5019c6a03df9454b750e9ff_9101.json
 create mode 100644 experiments/unified_contextual_memory/artifacts/evaluation/judges/5e8e7493f50fadac526056b4120be13d1e52e8f9f5019c6a03df9454b750e9ff_9101.request.json
 create mode 100644 experiments/unified_contextual_memory/artifacts/evaluation/judges/5e8e7493f50fadac526056b4120be13d1e52e8f9f5019c6a03df9454b750e9ff_9102.json
 create mode 100644 experiments/unified_contextual_memory/artifacts/evaluation/judges/5e8e7493f50fadac526056b4120be13d1e52e8f9f5019c6a03df9454b750e9ff_9102.request.json
 create mode 100644 experiments/unified_contextual_memory/artifacts/evaluation/judges/5e8e7493f50fadac526056b4120be13d1e52e8f9f5019c6a03df9454b750e9ff_9200.json
 create mode 100644 experiments/unified_contextual_memory/artifacts/evaluation/judges/5e8e7493f50fadac526056b4120be13d1e52e8f9f5019c6a03df9454b750e9ff_9200.request.json
 create mode 100644 experiments/unified_contextual_memory/artifacts/evaluation/judges/5f056b327ca05477943f255a3caf6d098e9abf764469b7fc9e2ce81bd7beba90_9100.json
 create mode 100644 experiments/unified_contextual_memory/artifacts/evaluation/judges/5f056b327ca05477943f255a3caf6d098e9abf764469b7fc9e2ce81bd7beba90_9100.request.json
 create mode 100644 experiments/unified_contextual_memory/artifacts/evaluation/judges/5f056b327ca05477943f255a3caf6d098e9abf764469b7fc9e2ce81bd7beba90_9101.json
 create mode 100644 experiments/unified_contextual_memory/artifacts/evaluation/judges/5f056b327ca05477943f255a3caf6d098e9abf764469b7fc9e2ce81bd7beba90_9101.request.json
 create mode 100644 experiments/unified_contextual_memory/artifacts/evaluation/judges/5f056b327ca05477943f255a3caf6d098e9abf764469b7fc9e2ce81bd7beba90_9102.json
 create mode 100644 experiments/unified_contextual_memory/artifacts/evaluation/judges/5f056b327ca05477943f255a3caf6d098e9abf764469b7fc9e2ce81bd7beba90_9102.request.json
 create mode 100644 experiments/unified_contextual_memory/artifacts/evaluation/judges/5f056b327ca05477943f255a3caf6d098e9abf764469b7fc9e2ce81bd7beba90_9200.json
 create mode 100644 experiments/unified_contextual_memory/artifacts/evaluation/judges/5f056b327ca05477943f255a3caf6d098e9abf764469b7fc9e2ce81bd7beba90_9200.request.json
 create mode 100644 experiments/unified_contextual_memory/artifacts/evaluation/judges/6020873afae63ecad62f5dce2a2d1114b779b70420ab014612c93731d30d3158_9100.json
 create mode 100644 experiments/unified_contextual_memory/artifacts/evaluation/judges/6020873afae63ecad62f5dce2a2d1114b779b70420ab014612c93731d30d3158_9100.request.json
 create mode 100644 experiments/unified_contextual_memory/artifacts/evaluation/judges/6020873afae63ecad62f5dce2a2d1114b779b70420ab014612c93731d30d3158_9101.json
 create mode 100644 experiments/unified_contextual_memory/artifacts/evaluation/judges/6020873afae63ecad62f5dce2a2d1114b779b70420ab014612c93731d30d3158_9101.request.json
 create mode 100644 experiments/unified_contextual_memory/artifacts/evaluation/judges/6020873afae63ecad62f5dce2a2d1114b779b70420ab014612c93731d30d3158_9102.json
 create mode 100644 experiments/unified_contextual_memory/artifacts/evaluation/judges/6020873afae63ecad62f5dce2a2d1114b779b70420ab014612c93731d30d3158_9102.request.json
 create mode 100644 experiments/unified_contextual_memory/artifacts/evaluation/judges/6020873afae63ecad62f5dce2a2d1114b779b70420ab014612c93731d30d3158_9200.json
 create mode 100644 experiments/unified_contextual_memory/artifacts/evaluation/judges/6020873afae63ecad62f5dce2a2d1114b779b70420ab014612c93731d30d3158_9200.request.json
 create mode 100644 experiments/unified_contextual_memory/artifacts/evaluation/judges/6146de15e06591483594ded2e3a152a474d21bd65fe11e6bd692f1059184fadd_9100.json
 create mode 100644 experiments/unified_contextual_memory/artifacts/evaluation/judges/6146de15e06591483594ded2e3a152a474d21bd65fe11e6bd692f1059184fadd_9100.request.json
 create mode 100644 experiments/unified_contextual_memory/artifacts/evaluation/judges/6146de15e06591483594ded2e3a152a474d21bd65fe11e6bd692f1059184fadd_9101.json
 create mode 100644 experiments/unified_contextual_memory/artifacts/evaluation/judges/6146de15e06591483594ded2e3a152a474d21bd65fe11e6bd692f1059184fadd_9101.request.json
 create mode 100644 experiments/unified_contextual_memory/artifacts/evaluation/judges/6146de15e06591483594ded2e3a152a474d21bd65fe11e6bd692f1059184fadd_9102.json
 create mode 100644 experiments/unified_contextual_memory/artifacts/evaluation/judges/6146de15e06591483594ded2e3a152a474d21bd65fe11e6bd692f1059184fadd_9102.request.json
 create mode 100644 experiments/unified_contextual_memory/artifacts/evaluation/judges/6146de15e06591483594ded2e3a152a474d21bd65fe11e6bd692f1059184fadd_9200.json
 create mode 100644 experiments/unified_contextual_memory/artifacts/evaluation/judges/6146de15e06591483594ded2e3a152a474d21bd65fe11e6bd692f1059184fadd_9200.request.json
 create mode 100644 experiments/unified_contextual_memory/artifacts/evaluation/judges/620eee1e000ee90378a572a558aa5a72c19f112be96c2287a40c2c4e8d518a52_9100.json
 create mode 100644 experiments/unified_contextual_memory/artifacts/evaluation/judges/620eee1e000ee90378a572a558aa5a72c19f112be96c2287a40c2c4e8d518a52_9100.request.json
 create mode 100644 experiments/unified_contextual_memory/artifacts/evaluation/judges/620eee1e000ee90378a572a558aa5a72c19f112be96c2287a40c2c4e8d518a52_9101.json
 create mode 100644 experiments/unified_contextual_memory/artifacts/evaluation/judges/620eee1e000ee90378a572a558aa5a72c19f112be96c2287a40c2c4e8d518a52_9101.request.json
 create mode 100644 experiments/unified_contextual_memory/artifacts/evaluation/judges/620eee1e000ee90378a572a558aa5a72c19f112be96c2287a40c2c4e8d518a52_9102.json
 create mode 100644 experiments/unified_contextual_memory/artifacts/evaluation/judges/620eee1e000ee90378a572a558aa5a72c19f112be96c2287a40c2c4e8d518a52_9102.request.json
 create mode 100644 experiments/unified_contextual_memory/artifacts/evaluation/judges/620eee1e000ee90378a572a558aa5a72c19f112be96c2287a40c2c4e8d518a52_9200.json
 create mode 100644 experiments/unified_contextual_memory/artifacts/evaluation/judges/620eee1e000ee90378a572a558aa5a72c19f112be96c2287a40c2c4e8d518a52_9200.request.json
 create mode 100644 experiments/unified_contextual_memory/artifacts/evaluation/judges/62151fd2312cf92dc8863fa0b7b7dd8567f612b51fe6727b453a362451d6e90a_9100.json
 create mode 100644 experiments/unified_contextual_memory/artifacts/evaluation/judges/62151fd2312cf92dc8863fa0b7b7dd8567f612b51fe6727b453a362451d6e90a_9100.request.json
 create mode 100644 experiments/unified_contextual_memory/artifacts/evaluation/judges/62151fd2312cf92dc8863fa0b7b7dd8567f612b51fe6727b453a362451d6e90a_9101.json
 create mode 100644 experiments/unified_contextual_memory/artifacts/evaluation/judges/62151fd2312cf92dc8863fa0b7b7dd8567f612b51fe6727b453a362451d6e90a_9101.request.json
 create mode 100644 experiments/unified_contextual_memory/artifacts/evaluation/judges/62151fd2312cf92dc8863fa0b7b7dd8567f612b51fe6727b453a362451d6e90a_9102.json
 create mode 100644 experiments/unified_contextual_memory/artifacts/evaluation/judges/62151fd2312cf92dc8863fa0b7b7dd8567f612b51fe6727b453a362451d6e90a_9102.request.json
 create mode 100644 experiments/unified_contextual_memory/artifacts/evaluation/judges/62151fd2312cf92dc8863fa0b7b7dd8567f612b51fe6727b453a362451d6e90a_9200.json
 create mode 100644 experiments/unified_contextual_memory/artifacts/evaluation/judges/62151fd2312cf92dc8863fa0b7b7dd8567f612b51fe6727b453a362451d6e90a_9200.request.json
 create mode 100644 experiments/unified_contextual_memory/artifacts/evaluation/judges/6242398ded9e4949f9312cf86a5883c8b5811708243093b49d2b20777f59e42a_9100.json
 create mode 100644 experiments/unified_contextual_memory/artifacts/evaluation/judges/6242398ded9e4949f9312cf86a5883c8b5811708243093b49d2b20777f59e42a_9100.request.json
 create mode 100644 experiments/unified_contextual_memory/artifacts/evaluation/judges/6242398ded9e4949f9312cf86a5883c8b5811708243093b49d2b20777f59e42a_9101.json
 create mode 100644 experiments/unified_contextual_memory/artifacts/evaluation/judges/6242398ded9e4949f9312cf86a5883c8b5811708243093b49d2b20777f59e42a_9101.request.json
 create mode 100644 experiments/unified_contextual_memory/artifacts/evaluation/judges/6242398ded9e4949f9312cf86a5883c8b5811708243093b49d2b20777f59e42a_9102.json
 create mode 100644 experiments/unified_contextual_memory/artifacts/evaluation/judges/6242398ded9e4949f9312cf86a5883c8b5811708243093b49d2b20777f59e42a_9102.request.json
 create mode 100644 experiments/unified_contextual_memory/artifacts/evaluation/judges/6242398ded9e4949f9312cf86a5883c8b5811708243093b49d2b20777f59e42a_9200.json
 create mode 100644 experiments/unified_contextual_memory/artifacts/evaluation/judges/6242398ded9e4949f9312cf86a5883c8b5811708243093b49d2b20777f59e42a_9200.request.json
 create mode 100644 experiments/unified_contextual_memory/artifacts/evaluation/judges/62607fef8df13622c5943304fd436d7d3b71f900044c8c849d5032d1421403b3_9100.json
 create mode 100644 experiments/unified_contextual_memory/artifacts/evaluation/judges/62607fef8df13622c5943304fd436d7d3b71f900044c8c849d5032d1421403b3_9100.request.json
 create mode 100644 experiments/unified_contextual_memory/artifacts/evaluation/judges/62607fef8df13622c5943304fd436d7d3b71f900044c8c849d5032d1421403b3_9101.json
 create mode 100644 experiments/unified_contextual_memory/artifacts/evaluation/judges/62607fef8df13622c5943304fd436d7d3b71f900044c8c849d5032d1421403b3_9101.request.json
 create mode 100644 experiments/unified_contextual_memory/artifacts/evaluation/judges/62607fef8df13622c5943304fd436d7d3b71f900044c8c849d5032d1421403b3_9102.json
 create mode 100644 experiments/unified_contextual_memory/artifacts/evaluation/judges/62607fef8df13622c5943304fd436d7d3b71f900044c8c849d5032d1421403b3_9102.request.json
 create mode 100644 experiments/unified_contextual_memory/artifacts/evaluation/judges/62607fef8df13622c5943304fd436d7d3b71f900044c8c849d5032d1421403b3_9200.json
 create mode 100644 experiments/unified_contextual_memory/artifacts/evaluation/judges/62607fef8df13622c5943304fd436d7d3b71f900044c8c849d5032d1421403b3_9200.request.json
 create mode 100644 experiments/unified_contextual_memory/artifacts/evaluation/judges/62fbbd47958d8efa34c8dd1e525e20a822dc3e3d70ada6f1d3fedaabeec4f807_9100.json
 create mode 100644 experiments/unified_contextual_memory/artifacts/evaluation/judges/62fbbd47958d8efa34c8dd1e525e20a822dc3e3d70ada6f1d3fedaabeec4f807_9100.request.json
 create mode 100644 experiments/unified_contextual_memory/artifacts/evaluation/judges/62fbbd47958d8efa34c8dd1e525e20a822dc3e3d70ada6f1d3fedaabeec4f807_9101.json
 create mode 100644 experiments/unified_contextual_memory/artifacts/evaluation/judges/62fbbd47958d8efa34c8dd1e525e20a822dc3e3d70ada6f1d3fedaabeec4f807_9101.request.json
 create mode 100644 experiments/unified_contextual_memory/artifacts/evaluation/judges/62fbbd47958d8efa34c8dd1e525e20a822dc3e3d70ada6f1d3fedaabeec4f807_9102.json
 create mode 100644 experiments/unified_contextual_memory/artifacts/evaluation/judges/62fbbd47958d8efa34c8dd1e525e20a822dc3e3d70ada6f1d3fedaabeec4f807_9102.request.json
 create mode 100644 experiments/unified_contextual_memory/artifacts/evaluation/judges/62fbbd47958d8efa34c8dd1e525e20a822dc3e3d70ada6f1d3fedaabeec4f807_9200.json
 create mode 100644 experiments/unified_contextual_memory/artifacts/evaluation/judges/62fbbd47958d8efa34c8dd1e525e20a822dc3e3d70ada6f1d3fedaabeec4f807_9200.request.json
 create mode 100644 experiments/unified_contextual_memory/artifacts/evaluation/judges/630f0bcee61c4075ac6654a8f8b8a5b45a0027079105c57f942725049a632290_9100.json
 create mode 100644 experiments/unified_contextual_memory/artifacts/evaluation/judges/630f0bcee61c4075ac6654a8f8b8a5b45a0027079105c57f942725049a632290_9100.request.json
 create mode 100644 experiments/unified_contextual_memory/artifacts/evaluation/judges/630f0bcee61c4075ac6654a8f8b8a5b45a0027079105c57f942725049a632290_9101.json
 create mode 100644 experiments/unified_contextual_memory/artifacts/evaluation/judges/630f0bcee61c4075ac6654a8f8b8a5b45a0027079105c57f942725049a632290_9101.request.json
 create mode 100644 experiments/unified_contextual_memory/artifacts/evaluation/judges/630f0bcee61c4075ac6654a8f8b8a5b45a0027079105c57f942725049a632290_9102.json
 create mode 100644 experiments/unified_contextual_memory/artifacts/evaluation/judges/630f0bcee61c4075ac6654a8f8b8a5b45a0027079105c57f942725049a632290_9102.request.json
 create mode 100644 experiments/unified_contextual_memory/artifacts/evaluation/judges/630f0bcee61c4075ac6654a8f8b8a5b45a0027079105c57f942725049a632290_9200.json
 create mode 100644 experiments/unified_contextual_memory/artifacts/evaluation/judges/630f0bcee61c4075ac6654a8f8b8a5b45a0027079105c57f942725049a632290_9200.request.json
 create mode 100644 experiments/unified_contextual_memory/artifacts/evaluation/judges/6325f95bf54e93506f60a78ae8fc703224e049e76d1a4963fb70dde4636506bf_9100.json
 create mode 100644 experiments/unified_contextual_memory/artifacts/evaluation/judges/6325f95bf54e93506f60a78ae8fc703224e049e76d1a4963fb70dde4636506bf_9100.request.json
 create mode 100644 experiments/unified_contextual_memory/artifacts/evaluation/judges/6325f95bf54e93506f60a78ae8fc703224e049e76d1a4963fb70dde4636506bf_9101.json
 create mode 100644 experiments/unified_contextual_memory/artifacts/evaluation/judges/6325f95bf54e93506f60a78ae8fc703224e049e76d1a4963fb70dde4636506bf_9101.request.json
 create mode 100644 experiments/unified_contextual_memory/artifacts/evaluation/judges/6325f95bf54e93506f60a78ae8fc703224e049e76d1a4963fb70dde4636506bf_9102.json
 create mode 100644 experiments/unified_contextual_memory/artifacts/evaluation/judges/6325f95bf54e93506f60a78ae8fc703224e049e76d1a4963fb70dde4636506bf_9102.request.json
 create mode 100644 experiments/unified_contextual_memory/artifacts/evaluation/judges/6325f95bf54e93506f60a78ae8fc703224e049e76d1a4963fb70dde4636506bf_9200.json
 create mode 100644 experiments/unified_contextual_memory/artifacts/evaluation/judges/6325f95bf54e93506f60a78ae8fc703224e049e76d1a4963fb70dde4636506bf_9200.request.json
 create mode 100644 experiments/unified_contextual_memory/artifacts/evaluation/judges/6378d04030d029965aef5b6ce42b6f49a0dd49606ea719931a77c00b25831e74_9100.json
 create mode 100644 experiments/unified_contextual_memory/artifacts/evaluation/judges/6378d04030d029965aef5b6ce42b6f49a0dd49606ea719931a77c00b25831e74_9100.request.json
 create mode 100644 experiments/unified_contextual_memory/artifacts/evaluation/judges/6378d04030d029965aef5b6ce42b6f49a0dd49606ea719931a77c00b25831e74_9101.json
 create mode 100644 experiments/unified_contextual_memory/artifacts/evaluation/judges/6378d04030d029965aef5b6ce42b6f49a0dd49606ea719931a77c00b25831e74_9101.request.json
 create mode 100644 experiments/unified_contextual_memory/artifacts/evaluation/judges/6378d04030d029965aef5b6ce42b6f49a0dd49606ea719931a77c00b25831e74_9102.json
 create mode 100644 experiments/unified_contextual_memory/artifacts/evaluation/judges/6378d04030d029965aef5b6ce42b6f49a0dd49606ea719931a77c00b25831e74_9102.request.json
 create mode 100644 experiments/unified_contextual_memory/artifacts/evaluation/judges/6378d04030d029965aef5b6ce42b6f49a0dd49606ea719931a77c00b25831e74_9200.json
 create mode 100644 experiments/unified_contextual_memory/artifacts/evaluation/judges/6378d04030d029965aef5b6ce42b6f49a0dd49606ea719931a77c00b25831e74_9200.request.json
 create mode 100644 experiments/unified_contextual_memory/artifacts/evaluation/judges/63c9ccf5eb5a6b62980038d6bc920351015de6451e6ad8faa53da63962f8d2d5_9100.json
 create mode 100644 experiments/unified_contextual_memory/artifacts/evaluation/judges/63c9ccf5eb5a6b62980038d6bc920351015de6451e6ad8faa53da63962f8d2d5_9100.request.json
 create mode 100644 experiments/unified_contextual_memory/artifacts/evaluation/judges/63c9ccf5eb5a6b62980038d6bc920351015de6451e6ad8faa53da63962f8d2d5_9101.json
 create mode 100644 experiments/unified_contextual_memory/artifacts/evaluation/judges/63c9ccf5eb5a6b62980038d6bc920351015de6451e6ad8faa53da63962f8d2d5_9101.request.json
 create mode 100644 experiments/unified_contextual_memory/artifacts/evaluation/judges/63c9ccf5eb5a6b62980038d6bc920351015de6451e6ad8faa53da63962f8d2d5_9102.json
 create mode 100644 experiments/unified_contextual_memory/artifacts/evaluation/judges/63c9ccf5eb5a6b62980038d6bc920351015de6451e6ad8faa53da63962f8d2d5_9102.request.json
 create mode 100644 experiments/unified_contextual_memory/artifacts/evaluation/judges/63c9ccf5eb5a6b62980038d6bc920351015de6451e6ad8faa53da63962f8d2d5_9200.json
 create mode 100644 experiments/unified_contextual_memory/artifacts/evaluation/judges/63c9ccf5eb5a6b62980038d6bc920351015de6451e6ad8faa53da63962f8d2d5_9200.request.json
 create mode 100644 experiments/unified_contextual_memory/artifacts/evaluation/judges/648e2e127a27a86791698c0040265fc3290b5a56165c4b50fdf5c9b6de21a290_9100.json
 create mode 100644 experiments/unified_contextual_memory/artifacts/evaluation/judges/648e2e127a27a86791698c0040265fc3290b5a56165c4b50fdf5c9b6de21a290_9100.request.json
 create mode 100644 experiments/unified_contextual_memory/artifacts/evaluation/judges/648e2e127a27a86791698c0040265fc3290b5a56165c4b50fdf5c9b6de21a290_9101.json
 create mode 100644 experiments/unified_contextual_memory/artifacts/evaluation/judges/648e2e127a27a86791698c0040265fc3290b5a56165c4b50fdf5c9b6de21a290_9101.request.json
 create mode 100644 experiments/unified_contextual_memory/artifacts/evaluation/judges/648e2e127a27a86791698c0040265fc3290b5a56165c4b50fdf5c9b6de21a290_9102.json
 create mode 100644 experiments/unified_contextual_memory/artifacts/evaluation/judges/648e2e127a27a86791698c0040265fc3290b5a56165c4b50fdf5c9b6de21a290_9102.request.json
 create mode 100644 experiments/unified_contextual_memory/artifacts/evaluation/judges/648e2e127a27a86791698c0040265fc3290b5a56165c4b50fdf5c9b6de21a290_9200.json
 create mode 100644 experiments/unified_contextual_memory/artifacts/evaluation/judges/648e2e127a27a86791698c0040265fc3290b5a56165c4b50fdf5c9b6de21a290_9200.request.json
 create mode 100644 experiments/unified_contextual_memory/artifacts/evaluation/judges/649d306d6a2c7084f70c47b4ef0e4f3a77f49745a04f0fdf2e96a9c5b1bc27c1_9100.json
 create mode 100644 experiments/unified_contextual_memory/artifacts/evaluation/judges/649d306d6a2c7084f70c47b4ef0e4f3a77f49745a04f0fdf2e96a9c5b1bc27c1_9100.request.json
 create mode 100644 experiments/unified_contextual_memory/artifacts/evaluation/judges/649d306d6a2c7084f70c47b4ef0e4f3a77f49745a04f0fdf2e96a9c5b1bc27c1_9101.json
 create mode 100644 experiments/unified_contextual_memory/artifacts/evaluation/judges/649d306d6a2c7084f70c47b4ef0e4f3a77f49745a04f0fdf2e96a9c5b1bc27c1_9101.request.json
 create mode 100644 experiments/unified_contextual_memory/artifacts/evaluation/judges/649d306d6a2c7084f70c47b4ef0e4f3a77f49745a04f0fdf2e96a9c5b1bc27c1_9102.json
 create mode 100644 experiments/unified_contextual_memory/artifacts/evaluation/judges/649d306d6a2c7084f70c47b4ef0e4f3a77f49745a04f0fdf2e96a9c5b1bc27c1_9102.request.json
 create mode 100644 experiments/unified_contextual_memory/artifacts/evaluation/judges/649d306d6a2c7084f70c47b4ef0e4f3a77f49745a04f0fdf2e96a9c5b1bc27c1_9200.json
 create mode 100644 experiments/unified_contextual_memory/artifacts/evaluation/judges/649d306d6a2c7084f70c47b4ef0e4f3a77f49745a04f0fdf2e96a9c5b1bc27c1_9200.request.json
 create mode 100644 experiments/unified_contextual_memory/artifacts/evaluation/judges/64a634e779535882a02593ee003e3f02da3eefe4a2d5ee574fe923cb16ace379_9100.json
 create mode 100644 experiments/unified_contextual_memory/artifacts/evaluation/judges/64a634e779535882a02593ee003e3f02da3eefe4a2d5ee574fe923cb16ace379_9100.request.json
 create mode 100644 experiments/unified_contextual_memory/artifacts/evaluation/judges/64a634e779535882a02593ee003e3f02da3eefe4a2d5ee574fe923cb16ace379_9101.json
 create mode 100644 experiments/unified_contextual_memory/artifacts/evaluation/judges/64a634e779535882a02593ee003e3f02da3eefe4a2d5ee574fe923cb16ace379_9101.request.json
 create mode 100644 experiments/unified_contextual_memory/artifacts/evaluation/judges/64a634e779535882a02593ee003e3f02da3eefe4a2d5ee574fe923cb16ace379_9102.json
 create mode 100644 experiments/unified_contextual_memory/artifacts/evaluation/judges/64a634e779535882a02593ee003e3f02da3eefe4a2d5ee574fe923cb16ace379_9102.request.json
 create mode 100644 experiments/unified_contextual_memory/artifacts/evaluation/judges/64a634e779535882a02593ee003e3f02da3eefe4a2d5ee574fe923cb16ace379_9200.json
 create mode 100644 experiments/unified_contextual_memory/artifacts/evaluation/judges/64a634e779535882a02593ee003e3f02da3eefe4a2d5ee574fe923cb16ace379_9200.request.json
 create mode 100644 experiments/unified_contextual_memory/artifacts/evaluation/judges/64eb86a2bb4dc6c3ac78ea6e92bd071aef93fc38ecc41c4866eec53b57eee0fd_9100.json
 create mode 100644 experiments/unified_contextual_memory/artifacts/evaluation/judges/64eb86a2bb4dc6c3ac78ea6e92bd071aef93fc38ecc41c4866eec53b57eee0fd_9100.request.json
 create mode 100644 experiments/unified_contextual_memory/artifacts/evaluation/judges/64eb86a2bb4dc6c3ac78ea6e92bd071aef93fc38ecc41c4866eec53b57eee0fd_9101.json
 create mode 100644 experiments/unified_contextual_memory/artifacts/evaluation/judges/64eb86a2bb4dc6c3ac78ea6e92bd071aef93fc38ecc41c4866eec53b57eee0fd_9101.request.json
 create mode 100644 experiments/unified_contextual_memory/artifacts/evaluation/judges/64eb86a2bb4dc6c3ac78ea6e92bd071aef93fc38ecc41c4866eec53b57eee0fd_9102.json
 create mode 100644 experiments/unified_contextual_memory/artifacts/evaluation/judges/64eb86a2bb4dc6c3ac78ea6e92bd071aef93fc38ecc41c4866eec53b57eee0fd_9102.request.json
 create mode 100644 experiments/unified_contextual_memory/artifacts/evaluation/judges/64eb86a2bb4dc6c3ac78ea6e92bd071aef93fc38ecc41c4866eec53b57eee0fd_9200.json
 create mode 100644 experiments/unified_contextual_memory/artifacts/evaluation/judges/64eb86a2bb4dc6c3ac78ea6e92bd071aef93fc38ecc41c4866eec53b57eee0fd_9200.request.json
 create mode 100644 experiments/unified_contextual_memory/artifacts/evaluation/judges/655fb4607a26abcd4545ce0e7d3504437b9d0a65e0e1c6fee17bb96c136cc697_9100.json
 create mode 100644 experiments/unified_contextual_memory/artifacts/evaluation/judges/655fb4607a26abcd4545ce0e7d3504437b9d0a65e0e1c6fee17bb96c136cc697_9100.request.json
 create mode 100644 experiments/unified_contextual_memory/artifacts/evaluation/judges/655fb4607a26abcd4545ce0e7d3504437b9d0a65e0e1c6fee17bb96c136cc697_9101.json
 create mode 100644 experiments/unified_contextual_memory/artifacts/evaluation/judges/655fb4607a26abcd4545ce0e7d3504437b9d0a65e0e1c6fee17bb96c136cc697_9101.request.json
 create mode 100644 experiments/unified_contextual_memory/artifacts/evaluation/judges/655fb4607a26abcd4545ce0e7d3504437b9d0a65e0e1c6fee17bb96c136cc697_9102.json
 create mode 100644 experiments/unified_contextual_memory/artifacts/evaluation/judges/655fb4607a26abcd4545ce0e7d3504437b9d0a65e0e1c6fee17bb96c136cc697_9102.request.json
 create mode 100644 experiments/unified_contextual_memory/artifacts/evaluation/judges/655fb4607a26abcd4545ce0e7d3504437b9d0a65e0e1c6fee17bb96c136cc697_9200.json
 create mode 100644 experiments/unified_contextual_memory/artifacts/evaluation/judges/655fb4607a26abcd4545ce0e7d3504437b9d0a65e0e1c6fee17bb96c136cc697_9200.request.json
 create mode 100644 experiments/unified_contextual_memory/artifacts/evaluation/judges/65c1642817f89ba6d24140c0f82236a77f5da65859603e7c1aaef42e9520e7c4_9100.json
 create mode 100644 experiments/unified_contextual_memory/artifacts/evaluation/judges/65c1642817f89ba6d24140c0f82236a77f5da65859603e7c1aaef42e9520e7c4_9100.request.json
 create mode 100644 experiments/unified_contextual_memory/artifacts/evaluation/judges/65c1642817f89ba6d24140c0f82236a77f5da65859603e7c1aaef42e9520e7c4_9101.json
 create mode 100644 experiments/unified_contextual_memory/artifacts/evaluation/judges/65c1642817f89ba6d24140c0f82236a77f5da65859603e7c1aaef42e9520e7c4_9101.request.json
 create mode 100644 experiments/unified_contextual_memory/artifacts/evaluation/judges/65c1642817f89ba6d24140c0f82236a77f5da65859603e7c1aaef42e9520e7c4_9102.json
 create mode 100644 experiments/unified_contextual_memory/artifacts/evaluation/judges/65c1642817f89ba6d24140c0f82236a77f5da65859603e7c1aaef42e9520e7c4_9102.request.json
 create mode 100644 experiments/unified_contextual_memory/artifacts/evaluation/judges/65c1642817f89ba6d24140c0f82236a77f5da65859603e7c1aaef42e9520e7c4_9200.json
 create mode 100644 experiments/unified_contextual_memory/artifacts/evaluation/judges/65c1642817f89ba6d24140c0f82236a77f5da65859603e7c1aaef42e9520e7c4_9200.request.json
 create mode 100644 experiments/unified_contextual_memory/artifacts/evaluation/judges/65df23c0ced67462aefb0587d621945ce9c4ff510a871f272bbb854650089c65_9100.json
 create mode 100644 experiments/unified_contextual_memory/artifacts/evaluation/judges/65df23c0ced67462aefb0587d621945ce9c4ff510a871f272bbb854650089c65_9100.request.json
 create mode 100644 experiments/unified_contextual_memory/artifacts/evaluation/judges/65df23c0ced67462aefb0587d621945ce9c4ff510a871f272bbb854650089c65_9101.json
 create mode 100644 experiments/unified_contextual_memory/artifacts/evaluation/judges/65df23c0ced67462aefb0587d621945ce9c4ff510a871f272bbb854650089c65_9101.request.json
 create mode 100644 experiments/unified_contextual_memory/artifacts/evaluation/judges/65df23c0ced67462aefb0587d621945ce9c4ff510a871f272bbb854650089c65_9102.json
 create mode 100644 experiments/unified_contextual_memory/artifacts/evaluation/judges/65df23c0ced67462aefb0587d621945ce9c4ff510a871f272bbb854650089c65_9102.request.json
 create mode 100644 experiments/unified_contextual_memory/artifacts/evaluation/judges/65df23c0ced67462aefb0587d621945ce9c4ff510a871f272bbb854650089c65_9200.json
 create mode 100644 experiments/unified_contextual_memory/artifacts/evaluation/judges/65df23c0ced67462aefb0587d621945ce9c4ff510a871f272bbb854650089c65_9200.request.json
 create mode 100644 experiments/unified_contextual_memory/artifacts/evaluation/judges/65ff0d8ccde7bcfa93a31aa2a8da371901cd8b4a0354c55de7ea742d15885de6_9100.json
 create mode 100644 experiments/unified_contextual_memory/artifacts/evaluation/judges/65ff0d8ccde7bcfa93a31aa2a8da371901cd8b4a0354c55de7ea742d15885de6_9100.request.json
 create mode 100644 experiments/unified_contextual_memory/artifacts/evaluation/judges/65ff0d8ccde7bcfa93a31aa2a8da371901cd8b4a0354c55de7ea742d15885de6_9101.json
 create mode 100644 experiments/unified_contextual_memory/artifacts/evaluation/judges/65ff0d8ccde7bcfa93a31aa2a8da371901cd8b4a0354c55de7ea742d15885de6_9101.request.json
 create mode 100644 experiments/unified_contextual_memory/artifacts/evaluation/judges/65ff0d8ccde7bcfa93a31aa2a8da371901cd8b4a0354c55de7ea742d15885de6_9102.json
 create mode 100644 experiments/unified_contextual_memory/artifacts/evaluation/judges/65ff0d8ccde7bcfa93a31aa2a8da371901cd8b4a0354c55de7ea742d15885de6_9102.request.json
 create mode 100644 experiments/unified_contextual_memory/artifacts/evaluation/judges/65ff0d8ccde7bcfa93a31aa2a8da371901cd8b4a0354c55de7ea742d15885de6_9200.json
 create mode 100644 experiments/unified_contextual_memory/artifacts/evaluation/judges/65ff0d8ccde7bcfa93a31aa2a8da371901cd8b4a0354c55de7ea742d15885de6_9200.request.json
 create mode 100644 experiments/unified_contextual_memory/artifacts/evaluation/judges/662123c7539a2a0602bc4a5e8605d99b2d79e9bbd8ebd4e63eed3e4da8de2847_9100.json
 create mode 100644 experiments/unified_contextual_memory/artifacts/evaluation/judges/662123c7539a2a0602bc4a5e8605d99b2d79e9bbd8ebd4e63eed3e4da8de2847_9100.request.json
 create mode 100644 experiments/unified_contextual_memory/artifacts/evaluation/judges/662123c7539a2a0602bc4a5e8605d99b2d79e9bbd8ebd4e63eed3e4da8de2847_9101.json
 create mode 100644 experiments/unified_contextual_memory/artifacts/evaluation/judges/662123c7539a2a0602bc4a5e8605d99b2d79e9bbd8ebd4e63eed3e4da8de2847_9101.request.json
 create mode 100644 experiments/unified_contextual_memory/artifacts/evaluation/judges/662123c7539a2a0602bc4a5e8605d99b2d79e9bbd8ebd4e63eed3e4da8de2847_9102.json
 create mode 100644 experiments/unified_contextual_memory/artifacts/evaluation/judges/662123c7539a2a0602bc4a5e8605d99b2d79e9bbd8ebd4e63eed3e4da8de2847_9102.request.json
 create mode 100644 experiments/unified_contextual_memory/artifacts/evaluation/judges/662123c7539a2a0602bc4a5e8605d99b2d79e9bbd8ebd4e63eed3e4da8de2847_9200.json
 create mode 100644 experiments/unified_contextual_memory/artifacts/evaluation/judges/662123c7539a2a0602bc4a5e8605d99b2d79e9bbd8ebd4e63eed3e4da8de2847_9200.request.json
 create mode 100644 experiments/unified_contextual_memory/artifacts/evaluation/judges/6686f0e2e17cd64d826b0dea3b893d712633f7d1855df6387da28af8deb82340_9100.json
 create mode 100644 experiments/unified_contextual_memory/artifacts/evaluation/judges/6686f0e2e17cd64d826b0dea3b893d712633f7d1855df6387da28af8deb82340_9100.request.json
 create mode 100644 experiments/unified_contextual_memory/artifacts/evaluation/judges/6686f0e2e17cd64d826b0dea3b893d712633f7d1855df6387da28af8deb82340_9101.json
 create mode 100644 experiments/unified_contextual_memory/artifacts/evaluation/judges/6686f0e2e17cd64d826b0dea3b893d712633f7d1855df6387da28af8deb82340_9101.request.json
 create mode 100644 experiments/unified_contextual_memory/artifacts/evaluation/judges/6686f0e2e17cd64d826b0dea3b893d712633f7d1855df6387da28af8deb82340_9102.json
 create mode 100644 experiments/unified_contextual_memory/artifacts/evaluation/judges/6686f0e2e17cd64d826b0dea3b893d712633f7d1855df6387da28af8deb82340_9102.request.json
 create mode 100644 experiments/unified_contextual_memory/artifacts/evaluation/judges/6686f0e2e17cd64d826b0dea3b893d712633f7d1855df6387da28af8deb82340_9200.json
 create mode 100644 experiments/unified_contextual_memory/artifacts/evaluation/judges/6686f0e2e17cd64d826b0dea3b893d712633f7d1855df6387da28af8deb82340_9200.request.json
 create mode 100644 experiments/unified_contextual_memory/artifacts/evaluation/judges/66a5c6d6fc6fd99410f41701da2bb7aa7cf419ddf6ce2b03413e2ffe3ce257db_9100.json
 create mode 100644 experiments/unified_contextual_memory/artifacts/evaluation/judges/66a5c6d6fc6fd99410f41701da2bb7aa7cf419ddf6ce2b03413e2ffe3ce257db_9100.request.json
 create mode 100644 experiments/unified_contextual_memory/artifacts/evaluation/judges/66a5c6d6fc6fd99410f41701da2bb7aa7cf419ddf6ce2b03413e2ffe3ce257db_9101.json
 create mode 100644 experiments/unified_contextual_memory/artifacts/evaluation/judges/66a5c6d6fc6fd99410f41701da2bb7aa7cf419ddf6ce2b03413e2ffe3ce257db_9101.request.json
 create mode 100644 experiments/unified_contextual_memory/artifacts/evaluation/judges/66a5c6d6fc6fd99410f41701da2bb7aa7cf419ddf6ce2b03413e2ffe3ce257db_9102.json
 create mode 100644 experiments/unified_contextual_memory/artifacts/evaluation/judges/66a5c6d6fc6fd99410f41701da2bb7aa7cf419ddf6ce2b03413e2ffe3ce257db_9102.request.json
 create mode 100644 experiments/unified_contextual_memory/artifacts/evaluation/judges/66a5c6d6fc6fd99410f41701da2bb7aa7cf419ddf6ce2b03413e2ffe3ce257db_9200.json
 create mode 100644 experiments/unified_contextual_memory/artifacts/evaluation/judges/66a5c6d6fc6fd99410f41701da2bb7aa7cf419ddf6ce2b03413e2ffe3ce257db_9200.request.json
 create mode 100644 experiments/unified_contextual_memory/artifacts/evaluation/judges/67a2190e5602e90229b688f85e4283d64eb41be9de21702cebf1b7462486a7e1_9100.json
 create mode 100644 experiments/unified_contextual_memory/artifacts/evaluation/judges/67a2190e5602e90229b688f85e4283d64eb41be9de21702cebf1b7462486a7e1_9100.request.json
 create mode 100644 experiments/unified_contextual_memory/artifacts/evaluation/judges/67a2190e5602e90229b688f85e4283d64eb41be9de21702cebf1b7462486a7e1_9101.json
 create mode 100644 experiments/unified_contextual_memory/artifacts/evaluation/judges/67a2190e5602e90229b688f85e4283d64eb41be9de21702cebf1b7462486a7e1_9101.request.json
 create mode 100644 experiments/unified_contextual_memory/artifacts/evaluation/judges/67a2190e5602e90229b688f85e4283d64eb41be9de21702cebf1b7462486a7e1_9102.json
 create mode 100644 experiments/unified_contextual_memory/artifacts/evaluation/judges/67a2190e5602e90229b688f85e4283d64eb41be9de21702cebf1b7462486a7e1_9102.request.json
 create mode 100644 experiments/unified_contextual_memory/artifacts/evaluation/judges/67a2190e5602e90229b688f85e4283d64eb41be9de21702cebf1b7462486a7e1_9200.json
 create mode 100644 experiments/unified_contextual_memory/artifacts/evaluation/judges/67a2190e5602e90229b688f85e4283d64eb41be9de21702cebf1b7462486a7e1_9200.request.json
 create mode 100644 experiments/unified_contextual_memory/artifacts/evaluation/judges/67e290156a5594d6fd676d39b3fec5148adcd1daadb2f1c2a297b3247ee80d49_9100.json
 create mode 100644 experiments/unified_contextual_memory/artifacts/evaluation/judges/67e290156a5594d6fd676d39b3fec5148adcd1daadb2f1c2a297b3247ee80d49_9100.request.json
 create mode 100644 experiments/unified_contextual_memory/artifacts/evaluation/judges/67e290156a5594d6fd676d39b3fec5148adcd1daadb2f1c2a297b3247ee80d49_9101.json
 create mode 100644 experiments/unified_contextual_memory/artifacts/evaluation/judges/67e290156a5594d6fd676d39b3fec5148adcd1daadb2f1c2a297b3247ee80d49_9101.request.json
 create mode 100644 experiments/unified_contextual_memory/artifacts/evaluation/judges/67e290156a5594d6fd676d39b3fec5148adcd1daadb2f1c2a297b3247ee80d49_9102.json
 create mode 100644 experiments/unified_contextual_memory/artifacts/evaluation/judges/67e290156a5594d6fd676d39b3fec5148adcd1daadb2f1c2a297b3247ee80d49_9102.request.json
 create mode 100644 experiments/unified_contextual_memory/artifacts/evaluation/judges/67e290156a5594d6fd676d39b3fec5148adcd1daadb2f1c2a297b3247ee80d49_9200.json
 create mode 100644 experiments/unified_contextual_memory/artifacts/evaluation/judges/67e290156a5594d6fd676d39b3fec5148adcd1daadb2f1c2a297b3247ee80d49_9200.request.json
 create mode 100644 experiments/unified_contextual_memory/artifacts/evaluation/judges/68509d28698d287c7f87b2271a4f9b0a7465cf0ca9887392b8d7fb71d7efc4a2_9100.json
 create mode 100644 experiments/unified_contextual_memory/artifacts/evaluation/judges/68509d28698d287c7f87b2271a4f9b0a7465cf0ca9887392b8d7fb71d7efc4a2_9100.request.json
 create mode 100644 experiments/unified_contextual_memory/artifacts/evaluation/judges/68509d28698d287c7f87b2271a4f9b0a7465cf0ca9887392b8d7fb71d7efc4a2_9101.json
 create mode 100644 experiments/unified_contextual_memory/artifacts/evaluation/judges/68509d28698d287c7f87b2271a4f9b0a7465cf0ca9887392b8d7fb71d7efc4a2_9101.request.json
 create mode 100644 experiments/unified_contextual_memory/artifacts/evaluation/judges/68509d28698d287c7f87b2271a4f9b0a7465cf0ca9887392b8d7fb71d7efc4a2_9102.json
 create mode 100644 experiments/unified_contextual_memory/artifacts/evaluation/judges/68509d28698d287c7f87b2271a4f9b0a7465cf0ca9887392b8d7fb71d7efc4a2_9102.request.json
 create mode 100644 experiments/unified_contextual_memory/artifacts/evaluation/judges/68509d28698d287c7f87b2271a4f9b0a7465cf0ca9887392b8d7fb71d7efc4a2_9200.json
 create mode 100644 experiments/unified_contextual_memory/artifacts/evaluation/judges/68509d28698d287c7f87b2271a4f9b0a7465cf0ca9887392b8d7fb71d7efc4a2_9200.request.json
 create mode 100644 experiments/unified_contextual_memory/artifacts/evaluation/judges/69869c251eb52af255c5c1ff217c698cd05467db6c46bc0573f1f4bf4d2fcf95_9100.json
 create mode 100644 experiments/unified_contextual_memory/artifacts/evaluation/judges/69869c251eb52af255c5c1ff217c698cd05467db6c46bc0573f1f4bf4d2fcf95_9100.request.json
 create mode 100644 experiments/unified_contextual_memory/artifacts/evaluation/judges/69869c251eb52af255c5c1ff217c698cd05467db6c46bc0573f1f4bf4d2fcf95_9101.json
 create mode 100644 experiments/unified_contextual_memory/artifacts/evaluation/judges/69869c251eb52af255c5c1ff217c698cd05467db6c46bc0573f1f4bf4d2fcf95_9101.request.json
 create mode 100644 experiments/unified_contextual_memory/artifacts/evaluation/judges/69869c251eb52af255c5c1ff217c698cd05467db6c46bc0573f1f4bf4d2fcf95_9102.json
 create mode 100644 experiments/unified_contextual_memory/artifacts/evaluation/judges/69869c251eb52af255c5c1ff217c698cd05467db6c46bc0573f1f4bf4d2fcf95_9102.request.json
 create mode 100644 experiments/unified_contextual_memory/artifacts/evaluation/judges/69869c251eb52af255c5c1ff217c698cd05467db6c46bc0573f1f4bf4d2fcf95_9200.json
 create mode 100644 experiments/unified_contextual_memory/artifacts/evaluation/judges/69869c251eb52af255c5c1ff217c698cd05467db6c46bc0573f1f4bf4d2fcf95_9200.request.json
 create mode 100644 experiments/unified_contextual_memory/artifacts/evaluation/judges/6a72bd38e2b0672c68a0dbf431d21676acd02522ecc1b3e0faf64f51e7950ad7_9100.json
 create mode 100644 experiments/unified_contextual_memory/artifacts/evaluation/judges/6a72bd38e2b0672c68a0dbf431d21676acd02522ecc1b3e0faf64f51e7950ad7_9100.request.json
 create mode 100644 experiments/unified_contextual_memory/artifacts/evaluation/judges/6a72bd38e2b0672c68a0dbf431d21676acd02522ecc1b3e0faf64f51e7950ad7_9101.json
 create mode 100644 experiments/unified_contextual_memory/artifacts/evaluation/judges/6a72bd38e2b0672c68a0dbf431d21676acd02522ecc1b3e0faf64f51e7950ad7_9101.request.json
 create mode 100644 experiments/unified_contextual_memory/artifacts/evaluation/judges/6a72bd38e2b0672c68a0dbf431d21676acd02522ecc1b3e0faf64f51e7950ad7_9102.json
 create mode 100644 experiments/unified_contextual_memory/artifacts/evaluation/judges/6a72bd38e2b0672c68a0dbf431d21676acd02522ecc1b3e0faf64f51e7950ad7_9102.request.json
 create mode 100644 experiments/unified_contextual_memory/artifacts/evaluation/judges/6a72bd38e2b0672c68a0dbf431d21676acd02522ecc1b3e0faf64f51e7950ad7_9200.json
 create mode 100644 experiments/unified_contextual_memory/artifacts/evaluation/judges/6a72bd38e2b0672c68a0dbf431d21676acd02522ecc1b3e0faf64f51e7950ad7_9200.request.json
 create mode 100644 experiments/unified_contextual_memory/artifacts/evaluation/judges/6b278c7fb20a42a922c077d9bc65649b6294b975fa02b56216e858a729a67af5_9100.json
 create mode 100644 experiments/unified_contextual_memory/artifacts/evaluation/judges/6b278c7fb20a42a922c077d9bc65649b6294b975fa02b56216e858a729a67af5_9100.request.json
 create mode 100644 experiments/unified_contextual_memory/artifacts/evaluation/judges/6b278c7fb20a42a922c077d9bc65649b6294b975fa02b56216e858a729a67af5_9101.json
 create mode 100644 experiments/unified_contextual_memory/artifacts/evaluation/judges/6b278c7fb20a42a922c077d9bc65649b6294b975fa02b56216e858a729a67af5_9101.request.json
 create mode 100644 experiments/unified_contextual_memory/artifacts/evaluation/judges/6b278c7fb20a42a922c077d9bc65649b6294b975fa02b56216e858a729a67af5_9102.json
 create mode 100644 experiments/unified_contextual_memory/artifacts/evaluation/judges/6b278c7fb20a42a922c077d9bc65649b6294b975fa02b56216e858a729a67af5_9102.request.json
 create mode 100644 experiments/unified_contextual_memory/artifacts/evaluation/judges/6b278c7fb20a42a922c077d9bc65649b6294b975fa02b56216e858a729a67af5_9200.json
 create mode 100644 experiments/unified_contextual_memory/artifacts/evaluation/judges/6b278c7fb20a42a922c077d9bc65649b6294b975fa02b56216e858a729a67af5_9200.request.json
 create mode 100644 experiments/unified_contextual_memory/artifacts/evaluation/judges/6b6816fad6956abe35a5e56ba26da0726cf91bedd367ef699720a9f75ca15ff5_9100.json
 create mode 100644 experiments/unified_contextual_memory/artifacts/evaluation/judges/6b6816fad6956abe35a5e56ba26da0726cf91bedd367ef699720a9f75ca15ff5_9100.request.json
 create mode 100644 experiments/unified_contextual_memory/artifacts/evaluation/judges/6b6816fad6956abe35a5e56ba26da0726cf91bedd367ef699720a9f75ca15ff5_9101.json
 create mode 100644 experiments/unified_contextual_memory/artifacts/evaluation/judges/6b6816fad6956abe35a5e56ba26da0726cf91bedd367ef699720a9f75ca15ff5_9101.request.json
 create mode 100644 experiments/unified_contextual_memory/artifacts/evaluation/judges/6b6816fad6956abe35a5e56ba26da0726cf91bedd367ef699720a9f75ca15ff5_9102.json
 create mode 100644 experiments/unified_contextual_memory/artifacts/evaluation/judges/6b6816fad6956abe35a5e56ba26da0726cf91bedd367ef699720a9f75ca15ff5_9102.request.json
 create mode 100644 experiments/unified_contextual_memory/artifacts/evaluation/judges/6b6816fad6956abe35a5e56ba26da0726cf91bedd367ef699720a9f75ca15ff5_9200.json
 create mode 100644 experiments/unified_contextual_memory/artifacts/evaluation/judges/6b6816fad6956abe35a5e56ba26da0726cf91bedd367ef699720a9f75ca15ff5_9200.request.json
 create mode 100644 experiments/unified_contextual_memory/artifacts/evaluation/judges/6b73d23dca3f90ef37169ec6d65e7a65085f6a78fe30e5f78b0aaff6f1c51994_9100.json
 create mode 100644 experiments/unified_contextual_memory/artifacts/evaluation/judges/6b73d23dca3f90ef37169ec6d65e7a65085f6a78fe30e5f78b0aaff6f1c51994_9100.request.json
 create mode 100644 experiments/unified_contextual_memory/artifacts/evaluation/judges/6b73d23dca3f90ef37169ec6d65e7a65085f6a78fe30e5f78b0aaff6f1c51994_9101.json
 create mode 100644 experiments/unified_contextual_memory/artifacts/evaluation/judges/6b73d23dca3f90ef37169ec6d65e7a65085f6a78fe30e5f78b0aaff6f1c51994_9101.request.json
 create mode 100644 experiments/unified_contextual_memory/artifacts/evaluation/judges/6b73d23dca3f90ef37169ec6d65e7a65085f6a78fe30e5f78b0aaff6f1c51994_9102.json
 create mode 100644 experiments/unified_contextual_memory/artifacts/evaluation/judges/6b73d23dca3f90ef37169ec6d65e7a65085f6a78fe30e5f78b0aaff6f1c51994_9102.request.json
 create mode 100644 experiments/unified_contextual_memory/artifacts/evaluation/judges/6b73d23dca3f90ef37169ec6d65e7a65085f6a78fe30e5f78b0aaff6f1c51994_9200.json
 create mode 100644 experiments/unified_contextual_memory/artifacts/evaluation/judges/6b73d23dca3f90ef37169ec6d65e7a65085f6a78fe30e5f78b0aaff6f1c51994_9200.request.json
 create mode 100644 experiments/unified_contextual_memory/artifacts/evaluation/judges/6c913106da8d840295561f63949a52f3139e32f8946150f7d745582a66d0d5bf_9100.json
 create mode 100644 experiments/unified_contextual_memory/artifacts/evaluation/judges/6c913106da8d840295561f63949a52f3139e32f8946150f7d745582a66d0d5bf_9100.request.json
 create mode 100644 experiments/unified_contextual_memory/artifacts/evaluation/judges/6c913106da8d840295561f63949a52f3139e32f8946150f7d745582a66d0d5bf_9101.json
 create mode 100644 experiments/unified_contextual_memory/artifacts/evaluation/judges/6c913106da8d840295561f63949a52f3139e32f8946150f7d745582a66d0d5bf_9101.request.json
 create mode 100644 experiments/unified_contextual_memory/artifacts/evaluation/judges/6c913106da8d840295561f63949a52f3139e32f8946150f7d745582a66d0d5bf_9102.json
 create mode 100644 experiments/unified_contextual_memory/artifacts/evaluation/judges/6c913106da8d840295561f63949a52f3139e32f8946150f7d745582a66d0d5bf_9102.request.json
 create mode 100644 experiments/unified_contextual_memory/artifacts/evaluation/judges/6c913106da8d840295561f63949a52f3139e32f8946150f7d745582a66d0d5bf_9200.json
 create mode 100644 experiments/unified_contextual_memory/artifacts/evaluation/judges/6c913106da8d840295561f63949a52f3139e32f8946150f7d745582a66d0d5bf_9200.request.json
 create mode 100644 experiments/unified_contextual_memory/artifacts/evaluation/judges/6d0c242335e9ab87b8c594e1762d7a08b6c36f6e2e37c664791c62abd1b66da5_9100.json
 create mode 100644 experiments/unified_contextual_memory/artifacts/evaluation/judges/6d0c242335e9ab87b8c594e1762d7a08b6c36f6e2e37c664791c62abd1b66da5_9100.request.json
 create mode 100644 experiments/unified_contextual_memory/artifacts/evaluation/judges/6d0c242335e9ab87b8c594e1762d7a08b6c36f6e2e37c664791c62abd1b66da5_9101.json
 create mode 100644 experiments/unified_contextual_memory/artifacts/evaluation/judges/6d0c242335e9ab87b8c594e1762d7a08b6c36f6e2e37c664791c62abd1b66da5_9101.request.json
 create mode 100644 experiments/unified_contextual_memory/artifacts/evaluation/judges/6d0c242335e9ab87b8c594e1762d7a08b6c36f6e2e37c664791c62abd1b66da5_9102.json
 create mode 100644 experiments/unified_contextual_memory/artifacts/evaluation/judges/6d0c242335e9ab87b8c594e1762d7a08b6c36f6e2e37c664791c62abd1b66da5_9102.request.json
 create mode 100644 experiments/unified_contextual_memory/artifacts/evaluation/judges/6d0c242335e9ab87b8c594e1762d7a08b6c36f6e2e37c664791c62abd1b66da5_9200.json
 create mode 100644 experiments/unified_contextual_memory/artifacts/evaluation/judges/6d0c242335e9ab87b8c594e1762d7a08b6c36f6e2e37c664791c62abd1b66da5_9200.request.json
 create mode 100644 experiments/unified_contextual_memory/artifacts/evaluation/judges/6d31744a3888822a64470e159137ee3369f26406287e76f61f776a37efaa845d_9100.json
 create mode 100644 experiments/unified_contextual_memory/artifacts/evaluation/judges/6d31744a3888822a64470e159137ee3369f26406287e76f61f776a37efaa845d_9100.request.json
 create mode 100644 experiments/unified_contextual_memory/artifacts/evaluation/judges/6d31744a3888822a64470e159137ee3369f26406287e76f61f776a37efaa845d_9101.json
 create mode 100644 experiments/unified_contextual_memory/artifacts/evaluation/judges/6d31744a3888822a64470e159137ee3369f26406287e76f61f776a37efaa845d_9101.request.json
 create mode 100644 experiments/unified_contextual_memory/artifacts/evaluation/judges/6d31744a3888822a64470e159137ee3369f26406287e76f61f776a37efaa845d_9102.json
 create mode 100644 experiments/unified_contextual_memory/artifacts/evaluation/judges/6d31744a3888822a64470e159137ee3369f26406287e76f61f776a37efaa845d_9102.request.json
 create mode 100644 experiments/unified_contextual_memory/artifacts/evaluation/judges/6d31744a3888822a64470e159137ee3369f26406287e76f61f776a37efaa845d_9200.json
 create mode 100644 experiments/unified_contextual_memory/artifacts/evaluation/judges/6d31744a3888822a64470e159137ee3369f26406287e76f61f776a37efaa845d_9200.request.json
 create mode 100644 experiments/unified_contextual_memory/artifacts/evaluation/judges/6d6ddd393747be7df1675e1618de2d4174a6001e951e768988cd49281081ab6f_9100.json
 create mode 100644 experiments/unified_contextual_memory/artifacts/evaluation/judges/6d6ddd393747be7df1675e1618de2d4174a6001e951e768988cd49281081ab6f_9100.request.json
 create mode 100644 experiments/unified_contextual_memory/artifacts/evaluation/judges/6d6ddd393747be7df1675e1618de2d4174a6001e951e768988cd49281081ab6f_9101.json
 create mode 100644 experiments/unified_contextual_memory/artifacts/evaluation/judges/6d6ddd393747be7df1675e1618de2d4174a6001e951e768988cd49281081ab6f_9101.request.json
 create mode 100644 experiments/unified_contextual_memory/artifacts/evaluation/judges/6d6ddd393747be7df1675e1618de2d4174a6001e951e768988cd49281081ab6f_9102.json
 create mode 100644 experiments/unified_contextual_memory/artifacts/evaluation/judges/6d6ddd393747be7df1675e1618de2d4174a6001e951e768988cd49281081ab6f_9102.request.json
 create mode 100644 experiments/unified_contextual_memory/artifacts/evaluation/judges/6d6ddd393747be7df1675e1618de2d4174a6001e951e768988cd49281081ab6f_9200.json
 create mode 100644 experiments/unified_contextual_memory/artifacts/evaluation/judges/6d6ddd393747be7df1675e1618de2d4174a6001e951e768988cd49281081ab6f_9200.request.json
 create mode 100644 experiments/unified_contextual_memory/artifacts/evaluation/judges/6e69ec97cfaa1c3b0d56418a81ad8c612e9dfe2e5993b8aa705b5f05a13de15e_9100.json
 create mode 100644 experiments/unified_contextual_memory/artifacts/evaluation/judges/6e69ec97cfaa1c3b0d56418a81ad8c612e9dfe2e5993b8aa705b5f05a13de15e_9100.request.json
 create mode 100644 experiments/unified_contextual_memory/artifacts/evaluation/judges/6e69ec97cfaa1c3b0d56418a81ad8c612e9dfe2e5993b8aa705b5f05a13de15e_9101.json
 create mode 100644 experiments/unified_contextual_memory/artifacts/evaluation/judges/6e69ec97cfaa1c3b0d56418a81ad8c612e9dfe2e5993b8aa705b5f05a13de15e_9101.request.json
 create mode 100644 experiments/unified_contextual_memory/artifacts/evaluation/judges/6e69ec97cfaa1c3b0d56418a81ad8c612e9dfe2e5993b8aa705b5f05a13de15e_9102.json
 create mode 100644 experiments/unified_contextual_memory/artifacts/evaluation/judges/6e69ec97cfaa1c3b0d56418a81ad8c612e9dfe2e5993b8aa705b5f05a13de15e_9102.request.json
 create mode 100644 experiments/unified_contextual_memory/artifacts/evaluation/judges/6e69ec97cfaa1c3b0d56418a81ad8c612e9dfe2e5993b8aa705b5f05a13de15e_9200.json
 create mode 100644 experiments/unified_contextual_memory/artifacts/evaluation/judges/6e69ec97cfaa1c3b0d56418a81ad8c612e9dfe2e5993b8aa705b5f05a13de15e_9200.request.json
 create mode 100644 experiments/unified_contextual_memory/artifacts/evaluation/judges/6ef515776ad361696c9abc733d5af2682e75c73f9182431c73a4471a1791d574_9100.json
 create mode 100644 experiments/unified_contextual_memory/artifacts/evaluation/judges/6ef515776ad361696c9abc733d5af2682e75c73f9182431c73a4471a1791d574_9100.request.json
 create mode 100644 experiments/unified_contextual_memory/artifacts/evaluation/judges/6ef515776ad361696c9abc733d5af2682e75c73f9182431c73a4471a1791d574_9101.json
 create mode 100644 experiments/unified_contextual_memory/artifacts/evaluation/judges/6ef515776ad361696c9abc733d5af2682e75c73f9182431c73a4471a1791d574_9101.request.json
 create mode 100644 experiments/unified_contextual_memory/artifacts/evaluation/judges/6ef515776ad361696c9abc733d5af2682e75c73f9182431c73a4471a1791d574_9102.json
 create mode 100644 experiments/unified_contextual_memory/artifacts/evaluation/judges/6ef515776ad361696c9abc733d5af2682e75c73f9182431c73a4471a1791d574_9102.request.json
 create mode 100644 experiments/unified_contextual_memory/artifacts/evaluation/judges/6ef515776ad361696c9abc733d5af2682e75c73f9182431c73a4471a1791d574_9200.json
 create mode 100644 experiments/unified_contextual_memory/artifacts/evaluation/judges/6ef515776ad361696c9abc733d5af2682e75c73f9182431c73a4471a1791d574_9200.request.json
 create mode 100644 experiments/unified_contextual_memory/artifacts/evaluation/judges/6ef993db0e1ab17471b7541a74249542c65259d7b514fc797807e258312c0def_9100.json
 create mode 100644 experiments/unified_contextual_memory/artifacts/evaluation/judges/6ef993db0e1ab17471b7541a74249542c65259d7b514fc797807e258312c0def_9100.request.json
 create mode 100644 experiments/unified_contextual_memory/artifacts/evaluation/judges/6ef993db0e1ab17471b7541a74249542c65259d7b514fc797807e258312c0def_9101.json
 create mode 100644 experiments/unified_contextual_memory/artifacts/evaluation/judges/6ef993db0e1ab17471b7541a74249542c65259d7b514fc797807e258312c0def_9101.request.json
 create mode 100644 experiments/unified_contextual_memory/artifacts/evaluation/judges/6ef993db0e1ab17471b7541a74249542c65259d7b514fc797807e258312c0def_9102.json
 create mode 100644 experiments/unified_contextual_memory/artifacts/evaluation/judges/6ef993db0e1ab17471b7541a74249542c65259d7b514fc797807e258312c0def_9102.request.json
 create mode 100644 experiments/unified_contextual_memory/artifacts/evaluation/judges/6ef993db0e1ab17471b7541a74249542c65259d7b514fc797807e258312c0def_9200.json
 create mode 100644 experiments/unified_contextual_memory/artifacts/evaluation/judges/6ef993db0e1ab17471b7541a74249542c65259d7b514fc797807e258312c0def_9200.request.json
 create mode 100644 experiments/unified_contextual_memory/artifacts/evaluation/judges/6efa5e29862c66859a2b0a00187adfaf0a4739b0bf0eadb9b2469773526a84da_9100.json
 create mode 100644 experiments/unified_contextual_memory/artifacts/evaluation/judges/6efa5e29862c66859a2b0a00187adfaf0a4739b0bf0eadb9b2469773526a84da_9100.request.json
 create mode 100644 experiments/unified_contextual_memory/artifacts/evaluation/judges/6efa5e29862c66859a2b0a00187adfaf0a4739b0bf0eadb9b2469773526a84da_9101.json
 create mode 100644 experiments/unified_contextual_memory/artifacts/evaluation/judges/6efa5e29862c66859a2b0a00187adfaf0a4739b0bf0eadb9b2469773526a84da_9101.request.json
 create mode 100644 experiments/unified_contextual_memory/artifacts/evaluation/judges/6efa5e29862c66859a2b0a00187adfaf0a4739b0bf0eadb9b2469773526a84da_9102.json
 create mode 100644 experiments/unified_contextual_memory/artifacts/evaluation/judges/6efa5e29862c66859a2b0a00187adfaf0a4739b0bf0eadb9b2469773526a84da_9102.request.json
 create mode 100644 experiments/unified_contextual_memory/artifacts/evaluation/judges/6efa5e29862c66859a2b0a00187adfaf0a4739b0bf0eadb9b2469773526a84da_9200.json
 create mode 100644 experiments/unified_contextual_memory/artifacts/evaluation/judges/6efa5e29862c66859a2b0a00187adfaf0a4739b0bf0eadb9b2469773526a84da_9200.request.json
 create mode 100644 experiments/unified_contextual_memory/artifacts/evaluation/judges/6efdc8d11120b7ad10413170911017b5837f0d69dd9a86e27175528e1b1118d6_9100.json
 create mode 100644 experiments/unified_contextual_memory/artifacts/evaluation/judges/6efdc8d11120b7ad10413170911017b5837f0d69dd9a86e27175528e1b1118d6_9100.request.json
 create mode 100644 experiments/unified_contextual_memory/artifacts/evaluation/judges/6efdc8d11120b7ad10413170911017b5837f0d69dd9a86e27175528e1b1118d6_9101.json
 create mode 100644 experiments/unified_contextual_memory/artifacts/evaluation/judges/6efdc8d11120b7ad10413170911017b5837f0d69dd9a86e27175528e1b1118d6_9101.request.json
 create mode 100644 experiments/unified_contextual_memory/artifacts/evaluation/judges/6efdc8d11120b7ad10413170911017b5837f0d69dd9a86e27175528e1b1118d6_9102.json
 create mode 100644 experiments/unified_contextual_memory/artifacts/evaluation/judges/6efdc8d11120b7ad10413170911017b5837f0d69dd9a86e27175528e1b1118d6_9102.request.json
 create mode 100644 experiments/unified_contextual_memory/artifacts/evaluation/judges/6efdc8d11120b7ad10413170911017b5837f0d69dd9a86e27175528e1b1118d6_9200.json
 create mode 100644 experiments/unified_contextual_memory/artifacts/evaluation/judges/6efdc8d11120b7ad10413170911017b5837f0d69dd9a86e27175528e1b1118d6_9200.request.json
 create mode 100644 experiments/unified_contextual_memory/artifacts/evaluation/judges/7059338431c534fee3c83f9d6c4ceae5292c9742b3e94726e43392cc6a2dc62a_9100.json
 create mode 100644 experiments/unified_contextual_memory/artifacts/evaluation/judges/7059338431c534fee3c83f9d6c4ceae5292c9742b3e94726e43392cc6a2dc62a_9100.request.json
 create mode 100644 experiments/unified_contextual_memory/artifacts/evaluation/judges/7059338431c534fee3c83f9d6c4ceae5292c9742b3e94726e43392cc6a2dc62a_9101.json
 create mode 100644 experiments/unified_contextual_memory/artifacts/evaluation/judges/7059338431c534fee3c83f9d6c4ceae5292c9742b3e94726e43392cc6a2dc62a_9101.request.json
 create mode 100644 experiments/unified_contextual_memory/artifacts/evaluation/judges/7059338431c534fee3c83f9d6c4ceae5292c9742b3e94726e43392cc6a2dc62a_9102.json
 create mode 100644 experiments/unified_contextual_memory/artifacts/evaluation/judges/7059338431c534fee3c83f9d6c4ceae5292c9742b3e94726e43392cc6a2dc62a_9102.request.json
 create mode 100644 experiments/unified_contextual_memory/artifacts/evaluation/judges/7059338431c534fee3c83f9d6c4ceae5292c9742b3e94726e43392cc6a2dc62a_9200.json
 create mode 100644 experiments/unified_contextual_memory/artifacts/evaluation/judges/7059338431c534fee3c83f9d6c4ceae5292c9742b3e94726e43392cc6a2dc62a_9200.request.json
 create mode 100644 experiments/unified_contextual_memory/artifacts/evaluation/judges/70e95003316c5aed8bbd1b2c75d8359582194a248472c466afb9ca1f24ad7f9e_9100.json
 create mode 100644 experiments/unified_contextual_memory/artifacts/evaluation/judges/70e95003316c5aed8bbd1b2c75d8359582194a248472c466afb9ca1f24ad7f9e_9100.request.json
 create mode 100644 experiments/unified_contextual_memory/artifacts/evaluation/judges/70e95003316c5aed8bbd1b2c75d8359582194a248472c466afb9ca1f24ad7f9e_9101.json
 create mode 100644 experiments/unified_contextual_memory/artifacts/evaluation/judges/70e95003316c5aed8bbd1b2c75d8359582194a248472c466afb9ca1f24ad7f9e_9101.request.json
 create mode 100644 experiments/unified_contextual_memory/artifacts/evaluation/judges/70e95003316c5aed8bbd1b2c75d8359582194a248472c466afb9ca1f24ad7f9e_9102.json
 create mode 100644 experiments/unified_contextual_memory/artifacts/evaluation/judges/70e95003316c5aed8bbd1b2c75d8359582194a248472c466afb9ca1f24ad7f9e_9102.request.json
 create mode 100644 experiments/unified_contextual_memory/artifacts/evaluation/judges/70e95003316c5aed8bbd1b2c75d8359582194a248472c466afb9ca1f24ad7f9e_9200.json
 create mode 100644 experiments/unified_contextual_memory/artifacts/evaluation/judges/70e95003316c5aed8bbd1b2c75d8359582194a248472c466afb9ca1f24ad7f9e_9200.request.json
 create mode 100644 experiments/unified_contextual_memory/artifacts/evaluation/judges/712fe42eded569570ea4304f87b78088ee5f7d816b7ffad6c336fb7e0ef87fcf_9100.json
 create mode 100644 experiments/unified_contextual_memory/artifacts/evaluation/judges/712fe42eded569570ea4304f87b78088ee5f7d816b7ffad6c336fb7e0ef87fcf_9100.request.json
 create mode 100644 experiments/unified_contextual_memory/artifacts/evaluation/judges/712fe42eded569570ea4304f87b78088ee5f7d816b7ffad6c336fb7e0ef87fcf_9101.json
 create mode 100644 experiments/unified_contextual_memory/artifacts/evaluation/judges/712fe42eded569570ea4304f87b78088ee5f7d816b7ffad6c336fb7e0ef87fcf_9101.request.json
 create mode 100644 experiments/unified_contextual_memory/artifacts/evaluation/judges/712fe42eded569570ea4304f87b78088ee5f7d816b7ffad6c336fb7e0ef87fcf_9102.json
 create mode 100644 experiments/unified_contextual_memory/artifacts/evaluation/judges/712fe42eded569570ea4304f87b78088ee5f7d816b7ffad6c336fb7e0ef87fcf_9102.request.json
 create mode 100644 experiments/unified_contextual_memory/artifacts/evaluation/judges/712fe42eded569570ea4304f87b78088ee5f7d816b7ffad6c336fb7e0ef87fcf_9200.json
 create mode 100644 experiments/unified_contextual_memory/artifacts/evaluation/judges/712fe42eded569570ea4304f87b78088ee5f7d816b7ffad6c336fb7e0ef87fcf_9200.request.json
 create mode 100644 experiments/unified_contextual_memory/artifacts/evaluation/judges/715a43e109fd5ac36b33703c71d07448f38b33cc4298e87576e231009ff718ec_9100.json
 create mode 100644 experiments/unified_contextual_memory/artifacts/evaluation/judges/715a43e109fd5ac36b33703c71d07448f38b33cc4298e87576e231009ff718ec_9100.request.json
 create mode 100644 experiments/unified_contextual_memory/artifacts/evaluation/judges/715a43e109fd5ac36b33703c71d07448f38b33cc4298e87576e231009ff718ec_9101.json
 create mode 100644 experiments/unified_contextual_memory/artifacts/evaluation/judges/715a43e109fd5ac36b33703c71d07448f38b33cc4298e87576e231009ff718ec_9101.request.json
 create mode 100644 experiments/unified_contextual_memory/artifacts/evaluation/judges/715a43e109fd5ac36b33703c71d07448f38b33cc4298e87576e231009ff718ec_9102.json
 create mode 100644 experiments/unified_contextual_memory/artifacts/evaluation/judges/715a43e109fd5ac36b33703c71d07448f38b33cc4298e87576e231009ff718ec_9102.request.json
 create mode 100644 experiments/unified_contextual_memory/artifacts/evaluation/judges/715a43e109fd5ac36b33703c71d07448f38b33cc4298e87576e231009ff718ec_9200.json
 create mode 100644 experiments/unified_contextual_memory/artifacts/evaluation/judges/715a43e109fd5ac36b33703c71d07448f38b33cc4298e87576e231009ff718ec_9200.request.json
 create mode 100644 experiments/unified_contextual_memory/artifacts/evaluation/judges/719ceebc39bc0fa11313714d73191d868484e95580a94987f6c797211c91c3d7_9100.json
 create mode 100644 experiments/unified_contextual_memory/artifacts/evaluation/judges/719ceebc39bc0fa11313714d73191d868484e95580a94987f6c797211c91c3d7_9100.request.json
 create mode 100644 experiments/unified_contextual_memory/artifacts/evaluation/judges/719ceebc39bc0fa11313714d73191d868484e95580a94987f6c797211c91c3d7_9101.json
 create mode 100644 experiments/unified_contextual_memory/artifacts/evaluation/judges/719ceebc39bc0fa11313714d73191d868484e95580a94987f6c797211c91c3d7_9101.request.json
 create mode 100644 experiments/unified_contextual_memory/artifacts/evaluation/judges/719ceebc39bc0fa11313714d73191d868484e95580a94987f6c797211c91c3d7_9102.json
 create mode 100644 experiments/unified_contextual_memory/artifacts/evaluation/judges/719ceebc39bc0fa11313714d73191d868484e95580a94987f6c797211c91c3d7_9102.request.json
 create mode 100644 experiments/unified_contextual_memory/artifacts/evaluation/judges/719ceebc39bc0fa11313714d73191d868484e95580a94987f6c797211c91c3d7_9200.json
 create mode 100644 experiments/unified_contextual_memory/artifacts/evaluation/judges/719ceebc39bc0fa11313714d73191d868484e95580a94987f6c797211c91c3d7_9200.request.json
 create mode 100644 experiments/unified_contextual_memory/artifacts/evaluation/judges/7246e1ad58b9b27083d53c5bee1a53e73cf562cfd12e93cb9360d340265cf866_9100.json
 create mode 100644 experiments/unified_contextual_memory/artifacts/evaluation/judges/7246e1ad58b9b27083d53c5bee1a53e73cf562cfd12e93cb9360d340265cf866_9100.request.json
 create mode 100644 experiments/unified_contextual_memory/artifacts/evaluation/judges/7246e1ad58b9b27083d53c5bee1a53e73cf562cfd12e93cb9360d340265cf866_9101.json
 create mode 100644 experiments/unified_contextual_memory/artifacts/evaluation/judges/7246e1ad58b9b27083d53c5bee1a53e73cf562cfd12e93cb9360d340265cf866_9101.request.json
 create mode 100644 experiments/unified_contextual_memory/artifacts/evaluation/judges/7246e1ad58b9b27083d53c5bee1a53e73cf562cfd12e93cb9360d340265cf866_9102.json
 create mode 100644 experiments/unified_contextual_memory/artifacts/evaluation/judges/7246e1ad58b9b27083d53c5bee1a53e73cf562cfd12e93cb9360d340265cf866_9102.request.json
 create mode 100644 experiments/unified_contextual_memory/artifacts/evaluation/judges/7246e1ad58b9b27083d53c5bee1a53e73cf562cfd12e93cb9360d340265cf866_9200.json
 create mode 100644 experiments/unified_contextual_memory/artifacts/evaluation/judges/7246e1ad58b9b27083d53c5bee1a53e73cf562cfd12e93cb9360d340265cf866_9200.request.json
 create mode 100644 experiments/unified_contextual_memory/artifacts/evaluation/judges/7256cf6da8fb917b4e974a48c77d7d97a0f6a8bd60e857ba374397424499be7e_9100.json
 create mode 100644 experiments/unified_contextual_memory/artifacts/evaluation/judges/7256cf6da8fb917b4e974a48c77d7d97a0f6a8bd60e857ba374397424499be7e_9100.request.json
 create mode 100644 experiments/unified_contextual_memory/artifacts/evaluation/judges/7256cf6da8fb917b4e974a48c77d7d97a0f6a8bd60e857ba374397424499be7e_9101.json
 create mode 100644 experiments/unified_contextual_memory/artifacts/evaluation/judges/7256cf6da8fb917b4e974a48c77d7d97a0f6a8bd60e857ba374397424499be7e_9101.request.json
 create mode 100644 experiments/unified_contextual_memory/artifacts/evaluation/judges/7256cf6da8fb917b4e974a48c77d7d97a0f6a8bd60e857ba374397424499be7e_9102.json
 create mode 100644 experiments/unified_contextual_memory/artifacts/evaluation/judges/7256cf6da8fb917b4e974a48c77d7d97a0f6a8bd60e857ba374397424499be7e_9102.request.json
 create mode 100644 experiments/unified_contextual_memory/artifacts/evaluation/judges/7256cf6da8fb917b4e974a48c77d7d97a0f6a8bd60e857ba374397424499be7e_9200.json
 create mode 100644 experiments/unified_contextual_memory/artifacts/evaluation/judges/7256cf6da8fb917b4e974a48c77d7d97a0f6a8bd60e857ba374397424499be7e_9200.request.json
 create mode 100644 experiments/unified_contextual_memory/artifacts/evaluation/judges/72c469c274a296727aa3f05e205585c9d55b6524581888d638ed0417c8f9a011_9100.json
 create mode 100644 experiments/unified_contextual_memory/artifacts/evaluation/judges/72c469c274a296727aa3f05e205585c9d55b6524581888d638ed0417c8f9a011_9100.request.json
 create mode 100644 experiments/unified_contextual_memory/artifacts/evaluation/judges/72c469c274a296727aa3f05e205585c9d55b6524581888d638ed0417c8f9a011_9101.json
 create mode 100644 experiments/unified_contextual_memory/artifacts/evaluation/judges/72c469c274a296727aa3f05e205585c9d55b6524581888d638ed0417c8f9a011_9101.request.json
 create mode 100644 experiments/unified_contextual_memory/artifacts/evaluation/judges/72c469c274a296727aa3f05e205585c9d55b6524581888d638ed0417c8f9a011_9102.json
 create mode 100644 experiments/unified_contextual_memory/artifacts/evaluation/judges/72c469c274a296727aa3f05e205585c9d55b6524581888d638ed0417c8f9a011_9102.request.json
 create mode 100644 experiments/unified_contextual_memory/artifacts/evaluation/judges/72c469c274a296727aa3f05e205585c9d55b6524581888d638ed0417c8f9a011_9200.json
 create mode 100644 experiments/unified_contextual_memory/artifacts/evaluation/judges/72c469c274a296727aa3f05e205585c9d55b6524581888d638ed0417c8f9a011_9200.request.json
 create mode 100644 experiments/unified_contextual_memory/artifacts/evaluation/judges/7310f27ac3e050db7291c087d7d92458b8aee1d10475e45b057804eb9ab3aefe_9100.json
 create mode 100644 experiments/unified_contextual_memory/artifacts/evaluation/judges/7310f27ac3e050db7291c087d7d92458b8aee1d10475e45b057804eb9ab3aefe_9100.request.json
 create mode 100644 experiments/unified_contextual_memory/artifacts/evaluation/judges/7310f27ac3e050db7291c087d7d92458b8aee1d10475e45b057804eb9ab3aefe_9101.json
 create mode 100644 experiments/unified_contextual_memory/artifacts/evaluation/judges/7310f27ac3e050db7291c087d7d92458b8aee1d10475e45b057804eb9ab3aefe_9101.request.json
 create mode 100644 experiments/unified_contextual_memory/artifacts/evaluation/judges/7310f27ac3e050db7291c087d7d92458b8aee1d10475e45b057804eb9ab3aefe_9102.json
 create mode 100644 experiments/unified_contextual_memory/artifacts/evaluation/judges/7310f27ac3e050db7291c087d7d92458b8aee1d10475e45b057804eb9ab3aefe_9102.request.json
 create mode 100644 experiments/unified_contextual_memory/artifacts/evaluation/judges/7310f27ac3e050db7291c087d7d92458b8aee1d10475e45b057804eb9ab3aefe_9200.json
 create mode 100644 experiments/unified_contextual_memory/artifacts/evaluation/judges/7310f27ac3e050db7291c087d7d92458b8aee1d10475e45b057804eb9ab3aefe_9200.request.json
 create mode 100644 experiments/unified_contextual_memory/artifacts/evaluation/judges/733efd39045727ebc2c7ea22466fe3ad113024644a66f5476a337d18debe12c6_9100.json
 create mode 100644 experiments/unified_contextual_memory/artifacts/evaluation/judges/733efd39045727ebc2c7ea22466fe3ad113024644a66f5476a337d18debe12c6_9100.request.json
 create mode 100644 experiments/unified_contextual_memory/artifacts/evaluation/judges/733efd39045727ebc2c7ea22466fe3ad113024644a66f5476a337d18debe12c6_9101.json
 create mode 100644 experiments/unified_contextual_memory/artifacts/evaluation/judges/733efd39045727ebc2c7ea22466fe3ad113024644a66f5476a337d18debe12c6_9101.request.json
 create mode 100644 experiments/unified_contextual_memory/artifacts/evaluation/judges/733efd39045727ebc2c7ea22466fe3ad113024644a66f5476a337d18debe12c6_9102.json
 create mode 100644 experiments/unified_contextual_memory/artifacts/evaluation/judges/733efd39045727ebc2c7ea22466fe3ad113024644a66f5476a337d18debe12c6_9102.request.json
 create mode 100644 experiments/unified_contextual_memory/artifacts/evaluation/judges/733efd39045727ebc2c7ea22466fe3ad113024644a66f5476a337d18debe12c6_9200.json
 create mode 100644 experiments/unified_contextual_memory/artifacts/evaluation/judges/733efd39045727ebc2c7ea22466fe3ad113024644a66f5476a337d18debe12c6_9200.request.json
 create mode 100644 experiments/unified_contextual_memory/artifacts/evaluation/judges/737f37a176b5c9853a2ccb632dbd2f7cc8d0fb351fdc07acd2b364afdffaa331_9100.json
 create mode 100644 experiments/unified_contextual_memory/artifacts/evaluation/judges/737f37a176b5c9853a2ccb632dbd2f7cc8d0fb351fdc07acd2b364afdffaa331_9100.request.json
 create mode 100644 experiments/unified_contextual_memory/artifacts/evaluation/judges/737f37a176b5c9853a2ccb632dbd2f7cc8d0fb351fdc07acd2b364afdffaa331_9101.json
 create mode 100644 experiments/unified_contextual_memory/artifacts/evaluation/judges/737f37a176b5c9853a2ccb632dbd2f7cc8d0fb351fdc07acd2b364afdffaa331_9101.request.json
 create mode 100644 experiments/unified_contextual_memory/artifacts/evaluation/judges/737f37a176b5c9853a2ccb632dbd2f7cc8d0fb351fdc07acd2b364afdffaa331_9102.json
 create mode 100644 experiments/unified_contextual_memory/artifacts/evaluation/judges/737f37a176b5c9853a2ccb632dbd2f7cc8d0fb351fdc07acd2b364afdffaa331_9102.request.json
 create mode 100644 experiments/unified_contextual_memory/artifacts/evaluation/judges/737f37a176b5c9853a2ccb632dbd2f7cc8d0fb351fdc07acd2b364afdffaa331_9200.json
 create mode 100644 experiments/unified_contextual_memory/artifacts/evaluation/judges/737f37a176b5c9853a2ccb632dbd2f7cc8d0fb351fdc07acd2b364afdffaa331_9200.request.json
 create mode 100644 experiments/unified_contextual_memory/artifacts/evaluation/judges/73a50f960893cff2dbc02d1c9e5b6406cd998ce39df4dc1a48d6ac9dc57a2b20_9100.json
 create mode 100644 experiments/unified_contextual_memory/artifacts/evaluation/judges/73a50f960893cff2dbc02d1c9e5b6406cd998ce39df4dc1a48d6ac9dc57a2b20_9100.request.json
 create mode 100644 experiments/unified_contextual_memory/artifacts/evaluation/judges/73a50f960893cff2dbc02d1c9e5b6406cd998ce39df4dc1a48d6ac9dc57a2b20_9101.json
 create mode 100644 experiments/unified_contextual_memory/artifacts/evaluation/judges/73a50f960893cff2dbc02d1c9e5b6406cd998ce39df4dc1a48d6ac9dc57a2b20_9101.request.json
 create mode 100644 experiments/unified_contextual_memory/artifacts/evaluation/judges/73a50f960893cff2dbc02d1c9e5b6406cd998ce39df4dc1a48d6ac9dc57a2b20_9102.json
 create mode 100644 experiments/unified_contextual_memory/artifacts/evaluation/judges/73a50f960893cff2dbc02d1c9e5b6406cd998ce39df4dc1a48d6ac9dc57a2b20_9102.request.json
 create mode 100644 experiments/unified_contextual_memory/artifacts/evaluation/judges/73a50f960893cff2dbc02d1c9e5b6406cd998ce39df4dc1a48d6ac9dc57a2b20_9200.json
 create mode 100644 experiments/unified_contextual_memory/artifacts/evaluation/judges/73a50f960893cff2dbc02d1c9e5b6406cd998ce39df4dc1a48d6ac9dc57a2b20_9200.request.json
 create mode 100644 experiments/unified_contextual_memory/artifacts/evaluation/judges/7435ad7614482bebfe4dfaf6809f15fe1b530020dbac55fb7781e0496e5798d3_9100.json
 create mode 100644 experiments/unified_contextual_memory/artifacts/evaluation/judges/7435ad7614482bebfe4dfaf6809f15fe1b530020dbac55fb7781e0496e5798d3_9100.request.json
 create mode 100644 experiments/unified_contextual_memory/artifacts/evaluation/judges/7435ad7614482bebfe4dfaf6809f15fe1b530020dbac55fb7781e0496e5798d3_9101.json
 create mode 100644 experiments/unified_contextual_memory/artifacts/evaluation/judges/7435ad7614482bebfe4dfaf6809f15fe1b530020dbac55fb7781e0496e5798d3_9101.request.json
 create mode 100644 experiments/unified_contextual_memory/artifacts/evaluation/judges/7435ad7614482bebfe4dfaf6809f15fe1b530020dbac55fb7781e0496e5798d3_9102.json
 create mode 100644 experiments/unified_contextual_memory/artifacts/evaluation/judges/7435ad7614482bebfe4dfaf6809f15fe1b530020dbac55fb7781e0496e5798d3_9102.request.json
 create mode 100644 experiments/unified_contextual_memory/artifacts/evaluation/judges/7435ad7614482bebfe4dfaf6809f15fe1b530020dbac55fb7781e0496e5798d3_9200.json
 create mode 100644 experiments/unified_contextual_memory/artifacts/evaluation/judges/7435ad7614482bebfe4dfaf6809f15fe1b530020dbac55fb7781e0496e5798d3_9200.request.json
 create mode 100644 experiments/unified_contextual_memory/artifacts/evaluation/judges/745d3dd211c56e7e5f0e872771b6c94266f1ccb231c6f0fc85141078afe83284_9100.json
 create mode 100644 experiments/unified_contextual_memory/artifacts/evaluation/judges/745d3dd211c56e7e5f0e872771b6c94266f1ccb231c6f0fc85141078afe83284_9100.request.json
 create mode 100644 experiments/unified_contextual_memory/artifacts/evaluation/judges/745d3dd211c56e7e5f0e872771b6c94266f1ccb231c6f0fc85141078afe83284_9101.json
 create mode 100644 experiments/unified_contextual_memory/artifacts/evaluation/judges/745d3dd211c56e7e5f0e872771b6c94266f1ccb231c6f0fc85141078afe83284_9101.request.json
 create mode 100644 experiments/unified_contextual_memory/artifacts/evaluation/judges/745d3dd211c56e7e5f0e872771b6c94266f1ccb231c6f0fc85141078afe83284_9102.json
 create mode 100644 experiments/unified_contextual_memory/artifacts/evaluation/judges/745d3dd211c56e7e5f0e872771b6c94266f1ccb231c6f0fc85141078afe83284_9102.request.json
 create mode 100644 experiments/unified_contextual_memory/artifacts/evaluation/judges/745d3dd211c56e7e5f0e872771b6c94266f1ccb231c6f0fc85141078afe83284_9200.json
 create mode 100644 experiments/unified_contextual_memory/artifacts/evaluation/judges/745d3dd211c56e7e5f0e872771b6c94266f1ccb231c6f0fc85141078afe83284_9200.request.json
 create mode 100644 experiments/unified_contextual_memory/artifacts/evaluation/judges/74aa4b7d81d3b4a1afa97d61a0211764f7bf79cc0dfdf880df87a6788d7b4260_9100.json
 create mode 100644 experiments/unified_contextual_memory/artifacts/evaluation/judges/74aa4b7d81d3b4a1afa97d61a0211764f7bf79cc0dfdf880df87a6788d7b4260_9100.request.json
 create mode 100644 experiments/unified_contextual_memory/artifacts/evaluation/judges/74aa4b7d81d3b4a1afa97d61a0211764f7bf79cc0dfdf880df87a6788d7b4260_9101.json
 create mode 100644 experiments/unified_contextual_memory/artifacts/evaluation/judges/74aa4b7d81d3b4a1afa97d61a0211764f7bf79cc0dfdf880df87a6788d7b4260_9101.request.json
 create mode 100644 experiments/unified_contextual_memory/artifacts/evaluation/judges/74aa4b7d81d3b4a1afa97d61a0211764f7bf79cc0dfdf880df87a6788d7b4260_9102.json
 create mode 100644 experiments/unified_contextual_memory/artifacts/evaluation/judges/74aa4b7d81d3b4a1afa97d61a0211764f7bf79cc0dfdf880df87a6788d7b4260_9102.request.json
 create mode 100644 experiments/unified_contextual_memory/artifacts/evaluation/judges/74aa4b7d81d3b4a1afa97d61a0211764f7bf79cc0dfdf880df87a6788d7b4260_9200.json
 create mode 100644 experiments/unified_contextual_memory/artifacts/evaluation/judges/74aa4b7d81d3b4a1afa97d61a0211764f7bf79cc0dfdf880df87a6788d7b4260_9200.request.json
 create mode 100644 experiments/unified_contextual_memory/artifacts/evaluation/judges/74b3d3f9f00facbec60e25fbc85ff7547c01186201fa9a54706c1b3de2d24797_9100.json
 create mode 100644 experiments/unified_contextual_memory/artifacts/evaluation/judges/74b3d3f9f00facbec60e25fbc85ff7547c01186201fa9a54706c1b3de2d24797_9100.request.json
 create mode 100644 experiments/unified_contextual_memory/artifacts/evaluation/judges/74b3d3f9f00facbec60e25fbc85ff7547c01186201fa9a54706c1b3de2d24797_9101.json
 create mode 100644 experiments/unified_contextual_memory/artifacts/evaluation/judges/74b3d3f9f00facbec60e25fbc85ff7547c01186201fa9a54706c1b3de2d24797_9101.request.json
 create mode 100644 experiments/unified_contextual_memory/artifacts/evaluation/judges/74b3d3f9f00facbec60e25fbc85ff7547c01186201fa9a54706c1b3de2d24797_9102.json
 create mode 100644 experiments/unified_contextual_memory/artifacts/evaluation/judges/74b3d3f9f00facbec60e25fbc85ff7547c01186201fa9a54706c1b3de2d24797_9102.request.json
 create mode 100644 experiments/unified_contextual_memory/artifacts/evaluation/judges/74b3d3f9f00facbec60e25fbc85ff7547c01186201fa9a54706c1b3de2d24797_9200.json
 create mode 100644 experiments/unified_contextual_memory/artifacts/evaluation/judges/74b3d3f9f00facbec60e25fbc85ff7547c01186201fa9a54706c1b3de2d24797_9200.request.json
 create mode 100644 experiments/unified_contextual_memory/artifacts/evaluation/judges/74ce22a9bf0053352fb4a2a16afa09ea422a6abed84a2f8754393b115501542e_9100.json
 create mode 100644 experiments/unified_contextual_memory/artifacts/evaluation/judges/74ce22a9bf0053352fb4a2a16afa09ea422a6abed84a2f8754393b115501542e_9100.request.json
 create mode 100644 experiments/unified_contextual_memory/artifacts/evaluation/judges/74ce22a9bf0053352fb4a2a16afa09ea422a6abed84a2f8754393b115501542e_9101.json
 create mode 100644 experiments/unified_contextual_memory/artifacts/evaluation/judges/74ce22a9bf0053352fb4a2a16afa09ea422a6abed84a2f8754393b115501542e_9101.request.json
 create mode 100644 experiments/unified_contextual_memory/artifacts/evaluation/judges/74ce22a9bf0053352fb4a2a16afa09ea422a6abed84a2f8754393b115501542e_9102.json
 create mode 100644 experiments/unified_contextual_memory/artifacts/evaluation/judges/74ce22a9bf0053352fb4a2a16afa09ea422a6abed84a2f8754393b115501542e_9102.request.json
 create mode 100644 experiments/unified_contextual_memory/artifacts/evaluation/judges/74ce22a9bf0053352fb4a2a16afa09ea422a6abed84a2f8754393b115501542e_9200.json
 create mode 100644 experiments/unified_contextual_memory/artifacts/evaluation/judges/74ce22a9bf0053352fb4a2a16afa09ea422a6abed84a2f8754393b115501542e_9200.request.json
 create mode 100644 experiments/unified_contextual_memory/artifacts/evaluation/judges/74f29f9c77c6453c5ed7ab9cdde11164442618c6e40a8ff4a2b1c026ec5eeb1d_9100.json
 create mode 100644 experiments/unified_contextual_memory/artifacts/evaluation/judges/74f29f9c77c6453c5ed7ab9cdde11164442618c6e40a8ff4a2b1c026ec5eeb1d_9100.request.json
 create mode 100644 experiments/unified_contextual_memory/artifacts/evaluation/judges/74f29f9c77c6453c5ed7ab9cdde11164442618c6e40a8ff4a2b1c026ec5eeb1d_9101.json
 create mode 100644 experiments/unified_contextual_memory/artifacts/evaluation/judges/74f29f9c77c6453c5ed7ab9cdde11164442618c6e40a8ff4a2b1c026ec5eeb1d_9101.request.json
 create mode 100644 experiments/unified_contextual_memory/artifacts/evaluation/judges/74f29f9c77c6453c5ed7ab9cdde11164442618c6e40a8ff4a2b1c026ec5eeb1d_9102.json
 create mode 100644 experiments/unified_contextual_memory/artifacts/evaluation/judges/74f29f9c77c6453c5ed7ab9cdde11164442618c6e40a8ff4a2b1c026ec5eeb1d_9102.request.json
 create mode 100644 experiments/unified_contextual_memory/artifacts/evaluation/judges/74f29f9c77c6453c5ed7ab9cdde11164442618c6e40a8ff4a2b1c026ec5eeb1d_9200.json
 create mode 100644 experiments/unified_contextual_memory/artifacts/evaluation/judges/74f29f9c77c6453c5ed7ab9cdde11164442618c6e40a8ff4a2b1c026ec5eeb1d_9200.request.json
 create mode 100644 experiments/unified_contextual_memory/artifacts/evaluation/judges/756f9e1b5e79351fb92e22f2f21a7daa1f1507d6cf680ac778239f4890eba996_9100.json
 create mode 100644 experiments/unified_contextual_memory/artifacts/evaluation/judges/756f9e1b5e79351fb92e22f2f21a7daa1f1507d6cf680ac778239f4890eba996_9100.request.json
 create mode 100644 experiments/unified_contextual_memory/artifacts/evaluation/judges/756f9e1b5e79351fb92e22f2f21a7daa1f1507d6cf680ac778239f4890eba996_9101.json
 create mode 100644 experiments/unified_contextual_memory/artifacts/evaluation/judges/756f9e1b5e79351fb92e22f2f21a7daa1f1507d6cf680ac778239f4890eba996_9101.request.json
 create mode 100644 experiments/unified_contextual_memory/artifacts/evaluation/judges/756f9e1b5e79351fb92e22f2f21a7daa1f1507d6cf680ac778239f4890eba996_9102.json
 create mode 100644 experiments/unified_contextual_memory/artifacts/evaluation/judges/756f9e1b5e79351fb92e22f2f21a7daa1f1507d6cf680ac778239f4890eba996_9102.request.json
 create mode 100644 experiments/unified_contextual_memory/artifacts/evaluation/judges/756f9e1b5e79351fb92e22f2f21a7daa1f1507d6cf680ac778239f4890eba996_9200.json
 create mode 100644 experiments/unified_contextual_memory/artifacts/evaluation/judges/756f9e1b5e79351fb92e22f2f21a7daa1f1507d6cf680ac778239f4890eba996_9200.request.json
 create mode 100644 experiments/unified_contextual_memory/artifacts/evaluation/judges/75e589219b214edf60fca485cba024fbd0bd4c225d59aa8d106e4f19eb52f79d_9100.json
 create mode 100644 experiments/unified_contextual_memory/artifacts/evaluation/judges/75e589219b214edf60fca485cba024fbd0bd4c225d59aa8d106e4f19eb52f79d_9100.request.json
 create mode 100644 experiments/unified_contextual_memory/artifacts/evaluation/judges/75e589219b214edf60fca485cba024fbd0bd4c225d59aa8d106e4f19eb52f79d_9101.json
 create mode 100644 experiments/unified_contextual_memory/artifacts/evaluation/judges/75e589219b214edf60fca485cba024fbd0bd4c225d59aa8d106e4f19eb52f79d_9101.request.json
 create mode 100644 experiments/unified_contextual_memory/artifacts/evaluation/judges/75e589219b214edf60fca485cba024fbd0bd4c225d59aa8d106e4f19eb52f79d_9102.json
 create mode 100644 experiments/unified_contextual_memory/artifacts/evaluation/judges/75e589219b214edf60fca485cba024fbd0bd4c225d59aa8d106e4f19eb52f79d_9102.request.json
 create mode 100644 experiments/unified_contextual_memory/artifacts/evaluation/judges/75e589219b214edf60fca485cba024fbd0bd4c225d59aa8d106e4f19eb52f79d_9200.json
 create mode 100644 experiments/unified_contextual_memory/artifacts/evaluation/judges/75e589219b214edf60fca485cba024fbd0bd4c225d59aa8d106e4f19eb52f79d_9200.request.json
 create mode 100644 experiments/unified_contextual_memory/artifacts/evaluation/judges/75f4bf17dc932bf3d508e6fcbc8e6c3aa14b7054a9b6707f1dee62256bc8dfe5_9100.json
 create mode 100644 experiments/unified_contextual_memory/artifacts/evaluation/judges/75f4bf17dc932bf3d508e6fcbc8e6c3aa14b7054a9b6707f1dee62256bc8dfe5_9100.request.json
 create mode 100644 experiments/unified_contextual_memory/artifacts/evaluation/judges/75f4bf17dc932bf3d508e6fcbc8e6c3aa14b7054a9b6707f1dee62256bc8dfe5_9101.json
 create mode 100644 experiments/unified_contextual_memory/artifacts/evaluation/judges/75f4bf17dc932bf3d508e6fcbc8e6c3aa14b7054a9b6707f1dee62256bc8dfe5_9101.request.json
 create mode 100644 experiments/unified_contextual_memory/artifacts/evaluation/judges/75f4bf17dc932bf3d508e6fcbc8e6c3aa14b7054a9b6707f1dee62256bc8dfe5_9102.json
 create mode 100644 experiments/unified_contextual_memory/artifacts/evaluation/judges/75f4bf17dc932bf3d508e6fcbc8e6c3aa14b7054a9b6707f1dee62256bc8dfe5_9102.request.json
 create mode 100644 experiments/unified_contextual_memory/artifacts/evaluation/judges/75f4bf17dc932bf3d508e6fcbc8e6c3aa14b7054a9b6707f1dee62256bc8dfe5_9200.json
 create mode 100644 experiments/unified_contextual_memory/artifacts/evaluation/judges/75f4bf17dc932bf3d508e6fcbc8e6c3aa14b7054a9b6707f1dee62256bc8dfe5_9200.request.json
 create mode 100644 experiments/unified_contextual_memory/artifacts/evaluation/judges/763245cbe8925e6f8c51e0f90ff6587b663f303158c49a120a40da4fea5b8f1d_9100.json
 create mode 100644 experiments/unified_contextual_memory/artifacts/evaluation/judges/763245cbe8925e6f8c51e0f90ff6587b663f303158c49a120a40da4fea5b8f1d_9100.request.json
 create mode 100644 experiments/unified_contextual_memory/artifacts/evaluation/judges/763245cbe8925e6f8c51e0f90ff6587b663f303158c49a120a40da4fea5b8f1d_9101.json
 create mode 100644 experiments/unified_contextual_memory/artifacts/evaluation/judges/763245cbe8925e6f8c51e0f90ff6587b663f303158c49a120a40da4fea5b8f1d_9101.request.json
 create mode 100644 experiments/unified_contextual_memory/artifacts/evaluation/judges/763245cbe8925e6f8c51e0f90ff6587b663f303158c49a120a40da4fea5b8f1d_9102.json
 create mode 100644 experiments/unified_contextual_memory/artifacts/evaluation/judges/763245cbe8925e6f8c51e0f90ff6587b663f303158c49a120a40da4fea5b8f1d_9102.request.json
 create mode 100644 experiments/unified_contextual_memory/artifacts/evaluation/judges/763245cbe8925e6f8c51e0f90ff6587b663f303158c49a120a40da4fea5b8f1d_9200.json
 create mode 100644 experiments/unified_contextual_memory/artifacts/evaluation/judges/763245cbe8925e6f8c51e0f90ff6587b663f303158c49a120a40da4fea5b8f1d_9200.request.json
 create mode 100644 experiments/unified_contextual_memory/artifacts/evaluation/judges/7640c37b566a58fc05014ee557a570555aedf2e2b22eaa3126be84371df96ba2_9100.json
 create mode 100644 experiments/unified_contextual_memory/artifacts/evaluation/judges/7640c37b566a58fc05014ee557a570555aedf2e2b22eaa3126be84371df96ba2_9100.request.json
 create mode 100644 experiments/unified_contextual_memory/artifacts/evaluation/judges/7640c37b566a58fc05014ee557a570555aedf2e2b22eaa3126be84371df96ba2_9101.json
 create mode 100644 experiments/unified_contextual_memory/artifacts/evaluation/judges/7640c37b566a58fc05014ee557a570555aedf2e2b22eaa3126be84371df96ba2_9101.request.json
 create mode 100644 experiments/unified_contextual_memory/artifacts/evaluation/judges/7640c37b566a58fc05014ee557a570555aedf2e2b22eaa3126be84371df96ba2_9102.json
 create mode 100644 experiments/unified_contextual_memory/artifacts/evaluation/judges/7640c37b566a58fc05014ee557a570555aedf2e2b22eaa3126be84371df96ba2_9102.request.json
 create mode 100644 experiments/unified_contextual_memory/artifacts/evaluation/judges/7640c37b566a58fc05014ee557a570555aedf2e2b22eaa3126be84371df96ba2_9200.json
 create mode 100644 experiments/unified_contextual_memory/artifacts/evaluation/judges/7640c37b566a58fc05014ee557a570555aedf2e2b22eaa3126be84371df96ba2_9200.request.json
 create mode 100644 experiments/unified_contextual_memory/artifacts/evaluation/judges/77b03baa85ba4aabf79b3f17f7f5ced3b52ba314c5cb9b005dba75dc38183a3a_9100.json
 create mode 100644 experiments/unified_contextual_memory/artifacts/evaluation/judges/77b03baa85ba4aabf79b3f17f7f5ced3b52ba314c5cb9b005dba75dc38183a3a_9100.request.json
 create mode 100644 experiments/unified_contextual_memory/artifacts/evaluation/judges/77b03baa85ba4aabf79b3f17f7f5ced3b52ba314c5cb9b005dba75dc38183a3a_9101.json
 create mode 100644 experiments/unified_contextual_memory/artifacts/evaluation/judges/77b03baa85ba4aabf79b3f17f7f5ced3b52ba314c5cb9b005dba75dc38183a3a_9101.request.json
 create mode 100644 experiments/unified_contextual_memory/artifacts/evaluation/judges/77b03baa85ba4aabf79b3f17f7f5ced3b52ba314c5cb9b005dba75dc38183a3a_9102.json
 create mode 100644 experiments/unified_contextual_memory/artifacts/evaluation/judges/77b03baa85ba4aabf79b3f17f7f5ced3b52ba314c5cb9b005dba75dc38183a3a_9102.request.json
 create mode 100644 experiments/unified_contextual_memory/artifacts/evaluation/judges/77b03baa85ba4aabf79b3f17f7f5ced3b52ba314c5cb9b005dba75dc38183a3a_9200.json
 create mode 100644 experiments/unified_contextual_memory/artifacts/evaluation/judges/77b03baa85ba4aabf79b3f17f7f5ced3b52ba314c5cb9b005dba75dc38183a3a_9200.request.json
 create mode 100644 experiments/unified_contextual_memory/artifacts/evaluation/judges/780eca21cf743c4009aa09482a344536ba48ea4227cfc71c1f9223ffaa279c83_9100.json
 create mode 100644 experiments/unified_contextual_memory/artifacts/evaluation/judges/780eca21cf743c4009aa09482a344536ba48ea4227cfc71c1f9223ffaa279c83_9100.request.json
 create mode 100644 experiments/unified_contextual_memory/artifacts/evaluation/judges/780eca21cf743c4009aa09482a344536ba48ea4227cfc71c1f9223ffaa279c83_9101.json
 create mode 100644 experiments/unified_contextual_memory/artifacts/evaluation/judges/780eca21cf743c4009aa09482a344536ba48ea4227cfc71c1f9223ffaa279c83_9101.request.json
 create mode 100644 experiments/unified_contextual_memory/artifacts/evaluation/judges/780eca21cf743c4009aa09482a344536ba48ea4227cfc71c1f9223ffaa279c83_9102.json
 create mode 100644 experiments/unified_contextual_memory/artifacts/evaluation/judges/780eca21cf743c4009aa09482a344536ba48ea4227cfc71c1f9223ffaa279c83_9102.request.json
 create mode 100644 experiments/unified_contextual_memory/artifacts/evaluation/judges/780eca21cf743c4009aa09482a344536ba48ea4227cfc71c1f9223ffaa279c83_9200.json
 create mode 100644 experiments/unified_contextual_memory/artifacts/evaluation/judges/780eca21cf743c4009aa09482a344536ba48ea4227cfc71c1f9223ffaa279c83_9200.request.json
 create mode 100644 experiments/unified_contextual_memory/artifacts/evaluation/judges/784d31d2a641e8d3a249bb04749a70b0a5f9926469cac7ec9a628fba0a5f3233_9100.json
 create mode 100644 experiments/unified_contextual_memory/artifacts/evaluation/judges/784d31d2a641e8d3a249bb04749a70b0a5f9926469cac7ec9a628fba0a5f3233_9100.request.json
 create mode 100644 experiments/unified_contextual_memory/artifacts/evaluation/judges/784d31d2a641e8d3a249bb04749a70b0a5f9926469cac7ec9a628fba0a5f3233_9101.json
 create mode 100644 experiments/unified_contextual_memory/artifacts/evaluation/judges/784d31d2a641e8d3a249bb04749a70b0a5f9926469cac7ec9a628fba0a5f3233_9101.request.json
 create mode 100644 experiments/unified_contextual_memory/artifacts/evaluation/judges/784d31d2a641e8d3a249bb04749a70b0a5f9926469cac7ec9a628fba0a5f3233_9102.json
 create mode 100644 experiments/unified_contextual_memory/artifacts/evaluation/judges/784d31d2a641e8d3a249bb04749a70b0a5f9926469cac7ec9a628fba0a5f3233_9102.request.json
 create mode 100644 experiments/unified_contextual_memory/artifacts/evaluation/judges/784d31d2a641e8d3a249bb04749a70b0a5f9926469cac7ec9a628fba0a5f3233_9200.json
 create mode 100644 experiments/unified_contextual_memory/artifacts/evaluation/judges/784d31d2a641e8d3a249bb04749a70b0a5f9926469cac7ec9a628fba0a5f3233_9200.request.json
 create mode 100644 experiments/unified_contextual_memory/artifacts/evaluation/judges/78500b5c3d061a55545863c00e242710eed314303e22657eb581c479fe30a441_9100.json
 create mode 100644 experiments/unified_contextual_memory/artifacts/evaluation/judges/78500b5c3d061a55545863c00e242710eed314303e22657eb581c479fe30a441_9100.request.json
 create mode 100644 experiments/unified_contextual_memory/artifacts/evaluation/judges/78500b5c3d061a55545863c00e242710eed314303e22657eb581c479fe30a441_9101.json
 create mode 100644 experiments/unified_contextual_memory/artifacts/evaluation/judges/78500b5c3d061a55545863c00e242710eed314303e22657eb581c479fe30a441_9101.request.json
 create mode 100644 experiments/unified_contextual_memory/artifacts/evaluation/judges/78500b5c3d061a55545863c00e242710eed314303e22657eb581c479fe30a441_9102.json
 create mode 100644 experiments/unified_contextual_memory/artifacts/evaluation/judges/78500b5c3d061a55545863c00e242710eed314303e22657eb581c479fe30a441_9102.request.json
 create mode 100644 experiments/unified_contextual_memory/artifacts/evaluation/judges/78500b5c3d061a55545863c00e242710eed314303e22657eb581c479fe30a441_9200.json
 create mode 100644 experiments/unified_contextual_memory/artifacts/evaluation/judges/78500b5c3d061a55545863c00e242710eed314303e22657eb581c479fe30a441_9200.request.json
 create mode 100644 experiments/unified_contextual_memory/artifacts/evaluation/judges/78df6bd1fec9ac12b9f1e5c1ca98a97afecb67b22ca93d34488d567fad076f2b_9100.json
 create mode 100644 experiments/unified_contextual_memory/artifacts/evaluation/judges/78df6bd1fec9ac12b9f1e5c1ca98a97afecb67b22ca93d34488d567fad076f2b_9100.request.json
 create mode 100644 experiments/unified_contextual_memory/artifacts/evaluation/judges/78df6bd1fec9ac12b9f1e5c1ca98a97afecb67b22ca93d34488d567fad076f2b_9101.json
 create mode 100644 experiments/unified_contextual_memory/artifacts/evaluation/judges/78df6bd1fec9ac12b9f1e5c1ca98a97afecb67b22ca93d34488d567fad076f2b_9101.request.json
 create mode 100644 experiments/unified_contextual_memory/artifacts/evaluation/judges/78df6bd1fec9ac12b9f1e5c1ca98a97afecb67b22ca93d34488d567fad076f2b_9102.json
 create mode 100644 experiments/unified_contextual_memory/artifacts/evaluation/judges/78df6bd1fec9ac12b9f1e5c1ca98a97afecb67b22ca93d34488d567fad076f2b_9102.request.json
 create mode 100644 experiments/unified_contextual_memory/artifacts/evaluation/judges/78df6bd1fec9ac12b9f1e5c1ca98a97afecb67b22ca93d34488d567fad076f2b_9200.json
 create mode 100644 experiments/unified_contextual_memory/artifacts/evaluation/judges/78df6bd1fec9ac12b9f1e5c1ca98a97afecb67b22ca93d34488d567fad076f2b_9200.request.json
 create mode 100644 experiments/unified_contextual_memory/artifacts/evaluation/judges/78f51829a749803be02b11e6b71c22e98634c76241ef237ad44b87dd779e3454_9100.json
 create mode 100644 experiments/unified_contextual_memory/artifacts/evaluation/judges/78f51829a749803be02b11e6b71c22e98634c76241ef237ad44b87dd779e3454_9100.request.json
 create mode 100644 experiments/unified_contextual_memory/artifacts/evaluation/judges/78f51829a749803be02b11e6b71c22e98634c76241ef237ad44b87dd779e3454_9101.json
 create mode 100644 experiments/unified_contextual_memory/artifacts/evaluation/judges/78f51829a749803be02b11e6b71c22e98634c76241ef237ad44b87dd779e3454_9101.request.json
 create mode 100644 experiments/unified_contextual_memory/artifacts/evaluation/judges/78f51829a749803be02b11e6b71c22e98634c76241ef237ad44b87dd779e3454_9102.json
 create mode 100644 experiments/unified_contextual_memory/artifacts/evaluation/judges/78f51829a749803be02b11e6b71c22e98634c76241ef237ad44b87dd779e3454_9102.request.json
 create mode 100644 experiments/unified_contextual_memory/artifacts/evaluation/judges/78f51829a749803be02b11e6b71c22e98634c76241ef237ad44b87dd779e3454_9200.json
 create mode 100644 experiments/unified_contextual_memory/artifacts/evaluation/judges/78f51829a749803be02b11e6b71c22e98634c76241ef237ad44b87dd779e3454_9200.request.json
 create mode 100644 experiments/unified_contextual_memory/artifacts/evaluation/judges/7903f476780d03788a3cccadeeb3f1aff89e2e45a078f057f302ea6c210a3b7f_9100.json
 create mode 100644 experiments/unified_contextual_memory/artifacts/evaluation/judges/7903f476780d03788a3cccadeeb3f1aff89e2e45a078f057f302ea6c210a3b7f_9100.request.json
 create mode 100644 experiments/unified_contextual_memory/artifacts/evaluation/judges/7903f476780d03788a3cccadeeb3f1aff89e2e45a078f057f302ea6c210a3b7f_9101.json
 create mode 100644 experiments/unified_contextual_memory/artifacts/evaluation/judges/7903f476780d03788a3cccadeeb3f1aff89e2e45a078f057f302ea6c210a3b7f_9101.request.json
 create mode 100644 experiments/unified_contextual_memory/artifacts/evaluation/judges/7903f476780d03788a3cccadeeb3f1aff89e2e45a078f057f302ea6c210a3b7f_9102.json
 create mode 100644 experiments/unified_contextual_memory/artifacts/evaluation/judges/7903f476780d03788a3cccadeeb3f1aff89e2e45a078f057f302ea6c210a3b7f_9102.request.json
 create mode 100644 experiments/unified_contextual_memory/artifacts/evaluation/judges/7903f476780d03788a3cccadeeb3f1aff89e2e45a078f057f302ea6c210a3b7f_9200.json
 create mode 100644 experiments/unified_contextual_memory/artifacts/evaluation/judges/7903f476780d03788a3cccadeeb3f1aff89e2e45a078f057f302ea6c210a3b7f_9200.request.json
 create mode 100644 experiments/unified_contextual_memory/artifacts/evaluation/judges/79a876b9754ef9c17756a8e587d431046463070348c050e4338a8c3763fe7b88_9100.json
 create mode 100644 experiments/unified_contextual_memory/artifacts/evaluation/judges/79a876b9754ef9c17756a8e587d431046463070348c050e4338a8c3763fe7b88_9100.request.json
 create mode 100644 experiments/unified_contextual_memory/artifacts/evaluation/judges/79a876b9754ef9c17756a8e587d431046463070348c050e4338a8c3763fe7b88_9101.json
 create mode 100644 experiments/unified_contextual_memory/artifacts/evaluation/judges/79a876b9754ef9c17756a8e587d431046463070348c050e4338a8c3763fe7b88_9101.request.json
 create mode 100644 experiments/unified_contextual_memory/artifacts/evaluation/judges/79a876b9754ef9c17756a8e587d431046463070348c050e4338a8c3763fe7b88_9102.json
 create mode 100644 experiments/unified_contextual_memory/artifacts/evaluation/judges/79a876b9754ef9c17756a8e587d431046463070348c050e4338a8c3763fe7b88_9102.request.json
 create mode 100644 experiments/unified_contextual_memory/artifacts/evaluation/judges/79a876b9754ef9c17756a8e587d431046463070348c050e4338a8c3763fe7b88_9200.json
 create mode 100644 experiments/unified_contextual_memory/artifacts/evaluation/judges/79a876b9754ef9c17756a8e587d431046463070348c050e4338a8c3763fe7b88_9200.request.json
 create mode 100644 experiments/unified_contextual_memory/artifacts/evaluation/judges/7a7422f0c3850aaaa00d6b0906da98a137e2587ebc25638b5d3f416db2893211_9100.json
 create mode 100644 experiments/unified_contextual_memory/artifacts/evaluation/judges/7a7422f0c3850aaaa00d6b0906da98a137e2587ebc25638b5d3f416db2893211_9100.request.json
 create mode 100644 experiments/unified_contextual_memory/artifacts/evaluation/judges/7a7422f0c3850aaaa00d6b0906da98a137e2587ebc25638b5d3f416db2893211_9101.json
 create mode 100644 experiments/unified_contextual_memory/artifacts/evaluation/judges/7a7422f0c3850aaaa00d6b0906da98a137e2587ebc25638b5d3f416db2893211_9101.request.json
 create mode 100644 experiments/unified_contextual_memory/artifacts/evaluation/judges/7a7422f0c3850aaaa00d6b0906da98a137e2587ebc25638b5d3f416db2893211_9102.json
 create mode 100644 experiments/unified_contextual_memory/artifacts/evaluation/judges/7a7422f0c3850aaaa00d6b0906da98a137e2587ebc25638b5d3f416db2893211_9102.request.json
 create mode 100644 experiments/unified_contextual_memory/artifacts/evaluation/judges/7a7422f0c3850aaaa00d6b0906da98a137e2587ebc25638b5d3f416db2893211_9200.json
 create mode 100644 experiments/unified_contextual_memory/artifacts/evaluation/judges/7a7422f0c3850aaaa00d6b0906da98a137e2587ebc25638b5d3f416db2893211_9200.request.json
 create mode 100644 experiments/unified_contextual_memory/artifacts/evaluation/judges/7c82dd6799bea1307f8fc82b6328c72a6c50a76a454021363f6041708f5df79f_9100.json
 create mode 100644 experiments/unified_contextual_memory/artifacts/evaluation/judges/7c82dd6799bea1307f8fc82b6328c72a6c50a76a454021363f6041708f5df79f_9100.request.json
 create mode 100644 experiments/unified_contextual_memory/artifacts/evaluation/judges/7c82dd6799bea1307f8fc82b6328c72a6c50a76a454021363f6041708f5df79f_9101.json
 create mode 100644 experiments/unified_contextual_memory/artifacts/evaluation/judges/7c82dd6799bea1307f8fc82b6328c72a6c50a76a454021363f6041708f5df79f_9101.request.json
 create mode 100644 experiments/unified_contextual_memory/artifacts/evaluation/judges/7c82dd6799bea1307f8fc82b6328c72a6c50a76a454021363f6041708f5df79f_9102.json
 create mode 100644 experiments/unified_contextual_memory/artifacts/evaluation/judges/7c82dd6799bea1307f8fc82b6328c72a6c50a76a454021363f6041708f5df79f_9102.request.json
 create mode 100644 experiments/unified_contextual_memory/artifacts/evaluation/judges/7c82dd6799bea1307f8fc82b6328c72a6c50a76a454021363f6041708f5df79f_9200.json
 create mode 100644 experiments/unified_contextual_memory/artifacts/evaluation/judges/7c82dd6799bea1307f8fc82b6328c72a6c50a76a454021363f6041708f5df79f_9200.request.json
 create mode 100644 experiments/unified_contextual_memory/artifacts/evaluation/judges/7ce8fcf14da7241e563ffdfd820feb018e2db74fbf9ac5d991c523bdfe25389e_9100.json
 create mode 100644 experiments/unified_contextual_memory/artifacts/evaluation/judges/7ce8fcf14da7241e563ffdfd820feb018e2db74fbf9ac5d991c523bdfe25389e_9100.request.json
 create mode 100644 experiments/unified_contextual_memory/artifacts/evaluation/judges/7ce8fcf14da7241e563ffdfd820feb018e2db74fbf9ac5d991c523bdfe25389e_9101.json
 create mode 100644 experiments/unified_contextual_memory/artifacts/evaluation/judges/7ce8fcf14da7241e563ffdfd820feb018e2db74fbf9ac5d991c523bdfe25389e_9101.request.json
 create mode 100644 experiments/unified_contextual_memory/artifacts/evaluation/judges/7ce8fcf14da7241e563ffdfd820feb018e2db74fbf9ac5d991c523bdfe25389e_9102.json
 create mode 100644 experiments/unified_contextual_memory/artifacts/evaluation/judges/7ce8fcf14da7241e563ffdfd820feb018e2db74fbf9ac5d991c523bdfe25389e_9102.request.json
 create mode 100644 experiments/unified_contextual_memory/artifacts/evaluation/judges/7ce8fcf14da7241e563ffdfd820feb018e2db74fbf9ac5d991c523bdfe25389e_9200.json
 create mode 100644 experiments/unified_contextual_memory/artifacts/evaluation/judges/7ce8fcf14da7241e563ffdfd820feb018e2db74fbf9ac5d991c523bdfe25389e_9200.request.json
 create mode 100644 experiments/unified_contextual_memory/artifacts/evaluation/judges/7d83a97ab4bbfaf2785504828af062314e2493c2e2f673040e82c860da0e829b_9100.json
 create mode 100644 experiments/unified_contextual_memory/artifacts/evaluation/judges/7d83a97ab4bbfaf2785504828af062314e2493c2e2f673040e82c860da0e829b_9100.request.json
 create mode 100644 experiments/unified_contextual_memory/artifacts/evaluation/judges/7d83a97ab4bbfaf2785504828af062314e2493c2e2f673040e82c860da0e829b_9101.json
 create mode 100644 experiments/unified_contextual_memory/artifacts/evaluation/judges/7d83a97ab4bbfaf2785504828af062314e2493c2e2f673040e82c860da0e829b_9101.request.json
 create mode 100644 experiments/unified_contextual_memory/artifacts/evaluation/judges/7d83a97ab4bbfaf2785504828af062314e2493c2e2f673040e82c860da0e829b_9102.json
 create mode 100644 experiments/unified_contextual_memory/artifacts/evaluation/judges/7d83a97ab4bbfaf2785504828af062314e2493c2e2f673040e82c860da0e829b_9102.request.json
 create mode 100644 experiments/unified_contextual_memory/artifacts/evaluation/judges/7d83a97ab4bbfaf2785504828af062314e2493c2e2f673040e82c860da0e829b_9200.json
 create mode 100644 experiments/unified_contextual_memory/artifacts/evaluation/judges/7d83a97ab4bbfaf2785504828af062314e2493c2e2f673040e82c860da0e829b_9200.request.json
 create mode 100644 experiments/unified_contextual_memory/artifacts/evaluation/judges/7e99767bb6235fbad2023669b37f69596f4649e18bbce830bdfa68bbb566a2c9_9100.json
 create mode 100644 experiments/unified_contextual_memory/artifacts/evaluation/judges/7e99767bb6235fbad2023669b37f69596f4649e18bbce830bdfa68bbb566a2c9_9100.request.json
 create mode 100644 experiments/unified_contextual_memory/artifacts/evaluation/judges/7e99767bb6235fbad2023669b37f69596f4649e18bbce830bdfa68bbb566a2c9_9101.json
 create mode 100644 experiments/unified_contextual_memory/artifacts/evaluation/judges/7e99767bb6235fbad2023669b37f69596f4649e18bbce830bdfa68bbb566a2c9_9101.request.json
 create mode 100644 experiments/unified_contextual_memory/artifacts/evaluation/judges/7e99767bb6235fbad2023669b37f69596f4649e18bbce830bdfa68bbb566a2c9_9102.json
 create mode 100644 experiments/unified_contextual_memory/artifacts/evaluation/judges/7e99767bb6235fbad2023669b37f69596f4649e18bbce830bdfa68bbb566a2c9_9102.request.json
 create mode 100644 experiments/unified_contextual_memory/artifacts/evaluation/judges/7e99767bb6235fbad2023669b37f69596f4649e18bbce830bdfa68bbb566a2c9_9200.json
 create mode 100644 experiments/unified_contextual_memory/artifacts/evaluation/judges/7e99767bb6235fbad2023669b37f69596f4649e18bbce830bdfa68bbb566a2c9_9200.request.json
 create mode 100644 experiments/unified_contextual_memory/artifacts/evaluation/judges/7ec817db6d680cc0cc649f5ebfa85c31b3583d474579246dc09206114426a683_9100.json
 create mode 100644 experiments/unified_contextual_memory/artifacts/evaluation/judges/7ec817db6d680cc0cc649f5ebfa85c31b3583d474579246dc09206114426a683_9100.request.json
 create mode 100644 experiments/unified_contextual_memory/artifacts/evaluation/judges/7ec817db6d680cc0cc649f5ebfa85c31b3583d474579246dc09206114426a683_9101.json
 create mode 100644 experiments/unified_contextual_memory/artifacts/evaluation/judges/7ec817db6d680cc0cc649f5ebfa85c31b3583d474579246dc09206114426a683_9101.request.json
 create mode 100644 experiments/unified_contextual_memory/artifacts/evaluation/judges/7ec817db6d680cc0cc649f5ebfa85c31b3583d474579246dc09206114426a683_9102.json
 create mode 100644 experiments/unified_contextual_memory/artifacts/evaluation/judges/7ec817db6d680cc0cc649f5ebfa85c31b3583d474579246dc09206114426a683_9102.request.json
 create mode 100644 experiments/unified_contextual_memory/artifacts/evaluation/judges/7ec817db6d680cc0cc649f5ebfa85c31b3583d474579246dc09206114426a683_9200.json
 create mode 100644 experiments/unified_contextual_memory/artifacts/evaluation/judges/7ec817db6d680cc0cc649f5ebfa85c31b3583d474579246dc09206114426a683_9200.request.json
 create mode 100644 experiments/unified_contextual_memory/artifacts/evaluation/judges/7f2d114b9f88f9e26f8b0d8b0eea2c76547ea410142fa8820ee9582c10f99fa8_9100.json
 create mode 100644 experiments/unified_contextual_memory/artifacts/evaluation/judges/7f2d114b9f88f9e26f8b0d8b0eea2c76547ea410142fa8820ee9582c10f99fa8_9100.request.json
 create mode 100644 experiments/unified_contextual_memory/artifacts/evaluation/judges/7f2d114b9f88f9e26f8b0d8b0eea2c76547ea410142fa8820ee9582c10f99fa8_9101.json
 create mode 100644 experiments/unified_contextual_memory/artifacts/evaluation/judges/7f2d114b9f88f9e26f8b0d8b0eea2c76547ea410142fa8820ee9582c10f99fa8_9101.request.json
 create mode 100644 experiments/unified_contextual_memory/artifacts/evaluation/judges/7f2d114b9f88f9e26f8b0d8b0eea2c76547ea410142fa8820ee9582c10f99fa8_9102.json
 create mode 100644 experiments/unified_contextual_memory/artifacts/evaluation/judges/7f2d114b9f88f9e26f8b0d8b0eea2c76547ea410142fa8820ee9582c10f99fa8_9102.request.json
 create mode 100644 experiments/unified_contextual_memory/artifacts/evaluation/judges/7f2d114b9f88f9e26f8b0d8b0eea2c76547ea410142fa8820ee9582c10f99fa8_9200.json
 create mode 100644 experiments/unified_contextual_memory/artifacts/evaluation/judges/7f2d114b9f88f9e26f8b0d8b0eea2c76547ea410142fa8820ee9582c10f99fa8_9200.request.json
 create mode 100644 experiments/unified_contextual_memory/artifacts/evaluation/judges/7f48a5fb474430cd624fd50a441248d7397bbc0894bd5e2896d041a6a70a632a_9100.json
 create mode 100644 experiments/unified_contextual_memory/artifacts/evaluation/judges/7f48a5fb474430cd624fd50a441248d7397bbc0894bd5e2896d041a6a70a632a_9100.request.json
 create mode 100644 experiments/unified_contextual_memory/artifacts/evaluation/judges/7f48a5fb474430cd624fd50a441248d7397bbc0894bd5e2896d041a6a70a632a_9101.json
 create mode 100644 experiments/unified_contextual_memory/artifacts/evaluation/judges/7f48a5fb474430cd624fd50a441248d7397bbc0894bd5e2896d041a6a70a632a_9101.request.json
 create mode 100644 experiments/unified_contextual_memory/artifacts/evaluation/judges/7f48a5fb474430cd624fd50a441248d7397bbc0894bd5e2896d041a6a70a632a_9102.json
 create mode 100644 experiments/unified_contextual_memory/artifacts/evaluation/judges/7f48a5fb474430cd624fd50a441248d7397bbc0894bd5e2896d041a6a70a632a_9102.request.json
 create mode 100644 experiments/unified_contextual_memory/artifacts/evaluation/judges/7f48a5fb474430cd624fd50a441248d7397bbc0894bd5e2896d041a6a70a632a_9200.json
 create mode 100644 experiments/unified_contextual_memory/artifacts/evaluation/judges/7f48a5fb474430cd624fd50a441248d7397bbc0894bd5e2896d041a6a70a632a_9200.request.json
 create mode 100644 experiments/unified_contextual_memory/artifacts/evaluation/judges/7f92a3c41ceff8f096d4b18c11691488715eb4ffea3ea19136e2f82daf7c6f68_9100.json
 create mode 100644 experiments/unified_contextual_memory/artifacts/evaluation/judges/7f92a3c41ceff8f096d4b18c11691488715eb4ffea3ea19136e2f82daf7c6f68_9100.request.json
 create mode 100644 experiments/unified_contextual_memory/artifacts/evaluation/judges/7f92a3c41ceff8f096d4b18c11691488715eb4ffea3ea19136e2f82daf7c6f68_9101.json
 create mode 100644 experiments/unified_contextual_memory/artifacts/evaluation/judges/7f92a3c41ceff8f096d4b18c11691488715eb4ffea3ea19136e2f82daf7c6f68_9101.request.json
 create mode 100644 experiments/unified_contextual_memory/artifacts/evaluation/judges/7f92a3c41ceff8f096d4b18c11691488715eb4ffea3ea19136e2f82daf7c6f68_9102.json
 create mode 100644 experiments/unified_contextual_memory/artifacts/evaluation/judges/7f92a3c41ceff8f096d4b18c11691488715eb4ffea3ea19136e2f82daf7c6f68_9102.request.json
 create mode 100644 experiments/unified_contextual_memory/artifacts/evaluation/judges/7f92a3c41ceff8f096d4b18c11691488715eb4ffea3ea19136e2f82daf7c6f68_9200.json
 create mode 100644 experiments/unified_contextual_memory/artifacts/evaluation/judges/7f92a3c41ceff8f096d4b18c11691488715eb4ffea3ea19136e2f82daf7c6f68_9200.request.json
 create mode 100644 experiments/unified_contextual_memory/artifacts/evaluation/judges/804ba2b56dacd1de04ad6a2068dc4c73a06a2a04cb84740c69ed287bc8445084_9100.json
 create mode 100644 experiments/unified_contextual_memory/artifacts/evaluation/judges/804ba2b56dacd1de04ad6a2068dc4c73a06a2a04cb84740c69ed287bc8445084_9100.request.json
 create mode 100644 experiments/unified_contextual_memory/artifacts/evaluation/judges/804ba2b56dacd1de04ad6a2068dc4c73a06a2a04cb84740c69ed287bc8445084_9101.json
 create mode 100644 experiments/unified_contextual_memory/artifacts/evaluation/judges/804ba2b56dacd1de04ad6a2068dc4c73a06a2a04cb84740c69ed287bc8445084_9101.request.json
 create mode 100644 experiments/unified_contextual_memory/artifacts/evaluation/judges/804ba2b56dacd1de04ad6a2068dc4c73a06a2a04cb84740c69ed287bc8445084_9102.json
 create mode 100644 experiments/unified_contextual_memory/artifacts/evaluation/judges/804ba2b56dacd1de04ad6a2068dc4c73a06a2a04cb84740c69ed287bc8445084_9102.request.json
 create mode 100644 experiments/unified_contextual_memory/artifacts/evaluation/judges/804ba2b56dacd1de04ad6a2068dc4c73a06a2a04cb84740c69ed287bc8445084_9200.json
 create mode 100644 experiments/unified_contextual_memory/artifacts/evaluation/judges/804ba2b56dacd1de04ad6a2068dc4c73a06a2a04cb84740c69ed287bc8445084_9200.request.json
 create mode 100644 experiments/unified_contextual_memory/artifacts/evaluation/judges/80617b1ff8c0f2953890e6b9ee18eec106709bb7130f23627bbd173e08f01b39_9100.json
 create mode 100644 experiments/unified_contextual_memory/artifacts/evaluation/judges/80617b1ff8c0f2953890e6b9ee18eec106709bb7130f23627bbd173e08f01b39_9100.request.json
 create mode 100644 experiments/unified_contextual_memory/artifacts/evaluation/judges/80617b1ff8c0f2953890e6b9ee18eec106709bb7130f23627bbd173e08f01b39_9101.json
 create mode 100644 experiments/unified_contextual_memory/artifacts/evaluation/judges/80617b1ff8c0f2953890e6b9ee18eec106709bb7130f23627bbd173e08f01b39_9101.request.json
 create mode 100644 experiments/unified_contextual_memory/artifacts/evaluation/judges/80617b1ff8c0f2953890e6b9ee18eec106709bb7130f23627bbd173e08f01b39_9102.json
 create mode 100644 experiments/unified_contextual_memory/artifacts/evaluation/judges/80617b1ff8c0f2953890e6b9ee18eec106709bb7130f23627bbd173e08f01b39_9102.request.json
 create mode 100644 experiments/unified_contextual_memory/artifacts/evaluation/judges/80617b1ff8c0f2953890e6b9ee18eec106709bb7130f23627bbd173e08f01b39_9200.json
 create mode 100644 experiments/unified_contextual_memory/artifacts/evaluation/judges/80617b1ff8c0f2953890e6b9ee18eec106709bb7130f23627bbd173e08f01b39_9200.request.json
 create mode 100644 experiments/unified_contextual_memory/artifacts/evaluation/judges/807d345015b93ce9db3a8146b2fabd27aec49a84d33108b15a8446274e8973b0_9100.json
 create mode 100644 experiments/unified_contextual_memory/artifacts/evaluation/judges/807d345015b93ce9db3a8146b2fabd27aec49a84d33108b15a8446274e8973b0_9100.request.json
 create mode 100644 experiments/unified_contextual_memory/artifacts/evaluation/judges/807d345015b93ce9db3a8146b2fabd27aec49a84d33108b15a8446274e8973b0_9101.json
 create mode 100644 experiments/unified_contextual_memory/artifacts/evaluation/judges/807d345015b93ce9db3a8146b2fabd27aec49a84d33108b15a8446274e8973b0_9101.request.json
 create mode 100644 experiments/unified_contextual_memory/artifacts/evaluation/judges/807d345015b93ce9db3a8146b2fabd27aec49a84d33108b15a8446274e8973b0_9102.json
 create mode 100644 experiments/unified_contextual_memory/artifacts/evaluation/judges/807d345015b93ce9db3a8146b2fabd27aec49a84d33108b15a8446274e8973b0_9102.request.json
 create mode 100644 experiments/unified_contextual_memory/artifacts/evaluation/judges/807d345015b93ce9db3a8146b2fabd27aec49a84d33108b15a8446274e8973b0_9200.json
 create mode 100644 experiments/unified_contextual_memory/artifacts/evaluation/judges/807d345015b93ce9db3a8146b2fabd27aec49a84d33108b15a8446274e8973b0_9200.request.json
 create mode 100644 experiments/unified_contextual_memory/artifacts/evaluation/judges/818e014c3a7ee3ba82b0d8a42f1613653e935a6b2a42bd3e1a01b6ecce075bfd_9100.json
 create mode 100644 experiments/unified_contextual_memory/artifacts/evaluation/judges/818e014c3a7ee3ba82b0d8a42f1613653e935a6b2a42bd3e1a01b6ecce075bfd_9100.request.json
 create mode 100644 experiments/unified_contextual_memory/artifacts/evaluation/judges/818e014c3a7ee3ba82b0d8a42f1613653e935a6b2a42bd3e1a01b6ecce075bfd_9101.json
 create mode 100644 experiments/unified_contextual_memory/artifacts/evaluation/judges/818e014c3a7ee3ba82b0d8a42f1613653e935a6b2a42bd3e1a01b6ecce075bfd_9101.request.json
 create mode 100644 experiments/unified_contextual_memory/artifacts/evaluation/judges/818e014c3a7ee3ba82b0d8a42f1613653e935a6b2a42bd3e1a01b6ecce075bfd_9102.json
 create mode 100644 experiments/unified_contextual_memory/artifacts/evaluation/judges/818e014c3a7ee3ba82b0d8a42f1613653e935a6b2a42bd3e1a01b6ecce075bfd_9102.request.json
 create mode 100644 experiments/unified_contextual_memory/artifacts/evaluation/judges/818e014c3a7ee3ba82b0d8a42f1613653e935a6b2a42bd3e1a01b6ecce075bfd_9200.json
 create mode 100644 experiments/unified_contextual_memory/artifacts/evaluation/judges/818e014c3a7ee3ba82b0d8a42f1613653e935a6b2a42bd3e1a01b6ecce075bfd_9200.request.json
 create mode 100644 experiments/unified_contextual_memory/artifacts/evaluation/judges/81a9dc197b996ae1cf48fc2aca743d4ffe820b5697d4dc08f12c2acb628fb880_9100.json
 create mode 100644 experiments/unified_contextual_memory/artifacts/evaluation/judges/81a9dc197b996ae1cf48fc2aca743d4ffe820b5697d4dc08f12c2acb628fb880_9100.request.json
 create mode 100644 experiments/unified_contextual_memory/artifacts/evaluation/judges/81a9dc197b996ae1cf48fc2aca743d4ffe820b5697d4dc08f12c2acb628fb880_9101.json
 create mode 100644 experiments/unified_contextual_memory/artifacts/evaluation/judges/81a9dc197b996ae1cf48fc2aca743d4ffe820b5697d4dc08f12c2acb628fb880_9101.request.json
 create mode 100644 experiments/unified_contextual_memory/artifacts/evaluation/judges/81a9dc197b996ae1cf48fc2aca743d4ffe820b5697d4dc08f12c2acb628fb880_9102.json
 create mode 100644 experiments/unified_contextual_memory/artifacts/evaluation/judges/81a9dc197b996ae1cf48fc2aca743d4ffe820b5697d4dc08f12c2acb628fb880_9102.request.json
 create mode 100644 experiments/unified_contextual_memory/artifacts/evaluation/judges/81a9dc197b996ae1cf48fc2aca743d4ffe820b5697d4dc08f12c2acb628fb880_9200.json
 create mode 100644 experiments/unified_contextual_memory/artifacts/evaluation/judges/81a9dc197b996ae1cf48fc2aca743d4ffe820b5697d4dc08f12c2acb628fb880_9200.request.json
 create mode 100644 experiments/unified_contextual_memory/artifacts/evaluation/judges/821e5d6c091cb40818349eadeb0d5ab79de6f2f347b3d4133ad57ff98917487b_9100.json
 create mode 100644 experiments/unified_contextual_memory/artifacts/evaluation/judges/821e5d6c091cb40818349eadeb0d5ab79de6f2f347b3d4133ad57ff98917487b_9100.request.json
 create mode 100644 experiments/unified_contextual_memory/artifacts/evaluation/judges/821e5d6c091cb40818349eadeb0d5ab79de6f2f347b3d4133ad57ff98917487b_9101.json
 create mode 100644 experiments/unified_contextual_memory/artifacts/evaluation/judges/821e5d6c091cb40818349eadeb0d5ab79de6f2f347b3d4133ad57ff98917487b_9101.request.json
 create mode 100644 experiments/unified_contextual_memory/artifacts/evaluation/judges/821e5d6c091cb40818349eadeb0d5ab79de6f2f347b3d4133ad57ff98917487b_9102.json
 create mode 100644 experiments/unified_contextual_memory/artifacts/evaluation/judges/821e5d6c091cb40818349eadeb0d5ab79de6f2f347b3d4133ad57ff98917487b_9102.request.json
 create mode 100644 experiments/unified_contextual_memory/artifacts/evaluation/judges/821e5d6c091cb40818349eadeb0d5ab79de6f2f347b3d4133ad57ff98917487b_9200.json
 create mode 100644 experiments/unified_contextual_memory/artifacts/evaluation/judges/821e5d6c091cb40818349eadeb0d5ab79de6f2f347b3d4133ad57ff98917487b_9200.request.json
 create mode 100644 experiments/unified_contextual_memory/artifacts/evaluation/judges/83109aae25e5981c1be09591d07e3811a7e61250a23e727f0223f9cd0f519a89_9100.json
 create mode 100644 experiments/unified_contextual_memory/artifacts/evaluation/judges/83109aae25e5981c1be09591d07e3811a7e61250a23e727f0223f9cd0f519a89_9100.request.json
 create mode 100644 experiments/unified_contextual_memory/artifacts/evaluation/judges/83109aae25e5981c1be09591d07e3811a7e61250a23e727f0223f9cd0f519a89_9101.json
 create mode 100644 experiments/unified_contextual_memory/artifacts/evaluation/judges/83109aae25e5981c1be09591d07e3811a7e61250a23e727f0223f9cd0f519a89_9101.request.json
 create mode 100644 experiments/unified_contextual_memory/artifacts/evaluation/judges/83109aae25e5981c1be09591d07e3811a7e61250a23e727f0223f9cd0f519a89_9102.json
 create mode 100644 experiments/unified_contextual_memory/artifacts/evaluation/judges/83109aae25e5981c1be09591d07e3811a7e61250a23e727f0223f9cd0f519a89_9102.request.json
 create mode 100644 experiments/unified_contextual_memory/artifacts/evaluation/judges/83109aae25e5981c1be09591d07e3811a7e61250a23e727f0223f9cd0f519a89_9200.json
 create mode 100644 experiments/unified_contextual_memory/artifacts/evaluation/judges/83109aae25e5981c1be09591d07e3811a7e61250a23e727f0223f9cd0f519a89_9200.request.json
 create mode 100644 experiments/unified_contextual_memory/artifacts/evaluation/judges/8328de3d56ab63b82f53436cbfd4be625411ada3829391b1c7fba1538ff9b30a_9100.json
 create mode 100644 experiments/unified_contextual_memory/artifacts/evaluation/judges/8328de3d56ab63b82f53436cbfd4be625411ada3829391b1c7fba1538ff9b30a_9100.request.json
 create mode 100644 experiments/unified_contextual_memory/artifacts/evaluation/judges/8328de3d56ab63b82f53436cbfd4be625411ada3829391b1c7fba1538ff9b30a_9101.json
 create mode 100644 experiments/unified_contextual_memory/artifacts/evaluation/judges/8328de3d56ab63b82f53436cbfd4be625411ada3829391b1c7fba1538ff9b30a_9101.request.json
 create mode 100644 experiments/unified_contextual_memory/artifacts/evaluation/judges/8328de3d56ab63b82f53436cbfd4be625411ada3829391b1c7fba1538ff9b30a_9102.json
 create mode 100644 experiments/unified_contextual_memory/artifacts/evaluation/judges/8328de3d56ab63b82f53436cbfd4be625411ada3829391b1c7fba1538ff9b30a_9102.request.json
 create mode 100644 experiments/unified_contextual_memory/artifacts/evaluation/judges/8328de3d56ab63b82f53436cbfd4be625411ada3829391b1c7fba1538ff9b30a_9200.json
 create mode 100644 experiments/unified_contextual_memory/artifacts/evaluation/judges/8328de3d56ab63b82f53436cbfd4be625411ada3829391b1c7fba1538ff9b30a_9200.request.json
 create mode 100644 experiments/unified_contextual_memory/artifacts/evaluation/judges/83e0fa0a67d929695c9e18244118b2cd0dda399aff5ffdd1b2adef47fd2ea6fa_9100.json
 create mode 100644 experiments/unified_contextual_memory/artifacts/evaluation/judges/83e0fa0a67d929695c9e18244118b2cd0dda399aff5ffdd1b2adef47fd2ea6fa_9100.request.json
 create mode 100644 experiments/unified_contextual_memory/artifacts/evaluation/judges/83e0fa0a67d929695c9e18244118b2cd0dda399aff5ffdd1b2adef47fd2ea6fa_9101.json
 create mode 100644 experiments/unified_contextual_memory/artifacts/evaluation/judges/83e0fa0a67d929695c9e18244118b2cd0dda399aff5ffdd1b2adef47fd2ea6fa_9101.request.json
 create mode 100644 experiments/unified_contextual_memory/artifacts/evaluation/judges/83e0fa0a67d929695c9e18244118b2cd0dda399aff5ffdd1b2adef47fd2ea6fa_9102.json
 create mode 100644 experiments/unified_contextual_memory/artifacts/evaluation/judges/83e0fa0a67d929695c9e18244118b2cd0dda399aff5ffdd1b2adef47fd2ea6fa_9102.request.json
 create mode 100644 experiments/unified_contextual_memory/artifacts/evaluation/judges/83e0fa0a67d929695c9e18244118b2cd0dda399aff5ffdd1b2adef47fd2ea6fa_9200.json
 create mode 100644 experiments/unified_contextual_memory/artifacts/evaluation/judges/83e0fa0a67d929695c9e18244118b2cd0dda399aff5ffdd1b2adef47fd2ea6fa_9200.request.json
 create mode 100644 experiments/unified_contextual_memory/artifacts/evaluation/judges/84318ad71729d1bc0a73ddaab4ff8b37a02e67caf1eac04744936acec104edba_9100.json
 create mode 100644 experiments/unified_contextual_memory/artifacts/evaluation/judges/84318ad71729d1bc0a73ddaab4ff8b37a02e67caf1eac04744936acec104edba_9100.request.json
 create mode 100644 experiments/unified_contextual_memory/artifacts/evaluation/judges/84318ad71729d1bc0a73ddaab4ff8b37a02e67caf1eac04744936acec104edba_9101.json
 create mode 100644 experiments/unified_contextual_memory/artifacts/evaluation/judges/84318ad71729d1bc0a73ddaab4ff8b37a02e67caf1eac04744936acec104edba_9101.request.json
 create mode 100644 experiments/unified_contextual_memory/artifacts/evaluation/judges/84318ad71729d1bc0a73ddaab4ff8b37a02e67caf1eac04744936acec104edba_9102.json
 create mode 100644 experiments/unified_contextual_memory/artifacts/evaluation/judges/84318ad71729d1bc0a73ddaab4ff8b37a02e67caf1eac04744936acec104edba_9102.request.json
 create mode 100644 experiments/unified_contextual_memory/artifacts/evaluation/judges/84318ad71729d1bc0a73ddaab4ff8b37a02e67caf1eac04744936acec104edba_9200.json
 create mode 100644 experiments/unified_contextual_memory/artifacts/evaluation/judges/84318ad71729d1bc0a73ddaab4ff8b37a02e67caf1eac04744936acec104edba_9200.request.json
 create mode 100644 experiments/unified_contextual_memory/artifacts/evaluation/judges/843b24e4950808222e0c8140df9f32941854ece364ee2ecca7d17cebe22d45e0_9100.json
 create mode 100644 experiments/unified_contextual_memory/artifacts/evaluation/judges/843b24e4950808222e0c8140df9f32941854ece364ee2ecca7d17cebe22d45e0_9100.request.json
 create mode 100644 experiments/unified_contextual_memory/artifacts/evaluation/judges/843b24e4950808222e0c8140df9f32941854ece364ee2ecca7d17cebe22d45e0_9101.json
 create mode 100644 experiments/unified_contextual_memory/artifacts/evaluation/judges/843b24e4950808222e0c8140df9f32941854ece364ee2ecca7d17cebe22d45e0_9101.request.json
 create mode 100644 experiments/unified_contextual_memory/artifacts/evaluation/judges/843b24e4950808222e0c8140df9f32941854ece364ee2ecca7d17cebe22d45e0_9102.json
 create mode 100644 experiments/unified_contextual_memory/artifacts/evaluation/judges/843b24e4950808222e0c8140df9f32941854ece364ee2ecca7d17cebe22d45e0_9102.request.json
 create mode 100644 experiments/unified_contextual_memory/artifacts/evaluation/judges/843b24e4950808222e0c8140df9f32941854ece364ee2ecca7d17cebe22d45e0_9200.json
 create mode 100644 experiments/unified_contextual_memory/artifacts/evaluation/judges/843b24e4950808222e0c8140df9f32941854ece364ee2ecca7d17cebe22d45e0_9200.request.json
 create mode 100644 experiments/unified_contextual_memory/artifacts/evaluation/judges/84ee7c0f32fe9ca79307a865b1148848a79744c0d677ba7a04331285c91fb9c4_9100.json
 create mode 100644 experiments/unified_contextual_memory/artifacts/evaluation/judges/84ee7c0f32fe9ca79307a865b1148848a79744c0d677ba7a04331285c91fb9c4_9100.request.json
 create mode 100644 experiments/unified_contextual_memory/artifacts/evaluation/judges/84ee7c0f32fe9ca79307a865b1148848a79744c0d677ba7a04331285c91fb9c4_9101.json
 create mode 100644 experiments/unified_contextual_memory/artifacts/evaluation/judges/84ee7c0f32fe9ca79307a865b1148848a79744c0d677ba7a04331285c91fb9c4_9101.request.json
 create mode 100644 experiments/unified_contextual_memory/artifacts/evaluation/judges/84ee7c0f32fe9ca79307a865b1148848a79744c0d677ba7a04331285c91fb9c4_9102.json
 create mode 100644 experiments/unified_contextual_memory/artifacts/evaluation/judges/84ee7c0f32fe9ca79307a865b1148848a79744c0d677ba7a04331285c91fb9c4_9102.request.json
 create mode 100644 experiments/unified_contextual_memory/artifacts/evaluation/judges/84ee7c0f32fe9ca79307a865b1148848a79744c0d677ba7a04331285c91fb9c4_9200.json
 create mode 100644 experiments/unified_contextual_memory/artifacts/evaluation/judges/84ee7c0f32fe9ca79307a865b1148848a79744c0d677ba7a04331285c91fb9c4_9200.request.json
 create mode 100644 experiments/unified_contextual_memory/artifacts/evaluation/judges/8512b7dafaef330754db0ad7e0bceded07610ed44744519e5d3eea38dc931fab_9100.json
 create mode 100644 experiments/unified_contextual_memory/artifacts/evaluation/judges/8512b7dafaef330754db0ad7e0bceded07610ed44744519e5d3eea38dc931fab_9100.request.json
 create mode 100644 experiments/unified_contextual_memory/artifacts/evaluation/judges/8512b7dafaef330754db0ad7e0bceded07610ed44744519e5d3eea38dc931fab_9101.json
 create mode 100644 experiments/unified_contextual_memory/artifacts/evaluation/judges/8512b7dafaef330754db0ad7e0bceded07610ed44744519e5d3eea38dc931fab_9101.request.json
 create mode 100644 experiments/unified_contextual_memory/artifacts/evaluation/judges/8512b7dafaef330754db0ad7e0bceded07610ed44744519e5d3eea38dc931fab_9102.json
 create mode 100644 experiments/unified_contextual_memory/artifacts/evaluation/judges/8512b7dafaef330754db0ad7e0bceded07610ed44744519e5d3eea38dc931fab_9102.request.json
 create mode 100644 experiments/unified_contextual_memory/artifacts/evaluation/judges/8512b7dafaef330754db0ad7e0bceded07610ed44744519e5d3eea38dc931fab_9200.json
 create mode 100644 experiments/unified_contextual_memory/artifacts/evaluation/judges/8512b7dafaef330754db0ad7e0bceded07610ed44744519e5d3eea38dc931fab_9200.request.json
 create mode 100644 experiments/unified_contextual_memory/artifacts/evaluation/judges/85bbddf74dd710619a74d9457d52fcf13307601c6f2e9f8fe739f3cc2205ad2e_9100.json
 create mode 100644 experiments/unified_contextual_memory/artifacts/evaluation/judges/85bbddf74dd710619a74d9457d52fcf13307601c6f2e9f8fe739f3cc2205ad2e_9100.request.json
 create mode 100644 experiments/unified_contextual_memory/artifacts/evaluation/judges/85bbddf74dd710619a74d9457d52fcf13307601c6f2e9f8fe739f3cc2205ad2e_9101.json
 create mode 100644 experiments/unified_contextual_memory/artifacts/evaluation/judges/85bbddf74dd710619a74d9457d52fcf13307601c6f2e9f8fe739f3cc2205ad2e_9101.request.json
 create mode 100644 experiments/unified_contextual_memory/artifacts/evaluation/judges/85bbddf74dd710619a74d9457d52fcf13307601c6f2e9f8fe739f3cc2205ad2e_9102.json
 create mode 100644 experiments/unified_contextual_memory/artifacts/evaluation/judges/85bbddf74dd710619a74d9457d52fcf13307601c6f2e9f8fe739f3cc2205ad2e_9102.request.json
 create mode 100644 experiments/unified_contextual_memory/artifacts/evaluation/judges/85bbddf74dd710619a74d9457d52fcf13307601c6f2e9f8fe739f3cc2205ad2e_9200.json
 create mode 100644 experiments/unified_contextual_memory/artifacts/evaluation/judges/85bbddf74dd710619a74d9457d52fcf13307601c6f2e9f8fe739f3cc2205ad2e_9200.request.json
 create mode 100644 experiments/unified_contextual_memory/artifacts/evaluation/judges/85fca0bc341d1a815b645e6fcae6cc167a19df1b3eaf571d7dd0dc0abe4edfd7_9100.json
 create mode 100644 experiments/unified_contextual_memory/artifacts/evaluation/judges/85fca0bc341d1a815b645e6fcae6cc167a19df1b3eaf571d7dd0dc0abe4edfd7_9100.request.json
 create mode 100644 experiments/unified_contextual_memory/artifacts/evaluation/judges/85fca0bc341d1a815b645e6fcae6cc167a19df1b3eaf571d7dd0dc0abe4edfd7_9101.json
 create mode 100644 experiments/unified_contextual_memory/artifacts/evaluation/judges/85fca0bc341d1a815b645e6fcae6cc167a19df1b3eaf571d7dd0dc0abe4edfd7_9101.request.json
 create mode 100644 experiments/unified_contextual_memory/artifacts/evaluation/judges/85fca0bc341d1a815b645e6fcae6cc167a19df1b3eaf571d7dd0dc0abe4edfd7_9102.json
 create mode 100644 experiments/unified_contextual_memory/artifacts/evaluation/judges/85fca0bc341d1a815b645e6fcae6cc167a19df1b3eaf571d7dd0dc0abe4edfd7_9102.request.json
 create mode 100644 experiments/unified_contextual_memory/artifacts/evaluation/judges/85fca0bc341d1a815b645e6fcae6cc167a19df1b3eaf571d7dd0dc0abe4edfd7_9200.json
 create mode 100644 experiments/unified_contextual_memory/artifacts/evaluation/judges/85fca0bc341d1a815b645e6fcae6cc167a19df1b3eaf571d7dd0dc0abe4edfd7_9200.request.json
 create mode 100644 experiments/unified_contextual_memory/artifacts/evaluation/judges/86944b189287c5f822b3def9d2d1fa6fc7082538f22b020cdda4f35e87756a08_9100.json
 create mode 100644 experiments/unified_contextual_memory/artifacts/evaluation/judges/86944b189287c5f822b3def9d2d1fa6fc7082538f22b020cdda4f35e87756a08_9100.request.json
 create mode 100644 experiments/unified_contextual_memory/artifacts/evaluation/judges/86944b189287c5f822b3def9d2d1fa6fc7082538f22b020cdda4f35e87756a08_9101.json
 create mode 100644 experiments/unified_contextual_memory/artifacts/evaluation/judges/86944b189287c5f822b3def9d2d1fa6fc7082538f22b020cdda4f35e87756a08_9101.request.json
 create mode 100644 experiments/unified_contextual_memory/artifacts/evaluation/judges/86944b189287c5f822b3def9d2d1fa6fc7082538f22b020cdda4f35e87756a08_9102.json
 create mode 100644 experiments/unified_contextual_memory/artifacts/evaluation/judges/86944b189287c5f822b3def9d2d1fa6fc7082538f22b020cdda4f35e87756a08_9102.request.json
 create mode 100644 experiments/unified_contextual_memory/artifacts/evaluation/judges/86944b189287c5f822b3def9d2d1fa6fc7082538f22b020cdda4f35e87756a08_9200.json
 create mode 100644 experiments/unified_contextual_memory/artifacts/evaluation/judges/86944b189287c5f822b3def9d2d1fa6fc7082538f22b020cdda4f35e87756a08_9200.request.json
 create mode 100644 experiments/unified_contextual_memory/artifacts/evaluation/judges/86c2d0522bd6a5b98ed2fe2d5f9c50a7b5dd3d287d1d7eac68d61d9b7f3a8b0b_9100.json
 create mode 100644 experiments/unified_contextual_memory/artifacts/evaluation/judges/86c2d0522bd6a5b98ed2fe2d5f9c50a7b5dd3d287d1d7eac68d61d9b7f3a8b0b_9100.request.json
 create mode 100644 experiments/unified_contextual_memory/artifacts/evaluation/judges/86c2d0522bd6a5b98ed2fe2d5f9c50a7b5dd3d287d1d7eac68d61d9b7f3a8b0b_9101.json
 create mode 100644 experiments/unified_contextual_memory/artifacts/evaluation/judges/86c2d0522bd6a5b98ed2fe2d5f9c50a7b5dd3d287d1d7eac68d61d9b7f3a8b0b_9101.request.json
 create mode 100644 experiments/unified_contextual_memory/artifacts/evaluation/judges/86c2d0522bd6a5b98ed2fe2d5f9c50a7b5dd3d287d1d7eac68d61d9b7f3a8b0b_9102.json
 create mode 100644 experiments/unified_contextual_memory/artifacts/evaluation/judges/86c2d0522bd6a5b98ed2fe2d5f9c50a7b5dd3d287d1d7eac68d61d9b7f3a8b0b_9102.request.json
 create mode 100644 experiments/unified_contextual_memory/artifacts/evaluation/judges/86c2d0522bd6a5b98ed2fe2d5f9c50a7b5dd3d287d1d7eac68d61d9b7f3a8b0b_9200.json
 create mode 100644 experiments/unified_contextual_memory/artifacts/evaluation/judges/86c2d0522bd6a5b98ed2fe2d5f9c50a7b5dd3d287d1d7eac68d61d9b7f3a8b0b_9200.request.json
 create mode 100644 experiments/unified_contextual_memory/artifacts/evaluation/judges/8741935ebad6df3a99458a67331f77359f5c8a5a4f84663acd2e1f27f216263a_9100.json
 create mode 100644 experiments/unified_contextual_memory/artifacts/evaluation/judges/8741935ebad6df3a99458a67331f77359f5c8a5a4f84663acd2e1f27f216263a_9100.request.json
 create mode 100644 experiments/unified_contextual_memory/artifacts/evaluation/judges/8741935ebad6df3a99458a67331f77359f5c8a5a4f84663acd2e1f27f216263a_9101.json
 create mode 100644 experiments/unified_contextual_memory/artifacts/evaluation/judges/8741935ebad6df3a99458a67331f77359f5c8a5a4f84663acd2e1f27f216263a_9101.request.json
 create mode 100644 experiments/unified_contextual_memory/artifacts/evaluation/judges/8741935ebad6df3a99458a67331f77359f5c8a5a4f84663acd2e1f27f216263a_9102.json
 create mode 100644 experiments/unified_contextual_memory/artifacts/evaluation/judges/8741935ebad6df3a99458a67331f77359f5c8a5a4f84663acd2e1f27f216263a_9102.request.json
 create mode 100644 experiments/unified_contextual_memory/artifacts/evaluation/judges/8741935ebad6df3a99458a67331f77359f5c8a5a4f84663acd2e1f27f216263a_9200.json
 create mode 100644 experiments/unified_contextual_memory/artifacts/evaluation/judges/8741935ebad6df3a99458a67331f77359f5c8a5a4f84663acd2e1f27f216263a_9200.request.json
 create mode 100644 experiments/unified_contextual_memory/artifacts/evaluation/judges/874aaa31e1079e9a6f78bc2c898eea7ccb18286fbce72c8343de643114136fc5_9100.json
 create mode 100644 experiments/unified_contextual_memory/artifacts/evaluation/judges/874aaa31e1079e9a6f78bc2c898eea7ccb18286fbce72c8343de643114136fc5_9100.request.json
 create mode 100644 experiments/unified_contextual_memory/artifacts/evaluation/judges/874aaa31e1079e9a6f78bc2c898eea7ccb18286fbce72c8343de643114136fc5_9101.json
 create mode 100644 experiments/unified_contextual_memory/artifacts/evaluation/judges/874aaa31e1079e9a6f78bc2c898eea7ccb18286fbce72c8343de643114136fc5_9101.request.json
 create mode 100644 experiments/unified_contextual_memory/artifacts/evaluation/judges/874aaa31e1079e9a6f78bc2c898eea7ccb18286fbce72c8343de643114136fc5_9102.json
 create mode 100644 experiments/unified_contextual_memory/artifacts/evaluation/judges/874aaa31e1079e9a6f78bc2c898eea7ccb18286fbce72c8343de643114136fc5_9102.request.json
 create mode 100644 experiments/unified_contextual_memory/artifacts/evaluation/judges/874aaa31e1079e9a6f78bc2c898eea7ccb18286fbce72c8343de643114136fc5_9200.json
 create mode 100644 experiments/unified_contextual_memory/artifacts/evaluation/judges/874aaa31e1079e9a6f78bc2c898eea7ccb18286fbce72c8343de643114136fc5_9200.request.json
 create mode 100644 experiments/unified_contextual_memory/artifacts/evaluation/judges/877df5ef2733df69031a0022b9b29367d1af40abd3984a41480e93f690707af5_9100.json
 create mode 100644 experiments/unified_contextual_memory/artifacts/evaluation/judges/877df5ef2733df69031a0022b9b29367d1af40abd3984a41480e93f690707af5_9100.request.json
 create mode 100644 experiments/unified_contextual_memory/artifacts/evaluation/judges/877df5ef2733df69031a0022b9b29367d1af40abd3984a41480e93f690707af5_9101.json
 create mode 100644 experiments/unified_contextual_memory/artifacts/evaluation/judges/877df5ef2733df69031a0022b9b29367d1af40abd3984a41480e93f690707af5_9101.request.json
 create mode 100644 experiments/unified_contextual_memory/artifacts/evaluation/judges/877df5ef2733df69031a0022b9b29367d1af40abd3984a41480e93f690707af5_9102.json
 create mode 100644 experiments/unified_contextual_memory/artifacts/evaluation/judges/877df5ef2733df69031a0022b9b29367d1af40abd3984a41480e93f690707af5_9102.request.json
 create mode 100644 experiments/unified_contextual_memory/artifacts/evaluation/judges/877df5ef2733df69031a0022b9b29367d1af40abd3984a41480e93f690707af5_9200.json
 create mode 100644 experiments/unified_contextual_memory/artifacts/evaluation/judges/877df5ef2733df69031a0022b9b29367d1af40abd3984a41480e93f690707af5_9200.request.json
 create mode 100644 experiments/unified_contextual_memory/artifacts/evaluation/judges/877f0e7dfece5083aed4a5b53a893acb918a34aabb34fc95614b3a43bf820a88_9100.json
 create mode 100644 experiments/unified_contextual_memory/artifacts/evaluation/judges/877f0e7dfece5083aed4a5b53a893acb918a34aabb34fc95614b3a43bf820a88_9100.request.json
 create mode 100644 experiments/unified_contextual_memory/artifacts/evaluation/judges/877f0e7dfece5083aed4a5b53a893acb918a34aabb34fc95614b3a43bf820a88_9101.json
 create mode 100644 experiments/unified_contextual_memory/artifacts/evaluation/judges/877f0e7dfece5083aed4a5b53a893acb918a34aabb34fc95614b3a43bf820a88_9101.request.json
 create mode 100644 experiments/unified_contextual_memory/artifacts/evaluation/judges/877f0e7dfece5083aed4a5b53a893acb918a34aabb34fc95614b3a43bf820a88_9102.json
 create mode 100644 experiments/unified_contextual_memory/artifacts/evaluation/judges/877f0e7dfece5083aed4a5b53a893acb918a34aabb34fc95614b3a43bf820a88_9102.request.json
 create mode 100644 experiments/unified_contextual_memory/artifacts/evaluation/judges/877f0e7dfece5083aed4a5b53a893acb918a34aabb34fc95614b3a43bf820a88_9200.json
 create mode 100644 experiments/unified_contextual_memory/artifacts/evaluation/judges/877f0e7dfece5083aed4a5b53a893acb918a34aabb34fc95614b3a43bf820a88_9200.request.json
 create mode 100644 experiments/unified_contextual_memory/artifacts/evaluation/judges/8816394ff063f0343c994516322bda18918bc534efc1f8bb78f952421eb30e3c_9100.json
 create mode 100644 experiments/unified_contextual_memory/artifacts/evaluation/judges/8816394ff063f0343c994516322bda18918bc534efc1f8bb78f952421eb30e3c_9100.request.json
 create mode 100644 experiments/unified_contextual_memory/artifacts/evaluation/judges/8816394ff063f0343c994516322bda18918bc534efc1f8bb78f952421eb30e3c_9101.json
 create mode 100644 experiments/unified_contextual_memory/artifacts/evaluation/judges/8816394ff063f0343c994516322bda18918bc534efc1f8bb78f952421eb30e3c_9101.request.json
 create mode 100644 experiments/unified_contextual_memory/artifacts/evaluation/judges/8816394ff063f0343c994516322bda18918bc534efc1f8bb78f952421eb30e3c_9102.json
 create mode 100644 experiments/unified_contextual_memory/artifacts/evaluation/judges/8816394ff063f0343c994516322bda18918bc534efc1f8bb78f952421eb30e3c_9102.request.json
 create mode 100644 experiments/unified_contextual_memory/artifacts/evaluation/judges/8816394ff063f0343c994516322bda18918bc534efc1f8bb78f952421eb30e3c_9200.json
 create mode 100644 experiments/unified_contextual_memory/artifacts/evaluation/judges/8816394ff063f0343c994516322bda18918bc534efc1f8bb78f952421eb30e3c_9200.request.json
 create mode 100644 experiments/unified_contextual_memory/artifacts/evaluation/judges/882a759f83733accca626e18c41cca8c7429f21d1e25de35a9ea17cca0cf5766_9100.json
 create mode 100644 experiments/unified_contextual_memory/artifacts/evaluation/judges/882a759f83733accca626e18c41cca8c7429f21d1e25de35a9ea17cca0cf5766_9100.request.json
 create mode 100644 experiments/unified_contextual_memory/artifacts/evaluation/judges/882a759f83733accca626e18c41cca8c7429f21d1e25de35a9ea17cca0cf5766_9101.json
 create mode 100644 experiments/unified_contextual_memory/artifacts/evaluation/judges/882a759f83733accca626e18c41cca8c7429f21d1e25de35a9ea17cca0cf5766_9101.request.json
 create mode 100644 experiments/unified_contextual_memory/artifacts/evaluation/judges/882a759f83733accca626e18c41cca8c7429f21d1e25de35a9ea17cca0cf5766_9102.json
 create mode 100644 experiments/unified_contextual_memory/artifacts/evaluation/judges/882a759f83733accca626e18c41cca8c7429f21d1e25de35a9ea17cca0cf5766_9102.request.json
 create mode 100644 experiments/unified_contextual_memory/artifacts/evaluation/judges/882a759f83733accca626e18c41cca8c7429f21d1e25de35a9ea17cca0cf5766_9200.json
 create mode 100644 experiments/unified_contextual_memory/artifacts/evaluation/judges/882a759f83733accca626e18c41cca8c7429f21d1e25de35a9ea17cca0cf5766_9200.request.json
 create mode 100644 experiments/unified_contextual_memory/artifacts/evaluation/judges/88418f253175905b784231d16ee2ce9d2033554c2494ad1389049db4577a6d23_9100.json
 create mode 100644 experiments/unified_contextual_memory/artifacts/evaluation/judges/88418f253175905b784231d16ee2ce9d2033554c2494ad1389049db4577a6d23_9100.request.json
 create mode 100644 experiments/unified_contextual_memory/artifacts/evaluation/judges/88418f253175905b784231d16ee2ce9d2033554c2494ad1389049db4577a6d23_9101.json
 create mode 100644 experiments/unified_contextual_memory/artifacts/evaluation/judges/88418f253175905b784231d16ee2ce9d2033554c2494ad1389049db4577a6d23_9101.request.json
 create mode 100644 experiments/unified_contextual_memory/artifacts/evaluation/judges/88418f253175905b784231d16ee2ce9d2033554c2494ad1389049db4577a6d23_9102.json
 create mode 100644 experiments/unified_contextual_memory/artifacts/evaluation/judges/88418f253175905b784231d16ee2ce9d2033554c2494ad1389049db4577a6d23_9102.request.json
 create mode 100644 experiments/unified_contextual_memory/artifacts/evaluation/judges/88418f253175905b784231d16ee2ce9d2033554c2494ad1389049db4577a6d23_9200.json
 create mode 100644 experiments/unified_contextual_memory/artifacts/evaluation/judges/88418f253175905b784231d16ee2ce9d2033554c2494ad1389049db4577a6d23_9200.request.json
 create mode 100644 experiments/unified_contextual_memory/artifacts/evaluation/judges/888296b38542a0939144838fed543a0863bd4613136dadf0c2f0a1bb768abe24_9100.json
 create mode 100644 experiments/unified_contextual_memory/artifacts/evaluation/judges/888296b38542a0939144838fed543a0863bd4613136dadf0c2f0a1bb768abe24_9100.request.json
 create mode 100644 experiments/unified_contextual_memory/artifacts/evaluation/judges/888296b38542a0939144838fed543a0863bd4613136dadf0c2f0a1bb768abe24_9101.json
 create mode 100644 experiments/unified_contextual_memory/artifacts/evaluation/judges/888296b38542a0939144838fed543a0863bd4613136dadf0c2f0a1bb768abe24_9101.request.json
 create mode 100644 experiments/unified_contextual_memory/artifacts/evaluation/judges/888296b38542a0939144838fed543a0863bd4613136dadf0c2f0a1bb768abe24_9102.json
 create mode 100644 experiments/unified_contextual_memory/artifacts/evaluation/judges/888296b38542a0939144838fed543a0863bd4613136dadf0c2f0a1bb768abe24_9102.request.json
 create mode 100644 experiments/unified_contextual_memory/artifacts/evaluation/judges/888296b38542a0939144838fed543a0863bd4613136dadf0c2f0a1bb768abe24_9200.json
 create mode 100644 experiments/unified_contextual_memory/artifacts/evaluation/judges/888296b38542a0939144838fed543a0863bd4613136dadf0c2f0a1bb768abe24_9200.request.json
 create mode 100644 experiments/unified_contextual_memory/artifacts/evaluation/judges/894db27f505ccd79c910d98fce297524ad244a300118d079f6012a5c0f208430_9100.json
 create mode 100644 experiments/unified_contextual_memory/artifacts/evaluation/judges/894db27f505ccd79c910d98fce297524ad244a300118d079f6012a5c0f208430_9100.request.json
 create mode 100644 experiments/unified_contextual_memory/artifacts/evaluation/judges/894db27f505ccd79c910d98fce297524ad244a300118d079f6012a5c0f208430_9101.json
 create mode 100644 experiments/unified_contextual_memory/artifacts/evaluation/judges/894db27f505ccd79c910d98fce297524ad244a300118d079f6012a5c0f208430_9101.request.json
 create mode 100644 experiments/unified_contextual_memory/artifacts/evaluation/judges/894db27f505ccd79c910d98fce297524ad244a300118d079f6012a5c0f208430_9102.json
 create mode 100644 experiments/unified_contextual_memory/artifacts/evaluation/judges/894db27f505ccd79c910d98fce297524ad244a300118d079f6012a5c0f208430_9102.request.json
 create mode 100644 experiments/unified_contextual_memory/artifacts/evaluation/judges/894db27f505ccd79c910d98fce297524ad244a300118d079f6012a5c0f208430_9200.json
 create mode 100644 experiments/unified_contextual_memory/artifacts/evaluation/judges/894db27f505ccd79c910d98fce297524ad244a300118d079f6012a5c0f208430_9200.request.json
 create mode 100644 experiments/unified_contextual_memory/artifacts/evaluation/judges/897b726c154086242f36e963596086f29781555491880c0b736f30f5facb4844_9100.json
 create mode 100644 experiments/unified_contextual_memory/artifacts/evaluation/judges/897b726c154086242f36e963596086f29781555491880c0b736f30f5facb4844_9100.request.json
 create mode 100644 experiments/unified_contextual_memory/artifacts/evaluation/judges/897b726c154086242f36e963596086f29781555491880c0b736f30f5facb4844_9101.json
 create mode 100644 experiments/unified_contextual_memory/artifacts/evaluation/judges/897b726c154086242f36e963596086f29781555491880c0b736f30f5facb4844_9101.request.json
 create mode 100644 experiments/unified_contextual_memory/artifacts/evaluation/judges/897b726c154086242f36e963596086f29781555491880c0b736f30f5facb4844_9102.json
 create mode 100644 experiments/unified_contextual_memory/artifacts/evaluation/judges/897b726c154086242f36e963596086f29781555491880c0b736f30f5facb4844_9102.request.json
 create mode 100644 experiments/unified_contextual_memory/artifacts/evaluation/judges/897b726c154086242f36e963596086f29781555491880c0b736f30f5facb4844_9200.json
 create mode 100644 experiments/unified_contextual_memory/artifacts/evaluation/judges/897b726c154086242f36e963596086f29781555491880c0b736f30f5facb4844_9200.request.json
 create mode 100644 experiments/unified_contextual_memory/artifacts/evaluation/judges/8981de8953b00c9cf03cee8bf8732fcbe54512cd50828f81dd62b4550c902114_9100.json
 create mode 100644 experiments/unified_contextual_memory/artifacts/evaluation/judges/8981de8953b00c9cf03cee8bf8732fcbe54512cd50828f81dd62b4550c902114_9100.request.json
 create mode 100644 experiments/unified_contextual_memory/artifacts/evaluation/judges/8981de8953b00c9cf03cee8bf8732fcbe54512cd50828f81dd62b4550c902114_9101.json
 create mode 100644 experiments/unified_contextual_memory/artifacts/evaluation/judges/8981de8953b00c9cf03cee8bf8732fcbe54512cd50828f81dd62b4550c902114_9101.request.json
 create mode 100644 experiments/unified_contextual_memory/artifacts/evaluation/judges/8981de8953b00c9cf03cee8bf8732fcbe54512cd50828f81dd62b4550c902114_9102.json
 create mode 100644 experiments/unified_contextual_memory/artifacts/evaluation/judges/8981de8953b00c9cf03cee8bf8732fcbe54512cd50828f81dd62b4550c902114_9102.request.json
 create mode 100644 experiments/unified_contextual_memory/artifacts/evaluation/judges/8981de8953b00c9cf03cee8bf8732fcbe54512cd50828f81dd62b4550c902114_9200.json
 create mode 100644 experiments/unified_contextual_memory/artifacts/evaluation/judges/8981de8953b00c9cf03cee8bf8732fcbe54512cd50828f81dd62b4550c902114_9200.request.json
 create mode 100644 experiments/unified_contextual_memory/artifacts/evaluation/judges/89d6cce1da859e78e19670ad5378c3fc032366bb5813069d169986784e77fcd1_9100.json
 create mode 100644 experiments/unified_contextual_memory/artifacts/evaluation/judges/89d6cce1da859e78e19670ad5378c3fc032366bb5813069d169986784e77fcd1_9100.request.json
 create mode 100644 experiments/unified_contextual_memory/artifacts/evaluation/judges/89d6cce1da859e78e19670ad5378c3fc032366bb5813069d169986784e77fcd1_9101.json
 create mode 100644 experiments/unified_contextual_memory/artifacts/evaluation/judges/89d6cce1da859e78e19670ad5378c3fc032366bb5813069d169986784e77fcd1_9101.request.json
 create mode 100644 experiments/unified_contextual_memory/artifacts/evaluation/judges/89d6cce1da859e78e19670ad5378c3fc032366bb5813069d169986784e77fcd1_9102.json
 create mode 100644 experiments/unified_contextual_memory/artifacts/evaluation/judges/89d6cce1da859e78e19670ad5378c3fc032366bb5813069d169986784e77fcd1_9102.request.json
 create mode 100644 experiments/unified_contextual_memory/artifacts/evaluation/judges/89d6cce1da859e78e19670ad5378c3fc032366bb5813069d169986784e77fcd1_9200.json
 create mode 100644 experiments/unified_contextual_memory/artifacts/evaluation/judges/89d6cce1da859e78e19670ad5378c3fc032366bb5813069d169986784e77fcd1_9200.request.json
 create mode 100644 experiments/unified_contextual_memory/artifacts/evaluation/judges/8bb8e13867413052ad9ade90489f71f17e8cbe275ec91566ce5082c40cf7b952_9100.json
 create mode 100644 experiments/unified_contextual_memory/artifacts/evaluation/judges/8bb8e13867413052ad9ade90489f71f17e8cbe275ec91566ce5082c40cf7b952_9100.request.json
 create mode 100644 experiments/unified_contextual_memory/artifacts/evaluation/judges/8bb8e13867413052ad9ade90489f71f17e8cbe275ec91566ce5082c40cf7b952_9101.json
 create mode 100644 experiments/unified_contextual_memory/artifacts/evaluation/judges/8bb8e13867413052ad9ade90489f71f17e8cbe275ec91566ce5082c40cf7b952_9101.request.json
 create mode 100644 experiments/unified_contextual_memory/artifacts/evaluation/judges/8bb8e13867413052ad9ade90489f71f17e8cbe275ec91566ce5082c40cf7b952_9102.json
 create mode 100644 experiments/unified_contextual_memory/artifacts/evaluation/judges/8bb8e13867413052ad9ade90489f71f17e8cbe275ec91566ce5082c40cf7b952_9102.request.json
 create mode 100644 experiments/unified_contextual_memory/artifacts/evaluation/judges/8bb8e13867413052ad9ade90489f71f17e8cbe275ec91566ce5082c40cf7b952_9200.json
 create mode 100644 experiments/unified_contextual_memory/artifacts/evaluation/judges/8bb8e13867413052ad9ade90489f71f17e8cbe275ec91566ce5082c40cf7b952_9200.request.json
 create mode 100644 experiments/unified_contextual_memory/artifacts/evaluation/judges/8bc5da9bb2bd345e4b6ad33028f8f7e57c07848e220506eec8774d71fc154c19_9100.json
 create mode 100644 experiments/unified_contextual_memory/artifacts/evaluation/judges/8bc5da9bb2bd345e4b6ad33028f8f7e57c07848e220506eec8774d71fc154c19_9100.request.json
 create mode 100644 experiments/unified_contextual_memory/artifacts/evaluation/judges/8bc5da9bb2bd345e4b6ad33028f8f7e57c07848e220506eec8774d71fc154c19_9101.json
 create mode 100644 experiments/unified_contextual_memory/artifacts/evaluation/judges/8bc5da9bb2bd345e4b6ad33028f8f7e57c07848e220506eec8774d71fc154c19_9101.request.json
 create mode 100644 experiments/unified_contextual_memory/artifacts/evaluation/judges/8bc5da9bb2bd345e4b6ad33028f8f7e57c07848e220506eec8774d71fc154c19_9102.json
 create mode 100644 experiments/unified_contextual_memory/artifacts/evaluation/judges/8bc5da9bb2bd345e4b6ad33028f8f7e57c07848e220506eec8774d71fc154c19_9102.request.json
 create mode 100644 experiments/unified_contextual_memory/artifacts/evaluation/judges/8bc5da9bb2bd345e4b6ad33028f8f7e57c07848e220506eec8774d71fc154c19_9200.json
 create mode 100644 experiments/unified_contextual_memory/artifacts/evaluation/judges/8bc5da9bb2bd345e4b6ad33028f8f7e57c07848e220506eec8774d71fc154c19_9200.request.json
 create mode 100644 experiments/unified_contextual_memory/artifacts/evaluation/judges/8c73cfa145781b8996c533e388cbaedfca7a0170122ade838cce7c19638781d7_9100.json
 create mode 100644 experiments/unified_contextual_memory/artifacts/evaluation/judges/8c73cfa145781b8996c533e388cbaedfca7a0170122ade838cce7c19638781d7_9100.request.json
 create mode 100644 experiments/unified_contextual_memory/artifacts/evaluation/judges/8c73cfa145781b8996c533e388cbaedfca7a0170122ade838cce7c19638781d7_9101.json
 create mode 100644 experiments/unified_contextual_memory/artifacts/evaluation/judges/8c73cfa145781b8996c533e388cbaedfca7a0170122ade838cce7c19638781d7_9101.request.json
 create mode 100644 experiments/unified_contextual_memory/artifacts/evaluation/judges/8c73cfa145781b8996c533e388cbaedfca7a0170122ade838cce7c19638781d7_9102.json
 create mode 100644 experiments/unified_contextual_memory/artifacts/evaluation/judges/8c73cfa145781b8996c533e388cbaedfca7a0170122ade838cce7c19638781d7_9102.request.json
 create mode 100644 experiments/unified_contextual_memory/artifacts/evaluation/judges/8c73cfa145781b8996c533e388cbaedfca7a0170122ade838cce7c19638781d7_9200.json
 create mode 100644 experiments/unified_contextual_memory/artifacts/evaluation/judges/8c73cfa145781b8996c533e388cbaedfca7a0170122ade838cce7c19638781d7_9200.request.json
 create mode 100644 experiments/unified_contextual_memory/artifacts/evaluation/judges/8c8d2dc6a80eb1fdab76ec1364ca48a3ae138469460f29a189af4dbfed0d1954_9100.json
 create mode 100644 experiments/unified_contextual_memory/artifacts/evaluation/judges/8c8d2dc6a80eb1fdab76ec1364ca48a3ae138469460f29a189af4dbfed0d1954_9100.request.json
 create mode 100644 experiments/unified_contextual_memory/artifacts/evaluation/judges/8c8d2dc6a80eb1fdab76ec1364ca48a3ae138469460f29a189af4dbfed0d1954_9101.json
 create mode 100644 experiments/unified_contextual_memory/artifacts/evaluation/judges/8c8d2dc6a80eb1fdab76ec1364ca48a3ae138469460f29a189af4dbfed0d1954_9101.request.json
 create mode 100644 experiments/unified_contextual_memory/artifacts/evaluation/judges/8c8d2dc6a80eb1fdab76ec1364ca48a3ae138469460f29a189af4dbfed0d1954_9102.json
 create mode 100644 experiments/unified_contextual_memory/artifacts/evaluation/judges/8c8d2dc6a80eb1fdab76ec1364ca48a3ae138469460f29a189af4dbfed0d1954_9102.request.json
 create mode 100644 experiments/unified_contextual_memory/artifacts/evaluation/judges/8c8d2dc6a80eb1fdab76ec1364ca48a3ae138469460f29a189af4dbfed0d1954_9200.json
 create mode 100644 experiments/unified_contextual_memory/artifacts/evaluation/judges/8c8d2dc6a80eb1fdab76ec1364ca48a3ae138469460f29a189af4dbfed0d1954_9200.request.json
 create mode 100644 experiments/unified_contextual_memory/artifacts/evaluation/judges/8cd1018e1ee6f8494d9d6ecfcc58f1390f7e092a16547f0e612075e077db20bf_9100.json
 create mode 100644 experiments/unified_contextual_memory/artifacts/evaluation/judges/8cd1018e1ee6f8494d9d6ecfcc58f1390f7e092a16547f0e612075e077db20bf_9100.request.json
 create mode 100644 experiments/unified_contextual_memory/artifacts/evaluation/judges/8cd1018e1ee6f8494d9d6ecfcc58f1390f7e092a16547f0e612075e077db20bf_9101.json
 create mode 100644 experiments/unified_contextual_memory/artifacts/evaluation/judges/8cd1018e1ee6f8494d9d6ecfcc58f1390f7e092a16547f0e612075e077db20bf_9101.request.json
 create mode 100644 experiments/unified_contextual_memory/artifacts/evaluation/judges/8cd1018e1ee6f8494d9d6ecfcc58f1390f7e092a16547f0e612075e077db20bf_9102.json
 create mode 100644 experiments/unified_contextual_memory/artifacts/evaluation/judges/8cd1018e1ee6f8494d9d6ecfcc58f1390f7e092a16547f0e612075e077db20bf_9102.request.json
 create mode 100644 experiments/unified_contextual_memory/artifacts/evaluation/judges/8cd1018e1ee6f8494d9d6ecfcc58f1390f7e092a16547f0e612075e077db20bf_9200.json
 create mode 100644 experiments/unified_contextual_memory/artifacts/evaluation/judges/8cd1018e1ee6f8494d9d6ecfcc58f1390f7e092a16547f0e612075e077db20bf_9200.request.json
 create mode 100644 experiments/unified_contextual_memory/artifacts/evaluation/judges/8d0f28109fe1781f62471fae793ab3059bf498e6504c0bf525112d7562bdeab6_9100.json
 create mode 100644 experiments/unified_contextual_memory/artifacts/evaluation/judges/8d0f28109fe1781f62471fae793ab3059bf498e6504c0bf525112d7562bdeab6_9100.request.json
 create mode 100644 experiments/unified_contextual_memory/artifacts/evaluation/judges/8d0f28109fe1781f62471fae793ab3059bf498e6504c0bf525112d7562bdeab6_9101.json
 create mode 100644 experiments/unified_contextual_memory/artifacts/evaluation/judges/8d0f28109fe1781f62471fae793ab3059bf498e6504c0bf525112d7562bdeab6_9101.request.json
 create mode 100644 experiments/unified_contextual_memory/artifacts/evaluation/judges/8d0f28109fe1781f62471fae793ab3059bf498e6504c0bf525112d7562bdeab6_9102.json
 create mode 100644 experiments/unified_contextual_memory/artifacts/evaluation/judges/8d0f28109fe1781f62471fae793ab3059bf498e6504c0bf525112d7562bdeab6_9102.request.json
 create mode 100644 experiments/unified_contextual_memory/artifacts/evaluation/judges/8d0f28109fe1781f62471fae793ab3059bf498e6504c0bf525112d7562bdeab6_9200.json
 create mode 100644 experiments/unified_contextual_memory/artifacts/evaluation/judges/8d0f28109fe1781f62471fae793ab3059bf498e6504c0bf525112d7562bdeab6_9200.request.json
 create mode 100644 experiments/unified_contextual_memory/artifacts/evaluation/judges/8d5b4089a27b57e45ed520802c221e12bd0e28cc22e2365bd83c837fbfa5a5c4_9100.json
 create mode 100644 experiments/unified_contextual_memory/artifacts/evaluation/judges/8d5b4089a27b57e45ed520802c221e12bd0e28cc22e2365bd83c837fbfa5a5c4_9100.request.json
 create mode 100644 experiments/unified_contextual_memory/artifacts/evaluation/judges/8d5b4089a27b57e45ed520802c221e12bd0e28cc22e2365bd83c837fbfa5a5c4_9101.json
 create mode 100644 experiments/unified_contextual_memory/artifacts/evaluation/judges/8d5b4089a27b57e45ed520802c221e12bd0e28cc22e2365bd83c837fbfa5a5c4_9101.request.json
 create mode 100644 experiments/unified_contextual_memory/artifacts/evaluation/judges/8d5b4089a27b57e45ed520802c221e12bd0e28cc22e2365bd83c837fbfa5a5c4_9102.json
 create mode 100644 experiments/unified_contextual_memory/artifacts/evaluation/judges/8d5b4089a27b57e45ed520802c221e12bd0e28cc22e2365bd83c837fbfa5a5c4_9102.request.json
 create mode 100644 experiments/unified_contextual_memory/artifacts/evaluation/judges/8d5b4089a27b57e45ed520802c221e12bd0e28cc22e2365bd83c837fbfa5a5c4_9200.json
 create mode 100644 experiments/unified_contextual_memory/artifacts/evaluation/judges/8d5b4089a27b57e45ed520802c221e12bd0e28cc22e2365bd83c837fbfa5a5c4_9200.request.json
 create mode 100644 experiments/unified_contextual_memory/artifacts/evaluation/judges/8dc6c251c091b3da2b5161fdee927dccd26ff0c888cae387289275a681f71a28_9100.json
 create mode 100644 experiments/unified_contextual_memory/artifacts/evaluation/judges/8dc6c251c091b3da2b5161fdee927dccd26ff0c888cae387289275a681f71a28_9100.request.json
 create mode 100644 experiments/unified_contextual_memory/artifacts/evaluation/judges/8dc6c251c091b3da2b5161fdee927dccd26ff0c888cae387289275a681f71a28_9101.json
 create mode 100644 experiments/unified_contextual_memory/artifacts/evaluation/judges/8dc6c251c091b3da2b5161fdee927dccd26ff0c888cae387289275a681f71a28_9101.request.json
 create mode 100644 experiments/unified_contextual_memory/artifacts/evaluation/judges/8dc6c251c091b3da2b5161fdee927dccd26ff0c888cae387289275a681f71a28_9102.json
 create mode 100644 experiments/unified_contextual_memory/artifacts/evaluation/judges/8dc6c251c091b3da2b5161fdee927dccd26ff0c888cae387289275a681f71a28_9102.request.json
 create mode 100644 experiments/unified_contextual_memory/artifacts/evaluation/judges/8dc6c251c091b3da2b5161fdee927dccd26ff0c888cae387289275a681f71a28_9200.json
 create mode 100644 experiments/unified_contextual_memory/artifacts/evaluation/judges/8dc6c251c091b3da2b5161fdee927dccd26ff0c888cae387289275a681f71a28_9200.request.json
 create mode 100644 experiments/unified_contextual_memory/artifacts/evaluation/judges/8ddd48e2c383b23c8cc8586ea9de87f36fb2c67c5ed2f6729aae36d1ef079b6b_9100.json
 create mode 100644 experiments/unified_contextual_memory/artifacts/evaluation/judges/8ddd48e2c383b23c8cc8586ea9de87f36fb2c67c5ed2f6729aae36d1ef079b6b_9100.request.json
 create mode 100644 experiments/unified_contextual_memory/artifacts/evaluation/judges/8ddd48e2c383b23c8cc8586ea9de87f36fb2c67c5ed2f6729aae36d1ef079b6b_9101.json
 create mode 100644 experiments/unified_contextual_memory/artifacts/evaluation/judges/8ddd48e2c383b23c8cc8586ea9de87f36fb2c67c5ed2f6729aae36d1ef079b6b_9101.request.json
 create mode 100644 experiments/unified_contextual_memory/artifacts/evaluation/judges/8ddd48e2c383b23c8cc8586ea9de87f36fb2c67c5ed2f6729aae36d1ef079b6b_9102.json
 create mode 100644 experiments/unified_contextual_memory/artifacts/evaluation/judges/8ddd48e2c383b23c8cc8586ea9de87f36fb2c67c5ed2f6729aae36d1ef079b6b_9102.request.json
 create mode 100644 experiments/unified_contextual_memory/artifacts/evaluation/judges/8ddd48e2c383b23c8cc8586ea9de87f36fb2c67c5ed2f6729aae36d1ef079b6b_9200.json
 create mode 100644 experiments/unified_contextual_memory/artifacts/evaluation/judges/8ddd48e2c383b23c8cc8586ea9de87f36fb2c67c5ed2f6729aae36d1ef079b6b_9200.request.json
 create mode 100644 experiments/unified_contextual_memory/artifacts/evaluation/judges/8de279e2481fa6015b5e7d6c7ed0fe1b0c9d8e088faceb7d441ba25ca040258f_9100.json
 create mode 100644 experiments/unified_contextual_memory/artifacts/evaluation/judges/8de279e2481fa6015b5e7d6c7ed0fe1b0c9d8e088faceb7d441ba25ca040258f_9100.request.json
 create mode 100644 experiments/unified_contextual_memory/artifacts/evaluation/judges/8de279e2481fa6015b5e7d6c7ed0fe1b0c9d8e088faceb7d441ba25ca040258f_9101.json
 create mode 100644 experiments/unified_contextual_memory/artifacts/evaluation/judges/8de279e2481fa6015b5e7d6c7ed0fe1b0c9d8e088faceb7d441ba25ca040258f_9101.request.json
 create mode 100644 experiments/unified_contextual_memory/artifacts/evaluation/judges/8de279e2481fa6015b5e7d6c7ed0fe1b0c9d8e088faceb7d441ba25ca040258f_9102.json
 create mode 100644 experiments/unified_contextual_memory/artifacts/evaluation/judges/8de279e2481fa6015b5e7d6c7ed0fe1b0c9d8e088faceb7d441ba25ca040258f_9102.request.json
 create mode 100644 experiments/unified_contextual_memory/artifacts/evaluation/judges/8de279e2481fa6015b5e7d6c7ed0fe1b0c9d8e088faceb7d441ba25ca040258f_9200.json
 create mode 100644 experiments/unified_contextual_memory/artifacts/evaluation/judges/8de279e2481fa6015b5e7d6c7ed0fe1b0c9d8e088faceb7d441ba25ca040258f_9200.request.json
 create mode 100644 experiments/unified_contextual_memory/artifacts/evaluation/judges/8e7089a11d61eda6f5ab0615db279d80818d92f8afee812173563b62a0602f76_9100.json
 create mode 100644 experiments/unified_contextual_memory/artifacts/evaluation/judges/8e7089a11d61eda6f5ab0615db279d80818d92f8afee812173563b62a0602f76_9100.request.json
 create mode 100644 experiments/unified_contextual_memory/artifacts/evaluation/judges/8e7089a11d61eda6f5ab0615db279d80818d92f8afee812173563b62a0602f76_9101.json
 create mode 100644 experiments/unified_contextual_memory/artifacts/evaluation/judges/8e7089a11d61eda6f5ab0615db279d80818d92f8afee812173563b62a0602f76_9101.request.json
 create mode 100644 experiments/unified_contextual_memory/artifacts/evaluation/judges/8e7089a11d61eda6f5ab0615db279d80818d92f8afee812173563b62a0602f76_9102.json
 create mode 100644 experiments/unified_contextual_memory/artifacts/evaluation/judges/8e7089a11d61eda6f5ab0615db279d80818d92f8afee812173563b62a0602f76_9102.request.json
 create mode 100644 experiments/unified_contextual_memory/artifacts/evaluation/judges/8e7089a11d61eda6f5ab0615db279d80818d92f8afee812173563b62a0602f76_9200.json
 create mode 100644 experiments/unified_contextual_memory/artifacts/evaluation/judges/8e7089a11d61eda6f5ab0615db279d80818d92f8afee812173563b62a0602f76_9200.request.json
 create mode 100644 experiments/unified_contextual_memory/artifacts/evaluation/judges/8ecb7b584cf73e0eb3d0d9ef5f02b51313ff1569b07828e2e3356bda101f123d_9100.json
 create mode 100644 experiments/unified_contextual_memory/artifacts/evaluation/judges/8ecb7b584cf73e0eb3d0d9ef5f02b51313ff1569b07828e2e3356bda101f123d_9100.request.json
 create mode 100644 experiments/unified_contextual_memory/artifacts/evaluation/judges/8ecb7b584cf73e0eb3d0d9ef5f02b51313ff1569b07828e2e3356bda101f123d_9101.json
 create mode 100644 experiments/unified_contextual_memory/artifacts/evaluation/judges/8ecb7b584cf73e0eb3d0d9ef5f02b51313ff1569b07828e2e3356bda101f123d_9101.request.json
 create mode 100644 experiments/unified_contextual_memory/artifacts/evaluation/judges/8ecb7b584cf73e0eb3d0d9ef5f02b51313ff1569b07828e2e3356bda101f123d_9102.json
 create mode 100644 experiments/unified_contextual_memory/artifacts/evaluation/judges/8ecb7b584cf73e0eb3d0d9ef5f02b51313ff1569b07828e2e3356bda101f123d_9102.request.json
 create mode 100644 experiments/unified_contextual_memory/artifacts/evaluation/judges/8ecb7b584cf73e0eb3d0d9ef5f02b51313ff1569b07828e2e3356bda101f123d_9200.json
 create mode 100644 experiments/unified_contextual_memory/artifacts/evaluation/judges/8ecb7b584cf73e0eb3d0d9ef5f02b51313ff1569b07828e2e3356bda101f123d_9200.request.json
 create mode 100644 experiments/unified_contextual_memory/artifacts/evaluation/judges/8f4b9c5953ecf164612eed83241c00522f99f62d295421d2268d7890a59a3073_9100.json
 create mode 100644 experiments/unified_contextual_memory/artifacts/evaluation/judges/8f4b9c5953ecf164612eed83241c00522f99f62d295421d2268d7890a59a3073_9100.request.json
 create mode 100644 experiments/unified_contextual_memory/artifacts/evaluation/judges/8f4b9c5953ecf164612eed83241c00522f99f62d295421d2268d7890a59a3073_9101.json
 create mode 100644 experiments/unified_contextual_memory/artifacts/evaluation/judges/8f4b9c5953ecf164612eed83241c00522f99f62d295421d2268d7890a59a3073_9101.request.json
 create mode 100644 experiments/unified_contextual_memory/artifacts/evaluation/judges/8f4b9c5953ecf164612eed83241c00522f99f62d295421d2268d7890a59a3073_9102.json
 create mode 100644 experiments/unified_contextual_memory/artifacts/evaluation/judges/8f4b9c5953ecf164612eed83241c00522f99f62d295421d2268d7890a59a3073_9102.request.json
 create mode 100644 experiments/unified_contextual_memory/artifacts/evaluation/judges/8f4b9c5953ecf164612eed83241c00522f99f62d295421d2268d7890a59a3073_9200.json
 create mode 100644 experiments/unified_contextual_memory/artifacts/evaluation/judges/8f4b9c5953ecf164612eed83241c00522f99f62d295421d2268d7890a59a3073_9200.request.json
 create mode 100644 experiments/unified_contextual_memory/artifacts/evaluation/judges/8f52612410cba2956abc0adefa244a71d4054a182f81b37d82763b14ce247d98_9100.json
 create mode 100644 experiments/unified_contextual_memory/artifacts/evaluation/judges/8f52612410cba2956abc0adefa244a71d4054a182f81b37d82763b14ce247d98_9100.request.json
 create mode 100644 experiments/unified_contextual_memory/artifacts/evaluation/judges/8f52612410cba2956abc0adefa244a71d4054a182f81b37d82763b14ce247d98_9101.json
 create mode 100644 experiments/unified_contextual_memory/artifacts/evaluation/judges/8f52612410cba2956abc0adefa244a71d4054a182f81b37d82763b14ce247d98_9101.request.json
 create mode 100644 experiments/unified_contextual_memory/artifacts/evaluation/judges/8f52612410cba2956abc0adefa244a71d4054a182f81b37d82763b14ce247d98_9102.json
 create mode 100644 experiments/unified_contextual_memory/artifacts/evaluation/judges/8f52612410cba2956abc0adefa244a71d4054a182f81b37d82763b14ce247d98_9102.request.json
 create mode 100644 experiments/unified_contextual_memory/artifacts/evaluation/judges/8f52612410cba2956abc0adefa244a71d4054a182f81b37d82763b14ce247d98_9200.json
 create mode 100644 experiments/unified_contextual_memory/artifacts/evaluation/judges/8f52612410cba2956abc0adefa244a71d4054a182f81b37d82763b14ce247d98_9200.request.json
 create mode 100644 experiments/unified_contextual_memory/artifacts/evaluation/judges/8ff27a0c8c2c56b5ca15275214924913d08dbb355baf61ca2225d22672badeef_9100.json
 create mode 100644 experiments/unified_contextual_memory/artifacts/evaluation/judges/8ff27a0c8c2c56b5ca15275214924913d08dbb355baf61ca2225d22672badeef_9100.request.json
 create mode 100644 experiments/unified_contextual_memory/artifacts/evaluation/judges/8ff27a0c8c2c56b5ca15275214924913d08dbb355baf61ca2225d22672badeef_9101.json
 create mode 100644 experiments/unified_contextual_memory/artifacts/evaluation/judges/8ff27a0c8c2c56b5ca15275214924913d08dbb355baf61ca2225d22672badeef_9101.request.json
 create mode 100644 experiments/unified_contextual_memory/artifacts/evaluation/judges/8ff27a0c8c2c56b5ca15275214924913d08dbb355baf61ca2225d22672badeef_9102.json
 create mode 100644 experiments/unified_contextual_memory/artifacts/evaluation/judges/8ff27a0c8c2c56b5ca15275214924913d08dbb355baf61ca2225d22672badeef_9102.request.json
 create mode 100644 experiments/unified_contextual_memory/artifacts/evaluation/judges/8ff27a0c8c2c56b5ca15275214924913d08dbb355baf61ca2225d22672badeef_9200.json
 create mode 100644 experiments/unified_contextual_memory/artifacts/evaluation/judges/8ff27a0c8c2c56b5ca15275214924913d08dbb355baf61ca2225d22672badeef_9200.request.json
 create mode 100644 experiments/unified_contextual_memory/artifacts/evaluation/judges/901d562c13c81820ba7b441419cc0ecd570bc16a86efdd3878028d2cf4bbc02f_9100.json
 create mode 100644 experiments/unified_contextual_memory/artifacts/evaluation/judges/901d562c13c81820ba7b441419cc0ecd570bc16a86efdd3878028d2cf4bbc02f_9100.request.json
 create mode 100644 experiments/unified_contextual_memory/artifacts/evaluation/judges/901d562c13c81820ba7b441419cc0ecd570bc16a86efdd3878028d2cf4bbc02f_9101.json
 create mode 100644 experiments/unified_contextual_memory/artifacts/evaluation/judges/901d562c13c81820ba7b441419cc0ecd570bc16a86efdd3878028d2cf4bbc02f_9101.request.json
 create mode 100644 experiments/unified_contextual_memory/artifacts/evaluation/judges/901d562c13c81820ba7b441419cc0ecd570bc16a86efdd3878028d2cf4bbc02f_9102.json
 create mode 100644 experiments/unified_contextual_memory/artifacts/evaluation/judges/901d562c13c81820ba7b441419cc0ecd570bc16a86efdd3878028d2cf4bbc02f_9102.request.json
 create mode 100644 experiments/unified_contextual_memory/artifacts/evaluation/judges/901d562c13c81820ba7b441419cc0ecd570bc16a86efdd3878028d2cf4bbc02f_9200.json
 create mode 100644 experiments/unified_contextual_memory/artifacts/evaluation/judges/901d562c13c81820ba7b441419cc0ecd570bc16a86efdd3878028d2cf4bbc02f_9200.request.json
 create mode 100644 experiments/unified_contextual_memory/artifacts/evaluation/judges/90ea59b9648f1fa03e90df623f38616bbe2d7cb045c29b6ac4708a3c6df131b7_9100.json
 create mode 100644 experiments/unified_contextual_memory/artifacts/evaluation/judges/90ea59b9648f1fa03e90df623f38616bbe2d7cb045c29b6ac4708a3c6df131b7_9100.request.json
 create mode 100644 experiments/unified_contextual_memory/artifacts/evaluation/judges/90ea59b9648f1fa03e90df623f38616bbe2d7cb045c29b6ac4708a3c6df131b7_9101.json
 create mode 100644 experiments/unified_contextual_memory/artifacts/evaluation/judges/90ea59b9648f1fa03e90df623f38616bbe2d7cb045c29b6ac4708a3c6df131b7_9101.request.json
 create mode 100644 experiments/unified_contextual_memory/artifacts/evaluation/judges/90ea59b9648f1fa03e90df623f38616bbe2d7cb045c29b6ac4708a3c6df131b7_9102.json
 create mode 100644 experiments/unified_contextual_memory/artifacts/evaluation/judges/90ea59b9648f1fa03e90df623f38616bbe2d7cb045c29b6ac4708a3c6df131b7_9102.request.json
 create mode 100644 experiments/unified_contextual_memory/artifacts/evaluation/judges/90ea59b9648f1fa03e90df623f38616bbe2d7cb045c29b6ac4708a3c6df131b7_9200.json
 create mode 100644 experiments/unified_contextual_memory/artifacts/evaluation/judges/90ea59b9648f1fa03e90df623f38616bbe2d7cb045c29b6ac4708a3c6df131b7_9200.request.json
 create mode 100644 experiments/unified_contextual_memory/artifacts/evaluation/judges/91439a5f8cb334b3f4b11eb759f02b0f3a70b3aac02941c364eb8d11f5f42d22_9100.json
 create mode 100644 experiments/unified_contextual_memory/artifacts/evaluation/judges/91439a5f8cb334b3f4b11eb759f02b0f3a70b3aac02941c364eb8d11f5f42d22_9100.request.json
 create mode 100644 experiments/unified_contextual_memory/artifacts/evaluation/judges/91439a5f8cb334b3f4b11eb759f02b0f3a70b3aac02941c364eb8d11f5f42d22_9101.json
 create mode 100644 experiments/unified_contextual_memory/artifacts/evaluation/judges/91439a5f8cb334b3f4b11eb759f02b0f3a70b3aac02941c364eb8d11f5f42d22_9101.request.json
 create mode 100644 experiments/unified_contextual_memory/artifacts/evaluation/judges/91439a5f8cb334b3f4b11eb759f02b0f3a70b3aac02941c364eb8d11f5f42d22_9102.json
 create mode 100644 experiments/unified_contextual_memory/artifacts/evaluation/judges/91439a5f8cb334b3f4b11eb759f02b0f3a70b3aac02941c364eb8d11f5f42d22_9102.request.json
 create mode 100644 experiments/unified_contextual_memory/artifacts/evaluation/judges/91439a5f8cb334b3f4b11eb759f02b0f3a70b3aac02941c364eb8d11f5f42d22_9200.json
 create mode 100644 experiments/unified_contextual_memory/artifacts/evaluation/judges/91439a5f8cb334b3f4b11eb759f02b0f3a70b3aac02941c364eb8d11f5f42d22_9200.request.json
 create mode 100644 experiments/unified_contextual_memory/artifacts/evaluation/judges/91d189ec5e433326e8ce1a7bc42a21c519a1040afa42a5f7a441fd0423ea29a6_9100.json
 create mode 100644 experiments/unified_contextual_memory/artifacts/evaluation/judges/91d189ec5e433326e8ce1a7bc42a21c519a1040afa42a5f7a441fd0423ea29a6_9100.request.json
 create mode 100644 experiments/unified_contextual_memory/artifacts/evaluation/judges/91d189ec5e433326e8ce1a7bc42a21c519a1040afa42a5f7a441fd0423ea29a6_9101.json
 create mode 100644 experiments/unified_contextual_memory/artifacts/evaluation/judges/91d189ec5e433326e8ce1a7bc42a21c519a1040afa42a5f7a441fd0423ea29a6_9101.request.json
 create mode 100644 experiments/unified_contextual_memory/artifacts/evaluation/judges/91d189ec5e433326e8ce1a7bc42a21c519a1040afa42a5f7a441fd0423ea29a6_9102.json
 create mode 100644 experiments/unified_contextual_memory/artifacts/evaluation/judges/91d189ec5e433326e8ce1a7bc42a21c519a1040afa42a5f7a441fd0423ea29a6_9102.request.json
 create mode 100644 experiments/unified_contextual_memory/artifacts/evaluation/judges/91d189ec5e433326e8ce1a7bc42a21c519a1040afa42a5f7a441fd0423ea29a6_9200.json
 create mode 100644 experiments/unified_contextual_memory/artifacts/evaluation/judges/91d189ec5e433326e8ce1a7bc42a21c519a1040afa42a5f7a441fd0423ea29a6_9200.request.json
 create mode 100644 experiments/unified_contextual_memory/artifacts/evaluation/judges/926199abd19d95b20dad08661f1641723846e0cabb6749b7d7842dd6b7cd9acc_9100.json
 create mode 100644 experiments/unified_contextual_memory/artifacts/evaluation/judges/926199abd19d95b20dad08661f1641723846e0cabb6749b7d7842dd6b7cd9acc_9100.request.json
 create mode 100644 experiments/unified_contextual_memory/artifacts/evaluation/judges/926199abd19d95b20dad08661f1641723846e0cabb6749b7d7842dd6b7cd9acc_9101.json
 create mode 100644 experiments/unified_contextual_memory/artifacts/evaluation/judges/926199abd19d95b20dad08661f1641723846e0cabb6749b7d7842dd6b7cd9acc_9101.request.json
 create mode 100644 experiments/unified_contextual_memory/artifacts/evaluation/judges/926199abd19d95b20dad08661f1641723846e0cabb6749b7d7842dd6b7cd9acc_9102.json
 create mode 100644 experiments/unified_contextual_memory/artifacts/evaluation/judges/926199abd19d95b20dad08661f1641723846e0cabb6749b7d7842dd6b7cd9acc_9102.request.json
 create mode 100644 experiments/unified_contextual_memory/artifacts/evaluation/judges/926199abd19d95b20dad08661f1641723846e0cabb6749b7d7842dd6b7cd9acc_9200.json
 create mode 100644 experiments/unified_contextual_memory/artifacts/evaluation/judges/926199abd19d95b20dad08661f1641723846e0cabb6749b7d7842dd6b7cd9acc_9200.request.json
 create mode 100644 experiments/unified_contextual_memory/artifacts/evaluation/judges/9283cc39fc646aa570055ff667628759e66baf602414484199ea7d8ecddd6699_9100.json
 create mode 100644 experiments/unified_contextual_memory/artifacts/evaluation/judges/9283cc39fc646aa570055ff667628759e66baf602414484199ea7d8ecddd6699_9100.request.json
 create mode 100644 experiments/unified_contextual_memory/artifacts/evaluation/judges/9283cc39fc646aa570055ff667628759e66baf602414484199ea7d8ecddd6699_9101.json
 create mode 100644 experiments/unified_contextual_memory/artifacts/evaluation/judges/9283cc39fc646aa570055ff667628759e66baf602414484199ea7d8ecddd6699_9101.request.json
 create mode 100644 experiments/unified_contextual_memory/artifacts/evaluation/judges/9283cc39fc646aa570055ff667628759e66baf602414484199ea7d8ecddd6699_9102.json
 create mode 100644 experiments/unified_contextual_memory/artifacts/evaluation/judges/9283cc39fc646aa570055ff667628759e66baf602414484199ea7d8ecddd6699_9102.request.json
 create mode 100644 experiments/unified_contextual_memory/artifacts/evaluation/judges/9283cc39fc646aa570055ff667628759e66baf602414484199ea7d8ecddd6699_9200.json
 create mode 100644 experiments/unified_contextual_memory/artifacts/evaluation/judges/9283cc39fc646aa570055ff667628759e66baf602414484199ea7d8ecddd6699_9200.request.json
 create mode 100644 experiments/unified_contextual_memory/artifacts/evaluation/judges/92bb79c648491276c7909cbb861996b2a60df680c57ea8d04df89a724149d225_9100.json
 create mode 100644 experiments/unified_contextual_memory/artifacts/evaluation/judges/92bb79c648491276c7909cbb861996b2a60df680c57ea8d04df89a724149d225_9100.request.json
 create mode 100644 experiments/unified_contextual_memory/artifacts/evaluation/judges/92bb79c648491276c7909cbb861996b2a60df680c57ea8d04df89a724149d225_9101.json
 create mode 100644 experiments/unified_contextual_memory/artifacts/evaluation/judges/92bb79c648491276c7909cbb861996b2a60df680c57ea8d04df89a724149d225_9101.request.json
 create mode 100644 experiments/unified_contextual_memory/artifacts/evaluation/judges/92bb79c648491276c7909cbb861996b2a60df680c57ea8d04df89a724149d225_9102.json
 create mode 100644 experiments/unified_contextual_memory/artifacts/evaluation/judges/92bb79c648491276c7909cbb861996b2a60df680c57ea8d04df89a724149d225_9102.request.json
 create mode 100644 experiments/unified_contextual_memory/artifacts/evaluation/judges/92bb79c648491276c7909cbb861996b2a60df680c57ea8d04df89a724149d225_9200.json
 create mode 100644 experiments/unified_contextual_memory/artifacts/evaluation/judges/92bb79c648491276c7909cbb861996b2a60df680c57ea8d04df89a724149d225_9200.request.json
 create mode 100644 experiments/unified_contextual_memory/artifacts/evaluation/judges/92f629843e5002b1927081fcc9c47317ed0ce4a7e042cf18e81c4a93b189ece7_9100.json
 create mode 100644 experiments/unified_contextual_memory/artifacts/evaluation/judges/92f629843e5002b1927081fcc9c47317ed0ce4a7e042cf18e81c4a93b189ece7_9100.request.json
 create mode 100644 experiments/unified_contextual_memory/artifacts/evaluation/judges/92f629843e5002b1927081fcc9c47317ed0ce4a7e042cf18e81c4a93b189ece7_9101.json
 create mode 100644 experiments/unified_contextual_memory/artifacts/evaluation/judges/92f629843e5002b1927081fcc9c47317ed0ce4a7e042cf18e81c4a93b189ece7_9101.request.json
 create mode 100644 experiments/unified_contextual_memory/artifacts/evaluation/judges/92f629843e5002b1927081fcc9c47317ed0ce4a7e042cf18e81c4a93b189ece7_9102.json
 create mode 100644 experiments/unified_contextual_memory/artifacts/evaluation/judges/92f629843e5002b1927081fcc9c47317ed0ce4a7e042cf18e81c4a93b189ece7_9102.request.json
 create mode 100644 experiments/unified_contextual_memory/artifacts/evaluation/judges/92f629843e5002b1927081fcc9c47317ed0ce4a7e042cf18e81c4a93b189ece7_9200.json
 create mode 100644 experiments/unified_contextual_memory/artifacts/evaluation/judges/92f629843e5002b1927081fcc9c47317ed0ce4a7e042cf18e81c4a93b189ece7_9200.request.json
 create mode 100644 experiments/unified_contextual_memory/artifacts/evaluation/judges/933f610b5554334481003a0eab96f5b093264ca112ce528bc587e1e32dd6686c_9100.json
 create mode 100644 experiments/unified_contextual_memory/artifacts/evaluation/judges/933f610b5554334481003a0eab96f5b093264ca112ce528bc587e1e32dd6686c_9100.request.json
 create mode 100644 experiments/unified_contextual_memory/artifacts/evaluation/judges/933f610b5554334481003a0eab96f5b093264ca112ce528bc587e1e32dd6686c_9101.json
 create mode 100644 experiments/unified_contextual_memory/artifacts/evaluation/judges/933f610b5554334481003a0eab96f5b093264ca112ce528bc587e1e32dd6686c_9101.request.json
 create mode 100644 experiments/unified_contextual_memory/artifacts/evaluation/judges/933f610b5554334481003a0eab96f5b093264ca112ce528bc587e1e32dd6686c_9102.json
 create mode 100644 experiments/unified_contextual_memory/artifacts/evaluation/judges/933f610b5554334481003a0eab96f5b093264ca112ce528bc587e1e32dd6686c_9102.request.json
 create mode 100644 experiments/unified_contextual_memory/artifacts/evaluation/judges/933f610b5554334481003a0eab96f5b093264ca112ce528bc587e1e32dd6686c_9200.json
 create mode 100644 experiments/unified_contextual_memory/artifacts/evaluation/judges/933f610b5554334481003a0eab96f5b093264ca112ce528bc587e1e32dd6686c_9200.request.json
 create mode 100644 experiments/unified_contextual_memory/artifacts/evaluation/judges/93956fcd5299564adeba8c3d0af4fb76da7f53b832e91d248bf469e5531719c3_9100.json
 create mode 100644 experiments/unified_contextual_memory/artifacts/evaluation/judges/93956fcd5299564adeba8c3d0af4fb76da7f53b832e91d248bf469e5531719c3_9100.request.json
 create mode 100644 experiments/unified_contextual_memory/artifacts/evaluation/judges/93956fcd5299564adeba8c3d0af4fb76da7f53b832e91d248bf469e5531719c3_9101.json
 create mode 100644 experiments/unified_contextual_memory/artifacts/evaluation/judges/93956fcd5299564adeba8c3d0af4fb76da7f53b832e91d248bf469e5531719c3_9101.request.json
 create mode 100644 experiments/unified_contextual_memory/artifacts/evaluation/judges/93956fcd5299564adeba8c3d0af4fb76da7f53b832e91d248bf469e5531719c3_9102.json
 create mode 100644 experiments/unified_contextual_memory/artifacts/evaluation/judges/93956fcd5299564adeba8c3d0af4fb76da7f53b832e91d248bf469e5531719c3_9102.request.json
 create mode 100644 experiments/unified_contextual_memory/artifacts/evaluation/judges/93956fcd5299564adeba8c3d0af4fb76da7f53b832e91d248bf469e5531719c3_9200.json
 create mode 100644 experiments/unified_contextual_memory/artifacts/evaluation/judges/93956fcd5299564adeba8c3d0af4fb76da7f53b832e91d248bf469e5531719c3_9200.request.json
 create mode 100644 experiments/unified_contextual_memory/artifacts/evaluation/judges/93c404ae77044f0176218b20810eedb65b3a0574ca8a0745459ec5fc3ec16a3e_9100.json
 create mode 100644 experiments/unified_contextual_memory/artifacts/evaluation/judges/93c404ae77044f0176218b20810eedb65b3a0574ca8a0745459ec5fc3ec16a3e_9100.request.json
 create mode 100644 experiments/unified_contextual_memory/artifacts/evaluation/judges/93c404ae77044f0176218b20810eedb65b3a0574ca8a0745459ec5fc3ec16a3e_9101.json
 create mode 100644 experiments/unified_contextual_memory/artifacts/evaluation/judges/93c404ae77044f0176218b20810eedb65b3a0574ca8a0745459ec5fc3ec16a3e_9101.request.json
 create mode 100644 experiments/unified_contextual_memory/artifacts/evaluation/judges/93c404ae77044f0176218b20810eedb65b3a0574ca8a0745459ec5fc3ec16a3e_9102.json
 create mode 100644 experiments/unified_contextual_memory/artifacts/evaluation/judges/93c404ae77044f0176218b20810eedb65b3a0574ca8a0745459ec5fc3ec16a3e_9102.request.json
 create mode 100644 experiments/unified_contextual_memory/artifacts/evaluation/judges/93c404ae77044f0176218b20810eedb65b3a0574ca8a0745459ec5fc3ec16a3e_9200.json
 create mode 100644 experiments/unified_contextual_memory/artifacts/evaluation/judges/93c404ae77044f0176218b20810eedb65b3a0574ca8a0745459ec5fc3ec16a3e_9200.request.json
 create mode 100644 experiments/unified_contextual_memory/artifacts/evaluation/judges/93f2b7d4086494984ea9e0ace398f28df6231bf45b112d951a1ea52261d08c16_9100.json
 create mode 100644 experiments/unified_contextual_memory/artifacts/evaluation/judges/93f2b7d4086494984ea9e0ace398f28df6231bf45b112d951a1ea52261d08c16_9100.request.json
 create mode 100644 experiments/unified_contextual_memory/artifacts/evaluation/judges/93f2b7d4086494984ea9e0ace398f28df6231bf45b112d951a1ea52261d08c16_9101.json
 create mode 100644 experiments/unified_contextual_memory/artifacts/evaluation/judges/93f2b7d4086494984ea9e0ace398f28df6231bf45b112d951a1ea52261d08c16_9101.request.json
 create mode 100644 experiments/unified_contextual_memory/artifacts/evaluation/judges/93f2b7d4086494984ea9e0ace398f28df6231bf45b112d951a1ea52261d08c16_9102.json
 create mode 100644 experiments/unified_contextual_memory/artifacts/evaluation/judges/93f2b7d4086494984ea9e0ace398f28df6231bf45b112d951a1ea52261d08c16_9102.request.json
 create mode 100644 experiments/unified_contextual_memory/artifacts/evaluation/judges/93f2b7d4086494984ea9e0ace398f28df6231bf45b112d951a1ea52261d08c16_9200.json
 create mode 100644 experiments/unified_contextual_memory/artifacts/evaluation/judges/93f2b7d4086494984ea9e0ace398f28df6231bf45b112d951a1ea52261d08c16_9200.request.json
 create mode 100644 experiments/unified_contextual_memory/artifacts/evaluation/judges/943acaa8753806b496f32f3bcc47af17a3b78d178aedd8a2ffa273453e7f8749_9100.json
 create mode 100644 experiments/unified_contextual_memory/artifacts/evaluation/judges/943acaa8753806b496f32f3bcc47af17a3b78d178aedd8a2ffa273453e7f8749_9100.request.json
 create mode 100644 experiments/unified_contextual_memory/artifacts/evaluation/judges/943acaa8753806b496f32f3bcc47af17a3b78d178aedd8a2ffa273453e7f8749_9101.json
 create mode 100644 experiments/unified_contextual_memory/artifacts/evaluation/judges/943acaa8753806b496f32f3bcc47af17a3b78d178aedd8a2ffa273453e7f8749_9101.request.json
 create mode 100644 experiments/unified_contextual_memory/artifacts/evaluation/judges/943acaa8753806b496f32f3bcc47af17a3b78d178aedd8a2ffa273453e7f8749_9102.json
 create mode 100644 experiments/unified_contextual_memory/artifacts/evaluation/judges/943acaa8753806b496f32f3bcc47af17a3b78d178aedd8a2ffa273453e7f8749_9102.request.json
 create mode 100644 experiments/unified_contextual_memory/artifacts/evaluation/judges/943acaa8753806b496f32f3bcc47af17a3b78d178aedd8a2ffa273453e7f8749_9200.json
 create mode 100644 experiments/unified_contextual_memory/artifacts/evaluation/judges/943acaa8753806b496f32f3bcc47af17a3b78d178aedd8a2ffa273453e7f8749_9200.request.json
 create mode 100644 experiments/unified_contextual_memory/artifacts/evaluation/judges/94494083855b388fa2b123747c027580aab83362d1a5f30fba0e67fbfacdd250_9100.json
 create mode 100644 experiments/unified_contextual_memory/artifacts/evaluation/judges/94494083855b388fa2b123747c027580aab83362d1a5f30fba0e67fbfacdd250_9100.request.json
 create mode 100644 experiments/unified_contextual_memory/artifacts/evaluation/judges/94494083855b388fa2b123747c027580aab83362d1a5f30fba0e67fbfacdd250_9101.json
 create mode 100644 experiments/unified_contextual_memory/artifacts/evaluation/judges/94494083855b388fa2b123747c027580aab83362d1a5f30fba0e67fbfacdd250_9101.request.json
 create mode 100644 experiments/unified_contextual_memory/artifacts/evaluation/judges/94494083855b388fa2b123747c027580aab83362d1a5f30fba0e67fbfacdd250_9102.json
 create mode 100644 experiments/unified_contextual_memory/artifacts/evaluation/judges/94494083855b388fa2b123747c027580aab83362d1a5f30fba0e67fbfacdd250_9102.request.json
 create mode 100644 experiments/unified_contextual_memory/artifacts/evaluation/judges/94494083855b388fa2b123747c027580aab83362d1a5f30fba0e67fbfacdd250_9200.json
 create mode 100644 experiments/unified_contextual_memory/artifacts/evaluation/judges/94494083855b388fa2b123747c027580aab83362d1a5f30fba0e67fbfacdd250_9200.request.json
 create mode 100644 experiments/unified_contextual_memory/artifacts/evaluation/judges/9517baedfbf882bbd58c89b00bb9b819aaf192670c621646e9c2eb9330f2614d_9100.json
 create mode 100644 experiments/unified_contextual_memory/artifacts/evaluation/judges/9517baedfbf882bbd58c89b00bb9b819aaf192670c621646e9c2eb9330f2614d_9100.request.json
 create mode 100644 experiments/unified_contextual_memory/artifacts/evaluation/judges/9517baedfbf882bbd58c89b00bb9b819aaf192670c621646e9c2eb9330f2614d_9101.json
 create mode 100644 experiments/unified_contextual_memory/artifacts/evaluation/judges/9517baedfbf882bbd58c89b00bb9b819aaf192670c621646e9c2eb9330f2614d_9101.request.json
 create mode 100644 experiments/unified_contextual_memory/artifacts/evaluation/judges/9517baedfbf882bbd58c89b00bb9b819aaf192670c621646e9c2eb9330f2614d_9102.json
 create mode 100644 experiments/unified_contextual_memory/artifacts/evaluation/judges/9517baedfbf882bbd58c89b00bb9b819aaf192670c621646e9c2eb9330f2614d_9102.request.json
 create mode 100644 experiments/unified_contextual_memory/artifacts/evaluation/judges/9517baedfbf882bbd58c89b00bb9b819aaf192670c621646e9c2eb9330f2614d_9200.json
 create mode 100644 experiments/unified_contextual_memory/artifacts/evaluation/judges/9517baedfbf882bbd58c89b00bb9b819aaf192670c621646e9c2eb9330f2614d_9200.request.json
 create mode 100644 experiments/unified_contextual_memory/artifacts/evaluation/judges/952b358d3b20d5c703d91d507d211ce59060e769ea12d46659f2a1e5d2b03df9_9100.json
 create mode 100644 experiments/unified_contextual_memory/artifacts/evaluation/judges/952b358d3b20d5c703d91d507d211ce59060e769ea12d46659f2a1e5d2b03df9_9100.request.json
 create mode 100644 experiments/unified_contextual_memory/artifacts/evaluation/judges/952b358d3b20d5c703d91d507d211ce59060e769ea12d46659f2a1e5d2b03df9_9101.json
 create mode 100644 experiments/unified_contextual_memory/artifacts/evaluation/judges/952b358d3b20d5c703d91d507d211ce59060e769ea12d46659f2a1e5d2b03df9_9101.request.json
 create mode 100644 experiments/unified_contextual_memory/artifacts/evaluation/judges/952b358d3b20d5c703d91d507d211ce59060e769ea12d46659f2a1e5d2b03df9_9102.json
 create mode 100644 experiments/unified_contextual_memory/artifacts/evaluation/judges/952b358d3b20d5c703d91d507d211ce59060e769ea12d46659f2a1e5d2b03df9_9102.request.json
 create mode 100644 experiments/unified_contextual_memory/artifacts/evaluation/judges/952b358d3b20d5c703d91d507d211ce59060e769ea12d46659f2a1e5d2b03df9_9200.json
 create mode 100644 experiments/unified_contextual_memory/artifacts/evaluation/judges/952b358d3b20d5c703d91d507d211ce59060e769ea12d46659f2a1e5d2b03df9_9200.request.json
 create mode 100644 experiments/unified_contextual_memory/artifacts/evaluation/judges/952eacd29f1cb92bab7617e671ba7d74ff8165a402dae36ce417a795f4c91c7f_9100.json
 create mode 100644 experiments/unified_contextual_memory/artifacts/evaluation/judges/952eacd29f1cb92bab7617e671ba7d74ff8165a402dae36ce417a795f4c91c7f_9100.request.json
 create mode 100644 experiments/unified_contextual_memory/artifacts/evaluation/judges/952eacd29f1cb92bab7617e671ba7d74ff8165a402dae36ce417a795f4c91c7f_9101.json
 create mode 100644 experiments/unified_contextual_memory/artifacts/evaluation/judges/952eacd29f1cb92bab7617e671ba7d74ff8165a402dae36ce417a795f4c91c7f_9101.request.json
 create mode 100644 experiments/unified_contextual_memory/artifacts/evaluation/judges/952eacd29f1cb92bab7617e671ba7d74ff8165a402dae36ce417a795f4c91c7f_9102.json
 create mode 100644 experiments/unified_contextual_memory/artifacts/evaluation/judges/952eacd29f1cb92bab7617e671ba7d74ff8165a402dae36ce417a795f4c91c7f_9102.request.json
 create mode 100644 experiments/unified_contextual_memory/artifacts/evaluation/judges/952eacd29f1cb92bab7617e671ba7d74ff8165a402dae36ce417a795f4c91c7f_9200.json
 create mode 100644 experiments/unified_contextual_memory/artifacts/evaluation/judges/952eacd29f1cb92bab7617e671ba7d74ff8165a402dae36ce417a795f4c91c7f_9200.request.json
 create mode 100644 experiments/unified_contextual_memory/artifacts/evaluation/judges/9535bd8794fc7209219600894c37b2c581ab25bb2ab3cf0ce887025c9c17e65f_9100.json
 create mode 100644 experiments/unified_contextual_memory/artifacts/evaluation/judges/9535bd8794fc7209219600894c37b2c581ab25bb2ab3cf0ce887025c9c17e65f_9100.request.json
 create mode 100644 experiments/unified_contextual_memory/artifacts/evaluation/judges/9535bd8794fc7209219600894c37b2c581ab25bb2ab3cf0ce887025c9c17e65f_9101.json
 create mode 100644 experiments/unified_contextual_memory/artifacts/evaluation/judges/9535bd8794fc7209219600894c37b2c581ab25bb2ab3cf0ce887025c9c17e65f_9101.request.json
 create mode 100644 experiments/unified_contextual_memory/artifacts/evaluation/judges/9535bd8794fc7209219600894c37b2c581ab25bb2ab3cf0ce887025c9c17e65f_9102.json
 create mode 100644 experiments/unified_contextual_memory/artifacts/evaluation/judges/9535bd8794fc7209219600894c37b2c581ab25bb2ab3cf0ce887025c9c17e65f_9102.request.json
 create mode 100644 experiments/unified_contextual_memory/artifacts/evaluation/judges/9535bd8794fc7209219600894c37b2c581ab25bb2ab3cf0ce887025c9c17e65f_9200.json
 create mode 100644 experiments/unified_contextual_memory/artifacts/evaluation/judges/9535bd8794fc7209219600894c37b2c581ab25bb2ab3cf0ce887025c9c17e65f_9200.request.json
 create mode 100644 experiments/unified_contextual_memory/artifacts/evaluation/judges/9540e991aa24e97a29fb5c5da24a16e5092a48e2cc67959f211a09052f9febc3_9100.json
 create mode 100644 experiments/unified_contextual_memory/artifacts/evaluation/judges/9540e991aa24e97a29fb5c5da24a16e5092a48e2cc67959f211a09052f9febc3_9100.request.json
 create mode 100644 experiments/unified_contextual_memory/artifacts/evaluation/judges/9540e991aa24e97a29fb5c5da24a16e5092a48e2cc67959f211a09052f9febc3_9101.json
 create mode 100644 experiments/unified_contextual_memory/artifacts/evaluation/judges/9540e991aa24e97a29fb5c5da24a16e5092a48e2cc67959f211a09052f9febc3_9101.request.json
 create mode 100644 experiments/unified_contextual_memory/artifacts/evaluation/judges/9540e991aa24e97a29fb5c5da24a16e5092a48e2cc67959f211a09052f9febc3_9102.json
 create mode 100644 experiments/unified_contextual_memory/artifacts/evaluation/judges/9540e991aa24e97a29fb5c5da24a16e5092a48e2cc67959f211a09052f9febc3_9102.request.json
 create mode 100644 experiments/unified_contextual_memory/artifacts/evaluation/judges/9540e991aa24e97a29fb5c5da24a16e5092a48e2cc67959f211a09052f9febc3_9200.json
 create mode 100644 experiments/unified_contextual_memory/artifacts/evaluation/judges/9540e991aa24e97a29fb5c5da24a16e5092a48e2cc67959f211a09052f9febc3_9200.request.json
 create mode 100644 experiments/unified_contextual_memory/artifacts/evaluation/judges/95695ea3d2376d9ff19a1d35d7c71b2589f0ac88ae637e4356eb3c17f271e202_9100.json
 create mode 100644 experiments/unified_contextual_memory/artifacts/evaluation/judges/95695ea3d2376d9ff19a1d35d7c71b2589f0ac88ae637e4356eb3c17f271e202_9100.request.json
 create mode 100644 experiments/unified_contextual_memory/artifacts/evaluation/judges/95695ea3d2376d9ff19a1d35d7c71b2589f0ac88ae637e4356eb3c17f271e202_9101.json
 create mode 100644 experiments/unified_contextual_memory/artifacts/evaluation/judges/95695ea3d2376d9ff19a1d35d7c71b2589f0ac88ae637e4356eb3c17f271e202_9101.request.json
 create mode 100644 experiments/unified_contextual_memory/artifacts/evaluation/judges/95695ea3d2376d9ff19a1d35d7c71b2589f0ac88ae637e4356eb3c17f271e202_9102.json
 create mode 100644 experiments/unified_contextual_memory/artifacts/evaluation/judges/95695ea3d2376d9ff19a1d35d7c71b2589f0ac88ae637e4356eb3c17f271e202_9102.request.json
 create mode 100644 experiments/unified_contextual_memory/artifacts/evaluation/judges/95695ea3d2376d9ff19a1d35d7c71b2589f0ac88ae637e4356eb3c17f271e202_9200.json
 create mode 100644 experiments/unified_contextual_memory/artifacts/evaluation/judges/95695ea3d2376d9ff19a1d35d7c71b2589f0ac88ae637e4356eb3c17f271e202_9200.request.json
 create mode 100644 experiments/unified_contextual_memory/artifacts/evaluation/judges/95e672fdccfe5f6938d95a738e5b5c3a7e4b0dc398634605229bf04f4df330ae_9100.json
 create mode 100644 experiments/unified_contextual_memory/artifacts/evaluation/judges/95e672fdccfe5f6938d95a738e5b5c3a7e4b0dc398634605229bf04f4df330ae_9100.request.json
 create mode 100644 experiments/unified_contextual_memory/artifacts/evaluation/judges/95e672fdccfe5f6938d95a738e5b5c3a7e4b0dc398634605229bf04f4df330ae_9101.json
 create mode 100644 experiments/unified_contextual_memory/artifacts/evaluation/judges/95e672fdccfe5f6938d95a738e5b5c3a7e4b0dc398634605229bf04f4df330ae_9101.request.json
 create mode 100644 experiments/unified_contextual_memory/artifacts/evaluation/judges/95e672fdccfe5f6938d95a738e5b5c3a7e4b0dc398634605229bf04f4df330ae_9102.json
 create mode 100644 experiments/unified_contextual_memory/artifacts/evaluation/judges/95e672fdccfe5f6938d95a738e5b5c3a7e4b0dc398634605229bf04f4df330ae_9102.request.json
 create mode 100644 experiments/unified_contextual_memory/artifacts/evaluation/judges/95e672fdccfe5f6938d95a738e5b5c3a7e4b0dc398634605229bf04f4df330ae_9200.json
 create mode 100644 experiments/unified_contextual_memory/artifacts/evaluation/judges/95e672fdccfe5f6938d95a738e5b5c3a7e4b0dc398634605229bf04f4df330ae_9200.request.json
 create mode 100644 experiments/unified_contextual_memory/artifacts/evaluation/judges/95ff485446a8bead65802ee8a2d3771d75f729e13da7c6d8075fc248a9d14d0c_9100.json
 create mode 100644 experiments/unified_contextual_memory/artifacts/evaluation/judges/95ff485446a8bead65802ee8a2d3771d75f729e13da7c6d8075fc248a9d14d0c_9100.request.json
 create mode 100644 experiments/unified_contextual_memory/artifacts/evaluation/judges/95ff485446a8bead65802ee8a2d3771d75f729e13da7c6d8075fc248a9d14d0c_9101.json
 create mode 100644 experiments/unified_contextual_memory/artifacts/evaluation/judges/95ff485446a8bead65802ee8a2d3771d75f729e13da7c6d8075fc248a9d14d0c_9101.request.json
 create mode 100644 experiments/unified_contextual_memory/artifacts/evaluation/judges/95ff485446a8bead65802ee8a2d3771d75f729e13da7c6d8075fc248a9d14d0c_9102.json
 create mode 100644 experiments/unified_contextual_memory/artifacts/evaluation/judges/95ff485446a8bead65802ee8a2d3771d75f729e13da7c6d8075fc248a9d14d0c_9102.request.json
 create mode 100644 experiments/unified_contextual_memory/artifacts/evaluation/judges/95ff485446a8bead65802ee8a2d3771d75f729e13da7c6d8075fc248a9d14d0c_9200.json
 create mode 100644 experiments/unified_contextual_memory/artifacts/evaluation/judges/95ff485446a8bead65802ee8a2d3771d75f729e13da7c6d8075fc248a9d14d0c_9200.request.json
 create mode 100644 experiments/unified_contextual_memory/artifacts/evaluation/judges/965314c9a544139882a28cfdb4a49ef6ea45650ce6a128dc42d22648a034ce37_9100.json
 create mode 100644 experiments/unified_contextual_memory/artifacts/evaluation/judges/965314c9a544139882a28cfdb4a49ef6ea45650ce6a128dc42d22648a034ce37_9100.request.json
 create mode 100644 experiments/unified_contextual_memory/artifacts/evaluation/judges/965314c9a544139882a28cfdb4a49ef6ea45650ce6a128dc42d22648a034ce37_9101.json
 create mode 100644 experiments/unified_contextual_memory/artifacts/evaluation/judges/965314c9a544139882a28cfdb4a49ef6ea45650ce6a128dc42d22648a034ce37_9101.request.json
 create mode 100644 experiments/unified_contextual_memory/artifacts/evaluation/judges/965314c9a544139882a28cfdb4a49ef6ea45650ce6a128dc42d22648a034ce37_9102.json
 create mode 100644 experiments/unified_contextual_memory/artifacts/evaluation/judges/965314c9a544139882a28cfdb4a49ef6ea45650ce6a128dc42d22648a034ce37_9102.request.json
 create mode 100644 experiments/unified_contextual_memory/artifacts/evaluation/judges/965314c9a544139882a28cfdb4a49ef6ea45650ce6a128dc42d22648a034ce37_9200.json
 create mode 100644 experiments/unified_contextual_memory/artifacts/evaluation/judges/965314c9a544139882a28cfdb4a49ef6ea45650ce6a128dc42d22648a034ce37_9200.request.json
 create mode 100644 experiments/unified_contextual_memory/artifacts/evaluation/judges/968af19ab9d4762195abe76c9f68ed4b71e67d6dfc611700c9ab93525efa7abe_9100.json
 create mode 100644 experiments/unified_contextual_memory/artifacts/evaluation/judges/968af19ab9d4762195abe76c9f68ed4b71e67d6dfc611700c9ab93525efa7abe_9100.request.json
 create mode 100644 experiments/unified_contextual_memory/artifacts/evaluation/judges/968af19ab9d4762195abe76c9f68ed4b71e67d6dfc611700c9ab93525efa7abe_9101.json
 create mode 100644 experiments/unified_contextual_memory/artifacts/evaluation/judges/968af19ab9d4762195abe76c9f68ed4b71e67d6dfc611700c9ab93525efa7abe_9101.request.json
 create mode 100644 experiments/unified_contextual_memory/artifacts/evaluation/judges/968af19ab9d4762195abe76c9f68ed4b71e67d6dfc611700c9ab93525efa7abe_9102.json
 create mode 100644 experiments/unified_contextual_memory/artifacts/evaluation/judges/968af19ab9d4762195abe76c9f68ed4b71e67d6dfc611700c9ab93525efa7abe_9102.request.json
 create mode 100644 experiments/unified_contextual_memory/artifacts/evaluation/judges/968af19ab9d4762195abe76c9f68ed4b71e67d6dfc611700c9ab93525efa7abe_9200.json
 create mode 100644 experiments/unified_contextual_memory/artifacts/evaluation/judges/968af19ab9d4762195abe76c9f68ed4b71e67d6dfc611700c9ab93525efa7abe_9200.request.json
 create mode 100644 experiments/unified_contextual_memory/artifacts/evaluation/judges/9709241a5b6e482ab71c6ffa826361c85f40a57bc45ea3e0d39de11135853a02_9100.json
 create mode 100644 experiments/unified_contextual_memory/artifacts/evaluation/judges/9709241a5b6e482ab71c6ffa826361c85f40a57bc45ea3e0d39de11135853a02_9100.request.json
 create mode 100644 experiments/unified_contextual_memory/artifacts/evaluation/judges/9709241a5b6e482ab71c6ffa826361c85f40a57bc45ea3e0d39de11135853a02_9101.json
 create mode 100644 experiments/unified_contextual_memory/artifacts/evaluation/judges/9709241a5b6e482ab71c6ffa826361c85f40a57bc45ea3e0d39de11135853a02_9101.request.json
 create mode 100644 experiments/unified_contextual_memory/artifacts/evaluation/judges/9709241a5b6e482ab71c6ffa826361c85f40a57bc45ea3e0d39de11135853a02_9102.json
 create mode 100644 experiments/unified_contextual_memory/artifacts/evaluation/judges/9709241a5b6e482ab71c6ffa826361c85f40a57bc45ea3e0d39de11135853a02_9102.request.json
 create mode 100644 experiments/unified_contextual_memory/artifacts/evaluation/judges/9709241a5b6e482ab71c6ffa826361c85f40a57bc45ea3e0d39de11135853a02_9200.json
 create mode 100644 experiments/unified_contextual_memory/artifacts/evaluation/judges/9709241a5b6e482ab71c6ffa826361c85f40a57bc45ea3e0d39de11135853a02_9200.request.json
 create mode 100644 experiments/unified_contextual_memory/artifacts/evaluation/judges/97599518e768dcc86601cca5d4ef365912ad2bd53e85719f03a622b2a65ee16e_9100.json
 create mode 100644 experiments/unified_contextual_memory/artifacts/evaluation/judges/97599518e768dcc86601cca5d4ef365912ad2bd53e85719f03a622b2a65ee16e_9100.request.json
 create mode 100644 experiments/unified_contextual_memory/artifacts/evaluation/judges/97599518e768dcc86601cca5d4ef365912ad2bd53e85719f03a622b2a65ee16e_9101.json
 create mode 100644 experiments/unified_contextual_memory/artifacts/evaluation/judges/97599518e768dcc86601cca5d4ef365912ad2bd53e85719f03a622b2a65ee16e_9101.request.json
 create mode 100644 experiments/unified_contextual_memory/artifacts/evaluation/judges/97599518e768dcc86601cca5d4ef365912ad2bd53e85719f03a622b2a65ee16e_9102.json
 create mode 100644 experiments/unified_contextual_memory/artifacts/evaluation/judges/97599518e768dcc86601cca5d4ef365912ad2bd53e85719f03a622b2a65ee16e_9102.request.json
 create mode 100644 experiments/unified_contextual_memory/artifacts/evaluation/judges/97599518e768dcc86601cca5d4ef365912ad2bd53e85719f03a622b2a65ee16e_9200.json
 create mode 100644 experiments/unified_contextual_memory/artifacts/evaluation/judges/97599518e768dcc86601cca5d4ef365912ad2bd53e85719f03a622b2a65ee16e_9200.request.json
 create mode 100644 experiments/unified_contextual_memory/artifacts/evaluation/judges/97db2582e74edb58b8a773675c3e873c016bab95ce6405f25ee4d43bc38d7336_9100.json
 create mode 100644 experiments/unified_contextual_memory/artifacts/evaluation/judges/97db2582e74edb58b8a773675c3e873c016bab95ce6405f25ee4d43bc38d7336_9100.request.json
 create mode 100644 experiments/unified_contextual_memory/artifacts/evaluation/judges/97db2582e74edb58b8a773675c3e873c016bab95ce6405f25ee4d43bc38d7336_9101.json
 create mode 100644 experiments/unified_contextual_memory/artifacts/evaluation/judges/97db2582e74edb58b8a773675c3e873c016bab95ce6405f25ee4d43bc38d7336_9101.request.json
 create mode 100644 experiments/unified_contextual_memory/artifacts/evaluation/judges/97db2582e74edb58b8a773675c3e873c016bab95ce6405f25ee4d43bc38d7336_9102.json
 create mode 100644 experiments/unified_contextual_memory/artifacts/evaluation/judges/97db2582e74edb58b8a773675c3e873c016bab95ce6405f25ee4d43bc38d7336_9102.request.json
 create mode 100644 experiments/unified_contextual_memory/artifacts/evaluation/judges/97db2582e74edb58b8a773675c3e873c016bab95ce6405f25ee4d43bc38d7336_9200.json
 create mode 100644 experiments/unified_contextual_memory/artifacts/evaluation/judges/97db2582e74edb58b8a773675c3e873c016bab95ce6405f25ee4d43bc38d7336_9200.request.json
 create mode 100644 experiments/unified_contextual_memory/artifacts/evaluation/judges/97dbcfe4617efc7f6aa8b9814bfaca83d394a39c613d4ef9091265fb94e8f3f7_9100.json
 create mode 100644 experiments/unified_contextual_memory/artifacts/evaluation/judges/97dbcfe4617efc7f6aa8b9814bfaca83d394a39c613d4ef9091265fb94e8f3f7_9100.request.json
 create mode 100644 experiments/unified_contextual_memory/artifacts/evaluation/judges/97dbcfe4617efc7f6aa8b9814bfaca83d394a39c613d4ef9091265fb94e8f3f7_9101.json
 create mode 100644 experiments/unified_contextual_memory/artifacts/evaluation/judges/97dbcfe4617efc7f6aa8b9814bfaca83d394a39c613d4ef9091265fb94e8f3f7_9101.request.json
 create mode 100644 experiments/unified_contextual_memory/artifacts/evaluation/judges/97dbcfe4617efc7f6aa8b9814bfaca83d394a39c613d4ef9091265fb94e8f3f7_9102.json
 create mode 100644 experiments/unified_contextual_memory/artifacts/evaluation/judges/97dbcfe4617efc7f6aa8b9814bfaca83d394a39c613d4ef9091265fb94e8f3f7_9102.request.json
 create mode 100644 experiments/unified_contextual_memory/artifacts/evaluation/judges/97dbcfe4617efc7f6aa8b9814bfaca83d394a39c613d4ef9091265fb94e8f3f7_9200.json
 create mode 100644 experiments/unified_contextual_memory/artifacts/evaluation/judges/97dbcfe4617efc7f6aa8b9814bfaca83d394a39c613d4ef9091265fb94e8f3f7_9200.request.json
 create mode 100644 experiments/unified_contextual_memory/artifacts/evaluation/judges/996431dc78d8a6ecdc605df8d33cfc3e96cce0715f2e4ca9a14d5e647d1ea277_9100.json
 create mode 100644 experiments/unified_contextual_memory/artifacts/evaluation/judges/996431dc78d8a6ecdc605df8d33cfc3e96cce0715f2e4ca9a14d5e647d1ea277_9100.request.json
 create mode 100644 experiments/unified_contextual_memory/artifacts/evaluation/judges/996431dc78d8a6ecdc605df8d33cfc3e96cce0715f2e4ca9a14d5e647d1ea277_9101.json
 create mode 100644 experiments/unified_contextual_memory/artifacts/evaluation/judges/996431dc78d8a6ecdc605df8d33cfc3e96cce0715f2e4ca9a14d5e647d1ea277_9101.request.json
 create mode 100644 experiments/unified_contextual_memory/artifacts/evaluation/judges/996431dc78d8a6ecdc605df8d33cfc3e96cce0715f2e4ca9a14d5e647d1ea277_9102.json
 create mode 100644 experiments/unified_contextual_memory/artifacts/evaluation/judges/996431dc78d8a6ecdc605df8d33cfc3e96cce0715f2e4ca9a14d5e647d1ea277_9102.request.json
 create mode 100644 experiments/unified_contextual_memory/artifacts/evaluation/judges/996431dc78d8a6ecdc605df8d33cfc3e96cce0715f2e4ca9a14d5e647d1ea277_9200.json
 create mode 100644 experiments/unified_contextual_memory/artifacts/evaluation/judges/996431dc78d8a6ecdc605df8d33cfc3e96cce0715f2e4ca9a14d5e647d1ea277_9200.request.json
 create mode 100644 experiments/unified_contextual_memory/artifacts/evaluation/judges/99b024b41cf88dbda7e97f048154d1f038c038770d1f382a48d7447b66701f9a_9100.json
 create mode 100644 experiments/unified_contextual_memory/artifacts/evaluation/judges/99b024b41cf88dbda7e97f048154d1f038c038770d1f382a48d7447b66701f9a_9100.request.json
 create mode 100644 experiments/unified_contextual_memory/artifacts/evaluation/judges/99b024b41cf88dbda7e97f048154d1f038c038770d1f382a48d7447b66701f9a_9101.json
 create mode 100644 experiments/unified_contextual_memory/artifacts/evaluation/judges/99b024b41cf88dbda7e97f048154d1f038c038770d1f382a48d7447b66701f9a_9101.request.json
 create mode 100644 experiments/unified_contextual_memory/artifacts/evaluation/judges/99b024b41cf88dbda7e97f048154d1f038c038770d1f382a48d7447b66701f9a_9102.json
 create mode 100644 experiments/unified_contextual_memory/artifacts/evaluation/judges/99b024b41cf88dbda7e97f048154d1f038c038770d1f382a48d7447b66701f9a_9102.request.json
 create mode 100644 experiments/unified_contextual_memory/artifacts/evaluation/judges/99b024b41cf88dbda7e97f048154d1f038c038770d1f382a48d7447b66701f9a_9200.json
 create mode 100644 experiments/unified_contextual_memory/artifacts/evaluation/judges/99b024b41cf88dbda7e97f048154d1f038c038770d1f382a48d7447b66701f9a_9200.request.json
 create mode 100644 experiments/unified_contextual_memory/artifacts/evaluation/judges/99bc81b9693deea8caa98414cefb907ef614b0aab0f2cf0bcd8a7591c72e5c57_9100.json
 create mode 100644 experiments/unified_contextual_memory/artifacts/evaluation/judges/99bc81b9693deea8caa98414cefb907ef614b0aab0f2cf0bcd8a7591c72e5c57_9100.request.json
 create mode 100644 experiments/unified_contextual_memory/artifacts/evaluation/judges/99bc81b9693deea8caa98414cefb907ef614b0aab0f2cf0bcd8a7591c72e5c57_9101.json
 create mode 100644 experiments/unified_contextual_memory/artifacts/evaluation/judges/99bc81b9693deea8caa98414cefb907ef614b0aab0f2cf0bcd8a7591c72e5c57_9101.request.json
 create mode 100644 experiments/unified_contextual_memory/artifacts/evaluation/judges/99bc81b9693deea8caa98414cefb907ef614b0aab0f2cf0bcd8a7591c72e5c57_9102.json
 create mode 100644 experiments/unified_contextual_memory/artifacts/evaluation/judges/99bc81b9693deea8caa98414cefb907ef614b0aab0f2cf0bcd8a7591c72e5c57_9102.request.json
 create mode 100644 experiments/unified_contextual_memory/artifacts/evaluation/judges/99bc81b9693deea8caa98414cefb907ef614b0aab0f2cf0bcd8a7591c72e5c57_9200.json
 create mode 100644 experiments/unified_contextual_memory/artifacts/evaluation/judges/99bc81b9693deea8caa98414cefb907ef614b0aab0f2cf0bcd8a7591c72e5c57_9200.request.json
 create mode 100644 experiments/unified_contextual_memory/artifacts/evaluation/judges/9a3a0285a38fde7affbabbd959797b09bb62928386145c6643eeaf5274cecdf0_9100.json
 create mode 100644 experiments/unified_contextual_memory/artifacts/evaluation/judges/9a3a0285a38fde7affbabbd959797b09bb62928386145c6643eeaf5274cecdf0_9100.request.json
 create mode 100644 experiments/unified_contextual_memory/artifacts/evaluation/judges/9a3a0285a38fde7affbabbd959797b09bb62928386145c6643eeaf5274cecdf0_9101.json
 create mode 100644 experiments/unified_contextual_memory/artifacts/evaluation/judges/9a3a0285a38fde7affbabbd959797b09bb62928386145c6643eeaf5274cecdf0_9101.request.json
 create mode 100644 experiments/unified_contextual_memory/artifacts/evaluation/judges/9a3a0285a38fde7affbabbd959797b09bb62928386145c6643eeaf5274cecdf0_9102.json
 create mode 100644 experiments/unified_contextual_memory/artifacts/evaluation/judges/9a3a0285a38fde7affbabbd959797b09bb62928386145c6643eeaf5274cecdf0_9102.request.json
 create mode 100644 experiments/unified_contextual_memory/artifacts/evaluation/judges/9a3a0285a38fde7affbabbd959797b09bb62928386145c6643eeaf5274cecdf0_9200.json
 create mode 100644 experiments/unified_contextual_memory/artifacts/evaluation/judges/9a3a0285a38fde7affbabbd959797b09bb62928386145c6643eeaf5274cecdf0_9200.request.json
 create mode 100644 experiments/unified_contextual_memory/artifacts/evaluation/judges/9ab7576fb9aa8e4b9b07a01a837dde2f3c5af66572869f3d9d1224d632200010_9100.json
 create mode 100644 experiments/unified_contextual_memory/artifacts/evaluation/judges/9ab7576fb9aa8e4b9b07a01a837dde2f3c5af66572869f3d9d1224d632200010_9100.request.json
 create mode 100644 experiments/unified_contextual_memory/artifacts/evaluation/judges/9ab7576fb9aa8e4b9b07a01a837dde2f3c5af66572869f3d9d1224d632200010_9101.json
 create mode 100644 experiments/unified_contextual_memory/artifacts/evaluation/judges/9ab7576fb9aa8e4b9b07a01a837dde2f3c5af66572869f3d9d1224d632200010_9101.request.json
 create mode 100644 experiments/unified_contextual_memory/artifacts/evaluation/judges/9ab7576fb9aa8e4b9b07a01a837dde2f3c5af66572869f3d9d1224d632200010_9102.json
 create mode 100644 experiments/unified_contextual_memory/artifacts/evaluation/judges/9ab7576fb9aa8e4b9b07a01a837dde2f3c5af66572869f3d9d1224d632200010_9102.request.json
 create mode 100644 experiments/unified_contextual_memory/artifacts/evaluation/judges/9ab7576fb9aa8e4b9b07a01a837dde2f3c5af66572869f3d9d1224d632200010_9200.json
 create mode 100644 experiments/unified_contextual_memory/artifacts/evaluation/judges/9ab7576fb9aa8e4b9b07a01a837dde2f3c5af66572869f3d9d1224d632200010_9200.request.json
 create mode 100644 experiments/unified_contextual_memory/artifacts/evaluation/judges/9b8dca496d3b106cb1f0ab72898b5a9d63b44186f01ee05df86e7a6c9b006590_9100.json
 create mode 100644 experiments/unified_contextual_memory/artifacts/evaluation/judges/9b8dca496d3b106cb1f0ab72898b5a9d63b44186f01ee05df86e7a6c9b006590_9100.request.json
 create mode 100644 experiments/unified_contextual_memory/artifacts/evaluation/judges/9b8dca496d3b106cb1f0ab72898b5a9d63b44186f01ee05df86e7a6c9b006590_9101.json
 create mode 100644 experiments/unified_contextual_memory/artifacts/evaluation/judges/9b8dca496d3b106cb1f0ab72898b5a9d63b44186f01ee05df86e7a6c9b006590_9101.request.json
 create mode 100644 experiments/unified_contextual_memory/artifacts/evaluation/judges/9b8dca496d3b106cb1f0ab72898b5a9d63b44186f01ee05df86e7a6c9b006590_9102.json
 create mode 100644 experiments/unified_contextual_memory/artifacts/evaluation/judges/9b8dca496d3b106cb1f0ab72898b5a9d63b44186f01ee05df86e7a6c9b006590_9102.request.json
 create mode 100644 experiments/unified_contextual_memory/artifacts/evaluation/judges/9b8dca496d3b106cb1f0ab72898b5a9d63b44186f01ee05df86e7a6c9b006590_9200.json
 create mode 100644 experiments/unified_contextual_memory/artifacts/evaluation/judges/9b8dca496d3b106cb1f0ab72898b5a9d63b44186f01ee05df86e7a6c9b006590_9200.request.json
 create mode 100644 experiments/unified_contextual_memory/artifacts/evaluation/judges/9c224d2219267e22b8abcd8cca7cb396160aac51a54ea60ac7297ae4506211c5_9100.json
 create mode 100644 experiments/unified_contextual_memory/artifacts/evaluation/judges/9c224d2219267e22b8abcd8cca7cb396160aac51a54ea60ac7297ae4506211c5_9100.request.json
 create mode 100644 experiments/unified_contextual_memory/artifacts/evaluation/judges/9c224d2219267e22b8abcd8cca7cb396160aac51a54ea60ac7297ae4506211c5_9101.json
 create mode 100644 experiments/unified_contextual_memory/artifacts/evaluation/judges/9c224d2219267e22b8abcd8cca7cb396160aac51a54ea60ac7297ae4506211c5_9101.request.json
 create mode 100644 experiments/unified_contextual_memory/artifacts/evaluation/judges/9c224d2219267e22b8abcd8cca7cb396160aac51a54ea60ac7297ae4506211c5_9102.json
 create mode 100644 experiments/unified_contextual_memory/artifacts/evaluation/judges/9c224d2219267e22b8abcd8cca7cb396160aac51a54ea60ac7297ae4506211c5_9102.request.json
 create mode 100644 experiments/unified_contextual_memory/artifacts/evaluation/judges/9c224d2219267e22b8abcd8cca7cb396160aac51a54ea60ac7297ae4506211c5_9200.json
 create mode 100644 experiments/unified_contextual_memory/artifacts/evaluation/judges/9c224d2219267e22b8abcd8cca7cb396160aac51a54ea60ac7297ae4506211c5_9200.request.json
 create mode 100644 experiments/unified_contextual_memory/artifacts/evaluation/judges/9c2ed44a52c44e3e769bcd89ec3bb2f4ccf8ef18f4dcfcc80a581414cae114cf_9100.json
 create mode 100644 experiments/unified_contextual_memory/artifacts/evaluation/judges/9c2ed44a52c44e3e769bcd89ec3bb2f4ccf8ef18f4dcfcc80a581414cae114cf_9100.request.json
 create mode 100644 experiments/unified_contextual_memory/artifacts/evaluation/judges/9c2ed44a52c44e3e769bcd89ec3bb2f4ccf8ef18f4dcfcc80a581414cae114cf_9101.json
 create mode 100644 experiments/unified_contextual_memory/artifacts/evaluation/judges/9c2ed44a52c44e3e769bcd89ec3bb2f4ccf8ef18f4dcfcc80a581414cae114cf_9101.request.json
 create mode 100644 experiments/unified_contextual_memory/artifacts/evaluation/judges/9c2ed44a52c44e3e769bcd89ec3bb2f4ccf8ef18f4dcfcc80a581414cae114cf_9102.json
 create mode 100644 experiments/unified_contextual_memory/artifacts/evaluation/judges/9c2ed44a52c44e3e769bcd89ec3bb2f4ccf8ef18f4dcfcc80a581414cae114cf_9102.request.json
 create mode 100644 experiments/unified_contextual_memory/artifacts/evaluation/judges/9c2ed44a52c44e3e769bcd89ec3bb2f4ccf8ef18f4dcfcc80a581414cae114cf_9200.json
 create mode 100644 experiments/unified_contextual_memory/artifacts/evaluation/judges/9c2ed44a52c44e3e769bcd89ec3bb2f4ccf8ef18f4dcfcc80a581414cae114cf_9200.request.json
 create mode 100644 experiments/unified_contextual_memory/artifacts/evaluation/judges/9c60fa544a803e005c56501ac009746509d6377c1f2dc8d003f5a51b1f2f3828_9100.json
 create mode 100644 experiments/unified_contextual_memory/artifacts/evaluation/judges/9c60fa544a803e005c56501ac009746509d6377c1f2dc8d003f5a51b1f2f3828_9100.request.json
 create mode 100644 experiments/unified_contextual_memory/artifacts/evaluation/judges/9c60fa544a803e005c56501ac009746509d6377c1f2dc8d003f5a51b1f2f3828_9101.json
 create mode 100644 experiments/unified_contextual_memory/artifacts/evaluation/judges/9c60fa544a803e005c56501ac009746509d6377c1f2dc8d003f5a51b1f2f3828_9101.request.json
 create mode 100644 experiments/unified_contextual_memory/artifacts/evaluation/judges/9c60fa544a803e005c56501ac009746509d6377c1f2dc8d003f5a51b1f2f3828_9102.json
 create mode 100644 experiments/unified_contextual_memory/artifacts/evaluation/judges/9c60fa544a803e005c56501ac009746509d6377c1f2dc8d003f5a51b1f2f3828_9102.request.json
 create mode 100644 experiments/unified_contextual_memory/artifacts/evaluation/judges/9c60fa544a803e005c56501ac009746509d6377c1f2dc8d003f5a51b1f2f3828_9200.json
 create mode 100644 experiments/unified_contextual_memory/artifacts/evaluation/judges/9c60fa544a803e005c56501ac009746509d6377c1f2dc8d003f5a51b1f2f3828_9200.request.json
 create mode 100644 experiments/unified_contextual_memory/artifacts/evaluation/judges/9c7adc4588d8a5a5622f4a5da5264aac5011bc55bc5ec051cb37caf5dd1eff4e_9100.json
 create mode 100644 experiments/unified_contextual_memory/artifacts/evaluation/judges/9c7adc4588d8a5a5622f4a5da5264aac5011bc55bc5ec051cb37caf5dd1eff4e_9100.request.json
 create mode 100644 experiments/unified_contextual_memory/artifacts/evaluation/judges/9c7adc4588d8a5a5622f4a5da5264aac5011bc55bc5ec051cb37caf5dd1eff4e_9101.json
 create mode 100644 experiments/unified_contextual_memory/artifacts/evaluation/judges/9c7adc4588d8a5a5622f4a5da5264aac5011bc55bc5ec051cb37caf5dd1eff4e_9101.request.json
 create mode 100644 experiments/unified_contextual_memory/artifacts/evaluation/judges/9c7adc4588d8a5a5622f4a5da5264aac5011bc55bc5ec051cb37caf5dd1eff4e_9102.json
 create mode 100644 experiments/unified_contextual_memory/artifacts/evaluation/judges/9c7adc4588d8a5a5622f4a5da5264aac5011bc55bc5ec051cb37caf5dd1eff4e_9102.request.json
 create mode 100644 experiments/unified_contextual_memory/artifacts/evaluation/judges/9c7adc4588d8a5a5622f4a5da5264aac5011bc55bc5ec051cb37caf5dd1eff4e_9200.json
 create mode 100644 experiments/unified_contextual_memory/artifacts/evaluation/judges/9c7adc4588d8a5a5622f4a5da5264aac5011bc55bc5ec051cb37caf5dd1eff4e_9200.request.json
 create mode 100644 experiments/unified_contextual_memory/artifacts/evaluation/judges/9cc16b624d069321c2e4e8bc8465a9b1e7217a451a1a171ba3166293d03fff8e_9100.json
 create mode 100644 experiments/unified_contextual_memory/artifacts/evaluation/judges/9cc16b624d069321c2e4e8bc8465a9b1e7217a451a1a171ba3166293d03fff8e_9100.request.json
 create mode 100644 experiments/unified_contextual_memory/artifacts/evaluation/judges/9cc16b624d069321c2e4e8bc8465a9b1e7217a451a1a171ba3166293d03fff8e_9101.json
 create mode 100644 experiments/unified_contextual_memory/artifacts/evaluation/judges/9cc16b624d069321c2e4e8bc8465a9b1e7217a451a1a171ba3166293d03fff8e_9101.request.json
 create mode 100644 experiments/unified_contextual_memory/artifacts/evaluation/judges/9cc16b624d069321c2e4e8bc8465a9b1e7217a451a1a171ba3166293d03fff8e_9102.json
 create mode 100644 experiments/unified_contextual_memory/artifacts/evaluation/judges/9cc16b624d069321c2e4e8bc8465a9b1e7217a451a1a171ba3166293d03fff8e_9102.request.json
 create mode 100644 experiments/unified_contextual_memory/artifacts/evaluation/judges/9cc16b624d069321c2e4e8bc8465a9b1e7217a451a1a171ba3166293d03fff8e_9200.json
 create mode 100644 experiments/unified_contextual_memory/artifacts/evaluation/judges/9cc16b624d069321c2e4e8bc8465a9b1e7217a451a1a171ba3166293d03fff8e_9200.request.json
 create mode 100644 experiments/unified_contextual_memory/artifacts/evaluation/judges/9e0a968fc617ee639e1e86a5c86bfe0487c148b1a0cb182b4c372487d016c186_9100.json
 create mode 100644 experiments/unified_contextual_memory/artifacts/evaluation/judges/9e0a968fc617ee639e1e86a5c86bfe0487c148b1a0cb182b4c372487d016c186_9100.request.json
 create mode 100644 experiments/unified_contextual_memory/artifacts/evaluation/judges/9e0a968fc617ee639e1e86a5c86bfe0487c148b1a0cb182b4c372487d016c186_9101.json
 create mode 100644 experiments/unified_contextual_memory/artifacts/evaluation/judges/9e0a968fc617ee639e1e86a5c86bfe0487c148b1a0cb182b4c372487d016c186_9101.request.json
 create mode 100644 experiments/unified_contextual_memory/artifacts/evaluation/judges/9e0a968fc617ee639e1e86a5c86bfe0487c148b1a0cb182b4c372487d016c186_9102.json
 create mode 100644 experiments/unified_contextual_memory/artifacts/evaluation/judges/9e0a968fc617ee639e1e86a5c86bfe0487c148b1a0cb182b4c372487d016c186_9102.request.json
 create mode 100644 experiments/unified_contextual_memory/artifacts/evaluation/judges/9e0a968fc617ee639e1e86a5c86bfe0487c148b1a0cb182b4c372487d016c186_9200.json
 create mode 100644 experiments/unified_contextual_memory/artifacts/evaluation/judges/9e0a968fc617ee639e1e86a5c86bfe0487c148b1a0cb182b4c372487d016c186_9200.request.json
 create mode 100644 experiments/unified_contextual_memory/artifacts/evaluation/judges/9e1aa8ee3ae5df0276293d248e2a732479fd86c39909f84159fa4a6508b8570d_9100.json
 create mode 100644 experiments/unified_contextual_memory/artifacts/evaluation/judges/9e1aa8ee3ae5df0276293d248e2a732479fd86c39909f84159fa4a6508b8570d_9100.request.json
 create mode 100644 experiments/unified_contextual_memory/artifacts/evaluation/judges/9e1aa8ee3ae5df0276293d248e2a732479fd86c39909f84159fa4a6508b8570d_9101.json
 create mode 100644 experiments/unified_contextual_memory/artifacts/evaluation/judges/9e1aa8ee3ae5df0276293d248e2a732479fd86c39909f84159fa4a6508b8570d_9101.request.json
 create mode 100644 experiments/unified_contextual_memory/artifacts/evaluation/judges/9e1aa8ee3ae5df0276293d248e2a732479fd86c39909f84159fa4a6508b8570d_9102.json
 create mode 100644 experiments/unified_contextual_memory/artifacts/evaluation/judges/9e1aa8ee3ae5df0276293d248e2a732479fd86c39909f84159fa4a6508b8570d_9102.request.json
 create mode 100644 experiments/unified_contextual_memory/artifacts/evaluation/judges/9e1aa8ee3ae5df0276293d248e2a732479fd86c39909f84159fa4a6508b8570d_9200.json
 create mode 100644 experiments/unified_contextual_memory/artifacts/evaluation/judges/9e1aa8ee3ae5df0276293d248e2a732479fd86c39909f84159fa4a6508b8570d_9200.request.json
 create mode 100644 experiments/unified_contextual_memory/artifacts/evaluation/judges/9e64f520064909fe947c008050c43685c45d9674870e859fc202e0473e68c993_9100.json
 create mode 100644 experiments/unified_contextual_memory/artifacts/evaluation/judges/9e64f520064909fe947c008050c43685c45d9674870e859fc202e0473e68c993_9100.request.json
 create mode 100644 experiments/unified_contextual_memory/artifacts/evaluation/judges/9e64f520064909fe947c008050c43685c45d9674870e859fc202e0473e68c993_9101.json
 create mode 100644 experiments/unified_contextual_memory/artifacts/evaluation/judges/9e64f520064909fe947c008050c43685c45d9674870e859fc202e0473e68c993_9101.request.json
 create mode 100644 experiments/unified_contextual_memory/artifacts/evaluation/judges/9e64f520064909fe947c008050c43685c45d9674870e859fc202e0473e68c993_9102.json
 create mode 100644 experiments/unified_contextual_memory/artifacts/evaluation/judges/9e64f520064909fe947c008050c43685c45d9674870e859fc202e0473e68c993_9102.request.json
 create mode 100644 experiments/unified_contextual_memory/artifacts/evaluation/judges/9e64f520064909fe947c008050c43685c45d9674870e859fc202e0473e68c993_9200.json
 create mode 100644 experiments/unified_contextual_memory/artifacts/evaluation/judges/9e64f520064909fe947c008050c43685c45d9674870e859fc202e0473e68c993_9200.request.json
 create mode 100644 experiments/unified_contextual_memory/artifacts/evaluation/judges/9e884801cc7d112110ff8fc24fecb9412dde438811455a6ca7643af1df18e044_9100.json
 create mode 100644 experiments/unified_contextual_memory/artifacts/evaluation/judges/9e884801cc7d112110ff8fc24fecb9412dde438811455a6ca7643af1df18e044_9100.request.json
 create mode 100644 experiments/unified_contextual_memory/artifacts/evaluation/judges/9e884801cc7d112110ff8fc24fecb9412dde438811455a6ca7643af1df18e044_9101.json
 create mode 100644 experiments/unified_contextual_memory/artifacts/evaluation/judges/9e884801cc7d112110ff8fc24fecb9412dde438811455a6ca7643af1df18e044_9101.request.json
 create mode 100644 experiments/unified_contextual_memory/artifacts/evaluation/judges/9e884801cc7d112110ff8fc24fecb9412dde438811455a6ca7643af1df18e044_9102.json
 create mode 100644 experiments/unified_contextual_memory/artifacts/evaluation/judges/9e884801cc7d112110ff8fc24fecb9412dde438811455a6ca7643af1df18e044_9102.request.json
 create mode 100644 experiments/unified_contextual_memory/artifacts/evaluation/judges/9e884801cc7d112110ff8fc24fecb9412dde438811455a6ca7643af1df18e044_9200.json
 create mode 100644 experiments/unified_contextual_memory/artifacts/evaluation/judges/9e884801cc7d112110ff8fc24fecb9412dde438811455a6ca7643af1df18e044_9200.request.json
 create mode 100644 experiments/unified_contextual_memory/artifacts/evaluation/judges/9f314e41607fb986944b548b6d71c8a8a7dd720975d4cdd3d10d206f067ffadc_9100.json
 create mode 100644 experiments/unified_contextual_memory/artifacts/evaluation/judges/9f314e41607fb986944b548b6d71c8a8a7dd720975d4cdd3d10d206f067ffadc_9100.request.json
 create mode 100644 experiments/unified_contextual_memory/artifacts/evaluation/judges/9f314e41607fb986944b548b6d71c8a8a7dd720975d4cdd3d10d206f067ffadc_9101.json
 create mode 100644 experiments/unified_contextual_memory/artifacts/evaluation/judges/9f314e41607fb986944b548b6d71c8a8a7dd720975d4cdd3d10d206f067ffadc_9101.request.json
 create mode 100644 experiments/unified_contextual_memory/artifacts/evaluation/judges/9f314e41607fb986944b548b6d71c8a8a7dd720975d4cdd3d10d206f067ffadc_9102.json
 create mode 100644 experiments/unified_contextual_memory/artifacts/evaluation/judges/9f314e41607fb986944b548b6d71c8a8a7dd720975d4cdd3d10d206f067ffadc_9102.request.json
 create mode 100644 experiments/unified_contextual_memory/artifacts/evaluation/judges/9f314e41607fb986944b548b6d71c8a8a7dd720975d4cdd3d10d206f067ffadc_9200.json
 create mode 100644 experiments/unified_contextual_memory/artifacts/evaluation/judges/9f314e41607fb986944b548b6d71c8a8a7dd720975d4cdd3d10d206f067ffadc_9200.request.json
 create mode 100644 experiments/unified_contextual_memory/artifacts/evaluation/judges/9f3267f301952cabf43beed638176109c88a4ec13ba13c4533377d09f567973a_9100.json
 create mode 100644 experiments/unified_contextual_memory/artifacts/evaluation/judges/9f3267f301952cabf43beed638176109c88a4ec13ba13c4533377d09f567973a_9100.request.json
 create mode 100644 experiments/unified_contextual_memory/artifacts/evaluation/judges/9f3267f301952cabf43beed638176109c88a4ec13ba13c4533377d09f567973a_9101.json
 create mode 100644 experiments/unified_contextual_memory/artifacts/evaluation/judges/9f3267f301952cabf43beed638176109c88a4ec13ba13c4533377d09f567973a_9101.request.json
 create mode 100644 experiments/unified_contextual_memory/artifacts/evaluation/judges/9f3267f301952cabf43beed638176109c88a4ec13ba13c4533377d09f567973a_9102.json
 create mode 100644 experiments/unified_contextual_memory/artifacts/evaluation/judges/9f3267f301952cabf43beed638176109c88a4ec13ba13c4533377d09f567973a_9102.request.json
 create mode 100644 experiments/unified_contextual_memory/artifacts/evaluation/judges/9f3267f301952cabf43beed638176109c88a4ec13ba13c4533377d09f567973a_9200.json
 create mode 100644 experiments/unified_contextual_memory/artifacts/evaluation/judges/9f3267f301952cabf43beed638176109c88a4ec13ba13c4533377d09f567973a_9200.request.json
 create mode 100644 experiments/unified_contextual_memory/artifacts/evaluation/judges/9fafe114744b9c93b543ad234d3ab40044818ac609bfbf4f91a68646df63dace_9100.json
 create mode 100644 experiments/unified_contextual_memory/artifacts/evaluation/judges/9fafe114744b9c93b543ad234d3ab40044818ac609bfbf4f91a68646df63dace_9100.request.json
 create mode 100644 experiments/unified_contextual_memory/artifacts/evaluation/judges/9fafe114744b9c93b543ad234d3ab40044818ac609bfbf4f91a68646df63dace_9101.json
 create mode 100644 experiments/unified_contextual_memory/artifacts/evaluation/judges/9fafe114744b9c93b543ad234d3ab40044818ac609bfbf4f91a68646df63dace_9101.request.json
 create mode 100644 experiments/unified_contextual_memory/artifacts/evaluation/judges/9fafe114744b9c93b543ad234d3ab40044818ac609bfbf4f91a68646df63dace_9102.json
 create mode 100644 experiments/unified_contextual_memory/artifacts/evaluation/judges/9fafe114744b9c93b543ad234d3ab40044818ac609bfbf4f91a68646df63dace_9102.request.json
 create mode 100644 experiments/unified_contextual_memory/artifacts/evaluation/judges/9fafe114744b9c93b543ad234d3ab40044818ac609bfbf4f91a68646df63dace_9200.json
 create mode 100644 experiments/unified_contextual_memory/artifacts/evaluation/judges/9fafe114744b9c93b543ad234d3ab40044818ac609bfbf4f91a68646df63dace_9200.request.json
 create mode 100644 experiments/unified_contextual_memory/artifacts/evaluation/judges/9fc46f45e41a7534628de749230a7695cb87fa7001ef043ee69f96e86107789e_9100.json
 create mode 100644 experiments/unified_contextual_memory/artifacts/evaluation/judges/9fc46f45e41a7534628de749230a7695cb87fa7001ef043ee69f96e86107789e_9100.request.json
 create mode 100644 experiments/unified_contextual_memory/artifacts/evaluation/judges/9fc46f45e41a7534628de749230a7695cb87fa7001ef043ee69f96e86107789e_9101.json
 create mode 100644 experiments/unified_contextual_memory/artifacts/evaluation/judges/9fc46f45e41a7534628de749230a7695cb87fa7001ef043ee69f96e86107789e_9101.request.json
 create mode 100644 experiments/unified_contextual_memory/artifacts/evaluation/judges/9fc46f45e41a7534628de749230a7695cb87fa7001ef043ee69f96e86107789e_9102.json
 create mode 100644 experiments/unified_contextual_memory/artifacts/evaluation/judges/9fc46f45e41a7534628de749230a7695cb87fa7001ef043ee69f96e86107789e_9102.request.json
 create mode 100644 experiments/unified_contextual_memory/artifacts/evaluation/judges/9fc46f45e41a7534628de749230a7695cb87fa7001ef043ee69f96e86107789e_9200.json
 create mode 100644 experiments/unified_contextual_memory/artifacts/evaluation/judges/9fc46f45e41a7534628de749230a7695cb87fa7001ef043ee69f96e86107789e_9200.request.json
 create mode 100644 experiments/unified_contextual_memory/artifacts/evaluation/judges/a03f1e068154035234e1771f2ac4f39d37ab1061d61371cd69c4ebcd1eccf7a6_9100.json
 create mode 100644 experiments/unified_contextual_memory/artifacts/evaluation/judges/a03f1e068154035234e1771f2ac4f39d37ab1061d61371cd69c4ebcd1eccf7a6_9100.request.json
 create mode 100644 experiments/unified_contextual_memory/artifacts/evaluation/judges/a03f1e068154035234e1771f2ac4f39d37ab1061d61371cd69c4ebcd1eccf7a6_9101.json
 create mode 100644 experiments/unified_contextual_memory/artifacts/evaluation/judges/a03f1e068154035234e1771f2ac4f39d37ab1061d61371cd69c4ebcd1eccf7a6_9101.request.json
 create mode 100644 experiments/unified_contextual_memory/artifacts/evaluation/judges/a03f1e068154035234e1771f2ac4f39d37ab1061d61371cd69c4ebcd1eccf7a6_9102.json
 create mode 100644 experiments/unified_contextual_memory/artifacts/evaluation/judges/a03f1e068154035234e1771f2ac4f39d37ab1061d61371cd69c4ebcd1eccf7a6_9102.request.json
 create mode 100644 experiments/unified_contextual_memory/artifacts/evaluation/judges/a03f1e068154035234e1771f2ac4f39d37ab1061d61371cd69c4ebcd1eccf7a6_9200.json
 create mode 100644 experiments/unified_contextual_memory/artifacts/evaluation/judges/a03f1e068154035234e1771f2ac4f39d37ab1061d61371cd69c4ebcd1eccf7a6_9200.request.json
 create mode 100644 experiments/unified_contextual_memory/artifacts/evaluation/judges/a06878d392645a0b4a5aafa306c09d9cf74c2d61fb1f487bb910310a2d3201a2_9100.json
 create mode 100644 experiments/unified_contextual_memory/artifacts/evaluation/judges/a06878d392645a0b4a5aafa306c09d9cf74c2d61fb1f487bb910310a2d3201a2_9100.request.json
 create mode 100644 experiments/unified_contextual_memory/artifacts/evaluation/judges/a06878d392645a0b4a5aafa306c09d9cf74c2d61fb1f487bb910310a2d3201a2_9101.json
 create mode 100644 experiments/unified_contextual_memory/artifacts/evaluation/judges/a06878d392645a0b4a5aafa306c09d9cf74c2d61fb1f487bb910310a2d3201a2_9101.request.json
 create mode 100644 experiments/unified_contextual_memory/artifacts/evaluation/judges/a06878d392645a0b4a5aafa306c09d9cf74c2d61fb1f487bb910310a2d3201a2_9102.json
 create mode 100644 experiments/unified_contextual_memory/artifacts/evaluation/judges/a06878d392645a0b4a5aafa306c09d9cf74c2d61fb1f487bb910310a2d3201a2_9102.request.json
 create mode 100644 experiments/unified_contextual_memory/artifacts/evaluation/judges/a06878d392645a0b4a5aafa306c09d9cf74c2d61fb1f487bb910310a2d3201a2_9200.json
 create mode 100644 experiments/unified_contextual_memory/artifacts/evaluation/judges/a06878d392645a0b4a5aafa306c09d9cf74c2d61fb1f487bb910310a2d3201a2_9200.request.json
 create mode 100644 experiments/unified_contextual_memory/artifacts/evaluation/judges/a06bdfaa2a89eb5dc6e5a66b164666f6df841d33221d7df349a1d0976e332672_9100.json
 create mode 100644 experiments/unified_contextual_memory/artifacts/evaluation/judges/a06bdfaa2a89eb5dc6e5a66b164666f6df841d33221d7df349a1d0976e332672_9100.request.json
 create mode 100644 experiments/unified_contextual_memory/artifacts/evaluation/judges/a06bdfaa2a89eb5dc6e5a66b164666f6df841d33221d7df349a1d0976e332672_9101.json
 create mode 100644 experiments/unified_contextual_memory/artifacts/evaluation/judges/a06bdfaa2a89eb5dc6e5a66b164666f6df841d33221d7df349a1d0976e332672_9101.request.json
 create mode 100644 experiments/unified_contextual_memory/artifacts/evaluation/judges/a06bdfaa2a89eb5dc6e5a66b164666f6df841d33221d7df349a1d0976e332672_9102.json
 create mode 100644 experiments/unified_contextual_memory/artifacts/evaluation/judges/a06bdfaa2a89eb5dc6e5a66b164666f6df841d33221d7df349a1d0976e332672_9102.request.json
 create mode 100644 experiments/unified_contextual_memory/artifacts/evaluation/judges/a06bdfaa2a89eb5dc6e5a66b164666f6df841d33221d7df349a1d0976e332672_9200.json
 create mode 100644 experiments/unified_contextual_memory/artifacts/evaluation/judges/a06bdfaa2a89eb5dc6e5a66b164666f6df841d33221d7df349a1d0976e332672_9200.request.json
 create mode 100644 experiments/unified_contextual_memory/artifacts/evaluation/judges/a0756312ee404f130efb582c41620978e869b1c97b0f1b09cf797c3f827b1204_9100.json
 create mode 100644 experiments/unified_contextual_memory/artifacts/evaluation/judges/a0756312ee404f130efb582c41620978e869b1c97b0f1b09cf797c3f827b1204_9100.request.json
 create mode 100644 experiments/unified_contextual_memory/artifacts/evaluation/judges/a0756312ee404f130efb582c41620978e869b1c97b0f1b09cf797c3f827b1204_9101.json
 create mode 100644 experiments/unified_contextual_memory/artifacts/evaluation/judges/a0756312ee404f130efb582c41620978e869b1c97b0f1b09cf797c3f827b1204_9101.request.json
 create mode 100644 experiments/unified_contextual_memory/artifacts/evaluation/judges/a0756312ee404f130efb582c41620978e869b1c97b0f1b09cf797c3f827b1204_9102.json
 create mode 100644 experiments/unified_contextual_memory/artifacts/evaluation/judges/a0756312ee404f130efb582c41620978e869b1c97b0f1b09cf797c3f827b1204_9102.request.json
 create mode 100644 experiments/unified_contextual_memory/artifacts/evaluation/judges/a0756312ee404f130efb582c41620978e869b1c97b0f1b09cf797c3f827b1204_9200.json
 create mode 100644 experiments/unified_contextual_memory/artifacts/evaluation/judges/a0756312ee404f130efb582c41620978e869b1c97b0f1b09cf797c3f827b1204_9200.request.json
 create mode 100644 experiments/unified_contextual_memory/artifacts/evaluation/judges/a0c4e7d08ac11bc7934023fb9a9262e6425925102775451f0aed2258832d74c3_9100.json
 create mode 100644 experiments/unified_contextual_memory/artifacts/evaluation/judges/a0c4e7d08ac11bc7934023fb9a9262e6425925102775451f0aed2258832d74c3_9100.request.json
 create mode 100644 experiments/unified_contextual_memory/artifacts/evaluation/judges/a0c4e7d08ac11bc7934023fb9a9262e6425925102775451f0aed2258832d74c3_9101.json
 create mode 100644 experiments/unified_contextual_memory/artifacts/evaluation/judges/a0c4e7d08ac11bc7934023fb9a9262e6425925102775451f0aed2258832d74c3_9101.request.json
 create mode 100644 experiments/unified_contextual_memory/artifacts/evaluation/judges/a0c4e7d08ac11bc7934023fb9a9262e6425925102775451f0aed2258832d74c3_9102.json
 create mode 100644 experiments/unified_contextual_memory/artifacts/evaluation/judges/a0c4e7d08ac11bc7934023fb9a9262e6425925102775451f0aed2258832d74c3_9102.request.json
 create mode 100644 experiments/unified_contextual_memory/artifacts/evaluation/judges/a0c4e7d08ac11bc7934023fb9a9262e6425925102775451f0aed2258832d74c3_9200.json
 create mode 100644 experiments/unified_contextual_memory/artifacts/evaluation/judges/a0c4e7d08ac11bc7934023fb9a9262e6425925102775451f0aed2258832d74c3_9200.request.json
 create mode 100644 experiments/unified_contextual_memory/artifacts/evaluation/judges/a12535177fbe8c649614a442e748672f6bb64eeb793ff4e61f2a3be7da278d09_9100.json
 create mode 100644 experiments/unified_contextual_memory/artifacts/evaluation/judges/a12535177fbe8c649614a442e748672f6bb64eeb793ff4e61f2a3be7da278d09_9100.request.json
 create mode 100644 experiments/unified_contextual_memory/artifacts/evaluation/judges/a12535177fbe8c649614a442e748672f6bb64eeb793ff4e61f2a3be7da278d09_9101.json
 create mode 100644 experiments/unified_contextual_memory/artifacts/evaluation/judges/a12535177fbe8c649614a442e748672f6bb64eeb793ff4e61f2a3be7da278d09_9101.request.json
 create mode 100644 experiments/unified_contextual_memory/artifacts/evaluation/judges/a12535177fbe8c649614a442e748672f6bb64eeb793ff4e61f2a3be7da278d09_9102.json
 create mode 100644 experiments/unified_contextual_memory/artifacts/evaluation/judges/a12535177fbe8c649614a442e748672f6bb64eeb793ff4e61f2a3be7da278d09_9102.request.json
 create mode 100644 experiments/unified_contextual_memory/artifacts/evaluation/judges/a12535177fbe8c649614a442e748672f6bb64eeb793ff4e61f2a3be7da278d09_9200.json
 create mode 100644 experiments/unified_contextual_memory/artifacts/evaluation/judges/a12535177fbe8c649614a442e748672f6bb64eeb793ff4e61f2a3be7da278d09_9200.request.json
 create mode 100644 experiments/unified_contextual_memory/artifacts/evaluation/judges/a13b69549af4c7226d077ba8cd3433fcf9f6311b6f75e7a44cd8fa64d5331413_9100.json
 create mode 100644 experiments/unified_contextual_memory/artifacts/evaluation/judges/a13b69549af4c7226d077ba8cd3433fcf9f6311b6f75e7a44cd8fa64d5331413_9100.request.json
 create mode 100644 experiments/unified_contextual_memory/artifacts/evaluation/judges/a13b69549af4c7226d077ba8cd3433fcf9f6311b6f75e7a44cd8fa64d5331413_9101.json
 create mode 100644 experiments/unified_contextual_memory/artifacts/evaluation/judges/a13b69549af4c7226d077ba8cd3433fcf9f6311b6f75e7a44cd8fa64d5331413_9101.request.json
 create mode 100644 experiments/unified_contextual_memory/artifacts/evaluation/judges/a13b69549af4c7226d077ba8cd3433fcf9f6311b6f75e7a44cd8fa64d5331413_9102.json
 create mode 100644 experiments/unified_contextual_memory/artifacts/evaluation/judges/a13b69549af4c7226d077ba8cd3433fcf9f6311b6f75e7a44cd8fa64d5331413_9102.request.json
 create mode 100644 experiments/unified_contextual_memory/artifacts/evaluation/judges/a13b69549af4c7226d077ba8cd3433fcf9f6311b6f75e7a44cd8fa64d5331413_9200.json
 create mode 100644 experiments/unified_contextual_memory/artifacts/evaluation/judges/a13b69549af4c7226d077ba8cd3433fcf9f6311b6f75e7a44cd8fa64d5331413_9200.request.json
 create mode 100644 experiments/unified_contextual_memory/artifacts/evaluation/judges/a150dd21f156f87ca8ba7bd8249896b9f7a6ed69f1a11726ad0727373de554ff_9100.json
 create mode 100644 experiments/unified_contextual_memory/artifacts/evaluation/judges/a150dd21f156f87ca8ba7bd8249896b9f7a6ed69f1a11726ad0727373de554ff_9100.request.json
 create mode 100644 experiments/unified_contextual_memory/artifacts/evaluation/judges/a150dd21f156f87ca8ba7bd8249896b9f7a6ed69f1a11726ad0727373de554ff_9101.json
 create mode 100644 experiments/unified_contextual_memory/artifacts/evaluation/judges/a150dd21f156f87ca8ba7bd8249896b9f7a6ed69f1a11726ad0727373de554ff_9101.request.json
 create mode 100644 experiments/unified_contextual_memory/artifacts/evaluation/judges/a150dd21f156f87ca8ba7bd8249896b9f7a6ed69f1a11726ad0727373de554ff_9102.json
 create mode 100644 experiments/unified_contextual_memory/artifacts/evaluation/judges/a150dd21f156f87ca8ba7bd8249896b9f7a6ed69f1a11726ad0727373de554ff_9102.request.json
 create mode 100644 experiments/unified_contextual_memory/artifacts/evaluation/judges/a150dd21f156f87ca8ba7bd8249896b9f7a6ed69f1a11726ad0727373de554ff_9200.json
 create mode 100644 experiments/unified_contextual_memory/artifacts/evaluation/judges/a150dd21f156f87ca8ba7bd8249896b9f7a6ed69f1a11726ad0727373de554ff_9200.request.json
 create mode 100644 experiments/unified_contextual_memory/artifacts/evaluation/judges/a18b747ac4d391aff732d5839583bc1c0a0a6852c483c8f7d1598f403a16ff7a_9100.json
 create mode 100644 experiments/unified_contextual_memory/artifacts/evaluation/judges/a18b747ac4d391aff732d5839583bc1c0a0a6852c483c8f7d1598f403a16ff7a_9100.request.json
 create mode 100644 experiments/unified_contextual_memory/artifacts/evaluation/judges/a18b747ac4d391aff732d5839583bc1c0a0a6852c483c8f7d1598f403a16ff7a_9101.json
 create mode 100644 experiments/unified_contextual_memory/artifacts/evaluation/judges/a18b747ac4d391aff732d5839583bc1c0a0a6852c483c8f7d1598f403a16ff7a_9101.request.json
 create mode 100644 experiments/unified_contextual_memory/artifacts/evaluation/judges/a18b747ac4d391aff732d5839583bc1c0a0a6852c483c8f7d1598f403a16ff7a_9102.json
 create mode 100644 experiments/unified_contextual_memory/artifacts/evaluation/judges/a18b747ac4d391aff732d5839583bc1c0a0a6852c483c8f7d1598f403a16ff7a_9102.request.json
 create mode 100644 experiments/unified_contextual_memory/artifacts/evaluation/judges/a18b747ac4d391aff732d5839583bc1c0a0a6852c483c8f7d1598f403a16ff7a_9200.json
 create mode 100644 experiments/unified_contextual_memory/artifacts/evaluation/judges/a18b747ac4d391aff732d5839583bc1c0a0a6852c483c8f7d1598f403a16ff7a_9200.request.json
 create mode 100644 experiments/unified_contextual_memory/artifacts/evaluation/judges/a23d3f1b8cbd79be6b4950b087fc8febdaf981e06a7340477ac2c7a6047f0015_9100.json
 create mode 100644 experiments/unified_contextual_memory/artifacts/evaluation/judges/a23d3f1b8cbd79be6b4950b087fc8febdaf981e06a7340477ac2c7a6047f0015_9100.request.json
 create mode 100644 experiments/unified_contextual_memory/artifacts/evaluation/judges/a23d3f1b8cbd79be6b4950b087fc8febdaf981e06a7340477ac2c7a6047f0015_9101.json
 create mode 100644 experiments/unified_contextual_memory/artifacts/evaluation/judges/a23d3f1b8cbd79be6b4950b087fc8febdaf981e06a7340477ac2c7a6047f0015_9101.request.json
 create mode 100644 experiments/unified_contextual_memory/artifacts/evaluation/judges/a23d3f1b8cbd79be6b4950b087fc8febdaf981e06a7340477ac2c7a6047f0015_9102.json
 create mode 100644 experiments/unified_contextual_memory/artifacts/evaluation/judges/a23d3f1b8cbd79be6b4950b087fc8febdaf981e06a7340477ac2c7a6047f0015_9102.request.json
 create mode 100644 experiments/unified_contextual_memory/artifacts/evaluation/judges/a23d3f1b8cbd79be6b4950b087fc8febdaf981e06a7340477ac2c7a6047f0015_9200.json
 create mode 100644 experiments/unified_contextual_memory/artifacts/evaluation/judges/a23d3f1b8cbd79be6b4950b087fc8febdaf981e06a7340477ac2c7a6047f0015_9200.request.json
 create mode 100644 experiments/unified_contextual_memory/artifacts/evaluation/judges/a2c1283642cf900715d39c4818e06260ad6a26894130a85c731f333b07a074b4_9100.json
 create mode 100644 experiments/unified_contextual_memory/artifacts/evaluation/judges/a2c1283642cf900715d39c4818e06260ad6a26894130a85c731f333b07a074b4_9100.request.json
 create mode 100644 experiments/unified_contextual_memory/artifacts/evaluation/judges/a2c1283642cf900715d39c4818e06260ad6a26894130a85c731f333b07a074b4_9101.json
 create mode 100644 experiments/unified_contextual_memory/artifacts/evaluation/judges/a2c1283642cf900715d39c4818e06260ad6a26894130a85c731f333b07a074b4_9101.request.json
 create mode 100644 experiments/unified_contextual_memory/artifacts/evaluation/judges/a2c1283642cf900715d39c4818e06260ad6a26894130a85c731f333b07a074b4_9102.json
 create mode 100644 experiments/unified_contextual_memory/artifacts/evaluation/judges/a2c1283642cf900715d39c4818e06260ad6a26894130a85c731f333b07a074b4_9102.request.json
 create mode 100644 experiments/unified_contextual_memory/artifacts/evaluation/judges/a2c1283642cf900715d39c4818e06260ad6a26894130a85c731f333b07a074b4_9200.json
 create mode 100644 experiments/unified_contextual_memory/artifacts/evaluation/judges/a2c1283642cf900715d39c4818e06260ad6a26894130a85c731f333b07a074b4_9200.request.json
 create mode 100644 experiments/unified_contextual_memory/artifacts/evaluation/judges/a34c1a987bedef8c1ea7396f3423e15c6074ff64dfae536f919676a650b22b23_9100.json
 create mode 100644 experiments/unified_contextual_memory/artifacts/evaluation/judges/a34c1a987bedef8c1ea7396f3423e15c6074ff64dfae536f919676a650b22b23_9100.request.json
 create mode 100644 experiments/unified_contextual_memory/artifacts/evaluation/judges/a34c1a987bedef8c1ea7396f3423e15c6074ff64dfae536f919676a650b22b23_9101.json
 create mode 100644 experiments/unified_contextual_memory/artifacts/evaluation/judges/a34c1a987bedef8c1ea7396f3423e15c6074ff64dfae536f919676a650b22b23_9101.request.json
 create mode 100644 experiments/unified_contextual_memory/artifacts/evaluation/judges/a34c1a987bedef8c1ea7396f3423e15c6074ff64dfae536f919676a650b22b23_9102.json
 create mode 100644 experiments/unified_contextual_memory/artifacts/evaluation/judges/a34c1a987bedef8c1ea7396f3423e15c6074ff64dfae536f919676a650b22b23_9102.request.json
 create mode 100644 experiments/unified_contextual_memory/artifacts/evaluation/judges/a34c1a987bedef8c1ea7396f3423e15c6074ff64dfae536f919676a650b22b23_9200.json
 create mode 100644 experiments/unified_contextual_memory/artifacts/evaluation/judges/a34c1a987bedef8c1ea7396f3423e15c6074ff64dfae536f919676a650b22b23_9200.request.json
 create mode 100644 experiments/unified_contextual_memory/artifacts/evaluation/judges/a3553859df8b2fa802c40e3d475ad8af5bc379ec361c213f781ca2c4468b57d8_9100.json
 create mode 100644 experiments/unified_contextual_memory/artifacts/evaluation/judges/a3553859df8b2fa802c40e3d475ad8af5bc379ec361c213f781ca2c4468b57d8_9100.request.json
 create mode 100644 experiments/unified_contextual_memory/artifacts/evaluation/judges/a3553859df8b2fa802c40e3d475ad8af5bc379ec361c213f781ca2c4468b57d8_9101.json
 create mode 100644 experiments/unified_contextual_memory/artifacts/evaluation/judges/a3553859df8b2fa802c40e3d475ad8af5bc379ec361c213f781ca2c4468b57d8_9101.request.json
 create mode 100644 experiments/unified_contextual_memory/artifacts/evaluation/judges/a3553859df8b2fa802c40e3d475ad8af5bc379ec361c213f781ca2c4468b57d8_9102.json
 create mode 100644 experiments/unified_contextual_memory/artifacts/evaluation/judges/a3553859df8b2fa802c40e3d475ad8af5bc379ec361c213f781ca2c4468b57d8_9102.request.json
 create mode 100644 experiments/unified_contextual_memory/artifacts/evaluation/judges/a3553859df8b2fa802c40e3d475ad8af5bc379ec361c213f781ca2c4468b57d8_9200.json
 create mode 100644 experiments/unified_contextual_memory/artifacts/evaluation/judges/a3553859df8b2fa802c40e3d475ad8af5bc379ec361c213f781ca2c4468b57d8_9200.request.json
 create mode 100644 experiments/unified_contextual_memory/artifacts/evaluation/judges/a38d03343eaa4df2f8184967ac1d3e873085a916bb92d63e0855f22767c65ee6_9100.json
 create mode 100644 experiments/unified_contextual_memory/artifacts/evaluation/judges/a38d03343eaa4df2f8184967ac1d3e873085a916bb92d63e0855f22767c65ee6_9100.request.json
 create mode 100644 experiments/unified_contextual_memory/artifacts/evaluation/judges/a38d03343eaa4df2f8184967ac1d3e873085a916bb92d63e0855f22767c65ee6_9101.json
 create mode 100644 experiments/unified_contextual_memory/artifacts/evaluation/judges/a38d03343eaa4df2f8184967ac1d3e873085a916bb92d63e0855f22767c65ee6_9101.request.json
 create mode 100644 experiments/unified_contextual_memory/artifacts/evaluation/judges/a38d03343eaa4df2f8184967ac1d3e873085a916bb92d63e0855f22767c65ee6_9102.json
 create mode 100644 experiments/unified_contextual_memory/artifacts/evaluation/judges/a38d03343eaa4df2f8184967ac1d3e873085a916bb92d63e0855f22767c65ee6_9102.request.json
 create mode 100644 experiments/unified_contextual_memory/artifacts/evaluation/judges/a38d03343eaa4df2f8184967ac1d3e873085a916bb92d63e0855f22767c65ee6_9200.json
 create mode 100644 experiments/unified_contextual_memory/artifacts/evaluation/judges/a38d03343eaa4df2f8184967ac1d3e873085a916bb92d63e0855f22767c65ee6_9200.request.json
 create mode 100644 experiments/unified_contextual_memory/artifacts/evaluation/judges/a451933a09fc359d83910e5d16d578e0ec7d3fa847575ef8d8ed0bfef8e2c4c0_9100.json
 create mode 100644 experiments/unified_contextual_memory/artifacts/evaluation/judges/a451933a09fc359d83910e5d16d578e0ec7d3fa847575ef8d8ed0bfef8e2c4c0_9100.request.json
 create mode 100644 experiments/unified_contextual_memory/artifacts/evaluation/judges/a451933a09fc359d83910e5d16d578e0ec7d3fa847575ef8d8ed0bfef8e2c4c0_9101.json
 create mode 100644 experiments/unified_contextual_memory/artifacts/evaluation/judges/a451933a09fc359d83910e5d16d578e0ec7d3fa847575ef8d8ed0bfef8e2c4c0_9101.request.json
 create mode 100644 experiments/unified_contextual_memory/artifacts/evaluation/judges/a451933a09fc359d83910e5d16d578e0ec7d3fa847575ef8d8ed0bfef8e2c4c0_9102.json
 create mode 100644 experiments/unified_contextual_memory/artifacts/evaluation/judges/a451933a09fc359d83910e5d16d578e0ec7d3fa847575ef8d8ed0bfef8e2c4c0_9102.request.json
 create mode 100644 experiments/unified_contextual_memory/artifacts/evaluation/judges/a451933a09fc359d83910e5d16d578e0ec7d3fa847575ef8d8ed0bfef8e2c4c0_9200.json
 create mode 100644 experiments/unified_contextual_memory/artifacts/evaluation/judges/a451933a09fc359d83910e5d16d578e0ec7d3fa847575ef8d8ed0bfef8e2c4c0_9200.request.json
 create mode 100644 experiments/unified_contextual_memory/artifacts/evaluation/judges/a4aeee681fbb615a77324d8c18f1ba67b7a465ae0be526146475a8d4cf924879_9100.json
 create mode 100644 experiments/unified_contextual_memory/artifacts/evaluation/judges/a4aeee681fbb615a77324d8c18f1ba67b7a465ae0be526146475a8d4cf924879_9100.request.json
 create mode 100644 experiments/unified_contextual_memory/artifacts/evaluation/judges/a4aeee681fbb615a77324d8c18f1ba67b7a465ae0be526146475a8d4cf924879_9101.json
 create mode 100644 experiments/unified_contextual_memory/artifacts/evaluation/judges/a4aeee681fbb615a77324d8c18f1ba67b7a465ae0be526146475a8d4cf924879_9101.request.json
 create mode 100644 experiments/unified_contextual_memory/artifacts/evaluation/judges/a4aeee681fbb615a77324d8c18f1ba67b7a465ae0be526146475a8d4cf924879_9102.json
 create mode 100644 experiments/unified_contextual_memory/artifacts/evaluation/judges/a4aeee681fbb615a77324d8c18f1ba67b7a465ae0be526146475a8d4cf924879_9102.request.json
 create mode 100644 experiments/unified_contextual_memory/artifacts/evaluation/judges/a4aeee681fbb615a77324d8c18f1ba67b7a465ae0be526146475a8d4cf924879_9200.json
 create mode 100644 experiments/unified_contextual_memory/artifacts/evaluation/judges/a4aeee681fbb615a77324d8c18f1ba67b7a465ae0be526146475a8d4cf924879_9200.request.json
 create mode 100644 experiments/unified_contextual_memory/artifacts/evaluation/judges/a4c0b0900929bf10526ce4467c48b1f4f02de77fdff4164179fb30a37f263538_9100.json
 create mode 100644 experiments/unified_contextual_memory/artifacts/evaluation/judges/a4c0b0900929bf10526ce4467c48b1f4f02de77fdff4164179fb30a37f263538_9100.request.json
 create mode 100644 experiments/unified_contextual_memory/artifacts/evaluation/judges/a4c0b0900929bf10526ce4467c48b1f4f02de77fdff4164179fb30a37f263538_9101.json
 create mode 100644 experiments/unified_contextual_memory/artifacts/evaluation/judges/a4c0b0900929bf10526ce4467c48b1f4f02de77fdff4164179fb30a37f263538_9101.request.json
 create mode 100644 experiments/unified_contextual_memory/artifacts/evaluation/judges/a4c0b0900929bf10526ce4467c48b1f4f02de77fdff4164179fb30a37f263538_9102.json
 create mode 100644 experiments/unified_contextual_memory/artifacts/evaluation/judges/a4c0b0900929bf10526ce4467c48b1f4f02de77fdff4164179fb30a37f263538_9102.request.json
 create mode 100644 experiments/unified_contextual_memory/artifacts/evaluation/judges/a4c0b0900929bf10526ce4467c48b1f4f02de77fdff4164179fb30a37f263538_9200.json
 create mode 100644 experiments/unified_contextual_memory/artifacts/evaluation/judges/a4c0b0900929bf10526ce4467c48b1f4f02de77fdff4164179fb30a37f263538_9200.request.json
 create mode 100644 experiments/unified_contextual_memory/artifacts/evaluation/judges/a4e1b7927aeca2e155cdd56951295949cc45e03b8c7c724cbb2445054cf2b285_9100.json
 create mode 100644 experiments/unified_contextual_memory/artifacts/evaluation/judges/a4e1b7927aeca2e155cdd56951295949cc45e03b8c7c724cbb2445054cf2b285_9100.request.json
 create mode 100644 experiments/unified_contextual_memory/artifacts/evaluation/judges/a4e1b7927aeca2e155cdd56951295949cc45e03b8c7c724cbb2445054cf2b285_9101.json
 create mode 100644 experiments/unified_contextual_memory/artifacts/evaluation/judges/a4e1b7927aeca2e155cdd56951295949cc45e03b8c7c724cbb2445054cf2b285_9101.request.json
 create mode 100644 experiments/unified_contextual_memory/artifacts/evaluation/judges/a4e1b7927aeca2e155cdd56951295949cc45e03b8c7c724cbb2445054cf2b285_9102.json
 create mode 100644 experiments/unified_contextual_memory/artifacts/evaluation/judges/a4e1b7927aeca2e155cdd56951295949cc45e03b8c7c724cbb2445054cf2b285_9102.request.json
 create mode 100644 experiments/unified_contextual_memory/artifacts/evaluation/judges/a4e1b7927aeca2e155cdd56951295949cc45e03b8c7c724cbb2445054cf2b285_9200.json
 create mode 100644 experiments/unified_contextual_memory/artifacts/evaluation/judges/a4e1b7927aeca2e155cdd56951295949cc45e03b8c7c724cbb2445054cf2b285_9200.request.json
 create mode 100644 experiments/unified_contextual_memory/artifacts/evaluation/judges/a4f5a05aa849d679dbfcc0cbcf12425b3451dc3e284908f5fc344a19e14710d3_9100.json
 create mode 100644 experiments/unified_contextual_memory/artifacts/evaluation/judges/a4f5a05aa849d679dbfcc0cbcf12425b3451dc3e284908f5fc344a19e14710d3_9100.request.json
 create mode 100644 experiments/unified_contextual_memory/artifacts/evaluation/judges/a4f5a05aa849d679dbfcc0cbcf12425b3451dc3e284908f5fc344a19e14710d3_9101.json
 create mode 100644 experiments/unified_contextual_memory/artifacts/evaluation/judges/a4f5a05aa849d679dbfcc0cbcf12425b3451dc3e284908f5fc344a19e14710d3_9101.request.json
 create mode 100644 experiments/unified_contextual_memory/artifacts/evaluation/judges/a4f5a05aa849d679dbfcc0cbcf12425b3451dc3e284908f5fc344a19e14710d3_9102.json
 create mode 100644 experiments/unified_contextual_memory/artifacts/evaluation/judges/a4f5a05aa849d679dbfcc0cbcf12425b3451dc3e284908f5fc344a19e14710d3_9102.request.json
 create mode 100644 experiments/unified_contextual_memory/artifacts/evaluation/judges/a4f5a05aa849d679dbfcc0cbcf12425b3451dc3e284908f5fc344a19e14710d3_9200.json
 create mode 100644 experiments/unified_contextual_memory/artifacts/evaluation/judges/a4f5a05aa849d679dbfcc0cbcf12425b3451dc3e284908f5fc344a19e14710d3_9200.request.json
 create mode 100644 experiments/unified_contextual_memory/artifacts/evaluation/judges/a50700149a8bac0c135689f213aeb2598081babc5d0933ddaf5c5943adc63449_9100.json
 create mode 100644 experiments/unified_contextual_memory/artifacts/evaluation/judges/a50700149a8bac0c135689f213aeb2598081babc5d0933ddaf5c5943adc63449_9100.request.json
 create mode 100644 experiments/unified_contextual_memory/artifacts/evaluation/judges/a50700149a8bac0c135689f213aeb2598081babc5d0933ddaf5c5943adc63449_9101.json
 create mode 100644 experiments/unified_contextual_memory/artifacts/evaluation/judges/a50700149a8bac0c135689f213aeb2598081babc5d0933ddaf5c5943adc63449_9101.request.json
 create mode 100644 experiments/unified_contextual_memory/artifacts/evaluation/judges/a50700149a8bac0c135689f213aeb2598081babc5d0933ddaf5c5943adc63449_9102.json
 create mode 100644 experiments/unified_contextual_memory/artifacts/evaluation/judges/a50700149a8bac0c135689f213aeb2598081babc5d0933ddaf5c5943adc63449_9102.request.json
 create mode 100644 experiments/unified_contextual_memory/artifacts/evaluation/judges/a50700149a8bac0c135689f213aeb2598081babc5d0933ddaf5c5943adc63449_9200.json
 create mode 100644 experiments/unified_contextual_memory/artifacts/evaluation/judges/a50700149a8bac0c135689f213aeb2598081babc5d0933ddaf5c5943adc63449_9200.request.json
 create mode 100644 experiments/unified_contextual_memory/artifacts/evaluation/judges/a56dce9fa3b2ab4c0b2d020e5d6c592f9f4dc434f632fced18c8e8490df1de71_9100.json
 create mode 100644 experiments/unified_contextual_memory/artifacts/evaluation/judges/a56dce9fa3b2ab4c0b2d020e5d6c592f9f4dc434f632fced18c8e8490df1de71_9100.request.json
 create mode 100644 experiments/unified_contextual_memory/artifacts/evaluation/judges/a56dce9fa3b2ab4c0b2d020e5d6c592f9f4dc434f632fced18c8e8490df1de71_9101.json
 create mode 100644 experiments/unified_contextual_memory/artifacts/evaluation/judges/a56dce9fa3b2ab4c0b2d020e5d6c592f9f4dc434f632fced18c8e8490df1de71_9101.request.json
 create mode 100644 experiments/unified_contextual_memory/artifacts/evaluation/judges/a56dce9fa3b2ab4c0b2d020e5d6c592f9f4dc434f632fced18c8e8490df1de71_9102.json
 create mode 100644 experiments/unified_contextual_memory/artifacts/evaluation/judges/a56dce9fa3b2ab4c0b2d020e5d6c592f9f4dc434f632fced18c8e8490df1de71_9102.request.json
 create mode 100644 experiments/unified_contextual_memory/artifacts/evaluation/judges/a56dce9fa3b2ab4c0b2d020e5d6c592f9f4dc434f632fced18c8e8490df1de71_9200.json
 create mode 100644 experiments/unified_contextual_memory/artifacts/evaluation/judges/a56dce9fa3b2ab4c0b2d020e5d6c592f9f4dc434f632fced18c8e8490df1de71_9200.request.json
 create mode 100644 experiments/unified_contextual_memory/artifacts/evaluation/judges/a58a2ac7fc89f9ab6b61c4fbce7fb11974cf57ec4eb81569d975f81f38e6ee2b_9100.json
 create mode 100644 experiments/unified_contextual_memory/artifacts/evaluation/judges/a58a2ac7fc89f9ab6b61c4fbce7fb11974cf57ec4eb81569d975f81f38e6ee2b_9100.request.json
 create mode 100644 experiments/unified_contextual_memory/artifacts/evaluation/judges/a58a2ac7fc89f9ab6b61c4fbce7fb11974cf57ec4eb81569d975f81f38e6ee2b_9101.json
 create mode 100644 experiments/unified_contextual_memory/artifacts/evaluation/judges/a58a2ac7fc89f9ab6b61c4fbce7fb11974cf57ec4eb81569d975f81f38e6ee2b_9101.request.json
 create mode 100644 experiments/unified_contextual_memory/artifacts/evaluation/judges/a58a2ac7fc89f9ab6b61c4fbce7fb11974cf57ec4eb81569d975f81f38e6ee2b_9102.json
 create mode 100644 experiments/unified_contextual_memory/artifacts/evaluation/judges/a58a2ac7fc89f9ab6b61c4fbce7fb11974cf57ec4eb81569d975f81f38e6ee2b_9102.request.json
 create mode 100644 experiments/unified_contextual_memory/artifacts/evaluation/judges/a58a2ac7fc89f9ab6b61c4fbce7fb11974cf57ec4eb81569d975f81f38e6ee2b_9200.json
 create mode 100644 experiments/unified_contextual_memory/artifacts/evaluation/judges/a58a2ac7fc89f9ab6b61c4fbce7fb11974cf57ec4eb81569d975f81f38e6ee2b_9200.request.json
 create mode 100644 experiments/unified_contextual_memory/artifacts/evaluation/judges/a591512ddad9d6154987dd9fe4fad4febdadc30d09c4d40585c018b89e27c552_9100.json
 create mode 100644 experiments/unified_contextual_memory/artifacts/evaluation/judges/a591512ddad9d6154987dd9fe4fad4febdadc30d09c4d40585c018b89e27c552_9100.request.json
 create mode 100644 experiments/unified_contextual_memory/artifacts/evaluation/judges/a591512ddad9d6154987dd9fe4fad4febdadc30d09c4d40585c018b89e27c552_9101.json
 create mode 100644 experiments/unified_contextual_memory/artifacts/evaluation/judges/a591512ddad9d6154987dd9fe4fad4febdadc30d09c4d40585c018b89e27c552_9101.request.json
 create mode 100644 experiments/unified_contextual_memory/artifacts/evaluation/judges/a591512ddad9d6154987dd9fe4fad4febdadc30d09c4d40585c018b89e27c552_9102.json
 create mode 100644 experiments/unified_contextual_memory/artifacts/evaluation/judges/a591512ddad9d6154987dd9fe4fad4febdadc30d09c4d40585c018b89e27c552_9102.request.json
 create mode 100644 experiments/unified_contextual_memory/artifacts/evaluation/judges/a591512ddad9d6154987dd9fe4fad4febdadc30d09c4d40585c018b89e27c552_9200.json
 create mode 100644 experiments/unified_contextual_memory/artifacts/evaluation/judges/a591512ddad9d6154987dd9fe4fad4febdadc30d09c4d40585c018b89e27c552_9200.request.json
 create mode 100644 experiments/unified_contextual_memory/artifacts/evaluation/judges/a67d949a1d244a914b2861ac8dcd4fd825c24b5b3caf07d97ae8018c743df05f_9100.json
 create mode 100644 experiments/unified_contextual_memory/artifacts/evaluation/judges/a67d949a1d244a914b2861ac8dcd4fd825c24b5b3caf07d97ae8018c743df05f_9100.request.json
 create mode 100644 experiments/unified_contextual_memory/artifacts/evaluation/judges/a67d949a1d244a914b2861ac8dcd4fd825c24b5b3caf07d97ae8018c743df05f_9101.json
 create mode 100644 experiments/unified_contextual_memory/artifacts/evaluation/judges/a67d949a1d244a914b2861ac8dcd4fd825c24b5b3caf07d97ae8018c743df05f_9101.request.json
 create mode 100644 experiments/unified_contextual_memory/artifacts/evaluation/judges/a67d949a1d244a914b2861ac8dcd4fd825c24b5b3caf07d97ae8018c743df05f_9102.json
 create mode 100644 experiments/unified_contextual_memory/artifacts/evaluation/judges/a67d949a1d244a914b2861ac8dcd4fd825c24b5b3caf07d97ae8018c743df05f_9102.request.json
 create mode 100644 experiments/unified_contextual_memory/artifacts/evaluation/judges/a67d949a1d244a914b2861ac8dcd4fd825c24b5b3caf07d97ae8018c743df05f_9200.json
 create mode 100644 experiments/unified_contextual_memory/artifacts/evaluation/judges/a67d949a1d244a914b2861ac8dcd4fd825c24b5b3caf07d97ae8018c743df05f_9200.request.json
 create mode 100644 experiments/unified_contextual_memory/artifacts/evaluation/judges/a697dd4b3d085375b8c852af4cbbc2b69f735c2b91ad8cdc03df5ae84dbf6815_9100.json
 create mode 100644 experiments/unified_contextual_memory/artifacts/evaluation/judges/a697dd4b3d085375b8c852af4cbbc2b69f735c2b91ad8cdc03df5ae84dbf6815_9100.request.json
 create mode 100644 experiments/unified_contextual_memory/artifacts/evaluation/judges/a697dd4b3d085375b8c852af4cbbc2b69f735c2b91ad8cdc03df5ae84dbf6815_9101.json
 create mode 100644 experiments/unified_contextual_memory/artifacts/evaluation/judges/a697dd4b3d085375b8c852af4cbbc2b69f735c2b91ad8cdc03df5ae84dbf6815_9101.request.json
 create mode 100644 experiments/unified_contextual_memory/artifacts/evaluation/judges/a697dd4b3d085375b8c852af4cbbc2b69f735c2b91ad8cdc03df5ae84dbf6815_9102.json
 create mode 100644 experiments/unified_contextual_memory/artifacts/evaluation/judges/a697dd4b3d085375b8c852af4cbbc2b69f735c2b91ad8cdc03df5ae84dbf6815_9102.request.json
 create mode 100644 experiments/unified_contextual_memory/artifacts/evaluation/judges/a697dd4b3d085375b8c852af4cbbc2b69f735c2b91ad8cdc03df5ae84dbf6815_9200.json
 create mode 100644 experiments/unified_contextual_memory/artifacts/evaluation/judges/a697dd4b3d085375b8c852af4cbbc2b69f735c2b91ad8cdc03df5ae84dbf6815_9200.request.json
 create mode 100644 experiments/unified_contextual_memory/artifacts/evaluation/judges/a6b072526ae50a5596685f49cd3999269c031938ae0a82cd7e4ccd629e6d2fa9_9100.json
 create mode 100644 experiments/unified_contextual_memory/artifacts/evaluation/judges/a6b072526ae50a5596685f49cd3999269c031938ae0a82cd7e4ccd629e6d2fa9_9100.request.json
 create mode 100644 experiments/unified_contextual_memory/artifacts/evaluation/judges/a6b072526ae50a5596685f49cd3999269c031938ae0a82cd7e4ccd629e6d2fa9_9101.json
 create mode 100644 experiments/unified_contextual_memory/artifacts/evaluation/judges/a6b072526ae50a5596685f49cd3999269c031938ae0a82cd7e4ccd629e6d2fa9_9101.request.json
 create mode 100644 experiments/unified_contextual_memory/artifacts/evaluation/judges/a6b072526ae50a5596685f49cd3999269c031938ae0a82cd7e4ccd629e6d2fa9_9102.json
 create mode 100644 experiments/unified_contextual_memory/artifacts/evaluation/judges/a6b072526ae50a5596685f49cd3999269c031938ae0a82cd7e4ccd629e6d2fa9_9102.request.json
 create mode 100644 experiments/unified_contextual_memory/artifacts/evaluation/judges/a6b072526ae50a5596685f49cd3999269c031938ae0a82cd7e4ccd629e6d2fa9_9200.json
 create mode 100644 experiments/unified_contextual_memory/artifacts/evaluation/judges/a6b072526ae50a5596685f49cd3999269c031938ae0a82cd7e4ccd629e6d2fa9_9200.request.json
 create mode 100644 experiments/unified_contextual_memory/artifacts/evaluation/judges/a725ad1e05cc482ddffde78ded7645010803ad726588bea67188f235c510ef65_9100.json
 create mode 100644 experiments/unified_contextual_memory/artifacts/evaluation/judges/a725ad1e05cc482ddffde78ded7645010803ad726588bea67188f235c510ef65_9100.request.json
 create mode 100644 experiments/unified_contextual_memory/artifacts/evaluation/judges/a725ad1e05cc482ddffde78ded7645010803ad726588bea67188f235c510ef65_9101.json
 create mode 100644 experiments/unified_contextual_memory/artifacts/evaluation/judges/a725ad1e05cc482ddffde78ded7645010803ad726588bea67188f235c510ef65_9101.request.json
 create mode 100644 experiments/unified_contextual_memory/artifacts/evaluation/judges/a725ad1e05cc482ddffde78ded7645010803ad726588bea67188f235c510ef65_9102.json
 create mode 100644 experiments/unified_contextual_memory/artifacts/evaluation/judges/a725ad1e05cc482ddffde78ded7645010803ad726588bea67188f235c510ef65_9102.request.json
 create mode 100644 experiments/unified_contextual_memory/artifacts/evaluation/judges/a725ad1e05cc482ddffde78ded7645010803ad726588bea67188f235c510ef65_9200.json
 create mode 100644 experiments/unified_contextual_memory/artifacts/evaluation/judges/a725ad1e05cc482ddffde78ded7645010803ad726588bea67188f235c510ef65_9200.request.json
 create mode 100644 experiments/unified_contextual_memory/artifacts/evaluation/judges/a7a597d5cb9b8836ae5e86616f8b3e7662e6d5ed0c853f2cea21c0dcd534cb08_9100.json
 create mode 100644 experiments/unified_contextual_memory/artifacts/evaluation/judges/a7a597d5cb9b8836ae5e86616f8b3e7662e6d5ed0c853f2cea21c0dcd534cb08_9100.request.json
 create mode 100644 experiments/unified_contextual_memory/artifacts/evaluation/judges/a7a597d5cb9b8836ae5e86616f8b3e7662e6d5ed0c853f2cea21c0dcd534cb08_9101.json
 create mode 100644 experiments/unified_contextual_memory/artifacts/evaluation/judges/a7a597d5cb9b8836ae5e86616f8b3e7662e6d5ed0c853f2cea21c0dcd534cb08_9101.request.json
 create mode 100644 experiments/unified_contextual_memory/artifacts/evaluation/judges/a7a597d5cb9b8836ae5e86616f8b3e7662e6d5ed0c853f2cea21c0dcd534cb08_9102.json
 create mode 100644 experiments/unified_contextual_memory/artifacts/evaluation/judges/a7a597d5cb9b8836ae5e86616f8b3e7662e6d5ed0c853f2cea21c0dcd534cb08_9102.request.json
 create mode 100644 experiments/unified_contextual_memory/artifacts/evaluation/judges/a7a597d5cb9b8836ae5e86616f8b3e7662e6d5ed0c853f2cea21c0dcd534cb08_9200.json
 create mode 100644 experiments/unified_contextual_memory/artifacts/evaluation/judges/a7a597d5cb9b8836ae5e86616f8b3e7662e6d5ed0c853f2cea21c0dcd534cb08_9200.request.json
 create mode 100644 experiments/unified_contextual_memory/artifacts/evaluation/judges/a7ecd0c8fbb18118ff36a67b6e8799a5a75a28da89fd21ee2bdb4419d3a19aa2_9100.json
 create mode 100644 experiments/unified_contextual_memory/artifacts/evaluation/judges/a7ecd0c8fbb18118ff36a67b6e8799a5a75a28da89fd21ee2bdb4419d3a19aa2_9100.request.json
 create mode 100644 experiments/unified_contextual_memory/artifacts/evaluation/judges/a7ecd0c8fbb18118ff36a67b6e8799a5a75a28da89fd21ee2bdb4419d3a19aa2_9101.json
 create mode 100644 experiments/unified_contextual_memory/artifacts/evaluation/judges/a7ecd0c8fbb18118ff36a67b6e8799a5a75a28da89fd21ee2bdb4419d3a19aa2_9101.request.json
 create mode 100644 experiments/unified_contextual_memory/artifacts/evaluation/judges/a7ecd0c8fbb18118ff36a67b6e8799a5a75a28da89fd21ee2bdb4419d3a19aa2_9102.json
 create mode 100644 experiments/unified_contextual_memory/artifacts/evaluation/judges/a7ecd0c8fbb18118ff36a67b6e8799a5a75a28da89fd21ee2bdb4419d3a19aa2_9102.request.json
 create mode 100644 experiments/unified_contextual_memory/artifacts/evaluation/judges/a7ecd0c8fbb18118ff36a67b6e8799a5a75a28da89fd21ee2bdb4419d3a19aa2_9200.json
 create mode 100644 experiments/unified_contextual_memory/artifacts/evaluation/judges/a7ecd0c8fbb18118ff36a67b6e8799a5a75a28da89fd21ee2bdb4419d3a19aa2_9200.request.json
 create mode 100644 experiments/unified_contextual_memory/artifacts/evaluation/judges/a8267f92244f1c843e7799a24b226661a5414eb404cba8bb07c39b151d6e99e2_9100.json
 create mode 100644 experiments/unified_contextual_memory/artifacts/evaluation/judges/a8267f92244f1c843e7799a24b226661a5414eb404cba8bb07c39b151d6e99e2_9100.request.json
 create mode 100644 experiments/unified_contextual_memory/artifacts/evaluation/judges/a8267f92244f1c843e7799a24b226661a5414eb404cba8bb07c39b151d6e99e2_9101.json
 create mode 100644 experiments/unified_contextual_memory/artifacts/evaluation/judges/a8267f92244f1c843e7799a24b226661a5414eb404cba8bb07c39b151d6e99e2_9101.request.json
 create mode 100644 experiments/unified_contextual_memory/artifacts/evaluation/judges/a8267f92244f1c843e7799a24b226661a5414eb404cba8bb07c39b151d6e99e2_9102.json
 create mode 100644 experiments/unified_contextual_memory/artifacts/evaluation/judges/a8267f92244f1c843e7799a24b226661a5414eb404cba8bb07c39b151d6e99e2_9102.request.json
 create mode 100644 experiments/unified_contextual_memory/artifacts/evaluation/judges/a8267f92244f1c843e7799a24b226661a5414eb404cba8bb07c39b151d6e99e2_9200.json
 create mode 100644 experiments/unified_contextual_memory/artifacts/evaluation/judges/a8267f92244f1c843e7799a24b226661a5414eb404cba8bb07c39b151d6e99e2_9200.request.json
 create mode 100644 experiments/unified_contextual_memory/artifacts/evaluation/judges/a85297260b07101376445631bd6fc629fc18aca4b0ad23d3bf90eba34a0aeec8_9100.json
 create mode 100644 experiments/unified_contextual_memory/artifacts/evaluation/judges/a85297260b07101376445631bd6fc629fc18aca4b0ad23d3bf90eba34a0aeec8_9100.request.json
 create mode 100644 experiments/unified_contextual_memory/artifacts/evaluation/judges/a85297260b07101376445631bd6fc629fc18aca4b0ad23d3bf90eba34a0aeec8_9101.json
 create mode 100644 experiments/unified_contextual_memory/artifacts/evaluation/judges/a85297260b07101376445631bd6fc629fc18aca4b0ad23d3bf90eba34a0aeec8_9101.request.json
 create mode 100644 experiments/unified_contextual_memory/artifacts/evaluation/judges/a85297260b07101376445631bd6fc629fc18aca4b0ad23d3bf90eba34a0aeec8_9102.json
 create mode 100644 experiments/unified_contextual_memory/artifacts/evaluation/judges/a85297260b07101376445631bd6fc629fc18aca4b0ad23d3bf90eba34a0aeec8_9102.request.json
 create mode 100644 experiments/unified_contextual_memory/artifacts/evaluation/judges/a85297260b07101376445631bd6fc629fc18aca4b0ad23d3bf90eba34a0aeec8_9200.json
 create mode 100644 experiments/unified_contextual_memory/artifacts/evaluation/judges/a85297260b07101376445631bd6fc629fc18aca4b0ad23d3bf90eba34a0aeec8_9200.request.json
 create mode 100644 experiments/unified_contextual_memory/artifacts/evaluation/judges/a8969539db05a9c5c1e7f148aa2cf7e5b09bbf2351b150200bb66105936cafe3_9100.json
 create mode 100644 experiments/unified_contextual_memory/artifacts/evaluation/judges/a8969539db05a9c5c1e7f148aa2cf7e5b09bbf2351b150200bb66105936cafe3_9100.request.json
 create mode 100644 experiments/unified_contextual_memory/artifacts/evaluation/judges/a8969539db05a9c5c1e7f148aa2cf7e5b09bbf2351b150200bb66105936cafe3_9101.json
 create mode 100644 experiments/unified_contextual_memory/artifacts/evaluation/judges/a8969539db05a9c5c1e7f148aa2cf7e5b09bbf2351b150200bb66105936cafe3_9101.request.json
 create mode 100644 experiments/unified_contextual_memory/artifacts/evaluation/judges/a8969539db05a9c5c1e7f148aa2cf7e5b09bbf2351b150200bb66105936cafe3_9102.json
 create mode 100644 experiments/unified_contextual_memory/artifacts/evaluation/judges/a8969539db05a9c5c1e7f148aa2cf7e5b09bbf2351b150200bb66105936cafe3_9102.request.json
 create mode 100644 experiments/unified_contextual_memory/artifacts/evaluation/judges/a8969539db05a9c5c1e7f148aa2cf7e5b09bbf2351b150200bb66105936cafe3_9200.json
 create mode 100644 experiments/unified_contextual_memory/artifacts/evaluation/judges/a8969539db05a9c5c1e7f148aa2cf7e5b09bbf2351b150200bb66105936cafe3_9200.request.json
 create mode 100644 experiments/unified_contextual_memory/artifacts/evaluation/judges/a915b0735346325cf3f7c3bec3ac2f6fd2608527b87973699d8c29582be56fd8_9100.json
 create mode 100644 experiments/unified_contextual_memory/artifacts/evaluation/judges/a915b0735346325cf3f7c3bec3ac2f6fd2608527b87973699d8c29582be56fd8_9100.request.json
 create mode 100644 experiments/unified_contextual_memory/artifacts/evaluation/judges/a915b0735346325cf3f7c3bec3ac2f6fd2608527b87973699d8c29582be56fd8_9101.json
 create mode 100644 experiments/unified_contextual_memory/artifacts/evaluation/judges/a915b0735346325cf3f7c3bec3ac2f6fd2608527b87973699d8c29582be56fd8_9101.request.json
 create mode 100644 experiments/unified_contextual_memory/artifacts/evaluation/judges/a915b0735346325cf3f7c3bec3ac2f6fd2608527b87973699d8c29582be56fd8_9102.json
 create mode 100644 experiments/unified_contextual_memory/artifacts/evaluation/judges/a915b0735346325cf3f7c3bec3ac2f6fd2608527b87973699d8c29582be56fd8_9102.request.json
 create mode 100644 experiments/unified_contextual_memory/artifacts/evaluation/judges/a915b0735346325cf3f7c3bec3ac2f6fd2608527b87973699d8c29582be56fd8_9200.json
 create mode 100644 experiments/unified_contextual_memory/artifacts/evaluation/judges/a915b0735346325cf3f7c3bec3ac2f6fd2608527b87973699d8c29582be56fd8_9200.request.json
 create mode 100644 experiments/unified_contextual_memory/artifacts/evaluation/judges/a92d2c7a009b466be7b7c1f7ce735514012fda894fdeb8de876e484c45095986_9100.json
 create mode 100644 experiments/unified_contextual_memory/artifacts/evaluation/judges/a92d2c7a009b466be7b7c1f7ce735514012fda894fdeb8de876e484c45095986_9100.request.json
 create mode 100644 experiments/unified_contextual_memory/artifacts/evaluation/judges/a92d2c7a009b466be7b7c1f7ce735514012fda894fdeb8de876e484c45095986_9101.json
 create mode 100644 experiments/unified_contextual_memory/artifacts/evaluation/judges/a92d2c7a009b466be7b7c1f7ce735514012fda894fdeb8de876e484c45095986_9101.request.json
 create mode 100644 experiments/unified_contextual_memory/artifacts/evaluation/judges/a92d2c7a009b466be7b7c1f7ce735514012fda894fdeb8de876e484c45095986_9102.json
 create mode 100644 experiments/unified_contextual_memory/artifacts/evaluation/judges/a92d2c7a009b466be7b7c1f7ce735514012fda894fdeb8de876e484c45095986_9102.request.json
 create mode 100644 experiments/unified_contextual_memory/artifacts/evaluation/judges/a92d2c7a009b466be7b7c1f7ce735514012fda894fdeb8de876e484c45095986_9200.json
 create mode 100644 experiments/unified_contextual_memory/artifacts/evaluation/judges/a92d2c7a009b466be7b7c1f7ce735514012fda894fdeb8de876e484c45095986_9200.request.json
 create mode 100644 experiments/unified_contextual_memory/artifacts/evaluation/judges/a930c395f37fd28cdb87f433140d9e7d51ea567a012e0c4a4b085f1dfba49c10_9100.json
 create mode 100644 experiments/unified_contextual_memory/artifacts/evaluation/judges/a930c395f37fd28cdb87f433140d9e7d51ea567a012e0c4a4b085f1dfba49c10_9100.request.json
 create mode 100644 experiments/unified_contextual_memory/artifacts/evaluation/judges/a930c395f37fd28cdb87f433140d9e7d51ea567a012e0c4a4b085f1dfba49c10_9101.json
 create mode 100644 experiments/unified_contextual_memory/artifacts/evaluation/judges/a930c395f37fd28cdb87f433140d9e7d51ea567a012e0c4a4b085f1dfba49c10_9101.request.json
 create mode 100644 experiments/unified_contextual_memory/artifacts/evaluation/judges/a930c395f37fd28cdb87f433140d9e7d51ea567a012e0c4a4b085f1dfba49c10_9102.json
 create mode 100644 experiments/unified_contextual_memory/artifacts/evaluation/judges/a930c395f37fd28cdb87f433140d9e7d51ea567a012e0c4a4b085f1dfba49c10_9102.request.json
 create mode 100644 experiments/unified_contextual_memory/artifacts/evaluation/judges/a930c395f37fd28cdb87f433140d9e7d51ea567a012e0c4a4b085f1dfba49c10_9200.json
 create mode 100644 experiments/unified_contextual_memory/artifacts/evaluation/judges/a930c395f37fd28cdb87f433140d9e7d51ea567a012e0c4a4b085f1dfba49c10_9200.request.json
 create mode 100644 experiments/unified_contextual_memory/artifacts/evaluation/judges/a94271f8799ed15b5f277b866f252e84f5346b41eb188042d645c375cb0d47d3_9100.json
 create mode 100644 experiments/unified_contextual_memory/artifacts/evaluation/judges/a94271f8799ed15b5f277b866f252e84f5346b41eb188042d645c375cb0d47d3_9100.request.json
 create mode 100644 experiments/unified_contextual_memory/artifacts/evaluation/judges/a94271f8799ed15b5f277b866f252e84f5346b41eb188042d645c375cb0d47d3_9101.json
 create mode 100644 experiments/unified_contextual_memory/artifacts/evaluation/judges/a94271f8799ed15b5f277b866f252e84f5346b41eb188042d645c375cb0d47d3_9101.request.json
 create mode 100644 experiments/unified_contextual_memory/artifacts/evaluation/judges/a94271f8799ed15b5f277b866f252e84f5346b41eb188042d645c375cb0d47d3_9102.json
 create mode 100644 experiments/unified_contextual_memory/artifacts/evaluation/judges/a94271f8799ed15b5f277b866f252e84f5346b41eb188042d645c375cb0d47d3_9102.request.json
 create mode 100644 experiments/unified_contextual_memory/artifacts/evaluation/judges/a94271f8799ed15b5f277b866f252e84f5346b41eb188042d645c375cb0d47d3_9200.json
 create mode 100644 experiments/unified_contextual_memory/artifacts/evaluation/judges/a94271f8799ed15b5f277b866f252e84f5346b41eb188042d645c375cb0d47d3_9200.request.json
 create mode 100644 experiments/unified_contextual_memory/artifacts/evaluation/judges/a94f572c8c64a62ed955c235c4254c72bd56bc9e86ded12dd7aa93aa008a5785_9100.json
 create mode 100644 experiments/unified_contextual_memory/artifacts/evaluation/judges/a94f572c8c64a62ed955c235c4254c72bd56bc9e86ded12dd7aa93aa008a5785_9100.request.json
 create mode 100644 experiments/unified_contextual_memory/artifacts/evaluation/judges/a94f572c8c64a62ed955c235c4254c72bd56bc9e86ded12dd7aa93aa008a5785_9101.json
 create mode 100644 experiments/unified_contextual_memory/artifacts/evaluation/judges/a94f572c8c64a62ed955c235c4254c72bd56bc9e86ded12dd7aa93aa008a5785_9101.request.json
 create mode 100644 experiments/unified_contextual_memory/artifacts/evaluation/judges/a94f572c8c64a62ed955c235c4254c72bd56bc9e86ded12dd7aa93aa008a5785_9102.json
 create mode 100644 experiments/unified_contextual_memory/artifacts/evaluation/judges/a94f572c8c64a62ed955c235c4254c72bd56bc9e86ded12dd7aa93aa008a5785_9102.request.json
 create mode 100644 experiments/unified_contextual_memory/artifacts/evaluation/judges/a94f572c8c64a62ed955c235c4254c72bd56bc9e86ded12dd7aa93aa008a5785_9200.json
 create mode 100644 experiments/unified_contextual_memory/artifacts/evaluation/judges/a94f572c8c64a62ed955c235c4254c72bd56bc9e86ded12dd7aa93aa008a5785_9200.request.json
 create mode 100644 experiments/unified_contextual_memory/artifacts/evaluation/judges/a9895c8a7f735ec8e547704b7d859dfeb4fd1bf552697b3693596bc8855b1eaf_9100.json
 create mode 100644 experiments/unified_contextual_memory/artifacts/evaluation/judges/a9895c8a7f735ec8e547704b7d859dfeb4fd1bf552697b3693596bc8855b1eaf_9100.request.json
 create mode 100644 experiments/unified_contextual_memory/artifacts/evaluation/judges/a9895c8a7f735ec8e547704b7d859dfeb4fd1bf552697b3693596bc8855b1eaf_9101.json
 create mode 100644 experiments/unified_contextual_memory/artifacts/evaluation/judges/a9895c8a7f735ec8e547704b7d859dfeb4fd1bf552697b3693596bc8855b1eaf_9101.request.json
 create mode 100644 experiments/unified_contextual_memory/artifacts/evaluation/judges/a9895c8a7f735ec8e547704b7d859dfeb4fd1bf552697b3693596bc8855b1eaf_9102.json
 create mode 100644 experiments/unified_contextual_memory/artifacts/evaluation/judges/a9895c8a7f735ec8e547704b7d859dfeb4fd1bf552697b3693596bc8855b1eaf_9102.request.json
 create mode 100644 experiments/unified_contextual_memory/artifacts/evaluation/judges/a9895c8a7f735ec8e547704b7d859dfeb4fd1bf552697b3693596bc8855b1eaf_9200.json
 create mode 100644 experiments/unified_contextual_memory/artifacts/evaluation/judges/a9895c8a7f735ec8e547704b7d859dfeb4fd1bf552697b3693596bc8855b1eaf_9200.request.json
 create mode 100644 experiments/unified_contextual_memory/artifacts/evaluation/judges/aa747bc5cb5838e30a3c5a080ddd440a2e8a21bad87903084f30d868a78858c0_9100.json
 create mode 100644 experiments/unified_contextual_memory/artifacts/evaluation/judges/aa747bc5cb5838e30a3c5a080ddd440a2e8a21bad87903084f30d868a78858c0_9100.request.json
 create mode 100644 experiments/unified_contextual_memory/artifacts/evaluation/judges/aa747bc5cb5838e30a3c5a080ddd440a2e8a21bad87903084f30d868a78858c0_9101.json
 create mode 100644 experiments/unified_contextual_memory/artifacts/evaluation/judges/aa747bc5cb5838e30a3c5a080ddd440a2e8a21bad87903084f30d868a78858c0_9101.request.json
 create mode 100644 experiments/unified_contextual_memory/artifacts/evaluation/judges/aa747bc5cb5838e30a3c5a080ddd440a2e8a21bad87903084f30d868a78858c0_9102.json
 create mode 100644 experiments/unified_contextual_memory/artifacts/evaluation/judges/aa747bc5cb5838e30a3c5a080ddd440a2e8a21bad87903084f30d868a78858c0_9102.request.json
 create mode 100644 experiments/unified_contextual_memory/artifacts/evaluation/judges/aa747bc5cb5838e30a3c5a080ddd440a2e8a21bad87903084f30d868a78858c0_9200.json
 create mode 100644 experiments/unified_contextual_memory/artifacts/evaluation/judges/aa747bc5cb5838e30a3c5a080ddd440a2e8a21bad87903084f30d868a78858c0_9200.request.json
 create mode 100644 experiments/unified_contextual_memory/artifacts/evaluation/judges/aad63bdb1ff92bd1d5546c14f0f8e57c6df925eeeefccdf65183de0bcbcac3df_9100.json
 create mode 100644 experiments/unified_contextual_memory/artifacts/evaluation/judges/aad63bdb1ff92bd1d5546c14f0f8e57c6df925eeeefccdf65183de0bcbcac3df_9100.request.json
 create mode 100644 experiments/unified_contextual_memory/artifacts/evaluation/judges/aad63bdb1ff92bd1d5546c14f0f8e57c6df925eeeefccdf65183de0bcbcac3df_9101.json
 create mode 100644 experiments/unified_contextual_memory/artifacts/evaluation/judges/aad63bdb1ff92bd1d5546c14f0f8e57c6df925eeeefccdf65183de0bcbcac3df_9101.request.json
 create mode 100644 experiments/unified_contextual_memory/artifacts/evaluation/judges/aad63bdb1ff92bd1d5546c14f0f8e57c6df925eeeefccdf65183de0bcbcac3df_9102.json
 create mode 100644 experiments/unified_contextual_memory/artifacts/evaluation/judges/aad63bdb1ff92bd1d5546c14f0f8e57c6df925eeeefccdf65183de0bcbcac3df_9102.request.json
 create mode 100644 experiments/unified_contextual_memory/artifacts/evaluation/judges/aad63bdb1ff92bd1d5546c14f0f8e57c6df925eeeefccdf65183de0bcbcac3df_9200.json
 create mode 100644 experiments/unified_contextual_memory/artifacts/evaluation/judges/aad63bdb1ff92bd1d5546c14f0f8e57c6df925eeeefccdf65183de0bcbcac3df_9200.request.json
 create mode 100644 experiments/unified_contextual_memory/artifacts/evaluation/judges/ab6041ed5c23dea4e59af28461685f900cbdaa6e57ddb6704c9b85b9a15425c5_9100.json
 create mode 100644 experiments/unified_contextual_memory/artifacts/evaluation/judges/ab6041ed5c23dea4e59af28461685f900cbdaa6e57ddb6704c9b85b9a15425c5_9100.request.json
 create mode 100644 experiments/unified_contextual_memory/artifacts/evaluation/judges/ab6041ed5c23dea4e59af28461685f900cbdaa6e57ddb6704c9b85b9a15425c5_9101.json
 create mode 100644 experiments/unified_contextual_memory/artifacts/evaluation/judges/ab6041ed5c23dea4e59af28461685f900cbdaa6e57ddb6704c9b85b9a15425c5_9101.request.json
 create mode 100644 experiments/unified_contextual_memory/artifacts/evaluation/judges/ab6041ed5c23dea4e59af28461685f900cbdaa6e57ddb6704c9b85b9a15425c5_9102.json
 create mode 100644 experiments/unified_contextual_memory/artifacts/evaluation/judges/ab6041ed5c23dea4e59af28461685f900cbdaa6e57ddb6704c9b85b9a15425c5_9102.request.json
 create mode 100644 experiments/unified_contextual_memory/artifacts/evaluation/judges/ab6041ed5c23dea4e59af28461685f900cbdaa6e57ddb6704c9b85b9a15425c5_9200.json
 create mode 100644 experiments/unified_contextual_memory/artifacts/evaluation/judges/ab6041ed5c23dea4e59af28461685f900cbdaa6e57ddb6704c9b85b9a15425c5_9200.request.json
 create mode 100644 experiments/unified_contextual_memory/artifacts/evaluation/judges/abe7e7d80cb17259e3047e3bf9db56f2198472e74c30078a0f2968710a100ee6_9100.json
 create mode 100644 experiments/unified_contextual_memory/artifacts/evaluation/judges/abe7e7d80cb17259e3047e3bf9db56f2198472e74c30078a0f2968710a100ee6_9100.request.json
 create mode 100644 experiments/unified_contextual_memory/artifacts/evaluation/judges/abe7e7d80cb17259e3047e3bf9db56f2198472e74c30078a0f2968710a100ee6_9101.json
 create mode 100644 experiments/unified_contextual_memory/artifacts/evaluation/judges/abe7e7d80cb17259e3047e3bf9db56f2198472e74c30078a0f2968710a100ee6_9101.request.json
 create mode 100644 experiments/unified_contextual_memory/artifacts/evaluation/judges/abe7e7d80cb17259e3047e3bf9db56f2198472e74c30078a0f2968710a100ee6_9102.json
 create mode 100644 experiments/unified_contextual_memory/artifacts/evaluation/judges/abe7e7d80cb17259e3047e3bf9db56f2198472e74c30078a0f2968710a100ee6_9102.request.json
 create mode 100644 experiments/unified_contextual_memory/artifacts/evaluation/judges/abe7e7d80cb17259e3047e3bf9db56f2198472e74c30078a0f2968710a100ee6_9200.json
 create mode 100644 experiments/unified_contextual_memory/artifacts/evaluation/judges/abe7e7d80cb17259e3047e3bf9db56f2198472e74c30078a0f2968710a100ee6_9200.request.json
 create mode 100644 experiments/unified_contextual_memory/artifacts/evaluation/judges/ac0c931f777c21adc382c4d8dee1780fdd1a3db7ff14f99cfb6864ea48585318_9100.json
 create mode 100644 experiments/unified_contextual_memory/artifacts/evaluation/judges/ac0c931f777c21adc382c4d8dee1780fdd1a3db7ff14f99cfb6864ea48585318_9100.request.json
 create mode 100644 experiments/unified_contextual_memory/artifacts/evaluation/judges/ac0c931f777c21adc382c4d8dee1780fdd1a3db7ff14f99cfb6864ea48585318_9101.json
 create mode 100644 experiments/unified_contextual_memory/artifacts/evaluation/judges/ac0c931f777c21adc382c4d8dee1780fdd1a3db7ff14f99cfb6864ea48585318_9101.request.json
 create mode 100644 experiments/unified_contextual_memory/artifacts/evaluation/judges/ac0c931f777c21adc382c4d8dee1780fdd1a3db7ff14f99cfb6864ea48585318_9102.json
 create mode 100644 experiments/unified_contextual_memory/artifacts/evaluation/judges/ac0c931f777c21adc382c4d8dee1780fdd1a3db7ff14f99cfb6864ea48585318_9102.request.json
 create mode 100644 experiments/unified_contextual_memory/artifacts/evaluation/judges/ac0c931f777c21adc382c4d8dee1780fdd1a3db7ff14f99cfb6864ea48585318_9200.json
 create mode 100644 experiments/unified_contextual_memory/artifacts/evaluation/judges/ac0c931f777c21adc382c4d8dee1780fdd1a3db7ff14f99cfb6864ea48585318_9200.request.json
 create mode 100644 experiments/unified_contextual_memory/artifacts/evaluation/judges/ac56277f6357b1653e98b13bc2916d06b27bf29c6d9dabd82f663a85a8107d26_9100.json
 create mode 100644 experiments/unified_contextual_memory/artifacts/evaluation/judges/ac56277f6357b1653e98b13bc2916d06b27bf29c6d9dabd82f663a85a8107d26_9100.request.json
 create mode 100644 experiments/unified_contextual_memory/artifacts/evaluation/judges/ac56277f6357b1653e98b13bc2916d06b27bf29c6d9dabd82f663a85a8107d26_9101.json
 create mode 100644 experiments/unified_contextual_memory/artifacts/evaluation/judges/ac56277f6357b1653e98b13bc2916d06b27bf29c6d9dabd82f663a85a8107d26_9101.request.json
 create mode 100644 experiments/unified_contextual_memory/artifacts/evaluation/judges/ac56277f6357b1653e98b13bc2916d06b27bf29c6d9dabd82f663a85a8107d26_9102.json
 create mode 100644 experiments/unified_contextual_memory/artifacts/evaluation/judges/ac56277f6357b1653e98b13bc2916d06b27bf29c6d9dabd82f663a85a8107d26_9102.request.json
 create mode 100644 experiments/unified_contextual_memory/artifacts/evaluation/judges/ac56277f6357b1653e98b13bc2916d06b27bf29c6d9dabd82f663a85a8107d26_9200.json
 create mode 100644 experiments/unified_contextual_memory/artifacts/evaluation/judges/ac56277f6357b1653e98b13bc2916d06b27bf29c6d9dabd82f663a85a8107d26_9200.request.json
 create mode 100644 experiments/unified_contextual_memory/artifacts/evaluation/judges/ac6d8aead2c46f7c384545a840ca6c3b840b6bb388cc6c6e5a19c798be42da8f_9100.json
 create mode 100644 experiments/unified_contextual_memory/artifacts/evaluation/judges/ac6d8aead2c46f7c384545a840ca6c3b840b6bb388cc6c6e5a19c798be42da8f_9100.request.json
 create mode 100644 experiments/unified_contextual_memory/artifacts/evaluation/judges/ac6d8aead2c46f7c384545a840ca6c3b840b6bb388cc6c6e5a19c798be42da8f_9101.json
 create mode 100644 experiments/unified_contextual_memory/artifacts/evaluation/judges/ac6d8aead2c46f7c384545a840ca6c3b840b6bb388cc6c6e5a19c798be42da8f_9101.request.json
 create mode 100644 experiments/unified_contextual_memory/artifacts/evaluation/judges/ac6d8aead2c46f7c384545a840ca6c3b840b6bb388cc6c6e5a19c798be42da8f_9102.json
 create mode 100644 experiments/unified_contextual_memory/artifacts/evaluation/judges/ac6d8aead2c46f7c384545a840ca6c3b840b6bb388cc6c6e5a19c798be42da8f_9102.request.json
 create mode 100644 experiments/unified_contextual_memory/artifacts/evaluation/judges/ac6d8aead2c46f7c384545a840ca6c3b840b6bb388cc6c6e5a19c798be42da8f_9200.json
 create mode 100644 experiments/unified_contextual_memory/artifacts/evaluation/judges/ac6d8aead2c46f7c384545a840ca6c3b840b6bb388cc6c6e5a19c798be42da8f_9200.request.json
 create mode 100644 experiments/unified_contextual_memory/artifacts/evaluation/judges/acb0c7ae4f32e8fafd43bdfb242b648aaa3027fe65edfce7003bec90bf4aeaec_9100.json
 create mode 100644 experiments/unified_contextual_memory/artifacts/evaluation/judges/acb0c7ae4f32e8fafd43bdfb242b648aaa3027fe65edfce7003bec90bf4aeaec_9100.request.json
 create mode 100644 experiments/unified_contextual_memory/artifacts/evaluation/judges/acb0c7ae4f32e8fafd43bdfb242b648aaa3027fe65edfce7003bec90bf4aeaec_9101.json
 create mode 100644 experiments/unified_contextual_memory/artifacts/evaluation/judges/acb0c7ae4f32e8fafd43bdfb242b648aaa3027fe65edfce7003bec90bf4aeaec_9101.request.json
 create mode 100644 experiments/unified_contextual_memory/artifacts/evaluation/judges/acb0c7ae4f32e8fafd43bdfb242b648aaa3027fe65edfce7003bec90bf4aeaec_9102.json
 create mode 100644 experiments/unified_contextual_memory/artifacts/evaluation/judges/acb0c7ae4f32e8fafd43bdfb242b648aaa3027fe65edfce7003bec90bf4aeaec_9102.request.json
 create mode 100644 experiments/unified_contextual_memory/artifacts/evaluation/judges/acb0c7ae4f32e8fafd43bdfb242b648aaa3027fe65edfce7003bec90bf4aeaec_9200.json
 create mode 100644 experiments/unified_contextual_memory/artifacts/evaluation/judges/acb0c7ae4f32e8fafd43bdfb242b648aaa3027fe65edfce7003bec90bf4aeaec_9200.request.json
 create mode 100644 experiments/unified_contextual_memory/artifacts/evaluation/judges/acc2b9fc6164773879402716414cc291a8b94caf9d8712a04dbe57681adb422a_9100.json
 create mode 100644 experiments/unified_contextual_memory/artifacts/evaluation/judges/acc2b9fc6164773879402716414cc291a8b94caf9d8712a04dbe57681adb422a_9100.request.json
 create mode 100644 experiments/unified_contextual_memory/artifacts/evaluation/judges/acc2b9fc6164773879402716414cc291a8b94caf9d8712a04dbe57681adb422a_9101.json
 create mode 100644 experiments/unified_contextual_memory/artifacts/evaluation/judges/acc2b9fc6164773879402716414cc291a8b94caf9d8712a04dbe57681adb422a_9101.request.json
 create mode 100644 experiments/unified_contextual_memory/artifacts/evaluation/judges/acc2b9fc6164773879402716414cc291a8b94caf9d8712a04dbe57681adb422a_9102.json
 create mode 100644 experiments/unified_contextual_memory/artifacts/evaluation/judges/acc2b9fc6164773879402716414cc291a8b94caf9d8712a04dbe57681adb422a_9102.request.json
 create mode 100644 experiments/unified_contextual_memory/artifacts/evaluation/judges/acc2b9fc6164773879402716414cc291a8b94caf9d8712a04dbe57681adb422a_9200.json
 create mode 100644 experiments/unified_contextual_memory/artifacts/evaluation/judges/acc2b9fc6164773879402716414cc291a8b94caf9d8712a04dbe57681adb422a_9200.request.json
 create mode 100644 experiments/unified_contextual_memory/artifacts/evaluation/judges/acd083e3cc0cb05efaf272e89be27b364ac6f7f7c30eec807196804e5e4b384c_9100.json
 create mode 100644 experiments/unified_contextual_memory/artifacts/evaluation/judges/acd083e3cc0cb05efaf272e89be27b364ac6f7f7c30eec807196804e5e4b384c_9100.request.json
 create mode 100644 experiments/unified_contextual_memory/artifacts/evaluation/judges/acd083e3cc0cb05efaf272e89be27b364ac6f7f7c30eec807196804e5e4b384c_9101.json
 create mode 100644 experiments/unified_contextual_memory/artifacts/evaluation/judges/acd083e3cc0cb05efaf272e89be27b364ac6f7f7c30eec807196804e5e4b384c_9101.request.json
 create mode 100644 experiments/unified_contextual_memory/artifacts/evaluation/judges/acd083e3cc0cb05efaf272e89be27b364ac6f7f7c30eec807196804e5e4b384c_9102.json
 create mode 100644 experiments/unified_contextual_memory/artifacts/evaluation/judges/acd083e3cc0cb05efaf272e89be27b364ac6f7f7c30eec807196804e5e4b384c_9102.request.json
 create mode 100644 experiments/unified_contextual_memory/artifacts/evaluation/judges/acd083e3cc0cb05efaf272e89be27b364ac6f7f7c30eec807196804e5e4b384c_9200.json
 create mode 100644 experiments/unified_contextual_memory/artifacts/evaluation/judges/acd083e3cc0cb05efaf272e89be27b364ac6f7f7c30eec807196804e5e4b384c_9200.request.json
 create mode 100644 experiments/unified_contextual_memory/artifacts/evaluation/judges/acedc895602a0dd65a87d67b92f3ff7833f279f8cb4b4a0d9ccf5dc40e1e542f_9100.json
 create mode 100644 experiments/unified_contextual_memory/artifacts/evaluation/judges/acedc895602a0dd65a87d67b92f3ff7833f279f8cb4b4a0d9ccf5dc40e1e542f_9100.request.json
 create mode 100644 experiments/unified_contextual_memory/artifacts/evaluation/judges/acedc895602a0dd65a87d67b92f3ff7833f279f8cb4b4a0d9ccf5dc40e1e542f_9101.json
 create mode 100644 experiments/unified_contextual_memory/artifacts/evaluation/judges/acedc895602a0dd65a87d67b92f3ff7833f279f8cb4b4a0d9ccf5dc40e1e542f_9101.request.json
 create mode 100644 experiments/unified_contextual_memory/artifacts/evaluation/judges/acedc895602a0dd65a87d67b92f3ff7833f279f8cb4b4a0d9ccf5dc40e1e542f_9102.json
 create mode 100644 experiments/unified_contextual_memory/artifacts/evaluation/judges/acedc895602a0dd65a87d67b92f3ff7833f279f8cb4b4a0d9ccf5dc40e1e542f_9102.request.json
 create mode 100644 experiments/unified_contextual_memory/artifacts/evaluation/judges/acedc895602a0dd65a87d67b92f3ff7833f279f8cb4b4a0d9ccf5dc40e1e542f_9200.json
 create mode 100644 experiments/unified_contextual_memory/artifacts/evaluation/judges/acedc895602a0dd65a87d67b92f3ff7833f279f8cb4b4a0d9ccf5dc40e1e542f_9200.request.json
 create mode 100644 experiments/unified_contextual_memory/artifacts/evaluation/judges/ad42f312433df94338d422abed6f32c15e9dc973963fa05debed610f66c930b1_9100.json
 create mode 100644 experiments/unified_contextual_memory/artifacts/evaluation/judges/ad42f312433df94338d422abed6f32c15e9dc973963fa05debed610f66c930b1_9100.request.json
 create mode 100644 experiments/unified_contextual_memory/artifacts/evaluation/judges/ad42f312433df94338d422abed6f32c15e9dc973963fa05debed610f66c930b1_9101.json
 create mode 100644 experiments/unified_contextual_memory/artifacts/evaluation/judges/ad42f312433df94338d422abed6f32c15e9dc973963fa05debed610f66c930b1_9101.request.json
 create mode 100644 experiments/unified_contextual_memory/artifacts/evaluation/judges/ad42f312433df94338d422abed6f32c15e9dc973963fa05debed610f66c930b1_9102.json
 create mode 100644 experiments/unified_contextual_memory/artifacts/evaluation/judges/ad42f312433df94338d422abed6f32c15e9dc973963fa05debed610f66c930b1_9102.request.json
 create mode 100644 experiments/unified_contextual_memory/artifacts/evaluation/judges/ad42f312433df94338d422abed6f32c15e9dc973963fa05debed610f66c930b1_9200.json
 create mode 100644 experiments/unified_contextual_memory/artifacts/evaluation/judges/ad42f312433df94338d422abed6f32c15e9dc973963fa05debed610f66c930b1_9200.request.json
 create mode 100644 experiments/unified_contextual_memory/artifacts/evaluation/judges/adb383bd9c4fde5fc0bb3a1eb5d7bde06d18fc216bd95a4bae05f1140481d27f_9100.json
 create mode 100644 experiments/unified_contextual_memory/artifacts/evaluation/judges/adb383bd9c4fde5fc0bb3a1eb5d7bde06d18fc216bd95a4bae05f1140481d27f_9100.request.json
 create mode 100644 experiments/unified_contextual_memory/artifacts/evaluation/judges/adb383bd9c4fde5fc0bb3a1eb5d7bde06d18fc216bd95a4bae05f1140481d27f_9101.json
 create mode 100644 experiments/unified_contextual_memory/artifacts/evaluation/judges/adb383bd9c4fde5fc0bb3a1eb5d7bde06d18fc216bd95a4bae05f1140481d27f_9101.request.json
 create mode 100644 experiments/unified_contextual_memory/artifacts/evaluation/judges/adb383bd9c4fde5fc0bb3a1eb5d7bde06d18fc216bd95a4bae05f1140481d27f_9102.json
 create mode 100644 experiments/unified_contextual_memory/artifacts/evaluation/judges/adb383bd9c4fde5fc0bb3a1eb5d7bde06d18fc216bd95a4bae05f1140481d27f_9102.request.json
 create mode 100644 experiments/unified_contextual_memory/artifacts/evaluation/judges/adb383bd9c4fde5fc0bb3a1eb5d7bde06d18fc216bd95a4bae05f1140481d27f_9200.json
 create mode 100644 experiments/unified_contextual_memory/artifacts/evaluation/judges/adb383bd9c4fde5fc0bb3a1eb5d7bde06d18fc216bd95a4bae05f1140481d27f_9200.request.json
 create mode 100644 experiments/unified_contextual_memory/artifacts/evaluation/judges/ae12a06eb06fcc2c19c6d018a8a3b8fdf5616c393fca69385e8108ce156ec6f3_9100.json
 create mode 100644 experiments/unified_contextual_memory/artifacts/evaluation/judges/ae12a06eb06fcc2c19c6d018a8a3b8fdf5616c393fca69385e8108ce156ec6f3_9100.request.json
 create mode 100644 experiments/unified_contextual_memory/artifacts/evaluation/judges/ae12a06eb06fcc2c19c6d018a8a3b8fdf5616c393fca69385e8108ce156ec6f3_9101.json
 create mode 100644 experiments/unified_contextual_memory/artifacts/evaluation/judges/ae12a06eb06fcc2c19c6d018a8a3b8fdf5616c393fca69385e8108ce156ec6f3_9101.request.json
 create mode 100644 experiments/unified_contextual_memory/artifacts/evaluation/judges/ae12a06eb06fcc2c19c6d018a8a3b8fdf5616c393fca69385e8108ce156ec6f3_9102.json
 create mode 100644 experiments/unified_contextual_memory/artifacts/evaluation/judges/ae12a06eb06fcc2c19c6d018a8a3b8fdf5616c393fca69385e8108ce156ec6f3_9102.request.json
 create mode 100644 experiments/unified_contextual_memory/artifacts/evaluation/judges/ae12a06eb06fcc2c19c6d018a8a3b8fdf5616c393fca69385e8108ce156ec6f3_9200.json
 create mode 100644 experiments/unified_contextual_memory/artifacts/evaluation/judges/ae12a06eb06fcc2c19c6d018a8a3b8fdf5616c393fca69385e8108ce156ec6f3_9200.request.json
 create mode 100644 experiments/unified_contextual_memory/artifacts/evaluation/judges/ae467df70344f7336afb58a52e756f474b1a77fbe9e18e5e82a869b181a9a163_9100.json
 create mode 100644 experiments/unified_contextual_memory/artifacts/evaluation/judges/ae467df70344f7336afb58a52e756f474b1a77fbe9e18e5e82a869b181a9a163_9100.request.json
 create mode 100644 experiments/unified_contextual_memory/artifacts/evaluation/judges/ae467df70344f7336afb58a52e756f474b1a77fbe9e18e5e82a869b181a9a163_9101.json
 create mode 100644 experiments/unified_contextual_memory/artifacts/evaluation/judges/ae467df70344f7336afb58a52e756f474b1a77fbe9e18e5e82a869b181a9a163_9101.request.json
 create mode 100644 experiments/unified_contextual_memory/artifacts/evaluation/judges/ae467df70344f7336afb58a52e756f474b1a77fbe9e18e5e82a869b181a9a163_9102.json
 create mode 100644 experiments/unified_contextual_memory/artifacts/evaluation/judges/ae467df70344f7336afb58a52e756f474b1a77fbe9e18e5e82a869b181a9a163_9102.request.json
 create mode 100644 experiments/unified_contextual_memory/artifacts/evaluation/judges/ae467df70344f7336afb58a52e756f474b1a77fbe9e18e5e82a869b181a9a163_9200.json
 create mode 100644 experiments/unified_contextual_memory/artifacts/evaluation/judges/ae467df70344f7336afb58a52e756f474b1a77fbe9e18e5e82a869b181a9a163_9200.request.json
 create mode 100644 experiments/unified_contextual_memory/artifacts/evaluation/judges/aeeab9a68569ea7da65c3a157ad85792b1f56be9e66ef4ee999fc8a45f41e473_9100.json
 create mode 100644 experiments/unified_contextual_memory/artifacts/evaluation/judges/aeeab9a68569ea7da65c3a157ad85792b1f56be9e66ef4ee999fc8a45f41e473_9100.request.json
 create mode 100644 experiments/unified_contextual_memory/artifacts/evaluation/judges/aeeab9a68569ea7da65c3a157ad85792b1f56be9e66ef4ee999fc8a45f41e473_9101.json
 create mode 100644 experiments/unified_contextual_memory/artifacts/evaluation/judges/aeeab9a68569ea7da65c3a157ad85792b1f56be9e66ef4ee999fc8a45f41e473_9101.request.json
 create mode 100644 experiments/unified_contextual_memory/artifacts/evaluation/judges/aeeab9a68569ea7da65c3a157ad85792b1f56be9e66ef4ee999fc8a45f41e473_9102.json
 create mode 100644 experiments/unified_contextual_memory/artifacts/evaluation/judges/aeeab9a68569ea7da65c3a157ad85792b1f56be9e66ef4ee999fc8a45f41e473_9102.request.json
 create mode 100644 experiments/unified_contextual_memory/artifacts/evaluation/judges/aeeab9a68569ea7da65c3a157ad85792b1f56be9e66ef4ee999fc8a45f41e473_9200.json
 create mode 100644 experiments/unified_contextual_memory/artifacts/evaluation/judges/aeeab9a68569ea7da65c3a157ad85792b1f56be9e66ef4ee999fc8a45f41e473_9200.request.json
 create mode 100644 experiments/unified_contextual_memory/artifacts/evaluation/judges/af1c0a702bc0662665eba8c829d65ba0d108f7a191920872afaf03dafe2d28c7_9100.json
 create mode 100644 experiments/unified_contextual_memory/artifacts/evaluation/judges/af1c0a702bc0662665eba8c829d65ba0d108f7a191920872afaf03dafe2d28c7_9100.request.json
 create mode 100644 experiments/unified_contextual_memory/artifacts/evaluation/judges/af1c0a702bc0662665eba8c829d65ba0d108f7a191920872afaf03dafe2d28c7_9101.json
 create mode 100644 experiments/unified_contextual_memory/artifacts/evaluation/judges/af1c0a702bc0662665eba8c829d65ba0d108f7a191920872afaf03dafe2d28c7_9101.request.json
 create mode 100644 experiments/unified_contextual_memory/artifacts/evaluation/judges/af1c0a702bc0662665eba8c829d65ba0d108f7a191920872afaf03dafe2d28c7_9102.json
 create mode 100644 experiments/unified_contextual_memory/artifacts/evaluation/judges/af1c0a702bc0662665eba8c829d65ba0d108f7a191920872afaf03dafe2d28c7_9102.request.json
 create mode 100644 experiments/unified_contextual_memory/artifacts/evaluation/judges/af1c0a702bc0662665eba8c829d65ba0d108f7a191920872afaf03dafe2d28c7_9200.json
 create mode 100644 experiments/unified_contextual_memory/artifacts/evaluation/judges/af1c0a702bc0662665eba8c829d65ba0d108f7a191920872afaf03dafe2d28c7_9200.request.json
 create mode 100644 experiments/unified_contextual_memory/artifacts/evaluation/judges/af6c7867cf8f01c142b59301ff7c67817635beee84f744b16a46eed5cca84a83_9100.json
 create mode 100644 experiments/unified_contextual_memory/artifacts/evaluation/judges/af6c7867cf8f01c142b59301ff7c67817635beee84f744b16a46eed5cca84a83_9100.request.json
 create mode 100644 experiments/unified_contextual_memory/artifacts/evaluation/judges/af6c7867cf8f01c142b59301ff7c67817635beee84f744b16a46eed5cca84a83_9101.json
 create mode 100644 experiments/unified_contextual_memory/artifacts/evaluation/judges/af6c7867cf8f01c142b59301ff7c67817635beee84f744b16a46eed5cca84a83_9101.request.json
 create mode 100644 experiments/unified_contextual_memory/artifacts/evaluation/judges/af6c7867cf8f01c142b59301ff7c67817635beee84f744b16a46eed5cca84a83_9102.json
 create mode 100644 experiments/unified_contextual_memory/artifacts/evaluation/judges/af6c7867cf8f01c142b59301ff7c67817635beee84f744b16a46eed5cca84a83_9102.request.json
 create mode 100644 experiments/unified_contextual_memory/artifacts/evaluation/judges/af6c7867cf8f01c142b59301ff7c67817635beee84f744b16a46eed5cca84a83_9200.json
 create mode 100644 experiments/unified_contextual_memory/artifacts/evaluation/judges/af6c7867cf8f01c142b59301ff7c67817635beee84f744b16a46eed5cca84a83_9200.request.json
 create mode 100644 experiments/unified_contextual_memory/artifacts/evaluation/judges/b089d7adee35ea66c8cff99a4a444012f40fd9e7e0103bff1cc7ffacf27851a3_9100.json
 create mode 100644 experiments/unified_contextual_memory/artifacts/evaluation/judges/b089d7adee35ea66c8cff99a4a444012f40fd9e7e0103bff1cc7ffacf27851a3_9100.request.json
 create mode 100644 experiments/unified_contextual_memory/artifacts/evaluation/judges/b089d7adee35ea66c8cff99a4a444012f40fd9e7e0103bff1cc7ffacf27851a3_9101.json
 create mode 100644 experiments/unified_contextual_memory/artifacts/evaluation/judges/b089d7adee35ea66c8cff99a4a444012f40fd9e7e0103bff1cc7ffacf27851a3_9101.request.json
 create mode 100644 experiments/unified_contextual_memory/artifacts/evaluation/judges/b089d7adee35ea66c8cff99a4a444012f40fd9e7e0103bff1cc7ffacf27851a3_9102.json
 create mode 100644 experiments/unified_contextual_memory/artifacts/evaluation/judges/b089d7adee35ea66c8cff99a4a444012f40fd9e7e0103bff1cc7ffacf27851a3_9102.request.json
 create mode 100644 experiments/unified_contextual_memory/artifacts/evaluation/judges/b089d7adee35ea66c8cff99a4a444012f40fd9e7e0103bff1cc7ffacf27851a3_9200.json
 create mode 100644 experiments/unified_contextual_memory/artifacts/evaluation/judges/b089d7adee35ea66c8cff99a4a444012f40fd9e7e0103bff1cc7ffacf27851a3_9200.request.json
 create mode 100644 experiments/unified_contextual_memory/artifacts/evaluation/judges/b160c10d10fb1ad6948a80144ff4296e224e8ed23228eebd2bb686018488d93d_9100.json
 create mode 100644 experiments/unified_contextual_memory/artifacts/evaluation/judges/b160c10d10fb1ad6948a80144ff4296e224e8ed23228eebd2bb686018488d93d_9100.request.json
 create mode 100644 experiments/unified_contextual_memory/artifacts/evaluation/judges/b160c10d10fb1ad6948a80144ff4296e224e8ed23228eebd2bb686018488d93d_9101.json
 create mode 100644 experiments/unified_contextual_memory/artifacts/evaluation/judges/b160c10d10fb1ad6948a80144ff4296e224e8ed23228eebd2bb686018488d93d_9101.request.json
 create mode 100644 experiments/unified_contextual_memory/artifacts/evaluation/judges/b160c10d10fb1ad6948a80144ff4296e224e8ed23228eebd2bb686018488d93d_9102.json
 create mode 100644 experiments/unified_contextual_memory/artifacts/evaluation/judges/b160c10d10fb1ad6948a80144ff4296e224e8ed23228eebd2bb686018488d93d_9102.request.json
 create mode 100644 experiments/unified_contextual_memory/artifacts/evaluation/judges/b160c10d10fb1ad6948a80144ff4296e224e8ed23228eebd2bb686018488d93d_9200.json
 create mode 100644 experiments/unified_contextual_memory/artifacts/evaluation/judges/b160c10d10fb1ad6948a80144ff4296e224e8ed23228eebd2bb686018488d93d_9200.request.json
 create mode 100644 experiments/unified_contextual_memory/artifacts/evaluation/judges/b1bd0b053ea696735f78584c783f9d91e9e561ab03454033a0fc7f11353989f8_9100.json
 create mode 100644 experiments/unified_contextual_memory/artifacts/evaluation/judges/b1bd0b053ea696735f78584c783f9d91e9e561ab03454033a0fc7f11353989f8_9100.request.json
 create mode 100644 experiments/unified_contextual_memory/artifacts/evaluation/judges/b1bd0b053ea696735f78584c783f9d91e9e561ab03454033a0fc7f11353989f8_9101.json
 create mode 100644 experiments/unified_contextual_memory/artifacts/evaluation/judges/b1bd0b053ea696735f78584c783f9d91e9e561ab03454033a0fc7f11353989f8_9101.request.json
 create mode 100644 experiments/unified_contextual_memory/artifacts/evaluation/judges/b1bd0b053ea696735f78584c783f9d91e9e561ab03454033a0fc7f11353989f8_9102.json
 create mode 100644 experiments/unified_contextual_memory/artifacts/evaluation/judges/b1bd0b053ea696735f78584c783f9d91e9e561ab03454033a0fc7f11353989f8_9102.request.json
 create mode 100644 experiments/unified_contextual_memory/artifacts/evaluation/judges/b1bd0b053ea696735f78584c783f9d91e9e561ab03454033a0fc7f11353989f8_9200.json
 create mode 100644 experiments/unified_contextual_memory/artifacts/evaluation/judges/b1bd0b053ea696735f78584c783f9d91e9e561ab03454033a0fc7f11353989f8_9200.request.json
 create mode 100644 experiments/unified_contextual_memory/artifacts/evaluation/judges/b1ecb34717de7045dfd24120511e305fad05bdbc99ddec86b293f01514219e3e_9100.json
 create mode 100644 experiments/unified_contextual_memory/artifacts/evaluation/judges/b1ecb34717de7045dfd24120511e305fad05bdbc99ddec86b293f01514219e3e_9100.request.json
 create mode 100644 experiments/unified_contextual_memory/artifacts/evaluation/judges/b1ecb34717de7045dfd24120511e305fad05bdbc99ddec86b293f01514219e3e_9101.json
 create mode 100644 experiments/unified_contextual_memory/artifacts/evaluation/judges/b1ecb34717de7045dfd24120511e305fad05bdbc99ddec86b293f01514219e3e_9101.request.json
 create mode 100644 experiments/unified_contextual_memory/artifacts/evaluation/judges/b1ecb34717de7045dfd24120511e305fad05bdbc99ddec86b293f01514219e3e_9102.json
 create mode 100644 experiments/unified_contextual_memory/artifacts/evaluation/judges/b1ecb34717de7045dfd24120511e305fad05bdbc99ddec86b293f01514219e3e_9102.request.json
 create mode 100644 experiments/unified_contextual_memory/artifacts/evaluation/judges/b1ecb34717de7045dfd24120511e305fad05bdbc99ddec86b293f01514219e3e_9200.json
 create mode 100644 experiments/unified_contextual_memory/artifacts/evaluation/judges/b1ecb34717de7045dfd24120511e305fad05bdbc99ddec86b293f01514219e3e_9200.request.json
 create mode 100644 experiments/unified_contextual_memory/artifacts/evaluation/judges/b243f7c865d94e06af69fc54647511f8ab269d5dfa89a9ea46532f96bf636972_9100.json
 create mode 100644 experiments/unified_contextual_memory/artifacts/evaluation/judges/b243f7c865d94e06af69fc54647511f8ab269d5dfa89a9ea46532f96bf636972_9100.request.json
 create mode 100644 experiments/unified_contextual_memory/artifacts/evaluation/judges/b243f7c865d94e06af69fc54647511f8ab269d5dfa89a9ea46532f96bf636972_9101.json
 create mode 100644 experiments/unified_contextual_memory/artifacts/evaluation/judges/b243f7c865d94e06af69fc54647511f8ab269d5dfa89a9ea46532f96bf636972_9101.request.json
 create mode 100644 experiments/unified_contextual_memory/artifacts/evaluation/judges/b243f7c865d94e06af69fc54647511f8ab269d5dfa89a9ea46532f96bf636972_9102.json
 create mode 100644 experiments/unified_contextual_memory/artifacts/evaluation/judges/b243f7c865d94e06af69fc54647511f8ab269d5dfa89a9ea46532f96bf636972_9102.request.json
 create mode 100644 experiments/unified_contextual_memory/artifacts/evaluation/judges/b243f7c865d94e06af69fc54647511f8ab269d5dfa89a9ea46532f96bf636972_9200.json
 create mode 100644 experiments/unified_contextual_memory/artifacts/evaluation/judges/b243f7c865d94e06af69fc54647511f8ab269d5dfa89a9ea46532f96bf636972_9200.request.json
 create mode 100644 experiments/unified_contextual_memory/artifacts/evaluation/judges/b2573c75ce1b1f882961c2274458d523a6e5767c16a1ef5d981f0b42c55e95a3_9100.json
 create mode 100644 experiments/unified_contextual_memory/artifacts/evaluation/judges/b2573c75ce1b1f882961c2274458d523a6e5767c16a1ef5d981f0b42c55e95a3_9100.request.json
 create mode 100644 experiments/unified_contextual_memory/artifacts/evaluation/judges/b2573c75ce1b1f882961c2274458d523a6e5767c16a1ef5d981f0b42c55e95a3_9101.json
 create mode 100644 experiments/unified_contextual_memory/artifacts/evaluation/judges/b2573c75ce1b1f882961c2274458d523a6e5767c16a1ef5d981f0b42c55e95a3_9101.request.json
 create mode 100644 experiments/unified_contextual_memory/artifacts/evaluation/judges/b2573c75ce1b1f882961c2274458d523a6e5767c16a1ef5d981f0b42c55e95a3_9102.json
 create mode 100644 experiments/unified_contextual_memory/artifacts/evaluation/judges/b2573c75ce1b1f882961c2274458d523a6e5767c16a1ef5d981f0b42c55e95a3_9102.request.json
 create mode 100644 experiments/unified_contextual_memory/artifacts/evaluation/judges/b2573c75ce1b1f882961c2274458d523a6e5767c16a1ef5d981f0b42c55e95a3_9200.json
 create mode 100644 experiments/unified_contextual_memory/artifacts/evaluation/judges/b2573c75ce1b1f882961c2274458d523a6e5767c16a1ef5d981f0b42c55e95a3_9200.request.json
 create mode 100644 experiments/unified_contextual_memory/artifacts/evaluation/judges/b2b8e234038c68abc45e77a6885cad0c58bb06a87d63e75617d46007c796340c_9100.json
 create mode 100644 experiments/unified_contextual_memory/artifacts/evaluation/judges/b2b8e234038c68abc45e77a6885cad0c58bb06a87d63e75617d46007c796340c_9100.request.json
 create mode 100644 experiments/unified_contextual_memory/artifacts/evaluation/judges/b2b8e234038c68abc45e77a6885cad0c58bb06a87d63e75617d46007c796340c_9101.json
 create mode 100644 experiments/unified_contextual_memory/artifacts/evaluation/judges/b2b8e234038c68abc45e77a6885cad0c58bb06a87d63e75617d46007c796340c_9101.request.json
 create mode 100644 experiments/unified_contextual_memory/artifacts/evaluation/judges/b2b8e234038c68abc45e77a6885cad0c58bb06a87d63e75617d46007c796340c_9102.json
 create mode 100644 experiments/unified_contextual_memory/artifacts/evaluation/judges/b2b8e234038c68abc45e77a6885cad0c58bb06a87d63e75617d46007c796340c_9102.request.json
 create mode 100644 experiments/unified_contextual_memory/artifacts/evaluation/judges/b2b8e234038c68abc45e77a6885cad0c58bb06a87d63e75617d46007c796340c_9200.json
 create mode 100644 experiments/unified_contextual_memory/artifacts/evaluation/judges/b2b8e234038c68abc45e77a6885cad0c58bb06a87d63e75617d46007c796340c_9200.request.json
 create mode 100644 experiments/unified_contextual_memory/artifacts/evaluation/judges/b31671fdaeb2b00b6a95fec76e0c428b1e5f1d9252c0753147f6803e4ca3b1b0_9100.json
 create mode 100644 experiments/unified_contextual_memory/artifacts/evaluation/judges/b31671fdaeb2b00b6a95fec76e0c428b1e5f1d9252c0753147f6803e4ca3b1b0_9100.request.json
 create mode 100644 experiments/unified_contextual_memory/artifacts/evaluation/judges/b31671fdaeb2b00b6a95fec76e0c428b1e5f1d9252c0753147f6803e4ca3b1b0_9101.json
 create mode 100644 experiments/unified_contextual_memory/artifacts/evaluation/judges/b31671fdaeb2b00b6a95fec76e0c428b1e5f1d9252c0753147f6803e4ca3b1b0_9101.request.json
 create mode 100644 experiments/unified_contextual_memory/artifacts/evaluation/judges/b31671fdaeb2b00b6a95fec76e0c428b1e5f1d9252c0753147f6803e4ca3b1b0_9102.json
 create mode 100644 experiments/unified_contextual_memory/artifacts/evaluation/judges/b31671fdaeb2b00b6a95fec76e0c428b1e5f1d9252c0753147f6803e4ca3b1b0_9102.request.json
 create mode 100644 experiments/unified_contextual_memory/artifacts/evaluation/judges/b31671fdaeb2b00b6a95fec76e0c428b1e5f1d9252c0753147f6803e4ca3b1b0_9200.json
 create mode 100644 experiments/unified_contextual_memory/artifacts/evaluation/judges/b31671fdaeb2b00b6a95fec76e0c428b1e5f1d9252c0753147f6803e4ca3b1b0_9200.request.json
 create mode 100644 experiments/unified_contextual_memory/artifacts/evaluation/judges/b35bf3648de3e17c87c625cf8cdab4cba1e7d30d9dd11b8931c2825f949e8e10_9100.json
 create mode 100644 experiments/unified_contextual_memory/artifacts/evaluation/judges/b35bf3648de3e17c87c625cf8cdab4cba1e7d30d9dd11b8931c2825f949e8e10_9100.request.json
 create mode 100644 experiments/unified_contextual_memory/artifacts/evaluation/judges/b35bf3648de3e17c87c625cf8cdab4cba1e7d30d9dd11b8931c2825f949e8e10_9101.json
 create mode 100644 experiments/unified_contextual_memory/artifacts/evaluation/judges/b35bf3648de3e17c87c625cf8cdab4cba1e7d30d9dd11b8931c2825f949e8e10_9101.request.json
 create mode 100644 experiments/unified_contextual_memory/artifacts/evaluation/judges/b35bf3648de3e17c87c625cf8cdab4cba1e7d30d9dd11b8931c2825f949e8e10_9102.json
 create mode 100644 experiments/unified_contextual_memory/artifacts/evaluation/judges/b35bf3648de3e17c87c625cf8cdab4cba1e7d30d9dd11b8931c2825f949e8e10_9102.request.json
 create mode 100644 experiments/unified_contextual_memory/artifacts/evaluation/judges/b35bf3648de3e17c87c625cf8cdab4cba1e7d30d9dd11b8931c2825f949e8e10_9200.json
 create mode 100644 experiments/unified_contextual_memory/artifacts/evaluation/judges/b35bf3648de3e17c87c625cf8cdab4cba1e7d30d9dd11b8931c2825f949e8e10_9200.request.json
 create mode 100644 experiments/unified_contextual_memory/artifacts/evaluation/judges/b368b928edcd2d6562b8dbea74e38b28ae19aa18d2976bb90d2b6880df3b004c_9100.json
 create mode 100644 experiments/unified_contextual_memory/artifacts/evaluation/judges/b368b928edcd2d6562b8dbea74e38b28ae19aa18d2976bb90d2b6880df3b004c_9100.request.json
 create mode 100644 experiments/unified_contextual_memory/artifacts/evaluation/judges/b368b928edcd2d6562b8dbea74e38b28ae19aa18d2976bb90d2b6880df3b004c_9101.json
 create mode 100644 experiments/unified_contextual_memory/artifacts/evaluation/judges/b368b928edcd2d6562b8dbea74e38b28ae19aa18d2976bb90d2b6880df3b004c_9101.request.json
 create mode 100644 experiments/unified_contextual_memory/artifacts/evaluation/judges/b368b928edcd2d6562b8dbea74e38b28ae19aa18d2976bb90d2b6880df3b004c_9102.json
 create mode 100644 experiments/unified_contextual_memory/artifacts/evaluation/judges/b368b928edcd2d6562b8dbea74e38b28ae19aa18d2976bb90d2b6880df3b004c_9102.request.json
 create mode 100644 experiments/unified_contextual_memory/artifacts/evaluation/judges/b368b928edcd2d6562b8dbea74e38b28ae19aa18d2976bb90d2b6880df3b004c_9200.json
 create mode 100644 experiments/unified_contextual_memory/artifacts/evaluation/judges/b368b928edcd2d6562b8dbea74e38b28ae19aa18d2976bb90d2b6880df3b004c_9200.request.json
 create mode 100644 experiments/unified_contextual_memory/artifacts/evaluation/judges/b3b8e9db18c22da4d958bae41bd4807b83982b4f53601e6086d322d492d75970_9100.json
 create mode 100644 experiments/unified_contextual_memory/artifacts/evaluation/judges/b3b8e9db18c22da4d958bae41bd4807b83982b4f53601e6086d322d492d75970_9100.request.json
 create mode 100644 experiments/unified_contextual_memory/artifacts/evaluation/judges/b3b8e9db18c22da4d958bae41bd4807b83982b4f53601e6086d322d492d75970_9101.json
 create mode 100644 experiments/unified_contextual_memory/artifacts/evaluation/judges/b3b8e9db18c22da4d958bae41bd4807b83982b4f53601e6086d322d492d75970_9101.request.json
 create mode 100644 experiments/unified_contextual_memory/artifacts/evaluation/judges/b3b8e9db18c22da4d958bae41bd4807b83982b4f53601e6086d322d492d75970_9102.json
 create mode 100644 experiments/unified_contextual_memory/artifacts/evaluation/judges/b3b8e9db18c22da4d958bae41bd4807b83982b4f53601e6086d322d492d75970_9102.request.json
 create mode 100644 experiments/unified_contextual_memory/artifacts/evaluation/judges/b3b8e9db18c22da4d958bae41bd4807b83982b4f53601e6086d322d492d75970_9200.json
 create mode 100644 experiments/unified_contextual_memory/artifacts/evaluation/judges/b3b8e9db18c22da4d958bae41bd4807b83982b4f53601e6086d322d492d75970_9200.request.json
 create mode 100644 experiments/unified_contextual_memory/artifacts/evaluation/judges/b3e978e6ff05e4efd17595f86b24c49f62bb800e95fed73dce508ae4dc0dfa35_9100.json
 create mode 100644 experiments/unified_contextual_memory/artifacts/evaluation/judges/b3e978e6ff05e4efd17595f86b24c49f62bb800e95fed73dce508ae4dc0dfa35_9100.request.json
 create mode 100644 experiments/unified_contextual_memory/artifacts/evaluation/judges/b3e978e6ff05e4efd17595f86b24c49f62bb800e95fed73dce508ae4dc0dfa35_9101.json
 create mode 100644 experiments/unified_contextual_memory/artifacts/evaluation/judges/b3e978e6ff05e4efd17595f86b24c49f62bb800e95fed73dce508ae4dc0dfa35_9101.request.json
 create mode 100644 experiments/unified_contextual_memory/artifacts/evaluation/judges/b3e978e6ff05e4efd17595f86b24c49f62bb800e95fed73dce508ae4dc0dfa35_9102.json
 create mode 100644 experiments/unified_contextual_memory/artifacts/evaluation/judges/b3e978e6ff05e4efd17595f86b24c49f62bb800e95fed73dce508ae4dc0dfa35_9102.request.json
 create mode 100644 experiments/unified_contextual_memory/artifacts/evaluation/judges/b3e978e6ff05e4efd17595f86b24c49f62bb800e95fed73dce508ae4dc0dfa35_9200.json
 create mode 100644 experiments/unified_contextual_memory/artifacts/evaluation/judges/b3e978e6ff05e4efd17595f86b24c49f62bb800e95fed73dce508ae4dc0dfa35_9200.request.json
 create mode 100644 experiments/unified_contextual_memory/artifacts/evaluation/judges/b4015f438e70a5c724dc1ee628669f00e5fc8f2649cfc3c6b2f6d7bc45140f40_9100.json
 create mode 100644 experiments/unified_contextual_memory/artifacts/evaluation/judges/b4015f438e70a5c724dc1ee628669f00e5fc8f2649cfc3c6b2f6d7bc45140f40_9100.request.json
 create mode 100644 experiments/unified_contextual_memory/artifacts/evaluation/judges/b4015f438e70a5c724dc1ee628669f00e5fc8f2649cfc3c6b2f6d7bc45140f40_9101.json
 create mode 100644 experiments/unified_contextual_memory/artifacts/evaluation/judges/b4015f438e70a5c724dc1ee628669f00e5fc8f2649cfc3c6b2f6d7bc45140f40_9101.request.json
 create mode 100644 experiments/unified_contextual_memory/artifacts/evaluation/judges/b4015f438e70a5c724dc1ee628669f00e5fc8f2649cfc3c6b2f6d7bc45140f40_9102.json
 create mode 100644 experiments/unified_contextual_memory/artifacts/evaluation/judges/b4015f438e70a5c724dc1ee628669f00e5fc8f2649cfc3c6b2f6d7bc45140f40_9102.request.json
 create mode 100644 experiments/unified_contextual_memory/artifacts/evaluation/judges/b4015f438e70a5c724dc1ee628669f00e5fc8f2649cfc3c6b2f6d7bc45140f40_9200.json
 create mode 100644 experiments/unified_contextual_memory/artifacts/evaluation/judges/b4015f438e70a5c724dc1ee628669f00e5fc8f2649cfc3c6b2f6d7bc45140f40_9200.request.json
 create mode 100644 experiments/unified_contextual_memory/artifacts/evaluation/judges/b42418e5ec892fdbebfe229d9e7d8cf648f7043bd6c45b55fc49cac34bbee87c_9100.json
 create mode 100644 experiments/unified_contextual_memory/artifacts/evaluation/judges/b42418e5ec892fdbebfe229d9e7d8cf648f7043bd6c45b55fc49cac34bbee87c_9100.request.json
 create mode 100644 experiments/unified_contextual_memory/artifacts/evaluation/judges/b42418e5ec892fdbebfe229d9e7d8cf648f7043bd6c45b55fc49cac34bbee87c_9101.json
 create mode 100644 experiments/unified_contextual_memory/artifacts/evaluation/judges/b42418e5ec892fdbebfe229d9e7d8cf648f7043bd6c45b55fc49cac34bbee87c_9101.request.json
 create mode 100644 experiments/unified_contextual_memory/artifacts/evaluation/judges/b42418e5ec892fdbebfe229d9e7d8cf648f7043bd6c45b55fc49cac34bbee87c_9102.json
 create mode 100644 experiments/unified_contextual_memory/artifacts/evaluation/judges/b42418e5ec892fdbebfe229d9e7d8cf648f7043bd6c45b55fc49cac34bbee87c_9102.request.json
 create mode 100644 experiments/unified_contextual_memory/artifacts/evaluation/judges/b42418e5ec892fdbebfe229d9e7d8cf648f7043bd6c45b55fc49cac34bbee87c_9200.json
 create mode 100644 experiments/unified_contextual_memory/artifacts/evaluation/judges/b42418e5ec892fdbebfe229d9e7d8cf648f7043bd6c45b55fc49cac34bbee87c_9200.request.json
 create mode 100644 experiments/unified_contextual_memory/artifacts/evaluation/judges/b45d41ad770974954a5d5fac200c5a02961862886d2431b561c92f5557707851_9100.json
 create mode 100644 experiments/unified_contextual_memory/artifacts/evaluation/judges/b45d41ad770974954a5d5fac200c5a02961862886d2431b561c92f5557707851_9100.request.json
 create mode 100644 experiments/unified_contextual_memory/artifacts/evaluation/judges/b45d41ad770974954a5d5fac200c5a02961862886d2431b561c92f5557707851_9101.json
 create mode 100644 experiments/unified_contextual_memory/artifacts/evaluation/judges/b45d41ad770974954a5d5fac200c5a02961862886d2431b561c92f5557707851_9101.request.json
 create mode 100644 experiments/unified_contextual_memory/artifacts/evaluation/judges/b45d41ad770974954a5d5fac200c5a02961862886d2431b561c92f5557707851_9102.json
 create mode 100644 experiments/unified_contextual_memory/artifacts/evaluation/judges/b45d41ad770974954a5d5fac200c5a02961862886d2431b561c92f5557707851_9102.request.json
 create mode 100644 experiments/unified_contextual_memory/artifacts/evaluation/judges/b45d41ad770974954a5d5fac200c5a02961862886d2431b561c92f5557707851_9200.json
 create mode 100644 experiments/unified_contextual_memory/artifacts/evaluation/judges/b45d41ad770974954a5d5fac200c5a02961862886d2431b561c92f5557707851_9200.request.json
 create mode 100644 experiments/unified_contextual_memory/artifacts/evaluation/judges/b466f60183c95ef75dcd80083ec4f11796f416188053a2d338bb8e8d5b0739a1_9100.json
 create mode 100644 experiments/unified_contextual_memory/artifacts/evaluation/judges/b466f60183c95ef75dcd80083ec4f11796f416188053a2d338bb8e8d5b0739a1_9100.request.json
 create mode 100644 experiments/unified_contextual_memory/artifacts/evaluation/judges/b466f60183c95ef75dcd80083ec4f11796f416188053a2d338bb8e8d5b0739a1_9101.json
 create mode 100644 experiments/unified_contextual_memory/artifacts/evaluation/judges/b466f60183c95ef75dcd80083ec4f11796f416188053a2d338bb8e8d5b0739a1_9101.request.json
 create mode 100644 experiments/unified_contextual_memory/artifacts/evaluation/judges/b466f60183c95ef75dcd80083ec4f11796f416188053a2d338bb8e8d5b0739a1_9102.json
 create mode 100644 experiments/unified_contextual_memory/artifacts/evaluation/judges/b466f60183c95ef75dcd80083ec4f11796f416188053a2d338bb8e8d5b0739a1_9102.request.json
 create mode 100644 experiments/unified_contextual_memory/artifacts/evaluation/judges/b466f60183c95ef75dcd80083ec4f11796f416188053a2d338bb8e8d5b0739a1_9200.json
 create mode 100644 experiments/unified_contextual_memory/artifacts/evaluation/judges/b466f60183c95ef75dcd80083ec4f11796f416188053a2d338bb8e8d5b0739a1_9200.request.json
 create mode 100644 experiments/unified_contextual_memory/artifacts/evaluation/judges/b488c9576358c0455a1a143acdd2ea8953b59afe415830f3b25a91cc9f3c36bb_9100.json
 create mode 100644 experiments/unified_contextual_memory/artifacts/evaluation/judges/b488c9576358c0455a1a143acdd2ea8953b59afe415830f3b25a91cc9f3c36bb_9100.request.json
 create mode 100644 experiments/unified_contextual_memory/artifacts/evaluation/judges/b488c9576358c0455a1a143acdd2ea8953b59afe415830f3b25a91cc9f3c36bb_9101.json
 create mode 100644 experiments/unified_contextual_memory/artifacts/evaluation/judges/b488c9576358c0455a1a143acdd2ea8953b59afe415830f3b25a91cc9f3c36bb_9101.request.json
 create mode 100644 experiments/unified_contextual_memory/artifacts/evaluation/judges/b488c9576358c0455a1a143acdd2ea8953b59afe415830f3b25a91cc9f3c36bb_9102.json
 create mode 100644 experiments/unified_contextual_memory/artifacts/evaluation/judges/b488c9576358c0455a1a143acdd2ea8953b59afe415830f3b25a91cc9f3c36bb_9102.request.json
 create mode 100644 experiments/unified_contextual_memory/artifacts/evaluation/judges/b488c9576358c0455a1a143acdd2ea8953b59afe415830f3b25a91cc9f3c36bb_9200.json
 create mode 100644 experiments/unified_contextual_memory/artifacts/evaluation/judges/b488c9576358c0455a1a143acdd2ea8953b59afe415830f3b25a91cc9f3c36bb_9200.request.json
 create mode 100644 experiments/unified_contextual_memory/artifacts/evaluation/judges/b4958155a4abf8fe33f2cc7f9023f8cc9363ff1b31611de2c0ae12d9272ae222_9100.json
 create mode 100644 experiments/unified_contextual_memory/artifacts/evaluation/judges/b4958155a4abf8fe33f2cc7f9023f8cc9363ff1b31611de2c0ae12d9272ae222_9100.request.json
 create mode 100644 experiments/unified_contextual_memory/artifacts/evaluation/judges/b4958155a4abf8fe33f2cc7f9023f8cc9363ff1b31611de2c0ae12d9272ae222_9101.json
 create mode 100644 experiments/unified_contextual_memory/artifacts/evaluation/judges/b4958155a4abf8fe33f2cc7f9023f8cc9363ff1b31611de2c0ae12d9272ae222_9101.request.json
 create mode 100644 experiments/unified_contextual_memory/artifacts/evaluation/judges/b4958155a4abf8fe33f2cc7f9023f8cc9363ff1b31611de2c0ae12d9272ae222_9102.json
 create mode 100644 experiments/unified_contextual_memory/artifacts/evaluation/judges/b4958155a4abf8fe33f2cc7f9023f8cc9363ff1b31611de2c0ae12d9272ae222_9102.request.json
 create mode 100644 experiments/unified_contextual_memory/artifacts/evaluation/judges/b4958155a4abf8fe33f2cc7f9023f8cc9363ff1b31611de2c0ae12d9272ae222_9200.json
 create mode 100644 experiments/unified_contextual_memory/artifacts/evaluation/judges/b4958155a4abf8fe33f2cc7f9023f8cc9363ff1b31611de2c0ae12d9272ae222_9200.request.json
 create mode 100644 experiments/unified_contextual_memory/artifacts/evaluation/judges/b4bf439b838a5f918db2600a0eb7576538097ba1c3eae72a18ec4bc18c155fa8_9100.json
 create mode 100644 experiments/unified_contextual_memory/artifacts/evaluation/judges/b4bf439b838a5f918db2600a0eb7576538097ba1c3eae72a18ec4bc18c155fa8_9100.request.json
 create mode 100644 experiments/unified_contextual_memory/artifacts/evaluation/judges/b4bf439b838a5f918db2600a0eb7576538097ba1c3eae72a18ec4bc18c155fa8_9101.json
 create mode 100644 experiments/unified_contextual_memory/artifacts/evaluation/judges/b4bf439b838a5f918db2600a0eb7576538097ba1c3eae72a18ec4bc18c155fa8_9101.request.json
 create mode 100644 experiments/unified_contextual_memory/artifacts/evaluation/judges/b4bf439b838a5f918db2600a0eb7576538097ba1c3eae72a18ec4bc18c155fa8_9102.json
 create mode 100644 experiments/unified_contextual_memory/artifacts/evaluation/judges/b4bf439b838a5f918db2600a0eb7576538097ba1c3eae72a18ec4bc18c155fa8_9102.request.json
 create mode 100644 experiments/unified_contextual_memory/artifacts/evaluation/judges/b4bf439b838a5f918db2600a0eb7576538097ba1c3eae72a18ec4bc18c155fa8_9200.json
 create mode 100644 experiments/unified_contextual_memory/artifacts/evaluation/judges/b4bf439b838a5f918db2600a0eb7576538097ba1c3eae72a18ec4bc18c155fa8_9200.request.json
 create mode 100644 experiments/unified_contextual_memory/artifacts/evaluation/judges/b4ddee8f53ae9caabfb5eec155ac867b42bd19d665b24445be0a39e7762935fc_9100.json
 create mode 100644 experiments/unified_contextual_memory/artifacts/evaluation/judges/b4ddee8f53ae9caabfb5eec155ac867b42bd19d665b24445be0a39e7762935fc_9100.request.json
 create mode 100644 experiments/unified_contextual_memory/artifacts/evaluation/judges/b4ddee8f53ae9caabfb5eec155ac867b42bd19d665b24445be0a39e7762935fc_9101.json
 create mode 100644 experiments/unified_contextual_memory/artifacts/evaluation/judges/b4ddee8f53ae9caabfb5eec155ac867b42bd19d665b24445be0a39e7762935fc_9101.request.json
 create mode 100644 experiments/unified_contextual_memory/artifacts/evaluation/judges/b4ddee8f53ae9caabfb5eec155ac867b42bd19d665b24445be0a39e7762935fc_9102.json
 create mode 100644 experiments/unified_contextual_memory/artifacts/evaluation/judges/b4ddee8f53ae9caabfb5eec155ac867b42bd19d665b24445be0a39e7762935fc_9102.request.json
 create mode 100644 experiments/unified_contextual_memory/artifacts/evaluation/judges/b4ddee8f53ae9caabfb5eec155ac867b42bd19d665b24445be0a39e7762935fc_9200.json
 create mode 100644 experiments/unified_contextual_memory/artifacts/evaluation/judges/b4ddee8f53ae9caabfb5eec155ac867b42bd19d665b24445be0a39e7762935fc_9200.request.json
 create mode 100644 experiments/unified_contextual_memory/artifacts/evaluation/judges/b675c29c46a64cbf446889a4e5512c9029e12d64f4101a4bc24f4f383afc8c4b_9100.json
 create mode 100644 experiments/unified_contextual_memory/artifacts/evaluation/judges/b675c29c46a64cbf446889a4e5512c9029e12d64f4101a4bc24f4f383afc8c4b_9100.request.json
 create mode 100644 experiments/unified_contextual_memory/artifacts/evaluation/judges/b675c29c46a64cbf446889a4e5512c9029e12d64f4101a4bc24f4f383afc8c4b_9101.json
 create mode 100644 experiments/unified_contextual_memory/artifacts/evaluation/judges/b675c29c46a64cbf446889a4e5512c9029e12d64f4101a4bc24f4f383afc8c4b_9101.request.json
 create mode 100644 experiments/unified_contextual_memory/artifacts/evaluation/judges/b675c29c46a64cbf446889a4e5512c9029e12d64f4101a4bc24f4f383afc8c4b_9102.json
 create mode 100644 experiments/unified_contextual_memory/artifacts/evaluation/judges/b675c29c46a64cbf446889a4e5512c9029e12d64f4101a4bc24f4f383afc8c4b_9102.request.json
 create mode 100644 experiments/unified_contextual_memory/artifacts/evaluation/judges/b675c29c46a64cbf446889a4e5512c9029e12d64f4101a4bc24f4f383afc8c4b_9200.json
 create mode 100644 experiments/unified_contextual_memory/artifacts/evaluation/judges/b675c29c46a64cbf446889a4e5512c9029e12d64f4101a4bc24f4f383afc8c4b_9200.request.json
 create mode 100644 experiments/unified_contextual_memory/artifacts/evaluation/judges/b714ff0863089ce4e98761f375c94c3b5cd5b966bacfa635124c608b8debba6f_9100.json
 create mode 100644 experiments/unified_contextual_memory/artifacts/evaluation/judges/b714ff0863089ce4e98761f375c94c3b5cd5b966bacfa635124c608b8debba6f_9100.request.json
 create mode 100644 experiments/unified_contextual_memory/artifacts/evaluation/judges/b714ff0863089ce4e98761f375c94c3b5cd5b966bacfa635124c608b8debba6f_9101.json
 create mode 100644 experiments/unified_contextual_memory/artifacts/evaluation/judges/b714ff0863089ce4e98761f375c94c3b5cd5b966bacfa635124c608b8debba6f_9101.request.json
 create mode 100644 experiments/unified_contextual_memory/artifacts/evaluation/judges/b714ff0863089ce4e98761f375c94c3b5cd5b966bacfa635124c608b8debba6f_9102.json
 create mode 100644 experiments/unified_contextual_memory/artifacts/evaluation/judges/b714ff0863089ce4e98761f375c94c3b5cd5b966bacfa635124c608b8debba6f_9102.request.json
 create mode 100644 experiments/unified_contextual_memory/artifacts/evaluation/judges/b714ff0863089ce4e98761f375c94c3b5cd5b966bacfa635124c608b8debba6f_9200.json
 create mode 100644 experiments/unified_contextual_memory/artifacts/evaluation/judges/b714ff0863089ce4e98761f375c94c3b5cd5b966bacfa635124c608b8debba6f_9200.request.json
 create mode 100644 experiments/unified_contextual_memory/artifacts/evaluation/judges/b722952818b8d07d15227b026a6c6b417f19656cefa16c0a9f02fad0098a2e6b_9100.json
 create mode 100644 experiments/unified_contextual_memory/artifacts/evaluation/judges/b722952818b8d07d15227b026a6c6b417f19656cefa16c0a9f02fad0098a2e6b_9100.request.json
 create mode 100644 experiments/unified_contextual_memory/artifacts/evaluation/judges/b722952818b8d07d15227b026a6c6b417f19656cefa16c0a9f02fad0098a2e6b_9101.json
 create mode 100644 experiments/unified_contextual_memory/artifacts/evaluation/judges/b722952818b8d07d15227b026a6c6b417f19656cefa16c0a9f02fad0098a2e6b_9101.request.json
 create mode 100644 experiments/unified_contextual_memory/artifacts/evaluation/judges/b722952818b8d07d15227b026a6c6b417f19656cefa16c0a9f02fad0098a2e6b_9102.json
 create mode 100644 experiments/unified_contextual_memory/artifacts/evaluation/judges/b722952818b8d07d15227b026a6c6b417f19656cefa16c0a9f02fad0098a2e6b_9102.request.json
 create mode 100644 experiments/unified_contextual_memory/artifacts/evaluation/judges/b722952818b8d07d15227b026a6c6b417f19656cefa16c0a9f02fad0098a2e6b_9200.json
 create mode 100644 experiments/unified_contextual_memory/artifacts/evaluation/judges/b722952818b8d07d15227b026a6c6b417f19656cefa16c0a9f02fad0098a2e6b_9200.request.json
 create mode 100644 experiments/unified_contextual_memory/artifacts/evaluation/judges/b7b6cad6a13b76f8429bbbef7ce33eac8b0ba00be6ffb53728e544782073df5e_9100.json
 create mode 100644 experiments/unified_contextual_memory/artifacts/evaluation/judges/b7b6cad6a13b76f8429bbbef7ce33eac8b0ba00be6ffb53728e544782073df5e_9100.request.json
 create mode 100644 experiments/unified_contextual_memory/artifacts/evaluation/judges/b7b6cad6a13b76f8429bbbef7ce33eac8b0ba00be6ffb53728e544782073df5e_9101.json
 create mode 100644 experiments/unified_contextual_memory/artifacts/evaluation/judges/b7b6cad6a13b76f8429bbbef7ce33eac8b0ba00be6ffb53728e544782073df5e_9101.request.json
 create mode 100644 experiments/unified_contextual_memory/artifacts/evaluation/judges/b7b6cad6a13b76f8429bbbef7ce33eac8b0ba00be6ffb53728e544782073df5e_9102.json
 create mode 100644 experiments/unified_contextual_memory/artifacts/evaluation/judges/b7b6cad6a13b76f8429bbbef7ce33eac8b0ba00be6ffb53728e544782073df5e_9102.request.json
 create mode 100644 experiments/unified_contextual_memory/artifacts/evaluation/judges/b7b6cad6a13b76f8429bbbef7ce33eac8b0ba00be6ffb53728e544782073df5e_9200.json
 create mode 100644 experiments/unified_contextual_memory/artifacts/evaluation/judges/b7b6cad6a13b76f8429bbbef7ce33eac8b0ba00be6ffb53728e544782073df5e_9200.request.json
 create mode 100644 experiments/unified_contextual_memory/artifacts/evaluation/judges/b7f139e3c8c2c0cfbce25ddc61cc0342f74a9dc2371c0b6a508d3075442565eb_9100.json
 create mode 100644 experiments/unified_contextual_memory/artifacts/evaluation/judges/b7f139e3c8c2c0cfbce25ddc61cc0342f74a9dc2371c0b6a508d3075442565eb_9100.request.json
 create mode 100644 experiments/unified_contextual_memory/artifacts/evaluation/judges/b7f139e3c8c2c0cfbce25ddc61cc0342f74a9dc2371c0b6a508d3075442565eb_9101.json
 create mode 100644 experiments/unified_contextual_memory/artifacts/evaluation/judges/b7f139e3c8c2c0cfbce25ddc61cc0342f74a9dc2371c0b6a508d3075442565eb_9101.request.json
 create mode 100644 experiments/unified_contextual_memory/artifacts/evaluation/judges/b7f139e3c8c2c0cfbce25ddc61cc0342f74a9dc2371c0b6a508d3075442565eb_9102.json
 create mode 100644 experiments/unified_contextual_memory/artifacts/evaluation/judges/b7f139e3c8c2c0cfbce25ddc61cc0342f74a9dc2371c0b6a508d3075442565eb_9102.request.json
 create mode 100644 experiments/unified_contextual_memory/artifacts/evaluation/judges/b7f139e3c8c2c0cfbce25ddc61cc0342f74a9dc2371c0b6a508d3075442565eb_9200.json
 create mode 100644 experiments/unified_contextual_memory/artifacts/evaluation/judges/b7f139e3c8c2c0cfbce25ddc61cc0342f74a9dc2371c0b6a508d3075442565eb_9200.request.json
 create mode 100644 experiments/unified_contextual_memory/artifacts/evaluation/judges/b7f5fc8b066df29a4767a815385757ee6dcc65934df60f7d18968d8587ddcdcb_9100.json
 create mode 100644 experiments/unified_contextual_memory/artifacts/evaluation/judges/b7f5fc8b066df29a4767a815385757ee6dcc65934df60f7d18968d8587ddcdcb_9100.request.json
 create mode 100644 experiments/unified_contextual_memory/artifacts/evaluation/judges/b7f5fc8b066df29a4767a815385757ee6dcc65934df60f7d18968d8587ddcdcb_9101.json
 create mode 100644 experiments/unified_contextual_memory/artifacts/evaluation/judges/b7f5fc8b066df29a4767a815385757ee6dcc65934df60f7d18968d8587ddcdcb_9101.request.json
 create mode 100644 experiments/unified_contextual_memory/artifacts/evaluation/judges/b7f5fc8b066df29a4767a815385757ee6dcc65934df60f7d18968d8587ddcdcb_9102.json
 create mode 100644 experiments/unified_contextual_memory/artifacts/evaluation/judges/b7f5fc8b066df29a4767a815385757ee6dcc65934df60f7d18968d8587ddcdcb_9102.request.json
 create mode 100644 experiments/unified_contextual_memory/artifacts/evaluation/judges/b7f5fc8b066df29a4767a815385757ee6dcc65934df60f7d18968d8587ddcdcb_9200.json
 create mode 100644 experiments/unified_contextual_memory/artifacts/evaluation/judges/b7f5fc8b066df29a4767a815385757ee6dcc65934df60f7d18968d8587ddcdcb_9200.request.json
 create mode 100644 experiments/unified_contextual_memory/artifacts/evaluation/judges/b85fca64736923faa68d77db0b4009f04f487b12da082d882490926988663e09_9100.json
 create mode 100644 experiments/unified_contextual_memory/artifacts/evaluation/judges/b85fca64736923faa68d77db0b4009f04f487b12da082d882490926988663e09_9100.request.json
 create mode 100644 experiments/unified_contextual_memory/artifacts/evaluation/judges/b85fca64736923faa68d77db0b4009f04f487b12da082d882490926988663e09_9101.json
 create mode 100644 experiments/unified_contextual_memory/artifacts/evaluation/judges/b85fca64736923faa68d77db0b4009f04f487b12da082d882490926988663e09_9101.request.json
 create mode 100644 experiments/unified_contextual_memory/artifacts/evaluation/judges/b85fca64736923faa68d77db0b4009f04f487b12da082d882490926988663e09_9102.json
 create mode 100644 experiments/unified_contextual_memory/artifacts/evaluation/judges/b85fca64736923faa68d77db0b4009f04f487b12da082d882490926988663e09_9102.request.json
 create mode 100644 experiments/unified_contextual_memory/artifacts/evaluation/judges/b85fca64736923faa68d77db0b4009f04f487b12da082d882490926988663e09_9200.json
 create mode 100644 experiments/unified_contextual_memory/artifacts/evaluation/judges/b85fca64736923faa68d77db0b4009f04f487b12da082d882490926988663e09_9200.request.json
 create mode 100644 experiments/unified_contextual_memory/artifacts/evaluation/judges/b89e36ea142a4f91d9e5e34aeaac01afa6877b4099ac52416af4531dbc67c8c8_9100.json
 create mode 100644 experiments/unified_contextual_memory/artifacts/evaluation/judges/b89e36ea142a4f91d9e5e34aeaac01afa6877b4099ac52416af4531dbc67c8c8_9100.request.json
 create mode 100644 experiments/unified_contextual_memory/artifacts/evaluation/judges/b89e36ea142a4f91d9e5e34aeaac01afa6877b4099ac52416af4531dbc67c8c8_9101.json
 create mode 100644 experiments/unified_contextual_memory/artifacts/evaluation/judges/b89e36ea142a4f91d9e5e34aeaac01afa6877b4099ac52416af4531dbc67c8c8_9101.request.json
 create mode 100644 experiments/unified_contextual_memory/artifacts/evaluation/judges/b89e36ea142a4f91d9e5e34aeaac01afa6877b4099ac52416af4531dbc67c8c8_9102.json
 create mode 100644 experiments/unified_contextual_memory/artifacts/evaluation/judges/b89e36ea142a4f91d9e5e34aeaac01afa6877b4099ac52416af4531dbc67c8c8_9102.request.json
 create mode 100644 experiments/unified_contextual_memory/artifacts/evaluation/judges/b89e36ea142a4f91d9e5e34aeaac01afa6877b4099ac52416af4531dbc67c8c8_9200.json
 create mode 100644 experiments/unified_contextual_memory/artifacts/evaluation/judges/b89e36ea142a4f91d9e5e34aeaac01afa6877b4099ac52416af4531dbc67c8c8_9200.request.json
 create mode 100644 experiments/unified_contextual_memory/artifacts/evaluation/judges/b8e3cb6bb3398492cfa65a2605ccb3993d72ea85427b1c84cf9f1260f2ed1342_9100.json
 create mode 100644 experiments/unified_contextual_memory/artifacts/evaluation/judges/b8e3cb6bb3398492cfa65a2605ccb3993d72ea85427b1c84cf9f1260f2ed1342_9100.request.json
 create mode 100644 experiments/unified_contextual_memory/artifacts/evaluation/judges/b8e3cb6bb3398492cfa65a2605ccb3993d72ea85427b1c84cf9f1260f2ed1342_9101.json
 create mode 100644 experiments/unified_contextual_memory/artifacts/evaluation/judges/b8e3cb6bb3398492cfa65a2605ccb3993d72ea85427b1c84cf9f1260f2ed1342_9101.request.json
 create mode 100644 experiments/unified_contextual_memory/artifacts/evaluation/judges/b8e3cb6bb3398492cfa65a2605ccb3993d72ea85427b1c84cf9f1260f2ed1342_9102.json
 create mode 100644 experiments/unified_contextual_memory/artifacts/evaluation/judges/b8e3cb6bb3398492cfa65a2605ccb3993d72ea85427b1c84cf9f1260f2ed1342_9102.request.json
 create mode 100644 experiments/unified_contextual_memory/artifacts/evaluation/judges/b8e3cb6bb3398492cfa65a2605ccb3993d72ea85427b1c84cf9f1260f2ed1342_9200.json
 create mode 100644 experiments/unified_contextual_memory/artifacts/evaluation/judges/b8e3cb6bb3398492cfa65a2605ccb3993d72ea85427b1c84cf9f1260f2ed1342_9200.request.json
 create mode 100644 experiments/unified_contextual_memory/artifacts/evaluation/judges/b8f5406d5c95fee06f87ff3d201b0441bac646b405604fded7b18fbd2ce04266_9100.json
 create mode 100644 experiments/unified_contextual_memory/artifacts/evaluation/judges/b8f5406d5c95fee06f87ff3d201b0441bac646b405604fded7b18fbd2ce04266_9100.request.json
 create mode 100644 experiments/unified_contextual_memory/artifacts/evaluation/judges/b8f5406d5c95fee06f87ff3d201b0441bac646b405604fded7b18fbd2ce04266_9101.json
 create mode 100644 experiments/unified_contextual_memory/artifacts/evaluation/judges/b8f5406d5c95fee06f87ff3d201b0441bac646b405604fded7b18fbd2ce04266_9101.request.json
 create mode 100644 experiments/unified_contextual_memory/artifacts/evaluation/judges/b8f5406d5c95fee06f87ff3d201b0441bac646b405604fded7b18fbd2ce04266_9102.json
 create mode 100644 experiments/unified_contextual_memory/artifacts/evaluation/judges/b8f5406d5c95fee06f87ff3d201b0441bac646b405604fded7b18fbd2ce04266_9102.request.json
 create mode 100644 experiments/unified_contextual_memory/artifacts/evaluation/judges/b8f5406d5c95fee06f87ff3d201b0441bac646b405604fded7b18fbd2ce04266_9200.json
 create mode 100644 experiments/unified_contextual_memory/artifacts/evaluation/judges/b8f5406d5c95fee06f87ff3d201b0441bac646b405604fded7b18fbd2ce04266_9200.request.json
 create mode 100644 experiments/unified_contextual_memory/artifacts/evaluation/judges/b913517fe65193bbb282834e9a0e966aef1b90cdc9111cbd961610dc51ef1594_9100.json
 create mode 100644 experiments/unified_contextual_memory/artifacts/evaluation/judges/b913517fe65193bbb282834e9a0e966aef1b90cdc9111cbd961610dc51ef1594_9100.request.json
 create mode 100644 experiments/unified_contextual_memory/artifacts/evaluation/judges/b913517fe65193bbb282834e9a0e966aef1b90cdc9111cbd961610dc51ef1594_9101.json
 create mode 100644 experiments/unified_contextual_memory/artifacts/evaluation/judges/b913517fe65193bbb282834e9a0e966aef1b90cdc9111cbd961610dc51ef1594_9101.request.json
 create mode 100644 experiments/unified_contextual_memory/artifacts/evaluation/judges/b913517fe65193bbb282834e9a0e966aef1b90cdc9111cbd961610dc51ef1594_9102.json
 create mode 100644 experiments/unified_contextual_memory/artifacts/evaluation/judges/b913517fe65193bbb282834e9a0e966aef1b90cdc9111cbd961610dc51ef1594_9102.request.json
 create mode 100644 experiments/unified_contextual_memory/artifacts/evaluation/judges/b913517fe65193bbb282834e9a0e966aef1b90cdc9111cbd961610dc51ef1594_9200.json
 create mode 100644 experiments/unified_contextual_memory/artifacts/evaluation/judges/b913517fe65193bbb282834e9a0e966aef1b90cdc9111cbd961610dc51ef1594_9200.request.json
 create mode 100644 experiments/unified_contextual_memory/artifacts/evaluation/judges/b9ea1268695b26e46380def1e839986ba86c94785162d249d72f6a5851d29c54_9100.json
 create mode 100644 experiments/unified_contextual_memory/artifacts/evaluation/judges/b9ea1268695b26e46380def1e839986ba86c94785162d249d72f6a5851d29c54_9100.request.json
 create mode 100644 experiments/unified_contextual_memory/artifacts/evaluation/judges/b9ea1268695b26e46380def1e839986ba86c94785162d249d72f6a5851d29c54_9101.json
 create mode 100644 experiments/unified_contextual_memory/artifacts/evaluation/judges/b9ea1268695b26e46380def1e839986ba86c94785162d249d72f6a5851d29c54_9101.request.json
 create mode 100644 experiments/unified_contextual_memory/artifacts/evaluation/judges/b9ea1268695b26e46380def1e839986ba86c94785162d249d72f6a5851d29c54_9102.json
 create mode 100644 experiments/unified_contextual_memory/artifacts/evaluation/judges/b9ea1268695b26e46380def1e839986ba86c94785162d249d72f6a5851d29c54_9102.request.json
 create mode 100644 experiments/unified_contextual_memory/artifacts/evaluation/judges/b9ea1268695b26e46380def1e839986ba86c94785162d249d72f6a5851d29c54_9200.json
 create mode 100644 experiments/unified_contextual_memory/artifacts/evaluation/judges/b9ea1268695b26e46380def1e839986ba86c94785162d249d72f6a5851d29c54_9200.request.json
 create mode 100644 experiments/unified_contextual_memory/artifacts/evaluation/judges/ba80d3a70f753a763102de32b9d61a2f1616c9a574fe6be051ff1d9d1588dbe8_9100.json
 create mode 100644 experiments/unified_contextual_memory/artifacts/evaluation/judges/ba80d3a70f753a763102de32b9d61a2f1616c9a574fe6be051ff1d9d1588dbe8_9100.request.json
 create mode 100644 experiments/unified_contextual_memory/artifacts/evaluation/judges/ba80d3a70f753a763102de32b9d61a2f1616c9a574fe6be051ff1d9d1588dbe8_9101.json
 create mode 100644 experiments/unified_contextual_memory/artifacts/evaluation/judges/ba80d3a70f753a763102de32b9d61a2f1616c9a574fe6be051ff1d9d1588dbe8_9101.request.json
 create mode 100644 experiments/unified_contextual_memory/artifacts/evaluation/judges/ba80d3a70f753a763102de32b9d61a2f1616c9a574fe6be051ff1d9d1588dbe8_9102.json
 create mode 100644 experiments/unified_contextual_memory/artifacts/evaluation/judges/ba80d3a70f753a763102de32b9d61a2f1616c9a574fe6be051ff1d9d1588dbe8_9102.request.json
 create mode 100644 experiments/unified_contextual_memory/artifacts/evaluation/judges/ba80d3a70f753a763102de32b9d61a2f1616c9a574fe6be051ff1d9d1588dbe8_9200.json
 create mode 100644 experiments/unified_contextual_memory/artifacts/evaluation/judges/ba80d3a70f753a763102de32b9d61a2f1616c9a574fe6be051ff1d9d1588dbe8_9200.request.json
 create mode 100644 experiments/unified_contextual_memory/artifacts/evaluation/judges/ba8daf5272520f5ce0fab5f14ef21b335209eb02d9aceea3bb2849c5b93ee333_9100.json
 create mode 100644 experiments/unified_contextual_memory/artifacts/evaluation/judges/ba8daf5272520f5ce0fab5f14ef21b335209eb02d9aceea3bb2849c5b93ee333_9100.request.json
 create mode 100644 experiments/unified_contextual_memory/artifacts/evaluation/judges/ba8daf5272520f5ce0fab5f14ef21b335209eb02d9aceea3bb2849c5b93ee333_9101.json
 create mode 100644 experiments/unified_contextual_memory/artifacts/evaluation/judges/ba8daf5272520f5ce0fab5f14ef21b335209eb02d9aceea3bb2849c5b93ee333_9101.request.json
 create mode 100644 experiments/unified_contextual_memory/artifacts/evaluation/judges/ba8daf5272520f5ce0fab5f14ef21b335209eb02d9aceea3bb2849c5b93ee333_9102.json
 create mode 100644 experiments/unified_contextual_memory/artifacts/evaluation/judges/ba8daf5272520f5ce0fab5f14ef21b335209eb02d9aceea3bb2849c5b93ee333_9102.request.json
 create mode 100644 experiments/unified_contextual_memory/artifacts/evaluation/judges/ba8daf5272520f5ce0fab5f14ef21b335209eb02d9aceea3bb2849c5b93ee333_9200.json
 create mode 100644 experiments/unified_contextual_memory/artifacts/evaluation/judges/ba8daf5272520f5ce0fab5f14ef21b335209eb02d9aceea3bb2849c5b93ee333_9200.request.json
 create mode 100644 experiments/unified_contextual_memory/artifacts/evaluation/judges/bb2f73a38dcf843089836e834ffab63467df68354d085a688ef0150e383f44cf_9100.json
 create mode 100644 experiments/unified_contextual_memory/artifacts/evaluation/judges/bb2f73a38dcf843089836e834ffab63467df68354d085a688ef0150e383f44cf_9100.request.json
 create mode 100644 experiments/unified_contextual_memory/artifacts/evaluation/judges/bb2f73a38dcf843089836e834ffab63467df68354d085a688ef0150e383f44cf_9101.json
 create mode 100644 experiments/unified_contextual_memory/artifacts/evaluation/judges/bb2f73a38dcf843089836e834ffab63467df68354d085a688ef0150e383f44cf_9101.request.json
 create mode 100644 experiments/unified_contextual_memory/artifacts/evaluation/judges/bb2f73a38dcf843089836e834ffab63467df68354d085a688ef0150e383f44cf_9102.json
 create mode 100644 experiments/unified_contextual_memory/artifacts/evaluation/judges/bb2f73a38dcf843089836e834ffab63467df68354d085a688ef0150e383f44cf_9102.request.json
 create mode 100644 experiments/unified_contextual_memory/artifacts/evaluation/judges/bb2f73a38dcf843089836e834ffab63467df68354d085a688ef0150e383f44cf_9200.json
 create mode 100644 experiments/unified_contextual_memory/artifacts/evaluation/judges/bb2f73a38dcf843089836e834ffab63467df68354d085a688ef0150e383f44cf_9200.request.json
 create mode 100644 experiments/unified_contextual_memory/artifacts/evaluation/judges/bb532ee9e6b10ffa0acd71b0db3f4841cd885600bd86f84a7a5f399a6dc296bf_9100.json
 create mode 100644 experiments/unified_contextual_memory/artifacts/evaluation/judges/bb532ee9e6b10ffa0acd71b0db3f4841cd885600bd86f84a7a5f399a6dc296bf_9100.request.json
 create mode 100644 experiments/unified_contextual_memory/artifacts/evaluation/judges/bb532ee9e6b10ffa0acd71b0db3f4841cd885600bd86f84a7a5f399a6dc296bf_9101.json
 create mode 100644 experiments/unified_contextual_memory/artifacts/evaluation/judges/bb532ee9e6b10ffa0acd71b0db3f4841cd885600bd86f84a7a5f399a6dc296bf_9101.request.json
 create mode 100644 experiments/unified_contextual_memory/artifacts/evaluation/judges/bb532ee9e6b10ffa0acd71b0db3f4841cd885600bd86f84a7a5f399a6dc296bf_9102.json
 create mode 100644 experiments/unified_contextual_memory/artifacts/evaluation/judges/bb532ee9e6b10ffa0acd71b0db3f4841cd885600bd86f84a7a5f399a6dc296bf_9102.request.json
 create mode 100644 experiments/unified_contextual_memory/artifacts/evaluation/judges/bb532ee9e6b10ffa0acd71b0db3f4841cd885600bd86f84a7a5f399a6dc296bf_9200.json
 create mode 100644 experiments/unified_contextual_memory/artifacts/evaluation/judges/bb532ee9e6b10ffa0acd71b0db3f4841cd885600bd86f84a7a5f399a6dc296bf_9200.request.json
 create mode 100644 experiments/unified_contextual_memory/artifacts/evaluation/judges/bb78952a4cf3f7b1a2986ff8886017bd6d39a555fb6f34fa1e628031486effba_9100.json
 create mode 100644 experiments/unified_contextual_memory/artifacts/evaluation/judges/bb78952a4cf3f7b1a2986ff8886017bd6d39a555fb6f34fa1e628031486effba_9100.request.json
 create mode 100644 experiments/unified_contextual_memory/artifacts/evaluation/judges/bb78952a4cf3f7b1a2986ff8886017bd6d39a555fb6f34fa1e628031486effba_9101.json
 create mode 100644 experiments/unified_contextual_memory/artifacts/evaluation/judges/bb78952a4cf3f7b1a2986ff8886017bd6d39a555fb6f34fa1e628031486effba_9101.request.json
 create mode 100644 experiments/unified_contextual_memory/artifacts/evaluation/judges/bb78952a4cf3f7b1a2986ff8886017bd6d39a555fb6f34fa1e628031486effba_9102.json
 create mode 100644 experiments/unified_contextual_memory/artifacts/evaluation/judges/bb78952a4cf3f7b1a2986ff8886017bd6d39a555fb6f34fa1e628031486effba_9102.request.json
 create mode 100644 experiments/unified_contextual_memory/artifacts/evaluation/judges/bb78952a4cf3f7b1a2986ff8886017bd6d39a555fb6f34fa1e628031486effba_9200.json
 create mode 100644 experiments/unified_contextual_memory/artifacts/evaluation/judges/bb78952a4cf3f7b1a2986ff8886017bd6d39a555fb6f34fa1e628031486effba_9200.request.json
 create mode 100644 experiments/unified_contextual_memory/artifacts/evaluation/judges/bc01b4c668420b95f77331739f98661b6ad4cb17f29979add64152eb86b6101d_9100.json
 create mode 100644 experiments/unified_contextual_memory/artifacts/evaluation/judges/bc01b4c668420b95f77331739f98661b6ad4cb17f29979add64152eb86b6101d_9100.request.json
 create mode 100644 experiments/unified_contextual_memory/artifacts/evaluation/judges/bc01b4c668420b95f77331739f98661b6ad4cb17f29979add64152eb86b6101d_9101.json
 create mode 100644 experiments/unified_contextual_memory/artifacts/evaluation/judges/bc01b4c668420b95f77331739f98661b6ad4cb17f29979add64152eb86b6101d_9101.request.json
 create mode 100644 experiments/unified_contextual_memory/artifacts/evaluation/judges/bc01b4c668420b95f77331739f98661b6ad4cb17f29979add64152eb86b6101d_9102.json
 create mode 100644 experiments/unified_contextual_memory/artifacts/evaluation/judges/bc01b4c668420b95f77331739f98661b6ad4cb17f29979add64152eb86b6101d_9102.request.json
 create mode 100644 experiments/unified_contextual_memory/artifacts/evaluation/judges/bc01b4c668420b95f77331739f98661b6ad4cb17f29979add64152eb86b6101d_9200.json
 create mode 100644 experiments/unified_contextual_memory/artifacts/evaluation/judges/bc01b4c668420b95f77331739f98661b6ad4cb17f29979add64152eb86b6101d_9200.request.json
 create mode 100644 experiments/unified_contextual_memory/artifacts/evaluation/judges/bc7fd64a3926ba807b687426b90c995888dfa262f7f1fd00f2bb15ff6658cac6_9100.json
 create mode 100644 experiments/unified_contextual_memory/artifacts/evaluation/judges/bc7fd64a3926ba807b687426b90c995888dfa262f7f1fd00f2bb15ff6658cac6_9100.request.json
 create mode 100644 experiments/unified_contextual_memory/artifacts/evaluation/judges/bc7fd64a3926ba807b687426b90c995888dfa262f7f1fd00f2bb15ff6658cac6_9101.json
 create mode 100644 experiments/unified_contextual_memory/artifacts/evaluation/judges/bc7fd64a3926ba807b687426b90c995888dfa262f7f1fd00f2bb15ff6658cac6_9101.request.json
 create mode 100644 experiments/unified_contextual_memory/artifacts/evaluation/judges/bc7fd64a3926ba807b687426b90c995888dfa262f7f1fd00f2bb15ff6658cac6_9102.json
 create mode 100644 experiments/unified_contextual_memory/artifacts/evaluation/judges/bc7fd64a3926ba807b687426b90c995888dfa262f7f1fd00f2bb15ff6658cac6_9102.request.json
 create mode 100644 experiments/unified_contextual_memory/artifacts/evaluation/judges/bc7fd64a3926ba807b687426b90c995888dfa262f7f1fd00f2bb15ff6658cac6_9200.json
 create mode 100644 experiments/unified_contextual_memory/artifacts/evaluation/judges/bc7fd64a3926ba807b687426b90c995888dfa262f7f1fd00f2bb15ff6658cac6_9200.request.json
 create mode 100644 experiments/unified_contextual_memory/artifacts/evaluation/judges/bcb07229071dd09f087436d1c3a5d5b9f0c74f4c78b6e077f795487997aa3579_9100.json
 create mode 100644 experiments/unified_contextual_memory/artifacts/evaluation/judges/bcb07229071dd09f087436d1c3a5d5b9f0c74f4c78b6e077f795487997aa3579_9100.request.json
 create mode 100644 experiments/unified_contextual_memory/artifacts/evaluation/judges/bcb07229071dd09f087436d1c3a5d5b9f0c74f4c78b6e077f795487997aa3579_9101.json
 create mode 100644 experiments/unified_contextual_memory/artifacts/evaluation/judges/bcb07229071dd09f087436d1c3a5d5b9f0c74f4c78b6e077f795487997aa3579_9101.request.json
 create mode 100644 experiments/unified_contextual_memory/artifacts/evaluation/judges/bcb07229071dd09f087436d1c3a5d5b9f0c74f4c78b6e077f795487997aa3579_9102.json
 create mode 100644 experiments/unified_contextual_memory/artifacts/evaluation/judges/bcb07229071dd09f087436d1c3a5d5b9f0c74f4c78b6e077f795487997aa3579_9102.request.json
 create mode 100644 experiments/unified_contextual_memory/artifacts/evaluation/judges/bcb07229071dd09f087436d1c3a5d5b9f0c74f4c78b6e077f795487997aa3579_9200.json
 create mode 100644 experiments/unified_contextual_memory/artifacts/evaluation/judges/bcb07229071dd09f087436d1c3a5d5b9f0c74f4c78b6e077f795487997aa3579_9200.request.json
 create mode 100644 experiments/unified_contextual_memory/artifacts/evaluation/judges/bccbb63eb7c8c31aa6038f0cae1aa9f73c39f6394549adfb6a60a0c8e1a036d3_9100.json
 create mode 100644 experiments/unified_contextual_memory/artifacts/evaluation/judges/bccbb63eb7c8c31aa6038f0cae1aa9f73c39f6394549adfb6a60a0c8e1a036d3_9100.request.json
 create mode 100644 experiments/unified_contextual_memory/artifacts/evaluation/judges/bccbb63eb7c8c31aa6038f0cae1aa9f73c39f6394549adfb6a60a0c8e1a036d3_9101.json
 create mode 100644 experiments/unified_contextual_memory/artifacts/evaluation/judges/bccbb63eb7c8c31aa6038f0cae1aa9f73c39f6394549adfb6a60a0c8e1a036d3_9101.request.json
 create mode 100644 experiments/unified_contextual_memory/artifacts/evaluation/judges/bccbb63eb7c8c31aa6038f0cae1aa9f73c39f6394549adfb6a60a0c8e1a036d3_9102.json
 create mode 100644 experiments/unified_contextual_memory/artifacts/evaluation/judges/bccbb63eb7c8c31aa6038f0cae1aa9f73c39f6394549adfb6a60a0c8e1a036d3_9102.request.json
 create mode 100644 experiments/unified_contextual_memory/artifacts/evaluation/judges/bccbb63eb7c8c31aa6038f0cae1aa9f73c39f6394549adfb6a60a0c8e1a036d3_9200.json
 create mode 100644 experiments/unified_contextual_memory/artifacts/evaluation/judges/bccbb63eb7c8c31aa6038f0cae1aa9f73c39f6394549adfb6a60a0c8e1a036d3_9200.request.json
 create mode 100644 experiments/unified_contextual_memory/artifacts/evaluation/judges/bcd52551439354e7c23a6156163c654bed5cf200c4fe0f4c64a6d1f520b7b882_9100.json
 create mode 100644 experiments/unified_contextual_memory/artifacts/evaluation/judges/bcd52551439354e7c23a6156163c654bed5cf200c4fe0f4c64a6d1f520b7b882_9100.request.json
 create mode 100644 experiments/unified_contextual_memory/artifacts/evaluation/judges/bcd52551439354e7c23a6156163c654bed5cf200c4fe0f4c64a6d1f520b7b882_9101.json
 create mode 100644 experiments/unified_contextual_memory/artifacts/evaluation/judges/bcd52551439354e7c23a6156163c654bed5cf200c4fe0f4c64a6d1f520b7b882_9101.request.json
 create mode 100644 experiments/unified_contextual_memory/artifacts/evaluation/judges/bcd52551439354e7c23a6156163c654bed5cf200c4fe0f4c64a6d1f520b7b882_9102.json
 create mode 100644 experiments/unified_contextual_memory/artifacts/evaluation/judges/bcd52551439354e7c23a6156163c654bed5cf200c4fe0f4c64a6d1f520b7b882_9102.request.json
 create mode 100644 experiments/unified_contextual_memory/artifacts/evaluation/judges/bcd52551439354e7c23a6156163c654bed5cf200c4fe0f4c64a6d1f520b7b882_9200.json
 create mode 100644 experiments/unified_contextual_memory/artifacts/evaluation/judges/bcd52551439354e7c23a6156163c654bed5cf200c4fe0f4c64a6d1f520b7b882_9200.request.json
 create mode 100644 experiments/unified_contextual_memory/artifacts/evaluation/judges/bd14d9408a369c026e43b7f8bc5a9b8600f02e8be95766eb5fe63fd0a4030d4e_9100.json
 create mode 100644 experiments/unified_contextual_memory/artifacts/evaluation/judges/bd14d9408a369c026e43b7f8bc5a9b8600f02e8be95766eb5fe63fd0a4030d4e_9100.request.json
 create mode 100644 experiments/unified_contextual_memory/artifacts/evaluation/judges/bd14d9408a369c026e43b7f8bc5a9b8600f02e8be95766eb5fe63fd0a4030d4e_9101.json
 create mode 100644 experiments/unified_contextual_memory/artifacts/evaluation/judges/bd14d9408a369c026e43b7f8bc5a9b8600f02e8be95766eb5fe63fd0a4030d4e_9101.request.json
 create mode 100644 experiments/unified_contextual_memory/artifacts/evaluation/judges/bd14d9408a369c026e43b7f8bc5a9b8600f02e8be95766eb5fe63fd0a4030d4e_9102.json
 create mode 100644 experiments/unified_contextual_memory/artifacts/evaluation/judges/bd14d9408a369c026e43b7f8bc5a9b8600f02e8be95766eb5fe63fd0a4030d4e_9102.request.json
 create mode 100644 experiments/unified_contextual_memory/artifacts/evaluation/judges/bd14d9408a369c026e43b7f8bc5a9b8600f02e8be95766eb5fe63fd0a4030d4e_9200.json
 create mode 100644 experiments/unified_contextual_memory/artifacts/evaluation/judges/bd14d9408a369c026e43b7f8bc5a9b8600f02e8be95766eb5fe63fd0a4030d4e_9200.request.json
 create mode 100644 experiments/unified_contextual_memory/artifacts/evaluation/judges/bd1e71290bc238ba75893e4ae74949c728c446834f59b3abd5c67a5dfab5c6ab_9100.json
 create mode 100644 experiments/unified_contextual_memory/artifacts/evaluation/judges/bd1e71290bc238ba75893e4ae74949c728c446834f59b3abd5c67a5dfab5c6ab_9100.request.json
 create mode 100644 experiments/unified_contextual_memory/artifacts/evaluation/judges/bd1e71290bc238ba75893e4ae74949c728c446834f59b3abd5c67a5dfab5c6ab_9101.json
 create mode 100644 experiments/unified_contextual_memory/artifacts/evaluation/judges/bd1e71290bc238ba75893e4ae74949c728c446834f59b3abd5c67a5dfab5c6ab_9101.request.json
 create mode 100644 experiments/unified_contextual_memory/artifacts/evaluation/judges/bd1e71290bc238ba75893e4ae74949c728c446834f59b3abd5c67a5dfab5c6ab_9102.json
 create mode 100644 experiments/unified_contextual_memory/artifacts/evaluation/judges/bd1e71290bc238ba75893e4ae74949c728c446834f59b3abd5c67a5dfab5c6ab_9102.request.json
 create mode 100644 experiments/unified_contextual_memory/artifacts/evaluation/judges/bd1e71290bc238ba75893e4ae74949c728c446834f59b3abd5c67a5dfab5c6ab_9200.json
 create mode 100644 experiments/unified_contextual_memory/artifacts/evaluation/judges/bd1e71290bc238ba75893e4ae74949c728c446834f59b3abd5c67a5dfab5c6ab_9200.request.json
 create mode 100644 experiments/unified_contextual_memory/artifacts/evaluation/judges/be885db4110f15c8d8e94b49d1bd317dbdb2c67ec7e08e81bd27e6115a2fbdce_9100.json
 create mode 100644 experiments/unified_contextual_memory/artifacts/evaluation/judges/be885db4110f15c8d8e94b49d1bd317dbdb2c67ec7e08e81bd27e6115a2fbdce_9100.request.json
 create mode 100644 experiments/unified_contextual_memory/artifacts/evaluation/judges/be885db4110f15c8d8e94b49d1bd317dbdb2c67ec7e08e81bd27e6115a2fbdce_9101.json
 create mode 100644 experiments/unified_contextual_memory/artifacts/evaluation/judges/be885db4110f15c8d8e94b49d1bd317dbdb2c67ec7e08e81bd27e6115a2fbdce_9101.request.json
 create mode 100644 experiments/unified_contextual_memory/artifacts/evaluation/judges/be885db4110f15c8d8e94b49d1bd317dbdb2c67ec7e08e81bd27e6115a2fbdce_9102.json
 create mode 100644 experiments/unified_contextual_memory/artifacts/evaluation/judges/be885db4110f15c8d8e94b49d1bd317dbdb2c67ec7e08e81bd27e6115a2fbdce_9102.request.json
 create mode 100644 experiments/unified_contextual_memory/artifacts/evaluation/judges/be885db4110f15c8d8e94b49d1bd317dbdb2c67ec7e08e81bd27e6115a2fbdce_9200.json
 create mode 100644 experiments/unified_contextual_memory/artifacts/evaluation/judges/be885db4110f15c8d8e94b49d1bd317dbdb2c67ec7e08e81bd27e6115a2fbdce_9200.request.json
 create mode 100644 experiments/unified_contextual_memory/artifacts/evaluation/judges/bef85a84f6d08a9e52763d5ba41e300bf28282af65caa7951ba3271f132450b6_9100.json
 create mode 100644 experiments/unified_contextual_memory/artifacts/evaluation/judges/bef85a84f6d08a9e52763d5ba41e300bf28282af65caa7951ba3271f132450b6_9100.request.json
 create mode 100644 experiments/unified_contextual_memory/artifacts/evaluation/judges/bef85a84f6d08a9e52763d5ba41e300bf28282af65caa7951ba3271f132450b6_9101.json
 create mode 100644 experiments/unified_contextual_memory/artifacts/evaluation/judges/bef85a84f6d08a9e52763d5ba41e300bf28282af65caa7951ba3271f132450b6_9101.request.json
 create mode 100644 experiments/unified_contextual_memory/artifacts/evaluation/judges/bef85a84f6d08a9e52763d5ba41e300bf28282af65caa7951ba3271f132450b6_9102.json
 create mode 100644 experiments/unified_contextual_memory/artifacts/evaluation/judges/bef85a84f6d08a9e52763d5ba41e300bf28282af65caa7951ba3271f132450b6_9102.request.json
 create mode 100644 experiments/unified_contextual_memory/artifacts/evaluation/judges/bef85a84f6d08a9e52763d5ba41e300bf28282af65caa7951ba3271f132450b6_9200.json
 create mode 100644 experiments/unified_contextual_memory/artifacts/evaluation/judges/bef85a84f6d08a9e52763d5ba41e300bf28282af65caa7951ba3271f132450b6_9200.request.json
 create mode 100644 experiments/unified_contextual_memory/artifacts/evaluation/judges/bf6242d273655a35993248a0c64406d335b199ea882c7db03fe68395d3419110_9100.json
 create mode 100644 experiments/unified_contextual_memory/artifacts/evaluation/judges/bf6242d273655a35993248a0c64406d335b199ea882c7db03fe68395d3419110_9100.request.json
 create mode 100644 experiments/unified_contextual_memory/artifacts/evaluation/judges/bf6242d273655a35993248a0c64406d335b199ea882c7db03fe68395d3419110_9101.json
 create mode 100644 experiments/unified_contextual_memory/artifacts/evaluation/judges/bf6242d273655a35993248a0c64406d335b199ea882c7db03fe68395d3419110_9101.request.json
 create mode 100644 experiments/unified_contextual_memory/artifacts/evaluation/judges/bf6242d273655a35993248a0c64406d335b199ea882c7db03fe68395d3419110_9102.json
 create mode 100644 experiments/unified_contextual_memory/artifacts/evaluation/judges/bf6242d273655a35993248a0c64406d335b199ea882c7db03fe68395d3419110_9102.request.json
 create mode 100644 experiments/unified_contextual_memory/artifacts/evaluation/judges/bf6242d273655a35993248a0c64406d335b199ea882c7db03fe68395d3419110_9200.json
 create mode 100644 experiments/unified_contextual_memory/artifacts/evaluation/judges/bf6242d273655a35993248a0c64406d335b199ea882c7db03fe68395d3419110_9200.request.json
 create mode 100644 experiments/unified_contextual_memory/artifacts/evaluation/judges/bf652832699e7ba7fae8288ed427e63756b2e1960ce30bb929749a806bdce7e9_9100.json
 create mode 100644 experiments/unified_contextual_memory/artifacts/evaluation/judges/bf652832699e7ba7fae8288ed427e63756b2e1960ce30bb929749a806bdce7e9_9100.request.json
 create mode 100644 experiments/unified_contextual_memory/artifacts/evaluation/judges/bf652832699e7ba7fae8288ed427e63756b2e1960ce30bb929749a806bdce7e9_9101.json
 create mode 100644 experiments/unified_contextual_memory/artifacts/evaluation/judges/bf652832699e7ba7fae8288ed427e63756b2e1960ce30bb929749a806bdce7e9_9101.request.json
 create mode 100644 experiments/unified_contextual_memory/artifacts/evaluation/judges/bf652832699e7ba7fae8288ed427e63756b2e1960ce30bb929749a806bdce7e9_9102.json
 create mode 100644 experiments/unified_contextual_memory/artifacts/evaluation/judges/bf652832699e7ba7fae8288ed427e63756b2e1960ce30bb929749a806bdce7e9_9102.request.json
 create mode 100644 experiments/unified_contextual_memory/artifacts/evaluation/judges/bf652832699e7ba7fae8288ed427e63756b2e1960ce30bb929749a806bdce7e9_9200.json
 create mode 100644 experiments/unified_contextual_memory/artifacts/evaluation/judges/bf652832699e7ba7fae8288ed427e63756b2e1960ce30bb929749a806bdce7e9_9200.request.json
 create mode 100644 experiments/unified_contextual_memory/artifacts/evaluation/judges/bf9b7b8cc9f9f351eac6ba484aef4f366a151b6890d300cfde9dd774f02429cb_9100.json
 create mode 100644 experiments/unified_contextual_memory/artifacts/evaluation/judges/bf9b7b8cc9f9f351eac6ba484aef4f366a151b6890d300cfde9dd774f02429cb_9100.request.json
 create mode 100644 experiments/unified_contextual_memory/artifacts/evaluation/judges/bf9b7b8cc9f9f351eac6ba484aef4f366a151b6890d300cfde9dd774f02429cb_9101.json
 create mode 100644 experiments/unified_contextual_memory/artifacts/evaluation/judges/bf9b7b8cc9f9f351eac6ba484aef4f366a151b6890d300cfde9dd774f02429cb_9101.request.json
 create mode 100644 experiments/unified_contextual_memory/artifacts/evaluation/judges/bf9b7b8cc9f9f351eac6ba484aef4f366a151b6890d300cfde9dd774f02429cb_9102.json
 create mode 100644 experiments/unified_contextual_memory/artifacts/evaluation/judges/bf9b7b8cc9f9f351eac6ba484aef4f366a151b6890d300cfde9dd774f02429cb_9102.request.json
 create mode 100644 experiments/unified_contextual_memory/artifacts/evaluation/judges/bf9b7b8cc9f9f351eac6ba484aef4f366a151b6890d300cfde9dd774f02429cb_9200.json
 create mode 100644 experiments/unified_contextual_memory/artifacts/evaluation/judges/bf9b7b8cc9f9f351eac6ba484aef4f366a151b6890d300cfde9dd774f02429cb_9200.request.json
 create mode 100644 experiments/unified_contextual_memory/artifacts/evaluation/judges/c1112893098db36546680fe7ce91820714bb151288d4148ba4f36c0e8f5d6b18_9100.json
 create mode 100644 experiments/unified_contextual_memory/artifacts/evaluation/judges/c1112893098db36546680fe7ce91820714bb151288d4148ba4f36c0e8f5d6b18_9100.request.json
 create mode 100644 experiments/unified_contextual_memory/artifacts/evaluation/judges/c1112893098db36546680fe7ce91820714bb151288d4148ba4f36c0e8f5d6b18_9101.json
 create mode 100644 experiments/unified_contextual_memory/artifacts/evaluation/judges/c1112893098db36546680fe7ce91820714bb151288d4148ba4f36c0e8f5d6b18_9101.request.json
 create mode 100644 experiments/unified_contextual_memory/artifacts/evaluation/judges/c1112893098db36546680fe7ce91820714bb151288d4148ba4f36c0e8f5d6b18_9102.json
 create mode 100644 experiments/unified_contextual_memory/artifacts/evaluation/judges/c1112893098db36546680fe7ce91820714bb151288d4148ba4f36c0e8f5d6b18_9102.request.json
 create mode 100644 experiments/unified_contextual_memory/artifacts/evaluation/judges/c1112893098db36546680fe7ce91820714bb151288d4148ba4f36c0e8f5d6b18_9200.json
 create mode 100644 experiments/unified_contextual_memory/artifacts/evaluation/judges/c1112893098db36546680fe7ce91820714bb151288d4148ba4f36c0e8f5d6b18_9200.request.json
 create mode 100644 experiments/unified_contextual_memory/artifacts/evaluation/judges/c13034e8afc5b17dacbb3208f5cda9232eb71c65d7fe504321e1aff7110aa8bb_9100.json
 create mode 100644 experiments/unified_contextual_memory/artifacts/evaluation/judges/c13034e8afc5b17dacbb3208f5cda9232eb71c65d7fe504321e1aff7110aa8bb_9100.request.json
 create mode 100644 experiments/unified_contextual_memory/artifacts/evaluation/judges/c13034e8afc5b17dacbb3208f5cda9232eb71c65d7fe504321e1aff7110aa8bb_9101.json
 create mode 100644 experiments/unified_contextual_memory/artifacts/evaluation/judges/c13034e8afc5b17dacbb3208f5cda9232eb71c65d7fe504321e1aff7110aa8bb_9101.request.json
 create mode 100644 experiments/unified_contextual_memory/artifacts/evaluation/judges/c13034e8afc5b17dacbb3208f5cda9232eb71c65d7fe504321e1aff7110aa8bb_9102.json
 create mode 100644 experiments/unified_contextual_memory/artifacts/evaluation/judges/c13034e8afc5b17dacbb3208f5cda9232eb71c65d7fe504321e1aff7110aa8bb_9102.request.json
 create mode 100644 experiments/unified_contextual_memory/artifacts/evaluation/judges/c13034e8afc5b17dacbb3208f5cda9232eb71c65d7fe504321e1aff7110aa8bb_9200.json
 create mode 100644 experiments/unified_contextual_memory/artifacts/evaluation/judges/c13034e8afc5b17dacbb3208f5cda9232eb71c65d7fe504321e1aff7110aa8bb_9200.request.json
 create mode 100644 experiments/unified_contextual_memory/artifacts/evaluation/judges/c144bcffe0015ce53633fe284339c22f16e0adfc26feeef20e51046ddee2127a_9100.json
 create mode 100644 experiments/unified_contextual_memory/artifacts/evaluation/judges/c144bcffe0015ce53633fe284339c22f16e0adfc26feeef20e51046ddee2127a_9100.request.json
 create mode 100644 experiments/unified_contextual_memory/artifacts/evaluation/judges/c144bcffe0015ce53633fe284339c22f16e0adfc26feeef20e51046ddee2127a_9101.json
 create mode 100644 experiments/unified_contextual_memory/artifacts/evaluation/judges/c144bcffe0015ce53633fe284339c22f16e0adfc26feeef20e51046ddee2127a_9101.request.json
 create mode 100644 experiments/unified_contextual_memory/artifacts/evaluation/judges/c144bcffe0015ce53633fe284339c22f16e0adfc26feeef20e51046ddee2127a_9102.json
 create mode 100644 experiments/unified_contextual_memory/artifacts/evaluation/judges/c144bcffe0015ce53633fe284339c22f16e0adfc26feeef20e51046ddee2127a_9102.request.json
 create mode 100644 experiments/unified_contextual_memory/artifacts/evaluation/judges/c144bcffe0015ce53633fe284339c22f16e0adfc26feeef20e51046ddee2127a_9200.json
 create mode 100644 experiments/unified_contextual_memory/artifacts/evaluation/judges/c144bcffe0015ce53633fe284339c22f16e0adfc26feeef20e51046ddee2127a_9200.request.json
 create mode 100644 experiments/unified_contextual_memory/artifacts/evaluation/judges/c15d9f9f34e4bc70d85d70ff23d9190c2350d9e09e4f20c24ed620241844d317_9100.json
 create mode 100644 experiments/unified_contextual_memory/artifacts/evaluation/judges/c15d9f9f34e4bc70d85d70ff23d9190c2350d9e09e4f20c24ed620241844d317_9100.request.json
 create mode 100644 experiments/unified_contextual_memory/artifacts/evaluation/judges/c15d9f9f34e4bc70d85d70ff23d9190c2350d9e09e4f20c24ed620241844d317_9101.json
 create mode 100644 experiments/unified_contextual_memory/artifacts/evaluation/judges/c15d9f9f34e4bc70d85d70ff23d9190c2350d9e09e4f20c24ed620241844d317_9101.request.json
 create mode 100644 experiments/unified_contextual_memory/artifacts/evaluation/judges/c15d9f9f34e4bc70d85d70ff23d9190c2350d9e09e4f20c24ed620241844d317_9102.json
 create mode 100644 experiments/unified_contextual_memory/artifacts/evaluation/judges/c15d9f9f34e4bc70d85d70ff23d9190c2350d9e09e4f20c24ed620241844d317_9102.request.json
 create mode 100644 experiments/unified_contextual_memory/artifacts/evaluation/judges/c15d9f9f34e4bc70d85d70ff23d9190c2350d9e09e4f20c24ed620241844d317_9200.json
 create mode 100644 experiments/unified_contextual_memory/artifacts/evaluation/judges/c15d9f9f34e4bc70d85d70ff23d9190c2350d9e09e4f20c24ed620241844d317_9200.request.json
 create mode 100644 experiments/unified_contextual_memory/artifacts/evaluation/judges/c16daeaad14fa0c6900335ef5bb3f83cf2ea80d7a039400c75092f9b1178faff_9100.json
 create mode 100644 experiments/unified_contextual_memory/artifacts/evaluation/judges/c16daeaad14fa0c6900335ef5bb3f83cf2ea80d7a039400c75092f9b1178faff_9100.request.json
 create mode 100644 experiments/unified_contextual_memory/artifacts/evaluation/judges/c16daeaad14fa0c6900335ef5bb3f83cf2ea80d7a039400c75092f9b1178faff_9101.json
 create mode 100644 experiments/unified_contextual_memory/artifacts/evaluation/judges/c16daeaad14fa0c6900335ef5bb3f83cf2ea80d7a039400c75092f9b1178faff_9101.request.json
 create mode 100644 experiments/unified_contextual_memory/artifacts/evaluation/judges/c16daeaad14fa0c6900335ef5bb3f83cf2ea80d7a039400c75092f9b1178faff_9102.json
 create mode 100644 experiments/unified_contextual_memory/artifacts/evaluation/judges/c16daeaad14fa0c6900335ef5bb3f83cf2ea80d7a039400c75092f9b1178faff_9102.request.json
 create mode 100644 experiments/unified_contextual_memory/artifacts/evaluation/judges/c16daeaad14fa0c6900335ef5bb3f83cf2ea80d7a039400c75092f9b1178faff_9200.json
 create mode 100644 experiments/unified_contextual_memory/artifacts/evaluation/judges/c16daeaad14fa0c6900335ef5bb3f83cf2ea80d7a039400c75092f9b1178faff_9200.request.json
 create mode 100644 experiments/unified_contextual_memory/artifacts/evaluation/judges/c23294b4743deb9de60869e32047f95f4aedd2f0d33f4e28d3296e584cedff7b_9100.json
 create mode 100644 experiments/unified_contextual_memory/artifacts/evaluation/judges/c23294b4743deb9de60869e32047f95f4aedd2f0d33f4e28d3296e584cedff7b_9100.request.json
 create mode 100644 experiments/unified_contextual_memory/artifacts/evaluation/judges/c23294b4743deb9de60869e32047f95f4aedd2f0d33f4e28d3296e584cedff7b_9101.json
 create mode 100644 experiments/unified_contextual_memory/artifacts/evaluation/judges/c23294b4743deb9de60869e32047f95f4aedd2f0d33f4e28d3296e584cedff7b_9101.request.json
 create mode 100644 experiments/unified_contextual_memory/artifacts/evaluation/judges/c23294b4743deb9de60869e32047f95f4aedd2f0d33f4e28d3296e584cedff7b_9102.json
 create mode 100644 experiments/unified_contextual_memory/artifacts/evaluation/judges/c23294b4743deb9de60869e32047f95f4aedd2f0d33f4e28d3296e584cedff7b_9102.request.json
 create mode 100644 experiments/unified_contextual_memory/artifacts/evaluation/judges/c23294b4743deb9de60869e32047f95f4aedd2f0d33f4e28d3296e584cedff7b_9200.json
 create mode 100644 experiments/unified_contextual_memory/artifacts/evaluation/judges/c23294b4743deb9de60869e32047f95f4aedd2f0d33f4e28d3296e584cedff7b_9200.request.json
 create mode 100644 experiments/unified_contextual_memory/artifacts/evaluation/judges/c294d4e0e8193bfc4fe68c4208b1331e3d64928b50d4795d31cb7c28982dc807_9100.json
 create mode 100644 experiments/unified_contextual_memory/artifacts/evaluation/judges/c294d4e0e8193bfc4fe68c4208b1331e3d64928b50d4795d31cb7c28982dc807_9100.request.json
 create mode 100644 experiments/unified_contextual_memory/artifacts/evaluation/judges/c294d4e0e8193bfc4fe68c4208b1331e3d64928b50d4795d31cb7c28982dc807_9101.json
 create mode 100644 experiments/unified_contextual_memory/artifacts/evaluation/judges/c294d4e0e8193bfc4fe68c4208b1331e3d64928b50d4795d31cb7c28982dc807_9101.request.json
 create mode 100644 experiments/unified_contextual_memory/artifacts/evaluation/judges/c294d4e0e8193bfc4fe68c4208b1331e3d64928b50d4795d31cb7c28982dc807_9102.json
 create mode 100644 experiments/unified_contextual_memory/artifacts/evaluation/judges/c294d4e0e8193bfc4fe68c4208b1331e3d64928b50d4795d31cb7c28982dc807_9102.request.json
 create mode 100644 experiments/unified_contextual_memory/artifacts/evaluation/judges/c294d4e0e8193bfc4fe68c4208b1331e3d64928b50d4795d31cb7c28982dc807_9200.json
 create mode 100644 experiments/unified_contextual_memory/artifacts/evaluation/judges/c294d4e0e8193bfc4fe68c4208b1331e3d64928b50d4795d31cb7c28982dc807_9200.request.json
 create mode 100644 experiments/unified_contextual_memory/artifacts/evaluation/judges/c33b55f8dfe850aa8fbec1457788c3bf9359286d57fe43cce498f6e3930a10d8_9100.json
 create mode 100644 experiments/unified_contextual_memory/artifacts/evaluation/judges/c33b55f8dfe850aa8fbec1457788c3bf9359286d57fe43cce498f6e3930a10d8_9100.request.json
 create mode 100644 experiments/unified_contextual_memory/artifacts/evaluation/judges/c33b55f8dfe850aa8fbec1457788c3bf9359286d57fe43cce498f6e3930a10d8_9101.json
 create mode 100644 experiments/unified_contextual_memory/artifacts/evaluation/judges/c33b55f8dfe850aa8fbec1457788c3bf9359286d57fe43cce498f6e3930a10d8_9101.request.json
 create mode 100644 experiments/unified_contextual_memory/artifacts/evaluation/judges/c33b55f8dfe850aa8fbec1457788c3bf9359286d57fe43cce498f6e3930a10d8_9102.json
 create mode 100644 experiments/unified_contextual_memory/artifacts/evaluation/judges/c33b55f8dfe850aa8fbec1457788c3bf9359286d57fe43cce498f6e3930a10d8_9102.request.json
 create mode 100644 experiments/unified_contextual_memory/artifacts/evaluation/judges/c33b55f8dfe850aa8fbec1457788c3bf9359286d57fe43cce498f6e3930a10d8_9200.json
 create mode 100644 experiments/unified_contextual_memory/artifacts/evaluation/judges/c33b55f8dfe850aa8fbec1457788c3bf9359286d57fe43cce498f6e3930a10d8_9200.request.json
 create mode 100644 experiments/unified_contextual_memory/artifacts/evaluation/judges/c361262921d4e019c8986bff3c0bbdaa3846921dd912d57bbad6a2ed2a892f1e_9100.json
 create mode 100644 experiments/unified_contextual_memory/artifacts/evaluation/judges/c361262921d4e019c8986bff3c0bbdaa3846921dd912d57bbad6a2ed2a892f1e_9100.request.json
 create mode 100644 experiments/unified_contextual_memory/artifacts/evaluation/judges/c361262921d4e019c8986bff3c0bbdaa3846921dd912d57bbad6a2ed2a892f1e_9101.json
 create mode 100644 experiments/unified_contextual_memory/artifacts/evaluation/judges/c361262921d4e019c8986bff3c0bbdaa3846921dd912d57bbad6a2ed2a892f1e_9101.request.json
 create mode 100644 experiments/unified_contextual_memory/artifacts/evaluation/judges/c361262921d4e019c8986bff3c0bbdaa3846921dd912d57bbad6a2ed2a892f1e_9102.json
 create mode 100644 experiments/unified_contextual_memory/artifacts/evaluation/judges/c361262921d4e019c8986bff3c0bbdaa3846921dd912d57bbad6a2ed2a892f1e_9102.request.json
 create mode 100644 experiments/unified_contextual_memory/artifacts/evaluation/judges/c361262921d4e019c8986bff3c0bbdaa3846921dd912d57bbad6a2ed2a892f1e_9200.json
 create mode 100644 experiments/unified_contextual_memory/artifacts/evaluation/judges/c361262921d4e019c8986bff3c0bbdaa3846921dd912d57bbad6a2ed2a892f1e_9200.request.json
 create mode 100644 experiments/unified_contextual_memory/artifacts/evaluation/judges/c3c5f032da4df9d10f0dd07833cc59b11f988b893d024c8b0ef9c603e682b7d7_9100.json
 create mode 100644 experiments/unified_contextual_memory/artifacts/evaluation/judges/c3c5f032da4df9d10f0dd07833cc59b11f988b893d024c8b0ef9c603e682b7d7_9100.request.json
 create mode 100644 experiments/unified_contextual_memory/artifacts/evaluation/judges/c3c5f032da4df9d10f0dd07833cc59b11f988b893d024c8b0ef9c603e682b7d7_9101.json
 create mode 100644 experiments/unified_contextual_memory/artifacts/evaluation/judges/c3c5f032da4df9d10f0dd07833cc59b11f988b893d024c8b0ef9c603e682b7d7_9101.request.json
 create mode 100644 experiments/unified_contextual_memory/artifacts/evaluation/judges/c3c5f032da4df9d10f0dd07833cc59b11f988b893d024c8b0ef9c603e682b7d7_9102.json
 create mode 100644 experiments/unified_contextual_memory/artifacts/evaluation/judges/c3c5f032da4df9d10f0dd07833cc59b11f988b893d024c8b0ef9c603e682b7d7_9102.request.json
 create mode 100644 experiments/unified_contextual_memory/artifacts/evaluation/judges/c3c5f032da4df9d10f0dd07833cc59b11f988b893d024c8b0ef9c603e682b7d7_9200.json
 create mode 100644 experiments/unified_contextual_memory/artifacts/evaluation/judges/c3c5f032da4df9d10f0dd07833cc59b11f988b893d024c8b0ef9c603e682b7d7_9200.request.json
 create mode 100644 experiments/unified_contextual_memory/artifacts/evaluation/judges/c44c7836e38bb2fde11d667fe31f0e8ca5af9f59d3e8cf43009f580b78724030_9100.json
 create mode 100644 experiments/unified_contextual_memory/artifacts/evaluation/judges/c44c7836e38bb2fde11d667fe31f0e8ca5af9f59d3e8cf43009f580b78724030_9100.request.json
 create mode 100644 experiments/unified_contextual_memory/artifacts/evaluation/judges/c44c7836e38bb2fde11d667fe31f0e8ca5af9f59d3e8cf43009f580b78724030_9101.json
 create mode 100644 experiments/unified_contextual_memory/artifacts/evaluation/judges/c44c7836e38bb2fde11d667fe31f0e8ca5af9f59d3e8cf43009f580b78724030_9101.request.json
 create mode 100644 experiments/unified_contextual_memory/artifacts/evaluation/judges/c44c7836e38bb2fde11d667fe31f0e8ca5af9f59d3e8cf43009f580b78724030_9102.json
 create mode 100644 experiments/unified_contextual_memory/artifacts/evaluation/judges/c44c7836e38bb2fde11d667fe31f0e8ca5af9f59d3e8cf43009f580b78724030_9102.request.json
 create mode 100644 experiments/unified_contextual_memory/artifacts/evaluation/judges/c44c7836e38bb2fde11d667fe31f0e8ca5af9f59d3e8cf43009f580b78724030_9200.json
 create mode 100644 experiments/unified_contextual_memory/artifacts/evaluation/judges/c44c7836e38bb2fde11d667fe31f0e8ca5af9f59d3e8cf43009f580b78724030_9200.request.json
 create mode 100644 experiments/unified_contextual_memory/artifacts/evaluation/judges/c4979f7be40ae4544549d34eb62e5b2f0e37380a6aa343a354d4210950b8f8ac_9100.json
 create mode 100644 experiments/unified_contextual_memory/artifacts/evaluation/judges/c4979f7be40ae4544549d34eb62e5b2f0e37380a6aa343a354d4210950b8f8ac_9100.request.json
 create mode 100644 experiments/unified_contextual_memory/artifacts/evaluation/judges/c4979f7be40ae4544549d34eb62e5b2f0e37380a6aa343a354d4210950b8f8ac_9101.json
 create mode 100644 experiments/unified_contextual_memory/artifacts/evaluation/judges/c4979f7be40ae4544549d34eb62e5b2f0e37380a6aa343a354d4210950b8f8ac_9101.request.json
 create mode 100644 experiments/unified_contextual_memory/artifacts/evaluation/judges/c4979f7be40ae4544549d34eb62e5b2f0e37380a6aa343a354d4210950b8f8ac_9102.json
 create mode 100644 experiments/unified_contextual_memory/artifacts/evaluation/judges/c4979f7be40ae4544549d34eb62e5b2f0e37380a6aa343a354d4210950b8f8ac_9102.request.json
 create mode 100644 experiments/unified_contextual_memory/artifacts/evaluation/judges/c4979f7be40ae4544549d34eb62e5b2f0e37380a6aa343a354d4210950b8f8ac_9200.json
 create mode 100644 experiments/unified_contextual_memory/artifacts/evaluation/judges/c4979f7be40ae4544549d34eb62e5b2f0e37380a6aa343a354d4210950b8f8ac_9200.request.json
 create mode 100644 experiments/unified_contextual_memory/artifacts/evaluation/judges/c4b56543042a88e9aa2955183254e7c6d58a6d1c8bbcba28c74d6f26ab3eb5df_9100.json
 create mode 100644 experiments/unified_contextual_memory/artifacts/evaluation/judges/c4b56543042a88e9aa2955183254e7c6d58a6d1c8bbcba28c74d6f26ab3eb5df_9100.request.json
 create mode 100644 experiments/unified_contextual_memory/artifacts/evaluation/judges/c4b56543042a88e9aa2955183254e7c6d58a6d1c8bbcba28c74d6f26ab3eb5df_9101.json
 create mode 100644 experiments/unified_contextual_memory/artifacts/evaluation/judges/c4b56543042a88e9aa2955183254e7c6d58a6d1c8bbcba28c74d6f26ab3eb5df_9101.request.json
 create mode 100644 experiments/unified_contextual_memory/artifacts/evaluation/judges/c4b56543042a88e9aa2955183254e7c6d58a6d1c8bbcba28c74d6f26ab3eb5df_9102.json
 create mode 100644 experiments/unified_contextual_memory/artifacts/evaluation/judges/c4b56543042a88e9aa2955183254e7c6d58a6d1c8bbcba28c74d6f26ab3eb5df_9102.request.json
 create mode 100644 experiments/unified_contextual_memory/artifacts/evaluation/judges/c4b56543042a88e9aa2955183254e7c6d58a6d1c8bbcba28c74d6f26ab3eb5df_9200.json
 create mode 100644 experiments/unified_contextual_memory/artifacts/evaluation/judges/c4b56543042a88e9aa2955183254e7c6d58a6d1c8bbcba28c74d6f26ab3eb5df_9200.request.json
 create mode 100644 experiments/unified_contextual_memory/artifacts/evaluation/judges/c4cf179af1ddbf2620f7d57f558cae2fac8049fbcd97ad6530aca4e5d4623b95_9100.json
 create mode 100644 experiments/unified_contextual_memory/artifacts/evaluation/judges/c4cf179af1ddbf2620f7d57f558cae2fac8049fbcd97ad6530aca4e5d4623b95_9100.request.json
 create mode 100644 experiments/unified_contextual_memory/artifacts/evaluation/judges/c4cf179af1ddbf2620f7d57f558cae2fac8049fbcd97ad6530aca4e5d4623b95_9101.json
 create mode 100644 experiments/unified_contextual_memory/artifacts/evaluation/judges/c4cf179af1ddbf2620f7d57f558cae2fac8049fbcd97ad6530aca4e5d4623b95_9101.request.json
 create mode 100644 experiments/unified_contextual_memory/artifacts/evaluation/judges/c4cf179af1ddbf2620f7d57f558cae2fac8049fbcd97ad6530aca4e5d4623b95_9102.json
 create mode 100644 experiments/unified_contextual_memory/artifacts/evaluation/judges/c4cf179af1ddbf2620f7d57f558cae2fac8049fbcd97ad6530aca4e5d4623b95_9102.request.json
 create mode 100644 experiments/unified_contextual_memory/artifacts/evaluation/judges/c4cf179af1ddbf2620f7d57f558cae2fac8049fbcd97ad6530aca4e5d4623b95_9200.json
 create mode 100644 experiments/unified_contextual_memory/artifacts/evaluation/judges/c4cf179af1ddbf2620f7d57f558cae2fac8049fbcd97ad6530aca4e5d4623b95_9200.request.json
 create mode 100644 experiments/unified_contextual_memory/artifacts/evaluation/judges/c527ea1843b619255831ce06c075c7fa949849bb641b9c239a32d76047263da6_9100.json
 create mode 100644 experiments/unified_contextual_memory/artifacts/evaluation/judges/c527ea1843b619255831ce06c075c7fa949849bb641b9c239a32d76047263da6_9100.request.json
 create mode 100644 experiments/unified_contextual_memory/artifacts/evaluation/judges/c527ea1843b619255831ce06c075c7fa949849bb641b9c239a32d76047263da6_9101.json
 create mode 100644 experiments/unified_contextual_memory/artifacts/evaluation/judges/c527ea1843b619255831ce06c075c7fa949849bb641b9c239a32d76047263da6_9101.request.json
 create mode 100644 experiments/unified_contextual_memory/artifacts/evaluation/judges/c527ea1843b619255831ce06c075c7fa949849bb641b9c239a32d76047263da6_9102.json
 create mode 100644 experiments/unified_contextual_memory/artifacts/evaluation/judges/c527ea1843b619255831ce06c075c7fa949849bb641b9c239a32d76047263da6_9102.request.json
 create mode 100644 experiments/unified_contextual_memory/artifacts/evaluation/judges/c527ea1843b619255831ce06c075c7fa949849bb641b9c239a32d76047263da6_9200.json
 create mode 100644 experiments/unified_contextual_memory/artifacts/evaluation/judges/c527ea1843b619255831ce06c075c7fa949849bb641b9c239a32d76047263da6_9200.request.json
 create mode 100644 experiments/unified_contextual_memory/artifacts/evaluation/judges/c54f8a2c8d5edb87baaddf0fc31d5ef58711f94abcbaeb4a6410c75bc2e69052_9100.json
 create mode 100644 experiments/unified_contextual_memory/artifacts/evaluation/judges/c54f8a2c8d5edb87baaddf0fc31d5ef58711f94abcbaeb4a6410c75bc2e69052_9100.request.json
 create mode 100644 experiments/unified_contextual_memory/artifacts/evaluation/judges/c54f8a2c8d5edb87baaddf0fc31d5ef58711f94abcbaeb4a6410c75bc2e69052_9101.json
 create mode 100644 experiments/unified_contextual_memory/artifacts/evaluation/judges/c54f8a2c8d5edb87baaddf0fc31d5ef58711f94abcbaeb4a6410c75bc2e69052_9101.request.json
 create mode 100644 experiments/unified_contextual_memory/artifacts/evaluation/judges/c54f8a2c8d5edb87baaddf0fc31d5ef58711f94abcbaeb4a6410c75bc2e69052_9102.json
 create mode 100644 experiments/unified_contextual_memory/artifacts/evaluation/judges/c54f8a2c8d5edb87baaddf0fc31d5ef58711f94abcbaeb4a6410c75bc2e69052_9102.request.json
 create mode 100644 experiments/unified_contextual_memory/artifacts/evaluation/judges/c54f8a2c8d5edb87baaddf0fc31d5ef58711f94abcbaeb4a6410c75bc2e69052_9200.json
 create mode 100644 experiments/unified_contextual_memory/artifacts/evaluation/judges/c54f8a2c8d5edb87baaddf0fc31d5ef58711f94abcbaeb4a6410c75bc2e69052_9200.request.json
 create mode 100644 experiments/unified_contextual_memory/artifacts/evaluation/judges/c5982cd7f6ca5335d0c86963808c1cdac8b5f4d80b359861a9d30e61a343215d_9100.json
 create mode 100644 experiments/unified_contextual_memory/artifacts/evaluation/judges/c5982cd7f6ca5335d0c86963808c1cdac8b5f4d80b359861a9d30e61a343215d_9100.request.json
 create mode 100644 experiments/unified_contextual_memory/artifacts/evaluation/judges/c5982cd7f6ca5335d0c86963808c1cdac8b5f4d80b359861a9d30e61a343215d_9101.json
 create mode 100644 experiments/unified_contextual_memory/artifacts/evaluation/judges/c5982cd7f6ca5335d0c86963808c1cdac8b5f4d80b359861a9d30e61a343215d_9101.request.json
 create mode 100644 experiments/unified_contextual_memory/artifacts/evaluation/judges/c5982cd7f6ca5335d0c86963808c1cdac8b5f4d80b359861a9d30e61a343215d_9102.json
 create mode 100644 experiments/unified_contextual_memory/artifacts/evaluation/judges/c5982cd7f6ca5335d0c86963808c1cdac8b5f4d80b359861a9d30e61a343215d_9102.request.json
 create mode 100644 experiments/unified_contextual_memory/artifacts/evaluation/judges/c5982cd7f6ca5335d0c86963808c1cdac8b5f4d80b359861a9d30e61a343215d_9200.json
 create mode 100644 experiments/unified_contextual_memory/artifacts/evaluation/judges/c5982cd7f6ca5335d0c86963808c1cdac8b5f4d80b359861a9d30e61a343215d_9200.request.json
 create mode 100644 experiments/unified_contextual_memory/artifacts/evaluation/judges/c674aaf448fd0d24ac313779eda92f193f45b6966692e9c7a59b59d4de918f6e_9100.json
 create mode 100644 experiments/unified_contextual_memory/artifacts/evaluation/judges/c674aaf448fd0d24ac313779eda92f193f45b6966692e9c7a59b59d4de918f6e_9100.request.json
 create mode 100644 experiments/unified_contextual_memory/artifacts/evaluation/judges/c674aaf448fd0d24ac313779eda92f193f45b6966692e9c7a59b59d4de918f6e_9101.json
 create mode 100644 experiments/unified_contextual_memory/artifacts/evaluation/judges/c674aaf448fd0d24ac313779eda92f193f45b6966692e9c7a59b59d4de918f6e_9101.request.json
 create mode 100644 experiments/unified_contextual_memory/artifacts/evaluation/judges/c674aaf448fd0d24ac313779eda92f193f45b6966692e9c7a59b59d4de918f6e_9102.json
 create mode 100644 experiments/unified_contextual_memory/artifacts/evaluation/judges/c674aaf448fd0d24ac313779eda92f193f45b6966692e9c7a59b59d4de918f6e_9102.request.json
 create mode 100644 experiments/unified_contextual_memory/artifacts/evaluation/judges/c674aaf448fd0d24ac313779eda92f193f45b6966692e9c7a59b59d4de918f6e_9200.json
 create mode 100644 experiments/unified_contextual_memory/artifacts/evaluation/judges/c674aaf448fd0d24ac313779eda92f193f45b6966692e9c7a59b59d4de918f6e_9200.request.json
 create mode 100644 experiments/unified_contextual_memory/artifacts/evaluation/judges/c6a18584ef9c5d4229c90495a7dc0f196ceff4758c2e3764a877f3dfda3b869e_9100.json
 create mode 100644 experiments/unified_contextual_memory/artifacts/evaluation/judges/c6a18584ef9c5d4229c90495a7dc0f196ceff4758c2e3764a877f3dfda3b869e_9100.request.json
 create mode 100644 experiments/unified_contextual_memory/artifacts/evaluation/judges/c6a18584ef9c5d4229c90495a7dc0f196ceff4758c2e3764a877f3dfda3b869e_9101.json
 create mode 100644 experiments/unified_contextual_memory/artifacts/evaluation/judges/c6a18584ef9c5d4229c90495a7dc0f196ceff4758c2e3764a877f3dfda3b869e_9101.request.json
 create mode 100644 experiments/unified_contextual_memory/artifacts/evaluation/judges/c6a18584ef9c5d4229c90495a7dc0f196ceff4758c2e3764a877f3dfda3b869e_9102.json
 create mode 100644 experiments/unified_contextual_memory/artifacts/evaluation/judges/c6a18584ef9c5d4229c90495a7dc0f196ceff4758c2e3764a877f3dfda3b869e_9102.request.json
 create mode 100644 experiments/unified_contextual_memory/artifacts/evaluation/judges/c6a18584ef9c5d4229c90495a7dc0f196ceff4758c2e3764a877f3dfda3b869e_9200.json
 create mode 100644 experiments/unified_contextual_memory/artifacts/evaluation/judges/c6a18584ef9c5d4229c90495a7dc0f196ceff4758c2e3764a877f3dfda3b869e_9200.request.json
 create mode 100644 experiments/unified_contextual_memory/artifacts/evaluation/judges/c6ccce10f487dc0252baa4427e7c05ff7ac184faf4a2ff1602d657b857b4a04b_9100.json
 create mode 100644 experiments/unified_contextual_memory/artifacts/evaluation/judges/c6ccce10f487dc0252baa4427e7c05ff7ac184faf4a2ff1602d657b857b4a04b_9100.request.json
 create mode 100644 experiments/unified_contextual_memory/artifacts/evaluation/judges/c6ccce10f487dc0252baa4427e7c05ff7ac184faf4a2ff1602d657b857b4a04b_9101.json
 create mode 100644 experiments/unified_contextual_memory/artifacts/evaluation/judges/c6ccce10f487dc0252baa4427e7c05ff7ac184faf4a2ff1602d657b857b4a04b_9101.request.json
 create mode 100644 experiments/unified_contextual_memory/artifacts/evaluation/judges/c6ccce10f487dc0252baa4427e7c05ff7ac184faf4a2ff1602d657b857b4a04b_9102.json
 create mode 100644 experiments/unified_contextual_memory/artifacts/evaluation/judges/c6ccce10f487dc0252baa4427e7c05ff7ac184faf4a2ff1602d657b857b4a04b_9102.request.json
 create mode 100644 experiments/unified_contextual_memory/artifacts/evaluation/judges/c6ccce10f487dc0252baa4427e7c05ff7ac184faf4a2ff1602d657b857b4a04b_9200.json
 create mode 100644 experiments/unified_contextual_memory/artifacts/evaluation/judges/c6ccce10f487dc0252baa4427e7c05ff7ac184faf4a2ff1602d657b857b4a04b_9200.request.json
 create mode 100644 experiments/unified_contextual_memory/artifacts/evaluation/judges/c7246a7ce2c7e11f07e50cdf83d89be1280590f8e76f2cb2a63d3a35940e44bf_9100.json
 create mode 100644 experiments/unified_contextual_memory/artifacts/evaluation/judges/c7246a7ce2c7e11f07e50cdf83d89be1280590f8e76f2cb2a63d3a35940e44bf_9100.request.json
 create mode 100644 experiments/unified_contextual_memory/artifacts/evaluation/judges/c7246a7ce2c7e11f07e50cdf83d89be1280590f8e76f2cb2a63d3a35940e44bf_9101.json
 create mode 100644 experiments/unified_contextual_memory/artifacts/evaluation/judges/c7246a7ce2c7e11f07e50cdf83d89be1280590f8e76f2cb2a63d3a35940e44bf_9101.request.json
 create mode 100644 experiments/unified_contextual_memory/artifacts/evaluation/judges/c7246a7ce2c7e11f07e50cdf83d89be1280590f8e76f2cb2a63d3a35940e44bf_9102.json
 create mode 100644 experiments/unified_contextual_memory/artifacts/evaluation/judges/c7246a7ce2c7e11f07e50cdf83d89be1280590f8e76f2cb2a63d3a35940e44bf_9102.request.json
 create mode 100644 experiments/unified_contextual_memory/artifacts/evaluation/judges/c7246a7ce2c7e11f07e50cdf83d89be1280590f8e76f2cb2a63d3a35940e44bf_9200.json
 create mode 100644 experiments/unified_contextual_memory/artifacts/evaluation/judges/c7246a7ce2c7e11f07e50cdf83d89be1280590f8e76f2cb2a63d3a35940e44bf_9200.request.json
 create mode 100644 experiments/unified_contextual_memory/artifacts/evaluation/judges/c770663decebb86050b0e4529923119bdc0a4fce3df630329d17ac2c0220ffe2_9100.json
 create mode 100644 experiments/unified_contextual_memory/artifacts/evaluation/judges/c770663decebb86050b0e4529923119bdc0a4fce3df630329d17ac2c0220ffe2_9100.request.json
 create mode 100644 experiments/unified_contextual_memory/artifacts/evaluation/judges/c770663decebb86050b0e4529923119bdc0a4fce3df630329d17ac2c0220ffe2_9101.json
 create mode 100644 experiments/unified_contextual_memory/artifacts/evaluation/judges/c770663decebb86050b0e4529923119bdc0a4fce3df630329d17ac2c0220ffe2_9101.request.json
 create mode 100644 experiments/unified_contextual_memory/artifacts/evaluation/judges/c770663decebb86050b0e4529923119bdc0a4fce3df630329d17ac2c0220ffe2_9102.json
 create mode 100644 experiments/unified_contextual_memory/artifacts/evaluation/judges/c770663decebb86050b0e4529923119bdc0a4fce3df630329d17ac2c0220ffe2_9102.request.json
 create mode 100644 experiments/unified_contextual_memory/artifacts/evaluation/judges/c770663decebb86050b0e4529923119bdc0a4fce3df630329d17ac2c0220ffe2_9200.json
 create mode 100644 experiments/unified_contextual_memory/artifacts/evaluation/judges/c770663decebb86050b0e4529923119bdc0a4fce3df630329d17ac2c0220ffe2_9200.request.json
 create mode 100644 experiments/unified_contextual_memory/artifacts/evaluation/judges/c7973295086ce8302d6477662218453b283298752bee1e35bdd5017bdf1b36ab_9100.json
 create mode 100644 experiments/unified_contextual_memory/artifacts/evaluation/judges/c7973295086ce8302d6477662218453b283298752bee1e35bdd5017bdf1b36ab_9100.request.json
 create mode 100644 experiments/unified_contextual_memory/artifacts/evaluation/judges/c7973295086ce8302d6477662218453b283298752bee1e35bdd5017bdf1b36ab_9101.json
 create mode 100644 experiments/unified_contextual_memory/artifacts/evaluation/judges/c7973295086ce8302d6477662218453b283298752bee1e35bdd5017bdf1b36ab_9101.request.json
 create mode 100644 experiments/unified_contextual_memory/artifacts/evaluation/judges/c7973295086ce8302d6477662218453b283298752bee1e35bdd5017bdf1b36ab_9102.json
 create mode 100644 experiments/unified_contextual_memory/artifacts/evaluation/judges/c7973295086ce8302d6477662218453b283298752bee1e35bdd5017bdf1b36ab_9102.request.json
 create mode 100644 experiments/unified_contextual_memory/artifacts/evaluation/judges/c7973295086ce8302d6477662218453b283298752bee1e35bdd5017bdf1b36ab_9200.json
 create mode 100644 experiments/unified_contextual_memory/artifacts/evaluation/judges/c7973295086ce8302d6477662218453b283298752bee1e35bdd5017bdf1b36ab_9200.request.json
 create mode 100644 experiments/unified_contextual_memory/artifacts/evaluation/judges/c89cfa93a95d325c6e33d21bf03cd1c9342e733392e157378be42111dad7fe2b_9100.json
 create mode 100644 experiments/unified_contextual_memory/artifacts/evaluation/judges/c89cfa93a95d325c6e33d21bf03cd1c9342e733392e157378be42111dad7fe2b_9100.request.json
 create mode 100644 experiments/unified_contextual_memory/artifacts/evaluation/judges/c89cfa93a95d325c6e33d21bf03cd1c9342e733392e157378be42111dad7fe2b_9101.json
 create mode 100644 experiments/unified_contextual_memory/artifacts/evaluation/judges/c89cfa93a95d325c6e33d21bf03cd1c9342e733392e157378be42111dad7fe2b_9101.request.json
 create mode 100644 experiments/unified_contextual_memory/artifacts/evaluation/judges/c89cfa93a95d325c6e33d21bf03cd1c9342e733392e157378be42111dad7fe2b_9102.json
 create mode 100644 experiments/unified_contextual_memory/artifacts/evaluation/judges/c89cfa93a95d325c6e33d21bf03cd1c9342e733392e157378be42111dad7fe2b_9102.request.json
 create mode 100644 experiments/unified_contextual_memory/artifacts/evaluation/judges/c89cfa93a95d325c6e33d21bf03cd1c9342e733392e157378be42111dad7fe2b_9200.json
 create mode 100644 experiments/unified_contextual_memory/artifacts/evaluation/judges/c89cfa93a95d325c6e33d21bf03cd1c9342e733392e157378be42111dad7fe2b_9200.request.json
 create mode 100644 experiments/unified_contextual_memory/artifacts/evaluation/judges/c8adf7609ac45d5c662e5f488c2ad0a8e259ceb7e5314979480be9bad38eebea_9100.json
 create mode 100644 experiments/unified_contextual_memory/artifacts/evaluation/judges/c8adf7609ac45d5c662e5f488c2ad0a8e259ceb7e5314979480be9bad38eebea_9100.request.json
 create mode 100644 experiments/unified_contextual_memory/artifacts/evaluation/judges/c8adf7609ac45d5c662e5f488c2ad0a8e259ceb7e5314979480be9bad38eebea_9101.json
 create mode 100644 experiments/unified_contextual_memory/artifacts/evaluation/judges/c8adf7609ac45d5c662e5f488c2ad0a8e259ceb7e5314979480be9bad38eebea_9101.request.json
 create mode 100644 experiments/unified_contextual_memory/artifacts/evaluation/judges/c8adf7609ac45d5c662e5f488c2ad0a8e259ceb7e5314979480be9bad38eebea_9102.json
 create mode 100644 experiments/unified_contextual_memory/artifacts/evaluation/judges/c8adf7609ac45d5c662e5f488c2ad0a8e259ceb7e5314979480be9bad38eebea_9102.request.json
 create mode 100644 experiments/unified_contextual_memory/artifacts/evaluation/judges/c8adf7609ac45d5c662e5f488c2ad0a8e259ceb7e5314979480be9bad38eebea_9200.json
 create mode 100644 experiments/unified_contextual_memory/artifacts/evaluation/judges/c8adf7609ac45d5c662e5f488c2ad0a8e259ceb7e5314979480be9bad38eebea_9200.request.json
 create mode 100644 experiments/unified_contextual_memory/artifacts/evaluation/judges/c8ea5746aed67ae358a13f057f1b20ee1e5626ca96afd811f6ff99fdf589aef7_9100.json
 create mode 100644 experiments/unified_contextual_memory/artifacts/evaluation/judges/c8ea5746aed67ae358a13f057f1b20ee1e5626ca96afd811f6ff99fdf589aef7_9100.request.json
 create mode 100644 experiments/unified_contextual_memory/artifacts/evaluation/judges/c8ea5746aed67ae358a13f057f1b20ee1e5626ca96afd811f6ff99fdf589aef7_9101.json
 create mode 100644 experiments/unified_contextual_memory/artifacts/evaluation/judges/c8ea5746aed67ae358a13f057f1b20ee1e5626ca96afd811f6ff99fdf589aef7_9101.request.json
 create mode 100644 experiments/unified_contextual_memory/artifacts/evaluation/judges/c8ea5746aed67ae358a13f057f1b20ee1e5626ca96afd811f6ff99fdf589aef7_9102.json
 create mode 100644 experiments/unified_contextual_memory/artifacts/evaluation/judges/c8ea5746aed67ae358a13f057f1b20ee1e5626ca96afd811f6ff99fdf589aef7_9102.request.json
 create mode 100644 experiments/unified_contextual_memory/artifacts/evaluation/judges/c8ea5746aed67ae358a13f057f1b20ee1e5626ca96afd811f6ff99fdf589aef7_9200.json
 create mode 100644 experiments/unified_contextual_memory/artifacts/evaluation/judges/c8ea5746aed67ae358a13f057f1b20ee1e5626ca96afd811f6ff99fdf589aef7_9200.request.json
 create mode 100644 experiments/unified_contextual_memory/artifacts/evaluation/judges/c912011421908a6f76ed8f8734790af8c5eb815370c91b5608fb580ab2900728_9100.json
 create mode 100644 experiments/unified_contextual_memory/artifacts/evaluation/judges/c912011421908a6f76ed8f8734790af8c5eb815370c91b5608fb580ab2900728_9100.request.json
 create mode 100644 experiments/unified_contextual_memory/artifacts/evaluation/judges/c912011421908a6f76ed8f8734790af8c5eb815370c91b5608fb580ab2900728_9101.json
 create mode 100644 experiments/unified_contextual_memory/artifacts/evaluation/judges/c912011421908a6f76ed8f8734790af8c5eb815370c91b5608fb580ab2900728_9101.request.json
 create mode 100644 experiments/unified_contextual_memory/artifacts/evaluation/judges/c912011421908a6f76ed8f8734790af8c5eb815370c91b5608fb580ab2900728_9102.json
 create mode 100644 experiments/unified_contextual_memory/artifacts/evaluation/judges/c912011421908a6f76ed8f8734790af8c5eb815370c91b5608fb580ab2900728_9102.request.json
 create mode 100644 experiments/unified_contextual_memory/artifacts/evaluation/judges/c912011421908a6f76ed8f8734790af8c5eb815370c91b5608fb580ab2900728_9200.json
 create mode 100644 experiments/unified_contextual_memory/artifacts/evaluation/judges/c912011421908a6f76ed8f8734790af8c5eb815370c91b5608fb580ab2900728_9200.request.json
 create mode 100644 experiments/unified_contextual_memory/artifacts/evaluation/judges/ca140ac78f100bae0b138589a005a60cb3a6be4932f7553fb2d467fe10a87797_9100.json
 create mode 100644 experiments/unified_contextual_memory/artifacts/evaluation/judges/ca140ac78f100bae0b138589a005a60cb3a6be4932f7553fb2d467fe10a87797_9100.request.json
 create mode 100644 experiments/unified_contextual_memory/artifacts/evaluation/judges/ca140ac78f100bae0b138589a005a60cb3a6be4932f7553fb2d467fe10a87797_9101.json
 create mode 100644 experiments/unified_contextual_memory/artifacts/evaluation/judges/ca140ac78f100bae0b138589a005a60cb3a6be4932f7553fb2d467fe10a87797_9101.request.json
 create mode 100644 experiments/unified_contextual_memory/artifacts/evaluation/judges/ca140ac78f100bae0b138589a005a60cb3a6be4932f7553fb2d467fe10a87797_9102.json
 create mode 100644 experiments/unified_contextual_memory/artifacts/evaluation/judges/ca140ac78f100bae0b138589a005a60cb3a6be4932f7553fb2d467fe10a87797_9102.request.json
 create mode 100644 experiments/unified_contextual_memory/artifacts/evaluation/judges/ca140ac78f100bae0b138589a005a60cb3a6be4932f7553fb2d467fe10a87797_9200.json
 create mode 100644 experiments/unified_contextual_memory/artifacts/evaluation/judges/ca140ac78f100bae0b138589a005a60cb3a6be4932f7553fb2d467fe10a87797_9200.request.json
 create mode 100644 experiments/unified_contextual_memory/artifacts/evaluation/judges/cad61c37e7873343365c81b7ae1af945d4f5e537b068900ee1059c169f4d3743_9100.json
 create mode 100644 experiments/unified_contextual_memory/artifacts/evaluation/judges/cad61c37e7873343365c81b7ae1af945d4f5e537b068900ee1059c169f4d3743_9100.request.json
 create mode 100644 experiments/unified_contextual_memory/artifacts/evaluation/judges/cad61c37e7873343365c81b7ae1af945d4f5e537b068900ee1059c169f4d3743_9101.json
 create mode 100644 experiments/unified_contextual_memory/artifacts/evaluation/judges/cad61c37e7873343365c81b7ae1af945d4f5e537b068900ee1059c169f4d3743_9101.request.json
 create mode 100644 experiments/unified_contextual_memory/artifacts/evaluation/judges/cad61c37e7873343365c81b7ae1af945d4f5e537b068900ee1059c169f4d3743_9102.json
 create mode 100644 experiments/unified_contextual_memory/artifacts/evaluation/judges/cad61c37e7873343365c81b7ae1af945d4f5e537b068900ee1059c169f4d3743_9102.request.json
 create mode 100644 experiments/unified_contextual_memory/artifacts/evaluation/judges/cad61c37e7873343365c81b7ae1af945d4f5e537b068900ee1059c169f4d3743_9200.json
 create mode 100644 experiments/unified_contextual_memory/artifacts/evaluation/judges/cad61c37e7873343365c81b7ae1af945d4f5e537b068900ee1059c169f4d3743_9200.request.json
 create mode 100644 experiments/unified_contextual_memory/artifacts/evaluation/judges/cb0eb8b061364aca6fda029629e18ab63180fd9a0c8d2c1b5c49012076777c54_9100.json
 create mode 100644 experiments/unified_contextual_memory/artifacts/evaluation/judges/cb0eb8b061364aca6fda029629e18ab63180fd9a0c8d2c1b5c49012076777c54_9100.request.json
 create mode 100644 experiments/unified_contextual_memory/artifacts/evaluation/judges/cb0eb8b061364aca6fda029629e18ab63180fd9a0c8d2c1b5c49012076777c54_9101.json
 create mode 100644 experiments/unified_contextual_memory/artifacts/evaluation/judges/cb0eb8b061364aca6fda029629e18ab63180fd9a0c8d2c1b5c49012076777c54_9101.request.json
 create mode 100644 experiments/unified_contextual_memory/artifacts/evaluation/judges/cb0eb8b061364aca6fda029629e18ab63180fd9a0c8d2c1b5c49012076777c54_9102.json
 create mode 100644 experiments/unified_contextual_memory/artifacts/evaluation/judges/cb0eb8b061364aca6fda029629e18ab63180fd9a0c8d2c1b5c49012076777c54_9102.request.json
 create mode 100644 experiments/unified_contextual_memory/artifacts/evaluation/judges/cb0eb8b061364aca6fda029629e18ab63180fd9a0c8d2c1b5c49012076777c54_9200.json
 create mode 100644 experiments/unified_contextual_memory/artifacts/evaluation/judges/cb0eb8b061364aca6fda029629e18ab63180fd9a0c8d2c1b5c49012076777c54_9200.request.json
 create mode 100644 experiments/unified_contextual_memory/artifacts/evaluation/judges/cb3daef1c06a373985a5da40a928d82f8aba274c4be07ea5245dfcc83fef1ab7_9100.json
 create mode 100644 experiments/unified_contextual_memory/artifacts/evaluation/judges/cb3daef1c06a373985a5da40a928d82f8aba274c4be07ea5245dfcc83fef1ab7_9100.request.json
 create mode 100644 experiments/unified_contextual_memory/artifacts/evaluation/judges/cb3daef1c06a373985a5da40a928d82f8aba274c4be07ea5245dfcc83fef1ab7_9101.json
 create mode 100644 experiments/unified_contextual_memory/artifacts/evaluation/judges/cb3daef1c06a373985a5da40a928d82f8aba274c4be07ea5245dfcc83fef1ab7_9101.request.json
 create mode 100644 experiments/unified_contextual_memory/artifacts/evaluation/judges/cb3daef1c06a373985a5da40a928d82f8aba274c4be07ea5245dfcc83fef1ab7_9102.json
 create mode 100644 experiments/unified_contextual_memory/artifacts/evaluation/judges/cb3daef1c06a373985a5da40a928d82f8aba274c4be07ea5245dfcc83fef1ab7_9102.request.json
 create mode 100644 experiments/unified_contextual_memory/artifacts/evaluation/judges/cb3daef1c06a373985a5da40a928d82f8aba274c4be07ea5245dfcc83fef1ab7_9200.json
 create mode 100644 experiments/unified_contextual_memory/artifacts/evaluation/judges/cb3daef1c06a373985a5da40a928d82f8aba274c4be07ea5245dfcc83fef1ab7_9200.request.json
 create mode 100644 experiments/unified_contextual_memory/artifacts/evaluation/judges/cb4d92c0c2adff2103ec02abf140f5927c6fc470ba744d6c80d68ba6e211ecd5_9100.json
 create mode 100644 experiments/unified_contextual_memory/artifacts/evaluation/judges/cb4d92c0c2adff2103ec02abf140f5927c6fc470ba744d6c80d68ba6e211ecd5_9100.request.json
 create mode 100644 experiments/unified_contextual_memory/artifacts/evaluation/judges/cb4d92c0c2adff2103ec02abf140f5927c6fc470ba744d6c80d68ba6e211ecd5_9101.json
 create mode 100644 experiments/unified_contextual_memory/artifacts/evaluation/judges/cb4d92c0c2adff2103ec02abf140f5927c6fc470ba744d6c80d68ba6e211ecd5_9101.request.json
 create mode 100644 experiments/unified_contextual_memory/artifacts/evaluation/judges/cb4d92c0c2adff2103ec02abf140f5927c6fc470ba744d6c80d68ba6e211ecd5_9102.json
 create mode 100644 experiments/unified_contextual_memory/artifacts/evaluation/judges/cb4d92c0c2adff2103ec02abf140f5927c6fc470ba744d6c80d68ba6e211ecd5_9102.request.json
 create mode 100644 experiments/unified_contextual_memory/artifacts/evaluation/judges/cb4d92c0c2adff2103ec02abf140f5927c6fc470ba744d6c80d68ba6e211ecd5_9200.json
 create mode 100644 experiments/unified_contextual_memory/artifacts/evaluation/judges/cb4d92c0c2adff2103ec02abf140f5927c6fc470ba744d6c80d68ba6e211ecd5_9200.request.json
 create mode 100644 experiments/unified_contextual_memory/artifacts/evaluation/judges/cbb0f53588914c10af7b23e943412afeafd37cc5069d8027c137faecfe98a840_9100.json
 create mode 100644 experiments/unified_contextual_memory/artifacts/evaluation/judges/cbb0f53588914c10af7b23e943412afeafd37cc5069d8027c137faecfe98a840_9100.request.json
 create mode 100644 experiments/unified_contextual_memory/artifacts/evaluation/judges/cbb0f53588914c10af7b23e943412afeafd37cc5069d8027c137faecfe98a840_9101.json
 create mode 100644 experiments/unified_contextual_memory/artifacts/evaluation/judges/cbb0f53588914c10af7b23e943412afeafd37cc5069d8027c137faecfe98a840_9101.request.json
 create mode 100644 experiments/unified_contextual_memory/artifacts/evaluation/judges/cbb0f53588914c10af7b23e943412afeafd37cc5069d8027c137faecfe98a840_9102.json
 create mode 100644 experiments/unified_contextual_memory/artifacts/evaluation/judges/cbb0f53588914c10af7b23e943412afeafd37cc5069d8027c137faecfe98a840_9102.request.json
 create mode 100644 experiments/unified_contextual_memory/artifacts/evaluation/judges/cbb0f53588914c10af7b23e943412afeafd37cc5069d8027c137faecfe98a840_9200.json
 create mode 100644 experiments/unified_contextual_memory/artifacts/evaluation/judges/cbb0f53588914c10af7b23e943412afeafd37cc5069d8027c137faecfe98a840_9200.request.json
 create mode 100644 experiments/unified_contextual_memory/artifacts/evaluation/judges/cc167a5f5283070e80190627929b6221104b7a4051ef26d9c9451d59645600f9_9100.json
 create mode 100644 experiments/unified_contextual_memory/artifacts/evaluation/judges/cc167a5f5283070e80190627929b6221104b7a4051ef26d9c9451d59645600f9_9100.request.json
 create mode 100644 experiments/unified_contextual_memory/artifacts/evaluation/judges/cc167a5f5283070e80190627929b6221104b7a4051ef26d9c9451d59645600f9_9101.json
 create mode 100644 experiments/unified_contextual_memory/artifacts/evaluation/judges/cc167a5f5283070e80190627929b6221104b7a4051ef26d9c9451d59645600f9_9101.request.json
 create mode 100644 experiments/unified_contextual_memory/artifacts/evaluation/judges/cc167a5f5283070e80190627929b6221104b7a4051ef26d9c9451d59645600f9_9102.json
 create mode 100644 experiments/unified_contextual_memory/artifacts/evaluation/judges/cc167a5f5283070e80190627929b6221104b7a4051ef26d9c9451d59645600f9_9102.request.json
 create mode 100644 experiments/unified_contextual_memory/artifacts/evaluation/judges/cc167a5f5283070e80190627929b6221104b7a4051ef26d9c9451d59645600f9_9200.json
 create mode 100644 experiments/unified_contextual_memory/artifacts/evaluation/judges/cc167a5f5283070e80190627929b6221104b7a4051ef26d9c9451d59645600f9_9200.request.json
 create mode 100644 experiments/unified_contextual_memory/artifacts/evaluation/judges/cc549fa8f55421782ecd11821580b85694323fd70e72baafbee57db0631bd7d8_9100.json
 create mode 100644 experiments/unified_contextual_memory/artifacts/evaluation/judges/cc549fa8f55421782ecd11821580b85694323fd70e72baafbee57db0631bd7d8_9100.request.json
 create mode 100644 experiments/unified_contextual_memory/artifacts/evaluation/judges/cc549fa8f55421782ecd11821580b85694323fd70e72baafbee57db0631bd7d8_9101.json
 create mode 100644 experiments/unified_contextual_memory/artifacts/evaluation/judges/cc549fa8f55421782ecd11821580b85694323fd70e72baafbee57db0631bd7d8_9101.request.json
 create mode 100644 experiments/unified_contextual_memory/artifacts/evaluation/judges/cc549fa8f55421782ecd11821580b85694323fd70e72baafbee57db0631bd7d8_9102.json
 create mode 100644 experiments/unified_contextual_memory/artifacts/evaluation/judges/cc549fa8f55421782ecd11821580b85694323fd70e72baafbee57db0631bd7d8_9102.request.json
 create mode 100644 experiments/unified_contextual_memory/artifacts/evaluation/judges/cc549fa8f55421782ecd11821580b85694323fd70e72baafbee57db0631bd7d8_9200.json
 create mode 100644 experiments/unified_contextual_memory/artifacts/evaluation/judges/cc549fa8f55421782ecd11821580b85694323fd70e72baafbee57db0631bd7d8_9200.request.json
 create mode 100644 experiments/unified_contextual_memory/artifacts/evaluation/judges/cc9551e70dc890e06ab94c0d36e528c971ccf291e78524446070f6020ae7890b_9100.json
 create mode 100644 experiments/unified_contextual_memory/artifacts/evaluation/judges/cc9551e70dc890e06ab94c0d36e528c971ccf291e78524446070f6020ae7890b_9100.request.json
 create mode 100644 experiments/unified_contextual_memory/artifacts/evaluation/judges/cc9551e70dc890e06ab94c0d36e528c971ccf291e78524446070f6020ae7890b_9101.json
 create mode 100644 experiments/unified_contextual_memory/artifacts/evaluation/judges/cc9551e70dc890e06ab94c0d36e528c971ccf291e78524446070f6020ae7890b_9101.request.json
 create mode 100644 experiments/unified_contextual_memory/artifacts/evaluation/judges/cc9551e70dc890e06ab94c0d36e528c971ccf291e78524446070f6020ae7890b_9102.json
 create mode 100644 experiments/unified_contextual_memory/artifacts/evaluation/judges/cc9551e70dc890e06ab94c0d36e528c971ccf291e78524446070f6020ae7890b_9102.request.json
 create mode 100644 experiments/unified_contextual_memory/artifacts/evaluation/judges/cc9551e70dc890e06ab94c0d36e528c971ccf291e78524446070f6020ae7890b_9200.json
 create mode 100644 experiments/unified_contextual_memory/artifacts/evaluation/judges/cc9551e70dc890e06ab94c0d36e528c971ccf291e78524446070f6020ae7890b_9200.request.json
 create mode 100644 experiments/unified_contextual_memory/artifacts/evaluation/judges/ccf08876efc13db47a4ad0535158fde2717b200943a9baa4c32284bfeda7b1b4_9100.json
 create mode 100644 experiments/unified_contextual_memory/artifacts/evaluation/judges/ccf08876efc13db47a4ad0535158fde2717b200943a9baa4c32284bfeda7b1b4_9100.request.json
 create mode 100644 experiments/unified_contextual_memory/artifacts/evaluation/judges/ccf08876efc13db47a4ad0535158fde2717b200943a9baa4c32284bfeda7b1b4_9101.json
 create mode 100644 experiments/unified_contextual_memory/artifacts/evaluation/judges/ccf08876efc13db47a4ad0535158fde2717b200943a9baa4c32284bfeda7b1b4_9101.request.json
 create mode 100644 experiments/unified_contextual_memory/artifacts/evaluation/judges/ccf08876efc13db47a4ad0535158fde2717b200943a9baa4c32284bfeda7b1b4_9102.json
 create mode 100644 experiments/unified_contextual_memory/artifacts/evaluation/judges/ccf08876efc13db47a4ad0535158fde2717b200943a9baa4c32284bfeda7b1b4_9102.request.json
 create mode 100644 experiments/unified_contextual_memory/artifacts/evaluation/judges/ccf08876efc13db47a4ad0535158fde2717b200943a9baa4c32284bfeda7b1b4_9200.json
 create mode 100644 experiments/unified_contextual_memory/artifacts/evaluation/judges/ccf08876efc13db47a4ad0535158fde2717b200943a9baa4c32284bfeda7b1b4_9200.request.json
 create mode 100644 experiments/unified_contextual_memory/artifacts/evaluation/judges/cd338385e9c749f9f358bbb0a579c7f233e5f89138703048eaa6105cf839cd85_9100.json
 create mode 100644 experiments/unified_contextual_memory/artifacts/evaluation/judges/cd338385e9c749f9f358bbb0a579c7f233e5f89138703048eaa6105cf839cd85_9100.request.json
 create mode 100644 experiments/unified_contextual_memory/artifacts/evaluation/judges/cd338385e9c749f9f358bbb0a579c7f233e5f89138703048eaa6105cf839cd85_9101.json
 create mode 100644 experiments/unified_contextual_memory/artifacts/evaluation/judges/cd338385e9c749f9f358bbb0a579c7f233e5f89138703048eaa6105cf839cd85_9101.request.json
 create mode 100644 experiments/unified_contextual_memory/artifacts/evaluation/judges/cd338385e9c749f9f358bbb0a579c7f233e5f89138703048eaa6105cf839cd85_9102.json
 create mode 100644 experiments/unified_contextual_memory/artifacts/evaluation/judges/cd338385e9c749f9f358bbb0a579c7f233e5f89138703048eaa6105cf839cd85_9102.request.json
 create mode 100644 experiments/unified_contextual_memory/artifacts/evaluation/judges/cd338385e9c749f9f358bbb0a579c7f233e5f89138703048eaa6105cf839cd85_9200.json
 create mode 100644 experiments/unified_contextual_memory/artifacts/evaluation/judges/cd338385e9c749f9f358bbb0a579c7f233e5f89138703048eaa6105cf839cd85_9200.request.json
 create mode 100644 experiments/unified_contextual_memory/artifacts/evaluation/judges/ce6bbd0d22a2269298931656ac4928c6918946b3a210fbd613e9ea384b7acb62_9100.json
 create mode 100644 experiments/unified_contextual_memory/artifacts/evaluation/judges/ce6bbd0d22a2269298931656ac4928c6918946b3a210fbd613e9ea384b7acb62_9100.request.json
 create mode 100644 experiments/unified_contextual_memory/artifacts/evaluation/judges/ce6bbd0d22a2269298931656ac4928c6918946b3a210fbd613e9ea384b7acb62_9101.json
 create mode 100644 experiments/unified_contextual_memory/artifacts/evaluation/judges/ce6bbd0d22a2269298931656ac4928c6918946b3a210fbd613e9ea384b7acb62_9101.request.json
 create mode 100644 experiments/unified_contextual_memory/artifacts/evaluation/judges/ce6bbd0d22a2269298931656ac4928c6918946b3a210fbd613e9ea384b7acb62_9102.json
 create mode 100644 experiments/unified_contextual_memory/artifacts/evaluation/judges/ce6bbd0d22a2269298931656ac4928c6918946b3a210fbd613e9ea384b7acb62_9102.request.json
 create mode 100644 experiments/unified_contextual_memory/artifacts/evaluation/judges/ce6bbd0d22a2269298931656ac4928c6918946b3a210fbd613e9ea384b7acb62_9200.json
 create mode 100644 experiments/unified_contextual_memory/artifacts/evaluation/judges/ce6bbd0d22a2269298931656ac4928c6918946b3a210fbd613e9ea384b7acb62_9200.request.json
 create mode 100644 experiments/unified_contextual_memory/artifacts/evaluation/judges/cecc861e8b5ad9558b2a4370c31f0cd4242bdd528ae0915a50e3ca0f1c42608b_9100.json
 create mode 100644 experiments/unified_contextual_memory/artifacts/evaluation/judges/cecc861e8b5ad9558b2a4370c31f0cd4242bdd528ae0915a50e3ca0f1c42608b_9100.request.json
 create mode 100644 experiments/unified_contextual_memory/artifacts/evaluation/judges/cecc861e8b5ad9558b2a4370c31f0cd4242bdd528ae0915a50e3ca0f1c42608b_9101.json
 create mode 100644 experiments/unified_contextual_memory/artifacts/evaluation/judges/cecc861e8b5ad9558b2a4370c31f0cd4242bdd528ae0915a50e3ca0f1c42608b_9101.request.json
 create mode 100644 experiments/unified_contextual_memory/artifacts/evaluation/judges/cecc861e8b5ad9558b2a4370c31f0cd4242bdd528ae0915a50e3ca0f1c42608b_9102.json
 create mode 100644 experiments/unified_contextual_memory/artifacts/evaluation/judges/cecc861e8b5ad9558b2a4370c31f0cd4242bdd528ae0915a50e3ca0f1c42608b_9102.request.json
 create mode 100644 experiments/unified_contextual_memory/artifacts/evaluation/judges/cecc861e8b5ad9558b2a4370c31f0cd4242bdd528ae0915a50e3ca0f1c42608b_9200.json
 create mode 100644 experiments/unified_contextual_memory/artifacts/evaluation/judges/cecc861e8b5ad9558b2a4370c31f0cd4242bdd528ae0915a50e3ca0f1c42608b_9200.request.json
 create mode 100644 experiments/unified_contextual_memory/artifacts/evaluation/judges/cef7b10be506d23c550022621eeb674d9de8d7576993c3029b2833ad42d6ab84_9100.json
 create mode 100644 experiments/unified_contextual_memory/artifacts/evaluation/judges/cef7b10be506d23c550022621eeb674d9de8d7576993c3029b2833ad42d6ab84_9100.request.json
 create mode 100644 experiments/unified_contextual_memory/artifacts/evaluation/judges/cef7b10be506d23c550022621eeb674d9de8d7576993c3029b2833ad42d6ab84_9101.json
 create mode 100644 experiments/unified_contextual_memory/artifacts/evaluation/judges/cef7b10be506d23c550022621eeb674d9de8d7576993c3029b2833ad42d6ab84_9101.request.json
 create mode 100644 experiments/unified_contextual_memory/artifacts/evaluation/judges/cef7b10be506d23c550022621eeb674d9de8d7576993c3029b2833ad42d6ab84_9102.json
 create mode 100644 experiments/unified_contextual_memory/artifacts/evaluation/judges/cef7b10be506d23c550022621eeb674d9de8d7576993c3029b2833ad42d6ab84_9102.request.json
 create mode 100644 experiments/unified_contextual_memory/artifacts/evaluation/judges/cef7b10be506d23c550022621eeb674d9de8d7576993c3029b2833ad42d6ab84_9200.json
 create mode 100644 experiments/unified_contextual_memory/artifacts/evaluation/judges/cef7b10be506d23c550022621eeb674d9de8d7576993c3029b2833ad42d6ab84_9200.request.json
 create mode 100644 experiments/unified_contextual_memory/artifacts/evaluation/judges/cf18b3612071f6580df6041814d5924e433a374c2e3f891c495048f0932c0fd8_9100.json
 create mode 100644 experiments/unified_contextual_memory/artifacts/evaluation/judges/cf18b3612071f6580df6041814d5924e433a374c2e3f891c495048f0932c0fd8_9100.request.json
 create mode 100644 experiments/unified_contextual_memory/artifacts/evaluation/judges/cf18b3612071f6580df6041814d5924e433a374c2e3f891c495048f0932c0fd8_9101.json
 create mode 100644 experiments/unified_contextual_memory/artifacts/evaluation/judges/cf18b3612071f6580df6041814d5924e433a374c2e3f891c495048f0932c0fd8_9101.request.json
 create mode 100644 experiments/unified_contextual_memory/artifacts/evaluation/judges/cf18b3612071f6580df6041814d5924e433a374c2e3f891c495048f0932c0fd8_9102.json
 create mode 100644 experiments/unified_contextual_memory/artifacts/evaluation/judges/cf18b3612071f6580df6041814d5924e433a374c2e3f891c495048f0932c0fd8_9102.request.json
 create mode 100644 experiments/unified_contextual_memory/artifacts/evaluation/judges/cf18b3612071f6580df6041814d5924e433a374c2e3f891c495048f0932c0fd8_9200.json
 create mode 100644 experiments/unified_contextual_memory/artifacts/evaluation/judges/cf18b3612071f6580df6041814d5924e433a374c2e3f891c495048f0932c0fd8_9200.request.json
 create mode 100644 experiments/unified_contextual_memory/artifacts/evaluation/judges/cf1e2634bfbad191d4a43a1ed46bb269d270410cbdf947159e1699dc71816f24_9100.json
 create mode 100644 experiments/unified_contextual_memory/artifacts/evaluation/judges/cf1e2634bfbad191d4a43a1ed46bb269d270410cbdf947159e1699dc71816f24_9100.request.json
 create mode 100644 experiments/unified_contextual_memory/artifacts/evaluation/judges/cf1e2634bfbad191d4a43a1ed46bb269d270410cbdf947159e1699dc71816f24_9101.json
 create mode 100644 experiments/unified_contextual_memory/artifacts/evaluation/judges/cf1e2634bfbad191d4a43a1ed46bb269d270410cbdf947159e1699dc71816f24_9101.request.json
 create mode 100644 experiments/unified_contextual_memory/artifacts/evaluation/judges/cf1e2634bfbad191d4a43a1ed46bb269d270410cbdf947159e1699dc71816f24_9102.json
 create mode 100644 experiments/unified_contextual_memory/artifacts/evaluation/judges/cf1e2634bfbad191d4a43a1ed46bb269d270410cbdf947159e1699dc71816f24_9102.request.json
 create mode 100644 experiments/unified_contextual_memory/artifacts/evaluation/judges/cf1e2634bfbad191d4a43a1ed46bb269d270410cbdf947159e1699dc71816f24_9200.json
 create mode 100644 experiments/unified_contextual_memory/artifacts/evaluation/judges/cf1e2634bfbad191d4a43a1ed46bb269d270410cbdf947159e1699dc71816f24_9200.request.json
 create mode 100644 experiments/unified_contextual_memory/artifacts/evaluation/judges/cf79a7d50f0fd2d10683a6b44090a8732f13a214d604be3bbb8dad3837c523c3_9100.json
 create mode 100644 experiments/unified_contextual_memory/artifacts/evaluation/judges/cf79a7d50f0fd2d10683a6b44090a8732f13a214d604be3bbb8dad3837c523c3_9100.request.json
 create mode 100644 experiments/unified_contextual_memory/artifacts/evaluation/judges/cf79a7d50f0fd2d10683a6b44090a8732f13a214d604be3bbb8dad3837c523c3_9101.json
 create mode 100644 experiments/unified_contextual_memory/artifacts/evaluation/judges/cf79a7d50f0fd2d10683a6b44090a8732f13a214d604be3bbb8dad3837c523c3_9101.request.json
 create mode 100644 experiments/unified_contextual_memory/artifacts/evaluation/judges/cf79a7d50f0fd2d10683a6b44090a8732f13a214d604be3bbb8dad3837c523c3_9102.json
 create mode 100644 experiments/unified_contextual_memory/artifacts/evaluation/judges/cf79a7d50f0fd2d10683a6b44090a8732f13a214d604be3bbb8dad3837c523c3_9102.request.json
 create mode 100644 experiments/unified_contextual_memory/artifacts/evaluation/judges/cf79a7d50f0fd2d10683a6b44090a8732f13a214d604be3bbb8dad3837c523c3_9200.json
 create mode 100644 experiments/unified_contextual_memory/artifacts/evaluation/judges/cf79a7d50f0fd2d10683a6b44090a8732f13a214d604be3bbb8dad3837c523c3_9200.request.json
 create mode 100644 experiments/unified_contextual_memory/artifacts/evaluation/judges/cfbf1fad8e8aa954500e0034674426870d899ecd06bc37c91820cbc97dc8aa2c_9100.json
 create mode 100644 experiments/unified_contextual_memory/artifacts/evaluation/judges/cfbf1fad8e8aa954500e0034674426870d899ecd06bc37c91820cbc97dc8aa2c_9100.request.json
 create mode 100644 experiments/unified_contextual_memory/artifacts/evaluation/judges/cfbf1fad8e8aa954500e0034674426870d899ecd06bc37c91820cbc97dc8aa2c_9101.json
 create mode 100644 experiments/unified_contextual_memory/artifacts/evaluation/judges/cfbf1fad8e8aa954500e0034674426870d899ecd06bc37c91820cbc97dc8aa2c_9101.request.json
 create mode 100644 experiments/unified_contextual_memory/artifacts/evaluation/judges/cfbf1fad8e8aa954500e0034674426870d899ecd06bc37c91820cbc97dc8aa2c_9102.json
 create mode 100644 experiments/unified_contextual_memory/artifacts/evaluation/judges/cfbf1fad8e8aa954500e0034674426870d899ecd06bc37c91820cbc97dc8aa2c_9102.request.json
 create mode 100644 experiments/unified_contextual_memory/artifacts/evaluation/judges/cfbf1fad8e8aa954500e0034674426870d899ecd06bc37c91820cbc97dc8aa2c_9200.json
 create mode 100644 experiments/unified_contextual_memory/artifacts/evaluation/judges/cfbf1fad8e8aa954500e0034674426870d899ecd06bc37c91820cbc97dc8aa2c_9200.request.json
 create mode 100644 experiments/unified_contextual_memory/artifacts/evaluation/judges/d065185e62de9f5d6dec276ccee56df67eb356cee9092e288bc58532c12dd1eb_9100.json
 create mode 100644 experiments/unified_contextual_memory/artifacts/evaluation/judges/d065185e62de9f5d6dec276ccee56df67eb356cee9092e288bc58532c12dd1eb_9100.request.json
 create mode 100644 experiments/unified_contextual_memory/artifacts/evaluation/judges/d065185e62de9f5d6dec276ccee56df67eb356cee9092e288bc58532c12dd1eb_9101.json
 create mode 100644 experiments/unified_contextual_memory/artifacts/evaluation/judges/d065185e62de9f5d6dec276ccee56df67eb356cee9092e288bc58532c12dd1eb_9101.request.json
 create mode 100644 experiments/unified_contextual_memory/artifacts/evaluation/judges/d065185e62de9f5d6dec276ccee56df67eb356cee9092e288bc58532c12dd1eb_9102.json
 create mode 100644 experiments/unified_contextual_memory/artifacts/evaluation/judges/d065185e62de9f5d6dec276ccee56df67eb356cee9092e288bc58532c12dd1eb_9102.request.json
 create mode 100644 experiments/unified_contextual_memory/artifacts/evaluation/judges/d065185e62de9f5d6dec276ccee56df67eb356cee9092e288bc58532c12dd1eb_9200.json
 create mode 100644 experiments/unified_contextual_memory/artifacts/evaluation/judges/d065185e62de9f5d6dec276ccee56df67eb356cee9092e288bc58532c12dd1eb_9200.request.json
 create mode 100644 experiments/unified_contextual_memory/artifacts/evaluation/judges/d0dc8e855a041ff89dec92e04f62e40b7009acdcf2c341e300d89227269bae13_9100.json
 create mode 100644 experiments/unified_contextual_memory/artifacts/evaluation/judges/d0dc8e855a041ff89dec92e04f62e40b7009acdcf2c341e300d89227269bae13_9100.request.json
 create mode 100644 experiments/unified_contextual_memory/artifacts/evaluation/judges/d0dc8e855a041ff89dec92e04f62e40b7009acdcf2c341e300d89227269bae13_9101.json
 create mode 100644 experiments/unified_contextual_memory/artifacts/evaluation/judges/d0dc8e855a041ff89dec92e04f62e40b7009acdcf2c341e300d89227269bae13_9101.request.json
 create mode 100644 experiments/unified_contextual_memory/artifacts/evaluation/judges/d0dc8e855a041ff89dec92e04f62e40b7009acdcf2c341e300d89227269bae13_9102.json
 create mode 100644 experiments/unified_contextual_memory/artifacts/evaluation/judges/d0dc8e855a041ff89dec92e04f62e40b7009acdcf2c341e300d89227269bae13_9102.request.json
 create mode 100644 experiments/unified_contextual_memory/artifacts/evaluation/judges/d0dc8e855a041ff89dec92e04f62e40b7009acdcf2c341e300d89227269bae13_9200.json
 create mode 100644 experiments/unified_contextual_memory/artifacts/evaluation/judges/d0dc8e855a041ff89dec92e04f62e40b7009acdcf2c341e300d89227269bae13_9200.request.json
 create mode 100644 experiments/unified_contextual_memory/artifacts/evaluation/judges/d13e918648ae961e60c517689f10c7caebcd7b56524022996d2bad078164c205_9100.json
 create mode 100644 experiments/unified_contextual_memory/artifacts/evaluation/judges/d13e918648ae961e60c517689f10c7caebcd7b56524022996d2bad078164c205_9100.request.json
 create mode 100644 experiments/unified_contextual_memory/artifacts/evaluation/judges/d13e918648ae961e60c517689f10c7caebcd7b56524022996d2bad078164c205_9101.json
 create mode 100644 experiments/unified_contextual_memory/artifacts/evaluation/judges/d13e918648ae961e60c517689f10c7caebcd7b56524022996d2bad078164c205_9101.request.json
 create mode 100644 experiments/unified_contextual_memory/artifacts/evaluation/judges/d13e918648ae961e60c517689f10c7caebcd7b56524022996d2bad078164c205_9102.json
 create mode 100644 experiments/unified_contextual_memory/artifacts/evaluation/judges/d13e918648ae961e60c517689f10c7caebcd7b56524022996d2bad078164c205_9102.request.json
 create mode 100644 experiments/unified_contextual_memory/artifacts/evaluation/judges/d13e918648ae961e60c517689f10c7caebcd7b56524022996d2bad078164c205_9200.json
 create mode 100644 experiments/unified_contextual_memory/artifacts/evaluation/judges/d13e918648ae961e60c517689f10c7caebcd7b56524022996d2bad078164c205_9200.request.json
 create mode 100644 experiments/unified_contextual_memory/artifacts/evaluation/judges/d1d0684b8a6b36268832a3c96cb8798770176c870aed984bbbbbf68f8a2ca803_9100.json
 create mode 100644 experiments/unified_contextual_memory/artifacts/evaluation/judges/d1d0684b8a6b36268832a3c96cb8798770176c870aed984bbbbbf68f8a2ca803_9100.request.json
 create mode 100644 experiments/unified_contextual_memory/artifacts/evaluation/judges/d1d0684b8a6b36268832a3c96cb8798770176c870aed984bbbbbf68f8a2ca803_9101.json
 create mode 100644 experiments/unified_contextual_memory/artifacts/evaluation/judges/d1d0684b8a6b36268832a3c96cb8798770176c870aed984bbbbbf68f8a2ca803_9101.request.json
 create mode 100644 experiments/unified_contextual_memory/artifacts/evaluation/judges/d1d0684b8a6b36268832a3c96cb8798770176c870aed984bbbbbf68f8a2ca803_9102.json
 create mode 100644 experiments/unified_contextual_memory/artifacts/evaluation/judges/d1d0684b8a6b36268832a3c96cb8798770176c870aed984bbbbbf68f8a2ca803_9102.request.json
 create mode 100644 experiments/unified_contextual_memory/artifacts/evaluation/judges/d1d0684b8a6b36268832a3c96cb8798770176c870aed984bbbbbf68f8a2ca803_9200.json
 create mode 100644 experiments/unified_contextual_memory/artifacts/evaluation/judges/d1d0684b8a6b36268832a3c96cb8798770176c870aed984bbbbbf68f8a2ca803_9200.request.json
 create mode 100644 experiments/unified_contextual_memory/artifacts/evaluation/judges/d2641b61be1dd9d0abc49fa1886d45874b42ce0abed5b513ee4dcbc5e371027f_9100.json
 create mode 100644 experiments/unified_contextual_memory/artifacts/evaluation/judges/d2641b61be1dd9d0abc49fa1886d45874b42ce0abed5b513ee4dcbc5e371027f_9100.request.json
 create mode 100644 experiments/unified_contextual_memory/artifacts/evaluation/judges/d2641b61be1dd9d0abc49fa1886d45874b42ce0abed5b513ee4dcbc5e371027f_9101.json
 create mode 100644 experiments/unified_contextual_memory/artifacts/evaluation/judges/d2641b61be1dd9d0abc49fa1886d45874b42ce0abed5b513ee4dcbc5e371027f_9101.request.json
 create mode 100644 experiments/unified_contextual_memory/artifacts/evaluation/judges/d2641b61be1dd9d0abc49fa1886d45874b42ce0abed5b513ee4dcbc5e371027f_9102.json
 create mode 100644 experiments/unified_contextual_memory/artifacts/evaluation/judges/d2641b61be1dd9d0abc49fa1886d45874b42ce0abed5b513ee4dcbc5e371027f_9102.request.json
 create mode 100644 experiments/unified_contextual_memory/artifacts/evaluation/judges/d2641b61be1dd9d0abc49fa1886d45874b42ce0abed5b513ee4dcbc5e371027f_9200.json
 create mode 100644 experiments/unified_contextual_memory/artifacts/evaluation/judges/d2641b61be1dd9d0abc49fa1886d45874b42ce0abed5b513ee4dcbc5e371027f_9200.request.json
 create mode 100644 experiments/unified_contextual_memory/artifacts/evaluation/judges/d3e9fa79457cfeff59d00dd9eead3f87b89fd1379450b454de96fbcbe2d92f21_9100.json
 create mode 100644 experiments/unified_contextual_memory/artifacts/evaluation/judges/d3e9fa79457cfeff59d00dd9eead3f87b89fd1379450b454de96fbcbe2d92f21_9100.request.json
 create mode 100644 experiments/unified_contextual_memory/artifacts/evaluation/judges/d3e9fa79457cfeff59d00dd9eead3f87b89fd1379450b454de96fbcbe2d92f21_9101.json
 create mode 100644 experiments/unified_contextual_memory/artifacts/evaluation/judges/d3e9fa79457cfeff59d00dd9eead3f87b89fd1379450b454de96fbcbe2d92f21_9101.request.json
 create mode 100644 experiments/unified_contextual_memory/artifacts/evaluation/judges/d3e9fa79457cfeff59d00dd9eead3f87b89fd1379450b454de96fbcbe2d92f21_9102.json
 create mode 100644 experiments/unified_contextual_memory/artifacts/evaluation/judges/d3e9fa79457cfeff59d00dd9eead3f87b89fd1379450b454de96fbcbe2d92f21_9102.request.json
 create mode 100644 experiments/unified_contextual_memory/artifacts/evaluation/judges/d3e9fa79457cfeff59d00dd9eead3f87b89fd1379450b454de96fbcbe2d92f21_9200.json
 create mode 100644 experiments/unified_contextual_memory/artifacts/evaluation/judges/d3e9fa79457cfeff59d00dd9eead3f87b89fd1379450b454de96fbcbe2d92f21_9200.request.json
 create mode 100644 experiments/unified_contextual_memory/artifacts/evaluation/judges/d407cb14d59990822b4782d670ba635b1df3bca5a8378d98b738a03a75de0e1e_9100.json
 create mode 100644 experiments/unified_contextual_memory/artifacts/evaluation/judges/d407cb14d59990822b4782d670ba635b1df3bca5a8378d98b738a03a75de0e1e_9100.request.json
 create mode 100644 experiments/unified_contextual_memory/artifacts/evaluation/judges/d407cb14d59990822b4782d670ba635b1df3bca5a8378d98b738a03a75de0e1e_9101.json
 create mode 100644 experiments/unified_contextual_memory/artifacts/evaluation/judges/d407cb14d59990822b4782d670ba635b1df3bca5a8378d98b738a03a75de0e1e_9101.request.json
 create mode 100644 experiments/unified_contextual_memory/artifacts/evaluation/judges/d407cb14d59990822b4782d670ba635b1df3bca5a8378d98b738a03a75de0e1e_9102.json
 create mode 100644 experiments/unified_contextual_memory/artifacts/evaluation/judges/d407cb14d59990822b4782d670ba635b1df3bca5a8378d98b738a03a75de0e1e_9102.request.json
 create mode 100644 experiments/unified_contextual_memory/artifacts/evaluation/judges/d407cb14d59990822b4782d670ba635b1df3bca5a8378d98b738a03a75de0e1e_9200.json
 create mode 100644 experiments/unified_contextual_memory/artifacts/evaluation/judges/d407cb14d59990822b4782d670ba635b1df3bca5a8378d98b738a03a75de0e1e_9200.request.json
 create mode 100644 experiments/unified_contextual_memory/artifacts/evaluation/judges/d47e37e99c2b346e87033a77d4f714f8f2544fcce08c5e7bbf5d19dc89323e3d_9100.json
 create mode 100644 experiments/unified_contextual_memory/artifacts/evaluation/judges/d47e37e99c2b346e87033a77d4f714f8f2544fcce08c5e7bbf5d19dc89323e3d_9100.request.json
 create mode 100644 experiments/unified_contextual_memory/artifacts/evaluation/judges/d47e37e99c2b346e87033a77d4f714f8f2544fcce08c5e7bbf5d19dc89323e3d_9101.json
 create mode 100644 experiments/unified_contextual_memory/artifacts/evaluation/judges/d47e37e99c2b346e87033a77d4f714f8f2544fcce08c5e7bbf5d19dc89323e3d_9101.request.json
 create mode 100644 experiments/unified_contextual_memory/artifacts/evaluation/judges/d47e37e99c2b346e87033a77d4f714f8f2544fcce08c5e7bbf5d19dc89323e3d_9102.json
 create mode 100644 experiments/unified_contextual_memory/artifacts/evaluation/judges/d47e37e99c2b346e87033a77d4f714f8f2544fcce08c5e7bbf5d19dc89323e3d_9102.request.json
 create mode 100644 experiments/unified_contextual_memory/artifacts/evaluation/judges/d47e37e99c2b346e87033a77d4f714f8f2544fcce08c5e7bbf5d19dc89323e3d_9200.json
 create mode 100644 experiments/unified_contextual_memory/artifacts/evaluation/judges/d47e37e99c2b346e87033a77d4f714f8f2544fcce08c5e7bbf5d19dc89323e3d_9200.request.json
 create mode 100644 experiments/unified_contextual_memory/artifacts/evaluation/judges/d4b21a72d48a20eb64720d9f1fbe1c43544392de3a1b7060ca56f012116a4df6_9100.json
 create mode 100644 experiments/unified_contextual_memory/artifacts/evaluation/judges/d4b21a72d48a20eb64720d9f1fbe1c43544392de3a1b7060ca56f012116a4df6_9100.request.json
 create mode 100644 experiments/unified_contextual_memory/artifacts/evaluation/judges/d4b21a72d48a20eb64720d9f1fbe1c43544392de3a1b7060ca56f012116a4df6_9101.json
 create mode 100644 experiments/unified_contextual_memory/artifacts/evaluation/judges/d4b21a72d48a20eb64720d9f1fbe1c43544392de3a1b7060ca56f012116a4df6_9101.request.json
 create mode 100644 experiments/unified_contextual_memory/artifacts/evaluation/judges/d4b21a72d48a20eb64720d9f1fbe1c43544392de3a1b7060ca56f012116a4df6_9102.json
 create mode 100644 experiments/unified_contextual_memory/artifacts/evaluation/judges/d4b21a72d48a20eb64720d9f1fbe1c43544392de3a1b7060ca56f012116a4df6_9102.request.json
 create mode 100644 experiments/unified_contextual_memory/artifacts/evaluation/judges/d4b21a72d48a20eb64720d9f1fbe1c43544392de3a1b7060ca56f012116a4df6_9200.json
 create mode 100644 experiments/unified_contextual_memory/artifacts/evaluation/judges/d4b21a72d48a20eb64720d9f1fbe1c43544392de3a1b7060ca56f012116a4df6_9200.request.json
 create mode 100644 experiments/unified_contextual_memory/artifacts/evaluation/judges/d5916620eeb4a60eb7d932e005d36af9255170ef591f95a066b53e00ab1dfad1_9100.json
 create mode 100644 experiments/unified_contextual_memory/artifacts/evaluation/judges/d5916620eeb4a60eb7d932e005d36af9255170ef591f95a066b53e00ab1dfad1_9100.request.json
 create mode 100644 experiments/unified_contextual_memory/artifacts/evaluation/judges/d5916620eeb4a60eb7d932e005d36af9255170ef591f95a066b53e00ab1dfad1_9101.json
 create mode 100644 experiments/unified_contextual_memory/artifacts/evaluation/judges/d5916620eeb4a60eb7d932e005d36af9255170ef591f95a066b53e00ab1dfad1_9101.request.json
 create mode 100644 experiments/unified_contextual_memory/artifacts/evaluation/judges/d5916620eeb4a60eb7d932e005d36af9255170ef591f95a066b53e00ab1dfad1_9102.json
 create mode 100644 experiments/unified_contextual_memory/artifacts/evaluation/judges/d5916620eeb4a60eb7d932e005d36af9255170ef591f95a066b53e00ab1dfad1_9102.request.json
 create mode 100644 experiments/unified_contextual_memory/artifacts/evaluation/judges/d5916620eeb4a60eb7d932e005d36af9255170ef591f95a066b53e00ab1dfad1_9200.json
 create mode 100644 experiments/unified_contextual_memory/artifacts/evaluation/judges/d5916620eeb4a60eb7d932e005d36af9255170ef591f95a066b53e00ab1dfad1_9200.request.json
 create mode 100644 experiments/unified_contextual_memory/artifacts/evaluation/judges/d5a6b0bfd0cd80985b1d22180aaaf042ce5208b9a88e6358cf7961d5218c8b9a_9100.json
 create mode 100644 experiments/unified_contextual_memory/artifacts/evaluation/judges/d5a6b0bfd0cd80985b1d22180aaaf042ce5208b9a88e6358cf7961d5218c8b9a_9100.request.json
 create mode 100644 experiments/unified_contextual_memory/artifacts/evaluation/judges/d5a6b0bfd0cd80985b1d22180aaaf042ce5208b9a88e6358cf7961d5218c8b9a_9101.json
 create mode 100644 experiments/unified_contextual_memory/artifacts/evaluation/judges/d5a6b0bfd0cd80985b1d22180aaaf042ce5208b9a88e6358cf7961d5218c8b9a_9101.request.json
 create mode 100644 experiments/unified_contextual_memory/artifacts/evaluation/judges/d5a6b0bfd0cd80985b1d22180aaaf042ce5208b9a88e6358cf7961d5218c8b9a_9102.json
 create mode 100644 experiments/unified_contextual_memory/artifacts/evaluation/judges/d5a6b0bfd0cd80985b1d22180aaaf042ce5208b9a88e6358cf7961d5218c8b9a_9102.request.json
 create mode 100644 experiments/unified_contextual_memory/artifacts/evaluation/judges/d5a6b0bfd0cd80985b1d22180aaaf042ce5208b9a88e6358cf7961d5218c8b9a_9200.json
 create mode 100644 experiments/unified_contextual_memory/artifacts/evaluation/judges/d5a6b0bfd0cd80985b1d22180aaaf042ce5208b9a88e6358cf7961d5218c8b9a_9200.request.json
 create mode 100644 experiments/unified_contextual_memory/artifacts/evaluation/judges/d5add5631d1419124f6046947016a3c8f4efa2701e449a71c67e276d57c0f885_9100.json
 create mode 100644 experiments/unified_contextual_memory/artifacts/evaluation/judges/d5add5631d1419124f6046947016a3c8f4efa2701e449a71c67e276d57c0f885_9100.request.json
 create mode 100644 experiments/unified_contextual_memory/artifacts/evaluation/judges/d5add5631d1419124f6046947016a3c8f4efa2701e449a71c67e276d57c0f885_9101.json
 create mode 100644 experiments/unified_contextual_memory/artifacts/evaluation/judges/d5add5631d1419124f6046947016a3c8f4efa2701e449a71c67e276d57c0f885_9101.request.json
 create mode 100644 experiments/unified_contextual_memory/artifacts/evaluation/judges/d5add5631d1419124f6046947016a3c8f4efa2701e449a71c67e276d57c0f885_9102.json
 create mode 100644 experiments/unified_contextual_memory/artifacts/evaluation/judges/d5add5631d1419124f6046947016a3c8f4efa2701e449a71c67e276d57c0f885_9102.request.json
 create mode 100644 experiments/unified_contextual_memory/artifacts/evaluation/judges/d5add5631d1419124f6046947016a3c8f4efa2701e449a71c67e276d57c0f885_9200.json
 create mode 100644 experiments/unified_contextual_memory/artifacts/evaluation/judges/d5add5631d1419124f6046947016a3c8f4efa2701e449a71c67e276d57c0f885_9200.request.json
 create mode 100644 experiments/unified_contextual_memory/artifacts/evaluation/judges/d72a8dccbb9db96ec1ac211bc8ad9d959a19a27783be0eb1dfb3d6d6cd3dee7d_9100.json
 create mode 100644 experiments/unified_contextual_memory/artifacts/evaluation/judges/d72a8dccbb9db96ec1ac211bc8ad9d959a19a27783be0eb1dfb3d6d6cd3dee7d_9100.request.json
 create mode 100644 experiments/unified_contextual_memory/artifacts/evaluation/judges/d72a8dccbb9db96ec1ac211bc8ad9d959a19a27783be0eb1dfb3d6d6cd3dee7d_9101.json
 create mode 100644 experiments/unified_contextual_memory/artifacts/evaluation/judges/d72a8dccbb9db96ec1ac211bc8ad9d959a19a27783be0eb1dfb3d6d6cd3dee7d_9101.request.json
 create mode 100644 experiments/unified_contextual_memory/artifacts/evaluation/judges/d72a8dccbb9db96ec1ac211bc8ad9d959a19a27783be0eb1dfb3d6d6cd3dee7d_9102.json
 create mode 100644 experiments/unified_contextual_memory/artifacts/evaluation/judges/d72a8dccbb9db96ec1ac211bc8ad9d959a19a27783be0eb1dfb3d6d6cd3dee7d_9102.request.json
 create mode 100644 experiments/unified_contextual_memory/artifacts/evaluation/judges/d72a8dccbb9db96ec1ac211bc8ad9d959a19a27783be0eb1dfb3d6d6cd3dee7d_9200.json
 create mode 100644 experiments/unified_contextual_memory/artifacts/evaluation/judges/d72a8dccbb9db96ec1ac211bc8ad9d959a19a27783be0eb1dfb3d6d6cd3dee7d_9200.request.json
 create mode 100644 experiments/unified_contextual_memory/artifacts/evaluation/judges/d752320f25aeda21247a3eb605c54c36e097ce007fec541e1cfa12c2b145c8bc_9100.json
 create mode 100644 experiments/unified_contextual_memory/artifacts/evaluation/judges/d752320f25aeda21247a3eb605c54c36e097ce007fec541e1cfa12c2b145c8bc_9100.request.json
 create mode 100644 experiments/unified_contextual_memory/artifacts/evaluation/judges/d752320f25aeda21247a3eb605c54c36e097ce007fec541e1cfa12c2b145c8bc_9101.json
 create mode 100644 experiments/unified_contextual_memory/artifacts/evaluation/judges/d752320f25aeda21247a3eb605c54c36e097ce007fec541e1cfa12c2b145c8bc_9101.request.json
 create mode 100644 experiments/unified_contextual_memory/artifacts/evaluation/judges/d752320f25aeda21247a3eb605c54c36e097ce007fec541e1cfa12c2b145c8bc_9102.json
 create mode 100644 experiments/unified_contextual_memory/artifacts/evaluation/judges/d752320f25aeda21247a3eb605c54c36e097ce007fec541e1cfa12c2b145c8bc_9102.request.json
 create mode 100644 experiments/unified_contextual_memory/artifacts/evaluation/judges/d752320f25aeda21247a3eb605c54c36e097ce007fec541e1cfa12c2b145c8bc_9200.json
 create mode 100644 experiments/unified_contextual_memory/artifacts/evaluation/judges/d752320f25aeda21247a3eb605c54c36e097ce007fec541e1cfa12c2b145c8bc_9200.request.json
 create mode 100644 experiments/unified_contextual_memory/artifacts/evaluation/judges/d7f7c845abab1e7c3adb117def3f6b2c1b9620f622fc47fa7a0374cf37d50f88_9100.json
 create mode 100644 experiments/unified_contextual_memory/artifacts/evaluation/judges/d7f7c845abab1e7c3adb117def3f6b2c1b9620f622fc47fa7a0374cf37d50f88_9100.request.json
 create mode 100644 experiments/unified_contextual_memory/artifacts/evaluation/judges/d7f7c845abab1e7c3adb117def3f6b2c1b9620f622fc47fa7a0374cf37d50f88_9101.json
 create mode 100644 experiments/unified_contextual_memory/artifacts/evaluation/judges/d7f7c845abab1e7c3adb117def3f6b2c1b9620f622fc47fa7a0374cf37d50f88_9101.request.json
 create mode 100644 experiments/unified_contextual_memory/artifacts/evaluation/judges/d7f7c845abab1e7c3adb117def3f6b2c1b9620f622fc47fa7a0374cf37d50f88_9102.json
 create mode 100644 experiments/unified_contextual_memory/artifacts/evaluation/judges/d7f7c845abab1e7c3adb117def3f6b2c1b9620f622fc47fa7a0374cf37d50f88_9102.request.json
 create mode 100644 experiments/unified_contextual_memory/artifacts/evaluation/judges/d7f7c845abab1e7c3adb117def3f6b2c1b9620f622fc47fa7a0374cf37d50f88_9200.json
 create mode 100644 experiments/unified_contextual_memory/artifacts/evaluation/judges/d7f7c845abab1e7c3adb117def3f6b2c1b9620f622fc47fa7a0374cf37d50f88_9200.request.json
 create mode 100644 experiments/unified_contextual_memory/artifacts/evaluation/judges/d7faad5ca42d23e05b6e62f6940e9acb7a9f35159bdb17a50c5af9b016f29a39_9100.json
 create mode 100644 experiments/unified_contextual_memory/artifacts/evaluation/judges/d7faad5ca42d23e05b6e62f6940e9acb7a9f35159bdb17a50c5af9b016f29a39_9100.request.json
 create mode 100644 experiments/unified_contextual_memory/artifacts/evaluation/judges/d7faad5ca42d23e05b6e62f6940e9acb7a9f35159bdb17a50c5af9b016f29a39_9101.json
 create mode 100644 experiments/unified_contextual_memory/artifacts/evaluation/judges/d7faad5ca42d23e05b6e62f6940e9acb7a9f35159bdb17a50c5af9b016f29a39_9101.request.json
 create mode 100644 experiments/unified_contextual_memory/artifacts/evaluation/judges/d7faad5ca42d23e05b6e62f6940e9acb7a9f35159bdb17a50c5af9b016f29a39_9102.json
 create mode 100644 experiments/unified_contextual_memory/artifacts/evaluation/judges/d7faad5ca42d23e05b6e62f6940e9acb7a9f35159bdb17a50c5af9b016f29a39_9102.request.json
 create mode 100644 experiments/unified_contextual_memory/artifacts/evaluation/judges/d7faad5ca42d23e05b6e62f6940e9acb7a9f35159bdb17a50c5af9b016f29a39_9200.json
 create mode 100644 experiments/unified_contextual_memory/artifacts/evaluation/judges/d7faad5ca42d23e05b6e62f6940e9acb7a9f35159bdb17a50c5af9b016f29a39_9200.request.json
 create mode 100644 experiments/unified_contextual_memory/artifacts/evaluation/judges/d822cf69b31ae8745869f1f5ff9e45ad349825a9fb9336f6b3bfb491f3f350ef_9100.json
 create mode 100644 experiments/unified_contextual_memory/artifacts/evaluation/judges/d822cf69b31ae8745869f1f5ff9e45ad349825a9fb9336f6b3bfb491f3f350ef_9100.request.json
 create mode 100644 experiments/unified_contextual_memory/artifacts/evaluation/judges/d822cf69b31ae8745869f1f5ff9e45ad349825a9fb9336f6b3bfb491f3f350ef_9101.json
 create mode 100644 experiments/unified_contextual_memory/artifacts/evaluation/judges/d822cf69b31ae8745869f1f5ff9e45ad349825a9fb9336f6b3bfb491f3f350ef_9101.request.json
 create mode 100644 experiments/unified_contextual_memory/artifacts/evaluation/judges/d822cf69b31ae8745869f1f5ff9e45ad349825a9fb9336f6b3bfb491f3f350ef_9102.json
 create mode 100644 experiments/unified_contextual_memory/artifacts/evaluation/judges/d822cf69b31ae8745869f1f5ff9e45ad349825a9fb9336f6b3bfb491f3f350ef_9102.request.json
 create mode 100644 experiments/unified_contextual_memory/artifacts/evaluation/judges/d822cf69b31ae8745869f1f5ff9e45ad349825a9fb9336f6b3bfb491f3f350ef_9200.json
 create mode 100644 experiments/unified_contextual_memory/artifacts/evaluation/judges/d822cf69b31ae8745869f1f5ff9e45ad349825a9fb9336f6b3bfb491f3f350ef_9200.request.json
 create mode 100644 experiments/unified_contextual_memory/artifacts/evaluation/judges/d8a0f9d6aee29258edf79b47b892fd2b947f30245b14f1589ce3025da5976a5f_9100.json
 create mode 100644 experiments/unified_contextual_memory/artifacts/evaluation/judges/d8a0f9d6aee29258edf79b47b892fd2b947f30245b14f1589ce3025da5976a5f_9100.request.json
 create mode 100644 experiments/unified_contextual_memory/artifacts/evaluation/judges/d8a0f9d6aee29258edf79b47b892fd2b947f30245b14f1589ce3025da5976a5f_9101.json
 create mode 100644 experiments/unified_contextual_memory/artifacts/evaluation/judges/d8a0f9d6aee29258edf79b47b892fd2b947f30245b14f1589ce3025da5976a5f_9101.request.json
 create mode 100644 experiments/unified_contextual_memory/artifacts/evaluation/judges/d8a0f9d6aee29258edf79b47b892fd2b947f30245b14f1589ce3025da5976a5f_9102.json
 create mode 100644 experiments/unified_contextual_memory/artifacts/evaluation/judges/d8a0f9d6aee29258edf79b47b892fd2b947f30245b14f1589ce3025da5976a5f_9102.request.json
 create mode 100644 experiments/unified_contextual_memory/artifacts/evaluation/judges/d8a0f9d6aee29258edf79b47b892fd2b947f30245b14f1589ce3025da5976a5f_9200.json
 create mode 100644 experiments/unified_contextual_memory/artifacts/evaluation/judges/d8a0f9d6aee29258edf79b47b892fd2b947f30245b14f1589ce3025da5976a5f_9200.request.json
 create mode 100644 experiments/unified_contextual_memory/artifacts/evaluation/judges/d8d43a60f0126b3c41b74fb1686d68c4b2cedfd164ac271a95dc4f8e5f3f6927_9100.json
 create mode 100644 experiments/unified_contextual_memory/artifacts/evaluation/judges/d8d43a60f0126b3c41b74fb1686d68c4b2cedfd164ac271a95dc4f8e5f3f6927_9100.request.json
 create mode 100644 experiments/unified_contextual_memory/artifacts/evaluation/judges/d8d43a60f0126b3c41b74fb1686d68c4b2cedfd164ac271a95dc4f8e5f3f6927_9101.json
 create mode 100644 experiments/unified_contextual_memory/artifacts/evaluation/judges/d8d43a60f0126b3c41b74fb1686d68c4b2cedfd164ac271a95dc4f8e5f3f6927_9101.request.json
 create mode 100644 experiments/unified_contextual_memory/artifacts/evaluation/judges/d8d43a60f0126b3c41b74fb1686d68c4b2cedfd164ac271a95dc4f8e5f3f6927_9102.json
 create mode 100644 experiments/unified_contextual_memory/artifacts/evaluation/judges/d8d43a60f0126b3c41b74fb1686d68c4b2cedfd164ac271a95dc4f8e5f3f6927_9102.request.json
 create mode 100644 experiments/unified_contextual_memory/artifacts/evaluation/judges/d8d43a60f0126b3c41b74fb1686d68c4b2cedfd164ac271a95dc4f8e5f3f6927_9200.json
 create mode 100644 experiments/unified_contextual_memory/artifacts/evaluation/judges/d8d43a60f0126b3c41b74fb1686d68c4b2cedfd164ac271a95dc4f8e5f3f6927_9200.request.json
 create mode 100644 experiments/unified_contextual_memory/artifacts/evaluation/judges/da72bcc8f1bbc399b6e93ef2236c8db6749ef0e741a134eca8c1d95f7f276ea2_9100.json
 create mode 100644 experiments/unified_contextual_memory/artifacts/evaluation/judges/da72bcc8f1bbc399b6e93ef2236c8db6749ef0e741a134eca8c1d95f7f276ea2_9100.request.json
 create mode 100644 experiments/unified_contextual_memory/artifacts/evaluation/judges/da72bcc8f1bbc399b6e93ef2236c8db6749ef0e741a134eca8c1d95f7f276ea2_9101.json
 create mode 100644 experiments/unified_contextual_memory/artifacts/evaluation/judges/da72bcc8f1bbc399b6e93ef2236c8db6749ef0e741a134eca8c1d95f7f276ea2_9101.request.json
 create mode 100644 experiments/unified_contextual_memory/artifacts/evaluation/judges/da72bcc8f1bbc399b6e93ef2236c8db6749ef0e741a134eca8c1d95f7f276ea2_9102.json
 create mode 100644 experiments/unified_contextual_memory/artifacts/evaluation/judges/da72bcc8f1bbc399b6e93ef2236c8db6749ef0e741a134eca8c1d95f7f276ea2_9102.request.json
 create mode 100644 experiments/unified_contextual_memory/artifacts/evaluation/judges/da72bcc8f1bbc399b6e93ef2236c8db6749ef0e741a134eca8c1d95f7f276ea2_9200.json
 create mode 100644 experiments/unified_contextual_memory/artifacts/evaluation/judges/da72bcc8f1bbc399b6e93ef2236c8db6749ef0e741a134eca8c1d95f7f276ea2_9200.request.json
 create mode 100644 experiments/unified_contextual_memory/artifacts/evaluation/judges/db33f5cab6b31d3f4a14385409651d79c88a6a51d43fd0bb5d13e5d9d4300176_9100.json
 create mode 100644 experiments/unified_contextual_memory/artifacts/evaluation/judges/db33f5cab6b31d3f4a14385409651d79c88a6a51d43fd0bb5d13e5d9d4300176_9100.request.json
 create mode 100644 experiments/unified_contextual_memory/artifacts/evaluation/judges/db33f5cab6b31d3f4a14385409651d79c88a6a51d43fd0bb5d13e5d9d4300176_9101.json
 create mode 100644 experiments/unified_contextual_memory/artifacts/evaluation/judges/db33f5cab6b31d3f4a14385409651d79c88a6a51d43fd0bb5d13e5d9d4300176_9101.request.json
 create mode 100644 experiments/unified_contextual_memory/artifacts/evaluation/judges/db33f5cab6b31d3f4a14385409651d79c88a6a51d43fd0bb5d13e5d9d4300176_9102.json
 create mode 100644 experiments/unified_contextual_memory/artifacts/evaluation/judges/db33f5cab6b31d3f4a14385409651d79c88a6a51d43fd0bb5d13e5d9d4300176_9102.request.json
 create mode 100644 experiments/unified_contextual_memory/artifacts/evaluation/judges/db33f5cab6b31d3f4a14385409651d79c88a6a51d43fd0bb5d13e5d9d4300176_9200.json
 create mode 100644 experiments/unified_contextual_memory/artifacts/evaluation/judges/db33f5cab6b31d3f4a14385409651d79c88a6a51d43fd0bb5d13e5d9d4300176_9200.request.json
 create mode 100644 experiments/unified_contextual_memory/artifacts/evaluation/judges/db4b90e49cbc3121ffda007075fad22092159f7dd4a167a7a14415014932148b_9100.json
 create mode 100644 experiments/unified_contextual_memory/artifacts/evaluation/judges/db4b90e49cbc3121ffda007075fad22092159f7dd4a167a7a14415014932148b_9100.request.json
 create mode 100644 experiments/unified_contextual_memory/artifacts/evaluation/judges/db4b90e49cbc3121ffda007075fad22092159f7dd4a167a7a14415014932148b_9101.json
 create mode 100644 experiments/unified_contextual_memory/artifacts/evaluation/judges/db4b90e49cbc3121ffda007075fad22092159f7dd4a167a7a14415014932148b_9101.request.json
 create mode 100644 experiments/unified_contextual_memory/artifacts/evaluation/judges/db4b90e49cbc3121ffda007075fad22092159f7dd4a167a7a14415014932148b_9102.json
 create mode 100644 experiments/unified_contextual_memory/artifacts/evaluation/judges/db4b90e49cbc3121ffda007075fad22092159f7dd4a167a7a14415014932148b_9102.request.json
 create mode 100644 experiments/unified_contextual_memory/artifacts/evaluation/judges/db4b90e49cbc3121ffda007075fad22092159f7dd4a167a7a14415014932148b_9200.json
 create mode 100644 experiments/unified_contextual_memory/artifacts/evaluation/judges/db4b90e49cbc3121ffda007075fad22092159f7dd4a167a7a14415014932148b_9200.request.json
 create mode 100644 experiments/unified_contextual_memory/artifacts/evaluation/judges/dc75a266efa7d3e7da96ab18f5ec9499e80bba1393eb04fbda491a0697388804_9100.json
 create mode 100644 experiments/unified_contextual_memory/artifacts/evaluation/judges/dc75a266efa7d3e7da96ab18f5ec9499e80bba1393eb04fbda491a0697388804_9100.request.json
 create mode 100644 experiments/unified_contextual_memory/artifacts/evaluation/judges/dc75a266efa7d3e7da96ab18f5ec9499e80bba1393eb04fbda491a0697388804_9101.json
 create mode 100644 experiments/unified_contextual_memory/artifacts/evaluation/judges/dc75a266efa7d3e7da96ab18f5ec9499e80bba1393eb04fbda491a0697388804_9101.request.json
 create mode 100644 experiments/unified_contextual_memory/artifacts/evaluation/judges/dc75a266efa7d3e7da96ab18f5ec9499e80bba1393eb04fbda491a0697388804_9102.json
 create mode 100644 experiments/unified_contextual_memory/artifacts/evaluation/judges/dc75a266efa7d3e7da96ab18f5ec9499e80bba1393eb04fbda491a0697388804_9102.request.json
 create mode 100644 experiments/unified_contextual_memory/artifacts/evaluation/judges/dc75a266efa7d3e7da96ab18f5ec9499e80bba1393eb04fbda491a0697388804_9200.json
 create mode 100644 experiments/unified_contextual_memory/artifacts/evaluation/judges/dc75a266efa7d3e7da96ab18f5ec9499e80bba1393eb04fbda491a0697388804_9200.request.json
 create mode 100644 experiments/unified_contextual_memory/artifacts/evaluation/judges/dcb50b6d2f7753f0ec152c416e160ff542dc778dbef51af67bc71ba943b3b793_9100.json
 create mode 100644 experiments/unified_contextual_memory/artifacts/evaluation/judges/dcb50b6d2f7753f0ec152c416e160ff542dc778dbef51af67bc71ba943b3b793_9100.request.json
 create mode 100644 experiments/unified_contextual_memory/artifacts/evaluation/judges/dcb50b6d2f7753f0ec152c416e160ff542dc778dbef51af67bc71ba943b3b793_9101.json
 create mode 100644 experiments/unified_contextual_memory/artifacts/evaluation/judges/dcb50b6d2f7753f0ec152c416e160ff542dc778dbef51af67bc71ba943b3b793_9101.request.json
 create mode 100644 experiments/unified_contextual_memory/artifacts/evaluation/judges/dcb50b6d2f7753f0ec152c416e160ff542dc778dbef51af67bc71ba943b3b793_9102.json
 create mode 100644 experiments/unified_contextual_memory/artifacts/evaluation/judges/dcb50b6d2f7753f0ec152c416e160ff542dc778dbef51af67bc71ba943b3b793_9102.request.json
 create mode 100644 experiments/unified_contextual_memory/artifacts/evaluation/judges/dcb50b6d2f7753f0ec152c416e160ff542dc778dbef51af67bc71ba943b3b793_9200.json
 create mode 100644 experiments/unified_contextual_memory/artifacts/evaluation/judges/dcb50b6d2f7753f0ec152c416e160ff542dc778dbef51af67bc71ba943b3b793_9200.request.json
 create mode 100644 experiments/unified_contextual_memory/artifacts/evaluation/judges/dcc6f6817e1f2080fcc22f629959f84df54b2924eb5a9ba812549c8cc9541305_9100.json
 create mode 100644 experiments/unified_contextual_memory/artifacts/evaluation/judges/dcc6f6817e1f2080fcc22f629959f84df54b2924eb5a9ba812549c8cc9541305_9100.request.json
 create mode 100644 experiments/unified_contextual_memory/artifacts/evaluation/judges/dcc6f6817e1f2080fcc22f629959f84df54b2924eb5a9ba812549c8cc9541305_9101.json
 create mode 100644 experiments/unified_contextual_memory/artifacts/evaluation/judges/dcc6f6817e1f2080fcc22f629959f84df54b2924eb5a9ba812549c8cc9541305_9101.request.json
 create mode 100644 experiments/unified_contextual_memory/artifacts/evaluation/judges/dcc6f6817e1f2080fcc22f629959f84df54b2924eb5a9ba812549c8cc9541305_9102.json
 create mode 100644 experiments/unified_contextual_memory/artifacts/evaluation/judges/dcc6f6817e1f2080fcc22f629959f84df54b2924eb5a9ba812549c8cc9541305_9102.request.json
 create mode 100644 experiments/unified_contextual_memory/artifacts/evaluation/judges/dcc6f6817e1f2080fcc22f629959f84df54b2924eb5a9ba812549c8cc9541305_9200.json
 create mode 100644 experiments/unified_contextual_memory/artifacts/evaluation/judges/dcc6f6817e1f2080fcc22f629959f84df54b2924eb5a9ba812549c8cc9541305_9200.request.json
 create mode 100644 experiments/unified_contextual_memory/artifacts/evaluation/judges/dd02896fe9c10905fd34c06ff82e7cbb7bbbc8d8797613017387d8e486d017cc_9100.json
 create mode 100644 experiments/unified_contextual_memory/artifacts/evaluation/judges/dd02896fe9c10905fd34c06ff82e7cbb7bbbc8d8797613017387d8e486d017cc_9100.request.json
 create mode 100644 experiments/unified_contextual_memory/artifacts/evaluation/judges/dd02896fe9c10905fd34c06ff82e7cbb7bbbc8d8797613017387d8e486d017cc_9101.json
 create mode 100644 experiments/unified_contextual_memory/artifacts/evaluation/judges/dd02896fe9c10905fd34c06ff82e7cbb7bbbc8d8797613017387d8e486d017cc_9101.request.json
 create mode 100644 experiments/unified_contextual_memory/artifacts/evaluation/judges/dd02896fe9c10905fd34c06ff82e7cbb7bbbc8d8797613017387d8e486d017cc_9102.json
 create mode 100644 experiments/unified_contextual_memory/artifacts/evaluation/judges/dd02896fe9c10905fd34c06ff82e7cbb7bbbc8d8797613017387d8e486d017cc_9102.request.json
 create mode 100644 experiments/unified_contextual_memory/artifacts/evaluation/judges/dd02896fe9c10905fd34c06ff82e7cbb7bbbc8d8797613017387d8e486d017cc_9200.json
 create mode 100644 experiments/unified_contextual_memory/artifacts/evaluation/judges/dd02896fe9c10905fd34c06ff82e7cbb7bbbc8d8797613017387d8e486d017cc_9200.request.json
 create mode 100644 experiments/unified_contextual_memory/artifacts/evaluation/judges/dd3197fd25368427ad8f8d95d59e95f411097e1720fdf8ac4864d1bb689af1c0_9100.json
 create mode 100644 experiments/unified_contextual_memory/artifacts/evaluation/judges/dd3197fd25368427ad8f8d95d59e95f411097e1720fdf8ac4864d1bb689af1c0_9100.request.json
 create mode 100644 experiments/unified_contextual_memory/artifacts/evaluation/judges/dd3197fd25368427ad8f8d95d59e95f411097e1720fdf8ac4864d1bb689af1c0_9101.json
 create mode 100644 experiments/unified_contextual_memory/artifacts/evaluation/judges/dd3197fd25368427ad8f8d95d59e95f411097e1720fdf8ac4864d1bb689af1c0_9101.request.json
 create mode 100644 experiments/unified_contextual_memory/artifacts/evaluation/judges/dd3197fd25368427ad8f8d95d59e95f411097e1720fdf8ac4864d1bb689af1c0_9102.json
 create mode 100644 experiments/unified_contextual_memory/artifacts/evaluation/judges/dd3197fd25368427ad8f8d95d59e95f411097e1720fdf8ac4864d1bb689af1c0_9102.request.json
 create mode 100644 experiments/unified_contextual_memory/artifacts/evaluation/judges/dd3197fd25368427ad8f8d95d59e95f411097e1720fdf8ac4864d1bb689af1c0_9200.json
 create mode 100644 experiments/unified_contextual_memory/artifacts/evaluation/judges/dd3197fd25368427ad8f8d95d59e95f411097e1720fdf8ac4864d1bb689af1c0_9200.request.json
 create mode 100644 experiments/unified_contextual_memory/artifacts/evaluation/judges/dd551ed378d48a81af63dec592c8108035d2e6630174548e7f2c1b98b5ee4dc4_9100.json
 create mode 100644 experiments/unified_contextual_memory/artifacts/evaluation/judges/dd551ed378d48a81af63dec592c8108035d2e6630174548e7f2c1b98b5ee4dc4_9100.request.json
 create mode 100644 experiments/unified_contextual_memory/artifacts/evaluation/judges/dd551ed378d48a81af63dec592c8108035d2e6630174548e7f2c1b98b5ee4dc4_9101.json
 create mode 100644 experiments/unified_contextual_memory/artifacts/evaluation/judges/dd551ed378d48a81af63dec592c8108035d2e6630174548e7f2c1b98b5ee4dc4_9101.request.json
 create mode 100644 experiments/unified_contextual_memory/artifacts/evaluation/judges/dd551ed378d48a81af63dec592c8108035d2e6630174548e7f2c1b98b5ee4dc4_9102.json
 create mode 100644 experiments/unified_contextual_memory/artifacts/evaluation/judges/dd551ed378d48a81af63dec592c8108035d2e6630174548e7f2c1b98b5ee4dc4_9102.request.json
 create mode 100644 experiments/unified_contextual_memory/artifacts/evaluation/judges/dd551ed378d48a81af63dec592c8108035d2e6630174548e7f2c1b98b5ee4dc4_9200.json
 create mode 100644 experiments/unified_contextual_memory/artifacts/evaluation/judges/dd551ed378d48a81af63dec592c8108035d2e6630174548e7f2c1b98b5ee4dc4_9200.request.json
 create mode 100644 experiments/unified_contextual_memory/artifacts/evaluation/judges/dd6d76e280bb0cf33bd91b2342c7322d01d27bcaa19fe54f3e3cbfc3d42ead62_9100.json
 create mode 100644 experiments/unified_contextual_memory/artifacts/evaluation/judges/dd6d76e280bb0cf33bd91b2342c7322d01d27bcaa19fe54f3e3cbfc3d42ead62_9100.request.json
 create mode 100644 experiments/unified_contextual_memory/artifacts/evaluation/judges/dd6d76e280bb0cf33bd91b2342c7322d01d27bcaa19fe54f3e3cbfc3d42ead62_9101.json
 create mode 100644 experiments/unified_contextual_memory/artifacts/evaluation/judges/dd6d76e280bb0cf33bd91b2342c7322d01d27bcaa19fe54f3e3cbfc3d42ead62_9101.request.json
 create mode 100644 experiments/unified_contextual_memory/artifacts/evaluation/judges/dd6d76e280bb0cf33bd91b2342c7322d01d27bcaa19fe54f3e3cbfc3d42ead62_9102.json
 create mode 100644 experiments/unified_contextual_memory/artifacts/evaluation/judges/dd6d76e280bb0cf33bd91b2342c7322d01d27bcaa19fe54f3e3cbfc3d42ead62_9102.request.json
 create mode 100644 experiments/unified_contextual_memory/artifacts/evaluation/judges/dd6d76e280bb0cf33bd91b2342c7322d01d27bcaa19fe54f3e3cbfc3d42ead62_9200.json
 create mode 100644 experiments/unified_contextual_memory/artifacts/evaluation/judges/dd6d76e280bb0cf33bd91b2342c7322d01d27bcaa19fe54f3e3cbfc3d42ead62_9200.request.json
 create mode 100644 experiments/unified_contextual_memory/artifacts/evaluation/judges/dd95d1d8047bc32c6645c6db043679ddf779f94e91f55f3b3f241a15630cb5ba_9100.json
 create mode 100644 experiments/unified_contextual_memory/artifacts/evaluation/judges/dd95d1d8047bc32c6645c6db043679ddf779f94e91f55f3b3f241a15630cb5ba_9100.request.json
 create mode 100644 experiments/unified_contextual_memory/artifacts/evaluation/judges/dd95d1d8047bc32c6645c6db043679ddf779f94e91f55f3b3f241a15630cb5ba_9101.json
 create mode 100644 experiments/unified_contextual_memory/artifacts/evaluation/judges/dd95d1d8047bc32c6645c6db043679ddf779f94e91f55f3b3f241a15630cb5ba_9101.request.json
 create mode 100644 experiments/unified_contextual_memory/artifacts/evaluation/judges/dd95d1d8047bc32c6645c6db043679ddf779f94e91f55f3b3f241a15630cb5ba_9102.json
 create mode 100644 experiments/unified_contextual_memory/artifacts/evaluation/judges/dd95d1d8047bc32c6645c6db043679ddf779f94e91f55f3b3f241a15630cb5ba_9102.request.json
 create mode 100644 experiments/unified_contextual_memory/artifacts/evaluation/judges/dd95d1d8047bc32c6645c6db043679ddf779f94e91f55f3b3f241a15630cb5ba_9200.json
 create mode 100644 experiments/unified_contextual_memory/artifacts/evaluation/judges/dd95d1d8047bc32c6645c6db043679ddf779f94e91f55f3b3f241a15630cb5ba_9200.request.json
 create mode 100644 experiments/unified_contextual_memory/artifacts/evaluation/judges/ddb034f75db5ec7bae08ee403f38a81ad65818af83650a5d7107536562577ded_9100.json
 create mode 100644 experiments/unified_contextual_memory/artifacts/evaluation/judges/ddb034f75db5ec7bae08ee403f38a81ad65818af83650a5d7107536562577ded_9100.request.json
 create mode 100644 experiments/unified_contextual_memory/artifacts/evaluation/judges/ddb034f75db5ec7bae08ee403f38a81ad65818af83650a5d7107536562577ded_9101.json
 create mode 100644 experiments/unified_contextual_memory/artifacts/evaluation/judges/ddb034f75db5ec7bae08ee403f38a81ad65818af83650a5d7107536562577ded_9101.request.json
 create mode 100644 experiments/unified_contextual_memory/artifacts/evaluation/judges/ddb034f75db5ec7bae08ee403f38a81ad65818af83650a5d7107536562577ded_9102.json
 create mode 100644 experiments/unified_contextual_memory/artifacts/evaluation/judges/ddb034f75db5ec7bae08ee403f38a81ad65818af83650a5d7107536562577ded_9102.request.json
 create mode 100644 experiments/unified_contextual_memory/artifacts/evaluation/judges/ddb034f75db5ec7bae08ee403f38a81ad65818af83650a5d7107536562577ded_9200.json
 create mode 100644 experiments/unified_contextual_memory/artifacts/evaluation/judges/ddb034f75db5ec7bae08ee403f38a81ad65818af83650a5d7107536562577ded_9200.request.json
 create mode 100644 experiments/unified_contextual_memory/artifacts/evaluation/judges/ddc284be81256c43d457672a880bdfd7c0d4f33ae4d526fe4624092600416055_9100.json
 create mode 100644 experiments/unified_contextual_memory/artifacts/evaluation/judges/ddc284be81256c43d457672a880bdfd7c0d4f33ae4d526fe4624092600416055_9100.request.json
 create mode 100644 experiments/unified_contextual_memory/artifacts/evaluation/judges/ddc284be81256c43d457672a880bdfd7c0d4f33ae4d526fe4624092600416055_9101.json
 create mode 100644 experiments/unified_contextual_memory/artifacts/evaluation/judges/ddc284be81256c43d457672a880bdfd7c0d4f33ae4d526fe4624092600416055_9101.request.json
 create mode 100644 experiments/unified_contextual_memory/artifacts/evaluation/judges/ddc284be81256c43d457672a880bdfd7c0d4f33ae4d526fe4624092600416055_9102.json
 create mode 100644 experiments/unified_contextual_memory/artifacts/evaluation/judges/ddc284be81256c43d457672a880bdfd7c0d4f33ae4d526fe4624092600416055_9102.request.json
 create mode 100644 experiments/unified_contextual_memory/artifacts/evaluation/judges/ddc284be81256c43d457672a880bdfd7c0d4f33ae4d526fe4624092600416055_9200.json
 create mode 100644 experiments/unified_contextual_memory/artifacts/evaluation/judges/ddc284be81256c43d457672a880bdfd7c0d4f33ae4d526fe4624092600416055_9200.request.json
 create mode 100644 experiments/unified_contextual_memory/artifacts/evaluation/judges/de375fc8dcd899b9781664978525ced1a5a1f9a91609c6a61a2b7fdadc6bf661_9100.json
 create mode 100644 experiments/unified_contextual_memory/artifacts/evaluation/judges/de375fc8dcd899b9781664978525ced1a5a1f9a91609c6a61a2b7fdadc6bf661_9100.request.json
 create mode 100644 experiments/unified_contextual_memory/artifacts/evaluation/judges/de375fc8dcd899b9781664978525ced1a5a1f9a91609c6a61a2b7fdadc6bf661_9101.json
 create mode 100644 experiments/unified_contextual_memory/artifacts/evaluation/judges/de375fc8dcd899b9781664978525ced1a5a1f9a91609c6a61a2b7fdadc6bf661_9101.request.json
 create mode 100644 experiments/unified_contextual_memory/artifacts/evaluation/judges/de375fc8dcd899b9781664978525ced1a5a1f9a91609c6a61a2b7fdadc6bf661_9102.json
 create mode 100644 experiments/unified_contextual_memory/artifacts/evaluation/judges/de375fc8dcd899b9781664978525ced1a5a1f9a91609c6a61a2b7fdadc6bf661_9102.request.json
 create mode 100644 experiments/unified_contextual_memory/artifacts/evaluation/judges/de375fc8dcd899b9781664978525ced1a5a1f9a91609c6a61a2b7fdadc6bf661_9200.json
 create mode 100644 experiments/unified_contextual_memory/artifacts/evaluation/judges/de375fc8dcd899b9781664978525ced1a5a1f9a91609c6a61a2b7fdadc6bf661_9200.request.json
 create mode 100644 experiments/unified_contextual_memory/artifacts/evaluation/judges/de99d6c1df7ee053798e4eb98b96ce0178231c3ca1df464688f224270d818cbc_9100.json
 create mode 100644 experiments/unified_contextual_memory/artifacts/evaluation/judges/de99d6c1df7ee053798e4eb98b96ce0178231c3ca1df464688f224270d818cbc_9100.request.json
 create mode 100644 experiments/unified_contextual_memory/artifacts/evaluation/judges/de99d6c1df7ee053798e4eb98b96ce0178231c3ca1df464688f224270d818cbc_9101.json
 create mode 100644 experiments/unified_contextual_memory/artifacts/evaluation/judges/de99d6c1df7ee053798e4eb98b96ce0178231c3ca1df464688f224270d818cbc_9101.request.json
 create mode 100644 experiments/unified_contextual_memory/artifacts/evaluation/judges/de99d6c1df7ee053798e4eb98b96ce0178231c3ca1df464688f224270d818cbc_9102.json
 create mode 100644 experiments/unified_contextual_memory/artifacts/evaluation/judges/de99d6c1df7ee053798e4eb98b96ce0178231c3ca1df464688f224270d818cbc_9102.request.json
 create mode 100644 experiments/unified_contextual_memory/artifacts/evaluation/judges/de99d6c1df7ee053798e4eb98b96ce0178231c3ca1df464688f224270d818cbc_9200.json
 create mode 100644 experiments/unified_contextual_memory/artifacts/evaluation/judges/de99d6c1df7ee053798e4eb98b96ce0178231c3ca1df464688f224270d818cbc_9200.request.json
 create mode 100644 experiments/unified_contextual_memory/artifacts/evaluation/judges/ded4abf2e45197bca5140358114cd347135181e239e9170a40632ed51a8a480c_9100.json
 create mode 100644 experiments/unified_contextual_memory/artifacts/evaluation/judges/ded4abf2e45197bca5140358114cd347135181e239e9170a40632ed51a8a480c_9100.request.json
 create mode 100644 experiments/unified_contextual_memory/artifacts/evaluation/judges/ded4abf2e45197bca5140358114cd347135181e239e9170a40632ed51a8a480c_9101.json
 create mode 100644 experiments/unified_contextual_memory/artifacts/evaluation/judges/ded4abf2e45197bca5140358114cd347135181e239e9170a40632ed51a8a480c_9101.request.json
 create mode 100644 experiments/unified_contextual_memory/artifacts/evaluation/judges/ded4abf2e45197bca5140358114cd347135181e239e9170a40632ed51a8a480c_9102.json
 create mode 100644 experiments/unified_contextual_memory/artifacts/evaluation/judges/ded4abf2e45197bca5140358114cd347135181e239e9170a40632ed51a8a480c_9102.request.json
 create mode 100644 experiments/unified_contextual_memory/artifacts/evaluation/judges/ded4abf2e45197bca5140358114cd347135181e239e9170a40632ed51a8a480c_9200.json
 create mode 100644 experiments/unified_contextual_memory/artifacts/evaluation/judges/ded4abf2e45197bca5140358114cd347135181e239e9170a40632ed51a8a480c_9200.request.json
 create mode 100644 experiments/unified_contextual_memory/artifacts/evaluation/judges/df173074a91dcf8ea99ede3ffe81b7a3d5d23dda107bfb0e5919c43657a54ea8_9100.json
 create mode 100644 experiments/unified_contextual_memory/artifacts/evaluation/judges/df173074a91dcf8ea99ede3ffe81b7a3d5d23dda107bfb0e5919c43657a54ea8_9100.request.json
 create mode 100644 experiments/unified_contextual_memory/artifacts/evaluation/judges/df173074a91dcf8ea99ede3ffe81b7a3d5d23dda107bfb0e5919c43657a54ea8_9101.json
 create mode 100644 experiments/unified_contextual_memory/artifacts/evaluation/judges/df173074a91dcf8ea99ede3ffe81b7a3d5d23dda107bfb0e5919c43657a54ea8_9101.request.json
 create mode 100644 experiments/unified_contextual_memory/artifacts/evaluation/judges/df173074a91dcf8ea99ede3ffe81b7a3d5d23dda107bfb0e5919c43657a54ea8_9102.json
 create mode 100644 experiments/unified_contextual_memory/artifacts/evaluation/judges/df173074a91dcf8ea99ede3ffe81b7a3d5d23dda107bfb0e5919c43657a54ea8_9102.request.json
 create mode 100644 experiments/unified_contextual_memory/artifacts/evaluation/judges/df173074a91dcf8ea99ede3ffe81b7a3d5d23dda107bfb0e5919c43657a54ea8_9200.json
 create mode 100644 experiments/unified_contextual_memory/artifacts/evaluation/judges/df173074a91dcf8ea99ede3ffe81b7a3d5d23dda107bfb0e5919c43657a54ea8_9200.request.json
 create mode 100644 experiments/unified_contextual_memory/artifacts/evaluation/judges/df2cd9283449c32a7e8ad2fe15fe481cf8f889a839077cf2f8b00f2b351333a7_9100.json
 create mode 100644 experiments/unified_contextual_memory/artifacts/evaluation/judges/df2cd9283449c32a7e8ad2fe15fe481cf8f889a839077cf2f8b00f2b351333a7_9100.request.json
 create mode 100644 experiments/unified_contextual_memory/artifacts/evaluation/judges/df2cd9283449c32a7e8ad2fe15fe481cf8f889a839077cf2f8b00f2b351333a7_9101.json
 create mode 100644 experiments/unified_contextual_memory/artifacts/evaluation/judges/df2cd9283449c32a7e8ad2fe15fe481cf8f889a839077cf2f8b00f2b351333a7_9101.request.json
 create mode 100644 experiments/unified_contextual_memory/artifacts/evaluation/judges/df2cd9283449c32a7e8ad2fe15fe481cf8f889a839077cf2f8b00f2b351333a7_9102.json
 create mode 100644 experiments/unified_contextual_memory/artifacts/evaluation/judges/df2cd9283449c32a7e8ad2fe15fe481cf8f889a839077cf2f8b00f2b351333a7_9102.request.json
 create mode 100644 experiments/unified_contextual_memory/artifacts/evaluation/judges/df2cd9283449c32a7e8ad2fe15fe481cf8f889a839077cf2f8b00f2b351333a7_9200.json
 create mode 100644 experiments/unified_contextual_memory/artifacts/evaluation/judges/df2cd9283449c32a7e8ad2fe15fe481cf8f889a839077cf2f8b00f2b351333a7_9200.request.json
 create mode 100644 experiments/unified_contextual_memory/artifacts/evaluation/judges/df557dd9bb36419b55ad9da33c6a3eb4c6d756a4ec6219962098c7fed99923a5_9100.json
 create mode 100644 experiments/unified_contextual_memory/artifacts/evaluation/judges/df557dd9bb36419b55ad9da33c6a3eb4c6d756a4ec6219962098c7fed99923a5_9100.request.json
 create mode 100644 experiments/unified_contextual_memory/artifacts/evaluation/judges/df557dd9bb36419b55ad9da33c6a3eb4c6d756a4ec6219962098c7fed99923a5_9101.json
 create mode 100644 experiments/unified_contextual_memory/artifacts/evaluation/judges/df557dd9bb36419b55ad9da33c6a3eb4c6d756a4ec6219962098c7fed99923a5_9101.request.json
 create mode 100644 experiments/unified_contextual_memory/artifacts/evaluation/judges/df557dd9bb36419b55ad9da33c6a3eb4c6d756a4ec6219962098c7fed99923a5_9102.json
 create mode 100644 experiments/unified_contextual_memory/artifacts/evaluation/judges/df557dd9bb36419b55ad9da33c6a3eb4c6d756a4ec6219962098c7fed99923a5_9102.request.json
 create mode 100644 experiments/unified_contextual_memory/artifacts/evaluation/judges/df557dd9bb36419b55ad9da33c6a3eb4c6d756a4ec6219962098c7fed99923a5_9200.json
 create mode 100644 experiments/unified_contextual_memory/artifacts/evaluation/judges/df557dd9bb36419b55ad9da33c6a3eb4c6d756a4ec6219962098c7fed99923a5_9200.request.json
 create mode 100644 experiments/unified_contextual_memory/artifacts/evaluation/judges/df95ba24d79534688ec3501f74d90d6ab09d6e6f2ce1d2884f0559a83965009d_9100.json
 create mode 100644 experiments/unified_contextual_memory/artifacts/evaluation/judges/df95ba24d79534688ec3501f74d90d6ab09d6e6f2ce1d2884f0559a83965009d_9100.request.json
 create mode 100644 experiments/unified_contextual_memory/artifacts/evaluation/judges/df95ba24d79534688ec3501f74d90d6ab09d6e6f2ce1d2884f0559a83965009d_9101.json
 create mode 100644 experiments/unified_contextual_memory/artifacts/evaluation/judges/df95ba24d79534688ec3501f74d90d6ab09d6e6f2ce1d2884f0559a83965009d_9101.request.json
 create mode 100644 experiments/unified_contextual_memory/artifacts/evaluation/judges/df95ba24d79534688ec3501f74d90d6ab09d6e6f2ce1d2884f0559a83965009d_9102.json
 create mode 100644 experiments/unified_contextual_memory/artifacts/evaluation/judges/df95ba24d79534688ec3501f74d90d6ab09d6e6f2ce1d2884f0559a83965009d_9102.request.json
 create mode 100644 experiments/unified_contextual_memory/artifacts/evaluation/judges/df95ba24d79534688ec3501f74d90d6ab09d6e6f2ce1d2884f0559a83965009d_9200.json
 create mode 100644 experiments/unified_contextual_memory/artifacts/evaluation/judges/df95ba24d79534688ec3501f74d90d6ab09d6e6f2ce1d2884f0559a83965009d_9200.request.json
 create mode 100644 experiments/unified_contextual_memory/artifacts/evaluation/judges/e0187c428c2f5327cca6ba440ff04bbd787dc3c54da189998dccc8df0877e347_9100.json
 create mode 100644 experiments/unified_contextual_memory/artifacts/evaluation/judges/e0187c428c2f5327cca6ba440ff04bbd787dc3c54da189998dccc8df0877e347_9100.request.json
 create mode 100644 experiments/unified_contextual_memory/artifacts/evaluation/judges/e0187c428c2f5327cca6ba440ff04bbd787dc3c54da189998dccc8df0877e347_9101.json
 create mode 100644 experiments/unified_contextual_memory/artifacts/evaluation/judges/e0187c428c2f5327cca6ba440ff04bbd787dc3c54da189998dccc8df0877e347_9101.request.json
 create mode 100644 experiments/unified_contextual_memory/artifacts/evaluation/judges/e0187c428c2f5327cca6ba440ff04bbd787dc3c54da189998dccc8df0877e347_9102.json
 create mode 100644 experiments/unified_contextual_memory/artifacts/evaluation/judges/e0187c428c2f5327cca6ba440ff04bbd787dc3c54da189998dccc8df0877e347_9102.request.json
 create mode 100644 experiments/unified_contextual_memory/artifacts/evaluation/judges/e0187c428c2f5327cca6ba440ff04bbd787dc3c54da189998dccc8df0877e347_9200.json
 create mode 100644 experiments/unified_contextual_memory/artifacts/evaluation/judges/e0187c428c2f5327cca6ba440ff04bbd787dc3c54da189998dccc8df0877e347_9200.request.json
 create mode 100644 experiments/unified_contextual_memory/artifacts/evaluation/judges/e0eba1d9bea57163d8da380c29ff4d56ef9e3489c44e02a41741baf992da50ad_9100.json
 create mode 100644 experiments/unified_contextual_memory/artifacts/evaluation/judges/e0eba1d9bea57163d8da380c29ff4d56ef9e3489c44e02a41741baf992da50ad_9100.request.json
 create mode 100644 experiments/unified_contextual_memory/artifacts/evaluation/judges/e0eba1d9bea57163d8da380c29ff4d56ef9e3489c44e02a41741baf992da50ad_9101.json
 create mode 100644 experiments/unified_contextual_memory/artifacts/evaluation/judges/e0eba1d9bea57163d8da380c29ff4d56ef9e3489c44e02a41741baf992da50ad_9101.request.json
 create mode 100644 experiments/unified_contextual_memory/artifacts/evaluation/judges/e0eba1d9bea57163d8da380c29ff4d56ef9e3489c44e02a41741baf992da50ad_9102.json
 create mode 100644 experiments/unified_contextual_memory/artifacts/evaluation/judges/e0eba1d9bea57163d8da380c29ff4d56ef9e3489c44e02a41741baf992da50ad_9102.request.json
 create mode 100644 experiments/unified_contextual_memory/artifacts/evaluation/judges/e0eba1d9bea57163d8da380c29ff4d56ef9e3489c44e02a41741baf992da50ad_9200.json
 create mode 100644 experiments/unified_contextual_memory/artifacts/evaluation/judges/e0eba1d9bea57163d8da380c29ff4d56ef9e3489c44e02a41741baf992da50ad_9200.request.json
 create mode 100644 experiments/unified_contextual_memory/artifacts/evaluation/judges/e13bdcaf63e0108acc429477fa7d0519eb148854a624f1037e3c8589d088a8fb_9100.json
 create mode 100644 experiments/unified_contextual_memory/artifacts/evaluation/judges/e13bdcaf63e0108acc429477fa7d0519eb148854a624f1037e3c8589d088a8fb_9100.request.json
 create mode 100644 experiments/unified_contextual_memory/artifacts/evaluation/judges/e13bdcaf63e0108acc429477fa7d0519eb148854a624f1037e3c8589d088a8fb_9101.json
 create mode 100644 experiments/unified_contextual_memory/artifacts/evaluation/judges/e13bdcaf63e0108acc429477fa7d0519eb148854a624f1037e3c8589d088a8fb_9101.request.json
 create mode 100644 experiments/unified_contextual_memory/artifacts/evaluation/judges/e13bdcaf63e0108acc429477fa7d0519eb148854a624f1037e3c8589d088a8fb_9102.json
 create mode 100644 experiments/unified_contextual_memory/artifacts/evaluation/judges/e13bdcaf63e0108acc429477fa7d0519eb148854a624f1037e3c8589d088a8fb_9102.request.json
 create mode 100644 experiments/unified_contextual_memory/artifacts/evaluation/judges/e13bdcaf63e0108acc429477fa7d0519eb148854a624f1037e3c8589d088a8fb_9200.json
 create mode 100644 experiments/unified_contextual_memory/artifacts/evaluation/judges/e13bdcaf63e0108acc429477fa7d0519eb148854a624f1037e3c8589d088a8fb_9200.request.json
 create mode 100644 experiments/unified_contextual_memory/artifacts/evaluation/judges/e171cf51b05db4654d1cbca99c027b5a5adb202bcc07d976ff525d904b5b13cf_9100.json
 create mode 100644 experiments/unified_contextual_memory/artifacts/evaluation/judges/e171cf51b05db4654d1cbca99c027b5a5adb202bcc07d976ff525d904b5b13cf_9100.request.json
 create mode 100644 experiments/unified_contextual_memory/artifacts/evaluation/judges/e171cf51b05db4654d1cbca99c027b5a5adb202bcc07d976ff525d904b5b13cf_9101.json
 create mode 100644 experiments/unified_contextual_memory/artifacts/evaluation/judges/e171cf51b05db4654d1cbca99c027b5a5adb202bcc07d976ff525d904b5b13cf_9101.request.json
 create mode 100644 experiments/unified_contextual_memory/artifacts/evaluation/judges/e171cf51b05db4654d1cbca99c027b5a5adb202bcc07d976ff525d904b5b13cf_9102.json
 create mode 100644 experiments/unified_contextual_memory/artifacts/evaluation/judges/e171cf51b05db4654d1cbca99c027b5a5adb202bcc07d976ff525d904b5b13cf_9102.request.json
 create mode 100644 experiments/unified_contextual_memory/artifacts/evaluation/judges/e171cf51b05db4654d1cbca99c027b5a5adb202bcc07d976ff525d904b5b13cf_9200.json
 create mode 100644 experiments/unified_contextual_memory/artifacts/evaluation/judges/e171cf51b05db4654d1cbca99c027b5a5adb202bcc07d976ff525d904b5b13cf_9200.request.json
 create mode 100644 experiments/unified_contextual_memory/artifacts/evaluation/judges/e1c212e3086d89f85ceb7db7354c2d1fa94e0648581389b2915858ad834bef13_9100.json
 create mode 100644 experiments/unified_contextual_memory/artifacts/evaluation/judges/e1c212e3086d89f85ceb7db7354c2d1fa94e0648581389b2915858ad834bef13_9100.request.json
 create mode 100644 experiments/unified_contextual_memory/artifacts/evaluation/judges/e1c212e3086d89f85ceb7db7354c2d1fa94e0648581389b2915858ad834bef13_9101.json
 create mode 100644 experiments/unified_contextual_memory/artifacts/evaluation/judges/e1c212e3086d89f85ceb7db7354c2d1fa94e0648581389b2915858ad834bef13_9101.request.json
 create mode 100644 experiments/unified_contextual_memory/artifacts/evaluation/judges/e1c212e3086d89f85ceb7db7354c2d1fa94e0648581389b2915858ad834bef13_9102.json
 create mode 100644 experiments/unified_contextual_memory/artifacts/evaluation/judges/e1c212e3086d89f85ceb7db7354c2d1fa94e0648581389b2915858ad834bef13_9102.request.json
 create mode 100644 experiments/unified_contextual_memory/artifacts/evaluation/judges/e1c212e3086d89f85ceb7db7354c2d1fa94e0648581389b2915858ad834bef13_9200.json
 create mode 100644 experiments/unified_contextual_memory/artifacts/evaluation/judges/e1c212e3086d89f85ceb7db7354c2d1fa94e0648581389b2915858ad834bef13_9200.request.json
 create mode 100644 experiments/unified_contextual_memory/artifacts/evaluation/judges/e1d2d5caf46ff96b97d871f20ef86eab2d89f9c7e6dc026817163e156b1a323d_9100.json
 create mode 100644 experiments/unified_contextual_memory/artifacts/evaluation/judges/e1d2d5caf46ff96b97d871f20ef86eab2d89f9c7e6dc026817163e156b1a323d_9100.request.json
 create mode 100644 experiments/unified_contextual_memory/artifacts/evaluation/judges/e1d2d5caf46ff96b97d871f20ef86eab2d89f9c7e6dc026817163e156b1a323d_9101.json
 create mode 100644 experiments/unified_contextual_memory/artifacts/evaluation/judges/e1d2d5caf46ff96b97d871f20ef86eab2d89f9c7e6dc026817163e156b1a323d_9101.request.json
 create mode 100644 experiments/unified_contextual_memory/artifacts/evaluation/judges/e1d2d5caf46ff96b97d871f20ef86eab2d89f9c7e6dc026817163e156b1a323d_9102.json
 create mode 100644 experiments/unified_contextual_memory/artifacts/evaluation/judges/e1d2d5caf46ff96b97d871f20ef86eab2d89f9c7e6dc026817163e156b1a323d_9102.request.json
 create mode 100644 experiments/unified_contextual_memory/artifacts/evaluation/judges/e1d2d5caf46ff96b97d871f20ef86eab2d89f9c7e6dc026817163e156b1a323d_9200.json
 create mode 100644 experiments/unified_contextual_memory/artifacts/evaluation/judges/e1d2d5caf46ff96b97d871f20ef86eab2d89f9c7e6dc026817163e156b1a323d_9200.request.json
 create mode 100644 experiments/unified_contextual_memory/artifacts/evaluation/judges/e1db6a8df9e2d64c3c81aae90fa469f5c268a4b5798aa05c26941ffc6c7a5ee9_9100.json
 create mode 100644 experiments/unified_contextual_memory/artifacts/evaluation/judges/e1db6a8df9e2d64c3c81aae90fa469f5c268a4b5798aa05c26941ffc6c7a5ee9_9100.request.json
 create mode 100644 experiments/unified_contextual_memory/artifacts/evaluation/judges/e1db6a8df9e2d64c3c81aae90fa469f5c268a4b5798aa05c26941ffc6c7a5ee9_9101.json
 create mode 100644 experiments/unified_contextual_memory/artifacts/evaluation/judges/e1db6a8df9e2d64c3c81aae90fa469f5c268a4b5798aa05c26941ffc6c7a5ee9_9101.request.json
 create mode 100644 experiments/unified_contextual_memory/artifacts/evaluation/judges/e1db6a8df9e2d64c3c81aae90fa469f5c268a4b5798aa05c26941ffc6c7a5ee9_9102.json
 create mode 100644 experiments/unified_contextual_memory/artifacts/evaluation/judges/e1db6a8df9e2d64c3c81aae90fa469f5c268a4b5798aa05c26941ffc6c7a5ee9_9102.request.json
 create mode 100644 experiments/unified_contextual_memory/artifacts/evaluation/judges/e1db6a8df9e2d64c3c81aae90fa469f5c268a4b5798aa05c26941ffc6c7a5ee9_9200.json
 create mode 100644 experiments/unified_contextual_memory/artifacts/evaluation/judges/e1db6a8df9e2d64c3c81aae90fa469f5c268a4b5798aa05c26941ffc6c7a5ee9_9200.request.json
 create mode 100644 experiments/unified_contextual_memory/artifacts/evaluation/judges/e2218830e1ec0fbac39d02efb2aafc109eaea1da49d7b45f6460c000751ef05b_9100.json
 create mode 100644 experiments/unified_contextual_memory/artifacts/evaluation/judges/e2218830e1ec0fbac39d02efb2aafc109eaea1da49d7b45f6460c000751ef05b_9100.request.json
 create mode 100644 experiments/unified_contextual_memory/artifacts/evaluation/judges/e2218830e1ec0fbac39d02efb2aafc109eaea1da49d7b45f6460c000751ef05b_9101.json
 create mode 100644 experiments/unified_contextual_memory/artifacts/evaluation/judges/e2218830e1ec0fbac39d02efb2aafc109eaea1da49d7b45f6460c000751ef05b_9101.request.json
 create mode 100644 experiments/unified_contextual_memory/artifacts/evaluation/judges/e2218830e1ec0fbac39d02efb2aafc109eaea1da49d7b45f6460c000751ef05b_9102.json
 create mode 100644 experiments/unified_contextual_memory/artifacts/evaluation/judges/e2218830e1ec0fbac39d02efb2aafc109eaea1da49d7b45f6460c000751ef05b_9102.request.json
 create mode 100644 experiments/unified_contextual_memory/artifacts/evaluation/judges/e2218830e1ec0fbac39d02efb2aafc109eaea1da49d7b45f6460c000751ef05b_9200.json
 create mode 100644 experiments/unified_contextual_memory/artifacts/evaluation/judges/e2218830e1ec0fbac39d02efb2aafc109eaea1da49d7b45f6460c000751ef05b_9200.request.json
 create mode 100644 experiments/unified_contextual_memory/artifacts/evaluation/judges/e29bab068fba249d5c2403799eb86722e77db7a32520d536c94fb3430ee57e66_9100.json
 create mode 100644 experiments/unified_contextual_memory/artifacts/evaluation/judges/e29bab068fba249d5c2403799eb86722e77db7a32520d536c94fb3430ee57e66_9100.request.json
 create mode 100644 experiments/unified_contextual_memory/artifacts/evaluation/judges/e29bab068fba249d5c2403799eb86722e77db7a32520d536c94fb3430ee57e66_9101.json
 create mode 100644 experiments/unified_contextual_memory/artifacts/evaluation/judges/e29bab068fba249d5c2403799eb86722e77db7a32520d536c94fb3430ee57e66_9101.request.json
 create mode 100644 experiments/unified_contextual_memory/artifacts/evaluation/judges/e29bab068fba249d5c2403799eb86722e77db7a32520d536c94fb3430ee57e66_9102.json
 create mode 100644 experiments/unified_contextual_memory/artifacts/evaluation/judges/e29bab068fba249d5c2403799eb86722e77db7a32520d536c94fb3430ee57e66_9102.request.json
 create mode 100644 experiments/unified_contextual_memory/artifacts/evaluation/judges/e29bab068fba249d5c2403799eb86722e77db7a32520d536c94fb3430ee57e66_9200.json
 create mode 100644 experiments/unified_contextual_memory/artifacts/evaluation/judges/e29bab068fba249d5c2403799eb86722e77db7a32520d536c94fb3430ee57e66_9200.request.json
 create mode 100644 experiments/unified_contextual_memory/artifacts/evaluation/judges/e2ea40609dea4678ad77b52c57a0b8cd35b414805014f3bf3a39f7b5424aa1bc_9100.json
 create mode 100644 experiments/unified_contextual_memory/artifacts/evaluation/judges/e2ea40609dea4678ad77b52c57a0b8cd35b414805014f3bf3a39f7b5424aa1bc_9100.request.json
 create mode 100644 experiments/unified_contextual_memory/artifacts/evaluation/judges/e2ea40609dea4678ad77b52c57a0b8cd35b414805014f3bf3a39f7b5424aa1bc_9101.json
 create mode 100644 experiments/unified_contextual_memory/artifacts/evaluation/judges/e2ea40609dea4678ad77b52c57a0b8cd35b414805014f3bf3a39f7b5424aa1bc_9101.request.json
 create mode 100644 experiments/unified_contextual_memory/artifacts/evaluation/judges/e2ea40609dea4678ad77b52c57a0b8cd35b414805014f3bf3a39f7b5424aa1bc_9102.json
 create mode 100644 experiments/unified_contextual_memory/artifacts/evaluation/judges/e2ea40609dea4678ad77b52c57a0b8cd35b414805014f3bf3a39f7b5424aa1bc_9102.request.json
 create mode 100644 experiments/unified_contextual_memory/artifacts/evaluation/judges/e2ea40609dea4678ad77b52c57a0b8cd35b414805014f3bf3a39f7b5424aa1bc_9200.json
 create mode 100644 experiments/unified_contextual_memory/artifacts/evaluation/judges/e2ea40609dea4678ad77b52c57a0b8cd35b414805014f3bf3a39f7b5424aa1bc_9200.request.json
 create mode 100644 experiments/unified_contextual_memory/artifacts/evaluation/judges/e34617202fbeed679c24597d37cb7c77121776322512b0b6b17db014d435c140_9100.json
 create mode 100644 experiments/unified_contextual_memory/artifacts/evaluation/judges/e34617202fbeed679c24597d37cb7c77121776322512b0b6b17db014d435c140_9100.request.json
 create mode 100644 experiments/unified_contextual_memory/artifacts/evaluation/judges/e34617202fbeed679c24597d37cb7c77121776322512b0b6b17db014d435c140_9101.json
 create mode 100644 experiments/unified_contextual_memory/artifacts/evaluation/judges/e34617202fbeed679c24597d37cb7c77121776322512b0b6b17db014d435c140_9101.request.json
 create mode 100644 experiments/unified_contextual_memory/artifacts/evaluation/judges/e34617202fbeed679c24597d37cb7c77121776322512b0b6b17db014d435c140_9102.json
 create mode 100644 experiments/unified_contextual_memory/artifacts/evaluation/judges/e34617202fbeed679c24597d37cb7c77121776322512b0b6b17db014d435c140_9102.request.json
 create mode 100644 experiments/unified_contextual_memory/artifacts/evaluation/judges/e34617202fbeed679c24597d37cb7c77121776322512b0b6b17db014d435c140_9200.json
 create mode 100644 experiments/unified_contextual_memory/artifacts/evaluation/judges/e34617202fbeed679c24597d37cb7c77121776322512b0b6b17db014d435c140_9200.request.json
 create mode 100644 experiments/unified_contextual_memory/artifacts/evaluation/judges/e38fe31268f344d93ab264dc52fdc22c80bfec54cb4aed6b59bb8ca510ad80a3_9100.json
 create mode 100644 experiments/unified_contextual_memory/artifacts/evaluation/judges/e38fe31268f344d93ab264dc52fdc22c80bfec54cb4aed6b59bb8ca510ad80a3_9100.request.json
 create mode 100644 experiments/unified_contextual_memory/artifacts/evaluation/judges/e38fe31268f344d93ab264dc52fdc22c80bfec54cb4aed6b59bb8ca510ad80a3_9101.json
 create mode 100644 experiments/unified_contextual_memory/artifacts/evaluation/judges/e38fe31268f344d93ab264dc52fdc22c80bfec54cb4aed6b59bb8ca510ad80a3_9101.request.json
 create mode 100644 experiments/unified_contextual_memory/artifacts/evaluation/judges/e38fe31268f344d93ab264dc52fdc22c80bfec54cb4aed6b59bb8ca510ad80a3_9102.json
 create mode 100644 experiments/unified_contextual_memory/artifacts/evaluation/judges/e38fe31268f344d93ab264dc52fdc22c80bfec54cb4aed6b59bb8ca510ad80a3_9102.request.json
 create mode 100644 experiments/unified_contextual_memory/artifacts/evaluation/judges/e38fe31268f344d93ab264dc52fdc22c80bfec54cb4aed6b59bb8ca510ad80a3_9200.json
 create mode 100644 experiments/unified_contextual_memory/artifacts/evaluation/judges/e38fe31268f344d93ab264dc52fdc22c80bfec54cb4aed6b59bb8ca510ad80a3_9200.request.json
 create mode 100644 experiments/unified_contextual_memory/artifacts/evaluation/judges/e397d599ddabbf58e4d50f2de9817f6988138a8e184d46c1e5302d774c964a5e_9100.json
 create mode 100644 experiments/unified_contextual_memory/artifacts/evaluation/judges/e397d599ddabbf58e4d50f2de9817f6988138a8e184d46c1e5302d774c964a5e_9100.request.json
 create mode 100644 experiments/unified_contextual_memory/artifacts/evaluation/judges/e397d599ddabbf58e4d50f2de9817f6988138a8e184d46c1e5302d774c964a5e_9101.json
 create mode 100644 experiments/unified_contextual_memory/artifacts/evaluation/judges/e397d599ddabbf58e4d50f2de9817f6988138a8e184d46c1e5302d774c964a5e_9101.request.json
 create mode 100644 experiments/unified_contextual_memory/artifacts/evaluation/judges/e397d599ddabbf58e4d50f2de9817f6988138a8e184d46c1e5302d774c964a5e_9102.json
 create mode 100644 experiments/unified_contextual_memory/artifacts/evaluation/judges/e397d599ddabbf58e4d50f2de9817f6988138a8e184d46c1e5302d774c964a5e_9102.request.json
 create mode 100644 experiments/unified_contextual_memory/artifacts/evaluation/judges/e397d599ddabbf58e4d50f2de9817f6988138a8e184d46c1e5302d774c964a5e_9200.json
 create mode 100644 experiments/unified_contextual_memory/artifacts/evaluation/judges/e397d599ddabbf58e4d50f2de9817f6988138a8e184d46c1e5302d774c964a5e_9200.request.json
 create mode 100644 experiments/unified_contextual_memory/artifacts/evaluation/judges/e3d8eacb7c9f4f7b9cf4f441457a4cda25243046cb7bbe6e0d149b8c991a0bf8_9100.json
 create mode 100644 experiments/unified_contextual_memory/artifacts/evaluation/judges/e3d8eacb7c9f4f7b9cf4f441457a4cda25243046cb7bbe6e0d149b8c991a0bf8_9100.request.json
 create mode 100644 experiments/unified_contextual_memory/artifacts/evaluation/judges/e3d8eacb7c9f4f7b9cf4f441457a4cda25243046cb7bbe6e0d149b8c991a0bf8_9101.json
 create mode 100644 experiments/unified_contextual_memory/artifacts/evaluation/judges/e3d8eacb7c9f4f7b9cf4f441457a4cda25243046cb7bbe6e0d149b8c991a0bf8_9101.request.json
 create mode 100644 experiments/unified_contextual_memory/artifacts/evaluation/judges/e3d8eacb7c9f4f7b9cf4f441457a4cda25243046cb7bbe6e0d149b8c991a0bf8_9102.json
 create mode 100644 experiments/unified_contextual_memory/artifacts/evaluation/judges/e3d8eacb7c9f4f7b9cf4f441457a4cda25243046cb7bbe6e0d149b8c991a0bf8_9102.request.json
 create mode 100644 experiments/unified_contextual_memory/artifacts/evaluation/judges/e3d8eacb7c9f4f7b9cf4f441457a4cda25243046cb7bbe6e0d149b8c991a0bf8_9200.json
 create mode 100644 experiments/unified_contextual_memory/artifacts/evaluation/judges/e3d8eacb7c9f4f7b9cf4f441457a4cda25243046cb7bbe6e0d149b8c991a0bf8_9200.request.json
 create mode 100644 experiments/unified_contextual_memory/artifacts/evaluation/judges/e46aacfd75bbe283a3197bfe4c17ef882ab1d30252346931f1fb03d788a228a6_9100.json
 create mode 100644 experiments/unified_contextual_memory/artifacts/evaluation/judges/e46aacfd75bbe283a3197bfe4c17ef882ab1d30252346931f1fb03d788a228a6_9100.request.json
 create mode 100644 experiments/unified_contextual_memory/artifacts/evaluation/judges/e46aacfd75bbe283a3197bfe4c17ef882ab1d30252346931f1fb03d788a228a6_9101.json
 create mode 100644 experiments/unified_contextual_memory/artifacts/evaluation/judges/e46aacfd75bbe283a3197bfe4c17ef882ab1d30252346931f1fb03d788a228a6_9101.request.json
 create mode 100644 experiments/unified_contextual_memory/artifacts/evaluation/judges/e46aacfd75bbe283a3197bfe4c17ef882ab1d30252346931f1fb03d788a228a6_9102.json
 create mode 100644 experiments/unified_contextual_memory/artifacts/evaluation/judges/e46aacfd75bbe283a3197bfe4c17ef882ab1d30252346931f1fb03d788a228a6_9102.request.json
 create mode 100644 experiments/unified_contextual_memory/artifacts/evaluation/judges/e46aacfd75bbe283a3197bfe4c17ef882ab1d30252346931f1fb03d788a228a6_9200.json
 create mode 100644 experiments/unified_contextual_memory/artifacts/evaluation/judges/e46aacfd75bbe283a3197bfe4c17ef882ab1d30252346931f1fb03d788a228a6_9200.request.json
 create mode 100644 experiments/unified_contextual_memory/artifacts/evaluation/judges/e4f3d191f54206ab31b7dcbc31b909b83fd6db2d7ae47705a7da570dc243df3c_9100.json
 create mode 100644 experiments/unified_contextual_memory/artifacts/evaluation/judges/e4f3d191f54206ab31b7dcbc31b909b83fd6db2d7ae47705a7da570dc243df3c_9100.request.json
 create mode 100644 experiments/unified_contextual_memory/artifacts/evaluation/judges/e4f3d191f54206ab31b7dcbc31b909b83fd6db2d7ae47705a7da570dc243df3c_9101.json
 create mode 100644 experiments/unified_contextual_memory/artifacts/evaluation/judges/e4f3d191f54206ab31b7dcbc31b909b83fd6db2d7ae47705a7da570dc243df3c_9101.request.json
 create mode 100644 experiments/unified_contextual_memory/artifacts/evaluation/judges/e4f3d191f54206ab31b7dcbc31b909b83fd6db2d7ae47705a7da570dc243df3c_9102.json
 create mode 100644 experiments/unified_contextual_memory/artifacts/evaluation/judges/e4f3d191f54206ab31b7dcbc31b909b83fd6db2d7ae47705a7da570dc243df3c_9102.request.json
 create mode 100644 experiments/unified_contextual_memory/artifacts/evaluation/judges/e4f3d191f54206ab31b7dcbc31b909b83fd6db2d7ae47705a7da570dc243df3c_9200.json
 create mode 100644 experiments/unified_contextual_memory/artifacts/evaluation/judges/e4f3d191f54206ab31b7dcbc31b909b83fd6db2d7ae47705a7da570dc243df3c_9200.request.json
 create mode 100644 experiments/unified_contextual_memory/artifacts/evaluation/judges/e50a9fe27afa3d730aaf51b2e98279fe8282170f761ee63d61c32a1be7e77913_9100.json
 create mode 100644 experiments/unified_contextual_memory/artifacts/evaluation/judges/e50a9fe27afa3d730aaf51b2e98279fe8282170f761ee63d61c32a1be7e77913_9100.request.json
 create mode 100644 experiments/unified_contextual_memory/artifacts/evaluation/judges/e50a9fe27afa3d730aaf51b2e98279fe8282170f761ee63d61c32a1be7e77913_9101.json
 create mode 100644 experiments/unified_contextual_memory/artifacts/evaluation/judges/e50a9fe27afa3d730aaf51b2e98279fe8282170f761ee63d61c32a1be7e77913_9101.request.json
 create mode 100644 experiments/unified_contextual_memory/artifacts/evaluation/judges/e50a9fe27afa3d730aaf51b2e98279fe8282170f761ee63d61c32a1be7e77913_9102.json
 create mode 100644 experiments/unified_contextual_memory/artifacts/evaluation/judges/e50a9fe27afa3d730aaf51b2e98279fe8282170f761ee63d61c32a1be7e77913_9102.request.json
 create mode 100644 experiments/unified_contextual_memory/artifacts/evaluation/judges/e50a9fe27afa3d730aaf51b2e98279fe8282170f761ee63d61c32a1be7e77913_9200.json
 create mode 100644 experiments/unified_contextual_memory/artifacts/evaluation/judges/e50a9fe27afa3d730aaf51b2e98279fe8282170f761ee63d61c32a1be7e77913_9200.request.json
 create mode 100644 experiments/unified_contextual_memory/artifacts/evaluation/judges/e50e2f86df3273a95a4b4faf16b787493120dcaec8acf29821aa6659b3e9e6dc_9100.json
 create mode 100644 experiments/unified_contextual_memory/artifacts/evaluation/judges/e50e2f86df3273a95a4b4faf16b787493120dcaec8acf29821aa6659b3e9e6dc_9100.request.json
 create mode 100644 experiments/unified_contextual_memory/artifacts/evaluation/judges/e50e2f86df3273a95a4b4faf16b787493120dcaec8acf29821aa6659b3e9e6dc_9101.json
 create mode 100644 experiments/unified_contextual_memory/artifacts/evaluation/judges/e50e2f86df3273a95a4b4faf16b787493120dcaec8acf29821aa6659b3e9e6dc_9101.request.json
 create mode 100644 experiments/unified_contextual_memory/artifacts/evaluation/judges/e50e2f86df3273a95a4b4faf16b787493120dcaec8acf29821aa6659b3e9e6dc_9102.json
 create mode 100644 experiments/unified_contextual_memory/artifacts/evaluation/judges/e50e2f86df3273a95a4b4faf16b787493120dcaec8acf29821aa6659b3e9e6dc_9102.request.json
 create mode 100644 experiments/unified_contextual_memory/artifacts/evaluation/judges/e50e2f86df3273a95a4b4faf16b787493120dcaec8acf29821aa6659b3e9e6dc_9200.json
 create mode 100644 experiments/unified_contextual_memory/artifacts/evaluation/judges/e50e2f86df3273a95a4b4faf16b787493120dcaec8acf29821aa6659b3e9e6dc_9200.request.json
 create mode 100644 experiments/unified_contextual_memory/artifacts/evaluation/judges/e512baa48f5e4da840c47b52961ea37691c498a97845688f74803c54845c7c38_9100.json
 create mode 100644 experiments/unified_contextual_memory/artifacts/evaluation/judges/e512baa48f5e4da840c47b52961ea37691c498a97845688f74803c54845c7c38_9100.request.json
 create mode 100644 experiments/unified_contextual_memory/artifacts/evaluation/judges/e512baa48f5e4da840c47b52961ea37691c498a97845688f74803c54845c7c38_9101.json
 create mode 100644 experiments/unified_contextual_memory/artifacts/evaluation/judges/e512baa48f5e4da840c47b52961ea37691c498a97845688f74803c54845c7c38_9101.request.json
 create mode 100644 experiments/unified_contextual_memory/artifacts/evaluation/judges/e512baa48f5e4da840c47b52961ea37691c498a97845688f74803c54845c7c38_9102.json
 create mode 100644 experiments/unified_contextual_memory/artifacts/evaluation/judges/e512baa48f5e4da840c47b52961ea37691c498a97845688f74803c54845c7c38_9102.request.json
 create mode 100644 experiments/unified_contextual_memory/artifacts/evaluation/judges/e512baa48f5e4da840c47b52961ea37691c498a97845688f74803c54845c7c38_9200.json
 create mode 100644 experiments/unified_contextual_memory/artifacts/evaluation/judges/e512baa48f5e4da840c47b52961ea37691c498a97845688f74803c54845c7c38_9200.request.json
 create mode 100644 experiments/unified_contextual_memory/artifacts/evaluation/judges/e5489862259122130617255d4428efb4e27564a81517b7a8471c920a37bd69ec_9100.json
 create mode 100644 experiments/unified_contextual_memory/artifacts/evaluation/judges/e5489862259122130617255d4428efb4e27564a81517b7a8471c920a37bd69ec_9100.request.json
 create mode 100644 experiments/unified_contextual_memory/artifacts/evaluation/judges/e5489862259122130617255d4428efb4e27564a81517b7a8471c920a37bd69ec_9101.json
 create mode 100644 experiments/unified_contextual_memory/artifacts/evaluation/judges/e5489862259122130617255d4428efb4e27564a81517b7a8471c920a37bd69ec_9101.request.json
 create mode 100644 experiments/unified_contextual_memory/artifacts/evaluation/judges/e5489862259122130617255d4428efb4e27564a81517b7a8471c920a37bd69ec_9102.json
 create mode 100644 experiments/unified_contextual_memory/artifacts/evaluation/judges/e5489862259122130617255d4428efb4e27564a81517b7a8471c920a37bd69ec_9102.request.json
 create mode 100644 experiments/unified_contextual_memory/artifacts/evaluation/judges/e5489862259122130617255d4428efb4e27564a81517b7a8471c920a37bd69ec_9200.json
 create mode 100644 experiments/unified_contextual_memory/artifacts/evaluation/judges/e5489862259122130617255d4428efb4e27564a81517b7a8471c920a37bd69ec_9200.request.json
 create mode 100644 experiments/unified_contextual_memory/artifacts/evaluation/judges/e55ad58c15333bce0a0a24c2cb72e1abe057e3f21de17cc5ea5d661c2a5f7aeb_9100.json
 create mode 100644 experiments/unified_contextual_memory/artifacts/evaluation/judges/e55ad58c15333bce0a0a24c2cb72e1abe057e3f21de17cc5ea5d661c2a5f7aeb_9100.request.json
 create mode 100644 experiments/unified_contextual_memory/artifacts/evaluation/judges/e55ad58c15333bce0a0a24c2cb72e1abe057e3f21de17cc5ea5d661c2a5f7aeb_9101.json
 create mode 100644 experiments/unified_contextual_memory/artifacts/evaluation/judges/e55ad58c15333bce0a0a24c2cb72e1abe057e3f21de17cc5ea5d661c2a5f7aeb_9101.request.json
 create mode 100644 experiments/unified_contextual_memory/artifacts/evaluation/judges/e55ad58c15333bce0a0a24c2cb72e1abe057e3f21de17cc5ea5d661c2a5f7aeb_9102.json
 create mode 100644 experiments/unified_contextual_memory/artifacts/evaluation/judges/e55ad58c15333bce0a0a24c2cb72e1abe057e3f21de17cc5ea5d661c2a5f7aeb_9102.request.json
 create mode 100644 experiments/unified_contextual_memory/artifacts/evaluation/judges/e55ad58c15333bce0a0a24c2cb72e1abe057e3f21de17cc5ea5d661c2a5f7aeb_9200.json
 create mode 100644 experiments/unified_contextual_memory/artifacts/evaluation/judges/e55ad58c15333bce0a0a24c2cb72e1abe057e3f21de17cc5ea5d661c2a5f7aeb_9200.request.json
 create mode 100644 experiments/unified_contextual_memory/artifacts/evaluation/judges/e56d3bf9c8723843733f192cadf6e6865022e4bba3662f4adfc8fe35fa3cbcf3_9100.json
 create mode 100644 experiments/unified_contextual_memory/artifacts/evaluation/judges/e56d3bf9c8723843733f192cadf6e6865022e4bba3662f4adfc8fe35fa3cbcf3_9100.request.json
 create mode 100644 experiments/unified_contextual_memory/artifacts/evaluation/judges/e56d3bf9c8723843733f192cadf6e6865022e4bba3662f4adfc8fe35fa3cbcf3_9101.json
 create mode 100644 experiments/unified_contextual_memory/artifacts/evaluation/judges/e56d3bf9c8723843733f192cadf6e6865022e4bba3662f4adfc8fe35fa3cbcf3_9101.request.json
 create mode 100644 experiments/unified_contextual_memory/artifacts/evaluation/judges/e56d3bf9c8723843733f192cadf6e6865022e4bba3662f4adfc8fe35fa3cbcf3_9102.json
 create mode 100644 experiments/unified_contextual_memory/artifacts/evaluation/judges/e56d3bf9c8723843733f192cadf6e6865022e4bba3662f4adfc8fe35fa3cbcf3_9102.request.json
 create mode 100644 experiments/unified_contextual_memory/artifacts/evaluation/judges/e56d3bf9c8723843733f192cadf6e6865022e4bba3662f4adfc8fe35fa3cbcf3_9200.json
 create mode 100644 experiments/unified_contextual_memory/artifacts/evaluation/judges/e56d3bf9c8723843733f192cadf6e6865022e4bba3662f4adfc8fe35fa3cbcf3_9200.request.json
 create mode 100644 experiments/unified_contextual_memory/artifacts/evaluation/judges/e56e21987fa3bfa1f5bc55eb7f5f3e9f15c6937c4ef1aeb7904648869dfc4da5_9100.json
 create mode 100644 experiments/unified_contextual_memory/artifacts/evaluation/judges/e56e21987fa3bfa1f5bc55eb7f5f3e9f15c6937c4ef1aeb7904648869dfc4da5_9100.request.json
 create mode 100644 experiments/unified_contextual_memory/artifacts/evaluation/judges/e56e21987fa3bfa1f5bc55eb7f5f3e9f15c6937c4ef1aeb7904648869dfc4da5_9101.json
 create mode 100644 experiments/unified_contextual_memory/artifacts/evaluation/judges/e56e21987fa3bfa1f5bc55eb7f5f3e9f15c6937c4ef1aeb7904648869dfc4da5_9101.request.json
 create mode 100644 experiments/unified_contextual_memory/artifacts/evaluation/judges/e56e21987fa3bfa1f5bc55eb7f5f3e9f15c6937c4ef1aeb7904648869dfc4da5_9102.json
 create mode 100644 experiments/unified_contextual_memory/artifacts/evaluation/judges/e56e21987fa3bfa1f5bc55eb7f5f3e9f15c6937c4ef1aeb7904648869dfc4da5_9102.request.json
 create mode 100644 experiments/unified_contextual_memory/artifacts/evaluation/judges/e56e21987fa3bfa1f5bc55eb7f5f3e9f15c6937c4ef1aeb7904648869dfc4da5_9200.json
 create mode 100644 experiments/unified_contextual_memory/artifacts/evaluation/judges/e56e21987fa3bfa1f5bc55eb7f5f3e9f15c6937c4ef1aeb7904648869dfc4da5_9200.request.json
 create mode 100644 experiments/unified_contextual_memory/artifacts/evaluation/judges/e5d90a9139de81270f7c33adf33cb9536792706415d31c5898e90290b4f7e594_9100.json
 create mode 100644 experiments/unified_contextual_memory/artifacts/evaluation/judges/e5d90a9139de81270f7c33adf33cb9536792706415d31c5898e90290b4f7e594_9100.request.json
 create mode 100644 experiments/unified_contextual_memory/artifacts/evaluation/judges/e5d90a9139de81270f7c33adf33cb9536792706415d31c5898e90290b4f7e594_9101.json
 create mode 100644 experiments/unified_contextual_memory/artifacts/evaluation/judges/e5d90a9139de81270f7c33adf33cb9536792706415d31c5898e90290b4f7e594_9101.request.json
 create mode 100644 experiments/unified_contextual_memory/artifacts/evaluation/judges/e5d90a9139de81270f7c33adf33cb9536792706415d31c5898e90290b4f7e594_9102.json
 create mode 100644 experiments/unified_contextual_memory/artifacts/evaluation/judges/e5d90a9139de81270f7c33adf33cb9536792706415d31c5898e90290b4f7e594_9102.request.json
 create mode 100644 experiments/unified_contextual_memory/artifacts/evaluation/judges/e5d90a9139de81270f7c33adf33cb9536792706415d31c5898e90290b4f7e594_9200.json
 create mode 100644 experiments/unified_contextual_memory/artifacts/evaluation/judges/e5d90a9139de81270f7c33adf33cb9536792706415d31c5898e90290b4f7e594_9200.request.json
 create mode 100644 experiments/unified_contextual_memory/artifacts/evaluation/judges/e6684b32fc18daf168ba47f800e3af77ea4e1012d09b36c655f5057f8896ef8b_9100.json
 create mode 100644 experiments/unified_contextual_memory/artifacts/evaluation/judges/e6684b32fc18daf168ba47f800e3af77ea4e1012d09b36c655f5057f8896ef8b_9100.request.json
 create mode 100644 experiments/unified_contextual_memory/artifacts/evaluation/judges/e6684b32fc18daf168ba47f800e3af77ea4e1012d09b36c655f5057f8896ef8b_9101.json
 create mode 100644 experiments/unified_contextual_memory/artifacts/evaluation/judges/e6684b32fc18daf168ba47f800e3af77ea4e1012d09b36c655f5057f8896ef8b_9101.request.json
 create mode 100644 experiments/unified_contextual_memory/artifacts/evaluation/judges/e6684b32fc18daf168ba47f800e3af77ea4e1012d09b36c655f5057f8896ef8b_9102.json
 create mode 100644 experiments/unified_contextual_memory/artifacts/evaluation/judges/e6684b32fc18daf168ba47f800e3af77ea4e1012d09b36c655f5057f8896ef8b_9102.request.json
 create mode 100644 experiments/unified_contextual_memory/artifacts/evaluation/judges/e6684b32fc18daf168ba47f800e3af77ea4e1012d09b36c655f5057f8896ef8b_9200.json
 create mode 100644 experiments/unified_contextual_memory/artifacts/evaluation/judges/e6684b32fc18daf168ba47f800e3af77ea4e1012d09b36c655f5057f8896ef8b_9200.request.json
 create mode 100644 experiments/unified_contextual_memory/artifacts/evaluation/judges/e6d497d479d0cca030587fa517644cdf1584c1a3c62a51b0c277a13170ee99fd_9100.json
 create mode 100644 experiments/unified_contextual_memory/artifacts/evaluation/judges/e6d497d479d0cca030587fa517644cdf1584c1a3c62a51b0c277a13170ee99fd_9100.request.json
 create mode 100644 experiments/unified_contextual_memory/artifacts/evaluation/judges/e6d497d479d0cca030587fa517644cdf1584c1a3c62a51b0c277a13170ee99fd_9101.json
 create mode 100644 experiments/unified_contextual_memory/artifacts/evaluation/judges/e6d497d479d0cca030587fa517644cdf1584c1a3c62a51b0c277a13170ee99fd_9101.request.json
 create mode 100644 experiments/unified_contextual_memory/artifacts/evaluation/judges/e6d497d479d0cca030587fa517644cdf1584c1a3c62a51b0c277a13170ee99fd_9102.json
 create mode 100644 experiments/unified_contextual_memory/artifacts/evaluation/judges/e6d497d479d0cca030587fa517644cdf1584c1a3c62a51b0c277a13170ee99fd_9102.request.json
 create mode 100644 experiments/unified_contextual_memory/artifacts/evaluation/judges/e6d497d479d0cca030587fa517644cdf1584c1a3c62a51b0c277a13170ee99fd_9200.json
 create mode 100644 experiments/unified_contextual_memory/artifacts/evaluation/judges/e6d497d479d0cca030587fa517644cdf1584c1a3c62a51b0c277a13170ee99fd_9200.request.json
 create mode 100644 experiments/unified_contextual_memory/artifacts/evaluation/judges/e6f3f1480eb7e06a07292dfd0fed8bc81474df280d6d6f19b247b4aa15ebd77f_9100.json
 create mode 100644 experiments/unified_contextual_memory/artifacts/evaluation/judges/e6f3f1480eb7e06a07292dfd0fed8bc81474df280d6d6f19b247b4aa15ebd77f_9100.request.json
 create mode 100644 experiments/unified_contextual_memory/artifacts/evaluation/judges/e6f3f1480eb7e06a07292dfd0fed8bc81474df280d6d6f19b247b4aa15ebd77f_9101.json
 create mode 100644 experiments/unified_contextual_memory/artifacts/evaluation/judges/e6f3f1480eb7e06a07292dfd0fed8bc81474df280d6d6f19b247b4aa15ebd77f_9101.request.json
 create mode 100644 experiments/unified_contextual_memory/artifacts/evaluation/judges/e6f3f1480eb7e06a07292dfd0fed8bc81474df280d6d6f19b247b4aa15ebd77f_9102.json
 create mode 100644 experiments/unified_contextual_memory/artifacts/evaluation/judges/e6f3f1480eb7e06a07292dfd0fed8bc81474df280d6d6f19b247b4aa15ebd77f_9102.request.json
 create mode 100644 experiments/unified_contextual_memory/artifacts/evaluation/judges/e6f3f1480eb7e06a07292dfd0fed8bc81474df280d6d6f19b247b4aa15ebd77f_9200.json
 create mode 100644 experiments/unified_contextual_memory/artifacts/evaluation/judges/e6f3f1480eb7e06a07292dfd0fed8bc81474df280d6d6f19b247b4aa15ebd77f_9200.request.json
 create mode 100644 experiments/unified_contextual_memory/artifacts/evaluation/judges/e725d340d12ebc7b6c1fd267a4681b26721bb7f8edc0d1aff6824768debe80fe_9100.json
 create mode 100644 experiments/unified_contextual_memory/artifacts/evaluation/judges/e725d340d12ebc7b6c1fd267a4681b26721bb7f8edc0d1aff6824768debe80fe_9100.request.json
 create mode 100644 experiments/unified_contextual_memory/artifacts/evaluation/judges/e725d340d12ebc7b6c1fd267a4681b26721bb7f8edc0d1aff6824768debe80fe_9101.json
 create mode 100644 experiments/unified_contextual_memory/artifacts/evaluation/judges/e725d340d12ebc7b6c1fd267a4681b26721bb7f8edc0d1aff6824768debe80fe_9101.request.json
 create mode 100644 experiments/unified_contextual_memory/artifacts/evaluation/judges/e725d340d12ebc7b6c1fd267a4681b26721bb7f8edc0d1aff6824768debe80fe_9102.json
 create mode 100644 experiments/unified_contextual_memory/artifacts/evaluation/judges/e725d340d12ebc7b6c1fd267a4681b26721bb7f8edc0d1aff6824768debe80fe_9102.request.json
 create mode 100644 experiments/unified_contextual_memory/artifacts/evaluation/judges/e725d340d12ebc7b6c1fd267a4681b26721bb7f8edc0d1aff6824768debe80fe_9200.json
 create mode 100644 experiments/unified_contextual_memory/artifacts/evaluation/judges/e725d340d12ebc7b6c1fd267a4681b26721bb7f8edc0d1aff6824768debe80fe_9200.request.json
 create mode 100644 experiments/unified_contextual_memory/artifacts/evaluation/judges/e7371e066793284f577390cbb465ece51ddbff7ff1618df85820a76b7f3252ff_9100.json
 create mode 100644 experiments/unified_contextual_memory/artifacts/evaluation/judges/e7371e066793284f577390cbb465ece51ddbff7ff1618df85820a76b7f3252ff_9100.request.json
 create mode 100644 experiments/unified_contextual_memory/artifacts/evaluation/judges/e7371e066793284f577390cbb465ece51ddbff7ff1618df85820a76b7f3252ff_9101.json
 create mode 100644 experiments/unified_contextual_memory/artifacts/evaluation/judges/e7371e066793284f577390cbb465ece51ddbff7ff1618df85820a76b7f3252ff_9101.request.json
 create mode 100644 experiments/unified_contextual_memory/artifacts/evaluation/judges/e7371e066793284f577390cbb465ece51ddbff7ff1618df85820a76b7f3252ff_9102.json
 create mode 100644 experiments/unified_contextual_memory/artifacts/evaluation/judges/e7371e066793284f577390cbb465ece51ddbff7ff1618df85820a76b7f3252ff_9102.request.json
 create mode 100644 experiments/unified_contextual_memory/artifacts/evaluation/judges/e7371e066793284f577390cbb465ece51ddbff7ff1618df85820a76b7f3252ff_9200.json
 create mode 100644 experiments/unified_contextual_memory/artifacts/evaluation/judges/e7371e066793284f577390cbb465ece51ddbff7ff1618df85820a76b7f3252ff_9200.request.json
 create mode 100644 experiments/unified_contextual_memory/artifacts/evaluation/judges/e77d99462825443ce657cb2f295dc6c2218bbbca9e55ad3cf8bab209352f7925_9100.json
 create mode 100644 experiments/unified_contextual_memory/artifacts/evaluation/judges/e77d99462825443ce657cb2f295dc6c2218bbbca9e55ad3cf8bab209352f7925_9100.request.json
 create mode 100644 experiments/unified_contextual_memory/artifacts/evaluation/judges/e77d99462825443ce657cb2f295dc6c2218bbbca9e55ad3cf8bab209352f7925_9101.json
 create mode 100644 experiments/unified_contextual_memory/artifacts/evaluation/judges/e77d99462825443ce657cb2f295dc6c2218bbbca9e55ad3cf8bab209352f7925_9101.request.json
 create mode 100644 experiments/unified_contextual_memory/artifacts/evaluation/judges/e77d99462825443ce657cb2f295dc6c2218bbbca9e55ad3cf8bab209352f7925_9102.json
 create mode 100644 experiments/unified_contextual_memory/artifacts/evaluation/judges/e77d99462825443ce657cb2f295dc6c2218bbbca9e55ad3cf8bab209352f7925_9102.request.json
 create mode 100644 experiments/unified_contextual_memory/artifacts/evaluation/judges/e77d99462825443ce657cb2f295dc6c2218bbbca9e55ad3cf8bab209352f7925_9200.json
 create mode 100644 experiments/unified_contextual_memory/artifacts/evaluation/judges/e77d99462825443ce657cb2f295dc6c2218bbbca9e55ad3cf8bab209352f7925_9200.request.json
 create mode 100644 experiments/unified_contextual_memory/artifacts/evaluation/judges/e7d781e06c59fbb976c2cb34367981ea823534559cb8aab7e4691d1afa5d1127_9100.json
 create mode 100644 experiments/unified_contextual_memory/artifacts/evaluation/judges/e7d781e06c59fbb976c2cb34367981ea823534559cb8aab7e4691d1afa5d1127_9100.request.json
 create mode 100644 experiments/unified_contextual_memory/artifacts/evaluation/judges/e7d781e06c59fbb976c2cb34367981ea823534559cb8aab7e4691d1afa5d1127_9101.json
 create mode 100644 experiments/unified_contextual_memory/artifacts/evaluation/judges/e7d781e06c59fbb976c2cb34367981ea823534559cb8aab7e4691d1afa5d1127_9101.request.json
 create mode 100644 experiments/unified_contextual_memory/artifacts/evaluation/judges/e7d781e06c59fbb976c2cb34367981ea823534559cb8aab7e4691d1afa5d1127_9102.json
 create mode 100644 experiments/unified_contextual_memory/artifacts/evaluation/judges/e7d781e06c59fbb976c2cb34367981ea823534559cb8aab7e4691d1afa5d1127_9102.request.json
 create mode 100644 experiments/unified_contextual_memory/artifacts/evaluation/judges/e7d781e06c59fbb976c2cb34367981ea823534559cb8aab7e4691d1afa5d1127_9200.json
 create mode 100644 experiments/unified_contextual_memory/artifacts/evaluation/judges/e7d781e06c59fbb976c2cb34367981ea823534559cb8aab7e4691d1afa5d1127_9200.request.json
 create mode 100644 experiments/unified_contextual_memory/artifacts/evaluation/judges/e7fefc70a108dd1c4da8d73002bb40f058d7c7fbec20a5bb08ef0c6b55a8fa6c_9100.json
 create mode 100644 experiments/unified_contextual_memory/artifacts/evaluation/judges/e7fefc70a108dd1c4da8d73002bb40f058d7c7fbec20a5bb08ef0c6b55a8fa6c_9100.request.json
 create mode 100644 experiments/unified_contextual_memory/artifacts/evaluation/judges/e7fefc70a108dd1c4da8d73002bb40f058d7c7fbec20a5bb08ef0c6b55a8fa6c_9101.json
 create mode 100644 experiments/unified_contextual_memory/artifacts/evaluation/judges/e7fefc70a108dd1c4da8d73002bb40f058d7c7fbec20a5bb08ef0c6b55a8fa6c_9101.request.json
 create mode 100644 experiments/unified_contextual_memory/artifacts/evaluation/judges/e7fefc70a108dd1c4da8d73002bb40f058d7c7fbec20a5bb08ef0c6b55a8fa6c_9102.json
 create mode 100644 experiments/unified_contextual_memory/artifacts/evaluation/judges/e7fefc70a108dd1c4da8d73002bb40f058d7c7fbec20a5bb08ef0c6b55a8fa6c_9102.request.json
 create mode 100644 experiments/unified_contextual_memory/artifacts/evaluation/judges/e7fefc70a108dd1c4da8d73002bb40f058d7c7fbec20a5bb08ef0c6b55a8fa6c_9200.json
 create mode 100644 experiments/unified_contextual_memory/artifacts/evaluation/judges/e7fefc70a108dd1c4da8d73002bb40f058d7c7fbec20a5bb08ef0c6b55a8fa6c_9200.request.json
 create mode 100644 experiments/unified_contextual_memory/artifacts/evaluation/judges/e8f85b0c547cb0847f702546a762a2e6826d325ee34dc70daa26424259383272_9100.json
 create mode 100644 experiments/unified_contextual_memory/artifacts/evaluation/judges/e8f85b0c547cb0847f702546a762a2e6826d325ee34dc70daa26424259383272_9100.request.json
 create mode 100644 experiments/unified_contextual_memory/artifacts/evaluation/judges/e8f85b0c547cb0847f702546a762a2e6826d325ee34dc70daa26424259383272_9101.json
 create mode 100644 experiments/unified_contextual_memory/artifacts/evaluation/judges/e8f85b0c547cb0847f702546a762a2e6826d325ee34dc70daa26424259383272_9101.request.json
 create mode 100644 experiments/unified_contextual_memory/artifacts/evaluation/judges/e8f85b0c547cb0847f702546a762a2e6826d325ee34dc70daa26424259383272_9102.json
 create mode 100644 experiments/unified_contextual_memory/artifacts/evaluation/judges/e8f85b0c547cb0847f702546a762a2e6826d325ee34dc70daa26424259383272_9102.request.json
 create mode 100644 experiments/unified_contextual_memory/artifacts/evaluation/judges/e8f85b0c547cb0847f702546a762a2e6826d325ee34dc70daa26424259383272_9200.json
 create mode 100644 experiments/unified_contextual_memory/artifacts/evaluation/judges/e8f85b0c547cb0847f702546a762a2e6826d325ee34dc70daa26424259383272_9200.request.json
 create mode 100644 experiments/unified_contextual_memory/artifacts/evaluation/judges/e9418b7ba1e938128d7336f5529aac0163f0fde7663892b0bcbda0979924fdb0_9100.json
 create mode 100644 experiments/unified_contextual_memory/artifacts/evaluation/judges/e9418b7ba1e938128d7336f5529aac0163f0fde7663892b0bcbda0979924fdb0_9100.request.json
 create mode 100644 experiments/unified_contextual_memory/artifacts/evaluation/judges/e9418b7ba1e938128d7336f5529aac0163f0fde7663892b0bcbda0979924fdb0_9101.json
 create mode 100644 experiments/unified_contextual_memory/artifacts/evaluation/judges/e9418b7ba1e938128d7336f5529aac0163f0fde7663892b0bcbda0979924fdb0_9101.request.json
 create mode 100644 experiments/unified_contextual_memory/artifacts/evaluation/judges/e9418b7ba1e938128d7336f5529aac0163f0fde7663892b0bcbda0979924fdb0_9102.json
 create mode 100644 experiments/unified_contextual_memory/artifacts/evaluation/judges/e9418b7ba1e938128d7336f5529aac0163f0fde7663892b0bcbda0979924fdb0_9102.request.json
 create mode 100644 experiments/unified_contextual_memory/artifacts/evaluation/judges/e9418b7ba1e938128d7336f5529aac0163f0fde7663892b0bcbda0979924fdb0_9200.json
 create mode 100644 experiments/unified_contextual_memory/artifacts/evaluation/judges/e9418b7ba1e938128d7336f5529aac0163f0fde7663892b0bcbda0979924fdb0_9200.request.json
 create mode 100644 experiments/unified_contextual_memory/artifacts/evaluation/judges/e980f611cce8bd168c30192b5c18a2a8476b7f10d3e8acd42ca3a9c9e3595dd7_9100.json
 create mode 100644 experiments/unified_contextual_memory/artifacts/evaluation/judges/e980f611cce8bd168c30192b5c18a2a8476b7f10d3e8acd42ca3a9c9e3595dd7_9100.request.json
 create mode 100644 experiments/unified_contextual_memory/artifacts/evaluation/judges/e980f611cce8bd168c30192b5c18a2a8476b7f10d3e8acd42ca3a9c9e3595dd7_9101.json
 create mode 100644 experiments/unified_contextual_memory/artifacts/evaluation/judges/e980f611cce8bd168c30192b5c18a2a8476b7f10d3e8acd42ca3a9c9e3595dd7_9101.request.json
 create mode 100644 experiments/unified_contextual_memory/artifacts/evaluation/judges/e980f611cce8bd168c30192b5c18a2a8476b7f10d3e8acd42ca3a9c9e3595dd7_9102.json
 create mode 100644 experiments/unified_contextual_memory/artifacts/evaluation/judges/e980f611cce8bd168c30192b5c18a2a8476b7f10d3e8acd42ca3a9c9e3595dd7_9102.request.json
 create mode 100644 experiments/unified_contextual_memory/artifacts/evaluation/judges/e980f611cce8bd168c30192b5c18a2a8476b7f10d3e8acd42ca3a9c9e3595dd7_9200.json
 create mode 100644 experiments/unified_contextual_memory/artifacts/evaluation/judges/e980f611cce8bd168c30192b5c18a2a8476b7f10d3e8acd42ca3a9c9e3595dd7_9200.request.json
 create mode 100644 experiments/unified_contextual_memory/artifacts/evaluation/judges/ea109c98ace0b87ac216b1aa6b3b31a4abbde1dcb385d63bc16109e1e4363f62_9100.json
 create mode 100644 experiments/unified_contextual_memory/artifacts/evaluation/judges/ea109c98ace0b87ac216b1aa6b3b31a4abbde1dcb385d63bc16109e1e4363f62_9100.request.json
 create mode 100644 experiments/unified_contextual_memory/artifacts/evaluation/judges/ea109c98ace0b87ac216b1aa6b3b31a4abbde1dcb385d63bc16109e1e4363f62_9101.json
 create mode 100644 experiments/unified_contextual_memory/artifacts/evaluation/judges/ea109c98ace0b87ac216b1aa6b3b31a4abbde1dcb385d63bc16109e1e4363f62_9101.request.json
 create mode 100644 experiments/unified_contextual_memory/artifacts/evaluation/judges/ea109c98ace0b87ac216b1aa6b3b31a4abbde1dcb385d63bc16109e1e4363f62_9102.json
 create mode 100644 experiments/unified_contextual_memory/artifacts/evaluation/judges/ea109c98ace0b87ac216b1aa6b3b31a4abbde1dcb385d63bc16109e1e4363f62_9102.request.json
 create mode 100644 experiments/unified_contextual_memory/artifacts/evaluation/judges/ea109c98ace0b87ac216b1aa6b3b31a4abbde1dcb385d63bc16109e1e4363f62_9200.json
 create mode 100644 experiments/unified_contextual_memory/artifacts/evaluation/judges/ea109c98ace0b87ac216b1aa6b3b31a4abbde1dcb385d63bc16109e1e4363f62_9200.request.json
 create mode 100644 experiments/unified_contextual_memory/artifacts/evaluation/judges/ea2947958de0b18946627bb1c0cb03e97fe15d6c24f1f2b477163d8f5039411f_9100.json
 create mode 100644 experiments/unified_contextual_memory/artifacts/evaluation/judges/ea2947958de0b18946627bb1c0cb03e97fe15d6c24f1f2b477163d8f5039411f_9100.request.json
 create mode 100644 experiments/unified_contextual_memory/artifacts/evaluation/judges/ea2947958de0b18946627bb1c0cb03e97fe15d6c24f1f2b477163d8f5039411f_9101.json
 create mode 100644 experiments/unified_contextual_memory/artifacts/evaluation/judges/ea2947958de0b18946627bb1c0cb03e97fe15d6c24f1f2b477163d8f5039411f_9101.request.json
 create mode 100644 experiments/unified_contextual_memory/artifacts/evaluation/judges/ea2947958de0b18946627bb1c0cb03e97fe15d6c24f1f2b477163d8f5039411f_9102.json
 create mode 100644 experiments/unified_contextual_memory/artifacts/evaluation/judges/ea2947958de0b18946627bb1c0cb03e97fe15d6c24f1f2b477163d8f5039411f_9102.request.json
 create mode 100644 experiments/unified_contextual_memory/artifacts/evaluation/judges/ea2947958de0b18946627bb1c0cb03e97fe15d6c24f1f2b477163d8f5039411f_9200.json
 create mode 100644 experiments/unified_contextual_memory/artifacts/evaluation/judges/ea2947958de0b18946627bb1c0cb03e97fe15d6c24f1f2b477163d8f5039411f_9200.request.json
 create mode 100644 experiments/unified_contextual_memory/artifacts/evaluation/judges/eab0419ae85154cd4f52d6f72e011fe724b6037fb86c53096ebba99573fb3e0a_9100.json
 create mode 100644 experiments/unified_contextual_memory/artifacts/evaluation/judges/eab0419ae85154cd4f52d6f72e011fe724b6037fb86c53096ebba99573fb3e0a_9100.request.json
 create mode 100644 experiments/unified_contextual_memory/artifacts/evaluation/judges/eab0419ae85154cd4f52d6f72e011fe724b6037fb86c53096ebba99573fb3e0a_9101.json
 create mode 100644 experiments/unified_contextual_memory/artifacts/evaluation/judges/eab0419ae85154cd4f52d6f72e011fe724b6037fb86c53096ebba99573fb3e0a_9101.request.json
 create mode 100644 experiments/unified_contextual_memory/artifacts/evaluation/judges/eab0419ae85154cd4f52d6f72e011fe724b6037fb86c53096ebba99573fb3e0a_9102.json
 create mode 100644 experiments/unified_contextual_memory/artifacts/evaluation/judges/eab0419ae85154cd4f52d6f72e011fe724b6037fb86c53096ebba99573fb3e0a_9102.request.json
 create mode 100644 experiments/unified_contextual_memory/artifacts/evaluation/judges/eab0419ae85154cd4f52d6f72e011fe724b6037fb86c53096ebba99573fb3e0a_9200.json
 create mode 100644 experiments/unified_contextual_memory/artifacts/evaluation/judges/eab0419ae85154cd4f52d6f72e011fe724b6037fb86c53096ebba99573fb3e0a_9200.request.json
 create mode 100644 experiments/unified_contextual_memory/artifacts/evaluation/judges/eb3e69e9ebfafb07336a07c32ae199c988985b5bc22122490d594d29683b4563_9100.json
 create mode 100644 experiments/unified_contextual_memory/artifacts/evaluation/judges/eb3e69e9ebfafb07336a07c32ae199c988985b5bc22122490d594d29683b4563_9100.request.json
 create mode 100644 experiments/unified_contextual_memory/artifacts/evaluation/judges/eb3e69e9ebfafb07336a07c32ae199c988985b5bc22122490d594d29683b4563_9101.json
 create mode 100644 experiments/unified_contextual_memory/artifacts/evaluation/judges/eb3e69e9ebfafb07336a07c32ae199c988985b5bc22122490d594d29683b4563_9101.request.json
 create mode 100644 experiments/unified_contextual_memory/artifacts/evaluation/judges/eb3e69e9ebfafb07336a07c32ae199c988985b5bc22122490d594d29683b4563_9102.json
 create mode 100644 experiments/unified_contextual_memory/artifacts/evaluation/judges/eb3e69e9ebfafb07336a07c32ae199c988985b5bc22122490d594d29683b4563_9102.request.json
 create mode 100644 experiments/unified_contextual_memory/artifacts/evaluation/judges/eb3e69e9ebfafb07336a07c32ae199c988985b5bc22122490d594d29683b4563_9200.json
 create mode 100644 experiments/unified_contextual_memory/artifacts/evaluation/judges/eb3e69e9ebfafb07336a07c32ae199c988985b5bc22122490d594d29683b4563_9200.request.json
 create mode 100644 experiments/unified_contextual_memory/artifacts/evaluation/judges/eb5728ec8f5de2849d5bd245fbfaba3891e4a25fd7b6da1dc26985bacc155648_9100.json
 create mode 100644 experiments/unified_contextual_memory/artifacts/evaluation/judges/eb5728ec8f5de2849d5bd245fbfaba3891e4a25fd7b6da1dc26985bacc155648_9100.request.json
 create mode 100644 experiments/unified_contextual_memory/artifacts/evaluation/judges/eb5728ec8f5de2849d5bd245fbfaba3891e4a25fd7b6da1dc26985bacc155648_9101.json
 create mode 100644 experiments/unified_contextual_memory/artifacts/evaluation/judges/eb5728ec8f5de2849d5bd245fbfaba3891e4a25fd7b6da1dc26985bacc155648_9101.request.json
 create mode 100644 experiments/unified_contextual_memory/artifacts/evaluation/judges/eb5728ec8f5de2849d5bd245fbfaba3891e4a25fd7b6da1dc26985bacc155648_9102.json
 create mode 100644 experiments/unified_contextual_memory/artifacts/evaluation/judges/eb5728ec8f5de2849d5bd245fbfaba3891e4a25fd7b6da1dc26985bacc155648_9102.request.json
 create mode 100644 experiments/unified_contextual_memory/artifacts/evaluation/judges/eb5728ec8f5de2849d5bd245fbfaba3891e4a25fd7b6da1dc26985bacc155648_9200.json
 create mode 100644 experiments/unified_contextual_memory/artifacts/evaluation/judges/eb5728ec8f5de2849d5bd245fbfaba3891e4a25fd7b6da1dc26985bacc155648_9200.request.json
 create mode 100644 experiments/unified_contextual_memory/artifacts/evaluation/judges/eb82d425cb60b8b3204a0302055a6dc271a7369a10c7d193e97b6ac24365cc72_9100.json
 create mode 100644 experiments/unified_contextual_memory/artifacts/evaluation/judges/eb82d425cb60b8b3204a0302055a6dc271a7369a10c7d193e97b6ac24365cc72_9100.request.json
 create mode 100644 experiments/unified_contextual_memory/artifacts/evaluation/judges/eb82d425cb60b8b3204a0302055a6dc271a7369a10c7d193e97b6ac24365cc72_9101.json
 create mode 100644 experiments/unified_contextual_memory/artifacts/evaluation/judges/eb82d425cb60b8b3204a0302055a6dc271a7369a10c7d193e97b6ac24365cc72_9101.request.json
 create mode 100644 experiments/unified_contextual_memory/artifacts/evaluation/judges/eb82d425cb60b8b3204a0302055a6dc271a7369a10c7d193e97b6ac24365cc72_9102.json
 create mode 100644 experiments/unified_contextual_memory/artifacts/evaluation/judges/eb82d425cb60b8b3204a0302055a6dc271a7369a10c7d193e97b6ac24365cc72_9102.request.json
 create mode 100644 experiments/unified_contextual_memory/artifacts/evaluation/judges/eb82d425cb60b8b3204a0302055a6dc271a7369a10c7d193e97b6ac24365cc72_9200.json
 create mode 100644 experiments/unified_contextual_memory/artifacts/evaluation/judges/eb82d425cb60b8b3204a0302055a6dc271a7369a10c7d193e97b6ac24365cc72_9200.request.json
 create mode 100644 experiments/unified_contextual_memory/artifacts/evaluation/judges/eb8d1671962c07db13f8ef2e7fb7b30deabceae0adfcbf1b3842e92533fc29fa_9100.json
 create mode 100644 experiments/unified_contextual_memory/artifacts/evaluation/judges/eb8d1671962c07db13f8ef2e7fb7b30deabceae0adfcbf1b3842e92533fc29fa_9100.request.json
 create mode 100644 experiments/unified_contextual_memory/artifacts/evaluation/judges/eb8d1671962c07db13f8ef2e7fb7b30deabceae0adfcbf1b3842e92533fc29fa_9101.json
 create mode 100644 experiments/unified_contextual_memory/artifacts/evaluation/judges/eb8d1671962c07db13f8ef2e7fb7b30deabceae0adfcbf1b3842e92533fc29fa_9101.request.json
 create mode 100644 experiments/unified_contextual_memory/artifacts/evaluation/judges/eb8d1671962c07db13f8ef2e7fb7b30deabceae0adfcbf1b3842e92533fc29fa_9102.json
 create mode 100644 experiments/unified_contextual_memory/artifacts/evaluation/judges/eb8d1671962c07db13f8ef2e7fb7b30deabceae0adfcbf1b3842e92533fc29fa_9102.request.json
 create mode 100644 experiments/unified_contextual_memory/artifacts/evaluation/judges/eb8d1671962c07db13f8ef2e7fb7b30deabceae0adfcbf1b3842e92533fc29fa_9200.json
 create mode 100644 experiments/unified_contextual_memory/artifacts/evaluation/judges/eb8d1671962c07db13f8ef2e7fb7b30deabceae0adfcbf1b3842e92533fc29fa_9200.request.json
 create mode 100644 experiments/unified_contextual_memory/artifacts/evaluation/judges/eb98655b1326e1f018bbf0f5979ef3f17f2de2ec043fe9684f85641413336a09_9100.json
 create mode 100644 experiments/unified_contextual_memory/artifacts/evaluation/judges/eb98655b1326e1f018bbf0f5979ef3f17f2de2ec043fe9684f85641413336a09_9100.request.json
 create mode 100644 experiments/unified_contextual_memory/artifacts/evaluation/judges/eb98655b1326e1f018bbf0f5979ef3f17f2de2ec043fe9684f85641413336a09_9101.json
 create mode 100644 experiments/unified_contextual_memory/artifacts/evaluation/judges/eb98655b1326e1f018bbf0f5979ef3f17f2de2ec043fe9684f85641413336a09_9101.request.json
 create mode 100644 experiments/unified_contextual_memory/artifacts/evaluation/judges/eb98655b1326e1f018bbf0f5979ef3f17f2de2ec043fe9684f85641413336a09_9102.json
 create mode 100644 experiments/unified_contextual_memory/artifacts/evaluation/judges/eb98655b1326e1f018bbf0f5979ef3f17f2de2ec043fe9684f85641413336a09_9102.request.json
 create mode 100644 experiments/unified_contextual_memory/artifacts/evaluation/judges/eb98655b1326e1f018bbf0f5979ef3f17f2de2ec043fe9684f85641413336a09_9200.json
 create mode 100644 experiments/unified_contextual_memory/artifacts/evaluation/judges/eb98655b1326e1f018bbf0f5979ef3f17f2de2ec043fe9684f85641413336a09_9200.request.json
 create mode 100644 experiments/unified_contextual_memory/artifacts/evaluation/judges/ebd4d669e4655dd6a6014a4f244d806eeaf7035b7401763dc4881bdc8d198e61_9100.json
 create mode 100644 experiments/unified_contextual_memory/artifacts/evaluation/judges/ebd4d669e4655dd6a6014a4f244d806eeaf7035b7401763dc4881bdc8d198e61_9100.request.json
 create mode 100644 experiments/unified_contextual_memory/artifacts/evaluation/judges/ebd4d669e4655dd6a6014a4f244d806eeaf7035b7401763dc4881bdc8d198e61_9101.json
 create mode 100644 experiments/unified_contextual_memory/artifacts/evaluation/judges/ebd4d669e4655dd6a6014a4f244d806eeaf7035b7401763dc4881bdc8d198e61_9101.request.json
 create mode 100644 experiments/unified_contextual_memory/artifacts/evaluation/judges/ebd4d669e4655dd6a6014a4f244d806eeaf7035b7401763dc4881bdc8d198e61_9102.json
 create mode 100644 experiments/unified_contextual_memory/artifacts/evaluation/judges/ebd4d669e4655dd6a6014a4f244d806eeaf7035b7401763dc4881bdc8d198e61_9102.request.json
 create mode 100644 experiments/unified_contextual_memory/artifacts/evaluation/judges/ebd4d669e4655dd6a6014a4f244d806eeaf7035b7401763dc4881bdc8d198e61_9200.json
 create mode 100644 experiments/unified_contextual_memory/artifacts/evaluation/judges/ebd4d669e4655dd6a6014a4f244d806eeaf7035b7401763dc4881bdc8d198e61_9200.request.json
 create mode 100644 experiments/unified_contextual_memory/artifacts/evaluation/judges/ec5737c91e5ccd9183b9d86ec1ef461b70349d674e36e2959b7cc7438937f713_9100.json
 create mode 100644 experiments/unified_contextual_memory/artifacts/evaluation/judges/ec5737c91e5ccd9183b9d86ec1ef461b70349d674e36e2959b7cc7438937f713_9100.request.json
 create mode 100644 experiments/unified_contextual_memory/artifacts/evaluation/judges/ec5737c91e5ccd9183b9d86ec1ef461b70349d674e36e2959b7cc7438937f713_9101.json
 create mode 100644 experiments/unified_contextual_memory/artifacts/evaluation/judges/ec5737c91e5ccd9183b9d86ec1ef461b70349d674e36e2959b7cc7438937f713_9101.request.json
 create mode 100644 experiments/unified_contextual_memory/artifacts/evaluation/judges/ec5737c91e5ccd9183b9d86ec1ef461b70349d674e36e2959b7cc7438937f713_9102.json
 create mode 100644 experiments/unified_contextual_memory/artifacts/evaluation/judges/ec5737c91e5ccd9183b9d86ec1ef461b70349d674e36e2959b7cc7438937f713_9102.request.json
 create mode 100644 experiments/unified_contextual_memory/artifacts/evaluation/judges/ec5737c91e5ccd9183b9d86ec1ef461b70349d674e36e2959b7cc7438937f713_9200.json
 create mode 100644 experiments/unified_contextual_memory/artifacts/evaluation/judges/ec5737c91e5ccd9183b9d86ec1ef461b70349d674e36e2959b7cc7438937f713_9200.request.json
 create mode 100644 experiments/unified_contextual_memory/artifacts/evaluation/judges/ed300ad4f14289d18ecd4a705613d0f3753adb588ff03e6a9681001df8c62e59_9100.json
 create mode 100644 experiments/unified_contextual_memory/artifacts/evaluation/judges/ed300ad4f14289d18ecd4a705613d0f3753adb588ff03e6a9681001df8c62e59_9100.request.json
 create mode 100644 experiments/unified_contextual_memory/artifacts/evaluation/judges/ed300ad4f14289d18ecd4a705613d0f3753adb588ff03e6a9681001df8c62e59_9101.json
 create mode 100644 experiments/unified_contextual_memory/artifacts/evaluation/judges/ed300ad4f14289d18ecd4a705613d0f3753adb588ff03e6a9681001df8c62e59_9101.request.json
 create mode 100644 experiments/unified_contextual_memory/artifacts/evaluation/judges/ed300ad4f14289d18ecd4a705613d0f3753adb588ff03e6a9681001df8c62e59_9102.json
 create mode 100644 experiments/unified_contextual_memory/artifacts/evaluation/judges/ed300ad4f14289d18ecd4a705613d0f3753adb588ff03e6a9681001df8c62e59_9102.request.json
 create mode 100644 experiments/unified_contextual_memory/artifacts/evaluation/judges/ed300ad4f14289d18ecd4a705613d0f3753adb588ff03e6a9681001df8c62e59_9200.json
 create mode 100644 experiments/unified_contextual_memory/artifacts/evaluation/judges/ed300ad4f14289d18ecd4a705613d0f3753adb588ff03e6a9681001df8c62e59_9200.request.json
 create mode 100644 experiments/unified_contextual_memory/artifacts/evaluation/judges/ee884c44d1f84c6eeb843c1a4fe996fe780dff77de93f3a299c01772428df35b_9100.json
 create mode 100644 experiments/unified_contextual_memory/artifacts/evaluation/judges/ee884c44d1f84c6eeb843c1a4fe996fe780dff77de93f3a299c01772428df35b_9100.request.json
 create mode 100644 experiments/unified_contextual_memory/artifacts/evaluation/judges/ee884c44d1f84c6eeb843c1a4fe996fe780dff77de93f3a299c01772428df35b_9101.json
 create mode 100644 experiments/unified_contextual_memory/artifacts/evaluation/judges/ee884c44d1f84c6eeb843c1a4fe996fe780dff77de93f3a299c01772428df35b_9101.request.json
 create mode 100644 experiments/unified_contextual_memory/artifacts/evaluation/judges/ee884c44d1f84c6eeb843c1a4fe996fe780dff77de93f3a299c01772428df35b_9102.json
 create mode 100644 experiments/unified_contextual_memory/artifacts/evaluation/judges/ee884c44d1f84c6eeb843c1a4fe996fe780dff77de93f3a299c01772428df35b_9102.request.json
 create mode 100644 experiments/unified_contextual_memory/artifacts/evaluation/judges/ee884c44d1f84c6eeb843c1a4fe996fe780dff77de93f3a299c01772428df35b_9200.json
 create mode 100644 experiments/unified_contextual_memory/artifacts/evaluation/judges/ee884c44d1f84c6eeb843c1a4fe996fe780dff77de93f3a299c01772428df35b_9200.request.json
 create mode 100644 experiments/unified_contextual_memory/artifacts/evaluation/judges/ee8a082f8986f912f1ea826cd950c7988babb2fa2f81d6c7d96318b39e65c34c_9100.json
 create mode 100644 experiments/unified_contextual_memory/artifacts/evaluation/judges/ee8a082f8986f912f1ea826cd950c7988babb2fa2f81d6c7d96318b39e65c34c_9100.request.json
 create mode 100644 experiments/unified_contextual_memory/artifacts/evaluation/judges/ee8a082f8986f912f1ea826cd950c7988babb2fa2f81d6c7d96318b39e65c34c_9101.json
 create mode 100644 experiments/unified_contextual_memory/artifacts/evaluation/judges/ee8a082f8986f912f1ea826cd950c7988babb2fa2f81d6c7d96318b39e65c34c_9101.request.json
 create mode 100644 experiments/unified_contextual_memory/artifacts/evaluation/judges/ee8a082f8986f912f1ea826cd950c7988babb2fa2f81d6c7d96318b39e65c34c_9102.json
 create mode 100644 experiments/unified_contextual_memory/artifacts/evaluation/judges/ee8a082f8986f912f1ea826cd950c7988babb2fa2f81d6c7d96318b39e65c34c_9102.request.json
 create mode 100644 experiments/unified_contextual_memory/artifacts/evaluation/judges/ee8a082f8986f912f1ea826cd950c7988babb2fa2f81d6c7d96318b39e65c34c_9200.json
 create mode 100644 experiments/unified_contextual_memory/artifacts/evaluation/judges/ee8a082f8986f912f1ea826cd950c7988babb2fa2f81d6c7d96318b39e65c34c_9200.request.json
 create mode 100644 experiments/unified_contextual_memory/artifacts/evaluation/judges/ee95f7f82d9f4f35301e2adddfb655410a8b5d8d8d028858c1b8ec7cdffb040e_9100.json
 create mode 100644 experiments/unified_contextual_memory/artifacts/evaluation/judges/ee95f7f82d9f4f35301e2adddfb655410a8b5d8d8d028858c1b8ec7cdffb040e_9100.request.json
 create mode 100644 experiments/unified_contextual_memory/artifacts/evaluation/judges/ee95f7f82d9f4f35301e2adddfb655410a8b5d8d8d028858c1b8ec7cdffb040e_9101.json
 create mode 100644 experiments/unified_contextual_memory/artifacts/evaluation/judges/ee95f7f82d9f4f35301e2adddfb655410a8b5d8d8d028858c1b8ec7cdffb040e_9101.request.json
 create mode 100644 experiments/unified_contextual_memory/artifacts/evaluation/judges/ee95f7f82d9f4f35301e2adddfb655410a8b5d8d8d028858c1b8ec7cdffb040e_9102.json
 create mode 100644 experiments/unified_contextual_memory/artifacts/evaluation/judges/ee95f7f82d9f4f35301e2adddfb655410a8b5d8d8d028858c1b8ec7cdffb040e_9102.request.json
 create mode 100644 experiments/unified_contextual_memory/artifacts/evaluation/judges/ee95f7f82d9f4f35301e2adddfb655410a8b5d8d8d028858c1b8ec7cdffb040e_9200.json
 create mode 100644 experiments/unified_contextual_memory/artifacts/evaluation/judges/ee95f7f82d9f4f35301e2adddfb655410a8b5d8d8d028858c1b8ec7cdffb040e_9200.request.json
 create mode 100644 experiments/unified_contextual_memory/artifacts/evaluation/judges/eed163a8cf366a5f1132d5621146da71934829955b19eadbddeccc3d7ca2f712_9100.json
 create mode 100644 experiments/unified_contextual_memory/artifacts/evaluation/judges/eed163a8cf366a5f1132d5621146da71934829955b19eadbddeccc3d7ca2f712_9100.request.json
 create mode 100644 experiments/unified_contextual_memory/artifacts/evaluation/judges/eed163a8cf366a5f1132d5621146da71934829955b19eadbddeccc3d7ca2f712_9101.json
 create mode 100644 experiments/unified_contextual_memory/artifacts/evaluation/judges/eed163a8cf366a5f1132d5621146da71934829955b19eadbddeccc3d7ca2f712_9101.request.json
 create mode 100644 experiments/unified_contextual_memory/artifacts/evaluation/judges/eed163a8cf366a5f1132d5621146da71934829955b19eadbddeccc3d7ca2f712_9102.json
 create mode 100644 experiments/unified_contextual_memory/artifacts/evaluation/judges/eed163a8cf366a5f1132d5621146da71934829955b19eadbddeccc3d7ca2f712_9102.request.json
 create mode 100644 experiments/unified_contextual_memory/artifacts/evaluation/judges/eed163a8cf366a5f1132d5621146da71934829955b19eadbddeccc3d7ca2f712_9200.json
 create mode 100644 experiments/unified_contextual_memory/artifacts/evaluation/judges/eed163a8cf366a5f1132d5621146da71934829955b19eadbddeccc3d7ca2f712_9200.request.json
 create mode 100644 experiments/unified_contextual_memory/artifacts/evaluation/judges/eedefc5f27eaa5223bc79b7801523821c65045a49da3855af384cada5e08bde1_9100.json
 create mode 100644 experiments/unified_contextual_memory/artifacts/evaluation/judges/eedefc5f27eaa5223bc79b7801523821c65045a49da3855af384cada5e08bde1_9100.request.json
 create mode 100644 experiments/unified_contextual_memory/artifacts/evaluation/judges/eedefc5f27eaa5223bc79b7801523821c65045a49da3855af384cada5e08bde1_9101.json
 create mode 100644 experiments/unified_contextual_memory/artifacts/evaluation/judges/eedefc5f27eaa5223bc79b7801523821c65045a49da3855af384cada5e08bde1_9101.request.json
 create mode 100644 experiments/unified_contextual_memory/artifacts/evaluation/judges/eedefc5f27eaa5223bc79b7801523821c65045a49da3855af384cada5e08bde1_9102.json
 create mode 100644 experiments/unified_contextual_memory/artifacts/evaluation/judges/eedefc5f27eaa5223bc79b7801523821c65045a49da3855af384cada5e08bde1_9102.request.json
 create mode 100644 experiments/unified_contextual_memory/artifacts/evaluation/judges/eedefc5f27eaa5223bc79b7801523821c65045a49da3855af384cada5e08bde1_9200.json
 create mode 100644 experiments/unified_contextual_memory/artifacts/evaluation/judges/eedefc5f27eaa5223bc79b7801523821c65045a49da3855af384cada5e08bde1_9200.request.json
 create mode 100644 experiments/unified_contextual_memory/artifacts/evaluation/judges/eee3e3fc4f7f7f5f1867e32f063ba0c594c12f09da4ccc8c7a8e5fdd2e10a105_9100.json
 create mode 100644 experiments/unified_contextual_memory/artifacts/evaluation/judges/eee3e3fc4f7f7f5f1867e32f063ba0c594c12f09da4ccc8c7a8e5fdd2e10a105_9100.request.json
 create mode 100644 experiments/unified_contextual_memory/artifacts/evaluation/judges/eee3e3fc4f7f7f5f1867e32f063ba0c594c12f09da4ccc8c7a8e5fdd2e10a105_9101.json
 create mode 100644 experiments/unified_contextual_memory/artifacts/evaluation/judges/eee3e3fc4f7f7f5f1867e32f063ba0c594c12f09da4ccc8c7a8e5fdd2e10a105_9101.request.json
 create mode 100644 experiments/unified_contextual_memory/artifacts/evaluation/judges/eee3e3fc4f7f7f5f1867e32f063ba0c594c12f09da4ccc8c7a8e5fdd2e10a105_9102.json
 create mode 100644 experiments/unified_contextual_memory/artifacts/evaluation/judges/eee3e3fc4f7f7f5f1867e32f063ba0c594c12f09da4ccc8c7a8e5fdd2e10a105_9102.request.json
 create mode 100644 experiments/unified_contextual_memory/artifacts/evaluation/judges/eee3e3fc4f7f7f5f1867e32f063ba0c594c12f09da4ccc8c7a8e5fdd2e10a105_9200.json
 create mode 100644 experiments/unified_contextual_memory/artifacts/evaluation/judges/eee3e3fc4f7f7f5f1867e32f063ba0c594c12f09da4ccc8c7a8e5fdd2e10a105_9200.request.json
 create mode 100644 experiments/unified_contextual_memory/artifacts/evaluation/judges/ef653178353f8f267cec9ea34cb2622c57bd34cdd5d4713f4d42d27192d2c6c4_9100.json
 create mode 100644 experiments/unified_contextual_memory/artifacts/evaluation/judges/ef653178353f8f267cec9ea34cb2622c57bd34cdd5d4713f4d42d27192d2c6c4_9100.request.json
 create mode 100644 experiments/unified_contextual_memory/artifacts/evaluation/judges/ef653178353f8f267cec9ea34cb2622c57bd34cdd5d4713f4d42d27192d2c6c4_9101.json
 create mode 100644 experiments/unified_contextual_memory/artifacts/evaluation/judges/ef653178353f8f267cec9ea34cb2622c57bd34cdd5d4713f4d42d27192d2c6c4_9101.request.json
 create mode 100644 experiments/unified_contextual_memory/artifacts/evaluation/judges/ef653178353f8f267cec9ea34cb2622c57bd34cdd5d4713f4d42d27192d2c6c4_9102.json
 create mode 100644 experiments/unified_contextual_memory/artifacts/evaluation/judges/ef653178353f8f267cec9ea34cb2622c57bd34cdd5d4713f4d42d27192d2c6c4_9102.request.json
 create mode 100644 experiments/unified_contextual_memory/artifacts/evaluation/judges/ef653178353f8f267cec9ea34cb2622c57bd34cdd5d4713f4d42d27192d2c6c4_9200.json
 create mode 100644 experiments/unified_contextual_memory/artifacts/evaluation/judges/ef653178353f8f267cec9ea34cb2622c57bd34cdd5d4713f4d42d27192d2c6c4_9200.request.json
 create mode 100644 experiments/unified_contextual_memory/artifacts/evaluation/judges/ef97b160336e5e61746986b40e17a294b30cbbb4c9dca2570f767d8d397ea272_9100.json
 create mode 100644 experiments/unified_contextual_memory/artifacts/evaluation/judges/ef97b160336e5e61746986b40e17a294b30cbbb4c9dca2570f767d8d397ea272_9100.request.json
 create mode 100644 experiments/unified_contextual_memory/artifacts/evaluation/judges/ef97b160336e5e61746986b40e17a294b30cbbb4c9dca2570f767d8d397ea272_9101.json
 create mode 100644 experiments/unified_contextual_memory/artifacts/evaluation/judges/ef97b160336e5e61746986b40e17a294b30cbbb4c9dca2570f767d8d397ea272_9101.request.json
 create mode 100644 experiments/unified_contextual_memory/artifacts/evaluation/judges/ef97b160336e5e61746986b40e17a294b30cbbb4c9dca2570f767d8d397ea272_9102.json
 create mode 100644 experiments/unified_contextual_memory/artifacts/evaluation/judges/ef97b160336e5e61746986b40e17a294b30cbbb4c9dca2570f767d8d397ea272_9102.request.json
 create mode 100644 experiments/unified_contextual_memory/artifacts/evaluation/judges/ef97b160336e5e61746986b40e17a294b30cbbb4c9dca2570f767d8d397ea272_9200.json
 create mode 100644 experiments/unified_contextual_memory/artifacts/evaluation/judges/ef97b160336e5e61746986b40e17a294b30cbbb4c9dca2570f767d8d397ea272_9200.request.json
 create mode 100644 experiments/unified_contextual_memory/artifacts/evaluation/judges/f09294580cc038f40a62f5234299a857f05e18e93f70c1f14a16e82d9455ac91_9100.json
 create mode 100644 experiments/unified_contextual_memory/artifacts/evaluation/judges/f09294580cc038f40a62f5234299a857f05e18e93f70c1f14a16e82d9455ac91_9100.request.json
 create mode 100644 experiments/unified_contextual_memory/artifacts/evaluation/judges/f09294580cc038f40a62f5234299a857f05e18e93f70c1f14a16e82d9455ac91_9101.json
 create mode 100644 experiments/unified_contextual_memory/artifacts/evaluation/judges/f09294580cc038f40a62f5234299a857f05e18e93f70c1f14a16e82d9455ac91_9101.request.json
 create mode 100644 experiments/unified_contextual_memory/artifacts/evaluation/judges/f09294580cc038f40a62f5234299a857f05e18e93f70c1f14a16e82d9455ac91_9102.json
 create mode 100644 experiments/unified_contextual_memory/artifacts/evaluation/judges/f09294580cc038f40a62f5234299a857f05e18e93f70c1f14a16e82d9455ac91_9102.request.json
 create mode 100644 experiments/unified_contextual_memory/artifacts/evaluation/judges/f09294580cc038f40a62f5234299a857f05e18e93f70c1f14a16e82d9455ac91_9200.json
 create mode 100644 experiments/unified_contextual_memory/artifacts/evaluation/judges/f09294580cc038f40a62f5234299a857f05e18e93f70c1f14a16e82d9455ac91_9200.request.json
 create mode 100644 experiments/unified_contextual_memory/artifacts/evaluation/judges/f0e97f8aa8e69681799002f66133a1453a9301fe3ced923316e126e3d5ce9546_9100.json
 create mode 100644 experiments/unified_contextual_memory/artifacts/evaluation/judges/f0e97f8aa8e69681799002f66133a1453a9301fe3ced923316e126e3d5ce9546_9100.request.json
 create mode 100644 experiments/unified_contextual_memory/artifacts/evaluation/judges/f0e97f8aa8e69681799002f66133a1453a9301fe3ced923316e126e3d5ce9546_9101.json
 create mode 100644 experiments/unified_contextual_memory/artifacts/evaluation/judges/f0e97f8aa8e69681799002f66133a1453a9301fe3ced923316e126e3d5ce9546_9101.request.json
 create mode 100644 experiments/unified_contextual_memory/artifacts/evaluation/judges/f0e97f8aa8e69681799002f66133a1453a9301fe3ced923316e126e3d5ce9546_9102.json
 create mode 100644 experiments/unified_contextual_memory/artifacts/evaluation/judges/f0e97f8aa8e69681799002f66133a1453a9301fe3ced923316e126e3d5ce9546_9102.request.json
 create mode 100644 experiments/unified_contextual_memory/artifacts/evaluation/judges/f0e97f8aa8e69681799002f66133a1453a9301fe3ced923316e126e3d5ce9546_9200.json
 create mode 100644 experiments/unified_contextual_memory/artifacts/evaluation/judges/f0e97f8aa8e69681799002f66133a1453a9301fe3ced923316e126e3d5ce9546_9200.request.json
 create mode 100644 experiments/unified_contextual_memory/artifacts/evaluation/judges/f1caac7fab67f20c4dc55e6662df956fbe7814b148f242fd46205a2db15254e0_9100.json
 create mode 100644 experiments/unified_contextual_memory/artifacts/evaluation/judges/f1caac7fab67f20c4dc55e6662df956fbe7814b148f242fd46205a2db15254e0_9100.request.json
 create mode 100644 experiments/unified_contextual_memory/artifacts/evaluation/judges/f1caac7fab67f20c4dc55e6662df956fbe7814b148f242fd46205a2db15254e0_9101.json
 create mode 100644 experiments/unified_contextual_memory/artifacts/evaluation/judges/f1caac7fab67f20c4dc55e6662df956fbe7814b148f242fd46205a2db15254e0_9101.request.json
 create mode 100644 experiments/unified_contextual_memory/artifacts/evaluation/judges/f1caac7fab67f20c4dc55e6662df956fbe7814b148f242fd46205a2db15254e0_9102.json
 create mode 100644 experiments/unified_contextual_memory/artifacts/evaluation/judges/f1caac7fab67f20c4dc55e6662df956fbe7814b148f242fd46205a2db15254e0_9102.request.json
 create mode 100644 experiments/unified_contextual_memory/artifacts/evaluation/judges/f1caac7fab67f20c4dc55e6662df956fbe7814b148f242fd46205a2db15254e0_9200.json
 create mode 100644 experiments/unified_contextual_memory/artifacts/evaluation/judges/f1caac7fab67f20c4dc55e6662df956fbe7814b148f242fd46205a2db15254e0_9200.request.json
 create mode 100644 experiments/unified_contextual_memory/artifacts/evaluation/judges/f23b75c641b2da3077af86268423e98b55446fe137a0456df27c918022c9dcaf_9100.json
 create mode 100644 experiments/unified_contextual_memory/artifacts/evaluation/judges/f23b75c641b2da3077af86268423e98b55446fe137a0456df27c918022c9dcaf_9100.request.json
 create mode 100644 experiments/unified_contextual_memory/artifacts/evaluation/judges/f23b75c641b2da3077af86268423e98b55446fe137a0456df27c918022c9dcaf_9101.json
 create mode 100644 experiments/unified_contextual_memory/artifacts/evaluation/judges/f23b75c641b2da3077af86268423e98b55446fe137a0456df27c918022c9dcaf_9101.request.json
 create mode 100644 experiments/unified_contextual_memory/artifacts/evaluation/judges/f23b75c641b2da3077af86268423e98b55446fe137a0456df27c918022c9dcaf_9102.json
 create mode 100644 experiments/unified_contextual_memory/artifacts/evaluation/judges/f23b75c641b2da3077af86268423e98b55446fe137a0456df27c918022c9dcaf_9102.request.json
 create mode 100644 experiments/unified_contextual_memory/artifacts/evaluation/judges/f23b75c641b2da3077af86268423e98b55446fe137a0456df27c918022c9dcaf_9200.json
 create mode 100644 experiments/unified_contextual_memory/artifacts/evaluation/judges/f23b75c641b2da3077af86268423e98b55446fe137a0456df27c918022c9dcaf_9200.request.json
 create mode 100644 experiments/unified_contextual_memory/artifacts/evaluation/judges/f26108fe963535dc03851cb7459f940d152459d9309c89b707483edd083d862f_9100.json
 create mode 100644 experiments/unified_contextual_memory/artifacts/evaluation/judges/f26108fe963535dc03851cb7459f940d152459d9309c89b707483edd083d862f_9100.request.json
 create mode 100644 experiments/unified_contextual_memory/artifacts/evaluation/judges/f26108fe963535dc03851cb7459f940d152459d9309c89b707483edd083d862f_9101.json
 create mode 100644 experiments/unified_contextual_memory/artifacts/evaluation/judges/f26108fe963535dc03851cb7459f940d152459d9309c89b707483edd083d862f_9101.request.json
 create mode 100644 experiments/unified_contextual_memory/artifacts/evaluation/judges/f26108fe963535dc03851cb7459f940d152459d9309c89b707483edd083d862f_9102.json
 create mode 100644 experiments/unified_contextual_memory/artifacts/evaluation/judges/f26108fe963535dc03851cb7459f940d152459d9309c89b707483edd083d862f_9102.request.json
 create mode 100644 experiments/unified_contextual_memory/artifacts/evaluation/judges/f26108fe963535dc03851cb7459f940d152459d9309c89b707483edd083d862f_9200.json
 create mode 100644 experiments/unified_contextual_memory/artifacts/evaluation/judges/f26108fe963535dc03851cb7459f940d152459d9309c89b707483edd083d862f_9200.request.json
 create mode 100644 experiments/unified_contextual_memory/artifacts/evaluation/judges/f2df8ed1883f986db6548b3ea947d8fd2804cb23b0ab2a4ddca9bd04002c8f77_9100.json
 create mode 100644 experiments/unified_contextual_memory/artifacts/evaluation/judges/f2df8ed1883f986db6548b3ea947d8fd2804cb23b0ab2a4ddca9bd04002c8f77_9100.request.json
 create mode 100644 experiments/unified_contextual_memory/artifacts/evaluation/judges/f2df8ed1883f986db6548b3ea947d8fd2804cb23b0ab2a4ddca9bd04002c8f77_9101.json
 create mode 100644 experiments/unified_contextual_memory/artifacts/evaluation/judges/f2df8ed1883f986db6548b3ea947d8fd2804cb23b0ab2a4ddca9bd04002c8f77_9101.request.json
 create mode 100644 experiments/unified_contextual_memory/artifacts/evaluation/judges/f2df8ed1883f986db6548b3ea947d8fd2804cb23b0ab2a4ddca9bd04002c8f77_9102.json
 create mode 100644 experiments/unified_contextual_memory/artifacts/evaluation/judges/f2df8ed1883f986db6548b3ea947d8fd2804cb23b0ab2a4ddca9bd04002c8f77_9102.request.json
 create mode 100644 experiments/unified_contextual_memory/artifacts/evaluation/judges/f2df8ed1883f986db6548b3ea947d8fd2804cb23b0ab2a4ddca9bd04002c8f77_9200.json
 create mode 100644 experiments/unified_contextual_memory/artifacts/evaluation/judges/f2df8ed1883f986db6548b3ea947d8fd2804cb23b0ab2a4ddca9bd04002c8f77_9200.request.json
 create mode 100644 experiments/unified_contextual_memory/artifacts/evaluation/judges/f3b325b4a3e466d211f0c163940fb6740c5e51f15bd6a9918b8a7550bf101baf_9100.json
 create mode 100644 experiments/unified_contextual_memory/artifacts/evaluation/judges/f3b325b4a3e466d211f0c163940fb6740c5e51f15bd6a9918b8a7550bf101baf_9100.request.json
 create mode 100644 experiments/unified_contextual_memory/artifacts/evaluation/judges/f3b325b4a3e466d211f0c163940fb6740c5e51f15bd6a9918b8a7550bf101baf_9101.json
 create mode 100644 experiments/unified_contextual_memory/artifacts/evaluation/judges/f3b325b4a3e466d211f0c163940fb6740c5e51f15bd6a9918b8a7550bf101baf_9101.request.json
 create mode 100644 experiments/unified_contextual_memory/artifacts/evaluation/judges/f3b325b4a3e466d211f0c163940fb6740c5e51f15bd6a9918b8a7550bf101baf_9102.json
 create mode 100644 experiments/unified_contextual_memory/artifacts/evaluation/judges/f3b325b4a3e466d211f0c163940fb6740c5e51f15bd6a9918b8a7550bf101baf_9102.request.json
 create mode 100644 experiments/unified_contextual_memory/artifacts/evaluation/judges/f3b325b4a3e466d211f0c163940fb6740c5e51f15bd6a9918b8a7550bf101baf_9200.json
 create mode 100644 experiments/unified_contextual_memory/artifacts/evaluation/judges/f3b325b4a3e466d211f0c163940fb6740c5e51f15bd6a9918b8a7550bf101baf_9200.request.json
 create mode 100644 experiments/unified_contextual_memory/artifacts/evaluation/judges/f49ebc5ee11f3dfb2deaee0fdb8ba93f36450d6bd55e7fd293599208299a967c_9100.json
 create mode 100644 experiments/unified_contextual_memory/artifacts/evaluation/judges/f49ebc5ee11f3dfb2deaee0fdb8ba93f36450d6bd55e7fd293599208299a967c_9100.request.json
 create mode 100644 experiments/unified_contextual_memory/artifacts/evaluation/judges/f49ebc5ee11f3dfb2deaee0fdb8ba93f36450d6bd55e7fd293599208299a967c_9101.json
 create mode 100644 experiments/unified_contextual_memory/artifacts/evaluation/judges/f49ebc5ee11f3dfb2deaee0fdb8ba93f36450d6bd55e7fd293599208299a967c_9101.request.json
 create mode 100644 experiments/unified_contextual_memory/artifacts/evaluation/judges/f49ebc5ee11f3dfb2deaee0fdb8ba93f36450d6bd55e7fd293599208299a967c_9102.json
 create mode 100644 experiments/unified_contextual_memory/artifacts/evaluation/judges/f49ebc5ee11f3dfb2deaee0fdb8ba93f36450d6bd55e7fd293599208299a967c_9102.request.json
 create mode 100644 experiments/unified_contextual_memory/artifacts/evaluation/judges/f49ebc5ee11f3dfb2deaee0fdb8ba93f36450d6bd55e7fd293599208299a967c_9200.json
 create mode 100644 experiments/unified_contextual_memory/artifacts/evaluation/judges/f49ebc5ee11f3dfb2deaee0fdb8ba93f36450d6bd55e7fd293599208299a967c_9200.request.json
 create mode 100644 experiments/unified_contextual_memory/artifacts/evaluation/judges/f51ca8eac2078d7832a4367b00d212193db2a652cd0cd46e9fac05e98089c797_9100.json
 create mode 100644 experiments/unified_contextual_memory/artifacts/evaluation/judges/f51ca8eac2078d7832a4367b00d212193db2a652cd0cd46e9fac05e98089c797_9100.request.json
 create mode 100644 experiments/unified_contextual_memory/artifacts/evaluation/judges/f51ca8eac2078d7832a4367b00d212193db2a652cd0cd46e9fac05e98089c797_9101.json
 create mode 100644 experiments/unified_contextual_memory/artifacts/evaluation/judges/f51ca8eac2078d7832a4367b00d212193db2a652cd0cd46e9fac05e98089c797_9101.request.json
 create mode 100644 experiments/unified_contextual_memory/artifacts/evaluation/judges/f51ca8eac2078d7832a4367b00d212193db2a652cd0cd46e9fac05e98089c797_9102.json
 create mode 100644 experiments/unified_contextual_memory/artifacts/evaluation/judges/f51ca8eac2078d7832a4367b00d212193db2a652cd0cd46e9fac05e98089c797_9102.request.json
 create mode 100644 experiments/unified_contextual_memory/artifacts/evaluation/judges/f51ca8eac2078d7832a4367b00d212193db2a652cd0cd46e9fac05e98089c797_9200.json
 create mode 100644 experiments/unified_contextual_memory/artifacts/evaluation/judges/f51ca8eac2078d7832a4367b00d212193db2a652cd0cd46e9fac05e98089c797_9200.request.json
 create mode 100644 experiments/unified_contextual_memory/artifacts/evaluation/judges/f52736ac62bee3b4099d3dcfdfe7a4f9221decc5367572f13b3cabd4489582a5_9100.json
 create mode 100644 experiments/unified_contextual_memory/artifacts/evaluation/judges/f52736ac62bee3b4099d3dcfdfe7a4f9221decc5367572f13b3cabd4489582a5_9100.request.json
 create mode 100644 experiments/unified_contextual_memory/artifacts/evaluation/judges/f52736ac62bee3b4099d3dcfdfe7a4f9221decc5367572f13b3cabd4489582a5_9101.json
 create mode 100644 experiments/unified_contextual_memory/artifacts/evaluation/judges/f52736ac62bee3b4099d3dcfdfe7a4f9221decc5367572f13b3cabd4489582a5_9101.request.json
 create mode 100644 experiments/unified_contextual_memory/artifacts/evaluation/judges/f52736ac62bee3b4099d3dcfdfe7a4f9221decc5367572f13b3cabd4489582a5_9102.json
 create mode 100644 experiments/unified_contextual_memory/artifacts/evaluation/judges/f52736ac62bee3b4099d3dcfdfe7a4f9221decc5367572f13b3cabd4489582a5_9102.request.json
 create mode 100644 experiments/unified_contextual_memory/artifacts/evaluation/judges/f52736ac62bee3b4099d3dcfdfe7a4f9221decc5367572f13b3cabd4489582a5_9200.json
 create mode 100644 experiments/unified_contextual_memory/artifacts/evaluation/judges/f52736ac62bee3b4099d3dcfdfe7a4f9221decc5367572f13b3cabd4489582a5_9200.request.json
 create mode 100644 experiments/unified_contextual_memory/artifacts/evaluation/judges/f541f4e3febc568befc64b967130347385795010c3de2e37196c3fd58ef5f9a2_9100.json
 create mode 100644 experiments/unified_contextual_memory/artifacts/evaluation/judges/f541f4e3febc568befc64b967130347385795010c3de2e37196c3fd58ef5f9a2_9100.request.json
 create mode 100644 experiments/unified_contextual_memory/artifacts/evaluation/judges/f541f4e3febc568befc64b967130347385795010c3de2e37196c3fd58ef5f9a2_9101.json
 create mode 100644 experiments/unified_contextual_memory/artifacts/evaluation/judges/f541f4e3febc568befc64b967130347385795010c3de2e37196c3fd58ef5f9a2_9101.request.json
 create mode 100644 experiments/unified_contextual_memory/artifacts/evaluation/judges/f541f4e3febc568befc64b967130347385795010c3de2e37196c3fd58ef5f9a2_9102.json
 create mode 100644 experiments/unified_contextual_memory/artifacts/evaluation/judges/f541f4e3febc568befc64b967130347385795010c3de2e37196c3fd58ef5f9a2_9102.request.json
 create mode 100644 experiments/unified_contextual_memory/artifacts/evaluation/judges/f541f4e3febc568befc64b967130347385795010c3de2e37196c3fd58ef5f9a2_9200.json
 create mode 100644 experiments/unified_contextual_memory/artifacts/evaluation/judges/f541f4e3febc568befc64b967130347385795010c3de2e37196c3fd58ef5f9a2_9200.request.json
 create mode 100644 experiments/unified_contextual_memory/artifacts/evaluation/judges/f5d6f8da3fa468384094b516151747daa2b8ecda7c6517802dedc791a903a9e9_9100.json
 create mode 100644 experiments/unified_contextual_memory/artifacts/evaluation/judges/f5d6f8da3fa468384094b516151747daa2b8ecda7c6517802dedc791a903a9e9_9100.request.json
 create mode 100644 experiments/unified_contextual_memory/artifacts/evaluation/judges/f5d6f8da3fa468384094b516151747daa2b8ecda7c6517802dedc791a903a9e9_9101.json
 create mode 100644 experiments/unified_contextual_memory/artifacts/evaluation/judges/f5d6f8da3fa468384094b516151747daa2b8ecda7c6517802dedc791a903a9e9_9101.request.json
 create mode 100644 experiments/unified_contextual_memory/artifacts/evaluation/judges/f5d6f8da3fa468384094b516151747daa2b8ecda7c6517802dedc791a903a9e9_9102.json
 create mode 100644 experiments/unified_contextual_memory/artifacts/evaluation/judges/f5d6f8da3fa468384094b516151747daa2b8ecda7c6517802dedc791a903a9e9_9102.request.json
 create mode 100644 experiments/unified_contextual_memory/artifacts/evaluation/judges/f5d6f8da3fa468384094b516151747daa2b8ecda7c6517802dedc791a903a9e9_9200.json
 create mode 100644 experiments/unified_contextual_memory/artifacts/evaluation/judges/f5d6f8da3fa468384094b516151747daa2b8ecda7c6517802dedc791a903a9e9_9200.request.json
 create mode 100644 experiments/unified_contextual_memory/artifacts/evaluation/judges/f6cc7a080bf56aad80897b7e4a7b3b96ad917041321edbab83371f3413b4e164_9100.json
 create mode 100644 experiments/unified_contextual_memory/artifacts/evaluation/judges/f6cc7a080bf56aad80897b7e4a7b3b96ad917041321edbab83371f3413b4e164_9100.request.json
 create mode 100644 experiments/unified_contextual_memory/artifacts/evaluation/judges/f6cc7a080bf56aad80897b7e4a7b3b96ad917041321edbab83371f3413b4e164_9101.json
 create mode 100644 experiments/unified_contextual_memory/artifacts/evaluation/judges/f6cc7a080bf56aad80897b7e4a7b3b96ad917041321edbab83371f3413b4e164_9101.request.json
 create mode 100644 experiments/unified_contextual_memory/artifacts/evaluation/judges/f6cc7a080bf56aad80897b7e4a7b3b96ad917041321edbab83371f3413b4e164_9102.json
 create mode 100644 experiments/unified_contextual_memory/artifacts/evaluation/judges/f6cc7a080bf56aad80897b7e4a7b3b96ad917041321edbab83371f3413b4e164_9102.request.json
 create mode 100644 experiments/unified_contextual_memory/artifacts/evaluation/judges/f6cc7a080bf56aad80897b7e4a7b3b96ad917041321edbab83371f3413b4e164_9200.json
 create mode 100644 experiments/unified_contextual_memory/artifacts/evaluation/judges/f6cc7a080bf56aad80897b7e4a7b3b96ad917041321edbab83371f3413b4e164_9200.request.json
 create mode 100644 experiments/unified_contextual_memory/artifacts/evaluation/judges/f72d8ce131a80e4c2e730088eed22df05bd1d81b669a1de405104ff41768d158_9100.json
 create mode 100644 experiments/unified_contextual_memory/artifacts/evaluation/judges/f72d8ce131a80e4c2e730088eed22df05bd1d81b669a1de405104ff41768d158_9100.request.json
 create mode 100644 experiments/unified_contextual_memory/artifacts/evaluation/judges/f72d8ce131a80e4c2e730088eed22df05bd1d81b669a1de405104ff41768d158_9101.json
 create mode 100644 experiments/unified_contextual_memory/artifacts/evaluation/judges/f72d8ce131a80e4c2e730088eed22df05bd1d81b669a1de405104ff41768d158_9101.request.json
 create mode 100644 experiments/unified_contextual_memory/artifacts/evaluation/judges/f72d8ce131a80e4c2e730088eed22df05bd1d81b669a1de405104ff41768d158_9102.json
 create mode 100644 experiments/unified_contextual_memory/artifacts/evaluation/judges/f72d8ce131a80e4c2e730088eed22df05bd1d81b669a1de405104ff41768d158_9102.request.json
 create mode 100644 experiments/unified_contextual_memory/artifacts/evaluation/judges/f72d8ce131a80e4c2e730088eed22df05bd1d81b669a1de405104ff41768d158_9200.json
 create mode 100644 experiments/unified_contextual_memory/artifacts/evaluation/judges/f72d8ce131a80e4c2e730088eed22df05bd1d81b669a1de405104ff41768d158_9200.request.json
 create mode 100644 experiments/unified_contextual_memory/artifacts/evaluation/judges/f7dff8f6c7f839477d154eab7560c109e969b540a22b3218badd8cf72b3f7740_9100.json
 create mode 100644 experiments/unified_contextual_memory/artifacts/evaluation/judges/f7dff8f6c7f839477d154eab7560c109e969b540a22b3218badd8cf72b3f7740_9100.request.json
 create mode 100644 experiments/unified_contextual_memory/artifacts/evaluation/judges/f7dff8f6c7f839477d154eab7560c109e969b540a22b3218badd8cf72b3f7740_9101.json
 create mode 100644 experiments/unified_contextual_memory/artifacts/evaluation/judges/f7dff8f6c7f839477d154eab7560c109e969b540a22b3218badd8cf72b3f7740_9101.request.json
 create mode 100644 experiments/unified_contextual_memory/artifacts/evaluation/judges/f7dff8f6c7f839477d154eab7560c109e969b540a22b3218badd8cf72b3f7740_9102.json
 create mode 100644 experiments/unified_contextual_memory/artifacts/evaluation/judges/f7dff8f6c7f839477d154eab7560c109e969b540a22b3218badd8cf72b3f7740_9102.request.json
 create mode 100644 experiments/unified_contextual_memory/artifacts/evaluation/judges/f7dff8f6c7f839477d154eab7560c109e969b540a22b3218badd8cf72b3f7740_9200.json
 create mode 100644 experiments/unified_contextual_memory/artifacts/evaluation/judges/f7dff8f6c7f839477d154eab7560c109e969b540a22b3218badd8cf72b3f7740_9200.request.json
 create mode 100644 experiments/unified_contextual_memory/artifacts/evaluation/judges/f7f4954ae880ebdbb5e729d1565146f359103cf380655a7a71a5ea5f80070c3f_9100.json
 create mode 100644 experiments/unified_contextual_memory/artifacts/evaluation/judges/f7f4954ae880ebdbb5e729d1565146f359103cf380655a7a71a5ea5f80070c3f_9100.request.json
 create mode 100644 experiments/unified_contextual_memory/artifacts/evaluation/judges/f7f4954ae880ebdbb5e729d1565146f359103cf380655a7a71a5ea5f80070c3f_9101.json
 create mode 100644 experiments/unified_contextual_memory/artifacts/evaluation/judges/f7f4954ae880ebdbb5e729d1565146f359103cf380655a7a71a5ea5f80070c3f_9101.request.json
 create mode 100644 experiments/unified_contextual_memory/artifacts/evaluation/judges/f7f4954ae880ebdbb5e729d1565146f359103cf380655a7a71a5ea5f80070c3f_9102.json
 create mode 100644 experiments/unified_contextual_memory/artifacts/evaluation/judges/f7f4954ae880ebdbb5e729d1565146f359103cf380655a7a71a5ea5f80070c3f_9102.request.json
 create mode 100644 experiments/unified_contextual_memory/artifacts/evaluation/judges/f7f4954ae880ebdbb5e729d1565146f359103cf380655a7a71a5ea5f80070c3f_9200.json
 create mode 100644 experiments/unified_contextual_memory/artifacts/evaluation/judges/f7f4954ae880ebdbb5e729d1565146f359103cf380655a7a71a5ea5f80070c3f_9200.request.json
 create mode 100644 experiments/unified_contextual_memory/artifacts/evaluation/judges/f849bcc17b024da757be5741e7c1437dac271582130637916295c188997d485c_9100.json
 create mode 100644 experiments/unified_contextual_memory/artifacts/evaluation/judges/f849bcc17b024da757be5741e7c1437dac271582130637916295c188997d485c_9100.request.json
 create mode 100644 experiments/unified_contextual_memory/artifacts/evaluation/judges/f849bcc17b024da757be5741e7c1437dac271582130637916295c188997d485c_9101.json
 create mode 100644 experiments/unified_contextual_memory/artifacts/evaluation/judges/f849bcc17b024da757be5741e7c1437dac271582130637916295c188997d485c_9101.request.json
 create mode 100644 experiments/unified_contextual_memory/artifacts/evaluation/judges/f849bcc17b024da757be5741e7c1437dac271582130637916295c188997d485c_9102.json
 create mode 100644 experiments/unified_contextual_memory/artifacts/evaluation/judges/f849bcc17b024da757be5741e7c1437dac271582130637916295c188997d485c_9102.request.json
 create mode 100644 experiments/unified_contextual_memory/artifacts/evaluation/judges/f849bcc17b024da757be5741e7c1437dac271582130637916295c188997d485c_9200.json
 create mode 100644 experiments/unified_contextual_memory/artifacts/evaluation/judges/f849bcc17b024da757be5741e7c1437dac271582130637916295c188997d485c_9200.request.json
 create mode 100644 experiments/unified_contextual_memory/artifacts/evaluation/judges/f88d5f3accb5d4c2ff424424485f89b2872a7bcd1931000f1fbee8142b12ac49_9100.json
 create mode 100644 experiments/unified_contextual_memory/artifacts/evaluation/judges/f88d5f3accb5d4c2ff424424485f89b2872a7bcd1931000f1fbee8142b12ac49_9100.request.json
 create mode 100644 experiments/unified_contextual_memory/artifacts/evaluation/judges/f88d5f3accb5d4c2ff424424485f89b2872a7bcd1931000f1fbee8142b12ac49_9101.json
 create mode 100644 experiments/unified_contextual_memory/artifacts/evaluation/judges/f88d5f3accb5d4c2ff424424485f89b2872a7bcd1931000f1fbee8142b12ac49_9101.request.json
 create mode 100644 experiments/unified_contextual_memory/artifacts/evaluation/judges/f88d5f3accb5d4c2ff424424485f89b2872a7bcd1931000f1fbee8142b12ac49_9102.json
 create mode 100644 experiments/unified_contextual_memory/artifacts/evaluation/judges/f88d5f3accb5d4c2ff424424485f89b2872a7bcd1931000f1fbee8142b12ac49_9102.request.json
 create mode 100644 experiments/unified_contextual_memory/artifacts/evaluation/judges/f88d5f3accb5d4c2ff424424485f89b2872a7bcd1931000f1fbee8142b12ac49_9200.json
 create mode 100644 experiments/unified_contextual_memory/artifacts/evaluation/judges/f88d5f3accb5d4c2ff424424485f89b2872a7bcd1931000f1fbee8142b12ac49_9200.request.json
 create mode 100644 experiments/unified_contextual_memory/artifacts/evaluation/judges/f9675f646f28ab9b915fe5a56a5051f6202815008ab827aede62696630065f74_9100.json
 create mode 100644 experiments/unified_contextual_memory/artifacts/evaluation/judges/f9675f646f28ab9b915fe5a56a5051f6202815008ab827aede62696630065f74_9100.request.json
 create mode 100644 experiments/unified_contextual_memory/artifacts/evaluation/judges/f9675f646f28ab9b915fe5a56a5051f6202815008ab827aede62696630065f74_9101.json
 create mode 100644 experiments/unified_contextual_memory/artifacts/evaluation/judges/f9675f646f28ab9b915fe5a56a5051f6202815008ab827aede62696630065f74_9101.request.json
 create mode 100644 experiments/unified_contextual_memory/artifacts/evaluation/judges/f9675f646f28ab9b915fe5a56a5051f6202815008ab827aede62696630065f74_9102.json
 create mode 100644 experiments/unified_contextual_memory/artifacts/evaluation/judges/f9675f646f28ab9b915fe5a56a5051f6202815008ab827aede62696630065f74_9102.request.json
 create mode 100644 experiments/unified_contextual_memory/artifacts/evaluation/judges/f9675f646f28ab9b915fe5a56a5051f6202815008ab827aede62696630065f74_9200.json
 create mode 100644 experiments/unified_contextual_memory/artifacts/evaluation/judges/f9675f646f28ab9b915fe5a56a5051f6202815008ab827aede62696630065f74_9200.request.json
 create mode 100644 experiments/unified_contextual_memory/artifacts/evaluation/judges/f9d7ebbe89324464e98caa66f3e470153bc6503121c0484b80f1f9c67166a056_9100.json
 create mode 100644 experiments/unified_contextual_memory/artifacts/evaluation/judges/f9d7ebbe89324464e98caa66f3e470153bc6503121c0484b80f1f9c67166a056_9100.request.json
 create mode 100644 experiments/unified_contextual_memory/artifacts/evaluation/judges/f9d7ebbe89324464e98caa66f3e470153bc6503121c0484b80f1f9c67166a056_9101.json
 create mode 100644 experiments/unified_contextual_memory/artifacts/evaluation/judges/f9d7ebbe89324464e98caa66f3e470153bc6503121c0484b80f1f9c67166a056_9101.request.json
 create mode 100644 experiments/unified_contextual_memory/artifacts/evaluation/judges/f9d7ebbe89324464e98caa66f3e470153bc6503121c0484b80f1f9c67166a056_9102.json
 create mode 100644 experiments/unified_contextual_memory/artifacts/evaluation/judges/f9d7ebbe89324464e98caa66f3e470153bc6503121c0484b80f1f9c67166a056_9102.request.json
 create mode 100644 experiments/unified_contextual_memory/artifacts/evaluation/judges/f9d7ebbe89324464e98caa66f3e470153bc6503121c0484b80f1f9c67166a056_9200.json
 create mode 100644 experiments/unified_contextual_memory/artifacts/evaluation/judges/f9d7ebbe89324464e98caa66f3e470153bc6503121c0484b80f1f9c67166a056_9200.request.json
 create mode 100644 experiments/unified_contextual_memory/artifacts/evaluation/judges/fa16aa73163c5f3ebf10f98122596263d2b557fdc26a50a252492ca3a7b93f4d_9100.json
 create mode 100644 experiments/unified_contextual_memory/artifacts/evaluation/judges/fa16aa73163c5f3ebf10f98122596263d2b557fdc26a50a252492ca3a7b93f4d_9100.request.json
 create mode 100644 experiments/unified_contextual_memory/artifacts/evaluation/judges/fa16aa73163c5f3ebf10f98122596263d2b557fdc26a50a252492ca3a7b93f4d_9101.json
 create mode 100644 experiments/unified_contextual_memory/artifacts/evaluation/judges/fa16aa73163c5f3ebf10f98122596263d2b557fdc26a50a252492ca3a7b93f4d_9101.request.json
 create mode 100644 experiments/unified_contextual_memory/artifacts/evaluation/judges/fa16aa73163c5f3ebf10f98122596263d2b557fdc26a50a252492ca3a7b93f4d_9102.json
 create mode 100644 experiments/unified_contextual_memory/artifacts/evaluation/judges/fa16aa73163c5f3ebf10f98122596263d2b557fdc26a50a252492ca3a7b93f4d_9102.request.json
 create mode 100644 experiments/unified_contextual_memory/artifacts/evaluation/judges/fa16aa73163c5f3ebf10f98122596263d2b557fdc26a50a252492ca3a7b93f4d_9200.json
 create mode 100644 experiments/unified_contextual_memory/artifacts/evaluation/judges/fa16aa73163c5f3ebf10f98122596263d2b557fdc26a50a252492ca3a7b93f4d_9200.request.json
 create mode 100644 experiments/unified_contextual_memory/artifacts/evaluation/judges/fa1fc672a87f1602673bd725c2a393ee4ac460392a5930abca90ec9eb9037830_9100.json
 create mode 100644 experiments/unified_contextual_memory/artifacts/evaluation/judges/fa1fc672a87f1602673bd725c2a393ee4ac460392a5930abca90ec9eb9037830_9100.request.json
 create mode 100644 experiments/unified_contextual_memory/artifacts/evaluation/judges/fa1fc672a87f1602673bd725c2a393ee4ac460392a5930abca90ec9eb9037830_9101.json
 create mode 100644 experiments/unified_contextual_memory/artifacts/evaluation/judges/fa1fc672a87f1602673bd725c2a393ee4ac460392a5930abca90ec9eb9037830_9101.request.json
 create mode 100644 experiments/unified_contextual_memory/artifacts/evaluation/judges/fa1fc672a87f1602673bd725c2a393ee4ac460392a5930abca90ec9eb9037830_9102.json
 create mode 100644 experiments/unified_contextual_memory/artifacts/evaluation/judges/fa1fc672a87f1602673bd725c2a393ee4ac460392a5930abca90ec9eb9037830_9102.request.json
 create mode 100644 experiments/unified_contextual_memory/artifacts/evaluation/judges/fa1fc672a87f1602673bd725c2a393ee4ac460392a5930abca90ec9eb9037830_9200.json
 create mode 100644 experiments/unified_contextual_memory/artifacts/evaluation/judges/fa1fc672a87f1602673bd725c2a393ee4ac460392a5930abca90ec9eb9037830_9200.request.json
 create mode 100644 experiments/unified_contextual_memory/artifacts/evaluation/judges/fab654ae9e8732c50c8474efb2611c142929ea62fcf4bb36cd63336d33a68fb3_9100.json
 create mode 100644 experiments/unified_contextual_memory/artifacts/evaluation/judges/fab654ae9e8732c50c8474efb2611c142929ea62fcf4bb36cd63336d33a68fb3_9100.request.json
 create mode 100644 experiments/unified_contextual_memory/artifacts/evaluation/judges/fab654ae9e8732c50c8474efb2611c142929ea62fcf4bb36cd63336d33a68fb3_9101.json
 create mode 100644 experiments/unified_contextual_memory/artifacts/evaluation/judges/fab654ae9e8732c50c8474efb2611c142929ea62fcf4bb36cd63336d33a68fb3_9101.request.json
 create mode 100644 experiments/unified_contextual_memory/artifacts/evaluation/judges/fab654ae9e8732c50c8474efb2611c142929ea62fcf4bb36cd63336d33a68fb3_9102.json
 create mode 100644 experiments/unified_contextual_memory/artifacts/evaluation/judges/fab654ae9e8732c50c8474efb2611c142929ea62fcf4bb36cd63336d33a68fb3_9102.request.json
 create mode 100644 experiments/unified_contextual_memory/artifacts/evaluation/judges/fab654ae9e8732c50c8474efb2611c142929ea62fcf4bb36cd63336d33a68fb3_9200.json
 create mode 100644 experiments/unified_contextual_memory/artifacts/evaluation/judges/fab654ae9e8732c50c8474efb2611c142929ea62fcf4bb36cd63336d33a68fb3_9200.request.json
 create mode 100644 experiments/unified_contextual_memory/artifacts/evaluation/judges/fab738cf91af31661c88651a8c1dbe5fd3ae0422e71c0bd159de4d5c20790882_9100.json
 create mode 100644 experiments/unified_contextual_memory/artifacts/evaluation/judges/fab738cf91af31661c88651a8c1dbe5fd3ae0422e71c0bd159de4d5c20790882_9100.request.json
 create mode 100644 experiments/unified_contextual_memory/artifacts/evaluation/judges/fab738cf91af31661c88651a8c1dbe5fd3ae0422e71c0bd159de4d5c20790882_9101.json
 create mode 100644 experiments/unified_contextual_memory/artifacts/evaluation/judges/fab738cf91af31661c88651a8c1dbe5fd3ae0422e71c0bd159de4d5c20790882_9101.request.json
 create mode 100644 experiments/unified_contextual_memory/artifacts/evaluation/judges/fab738cf91af31661c88651a8c1dbe5fd3ae0422e71c0bd159de4d5c20790882_9102.json
 create mode 100644 experiments/unified_contextual_memory/artifacts/evaluation/judges/fab738cf91af31661c88651a8c1dbe5fd3ae0422e71c0bd159de4d5c20790882_9102.request.json
 create mode 100644 experiments/unified_contextual_memory/artifacts/evaluation/judges/fab738cf91af31661c88651a8c1dbe5fd3ae0422e71c0bd159de4d5c20790882_9200.json
 create mode 100644 experiments/unified_contextual_memory/artifacts/evaluation/judges/fab738cf91af31661c88651a8c1dbe5fd3ae0422e71c0bd159de4d5c20790882_9200.request.json
 create mode 100644 experiments/unified_contextual_memory/artifacts/evaluation/judges/fae09e47ae6dcd48811cc554477e34969f6bc481eaf06d67599944e5b92e0a77_9100.json
 create mode 100644 experiments/unified_contextual_memory/artifacts/evaluation/judges/fae09e47ae6dcd48811cc554477e34969f6bc481eaf06d67599944e5b92e0a77_9100.request.json
 create mode 100644 experiments/unified_contextual_memory/artifacts/evaluation/judges/fae09e47ae6dcd48811cc554477e34969f6bc481eaf06d67599944e5b92e0a77_9101.json
 create mode 100644 experiments/unified_contextual_memory/artifacts/evaluation/judges/fae09e47ae6dcd48811cc554477e34969f6bc481eaf06d67599944e5b92e0a77_9101.request.json
 create mode 100644 experiments/unified_contextual_memory/artifacts/evaluation/judges/fae09e47ae6dcd48811cc554477e34969f6bc481eaf06d67599944e5b92e0a77_9102.json
 create mode 100644 experiments/unified_contextual_memory/artifacts/evaluation/judges/fae09e47ae6dcd48811cc554477e34969f6bc481eaf06d67599944e5b92e0a77_9102.request.json
 create mode 100644 experiments/unified_contextual_memory/artifacts/evaluation/judges/fae09e47ae6dcd48811cc554477e34969f6bc481eaf06d67599944e5b92e0a77_9200.json
 create mode 100644 experiments/unified_contextual_memory/artifacts/evaluation/judges/fae09e47ae6dcd48811cc554477e34969f6bc481eaf06d67599944e5b92e0a77_9200.request.json
 create mode 100644 experiments/unified_contextual_memory/artifacts/evaluation/judges/fafd35fc4df6af004e7a5167dfaa97fabc5a16dd491c63a65b915412da114fd2_9100.json
 create mode 100644 experiments/unified_contextual_memory/artifacts/evaluation/judges/fafd35fc4df6af004e7a5167dfaa97fabc5a16dd491c63a65b915412da114fd2_9100.request.json
 create mode 100644 experiments/unified_contextual_memory/artifacts/evaluation/judges/fafd35fc4df6af004e7a5167dfaa97fabc5a16dd491c63a65b915412da114fd2_9101.json
 create mode 100644 experiments/unified_contextual_memory/artifacts/evaluation/judges/fafd35fc4df6af004e7a5167dfaa97fabc5a16dd491c63a65b915412da114fd2_9101.request.json
 create mode 100644 experiments/unified_contextual_memory/artifacts/evaluation/judges/fafd35fc4df6af004e7a5167dfaa97fabc5a16dd491c63a65b915412da114fd2_9102.json
 create mode 100644 experiments/unified_contextual_memory/artifacts/evaluation/judges/fafd35fc4df6af004e7a5167dfaa97fabc5a16dd491c63a65b915412da114fd2_9102.request.json
 create mode 100644 experiments/unified_contextual_memory/artifacts/evaluation/judges/fafd35fc4df6af004e7a5167dfaa97fabc5a16dd491c63a65b915412da114fd2_9200.json
 create mode 100644 experiments/unified_contextual_memory/artifacts/evaluation/judges/fafd35fc4df6af004e7a5167dfaa97fabc5a16dd491c63a65b915412da114fd2_9200.request.json
 create mode 100644 experiments/unified_contextual_memory/artifacts/evaluation/judges/fb8ba6a2b0dad398477950248d639fab184575a453ed61d361c95964d882ca22_9100.json
 create mode 100644 experiments/unified_contextual_memory/artifacts/evaluation/judges/fb8ba6a2b0dad398477950248d639fab184575a453ed61d361c95964d882ca22_9100.request.json
 create mode 100644 experiments/unified_contextual_memory/artifacts/evaluation/judges/fb8ba6a2b0dad398477950248d639fab184575a453ed61d361c95964d882ca22_9101.json
 create mode 100644 experiments/unified_contextual_memory/artifacts/evaluation/judges/fb8ba6a2b0dad398477950248d639fab184575a453ed61d361c95964d882ca22_9101.request.json
 create mode 100644 experiments/unified_contextual_memory/artifacts/evaluation/judges/fb8ba6a2b0dad398477950248d639fab184575a453ed61d361c95964d882ca22_9102.json
 create mode 100644 experiments/unified_contextual_memory/artifacts/evaluation/judges/fb8ba6a2b0dad398477950248d639fab184575a453ed61d361c95964d882ca22_9102.request.json
 create mode 100644 experiments/unified_contextual_memory/artifacts/evaluation/judges/fb8ba6a2b0dad398477950248d639fab184575a453ed61d361c95964d882ca22_9200.json
 create mode 100644 experiments/unified_contextual_memory/artifacts/evaluation/judges/fb8ba6a2b0dad398477950248d639fab184575a453ed61d361c95964d882ca22_9200.request.json
 create mode 100644 experiments/unified_contextual_memory/artifacts/evaluation/judges/fba4849dcc2258260344cac4866ffafaf915f457291060575a88ec2d6c4f5174_9100.json
 create mode 100644 experiments/unified_contextual_memory/artifacts/evaluation/judges/fba4849dcc2258260344cac4866ffafaf915f457291060575a88ec2d6c4f5174_9100.request.json
 create mode 100644 experiments/unified_contextual_memory/artifacts/evaluation/judges/fba4849dcc2258260344cac4866ffafaf915f457291060575a88ec2d6c4f5174_9101.json
 create mode 100644 experiments/unified_contextual_memory/artifacts/evaluation/judges/fba4849dcc2258260344cac4866ffafaf915f457291060575a88ec2d6c4f5174_9101.request.json
 create mode 100644 experiments/unified_contextual_memory/artifacts/evaluation/judges/fba4849dcc2258260344cac4866ffafaf915f457291060575a88ec2d6c4f5174_9102.json
 create mode 100644 experiments/unified_contextual_memory/artifacts/evaluation/judges/fba4849dcc2258260344cac4866ffafaf915f457291060575a88ec2d6c4f5174_9102.request.json
 create mode 100644 experiments/unified_contextual_memory/artifacts/evaluation/judges/fba4849dcc2258260344cac4866ffafaf915f457291060575a88ec2d6c4f5174_9200.json
 create mode 100644 experiments/unified_contextual_memory/artifacts/evaluation/judges/fba4849dcc2258260344cac4866ffafaf915f457291060575a88ec2d6c4f5174_9200.request.json
 create mode 100644 experiments/unified_contextual_memory/artifacts/evaluation/judges/fbd26ed3e9b6de71103633dfafb66aaef441e77da2e0213fe26ff3b9bf25343d_9100.json
 create mode 100644 experiments/unified_contextual_memory/artifacts/evaluation/judges/fbd26ed3e9b6de71103633dfafb66aaef441e77da2e0213fe26ff3b9bf25343d_9100.request.json
 create mode 100644 experiments/unified_contextual_memory/artifacts/evaluation/judges/fbd26ed3e9b6de71103633dfafb66aaef441e77da2e0213fe26ff3b9bf25343d_9101.json
 create mode 100644 experiments/unified_contextual_memory/artifacts/evaluation/judges/fbd26ed3e9b6de71103633dfafb66aaef441e77da2e0213fe26ff3b9bf25343d_9101.request.json
 create mode 100644 experiments/unified_contextual_memory/artifacts/evaluation/judges/fbd26ed3e9b6de71103633dfafb66aaef441e77da2e0213fe26ff3b9bf25343d_9102.json
 create mode 100644 experiments/unified_contextual_memory/artifacts/evaluation/judges/fbd26ed3e9b6de71103633dfafb66aaef441e77da2e0213fe26ff3b9bf25343d_9102.request.json
 create mode 100644 experiments/unified_contextual_memory/artifacts/evaluation/judges/fbd26ed3e9b6de71103633dfafb66aaef441e77da2e0213fe26ff3b9bf25343d_9200.json
 create mode 100644 experiments/unified_contextual_memory/artifacts/evaluation/judges/fbd26ed3e9b6de71103633dfafb66aaef441e77da2e0213fe26ff3b9bf25343d_9200.request.json
 create mode 100644 experiments/unified_contextual_memory/artifacts/evaluation/judges/fbfd7c58c38cb20224b68182f19d6fc3911af19945207d05dd77a273faa83171_9100.json
 create mode 100644 experiments/unified_contextual_memory/artifacts/evaluation/judges/fbfd7c58c38cb20224b68182f19d6fc3911af19945207d05dd77a273faa83171_9100.request.json
 create mode 100644 experiments/unified_contextual_memory/artifacts/evaluation/judges/fbfd7c58c38cb20224b68182f19d6fc3911af19945207d05dd77a273faa83171_9101.json
 create mode 100644 experiments/unified_contextual_memory/artifacts/evaluation/judges/fbfd7c58c38cb20224b68182f19d6fc3911af19945207d05dd77a273faa83171_9101.request.json
 create mode 100644 experiments/unified_contextual_memory/artifacts/evaluation/judges/fbfd7c58c38cb20224b68182f19d6fc3911af19945207d05dd77a273faa83171_9102.json
 create mode 100644 experiments/unified_contextual_memory/artifacts/evaluation/judges/fbfd7c58c38cb20224b68182f19d6fc3911af19945207d05dd77a273faa83171_9102.request.json
 create mode 100644 experiments/unified_contextual_memory/artifacts/evaluation/judges/fbfd7c58c38cb20224b68182f19d6fc3911af19945207d05dd77a273faa83171_9200.json
 create mode 100644 experiments/unified_contextual_memory/artifacts/evaluation/judges/fbfd7c58c38cb20224b68182f19d6fc3911af19945207d05dd77a273faa83171_9200.request.json
 create mode 100644 experiments/unified_contextual_memory/artifacts/evaluation/judges/fc8255831345fda48717665e9531894985c34a6525cf5ec9885e4b5bbe728849_9100.json
 create mode 100644 experiments/unified_contextual_memory/artifacts/evaluation/judges/fc8255831345fda48717665e9531894985c34a6525cf5ec9885e4b5bbe728849_9100.request.json
 create mode 100644 experiments/unified_contextual_memory/artifacts/evaluation/judges/fc8255831345fda48717665e9531894985c34a6525cf5ec9885e4b5bbe728849_9101.json
 create mode 100644 experiments/unified_contextual_memory/artifacts/evaluation/judges/fc8255831345fda48717665e9531894985c34a6525cf5ec9885e4b5bbe728849_9101.request.json
 create mode 100644 experiments/unified_contextual_memory/artifacts/evaluation/judges/fc8255831345fda48717665e9531894985c34a6525cf5ec9885e4b5bbe728849_9102.json
 create mode 100644 experiments/unified_contextual_memory/artifacts/evaluation/judges/fc8255831345fda48717665e9531894985c34a6525cf5ec9885e4b5bbe728849_9102.request.json
 create mode 100644 experiments/unified_contextual_memory/artifacts/evaluation/judges/fc8255831345fda48717665e9531894985c34a6525cf5ec9885e4b5bbe728849_9200.json
 create mode 100644 experiments/unified_contextual_memory/artifacts/evaluation/judges/fc8255831345fda48717665e9531894985c34a6525cf5ec9885e4b5bbe728849_9200.request.json
 create mode 100644 experiments/unified_contextual_memory/artifacts/evaluation/judges/fd1580c58cedea67f1ede63df2238aaa5f0ed8a0a7cb645f712c150d2788a81b_9100.json
 create mode 100644 experiments/unified_contextual_memory/artifacts/evaluation/judges/fd1580c58cedea67f1ede63df2238aaa5f0ed8a0a7cb645f712c150d2788a81b_9100.request.json
 create mode 100644 experiments/unified_contextual_memory/artifacts/evaluation/judges/fd1580c58cedea67f1ede63df2238aaa5f0ed8a0a7cb645f712c150d2788a81b_9101.json
 create mode 100644 experiments/unified_contextual_memory/artifacts/evaluation/judges/fd1580c58cedea67f1ede63df2238aaa5f0ed8a0a7cb645f712c150d2788a81b_9101.request.json
 create mode 100644 experiments/unified_contextual_memory/artifacts/evaluation/judges/fd1580c58cedea67f1ede63df2238aaa5f0ed8a0a7cb645f712c150d2788a81b_9102.json
 create mode 100644 experiments/unified_contextual_memory/artifacts/evaluation/judges/fd1580c58cedea67f1ede63df2238aaa5f0ed8a0a7cb645f712c150d2788a81b_9102.request.json
 create mode 100644 experiments/unified_contextual_memory/artifacts/evaluation/judges/fd1580c58cedea67f1ede63df2238aaa5f0ed8a0a7cb645f712c150d2788a81b_9200.json
 create mode 100644 experiments/unified_contextual_memory/artifacts/evaluation/judges/fd1580c58cedea67f1ede63df2238aaa5f0ed8a0a7cb645f712c150d2788a81b_9200.request.json
 create mode 100644 experiments/unified_contextual_memory/artifacts/evaluation/judges/fd31c9bd0917f3c2ec9503ebc0cb6024517056051e8e33427160a9a8a312bb5b_9100.json
 create mode 100644 experiments/unified_contextual_memory/artifacts/evaluation/judges/fd31c9bd0917f3c2ec9503ebc0cb6024517056051e8e33427160a9a8a312bb5b_9100.request.json
 create mode 100644 experiments/unified_contextual_memory/artifacts/evaluation/judges/fd31c9bd0917f3c2ec9503ebc0cb6024517056051e8e33427160a9a8a312bb5b_9101.json
 create mode 100644 experiments/unified_contextual_memory/artifacts/evaluation/judges/fd31c9bd0917f3c2ec9503ebc0cb6024517056051e8e33427160a9a8a312bb5b_9101.request.json
 create mode 100644 experiments/unified_contextual_memory/artifacts/evaluation/judges/fd31c9bd0917f3c2ec9503ebc0cb6024517056051e8e33427160a9a8a312bb5b_9102.json
 create mode 100644 experiments/unified_contextual_memory/artifacts/evaluation/judges/fd31c9bd0917f3c2ec9503ebc0cb6024517056051e8e33427160a9a8a312bb5b_9102.request.json
 create mode 100644 experiments/unified_contextual_memory/artifacts/evaluation/judges/fd31c9bd0917f3c2ec9503ebc0cb6024517056051e8e33427160a9a8a312bb5b_9200.json
 create mode 100644 experiments/unified_contextual_memory/artifacts/evaluation/judges/fd31c9bd0917f3c2ec9503ebc0cb6024517056051e8e33427160a9a8a312bb5b_9200.request.json
 create mode 100644 experiments/unified_contextual_memory/artifacts/evaluation/judges/fd50f833b40de5a42565d477081299b583ccec5b9469dc8c7835ce6223212ed7_9100.json
 create mode 100644 experiments/unified_contextual_memory/artifacts/evaluation/judges/fd50f833b40de5a42565d477081299b583ccec5b9469dc8c7835ce6223212ed7_9100.request.json
 create mode 100644 experiments/unified_contextual_memory/artifacts/evaluation/judges/fd50f833b40de5a42565d477081299b583ccec5b9469dc8c7835ce6223212ed7_9101.json
 create mode 100644 experiments/unified_contextual_memory/artifacts/evaluation/judges/fd50f833b40de5a42565d477081299b583ccec5b9469dc8c7835ce6223212ed7_9101.request.json
 create mode 100644 experiments/unified_contextual_memory/artifacts/evaluation/judges/fd50f833b40de5a42565d477081299b583ccec5b9469dc8c7835ce6223212ed7_9102.json
 create mode 100644 experiments/unified_contextual_memory/artifacts/evaluation/judges/fd50f833b40de5a42565d477081299b583ccec5b9469dc8c7835ce6223212ed7_9102.request.json
 create mode 100644 experiments/unified_contextual_memory/artifacts/evaluation/judges/fd50f833b40de5a42565d477081299b583ccec5b9469dc8c7835ce6223212ed7_9200.json
 create mode 100644 experiments/unified_contextual_memory/artifacts/evaluation/judges/fd50f833b40de5a42565d477081299b583ccec5b9469dc8c7835ce6223212ed7_9200.request.json
 create mode 100644 experiments/unified_contextual_memory/artifacts/evaluation/judges/fd6d97e7e0becaa4cf7c9869fe300de5347d1c2be29ae99bcc0e4db9f33f0b83_9100.json
 create mode 100644 experiments/unified_contextual_memory/artifacts/evaluation/judges/fd6d97e7e0becaa4cf7c9869fe300de5347d1c2be29ae99bcc0e4db9f33f0b83_9100.request.json
 create mode 100644 experiments/unified_contextual_memory/artifacts/evaluation/judges/fd6d97e7e0becaa4cf7c9869fe300de5347d1c2be29ae99bcc0e4db9f33f0b83_9101.json
 create mode 100644 experiments/unified_contextual_memory/artifacts/evaluation/judges/fd6d97e7e0becaa4cf7c9869fe300de5347d1c2be29ae99bcc0e4db9f33f0b83_9101.request.json
 create mode 100644 experiments/unified_contextual_memory/artifacts/evaluation/judges/fd6d97e7e0becaa4cf7c9869fe300de5347d1c2be29ae99bcc0e4db9f33f0b83_9102.json
 create mode 100644 experiments/unified_contextual_memory/artifacts/evaluation/judges/fd6d97e7e0becaa4cf7c9869fe300de5347d1c2be29ae99bcc0e4db9f33f0b83_9102.request.json
 create mode 100644 experiments/unified_contextual_memory/artifacts/evaluation/judges/fd6d97e7e0becaa4cf7c9869fe300de5347d1c2be29ae99bcc0e4db9f33f0b83_9200.json
 create mode 100644 experiments/unified_contextual_memory/artifacts/evaluation/judges/fd6d97e7e0becaa4cf7c9869fe300de5347d1c2be29ae99bcc0e4db9f33f0b83_9200.request.json
 create mode 100644 experiments/unified_contextual_memory/artifacts/evaluation/judges/fd842621f37e7c8bc07c466b0c961131210a8227ad24d4aaff2182fdd4c96efe_9100.json
 create mode 100644 experiments/unified_contextual_memory/artifacts/evaluation/judges/fd842621f37e7c8bc07c466b0c961131210a8227ad24d4aaff2182fdd4c96efe_9100.request.json
 create mode 100644 experiments/unified_contextual_memory/artifacts/evaluation/judges/fd842621f37e7c8bc07c466b0c961131210a8227ad24d4aaff2182fdd4c96efe_9101.json
 create mode 100644 experiments/unified_contextual_memory/artifacts/evaluation/judges/fd842621f37e7c8bc07c466b0c961131210a8227ad24d4aaff2182fdd4c96efe_9101.request.json
 create mode 100644 experiments/unified_contextual_memory/artifacts/evaluation/judges/fd842621f37e7c8bc07c466b0c961131210a8227ad24d4aaff2182fdd4c96efe_9102.json
 create mode 100644 experiments/unified_contextual_memory/artifacts/evaluation/judges/fd842621f37e7c8bc07c466b0c961131210a8227ad24d4aaff2182fdd4c96efe_9102.request.json
 create mode 100644 experiments/unified_contextual_memory/artifacts/evaluation/judges/fd842621f37e7c8bc07c466b0c961131210a8227ad24d4aaff2182fdd4c96efe_9200.json
 create mode 100644 experiments/unified_contextual_memory/artifacts/evaluation/judges/fd842621f37e7c8bc07c466b0c961131210a8227ad24d4aaff2182fdd4c96efe_9200.request.json
 create mode 100644 experiments/unified_contextual_memory/artifacts/evaluation/judges/fdc5416ca5a3eaeb0eef456fee676f33121c9661203457d457555071e00082e7_9100.json
 create mode 100644 experiments/unified_contextual_memory/artifacts/evaluation/judges/fdc5416ca5a3eaeb0eef456fee676f33121c9661203457d457555071e00082e7_9100.request.json
 create mode 100644 experiments/unified_contextual_memory/artifacts/evaluation/judges/fdc5416ca5a3eaeb0eef456fee676f33121c9661203457d457555071e00082e7_9101.json
 create mode 100644 experiments/unified_contextual_memory/artifacts/evaluation/judges/fdc5416ca5a3eaeb0eef456fee676f33121c9661203457d457555071e00082e7_9101.request.json
 create mode 100644 experiments/unified_contextual_memory/artifacts/evaluation/judges/fdc5416ca5a3eaeb0eef456fee676f33121c9661203457d457555071e00082e7_9102.json
 create mode 100644 experiments/unified_contextual_memory/artifacts/evaluation/judges/fdc5416ca5a3eaeb0eef456fee676f33121c9661203457d457555071e00082e7_9102.request.json
 create mode 100644 experiments/unified_contextual_memory/artifacts/evaluation/judges/fdc5416ca5a3eaeb0eef456fee676f33121c9661203457d457555071e00082e7_9200.json
 create mode 100644 experiments/unified_contextual_memory/artifacts/evaluation/judges/fdc5416ca5a3eaeb0eef456fee676f33121c9661203457d457555071e00082e7_9200.request.json
 create mode 100644 experiments/unified_contextual_memory/artifacts/evaluation/judges/fe330874bc3d46c736e0d967d20e1d837cbcad43ab9dfe99184de5b1b020acb4_9100.json
 create mode 100644 experiments/unified_contextual_memory/artifacts/evaluation/judges/fe330874bc3d46c736e0d967d20e1d837cbcad43ab9dfe99184de5b1b020acb4_9100.request.json
 create mode 100644 experiments/unified_contextual_memory/artifacts/evaluation/judges/fe330874bc3d46c736e0d967d20e1d837cbcad43ab9dfe99184de5b1b020acb4_9101.json
 create mode 100644 experiments/unified_contextual_memory/artifacts/evaluation/judges/fe330874bc3d46c736e0d967d20e1d837cbcad43ab9dfe99184de5b1b020acb4_9101.request.json
 create mode 100644 experiments/unified_contextual_memory/artifacts/evaluation/judges/fe330874bc3d46c736e0d967d20e1d837cbcad43ab9dfe99184de5b1b020acb4_9102.json
 create mode 100644 experiments/unified_contextual_memory/artifacts/evaluation/judges/fe330874bc3d46c736e0d967d20e1d837cbcad43ab9dfe99184de5b1b020acb4_9102.request.json
 create mode 100644 experiments/unified_contextual_memory/artifacts/evaluation/judges/fe330874bc3d46c736e0d967d20e1d837cbcad43ab9dfe99184de5b1b020acb4_9200.json
 create mode 100644 experiments/unified_contextual_memory/artifacts/evaluation/judges/fe330874bc3d46c736e0d967d20e1d837cbcad43ab9dfe99184de5b1b020acb4_9200.request.json
 create mode 100644 experiments/unified_contextual_memory/artifacts/evaluation/judges/ff726910334b0d310985a50fd93df2189672b1456570c8ecacd366f5888d8fb8_9100.json
 create mode 100644 experiments/unified_contextual_memory/artifacts/evaluation/judges/ff726910334b0d310985a50fd93df2189672b1456570c8ecacd366f5888d8fb8_9100.request.json
 create mode 100644 experiments/unified_contextual_memory/artifacts/evaluation/judges/ff726910334b0d310985a50fd93df2189672b1456570c8ecacd366f5888d8fb8_9101.json
 create mode 100644 experiments/unified_contextual_memory/artifacts/evaluation/judges/ff726910334b0d310985a50fd93df2189672b1456570c8ecacd366f5888d8fb8_9101.request.json
 create mode 100644 experiments/unified_contextual_memory/artifacts/evaluation/judges/ff726910334b0d310985a50fd93df2189672b1456570c8ecacd366f5888d8fb8_9102.json
 create mode 100644 experiments/unified_contextual_memory/artifacts/evaluation/judges/ff726910334b0d310985a50fd93df2189672b1456570c8ecacd366f5888d8fb8_9102.request.json
 create mode 100644 experiments/unified_contextual_memory/artifacts/evaluation/judges/ff726910334b0d310985a50fd93df2189672b1456570c8ecacd366f5888d8fb8_9200.json
 create mode 100644 experiments/unified_contextual_memory/artifacts/evaluation/judges/ff726910334b0d310985a50fd93df2189672b1456570c8ecacd366f5888d8fb8_9200.request.json
 create mode 100644 experiments/unified_contextual_memory/artifacts/evaluation/judges/ffcdc38f8dc95c98ab8b4d35077b35c4b3d47c9bf05f91c23d6cbc4495795771_9100.json
 create mode 100644 experiments/unified_contextual_memory/artifacts/evaluation/judges/ffcdc38f8dc95c98ab8b4d35077b35c4b3d47c9bf05f91c23d6cbc4495795771_9100.request.json
 create mode 100644 experiments/unified_contextual_memory/artifacts/evaluation/judges/ffcdc38f8dc95c98ab8b4d35077b35c4b3d47c9bf05f91c23d6cbc4495795771_9101.json
 create mode 100644 experiments/unified_contextual_memory/artifacts/evaluation/judges/ffcdc38f8dc95c98ab8b4d35077b35c4b3d47c9bf05f91c23d6cbc4495795771_9101.request.json
 create mode 100644 experiments/unified_contextual_memory/artifacts/evaluation/judges/ffcdc38f8dc95c98ab8b4d35077b35c4b3d47c9bf05f91c23d6cbc4495795771_9102.json
 create mode 100644 experiments/unified_contextual_memory/artifacts/evaluation/judges/ffcdc38f8dc95c98ab8b4d35077b35c4b3d47c9bf05f91c23d6cbc4495795771_9102.request.json
 create mode 100644 experiments/unified_contextual_memory/artifacts/evaluation/judges/ffcdc38f8dc95c98ab8b4d35077b35c4b3d47c9bf05f91c23d6cbc4495795771_9200.json
 create mode 100644 experiments/unified_contextual_memory/artifacts/evaluation/judges/ffcdc38f8dc95c98ab8b4d35077b35c4b3d47c9bf05f91c23d6cbc4495795771_9200.request.json
[study/unified-contextual-memory a0fc0940] Seal unified-memory blind scores before paired outcomes
 1 file changed, 17138 insertions(+)
 create mode 100644 experiments/unified_contextual_memory/artifacts/evaluation/votes.json
[study/unified-contextual-memory c3d55da1] Seal exploratory paired-subset outcomes before retrieval diagnostics
 1 file changed, 4739 insertions(+)
 create mode 100644 experiments/unified_contextual_memory/artifacts/subset/results.json
[study/unified-contextual-memory ab97fb70] Record exploratory subset report and evidence diagnostics
 3 files changed, 21 insertions(+)
 create mode 100644 experiments/unified_contextual_memory/REPORT.md
 create mode 100644 experiments/unified_contextual_memory/artifacts/subset/availability_cross_tabs.json
 create mode 100644 experiments/unified_contextual_memory/artifacts/subset/diagnostics.jsonl.gz
{"status": "EXPLORATORY_USER_STOPPED_SUBSET", "primary": {"n": 566, "C0": 384, "C1": 399, "difference": 0.026501766784452298, "ci95": [0.0053285968028419185, 0.045307443365695796], "gains": 27, "losses": 12}, "majority_sensitivity": {"n": 566, "C0": 383, "C1": 399, "difference": 0.028268551236749116, "ci95": [0.005746851717544669, 0.04819277108433735], "gains": 27, "losses": 11}, "strata": {"1": {"n": 88, "C0": 41, "C1": 39, "difference": -0.022727272727272728, "ci95": [-0.12244897959183673, 0.06097560975609756], "gains": 6, "losses": 8}, "2": {"n": 123, "C0": 60, "C1": 69, "difference": 0.07317073170731707, "ci95": [0.043478260869565216, 0.10526315789473684], "gains": 11, "losses": 2}, "3": {"n": 29, "C0": 6, "C1": 6, "difference": 0.0, "ci95": [0.0, 0.0], "gains": 0, "losses": 0}, "4": {"n": 326, "C0": 277, "C1": 285, "difference": 0.024539877300613498, "ci95": [0.014326647564469915, 0.034220532319391636], "gains": 10, "losses": 2}}, "conversations": {"conv-26": {"n": 52, "C0": 32, "C1": 32, "difference": 0.0, "ci95": [0.0, 0.0], "gains": 3, "losses": 3}, "conv-30": {"n": 27, "C0": 18, "C1": 20, "difference": 0.07407407407407407, "ci95": [0.07407407407407407, 0.07407407407407407], "gains": 2, "losses": 0}, "conv-41": {"n": 64, "C0": 44, "C1": 47, "difference": 0.046875, "ci95": [0.046875, 0.046875], "gains": 5, "losses": 2}, "conv-42": {"n": 75, "C0": 48, "C1": 49, "difference": 0.013333333333333334, "ci95": [0.013333333333333334, 0.013333333333333334], "gains": 2, "losses": 1}, "conv-43": {"n": 62, "C0": 40, "C1": 38, "difference": -0.03225806451612903, "ci95": [-0.03225806451612903, -0.03225806451612903], "gains": 1, "losses": 3}, "conv-44": {"n": 40, "C0": 27, "C1": 27, "difference": 0.0, "ci95": [0.0, 0.0], "gains": 0, "losses": 0}, "conv-47": {"n": 57, "C0": 40, "C1": 43, "difference": 0.05263157894736842, "ci95": [0.05263157894736842, 0.05263157894736842], "gains": 3, "losses": 0}, "conv-48": {"n": 85, "C0": 64, "C1": 69, "difference": 0.058823529411764705, "ci95": [0.058823529411764705, 0.058823529411764705], "gains": 6, "losses": 1}, "conv-49": {"n": 59, "C0": 42, "C1": 45, "difference": 0.05084745762711865, "ci95": [0.05084745762711865, 0.05084745762711865], "gains": 3, "losses": 0}, "conv-50": {"n": 45, "C0": 29, "C1": 29, "difference": 0.0, "ci95": [0.0, 0.0], "gains": 2, "losses": 2}}, "adversarial": {"C0": {"n": 175, "exact_abstentions": 149}, "C1": {"n": 175, "exact_abstentions": 155}}}
