question_id,question_content_sha256,sample_id,source_index,population,eligible,evidence_candidates,control_16000_complete,control_16000_any,control_16000_evidence_delivered,control_16000_delivered,control_16000_chars,control_16000_payload_sha256,control_16000_spread_evidence,control_16000_relevance_evidence,a3_16000_complete,a3_16000_any,a3_16000_evidence_delivered,a3_16000_delivered,a3_16000_chars,a3_16000_payload_sha256,a3_16000_spread_evidence,a3_16000_relevance_evidence,facility_16000_complete,facility_16000_any,facility_16000_evidence_delivered,facility_16000_delivered,facility_16000_chars,facility_16000_payload_sha256,facility_16000_spread_evidence,facility_16000_relevance_evidence,control_32000_complete,control_32000_any,control_32000_evidence_delivered,control_32000_delivered,control_32000_chars,control_32000_payload_sha256,control_32000_spread_evidence,control_32000_relevance_evidence,a3_32000_complete,a3_32000_any,a3_32000_evidence_delivered,a3_32000_delivered,a3_32000_chars,a3_32000_payload_sha256,a3_32000_spread_evidence,a3_32000_relevance_evidence,facility_32000_complete,facility_32000_any,facility_32000_evidence_delivered,facility_32000_delivered,facility_32000_chars,facility_32000_payload_sha256,facility_32000_spread_evidence,facility_32000_relevance_evidence
23243cf4b49ea3a803d3fc07a7e6624ee947b95f1d92963aeb572f26b8d56a24,65ac552fe5146c39aaa65c250ddab0516010b63c585a14153c85302f57d8dc9b,conv-41,0,targeted,True,1,False,False,0,46,15982,c309d09efdbca8514ecff825398946a8611d5e2139b841d0b91a184e0fb52b76,0,0,False,False,0,47,15942,8b9260c1844a4b063ed2b16681e0d59927c714976b3d9cdc3fac613a48a83aa3,0,0,False,False,0,44,15969,7178fe711d69bd9dfef67027fca9bd82fb1675050395e21a14892a9b2e4993ab,0,0,False,False,0,97,31898,87e4f9a15ea13d5b5790b034f372c4f76b186d4912cc78933c81bf9ad2f3d385,0,0,False,False,0,96,31857,c4c4ae5455c652fe2625e8be8fe8df22ab9db110a2d8cb417063d57f1f728bb0,0,0,False,False,0,92,31957,fcebf1dea27e4256570f7b738aee1e21d4f30da73cd68686382284989c64fb72,0,0
f31c0587f2693f0e2d562ab870497874e312f17b7f7dc307450d1ccb83dcdf99,9bfeb507fdcb02c41f4e684845b8ee97b9eb159a84cf7dfa2c16f4f935e939fc,conv-41,1,targeted,True,1,True,True,1,45,15958,75196fb7663d95d8b7ed34d35ba0b38f843539736a43b1297792846a2a17ea57,0,1,True,True,1,46,15976,ed8ca58520e59e027847550353ab142808c352e9d6538d08b85572034f679e85,0,1,True,True,1,46,15891,77975f12737fce8cb1bde14ffc4e256121e3e006a039fabc51f04ee588501d2a,0,1,True,True,1,95,31949,c6c660f919ac84b93c6f6d5cd0b9d09c5dff0cf53505f3f19c51d853faef9b9f,0,1,True,True,1,94,31898,2bbb10e63af678bcd31104298fda7f5a5c20cc0821d26c72d028a16f1f5a3ba6,0,1,True,True,1,90,31953,4e56d87922b29f384525f366e64b7244738df7d1ef5939c5c615f07b4e1b38df,0,1
eeebe764dda0f487d425e37b9278be32bad636e5092e2dd95d6ac7eb79182148,f26a4a49f036b0038b1bf1592cb3e7ded29c57e234bff734000460357610d250,conv-41,2,other,True,2,True,True,2,49,15937,bde648c478aa6068e2271ee58b99e821cb6cf8605a1d7f481277fe1ad10f93eb,0,2,True,True,2,49,15912,3076ec64b374ac0a9d99b643c5f1004816a8d48a1661f5bb7b904393f87ee3f9,0,2,True,True,2,48,15997,fad827db739a27c0bbdeaefee79b1f4d2c0db1a5dbe874184c90e508f4e335d1,0,2,True,True,2,102,31996,8c623eb015f39d17af490c6d98d6cf947bdab4096b5b78220bee05d901f71402,0,2,True,True,2,102,31944,f1448e84d4472da14ab05e5c67e125e358f28396c2b47f53776427c7e3a1e31e,0,2,True,True,2,96,31989,35c9f2aee9b7e4bc885a8d567b994b114bfebdae5a13269aab6549d51ffdd159,0,2
52c4d728757d38547e4c43204f60f18344681583546c64e3c693d7ac8a8ee364,e528bd942852f555b7496e96b08314df2a1ba1e92cfd130f185140d093043899,conv-41,3,other,True,2,True,True,2,44,15933,c602f620aee7e89a75490e98a8f76fd507bb9011488a467e87dd7be6c240cbcb,0,2,True,True,2,44,15994,457a6fa2bbc8378d5e22c59f56c1254e6f03a65ad24b8befe756f8cc292aee12,1,1,False,True,1,45,15997,7b4e85a8b384cb62d72b6ad302f26e9cef8cc2c2d572523553e9dc423e25c537,0,1,True,True,2,95,31991,f5186a86265a5f0ef55bb33f0f77917eb95ecc8c69c3d4d91f7bd366ed573f1a,0,2,True,True,2,94,31954,6ec5f2226232bea4052a4d54293ea627ffe811ec48138808e651ec1988a317f4,0,2,True,True,2,90,31978,7a40a4924aa93be80ff0f3ba3a13fd89c6fe359c57a40687469a3606d001460b,0,2
9299ec8afd77f28707bfb07807cc43aba11607c80b7e853b2a6a01c4ce6a5033,8c87ac019eb499d4a2249fb7e87b7ef7273c8eb25b6392e523dab4f31da58e55,conv-41,4,targeted,True,1,True,True,1,49,15940,103c5b50edb2fe49312f13ccd432d9a22dcdfadfdbb5b61ada07965216a784c7,0,1,True,True,1,49,15990,8c4ac3967e92d91f781c8d38f2bd30b9036e3fee5914f18766ac2509d1fc7aa9,0,1,True,True,1,48,15951,7e0eef75e61b6b029ec4f7456a6fbfea3254d4e52edb68d93b68d04c5a4918df,0,1,True,True,1,93,31934,ed486b56ca758a9a2cebef15c2a51a77da43f495942bdc48822c1c65d0ceb234,0,1,True,True,1,93,31999,c6d6b244d2b9cb317ed5c1e2c581b809b74d450e3841559229a2484405c35fd7,0,1,True,True,1,96,31981,c039ebff28a5bf907448e48fd950bea04aec854bb19f1f8499c99a35265f32ed,0,1
a197569c02da505ab7c25a84a7ef9f9e946f7b02e948a3c39da3efd8864b9268,f76f3b2963897893929a2a1d9ade2430e9ef0b9007be33bbadd2ea59767e5dba,conv-41,5,targeted,True,1,False,False,0,46,15974,b19affe045f98a86ec235f498f642ab435c90b108d10f506e34bf2bf603d74fa,0,0,False,False,0,46,15942,3b7a4206da281c10938ca55a9c263e7e563541ade1cb32b8e24ffe9d22d0170c,0,0,False,False,0,47,15948,5f4d17b6f6edcbd342bf991836b93a8982a783d80b08909377e152f507567856,0,0,True,True,1,98,31869,0a5ad52be4dc3fb9f0ad625fa0a2ad3099549330b591741dabbe6dd1f461ad16,0,1,True,True,1,98,31862,3419b53ab84364092422b3f16b14a6c81149c0d40a39180c48579f27711d0ac5,1,0,False,False,0,90,31888,18f0b236a27bdb517cd6824aa6f9496154408d14cc9291f68de4160064436f85,0,0
e70a6970ac07f05e5b8ae21c0809feef29584b93f8c2f1d7e513db26b7876192,2095837b21de36d61d053619ecf9db839be122449ac1064734d644bfe4ec3073,conv-41,6,breadth,True,4,False,True,3,49,15900,667679dafddee5bd85787d36750866b3d7e13260807874e23cb9293ac3c0de37,0,3,False,True,3,49,15964,38533d12add96b5d74c20538c5d537f2fda6ba4cb0f193bead87dd8a8d1bc1cb,1,2,False,True,2,49,15935,04455478319b583fcc694c15f6d399ff29d1d90e8fafd54e6d4bb2bdee71245d,0,2,True,True,4,99,31919,0787176abca3c4f764e60a7627afd0cf896a3023b8f67347c67e1dd5226c81e2,0,4,True,True,4,100,31975,866046617cc0ef4a1b9a15ffcd9e074ecafea54125e86f1fda3a352e2e4050c0,1,3,False,True,3,95,31994,60ab4ec9a5753e785aec4f9b07a7ee65420ffc4440fe9bd5d90ac55a2b2fe067,0,3
4aa05cb61c03fe9aedc8b3950f684632dc936dfe6db270ba6f148ae6162f1ff6,3e2817ee1f0616b02b1684d5c4bfb8b31990aa5604ece9cd4568827df0a0cdd9,conv-41,7,other,True,2,True,True,2,56,15978,6595fab361e7985e4028fb0c1b2ea9d0aa04f9e422e79113da9d3ab2f4360024,0,2,True,True,2,54,15892,415ff50e2699e1c56d4b884976174dae8bb2300fe9b3d4f7a59297081655ee9e,1,1,False,True,1,50,15947,c2fbf3f209302dcf9d763adcee1d4bfae7412921dd03047343f4472a1fe3adcb,0,1,True,True,2,108,31898,ce932eaae014a9372e694fcfc8e8eecb355d1ba1b8baaf9312a0c4d86907c569,0,2,True,True,2,108,31945,14f1c43346833530548df0c67bdb414ff28396939aca03d6977b780b43ef1d4d,0,2,True,True,2,101,31946,0737f7fbbcc026d1f22a5e23b84fbace535b91e89bc46fe6cf2cda19b8fedacd,0,2
cea31601e0e904fea2d3fa5829c0f88abe279ec181e51f482b2e8e0848390c6e,e3e660dc224f7a8c67928a697d7efdbda941a7fd194ff57d73b9f368cb21d7ec,conv-41,8,targeted,True,1,False,False,0,52,15967,e0d84b7edc30512818aa1ca66265a5a01c827fb5d484c3d6287d9fc411808165,0,0,False,False,0,51,15990,e1a8815fcb6506ee1f7df366ac0c7e3ca3d881123b28c33ef2139f69db7de4da,0,0,False,False,0,50,15904,6d0146ffb90205553c14ccafa1a4caf512126d09edcf22e0d11bd7f68bc0cfa6,0,0,False,False,0,101,31973,6e9bfe63377211f2d02cf1e01f3766a6f8d24de3cbc31b211c6e032ecb32f9c6,0,0,False,False,0,101,31903,e5286514a72fc11b0009a05e799624112011d8690459fe8507166bb59d627dad,0,0,False,False,0,97,31903,5460de028ae8621360816b93a00d1bc0fb48445b8f1a94791dfb9cc787aca079,0,0
78c1ba68cb06b77eb633e73790e7c55c1ccee103124b8149cd1a453d3fe2418f,6c81924222f1af9208fafb0b91b7ccc3288849a49055a10385a9fb141ca21046,conv-41,9,other,True,2,True,True,2,43,15940,5a42a2d2d51e6511c796679f3e579826c7c0592ca6f1ba14b39704f293e7c677,0,2,True,True,2,43,15980,ccd0d39aea64e7f385cf0fde9509bf9aec041d03f9b5986438a0ed2b67683bc6,0,2,True,True,2,44,15898,0bc23df8d436b42d16127361f7a039496ca6fb6122ef13cf1f3278a5003f7529,0,2,True,True,2,91,31926,b39376a2ffbc7d2d8e2bd0d96700e61c965a9020ed4d1d7ac923c13ceec48416,0,2,True,True,2,91,31973,96f0c3b3cb65de378049dc51a16114de604609d90de710a8d7b15feeb646779c,0,2,True,True,2,90,31955,16a6fd538fed936b37e000da7bc06f6b16d0644d7c5b7bb389dd0785b034865b,0,2
ada2a7fd1f38dfadd6d076b8948d8f798e4598ce2cbe02221a32b37af3cd7e79,284c8c4540d23617cf5900a9f54de3d0cb8133d70689e857907b82474161665d,conv-41,10,targeted,True,1,True,True,1,54,15927,ba6c33fbd52a03b025506ec96f1d14a01dbf18eb13f20fd52d2dc3c638facd04,0,1,True,True,1,53,15992,f854640e71e84a1e778ecd93f36f8cec935caf4f842e524781febdb0a608fb62,1,0,False,False,0,51,15903,ba780687744b39f2e21d01b27e2da35055a5d97b2156b33679ca26957abb56dc,0,0,True,True,1,104,31995,70e6139f5c38b0e0fed565fbed08ddb2349f3e922ae34bf1d7df28ba9f1242b5,0,1,True,True,1,104,31981,d31dec9b927cadc4e5cdd06beb17c74f2189e8b7418c459a2a661c8e49cd343c,0,1,True,True,1,98,31912,41b4272a89dc1d5936c37a727ca6a3a06b5fa2fe743b082cd7b913ab1805cc1b,0,1
d28bb65d4e094f52445fc730231dc68f37035b4fc9b9e3385f6efa7275744efc,d9be26d55a8745b0e09e746160df6f0ac72e566f35b51ae084efcad98a1f9bb9,conv-41,11,breadth,True,4,False,True,1,44,15998,4e329e08d82e64559843b5d25afa1556cbdea3f4c4fc9807da7dd95136a6c4ef,0,1,False,True,1,43,15927,34496f80ff4bb77e15a1da59221c00ba6bfeb943d912a3ccd4892ed78d638e9b,1,0,False,False,0,45,15991,d39dea89f25709455b6245f220c644d52a886360007a8c0076f4ca1bea785664,0,0,False,True,1,89,31953,bf226a1ec77b0331000d0ba939be22fa25c4722cef4c5ebf819b39faf7aefdd9,0,1,False,True,1,89,31940,f2c610600d5cfc0a5041d2b5d33f084e8bc5e8bac2944ad786f239faa1e01894,0,1,False,True,3,90,31998,3a69b7a31e43f6148c52281147f96914ad21cede23b31ae0eb19f7fbd29da23a,2,1
75f30b93fb3bbac1e1de7fb1b06546578b4f93f47ac8e9486ab016fcfa7951c5,4dc137890ee53a521601eb2597547fe376250361ab08d586affba8cf611c883a,conv-41,12,other,True,2,False,True,1,50,15982,54892d48394c8b698fd12ddd4c9c5b900855c96a5a80e26408edb4277f6418d2,0,1,True,True,2,50,15924,e5ecab7de31fc2eb84656bff86b2253287fed60e7866ee08acd4e04c055fed8b,1,1,False,True,1,50,15999,5a2bf8edf3b1c27c8cc712d56dca5c14eca887a75866cbe444dede58d4d9db1d,0,1,False,True,1,104,31908,a7c22d1a534ff623b88210213ef71ba7f18014d610f54d7b3066f413eabc901c,0,1,True,True,2,103,31912,2af8fe6a7bd3422b9b024468829f503d509c1527a35723c630b4ebba384136d2,1,1,False,True,1,95,31980,e1fcfcbad5632cffd77e2ffeba4fd6ed4a0016acd4b3825aa877ad2f11183a3c,0,1
714abed9c5552df1a31661a57382863fa09c65b44e7a6aa98821bd86dcedf176,5eeece77b73b3b99a49febc2a11622649b40ca3d4e524d98cec55b7c89b43b20,conv-41,13,targeted,True,1,True,True,1,49,15969,55b4e0e5fcad6dc3bc3c28be37561c46fb27a5495923a3e0fcf263d9127a8a6a,0,1,True,True,1,49,15997,ab985f107f0f6438ff105735816c77dd970419053136c2143ea12cb3400f0433,0,1,True,True,1,48,15997,d5c7e414d779c5721927c63062cc0cf43e127f6580d2f137407a078073048cd2,0,1,True,True,1,95,31954,817ddc217530b4d422f2991dd26fefbbfa4f6f4ffdc935a4362ae69b78c36e0f,0,1,True,True,1,96,31972,faa09eb7d99cb1ddc9f73297eceb3a8631e36003789d6790fc3ae6724f3a7e8e,0,1,True,True,1,94,31991,63dc28f3116943f45ed0aa1eac192a8e0c261069a8e4c159b854f0fd491d7130,0,1
6ddead46f2e3f732161f7599e1e00e98b45f1fd9c5cf00b6dfc48303ced391d1,a0227316f00906c1a2e0326f6541352b76a30222dda4aff21c7d8d9dc46ebdc2,conv-41,14,other,True,2,False,True,1,48,15953,bd5fbfb925ee60f13764fb91cb5e6e28092558af045bd164e0dfc771d581bbc0,0,1,False,True,1,48,15985,6095998df7b8af6b804047516f886c6a94bf175d8cca055551660d39d2ac6136,0,1,False,True,1,48,15998,a7eb45ee66d4ae9384b3bd2e4fb7a0cc452dc9892589b98db079e9d15f616cdb,0,1,False,True,1,96,31917,47e31ac2b6154a86d914cd803e4d5fc97ba4a2f00a3c1e79d532d1b92a2ceaa3,0,1,True,True,2,96,31999,15086ad80b89b6d7bf4293142e77ac7f9cfc54455f41d8dc3a7befa74607acf0,1,1,False,True,1,95,31954,6cce90a69133b89436aefb1f2b6fbac1b980ea31be812de0a64a62c8cb411954,0,1
0f04797f3f9a63e1500e2cd1de89cc856bcdd79ae6810f1d3ede536dc11e9105,3495b422666f27db3e60ca2146328b73c5b8251c61f1a8eed4b35269148d0f76,conv-41,15,other,True,2,True,True,2,48,15902,8b04acaa12649e0ced7db9820557404e2b674a08e90c771ec46a4276573573f6,0,2,True,True,2,49,15924,b6831430731e2daddd847c3007fdc6db5305dd67bbf9b69d90933a4b8b97014e,0,2,True,True,2,49,15941,386b784fb450e77363cdedbe8a12b889fcab09f60273d01decb6b4422ca4ace5,0,2,True,True,2,100,31979,b73a87f9335dc26744f6770aec08e345a479c316babba291c1917140095dfe43,0,2,True,True,2,100,31987,e47e26e5e6f0975796a06c32e050e4f9eabe82fc8128da3664ab0cddf503e424,0,2,True,True,2,95,31943,3645e5535d7f16d564b72ccc2853d6913aa852321608321f8bacacf68965cdf7,0,2
97606a4096fa4ad9c5b3c8ef0aa86a4601e7cbc88b83892857a996c7d2ce8e36,bf69e805b3d0b2190ed6eb136aaa8505df608859cb148fc1b496d3c90c945036,conv-41,16,targeted,True,1,True,True,1,51,15994,424e3c28116dd38968f9a2edfd8f9c67a4009b5e087281fa0efda894f9691526,0,1,True,True,1,48,15983,3a38d5d71190a978b3c5d9bcac4daf705650e5460f6a6fb766cf6d1c25ab7392,0,1,True,True,1,50,15980,21257951e724aac8973d81ca95f2579b937869e4ddae2938066d0b03a20c9a1d,0,1,True,True,1,98,31982,8cd0619f4a99b6a03c82d00ec124ea4a02aee871a87e77c7a9eae1b2400bc684,0,1,True,True,1,97,31936,69042f4fe9a78547c532f3f53bc62b37fbaea24c41063603f1688367a0fdb7cb,0,1,True,True,1,97,31915,e55ebe326dd8e8b63d275c9c4dd405ac0e3a8bc4569ebc7f59b923b732467b4d,0,1
6c7d20b33db076d64a3b02c3a3374170f6adb0b03975d00a3941b2d314bf9b4b,b3e638fe9a9dd1839f4c22c735e5b96d1db3d46cb766dc98a21899eaf8728ea4,conv-41,17,targeted,True,1,True,True,1,48,15955,b11a73a644334332917e28695d0080b1ebdfb0dcc0c0d1f1ad48ce8058e4c39b,0,1,True,True,1,50,15983,e9fa55e092234511abe17fb34edd438c212716974892b1cbd9d1ec2bbb2ab572,0,1,True,True,1,48,15918,420633cbd374e426c4174ef1ba719b40db1f8fa164938665ef2c7c3ae968916a,0,1,True,True,1,100,31947,94a502d6465e8e7ef2c90f781efd371e1889a1de3705059a90e855d009f8a093,0,1,True,True,1,98,31896,614e13ea2101e96621884fea12f480abd4be2ad116d69602afdabd7689b31ade,0,1,True,True,1,94,31902,ac6087965f1c37a3a7dd617585d4155bd47a20518fa77a0b67f85e2946ecdeb1,0,1
8996322a617d673c38966e19f5709b82732f2323224d4abeebc1d969359de3af,049c586c101e4a6593e630216eb2a92e9bcf25dd574a8d8ea1b1cdd756ca21a7,conv-41,18,other,True,2,True,True,2,49,15946,cd2e48c7c81f3bfc6e6d4be15ca59ba5a66380393741cfef14dc1e3e9b64b8db,0,2,True,True,2,49,15990,e3b82f73cca766bb8798339e340b73ec57c6a56b10b5b9b4573e44f85b00f5ca,0,2,True,True,2,47,16000,112dfddad53e673871527997bf7b6cf9fca2241f3f461544011912c1d3b6d9bf,0,2,True,True,2,95,31983,deb3ebd5b211cbfdfb8a37196a3b716255cdeff63ff7955eddce74620ad60370,0,2,True,True,2,97,31977,c8da17b345be1da23eaf1c06f82038790fef78e6be742bea442015f1912e2e0d,0,2,True,True,2,96,31997,f372a325b08df9a8d038bda200b9da47a46a0483334e32581eccc3ce9164fd30,0,2
bb66fff02fa85e5036144b7f929aa823f7ba9a8e8d116829306710ee1870496a,a325fe9c0f1d6e23c2c37dc4dcbc40243041ba53ea3bba057b89e665f74f308c,conv-41,19,other,True,2,True,True,2,53,15966,8321a25d979ca1e525acd0feee12a013ff8ba3f9feee0a15584418c82d66d0df,0,2,True,True,2,52,16000,1768b94e05894bc691d3bc76b35f420e13c56b99fa7145c4f72db64c3efc9d8f,0,2,True,True,2,49,15998,dcba54b1c9b25556ac9cc205df8dd7366d40563f2460e4f499569cda322c0698,0,2,True,True,2,105,32000,23616eca23580bf5daf44e66bd253ebf4d89722938382ac381d266a644886549,0,2,True,True,2,105,31981,19d5115f27ca2053de38dac4d09a5664b67e4e1c29009c3c000c6f9459836ca7,0,2,True,True,2,96,31897,81fe2fa14ef02e3c6c19e40628060c1170bc3384df605b67b80f54b032a28b34,0,2
9bec05e11003c1d8b835d64804d0520b5bba6d7d6f7f7643dc3d31a70844b7fb,e59f21aeb0233f80a3b11fadb236c3ca51b2c51f36c19b6c8f5fb773e7caaae5,conv-41,20,other,True,2,True,True,2,46,15931,1043de86b5f81b68bf0082438d9f53de913c187c5bd4fa8e19cff99d6b9e46a2,0,2,True,True,2,45,15968,2bcb86f7a82dc5573db5b2ddaad370c72e783482beda0e60d7a5363a6cc233d4,0,2,True,True,2,47,15990,66e73e793e616e7a2d0b127fcce5108a79473c8aa623640508e6ab7d263ece28,0,2,True,True,2,93,31984,95b2ec52feee2cff79639c7ca191377ace349613ad7442bb4d743aa4bc710d02,0,2,True,True,2,94,31990,8b5efb737b265fdac36f175d5da674cba2e4a840df3ec8f944a5fd3896da0702,0,2,True,True,2,93,31975,1b7db536bcc83b81bf14098033caf5b855c8c9b5370ba482023035091a7b21fa,0,2
8c561bbaa9f46bef0528ee6e48edfd9e83bbc2ee19eb7644e2dda196f2188ef6,4eea2132d22eb92211fdcbdf4c1b7cd4be266d26baab4d8992c55fdd8ff5136a,conv-41,21,other,True,2,True,True,2,50,15945,5db66cd96dcf228d6419f769f6214d0641f9d11684edcc1377d4293b461ba7e8,0,2,True,True,2,50,15922,9a5739dfe3919f6913f40110209d97e5b5e48cc5bfaed3444cfc5d8618b513c3,0,2,True,True,2,49,15973,ffd6453c7b8d88057a7b9f2bbc7733d3276fc3b174527616cb454c213c2f0407,0,2,True,True,2,97,31899,f942d74073c3657ce3d5285f66476816e10ad28d84236e1583038e36313252fa,0,2,True,True,2,98,31967,334bfb8df3bd8364cc22ee6b4afa16f718a4376ef3df22363f5b834a08564a30,0,2,True,True,2,96,31992,10fa2b24fd485bc3565c928ae95355cf950e57470a76627bc6efaf750f8deddc,0,2
ed0317028cb6b2a34fbf1078c280bf61740133cba018028c2cb1ac0a1e4c6c20,b5ca38c3383223111b64dd490423bd189b419cda6685e3a1856844dc56b800d7,conv-41,22,targeted,True,1,True,True,1,44,15964,8f1908bd824ba313650e9784221bd79286e6b57eaf68ed0c939801893d13e362,0,1,True,True,1,44,15990,68d2d037fda8f60996aa46705fff7ce47b60dbcf176772d599096629d0174203,0,1,True,True,1,46,15994,5af6147c66d4b34464930189a6da3b2bdf63007c376dba00f9830c7f666a596c,0,1,True,True,1,93,31995,50da0b55ec53ca9180f45e3cea2073cc17ff7c4f5afa0e151f87ded11790a9d1,0,1,True,True,1,93,31994,6ff772a48390713e6886a500e7b3b19edf4f831d6f373cc98c8c5d3dbf3e30de,0,1,True,True,1,90,31907,4bc370ca3325317bf6f577b54cf1c08535ba25c68f9ba8d1f599c93053e6d262,0,1
ba47fd791ad22031773f7f79bcea62386893b0814976b70d85be47b7fd552c79,17d6b01434f5173497c2c93b666413ffefe2c7c6feca3bd50fc3839fe35fc0e3,conv-41,23,other,True,2,True,True,2,49,15922,6f77786ab95ce74a33994da2a08a0c420a2715ddc3400d49422a5468787878c8,0,2,True,True,2,49,15914,5251a1e0b26fee7490954d4b137950e2678c4d518425827b03705cf6c1f320cf,0,2,True,True,2,48,15929,bf3223283e582e011a4eba5c691dd6fa861c401a4570381f1954481584ffbd5b,0,2,True,True,2,101,31991,3c31847d2af326eb6777c716e2bef152434e060abb1de9dd7b2a0bab39f42974,0,2,True,True,2,101,31996,3a8dc7dbfed2b1b407b953cdb3fdc628124f6f32957616378a1473fd0e6d5412,0,2,True,True,2,94,31981,bdded169fee6a2cd5021dc5e6f8bbccdcc888668708e9b8f79bbb6769e0adeaa,0,2
c3c975d4a2c1c5861466968b73713667362225314ada1d2aeebb693134fb0957,765a36856fc254e3937821c1261dbd8f4c500d43d5de9eb2fe46ff1113215477,conv-41,24,targeted,True,1,True,True,1,47,15945,c5501be24986f6b15e6cfc3a4039c496dc8c727f56e9c1c22f82f288acc837b8,0,1,True,True,1,47,15994,6a9d36e6c1b01a99bd90a601f068ba748f57a9f68b0dc990cff2366b396de0d1,0,1,True,True,1,48,15988,e4983dc935367c3bbf7b426a0d78017a6ece2a49ed4cb66b80c695342b1142a1,0,1,True,True,1,91,31938,ae6fd3e5e3715ee40b5cd5145222b17a3e01ff8580bc82547cbcc5f6e14b23ff,0,1,True,True,1,91,31990,3ead930f3bbedb94988d1e25d95fa2bbfa85b6d306082ed9db1c8b88a0fa1b30,0,1,True,True,1,94,31981,48cb440a971949b1bab0da03e48c26a0085685fcbba2275ab8d19b80e92bde0c,0,1
4ce72206d70eb2010ed5fae4597ec37dbe0621e80aebe7151c724290bf094855,98c64c43a24ade754f876e7657567183ddb78e1f5082508a87d3c3971bdffe5a,conv-41,25,other,True,2,True,True,2,51,15976,8471cb19e8df91ccadb90f3e8a04125521dfc422856dac0bcffcf2191f20adf1,0,2,True,True,2,51,15904,1b8c39d75c7dc7b3bf108b23c4f9f9414be197cc9fdc2e2b659a951d257cb660,1,1,True,True,2,49,15907,9fa76c2d49aa31db25f97a4d6cd725905e78fecaf80461728a8d652810f69f2d,1,1,True,True,2,101,31920,bfda25d79364a63484bb79e490614000ef58fdff7fe86f4c45335f5baa9b13fa,0,2,True,True,2,101,31906,4b11be959f88ef58a915c02d11252a2ec1fd04850abe0a0731275d42981e69a0,0,2,True,True,2,95,31888,cb2f0a51af2b0012150468b4a4f514fbfdb3c6c81374fbaa78da1d61316fd0df,0,2
8f9ae358d6e7e92632040ed791454da76fbc27d176b9b7a7a30813a7622c46dd,a0cb742f95ec2627053b9f0d22110ae1be1f765fa4f1f576eac716fe06a23018,conv-41,26,other,True,2,True,True,2,45,15975,5fc8f7bdb5e94e2f38d33b7ca4f43512449cedb09d7dca8e1d3bcd6e9707dd51,0,2,True,True,2,44,15997,5c88608d92cdd817ec03d4ab89b9398bc0a85d5b2166b8a24b1169ee2f107369,0,2,True,True,2,46,15983,f56ef34db5a02d0d5818c013c16e50285c1da1353e34aec6ba22c34fa3271ba1,0,2,True,True,2,95,31954,104e7374661046d4a5dfbb8f8b0f40e227a052d66ee6567e509cb6eb5cdb22be,0,2,True,True,2,94,31922,40018c0772d4986bd68ffb57746e71f696e148118151d61c5ac407638074f616,0,2,True,True,2,91,31917,3486b4fdaa4255e1c1a5eb896d9b5b9391936b692ee689bd90878fd9d1d1a4d1,0,2
b775fcf9187bb1dc5eea4a1054905ad24e76b2bfa4a9e7fd83b8cd39592cac01,dedf94dbe4ecdd6d06fc72a4c3dd6837a6add52c262e8c550196b99bbc767abf,conv-41,27,targeted,True,1,True,True,1,43,15948,fcae63c98fa5870704cf64c803e4d9a5077971ea6734fe601d5a5b9bc0314f54,0,1,True,True,1,44,15992,49a4d062169cde47b48ffbca5974e31d6926b96928eccb01e55b1fe8ba744657,0,1,True,True,1,45,15999,86736c515c7d5060df6000e2f75c52b5c219b8cbff46d0fee14d2a11d2e71f44,0,1,True,True,1,91,31940,81f464107c164553c5f2c900bda9d8054f30e44efe402b4bd41c3ff2a014d9b3,0,1,True,True,1,90,31897,80d0f1545c5421e84d2726488e407e5bfc5a4b7d54ba88f62ccdc179d467f9f4,0,1,True,True,1,89,31894,e4da797129feb5dc6ae92b042b41f43c9992d5ac5f18f73eb22a782cfbdfc72f,0,1
68dcf7b914ea80c711436fb87c227cd2bd44ec9a17b85697bc313a4c65537cf4,22e5e47ffbf569f46c4a593bc9f6458e291781689fdd969c3b17622dbc12c8ac,conv-41,28,breadth,True,4,False,True,3,47,15997,726fe00ed85893f0f8e651b73530bf83c5ac7e2c60dbf8df8cc479f273892d22,0,3,False,True,3,47,15998,f366e935e6775f83561ac6f448988ce10164e64c34bc57d6e45272eb0771f9e7,1,2,False,True,3,46,15902,3a7f610140750e0e85ab6a87b25a44c3b928cdb7fb3c70220fbb289aa9621d80,1,2,True,True,4,92,31977,b5523d622489d6704952ef49ed9e1de0f35e81fc855935d15f98f7d4198fdb9a,0,4,True,True,4,91,31908,62eb40322980167abc8de19933561633bd55de395caf033643439f42bd2b47e9,1,3,False,True,3,92,31912,d364621ec5c62b9081d76745a2cb10e7c979bb400aa34360f13450984b43100c,0,3
bc458224e5cc9ef5bf9502afddc64f03a586be6c1360d3fc134b59a782f5c7cb,5893dda15d5af484c59650522b4760c2c87fba3230e97974fba2357859a894d1,conv-41,29,other,True,2,True,True,2,43,15957,b6e852f19c80383353ed14e488363257422885481501c280af9398283fd85943,0,2,True,True,2,43,15995,c240bf5fdcffe62f3d4e66b5d56955e7ed419ac2187f5e4469d778f847b64485,0,2,True,True,2,44,15901,8108a490c15b7f82a115300649d56ca30e8c73c9f3f783bf2d030d20a6b69e7c,0,2,True,True,2,89,31914,e9c50e3dc7a4f70a053eeabc3525ca5d8d583422bc00c6286e641a08de06d996,0,2,True,True,2,90,31945,340e9f15112006ff6232018dd42e72186a3e0277ec4624c7681d6674be42517a,0,2,True,True,2,90,31992,e56b762e40fefbf45a2455d6ffd8800003d63514a50cfea0fdf9e2ea05d3db9b,0,2
c3e701757745a0d59758ddfdba3b30cee5f796e4f3cc76c680e828900aa4d92e,16092a0b2dc1a73caac2f666a0095cc14e8968c9047139be54272dc4a52b27b3,conv-41,30,breadth,True,3,True,True,3,43,15981,35630bfb1157ca07d0ba95d0b13a0290e4450226467cbe333f0b72e6ff864805,0,3,True,True,3,42,15997,d9a7390331085d8e8025312ffc73911d175663722035a7dad31c96f7048403fd,1,2,False,True,2,45,16000,6da5e5dcb3504df42e016a244da3a7570b3e8ea509c1359d252c91b75bbd7e7b,0,2,True,True,3,92,31997,ff00cd4eb4cba3e8b7e3143dda3a8f83790640afdd4077b32c3aaf82dc7be0ab,0,3,True,True,3,91,31996,0ed8e42e56c6d283e2537c5181acca1ea105a64ef37f0a5f885efdd60e153517,0,3,True,True,3,89,31988,126c288ded7e18a3d86c5b0655bf6864da9a304ce4746fad067ff399c5399f92,0,3
3b5dc4d18f50976d41d4ef970a071ab24af511fa02026af72ae1e4a8fe96a605,c27270129c3d883f282c4bb583cbf23a1eed2aced5aa828ad81730d85b3e5239,conv-41,31,targeted,True,1,True,True,1,50,15981,a7568174c9cc18f3995fe59b4c73927d49635bddb0a07de662323b4dafb77101,0,1,True,True,1,49,15971,9cfb6be1cabd98927b44e21fa6e6d5b94b59ad53f94423b53559082268c41279,0,1,True,True,1,47,15931,5ec34ba812b2d0191c41dc8fd7f03ac8e0b95239827ff6b871e95627e76c7fb0,0,1,True,True,1,102,31991,04664f53a1480ae121aeb64f9162cee3cf198d6439c0c339bd9ce926b7d6a95f,0,1,True,True,1,102,31903,3b8112aca843cca7ff448a62409142833efc1292a67553a830f0e8cb7ebafdec,0,1,True,True,1,95,31913,5b42f87faafe18942cae43ac55ea40db1676c3d291d600eb9f9c513edc633907,0,1
8a982417a511195efbb0a9fc06208995f8abc361f4b74e525a1a2301c4db6186,c5a2249417469d0ec393debf30b1b2a550dff66b77d32a690722d20207ecc89e,conv-41,32,other,True,2,False,True,1,45,15983,b71234a5247c27ff61174db2b01b6d8a98c3afbb98156785aafcf4ebc3ae152e,0,1,False,True,1,45,15988,ef482cf2740d180e1b4baf142ce43742b441b1c84402edd998d2d69c014cc175,0,1,True,True,2,46,15991,52378a188d4892c846d79e01c5572332a91cb34023ea8e0b6887341e579ba4f0,1,1,True,True,2,93,31991,dea1e59a7cf04abf78ad7c539bd0ef1c4298458240a22a2cb75af2b246c70082,0,2,True,True,2,92,31898,df4b65528b83510244a0122da25c5319ea13b36322c812253e25a7cfa5ff448b,1,1,True,True,2,90,31974,105333ce33be4e3716cc0e5c8de330046555c9f0e4a1feb0e83d72ee434e32d7,1,1
d60c0443cbb6217ed2896f9380bddb5be55c2cb232285ccdc244b9f929ce01e2,a329234d9c9f2e32611ce699a65490383172bb0119bbc4d2733b3dd849f55d52,conv-41,33,breadth,True,3,True,True,3,46,15943,86e53fdc6e3aefa19a4605f4211b270e4e1728ab7f7daadcc0c814b4144d5d39,0,3,True,True,3,48,15963,4134865f29ca2e570af73d2ec9034d555ed14c3254aa115edc641440a3814a1a,0,3,True,True,3,46,15986,17d32a0a4214be51702d5ddfdc81907088dfcdf2d3fc773853a9b407c49bc819,0,3,True,True,3,96,31973,7cf8ac07b621d4b0406fb6f8c0fbf17116a555d4cc9ae15720e81acac9cbde47,0,3,True,True,3,96,31955,4edef1a036b5559c5dee94ca0db596c47955554703f4d3f1a55ae7b7a8da1637,0,3,True,True,3,93,31977,5b8e5aaed90e23624a46245c61e065a4ccc66f922fbfac12555ed7f974209d81,0,3
152edafcfaccb80100fedd9618fb0d8bef7d39157fa916ec7a908ef7c3f6f27f,cc32d901f2df3bea99f5dc55cf30d77dca157d23a2aae4d1a25576cd3f4a4feb,conv-41,34,targeted,True,1,True,True,1,43,15914,6b9cf4e33b951eee4441598dd6120bff97b64f417a2202375bd2c9d9cc794d80,0,1,True,True,1,43,15930,5a4f4dac9efec13eab0171ba04aacdfff31a4ebbf3741351111436e5273b7896,0,1,True,True,1,45,15930,9ab7e06765fb7a60006acca3bb7ae2eee5009c3c4b7ff9b2ace82d035b0f7cd8,0,1,True,True,1,94,31971,ad6461fe961fe024b1fb080ed33c758bb8e42b8b82b0f383605477043dec713a,0,1,True,True,1,95,31930,a784aa1e9c6cda8ae4cd118df34ef59848cb269c9c9b29aa6bf83646147bee46,0,1,True,True,1,90,32000,55f0e488758718711328b9094d7ecbd8c1c91be3dd0a7dee5589599e70cd30d7,0,1
ad72d579039ea181d479ecb838e1d562952c69ccf832608256f0dcf58a9faf1d,1f567b66861808adde4d53fa31f691449d2fcf4619ed40c270c09240d27f0b47,conv-41,35,other,True,2,True,True,2,50,15976,6779d934a649db9fbfe2a85a6d990d030e5341c7afa6d9088e9f5d44bea2db34,0,2,True,True,2,49,15916,d9e0eda8d33a556d48e2135b1c513fbf764dab300c043b704138b7ca7addbf6d,0,2,True,True,2,46,15905,7255e61ef9a0bcc2a8624f5ae429ff78d4485ccede3ccf3ca5f3e41a4a4a1d15,0,2,True,True,2,98,31962,b5b4ba5056579f91e1b1afd24105ff4f217b3c55c41fd5508d40dc5f1e83faab,0,2,True,True,2,98,31905,6254b1f61050c4bd6b694114e2270684d0877c7d5d6c2d611573017d364c5f54,0,2,True,True,2,95,31857,44f273fa430b83a0c4c23966d25293623b0d461861f10d6aeac8f98d29c8ba5d,0,2
d224277eceff24fcf743cb31d90c2296293719caab166da4fca15b1b3962b2b2,609e70e098575f304d9f86ce577685245f6355985aaedd447693b65d29ce7e7b,conv-41,36,other,True,2,True,True,2,47,15996,6d46799ff1ac0945aa052e798f53486b11f0607c5114ede79fa663c49f8a06cd,0,2,True,True,2,47,15909,13c73bf5412265dc8370260d6a1a12f3fdd418046c3bb80c8f4ad76345239cd7,0,2,True,True,2,46,15974,bf20062e9804c5a9ee3facf4c1c894d72e903f8fb8e42263ec68f424d9fdc1e0,0,2,True,True,2,95,31938,4ff3bcad5a1f31f7ed3f1170fb8616d15029afcc31bfdf8429b2ddf7188fd8a4,0,2,True,True,2,94,31922,5795d6d07bef54355936fffd940f4411e3c43ce209d18ac7e844d94e4cfc8380,0,2,True,True,2,92,31917,c911351bdb3a062d0a0683ea04700e0916d4c7b90cbb45d1e30fded1c19b16f0,0,2
c6d12ae10830d7054f9a8bfa6e109c37a3ce5571ce292916aa16dc6fc2760e2e,dd630484ec78b9b84394072d5fa075a4049bae33e82db108b040e8b048a6b5ed,conv-41,37,breadth,True,5,True,True,5,43,15970,8c58e73e86a0133febbc2d9273d128e83c33ea3ffa444f454ab97e7fa1b1274d,0,5,True,True,5,43,15916,787c2fcdd7c58f70c1df1731ef0e4ef00297b0f6eff315d132b78acb5fd4f209,0,5,True,True,5,45,15994,ea47364c1b215b1624b7c7bfe392df6df5e8600ff0546731f4628a5decf8d1c9,0,5,True,True,5,87,31981,99baf7ec951e90b06e6b06d40c888a0882b8d30423cf2304feab2c6732e60f14,0,5,True,True,5,87,31906,d3065d4656b5eb526947807d7587034e2b950078fab14c7c6a0815fd269349de,0,5,True,True,5,89,31903,a8d6ba1ae90adf8ef99da968be5b59ebed800e02dcc5d6a09ddd0a81d3313623,0,5
bd7fbfa7f1c6d80208462b78c7b7cdb646ad57a01230e87ac87250554c11fb30,b0cff0f246938ebd50819dbb0cb8be7895e1056e9cd03573ea18daf69a42a080,conv-41,38,targeted,True,1,False,False,0,46,15977,04ec29d3f1627c60f709b98a24df480b4080613eccdd9b938533c42134ccf44f,0,0,False,False,0,46,16000,5ce2fcfaca480a7bd076e202c2447f77547c8fbce5af2c24aad629f0f1dbd90b,0,0,False,False,0,47,15994,8bf4d73222bb2afd49c1d52b492e2c24ec851ccbd43d0a129f400480e735bcac,0,0,True,True,1,92,31994,c710c4e8226fed0f6ae7d8c38e3383d03185cfea90dd76b8d37e888043484d77,0,1,True,True,1,92,31858,943f2a02baf7676add8d517b30f8874b3c74d98148b88c55d555a115b1385fc0,1,0,False,False,0,91,31858,8bf0280e32004d48295acc373af31dd2b4b9c8695e5cc792587c28e88f1c4892,0,0
1a19d1712aad830025167a7eec6e7bb438396b956346b4f359ac16f12c6e71ae,3f859251bd1b3b077f18d085773144b9e1c2f1c6f4d70a117fa74f9942284d48,conv-41,39,targeted,True,1,False,False,0,44,15968,cd8111c7bb2d6d3f8b494edb834d25cddcddad256f38ef3eefec8bc5d4f40b4c,0,0,False,False,0,45,15976,82b3fb8ffa863d9f509ae4ddedff4735bb7c7a1e120f78595a44548ed2f85c72,0,0,False,False,0,47,15987,681c118c6d33ab005e6c10e1becc056ee7cc78df95248ebabbf15c2cee6062fa,0,0,True,True,1,92,31987,727c73b19d9d46da1876f70b254ef456da8cdeb096577c24d9ca5c31f2ee3eff,0,1,True,True,1,92,31886,9d42375b85815535796d30226b8782e5f41612217951312404c74e54d44982f4,1,0,False,False,0,90,31999,eaa41f7f5729f5aeffbbf5d62196afe31572e6fea3508fa41026906dede209ea,0,0
e7351bea6186a9ab85c77ad84bab0c20098b1bb45415dbd676f8e18e16936bff,2b071d48f35bf823a46965b763fffb32148088838471e68ff1d6ad8b8a02ce66,conv-41,40,other,True,2,False,True,1,54,15976,09e9af5f4e525f24860185551b3fe1cc4de544d335d0535b03522c0b8edc5285,0,1,False,True,1,55,15940,0b2909d657eedcad4d83ef7102ead2aa832e3341c1c3ba044e64a710201fb69f,0,1,False,True,1,52,15983,4bd90cda683e7f5620111b27049e1156163325d35ab2fec44887a7eff33a0f73,0,1,False,True,1,105,31861,54fb22f940a6c89914ba90d030e4aaa16f9296dc10753fce02cb52ac20231d23,0,1,False,True,1,105,31921,cef7b3d682032cf472839bbffee2453b459c3e90deb75f14f70d5064763cc986,0,1,False,True,1,99,31948,7db72025334b8af8744ae36bab0917b7d11a0c3380b02f8e54a8848528c60063,0,1
1617c689353d45ffb675cf8997cbb721c375af92eac8f9b6212c13f16c159593,62c9f47067a27449de4615123bb9626c372b6f00aeb48ffa2651314bf712e6d7,conv-41,41,targeted,True,1,False,False,0,53,15946,9204b3cd27e7ac5ca5d2136e72a1b7410218a72a6505dd264815bafe6fb35c74,0,0,False,False,0,52,15984,78eeecbbc4b415a7afc8c9e7da3a59c8ce45e74b2a630e16d1d1411d68a478ec,0,0,False,False,0,49,15930,b6e97db35084b6fc7c71acceb55566b4176a75fc172f3042e663af917c5f1265,0,0,True,True,1,103,31979,f46d552a1a25a81ed6326b0bdfb663da8511861e934eb42634d4b9e178647282,0,1,True,True,1,102,31894,3bb05bebd0b0c47279b507e9fe66689a39dc145b818bf8d05aee39b12254cf4f,1,0,False,False,0,99,31965,15f669f156357373202b834da475cfba771218262b01c17c0dff7a3825048bac,0,0
98c68d28bd72073b8335156b7e0fea200885bbe8eba096ed847f75c5fc1edddb,aa4408372c2ef793061da5f8484e9f65dcf3747dd7f6594f4aa2fae36473a993,conv-41,42,other,True,2,True,True,2,48,15917,cdb27c8c17c56d35d555f2c485322fd7fa2bc215e1bb4adfa508bdbbae7e5fe2,0,2,True,True,2,49,15920,808c564bdc2a0b0aa8decb0b9bf26660c1112e752aa7ae40fc295729fe6cab93,0,2,True,True,2,48,15945,e9b78ed6dc8e8284022c10735501fb98362a2c0c3598b203c8652dc9eb7560e6,0,2,True,True,2,94,31967,7c2c04abb0e1972a836bdaa0c777720af7485e574fdd99c4b44e9c9da5d340b2,0,2,True,True,2,95,31955,6604db7c01d1fbd6f8bb1fe96f766cf3ffd8419b3a731690320ca23df9c0772d,0,2,True,True,2,94,31957,a2e6c4bb00bcc477b853f5ad9ff6e94cbc29b2ccb78f89af031fb2dc521f875f,0,2
1b24de20447e3bd6d78d7361f25b869b2b22726f4b1a3f6bfa4115582b59e86e,50fca74a4e87dd72cd5e7e64926d0fe849f5dd78fc0ecf223f099f7ea42db139,conv-41,43,targeted,True,1,True,True,1,47,15911,729cb38af433cf2e9c9029ce22b9c12e307d26e2771bb1035b068a29380bed93,0,1,True,True,1,49,15993,d2ddee3a21ee35700c8a5e686946ce8f1e68f5686030bc9eabae54a0e6b58e96,0,1,True,True,1,48,15928,3c4ea10d5f56b8902ae87c21951d8831650ff5154d021eff78757bc63335e1e0,0,1,True,True,1,94,31992,6f1a373d6c18fe5a55004fa1c93588bb86daa5e787f2e066839459f683ddf166,0,1,True,True,1,93,31951,b143a7c805f6764934d81bbb2d43b327384ddd576e2c6d55d58ccf3c37ca0a41,0,1,True,True,1,93,31972,f146441c3303143d6c858945337bc5636ba7f9aa229f7f823e14fc61104dc2bd,0,1
add82d28e06d3471718bbfd0c7e59110498a92f8e42bbdf957e5a1280f34d7a1,aa7bb8286c88c3c7043f32dd0594090335d53623ce943b9c9374e4aed27ba09b,conv-41,44,breadth,True,3,False,True,1,44,15962,acfa2e19e47e6b8aed6c77424b19d568f1e35b88160e15811a43e169778d2cd9,0,1,False,True,1,43,15926,4cb4550e5c62eccabce4de2d18a29933166d422414ca213636a819da81ff1b45,0,1,False,True,1,46,15893,3622aa98e58b4a94ae84c17f6eabe3d5ee72d384ce59ad26f676b3d385ea5959,0,1,False,True,2,93,32000,5dd32399469c0cf65f5b39c755951c4677f722826e8c1b0a8dc5a70e2f06e76b,0,2,False,True,2,92,31999,8aa85e49db8fb9c48726a0c2abda9299384dd4a0d05bd90fa30fc5dd7c99b86a,1,1,False,True,1,91,31949,16b5ddfb42d399be5269e370bd67d2a4742e8502484a42d48014a5022a52acff,0,1
c4bf69d7d06891f87c346b585f431847a897b337b49dbe2e45e05f88e593b64e,ac74b05d9739f8ce96af319aa8b722bc7dd41630b1488048ce17f47a3131b9f0,conv-41,45,other,True,2,False,False,0,52,15897,aee62562c63db384ac2af376b11ae95dfb37a728acfcc6fff2e468478fd5a418,0,0,False,False,0,51,15927,391c37a99e033e13c910dd2abf2d99abca9e7aef678990d2e689b63fff12555c,0,0,False,False,0,48,15927,4b7114e66840c46148de1fa87566456d9f886066719a6e41100ddeda94f705bc,0,0,False,True,1,100,31918,712aa3970e2725fb94e6e2b43e40408c36f8ccbda76c1a01acb95e00e2601255,0,1,False,True,1,102,31977,9ab9adbc7eb4572a32e4ab710212c9bf19ba517494ca8b9c6061696ebd01fe2e,1,0,False,False,0,97,31984,dde83684bbe470f5a92df209375b1e103ceb52b85ea7b998803a3d048412df77,0,0
6c16f32fb892ddbc30e3e5634c866df598de30e09a47b7163d028d1bcce553d7,eea9e6707ae9d108aa5e55b0e0aec01be4404fd927c1b9aa99b2ac025da3fc9e,conv-41,46,targeted,True,1,True,True,1,42,15935,24097bccc105516f233124375b2023ddaa45beb2833192687f51b0010a06df1e,0,1,True,True,1,43,15902,c047f858bc9cc357e3589146bc6314dd52cdc6e217a2c9d8c88783bbefaf5451,0,1,True,True,1,46,15941,18b39583d084cbd263590f9d3b7f557b859176dd004457f539eb56b7b91ee5a1,0,1,True,True,1,91,31963,43799eba1684fead07e95f3b4ce28035641deb6f4ec6139385f26d893ad7f015,0,1,True,True,1,92,31985,a8b50edcb0ca3a623a9325003c4178beda19ae817e0682ab21f3f80d9d5a16bf,0,1,True,True,1,89,31981,f3a69a374e3f9165fbbc26232e1ffc9f7224f52bd3a8269057e1ddf72fe3fc66,0,1
7e400493e1f8e110a1b73d407bc503727fec99b6df5446d27f7a5b721cbd09a8,735841b1ccd3a563b94e9e7a0deb14f821ea0ebc16b2234172b4412cbdc5b478,conv-41,47,breadth,True,4,True,True,4,48,15949,bb65972b4682096b2647a18b86715154b5d80818b298bc27d78c40635f189167,0,4,True,True,4,48,15998,fe4ace150e00ea6f63703f0293c78bde262c80d0d17447206518bd539ad6e883,0,4,True,True,4,47,15972,78ade19bf9d90dc7cfc335b6e6e8142c7b2e8d7004a0f92c420f9a9688f59ed1,0,4,True,True,4,99,31901,97e3ee02ca174fcb5354cf534672a8b0fdd3de3ba6331d575800b49fe6c5772b,0,4,True,True,4,100,31988,7b72da0857af54f612750b340ca5eb8e2e3e9034da251e9a4fab46c2420f50ed,0,4,True,True,4,94,31891,f44de310696683a4815768655aacaabfbebdf99c00dc3d360d515c0bd52cf798,0,4
b332250b285864e5fca8925845e8a2e32c94fe270bdda8840c5d0ecd1e1a6774,de0e55c72bbd091e7b47f3683aa945ac7e131a9a69745c08c966df42149dd504,conv-41,48,targeted,True,1,True,True,1,46,15995,6706c0d17cb9b54b88e6ee3bc3df35d085e252528ba6cad39b2ced7be8e918a7,0,1,True,True,1,47,15991,038324e65e3ba0e05545ccdeb833b6619c3e97d829ac17dd766e54b195f72b55,0,1,True,True,1,47,15928,0f06afb470621382ab7719a77352a0094b84f4d7198b9ccad5cfe8c192cfbaab,0,1,True,True,1,90,31911,ca17c7688296640b5b9207b0290b6b1794f20e515a4aa10306e0d20da9a66ddd,0,1,True,True,1,91,31988,b8f5579acffb8cb3dc748738765dd3fe9dfcf2d4ab8801ed420443ed2aca6aa2,0,1,True,True,1,93,31997,1937b6b9948a7f88c5fcde8fd9eb64c6de71ef2ddc2aba48e619830b38d6214a,0,1
181e2696c54db3a37a848421bd61d2caa5046ea51033b3dc68115f51812dcb5c,aacde86a86b53495c886295314c465bff2a5c98b5c67b642b1e89d9fdfe3d04e,conv-41,49,other,True,2,False,True,1,41,15970,0ca82fb14cda0b4fe0bf1614b3b9ac88d6f03eb9f78c409f76e07c594a8e1575,0,1,False,True,1,41,15892,04d58ec3acce91f6875b607b9e69f2fdde58d65b8a82a72ec7576884eccb1ebb,0,1,False,True,1,44,15910,bcf969b0f8d7dfc324f684e5c799d48634229b21d044982b11cfa51d8a671c5f,0,1,False,True,1,89,31928,20c698ba29bf544fb62128af7177e528d3f475662fbddc64685bc336e4dbefcf,0,1,False,True,1,89,31984,1da83ad664787f70d5380b2799ce46d6983b57c19fb66a40592f48fa105addb1,0,1,False,True,1,87,31948,2fdf994efe9ae051b0508e7107de69b39b6666c1026eb7c7c8561f0a6e7446d1,0,1
cc0f2b7067af957251ba161477f8e2703d43088d8f999332abd57df111afe014,e6898cbeabe95954033f41e39d22e68e4ddae20167d005facbb629efc8a1fb24,conv-41,50,breadth,True,4,False,False,0,56,15967,4d0df2b0e60a75a94dc9fcdfccaec46a4fa62b59cd954edf4a5f0359e18f62a6,0,0,False,False,0,55,15907,644a62ab5a749247c7606fef2b0750aaf64b800d84b10eda1816afb804d1d30e,0,0,False,False,0,53,15999,01265e9a1f9c823eb8aa0754cfb256cf318f261fcb93187e3397a5a0072f8f67,0,0,False,False,0,106,31927,0fe24688537ec1ec08f91b8af206d370ea93928b9d4bb05559b37d47bb02bd00,0,0,False,False,0,105,31900,3df0fd00adae27272c671217cf76c4d48b1045663210f1fc84b4b6080f3d22e2,0,0,False,False,0,100,31979,ce152bfbf258d5de84303ef2dc9ca605278620d3b3e25d1986069f944ec2c2ca,0,0
fc65d91d1c22d4d789c07a589802bc27dbaf2da242cefb9eaeb5b3628d223273,30851938f95c320048a6c51794d4289e1864d7f305d595d6a6fa00670bf1e484,conv-41,51,targeted,True,1,True,True,1,40,15972,1e6b4c4dc1d481f6620e0c460f7b4ccfe9039bf729d75ec9fa7fc0752dcf3c28,0,1,True,True,1,41,15985,f968224ab83c7b8d5fc9a98ff0c76ac56ad5bc1d2b504e891290624ff3d4df72,0,1,True,True,1,44,15932,974224aafe6aa27c95d6685ea442ea0fb4064e7e65b74823b56b55a22b5a1d2a,0,1,True,True,1,86,31960,9f57edb134e8dce3d61fc3c0552ee3663a14fbe8298e64ec2b1e91f1ab0aa21e,0,1,True,True,1,87,31996,cf2c74fbd066d72f838be18be6b819491d8782fe8c1495a7d139c9e4614606cc,0,1,True,True,1,87,31998,28e6decac9ede3c8aa410cf5a944702bbc9ea522de5bcf15afb407661ea61a0b,0,1
ea9de830c59aa8046b513492a5069d4059a487a4e563a42422888e26c0cbe975,db34877011f3686c87ea260eb34a8212f7ea5985eb599419657f2d26f66c5b57,conv-41,52,other,True,2,True,True,2,56,15967,6447a982798b110d8113e0aecc3335bd75731720615f2b15ebe443bb42cf456c,0,2,True,True,2,54,15931,8aad1fb339ee496bb66c93c8ee122017c66ed60850cefed63caa1aa0bd846674,0,2,True,True,2,50,15899,0e8f353f2d6f37502604749d20bf3ef69f9d2142cbf379c271dc944a3ea8df2e,0,2,True,True,2,102,31924,d22cd3667e90b372de0446eb763930a4cf11e0b3f8d06b5e7a9d3e9fb31a2059,0,2,True,True,2,101,31861,3270d58ae575ed43e681aced46f7a0e8e6ea321fb63e7dcb775c990d306c3735,0,2,True,True,2,99,31885,c26fd7c18b77a07f452600ab86109c965d966514d50cdc998003e14a984aac5a,0,2
b6a82c2eab3acda85ae7e9d6321d7be50fe13198c792398038278bf76017df5f,eec2f19c1575afd9d46c071fe7b2af39b4be025ff4b1decde262158b17d12a4a,conv-41,53,targeted,True,1,True,True,1,43,15996,8b59535dc2360ade5352a06aa06c73422148f8bd3940ab896d421bb30e6cfcd9,0,1,True,True,1,42,15935,fb668c59250c521aacfe5d873fbd7275b1fbaa378ac8e51e693afb314b80b38e,0,1,True,True,1,47,15994,86ddb99c4514baa1810974b82ecd2ea3bbe5f26ef12f8bc30f0aeff5ebd14889,0,1,True,True,1,84,31926,12780b12cb2226746520ad5be75973e81cfb778fe8549d9821d4d7a3b4a3680e,0,1,True,True,1,84,31905,1d0781642e3a88efdd9c83624d1db95a7383779b19ed1c4aefc57cf7884dcca3,0,1,True,True,1,89,31934,7cbf1b80676c8ec5909a13701919025231640362af71a5aa3993f66e6f7f5a69,0,1
57cb78d9a8700d5254f53691ff26acf59bb2bbad1d2695b95514839c52b4bbf1,dc230e3cd7c37827068c5943ba8922bf52d95128f5d52fb28e8645597ea72a29,conv-41,54,targeted,True,1,True,True,1,42,15981,eb8a7d46b0dd333f96789def3bf60d1c805e1bc67d7b4d86ae676ef32157cd61,0,1,True,True,1,42,15991,95daf34f4a63566087049da9e6e7285c4473a183cd4cc9e0f66175e4d5c34340,0,1,True,True,1,44,15993,69bd141d53fb2180948989cb2537a67e42a00cfb92350d3f1dc4651c6d5e4124,0,1,True,True,1,89,31984,29052bf6f2ea8afc46814ac7edcc8f415ba459330c3c9dd6969e115ec8ff2474,0,1,True,True,1,90,31968,21e5b45d47c0e6cd1226eb3101354b9ec2e3aa013f96fc7a35ad8cb0b8dc72be,0,1,True,True,1,88,31910,a9bda351cd352fa05eca9ea17687b6129f23b02eb19c8078a2c209b74a935c9c,0,1
d4f7248959751b17f2d7d3a760a579c652197af8c0337c2231bf6829d5ea29a5,f860c599e9223097132c622184db291c0a90fc3f44eb3610e354de23901e2787,conv-41,55,targeted,True,1,True,True,1,41,15944,254d64676c0fd2908c9e21b97bcd9493b4c53fc07110bc258169394b340c3209,0,1,True,True,1,39,15935,154489c2c2cca4c91e1982cbf64d4cbb036bdf4e57a54bd9f2f44749d3eb90a5,0,1,True,True,1,43,15969,9730bc15207a182002f1cb7d81a50f6ecaee93dd10fad34426799da36a21d008,0,1,True,True,1,85,31951,1d152fa0fce5896a91f548d7b8a29f09741c22b9fa46d0603b9853c27d7edb90,0,1,True,True,1,85,31971,62c4ce831a68cedd70090273e5b774111a2658cebbefbd7c83b217761089d8ba,0,1,True,True,1,87,31948,6752d5f342c96c8880f174fcfb08ed151ae1d170b32838fed8669e63d267c7d9,0,1
bc430a52ac972d69552399542570704ba156d837c332e113eecf0f0cecbb0731,e4d250ae610054aa0a1fc601abe7d2714d467ac8418b3e552d2f07b2c2341fa3,conv-41,56,other,True,2,True,True,2,40,15930,63f52ea966c402f08f0d78d26733b83ae172217dd23da2a92e3a65e88e5d1c04,0,2,True,True,2,41,15914,455edceaafbf7f763a9f27cd0a1ccbc8d87a758bedd4545be54849394c9af99a,0,2,True,True,2,42,15999,28a7ab5d83056b0f0025513bc3a742aad613ec4172475b0c8ba899a9c643d59b,0,2,True,True,2,87,31904,31a1c9ab3e2fabf4589e28e077078fcf2af8f790c187b0eb7a6f069db149cef8,0,2,True,True,2,88,31944,e8c9d935206c0cb3d37726940684f7f748d867c8ff88446ee32ba8ceb12fa98d,0,2,True,True,2,86,31955,cc5f62373369e878994919a5943762ba71194cd654a3bfe855f7f00894db0110,0,2
62df22747c16d25cbd57d4bd3af9cc8f44183c952d735149636529e78ed7e8a8,3c799c6ae848b691bc91cc51c1d9d7be49bc8617b719773540ad3add0c81ffe6,conv-41,57,breadth,True,4,True,True,4,46,15949,75c9cb76f32ba127278a0d08a822cf0024458d5a8f67f01d4fc90b6bd6bf9972,0,4,False,True,3,47,15995,c0faee782cb5278dd48dd744106af962446f8099428aad9ccc4410d9da5b5a66,1,2,False,True,2,47,15968,8dbe0cfc0fa32e40fa29b31f8b861ea9a3a2ee312e93a6eaafc26ee6a624f5be,0,2,True,True,4,95,31990,4c223f4015f7c482f40d35d2309460acdfbfae6c390c90145dd15b4fcf310016,0,4,True,True,4,96,31999,cf7638c6cebbcc1617e23b59772ad99b7e1496ac05809ff6e9fcfbf61a15cb9d,0,4,True,True,4,93,31973,7457640d8b2cddd6cbaadeac2bf952683809bf714c642d4cae7695e34360a398,0,4
defbf87718c39d745b8eb64bee56a468d9d6212f5ddd501bb5c38500a608e4ac,8b448d1602a60d36e092ec25e30078dd27adef181c9816e5f8bffc9fb17d89e8,conv-41,58,targeted,True,1,True,True,1,52,15987,947416a06c4c5759a36c200c182faee31af666dc4b9aba22b2a25800542179fc,0,1,True,True,1,51,15991,f3f7f55dd3c841ab0da8d44e9a601415ff465086816470c7b58e60084bcb2752,0,1,True,True,1,50,15975,f89441b2fbe028d94ab370739dde45c02ead00a2ce1dd32cc0e8a5cf85570bd3,0,1,True,True,1,101,31962,c58ad1624f85a9009a5d4460b0ad5c246547b7410bbfdfb43c2f6c57b7950b1e,0,1,True,True,1,101,31922,2b41a93542ef8c5c942962c5f76d97d74dd5aadedee022a4c8df257785bceeb9,0,1,True,True,1,97,31999,e0ae7702601517b4ccbcf4bdb0003e5a43c91aa98b385e94740bf24323dfe371,0,1
28fe48b7a92fe2cf728a6c95ce4218f4c9c892dc3aacc53250bd4f535f3ceb6a,d5b93f3f2f950f0b3f173a82e173b682092e9099048c675a40ccabedc5d3e635,conv-41,59,targeted,True,1,True,True,1,48,15986,5ac4faf4f77253c17579ff253634aa04c6a39df9132125ac9c2568250a84e751,0,1,True,True,1,47,15993,4a2a297cae5d4caa8c43f46a959ced1bd41ca5574f26e10ac603dd72695aef23,0,1,True,True,1,47,15990,84c283d18414fefb975058e28a41f810247b9d32e1b7c97a163866d992d4a292,0,1,True,True,1,98,31905,1023ca70670cffc706a9c9c413692e922400a0d487841f31379b512ff80217ed,0,1,True,True,1,99,31980,84c77d1273c96e5535c0dec73f9b4db90f8891d066c953d00c1ccaa04267c139,0,1,True,True,1,95,31984,2ab03bc0f8f9541f1af86ff66173b8aea227e6a6c9d21912b6f0bcf228acda65,0,1
10d4b1e084bca3837b13a70c3d784b125e8306dd3ded7a453208bc5630b61be1,d8484d1a1ed146d46b5491845a737c152a3122cf4b4b2d99e4dbd9938285842f,conv-41,60,other,True,2,True,True,2,50,15864,c090e32b0daf8d0bed1998b1cd9411a483e850b0e54044550ace520821377e87,0,2,True,True,2,50,15998,cde6c65b1d694cf6fa4f3154d61d157601fdb10fd184fd610af7f9aa23db3d9d,0,2,True,True,2,49,15857,752a3a314ca0b5a917cf1d0c5225a2b499bb577828eef803f901f5bdeab1f0e2,0,2,True,True,2,104,31988,d265efc8dfbfe3c7c0fd1b6cba9e70b240a2666d414a0017370496fa940141cb,0,2,True,True,2,103,31972,cb6aff9f8e18728e6fe797ca62faa3f779cb4bf6dc04fe1efdf27889e0ec3d54,0,2,True,True,2,96,31957,10607ee503c8110965df40c799b4aa35c863971db48f80e7cb766163c05dd63e,0,2
36d93b76113ff436fca2d3dc6000320c5c7c072211eb585790088bf31f8c9eb0,64ed9aa6749cb2d94f5c4805c82666d1a37d78c818cea373bfb1121d1045a1c1,conv-41,61,targeted,True,1,True,True,1,47,15987,8b1bd8e8a127e720686352e87d823c264e5c8d7de39280518a9d0f545822fbb2,0,1,True,True,1,47,15887,9d4df5e3727e64dfb14db9ac44ae0290721e3acd740ce4d1e885b04c24da4e4c,0,1,True,True,1,47,15913,fba0564bb40d36e504432aa3fba3774229286397774aaeb4feab5104e3276f32,0,1,True,True,1,97,31976,3174be1b9bd8d53383d10ec9310c27616094e06345e47ccfb7e688eafc356852,0,1,True,True,1,97,31933,019f2fb4116837f5c403e92a579df078a4a0981045e0e1f970f2cf536c652cfe,0,1,True,True,1,92,31899,f4087a120c1f8366a204acf5efad387f1a3d478147864af5957e81becf1557d5,0,1
3f3ebfe03beaa28e909ecbae26e1aefd3ed79d3984c58c83d4feeacc80ac923d,360bf96784f60639ed630f6d0a6cc89233c60520fd8e97ac865f6efce8d02881,conv-41,62,other,True,2,True,True,2,42,15967,56e2462ee722b134a1668d5f0e34b6ba2f2c623eced21830ce34fe9e8ffd5276,0,2,True,True,2,43,15986,dc51f63ced83b94062ff516643cde2d39ff9fbf495981f1fd58ab99395df07f1,0,2,True,True,2,45,15982,e661c97d88a1a088afd092909c3b3624d8ceaa9f652a3dfeaf72c5991a43df0c,0,2,True,True,2,86,31971,c692240abaa774b56d0839419cee8acaf8f8fb376d4e7e1a6087d8121be6d1b5,0,2,True,True,2,87,31927,c61c0b261b62fe34aebc837f88a6c556b9e9ea849d0cfc550c1ba68ffdc4e2e4,0,2,True,True,2,88,31995,4eeebb7258674ae7c98c58e6a711590c9d688b81281d8a08318d46e9fd220282,0,2
af3c9b2697cd74f1299778d1fd9b47d45bbe238357514de39d3f30646c8da82a,aa2aa5980f3b6d7e137eeff9e70ff0024645250ce5654fdbff9943907675d634,conv-41,63,other,True,2,True,True,2,45,15962,05999029c8660558f66be7fe02bcd7a4cdca40f8eef165280b7ba4437e647919,0,2,True,True,2,45,15998,5e4a741c3f65effcffedf4c19e8d281dc880f4cc88d6c6a25d5f0ffff40f2fd2,0,2,True,True,2,46,15983,b77347bbadc441f1522d4cb1c6f80aaf470337d9b1184e4fc732ad15d7732abb,0,2,True,True,2,96,31986,0ce92717568a21f61de03ee6824703969268a6f0923e3089c96af59446b312c2,0,2,True,True,2,95,31909,95c265e73316bc31ce178f6bf6e55535d7c710eefefc4f28b1784eda32e83a44,0,2,True,True,2,91,32000,fd5612cbd0d8652ce7f5e7f54afbc40d5ac2f7e7d7bb7a0cc524466a64a68554,0,2
5f30487527c8d532f3b0cd5baec495674a10126b5003fef91554d12f1079ede3,34b2d8e2f7d9e192b5382f40d8f1e2fd818df08e67badc1b9a983adc849b0dd1,conv-41,64,breadth,True,4,False,False,0,52,15990,528080b5e9fd41401cd63f7fd52ac5f63c68f34b03241830febd0f4eccb98068,0,0,False,True,1,51,15911,397df049ca909bb36149bec500027a1e604b37d2e139c08f6545e3f03c89723c,1,0,False,False,0,49,15926,ffe3d3d16fad9547dfff8ee0b16a2306ab145a572ad1fcaf73a02d0b380f4c06,0,0,False,False,0,99,31904,194400b95e00a681e7359ce6f96a55dbc132b25f9df008e37936217c7c036d15,0,0,False,True,1,98,31866,7286220d1cf95df6e0db723eb9731c539df57923dad96336d5735a9ae6146012,1,0,False,False,0,95,31887,18ce8a61e7eadb35acc8b9d23f4e279afb349d53cd182a7b6fef9b2e4a49a138,0,0
d994c5dbf79b3037e45ce749cb2f63074d734415df8d7065ee488748b1611b00,891fa05eb8cc1343e82d1fb2792c27acba3f0a89b7717dfaf34f698f506e473e,conv-41,65,targeted,True,1,True,True,1,44,15905,c0197aa821f7925b32576432cd2839f4d762debb74ac8ece185a69d9932b4863,0,1,True,True,1,45,15991,796f321d0092ff1c540bd140aedac0b7c19c393bac6df9ffe4df59603b2c675d,0,1,True,True,1,45,15928,6f77d19e4f63f715d7bb359a324880436f041e49cbd9332c944edc794f1131e8,0,1,True,True,1,92,31996,5c6842977c90581ebeb94b70d4cb5e0654a087f34da68d13506bb16701a3e7a8,0,1,True,True,1,91,31989,87397d84445ce07307c9742eea3f532bf700130d338f6b0b25959ec3afb421c1,0,1,True,True,1,90,31997,f4c704c3cafba13042961614f62a0b89e0f027766894fbafb5bf67d2629890e3,0,1
7f71270f2886f58ad0db19a422a14f9f8b8859f20e5dcc4a636d1d44ee070920,d66cb6069bbe897fc26bb903d87259049aac11a7124e4b05c3948e26c31a42f6,conv-41,66,targeted,True,1,True,True,1,40,15967,543431b29fc6d2b8c3d1175d4a815df90075675ce2b8b0348629e6900b84142e,0,1,True,True,1,41,15918,644fc3a0a88b79f2cf0e36a6e2731f562280506618964f1e1c0966139e6e57ad,0,1,True,True,1,43,15924,21deb32ab84885646678577688bb43d2e6b525519fb7e205e6e3cf0aff319cfc,0,1,True,True,1,85,31998,7fe171b92a0ed696444b483a88807d31018000fd3ef2ec00653e10ba0d444637,0,1,True,True,1,84,31904,eadb5e547544c62bf5d1524dc561230779d7999c4c937d8c062a4fd85476f520,0,1,True,True,1,87,31985,ea82c70f3180c09b4ab3d9c84455030515a949307af6ed3b4a3b5cc1e69997e1,0,1
66b4152210204f50f7cb731946339920fcd6c9df8d0a9fd36b822d05fc49492d,fc62a9a8d143e577d5cff41959a920990c70b66428d968d843b2c743b04972ef,conv-41,67,targeted,True,1,True,True,1,42,15974,f8ae446003ced5402e3fa9fd475d36390ebab3ec4010fd2a9ff50839a9008e60,0,1,True,True,1,44,15985,94f3cbe81c45a1e986cc02fe1da585d0650fc639efc23998af3583f3beda2e55,0,1,True,True,1,44,15987,6a8bce739bd24626951876b9c58ab948c3422d5fcbb927ecd12b9aef42059914,0,1,True,True,1,88,31993,eb81770a0f7e669d9a4cd68f1c25260fc50e90b772d9d8398df159d4c169bb70,0,1,True,True,1,87,31916,1875fca65e5378693187e5087279a8999ce21bfda3b928f49e2857be9a725679,0,1,True,True,1,88,31899,d3a4d8b45e19bf35fa88a78364f814030aba4f0dae14a3f9be62e14200efb9cb,0,1
b8bc0e905715cdbcf2ab7bb2f8defeee076ab3e3512ad83c6b44d734c8e64455,0334e2eb8d0668577e748e9e0d3bc7a8bd4aa6ca23d1f56e11702f1aa42bbc38,conv-41,68,targeted,True,1,True,True,1,44,15952,4959b34dd721c7faacf5643e615fc7569d3fb6742153bcd1c13d0efc23d148df,0,1,True,True,1,43,15935,f444360d01fd4e2d7d3aee3aaf07bd0f1ab09aeafca6470b8801f3cdb22d1d00,0,1,True,True,1,44,15904,06447be761cd1aa0544a168b5f10c52d5bf9c9f4edc1e358a42a5b86211c491c,0,1,True,True,1,95,31967,0c37dcce8f87fac013f241621e302599f6818e70c4fd884c25554049de3ddfb0,0,1,True,True,1,95,31998,0204cd0f259f8775d1c5ac14c431a37597a28bb1e2c0520ca6ee9fa9eeee4cce,0,1,True,True,1,90,31996,69c61e127932f73db0725de5b424dd3b85e2f5e110b9208389b10ff1c62d0210,0,1
4b524ab97ad92c975195c175eaeee2369cf22d814c49fb19e16d80813f38156e,e81210f00ca012dcc6bb754d74fe4584e9af987e930e1507b20f8f335bd37349,conv-41,69,targeted,True,1,True,True,1,42,15972,d6fe02ad301a4041285e0e6c25513fb0f3253a7c0adcbe821d13b3206ace905e,0,1,True,True,1,42,16000,114a74bc041aa188f14ccecb32066495f85086e65e20b4eaa471f499f466989a,0,1,True,True,1,44,15979,b81aceb0f0b6178070a117717cf7d4938fc0e8c2abad1da4b09876a81c111038,0,1,True,True,1,89,31948,37e5663f8491ddbd0d1b6533961505882c5a9f837f180fcb62607355160f0f89,0,1,True,True,1,89,31888,9dd9c3bbf93f14e6c9d4def23ddde3b597e03ef9b472760c0bd9556e96764fd0,0,1,True,True,1,87,31898,d971ea1ae7f0b25b3095724e90cca112f3e0080c27173f8a67d7ace7127ff39b,0,1
472cff1f39f563b30261e9ce91f3d06455e2d8529de1ceb5cad6c4ef05cb64eb,bf4642526c4a3c0b6ca69af5c1e8fbf0ac6be0d31374e0dee2d8c2ccba684c5b,conv-41,70,targeted,True,1,True,True,1,49,15988,f9021dad076fa191ba25bf4b623592375997233fdd7dfcbbcf98a3ed23bdae62,0,1,True,True,1,49,15994,2cff9465d08c158c3a84bfa61d4f410d2c0d7639d9698a4a4fad1571b3a5c00f,0,1,True,True,1,49,15985,5ad06b1f0e99cce2651e8112518e5f4213899fcdfd43f870e37ecc1fddd93621,0,1,True,True,1,94,31998,1b08dfeef48d0f696f17891378fa04a58aecdcfe40a331fe415d5d23c44a0d21,0,1,True,True,1,93,31916,73cdfd936c74da435fdf1306d3133fe0c3afdc82d5b8cc324e150d5e5dc217b7,0,1,True,True,1,93,31894,debc26e5aae9caa8b3962949b67b41fdfa00bb9527907bc98471a4bcb7f4b037,0,1
1c5f12227666a19e7cade34d74a69ec8f8a985cfc6f633b27c78f7de40872783,4d965f2cfcb9610af13c4bd1c8227061c06228e1bb221146d34d74ee73881572,conv-41,71,targeted,True,1,True,True,1,47,15991,2af362637add402c2998085e4190cfaa9bf12117a1178e6b351f7281d20570db,0,1,True,True,1,47,15906,24a438ff83ecad7b726bf593738e3576efb78e16e28429eb04da81f6b5ae3575,0,1,True,True,1,45,15892,a12e8be8958a483086109685d8fb910621f5e1196f36f5086f3b2f229c795fea,0,1,True,True,1,94,31957,a164d70dc2c42eb116f3f672309ba3bc444fde9edb72afeef885d2dbe07a127f,0,1,True,True,1,94,31892,d234ec44fbb561e91e4cb5919e1a0cda37fb9ec4166618e85fc5fb9a338a4677,0,1,True,True,1,93,31992,9d18aad6e40c51c6be3e87205a96ea7b89950e3f7a4a71c831a1f9fa64a6c437,0,1
c680a0c7ab5e45bee663dad99784805b7ddc6580fbeae4a9dc740cd2d7933771,942bcc675c06a0f8237617795cc77cd8b43f6cec267908608d2724340f5f654d,conv-41,72,targeted,True,1,True,True,1,41,15988,0d5bdb9ccd3c3f6bd8ad7a4440b9a15f6cbe30d75509a991d7246fb1319d606e,0,1,True,True,1,41,15933,66bbb76eaaa1bcfe8699d17756184cce60b4ee3eadf5754be4fe622f99faea59,0,1,True,True,1,44,15967,7c43c41a7c7c42c59ae380e552056d66781933d77092cdf2d0e715190e5a90aa,0,1,True,True,1,86,31979,dd94eb17980f3e992534ab1fd9c823ce371b3cf071b74bdd3ebc678ec3b1cb69,0,1,True,True,1,87,31910,88193975909840c7073f78c1a99b6233881176e178c970f98a919fa3fe6b1d21,0,1,True,True,1,88,31969,68b8f3581a11e9a813fe31a26dac014f70081a97230c98e2f162392dca0f806e,0,1
f6beb86d834a79752f10413efd4ca0355c1b6b55ad2589c1017e44c894011932,fba3a9d74af8a86713d9fec06fb69e38364d05d54307878841e7952a261c74d8,conv-41,73,targeted,True,1,True,True,1,43,15977,56dd1eafef6b1a6b04d5e05fc7398f4f8369eb74604d6a16c7427897814fd245,0,1,True,True,1,44,15982,bb21d63177a447f3da56684d21d8fd6fac4db31b1ac9757f79066f6e0cc8192b,0,1,True,True,1,46,15994,8962020da425284d6a5e86cbb59a22f33570c6ea2e58ce22d76a65495a2fa97c,0,1,True,True,1,88,31991,ff199c4ef69d020f707c3d98f9a205e735d38d7eafd0b8b770ef8592b68cb44b,0,1,True,True,1,88,31912,1722d0acf43c6fffe6fa2f2cf54d475f5a564bf1a4ca3b1129dd6b5139c2b862,0,1,True,True,1,88,31916,1e236f700ab53c86fdc91a78c966fd314b1c98b398fe68f94699ffc47a43a894,0,1
5bcc60e6202cbdde78c437b697deab64f36b5f3232ad8b6d3cbd2b56a2fdf1c2,19e367e38b28a14db2f1334a3f0f3f182a455542d4ee89193e590435551ecc80,conv-41,74,targeted,True,1,True,True,1,40,15909,19e51b653d6b7d3cec96306d156a129f878ce01204ddb011ef5f561471f9675b,0,1,True,True,1,42,15924,f6535a552e4def36e4ca87ed0a8c177beb5567a27f867cd04ad301249802827b,0,1,True,True,1,44,16000,657e213363d39fe7f830d5120affccc72023e5646d8c98763ac645f5c4588bce,0,1,True,True,1,89,31945,02f4e53923bbfe84a73b1e387c87fd18f6d654a1b841a3826493ed4a28df6be0,0,1,True,True,1,90,32000,f17b890693412d746041cfafe570ffea5115bc4c24664c5da518c2076c14d024,0,1,True,True,1,88,31937,e8103584d8a6cef4b1a4d3fd89cc4777904da0d14e0e37e4c2f646a08b5ed7eb,0,1
136977e4c66c5c46e566f3d51725f45aae0327b6f8767183941e4c82a827e032,914d71e7993b7cd9c1fa08241475a9b3754317539be0aaa5f184dd851c6dbc2f,conv-41,75,targeted,True,1,False,False,0,50,15951,48ec1542da06129d9b9bfc7717054f7ead1bdd20a6428db5846ee3a430947aac,0,0,False,False,0,50,16000,9c454ef04e2edd54e10502d179564449ecf4cfce76aa047dbb81f25913c0bda6,0,0,False,False,0,48,15905,c5bfc4b2949c5954472b2e94220020e4a7d945d119feb695d0907dfbe2b41fcc,0,0,True,True,1,99,31894,3a8ce84997dcdfaa1ac14ec7e453ed9fbfff3ce8beef7744fc6db33aa91dbcca,0,1,True,True,1,100,31979,4c5b1e1cb77df8b4a8ae6428c0cd91958ba9efa6e9825f816f8c2f70c52246f2,1,0,False,False,0,96,31993,32d2d4bc01479c690391cbca7038f8383c440c6005760a511c86ade25764640d,0,0
142f8efd427fdd8459c9fd28efc8d8cbdbbe64fa5a726146d5fc8091e67fb55e,4689353ad55cf1201a9f50ba2b9de35987075cc4d5041a11a8aa62de439352f4,conv-41,76,targeted,True,1,True,True,1,42,15955,968bafdb55f5b0b1c983c2fbcc3ccec379e64e9bb14276653fdcbc0f2e43af60,0,1,True,True,1,42,15990,78ab66714599616e8be1de69130caf01faad148d37424c6491bd0c228dd97fa8,0,1,True,True,1,46,15981,bb1e43866eda888b41eccf202a921b26c524b5558fe63727504796a0576f8a8b,0,1,True,True,1,88,31991,0d2ea67c16c0bf9f186729b68d8c78ba58b0946aca2b26474bb351ebeacac8c1,0,1,True,True,1,88,31981,27583cca661d31e8b05e1d97d8bdf7fbff168f9f49ffca0d1a3bbe34d3b153bd,0,1,True,True,1,90,31990,8597d1205d1945d0a7895b8a025e0d9be102af96b2b052931ee24d7ab2df66d4,0,1
0625ad6d87d8c423aaaee7b3b0d12b1f8e31dced50e08add28f0d66c65cc08bb,9e36487fc6638a4311adfea37d2b847c7f12547a6e26cdeef260dd9e33140080,conv-41,77,targeted,True,1,True,True,1,48,15959,376ac4e6ebd022beb694ad99f59127b3615c688aa68d47e17686790991c5831c,0,1,True,True,1,48,15991,2f32da2cf561723031bd281478364fdca19b7e95c45a3cf85e63c0759104ef14,0,1,True,True,1,46,15896,fe77dc8bf0c305c9ab055327612494dae854f761841e58b1950dce2c393a0e8f,0,1,True,True,1,98,31913,1bd1fecb644db2a4131035807ed320748710e179de7f5dd974f481e6b90c989c,0,1,True,True,1,97,31898,6a18991058ed44c87d58d62c2d8cb557d338e48bc6f68310002de120e089fb11,0,1,True,True,1,93,31967,1b1af92896a5e835aa86ee7cc8bc40fd43b758db870dadddb272f50f25405002,0,1
3f26fecb7b8c7850ea71efbec39c056f371ed3c2e1824097de6da2ee1e698b66,6b5e68a82df310008fe929eef5decc662a8fb071057f9fca27b259a025dc8148,conv-41,78,targeted,True,1,True,True,1,56,15994,4939cd13f99a5c7c75db7a64072a7db1fc1f37bf1f6aac40a33a7fa5b310a70a,0,1,True,True,1,54,15940,73f11c6a6a76658c618b933b59e7440623f14d38541d80e149a40bfce7691ad4,0,1,True,True,1,51,15980,4e69f7a7606e11fa345d87a988be9ccf8d51ed1dcd8db5ad7bc8bc029bb72e90,0,1,True,True,1,107,31972,dba8e218901a2b69d76df91e657f77195eda48eab1fbc8ee4d34cf788b89bb25,0,1,True,True,1,106,31936,64f5a230ce5d2dbbe9d1df8f9f60ea5a9e01c81844b8269a8003f693c87d4456,0,1,True,True,1,100,31909,1ef2518f18390efbe0cff5ef766494a2fcc826843628668d5859873423128331,0,1
da4aa2928cfec937c75583ec57a16ecc35e80932f488f8c16b9c7886dd0ed6e4,0c573e23d08c9e6b69345671e7cc4917c1a8237059a7d3379c2ee869886b836a,conv-41,79,targeted,True,1,True,True,1,55,15995,117438f3a2359c8114dc952f5bdabd4f1b7918211efccc27375d626aad038b2c,0,1,True,True,1,53,15895,7ae3c391114e5e2e21a3fed435a65170722e87acc81e6866fc6016aa0754822b,0,1,True,True,1,50,15987,34c22cf01a22469201de1c14c0ca13754deb5d121986bc0e8068489249827849,0,1,True,True,1,102,31929,eef6f4d73d01a75c254acc5cfc60b144c5b8e941a4201a86dc2fd137fdffd771,0,1,True,True,1,101,31990,f87c5f8e01f34d8c8c89c47c713f175ad15ba7ae8e7438e8eac7767f8c2fdc0d,0,1,True,True,1,99,31910,30368309ad73f8da837d83d4e4d50f4b29c8a2328fe4984d0bc91481f3a8aedb,0,1
dd781c027b4579dc16f719ceb577c9c8a84b8b2a96151316914f6df1327b8939,516670ed537e249e6254ae126e160f797c074512c2db6508ff24e21d069779a4,conv-41,80,targeted,True,1,True,True,1,48,15947,471d67bfca6ee024f8b93de8d01af5802c8f051d554e097b89051c247899195e,0,1,True,True,1,48,15971,3ecce67b0971ea49f8a5ff4824357dcb1432e2ca024490eff3d3b189b228bf2e,0,1,True,True,1,46,15907,8b48f911c55263c8d4445c4505ec3a0b8197839150fd261f0aa80fb63f062f78,0,1,True,True,1,92,31962,658eb5c6bd8ebc951aa389389b928aa6127c84f414cc0be0f81f06c7b3ad47b8,0,1,True,True,1,93,31994,388fa0d30418236c6927c9351b3e892e590c7ee7d83c59538feb783fce2a2c9f,0,1,True,True,1,93,31993,98a4784c1ab7cb05814899b2de27b3f54a519600bcf8f19a9ade788460aa2ac4,0,1
c9e114ff54b2acd2f002de9314a2ba1e352f777440ea5367ae21264ee9bbf9fb,accc2497c6b898c0f1577ca33b83a7eec43f0e95dbd2bad3091e76fc9453b1ca,conv-41,81,targeted,True,1,True,True,1,48,15958,5052356c60a5c95992577c9dd0d2388d7c489f454b63b954368bcf7e1800cc71,0,1,True,True,1,47,15901,c8b2927aeb092485fa423e6a8c9712da2c449ca45ad8e998ec9e012e4fba719e,0,1,True,True,1,47,15964,0c8cadf92a1a00865e7b9219f0aba348dfc2f3b5fd6ac329b0d6ce9ffc66d6cb,0,1,True,True,1,95,31977,2b140ca6c8c41b6d3d323792a46f1c1506ac0a5c93e28ad042e8bbb6335310e8,0,1,True,True,1,95,31865,83fd3aa3f0ab5be91a49a764a0dd8325cd94ee77401de451f5261627bc51fe85,0,1,True,True,1,94,31971,e5ecae4c89c45fe9aa9962e36890058259fca15125690f2e2177e8ff4dc5f233,0,1
270e24fc0edb6f8c11f9c46ddebe26dd4ab7a97aad9365370d8503926e4f7f9f,713178b1d13977f26f00218631f124783ae863389689a5f1fdab8a27928591bb,conv-41,82,targeted,True,1,True,True,1,48,15989,b5fdb85834b8b04a616d14596de666d756e8d4c54c16b2ff6c85f4a17063f83b,0,1,True,True,1,46,15898,d3fb169cc00084af1d290868ad460897da99675aadc688462c6dd22e5b0792e9,1,0,False,False,0,48,15916,f9d6227bce6cec0f5ebd78d97e9977bd382b7f77e33055e39f24ba2ba52c8888,0,0,True,True,1,98,31933,ee76783dbcdce431fd62dcdf58a8070273710dd71ec5e25db438147070f260ce,0,1,True,True,1,98,31996,e6c204bdb5e3492f1cc1385cab759f52c9dc0ac9a5ba1e10945f6b68da8a904e,0,1,True,True,1,94,31980,7436c2b20aaedf0a0552cbc6e6b38817199c27514a567eb38f45bcb94e3cec26,0,1
36e03f6119fd601b7d3a76eef64c239c6b07f92f262412f987797abb20961b06,15d39b4c6116bc78aa25cbb71826d40530fca01679bacbeeb28af2d3a2782a5c,conv-41,83,targeted,True,1,True,True,1,44,15982,c85a2a1ccb91de2e0d95d47aa7f9980845ba2508c9dac0ba1fe04dfd665123bc,0,1,True,True,1,45,15930,ea7fdf178a99ffa8c5c5d5cebd5420a949650379444aec36e7abbdb321d0fa3c,0,1,True,True,1,45,15917,8579c7f49fc0a5cf2d7935c232aa447efb804ab1526aae3c4a3668fbc3fcd01f,0,1,True,True,1,94,31997,a7aae7e5afed8a3da66402337233c1322150099c2163ed2df7bc3677b8da1f66,0,1,True,True,1,92,31925,d7668c817bb6c31a66ecddc46ac53434deccbcab192b440283b7bede1837dd14,0,1,True,True,1,90,31896,05d7301598700dca0e6b1f24bbbc93d37b97f76f69e3234348e8942b637d3f88,0,1
190d7ceef48018a21395a1e9dae0b0eb0b009a9df899038c7eae7223557f00f0,604a79487ec352f2d11204ef88e27531e0db89a1b6caa68975c08146c6d6f523,conv-41,84,targeted,True,1,True,True,1,45,15991,c3157d78e5e77ff72821ccfb803cc87ef327ada232dd8577a2a4272c5726aa90,0,1,True,True,1,43,15903,926f11fdbf88a690d18cf2c7770d3b4f5888fb4263c19db2850315b56df67285,0,1,True,True,1,44,15998,06d13cc13c0b2329e4b86e9dc16b1b43d1035cebca30b4bde421a373f5b88024,0,1,True,True,1,96,31922,839f6ff58b8b9f66471ab0905f12a4c6ff3a70be2baaf43d767cebcfecf2c45f,0,1,True,True,1,96,31880,692b83560e90bb932d1e135b6af949f935087f49b973002ab62f1f566c7aaa43,0,1,True,True,1,91,31894,84a2149213d57b06a52395bfc009e6708675b1b146b4e87a2f343cb12b577c3d,0,1
a94a6c814011f43ed0fe862ec77997bdf8f6a04b7141e24354b68cf1b4363fec,abd2a4f605e7b86f832eae37a88ed934c20a5528132d71032d5543f31248d814,conv-41,85,targeted,True,1,False,False,0,42,15987,23da32b493a8b2e19e1b89b740e11163933aab9ed4be8983f2d6a28bd9a85f25,0,0,False,False,0,41,15907,356aa98fa45fcc7ce92630b102161ec395ee375fbfcf9aa6ffb99b6c3f9db053,0,0,False,False,0,45,15998,e0bb3dc404508fc7ee6872a8a291a28ce9872caffd3155700b16548de1df3bab,0,0,True,True,1,85,31908,d701e1f5aea11d2cfed9233acce0d06f78f8202b4806ac64618961efbacf67a5,0,1,True,True,1,86,31916,f3b0a631f0b0dfd94f23172602a3fb556bf8fac16192ee06c54a64dd87f63214,1,0,False,False,0,88,31900,87c76cd35c2faa77f2217224d7af5d5c89d174d8b92853a1f045d35219ed9f75,0,0
73dc27d967492533037784ea587ddba6841f0d639d7b5e409c8b524c7c680905,aa44b3e75e36c62f1ba7067967b240f4720f044718b56ff184d54e062f9c7368,conv-41,86,targeted,True,1,True,True,1,48,15978,1d2e9683de3b7a2f5c875daa1d4319332ae7127348874f457eeb9d676b2af9d6,0,1,True,True,1,47,15920,b5ebe989d90cd01ea0598199e086b0f2f93450ffea97d847f858018af3350291,0,1,True,True,1,47,15993,5e32224b9430758c057dd32b257a6dbdecd439e6916c415ff0b2b53dda6fe226,0,1,True,True,1,93,31957,1b9529917a50b1a454f67ddbf1f032116f96c261035417e3404e0b29994319ea,0,1,True,True,1,95,31985,bceed37a2176ba3c0165ce347a5c93331a44bbd701a499b2b9ddfc70c6a51f83,0,1,True,True,1,93,31987,817ad2f8bdb56a388457bd3e5265c111822c106e4211de0e36e1f7f08af1f771,0,1
e80a8cb12ba7e3039ed40c8efdc5fb9da4d3e878b7f5b519593a016d5951a072,d4db0d9fdf7d2e55119ac597d2b5a26ef6106d7d22422eb61f5d71bfcabdc424,conv-41,87,targeted,True,1,True,True,1,44,15895,c42737d7c53907359036a0b51bfc48bb9d06c678616b9a71f720b06434330eec,0,1,True,True,1,45,15904,46f6e7a2e57b92fbbea603cdbddf22637092fdaf0f6512ca9a5686729c3d2dcc,0,1,True,True,1,46,15892,a654b75fdb9f3cc4e7b2877fdffbd9a334e36d3bb39fa0f39b55b7b7ab2f1e61,0,1,True,True,1,92,31942,2520d0e9beb83b756d24fe05b763ff6df0c916ee1b2e2fc4f3cf4b9e9e018fe5,0,1,True,True,1,91,31996,51efbf8f173abf4c4b33f87426059d70ae663e0a3a1635d25526945994943412,0,1,True,True,1,91,31997,ad05bfe00a6c3bf1290971f79ee767da510d1fb8ed3f7d43ab1aef90c27c93c6,0,1
c456233af3ac59ee17409dc0a2d55e26cbf460c0b646ad354d1692f6d74c5bff,a064c6014bf39aa215b719110fe896fe0fe5931e1d91f7f9b980b63cea2ece0a,conv-41,88,targeted,True,1,True,True,1,47,15925,a174a34fe8d02a9351af745ddafe2713e61c2181de8fe2270ac959afab66af27,0,1,True,True,1,48,15995,3c658f9b4420f16aab569be7a8ea1db6db9ed28b493931525bc64fd6cd68a662,0,1,True,True,1,48,15998,90be181dbe1347374168d0b4739a98e5b96d638a14078df8162c4a457390b91f,0,1,True,True,1,96,31982,260893762fd95d023e6e58fbb535cb0cf5415ca967eb620a3121774404bb6ca9,0,1,True,True,1,97,31996,ac939297e5ee9cf174c80209fcdb5e2942ed55b69e407ab881cc01e69b3bc645,0,1,True,True,1,93,31990,774197d830d61a7b454664f805554151f8c07c73b2a558c08249b32f29d482bc,0,1
4100ab9797d09aa73ead8fc898286227a663d5ea1e77b6dcb5880834a5276bd9,249bc7aec2ce3026ac8a159a579f1af744f9b748c7058a8a9965cdfb2f04c009,conv-41,89,targeted,True,1,True,True,1,44,15999,a203bd3b29428a960f18cdad678b505fc447cf2d38cbb20ef591f9ffa297f117,0,1,True,True,1,44,15989,a392745d78eec7d830414cdfd221f8c46406bc740a338d184f9644f81156a608,0,1,True,True,1,45,15998,28cc6984e84e6a9e4e937b0ee84c9ad292588090170eb71f3e9b6e2cd6a21c14,0,1,True,True,1,89,31981,14a99b56900f32f276f4200eedacfd9bf623179de77d5a6427317611be730e4f,0,1,True,True,1,89,31900,9b8a8e312adfdcf8484a8a29d4c3bc863f661e33e07326e2c12f5509b617b4df,0,1,True,True,1,89,31913,4e4364191196a116983e4248082f37ba627aa2898d2ef238d4a06d61a7106ae9,0,1
1901350b68c5ddfe6c042552a7fcba09fa48459c221fba1a4fe1ca46e3b3943b,af295cc2048e481d1e346de97988d8505f8147874a754166fd01e1cd665da7da,conv-41,90,targeted,True,1,False,False,0,46,15987,c335f2776edca331f427aa61fa5fac39f8dde83514559ad1e114e9c0747e4c34,0,0,False,False,0,45,15982,9a8d9e49cd3a769f818985689e34578b435e136393c321effa07321312939920,0,0,False,False,0,45,15997,20e402c0569ce649f7690aad11632668fa1731e2a8fb3ce58718d8cf7e0ec2d7,0,0,False,False,0,93,31942,89c5f19cc7c57ac88509353174759a6014853361b7254b5af8a486c06fe50258,0,0,False,False,0,91,31930,4443d69f59086330739cbbccb017a6023661b89769e26e862715cdbbfb8c5f75,0,0,False,False,0,91,31928,872cbfd4b706b16901c8bcb327b2400bf2a89d1c91a10883d51eddf0f8b4a536,0,0
1bfdd0785118525b71ee4a4f7a260ca8198f9f47f7aea0cbb966acbedca16fae,07810b8d5f69cd79097ba8ccf9fc9d38b326349908c996c1d655d771e1b854ca,conv-41,91,targeted,True,1,True,True,1,46,15941,b61486c9212083e5782fa5582762d1ce1ab20ec0d56cdaa80e1907caab993f14,0,1,True,True,1,45,15987,ba5ecd0697c70cb5f30c8eb9f465fbada670190053c21d4c25ae73167d1232b3,0,1,True,True,1,46,15998,0ca282cab93e68125cc2320f2e841676ca63df12a6a4f67b7cba8473d2729551,0,1,True,True,1,92,31932,09af8e426a496baad2f3e3f59f2d9c30158a5684530a53a1ad168a086a32aeaf,0,1,True,True,1,93,31999,7ea6dbf2d98f7134bd8780e5634131305335736405703a13dc1f93464e8497fd,0,1,True,True,1,92,31988,f839ed1821229b1be772ceba91cf2c2477809c7ca0ad74e5af3d73752501ed8f,0,1
3fc421c922311fbcd561baacb0a3e2392686093904f25d7f0bd432b52c446699,18037f5f09693f57d983fa70fdd3bc30cb7aa850235741710ecef12cf3d780c9,conv-41,92,targeted,True,1,True,True,1,48,15918,a12401fe3df3dc4e316e14a9322f723ef7c2d6d499609ee41839b70171f7b34b,0,1,True,True,1,51,16000,2ebbcb9a382e263752db1bf58ad906c935ee1ddd7a269298b085a83d2b053b38,0,1,True,True,1,49,15997,95986313208277bbc460c9e31b38e4deeb2fee373451c9d8708d830cc697ae34,0,1,True,True,1,96,32000,6228286f76648a11dc49e8652fff339c70eeeafa42985d1c2f47820b8ab67946,0,1,True,True,1,97,31992,e3d070e1c53da8736e4c4fc7a625eeb79b43b202076249ea332ea3c285960e02,0,1,True,True,1,93,31997,1c361afac395008c0eaa5be578257c57638da651949309307ad456daf923e398,0,1
c999400bebd41b668faa6c0b86f43a7bc022aee773fc5b75173731a01ed379a5,adf15b621c69b959f541d774e42c861b084ee5ae900e43db09357c3518e7853b,conv-41,93,targeted,True,1,True,True,1,45,15910,81bef3c94c061f3846be7cd6df0bf84856a1f6b8b04b7794c40d7b12fe13ca65,0,1,True,True,1,44,15897,95d397882007dfb930726f868aefde668a819ad6d06ea9cff87653b9c1aaf9d5,0,1,True,True,1,45,15951,fd2e9da03a1989487f50e941f8f8c13a2e4f64aeec660a46cec3e4f3af1a727b,0,1,True,True,1,92,31909,5fee31fedb3cf4f6838072c16d5c03d64822769a8f087e13f7ccae761d14588a,0,1,True,True,1,93,31979,24de0a9958c093017f33d972506e3cef38e2582ef40449cc60b1740e337d5732,0,1,True,True,1,92,31968,97f3449a5e26a3fe2c9af99e91f95648aba5429033b2734d77dd042b59dd454d,0,1
9389c8d0e05c3e5300d9e079cb05b661ab96e470bdd216f02137729461b2ebb8,8118e98842e9dfb1acf7181abae35bccb7768e5c417324a562c5233acfbbf9ab,conv-41,94,targeted,True,1,True,True,1,48,16000,94890394c3b507ce5795cebb290520d4c13ee82c5624844e110969ada46d4d69,0,1,True,True,1,48,15917,5877a2fc4c388a67cc4641b9ac48bc2ceb02f32f5d8cc70cf4779a706bb1d23c,0,1,True,True,1,47,15983,f45221b36725a89614dab08c79c04cb847a9b84a6d249702253166de9ecd2e64,0,1,True,True,1,97,31991,853e00013814e268297c3dd5c2f060e9dcfe0294c1d4f663fa67afc296f43869,0,1,True,True,1,96,31916,b1e5992e19beecb249acdb87ae99b3cf415f6a76cb403c6e70680287fa3bc51c,0,1,True,True,1,93,31991,5e5dca39e5276b7afcd2272f533f38991f0b589798d1405d5bd2afac77b75172,0,1
4f8879b30ded93074f60074c056eddf69906ea51e349e828893a70f3dff6cd8d,55ba71b1362740312c046a276f1d76ab66936247cc680c4464a1758d0de275e0,conv-41,95,targeted,True,1,False,False,0,46,15958,794e5ed0b7acce454a553a90a82ee8b2a65fd6ef15277b3506fcaf6254594642,0,0,False,False,0,45,15919,5bc3b81dbb443bf98824c0a770652fe987e8836a67ca0dd08c3bde7597cbdfdc,0,0,False,False,0,46,15946,763715ea0f4843e9dadafa4498abf13edbc07afb1b912f7beb58a4e6418124da,0,0,False,False,0,97,32000,1d061fb40d8a10df840013347941ff7a1bc3465b7694ffe496ee6d1652de9931,0,0,False,False,0,97,31976,aae2597efc821e6ed410e93ef3f9b278a8a1ff6ead34fae30e5862890e16c5a3,0,0,False,False,0,91,31907,1b99c27743efa27182bc3de18aff0a5ea8653d22394a5a6488cb24154be68af8,0,0
fa6d171e774db5f02bb24e1054b0bae761a2e1bda96f2550e382c6ec3f677c37,324bd3fa7a448b8117537a4891adcff8898bccb772663b358359d2c558399683,conv-41,96,targeted,True,1,True,True,1,43,15971,01aa6b646219f0ddecc4f44572c80ee8650fc019aae8995ea362b40b7f27eec3,0,1,True,True,1,44,15932,4bf4a11b10291992ddea731ee1e95d244ea1047b8a8b96c15d29571b20ac368a,0,1,True,True,1,44,15956,574c6c181b1a63bb133a8aa4e9799f9b7c3d61cb1977c6798344bb56a0f68623,0,1,True,True,1,88,31958,267d62d75556a453eaf619d78b8f9a831462aa3b5e011d99d49ae0401f9e0fd9,0,1,True,True,1,87,31917,9f032c3ffc6847cdebdb19516c547468192927d292b0f3c8558e08b74eb4309d,0,1,True,True,1,89,31920,d9cf89b7274286203b8882cc8e80a03047111be978387993706a655a617611d0,0,1
e39619590c52e3edde97544e3bdd79e48ad166acf387110c0658f350d1c692cd,303a8dd2eafd48a8cbf9bfcfb27af5b9103a2306f3e0eee8ffc9c8fde55fd9fd,conv-41,97,targeted,True,1,True,True,1,42,15954,b7343eac1ccb651e602925637329e4f354c470b2b1d6c77835d2b8b499361527,0,1,True,True,1,42,15928,5b6d334bfef05bc1f439d56d960e8d84194e551629b78abcf4c30c00c41279a1,0,1,True,True,1,46,15946,d669207cd8b085b98ff9601ce6514765343417f64d64ec3e999003f05eb1cbf9,0,1,True,True,1,91,31991,375ca365bc05c1d6682d65aee31667989baec7b4cd5b803adb25154f4ecfe8cf,0,1,True,True,1,91,31974,3aa06972a70aa406cb6312e7edaffcc7dbc4dfe64b1d7323ff626e595b7f20fa,0,1,True,True,1,89,31993,15901eca8fbc8830c014776bbb9d661ed85b11d0b9dfb9666cfa6c8062a65e69,0,1
b2712f58b2f615d0a6001547951bd2dbe64c89f0a1f1dfb7d9b18b5d5c0f3627,19cbd4998608a1a970be48ce53b78376754b40d6b7e53266faf6c4497d9402b7,conv-41,98,targeted,True,1,True,True,1,42,15914,8129c7c77c59812b11ce918e7e9ec6167f608d2dd7bc6fb2d4cb619a6eb2f1b0,0,1,True,True,1,43,15989,65d92cfe27d84f4704127728cca4abdfef44ccef1d199cfec97fb551b1fb987a,0,1,True,True,1,43,15969,89cc4a994eee2d9d263240d0d93b17ff68af5eb55449ccbc30a16aa14a4fc533,0,1,True,True,1,88,31929,024578a4bad819bc975b264d87d56e013d70e9ca823b1355755e31b4bbe75119,0,1,True,True,1,90,31984,822221d878a10a386d53d449e8bf9d797138f95380a0500347c716fc303cfa35,0,1,True,True,1,89,31988,11652b75e7a5dfc16a1ec4e25eb3ab8aabfa5af8ed06893d15da5ca1768fdfb6,0,1
26b8fee9bc82a4fa532b85ea3d8323b8fa42b0d5ddcdec10f430a0a072591001,8fce8391071600ca77a266b67c43994ec09c8eedaa5e234a0dbe36cb8be26761,conv-41,99,targeted,True,1,True,True,1,46,15897,b42a1b0162176df7beb43daf1045cceed1ac072a2471aa78302bf6affb5adc23,0,1,True,True,1,46,15987,ddc6bce438fe0c4439f4417009e2c913cc9b53c8c855033e4e3c364310c1dd09,0,1,True,True,1,45,15970,a1b56a1c7839c40a4ade09d4c70490a93f7e98b26ca7f92e6af71343d4038c9e,0,1,True,True,1,94,31987,154807766c2e051dc12745f0e06b8db60640f4c10bc16ff19b5d1ac30ed16fcc,0,1,True,True,1,94,31976,49b2b476226c9701e4dbddc14e633f848cf651cdf39ffcac6a5cbe6ac14825b5,0,1,True,True,1,93,31970,bdd3408f6119178e0bbb065e95a44e78c3ad8243cee5ee9911790b40ce523642,0,1
55182db2ad04e61ecc6cd0f3979e66b93865f94a17333ff0c8e5ed980785c2b4,4dca480937f25235c9f6bc1ab378970b1468991f134bc8c876ea0c4d75c746fb,conv-41,100,targeted,True,1,True,True,1,45,15925,ac9b564ca7bed51049bd5102045711fa48cfa1b8a148c32ec706ead5c87decfb,0,1,True,True,1,46,15896,941dc37378d6ab55a0ab30449bf786ebf41215ec9988243e88bd625dc3e3db0b,0,1,True,True,1,47,15989,b7d76e599790cbf5369653f189e780e5d9bc9aeb2673ec417bfc5349dbdf5395,0,1,True,True,1,91,31990,8523e910409b351d9e68f6fa62fe54a0f17c3b6de30ad7a8993c8fb98f41a291,0,1,True,True,1,91,31984,5c935034b11bf1d98d3544adccdf4852fa12e8a051bc5e21d2ff1b98090e48c5,0,1,True,True,1,91,31919,58f5ae80221a64cdb44782bab719d21ee695abbd448c010e45a8ef6991f532e1,0,1
efd88595b29517e3b1c2d7400bb31442c5abef8727bbd934bb448bdfa44a595e,634302cc9199c6e006349c1fc5fe17deaa89f2b387cb4d5e01328c15b3f8db0b,conv-41,101,targeted,True,1,True,True,1,43,15966,69cf9e23e3015aac4d7c2b72708ca2bd58787de57744bb0f5ff819bcdcb465e0,0,1,True,True,1,42,15926,a0d34b2d03de67e68b6f3c23744d32ef2e24d049cb5d4b3b76d60e318c420c77,0,1,True,True,1,45,15966,94c6d5abd74f6c0ff20c3ca375152f745e39e745c04cc84aff2b32b02a9c1ce2,0,1,True,True,1,95,31948,c30360f9522b899d0299ce974a66d8173e5ae49cd6f74f031d9f1a28bd4f475a,0,1,True,True,1,96,31992,241cb2102f3266485616093b7ddeb4ce3b87239f9f886761fa3f772d9e713455,0,1,True,True,1,89,31904,dde2a4066ef7e91a3e9b863a7868511d98cb8118bbffbe6f8f96a74e6e6b1881,0,1
58d85e4977b631800845043bce927d9012751c51d39e62521802a28e9a80a3db,c205640cd531e25eaf7f5f27342d80a01eced5b369c31a456dd8547875ddfd4a,conv-41,102,targeted,True,1,True,True,1,44,15980,92c82963651aaac196959983d00c94821911312d652ffc3cdc3db0e6aa3a1496,0,1,True,True,1,44,15968,46ac9c66952c27575517e0ebf7baa6218f5bfec82db6634a7cb2a96ac2d864e3,0,1,True,True,1,45,15993,dc45732dcc1cacfcb3d5d5041398e8f1cc54bb024ed751ea03a4583329fbfcfa,0,1,True,True,1,92,31991,426c7f0101a7f1d21e3de36b077ac7230e57c12301e71f23d92e80e993fdb7f9,0,1,True,True,1,91,31900,241652f547c29442b9446754cba9b7495d575e35f7a02deda6136fd1643b0e57,0,1,True,True,1,89,31915,e6ccb1c90c24184e70384a32582fbbedaf448b548505c4946464e42b97232a72,0,1
168e1703c86018a1f83258cfcdd4ddbe50daff459aa968466f4736267465c34d,fb8f4507d6266b304a1af3cdc0a47ef4d5e9d5a10c8f75eeed6b15c452868bf1,conv-41,103,targeted,True,1,True,True,1,51,15970,e6d061b390c858da592edcfc40e7fc0f9610cd817cfd9230060aca5c44761a6d,0,1,True,True,1,51,15987,19d42e70d4b4f6c76a00519fd0d9b005d6020b5cbe6cebbcd33766153c70d71b,0,1,True,True,1,49,15998,bcbee2645da2e364f1d16dd33f65c45ffd2696d14eafed06e180594906308f9d,0,1,True,True,1,100,31994,9f10a2e4ed9107c7acd7196a1c074fbff939900496621de2ae0a85cd3e68effe,0,1,True,True,1,98,31911,4a180b2f0f85abe8973a8c7410570987880e300aafb0910985ca52aa63128352,0,1,True,True,1,95,31910,e55ba249169ce634a90693597f1dee50453c2b5fdcb2fa2dfab7813f1a39d800,0,1
2693c3a4e9e1cd94497c328a0f831b5f9b5e688f463449cedd3be453299c2c6f,4ec44c750bdc22d9f62839bc86f52def30a736eb2fc87f2c190b4cc760b29180,conv-41,104,targeted,True,1,True,True,1,49,15956,db55b13638669660a9ee9213ac9db50dc11ce1101755aa04e507fcb74c9dbed5,0,1,True,True,1,49,15980,d11f632deb36c02942146b12987129bb26462c62ba4272cb1f072826a11068fd,0,1,True,True,1,48,15961,626e3caefacc3b5e53962aba01a30f3f1eab23ef5ea2ff4c9dbdf5d3c20ec882,0,1,True,True,1,100,31931,f50157a6b7409668ac122262eaa3507a8ed96b2963841a37c913a04694153b7c,0,1,True,True,1,100,31947,7d3b1765b770d244bff32128cf3205e9e3709ef82ba707c36794759a81fb3ed7,0,1,True,True,1,95,31975,79802d22742607f2c2a812a4acbf24ec047daa5a13145d7b49b118e26952a4d4,0,1
3d884027b11bb5693383321ad96a7223d78e1fe68c2be5a3e9daf30c97bc1ff4,fcd3c4a77ec0abaec530df898048acaf5ea8709f6f95cd5be43dffd883717c77,conv-41,105,targeted,True,1,True,True,1,52,15929,ecc97746c77cc685aeda8f406904f76cbe79b6f0b9870202d5d55d868e05d75d,0,1,True,True,1,51,15992,118bed0eaec1295dcca80304d5c7edebc8c0ad6770961b952391784aae896a25,0,1,True,True,1,49,15971,ab6ca555a571812f53fbacc593d96dfa79eba87d0edafade018ff1fe5d1449e6,0,1,True,True,1,99,31994,e25d6c68b55bba1207087cac943866a1109e9ebcf3d729e1d073dac443739b15,0,1,True,True,1,100,31954,f094322713ad52b8121d5d5b17f0d283d90150ad665aaabcea7c1a6d5e303e12,0,1,True,True,1,98,31959,9b034f0cc0151e3f0c88d9f7cfa33274ffcc401f9ef7dfcae23408cb1344a28d,0,1
51a61d6ba9ea63725cba397d1854b772c98592406ce731e1f080534e7bf4d8fa,47a19d601c7ce2910c049ce6ad2077914ac78ef2eaf37fc572b5d24eb653457e,conv-41,106,targeted,True,1,True,True,1,47,15985,ffe1f943abd74b937e4ce38d932cb42adc5d31d85f0825f1264883584c7011a2,0,1,True,True,1,48,15977,e555e3528ba920b15175e3ab2456c533836ebe462e04a3603ed80d80bd564b90,0,1,True,True,1,46,15895,a4669936d57cb3c2fb4036df24ef17d39cf7f6ae568a173eea42ab9de7a34106,0,1,True,True,1,94,31998,44c264729bc57cd079425d6fd998785a4c25c2ac73bf559fd43643d0da8d08b6,0,1,True,True,1,94,31910,a1d413eca32c6e0271c2fa707b186051053d7abde62b1fb7f9efe7f967558a4f,0,1,True,True,1,93,31986,fd6a0b9287441e1f1747925d3b6328e0afab7b56a5f53de97f9373d47eeab8ca,0,1
3dd422c28b15bfc7532e5ec1ed43d7bd98d2a59d75d9e84e80e7ec4481683e4a,e4ea13996dd7ac87182eb1d496c61a478b9c784422613ea4cc128e15ad3ba9be,conv-41,107,targeted,True,1,False,False,0,43,15912,ee0833ad94590a4a093cd834e9b6e8b38136f3ffdaef57c349cfbedd42436363,0,0,False,False,0,43,15992,3a1d33f0d98a2a61bc82fa3ea90333b0dcdf54a0aa64452470022f9192b81299,0,0,False,False,0,44,15907,938538f7435869a0f7b78d3c39863cc7a0b37b91b62d6e63426d2de0e32a37fe,0,0,False,False,0,98,31980,2a547dc4e37fab400137ebee9cc4cf2ed83df74101414e0c3203b8a18e5daadd,0,0,False,False,0,96,31958,2d3f6010a15a7d9cf55a843458d14ed9d0e80b2b3bee43b087ae3a592241b1a3,0,0,False,False,0,90,31994,5507eea1a90bbfaa605f458792f9034511a4301a4c5e041596c80345f35ec3bc,0,0
4a7934decfbe4693843354b50d8dbd3395a6362f3e0d662986b491e915769e84,35841661fd92fdf810dc88c3e4530a9c9ab1b77a076cb1c232cf71a739b741f7,conv-41,108,targeted,True,1,True,True,1,44,15960,795b6589f7d131934f426642cd4fdac034da6376d6954b954ae88eea88132b06,0,1,True,True,1,45,15995,7a4bcb03c80df19dbf49a872ca0ad30396c82df6f03908befad2a2dd325a6ee8,0,1,True,True,1,47,15979,e02cabab3f6085ea47f9a51ebd888832936b07d06db245a28a4a446fd7b03687,0,1,True,True,1,92,31974,dfb79ac1bc7b54bc0c85c84faa8c43f858d2fe57b4e211ba311dd6b09c03f29d,0,1,True,True,1,92,31982,5e0fe2d47cad933b04d44faeeb0feb1b0f829ab2997fe57cd0a2f406c44e3677,0,1,True,True,1,91,31994,5b7ee7423bd9e7af4e19fbbf9992b5ef7963a2c015c96ff571d2bd9863e95bba,0,1
0f6a656c4dd3a6d4c4aa74e40629357576ea65b5af802261f6b8069a05a870bf,32496e105de9fc213a0b00fb7f932097bce4fc4f9d08ee06c8f9ac6ef0f033cf,conv-41,109,targeted,True,1,True,True,1,47,16000,f53f07946b9680cd89e34c7b2392d81267c87add4c8e33fa52722cb24e48bfc2,0,1,True,True,1,45,15980,6ea2bb908edb49646b5d884c34d4d3ef038c15375bfdf49c494efa954cfee7a4,0,1,True,True,1,45,15996,bc0871668ef4cc401f22551ce9f61dd5870a5dcfef6b56a3ca13c8c8bb42a4b0,0,1,True,True,1,93,31958,32bd9d25e5dca4586960665242893621b6afb3094d1d483c4b7304bd1cfb451c,0,1,True,True,1,93,31943,cc2dcc8a1b507040ed15af0467593200532d5d75b14064a62b07e9fda0eb8e00,0,1,True,True,1,94,31998,36919a2605485e9e00b14921cf1c2a63ea274ed833ad96c04a5eee41e2b75c0b,0,1
5be306aecff5ccc9b741c7e7c0dffc398351e3df3d221cd179c815ee2daac36a,e9207fb975724077bef2973430c5286133835fc6684cb8b061b1338fd43900ce,conv-41,110,targeted,True,1,True,True,1,48,15992,f4c79412602e785268d9ea4a555521527bb12e804f679bee58c77c4381859ecd,0,1,True,True,1,49,15966,e2fefffbeb696481f1c92c4cd6121ef6d06dee1ea3fafd17e8ac64be43b69cc0,0,1,True,True,1,47,15912,bb18045c36d477a7a61fb9625b1b408cb42e14e571d40457b35730b09922ee08,0,1,True,True,1,104,31988,955146e1954ac9979f970531e9daa8fc4f1fad8eea916b3f5ad92418991bef89,0,1,True,True,1,103,31936,62eb4a0735f8c00263eb99ab7f425c8e642b970d597b437dd729eb048f14889e,0,1,True,True,1,93,31939,54c4bdfd0b7b336da1b07b59eba4369afb7bd392f255df1cbf8720e839efff45,0,1
954a729e44a3de6ab20353a0bfd52a97d9a89029e0ada71346146f442b142c55,ce8b71cf0954f34b0993d5a6cf18fb7bb75bcfaf071d390674f63802c833f5d0,conv-41,111,targeted,True,1,True,True,1,48,15987,08fbfe6795752c0ffbdc699db4bec1b0d064e8b056ba5692bc3ef699dc331d6a,0,1,True,True,1,46,15915,5f9f33e99112b80bc87903bdd20e4abd8c008dde5ea3ebf7e73c5badee17eaff,0,1,True,True,1,45,15985,9e7361febf5728d7d7127a2546f9014dca0ff3d11a1ff4cf708d6dd7ee2cae26,0,1,True,True,1,96,31951,d0f51047be72c7c1a60c7feed6814c269bae7de975e3faeeefece0055bb0b559,0,1,True,True,1,95,31914,5fd4db9dc3d963355a60b9ca5e88a8fcb37596d79fdacf3b18fae1672edf4286,0,1,True,True,1,93,31936,24366518f396bbd092dab1e625061c5570da21af5da9403c38de84f92cd227c3,0,1
7b74888385d4318f7cdd5fcf18fb27921ede95b137677aa6e4446d7934ca1dba,103c8231cbcf941ee157c9afe5c78e55dc525148dd1af0fcabbff09dc14fa46e,conv-41,112,targeted,True,1,True,True,1,49,15977,04ff4329470f7e1a22090dbd87d71b905f8409b68e4a8934da61cab11c4991e5,0,1,True,True,1,48,15968,39040ba6cb419b93ebeaf3e5cab765adef9fad07d2e7597350a0511ec19bd9d7,0,1,True,True,1,47,15895,ef5a120a2637a62997ed5e2a42078819933fa75a8900fcd8dfec48d21e149ae4,0,1,True,True,1,100,31912,eb112e904d5c7c0b01a7899a25053c2f3d40d2c3c3fa7f998236555eb3dd4d96,0,1,True,True,1,99,31917,14912165f24248f8b1c97109158140a9d580541511bde12a2bc7350d4a5dc6dd,0,1,True,True,1,94,31970,af3c3af4f931eb03bfb0d096aad25a0b639fa7a0f86cdad6b2994a7df8fac34a,0,1
5688d1d9e3dfaacf902380b394609b040b826b533cdc91503dbacc66bce2c246,c90edcfc41103925b5686855149a0c04b71ba45f984f775a02333fc1eafd4d98,conv-41,113,targeted,True,1,True,True,1,44,15995,06336a8b91f81f5fd690832548ec7af93586d469ec69e8f2a8428cf82c9c2ddc,0,1,True,True,1,43,16000,aa84dd044593890a3ef16ac4a7e6be6bb6c920a89511b8a49930eba98cc649b6,0,1,True,True,1,44,15917,cc38bf77d8df5cffe6294daa2dcdc992770ba702a30a5a3214626c8b4b6abe86,0,1,True,True,1,89,31992,815e17ea6ff7349538b79a934d27414294e9e96c28e57cbdd56171c876e0c8ae,0,1,True,True,1,88,31937,825862ca36ba5549d1e4d0964290c8263306bf0943ed5ab34283988ea1397de9,0,1,True,True,1,89,31897,5c081392b161142425c50d0b53dbd21a9a79acca548cce7d4fb20dee768517ca,0,1
b84295b60ece1edc0542fc349f3a67ca39a2e0b1d356bdc17a689377141f06ff,55d7fceebf8928d0f23e20e52dcddb562d94b66831c403085c76bd62b8dfd3af,conv-41,114,targeted,True,1,True,True,1,48,16000,b2b08d4d4d331a58e4fe973ddd2e05b7974a18432e9948b334540df931857850,0,1,True,True,1,47,15987,9593a219c532afddfecd5d7c22669d4914bb1dafd94527a83391ad7c26067872,0,1,True,True,1,48,15970,d1175d94b9ba93baa3d06dfce6fd38804ea0c8080f7a7b43f55e9fabf95690fb,0,1,True,True,1,94,31999,c34782f4a30b533b8e0d08fe672b787f5baacef8f5e73370433eaccc174a8515,0,1,True,True,1,93,31918,48cf5deba767f99f5ea6b7b726bf2370382b0a4fed1f6a90b30d43c122beb0a7,0,1,True,True,1,94,31987,a1365952aa0c56858238781b8405a6a4e1821612003c0e4a717ae28dfebbe5db,0,1
ae828f6cfb3bf753e9d1f333795935d8056b1d7fc9908a14a9106751fb08bf18,12129d8902130b5a28a4d16d751148b96cea68ed38becd64800a477fa6d2e1ed,conv-41,115,targeted,True,1,True,True,1,45,15956,09f8fd1d75b93c564e1c41ab3b80685112a0963034d38babb6a49414ea336617,0,1,True,True,1,45,15987,c85a9b36ff46d103b00d174247351edfd2e604a0663cdeebae08d48d868d7443,1,0,False,False,0,47,15913,1ec9f3146ae5b281995ea86144255469dd76d6bcc21e9a0bb3daece24cd149b3,0,0,True,True,1,89,31977,2a4f124fd0f313913873da822a228b3d0adb3075b9cd8e22a3a7291804708e7f,0,1,True,True,1,89,31993,a731a96a39fdeac27c51cec85ed79198a2cfa3c67a1d3eb56f6680960cf2b134,0,1,True,True,1,91,31993,ecd820020b8bc398d197c0192a6cfc6aaae04126011bc3c983c156d79641d107,0,1
90d626053cf2bc0a67337fc7e441359538659b1e6d7cade9a19274e971a10ead,a4705d1988f920fa90c2f8851fd8240f88a6eae28be4ad6ee76dabd8e8ffa16b,conv-41,116,targeted,True,1,True,True,1,45,15986,f9b4474bf6cebeef58a6224117e34eeafd24c4eed9be2b6be3fe09117e178668,0,1,True,True,1,44,15999,207c41c2bd3dc060c0eed0513a5284944e3e985410415962a0a8405f06a631d9,0,1,True,True,1,46,15976,ac5105f984bce370ef2579cfa5e8f2951ac6f9077c6d4f344cfbaf0a921129d6,0,1,True,True,1,95,31907,7d0a2418a9162e43ef5884c3deabab97871e34092b0af8ed2d02c29e17092df7,0,1,True,True,1,96,31967,d91453e686ef8d304665012c59b1d21e57ee6d0cb2a90e67274220f99054080d,0,1,True,True,1,91,31969,37d5fe8c9e3a5c19463acc03d4eb683095f493d4c300b67679831cbaadbbd9ba,0,1
bc76f5144509b3b0571b40f1851b25f4ac54d12bfface698d23a4e8c2fa658a5,9ffa085242449988d18e2c145cdb62ca9a269e2e94e23bc6e4ab1f63e3335ecc,conv-41,117,targeted,True,1,True,True,1,40,15910,50bcb0686e19ba5467ad4f6da98d15ec14d54303e46d99cf17cd4ec5c5511fec,0,1,True,True,1,41,15923,db6dfd6fe8b58f2d0f5c3f52af02b3fa4302661114ec3d9aeb2b2ba90c251e8d,0,1,True,True,1,43,15912,c755c9b4fa1b0f1bcb8ccb6342a92d6ffa3cb6c67ef6d2a0a42d21165ce9c128,0,1,True,True,1,88,31929,67a2e891a241ea2baa6ec3dfcf9db75955c77bad6370ee4f92216e131d2598ac,0,1,True,True,1,90,31999,4b7dc87e2b588a9d4d9b6c7668af212c39f7833085ef233c16e3a83ca1b83086,0,1,True,True,1,86,31998,978063a6abb2e0e413c98eaf3235c7aa0e7da31781ecd182d000f0ec1f25b9e1,0,1
d92f9fbdcbf177c769957466731e88da32930795f9498bc4280fc1f75bd6f3d2,24f136c738429f3ef5057eca82540d0eb5901bcf33b965c7fe557047e3720eab,conv-41,118,targeted,True,1,True,True,1,40,15939,6d013167bb9d33d8957a223885db8d88c8edb6ce3a5b0e72abe11d5c336cb41d,0,1,True,True,1,42,15991,d2fac514db5d553758ea495b3cfd71248d4883e8d174f0022c5d12ba1b1a68a5,0,1,True,True,1,44,15906,d00db718b82b526dd2eafdc9c551ef489ede95656e6682c7bbf179762aebb3a9,0,1,True,True,1,86,31894,c40f174ade7df38b69b2b10f941a6281a57167036d2925c8fd461c21c7c75bdb,0,1,True,True,1,87,31996,c4f271425f3b556590333ba4a1610c8a4fe7dfd2efef63721d4b8ad261c8a7b9,0,1,True,True,1,87,31971,39ea6f1d288d477e174ed9f1ddad6c16f439cc51fff7f4340e703649f25153e0,0,1
455a52ad1b469fbf334c134723110e97df123f0560d5ea33f3d78a8eb58d6f72,790e2b3ed219484db6e405156de60661a9d40fe87ff68d291e9f964ea0105087,conv-41,119,targeted,True,1,True,True,1,51,15994,b659e3b9b6258739d37f40e2f6e1b0391bbed8e8752cfb28e5146a1e0f1e3fba,0,1,False,False,0,51,15941,b911aa1081de99c51f3e67b62b0100d1fa0b53abc14c291b56c3327801130216,0,0,False,False,0,50,15982,7ed0c3934a494ba92c4bfef99cc4691716b6c3d70c7d834e8321d1edf28d286d,0,0,True,True,1,100,31885,71e9a40dce48e7a419ea6e10d5231aafa832afe64ec7207d3e4f29f8f803cea8,0,1,True,True,1,99,31902,f88b712d58804f670e62e812f59942f5f8d637d4917118f8e326b74d8d794cc2,0,1,True,True,1,95,31932,8a7a6ef26d9d2a3cd5c58ac3a42a7bc2010c85f1433c4948680e173a630e00d7,0,1
5bc367eaaa7bb61a4f410d68d26d34cd59bdbd705bbc41dcb4d57d95386c4d4c,447c16cc4c319f49f5b846f036311137470c84645e72ccb7c40c9f0aa41860fe,conv-41,120,targeted,True,1,True,True,1,47,15953,80fb92de019d91954fda9d1bd8511b65c787cec9a8a89cf49f762e6aa70358e9,0,1,True,True,1,47,15991,1f6117c1dcb644d1200dbf0af881db04124c74c77af2be269a445d4821f5f109,0,1,True,True,1,48,15996,e467b78651be292dc433f0306285145cb011d21422c492fc2123ea2885d23827,0,1,True,True,1,93,31947,0cba73b36aa4fcac81664ec13b6cc89a788171245e56cee0e7ee5b8eba8e6977,0,1,True,True,1,95,31999,c0a97a4b1111ca407af4bc2e0f0db6208878a783745cc37634626b78bdc2a6db,0,1,True,True,1,94,31977,f0f5003f75544f366c814b161fc50d39a68efe74a1b61a05e930f4cf5fb719cc,0,1
a6854d1746ee25222851a01a93285abbfb39d0514ee85587d22941368c099223,13cfa970babaf48d3fbc42e54bf31464e2659daf3b81ce875bd49694c377b932,conv-41,121,targeted,True,1,True,True,1,45,15965,5a27f0ec625594de4dd6ce950427ca0ebceb6e9fc856d5a18b585e5606df4c40,0,1,True,True,1,47,15995,14910e2280f5345673ca69707f18990b04c810026cca1ab3030b2ed5f435f43e,0,1,True,True,1,45,15897,d1ad84aca754c883479d966c71c7f7f33ec746bbef01a2e401a0f23192100d89,0,1,True,True,1,89,31978,4353999cb324d0a1df2786653b00f49038d67c825e605923f540eb80775188e6,0,1,True,True,1,89,31906,5244f253093b1c515f383e65e6a602fd25b131e7fb09d44c6224575318844a57,0,1,True,True,1,91,31967,f35a88fccd2ad59b35b762d3891ad818728ab51be16b052071aa3fbb4dc6dc7e,0,1
cf05ff64213e09272cd0e5b7cd6776c449f2965300d00f17a893e654f6319ff2,ffa610b136cbd6747009a4df6842a0665fe7963962041d5c3c7e1447078e345d,conv-41,122,targeted,True,1,True,True,1,46,15976,4efeba4d5a7d973623b7be3692061e08ab48a009893dbf8ce9d13237aa4c92eb,0,1,True,True,1,45,15903,e0f67f1a89e1d440020baabc7e79a9ed84584e18d818e1a77e450c0fe0cb9e2a,1,0,True,True,1,46,15974,6d9f1e7dca8086c725b7b537ce79df0109f9b0e19d16037b54d607e1a3f94604,1,0,True,True,1,92,31945,a3074311932f9a057259c8811acd221bf05dc7fef3847fdd3294d84d15b29e50,0,1,True,True,1,93,31962,e92ab9a236f1c5cb78507a649cec142daac5d674e39ba462a2bd4defb8996ddb,0,1,True,True,1,93,31905,8c52d558904eb18c683bd31a399c0e9fab6f0127e2550cb2a597078fac614217,0,1
74fbd599bce6be2c928b523e49470449db883a0c82d2f8450c1139bd5cc0898a,80f805ee15d76161eaed53eb090eedad90ad76d6fc7ce50ce28d3efcbc6a9fa0,conv-41,123,targeted,True,1,True,True,1,51,15936,b95f4d14be48ef5b628021811c3346841437f7a514bbf6e84bebafdefa9a635b,0,1,True,True,1,50,15859,0510b7bbf307a480eeb9dd2bcf2a3b02ed832f5e4fcd3ccf290b365fb2fd315c,0,1,True,True,1,47,15991,74b1f897e6ff2f4e11ae93a0464816ab615804a40a72146a58618b8b2fef09f9,0,1,True,True,1,101,31936,9fc22ba147b0e8d56d5d488b6bfdc61d7e5f8e5cc3e909595ba60aef8e067066,0,1,True,True,1,102,31970,d51be9ad9d140724817c75fabb9ce24a385d04c600429efbbcbed862298be24e,0,1,True,True,1,96,31994,38af9d74f9aaa07c53c72b2fdc0a6e51381bc3042d0617cd8c4e11cbe4ce3dc3,0,1
84ef28a5108a343b3a3ff3bf27ab5b2deacad234e97573386015853d25b2f24f,599d1e3e1be93c634995da07e1a1843908414342802c402b9d79a0eb3172a1f6,conv-41,124,targeted,True,1,True,True,1,43,15982,6c233ed1ba38498eb6b8b14e31c79acb9dd6c627fdf62e175657eb95b2097e75,0,1,True,True,1,43,15919,01a3b178fe4f54b6873117eb7decf8830d73118a5caea37d15257d37864b916e,0,1,True,True,1,45,15937,618e475d81947fcd3c736db2997a461ccf4e40e464bc766659fc1b7d646dac32,0,1,True,True,1,89,31918,9e642b97ccbe1bbf48259d2f5d6f93c04d169beab4abee4ccedbce2a3c7e2877,0,1,True,True,1,90,31977,997af8447be42d60c7a3e397073958ea6a9d3589ea52e37f46b0a4cb5196a128,0,1,True,True,1,89,31912,e7d895bb021e364de1a7e30f4e8ae487128def764fdf808fc07ae363fc5638f1,0,1
b7e90f46d89e8bccb1cce16cf45690c5a26c021ebc3373d54727e79bbfb93b75,1d88890a2a6de7b35f635deafdd9c5409306980980693717747b3182b7955a5d,conv-41,125,targeted,True,1,True,True,1,51,15993,89329b07925c831bbb0f319483588b03224aac6e482930cacd2e523c03bb4942,0,1,True,True,1,49,15921,3dbb33ed039b7dcb8b931f185ed32970a6faf649dc5f96a21406234b82083e22,0,1,True,True,1,46,15905,ed85998832616227f05cd2da4b225b139e296be509c0937ef65165a864240d16,0,1,True,True,1,98,31934,d73866d49f97c312e104db7c6bfc632e4cb821a7d19b4654791cf071989a7b19,0,1,True,True,1,99,31938,06687114b0feb45327c91ed3f0ecc33e2d8054b249eda3b8bb6ab9ebcb1d0bdd,0,1,True,True,1,97,31925,57db2b9514508400439efbfc1ad121f2fbe9a375f7e022bef520d0e9a9eaf33a,0,1
406164621957eae559dfe03d81c3b82784e7e33dafe24a2450952ea16d2881f1,77d833ccb0e9dd675127678e447d2e9fab3da06c90cd04bbd509ce608fd3fb6b,conv-41,126,targeted,True,1,True,True,1,44,15960,c511cdda8c73bd0a55f066c3439d5469b18ba4321e181611820c608b3eb9ffb1,0,1,True,True,1,43,15909,f9113910a78bcb14837e2774fc0ae18e183cac9d00ed469320b020d831683510,0,1,True,True,1,45,15908,6eb1470f2f2647320dd5fb33e55b9fb60fb3eaf9c95d1015c179057fb42ffdd9,0,1,True,True,1,88,31913,6fc252e2402177413471a4051c55f776d92bfa8b878c33f8ffe24c6706ea2dd4,0,1,True,True,1,88,31998,8e69c4adbd5010d057f41bb4bd7a809b13eabb95c8db85e7b5efb196a4dbbbff,0,1,True,True,1,91,31989,38125524490410c58bcd25463cbaf5e61f35fa17bfc8c9386279ae2582865584,0,1
2210b772f786d52f146c4a8cf239de8716df204a78df574fa5e5bd38e8bf83ba,c88c5ae414db7c572bcc93b2e2c726debe921cd7f4df02e86b23f85bb563d398,conv-41,127,targeted,True,1,True,True,1,44,15998,0eed1f74b03818c9c2f8e98c8e48338ee11832ec92a0a827c9872719e0b09140,0,1,True,True,1,43,15940,634d3c275cb528828891f454dfed04b7452bb7d4a989d5f8a0b1ba161f1cb566,0,1,True,True,1,45,15925,1a17dd9a06525711ed11cd77b93355e2cbb553b5ae82df80ff8432d83260af05,0,1,True,True,1,86,31983,eccc8c70ad2a6d16fec4ad183d6b566f37f065b29adba465bbe2c136fd0e37e6,0,1,True,True,1,87,31925,afcefc7476e9e9d7f3411e7aa03d6ee3e984a4a070e3da81ba6e96dcd736c6d0,0,1,True,True,1,91,31994,ce5f80d4de6631a147c635f3baa1691a86853b9f4bf22c12304e02a858a8c021,0,1
b1e545e542ad874b3564a7412dbfd23eb1856839aacaef6b8fd4c4dea0abd130,c6b5c2fabd423ca721a806150cf0e92675af726302d43a8fda668daa40c4d43c,conv-41,128,targeted,True,1,False,False,0,43,15982,b3a0b26d79bec604be4b70e1c817119f8132c4e7f398a2a4216580abb45ae17b,0,0,False,False,0,44,15984,0f376e6de9e1faf891cce3dbad6a0883f4c75392dc6084fea0e290f2d5ba98c5,0,0,False,False,0,45,15993,c43043c4cecb48760db25107bb896ab41999665fc289e15c09a261757ae509d8,0,0,True,True,1,91,31958,a478ed1e2dba1c5c0c4f16e460070281ee624d5358900b35f0a1455378618ea6,0,1,True,True,1,92,31925,6e40872190b0326043ef3b8f82a1fa9237688e1551b780acf9af3e6538999103,1,0,False,False,0,89,31924,1b1fc0d53c01c38f93e5fede90ad9776d32f36fe6b6eb64674b1c2ad49c6790b,0,0
1c5c0dd076e28e81101b18fef840034a172a3780a7010f61f51f6a03d08a282c,2aefc7857c79cf9f642ef3156f96747fbb824935f7969eca2bfe009b77143070,conv-41,129,targeted,True,1,True,True,1,48,15998,829afb827b6bd43e45fb31c2376f4554eb9a9995942560d3a09b3c359247769c,0,1,True,True,1,49,15992,fb487b1504033eebf3bc4bf3aa562835cd0ebb2d425b41280b9e0ebac1bb46c7,0,1,True,True,1,46,15892,94c9e78a994f56138a1f0de894f76cd08a944bbe6e41d139873158aa5c59a072,0,1,True,True,1,100,31979,91d02f978912674c8e5b4c01691bccbaefc27e05dd68bc9920d12f0a9a562b83,0,1,True,True,1,100,31942,15d1c6e533ccad7f4a72040d6e562d769f58a41b8ae385439715523ef615ba5d,0,1,True,True,1,94,31945,ea98f7bfd64aca3b50329663082c26077053ed1d83731dfee1e2cbeefc1017c1,0,1
604b382a0da45c11954c71fb40ddd4510228b7118e916d2cadbc736e07b5f35a,71588e1b5f1ea9df8cf204550283abda9127c8d2d50b0df5a5508e4aaafc7034,conv-41,130,targeted,True,1,True,True,1,46,15989,8a08eb37d09f37c5737b2008ca1fab6e8f2256feaa8f155834a8928208f0d3fb,0,1,True,True,1,46,15921,f0f76c27606d87613326ea26253e4464ac7e7de1c37fb010f69dab66171a9971,0,1,True,True,1,47,15981,a1b392379e2cde975da1ff3ae8161d8fd064d768119a91f6fd820f2c2b8e5f54,0,1,True,True,1,93,31982,128ca2b2f59d6cb5fd29129a820eeddfa1b215f5927ead37de51ebb6c708916c,0,1,True,True,1,93,31929,52d23bc0fc94da54f0d89f5a5929de64bb0d6b45eb13f7f6fe033231dea1d228,0,1,True,True,1,92,31992,ed0eef4fe3b4fe008519b61f439c43299aaec57c4e9773e3b1e53706d061a879,0,1
d62bca93ff7c87776e395d7455366fbf1db749dce1ed2dfb3a723362caa27519,d1becc6e35bde4ec07fec0522b371c5deefe93c665b3b590aca6979ed7da2f50,conv-41,131,targeted,True,1,True,True,1,44,15985,2f32e501616bc080f0709f9393ba8367b8bef72083bb344e0f3b36c93a7c6f1d,0,1,True,True,1,44,15995,b4b1bba2864d8b966a82a4d01d9c3569e29284a6ba49aad8d130815b18739b01,0,1,True,True,1,45,15970,e59e5620eccadf3256898c86b3453816c39aa1885f447cc89ccea7d120cec381,0,1,True,True,1,91,31982,4502a689443a880008d5702899fc393d6683d1681c84cb1904b9327dee7efb55,0,1,True,True,1,91,31905,c512f7d15206ff06ea2f9761a98dd8e6bf1d8407ec1d874b68e6501bbc5af158,0,1,True,True,1,91,31990,feb9a0290ad01535e461c410aaad0a1698eead72ccc87adefb11489ca299bc85,0,1
bd6478ce3e8c00f635373de5654890be76bf0a5bb0c674eb38573ca3ebda2442,cfc55a82806ea4f1b035dc44fe96cc190baa3d83d010445479c0b4df50c2c8b1,conv-41,132,targeted,True,1,True,True,1,41,15909,ac6d4c51c3072a4ef9ae0e1e4c34febc705c38197a349e3a04255d3ad3290540,0,1,True,True,1,42,15901,08bdcff63d5c4f1c2612ab03abfc5f343ef1ddbbc6001e0daa2e6f2f541afb26,0,1,True,True,1,44,15986,593861ce6f17fba74b807b7e00fdf41ce5f8b50098d238fc4968a6b8fc72c736,0,1,True,True,1,85,31998,2de7569f7ad349edb390d5ed22c950de5d5f3d68f1e773283034b7d4fca07b10,0,1,True,True,1,85,31974,592113a9d5038e81bbc032ede51d732825d1439fdbf64e9feee5d48436d3662d,0,1,True,True,1,87,31988,8a8d22f5873e02acd70add40ea3a0ae353eee38f9f9a77fde9d203bfa199ffcc,0,1
858b453cb8aa44d715378ad5072017facdd6c4385bcdabb84701c313be491391,6ca1957d755178c92b51fe9ea74ccaebd3f5979ca91df00eea4b5cd5c558ffd9,conv-41,133,targeted,True,1,False,False,0,48,15897,876e138792c7216ef68170d7584229f83d69d789a9e8617c86c9ada99857b10f,0,0,False,False,0,47,15927,62c718da5c94063822f4da45ceb76490f41453aec601855c9aae7b6610ce621c,0,0,False,False,0,48,15912,87385bd2bfd06348bc2d02a85b0dda1da95b1baeb8c5a650ee06172653962887,0,0,True,True,1,95,31953,88f05f99129c6cc1b93a327b7d0b9ad11649860be5b9941a44e34623eea06d87,0,1,True,True,1,95,31972,5aab2bf826d73c30c93651cfe5bd755a7b5769ff2092d741da7ec66d409f46d4,1,0,True,True,1,95,31951,ac9091ea5a7e54a856ab7603f1bb58b57241e1e45c5dfce2d18a7a6ce39593a1,1,0
844db0408d7aa28edc4c2b59d01a9db9cbe2987e0244fdba0f3c3e3d063680ed,ea9c772698c4145a68425b3a0d493e06f2879b88864d9fc727bd8d05362566c6,conv-41,134,targeted,True,1,True,True,1,47,15974,10ff66e457d96a40377c7acbc4d5e62c4ff396c1a86e351daf392e7e125a4e40,0,1,True,True,1,47,15990,204584c08dac8f82dd3c6a5b99aab6014fb58378ae64557db9de63399c035cdb,0,1,True,True,1,47,15903,ab09bdbd4ca0a8565bd057ee59f9cadb4405d09b6d241f2ce983ed6b58dbe800,0,1,True,True,1,91,31980,5bc5addf2fbf138465f9dac9449cefd1c90f74a782fd5b2f826f7f703f123640,0,1,True,True,1,91,31991,c8ee49e51a90e5ca3fe3ed53c7cfc57cc733f9d1b75fea426ca47d32cca0f372,0,1,True,True,1,94,31922,8a6b2e65b51c5f4af7879fbb40187c4fde2452df8e8e1751ffb74d3a3cd55312,0,1
c7acb34275e7aa836fe52f2794afff19d0e499233d297c9367a4759d4ea78e4c,a861b4fe7163506572a02e204a36025ee63f93965a9d8dbe552ef72d56b02373,conv-41,135,targeted,True,1,True,True,1,46,15984,11957720d8c0befdaed82d926387b42411a873e1e3d9eccf81f112ed5fe48e24,0,1,True,True,1,46,15986,13a3eb1669b9677fb21c635b227c6dfb96ba1537741b01a653c93001df931dcd,0,1,True,True,1,45,15990,9be283c0ca26af8e38b212483782aabc405cff5278edd33a0d4dd42aba45c874,0,1,True,True,1,91,31999,cb91072f0a33b996418812eca0e731e729767d2a6100c49989d085ea250ded63,0,1,True,True,1,92,31973,fd96b478232329956a3fe5c684604241f0c469806c09bf3f680a0d17c1d5103a,0,1,True,True,1,93,31999,86e4bd3fa1d7de24f06db905a87d553cbd3d2dde092fb8010b07358239e7ae66,0,1
956f0a351bdc18fea75fe7faafda94f1788d8bdaa9629ca1733c461ce1d6dc1a,51427e211c6c5f4da23eec533f52a2d4dfa9ea5a669e3ebd206e08e96f68f06b,conv-41,136,targeted,True,1,True,True,1,47,15966,13ef69022de55bae1894938ebb6a5d421449d7456e154e89f5392181a1bd98d6,0,1,True,True,1,46,15913,db939609e9ed6af54882a3b494d8217f059fec7b7100a38c4cf450527a317437,0,1,True,True,1,45,15895,3a77e4a66c4f281880540f54af08355c7aaa4bbb49de79cb932f7306a4afce49,0,1,True,True,1,93,31999,4415ecb380efa637d94ae6eac2327eb4eb81d4f94ef2b99960701f70f705f2e6,0,1,True,True,1,93,31910,8a52eaec7fa64f081264fe6dfb1dab5dfbc5b6bb8ced665ef8f35219604eed2c,0,1,True,True,1,94,31999,bff9d8a2e1c414a74d6a18c05a5fb401398f855c894c668bdd8b778e9f86a0bc,0,1
4f8e31dcaefc3c934e771b2ac4cea561b675a06556ea8c98292f560a6ac44a89,f62a65743d1a2305fb7df42eecbd9e654532546ecb66370f2cfde6820bd0a1ba,conv-41,137,targeted,True,1,True,True,1,48,15971,c7f744f200b9c4e58f2634b6a423211d121396bfb4f5db38d6327ee13073976f,0,1,True,True,1,47,15995,86292ae227091ce106f61809b714c697067187dd91432cfc92568aa44e20701d,0,1,True,True,1,48,15994,16bb3b27dc1b59f555feaba492c70315f94a6c71334ddd728dccc5794202ca34,0,1,True,True,1,95,31951,35058ccc6c7e9ccd993c51655cd0f20487f08247163c149ef25bf0a76dadacbe,0,1,True,True,1,95,31989,38c9bf318c5f1769f79d6f79023ab4969b60b703a3a6df2739065671d25ca5de,0,1,True,True,1,93,31898,d759a06f2125b2a3696b098faa64aec29c6f2d095950ad9b6fe9e83fd7e18676,0,1
6985d96286902572e3266d9e8097b60dc94c50d9ab0a32301c39807b01d91962,e9c6f9b2ecb7e95c9deb35145ddb1ec6a824aab624c069604913830f814b0ecc,conv-41,138,targeted,True,1,True,True,1,42,15970,2299e9c13a78066f80290133fefe81d984a4c8e470a1e24e9fbdac6e3d87ca6b,0,1,True,True,1,42,15997,a9de782748c96133c5811dee583238ad595bfeb45e335e38e7f8611dc9ec2049,0,1,True,True,1,44,15993,ded69cd8cbe9ff33d54f0175384f1700ee6d22ce67237af00bbc4da11dc9cfdc,0,1,True,True,1,90,31995,efd764b2ea57fb3c6b0d6fe1358a8bdc70a3a600d19237d32af23307fd36fec3,0,1,True,True,1,89,31899,8f9a5591d41947562e39dde7b01301b9bf008ad0e899834d1c4a147593ae7a8d,0,1,True,True,1,89,31975,fc77d927ce26c3e96312143689fed94285670bb95f744bf794b72c25ad9e6144,0,1
2b96ef9d564aba43af0eeb5f2c664eda7e5d8487058ba11b1530556bb3968726,f5e4d6497052b2711d50c7f9d896322271e05e86d05b7a75baf773da4d3d2e40,conv-41,139,targeted,True,1,True,True,1,42,15922,a711dccd040151712d5a52f8ff1e48e3b62e78deffd5121d3f275ac8fb0f2748,0,1,True,True,1,42,15980,d4225290fc39d2444df0b0628151952e5c3b5e90804f3fe0a05cdce1ae47d590,0,1,True,True,1,46,15990,3e805573276362665ebc8f65e09814f12018a0f70c3e26428ff454a5db527198,0,1,True,True,1,86,31995,653578fafe9851c8f62206263e3ca9f84ab3c5915be229db8eb5f97398ecd28f,0,1,True,True,1,87,32000,a48b0b29e02e14fa95e0862ced974b24926545a542a6a92ba74d11e2766ef1ba,0,1,True,True,1,89,31978,e7dc359577bab6a25373863cad1d68c0f1d049c8c600aac668202db02b1680ad,0,1
12ff873895417b2b8738f301446f00e2af219622d38e45861687a1590889bec0,0b0d042c16185fd6aad5b821e0977dddcbd4118a7f5c36517cbb4bd767dc79db,conv-41,140,targeted,True,1,True,True,1,41,15951,70e8382653c8f61d3af16c876153b9b9254df9f63e96ca04e6f78dfd8a291450,0,1,True,True,1,41,15909,8b3090f99cc0ea779a56eb3926f6299b3dc93a4d55af52ad863ee650d44476d7,0,1,True,True,1,42,15913,4894d1d07448d6db3499f64bf7c3090b6680a78b470d788e8a6ec867e5dcf7b4,0,1,True,True,1,88,31995,fef03b209077a7ece8cb0e4db1fae70cd26a21f7e4f8068d42dc70253b4ee8fe,0,1,True,True,1,87,31978,cbce73efe33208d46fd512acde62effcb0a911cb4e5e65c91a90e88c32ac1777,0,1,True,True,1,87,31976,ef73b738e8a3548eb739478976ec301043f0568ead07cd978551e5f5fedcf308,0,1
e072a917b5401119f3dc128050485a770577c7b50f931a33f29801f058595c52,f17b583a6ed61ff6135be0bffdc064c86ee7098d1c18035817fd8140318d45e5,conv-41,141,targeted,True,1,True,True,1,41,15992,0bfdf63422585e8d491329b9dcf6ce80185d12d1982ae7867cfc5f1a80ffcbc3,0,1,True,True,1,43,15997,519bcca4156c150505bc5c732bf72189e607f4a7967881c1ae8c9ff92fb3768b,0,1,True,True,1,42,15996,6b53104041eea274e067ac5698210fbac44b6bd6043a8ae61993798bdf5f4bf0,0,1,True,True,1,86,31922,5808719dfdd29034f3205cd176ba6fd3a00e632eddc60fa3eca1e55403513385,0,1,True,True,1,87,31999,fe5588623b732eb36254e86a0de11344d8473e5b5b90e1c9b70782a4056b3b05,0,1,True,True,1,87,31910,9e30f961276f940525998258ef0747db27865538e76f9df599da197ee2439dfe,0,1
5ce987b031ceffbef4e82fe93d8d06b637164c5759c241b70c2bfd7918e3a326,ec1766331344b9718d27aaa9b4bd92c0134850a8151af4cde8f057b5432a7dce,conv-41,142,targeted,True,1,True,True,1,40,15915,6f986e785c546e84d3475df40eb14ecb6c56c39f7f03b2dd0ec183e0ce0afdf5,0,1,True,True,1,40,15918,182053aed25d56782670f8f603b735e2e4b5f6203ff6edecff252160565d67a8,0,1,True,True,1,43,15916,22a35d98f182ab4baa123d8b1f5b0dd3d34aeedf712aa41eb18179b97a8b9f70,0,1,True,True,1,87,31973,c878d2aaa1d967b7cb5a2322a182d89560d00304d994649edcbbcdeea589f5e8,0,1,True,True,1,87,31970,8ba448bde1e30828d56276fe2623d6a0ec28725f5c609d41af3b766de1d18ce1,0,1,True,True,1,87,31984,a1aeb1eeabd363cf77de9fd6ff6b7702cc7fa77b8804a409a421ba3f61cbf874,0,1
76689bd66bb41eb3f520ab59664732101aaf3b1495e54340df0e3dec2adc0ffc,b25fdca26aaae3ed8c360611c88bb947eff0ae87e346dc47d95609218b4d0de5,conv-41,143,targeted,True,1,True,True,1,46,16000,d4d17fdd81e45de7d7e6ec7e0634b38564915c40b79406af084f9bf7e463cb58,0,1,True,True,1,45,15979,09ecd9772eb4cb51d1a88af5396c0ab9de6b254578140755e9ee9ef5c5057f99,0,1,True,True,1,46,15937,7156c90cf71988a51f73950581435abbd19fd1ff61fa8bbaf1f2367b7c97280d,0,1,True,True,1,97,31865,22dd3e4fff1001413bc6d11b11556faa5a2e3fef0bb21e5dabc50848f209ee76,0,1,True,True,1,96,31923,e4f22d2bb2cb2390bc53b3840697357adcd83ab3f1268ae5318bbd20424096e0,0,1,True,True,1,91,31948,ea1d0cd513472e394819f7aeab5854f3816419636f8c3973c2888bf8df079929,0,1
9101305a13ff15c7ff886d67c3c346648c6aba6e4ec90ae10a2b472fdd7991b2,e43249bdf842b61de39971e34aae27d98130d377827697e85244079b39165fcc,conv-41,144,targeted,True,1,True,True,1,46,15970,c91871c905244e20ca131647018cc0760eaa197bc2d51f81030e2d1365be5a69,0,1,True,True,1,46,15971,9b05f1579629fd929d80de27f633da10a11a0d33ed1ec4b81b7d7b3e74af003d,0,1,True,True,1,46,15907,8183c6db6c3341142a7d7b9faac5cafd70a1d993ec14a8ca5fe5fedad54d0bcd,0,1,True,True,1,96,31997,d6ae0ca0db33fc8d604b154cdd1c8ab30294746d3a6c6797ef4c18bf222eadbf,0,1,True,True,1,95,31911,74a844672b57abe62f6dbf5ac19ce4d314fdc0c820e9c3eed5fbe3a2345fe7b4,0,1,True,True,1,92,31995,8c1ba30cfdd0e61709ff2d4dc9670830084de6b6d2319eb68daff19bd580880e,0,1
f848857d4cb60049328de9ac467b8d7b4ca90a22a1cddfc915c6c213c964e218,5a3dc56bf00257d10d87bb0bc03734967e5f1726ff448758dc53fc3766926000,conv-41,145,targeted,True,1,True,True,1,49,15989,ffb6ffe257b1405b0eb6567593647b36cd51116b6c14b2c72e01a340691c3fa6,0,1,True,True,1,47,15976,0206f8d303819a68bb89e1ceeb7ac84075a0df474e3e51c5ba7598bdc5d99a8f,0,1,True,True,1,47,15992,28be2edaa17a047c890d78caff25359148005f6cd1de40d28eb113a744cba74f,0,1,True,True,1,99,31926,4628e19bac5c272b9bf6f5272836acb5fb19f6a09987557d950bac81b6e5d76d,0,1,True,True,1,99,31992,e44ca17a77255b6e41f1bc6ffbd064f44fbd84973e11cd5f2baabcfd0f32fd63,0,1,True,True,1,94,31932,43f937047c3dce6d7483e70d51bab4599bee8e3e4d4935d2bbfcb164c62e9ff4,0,1
1b92581f7da6b206bd50389c0a92c6f332aeb24924ece4d4941c952da46001da,e723e30aa3d5c3d8b886ca7c44bd29bf89708c5979b5e0d59a7c1aff62a67d94,conv-41,146,targeted,True,1,True,True,1,49,15987,7db0a3a94e0304a674ddf1c8efaae4f941e6716c8df2986dc5de7c1356976692,0,1,True,True,1,47,15892,6f8109af7de056a200fd772a92c3b10f9e8492024cc489af4b0c5f25bbbf510e,0,1,True,True,1,47,15993,40815f1c8e20d0c342ae5e42c0b8aea5dc272cfa218e1360e5fd655bcc5f58e6,0,1,True,True,1,99,31988,7466ad28aba706dbb03136f81506b5bd4fbbedd918443d021cd9b3cee7019491,0,1,True,True,1,99,31998,feb5cc1b782ba765aff9274d02f0de1ede80cab95927b4f189597c2a3ed45e6c,0,1,True,True,1,94,31896,8426460664d0a111f240deb7ac749f3edf551925d015c2803d0a4676a80fa283,0,1
1570ed55c4d52662abd88063612ba29dd837e9c54087d855b6369874db8cc160,f78bc9f8c3c03b6fee90fe179744c065c5f1e9fe2df9f34f519c4952de98bf7b,conv-41,147,targeted,True,1,True,True,1,51,15955,45b9cc97e25e8e603d81413ba70e5eda6161a6f14afe232325e332b6a697085f,0,1,True,True,1,49,15988,523d2f7ef383b2bc7a57a0b50f7d437296092fabf5111f35611bce4aa1110b58,0,1,True,True,1,49,15977,18bcc844810a8d2edb3d365c87da4da32fc13babd57cc360d9b57867d3f8143d,0,1,True,True,1,103,31997,28fd7340e2481aa0378fd9009f15088940922c62a202198444527a369de6e24a,0,1,True,True,1,103,31889,2cea21c415bfc4729335080e17a60904917a5b7fe2e45d3cb4d78ce7ceca543a,0,1,True,True,1,95,31883,4eb089a5aceefe25d225b80fc198afaf832af47b6c9b9fd2e27e84d318df22f7,0,1
1a87e8b261ff7b06b8dd541a2ad7669f60d31cc5155664d0f57ec40d42eebe07,c7f1f5bdf47f13098d2f4a9c1961da55649587e67ab81b0123206e188b7b58fc,conv-41,148,targeted,True,1,True,True,1,47,15968,0ac73429861695d97e9aa89a2610e5e743befabb537ba1b9a09e262f28167c1e,0,1,True,True,1,47,15963,d0ade7341ef5272860742605766ac4ad390443aa77fb9756822fdc941d081f03,0,1,True,True,1,46,15944,f3e39ec8bfcffe7bbfc86a6e60df87a576695e8ecbd0cf6ce5de622b03c8ba57,0,1,True,True,1,101,31993,11a539510b42e56c603454a0d3bf93bf1048b108ed12722e8fddede425cf3419,0,1,True,True,1,100,31886,4e30d2d3c91e8959b509a03a1ff2236d246a1530c211e0afec9ecf8436302df8,0,1,True,True,1,92,31885,e11bd08fd71d32b3a71f1f4f5bc047e8feace7beb82de6157d6f5c0f94a117bb,0,1
3670971da03be2d4a8dfb869295c91ae95c9e542e2cb1940890c3e6b53c0255a,fd64797611800438db30180fe5598f97e30faf79b4bec6a21987c3cbd73e06a2,conv-41,149,targeted,True,1,True,True,1,44,15945,4e659b1ddd2aa1782888db98c03936da870303e9ecdb22b64852eb1ee69dda93,0,1,True,True,1,43,15982,97177f1bc65d0fb0f632dbb959ddd7e2c4dcefd75157a16ad42abd69297afeda,0,1,True,True,1,44,15920,e19247270a0c5167dfe37eba0cda525cf723b71419a870a4e907d0fe275477a3,0,1,True,True,1,91,31955,9606a8ced95258600fe79e1fed90efb0cfbb06d19449aca17d74141571c94533,0,1,True,True,1,90,31999,ae02ab8c63f2bda209603763f0adc3c1922b14dde83d3613860d772c56af0145,0,1,True,True,1,91,31997,181d9c5ca6a9aca14e48dd355792dffd3cf3842bb8364756f9cb1f3d750950f9,0,1
35e21af4a0f1ed9b75a9cb0c2a3b228af7fad01f8d34d71b7be63089b58bca6a,609058287a25d7a00b30520ee0fe28ab44d61d674bb8ae343518fe25c714f117,conv-41,150,targeted,True,1,True,True,1,49,15959,e20e1321ca6d694b42874002500059e8051efdef204935bcda625d5ccbc98698,0,1,True,True,1,49,15930,ccec7c72c61477a6e35574759fcac2344b210b5f88bedb24f2e88bb89b71cd45,0,1,True,True,1,48,15924,08f837b10fb2bd26e6a567f00803fe1abb4641fb7a544c0c2e3930a10aa32335,0,1,True,True,1,97,31978,22cd5d0e8142d768bf01472ee3741d85f91c13c3d44b91c8269360e9b2beaee7,0,1,True,True,1,97,31999,bbc62fb970c4b00bf212dc62ae7fe168b22e8fdcb5aa9b4c15a68e5695678a81,0,1,True,True,1,94,31995,c3da26ed554ff9c1e7cdcfd147a0d81584c1e6b41b74b39ce565adfa9c81bf9c,0,1
fef3e92cb81eb3393f5bd6e3767aab8c3ac558f405c5c6cf0d3d026c9f5fac5a,ab1edf871207ff748646071ec91691f140bac6a81d2a3befa8e1375e345364b3,conv-41,151,targeted,True,1,True,True,1,41,15942,7bcdf794760ac957ed9f44a605fb7ba9644157349f08fc008780bd386966898f,0,1,True,True,1,42,15998,146679bff6646531433953a4213a9bba7aa7215424f8310f6d934f378ec0d6a1,0,1,True,True,1,45,15997,915f8d390398f6e6e7176febd0982de152364193f611fa61e938a96bf064ecbf,0,1,True,True,1,87,31913,a51da27b1d481ac074f823358813756b13c51aa083cc6c984daff31af5339d86,0,1,True,True,1,86,31995,00307b1476704ca2db8467a535386816ccfe474157712266a005b01b5869443e,0,1,True,True,1,88,31986,194c3954b300959046b3125df36b3eb94929a298f9f0a2036e64019106612953,0,1
2f873ae93a4065c7626bb66686865ed5380512eac8178e185cdb39dd3a3b39aa,d944ae74f647c5c2a3ecdf196d99fe4bfefa97a2cd233133cddc30110ca6863b,conv-41,152,targeted,True,1,True,True,1,50,15993,6b2fe297f2c5dca6bb8f28f738d6b96127248a40d0152707a121e13d2b65aabf,0,1,True,True,1,48,15988,ebbcdd413992a1ea0334c2085a5a097dd1e322203d1f7a07136037cb58bbfdf4,0,1,True,True,1,46,15998,9959b8a8282532ab485fd5a2b98c5aa4e4ec891d440fb875ff8ef3186d76bbc3,0,1,True,True,1,101,31995,b3ffe9bc969ca65335470ceade816fd07bffbc435b3ee96d3fd2237d73d7c518,0,1,True,True,1,100,31940,df4d4ba727e8c5c4c60dac1ad7590fc5b8daca5227c64bcbed7e2284e8e3952d,0,1,True,True,1,95,31919,1248ddb2c02ce284f666799046f019986d18d1688bf12665f66db5e259fb4084,0,1
fb14b320ff7f961f39c0540c45ec7fd6143c82f9d362be404b882fc762664713,e57caa72b0dc04335f6c079d1fe3e70e2ffe69bd94f011d753ecccb2c0339ed7,conv-41,153,targeted,True,1,True,True,1,44,15968,2ddc81ceb9723674e54319a4c511f53b008f20bef7a4236123e12966f49a7e43,0,1,True,True,1,44,15996,4828f4117f9fae61f4aa81fa6f807a17eb209ce2a448dc817c1e9a01c9112090,0,1,True,True,1,44,15980,2b2bebaf4de36fd7a3d0113cd5c4dd84f86f1fe1316e0539264bf6540b7dadbb,0,1,True,True,1,92,31950,bad7687762855c8d765e8bdef987fb75a6b0d3564978aa11dee35eb8c84e7feb,0,1,True,True,1,92,31859,2dd7d9d2be9fa5e43337f2f60dad93acee3a567c4be9d47c000f82bbee050930,0,1,True,True,1,90,31975,e7d0886d9cf9fdb998145556fd0522fed961edfece323787a2b91b9083b147ce,0,1
43181c9e0e61e087f1844007955635e2a580d7b2a4f1265b2cb07674ecc2fe21,2fff8ffaf2293b2731d0857d971b9df97f6e85a59e54d2ea0780edc6aa33e11b,conv-41,154,targeted,True,1,True,True,1,41,15993,cf1b13d89cc1768495f449d799e2ae9674dfec65ae4a5aad895a1b43f62956e9,0,1,True,True,1,40,15931,72da8e2f874bf29fcc9a678a6e48c016a56822208361afd5ca87ec51c2f44eee,0,1,True,True,1,44,15919,f79f31356aa1f408354485bba802887ad2eb5edf5d77fc495bd4cb8165ee2907,0,1,True,True,1,86,31993,fd4b68043d1b6fcb54825b60bfb6404d006163fe1400bb0dc52d3482847d8d50,0,1,True,True,1,86,31940,aa1d33dae2a9b4a8cbcafdc7d1de9d09396cbeec4b924c8ca667383b5ad17c23,0,1,True,True,1,88,31993,f29be81aab93d16d9eea6cff433b2f0cb606912bbefc0deeeaeb73ff976507e3,0,1
6e9cb9db497fad635aa4bea49e0842d5d2e19e25ce9187a07f8deba8eb82f622,948b6209f2a6a004655457f3fd76bf51b32582b3b6c206d128c64e2d7be91604,conv-41,155,targeted,True,1,True,True,1,42,15986,38e80e54aa85b7ff996fe7c09312a62fe98e509532f9f0e5b4fee04bc31c9201,0,1,True,True,1,42,15912,e5edfa9d43a3e34adda218408662ce7e9d6633a1bab9c2256522d106e3ae4ad1,0,1,True,True,1,46,15991,fb9430d8a43a68ee98a4591d9a1b658b2f33107f7959477321e9badad6100e60,0,1,True,True,1,87,31931,83b2238ca750a3a65df10a00b568aa1d7111e389675c06b691b6ba0862ae865a,0,1,True,True,1,87,31999,4346a9ff162198346401f424a4d1af2322cdf5486b32fa86116270373185c7ff,0,1,True,True,1,88,31906,cf869bbb252ff60c3c18de4f2072a13c8137f5d8b743cd6aa7fad883378493e0,0,1
ef357ff73e1b22a58be8d9db6889567f79c19433b565ae18dc6bc2c0b1a0cf00,86f319e2ebb9e3df9b7ba7cf2ef2cd0173e8cbab124785ed6ac882c6b7c8b4fb,conv-41,156,targeted,True,1,True,True,1,47,15911,d7f181e65d5db6bfa1dd21fafb95097e6fb0fa8019972e8d8ce8b384e3ab3251,0,1,True,True,1,47,15922,fcbf61b8d73ca5f86a35e91bf67b3f8306f9fca5e4017e957ad4401d7e3b8de2,0,1,True,True,1,49,15976,a9769864776b002b7b55088c8e10985f0aa9178b3974eac157a93d80b06130d9,0,1,True,True,1,98,31968,be93fcd178cfe422229e7bfb58b7df308410c5dbf758b0dc63b2c8ad3714cb58,0,1,True,True,1,98,32000,fdeb2396004dd8f2da3f2625ad9e46e5c2354be44c1057d78853f8cc5c960599,0,1,True,True,1,94,31950,2c4ccc1e125e1e0e16982a8e8dc66b0bf881a621de7df281bef8d0f011dd1903,0,1
5c40f50da56d71150d681519a9d5a8b7a532c29471cbbb1af763986947b3d032,471da0b1b9867b5ebd47a4049cc111c7d4d8906ad83de0a290379da6157f7807,conv-41,157,targeted,True,1,True,True,1,53,15970,09a71bd9bf4943bc3ba36262b08e48b2f60ac3a74cf75a6f67d0cbca2349173f,0,1,True,True,1,53,15978,d6d89430a87e9440b0679af7299a0634261e3aa2296bc924c63219cc8c6cb67a,0,1,True,True,1,50,15969,a84977d6b687945e815b960883e9dfc558993fd758305176094dee34d13e47ac,0,1,True,True,1,101,31913,b9781052ced76686548887fa07c0ff74822f67ec04165001a54e9c3207e00265,0,1,True,True,1,101,31907,43a6cf76b931958d29786beb7d71aff5b6e2d74d80f7c479cb3a749431203b42,0,1,True,True,1,97,31996,3753ab052136c38b3094384213e9b0f98cefeceb4778ea35a50fa89df5acd450,0,1
1f3ee3f34a81eca7572a66bb71b7f4481cd70c330a5a12e865fa6b8fc2b2e7de,13b94f42ae3f6636d231241929632b81c4c7c74eb2385471b3e6860cd9ab7d45,conv-41,158,targeted,True,1,True,True,1,55,15966,fe682bc082d0acea0467b867246eda0dd8ce33cf4153dfe356e69ef1c99eed91,0,1,True,True,1,52,15911,6e91ac151c29e1af111afe6dffa51063535450e2da6d5244bb40cf34bce4a2ee,0,1,True,True,1,49,15896,2c463580c3832b20e03ebc3a303738a3459d442a75ea19aa452557a8097620ea,0,1,True,True,1,103,31993,7abf12999fd8443fdf1cecbfa0a67e962446293a77530edbd26c7e351bd16c1b,0,1,True,True,1,104,31972,9bb5ab5993e531017a3099d3804c2bf40b9251d957640bc6f4dd904a103baae8,0,1,True,True,1,101,31996,9f8d9af3feb0e188168e8d9734ff9f4dfeb662095fb7f06cb9888de7ada2fb4d,0,1
536c077c64e2ca53c7ec0ecd286cea51d1e4e0501c1dfccdf948b55a06c9d725,f58eb5601f2ab476bfc5231e10c33791d12a5a4d042ac3b8f13da1fa68b8de9b,conv-41,159,targeted,True,1,True,True,1,45,15952,bb4abf385ae49a2c0c5feb4e9f8fd5aa547c8a408dcfaacd823551eed860cdab,0,1,True,True,1,47,15893,5a948bf9b66d2cf3f108dfb23190459e17c50e308bacaf09a441535b638d28cf,0,1,True,True,1,47,15933,bd263f08805beee53c8c3664f9c004776636fa0e0a5cb7b50e841fedeb34556e,0,1,True,True,1,92,31963,f2a8a15601559360f67dca31037bbfb668e56937455a31f532021b775f284a42,0,1,True,True,1,93,31941,d4a2a56ddec15026911d2969545d98632e5baaf40f3bfd7cf3196bce43b8c422,0,1,True,True,1,91,31996,5631c40b6c306a22c4dc837a8bccec701d6aff2561e483006781db9440be87e6,0,1
0bcf087c0ef8be688509b681612275eead3b01e80f063f4b650ed1e8ea4080f3,da3566713e89bdebcede4111666c690037e00b7b0ae5ba20c9bc9c65acdfb96a,conv-41,160,targeted,True,1,True,True,1,47,15996,3fb196324bd3c66985e8e66d3e7ee3df3290c2d9275d199ca2cba32e84a9167c,0,1,True,True,1,48,15910,be0911f5338cb69090b830c200ac1bbe807a944a8cffc0e21363b1bfb1b62a9c,0,1,True,True,1,48,16000,c85f040578dac460c2da95f45a72c91a77c3baaeca9cc0ae02543f390aac699a,0,1,True,True,1,93,31947,86478e44b9b2da8fd45830bddece3a028f70c17fa932813c873c25ad0b17e025,0,1,True,True,1,94,31988,25c431e6a40250cf5e90d55bd7ac4bb8deeebafadb08b900701cbbef8ecef66c,0,1,True,True,1,94,31981,805f497fa850ddf3191d253c7d4b168b2cebe4719e1d449723bc77deb6931aa1,0,1
a733b6d1016435b34c02fbd860753fffc0e41a55b822a2fc4ef6beff6adf61c2,59141205c3a931bb48f2f6264e0d376f16657447620b90672c57e75eb3bc39a4,conv-41,161,targeted,True,1,True,True,1,49,15931,7c00caecaea7044dc7ed99f2375b4b7fc82342277174b12849a2cbdc77f9de34,0,1,True,True,1,49,15888,3c7632b2ea2863ed0570e2613d6f903760ad90a3609538917bbccdac7d28ed44,0,1,True,True,1,48,15970,c52af9ee751218b76de7fc0df81e4ea84ac42009840c860e59bbf3c86842b464,0,1,True,True,1,94,31888,69641394686fd32aea0d03b3889c937f096d7386405106ac4a047f45938cd7e7,0,1,True,True,1,95,31860,4f452ef8918dd9504a0b4f868760b97fc3214064458e394b7c2cb92dccfb0611,0,1,True,True,1,94,31943,effb0ccdc94ad0e20b7d9a609f488f4c75f54293d5113297f1c098e8f9a2b986,0,1
0d712678dbafc8dcca620cc27e76837b565e64105b8ed97dd99694d8a4997d08,2541723478d6dd1c6976f3a6b8ed23ca93e5fe2a85f545fe6fca32ed1ca7db29,conv-41,162,targeted,True,1,True,True,1,49,15901,a1bd749482feb3e79c219d9d194f46348ba0d7e1e34c083dd5f62206fd62fa69,0,1,True,True,1,49,15909,dceb95a7b96be09b34f3a0d9e2d7d67f91834a7397ade3f39c61af717c58fd9c,0,1,True,True,1,48,15997,ef0059fa281dc8dd5dcb540fcc8b668dc3325ad40892d39973f9c6aa8355ede2,0,1,True,True,1,98,31978,0e480ce7027640e83fcf6af27de9797efb40ab935cf763cde09e33dc9abfe8c6,0,1,True,True,1,98,31894,dad7fbdbd22ec1ea4817040376fc29e109cf8b88f7f264958a1283099ca42128,0,1,True,True,1,94,31995,952ccce088d0854d22a0cbc8c537f4b91d36a0c26ab4d24152336c2a41c9c7fd,0,1
76457879964b6b3f5c36884a8fbe5d22104c0f1275decbe6e1e80fb061fdedb1,09ff6774c4f5655ed95f9af61b82f95404a209dbbfd48f5c9133cf3e4c974b67,conv-41,163,targeted,True,1,True,True,1,42,15991,403f47ef076012848d040bc94fa7862807edb63e00f8a2d9045a97488ce0eb42,0,1,True,True,1,43,15993,7e1f8fa20a31fa12975f32e4fe529ad6452a26b7ef1fdbb3eaff2679b2e1766d,0,1,True,True,1,45,15923,75c1aa54fc67d4b8afc9b1cbcc1147452c1ffec50c01e0bba5e4ba4a75913a50,0,1,True,True,1,88,31992,a186354e8040101aa9ef4b63c07dbf7dd59e4dc3a425315707f9eb0576aa06db,0,1,True,True,1,88,31922,fe963b2ed0d6008dbf356ad6faf3f5481670632f62a3a95e4604d54b5c434879,0,1,True,True,1,89,31923,0885f45ceec91331209e3bccf1f8c4db8af04bd74c0aee3bb1b2854f828babe5,0,1
9c6a4a501dfd293ab8c57f679663b811850b7a92906d3f1fb3f0d012b95e469b,951586073ee516dfa1cadc7be4db1c217d845d750c66765c9b6a7b1a70cd50db,conv-41,164,targeted,True,1,False,False,0,44,15901,c9a04f644a1d69131689ebff5ecce96db1779fb2fdc15e5236e7316807f68e6b,0,0,False,False,0,46,15945,970cbf52576de96268ec678ce7eabb46f2068d3052fad40c4a7c1b695b49df85,0,0,False,False,0,46,15918,55cba95c17a6589ae85b4a3bfc39fb870394afe038ce9e85a200224cfcba5db7,0,0,False,False,0,92,31999,df30512be989c27946b98c697d30facb1d5967c1bc265386ae6ec1b19239c1ec,0,0,False,False,0,91,31977,938845693eb88b1baab64fcb899eaa9ae58208671650cd4309272e97c83366a3,0,0,False,False,0,90,31960,934bdf2052437f8c6fb2157d51aff2213a74ad0b435bc377e1a3aa7ea7ceb47c,0,0
43b124d25ed567d81c8eac80e6ed3492d0818a3679d25e2f69ec1ddab6c80f57,f5677711077949205bf59316e79ca3ffef70163c8be07a096d3dcd1520d24085,conv-41,165,targeted,True,1,True,True,1,47,15903,ab254e445ff34b77446b14bae5995abe07adf7f2f301a892fee775d13ab0ec01,0,1,True,True,1,48,15959,72fd210007687dff2fb9e1e50ef3a0df98b0dc120419b50e448c05a3e6ab36a8,0,1,True,True,1,47,15992,a88c4b22c11ca1c8798105f9ddf986e3e7de908d5a30c61942249932738694b1,0,1,True,True,1,94,31925,18a18c9da22f62232cc0858d4adf3bba3f796e7a07da50a420b564ab87ceb3ac,0,1,True,True,1,95,31949,fc75b1b880ef59593105837396a98c5ae1216700b696366de2b2b70e4eaa8890,0,1,True,True,1,93,31944,cdd66815640a00e9060dcf13ebbc4f2d40e2292daf7d18e4bfad05953c4c3a67,0,1
70fa95f6b7032254e8b17ee81605dfcf53d98574ff7e984f89fcf2ed402cf542,db4f0cdc6c8c697934c1c74519041332a0a43e716a86aa3251ab7c2271ad1e11,conv-41,166,targeted,True,1,True,True,1,45,15987,e620489e346addcdaa7a08dfc1f05b1e0f84911657abebf762da0f8cca908666,0,1,True,True,1,46,15984,cf9c05a0c7a69b58c7f135fdb369b2538821d2174185b65e1075069158263427,1,0,False,False,0,47,15977,113ce54022f267d6ce5d2ee44b85043b2be9ad18fccc855acaf6c50325f78b14,0,0,True,True,1,93,31979,fc39008b813065d7472d32c43eb5aba51587aefa4cd026e1e7933c11cbe9b873,0,1,True,True,1,93,31998,9b2a5df7770217a9ad7acffee2bf22f360873ee2aeb9276c434db804dd2dad90,0,1,True,True,1,91,32000,9434036ef76dc892bc832d8829a17b295bd74453f49a117acef6320fe12fb083,0,1
f24a2552e43ae7f7c6428f38575b3d5721f8e9197d6a4fa596cf13c6f668614a,e34f38cf46089d8a45e98e1a5cffd655de13881d3ff508f4bd0ac7ddabc6299a,conv-41,167,targeted,True,1,True,True,1,47,15950,efacaaaae07317fc8277253703f30fdbdb10fab36f58b2966b6ca6a254607370,0,1,True,True,1,48,15970,d6bb2d35ba73a59ebc854dd2566b9f693dab54d17b7be7ed1cdcacae88174aa5,0,1,True,True,1,47,15971,5266264c3f002b8616d41e47e69c4f332a2b0f6b3742cdb523673aefbdbeac03,0,1,True,True,1,96,31983,f48f37b7c23c391483860bd0db010870980169333447dbe0cd1fb76190fa9253,0,1,True,True,1,96,31926,430134f1a33da88e64f590f22235e6cbd26fcbc91ddcf162f9cae4f00c24e6d3,0,1,True,True,1,93,31985,5e7edce8b2b42dd469cf54d3fe21c2796f38df7f288f003a648b12b3a459bc43,0,1
fea0464841d7f35ebdadf47e2bbdf2ba5f568c45aed7c10022590698c692c89f,5b8e73ecc4f8d72b09c9f87da88a1656bb31a9b21f76aa552c8bcd3ac27766da,conv-41,168,targeted,True,1,True,True,1,44,15992,6ae054f4dfd2a853d1afe4305fd0f04567671e2b9553dcca14adaefd19916f89,0,1,True,True,1,43,15980,61d1b4bed1946ca7dc95c16a3ed7d8bc0b045959627ffd435dfb8729615c85eb,0,1,True,True,1,46,15993,c4ed875510294225860be1a87801274aa45eb24335bdfd3b90560de8b5830208,0,1,True,True,1,86,31926,b865628f31ac43768149a37095510702f9aae38126c13725ac9179ebfedde221,0,1,True,True,1,86,31937,25b4050dce2f9b9fb7385d2596b7fdea57dbaaffd299298d57db1dc0825012e9,0,1,True,True,1,91,31985,86e0d923c19f769047302775f15b1b7ea6d53bccf82cd8adb0e1c59c318a8fed,0,1
b405ac7fad1a46af53fbd71980011c072bef89d14bc20fa3d13655690c2c0b83,6ac3476142cb214fb975469a74c664c339cdd81e974a65b15f65e05be86893ce,conv-41,169,targeted,True,1,True,True,1,44,15918,8faa6183396d4e1b729c0e334b3ad8bef2f63b0469c1df6ae55a3dadab6e180a,0,1,True,True,1,46,15984,fcb55d79a8721210d460e19c3c92d241d3233738320da4dc2aa3461ff41e2e81,0,1,True,True,1,45,15990,892239643dbc79f3c3d74ff3112c241a274ba41926881e483675f1e8cd90bf0d,0,1,True,True,1,92,31965,2c8510d504d7ed5357ac5d3503a9ad140de60d34a2c29c5f2d6b0feadca270b7,0,1,True,True,1,92,31989,8b74e5cf06f271c68a690345de861aee116016284ccaabfe6d44391b4820e87d,0,1,True,True,1,90,31980,4a5dd16c0bbccdad447c32f16fee10b9aa1c99107dce3052806b826faf7f14d7,0,1
a720edd5fafc82e1e204fcd796359548362934cb2cc65d6c501119c950d799a4,5af3611acf01427259c1c1464d5a25360a67aed0ce255728e6385b6fbac275e3,conv-41,170,targeted,True,1,True,True,1,49,15991,b80032ebdf378a40f0815195c7ce5d0449749c5d5d2743f3711fb5896c0e49ad,0,1,True,True,1,48,15863,98a08f83768f05704de1298dca2119a38795d1a2a4a561efb2b37c8d0404f48c,0,1,True,True,1,47,15960,a011ca40c46dfe234cf1974cb9dd5597d8249d674afd891c892e728097f6e126,0,1,True,True,1,98,31981,166de2ccea980861c11b48b898779495938927a706ea785bc9b860b7f8193228,0,1,True,True,1,98,31899,24b84f4949477bdf5080395c730b1fcaf5bf2832bcc13e30ba151c71328b093b,0,1,True,True,1,93,31986,60a9ed6076da0cedf3028f220ab0a7d12978a1faef00e9e5e32018f3c4f7a228,0,1
da6e5c88bd91060affe76e0d39a4da54e534882f91513f02e57e1e4eea7b560c,62ff72e4cf7e5b5985aa8bde340b7a71d29390f70d9bff64819f02af060e1331,conv-41,171,targeted,True,1,True,True,1,47,15959,6d1498037c437e7f74a6f6c5b37c99cc19337a75a3817c59e8bc4c05f700465e,0,1,True,True,1,48,15979,53f6d41183dae65eb4bbc9a40f0bbbf846d5bbf7e4103844d5e672d02044c951,0,1,True,True,1,46,15915,228b2cdbf73f0738748b2e2fd25c919ee76e65b0204b72b744a095689e3eb9d4,0,1,True,True,1,99,31904,fa05feab89b9e8cf87e089a2f3d064b30283a4fdd4132d16e282905d69f1b767,0,1,True,True,1,99,31878,b69e70a906c0291fece1e41386d988a1433272da8386b0553b5d31b2dc6d3069,0,1,True,True,1,92,31999,f61d5b6982f792fa4bf5d63ba2f74e353504ffd8f11899acf9781375d73c7b1d,0,1
425cfd4098acbcfbe34bf2261fa6549fe1ecc5fe7a53e0780cccbcddabfa17d7,cf4ba1d522196def803495a91222aa236adc2e579b38790ad6e865f2fa957125,conv-41,172,targeted,True,1,True,True,1,45,15895,111cfabf000a946a62246fb48fc56b4c43f710aea7d0b45ad9c14fef4d66ff53,0,1,True,True,1,47,15991,37ad1af609b01cf697d677dbade0fc754c3db7a4a229ce412e1b77f23e8f149f,0,1,True,True,1,46,15989,4bf2ec8558286bf054fa11f145a9c9cb5efe88924106b615ffa7f9368a80149d,0,1,True,True,1,94,31995,97135ce84630953c530fe57655380dbce7167b425a9f2b61d874e977b95b5825,0,1,True,True,1,95,31944,9935b34827bbab6ac39e6e14eb20314cdf3ae072b5c1e88123e53d2a48d28798,0,1,True,True,1,92,31944,93e50f20445d0c9c556e4311601f442a3198d4a7db3fa30f4c59d4b5ff8b3ab1,0,1
386f07d456508f3454e94ca12adb2aed5f0d543a45b70821c49f1a891bc1e46f,e89e0b139739156ef1bdb66fc8e6f6e3c351de29bbd4c5cc53cc65b324b922be,conv-41,173,targeted,True,1,True,True,1,43,15949,06dc9496bfce37c9692746a1298ac49f17f24346ab194f84603e375728b05b15,0,1,True,True,1,44,15894,a72ec8c0a9abe0becb127a1d6970c8940d625374c28eeba80d579916ad53b0a7,0,1,True,True,1,48,15972,26e2e39b3736c28e21b8dd76ada0787221ab2f2cd104cb093332e78ad2597fa6,0,1,True,True,1,91,31972,dc81a2f6dad759e3e85ee45d22cfecb1720801a508304c2cec7b8901b0296662,0,1,True,True,1,91,31999,a849daede0422f7e6005d0af7473b1a5a9b59489fba689a699113740b836bfb0,0,1,True,True,1,91,31983,d36194d310ffba0c0578123c6c2ee141477cf8f64e81f0d333af0165b82d9119,0,1
2d37977f7edc43555a40a46e82c1e46a985e4feac6ef16b44dfc24f8b39b2c7a,d75b12e2e8e843ceccc575b4aa9ce658182960f06d3d2cd9d4d70b7172eaeb2a,conv-41,174,targeted,True,1,True,True,1,50,15897,8a67b2fddd14134fe6dbf4e0ddee1a74f30b790a900a07dfd4b57f7a4d955542,0,1,True,True,1,49,15987,74d8281219f056365d6c9dc024c26fd3df2374243c8eaa3703e198704d4c1e48,0,1,True,True,1,47,15934,b65eaf0c1814f95f6cc2a003bc56817234887bc4cc33ca230a2bc751a2a35dc8,0,1,True,True,1,97,31898,9bf6502b927d94997617cb6ad1e82ed15aa3b3fef7e22ea6846d0d7a99ddcc3c,0,1,True,True,1,97,31968,eacbee6514a85894b4caa0c09e02182fadcd3cc8aee2b892e2f33400e5f5e865,0,1,True,True,1,96,31977,3697d66d5ae1673af4952b9216e8442bf5fbe8929e3aa18e08806e706f1ea3d9,0,1
deb319cdfa720c9d252c5465f4a89184747ba61746b46f6ee369a4d6e01202b2,8130a0eda29dd2061db47780ff1d5b16434e33835c71e091b4c38f17ef399659,conv-41,175,targeted,True,1,True,True,1,46,15898,5f839406d5b0a810e4ff3402a4838d78d041e104d5c1db643274b642189d8a6b,0,1,True,True,1,46,15974,499b6f0d1247f1b682e771a293603bc442aa1a0223f14816852e2f197b246fe6,0,1,True,True,1,48,15925,6d59ef2f0d9ff7afa8e23c417f821f27daf2fdabfe4fee453ecf8a7a6aec1fce,0,1,True,True,1,99,31859,63db3a5620fa1add67dc9e916169609d39e6aeaba1139e06245d0bbc4f5702a3,0,1,True,True,1,100,31995,6301fc8d869c41027608649a5c8bd96ac636e58f44d648a4c82ae08b987319c5,0,1,True,True,1,92,31931,38e8898bd1715bcd56ed1a2989ee4befffdde4ac684a73064c701222cbdd6ad2,0,1
0ec54f3a06fd79fb0add4f940b8652bf92930cf3adceff2c7f2f6d0335af524a,2864cea208461d8c3f8e9c7d54290bce675002d63718543ea989a2c708fe2a46,conv-41,176,targeted,True,1,True,True,1,44,15923,2bdba88232022969fd02fea462a62fffce599ea43599daf08b3a1e3c5300b347,0,1,True,True,1,44,15964,4c680f81e0c967a8aee53a536ac53b57fbf963e9919e21a74f502b965b038ae1,0,1,True,True,1,45,15990,109a7d8f0a0a4ff4d8e409343dcf07f0282000b69b8d0df79e5612976b345a88,0,1,True,True,1,88,31957,05fe9d26f81198d4090e9af3a15256184b47995930104e946f8819208083de6b,0,1,True,True,1,89,31967,055cbba13d3c9baa3f03d1a68b8baa45ab999f4ac175e2b8247b0a2fc2ed2fef,0,1,True,True,1,90,31969,1e2a3144bec0a51cc2d2ca6ee7fbc186a759d3db0dd951b10fb9e45173d2b1c7,0,1
bcdf3968c8368ad332cdb696ec6d703bdd366aea53702734e08ba394fc2d9edc,e2d8a5f60985a5ce49dadefd28c8455bb75d289298407fa2d522b269de1442a1,conv-41,177,targeted,True,1,True,True,1,47,15981,64ed33c1e39410ad4253d1788c54d39a8e1fc9487aebf3b99966578f7aa67f61,0,1,True,True,1,48,15996,684f7edf4266887a5a04ccea4019eb98d6e37d17a664b63a95c93ab3ce19185c,0,1,True,True,1,47,15919,e8198572f646aa9ae43e502df5c24fd73e7e7be6dcf57ce07223b44a02f32446,0,1,True,True,1,92,31973,0e2afecd5edff9bf7a285f7c9f1bfc6de068cfebcc60bac79d1c87b9fec358fe,0,1,True,True,1,92,31987,66552bef8c1296ec1fec2c31dbdf969b3cd7a64b6031069dc74351b77c688d75,0,1,True,True,1,94,31973,c4e8d6e92da8226aacfe1c9442cebdd4bdf0e6c15eed7e0470edf9e9f448efeb,0,1
96f415aea72aff09c8c2a31b5a8d4be6ccd8b5ea1d3d0e8e28185002165792bd,17dcf903d361895cbdf57e36131ef573f685a3c76ae9107d8d91f7ee2a1ab2ed,conv-41,178,targeted,True,1,True,True,1,41,15969,be8db1d3a0e7865f71fc6f4a50e99823243def6e8df3b4e94d66e5649877bbb2,0,1,True,True,1,41,15897,ce4cb875be02f3992980e31ce9ce11a2fdadf1ef7746a9e10e0fea1902948b71,0,1,True,True,1,44,15981,ebb4f7d7b40db8b05a1d58ffb29cd93d38a3f80ebd1b1bb743834f7bd728a423,0,1,True,True,1,86,31961,9b5213ffe0c496a0387980bd1904fa0929be03ebcf5395975b562fd1bf02263f,0,1,True,True,1,85,31902,a06cf0e74804bcd18a3deb7009b557dde7108b02c3759614ecd840792972eb46,0,1,True,True,1,87,31949,cd1b989f927f1bc2f4e772e2d855f3000dc7d57037fcf0eba43e6c83f4e9bc7e,0,1
e8ac473c2552deec0e3b2e2ba081acda38d95f2df6e07cf76b49f316960a7dd8,6e2b5bdae7d20b17e0007690b7986596f1803b0e9c8ce6ce506d2cf521fad047,conv-41,179,targeted,True,1,True,True,1,43,15974,a27cb9d237bf6be17fe63c7987a3df811254747e08666e4a9908d91f8d156343,0,1,True,True,1,44,15997,41f0f2e74791604c1b2a0471772adc3f990c3b907152dcbfe3f336b7bce070cb,0,1,True,True,1,45,15985,6ba988a57bcaa61c70766a021b9f4752ffae7694d05d616af4d72303a92f746b,0,1,True,True,1,88,31996,4e3a763fe3b84e2c7cc5560ae05da3b1bce4bf778506f7026f80f7af831e1a05,0,1,True,True,1,89,31921,27827191aaa77cd80ca3f436de8c5df1cb28c6613302c9e30d44249133b5050a,0,1,True,True,1,90,31989,c491df86a46006062b413185ab0b0800bc3c378e642eb3ad1ddfc5ceedc64b94,0,1
f0901fd845d598a9a2576b6afc3e5ac69f4058a235d8c9993f5d3471be855c17,78ea29cc2f1d8ca209c0a27a6135a9c26672b097c664449237cfdf9a0d1cf6ee,conv-41,180,targeted,True,1,True,True,1,47,15969,6bac63dd62bd6dd98ad2137df37afefb20ef74966437882238269bc56827c869,0,1,True,True,1,47,15942,e899823e9ca792b64e40e3c54258390d84262037ac3cdfdd2005d00b1f06625e,0,1,True,True,1,47,15923,7b487d369d7961dfec82f261284c6e8bdd52ed5a1603b7e211cd145b07747deb,0,1,True,True,1,96,31977,9630dc10ddfe93d4a93168d596ec273745a784a0c218da84209c443a73a0af32,0,1,True,True,1,95,31975,07097be19d3b7b0bdd5ecc804ddfbd7ebdb892d886d4da443dd51ac3eda0eba9,0,1,True,True,1,94,31996,8c9a65c730aeab53d21f9763222d83cc4bd912d487b9d434590e82902f7a43fe,0,1
70588b7ccfe6e35bed12f5c0613ceb3fdb8950468d3f3b63b7d30d8688782076,9a9b726b6ad316b20ff7af5356b62b54c70f66ac8ac20b26ddbffbd17591e84e,conv-41,181,targeted,True,1,True,True,1,44,15965,8afa804f4be852f4097ea90ace61f13a0fc68a7a0ac117751b8e21feb94f19c1,0,1,True,True,1,44,15990,8a5e08686f6f10c20a6a87064935127fed6259a06d37a13311139ff50c0307d5,0,1,True,True,1,45,15937,8d42991c80522679eb3f3f947d89ce5dd7271d22173c65d8330cd2b457b64d0b,0,1,True,True,1,90,31988,d30489eb79146e9483df497bbdd3751ca6794eff08f62d46429b6cc092bfa603,0,1,True,True,1,91,32000,22bb7683d4d2788f3decf4128562cbfc483f1927220ce97e752e553ecc0d3ebc,0,1,True,True,1,90,31911,3e6d497b82fd8358b747bb4572dcea9d2e15aeeebaeda9db91cba0e8ad3d8590,0,1
1097b5b3e426b9e4489841fb10cc5a032d318d7a5f70706cbfea495216f73d87,564cd7180677481260cc9a645501b5206191e9d937286b426d31223b7324b958,conv-41,182,targeted,True,1,True,True,1,43,15932,887b48191f5f775dd51f7cb46ff18eddda6844196a873b642ca68ef67621d86c,0,1,True,True,1,43,15958,fd828292f3750cd4bda33787ff5ddc1bb2f024a72cba21da2aed5b4208d55d30,0,1,True,True,1,46,15957,206aace52523f03ac3fb0e3003b99082e66f7b9f1d3b7f7f55e099ac1e77028b,0,1,True,True,1,87,31958,e2126f1c851b65205fab67077daf1851d25e225a86a64f9df4e9715b90fb77a4,0,1,True,True,1,88,31972,26504291417c74f8fff861dc99df8ae1e31a46bd55bf3f01363b59a67a6b2e4c,0,1,True,True,1,88,31987,b5ae60bada0a24a5ffc42c5780e8ed415f7266c1f4f54d052fa085111664a2a5,0,1
d01af9d24d967a55b000f5742462f5cfac03fefb77ffb7e5df954438fc3d1daa,bb2516852b229ddea0334d69abf7f8f6e96619bfe529ab49a5b9c6c5c39adc21,conv-41,183,targeted,True,1,True,True,1,43,15946,5d044671567eb67f6a71e04a9ac28337774620c8193bc7e5f22493afedad5a48,0,1,True,True,1,43,15966,c8f57a46664214b5ec3d9bb365de01868adbd1083dcd3bde0eb8ceb7d308a06f,0,1,True,True,1,45,15995,66505ecd8d2240cf9ae480a326a725c94aa16b0aed8281fd02c8f38af3263571,0,1,True,True,1,91,31948,075ee82342e1a7a8e04ea09ecdb8ff65a4a2bf28e4a3cf833dc76834b93eca0c,0,1,True,True,1,92,31889,65c0fe9a78c179970afcfbb66c07d7df4ac391d66051b8e394e835d389bf6411,0,1,True,True,1,89,31958,20c3d876ecfde5c86105cf84f7f04b466f2d2de5bbbb4a017b42980706c37f05,0,1
bd9d53104b0f2f294a88f58d1eba886e489bd6be940cd453c03ba8f8f1bbf00e,d98e215cd2c64ac17afd58818d869d31a90057b694ca8c89ede1231e3c8be630,conv-41,184,targeted,True,1,True,True,1,50,15922,50efff50d559bf06b49ae93a449c5df855caee3323eb81df88558c9a07ada354,0,1,True,True,1,48,15900,020d33fdf46fcc9cf624fdaf77628b8daaea6a486e232668fc469377d0acb3e7,0,1,True,True,1,49,15924,6e8fdbbcdacfd843076b1eb505a08132a1ce5cd9a477a49db6fc38ab6de922d6,0,1,True,True,1,94,31904,f877d1307ae371914a77e26e40e5d38c231b91652462c024f4a0a3a58317a0e6,0,1,True,True,1,94,31985,162cf2df95ba510f5fdc063d8ae912cf3d787ad89e263c6c9a05ac1b46613889,0,1,True,True,1,95,31921,13438ca8a0f4a95dd2fbbc75bad1c6bc746a1db67b401f8a0ec3a0d501f04d2b,0,1
dae3baaa75e838b94081ce10c8efb2738001d431dad1e32e864eb3773ba75567,92baa941d84ed32d36286f115f94d789c258d57950e69396b8d5463abd381195,conv-41,185,targeted,True,1,True,True,1,48,15918,88aaff8e4c10a7102dc0f3b051ea1c9f3c1260d68710e4d77f813b25d801ca31,0,1,True,True,1,46,15963,5257f01560f3ddeb9789e1a32e64a65d32b20a96eb743329876baecd6baac3d2,0,1,True,True,1,47,15991,53e908031d1fe21a94e8c4af420c0286c653aeb42ba0c5be1d352e65e004e81f,0,1,True,True,1,97,31891,89066ed258ee7bd11eca8fa9fad5bb450350d306b93742d610e3a11dc67bde33,0,1,True,True,1,97,31982,8bbc4596990f2ef118729fbdb234c51a30ca96e99a7b9f35c1505672bad3c506,0,1,True,True,1,93,31867,fcaa80219cde88a8ec3621bccc39a34043989aefb4ac38ab30f877e1a1970d0a,0,1
c99ccfb5c495f3e0781d231475926ca9326e3a9eb267a45d12e6eb584103165b,e64896fa77dd363b65c3d1fb81b9cc23a939eeff70e51c3c10551a3a3c7da55f,conv-41,186,targeted,True,1,True,True,1,42,15968,b1eb05467b74f8d63577c19bc9747d95682445203d6e824ee43ef4a8e89c1ed2,0,1,True,True,1,43,15992,2b5371ec484b77410a650e4fc596eee94bcc809047d81de57c7d081174966a9b,0,1,True,True,1,43,15979,e285ccec0075a2120c2138c4842ab0df0167e4986f7e7d948611023a21411d01,0,1,True,True,1,87,31979,33f37064afb7fcd4fda3ebdb93422045b33863fafc3d9770cd20391b29b50bea,0,1,True,True,1,88,31983,5091ef0231c3cbc368ebc6948b00077533dec91746295bb36e1f1edb6f6f6140,0,1,True,True,1,88,31995,04bcc7c264b242fcba16601a64a6c8dbee85d86022bf6f1785fdffc9e47b820b,0,1
9bdb58cacbe123fc8477bd8dad46d6859873eadf2b3108070c8407488145abca,03331f7a2b460ed516b17650e30d791e11e1f79bc42774fe8066d47e526bc38a,conv-41,187,targeted,True,1,True,True,1,42,15991,83a141b11e675b2ede478c9126472910ee683f8178959ab905c1b8becd1f7c96,0,1,True,True,1,42,15997,db96abe29fee53e08346fa3f9ff7d173365802a58226d4e1f824ab4578e5fd5c,0,1,True,True,1,44,15992,a5faee0d48c9bf17a127233ee5c8eea54c063eab7a7682234d4b68602e6bf808,0,1,True,True,1,86,31969,d86d6052e82c09b27e1eca1eafe3fb7ac02a745231815689af8c0a4e945f91fc,0,1,True,True,1,85,31914,43f7db9fcc784e281364cdea715badd18e7f66cb4918ee57869881fa14cb12e0,0,1,True,True,1,89,31997,bd3abdf56216bc22ee8451e1d4fb53fc14291e5603110b671adc697b021b6836,0,1
14d6db8eb4426e84c82cbb5d3f7657258779ab1c3459fbf2df77cf66b0dbdc07,1893a3b5a4645e8012d265842536bcba752f493e6422355e8484b214f5a816f4,conv-41,188,targeted,True,1,True,True,1,41,15960,643caea4a4ff5b1caad4b2038e32614739803512eb9671d2b60a42c0dce39766,0,1,True,True,1,42,15999,b1732087d184b2b87c6f776cfeda43879332e992481e09310b496170b4cf4958,0,1,True,True,1,43,15996,ef1e112502c30206bb439e1f22d5a9dc5a4695998cef68db66be136c63a2b6d2,0,1,True,True,1,87,31893,62765732d910ea97cc13c240a67b7cd809161dd4447c16baed93e0694bdb616e,0,1,True,True,1,86,31999,a7025a1f09c08190d79dd84ae967b2408984bd7c4019bf01651402da90db8e52,0,1,True,True,1,87,31895,f64852dfc6addce3f0ce042d2af989855f24d6fb78ccb36dfd6985c7ded0c07f,0,1
28986d1c91b557ad4641b447e028a1ea6a26eb55d9c69dae775b6fe737831a78,6e9b57a219d811b3bd26e3138da58ba29ad59e73024226e9e822d0736a8f73c3,conv-41,189,targeted,True,1,True,True,1,50,15995,53bfdb017555974a9c3cf2ee5598f04e113eaa702717ae06c0f80111e6c04603,0,1,True,True,1,48,15966,ee8a8a6935e0cb30d3593188d94652507ddcd19cc10cf3e5b8a9dee04118be92,0,1,True,True,1,49,16000,3168440dbba0abb6b31985ffc1c324868ef0961b7c2b9aaf73fb8f59429fd81c,0,1,True,True,1,97,31968,6c4e327c9c6c7e2dcc1a505c02b443b8b7f2266c62b7685c68dd284d047d70b7,0,1,True,True,1,97,31897,c5907d47870d02a432d161a77adf8725bd781d70e8cc53be77dfe9d660262240,0,1,True,True,1,95,31908,55e80f3f4bd4d49b23d688d459d5376ecfbe648275622a4d0b0e3dc53c6f6de4,0,1
2975a3396b7dd430df3ef55400207a44a4aec6406161a6c8300ad2f36d587271,e62ddc5c742685850e4406344887356154074aadad7f92de9056e67625441361,conv-41,190,targeted,True,1,True,True,1,49,15941,36cb3ad5fc175d982f348b023a4bd03e19a3c8c4dd4587a1a8b06184ab499e07,0,1,True,True,1,49,15898,70ec2988d66634f42ce91c5af4b113d8bf74686622deb66461d405cee49282c1,0,1,True,True,1,47,15938,87b09fcb628e6edb72672f050bba8fd360fc855181de4db91d614ba2e7adebf2,0,1,True,True,1,101,31960,fd21c8748d5fa08046f8d5b4890d62c501c83b276e9442cc688e96d40e87d499,0,1,True,True,1,101,31986,df1203a283f935f379058d2b951e0c43fc56ab08d183a3413a0dc987bb1e4482,0,1,True,True,1,95,31958,1191988e93a638dbb78c08fd233bc0701ad6956326e6c6c6516ec4ddcaeeda79,0,1
4801c349ac7695261ec54b7eee765ddd43f29326e72c3993dc1fb5af1de1ecd5,9ff38e2c8c7b93f17ee358494c6b5f3c2a20e00d9f007088b77bfa5d91c39827,conv-41,191,targeted,True,1,True,True,1,51,15917,8780fefba34cb1319cf1a32b575acf85e2e09d1ac26e4fa4383932dbfef349b6,0,1,True,True,1,50,15920,22ca11c113f736ab5d9e06ed0f091046a121f2609694c34bb847ed83b1b93cb3,0,1,True,True,1,50,15889,65da16b94c6d995c224ea820491b11bbd85f8b05d1387c20416ae7bf0c02f020,0,1,True,True,1,104,31878,7da16014d1e5dec95cf09840523915370b44e9e4c2ed0e07f07e824be0e31888,0,1,True,True,1,103,31988,5cd254fc05223597a763c8ef33c602cf25ef4d99778b9f2ecbcb4bdb94188f78,0,1,True,True,1,95,31859,8dd6d5dd31edc3c45666f74e17f517aa3d7e9b3bc306820b941e516dac1d23d0,0,1
046be73c80a11e8dce6b11c4d109649e88fefcefb88aa07cdc81640f55929f61,606355fb6187a5cef385778f9f47a7425e01a76c69bb252c2d0cb8a82d300ab4,conv-41,192,targeted,True,1,True,True,1,50,15967,8fee2b167301da3620d623e98f777a4ee886b4ab85e03a39890d096eca68c0c8,0,1,True,True,1,49,15995,6d1bcda1f2e9e59c544755f2ab9b19bc1b4847a39b79ef0547df6ad911045d49,0,1,True,True,1,48,15906,a0ce49b32c5ffabb3faa1852a471b96ca256a4e05bf056226d191ea39065c483,0,1,True,True,1,102,31991,3d91cfb8623a16b5deacc897821646d9bed003208f8486ae53b49fc1d50eaacb,0,1,True,True,1,101,31927,57c8ea92b1a9f5b35539dc46904ae79ec0e9727e496a0be6083aed04ce69e848,0,1,True,True,1,95,31893,e12a81e34d076f4b8aab61fd8e6783632b508120048f5535abf18b2a3c063fd6,0,1
ee01995c1b6cbdbba001d03c049c1248cd1a924f616dfc95322b3715197916db,66ff57732c8bc9292ab0de307b8a7bd7598b1f730125711f91b1d8eb255668e9,conv-42,0,targeted,True,1,False,False,0,67,15921,cde97daadbee5057ec2a22ada1cad45ba3b20e45435ffc6c987f2022457d3189,0,0,False,False,0,68,15985,faa3743d0fec9533590d5a5ea7990e382ebeae3007c98f3d1407b9426dc5bcb0,0,0,False,False,0,62,15979,83c001d316ece5afad6402afa1ed8b08befbc3e92e841873692ae79482a25db1,0,0,False,False,0,121,31981,4bd71207485e79cc6460c2304f150d9b7a86b825a7c35908a164bfe80891df8f,0,0,False,False,0,123,31929,d543d7690eeca3fec7e29bd6005f9593061f6a586905f0fd0a4d6b9b63709e17,0,0,False,False,0,120,31996,0b508918ec4412b1f983f946565af5096d806be29221619163f4281eea59fc59,0,0
71f9701e87037e560e74df0ea2c93cec9bed2d2326892f035c55b918a3c2c9a6,e7129530245fa2bd0172672400b1fb1a5a911d5c3ceab1765ea6b647957d9e75,conv-42,1,breadth,True,6,False,True,2,63,15999,112770eecbccae097e00493dc28830ac233df02b7b8d5f373e295a7260dcd1cf,0,2,False,True,2,64,15998,09b2db9139b8d17adb667ebed5dfd3a0cdad7931a6c3d779a93057a4bcd2942c,0,2,False,True,3,60,15990,5c60df85ab236337ed8ebc6d18f1f960bd0ecee7c26f1b92f886a7541dbcf55c,1,2,False,True,4,120,31998,884325a2338b8ade3a2908da495dd11a243e36d5bad4079509464872e5c7edf8,0,4,False,True,4,120,31934,3ef1302c0642c5266cb9b5e794ec104bef739e464a3deb6ee8001a8f715a4944,2,2,False,True,3,116,31966,ad5a9055c84414b9ee4d968a5c582529e003308f1ced14d95d0af96c29537bc6,1,2
6e3bb239f06df0a600b8bbf2e3f260db4d5446d49ca2559cbe06f42f2b215547,66e1b9a2097c66567ec11ad1e4114db4c7b2d163ec7f2ade539c94ef9b1f01d5,conv-42,2,targeted,True,1,True,True,1,52,15940,a6aa0e86fbf2cfdad96edf04990b84830d1a8c5d351f59c50a3299fda746f6a3,0,1,True,True,1,54,15920,c5f2dfe91410cbd53eb756f31e74f525b66526c297d464122b31fe410a33e8a9,0,1,True,True,1,58,15999,88118fcbdd13450dd03b25617d8ebaf8601b8a66bcb27a27359abc233e52f730,0,1,True,True,1,109,31997,dd43de2def708dcd7abccdc5b5f152cf20682c626c927b35d4654adc4cad72a7,0,1,True,True,1,108,31933,0906253e21180530688ea0e4890484ff88b12a815a71a84e8bf69f48874f6127,0,1,True,True,1,107,31956,c7bb16d027114a1fa7a994869028e8ef74eda119a819ec36a37c14d02b7c49f0,0,1
acc7d66ccbc2bf0942e6a202a0f5dd8c0e2baa2b477daf34c4b3788463ff63a8,27e96069040f72f5adfca5dc54d5440e3c3c34fdcca2c029b3a797fa38e5c564,conv-42,3,targeted,True,1,True,True,1,49,15988,efd7f7d7750dcf32d367a4087cf2ed715e98cecb3483b8db13d2fd5e71d1db1f,0,1,True,True,1,50,15980,04772ec444ea37848bd4f9728727b57d61382afa95264aeb77a43738347c6ed7,0,1,True,True,1,52,15928,61abbdcc90c68b84eac899c6f64f22c6ddb098b6f062aeb3d71ff9aabea74dc2,0,1,True,True,1,113,31936,2ff99bd877e9acadd8a24b3ad0c5634129ba443f66a39ed0837d33be779e9f46,0,1,True,True,1,113,31986,03bdd7ce9316d3bb696b1de5e37b54ec831117f377314281d551703a48efbbfe,0,1,True,True,1,104,31928,8fb472e592966d134fdb88083b0c55159abdddd255a016a8f76af05665b4288a,0,1
cb676b60c28a8e0690819d4d3a693005625ac7f3c913b22b56dcbb7217392154,efd31404ba7a0fb3b9f1ec053feef58c37cd540d6dca26468e144fea7d3134ce,conv-42,4,targeted,True,1,True,True,1,56,15981,8fae53e7b1b728e53847452f5a4abbebddd92f72f16abf7dd05c9d360d1c2036,0,1,True,True,1,55,15940,ceb37c28d6e3ba5b24e1138f05ad4f4caceadae378e7ed01429c4ce5d098b56b,0,1,True,True,1,57,15985,9936e6fe97c7e97c84467f4d71aa44880f64e91a6c4c3af0fd71b94f320975a5,0,1,True,True,1,114,32000,21cb1d7031610a3d764b25d555c57a72fb0ec1de07872c07f848fb67b19a1e4a,0,1,True,True,1,114,31981,e00ecb1d8efa3e69abe56a28e0fcfa487a4dd0d56135d384abe2bad07fb25601,0,1,True,True,1,108,31955,31f98f7e43c74ae5b5bfed35e5ce1028675016a0a817c405ea1df0c35b519c4e,0,1
35f99c121434e8bea64ddb3b984645d990b4f9fc8c72a9ff45ede049973e5af3,49246203843444cb7eb5db4edd70a3740073e0ffc0fef9f2bdca1195473cb0c9,conv-42,5,other,True,2,True,True,2,52,15931,8776d23426c519870f913c1f1019afbc3f803a40198e28ee8ced5cfccfb01399,0,2,True,True,2,53,15962,b68e175217102f96c36028591f88aefcdad9743ea05eca1825fda17d36235e96,1,1,False,True,1,57,15927,2caad478eecb43bb133fcf51f80082354477459d8523a518c391d1018e0caee0,0,1,True,True,2,109,31945,2c4070f7358ecf5a16f22b186ec8acc46e0cd140dea8e26d880a3161e44c4c85,0,2,True,True,2,109,31939,67e98a1e1cb0ae36b66896a134b867902c396e0ba28f0a4dbf6d08f215ab2bae,0,2,True,True,2,106,31968,7d07c1194ef39d2d10b9717f56a07c4b8ad2bcdbfb8fe6a3ea2f4c05f9c27630,0,2
a1cb1a7fba59dcaf7cb9bda5c851521458e65e91336d16e0ae07aee30dc59005,8a5d0672c585133b81980e1cf067d03d6180b9bdd4e4b924b9a64236b37db909,conv-42,6,targeted,True,1,True,True,1,58,15950,f188a3d0ab43808f50f5fb3d11ea97686d28d1348dc76adedb7de23773e482bd,0,1,True,True,1,57,15995,2aff3b64d15b1af83d3ccfc423234922d0f208017a8c35b5d59c1d3830e0762d,0,1,True,True,1,58,15992,06be3ccd6ba055567d79ee764ed3004dbf8798d4e081bd7497fe8fccee613bae,0,1,True,True,1,117,31984,f7cb0e683338c1916faab857cb1fb73f27ee916e1f471b32e341f2d1260fc928,0,1,True,True,1,118,31967,8213b16a061fa0332e4ff86452270cc8210f7646181ba86cfcfa477b03443651,0,1,True,True,1,112,31980,9f204a28029471d7f35be6bbc2b4f3ca196abbc2d25c78378cd15131409658cb,0,1
6bc1d329177e9005a48fa9903e48f0af6815fe9e627be80b2bbbccce94707e71,62acf75f37b5d49af9ad7d99e20dd47b271655454a42a7e6bf5b85534f40b5ad,conv-42,7,targeted,True,1,True,True,1,47,15926,e57ca3bb1f6299a7841c40bee4bf71817ee925690f896794686d21c4ebc5484b,0,1,True,True,1,48,15993,d789992e515df5fb49710f164cf5900d2001aacf7a64343258e51034d8cc8a61,0,1,True,True,1,50,15936,0a312577ccf26d15eb8219a0c2170486f84cf63a6f02f218f9422b1068bdcc66,0,1,True,True,1,104,31998,5ed893163a960308c334ba80d1ce0242c2f83321e8a7b3f1bb17e1a2bdc421fd,0,1,True,True,1,106,31984,ec732a5d7abf3a624ec26b9fe10eaa5eb334954cb444ffb03cfe866ed1a9ddd8,0,1,True,True,1,102,31968,279b883a947da082d8ce5ade45e805633e085dc2ecabba25c54731a8811ba81c,0,1
de0c4c96e627b98e82a86b607deed6a4698022ed6a2e857ff6c8b00c0b1831dd,cc3d5a87249967374252439d1d711108adc92d1ed0b30d960704472770698cee,conv-42,8,targeted,True,1,True,True,1,57,15957,1d7e7a4a184a45f1b6a26672d89c6c11df786c44407090f2df63de9c00a2d943,0,1,True,True,1,57,15933,c1903c1889f80fb9959cec6d41c9ee778fcb42d9e8f1656a552120427bdbaf85,0,1,True,True,1,57,15930,f5c53b845baf181488b104f42630342eb8b9b88fbf0b86ecf49b242f094d87d4,0,1,True,True,1,118,31960,3d103734e9b2e3a2b8f0c7266b3762abe295fa7782b5b4e830ce44c2b17b32ea,0,1,True,True,1,120,31980,5f109ee10c3a08b6c8156c972939acfda0d250a5f8fcbe9229c1e608e7391e2e,0,1,True,True,1,111,31987,49549b0d2ac3689958de842302adcfc283e35b30e08d87718408b2231b407c5a,0,1
d9e6cc466839a23c393d296e0d5a2a6d76a5a388245eba38b7eb200d117086de,301c2d7102b181cf5ab0167a47f412f4581051f081b0f374577a1ceadbd6cbfe,conv-42,9,targeted,True,1,True,True,1,50,15966,c553116b41cf8026ff7aa007f9b7ed43455c2acdb5ee334fbd629f181fe88251,0,1,True,True,1,51,15990,e0c744df61a39da60fb2e17c02f6e59ca4509b8ac40ad3c4474fea2290611f53,0,1,True,True,1,53,15983,68b7075f1780e742768faa32ec5d3bc016d8e32bcd8f9c4f4d8164e4bcadc387,0,1,True,True,1,101,31957,5107415122f060efe03d1f5530036d7a614dce1f862ddf479a574ac2b752c5b1,0,1,True,True,1,100,31962,2504afa2006d33a355bfe5e6afadc17abe33084ab64c05b6bc01f2279479cade,0,1,True,True,1,104,31988,81e8522872fcff8c2549bf6d2d1e26ff02e93028074585685d21b9896647290d,0,1
7719b843d95bf3d2d41d858ac80a967b4340f9aa8786495df91a6cbeeaed956a,1305a8634446b9d8a1dff9f7120f1a5a42816c0b4a606680442eda5ee0bbce08,conv-42,10,other,True,2,True,True,2,46,15998,372f85b618b32285c999bc230a2e1d98b4155dac8a2afecbb766fd5721b85f8e,0,2,True,True,2,47,15976,366362d33389dc829def62d0e005434b0a04db27de198391b0e6c59f94cb1ab4,0,2,True,True,2,52,15992,3cb63632a025869068b2af6342ed1e23f9886c13c98fb466c266e9d1df95265e,0,2,True,True,2,101,31980,ef81d6de187a5fd6dc7655e3667bd7ee0faba7375c95ddf429bb481623a64f83,0,2,True,True,2,102,31966,0debed2d46e9d2fd4e105dfc6f91a176d6a1d0fb6a9da48dbcc21201240dc4e6,0,2,True,True,2,101,31959,6b04755c16b4964a8cd85205cbe909a8e027090ac28fbb369eee0c7c8c345981,0,2
30ff3f19496cf33ea772fd7a7ce88e60e4eaebec9a63cabed8cd4cd3cac57089,33c21ad4fa52e5dae42657bb822314fa54b562ece8d0a3bf59189eb7ecf3dbf4,conv-42,11,breadth,True,3,False,True,2,60,15989,b6884b95ab6050bcc10b1234a47209feb5ac4ed4137b65e26be88c412d4373a8,0,2,False,True,2,60,15963,8eb7b2af0653dd00e13ee3af9dea847faed7d5567b3e8fd3f50f73e111459e44,0,2,False,True,2,58,15987,34f584996b46ced00e759586e8e98b2157ad129b07805106316efc16a028dc9d,0,2,True,True,3,117,31936,5a3e9a91aa45633c7c9dd325209b807151eb10b68b2e4460351c89186dffc831,0,3,True,True,3,117,31932,0db50d258736ec22fe45844996d29bbf5945f223657c1c21fdcc51aa38d40980,1,2,False,True,2,113,31970,8111c26ec753ace7dace18701ce91a05686315c3d5aedfeff4ce14cb2e82f88b,0,2
ae4eee9024208674fa84ce8f87d4025a3589596b49cfc23422ec70a8e0e0f3db,a5e0e992219da8d6d9a9629bc8ba6c47d860614486cb3c181ba9266bb080c588,conv-42,12,other,True,2,True,True,2,53,15958,67b58a8b623f57cf4288928a48f48645671e94a026189558b460381661a084e5,0,2,True,True,2,52,15927,d9c7c63c2fbf5f4ab6b9b5a1f65dccced555293fc9de9f35c66b717530f56008,0,2,True,True,2,55,15928,7762b948c89e425863e4b3d82b923a28b70cedb0d57e18766fc8380013286767,0,2,True,True,2,112,31961,51c51a4e0bfd57b6842e60dc3cfb6d3e047feed64f55e8308880d03f997cf592,0,2,True,True,2,113,31968,8a1e2a430307f90d3c8773abf8b05b58d1a0e6e6384ef4665cd4699188bed7d5,0,2,True,True,2,107,31930,48da5dceb4444d66097a3523bb9097a4853f76234272858a52e1ee068f28da18,0,2
1c3308d6422cf507ebf3f87ea9173d770bb76bc6dfa83bb78458767625015eee,f3104125a0b7d10e41d15d8eeaef281801ef1bc00061b6fbd6838a61628a8589,conv-42,13,targeted,True,1,True,True,1,47,15962,e54212f5023ad1ab78cbd2526d062db48840b5fe919023fc89862daa6daf41e4,0,1,True,True,1,47,15939,cf0d7177da22a9509dff8d239d1f48bf46e33a39f87fc6246c1ba3d6c0dd1300,0,1,True,True,1,51,15966,5a39d6eb11dc3bd6ec53110d44311e05a9efd7edfcd495d3b3993115ba182736,0,1,True,True,1,96,31933,98bf1669349d4169816d16431dd238304dc004d9ea04d0737ffed0be18372578,0,1,True,True,1,97,31995,97058e69d4819d3f6d564d77dd813efac186e33c2d2a555c09dc024bc17c3df0,0,1,True,True,1,103,31984,dff9c158bafb3e743d4784d6026da9a2dd5e6a04ee2b8f6340f729ca2aec9534,0,1
ea53edf2240b88e8643025451bf8b0a91e4673ebee8a947749c64e3bef02e8a1,474246ed8448553d1bfdddeccbc210f8b3be21adf37dbf6ffcf855f17e5eccc3,conv-42,14,targeted,True,1,True,True,1,68,16000,f5df815aa42526528b59497888e03656070f8a38e7fe5b950aac8ed8adcde546,0,1,True,True,1,70,15996,5853de6fdb77a91a4468d720c3128979e58f37bea098f8a56990ba72e85d29a5,1,0,False,False,0,65,15963,3d4c8e2ad0167ee8dae46900b5712745ff75bcdbb6ed4f7934070e1db762603d,0,0,True,True,1,121,31939,c938beccb1489e3d010d4fef84af42c2f41f48b49bf65f3f1450ccbaab87101e,0,1,True,True,1,121,31911,78f6b59be3b33a263e70ab79c96730c755ed8f4810bc3f476ec156d590689910,0,1,True,True,1,119,31917,24be07701c8517e2dac68072473409ad8fae7443837048f1108e1689b40c1022,0,1
e752b2d87587dfb68ed870ec668580b7ca0465a265eb75cd05c69326300083e2,df58f5eaadafde51bde5993e163f5269b963d9e1fd370b32f85cd7f411fa92cf,conv-42,15,targeted,True,1,True,True,1,64,16000,220d7eea8496ee9af644a68febfde42e819ba84139881e77e5bdeafe2151916b,0,1,True,True,1,65,15982,3b16468cb6fd8423942d51be2099aa3e5b84e39ceaea55d7ccf50ad73a80f441,0,1,True,True,1,61,15976,eafbc76b5a269b24a5d96c2f620e0686f636407196c3acf973da69f145debfa9,0,1,True,True,1,122,31997,c28a8a5877add812117ec41d25004c9e3b2e8a63112c6466c652b3b7f5b136cd,0,1,True,True,1,123,31931,c1f0fd72714abdf45e7579b1302687450d693f6cfd73c41f9329e275c2662968,0,1,True,True,1,117,31975,6ffba8081b1851995d79430da5c615d4124de2ac89d2d3278cf179222bd0fd1c,0,1
3c852f35c591afeec27ccb5a7906bf584426005cc24dd576609e7ba148dc84fe,6116527ae0e8b7763c8030a031e0192c2056c5b0df3470a749348b03ef5a3131,conv-42,16,other,True,2,True,True,2,59,15931,9c33bb1a657bdffc1762fd8d4ece5f5c6f0c352ba0241efd31739027a8fb13cd,0,2,True,True,2,60,15999,a791fae74b37a9d47e9ce3922f14209c65f610c88bd0d98611b11ddcfd95e3a9,0,2,True,True,2,57,15970,bdf734a48f9ffa02597c902153b4ffa2657ab8eafac27be0969a5a84cd7743cd,0,2,True,True,2,114,31975,07b5abb10c8db151f9f479d24e7d4eb5eafa5f65e248222cfed52712c09f7ded,0,2,True,True,2,114,31970,e9a6d741ea42562c193c4527047662ebe86b58ef3d0f5cf22653c2d59f36b2f7,0,2,True,True,2,112,31993,734b8bfc3e50a5c0f35ece048c4bc2004f44f03ebbd47d0237faa86dd58a9461,0,2
62911317e28bfb6a246149bc470d9820366190e417d5f99e8af994964b0dcee1,178f3f414dcf288a659d3eda8481359966ae439ca7ce4efda7273fe13144821d,conv-42,17,targeted,True,1,False,False,0,55,15918,3935d7aae3bb2a056da9b617357637402fc2bb10a4a2f9f564df490708ae0bfc,0,0,False,False,0,56,15954,81f4d30c82a4334e48277892bfb329a8e06bf00c737db56caf7b403ecd304f0f,0,0,False,False,0,54,15957,3baf7ff15594b387d6b6884c0be22259967221c7e4c2436daeaac7ea97310754,0,0,True,True,1,112,31965,3c8f76cdd2c64b6f019937bf6e80710e262211ffcfc57158c12212cb9c914a63,0,1,True,True,1,114,31975,979bdade20a0e5fe3d3e5821701d4c4a21eb527874df88e464ce2dbd75535153,1,0,False,False,0,110,31920,e060921758a15179abb9872266d87422480999967e68bfdde6fc5c75e524cdf6,0,0
2462636072dd6703ad03370bef3fdee5afe71747034c66438d114c607ce9e1c3,ccfac269d8d6c7c62d1ff6b5372ce95cd976eda8b18eccd0b0afcef03bbd113e,conv-42,18,targeted,True,1,True,True,1,57,15949,a16eb3d9b3d49f59fcb5b71832171234277a4b5aee737e56125e848662333709,0,1,True,True,1,59,15957,cc8c6ecb174b30a9ebf50b52eebe878d39682fd3ac9895da9b86c2eb5667ce7b,0,1,True,True,1,57,15966,00ba173b7bfe007b1f9922d8bc96fd625367b5d07bf12c1b56994f13f0f770a3,0,1,True,True,1,112,31993,be3adee9ee6442444bd82f922694c4589106f7c1600b8e306efac47ceb3b50ea,0,1,True,True,1,112,31968,03dbc041000c700a39d9373440d36cf4d48eaa4ff013c6a876e6a9294f40c364,0,1,True,True,1,111,31995,090b71a2075e08a239d341975856f543bca9faf3d0a6bc8a472e8b32efc1dd7e,0,1
7b8560cc2b221e25f260244375db06c72926e78359473f40b9cf09d69eb15030,2a1524c750413af04f3999a517128efd9c444ff9b8c81ca497a848ba131b8964,conv-42,19,other,True,2,True,True,2,54,15963,1531ff3281527479a70ecef53a2795844cb74054b306dc5cd198bf1ab28fba4a,0,2,True,True,2,56,15999,e5627fd06a2b67c685cce3d5fbd068ef276d2ca2b9595e0ea79435e3aeea3e83,0,2,True,True,2,57,15997,b5c01fe1c0fdb352b4a2a1f7699134794d8e055b9ffa5229547e4ff2d2e20997,0,2,True,True,2,106,31992,b27d35aaa32c3e1fa04fb2d6acec7d584415b17759bd2ccc09eb6f04e3f582fe,0,2,True,True,2,106,31994,c50de36cfe677f7bbe161f655d27715ff37f2f690a01ef5d08d5b79a5a76eda1,0,2,True,True,2,109,31992,1727f57ddce879194af0616f34ab6c6ce99f8c9c171fc6938ee8751d12f8de1d,0,2
47b387fb0b897623fad30bb25a69685435cb8b216d3cbbeaf23265ca5bd19964,9fd65bc532ec70a30c74eab115a8157ea5cc219b1382cbe83e89e6a5f7887bd2,conv-42,20,targeted,True,1,True,True,1,62,15926,12cdc3baabb8f5675648ddc9d029a69851024c7c8a6d9a5bcb2bc93f4ea6fd47,0,1,True,True,1,63,15990,07226f6b7486542f245a8662ab59e3a424badcc1df14e9232f71259cc0a45b0b,0,1,True,True,1,60,15992,ec809ef82bfec05eca027551ebf776adc07160387be9fe6e126f74f25b0b5b3b,0,1,True,True,1,121,31995,c95c1b6ec5356bcbb94f91137881b5c1e081fd0116d0bd0353b5c82d1d04108b,0,1,True,True,1,121,31996,606dfc6778a3552c775b3c0bde549941ca777f17a87563c30b0444f0589a26ce,0,1,True,True,1,116,31985,f260816bfa6cae79b26ceaac8e521a53eec4f0d23e9e0806ea4190fbea8e7cdb,0,1
058c21128650279b721a539cf1ce5970b7e5d7b7ee3fc5a4bb4059659cc10ac5,b35122dfc53f026c7db9275eb8ca10ddc70a8f5cd550019d95c02ba22c95d3f9,conv-42,21,targeted,True,1,True,True,1,60,15964,954c238c545d3b8df58f8b9f1de99c8880a4c85eb760471923a2df78e243097d,0,1,True,True,1,60,15999,5b7920f94267fec94478d0b8b49594c47ea3f79d29a3f1e6ab6d9aad5f60a1d8,0,1,True,True,1,60,15956,b26ea0c70187f1df657a84a1e9ba367528be3e6efd0fb51f974b9e5241733063,0,1,True,True,1,119,31999,a5c53acbea8a4a30b46972a37d79d9541fc3f9beaa4b9b3acd4a70f2e416e01f,0,1,True,True,1,119,31952,1bcb16f8b057be27b4a0d7f638f225a14bf3c46e67c6af8a3510c2032f3f0c5e,0,1,True,True,1,113,31969,e13847b8d8a412e533d4f257553633a1cab17d64346d1e26c96faeb2236b282e,0,1
3e2b00c1068787d149a352fdbd75da29bf102cb1c78e2ab989abc1f93d02d54c,84d6cc9d24216029e13a7a9886cc34b44aa6d6befbe03f32cd9221712d946823,conv-42,22,targeted,True,1,False,False,0,45,15945,18b54071cb1dba85ac2778adbfc8f3fef7aa583ea0085611997d5b532cf20f12,0,0,False,False,0,48,15963,0118661a39b19d426a2d5c087279ff9b0dd414dc104b150640fb727610b90ee1,0,0,False,False,0,50,15979,573fe0b0ad46522489011382b654fcad371dcf984a32022fab62293e50bb8a26,0,0,True,True,1,101,31990,ae431d24d1212bfaff0c7ec4b950640c8169e78863a316590ed093b2a9d87c1a,0,1,True,True,1,102,31994,a51f5ca15ed19272985320cd17c114fd8cb237297fee2e7f888eeb4ee00a46c7,1,0,False,False,0,102,31975,50236982e68a9e8e8040c3a16d4161c1c13dc064a7004d343bb88c7d3c5b3181,0,0
23aa5a9cc2a9e022d953c26f48405defdf132d357997553f484011f7cef60dcd,e1e2c08cdcbfd9ac2186e2e7b090da8c400886fed70e00c38ebcbf3cb2e516fc,conv-42,23,breadth,True,5,True,True,5,48,15964,bb745a2ee3ed9e28341767c4a1c10c8d7dc63b057891c60807dd3f1b8ebadb24,0,5,True,True,5,50,15985,952c5a566d7e2025bb49cb1788cb687bbf2046b750dbb80f0eae91bc97939d13,0,5,True,True,5,51,15956,b5df42d71c09d7f2eb3825375576fc459485d8bc6c25456338eb0849d0f661a2,0,5,True,True,5,103,31958,a9ac67340e3ef8e91d8d7a457d2188c9343cd9bc0aed446250aabd4bb9b76dbf,0,5,True,True,5,104,31938,8f5e31aa5a1188ad8060513911ef5ac9ac622cbd953ebd50ab7af2b0fc8b5dd3,0,5,True,True,5,103,31929,f2c902731708097e410a2d32ba84ed2dae9909d2cbbb1b072fde89afaa20be5d,0,5
8de8ac65359adb78c1d480e238341027a250dc2c52615a95c48bff92378331c5,944040f4ab63c01c5bd000ed4cc7ec6a018c253e759046bbcae833bf192b3f48,conv-42,24,targeted,True,1,True,True,1,56,15953,18cc038414a37aa685dfef34009ea3b15d3638099a5780691e11c0014ad99d23,0,1,True,True,1,56,15971,aa24d567f6ccc972b2cff1b232b69b76b6c73215b86cae8386f93490f7470309,0,1,True,True,1,56,15977,595e71340cd28cd396678cff20a9643a0150c4f44cce10c5c4d3bc6cd43e275c,0,1,True,True,1,118,31919,6a1288f6d80eeaed832308e556a9c84e4168a83ecb468f7733620858663e9297,0,1,True,True,1,119,31993,f7adf18cf69add491bdd987d12a3fc25ed1f09c770186b994711c7bfe012c07f,0,1,True,True,1,111,31977,78fa8a8ce64899af127a03158e701bced9228987643e53924b01ed35d35d12da,0,1
279cb8014f0fd09e2f49013cf5e31b786a46f9bf7f163fd93b229bae8e3fa55f,33cb0250fda0b04ce52606ea604a6f2a925ea50340e83b7002b8f9786cdf91be,conv-42,25,targeted,True,1,True,True,1,59,15986,668204978db42c0ad3005959f3ff8b0283a81833a02647007e9122a9fb8bebab,0,1,True,True,1,57,15920,f091a47f03f736a9ee1644ece81a1bb8a6c049a216cbd34b769573702eae6d0e,0,1,True,True,1,57,15920,f07b33b5b83863123e1975241e6b32c2469145d61c39507769a0e4bddbbbfe81,0,1,True,True,1,112,31968,aea726f5af8ce5ed0c70ec5833e8145177054c2683e0b4804780c5a645e52444,0,1,True,True,1,114,31988,b8e31d023d77d61c23c82b1334ef59f0da9f5a199cdd0487b7392e38ca48ea2f,0,1,True,True,1,113,31930,8945714bca703b1967f33d6a7054a54d8110317b33dc2f6b4fc4f64d8b257bc3,0,1
23378a83b8d403396793024a4363e3dbe42fae73998824c3794b27aaaa38b39a,83d0f226b117e63424802b008b92430cf448792d58ef722d46f68738ffd9d996,conv-42,26,targeted,True,1,True,True,1,57,15916,205b15284e349a650ba1f04b80dc65fb7a4e215b31ec0f2f4e22076b726c5f98,0,1,True,True,1,57,15940,92c14a4041e49421b62585cba6dcddc29763c0e38258cec8f2581173751fccc7,0,1,True,True,1,54,15997,48b7ab7fb98141766f5c9b9ac3ddd8263f146d746564ede6ff24a6d37b3affab,0,1,True,True,1,116,31960,172dd1c41813c10c3f7e1155b64751a03d5e694b07501310229598b653272f6c,0,1,True,True,1,116,31991,f62d2f8670c315f76588c93c26ddf2b732792f01443f2d9aab9f2b0debde9727,0,1,True,True,1,111,31996,49886ab8965906b8cf6cbd873b2f8013af1b9d058d3b85c443a7cc1ca2284a4b,0,1
fb118ca3cd7adf8790322ef7bcad6f0445fd1b5c71dfc91922e4664488e0f096,f2cd0bb13aa187c17dad7eb1364ae6329fe049d2137cac7d2ddede4eadd98b76,conv-42,27,other,True,2,True,True,2,48,15944,6b143e3b4921898c48d12b1c5a7bebdd2be982be9be972a9dad09df851eb0fbe,0,2,True,True,2,50,16000,1736386e151f2451be82ca657b7649385d313c20d51f47ce8b908ac9378829f9,0,2,True,True,2,52,15984,66cd9e33a69acd4daa0d1a154ffc28a1afce0e546e122cd299dc8b2049232cc9,0,2,True,True,2,100,31971,0062572b6f55552d42fd4b9c6c326eb6ee6631feea444ffc01a39d273847565e,0,2,True,True,2,100,31965,6cece3c3e68b6de636bc287e8e6d540ec596b5bc990883bc4a5d5d693631343b,0,2,True,True,2,103,31997,5c3a7cf00dbcb1c89b14781f0e1708824701668eccb7f7d2a6eec5670f36739f,0,2
d174ee73f64accbbde07f7b69ca9b88e873a754f0c1638caab57b6550ae207cf,c7b2a44950099d2607af68438b0c78b9b0b9d7e793b171116c6a3ceea3c8468d,conv-42,28,targeted,True,1,True,True,1,54,15966,42935c533c3587328ae510bae82b42e8f44ac6b9e496208c83d9847c371683a4,0,1,True,True,1,55,15987,78c38ef4382774035facbb87c40dd91a60fbbece0e1d498994c4638dab3ec519,0,1,True,True,1,54,15936,9c76d8632ae0030b598a2d15599ccbfd44efb5ac66e8c2f228a545854915b100,0,1,True,True,1,115,31981,31326ed1d142c9e30f42c399fc7ba627be39817af4904f3e1f275f852a2828b1,0,1,True,True,1,114,31963,882c87755f7221a78b2d52d325a85769386f244daef522c419d732f8b84b5f20,0,1,True,True,1,108,31954,c3cc35553de989d808d28a81b7cfe3405975c1a80f01f950394bbbb85ebb2c71,0,1
68db0e898dba0f4eefbafb66d86125fae4c9b83d6e1264b60347dcd965e805c0,eb1537af3f1b55b4077901be89856a75daf6af93c3921202cfa6fd7f36f3b7d5,conv-42,29,targeted,True,1,True,True,1,66,15990,3dc37b44939d4c531c2bf4f76787f02df02007f6a589d7c4f29e535f2dbb36bf,0,1,True,True,1,66,15975,b6663b1fe1cb3527f6490a29d90944305f44a75838c3ad7fa5b2236203560ea9,0,1,True,True,1,63,15927,dd09b73ef9e91dde07c4866f9428dfc6ae3c3291ab80741ea25046f8a4b2adae,0,1,True,True,1,122,31962,40c102751fba185603cc9a4a6fc068db77426ef78fe249b897370d3e769109fc,0,1,True,True,1,124,31989,c344d1b12b9233396765720ec014c08c3d8624839543e00e5fac84f001631aeb,0,1,True,True,1,117,31925,ff044e56e68daca69f18549b2c08c046bc54d5ae22a0f839d0aae8dd518b46b1,0,1
7fd147b3cb2deb3677b72ea650c8453b67ff7f6a2e84e36d1d887c7a14608c85,f0d962c4da6133b8fe775c49a874989cfc30f5aa0ba94dfcf76a3a573a46e3d1,conv-42,30,breadth,True,4,False,True,3,50,15920,0da9cd8e8a13eeb93437676fbe9fb7a6e9d95e61143b2da0d4be866bef0a3143,0,3,False,True,3,51,15967,7b33ecfd36b58e102e1e2e433d91c1bd0535b29a7303e9243654e3d2deb47f8a,2,1,False,True,1,53,15990,caaaed192258dd466a9c72ca1a0c43a4ebe29e64978fcbc706fd7a5edf164bcb,0,1,True,True,4,105,31998,95d1b92ccc96bb7779f1a8c886b1ae8e4c3770d501fc74dd9d12e5667fff33b9,0,4,True,True,4,107,31997,201a24e4139e4264302cc7232349d626ea91bd466a157a302a7323a7ae9943c1,1,3,False,True,3,105,31945,f4e666a8ddfcec123c9e1f8d160f9c28cfeb839ab33ec2b801c24865ecbd41d4,0,3
c49905113defb259264bcc83e74a524fd1e3f6815c4d81d8e3857a537da3120e,7f2f60e2027c9411e8cf1f40130cdd0ae0bb55c05e15156bcf1330cdb8b727f0,conv-42,31,targeted,True,1,True,True,1,49,15935,f89594ac0139c6a20469c166949f0e213973ce840d00097c40287c27a27232ab,0,1,True,True,1,51,15955,2c15ebf39f3a01847ced370827954e4f09a1e0c66404cb42d743f31df981ed9c,0,1,True,True,1,53,15998,e574afaf0cf27e5d8c43798cc59d2a5931a1997f3468158ac9b786dae3585563,0,1,True,True,1,114,31986,46ca1e93787d6a56ccb01c4d0d9331c4e87f7714e6b2e8d1265ce10ed6ed6914,0,1,True,True,1,114,31971,a164ae0944149d42d52201cce883c4efaf859065b804002ceeff53ec75f308f3,0,1,True,True,1,105,31978,26ba7f22299fab29dd430fbbefb290563d48913ccf8f3d587da6fe5ae57e45f1,0,1
d336ecd481507b2632f26e04a91096b67fb0d26d8b4a74ba7fb8cee347a0b078,fe15f66de939a97c2cb3defdf68525c4289148525ef86c35d94a1072314bedd1,conv-42,32,targeted,True,1,True,True,1,56,15988,a05e54e37f99c607a1e048dcbbb28ec0054f522a9c526b7a721c89e9626b79ae,0,1,True,True,1,53,15944,d2cb1db7b23b95c8970373aec7fbd95db97a45b833a691805dd6cc28be1f8183,0,1,True,True,1,55,15979,af0c673e39bd8507155b4a4a673b1d73c72ced6ce0001e65990942c02d053376,0,1,True,True,1,107,31971,90988b7057117d4787f642abd4eb5c8cd3c4d1b0de1f78c195499a6e46549fc4,0,1,True,True,1,107,31922,b107e1faf0e24685a288b9c4daa61db0af05ae384d7cf930366201e3401d2860,0,1,True,True,1,109,31934,8ba472da7600e57c745a66b163d6110e6e028b8e63c1eb86467faa3e8e197e09,0,1
fbc3c2230fafc70559c8b505c82a51565e376972d8c5d923e85cdf989751c53f,9e70a160fd5908cf482e21377034c46ce1f4d9aa8418e1482ab5f6f4451dbee8,conv-42,33,targeted,True,1,True,True,1,60,15960,f38fddd2950380184eb3bb46b52335bef8edb04777e0ec904dbe82a024c2885b,0,1,True,True,1,61,15994,e966003ad7af2aab45481cf56fc94422707cd9c46a240274f47a3a3cfd13b2a0,0,1,True,True,1,56,15934,a771503d3827c683bad5e82bb656749a672cddadf625f9b0aacd17ec909999e5,0,1,True,True,1,116,31987,f327ea821dbc4e9bf7a626c6e4d01478e578cbb4be9f583037f26a5828a44526,0,1,True,True,1,117,31989,d60d0c652ed1b1c09355acb40d7b1856a11b9cf1517eea8f76bc9e46e81b2f57,0,1,True,True,1,113,31994,54de8574a2b1c61a7f2257cc2d1ac6b16ba7323caaaf9c53b4045745c3b692f6,0,1
351a45c5455d0b869a0a5002511ee4a99fe6876b4015a46c155bd22d3b0cf361,fae9d39fe47fd2e44c4974cdce9f7026899e924599714482d7b2f2cfcb9d2043,conv-42,34,other,True,3,False,True,1,65,15993,18ba2eccd5442d5067072cab203aee84425dc9de328ffc3c66ea36109396bf61,0,1,False,True,1,65,15958,77534454b248e4a08d606623c888b3f65e5dcded2cfdf4e30e58e12473a5c54c,0,1,False,True,1,62,15943,e9fbe2089c32ed40b810eda05d66ed4ac41e1a67117f38edd633fc45ac32d8f7,0,1,False,True,1,116,31986,565c484579267b5576f44fd736736d97cc91ed63693a1301bd42eb007895c472,0,1,False,True,1,117,31979,8b5ba40c3d5ec21e49312474dcbe8ccce7320834e5157ce606a5a0f78a7b759a,0,1,False,True,2,115,31931,2dae26e2d5f3b9bad69992b0dc440ac5e463c8dfb43a8c68b321b5d96753cfdd,1,1
37caa40b6f5651d328ec986771e081a246bb2922e1ba7f34c3d8caeb57049351,446c35c58ff5ea76c98fb6c1e874ab539cce7c7acd92e1012668e0748c556195,conv-42,35,targeted,True,1,True,True,1,55,15994,2564f888268628bc29ef7098c7bab5926091a661c5ff7535d9a3e8aa83ac99ce,0,1,True,True,1,56,15946,9e7c779f0e19ea843e6e7262f642a5d89ffd1e927a666073d48990e5b8bbdc67,0,1,True,True,1,56,15967,05a613ffc611f40f00753bb89f98b3669b628cb6b39f1c864128db050ecb3a5f,0,1,True,True,1,115,31992,fe9abf575132d0dce94ee2a5bd1b17c9d8f74dea246053c3d6430d25e977f10a,0,1,True,True,1,114,31986,54e96e39ba56f9ef3ee650327f8dea19442b07f9db89174d9d8dff9edb07f28b,0,1,True,True,1,107,31933,d26c20fa14575edf5b0c055f4bebb71ff88580d5227e0f92bad7e7829a692946,0,1
64e790cf119943f76e4e7d40557d263730525613f693825a930b4b9b85605ae8,b4ccc31f169413b36a49f9611dfb3fb4647982d0bf60847aa9253a26a9d76cc8,conv-42,36,targeted,True,1,True,True,1,48,15966,9f4cb12322b27c7dbc3becb02377e2ac96b4ee0ff0513c1280f6eff23207b4a4,0,1,True,True,1,49,15979,59990951d0e3ffd43b36d2639881ae38c28ae04d4e48bdf76c7ddc81873d272a,0,1,True,True,1,51,15986,c4d2d2f6420d6ecda923769e85a53ff4e715dffebe19430e8e0e8f631f6d711c,0,1,True,True,1,99,31956,ee0596327ab13aac0783c25f2be23da3f94705ce90cade88ded67e41b885405d,0,1,True,True,1,100,31968,8a212ebb38ca6c1afc24596963df44cc1c2b040e5d97c5fde036bf40add877e6,0,1,True,True,1,104,31996,ae2a00b9401399fefed27a325e438be1cab587e9474a951c5184729f8643c9c6,0,1
de597f5a520c1f0163d111f45cd6fac702d16f0cbcb50072f3fb03a8aa7fae46,21e2c872466e04f94a30bb66a6703920b8c50a11d8d754c0bf7221ffdbf30234,conv-42,37,targeted,True,1,True,True,1,55,15949,acf927d593a64babcf67b5131f2d9ebad9b9e51f001aa38fa4e83a3678694733,0,1,True,True,1,54,15938,791c6a4a5606f621055f10ae3cab6c1e38a470f4eac0bdb4df3eb9f47b4ec923,0,1,True,True,1,54,15984,6209f61a808cf8863e0009472df6076c79c0ba0092c06c96ccee2d97ea851f85,0,1,True,True,1,115,31991,5f818dd483afe4bf32ae40548aa8b510f0942ddf2fef46f3de0a74c7d8a1257e,0,1,True,True,1,114,31992,fbca65ffd8f2d4cc5217d65a5c0376928961fcc242be62ef0b6ae156179acadd,0,1,True,True,1,109,31996,034a8fe652c193cc5aa5be74e07e91895e042a4e9386a402bd09b2f53c03ba88,0,1
52cc5d919bdffd019b5d2a6e48ea04b3f08657cc2efb2390e547e7588a55e591,9f62a11a8f498af471532d2ee335a3e20b889bb9fce57d9282fa000301bf7829,conv-42,38,targeted,True,1,True,True,1,53,16000,c621c42d5d1569bcc04cd67956240c3fb9ae55234fd7ee6dbd677128895e88e6,0,1,False,False,0,52,15921,c6634c83b0debbdb83e2a5c4b1f0764ed339b70883d1514ffb260bbaf5676247,0,0,False,False,0,54,15941,3b8179ac98d4ec453eae572b37f4e811e54ddee0164b69a7358f9b1c46cd2e3d,0,0,True,True,1,107,31982,a357f718d2e6248922cca89bc89afca52785013adb8f78d0132b726d21e76552,0,1,True,True,1,107,31991,11d6c33cc70d27065c07f1024e169e0481f3c5fad689e83fc95b2e8319dc1c79,0,1,True,True,1,107,31931,5ed9182bae205c9aa9b7dd1a67a1e376a7f3abf77eff5b4b038a07492f49d449,0,1
730881879250923598d7f1bd2c315875fd1db0fc9e5b551e1805f6bb5f9ec9e0,75894040d3f2d97d1fd708ad8b1ff829b7bc88cea2ea320bbf39895474e1b02d,conv-42,39,targeted,True,1,True,True,1,58,15948,18fe6b3a89b31a5592c6ed458ba235709309364a336e893d9d1541e6b759fcb9,0,1,True,True,1,57,15929,bc9e74306ca57874863c0ef9b43730a2c9e250a4fb346cb2003b5cff7da1fca5,0,1,True,True,1,57,15918,43a0ce858ba97fbc5ae7fa9421d2294f2ff32f9cd536b330e62bd05662d4eca4,0,1,True,True,1,118,31945,9a889d5987a2322ed0d523b097f29397f42963be07a585e8828ce8c917d98056,0,1,True,True,1,118,31987,93884f1bf82aef7e60a69b5385780ca03536095ea68cf3bc9c08cac7ae283d31,0,1,True,True,1,112,31999,cd149f66929ce48bc2fd2353d7cb3c7f8843ab725baa4e2100c0a54cc34d715a,0,1
1e93729add74f35e816e8dddb6000ad8f6b3e8cb6e832734325e43cbf8aaa4b4,1772a808c8fd07c85447a9d8bcfb0f296e5b150854f27a55941d36bc80a2f462,conv-42,40,targeted,True,1,True,True,1,61,15998,75f25396d1ac3ec916b7aaaf74646918fd269416de2fb44fb7b0dd11ebcd2171,0,1,True,True,1,62,15988,8f22fae23a7452b84103ac6eddf8e8d45772874ae5d875dd8f0453f8f8ce7734,0,1,True,True,1,58,15984,9d1bd06a3d7ed8c167269ee14d30995bff68941eedf69004d7b5fd04adabd96b,0,1,True,True,1,110,31920,ec1740c3923266ce194e680b29d191f771ae1719e5868fc100569765990701c3,0,1,True,True,1,112,31923,cb20e04a5c20fda9624b08ea70176079f339a1dce4689a1791e8b13ffc1370b7,0,1,True,True,1,112,31929,5df4781a0f59a0eee26a34ec9963bb514d7758a8430130532236c85484d85f6a,0,1
ecb6bdcd037c1c2abca380593f7accf9acd56280196add1f5d47ec790c08b58b,368679f32fb4d93d652ff2ec4631837db40e8bf2edec9d0571beadc493d2c24f,conv-42,41,targeted,True,1,True,True,1,56,15963,95f0fc54333308db4fcd0a1b7a056d621ab3b9031b248f81f7e006f4d2c585af,0,1,True,True,1,55,15973,6d435a6a76e84eb5beb628fd05e8103013d7dd27ea617b17e246082a938e2c00,0,1,True,True,1,54,15927,00aa0eaf94dbce2d156f41394c5687c5edfb99f897994412a076f2d73bcd0d52,0,1,True,True,1,113,31962,0b7e4aa39edbf233244ccf8e75604e5cf2f706988fb8b32ea4eb443bb2950346,0,1,True,True,1,114,31994,6e218d37b29e3ab590a1da6a9f48661716e194147054c5d9866a190dd77142c0,0,1,True,True,1,109,31996,b1a709d10fa482f973ec5807b9b56a0d0fb6710b9fa0f26c1d1a363511f38576,0,1
8fa3b13d692e80acac81f8e0a73f280687f7a3be4547c9cb2bd9f35cefe87cba,e153a93b34b67d7c40c818e66a5aff89e28ca676da269ac25ba354da62a10f6b,conv-42,42,breadth,True,3,False,True,2,62,15918,a12ca7df75bf56eacf27eaf23e882e2ed8cf670ea7ada7f75f562f9bd8606b79,0,2,False,True,2,63,15926,bd84b3cef0d92d601640314dc2b853b09679b26472f661a4e298091397f554e3,0,2,False,True,2,59,15945,b7ea245b0f1018b7f4ab740e1e79b6c37890dc1f4c48e400b6f23d88f4517702,0,2,True,True,3,118,31956,18f1275ec7566b445907f498aa05d0445ecd4cff102cc02067976e4207ae42f6,0,3,True,True,3,119,31985,356abb1146c0473c8aceb9c979a61a09066bf4f559f7a486cb13d14bd61c3329,1,2,True,True,3,114,31995,7da5b7b4b8850d09e75493759eb0a6b92c3005dee32a242c273f34c71b5e8c1b,1,2
54e9604bb28c4edd66f145907620d52556398916b2c85ec7d8979289c05dfbbe,3a11449dba58c07f7386e8287b33a00bae6a20679206cc964ac5c05bfe751be0,conv-42,43,other,True,2,True,True,2,46,15940,562e5ff71e2e5c0fc91d06678a4355d9c6bb5c912c3198b64bcf74d10937d62f,0,2,True,True,2,48,15973,ea26543c735f09c528c45288f19a73fed49b719739ea168a2f481dba934efffe,0,2,True,True,2,53,15988,24e952eab0a79092339d3eea8d4a5bccde06eab1b918223f94d07a11d1f8e713,0,2,True,True,2,101,31924,974336bcd3cf0875277190c784ae98e6fb65b7107ad70a9a657ab49c56441e92,0,2,True,True,2,100,31957,ce5a3a76499638c64f12228893f5d90cdda0952835a52c8d1b1fec00b5a13e47,0,2,True,True,2,102,31982,80e5a7f382a8771588bfbe7c7f54347dacc03ff2d7f5487e11073f52b84bb199,0,2
af2d0a34fee6fd029bdd1c4d786dae84fc1380c357d4c88920be408d147cbcca,0332b1cdfa09a8e68ac22d62b017a4cc72fa1bab2c00ab881a99d9e59b019894,conv-42,44,targeted,True,1,True,True,1,48,15994,255f0400156c26dff05406959d59b87413371666ff885b8a1ab9894549bec22c,0,1,True,True,1,49,15970,9028ce923d582bc3a787395f096bc7d73bf6b6cf37cffe7d822ab1a7ad3f6c0b,1,0,False,False,0,52,15950,f5cca79fe220fe7671b9cdbb40751348d34eaf6c905a80f770ded61df95ec384,0,0,True,True,1,110,31950,576702637084f965d85ef0d363a938b3aab0b01b8456c8448639aab55aa361aa,0,1,True,True,1,111,31920,fc8e69cefdd42de52753067574e683a18d4745850fc60c1d6adfc7dba486e7d5,0,1,True,True,1,103,31934,1b9f8b13d39f9f0b129a2be211352c2ef91cfef6c0f88a0cf23fabfd8c5d3551,0,1
56ef6dd634e505a6042446b520c32a554de19f4701fc259b9b7d5c6312ba8024,84820ad74a596bc927bb3c764437eb6075d20e8116c4b1e8b9532a4b5db3658e,conv-42,45,targeted,True,1,True,True,1,43,15929,d2c9b0e4d0dcd3d5897210733831aa2e0a317c175a793347078dc5a89190aefc,0,1,True,True,1,47,15937,fcba802ea467127bb12fbf54f5aebe82337c919cd21475336519fcf537df10f1,0,1,True,True,1,51,15917,84a28c62f3526e22c6ae010a132719b046f4040aea6c7197f18a63bac4c155f8,0,1,True,True,1,96,31946,3540de32c0ddf626306fb1fbd5af5ad42805ce5c2fd1231d8bb0ee6dd35945d7,0,1,True,True,1,97,31966,0103ffee5b4d0fdd8ec67cf6f0acef36ebb2b3776d2fb53b4e85e1d35588774a,0,1,True,True,1,98,31983,76b588634638869b1c2439bcca495dba9ddccac9a81b3e7e6eb2f71daf4f45c6,0,1
ba9d8027860573aeaeed0cd07013fbbc925e7e0113182298e78395925e538661,4616357278ca9cdd996707cbba4e070935df2e97af1ebdb66469cb0bf09d5a49,conv-42,46,other,True,2,True,True,2,53,15976,d4273d5e9ec7a87d057c71fbf23e8a4770258a8af7c1f7f1aa8b96375db460d6,0,2,True,True,2,54,15984,e6a13cb26210a246db1c96ae74363fbdbdf4e0aaadf82c13194dfedcf47a24f5,0,2,True,True,2,56,15933,bad6e1dfa0c21417153d0dfb093f98aa7e9a53a8a62435127977c57b9570f1b4,0,2,True,True,2,112,31952,7a0fda292cc1e7b50fa5b84e6cb1c0d645dd50c9a91173a63bc151be6b9a5772,0,2,True,True,2,113,31972,0ab94867bdc03ee1f52f9217d3bf6a7047255e68bed20fbd145c4f5e4928cf1a,0,2,True,True,2,108,31980,e93f47b077e5afa28c6a4b3bdc0c7531d85f702e3dd07888b8772f4d501cf7e2,0,2
c67cf4f99d135e595767179cca1cce876cad4e3bba1d5d594e32e3d2dab8fe8b,43380e5a0425fe9e8917052c4638264bb04208d386569e484b3a341db2721c51,conv-42,47,other,True,2,True,True,2,59,15919,7843b5bf5ee4c431fc543c157d142bd9507bf60553ffdc2c91eae3a03dac8510,0,2,True,True,2,60,15978,61694b7e994028bd38557976380d690bfd6f53fc8148daad84f12066a07516eb,1,1,True,True,2,58,15950,f0dcef2fe5ce73304d0fd65551da9262d6eb53a748265384d20c11ad49700fa6,1,1,True,True,2,120,31986,2917f514d646cf90da01813409a6cb1d1f04957cc89f266acd4619284d838a7d,0,2,True,True,2,120,31970,e4038313e908a644143663b0d2b5a6c30ec31c0cf3de33450d87f718f0197fa1,0,2,True,True,2,114,31990,16dd3a2e7fd1284a8c0ee6ab29ec8a05d189095b612d643a9c525cf34671b7ec,0,2
1c4c72388a8e0930c9170c91f62326f682378a011616663a11d659fd7c47701b,549e096be8bb9e56179611d15e5288284cec3243928ae27e33f4c2255bd0868d,conv-42,48,targeted,True,1,True,True,1,57,15949,998123c33fbe57bbd28da8203e32cddebd03df6d10c73f6f28b694219d1ed33c,0,1,True,True,1,57,15976,cccdfdff84bd2fc77a6afd15f875ed335f4beba98a9dd92873d462b8452cd535,0,1,True,True,1,56,15945,d1ad853814d8d02e8306259fb9b4400866aab4b178d7e7982de47150dfa98fe7,0,1,True,True,1,114,31968,60ffc852bb3a2904e932d3cddaf443a76f482a7c2c97ef4ddbcda8723cddf92f,0,1,True,True,1,115,31998,60724b77dd62de9b803a09b82ac2131f093c30302c1cb69cbdf304d8698b88f6,0,1,True,True,1,113,31994,05eae2c8f2fe5ecb89ad68df3ab3a42945415df95e87867638acce584a8ceccb,0,1
b0e0b32158697ba79d23a6cd8cd336e3eec9bc2e3c8247c9074b3184c5829c28,d6e2afaf3318c13826c230c8580c2731c44990c00fb7335890ec7dfd75ddbc0b,conv-42,49,other,True,2,True,True,2,48,15986,054efe9086c6a24a55d7f9afdea344596b945e2072928976aed1075fee6497a3,0,2,True,True,2,48,15950,dc7c14a677db95fff429268b7926a2a36b0313944757a3a0860e96084a9cd89b,0,2,True,True,2,53,15993,9960c0d83754bfa24a7415c9d0f37661e9da8d89c509ba191f08b6c9b5a54b02,0,2,True,True,2,102,31954,de05e2100d1145e7236902f498ae03465ee2af21da47b4598cf5d679c9d13524,0,2,True,True,2,105,31983,8c9b0a9a3f5c6460846bb2214f515e619f96f2f386f6514eb2bc5e38f6ccfef0,0,2,True,True,2,102,31982,39a4fefa6ac1985955c41e4d64031987176ddffab456165fb9c63925060bb65f,0,2
2715207fe1f1624f541d0f192be48380020e8221d1cf9482fdc3a024ff5752f2,0c0aaeb016adcf0dba6ad21e69b32192df79bc69d5b2ff71fae3408422b6d55d,conv-42,50,other,True,2,True,True,2,64,15949,33bad7f81e24ade92927daa34b55bd80cba6fd3864cbf423be2616929d2feceb,0,2,True,True,2,65,15979,441053e4d07db387649a897bfafc07b50ad29f77390fda140c30a7d8f4bdfb48,0,2,True,True,2,64,15989,8a3f48a1c096d05aa43df819b3cd8ecf38fb33b293f99b346a2b6f52db81d937,0,2,True,True,2,119,31985,c4c516cc93d2af00f75a363db2e9782e75852c56a55bff3cc1621707a292b1e5,0,2,True,True,2,121,31954,3b3e53bae48974f09a7306afb50b541fe6d0d9de4c7b761dffb627b00240bb38,0,2,True,True,2,116,31961,2631c95f7607264d14bdcbd84dbaa099900594b1983ee09dfde145d1e5febe2a,0,2
8b6a009c3d9ea30209f25596bbd9e672294203263aa4fd5a2af2db9a93011f6c,897e84050a40df8c08242952f5d46fd5711aca6498b63e3b3a9101e2060366a0,conv-42,51,other,True,2,True,True,2,66,15982,26f2d775bf8a73611f4093863a5e5ade6ab60777f9ba454cfc76045b62bdcf99,0,2,True,True,2,66,16000,d3cccc7e9bf55aa17073133f512ed11d765e07a243e804ae350581a9b3c261c5,0,2,True,True,2,64,15910,074a3d4312377aadd76930cf0926db9d36097b5ab77ede53627fb841e34cc6b9,0,2,True,True,2,118,31967,6c6fd120eb0d58a3d1e663c9001f0877cd1e3fcfb5af41bf6e33fb70e2a56e35,0,2,True,True,2,119,31915,a25a4d0b6376ff0cb56a1c10e647fa137f087045f133d19d293de41253c2b38f,0,2,True,True,2,117,31925,f4b778d16b551939298c09a491f7d60ea6a3d09751fadde3099a40072cc6c408,0,2
e2df68b5446ea69031bb053a1f2c174b1e9e10e5f1084423004c9bea4e428d98,096d4b07ddf09e43f222c2cdbd144e27557288304c225c7161037706deee8d82,conv-42,52,other,True,2,True,True,2,45,15941,ddc187287a156b136d0c836c1a83b3c0c73644999e7158559482481828aaf0db,0,2,True,True,2,46,15918,7bd816294a99da7de256f576340b00713e963b6c0e55d9d1dbb5832730c477d6,0,2,True,True,2,50,15930,849424edcd1f31ac487faf2e3271b3d4361a5214ac3c8e5da407c2dce6e4f2f6,0,2,True,True,2,97,31925,a9081bf7af3a63d5ecdbf6d9a41cfad8d3d47d7aa19b62e024377b89f0ce79cd,0,2,True,True,2,97,31950,597142d5261683028c802eb6a3f70f452f5be695c4f02e6af017bcb1d4f0c10c,0,2,True,True,2,101,31980,99533efffd9c3130f3dcaff3e12c71248e07e089b0a913f116a0827f5839f9fe,0,2
9e1a1be73a7975d28634a082da77a31fde088d055dfba5fd8fe758e5293a9d38,b6cc4afe2c9d3e0ad565f847b0fc806f8fb6d19a12ba9891155c8934fb6818e8,conv-42,53,other,True,2,False,True,1,59,15996,ee9cc0d050938a3e5ee71c02ceeccfaad8612388c0144cbca17309b5740fbdd0,0,1,False,True,1,57,15995,3b015899e049696733606f97e18878e90e054cd4e5b1bd26145e56ee9bee66bc,0,1,False,True,1,56,15969,10e4de9cca37904f9c27fe360be301762c6cabd35207770221a84c5553eb1a9f,0,1,True,True,2,120,31972,71c4fc3753c5b322d0953ad125af634d5f01ec012bf1675ac3c965d5ee85531f,0,2,True,True,2,120,31992,da9e16b4233cc4ee4f5ba4b1112ece6642d7cc3bbc702b806176e93b0e9e0cb6,1,1,False,True,1,112,31939,58eb3453278d524c05a3fcf9565ba2f5e7234168cf19d567c8e3aaafbbd62c07,0,1
45709546bc0ba26d967ccdecc38613b87a3c20fea7bd6c60906e48290538757f,b7e0910cef8bff6201cc93cd108b573e457414973281afd42d7dbf5c1897a852,conv-42,54,targeted,True,1,True,True,1,53,15955,0f7f0298a2991281e8e757130681167a26a21a12bd0a12b839c62e09bac96450,0,1,True,True,1,54,15968,d4580f332c4512281490c6586c5696641b6b06c84313b1a92d5aea2de52c2021,0,1,True,True,1,52,16000,a84f44bef56b8c02abbfe54d7a41a138e613b317c63ee9b35391bf5b4259da7e,0,1,True,True,1,110,31924,e89ba432571d7348add2e786f4a124112d34b4ca0cd5b54a2f422cbabc93073c,0,1,True,True,1,111,31989,bb5b24ab858200e7ada4b7d8953741badce761f196e355593994a1c0fd38c7f3,0,1,True,True,1,107,31986,9551ee23a6a2478ae13cde3ad5c13c833b14134259f5382f67e908e14b4e2d68,0,1
0bb8c16ab83966cc27014522c7251afedc317faedcf4da9e398fc46dfd73d488,f41afa992d72e36f0f3f6e74c1f05da96af0bc1237ad1342af29226affe90daf,conv-42,55,breadth,True,6,False,True,1,53,15994,2c1aab49612eeacb4940e3ba02f93b6080ab7759c4ba5236f8d7a549f9d0a909,0,1,False,True,1,55,15987,2c1dd6be98f4b7be5ec5b791a20db5727fdfd5ea6faf4dc21083344be69f98d2,0,1,False,True,1,56,15986,286627c8c8d57ff486442b0311bc7fad1261f5f0b8e7afbebc4bb7c420b0bf76,0,1,False,True,2,108,31926,c559216379c99932f521ccdf729111c2f04cf53667b9831f4281174b99245f3e,0,2,False,True,2,109,31951,39edb7671ed523c4987b7d6100256b76450728c0dcf9d674bc34902377ca2cd9,1,1,False,True,1,107,31999,992c650d6fe71b1e6cf65e59d471d4d1bef499001d06c57b080b425d73d5c81f,0,1
35f9d906e9b7e3290f7e5a301e589ad0a892b1c43c019b43f3894b7dfa0567ec,7312513569440ba43ed90a6e9d0a186ed01a8589d1027adc2022c803475c39ab,conv-42,56,other,True,2,True,True,2,60,15979,bde8080503a443c9181c873a0365b24dd7fef574eb817073341ac4622c493afb,0,2,True,True,2,61,15963,bbdad7fe3485e895905beb807237e2acc1cc8e618b5dfab61a398ab119e043f0,0,2,True,True,2,58,15977,0deca67fbc6d4dd39fcee3bc0df02f3b5dd90de75b680ceaebea3c88008e2357,0,2,True,True,2,122,31950,0b2016d54933757774c24cb5dbb93280750f62120f2315561ca4a0f578ee4192,0,2,True,True,2,123,31955,5139b57dec373c4a5173d2f33a06410ba05d98e740837509c3db7c657ab7e41e,0,2,True,True,2,112,31964,ea23f35b84997af73ae2d1b11d70018a5b8a7827de9dd101958b37f5b3b5ac9a,0,2
b53ce915bdb62ca49733c1861052ee7f3fd06b0cac8c1f78ef05d1e78fcb644c,f53983e5358456b3ddaa0941f79bfb737da14146e50bf312416782ae0b729336,conv-42,57,targeted,True,1,True,True,1,56,15970,66a59f328a694a06e87c76322ba91a8d3311a5d875c3fbff726927b843b6cfab,0,1,True,True,1,56,15928,92b4d5dade0db439d684ec3c8796430410ab25426d0f3f19e5a0dcc248ebffe2,0,1,True,True,1,57,15932,23d75e4162edd5ade7cd752851609b59ad5fdd3d088db6aa92c8eb3b0cceef11,0,1,True,True,1,116,31991,147ab45fc54277078563556b7363be24e5f8a5050e83094e5cbc43d3999d1d01,0,1,True,True,1,115,31975,021fd3ecebb18ebaf8f3d4264ff5c01a31caf4b291db0826d48fb41e3282fd62,0,1,True,True,1,111,31961,94b3c34ca953e5da1920823477b13cfa2af219e012ceff90f1de018406657780,0,1
a3551164d7362aaf94fedeb8917cc1d76259749ed7535c204934bcc21cacded5,9b7a5d3d44320219231ff6733ba7bb30970f8c7225767e67663af7c0758d9957,conv-42,58,ineligible,False,6,False,False,0,69,15999,651fb59ffb8887e964d41b2f7dc1b626c76827a601a052634459fce64de66643,0,0,False,False,0,67,15922,eacb1e952f6ae5aefcb576ab2a35672302c857222643cec90f8cf1e790bad4bf,0,0,False,False,0,63,15925,4a6acefa5c949165c5c0c64adec6d6c1f46def86dbb1f7f81b5f3369828513c6,0,0,False,False,0,123,31936,0b2b691d9d6d446c2d741b1863ad9f4e9736520cfaeaefcf4eae16fde0b3c6b3,0,0,False,False,0,123,31929,4eea7e1146d14bd86d723af1264dfc81eb12852ee9545403dd396a246264b284,0,0,False,False,2,120,31934,ad2e666b40c839d79f0f841fcfeffdfa0bc9a651cc7be38808b1009d7f467ad7,2,0
1784f1ad203a31c7d8b86711f6c6c426d045716ecff16643f845906eb6a2b6cc,f79bc4130c1a5f0b2b050cb4452c049d633438cd0c460f91dc26975cba881e77,conv-42,59,other,True,2,False,True,1,55,15968,e954111891d878552baef03a84bd953d54140b52f4263adfc046407f719ec7e3,0,1,False,True,1,57,15934,797f7fd3795dbbf064a39883168a40e5011c949e5c7042bb4f47a06c9235d296,0,1,False,True,1,55,15923,822b732f7c0e3ca7d8b1b506a9af014f7e53e5955b0788f771fcd55e2579b280,0,1,False,True,1,109,31959,40a4c79afec010aad4aa9fa7e4cab9f4f4ae168e614f48e83ca35d44551f63d0,0,1,False,True,1,109,31999,f4f85e59ce5e46f863b98b27525eb44f4faadd0c1caee3e30fbc6b971408e210,0,1,False,True,1,108,31975,7d8f1629f5da791cf5e68f0c965e084c960caa8d5a0ac36e3d6cc6ce515d6dee,0,1
806aa7d67b74698fa1e67fefe095d818b9f3cb4eee56b0954e12087bd4d1b7ed,10c21e73d2e1bce9ab85b49790ac9362630f768a0bf9a5194f005fb459fe7e3d,conv-42,60,targeted,True,1,True,True,1,63,15930,b89622c8026c6d58fac1f2b39011d1125be5565cc4b0cbf56d13072d704c520a,0,1,True,True,1,64,15960,74ea0c777c051fdfa763722af161f946959e3b33a7e0fe5f372466fc368905d4,1,0,False,False,0,61,15907,0a7d8bd430b58f14fb74a4895365a368806b2d109632ca5d14d4f24bc1b76a48,0,0,True,True,1,118,31954,156fb95661b6c8cc2f70679573340573137db10201034d78af52d1fb0dd48a2b,0,1,True,True,1,120,31971,471243c0ad2904c8cbc0ffe762dfe0793fd33b5f7533a2024e15d6ee0d1b9a80,0,1,True,True,1,115,31965,2e22526a697bac8c8a2ad728391e88c50c7e2572a86cfe93b22ff67050420b44,0,1
ac84559bcd514c32229a01e9db5ed502f5bd727ce0c57cb8c72c7acd30b811cb,6b5c17fd5cfbdc303e730b518dba7cd91d0317f2f9818d52d97ea2063142c287,conv-42,61,other,True,3,False,True,2,52,15920,b3cfc52d44b2c92bbbb24fc71f7dfea0839c8bd2a4731e006872cfab16c61971,0,2,False,True,2,55,15991,4ae37468096881e7db363135e281896e914753dbd8a11d388756454c2392429b,1,1,False,True,1,57,15955,80ea98da61d94f099c30fec800bedec294d325b04f3b399e7d6b1b1dc715f012,0,1,True,True,3,112,31963,cbd1e53ed2b9101d4e0ba22313451ae405e291773f3902b9da1e4c1819260a9c,0,3,True,True,3,113,31996,3e1a0a7475dc7563364476155f52bb714d3f3c3170eb9e135f544d653aee43aa,1,2,False,True,2,108,31919,288533381e5b1ade85ded5bfc9c0c0ee4e383db1c9e82e826f42f37b5831077e,0,2
c49b9e4e8dcd7d9a9f6b912bf9a45edc1102b5d09c94ad3defdfa49a51653967,be4423e7f5031f8fd442002a50207e9cd77d9baad342e5cd40798ba63bffa97b,conv-42,62,other,True,2,True,True,2,63,15995,f28d62578cb15a38fd12936469829173a7e6f82b8532be2f0dfc032963baffe8,0,2,False,True,1,63,15945,e53bd63665d60668df83728293ef97d2fbd4b4440add46a7368d45fc415e6e2c,0,1,True,True,2,62,15939,e700904beb78c4bc7d513ac81734f97212f99e867e0ff4d7b10b1c8feb37131f,1,1,True,True,2,117,31967,0dc21c6e03b5c03071b9de538e434142d5b991d526628c27dcb114086405e99d,0,2,True,True,2,117,31937,23028036ec72b0e452abff563990e73bda8d95fa0e824e50572b9caaaf0bebaf,0,2,True,True,2,115,31994,df9917072884d642f2b64ccacba2a843d5c96d778fc5eb9c00525584dcf85a0b,0,2
3b2c3eec1968b36ec524b6d1be37562a129d0200adf4c641d4fdcd36dd426fc7,12830b9730cac5a9dbe9a7abd300be496c5278031d28e2e73b0c6918ce839d71,conv-42,63,breadth,True,5,False,True,4,54,15912,025b626696690f6f4c124683290961b721e05b557be2329b062baf0ba14e6652,0,4,False,True,4,55,15980,52da3fc94e67b88a8fb17b93f0b8ca4c2102f2fab27b213c03e504e3bec8ce47,1,3,False,True,3,57,15954,6ca39b362885cea0bca62162b9fb058d2a59aaef512bd77e1dc7ae41f1a3b51b,0,3,True,True,5,114,31945,302027286ded54e2d1850453c36756a7f3bfeee73b475cf5ca217eef64cb31a1,0,5,True,True,5,113,31973,b3799e8dc7189e6ae0a9136f5027a24f1b141e6dacd265f61bf27a607cb3763a,1,4,True,True,5,109,31937,bb793128bc244b84cc194605d09eb9f4a025e51eb3f6c7f8d188a454ba8067fc,1,4
ce5a083637ca2ce6ba0ce336660ef0dc05ab3311d306011f551f7c4d75774a57,21fa5543d082d74c8cf6641d345b34c950417b1468b259afdb83ee2ab8327e92,conv-42,64,targeted,True,1,True,True,1,50,15973,2689de8b42cb3c48456d95f1768855df89aeb2cded0ea59335c08b49925b5a78,0,1,True,True,1,49,16000,0930cb7c9008a3442eca67520e211ae5d81f9866bceaeb4c2045a31b973e058c,0,1,True,True,1,53,15997,6cb2a577aa22c8dc600c7085886998dd08230f09c044dd9b27fe51d6ac2cf829,0,1,True,True,1,111,31994,cbfa786eb94241ededae7182f094661edbc52732eb449a779026b32485c3d245,0,1,True,True,1,110,31974,16dda638250109c55c2564372e1397a9ae4f3538987e92e37ed024e4a4157618,0,1,True,True,1,105,31990,4f75bf7fa3f29bd249891035d5924189388f6383b83def29f3c9f363f0be0526,0,1
c7f924aebc7207c19dff83b944f915c93a81d5a5787250b68e70b28a6177e844,a512fca7b5482b03b4e302447c5337f0352bcfb6f63c3b27ec9086ae6572e3e5,conv-42,65,targeted,True,1,True,True,1,55,15980,dcc0f7e59141539243877b42e28d77ae243225946e9f341740ab3fc51181c462,0,1,True,True,1,55,15940,5efd5f12e64dfcb91a33ccebfed0ce15a67ba5c274f56df5c20b41c42c2fb2a9,0,1,True,True,1,54,15932,4d17c154043388307f8b64e8852a02f2925f91c16d4808ea589ea87f2c82803e,0,1,True,True,1,117,31979,570494fbe5e2af1800eb2eea3521097743bc650645234676069568bc43ba1f8c,0,1,True,True,1,116,31970,1fe9f2e757deb07077f0f71b27a1728a5b3c496bd44f950de6fdb4171aa93786,0,1,True,True,1,108,31916,93e53c929d2612623b59319aca6b99a5e8a2fe22724747ebd43bffcb37d04215,0,1
021530dae37f1fcd345b0f69e199cfb5ef26fde9061601ffa56d4b6462c03351,7e719e7be5edabed9d4af6bec1a90cde406647cd52fe4b23347ad81f8986d22e,conv-42,66,breadth,True,4,False,False,0,50,15931,3083fc0c2624aec9b0abaa8858a2c53faac780147cb9fe5d21e99779eb074f96,0,0,False,False,0,51,15983,0327208129469c667ccd9e5c3342e255818264063fec1909099b82499ce0f69c,0,0,False,False,0,54,15972,9642909393dabcfb669895497866598faaf9263c4a8d5b7d862477b924eb5c9d,0,0,False,False,0,111,31953,8db8273615b9b9c44d833f2c06f583d99100c3e13b6ca643ca0b76b3a6ea62f6,0,0,False,True,1,111,31961,b2ef14b44da48ea2a1b706f3805b8f6bf0c2cf3f5937abf6b430aa85245c7abb,1,0,False,False,0,106,31973,95711305e445b91e82dd9bd79e2f741cea143ef9c9657a22c23fabfeba132258,0,0
d393f309ff9c9c61792ecec0b7d2ff542614a524721a13da5c9c7fef8afd9c82,4d6479cecf55622cd9a0728a987f90c3045cc411dda0178ec37b8cca7534a64a,conv-42,67,breadth,True,3,False,True,2,60,15997,6dee58bbf2d8b9570bbf6e2d0925244f2ae0bc804d93c21dbe5c6e77e5ba821c,0,2,False,True,2,60,15941,523c85ad318cab0b7fe64e7c98461dab58972764cb5b767371b26daa6ca7ff5a,1,1,False,True,2,57,15991,230a7aa08785b593da956dab4d644ab946ba885e40f2313e2fb658f804495837,1,1,False,True,2,123,31943,4100b4c3d1481b14f6e558c05a53ce363d5462f520ea6b17c13e217bfd259188,0,2,False,True,2,123,31913,f59d6f53f0b4a7b58b2577d121cd0ee9f32f85cfdfedd7b6e7bfbe1e04acd91a,0,2,True,True,3,113,31940,33546e63757e95421dea30e71e2b3d583c1263f64094f4f86309e9b2961e05ab,1,2
632151c796951d2a62fbedff26ffd94bd9546244a8497d01994231b111ee263f,4f00e723689e6a255b12d05bf7ddac56d678345c72df05ebcbca9a65aff28539,conv-42,68,breadth,True,4,False,True,1,57,15966,fd7831c326a0a0eb0338257e9b6915f46717509ae7e9b095cfa58328bc1bc6fd,0,1,False,True,1,55,15917,e8ee27117edd74c8585464f8a9b022d8d69b56f60b254af89f8d2ab5a56e9b2b,0,1,False,True,1,57,15930,8484aa22b897ae4056aff529f3392e9587d569f7a357823db0ec4aa9318f025d,0,1,False,True,3,111,31991,e4f1baa00c51346ac10acea24b072b06378dd275ac30c0bb71099895fb49efa0,0,3,False,True,3,111,31940,f869a1f42b38db409daefb0dbe37acbe3e0d09053ef19f6acd24c052604795fe,2,1,False,True,1,110,31940,1fd2cf853735064543d3f718eafb0ec8a20b539cf2eb4cd927591502dc6208e2,0,1
a10194172b5d9f05c2381719e449e51c78b422f331a2dc1c567d7a79f37233d5,acec4a84c008d74cf3e7e8e7739eca5be4c52125f28b748a30645d91275e50f5,conv-42,69,other,True,2,False,True,1,62,15992,449fa4e2a0a074111492299d0d3f179179e803ad646e16126e3e8c9a0fa74d5f,0,1,False,True,1,61,15954,3364f425e6c874c6b0ad66000c502fb4a385c069bbf02de4a8e4191d7e203d17,0,1,True,True,2,59,15989,0a65970bfd8024a26627df8f7617f3033355c0dc27307f7fd11aebabef171708,1,1,False,True,1,122,31961,7fefc66e53afa6c44fed25635f467ac5edf44a30e54a29abc2381f2e60648216,0,1,False,True,1,122,31932,d4539c57086921bc1217a7a8469d75a50f9f99691b3383c88281544139dca220,0,1,True,True,2,116,31995,cbd7c08ad8ac1125df1ec685caf28daeee8fe948b9087071a57a30dcc782ba5f,1,1
50370f80902f3cea6eddecd12a888e688e9f96e803a16709e89d946ce314cb01,3c14a3061bc84190e7411a5041fb77f4c835025a292d5834ff972bac51571bba,conv-42,70,other,True,3,True,True,3,57,15987,ddd849ab951fc7dc152e72834614b8ca0c03c2aba13534fdccedac828f8ac61f,0,3,True,True,3,59,15997,8103dc463f70cc776c51ab7a7d2f9c8c0bead2e6889a5c9a613c8ab5e88e9bbb,2,1,False,True,2,57,15978,d98ace3807aa5b4be03a628c525e304fda950945867627a0d5193073fdf5fd0c,1,1,True,True,3,116,31943,09cd661994d41a69121b82ab644d5a021ea134cbe4582d60e977096342338c78,0,3,True,True,3,117,31977,13e1e3c4072ffbf11697d37418b21096aaa85f7672322b6cff211710009560eb,0,3,True,True,3,111,31989,d4f9134157daf1230b11bd9d2127b1a4b45eaaba9d8f14e9219a12a5799af680,0,3
642285dd7808bba6528b84bb31636f5664d655f26386ec7ef2c1ec714115f734,2607c3acda8805bdf6f6ecf88f477e2f40cc1cdfabd8134c29d9990118c4d830,conv-42,71,other,True,2,True,True,2,63,15929,e7c99821a79fc18a52e8416667f6c0c5c7bc01002f2f0e81fcb3495bcfde1d76,0,2,True,True,2,64,15965,c80e17c8cf72b77c4cb3040d364a46f997a8b2f7412b8af6679a58aa35f20381,1,1,False,True,1,61,15954,b0239d15793d53d3b9df4cebe6495571091d4f806dc13950fdfb27ed6a1177f7,0,1,True,True,2,121,31931,dda1b1c9bb49244a0f4cdf003d536f148a6a8e4ab27c70818517817ca0785535,0,2,True,True,2,122,31987,c1b3c623264331505cca5fd6d4141f219d98258bfc1c6bee15bec56caa76431e,0,2,True,True,2,114,31923,b6338ba7ab01d1883d0e9d6b4e05659bb65f0a72fb2cb2691b72fa5854852111,0,2
05ac76f5e94013bf1696ddc28ae760e0352a5c2982f87e0d1eb73c92f7c9bb53,1479637d032b379edc07b07e0374622873712b2d8fb04d833e0a1f7deb3fc1c6,conv-42,72,targeted,True,1,True,True,1,62,15941,46054b6564dc4c033c06013502680ea3017b40727c16e6ccfcc7158033e8e7d5,0,1,True,True,1,62,15999,427ea1e7191ce40df4bd44da80d61fc7d893fc61b9d232a53ce3ffcca69430ca,0,1,True,True,1,61,15968,42a0fce5c8242b7dc6cd0a13beb1b188dbc6c73a2781300a6364750f9a170981,0,1,True,True,1,114,31982,979bbb6a2176d99af0e759819f5477fcfb67daf7c599649a7faef08e424dc1e8,0,1,True,True,1,116,31960,9b081bb8a6006130f82d634d7eb5ebea8b74c169988794b556789c4931ae6ef5,0,1,True,True,1,114,31976,a419727b6eb881a0fa63186405f6643be88cad20382a877ba1c8dc426cdb3ab0,0,1
3e974cac1d4830a82127c69504050609003cd5cd319202da4e48e1ae37fb7efd,539162f05d34ab435f32603366e8e68b4e3f350e7c7632dee7a6e50c581877b3,conv-42,73,targeted,True,1,True,True,1,52,15979,87be5f94b5a4465c48082adacaf76f6e610add96564faf53c059bb5f19f5ff2c,0,1,True,True,1,52,15936,0bbd6242f16a273b5fab2665936c90e6d279d7b842c64fd58a7a12978e8a1e60,0,1,True,True,1,55,15996,03d8b3481857f6c5538ce02cc98f0ad7785ca40a3fba700ffddd539901a07021,0,1,True,True,1,109,31960,a58ec67422c2308fad019beaf81f0a1f937e574e09c68df6f004496f724cbc73,0,1,True,True,1,108,31925,865b6f96c5c14316d2afb4e7e1fd179dba4e6af36aa9d68495fe62c44727bd65,0,1,True,True,1,106,31920,96c464ead0c3b6f04c8924a2d2018c95691649e14295653b3401faab21fac56d,0,1
8196d9a50d8d2edeeb2934babfac6d1d92a399d5f581d996449942b57c6b19f5,439c99962d1d38a4a41de205745362878bbcf20c0898af60a5a38d94649a8fc5,conv-42,74,breadth,True,6,False,True,1,65,15984,c80136d1551ea9e9190fe4fff812c2bf7e99a0a54a6e1f57ca1f6862ceaaddc9,0,1,False,True,1,66,15999,0d23b332fa1ee0e401fecb2f7218986f617f7f7a99be5dcbd936e77b3adb26f5,1,0,False,False,0,63,15975,dd45ad3e9533cde0519597289018406c72e9392ac4e366e2b1fe61d6eaa6d37d,0,0,False,True,2,117,31986,08a5f49d24032ed99a418246f1390732dc2986cee174ee5a2df1449d242e0d2f,0,2,False,True,2,118,31971,4469f8573ff914999d705eb906e5c88c535d7e9d9961396e023e4793ad770dca,1,1,False,True,2,117,31998,4088930cef349b81be620ebac57d34ae797d895ef27124782984d3944c7f4612,1,1
195cfa723f63a3c2c8be971c057ed1b2ee706b9183aad19e1c4b3cc442496d32,fa05d1866f7e43cd787658097e1c732299d9481aa8b763720e5ab5bc581c6d34,conv-42,75,other,True,4,True,True,4,59,15988,9a216e81f7c9aba626ac1b939f989d34ad8f44a6671414116116ec917e87ceea,0,4,True,True,4,60,15990,698a447c366517af904c6d450011e549232408acd05bd0dc74107802ac33afee,2,2,False,True,3,57,15974,04724a17ebf826fe62243da1c3b42100b461c293d53465cff0a6b6f1e5934816,1,2,True,True,4,112,31981,bf0eb5ec5f013e2ca2cbd5c1405af9e46908e98b0b0283b4c8c65615ad3ed2be,0,4,True,True,4,113,31992,e313b1efec7f8ccc66ee081f42edbb030451b5ece9a817ed6c9fcfd344933613,0,4,True,True,4,114,31978,bc10c21e4ab437932a402041a7ffac08b64c33dba16d97dd0e2faaa99b754246,0,4
f7bea5cf0138b778f6df3c9bd4a9ca109fdb22adfb55cd72b8d2efbaca5c1f84,6dab22a7da7b83ea93ccfa08309358919e45a4aa56b7417fc78054d5aa1a4b70,conv-42,76,other,True,2,True,True,2,53,15949,941500357504f7c21b02939d6930b68be6a3c30899bfa60ac5a24a03077e4009,0,2,True,True,2,55,15990,eb515c5b8e1ed9447d6fad1bad9634abfcfae33b37e27f90d65d26e8e06e4283,0,2,True,True,2,54,15927,0f174f438b28cca86515cfe7c5c3c0756554516b59be97ab770997bbc94f6b0a,0,2,True,True,2,116,31993,16b513d2c979a53ebed8c69eb1813b3dd94c794aeb4beb6a5402015b71bd118c,0,2,True,True,2,116,31982,86333ffb3ef06d5948e4247c9defb756bde4a911e880cb5cbcb30d522b9233dd,0,2,True,True,2,108,31995,d5263e5fdebea3bdd3a472a43acd096a47ebb6209742687eeee425e4fa987940,0,2
b469ca4c2ec1adc42a8f2d3962cfdb374bc3574d2d64572a3ecdab5f37661fef,c9f5e231e4ef707a0b65b18d3eece392170375233eeb417dc3f58467144f8ba0,conv-42,77,targeted,True,1,True,True,1,56,15954,e1c03eb2593820d1576d6d62d3968ef68be8eed495aa237c19ee7ede6a039a81,0,1,True,True,1,56,15968,030e753ce99655161c8fbf631ced17fd57298a3986d54810dfef8c78a8eb4fe0,0,1,True,True,1,54,15987,d4ebd7638f043098ac012785651f2e790b35f90de670d760a931bd4f0c24c43d,0,1,True,True,1,118,32000,211e98f485bebc2f738262266e37f853bcb20ff02f5eedb8c1828b3012f1d2b2,0,1,True,True,1,117,31900,ac530b3c664574a7cac3358351674b81c70c17fb6923972a7a4d6a0d437d9c93,0,1,True,True,1,109,31962,01c1c98c9d66e619a70e5275bfe021ddcb33c10046aa83d02f266f50f1ec471f,0,1
a41adcff1f3869760da18c4161fb06ce0ef820aab2706c20004ecf9fd3016d82,a3a20938fface4fa990c603ee8a8e6bad383aaea6a55661ea896c94e0b7853ac,conv-42,78,breadth,True,9,True,True,9,48,15942,bc45817101d3cb9824cce8424d46f7378ac522b88f35c125aa0f2fa7c172488a,0,9,True,True,9,50,15987,175d33dafe80795981bbae58269137ec0ee2120e460c092ad83a8f12459451ec,1,8,False,True,8,52,15916,deabdc5a1e2d9037298e8b2256fb2ccf88f7a3b3e6090679e5bfd89af946a79b,0,8,True,True,9,112,31990,926ef1977145da84fd74f256279c35c2dbb50ae7d6ca803b4163fdbfd2d6ab89,0,9,True,True,9,112,31950,ad1dd6eccdbc6d95178b2e37d278d1de2df8b7042626b0619a5b791cd8d708e7,0,9,True,True,9,104,31973,87c1742fcd27cff8b691fbfc52973e21a421e57a98a5bb4d9c5c3b02d1cfec0b,0,9
c0be5dc5bb6a516c1deed9f06c5c9cac280f332ce134f31733e55c3dbd4bb891,820555b311c0a4ff5e9d424176b62a0cd928f72666e5925f43f2d911e0b88a55,conv-42,79,breadth,True,4,False,True,3,44,15932,52c5b4aad0a1efc5bcc07bc9e8af1dafea4c3fab355e231b5f382510469dc8bb,0,3,False,True,3,46,15975,1ecc1e091a1efc98cb138d660529f3f23ff6a33ead3d551d682a1037de01d1d4,0,3,False,True,3,50,15975,da4795cd97eb64e91e5400bf08b050fb32fd3c52d05fb800f1d16550e32ce483,0,3,True,True,4,100,31998,ec0e258216685c3c339d4273d6530695d48c8b1324732b6037a56e42709d649d,0,4,True,True,4,98,31960,b79f50b024b7e4d5119b2834d374501afc8a38343a623d81cd9baf2a642cd481,1,3,False,True,3,100,31996,4ec214b15440aa81453f2bc837537629408518767c0569d635f324ffa9210df5,0,3
440de6a51273a11240f18b288c4c37ec9227a46197abb84f3660f78eabf8c0d8,6a0644302c5e39d0387a101cba8a336f1f64d833d197d4abfefbf5a39c84676c,conv-42,80,breadth,True,7,True,True,7,53,15990,eebb2f2fe3605c1f8394700e70181d78836420050c33a0293007293e366299b3,0,7,True,True,7,53,15960,e3435ac0d275ec73ae09780b2ec2e0f8b2069869b2066198d250d72d65708eec,1,6,False,True,6,54,15948,e645c6ce37408fa6000ac6e1c9fdad16f4a36ff8cdf2d5e96643ea941267e213,0,6,True,True,7,113,31975,f57a9d82bea631672d2555210f0b79951e5a9624a7f9ccfe2558e99c3d08617b,0,7,True,True,7,113,31916,45b1a671a16a4fb3dbac8eb125bba601a8f17aac9e64576ce08de38f4cb12033,0,7,True,True,7,107,31965,96f1e29b2fea9cf1736bb777402019f7130e07b13652afdbc5c57c6c50d0e01c,0,7
e8d5aa16ecb8323e9e87ee9d1e05ff19890b5c80fd9d011ac3cb7bb7eb167d4b,2378ad7f8dc1b5ba557080c244c9718979630dfdc72c08f9b20afd30202adeb3,conv-42,81,breadth,True,9,False,True,5,56,15990,06cb87531c60d62f5412d453f7a79cddd3a4a2eeb3ced0ee0db899e9a3d23717,0,5,False,True,5,56,15994,9c19d9ab894401b137ebf11986d278fe0e0525c302ee3385ac16fa7be8c1a93e,0,5,False,True,5,56,15970,78a8956aec4e5340b916d2011322e99b20716793d681d676ceac121e029c2385,0,5,False,True,7,115,31981,3990252a501d71d9fc3b1683ef7c548d39239e3e5bb8d9b3a3ffc2c623b7b932,0,7,False,True,6,114,31993,b8f21d6738716bd069ce0bda9327ff9287a7a092efdfd78c09430a3f118cc7cc,1,5,False,True,5,110,31919,0905b898a2818768c111766b2f9ab68474510a82fe1540839e635d83de53360e,0,5
10e2a14d5ba7ec84d1a88b21897a015f3df7af04f811ade630ebb4b5b1cad17d,952e7249b153dbcb3312e1bc878c3e9e687c9091466aa4dc6853c1e182734bb0,conv-42,82,other,True,2,False,True,1,59,15960,0fbbe8620c5524605981d43bdaec5ee9a31f9ddf8cfcc60e5ce6f2ae260a01ee,0,1,False,True,1,60,15966,4921e0664d32464062fc2f7557ebfcd78bb6633f1255ee39ea3d59e7309eea2f,0,1,False,True,1,59,15979,a6c3ba429c16329508057d00b444fb5a93241a2ff953a37fc7a4be327497e6c7,0,1,True,True,2,124,32000,9a30c670bd0210183c0182224dad4e9f3a5c53cbf08486dc592568b8f401e8f7,0,2,True,True,2,124,31969,646d43c7fa8d128b8707f74f1387d9c267b08e796f260291402a2230b5499687,1,1,False,True,1,113,31960,b38f10b3e0ca5366040ceadc65f9159234fde0eca03a3a60dfb6045d63b42791,0,1
953e6f03e72f7983c8c6fffcea9b4a247694f0c81f9525a7797e1d427ebd2bc9,13433968f10c929879c19f552adfb3302bfd7e1998dba7f752eb6aa26bef2750,conv-42,83,breadth,True,3,True,True,3,60,15967,93a085d9b47467ac6ebe3b1f152d63a2472f4dd62a77d3609fed734e2a706b63,0,3,False,True,2,62,15973,e8d97bf25137081754129983353dd52faee8d6e9242f18bf9636b40aa410f286,0,2,False,True,2,62,15982,040a97549296f86bfbeceae862667864df40f06cb0f5fa4a6376f084210c60bb,0,2,True,True,3,115,31967,c89f8993d83fc8c96024d531e663c49a3cadf7d7a624e7a9097ba172df367535,0,3,True,True,3,117,31932,ef3e8cba4e6b6755dbf5c068aa7497243743f4c954a4571625e1a403dfa3257c,0,3,True,True,3,114,31994,c9c0b711f30d7a4d782128d6f4f68dff7ecfea54d5505de090b91a64b797cfc0,0,3
62073229c03f67ec206128dddfff6c3e9a733a9af543c4d6e68cce576e41a063,76ec4204dbf5cfeed450243f93265a3fa54ebf70198f2713ccf6abe1ae198ed0,conv-42,84,other,True,2,False,True,1,59,15945,e60f09aada3bba4f1785cf782b12a690ca4982b651e1fae578656beabbdd179f,0,1,False,True,1,60,15967,30e4a181615673dc420ea63066fbea6c8f3c560e1dfc69db14ce6895c4c6a36d,1,0,False,False,0,59,15988,2c7692533c37b0f14464f340f8d00f838d8c5c23094d660f568209e7d3a4f253,0,0,False,True,1,112,31978,9496d0b3a9c31b23e6804c336eb845a75b6d9d51a9cc318d10ee665b7370afab,0,1,False,True,1,115,31966,0b9f154d6bcaa6f199a47ec1194bb45cb81c91a899cc9a72b5369700f88e3ba2,0,1,False,True,1,111,31973,22dd99939d0bf4dd11650546c442663670644a6607803888a30549e0b6258605,0,1
dcf003086f310b982a492c8fbcb4c863a9e442e4499aaec84f1a68bc579cbfdd,f30d90da1416570d8399be9c0e0a68bdee004b6f3e6f78e4faf662716280210a,conv-42,85,targeted,True,1,True,True,1,49,15942,57f9dcda1e8241df1cbcf5b790d8f551063838ef20c3f3a1535fc933ce7aadb5,0,1,True,True,1,51,15956,40143b083cda6a2b6bee2bfc32b6da1701928010edc3318232b1e59777b657e2,0,1,True,True,1,51,15926,e26e57909a44ffad8dc2e2ab2c004a35a1dec7efd5900488d4f0299d9857c1dd,0,1,True,True,1,106,31990,5ae6805b5fd6800e11c0fc1f7deb1d336ca7b3b2a3c52798f320b0c508ce15a4,0,1,True,True,1,106,31940,9e82490cd80516d5f30103e03c8290ba758702debaf32559c04a7a7ab123a1c1,0,1,True,True,1,104,31973,871e1d8b23d19ae937f29712f5604695a9e651c9283e8703ac6be88b60731744,0,1
3fe9fe73a2c84757f08e8194a36ba074e353962b4a58c3d280bef56cc4a61327,14bceb46c3960ca21eb39dee7baeb85cbb8cb4beefb11d9a1eef5a3860923bbe,conv-42,86,targeted,True,1,True,True,1,59,15949,71c7a39ed8b1f50ac767d3910a023d111c7be7717856cd744a46bf9c836118e1,0,1,True,True,1,57,15998,dfda50cc7023f116083fe511f384e2119fbd1f80c4a3dfee8f0bae2a26bc2af6,0,1,True,True,1,55,15980,bd43fe65ca662643c93571afbbaed73bf2c9ec1d8756638f45f462ea0ba320dd,0,1,True,True,1,122,31959,6c0c0de263f6d84dba9028d04c15554cd1247040750973b8fcffbc5e712f5d0f,0,1,True,True,1,123,31950,615e8018bf33da6962fb277a684800532ee25b517dcec689ea653dc53117432e,0,1,True,True,1,113,31995,f81533a94f056e86a822e25738b3e0cf35b8d67dcff812df87c8cb57718804d7,0,1
fc39bd31a145fc95bd88e759331e054c430434359bc870b590201bdad1987653,05902ec0b96d7e8b65cecd8f333ef541b58899da2dfd40c38a225995131dd89c,conv-42,87,targeted,True,1,False,False,0,65,15949,155088a0062d9bdb301f961436c8ccbc692e2c0e9ddebca274db7cbfb84a34d4,0,0,False,False,0,65,15952,0c7dce4735f155f70880620b8bf613e12d7c7544de336d8d60c6487dfa9523a6,0,0,False,False,0,62,15999,7fcc640f91e9cf8ea4dbdb51d19d60722bde0c9185460fa87801815509cd2d02,0,0,False,False,0,121,31935,671ed416fa24a65a8e8d2efddab4bd77545a67ab77660347755e7ea3fa58c453,0,0,False,False,0,122,31992,e072564853f43addc4bf17bcc92abc21f5fd1cf1a9dfa579e9e1ac5320a8fd86,0,0,False,False,0,118,32000,9c7de4ed67a6c5a6452b6ce0350ae38bcc8e87923955c0b8c6cb92af039ecb10,0,0
7b0556250b6a62f8473eab04eb4376ed2f41ba1fe940a4e2c76ca00838c49673,5e0f1e2ffdf2f04ca8bf2ced582677512c3709524faa1f1a93d253106ed46fdd,conv-42,88,ineligible,False,2,False,False,2,53,15977,852226e9b28efc5640f57eb7870f8441aa41aa23ebdf002727a8a44873a3d49e,0,2,False,False,2,55,15971,8f1b5e5d08a720aa002f33dc0620ab6f426ac86d40fe09d08570f10488d2a16d,1,1,False,False,1,55,15923,c6a70df58ab44f171b4644a249ba66a7cdfbf1efeb34546719c03803cf68fda5,0,1,False,False,2,111,31979,d141dbbb40ea73a1f8bc29f5015de6b66a1a12aed7de553e6f3ad419285079ab,0,2,False,False,2,112,31921,1e2847406cc61ccb72593d2c6c80c24bf03c6515a63d1e644eb71b71b1a042f1,0,2,False,False,2,109,31938,9bea8ead3d90f7b8f3496675860d1a7a074397ad9b9bf2af60d1dfcbc4f9224c,0,2
1e989154811fb99819e2e13e2df4e0fadb11c5856fe60f9984b06e1b44d11f00,99c560d283e8101183f508fece3a3896020042219ac957992299173397c8fae7,conv-42,89,other,True,2,True,True,2,70,16000,178f99552945b03b2d0ad28475f48afe2fb8d147d60f9f3c3fe1a9498b920bb7,0,2,True,True,2,69,15964,f6dd153e3cb20ea79d66850127ba49b9f06973fa8b22a0ca7170f8ba3a5bec96,0,2,True,True,2,62,15985,b4eec56fa1cb19b06b94922731bc72061695905690204eb3b2605fa861841c61,0,2,True,True,2,127,31973,72a5f070d8473ac980eafb78f0491bc8078005fcedc9563eede68d666e68538a,0,2,True,True,2,128,31986,1f37b621d59d4929ace44ffea756474ce6d5de42ac8747f0b5617f94f7a9ada3,0,2,True,True,2,120,31941,bae5a1906124f637bd3fd0c1df54c35cf79c12d3ceac8d8633d017b521c6640a,0,2
a32826014d81d1c187660c43433565eeaa74d9ab2793fb27a736c44b30a3050e,f0a2233548a26e1cb22d6349d463c1e108544e65b415f059f775a80f487dd589,conv-42,90,targeted,True,1,True,True,1,58,15964,ff58dd7ba72eb5c55e88494aec7864911e95a86d62f112dfa6af468e3ce68432,0,1,True,True,1,58,15923,02b350882f43f5f4f8757bddb1a23764534be944cb4c4b748fcccba3ce43ddaf,0,1,True,True,1,59,15971,9c4c65e543fc9e1267057c93ee0317c7f70375dc3de633bcbaa68e96238e2381,0,1,True,True,1,114,31926,00153e133c2b1bb545f984c2d14c5764a672d03d722e83f943fa0800b0b93dc8,0,1,True,True,1,116,31988,e1730ac62aeaea5b0ca435ed037eee5038ab05cd56eddb5f96510f1b97b9acaf,0,1,True,True,1,113,31999,348c13da9c4626b0e9f0b74f0ee383c4c6756202283d07833a1406dd8d30c8da,0,1
8d65e60f881387322dd26db1fb9262b408649c6bec70f6d39d4bd572c3d0d768,985e9ae087b29618b12a9838d56e869b91b32d7ac0654640f9670d1d2fc0ddf4,conv-42,91,targeted,True,1,True,True,1,58,15973,34be026aa11741464838a3abef64deb6db4b036db914d8f8434695f526e06df3,0,1,True,True,1,60,15941,7e98f94cb2c1831ced60224529c73f9fe3b78225ad97edbec3ed0adca413e071,0,1,True,True,1,57,15988,b61ebb096defb1df4ff6724b9a75656199f0861fb010ea186f8b5755548024cc,0,1,True,True,1,114,31965,835dfa597b9b6518b7fe55b53986f5967d64ef270bcd778c771f8d9668544711,0,1,True,True,1,114,31915,e31ad2b53e2ba8b69bea03ecc163b8fa6ac899dc249794d1bf55745f45ec1eb9,0,1,True,True,1,112,31972,8cda70f34a860bae8ce60fa4d064c49243ba8bf900f34763529e21aa85ccd8ad,0,1
8d6ac8b55d5e0454c70627450fc34b91086e090a98e6d62d1635f7f646c34161,a69d7b55b2d172cd0360e26438602835585680e902df5d15d600db6231b55a37,conv-42,92,targeted,True,1,False,False,0,53,15970,9248aee6b4c52314b3449ee5334a67968d603c1310beaabdb1ae71e40872abcc,0,0,False,False,0,55,15956,e646b06515c8f7e4058bd5ff0565ccdb59fd3e1bf76916addd1d7387e5c69c9f,0,0,False,False,0,56,15945,20d8877fbe6a2908af573ec0e1666f9a11b1aa6e2f75deec2afdc58d4e265ad4,0,0,True,True,1,111,31983,97bc4cabe0061fa7280a930451bde95a150bdc2687c89408ec539dff403bc752,0,1,True,True,1,111,31914,afd6ad40feebc892fe27217a2dd3a5274e00b50abb0e1bae0b2b2e76aa957efd,1,0,False,False,0,108,31993,8d6c0d1c65ddc413643b898d9d18f790bb3e5bf8a7b3a75caed57f72805bb733,0,0
2093c9aa76d6ac319e9d56a97c52e2ee64ecce996626f3e6754a131ad226e8e9,dd73ed8984fbab6cfc8175f4a3be83ef9bc645dddcb6b17393792c54a64c036e,conv-42,93,other,True,2,True,True,2,50,15924,bf6eb67af0118228191f3070bc8ed955c451c0af194fe7acf5a9b709fc803a65,0,2,True,True,2,49,15988,048646803cf2f93aa007c51b30ecffcf55177a01d8fb15ef4ef2af33e2c732d4,0,2,True,True,2,53,15991,adfa2d1ac1b9cbf5c14e422ee82eaa785d5bca24a6c2ee63c8d23893c659fa58,0,2,True,True,2,113,31975,a45fdbdeb00fd11a9deb86204a1fb6387c97d573783090099783969199a1a725,0,2,True,True,2,113,31971,9a8a9632caaeeb0d2b99990c92b27a95518e8408563db036837007245be42df6,0,2,True,True,2,105,31987,8dcfec215b5de98cd5c2191829639316cf8143b383b03095f6ca586f020a2dde,0,2
8832212f6fa8c327c297d50f380df09b24548076ca57c151468113867ee5ab88,1eed8c9320084bb79ea1f5845d1a4a4a88e458d768408d1c47a0ec779b538fd1,conv-42,94,targeted,True,1,True,True,1,53,15943,076727d5bbc6030bfdcd06b381947ebff60e8199662ed286f266070f5e330f0b,0,1,False,False,0,52,15934,abaf4029d819b8ecb45baa724c3d184083753dc3677e28462b37cb0ece7b7417,0,0,False,False,0,51,15931,145dc845b951a28e6da048f912879a7c455ad783fc4ca1e9b0f14ce0a1608d93,0,0,True,True,1,112,31916,98e44d2509703a7f8fa3c881299702c98014b4d8a74ea8a4bbe0788baf65b888,0,1,True,True,1,113,31966,bdcd4b7b46bd855d39a20c5518b34422d8d54f75aa222c36f054142e46e1f9c4,0,1,True,True,1,108,31977,b3df87276772a93a62c1014e878822f4e2a1085eb01f43315dc75bce3aec0a62,0,1
cb7715e53ea093ad22321befca2052267a9748b8bcf6e853043deea41e974741,a0f1c00963df5540ad715eb5d380729e6d296ca3a2d8182680557c35e8efc7a2,conv-42,95,other,True,2,True,True,2,54,15998,20f7491fcae94fca8ffe7f611d25213a56406c432b44f8eff0fc6793cc8f4fc0,0,2,True,True,2,56,15990,7de832870596b895d082a7c93183cabe7a6ed958198ba131692af32bc2b974f4,0,2,True,True,2,59,15945,b1e44852fc54be7258a02cecde2d157b0b69a44ad4178beb939e4cfe6824c088,0,2,True,True,2,110,31998,90fde2f184dad2c5d6e6eb99c551eaec749725e2d6720ce90a50117ae3a8f020,0,2,True,True,2,111,31994,8c62de7e543dde1bea9e17f8524b718a48a895bad2e0daf657d3ac943a9b9659,0,2,True,True,2,108,31962,a2f13c3c203d00c45887b57fd091925c02b6dfaacd2b16d9cc6b45f945627cac,0,2
c45231a551790010b1d752977c4d922da96ae1ea55086a07f8b645855e4f2e1f,fafe02715b50e6ffda2c3c01452af9ebc20a26a134736d59657521a72a69db02,conv-42,96,targeted,True,1,True,True,1,57,15963,606ae64257a4527b6fd344a87e5565d67869c18ef382ff26b85009b6ec1e2bd3,0,1,True,True,1,59,15990,11c62f1bc3ee324db0f006b216843cf8ea81cd09bb37cea287f41e2a92705be2,0,1,True,True,1,58,15987,a1e35a101981b0c6a8174cee483bcd5172e89c76092f093901813525392ae3c2,0,1,True,True,1,115,31972,858b4bfd6c5494780a2b2ef25e20feb581012a2c801acc0a28f07fd1e405ecf9,0,1,True,True,1,117,31977,34b0964a1585a0deec767b5ee010f2be6ff89c8cc47300483e2c6a9ba4496db5,0,1,True,True,1,111,31980,3d3e713561e47dbd344a42cde1be5a7d3dd0c682c7638def84e99765ad203b9a,0,1
4e91f5738d80a26d3351df6d5a280e9036686a86dd89514b17c13abfa5442eff,696d0c84cd3ef0c100509f3ee7649748613bb848bf1c2434e75e75fc8a4adc79,conv-42,97,targeted,True,1,True,True,1,54,15925,17d067e49ad1f8d0f5802b6d65c190c9c697f255d14c8fd58718c443ebd3af02,0,1,True,True,1,54,15917,58050687dee11ea3fc0c9f619750c083a2c9f2b21632f622421d858ffd93b707,0,1,True,True,1,55,15989,d8f7fc6c27f598ca55281aa093036fad803c0d58bd3d742ffcbe62b802678812,0,1,True,True,1,106,31958,c2cad0129c654c81320447ec82cb164c389e60fe97931b5e8b68cd56a13150f4,0,1,True,True,1,108,32000,a4d62a2b67861116981a0d1a6b9f6024d648ce0743a14fc2c28ecc04fa642509,0,1,True,True,1,107,31965,ba0d903b036005c83c65c26b32e6b08654f0744e1744293051f74feb56433b52,0,1
300b1be42895da46ca1a94a4f988a69f1ed278fab5e27e452a256c39d452d648,90967b25ffe5408313cd2664bbf2fedd125bec5e539df74e9209c68bac7720e5,conv-42,98,targeted,True,1,True,True,1,50,15957,874ef5a823fd2ea636ec6d05e1a9532de064e05795ae73dbd1af69f6ff02e167,0,1,True,True,1,50,15958,52b8d992c949b0d3f328b42a11eb10dc9412cc574b97fe427a4406e2b3f248eb,0,1,True,True,1,52,15936,7684cc8142b0d1a6ce8753c8e57675cb4d0528229c2193dcb516674f8b86f558,0,1,True,True,1,109,31984,3582e7b1487fa1bcb5e69d7598d90f0a3018b00ac9e386b58728137823cc1c69,0,1,True,True,1,109,31998,21bc6a0454ee46085a758fe420fc8e50124c545098c3eabc7b79f1a6753ef1df,0,1,True,True,1,105,31904,20e372ff2c5eb63d5319127ffb5f1be9c02f5d1a82a697186deb14aee36710ed,0,1
62fdd8f715348602c02d07a0f9d46c81ee06f8a2edad57c7537b8137a4dba7f3,47bfaffed23d9e7d70fd77ce8954bd29e73de136b1b84d114caf55cdeb25ca16,conv-42,99,targeted,True,1,True,True,1,50,15957,89c51522e2645d70449bed696c9a684f4530bcc0206f2ece9713c125f58ed405,0,1,True,True,1,51,15991,8c691f6d064644b6c5a356414ca415626212f50e91edb2cdce841663f6db9dfe,0,1,True,True,1,52,15993,c2c5eabed77b46ea85093aae57febe211242068c5e96272ae9c37088eeb01c13,0,1,True,True,1,108,31917,286eab1cec718ba590595a9a285abf5c9ca2d234c55c5708575efb26d5e2a29a,0,1,True,True,1,109,31993,e5878fc2231f2b4dd4d298c443d365ae6917c372faf7644e43082dc57e151e99,0,1,True,True,1,105,31993,e3ea688027d8ffdce41afc39cad5d0917678c3c0d659a87f9a0c9f4343b5037e,0,1
005b260e6c1b09927f1090a1e1408f63b1a1b6959848c6f06905b11983b582e2,4bd5dc313d6deadaf137a14bad243842f69063564ee9e4098ccff13add0a4db6,conv-42,100,targeted,True,1,True,True,1,60,15983,f02276bbb1f6834d77d1f0cb16e8af76047d48d91621f63f2e2f0018b304ce60,0,1,True,True,1,58,15976,f657060a5c35f764f3152ed72f9224f344d934a4b1b5634807a37c2d2c9ea342,0,1,True,True,1,58,15997,57c2d9cdce78716135cd53ed138508cd238fc3bc8415ac0bcec096f15d0ba91f,0,1,True,True,1,117,31933,373322aa2b30e160f0d38e4e26e15e889e4704affaae3508af7f7243c751b2e4,0,1,True,True,1,118,31939,f348a832b257aac58638807143f9c9afe679545902a5f347e12dcf7e1bda720c,0,1,True,True,1,115,31993,bdfe473d4b74eb3ddc35e9ddbfc11ab9fa4e1be5b2cb4d9ea6cacce5c54138bb,0,1
1be78c5357bc8478553131dcacaf2db0b7743c1a4e176014fe70ee5a6e2954bd,1e315f91ab6e10f6a8feb0d9cc2e8796e1de6bacdc9f97f6a143472d3dd786d5,conv-42,101,targeted,True,1,True,True,1,55,15999,479cc8937e154468d9c6b46fbf46f25abb86fbf6489fac625b4f91cf024998fb,0,1,True,True,1,54,15964,b26fa51ead0030517b00aa3b68a2fad99380097f8365725b4bcc0ef1cd2ebac2,0,1,True,True,1,56,15917,c2e0eeaca41e289a45f075983467342f17e62f9851613e87472fdff151e40190,0,1,True,True,1,116,31951,f883d85b8293824053c00f52b2a6ccffb2f49eedf55a21b23c78f7bdd5d6a351,0,1,True,True,1,115,31924,87fd34bee6d19c2350609091902534925f072ba3826338c9dc754d6eee2950a2,0,1,True,True,1,108,31941,5e71e144442da21ce63584d4fd769c9b5199fa4e986a3a4556629c4aac5a6923,0,1
3cdc893d056ef2fc084ae55d5213247db130e6c9eb53ef87bf3ab60052bc7551,7def084793b7cfd976acf845bfe5a80445c7f6ecbde161c85a4a770bbfe14af7,conv-42,102,targeted,True,1,True,True,1,54,15961,5c03ec7e9c49309c65b20dc6fac53c40b0625acea98de6dba1b71ea81725b5ba,0,1,True,True,1,54,15993,d82c9ea949a0e8ec1670691fa5f3cfcecbdf63f86c44b2fc0d20f7d69acb818d,0,1,True,True,1,55,15974,f5cc660114407bec7070441ef61eb570ea4d3407827c704ed49dab956b263249,0,1,True,True,1,113,31976,4947ef9813ec443b2dc88d03020cecee9ce89a54f020e58f5a2943fa97b4bf46,0,1,True,True,1,113,31987,447177d52112dc0a60f40b24b8195c2357ac8b99abc588de938969e1e4c267df,0,1,True,True,1,108,31994,7becaa27807a13a78e4a59ac1d7ec93224f8d291e9d9fd85e84cf6b8605f89a4,0,1
b1e9c3b46aa613d90adf0920b8505dd8244fa341b00db9bcd8109ee0b83d0b03,0c52fcd211887e06a6e958d2f2914eaef300ed0f1d93a6e660d2314dc64b8610,conv-42,103,targeted,True,1,False,False,0,60,15995,84852f70407c3d0642ff1073363417b9230eedabf34630de675a6a837025130a,0,0,False,False,0,61,15917,c86f679cb9a29b2b8defc2d44e88e0137ddfcdc2214b1bff3face516841bb04c,0,0,False,False,0,59,15929,8752074b482df6da5ced9bc3bf6533b437b99a45916f703bd101e436a3fe9c60,0,0,False,False,0,114,31983,51af9944c96946d273cb0006e4dfcd1c5979ecf4b9e336467a0bd2c27abfbf98,0,0,False,False,0,116,31930,a8e6a9b04c29f7f1442b1779fb2b281ad0afddcd163919df6633e555a76f2569,0,0,True,True,1,113,31924,653e6d79e21509241530a51acfff55216eeba2ce23a1ccefa9fad968f9ec72b6,1,0
569aa83fd6d41fddc2eaa5aa7409d26064f6f9efd6b6ad9a585f325192606984,496be500688c7667ae617547b8e924f1e1821aec802612b43d35e5de2396b944,conv-42,104,targeted,True,1,True,True,1,52,15985,77554adf732d4ea59fb79f84a94a4f242b463ebdb7df527f765e69125aba791e,0,1,True,True,1,53,15986,b85906bf70e5d97abefec17c0ffb74092f7fe9e2b364bce82dab8afc8c71a4d8,0,1,True,True,1,54,15959,7a5559bcd253fb69f4026cd0c3375007199f23c5ef373e0de06839d326715ce9,0,1,True,True,1,104,31923,27166dac22ad529c073c9f271993a020b302cf3c327959d44acfbaf54e6ac329,0,1,True,True,1,105,31927,82a499821e32c7771de3e1a2494d6765dfcb56c6a776ee729620f76abef72f66,0,1,True,True,1,108,31971,304d47a17ab64e5c7b15502b5c6ae2b5b49a0d481aac0a2eb140ea4e7371090a,0,1
49768a338dc170d3eadf9933bdef9370c77c3a8b5a8bc26d03300765150c921f,940bf1a7adb056e9359be2c27b86a0f39470e7e99cef4b61464b5b1a6f7e963f,conv-42,105,targeted,True,1,True,True,1,55,15925,c2bc34ee2192ef5cd48c5ef874eb1c93275c6cfdf5bb4eac8266ba9a497497cb,0,1,True,True,1,55,15939,ef4295e69c0d24481a44b082e873b1d5687911ec7358afe42d9ce1a5d418c929,0,1,True,True,1,55,15932,13771d5ec09a5d9ad6786b6421c2b3bcc5d43ea3e94d4ac8fe92ce560bf731f9,0,1,True,True,1,119,31909,caa291073420e477ef96184dd0439f822fd1195dcb452c42739bcbaa1701b11e,0,1,True,True,1,120,31965,b70bc4caf9f2fc0395b1c77877f7114bbcfbb4c212486025251f2ed00f5c82c1,0,1,True,True,1,109,31996,d755916f65f19b800f160a9e581248c1114690b254e914c3f5030358adf42883,0,1
a2cbfde9359c2cfe470fcdd7240f032cc7e52607ce7262f1a145e9ab808a7c4b,c457b0219e0de429cf3ccf5c3c5bfcc05a6640c643009ec95f6a613b14d99e79,conv-42,106,targeted,True,1,True,True,1,47,15943,2d2ef868a744ad573db8926e8b5e33fcf1802c076ade9bd4d15902f78f37862c,0,1,True,True,1,48,15917,c23c34bdcffa1f651474cc8933bb2fe97fad62e6542cc688f28ee041ae230703,0,1,True,True,1,51,15999,cf99fcceb3df4a9cc0bcc54660aedf51d1a47eaec3aac528207b1237ccb8d73a,0,1,True,True,1,99,31954,d21146be28fcf904cb1b85095383f150f5830e4e56b684d8b2f8ddf3cf1745fb,0,1,True,True,1,99,31966,7ac509503a9822f86a780f587dd3cced2536695e8197546d52f163cb3f6af6cc,0,1,True,True,1,103,31999,cf228b457bbde3c898bbb145ed30644d2ae1520fbb74f4182d36dfe30b6fdf71,0,1
731134a81544a28461e7fbc49dc641fe3e638442193f6039af698c4875d36232,ef5f71a5f12f0953d92d9af744aa7e37067902a0b06797e34e074223321605da,conv-42,107,targeted,True,1,True,True,1,57,15985,6805937e79827eb649bb04e89e9025af0eb4f10d57775c3b38d797df971c3695,0,1,True,True,1,56,15969,a121df1226733e75a317e019c65a78f0d1db5f2ac75b844b49c9db59bc7505f2,0,1,True,True,1,57,15916,234eb7dbb5647130a080ae6a6d98902f0e861563fff7846fb025203c0e293673,0,1,True,True,1,112,31932,d157952eeb5772b8e8b4c568727aca9916c46385611d92bf97c3320bb8dfd51d,0,1,True,True,1,113,31980,7a2f9eb0153e76aa70b461359f0c74547226467cf95b9feeed91e464f6b561d4,0,1,True,True,1,110,31928,5bc61d30dffef0b7c58b25672cddb574b9e3177c114e931c57ec10f5bf214c89,0,1
6db5d86f40cbc7eacdea542613eb13788c3a5930cd8a21bc637d15dfd9b7deef,2236c48abe25fdb2de34ac5a57e6b2ae0c8e4527c873e8fe541cd234ac84ba99,conv-42,108,targeted,True,1,True,True,1,59,15988,bcbf1a465ff019c209eb47383c1627f579a792a716d4ca44e352300a137022d8,0,1,True,True,1,58,15997,8c1c343b07ac6522c420e3aa04d77cd47efb0ce442d1b8cf0a2d06cf6d6b9ecf,1,0,False,False,0,57,15923,816d458faf14382418a1c809cb21444cd3aa6ddb77b2b71ed47b5b3d642480ed,0,0,True,True,1,115,31982,aea13c230f47c1897db3e7148aa68335347706bb9cb691f02f111dca24a3da33,0,1,True,True,1,116,31958,1c67847c4d24439ba749833b5782270ddfe697a9d5424f009f9688cd1f44dd0f,0,1,True,True,1,111,31937,64a46dc540780bda0c82ebf2007108064506505dabbc0380737f6adea7aa9001,0,1
939224e8caf9cb80a4e1e156e4090be49a1cc178a0b5fc23b888ff1d18af3b2c,882afa77cd1d54542a033d33a88a7fcb501336ab4686b0edf5e0acf8b1b00964,conv-42,109,targeted,True,1,True,True,1,53,15917,4fb0a44e46b327e9922455fc94c050563de7554ea2c9fcb602889745cb7f9db0,0,1,True,True,1,53,15947,d72196a4dc1caaa515ce6a7ce05ecc5000fb72f8abe3a3bf716ca8546226f66b,0,1,True,True,1,55,15951,86b5eb5ab721ce7d2c7ffe3730bcf9110ed35dc4e675fbdac4fa690814aa3324,0,1,True,True,1,109,31982,1f1986edb48d1e40aaaa9a393f5211cd32c685259fc5c9bc08b0cb8ce50c0d1b,0,1,True,True,1,109,31993,58ba1f32a59a7e727e7be2ad4ebd78cf5e7b9864abdf62ee0194bf6e07604d1a,0,1,True,True,1,107,31955,6741b72b12503dc31697a9d537d6a2e1dbfbae3af25501d7a6635e6b94b457f4,0,1
35dbb5009164d93914dc4c38fa43a615c1e2e401855557304bd2338ff1831e5d,849d02ecc74c9bd2f009cb5a17b037b2ae2de8af5723ab4b55752dad87958c7c,conv-42,110,targeted,True,1,True,True,1,61,15933,35227189f8b1a42d7355ab492bdcccfa476302f1eec010ae94077c3ee2edbf97,0,1,True,True,1,62,15930,f8cc13c277b1dbc82e9b9a5304b24587cd1aae036da5b199b702aa681f66099a,0,1,True,True,1,59,15934,1b881d64ea305ae24958be6d70f04d1203173a241d2c324a9db59f692d4c2207,0,1,True,True,1,121,31998,6f508ce5e9b093b95852fa8c1b1a81a93b94746a68891ed04c3835d53f507d29,0,1,True,True,1,121,31993,a494364aff8d0a3f48a521d39d9912905b52bf738c8ea8d04017ebba2e1a4e32,0,1,True,True,1,113,31995,5c94cb0c7588dd74266bc6af8806d7249816c49d65c354d62f25d7c1dca0b4e5,0,1
b665320592f6b8edf367a00e9329ce8949b200945dc877eabbb3ea2fecb1ba8a,c0ff2939b140b963ee97896fe2678290b9b090b9f9971f8dbcf2b5eb05a1c6cc,conv-42,111,targeted,True,1,True,True,1,56,15941,a42f0763b02f40f2f25c1dd7d4451a6397bf05b8d0bb6cfd15817a257a163bc1,0,1,True,True,1,57,15963,f8b83d6cc5795b83df9d10d054936b59fd4a9a88e103efef8beaba9f23894a82,0,1,True,True,1,56,15928,ebf952df3bebf28f33c03ae574ba2064d345313de32719e1f913e265a479f5ea,0,1,True,True,1,120,31994,08e92d3f1c1c08c76b07dff55206a35491b6e5c83703344c00cf1a51e0f19d1e,0,1,True,True,1,121,31974,52a2862270a2ea3e8f696cc9f7869e63397213472f6250cf878e11794e3dba9a,0,1,True,True,1,110,31980,215264da2923bc93ddb96f2d230a82be7de764352179209e66c1eed79c6d6d4f,0,1
787a650850ad11d0b7679c70ae4ece819af20fc9b28a261e6d601b1771fa9fd1,07cc214d19859c7151d6f3599cf1b3c3b36679dd1349ca1010561b26ffa76333,conv-42,112,targeted,True,1,True,True,1,54,15968,fcc15e8ceb72a9ed8f0803aae5ab73d423f68cf8cd8f44e973a6c1c416aa15a7,0,1,True,True,1,54,15992,514429ee3d2752703aab30fc138c907cf55a0fc2a9fe91e16a2494ccee3c880c,0,1,True,True,1,53,15937,45c0daac9ef9f5f171e9e26a08c7ad3322411c59dd8f0937ef9b5771a701d7f0,0,1,True,True,1,107,31997,5f743e415eacdbf6a3bbbe235148d494f54135ffb90068798d01b48f2767ee4e,0,1,True,True,1,109,32000,58aa4a207b5e60030fb12e7fc1b0509835df77c58ef21fa242a51030703364cb,0,1,True,True,1,109,31993,d83013a7a43a057898380d2d3a4dea28af4e45336d5d531c2bb2bbad0b52948e,0,1
83557c3e42be318af148d99f695f52e6498587b6491ad4730073457d7d4b067f,b227a14503e282ee854de6431aab23a4b2eea30e02f0056c18fed2c8a8499454,conv-42,113,targeted,True,1,True,True,1,58,15924,3d6a78d36cfe88328d7217f2f87f42f8911a3390009065010a6d4fcc48e25512,0,1,True,True,1,59,15980,778787f5c3ddc59e8e5399592a8be9511d0df60b48404a1459cb0bb6e81413d1,0,1,True,True,1,58,15974,7070c3bf6d8c61d869d1004c88db1d46e7b8fc30c61feeb6750a493e192bbaa2,0,1,True,True,1,115,31965,259fb031be0430a1a0391e96c046151561cb4d97babe772cd3eac5a26145b6e3,0,1,True,True,1,115,31978,af345d9dbb8d723a5153ec982a668856694702925aad6e5d2031ae026a7e596a,0,1,True,True,1,112,31973,26e84f5abfa441ce0d2f9ab9131de4f6afad1c487bf6f13e77e15f38e34646d7,0,1
d47be9afddf40ea9f3b31ad2b42eb95b9ea5e978ff677fd812f3d7166a69c96b,61fb44feae162f6fd3744a3c3b2bf0b1d4177cc91ef1f1f221819027027d367a,conv-42,114,targeted,True,1,True,True,1,60,15991,51b46e8f90796e4bea3027ee598aa00cb0ad9b2901053c19cf21f76aab2ea8dc,0,1,True,True,1,60,15971,ac5d5c29e27b14cff82c60a29540ae24d0c0b1ae489af2b4fd3c8037b8ca14dc,0,1,True,True,1,58,15980,834cbe8d13083b5d45b0ef721a3c42f97991873347152af8cb7ac9df19cf90dc,0,1,True,True,1,113,31964,823f4c44fd6e0be248dc27da94207ee726a35db9d4a41f666b672ec6e5a9414c,0,1,True,True,1,114,32000,842b3b830f530f944649842881fd3c71687d6ee28c879f812ed2d2a016df54f4,0,1,True,True,1,113,31936,0fc8a29cd370838e2a3fa01dcb5340805af9581b15529124773e83b4cecdf384,0,1
c45edd6f4fb8c6ad88f9f383a5e5959eb9e49166eba5439c592bafa5be15de4f,a19224bbe444b64b9d23ee11f2014bb8d4fd414a978a55bdc5652dbbc9a02eec,conv-42,115,targeted,True,1,True,True,1,51,16000,cfa2260c2dda714d3e48f93f868d2e4b8c7bae89b6006b26a43f64c8bb36e295,0,1,True,True,1,52,15947,daf2e43b8b4a58e19d4046406f1788d810e1655692d85d3a6cb6974d34fda100,0,1,True,True,1,54,15962,6be589674cbe5e8a88125971471465b8847a4cd7ff79beb16c823ff8a991915b,0,1,True,True,1,107,31985,456e6bebc5043568b2408c5f4646c2307221007018aee169ae4e9a427eb1ee9c,0,1,True,True,1,107,31944,7cd3bdece738cd8e927939f7c30471992e17c9b7b47eea4f6a02fff39df54ecb,0,1,True,True,1,106,31971,b1e83b0bb72e0e86c880f0737b14af8d5e88231641b0e74f3e2bb27e958ab803,0,1
2f0d57891f0c523dd0e19373dce9e8a71d8d88b56cde86c1b6a16d33a6f86294,3e4875c76764c032f58407b906476e0d03fcfd4777b2d4d42167270ef273ec7b,conv-42,116,targeted,True,1,True,True,1,57,15948,86bd852551847dbfffe59dc8098baa6eea9a26261ffbcc3759c0c2fd5e76cd3b,0,1,True,True,1,58,15991,eebb71286cd8d0d26bd90e8d63e16cc4d5cfa87d2b0288b8fa659caedfb6ffe1,0,1,True,True,1,59,15969,9025e67b78159506a4e32b53277ccdb859d65063dbeb1b9a86b0a9225348442b,0,1,True,True,1,115,31997,6b82b16d769cdb714a142518cbc39d4996d355b5cfaaca978a659382d22c561a,0,1,True,True,1,115,31984,7f702f1f08d226ec4a059e1441477cd6c541ede31a5b27a5ccdb3a049b7e0b7c,0,1,True,True,1,110,31940,20f3d3104b20d1c280b055873f3e9a5471071f588205cd07a793da3f292a2006,0,1
12629630156092532fdd9e635530cec629cf77399827146dea05c63cae8de942,492fe9e138f86aa06bd4c1cddfc071dcdea75fb848e953d8d117a2e510440b81,conv-42,117,targeted,True,1,True,True,1,53,15970,55eee6e83cc6c7baa227b0281878400b57ee797736f37527f68a3458512818c4,0,1,True,True,1,52,15996,5352fcc3f071c357eb68fe09a56a931be759c89dbcb7d2b4593c57698dbf2db5,0,1,True,True,1,54,15990,f7565e51d4b3d6d901e574ff8655cab7dd845e4d283926cc5d821a7f34116f37,0,1,True,True,1,112,31957,9cecf1cbf96f38b8e7104ca77217c38945fd04d1b8706cdd5161fbcf0538ee6e,0,1,True,True,1,111,31994,c3441bfb50b10ca12e12435433f3f9794b190162da3679819f8d209ebaf70696,0,1,True,True,1,108,31993,68bf9b385789b2ce2654b27f153466748698328acf7805c6e7567a101651b898,0,1
3f6a0258d4eb8836ac3116ce10acbf84162d9105f9181bd9c506e7f53850bd21,b66f0cd61d2b21b7d77eebb3bcea7bd5a34e95542c9896bf024206df3efcf91a,conv-42,118,targeted,True,1,True,True,1,55,15987,bfff50336544eaed88e412c0b3601e73eba6e63b31f17528af2f4e88be94c33c,0,1,True,True,1,55,15991,dc49ed470a3a1d846d3661a5fdcb0dc42ffeacecd5a44836ca4577785bef5f59,0,1,True,True,1,55,15986,6ea1d66ddd18adaf84172337b5c909e2dcd585f79f66b7d2bb8c6be36b7fe91d,0,1,True,True,1,111,31977,5da931e5b60e9812cd4f1f9021f4f4c2d28a9b9351bda21ac8f4ccf43e36e38d,0,1,True,True,1,111,31998,fc7699bf7d5853d784941139e0ee37e2f33ec100e922a6567e54f9625e0de4d3,0,1,True,True,1,108,32000,da818edbc2fad33bde7650c9bf457e4accd35ef1b49c173850fe3bf732363d0a,0,1
7aac0cea7cda2ac63703eb2181a286e5b0bded4e73537dc05079adcd132ca103,595588a850e632496c3c5d31b1a8af5a2eb47f0e1080b82858d7db4a2a59e6ab,conv-42,119,targeted,True,1,True,True,1,51,15929,36758891c93387a924a18bac32773cf7c45400239a3cb34730313bbf8cfeeab9,0,1,True,True,1,52,15937,b704e544649d05c5da093b62264862a07560c4aeaca1f700e6a34ff6d69d9d0d,0,1,True,True,1,55,15991,d28a51b0982400a35ed9d7849c86af4a54b2bd6c77862e3709f2145263301602,0,1,True,True,1,105,31931,c25cff4242828afb733cb900e46e58cbc8b32c93a815034aea80f6b686b649ae,0,1,True,True,1,108,31973,bc361e6d5029274bacbdb81567e36a990947121d3ecdab4675ab4237f233bbf0,0,1,True,True,1,106,31992,87a52c603262db67c9c69063d7d1c1a5e2789e0483ebf2ff9447c01708ff7e7e,0,1
1b5219e81c24fed132d12bf5400516b8c2ddbe1468e921b95a700849824cd61d,a8671a0f80dbc302a04c414a67aaa982ec019dd63779068e1949758b537db7a5,conv-42,120,targeted,True,1,False,False,0,57,15947,3117e076dbee767989af01de0b04b591a5805e4556f8125d8aad16ba1e87f5da,0,0,False,False,0,58,15995,2842298e528e0c19dcd2df6899449965942672f5efb109b60b096bd9f42d67ed,0,0,False,False,0,56,15937,f1d53fc9c49c878293137031e675ad00a0131af154fc490066f6b3768f61a608,0,0,True,True,1,113,31923,ae0dd7e1b7ecaa09164b4b0974c76610db172da475ea89e98e2bac3b7b847f10,0,1,True,True,1,114,31954,d615efd612c6b155e18eb4dca08e2bf1562abd1051946ca380cfcd5c054f58ff,1,0,False,False,0,112,31958,053b811f57fd453e7c4ddda9845a22f8f902e550d6802ecd6090437e2307d55c,0,0
2555c4e207e847988d3812b298294c4636ac9f2d707cbc647a184b680185e2fd,95cf969563bebfc6a9fb0f1daa23e20a72bf87b084101ea2ddd05267e0cf0694,conv-42,121,targeted,True,1,True,True,1,60,15979,f2fa3dd9ad89251ea06b7cfabdc0a98049294bc482dd4e5a0d76518aa677eaba,0,1,True,True,1,60,15973,fec9f64b6771485bcfa542f14d25d72daba1b8082dcca9728a1a3e7eb04cdc89,0,1,True,True,1,59,15956,40f3aadf77df051eee8018202f5745742235656f3377378868256f9a8980f52c,0,1,True,True,1,117,31946,f8cd77036babb00e527cc936f9edb610bef904b9862245d3d93980678de2f028,0,1,True,True,1,117,31999,3dc829a88c26039e94b0fc5e35e136ea99e02599a067e2be80535d075d5f8428,0,1,True,True,1,114,31924,f9b9d51cc98bea7da95b613e400fa5f07e7b658c6943e1dfd95e289a07779468,0,1
cf63c68ccb35c7f161d465191c78a76284786967af8b5373b64135b1edc0461f,380b66a438cfc691ffdbbf80f6f49a855c7e685b0fb7d2f40a12aab5eef3a0fd,conv-42,122,targeted,True,1,True,True,1,64,15937,e9aaaa2f8732aeb664dec0acb15f6abd63ea3e32cd516396750179e266b68786,0,1,True,True,1,64,15993,dd9ed1192fe05695eeb86ad5639986ff5f06bf6b9919a80bc864ae78323cb1ce,0,1,True,True,1,65,15919,1d1013cb4ef7e523e6745d454d1825f958111fcfd42b6ba76fb1b76571df8bf1,0,1,True,True,1,113,31971,5d92024b96ad1f9a5dfd9b401524e3b32068f91e043ec458df605d13a8625ed6,0,1,True,True,1,114,31994,871c627157f140c3b522eca13d98210d090737b0cc817815d1ba34d1c245895e,0,1,True,True,1,116,31937,8c1c482e4d0a1a972a98fb6f4c329d7442b542e238e0af06058fd36939649f62,0,1
f50d9902ea1b4dd608641996ed5d7856ae11206ad9f551c20183b659bddd5c3e,6ad6c42194ef227021d51f91a1a831eee622d6ef20ed5f21f62e6d52a23f2aa3,conv-42,123,targeted,True,1,True,True,1,63,15937,ddc174a0822fd6b90dacb81e343fe09d08fb7f73466dfb9046824d2e579fe1b0,0,1,True,True,1,65,15963,b34bc3e71de66f28d70f2372378932e12585de1be17ef3b994c8732753d83955,0,1,True,True,1,61,15966,cefa6785713ec95ebdd28030ca4380e13b63605293dd2b490a091ce52e8f239b,0,1,True,True,1,119,31996,f7d286033bf1b34b5a7ad7b5404e9cea2de6c17a0bbf3075dbfb9587769fc074,0,1,True,True,1,120,31996,1926cfeac0265c66cd57ff929a39cdae2bde6731df6f78eeb5e3753cd4966637,0,1,True,True,1,115,31968,3425182ee9b9f5d436bd3b66ca0360c786c6bfddd925fd3b69186f9009a53d68,0,1
72cf92f41023d88c3c51546af69a3e9f8ca7fbaea88b9b428d26ff48c23c73d2,a081d63a24f7c73f5a619f324025edacec679362de89e7d9a706eb97a298ca41,conv-42,124,targeted,True,1,True,True,1,58,15987,d9502f04224e496fd97cce93bdbc09e433ffb3ea997ff68208233c21e91dd7e3,0,1,True,True,1,58,15997,bd09d82375de75545e9c6b8b8ca6a6671ad32f667adc6630eb894a0e73467516,0,1,True,True,1,57,15998,b70baa6addecd5dca3a8e81a92024ade9f78e97e875a49acb8dbe5b8189df7a5,0,1,True,True,1,120,31958,8d43e5ef48ad283e7fafe91255fe39374c3df916d9aff67e89ffcb7596f6ee21,0,1,True,True,1,121,31998,76b0d22301ebe237f3e865ed0575e7fc316ea7a26bc061c5636d0ca036dd4443,0,1,True,True,1,112,31994,ede65aeb2715eeb54579d5515a306508863982e1d5d5cfb5621c2602c0ac8b01,0,1
7fe71f93f8e140a34c7be0bcc8b1b33415fab524ce8cc49e30317ad01bea7b89,8ce0d702ffe200e51c90642fb182c9cb6c56ae42a3726ae57e0dc3f7672fc4ef,conv-42,125,targeted,True,1,True,True,1,54,15944,e8fb7dcf27932832277690d536a80f1b2ee59c3ff68f0c94f36539d8b232e5b8,0,1,True,True,1,54,15970,8603a5a834b702cf22a639594b85fafe785d8d6c0ab89b931796cfc8eacba39c,0,1,True,True,1,56,15988,06475354c9cf7769443d9b0e18af4a604ba184e58b7896b967de69c26cf84f2a,0,1,True,True,1,112,31948,4b832e826e6742244e8e5d5f36d1dde742eada4315f475a471045c93f8301359,0,1,True,True,1,112,31969,a99057be9dc3faf4dc2704f2fdcdbb61191197ad7614cb0c07201d6061e0e6f0,0,1,True,True,1,110,31989,058b4688f6b9679d05803efb7fbf1e35af3461f57bbbd50b27f491d433df8099,0,1
574902a44ee9bda4219ef0c2bce8b6fb05c8e24735384ba92d8ce693e13878d2,377964be0d64fef01d02ec08e65734690211b8ff0d9156eab940906667244463,conv-42,126,targeted,True,1,True,True,1,51,15954,7ec9b9e175103003a4620d3893357a52e08f2e529cbd5778a75ea86b2bce7b8f,0,1,True,True,1,54,15950,faf0f6cbb6def64ce8862fec13a3585284b47b3cf5a40b00866c7628b2cdb997,0,1,True,True,1,54,15922,6862cb0edb073146f00a1ee001729a7027163cbf431f7f3274c6b3dca5ba0c05,0,1,True,True,1,111,31969,f09d1719c22269f37659e97de672ed083e67de3aaf70774b6a6c8500d1a7f447,0,1,True,True,1,111,31989,25b99a3cda51a00a6e3443fe15c5e79dc2cd815f58acb3ac5e885f37a128162e,0,1,True,True,1,107,31934,a6c9caaef9063a5ea69eb0a6e990bf9a0a1dbf833f5aacd71e800f9a83e8c0d2,0,1
fc0628016808e2e3890843a105b902ff8ee789f2f8c76f59a7265aa5be952aba,402d3b43c1e74d41d8cc169090d2abdfabce700625eb865f1d9cd259e99b1060,conv-42,127,targeted,True,1,True,True,1,51,15984,0fb58deb2d7ed09bc34968356f80197dc12cce482c2062aec849e423cafa4a4b,0,1,True,True,1,51,15975,370a2599746758caef51467fc50193e5a4d91588de7b94897682c68b5a8b5938,0,1,True,True,1,52,15954,eb717ef353f13ac4f5505dd413a00c4175005ac8ec0806ff36c1e7fe531c2653,0,1,True,True,1,109,31922,0f77859d1a9dc4be7d28dd4490bca7de760e39f598f107083ba3a284c71f84e4,0,1,True,True,1,108,31926,a0f3378d7b50f21a2503c97dc94af5a8a3f015b673c5b6617b6d09d240c064b4,0,1,True,True,1,106,31979,9a561f24b654cb206a529440fc98b7b77bc46afdb8bece9f546ee3111238a233,0,1
78d153b78b84d5f95f3e9fc1c6692c2f5bd495aae5357d0652c99ff2872abe83,9f7bfa24daa191acbb2f94ddc14741a1897cb557612c613df7dcd6317dd2e1c3,conv-42,128,targeted,True,1,True,True,1,58,15941,0b31683a19d4fd651bc446f35fcac3c3958df56447b90b6824506b176175f985,0,1,True,True,1,58,15937,4459be4e07b510427f7a233771a74592c1dc14fcde2c8f73c3b023127d0659e9,0,1,True,True,1,58,15986,6a7e5f09ba90a8840f56a59d886b46c098a2dbc50083ec5b2261b46012787e31,0,1,True,True,1,118,31923,5b13e09885012b43409a626886374873c5d2b017889d8d5bc02fe6298b0243d0,0,1,True,True,1,118,31941,c832ea9664e22d1c2219daf0ca9411f214c71257163913de4da512b86ecf559f,0,1,True,True,1,112,31933,b40571c303af657e6ebf0e07bf68a801ace97dc72e74f3e673836f74053bdcb3,0,1
4867b7efc4ec4425e7a01a996edf98c2409c1cc9326d524603cfdaf80e64866d,1cf479901224747d94921595f37101150dad542a5366ef0bb6e36404115027fc,conv-42,129,targeted,True,1,True,True,1,62,15945,d40f5d410d46ec8a2f47d39ee44a86d1437251d35ef2661780224233c4a31102,0,1,True,True,1,62,15974,a73aa3539df15a36634b2b8908160bd98a14b1c0e3bde52b36aed1f6c02be633,0,1,True,True,1,59,15918,9e2c8f1c5c613f712d13e93e6886d0a918bcb548279bc06bca213709b1dcaf0c,0,1,True,True,1,122,31984,fba39b9eee1eb6af29777275730752f4faef80e24222397691a96d6692ddd691,0,1,True,True,1,123,31967,a9b227636533e8ec2190327a601bdbc343523dbf75a6a757042449f718000d7e,0,1,True,True,1,114,31950,19217f7fe03ccd414d821744baab2d14b57e01c35896b1ba7b0bddddc85fcc4f,0,1
36d516f8f73cfb7a7994dc447242e96b91b46a4ff3eeed223ee693df3a6b281b,491551d7dfa801aa014a1a1709d6ab26d5c329d310aa6ff4f99bdd6400a927b1,conv-42,130,targeted,True,1,True,True,1,53,15925,ce433513c5303d03a3566251aeda1c5b0759fb374f725557f6dfcea2b90a2170,0,1,True,True,1,56,15996,3ad4637fb216c83e9a6e4e269b02b606a1203e1173c5a1b86ef76c48438cfe1b,0,1,True,True,1,56,15954,d9c34c9eeeb601d187f554c57c439d6d58c1974055529773ea533159a9518fa7,0,1,True,True,1,106,31955,a0a9cd866f328067b8ca5cd9884e58f7659d52f48029dc9e24aa7c4cdfca509c,0,1,True,True,1,108,31979,3995a9594ef9b0397a42d94ae53f1747d4168f67a99ee38330392ef40f1aa208,0,1,True,True,1,107,31982,7b117fab4a2b0830f4fc49c654413ba20e1e82c5905507ca3575d834192fa826,0,1
8c7925a439c06afe2c903c618aafe7f04aa1de1d18aad6a4d7e74309145d0dcd,fec9407b00c6935f3e0c03ff539b3d20377c9f2ad4f0e5045892fd0098ba48e4,conv-42,131,targeted,True,1,True,True,1,59,15939,d5d7f8475161884cec6c01e12ec268fc79eea69c43aebd0abca8a5dfc610cbca,0,1,True,True,1,60,15986,817b85d0d66aa3668f4141282fd7813d888dc2fdc9b46f744abd7d6808d8254c,0,1,True,True,1,57,15986,f9556de94471149fabeae57f3bdd83b4d990e8ccddfea722b2575e4487e83e72,0,1,True,True,1,114,31985,084039b923fb528155712674165e61071162a636acd206824fb48da34d51136c,0,1,True,True,1,115,31988,508791108100cd20e7b199103eb077dae0d69790690eb73c21ed4a8b0af65046,0,1,True,True,1,111,31934,cd5a5256ede819b2daf85aeb82a2983d5c5dc56c08c2aabc541a76127293e584,0,1
9e053f769ebb0cf00a40f21a4aa6e52a8d316daaba1525b42a1b5b60673e5a09,6cc73ea3f6f44a213764271d139109b792e2f835e6cd3d30991a6e4c67dbcf97,conv-42,132,targeted,True,1,True,True,1,56,15971,7f1b41e8ef07a280e841e6b096ce128460aa096f8e32fc147b527ea104accb31,0,1,True,True,1,57,15979,cf1d9e42190e4abc77c2070539dd7f4959ff3392370fa09f9d63d55a10d62308,0,1,True,True,1,54,15930,fb1476f25af42a5f0d2f00d3273941ee0087f04c65bf4476eb027a2d6aa97be0,0,1,True,True,1,114,31909,20f0fb261b275152ebb0ae9a03a438970f9554dec0c20751f9c50982daa58430,0,1,True,True,1,114,31951,0565f3fae9590b46219ae0e936b9b181ce919f04212e7eb68350f31599edf56b,0,1,True,True,1,112,31998,bd27dd82b782c9273e06fda284d702bd9918ee977da30cb2d131639512dcb1ed,0,1
f17c070ad1b4c26a4e84398de926bf732f31e39d813c2fbfc485e2c1c42d49fa,4d7edb68facc49ab8f35704c6645e718e9f9448853a9883c3bc40fb0ba1f05a1,conv-42,133,targeted,True,1,True,True,1,51,15935,8644dec03352d430790f6f91d33cccbcaea6cb7141ecd20d96f0b87f11bdefb2,0,1,True,True,1,51,15933,181bf3005bfd9f3baf4c1c8e4032c4c266f6043682b0d798631e1d046cc9ec25,0,1,True,True,1,54,15999,f3c58fb6ca3e8bb1b5a3739ba37ca235839f2f56974e5b2fd0891e555969ee59,0,1,True,True,1,114,31977,975aaf7e79d6caddcc9295c76f47967e25ed2d1ee6b04c461d0bf16fb057f444,0,1,True,True,1,113,31974,c1e72e96dc1a4c1a0ad637223b1711e313582ee109757b1d880614fe920b53d8,0,1,True,True,1,107,31967,cdda2b77bf56d576116a8317472d4dc126e2ae7eaee42e2d448077cc403599ca,0,1
86bd14960f48a837562096eabc6277867c7b5fae23c3755ef30c4d69537e4104,4a842a4fd11e2a1ebfc5bc201f34ad8dea15e39526760c14f552ab6d5d90f934,conv-42,134,targeted,True,1,True,True,1,65,15968,a6ef9e93bfb75fb0e2ddc1169d074e67d2718a92aa0b3aedad45f0f898af3030,0,1,True,True,1,64,15993,dc4d37874f6808f3354e51c4a4824edd0588a79034cb2821db5b32d2adb51997,0,1,True,True,1,62,15917,e99f9dba09e90561d18a074d4dbeb26d6d16095838eb535549e6f36d32821724,0,1,True,True,1,122,31987,b5ab7b6ef9b3df42e0556fe33d15b6500269096fce7beb8cd3012072390607f6,0,1,True,True,1,122,31975,f97bade54e149caf979af6c56a22e3e102dfc9a0d2296641b1c581784ec4ff0f,0,1,True,True,1,118,31998,3f19fe5874071197d5e7f94932a73a886052ee9bf29141349c2961d704db86a9,0,1
f8cb3b5834f6255cb8558b610ab15daa3266163e81ab4d824528ffe33fee1e3b,f23b635a7d2e2f4e73100816030ccf13dbf3dbe60cc71db83008443fc5fc3f23,conv-42,135,targeted,True,1,True,True,1,58,15999,4e409702deb0c6941adac248c910e70f8f3501f453c58dde1acedaf4da518897,0,1,True,True,1,58,15916,4d489db9928a4bd71ff04ab1ee1d64573a3ba8c63ba8786929e7f1cbfcf6912d,0,1,True,True,1,59,15990,bc17c35a6fdbf7898b52aea728eb5fbdb5337e5a40db94d50cc2f3b87917a9ed,0,1,True,True,1,116,31963,17dcebcf0599f0a73a1da0b6f2a196c1cf9943cdabd56123c14ace5af2573185,0,1,True,True,1,117,31937,3259b1469be731fb9f5608609b9821db0a17004ef361997bfeaba4312c289d72,0,1,True,True,1,112,31966,51b2f2e138056a6a531f423a0c0f655211bfbcd025ec5ce61a4cabac8d77106f,0,1
75e45fbcf1b2b26122fdafb5b1594eba64705d819a3141dd9cdf23f3f3f1d563,c13a3d7730eb86d36ec069332d5cf194a06cd37965ca6a4cd7a998a5e9229b33,conv-42,136,targeted,True,1,True,True,1,51,15988,82d56dc77a83c23690533ee3d52797dae67d795d7aae1b0274320c550b722812,0,1,True,True,1,49,15993,1135afe7e4120731e0fded7f9c8115dc1248ea24652f01f4ba6e9d9aadff028d,0,1,True,True,1,53,16000,58ee6a8e31e47e3f071f4d936a648b73cacdbb679dec521e4376df33e8e00231,0,1,True,True,1,113,31918,d34f86ebe230ccca70546269b6b1e342223089be50134350c14262427af9e9d2,0,1,True,True,1,113,31989,67c4f35c5e79deac84351ff7ed8acb79223578da6026f01997ee41e851a1f076,0,1,True,True,1,104,31958,0c23766631f57ad55ea1b20e4b0303e903cebf86cba2cef0db7c80bd737338e4,0,1
28bf44f1956fddaa06bd397611fbd6585be413dd7dda46ff51875327532c7b0e,a7b9e9b1b1d51b991a387e60f9eb8beb48d8cd28a2c0b55436ecca0b9d930f45,conv-42,137,targeted,True,1,True,True,1,50,15969,58f49a924660a1f660f6e5173a4cb99c2feaf3dc335d58cf800862e5b00d1a49,0,1,True,True,1,48,15935,9eacbc5f95f7cbffa77d20cde5c89c09fab4824250636b5a020832f74aa8224f,0,1,True,True,1,53,15996,cb46621520f603d2dba760ae96f6df165337a0ece75101ec7eefa768eba1235c,0,1,True,True,1,105,31941,5e79e558b6cd315bba1d3fd76dfd4739852e5d57bd840dce2b6af9d2345488e6,0,1,True,True,1,105,31989,3075ce235beaa9bcd5a48bf03a65d6158837cbd15dc80d10c3aeaafb52fa967b,0,1,True,True,1,105,31949,657f83f3d1092863ac4201ed99f7ba1bfdc01bc9eabb2740def549ff05976b84,0,1
eac13f7a41f5b6865b669622f562d51b5c3ec4e64fd95868a8f5f405ab48c5d5,a5413f689cab9353aa9405e6465ab6f738f0cb4c611a46fb08a164fcc8d9a4a1,conv-42,138,targeted,True,1,True,True,1,51,15991,4decba26840ba841071295f9a624a22f0e862ae55f39a7d969fe62aa437cf92e,0,1,True,True,1,51,15985,208ebf7350d326fd1b9a1f1f9fc2a0bd8413fe8042ddd350ec04af0778426242,0,1,True,True,1,54,15987,2bed2ec8c270fff59ccf7e4fb5baebe33df37c6afc47cf43cd5998d273342f5f,0,1,True,True,1,96,31958,bbae043718106d360e20c7a6015d690acc456525dad06a6ee4452bff7729ac79,0,1,True,True,1,99,31937,174acf1d319da404219ebeee1feda8e98b98d549aadba791c2e4aece9449e46d,0,1,True,True,1,105,31976,4d7acbadefa5e2d13f3e7a89380504f387d3f4106a48c23d5606e6694977d57f,0,1
4e4503eba646b12761fb980f02f42cdbbef4fb868e3e2a2cad34959cba96d67f,f5222ecb3c82265f92bffa8f8d34b85a74c5dafbac4d4a7c0316d398d347a448,conv-42,139,targeted,True,1,True,True,1,50,15940,603ffc5dfa243b2bf4a37c3e297639b41cc27f4fc7e8cd33e7c2c7bdfe8b7089,0,1,True,True,1,51,15946,f71a91d2ac91b7a547c1b0b555f30f188fc2d2a2647749b870a337fcbc4abc54,0,1,True,True,1,54,15950,bc6ee3ff462703bd8cc89944e1e0947210561f39a35612ceb147873bbcfb31cc,0,1,True,True,1,101,31954,4aea3668788aedb5ec798fe5fd48aca4ced78012ce2558cd692898d5d8ac7564,0,1,True,True,1,101,31972,66d6c17d733db73c4210126752ace6ed78377e00c0be52febfec658a39116506,0,1,True,True,1,105,31971,e13b81823463adf41516aa09a6b4b710e1fc3861bea1e681d92a859640deed36,0,1
21dfd1f50db2b96916748b2a3b6615a7c4a791966afeacc432fb26c2cd286892,bb242cb76f3c6cf8458c47bd7b7945d37bb8e5e7530aed9360d1bfcd47851cba,conv-42,140,targeted,True,1,True,True,1,47,15955,e59460a02825eb720a8f51ee2773c053ee0f9f174b6b2a071d777970557aba5a,0,1,True,True,1,47,15998,2d98770e7e3f31d33cb6b8fe39a9fb766f12d38330d157a146f088bfd9b1c3ab,0,1,True,True,1,51,15968,d782de29b95d586de2499944a77c86dc46958f07f48ed29672a524986a59a696,0,1,True,True,1,100,31999,1a9429e3ba9c3452cd8ae1ebe4aed240c4dde4e31c5293d43259f5465fb9da33,0,1,True,True,1,101,31973,abfd0f7f53cb68ea19552a73b836cf5815eeaaab3d58d806a84b1b9da7a04da1,0,1,True,True,1,102,31966,58c5e39859f234af19be0ff9795824ad2c336318b5424d31bff057d383316bf8,0,1
47d3c6f7ae974b9608053e2967b60a285b355668431dec4e45a93dbc1911c977,cace2fff3a69432165e0c3b14a8b1f7d2c9483cf0a1eb06bee83e923e0a85b8e,conv-42,141,targeted,True,1,False,False,0,62,15966,71dc657931ccc9fa7f16be368a3fdb1c0e992c57923b0e95ad91e04055748126,0,0,False,False,0,63,15985,a5825b06b8febaff1ca9665cd48f174c3c00009cb7512655744de17a497b0ad0,0,0,False,False,0,62,15923,20e80153933994385055dcaf2f0cc0e6fdda0c6a1ab181cec0fde43e6f0c8b0f,0,0,True,True,1,113,31993,757fceb9bfbced1ae6ecac97811444339002bd49c918349182dd50c13e83db68,0,1,True,True,1,114,31994,1cb0c1953f4e3759e3591beb4872a401cc4e2a50c263025eb71ab2ee92d1e4a2,1,0,False,False,0,115,31987,bbdc81267ff58008e6b07fec8ea977013c5070273e9265964e4a8309ca4e0e01,0,0
074be89b771ba9ac1a70988d9d125560556e7e26978590bb333a36b5634e1aba,8ad6422858f3c2d4ed0d9f38a26cf94bf4762f3c693caee4c728db8743aa70f2,conv-42,142,targeted,True,1,False,False,0,58,15997,d9b2cccfa665f9e909789b6cd481f118a4be8794798c2bea8a0b8ac134588d7e,0,0,False,False,0,60,15987,55284abfef748a53a3c5724fe1797bbda1096f2c3458505b596f3e1d0a9422ef,0,0,False,False,0,59,15981,dc923fb6a82f83b3d937e0797e3fcf329b5da5b4ac1a6f7248911abf665b32be,0,0,True,True,1,117,31988,2e051274edf381be2285e7ef58ab865f3651b210d02e3e1dfb692ab4aa1c6c64,0,1,True,True,1,117,31935,457f369bae67482f6e927d09d3724d7ac058c0e9cf5c32ad8b273e9ebe276c3b,1,0,False,False,0,112,31995,d5d516d0db0052ed16f511c64a94f69a1f346dcd79f10a71e1773e4fb9fe1a7a,0,0
27e8651f64121c1edd5534ac5d5f434437247d7339ec3229e98b9ab6867574c2,938315026bccf866a797a2bdc3d4c6c8170039641df5f60e542aee74f9b658a8,conv-42,143,targeted,True,1,True,True,1,49,15984,9e31b77e731aced31980987396695b05472eb90043ad34bb8d2051b3cb2ea509,0,1,True,True,1,50,15968,d7717005e5ed6d9baf96c2742abcf05f512741986bc0f1d2c039e172d7c6b518,0,1,True,True,1,53,15988,e33294c69b0f257543cdd76f4070f0188d4d8b7eb5f3e35772267a116475b37e,0,1,True,True,1,97,31946,6ba805e10b604efd8a5ba68f27d7919a9ddc483084e2e2346bf873e2a221ce03,0,1,True,True,1,99,31933,0e603cfb085b689ce089b13cebcb1ebb05eb7fc96e6b1489e2b945145aefdffa,0,1,True,True,1,103,31990,29c0c926463fcd6f42caab74dbca4a72604f46fbcdbb70230262cc127cbdfc4e,0,1
1ceb7c6bebd8a272be8fc25ede8bd86bdd51a41a39eb0937c51efffaa6828c7b,01d6b9d25712d7ddc26a7a1e19e205a34d283224a924a99df22ebd55d03faae8,conv-42,144,targeted,True,1,True,True,1,46,15965,e83bb1de296faf4acc1ba150daa8e96a7427043c68fa21950e8bc56bc6044ea3,0,1,True,True,1,46,15964,9f36e3271faf8124f6f7a071bd70b512cfcdf24f986792032696d67da5358997,1,0,False,False,0,51,15995,ab29a2b175b08e2d7ec9e05824bb1becb2d2aa9e129f9c259db42c5a5074335a,0,0,True,True,1,98,31936,e47715cc90b52f56ae109fe0e52d67bdf736e8126eba4ce06b8d20bac0e79919,0,1,True,True,1,99,31992,3d4704b4d923e9993eae92388835c230aee0e792a1bfeb21ccf9dcff332cc0b5,0,1,True,True,1,101,31970,ac35adbd453aec34ed5ac707e914aa5714d74195fce2c5bcd1a48809d8a4c0c3,0,1
79cc009e4bf2a56bb39072f9129ff35780b7e6032dce05a7a69a81b5b573cd0c,53f9b1c72f221907d4ee69f910662c43c2e3eb9f82499a01011c00c6423f0d99,conv-42,145,targeted,True,1,True,True,1,50,15963,8e99474b799054d55b7c662ff651ff2b9dcd7066873b8a9f6e358ce447f3c511,0,1,True,True,1,51,15974,1cb7f6677efcfb6e2cb6be39de4c1d844ec6ac49a7004903a40f67c49a57afa4,0,1,True,True,1,55,15994,820211a570ee05d7e6a38621854272330a174f8727a4f69dd6c542ec1530cd74,0,1,True,True,1,105,31967,f9d4c09ff7da2ee911941b6aba8240bf2aa3d244ae42cb86129224fed75c323a,0,1,True,True,1,107,31992,b1d1e7b7b36ac6f2613a056335c7c51e6f09f02d0b92f13adca6bc7c3042c2f3,0,1,True,True,1,104,31983,9e8819764e2f6a8aabd270b8033e65e8b6f0eaec60248f68d582ee8a9f66a7e3,0,1
c180857cb9a8c4106c10c9ee480f215729ba1b9377b5d444f08d2116741ced34,17a1b8cf794d94f3c9517a52aa7fceddb351ad623f08d2585ecf569bb1823a6e,conv-42,146,targeted,True,1,False,False,0,46,15987,6482625fd13339592ce3085b8aaa2a5b57e9f2c7e21eac3654d425b8dd0a191b,0,0,False,False,0,47,15985,c8a882a8159b98b1fca5228528f387b8f91f6304c7709556bf41ecf7979b0a8f,0,0,False,False,0,52,15994,f5b29e695447c3c66875773b8976d9f656cbbcc979ab4d0dc34c693958aaa9df,0,0,True,True,1,93,31958,64362347b5e0d8bdcaad2d1e655cf5e2ee5d6524fd017888090bf91c1fe3867e,0,1,True,True,1,95,31999,e79a77a48473576ad7bb28f921f50f838ff412556ab4fd2fdc86b981ac2836d5,1,0,False,False,0,102,31995,bd0f60953201d7fe9f1bbc3c2f0cd68cb892ed692ef1dd2ddabb462de8b19fbe,0,0
2b563c837299367ccbce358225cece104e00b733432313ca129ecfd1d372c957,d69a3db387f722a721fb3b48f61e04df9969c272cc091c70b0c09dae0cec384f,conv-42,147,targeted,True,1,True,True,1,58,15999,32bd2c03c6491b2dd61735bdf409bebd794b008270d8d687d6e4651e117ad733,0,1,True,True,1,58,15989,8a6ed65aaafab4bae3595534fd29e92ed4f75341451a5a0daa47178df8eed6ad,0,1,True,True,1,58,15921,8835d5c426ca427a85c65ae2f29fde1292a79b4ffed6016957f0dd28030fb6fa,0,1,True,True,1,121,31961,fa29433572550abddc03480a2cf97c8a18ce1a0fc4ff93084fd150fd4fde271e,0,1,True,True,1,122,31958,eadfb1eb981c14a7025e9ff7adcab2dc15b47eae1bde579d3693684ab34ad057,0,1,True,True,1,111,31988,ab96c2242d6593dfed672c5b39d9afde68d0c5f66a533b6811ab18abdbb429f2,0,1
72a4cee12c413b4c5b413af78cbacc7d18a27e76deff449bedf17e8fe0f58cd9,3d3742e27950237ab792ad3053ebd5a40dd9d92d72fb6e0f60db0398c55da4dd,conv-42,148,targeted,True,1,True,True,1,55,15983,1a8785d013fc696be24ca49cf8c112ef8c61a15817070cfb544c2482e6ab0b03,0,1,True,True,1,54,15962,a4716adcdb400818189d1b28a06b82ccd1f96ef43e75aa72fa15448ad2b19c56,0,1,True,True,1,55,15927,3f01cc7d868f1524039609b0681f8f9930bc12200b6adb81eb46afa1794a3f1a,0,1,True,True,1,117,31986,671b0473496b5714ed864b478392a338129ba1f9b6a6d9296f66605ba286b1d9,0,1,True,True,1,119,31972,51a910a847b1bc80bd9596725472619cd2ac8e8d2b93cb0b88c403f933522a16,0,1,True,True,1,109,31928,45117e1b4b8710c9be35abe8a0a6cafa3ebcf06ba2e3425a75814ce79e9ca7e5,0,1
11c2e6d049829672b06b7b9900d79a5c2b801e154d8a9b833ab48b3e3f61738e,69867a5cd79c84927c849bfe04b4be50cf67e96a90ed9177118ca2252d55e298,conv-42,149,targeted,True,1,True,True,1,47,15995,5be75139fe86fa9e22574938c473417d9ba67f66fb375dd0bf23f9f0094be1f6,0,1,True,True,1,49,15982,81afb2b636f9a91d07653899e11e774b2ab5c1f1c4e7e65b8cb53152bf92fd92,0,1,True,True,1,51,15996,bc5e93fe0d4a407d76205e8b708c4484db4a8152e9dbf108ad3b8c4a54913dba,0,1,True,True,1,99,31945,16341f9ff7b4007aa2f29d9966fc5a5c505e980ad9685adb1f3629661328eb6c,0,1,True,True,1,100,31967,0c8360f8690213323a49e45823bfb62e50b976d91e142ed49e25ae3c095f0a64,0,1,True,True,1,102,31936,af3895d6fc2efeb596e3858b92d10a1b50c29b9932f46d77db92e96d31ada48d,0,1
0dc37671602bfaa9731a095229e1ccf69593d3865720fa0c1c947100ca3dd915,9e34c1bbc6cc635b7922229b0ef9a59ee9126b3d990f690c44a973738dc03c18,conv-42,150,targeted,True,1,True,True,1,46,15943,c8484b17716d85f937126b2bbba783580737c2d9dc3c7446c374a6a28e5367ba,0,1,True,True,1,47,15996,f6852ca01b1635194890011dff3940a0ffe1cf4713d358a975a96a500efaf628,0,1,True,True,1,52,15999,9034166c647b7cba1f3405a3cdc2bbb09539e2652701cc1b3541810986829fe7,0,1,True,True,1,96,31919,5759d32c5d522343bb020ff9bbde235efdb476011a0596423dea320a885d6b37,0,1,True,True,1,97,31991,50702bad337072e424a8e1a292c9a758afe2b48f5988ad4121f6b638e7512332,0,1,True,True,1,102,31958,1dd009ec4c3eefd05f37962824c259938cd1b305725bd9021636c0f2f243a69b,0,1
48ec9685ac517d54891eff0463ff9ba3cdf64ab5a7e8e754e85343d98ceda331,364b849cb5b8217883b7e36fc2caf3d5aca9275041d20be6d4ecf720b130ef40,conv-42,151,targeted,True,1,False,False,0,52,15980,e268627cabf6307b8789f461aa20b787131d0444e53d84f70b1f8f6200e9083e,0,0,False,False,0,53,15966,266ab337c4a2954183554c0e3df5b2e587b13f704a3cd500b8b3155feb1c6af7,0,0,False,False,0,53,15977,1e8c29128c8882da35662c724c553a746596f30e185cb9e97614f7f364fb2845,0,0,True,True,1,112,31933,c0a17279a28302ab0921869e2b7b6ff2d2d0a9509d6abe9a5a4dc7cfa6ca96fc,0,1,True,True,1,112,31992,97865951eebc570e27d49ade6d0790844f3801f4a358eee9b4517be1bf5d6d69,1,0,False,False,0,107,31924,0e4a482dffd618e7f375a42cbf046e4750d2708d9b0fb612eb11e3df7ea5f2b8,0,0
a5ab4e6a8c4da7c2767dd5bf00ca46248f791b0d36b6945b7aa87a6e97f5237c,50f3efab1326581d81b7993c3414023a455b9229d580a41be3c891e15c95b1f0,conv-42,152,targeted,True,1,True,True,1,53,15999,a7d6e7a72623e6f3e01ce79c69045f4ab7e33b147c028f400d4b0ebe8496ccb9,0,1,True,True,1,52,15936,77528a29f6b1d3f55ba181b220ac1eca386ac25e9e54e1553b45bbd3a7573ab4,0,1,True,True,1,54,15943,ab45bed5000541a6679ab2ede484e0e82762b4e739fbdc3df6e19959360984e2,0,1,True,True,1,109,31964,3a329fcf5857962adb3441463121d66b7a2d4ca4bacb2bdd296401ebf1f19796,0,1,True,True,1,109,31994,2f44eb4c5601c2edd4c1426e008b485fa1f6f8a34d331b730ab4b64fd61f85b3,0,1,True,True,1,106,31914,520500666b41fbb79a566971b76ef5dab2995cbd4ba21f0f32720d2a1485d72b,0,1
2ca9a4c93156f6740291411f7c24c3cbc53b342ecb0987b39627b2d4c259ee12,a387f0ef38c1cec5789173521f2f598674fd2f5b4789b0c0520d64687722f681,conv-42,153,targeted,True,1,True,True,1,54,15977,e5c5a041403d354d31a8241bbf321a5526418b90ca773e6595de19b989c57613,0,1,True,True,1,53,15914,9b836187e8a4cdbae00b98baec184d19c48cf523791d2434c472e43598a5db31,0,1,True,True,1,54,15933,1f6362e3ffeff568ea23e4c080c81d86a2fbe3bc18de9085dda5aff1f1f65581,0,1,True,True,1,119,31985,cd8892e7004878c8db2dada51db265e27ac6d28c803ea28c926c6358ab855085,0,1,True,True,1,119,31926,0ce5dc0f92ad82f3a4ad3e688b0f2a346cbd8acdd7b2fae14116173b5b7364fb,0,1,True,True,1,108,31989,d1a1ecdad97a427bbc2fdeed12403e78d6cd3ae28fbb3a2bf0c66a6016b42ee9,0,1
996b862dbd03c7270561ee0e4f0c64cec178719eea6cb78663a316a555e3dbde,eedca060d468b58a61660caa00ffab324c99bd455e69f36d5ea7011e0bd8b560,conv-42,154,targeted,True,1,True,True,1,53,15979,ad2d8c634aaeaad1eb3f89388b5d25ea3317d98f549d8f36b6dfca18eb928601,0,1,True,True,1,52,15994,bb801da32bbededdf62dbf499ce695b0a8e0da1acb38ae43b3b5b09a3d686dc2,0,1,True,True,1,54,15976,0e5df57e06b4a983d4561a09890d1f511bde94f7d2fee2d0a4c13e14912556bd,0,1,True,True,1,113,31982,59ed2d92cdb54b2451b3aa5340c643aadbe168ca1e2da0fd2ed3186135a80da2,0,1,True,True,1,112,31963,a9bd346e27cd0ad2434eb3330a804d038660af0dbc86958d60446ea49b2e03eb,0,1,True,True,1,107,31918,aa3b5084be841111a526633b2354a1362017842aac0e1a77bc4a9586aa3b0ad6,0,1
bdbc17ec6142fcf9f0add0c2bb9a177126122a95b0d99797e86b1e0cb969fd61,43c3d042a32727d4e2cd6ad0f3537e55722888e3fcaa80f6967d15c67990bec1,conv-42,155,targeted,True,1,True,True,1,60,15965,71dcca4045bcc4f57597d2e94fe02535b6ccb98ab53677479a89cccf5eab0618,0,1,True,True,1,59,15959,b27f750811cbdf0c748882f1e94972d51816db9a1a20d508ced3811011f791d2,0,1,True,True,1,57,15994,a2a6642bfa2c63d942036b9517885fdf37880e53676b3934054969eb9ab215e4,0,1,True,True,1,118,31999,70bc620a5b8458da22e2dd44244cfc474c2dbb50a1e5fc15c3af538a6d19b45f,0,1,True,True,1,118,31992,6ffea831bd4136e6a3e408c692b1f4bcfa2870a3641944987efcbac4f4309e6c,0,1,True,True,1,114,31962,16de11bfbdf42476c9add078257fdff9966e42744455e05668a5cc621b6a283c,0,1
dec1f04af42b10c6a3d86ff875e7e7a0e157a65e157dca557a05ebd583e4a3f0,73c37f4ff571eb04ae8d9b84580543a72a974818e3d3ec6b91ec4b7340f84f47,conv-42,156,targeted,True,1,True,True,1,52,15924,bc8190bfc67fd359bf9a4e37a3621ff0eab120d6aeaf6e5fd7f29198573778ec,0,1,True,True,1,53,15944,0498c485837991b98f2ab2d0556f87738255eba395bedf75d9400ee0e558d21b,0,1,True,True,1,55,15953,9ef8c15467e6dc9966993e6af68697c8cf6edee2fe08c4ee56d1630e03c0d4d7,0,1,True,True,1,112,31924,b7c59b682d85d9ab289d4907de2d594cccb6bf440f378dda92ae9d12b75a62b6,0,1,True,True,1,112,31977,2e0f8dc15ecfc72d93ec018c34fade546980080caa43acf987e108c0edae7b00,0,1,True,True,1,106,31959,3ded3134f8627f01376711c4d5006e52703f36a837f25a55324fbce5cceaa122,0,1
1f8101e006d606f9b8e8ed66157534f58c1404441b536787bb508c31f5b4c7a3,0ec706b23762c10ae313152ddf57123905c759b8402876fd3787105636d25c8a,conv-42,157,targeted,True,1,True,True,1,53,15996,c62d4fe3c3732dcde36d357098eb3b2177c11590c154d41777a8a631a137dfaf,0,1,True,True,1,54,15989,d815e576b1c2225d0a8251af3d35c6ef136d7a6b824d471c0f485ef6d3c4f067,0,1,True,True,1,54,15935,2966a2e91c3283ed5e88d6a1413ba524a256fa0bcead9cb6d6f5eb7bcd787821,0,1,True,True,1,112,31943,c8bb856982b3d2e4e66f2ed760a2d1570f39c5ae0df3c8871e07ba79fe4dacb3,0,1,True,True,1,112,31937,0143192a12f568f934d9cb2c69bbf47eae798f0dabda28f2060e3b37421006bd,0,1,True,True,1,106,31967,bfc56cbc0c4f2ffe1e92da5158e23dee2dab7a299958e511dd3baf9cbbf5374c,0,1
bc534c07ba6c4f17763adb9609b897870ba120c20829f00c60121508b214194f,f6fadc3d63176c82ab6e50e95a2d7d832aa7228f2cf3b9b7704ba1802571cc37,conv-42,158,targeted,True,1,True,True,1,55,15998,f1618c04971ae6652ad1e43900ab0c8e1097b32a41b96d672fa00d42f0008ff1,0,1,True,True,1,54,15926,2c0df9d9c7f8d97f06e8264030082b78033a1d0ebc62b776c59643427ee7d106,0,1,True,True,1,56,15917,15208a7b85029a86cf10c473b1edfbba90da5f5c2e605aebf1802a770f80a1e1,0,1,True,True,1,113,31972,ef6f1d4ec0a52ff26967e803efd903e2ce2ebd59a7fae22f866dc16460092e41,0,1,True,True,1,113,31922,4a463f472519a7bfed6a94cb8a3f87b04287d57a45b0ece7623b47f82de90139,0,1,True,True,1,108,31973,ce707f64a1af2568d90621741e9af49a5cfa1708f3de9b6ac5f869acf10c02a2,0,1
fd72860b394fad4120aed16894c0acea3317c58ea31a81e0a8e8f9efe547fcfb,fb9cf0e6e33a6bad2bb1853bf084bb1d882ebaab4aa01e9acee03bd9840dac12,conv-42,159,targeted,True,1,True,True,1,52,15939,d365474876b430b369d5afd4da9ec0060747e3cb4df6a0e0379d1caa069678fe,0,1,True,True,1,53,15997,7681ea8ca88c20254e5732370a2168bd3908c8bd97ef5736258e06e73a87365e,0,1,True,True,1,55,15999,ee2d6c5b46e40c11e9773d1f498979ceecc16b24626a1fec02e0bdd9bade41d4,0,1,True,True,1,112,31922,f9f820f6d740905f304252e0c81a42d6b40aee15dab9056842e386ce0d441b10,0,1,True,True,1,113,31983,80fa598f9aaf5783b98d8d3028a498d0501017070b243ef369af0da4d7e31ebb,0,1,True,True,1,107,31978,6f39c11f604514e3ab2a3b8ae4ee3d2bd68467250dbde7caab69deedf1cefb0b,0,1
8fef44ded6b6ffa15bdc9d3bf5e82209e0d70e191883f8d4043cc7cf327aa1c8,3618fa3a80f7ef1ae06acf3f3e44d0b4366515196b87f053831fa30fa11a740b,conv-42,160,targeted,True,1,True,True,1,57,15932,24add0896a429b94ab1be6d3809e47f8ae44a7a0e2e9d3b9e95c002dbf139ffe,0,1,True,True,1,57,15915,b08c297e2faa62cdb117fcd774a064aa68b150a13d77524d3c30f069c7fae227,0,1,True,True,1,58,15970,141a26e22934ad23df2a7409cefcb4fa22121d4a5c03dd194251ad38fa704158,0,1,True,True,1,115,31969,834d63176aa86f615915283f0a4359451cdacaa9813dd643055e3c6fbbd18a44,0,1,True,True,1,116,31999,4baca12bd8f0a9d0e4a88b8fd0d860c25eb3d7c2a4e0c014ac4029bc8a1845eb,0,1,True,True,1,112,31984,b45725dab38582d54638db674bcda3709604ba0735c29667050920c5eb3095b0,0,1
cdd784876f7d1a35b1b9eb3bd09393c48922105503a6c2f0fb62f0941137aae1,f3b9c9585ff569af618cd0cbf71c057f441fc156a92c3befaa46963da12010ba,conv-42,161,targeted,True,1,True,True,1,50,15999,a4de4b089f2a711d0b52525c5450e03c27840ae3751600afc3ab69f58df36bd4,0,1,True,True,1,49,15995,8d1f0f67cbeb5ca04015ed474787047e23fe32b3bd69a3f4f0071d5b34f83c3a,0,1,True,True,1,51,15988,593441d11b3a49626b58f7cd6c30d6c5d8873984215bcb1b89199b422586894d,0,1,True,True,1,99,31940,766c07685711d1b19b1673270102440f337dc33e077c93cfe9db801201b0e5fd,0,1,True,True,1,99,31938,6d293cc8a6481f308c215354670e6c2fdc05b2ea4a58c1c8b4b96e0f9115d932,0,1,True,True,1,105,31940,98d1dd518a670e5ce430797f7a143a73e0f6a425c2795eb2056baf6aa872f8ec,0,1
a91bd67899cda568cb777c326475fdedd26ddb7a6c0a0bbd0a6d0380e1ceb33e,7f8f23ebc52f1be64bb1b5fa9cd2c52b5cdb4a8978cce3bfbaac99c675d234aa,conv-42,162,targeted,True,1,True,True,1,51,15929,e806d477d0f039e5108ee3235f8de409890bc1103cf905a02b6dedb0c935f65c,0,1,False,False,0,50,15920,6fe7245ca70e7d2825ee7d5a00544bd32e0f5f548748cbd37d9e5775b5a7fe0d,0,0,False,False,0,52,15924,0d2725aeff60093f07e060d0be0da7305ba994f494b35362cfa1d487abdb5b80,0,0,True,True,1,110,31963,5a3cc9fcb9e1821b407e9d65bf8a6f02ea87df0d0c5e9573ff95b4a0951360a6,0,1,True,True,1,111,31969,ced6a24e32632df65463f524663963c4309dbfdace567d03e50c60b88d5c0e12,0,1,True,True,1,107,31937,cd9e3bd5719f236ca77d7ac596f16dceb6d6e49a461265f153b674cb44b61a71,0,1
0e13af8f8702bad5ff7b05871b6bd92f6ea3ed83c80ac01680f92d7539ec44a6,5b2e9a3a3f0b26aba600e97a912a38c4423ec49f2407e730908e5dcf3d7756ed,conv-42,163,targeted,True,1,True,True,1,56,15990,3cdaf3df887180cd2c196e50a7025d4fda6fe661e2751dae455a65b04e488e5f,0,1,True,True,1,56,15963,6892a057420a1207ee10910a08c5c002d899e857e8eaf885c460b6ae9d5f1fb3,0,1,True,True,1,56,15996,e541c6909d53b8d175d146628a4145dba4289ec09a230c4031b87b6365a1b24b,0,1,True,True,1,115,31918,eb63b7793ca8dc4182bf2bf43329a0b06dc71032cade4313c42a8a5c61f9d42e,0,1,True,True,1,115,31927,9080d82a8d7bf3dd4947650f7cb705df1edbfb2eeeea902697fc9021340493a4,0,1,True,True,1,109,31905,6320bee35376709a8333101e1d03cf7566c2d307805bb770486b100ec37089f5,0,1
aef45279ce16dcfb5eac09ef9a56da2416ee6b9836fdc595fd12d0ad8ff8e20f,5d755ac310fb50772ca247f1febab363dd9c6e55cfefee481f1acca4474ace92,conv-42,164,targeted,True,1,True,True,1,53,15959,ade4c6dd5b43e583769c53b6e92566025938dff500504ffafebc1b1680702435,0,1,True,True,1,52,15949,2c534ebcbbd8ad125f37c355993f65e3904921b6eded0eac5fc2df777315eca3,0,1,True,True,1,54,15978,dda17eb20166c876b02f6cb5799f5a8f9d231d36e0b2d539ba8c1d516dc5113e,0,1,True,True,1,113,31981,ceae8ddb35201fcd31a9806e80b4f7e9a7d58a66cf0f4230ae0979eb72d54b92,0,1,True,True,1,114,31971,327ecd27f9a880481c5e59d9c3dbe6cdaef5ed6cae57be2f3e68a183322a6a55,0,1,True,True,1,109,31982,29a3eac912d810a20a45934ebcdb82d60ceb3ab488cda675c76ba277aaade031,0,1
a59cbb28d7b576e1c9aa09c11494bb0c6f0f2359e972d45ce79c8b6f16aaead7,9bb52d35114d22a974be56de52f45ef4ba63823885e9e27a2073d0ef5fdbd6cb,conv-42,165,targeted,True,1,True,True,1,63,15945,413025112baca468831bbc25ffc7bc64f033843a1dab3eeb1674b725160328cd,0,1,True,True,1,65,15997,39a597b59bbc7a663b5ba9549e831d96da01c545b072b62861f86cb410c92075,0,1,True,True,1,59,15986,cb1939b1654f63d78e2231cdb4eb4351b227e3baa2a8c312182f065286525384,0,1,True,True,1,117,31931,3f5d1f6da29e9d1952857b20952e0fc891556f0ef1b64155326ce356667cba95,0,1,True,True,1,117,31985,df965ff322e06d86cad6465cef799c6d8fc091b9ecd2821ac2371450c8a4509a,0,1,True,True,1,116,31984,059357f8f78489e5bb0ccb5afbfbad654a4fb6dd217ac41d9e0ff64cfcfdb41d,0,1
bfc651639289cc458df8cb2b6b6bce5796f8033400fc382a46c0b0f55b8a8874,389d08fab23ac417dae061850df2e30907a94d30e3ef06b064cc30d9bb7301ec,conv-42,166,targeted,True,1,True,True,1,53,15992,95fd941eec0830762077daf43d8ec7ec99f82dc9886f5ecef565c6404b71dafe,0,1,False,False,0,53,15938,1685cd217fb155248b9d37e703e25947e329466da75034c5c8069968650f36d7,0,0,False,False,0,52,15960,1764bd0d6d19745978482dfafd282f16f7dcedb0531291c10cbe0748739aacb7,0,0,True,True,1,111,31992,cba353cc9727efeb562bee729629776e7a3dd840a8bddec6309977196a4b2559,0,1,True,True,1,113,31979,f6544ed9e4fcca4be660942163be75360ec03c54685f0da12b11665f0f8d63ed,0,1,True,True,1,107,31961,b8604d38a4cd0865f9af60c083d0549f4de484fa04c1fb631bd09aced6c4ce2a,0,1
545b752a28f2ff8dfd8d3b8b82f80eaaad2a7b9d09dca072d043400bb4017e2f,1546b5e36984f568d22ca69a53ff05213a53b0968be32a9e298d9f3dd7bc2cc9,conv-42,167,targeted,True,1,True,True,1,58,15963,f1a2bcb3e9c2464453c0f1a13eb8a08dcf2a5af1bde6f49f1d0f3d374c037b9e,0,1,True,True,1,60,15919,2b32a380df726d89ff5f176497ff0155258c13e8555c2112ec2cd055a3057f83,0,1,True,True,1,59,15975,a580e59c2cbd1ebbb45d6b8631bc4f20a91ca7b8c712633b2b32716d78498945,0,1,True,True,1,113,31962,9b2f3112cf6f36b845a60f203d7aa47c05c38e51df6a66af43c39435106542c4,0,1,True,True,1,116,31996,38c76cd5827325410458bd6776cdc8f1fe6ba517971d463973c272609c267117,0,1,True,True,1,112,31997,8873a0eeb465b731df350477d0285a9c46ca0ffdf78112b8abddd1d1efde2047,0,1
30661ec5226420983df107a6cdc5ac9e250f970e784bf22241a6d8082c1010d2,2caa347403b16b8b7143b3de61392a4189f719d32e799de4c4275d1d1c1f7a6e,conv-42,168,targeted,True,1,True,True,1,53,15983,2ba828abd77d2499798b48444cc08662105fe91a0423c8ea53773262796e3819,0,1,True,True,1,54,15938,1a1289a8ef105696e367b658fd2fb6106b48c6294e4add0e26daba6723947515,0,1,True,True,1,56,15991,12fe18a60590783cfc864a45e9802235ec73ea799ef218a0f122b51f049aef4a,0,1,True,True,1,106,31983,715e0ed340bb407879304baeabb9c0ec79739a6cf70a1880fac985c516e3d0c2,0,1,True,True,1,107,31995,dc2cdfb8779ebc24b7d2e0f6a5cb25c1135bf7451eafeebd5b4d5fd4a096ab2f,0,1,True,True,1,107,31983,446be14d5c5a055c58a0c2739b3b86a80ec014037271af91bcd5c77c37137334,0,1
8e7ede6fd8ae2155204a93da5e6f23de427045a6d88ff5f9e10af9d98f004c5e,5bc78ad70948acd7e92a137b16f4b7e88fdb6fe9da6bc93275450c3ebaeb23b8,conv-42,169,targeted,True,1,False,False,0,52,15999,8e71dc955ab94513ea8f9a082a961c05f49b596a77d3ef3eaf2515de9689ba23,0,0,True,True,1,51,15919,dbf3db3d596a48700feefcbebb1d64f388e63206072ef8f2df275c964e795e6a,1,0,False,False,0,53,15977,c9e6494305e31ea2892f4c7213f1c7df14fda7315487138d4d0b93050b2e51f6,0,0,True,True,1,105,31982,0019ffe020f24822ab9d4565e64c480fc072083566e6c63a6db534f1d8342404,0,1,True,True,1,106,31947,b57f7404e6305b2203e04da5bb30bf2206790679b8bdaf4560abe4768ec8f5b9,1,0,False,False,0,107,31972,1b0c23e34babb1efb72aada4b7448a24414cecb022831d0130c280703f42af6b,0,0
5f1b477a79075377d8b6f111b9fca52381af58226c09f8412cb54fa4fc1bd1a3,6d1e65aff432b7f1c9734f534a04926dc9acfe43a2381a996551f8adb9ed436b,conv-42,170,targeted,True,1,True,True,1,55,15995,21e4a92a6059b891a93069f289c2d0f751fe759b4bbefc9c8c163e55fbcedf47,0,1,True,True,1,56,15988,3dfdd9e3ee6b8154924728b508711a0599f783f2d5c7710f6ef4eb5a33b00459,0,1,True,True,1,58,15941,9b867a47134e0353abb76712c6715e06775fb7debeaffa5653adf224d8a1b027,0,1,True,True,1,112,31984,b96814dd08ef177faf691a555c83e10fc0cb323c41f735dfccbf1708237e68c6,0,1,True,True,1,112,31994,f66751bf5ef238c266ed81e80a23d3c57fb62736451bc0dcb47124e8fe7092bb,0,1,True,True,1,108,31923,5e662cca33b327dbc802cc90585f109fc58d3a2bf5cac8fe0e3c17d79718eae8,0,1
f62d12420ea9ed10d3ed9353b7b4a7f3f03a68eecdbb48b02ba2eec23ee47ac9,fc5879c70b1469c23092506ad0d0b8708fc387673aef3925a3e66e2ba92db6ef,conv-42,171,targeted,True,1,True,True,1,53,15993,58c7f3b08657088b92e2f1bde48598f6b14f6d73517b17fe63b62c4715c77e1e,0,1,True,True,1,53,15937,149b4c7c8b451250956bc6bd44591469f37d5e512170a08c21d94e4ceea1ee1f,0,1,True,True,1,53,15937,35c878692ab2834530b2c5183cb81ee784de2b05378dfe568fbf4681357f3b93,0,1,True,True,1,108,31966,82c1cf6283649c53ecd68d8c7008eac5409cfb7c9a082f850ce21e0593ba38b9,0,1,True,True,1,109,31941,9cefe9122b23b990fe33dae3cae257888f35e0a129de60e3f50d15278db911a8,0,1,True,True,1,106,31932,e97946fc74c9e9d0e12472ed002d645f7cd59a1bebfa66e08a0fe12b66dda45b,0,1
22706b92552b5ffcb6d7983c5b2c609e2a7c895591ee74e11f97a010bc602df2,6775d7418c9de5e983b88911fe5b43607333a06d83a1360eb719453ece965951,conv-42,172,targeted,True,1,True,True,1,60,15934,b0b7c01166fa0f7ea61f5b7a4a453384a3a1d8a0acd0db425ea92d35cc468178,0,1,True,True,1,62,16000,72b2e538ed8c95fa74c4c86e5bc49ffd39e5021fabab7eb64d61b4ca9eb7aeca,0,1,True,True,1,57,15920,f1762d2a5b1de31364c5a87442f6a530e0233720e65b2be30bca30cfca67b878,0,1,True,True,1,110,31962,eadab4ca8a45615d38b0ed955f8e2701ac4e9f9fe6d7752082e773e9f5493f03,0,1,True,True,1,111,31996,7f369ff3effa8bccb78133ccc3bb0f3043e965452c3679268df55cf3c8aa66fc,0,1,True,True,1,112,31974,4aab700243195d2b4c6b8ecee0500e45b1c9808036714b8b7188dcd6e1fdb71a,0,1
f966b0a745436572617c923385a4d6d8c6abdd64e36771073c99bc67ee2f4681,62c0784c968380e5eb016c85b9666c50fb929cc2c1d7f3a655321e4493452016,conv-42,173,targeted,True,1,False,False,0,64,15990,441f791d7c9420c2097aa3bb6abaff440ce0825aa0ebcee9fd79bbfae2851381,0,0,False,False,0,64,15938,cd51bf4281f4bbd5616d2a669319dc3d65c59fb434de395ac2a8a14e81fbf8b8,0,0,False,False,0,61,15993,92c251b35c5c0b6f6187c022550b0b7cf904e91226ba6befe2c56543aa20c77d,0,0,True,True,1,115,31980,4c60ae731f31713be272d7efed5eb95078b0584a84b21ef9d46546b678fb1d0c,0,1,True,True,1,116,31975,bc3dd924f48a56504d603d772d2a5e44db05eb6d6fa4c0ca55ae3bfdb472617f,1,0,False,False,0,115,31901,515c111b32d48394e40a9b6889625300f8805d598ea7dc8cd6faa945288b1141,0,0
a62cfe7e71c54f790be2c201aeea3b1ecb13f486371dce7f7f3a6075cdaed77d,cc7f120c3c0c40db8fd662ab6b462a243b9ab62388450e232b1c425f4800ca19,conv-42,174,targeted,True,1,True,True,1,57,15975,6dd1d87886414abc53bae540bf00c67a617a7b9d6abe1a59060ca03de9d719c3,0,1,True,True,1,58,15978,273be2b155d0b2d95a898ea1a48fe3e6edd31a33ccaef31dd4833bdc32647384,1,0,False,False,0,57,15974,86c83569d001bf1cf4bd3cf3795c83acfac6eb3e5d6cd290e54de67996f055cd,0,0,True,True,1,114,31957,ffca708030f618ecc9889565283747c2804c1fb3835bc5e7b702ea6b3cd8af00,0,1,True,True,1,116,31917,11a56b8a9d60ab1870725a1a79d6aeaef4c1f620de71ca12ddf398c4af1993a9,0,1,True,True,1,111,31994,31d3a76b54800295cc2bb00c078c6b7995b86b72d1d36ca184022fe00bc27393,0,1
752a29158b4c8991a8b1b2c058040f6fe48e9d478542fab27341155f68dcbebd,3a25e0ee1d3d8546e0d9696f39c745bf82e756b8da1e8449d9d03b5052a9b49e,conv-42,175,targeted,True,1,True,True,1,58,15942,2b4b3a0732b04a6662d3a5660b39655a18242323013c1425f3ca627a085c7fb8,0,1,True,True,1,59,15997,770dad3b804ad20865cf7dba81414f3aa399eff1848357b099efad9b27a3583e,0,1,True,True,1,58,15984,3eddb76d63e29dde32dbc918203b6e6ac2e17e9933cea1ccc869aca199efa401,0,1,True,True,1,112,31945,749a3c2f383eeb689d006a45087c11f5085849758d3b843d5aebacd2e09acbb5,0,1,True,True,1,114,31961,bfb48a35978717180ed58dfeb7077d4def54252dc43c00c93c9f97fbbedc35f4,0,1,True,True,1,111,31971,86f99f724d310d30ed961b3d6e4e8f07a384642c466315fa8184f62fa84626e1,0,1
5a467dcf3199cfb46f282cd499d48e5f7282a143bd92335024127fe78e691a4e,b46ba3cc86f6e6665f0710489740402e8d3d6a75390e7c58b096b6179aedcd46,conv-42,176,targeted,True,1,True,True,1,53,15965,4ee04effa9512a997e0d13cc9da68c35ce4fac789b8534118bd7254aee3cb8ce,0,1,True,True,1,53,15984,e8c76cce76a811cf55108563daf6f97d7dfabf3f6a7fac2f9a66c1e28ca99eb6,0,1,True,True,1,52,15969,bb5043dafeb491a6dabaeb2a94ba1d1c5b6894cac03f6f6d233fb37523ee6d84,0,1,True,True,1,107,31944,5e13c8ab654a07a6d48b357b434cf6d88a6c5860d734891989c0e22449b0d29a,0,1,True,True,1,109,31994,195a5aaf0d9bfeb1a16ef2795279421c06b20f732a58d2917a262937aafc0f99,0,1,True,True,1,107,31958,f7c79a08e6037f5952a984a83756659e5f4edf3e4f21d9761202f14095f7cb1b,0,1
be5f837766a8979fc915dee477ec072c25555bb72348dc0b515a1a75dcadcbe9,b5f36d5ff6557748b30c3f9620b4ba927a0a04bc1e22b10d7dc8ed7bf2672129,conv-42,177,targeted,True,1,True,True,1,48,15995,6d3ac524bb7512b1db043e9eec0884fa6e4c5d2d100aa8417bbac1599bdafaaf,0,1,True,True,1,49,15925,51cc40eb685d7a3c3444d3380cd0f0f06fd66c0f7fd67080ecbcd47b7a04e280,0,1,True,True,1,52,15945,92f37a69886350bb7e476dc0bade7222377aa77ab2fceeee8c81ab50f0e27261,0,1,True,True,1,100,31989,a8cdf405d1706b0c11f70675113cc549bed9bc9c883a7aa7c54d9032dea5b6b1,0,1,True,True,1,101,31920,beafee0ae2af46bce6621cdeaf84e46e6f266e791d1f5ca8930a07f2e4db3d7e,0,1,True,True,1,102,31936,0b4b413863f82e5821ea1630b35d5d058f59540bc81200e02cbb41967bb49bae,0,1
26b41fe8ccf2eda82023763e887487a68410ec1ccebfa8147c8db4202191b2f9,e833bae023bc87b29d7ff8ddd84097eec1c3f2d3314b6450c928a4ecde40818f,conv-42,178,targeted,True,1,True,True,1,51,15930,95a0546fb14a8ff10c87b554b8c4043b26db57ab62a6333595ec22acbaa7c200,0,1,True,True,1,53,15931,bf1fb482311fb5f7f8abec6968fb8f24274e064c367931b26f5b418fd0dc85db,0,1,True,True,1,56,15974,6b11b68c528debaa6c1b727a20d845fd07b5d6880c2b47e284d7287a49c63bd6,0,1,True,True,1,103,31997,84ba0a70c25442bfa0eacc316b579bb8a05b91ab9214f6f6aa344d8f41961aef,0,1,True,True,1,105,31972,9b878e55ddec2e37a450f5b37854734095869e595b835feaadf288fb817cf6f9,0,1,True,True,1,106,31970,3e72f1582d917cdbad5228668d81797b333db78570f021c2acdc2097061cfd50,0,1
31e1a1bad921441e588c0a7fca6b35a2e20d18a13a450ecacc45ba620a369045,d926eeb97164e7e1beeab7ee13cd365046125489861b2f2f06384d59dfadb42f,conv-42,179,targeted,True,1,True,True,1,48,15959,2cd267c3530c6a422567dc34943acc1dd147f25185653ca6a6ed7204cb67c429,0,1,True,True,1,50,16000,d7837708cee279f4fc61bae586a03404b2d7fdf03de609a49aaca6a31f6acef4,0,1,True,True,1,49,16000,140d2923c63164521d0e6c1068e7e24987d2f02447f0509d4c2bb86b3f98e871,0,1,True,True,1,101,31966,e0a349ad9de443cfa2eea70c0d27768718b2f83a3d771f5a844aefaeab9dbec0,0,1,True,True,1,102,31982,42b2c9e2633cd3b7234db8feed7894ee96f03d813cd9c28e7294051d200151a5,0,1,True,True,1,104,31978,17b14762f5c67fe20887f6553666edb039c16e8074b2c6de5a12acb0ef46034c,0,1
a18c608eac25d5efea5803cfef5d5a153b38a656c790cbda4677bcc462c73d69,e6be840bf10cb7cd8cfbf0973dde668e2dd8d09a770429e9a285b3f2bdfdef13,conv-42,180,targeted,True,1,True,True,1,55,15994,21c1867fdc3a77ce0e5f61332d84ca6624d7b10779c6c4278a072a25e1bc1d31,0,1,True,True,1,55,15993,1645d1630143db87fd8fb9dd51600e73c79b4996b8c843b3bcf7fa9fcfbbe5eb,0,1,True,True,1,57,15975,b790b417bf14c8d36d768b7b00fe033a9f39fa68ee298ebabb476b534ea86e8b,0,1,True,True,1,117,31970,6501af9f106ddd17998c03ff6e9cfae996ee2baef4c18a48b6b91e6d72d6e3ca,0,1,True,True,1,117,31992,beb90eaa04b44e07af0df0a215ddea61df8cb84350584eee3c3a36578be22e2e,0,1,True,True,1,110,31996,cec466df2aa595c845e187d910ad478cd3fe58ba38c3738a2d9ccea4801ff8b4,0,1
0e172d797aa8ed0dcb8ef101e4dea938a823afeb5b28276bf7006d4829adbbea,fe8f9d7135e2204689fbcae36b3cd18f87bb953a537a201ceca0e584ce3bbb3c,conv-42,181,targeted,True,1,True,True,1,56,15997,84ab1e26520698349efc3b1049ff763c7f1d43a67c94f43d6ff94dcef8e83ed6,0,1,True,True,1,54,15996,487032f0952a5ef56543297b4ff3ca0dd82ceaf00fbc4403ad24c49cd00c11f2,0,1,True,True,1,54,15944,6143d4bba98f93e800e9155c3c09f2da7db84a88a8b64ee11976d16dca160ce6,0,1,True,True,1,117,31971,f80105bd428e7e78e6d92dafdd0c08431c0db6d5a3a1517ac8b5b16a72352f5d,0,1,True,True,1,117,31975,b967500ce5a5afde173618e3b33647b1596d719cc444ca032752415b13933f48,0,1,True,True,1,108,31928,752167c201526390931e2a1296b88ed5d0c26fa52351794399be846b2f8b42d1,0,1
d8acdd2ddf50f2719116dc77f67a728b2f2418089f5e63688f757f94f18be429,caa9cd2b367ba3559cc35ec10f878cd3ecf3d94bff30e0c7332fa0fa3d9366b1,conv-42,182,targeted,True,1,True,True,1,45,15950,ee5f7c9c464c13757ead689eae0abec4a906d176c3216184ee3e56c7f4e54e78,0,1,True,True,1,46,15960,f96d8d418269be1628ddbb5fc28c41450452f1f2915ced4da557be1d79d4fb39,0,1,True,True,1,52,15999,e15dfa6c0046d83b54c7505ba627bcb09070db37b9943193ba4e3769accc101f,0,1,True,True,1,94,31981,5b2d24f41764a2dcde1f954955aee8581c301752553cd64bd99dcef73ae5959b,0,1,True,True,1,95,31966,3203dd4613c1c48cb0ef34580b6e6bb847b76aaf2945caff9c83644f832997d1,0,1,True,True,1,101,31987,d5ede41731d75e36d8f09114cfcc5bcca1f30c3d76d5062d0bd68a8420494a1d,0,1
af332ec9cc49b20ee71e23a35bb4a2f1c46d6e82e4ec8ec88ccf16fac52c8b5b,473ecbc52eb6fd58d31932accc5301a918bf49cf211ad680f80878abbbc63c8b,conv-42,183,targeted,True,1,True,True,1,53,15941,d7375ba72e8cc4fa15c864cf6f71c1651acd3623e304bb24e8f3861f01c65539,0,1,True,True,1,53,15976,259b7ef71fa3e4fd49d4ad63c3ff2094991af81813b75ca58429532aa13a0f07,0,1,True,True,1,56,15986,37a9c75a122827afe675263d8f56ac7abd436cfa2de26eaf1c0220a130c13d8d,0,1,True,True,1,116,31994,a55e373a6aa4a25726e8e773e665ff40545a76a2c15171fa39014e6fef3895f4,0,1,True,True,1,117,31976,b4f1618932bba842757289a5d3c7bd9646977366e01af782b119384883049dfe,0,1,True,True,1,108,31988,1fd4cfa8d074864a52470987c6e5e49b70359ca0f6f42a3fa849390cdcf2c0d6,0,1
e9dfc806dbbafbd05764793f62002360afdb2afb17aa2139538d89292df985ae,6894feb298548d9385b6516b67e1d28cc1ad1d28410db9aee04c54c515868ddf,conv-42,184,targeted,True,1,True,True,1,56,15987,bdd62f05f0fae618afd79ed3819ad9218683fb6e90db4ffc8e86e2639562f801,0,1,True,True,1,56,15918,8ff7f77aabc495bf6088dc7410f277a129a51b7eccc41e43badc51ecc15a61d2,0,1,True,True,1,55,15984,51414eb39fb6d7d0fb3af0ddbe8ab560639cd41938e39c25c395a09f55441774,0,1,True,True,1,108,31996,6cec61636bd296dbb74658b3f2923deadd4e671a700306ad900fc324ee929c96,0,1,True,True,1,110,31998,17c24dc46a717ce8c95dd2b8b17e7aa8eef07e8f0a4b06c04a6ad9569fca571d,0,1,True,True,1,108,31923,57dfaac9089db21c007e5b1c3e302dc9de376e458d8a095d541fd9687bc9e965,0,1
08de5720c5ddf50bfd39a3eee8b843f4255ed1288cd2208ce78f59434223570f,95904171f87f830dfa934d8869f82afa2c84b9c1d464acc01ddb244f64f35a19,conv-42,185,targeted,True,1,True,True,1,53,15978,388abdbfd5ae2c6ca3f84e1530a9ab643b4ce6736f46c7c13f73b70716a0c2db,0,1,True,True,1,54,15909,78101a9438c97c22ba07e9d6379043cc55fdce578e65599d28f959c87f8b73ff,0,1,True,True,1,58,15977,c21fe52a636b8004a689c6c3cd3b5debd4f4753848956075f9446c9085dfec49,0,1,True,True,1,113,31977,7fe32623256cd8ff2af64c5bd8f9cb2f38945fb08b2ada2823aa5400d84acb50,0,1,True,True,1,112,31924,cc45573883f5b9c36a558da8a4d8df06f026d0c4433e79dacb1959b427a2a096,0,1,True,True,1,107,31997,81953ee9c5556ad9f9144b8cea7916a58f5a4fdfb57f463001aa1cc1c2a8097f,0,1
8b298251cc0030a8bfd39720550dc928b994ecf77426e304c8370fa0056c99e0,c5706272405ac188b26646660f61ef443aa30223a8d7b6c02714b37550dcca7f,conv-42,186,targeted,True,1,True,True,1,61,15969,2255b161dc66362aad4db34f04f54249dc37e435aadf8daeccbbcf9e78eaaf9b,0,1,True,True,1,60,15969,52c638378bb80dbe2de626b7b2f0801f3401e124b8dbaa56359816edc9fc7593,0,1,True,True,1,59,15973,ad8fbe1aab52db0c4aaa7836b087cbb45d4a1c7a0cf3e51c8fe8e54a6a6e4244,0,1,True,True,1,121,31994,d4704409dcf97cdd2e9b154f8c52eaee38b98e784547a71a9b2952973d300539,0,1,True,True,1,119,31990,4eba731bdbbd19c16833b2d680d425dd16cd024a4903f2b7ff3561487b68261f,0,1,True,True,1,115,31990,9edae3fdcc853a3480010aa3270a2ed0b71b66e54985cb543d8ef3550a4798a5,0,1
a7b432ca8c6e103c220dd370987c4387c1e58fddd682832ec3b9692ce0a84c75,c5364b5aa92773e5088f5ccfbc7e142b8dd5854536d3bde83b9d99041594d3ce,conv-42,187,targeted,True,1,True,True,1,52,15975,bc4419cb7ea0535abe20809fd71ca70d6da3455bf46960dc0bb574467bd775cb,0,1,True,True,1,53,15940,f47baedb86179244b7795943aeb0270b8eb5539ce5e46de7f269c96420215e77,0,1,True,True,1,55,15918,c22e0f025aa11055e53114c61e361d199f9a9b74b00ae543421833c9df2b5460,0,1,True,True,1,108,31983,6efc567a743c4107070b81c13a8a06f50d7b70783fc293b8b0432987fc53833a,0,1,True,True,1,109,31986,8b705d12ceefafd935214d35a8e2bbdfad93b6896ed73ac5be1372849a3ecfc9,0,1,True,True,1,107,31998,fdf4f0ecc6e859737770b2e6c5dba5c7a414daee8324f206ff2daaadf1030df6,0,1
6234e4158fdb92008af4e14e53c9ad32b61731a3cc0884a7628fde233a07c586,762a738adb58d114c8e02f50137a7a8dd1179bd2b3a4e2c4c7b46650f60327a9,conv-42,188,targeted,True,1,True,True,1,62,15950,f1ad4d75bb5d92b275def6cad376f4f522d483884ced4be0ca6f1e126695d302,0,1,True,True,1,61,15973,98831cfcace649f849a2b6342d408e1f616e4d3fc94d2a8bbd8644c1d9debb45,0,1,True,True,1,61,15953,f2ba2e809c5a5df2d06e078aa1ebdad1c3d627b43adab023331fe05abf596826,0,1,True,True,1,118,31957,cda619b6d286ff1f0fdccb219392f9865c81dc68a114922b732cb7282a55ecd4,0,1,True,True,1,119,31997,9df4635882fb4b2d227aa057edf2399e725dc1f10bbfaff053b6f7d8ebc40909,0,1,True,True,1,116,31996,c3a54032e85ae8e9b28490571007184133c01731014d5e29028b17c2199e008a,0,1
3a5270f8c29e7b71c995ee2c066c423c7fe5530c83ab86a7436a7ba7ee05106c,e894fce9772a3aee384c3b006ff2ce5d13a729e535365a097441160bed3d519c,conv-42,189,targeted,True,1,True,True,1,50,15952,fe22cf3b22e8db49698318a524b6e89d3e39c0aedffe36348d328783ee6b4a2f,0,1,True,True,1,50,15993,ddb62064f89040b8f961836f8fc7401392e62d373f12d9c5c27592b9566ae73e,0,1,True,True,1,54,15948,491eb68cec908ebc0418ff7b37932f70661c3d2d08051cdb7096e4b93366df88,0,1,True,True,1,103,31930,f0d9aec3d6e2ff8c4f74512f6319a377281c9e26e775819347de9ecf21a49fe1,0,1,True,True,1,106,31943,144163d9f6fb42b7b4c1130cd5cc68c876be596c68c101e0cae9c2b306be6f94,0,1,True,True,1,107,31944,2c20eac05479420ccb1aee056f036cc0c9918ea87abe519f3225b11d0cfe2cac,0,1
f6dca94854829dc03f0b0edb267ed0222718672bc12d6f9f5cacc60f1c233e70,489af18087639c60511e3ab1852b8b79e825e003031ca9a7638b7df6bb0e1a2d,conv-42,190,targeted,True,1,True,True,1,59,15956,702c5a30a6e7e1db12a37ae48d597d8a70bebf95c41f856edbd10983dc67d781,0,1,True,True,1,59,15965,239311e95653d95654199681a28495a9b0e5ba8006f339bbca1d8632aada69c3,0,1,True,True,1,59,15921,3a7efab65724073c43911265ec81cc917ddb7dec5f7461efeebf090236b5b1c8,0,1,True,True,1,115,31990,e5afd8dd3afa084236187f9369e02eec883871722dbd081514a73134d29ac681,0,1,True,True,1,116,31996,64243e4cdcd1c97837a855b630d9b32aa10be3879912290a6056f44dbd4780c1,0,1,True,True,1,113,31997,257444dcc261f756c4eae8ee25afa8e65b59fe2d9715ad431168eb6641cae94b,0,1
b6142801e0f29b22dd30997961ac2a017981b66dd302b0ebb34ffa222decc638,249465fad8f6bea3315f073efb86c6fa4cc337c30d965024b660947e17f0f46c,conv-42,191,targeted,True,1,True,True,1,61,15964,b09efaceff73740012441a1a6ed3b275e34c363da79c1f82858d59ad87178908,0,1,True,True,1,62,15982,ff536fa8b1059755f61a24febbd9bef7847fe09f7b6f5ce8726d39ef58b562a0,0,1,True,True,1,60,15926,aadb511bdfb3da39bfcc073826d4b45843d07aff954a6212c3394a53cc43b0ec,0,1,True,True,1,114,31940,8fe2b3360860d0f3e834964aa8a987e6c8db9dd1ae39aa5f38c26b41798424b6,0,1,True,True,1,115,31990,b1ce38a00dec85ca25b61837d4515f512ae0ba1e438e58448b825e18b54c47d5,0,1,True,True,1,113,31938,9084f94203935c4396e4cb90a1c85d22539bbac0bc951e44567389e126ee9c77,0,1
1f54a15e2f05cba577a4367fb8e79f7916029ff103bddb506701c6e2173012cb,16a5721e5b5e706ba3c1693a959f2da8c749e00b8a3f16de7d89b77726ebfa26,conv-42,192,targeted,True,1,True,True,1,50,15953,624ffbc9baef1cdb52261cd7d656adc465f9d99f4cab84138fcb702730385910,0,1,True,True,1,51,15983,8b90a8f4c8aaad5f3360b1a3028d3934cf12e4ed3e580bdde867cba547bcded8,0,1,True,True,1,55,15969,ae8afa197e9b8e9680daa30631079833e4615444d9dac78c85aa260bb6c1d1e0,0,1,True,True,1,108,31993,6052b2f2fa7b167b62591c2359ddabf8c1d2288baf8a3cfac3dd3453079f5c70,0,1,True,True,1,111,31990,e1d79072d9676af7db9e36a8832ce0491a5b75f2bbccb99185841cdcc2b89a38,0,1,True,True,1,104,31974,453223bbfe6f7d476480a10518f2a70c1029bdaf6b14e038e79a0065bb085463,0,1
4ccdb4bc3627dc46dbe40c0fe8652ba77b0d49087baf1fbde97af635ea21e952,3f79fd4a5b68fb74385f92c82b2a1538d2ba94ba9b4b8073e18d20b5452a235a,conv-42,193,targeted,True,1,True,True,1,48,15961,0a306873059f998b8e121d0ca2ae646677f86b47792fffbefcdafef62a724821,0,1,True,True,1,52,15981,95b0dd01217a1cd86324247375e1c609a009a1c854d846751cb665f8ad2725f5,0,1,True,True,1,52,15919,9e8fac426397c006b7c6395fd6baca9ebf7d8b981d17d068fd39c9f753e0693f,0,1,True,True,1,100,31985,268444d6fb2634bbe852e90e718f4a1755734e9c6c917a79ead06b156688e508,0,1,True,True,1,101,31997,910b70001a7f0f4f9bb0eec0bb8a43ce00644afa76b4b1313005463ebe2deea0,0,1,True,True,1,103,31995,4b171405bbd22aefd803580296d63d29f38bdff0acf37ef16956680bb45c8860,0,1
55636fd865f4dc301861bc3d9d012dc1118d98194137ce471e41318cde9bab56,f619e76fa6e541152943fc19f1c60238344009099dafa0f177eb8af5b604d540,conv-42,194,targeted,True,1,True,True,1,57,15968,db19eab0fcfe6182e24967804b292b9e74b18f9e634c190b85d465445929e335,0,1,True,True,1,59,15958,5ea5c807ef811dbf0dc7e752ba74c11560c2696592684ce4b6478ca151630772,0,1,True,True,1,57,15978,49ca9ea9969fc55031735f78cf365e6dd2d1a7d7e40eadb2c4d78dff80fa6f9b,0,1,True,True,1,115,31958,da5794b0f0a7d44791d29f869ad7253fc5aecd4d276ed795b4447ff3ffb0e004,0,1,True,True,1,116,31969,af4d5336586af02bf734afaa73d2a79b8f8028c600915c9cc981a44966219d69,0,1,True,True,1,111,31998,7bde8193b2cae75ed1819983f99cf1ffd2a2755ea6b1e7bc09024a98754c0644,0,1
f4c9d1b1fa76eaac735209b239c201078027f991711e8becb40c8b286d4c9c3f,9dd1ad82518eaf79f1c19829266675d80e9cab326000bb6856e82993d68930ff,conv-42,195,targeted,True,1,True,True,1,70,15999,282ae883e8717d0ea262c61dc453a679f82b45869abdb26a5045b9ded97ffb39,0,1,True,True,1,70,15985,cb0466651a98be9896e5e222fca1728c1e6be1cc156d78c6489ac37c6da1d91a,1,0,False,False,0,64,15960,d84bbf4694e7c382af63c3d63df225e9250d4001e398bcd55c4af30e43d9e307,0,0,True,True,1,123,31984,38c88dffa290acc1dae22e43449bf714e9573cf5bfa60a6804c24de56f16e0c4,0,1,True,True,1,123,31944,35494369a0d8cb91ea31381f5678b7848a45d254685458cf02799da83876b8a5,0,1,True,True,1,122,31935,a8e7bdf304a8d129f3c84e16cd27354e78cd1133e210c87cc5d38b5908a24ea8,0,1
3f903e8622aa8a41ff984b7a54df7a70ddc1f889f38057c592ce9ac8e43ab38d,e59cf3eddb523118d5becda2d0ea055dba49daef99b42b4f75b125fe6584d45a,conv-42,196,targeted,True,1,True,True,1,56,15965,acfb01aced7eb5f4f481858c5e7dd156c516a42ba7d68a6d7b8acc2ec8d73ac2,0,1,True,True,1,57,15988,10017c94f0d5d6e64890a9c624dd6f2ca75bf453cb73c4188f08e96ee8739d55,0,1,True,True,1,57,15916,36f01d89b7bf50610b495994674aaebca2cc2aa231bc5a5669f019dc5a235125,0,1,True,True,1,115,31970,d3dd32f6d8505fbe7e21e16fa2ed8b42bd838b0873edad947e3695e5bbce5a13,0,1,True,True,1,115,31954,be6042c5949a01bfc4d2713648328f05b461fe401b8b8b2ffae5fabf184a0d65,0,1,True,True,1,109,31960,0a5777e9d895ae952ddfad27074f412932f3abf54a83b901160663b550293ceb,0,1
6dfbcbd9117c41d2f9d95945b75fa67e0234e208adc4be0de031d6f0cb4c8cbb,72e81c8d4d6594dfd2a0a68be40507611bd9af26817372f3a90ce5eddc1e5057,conv-42,197,targeted,True,1,True,True,1,56,15939,279db20ab2f72e1038a06c7d114d5d5508b7160b680679da85e3fb97d2d14f12,0,1,True,True,1,58,15935,74a3c0fd21ec313cbd94aff7af35e765fd9c54d7e0af9cb9154935d2310d5fc5,0,1,True,True,1,57,15978,f803ba29728ec528484e83732819b834fde1e6412a502f11ded9e438ef5b45b1,0,1,True,True,1,111,32000,928c61d91ca9d75def53e0cead6ec1b3fb149e0727dce02ad77789ee63617bb6,0,1,True,True,1,112,31990,ee3a087715b9a8279595a83444ed858d16580162bd8cc5dcf80fae4ab198e8dd,0,1,True,True,1,111,31970,74a2b362606e054ff646a807ddd4110aaa1278abeb2f70461e7efae0434348f0,0,1
8713895338f9d1baabd0aab6457bf91ae7d3e0bc834fa4f2f0ef03d8a126473b,16b01b08acfa23e4de3dc8c03ba2ecbeef662cc9ef9e5ccc37d816fc2e8652aa,conv-42,198,targeted,True,1,False,False,0,58,15976,19d8b632e9c06ed7caf13a61d62619958340bef11c20a72b4eeab64f24f3c114,0,0,False,False,0,56,15929,3993d605011c1c0053dc0092954c47b275fdfec524b4e69231938587ece5ed7e,0,0,False,False,0,57,15985,a4a4be14add0a4742c45fb3cf4541dd5ca5c8d2072a96d14b8a5ac8889ff12e3,0,0,False,False,0,114,31993,e4ba084e7ede0befa76766cf0ed6bdb200eee3cc8cca68ac5f97ddc58a11e1a0,0,0,False,False,0,115,31989,17d224101c3b601a955c85e909307ef20ac8a75db44934bafa1abd883a516835,0,0,False,False,0,110,31923,90c8692729fa86a5791c01f066f4988dfce5833ffb0c0eef918e63a843c21100,0,0
8c2f4fda141f6286072ded4d8cb492db9a2b603d49ffb502a6262f9a7de4ec06,49aaff111fe476b702c30fedd13d0590db970e175e77a38ce8e479308d09a3c7,conv-42,199,other,True,2,True,True,2,65,15975,09c2878df16a679fcf40eceae0a7867bcdb7384315e83cd69b52a9fadd5ef306,0,2,True,True,2,64,15996,89091ab27e309381442c0d95136bdf14747f6ae1b39af21e1eae757dd985a37b,0,2,True,True,2,62,15948,057cc8350c52677d6d0a95b8c70c26a174a8d3b28500c20d31e2f14e79f0bfdd,0,2,True,True,2,120,31963,a65a6b893da86a06b2e6d295536517699d5fa988eed8b8c1e99c21efceb5dc55,0,2,True,True,2,122,31989,c2f0d00dc50b1a4a6d4b217b1081d37498f10f6eabdcf61d8a89f830f99e5a09,0,2,True,True,2,117,31977,7040372ab3325267b6382ec7ef0777c06271cbcd37625d1e3f2a2ab8b166e495,0,2
cdf17bac26b1f3556cb5c2bd5be93d6a5af83d592bb62b5daa289a1a947ef66b,19d359b03347489f979afb01d4bf7d5d417a084390d4594b453f93613d1a06fc,conv-42,200,targeted,True,1,True,True,1,53,15926,7b9b6ad97bb8f5c316d1d544682aff91b968f86f11193b58308e9d22d4da9e55,0,1,True,True,1,55,15984,83e35e988560c9bc2b244beb3c6514cd365a740c9ffef9c5a7992093fdfd7e1c,0,1,True,True,1,56,15961,f880001736a2a283e76224177739db82947ac41ed7f84c0ad2ba09e5c886c29f,0,1,True,True,1,106,31955,29987f3d8f600f9bef62e0c8064536fd39c454d55db719e55c4a25a09c1e1091,0,1,True,True,1,107,31978,0679c49d642ef9f00a89499daae9189b616e58717871f839af993ae7ce9618d6,0,1,True,True,1,108,31944,d6d18429bdc7d0f31c14c3bf11236a043980233760a5718a2a5b9b5580dafc97,0,1
312f30c7c792a58c07b13f9f7e7f2e594dd3b2b43b02e7ec705c21283b681937,e991231070798a9b60ce2ba66582ae297dc9e6670d7f0300ed825cd564aeccd4,conv-42,201,targeted,True,1,True,True,1,51,15948,d18594cc7a993730e330f576b3ff82ced6aa53306f14cb4369742ed88657de61,0,1,True,True,1,54,15978,99774a6ebe7d847e0a4473ab6a05366ad07db018a44910cc44edbed272611ee4,0,1,True,True,1,57,15916,808f03ec85eed5d6b07178b934cea98276a13bb516410993e4a4c71179622982,0,1,True,True,1,107,31940,f41805e6f80a24e6af221f016ee9a35c122e276d4c7a180cf633a786890415b3,0,1,True,True,1,108,31949,ef7e7d1a01bf999d65970bd22515bb170b9385d2af4f23ae445575681c33fd7a,0,1,True,True,1,106,31975,141172e8522b397695183477d5d466a232f878574eb19724cb1d3a0c49b88728,0,1
22ef4731f6f19fcd769097ad5800e79a6d51c2a09dae4cddca9c417d1569a85a,e59a38501196029f7e67437b1c68b8391cb1ff3f3901f1ff3009762d81c215d0,conv-42,202,targeted,True,1,False,False,0,58,15963,f490a0f0172090821c8fb845dd4093c5b76a0f52303d7c70f8450a73adf4c859,0,0,False,False,0,59,15981,da4be5b8f2db57d78f2286146eaea49ab9448b846bc1da5dc1c9040146cb9de6,0,0,False,False,0,58,15985,2ba3bbbf1187e9c2600abd4ec1644c233143f52d84ea0d930252acc3e4cb9f24,0,0,False,False,0,113,31957,cec386dfe5d084540dfeefa1d6d95f31d29e3a748fc86815454a6137a0419f75,0,0,False,False,0,114,31909,11a1693d417827d459ce082dfabd8b4734de90806cd3e87fca0a72e05c386505,0,0,False,False,0,111,31999,c6363dbf4cfc39a6cb68a627d0606a788be87109d99f095ba4518fec16d63354,0,0
0cfaca80cad1c2f28e860ab2b3871b7644ba93eca48bff71c3824a3ad3ef6e5e,76e5e49e17828b9320d5c469859332d98cfe23c0b5fb2f629ba6cdaeba8989bc,conv-42,203,other,True,2,True,True,2,50,15967,b17429062332837cd4641745effde69b08289c7ab4f36fe5e76164a2269375a1,0,2,True,True,2,51,15919,4b7a1c9862ee6f511e739a1a959e2b6391586109749e22bcbf6a21d7c6bc4623,0,2,True,True,2,53,15933,72719917ff4fcf819d2daed78cbf931e7b89d253e05f04244775a430dc2b29b5,0,2,True,True,2,104,31984,c9e05e44a75f3c04645754268ce3b973a9f0635add976dfa0f885a6986ebc004,0,2,True,True,2,105,31992,9711041aafccb43e444f4b34aadaefa471db506bc028b447852389be8ec7f7e0,0,2,True,True,2,104,31994,773964a7ba39356f6516685de4cd6f4b87bbe5ab74a45d57f76eb59bb1d8cd84,0,2
a1f673072b4123d76ecd11b03292cb8e239b939bccc43db5b4c9607c159e662b,a1a9bdb6552683a9f5bcdf6f16fdf99c78d378843368db8fc29b726c4587b45e,conv-42,204,targeted,True,1,False,False,0,57,15980,5ee7c21f4d562f0ba3f57a0596ff9ace9313ce3ce0cc4c9f802d460d7c939366,0,0,False,False,0,57,15941,455b6f3970a6a12fe11cf99f45bb66d06dbd060efaf1dbe87f310d87b30a4ffd,0,0,False,False,0,56,15977,0873f87923b5422d3e4f92c365e41e473ae408b3cc847b461415a65719f29193,0,0,False,False,0,114,31989,bc7eca6db7465189d4b7b3105eeafc25ab6dabda5083c9b4c0b58e2db4ce3cdf,0,0,False,False,0,115,31993,a9b7f454a007b96b5e73821266e66c6bd8724250dea044e553293eae28f7b3ea,0,0,False,False,0,110,31951,2fc5853e6b9f0ddf1d3b617aa83228a9e68644dac12370c9ed27d90f9b02f84f,0,0
cd761884d614069be936e798187c1eaf0890c514403eca20f08132337719db0b,8495f7842e8ca6d612c68aa8c53acc98f825d863d6b058c3eaec3c27f0e62257,conv-42,205,targeted,True,1,True,True,1,57,15984,b19190b2234d95b3135d8cbe2d847076b4c268dab826dc84000614539c889727,0,1,True,True,1,57,15981,e460bda8144078285781ed6ba36fca83ea8c4292a1c30e9bbf0905340610cc35,0,1,True,True,1,59,15974,8195f82cf06411c9a9aadc503a996dc382731a36438b0c1b65ec1f7b0aa4d7da,0,1,True,True,1,115,31936,a35c8c271296df8d673db121ec18bbe453404ba60669a063f3a516674eb5a53f,0,1,True,True,1,116,31970,36c3d82b57a9afab9ed365e97140c80f0d9b364cc2e367e6fcdcc626baa904f7,0,1,True,True,1,111,31964,c9f36128b311003a9d407a721eff5b7a2af7c694fef415caea6edbe256b79de3,0,1
a00fc7cea3270d4e85ec0889784c1015528dc66940e23d66bd26c4dc0beedb21,aaaabe8f47822100a3fca21794062d09985c5db7e7a0ce564c01e790c1834b7e,conv-42,206,targeted,True,1,True,True,1,52,15957,b8284f04a4188f02b7ed0e472a96825a120fae10683e35d733dc4e0bf21bc32d,0,1,True,True,1,51,15921,07aa2c3f1885022d2b151dbbb3e14e7e813ae06c77ad862027d2d0f69ea097f7,0,1,True,True,1,54,15932,2777ed28937428eb145b72a52aafe4aa53c73dca8ff356cd362b04919720e532,0,1,True,True,1,106,31943,bd9ccc3794365f86d45d844346c56b9d9dfc9a6199656a3d2469be1e5660d2d1,0,1,True,True,1,107,31952,5db6f93ee702c23cc54191aae537ca66e3ebc41b86e253dca33083c0d7920fc7,0,1,True,True,1,106,31954,97dc9079ce79d5c8521166194fb6c8032c77636bbf8879ddebf85ebea7787c10,0,1
2c650a6007debc9c8e266d029bc2124bfca6fd12c2651eb30b41fda7c5e092f0,73d5f3eef54fb0259db37ab6db7161c370a4f924965dfd9f6f10043286e7ed8a,conv-42,207,targeted,True,1,True,True,1,56,15968,ed488e0c42c45975ac198a2ba9d440c6336ffb36b727d8207e8742e6e3d676d9,0,1,True,True,1,54,15925,a5fac4df4a54b4a5c3c49f1c1104e5d984d028c74ec57b1e7357101c90cf304c,1,0,False,False,0,53,15919,060395f9244624a05304471213cc715d7aa20f0f2ddd57d35afe6a50a3434baf,0,0,True,True,1,113,31948,dda4eedd31dbb2b91797a5ab10ca2a383253f9ee495bfa26b672ed8ba092f815,0,1,True,True,1,114,31998,0f62275661122c15f2aea88154e3d9ba2e4d0332b3fe517656b9b52a8d8e72c4,0,1,True,True,1,110,31916,a71121242b62ee755d75651bdeeaaadf3599d13a6f38c4e81f201e5981184cc4,0,1
b7e4b450375a9ef2f35bb5f8b3b6b221d5aaf90ee352e8b29524a3e0ae44926a,e907856b0aaf46b1d41d89a2638bc78713d5c97521c597683eda72803e462030,conv-42,208,targeted,True,1,True,True,1,62,15949,e77d8916b2e411061dc2752cd5721969cf74a2f22dc4d8bffdd487818315e0ba,0,1,True,True,1,61,15912,beb1b90fb0f738a3d066e9bf21de04b68e44d401e1c443bc3c590e3a94f85546,0,1,True,True,1,59,15981,891254b4ed816ae626ca5bc82baa973c9d2671daa1cec68ea8764a20135625db,0,1,True,True,1,119,31983,cd6f9a09aa4d38202b6665539dccfb4d9901b4d365978214819048ca5bd27002,0,1,True,True,1,119,31963,ca6c03b543418151e2f3f0b2d75b29e8361a9bbde7be5380fc0f063bc22ee166,0,1,True,True,1,116,31969,c48d0ac946de5bdb8961c13aac67642aeaacbe539f51afd925d79e9fd72963f4,0,1
98f182dda18628b537d30068b8462f6cdea61019abde195e566b1f01ded38626,a1797d4f56f0ea588a0985d9b97247b97c4bab21d63c21c106870e220f631d01,conv-42,209,targeted,True,1,True,True,1,56,15988,c39f1acb38f07e979972a028508b6d7702ad2d825c8286f07314eec8722e0923,0,1,True,True,1,58,15988,01a23395ab2c1014169dcc9e79fc3f6157856fb03642ea04aa967c2e3ef0f125,0,1,True,True,1,56,15921,dce15386124b2e087929ee0b852e2e19ba8c42e341512a36c009b7e6db693d7f,0,1,True,True,1,117,31994,73abe6f47b1a9d5b2eedfc2c5ca128e4c1acc16cda2a886253456345f2aaeb53,0,1,True,True,1,117,31978,c2997b69dc97b8293d12beb464f5378db580b1591a9448a4089d63ef036d07e2,0,1,True,True,1,110,32000,6de3b285e918336bfe8f9fbbb33a7c6816f6c41b50c248d132f8bb3b07207b43,0,1
2be40fe424a31f7c72c218bb2b9b12cf1531ef5919cd9a2cdde2cf0d405e04c9,aa32e56440e796a7838fa4878c8ef4df0619d93d2c836209d53aa3c9c5e7e8af,conv-42,210,targeted,True,1,True,True,1,58,15958,a0bf1f5386965de9ec2d2bcfeac630e155eb874da0ca6eed85801d54c44b6dc8,0,1,True,True,1,56,15985,972ad2b5dd2102bf4268a40383b22a03eece0d5c8dc891ab89cb3995ff4350ba,1,0,False,False,0,58,15997,2c6e80af8136b973357fbd5af6cc5fd34cbcb2162281ceb75543a9387ddfcdd0,0,0,True,True,1,119,31987,65bac06f9fefd0139578f9878a55e6bbd8dddb5c6f2bfac90b97ac20ec5bc342,0,1,True,True,1,120,31951,487cb57d90afead953ab724c7850c28764a262158fb827588cff164fd07f7d32,0,1,True,True,1,112,31967,ed8cedb7dcaa47230504e992f48f9bcc3faba71005ff6f823c5e7e97d16203bd,0,1
97f46c06890f4eed4b19d706295892a1d68e9614d3e99e5906bbb41af17b34c7,446e0071721ba5c05072a463f2bcacd234c61895872eed94e17b554e75e64dd5,conv-42,211,targeted,True,1,True,True,1,60,15970,e12db9af80233fd6a567e7a0228eb19122514fa6a33cfabc79d487c3d764b678,0,1,True,True,1,60,15980,2c0f2262703ccfcc8860665e95cd4206601ebfdde4bc4e6ed678c9e253b53976,0,1,True,True,1,60,15946,cb9773e3ccda28d6c021febb55e6bdf7c9939709f695fc835b15c55c48703aa0,0,1,True,True,1,117,31975,535ec48bfdd98ae4ffa09af1ba6ec19f28ab4fef3bdd91a382a1a79b4d4ccade,0,1,True,True,1,116,31995,89ca17caa3fdf8be0d3136914f5ca8a0f085b9e184735fa66c0a5ebe02627322,0,1,True,True,1,114,31982,90bcbe774d8fc29922ae28f8bc355e6610212c754279c606cc6bd0b5c5126591,0,1
086c4b6664d6ebca0100f9824f5c704819c19aa120deebda0cd4677a0714a166,94389579479f25f5fbcf59cea916029a708d4984844e05174ebf2e0d90cebe78,conv-42,212,targeted,True,1,True,True,1,59,15987,06a256adba30e8229cbe37e5ea95363ae702f4715f0ffd0bf89fa5846dac6c29,0,1,True,True,1,61,15999,a0c8cb3e0dd879adc09c92a8c027ba670e2de89c2f5e9793ae5c650646e24623,0,1,True,True,1,59,15980,a8e81336b3f6026514005814c33935d232732781bbb9e613e2efa6e851b27da0,0,1,True,True,1,115,31999,0a937d9e5432af11359751557e35f3fa5316ed9f95c5cd4495888a6d44542886,0,1,True,True,1,114,31980,348b5ba5a951e4b4ee2d32fea0db8012a6f90f133b1c3926e1301151e328ace3,0,1,True,True,1,112,31918,c4a6443624e660cce4419d98e844a25861af413b3738b6dbd9cd04c7929e91f3,0,1
160e57b9c18e44f2592adf9b5e1af778c415992be24cdc2476eba933aaba9ef2,c52d952135c1101c349b5157669e3ddcc279ff15773660b046aaaa06a004f4ab,conv-42,213,targeted,True,1,True,True,1,53,15944,33a047514e1c8656702d9af60587a85e59aec59109626c6d60fb976c227268c8,0,1,True,True,1,55,15979,b16cf285a0f71623cc48fe741a8422fd479b85d23788bcc030a9d3804cdf57a2,0,1,True,True,1,56,15928,daf247ace604ff3068dbfd6d00490259480c5ed05d2722040c0141bce7542641,0,1,True,True,1,117,31992,87835fc91ece876c17adb57fb73e880bd3d9dd6d0e590c36af7ee6da94480428,0,1,True,True,1,117,31946,2088dc13f69fdca15fca32b186233f7b5fb5c1462791e3aba6755b90b4923e70,0,1,True,True,1,108,31958,cf5180312216b29378b20b5ca0a913444f851f6e90c5e2b99b4a90ea2e96ab55,0,1
b652180f9f1f51fbff46833a1070abf1c4dca0a6705497dd1fd30283aaf61fc4,0fc61b763a44320faed7932730d5625569713fad025db54d9ddd62dc173f2097,conv-42,214,targeted,True,1,False,False,0,61,15961,7ff76aceadbe941c58fa6b2477b1ec1806bc07ebf844bee91c855fdc1a65d8e4,0,0,False,False,0,61,15962,b99aa7be20c862a7f8ac790fb93e4ee710607e8c85a6d97faee6bf5b92121759,0,0,False,False,0,61,15920,afaf74fbe9922ddb9204cf92866e42b0efa3fc0ea77ad8e2b5b8d67d1754a13e,0,0,True,True,1,116,31968,70c2fafca2c9c7b90ba8730586c1afd6564c7aaf0f8af30d17c729c0cfb15271,0,1,True,True,1,117,31977,bc5f4f0731ed5211e1b153f181aef4b382a3f8a86002c20d6750705fe731d2fe,1,0,False,False,0,114,31969,3b23f3432d44b8c8c6dd16e1f1bbfbddfeed0dbe0303aaf499318507d04a8ee6,0,0
04c098ba4cc048cff425a9346c580d9b25d616cdda71ed019ef1a3dd9f7bb2af,9d21517c4c285cfbdfabb752acf29da8bcc471af752a3343bd063930684bf251,conv-42,215,targeted,True,1,True,True,1,61,15938,4e79c52b03fca777014f3c9ed1d7b9f831fc1001e03dc7485ccbdb4139b93d8c,0,1,True,True,1,60,15953,7af71ed76286bf4e86e98c1f38111f435f01c474e9c882e385d59735ddcdfdca,1,0,True,True,1,59,15981,92baa7548d71af5bec60c3003d3bcc88f1c1a6fa88c737c96b25329ebc04fb8b,1,0,True,True,1,117,31982,1082f469895704f9a3dfa7f593697800e8fd536f3c8a6edff34aa8225f812e40,0,1,True,True,1,119,31976,7494889fa18e2a66fa5a78871f9f0c9bde97148e05558266e6e53d51930330cf,0,1,True,True,1,114,31993,98d10c2d1c4f07ce9ada9c70c220ce0f6d27980d5754ec9f77db50cd5f077308,0,1
6b826b8f018269da266fb295805394fb6e7c791f1bf3353d4b084667e0d34198,ce4c7590843991144c6d4888728bf1eb260f7e412eabd2704eeae2318287b614,conv-42,216,targeted,True,1,False,False,0,56,15972,ee5c0b68356d350cf591726b229a96b171c853a024f0fb717dba7fc42578d820,0,0,False,False,0,55,15974,336f5fd192ecd9841c96c250eb5a03cb8cb42f36ba8f5b78cad8852e6c191edd,0,0,False,False,0,56,15953,bb71b33412ac3176c0893841656550aefee55d4edf5340444ed6499e1e154474,0,0,True,True,1,117,31909,4e5ee9f62200c47b8db653a6c3619e279c18cf913ebfe92674840def2d5f8b0e,0,1,True,True,1,117,31994,55be48ba2c6c6d99ad64e4e99a30ebce9c156049538713ce8e89172dacf98782,1,0,False,False,0,109,31972,a4b16658201938f024856dc549818516dda8377c3de080ddbb03d2d47f285756,0,0
309eb55e270baa3a613816aff2c0f7919e28439927752713f75c233b245c2be2,7599d6c6bf7a283bcdc6f1a9622743ccb0674922fd5fbb7f4783bb441f819986,conv-42,217,targeted,True,1,True,True,1,53,15985,35787b8c6ffdc21fdda7cd0a94f76dc503d6e0927f064108260d30f0e5328313,0,1,True,True,1,53,15992,791072c1a3698bd688b3a076105b765dc00f5a2411c96faade5f29afa90134e2,0,1,True,True,1,56,15983,3ddeedea05367e34760395a2a710601a0425513b7d4c3d8f65d53b2eedc522dd,0,1,True,True,1,106,32000,07ba728faa1078c88ff363830e90e2e8201874bf8b931b6d30375f967ea03ef0,0,1,True,True,1,106,31962,04da13e2fe9b0edccf3b614d6dccbcf9cb97a289bd9ab63eba6775d02ad637b6,0,1,True,True,1,107,31930,00aaceb063d3dddc88ef153e178d768b147a13f564ce78c37f76f8769f3b3ac8,0,1
447c13a41b748570e7af05bb3663db8302c193e17bb2ef7a233df8ca3d73ac2d,18a9a0cbbe5a8c71112069f44f741f0605ca448aefddc14555ad5b99370c750a,conv-42,218,targeted,True,1,True,True,1,53,15996,3dd1ba84ffd4dc1a0330e8cca5d53b0b83b08879cb3777ab8cf7643b887d80e5,0,1,True,True,1,54,15922,8fd114150eda04200d454a728a5bb40540e3cfcde862763b15f7eb08246eb275,0,1,True,True,1,55,15985,8dc7ed6c59efa9f7eaa72258d4e89226be755207465df0e6b03b22099d00285f,0,1,True,True,1,109,31931,4f638862dbb1b13016838f9475f5e0052d6c52d1235e8ccd947b47a00d0b1e4c,0,1,True,True,1,109,31920,08b458c952390a167b90f0ddb5767dc85e9928309090a487197b0608e07e7de7,0,1,True,True,1,107,31983,b22c24f82b501b04ffd60e12a83682902bd975661f28f3c5685a8f69709cd44e,0,1
4f0d8086fb9cf079deb45eb4eac5dd2729b2d1b6c0ff940831d01357905c9cad,ea3dca5b796f8ccce0f3152ea32c1da99513eff6ab6b566263ff8736467ffa09,conv-42,219,targeted,True,1,True,True,1,58,15973,37f3c788e555dec991dcffb969ba7fe80e785e8cbda24e65ba45af2aa5e3f451,0,1,True,True,1,59,15998,778435e5786d7795413c2b8f6042c9e0491f5bc3d2c497bb9ab7308f70f80b3f,0,1,True,True,1,58,15989,a436eb26b4481dc747faf80b58a0db12cf9701cc128abe60659ad0ec77fd9e85,0,1,True,True,1,114,31998,c2b07f6129eb5b9bbc35349e25235cea2ed78a70d175838e0af583f5707d14aa,0,1,True,True,1,114,31994,7a0ef6ae752f32a2a8a86aebdc1be754624c74ead0a8a54344e6b7887a945bf0,0,1,True,True,1,111,31986,a3fa2f063999470b2cf4ad4373bb5fc0315d4a89972499ec68f9394cd641a681,0,1
2b311a02fa73fe45ab5f59f2e83e9cabc316274b4cc2edbe488efed4d3d5baac,9a49200d82bab5c0563660d18b9b98358832c5d2cba499f197a4516be86fc84c,conv-42,220,targeted,True,1,True,True,1,64,15993,35cdf9dcd1f69390ad5233900c5cd8f2b85526ce059aaf2bc1cc4e25df6a7995,0,1,True,True,1,64,15920,541665ebdfb0f4e983a904135ee5b5058ff373c1dbed087a6c753269250224df,0,1,True,True,1,61,15974,04c4050bcf31693f7e6b31fbc78c820e6bafb09766c66c5052e2a96bcb031424,0,1,True,True,1,126,31944,4a1690207dfcb97b2dfbdacb1ea44b2b1ca7170aae29e8aaf6460350e455fb6d,0,1,True,True,1,126,31938,59651e16e678bd8bb464772abf2c07c1a49737c0326147a68772a545620ec306,0,1,True,True,1,115,31942,c3b0bc964e0ae41aff2d2071b64c6d14cf4339892392d7f6a52cd40ecb63af82,0,1
dc50b829677b54d9b73cef7a84850c259abb9adebb25bbc518b607cdacd77c79,7af0d853f7234a302a95fc18e177ae45f447f6d53a6b272f9c00a158be23ac8c,conv-42,221,targeted,True,1,True,True,1,53,15991,94c6b54b7fe52cd96f852b26f0a0c99e67f45ffd1b647f147ddcad56cc8c504b,0,1,True,True,1,53,15989,2a7bc7d82977bbc761f24316c3b27ec7079808bb8f82ca0ba8362d3a8e002087,0,1,True,True,1,54,15999,4924d253aac54e1fc73dc3dfdb5485f02ec41474f5a949f65094567861864807,0,1,True,True,1,107,31990,b1046841276c0077625ae6ca86059a404e8c6dd8a8c0fe7642bbb40353d1450a,0,1,True,True,1,107,31986,02cfa07c78eaa06c537932e19bd37d690a7e39f83736c5aef0d42884bcb2da79,0,1,True,True,1,107,31936,1953486aa4015fbb5929e61fce1a99a6d84ee872eadb8c2e60e32269d9bdb5ba,0,1
add77c535e9fa99b3ee680b0fcdb2d69d6eb55afbb3b3d179e75c6242d6f7dbd,f882c5ca3c88524d1e2f760663285f305a54bb4bff0ab3cf05494114910b693b,conv-42,222,targeted,True,1,True,True,1,51,15961,42ef28750696a3f911a421b00d76e6b193f888686fa73afbe79ebaf442f31703,0,1,True,True,1,51,15998,9dc3e99ba3054c8f0f9dd456562d4248bd4c3685e7a50c1203b3451c6f71ae8f,0,1,True,True,1,54,15933,f431d38b1158fe62da5a3ea5f6c3f528db2ae87b98c27a5158b06e80cd72ca42,0,1,True,True,1,104,31931,c3ff85de04def49d61847e29ac500e7ff07401a054364ea225cb2a91ba2eacdf,0,1,True,True,1,106,31992,9d88bfe411447843faf6a2521fb2dd679a0c3e4a83084b86fd96b3a0139cbf6b,0,1,True,True,1,106,31991,034a1bcd162727fb44e01098c5eb802cbb5f96bc9de4a91ca0ecf8b4ef5987e7,0,1
9981259c03847335f880fb066962cd519ffe517c6ec9faa7e6271e04cf896c45,35b750de440c8dd5cfa970ebc1afe952e11e83e906c1df10c363b490f327c358,conv-42,223,targeted,True,1,True,True,1,55,15965,6a2236cb2b43754793ad4b46404b6b44979f4a9de0d40d709bae6006d7c4beab,0,1,True,True,1,56,15997,8e1550f0e452b260ff6b600aa5e6655ae3bff3e6590be16f5a19092637582080,0,1,True,True,1,56,15932,bb5c4603e79ecc64026c5552444e3d18e5284b11340395f20271d9c006ade581,0,1,True,True,1,112,31949,dd687d3d4151427ff980a3c3c4e89ce4f729c4991a534396cd2790efcb3c17d0,0,1,True,True,1,114,31998,29ffeecdd2ba677bda09bba8d283bd98e2798325c752cb19a739cf59d66cea7a,0,1,True,True,1,109,31912,8bf4621b295975d807e803c719e7b142d8c5a2c5b005d1cbd566aa827bf773d6,0,1
fd0a332646bc81164158e7f4764690f29f38b524d8e15263e90a7753b2e97985,e6976c998da3d0eab5c97dc55eb81c5933b7ce40e5db7020a112ac12be01346c,conv-42,224,targeted,True,1,True,True,1,49,15944,115a42b95cefd3cba7468d1cbb56db69667934e175cfabb486e684bc464abfaf,0,1,True,True,1,51,15994,1708e0486d5bc5bc0bad7e56c9a1028182e8e6aa7c130c371386d7424b9ddc3b,0,1,True,True,1,55,15943,1b19fc18cf66c9986f1c166585a87c416c841afcac80bd955030a584c935d20f,0,1,True,True,1,100,31995,0e37411e5db2063b6e213d3e2ee2824dd6f4c093e22701bbb5a3a6a066ad7626,0,1,True,True,1,101,31920,fcb23edd432892af62a1f8c1545e6ee8457f4cf558a1b8922a68ab1452f68046,0,1,True,True,1,103,31991,cbaec338c799997b4a3f9861f44c93c9ad64dbcdc41523ec4b7fc570e2a2f14f,0,1
97334cba4bf8c14a10a14157db1b2ea945865e2169814f1b0f804afce7f62e2d,8d05c5464c87d81dfb0c1e4c83300926dd46614717f3427f98fd68efe0df72ba,conv-42,225,targeted,True,1,True,True,1,57,15972,5a1fd19804066b8178658bdf635c2b438b9c3793d166cb71a1059e06609b86e0,0,1,True,True,1,56,15921,c512a3e2eab12e6aaa1ff4bfa9603ec5e199ac965ff3fcc2a23f6134238f6c91,0,1,True,True,1,56,15915,8c2f256c1040d153545cfda54ef14449d5bc7dc1d0aa43571a1d2352380c8a14,0,1,True,True,1,108,31996,b8a6d367520852e15549a3ec5cf0b981426f9d5d24ca93426166d9c402af151d,0,1,True,True,1,109,31992,6f85699ce30aa10063f7b19e70419069ce046a75feccde7294de1bf1bf2801be,0,1,True,True,1,110,31905,ce7223563482fd6622896d4670e522991a171165327626d4d33dbf49a0a68626,0,1
06c1c91d71d2830570356f5f35050baf8ce43467e862064cf8dff322a6c40127,7343af3cb65798e1d4352509eee1c87c1710c1b3de3878e28a5969a02367bac4,conv-42,226,targeted,True,1,True,True,1,56,15986,d2a51de91885f37c8827f5f016612f2ab9c4c9d82d21a071fcf5c12fdcd284a4,0,1,True,True,1,54,15937,02968baf99010fdf909922731b844f18f74fbb87213316120c9a8fdb63f41577,0,1,True,True,1,57,15954,8be92f6f4d03821c360d430e21be030b1b529277c878b6d8e6c4e82d5945a4c0,0,1,True,True,1,108,31979,7f386c72c13c13ed693133ac326955c52b100b1f36d70f7f12af464e70ebc8a2,0,1,True,True,1,107,31930,e88b8bde14bd901d13911b21e4144a79c1e7e1947319d61364dc2a9d38e0f51e,0,1,True,True,1,110,31995,dbf2ec072f2d418356af02472fd342098f0537a0fca85f73d1d7b625852764d4,0,1
c1245f65f5c27621a23249521655a072d094389c113f4f4b083b96debc369b7a,8b2b3a63af9dc3c77fae84b51fa4415dcfc564dd65f1817290f3c37f803f17d1,conv-42,227,targeted,True,1,False,False,0,51,15939,4403dbe39894ed34ada0757704292b3b3756758c0ae153711e5973746b4ad7b7,0,0,False,False,0,53,15926,0a4112e3d288ea5235b451929e37556d471f1d284df546fda84a5d10791fb1e6,0,0,False,False,0,57,15981,edb68da77e39c89589675c480b0c9d78989148733e2951d96ceebf34c0b43164,0,0,True,True,1,106,31916,f12498581aa1348ce1b98dc342edaa64ffdf1c3a162dd404aa606badb36bb132,0,1,True,True,1,107,31945,9dc973152706730c9f1a926499e9d8834bd40e3bd9978364a401ef5e18f2ba39,1,0,False,False,0,106,31996,370055f1989096edf2a533695436931ebe147fbf608721a925b7f1b0d6775d21,0,0
7954930d21ccac72403361809c3e314a1059af7f36afa4d140c8c8d5c8e5f055,98bbe00cd7876419ac966bcbafda39c3542f0f9c12f6b23ac7bee9bf25e7d7f3,conv-42,228,targeted,True,1,True,True,1,55,15984,a6d47f3078917e4a33004dfb4d42a474b7cdfb128005aa6b829ee93ff305658c,0,1,True,True,1,55,15960,7c28221fc2e425a12dac6aee97c53358ae1cb9b3bc6a5805d6a5bfb72c54d89f,1,0,False,False,0,55,15987,8b65f6c66885369db66d100e4dcb438417d6d67be612cb80f82485a510bdffc5,0,0,True,True,1,110,31975,343dd98187d97c3d274e4820578e108c640ffb0889184ec757838c91db6870c7,0,1,True,True,1,111,31976,00a49cbb9bc64437ac8caccc8c0b1a915210034ece6e59724d11554f8360e46e,0,1,True,True,1,109,31984,d5e99bd0bbd8e4850a1cc8f32bd7d1269d3031964e4febe7f67f1f5f74cb1c79,0,1
729a478c6747f957b8a2de7843650af1cdefd45b804eac7e5a1ee222efebcfec,92b8cbfdc5f09ca6e6c59b601a9657421de83db13dedb826dbe171315f9b0c4e,conv-42,229,targeted,True,1,True,True,1,51,15981,b2b61357a6e162ff86e1aa54d5c186c6acba93a707090d11940e17cbcc593435,0,1,True,True,1,52,15969,65a4723cd907bad5fca89b3de6dc0017d2949fae83a0cdb7eab6c325310cd337,0,1,True,True,1,56,15999,8d6b87cdf5ed8c55b9bc7b9adadf38d70a7df86bb7bd14bb05a8d5fb3603681a,0,1,True,True,1,104,31950,5b1ca43aac8f4a162ee6f26dbe706f196d2243e9570b6188351379c9fc3f431d,0,1,True,True,1,106,31995,e8d8ef60ead81e720dfe7fdc73c6596c44b51dc2912cd3f9da5f36cbb85bbd22,0,1,True,True,1,106,31922,164348b6947a5624db41da44f8695b09a58b1b7c3c36e4435ab68efd0e5cc827,0,1
aed488b1a0e0033814364002ff1dfa6e64f467f79c0c258c374870faa92cfacb,11182cfe21d07e52d9a1ade748ed1a6ff8c4d15d586cf62aaf50d1f58209ee50,conv-42,230,targeted,True,1,False,False,0,48,15990,70ed6cc3adbff5c7ef92880fbb390129e942344b915eb86433b99f7d1f2160eb,0,0,False,False,0,47,15957,4530ff57dfa70439738788472a89df3477201a2978e7ef0ee4319fe0697a75b1,0,0,False,False,0,52,15922,87944705d16a2d7e250c432db80da1a8257fa3559cb369114a834d8001405977,0,0,False,False,0,99,31989,8ce178149b012b5ea0009b54a2aec72ca12586888e35da22e41d20eb73402d35,0,0,False,False,0,100,31982,16a81a676e949d859bab308e65b45520795e8e5cdbf5bc00320e0b264f60d810,0,0,False,False,0,102,31934,a4bfff8fc2ac08278e0c218cb56e4830bc6c3abda0e9a43bdacb9b70325fc58f,0,0
7f362e76136842994dca14503d67266767cdd2fcb69a8acf0d708e2e575d8c1d,fe6d04d4db0855b130075d330b598c19617e65ea7fc35e0bc6224e7403374b20,conv-42,231,targeted,True,1,True,True,1,55,15990,a4c0cfb3e375155283a4955659657fc988a9ba2f3160f445516e3b6d89a18d11,0,1,True,True,1,53,15965,b4b362ba96ef772db501625e312de0e968ef1b11f579f83ad8ff2c5598ed740d,0,1,True,True,1,54,15933,988b38126fa6fbe9a2e16e150b4c9570c74018f4ac572844f0eb0c95d4fcd768,0,1,True,True,1,119,31996,336ba49e7e9bbd128c63f8a8a83d116811403c16e114723e7fc29c5682e1a095,0,1,True,True,1,118,31908,b974300645caa040977c3a3c14b65b3992af47e8e1524cbf071333001089aa12,0,1,True,True,1,109,31984,8b7fc076bda948f3d615428c3c623ba23d9a80aa1ad30fc8a0d67f953b7f1624,0,1
e1d9d65037f5e33d454bb007523869d17abe208af4c430d2eb7b1e820d218317,d83bb1af00e54a932863f07870415dcd4b361b2c6451387e493acedb018ab50c,conv-42,232,targeted,True,1,True,True,1,54,15987,1ee642a247b05f21ec2dac32ea37d609b07281464c9bf0e835687b168295118a,0,1,True,True,1,50,15924,be8fd984bfd2c150d044b63ec9a052dae03ec93111217119c99d8847531c31be,0,1,True,True,1,52,15920,eb5b581211124d535dc9c92963eb182f609b8694b2ba5ebffb22fa1b7f782db4,0,1,True,True,1,102,31949,e79ad91c97294120bc44796c2d37625ba0c9e24c5f6000e4c18984903e5efa5e,0,1,True,True,1,102,31954,1a3bda207367a032c786208529d8d2a9c42e59ceee979115b23b824a08353de7,0,1,True,True,1,109,31999,071bff8f0a8f071290e2f38e076e963d9b5a91a8ef87617b4993ea91d0ce9d77,0,1
4c1bfbb23e13f424e1e9b6a891a8726a87f2bce46c9375deda6f90989bb494ac,a1ac9b0c65bd6879ac18996e20fcabfe8e3ebcef41b55993620e3ea0dde93c1d,conv-42,233,targeted,True,1,True,True,1,55,15939,85fb22d64605df4806a6ea74ede93c81f22f60203a524cb30c47ec78580219c7,0,1,True,True,1,56,15954,56ece273e70ba79a3ec9702a1f9dfb96834d94c52d36d3257998498eb19533af,0,1,True,True,1,54,15980,2eb9a2a72ed49fb36746385eb73d25ca963aa3e232008a76c343450465ae30c6,0,1,True,True,1,112,31986,b7d016981bc2fc2f2307402e07a322387071b3de0c511bf7a05df31bd78e8766,0,1,True,True,1,113,31943,ad76371e45232cc623716ed900e98715de2c071c0663961165f391a66a2d7ef6,0,1,True,True,1,110,31979,f34946c79c69e2650c97ed5c50a63c411039e161b988e1e5baf4dc673dbc1454,0,1
92897a271a924aa4fae1c89d65e19537dfc424f6a8680620ed9db7dd4e672e3a,dc0a3cb5ef0f1c93c9f61b5cb7bb00da60628c31336f9b86e27ac082bde9c935,conv-42,234,targeted,True,1,True,True,1,56,15993,b9f0e0d9ac9a729ca0ff9ba528d601617c03ae3317af0287c5790f0fe1933c20,0,1,True,True,1,53,15938,90a2d712ab9c8b893fc54168eadc43dab7492facb77fa58133eb01ec262264e0,0,1,True,True,1,56,15944,0331bb2afef24b1f1f3cd6158a6fbdbe96cf976b86fb3556026491d4bb0bb289,0,1,True,True,1,116,31922,37a62226a0fbe6238b84d364f2a4b092a4aa4d9a59ee24d197cdcc1577ab9e40,0,1,True,True,1,115,31911,fccb6961dbf7ccb7a81a8cdd75dc37115e598b38792cd7e9017e4a8d7e9e89df,0,1,True,True,1,110,31998,b9b07e0db8feed4e8d217b4207f75244f654db987e2fe9017100fce60f33c832,0,1
a26f495f6a5a1880e3048d9af010375661043e1ee941c957c31af40690d2456c,2684f43f163dc23432267bcdff04d9521d780d1335c30925f51eef4b7cd25375,conv-42,235,targeted,True,1,True,True,1,53,15960,af1b6eaae512da91d9a1f9f973180a186a7f408aad2c6d859ef775659ec3b640,0,1,True,True,1,56,15980,a9f8585473496350fcf2780a6e383f5e22eef7975ed48f3de5d0a23eae0665ed,0,1,True,True,1,55,15930,12abdc0d2a330e330221eb6b59176acc28e6f79da51d1fd8547753f80a66685e,0,1,True,True,1,118,31997,072e4a9d35ce8222efc329123447278a2eeb7c9468f85c9d5babc47d551f1170,0,1,True,True,1,118,31988,dc7058716883249a8c8fee8a07a65347d7b8f5e37d69bb84c56da8ca2d5ada72,0,1,True,True,1,108,31950,e81c34df88d43ef33afd78d95e673a375f7a488fbca0248903ee5fc0958fa8c9,0,1
054beb41c62a1d7477c7782eb4e3dc98e326bf123f250944e9a96e731fc28651,0606a5f9043d1e39ed65bccbf69d4d3a009d0b79754010d2e527863b97249bf5,conv-42,236,targeted,True,1,True,True,1,51,15922,080ae3de03798add0f840471c439292e22058451b10cfd67ed33915987e92682,0,1,True,True,1,52,15917,65960a7b0eb9174ad3c3a2f856145975a22a3f83c8161b51048cc941c254f42c,0,1,True,True,1,53,15992,6934df159a5dd2c2863ecf68d46eb15b52b3e1a0ee1bd5221e92236cd40ba54f,0,1,True,True,1,112,31916,c8a884720070a145d8219050015283c344f5c0c2c14f25546b0bdb1d636605f8,0,1,True,True,1,114,31964,165a2e4af9ed29c98305a8685babc056612faaea5ee500fe2949f55c86cdbd38,0,1,True,True,1,105,31929,5427a455ba2e95ae8b58f0627a5d8a6b136d7737d7376b4af32726d3afe58c93,0,1
12fab774a1faa500700269ded7d81302c2de0bf1f7e82992743039fba64fce96,8c3b7b5989b1275fde6392aa2e286d6967fda5dc1c40d7fc77ec11419e17ffc6,conv-42,237,targeted,True,1,True,True,1,55,15949,097cba002fd3aa858a0b8653354a53d474a77a6771dc21e63d4803bade4472c1,0,1,True,True,1,57,15996,e1bdaa12e26a8fee6802003c84135caf7a57fd6ee3716ad2e677004aeb1cb517,0,1,True,True,1,57,15988,519dd7123a67068ed21c79eaa90e42fae12c60012939c5795408d350c0dbeb63,0,1,True,True,1,108,31988,3c2867fe99da0bedaaf77e89b8c461f0f4377362db4ee8d0363f4540eb939f07,0,1,True,True,1,109,31932,8731972e1ac32707c1aacb0f3b06346a6ae85e2c289574214c9b6399d3a6fc9f,0,1,True,True,1,111,31979,d5162a56adba84dccd7edbcea7710ece72b8cef9f22775110b0bdcbc00382cf1,0,1
3f08d727c76b1d89842e3ec2679ea56354a9189738ff2ecc0005240186be4f21,011c246f0730416b600b172f1b58e0474c6d9c9488f26a39cd3634849889c98c,conv-42,238,targeted,True,1,True,True,1,51,15966,b133e9527ce7cce2e4e664ee070a222b56b1becee1c271f71a1ca22865fc61f6,0,1,True,True,1,52,15935,a21b2114cfb877ee719580fa7202dde74e39892481695316139f01115e21938f,0,1,True,True,1,55,15997,212bd116c51ea3bf19eed20ee07654581b46da37eb2a51ef7d43d8be3af2db81,0,1,True,True,1,111,31993,cea2bae3a5251ffd2b18884c30b34952a15893c16749dde5eb9f1e713caad45a,0,1,True,True,1,111,31990,baac9dd0ef7a1a1393775b904d59b6859435eda7303c8af3829deec2f69549e3,0,1,True,True,1,106,31987,3312b4ff77327621886ee4d03fbc6f6d7d2a4acd8edf3c305b23934145c23503,0,1
0bc653c71fc0bb2ec100caf3f7339e25be745089496b83b0714204418565176a,a298322bf63a582c25c3df7f191e87d0af27aeefe534daf86a0da197f872db4f,conv-42,239,targeted,True,1,True,True,1,56,15948,2c978bcd0dea452f3114deeaf4363370158033522e2bf2f7242248d1b57e988a,0,1,True,True,1,57,15923,0e1db48c109dccb0a085cdcf05a978040e6b3d8c14ac0abe602cea96458f6163,1,0,False,False,0,59,15961,b857a2861d4421da5d99a658a088cd5ff41f4d42c04945c1f703e21128e48a43,0,0,True,True,1,115,31961,70c913a5624c1db34628f4f88d15d275e6c3069e74262eb3ac633443f192498e,0,1,True,True,1,115,31946,7963ec6368efbe705095454ee991a782d4dd53d52861abeacebc9b8d8b6cbde4,0,1,True,True,1,109,31974,83e43dc9aaf5d5d9cce41b2dcae3f884d3d4d5b93ca86b3063ba41060e1d9275,0,1
135ccaa9603ec1da81f3878d83ce95b5dbc16cfdf8eb8fe4302765a6cb1ed84e,89d9aa2e2ce7fca39e104f98beb4782c6d901138dd02f0130842a4b96a1b2d99,conv-42,240,targeted,True,1,True,True,1,60,15999,4baeb53eea80d920948750fd37977afddf20bea515a0e5b7e73deb56db7de5d6,0,1,True,True,1,61,15941,32338915d223aacccc16e8bd7307ead773f6c514c345a746ad55c3df2b85f08f,0,1,True,True,1,59,15940,18b1e49d9f969c87703b08ac3889bf830896cda7f64cf18963a99f956e4522a2,0,1,True,True,1,116,31992,c8fc815efd03fcf45f4be5411685208148c03a1c15af7bef96a7169bc7ac143e,0,1,True,True,1,116,31921,dd1e8acf78ac8558756db99d28e646d30d36e138939e09b9a4b5eb228ed9e7c3,0,1,True,True,1,114,31978,89b626cfab782ecb954bfcd5e363bc790b5f3cf677bceb05b03a3aef1cd09283,0,1
5d644411d4a41d93ac2907ed9eac1e1a682059247af92bd6e4e3a127133149a5,802757affa1e72d74d6607d41b704123c9e3250c6f02e28035ea7fb65e3b8103,conv-42,241,targeted,True,1,True,True,1,53,15977,4704e82a446b3562155d963071815891ce68038bc54af6e12b2bc8a98973a031,0,1,True,True,1,53,15993,27968aa1042d56bc7143453677de43f6be759c3d58948be06973b4dd188cbd34,0,1,True,True,1,54,15929,7f2bac3469e8dbb6d02f5ce98fbff80f4b27fac30230eb83abffb30a350ad82a,0,1,True,True,1,106,31986,39c9058c42d8f7022c79423b7e8c6a9f7e15859f8a3257493bc8e4dc7e4e8cfa,0,1,True,True,1,108,31930,e57472e013ba571e6dfeac8f5f6ce4884142de202d57b93ef91ce037d569d161,0,1,True,True,1,107,31980,122cee0f2a82df1f14ec0dcf3a71319d02b18188284b76050a98d93295349c98,0,1
e9c63ced0340bd817dd7be830a9347897aab5183063263ff56f55fdc7c6e9c42,a95af0b86cd6380c5f2fbc60847aff585d473fe13afb33e293918047777071b1,conv-42,242,targeted,True,1,False,False,0,63,15982,db883d8edef812878025e56120b4ac23e114970dae348bfa57f41844514bd6dc,0,0,False,False,0,64,15956,c864dc81043d2d77892b7993eeb738fe8d6f3821cafc74fd2aa0c92b055e0a50,0,0,False,False,0,60,15929,efe926bcb5ac4cbac1def62da5218018cb13ed74eeeff03ef9fde6812a804b25,0,0,True,True,1,119,31980,3a85a914907d9b6f4b8c5569b36e91ddfb7b7f6ede14e700edbe3fc88df2161c,0,1,True,True,1,118,31923,5d32c08575fe41bf4d6315431879caca37f2e5546ee5c77aedd04db22b5dee04,1,0,False,False,0,115,31919,777800ec6f46c8724e854029a9ec25e4a94e7341e1bc36494074a2524bf98c03,0,0
b71e303ae95c45d11b8c842df4b5c71f2596da21a4dce43a69bfa06821e959f7,9864433beb8df75921c4ccbda6283d78ef5082ba8540104700e81fe6d5b61be3,conv-42,243,targeted,True,1,True,True,1,57,15998,28856fade6ef2d29d7b87c356a256f3da85c4ec0812ba26ef943f00f8f5300ab,0,1,True,True,1,56,15969,5f12cfadb5e35d1a345a05fb562f599ae327bc915a939facdf6afbe47bcab9dd,0,1,True,True,1,57,15982,a285c183f14d3d14dbb56b78ea71ed0809522a06ff690721015d44ce9f9d84aa,0,1,True,True,1,113,31907,1091ec485bfebb4759e097ee099f8bceaf3d940d324cc0c31d736b813a7e1a1b,0,1,True,True,1,114,31923,2688f8009347eb0912c79dd025eae0a1899ca79dfebc25fd5de8c8a91e5f0472,0,1,True,True,1,111,31942,5b1c9b5e8148510fb864c9322c3943f0b87c7a120350f2467aae853104a0595a,0,1
a84b33aad124230fe21ea1896e005b145fbae3b1ddc2d0e1e3e05d3a7b6c61d1,ce41e63e7d6823b905fec1f42f9ad808cc952dd4f7e9b9a4a792baf7f26e8615,conv-42,244,targeted,True,1,True,True,1,55,15998,2785d4f3e1012a3576930aceb86b78958daf72077b0af501e49b04d1024df36c,0,1,True,True,1,56,15958,a60435b7647c217ce1215b312458b73719f6a31c9132c19337128a9b48610952,1,0,False,False,0,56,15966,e4bd9ab3d1a9e3ecd9b17090363e8c46888be34a3b54fe5552884e8eb3f3a4ef,0,0,True,True,1,109,31921,3af8c89c7540b5ff920f7591c77c009e39e6a03355987c0a58bd77442f79dede,0,1,True,True,1,111,32000,2d8ebdfd589d9da70b9cc13a198993e74632b63167af1bd4f4639f0dc5eb7372,0,1,True,True,1,109,31941,94744b52b230086dedb2f31115d69382b29aac51337f34f73853241aad7733ec,0,1
78691a4175a5c0bb57b434c6173304f1b8c10d1b19ce71e41ecb02ca10a71976,0099eaa9c89ece884dc3dc88ee3a30fbdb1b769afe79f043cc14515b749e3be9,conv-42,245,targeted,True,1,True,True,1,61,15927,380f66a3587f3c1970926d4b711319987c2d640b9d12c079cc5dc9507f7f1197,0,1,True,True,1,61,16000,b1630c64793287041af3065402569c15bb8445fe1d633f7700499fd9f9d0296b,0,1,True,True,1,59,16000,4c8da04ccc2a3b4b781d92255de7bb2379a6d81eeebf278b76aa5f257cad3243,0,1,True,True,1,120,31929,55f98156766a563d4f9c812210aabf167ee5b7948832fe58a184bc64374144e8,0,1,True,True,1,121,31992,41ff46bbf225acdcae0b3d411b4f8f7fd9591559e03d8934ba4445e1a508dce3,0,1,True,True,1,114,31994,3e5f1a3040e94d94f92c53f4956d3bec3cd409754d40339a460a0a24679e4604,0,1
5166849138818a8578140493278deb56868b48555f33c7132c8357bc8dda83d2,552a4760e324d1d8481e66ed23155fe73f14a22b68e8526263ce06bd225ed4ae,conv-42,246,targeted,True,1,True,True,1,49,15983,57c070035c6dc0e888bcdfeb62034d5240e572c434417b37b9fb1082d24ed06e,0,1,True,True,1,49,15975,7e24d44f530296707c9eabc7c4af81bd2ff68b496eaa82ed6f526db978ffccea,0,1,True,True,1,53,15921,7a4de6c7ee72b9a925485b9511f39f56ab79ded3c839aaba2be5760b29d42747,0,1,True,True,1,100,31999,d5b5a34dababd1e9196b04c0cbe39ccab0b23bf085efad5d9313e67edd7808ab,0,1,True,True,1,103,31997,9622668cd54101b5c7f085d30a939808df25e780d1142463e6c0e604afb6ebdb,0,1,True,True,1,104,31923,c194bea88fa37892db13467c4c0f61dffb7afc5b1c305be3da67effeaff9db40,0,1
6e1630011f8e82c3be2fff0ec228b0c99b7d4f871e9a7411482cd714d25d6018,843f6f7ed5edfd39c44eea8e0196ace36adcf8d1aee41ca2c9ff57a40bf4d5e3,conv-42,247,targeted,True,1,True,True,1,57,15949,b3f2731d2e049f5d7a085cd5137600c4487ab95e9ee9a1d2ca8af719e79d6ecd,0,1,True,True,1,55,16000,ac98c841db405b2fc3eb468187b8600ed24613621cc21dc763b0377dd59653ad,0,1,True,True,1,55,15949,a48c1e553838ad5306ce6ec6fb57339111e9c9c9431fcdf517290effa6716760,0,1,True,True,1,113,31922,5b32bcad0f60dee37155b126f9e50a88319fdf3510217c3638a011bafdd97b84,0,1,True,True,1,114,31999,c247b6323a3998c71c560db7f24f325acf59a0ce6724be70a2db415f088d2230,0,1,True,True,1,110,31996,4fb64b32ca61899bfb72de19db52c83eac6b5915c9e016fe6c29777155ed5f7a,0,1
c649d5ba56979eb505454d6ddd805d40d5a02728260b67b43c25de015d7b54ef,6f2ef4998ad226cd32d03b614d61bed8ee4fce372f48333d9c55b99b863ad266,conv-42,248,targeted,True,1,True,True,1,50,15998,372ee35ca4de710ae5c4d5cc3f00c868bbb571a07eb7c215b2c7c82e38005309,0,1,True,True,1,51,15965,f7eeca1ff1ac3ca415a5c64274ecbe46e79d4ef36bd17b205b3c0369e84ae59a,0,1,True,True,1,54,15949,88655383186bdeeec2ed02da0a7237cbc4954409f1d572f40c1e37e1bd670e8d,0,1,True,True,1,102,31943,1d0e29952b4a9893ee40fb3397bd4014ab0892e4a2d7c73bfd7bd2a4da888504,0,1,True,True,1,102,31943,74cf7953b987f1e992551bc74b860067a031e4062d8fa7ce28e8e09d485b2b9c,0,1,True,True,1,104,31918,cf8406f375317eee3381cf8832b41412fa8840e0c2c2c115c386ffb2cb4ca898,0,1
c65161011be683e107a7eca1f55bdff4a0f0b6779544673af25547b8f8567f6f,b0cfd317ba54bb4481efff7746c62c2c5461a4da2478212964869dc2e501e22c,conv-42,249,targeted,True,1,True,True,1,59,15955,14137edbdc9eec40e7c8970cd2075e27e8899313479c48ccfa513358a76c22a3,0,1,True,True,1,59,15989,106a09d3d93b66bc0f03d0c9eb4b6acb7a379f3b1a5207ed5ba1d6c2f178f0e6,0,1,True,True,1,57,15954,19c59a40da84a0adf775e189be49d5280bd545e8f6e90ca3d2165b6635cc365d,0,1,True,True,1,113,31987,715f0489fc2dc9b3c5d4e38ad6dae2954f3e6f0901b961b1485ea82823143efe,0,1,True,True,1,114,31963,70588b141f947f1cfb577eb5a8b7be20a0fbd09e262d27f05e2af983c5d8b05a,0,1,True,True,1,112,31977,5a91e17991071e7d3af943e03ccb73db86dcf82348f9f9ee3142ee9f9192ee18,0,1
5ce4400d641bd5ff4eb93c35ed6c78b8ee2c6da8a98e0c52dc15a5e191a2a76b,6d25ae232a9fd58702b4a9f7bde1e20ebaffb49acce7a019d06f1f407635ea43,conv-42,250,targeted,True,1,True,True,1,58,15941,d22e5aa6167f28d25507e4ad6aad0f16f8e16b2cecac4ff76386d5163cbb9c95,0,1,True,True,1,58,15918,ab9d7eff28ef524982d938ac8548e22f86b03d62312dd5677ad0d0b246a9624a,0,1,True,True,1,57,15921,4d81fe197b3b691d633d672b1b3ec806272044173f35bbebf440b07f5397d863,0,1,True,True,1,115,31944,7b93037c7a1bc51f81860ae96038db9f4375f2b78407ca450cf76ed958102d76,0,1,True,True,1,115,31968,98422c20ea8a667828c661cab9a484b65665df2bc683d2394d4ff82c81d40fde,0,1,True,True,1,111,31967,5d88deb2a06668c091d17de9d2a0a84484555e462a70b1390a7e37bd66be1710,0,1
95f82fd3e2cd9e5d9f93022be1d5388e0d8da8ef2ae7720a8d6906f516935be9,53f60a4132f5bf1cc7e762ba003b1c265bf684c48ddf44377152add2787b5c8f,conv-42,251,targeted,True,1,True,True,1,57,15963,4e76f7b05563c429862c81fcf4419132e0e6dcc58c226a724a84e12bad0222ba,0,1,True,True,1,57,15923,f7cec3ddb110e583541febbb2d473f3e3f346cf61a6f40f781926dcdb56b4bec,0,1,True,True,1,59,15998,b46c023b1f9ca31201960fe84650084cc596884dc978aa7fc3849d0794eb6440,0,1,True,True,1,111,31991,5595edc0cb4dad62657c4bf39e630726ba2dbd5e0ec118ac00640e26540bbcd0,0,1,True,True,1,112,31980,af81ef3a1686361fb152cdc34cbc49f2651091f51aa940249e7caad183582f4d,0,1,True,True,1,110,31992,a402294e429eb25e027f7f454897278cf1f6a216481d6d0b3570da4048ec03c1,0,1
0b657f211a0710f7851c8eb5063848f77812e247f322deb8fcf805381ca37f12,7fe9622f6d21578c2f5d158f59c10dce02331fb72ad39161fae6ebb6d581bb7a,conv-42,252,targeted,True,1,True,True,1,60,15997,e936322943904fb13c617762dd4fe42c128f439dc724a17d284415bfbd4c455b,0,1,True,True,1,61,15987,867fd59054cc33b8d8dacaa9c0a4cc098413ecd42387fa747d259a361279ea0a,0,1,True,True,1,61,15966,c5279cc44b57cda5e4779b5c4713e562980f9e2c72161909534526ecec380708,0,1,True,True,1,115,31947,8bdb9264e731d4fe2def1dbd2238d7c99da18986b42fdb96b1f3399be1a81afb,0,1,True,True,1,116,31923,0eb423d85f8386fd5452118a4cd12e0af1a5ff922296952a972c64386fe7bb4c,0,1,True,True,1,115,32000,18405eebb9ea690193453f0e56ce93b3c20a8537f9fe209b9636d082a80dcb2b,0,1
5048a5abd5b6815036a3355ea150fbfea525827a5904890e4ce75ad4f1009735,7ca1755ebb847570cf15b3609cb951b977465086309ec068b376eed396977dd8,conv-42,253,targeted,True,1,True,True,1,54,15956,cbb869a399efc7de89b8519c68c10af69eb3f9c8fc61002bcb84b6960d6d4835,0,1,True,True,1,53,15935,c41bcb26a7237196511c748c9fbd65f6b6b5f599fcd75bbb4cacba3042403c87,1,0,False,False,0,54,15982,810f15447126599f827d14bba1489c0679dc69144bbae32065a3eae8fbb01cf1,0,0,True,True,1,108,31948,7c4fa7dd6fbeeea5cae0150683a8f4a91aa05fcfdd6d28aeb6c80cdaf01d5261,0,1,True,True,1,110,31998,843519f8a8760485d6fd894deeed59f99927af431315e3db38c44669c8b9b0f5,0,1,True,True,1,110,31991,a95d7f333b4e8702fa7156f694ce6c4fd52a9eede24c75233291461d0346362a,0,1
0848a9f4a23f21d7335d6b0d8fa419d8f462ffd57d88e5f5fbad97a649580b01,427246a9169da418e06eb426cd830dec926d061b7d7a0c3a0f373cbf17967406,conv-42,254,targeted,True,1,True,True,1,46,15980,dc56e466cbb75ba377f3c98ca8b5c48c8c829dcc54e06af38d488b9c346d89bb,0,1,True,True,1,48,15936,65d1c5156d88aaf2c267ffd85ca33af2690ecd36bb6e846e85fee9e3eab4af92,0,1,True,True,1,51,15924,7b289b4f9172ea3cbef8685d43128e98bd9df4e63fbff8df48e8681cf54abda9,0,1,True,True,1,94,31923,b809e7d5d41a53f117044956436da1a65b4e90d4251ce4d263f76f17204762dc,0,1,True,True,1,96,31981,bc5340f04e581e8c8ce02a85a4c8ee18497d28be50a3290d997e62f9b5983ea5,0,1,True,True,1,102,31987,f4e635987cc492c68ba3cb15bf5952eb37e84b461b366a4d86d7da1d5cc3f939,0,1
2b2ff65baf67a22177bfb015dc300396b735a345366ce0aec67433a1d4be35cb,9c362baee940608aed4bbf7ab22895bbd01c00726f8a5b0a44d887dbf69a91a7,conv-42,255,targeted,True,1,True,True,1,55,15971,be8a9a0c53a21072f1db8c6b93c72b58192999c5619ca527adb88f682688d9b8,0,1,True,True,1,55,15957,a949fa6a856a12817dc80be5449813e50b14a44925d803428d92457da8658ded,0,1,True,True,1,57,15916,2e26cdf1fc2a9b33f52cb8404b0cd82d3a4bba7707e29980855ca826f14e8972,0,1,True,True,1,112,31990,e210161d719bb6b4a9a02b0e3c9e2d2341fc61d9001efaf5e0310cec01f02adc,0,1,True,True,1,112,31964,090ac4b9eb7ef3b7538f2efce7b10788dd35a5afadaf1aded5bccfbcdeaefce7,0,1,True,True,1,111,31963,1b80017d08234d697f9b543e9aea9ad82094307ebb293a1239031fee68ad7e4a,0,1
9f6d9aae6065a33e54154fbe4b5a7a86873414e6a9244be1d260f80eced2d7ae,7b30c955ce420d170081f4dace7a10312a99ba4138ce5d418026750e3cb58773,conv-42,256,targeted,True,1,True,True,1,55,15981,284397d8f62a0ea1a181a81e348d11810bfa958db290c1f181695eb24adf6e81,0,1,True,True,1,56,15979,e00ac7e8afcf16a436236e7d2c3fc4766e537f0c795496c4a2a607b485452f65,0,1,True,True,1,57,15951,e86845dfb25c98a4daf85d3e34c60d8c6571593205675d44c1c3d853f69ac628,0,1,True,True,1,116,31999,1ef5388354bcf67c1425384f02d0d8b298f205e31534d10017d65bd108ce4ba6,0,1,True,True,1,113,31914,1ca9c70a0cdf57c356e493f74f16678ac3f547fdb7bc4518ac1007ebcc170b40,0,1,True,True,1,109,31920,867f1ad2715c9436b6877aad227a64789409c782e7e215e58663dc1642b7c81f,0,1
c1d04c5442c943f79ba67831d344796e950927c27c86d4472be3f5a930940a06,a9b5a984aae43ba9a8edfb1e830dc64e3f82a2a8669fd3573664d99dca330318,conv-42,257,targeted,True,1,True,True,1,56,15945,be53fc15065dbffcaefcda2bc9ed9fdc05adb5ccb861a99029dc19002012d282,0,1,True,True,1,59,15990,6f517822c74e670883feecaef4d5bf9fc2a3bb4093be9dc4964a44461a50df4a,0,1,True,True,1,58,15974,366bcca782620452e9022d96c9610a2ff9bafab6811f1170b38c19ed88dce640,0,1,True,True,1,111,31971,d7127ee68edfe14cdb5b53468033debb63136da4360a1c46e07756a0e1c17d96,0,1,True,True,1,111,31982,8ad5d2898b15ad27bfec9572ecc64640805ec5a49d1e75eb5c368c4b07643ff4,0,1,True,True,1,110,31954,0ea4595c578484a97cfce6dfb692ecfbf23b11ba4d7d44bffe50abc140e03b2e,0,1
039a1abc8b84f9fc3c486c36c89ce018d124cff5e311439dc7734b86786c139c,64d15e7adf1301362b23b4c347980fe5f574faf0f2dfae3d3847f321853407b6,conv-42,258,targeted,True,1,True,True,1,51,15973,d2570db36698e9ec47dab455d0caf0f0036cfc5a00a83ccb19250962fe850422,0,1,True,True,1,51,15997,0ef970b1bf0c5b33d1585a5e6a3445c373344a57051ff888d1418b62af769db9,0,1,True,True,1,55,15958,f621b44fca7144005641929e906b4b5eb35cb7c9355d0969b3bf421c7035aaf5,0,1,True,True,1,107,31994,e71e7882997d1108caf49b43444cdf86355ec1411a9fb2804e8e73ac6c78f01a,0,1,True,True,1,109,31992,19a598dd28b62e050bb1965c2cffb9dc8da1660ba8ee9a53c0224ccbd907b52c,0,1,True,True,1,104,31919,940fb492dd6de69fb9156b37d2a5eb2912d1b57568df446747f7d3d8219f86f5,0,1
ba87951197610fb428ff07e96f2223b694035fcc1d525d006584e8676655a8a3,203e3c9bf6d532dc440dbd3d594992bb4231af8a4d7cc5c2cbeb00b703434e25,conv-42,259,targeted,True,1,True,True,1,53,15999,df41032bf6337e378d9d788d8db43600ca381d7d5c7d912ccc09d62494053605,0,1,True,True,1,54,15977,609208b4e2cea61d5dda0e86e940688f171eb3f8a0b44b0e9579580241153fb2,0,1,True,True,1,55,15986,8d17ec1b682a9dd5a408b5b3779e5d1bafda89a0206e16ac4b08c51f8a874d83,0,1,True,True,1,108,31995,de8d8d8fede2c22124ea4a37126dd65a8649dadadd6c214cddcad9b77c9c56f0,0,1,True,True,1,109,31938,0aa4fe41728b5d7a94573d3bd14e0fc78aa391553d87d24b3dbc7052bc5219b9,0,1,True,True,1,106,31945,c71239762d4ae82e2723f7b644e86411cf620500f9a2521b6624453baf97cce0,0,1
18672216f347e70bf361793e67b2c52466f89f941e3da5c493872f69221ab3b1,671bb4ca497b3603e394b9b70719af4c821c70c05f9c33e9acd264d38c187120,conv-47,0,targeted,True,1,True,True,1,60,15996,d3d9ddbdb649a73a36623dd0afb75ae7898c64b18927a300c236327b348b0ac0,0,1,True,True,1,62,15947,59100a278c0213833ca42ba0a28f59ecc09c080cc6f5b49cd5a54689c365db06,0,1,True,True,1,57,15963,6c158303081395ebc0215a2b98c1b56228abce13c75d10b242e59e59c939eeb6,0,1,True,True,1,115,31934,0be3db8d7132865d37206c7e81c4d1f1a367d564290b31bbb1d8ed2872a6ac85,0,1,True,True,1,115,31922,ef7131ac907741903548e59903ba2fa96504bcbb6b31ed3a090ebbea919a3d12,0,1,True,True,1,109,31940,e0e296f3855860e0d383600e2a4abaa32020f52f9719b026d58e31ebfe576d25,0,1
127c54353fad90c9169f95326b94ad11bd99a2b0f9b085fcedb3c2946e9c48bc,97d9b3bd60216137b54f4d8176c9ea48cb1a14d4b6541e9c5caec395c6155679,conv-47,1,targeted,True,1,True,True,1,52,15976,5de51b2f43f35194b3de6def2537ea3fe5dc936719683322a103cdd87c16fe92,0,1,True,True,1,53,15969,b7b097542d6185e6adce8cc1a496bdced6ed3e05eb07a7ba5814d1ac056b3bb6,0,1,True,True,1,52,15957,c8e64521e00077817be8bda0096258145fe83194f33bcb03c29c1851fd541cee,0,1,True,True,1,103,31912,eca0c78d90935275256748110bec653b4ca6aa9e38fa516deb0024ae7d5ab5c7,0,1,True,True,1,103,31915,49d9bef232f1db02efc8e9a39bdac943bc23bdfd9224a859db6c1ae3b72a3326,0,1,True,True,1,101,32000,f8c63e3deb2c09cd1474ca2bbc1fb872aa3665cc9cf2c2113887cfa53432afee,0,1
24e2129ee8d5254d4dc1d71d604ce5a0244536ca52a3ea86165a736f18024a49,caab4238fe0fb497c54ed9bc9a7f4ed2505ae3909fbda89f7a63c63bb56d6589,conv-47,2,breadth,True,3,False,True,2,64,15982,d2cd67bea0c891bb59d56dacee5b9865939eb78b112cdae7904cd308f8c08881,0,2,False,True,2,66,15985,e1e866201f2eef53077c1848d7da660406ce974c889813d17a3e5bfd95b0a636,1,1,False,True,2,61,15984,fde12d974b49246dcd4bd460dfcecd287205ffaa2834e46cb41429ebea0d8ee9,1,1,True,True,3,121,31997,242705e6c7f0b5387a187ecfd1e9167cdddd63ae71a102ea4f499e987e8de3ce,0,3,True,True,3,121,31997,11808d08e9221078dd00240fdd1c7c728e27da9f63b2eeb83bcc1c166f5a2562,1,2,False,True,2,112,31921,29253fb1657413e0607eb911a47be722cb8a9c3ad852ae6854b843068de35515,0,2
36fc62efe714a0605a8183cf4bbd8d91eafa458babf7955450c5056bdb669e78,ea7e3a199608c6b3fb537f51a3c323163130c23ae82fda7ab232859a0a8efca8,conv-47,3,other,True,2,True,True,2,60,15919,e0df4229f570d6d702d3e70f4acc43db1edb1a6becf413a04d9b6bcc2ba05b03,0,2,True,True,2,60,15951,160eaa7c8c77c441f94e0d3c1679ba5c74d386aaa15c131236a2f2a63a80b832,0,2,True,True,2,54,15927,7b41dee749cdf64a34ff416283725f7e4f387196855722589f893fc897d925ab,0,2,True,True,2,121,31922,f70afdd892eb49f640e21c77b633b8b5e8b6e95fea238166f7159566040f187d,0,2,True,True,2,122,31967,e7a5a3c076576795aff6958fc6ad1f6c7d79c9eb630456487b86aada76107ae9,0,2,True,True,2,108,31955,edc6f976479557e695d4ea4dc9235ba9bc43f0663e385a8d6ec67a18a34d859b,0,2
539afd11d3c0888f4dff8df35e178fc4317237e05f49440a96d77263f9dc272b,23ddfe994925c0c168ccbec24cdfdc18f89c45ca1d35d345740b0e8c3db7d4fe,conv-47,4,targeted,True,1,True,True,1,47,15996,c761c235a4ba32507e6c776edf54f6d5dcf3af6490b069a62e76e4d65bbf9640,0,1,True,True,1,48,15988,39167ffd2676f5ed9db677ed97c0b87c825e24fbeebcd2c8517495622d472a68,0,1,True,True,1,50,15982,04589080a2ccd52ab5e6a046e6503cce5a672afb3b11c2af25a25bf213d7601b,0,1,True,True,1,99,31984,122a6ee8c46ddc84e9c65881227bef565a92c749751f373fd7522b9e0c1f7879,0,1,True,True,1,101,31991,9be2e860f6c9e61f5bca14e0de3df5a96e6449226957ef647c4f38ab66e05e38,0,1,True,True,1,99,31984,ea61214dd97f6a31600752e4be5d50d0a191950903efe8ae6599f4184cd8e21f,0,1
7c4bfb5e3709ca346f7d39ce50e991b1b950a57a3f32fbc58e2c2f88528a32e9,3df207f35c0691b61f67cdb792a011792b1af131744e619fc69cf196e7d51464,conv-47,5,other,True,2,True,True,2,52,15997,223fb8a06b03078922d35d0cfb268d4325bba450edac1a1afb7bdd07cc50bdc1,0,2,True,True,2,53,15977,87ce28095eae26a8f9d72680b3e46bafd0d935a32e8a9c6836f308efc77f5d18,1,1,False,True,1,52,15950,df15ff197490b043ccc9078d7fe5acba828ca7a3a45abc1cdbfafecac84b3a1c,0,1,True,True,2,104,31968,56c9e8030f69c94d75824b71432ed08cd7bd1fb667631de4e260e21548a3b27e,0,2,True,True,2,105,31988,d5fa00ff6fc67a9075960c23fcac905bca118b069dbd4d9b6f4798fc9a98b302,0,2,True,True,2,102,31996,fd2a47974d1780c93d29b0a086eebd3a2c39e14c3b533602e756df1b47cd0716,0,2
98f714e2745c993f6f7f662f880b345d5ff63a7ac64550acee026c8966a60554,a0755b3dfe3c59d0c24c4fc878431ea864c329b2abb937fefb35caf77896af89,conv-47,6,targeted,True,1,True,True,1,63,15935,1710b7481cd131f1027d7a0cc349ecb05b52fb8c0c22f02dd2c432efb143b49e,0,1,True,True,1,62,15924,c98951d7cb1d7079ff61394bc24b4fe2dcd054b901540d6af380c0a47b742b03,0,1,True,True,1,56,15990,0fb6dcbf6caa14cbede617336ff82be35d133b7cd35b651a6cfbf295e14d26f1,0,1,True,True,1,120,31924,196e1ba0adac58e3a6646639727302dd345ff6a4796002283365274bba92f991,0,1,True,True,1,121,31930,120e2d4f941a122691897c7c7f0c12b069f986d81da40f12c981031eb6755eae,0,1,True,True,1,111,31976,95ef6d569f296b090b8f92ba8e30d04a1e1d7c53673e9341b93654a5d4cb2dca,0,1
cba0ae46eb932820c6a0279fc89d4cceda47d76a8a244bb54195d64aff2b87dc,e4e1ed868924c787de32b0b4678b186f40858f23d874868eba0b1a50f873e0e5,conv-47,7,targeted,True,1,True,True,1,56,15970,45cfbaea1e7f54fc183a68d2403eabfe6155c6149227c66e9495ddbf54181976,0,1,True,True,1,56,16000,eee0d146b1f1f2e70aef8ab7c4abf7cf7d42316c8b56484df3167ff06c713bc9,0,1,True,True,1,52,15967,4777489d1bbd0abfccdeb2ff4cb772dda9366d3fbe1d492e5687d430b8ee2aac,0,1,True,True,1,114,31956,1135f41314d0f3e89ff48a02820cf21d8a872bc5fdc9ad12907fb55f2f887cc8,0,1,True,True,1,115,31988,1bc91bb94bd929ba69114d2e4d4fd44f18ecdd7dcb016b51f3e90ef0ab52fb58,0,1,True,True,1,106,31998,22cb83f6099faae2442ed597acf66c6e35c7b8392d97c3da1b374f0fa4d44f1c,0,1
35f9fbc184908b9f77c60c50dc954326220362497fd335175abe7f38beda8a84,77b6c75b9aea21b4f4acd896f7244e169041d6295041c014ef0484589627b1cd,conv-47,8,other,True,3,True,True,3,64,15970,2f3904673ad125355687d3dd63402d9874d5f1fce1f1c54a1ea430c485c7ea5a,0,3,True,True,3,66,15996,c77a3e1330c20388fc59650ab2d52de5cf71b20a648e660dfe65a8129d2fa826,0,3,True,True,3,55,15998,83271d4e189651e4e5bf0d5a5dcb8aa62ac289956275e1a1e39158e27bc2331f,0,3,True,True,3,123,31956,3364b9d012b1acbc0334fdad4e5b35a4bc56235a5e741d69e118e9232ebef942,0,3,True,True,3,124,31981,13fdf78bfa4453b816976c329568ec507741467ffab58b4a435a17a4e6a5c7b7,0,3,True,True,3,112,31996,4e1c2f66ba162f01e6126253f06e92601863e0ed6aee4742c4a1d859619be9ca,0,3
d1a2ac1006cb3091aea3f32e80588bbdcd1c0a9cd3c0a5b5db17e5e2014c6425,e2707a62189595656d6dd608ab40bc57e9aedc04a87350d16fb0c4f611e16fa1,conv-47,9,other,True,2,True,True,2,62,15968,44c2a7aaff08745810e16c012e066f22549570733650505b125c1f470f0b7cab,0,2,True,True,2,61,15993,c70018f47dc091fcd4a21bf4a2e721ef649911822c65dd98f7e5c52a5b735e22,0,2,True,True,2,54,15922,84641b20d12b0eec12852c344487f4447c4343afa7ca7f22f1404e4adf1d7e3a,0,2,True,True,2,123,31971,78d4d4e17ae5dedd78099364565ecb182b5a084ab9790c1fcad525dc2bd09a03,0,2,True,True,2,123,31997,33bc38c3d47162dd99aca46f334b6917fa71e568ed45bcfa7ad0f0eecfc2c5b4,0,2,True,True,2,110,31996,2a11702d5cbea1841c2c68bd3e5a231ff0efbe20a451a6851313b59a2b3160dd,0,2
862ddeb92308647f4ecfb80d706360bc437d6f7749714fb6e2496f062948a7a1,8dc4aafeca2e284b2360490e3d73e5358682ce472363ab873caab2588692419f,conv-47,10,targeted,True,1,True,True,1,62,15988,49a994541f5bbed1db9fedecdd760eca8edb17530c88f47095f2c252d343a567,0,1,True,True,1,62,15968,a2690cd7ee1bb1031b3c2556f18fe45a8f41650534ba260d37e39b7dee02486b,0,1,True,True,1,55,15977,7576fa82d604cf6b337aac9b1d6dee64ada2b721fb8b074dc9294df737083f44,0,1,True,True,1,117,31994,21bbbc2a97d7bdc2657480f73bd95d8ec1e8000ebcca553c14049520904b74bf,0,1,True,True,1,118,31922,e3d6e4a5c0266696b46d39af16227c6ea05f10df3ea012693806d12d7c32def0,0,1,True,True,1,110,31995,9051d26c4d2e4dad9e9efaef8bcbaa055499171d0358ebfa20ff30274967890c,0,1
a0c552bf3d74a2dfd73ed0f7b3c39acac518147f311d6b839e38df0160aa4d62,48b13c143ac16e4fb888bcd8b3d7dbabcfe9391b83330d22763a75de1bd58e8e,conv-47,11,targeted,True,1,False,False,0,58,15966,d349655a2d1a07238e442566096177fae31b1c2b6f0954a1337cdb51c99594f9,0,0,False,False,0,56,15963,cc2df7883962ca68c538e6ca1b6d8886722cfe10c29ad42e4be58f9321bed167,0,0,False,False,0,54,15978,99475edd9021c733f88597523a1199bd5717b5f0eedbd04deeb52ac94574651b,0,0,True,True,1,111,31997,ff85e8afd17dab253ee9886e5cfde1c7d4aa31de3fe93e0e8f355b2dff01865f,0,1,True,True,1,110,31989,725c5cba6be6fd6e884a48a079f119452c4b095cf24a47821c3d9167462a6290,1,0,False,False,0,107,31998,97d7d76f10abb8cb877ecfbb17ff2fe6ffca7a75ea91504551bb1a79ce5a9d8d,0,0
94e9604346a5fd37820858ae4993f82a0933f809d49a471f16a8335a34eea9e3,3a1c81dcfe5eb15f6f1f5b50efdb85899084cb9b6234714b549399602c3f1054,conv-47,12,targeted,True,1,False,False,0,58,15995,efe074a91addbd1630f469b831650ec5760f3708ca14a4a6293566e3eab755fd,0,0,False,False,0,59,15983,30681d92d250f607c261fe726cb670785f49373a2fcf58fbdd9fd6187be5d518,0,0,False,False,0,56,15977,6a1f2f335f8e963223f7ae7da675469df605c8794ff276a8045b41c60d038221,0,0,False,False,0,118,31915,98ddc15e12d53c2c17e256405a7a226814b402a83bc50c4c21a6919a57f113e0,0,0,False,False,0,119,31995,7adfc30de381f5d72f6e17052edd00eaf44456cdaa3cea90bae33384a52fd971,0,0,False,False,0,107,31910,ec20334f789bb67ab31f09edbbb33a898d69b3cd8eecc8af78ad4d72d13f1a10,0,0
13b27e57d2509d7544bf2c139d6439900f7bb3a5538768330cccd4e10da7a577,73b1c144a5797352806d4244f06beceb4b693393439725a35e9a1731423cbe8d,conv-47,13,targeted,True,1,True,True,1,61,16000,679a11ee8f107dee22943d6a5a4b3a514e870b4d25307b23c554d389e718e02b,0,1,True,True,1,61,15977,5409608494a8edeb7184946acbbe77d766252cca8ace7047baa080e2af42f52e,0,1,True,True,1,58,15987,7ab110fc682141770a6b498c02136064c2f4fd87db88ccb90d21a78e46851c07,0,1,True,True,1,117,31925,5ae1fe8bbcaff5d4ad5a6b24d8274bb3b613822d1df864470ec399ab8a864d90,0,1,True,True,1,118,31942,a5b3d6054b2bbe38939da3eec831b026106111652aef374f0ecd2d3c6a30d973,0,1,True,True,1,109,31997,a7a968d51265115d2b747d9d826f66e0fae7d68681d1392871b667523b63030b,0,1
8cc8f6c478642e2eb615d4e9c02f16ba0e542aa3da47d29869df0d9e7027f009,d74d9b74636fba442311d36c65ef7f9a0b30516e6c7e1d0ff02b7f523231e83b,conv-47,14,targeted,True,1,True,True,1,53,15929,ca50951b3910adb9b98fcbbf22fae7ba946d82e38579bfdb56ee1e896fe118bb,0,1,True,True,1,55,15922,6fcf03680e265b6ac8b64fc044db382624ef235f65d1ab50d38bb86afff22212,0,1,True,True,1,52,15937,a99c1780ccfe00f5484cfbab1eff4b97f3132f560e6183d84c84a6cf5c21ecc9,0,1,True,True,1,104,31996,2d0c4f48c7434fd7d958be1025793a745401cca002489609798ccce7ca336a80,0,1,True,True,1,104,31960,b0fa12f0f3f3be8b3cb687f4d3aae6489c99aaef84d720568eccb6dd7c57ecf2,0,1,True,True,1,103,31979,b8a84701b2a4c883cbf36e1981960eb97a17241cf4b7a15815ae9cb96c579e6d,0,1
13168332ee1c1bdf76e9723905af7a6fea17ff4354d31596284ad05e57f04b05,bf6ac3a7e5a909eec4b68d1d176204bb6e4f68ec690a6b031cbb82c703937b77,conv-47,15,targeted,True,1,True,True,1,45,15924,21cccd5d34d74a6258d3bfe8710ddd7b97524527fac7036de43a494c3dad635f,0,1,False,False,0,47,15998,c95737ddae4c42ba54cbe7aae4b283f8de7e26d3cd2aeaaf136ef983147f5e75,0,0,False,False,0,49,15974,809790672a09b8d9306f0064646422583b0e7d67d4c0caf0e7196c36d76db9e6,0,0,True,True,1,98,31987,05efcfb4892d8d40d7be22d958958a0dc3f0a838e4482db534c1c348928bf7f3,0,1,True,True,1,99,31961,7dad8607fdc28dd1bb1a51f356256389271458ea2d70d3c3acb6b0e36bf6e9f9,0,1,True,True,1,97,31920,db0ebf5111918f6a783f1a8c7eda17488fda25aea391bb815c07004a886ef4a1,0,1
f3d0a5898c6e8026e24e99c66b55e2318caf38502819f3456b9a251c5cb1ec32,3bba539f9a6b1e05e63de6f4718a8ece228bb81ce95593b39eaf5c9b8b835512,conv-47,16,targeted,True,1,True,True,1,49,15977,b0b4c2b84ff5c384c374da40eeae2671f4bdadd4b0bc417f953576e873307e63,0,1,True,True,1,51,15984,1a31a9499bbc95b212d37c0cd889438a61bf04c3a89e9957cf0eee6987f62344,0,1,True,True,1,51,16000,f52343b85e7720888ddb19b9df22c4b69d36aee6245f150110c1a3bd4ef9aecd,0,1,True,True,1,102,31927,32ec9ffedb360486e5230d8024f73a2b51b6c4360d65269b41aaca70e0352e87,0,1,True,True,1,103,31992,721f45de89b0e4b83a4ce6b86655b92254c31341367ea6ff9fdc1118b780ba24,0,1,True,True,1,99,31920,fd978c4da11201c24f24f55825020099329a8c5567a55ff4e8c118cc19bd4840,0,1
69a35d16d2931a759e2f772f4a064c892aef79e222cd776aa567bcf9cff6852a,2d5258edf182dbc1b87bfaacb33b73361475f3640e31610d2f3721647e5b0067,conv-47,17,targeted,True,1,True,True,1,55,15988,380d3f3743c2f18e95e16541f2518b66546b3abe0c879ad07cb294617cd1096c,0,1,True,True,1,55,15926,e8eaa88bf6f235c3b2f1d37542e6a93fbb40f5359be4aea3091c39be37349cb8,0,1,True,True,1,52,15924,fb519a2031efb1164289d8ba4a2c4292414ae2ae05f604a95d1ae2017bdca07e,0,1,True,True,1,105,31946,80fcfc316edfa6cd1f9f79213ee20deff524cc5d69e4df9ff2c4143cfad31a54,0,1,True,True,1,108,31935,a2bbf19f913a74446e06144147fb9cb6bf7b9e064e406f54fe2fd0421465b9c7,0,1,True,True,1,105,31991,f37331ef6ce76705a5ae63ba436e3248cafeb4f6c13d5bb44eb1610f135d7f07,0,1
80b0ad6a162115cef3905129956478a40f12e41f11e142ff8ccc3b7f65a23219,5f2b8f887bf03be4c76aa3a90b6217fa2801a2e3dab01e9a7856f892fc3083d6,conv-47,18,other,True,2,True,True,2,63,15986,4af672fa10abaf597fbad254d6c88e4fa3e6c06954f32bcc272eeda2b6c0cb99,0,2,True,True,2,62,15916,eb4a2c0a643af751593140626acc73cf1d335c5871864e9ac41cdc3a3820cc12,0,2,True,True,2,57,15924,3d1c9a43ff0af33b0d9adc1fea86cb9843f3ae5160efcefb49cff9460702e409,0,2,True,True,2,117,31994,44d4c4b8490b3586d6ff415b9cefc751b83f32baeb4202a67fdc4ac8b3c02093,0,2,True,True,2,117,31994,7e72d608ad2b2fa2b4f09a2609bc5053a6e74570cdaba276de02ab2c63d613da,0,2,True,True,2,111,31998,a35c8808ba5602d24d93d74341caa7374045b46d1a358a3c191e13c67db64770,0,2
48e3e4d10f4b058e6401826744e4b579928cd11cfbea203ed8dc6e6747d79926,4abefb020714cff9a60ae8e12721403a6ce1a11fadd2b12a5132d620379dc042,conv-47,19,targeted,True,1,False,False,0,59,15993,2cbdd998dbc0a885b80cd4fd9db56ade5c39d38492dbaad1958124047cba66d6,0,0,False,False,0,59,15997,3afdbe8a7d6aa538494ba7dab220d03bf0ce53d60ea3fe22b7d9a8d102a33f8f,0,0,False,False,0,54,15974,92f2d2538207c78070d9b1e532081337b92346159d18bdb37bb9d24ef788ee88,0,0,True,True,1,114,31972,c88ad170c614c9f94b6f11cd78a77c3e298e4c4c6af0cc25066bb2c72a4337c7,0,1,True,True,1,115,31990,93c7faeb97cd7682e403e1e93a16931573ecd8d59359d9e33eb06961285faf09,1,0,False,False,0,107,31992,d7c449b67696464be32d07ff579b1c903cca99370766ea9a0048b852ad790cad,0,0
4cbc6cbb44f9661f687619ccd4cd2b565d8114afede985faa29b0235d39c39bb,c330a2113fef4cd48061c143472148e45ca673d3816ee60368a5b09e4d70a1d1,conv-47,20,other,True,2,False,True,1,46,15995,c7874ac2659a943b43fd03e890d85b3dc9cff4eda577fd65cdc5594103ce710a,0,1,False,True,1,45,15943,d118c90ddfab2c5035cb557c99eca647850585105451ae1cf7aa16b06e2fd672,0,1,False,True,1,48,15980,436389a9a9ec1a762678694d23849a712a86edacb5fbbf06248a83c1f6f07761,0,1,True,True,2,95,31933,06750907660d1629aaf411a8b93d2ef316694477a88de38469a749ec7e970e8e,0,2,True,True,2,95,31992,2c75f17f8dd12806ce71deb4e51457107b964a7ea58c52ddca89a2b6837c795e,1,1,False,True,1,97,31941,b3a9b02b04bc77c423807f4e2ead0d336b6ff2133217f78adec72449cbabe97d,0,1
f4f17d364c506e51f53cc1b34baddf9f68f5ce394ec6eb140e0732b2ae2d77b7,401b79b01a207fa93442343fb99f27d1ad5bf1e58cd97754a1b93cb44a489ce2,conv-47,21,targeted,True,1,True,True,1,45,15949,9bd4409f8192626a44a3cd43a7d42a9f472db13df781e9daa3b442c2c7fe97d3,0,1,True,True,1,45,15978,a5a706217576317f7ea48b42e8d4b8f565c8867bd3f2292ea7b73a798904090a,1,0,False,False,0,49,15980,44084cbfdd6c93dc7662d4aff3fa5e3e0a4d46e5a1b04b84bb387ad358a6e6cb,0,0,True,True,1,92,31992,9b530e959b8c13b6a9fbddf677d9d3332ce1626bde654b243ceb6ec8987ad552,0,1,True,True,1,93,31969,2555492b8f4820a0bc30c35b4b40dd511eebe5e40001f4b0bf61f2316ee813bf,0,1,True,True,1,97,31999,f06e2a0289588c95274434a64e3564e457d8b8a7f048bcb07574b1ec6e9f02ad,0,1
ea5bd84ccd9eaf4cbe6a349d3d869962fad9114cd10e1e2f2f90d3d82be0b823,757a5339d32190c46b33de9b720d2260972f62e7e97babddc827fd1603665feb,conv-47,22,other,True,3,True,True,3,46,15999,26f89202df2d1e93d6c1ee81225aeee38fdaa3d7b0f4cf03863676a1a1679659,0,3,True,True,3,45,15927,b81b6e4f4b50337606230ebcfe4c25623c1550b67e5ed10772439ebb85257883,1,2,False,True,2,48,15921,2f923a7f82df9b73f3a4bd057f2e3a0b11bde972672b7f94d6c28a9a2cd8e73c,0,2,True,True,3,100,31968,13c54a4b2f4e15b9fdd820e3c5db3a40bdb0ce33b31e4b7a46c9b748e7cceffe,0,3,True,True,3,98,31977,70ec3a3d553f1893fc291e5c8e4262dbca89db30ae4cc4d514a29ce6235cf0c8,0,3,True,True,3,97,31929,588da696c6927feff326a2576996362c228b67ebc6b043cb17cd9a2395786168,0,3
f674d2ee066bc1cde0f851fff46ceb75be3bf0eac30668535b7d3cd0a642839e,a8c362a92262103a1d805c52aa7d7876a2dd8a1abbadffa2f9686ae0103478c2,conv-47,23,targeted,True,1,True,True,1,59,15954,b38568ba451d5141bb229c0bf4a4c78218d6fa43c45d1d8e41b4473a4bf47d0a,0,1,True,True,1,57,15932,77331d3966001b8c9b27715d985560d57d5b1a51026c8961a89e5c3bf904a355,0,1,True,True,1,58,15998,c926044ad5e060ff7a56c514abcd0bf1dbff0d4c7eed407a40b6f54131fdd9b6,0,1,True,True,1,113,31927,2472336ec99697b83f5dad0ecf0431aac99ba11a2e24efe84bfc456d3600e325,0,1,True,True,1,115,31998,6addb480f2df21155e11981d9ee62b244beea80c63e156e8ce52ea8dbeaada1a,0,1,True,True,1,108,31983,60ad9091fefc770a39ded0f8e84ab658b41d839f06f65554d6bb7e6fb58a69c7,0,1
b32919131416fe5b56f45a863baa2e2e03c0c73500495f31dc2dce81102b0280,a70f346453aa4d24906b4755f056208e8820031297a30f9f21a9b166244abd8f,conv-47,24,breadth,True,3,False,True,2,45,15967,9db530d033075b99e245be854699f36e7cd552e7e2bc69fbcb183f130e7b57e0,0,2,False,True,2,47,15951,3829c46ee41c4677470556beca20d11ac64e8c0aaa2e6164cc5cb2671abfd582,0,2,True,True,3,49,15978,17864bd9944f71ca40f8ce184d955c63cb8d82aa1e100d19f9bf899b5fcab0cc,1,2,True,True,3,94,31981,fc0dbeb17264f4f2cfcdab72980fdc27926ba4bc0d82abdc3f5107882c13dbbe,0,3,True,True,3,95,31975,0fff4726b555091d2469fe050315b645f9ec3b736df8278eb5198f7b8ab2ec4d,1,2,True,True,3,96,31984,6b9cc36785e87f59338dc38a36da4c57d720fe8e78dbb3f559cb9a9e816d939b,1,2
5f971dcc43d8788ac57ac57317cf12a80e4b407d42aed11307f9ba6bd3e3c63e,c43660769626ed7fb7bc1884f2dd7b124f37aa2885ce3b617f669e38c53bcbab,conv-47,25,other,True,2,True,True,2,61,15991,0db2ee525f5ba1cd5f3b6a310cf4d69913f9eae506111b55048a163d63de95f0,0,2,True,True,2,62,15912,90899defaffab3aee94afe1812b25c125463c734966dd49696d2a04391274a8b,0,2,True,True,2,56,15917,ae1d8bb7c5d280b53caec436adeb6ee96e2e97525f2b5c1d3264f88e3296e235,0,2,True,True,2,116,31944,a467693ca3d066205b1406238925a2602cdb05bda8ec5bc3608e58d8449c7455,0,2,True,True,2,116,31939,757b625bf028d7b88e6040a1d641c07926145e032c55da4d2815ad3cc9ea6264,0,2,True,True,2,109,31927,4ace368e7a028a74a0a04f8b6f7bead96def6ce878ebf739f67295c8c893bd78,0,2
65cee02b5a549d5271ca85f32cf840eb9895ec2e41647fd6c51e72e85b998767,a5e05759a1c70fc0c99c433d12c8714c55d41e2563233852d2791b59c269be54,conv-47,26,breadth,True,4,True,True,4,62,15976,41769794f95250a13db9ca7105ea17d0bdf34524afcc5277dfaaf0a31243ce8e,0,4,True,True,4,60,15925,4c58c1535d6247b3f8618a952da59801c2aae3d1f57f4b88f2f9600cff47bf61,0,4,True,True,4,56,15952,5efd6bf2d6e7c11052f3d5cad341834801b2a2ae3636d88b727740759868d1a7,0,4,True,True,4,117,31977,14d84cb69e670e4d790166c5e0de28a2917b833a6d2b299d2325626f5c8cc182,0,4,True,True,4,117,31918,ddd733597dc3fe061232fca0dfa8b007030daae30d6b5cc8d00ea84437c6d669,0,4,True,True,4,109,31982,bb394d667b3a91e56c6ccc0314a2f169f93fbdd2427293d7a8063f2469201d30,0,4
5f4f61dd574b182246df363c8cc77259001b804826c6ef2e26989a862c499a21,81f83ed4fdd22cf7dec75682efecc4aa69af4d5f8385309ea6970b54bcfb3cdd,conv-47,27,other,True,2,True,True,2,61,15990,7bb2aa4a1fc5be6b21499fdd7596f5cbe2c3cc4b8c8276f9cdb33117dfa49f1e,0,2,True,True,2,63,15990,82ccd086c9b4b20e0cab68250e797866eec28dac45cac2a7ac46e640e325851a,0,2,True,True,2,55,15958,f501faed202dd2d743c1a70f6f6ec2b91951f5c4027e7117bf4e5bf11f5a2284,0,2,True,True,2,114,31922,8a74499b992a42e410254cf123ab6041b4640bf7af917d5a68388308abb06701,0,2,True,True,2,115,31913,ac397fcff0af9ee1862dbdb9c65a6259dd381ef57d2e982cf9094f3d57b2268a,0,2,True,True,2,110,31991,8e165231a4306e8ae4469998f628d3c2d28900d1ac29b18584106fb5c532e32f,0,2
8b66331d7d0a2ff18c362616f0441ce1ac80125fc6b6fe72f16d442b59e34f70,338395bbde00be5e0478691aefdf7f74ed16df54269e359d9957b06445796b54,conv-47,28,targeted,True,1,True,True,1,54,15994,fedd3079a9287737faf7b063be7ea2b0a150d0aca224ce388865a1c100444aa3,0,1,True,True,1,53,15917,762cafc4c0ee917502ffa50fc10092668a045cd251f0eef2bdd9867adb1b9c5d,0,1,True,True,1,53,15915,5557c672c792b68ff7b3bb5d05b32032f78e6a3f1e2bd10753aef7e8fd892c4c,0,1,True,True,1,107,31947,9e6c89a35759d42eb1681bf6e5c40c1c0be03e1ce4a9f998ffebbdccdc9accd0,0,1,True,True,1,106,31921,f1c6f5bee1a072df61e4168d7ad4b5d01acf58f30d42078f0c9f9d34e58758c1,0,1,True,True,1,105,31935,2c6d0a353b03b4b0e78972d77895060554510d4390e8be8148f2c90659dc642b,0,1
033389617e97e235302b11585d2d62d06b5379431ef1e1da31ec4a538b9d4dfe,fdfe497ebcad2a8171f25bcf21a88a9ce7d001c4a5d0321b8c150055311bcb43,conv-47,29,targeted,True,1,True,True,1,64,15978,6d18bc1951c1f77d0d5e90d54f1d675b2ea52973ce2149310d591d7a0a9c5619,0,1,True,True,1,63,15979,d1079fe2c49cfffbc434376c74eb88d2ea91abeeb4cec5414bbe458f1bb2533d,0,1,True,True,1,57,15916,4cf226cd89def4ec939c3633e33bf227b1b84089840e91bb9f46feedca0ded49,0,1,True,True,1,119,31981,8e954f558ce1c85489594a3aeaa493a523fb4a39b3cc7c93e10cb38778b98bb4,0,1,True,True,1,120,31965,1f4f145cda392dcc2b2fd5b729806197178538c58c2eaa262979977e8d629d76,0,1,True,True,1,113,31971,b672e5f673e872cedc443a2ed8eeab030bcac49f24d129acb3f075e0d67ad3f0,0,1
6825957a73afc533e8bb0b112303de34350b2ffcd3f911b4e255bfbf2ae1dd0f,26fd33300596da2d70a92de9d4a8a9a750406ab6743fd06dae1dd3e8cd83b421,conv-47,30,other,True,2,True,True,2,61,15964,cee11ad1861f466ecabf9fafac4d7fe27da8a75b7b167d8c46827dd53c7048b8,0,2,True,True,2,61,15999,b0255db030be2bafd4277a17a699a2ec090bad130930bfa8658409a25c95aba7,0,2,True,True,2,57,15996,c269af14c24a92682f401a090061e50c5f101423506723805b3108cbba272d8b,0,2,True,True,2,118,31986,60068491021d6e2d2d0a5166db06ef8b65bc875467c7178bf4b9e1be93f36988,0,2,True,True,2,118,31925,cb134e9870a5136622890dec19fd9729d5c784b3286b306c4f43f789a0b13a97,0,2,True,True,2,110,31910,0103551f9a8bd48c833a39ba20d364d4d2a39bce6457c34ac83f3c0f5c731696,0,2
19a48a5e6c82b817f856647559721be872d2f6be6b6564bbb90466517fde3ce1,4d75ba533f730f974ad654413d32c5550aff7ea1d6f196f1ed1128ac12e3e77b,conv-47,31,other,True,2,True,True,2,58,15953,86bba9d38b7836d3cb70faea7271259540d786e9d19820d93c7d1080936d95bb,0,2,True,True,2,59,15945,d90096e327a3a8b3c92dc8d04211553ae191aea32c638057c8fb4cd6a40e4113,0,2,True,True,2,54,15986,38fd7eb05734e49572a8f7ee0ed86c796b2ac48ddd75b208cfaed21dd716efe2,0,2,True,True,2,113,31954,d00a74c343571972707eedf2dfb0d5e9a9d48aebac17b3aa281561ffe7b63c09,0,2,True,True,2,114,31982,cf999d452d1c998422d3e246dc08e1354a4bca6ba5949f5ad694978333956c74,0,2,True,True,2,106,31976,fcb4989e7b4604b8aa93cea41b4d126c717c842f668bac74ee2e5a4b5bec2413,0,2
c55bc907660613c94dfc75cdff5204f16023c381dfbc7eb7763e62edc26e2ca0,ae46ade2698bfc400cb81c7d198be928ca49f741ab439f0e5496c1a547f6f946,conv-47,32,targeted,True,1,True,True,1,60,15983,e40088cdae63d55fd3690f44a8cb3eeff5d5fd5d3729af3d08f323960d815cd7,0,1,True,True,1,60,15994,e2144a5f71d261155990bc001c3214af559369014688611168019aad054bf355,1,0,False,False,0,56,15923,876b082c5b737f1f9c78e4f23d46e62c2bc3be8dbae8c3334c1a6c8d8852b1d4,0,0,True,True,1,118,32000,cee1f8a6342e2b1de189b77284e3eadff3e783d25080a840be2fe9f4945b2215,0,1,True,True,1,118,31979,735b21c0ec412c7f4056a9e239caaf946113c64cf5a91703676ca35eb2ed9eb1,0,1,True,True,1,108,31911,1bc91101dbbc033e9179f3e2d4e92788bc6b8c1df808e029d5300f5e7f04269b,0,1
841358e8d773b3a11a85363576315dd91b820b87ed10bab67d60c85769a60363,fdebd6c60f62ec9fe2adddf8745434320b50b101eeb5a82bd75b8bc4c935b654,conv-47,33,targeted,True,1,True,True,1,61,15940,893edaaefd9bc48ccafdad73dc160964c726c3e433e4feb752327106fdefa5e0,0,1,True,True,1,63,15973,b870a076526f8ffabea0fb775d831004258d3b1aca42b349da167c5931f32526,0,1,True,True,1,58,15978,cd927290578fe76ddbdb9896aed9635cfe033f22d13b7bfce0271b1181061a0e,0,1,True,True,1,116,31988,7b28b793bbe42a4f36ca8a47a4a071a99be6a97f57edfe0f80f45ab1e4b1bdfd,0,1,True,True,1,117,31963,091d7c73ef10e1916996a930f48ff230b31821e0731b3db05ee3ce048a57ac34,0,1,True,True,1,110,31993,e6c0187c51f16469c514c48ae6551aa2140a352ce68d614db92dad518d379cb3,0,1
873d89abef52715d41955c4ab50737755965569dd31921219143c8c477bb3bfc,75a0606c54e5c628f3bafff9b6db0fb877bc6647f622e1b9f8c200b0779dbb1d,conv-47,34,other,True,2,True,True,2,58,15937,13bceb34a04d82a6809598c730011098c5ce59ee00462a6dc8afce185f768fab,0,2,True,True,2,57,15966,f15abcfb26f8e89fe924d6665a8de413e8581053d9f36812aadb073286349d88,0,2,True,True,2,54,15975,21e88ceefa1e2093d2f308fa1a1e67edfbf4ca0325b6b59150f35ee82bd348a4,0,2,True,True,2,115,31990,2358c380d4d3bb346ca19e52181fa1ee707dd4210b599f74165bb0f13bfd21d2,0,2,True,True,2,115,31979,99da2ea98740ab8a22d05e777d08fa460ea1395950a416f7b33a64b382efd6f0,0,2,True,True,2,107,31967,d3a5852d93ec691cd42a922b593f365421d24efdf55a1b6ff6c4882435e47465,0,2
74f96fa5cda0f81f1bef73364289461da5f94e1a573eb8469a94cfb8be608863,e1d4824c9bb1bd7fa4cbd76a5583836f59d77b8fed709a02070f5bad417d718c,conv-47,35,targeted,True,1,True,True,1,56,15952,7980e11bda99999af14299b379391c2d986bc024a821f9a5f3149024837dae4a,0,1,True,True,1,57,15915,bf314fcf0508fb3f1795451f38338d89ec2a1eeb2fa22ec90462108b3b7f9514,0,1,True,True,1,54,15932,677c9999047cd4366c19adda6fddd11c333ce969d8aaaf254b79db152bbd0ba1,0,1,True,True,1,115,31936,3d107588b3ea00317c2203e5500bc194a917bf39f617cb78357ba89829562672,0,1,True,True,1,117,31996,050fd082c1dbddc9204be9ea9acc972e528f145f8be0e4762315a0a50ae8872e,0,1,True,True,1,104,31931,da5c40428b8f650f030c6b086772957afe0d910c07f3cf7615295035c801d9f9,0,1
9617e94e6792aa4099d6eb44d7153ed9b8f3f6ed8ea656fe44d9249a0c03ec03,a4cefd46cd7f577fb890a41e84b582a9d5ef61c2a667c5e3ddd6fc6a71282a18,conv-47,36,targeted,True,1,True,True,1,73,16000,d568ed7d3fa9f6d9b172860bcb5574d0f0d889fc6a55f9ca32b6a27e6d1e0b15,0,1,True,True,1,72,15946,95a2351facfb0ac6e01ab8d6d75ab5f11cc93d4f005c74cebd76bc2c6dbeaebf,0,1,True,True,1,61,15933,c3522ccf5dd3c1482a3a7a764bb8f6018e6996824d855625dcb2c932eb0a08dc,0,1,True,True,1,131,31935,166588d8fc27360761a4d432d11890607f0414745e0d7b499a5b9051bc7fed3a,0,1,True,True,1,132,31989,d608196501147c197aa0e35daeb44dc8496801efb735fad36d7258c4155f8665,0,1,True,True,1,120,31964,f0180dcb97c78ce55cacfe46e8c55d42e83bf75382f16643aaea3b7b124e0edd,0,1
eea8880df2bec6d594d976271c226fe729f983feb0635080a14cd3ef9e092d9c,374be9117e73071f5eb249c3c42aaa91413bc62aebd0a30ed06f5ab7a2d3e732,conv-47,37,targeted,True,1,True,True,1,49,15975,374296169c7db058b4ab48a8af3fdfa7594f72e0b204e3d76a888639f58c0cce,0,1,True,True,1,51,15999,2adbb3fcf6a5d1ad9cec7adfad24e7255a7dbfeaff62df6457fab1dc0e0a4a91,0,1,True,True,1,48,15986,f109fe4b55fbcb499779f47d88c8f585b0fe761bf765759377d208868afd3dae,0,1,True,True,1,100,31998,7e5af73e00b2d1f5dab11fc32a201b61fc4eebe12ef6fab455645ec01ccb6d3d,0,1,True,True,1,100,31920,00e2aef665585c3f441b5e2438f762abb29c736ac142d0652dd9dfb36aa29d44,0,1,True,True,1,99,31914,b8048bad70437cf4769de3ae5c9f684c8194558b2678bda2870c80300959c0de,0,1
f14e773493bb70c33f7cad451646155d8ff4ec2ee236e21a15f1fe1a2c93ee72,29e4b7c855142832f8bbe2a2d37694aa1200f3cdf5bcb85bcf04ea6257256817,conv-47,38,ineligible,False,2,False,False,1,50,15927,443e0c59e4c971f5b29e8f6755e9795be8d1dac0784b459233cd5e3b3725b7fd,0,1,False,False,1,49,15986,5ecf4adbfba36299470191fea220f34ee1e8561bc25a0aaa973cefaf7d5c2d8e,0,1,False,False,1,50,15924,afeac37cceafe26bab04487e3ecf7c8c3529210f6e8da0dba668ed415d72b969,0,1,False,False,2,104,31925,015977609cd2ffe3fd106a750ffebf493669ef74f2cf9c837d7abac9ab2468ee,0,2,False,False,2,105,31938,63160e864cd1f5486771abd6c1a2df4ae862282cba58ed4bec139cd4defe9d71,1,1,False,False,1,100,31939,9106f8ee3a11fd271700d703a2efecd9f5d6dda9078b48370bc8fc854dff105b,0,1
3256d69d49294afac18a9c283666a89e956460410f5e12f828469bd70aa8a4ff,7d149f7c19fc5a29429a9694caafc42438f278f4d92f5d9b070ee5a92c3d81e7,conv-47,39,targeted,True,1,True,True,1,44,15994,e8508d8f3e4c1415923910a0f96ab4ca1edd7ee814b91db0b42b4b5c20cd5289,0,1,True,True,1,45,15966,40f5c98b34294fc0e29d78abd33d38f36c625857f794b50f6e4fb2cf04ab0450,0,1,True,True,1,47,15985,ef3f31f3aeda5e4cbfecb55190cde19ec35ec1a4d0171591865de7a061f38cca,0,1,True,True,1,95,31934,ced5c23f3e9cbe3f84743359a48c33357b65fc29485e75278f068f2093e7a497,0,1,True,True,1,97,31968,5f448112dcfc31a07139f5d7df91fb1c6ed6de21426862af8927a00496f00bda,0,1,True,True,1,96,31989,0c0e6b3dff20fcb82a0d06c37785d4e8e8b306a264069b20de6ee847ddb107b7,0,1
d1e308d0c25a042dca79e61405789395009797a9f09d09e17c18c745be4bcd18,de5298acb6f251c8777d6278f6c39d64250ab16befc384970de159f8ce66f98e,conv-47,40,breadth,True,4,False,True,2,60,15997,da7230f71fdfbd8c6731586d106c7f621910500e677c655b755b06fa6a901040,0,2,False,True,2,61,15978,ce31ceedf8263d2f8128ae5c23a886b280046bc0956fcdb3475ed7d7835ec725,1,1,False,True,1,52,15979,279b617ee5c5056769637ee08c5f45a262f216eadf5e9a42bd42d3d1a4586f42,0,1,False,True,2,116,31972,8543d203a00f11c15f7fa6999706d8e54b14302d1f67200248d339fa97e55ad1,0,2,False,True,2,117,31941,679d4365d708b9226d415dab0d72d513d85f60627ce5cd721fa90004e4def5f2,0,2,False,True,3,109,31997,a3b298cd2a68bfd28d86d6a03102f3da783662ce25d0113bec554bebffb1f5cb,1,2
38732cf6d01ae76d6b3c01583cd17c652763390b1ce295a4e3502f409a1f172a,764c4de8acc907b67861eddfb99cd076c5756f91de1f892edb6a52878abac79c,conv-47,41,targeted,True,1,True,True,1,62,15998,6c258f0cdeb25c19a245059daa459c9d8b682081ab3b45f3ddfd0a7fb60b950d,0,1,True,True,1,62,15993,b11cf812d00fb74f5189ce8e7b2c51ea5988612cca51a785601fce55d5ebfab4,1,0,True,True,1,57,15991,a533773d4febaac58b8f080e8ea2a513d87766957763b47e830251a4d20e0d01,1,0,True,True,1,121,31969,e6a4f77371651490ed73e7f1e96a3ebdc891714a1cb85de64077dba87ab982d2,0,1,True,True,1,121,31916,b1c5514ccba02830335a07c24110052cd7e3517d0162cf326936fdb29728d2df,0,1,True,True,1,110,31918,f2306e87c6a7807f0838203fb0591ce882bedf046507c72d9021e29595d8098b,0,1
b9b42c9148367439c3815e37080a8017116062bf782904735b5dd11c22954869,40e0ec63a7fb98030301202bfaa7507df32d7d1fdd9cb2c0895c1f54fe6f0d97,conv-47,42,targeted,True,1,True,True,1,56,15988,910d1284e222c078b558c8aa97b24eecec8ae8f09e6d4ccdb6f688bdbd2a9896,0,1,True,True,1,57,15982,5260beebf7bafd64f52d65a052934c177644e0654093c9dc2ae5d612b8047ea4,0,1,True,True,1,54,15993,d6b5478a2001e6dbee703d4748e67dce14be27271fc1600fd242b9b0fd57a207,0,1,True,True,1,113,31930,e00ff201e12a1d7a2a25b9071a1cb1633e680d3c5d92319391bc19197058c057,0,1,True,True,1,114,31973,19fea27b6f74077af04e88c467744c21eebae6355a41f6f6fd5992ff54d8f985,0,1,True,True,1,104,31928,166539441dac94040e654cf2d581dd9abdad5a7052c434af5510a5440d97880f,0,1
15f6598bd6269657d95895c25792a4c08c957810a9b7076bbbce3011d649459a,35881850a8d5261d4c9cdb2ca668482d01efb01826ec12a3f1ab7f9f5be45629,conv-47,43,targeted,True,1,True,True,1,54,15973,9f03911581c221dd9959e7def124fbe04cf5fed998a21535ee57775368b7c256,0,1,True,True,1,56,15982,742a2f2d65b56534e2b66ff3e9b50ae4c8c7ac28a1ef5877fd9d5fb8bbecba72,0,1,True,True,1,54,15955,cd142a9e3db75912112cd344cd93c969ac2ce4212c13f7977a1ad41fa57440ca,0,1,True,True,1,111,31933,debab4e915c5608b0753c87969059a27c77f4f5413b7f03256188637ff179782,0,1,True,True,1,112,31999,aaa1db5f81127196f7e24c7a80679e13ab496198932198bd5d386ef7837a9944,0,1,True,True,1,104,31916,e2cb84011a2b40cd4d28facc2ee36c68f20bb6207a6bc5b99041ea090fc35e75,0,1
0de69a582f4908487262084ba364e78b4f93915460db4803f89f40717b26eda2,bcafca232628b6a7db6fa74a5fb6589c2c311e171f5ed91d82899c2a779a198e,conv-47,44,other,True,2,True,True,2,56,15990,18cf401b664a560245d08d1c19728dff3f3f64d9ccd0e3e9e94cf46e48f8465c,0,2,True,True,2,56,15955,7de2257d6617fd39d6b7931939e8fbfe057ba1f6f34bb05fc031113703308108,0,2,True,True,2,54,15991,292d23dce0958d8cc907cc14d8cfb66e4273216e14b4a2e4d81116f528a265e3,0,2,True,True,2,107,31992,058c7f0d82b6a4f8a34b522ffe5f42d2aeafe1a10fc1e48e65d5a76b39763ba3,0,2,True,True,2,107,31998,858db5ac97a7cef5a1893fbb265ac5d9bf61d55bf5a1af9aaccb1ee008afb578,0,2,True,True,2,105,31930,db9bf77aa62f0685fba623f9f8d937eb119c7a93950b8318bc6c9a6e97632791,0,2
7f91ac24aa44b6099bb0e522c4091381953035991f07ba680da2f6373a94f46b,dab8ae7aaa4410543e60c35d32ac1c5cab7d0da6f00f0cefb16ee532481cd47f,conv-47,45,other,True,3,True,True,3,54,15989,13c15d32fe4b070b9e7d42408440e7ae930418dac4a83ef2db1bfa8a9e2a1528,0,3,True,True,3,56,15949,15b6e21dfa6edd8ce042e10e8ece41b1f982405c1a4817d2de14b87cd70be7e2,0,3,True,True,3,54,15999,f95b2607fbc0aa53a35bcb85d77bcabccd9b341ad8e263417bb016ca5807823e,0,3,True,True,3,110,31986,6ad3f9770026bacb878830865b9e8bc28a2348b7e1c54f16b66901282e19c56b,0,3,True,True,3,110,31971,a99def3743d884e2c39eeabc32a64cbc01bc0a645ee19b71568bbfd902f76bbb,0,3,True,True,3,104,31993,a205b348167b7c706b6812bd30532e42078b6a53e0f57284b8c583f9196958ae,0,3
dc30824d53a1364d4c96fd96f14e0bca8bfacf23d51c48359e7799a9ea8a5645,aed3cee2a6369f68bd3e8f2233825a618b47a893480da5e11cf1995283c780d1,conv-47,46,targeted,True,1,True,True,1,56,15914,bc8307c7a1d7c1316e4f6f44ed376116758644a211380283d31459f57fd83c89,0,1,True,True,1,57,15995,0b7198bd4060c4ca27fc4879984fd9003584eaeec6ad696f0864550048a606c0,0,1,True,True,1,54,15960,b7eeec210ab92c782a555307889d6b3327d93c7694042c8345789e3e9790af58,0,1,True,True,1,114,31984,eaf8639d32b3e605acd29fff161431189aa8be1f2f44f8d21ed251cf8d29285f,0,1,True,True,1,116,31952,a2ace5d744c0e4dc68b4866c9e1e34116aa755b57f33804573365eb7c3761604,0,1,True,True,1,105,31980,edfaadc1f37bf2056c827f84d32dcb87f9a3357006069b6f06ea2ee6e2e2070e,0,1
c72c3bf1c7fb056ed8bf174ff19b81f0135dc7fc98d167989647158cb9d590f1,d8cb415db86d06cb5a678d967f7c44789a7967635960b449837f15a497b6b455,conv-47,47,targeted,True,1,True,True,1,61,15914,b643aa4c81c87f411ff16cff10038234686fc4b70259c0356f1266b183ffa4ea,0,1,True,True,1,60,15972,29a2227ca9980a004f920b19e913dfe9afabde29a55d8deb9c494b521530f087,0,1,True,True,1,55,15978,21ec80195e6c74f3a8b1865de190cb93fec0a1eb6dc8c9ba9cc3e3da72a39178,0,1,True,True,1,120,31951,c3db4e7d5f9b8e6b2041eec70ae41ab146f71f2b31e9b5c058ab06fc92298377,0,1,True,True,1,120,31934,20f7f3a79cb769639c903390b6b10ef8397f5f3b328fc06a9fb59143a9bcaf46,0,1,True,True,1,110,31956,d8ac609cf96e47a51183186d12c667e1822a396901047eddbeb46a3bed4ef8ca,0,1
76bc4a731506bac26244b2437bd6bb63e12068dd8fe0f754c0b8f662234ac696,b50c037dff432a48d72bfc799c3eed2a936c4e51bc7bb7be306eea4f85757cf2,conv-47,48,targeted,True,1,True,True,1,53,15961,23ddbbbb7ccd6069b63012ed476ba184ee6d10e263987aba072df57efcb01538,0,1,True,True,1,53,15922,51822d1c1856c574aac65abf457a3d0e074d180141d773e8f036b89d0eb14a76,0,1,True,True,1,52,15982,f2607372d6f17028270a44cb8043749e42bac1150e47423aeb31572fce3c2c92,0,1,True,True,1,108,31960,1120112562ce605d5ca4641d2005c0e219365431cfa3fc6f2c94af2df2bf77d5,0,1,True,True,1,110,31955,1acef28f95ca0c4f747f5306f145e3e73cf661a68812298b32e8cf902e9788df,0,1,True,True,1,103,31996,2db7238f88ae493453a649df6f07f58f313cbdd1ac1809e70b2f5adbb9683e55,0,1
1bf8cd1d64c28cdcbc9acb1e374675bd768b26491e241e06cb2c6867f29b7a3c,41df03bd1eb59675259199065c4a2e853435ce4f0b218e162849fba9d530f10c,conv-47,49,other,True,3,False,True,2,47,15992,9f3449e5aca22b8481bd80757854c1c26601f2e1b964119a716924361625346b,0,2,False,True,2,48,15946,8d125fc949e39e0c185f21325d4b068ef475aeb5d6e733871afa064b3f94586e,0,2,False,True,2,49,15931,cb90f09e889dd5258d7d36c537de8c141b0a8fff90f2cfecbd36bd727aa5af22,0,2,True,True,3,94,31954,ac4720a24cdc29cf5b6537f8005d401e5c2f09e945db46a1ac5f3e337985e748,0,3,True,True,3,96,31989,c39050ed4ea97f0849229659e3de014d14289785896fbc08e658fde5f5f812e9,1,2,True,True,3,99,31985,77cb9d635fef13e728445bc55347e088ec5dfb7e00108805c669f92ba03475b6,1,2
d9dfbabbc889129a614e076c581c6edc3abc0021c55c844b56bac5b2e4124acb,fd0da59edf42c34dce375086e0b5d9f10a9ebacfaaa908983543dd05e0fe788f,conv-47,50,targeted,True,1,True,True,1,53,15983,32b37265390d1e480dc2d8ff550d2ec57de44487ea08a18e58961d532ff0aad8,0,1,True,True,1,54,15992,be3e3bf749d458dba538ca70cc4979a398131692d20a3d3866cc9158abc7451f,0,1,True,True,1,52,15948,1f51dc1b9dc730b40b3585eb28b148ea5a4275df9e8d45301977ae83619a81e9,0,1,True,True,1,105,31992,070d7d41eedf861badcfe15e6fff556c49913b127e4ec80b702c3f9898f0524c,0,1,True,True,1,105,31963,a2b0b15504d508de909fa98a5fee26e9d4ea82d51fa8f299daf1a123de2f5f19,0,1,True,True,1,104,31999,7ff03e4eb119337743f083795190a948ce4362d4e9048f35760947159c92e724,0,1
fd5ad44e43efc75b2638598d74229647fdd7e3ed33dceb58e4b25b86d6e50f6c,adfc241a3d25e746565ebc17e3a2bfd1a14ba1818567bdf221b5db3eac056a32,conv-47,51,breadth,True,6,False,True,3,43,15936,0e379776138da6a8a7120f7312cab4075185c4563c2dc8c2088b3ea02554ab86,0,3,False,True,3,45,15999,0db29293878b7d3fcc862f91e965415e3f5b6101d25a0fb2192b4bc39384187a,0,3,False,True,3,49,15998,2b033fc2c9dd8fd08349140c411a54e66f6b98ea10cefe6d8f3aab207a975e11,0,3,False,True,4,92,31994,4e8113895ef853cadcd41b012e376b2ebe26dadbea1960d7b761b98441b75a22,0,4,False,True,4,92,31972,43cd0638c2eb7239fa1167b8bf7832f443d48c63278068ad3bcdf37d2106e805,1,3,False,True,4,95,31988,cdc742a7412ac10865997f1cb3a956734309c7f69feaf5cbf3095e7e2535cb48,1,3
c4643577b06522cec7b5c27245cd7f60ad138e44e83c4c1780518bdc971a30e8,7077883623421ec448d86bf2f76f62aae9cc92c500a78825e446ccd9f12346fd,conv-47,52,targeted,True,1,True,True,1,43,16000,d11571b79c9a03f94918bb5dd686cfbd3553602cee7442224cf9d1b0ea9b4879,0,1,True,True,1,45,15926,a6b1d451294afb79db328f7050a5da043e53f8241aa9c97557a20c492d0e7498,0,1,True,True,1,47,15921,be702810a17e75f899070597894137ca8ac19957198e87d2b58503bb8110ebe4,0,1,True,True,1,91,31987,26e243e22f6f912befd1a518887d2419c02c1cd612924cb32e195b11dd180d85,0,1,True,True,1,90,31940,2dd37898477e096ead425ef840d50e57e24461c5b6f223b3a5f6adc72f8dc243,0,1,True,True,1,95,31916,15a1a1be44043a72b906c1b5c1a362a7a1e6da8f4200a317d2ec10893f82284f,0,1
bc288faac117b881b882d4d677101ad05be7b1e9e29a5d44b65bfc80b7179ca8,b4fd0c62fdb747fe685c016fea5e9342b586df213b637d9492c63e152b51485d,conv-47,53,other,True,2,True,True,2,44,15959,0fa6a2f1f14d76da45b0b2eb135137aff55991b64e0bffe2ac4a40216e34a942,0,2,True,True,2,45,15972,70304962a09abc4c8f50809722127eea505e9dd96615d51485d9466d4e6e09ea,1,1,True,True,2,48,15979,ab519c952be2c333c520544b77ec4b572cdf2656222f0fad3cb014a4fd793f31,1,1,True,True,2,92,31940,7c12f328981fc1119184f11ec3a360aaa4b2116877b44a84843fd638d6094c81,0,2,True,True,2,94,31923,6cabbf42d8e4728025eeedeb8e42c51aa6eb480950fdaf73fab06fc167cf3afb,0,2,True,True,2,95,31985,fe0b7557da06d77445f105371dd3c66ffeb9c2d694799a4c8753d3460fd2d7df,0,2
260aace10f5af4e07b963bd7dd63786228190f4d6c809554a128566bd89c8af6,139cb23fe210f1ab4a666302938dbcbad5aaec74f732151b033cc9c7204ee592,conv-47,54,other,True,2,False,True,1,38,15915,550092ef266924c1acfdd1969edd02324e8631af136306d6d6252c00f78430dc,0,1,False,True,1,41,16000,a0857fcefefe505bf8b11bd489963d46d6087d2f68f685595fa5853717b698e2,0,1,False,True,1,47,15932,b86328a52e0fd165ae1afb642a8ce254ef1578030486783495a85ff4f9edab81,0,1,True,True,2,88,31956,ff682295928712c6d10d80d588fea98e73b93ddbbfd2531b2798792545667bf4,0,2,False,True,1,89,31941,a2644f25bd2fa9c760780f730ddcea45eb3ff1d19c489f51d95bd1885d4605bd,0,1,False,True,1,91,31996,321cfece4654973c9240291346ea260cd2e8ac8aba40bbdf63485ef655ae6f0e,0,1
00f0390d17eafc419028159def46a7baf74b6c9e03c6eab414ae47dce568b0ac,b072e483e9de2b0595e8c3f83b6ec778908dedc6564edad2adc44f4909268fca,conv-47,55,targeted,True,1,True,True,1,40,15994,87aa22fbe2164c5e20f2190dee44b1ac38823fdaddd667d3a320e2dc5ca7f631,0,1,True,True,1,43,16000,0e66cc22b45b3e13c93045f890d0420434772ca2d9b820f01e586494baebc9a1,0,1,True,True,1,47,15995,4654f6d5bb8129872a9694901d0816edde7d8b62f2b31469d6920a374d5dd3d8,0,1,True,True,1,84,31989,d8fe541d9fe125cf7d406df63755facb8f649af38d6b17f1a099cd0f7be18799,0,1,True,True,1,86,31999,cab5656213698fba2649fdac39f75936d5f5ad5cc56a1444fc58f7338208086f,0,1,True,True,1,93,31995,b6cb95feef1cd0c06fec6ea9730856943b4a5602de62877848c57f0af83867cc,0,1
3fc6ac3b3924e5279a3639b6b0b8cc73194c18ebda792236627550c7488fe2f1,b08a508b259e6052f934f87815cad2b2c67eb4f200839518b95eb1e5ea16a425,conv-47,56,other,True,2,True,True,2,59,15997,26c0c1ac70048938a736d171257e8362440d8a714221da881303ff510680b943,0,2,True,True,2,59,15993,5c848864a7d75e51ea9b577e0bf44273997824e05056be0abd996a5432757ecb,0,2,True,True,2,54,15966,e2be5300bb1856deb67c51702669d289bdf9db2faf956531d55faea4c2c647d5,0,2,True,True,2,114,31920,2f14b6033cbd3f4333f141c9819829a4d28b3c0cb023d7024893b3dbc46e9549,0,2,True,True,2,115,31946,28da21e3e20b78e151bc6ba87d007b1845da22507284261e52b9cd4d2fed6e45,0,2,True,True,2,108,31938,3fe2bb4478018c2134c6e00b91b93ccd1975df0a98263379627d3074b216cd2b,0,2
52949ad9760fd61c1c8f41ad8910c9553d502d44223dfc6884d0395f28e0d6e4,fed1976d42edad456855e96b194289b84953d417422622e2ea0958d9763785db,conv-47,57,targeted,True,1,True,True,1,57,15920,be5b0992dc678a016c3ec2c95fd229c09290d5bb2073d7e4949c94ddd33069af,0,1,True,True,1,60,15992,1b1dae3fdee305eb38f26db5d9b17ea0a421274be8d8c9ea9a6519def5c0d4b4,0,1,True,True,1,53,15931,b8b2d805de2f690423d4a780cc9602a3388195c20b5eb44e68a0861f9360f4aa,0,1,True,True,1,114,31955,c7e1de1c86feeccb0d2b0e56b21b499f5877389001ee85bc0236c45e779b5a40,0,1,True,True,1,117,31971,87336a1d15f7314a5a2d2f3297377e798ad96a45debc2c3cd2d99c371228baf9,0,1,True,True,1,106,31968,4ca365ab06d7d3001c884ed62ccd2f2c6e9396b463e12b96a86a7406ed782f73,0,1
8c9f592b7b8e8c601a768086ca2bdb6de99999505d6f5a2801aa0429903ccc90,7eb3f431402b0c10af27a50bc7d2e51bebf5e9ac274e8707dd4841769d5a5dba,conv-47,58,targeted,True,1,True,True,1,45,15936,b7dae8e38dad3bb6ca80db0b6b9f1ecac8b5758ee568256e0bcf05c9a8356309,0,1,True,True,1,48,15968,74e2c6eeb6ccb7c7a09310e3ffc6d61695e02eb33752aba7769b8ed5e5e5ebdc,0,1,True,True,1,50,15920,06b5f3be524ea1ec594a663f484c9265fc244b8708762a3db97e21ef05b538dc,0,1,True,True,1,95,31962,cc223631d77c3e27f653399eaf476d595f56b83a8ffd1e81d2eb6c72cec969f1,0,1,True,True,1,96,31964,d43fb24c7ac778b060289a9f8140566b56476589b91c7df206133c0d03409feb,0,1,True,True,1,96,31999,784e1d40332cd5a39439cea8a82338beeb3bcfbdcd68a7a1875f9c6c953d5e7e,0,1
4f4c02b939adffb0fd57997a0ef1dd2cee457e499c019ef7af7346e89e119213,a215025cdd1b9a6372c68c401668ac77b5886c7d8a4d39ff17e345260b080c8d,conv-47,59,targeted,True,1,True,True,1,45,15970,587401f30da4cf18dc148c6962f16188262daf67d506a2b816ace55fe7ce1ca1,0,1,True,True,1,48,15984,2da88bbd8dedfdbf9599a443c29ee74b04e2c1a04c01254e0e88e31406ca3d52,0,1,True,True,1,48,15991,5c6a5173b21465beb45f0587d69344e23bfa03f757cd3f9c650e141046a6e7fa,0,1,True,True,1,95,31987,7c3c7554c4e727167b406a7ee14530f751087ff69c6bdce7333d1c10a0609631,0,1,True,True,1,96,31983,5e124b58d2b88ff7485f551fd01e8ad5ee745844a771a1414cdaaeb0fc328090,0,1,True,True,1,97,31987,98d35e38ad373c8cdbab13004048d219a51a4580a998add477dc140caad1518b,0,1
774d39a4f15358f2c320de771b71eccfac88a84c0d04e0e5049ba226f0c177cd,d4a7d4d139657a179610ce266d0fc2a771a4a38c673d4359ee2cc81a7855f769,conv-47,60,other,True,3,True,True,3,46,15986,704e2e021d016fa692b4698368507c7260a560c11287f922eb4978301e37929c,0,3,True,True,3,48,15995,a8e6284a59086f2cda213251d32b3c8605a5174c5441d703b6d5ba0625f447c5,0,3,True,True,3,50,15996,5a1eec798c907abc2bcbd0842b4e7febeda2659699f3614454ddac62e5851c57,0,3,True,True,3,92,31937,6fcaaef531aed7c9492883531a267e7d579ac3d71b29f1d4ca4e7976284c3626,0,3,True,True,3,96,32000,17a12fd4eaed1658e07b451b63398eac704b9bc63a16750058aadc08286c99f1,0,3,True,True,3,97,31974,3e18e20b876aa6a9ca37cd763b8001e1889a72336f5f8badfae44f91c39d0e18,0,3
2f69c606f63a5f81d8697a242e033ff27694186bf9ed40b888c9e2d5416fcd14,ecbfaa8d7c2b098ec150ae3e94ee396d19cd25ac53fc72c70c983937da1e5e34,conv-47,61,other,True,2,False,True,1,62,15930,87a12812c4a9dca5c8e5ef2476587dd13cb4a4f85964adaa985558fff3c50dd0,0,1,False,True,1,64,15991,cf1a704a9ef254365403cdc065761b704806ee288142a42d7adfe1ef7fc76393,0,1,False,True,1,56,15997,dfe727b7d1689fda1e6eb22430b0c65162917e563671443e86375591d4eaf9aa,0,1,True,True,2,117,31984,c4b8ec0405a264238a98636edbebf15c28845d73cc920f4aa0594cfdc0f30e55,0,2,False,True,1,118,31974,e5ddd466f3f9b58afa49e4f513d6c5067727b715a806ba60ade78ca0d6565bbc,0,1,False,True,1,111,31983,c63ac779fdeaf4f4c9fbb6af4040eed91224b5102818835338a59702351b2011,0,1
334a363928543ca41bae1de0015f1f57061b3bafe41548fac567c8a77a5022fc,f9734c3303689f1f9c47321f271b5a1033b98aac7ebe31af68616033905c20be,conv-47,62,other,True,3,True,True,3,59,15936,771aa98bcefacfe001ea4d0e3764782127673a12ec35d7ec0fbdea8d4a7555d5,0,3,True,True,3,60,15994,977d894df182c7f500b3d334beb077342c49fa3cc0b1bdc7d85c57d036d9415d,0,3,True,True,3,54,15998,30f3ff50ac288989e217bd9a5dbce4937f18286b3aae23b1a8f55091f43a3864,0,3,True,True,3,118,31984,92747b23ebac6b428c07a60e87b74a66469c980234fcf388f719346fb4e3ece4,0,3,True,True,3,118,31976,35fdf973575d4334195a5d662d6c76d5ee27ab8142e2f2295f8d43fd542ca59c,0,3,True,True,3,107,31976,81c42ad301a39853bc4f40e61541bf79e24f8b6beee77f2ffc6fbef7739e19cf,0,3
b8e2307cd727d8c27c0f8170d65bade5bd24d921fa28f50570472302ad179d68,51cd29d0fd30e9542ed57e388d32440a3db827b4c0f27347b01280bbbb1e6a7a,conv-47,63,targeted,True,1,True,True,1,54,15965,8ab5c3306efa84a83f74b9c6a297c9ef3e30e6923c8f94a38a4bd13066f52fd5,0,1,True,True,1,56,15964,53a249f34bbc9bfd1a7b24ae6cf6c89f4ff4c8a15635bfeb3b32e4b3d1e0336e,0,1,True,True,1,53,15968,f92b8be670f5e125ca07798cca320ccec27351469e6ed04323b5096007bd309e,0,1,True,True,1,114,31911,e7c4c4f525bd922837cd09ac5a426fc9e78dcf0c1a2bbcbea65b1c6160a90aad,0,1,True,True,1,115,31994,3a45271196e89cd822e1738ffca1492b4225b78eec65260f8d3baa30a07a6b3f,0,1,True,True,1,104,31985,3fd636568b7e92000f28bb2e5efa4c8765bcf141a36fdc1722faeead2ce27a5b,0,1
ececce2b9ae0a2cbe754a6b5adb3c2ac488c0733be309fdf0368920eeabfcbe9,d8f3c2c72fe198440c9800cc4a99c74cb1e9ed36525bef4d95230e216e8e66d2,conv-47,64,other,True,3,False,True,2,47,15977,05ba80b4a3b3e29fef176d76ea6dfc8dd2ba353c4c623a9714fc8c0981f05033,0,2,False,True,2,48,15986,b5bd58db44e116d4c06869820a731c9425f6c602ac652d55ff0435bf479557c8,0,2,False,True,2,51,15992,83e31b151a561465c0156b4b9dcccf0fa3b538080345201df5bad308d415f81d,0,2,False,True,2,95,31994,8d8925e7fa3762b043dbf3f983b2b29c43f0ff6eee6aca98f3492f17977f3b6b,0,2,False,True,2,95,31991,994af8317c6ca2e72a63cf4f5d3188a3f7bb22984a6e67dde0bc1777fae3d58d,0,2,False,True,2,98,31991,3940b8d0aa2daa5bb5f24ef586e80afed683845e796b2098641d080a55ad27d2,0,2
c34ed42ac4519fb049c6934e9693227b0ddf12eb0561bfab02d2fea201d2ddf1,dd505dd7a3e108c442df1d2dc2398506af51079d50c44b2574ab3dfb68771f60,conv-47,65,targeted,True,1,True,True,1,57,15976,86430abd1bfc54b8eab2d9926ad21f1645ea2f5e770fc3ff52a798b2de09e2a1,0,1,True,True,1,58,15983,3bc274dad24caed19c051bdf8e207f11f135a246b6cad413596f80288d0806de,0,1,True,True,1,52,15955,1d3baad70f39ec5ecfb1a2ba745371ebb23169075e2d20d371f6e930cbe334f1,0,1,True,True,1,118,31931,853c6e5e7fa4ac80de9171c3e50ea92211df2a3f4217f3cda7a6826f012e0bda,0,1,True,True,1,119,31917,2a0e85856307a17ce4d28217a1bd6cde3dd5bddcccc5b5c72e5d9122fd49df8c,0,1,True,True,1,106,31988,ffa578fc714857c31a24ba6deacd355a5a268f4c07a9e4333e40debf5cd99f1c,0,1
e4c73ecf8635f7cc0194f763d03b8e8586c3aac825c799d501edda55b376b0ac,786deda109cc2006445688e909afa5381793d387117966284c07bc6076daef23,conv-47,66,targeted,True,1,True,True,1,42,15985,46c7ad123e23b4643034bf536e4693bc33a95f8443d68a6f5d47b10309a6465e,0,1,True,True,1,44,15978,9d9eb07ac5826fa539f77769a673c296ba67f0f0d08d3bd020d4c7524035b733,1,0,False,False,0,46,15916,b7beb28352892a35a7ec9dc3ed42bd7bfa42d538648ca26a87dfa828f047afa0,0,0,True,True,1,83,31961,793e8a9015cf0d7fb5bfc71df13fd562839fc9b2d9c32cd857ed46ec4db7687e,0,1,True,True,1,84,31915,022d178864e674bd5df340dd0f7436115eefb7128ca5f74ab866ff03df52ef17,0,1,True,True,1,94,31993,5cc5f752182f3871dde775ec5320f36bde99804ec24fc39731de56069c3be28e,0,1
f3b861d3784865be53da2f4f3b6eac334d2dd0a121eb07ec78694db2e0d85103,6d7b967084ca7c61f1d35d07f3fe0423b214903b2527c6ed410050dab64676b4,conv-47,67,targeted,True,1,True,True,1,48,15935,d05ac56071026b4e25ada7a4e711b59bf584c734e888d98e343ef431f2518bc3,0,1,True,True,1,50,15927,7bb720c55d6dce10f94a500b82580819c9ca8c39e11cb5cb671341aa194de090,0,1,True,True,1,50,15992,7a1a1043b05d25f711982f9ffd7eddb63a689e3fc417da2a039c9e919f20c050,0,1,True,True,1,101,31970,855223ac589a4644d16fafd445b05d4d4626fbe1a4646415cd747542aaae32f1,0,1,True,True,1,103,31987,2ae2c75cce6e3c25126a735d7d189e2844edcc778f74a160e2188dac293569c8,0,1,True,True,1,99,31967,5dcd16ffb126d8cf4672ebb4d5acbbaafc3c10c824e156ea988a5bc2dae9e046,0,1
f706b175b028a35ebfaf206c88418d99f7c34518427ade77b5a01382ac731344,484f4befcc954e22d6f3c2c61405d840efb0e1a1031ebba86c5b61fe6a45d3cc,conv-47,68,targeted,True,1,True,True,1,51,15982,b6bd08995ad0da32a1e9feed4ffdc7722845cfb6d884514656131bb4ab6ef494,0,1,True,True,1,54,15912,eb3177bce6686bac692015f12935fb7833dcd83669c2225cad15d8ae3eab13b7,0,1,True,True,1,53,15977,f1411e0fffbf9d4cd728b73333e76b7613370898f93d271eab1ccb65c150a1b1,0,1,True,True,1,107,31917,ec7e5bea50c48bf03b0d88240a492161f14476705fd8e94260069aab6647a34c,0,1,True,True,1,107,31913,07e7fd9ccebc87c1a47b99263149b1f96c02ecaa12ff09097f2017c4b7c46d14,0,1,True,True,1,101,31991,c4f7f540c7bd51f5817dee4fa7553415285ea99c79d5c33596daa117ead1a793,0,1
f0963e712072e60a96a508dad73de16410e655fc2246443ba01e3296181aa684,8b2ed1c623498467621411909099b97eb989ad941cd0a2a1fe521e076817f1f8,conv-47,69,targeted,True,1,True,True,1,55,15971,338e654632ff6646213db304d4d65b8067f54c0fa7127c8adf5d5389b314aa82,0,1,True,True,1,57,15998,3eab7ccede39887f69dc85a1a49cffe539603efe32a5d048eb86b48aea61608a,0,1,True,True,1,53,15952,7d4949b1311f491768968e80953426a65668a95bb405e3990ee9ea4de4dd11e4,0,1,True,True,1,109,31985,32e85289af97f349c66563abdc810ca639701f030c843c77611d9a1162826be6,0,1,True,True,1,109,31994,8c086ebb67013ad454215b25e2d73c353579b77df7f2aecd17822a1e65d1c68d,0,1,True,True,1,105,31988,7fe47d5f6cedab83100e71343c639a67a57d150912d0f5604db6d20ab632631e,0,1
2b8561d0f387080e7fdf696189bfe4b85f976e26d18ba151ec121a922cf9a5d2,14eb14fad8e59c86993626fab7ab6dc10cd8e97ca88714a4189f68b421aeede2,conv-47,70,targeted,True,1,True,True,1,56,15983,f47ca9109cef885eb4fc6f0aca4015c3b7183c8b45685fef76b91385ad53d722,0,1,True,True,1,56,15990,f77d14ba6be073826277cd9f8e391b811b02ce3282187fd9681c21287a926429,0,1,True,True,1,55,15991,2522a40cdd90994a2be2b56f23e1bf2323060655951491567575a43c00238d7b,0,1,True,True,1,105,31968,1497a712d935316ef60c7f24a7fabd1cd0ca21c6d1974a3669e0c9c795f0d246,0,1,True,True,1,106,31920,cf78781b9410cb646e57f4888f96a8c6eafe6b4def86f3e267f2ef69d3fd730b,0,1,True,True,1,106,31996,6309d461a5e91ed71dc8043adfe322cc812b01beb03424b8f6678a97e1360753,0,1
d10414cebe0b72b4d3a7000682beba7bfc1329d52edb2baa17595ca1e8a1d8cb,4a7cd8080fa4ebb21c43fdf5db7683be89def56f63b7a32c9f7c9c9988459fed,conv-47,71,targeted,True,1,True,True,1,62,15913,bb23941309c219addd3620b63b8c38bc8446672beb0cb62b7b29427c2c314759,0,1,True,True,1,61,15996,d07750abbbf4614f815d5b88106de87292bec515cabc4dd25c60f7cd1c2c98cd,0,1,True,True,1,55,15968,87122a788d378cb3c5e17771f59e8c86d0df29edd10bc870892fac40a8eb7934,0,1,True,True,1,118,31988,4dc513fac2006c4e05eb7bc6514e74e745e31a14247e04c89180ea6b377ca478,0,1,True,True,1,118,31988,fac8fcd719b5aa31aceb06cff1c0906cfcd26368f660e7d5a1db01f8b42439ea,0,1,True,True,1,111,31938,7d6de66de84a32a77ecb545afd7fb72eaab50ccf8c894b3d1b1f84a998b8d636,0,1
0ee2e63d9e2ef9e95d86c4c08c9bd9639586f949ec588343833aeaa2fb292d46,9ceabfda042fa7fef52cf07269490ccad77608a783856d601281ae5d3195ab71,conv-47,72,other,True,2,True,True,2,53,15933,73a6a5e0ca547191d440a38b2b9bccb699a03760511add80e90b92fee84c5675,0,2,True,True,2,55,15999,749e2e2df208e501c3277f7283b983bd24dadfb9a66f2ab013db8e15d66193aa,0,2,True,True,2,53,15993,3443f0106a3e530beaf1df155f74c10eb759907e47b71b6aa2bf48e4f8f854dd,0,2,True,True,2,107,31979,6138535fa35396c216b08de1ee2f3e615dcde26dcb652600b869da2d470c074d,0,2,True,True,2,108,31966,88e2c2c7ee6a906cb68a2f1dcaf69c5d9cbe573cec385ce671166659969d21cc,0,2,True,True,2,102,31932,c30643fb3510c0563a867f36d089f1efcc3a286c7a1dc1cd4778fdeb21c1d826,0,2
4c000b5aeaea156342cdb9d37a67ca377507b12269b7aacc6b12e30a1f22e84a,665d831ce2a7316c5ece34cd4afbc7cb885ab300d5927dc956e45007ec8e0305,conv-47,73,targeted,True,1,True,True,1,50,15992,ef50eeaa0857f43eb24f290dcd06a0f117d965bae2f2db81c36d058d29930146,0,1,True,True,1,51,15975,719717d7593ec26fb5b7e7f44f69deccac0c3fc0efb2d527252e27a21eed3748,0,1,True,True,1,53,15992,f24351df56610322ba0de14845c0c8d8da00374d357e9d4ab40459fd812f0c89,0,1,True,True,1,103,31991,f7fb54154258690fcb360e05b40c226437225a7d19a63d7730f40b482226253a,0,1,True,True,1,104,31935,e06d5b99d6055fc5e665544f5e59efe0877e9b064870b4846aea4853fe18acfa,0,1,True,True,1,101,31991,a7cfba61254d886d3ea11660801b0ef1d6bb1f0d2377d3dd585714951d864927,0,1
95e52b27923c42a58fe4600e22febd511a735b0b929e85db8f296fe227c21406,95babd54a86cd8bac4d2db0b6a04daf374eebbe60629e355dc653063428fb0f6,conv-47,74,targeted,True,1,True,True,1,44,15977,55812ff44a7d3cadba8899ca259f46b0bee4fed075ddb3333e4deead803bcc2f,0,1,True,True,1,46,15917,7b04e0efa3bf999bda85867c12d7467df7a36e509b73eba49c4861b4c3a4e97a,0,1,True,True,1,47,15923,c24d382be98ed638399cfb6dc0cd2cffe3e3476bfac2f2b3984f9b9bcba34130,0,1,True,True,1,91,31992,180b142bed534e153ccb4fbbd8d4adcd715fb98bc6fbc4ad79e5313094f3a048,0,1,True,True,1,93,31993,70612c2836c7781c3ce30755da53ebc1def1664c11e03f92d299af9ca7891580,0,1,True,True,1,95,31995,33f34ff3a3292bc0be589db6574688982adc473f81b1e12a60e29ccc5eb0ed61,0,1
5229e38e13238dd721f4de47dae8fb5df9604a321802c55ab3680fef8c62df79,8d3cc8b65d2ead2a91d761234792068cc323446d6b3dd89e03aee59ecd8d9674,conv-47,75,targeted,True,1,True,True,1,44,15980,a92cdaa16596ced96f515938d8912342bca2d53f1ebb9e7f77236d460dc0baaf,0,1,True,True,1,45,15987,5fda9fbb1760762b88719ca7f8a48ab2066a3f1669964dba361ff876386f256f,0,1,True,True,1,49,15995,89aba5630d09a45364294d538c83ed40f7c865c9530b8dc4729f4b07d0772906,0,1,True,True,1,93,31978,15e64de244e4d4b2f673bb3b2ab185e29433f41944000fd82aafe8dd0b57cfa8,0,1,True,True,1,94,31981,29832b1fc843f69193281a7aada283166a2888d096ead04fc3afd104c7019c5f,0,1,True,True,1,96,31999,0dcf13e3f35fb7bef325f8fdabad63244156574ee089d87c362495ce6113842c,0,1
eca6a371313f48a654d2fb5a77693626897985a24c9e30829f16f3b414f31b12,4df44bfa9057fdef0792440064517a730cbc49bb1be23622f0084182e4903176,conv-47,76,targeted,True,1,True,True,1,49,15979,339d169d4c9555d2616fb3c402f8bdc702d42d7a621c9c975230ba99ffbf380f,0,1,True,True,1,50,15911,08e030ba4a83aaa54c6eda2a4a5fb2d64b1bf55c01fe044e5f9c3d67057aec55,0,1,True,True,1,51,15998,f3a534b38a7402e9c99e6fffad0408b747c03e47996161bcd77b6e70e077c3f2,0,1,True,True,1,101,31997,5a1e1c13b3669147212028734efa9846513e021d96dd7bf6a3d185abecb146d9,0,1,True,True,1,101,31983,f527b2160b22c4aea1d8670117f4a1a247e56c4f5869b2e131622e57692f4ce3,0,1,True,True,1,98,31925,589a4ffd96c4a95c436a92b90afd3e680580aef47d9d2e38eed7c2825da9e0d6,0,1
e40211091adea159af6ee819677aeba4fd07194ce142322d15740f2bd21b2ee6,b3011be6c74679f7678639f09ecb63be715b76e24721d941edab53cfc550e81e,conv-47,77,targeted,True,1,False,False,0,49,15994,0ecca865c714d1592b9a5635acd26ba51b9071aa0a55d485c8a767d2ef33f66e,0,0,False,False,0,50,15922,30cb6d05164f1e107fe166067770c8ed260b696691d35e84b04da3ca86942b00,0,0,False,False,0,52,15967,d2a78d16b27fb861390205f1fd2df416afa73c358c5f28d53f7f5b4ac6166b27,0,0,True,True,1,99,31955,a503b68b4ddc7ba51484a4a4247603cb0ba809f474d43c3a5055978cf7234458,0,1,True,True,1,101,32000,f62e2ffe9eb8a0c26be338e5d0079cb2bde3cde23e98473568279b4f6596b414,1,0,False,False,0,99,31934,aef262452a073afc0f860bb510fd81ae5ba3629503bc990f0bef1e0dad75084c,0,0
b3688ffc07f19ccc93f20af98c54634fa2f15f1d473ed5bdf2d8bda922964f79,27e5d5d3bc9fd796ae462a0111ff4ec60025d3960e060a5b99ad372a322019be,conv-47,78,targeted,True,1,True,True,1,57,15968,bf362c6ae1d7122cc61f0645ff0d7aa76c06b968de526182634c3b7765826e8c,0,1,True,True,1,59,15936,588f0f417ab1f91e8a51af8b2ec258d7a6a1c6aa47dcae9ca1a35cae24736871,0,1,True,True,1,56,15931,38f419f42d230b886f306a275e8b1732a4df4628b5a3a3161576721f1e79ad7e,0,1,True,True,1,114,31952,830d27dab134dcb8b07312e8a4f5f7161307a9d17da1e79cdbd58fe6d5a431d0,0,1,True,True,1,116,31964,5e32f7866ce7c497b6b3df894907c90a5ae907a3a15c46d06763793b8896202d,0,1,True,True,1,107,31999,36231f4529e1c6657acfdf8daffa3392e48b32f46a4e1bd131f67bb59015351a,0,1
5b230b31039f87e45379219fd0cd9c763712b580ca94fed660551b4ff5cb673c,9b444af0149c1b0b861d239f88e2fb515c7d13ce2e4f74c4f5bd3d43a698a68c,conv-47,79,targeted,True,1,True,True,1,62,15976,9b54b0cbc09f9a7f8f752a2d77e8dcb54ae05419c08a862a601207440cd97cad,0,1,True,True,1,63,15998,0a40d0737836b1f6bcc2a79da709bd69185fe71d6be2f1166470e6f038bbf7cd,0,1,True,True,1,58,15972,eb1c7cd37551667e341e7262906dea6a81dc3a3b03332da79e8a9907aab9d7de,0,1,True,True,1,122,31932,0ca0fbac4c71fb7faadbca8d30898e1598f9781823777f72b7d5d9821f8d4103,0,1,True,True,1,122,31922,a2957bd36a67bdd665927bcc0c60f2ae813c167c00f3de7f92a6d14a0b2a5807,0,1,True,True,1,110,32000,41eb60e6cc5aaa5bbec3247b23307139bd3da5d80d42388af13b86c6e158844c,0,1
6fe956f231da63d69d20462ed9e0d77a1d7d2f2bd3c6e0c0841d05e672ef5362,43ea018a36fb2d3b8c8bee5018c60f81145c05aa21ab74954c42322ea13ea404,conv-47,80,targeted,True,1,True,True,1,50,15996,4cc56911b55be6c2e3944b4db7173dbe4767317cc49abb90f74ae435f28ab1a4,0,1,True,True,1,50,15999,629307cce2c9e608d28df8639e1c4f91c2166f617e2814517878b522a1077f16,0,1,True,True,1,51,15995,8dcabb95290c3b49823f815ba59d5c5936a0a3afe6ce7f9e493de83c192901b3,0,1,True,True,1,98,31953,a6afecdb694fc9301caef54879c7f4932f89ef8d170dbf94dbe341aa948e39f9,0,1,True,True,1,99,31935,325a9b9768fec74bd18fd257752f9e9bce9cf8259839a710b1de6a8aa2a60840,0,1,True,True,1,100,31930,56032a295512569d5490bf3b711b245615a6039c6f24b668374de499274f0a25,0,1
56a19fd2e23f837228fa88754c2f014a3095a37b540dfe379d58d37d71517bda,e185decf1df07f5dc459cbbe11d42d478dbba8df3c52cf411cf771a08d6d1e96,conv-47,81,targeted,True,1,True,True,1,44,15939,df438399673bf1fa18896fa36c7847ad483c77f2902b1d44da90491ae635569f,0,1,True,True,1,47,15978,fac408596c874fa1a3195ecafb2769f736d683332d90c326089198353440472c,0,1,True,True,1,48,15986,74c1a69c161bf9a0683d712f11074bd8fafdf3af54a1227b57e8821947c8a436,0,1,True,True,1,90,31927,c6172a2c30b0e186b03654c5e5d6c3930c4043846c8f1c2eaa9e82c7f43088b2,0,1,True,True,1,91,31989,220b0ff7b019b20d3dc3003d6a2826383eecd673e766919b84850c94d3051a45,0,1,True,True,1,95,31967,9e70b23ffbb0598508cf17574f380a88fe29113ffefbc4546e91a5ad3c0f3396,0,1
835bcd0e131818a47429ec3854f68be4f67091d8748c4325fd01d6e019b72ed5,3743d2e9b80aec6c99345d70f4b7006a03cc66294db0f01f6103b1584c24e3bc,conv-47,82,targeted,True,1,False,False,0,56,15998,484cfd389a99d10234ec93459e264b24b02d14d31a394230271b50209144e21e,0,0,False,False,0,57,15927,565cee7bfb08f442fb0c2cfe25f9947d856b2417eee30bf7ecdf6b90cd5a0482,0,0,False,False,0,54,16000,3868be1577dbcaddd145fbe0e2be2bf3f9cf0cd7b3a4f57afd27f23507ea703e,0,0,True,True,1,112,31966,658f74dd0cdefb9b68cfa78b78f60fcf9be0e33c38e220b3d680e80c3e239aa5,0,1,True,True,1,113,31934,2e2322560370c9c309ccedbb8066daab94db39f77c863fcc6aa36e07e2ec8e51,1,0,False,False,0,104,31918,9df2732a56e5ce7d1837a5360120efb44e11477a301182abe8fadb2a9ba0ab80,0,0
ef1f81daf9183393fee8ae1b90f26ccd9137a7b2fd32e00f29d0ba7619a9a0f9,1e0449de26e93ae1305c1579876d671aa5abfb8885bec23f40f1cf4a280e5b02,conv-47,83,targeted,True,1,True,True,1,59,15983,9b5cccbec5d29dd55d32bc1e41da563f053a178859aa5d923763ccfaf38f6613,0,1,True,True,1,59,15996,69c8fac4616ac52c590093d73c2b6acb9213b8b157305ac8962d55aaa0409b44,0,1,True,True,1,55,15999,9595ea8379b329202cbc359f58597f3f90f80c66a4cd8197e07130d35bb48fd1,0,1,True,True,1,114,31953,5bc26d6ba8fd2a88d5c5f075d86054efef9eaf354023094b0a8077cfcaf12d3d,0,1,True,True,1,114,31997,113c3b0bc8b039b6fe410708b7997d392c18f227335aedb2689e46dc4baf6d31,0,1,True,True,1,108,31992,6bf943340f7f3d9aa072cad6d1f72188479890200601f38fca833388b765986d,0,1
5b5b23a948c01d77a3ca9c1f8dc5accd5fa1085ff50886a15beaa5ff19196a14,cfd4b8dc551d54f03d955f7dd5394256d06e1a5aa5d619755d93b5660dac5144,conv-47,84,targeted,True,1,True,True,1,46,15999,158447c25eb2f88f3fd9ee79ab309b1c309709e521f12ef87a4c90ce35f521d6,0,1,True,True,1,47,15997,726702823ac1a9759f195b8efd4ab811eefebae21cece03311fee0670eec513d,0,1,True,True,1,51,15999,1a466170edd2465faeba04e028eb09462483240866689b4f6daf719c96283ce1,0,1,True,True,1,94,31993,0ad97a8c8207e3b570cde32886d7e32791a3927a9d3650ef96e52e973a8bb8e4,0,1,True,True,1,94,31928,e572842582c3bd5d35b695f3f669a54e92c9e4d1626d7bf09258bd0e4b47a9a4,0,1,True,True,1,97,31979,4dc9f0811d696c825dc24fd4b286916144287467d8d178356892d50b9f6d3bea,0,1
31b3598a853c3e06d7842e7f715cce2b99bff2426f8ffd6b144c3be01424777a,86f79666a09b3f1878732b615d5d6d67430af930859e60f32ce9be91aa06c252,conv-47,85,targeted,True,1,True,True,1,56,15926,2892c261445fed27afc9774e022f3e957009b23605725c4d8a49f356e43b3134,0,1,True,True,1,58,15998,9102ce3a8c1f5b8279a51860d21b6458e1f69a5752134c4a6f1db55e413a29cb,0,1,True,True,1,52,15983,e11a8df1d9de8dd028875510823890471ab86846e830c2397bb442d35e180bde,0,1,True,True,1,122,31970,a5f82f966f7715bf608914a08702a39655ea46f8f2928d97f80a4dcc460804a5,0,1,True,True,1,122,31990,2ce8dbfa14a4bd631d405744cd204b3a0dab77393e59836f90e0f112f7e3ed06,0,1,True,True,1,105,31930,3cd9485bbb8f18f359070fb3e92f9d6aea19b6c340fff0a5ee3bbd172e670b48,0,1
f9a1e6b5dace81388f05db3f99e85d80574c719a6cb1d0cbe8116e1c1df03ba1,d465911423b95caa8c6d9532c38c733366bd390e883e21238f5eb2ff97bb53e7,conv-47,86,targeted,True,1,True,True,1,68,15968,a5d282264e1d59409457c3789d6d1e1d57edd675d2ab5372f732c2037fef274e,0,1,True,True,1,68,15915,1ea4a38a8768231a6be6d7cb7f77e50c3c4eaf3e98239100d1ea456ea0038f3e,0,1,True,True,1,61,15982,be43040d858edc37ce10ca17e6e6fb5317647e924b4c39974b9a0f16bebf9194,0,1,True,True,1,122,31981,778b9fbcfff1448c735072fea0308025470d895ef75325a0613b7304985881f5,0,1,True,True,1,124,31988,f97ce84a1b00e13c9bbb78dc9a6216d7a552fa23d883c604f6ffab102df2c241,0,1,True,True,1,115,31992,dbab716402bcc3203561bfd80f4feb3e50f4eecefe3a487a05e4cfa144e0f629,0,1
7fdf0314fbf57fe77a00a8c3cb82c2800761ab4cc42317faccea0a270f61a44f,6d9c915bd4b789b386f7b0e6cda7578154a14589d73ba2365dea82f87b123df7,conv-47,87,targeted,True,1,True,True,1,61,15991,86792049660d8616041fdc0ec84d9760f9b6cef9910a772536ae8c29b834ee7c,0,1,True,True,1,62,15988,32e0dbc26a60e7d89293ab98faab38a9b3a872f5d3b3e11c462133350e18500c,0,1,True,True,1,58,15979,1c0294ec8a611eedfafb62d9494df6c28d0a6180b313e4af9aff0729b8fd900e,0,1,True,True,1,118,31925,ffb3f18bd81cda1aaacbc36e34085163289ed585089597109bb008d5f9518437,0,1,True,True,1,119,31932,c46ba9da971fcd74eba5916d57e1a8004b9b64f30658383eb43f72fc5323b7f2,0,1,True,True,1,108,31920,5ab5c7067d32137135c19c8be4bc88fdbf6a51a039051ecb80482edb26dea8f2,0,1
fa08d10585f711112b4d344e8610ca5acc95ef3396a69b85e09d3cacacad3f35,24abd247fdd8b948e367b7893a3b41fd061b972363c96f9a2d6a62c2baa53d69,conv-47,88,targeted,True,1,True,True,1,48,15978,2d772635b4b699364166e006900b2308e6d3c269ad85cc773194832353e94173,0,1,True,True,1,48,15942,18dc40675fed0abf1883a6ba8ad6e0fe083516217cecebcac2804b117ee1d034,1,0,False,False,0,49,15946,79fa2c9870b37e4757000ecd37e844b8bf654eac9933e4dcd8356779d0ef2288,0,0,True,True,1,101,31924,f6a6e4160ba9fd555ca1e40382c41bc76800b8a77ee9f088c8bb1a91a8135915,0,1,True,True,1,102,31926,b62bf07fab90163df92c503598ccfb33003ed32bb011938a373589313f8d6ba4,0,1,True,True,1,100,31995,7eca2b22e7d462b5113d7d7a760005eb74d4dc6a2a21bf28e97f521e5f054158,0,1
cee222b521445c487027c6ea1fc3300b1046ddf1d2cf414449a47a3b72419ff8,559a9ed26aa9547e2fd5d27f5662aafc6c674484f04b2b5619b82b2ef36f847d,conv-47,89,targeted,True,1,True,True,1,54,15996,193d1f3183f9460b908f8c0920cd76208314815110c62a310590073b541acefa,0,1,True,True,1,53,15924,4d82783dda21ad02344e2f69e7a5f332e2daff21fee4a0cc3056b2c653f9905e,0,1,True,True,1,52,15977,9fef041bd0d6c688e84d00ad978b6a7ec9d4a947cdad3f35459e1f394cc4d778,0,1,True,True,1,104,31917,e1a0a20719cec5747df3743e34ee0064d96b01263e80c765b41bad6ea8c191ff,0,1,True,True,1,105,31991,9be56eb25f4c19752bcca6846e19f91828e786afb416619139b2402d82fc8070,0,1,True,True,1,104,31912,833c071f9d2c354e74f265cd2a63ea9d58e91f874eb3bd36691d2b111dfd8c2b,0,1
f876613e21f19f30fe03a115872e1f7167677856d0047fbfeb90eac723c609d9,68e679a249d1de9896ce7a05ee0577c8a5b9e90fd0d50de62645a954896ae5d3,conv-47,90,targeted,True,1,True,True,1,45,15937,058916a7749e5ab48f07ade44df7b97d8835e91e02571664b6502e74eaacedd0,0,1,True,True,1,46,15959,ad777c291916b07d50db64f09061a496a9b7036b29584276612043938e96b505,0,1,True,True,1,48,15986,3148fc109b1ce24d6394d6b39c9f0976d0618df4f01e2bdbc86704f4e87fafbd,0,1,True,True,1,93,31935,fe259077a2ad9fea4badabfd037a0244211420c71acef4ff7b47b3e8b83996f7,0,1,True,True,1,95,31991,5f1360a76aa86108947a6f88fa630f7abe9bfbf24b72867b04f925e2efa87d66,0,1,True,True,1,97,31994,17284d21da70a5b8f7e93272f0784c9d65f8056463f719ca4ebfaa9975b9a847,0,1
58a980e0a67ca43024eaaebea9c1191c836ac38c183f2c17f7cbc8c37e927239,8a83f5c589a48401d840df159380d587c5a94b751c5506f187afedcbbeb23952,conv-47,91,targeted,True,1,True,True,1,52,15965,bca0de889a6654bb490b24228c5a4c22f54a2303af7497b4a218c34aefa44a68,0,1,True,True,1,51,15937,495ce1b686c33bcc3d77a189bbafb39fea6113f9bd99b8658e34f9ce25551476,0,1,True,True,1,52,15997,6ea2cd98d0dced9f21030b41eae45b762e745498271ebb0f87c008ce604fb585,0,1,True,True,1,102,31997,e7d94ebcf49157c912338ca03fca11c429d2499fa3fbd123d6439e4e25d81439,0,1,True,True,1,103,31972,404b4b51c37dc247e8abc2ab20c7accdea716799084a01441cdee3a2c3ff5ebc,0,1,True,True,1,103,31998,c3f12eaa0cc488d8a8c6e3fc198345dbea78a70fe9b5cb3c8a33f3074a2301c4,0,1
786f5d267155eef1a399d380721976a836b6c9aac4d2082cc8434df8367d361d,9a3a970f653bd619863658f449645ab38128192b5f6a9adf8b026e4d5596fa06,conv-47,92,targeted,True,1,True,True,1,48,15993,e21c462de4ca0fe2b8bba9a3cd96eae9e8fca1680b0a0cb4bb016ed6fbbd8113,0,1,True,True,1,50,15922,a21f7dd0a5003ca9d0d752248dd4ad6c1f733974b4dc74599992b95560375223,0,1,True,True,1,51,15999,ccbecc31c8469078989a56eb25b26bee1163dd2098bc8bbab918408dd10652bf,0,1,True,True,1,99,31984,edb429614f97b9cdd0593f9331d3cb9197e25b4ece168824032a0af8be0bc43d,0,1,True,True,1,98,31922,4ba29b0af554da6f52cb4b851b3a1c5a6734c5cd38f179d9252aaac1fea26a58,0,1,True,True,1,99,31928,9d28340a9934c3321dbd32e249020b6f042c5a5d5af59819ac78cf3b5f138d65,0,1
2e07e04e2fce5e986523cd680a511b944ba5acca2be49c196bfbfae659a60cf7,d14c37f002ce19f0373eea7a7c19fb64013ea69e80ad49cf6828317480eaa8af,conv-47,93,targeted,True,1,True,True,1,50,15994,7a4876457b8a03bb6447322ae71180af059bce1b155316cba626501f7070b39b,0,1,True,True,1,50,15936,5c82a9aa05dcb12d9bbca51fd8a6a05e5d6def71657357c139fba56d3c504d5e,0,1,True,True,1,50,15914,d3e014f35fcd4511d9937ad934494d4b072aaceed0618fa7f52804b34789950e,0,1,True,True,1,101,32000,20dd5731a1c9f9f7eae7f80ecc94642bad18d52434fe346befab2bd366853d27,0,1,True,True,1,102,31998,1e25ea2bbcd392e43442411d0f9fe4dbb81e630f2ea9ca9f7110d2ed52bd3e80,0,1,True,True,1,100,31936,9283998d5890c06a05c7af011578046577bf133ea6997d4232f8d0236f931185,0,1
143bf2ebacea84a7362a8eca854135e0739b922ae0d331a6a994fe963e1d22f9,8ec9cf41de7ddf04cdd451af9de9fd7eda831c9787588789a7f503d6ddee4cf7,conv-47,94,targeted,True,1,True,True,1,43,15957,f129d9c6c2aa3ef61cff846369109c58657da65172cf870236e7bc1ab6558094,0,1,True,True,1,46,15994,d232873ba0fee3af41537c434bae3cc821bfea560657abb7d03b8e7ae20b309d,0,1,True,True,1,48,15992,11de1a3242ea9945d07892404ce9157f87129c206913a0a94aa50c40ef8c52f3,0,1,True,True,1,90,31968,34d65a7c8abef34e53fcdb404cd11994cd6f871c281e1178ab0f64f124dfe090,0,1,True,True,1,92,31999,3416fc8e9280cc2bcc073e9917523e36cbb6e3892ebba25270a420109ebe6a10,0,1,True,True,1,94,31979,ace644bf3dd6059a0165346fd753107c8c05850816cf9eddd8cc0c7e44433bd8,0,1
aab7ca448a1e117635832e2a085c41d5941dedbadebe60aa981749ffeb68ee75,d69016e1e4694b3c0c12a937a19488785113feed68ca9311e24cd01d901ec716,conv-47,95,targeted,True,1,True,True,1,61,15986,61cb3ea7527378c7a78d629d63c066d25560d52d64afe825e1ccdcf78fbb4dda,0,1,True,True,1,64,15991,317add4546295f4834021445c0209996d711120b6fce95032b0dd8639d5c765a,0,1,True,True,1,59,15941,817f456c524e5b9691d61fa50be1a29ac25388a349463fe4ac2d020a2c0f7e54,0,1,True,True,1,120,31980,ea69b46bf7c91b75af585aaaded3c481d1e0813c3e6f4843687b0379f83fbfda,0,1,True,True,1,121,31955,5164db3a4f9d1db613066d1adb05c494c3c7f31b4595a9bfb7c30bb4fc6f1cab,0,1,True,True,1,110,31978,7b9d17d882bcbeeac6a04bba1cd1a77a63267a21624620fbaea072a62c54e520,0,1
db6439d47f43285283798380d525d6ca8f4cedbc8d780b2c38c9f9353110cdc7,64176f2e7421b416138eca3c8464ceabb28ceca46bb04100e95e04bdd93b853b,conv-47,96,targeted,True,1,True,True,1,58,15953,a0ba622fc65d3255c883fcac613aef61adb54724db7d101995a263521dac993c,0,1,True,True,1,58,15936,425afbe4f0d147ebe014d49dc115d3671063492145600b85a7e208277bc56b29,0,1,True,True,1,53,15935,1d45801066904060b3a9c9c21e3f9069a0f9fe6f525f3efbba2557a77f30aeeb,0,1,True,True,1,113,31999,f4e41af69ba6ddc5601497aead0c1f95d2b109089f5a4cb26db6d218d7288d6e,0,1,True,True,1,114,31999,d6bfb1cb95941a5a3b6b3a54184c2ac87a6f696d97ccaadac68afa65cb65ef53,0,1,True,True,1,108,31990,6490f0cf236fc914877d13cdda4da149bfd04ef626a173d5a60279bf6b1216b1,0,1
a00998166aa95e5f022baa269ea95c3d35de1635379c2942f599f9c046c927a8,9ce0365fb56e9fa31945e954310f5fb31c74bfd918506846ef1b3bcefd1ba7d4,conv-47,97,targeted,True,1,True,True,1,61,15990,73c35401d9df174510253abe5ab683ecb8389a1aa96dddd4389336cbdc2eb25d,0,1,True,True,1,62,15927,5a11fbd9fa1c360526940e53d0023208086e9debb2468b96f6c5e80e69c13863,0,1,True,True,1,58,16000,148285f574a82d970f019fe9be9b16198cb020e7a2ad6cb88be6b2d2e96add21,0,1,True,True,1,113,31929,3a75ddc09f2bbfaff9a1fa90b3f3dd06dd71b29f7188d6db677f7957d0e81e63,0,1,True,True,1,114,31984,b8491bacb29e169f3475bb034ef7185aaf49f25f121e2163f16cad8fb1d0d904,0,1,True,True,1,109,31916,03971d569e13e608f823991b3039089eeb0d5ecaf729c0ca2fe6d23e046bc7a6,0,1
2a72e7b8baf3d9ce43a2849221ff5ff19f0a536aa71f37a9a09aa23416146545,300fcd9058ad0ea7d2bc4fa58f7041613f427543c82a7cdc2843c5b371359afb,conv-47,98,targeted,True,1,True,True,1,66,15944,cac8c3623acf877c5647f3b005327a0533a133f1e6a34d4b464034de54a5fdbb,0,1,True,True,1,67,15949,fc30a1ec6a35148c4914c283f27aee608cfcbb978af007a66fcd236c68cd8528,0,1,True,True,1,57,15993,42e0ef54a422847133e42095238a1876e8d21c6e05dff6d56f2100805d34939d,0,1,True,True,1,122,31994,e003cdd7ba9503bf2dd259bd61cee6a5e3455afa3311d31b239c177b4a70421d,0,1,True,True,1,124,31935,ca373a295fa519d362583329261be79a3718eb17001841e30c736dee98b898e1,0,1,True,True,1,114,31942,5a7870ea090b61e5736cbc7ed3b0b8114a1af8a4b63a53bfe429826a9c610d17,0,1
61c41768b13d3bdd893a5b3c946ad5d361b3e8176c7eb193c898165355177fbc,e13555ae328716b5cce45f4750076d4cbaf2c9d0e3a8ce49c1b42efd179333b6,conv-47,99,targeted,True,1,True,True,1,52,15984,75a50fdca9e2153ce22ce5efc006f7d14ae5af56d0b6487fe56356a18f626307,0,1,True,True,1,54,15996,336b084c09c85ca70118eb63695dfd355dd942374f1a19a6e63ed0902d6522ab,0,1,True,True,1,52,15982,c7ebb9556733f3b38d62527d153b013b8e6428e85d385e621d9a0d72b027ee4f,0,1,True,True,1,109,31998,b15772cb4add273133d91f49371dd58876453316470b9688859f133bdc72db31,0,1,True,True,1,109,31992,a34d9a8d8947fd931fe8138a0b8a9aa5b8bf712a3b660ac4def0eecbdf3dc85d,0,1,True,True,1,103,31963,1c176a7f22c0b1bdd5e61f54c45d39cb1fb4ffb9182c374c66d946a8d401e3bd,0,1
74a4a0ed24134f2b4dc2d12d78ad9a577b70502a387095344347a1536e59d7d7,c26a63ceb01b657eef43ae4f3bf7587414ffe1b1f1f1f561dd25f8becd3d8267,conv-47,100,targeted,True,1,True,True,1,53,15934,422b3b08c5f93b4120f78579af1e62d5b1aef0b063995a26928e7d8fac7fcd81,0,1,True,True,1,53,15934,76e54da35ea59a9b5db9adc7607f03f3cd48148ddb3dbb90ee4301f72b1a3a9e,0,1,True,True,1,54,15977,4ca59bb3f6327def9c0126f9db2ef55033fd85abe47c7924d98a4dafc5768611,0,1,True,True,1,110,32000,28939440a3c0e8cad7c64a65d6bcc00f8c76b7ee004dda24e458539adc09fb42,0,1,True,True,1,110,31948,72521fb0d7e705c58ef71d83323f4b5f723fec7b1adc1d14c2a422b7c502a5ab,0,1,True,True,1,105,31970,e98bd87f1137718f2f58bc0cda4a4d176a7867a1243edaef9cca1d16894eefd6,0,1
78f27ba08533e1e95ecc51a5e981998b978c6a87fb9a1490e5dc471622d38605,8042d48669e16705cb88b6322c718a1b43430194839638be8a8eb9d72274b866,conv-47,101,targeted,True,1,True,True,1,53,15916,34c78eee1a9ed536c6160ad1a6a99e082b21838ba99155e9de820cdc05ee5aa1,0,1,True,True,1,55,15991,7b49b9d559d5044f9783d5b457951ea485002fb5d9eb06c09c48f10491278cc9,0,1,True,True,1,54,15951,c32d8f3f5dc9e67a53bae4aaf7620ad02abb5241ca37782a21984cccaab6019e,0,1,True,True,1,109,31977,5ee5db1b3b5995becf7fc918b153a8b98825f1fac6507e32c89afcdeedb8ea33,0,1,True,True,1,109,31972,a3668097c61289484cc8e7be563c23f82d7c1b0b4146ac73954b497ef544f17c,0,1,True,True,1,102,31986,9ba84cb50dbb87fc4794f451d35409626883ddc2671bfd028c2dfd6f2b524409,0,1
6f5f425ae907e3b2fd6a32ca3d9767e6241f9d9e7073a44366c50f715ba988b1,f18d9f85ec6beab83981914874fc5ceb108b8ab5a6b2cd693e3191d606205c5c,conv-47,102,targeted,True,1,True,True,1,53,15978,146ac26efc31fe63e097122aa71e8765d5075840e23e32a0ae78f7d479c02d53,0,1,True,True,1,55,15912,f7a76b46f7c57742d9dc63a438d3bcc94cd5f5f4d855c51fb766bb82f155df73,1,0,False,False,0,53,15914,56aaff5088e7669900cb632a28065f7f2a78a269b0d79be4520918457382e03b,0,0,True,True,1,109,31979,5d98275b877af588093b6e41542a6ae8bf89d63105c7ea58343bdfcb0005d347,0,1,True,True,1,110,31986,801eaca844b3568165bef6c92e59dbcb40363967e88054bdad264bf1af74e91d,0,1,True,True,1,102,31948,09a4259315328dda3a3e2ab1901714de7a80b01ec929639c49d4b015cc7b3afc,0,1
44d62fef4cf436ab13f116f5b4b725d146bdbd96bd203a820c0389ab1db5aef3,b1f3797bcd360b9da345288fdfdddb307f877fe9901d7971f1ad3c5fa2a0cd56,conv-47,103,targeted,True,1,True,True,1,48,15931,770c2952dfecb3aebed544b956af1a1a0dbeff14b22f5bb032325f4682e8fcce,0,1,True,True,1,49,15918,c7aedd3e109d37915114f23d01d0b687358724381a63b2a23779894e3b7be0c2,0,1,True,True,1,50,15929,ed655d30e30dd77bae3b3b8d8f1bf001990204576f71f56e31665b6f657b6bda,0,1,True,True,1,100,31980,ad0c5bece003c3958e0654837b96ff38433a0a23b3f8b59b2396fcc1177dfd04,0,1,True,True,1,100,31994,879c4b4ae8ff9d50c1e09c35893af1d216b342f8826af912bfbfc8fbe1afd671,0,1,True,True,1,98,31995,0ad578e51d15974e32813e913c9cd28eb555ed1e00c284174334cb23c772e330,0,1
97d48f1378a716ba46c7a13d69e435af221773987fb6d603138ee0d399aa110b,a7982603777fa3d0847329a09265952ebaa27b295b853284e0c329da60401c30,conv-47,104,targeted,True,1,True,True,1,60,15957,c44ddfda8b1842e45b624630d0dbd343c69048541069b3827b874cd76313c280,0,1,True,True,1,62,15928,be74937a24035a8f84603d20783ee8f5bdedf82963b42491009b3bb322f450e4,0,1,True,True,1,57,15967,b200dad28449587fade071554884f562ffa3606b39a8445f82b3b281e4c0d034,0,1,True,True,1,113,31988,413246f648194097d24ae9a8e2dda0628326b82c9dd939ef65b42e7c84490e8c,0,1,True,True,1,114,31968,80bbe92f8c887b60d9735c25144eba9ba6fdff0d4e4771b79a90662c1f498f2b,0,1,True,True,1,109,31992,1855ae5aefff8f6b85fd3d172c940d7001eb19e39167eb795b7c149a5cb47878,0,1
8582323191a147cd627eeacc848904b805a0301e2d00bfdef7f9eae4101d4576,5bea8f15bd89aa84fceba280ddf05caf595e9f20b61b56d44f1ceed7c03ee8e4,conv-47,105,targeted,True,1,True,True,1,57,15981,ec92f8e9690745afe1589e3579b376bf0c2b9a90926fb68da5afba55129dafc2,0,1,True,True,1,58,15970,cdea6e2c781fd49af01b82e2db45efc2916b36f862f0a757ee9f6b75fad8c0d4,0,1,True,True,1,54,15975,893763cc87eb0bf3016c33e210213b69b2c478ca8c312a2ee5be32dc6bb7c8fe,0,1,True,True,1,113,31975,61007d0c09f2eabc01aa05ec6cfb6ba280b1fb16b5dc8d5db8efd3a7aecad4d9,0,1,True,True,1,115,31998,24fa3b053ecd6dfb0850be2f336981f4ca31b61857512103f86add2f8deee33b,0,1,True,True,1,106,31912,2872640e36d28c3dcd768c8da684229a223b338b45a88a3378f1a58561569232,0,1
1a10d87f66b3c13bff75097859d6ac03d3e1c17fbb4450f98b4e320c3c7f9442,8f36a2cdda7d940209368d702c9a5ecef9930ccd9462a5d948ca8f0910aa7cbb,conv-47,106,targeted,True,1,True,True,1,44,15927,f634df94c0020fd9ab623a223ec86d79ae4f98c10da10e94ed24537cbcac760c,0,1,True,True,1,46,15990,0a3d277d648d316fc45501d8e93d0963e2a966c4bba153d214224381d3f05bb8,0,1,True,True,1,50,15993,8058db597bcb42278d584af7734f5e8147c3432ea0f874b0951a48ccc25bb4c2,0,1,True,True,1,90,31990,15348a47a6914ccc6c82441e8d2f8c9c77e9d4baaccf0455058e16b9abe1cebb,0,1,True,True,1,91,31993,ce0b80eebf6ecde21d268622e04f43a16c20db0be056c46a3c88504d9531fb26,0,1,True,True,1,96,31940,c8930a0775bc36bf57e0973e73076a01131d614edaead6f08911641e7d195572,0,1
9435bfdbfa8036e33cc8155e700ba55a143072a0b4b8f07fd9b818cf6796f9fa,ff8303f6c64490afeca2bc879e4d4277f4b2a622f0dd2af50f74fe74cac1bebb,conv-47,107,targeted,True,1,True,True,1,47,15999,65f06beecc8f832060665008ef305c42a8ca54250c42ed4e85653eee08d699cc,0,1,True,True,1,48,15999,b0f1ebb3714f51183fa8456dbe696410ad3baf49cd0a0c67c445e53d76221f73,0,1,True,True,1,48,15928,45ea5db087cd07158c3ceb79ae9c334f6b0e109856a1838e7b0b05ba9225c8a5,0,1,True,True,1,101,32000,25732fd960b1e3497ffac4fa7aa475ad1823547563daeb42cddc405505f759f9,0,1,True,True,1,101,31939,94d1bb8e480c0e5697c22f1ddc6b967c19c692565c1f696c296647fc01b2d647,0,1,True,True,1,98,31990,083a2333fdf9c3d9de7c7d7d395d3df742abcefe4fdfe3dbabeb9f00879ec2ca,0,1
0ba4ab87c21b1808cdcbd6400f5fa6162443a4b7d56c8bedce7c2839eb1848f6,a881aecafc71cfbb94332d38d0d0892510830913f675feb9e38b1ac7b7ef6f62,conv-47,108,targeted,True,1,True,True,1,46,15948,ccf9ef198fe0052a5c1be9d7056433c694ae3e9afab770f72cdbe5f491ff57a6,0,1,True,True,1,47,15931,be8ea8d75b1e6ee97b99a3d9a93a3d80d16b63ab0336694c78b87902defc6479,0,1,True,True,1,49,15942,181673e8906cc9fbf98ba6310b86711d06eb77ccfab1f13a3f6ebf02be97b3bc,0,1,True,True,1,95,31967,4a0fe7711d3137caa3070f8a4087604729e184aa17f36833ef0fbcd1a6d272a3,0,1,True,True,1,95,31985,a742df765b13aa4889af3aa6836c349a6d9321e9bb28d2688dfa90e56e8dd73d,0,1,True,True,1,98,31965,da20749a53e32b3addc4cf4083b086db3ed79a189c97b328e3cff4ec6b57ca34,0,1
544f4d72d0f8d7676df91894bc8e049bfe728018e338045315ac26dc4958e093,1d5747705f6949582c690d2dcb29c9febac67a33d05a72f4a0ad3661163553a4,conv-47,109,targeted,True,1,True,True,1,58,15982,0babfe1773b157303737a2ee3368b878749dfb8b6a6b64bd82ee192149e66428,0,1,True,True,1,58,15989,e209bea1b8db5e6c8f3ae8847a5d4210f4137877d8d17719e5c472d344ac2108,0,1,True,True,1,53,15990,45f53eaa4c2e0e7d613ea25296ef4c3e97242d3d8495c1ebfc15b5a2e9505a56,0,1,True,True,1,114,31960,990d86450560329ba0efda61a013f71e655c01e5c690f4a6012b35163444c3ab,0,1,True,True,1,114,31924,56a175fd4f15fdb072593577ca0201ce0fb88b0ca9282d00911d450b720e3f23,0,1,True,True,1,105,31920,199af8381bd2bff7ffbf32424082becd1a1e09406914b145e7372c661c6084a0,0,1
1f22ea9fdafe97937b45086bc4220a9d0a8c68cd491072cb6317ca5b71c473ba,a87ec21302bff0441810ef486ae5ad48aac2a666554aa01a0510191b3f33ad11,conv-47,110,targeted,True,1,True,True,1,44,15949,6ac97c1925b11715a1cef8d1ff1f78589dddabcc2a49ea5f1a47e42787ee75ed,0,1,True,True,1,45,15999,8b111e9d984e96124e3628c4ec16d31a77595e10928d371399822c2ecba6e229,0,1,True,True,1,48,15945,c8992f71bffdf35bdbb32f102711bd2459083648d64539c7528ab9314254b1a0,0,1,True,True,1,92,31987,ee6bc4e862aac56890abe5420bd0f8b21f0cd96d9deedd76c210efae44da1069,0,1,True,True,1,93,31978,2fd74816ce59c9c846547fd71c655ec5a9cdff4410858e5a6e0a39d2c67cfb17,0,1,True,True,1,95,32000,967dd2891a63b9f3436eca43cb3ede72424cd0e4af5d39f71822556645930f35,0,1
52766dcb81a0294a61cfdcb3b05e9bdf00e7bcad6b6bf290c654ccd8881d85cd,c3fd7316f1374c3bbd2651c75e99fc7307edb152104d1456da6155cda24c0604,conv-47,111,targeted,True,1,True,True,1,46,15923,c6a125905bc6c4d8d3adfc353426703f0bfbb4c20fc907169b09b57b5a21877b,0,1,False,False,0,49,15998,41fbd9be8e81bc14e21250d85299c2579e1b9590c440a279988073b6394cc362,0,0,False,False,0,52,15997,0690a5a66f0234c0d0919648bb8ba8ef7b0cc59150018ce118b5e1dc63fc7899,0,0,True,True,1,95,31997,4eeb75f67e2d5cee0e0e91e123a1a549b6969fb2872bf0f31a133441b7971fef,0,1,True,True,1,95,31979,b22cd987cc1820c28fc883d6d13aad1164859c0ca1c0f4a952af2200dc730dda,0,1,True,True,1,97,31998,e731b1fc2cb25cd2452907e5f1789efdad9f6344fd90d3bb7b5651b63ad21de0,0,1
1fbc8637100e337a092ec3c6c59e2c436683b608ec7c95e92198fc9226ee1fd8,24c3b59b52187efb97c1601f14eb0b1478cbdc49d25e3b814667c0fbf10d132a,conv-47,112,targeted,True,1,True,True,1,47,15992,0d5b8a90f90059a14e2b14c353c8366afcaed72bb849daac33f6de1c3f3023c4,0,1,True,True,1,50,15924,d99506e13f81e47ec02ce8aeca2f0b98c1fe8d2fb2059008ee691f1c4f0070c5,0,1,True,True,1,51,15932,e4218a9a28c4f1aed75f615034b4d53e8a0f5bcf78302a61f9c3b312549ade5a,0,1,True,True,1,94,31982,968ade89f69620a746168359ed4ec0ff710ff381b5a9eeedf548014683d8723b,0,1,True,True,1,96,31997,2525ccc51faf122db99025464f3b1516c071219d7f972c76e2501431c676d918,0,1,True,True,1,97,31940,307bd9eccdd7ec3506e7e30018090193f16040d7a8c9e6924d97a5e9ca7c4fd6,0,1
8bff7e8b2880d7d20a848766b75dfabee9425a89ae5961f4f11c308c436023a0,8164d09251ba3f9eb41eda33cbbd077bc0518405fcc87ab66fe4bb55097709c0,conv-47,113,targeted,True,1,True,True,1,65,15980,cd18e30ab236c41ba36c93a5fb21d97b69bc173cd2428b0fe30001c465d21671,0,1,True,True,1,64,15950,087e9f787755662d2b5da110ff7dbeb6d19d81c7331fed8d2ef7679331d49219,0,1,True,True,1,62,15996,689b591159f26c4c9133b1adedbb47924f5e1cd70e3fbc5ecfccbd9cee6a1e47,0,1,True,True,1,122,31990,587f2c6e7eac13da99fedbdf129134dd7e8431ca4553b4e6c1f60caecef3d8b9,0,1,True,True,1,122,31977,bb13b4231e45b9ddbdec62193e52a4221f6135c4332f90a1c4ed48b3bff870c3,0,1,True,True,1,112,31923,7ea2e657c19564a36f22dd99126ea74202807dba1614ca5cf88f3084de6d3cba,0,1
dc9c71edda38cdc3ec95a18fe5480cbdb17614c461d3b5ce3511a090cefe2fa7,ee20841fad5c860f1f37ad4dbf7c202bd09d3145e5e63276253e75343a45ca32,conv-47,114,targeted,True,1,True,True,1,67,15961,f2b28c327270d3c7b915f8033afed7e9a31ba19653af90056ac3687869337c79,0,1,True,True,1,68,15997,7c3ebf1cd2c93bd35dc8b55499539f103cbe6dda7f883a9263db4bab957b4918,0,1,True,True,1,60,15980,6cb600f24bfd22547dd1df695f2482822921d69b1bd4bf49d7d36145bf8026f9,0,1,True,True,1,121,31996,743e2d949a563df6df95c679013287095f3d3027697b31c4a61cb94516cc8b60,0,1,True,True,1,122,31999,d323a569af1485a81c40d866a26acbc197b62a4b5e16ff3756e4125e534aa7e5,0,1,True,True,1,116,31997,0a9692d68a3271e0455180e54dab94efe12f2cc7cbf07e01813480069fc76fb2,0,1
d56afa81d13f2e9ef070c86bc421cb471c6f2ffcb5c67ab7946da0d3e06c5383,f6597eb607f9c74a64327e05e118db562ff54edb8655548b88a9390840f77f81,conv-47,115,targeted,True,1,True,True,1,58,15997,7d8bc4556c71aec3e0eee53c15630b53ba938a7dc120c0d9389ad6998b85165a,0,1,True,True,1,58,15937,b937c35dfd6ca6709577ab65bb157e1a0cd50c1f051986925972542c2802cf60,0,1,True,True,1,52,15966,29c72b04e0407872f15023f4a0e26e9859e83707cca2ab27f17003134b4f14c7,0,1,True,True,1,110,31999,08e04ad77581b194262398efeec649086b94e7214cc6041a571dd9e5a94f2afa,0,1,True,True,1,111,31941,2d1e4b1bac8a715522d98ef21104da202248362def57b021032755354a7b1a38,0,1,True,True,1,107,31932,1f357c54a1e1294725fee4ef3bab94a16402c1437507108994b0f4786de17f3c,0,1
e19d1aae103de0b919d5ef51bf1a685e32956c252e40e84e83dcb078a1323511,3bce3bc916d6bd1e0e266453d6efdee5812d10841c601897cec11ce1b152b1fa,conv-47,116,targeted,True,1,True,True,1,62,15957,9110119ce52db5dc0e80a6d6d8d83ff2f7413d81f80ed10be5463e35c753cfd0,0,1,True,True,1,63,15966,82429125b7e1048db80144c783cd2a6689c80261c6919cc95510adf427a9f63d,0,1,True,True,1,58,15983,02a4803691a1653dcf2bbedd2fd81793283ff215425d56711b07d0db13d098dd,0,1,True,True,1,120,31995,20f72897ab41502a11d0bb56089aa022bb403572c6dfe84ab28108c40fadbebb,0,1,True,True,1,121,31967,6b53d2a826757b67a81fbe5e937f3d1720f5413689c7af0626a03292080f71e0,0,1,True,True,1,110,31993,40eedff1120b1cc82b279b11fd645102ff55c8c84dec600abe83e3e8268a8ae6,0,1
ceff852eb5fd6d0c45901b531373a653301e2cd66740ca6d30063c1790404550,b6e641e54ff4dfc5387ad05196e167b30fd91beb343cff5aa1fdd9b692b656eb,conv-47,117,targeted,True,1,True,True,1,43,15920,ce9740cd00c5fae6711c647c14e38136c9e8d1df5ac40a1870fc8e7b945250c6,0,1,True,True,1,46,16000,cad7d9d8bc4ee8755ce70eabad1ac4e79fceafaed756cbf360cec8da59e4bf8a,0,1,True,True,1,48,15922,276696caaf2e07bf410bf94dc506086b6810b5be1fb02889272055204f085a7b,0,1,True,True,1,91,31988,1f78df2f3cd33df16ed7004f9d7cfb4cecdbbe5d563c67e9eb36d62a53b05b66,0,1,True,True,1,93,31996,9b8f83b28820e9aa31a69735265819f6391e767bd68a038bae137ed423a1b81a,0,1,True,True,1,95,31988,ba9d039eb6f47d24ae35f7aa8a4831f276c2f04d65490f41fc91b008f2668d8d,0,1
0175f462a4b66695096fc4f9151ca7e3e84e675bd4294d4ad71ce6c6e858fe16,9166a692c8e3ac99651cd3cc09cef52e9000d4055121740c6060bf5452c0ad70,conv-47,118,targeted,True,1,False,False,0,55,16000,991a145f1bdd6aafa894701e23d9ec82c6a61f3b397d538576b265adf4714fdb,0,0,False,False,0,56,15920,10ad5d270cb0be4ca0df8a9248781dc60f8b3d43131e633a083eb4b645ebfd43,0,0,False,False,0,53,15995,2c48cc907165f2f9b74f04ae9abdbd6eb23bbb67dfa04c17645d0b5044bee24b,0,0,False,False,0,112,31987,c920a72364aad087de31dc90518af255dabb7b44a45c197027b414770a0e71e5,0,0,False,False,0,113,31940,798cc8094c50fdb4daf17026ca8a15b6968c7d472e9560bb2134f2fde9cd75f4,0,0,False,False,0,104,31927,f1bc29e62c3886599880bdd879143f6930124dad3dc583d96f51b4dae0703209,0,0
e5ba75c35003223368c3cca1e84562de998819714b91728a888fd378b3ec2454,f59ea24c36fde11de7bd44dd71a5dfb4003fd087b362bfe4611eeed4e20315c4,conv-47,119,targeted,True,1,True,True,1,50,15967,df1aae20e5e870f5e8d49178996d807f21f579dc55e6249001a830c98ea1dc80,0,1,True,True,1,51,15995,76f21128572920e7fcda6a8b788358092ae1715fc42c889cbc3ce938ca0000b1,0,1,True,True,1,49,15993,8875c5785c3037dc51d40a6e81a383d83d4e5e9bcfb4f9b16e7e8c48c36fcd4e,0,1,True,True,1,103,31975,0b4cdefc01a6209efb7881d89b3b9533d6725ca6787c006b2f2b231172c59583,0,1,True,True,1,105,31999,dcfb48c7ea7f50f491de0cd66571c88ef2a6c69fad0d3b1dce8e41f46406fd2c,0,1,True,True,1,101,31990,5969dfdd063eeb0e6fb09a2f6b784655b101ff0fb8d9ba03502f0b7026f7f998,0,1
caa350851c17ba219fcf8d04dd1eb2aeaeb2fb7636642561dac57247dc98e7f6,401a252543300aac42dfb28fde5d659c4ad2ff5e6b0b935e8a89abf615c1837b,conv-47,120,targeted,True,1,True,True,1,48,15932,3b85753785fe4b31458fdafd77a858855d45858b49d124c426ff0652768198ea,0,1,True,True,1,47,15995,e8eacb2c2158a22b52152fcf1d876b9c0082e0d32c8e6558c1b5706208634495,0,1,True,True,1,50,15925,478f2934f55e4f46f4e88f6c83d3bc584fd4ed7fb270bf4a196bebdb17812dfa,0,1,True,True,1,94,31967,03644a9c694bf29d1e90c05d236cd8b337cd5d60eaafbab10db2e055ae3ca334,0,1,True,True,1,96,31982,a077f888fd7c1cc7d150d185d69b40fa48c50240e662520d0f2874e87540f78a,0,1,True,True,1,99,31927,49d1e6e22ca260210cd61bd15a6dbadbaeb27c8af8bfb45c74c6161f3cb51a35,0,1
3fa8cfb1449c05261a4f8409c515a74a47a911d1c1e2cbe4da25bacc0cd88d6e,b09a8f159866153714946c2b3b1bf0b8c476a46d8f445209cc25ebd66975c017,conv-47,121,targeted,True,1,True,True,1,57,15965,c4c97527862d461a310523e4a956de2eeb1c81d6a9c80f08464b7da711a4bccc,0,1,True,True,1,59,15982,84185722eacbcc3f08f674a77081355b98a7517ba55115e8d619e9fa8ef64047,0,1,True,True,1,54,15966,b9a4487a5c28a5edcdad6025ad456b4d8685980d4aef0a111d997234c377a04f,0,1,True,True,1,110,31987,0f7808e86ae961a125c400607594bd6fbf71b28194e2702bd955c04b1f4a971a,0,1,True,True,1,112,31986,52bc714a864b81c6243a9ceb4947d0e43f8f320df1b5be1ae0dbe5c26344662c,0,1,True,True,1,104,31912,7e406fa27aeb596597fcc04678542e80e0fbc27f0fca2d143e01fd85e425ab90,0,1
19861434e2119d7552e2114f557e751a6be672b3171773d879bf918952e81a70,0521be61f19f3bfb58159ad4f6530cb08476d18c6c98bab8b24c98b928a4c5d0,conv-47,122,targeted,True,1,True,True,1,64,15965,b43bde925cca265500789f2d5b90b417997b3cc0f9abbc83c0b0cd7d39af3b46,0,1,True,True,1,66,15973,c65b4c13701439413aac782936edbf6d9dedd17e113811229db8961eff31045b,0,1,True,True,1,60,15958,1a1aa200f6e416c7963a99836e0fc05eb38bd8447dc1a9e3339b91d36e0c88d4,0,1,True,True,1,118,31941,14fab552b8a0736fb908c152b7c1de84028023d35b845ab219edb0459391b6bc,0,1,True,True,1,120,31988,cdc60456046a1dd6c3fd779bff6baffdce9561500ef0589d15918772b9523005,0,1,True,True,1,112,31989,8f90df00f02f517183c74c7da83aaf29db8bc91f983ed62f65a96d2c01d7127a,0,1
ed8ee90e3027fa0ca2b2b8308ae8f60fb6557a972feaae93a73bd781b3b2bdf7,8cbe6464dc3de0a1e42be093d24c8f5b7a0142b780bfd45efd0aea799d749066,conv-47,123,targeted,True,1,True,True,1,52,15919,4339ca98cd6428e23cf5d5b98a23b42edf12f71a74d9eb952d0aab9725cec5e5,0,1,True,True,1,54,15996,c128b117b4832f317b914577633e47261a20e44cc92286fb8a90f080070c4665,0,1,True,True,1,51,15959,05e88e5f4a09ceabdd88d60244add90f36f55bae61f7698eece5746f894f45de,0,1,True,True,1,103,31991,0762d79789605629286d2f09febfa6dc758ee0ba7d91de9c3668ddd4216dee9f,0,1,True,True,1,103,31995,7a6089f3fec85fa0de2263b1bb608a112f03b71c44902ce02e297f544e13e31d,0,1,True,True,1,102,32000,f0b7604793c0117880733f250653134023748c2661d519724d20c528c2c14e07,0,1
94f5f29f2d5a5e7271ead43c245f58da6f4076b1d3f50e98d7cc1547d3ebd0b9,cabfdbd0692c2a74f00bb8431ffdb5d66b8d533f7a04823a67b88aa292034a0a,conv-47,124,targeted,True,1,True,True,1,55,15930,1b896b17ca944afc7544e0d39dec040632eb7d5cc832f932e7438c065e6296ca,0,1,True,True,1,57,15940,123366fb0a549c3d421a0aba8b657730efa175b7556392de56c99389f7780795,0,1,True,True,1,54,15983,c41c7a288efab814499ee01e8801e643086148bad41daf1ac73ba93063ce5ec5,0,1,True,True,1,108,31982,e952e7317978d8218118aaf700b07dcc049e173e36cc0c98df1247e9ef7f26df,0,1,True,True,1,109,31983,f06bec26527e47b85d6822541dacf5769cff7a52dc9e24504316cbb9764249f2,0,1,True,True,1,105,31970,cdaaa84b781d0df6eb44cfec81e4418c887cf50827b184d71ff73ae0bee00301,0,1
8e2d3abe4cba3cd6f8361ea6e5b631dd6f2ff32408a5566fc37fb40afbaebac7,b4cdf6914591e062c7805ea6be0f455d3ead5282cfccf37512497e7993bbe629,conv-47,125,targeted,True,1,True,True,1,53,15996,f145ac7819e84f4262555a0992cfd6a28625bad03b252576bc224a27ef0f88ce,0,1,True,True,1,53,15971,f43066106a268f7b2f333271c8ec16ff9c3f53a8a67688817b7ba49cc4ae684e,0,1,True,True,1,51,15944,300a57eddb619514d5efc884d8f6504331735cb37213812febcf395d269d0ba1,0,1,True,True,1,106,31971,4730ca1d178d34cbd0bcd496e1db24867b258265f027af3c75b30ff9075319d6,0,1,True,True,1,108,31995,e601014c01674493f6700b44274e3ae6d7ad91706729cc92e24e4f13dd1588cf,0,1,True,True,1,102,31984,e89735851ea28de992de012f7ac8ecc5a1c41c35210f987c8f3d03faaaeda5a6,0,1
0c69e249f93e086b1e2025f33355848e1a84350490389adc07b254073aa2f0dc,eb09709ea7383dccea16a3520b0fb171515c35b1397a7446910f0654098a285a,conv-47,126,targeted,True,1,False,False,0,46,16000,32e1aef122ba0491a001107f8b08e1e24aa6069fb525a1d732300e5a4fc0b6b0,0,0,False,False,0,47,15999,bb9c3b300361a8184d9f4c7c6dc0eb2fa551591e7b30ad16d02bedaf4805021c,0,0,False,False,0,49,15980,30a9eb4ae76ad01767b06ba9e3b014c327c125d1a9be2cf440e00da0d2738328,0,0,True,True,1,94,31930,b9f4c279177bcebfd6352d29815324cef90d254a0873580ac3962d9621aa4807,0,1,True,True,1,95,31949,5a303237e72be3e65a76104e955d1a37ce03fa24c367f0c621139062a21a5797,1,0,True,True,1,97,31931,a9abc162766e9296ab8665849202f2b3ea22a504bf9cd04e17f2c9766e1a40ae,1,0
c8192bc3c3b7c0343f631a347cc8362acebd6d91821aa86407231c1fa2667c98,d48b6beb3c950022136e0a0a22de52d9e14b18fd5282b259af356d1608459e6a,conv-47,127,targeted,True,1,True,True,1,57,15962,c4094781dd55695c163f44966576f520c71d4762bd5c6bda881040929b406eb6,0,1,True,True,1,58,15959,4768930086784fdf3be8f059a23bd8859300dc86e1a79057864c1e209681c1a0,0,1,True,True,1,53,15911,782bbabb2ea0f14c9315e7dde0d2cff293244052a0a2af303e1d02bf2318231f,0,1,True,True,1,111,31926,dea69c4b249f9e14e47f93dd1d47caa57e59a5433877775200fc00b6899aac82,0,1,True,True,1,113,31942,46b3a647c0d10d7c05376b780946cf0fa8f458b88ff8f8094e3b7189df67d381,0,1,True,True,1,106,31968,86405ffa5b662ae2b98fcb6d09aaacffd06832f171e127df195c0c93055693aa,0,1
88823bd9db57f1a3195c21df433ef9c2dbb4e511956301b62242aa6aecf3d4d0,27dded6cd91fb8e0c76cb4003ba10c252153bd1d4cc817e81db683f77390f6ae,conv-47,128,targeted,True,1,True,True,1,55,15993,03cfd825ead60b2b6043075c5cd0ccf6083a7cc9fb1584a52948c9f67dce5b2c,0,1,True,True,1,54,15935,6d9bf7d5a037bce54b21112d9083c5c0295188e051cda398ffcbdc564a589148,0,1,True,True,1,54,16000,1a7da2caabecf0148ea282173da45144c74ba119b1bf32bb1b9ed56a66495019,0,1,True,True,1,110,31997,5af3973baaa652a964ffda76f6efe5feab68b0086886f5e673681cd16f15356d,0,1,True,True,1,109,31990,7007cb883ac5b535cabaa9954ec642f13190f7cc43d9a31408ad2301376a1c02,0,1,True,True,1,104,31999,0bff7399ff026e2a019d28fce22f95f93c5c04a90ece27fba21cca25a384b2ad,0,1
0a40384818c5bf2cb101a2a2eb9e946fae5448026e72f3a498456f9e418dcdae,e2c03bd4e8593f82b169329d740192ce19b0fd673bfa6b0b4212378b187ef9e8,conv-47,129,targeted,True,1,True,True,1,58,15912,29be53d67450144742f79ebf32c251aedee4b8d050d4e73d9a654405051b3d7c,0,1,True,True,1,57,15982,89817bec218d63ebb8e797d8139ad86821edb826f9398e5674e3174ac5e96888,0,1,True,True,1,56,15996,8b4d3c766b2fa9347cda4a856a42ed730563bc1c3f757405aaeb1ca0aef01a75,0,1,True,True,1,115,31960,52484449b2e4003f9a9c819044426dc9bb8528a4b78863fc0607c79504a01cc8,0,1,True,True,1,115,31981,bdf9ac7be4f8255e66238a658d0edcf61857ab10757dd9637924f14baffc2b7b,0,1,True,True,1,106,31999,bcf26747921c1b4cc7905c83bc1115d07b37042e53236b72069e485d3caf91f7,0,1
0decbf7c53b65503f737f5742e741c0e6021247f49e24d1b021f57afed6dc92c,89f13d2c8d7dac397a9aa01ec58337b6b8a3a9aa318b5e453a1fd25fa50e1391,conv-47,130,targeted,True,1,True,True,1,56,15968,1e824ec9bbed2864bb8684138f5ed174e75662b84bf63385deb3bcd6826d004e,0,1,True,True,1,57,15995,cf9917460bae1a651fce1ac9c98dcf5a86178f9b5239840296f192b25975a193,0,1,True,True,1,54,15984,b6ab33a4e306f3fa41a8e9e78a42ef5ffb23275d1c859b99995974d66cac9595,0,1,True,True,1,109,31931,9fa3b0e8c5c819de303a6d700c479ab791b57094f578da2e01d291dcc699d2cc,0,1,True,True,1,110,31985,1e2b4f8147602de417cd3e9ede59fbb57059436d7ac04a55de7aa090117404f1,0,1,True,True,1,105,31917,049e187cabfe444aad27576cfd7943dcebf083a546d63bbaf76d261ee02753f3,0,1
0da9682de89c5cc47c526991edf84c86be23dacc52ea921680fa5cfbe1e911ba,0e144b9076563cd2d78c1c9b9b0968cb0ff69abdc3d0e9c8bdb23de6efb8df72,conv-47,131,targeted,True,1,True,True,1,49,15941,f1f1bc7ced1ff29f646125952b1c482e6a8879c13cd266807130ab71cb7e0ea3,0,1,True,True,1,51,15969,fc290cd11a1a9dfcde6d9a8e4ab90ecbac5f76df993926872a61c8c7a85cd35a,0,1,True,True,1,51,16000,2f3ef12058ffa8a8467129c732323b95426d329dbdffb867de0746a35142de4b,0,1,True,True,1,101,31972,fac60c9e62237b3cd3e5d4a0e60c3319fb482b4a4f2c75a4946c13bd6ac410ac,0,1,True,True,1,101,31987,62b714b725c6cc1f062dbf3960b582ba4c48dc3443be9dd933cc5687f59335ca,0,1,True,True,1,101,31977,961ffabad7b7c22a49bc5794daabcca1e3fd85250d6779950827002cb9dc94e9,0,1
b44519b7cb11f59e3f4d7d92d5405af5de906a14bc17302be0f1ed111bb41050,29542381d4814182739f7b119dc7e7b5592ba507f5cd2ff932004de9b10d278e,conv-47,132,targeted,True,1,True,True,1,48,15992,53b6f487881d1ebf7ee9dfc034af99dee92a26c0342f347c4f17ced4405d96b0,0,1,True,True,1,49,15989,10ecb62b43cc1cd6bc46cadd6975ee92c8c0e15bd096c84e2769246de5845423,0,1,True,True,1,51,15989,57dcb1975e14747d9447389ed4dcabaaf44127dd0f6a05ea15463a16c09d93a7,0,1,True,True,1,99,31971,15c683e643824322f03711651fcd31a3e233453d17d2d35fd540edc358e7f7b8,0,1,True,True,1,101,31924,571dabed67ecee21993b3c77e4820102d8bcec22b9044674f145e5d0f1823dbe,0,1,True,True,1,99,31995,872c2cac2a3fab4eb848a255d9933bdf93ff13b9670f314820fbbcf8cbf987ac,0,1
21be6ea2dc0ee14b5dc423bc0ce81202f29672f39eeefb4dd9185c6678c205b6,17998dfe4917f2e3d962731bff940c0269436a17cdf9782921fddcdc2016ccab,conv-47,133,targeted,True,1,True,True,1,48,15981,aa0d61f592d2675730856928c7204087484a5761af6c95ea9320beff85cb2a40,0,1,True,True,1,47,15921,ced41f7b71424ca20a88ab8a5d2e47a176fc8fec24ad7617d461703baac96b30,0,1,True,True,1,50,15919,e1341a410ed71fb1b5a74a60ade70eb17dcc47b3789be62f07737987bfec551b,0,1,True,True,1,97,31993,07e0326047e59753ab397a66c51a266a2c93c6bf0c649f3d024f6951fd829de9,0,1,True,True,1,99,31987,f61ced87b3d8acd120128878a4afe070f986969e0951a460abb80f8b32851137,0,1,True,True,1,100,31993,e21251f6f6bb391943ecbaab31436493aacdff6bc910a13c2da9b63c78624d41,0,1
8530a5abe599597b4566b529228390efaaebb7e8a299463f2fd4935ff20c974d,93e5330d69b92a039c0630704c2e85ad944a1b10833161ebc598d0597798c20a,conv-47,134,targeted,True,1,True,True,1,44,15991,4aaf8628e443b3712678ee0e2a3fd75aa8f69a3934491418226fd749ccff9591,0,1,True,True,1,46,15921,eb6e88827f66c1b4d46eb51926366c2dd0b5b799af2437de69ea9892e87d7afd,0,1,True,True,1,49,15939,d9827344cbed8cd3f738429745e823c88844a1ff86c43e4534d8e6b2ef9a646c,0,1,True,True,1,91,31948,d6e4536cf567e22940d04bb620ee53b28018665ff4847b140f4e73b43a59b852,0,1,True,True,1,93,31997,24558a228a79dd5e2e33fb5caaafa8aec4be156e9d294629636254eda782957a,0,1,True,True,1,95,31979,bc61d6fa8c2356478d09a129ea31c3629c33c34e57d7ed8c32a0632c83cd9e09,0,1
e96074b4d941ad8d64e8a1a0eb53f150b02547ad98ebc75601e916a3e73adc5b,3d3fb52b5d7255d55c45948867808216b82f718e7c08120bf88bd22146298335,conv-47,135,targeted,True,1,True,True,1,43,15976,f5f8b41f7128c9f3269926fa9d6d84113e6f87f7c7be60940529b89f9d51ad80,0,1,True,True,1,44,16000,37550078f500a0cf56a4e229ef76847673d50bad9bc5b0090ebb50c15484b4c3,0,1,True,True,1,47,15996,08dc38b471a9bc9dc1f16407712ca834375eac5c788b8db7724392f9bf29b34c,0,1,True,True,1,86,31983,587db565eb75825a098302c72295805837e92aeb474187a59504538379640d7c,0,1,True,True,1,87,31979,40da69e74b602c71b0b95fb627306a0fe5ef5925d11c01f08007a63f77be0fe7,0,1,True,True,1,94,31917,0c0c8f4cec9d184ef1080033fe47c07214883aaf29346073f676a194906a5097,0,1
5c4d966437cf2ad9434e1c5df6622897d26e8d81350390707429033c7d8f2d0a,9e003a10f2dff6c957affa982f90c8c307de6a62266b152d65992beb16bb7ed2,conv-47,136,targeted,True,1,True,True,1,41,15956,e8333ee379fd55e7aaa76119397ad01040ff38bc95178661b26155c4d6cb00e6,0,1,False,False,0,43,16000,7ffe6d8f8dd3aa8df78b1eb84ed2cb229002de9339c827adb8e5a34e4f047a62,0,0,True,True,1,48,15994,a7d07d53c6f36a110e70335e2639befd485466e76e1b00ac38dfba60367a8533,1,0,True,True,1,87,31981,44750ffefdb6bca65ced3d8ac6f896fa3c4d3966941fd387b70cb45620f34261,0,1,True,True,1,88,31976,a6889fa7c93c2d6f7eeef3813e49244f72a85951668688a6f303ea4b4b6a190a,0,1,True,True,1,93,31990,4565c6d702d09e91677d046c0b2990278e13b565cdb33d3f0d38cdb3256b9177,0,1
8ab0116f844cfc3f0188d799be9ce053473068fd3c0df29a9c17cc968f7d3677,38294a18f698d1b4b6eeaf914d33e80d032c76f127878e93a9fa9bc52b9b3da4,conv-47,137,targeted,True,1,True,True,1,48,15956,a94a6ce160b5b0eb3ec06365cf1861859d732e2a914f9e9457495989375c430c,0,1,True,True,1,50,15991,96f8bed1c362fc5babf1302592be7e7d2d82d9fe515a777aa872487f410b6b22,0,1,True,True,1,49,15932,1d9df37e0f6d0eaf08384b4d5c4f10d71e0d7ed38315162d9b49d8b99944a230,0,1,True,True,1,93,31981,3419b74bb8d0ca72ba2931b132e782f8bdba43d402846741238465447caf941f,0,1,True,True,1,94,31989,85c136172400db84d5f70d9f7e78a72de1edf0efc7b29020af3e65451eb74942,0,1,True,True,1,98,31962,c244e3c05390123eebcf964a795f0a0eb4aef199442a998c0b04a0105a55a6e9,0,1
8736c16082dfbd9e2cf41ae7b46c1ea931c230c36a993c17d2fa3463dee92587,86419d7a531988185c94bfe1bb33ea14b042316305cb2c35f6502c83e7080a4a,conv-47,138,targeted,True,1,True,True,1,45,15997,761f8a8d1d4b984778d0b9fa4f86b47301725b52be07d818c3c5d89b49ff9345,0,1,True,True,1,47,15941,b85c29198dfe7754764fa5353d2cdbfe81f9883bae83021c746dd6d0fde30e4d,0,1,True,True,1,49,15938,2bfba9984e876cff4e830be12f6613741b54c02f6cb375063aeb21a09918608c,0,1,True,True,1,92,31986,6dacab5c80f3f609c2948683d678ab713eaa5756d580fbce3e16c705f2e68ee6,0,1,True,True,1,92,31944,aa5d8017592065bddd7328949396d44181189bdd926275fad8261dd9736096de,0,1,True,True,1,97,31995,66947f194b37790a3cd1bd6d2ac63e78c3d56c617099b1044fd7017a41e34096,0,1
07c4f0c4b2018b15f194daebb475835d2ae644711d0e574591677a922fe00a1a,a9df3a7c8b4f122eef02909aa3ce923bb07024024c8abb3d55778da32165cf1a,conv-47,139,targeted,True,1,True,True,1,47,15991,9bfdc59e38231d6db0364472ba668ea8c369b061ef02c2b415f749e98243bdbb,0,1,True,True,1,48,15926,b21ab6d2956352d05a6ce635f07746cbf13ed34a8eaeda2486e4de2b5ff8b9f4,0,1,True,True,1,50,15928,ccb8b5d2c6a9eaa1aa3faf7a209a06565818a320becf3ea1b72af17ee19cb0ef,0,1,True,True,1,88,31998,52b0fe3c377b96235d48ce5d88d48c10822995cf956f43619a8463ecd2c9462c,0,1,True,True,1,90,31940,04d4257565a7dd5dc0b450a330c320acb75905c38d4a1728a44e7968f0bc9d91,0,1,True,True,1,98,31999,4f6673f956843c6b56a9c0157dd176cacf2d2cee3c4b7c481553f532c9573e10,0,1
b1dea42385b8f4e35d0736971236ecb49588ab1f365de1d8a6d998a9b13b8b82,19f9362af48aef76ca6c859edf497c256fad1322dd91b9458ec934ec0934e2f5,conv-47,140,targeted,True,1,True,True,1,58,15967,2771e621d30752596b3ef92183523c3f008615c5bc385b065550160cddd9069d,0,1,True,True,1,59,15999,4c897a0865c05fb412fc5a2b402e6bbdfee4d7a8a10ff54a38e543ce7e3cebc8,0,1,True,True,1,56,15918,1dda48e74bb206d3eaff95ca767bb7eca52c2ba4a1143c8093806b1d0e3b66dd,0,1,True,True,1,109,31982,4568a87d40dffc5e10c1cb8eb01fa3c4d66197ed0300ca2ff58fad731e2215c0,0,1,True,True,1,109,31957,2b0ebd4d3f76233f6f35e093321b4f8825a9e32c64202395ec9786a27bfbc7a4,0,1,True,True,1,106,31946,5002e8391ca9be073fd228c66231cc7afd055e312b489371a51fc55d8762a0d6,0,1
bd70513c25b185207e9c996940347974d01e3ece81e58527fe45f83071f1649f,10544bf2bef808279555b7a58c955d9102fc383e01f46421f9c205cc816826c9,conv-47,141,other,True,2,True,True,2,46,15988,a6eb84bbc4bdec2506bbe37dd75ef0fd3e1142016ae0b39f1f0350867299c5c5,0,2,True,True,2,46,15998,b6764100b3e13c5f2f0f9b2114653b161533ca9317e7f1a4b2d78370c8d12338,0,2,True,True,2,47,16000,1bc0f5fd9ed5c72651daee6dd87531691c4f8082ad8fc4582a789cafd50714a5,0,2,True,True,2,92,31937,273467d72fffcef995185d119f11e3a20f587ccb344ca1eb62dd677902761e0a,0,2,True,True,2,94,31987,d8417a5115a782dd30f10d609623359540754873471f59d83c27c5adf603ddb1,0,2,True,True,2,96,31931,1fadca28fc09f448a63d039bd395cbd5be694f0aea78468dcd0ee0fff82c68fc,0,2
09223c3da8dd391422e02d4ac53faad284f30a77e63edd75f5e136aa1c799c6c,c03781116656795b485ec07941eea44f92fde18f1a067234244b64ccfd851afb,conv-47,142,other,True,2,True,True,2,44,15953,82c425a427d40a416b832878e13c73efd279f77e6012fa43c0e19fdc10a7e212,0,2,True,True,2,45,15919,b446f54c2700f4dbbaca4522ac2f90c8c63ccf0471ee6c16bc08b98052164bb8,0,2,True,True,2,47,15935,f109513da91856e0aa049d54c18c709ebd3e142051dadec1c639a77d2fb8cfe9,0,2,True,True,2,94,31993,fa75eb7bff2d2c0f14e5fed8f146357d7fd25220b68a204a277e13239ab95dea,0,2,True,True,2,94,31947,9c92e3fc2f86444dd5bab8b519160428f2952b9ed79118d9223fb76dc7cd9aff,0,2,True,True,2,95,31987,3e8b7aaea9368144044877bb46c77ea1124c9b5b124ba5b5b9208feff71ffcff,0,2
7d62ba6e846e4d6a62cca5ab44ef29565e95ccb73129ee9b344e8534b0c5ff1c,498ddcdf2bd99763cdab523dfcb3076480db9be801593a5730c4b3be6680823d,conv-47,143,other,True,2,True,True,2,61,15999,263a4be117ebbb71f2545b9b7dced1fe19f46c1f7ac1cf8ca6a6781aa5ea34b1,0,2,True,True,2,62,15965,514d814f74ac88560295587bfb7cc496544255a4ddba70dc591b4aee30175c70,0,2,True,True,2,56,15986,fafebe16c8e7543fc03470fc1216281d083e99cc7e5b161efa16d8f90ae84cbe,0,2,True,True,2,119,31952,26388c40b7f3b5062e12738b3e2d6c270b814f917c02abc0d929428b24fd56d3,0,2,True,True,2,120,31986,29afa5e9381ae70c9ca16200d6cb9c8427eae50580820d791366ae6ff991a924,0,2,True,True,2,109,31938,0525aabc3a644fc0d5df829f2a50d074d8d4e7b598570da213cbc943d83ab5d4,0,2
7184abae93ed9e15805aaac907141da0566f95dd1e5aac5ed55005ee988493d0,679c78aabaede6797ec8203017b75c81bf5d9f6537ee29cc208f0cc948cc4b99,conv-47,144,targeted,True,1,True,True,1,56,15962,26bbc5f7136565ff0cf84b312e96b533cd7be21173584fbd7af15865133d6fcb,0,1,True,True,1,58,15977,0887d694a6f32087081496cb7f013370b19dc96e9eb92f71c6d600fa7ddf196b,0,1,True,True,1,55,15980,7ebec6aee6b85386c0c76937117afce916cefe2dde3c2def6ba328af76f1de40,0,1,True,True,1,114,31944,f5b1cffa5807e3127574d13262cde54cac59531f0e4610cf255af1ab59fea132,0,1,True,True,1,114,31984,5c66c4cb01886390286a8b94040680cd349c525c38e9e0ed0d31a5f4d9a1b66b,0,1,True,True,1,105,31981,e4ea235ded3720086fd770ef9406b4c93ac3c69a64cbed12b4b0943369690f55,0,1
5baa5b2145ef7c42a67dd383d6a13de78131241a5ac07532b95161b6491b88ca,4bcbd14c5f03b9690431735c6324b707127bbd8b01afbdf31e35e6a616db5805,conv-47,145,targeted,True,1,True,True,1,57,15977,da80bb9631e0a0a2b4b233940b9d9738b959667d8c96b38916ff73ada3cf34f6,0,1,True,True,1,58,16000,b369a4a4a972e9a3ff19ed6e78bd7352b2dd0046eee9d47d31c1b40c2fd3c4ca,0,1,True,True,1,51,15926,d734be17df9aba2d9a11bff5b135d7917faf389bea910eb8b37db20c14f8a149,0,1,True,True,1,116,31989,681b146ea6241dbd1215c22023bcb902ef1542e9d4190798b26455e2e160c6ed,0,1,True,True,1,118,31959,d51f260c3ac1939ff7a4dcf5d4c3236b1d8f191c96c80be8c0385162691bc2da,0,1,True,True,1,105,31923,e6d81f41c361f951b885f9f698b3c1352accbb2b99a27b0b09bcd7dbc47b5558,0,1
5ffc3704158fe1de92c475142d32b50bb1081fe7c55427dca20a73dc10b2648b,d55fcc8df2b1cbc4ad4a6a15f41c43f8c8d57940261b1351ccefb1e39f4d9ba3,conv-47,146,targeted,True,1,True,True,1,47,15964,d4aa62762356a87951e6cfd2c44fe91e68139b87341721e79961138f46562132,0,1,True,True,1,48,15991,43d717e432a8bf17e9f6f831294dc5e4db7fab801a3489c57755ccba64324fc2,0,1,True,True,1,50,15971,af1da1c31daeb2def9c23d1fb7fe19f3ef4eec37da03550b27f5d1fb05ce00bf,0,1,True,True,1,94,31948,c5cfdbc80dfaf80528c764454667aee9770759055ada642b192a3f51eff1d02c,0,1,True,True,1,96,31993,8c7f177c54c9d993a858780f7b861755974be12b88311b467c5f32665f618c6e,0,1,True,True,1,99,31995,a4b3e09bb77e59d0a207b2997d0b7e307972ea46176ada67dae7c7ea42b811e0,0,1
810da9027d8ac95e914f7a101f3eda2d97ffcca21acda3dbd2c23fe10ba916c1,c387e692816fb46174baddb98156254b8aafe5fc8fdb46fab1c182e807d49834,conv-47,147,targeted,True,1,False,False,0,50,15988,a360796eb97a92fa9d76e033a729425e3189666728de11119c90f061e8d05c5c,0,0,False,False,0,51,15931,ace389938c5b331906e68bcbb733a19a3a4b0b3533a21b398604af404d4f9852,0,0,False,False,0,48,15983,ea0653b35d0386815e57eecbc1b026319da8b1c02724494536259191e33379c0,0,0,False,False,0,100,31946,06571b7faecc7a50ddeb0c8e2a0e839917038645d63b75dd31edbc610af5d155,0,0,False,False,0,99,31922,afeb642a7fec1acd92e5f817a1cfbdf8b1f707bb77b9ad026989021c205eff0c,0,0,False,False,0,101,31996,39866a407676cf559be255db5f9c06070468837b6cc5609913eb2cc31bedb2ec,0,0
1a01ac60d778aad483ce762eabb894b76129b43f4ddb049c1f53073ccd0249a3,f9a6a513a70a9350249abec667a3e7cdc83a2bb5b8f850cd325fe44b1b3d72bd,conv-47,148,targeted,True,1,True,True,1,39,15931,2d4301b36c04c2dbc881d6b27cae4d715a7cc98e1159a183bcf1f6aff6ef880c,0,1,True,True,1,44,15995,cc7a4b23d7e5d2e2feddb834eb8bf17638b49132b4603c3227071292312856ee,0,1,True,True,1,48,15998,51d4706afde0456210d2bbc71300f1c4d447131279575a283fbcc345a9c8487c,0,1,True,True,1,84,31927,62731611d18f2d0b48a6a60b5a2cc1a3acc87a6cf7dfbac404e4f4794974fbf4,0,1,True,True,1,85,31990,e085d33c1a49eedb8319294546145a101be82b1c7a18c480fd65677c800a916e,0,1,True,True,1,92,31988,b3d5bb2032d0b8c67b007a1a7c1e85129bf7e415e7a2f32666f3f1f503bda5cc,0,1
21ed57380e4b39b24802b5914740c4f74040abfcf336ac575815a0c3a03b8c98,39af721021707c3e3df33f1a00265135adcc6c6221dc6cd75f74285e9d24cda3,conv-47,149,targeted,True,1,True,True,1,59,15987,4cd278c896179ee4fb50f7990a6bf5bdd6dc31bc7b82c3d5600015dadcf41b54,0,1,True,True,1,60,15996,a89e063938cda48664a220678b2c51271f0a16598dbce327420480d7d635cc00,0,1,True,True,1,53,15987,33a33fd467ec4fb2e7199aa0eae85d2c253801a906f5f17be86e5f5ee5405c52,0,1,True,True,1,120,32000,095fafb206f8141926048e56fbaff7905a858cfa7bc3b340168c049253e3fa3d,0,1,True,True,1,120,31901,292c46407e9fb3f22b45a165b1bfd7091370c76cb0173079330f0bc53801939a,0,1,True,True,1,107,31966,76e03f0d7b1f9b108836c2c09a739163be8b02b82b6701c4b936f2d7d64f38c1,0,1
b86aa1f0a8edd7a26ae528a5e5df0a4d770aee07b96e577a040f46ee32db3e09,a58f06f6489331b732e893ffd75a22b4ede4a53e6c48b166855dab14aa73c5ff,conv-47,150,targeted,True,1,True,True,1,50,15946,6d1685a18fd0ef6753cbe45b177b64682d689510271c6de066a0a723b1eb7dd0,0,1,True,True,1,50,15988,af8ca3392c8703e1b0f674c5376292ef3052977abdd1d92cc2c15a51dbabdbc5,0,1,True,True,1,53,15991,4992208af489dd98dda26dcbdbfc8babb89a1ffa97b6927c6bef7320f799861b,0,1,True,True,1,109,32000,81ea558b61bea8106477dd7e315947435ef5d15077d1d4c961edc59dba3a3c8f,0,1,True,True,1,110,31989,1d690790899466f1851a9172b50729c364ffc680aa0ca466f13c5219d957cbf9,0,1,True,True,1,101,31927,8d02913afea6a00a4756b931ae02cbeb6564b51c95253e8c3cd7aa0780083519,0,1
d36099efac27358cbb46955a29fed825fad136b72e6d50ae62e531072dcb377c,1744fd9384d7d1b99dd2d6f104811b6c67d38d77652bcf1abf473cdbefd32449,conv-47,151,targeted,True,1,True,True,1,64,15991,706c00c939e0867108a83521df38dfaa9e0a4daa2247cd0d68d52f5af2382500,0,1,True,True,1,65,15989,80e8f419da0e21397439acbbf65c9a3ae32995535b4b3971480c029acc2cd085,0,1,True,True,1,59,15949,4ada7fd0074dfd01200e61293e4a8be1957b8235aca2668afd58f051040f5539,0,1,True,True,1,122,31998,02a999c06fab1a41cabb98118f495c6b8509228ba1b8072d984a3d20c7dd151f,0,1,True,True,1,123,31929,b6ff30f77010ece4788ff0dd58c55bb89e2aba89194dade4d07e57f545af7e3c,0,1,True,True,1,111,31918,97f0fbdf6255ae6ce58d78de592c5c7a969d887b37dbe1442ec101b0186c6250,0,1
f6ee38b75f47397be0e2f7e184152b17d82deff54c4cd45e5df7b0903cbf10a0,a37d0a67af675cc9bcd02e0fe8ff023814714f20fff216377c5a42073d6f6201,conv-47,152,targeted,True,1,True,True,1,42,15996,ed97c7da27e76f13e3e561be81da55a5cca5a9653d98e27a9eb3b988c24c2637,0,1,True,True,1,44,15913,355e65f0c1c50e1901119e5bba91af1b4706df730428cf1da119db094c34cb33,0,1,True,True,1,47,15982,9643d2fde5ee1e8507a84a6981abcb7e110c2fc7ee6835b90154daab9a555ab3,0,1,True,True,1,90,31961,0766788015a2587ee7f49e62a5633c787d70f045f236a2c226c00a9c1e076743,0,1,True,True,1,92,31931,8275d16343a2e66ea7e14bbbd2360ae37951bf32bf830641568f38eefff636e1,0,1,True,True,1,93,31924,91b0118e6078f0064a71aa7dd6c79f317f0298c10c90b7ce2be9d64eb78c3863,0,1
59b9bd128b3d728c9ff0628c7c19dcec516551f5a7fc34b0f15a8c987fbdd22c,1d0ba120c00e5854bcf6729e12c405c8636bc71c0a3f8ab0ab783fdaaa05e089,conv-47,153,targeted,True,1,True,True,1,51,15993,325f1a59cfccf9324abdf0928bfbfc1af78fe4b6109b176a1abd0ac7a0a0197b,0,1,True,True,1,53,15917,f10ba685f5dd5d3cffc1c603ba33167725a7876cd3310054cfcd06d94a960e95,1,0,False,False,0,54,16000,06825f832b5a6de7bb0703aa5bf81fafa3d492bc25bec8f05d38e5eb1eb32add,0,0,True,True,1,106,31934,7a3774404b5ef6a95c02362f074989a41a98154c681f88dbfc46a840e2cd1f81,0,1,True,True,1,107,31940,26e4713487c81c8584d112eff67dbfc42bbae4923b5fbc8e0ad8430bc43c095e,0,1,True,True,1,102,31960,b7cab835bde169225bceb3121535e2dc855f0991133e056198c7b6f868474fec,0,1
4fbff303ea2cbd1127db6731f4dedbcb624b8a1823a4fce416204de85ac04273,ac06ee53fc17129d420bcdf3bc8330ec3c208132d256b814a93b318d3d61c18d,conv-47,154,targeted,True,1,True,True,1,52,15931,393dc665c5bddb87a8c5aa83da383df08769ae5a631f02b02e81c6dcddea4166,0,1,True,True,1,53,15946,79f240be6a89495b1c5f0bda0533f4f96b630196b63a5c827e5105f64d1fb076,0,1,True,True,1,52,15999,221e9175a21a41fdf3bb4f8b3edcf90c9dd79ca3c4a3979b193cbd7f6e32cdf2,0,1,True,True,1,100,31964,51981023a1b1dfeba516e67544e0b964ce90d23235a3cb69483a430e824caa13,0,1,True,True,1,101,31957,95f13f93d286638e6dcce7d9facf00130722e498e064feeceee9f735b5e0bbdf,0,1,True,True,1,102,31983,45d3ce7b4ee56c8de8b4ccdb4c01e556dd8ed5a9a913e5cf86df9f02e9198da9,0,1
573db2ec50984ab00ec60809cc7b69444bca91f2299d4521da0066b4764046e5,c6822f210b6681066ac0ba86cf62ab417fd336d221e42e1aecbacd7a9c5257a6,conv-47,155,targeted,True,1,True,True,1,58,15914,0a38ac8fdedbcaba9b9d12ab54fe9ed61ed3d7b2eb6b30c1f7ef8db97f52744f,0,1,True,True,1,59,15929,dab5fd62d1ec5c92607654d9d8ab1631cca7bbcb121d2be8a9275132deb0f136,0,1,True,True,1,54,15998,8c1378cd22a09b4657d04e14390c0c42bf172000f1bf096c6fd58d5db04c502f,0,1,True,True,1,111,31913,9acc9115cce0f8be9dabc5dc4f5301e5541c59cdada87c11e8b70df05e163bdc,0,1,True,True,1,113,31997,ade746b21470ecc1415ea88b47d4ae97c00416144a46eea3dd18fb34992bb8b2,0,1,True,True,1,108,31986,edbe80a6b56d22842b4052036f9133414174386f04627665ad20e7361c89e38c,0,1
8a577c1717bfd6ba12346a42819947e388dcb6b9fa4a1b9712c70c460f6800d6,d2cbf9864b8e4b1094f5a9f374346cfb5595dbb22a3dc55187e2d7450000ea1a,conv-47,156,targeted,True,1,True,True,1,48,15947,e483106f9a6db1bb25f8b72301d1edb0a82da1c0071f0a30fe4311c216772d2f,0,1,True,True,1,51,15980,4256db85b54be23f97a620ba542c7719ccfc0309d9f40515e4744ca679bfde31,0,1,True,True,1,51,15985,ee3e777f432f02e80c09e3174ee7cf3e1ccd64c61e1ee6245e3bad07c2ad4ccb,0,1,True,True,1,102,31987,1f0a4f83b8f9133e9d41d1880021fe5dcae3b4f301130dd7eb39c07b3473ae5d,0,1,True,True,1,103,31986,5b326e149e190f3381f7bf7f97f3c5bab19847c39c0dcee2a0ad0bf5e2cb7272,0,1,True,True,1,99,31971,893d0580b062c2976cff28f2f2d4e9b20c2a2382303528e0860902f3a3a593dc,0,1
c088ac4f38e5d7c59f4ef4fe2a3b91403642c644f572367c3e0f0def87665f19,d2d344afa1d80ac390a3c1b09bf1f6e6342c6cedc18f59f6ef4718eefef6283e,conv-47,157,targeted,True,1,True,True,1,51,15972,1f5355ce57c86814292c2c0f8f9cb8dc2f64f9febe9596a515d366a0773c720a,0,1,True,True,1,52,15917,196a88e5084e117e8244f8fa677fb1f7002f9aca62ece23206f5c4ab9e4d852a,0,1,True,True,1,56,15993,23f351886a1a021b21aaa7ab13f2458efc70b0ad6851cd5c3b3b265f0b0b8fb7,0,1,True,True,1,98,31989,b16cb3e91463fac289bdde30eb5df0c093e01fa9c4a9bbeda33b3793e709fd26,0,1,True,True,1,100,31918,ec43e7166af4f3d91c284b7660181fadc229bb554d148aa0c88add2f4b024844,0,1,True,True,1,103,31995,b096e8545372a3a531abce3b76f37147155016585f63b1c0ff033ff654ec7387,0,1
b090b4cb7c9db4207ba2ff41810bc17d787c3681ee9afe563ecfe0adb30e7d4c,f92e6db780110d4e711274abd0531ca3848f46992e31c2ea7fcfaa2e97276832,conv-47,158,targeted,True,1,True,True,1,56,15966,f5424de8f880e3f86f8ee2889b2bcb29f1cb12a3b9fb8db23a72d13847f91be0,0,1,True,True,1,55,15959,2ac5c7f21ac778da4717b08079869b718ccffc3b02b739e8edc2eff9845f59bb,1,0,False,False,0,55,15940,95932d89eee9345577d14f9e89bc9bba7ecf3b5a7820fade2a4d8f6e799bef50,0,0,True,True,1,104,31973,42e81d28a84bd8f43d9c783ab08a7ed11196e0e99a4cc38d1106401192e31eb3,0,1,True,True,1,106,31981,9036c38383ada0e860bb7b2c0bdfc143d33e3b3404d2b248b121b9f037594664,0,1,True,True,1,106,32000,cd1b99d781cf52e79adb8c17dd44c1bc41c21e251f0778a83427a22f5b1899d5,0,1
abaaf47bd8dc6683ba80539b58d1c22381825e310681ef8906bc0ddaf5208c07,966dea750a2788bb0a098d74045d1a52da6cbd42a6d11c50ed055f228ac9ce84,conv-47,159,targeted,True,1,True,True,1,64,15988,522d458c4e8e0663a525ecdce76cf1e9493422eec1856d4441e957818dbce8ba,0,1,True,True,1,64,15918,5d0840040e0662102cff4cc9e751989ce135fe0ab4ec65c5bcd45edaa857da98,0,1,True,True,1,59,15967,55f3332b93173c1b0d1980f8d02756fca84227c7af9cc42967b3d4dc40fce716,0,1,True,True,1,120,31982,a297ed85d7075e8c6ae3dfed409a59e6d56041a4501427b4f04a31319eadceaa,0,1,True,True,1,119,31921,ee40754fdf375200ebe55a5e64d57b5002927edbc8ff88944c24861f4e5e03c6,0,1,True,True,1,112,31926,230a175f35c2491764e12c0553cb69b98422ded7b572b2013a86f89bf3c9d887,0,1
d2dda55aa89c4ff1ac5e70da75776199a4fe66db56bcf10788afb6b5bcc54742,1475a0a44d547930cc036a7936cad676fb7af8e0cc30b97a03dae0033a2aabdf,conv-47,160,targeted,True,1,True,True,1,59,15984,0e347b9f57178e2e25e846924c4a5bfa77ffee195788e78cda17cdd91e503e00,0,1,True,True,1,61,15987,4c3e8e0d21bb3a82c5ee428ce89adba526dca0ef8938da8baea318da8b3727c1,0,1,True,True,1,56,15995,71e6f528f71796d19318cf9d4d9133435543d2f529359a010a975394b89b7935,0,1,True,True,1,113,31995,025ad50496dccc521178d43c0dfd284abdddd2283f612c2076b75e97d75954af,0,1,True,True,1,113,31928,028e1bd795fb5f6c24f0333d57519385039f92971c75de6582f03714831d883b,0,1,True,True,1,107,31912,ea014e9322b0a55d03f6c13a4a45c981a91409b79967eb52381badaa1055a109,0,1
6bf9b72a2ea3009aaf3a9ed9308c6304afed93e03dff3454d06655e220598fcb,70079c1ff0c3bd5eab36679a930a684ee3a4d0d48e38039c3187680c9a19ec60,conv-47,161,targeted,True,1,True,True,1,51,15976,09bc50c5fef7e33f6afee4305353892d8d5fc4ec5bfe38968167d20bc4e2e94e,0,1,True,True,1,53,15943,213bc083c3f0eda5d026fd2fc91cb1dd31eec6066819d43f03b2203102927c2d,1,0,False,False,0,54,15990,90af11c35c41bec74d4e1c60e9bdb9d752a5165bc06fd9bb95b3326fff1bcb93,0,0,True,True,1,110,31977,eba3bcb31feab668d9dbde252225d9ddd8c1fc734fb9a5c2f421bf09601853f2,0,1,True,True,1,111,31987,2aa43a4748dc2a4efbb7256f8deec4d498b6bf78e472c7e8822b826c544da42f,0,1,True,True,1,102,31982,2e0e892fcf20e0f4e4599cecd26b61acae15f68e8e27bf5546743fde3a3aeee8,0,1
aac409a09e4a77258773775f1a3a2576941e8a5e8f9c29feb0ffc1264455729c,03227c60cb829a68f4a92cc7f83b19ac608663ec906cbbc66e51410dbe686876,conv-47,162,targeted,True,1,True,True,1,56,15924,7ae006cbb937b38247e27426dc4bebc7c2cabfdb74c2659290f568e3301eb962,0,1,True,True,1,56,15916,ac48d480d89fa589c6d83ce57bf49f4a839b714be497b48c8ab9a1d55186701b,0,1,True,True,1,54,15999,74e4c399ecfd37d7c0b4c86d2eda0c318a08fa973630c162699fa8e2fa1bdf8e,0,1,True,True,1,110,31972,45bd83ff02044c56af2d9eb9457867d95288378d127ac62d2f9560669a0d2f07,0,1,True,True,1,112,31975,67c72a6f20ef2148e268d8de2cfc7cef41b350f3a3cb744f2ed2482eabd6cd06,0,1,True,True,1,105,31990,9a3f5a61cbea480b8d63f3339654f056b1c7368391830caaa49f15b6efb0dfcf,0,1
0179597e450a21af02f361e181c3bd523e736e422f80e7f5880bfcc34998f707,ec4394c370b5d904d2b456835f70fa4c424687bc4a719853fb39c9a451b5bf30,conv-47,163,targeted,True,1,True,True,1,46,15998,816bf3097b75cf360799a6ac0581e2f0b48ed2098f740354ff20db4dd5f441d9,0,1,True,True,1,44,15990,154841ddc18c5971d489ce95b9c71942412b3863cd3c9fca349d160a73764164,1,0,False,False,0,49,15926,2165be9dffbf8e556244b860b7f50aebc43bbc628be2675fe51006c44408506b,0,0,True,True,1,93,31953,ff08ab8e6738d469868a65f84e67516c432978b07017c3bc6c1c95dc146a52bc,0,1,True,True,1,94,31933,767185074da7d274c147858eadbeaca60098344dd2eebb76ebda0880dcbf2b89,0,1,True,True,1,97,31946,1c12abe17573e0d1bed3c42d7323e2bc9ad5599da057f6271b6b4b4edfa378eb,0,1
6693c2c123b7f373fb8eb1ede2c90335c17144300296c810eee3c16346f149e7,037e25d003c7a7e429a8bbd76d70e9531b720410b17bf0831ca8cc7f356de2a5,conv-47,164,targeted,True,1,True,True,1,54,15997,3169540561b4277fa7316c6c3c2670dab41bd25bf15b61a67457e05b3b376712,0,1,True,True,1,55,15970,8165f34d40d3462ca861d907f26e591ec158a0e74a823b73040b6d50804a3405,0,1,True,True,1,54,15950,91d8f10700b216c23804d7757d2e52ea5f58e5c3a46544eb54fb103aa0dc373a,0,1,True,True,1,110,31979,b5587ed7302ce0ea0e464428ade679899c4321c14b35458503a055c5b5dd1cc5,0,1,True,True,1,110,31996,5ec34482e65e873149de4d3c96a127592fd4b8f8411a9e367c5e36aa7d82ec2d,0,1,True,True,1,103,31923,c9f9c4c81ad9ac34edb547c70f93b8f03768900f844837344172afdf09b2ba0d,0,1
14979ab0881a72246ae98928b2edd390d3bcc54683f22ffc664fe10a7e826faa,1050d3b6ecb27af0a93c3e63a545f57c7fb1a72e4b35e3ee964cbd10bc21a6b5,conv-47,165,targeted,True,1,False,False,0,55,15991,12ea77dd2ca63a5bd8989ff3456543d00a3ca8b5ea95f3d936df089a5c984d5b,0,0,False,False,0,56,15971,a20c1727e8e422f07dc2ff10bd75ae78d6a1459bac7dce36dbf38dfca512fb51,0,0,False,False,0,52,15921,85602183c5b350d698a8697ef5759f966ac9b942f0bfa76659c30adb80858416,0,0,True,True,1,104,31947,8317068085fd8131e24a04291dc188bd220c5ea03aa71608a7b607ee6f18312a,0,1,True,True,1,106,31998,bdd554e6c58e6a9c8016f2c09e9c7be7deeb84e558534695665f2d5ac2757175,1,0,False,False,0,104,31949,f06186e0cdc0407fb47167a99907b4cb41c754d44c06716e31c6cde949e5963b,0,0
3a08a3a62e3937d0ea82629b4df07c8061c329e94c8b371a35915d7ad1bac862,7f4353bb9c1de9c2f719a2ce281ecc4d1234efab5ec9e5c6a87bf01dbfc6b389,conv-47,166,targeted,True,1,True,True,1,46,15969,d10c6af839416046933ddb203a3a0a1eef233d788ec7a09204eba2f94008d4e9,0,1,True,True,1,50,15984,acc9cf137a8e7a53c3398d9eb91d4e82d1cad8f8541a25a305d161ff13a2e2a3,0,1,True,True,1,50,15996,6d4e7e2b0a2f61efb58bf43732f239b68c9556386654c6eb5bd1d670cec47230,0,1,True,True,1,95,31979,23a9b7801fb0dc5939a5bbc338cbf6b79c984072af324297f4602480e0075b0b,0,1,True,True,1,97,31979,34c576d0f97b51017abd35539aac33b55a170227621e62362397eaa8abd844bc,0,1,True,True,1,97,31995,9fe508948eba5edca65a0a2ca39c3cb60efda628488edec9e756dbcbd0979a36,0,1
06bf20100000ca7f077b49b1a0057a7747283414b03065cde7493ed69f2310b2,0c9e0ab678da4514f44f7d9a9189294877cc8c9eeda91e99a103a422600f58f9,conv-47,167,targeted,True,1,True,True,1,59,15992,04879e585903370db58b58725c11d5ed7dd0a36a4552b5a4bf35056953acb5e3,0,1,True,True,1,61,15994,316cc0b0fb7c6503dcb9de5e65ff253597a1e4ddba7fee0de846fc001a560834,0,1,True,True,1,57,15985,90b45f90dc37070771a33a69bb6bae9a2f5a7ce0a12a0a14fcf1f531f2826672,0,1,True,True,1,115,32000,f364f6414aabc341fc0eedd1651a0f9c604d960a3df936b424c94e25d5330397,0,1,True,True,1,115,32000,473ab8e180fa9f03b79650901c303c6abf7cf68b3004a81f02885b6567943b01,0,1,True,True,1,107,31921,036bc8c4e5cf05175dc935c63628d927fba16ae9e2318adba67ea7477794c62f,0,1
f993bf39afc555d515794fb5f0641a4a1502b6c7d4501a89ba22a45aa4f47dcd,739b8ae0caee8f1b08fb0fa63362c82f25ae8cf36a81a36d1b7aac986c672321,conv-47,168,targeted,True,1,True,True,1,48,15939,76bfd8fc68ba4a9c373b91cc4638af67148d83fa3db6f60a449d72c111d72dc8,0,1,True,True,1,50,15979,179d6d320955a2146f09a41883d4cc2b4780d7dee2a26bc0a047b5ef503f404e,0,1,True,True,1,50,15946,b146fcffe98b3f178d427741369714e20434040025fbf503f2dde728c7e92173,0,1,True,True,1,100,31982,e1b06bf188ea3a5650188652e0f6bc4373f4a8e6e985540c6181567d1fc3838e,0,1,True,True,1,101,31996,a680849346986db74c22d9f7cb47d576ad78e916e1eab284f7ef9fdcf124178b,0,1,True,True,1,98,31964,01d07ac2555af3424236571ea6363b113eecfc44d6b9484031256daf7297c4af,0,1
85e18c463973e15ae5ab58c40afb0aa10b7941dda3dcb8f0b466636c83dc6598,96d654630d44c485e0915428a284b8a38567b44b212708926202078695d0d744,conv-47,169,targeted,True,1,True,True,1,66,15983,e31b7b287cf1312bdb87fc3c37d0419e50c24c4d967b0e1dffac2d696b1cf4a1,0,1,True,True,1,64,15915,6eb18a7f6b1d0b227a0f1f4eac76f56c55f8d1e7755dc3b3debae5f0330cbd6f,0,1,True,True,1,58,15925,b45cfcc5797009f6ca0a7d8815f12d07d0cf8aeb7d4e2d706f3ee9eb52b8b706,0,1,True,True,1,113,31982,643fe522852b3537c2f24e22f26f904588124efcce4cd275b74219beb6f6aa8f,0,1,True,True,1,115,31986,95c0a7d32efec6e8fa484fac6b29ca9c9d47abf517e7ba0328d3c60e43147b41,0,1,True,True,1,113,31920,39ffe7c9bfb719f55822cf791b9faf5bf61f27052b4f1b24ff00f9470e36512b,0,1
7d19c0fa3ffad15ccb3ec87ff94ef9d12fa2c5b56b05a0f8c10fd17ed5fb2ebc,7ead830485c21d0140290f879b330665a7681255c5b29f053cb8f009a82f2b88,conv-47,170,targeted,True,1,False,False,0,61,15960,72f242f4c78e532d958b6b9f255c21069ff38f61efb2fbdfbeef9835befe08ef,0,0,False,False,0,59,15911,9051abe1ecb545dfec8b5b683d262c6774f7b2fb9d94271b8cf3b53845bc9797,0,0,False,False,0,57,15998,c98f2e516f0a60f4ffb013c2f31847e1742e082d12034597f39ce9bad7d5495e,0,0,False,False,0,116,31997,5a8b20dd9f31d34c10960a4132cd3407b63232e34d1c93813d93a377e5f80a98,0,0,False,False,0,117,31968,430a790bf4b755e1b2c30bd19aa12bf4e7d1bb7386b8b5faf781142d491e72bf,0,0,False,False,0,109,31991,fd30bdd06ccae8230d358d05530a29c73fa89ab097fe6a094e7401fba96de91a,0,0
2e3e5c075323ea1b2d7ea643bee2ecdd35c8f1318f2c585904dc0c72d4d5dd25,3a5ba26d51a7798636735fe4e7b4d7c18ed93d9a4f457b032b741016d77eba5a,conv-47,171,targeted,True,1,True,True,1,68,15951,f4bad59e64115bef1ed8835394576eab928315342021adb08e14660837214c76,0,1,True,True,1,69,15967,e2c332244e8fed9439d2c96e6b528badfc3ebe4654b5e96a1da768abf0e463a1,0,1,True,True,1,60,15971,8175818f5df6edf0343a3b3e20229c035e61d52d26b424d3d947d1ed1555f0ba,0,1,True,True,1,124,31962,e249fbaa857d1e864fbb632ac7529a53d891e956ff701f6108ade3a05f0b057a,0,1,True,True,1,125,31977,f2dc5dfd8a41b02ff634f9a29c3e8d184584d3829d34011afdbb8aff4d935a1f,0,1,True,True,1,115,31957,7880256d2780f7e61a70e6d2aed4d474b5e8238970e422e5ccac78f304532587,0,1
ce466f0816a33107d5b4a2f072308c996a0c170ff739119ed6a61b848b23094d,1ec5809ee9d8a927208b87811f058daa596ae3f7f9e793e27d8a2ea681d869c0,conv-47,172,targeted,True,1,True,True,1,52,15995,2299edb57d90fe32e6588239a84e6b084350a1b1cadd7a4f9e479c82d4f56678,0,1,True,True,1,52,15937,c5f56f5d0fba4ab2baf0aaade0190161ebe5ce1690e4510fee11b24bcf894d4f,0,1,True,True,1,51,15932,30b5aa4696945ce74f9bc24c9afe006f40d3dac3ed6cc7ac3659828499453705,0,1,True,True,1,103,31966,27f37c96b1142aeb8549611915924305bf906252b99a1ac5c7f8ec78a052d8da,0,1,True,True,1,104,32000,c1dc16b1d121af605a7e999cdaec6d596746562c425679aff77b0b1969b8b4d5,0,1,True,True,1,101,31977,a744c2717f4669748a092e77a3cd37f344bb5b355b854e2f6c387b8dae17a7fc,0,1
facfa52b6610332203828127ede7284f4d2b430c07cc3515836eacf4c9262b0d,c7f65f5925a58276bb639af7ca7c229da359d9e67f0aa0ee31a70218d2a52b99,conv-47,173,targeted,True,1,True,True,1,60,15976,a4269f4084066c54e00b0e20052dfc5d4c3fd8a5dc7b93308db0c0fe5c96870e,0,1,True,True,1,61,15937,b445d54713a3d70d099dad414e7796559030882af63da25e5f3f5cb72523fa3b,0,1,True,True,1,55,15983,76cc752483d84b956c58903ad21123ef774969f333a377afbb1de9ca6404b855,0,1,True,True,1,113,31987,28084fac33e028070e1cff63705db4f031a41173255dc55e7c367e6e1a95b9e9,0,1,True,True,1,114,31992,1122b97b10d690c5d2b37773a5df80f7ca91ef33ed444eac37525ec6d9c3cfb6,0,1,True,True,1,110,31992,1c3647079baa06a2015003e9392d5b7b3a8a8bb872b157daec12916c34a690fe,0,1
af1ad84f926af5020ff9990c92d0ad83d0ac95a56c2a2d248c1cf31d3bf69541,0b62bb15697de7a92b59fb5df524498d6d9d0697c0b36886f9dba73f3897af93,conv-47,174,targeted,True,1,True,True,1,50,15942,e0e74a3651c210822d800ddc56d828556271ce58e9d0cee9edd7984315c0d5e3,0,1,True,True,1,49,15932,762d0650caf20f39739a5223aebda6117d2d4b68f04e0a9f9ee4ea64ca403c53,0,1,True,True,1,49,15994,fd3d524325fd5a11f24b37b228e6a02aa81acfe0748f311a2b750b1fb7fc01b5,0,1,True,True,1,102,31993,5a217066eb3d7556532c32212877d8101afbab7a63a674a4002cca28dfc5ef4a,0,1,True,True,1,102,31993,6544e90a7b0c28b67d4a96950f7b6feba6df65d04c3c630942781c22cbe5205c,0,1,True,True,1,100,31967,eee0d273dcb89a2053e679959c302e0842b3dbb20ea3d0bb69ed9814bbbc0bfc,0,1
43710f7701eb2a593e5d59cfeac2156853259eddf159f2e6d4189bde01fbdbfd,2013b6dc695f0c827154ce93f5b1c32888170046ee750106ddc787b296003782,conv-47,175,targeted,True,1,False,False,0,45,15989,b4b9a29a39c61a687d3cd84e8fc91e130e66f39af644f201ba119c35cbb22318,0,0,False,False,0,47,15929,4d9fe744bd8ffa8f431f58716e5cd91bb0c72b655c053cc8154c6778f5773ef7,0,0,False,False,0,50,15990,80f8811925a8c7a473d9b1823190877ad80a1d14e84ed3a846afd7da039ac27e,0,0,False,False,0,97,32000,b56a391b5ec1c4cf85d7f2c59ee20e26b7f04b256f1525047649dcea3779cfda,0,0,False,False,0,96,31987,12eeecacc9d47e15066d27d4b9b612dae15da626a58b68560e046b2895ae74a4,0,0,True,True,1,98,31976,0820653c720cd5fcf5ea9c5b781ede962f1851772a90f9adc94ff48ad89e52f1,1,0
f16713e4d9973fa3144b94c31a66e05f9d34bc1ed8985049bfd74dabd7c5c865,8f60f7f834122cd6e700c1e4a501f091c2890254dcd6a47cd0d22bd2e705120b,conv-47,176,targeted,True,1,True,True,1,55,15963,ec775b65a4fc2c5735632059b451e68538b76a57874f2b326ca7cf442661f100,0,1,True,True,1,56,15971,6dda1d31c6c3d77e13687e135f010e33c1b3e5ac4f15a1071795164078b944e4,0,1,True,True,1,52,15980,0cc36b92c2147f3fd26ffb8acdb0512a6384a441889bab8e4756f57a67e420db,0,1,True,True,1,106,31987,59f89a687b7e903a88288a44380890ea6836136d9ed24335fb48e21515d973c5,0,1,True,True,1,106,31912,114f03cd4d38ee58578376c96bf3ee4133dedd974881a4ca64602786d621beef,0,1,True,True,1,105,31996,fc422ae46b8572b35704c6aafdbc567e2b6714a8dabe2c8dbdd3b4b39f813d9e,0,1
8bb3ff8089674959a5d8756d097cd3ec6a7992eddba3edd2b98ecebb46cd25a4,128033c91d0c49c042bbeffea28088a7f4523a8b985253faebc772aea33fb766,conv-47,177,targeted,True,1,True,True,1,50,15970,473d3a968f74e2ebb496f6c6709b0e39b9c970c010c30282d358b0330df9d76f,0,1,True,True,1,51,15995,e78ef78bd6129476e49f7acd3f817054af61db7ffced785dcaf5171fc328368f,0,1,True,True,1,51,15997,8941709022d113eb69bb2589d99e505ccb920403d09470c36407dcd2d7ea10bf,0,1,True,True,1,101,31962,2a16fbeaaf7fbf13d75fd614818a0779909c549ca6446e57848095552600f618,0,1,True,True,1,100,31994,f0f14a443035030d9ceeee7be62d3957c0db4ddf0ac1244e6bb52e99b814eee7,0,1,True,True,1,100,31991,7988b81e9f72bf8df20864daa6dd21ba0fbbe7a41bfd4cc6980e39f144c10671,0,1
bab90e98113ec89b102920825da65f0c2247a224617e1a24ad53c2536c492133,b91e63b673b6dd473cd7bb2d32acc48b37dc67c1d426ffe6a83f11f13dad85b0,conv-47,178,targeted,True,1,True,True,1,47,15994,d7db248a18f939f753f68b6024c433edb6f25a879fb48243f668888ba2d668f8,0,1,True,True,1,48,15980,188e35206f17075833c2aba3b8b092ee5ffe8aa73e6731c78359727367c857b3,0,1,True,True,1,49,15986,d132e7488522a5aecb4020a28135b642d1849d1e400b3e200e14b43717439c16,0,1,True,True,1,93,31995,bb9218e957b0ffad2b87bc06d81e65bbdb18d62efe587735850fedba08bd3c88,0,1,True,True,1,93,31933,84432f96f0f0c82dab844a4732e133ddc867ff55898a504f0f478ea2094f0102,0,1,True,True,1,98,31999,d62e2805d6ba8aac4b0120e3c48e19901519b818b99248c29de4db75d4192a65,0,1
af1d909a5fb8888fef4ea4ba02525bfacc1b6aede43626843e3ff102a724889f,adf626b3d1a0e4f3f410e50dbd7524d8519edb591c7debb00c333f78c92ce07b,conv-47,179,targeted,True,1,True,True,1,44,15999,aaf0d078f583cb4340c7d5c5bf142ff7ff5051ff0a1f8b968d5b547259aea852,0,1,True,True,1,46,15977,430748d7db06587a1608867cadb362f4e362dbc803ae673f8087addf8dd97ec7,1,0,False,False,0,47,15998,52f630e089f7bc852ab868003e3907357eb9e4623c6d28f01c4d8a0e9157a9cb,0,0,True,True,1,89,31972,0db5914c0f1487445d14fb4d354efa4a00ae9307bd9c1f49e056309cde7ee73b,0,1,True,True,1,90,31921,fecc306db099780dc439029e1adaa7d39d3f1c1943474635bf8ce024d8855758,0,1,True,True,1,96,31989,75de86dacfaf3bd8d3064451c173471031f80b6bae090f2d9ceea4ee2f374c64,0,1
544905e52cba1d29f0092d57e6df5237cb1e4c823d6438d89bb6b2fe08dc3543,4146de0338828e95bc07bbc96e7e7432a49b7c02c73a87eda0b673d5fa35947f,conv-47,180,targeted,True,1,False,False,0,43,15921,4274c4963151541ddcffb69a0521cde36a8126f8dc0b7defe3d46bbb064ce558,0,0,False,False,0,46,15995,aeaa5c1df9fdd57c9a379f5fec7e8cfabfea8cc81cae21005cb33fea957bf33d,0,0,True,True,1,49,15983,d9fe34f26a473234dd96cd3b380cc33a61e1a189673bcae3bb581ad87ff06a30,1,0,True,True,1,94,31962,c1cb6e012197e3c0b0e00464547258cfa8a5a08b27b40e1b2430f72e8d490a13,0,1,True,True,1,96,31990,975b805119e3d11f0dbaa1d75f19f7e213df424d8d6f4e8d742c93af8f04f771,1,0,True,True,1,94,31992,ebe5fa956a7b4989cc56bf5e4bd5c2b1d48ca0f4aafa056ed03bd498d4290ed3,1,0
9de904e70b5dcacbb5da9678afe0ef1a79cc7d854a6db0c90489f4a0330c9731,8fe9bf7c90ec1bad57b436660460a9169d9c1618ddb93e732172b7e7d8ad35a9,conv-47,181,targeted,True,1,True,True,1,51,15937,3cd20fbbbf6dc3851b7ee65de4380860774291787c8e3c47dfd37238cb87cb7b,0,1,True,True,1,54,15998,01255b8226f6786803ec8b6e02bbb71306357848ac542dc5bfc0f590b5cfb875,0,1,True,True,1,51,15920,8ada6390e25eb35ab19ed6ff6ed700b349139747a9447cce23556393af8e15e5,0,1,True,True,1,106,31970,1e4a55c2889305cb21ced477ee15c9509570b17e457a60e54bb2ecc984d65684,0,1,True,True,1,107,31982,9256c14118ac7de74c493deb45c0be629a41d607d5eb23fd1cfb76abdbf68ced,0,1,True,True,1,101,31979,562698cd6d9d56277b6b49fc1ef6aaf954be5347205c31e7caaddcc0289b7b22,0,1
808ea912f12590a34f77e81d2cebf3d27a5701408f7adae29019da77cdd38a3d,e1034affba43eaa9f35e6ff26ad4de47231b3fe20b040f3d3d456d89a4222f39,conv-47,182,other,True,2,True,True,2,44,15939,309bff0cf31c07231d94d1ce489fc3878331b9e576b87b36abb26e2b15c39cab,0,2,True,True,2,47,15989,02ec9f156c7a5ba79fc5610128dcac82a8e4ab632e92d0dca275c1af9fc4b2b6,0,2,True,True,2,49,15997,e0c74b6496d584e48e065f68125adf03aedb606b53057f8986a2a41cae8856c2,0,2,True,True,2,92,31922,1f954f4addae0698f8926d3122a5ea39497752a58d58e30b6f881df949efe08b,0,2,True,True,2,95,31936,dc9296d487f3aae34093f06d6d6f692c6492adf6bc2dece42370fb7cb976fcef,0,2,True,True,2,96,31974,9cba2949b08bb74aee20e07c721aebe79a687a902a697fd8d7493c39f4f26a6e,0,2
85d4f7ce9f21268b21640a66ca48f11c23755f63e93e9d3eab02fa3e1ae3ca95,df7f70ac67e9e0bec5546cb153b1f3d8c13037d9b54a0bbf2c677937ed8ebf83,conv-47,183,other,True,2,True,True,2,47,15962,2f2767dfde6b3290faa277760fb019ef8f2841795287adc0ae54caa54032be81,0,2,True,True,2,47,15935,9fb49421e005bb67d48d8e62743a879772964862b9f248cc729c0ad7307bb32a,0,2,True,True,2,48,15935,482e32921c72c3010fa32b867f824d2612dfa38b8aa63c94b04a42192f55f478,0,2,True,True,2,95,31991,da1b42ac709af1a3e5957d56bf45360a8ab5dc16b4fd86f9a2c8f2e9fc199751,0,2,True,True,2,96,31999,205d90dd783e4873ff90d6d09d12493680f795fdf84c56aa5ff97e86eea1c4a2,0,2,True,True,2,97,31982,73a118ebeb68b9afb7c34be690149a9c0d600b560778313738d9a5fdd440391c,0,2
3e096a7faff7c8f253b63eca88676614b94ace34138190c65d03bd3ea3778643,78b6a9bba10d073a2092b201aecb928bf6c563fc35286f3a13047e90fd38d064,conv-47,184,other,True,2,True,True,2,59,15937,51f1268f8820de180b1909008c7b4739af8819c98c3fb1ecef4df95513778825,0,2,True,True,2,60,15971,3b5ac7c485aa4276ed87a1b4630340417db41307cb728a872e1e915c7b321d45,0,2,True,True,2,56,15989,55409cc1fae07a7054985470fa9aed741dd659f42625915ae32df25a7acc7404,0,2,True,True,2,115,31953,369539ee5bd470f1378c2885bd604a9bd2c14903f7e6fd7264b3c25670e1f6d1,0,2,True,True,2,116,31932,025a6a1c7bed1dd8229ad704171ccb439c9189fd1c420695ca1bb4745e6c2379,0,2,True,True,2,108,31997,0340370ea2a4dc32ca4eee53966ada6f9434249d60756922deacf0e5099a29cd,0,2
9a90f3a45037427f2dc89e1e1c635f25e876858173c832ecf17dc16f569ee06c,11c1e58146801ba4de70ea10b0751d48f8a00c4b7bb5b09a8563605155aedce1,conv-47,185,targeted,True,1,True,True,1,51,15927,56c1294b6a959ce6577be18ab7c58228d6ddb1bfab03e0bf7bfb567403287324,0,1,True,True,1,51,15922,ab9802493e2f8cc443e8765e27d60d49c3900bc8d9efd28edd7f3897ed44f0f0,0,1,True,True,1,53,15997,d17e2bff83f139bc28730c3029ed750d90b4264e5cb23f1d87edf2cdc360e153,0,1,True,True,1,111,31940,5e71168bcd78ecc81c3a8ca7f19d919efdfe70e620be452e5aefc1ba4fe7608b,0,1,True,True,1,112,31975,c7477bb8e7cdefc470db5d9398bcb390f1a874afab974ae1da8692d7d1b3e85c,0,1,True,True,1,102,31987,4fd628b7c0ca43ca4f8b71fd72608fdc595475bfd83597682972273500ce9ad3,0,1
0eb8e5ac67b31dac5a0b0acf256fa4fab2da83098bc2e8c446bf931231a95a8b,6e85fada5f2697d6872b5e2ec43ddd66dab46753907ff725f50a8decf7f1a208,conv-47,186,targeted,True,1,True,True,1,56,16000,b5546c798bb6a0b03a54fa9c5c2c3e2be618d75ca3503c36bd22cf8367d44dc9,0,1,True,True,1,56,15986,bcbfd09657d2fb415b727ad1700ad8e88e5737018fed8f7f037e47a19c844cc5,0,1,True,True,1,53,15984,1f191678b007bfae3ef4959f49ecc4526c04386b5369c26cd02e453961862024,0,1,True,True,1,112,31977,0ba2b77fce12ed39f33789801347399f7e7c327b43c58eacf53cbbf28c5dab43,0,1,True,True,1,113,31947,a7364b7b219a5ca29ce917303fb61f0c0db6566f2820912577a139f529e54673,0,1,True,True,1,105,31970,9d20e17580b18be3af1cfa23820a4fd28557182cc8ecb371b1131baef9df7b68,0,1
d21a6525b2434693c68c3854c7bf3a375f21dee340ebdf4cf75ed5e17a382c1a,b18e7027cb55890f2bc612022393e02f36792f082d74f76ad54a28911f744872,conv-47,187,targeted,True,1,True,True,1,47,15954,c04bc2f62a9106b1832a632f7608c93bae2f17dd2357ddefe54441cac7b4cde4,0,1,True,True,1,50,15926,9be9e35323cc21c94e05000f39ae32e10b5c22ce4cb42c17ca08867cee4ee6cc,1,0,False,False,0,51,15996,0f7947003846e19a1708e6689096eb491efee47a27ad1efe1bbd43e308e6d0ea,0,0,True,True,1,97,31993,91d7b00a2b24b81bbef54f634a3239b23b9459b9feddaf9cce272e3ad0821de3,0,1,True,True,1,97,31991,0167b01ae6c2958e6092ca38cf25531d9b270bdb5a35ad8e0fef4d8a67e531a0,0,1,True,True,1,99,31964,af6ab23f6be07a2eb56321726e5412d017e2943a2da0a3faf7ff8bda0835d2f0,0,1
dc15b1534b51ee6004e446df7a04bfc349e06cc998e0c873560a05f707fad78b,4e730db72f0b44236d7a7db280ef9f0fc5dc0aafd3c20792620bb88da697c4e3,conv-47,188,targeted,True,1,True,True,1,41,15984,5907a28d91270cfb4949897e4e4a7ff97a31fefb79fe200421ef7b3275910136,0,1,True,True,1,47,15997,c336e15965b343858ece5b75cf41d745c1fe5b9fc9a10ce837033558fa1c958a,0,1,True,True,1,49,15966,702f2fb271f092fe3f04ac463d919ffbfd7877ddfe6d26d070e2594439e18ba5,0,1,True,True,1,93,31933,d07c4ccf00e9779ae62c54e28b0817dd7d85341331b70c623ecec3e40ff45746,0,1,True,True,1,94,31923,c788d635e94942eb54f25bfd1aebccfc38756748a4b3981a65528349f39537f9,0,1,True,True,1,93,31992,8c9130562cd845b1d092cd9ecb1de4130a056250510aa740e35189be2db5d4a5,0,1
3dd58845f9f21b3d8696be7fe0cb998ddf6eb3bb587d2c27ab15ddae09a9f144,683eb0029b8492f545564ed511d0e8b9fb6af84203276f49daf8a3d938b36290,conv-47,189,targeted,True,1,True,True,1,61,15980,2d5a092c02cf3624f57b9d568ce7f4efa7e642ca8e280c2a78b40b28a61a03ee,0,1,True,True,1,62,15994,983adb1652acc17234691afc485b06dde6be4184f3154320200d61cab2b7d385,0,1,True,True,1,55,15991,a0cb7b52e74df969031f8622971301f20c56b544e8432a6015fd7526bbe6f7ae,0,1,True,True,1,120,31991,9913d307da1c63c4b1451b40299cea988ec5b71411abe895f7aa89a258606cb9,0,1,True,True,1,121,31967,9751752727d69473945350c266c265732dad1ae5783d207582406149d8288030,0,1,True,True,1,109,31984,b60ebc249fce36d5a5e45ee192068ac90653e5d3e055db63b90a3216dc27918d,0,1
b68bd3404351d45fb747f667adfe6267511e506c025862ecda56a9202477dbff,8e80e54fb6845abcbb0a338b04e1fab671ac86aa9d27d00f6976afa87aa1f92f,conv-48,0,targeted,True,1,True,True,1,54,16000,b8b90b4b2b6c4cf589db4029ec0012845ed482fb05a41f5b398a5b123e885253,0,1,True,True,1,54,15946,104fbb6ad41d868b4452b03295a3aa1034fbb96aad5fe8d4256b837824694c22,0,1,True,True,1,55,15999,d57542e1e7970b508f1afa62bbc37fae0712d215d4023d94cd73cf6c94c75128,0,1,True,True,1,114,31974,8819d9438e8e2d284b71ac1f3f8211239b28a6985de459b9926b0af912ca78b1,0,1,True,True,1,114,31995,061ce5e1a1040849e6200e05ec29ff0e199194b64f40d6b7f8ae3e1d053cb710,0,1,True,True,1,105,31943,ff5074cd6d6b337119e6c5daac5c9e829156cdd07c2725f7b2941dc95f972d7a,0,1
428707c67a91e42ad1508e4ee23cd9d7195ed655ddf9490cd13d1273f6dcbfc2,0929e2edfab9c3fffb6b4cf445abf61eee5060a838c381dbc7d07b725e17ec54,conv-48,1,breadth,True,3,True,True,3,63,15982,ffaffab42b954bb77023ab541293e9d0d3c34690c18520dc1d16a4d3676aba08,0,3,True,True,3,62,15924,87a552a97d5be38dfd9adf62c47f0777b334d5624b203f33c0aab86cc4e5ac70,0,3,True,True,3,62,15996,a8526c23d0dd38f1af94700bcc55e14b35320c1f0c6ef4db3a6ee73d6234743b,0,3,True,True,3,125,32000,3803dafa658a3e14a0d1ce0ee8aa3580fddbb9469a81ee32561979bb5a5d71db,0,3,True,True,3,126,31962,7264b216d4798c047ced6d5149f382063860747aa8a25f96a26ef69d6b474a38,0,3,True,True,3,114,31981,16cc0795b61d4efb023ea019c461a9d20a43c33ec920597f99e0981268190639,0,3
274c39c2f9bf523d3166ec36ecf446a59962534a0664295fcf01c2f49f382e87,692b6e91d046c9c29ae1e252994fba831691873c17c28cc422769e2f741ec50d,conv-48,2,targeted,True,1,True,True,1,58,15988,fe5f11053ecc346106a64e580a8bc534ca7e4d16825d45b382f9a39626a63835,0,1,True,True,1,58,15979,47bd74debbdd73e446ead2527d62096b7813ed2cb09c73fe5d5bc9663af90aa7,0,1,True,True,1,52,15928,17844a59b7059761bd03eb3c85fa498d9f6ef6affdc8b2a14caacd11896e95a4,0,1,True,True,1,117,31943,182a101cae3db2f899083e6cf83903b8620fa2a5ac292c1679a12600db1c8e5c,0,1,True,True,1,120,31974,7027581cafbf0db8c4905cee2652fab1e245926604aa1984bee24d813da25bdb,0,1,True,True,1,109,31984,4038cc774f190d42e57da7e1d40795d0dbed2ee5ebaaf15e2257cd0f6cd38e9b,0,1
afb01d7b8ec51041c88b3882ab89fa373ad8876803bad0cd3aa08c3ca38e99e8,805691559c37724d83edf5983d8c6176a5630296661ca7254c7431ab83233749,conv-48,3,targeted,True,1,True,True,1,55,15945,9e97cb3e3c39b95a82c12a055845964de59212e36d22a751ed6d8d9bc1f64b98,0,1,True,True,1,57,15979,71cb1258d7af4951958749ef6eb1cd9e2d5e78a5c36fb20bf31418ee8f625140,0,1,True,True,1,57,15999,d6b39ac979ae9c8dbd2e2f28937c973b3b7395b4364035718a4ad5d770900d22,0,1,True,True,1,115,31974,9dcbb94214660e6fb303dbaae1fdae36befa64b6d39e0ebf46eeb6685c411e83,0,1,True,True,1,116,31995,87b04a6c8e11d80e56af48adc6ff3dcebbdc7d3570ea459de4f00d2b4fbd3167,0,1,True,True,1,105,31989,404d4455610a3ef761739508986ce29fc1c013255cedcd26f4f7390954d465da,0,1
1ab3d81b44c4f3c8d5a52b8a034e5c707ca9bfe7551845caf839288c1cc9ea07,3d74aad9d885524430bb6b857b70e8560d6946ca0771bbb9f934fd65f65a0c72,conv-48,4,targeted,True,1,True,True,1,59,15955,caa7aa2b0ce19f24ef818785e57fa0c202795ea4f4848d34401d67ae82ee7df0,0,1,True,True,1,62,15989,a656a2e42a15fba5634c0de30d04b61a20c7a74673de068f5db2c993762c67aa,0,1,True,True,1,56,15996,8b23f4f7d01dbe05aa4167960a68068fa97b88265cc7986b93dc989fab1d9669,0,1,True,True,1,118,31915,40a485db95d12a0024cbf0dd8039c50d6a180854555a6a6a96caebe905b298aa,0,1,True,True,1,119,31991,dbdfc9fdd542aad40dfcf673230114de3a1b1d6ce9c51c22416960a74f33477d,0,1,True,True,1,107,31973,b3c3cf72146714ff28434489327b0d45d016c1cb6a9b2eedb60806f4ff25ae81,0,1
dcfb6579bcb829b4fcf9ea05353e0df674738a0bf505ef2b97b97e0713ac5e1c,1dba4a5b949ed71897014b263a9123f01d30b13bf5faf7554db7806a06ed3cbe,conv-48,5,targeted,True,1,True,True,1,63,15964,8c08748a75eb53d1052a6ed6e842eb7df14f0bbd4c1617ad25c2a5d15ba06b59,0,1,True,True,1,64,15976,cfa0d5f6f502c7b95392cb6d803a24824516795f63d86d44bcb75c070228f92c,0,1,True,True,1,59,15988,615d77352add8b356b47895d0286f977b175ec3bc0d10e7afd6343094a67e72d,0,1,True,True,1,123,31990,ac6aecb7c253b0779d45c563d82811bb6c67f34b3a1f17d2fefbfc98514b6f71,0,1,True,True,1,125,31910,45311a0b73172f04512d1c1f90c86f6d19172d0444e01f03069f5b14a09ee69e,0,1,True,True,1,111,31998,ef22679ed73a4f8189db2616e5dfb862cbc8e5e1e5f2b6c47bdbe5f2b01066f6,0,1
773091169270bbbde979dba9f85ab33d0c2989905bfa62248e819c47fa18e8f8,3ab732e7ba0a95572ad35b48a2806c02810c13573f8122980378076bbde9f349,conv-48,6,other,True,2,True,True,2,60,15998,e11dfee853bb7248bc3c75f346793705fd337fe7ccc18e2e53a6444db38ae654,0,2,True,True,2,62,15987,49a08199ba28c622dbecc8caffb32d7a983814608564e56c7fdd80994c825fef,0,2,True,True,2,61,15945,83bcdf8dd6230e4599f161d8bffcaac87f2fd4a4daded6fa7c3e2d6503f9f533,0,2,True,True,2,117,31955,fddf1abb06600e797131feed350afa99c49bbf85567574b70b21894625f13d3d,0,2,True,True,2,118,31921,df08d21992ca265a960b31ddea92164c43a68c02d941d924baf3a879f5a479c3,0,2,True,True,2,111,31922,7ec27392cb12e96e5894079298b72c9d90dbcf509f173d91af92c59cac05a94a,0,2
230a9035e01d788afffe92313fa68d1f56980a4792092c035287b456ebb714ff,e416c0299297de1f17c2a325033119ff05ac8b27268d731db8aac589b1bb267c,conv-48,7,targeted,True,1,True,True,1,59,15994,c0996431647da9c1b1516bd715dfb6304ede8e04c04dd77fe9d4e95cd1676e4c,0,1,True,True,1,60,15928,11b3824c355b852d842c2728e08c376488c097394723018f7fdad10bc151ba6b,1,0,False,False,0,57,15965,df3c42608fed4d0e8d787c31a316b3171666e89249cca774ae8322d8fbb90284,0,0,True,True,1,116,31991,c711893e9ea66b8982846bc3813cb192e23a60c510e88ed7db36912779d277ee,0,1,True,True,1,118,31993,876c13dfc8dcac686bdd06da3611c7c83b85ae9059e98bf08f4204e79509b1c9,0,1,True,True,1,109,31995,14ae922e387783e43b5837e0223c80fe7ec86b09be005a7715c846eb0531f763,0,1
743bc5e2ed38c31921bbc1101abc923045def4c301018e55718f8fb66ad02839,eafc2b721c2b536d4dccf6de084972cd1705f17d89ed3801cf3bd1eb5d15cfb5,conv-48,8,breadth,True,4,True,True,4,50,15991,e1e4875ac38a0a2d1317fc8e608da5a7456c14486a828fdd339172174df8a7d2,0,4,False,True,3,53,15995,0c9423f62cd9aaeeac6cbdf4155ba8400731b765962462b116cd76cf5590bb6b,0,3,True,True,4,55,15983,db33aae2fb449e56de7bce650d4b43da725df440be491c363b77a7cebe7dc4fd,1,3,True,True,4,107,31996,947ec79d211a023a9765c0950cab96a306577efbfb94c9d1c6874aab76a3ec44,0,4,True,True,4,106,31940,f6b1b43ca49e8159efef799da01401d0b6596449562497d6e7ab6f7f88889956,0,4,True,True,4,104,31916,dc70883ce03200585f20c6395ba036144d5ca29ddb5d09770023649884629e87,0,4
d3b876b3eb97cff3b798430b2b69135a0f59dd4f6cb17c637a221e39e59f27a1,efbfbc3efc0eb7a9d6030ad6b2909d69b72700a5302cb70cb81193284be2bfa1,conv-48,9,targeted,True,1,True,True,1,58,15947,fc1f586e3579a0d3a7c1ed4c2503a044200ce70d9cd2c84c9280ac34671adec0,0,1,True,True,1,59,15969,cd8b0d0adb5b477dbfa026c8d1b8b1dd9d918a301595740a85be1b72e1317102,0,1,True,True,1,58,15998,12c3125155ac3d8d27fbf2b2157f92cf7628e0cfb65dc395dee958368df502a3,0,1,True,True,1,120,31982,e21bb7c21923c77e92ec32ffd19a18d933f958e90fa2d9e58cad42820bc0a2e2,0,1,True,True,1,121,31979,b1382770dbe38ebb3e2eb11adc0bad2578e782ffe5c18b81dcce45e1a912336f,0,1,True,True,1,110,31975,9bb4a3fc0b7c99f37f1681ab2f7657ce5668f8cb79beb67a7080c2c0bddf2d86,0,1
054652101ec37640e28b7685a809c93ff2df442425b559756a95cde735358671,23c7d1b47e35e0d968f42fd6970d38439aa571d33f54add955ad8d817189fe27,conv-48,10,targeted,True,1,True,True,1,61,15990,60361c82c5ee3b5c3d1159e8db7a21c7702bfd0b1c1ace08ab29809a5e756a8b,0,1,True,True,1,60,15917,99c4ff96621030dd771a9478e0beed637859a9f054208bf736b33a5a8b003693,0,1,True,True,1,57,15917,2d4ce5c6a99b4136edcc183206114356572d9ef0e8e496f6434ef925791760e5,0,1,True,True,1,117,31999,8496c54e77d538a3489fe6d74a95f700a120ee59dbd7065564064f29cfd418db,0,1,True,True,1,116,31932,39db6f4e16b869d2b8cce836ac8fa4c4efdb9a719c74e3616eca8387d65da8c1,0,1,True,True,1,112,31993,5075dc31cac9c1a3dac2616cd121a204689731a6e137fde781c8c956381874a4,0,1
1436903be2aaa5bd6e0bf7795b231d9df1c54070e7f031736adca0b3e71dfc70,fda940491e5af617434d9a55b1c8bf5ced3c387e1ea29c4c0dbb8aeef17a5806,conv-48,11,breadth,True,4,False,True,2,76,15978,eafa83bb4e9831a334e36f21497b7152c0da83c66ecca0c9e388450743305044,0,2,False,True,2,75,15992,4e8c55cebff7fd26f3c56b7699ef4aecfa6d550522be5bcf6a6529a7e92e16a4,0,2,False,True,2,68,15931,d999632bb03e4b3e92a067e67446771b88f4d407e2a38b2f930646742640978d,0,2,False,True,3,131,31976,50e2bfbf8d16891366d35d53166f8401399297df616b517fe401e061241fc2e0,0,3,False,True,3,132,31958,7a7df0400b16437f8e75c915d5ac25f66fb962710ca193e0116c1300777c8ea4,1,2,False,True,2,126,31994,ac27ec4c0a6a344d012eef4f2540581f98138848fd1af07ec31c2c6b04aa6ea6,0,2
583a8f14efb72660d5b1331202e4df417a36cb2513bff721d5374a425a50c78e,7582ac41370873b05f331f5a1cd55d9fd571d31b44303551d8dac5113c700a27,conv-48,12,targeted,True,1,True,True,1,61,15948,a4e492a15b9b9d32366e982d5ef80e90cd6c8f05b2cd855d48e250c4a98bfabd,0,1,True,True,1,61,15969,39b636a7ca958e6bddfe151ce81cb14761f1ee7426f6d8ded5940a3c2f359942,0,1,True,True,1,58,15996,8dfeafe330f32acde22deb6a53ba1758abb969dd4f7fb8730b1931b673b1be8c,0,1,True,True,1,119,31989,6aa900360291ae787ae962bde269f80e4c10d0aff32a4e79870337e2ca3ed84d,0,1,True,True,1,121,31997,8f2cfdcaa8c853231018bbd101a2b88e3c1d10f09148f29c5c6f9f47c1076848,0,1,True,True,1,113,31986,73304cb4b3c4d3c3a817d76f7f4e8777afc89b334829f4ac8031c77b9c70ee81,0,1
1b7597729827970bc838803dec1a10f7ea17eb532b53d88dbc567ddbd43e889e,28ce4ead8bab07ab86f03e731ac171c9244e41eb84b29030920dc0a0357c7d7a,conv-48,13,breadth,True,4,False,True,3,61,15956,0f7e5118fede0e0342bab6ec43797f60f89e53968957cfc7720d404b3e24c441,0,3,False,True,3,60,15973,10999336d7d2b13b78d080b4b88f38313e15f5a4fa06b160b9c9f4d3e7463725,0,3,False,True,3,60,15999,b6009cddf742d1beabaab48c73b0bd8f7c4417841d98a16d10fde5cb4cd22bcd,0,3,True,True,4,121,31919,b2b9e7b39c0451bacf3ff3dfa41d454479b245fafdfec37af6257ef40f7478eb,0,4,True,True,4,122,31979,cc9242ff14127f2225dc23bf9786e41affd05172a136551976fb6ff1d50da65d,1,3,False,True,3,114,31952,86a9aa84173a1065e631f6120b8a98a5cf6eca2adfa8f0f69c7d5caf12e3e148,0,3
eb798c96b0e8f66f94f96549916e56954d4a3bac1b6223b7fbd051029ace227f,55e651d6a377276b2fbe0d5c8dba3ec5a767c28add3a0ab0eb01f615931f9d10,conv-48,14,breadth,True,4,True,True,4,55,15963,d40b4355b3b4084007776f1bce252dec4dcf384d9ff7d679172b417465331e1c,0,4,True,True,4,57,15934,9399f2e260420b184673a0f94ff5d4eaaaf086f039d129d6f4259cd26ee2fd17,1,3,False,True,3,55,15986,819d8aa58d5b06232278223cc55858f2d3ef63d4098156521beef79361ceb59f,0,3,True,True,4,113,31950,12805bc3b1397ad1b3490f7948891e2828befd1c131e7560b2e296f528d3b5f4,0,4,True,True,4,114,31983,b70d8a23c91c4d9702062abb12dcad0a137024fd2060e9be48b1682dfda7ec59,0,4,True,True,4,105,31986,1eb7908bf3a25b9f2ff62198f348cc0d8ca90459738e32216001436e20edd8bb,0,4
265854292439138d93300fb5517628e557c675792ba610f36499c8cee61a6936,0a2310080bf873ab5992aa8bdea396f3ad81efc13522ded9530f3ed29335f1b6,conv-48,15,other,True,3,False,True,2,70,15978,884e828bae1a16f8669e3f01a82b635391ddefe9d39c6efff16befa505b4fc29,0,2,False,True,2,71,15920,1c486dc69c1f037ceff0b385dd92b322b0ecfa182d0ca13b29db856c61b7015c,0,2,False,True,2,63,15999,6b63d8710e5d24de80f394f6608e5d5c1758eba6dccb80dd00829db58a303db1,0,2,False,True,2,131,32000,67d3aa9bc033fd103598ac5f4b2777344b0b027ea06eda8acee48f3dacb43544,0,2,True,True,3,132,31916,88f76be68cb5480b191db783fa1744aee096ea0c4358311eac56cbb37c4d422e,1,2,True,True,3,119,31993,25f064d5bff75e528ebc784d84db4baf6cdd3ef0a1979d6a4a3035aaa96e36f3,1,2
d582b6972d04bf7b5f1caa294e615e1d823c7c7c09a5ef3c52ace25c14f6e623,73bca41e1c54bcfc0162c4ff32626ee2eb5c959960caa134e38cc871cd708552,conv-48,16,other,True,2,True,True,2,71,15920,05fc9a4dc91a03eb6db9b1dd73a2015c4969add372b72f33e6e8715b45d52d21,0,2,True,True,2,70,15983,a79a06b0af938899620b4e0cb8d72812702957f89b027fa8e582a194fdb1fbec,0,2,True,True,2,63,15919,f539e14270215609acfd882df649819e6346bb92b5d98d8cb4d29d3288e38baf,0,2,True,True,2,133,31951,f547d376074d0615aa4eb8a9da33317ef318947cd1f98c100e6020200f55f209,0,2,True,True,2,134,31955,f9d74f9ffa1118e27e5f4135aa77147e4d92d5982eb249255e5155f2dd4d2d1f,0,2,True,True,2,120,31976,09948b87f7f960eaa44ced3a776404aabd1a37957e3ee4d2e1e8f675dc377a3f,0,2
5f261bf7ff07f141759a6812f0c2bad6b95f54edda7f6ce5a8c122b7f2e6e26c,9b658f70f28fe8dea05363120203d3f36f13b97d6666c7d364242580fe7c0633,conv-48,17,targeted,True,1,True,True,1,67,15987,2897a0353e267d91f02454c3b1ce77cadcbfc1020a69ef3ffac2c66b9d87567c,0,1,True,True,1,67,15998,6a09bfff0f5bc6c26efae2f0d5238274d7132f0dc62b1235e38448aa066e715e,0,1,True,True,1,60,15925,f991a81579ad4cca743c0270e230293be29d001782e52fa2cb26d1fa3a2bc921,0,1,True,True,1,125,31972,1b11ed4e6d84f0cad7286cb5b8b9455a87325e77404e302b444d4944c0819c05,0,1,True,True,1,126,31998,c7cd82f9b25e693b9c2d89c24c19a588a93ca6db5bbe1d8e0790feb3c62e9168,0,1,True,True,1,115,31982,4a3b67ae128066fb14fc1f8c83ea5f52cee4074a7cef1544111c23df2b0a1d9b,0,1
4fa795894dd72be9f3e54bbe6e00054ccd91af65c552ed8e2700f6fc9f00c0d5,87c144a34f6634754b83731ce603909009db4e4c08d0b8eee2647b60e81c4970,conv-48,18,targeted,True,1,True,True,1,69,16000,00086e0673ead8847e8565f116fde3cb5e587a85b7ee19b6e0c2a986d812a43d,0,1,True,True,1,69,15915,387f227096f08e76928a0f83be2f0af12d6892a6042da68ff84d6994e015e7fb,0,1,True,True,1,64,15921,31680ae114cae95b290cba337a83426055dffed407e122795fadacb7339fb5c0,0,1,True,True,1,134,31998,16445171a75c1cb82fa289052effcf99d65a9bfcd78de106e6932a21864087d6,0,1,True,True,1,135,31984,af097a3db2cae6df7bdc01677a3b972fb1f3806e76b88c1871f811e91f2d6668,0,1,True,True,1,116,31918,3d3dc657eb01dc51273fb23e7382859eb8fe43f203a083b494c0ff4299c73cc0,0,1
1bf27cf5b47e884a64bdbeb4a5de722d9c16fac6540c84b4be8a5a4917f77536,b76eb8e01ef1fbd037ef5f842835f1fdf8b2de8a0b136c7cdab33570dee12f38,conv-48,19,other,True,2,False,True,1,66,15995,8366b0027f407de08e0ab3647db87bc002c973c19fd9b7fd52302c05960a5731,0,1,False,True,1,66,15994,4c8de0c43e5e9d238acc13cf93dfca8cb6f28808f6f0a9c5e4c067bff0f735fa,0,1,False,True,1,63,15992,79ffc3250abae2e91469037cc236f668a238bb6e295f32426c2a386d0d848807,0,1,True,True,2,122,31996,7ff1cd64ba12a73b571372db40a25899caf90668ccb13ef5cec2919a0c581981,0,2,True,True,2,125,31999,dd8669fbd5863a31a87bd2c3fe30e2068a266664213c1be0225aa7a7b89ebad3,1,1,False,True,1,114,31979,011ba063e88a8522b3282a794e7a43842df2b0392db8dc8b2e3fbd6717cb5ae6,0,1
a25635fb8037d20663339b3b67a8d7efb97d59d7097522f54b553ffc53ae4665,29a2c43f3999509452e94ef0074b74895d8fd82a8abdc6d02b54c242f2652719,conv-48,20,breadth,True,5,True,True,5,64,15979,80c4aca2ab232bfbad93c2262aa4402e935afb2b0bea793c06eeb2be0dd4b9a1,0,5,True,True,5,64,16000,449eeabb990e19624d1ab5344330aea358e47028729185bc458f0103dbb1d71a,0,5,True,True,5,59,15945,d4bce7d6256b69326463b786eb831b52cdd93d2676706d6c5a9dde3d814c095b,0,5,True,True,5,125,31963,2f0b3cbe9b349e8d0713bab6372a3f51f12c7cd0faa13366b167a21543276fb5,0,5,True,True,5,125,31980,7539d2298190198fb38a39d6c31e9b20ca54c532d906858d07e93f0f72088594,0,5,True,True,5,113,31990,b77b391d87f1f25c13cc35522ffdf5124228381f925d87fed423891861936c32,0,5
5dfb999da5cb61e7797d5d4a7fa5436421cbfd25318364763a382dfb41eb7cbd,2e3b7d00d005917194a867560db05d5f5289725167921842c28ad454a07110f4,conv-48,21,targeted,True,1,True,True,1,66,15955,b123643b5510391446ba7db6bbc45397af219e9bdb0fcfaad155e7fb44e62a8a,0,1,True,True,1,65,15945,f363c1f2d410007caf83e09b463f2c2cc02937a7028f671ec0662ca92ef49e4c,0,1,True,True,1,61,15944,5e1aade23240f5071acd1a67704f9c8254138be7b731f4b2b2d7afce322922c8,0,1,True,True,1,125,31988,134227a90db3a51c4d358ad42d6d3648329710b3878e2254ac6fd8bd30ab7dc7,0,1,True,True,1,126,31976,78f898b29f90edb3f2e7a657f810c53b224f9adcf716c11ccbee6c5600e7439c,0,1,True,True,1,116,32000,a26eea5b838f1ad97355ff69bb87a9df623ef5edc2d3bc2c71a545f1b7d74cea,0,1
323421cffd617af3ca43217a4b5f039fa331f2eb55cdda0fadc75ec3ce5982e7,003ba43a734f4b790dcc9f1ee20a425a951283433c0e333ab41a53dd4c8c5a55,conv-48,22,targeted,True,1,False,False,0,69,15927,19c452cff4587240b792997bbb68c549da1497d69dfad056db3103f2d9c65b8b,0,0,False,False,0,71,15936,d5a144aebcf3e9ad0bdd498cdf5c1198c52cc6309bbc576f3aaf7b2112bd2871,0,0,False,False,0,66,15936,6118e0174132d4913b8a114ffee47289f67b1f28bc74a3707b212954d083389c,0,0,True,True,1,131,31966,19bc06faa9120b88832cdacbe5ac63746173dd4d510a5ff26468a71d969f07d9,0,1,True,True,1,131,31980,3fc59caca3b038ae1e1afa49309d5a3775938ba719f2568316df5ddf10a1ad43,1,0,False,False,0,120,32000,de81a7461984f4568d0cad522111735b8134ad2a57f8f1f7f9eaf9eed9310bbb,0,0
055fdf43f6c62788946169b6c3b4663f0181a846783c7b1ad3048d481ef53f18,e5077596bd1b9d20e0d6f66e84afadf8968a46e7e077afacdb6080398d9db1f3,conv-48,23,other,True,2,False,False,0,55,15959,3638dd33c93fcaf57d49f704931ca52c11b7b4abc5193ff775b3178f89f661d7,0,0,False,True,1,54,15942,d32e08edde07c52d48fafe7fe13e89aa3b26478550e7c2666549f656d7ef7f15,1,0,False,False,0,55,15920,38a665efcd3aa397aa0bcb8db8aca606ee57c939df73f4aead98be78dbff6de9,0,0,False,False,0,113,31990,2fa92c68c9b0a855640268b667b6f5283ebd17d00d8b1b7944773b8dced9c411,0,0,False,True,1,113,31963,d304e80e15a7b444d5c7cb58a5e1f42932d8f281846aaeb395f7e6190ac7e68d,1,0,False,False,0,107,31989,f2c8a6a924470f822426cd2edc89307d56c31fa45013a5a221df9315559ca0df,0,0
d8559fe598e71b83244b62da8d851ca301ae9f7bf71e3258dc87856ddcf06420,b7617d026f04a7671b5f56b75a3d40d2d53213da215dbf45628c9efa1ee08ae8,conv-48,24,other,True,3,True,True,3,58,15974,5944ea0f6aee1f2fc405053935c1ceb3dec8252fa7a34995c2522fd07a25ef09,0,3,True,True,3,60,15974,267d3ed2f109a531ecb85cbbf8759db4b86d40847116c2dc7e58c4033b34da90,0,3,True,True,3,57,15993,c624441f6e120785dc90885e030a6307e4166b379139072448ffdb504fd3bbd2,0,3,True,True,3,112,31926,1ed6eea6bc0f79247a4b07f83b8ee76d26f241133b42ec18663ef88d6c8e5044,0,3,True,True,3,114,32000,666103bd58aa00dad2f7f02b3e5ba318baddf314724b212802126d8fc31573d4,0,3,True,True,3,109,31991,1d624f16d5b57bbbfd34c4bc38c8ef5c4b011f68ce105b4b9f55332e76653064,0,3
13bec973ecb1faed61ae5a63a13d94cda9c4233559c50c4f22d9a2d661d2dacd,05e1d526565ce1a1a8fd6220cc79ae37e1ef29c71197d97e653673bcf9f60922,conv-48,25,other,True,2,False,True,1,65,15992,425ef17be3c7be1993c8aaa272dff5f7f8fbed4a5b962e300e1c231f563464ce,0,1,False,True,1,66,15975,f12a58a892547476465638ec17e6f1c16737c046b3d9dd2f8ffe81f26536d47f,0,1,False,True,1,63,15978,7b37ff65ed1176fcaf0a89b188775bca1ed4296ac0af6aa6cb3b2ff8a5aad7f7,0,1,False,True,1,125,31955,3ec853623ade7152c27ae580114ac70d3045cc7dd2eacf4ab2a0ab7864a94dfd,0,1,False,True,1,126,31927,6d925938fed39ec02c26c2ef0dd9373d12c0afdc6dd8def17ed5abf3035ca917,0,1,True,True,2,114,31926,8aaa9021a0b2c545b1b747d64e04638cd47218ec186b75d043c1a74af37504b3,1,1
98f0c5acdd8273159407d76d7570473eb0f70941fb9473f16060517a5499f720,cf152ca1b4e11b44a1e886a6f8d5f08def0773b28e18325ea08eb6a7f80167dc,conv-48,26,targeted,True,1,True,True,1,64,15988,1d55cf86f7a6afb32b2e9858248a3d9449c0fecce8e6f2e94701a7c9c1117dc6,0,1,True,True,1,63,15922,c7be4388bb961ada1380e0f5e306311fef67e31636dfb6be14de590d0936e259,0,1,True,True,1,59,15981,b656bb35347063c3c09df30fb2c5637a0ba24f21a500d618a701d9d314fa740b,0,1,True,True,1,117,31937,a8e59dc2634708921bf0b686f987720713d7bd40d02b960bd502c481738b6c86,0,1,True,True,1,120,31979,ff4b91a30a5dbcfdfc2e4da981c0ce22a230a14d59c629c8766d813f91461623,0,1,True,True,1,113,31933,8b32243680c634b76adb0a4610e4ef1e71b286693a25daa0abc2b180a1ac54be,0,1
c61978a98dbc75202b91a9688264d454fdba046a3b83e9480014283b29d518a8,cbc0b890e8a1a665a60c7e355e71effe3f1dbb69e114a6138c99073366a726c3,conv-48,27,targeted,True,1,False,False,0,61,15917,dee5b7b0411f8ed65044d7f22879f2cb18a6bf51a3170e15ffa55e48237fef26,0,0,False,False,0,63,15992,45327cbf6aa39ac339b3b143ee63c1855d356f625af48146caa7f453cf4fd68c,0,0,False,False,0,62,15996,186f5aff9c4e3c9dcf5a6762a581bfc811cef71e0deda8a2cf521cadfb07461e,0,0,False,False,0,125,31995,03c409b9ef445c0847ab90ef7c9a1d7ddd4940d62552288917ebd22dda50114b,0,0,False,False,0,127,31993,c3a2e03d92ed30444be4493a02a992d72350dd628f38163743d361a1493abbff,0,0,True,True,1,111,31997,496dd6595db18681b0730c5f3d1c9b825a069ef99c12ab7009e77b01283d5d91,1,0
25aacd2f3e45f92c2570f9d56401587ff14215f5841cce8e74e38794bbc5b782,d5fc3d66f49edc346108a65618136977a504af83c8df103914dcdaeb5d306874,conv-48,28,targeted,True,1,False,False,0,59,15989,9f83d3597e4dd92338ef35cda2d9cc925104d3ec9c83655afd2a7702dd05bc82,0,0,False,False,0,59,15933,c5c51ce0af9734ef62f6d431d9774d56fd8251a143eb2d53d59fd11d2ee85a9a,0,0,False,False,0,61,15993,aecdc66b5ae122e5cafec775482a91d6d1839c10db30b2b04a57c96015941162,0,0,True,True,1,119,31930,1ba59c9b9d106b3c61aad21192f0dc3a663093fce07de0d207718b762d81288f,0,1,True,True,1,119,31985,dbb288ca91ac180f23786941230bd71257a5f458b8956600f8f528bad78961e2,1,0,True,True,1,110,31931,0720b412e6a42f95d865e92c156e4acc86d625c200851dfb5c7294d3fbeb1899,1,0
2fc0bdaefd7abf0af339cba89e2ec2a0ad44f2999c03523d3b1e0e0acb891235,0fcc82d88c0ec40cd91f3484305a24ab0ffa8fe04d0e7a1ef82e783577db5741,conv-48,29,targeted,True,1,True,True,1,52,15941,5607b33a12b02a686d9b100d41daf07113bfdeec5408f9ac74b38980570cb93c,0,1,True,True,1,51,15996,70bfeed81311e912dd028adf3f37eda807776312b4afc22631c071c09b9a697c,0,1,True,True,1,54,15995,07fd02b60a47c50d7825624684da1059ea67b2c6cecca6a3b12cb80f022b3c90,0,1,True,True,1,107,31966,9e7460a2eaa0cded6fa1b14f82db53fa817b4f28ad8979e3b0cc3c677773ed7e,0,1,True,True,1,107,31969,6e4b81d543427d8ac2dd5af60133ba8f89dd608f082cf8995480c9e8b541192f,0,1,True,True,1,104,31978,0b87a3dfa0702da875547887f2a303265b35b39ce2970d8b8e803f2ab1c6c73b,0,1
9c554632f4aae30e17b7c19c91ded7acedf7f88f219b4c497d0588e2a1a47979,b9dd91ef8e82ae0399ec02c495986cd2ab553843a9038f3edf45641a656734ad,conv-48,30,targeted,True,1,True,True,1,62,16000,54bacd00d4daf9b459ab955ce35898f712612a8918a8e9d13bd2d898f7989d55,0,1,True,True,1,64,15992,976f19b30638b2f044ce18e65e06568a8910f1d1a8d788ba0942e8e566cae5c8,0,1,True,True,1,60,15972,582c910c3f2c6257337bce88de45bce2863365d486ab268faab718ad45fc9b9c,0,1,True,True,1,122,32000,cebdf1b18577040497d07e86ef542fc2eb7ec6674069a94aa65f8f0a45b0131d,0,1,True,True,1,122,31926,f264dc83b920938259e5061bc05f8a094e659eeacacb759e62bfa40f9cfd698a,0,1,True,True,1,113,31958,7d1c24df721769fc536261f97bb1fa259bd2dc5376297007a7b4cdf35fce7556,0,1
f656df3f0d025693da8c6357b1aa23d194423f82c60c8c8606e77fc3e8c600b9,3ee3111720ac735dfd505199e77479e3bf01d5943331a9542add6fd0d76b2977,conv-48,31,targeted,True,1,True,True,1,61,15924,8afc9b15a4429aa8d88710d464912154e131c5c7e58d2f43681426ba56bd8728,0,1,True,True,1,63,15942,2c8aa90ef5e84fc47d66f4d0ef5b1eb2a14cfe0d0e787de45d09bb1eba20a01c,0,1,True,True,1,62,15921,0f26f0e94107be530d82c6c91cc51c06699e17f808c251262e2799e54e246a1a,0,1,True,True,1,125,31991,75d8a0c411b8e2296f467ee446dc33a9116e79680975e2b4e6b18faa450d2340,0,1,True,True,1,126,31994,f1db40ce3370fa5068d6671efe95c2d8beb6c71c625bafaf4481d032a1f9fc14,0,1,True,True,1,113,31968,0082a9db1c7bb59746f044b11a4c524f740e67b068c3cd3557246029deba6d84,0,1
78203f8d02cdd1ebae13935d5c0a725ffff57cb2a072291590a17631e3f36a8a,f2731d38eb299534b0f20babe2731bb8dc9174abee571cbd4294bbbd10024245,conv-48,32,targeted,True,1,True,True,1,67,15953,c748c62e0024788d96e82affdca07b50e91b6109cca42929b6ad305d3dc4ccb9,0,1,True,True,1,67,15996,fd893854843925bed80bea3e20e6be7cbe3278c494e44b0775839a0e4094acfc,0,1,True,True,1,61,15967,7c4bc8097ae40583a039e8fb15429433dfa6f165b84c6ffc93e1da2b59a12a22,0,1,True,True,1,127,31968,2e384706adca22831931064b12684ed695c2aa2064eaa06d8893bf42df2b3596,0,1,True,True,1,128,31971,f2063e03721e8ae348857c67ce705dc8c5aa4deda3b3f56ca3479c8efdafc270,0,1,True,True,1,117,31978,d5e098fe80e04af525cd92ebf1999df411263a671c6c9b2fe23052ccfddc396c,0,1
576f3f9eb798102ca499109e43cd023c9ab34aefebdb528f60f913ecce04b2b9,2fb8d175bbf19bb8f42507ea98095662c88c11c648f4a902a561cbe552b4ea81,conv-48,33,targeted,True,1,True,True,1,67,15952,8b14c5131af2537a798b1e06f7280955f8f9d07fc691c1e81fe36c1e843d015a,0,1,True,True,1,69,15984,1369ebd974a05023c4b9bc5f25b4ce341b2be4ef2d48b46c6fbafaeb1045a3a3,0,1,True,True,1,63,15936,bddd525a2c4335b6d067e43739a5125e7383c2470c318bedf5d089b46379afcb,0,1,True,True,1,132,31973,f257b482ae18641d94b62b85fe91c95200d5660d044326ccf0c3351d55a66dfa,0,1,True,True,1,132,31998,e7ff3e1bb224933378b601ee131309da6b37b2f95d95685cab97bb2c6d7eb023,0,1,True,True,1,117,31999,b2ccf6d5b15f55f3deb6fba3e7183ce8e0980e3fb260d790c9d00e51587a946f,0,1
43707a9c0ed4555c1a8b137dc43a7551323cfbed7539f881a8ac1c0088df49d0,d1c3d7839d390d036b716462519beafb0ee018268ceb09da45ffa0b96b284406,conv-48,34,targeted,True,1,True,True,1,64,15935,291ec73ec7abf6a3af22e8a9ee774d2e358c591eeabf22bbfb0d295a3200960d,0,1,True,True,1,65,15939,d5d5b21f8a73ca485417ba0222a29706a4fa8a5eeb8aabb98a420f31dacc16f1,0,1,True,True,1,61,15934,aa8011517be470ac20ad983f1abbbfa41242f1de1276a8e5836a8d1a5ce90c0e,0,1,True,True,1,122,31943,022f535244eca0892f04c545d3f0b16e0badfab417228b01aa24457173681d5a,0,1,True,True,1,123,31974,80001e5fac15127d85eb8647c95c762a332e3953691df8c7fb759ee005932b3a,0,1,True,True,1,113,31998,691b4cd2e47b35e7dd4312ab9250ee9806da528e33c3a5ca91c55fa1a569c2f4,0,1
eeeeab59969c1b1007e1b7bbc351155b997d6b7738484f7584740069f78a9dab,36ab14dd7ddb854a552da398ca7747cf86da13012a88ff026a220c672924101d,conv-48,35,targeted,True,1,True,True,1,60,15918,51b64b799e50b6da41b0bb62ddc3c128c24effec7f394a48dcb650a0275f02b8,0,1,True,True,1,61,15921,6d277aa78034bfe7ae3d74a09d88b23f6b11bfe937d9e781bd699cfa8d9b91cd,0,1,True,True,1,58,15996,2ff9bde959a37d160961bd1b5da17b03bb516ee0242129a4a278cbcd1259c79a,0,1,True,True,1,117,31993,a291f46d54fb6704afac8e9d57cd102c7e9c0be01f4d4814a5faaae5cd56acd5,0,1,True,True,1,118,31996,b2297fd4b3097451ea07c420b30b00cdb3401f87ffd2f035db6dad3181ca10b5,0,1,True,True,1,112,31978,70bbd2d4a6ce83feb2cb3a1d7b6d2c6dce9351a583ae4328a18f6bbf54ad5de6,0,1
5ba11752ff6814243917467d37478f438aa7ad20cefc9a6e69d2af3429afced0,12e6e337ab351d163a3ac0dd634ba6049d2a3f32436dc6385d5205338dc3e265,conv-48,36,breadth,True,10,False,True,2,70,15981,baaffe770273e2a143a54458a263584a31a8b18e3ead6a5ff2266dc3ef2e717d,0,2,False,True,2,72,15953,e35448958b7b528e42f57ac3250399fcfc765976f635e5e055cedc96a8ff7655,1,1,False,True,1,65,15998,a50eaa8fa8d1f02ddaf017c5ec8f5ddab2f6ae23cf6c4dc9423c76d2aa24e11f,0,1,False,True,5,131,31990,5bd8b254964b00de560560f4b74a7aecbedfd2b04b645d056aabbcd38739ba87,0,5,False,True,5,132,31996,ad44a84563ff983c99b91a56affc7ff09bb9f37b565790f9dfade6b882566e2f,3,2,False,True,3,118,31994,365a592a90626b2d1c796a0e13ad0ae72b9dc50bacae734b6e1387e82c221bef,1,2
fd273a936b5dece8596fea19d0094698aa4120121a69007d02c06974d051327f,f4e71fc1bbec867c0243b55e955783043db3cbcffb83fdba607bf9d786e0d963,conv-48,37,targeted,True,1,True,True,1,68,15990,2bd2e2e3c0f2b74c59cb784a50254d33df6b3a1182aa5f5f8d9df688c7debd82,0,1,True,True,1,68,15970,a37cbe0d56cffe547744eccfa7f1d6bfb8865d963a3ddfee13b66e115f1f617d,0,1,True,True,1,63,15956,789092767e9e878eeeaeb5b8c4acae5ebf5891fd417fcc58315160cdce005842,0,1,True,True,1,125,31996,707974912cc6983b914ebe52c0d563329517127994c9cf5f9c2ff1ceef999c49,0,1,True,True,1,125,31924,81e9b17a64b3d488bc8b9c40b0edfc607664ddfc1e4da31c2083f2a7ec162f8c,0,1,True,True,1,116,31933,ebbf6ce313c21a6ad1d18f043c55d2cd080f2d35e466da8a14601db97ec088ad,0,1
a3bd13818136b67f06e9f1e3125688c5020eceda426e7fb94a38f5baa2565e29,0d8bda14849dfecc8a5d70f8640e609f8aae44b6c77b4974e58b7fc1b009792f,conv-48,38,targeted,True,1,True,True,1,55,15931,5dfd38564984384f146fc2428820d32b613cede8c2462d6860eb8757ed347f88,0,1,True,True,1,58,15986,d9e838ec82cacaead3f66257c603a1a5806482c51942f11d8581a1cbf9fa02e4,0,1,True,True,1,56,15999,37ad4c6dafa0b57ef10ea3707e132470a7ccd92217ae4a83c9088ceb901316a7,0,1,True,True,1,111,31989,0e6739aa7539560633d2fd24033cd4ca50b1ffec8b4d9b53242fe330b179bafe,0,1,True,True,1,112,31965,1ab5f8f697602c7e3696455c69cdf4d805a84126c94676de1ec9a3ae9bb17634,0,1,True,True,1,108,31978,09072991da0ce5df093d64d01224f9e1c6ce6aecd827b1003da5c6d9a3228d67,0,1
c4ddf270603b770f39f6ddfc480111cf6ed281c6523ed105b17adad3bf1a3803,1c2cc04fd6d22c38c078efc4e8f9cc8f3bdc0ac65ac72a1b7223535a29ddbfe9,conv-48,39,other,True,4,True,True,4,65,15941,3678b9e578ddd4d6047b2e763ce66af499ea88a7fc3bbc5e8eb2cd003a5f1fae,0,4,False,True,3,67,15974,86e0b683434f592bfad33ac6870e1625386ca0457f1cf24bbb47e57c46bec9ba,0,3,False,True,3,60,15921,32e8df7bf03419994b956e5a9e7310828c397f1302ab1f1e115682cb3be82bf9,0,3,True,True,4,121,31952,9beabbdaa308234235615118147a0d72a2d1ec7b131ca7bace9f49f2284d7fb5,0,4,True,True,4,124,31977,7fddf1ebe2339746d34e7321bd45a237bf2ad0b2f626f1e54905ccad70614886,0,4,True,True,4,115,31999,e6d4d5ba8a6c2f6421c0b4e95bc3e375b734f5470fea0f4e8803a431208f5ec7,0,4
27d997dc256dda354c7ae9b7e417b2941985560d655a05a6f02aa0956f6fc8e3,86fc5b9a2ec49c08b36aa654abe980fefcb1b65a4bf1165b445824dd336944eb,conv-48,40,targeted,True,1,True,True,1,59,15927,da1561e0ce32453f708c8c0bf72452ce6432538b6a49b8c7360d794f7214722f,0,1,True,True,1,59,15993,3adf860a2e029e37e102cc785e41a827a68745fd44c70831eaff14ede2faf3a1,1,0,False,False,0,58,15985,1e2ac889926e172b60f31e08641385cc06cbfb28cb0f03f87c848c7565572d9b,0,0,True,True,1,127,31982,16e678d3cc5fc5b18c39d3d911d2b720063de40e39d8753d743897036dbc61a0,0,1,True,True,1,126,31989,854d9042eb37cc401bee4a706176a5b8d522bbbcecbf08f8748f2697c0074feb,0,1,True,True,1,112,31985,69e9a7fb89d806d4ed398adb6f5cff68102b0837d8a8e2c083bc459874c8546a,0,1
4ceca4f655151391e94a01b2c8b88d4d721ef4c27e99e29488108b0ed830a194,8b4fa35f5d4faac1250f58d6dcac37e4ede2ebe3ef9f81d73cebb63f5d83b4e3,conv-48,41,other,True,4,False,False,0,56,15980,598a973a9bc6f210c615163b4f89ed62be2ace8db0187a1dc51f48f87018c8d1,0,0,False,False,0,57,15933,b3cec54d22a2a9aef0e1a7052a86a3b8c28b566c5eeca78130776ef8d1a830cd,0,0,False,False,0,57,15999,e5c6fa49404e45268676eab15964fc211daf9f652e8276dfc54b3d891dd0e8c3,0,0,False,True,3,113,31972,319298cc1497460fb63cc0ec7bed71351e9f0b77b23a70fe03d5f6aa326f5b9b,0,3,False,True,3,116,31982,d75d4c05d3ae97850d50e7ab750026ebc0be6348090458bb64005d1625eed836,3,0,False,True,2,108,31998,59bcc4a7a83f46ce7a34d6b8fb91a71ac5bcdb9f9d27ff364c8634e7017b5135,2,0
602f9e8d02ed6cd3807bd13ded92616c8875aa887cdefc09e34fa399a5fca35e,78d4fc904e8ad4efa15bf5e541973b1fad72daa0c52418a1f6541f456ba9fe12,conv-48,42,other,True,2,True,True,2,53,16000,41c85908e46972d6e9a56024bb2e346c26d1f5616b49eae2e52b681698a0b784,0,2,True,True,2,53,15991,fd88731fb0ab1ee141c6290047d2a3b8a73b7d175993c4a4e043b7849518a960,0,2,True,True,2,56,15977,da736ea58da0acb4d760a898faadc3456aab47d4bcd0b60e60ac64654d69d449,0,2,True,True,2,111,31971,05c6f84ed9e448309ee88ba81022b4ec7f195291f741892b7797bd87674d36ad,0,2,True,True,2,113,31984,798acae8d019407c614ebcf611facd465b5f5e471a34030fcc583108859ee82c,0,2,True,True,2,106,31942,7765828177198074ee5d7e4fbf295d56f2707b4aedee0796c65dbdf5546206e5,0,2
31a9c7a08ed46a7883beec73719c136adb67a2bcb0e81fdc9d480253ed450e09,38d44a0d2866f13d6f7f19556c872e70983dd2bbf12f0e45eb37f3d520245859,conv-48,43,targeted,True,1,True,True,1,68,15976,7ae7f59624241868a2d17d31d111aa45abf7ba8d9b8446c16946b1174fd3c093,0,1,True,True,1,69,15938,30a5fdb7c9a355b8a544373285be46ca065ad3b1d5d7847230876f1b983353e1,0,1,True,True,1,62,16000,90abe11743dfad2451c8039c16c65efcc9da5c7be05e233e29bbe6dc8f8964d0,0,1,True,True,1,130,31933,c4ca16902ea190944ec0a9ac2fd99c9903e480228ee23cd0b82c80365296d468,0,1,True,True,1,132,31987,59d46e443ce005ffecb343892ca5d0ef2be8fdd5ca15092f003f39ff17e653d5,0,1,True,True,1,119,31957,0954d05cf0051c3ff560b30de054d4e831fbcec393e17c3f5768b1dabc076819,0,1
e0178addf675bcc1469ce274fca0b1c8c46857f6491d6c5aea73d88a426f00e6,a2f2dea3c078af44c248bdf311984d62d56149f3032318f7c3637644f5505a03,conv-48,44,targeted,True,1,True,True,1,65,16000,aa5fe93607e0396e8dcb27bc50a7acf5692822a561c542eff996657b40bb736f,0,1,True,True,1,65,15970,5a56f9bcbcbfb5bba690988314f468861404d5d03d5a218636b0c47b13b3541d,0,1,True,True,1,63,15974,d533525a34d0c45016919786ec3809cd609b7cdf274fda93cd1995d50276aa5c,0,1,True,True,1,128,31978,5a3a432c7a75167bc7e2593a6916837afdf04dce8fcf8fe16247c63246717ea6,0,1,True,True,1,128,31988,6d2b2858775b3261f9b83bb6ef2f03d619757713d61c5ca76e00faa4ab5c49fb,0,1,True,True,1,116,31920,734e70747db1f72bf5ad5ba13f9aa421392857999f01a2df364056cb988469ef,0,1
e6e0ec1c0cd160955eb3a2ce0c5fa613dd0fa70fb2f9a4501b74ca3e376b59b0,e33a2df8ad9ed30a6a4d2f6e0cd3f4c381e1e4366ff6da93cdf6be98a1e51438,conv-48,45,targeted,True,1,True,True,1,59,15999,5f0a202f3702a8add291189cc4e3785d6c8ff27c8a106fadd02e0e8df70b6b54,0,1,True,True,1,60,15990,108d57dc0c45a0034021944cf363ca9cf87d4cf4a868932d68bcae6c0215cd32,0,1,True,True,1,58,15967,cdf4fd4dc61aaab1cf672590b62b23f686fff6bac7e16664f8378730889bb9eb,0,1,True,True,1,124,31969,831781922a1d6be0df43d6c2839b5fd024348102be4d7f106f273cc6190f8f72,0,1,True,True,1,124,31962,bc740bb6a4ecbbffd6f46765703cd0a9cdcd2bb07e346218864a879f250683a6,0,1,True,True,1,108,31997,16dce3634b4fa6315c1c68fb02a3d0c4f2d83e03809f5030612cf8391e2541fb,0,1
65a9472eb8ce6d515a91a659ff59d3959a46375982d4f83eb86f54949b7f6d2f,7bc6e7fbd380d462335e9d268df2c1d0b72c8c88aff89f516c13a96c9a2a3ff1,conv-48,46,breadth,True,3,True,True,3,56,15923,221d03d94c3ac8912d95743660bdb7b9d977e84acab700c4402458f80bcf3e17,0,3,True,True,3,57,15975,6ac721e8abc7f830751d98e9874a0705322a6da4b597e54ba074c0fd5a1ad4e7,1,2,False,True,2,55,15977,634325821f8656269ef4ac100e6012df8a49a1860f1f94696edeb25b1aaed760,0,2,True,True,3,117,31937,1ffa68d043c8b5493db2c77327e825ea266f9abaa07b7de77045459437e46e50,0,3,True,True,3,119,31960,c86d0f15e6df2f429fd975c0b58c86734e3f68f114428e51e027fcba81d2d648,0,3,True,True,3,107,31998,a8b2c69b53915b290698bfcaffe76d7ffbecbde65fc6aeb34c501c3f8c29554f,0,3
6795873e3d31ff6f071af0552c0e1ba1af652f23bce6987f8df3044b9464c080,3a7ca78403521ec7d023c55d6c7a68373ef340d8f6c0164e9fa654dce612248e,conv-48,47,targeted,True,1,True,True,1,53,15954,9f05ac3e170ab652bd23ba0963d97d8bb68c0f5d52cbe8e0fd07b9a0e7b5378a,0,1,True,True,1,54,15967,a239aee327cd82954f87e711d8fcfcf4c612102b4411e2a483441aa9d3478a7c,0,1,True,True,1,57,15985,59fb69c67c399e1730c58d30ad5a148605b4db36e9eaa19a3f3f3760ed896e80,0,1,True,True,1,107,31969,e0bf73509fa56f74d3dea0784927947ef2c8e685a46a8d16f3f1409cbbc5b33e,0,1,True,True,1,108,31964,1487c138f70eaa8960cca3cda78e9b7e8e6c10666ba6b70834e3c06b0b2e46a9,0,1,True,True,1,104,31972,1b416f04cd8e2825c7af7b20f9ae5d9ac67468b68e0faa1362ffd84c118b0368,0,1
1e33cf5d302da830d5f27fe375280acb0af434b7243e442b189e60c47bde94f4,27e36a7889d1cc27eda610024bdbce559af784ca3dfd1270cac7a18155a65b8e,conv-48,48,targeted,True,1,True,True,1,56,15995,fd40c446f3baaf98673cef67dd9a992fcc33865389bb8b8ecb6e5c29d23cb5a6,0,1,True,True,1,58,15990,866a2412567aedec7ace713e4c6b624da2267410316fc8282763ec6098bc8404,1,0,False,False,0,59,15944,c31d19de47bdaa6675d3be01b5d1c3f012891a583b9db0d3354712308b5ae55e,0,0,True,True,1,113,31990,8f422535c4331b242999b8692a35281731fd7c7d1ece0cf42867b2de33db34e7,0,1,True,True,1,114,31931,7f01d46b33d96af087c0a8ace12fa411f3861140f147e91517d6bd6eddb22ddc,0,1,True,True,1,106,31937,4cc021060d767699260adab5541b08ced08a12cbfda7453e2a770da7d9fe9ee4,0,1
3d75bf5a76608f67d1299fd419fb1d337014231acb0c9fc36c158aeeefc5394e,72f9c3e1471a47c4e60b2c7f82f834b4d97d3c90b22694d028f21ded168ed160,conv-48,49,targeted,True,1,True,True,1,50,15954,79399ca20a3e93c0828606ce6406a81e6cf0689aa434b37b385604434092def8,0,1,True,True,1,51,15994,1319b1b7c9c432483be080ecf54e5e4f411b2fe806946c66c42113425d3f55b7,0,1,True,True,1,55,15928,13765b7e7c88c916194a9274014ad6e9866614f0b1f886840cfbf44892e681ea,0,1,True,True,1,103,31936,b6303169c833b618f3a6cf763fa5944d123a957f1f257a5b18e06e205bff702c,0,1,True,True,1,105,31990,dd186b4d4ed158e06e02dad78c1f94d5e7cac066271e8142c201a1ca0ea91b5d,0,1,True,True,1,102,31978,bfdee513752b902c18714ef1fb131d0799c2697ac6939608af4312b51ec985d7,0,1
5fe1d7b58dd294d0d3e047052060013d9edac59108b7bc1d04d1d14e97c0298a,14f3a8a4ab68a2554e69357fed07e114f9b2e14897683c2e085a87d6e543db03,conv-48,50,targeted,True,1,True,True,1,51,15973,e2038f02c2b2e86d90f3b86c24d93c6d69391181c593060bc16384bdf3da3b96,0,1,True,True,1,54,16000,634c83d5c69ad69b4849e8900d043ee8766e1af2831567bdf45cf2606d148302,0,1,True,True,1,58,15982,5f96af741349107debcd395762b22094508aab6b2f4df4821decaffe5933a3f8,0,1,True,True,1,102,31922,c6cdcf030eca6aa0a42008babcabff140d2649f6d461d7cee27d803d1ab138dc,0,1,True,True,1,104,31974,bd76ae136c0c8653bc74fbcc63f3ee7c41ba35b9f4b236f08ce40e064df05b44,0,1,True,True,1,102,31915,16ba95c0d04e01a5ec7047816883a54098be1bb3254f699f21fc9975778a94fb,0,1
d86b920d8c8205c185a0a201623a3cde53a4420331af34ba03c15d18fb775377,9b14eb12ca739795eb31d9515bcd8ea7e8860a33d336465e989f3ff34f5b85bc,conv-48,51,targeted,True,1,True,True,1,63,15946,b381feaa74f047b9f6d81291f27682f146915aa5e49cb9e3ce86a5d41bd96fa0,0,1,True,True,1,63,15984,4defa9e481090534a65b3773d8cdb3ba61021f2b7e55c2c96fcb587ba447dd54,0,1,True,True,1,58,15959,32bb08829eb3004ff661490d16b95513092575c4cb0fcf91aefdbb89298a5a12,0,1,True,True,1,123,31998,492d47b0d80b7707167639a74a5568b339d4f868b329836ab33209133f348ffd,0,1,True,True,1,125,31995,6a17d78f6e65e6134272215dc7ab0e8071506599368ecb8bed0776126c596514,0,1,True,True,1,113,31986,b6fe29d3a52774393f96df235ec0c0b6d191dbf2407f2391beac0d6cb5a7cfcc,0,1
495b4de5baf6198aca7d828af1609c2d463e303efac94d3cbe19c17eda60075e,99b88f5de17a633044a84113fd8d1c4241379e2135e21f6fc2607a010775d038,conv-48,52,targeted,True,1,True,True,1,57,15948,7ffcf10c52496df78a9e5b7b68e4b419358549da8946333ab82e2fd73401c7af,0,1,True,True,1,60,15999,9087bfc669ccacf91ea29fc5600deb3fe1a7eb3325ba14fcb01fafa9f277c628,0,1,True,True,1,56,15976,ba452cbcc14bffb3c37286af853fa17696aba86b965d14db54a71b637ffca6c3,0,1,True,True,1,115,31999,53706fd08a9b8359a563c1d61f54650efb9b148d5ccf968d786d2420426a6c0c,0,1,True,True,1,117,31979,f8def98733b10ae9ece7a232115b83ee675d117e738f64d28678ecb3301b535a,0,1,True,True,1,107,31994,94143e38d97bffca7f7ca8e95cb94c2cd75959e77bcf2cef9a4fdd89e0b84a3e,0,1
1ad5b3249757e61792d2e7c4730ab8578fa54628516a68ad171e894cee5da157,94ae6c011a3e99001074beeb4580dbfbaf4f5bae9eb79219a145a331d02d48e9,conv-48,53,other,True,2,True,True,2,69,15974,0b3abc0822d25f87ad3fa7b15d3ec2fbb067dc7f4f94dd97d250445aabef378f,0,2,True,True,2,68,15997,ab1474d12541e9e101c469fb1f5a77d4b5f49776df25d43aac1b3003b8f5088f,0,2,True,True,2,61,15946,642f6b6661a3b836e203606979d379731511036964447b25ff4f5ec9ff8b2bd3,0,2,True,True,2,127,31935,d17e27010c51373f4a8a6a3e697420ead6c9f2cfe66e632ba67214e591786e97,0,2,True,True,2,129,31980,1a7962e477c503107806d5ef4b22c422ebbeca05ce42082a52506372713e6ea7,0,2,True,True,2,117,31994,727058d48c0b1b4a73c901e1a67da75e38206471c4b0766d907e1a8e42e004e6,0,2
f3c4f44c4b1ac1ac76646d8c48b0a53b59729491aa9b308453f4efd834db9485,73e8068d6df2ff65cde4100e2ed683fd41ba4ecb741a8194e8090757b5b483a8,conv-48,54,other,True,3,True,True,3,70,15996,d04ab2a2565b8b1a15230b01b4f85cfed1cd99202e01b69c1f700e70a8988d4e,0,3,True,True,3,70,15997,2b7d38c4457b5ee3449551e81a123a48b7be1cf1eb8291f4fbcd357ff9989dfc,2,1,False,True,1,60,15974,2da0fbeaecbf297530d4cea6e36c3b4d14b66a9b4ec05e2bf581ee46aab36804,0,1,True,True,3,133,31975,5ffaf816a5c3ab6d4cb6ac16d5cc6863823ca753c58a7bd14f65a4fea9897a49,0,3,True,True,3,136,31985,15bef358221ebe88ca1667ee5beb644b15f8989b083dffeb31f6bd75e643d6b6,0,3,True,True,3,118,31928,616a5e98d6ed285724ac0bc72a0c86aba9dee463edc2ae150ee949d89262e61d,0,3
87d9666d47e0daf81a7657f05fa75b8ce691449d211ef0e4f4651870aed88f55,037683c8e6433de91d0ba157fe24fc3031d3fdb2490a2592552c58c7ff90fe37,conv-48,55,other,True,3,False,True,2,71,15998,c9b105fb4fbf588ced911c05dd0af0e3b22d16cb8605243a85b51b0bb84bb50b,0,2,False,True,2,72,15985,6adab9d664161c4bfec895a91778ff8286bf35b977c7ebc9f255c4f033036dd1,1,1,False,True,2,63,15929,8125fb5bc0ac9aaad0e11e95eaaa1b5be6fdd8726896bf2067b0df16958ec5ca,1,1,True,True,3,133,31969,dc3d3429fba17a075335cbf8fecaea5c52375b0b6e61f6a17e0456adf17bcbe5,0,3,True,True,3,133,31988,784efbcf42d71d489aa485f6b1f14d41b5ad9208b5c3e793283f079035ca1cb4,1,2,True,True,3,120,31993,93668ba54bc0167dee9f79c6377df11e431d2c280fa7aaa87012454f4f82558d,1,2
e097ec121f7620fab3d3873f7d386bd5cdc945076943124e8d78c831a8ba3f93,11abf946c7eb1f1f2ad3b3b232fac6307033448ac95733ae6fad70b1c90ecbca,conv-48,56,targeted,True,1,False,False,0,56,15954,e1bb1ca4ac202eb77a0faed6752b5db0b8176bb8852a49ab54afbaad16d71876,0,0,False,False,0,58,15981,6041debb4aa1ec29d90479a0d1aef85a99755e0142e1b6782a63adb8f5f5aaeb,0,0,False,False,0,58,15981,9de3267c643b4cbf4f0440a5fe351283cbb9eb35f718998128e0fa4afd88501b,0,0,True,True,1,115,31949,0b42e23fba43c57e77f9d4adcc61ff59d312793ae57c887e5e5381fefea0233c,0,1,True,True,1,117,31998,8ca0ed10a9bc60434b152a81f85f99ab8853f14d65cdfb1a8c04c88b96bb709a,1,0,False,False,0,107,31974,729292323c3f182dbe943bbeef0ad4accbdf8a4f32e5286a45563046c5411c28,0,0
0f635a013f3ebed2f4b8f08f9c7ff9dc32da41a1c45640aaa0c90f1f98e2513f,ce0a3f5036806106ef8a863daa1565e5f51ca895798de6c5e717ab0d8c4d18b4,conv-48,57,targeted,True,1,True,True,1,61,15962,f1930b76512078f0109deb906c0f4b6bb6e9c91ef5003195dde0c26605148c82,0,1,True,True,1,62,15974,d93223db268dcfc1ba3b14bbc41f917c2846196039b87e544a54dad6befc72aa,0,1,True,True,1,59,15978,ac5ec13f557732199917094b722782c7e283246173be986f12cd13cbe5124787,0,1,True,True,1,125,31994,e6643738f4897b75ec5681b5216c5f1f8faea73dcfb569ad3b6133118caf9110,0,1,True,True,1,123,31991,8d6a1f39767d9038d9fb8a566767a9da3e05cd9d7b9b471dbf2868dc3e8685f5,0,1,True,True,1,111,31979,d3637ea938549d16855a845be20e4356fdb3873dcb219d94a1cba2cc37021793,0,1
b0e7865c8166fce4dc351cd5e823006673e762a32ac3997ece5469f86a3d99eb,27d47b9f24ca7e3b68a4442accb6f259e447a125781a5863bbf15dae02b7165a,conv-48,58,other,True,2,False,True,1,68,15951,5fdaa007888b32f268e979e6a23cce3ecc469f982fe557d3fc47cf7b6be9c320,0,1,False,True,1,69,15998,3b47e455fbab07de638a900fbf0f8595a7aab8c4674774cd4a90db749f6db47d,0,1,False,True,1,65,15971,6032b33aed059c1ac22a541470184d5c2d0c09fd8715f07d37d1904a3078ff31,0,1,True,True,2,129,31992,eff1dce2c27cdd2fcda6284838daf1de75c03ba9c7d3824567f646c2b24de618,0,2,True,True,2,130,31971,df3425aa55a34ad05c72209514046ee3f6ea3009d4655926c79926bba5830476,1,1,False,True,1,118,31987,0f4ffcf43aa762c6faf4fd502d7ceeb344a5e383579d8b2751306fd3c2d4404b,0,1
6b687e42d400a06cfb147f5e52864b661202333c656fe3c1d2597dcf7f589f50,eaab80147be344913817fc140f60974cd546d0734b8a325a555341c94d3f0629,conv-48,59,other,True,2,False,True,1,72,15997,a6449931ef20b3b9b003bee6e9dc52b8eb765b70198c5450daad19984d6d2c7a,0,1,False,True,1,72,15990,9272b66ab64faceacdbbc0244ed9498de2b1cdee84979abb1269e011594bc702,0,1,False,True,1,69,15990,357d0dc49251e883cae4e1a94c3f84271164279341f83123b6f258863a8908df,0,1,False,True,1,131,31969,f5e67efdb2e0da713072cae21ba3e686d29fb37fadbf7a79b46bad7bd59f32a2,0,1,False,True,1,131,31929,14db7abdd020b248bab961ab309a520b14e4ff6f05aa8233e945da65f5feab56,0,1,False,True,1,122,31976,de361b436139c888f002460f41624b3add279463ebddf345223496903c28b1ff,0,1
03a18424009bc08d9131a893445eaafda03d77e6296356077bf80c78a90fcdb6,1428383e507390300d05276d4b4ba5e4810e3d6fef68ab76b2891b4bd73e08de,conv-48,60,targeted,True,1,True,True,1,50,15972,a025ee2bc84710199fbd15c8add361bb909b2b49612f72a4e6f5008ef0ab2f2d,0,1,True,True,1,52,15982,e886ce1feb07a2e0b989dfe4ace4e957a435d37ecce40f67629bcc7e255c184e,0,1,True,True,1,55,15999,15a508bfa9231345e6181acf195613f2effa1c60121ce1428a929e2c72b25db1,0,1,True,True,1,103,31950,06ccaf33fd3fc39da8131a769c20a10741ea7f594f6784e9cb8bf6984197f26c,0,1,True,True,1,105,31915,4ac69f9eb5f9f4346dfbc4206a3f8464647f3d103d9bd949f47f9cc40db5083c,0,1,True,True,1,102,31987,068b9330246f1d89f54379f3cee8515d8d532479ae27962b99f91ee292d1e61c,0,1
c6847335dd76f65c0434018c56b6b5271d7c6f82bf7e38717ccf26bb68be94ba,d6b97d8edfb456f9775a7de5e315979486040ae82f39129b7f9b901cd1016bcc,conv-48,61,other,True,2,False,True,1,55,15950,c64ffcb5c8d372d6d656f1b712eead25bcaf22707ab1c56e81dfb4314756998d,0,1,False,True,1,55,16000,adb735e69cc9426ab9277812366c3686ecfbebdef9715d65d61ad683279a909b,0,1,False,True,1,57,15932,f5201da849bf84eeb92c89c433e28eb003d3109fc2f30d63aa8f64eb3e4360a2,0,1,False,True,1,119,31994,ebb32b6f0f1304e755cb3ac9d0eac6a017ab2f4176284a00ef09e290fec8d973,0,1,False,True,1,119,31981,8a00ab5c8e56d56cbccd449a675a0b666395eb33b76ea144b1c992673174344e,0,1,False,True,1,107,31984,a440284a6cb7ddc3427a688e6f7c959cf6c9cd95190475f8869801bc0af74738,0,1
e387caf988d9cc5f36a9571798cedaa33a12d682f0dc121d225ab8097190bae9,c167b70eebebf37cd64eba554792eb347cedd4a6059a6bd577d0bfbb38259061,conv-48,62,other,True,2,True,True,2,68,15979,e022536d8bc383c633b45bf9c71c8498b1d7d204fe593f4c376b6ac4a3659cd6,0,2,True,True,2,69,15919,1f860092fa3fd58db2f5ebf88a94533c09a223d134443e3ecbbde9898c16eb66,0,2,True,True,2,62,15934,a0afd086439a395bdf31deb0477c5becc4a036540092b798130ae1706f372a21,0,2,True,True,2,133,31968,7f6829baae5581421e2a4134ed12f5c7c2dbad17b357994b8d8a905ae8c32191,0,2,True,True,2,132,31919,182c967a3daf48021f6b94e66d9324b9fba50c35daaa6dabc076c3d1e8cfa1f1,0,2,True,True,2,119,31978,c1d2056f05603a4d9404c3210fe2ab0c28072b4154fd0ae746363a295b3dceb7,0,2
5d405d1904739790cf40dc5730fbe646318871fee7d332677b13d1342d0e2d88,721f44fc5f25c12c2ab5dd011a768aa3ce5e809d046ebeb984d087bd2f214425,conv-48,63,other,True,2,True,True,2,75,15956,840cc0c751e3c29e4c9600d08dc099c545815c546d7c174d55eed4c5b3d2229c,0,2,True,True,2,73,15926,d6605a6563854050f880a0e457cc0334284124cca2ae016740cd9510de041caa,0,2,True,True,2,66,15989,130bea6d408d7d29188c42e4835437337250397d00894b24c0703c68c61e9d67,0,2,True,True,2,137,31978,54e80d5c552daed55fd94afed32eb8a4e7eeb8806629fa32d65e60e9f2838bb4,0,2,True,True,2,138,31971,1f888bdbb3071db6bbfbff41548327502341e453b0eb3861b31d5b19ee2aa1ee,0,2,True,True,2,124,31979,32be08312056b53436fd77bc88ff40dcf7899c7cdd2fbe885b8f9349b763d0b7,0,2
5f397ab6d2e384247ae8aabeaf66486459a516a9f27f3038a2e32f7eaf2c58da,638b9bbf08d7adf2d883f74549e7610e4f80c896776079688bce3692a4b69220,conv-48,64,other,True,2,True,True,2,73,15927,1b97ae97759bf7c2be5ca8000b5e8b447dd12eae7871579697a8fe3679586740,0,2,True,True,2,72,15972,dfc2390ad5716ca2b4213eb6c6254fe1cd3e4995e1fe8498f4bb9540b1f61a46,0,2,True,True,2,66,15923,4dba6d8a7dd94cb7be2cf67ece1182e7f5ef53ca29776372370e59db32d7f3b9,0,2,True,True,2,138,31978,d2c4bf2d345e53f0809766a9cc152b0d3b8a1e1a351c18df3b070030fb73f882,0,2,True,True,2,139,31996,abe51c7112eca29d0330c22d4d205ca0547eef5855663eae72d3fbb07e64030a,0,2,True,True,2,123,31992,0f795ef86be5c8e3f6ebc7e127faa00d75c8dd5918b021fc5f85b11a7bff650d,0,2
b78a12a25cfb6b9ac84a9c18d16c241bb375cc0e9bc27e3c808a9094595734ff,f4c1930151023875f2ef287c88fa0a7746748b6ba0e041e437e348bc484900a5,conv-48,65,targeted,True,1,True,True,1,64,15978,ec8d727c202714cd601a365553203c29423d1daa147b0e1d31e6c600eb789d2b,0,1,True,True,1,62,15958,c54af6f1f0096ca288046403090f66531675caf6af210f188bfa417eadd8760f,0,1,True,True,1,62,15990,edd6c04b26faa028b5c0f6c539b775f7b126cd47954d7040720be17e78d018d9,0,1,True,True,1,116,31985,13e5faa03afd05af6686e6b195bea8403bd1f7dc0c97da8df5213e3a8045ade0,0,1,True,True,1,120,32000,72160b123a06c03098fc7d2e2eb9a8640455ba21e6706d311de548cd60a89fb7,0,1,True,True,1,112,31988,60e1c5023a526ca7aa4d52bb438366c15caca55a0b29f0d24c165b2a04a34017,0,1
ee4ff51cd513870201c13bd8c2e4fdbce236cbb8940a2f1e905977ef9e0123dc,de71029fd205b382b8d4a1cd8189bd4a6432465490806c012dc4460af64da7b0,conv-48,66,targeted,True,1,True,True,1,59,15976,ac49f724fb745a9c08aebf7c48735d305aed2663e5f476fe0a5abdb902018abb,0,1,True,True,1,60,15975,3991de42b6800aa9b79f7c27bd7741d45d03891883f88d75498c83251d792b87,0,1,True,True,1,58,15969,66a29dca4e91b4907c85ea8f482b9122c6cb6b1ad1e42bbdefef162d8742ca50,0,1,True,True,1,120,31996,0a8d197992f0a67246d0d136bfe5d350f9622dda1e30006b9fecb098fa213393,0,1,True,True,1,121,31915,21c900938974c7668d646ee351b422cb73632803d2198f44812111bc4c9d57bd,0,1,True,True,1,109,31978,7e123c7d6e987dc772d5a66ffe203f10e70fcf930e839801321bed092fe728cd,0,1
55664f657c508709ca79206283e8c695afbbb1b7de29717bf35fb9c8c0c01300,10804c42e567a4a5e38a4f1647cec606338218564fb5ea24b7bddcb17b3774f7,conv-48,67,other,True,4,False,True,3,61,15978,141a6c3369725007c71f8d0bf34b555af2a0fc371a05705f49289009d071d696,0,3,False,True,3,60,15990,017f05a9097fac61c2f3498e188349488837fcfa556bf7297c8a4d7707bb6948,0,3,False,True,3,60,15992,9d6e3a9500f12d9f033efa313cfc7bf689bbddf248baac64af2a15cf6ca69140,0,3,False,True,3,119,31977,2d806d9f2cc31ec243b8c0a133f2115d1a26b4dfd8154d6fb17dd405e3604b90,0,3,False,True,3,120,31999,589e646dc8a15dff3e16e418808ca8233b843dfb4a760e73a5c9946763bbb544,0,3,False,True,3,110,31982,943844b89f7b01d4733f54530d289d05b54cecc893e18b629ff803675312c1ea,0,3
81f5249c34eb53b18aed9573cc48c828c653e370a934c58f612353be50852abd,72d65eaf7b5ea331577f3eed8206cdc5b280597e9a250382a70f2c6e9bfc93cc,conv-48,68,targeted,True,1,True,True,1,63,15922,a40c38981708cd37d1cf6801d2f33aa2b270788de0b41b89157b63e77b87bfd2,0,1,True,True,1,64,15998,f77fde7d621fb8c3f08d0e60d8b65766bbb1938f37c9f6d6a02aee8de2fef0f9,0,1,True,True,1,60,15994,18127829eca98f31554b49a770bd75e2e603f218fc768717fbcfb6c5248d8205,0,1,True,True,1,126,31920,343cb9bb6707ffdc3c01c09458d64c7d3caac9d1e1df52ef5f917d781714d471,0,1,True,True,1,128,31987,3896eacb0b09ddbcfd201616584a2a12025821085c59ad5c77bf82be9744341c,0,1,True,True,1,115,31991,a38903506955e33fa59c942543fe7d5d695d033ae869df261795bb6262ca2a5d,0,1
eeea5cbeb067c16d59c1804b11ff5ad24d20bed687e51ffafbee784d32ad9ab7,c275baae88b284f4933dcea1aa8dad3c827e895051dc9ed05b3d387c5de275e5,conv-48,69,other,True,3,False,True,2,67,15927,b6024b93100b949fd02c7636a8b9a30d8d6e2d7f82119477b0da8c9d85b18133,0,2,False,True,2,70,15979,1b8f6bcb89516aad0d5fb1f19d36be6ce5fedf96cef3f2508af0a571751189a1,0,2,False,True,2,63,15986,4a96c8d8e3c041564006bc7c4c929e45234b48ced544222321534e2c693862dd,0,2,True,True,3,127,31927,1bc36165c8e304702a599c3f1c4a05ecb8d23d3ffbe1bde601994ef17411999f,0,3,True,True,3,128,31987,88f1c9f61ae8b15d7f68ac14e2144878643eea61f89cf84f86e394d761810eb6,1,2,False,True,2,117,31973,71854f3bd6d11a7e1a107a2a116dc6615aa4a36e83a69ecfd59de3252679b888,0,2
dff115ed86358c15297a6e6f7b59948250e668de6e0ada1251f6b257a7fc0936,9c55ad818a130b51fc2cf739b430f51acfbe416413372e825e90c489ea0157e6,conv-48,70,targeted,True,1,True,True,1,69,16000,81580532a0aa32f204af6797a348039a0b7cfc4df77f17ab173aa6d38768009c,0,1,True,True,1,72,15969,ab545b4012a3d737735e2058203ae4361b17c4f7dbdf383b72ef5c021b8bcd9b,0,1,True,True,1,67,15997,d4b3e59a89ae690d8d5ecb8c3b97a3c3acde57624440e22b2fb9bdf597697919,0,1,True,True,1,130,31989,4d78c45ef3a8d7ae6e7a2b1a876597cca280abe471e220ba425df75ec766ee0e,0,1,True,True,1,130,31976,df93f4af24a688eb0c99295a4d1c56eee2280080c00c73244ccbe27c0576fc08,0,1,True,True,1,119,31934,eb2a869e8043bd9995d6e669ac8a95f31dfde79a031714d3880f85ed21f18991,0,1
6ff29e4120e3c169b0693e098c970b2e40435c035a09c988840bb4f9cf8b77e6,fa5ec081b0d35aaf4731c5a6effcf47f6e4a2fd6c3a9ef976e4bba5b4d196828,conv-48,71,targeted,True,1,True,True,1,60,15952,c5ff72ba1002b13226d8859a8244d78f20380cf7c4f21135751e1fbfb8971843,0,1,True,True,1,63,15997,88c8784b66eb93cc59395959a4a5a19ccae2df72a4e760123abd5549b1704a7a,0,1,True,True,1,57,15979,3c26bc26434879460e7aec68e80d0ad165f8401f2dd8d2eb334ea6ced36b4459,0,1,True,True,1,121,31979,5111df3d76cc756e5704a28ff8379526e1c86506f045314ba1aa84a035d19bfb,0,1,True,True,1,122,31989,00a717c8d0e005c64bc79f1e8da1d9d8c778d4b4830ad71af91ec448d603bd4d,0,1,True,True,1,113,31997,b88b5a6d6f1ab83d87e1ef54e9d1d11b815ac2dedb2e088e8a036b9abcd8bd3f,0,1
55aa21c248c69bcae828c09a30ce29a7cbeb22439c90a6a508fd0a7f530f568b,1d19d6b606fae413b2a71fc86891b799926c25d6276a093d53537ff3033f9b62,conv-48,72,targeted,True,1,True,True,1,62,15995,b3917649af74b48f161addf993f10a84525fa7fb23f8f9c23f6c90b8101c1364,0,1,True,True,1,62,15998,1c1a899749fc9d56ea2cf044ea463f3ba9c4374ab2c1b518d4cf32922ddaf2ff,0,1,True,True,1,60,15979,4affe34a048de329cc95a9c7c2c3c585c263bee94665eb1dff9dc15f39ef09e5,0,1,True,True,1,125,31973,493f25206b387458909537b524fd3a9ab750dd249e9af217b09f0fb430d6fb54,0,1,True,True,1,126,31986,6c51137bfad7fb5aa82a04273a5c433a4710b45d3ab18a33fe046799f2435db4,0,1,True,True,1,110,31943,18bdf43696803d645a3d979bb05ec30ca3f596909f65fdfd6b1805c4c08d8fb5,0,1
3ee3ad4ccf64b58e3dae97b37f2f453d2de7f802a0216133f7605a6862020105,aa6f99d40f8e9d88477de7353e0c25c8c83f81dc17b456184ca4da03846d769d,conv-48,73,other,True,2,True,True,2,63,15919,3ce5fa0a6882c1fb86446263c285e28dbb76928b9f2a6393ae07a6ec4eb8b3c2,0,2,True,True,2,62,15996,9e1961b1aa7bf523327eff0f304d0930842172cbf683e652a5ea02433aa33460,0,2,True,True,2,59,15997,19e13fb62b7252d4214176902f37288b72525b8ae61f2d60f76c4ea1ef18d6e4,0,2,True,True,2,121,31999,8b19848351c435b6d0969c25a14e7e435f2eb6927f068657d1f321a5f9164fa4,0,2,True,True,2,121,31990,d80e3f8eac0a3ad36180e7f8fb292891f9ea22de1e554beec2c818955783d76a,0,2,True,True,2,112,31958,5ad95c7524e3c65c804e6569c5432a6e9ba09ae20da6b6e99ebf0a642be7c336,0,2
36cab067f1b73b634e3e3aec253ed54e43c2f3fe090e3e0c0d6a6f4aeee6430b,2c3020362e9a67a3d9f1ab40468aaba78253d1e55adcf75d5b10dca9ccf64708,conv-48,74,other,True,2,True,True,2,71,15954,3e990e3377cb614bda03c3e15b4910e5293c44e44f2a357c3bc6be1871f1a5d8,0,2,True,True,2,72,15974,a621ba1bb34982f00720a1928929a85300ff72db1e6cbe45b2c9a1224954e331,0,2,True,True,2,65,15971,d8547c31919b57a01ea74e34a136acb8d9b28f4c1d8bbfcb04d31221335f7ee7,0,2,True,True,2,126,31969,621ce8570e1de277d974ed5a7711ee9e31b43fabdf39e02bbcf57325b1f389ee,0,2,True,True,2,127,31972,5758541f2bbd518ea8b6bc81b3acb74e4c34014bb8eb8fa4b265ff024d0c805c,0,2,True,True,2,121,31995,22f85ba41b9dedbac077e41c2784f059a473f25b19c29c6acc00484688d1869b,0,2
fdcab47ecb86760f28eae7e3a2323f8230e64b6ca3614544ae38b5cc6c7f41b9,13f9ea56e2a1719cea6eaa4bf8fe26b6e0b65bfb266ecac57cb8468bbec9a64e,conv-48,75,targeted,True,1,True,True,1,74,15974,dac4ae37bfef4eb03ad62a9d61ed8fd9a1373c44757d8761c461b4f5da32fcc4,0,1,True,True,1,73,15998,63e47efae34007ecec155362328acbdc5b4e2945971669006b13f55e2f952487,0,1,True,True,1,69,15993,550898f02ae475ab307459aa6ffca789d280e62e365f5cb057700d614131c472,0,1,True,True,1,133,31996,8144faef9ecd77e2c4b9c82021a14adeedb1d21e4d1593cb3b8fbd3063725769,0,1,True,True,1,135,31997,75d1af4835bd3cfa2218a8256c74dfd944b1c5c05ecdb11884ea82e3a22e8cc1,0,1,True,True,1,123,31916,49989342ce301be4be525f03fe1455e5b9de96dc812b30e8c0552919628eacfe,0,1
01d798d4fedbb0e66f1a66e2e00960a0ce4041963ef35e1a216c4ddac828cdbf,cb29c31cc4360aa58af1ccb5a49ce5b1c1e78a062929f8af867832812067c127,conv-48,76,targeted,True,1,True,True,1,60,15974,e121981077953520667adf9e5848ad7ec299288a3fc22285a96fe6eea558f57f,0,1,True,True,1,62,15991,06774295dd9049174ea09b122288480a58444999db50cdcddb13ffdd70162ccb,0,1,True,True,1,57,15921,310b7ef913a1e2e094cb313c3d770787aa908a03111c6770a720fda14275ea95,0,1,True,True,1,120,31995,767924342c6ecaacf5667184b22ff163092d8c977c5262270e1d5a2c79dd4614,0,1,True,True,1,121,31990,5b6f514e13c7298ad840223d07527a5ee1345b7d950e0922da3208fa185a11f5,0,1,True,True,1,110,31984,39217aa0cac036550616aeb5187f0cfdc35cc7541b2397fe2c806f385fd4d922,0,1
2058a0e59bdf775c7cf7fc3b58c37204932f014ce598d1a7ef9a1f93d4a2eb7d,b5d5c46e07aec6a005f9433d6328d5eb58db1bf5cbd89ceecc034977d4a7d8c8,conv-48,77,other,True,2,True,True,2,61,15968,292c087fa888e67adf8e61cc6f8ce6becfed7fbba270d02e1e016e5d50d32dc8,0,2,True,True,2,64,15982,f3ff6d142b91f28930ac99ca1ad2b1b337328a1918e09652c357189103d5b793,1,1,False,True,1,62,15970,f740013a065756a3270ce83926cebb41c40b3a401e099ec5bcb015bd9b5c536d,0,1,True,True,2,123,31959,a5514e7ebdf02f28e2447bcc2f83de2cab6ccb19ef09a2aa2a32e7060e721614,0,2,True,True,2,125,31997,fc2dc7177e7bcae0b1026d5f415c7c06f7c4f1f83e66385e84d2493557bfda45,0,2,True,True,2,112,31972,e5a8331ac3a21ce1bac7a8dc3a2a19f9172eba5b7efb8007e36b658006708402,0,2
b31636a123e150efaf696ef9d70ec901b0ca84d19a7cefa8f9cf805b066762f9,47d81afba1c34dc8af6a4ef0a4abd77e5b4f6a72695cf7fc4c4348496170b858,conv-48,78,targeted,True,1,False,False,0,56,15995,6ed90e17725882e0aa542951f511dfbcc5c827f3c396963122c17b358d49eed6,0,0,False,False,0,56,15985,5b90d59708a3d76b43255a3605254fbe95b437ad0fd25f0f37d0c5fa2f1059d4,0,0,False,False,0,55,15988,94cb6b9abbfc75600c686680590023dc3ff09ed129bff271d0855a881788c9f5,0,0,False,False,0,116,31932,7ea83797da84c3362bf33392328a8a6d1fe7919516064914740f260ca34d2c86,0,0,False,False,0,117,31947,6e1917d4a10a282faa17968a1b5d4bfa11fbd373a7c77976bdaa2b43312f9b7f,0,0,False,False,0,108,31943,dde04bf36e9f8e4f0c7ef7aa328fbde7b47339e293827d2db227da0c544a8275,0,0
b53687f7d91afe03d49150dbce90e997e63ae3ec1259b88896607069aa1fb5dc,d7dfde90f8ae6bdadcfdcf01d2c175e95da0753ea0e7527a6169bc884a449e3f,conv-48,79,other,True,2,True,True,2,66,15981,399603192d263921441cb432934db112941ced285678b10be4704cbd86a3282d,0,2,True,True,2,65,15915,53f5f6395e8a4675b0ebb53a04edca275f057a0c8bc71af9252c2e2338b5ea00,0,2,True,True,2,61,15927,f6f26a89e9dcffddc426f2f0cf1a6d4e35741b3ec9f9922b2e145866be47266b,0,2,True,True,2,130,31975,030e1e3e8460014b844c9bc3690b5b8d842d1072b5289a4ff1516c4934c40458,0,2,True,True,2,130,31975,4ddfe0a94a1d820d6d22cef53eb79ada8ea244d6ad1b6b55d69e855e5103aad5,0,2,True,True,2,118,31930,ef52dbe1402e7d2111b0a696ee125967fce001c28805ba85c28fd7950b7400ba,0,2
be0eadd72188fa433073a005b0e5a461b66bf47b78e3529542bc21612a498b79,ced999718febaa67e53e5bdfcb0f84fae6e6a0f984aaaa5b790e4c5de53ce37c,conv-48,80,other,True,3,True,True,3,67,15967,8c84cd5837640be3337fadff3033ee30e402319c65f9eb67a1e64b3bf79c4287,0,3,True,True,3,67,16000,28951487b4dcbcd9b397396b229224e519549e53fd1ff13b70b4046a9f3e3140,0,3,True,True,3,62,15999,f47cb06aa9266e8c0642b1fcacdbb0f1f802dd8d36b919263b9907b9178c2c86,0,3,True,True,3,124,31981,54b7beaf5a22c8e95044061d1aba59376b6eaa855bf7ac22b55a294fc957431e,0,3,True,True,3,126,31913,74f359aa19017354d5bb0f23217ba9fe7f72afb93ce53e6b27e720ab724761ac,0,3,True,True,3,117,31911,c9d01eafbb4678338738253cae0eecf3c2a820b330cbf59feb1b97c38755aa2c,0,3
991198876cb39c1f9089c3ac33413787dd4530de94e568b70fc19fbb1fb9a741,e9b6f8360ef9f8f0234150a37c120a5b4801080f38789b65f9c380a24b4ed381,conv-48,81,targeted,True,1,True,True,1,68,15966,154e29b6ac927cf9b09bfe33cf59ed33b81c0216c0a5ba602e70885796fea9c5,0,1,True,True,1,69,15985,3a89b1d926702c40073f097bdbf1612aadfbcfe3bbef82ebda94cc2e86ee1680,0,1,True,True,1,62,15991,7b5b72ec82111cdeed20194dafd9100e34a970c34fbaa63f6cf14a75d4286ced,0,1,True,True,1,126,31940,501310deab151e9d58514d1b96b4517531d9ffc9d75eeee9b3854460b6d1691a,0,1,True,True,1,128,31990,6113e777f2f5953438f9a8680b6a62aa4c2fdd3236959ebdb60da45881d62cd8,0,1,True,True,1,119,31984,cdbdaccb3ebdd6119c17c05dc52bc4eb0ecef45302bc286dd3fe280a0e413a03,0,1
a69f4529c31f2dc4689030fc26c93a5a4a8c027fe0d276293e2b45d4838d2516,d349c4f997c60cdf4872e0b34b084ac62bfecbc350bdaa777469602b513b5b5f,conv-48,82,breadth,True,5,False,True,4,50,15935,1c839e5ef069820e4ab96cf9e97271781d668c2a05c2ce79383bab52bbea0bd6,0,4,False,True,4,53,15978,1130c01499cc36774c1cac4512899d8d554057afcb541b424fda5ceb6b55b1d4,1,3,False,True,3,57,15981,c5b1bcd1c0133a3ec140dfd1029fa53c1bf9d6cea89d5a7cbf3b951fe0581dc6,0,3,True,True,5,107,31938,159398262922f0c80b75f5b53ab440ae10fd1e981ec6d708b1218275803fe261,0,5,True,True,5,109,31960,e75279067d49bf720064538b9ba15ada723cb1058687535744dfddb19f198a72,1,4,False,True,4,103,31987,305ecf6c3fe23f47de5e8986c87d2e7f6c9cf94a5c7ea9e365442b1be3963d10,0,4
a8846dfb7b53b4d17bd3f91643fec8a4caa179d75b23e592b7fd39e2fa994120,d812a042560ac675743adbace77b9b65b5a2493b43b78687a6ca1bc4ec6fd869,conv-48,83,other,True,2,True,True,2,49,15985,74a4cb8227908c52601513b21c6455c1a5c8347acf11d0421d653792df9b8226,0,2,True,True,2,51,15972,b6d52c76bb4cdd762ec7208088880cec41f1305901d34fd7afe316c04b0b43c4,0,2,True,True,2,55,15978,edcba05e7c5bd92d19a797c75e2a3a1e7b5e22fe6329c1837670b2255fba39c0,0,2,True,True,2,104,31983,09bcddb6c2699397b8736f3c65ce1c3524faab827d56251fedc500bf23def924,0,2,True,True,2,103,31976,fb0840ddd53469ba005436a3fefa754cb4e5b554fc25f8997f7e2a88f1380877,0,2,True,True,2,100,31923,e5f0672b9d048e66bc4e1f8970b3d4ad9a471211d630d27a06a4510e4bfe39e6,0,2
a305a7e66c167552f14c1004eedfff22c4f8ece634dbced49957161575e21e54,c7e095c9ee2803e43fac69a0cd000b32976b88ce9c73396c40786328991c11b1,conv-48,84,breadth,True,5,True,True,5,45,15917,e48c5f81a1f243c3de7b92f95533db8bfe1fa2ec0de1f295121ca1bb61b39595,0,5,True,True,5,49,15996,ebb1f15e68f068799e47ac80cd3cdda495cf9d27f55c2dc842d795c6bcc5c5c2,1,4,False,True,4,51,15999,0f7eb10bcb22c41a9e0df848fca2928ddb5f2bb5f837bca2de60406956fab44e,0,4,True,True,5,110,31978,8fd20fbc58964af89339614713eff689658ad979f145da4857c05bc68729a330,0,5,True,True,5,110,31995,d0238d0d75c318c8941802c6791e175a0c733474fcf6ebdc570fd18e8d034154,0,5,True,True,5,99,31982,31f7b6ae254b7be3fde3ff9f23731aeeea6e30023c5452260612204d3b9a0fdc,0,5
ccedc1740d69f02b9084c67fcac41fd82216a913b52c9525eed1362f3487ba51,a6f489b401756b3d3efa41ded23bbae5b8dc6f6cff0616de5241bce5ca96d688,conv-48,85,other,True,3,True,True,3,55,15943,f780a74f3d6b5ef4ee32bf5cd71a93f036f7f1c8ea7fce915a0870e32c07029a,0,3,True,True,3,56,15936,21de71ed1caf987e7cee20ef385b1623df51149e2b8b658fb0b9ed3951702896,1,2,False,True,2,53,15943,daede320f8144320eada1c33ef7810e55c10a903bf6ec359a63fa9bd2942c450,0,2,True,True,3,120,31989,291a4b3e7f51f02922702a86f999e26350b5ac57d00cac8082ea7ca4751b4ce6,0,3,True,True,3,121,31988,1026ca598c6349278b1c81615ba1ab55fb1663eb4768d49e071f297b37eb0f9c,0,3,True,True,3,109,31933,6c911603273eb149d865dbf5f61f34949f4a7a64f8660d631982007c03a9163f,0,3
2b1e35b15bbd9a4e02bad807eec960e1e5609774a2683714b065fcfeeb375e18,2a0bf07b03a3989dd63380485ef47e11c8fa5e916c24d5a0af69569bb7595fcc,conv-48,86,breadth,True,5,False,True,2,70,15959,ccd29d5ee7497da86ffa962479bb9920865faa962b75e767c62243559d9b3601,0,2,False,True,2,71,15977,86937ebd3ad2fd0a530966fecbaa68e62c795a2764c91867b7506412b5ad24b1,1,1,False,True,1,67,15948,485b84c8bc52c7d85038feb6dc6ad8ff26e195378b9203f6f594a728bece98df,0,1,False,True,3,123,31965,bf2f9fe9884e3152d503710015eded4c70e4cf641cf497d17279a598bff455ac,0,3,False,True,3,125,31969,1fb3f25a892ccb7ec0be37a14394bb1120bc1176753ccc4ccc2478a45922bccb,1,2,False,True,2,119,31938,5dd9f94dcf76c780282912550f06992c7ca357fa22ed6803d7ae2cd56f46f83a,0,2
1de52f9598e4c63960c1b10a810972709e0ad4bbaa6f355955927bfee31389f3,55c2a57a291b9d4e3934dbdb4f929bc759be42891cd003421350613b5defd785,conv-48,87,other,True,2,True,True,2,65,15970,ef3172c1ea24ce335c0b5a3fa94454c3fe9f6d88b594b75f8345598dc141574f,0,2,True,True,2,65,15970,3a5dd6a6e6eaf75a9c56229906d66ce1b1b7ddb2f525a26cbf1d87af783aba65,1,1,True,True,2,61,15951,466efe90e47dcaa6ad7136af631c1f55489bd8d5740f37ea7a3b5ec3371ca868,1,1,True,True,2,127,31998,461385076735f1a86d1b7905c2f8d3b584583cd6c908d3d845d01dfca3b1799b,0,2,True,True,2,128,31985,9aa3e3e192a15a9bdce7c2905e56e726d555592424491dcc9881f64d734455ff,0,2,True,True,2,116,31966,56e827b0738fa15b1c192dcd1f0f63ac2a13e4fa903349b1c6eafc5300b269af,0,2
0aa830301070cb834d589597216ffce60713485157fb88cf07c32e7f26249437,0880ebfc9a329939eff6f55bb1e8b976bb60a2e61b661fa9caf0963f79995cca,conv-48,88,breadth,True,5,False,True,2,49,15972,55b793bc2ce6d3a9cdb6db695cc463254758b7acc9e52b1a7b0815969d872718,0,2,False,True,1,50,15993,b862d815cc3cc6fe718401e3bb8ca575c17c2ffbf123fb6e2740c66fb0400f7e,0,1,False,True,1,54,15993,0b3c3843be848f0284239277713cde28dc38daba1f393afc6517be7369329c8b,0,1,False,True,4,104,31973,6d0fce34ed024c2021a875aa10a84417795073fd454a41243026051bbcdf0daf,0,4,False,True,4,104,31996,c1cf358a0a0044226a461c2a956ae07a88447d189bd509dd5963ac0d2a604d02,2,2,False,True,3,102,31997,19dc0b310b02f308b01355d2b31beab36e6e259f84b1a570e2a95adca6d5d2c3,1,2
15fa816c97b214738c3701ed2127d8ea75fc81bf69cc50a272be5b059e6a6f4f,058b3624e1f15c5a6ec54b98139bf5c6248edb831ab06f0c17acf6b47a46a39c,conv-48,100,targeted,True,1,True,True,1,55,15927,845ac88cd9f58786e2f4d00354aa0a2ab193e45a8a2eb7db833885b80554b6fc,0,1,True,True,1,55,15928,145c7cedd28a01325d180930206e4502189a75a28ea02bf769f0ccdd3deed04c,0,1,True,True,1,57,15991,7169037c3b6cad7ab95ce94fa53faec61320654f69cbb54575a532086a47bbcc,0,1,True,True,1,113,31993,f726c6aca92443dc346e58310702a9e3cb5cece2c583e5a397c355fbfe38f946,0,1,True,True,1,115,31979,589a314b84043259bbc8109761195467c2f6c6be9a73450bda1d474cecb7961b,0,1,True,True,1,107,31975,214e7b413e77b5d8f76fd1190e88ce9b72d4195b0fa82cfd21e562bd36d2da74,0,1
09c3b1833d7cc23d7f493a3d37516069fc7d4cc5f4517c94b80bff9256c61566,05d213562716c463f399b7c3ebdf094dd52c91362b9c94bd805cf880b543b06e,conv-48,101,targeted,True,1,True,True,1,66,15951,00fc946068d9e3a7c8317c19b6a65bc230f70538ec59cc0325c1bd1d42025925,0,1,True,True,1,66,15998,6b3d6acc115a63e1972dc71ada9533becd9e3cf40860e975d4d1c144ba24d31c,0,1,True,True,1,61,15988,4afd280e419f1e6adb195f70c94602e1325acc1a559e5eefaf5fddbbcce5d511,0,1,True,True,1,127,31974,9ca91e8a91eaa69e6381dab91c9d3b587c8fe040bb73fd1abf0e2f634fe5355c,0,1,True,True,1,127,31982,cade4d26d0e082e09494caddd464b6f616154a5c2f2059740353b597d91be6f0,0,1,True,True,1,115,31983,31d40003ef01f3fed06cfaf569f367f798f7271bcd2163ead984d3c8d28ff54d,0,1
26bca3298fa62beb98454e530cc51f8243b8c01d24b76c8c48caeba88e168996,8db8a358d865817512dbcbb4809729746b4e951ba944bca654ebca8296d10b1e,conv-48,102,targeted,True,1,True,True,1,51,15985,1fbfe9b521a0024b82b4e9e433da2b0c9dc1de78cf3a5a6b4721893487382b6b,0,1,True,True,1,55,15968,de432d1f2e7964c2374821d1caf724715991aa80334492993ed2a4c32d749ac2,0,1,True,True,1,56,15977,f4351858eb96ee9638acb71b3ccc73d028645898af793afd882329a882bce5c2,0,1,True,True,1,114,31993,a4de2bce386a49f9c0254b1ee11b052414e006ba28ec169672d6290432f958e0,0,1,True,True,1,115,31930,4463f89ef6f4cedd6a676d639e20a6ee886b7c5d3e64538365494e618b24db89,0,1,True,True,1,104,31999,db72d9fb15bf951989da5361d5a0824ce54bbce3ac44dacac928504828a45e64,0,1
c13830ea5c41826620525686398465fb8b7cdf279368441dbeeb7d4497c667f9,0314eaabd4eb113f1fb535cce9424ad607f91f94756b51eb2c73138674a9b3e3,conv-48,103,targeted,True,1,True,True,1,65,15929,1cd11df2b0f82c00c9e690471fd9ea1a101659e020a1818f8b7d6ee9156502a5,0,1,True,True,1,64,15927,3961944e462a20e601bad27ef78624e771d9ba76f9ad670d9e2783e41e5c639d,0,1,True,True,1,64,15940,41d8723d9f4f29aeac66cec6e4c046e2f2416271b22ccc1b2cc1bfafae62e99a,0,1,True,True,1,127,31996,78e1196f2adab620108686eefb2e9267e9ac677636dd9b27570b5582aa12d440,0,1,True,True,1,128,31994,4ace6561a8273a46fe0387e665e558a6f227a866117777592b4f25915ff0df84,0,1,True,True,1,117,31988,3e3b63007c041ad11d645e7c4471549018d27a62a608e16ec073e460b09e1684,0,1
f49c08da76a075098039d45512c94be141c9ad7a05a34e25a519efab70190d19,a45f826e176709eb472429f131254d05836715c3f0c9493b21008f77cbf35c18,conv-48,104,targeted,True,1,True,True,1,55,15956,7ec81b435b9497657378be66a93720baaa899c60bf4b395a417dc704c2132d79,0,1,True,True,1,55,15919,21119d07c8e171fb4fbec317742afb5e1e37e823eead99ae8f09a5a57a29cd48,0,1,True,True,1,55,15930,bfcb59402d070e3d5b439c20e46452926e4033eff404125c93626172b1890f7e,0,1,True,True,1,114,31965,421f220428b6efde2a03247d63cb281b9cc02070860c222feb45a8604528eb39,0,1,True,True,1,115,31995,746cb06f34d54ef5ea11ae94245314bd4125c3f55bece3aac235edf995f24829,0,1,True,True,1,107,31995,de9773a14d6432a960509d948dbac4e9aa08a4aba97a255db085f28ae2ab5e0b,0,1
e45f8f784f2ceb5f959f05d4ef90c142f2214de2f0208040abd6825d15dfe441,f80937bdb326caafcb284c40dbc2c913145f15eaeb0de44cf86112d84cb4ef55,conv-48,105,targeted,True,1,True,True,1,61,15977,a989cd03c3c3070ed947f7130c946e025b8763c2c08a5c2b1d1e57ba2875e2ce,0,1,True,True,1,59,15917,082ae748d3b101674bfa39aa3fd1f0b07d7975735e9a7afa9fd875acf8bc3511,0,1,True,True,1,57,15983,a9884046b12cd5926202917427666b3bb22dd243d1f337cf57b1513519127887,0,1,True,True,1,116,31923,ed26762a64e8b56f5b874f64c8bb816d85199371e42924106c7a9d048854a5b1,0,1,True,True,1,116,31988,309670084bb825acbdc63f5619ba41682a11485e2c4049de8d8edd21147fcc61,0,1,True,True,1,111,31994,edc55ccebe2c42655992a27eb9b3f5d36e6c0ae8653c330d31942eb885a4a306,0,1
3b40260ee02035532bc6123c90cb9674dac2526cd7ae1512c727e2ad00a17764,73100a767e9775dac0d73291d60b3a677a1b08aa53efa21e076241ee42159607,conv-48,106,targeted,True,1,False,False,0,67,15929,c0c528cf9b3a2cc0653cb664d8c799084d069a25133e7b13cf23dcfccd077ad4,0,0,False,False,0,67,15977,c804f697c77107541b80a82e3f35804c0d4c2cf5fb861aa36fe481a90bebc7d4,0,0,False,False,0,62,15981,2c8be1a11e7eace5f537aca7c7c2fcc7451d9c27981f5f8677bfc376b1f004eb,0,0,False,False,0,125,31918,fe0080757bdae322222e7c0d38c6f2fd06606c2794543587764a2c601f11a888,0,0,False,False,0,126,31974,35ef82b061f8d9d727161d4286589d703d5e6a4b966ab03c29a8b0cd10ce7397,0,0,True,True,1,115,31997,daac0314921f0e5b281777cdf305792abea93e59a3caf7dd0109e2c3899a36af,1,0
bef7e8f867f531a1cfadafcf497d9c7b912c8fcb4d66f22d538832b408eadc9c,5128444f6531acde0b0ce44f9abe7efb3effef0c1dc329ea0abbb9c1d16dfb1a,conv-48,107,targeted,True,1,True,True,1,60,15961,e9a4789234619845920a2b91e49d3e04842736f20469ffd5dfb771d88149627d,0,1,True,True,1,60,15977,84f9edc8c9b59d292ba369750ebdfef67834ba0f2f38539330799cce68ae2842,0,1,True,True,1,55,15992,f2fdf247d412f205435f11a4c3a04e44a3b9c985ccdc2ddfbd74ffeeaaf5f7cb,0,1,True,True,1,118,31984,0692ba72a024fae6a5b240eefe70ac173b0486d7a0dd6ab39c9a5ae947049d34,0,1,True,True,1,119,31993,a9977e406f12a6db45f7ef77212e2bdb4ab0e8b855b8b5bd5dcd8d5d780031b9,0,1,True,True,1,111,31992,e33223db412b73534869e854aee863a6468a2607834872f1dfa2934d2badd72c,0,1
369b7faf7ec147ed043654691af201b9c00ee1700aa7c9fbf07058c8308b4e81,b3a8c3d27a82d69c890bfb85446aa6e7e5bce3feeb0f054ca1503b89846c22cd,conv-48,108,targeted,True,1,True,True,1,53,15930,e3ef069a84a87c7672768eb010ee724e28d966dde9874b883c2143e8c6ee63a8,0,1,True,True,1,52,15919,f257369bad15594857e271a31c3fff8357b53119771ceffc41d7eae08b8780c1,0,1,True,True,1,54,15925,050982ac7e4460b99a00d5e18a147a9c02a1c349a848f4f34bd650c9b48c7195,0,1,True,True,1,114,31942,4e52d2e042daaa5f0e88983b49228e7e208e2983ff085015f37d8a4773eae8e8,0,1,True,True,1,115,31968,4e82807511fd7aa30a95251ea7d146f2e05fa5da56bb60e4f6910c51f0d4b966,0,1,True,True,1,105,31963,5f575a0bc6f9c44cfcc1b78fd067a9b34796a6ffbddfc92f97876d9f59e47ca2,0,1
e426318d990ba82b4cc4d7fa2471c4bcb8f12543a670dd9ae7129940f15c351a,0053d7037ceb5dbc06b7cac991ec1d19a7adb0603a943e32f6a5e491ec529989,conv-48,109,targeted,True,1,True,True,1,53,15952,e76121f59fcc8962b35ff620f485c9d5631d364560d33801050e2dec2b699cff,0,1,True,True,1,51,15948,53647de76e94f674be48fa4cce8f64e8d079b6aa28d7bceda946084adba52c9a,1,0,True,True,1,54,15969,6f70f893301dd806f428d3bd4ff43e6521a9216204f2c04512a64c8e5fdc4570,1,0,True,True,1,113,31992,e43a919bdfc980d00c4301780671ee1e10f9f1f5201f9d005bdc5c5ba77648c8,0,1,True,True,1,116,31942,927a94e2cc46044ee29dac56397700ae8c3218cffeace16515e47b4334108c87,0,1,True,True,1,104,31983,1e5980dd3ad11cd25a5709a3b79eb83cb629ad76441443fcb85dacea11b3e618,0,1
3f7daf356aa794d079e69a95e54bb6fe31f2c42e2516a1f35789e6b1a962da6a,4861b4d8255ac1732e7fc27fb170f43c10e13554429c24f112a95813af9e81e4,conv-48,110,targeted,True,1,True,True,1,48,15993,2072d7c4f6afad6115256d1e14e52088c8c02a38d21a5222e2b93b3e297decb3,0,1,True,True,1,49,15947,deb65eccf021e3344a9c9fc90ef902fb91e6f22da41981a37d528ab25f82c1ed,0,1,True,True,1,54,15982,86bb435573af5706f1eb18785b94b399ed68578ba7f107c68711986198cfd792,0,1,True,True,1,105,31996,66ad798d23008fed85632f96e1a73502d20f12605ac63c650d33bd119d689c02,0,1,True,True,1,105,31917,3b04c781e2f322fc6eecbd88454788175ed11f6f321daf772d091f04b723420a,0,1,True,True,1,99,31927,847ecb9b8f821216f80503b6b6e06da239f1bc56a99fec2e24b0c805c02a9556,0,1
0f23ef8d799f06675376c7e11d6bc3407baf100129e354cd28509622047b07af,349267b58a07fee5176ca1bdce5af9326b65875650af40e35f4203981580b1f9,conv-48,111,targeted,True,1,True,True,1,52,15967,ca4cde0c744312b5f787b83aa5a708138836338ed365231dce7b0fc30f9ecb1b,0,1,True,True,1,52,15988,02f848cbb2e9d9eef543ca188c8ca879043872bd810bc985e8a95db7bbb2d272,0,1,True,True,1,54,15963,4c31ca5f05a617a9e860c34e4ec10e2557d12efc4bf45629853398cfd5d781de,0,1,True,True,1,110,31968,7251b39c241d0f52145d552a3806ebcd108b0a7871cb53bb361e3eddd7755f19,0,1,True,True,1,110,31994,2e5891893723d23451d023277e1bca4449def6a6ead6ad11ed3b814be67f2199,0,1,True,True,1,103,31995,a10d14c84699558b6b58801f0c047397d8e79e6bff10f1bd07bc6f883e43f2b6,0,1
ffd0f86b4d561676f2d3f48c9c4f1a8183e12798f9a2233b442eee6af9d78f4b,afb90e775a77b30b31eb1b73d0aac96462d40d8b1c55a53de56876ca60726cbf,conv-48,112,targeted,True,1,True,True,1,60,15960,68b81fce6798253f1d48055b6e79f17c831ec070cb22b8b48a0b25377b7421aa,0,1,True,True,1,61,15966,63b56827245060042fd1c7b4796837851bcb1ca4e8e3ae1d31c4e8f54f827ac9,0,1,True,True,1,60,15999,2dc9e0c53b6b8fc32b477ea4209000a4a113da000573f27bea49ead6be2b5d71,0,1,True,True,1,119,31964,542528829bf0245dbb070c781c84f1b1fc29de0f3a0aababef46ac1a306ad580,0,1,True,True,1,120,31999,fbaeb379b5cf15a44dff3142cc48a7829155797a691c9f994628ecb9236c7bb6,0,1,True,True,1,114,31993,756c2ecab01f0934ffccf4d2b85aac26db55dadc49017cbd67913154ea6314bd,0,1
444bf90f093d281a24f09a498966f0b17a5576a5349bc6c3da79b42f0d6ba896,5680a611a356dfebda4555cc369ecaddfd942d3d4c3632592b27332185199311,conv-48,113,targeted,True,1,True,True,1,63,15920,146f0a37845be8b610f55c564775bcace5a5294b72190be25b3c17660b10dd45,0,1,True,True,1,65,15931,1d8643af4e3b7c7ad5542d42f63a47ca04f4a8eb0b189a9213429af47bb5d422,0,1,True,True,1,63,15924,da48d14cc343f35e54dfaeb7398385b952e51305f1e5a46486be3a9f68c5e9c2,0,1,True,True,1,125,31990,e194db7d790308b9203de0255836c72ecb6ffabbb448c8a41476a25b4c387f41,0,1,True,True,1,127,31984,6bf9e6023d1c580ac3e0d88ebbcee880e047946d12d8a849f8d1dd8b555d444a,0,1,True,True,1,113,31994,39fcd89665cad7d215146e7e73f38535d691e7c3c03bec4fe44d4c4654b34b91,0,1
d23b69cbaab2f9c57f96fa5c0ae07f9632dfd0fa8394c148aca8973e40ea74d2,6ed0f137b42fdf4a0d666a70700639028df5c66c5edcc51ef2980d5205154ff0,conv-48,114,targeted,True,1,True,True,1,63,16000,ba65d45c46e7bbef189c2f8675d0eb79ef61d4c30cca672d8a969fd9d5b97167,0,1,True,True,1,63,16000,94ce62f468e034ba36678486672fe97521cd2d863045085ab9880cdab6828a5f,0,1,True,True,1,61,15965,88bc3e0a52beb07503d07d7e058083d093602040e4e6aa6ec6464e5b11e1c548,0,1,True,True,1,125,31984,8baf9cf80985b82fdf63cea8d8eadb59654eea0fb6c342af1ba087fa816caeb9,0,1,True,True,1,127,31978,733ebeee1532d32bae18f92e9e62659a6fcee2251b97511c81f7b40b16dcbebc,0,1,True,True,1,113,31975,1035ef0e6fed585b9fa7dbcf6a1782b043b31f23ed2d6709bd13474674e432e8,0,1
849ba027bb271231d2deb5986e0bccdd2707fba990fffb7460d12a9ff0f96943,014a4e541b344b06c49d125528dd946ba1a549f34bb80711b87419bf3dcdd996,conv-48,115,targeted,True,1,True,True,1,55,15932,d9d8231e3453e1161a2be0510ad2ed1a9b7e6042809816f24d9700a1fde3d255,0,1,True,True,1,57,15978,f9d5514e5efc1a80ff0432cf0a9b4e8e78cc28a9a25212734da5d1cd5de94084,0,1,True,True,1,56,15994,0f0106941787541af0589dba5f92fd186bb7628f1bf8e37bd2938c3c7bd72dfc,0,1,True,True,1,116,31999,8d6e39528b51b2600e7355cbcc01a66e331bb7f461f32760943a7487bc74c2a3,0,1,True,True,1,116,31983,d7081e517b4734f657f75feb9891d3726747f71afea201ae0e15b0c802aea671,0,1,True,True,1,107,31941,ff9668ac23909cbee3799fa6601b16a6ae0e117eed3dc625a07bba7326fd7028,0,1
2e758daf35d89b4666f5be628ad52565178e7e160d761a02b87b26459d6d7582,88df7913e7b398e0f2398a16f548b911aa116620238e627bbee79c990f586c71,conv-48,116,targeted,True,1,True,True,1,56,15925,9e2744f6f616d26e2b03b4bdf0bf184f10ee1cb581c918cf57b8dc78f8675154,0,1,True,True,1,59,15972,1375557a836f25f76c495a583c4aec0b32b336f8fd127e1d518a5eb7080d2677,0,1,True,True,1,61,15999,7b40abe3f4bbcf76fb74d3deadb34bcdff1f4d7a60780e9f891361475ab0369d,0,1,True,True,1,111,32000,43a92735e8b580f053bdf6057218fe1e965ff9bc1cf31234bb5795da66728d15,0,1,True,True,1,110,31971,8d62983f57638c9094778c1d39ac6b41773671c998d7681c7e299d4dbd387e07,0,1,True,True,1,107,31994,86c064a58f0ab772727bd1c3cac379e1108c16214ca8991374e120624c6d903a,0,1
eedc4c72522c21ee5a0ef40ca4af0e9aaadeeb47279aac6e2ebaad3c78a4034d,9996eace78d6281175f00b84790c87edca2e1ff68fe94e99ce298c9a23609dc9,conv-48,117,targeted,True,1,True,True,1,62,15943,32904f2ea430de443b2313d88cbb9bb8249d1f315ac0a1bbff94b581cfbb4f08,0,1,True,True,1,63,15996,4612707a5f81fe4554cd2bb7a48aae8b1a0ac721fba67080669067e60be91f37,1,0,False,False,0,61,15992,64ce7069b0891828ad9be83fa1e2c0022e1de82745359b3103a74bbceb2121e2,0,0,True,True,1,123,31980,d32bb3ea5d31728d48f7587958894ee98648bcb28ac48023316197ee6bf0fe2d,0,1,True,True,1,125,31958,9a83c2fd1cd318d152ace2b95a5f7de2714bcbd7aa106272fc8140fd36ca8893,0,1,True,True,1,112,31972,0cac1d1fb7b776d2b1d6102196d2ea46a4b6007af2d6c88c9ceeef927346fd40,0,1
5f9768c512f138e9620c9d22bce8b0c6c8a1b2fb6d12282495de336bfdb8a200,bdad55eb40912f05ea83a3aa8482fe4d46cb521a56bd179dbfff1833332e4196,conv-48,118,targeted,True,1,True,True,1,67,15948,050db751cc32aaa421a75907d6c073e629d14d9d7adb46f55a38f23c10d3a9a1,0,1,True,True,1,67,15917,c8da4c5725e581ee7bd2c1a5f5e539a4dc1eae9359e317d96e45ed42a185b622,0,1,True,True,1,64,15985,7c9dbdd7f138835ade1744d5f21c0cac2455c02e0e5707601d04dcdbbf118ca2,0,1,True,True,1,128,31985,d56abd94e80d88471e21789c8fb45dde02c617bb48d1be5235b734cc714c2c72,0,1,True,True,1,130,31998,308dfea1b6e5c994d8d851f38e58fed8a5a6563e890f57fd2e649088b5d80619,0,1,True,True,1,117,31984,c06bd95ae939a5c8c73192f6e710dc25938a4c5366017f780f033e99521569cd,0,1
be8021eec6baedd6c251907a76e139ee1aceceb16e1ba4829b553855f678f1c7,81e6820389f100bb744d53674681ba99a1bf5c508a2491c5aeb4b67e23da4fa3,conv-48,119,targeted,True,1,True,True,1,59,15993,f515d65210c2331c7499190cfaa20d2deed10302ebb5ed76de279c2e3bbed5a6,0,1,True,True,1,61,15973,712e78fcd9081ad42c24090921b6311a19ab4fd4e01b37ae3937b34373e6c1ab,0,1,True,True,1,58,15976,83d20a2d68bf7559c022323f40166b2903e05730086b99233b25cebc26fd6426,0,1,True,True,1,117,31997,0676391e61fcbb2cb5e47aef967a611940e2ed714664791094f526725b9207bd,0,1,True,True,1,118,31940,a04c465cd41a2341229fc5eda2b878784d3cdb34b79d62ea6d2cafe81aad0a07,0,1,True,True,1,108,31932,6e181ec5029f00bdbb7a3009fe3f6ea0ffa985caee0bf56d429c087cda68ca95,0,1
5dd398edda04cd976acea320a56bff115c370c52810531067ee36a956b28c194,4b3c2b69d4e1bbb1301dfa07fef3b65f0192ff348f439bc73966c3fcd7da3dd1,conv-48,120,targeted,True,1,True,True,1,54,15981,ebb1184913d267b002a0a07ae2008e775bfd4790580f5bc513aee5cb98712cf6,0,1,True,True,1,58,15995,f5267fb824804b989c39a25b40b13cd709ad2d2fc4d113600933ab1e34fa9493,0,1,True,True,1,58,15987,9ffa011d4e6c954e79a65ecb60a4794a770a1d0a7a7bf06e16328ac4d751031b,0,1,True,True,1,112,31977,ee4f79679e5a82dc4967cf538e6983a8924d828bc8405c8b6df1a93becf146a8,0,1,True,True,1,114,31924,24e9734a7e453b4a32a0426b52e728c7b6617f2e72872b700d3238c410562725,0,1,True,True,1,106,31987,af822e839194d06b65703b2fda22483363df28ea307f83bfa52f99072bf695e2,0,1
02da44516e795eaa23d9d59061a19349bc0848507e078180352086568b6033e9,814ba2d4d92d6901ebf3644cd252d81d3935ca894b960a6cc868fd112928408b,conv-48,121,targeted,True,1,True,True,1,61,15977,ac9e269be7de22c7c65af04b37d26780dab85e76108bfab93aadabf46e2d21fb,0,1,True,True,1,62,15978,76fa6d2b6744c5ddbc7b7e5b4d676350169968caa89bc2fb1a568bb9611f158a,1,0,False,False,0,59,15985,239cdac2ed44d2c9fafcaf53c8973d6e87831a8574e9d30e798dd401901abaea,0,0,True,True,1,121,31934,22f262fff7400f2a62b8800db72b032c3b21250d9ae0c69912b4d9321c712072,0,1,True,True,1,123,31995,ac1a25133237aac2dfa2f00d941b39aef3f10d3d3f700b122645c552808e6b00,0,1,True,True,1,113,31968,4916ec1269c45854f1198f42b1ebc6bdfb5e4887bc8c75b345c2993962c2d6b6,0,1
98eed85cde018fcb705716e8c43bfe7b45ecf2049e732ec0c9119fa60c7296a2,463761abc77844ebe132821a9992485c2e3ede6e2da26d9a8e29c5408820516b,conv-48,122,targeted,True,1,True,True,1,60,15977,d961be54e414adec6026ca84f61bbdf86198b655ff0bc91fada9bebe9ae1b5c4,0,1,True,True,1,62,15991,3ed5d26df030a4e99a3cf203f98d60b3daadb0ee84af37a2773650ff70388767,0,1,True,True,1,59,15919,7b5dd1c4e0755b0270188fd0122364ecf67501572acfcf3721b7bab62c015090,0,1,True,True,1,116,31942,ede0d434e2b671476937fcd13c12dc5dca4d2b33bf46fce8de2a63a1dba305a4,0,1,True,True,1,120,31984,4240b7e23c296d7fe3ae2edbf89c764812cf2c73074ce38bdc29dfc12d0af5be,0,1,True,True,1,111,31996,a0f3905c3a10bc36e110df7937a7d852a39c9b5865af9ce9565128de40e3ee0a,0,1
5e1d79ee4cc7cef8cb3054ffd3625b7f15840e9b617edc76434184c83023851a,e024d9cb96974324442f496f8d7b1c9fceee215a90cd880834f0e61746d43802,conv-48,123,targeted,True,1,True,True,1,62,15985,6fafeb3a9919a21555128818adf291d4aa49b2c805a4f7a15b8c3928bcf86185,0,1,True,True,1,64,15996,4497bd77d711b60099c1020d4c387746bb4ac85a84a5e612ea013511e673738d,0,1,True,True,1,58,15923,f9f4e18e702ea87e871ef3ac49448fa52ece447e2ce1fb44306b6e2197da2640,0,1,True,True,1,117,31949,ba475b87c9fa6267e90187cbde3ca5d5262c15d8a43da4e2d11d10677debe639,0,1,True,True,1,119,31951,5f070ea823a5e5ce769ec08643cc6bf0cf245aeb98e16085725ad77429ab5912,0,1,True,True,1,111,31973,91b222831f027dde8adcaf81c2bb9d45c372f233ccdacb9f418b6a909dff7bca,0,1
5227bb5e16e43d0af93f7a719added80a4d003aa753f007b6b5af163ad0f8339,f0586d8b5683c6c06c731a30f75359c2a2aeb85cc1e52027d48a9e277aec80f7,conv-48,124,targeted,True,1,True,True,1,57,15989,a88a4be771149852e885d894cb318da5382b64b2156060857d1ebb3f2a34ab23,0,1,True,True,1,57,15997,fb2ba27dd29e61d33c88884ff4bb7fa786329d12cecee84bbcbb00802dcf7db6,0,1,True,True,1,58,15976,da6c6bead07dc40f3d3aa587e43b835b1ae84635656443219d9223ba893c47c7,0,1,True,True,1,111,31992,85a03f48ee4fe2314ee415240dd61b07d3eca5f6b588a40d0d90f5918ffce9ed,0,1,True,True,1,111,31934,c1a9aff912aecb003a5ddc7b8357ee976b0a8aa07f71822a46ba0b19d4e819dc,0,1,True,True,1,107,31962,c17ee679cde07bf2524cb82a7dfb10f137a3310a01054d8ac8ca81cfce2cf4b3,0,1
c9009ed7592da2e425d382f7508c1da46a5a57f4c917b1d9249a6e36e47d6e2b,8010dce098fa692af6756c04b16e1a5b3fafd4051d3da8f66aefc3c1534e90f3,conv-48,125,targeted,True,1,True,True,1,52,15994,3fe932bbef90173fc1cc54258c41a2efdd52a96cbdd100d1bc93503afba7f4b2,0,1,True,True,1,54,15976,4922946478b21d1e27d881b69a36b362859681156485a5c77c74a86f6a15fde5,0,1,True,True,1,57,15994,59afda95ff9b4b38a8bd3106ab191399af1edfacc0f1f2d846a2cd626ccd57ba,0,1,True,True,1,107,31962,023d28c375468f9ed319eb226d378650414a2add9f68eff52395e297e3c6758e,0,1,True,True,1,107,31962,16f81b2abcdaf508b5face8bb789b26beb713cb4f9c9549e684042bbe214900e,0,1,True,True,1,105,31963,e74f847a7b8c055567532010132179a75e6af2dd7e6db821f12277ae306e69ff,0,1
6977354b53a0b63d2b1e70688d5a58353fec0ddfe21b2128007329665a948b7e,29aea08cbe319f79c94726819f89b5cd8cc47b81a33131784b476fa33561f7ec,conv-48,126,targeted,True,1,True,True,1,52,15999,fe19cfb65a5abcc71c1d0e24308f330fbc33365c1aaeacd1e857e988fd871fff,0,1,True,True,1,53,15993,2c9179ceab72a56bb095a9a34405e46440b12f38f058ea629d5deabc641ef561,0,1,True,True,1,57,15995,1031fa7522388c9c0d530adf3e5fe8cc63b235cc0ada423dd34afba479ce37b0,0,1,True,True,1,106,31999,0175a813abcdecfdc14ba4f34d9dc544f5a21c99a84813e9041e59f23a7dc687,0,1,True,True,1,107,31938,8d8a9a32ace58fe11328380b6b507ed462837b61d6161a636d951d103a59f654,0,1,True,True,1,105,31941,f8f99559a99ecd25617fd1323791edbd4f0fdd1249db019368323b13c35d5cab,0,1
5d11c4a7209f5fe3d5a0c4c4c276de54b9c57e03177e6034b665bd9be60f6c84,6857c722b2c69bccb195260a357aa3cbd4c3f7ee03d994c84fe9f9bd62e61d39,conv-48,127,targeted,True,1,True,True,1,52,15984,1fb071fe52d5d767ccc3842c9b5c36e25deaf400e0fd1025e2eb769ebe13cbc9,0,1,True,True,1,55,15987,d276072a50b2a9907f7fafb780d003437b1da9ded61b3478d3a39d332f7a6cbc,0,1,True,True,1,56,15993,b5e54ee9f24129de4b4f47e79bbb53965a5cd8d85b79031410c90596405b9f10,0,1,True,True,1,105,31982,ccf63448fcc83e784949f87d56e587481da77db9a7d992da3899ad22fc5b8354,0,1,True,True,1,107,31998,3c7e510e82c92dfb160469b778cba5ee2d48a560981b70eb5bc80b49b230d2d4,0,1,True,True,1,105,31993,7b667a3472d9859e0db6f556f50d768de8bad8529e4ac40d2b3de2f06f0204eb,0,1
05151a6cc99a7fded37a52d3f27a60598e1b5d82314e4bf689a888be861881c8,3b6b7ddd10b83eea76c3e1ecaf5f569b907c3bfb9297cb6ffdb799c787459e2f,conv-48,128,targeted,True,1,True,True,1,58,15936,2b606dce90f84acd641d6ba59039463a05c68654d0a29fa68f44cec09a1d16f6,0,1,True,True,1,58,15974,bc81f7bdcee712f76e78973f13210cccc0a6020030862befbeb29cfb6970998f,0,1,True,True,1,56,15928,a7717a914328afeb22ce8da2a8d0e814997c88697e88f966a69107a63f6a47c6,0,1,True,True,1,112,31986,a07c3d8e28187919aa3145076a6fd3177fae58b96247db15ab264a44ef04c3dd,0,1,True,True,1,113,31966,6fddf5fa7f2956983ff76541fce12b5ef827925fecc95e998a7fc8ec0b749d00,0,1,True,True,1,110,31993,ff517f9b7b577366f4308c2d4e631d0ce263e0552b868d90abb3099e95f0b8e9,0,1
66477bbce4137a1edb70a86f120e7b596e397ebd4fd7256b736715b52414647f,cb1276c6fd67011cd949f10f6d849a1f6aaf8fe3703bb9a6dd77678e96d9f972,conv-48,129,targeted,True,1,True,True,1,66,15989,289e12dba7633d10837da06aeb16080bde49e990710ba8dbf926c62b42fa9e4e,0,1,True,True,1,66,15970,9ad279f291da181fb02019221219bbe82e02fb05d95ea594899864a6c4184bb9,0,1,True,True,1,65,15992,3ec23d9772123cadf266d1960cc22aa7b2279db4d7d408b1aa422dac537383dd,0,1,True,True,1,125,31938,578a26eebd324b4d3f03c7419b61e08afafa8637645087495bcc4ce36a45bf79,0,1,True,True,1,125,31938,46739bf4b592b3e06b733441c98437f398f3cb4c3209258c1ff5a6cadad9d936,0,1,True,True,1,118,31919,ecf50b02532379f54a566223e424e5f5732267875529b5f4e10d8b9615a4f4a5,0,1
7259cb53875af17a28d69eacc3fa0df40546bda45c3b46e53969c29cf5f3b30e,6d7197ae92acabdd1cf6d059ec127dccf8564c6cea8fbb5612f9b6954f301227,conv-48,130,targeted,True,1,True,True,1,55,15966,bed38d8fd6654447b91d4713032fa338e5522f5b1f1b84d695abb20ac2e370ab,0,1,True,True,1,59,15981,8db2a0a5062af8f0826af2171ca06aad59eb31ac0224e0a6380f472b94f220a3,0,1,True,True,1,58,15996,53528482c516a26db1f31a6a48bbd3f62c5c43a7f2582a3e9897e86e3903491f,0,1,True,True,1,112,31948,f01b3e7b790bd7905d394157867ec7b42b270a600125fbf95465b8afd5b1699f,0,1,True,True,1,113,31982,d5a86fe25b9737ab51c9d194f3a7590162466c0012287a4098852f2c0957c0d7,0,1,True,True,1,109,32000,ba13916e55d6554efd7cff0ff6a0c5b86b86be4b9e78175b5aad267736f295e0,0,1
32395b30caf6ea6bd1513c32566a004f68a28173c77778ab2fd0705028b43efd,fea5fe85b3928d4e3aeae266fbc0091c1f13f110b306bfc535ffac98243bc553,conv-48,131,targeted,True,1,False,False,0,63,15974,b8ec2363eb5c6e15a4d56ecf5b453cfd60a6df79ddf53bdfc35bad5252d9669a,0,0,False,False,0,62,15995,758e1199204c3bc7a357f669b072ad92b0b1b4c0642e73d6d8217b7f87f7b316,0,0,False,False,0,58,15981,07a7dbb727edac42eb5fd71f5e3a65228003940e4c54421c924bcec51b941e99,0,0,True,True,1,115,31916,3836e374d78f99201c27ca51618a2cf3dbd0748a78e69ff80fc9d6d388c8871c,0,1,True,True,1,115,31923,bb3ee04e5e3c84d7bd0da65aef4915a472f080329885ebd9814b4b1a3a3df590,1,0,True,True,1,115,31962,7d5f334b0f6cc995e5c96a1850ac302f47c8669c4c5ff2d396831170efa20dbb,1,0
b79f18de0d3661d6139d4dc8fe770e0148d23f0c9899e8f32ee5748a8760767b,1df9025c57830bdbfa11baee69d30b1e701993e43f99d664936641ad5eb528c3,conv-48,132,targeted,True,1,False,False,0,62,15958,a3f3442a00c0254a1025ed50911662c9e2fc7320e3259d1fee8fed90293b6e0a,0,0,False,False,0,63,15990,01634de15673d82d33dd8991ccaeb69c728e742ad985ad495de73bdf7e79b3ef,0,0,False,False,0,59,15978,9b0ee17c511f8217ed44bac91ac9ae4b556e577f98a0b587953bada1583631c2,0,0,False,False,0,122,31946,bf5cfade05fb35d976840c72deb5d885adb7bb126706b78e80d165d7a66f30ca,0,0,False,False,0,123,31993,81c83edde87cd442fba4d6213efe3b4d8473b500fc33d125bf337e7ff12622f9,0,0,True,True,1,112,31991,cdb83e27ba20697a907b23b8f9a71804c0a267eb567d1374a6cd5f96a9aa22a0,1,0
d21bd33beed4e65239edbb4046587c92e68d594ffe181e19e46640edf63c5195,1a0a7f3ddaf2c39b5a3c7ec973fd19ed280335b201a929e2dcc7c55319f99da5,conv-48,133,targeted,True,1,True,True,1,56,15961,1d28d614b1b93f6609870caf72d4c8eac51d4b80ed958fad23e5bdbfd88a03bd,0,1,True,True,1,57,15927,9864ad53fddade168c7eace0a5d11b02fece962245da00f0a8ede6f4695f251c,0,1,True,True,1,55,15947,79d75d90e9ffcc7260a2cb17791aca71b9935cd71f1e460c601390819cafbd83,0,1,True,True,1,118,31981,a2ffe160d9743fd2b2755a5304295f7a3173ed450a1392a6f41ebeaf92e1ce72,0,1,True,True,1,119,31977,bb27e694e4ab49894c81d48c175827a21905119a548a65f8203eff78c010fc35,0,1,True,True,1,106,32000,bbb8c753fd04f9082100fcc97d1a8e0b07420d5df852a687ef216ab46cb31691,0,1
b1604fd0d51110db439aafde1d74427226069915482cd8ad7145282204060074,806bc88920cc521ab59ae19d2f5bfab7a974fe0ef1eec3a3be4d2312a9b014bb,conv-48,134,targeted,True,1,True,True,1,68,15921,36e795021c36e5320a60f15b5b9b1a83e946c8ca28f7e9f5e8fd90a20bb655e9,0,1,True,True,1,69,15951,8da7971a6b132ab085b00ba84301fa2a62effd3902b1bcf616154ae3d39223bb,0,1,True,True,1,61,15993,acdbbb56f5a914fae77058ca416b11b7576fb3e108e35d981bbd68e571b240a8,0,1,True,True,1,131,31992,9a969633cba838a90e209aca960834ab495acbbac97a05b49f15bd62ac1a991c,0,1,True,True,1,133,31997,ee4c7f6676f551a6dac7efe46fab6fe30e9a303128b4c0a096420078a05ba906,0,1,True,True,1,117,31992,aaf272684adbeaee18af03921f686f1b2c88085064b0659b6df71aee6cabaa6f,0,1
28d6c8aa7e1c9e36c622ef76e6ce8b1605ce312fd5217816d862881cd61ca650,2b053de0740f95b7969dba48db35b1c158c48bdfc8014c481bfd0a235660b71c,conv-48,135,targeted,True,1,True,True,1,63,15934,829827db4133c6f85a8143ba9481bd8256f6ebb6726c2dcac779bf904f6bdd21,0,1,True,True,1,63,15995,3d98b0cd8908d311b5a920e4b7312853f0fef80ac4866350120aed75547bd7cd,1,0,True,True,1,60,15923,f265f6e00107adb3693c8b2022c76f2932abdd73e12fcc958d90b9333622f371,1,0,True,True,1,123,31962,97cac34ea90b9ec34203e8f4ba999ebd356c45e9e9edc009663cb36e140d78b5,0,1,True,True,1,123,31989,38be11cc3751c95448359816835c7b89ddeaee178097d3b8e2e9efc0e3a2ae09,0,1,True,True,1,113,31964,10397175c9028e6d8b9bcec074385ea74239c8004d1059350fc32bdf30226dd0,0,1
ff8a18782f86024a14d3e7cf56f5de548adb5f521a10da3e618a9eae715ebbcb,4117400c5f9ad9b1a989ee6e435b930bec978290b01d6d2276227a0259334b49,conv-48,136,targeted,True,1,True,True,1,60,15981,eb59d903783319cb9bad24c5872d360bf22e8a695fa06a7ae6694ba402d8cc05,0,1,True,True,1,61,15991,f289a12658e3a062c28aa44ea8ac72ca2f86a1948fae5488dd567ed602232f57,0,1,True,True,1,58,15985,6474010d61700be8b091cdbf59bca8c32d88a2e5769d5c6312cd0a43860f8097,0,1,True,True,1,120,31949,735fc66e8915a1e0c56f8ede96fafc47cd30f7121c0894a77efa222ecb6f5071,0,1,True,True,1,121,31930,8104814151083df9babb83270de2c97fde8a763ebd4c094cef7f3ded8733d101,0,1,True,True,1,111,32000,c399b7b2085a9f4f43ac3b199749c2ba18cf98176e701e7d59b452a7289aafbf,0,1
18679027af54f5661451e56bc1579dfd7fbb987a77123aa242ce0873494cd922,6a1a85b020bcbe3736043ebc82acc4b0515d0a6ea9052f5f68230487616840f5,conv-48,137,targeted,True,1,True,True,1,64,15939,ed30492860831ed961765fad9cb475acd31170bb6e6e3fe2bbfd0587651546a5,0,1,True,True,1,65,15982,ca6d03c35a92145eaf932bb8d70f77e0ab8b7f6d90497ccf9a895882e0c994e2,0,1,True,True,1,64,15994,1dff118c9bd09bd1e7ea37b33368c1fbaabdd317485fee0438ef313908ce669f,0,1,True,True,1,128,31991,72dfa0b1e7c312168b6030a793c0f9ca29f5f328affb2a85f3a754b0a1ed1a53,0,1,True,True,1,128,31997,997f15960171c6dfa64dd885077ee04026b8cb5cc11bb913a289ad09edd957a3,0,1,True,True,1,115,31994,bfab1cb3649e9de3c5cc1fd2e26ed48f9ae6d6294e9acfb5a9264406cf77c490,0,1
354302a9c2fe1ef93b51cabe59c26431efd8043ac59eac52e7accbffff38bf18,afbb23e1e4b2df726f16b28ac86b7f4517040f2fbfdadd4f5e3e841b99cd9f88,conv-48,138,targeted,True,1,True,True,1,57,16000,e97c86d072abbf576775aded9b65e0b189dae5ac6d7ec6d244f6fda93260fd4c,0,1,True,True,1,58,15970,fe2c5b81f68e5987d257a9c8762f114d05c1738e8489889a20d1547605ca02f5,0,1,True,True,1,58,15977,987579d988b04ff5694791c1099a766f5b7710606ce40e47fdb8eeb2a85c171d,0,1,True,True,1,113,31945,cba3201d8c33706558d04c18928253141b5c37b7763e714b4f1627303b7e0e20,0,1,True,True,1,115,31993,723ec33f0eff36f2c1a8f3ee647de7fe1ee8e953e218187662646509fe852c2c,0,1,True,True,1,109,31931,e27c367d1967b181f408a208b50353fa5a7e8ea8cd8bd5e6101111d5225b1ed5,0,1
ce8621b4a9c16211a88be35befe28fac16efbf57a51878e8065d8e5e16e9de47,b5a0616c48d81c517300fbcc5912a0a1fb0578115e726d3cc605a51ad831e839,conv-48,139,targeted,True,1,True,True,1,67,15988,6500b561fa016000a7681fc77069e32cc3dadaae1ae86035bca7dc8d834c1b00,0,1,True,True,1,67,15986,78607476a71e229ccc7c9068eece846cce4aeda397e3c705c71d487795ed3721,0,1,True,True,1,61,15997,46f85bd475eb4c54a25e7e667d2c5213cda7ee5e267d85b1c0d5925b3b59e5bf,0,1,True,True,1,124,31919,b4821cd2ed307b3165f1736a9325b8baaca311f081df8a5264ca58f7c2a3077e,0,1,True,True,1,127,31989,fe8aff0526108602974b3a23036d77eeac54b16e857be2f08a128382ac50b23b,0,1,True,True,1,116,31924,753b0360ea0b1fc61874ef5beb4cc417c31adcc5692714240a8501e036c8a94c,0,1
0d3665ec4677356c1576e9abc36a27f304c7e707fba2b2cdb1e849eeef498619,3370116aaa82de8a3b1ab3205c4b7f1c33d936d50daa5aa778f613d07a380538,conv-48,140,targeted,True,1,True,True,1,58,15969,fcf281dc363d4e2c5514015629ea0bb276041673db233de21a1031a5cc9e9579,0,1,True,True,1,59,15918,0ec95f8311406275e15fcf72a5d1f20fab8f98d262aa5e50dea40d4496457691,0,1,True,True,1,58,15959,df8693aca4ece6d03c39080e30d6809058c1bfb596f9b7624c74ed791f96eb18,0,1,True,True,1,119,31999,77c8df7fb3211fa242a2ca86fda2c37466d211b47f1f685e373ce7bbe4ac529c,0,1,True,True,1,121,31998,31b40ae55aa6b500c8cfe84dbbb0ecb9940c38cd41b1947f6733a3f5b63ce81c,0,1,True,True,1,108,31919,c7d5761f1e4fef7c83080e3683f426b5593ea3ddf94091ea093f412575eac903,0,1
7a01cfdff091f2b664b4eaeaa069fe9b7dd184cc82b36056baf0b94af4567273,9c7532401d2acdfec9823f233cfd2437d5ca7a867e2293edd4f4df3fafc67a1d,conv-48,141,targeted,True,1,True,True,1,70,15997,48b9c3ccce3161b93647e557a1825c652f5e5bc368a1dad7429cfdc4b41fcbe0,0,1,True,True,1,70,15924,2102e38253cbff4268ecbbf5200757d5ee295b2049d9b09e1abb63352b66e419,0,1,True,True,1,61,15993,ed9cf6040635a1fea0048a4ea440ee8dad1f5f5995041f01412e3b7c310de665,0,1,True,True,1,132,32000,ed2166f6836b800e2454866220661d1577ff82bb84b71d82e0f4332eaadea1cf,0,1,True,True,1,132,31944,f767bda73c4ee77db155fabec853ff335593ac25947ffd7258cabb5e7d349477,0,1,True,True,1,120,31929,9e788a931ab3448e24f7cb816390f12b3402c181196e1b5ba47a6d1090158244,0,1
8bd1b296522a4a72b4633ee4907c3a2f9e611578273520bfec11b06e79567d31,1f4c3649f5a590bb4e3b1c639980cf83e52d65e799858daf2f6a82787ad0c4cd,conv-48,142,targeted,True,1,True,True,1,62,15984,4a8d186015b61fad25af7528b6723957da6e5299b179949fdacdfca47acf3bfd,0,1,True,True,1,64,15918,e0b7f26e5adfc596bd8f459a226db517f6b813b9002b7a5de822b25b6f5b1c7a,0,1,True,True,1,60,15982,b5bc92fbd5b5835cc859967f9ffc7af4d1a717fb80a949a34604d2f845cdafcc,0,1,True,True,1,124,31950,8f3076a2fa8336a7d31aef26371bedeb86aa375cd2276c10d9b7ed36cb2c26fc,0,1,True,True,1,126,31922,b4ed155a12200b72e0fa9e9d2ec8e9d2b05d1f22ce8189868a14674d80fb8ce0,0,1,True,True,1,112,31989,13d68a3df768e746396ca8c201c88e68a79108c899c995513e0f140d55b7232f,0,1
0124bc447d48d5a4ffe2de56bd8624392e560cd0e8f34147d972b8f7104e3991,0ce7af4a636aba8b7b15a09338c66253f3b6d6701e493446f518e990cd1cfd7d,conv-48,143,targeted,True,1,True,True,1,68,15995,07efc089af044af97a42c0698b51abeab003c3c3a6d8d96fe3264c7a28424246,0,1,True,True,1,69,15993,fa89f469d9794febd4f7bd431ef8d8276230c4224c43716a6468dfdb1514e7a7,0,1,True,True,1,65,15963,dd66d913730a7baa6646afd7d3bd8c76d0a1f808ff3b48fe647a93e8ff67920e,0,1,True,True,1,130,31981,532c879e09b4042832a0b2978055177d4383da265dfb4e78c1fd93eb5de2bd33,0,1,True,True,1,131,31993,5c2df629ca0a61f69c44047db080aa43a82fd3109654b53cf052a3a0a4f591e7,0,1,True,True,1,119,31928,192822a19b3709fca0f62656ea540a523189592bda7ae65ff4b6832fbfd5deed,0,1
0a7f66d5a886b4d7083c9abe3cddea861e6610b9c2668ee90fa365f812f3419c,ff4084b6d3acb423c8d98400bc68fd35c430a34441277a72a8b24f4d62d6c230,conv-48,144,targeted,True,1,True,True,1,67,15989,ea4c16011f116273996d2059b80c92e13115d03896aa3845ea2f13739e9217a9,0,1,True,True,1,69,16000,926768fd98078cf88201385f1cc0320c6c10d528ee205405d2ae83452299d3ce,0,1,True,True,1,62,15938,c5b1545efc3806b07263d1250dcfacd1656d677b67634bb630e481b51f2c2a77,0,1,True,True,1,130,31931,33af4d89294491f9e1eb3fb15735162571ae7ccc0faab79fbebc9322eb516935,0,1,True,True,1,130,31997,5ef1395a2ebec1a277aa04b262898aa7ab6d2cd322640878fe4f380905948c7c,0,1,True,True,1,116,31993,72eb7605919a9931f62facfed0c8ee45eede8f5cf9f79e09f3be96bddfb0bcff,0,1
16648a3a77d3c3a4e2eea7d048165098adf0f3ad8e8c0f72bf14fd3a82710cc8,910fc0171e3fff27af4b6fc133a6e2f3c1cb822a7a4ddacc162e7ac5e75cb349,conv-48,145,targeted,True,1,True,True,1,53,15994,92d301ecb64a6ed402211099afdf7a3e02df79a5269ccd7a69ef9898de5967cd,0,1,True,True,1,53,15998,2426a74fe129b2df28e68f1d1ed354d0d16b5551174f50d0a09f59b4b344c60d,0,1,True,True,1,56,15984,e5224d05923fa0cb0b4597c802264625af7cfa4064039cf904fe488d7825bbc3,0,1,True,True,1,108,31980,4fcf5da0b4ec1be063b7619f9c2c1480a1a9663abd3c05837b4f21e9defc2bba,0,1,True,True,1,108,31917,2aad90b9c62357e583e1045bd610fd768d91c3d8fb1cb55fb79385d66abb21c6,0,1,True,True,1,103,31998,1a40c3cdc89b6b70f86e173caeae1d19471b9ebc3e5d25ded2ac1af2517e27be,0,1
1dd036332534d3ae739c45a15421914b6eba9375a96765fa0c412fdac3f192da,8d798eb12f79af7a50657f48206a25c5edee56c801e140efaf089b4c67a0b2b0,conv-48,146,targeted,True,1,True,True,1,57,15916,57064f1613151d49aa994466fd45941721c5821c5aa5c4a75500567edf6d872e,0,1,True,True,1,60,15989,e7fbe1c555db569a5596ee19003a9e959addcbef3eb6e748e3d891fd15b9c68d,0,1,True,True,1,57,15986,1cc491e1e1d96881b01fbc9a02f9ce892f2a673e8873c2dc8d90fa7940756856,0,1,True,True,1,120,31973,162784eeff9b388df1103efd7ce2d59ea95660781113abc12234c8b4104119a7,0,1,True,True,1,121,31975,b41c9682bb36823a3c3fc2a3aba06368ea61cceb853f8ee71c156518492400f1,0,1,True,True,1,109,31997,a7fb554a50f995103587afc2422062e3601bb646c4f2002295d4a2e73aba853f,0,1
148a399ae3dace2b24b107b566fd2454016702611b80e861bc930d12cfb455b8,e3a0c8c9aaf7093cfebb8a1be19c8790eb8f0f0400654ddd34dbe1bddef7c660,conv-48,147,targeted,True,1,True,True,1,54,15997,e0a55945d6205553434695b4272d4177aaa145aa7cb225b0a31aca9425bacaed,0,1,True,True,1,55,15959,2b946cd317b16bcbc5b1893fedd3f5d22bcfd0a08754c6f30a3e262af45ac9bf,0,1,True,True,1,52,15929,462e1f1472e882fef0924d79838bdc54713372034d751fdf746e9442c2a2dab6,0,1,True,True,1,109,31924,bafa3ce78e13b002512db9bbffc9559c44993dd26eb32dc2ad7fe3227ab76f89,0,1,True,True,1,111,31998,f4a211f5c5d2a5995b48507235baaa0764cf2e38bd5c4f8d2094126ae557ded9,0,1,True,True,1,104,31997,0e4264bb02d5a5deed13a4907e5f8a7b10b1b9849d720c205605926d93f5b0c0,0,1
243c156fa11611b2cf901f4207d5c906ebe9e5fe747ac376fbeaea97c703d089,0a52f903738e317977cb9f874245f18e011dfe5085d9843403e2f581b42e0f33,conv-48,148,targeted,True,1,True,True,1,57,15918,a4e9c072e9c17588f31e8f39ba1da4a7ca9456bfa3a0fb07cbdc96c6bae24832,0,1,True,True,1,59,15996,3f7ace3769f13fb337e59c3d5dd8a0edbd55581275c4f490ffa23fce140a69ff,0,1,True,True,1,59,15997,57e813bda6256b43c15be2d6abd28560eb02273deab4a2b88bdcbf6482fe90b4,0,1,True,True,1,114,31973,17c0a633aa93a0138d69dc861cb28a3e44bdad5b44af5f45986a9a6702c469a2,0,1,True,True,1,117,31941,65d810c0eae4481421beb9d057f9ea5b9351d559121002f3afa550dcf86a42f4,0,1,True,True,1,109,31992,d6549717a0b55878026ae2da515534474e451eec5bd83e95929b8f7a3a359e39,0,1
be974ebb1466ae28f51d4829fae1a1af9f5b85406eafdee7f33fa56eb443ec66,d5d83e6dc70a7340a8ed8053dec6a9ea74385fb990f611faa53adf03899eb2af,conv-48,149,targeted,True,1,True,True,1,63,15975,946f7f59000394f8cd697894f5f12b500bf98400e68c3c1a1581d878501ce075,0,1,True,True,1,62,15925,0ec948b364b7b48270c963d6e7295e0825caae1cdf61ce5d01dd602df11d1944,0,1,True,True,1,61,15921,544d8d5b88d7535129265bf7b2cd5d49bfbb046bec6e0d6f814acf1946702829,0,1,True,True,1,123,32000,931c4a07bb5937b0fe67cb0693d0a48bbd6180290f9f4811a62bdd2dc1e3a59e,0,1,True,True,1,125,31998,15663e5d88360cc888ab77f39adcc39ce686ff8643e1e42dac964459006cbd06,0,1,True,True,1,114,31995,5df4899d4c902640494a3d19b07731067a41bb168d9d34f5325dba7c850be236,0,1
bfe7c7fa142d3c362bd27aea300ffa9466350ca6e5423aea969121b6dcb83cc3,e70a085d2af1b93371ea7d8772908fa629b5f40fa4e1bcb4c029f03056138113,conv-48,150,targeted,True,1,True,True,1,65,15990,6e07e7bf8f7615945b4adb0d3f862e861a0aa5058e56cfff554860f19e262c91,0,1,True,True,1,65,15923,31d5cafc60f3d54f37635ed84b089236048a0c8dece30d269ea282712770a1a9,0,1,True,True,1,63,15939,f70024826e290b22225b0cb8c4d40a479f1a06972276675c01f759d51230d923,0,1,True,True,1,123,31969,393fa1f9a9fe178110e811bf615423a0ef98ea9354f4fadeec4c97b433e22666,0,1,True,True,1,124,31926,9ac747c543056f6202c6a5f2347f19ab25926c17560fd4b04b34017e3b20ed16,0,1,True,True,1,114,32000,94ab52bbdd948dd33eec0885a5265e0f9781c096f731cc8b9bfd27cb91b707db,0,1
9ad1338dccac101f040dd07f7035454048649cd065c37e4fb1a3cf80bece3751,eb1910ee9f40d913b90ee69c8b5a8ead6c1323607ac8b6b7eb81aa43eebc6198,conv-48,151,targeted,True,1,True,True,1,54,15980,1d2e536ebaf8b2c8c3367d33f8856e563594e8a2caca66baf3baeac89d5bfd96,0,1,True,True,1,54,15921,9a4818fbeb173bb2bd2e8fe3801c9839b1655ee54d3d2d430f6907972140c2ee,0,1,True,True,1,57,15936,52b53b3f2074b81ea098c37ebad97764273e00f5647bbe6c60e5dbb5af4fd9ac,0,1,True,True,1,113,31935,cfeb6e969a5915671c2761eede4a59e430491080d6723832bbcf03dc4470a584,0,1,True,True,1,114,31989,8d6530f61101d33b32c9febb6a884455579c53c5a5b946723df9fa994264a853,0,1,True,True,1,107,31991,05df2f1ae93ac58edc465c60c87171829bc93d40b6df46886f0bd7ae07d635bc,0,1
c3a3ce7ef3bebfae7a65a76246f4a310457f71f1991311b217a1bc4a164ea4f2,c2a0450c33bf6bdc38f9dddbaabb4bec11042f3321a14457ecac60de35cda1fd,conv-48,152,targeted,True,1,True,True,1,69,15984,ae26249e2b70440ecb8b178505033864da5e57258c97d15126fa4e2f50a213f5,0,1,True,True,1,67,15995,5f0ed26a63c66b6e8bd7c19a6161f787574d51e99c41d186f680081fdd57fed0,0,1,True,True,1,61,15949,1932f14314398eaa0966fa49746d55334dfff1af28827e95d34b410fd2b5226c,0,1,True,True,1,130,31942,4d220c2c121561eb4205bb0bfb7db417a69bd6f4da55b92b03da0c4941c495e0,0,1,True,True,1,131,31980,e022e0f002f103b41d43c3a8294411f7078b61a4a2fc0f29fbcabf5088e19ce4,0,1,True,True,1,118,31918,75184e6d8b60893294a44a80cb2bed9f2109dcb96a1d2f1cd4496a1660822186,0,1
4bdccb66e841cc9a2bc2ef8f0e3e4cefa42480b33590e8ee58fa98135f08c623,94892fa85d27a1ede09c683dfe6a37591c8d7bad764ce051f226dc72c6810de9,conv-48,153,targeted,True,1,True,True,1,61,15998,323d4c81a8bd7924d90d5050ce4e03742e2a7d57e9dfbb77d498470535763a01,0,1,True,True,1,60,16000,09865c89847a4152f525bb287b6f42a6f8ef344ffabf363d91c8761494980eaf,0,1,True,True,1,59,15988,a774efd0698e253e9cc23acdaf62d1ba26d664daa329b22bacfd80f0deb143a1,0,1,True,True,1,123,31969,f805e4d2ebfbb2bd6f1e6de658f37e345e0cfe9035c92a0b51182a1e2deddfac,0,1,True,True,1,123,31935,24e844993b302b142626cd2e9691d318cc0d7dfdd4ee61a52e6e646256384d13,0,1,True,True,1,113,32000,90c12307e5af8a9c40160815bb8c74fbd162361c0835a0596536af4d65a30e8e,0,1
f64c866df06fc6665006667d3d3a7cbafae4589d00398d32dcad10a914dc3f2d,5e19f36a3ceade092f16f2f2eb40291b0267bb0ee9a8dac91e13271d6c5ecd02,conv-48,154,targeted,True,1,True,True,1,53,15969,7292324d503cff8c53800951f6b5bc7304d143c24d20f12c5128d8e80692aebe,0,1,True,True,1,55,15983,113b04a1ff9b8349bc7fc33b0d74e111aacea08aa59a23b3707d2a939a79f51c,0,1,True,True,1,54,15983,7e5d7674ad430ef3c2626980aaff10e502ae984c744a84e37438a4e60d354b60,0,1,True,True,1,114,31987,7d50d9fa0292c6c25ed6dbe5378b90a0d9471e14a9f885e6ce472571b33e6b22,0,1,True,True,1,114,31992,dd385c611da1b7cee984f0758cb42502444fc73018cd43dc233877ad67433b93,0,1,True,True,1,105,31989,f7fa3f3f336c4753d1dd903a1e129a568743d63918bebe24192274a1420dc665,0,1
1ce5b8ae27e4922b3c9d95365112044cfb8bfc69d797c09d9dc864fcc8c811dd,e9fb33f07e85f3caa672a6a5681affe5db6d701c378d07c5f60b3ca17c6b264a,conv-48,155,targeted,True,1,True,True,1,54,15998,ab5eb294866361d59e63ef150f6ced9a78ee10bee1eec0089a925c4fe9cfe457,0,1,True,True,1,56,15994,7d384ada67aeee6be42d873a5b466d6066628ef3e5e8f54815aec2805c7825e2,0,1,True,True,1,57,15999,0c8e901ee3bcad7823f53d44c8b8c32b277c84f20a3706f8dd458669c877386c,0,1,True,True,1,109,31921,5df720b83638e4fe4e89ccfb810f7c1fa70cc085bc2cbc5685a6eb2beadab7cb,0,1,True,True,1,111,31916,6b515160a3dea50abe91648f0fa5a7a9501dadf8f0092ed73595aa60634287b2,0,1,True,True,1,104,31945,443b62cde0d1dfc74943299adf394f58cd6d6abfd353eef05a73e8c2ed67e62b,0,1
b05eaa37ad80de29e010805e0a5b311b8349924bb39d0c250feb271773cffe73,c3a95380af6747f053353e4f7b8861748a5fc625d3a3bfc733f3bbcd4485cf8c,conv-48,156,targeted,True,1,True,True,1,55,15961,9fbb1b52a0794ef2e364c4d092703fbd3ceca6227eee0c5fee0a3e4fbc79be67,0,1,True,True,1,56,15992,e3ff0e68aa7b9509c1b35cfbbfcb084d540e0c78ae3829881ce7a9befbf4961b,0,1,True,True,1,58,15965,a24db68d8f3c7890417d52ac4bfc4af3ac685ce1ec3e95aa607f66bffae066db,0,1,True,True,1,108,31974,d54e0c64aeadeb4c6a65835cefd9f430ccad3f1193cb6ad174ca31443f747fb1,0,1,True,True,1,108,31991,dfefd664e4ba1a2a8ba0d88ea73883d1a0964163cdcd281e2889011d5dfaea24,0,1,True,True,1,107,31997,f618ae1ed0208178ea318cd8e504d33992c9f4cddbfcc8b46e4f29056e9a7694,0,1
10fef3238cdcc9a93155423171aeec3e3c2f71aa5aef159f1531ca4126bb9357,7dbb859072c6ce8adf85c89fa9226790d27d5ca3547042c8893b517be5c3fe1d,conv-48,157,targeted,True,1,True,True,1,54,15945,242dab99714db5802ad0360c4496a509379cc5de9a0f002b61fd419722190dbb,0,1,True,True,1,56,15927,7a9644dfc13a663119936c7d519d7247fd1e6545a81ee579b4f590e540327cb6,0,1,True,True,1,56,15930,7e73608138573ce4388f78a682830604b4eb41bc1891156b52f2f1c027cadf43,0,1,True,True,1,110,31991,60932e632a305cc88b7760d5fc44284a8728775518bfced871063fe1bb05234b,0,1,True,True,1,112,31971,c597c33f92233e7d6fc258cd5f5618a2881854b90e227389095d43896092846a,0,1,True,True,1,105,31989,7c9161bf62e01326a85263bd23bbd888db2c0f92cc7bc4612b058b67e61fe858,0,1
c1269d74193f95f773c3acb9709b63c4164422f7b778358d9abf61cca1747d0c,782bd7c761667be91791c74677b2986f83af485ffce76805ecaffe8fc66ea65c,conv-48,158,targeted,True,1,True,True,1,51,15985,5773d92c759155bf70c5484e5493057e1ba57c3a260243241518b8d42883c793,0,1,True,True,1,52,15974,4446e781c8422b193226162fbf33fecc3cb7083d5ed4422bcf60d0e6658a30c5,0,1,True,True,1,53,15988,92f3c018a44502c8374f92361aab1b10912d2146043ca7ca70d2a4af0b757663,0,1,True,True,1,107,31992,c034cfeca8605ee47e5524cb9791f663041b98618ee649a8e1f8ce59188c78f7,0,1,True,True,1,107,31921,6136b8c984918d8555905d85f7ba63367b57848698434b974d3c1dfe09bd8bdc,0,1,True,True,1,103,31989,edc83f681c6d6d4bef269a4875867746fbfbfce7e7b68b7f006110a6dec21e37,0,1
e72fdacd81c7f63e66dee7b1ea5637ccf111121f1a23cd9c7634904860831c71,e9f12b9fff4b1822c966cba4105a7e3b75e70943e299f3adb9716a7b66308ad2,conv-48,159,targeted,True,1,True,True,1,51,15981,9b5a249a008be36e99fe8fdd130a46c2bfdba4e2e35d1aa45f236cee6034b3e3,0,1,True,True,1,52,15936,c179856448fb7f8de65a49ada4234f7d0e0189a8c573b10d6b7d1fa4d3ba774e,0,1,True,True,1,54,15937,0cc7a1e37b538ab2f16a38f4ace5df0291ecab9f0411b8e9d7237024955b7c7d,0,1,True,True,1,109,31988,e6b6bfa8d8271c841f4a25d871c385b6e74b48ea81455450dafa653624f50a32,0,1,True,True,1,110,31990,82801b640809e79da66cfbf10a0128942a144773696e1c5affa84cf6e53dbc78,0,1,True,True,1,102,31924,dada4906063c78fd1f03bb2d8232bcd85258cbe8f62725fb35fce0f58b996f49,0,1
6ad8fdbe3adf599eb2605ddbd8d26a03c54f433ee2931382fbd1ba621925be17,dd41aea670035e9790d8d3f63986e23283bbc6339eb41093641014bc87363088,conv-48,160,targeted,True,1,True,True,1,55,16000,6cffa578aa8fc79af80124a6d6381484a086b4393aa608d1cc95dc899ab10f9d,0,1,True,True,1,55,15999,cacc6828f6c1675e05093e31c03dbc2455a2615ad2b6416fd6dac129a8fad170,0,1,True,True,1,55,15957,c41507a034afd1fc3a0389b506b8e7753b5f01b9e8168f818272f111df2ebef2,0,1,True,True,1,118,31990,c0716dcd71f4dde7b5790906045b916b5dc2aaf5ffde9e7462fa7890f7f09697,0,1,True,True,1,117,31917,8959d0d957769ea4f416a668a9a4d5026f5803d17a0cc1f283f48794a4857c06,0,1,True,True,1,105,31946,419e3709cccb99e3efa320622c1372fd32fb09ac17ddd743d188ee52bf4faa5a,0,1
8b4726d8784d129888bdd701f91035e29ac612f037745379a70bc6005f952b71,1a3f14ff706eab853050fc9c65b93a509c44e7db36e397166573a9fd17094c52,conv-48,161,targeted,True,1,True,True,1,50,15968,b9e60661d1185182695aad3678f470c5ac01cc38277def675d1d76f01eaa8415,0,1,True,True,1,50,15981,cc629ef5e2890a346c59f68fced11d50cb1cd200fff87873e9ffdd3dec0411f3,0,1,True,True,1,52,15995,68ee401cfcbe256005257e176224ea8b73f67e544cbb3dba7cba068d64a6b178,0,1,True,True,1,105,31959,7bc49ec611f7529421c916f1e631e0a2c123a0559deaccc9c36b36dcbc9d01eb,0,1,True,True,1,105,31916,1522b75e4e3d24875f0cb9185b16d670fb6f33b18036a0aad171f283a5484118,0,1,True,True,1,102,31991,87bbc6f1241c404c3b3a684567619c432f0ae45f5974e4b6569d74c904f40e7e,0,1
9295ee280ce583c3d9c06b75393d4d8016abf7ee01f8aaf51834989a83e3c209,5dc3665b68ff5399bbf8a2210cb1f22a74af091d34e41e85de887dda8acfc156,conv-48,162,targeted,True,1,True,True,1,54,15965,fb48f4e594d0efa2e0950da636dc3432cfa05b48e187fa9131127deb3dbf46c0,0,1,True,True,1,55,15981,9f684a23e0a7e8daa8a1a596715a6bd3ba9b35eb28327272522090c477ba31e6,0,1,True,True,1,55,15973,e8567c9b52858366eef8b1715d2d263a326d3ad1769af146399e1492cfb3ed85,0,1,True,True,1,112,31989,1face3853cfc4502cd318c730724b08b399272057e00f519533be62b4e8db19f,0,1,True,True,1,111,31997,188e158f95c7f8d29187b371c8135fa7bb97800755779fd79a2bebb35bed124c,0,1,True,True,1,107,31973,933625aa8be080e0cc5e087d6ee88245918300d451cf5233d66dd26ccc01e783,0,1
924c991c3884648ad2ef762aa405229a238316b1fca2513eee10b0ed2d8bae44,689c1b854c7e2ebb48aafee07f3e8af3a4384de8b33fb48939797c921ea17536,conv-48,163,targeted,True,1,True,True,1,71,15988,e81187bb9b43d5660acefe1dc66b3f6acbb5d2478ebe269866ec108c81946f66,0,1,True,True,1,70,15964,46ad28c36811e12aaf18f2d80451158dad7365840bad6a6ca418bbba70e851bd,0,1,True,True,1,64,15950,23dcda2d2e4e6524fd7f7893614c79144754852f919ff864f624db4fe2e7b7be,0,1,True,True,1,133,31947,47e1b81a99b87348fb68ad80a0c970c5b9af70a58d68f3bb80413a218fcc096c,0,1,True,True,1,134,31965,0853b77b490855f103e49edc99dcffaec5375eddcb1b27d51a568a19ccfdc073,0,1,True,True,1,120,31916,3d1e1b2839c6ff00931ded499190801c38ca4de8ec48bf44b3ea31f1c25cd762,0,1
231f8231cb2325f5d0ac05541701021acfd11b169463bc8167cd849407165346,b603f5d26957c0e7be3375d86ac9663562347dc9085603036b4fafa6460188fb,conv-48,164,targeted,True,1,True,True,1,79,15890,925b328a34179652b4742f61ee608d468ee573477319d07b4a3251c9dee496d0,0,1,True,True,1,79,15941,57ac16c798cbe3846f44d7b8b660dfb501145e4eb37c93f4033987eeb6160110,0,1,True,True,1,70,15918,9007b43de8db02d6a369294d22da7a4aec68124abf9e0cec4132925c432c773c,0,1,True,True,1,142,31991,727debe005bdeede2a0e9810f7e4fb6652dee1ab35d89f7c4b9e49bd6a5f5664,0,1,True,True,1,143,32000,ea2348a23b8268e1eab0be9095fbc693d6cb496c8f3e52f5c2f9ca5ced58e019,0,1,True,True,1,127,31958,72d2ada49489e3d4189456a69383a6f93c358004601e931b2fa9c057b76714a0,0,1
03bcda7eb1b8a87f2145fd0e9ae07634d6b837b34312431136e094625f14bd77,b28e2b446108cf32d0d920f42369c3ec86ea1c22f04f638fcaae421f1fadb744,conv-48,165,targeted,True,1,True,True,1,58,15999,6cf63cd899d9059961fe7e87dfd262b5a36beff5f7bec670c2178de903a801c4,0,1,True,True,1,58,15997,99eb736547f3a6cace06e2c5d2f99b880eed8adafbf561509466007226b12884,0,1,True,True,1,58,15965,af2a5ff7ef28175ad30c52a573acfa87d8f4896a265b3d4ca38a8d56278ffe7f,0,1,True,True,1,119,31974,2630e6ff48de10384c42b406292cbc0355ab92fa31a118cf47d6476948295e13,0,1,True,True,1,118,31917,dd92bc5cf55a9c688e63b18ca47cba2136823ef654c6a967af592bd7a60d99db,0,1,True,True,1,107,31925,84e01445ce9af885e6bb952039f2b07ab234f6f7efcb2887de3b5a3e3bae33bb,0,1
ffe6be1c1e6fc58a4ddfbe92cec29f9345522844751f689e581bb9dbdf7fab11,bc9322918e522f25729a90c25bf27c0e0d45cd45d17fb35519446c0b5fc00df0,conv-48,166,targeted,True,1,True,True,1,58,15983,428bfbc1ddf89f96370bc277a181882919e86e4c562f33be783c6a091b042aea,0,1,True,True,1,58,15968,92c6ee2cdab179e6dad927ad2f19a001a822776d58cfe4130b4f4e9576b44601,0,1,True,True,1,58,15988,433ee45c53fa575c290812797506d37471c602cf6c0858bbdcb608ceb83113f1,0,1,True,True,1,117,31920,c4de1229a9e4de87f9ad91daf1e1fafdeafa777571857c099be9488c2398ac1f,0,1,True,True,1,118,31981,ca503caa526ef90c80f19ef8d48e1e90787bf07635a3b440e881f4e1404fe048,0,1,True,True,1,111,31991,5e9b84a2411e00a31f236fe51929467c08559cd359070f0a0dae9b5cb3304246,0,1
d37b7904751d50d860e0fa5243c2a879c130e1d44c6a58000462ff278e66215b,c9c48051f67a39d646971e4824e06c07f3723e01382d945a2e92f230095892d9,conv-48,167,targeted,True,1,True,True,1,59,15961,820dca8d26b8081e246d48fda0a0d860254dac5e7dc5dd8226237ccb1316d625,0,1,True,True,1,60,15923,fc30e022c23e583c371b0d34ce1e39197edf9c70c1e65b3842f94f52b0d6ccbe,0,1,True,True,1,59,15990,3cfd50df24bbed5f7b72c4b6a5c9bd4b2a90ce634e15cd00287d5be56e736eca,0,1,True,True,1,116,31941,f20f677a6edfc045a763c193379612d360b8883a9623ab0a6fd4fb8b5e89d66b,0,1,True,True,1,118,31985,8b2bba89fd6e036a5c37daedd2d69718d9fec927b6123cda479abb1dfa0fa303,0,1,True,True,1,109,31985,441493419bbd2053bc294baeb3daf1707d235481b80f196a0aa8298868cc38b1,0,1
e83935d3f9c97f0c027f65cadb65248adbd7bcf82e3fc548a5bcc72d79adcd32,ced1c06e4d71ec9b290d82033d0189aaec549f70290229b31788ef60920da247,conv-48,168,targeted,True,1,True,True,1,63,15977,56775d6b558fd63a0a60e3258ef3a8fd8a3f87fccc85ad94f34413f5173e1f8f,0,1,True,True,1,62,15988,0209916b59a5c06df7c95cbdb0492f41d72faab71e86bbfe6ab893512688d859,0,1,True,True,1,59,15944,0c56e214fe377a602152e92705f2ccf8ac28ce98dcae70f426e11afd5ef76a7e,0,1,True,True,1,123,31990,35503834ea770d826754c6cef7b9b6a429c5a3ff74ddd2decc444f95d5621112,0,1,True,True,1,124,31920,1453260a4c9c8c25329eda0e4d74b4138d361854d55d2123547df637a4fa274f,0,1,True,True,1,111,31981,06b691e63b1698d3749daeed7d8728fec7a8f0ecdcf90dd2dd35de8ccd41e3fa,0,1
adc145ac4440adf59475fdbe13c15316e40bbda0d7c646b727dd6c84063cefdd,0d47db9c0ff623228775b5caec668c57093bbc464205d6aa161fb5d48deba7c5,conv-48,169,targeted,True,1,True,True,1,53,15987,d496e555e0cb19acd374f16e94641195d2e860154b8285cb9de601cee9a1286f,0,1,True,True,1,53,15980,4bb5f196a2d7b3e640bd5e26e0db71a79945763c0c84d08fd91d814832edfef5,0,1,True,True,1,53,15959,ce37b65c360c196fb7e0cf5bdf30dbc2132769730d643a368dd447b1687f6c6a,0,1,True,True,1,111,31950,66fbf7cfdf81070edda76c5112505b06e8bdf2d1308ca143586dd57243692297,0,1,True,True,1,109,31929,a25821ac8b6c6d2a284ac486e322703e7a81c2323dc650a04c660e995d58178e,0,1,True,True,1,104,31989,1d700e9aca6a9390e47c9e014e9ad8d70a4cf94292fbef7058e15d0dde195811,0,1
6a2e2bcc4809c7591584ebe2c8dcb213190f8f77b286f45e99375a3f897af251,aaa59825bdc65a7b0cd1b80f1a835f209195a6f4000895d06ad7a1f7bdf39216,conv-48,170,targeted,True,1,True,True,1,54,15944,aafa48a714bdd846bb87ffaa5b22ce5f2db4baae7f6f50bbd7e35990bc3401e1,0,1,True,True,1,55,15945,c2ea662d780301b4365acec25400825aca9b0186941b24bd6e3f69adb5da69aa,0,1,True,True,1,55,15992,38e9ffe1db0d2c07372da511ca1f6a07206f6c37c47cf6ef8477ffcbc778650b,0,1,True,True,1,106,31995,5a69e7cbee3bdc3a5e39c97cd7e9d13f87e418668e76fc4d89c9c782b25cd56b,0,1,True,True,1,108,31973,843610b82218cd069fa328b3eaec04801663dcdf572d590e9383325212ce40ba,0,1,True,True,1,106,31963,aa996177b38632f829bf7dfcd352b1041fa54f9bb7d5df1d13078719b3ea025b,0,1
5fc415b911560eb402b6485ca4cf0a4f1906f06540ad2317f424105fdc9372bc,2293d4b36a5f900c257baefd1ada76f76ebd9bcdd6e80b70d1a66c00e9506e5c,conv-48,171,targeted,True,1,True,True,1,57,15976,45d908709cc6b49ce2664019bd3ac6a36f7c1f9339aec1e7f360091a0161563a,0,1,True,True,1,58,15984,5094047cf6ef1084a3daea631adb3dcb09486050627278533edf88fb6854d1a6,0,1,True,True,1,56,15929,ab6cab8c7482a04144fb8f1d527cbb68f29f1f7a32b33fbb8a59395557e46b18,0,1,True,True,1,117,31969,7221163efec814dccb332040c4d4ba4675b8da1c0e1db02a7e0b766ae10139c5,0,1,True,True,1,120,31998,827fd5e122861a97116bf8be37924626898f6e2a6a04a0b69ae1e28b0a9c1116,0,1,True,True,1,106,31978,8a31f5988f71c26e3d5d19491ea7a455e501f426788bbe17949154e1b89123d5,0,1
ef42276ecf7abff8bfd9e6562eacc366e69f7441e93d0b2089b7577a5c7ae52c,37df5a67ce0e11f219a87c667ab37dac9120d246231de13b238d88646a36a095,conv-48,172,targeted,True,1,True,True,1,58,15954,0294ea81f8ba138289f53fa3a8121200c7f8933649cc6fb8aef23e3ce9c7ff0c,0,1,True,True,1,59,15995,36a15652dcd86f91db3ab89f72042ff944a850d39801ca5c9b9a01ccfbe7ed5f,0,1,True,True,1,55,15960,8f3f6eb6c4ca7f086015fcdba82222d2a51f88087d1fc94be0b59bbb5945e1c6,0,1,True,True,1,117,31947,360225fb989356e2c55f52b3bb13d9b781cf56975f0be3fee9109f08495d88f9,0,1,True,True,1,118,31993,27929b57ed47de1193b379ce1bd02713a798c895d4c22ee8bbaf41dd41411c3f,0,1,True,True,1,108,31998,5d20b7a6bf26942f1b5c0632ddc1ab422858e8be893f4b419b2d5ee7a5a75869,0,1
4050bec28d8fef4657997f39711c3b8ddc40925db53ffb11cb483774297d7089,775592f31677303e5269062c6e0debf3ed3018732b4d78aad28d27d7469211ed,conv-48,173,targeted,True,1,True,True,1,55,15994,d070612e3d70ce8d27b1ea5ebb3dc0e0edbfeeee822629905d80df66cd1166e5,0,1,True,True,1,55,15948,ea592057bc685739f4d4547b7e6d931008159fdd3cb57a0fd03fc94887793e08,0,1,True,True,1,56,15957,5aad780b417ca0c93afb5c06e8f38fa6b6a61c6ccd5d483f5de9a5a995e087f4,0,1,True,True,1,120,31952,4c6bb68cfa805d05d6a768cd403ed066b24d67e2d1f04307d4a8d830156f7c9b,0,1,True,True,1,120,31951,490e9efc4d2cda0eac1f7aa774a9eedf45e337a51a5b16698e875154a5374e17,0,1,True,True,1,104,31921,ad8efa4df721e4c54c4f9e615bbee1f1e39770f657443ed4cd1a428b72a5be74,0,1
46d16c4aa76190fda3a82b7ed3b2c27e6688bb15ccd98427096bd45602d55844,daa9569d658422f3463665532af70969be5e8e6b55f74304d317c7989ecedfe3,conv-48,174,targeted,True,1,True,True,1,63,15992,f7631f6da7639444b257a058c0bdbb6c51505b1ceaf1d56fd9c4dc50c589a21d,0,1,True,True,1,62,15939,13a475b2cd3bd7f5d4753e972b1e36fb7a7e0c5fd92354f63cf06f9dc16699f1,0,1,True,True,1,58,15936,22256bd4e303bc7f82923de68c987617cd916472c46200c208eed367aaaec045,0,1,True,True,1,121,31994,963017d3d74629706cd4663133a68d3fd8bd90c655ff626780ca0d9cedd616ba,0,1,True,True,1,120,31915,d6375e71afd5c8952291b5af7042661e696cad3551c7b87bce9ac667e8b58247,0,1,True,True,1,114,31994,d002ca02a4d4e8053015b93dee89f5e1ad76b7e7ca78d4d4bbfde1c884e53b2a,0,1
8ac1505119250a68c0b7496a2561e178f88b859d8af29fdb1bc02fe4ce40d62e,c1eda7eaba3caad68209d9aa99806798620afa9e7090bc430a6a6d2ab233ec7c,conv-48,175,targeted,True,1,True,True,1,56,15934,a9437abbaae7f24bb3114c6aaa9ed5328b38da3215e8e10d1411edf61b214363,0,1,True,True,1,57,15917,031505d5583e294320f17891e996d9ac343fcbe43dbe20e556856aeef573b14f,0,1,True,True,1,57,15921,ab9a3c41596206a24d790a7f9ab645ccfb9dd76e9a7e38206193c0347f870234,0,1,True,True,1,117,31927,7e20175767fc028f5ebaa4c55e82b5c0671901c7f0590e2826e8264a7e5e360b,0,1,True,True,1,119,31995,8eeeddf12a195b0ab952c54a030374e496847727cbe393ff36b977b3d2045ed0,0,1,True,True,1,108,31975,c3cbd41aab770c8ab161e0a4c5f9b73c8b7adf6660b82c987b7d3c15b69b8823,0,1
aaef0bba941847543076ea29babf553ab671c842b91a367965e828f01a5896b8,de3823e864c7ccc36543a305f58f9f62531973720fefd3ddd440637c9ec92143,conv-48,176,targeted,True,1,False,False,0,52,15978,e87a55c55eda6602d04833400616ae7615b6899e5f143762d06346cc7162d5eb,0,0,True,True,1,53,15993,0ca908953b3038684e92102ed891e31995c56c7162da65d936f2b13c74b6d31c,1,0,True,True,1,54,15956,6285d01827d515b279e2a2f5132d408febed25f4c19b4e1d4b2294d445fd3489,1,0,False,False,0,105,31992,3e2179f3d9a5eefccf3fa19c58f67f3136730442e685b58141ab3c73dfa3b68e,0,0,True,True,1,106,31999,00d33311d2579c8266dca866dcf40658ce6e4ec52d9026fbbacaaacd6d452191,1,0,True,True,1,103,31926,66bd0dfabb8c3b8323d646afec14e23a4d943dede722b245d70ddef4687d2c59,1,0
b1e8977c0c85d803c9400fb2f2fc2816eaf052251d6ceb6d6344097a9c63cc61,317361448bbfdfd4d802243102988ffa5e38619072229f9aa67a79fc1ff13317,conv-48,177,targeted,True,1,True,True,1,51,15995,971ca7ac0dcc89599829910fa17dcbc80edd93807c2ff1920ece3776f49ebffa,0,1,True,True,1,52,15975,72ffdbfaa5871c7c44c153a8dd6c5713800ea58f144dd7246fc666a81d08804f,1,0,False,False,0,53,15997,bf8baf63ea7471010151ff175e7d38a0d109b9a43bd656ab5d8bf002b1f2ed28,0,0,True,True,1,103,31999,a7da0fc552f5129e4b8db0bb263bdbfa6b44d5eeba052b7bf53edf815e2527b4,0,1,True,True,1,105,31920,bd2b71584a161d8d147e9df03241a2b7e0de2d2eee639a5574a22002852240bc,0,1,True,True,1,102,31998,0132240fae89ecfcce4ea250c3d634134df5e7cd146b55f14754432ac53e367c,0,1
32f192999d0705a5e7f8b7ce8062615edcd31825efb76bf81ca84d73d93051fc,0f1fe3c1c5867339e3d3ae89afed9fbf24cde7d447c04833af6ebea4c3f64788,conv-48,178,targeted,True,1,True,True,1,52,15971,8c11257a6d124b3ff3e96994fd7b89dae898838274950f076333a12e7cf26765,0,1,True,True,1,54,15978,8b674e08ad91ef1ae18d404c9fce3de93e3b5ffabffaf5e5de64d8f1df61c7fd,0,1,True,True,1,55,15978,5388ec56a2df1e32cd7932c6e6da9c5fa2e0bf86a038df65d27208d5ae0f3882,0,1,True,True,1,107,31961,4f86ef3630c547760e8956a48df17b69d7a8cdca6e07e9a37628132fd835985c,0,1,True,True,1,108,31998,d88ca57c2e8c10ce5f378696a37f71f2b88bb9bb0b3de6e89cf7febc910c2f4b,0,1,True,True,1,103,31992,b353bc8fc574b71861a2d95dfb5e2d937f637c55725bfc7a1f9d49def99645d8,0,1
a588013a9754b424285eb66413d1d5351682d87d765909d8efdbdaf9c8916174,6540a10d3cb6e0c91e4c83980065bab47eeedc0053f93cb65b8f8a10a2c1dfbc,conv-48,179,targeted,True,1,False,False,0,60,15994,78299388843616535b0a28b8b7e5bfeb450c8d5bf7091d4d013a5f46b4aefb7f,0,0,False,False,0,60,15968,04c3ca638660d704ef9bd7438febf8b89b131239647c684867d9c5fc6a151ab8,0,0,False,False,0,58,15967,e89a3c4d8563909834e99482fcd84c50b7c86549a0a30bc473367a530e3a2407,0,0,False,False,0,122,31991,013f666d1f65c16efe04b05dc0a92e8a5998e025645867325d0a49dc8189dedd,0,0,False,False,0,123,31919,97aa3bde72688efcd48c49455f5647c3f6febde79d5bfbf175959ed59c9e0a76,0,0,False,False,0,109,31942,68574dd610a8efa737aeac6f20f0d417af45929e5ccf0c64c2d48a34846c7660,0,0
6034dff6eb890315383e967c6beea1993a45a70bf4ebfcdf186b81f0d4c4054d,13aa971de75054536c32a4a9a601e79a98990dfca0378fd04e6bf7eea8826ec3,conv-48,180,targeted,True,1,True,True,1,58,15995,c1b5889ddd3bb5eee34cc39716f5cd00a948f06f0f7621c689b90aded044d931,0,1,True,True,1,58,15987,c52436a4128e250acb03551568e2de035e5a94cc5dfaaffb05ad8bef261e5196,0,1,True,True,1,55,15980,19df95794a0d49d626d98c81ec5b27e290b6a000c19ea8f34f4927fba8ef1160,0,1,True,True,1,119,31932,2079660aecb64bc05b3d31fe350585b4f81efc4a570e59ab17af821a6c580086,0,1,True,True,1,121,31993,237c23ef8f4f9daf2fbdb82f90995a03f2ab5c5e17f1a1f9051242c3295e8701,0,1,True,True,1,109,31944,2ffc9294ce715749d1501026079afe8599a7bf75f8e19df0c4dd1978b984ef6b,0,1
665180dd8d7ac6fed8fd2123869d52b21a0d7bb61614d748feed673cad755020,5619e17c4703896ae97d4d666c98884cac829fc391e730f99078a4f1b8200ace,conv-48,181,targeted,True,1,True,True,1,68,15961,f17e02508659ae95322880fe894f37273406ca74823777533b3b526cdc4f1a15,0,1,True,True,1,67,16000,d911afff656c7557495b032c0e987179f3ddf62c9fb2cb92e0c4f6f499d87690,0,1,True,True,1,63,15918,ffcba79552f3f07328473e91a066d2ed9ca12d1f92eb070c7e9564be59bbac2f,0,1,True,True,1,126,31998,6cc226a57b67132dfe3e4faab5f0bb44bb900380c62ace94d19f4e3af8c2e221,0,1,True,True,1,129,31973,23ed55ff84b2b73eac41f204c2d4697ff19d301a33645ca2d4fda6216c39c8b0,0,1,True,True,1,119,31973,1384a8a29eda8cbad4210e88d62c9c875bf5e6d719ea7771bad3467ee573e038,0,1
8cb145b464aefb622c415b755278dba0aacb5110bad70de65420f7c6876700c9,65ef78e5069de4de30495ef69966f499ad8080c254296d6e9e65048307eb4f37,conv-48,182,targeted,True,1,True,True,1,53,15948,b4db875ff9fc6493f7f172bfc106642e3e80ce29fc17da84360400b82090f6d6,0,1,True,True,1,54,15997,1a671b20583512b1e87b027cb2192cefc34274dc5d1aea499dab636ac5088d65,0,1,True,True,1,57,16000,1c63cded02fc34520023112b695b4b63b429e71a511059b19687962b2f6e53ae,0,1,True,True,1,106,31981,5c99f4c3e6c52cd9d61ef26bf0e19ff1818d4a54cd890f392e35893296274a76,0,1,True,True,1,109,31989,00a93bc63e3d36889eddbf0f9fa4dfdf5d5e1ae7f9af3d644ad043283cd0700e,0,1,True,True,1,106,31980,e5a719fac76af8d247d6567c61cae61efdcc94d567f9f7c2dc0205c8ad511915,0,1
c6dd15b55a214128281ec84c47b8c6e4f178bb1c1341b4ea0d0bb423f0da9e6a,ad8d1d5af19987158a2cc7ccc6f59894632f0bb082bcdd70b6cfbbfbc2dbf1f7,conv-48,183,targeted,True,1,True,True,1,69,15950,d58d80fb0e61b35eb3b14f2a48bfe1c22250a19f0953003ea9a52660ec5492be,0,1,True,True,1,71,16000,1933779ad9033130136458f301e677ed188dcb6af28e0181d6361845bae612a9,0,1,True,True,1,65,15969,3bd0e41d2898050d25d8b59069bc6dbc64d6226401dd4081f7fda8ca17c1558c,0,1,True,True,1,130,31956,8ff21f98aee87c4c74aa62f9339de45949c143bb9c05f941a48c17b186b0ef3a,0,1,True,True,1,131,31941,4af635d07803e2883403b049e91ce8f113f4a4ba47781770d81a0c6141b5b434,0,1,True,True,1,118,31999,b9b6811a0904bdedc29a6a0acbbb46d956d79f4f1f64c8dad0660eb45ea07363,0,1
5f1366f26decdae300b4a378f434b4a678863f5229c85e6038103207ec996629,1bf85a9e1f3af4a7e41ff61a45e581541ca65a1f97eaecfb71a8cfff43cd8b55,conv-48,184,targeted,True,1,True,True,1,56,15930,6c9433dbeddc18ca282f42a3b4f788fd590843ff86fe79e3869cdacda6181d9e,0,1,True,True,1,58,15977,231fb37010be4828f0fbfa80423d5ff2df649be95ce225d0a1b1f967a548ed9a,0,1,True,True,1,54,15924,ff62f8c30a1efaa90c95d068d114b640088997b38e0cd094706767fb6d15e269,0,1,True,True,1,116,31920,7b86c8a99aaee2e2cd0508b00ac3273a769d87c30c08c5a544e515dcebf6e756,0,1,True,True,1,118,31972,28477a5682818b7f23dc3509f973b9d82e6d8e8d8d808e4ea6f07dce36bedb29,0,1,True,True,1,111,31965,02c64954590730efe41524b43ed3314acd0ec6a9eb08d0d85bf80ffa69b07149,0,1
09d5d6c0405f6990baac718c38c7970bb3c90d51adbf9fd58bb5e8a610f5b496,018dd36286621dd4cfa11880009babba5061a32cb7310a1be1e8677440bebda2,conv-48,185,targeted,True,1,True,True,1,53,15949,a6590a6b9946763bba00e8d55322398e259646cc64a578c3a8ee46c2bcb4cb1a,0,1,True,True,1,55,16000,9150dc1448325bc1e69c4e85cf3ae906a97f5f83e578c36a57ee737a51d2c04d,0,1,True,True,1,55,15990,d9eb77938aedb79fe07d13446735537ad77be44085f3cd8df1495ef2e9ce85a6,0,1,True,True,1,113,31996,f55f1875f21fdd2880d5c3276dfdb94e83ddb4e9f7dc60852cbfa65d0ccc785e,0,1,True,True,1,115,31980,f31478edd3344c3c601c0fc279697e6810a6def84e67d45972d3a6a136662f28,0,1,True,True,1,106,31973,67e5256f3350ec139f4ca9451bc862bb10f07662c342ea0fc7ad243bed939c85,0,1
ef6e1a18108d76e0caf21fee530f4d3a48af326a6c39888b943e50606b689c9e,4e7d8ce077f1df588f4f942bcea51332f331704ac79bcd41c53731d9fed247d2,conv-48,186,targeted,True,1,True,True,1,57,15968,8c8099be2a7c0fe9de8f0fb3a33fe1255a111b48e24d5e0965ddca327f9d68c1,0,1,True,True,1,58,15990,1387d57a35b32def8b62e6934459be190b131ad5d7d9d6cfea020e23aa5be9d2,0,1,True,True,1,56,15998,5b255be09af1e65bac0ca0d8b4d1d2ec83690c26cc2d03dbe89e169a11a043ab,0,1,True,True,1,116,31991,c3d5663cbd84b3c7a8eb98b6fe202b9f829691338de9e8d163dd5241626d6651,0,1,True,True,1,117,31985,15bed391e326096cdffbe4a697196f498c4c95611ea1727098625f5c231f73c9,0,1,True,True,1,108,31993,e5278922687f5e8a901f912ce99ba1b0d5ad580f888ae6393b1ad51db872b3bf,0,1
13f95e5436e58e7115280159897678df5bf8fdc940cc8b3624c2a620e52e2427,f2f9ea406caf97138633ab1184434661b5fb5f32d8dee93588ab969d0f393114,conv-48,187,targeted,True,1,True,True,1,64,15987,968254af0784fea2c179ffe49462d12ee9df9c53361251d2b3f5294308374e91,0,1,True,True,1,67,15986,922fe32a9e2d42ecf461388fc9e1e779bcfc14c51a20ccfe5f3baff8dbbbc04f,0,1,True,True,1,63,15957,e9eaf9ae0ffa1506ba10dc34f45712ddf6a83445617cbc1a658724014dce28bc,0,1,True,True,1,125,31980,598872756201665b6e6405450a0e3d912cf1ea53e67c837543c1a6dea8d08940,0,1,True,True,1,127,31999,637e95fbd28f586e872cb698c70315acc3c5dc588c4d89d18c5f7b2dc09e1373,0,1,True,True,1,113,31997,a92d835bb553c9e87aa7efdc2b50d076921247ff82f8027e2b0307c153286fd8,0,1
2ca43863fdd8664ef8d6c37f4bebefd396e739a64554e6f5480902ca05cdbd21,185dbbe94333c6a854f85c2184953713fc4de7e5a6f4fb33beff2f058653bf99,conv-48,188,targeted,True,1,True,True,1,65,15934,2226495af7632507c6cb060d90904b66f8e616454eb17bdfac09a531fefc402b,0,1,True,True,1,66,15969,873e393383d525e1715af203b7baab2037f3f1fa043becf0a38b4a6a21b37f7b,0,1,True,True,1,62,15968,b08922a741b62ca8921ad8af0dc791ebc055c8929d0a524e516e5522fc5346fe,0,1,True,True,1,123,31937,26e185ad9acff690d540339e7a4502c94c5f46b6059996e01ea95c7f3502523c,0,1,True,True,1,126,31998,61d21ff495bf6603d7a954fa1de3a8a3bcbc6769577c5f9d56225ea4b6097594,0,1,True,True,1,115,31999,f4b3632498c8630f559c97ce705fd5a60da16488c3d6fd78145ea14a79a6f4d6,0,1
46cacc0f5e299e5728c5fbcf16ae8227e5c998bf8c7c036eb4c7d5020cbe81c8,0652b1273816744a6327993ebf8bed4efd47c5a5be5de8fc9f71e0f37bee3fda,conv-48,189,targeted,True,1,True,True,1,55,15989,955c4f863f4a234a5ff3c8ad4aaf23801330befe702cc39d9ba145f3f2108fbb,0,1,True,True,1,55,15917,21d66a2205d027d0b429061410f05599791fd7d1638a877291fb8ed87230d359,0,1,True,True,1,56,15920,2028950b2e5de6b42aa94df7ac6f356f236a02bb778337da1988d0f1469614f5,0,1,True,True,1,113,31980,350ac906d651d6164dc3f96f55dd61c879fa3feb67f9840f06a70b31afe0bf45,0,1,True,True,1,114,31921,71910e3bb4a6d227f24b900d0a0fed3e43f86aa5ba5740f5bbcec1d4381eadcf,0,1,True,True,1,111,31995,16dc98d886f0fcb04f8db8caa269a105e9f6abda5ec3b4547c4d8e456fbdbcae,0,1
a51bfa9688aa5c407f78148344041cfd1cf9bfd9f6f9d3f693248aa1e2c95c5e,e602992e72d0cd455f50495a47edb75e265086b37deca964762ff3be75fefa30,conv-48,190,targeted,True,1,True,True,1,56,15994,9f567f172aeb98be7ef6cb078bad45f07d62e7ad0b55cf403a2c0be1e630bfd0,0,1,True,True,1,58,15991,2f887c159ec2f93bed8ea85fd8793178c3db2b1620508e2127c65e6d2d5435e4,0,1,True,True,1,56,15966,ea09a35915b01e22e47f698cecd08e6e189d6b99926b6ef40ae64d705bbbd77c,0,1,True,True,1,108,31992,3c64447b671b5dfdfd4f1b913af9beca7a6158cbde178a32e9577d19fb10f902,0,1,True,True,1,110,31931,1a279af379a70548a887e9b4332a6998672911e87cfe4e95735f73b8967614cf,0,1,True,True,1,109,31998,081e346f487f4942ec47ff1570a542bc51d0bee713f8f7c0fcd7be90c02663ce,0,1
cb58c31a0b6d3dfb5958b095304a4e8d762e6acebb2a60d911ac9e53683d7c03,ecbfa1025cd6a1f99eef285c7494938da01c006a3e3f7c33a227f92dae7e10d7,conv-48,191,other,True,2,True,True,2,73,15948,e0d66ce1397dfed37b3faba423f68bafce2fa544e532aee67220de87db88d614,0,2,True,True,2,73,15939,360693efedc770bfe65a6a7f9caa20b8ad25ae66e29e1eb410fda3581765de55,0,2,True,True,2,67,15964,4c602aea7868bea27f70eb9e466e722c03c39e6969b3e5fc5709096fb9046100,0,2,True,True,2,135,31916,7cba4d8c0000b8b3782b94ecf41772a7eba55ed39c107628b6e867ba7b675ff8,0,2,True,True,2,136,31983,07052da93d8f86617acc119a679ce33a5b3d7bd3e6eabeb4e2f7dede7010c824,0,2,True,True,2,123,31971,f7230ce3c5700f9ab36006dca293d7a5162a2a4bdca74cd971e6201f78ee0a7e,0,2
e75cdf6cb90f633ad27595be5dafde60975a8ce1be4eccb8e4a70456b686ca6e,e64adfe13069ccce8074d47cc172407f30c92bdccbf571db29c5b1737b1700cf,conv-48,192,other,True,2,False,True,1,65,15991,39b5beeb4914df8218f97dea3b6bc79d34a4b40b9b38cf053a545804a90a2325,0,1,False,True,1,67,15998,465980d284f04dc0dd7fd306466cb7e6959a74b94532856e13163e3e48578870,0,1,False,True,1,63,15970,2eb1f56bd1ab88695c71d84decf2ce8a54407bd440df2d78c8ac985dc507927f,0,1,True,True,2,129,31968,0009872d0919a57a76cab4556f643de14dbc4f71a1da46fa29c8de4842595373,0,2,True,True,2,129,31934,d56a9aab0f083b8f3fed83cc8445c7e66f7790b37006883a8dc8be713e7af811,1,1,True,True,2,116,31988,2e8e9647d0b90a409c01ea824b0295c2d72bbfa8eb7646207c81cd11c15ba44f,1,1
203cd87ffd91055413799c69d905ea62348f2468a980f6a3325612f616f206b6,142112f016d077fe6e3c64f7d6fce433c078c2e246a3c3f7c544daef359ddbd1,conv-48,193,other,True,2,True,True,2,66,15995,cabcfc84d9f469d1b65f1359e4be54d76dddf464a9f9a1840d94382a59832e39,0,2,True,True,2,68,15974,8416a929dc6f958c58b56708f3cf20defb3d23e172501ba652a16e7fc1c2828a,0,2,True,True,2,63,15967,283ad77a0c96ad7af3312ee5af8f8e6644b9e4fcc5aaf07cab45e104b5b87bb3,0,2,True,True,2,130,31957,4662785c851722d5ba07bc20842e88b1832ba208996c50a9b92eb816db2e7d99,0,2,True,True,2,131,31993,f4acd7305e498eb74f4209220c44c04ac4fb23a737ccfd7d5d698a3b6730f07a,0,2,True,True,2,118,31991,db0e8fe53e5a6e7f8393d58b001d4bd59649936240711c0fbe50aa6c410e1394,0,2
43068c63b94b84478eedb25cb41fb89e364a6c82a75656e15d1da15b3fcc7f80,e643ec47890b8006dfc8559c8bda241331760bb92733642dcfeb2fc4f33fbb11,conv-48,194,other,True,2,True,True,2,70,15960,5e892a0aacc58e1f3692fa8abedcb77a35fee262bc6ca749b87b164731225048,0,2,True,True,2,72,15987,c28c597262f30f4af5093fdf86a37c1f82b25af053fe55b9a9f3b088f5647317,0,2,True,True,2,64,15989,4e14b9a39882cb41a19bfdb8427a29286940dac2db35a8c8c91136e763a89e28,0,2,True,True,2,136,32000,18c1e55d53d284b270ecaa62c46690e884e68a95bd493753cef5dc050aebd68d,0,2,True,True,2,138,31972,a4b84c8c3a731dfba574e972f9e493354de7e1742d1b0fe9ef97b0d3401ca996,0,2,True,True,2,118,31991,f51ab62c76bb6e72a372acaff2611f25af899c31236f5bfed767ea49adc03b75,0,2
910de9b3bd0f5e3cd5dbe392a7159dc9c7d9a575703a7a79ba76c181a298c2f3,fe0ebd21b6daec913458335037ff31ec8fce62eb2eb8e160c7893107479e3967,conv-48,195,targeted,True,1,True,True,1,62,15998,8d5a073fd88c0df5a12232d5646486a88072966b98acdc2ca24cde3e5970634c,0,1,True,True,1,64,16000,97e517ccbcb87883704104665f9c980254470c202f0143a58d31e40c2e96e0bf,0,1,True,True,1,62,15958,d5d10358ac360ff23bf0bb6ff87686675d8ed30c1a1a06b84b90842bd32e1ce0,0,1,True,True,1,122,31964,31da19b2c12b10106200d4b193ea48ac6814dede01cbbab9432385d3438a8487,0,1,True,True,1,122,32000,a3a0470908fdd8b6a9cbed14e3debc6e0cb487c30d88d3fe155f9f6b2a1c36f7,0,1,True,True,1,112,31963,06f4ed7b8c54e7eda9656b944b7c1f3201888933449088cd2ba009e3b5532861,0,1
6fc4cfef09c9ad915449226e3fba82873f0190d8cae5874d35ff67936c194e79,fc503b793ad0f621511974eabfe04fa8803ab7ff29871deef46bce5abe4b2f3e,conv-48,196,targeted,True,1,True,True,1,66,15976,16a5c5234a782bdbaf90e2d6b1920cab7900dfcbe81d7f48fbfc1b95e6baf888,0,1,True,True,1,68,15939,ac74b717311578d5fb0ba5eb7335fcc85f9068c48da7d8917c407debcd08d14a,0,1,True,True,1,61,15924,6aec4f2f29b31af9d7f4a15edbbb822d49618896dbef3f8f372e1f75919ecb2a,0,1,True,True,1,127,31961,1e15cdb26f7312022bc2a95ff6d3f2d270f65a148921b83657c1de861691cb69,0,1,True,True,1,130,31990,dc7b545ce17f7e3464d6c4d11f80ec35eb6e0efe09bb35bc135db28ce9ef0c9b,0,1,True,True,1,116,31996,e115fafe226070412901c0a56cf4edaad6172c2c854a036bd346ba73c6cf8d99,0,1
53b28669d2384e5ad7519ce41f74484b9d8bcebd57b398019ce829bfc623c593,e21a8a21f4b37c8e474b047ee3a48cbcbbd1a6509a11e4fb9e8513966f2e97b6,conv-48,197,targeted,True,1,True,True,1,66,15943,59c9debb9781fef75f79949f9616aea12c2c5214b24c9cbe48baa6ecb347adf6,0,1,True,True,1,67,15994,9c7a1ac85f1c0c41addcc03e9fbd7f31f5f6a957d37f201feade48d74db592a1,0,1,True,True,1,63,15994,d1fa32247173d9d6f81c28c0baeff969113367433a333e5f8da430ee693f56a5,0,1,True,True,1,125,31972,9b5002ee2d7af054da86a5024520633a68329847e489a9ae79c1ed81c869c78e,0,1,True,True,1,127,31994,61ac7f79c90c0b0ae39feb63675502ba783cf7428fac143f956b28832ff37ec9,0,1,True,True,1,117,31979,79bec0b2f385bcd1e6fd666b21afc7966d96a41a69f6c64f9db1144de8faa284,0,1
5e2906225b5043c7242b46ffcc2b6cdcf2dc713b06428570cc954c586e50647a,4ff46054b47d581363d7097349624f7ee0bfe218118c7e1930f4f379586fe248,conv-48,198,targeted,True,1,False,False,0,68,15988,aff15b130b13590bef7e6b94c24e36558712abc8c6ad81bdd2d19e89322601ef,0,0,False,False,0,69,15974,5647c13715e69885aec460b18c264d08d3feafbb0ffd7ab6d502fa7904019e99,0,0,False,False,0,65,15944,1b9b0b556b92a97e03645f551621b48f54d56dace802d84c9354a48cfde57cff,0,0,True,True,1,125,31951,24905467a9868aec42f7658c8a2fb859d741528e3bca9b0bce0697d31b1c0c88,0,1,True,True,1,126,31996,42a69a7369714320ba2014ba49e3aaa8e650a9198a3c5ef4be10602a2b51024b,1,0,True,True,1,118,31923,e8d11ac05416b63c3ec2e44fd26a769e15e1c481594161773d7d39bdfd2982d9,1,0
5c4c93d7cc99aa55cfdcffd32f4a0a6b414d2648faf7bbcb7fb0243e3b9110d7,5b360c6b33532ce492258ae881c33b7de2c91c6f922a50477e6d4ef354d86d46,conv-48,199,targeted,True,1,False,False,0,56,15981,8606c5d658b018becfbf149f7465b1d5b668a0d5deecd9451f678090dafda54b,0,0,False,False,0,57,15995,a5d16056d2c97ed3e26a609abb993e9f25ff32f5e655b9104b4e9ede5fb15daa,0,0,True,True,1,55,15916,1945d80cbea965b3db284196cc1e727eef9eb935204ee914e8fe31f93ffd990f,1,0,True,True,1,118,31957,04fc9042f53ca96e0f0c6d78f5148df1a42db3f9828ab978d1eda2825d7190db,0,1,True,True,1,120,31979,173a9e93434075126e8910d18f67332bfad9d79340854a80e1f5c984171b6d69,1,0,True,True,1,108,31978,1fc2f0de84baf980ffdc648c4e4e6c4366906d7ce80563274a6fa46b06e4fb6e,1,0
eb333494ee59cbcfcb0cdb051f27baa11ff853207ffcba720b6f2e4bc86f249e,a912bfc46c9fb479981d0413ca2bdcea60caf834f299f5953d2d2686f84a894c,conv-48,200,targeted,True,1,True,True,1,54,15940,3ed9dfe40fa9adb7a36f9396c944643a0383081ea2a3ccac19c55a68ecdfb380,0,1,True,True,1,56,15968,26a9ed162aefaaf3b34e644058e621461f3d779d9575dd957c850e0fd116c94e,0,1,True,True,1,57,15997,860835bc26250150d6c4d66517ada474a8fec48ad683ba89335105ee360d26a5,0,1,True,True,1,113,32000,737bd4fee875b7e4f10009b03d5a8051558b0e09884fb3cfbb4f7ef921aed68d,0,1,True,True,1,113,31991,f665ed6ca60d332076eed6e008e98b83dabe39a4d0dd9083f979e15ffc08e0a6,0,1,True,True,1,105,31997,0b20b6109cb36ed75a250887509ed91dab256122a584e5a2eb947bed7f7b12d6,0,1
f23bbab4fa14a0c39d57de9cdf8df599a5f56e7a1deaa6eff9e61aa7539ec0a4,aa2591d81135a07d3270e29824d8a0d2e73b3debf01a5f6a9c4dceb6ad5c5b95,conv-48,201,targeted,True,1,True,True,1,63,15994,f14fe5258e6ee01f94ea68faeeab28d9536c349071ba7d7c1b6996a67cac9d2a,0,1,True,True,1,64,15919,cc83f1c5eb5e98fbf75d50704dd9be80696c59e6a4db8f547e11c4f47496f196,0,1,True,True,1,62,15987,204299af7bbefacbd8459557315322fbc84d769b25d64cf2a30424ccfde557db,0,1,True,True,1,118,31951,02fa2fde66ebba8ae8f748aaa4dec255317fd1450930613fb252c34a66f3bca4,0,1,True,True,1,122,31978,8d81cda3d538a95006c6edb3c29fb2bc62b843c670f1f00a7bfff1b170bcd631,0,1,True,True,1,113,31920,280f18ed6525b088326dd5a4671c9b2f53dd0fcd49615ccf088411389d6c009c,0,1
49d3385cc5e2adff17649974783b0fbe3456978d5fa88b21b4e0e58c4a4249db,b2de63517f222d338ecdf8022effecf35319ad447d1148c159ebe67b47a77bae,conv-48,202,targeted,True,1,True,True,1,60,15999,502523a466f94b4a65bf33f6ba10acad276155787c7a92148d48624da58c017f,0,1,True,True,1,61,15988,e44ff555fc76456b1eac0d24e48188481dd3685583cd8ff6fa489dac63303a7c,0,1,True,True,1,60,15914,0b1b11fcb45f2bd70728d856a90ea915ee2027277f5dfe900fe4a02a79aac4f0,0,1,True,True,1,116,31956,8b4ad48c069f9bc20887e7c7e4e5efec86c0cfae981d95f403a028b80f69f2b4,0,1,True,True,1,118,31990,682d9ceab0b4d34c783d1a6065283d404d7518e69a69b743fc613c3ffe93ba68,0,1,True,True,1,109,31941,b003da96c5787963a884e9e1d92cefd06c71aac9a702a8e15ae317c992277c84,0,1
d67d03493326514f40342dd108d82779ad0b69fb20ba895d66b0db0c7b379ee2,57558a03436c78a4f53291c7db6580bb9e1c7b91952f67ef03519982b95a0361,conv-48,203,targeted,True,1,True,True,1,64,15928,fd43ec8144576f5b7d4c9913afafffd7d2280b7ded2956e3a813d15a3a867264,0,1,True,True,1,66,15944,8c0089ede5d59e38f6986abc8a4153e3f94c16db10b4e0154a863de76946d6a1,0,1,True,True,1,64,15995,d22729522aa16bf44b2097985b4dd014e9f270626201d56cc3529d860876b819,0,1,True,True,1,124,31948,f4b9be39ef50b5d6ce702fb13e4b02ee4f7adb4a333fdc020e33384b8a90182a,0,1,True,True,1,124,31972,44b49b1b90a67ced048432b3a01747702c1eb7048927602f3f9478f093190e07,0,1,True,True,1,113,31940,f4cd601bd4a8949263e0802ba060e6e1e5c2163f1417711b7ba25cd994b677dc,0,1
70415c25a16e0f9a752cd3ee13007d11aeedf2ab5d63342c43e0614670dbb1fe,b2804592c1eefe4b04890dc60ea80f000626c2ec386ce7023c319870d17c849b,conv-48,204,targeted,True,1,True,True,1,56,15922,554428b3bc8bfb3260b4ba1841d431cf84b2497fb88bef9170bb544a5fe2fe6b,0,1,True,True,1,57,15928,ab20d4afe5ad54851fb0a4b61455cf998269e5c063e1fdb224f896b30c658458,0,1,True,True,1,58,15991,1d6ec3f3a2dc2074b58cee3f019df3b50222c82a1ff66286f4a677935d7a5431,0,1,True,True,1,117,31988,f91effc64e4efc1645f194798793d923036a2e5c5d783a3d4fc9803a90331b22,0,1,True,True,1,116,31983,296729b69b4a37bf543194a9903c450e28a056d10e142f011c3a52ebadbdeee4,0,1,True,True,1,108,31996,a11ad79371ad40926cbe8d61de6300b074262df93e10b3cfbd8e679670abf42c,0,1
cb1a53c11685f0569d7233dbfdd4ae9b15f021e106a187720c42d94a67e34669,a10263c66168aac03904e8d16a1319468bd0c7ef50641843629af27075d6c94a,conv-48,205,targeted,True,1,True,True,1,61,15934,b125603110e0f5128b1c9671a501fd28d7c3b06b52f88a624b1a46bbba5d77c9,0,1,True,True,1,64,15992,8e90abf291c6012e39b7f17de8afb4c8e173205b525418793fa287323f6ff2fb,0,1,True,True,1,59,15919,10d3c64b315bc5b324b37c333db46924b6cfb8128e3e2f998d1cecafeab42766,0,1,True,True,1,117,31954,ba4767b6a1f4c2cbd927a90e1e42be41d0e7c65224dc752f26b2492f5cc4d162,0,1,True,True,1,121,31995,1572e5cd4b189c9d5f9274a4d02faf7d55a6e54e36da8542b2392836417a109e,0,1,True,True,1,112,31981,c2a8b6adc78f954eda82df8cc7e83546826c14aeaa935e927d251d96cf107d26,0,1
613a36700245091df93565ef47e1573b4230ead59e8209d9b63a978585225c2d,152526494997b4a3ec8edb84ce7d0a7f793d912d192d0f297001a9ab9db26216,conv-48,206,targeted,True,1,True,True,1,59,15969,fd9420064c5cfc3f7bf57ebfe1353c7d4b0313ebfa51332dc1dd0a6c607ca344,0,1,True,True,1,60,15916,27c0aead6d0bf7c9dfe325758d5b866214e1548347b4fd4f4a4bd12e25244b5b,0,1,True,True,1,59,15986,dbeeab3dea921e8d706a840e92d40a918034d29c4c7539618a01767003748205,0,1,True,True,1,111,31967,5315addae634a3e91085c394edb269aeb9e6c5df4703cd04fe2e5ba145d62fa6,0,1,True,True,1,112,31916,7c628107e7b3179ed33ec08fd855767c6c78d53b42704af63b9865d77d26ce12,0,1,True,True,1,110,31917,a06ef194e0c6b1237b0fe581513612c656f44f352daba333aae2cfb09c85bf01,0,1
6b0e7ce17934741fc4d59361e409528a48c13abd964a49db958f230b61cca047,3a367a34263073cc71d2a08d18d91a0481c15866ee0648960a9fb14447ff213d,conv-48,207,targeted,True,1,False,False,0,53,15994,b27615c67e4713981c10e6804cccc69b4dfc4eb2baa0fc2923a9c2019889eaf3,0,0,False,False,0,54,15994,71da77ba14e81f96a9484043f012de1375c30423a4886dccfff7070d272aa3c3,0,0,False,False,0,56,15968,52f7be7bdd42abc660f5a17415c616551fbb607f968547c911f045b2c5bdcb54,0,0,True,True,1,105,31955,e217a11b88386245e4d8a522163f572dd4e563a7b94115297e13e9ea7f760a22,0,1,True,True,1,106,31939,537ec8c4c41faea1cde39805e531823ce048f28fc7b9abbbe73d53f5be2bf88b,1,0,False,False,0,104,31924,1bc9cd5503dce566d5855b32897d90bf138c4435a975bac978c0ec37498dea28,0,0
0c3ea400b92139c937dfbc5de480f4fc89183a8f01c39c64ef43fa5b68437bae,62d3200934e200d7222112eee14baa3cabd047eac65550ee0bd0b2e5150df45c,conv-48,208,targeted,True,1,True,True,1,61,15963,2e6d6c84f684b69cc5c0c948c26f1edc2e4bf41a7b3b76019d9693966ab5fd31,0,1,True,True,1,61,15927,ad04a257ca7b87f7a426b0ff3b92bde4d6d4323a3ddb9f3f71ee0be53a19a2c6,1,0,False,False,0,61,15914,574358358dcb367313d1f7ed2004538a009a73d20f60211f3a06829caf2bb9a1,0,0,True,True,1,120,31990,b42c921571094e42d7741cbcc6d06f15b9dce635656c0d949ad4b3e2ef2ecb1c,0,1,True,True,1,121,31989,e6ab07c54f519bccc66bedb59b670328787530eed295ebb7d10917daf91e2a6c,0,1,True,True,1,112,31996,499f9afbaa119bc350f4bc96e89782ef1f40c32dc77460460c54fa3e22ce6691,0,1
deca094b1125816dc3c1d359b0fda3b404cb7116efa1c0089ae231686558929a,3219121229392fd5e5416c7827049a995d947973530b8e98813b1bcdc6b4e2e9,conv-48,209,targeted,True,1,True,True,1,59,15976,bd42aeea394ff3dc20e5c789cd8f47666b16c8ef87889ad74228112f5ed6d59a,0,1,True,True,1,61,15979,c53c72e85e2cb076459dd1ac33aa26aa9db1a0d77f330ae4c0df1d52611da2f6,0,1,True,True,1,61,15993,2ff32fec5a17f89a8dad659a5ef606be3bfc4987bedb79d50b2030560194ea54,0,1,True,True,1,116,31915,6f7ad32766a1806df6dd390d701c17065091eba5f8afcddb49dd9b9fbeeb3c56,0,1,True,True,1,120,31989,c22ec7895901ea26585b495e697da4c9e4a439685f10f2dc43e6fc641a045ad1,0,1,True,True,1,110,31981,d5474a395fea49b7dea52541bc54c0196d84001f08cb9a03ee82042871900717,0,1
8d6bbfd1eee31fca46afffd13b4c7f7121031e781f7fc0c5d94b73cd6b54ab72,f05902d43a348f715a4356bcd1fb15f7b189cabaa641e1ed9331b87673087f04,conv-48,210,targeted,True,1,True,True,1,61,15978,200aeb7ce7a5efd31da2e1be45eb0b72b754042e0250369978d718280b0a4ee9,0,1,True,True,1,62,15937,89abe06de4d6a30c84a9feb661e7a0f64a1b66dca7577edcb3f8201ea1c267a0,0,1,True,True,1,61,15919,34f191f488d2cd7d45a05f136d1c4986e60b2b2d617edfaa4c8d79d78c4941d9,0,1,True,True,1,125,31973,147da6e3bb97d05d9271bfed37a0ae9eb1c7ad5c30d3e5171395e4b9afb95593,0,1,True,True,1,125,31923,4d59efeb5c0a04bffe6b7e0e037aab2896c3d036f76fb843d9e59c0ebe0473fc,0,1,True,True,1,115,31925,eb86f33aa1c9c526c1d873248be4283c3f3f2aadb78d20fae58f2299ad620286,0,1
284f2f61c6ab4a475bdec440775c2c36a934777662dddd38f5fb4d0dd5f76eeb,1cd587b246bdf181721540216bb224edd0d77605fd0e89bf8b59a4de2a3949b8,conv-48,211,targeted,True,1,True,True,1,70,15977,34f49dcb33ca947118325585c1c8914087c4a69f7e5ff1a0f761a6dedc8db838,0,1,True,True,1,72,15978,2146d3ffd14148f14e44011c228ef0d93e11778298366c7e3d04b186de47e934,0,1,True,True,1,64,15987,b5acd300cccf449fd1b886ccd69da50cf3c0f204deb626b711f518f99451fbbf,0,1,True,True,1,131,31919,31942e2cef9ed255a7114c0298ab9dc2e2096145a62739c4583c3149b74348b3,0,1,True,True,1,133,31919,c25af5c4634ab78280765b24f976d2c41dd4342bf815d74bcda23a69f168467a,0,1,True,True,1,118,31918,67344eb311a395138502a77886a14ba3d9b49a53106ee76c750b0158a2ff2902,0,1
1a3ad3ecbfa66e62ac4a10673ccb44289fee56c54950fc16d661598471b50f65,0ccba411918b5d4262935ab8482473fcd7a869624d18b4c7b8b0b5c50f077179,conv-48,212,targeted,True,1,False,False,0,65,15918,f0d63f651b907d7ade385a040fbb475b67ce17a66313a3a898a5ad823e28a27f,0,0,False,False,0,65,15999,c93e8dc5a26d49ab77c5b157b3647131e6f02b8ab78befbb43d970637bf9e179,0,0,True,True,1,65,15992,0c82fd315277d59312761888748cf4153b3330826cb33f8a7897b8b823d9f1c9,1,0,True,True,1,129,32000,8b7eaae791cfdfe69074ea51ed44e8090f4da3e7c9c4bc165784e783456668a3,0,1,True,True,1,129,31994,26c5eb4626fae96466c076d5f11d38edb892cc39ab4f59fdae80368e8bd1f2ab,1,0,True,True,1,117,31967,8f01c8ba05c76860b519731e708101db710192e9c74e21290973938e6b631e73,1,0
84c29e1ce33ae2b1b94aff646d6c2ada96b8747c24f20c635b79fab41aed178a,0d34eef92d89897e08173f9db8d5ee12ecd7439b5600dda65eadf77b941a905b,conv-48,213,targeted,True,1,True,True,1,55,15940,3ed1dc3b51161bcadabf6677c7342331d4f5a72b48c3ba43d2e9ba08b6cc673c,0,1,True,True,1,55,16000,1a9b00b852e9720e4595ddff427a8a6992fba061b811a79a4182b451b24f0d4f,0,1,True,True,1,59,15992,e58ab5ba9f53cf2e2c44057a8f5a50b3c1b16d4fb6aacc33ba1b31477d76df08,0,1,True,True,1,108,31940,abe0b6bd6e0d539121046d0d7d8e9918e2d766003954d774020947456f44c621,0,1,True,True,1,108,31965,44cf9e4049eb75de50f9d98d5b161b258f045627e80892991b82c9c3c9666104,0,1,True,True,1,106,31978,13c388eaebb3d472ad1c88741b575f4b8bce37f977422f8ba7342e9db82cbbf7,0,1
2112becfc5ec1705caf78e17640a03dc3bd6cf65179b4c682cd21f5f93d69afb,098df0b45b3394a163a9f29ba2a954c612c1be5a2d64e2461e79cfa34c551e90,conv-48,214,targeted,True,1,True,True,1,65,15975,b670e0626559d38434f3a01c101561824cff4ec55e80306f52782591d161576d,0,1,True,True,1,66,15982,b47fd1bd8607f79c1f613ec8124ae83d56efed771ee4d542ab50f70de6971753,0,1,True,True,1,61,15974,8ca8afdfbfec4d1f6484545b8a117aff111c05081b122ca02dd7cf8b88b9be97,0,1,True,True,1,119,31993,50a2966c04d4c686c82c049ef7d58cbfc18d60b1520c7b8200a8ac3ce7d72a64,0,1,True,True,1,121,31989,f9b601bcc0767a17a6cedaba7a6f8bf501414018711909b4ff5258f5cd7e73a5,0,1,True,True,1,114,31947,a944a5bf05099c56418fd3fd300ef27d5087a87dbb0ac18e3e20f0c7e295b560,0,1
25b36410abb9d0c7568c64e3492862468e366fad7da1a101fe3fed978dc59b58,186699d2d95251d70aa8d16ee03ce222e7d41677b853aab7786c89102b9b3761,conv-48,215,targeted,True,1,True,True,1,71,15990,799f9c6804a86a8b48a250fdd5f3e82591c480fca25b58fed88d550613eb5688,0,1,True,True,1,72,15976,a6ad9376eaf7d051c917b3e110fbc62da56e5ee715afb6a07e113aab7ab0ee41,0,1,True,True,1,66,16000,e8ba7df279ea413848114381891972d99885968b2a596fd2717be11e6420d88a,0,1,True,True,1,129,31990,09c43c05b84e725ec02264a632c2b5286b53cff2c65870b0a5a89f6e3fd00890,0,1,True,True,1,131,31983,d9ce781044d7a536859d02a269f34c390f8c52819cb847dfbc7d0caeb9deebce,0,1,True,True,1,120,31980,a0aba405719d2d6275d3596205690a1823dd20035d46fd8322e8998e61ac74d0,0,1
7a1c2c3bf34ef36c2e54a6fc1a851a63e542fd29a84f23c875cf68a7236ccc1e,7ef33e536006de1ccdc6a185ef1f32c17c6623d5443bd0b609dbb7b5a22d462d,conv-48,216,targeted,True,1,True,True,1,54,15920,80f1aa1be765ca42fc94811ccabad2627ad694cf368cd2db7866dada0cc6c8f7,0,1,True,True,1,55,15994,50512d71ccbf72687f5eea20574011da307be5cd3fc964263b58486e504c00c9,0,1,True,True,1,55,15983,2fe7f428bb1a53889a64c8234ab9f3ac81f55ab1961c47602a6b8b8ee5b11090,0,1,True,True,1,115,31969,01e15846f74aa8b6b2d26f426c8a7146ef7e8f79ed3e2eab7233e65f3de49086,0,1,True,True,1,116,31982,89a589d74aad3f657dd394fa7ee886a5b73964d4f72250314a2a462286068238,0,1,True,True,1,107,31968,b20abb8cebe062c99e999eb6f9fa3a14a9cca0176da43bee8f6f0af5b009878a,0,1
ed35d7c5f50a42cd9d85b7bbdd97881b5388bdc725ed3139c3b25ff210f370e2,19308e9721c0055d65f2face19f12357840497f735cc22487c70a6fc30a3bca7,conv-48,217,targeted,True,1,True,True,1,61,15975,8479f55b4f0d15752843e185cc1a9e6a1ad0201081ac839612ed83921dd14b7f,0,1,True,True,1,63,15985,8ad4a305591a7d17aab8ad6eab6a7bf9c2ed6ebc052b6b85260a21c72537af14,0,1,True,True,1,62,15999,db033cc8734e838745cf91576b5c9846751008464933de0eece0d56686582458,0,1,True,True,1,116,31943,2c3e5f340c527230234e0eaa8315cc992cfc618f3efef1056b50434328a1bbd3,0,1,True,True,1,118,31999,6422f615418c6576d8ab98ec7a0ae6d791a100d50958abd11176a883a6f9070e,0,1,True,True,1,115,31953,f9381afbd6e684b295f3f24b0532270a1e1ce8780a7492dc3211e4dd09086a63,0,1
4a35315eceaa0c7d508450e8a70e13b3d05b3cf64343f1595f835c28292bd382,763580bb33217f48883eaa3d8ae13c99febd9a4747687ab8e8a43677f9ea1475,conv-48,218,targeted,True,1,True,True,1,63,15941,4d7e65a080320119367d5c819d964047b9c535937cb14398cfc6f5042691bb72,0,1,True,True,1,65,15997,4b95dc6021373a2ca94b308d957b1921049873713165bd9a43f93956bd2e132d,0,1,True,True,1,60,15997,e83841bdae5f095fec53133060d898028a28d8709fd71afc0658179c39e076fa,0,1,True,True,1,123,31998,fb44eb7032f8800cc692954cf835d4399c71d4eca520f60de2eb1f81e73cefcc,0,1,True,True,1,124,31989,f2008d69b5a210f55d325a9985b98f1185844c83de2731b945f2bbc5f6b9a877,0,1,True,True,1,112,31969,949c9b49e11d9d117a65c153a17a0a5c1ab2699cf580f0c8bb8605568f588941,0,1
e09412d68f3fab95f5954f7012aac9144792fe27578b31286e5677de1174d69e,6b9ea3173d19da1b3ac305e39d549e253549487408c2fa352b4143fd6cabffbc,conv-48,219,targeted,True,1,True,True,1,68,15943,6489df409f19e1d744591fd44c7fb90a3bbcc4a576a9bb7e206fb81e1ac9dc52,0,1,True,True,1,66,15992,d63b2ef5eaa807c090f0f08f0841101eb123b3c06d8149dfc10a6525e27d2884,0,1,True,True,1,63,15997,08d509ef1cde448bfc64645d04d92a62063288ba30b00b10074e7356c06d2661,0,1,True,True,1,127,31993,a4bdd0440decccb5ea09d09bf8b27f56dfe9b750ee473e4573c91cadcde3094b,0,1,True,True,1,127,31974,dd2c56c86bd33b9b3c678dcada1575eab01b978aab017aa1fd4a3ea69c181b5f,0,1,True,True,1,118,31972,18fc83880a33eb421cf62d15e7683a494acdf183f34f5b3cc54c9adc23f7255d,0,1
4e1c16cba2b70dff2b404af312157eca9a03aac7a80490c2d4cb9d275e23ef92,042d02c64cd5113ba315a52bc9c84817de0410550606f2c592598b77c340e6f3,conv-48,220,targeted,True,1,True,True,1,66,15939,678af5dc863330c8dccb183012437e62f517483dbadb5e10ba4db1b5ebfd32ec,0,1,True,True,1,66,15918,9c68ad7fc1830b07a05174476d08b1c5cf1db4b89ab19fad4cd7d3c1ad6f9a85,0,1,True,True,1,65,15988,94d4aee4abb72e62012fdc9e1577a84a6d68354f51dbc66b60ab3d6e9569a4ee,0,1,True,True,1,128,31975,e7726cbdfe7364d99e648b64ac1a2db3e8050ac0c05d498feba49874e5b856d7,0,1,True,True,1,128,31994,1c11862225a0fbfd93716e72993ecb4f33f14f37461618225e4c75ac29f794f5,0,1,True,True,1,115,31946,9e728613d8f9812d624bd041a7969c2ad8901d8a6ddb8546aa6ebc362355ce14,0,1
dad53a0b3c0cf4531ba0a453080e28738b9669970beb1e4274a0f1091594d136,6e80a5debb5c505864d0a2f91c040cddff51eb973d29efacd04615321066bf91,conv-48,221,targeted,True,1,True,True,1,61,16000,c713cb225f1bcecc6a69c57c6983df401bb95e02240f1e4c82cb40c262c46b5b,0,1,True,True,1,63,15968,89d9e0a901b19afb61dc1410fcf61edb7cf134c93a848ff8bed6a6aee0724071,0,1,True,True,1,62,15983,ce87727a95dc9e1f96bb14139488982b1a6601db9255576adf30530f54337432,0,1,True,True,1,119,31989,c9cfe5289f2b3bc0933d1d8225d17b8f62629de89b60f8e5a90df7af28ff8d12,0,1,True,True,1,120,31928,07fef4e6b0c2c9c4bcbf820884956ef374cf4e7ac05d60f33f63d1cd721cc32e,0,1,True,True,1,111,31971,486a2e86d68f4a1fd80f1f134761523e5dfdb6ed16e49e0cd029d355b961890d,0,1
1ce26e69cb7b5f1f6750d8a98ac104321c1d6340d55c5164ec0d2625c962a7b1,df98b34b4b2655e7e816e8764e849896e9a97711f37f8de01eaefa9d50d5e392,conv-48,222,targeted,True,1,True,True,1,53,15936,b636fc2dcaec311ef222fbb02a7ed1fe5054f17d79ff08cf74d84a1602d2626f,0,1,True,True,1,55,15946,581c56105b47e4aa6ca5cd664481858de91bb32f42248813c0d4fc6cb0576287,0,1,True,True,1,55,15943,e30b547a75a58ca5174433096b698a4e876272579087474fd0fd69a0528cafad,0,1,True,True,1,115,31988,d5095264d393568cccc06e9c8270466782d7e2050a8ff1a35e257b9265fdf281,0,1,True,True,1,116,31998,831437c2c1c720d60f00f683445913c263037311b92ecb3f306c16d829eedf88,0,1,True,True,1,105,31994,c0f2befa8e31d519efb66cd94e17df24b80c95108c6a8e04647c8d7a4dab8142,0,1
e076157a670b03aa1ffe8ec253f5830c723343f6ced9b10b902c41dd973e36ae,f51219814b98a7a5c7da940079d75df34233e3dcfe4014de867fea39bb81fafb,conv-48,223,targeted,True,1,True,True,1,55,15974,57beef9d0a6a05290acb8b7c2259426f43532c137aa5f8a3a1e24e9e93fcaef5,0,1,True,True,1,57,15968,839a3899b13a5dc7d4a7ccd64e0326d07c769bb60710254d5d86457550f2f7e7,0,1,True,True,1,55,15946,8b9707c2efda8c9a56c0e3bfa556d828a17d8389390d8dcfae7b7118302f1d14,0,1,True,True,1,121,31962,1a4accdb0785bfc9de5a88832524022de2ad8cac92d46707339e4856c020de29,0,1,True,True,1,121,31962,091cf354fa6f761f2ec6b8d9106c848279d992025d2eb8dff24c37fb37308db8,0,1,True,True,1,108,31990,b9358423b801987ae5c78d80583c90320e3ad4aa513f7ba48fb7e5579ace7dca,0,1
13c19b8d93a465c21b9a9892c508e64ae7429f9607db045a29bacb7ef33059ae,f9afabae12c64a39b051b0d85a6dbb0b8471c269b6743e0d01ddc4192035345f,conv-48,224,targeted,True,1,True,True,1,49,15998,7ae28b78e8c222bfd8d67fc1a7c96b7643d84f1245f8c99433797a4427285494,0,1,True,True,1,50,15997,9a7f5671121b1dfd21526293795f89cbd97ee0f9b7364457b59763405a382066,0,1,True,True,1,52,15967,49ec2cde16a2cf969ae5dbdd406d369c835c535c962b4bd9c6a3646bf89d273a,0,1,True,True,1,104,31931,63f9e3b64c3102c5886cd8b57d8b36eb26f3293caff5f106b03906d57afbbc97,0,1,True,True,1,107,31986,3149ffda6a5f4242a55271b4576fcc00af43a31d13c1e930f603df5f24a17fc3,0,1,True,True,1,101,31947,164c1591754dcda64f78155104cc1ae0f82579c0735471b5de289ef3a88a3686,0,1
d3fd7d76a5877ef4479bef6306edb546a3b22ccc7d81130450f97ebcd94f1d2b,d4d61a70f600cb46e0bc5afcfecbbb6bb2ed3e5e0559d384c4554ba0b70cbd19,conv-48,225,targeted,True,1,True,True,1,58,15965,21a3b23e9a98e3aac66c2dda1aa3d910be10f391812cfd11e705667369a9db86,0,1,True,True,1,59,15999,99564385ff454cf7140f478bcfd7a61f5e21a76c9fd2de9727d7f7899fa9db6e,0,1,True,True,1,59,15926,15a77f129a6f737d2712eb55b0a5478227e8fb3cda95517285e7287d6106d1d2,0,1,True,True,1,113,31924,fe716c871c2fbf7f7e662961b74d58e19fce80680cab9972ec21854238370756,0,1,True,True,1,115,31971,39e35cff3752bdf4380e981bcf3f7032a8d0cdbc72b0e26ed0d4addc2a12bdf0,0,1,True,True,1,110,31978,3f17a961df267828f05dcf7521fb0072d2b88272c83f4fe5a3a5fc8b933913eb,0,1
fb9222a2b3256f00c673c27900930e1b423ebbbf4bbec88088d8ddd93244eeb2,f61d9619e019270b8134e853b23a05258237553d89ad1623085b9bba40595f4c,conv-48,226,targeted,True,1,True,True,1,66,15978,bf3358dda9147aeca03b95b06e4ea6570ad87395a847fa1e7709b5c321599b9e,0,1,True,True,1,67,15971,1b77f7ffd7b731fd945b25dba5639566e5b28c635d97a0d7367510cf8b7703bb,0,1,True,True,1,61,15986,95ef38058e4440169959f5bdbb3c1d08048aaa7d6603bbd9b8937cc24015756a,0,1,True,True,1,128,31960,deac532c2330ab19818805d276da4632ef22f927925994b632f322909f12d7f7,0,1,True,True,1,130,31994,da0db2a78a893b4ae7d3490dc2ff591d79c7a0e35fc88face6322e77290fd32c,0,1,True,True,1,115,31988,4f05d0ce4393c3dee04dbfb5b2a5a47ca800f5655964d9ec997cac51e7e0b553,0,1
435775422a4437ac19ad07e5bead1dea816b52dc36a890c9dd1da4d60f2c266b,c546c564d482a8dae12feb6239a4d9308f4111a76a2387e14df84cebc30f3c74,conv-48,227,targeted,True,1,True,True,1,57,15949,7e88ae0a688804ec3b34cbcb87a0a1798008a30af3059ad57a4e68e6c07eded1,0,1,True,True,1,58,15971,cd9f3e159910d1216772d1a87e88d7ad57fd624d5b864057fb1666cb0a9aa86a,0,1,True,True,1,58,15996,4da21ba58a3f74acd7cc73c02ba1e5cf8273bf525f8309639a356f056ae86ae5,0,1,True,True,1,120,32000,fe5a4387c660920075f7a3295aef05dfee54f94360558d2cbc35aed96e188ec9,0,1,True,True,1,121,31974,6ed011275eaf8fe0dea368c93bc8c6b1988915dd9169b0a1e3d895367acce99f,0,1,True,True,1,108,31970,20363f59b2449659788f14b1869f52854afa236051f560ca6d67247df9ef6ccd,0,1
c244b3cbaf33f1db1a3a8ab01a18abd9c55073309887d689936f1ee10eb59336,1ab52df65eb1cbf59822406ebc483ab49bb189fcd76ccc588d7dc664118f0488,conv-48,228,targeted,True,1,True,True,1,67,15990,6b909790a2dd5429286c1d022f4ad7bf3446722c6abac4bf76192a2a55378446,0,1,True,True,1,68,15971,c43a83cb602890f522e2b4e1b607adee8ec5802b02f2decc3b6aaa970e9e6a13,1,0,False,False,0,63,15997,bb86773d40a2a6d94f9f1292b25dfe3d6670239ed7a645e5866b48b370737147,0,0,True,True,1,130,31975,786a3b475fb513bb4be223be27c6109493505691f166182eeb8af74e81c53785,0,1,True,True,1,130,31993,bdf3948129343c8747c49b0ca2699d669b3f9be6cb946e2a0672d332ac5bbfa0,0,1,True,True,1,118,31919,8913f53140380499a49477b3df971e251e3f0de9959ad7b5b3523b493de02370,0,1
a36d682e132882f017b92229666b85e86658056cc018f9011faa83607b61014d,9eb21c32ae8d285fce6c6519a2cfd98140a0c392ed24d4bc0600cd4396cced30,conv-48,229,targeted,True,1,True,True,1,54,15946,07c9d73590cdaeeedaddd703eff6c09d356448fe357dd712adb1795f92ab4959,0,1,True,True,1,56,15999,c5065c11e67385932bdf70edc6d920454734de0d42ec3fc8e2fda303673865c1,0,1,True,True,1,55,15986,f923e5d48e2d2e236c5d075127898da2342ecfc04f3924620b6934b75b08cc40,0,1,True,True,1,105,31994,c27edde74a51ad8a607e88638bf619d3960db9fa988b0d05e4c7b88462e57647,0,1,True,True,1,107,31958,c95efe1782859e4f3a6770beaed5c197138e10dfd61bb057a0b62d35d10061df,0,1,True,True,1,105,31974,027234dedb5ae6c6a4f0277fbfe137f3c2a6bcc4d125c09651d6854aa8b0e0ca,0,1
c900a8f9029538afc86ee84aa232b26e873c3b3581f216cdce90422ec27d8f9b,9c87801b39863548a78add4f145d0e0c391d1b91b49ec88febab8f4e867213a1,conv-48,230,targeted,True,1,True,True,1,58,15924,46a30e9113831241678a059d996e9857576db2307cca6f8db3cde632e38e1edf,0,1,True,True,1,58,15934,1380dc29175b96b3cf91c0e4037aa64d364e757038f3bc960fe8e2610dfed086,0,1,True,True,1,56,16000,18acbb1ca1ed05d18b640beadecf234ef81080c4e802b81f5b83cdc267176b9a,0,1,True,True,1,118,31986,5987f1cb7b7b9064da338c1434be14211a63d6b5ffc0717429e1363ccf4499df,0,1,True,True,1,118,31996,9e69ec69e2a2bc5eabdf702c5342b8ad73a3b44bc3898bece51e61bc6de32da7,0,1,True,True,1,108,31994,977fdd08945e62d72a93a6bbb3f915bb1b3abe2ab94e0b2a36c04b79dcd95252,0,1
55d37def282ec957fb2985876aa4757c6d05e7ab8d3716927389bab505036581,31a6363821e68e2d267dd29e0c41625cf48d2c7caa101421b917a621378c0fbb,conv-48,231,targeted,True,1,True,True,1,55,15978,2c6077f78e71f4d8183a44b6655639e270ecb11dccbfa18f7ddfd6cb7608c76a,0,1,True,True,1,55,15982,92483c95155d5546d13927401a32cb2be88e93b8f4b96b08deecfac58fe4217e,0,1,True,True,1,56,15991,5a8b579783e4c517bace203afc5b837e4e8f935ca120d505527daae7807e4f01,0,1,True,True,1,115,32000,e69a8b523029526062123508092bde0a169748770d154eb9ebdd139e2ad021af,0,1,True,True,1,115,31920,b8befb4b5cb0ec3af58947bb34ac82e9b5d5de7638e8a02cd82929739229c516,0,1,True,True,1,105,31915,e17ec7c4abef9433903eca6d8e24de699da3c01ac977db6a9ef41c82de9f2fad,0,1
534b5d3b41067844f273f509b01fc1adbd251598f3496b6f4f5312d2f85f5af8,c59b3f3594581b4ebe2c5133932e3af88b4c36223dc8b492cb4752276fa96529,conv-48,232,targeted,True,1,True,True,1,58,16000,3c4ad429f4a9aca679aecf04614d9ebedb7a6fe460da89c219fb48915873f5db,0,1,True,True,1,62,15979,f4b34aaa2928b1c9d522f1cfb43b660ccb6d7692cbdde7fc000747b6e96edc92,0,1,True,True,1,60,15983,772e6de532b12b180b264cd6eceb47dd9b12ed4db520c768196495c6bdfadc61,0,1,True,True,1,120,31930,cc9b804903dfecaf9755dd81f7b48362a376a24d5c58105edb6e405fd86df724,0,1,True,True,1,121,31965,cb4cfbc3e3e52884cbfe98b5f695dfd8f253b498c8a21954cda55cf06cd41e54,0,1,True,True,1,110,31927,6545ba91e0839248b2efdc291f68e4e1fc8ba0fd2b430583f709f8ed5cb4f4b8,0,1
c20249e03a81f1c7eedbbaaf2e0cc72fbc4ac539a3f13727b01328f1ceef0cec,84e11eaa497f9ebe8a1825f1419372608e1632ff0e253056e310eaebadbcd56e,conv-48,233,targeted,True,1,True,True,1,55,15978,c7f8db3a393663b3fdd66fcff6477dbbddd3586b7d9ec1ac15be8bcbc453c00b,0,1,True,True,1,58,15990,93178605f5635659d1c55ff09846a9a8e34362b1693c1081bbe5da521dfeed1e,1,0,False,False,0,59,15960,ab66c14016358dd94c467a6e9f04891509829c47be97155440758d30835c4bc8,0,0,True,True,1,116,31956,4cb3797c44d45aeb0dd91bbfbf24c870bc4127279f9330336c8ce597d7118389,0,1,True,True,1,116,31926,c70bca7537e517319682218ba0f6caec9fa609faa652bf5c0bafcbafcfee4d80,0,1,True,True,1,106,31979,135f0776bee48f923856f013fc25e64eb3dfffd256b525b0b63f21883b11b24c,0,1
9c2211bfe4a3ec843770c61d3b68d866db6ccc02e8effec6d386f421b94cc7fa,37ebe4fe4ebd0cde3aa89d4b7995a72a09a994f06f393b9da604c946edd4545e,conv-48,234,targeted,True,1,True,True,1,63,15992,cbfdbfc0eb44addf93666d4ea8e4443ca7c525bb4fa61e223aae9e7b425bdd5c,0,1,True,True,1,62,15998,081ba580f8a5f1e8dbace2e0e4b2a9f713c9cdd12dc1e73b3cc69987225e3b6b,0,1,True,True,1,63,15994,13539bd74793eaa599d10290c0f1aa1312fe00a1437d193552a2f58b3285aac6,0,1,True,True,1,121,31979,a30039c0e70dc6a0824db5c6b834dc3ccc27c5d68922d9310360edd514e4d023,0,1,True,True,1,122,31996,ecf85fa90ed8184dff8819023572c4ff953b482f482d527780037b95e97d92e9,0,1,True,True,1,112,31932,954d17d73227ec0d7fb4442e18d550ddd48a59060a9b63d1a5a0b3ec45ce1a05,0,1
a4978e92f4f77283dbd4bd460c89bbc5ed2545d5e6dd0c619f0bbf9cab10813f,a946feba82bd42b49a2c22e719d87f7dd4ea54fe45595b6aaa0009ec7cbba79c,conv-48,235,targeted,True,1,True,True,1,56,15923,bc63ab9dfa63d93e744dc103e7f78174d6d9462ea2326562bf4ffd7abdc0aecc,0,1,True,True,1,56,15980,618d8eed89ff3fb1a43dd6d02683e04366c3ab642c477ae5155958a6cffd8713,0,1,True,True,1,54,15929,e5fc2cbc6da0d9a8de54f39089da64aac1e8174047e680561019c8b28bfee7fe,0,1,True,True,1,115,31959,c092434de4f4d404a4e687ac1bc004d514c7eae93cc064e1f8fa07d50526749c,0,1,True,True,1,115,31970,00b1a14f049700a1f7a4649bb125b1e8dd6d76dced8ab5139d58d83d0c50f978,0,1,True,True,1,107,31929,0c7d9d6761be167cf97d0dc83a54554355941491f186309085a5e7a9e47ceee1,0,1
807e37f8ab0febd87afd6db8cfe04d8e92c5ffca83dc368df57e51544f296a8c,5a5a8109af9f48a39961c3249c33039457ad9a6af4bdf727388f1a27cf9c2651,conv-48,236,targeted,True,1,True,True,1,56,15961,512893affc8eef0015da2cfb285bc8980d206e4998a74c9ef9ee7d836fb7ff95,0,1,True,True,1,57,15976,e59603035107f24f1ac39f30ffbce007f471c11991210e906f465f4b41db66ec,0,1,True,True,1,57,16000,7bf55c053f4adacb1296b005d089741eba3ff961b4b1afd82b45bf848b63e394,0,1,True,True,1,113,31970,1545d3a29b9a6abedb0da495184baaeefa67c4857714e3f5d337200ba02e4f4b,0,1,True,True,1,113,31963,28eca5151e337aae801777792b69eb8254cb47e1efde5d496aab8419d3b4dd94,0,1,True,True,1,107,31976,984e8f1c87968509a1928aab56bc6a3a614dc36a2058428672fcff6a10c159f7,0,1
7ad881106513a3445ffcae63d5c236c0119fad38093ab2fd8445e5682bb0b879,f1edc78848b9a2c35053ac0a8911a3b1ae6ff7e60c2fe171bd6791bf05cf5d3b,conv-48,237,targeted,True,1,True,True,1,71,15988,8f991b534b006f135d04c9ee4689f65c2f5bbf0c47a07c0e0bc9c69e5bd820cf,0,1,True,True,1,72,15970,389b183737b001d76492582bf92a189bc424f7d3bd2a2d4c7b551eef7e6c474d,0,1,True,True,1,65,15964,89d1fc44da50f06eae092110ad8c29800ecca0f85d1b1df45aed0b735faaddcb,0,1,True,True,1,128,31924,77652ac5afd1b4cb101c804ae5aad961caade72683acc56827a4105ade2886b4,0,1,True,True,1,129,31917,f5b84bb211f51e722a65a594ea8a854dea4ebda438c789afce9a05ea5525ac03,0,1,True,True,1,121,31999,4bafb4e17503bd0ab7a9233f9f20e1dea41a8d4310cf7f2ba513e5a9c1909d1a,0,1
32ac06a0b932b227e4420cd542a6a81667a7d235367acdf4232353f9c18a0e4c,65f777428b69b3b5708946d3f3ec260e1c510b13517bdf7de2fdfdd567cbddd2,conv-48,238,targeted,True,1,True,True,1,52,15971,bd187c215ede91390161436d5a8883d63181a0ad7fcb9f3e01f66d21f85c3f96,0,1,True,True,1,54,15990,4ba1089fc670405868f157d026fae10636ca19aab8a927d7643f9828b958bf25,0,1,True,True,1,57,15996,bb29a046bd20aa2cce168345f2213fc36767b822399890db0a6c68b1dfaa20c3,0,1,True,True,1,115,31999,3124b4214ad92a9c564d22f37ec98ee14e334f9962e5cff3a423d6a46d7af6e0,0,1,True,True,1,117,31975,ee0dde4fdd897cadc00c1453df9ee5a8af1ebb0a1e271af9a4044595c5460c1f,0,1,True,True,1,105,31976,b885fa50f3487266ac953e46d8ab9ad4282dc674b59b07103fc9af9fb5b6d430,0,1
