turn,k_count,episode_id,similarity_score,topic_label,k_only
13,2,4cb44002-f213-4252-bb2a-041e3f96548d,0.5181240439414978,topic_2,True
15,3,2df0b5c0-6614-4581-b95b-25a0facd11c3,0.5114039778709412,topic_2,True
17,3,b47a553a-a075-4dd3-83a6-aedcda190c1a,0.5489327311515808,topic_2,True
18,4,4cb44002-f213-4252-bb2a-041e3f96548d,0.8420382738113403,topic_2,True
18,4,2df0b5c0-6614-4581-b95b-25a0facd11c3,0.5429393649101257,topic_2,True
19,2,fd680909-3b1e-40f7-b51b-fdda45f5ff86,0.813904881477356,topic_2,True
20,2,f86ac065-f6bb-4ff7-8662-24b938599e20,0.8881787061691284,topic_2,True
21,4,2df0b5c0-6614-4581-b95b-25a0facd11c3,0.8977577090263367,topic_2,True
21,4,4cb44002-f213-4252-bb2a-041e3f96548d,0.5181240439414978,topic_2,True
21,4,25002995-2604-494f-bd24-f4bdb4ed321c,0.5036817193031311,topic_2,True
22,3,b47a553a-a075-4dd3-83a6-aedcda190c1a,0.8407300710678101,topic_2,True
22,3,66b3fd02-1571-40e4-b16f-809be793be3f,0.5076043009757996,topic_2,True
23,5,0a2d3eb3-88ab-4c99-9cfb-4ff4ad0f376a,0.8643723726272583,topic_2,True
23,5,0e3547d9-8a0c-4125-a56f-bef69f65d994,0.5114039778709412,topic_2,True
23,5,2df0b5c0-6614-4581-b95b-25a0facd11c3,0.5114039778709412,topic_2,True
24,2,461ca34a-8299-40ed-93aa-6fec635580a6,0.8811705112457275,topic_2,True
25,5,66b3fd02-1571-40e4-b16f-809be793be3f,0.7935101389884949,topic_2,True
25,5,b47a553a-a075-4dd3-83a6-aedcda190c1a,0.5489327311515808,topic_2,True
25,5,d91e4675-6664-45c3-9cc3-e2c2ecf98292,0.5489327311515808,topic_2,True
26,6,25002995-2604-494f-bd24-f4bdb4ed321c,0.8559183478355408,topic_2,True
26,6,4cb44002-f213-4252-bb2a-041e3f96548d,0.8420382738113403,topic_2,True
26,6,0e3547d9-8a0c-4125-a56f-bef69f65d994,0.5429393649101257,topic_2,True
26,6,2df0b5c0-6614-4581-b95b-25a0facd11c3,0.5429393649101257,topic_2,True
27,3,83a9115f-e99f-4072-906d-5d696a18fe6c,0.813904881477356,topic_2,True
27,3,fd680909-3b1e-40f7-b51b-fdda45f5ff86,0.813904881477356,topic_2,True
28,3,9e6e30c6-a20b-477c-9ca1-28749f99ebb6,0.8881787061691284,topic_2,True
28,3,f86ac065-f6bb-4ff7-8662-24b938599e20,0.8881787061691284,topic_2,True
29,6,0e3547d9-8a0c-4125-a56f-bef69f65d994,0.8977577090263367,topic_2,True
29,6,2df0b5c0-6614-4581-b95b-25a0facd11c3,0.8977577090263367,topic_2,True
29,6,a7e1c93c-026a-476b-b440-58b1e35c3abb,0.5227797031402588,topic_2,True
29,6,4cb44002-f213-4252-bb2a-041e3f96548d,0.5181240439414978,topic_2,True
29,6,25002995-2604-494f-bd24-f4bdb4ed321c,0.5036817193031311,topic_2,True
30,5,b47a553a-a075-4dd3-83a6-aedcda190c1a,0.8407300710678101,topic_2,True
30,5,d91e4675-6664-45c3-9cc3-e2c2ecf98292,0.8407300710678101,topic_2,True
30,5,66b3fd02-1571-40e4-b16f-809be793be3f,0.5076043009757996,topic_2,True
30,5,fd74da97-b662-4f95-9b5d-dce2b76016ef,0.5076043009757996,topic_2,True
31,7,0a2d3eb3-88ab-4c99-9cfb-4ff4ad0f376a,0.8643723726272583,topic_2,True
31,7,660c1923-447f-458f-bc50-1ae3a4eaac5a,0.8643723726272583,topic_2,True
31,7,0e3547d9-8a0c-4125-a56f-bef69f65d994,0.5114039778709412,topic_2,True
31,7,2df0b5c0-6614-4581-b95b-25a0facd11c3,0.5114039778709412,topic_2,True
31,7,f184814c-0a82-401f-95c3-2db50d68e267,0.5114039778709412,topic_2,True
32,4,461ca34a-8299-40ed-93aa-6fec635580a6,0.8811705112457275,topic_2,True
32,4,b0680986-d9bd-42cb-b6de-f75146f1fe33,0.8811705112457275,topic_2,True
32,4,a7e1c93c-026a-476b-b440-58b1e35c3abb,0.5140858888626099,topic_2,True
33,7,66b3fd02-1571-40e4-b16f-809be793be3f,0.7935101389884949,topic_2,True
33,7,fd74da97-b662-4f95-9b5d-dce2b76016ef,0.7935101389884949,topic_2,True
33,7,503a96f0-68e6-4bb7-bf56-a9eaeed94082,0.5489327311515808,topic_2,True
33,7,b47a553a-a075-4dd3-83a6-aedcda190c1a,0.5489327311515808,topic_2,True
33,7,d91e4675-6664-45c3-9cc3-e2c2ecf98292,0.5489327311515808,topic_2,True
34,8,a7e1c93c-026a-476b-b440-58b1e35c3abb,0.868101179599762,topic_2,True
34,8,25002995-2604-494f-bd24-f4bdb4ed321c,0.8559183478355408,topic_2,True
34,8,4cb44002-f213-4252-bb2a-041e3f96548d,0.8420382738113403,topic_2,True
34,8,0e3547d9-8a0c-4125-a56f-bef69f65d994,0.5429393649101257,topic_2,True
34,8,2df0b5c0-6614-4581-b95b-25a0facd11c3,0.5429393649101257,topic_2,True
34,8,f184814c-0a82-401f-95c3-2db50d68e267,0.5429393649101257,topic_2,True
35,4,83a9115f-e99f-4072-906d-5d696a18fe6c,0.813904881477356,topic_2,True
35,4,c9177183-413b-4ef8-a575-a3ec163c4386,0.813904881477356,topic_2,True
35,4,fd680909-3b1e-40f7-b51b-fdda45f5ff86,0.813904881477356,topic_2,True
36,4,9e6e30c6-a20b-477c-9ca1-28749f99ebb6,0.8881787061691284,topic_2,True
36,4,bb8d0f97-a9bb-4cc8-bea7-8113a022340f,0.8881787061691284,topic_2,True
36,4,f86ac065-f6bb-4ff7-8662-24b938599e20,0.8881787061691284,topic_2,True
37,8,0e3547d9-8a0c-4125-a56f-bef69f65d994,0.8977577090263367,topic_2,True
37,8,2df0b5c0-6614-4581-b95b-25a0facd11c3,0.8977577090263367,topic_2,True
37,8,f184814c-0a82-401f-95c3-2db50d68e267,0.8977577090263367,topic_2,True
37,8,f51b45c6-7a47-4fda-bfcd-aae8caf45612,0.5352218151092529,topic_2,True
37,8,a7e1c93c-026a-476b-b440-58b1e35c3abb,0.5227797031402588,topic_2,True
37,8,4cb44002-f213-4252-bb2a-041e3f96548d,0.5181240439414978,topic_2,True
37,8,25002995-2604-494f-bd24-f4bdb4ed321c,0.5036817193031311,topic_2,True
38,7,503a96f0-68e6-4bb7-bf56-a9eaeed94082,0.8407300710678101,topic_2,True
38,7,b47a553a-a075-4dd3-83a6-aedcda190c1a,0.8407300710678101,topic_2,True
38,7,d91e4675-6664-45c3-9cc3-e2c2ecf98292,0.8407300710678101,topic_2,True
38,7,2fbf176a-8f67-403d-8066-da5b52ba7f59,0.5076043009757996,topic_2,True
38,7,66b3fd02-1571-40e4-b16f-809be793be3f,0.5076043009757996,topic_2,True
38,7,fd74da97-b662-4f95-9b5d-dce2b76016ef,0.5076043009757996,topic_2,True
39,9,0a2d3eb3-88ab-4c99-9cfb-4ff4ad0f376a,0.8643723726272583,topic_2,True
39,9,660c1923-447f-458f-bc50-1ae3a4eaac5a,0.8643723726272583,topic_2,True
39,9,fb5dd66b-f617-4923-9856-c0d20d4991f7,0.8643723726272583,topic_2,True
39,9,0e3547d9-8a0c-4125-a56f-bef69f65d994,0.5114039778709412,topic_2,True
39,9,2df0b5c0-6614-4581-b95b-25a0facd11c3,0.5114039778709412,topic_2,True
39,9,51d28a25-239c-4048-891c-9b68f03c1a6a,0.5114039778709412,topic_2,True
39,9,f184814c-0a82-401f-95c3-2db50d68e267,0.5114039778709412,topic_2,True
41,9,2fbf176a-8f67-403d-8066-da5b52ba7f59,0.7935101389884949,topic_2,True
41,9,66b3fd02-1571-40e4-b16f-809be793be3f,0.7935101389884949,topic_2,True
41,9,fd74da97-b662-4f95-9b5d-dce2b76016ef,0.7935101389884949,topic_2,True
41,9,503a96f0-68e6-4bb7-bf56-a9eaeed94082,0.5489327311515808,topic_2,True
41,9,b47a553a-a075-4dd3-83a6-aedcda190c1a,0.5489327311515808,topic_2,True
41,9,d91e4675-6664-45c3-9cc3-e2c2ecf98292,0.5489327311515808,topic_2,True
41,9,f0e0740c-a36b-40cf-8436-7063ce4e91fc,0.5489327311515808,topic_2,True
42,10,a7e1c93c-026a-476b-b440-58b1e35c3abb,0.868101179599762,topic_2,True
42,10,25002995-2604-494f-bd24-f4bdb4ed321c,0.8559183478355408,topic_2,True
42,10,f51b45c6-7a47-4fda-bfcd-aae8caf45612,0.8532615303993225,topic_2,True
42,10,4cb44002-f213-4252-bb2a-041e3f96548d,0.8420382738113403,topic_2,True
42,10,0e3547d9-8a0c-4125-a56f-bef69f65d994,0.5429393649101257,topic_2,True
42,10,2df0b5c0-6614-4581-b95b-25a0facd11c3,0.5429393649101257,topic_2,True
42,10,51d28a25-239c-4048-891c-9b68f03c1a6a,0.5429393649101257,topic_2,True
42,10,f184814c-0a82-401f-95c3-2db50d68e267,0.5429393649101257,topic_2,True
43,5,4479ff71-3228-4f83-8bd6-067897312039,0.813904881477356,topic_2,True
43,5,83a9115f-e99f-4072-906d-5d696a18fe6c,0.813904881477356,topic_2,True
43,5,c9177183-413b-4ef8-a575-a3ec163c4386,0.813904881477356,topic_2,True
43,5,fd680909-3b1e-40f7-b51b-fdda45f5ff86,0.813904881477356,topic_2,True
44,5,9e6e30c6-a20b-477c-9ca1-28749f99ebb6,0.8881787061691284,topic_2,True
44,5,aa3dbb0b-1096-46be-a0c5-9bde9e4b4648,0.8881787061691284,topic_2,True
44,5,bb8d0f97-a9bb-4cc8-bea7-8113a022340f,0.8881787061691284,topic_2,True
44,5,f86ac065-f6bb-4ff7-8662-24b938599e20,0.8881787061691284,topic_2,True
45,10,0e3547d9-8a0c-4125-a56f-bef69f65d994,0.8977577090263367,topic_2,True
45,10,2df0b5c0-6614-4581-b95b-25a0facd11c3,0.8977577090263367,topic_2,True
45,10,51d28a25-239c-4048-891c-9b68f03c1a6a,0.8977577090263367,topic_2,True
45,10,f184814c-0a82-401f-95c3-2db50d68e267,0.8977577090263367,topic_2,True
45,10,fe81cd1d-729d-48fe-81ba-e45db6ab0a2a,0.546974241733551,topic_2,True
45,10,f51b45c6-7a47-4fda-bfcd-aae8caf45612,0.5352218151092529,topic_2,True
45,10,a7e1c93c-026a-476b-b440-58b1e35c3abb,0.5227797031402588,topic_2,True
45,10,4cb44002-f213-4252-bb2a-041e3f96548d,0.5181240439414978,topic_2,True
45,10,25002995-2604-494f-bd24-f4bdb4ed321c,0.5036817193031311,topic_2,True
46,9,503a96f0-68e6-4bb7-bf56-a9eaeed94082,0.8407300710678101,topic_2,True
46,9,b47a553a-a075-4dd3-83a6-aedcda190c1a,0.8407300710678101,topic_2,True
46,9,d91e4675-6664-45c3-9cc3-e2c2ecf98292,0.8407300710678101,topic_2,True
46,9,f0e0740c-a36b-40cf-8436-7063ce4e91fc,0.8407300710678101,topic_2,True
46,9,2fbf176a-8f67-403d-8066-da5b52ba7f59,0.5076043009757996,topic_2,True
46,9,66b3fd02-1571-40e4-b16f-809be793be3f,0.5076043009757996,topic_2,True
46,9,addb7039-7702-488a-ad69-25bac166bb7a,0.5076043009757996,topic_2,True
46,9,fd74da97-b662-4f95-9b5d-dce2b76016ef,0.5076043009757996,topic_2,True
47,11,0a2d3eb3-88ab-4c99-9cfb-4ff4ad0f376a,0.8643723726272583,topic_2,True
47,11,2f3fee96-f57b-4f43-aff7-b114a086418f,0.8643723726272583,topic_2,True
47,11,660c1923-447f-458f-bc50-1ae3a4eaac5a,0.8643723726272583,topic_2,True
47,11,fb5dd66b-f617-4923-9856-c0d20d4991f7,0.8643723726272583,topic_2,True
47,11,0e3547d9-8a0c-4125-a56f-bef69f65d994,0.5114039778709412,topic_2,True
47,11,2df0b5c0-6614-4581-b95b-25a0facd11c3,0.5114039778709412,topic_2,True
47,11,51d28a25-239c-4048-891c-9b68f03c1a6a,0.5114039778709412,topic_2,True
47,11,f184814c-0a82-401f-95c3-2db50d68e267,0.5114039778709412,topic_2,True
47,11,f22180e9-0fa4-4fb2-8fca-1282f28e8654,0.5114039778709412,topic_2,True
48,7,461ca34a-8299-40ed-93aa-6fec635580a6,0.8811705112457275,topic_2,True
48,7,af2be6aa-378f-4aca-b542-bba94f7f84d4,0.8811705112457275,topic_2,True
48,7,b0680986-d9bd-42cb-b6de-f75146f1fe33,0.8811705112457275,topic_2,True
48,7,f51b45c6-7a47-4fda-bfcd-aae8caf45612,0.5168207883834839,topic_2,True
48,7,a7e1c93c-026a-476b-b440-58b1e35c3abb,0.5140858888626099,topic_2,True
48,7,fe81cd1d-729d-48fe-81ba-e45db6ab0a2a,0.5070163607597351,topic_2,True
49,11,2fbf176a-8f67-403d-8066-da5b52ba7f59,0.7935101389884949,topic_2,True
49,11,66b3fd02-1571-40e4-b16f-809be793be3f,0.7935101389884949,topic_2,True
49,11,addb7039-7702-488a-ad69-25bac166bb7a,0.7935101389884949,topic_2,True
49,11,fd74da97-b662-4f95-9b5d-dce2b76016ef,0.7935101389884949,topic_2,True
49,11,503a96f0-68e6-4bb7-bf56-a9eaeed94082,0.5489327311515808,topic_2,True
49,11,79203071-25ac-4bcd-a105-7c04f6d479a4,0.5489327311515808,topic_2,True
49,11,b47a553a-a075-4dd3-83a6-aedcda190c1a,0.5489327311515808,topic_2,True
49,11,d91e4675-6664-45c3-9cc3-e2c2ecf98292,0.5489327311515808,topic_2,True
49,11,f0e0740c-a36b-40cf-8436-7063ce4e91fc,0.5489327311515808,topic_2,True
50,12,a7e1c93c-026a-476b-b440-58b1e35c3abb,0.868101179599762,topic_2,True
50,12,fe81cd1d-729d-48fe-81ba-e45db6ab0a2a,0.8613193035125732,topic_2,True
50,12,25002995-2604-494f-bd24-f4bdb4ed321c,0.8559183478355408,topic_2,True
50,12,f51b45c6-7a47-4fda-bfcd-aae8caf45612,0.8532615303993225,topic_2,True
50,12,4cb44002-f213-4252-bb2a-041e3f96548d,0.8420382738113403,topic_2,True
50,12,0e3547d9-8a0c-4125-a56f-bef69f65d994,0.5429393649101257,topic_2,True
50,12,2df0b5c0-6614-4581-b95b-25a0facd11c3,0.5429393649101257,topic_2,True
50,12,51d28a25-239c-4048-891c-9b68f03c1a6a,0.5429393649101257,topic_2,True
50,12,f184814c-0a82-401f-95c3-2db50d68e267,0.5429393649101257,topic_2,True
50,12,f22180e9-0fa4-4fb2-8fca-1282f28e8654,0.5429393649101257,topic_2,True
51,6,4479ff71-3228-4f83-8bd6-067897312039,0.813904881477356,topic_2,True
51,6,4b20c2c1-a8b0-4652-afab-c7dff3741d8f,0.813904881477356,topic_2,True
51,6,83a9115f-e99f-4072-906d-5d696a18fe6c,0.813904881477356,topic_2,True
51,6,c9177183-413b-4ef8-a575-a3ec163c4386,0.813904881477356,topic_2,True
51,6,fd680909-3b1e-40f7-b51b-fdda45f5ff86,0.813904881477356,topic_2,True
52,6,9e6e30c6-a20b-477c-9ca1-28749f99ebb6,0.8881787061691284,topic_2,True
52,6,9fa39dad-8af3-451a-b85b-074878b3678c,0.8881787061691284,topic_2,True
52,6,aa3dbb0b-1096-46be-a0c5-9bde9e4b4648,0.8881787061691284,topic_2,True
52,6,bb8d0f97-a9bb-4cc8-bea7-8113a022340f,0.8881787061691284,topic_2,True
52,6,f86ac065-f6bb-4ff7-8662-24b938599e20,0.8881787061691284,topic_2,True
53,12,0e3547d9-8a0c-4125-a56f-bef69f65d994,0.8977577090263367,topic_2,True
53,12,2df0b5c0-6614-4581-b95b-25a0facd11c3,0.8977577090263367,topic_2,True
53,12,51d28a25-239c-4048-891c-9b68f03c1a6a,0.8977577090263367,topic_2,True
53,12,f184814c-0a82-401f-95c3-2db50d68e267,0.8977577090263367,topic_2,True
53,12,f22180e9-0fa4-4fb2-8fca-1282f28e8654,0.8977577090263367,topic_2,True
53,12,fe81cd1d-729d-48fe-81ba-e45db6ab0a2a,0.546974241733551,topic_2,True
53,12,758f53d8-16c4-4bed-9c10-2af6a2ee31f8,0.5352218151092529,topic_2,True
53,12,f51b45c6-7a47-4fda-bfcd-aae8caf45612,0.5352218151092529,topic_2,True
53,12,a7e1c93c-026a-476b-b440-58b1e35c3abb,0.5227797031402588,topic_2,True
53,12,4cb44002-f213-4252-bb2a-041e3f96548d,0.5181240439414978,topic_2,True
53,12,25002995-2604-494f-bd24-f4bdb4ed321c,0.5036817193031311,topic_2,True
54,11,503a96f0-68e6-4bb7-bf56-a9eaeed94082,0.8407300710678101,topic_2,True
54,11,79203071-25ac-4bcd-a105-7c04f6d479a4,0.8407300710678101,topic_2,True
54,11,b47a553a-a075-4dd3-83a6-aedcda190c1a,0.8407300710678101,topic_2,True
54,11,d91e4675-6664-45c3-9cc3-e2c2ecf98292,0.8407300710678101,topic_2,True
54,11,f0e0740c-a36b-40cf-8436-7063ce4e91fc,0.8407300710678101,topic_2,True
54,11,2fbf176a-8f67-403d-8066-da5b52ba7f59,0.5076043009757996,topic_2,True
54,11,66b3fd02-1571-40e4-b16f-809be793be3f,0.5076043009757996,topic_2,True
54,11,7c2d5881-2725-486b-b792-4c55c60ebc20,0.5076043009757996,topic_2,True
54,11,addb7039-7702-488a-ad69-25bac166bb7a,0.5076043009757996,topic_2,True
54,11,fd74da97-b662-4f95-9b5d-dce2b76016ef,0.5076043009757996,topic_2,True
55,13,0a2d3eb3-88ab-4c99-9cfb-4ff4ad0f376a,0.8643723726272583,topic_2,True
55,13,2f3fee96-f57b-4f43-aff7-b114a086418f,0.8643723726272583,topic_2,True
55,13,660c1923-447f-458f-bc50-1ae3a4eaac5a,0.8643723726272583,topic_2,True
55,13,b6719b47-dc74-470d-b71e-2ced653cd768,0.8643723726272583,topic_2,True
55,13,fb5dd66b-f617-4923-9856-c0d20d4991f7,0.8643723726272583,topic_2,True
55,13,012e10e2-0da9-4b96-9678-d473f14e34ab,0.5114039778709412,topic_2,True
55,13,0e3547d9-8a0c-4125-a56f-bef69f65d994,0.5114039778709412,topic_2,True
55,13,2df0b5c0-6614-4581-b95b-25a0facd11c3,0.5114039778709412,topic_2,True
55,13,51d28a25-239c-4048-891c-9b68f03c1a6a,0.5114039778709412,topic_2,True
55,13,f184814c-0a82-401f-95c3-2db50d68e267,0.5114039778709412,topic_2,True
55,13,f22180e9-0fa4-4fb2-8fca-1282f28e8654,0.5114039778709412,topic_2,True
56,9,461ca34a-8299-40ed-93aa-6fec635580a6,0.8811705112457275,topic_2,True
56,9,af2be6aa-378f-4aca-b542-bba94f7f84d4,0.8811705112457275,topic_2,True
56,9,b0680986-d9bd-42cb-b6de-f75146f1fe33,0.8811705112457275,topic_2,True
56,9,d7a540ee-540f-48c5-b8a0-fd7efab16139,0.8811705112457275,topic_2,True
56,9,758f53d8-16c4-4bed-9c10-2af6a2ee31f8,0.5168207883834839,topic_2,True
56,9,f51b45c6-7a47-4fda-bfcd-aae8caf45612,0.5168207883834839,topic_2,True
56,9,a7e1c93c-026a-476b-b440-58b1e35c3abb,0.5140858888626099,topic_2,True
56,9,fe81cd1d-729d-48fe-81ba-e45db6ab0a2a,0.5070163607597351,topic_2,True
57,13,2fbf176a-8f67-403d-8066-da5b52ba7f59,0.7935101389884949,topic_2,True
57,13,66b3fd02-1571-40e4-b16f-809be793be3f,0.7935101389884949,topic_2,True
57,13,7c2d5881-2725-486b-b792-4c55c60ebc20,0.7935101389884949,topic_2,True
57,13,addb7039-7702-488a-ad69-25bac166bb7a,0.7935101389884949,topic_2,True
57,13,fd74da97-b662-4f95-9b5d-dce2b76016ef,0.7935101389884949,topic_2,True
57,13,503a96f0-68e6-4bb7-bf56-a9eaeed94082,0.5489327311515808,topic_2,True
57,13,79203071-25ac-4bcd-a105-7c04f6d479a4,0.5489327311515808,topic_2,True
57,13,b47a553a-a075-4dd3-83a6-aedcda190c1a,0.5489327311515808,topic_2,True
57,13,d91e4675-6664-45c3-9cc3-e2c2ecf98292,0.5489327311515808,topic_2,True
57,13,dee5cf3a-af6e-4555-a949-1db2626b52b0,0.5489327311515808,topic_2,True
57,13,f0e0740c-a36b-40cf-8436-7063ce4e91fc,0.5489327311515808,topic_2,True
58,14,a7e1c93c-026a-476b-b440-58b1e35c3abb,0.868101179599762,topic_2,True
58,14,fe81cd1d-729d-48fe-81ba-e45db6ab0a2a,0.8613193035125732,topic_2,True
58,14,25002995-2604-494f-bd24-f4bdb4ed321c,0.8559183478355408,topic_2,True
58,14,758f53d8-16c4-4bed-9c10-2af6a2ee31f8,0.8532615303993225,topic_2,True
58,14,f51b45c6-7a47-4fda-bfcd-aae8caf45612,0.8532615303993225,topic_2,True
58,14,4cb44002-f213-4252-bb2a-041e3f96548d,0.8420382738113403,topic_2,True
58,14,012e10e2-0da9-4b96-9678-d473f14e34ab,0.5429393649101257,topic_2,True
58,14,0e3547d9-8a0c-4125-a56f-bef69f65d994,0.5429393649101257,topic_2,True
58,14,2df0b5c0-6614-4581-b95b-25a0facd11c3,0.5429393649101257,topic_2,True
58,14,51d28a25-239c-4048-891c-9b68f03c1a6a,0.5429393649101257,topic_2,True
58,14,f184814c-0a82-401f-95c3-2db50d68e267,0.5429393649101257,topic_2,True
58,14,f22180e9-0fa4-4fb2-8fca-1282f28e8654,0.5429393649101257,topic_2,True
59,7,4479ff71-3228-4f83-8bd6-067897312039,0.813904881477356,topic_2,True
59,7,4b20c2c1-a8b0-4652-afab-c7dff3741d8f,0.813904881477356,topic_2,True
59,7,83a9115f-e99f-4072-906d-5d696a18fe6c,0.813904881477356,topic_2,True
59,7,c9177183-413b-4ef8-a575-a3ec163c4386,0.813904881477356,topic_2,True
59,7,fd680909-3b1e-40f7-b51b-fdda45f5ff86,0.813904881477356,topic_2,True
59,7,c1ed7098-0d2f-48ab-a077-a352214f2edc,0.8128653764724731,topic_2,True
60,7,9e6e30c6-a20b-477c-9ca1-28749f99ebb6,0.8881787061691284,topic_2,True
60,7,9fa39dad-8af3-451a-b85b-074878b3678c,0.8881787061691284,topic_2,True
60,7,aa3dbb0b-1096-46be-a0c5-9bde9e4b4648,0.8881787061691284,topic_2,True
60,7,bb8d0f97-a9bb-4cc8-bea7-8113a022340f,0.8881787061691284,topic_2,True
60,7,d7510796-1bf2-441e-9d60-1a8df40fcdf9,0.8881787061691284,topic_2,True
60,7,f86ac065-f6bb-4ff7-8662-24b938599e20,0.8881787061691284,topic_2,True
61,14,012e10e2-0da9-4b96-9678-d473f14e34ab,0.8977577090263367,topic_2,True
61,14,0e3547d9-8a0c-4125-a56f-bef69f65d994,0.8977577090263367,topic_2,True
61,14,2df0b5c0-6614-4581-b95b-25a0facd11c3,0.8977577090263367,topic_2,True
61,14,51d28a25-239c-4048-891c-9b68f03c1a6a,0.8977577090263367,topic_2,True
61,14,f184814c-0a82-401f-95c3-2db50d68e267,0.8977577090263367,topic_2,True
61,14,f22180e9-0fa4-4fb2-8fca-1282f28e8654,0.8977577090263367,topic_2,True
61,14,fe81cd1d-729d-48fe-81ba-e45db6ab0a2a,0.546974241733551,topic_2,True
61,14,758f53d8-16c4-4bed-9c10-2af6a2ee31f8,0.5352218151092529,topic_2,True
61,14,dafc9a67-2a42-4fdc-9801-a6c5edc71b08,0.5352218151092529,topic_2,True
61,14,f51b45c6-7a47-4fda-bfcd-aae8caf45612,0.5352218151092529,topic_2,True
61,14,a7e1c93c-026a-476b-b440-58b1e35c3abb,0.5227797031402588,topic_2,True
61,14,4cb44002-f213-4252-bb2a-041e3f96548d,0.5181240439414978,topic_2,True
61,14,25002995-2604-494f-bd24-f4bdb4ed321c,0.5036817193031311,topic_2,True
62,13,503a96f0-68e6-4bb7-bf56-a9eaeed94082,0.8407300710678101,topic_2,True
62,13,79203071-25ac-4bcd-a105-7c04f6d479a4,0.8407300710678101,topic_2,True
62,13,b47a553a-a075-4dd3-83a6-aedcda190c1a,0.8407300710678101,topic_2,True
62,13,d91e4675-6664-45c3-9cc3-e2c2ecf98292,0.8407300710678101,topic_2,True
62,13,dee5cf3a-af6e-4555-a949-1db2626b52b0,0.8407300710678101,topic_2,True
62,13,f0e0740c-a36b-40cf-8436-7063ce4e91fc,0.8407300710678101,topic_2,True
62,13,2fbf176a-8f67-403d-8066-da5b52ba7f59,0.5076043009757996,topic_2,True
62,13,66b3fd02-1571-40e4-b16f-809be793be3f,0.5076043009757996,topic_2,True
62,13,7c2d5881-2725-486b-b792-4c55c60ebc20,0.5076043009757996,topic_2,True
62,13,addb7039-7702-488a-ad69-25bac166bb7a,0.5076043009757996,topic_2,True
62,13,d66c5563-b7f3-4079-b1c1-9a381b09a371,0.5076043009757996,topic_2,True
62,13,fd74da97-b662-4f95-9b5d-dce2b76016ef,0.5076043009757996,topic_2,True
63,15,0a2d3eb3-88ab-4c99-9cfb-4ff4ad0f376a,0.8643723726272583,topic_2,True
63,15,2f3fee96-f57b-4f43-aff7-b114a086418f,0.8643723726272583,topic_2,True
63,15,43904d56-aef9-4dc8-8554-64efce3cf726,0.8643723726272583,topic_2,True
63,15,660c1923-447f-458f-bc50-1ae3a4eaac5a,0.8643723726272583,topic_2,True
63,15,b6719b47-dc74-470d-b71e-2ced653cd768,0.8643723726272583,topic_2,True
63,15,fb5dd66b-f617-4923-9856-c0d20d4991f7,0.8643723726272583,topic_2,True
63,15,012e10e2-0da9-4b96-9678-d473f14e34ab,0.5114039778709412,topic_2,True
63,15,0e3547d9-8a0c-4125-a56f-bef69f65d994,0.5114039778709412,topic_2,True
63,15,2df0b5c0-6614-4581-b95b-25a0facd11c3,0.5114039778709412,topic_2,True
63,15,51d28a25-239c-4048-891c-9b68f03c1a6a,0.5114039778709412,topic_2,True
63,15,b1c92968-f766-420f-9f2a-b35789a2dccc,0.5114039778709412,topic_2,True
63,15,f184814c-0a82-401f-95c3-2db50d68e267,0.5114039778709412,topic_2,True
63,15,f22180e9-0fa4-4fb2-8fca-1282f28e8654,0.5114039778709412,topic_2,True
64,11,2f180e2f-9208-44ea-8ba2-2a4b2b57e0f1,0.8811705112457275,topic_2,True
64,11,461ca34a-8299-40ed-93aa-6fec635580a6,0.8811705112457275,topic_2,True
64,11,af2be6aa-378f-4aca-b542-bba94f7f84d4,0.8811705112457275,topic_2,True
64,11,b0680986-d9bd-42cb-b6de-f75146f1fe33,0.8811705112457275,topic_2,True
64,11,d7a540ee-540f-48c5-b8a0-fd7efab16139,0.8811705112457275,topic_2,True
64,11,758f53d8-16c4-4bed-9c10-2af6a2ee31f8,0.5168207883834839,topic_2,True
64,11,dafc9a67-2a42-4fdc-9801-a6c5edc71b08,0.5168207883834839,topic_2,True
64,11,f51b45c6-7a47-4fda-bfcd-aae8caf45612,0.5168207883834839,topic_2,True
64,11,a7e1c93c-026a-476b-b440-58b1e35c3abb,0.5140858888626099,topic_2,True
64,11,fe81cd1d-729d-48fe-81ba-e45db6ab0a2a,0.5070163607597351,topic_2,True
65,15,2fbf176a-8f67-403d-8066-da5b52ba7f59,0.7935101389884949,topic_2,True
65,15,66b3fd02-1571-40e4-b16f-809be793be3f,0.7935101389884949,topic_2,True
65,15,7c2d5881-2725-486b-b792-4c55c60ebc20,0.7935101389884949,topic_2,True
65,15,addb7039-7702-488a-ad69-25bac166bb7a,0.7935101389884949,topic_2,True
65,15,d66c5563-b7f3-4079-b1c1-9a381b09a371,0.7935101389884949,topic_2,True
65,15,fd74da97-b662-4f95-9b5d-dce2b76016ef,0.7935101389884949,topic_2,True
65,15,503a96f0-68e6-4bb7-bf56-a9eaeed94082,0.5489327311515808,topic_2,True
65,15,79203071-25ac-4bcd-a105-7c04f6d479a4,0.5489327311515808,topic_2,True
65,15,b47a553a-a075-4dd3-83a6-aedcda190c1a,0.5489327311515808,topic_2,True
65,15,d7d5ed77-75a7-49b4-96b4-8c6aa6cb6d24,0.5489327311515808,topic_2,True
65,15,d91e4675-6664-45c3-9cc3-e2c2ecf98292,0.5489327311515808,topic_2,True
65,15,dee5cf3a-af6e-4555-a949-1db2626b52b0,0.5489327311515808,topic_2,True
65,15,f0e0740c-a36b-40cf-8436-7063ce4e91fc,0.5489327311515808,topic_2,True
66,16,a7e1c93c-026a-476b-b440-58b1e35c3abb,0.868101179599762,topic_2,True
66,16,fe81cd1d-729d-48fe-81ba-e45db6ab0a2a,0.8613193035125732,topic_2,True
66,16,25002995-2604-494f-bd24-f4bdb4ed321c,0.8559183478355408,topic_2,True
66,16,758f53d8-16c4-4bed-9c10-2af6a2ee31f8,0.8532615303993225,topic_2,True
66,16,dafc9a67-2a42-4fdc-9801-a6c5edc71b08,0.8532615303993225,topic_2,True
66,16,f51b45c6-7a47-4fda-bfcd-aae8caf45612,0.8532615303993225,topic_2,True
66,16,4cb44002-f213-4252-bb2a-041e3f96548d,0.8420382738113403,topic_2,True
66,16,012e10e2-0da9-4b96-9678-d473f14e34ab,0.5429393649101257,topic_2,True
66,16,0e3547d9-8a0c-4125-a56f-bef69f65d994,0.5429393649101257,topic_2,True
66,16,2df0b5c0-6614-4581-b95b-25a0facd11c3,0.5429393649101257,topic_2,True
66,16,51d28a25-239c-4048-891c-9b68f03c1a6a,0.5429393649101257,topic_2,True
66,16,b1c92968-f766-420f-9f2a-b35789a2dccc,0.5429393649101257,topic_2,True
66,16,f184814c-0a82-401f-95c3-2db50d68e267,0.5429393649101257,topic_2,True
66,16,f22180e9-0fa4-4fb2-8fca-1282f28e8654,0.5429393649101257,topic_2,True
67,8,4479ff71-3228-4f83-8bd6-067897312039,0.813904881477356,topic_2,True
67,8,4b20c2c1-a8b0-4652-afab-c7dff3741d8f,0.813904881477356,topic_2,True
67,8,5b52c0b8-cbfc-4ebc-a1fd-6a41046e5799,0.813904881477356,topic_2,True
67,8,83a9115f-e99f-4072-906d-5d696a18fe6c,0.813904881477356,topic_2,True
67,8,c9177183-413b-4ef8-a575-a3ec163c4386,0.813904881477356,topic_2,True
67,8,fd680909-3b1e-40f7-b51b-fdda45f5ff86,0.813904881477356,topic_2,True
67,8,c1ed7098-0d2f-48ab-a077-a352214f2edc,0.8128653764724731,topic_2,True
68,8,005185c4-319c-41a7-98f6-2a6c164b0a2d,0.8881787061691284,topic_2,True
68,8,9e6e30c6-a20b-477c-9ca1-28749f99ebb6,0.8881787061691284,topic_2,True
68,8,9fa39dad-8af3-451a-b85b-074878b3678c,0.8881787061691284,topic_2,True
68,8,aa3dbb0b-1096-46be-a0c5-9bde9e4b4648,0.8881787061691284,topic_2,True
68,8,bb8d0f97-a9bb-4cc8-bea7-8113a022340f,0.8881787061691284,topic_2,True
68,8,d7510796-1bf2-441e-9d60-1a8df40fcdf9,0.8881787061691284,topic_2,True
68,8,f86ac065-f6bb-4ff7-8662-24b938599e20,0.8881787061691284,topic_2,True
69,16,012e10e2-0da9-4b96-9678-d473f14e34ab,0.8977577090263367,topic_2,True
69,16,0e3547d9-8a0c-4125-a56f-bef69f65d994,0.8977577090263367,topic_2,True
69,16,2df0b5c0-6614-4581-b95b-25a0facd11c3,0.8977577090263367,topic_2,True
69,16,51d28a25-239c-4048-891c-9b68f03c1a6a,0.8977577090263367,topic_2,True
69,16,b1c92968-f766-420f-9f2a-b35789a2dccc,0.8977577090263367,topic_2,True
69,16,f184814c-0a82-401f-95c3-2db50d68e267,0.8977577090263367,topic_2,True
69,16,f22180e9-0fa4-4fb2-8fca-1282f28e8654,0.8977577090263367,topic_2,True
69,16,fe81cd1d-729d-48fe-81ba-e45db6ab0a2a,0.546974241733551,topic_2,True
69,16,758f53d8-16c4-4bed-9c10-2af6a2ee31f8,0.5352218151092529,topic_2,True
69,16,7913ac25-6620-4b87-a0a2-31c5e1830050,0.5352218151092529,topic_2,True
69,16,dafc9a67-2a42-4fdc-9801-a6c5edc71b08,0.5352218151092529,topic_2,True
69,16,f51b45c6-7a47-4fda-bfcd-aae8caf45612,0.5352218151092529,topic_2,True
69,16,a7e1c93c-026a-476b-b440-58b1e35c3abb,0.5227797031402588,topic_2,True
69,16,4cb44002-f213-4252-bb2a-041e3f96548d,0.5181240439414978,topic_2,True
69,16,25002995-2604-494f-bd24-f4bdb4ed321c,0.5036817193031311,topic_2,True
70,15,503a96f0-68e6-4bb7-bf56-a9eaeed94082,0.8407300710678101,topic_2,True
70,15,79203071-25ac-4bcd-a105-7c04f6d479a4,0.8407300710678101,topic_2,True
70,15,b47a553a-a075-4dd3-83a6-aedcda190c1a,0.8407300710678101,topic_2,True
70,15,d7d5ed77-75a7-49b4-96b4-8c6aa6cb6d24,0.8407300710678101,topic_2,True
70,15,d91e4675-6664-45c3-9cc3-e2c2ecf98292,0.8407300710678101,topic_2,True
70,15,dee5cf3a-af6e-4555-a949-1db2626b52b0,0.8407300710678101,topic_2,True
70,15,f0e0740c-a36b-40cf-8436-7063ce4e91fc,0.8407300710678101,topic_2,True
70,15,2fbf176a-8f67-403d-8066-da5b52ba7f59,0.5076043009757996,topic_2,True
70,15,66b3fd02-1571-40e4-b16f-809be793be3f,0.5076043009757996,topic_2,True
70,15,7c2d5881-2725-486b-b792-4c55c60ebc20,0.5076043009757996,topic_2,True
70,15,addb7039-7702-488a-ad69-25bac166bb7a,0.5076043009757996,topic_2,True
70,15,d66c5563-b7f3-4079-b1c1-9a381b09a371,0.5076043009757996,topic_2,True
70,15,f59fe755-9070-411b-80b5-9e8aae162358,0.5076043009757996,topic_2,True
70,15,fd74da97-b662-4f95-9b5d-dce2b76016ef,0.5076043009757996,topic_2,True
71,17,0a2d3eb3-88ab-4c99-9cfb-4ff4ad0f376a,0.8643723726272583,topic_2,True
71,17,2f3fee96-f57b-4f43-aff7-b114a086418f,0.8643723726272583,topic_2,True
71,17,43904d56-aef9-4dc8-8554-64efce3cf726,0.8643723726272583,topic_2,True
71,17,660c1923-447f-458f-bc50-1ae3a4eaac5a,0.8643723726272583,topic_2,True
71,17,99716548-21a0-4822-9d41-f48fa240893c,0.8643723726272583,topic_2,True
71,17,b6719b47-dc74-470d-b71e-2ced653cd768,0.8643723726272583,topic_2,True
71,17,fb5dd66b-f617-4923-9856-c0d20d4991f7,0.8643723726272583,topic_2,True
71,17,012e10e2-0da9-4b96-9678-d473f14e34ab,0.5114039778709412,topic_2,True
71,17,0e3547d9-8a0c-4125-a56f-bef69f65d994,0.5114039778709412,topic_2,True
71,17,2df0b5c0-6614-4581-b95b-25a0facd11c3,0.5114039778709412,topic_2,True
71,17,51d28a25-239c-4048-891c-9b68f03c1a6a,0.5114039778709412,topic_2,True
71,17,b1c92968-f766-420f-9f2a-b35789a2dccc,0.5114039778709412,topic_2,True
71,17,dc2b3638-3376-4382-8782-20ca023e8554,0.5114039778709412,topic_2,True
71,17,f184814c-0a82-401f-95c3-2db50d68e267,0.5114039778709412,topic_2,True
71,17,f22180e9-0fa4-4fb2-8fca-1282f28e8654,0.5114039778709412,topic_2,True
72,13,2f180e2f-9208-44ea-8ba2-2a4b2b57e0f1,0.8811705112457275,topic_2,True
72,13,461ca34a-8299-40ed-93aa-6fec635580a6,0.8811705112457275,topic_2,True
72,13,af2be6aa-378f-4aca-b542-bba94f7f84d4,0.8811705112457275,topic_2,True
72,13,b0680986-d9bd-42cb-b6de-f75146f1fe33,0.8811705112457275,topic_2,True
72,13,b153ca39-3aa7-4a3c-88f6-3ba8434bae42,0.8811705112457275,topic_2,True
72,13,d7a540ee-540f-48c5-b8a0-fd7efab16139,0.8811705112457275,topic_2,True
72,13,758f53d8-16c4-4bed-9c10-2af6a2ee31f8,0.5168207883834839,topic_2,True
72,13,7913ac25-6620-4b87-a0a2-31c5e1830050,0.5168207883834839,topic_2,True
72,13,dafc9a67-2a42-4fdc-9801-a6c5edc71b08,0.5168207883834839,topic_2,True
72,13,f51b45c6-7a47-4fda-bfcd-aae8caf45612,0.5168207883834839,topic_2,True
72,13,a7e1c93c-026a-476b-b440-58b1e35c3abb,0.5140858888626099,topic_2,True
72,13,fe81cd1d-729d-48fe-81ba-e45db6ab0a2a,0.5070163607597351,topic_2,True
73,17,2fbf176a-8f67-403d-8066-da5b52ba7f59,0.7935101389884949,topic_2,True
73,17,66b3fd02-1571-40e4-b16f-809be793be3f,0.7935101389884949,topic_2,True
73,17,7c2d5881-2725-486b-b792-4c55c60ebc20,0.7935101389884949,topic_2,True
73,17,addb7039-7702-488a-ad69-25bac166bb7a,0.7935101389884949,topic_2,True
73,17,d66c5563-b7f3-4079-b1c1-9a381b09a371,0.7935101389884949,topic_2,True
73,17,f59fe755-9070-411b-80b5-9e8aae162358,0.7935101389884949,topic_2,True
73,17,fd74da97-b662-4f95-9b5d-dce2b76016ef,0.7935101389884949,topic_2,True
73,17,28b0eda8-f64b-46e5-bafd-263868e9ea46,0.5489327311515808,topic_2,True
73,17,503a96f0-68e6-4bb7-bf56-a9eaeed94082,0.5489327311515808,topic_2,True
73,17,79203071-25ac-4bcd-a105-7c04f6d479a4,0.5489327311515808,topic_2,True
73,17,b47a553a-a075-4dd3-83a6-aedcda190c1a,0.5489327311515808,topic_2,True
73,17,d7d5ed77-75a7-49b4-96b4-8c6aa6cb6d24,0.5489327311515808,topic_2,True
73,17,d91e4675-6664-45c3-9cc3-e2c2ecf98292,0.5489327311515808,topic_2,True
73,17,dee5cf3a-af6e-4555-a949-1db2626b52b0,0.5489327311515808,topic_2,True
73,17,f0e0740c-a36b-40cf-8436-7063ce4e91fc,0.5489327311515808,topic_2,True
74,18,a7e1c93c-026a-476b-b440-58b1e35c3abb,0.868101179599762,topic_2,True
74,18,fe81cd1d-729d-48fe-81ba-e45db6ab0a2a,0.8613193035125732,topic_2,True
74,18,25002995-2604-494f-bd24-f4bdb4ed321c,0.8559183478355408,topic_2,True
74,18,758f53d8-16c4-4bed-9c10-2af6a2ee31f8,0.8532615303993225,topic_2,True
74,18,7913ac25-6620-4b87-a0a2-31c5e1830050,0.8532615303993225,topic_2,True
74,18,dafc9a67-2a42-4fdc-9801-a6c5edc71b08,0.8532615303993225,topic_2,True
74,18,f51b45c6-7a47-4fda-bfcd-aae8caf45612,0.8532615303993225,topic_2,True
74,18,4cb44002-f213-4252-bb2a-041e3f96548d,0.8420382738113403,topic_2,True
74,18,012e10e2-0da9-4b96-9678-d473f14e34ab,0.5429393649101257,topic_2,True
74,18,0e3547d9-8a0c-4125-a56f-bef69f65d994,0.5429393649101257,topic_2,True
74,18,2df0b5c0-6614-4581-b95b-25a0facd11c3,0.5429393649101257,topic_2,True
74,18,51d28a25-239c-4048-891c-9b68f03c1a6a,0.5429393649101257,topic_2,True
74,18,b1c92968-f766-420f-9f2a-b35789a2dccc,0.5429393649101257,topic_2,True
74,18,dc2b3638-3376-4382-8782-20ca023e8554,0.5429393649101257,topic_2,True
74,18,f184814c-0a82-401f-95c3-2db50d68e267,0.5429393649101257,topic_2,True
74,18,f22180e9-0fa4-4fb2-8fca-1282f28e8654,0.5429393649101257,topic_2,True
75,8,ebdd3107-0c43-42b1-97b3-9b6e031bc86b,0.6988400816917419,topic_2,True
75,8,758f53d8-16c4-4bed-9c10-2af6a2ee31f8,0.5229727625846863,topic_2,True
75,8,7913ac25-6620-4b87-a0a2-31c5e1830050,0.5229727625846863,topic_2,True
75,8,dafc9a67-2a42-4fdc-9801-a6c5edc71b08,0.5229727625846863,topic_2,True
75,8,f51b45c6-7a47-4fda-bfcd-aae8caf45612,0.5229727625846863,topic_2,True
75,8,fe81cd1d-729d-48fe-81ba-e45db6ab0a2a,0.5125985741615295,topic_2,True
76,9,005185c4-319c-41a7-98f6-2a6c164b0a2d,0.8881787061691284,topic_2,True
76,9,9e6e30c6-a20b-477c-9ca1-28749f99ebb6,0.8881787061691284,topic_2,True
76,9,9fa39dad-8af3-451a-b85b-074878b3678c,0.8881787061691284,topic_2,True
76,9,aa3dbb0b-1096-46be-a0c5-9bde9e4b4648,0.8881787061691284,topic_2,True
76,9,bb8d0f97-a9bb-4cc8-bea7-8113a022340f,0.8881787061691284,topic_2,True
76,9,d7510796-1bf2-441e-9d60-1a8df40fcdf9,0.8881787061691284,topic_2,True
76,9,e09eef83-a0d6-424f-938a-7f922231718d,0.8881787061691284,topic_2,True
76,9,f86ac065-f6bb-4ff7-8662-24b938599e20,0.8881787061691284,topic_2,True
77,18,012e10e2-0da9-4b96-9678-d473f14e34ab,0.8977577090263367,topic_2,True
77,18,0e3547d9-8a0c-4125-a56f-bef69f65d994,0.8977577090263367,topic_2,True
77,18,2df0b5c0-6614-4581-b95b-25a0facd11c3,0.8977577090263367,topic_2,True
77,18,51d28a25-239c-4048-891c-9b68f03c1a6a,0.8977577090263367,topic_2,True
77,18,b1c92968-f766-420f-9f2a-b35789a2dccc,0.8977577090263367,topic_2,True
77,18,dc2b3638-3376-4382-8782-20ca023e8554,0.8977577090263367,topic_2,True
77,18,f184814c-0a82-401f-95c3-2db50d68e267,0.8977577090263367,topic_2,True
77,18,f22180e9-0fa4-4fb2-8fca-1282f28e8654,0.8977577090263367,topic_2,True
77,18,fe81cd1d-729d-48fe-81ba-e45db6ab0a2a,0.546974241733551,topic_2,True
77,18,ff67c7c3-6d12-45c7-b28d-9ce66d87b5c9,0.546974241733551,topic_2,True
77,18,758f53d8-16c4-4bed-9c10-2af6a2ee31f8,0.5352218151092529,topic_2,True
77,18,7913ac25-6620-4b87-a0a2-31c5e1830050,0.5352218151092529,topic_2,True
77,18,dafc9a67-2a42-4fdc-9801-a6c5edc71b08,0.5352218151092529,topic_2,True
77,18,f51b45c6-7a47-4fda-bfcd-aae8caf45612,0.5352218151092529,topic_2,True
77,18,a7e1c93c-026a-476b-b440-58b1e35c3abb,0.5227797031402588,topic_2,True
77,18,4cb44002-f213-4252-bb2a-041e3f96548d,0.5181240439414978,topic_2,True
77,18,25002995-2604-494f-bd24-f4bdb4ed321c,0.5036817193031311,topic_2,True
78,17,28b0eda8-f64b-46e5-bafd-263868e9ea46,0.8407300710678101,topic_2,True
78,17,503a96f0-68e6-4bb7-bf56-a9eaeed94082,0.8407300710678101,topic_2,True
78,17,79203071-25ac-4bcd-a105-7c04f6d479a4,0.8407300710678101,topic_2,True
78,17,b47a553a-a075-4dd3-83a6-aedcda190c1a,0.8407300710678101,topic_2,True
78,17,d7d5ed77-75a7-49b4-96b4-8c6aa6cb6d24,0.8407300710678101,topic_2,True
78,17,d91e4675-6664-45c3-9cc3-e2c2ecf98292,0.8407300710678101,topic_2,True
78,17,dee5cf3a-af6e-4555-a949-1db2626b52b0,0.8407300710678101,topic_2,True
78,17,f0e0740c-a36b-40cf-8436-7063ce4e91fc,0.8407300710678101,topic_2,True
78,17,2fbf176a-8f67-403d-8066-da5b52ba7f59,0.5076043009757996,topic_2,True
78,17,66b3fd02-1571-40e4-b16f-809be793be3f,0.5076043009757996,topic_2,True
78,17,7c2d5881-2725-486b-b792-4c55c60ebc20,0.5076043009757996,topic_2,True
78,17,addb7039-7702-488a-ad69-25bac166bb7a,0.5076043009757996,topic_2,True
78,17,b266a584-83e9-485f-aaac-d2d09e8e6f28,0.5076043009757996,topic_2,True
78,17,d66c5563-b7f3-4079-b1c1-9a381b09a371,0.5076043009757996,topic_2,True
78,17,f59fe755-9070-411b-80b5-9e8aae162358,0.5076043009757996,topic_2,True
78,17,fd74da97-b662-4f95-9b5d-dce2b76016ef,0.5076043009757996,topic_2,True
79,19,0a2d3eb3-88ab-4c99-9cfb-4ff4ad0f376a,0.8643723726272583,topic_2,True
79,19,2f3fee96-f57b-4f43-aff7-b114a086418f,0.8643723726272583,topic_2,True
79,19,43904d56-aef9-4dc8-8554-64efce3cf726,0.8643723726272583,topic_2,True
79,19,660c1923-447f-458f-bc50-1ae3a4eaac5a,0.8643723726272583,topic_2,True
79,19,99716548-21a0-4822-9d41-f48fa240893c,0.8643723726272583,topic_2,True
79,19,b6719b47-dc74-470d-b71e-2ced653cd768,0.8643723726272583,topic_2,True
79,19,b859522f-4ef3-42be-b773-3d66e1791a97,0.8643723726272583,topic_2,True
79,19,fb5dd66b-f617-4923-9856-c0d20d4991f7,0.8643723726272583,topic_2,True
79,19,012e10e2-0da9-4b96-9678-d473f14e34ab,0.5114039778709412,topic_2,True
79,19,0e3547d9-8a0c-4125-a56f-bef69f65d994,0.5114039778709412,topic_2,True
79,19,2df0b5c0-6614-4581-b95b-25a0facd11c3,0.5114039778709412,topic_2,True
79,19,51d28a25-239c-4048-891c-9b68f03c1a6a,0.5114039778709412,topic_2,True
79,19,b1c92968-f766-420f-9f2a-b35789a2dccc,0.5114039778709412,topic_2,True
79,19,dc2b3638-3376-4382-8782-20ca023e8554,0.5114039778709412,topic_2,True
79,19,e3a4e850-c28e-47f7-be91-fb23ce2255aa,0.5114039778709412,topic_2,True
79,19,f184814c-0a82-401f-95c3-2db50d68e267,0.5114039778709412,topic_2,True
79,19,f22180e9-0fa4-4fb2-8fca-1282f28e8654,0.5114039778709412,topic_2,True
80,15,2f180e2f-9208-44ea-8ba2-2a4b2b57e0f1,0.8811705112457275,topic_2,True
80,15,461ca34a-8299-40ed-93aa-6fec635580a6,0.8811705112457275,topic_2,True
80,15,64a40544-da83-4141-8f49-0f700719d520,0.8811705112457275,topic_2,True
80,15,af2be6aa-378f-4aca-b542-bba94f7f84d4,0.8811705112457275,topic_2,True
80,15,b0680986-d9bd-42cb-b6de-f75146f1fe33,0.8811705112457275,topic_2,True
80,15,b153ca39-3aa7-4a3c-88f6-3ba8434bae42,0.8811705112457275,topic_2,True
80,15,d7a540ee-540f-48c5-b8a0-fd7efab16139,0.8811705112457275,topic_2,True
80,15,758f53d8-16c4-4bed-9c10-2af6a2ee31f8,0.5168207883834839,topic_2,True
80,15,7913ac25-6620-4b87-a0a2-31c5e1830050,0.5168207883834839,topic_2,True
80,15,dafc9a67-2a42-4fdc-9801-a6c5edc71b08,0.5168207883834839,topic_2,True
80,15,f51b45c6-7a47-4fda-bfcd-aae8caf45612,0.5168207883834839,topic_2,True
80,15,a7e1c93c-026a-476b-b440-58b1e35c3abb,0.5140858888626099,topic_2,True
80,15,fe81cd1d-729d-48fe-81ba-e45db6ab0a2a,0.5070163607597351,topic_2,True
80,15,ff67c7c3-6d12-45c7-b28d-9ce66d87b5c9,0.5070163607597351,topic_2,True
81,19,2fbf176a-8f67-403d-8066-da5b52ba7f59,0.7935101389884949,topic_2,True
81,19,66b3fd02-1571-40e4-b16f-809be793be3f,0.7935101389884949,topic_2,True
81,19,7c2d5881-2725-486b-b792-4c55c60ebc20,0.7935101389884949,topic_2,True
81,19,addb7039-7702-488a-ad69-25bac166bb7a,0.7935101389884949,topic_2,True
81,19,b266a584-83e9-485f-aaac-d2d09e8e6f28,0.7935101389884949,topic_2,True
81,19,d66c5563-b7f3-4079-b1c1-9a381b09a371,0.7935101389884949,topic_2,True
81,19,f59fe755-9070-411b-80b5-9e8aae162358,0.7935101389884949,topic_2,True
81,19,fd74da97-b662-4f95-9b5d-dce2b76016ef,0.7935101389884949,topic_2,True
81,19,28b0eda8-f64b-46e5-bafd-263868e9ea46,0.5489327311515808,topic_2,True
81,19,49d904c8-2f32-4d82-9388-188e73e1b781,0.5489327311515808,topic_2,True
81,19,503a96f0-68e6-4bb7-bf56-a9eaeed94082,0.5489327311515808,topic_2,True
81,19,79203071-25ac-4bcd-a105-7c04f6d479a4,0.5489327311515808,topic_2,True
81,19,b47a553a-a075-4dd3-83a6-aedcda190c1a,0.5489327311515808,topic_2,True
81,19,d7d5ed77-75a7-49b4-96b4-8c6aa6cb6d24,0.5489327311515808,topic_2,True
81,19,d91e4675-6664-45c3-9cc3-e2c2ecf98292,0.5489327311515808,topic_2,True
81,19,dee5cf3a-af6e-4555-a949-1db2626b52b0,0.5489327311515808,topic_2,True
81,19,f0e0740c-a36b-40cf-8436-7063ce4e91fc,0.5489327311515808,topic_2,True
82,20,a7e1c93c-026a-476b-b440-58b1e35c3abb,0.868101179599762,topic_2,True
82,20,fe81cd1d-729d-48fe-81ba-e45db6ab0a2a,0.8613193035125732,topic_2,True
82,20,ff67c7c3-6d12-45c7-b28d-9ce66d87b5c9,0.8613193035125732,topic_2,True
82,20,25002995-2604-494f-bd24-f4bdb4ed321c,0.8559183478355408,topic_2,True
82,20,758f53d8-16c4-4bed-9c10-2af6a2ee31f8,0.8532615303993225,topic_2,True
82,20,7913ac25-6620-4b87-a0a2-31c5e1830050,0.8532615303993225,topic_2,True
82,20,dafc9a67-2a42-4fdc-9801-a6c5edc71b08,0.8532615303993225,topic_2,True
82,20,f51b45c6-7a47-4fda-bfcd-aae8caf45612,0.8532615303993225,topic_2,True
82,20,4cb44002-f213-4252-bb2a-041e3f96548d,0.8420382738113403,topic_2,True
82,20,012e10e2-0da9-4b96-9678-d473f14e34ab,0.5429393649101257,topic_2,True
82,20,0e3547d9-8a0c-4125-a56f-bef69f65d994,0.5429393649101257,topic_2,True
82,20,2df0b5c0-6614-4581-b95b-25a0facd11c3,0.5429393649101257,topic_2,True
82,20,51d28a25-239c-4048-891c-9b68f03c1a6a,0.5429393649101257,topic_2,True
82,20,b1c92968-f766-420f-9f2a-b35789a2dccc,0.5429393649101257,topic_2,True
82,20,dc2b3638-3376-4382-8782-20ca023e8554,0.5429393649101257,topic_2,True
82,20,e3a4e850-c28e-47f7-be91-fb23ce2255aa,0.5429393649101257,topic_2,True
82,20,f184814c-0a82-401f-95c3-2db50d68e267,0.5429393649101257,topic_2,True
82,20,f22180e9-0fa4-4fb2-8fca-1282f28e8654,0.5429393649101257,topic_2,True
87,12,012e10e2-0da9-4b96-9678-d473f14e34ab,0.6350393295288086,topic_2,True
87,12,0e3547d9-8a0c-4125-a56f-bef69f65d994,0.6350393295288086,topic_2,True
87,12,2df0b5c0-6614-4581-b95b-25a0facd11c3,0.6350393295288086,topic_2,True
87,12,51d28a25-239c-4048-891c-9b68f03c1a6a,0.6350393295288086,topic_2,True
87,12,b1c92968-f766-420f-9f2a-b35789a2dccc,0.6350393295288086,topic_2,True
87,12,dc2b3638-3376-4382-8782-20ca023e8554,0.6350393295288086,topic_2,True
87,12,e3a4e850-c28e-47f7-be91-fb23ce2255aa,0.6350393295288086,topic_2,True
87,12,f184814c-0a82-401f-95c3-2db50d68e267,0.6350393295288086,topic_2,True
87,12,f22180e9-0fa4-4fb2-8fca-1282f28e8654,0.6350393295288086,topic_2,True
87,12,db868b3d-342c-4d03-9a79-64b27837b5e4,0.559798538684845,topic_2,True
88,3,db868b3d-342c-4d03-9a79-64b27837b5e4,0.6108070611953735,topic_2,True
88,3,4ddce2f4-2e7c-40ce-a358-ced95c9942cc,0.5058408975601196,topic_2,True
89,1,bc50c81e-afec-40e2-b022-fd9739290eb8,0.5179146528244019,topic_2,True
90,12,1fe1c897-c028-4b10-b5a6-651e2383566d,0.5835834741592407,topic_2,True
90,12,2f180e2f-9208-44ea-8ba2-2a4b2b57e0f1,0.5549933314323425,topic_2,True
90,12,461ca34a-8299-40ed-93aa-6fec635580a6,0.5549933314323425,topic_2,True
90,12,64a40544-da83-4141-8f49-0f700719d520,0.5549933314323425,topic_2,True
90,12,af2be6aa-378f-4aca-b542-bba94f7f84d4,0.5549933314323425,topic_2,True
90,12,b0680986-d9bd-42cb-b6de-f75146f1fe33,0.5549933314323425,topic_2,True
90,12,b153ca39-3aa7-4a3c-88f6-3ba8434bae42,0.5549933314323425,topic_2,True
90,12,b2a083e9-f284-46b0-8812-deea53b56145,0.5549933314323425,topic_2,True
90,12,d7a540ee-540f-48c5-b8a0-fd7efab16139,0.5549933314323425,topic_2,True
90,12,bc50c81e-afec-40e2-b022-fd9739290eb8,0.5206599235534668,topic_2,True
90,12,6d371be9-6291-4691-ae7a-eaede59746de,0.5174322128295898,topic_2,True
91,3,db868b3d-342c-4d03-9a79-64b27837b5e4,0.5548982620239258,topic_2,True
91,3,6d371be9-6291-4691-ae7a-eaede59746de,0.536957323551178,topic_2,True
91,3,bc50c81e-afec-40e2-b022-fd9739290eb8,0.5355179905891418,topic_2,True
92,4,db868b3d-342c-4d03-9a79-64b27837b5e4,0.8782250881195068,topic_2,True
92,4,6d371be9-6291-4691-ae7a-eaede59746de,0.6453519463539124,topic_2,True
92,4,bc50c81e-afec-40e2-b022-fd9739290eb8,0.5870772004127502,topic_2,True
93,4,4ddce2f4-2e7c-40ce-a358-ced95c9942cc,0.8836332559585571,topic_2,True
93,4,1fe1c897-c028-4b10-b5a6-651e2383566d,0.5803573727607727,topic_2,True
93,4,6d371be9-6291-4691-ae7a-eaede59746de,0.5355281829833984,topic_2,True
93,4,bc50c81e-afec-40e2-b022-fd9739290eb8,0.5250928401947021,topic_2,True
94,6,1fe1c897-c028-4b10-b5a6-651e2383566d,0.9045434594154358,topic_2,True
94,6,4ddce2f4-2e7c-40ce-a358-ced95c9942cc,0.5641753077507019,topic_2,True
94,6,8c26928e-e3eb-4dd3-90be-d5b12363ac77,0.5510950684547424,topic_2,True
94,6,bc50c81e-afec-40e2-b022-fd9739290eb8,0.5486348867416382,topic_2,True
94,6,6d371be9-6291-4691-ae7a-eaede59746de,0.5288690328598022,topic_2,True
95,17,bc50c81e-afec-40e2-b022-fd9739290eb8,0.9085501432418823,topic_2,True
95,17,012e10e2-0da9-4b96-9678-d473f14e34ab,0.6350393295288086,topic_2,True
95,17,0e3547d9-8a0c-4125-a56f-bef69f65d994,0.6350393295288086,topic_2,True
95,17,2df0b5c0-6614-4581-b95b-25a0facd11c3,0.6350393295288086,topic_2,True
95,17,51d28a25-239c-4048-891c-9b68f03c1a6a,0.6350393295288086,topic_2,True
95,17,b1c92968-f766-420f-9f2a-b35789a2dccc,0.6350393295288086,topic_2,True
95,17,dc2b3638-3376-4382-8782-20ca023e8554,0.6350393295288086,topic_2,True
95,17,e3a4e850-c28e-47f7-be91-fb23ce2255aa,0.6350393295288086,topic_2,True
95,17,f184814c-0a82-401f-95c3-2db50d68e267,0.6350393295288086,topic_2,True
95,17,f22180e9-0fa4-4fb2-8fca-1282f28e8654,0.6350393295288086,topic_2,True
95,17,ca772484-2412-4fdd-9a68-b726c4e2c143,0.559798538684845,topic_2,True
95,17,db868b3d-342c-4d03-9a79-64b27837b5e4,0.559798538684845,topic_2,True
95,17,6d371be9-6291-4691-ae7a-eaede59746de,0.5529343485832214,topic_2,True
95,17,1fe1c897-c028-4b10-b5a6-651e2383566d,0.5213491916656494,topic_2,True
95,17,f9e10c27-fc2c-40af-9439-75cab4613420,0.5007662773132324,topic_2,True
96,8,6d371be9-6291-4691-ae7a-eaede59746de,0.9063560366630554,topic_2,True
96,8,ca772484-2412-4fdd-9a68-b726c4e2c143,0.6108070611953735,topic_2,True
96,8,db868b3d-342c-4d03-9a79-64b27837b5e4,0.6108070611953735,topic_2,True
96,8,bc50c81e-afec-40e2-b022-fd9739290eb8,0.571755051612854,topic_2,True
96,8,dafbf493-fce5-4ff2-ac2a-86155d8a0fda,0.5150877833366394,topic_2,True
96,8,3586b3d9-8cd0-425c-bfa4-12ede5ea224a,0.5058408975601196,topic_2,True
96,8,4ddce2f4-2e7c-40ce-a358-ced95c9942cc,0.5058408975601196,topic_2,True
97,3,f9e10c27-fc2c-40af-9439-75cab4613420,0.8924493193626404,topic_2,True
97,3,94c44e21-2973-4a41-919d-43aa6841e0b8,0.5179146528244019,topic_2,True
97,3,bc50c81e-afec-40e2-b022-fd9739290eb8,0.5179146528244019,topic_2,True
98,16,8c26928e-e3eb-4dd3-90be-d5b12363ac77,0.890346109867096,topic_2,True
98,16,1fe1c897-c028-4b10-b5a6-651e2383566d,0.5835834741592407,topic_2,True
98,16,245ede3c-39e2-44af-8de2-86dffd0ab5dd,0.5835834741592407,topic_2,True
98,16,2f180e2f-9208-44ea-8ba2-2a4b2b57e0f1,0.5549933314323425,topic_2,True
98,16,461ca34a-8299-40ed-93aa-6fec635580a6,0.5549933314323425,topic_2,True
98,16,64a40544-da83-4141-8f49-0f700719d520,0.5549933314323425,topic_2,True
98,16,af2be6aa-378f-4aca-b542-bba94f7f84d4,0.5549933314323425,topic_2,True
98,16,b0680986-d9bd-42cb-b6de-f75146f1fe33,0.5549933314323425,topic_2,True
98,16,b153ca39-3aa7-4a3c-88f6-3ba8434bae42,0.5549933314323425,topic_2,True
98,16,b2a083e9-f284-46b0-8812-deea53b56145,0.5549933314323425,topic_2,True
98,16,d7a540ee-540f-48c5-b8a0-fd7efab16139,0.5549933314323425,topic_2,True
98,16,94c44e21-2973-4a41-919d-43aa6841e0b8,0.5206599235534668,topic_2,True
98,16,bc50c81e-afec-40e2-b022-fd9739290eb8,0.5206599235534668,topic_2,True
98,16,6d371be9-6291-4691-ae7a-eaede59746de,0.5174322128295898,topic_2,True
98,16,e14793b8-7532-4ba5-b9a3-d19ee2cb21b3,0.5174322128295898,topic_2,True
99,7,dafbf493-fce5-4ff2-ac2a-86155d8a0fda,0.8686729669570923,topic_2,True
99,7,ca772484-2412-4fdd-9a68-b726c4e2c143,0.5548982620239258,topic_2,True
99,7,db868b3d-342c-4d03-9a79-64b27837b5e4,0.5548982620239258,topic_2,True
99,7,6d371be9-6291-4691-ae7a-eaede59746de,0.536957323551178,topic_2,True
99,7,e14793b8-7532-4ba5-b9a3-d19ee2cb21b3,0.536957323551178,topic_2,True
99,7,94c44e21-2973-4a41-919d-43aa6841e0b8,0.5355179905891418,topic_2,True
99,7,bc50c81e-afec-40e2-b022-fd9739290eb8,0.5355179905891418,topic_2,True
100,8,ca772484-2412-4fdd-9a68-b726c4e2c143,0.8782250881195068,topic_2,True
100,8,db868b3d-342c-4d03-9a79-64b27837b5e4,0.8782250881195068,topic_2,True
100,8,6d371be9-6291-4691-ae7a-eaede59746de,0.6453519463539124,topic_2,True
100,8,e14793b8-7532-4ba5-b9a3-d19ee2cb21b3,0.6453519463539124,topic_2,True
100,8,94c44e21-2973-4a41-919d-43aa6841e0b8,0.5870772004127502,topic_2,True
100,8,bc50c81e-afec-40e2-b022-fd9739290eb8,0.5870772004127502,topic_2,True
100,8,dafbf493-fce5-4ff2-ac2a-86155d8a0fda,0.5510380268096924,topic_2,True
101,8,3586b3d9-8cd0-425c-bfa4-12ede5ea224a,0.8836332559585571,topic_2,True
101,8,4ddce2f4-2e7c-40ce-a358-ced95c9942cc,0.8836332559585571,topic_2,True
101,8,1fe1c897-c028-4b10-b5a6-651e2383566d,0.5803573727607727,topic_2,True
101,8,245ede3c-39e2-44af-8de2-86dffd0ab5dd,0.5803573727607727,topic_2,True
101,8,6d371be9-6291-4691-ae7a-eaede59746de,0.5355281829833984,topic_2,True
101,8,e14793b8-7532-4ba5-b9a3-d19ee2cb21b3,0.5355281829833984,topic_2,True
101,8,94c44e21-2973-4a41-919d-43aa6841e0b8,0.5250928401947021,topic_2,True
101,8,bc50c81e-afec-40e2-b022-fd9739290eb8,0.5250928401947021,topic_2,True
102,11,1fe1c897-c028-4b10-b5a6-651e2383566d,0.9045434594154358,topic_2,True
102,11,245ede3c-39e2-44af-8de2-86dffd0ab5dd,0.9045434594154358,topic_2,True
102,11,3586b3d9-8cd0-425c-bfa4-12ede5ea224a,0.5641753077507019,topic_2,True
102,11,4ddce2f4-2e7c-40ce-a358-ced95c9942cc,0.5641753077507019,topic_2,True
102,11,7e3c6771-57fe-431f-9369-c217f11e15c2,0.5510950684547424,topic_2,True
102,11,8c26928e-e3eb-4dd3-90be-d5b12363ac77,0.5510950684547424,topic_2,True
102,11,94c44e21-2973-4a41-919d-43aa6841e0b8,0.5486348867416382,topic_2,True
102,11,bc50c81e-afec-40e2-b022-fd9739290eb8,0.5486348867416382,topic_2,True
102,11,6d371be9-6291-4691-ae7a-eaede59746de,0.5288690328598022,topic_2,True
102,11,e14793b8-7532-4ba5-b9a3-d19ee2cb21b3,0.5288690328598022,topic_2,True
103,22,94c44e21-2973-4a41-919d-43aa6841e0b8,0.9085501432418823,topic_2,True
103,22,bc50c81e-afec-40e2-b022-fd9739290eb8,0.9085501432418823,topic_2,True
103,22,012e10e2-0da9-4b96-9678-d473f14e34ab,0.6350393295288086,topic_2,True
103,22,0e3547d9-8a0c-4125-a56f-bef69f65d994,0.6350393295288086,topic_2,True
103,22,2df0b5c0-6614-4581-b95b-25a0facd11c3,0.6350393295288086,topic_2,True
103,22,51d28a25-239c-4048-891c-9b68f03c1a6a,0.6350393295288086,topic_2,True
103,22,b1c92968-f766-420f-9f2a-b35789a2dccc,0.6350393295288086,topic_2,True
103,22,dc2b3638-3376-4382-8782-20ca023e8554,0.6350393295288086,topic_2,True
103,22,e3a4e850-c28e-47f7-be91-fb23ce2255aa,0.6350393295288086,topic_2,True
103,22,f184814c-0a82-401f-95c3-2db50d68e267,0.6350393295288086,topic_2,True
103,22,f22180e9-0fa4-4fb2-8fca-1282f28e8654,0.6350393295288086,topic_2,True
103,22,86d671c2-2ec3-44c7-8a65-1f2946a85d47,0.559798538684845,topic_2,True
103,22,ca772484-2412-4fdd-9a68-b726c4e2c143,0.559798538684845,topic_2,True
103,22,db868b3d-342c-4d03-9a79-64b27837b5e4,0.559798538684845,topic_2,True
103,22,6d371be9-6291-4691-ae7a-eaede59746de,0.5529343485832214,topic_2,True
103,22,e14793b8-7532-4ba5-b9a3-d19ee2cb21b3,0.5529343485832214,topic_2,True
103,22,1fe1c897-c028-4b10-b5a6-651e2383566d,0.5213491916656494,topic_2,True
103,22,245ede3c-39e2-44af-8de2-86dffd0ab5dd,0.5213491916656494,topic_2,True
103,22,3ada1724-89b3-4190-83d0-8b2217b7aa5a,0.5007662773132324,topic_2,True
103,22,f9e10c27-fc2c-40af-9439-75cab4613420,0.5007662773132324,topic_2,True
104,13,6d371be9-6291-4691-ae7a-eaede59746de,0.9063560366630554,topic_2,True
104,13,e14793b8-7532-4ba5-b9a3-d19ee2cb21b3,0.9063560366630554,topic_2,True
104,13,86d671c2-2ec3-44c7-8a65-1f2946a85d47,0.6108070611953735,topic_2,True
104,13,ca772484-2412-4fdd-9a68-b726c4e2c143,0.6108070611953735,topic_2,True
104,13,db868b3d-342c-4d03-9a79-64b27837b5e4,0.6108070611953735,topic_2,True
104,13,94c44e21-2973-4a41-919d-43aa6841e0b8,0.571755051612854,topic_2,True
104,13,bc50c81e-afec-40e2-b022-fd9739290eb8,0.571755051612854,topic_2,True
104,13,30d170b1-7064-4746-a63a-19d9572302e4,0.5150877833366394,topic_2,True
104,13,dafbf493-fce5-4ff2-ac2a-86155d8a0fda,0.5150877833366394,topic_2,True
104,13,3586b3d9-8cd0-425c-bfa4-12ede5ea224a,0.5058408975601196,topic_2,True
104,13,4ddce2f4-2e7c-40ce-a358-ced95c9942cc,0.5058408975601196,topic_2,True
104,13,755481fd-b0ab-4de1-8832-7a29a42af347,0.5058408975601196,topic_2,True
105,5,3ada1724-89b3-4190-83d0-8b2217b7aa5a,0.8924493193626404,topic_2,True
105,5,f9e10c27-fc2c-40af-9439-75cab4613420,0.8924493193626404,topic_2,True
105,5,94c44e21-2973-4a41-919d-43aa6841e0b8,0.5179146528244019,topic_2,True
105,5,bc50c81e-afec-40e2-b022-fd9739290eb8,0.5179146528244019,topic_2,True
105,5,dd330cbb-60bc-462f-8b2b-2af5e0018ef8,0.5179146528244019,topic_2,True
106,20,7e3c6771-57fe-431f-9369-c217f11e15c2,0.890346109867096,topic_2,True
106,20,8c26928e-e3eb-4dd3-90be-d5b12363ac77,0.890346109867096,topic_2,True
106,20,1fe1c897-c028-4b10-b5a6-651e2383566d,0.5835834741592407,topic_2,True
106,20,245ede3c-39e2-44af-8de2-86dffd0ab5dd,0.5835834741592407,topic_2,True
106,20,cacd0527-b32b-4f01-856c-c58a677a202e,0.5835834741592407,topic_2,True
106,20,2f180e2f-9208-44ea-8ba2-2a4b2b57e0f1,0.5549933314323425,topic_2,True
106,20,461ca34a-8299-40ed-93aa-6fec635580a6,0.5549933314323425,topic_2,True
106,20,64a40544-da83-4141-8f49-0f700719d520,0.5549933314323425,topic_2,True
106,20,af2be6aa-378f-4aca-b542-bba94f7f84d4,0.5549933314323425,topic_2,True
106,20,b0680986-d9bd-42cb-b6de-f75146f1fe33,0.5549933314323425,topic_2,True
106,20,b153ca39-3aa7-4a3c-88f6-3ba8434bae42,0.5549933314323425,topic_2,True
106,20,b2a083e9-f284-46b0-8812-deea53b56145,0.5549933314323425,topic_2,True
106,20,d7a540ee-540f-48c5-b8a0-fd7efab16139,0.5549933314323425,topic_2,True
106,20,94c44e21-2973-4a41-919d-43aa6841e0b8,0.5206599235534668,topic_2,True
106,20,bc50c81e-afec-40e2-b022-fd9739290eb8,0.5206599235534668,topic_2,True
106,20,dd330cbb-60bc-462f-8b2b-2af5e0018ef8,0.5206599235534668,topic_2,True
106,20,26c15497-867c-47e8-93ec-5595823a72bf,0.5174322128295898,topic_2,True
106,20,6d371be9-6291-4691-ae7a-eaede59746de,0.5174322128295898,topic_2,True
106,20,e14793b8-7532-4ba5-b9a3-d19ee2cb21b3,0.5174322128295898,topic_2,True
107,11,30d170b1-7064-4746-a63a-19d9572302e4,0.8686729669570923,topic_2,True
107,11,dafbf493-fce5-4ff2-ac2a-86155d8a0fda,0.8686729669570923,topic_2,True
107,11,86d671c2-2ec3-44c7-8a65-1f2946a85d47,0.5548982620239258,topic_2,True
107,11,ca772484-2412-4fdd-9a68-b726c4e2c143,0.5548982620239258,topic_2,True
107,11,db868b3d-342c-4d03-9a79-64b27837b5e4,0.5548982620239258,topic_2,True
107,11,26c15497-867c-47e8-93ec-5595823a72bf,0.536957323551178,topic_2,True
107,11,6d371be9-6291-4691-ae7a-eaede59746de,0.536957323551178,topic_2,True
107,11,e14793b8-7532-4ba5-b9a3-d19ee2cb21b3,0.536957323551178,topic_2,True
107,11,94c44e21-2973-4a41-919d-43aa6841e0b8,0.5355179905891418,topic_2,True
107,11,bc50c81e-afec-40e2-b022-fd9739290eb8,0.5355179905891418,topic_2,True
107,11,dd330cbb-60bc-462f-8b2b-2af5e0018ef8,0.5355179905891418,topic_2,True
108,12,86d671c2-2ec3-44c7-8a65-1f2946a85d47,0.8782250881195068,topic_2,True
108,12,ca772484-2412-4fdd-9a68-b726c4e2c143,0.8782250881195068,topic_2,True
108,12,db868b3d-342c-4d03-9a79-64b27837b5e4,0.8782250881195068,topic_2,True
108,12,26c15497-867c-47e8-93ec-5595823a72bf,0.6453519463539124,topic_2,True
108,12,6d371be9-6291-4691-ae7a-eaede59746de,0.6453519463539124,topic_2,True
108,12,e14793b8-7532-4ba5-b9a3-d19ee2cb21b3,0.6453519463539124,topic_2,True
108,12,94c44e21-2973-4a41-919d-43aa6841e0b8,0.5870772004127502,topic_2,True
108,12,bc50c81e-afec-40e2-b022-fd9739290eb8,0.5870772004127502,topic_2,True
108,12,dd330cbb-60bc-462f-8b2b-2af5e0018ef8,0.5870772004127502,topic_2,True
108,12,30d170b1-7064-4746-a63a-19d9572302e4,0.5510380268096924,topic_2,True
108,12,dafbf493-fce5-4ff2-ac2a-86155d8a0fda,0.5510380268096924,topic_2,True
109,12,3586b3d9-8cd0-425c-bfa4-12ede5ea224a,0.8836332559585571,topic_2,True
109,12,4ddce2f4-2e7c-40ce-a358-ced95c9942cc,0.8836332559585571,topic_2,True
109,12,755481fd-b0ab-4de1-8832-7a29a42af347,0.8836332559585571,topic_2,True
109,12,1fe1c897-c028-4b10-b5a6-651e2383566d,0.5803573727607727,topic_2,True
109,12,245ede3c-39e2-44af-8de2-86dffd0ab5dd,0.5803573727607727,topic_2,True
109,12,cacd0527-b32b-4f01-856c-c58a677a202e,0.5803573727607727,topic_2,True
109,12,26c15497-867c-47e8-93ec-5595823a72bf,0.5355281829833984,topic_2,True
109,12,6d371be9-6291-4691-ae7a-eaede59746de,0.5355281829833984,topic_2,True
109,12,e14793b8-7532-4ba5-b9a3-d19ee2cb21b3,0.5355281829833984,topic_2,True
109,12,94c44e21-2973-4a41-919d-43aa6841e0b8,0.5250928401947021,topic_2,True
109,12,bc50c81e-afec-40e2-b022-fd9739290eb8,0.5250928401947021,topic_2,True
109,12,dd330cbb-60bc-462f-8b2b-2af5e0018ef8,0.5250928401947021,topic_2,True
110,16,1fe1c897-c028-4b10-b5a6-651e2383566d,0.9045434594154358,topic_2,True
110,16,245ede3c-39e2-44af-8de2-86dffd0ab5dd,0.9045434594154358,topic_2,True
110,16,cacd0527-b32b-4f01-856c-c58a677a202e,0.9045434594154358,topic_2,True
110,16,3586b3d9-8cd0-425c-bfa4-12ede5ea224a,0.5641753077507019,topic_2,True
110,16,4ddce2f4-2e7c-40ce-a358-ced95c9942cc,0.5641753077507019,topic_2,True
110,16,755481fd-b0ab-4de1-8832-7a29a42af347,0.5641753077507019,topic_2,True
110,16,31e14c3d-daa7-4837-b78a-7fb4ffb057a2,0.5510950684547424,topic_2,True
110,16,7e3c6771-57fe-431f-9369-c217f11e15c2,0.5510950684547424,topic_2,True
110,16,8c26928e-e3eb-4dd3-90be-d5b12363ac77,0.5510950684547424,topic_2,True
110,16,94c44e21-2973-4a41-919d-43aa6841e0b8,0.5486348867416382,topic_2,True
110,16,bc50c81e-afec-40e2-b022-fd9739290eb8,0.5486348867416382,topic_2,True
110,16,dd330cbb-60bc-462f-8b2b-2af5e0018ef8,0.5486348867416382,topic_2,True
110,16,26c15497-867c-47e8-93ec-5595823a72bf,0.5288690328598022,topic_2,True
110,16,6d371be9-6291-4691-ae7a-eaede59746de,0.5288690328598022,topic_2,True
110,16,e14793b8-7532-4ba5-b9a3-d19ee2cb21b3,0.5288690328598022,topic_2,True
111,27,94c44e21-2973-4a41-919d-43aa6841e0b8,0.9085501432418823,topic_2,True
111,27,bc50c81e-afec-40e2-b022-fd9739290eb8,0.9085501432418823,topic_2,True
111,27,dd330cbb-60bc-462f-8b2b-2af5e0018ef8,0.9085501432418823,topic_2,True
111,27,012e10e2-0da9-4b96-9678-d473f14e34ab,0.6350393295288086,topic_2,True
111,27,0e3547d9-8a0c-4125-a56f-bef69f65d994,0.6350393295288086,topic_2,True
111,27,2df0b5c0-6614-4581-b95b-25a0facd11c3,0.6350393295288086,topic_2,True
111,27,51d28a25-239c-4048-891c-9b68f03c1a6a,0.6350393295288086,topic_2,True
111,27,b1c92968-f766-420f-9f2a-b35789a2dccc,0.6350393295288086,topic_2,True
111,27,dc2b3638-3376-4382-8782-20ca023e8554,0.6350393295288086,topic_2,True
111,27,e3a4e850-c28e-47f7-be91-fb23ce2255aa,0.6350393295288086,topic_2,True
111,27,f184814c-0a82-401f-95c3-2db50d68e267,0.6350393295288086,topic_2,True
111,27,f22180e9-0fa4-4fb2-8fca-1282f28e8654,0.6350393295288086,topic_2,True
111,27,355072c6-35df-49d5-9bf7-e8f169b0e086,0.559798538684845,topic_2,True
111,27,86d671c2-2ec3-44c7-8a65-1f2946a85d47,0.559798538684845,topic_2,True
111,27,ca772484-2412-4fdd-9a68-b726c4e2c143,0.559798538684845,topic_2,True
111,27,db868b3d-342c-4d03-9a79-64b27837b5e4,0.559798538684845,topic_2,True
111,27,26c15497-867c-47e8-93ec-5595823a72bf,0.5529343485832214,topic_2,True
111,27,6d371be9-6291-4691-ae7a-eaede59746de,0.5529343485832214,topic_2,True
111,27,e14793b8-7532-4ba5-b9a3-d19ee2cb21b3,0.5529343485832214,topic_2,True
111,27,1fe1c897-c028-4b10-b5a6-651e2383566d,0.5213491916656494,topic_2,True
111,27,245ede3c-39e2-44af-8de2-86dffd0ab5dd,0.5213491916656494,topic_2,True
111,27,cacd0527-b32b-4f01-856c-c58a677a202e,0.5213491916656494,topic_2,True
111,27,3ada1724-89b3-4190-83d0-8b2217b7aa5a,0.5007662773132324,topic_2,True
111,27,dfef75de-8fb7-4f1d-acc3-38a52b773932,0.5007662773132324,topic_2,True
111,27,f9e10c27-fc2c-40af-9439-75cab4613420,0.5007662773132324,topic_2,True
112,18,26c15497-867c-47e8-93ec-5595823a72bf,0.9063560366630554,topic_2,True
112,18,6d371be9-6291-4691-ae7a-eaede59746de,0.9063560366630554,topic_2,True
112,18,e14793b8-7532-4ba5-b9a3-d19ee2cb21b3,0.9063560366630554,topic_2,True
112,18,355072c6-35df-49d5-9bf7-e8f169b0e086,0.6108070611953735,topic_2,True
112,18,86d671c2-2ec3-44c7-8a65-1f2946a85d47,0.6108070611953735,topic_2,True
112,18,ca772484-2412-4fdd-9a68-b726c4e2c143,0.6108070611953735,topic_2,True
112,18,db868b3d-342c-4d03-9a79-64b27837b5e4,0.6108070611953735,topic_2,True
112,18,94c44e21-2973-4a41-919d-43aa6841e0b8,0.571755051612854,topic_2,True
112,18,bc50c81e-afec-40e2-b022-fd9739290eb8,0.571755051612854,topic_2,True
112,18,dd330cbb-60bc-462f-8b2b-2af5e0018ef8,0.571755051612854,topic_2,True
112,18,30d170b1-7064-4746-a63a-19d9572302e4,0.5150877833366394,topic_2,True
112,18,b791b973-6da4-41ef-a269-b816891d6bb1,0.5150877833366394,topic_2,True
112,18,dafbf493-fce5-4ff2-ac2a-86155d8a0fda,0.5150877833366394,topic_2,True
112,18,3586b3d9-8cd0-425c-bfa4-12ede5ea224a,0.5058408975601196,topic_2,True
112,18,4ddce2f4-2e7c-40ce-a358-ced95c9942cc,0.5058408975601196,topic_2,True
112,18,755481fd-b0ab-4de1-8832-7a29a42af347,0.5058408975601196,topic_2,True
112,18,91f97e0f-c81f-415a-84d5-370c932bd526,0.5058408975601196,topic_2,True
113,7,3ada1724-89b3-4190-83d0-8b2217b7aa5a,0.8924493193626404,topic_2,True
113,7,dfef75de-8fb7-4f1d-acc3-38a52b773932,0.8924493193626404,topic_2,True
113,7,f9e10c27-fc2c-40af-9439-75cab4613420,0.8924493193626404,topic_2,True
113,7,620349aa-de94-45c7-bea3-08ca78d848b7,0.5179146528244019,topic_2,True
113,7,94c44e21-2973-4a41-919d-43aa6841e0b8,0.5179146528244019,topic_2,True
113,7,bc50c81e-afec-40e2-b022-fd9739290eb8,0.5179146528244019,topic_2,True
113,7,dd330cbb-60bc-462f-8b2b-2af5e0018ef8,0.5179146528244019,topic_2,True
114,24,31e14c3d-daa7-4837-b78a-7fb4ffb057a2,0.890346109867096,topic_2,True
114,24,7e3c6771-57fe-431f-9369-c217f11e15c2,0.890346109867096,topic_2,True
114,24,8c26928e-e3eb-4dd3-90be-d5b12363ac77,0.890346109867096,topic_2,True
114,24,1fe1c897-c028-4b10-b5a6-651e2383566d,0.5835834741592407,topic_2,True
114,24,245ede3c-39e2-44af-8de2-86dffd0ab5dd,0.5835834741592407,topic_2,True
114,24,cacd0527-b32b-4f01-856c-c58a677a202e,0.5835834741592407,topic_2,True
114,24,d9a788c5-317a-4545-9184-c4acaa54f6b9,0.5835834741592407,topic_2,True
114,24,2f180e2f-9208-44ea-8ba2-2a4b2b57e0f1,0.5549933314323425,topic_2,True
114,24,461ca34a-8299-40ed-93aa-6fec635580a6,0.5549933314323425,topic_2,True
114,24,64a40544-da83-4141-8f49-0f700719d520,0.5549933314323425,topic_2,True
114,24,af2be6aa-378f-4aca-b542-bba94f7f84d4,0.5549933314323425,topic_2,True
114,24,b0680986-d9bd-42cb-b6de-f75146f1fe33,0.5549933314323425,topic_2,True
114,24,b153ca39-3aa7-4a3c-88f6-3ba8434bae42,0.5549933314323425,topic_2,True
114,24,b2a083e9-f284-46b0-8812-deea53b56145,0.5549933314323425,topic_2,True
114,24,d7a540ee-540f-48c5-b8a0-fd7efab16139,0.5549933314323425,topic_2,True
114,24,620349aa-de94-45c7-bea3-08ca78d848b7,0.5206599235534668,topic_2,True
114,24,94c44e21-2973-4a41-919d-43aa6841e0b8,0.5206599235534668,topic_2,True
114,24,bc50c81e-afec-40e2-b022-fd9739290eb8,0.5206599235534668,topic_2,True
114,24,dd330cbb-60bc-462f-8b2b-2af5e0018ef8,0.5206599235534668,topic_2,True
114,24,26c15497-867c-47e8-93ec-5595823a72bf,0.5174322128295898,topic_2,True
114,24,6d371be9-6291-4691-ae7a-eaede59746de,0.5174322128295898,topic_2,True
114,24,e14793b8-7532-4ba5-b9a3-d19ee2cb21b3,0.5174322128295898,topic_2,True
114,24,fbeda479-a20d-43b0-a541-0d5f496f8c02,0.5174322128295898,topic_2,True
115,15,30d170b1-7064-4746-a63a-19d9572302e4,0.8686729669570923,topic_2,True
115,15,b791b973-6da4-41ef-a269-b816891d6bb1,0.8686729669570923,topic_2,True
115,15,dafbf493-fce5-4ff2-ac2a-86155d8a0fda,0.8686729669570923,topic_2,True
115,15,355072c6-35df-49d5-9bf7-e8f169b0e086,0.5548982620239258,topic_2,True
115,15,86d671c2-2ec3-44c7-8a65-1f2946a85d47,0.5548982620239258,topic_2,True
115,15,ca772484-2412-4fdd-9a68-b726c4e2c143,0.5548982620239258,topic_2,True
115,15,db868b3d-342c-4d03-9a79-64b27837b5e4,0.5548982620239258,topic_2,True
115,15,26c15497-867c-47e8-93ec-5595823a72bf,0.536957323551178,topic_2,True
115,15,6d371be9-6291-4691-ae7a-eaede59746de,0.536957323551178,topic_2,True
115,15,e14793b8-7532-4ba5-b9a3-d19ee2cb21b3,0.536957323551178,topic_2,True
115,15,fbeda479-a20d-43b0-a541-0d5f496f8c02,0.536957323551178,topic_2,True
115,15,620349aa-de94-45c7-bea3-08ca78d848b7,0.5355179905891418,topic_2,True
115,15,94c44e21-2973-4a41-919d-43aa6841e0b8,0.5355179905891418,topic_2,True
115,15,bc50c81e-afec-40e2-b022-fd9739290eb8,0.5355179905891418,topic_2,True
115,15,dd330cbb-60bc-462f-8b2b-2af5e0018ef8,0.5355179905891418,topic_2,True
116,16,355072c6-35df-49d5-9bf7-e8f169b0e086,0.8782250881195068,topic_2,True
116,16,86d671c2-2ec3-44c7-8a65-1f2946a85d47,0.8782250881195068,topic_2,True
116,16,ca772484-2412-4fdd-9a68-b726c4e2c143,0.8782250881195068,topic_2,True
116,16,db868b3d-342c-4d03-9a79-64b27837b5e4,0.8782250881195068,topic_2,True
116,16,26c15497-867c-47e8-93ec-5595823a72bf,0.6453519463539124,topic_2,True
116,16,6d371be9-6291-4691-ae7a-eaede59746de,0.6453519463539124,topic_2,True
116,16,e14793b8-7532-4ba5-b9a3-d19ee2cb21b3,0.6453519463539124,topic_2,True
116,16,fbeda479-a20d-43b0-a541-0d5f496f8c02,0.6453519463539124,topic_2,True
116,16,620349aa-de94-45c7-bea3-08ca78d848b7,0.5870772004127502,topic_2,True
116,16,94c44e21-2973-4a41-919d-43aa6841e0b8,0.5870772004127502,topic_2,True
116,16,bc50c81e-afec-40e2-b022-fd9739290eb8,0.5870772004127502,topic_2,True
116,16,dd330cbb-60bc-462f-8b2b-2af5e0018ef8,0.5870772004127502,topic_2,True
116,16,30d170b1-7064-4746-a63a-19d9572302e4,0.5510380268096924,topic_2,True
116,16,b791b973-6da4-41ef-a269-b816891d6bb1,0.5510380268096924,topic_2,True
116,16,dafbf493-fce5-4ff2-ac2a-86155d8a0fda,0.5510380268096924,topic_2,True
117,16,3586b3d9-8cd0-425c-bfa4-12ede5ea224a,0.8836332559585571,topic_2,True
117,16,4ddce2f4-2e7c-40ce-a358-ced95c9942cc,0.8836332559585571,topic_2,True
117,16,755481fd-b0ab-4de1-8832-7a29a42af347,0.8836332559585571,topic_2,True
117,16,91f97e0f-c81f-415a-84d5-370c932bd526,0.8836332559585571,topic_2,True
117,16,1fe1c897-c028-4b10-b5a6-651e2383566d,0.5803573727607727,topic_2,True
117,16,245ede3c-39e2-44af-8de2-86dffd0ab5dd,0.5803573727607727,topic_2,True
117,16,cacd0527-b32b-4f01-856c-c58a677a202e,0.5803573727607727,topic_2,True
117,16,d9a788c5-317a-4545-9184-c4acaa54f6b9,0.5803573727607727,topic_2,True
117,16,26c15497-867c-47e8-93ec-5595823a72bf,0.5355281829833984,topic_2,True
117,16,6d371be9-6291-4691-ae7a-eaede59746de,0.5355281829833984,topic_2,True
117,16,e14793b8-7532-4ba5-b9a3-d19ee2cb21b3,0.5355281829833984,topic_2,True
117,16,fbeda479-a20d-43b0-a541-0d5f496f8c02,0.5355281829833984,topic_2,True
117,16,620349aa-de94-45c7-bea3-08ca78d848b7,0.5250928401947021,topic_2,True
117,16,94c44e21-2973-4a41-919d-43aa6841e0b8,0.5250928401947021,topic_2,True
117,16,bc50c81e-afec-40e2-b022-fd9739290eb8,0.5250928401947021,topic_2,True
117,16,dd330cbb-60bc-462f-8b2b-2af5e0018ef8,0.5250928401947021,topic_2,True
118,21,1fe1c897-c028-4b10-b5a6-651e2383566d,0.9045434594154358,topic_2,True
118,21,245ede3c-39e2-44af-8de2-86dffd0ab5dd,0.9045434594154358,topic_2,True
118,21,cacd0527-b32b-4f01-856c-c58a677a202e,0.9045434594154358,topic_2,True
118,21,d9a788c5-317a-4545-9184-c4acaa54f6b9,0.9045434594154358,topic_2,True
118,21,3586b3d9-8cd0-425c-bfa4-12ede5ea224a,0.5641753077507019,topic_2,True
118,21,4ddce2f4-2e7c-40ce-a358-ced95c9942cc,0.5641753077507019,topic_2,True
118,21,755481fd-b0ab-4de1-8832-7a29a42af347,0.5641753077507019,topic_2,True
118,21,91f97e0f-c81f-415a-84d5-370c932bd526,0.5641753077507019,topic_2,True
118,21,31e14c3d-daa7-4837-b78a-7fb4ffb057a2,0.5510950684547424,topic_2,True
118,21,7e3c6771-57fe-431f-9369-c217f11e15c2,0.5510950684547424,topic_2,True
118,21,8ad97832-a2d1-45f0-88b6-a8dd64480c89,0.5510950684547424,topic_2,True
118,21,8c26928e-e3eb-4dd3-90be-d5b12363ac77,0.5510950684547424,topic_2,True
118,21,620349aa-de94-45c7-bea3-08ca78d848b7,0.5486348867416382,topic_2,True
118,21,94c44e21-2973-4a41-919d-43aa6841e0b8,0.5486348867416382,topic_2,True
118,21,bc50c81e-afec-40e2-b022-fd9739290eb8,0.5486348867416382,topic_2,True
118,21,dd330cbb-60bc-462f-8b2b-2af5e0018ef8,0.5486348867416382,topic_2,True
118,21,26c15497-867c-47e8-93ec-5595823a72bf,0.5288690328598022,topic_2,True
118,21,6d371be9-6291-4691-ae7a-eaede59746de,0.5288690328598022,topic_2,True
118,21,e14793b8-7532-4ba5-b9a3-d19ee2cb21b3,0.5288690328598022,topic_2,True
118,21,fbeda479-a20d-43b0-a541-0d5f496f8c02,0.5288690328598022,topic_2,True
119,32,620349aa-de94-45c7-bea3-08ca78d848b7,0.9085501432418823,topic_2,True
119,32,94c44e21-2973-4a41-919d-43aa6841e0b8,0.9085501432418823,topic_2,True
119,32,bc50c81e-afec-40e2-b022-fd9739290eb8,0.9085501432418823,topic_2,True
119,32,dd330cbb-60bc-462f-8b2b-2af5e0018ef8,0.9085501432418823,topic_2,True
119,32,012e10e2-0da9-4b96-9678-d473f14e34ab,0.6350393295288086,topic_2,True
119,32,0e3547d9-8a0c-4125-a56f-bef69f65d994,0.6350393295288086,topic_2,True
119,32,2df0b5c0-6614-4581-b95b-25a0facd11c3,0.6350393295288086,topic_2,True
119,32,51d28a25-239c-4048-891c-9b68f03c1a6a,0.6350393295288086,topic_2,True
119,32,b1c92968-f766-420f-9f2a-b35789a2dccc,0.6350393295288086,topic_2,True
119,32,dc2b3638-3376-4382-8782-20ca023e8554,0.6350393295288086,topic_2,True
119,32,e3a4e850-c28e-47f7-be91-fb23ce2255aa,0.6350393295288086,topic_2,True
119,32,f184814c-0a82-401f-95c3-2db50d68e267,0.6350393295288086,topic_2,True
119,32,f22180e9-0fa4-4fb2-8fca-1282f28e8654,0.6350393295288086,topic_2,True
119,32,078d0e9f-afea-4d8c-a9ec-4b2cf9cff354,0.559798538684845,topic_2,True
119,32,355072c6-35df-49d5-9bf7-e8f169b0e086,0.559798538684845,topic_2,True
119,32,86d671c2-2ec3-44c7-8a65-1f2946a85d47,0.559798538684845,topic_2,True
119,32,ca772484-2412-4fdd-9a68-b726c4e2c143,0.559798538684845,topic_2,True
119,32,db868b3d-342c-4d03-9a79-64b27837b5e4,0.559798538684845,topic_2,True
119,32,26c15497-867c-47e8-93ec-5595823a72bf,0.5529343485832214,topic_2,True
119,32,6d371be9-6291-4691-ae7a-eaede59746de,0.5529343485832214,topic_2,True
119,32,e14793b8-7532-4ba5-b9a3-d19ee2cb21b3,0.5529343485832214,topic_2,True
119,32,fbeda479-a20d-43b0-a541-0d5f496f8c02,0.5529343485832214,topic_2,True
119,32,1fe1c897-c028-4b10-b5a6-651e2383566d,0.5213491916656494,topic_2,True
119,32,245ede3c-39e2-44af-8de2-86dffd0ab5dd,0.5213491916656494,topic_2,True
119,32,cacd0527-b32b-4f01-856c-c58a677a202e,0.5213491916656494,topic_2,True
119,32,d9a788c5-317a-4545-9184-c4acaa54f6b9,0.5213491916656494,topic_2,True
119,32,3ada1724-89b3-4190-83d0-8b2217b7aa5a,0.5007662773132324,topic_2,True
119,32,dfef75de-8fb7-4f1d-acc3-38a52b773932,0.5007662773132324,topic_2,True
119,32,ea12cbd0-266d-47ee-9426-18e6b56939b5,0.5007662773132324,topic_2,True
119,32,f9e10c27-fc2c-40af-9439-75cab4613420,0.5007662773132324,topic_2,True
120,23,26c15497-867c-47e8-93ec-5595823a72bf,0.9063560366630554,topic_2,True
120,23,6d371be9-6291-4691-ae7a-eaede59746de,0.9063560366630554,topic_2,True
120,23,e14793b8-7532-4ba5-b9a3-d19ee2cb21b3,0.9063560366630554,topic_2,True
120,23,fbeda479-a20d-43b0-a541-0d5f496f8c02,0.9063560366630554,topic_2,True
120,23,078d0e9f-afea-4d8c-a9ec-4b2cf9cff354,0.6108070611953735,topic_2,True
120,23,355072c6-35df-49d5-9bf7-e8f169b0e086,0.6108070611953735,topic_2,True
120,23,86d671c2-2ec3-44c7-8a65-1f2946a85d47,0.6108070611953735,topic_2,True
120,23,ca772484-2412-4fdd-9a68-b726c4e2c143,0.6108070611953735,topic_2,True
120,23,db868b3d-342c-4d03-9a79-64b27837b5e4,0.6108070611953735,topic_2,True
120,23,620349aa-de94-45c7-bea3-08ca78d848b7,0.571755051612854,topic_2,True
120,23,94c44e21-2973-4a41-919d-43aa6841e0b8,0.571755051612854,topic_2,True
120,23,bc50c81e-afec-40e2-b022-fd9739290eb8,0.571755051612854,topic_2,True
120,23,dd330cbb-60bc-462f-8b2b-2af5e0018ef8,0.571755051612854,topic_2,True
120,23,30d170b1-7064-4746-a63a-19d9572302e4,0.5150877833366394,topic_2,True
120,23,b791b973-6da4-41ef-a269-b816891d6bb1,0.5150877833366394,topic_2,True
120,23,c765ef3b-e306-481d-a9d9-c4b51cabd483,0.5150877833366394,topic_2,True
120,23,dafbf493-fce5-4ff2-ac2a-86155d8a0fda,0.5150877833366394,topic_2,True
120,23,3586b3d9-8cd0-425c-bfa4-12ede5ea224a,0.5058408975601196,topic_2,True
120,23,4ddce2f4-2e7c-40ce-a358-ced95c9942cc,0.5058408975601196,topic_2,True
120,23,755481fd-b0ab-4de1-8832-7a29a42af347,0.5058408975601196,topic_2,True
120,23,88f6e161-d522-4c46-bb57-17edf3ea149d,0.5058408975601196,topic_2,True
120,23,91f97e0f-c81f-415a-84d5-370c932bd526,0.5058408975601196,topic_2,True
121,9,3ada1724-89b3-4190-83d0-8b2217b7aa5a,0.8924493193626404,topic_2,True
121,9,dfef75de-8fb7-4f1d-acc3-38a52b773932,0.8924493193626404,topic_2,True
121,9,ea12cbd0-266d-47ee-9426-18e6b56939b5,0.8924493193626404,topic_2,True
121,9,f9e10c27-fc2c-40af-9439-75cab4613420,0.8924493193626404,topic_2,True
121,9,0972b605-8947-410f-bbe4-d0aec0bf97a0,0.5179146528244019,topic_2,True
121,9,620349aa-de94-45c7-bea3-08ca78d848b7,0.5179146528244019,topic_2,True
121,9,94c44e21-2973-4a41-919d-43aa6841e0b8,0.5179146528244019,topic_2,True
121,9,bc50c81e-afec-40e2-b022-fd9739290eb8,0.5179146528244019,topic_2,True
121,9,dd330cbb-60bc-462f-8b2b-2af5e0018ef8,0.5179146528244019,topic_2,True
122,7,ebdd3107-0c43-42b1-97b3-9b6e031bc86b,0.5750882029533386,topic_2,True
122,7,cee3e923-5024-4766-b938-623e2b140d4b,0.5540775656700134,topic_3,True
122,7,0972b605-8947-410f-bbe4-d0aec0bf97a0,0.5041643381118774,topic_2,True
122,7,620349aa-de94-45c7-bea3-08ca78d848b7,0.5041643381118774,topic_2,True
122,7,94c44e21-2973-4a41-919d-43aa6841e0b8,0.5041643381118774,topic_2,True
122,7,bc50c81e-afec-40e2-b022-fd9739290eb8,0.5041643381118774,topic_2,True
122,7,dd330cbb-60bc-462f-8b2b-2af5e0018ef8,0.5041643381118774,topic_2,True
123,19,30d170b1-7064-4746-a63a-19d9572302e4,0.8686729669570923,topic_2,True
123,19,b791b973-6da4-41ef-a269-b816891d6bb1,0.8686729669570923,topic_2,True
123,19,c765ef3b-e306-481d-a9d9-c4b51cabd483,0.8686729669570923,topic_2,True
123,19,dafbf493-fce5-4ff2-ac2a-86155d8a0fda,0.8686729669570923,topic_2,True
123,19,078d0e9f-afea-4d8c-a9ec-4b2cf9cff354,0.5548982620239258,topic_2,True
123,19,355072c6-35df-49d5-9bf7-e8f169b0e086,0.5548982620239258,topic_2,True
123,19,86d671c2-2ec3-44c7-8a65-1f2946a85d47,0.5548982620239258,topic_2,True
123,19,ca772484-2412-4fdd-9a68-b726c4e2c143,0.5548982620239258,topic_2,True
123,19,db868b3d-342c-4d03-9a79-64b27837b5e4,0.5548982620239258,topic_2,True
123,19,26c15497-867c-47e8-93ec-5595823a72bf,0.536957323551178,topic_2,True
123,19,6d371be9-6291-4691-ae7a-eaede59746de,0.536957323551178,topic_2,True
123,19,bbf01234-6ced-4e3e-a097-db83ada51a61,0.536957323551178,topic_2,True
123,19,e14793b8-7532-4ba5-b9a3-d19ee2cb21b3,0.536957323551178,topic_2,True
123,19,fbeda479-a20d-43b0-a541-0d5f496f8c02,0.536957323551178,topic_2,True
123,19,0972b605-8947-410f-bbe4-d0aec0bf97a0,0.5355179905891418,topic_2,True
123,19,620349aa-de94-45c7-bea3-08ca78d848b7,0.5355179905891418,topic_2,True
123,19,94c44e21-2973-4a41-919d-43aa6841e0b8,0.5355179905891418,topic_2,True
123,19,bc50c81e-afec-40e2-b022-fd9739290eb8,0.5355179905891418,topic_2,True
123,19,dd330cbb-60bc-462f-8b2b-2af5e0018ef8,0.5355179905891418,topic_2,True
124,20,078d0e9f-afea-4d8c-a9ec-4b2cf9cff354,0.8782250881195068,topic_2,True
124,20,355072c6-35df-49d5-9bf7-e8f169b0e086,0.8782250881195068,topic_2,True
124,20,86d671c2-2ec3-44c7-8a65-1f2946a85d47,0.8782250881195068,topic_2,True
124,20,ca772484-2412-4fdd-9a68-b726c4e2c143,0.8782250881195068,topic_2,True
124,20,db868b3d-342c-4d03-9a79-64b27837b5e4,0.8782250881195068,topic_2,True
124,20,26c15497-867c-47e8-93ec-5595823a72bf,0.6453519463539124,topic_2,True
124,20,6d371be9-6291-4691-ae7a-eaede59746de,0.6453519463539124,topic_2,True
124,20,bbf01234-6ced-4e3e-a097-db83ada51a61,0.6453519463539124,topic_2,True
124,20,e14793b8-7532-4ba5-b9a3-d19ee2cb21b3,0.6453519463539124,topic_2,True
124,20,fbeda479-a20d-43b0-a541-0d5f496f8c02,0.6453519463539124,topic_2,True
124,20,0972b605-8947-410f-bbe4-d0aec0bf97a0,0.5870772004127502,topic_2,True
124,20,620349aa-de94-45c7-bea3-08ca78d848b7,0.5870772004127502,topic_2,True
124,20,94c44e21-2973-4a41-919d-43aa6841e0b8,0.5870772004127502,topic_2,True
124,20,bc50c81e-afec-40e2-b022-fd9739290eb8,0.5870772004127502,topic_2,True
124,20,dd330cbb-60bc-462f-8b2b-2af5e0018ef8,0.5870772004127502,topic_2,True
124,20,30d170b1-7064-4746-a63a-19d9572302e4,0.5510380268096924,topic_2,True
124,20,b791b973-6da4-41ef-a269-b816891d6bb1,0.5510380268096924,topic_2,True
124,20,c765ef3b-e306-481d-a9d9-c4b51cabd483,0.5510380268096924,topic_2,True
124,20,dafbf493-fce5-4ff2-ac2a-86155d8a0fda,0.5510380268096924,topic_2,True
125,20,3586b3d9-8cd0-425c-bfa4-12ede5ea224a,0.8836332559585571,topic_2,True
125,20,4ddce2f4-2e7c-40ce-a358-ced95c9942cc,0.8836332559585571,topic_2,True
125,20,755481fd-b0ab-4de1-8832-7a29a42af347,0.8836332559585571,topic_2,True
125,20,88f6e161-d522-4c46-bb57-17edf3ea149d,0.8836332559585571,topic_2,True
125,20,91f97e0f-c81f-415a-84d5-370c932bd526,0.8836332559585571,topic_2,True
125,20,1fe1c897-c028-4b10-b5a6-651e2383566d,0.5803573727607727,topic_2,True
125,20,245ede3c-39e2-44af-8de2-86dffd0ab5dd,0.5803573727607727,topic_2,True
125,20,af9507d7-9513-40af-8985-7a14c802dd06,0.5803573727607727,topic_2,True
125,20,cacd0527-b32b-4f01-856c-c58a677a202e,0.5803573727607727,topic_2,True
125,20,d9a788c5-317a-4545-9184-c4acaa54f6b9,0.5803573727607727,topic_2,True
125,20,26c15497-867c-47e8-93ec-5595823a72bf,0.5355281829833984,topic_2,True
125,20,6d371be9-6291-4691-ae7a-eaede59746de,0.5355281829833984,topic_2,True
125,20,bbf01234-6ced-4e3e-a097-db83ada51a61,0.5355281829833984,topic_2,True
125,20,e14793b8-7532-4ba5-b9a3-d19ee2cb21b3,0.5355281829833984,topic_2,True
125,20,fbeda479-a20d-43b0-a541-0d5f496f8c02,0.5355281829833984,topic_2,True
125,20,0972b605-8947-410f-bbe4-d0aec0bf97a0,0.5250928401947021,topic_2,True
125,20,620349aa-de94-45c7-bea3-08ca78d848b7,0.5250928401947021,topic_2,True
125,20,94c44e21-2973-4a41-919d-43aa6841e0b8,0.5250928401947021,topic_2,True
125,20,bc50c81e-afec-40e2-b022-fd9739290eb8,0.5250928401947021,topic_2,True
125,20,dd330cbb-60bc-462f-8b2b-2af5e0018ef8,0.5250928401947021,topic_2,True
126,25,1fe1c897-c028-4b10-b5a6-651e2383566d,0.9045434594154358,topic_2,True
126,25,245ede3c-39e2-44af-8de2-86dffd0ab5dd,0.9045434594154358,topic_2,True
126,25,af9507d7-9513-40af-8985-7a14c802dd06,0.9045434594154358,topic_2,True
126,25,cacd0527-b32b-4f01-856c-c58a677a202e,0.9045434594154358,topic_2,True
126,25,d9a788c5-317a-4545-9184-c4acaa54f6b9,0.9045434594154358,topic_2,True
126,25,3586b3d9-8cd0-425c-bfa4-12ede5ea224a,0.5641753077507019,topic_2,True
126,25,4ddce2f4-2e7c-40ce-a358-ced95c9942cc,0.5641753077507019,topic_2,True
126,25,755481fd-b0ab-4de1-8832-7a29a42af347,0.5641753077507019,topic_2,True
126,25,88f6e161-d522-4c46-bb57-17edf3ea149d,0.5641753077507019,topic_2,True
126,25,91f97e0f-c81f-415a-84d5-370c932bd526,0.5641753077507019,topic_2,True
126,25,31e14c3d-daa7-4837-b78a-7fb4ffb057a2,0.5510950684547424,topic_2,True
126,25,7e3c6771-57fe-431f-9369-c217f11e15c2,0.5510950684547424,topic_2,True
126,25,8ad97832-a2d1-45f0-88b6-a8dd64480c89,0.5510950684547424,topic_2,True
126,25,8c26928e-e3eb-4dd3-90be-d5b12363ac77,0.5510950684547424,topic_2,True
126,25,0972b605-8947-410f-bbe4-d0aec0bf97a0,0.5486348867416382,topic_2,True
126,25,620349aa-de94-45c7-bea3-08ca78d848b7,0.5486348867416382,topic_2,True
126,25,94c44e21-2973-4a41-919d-43aa6841e0b8,0.5486348867416382,topic_2,True
126,25,bc50c81e-afec-40e2-b022-fd9739290eb8,0.5486348867416382,topic_2,True
126,25,dd330cbb-60bc-462f-8b2b-2af5e0018ef8,0.5486348867416382,topic_2,True
126,25,26c15497-867c-47e8-93ec-5595823a72bf,0.5288690328598022,topic_2,True
126,25,6d371be9-6291-4691-ae7a-eaede59746de,0.5288690328598022,topic_2,True
126,25,bbf01234-6ced-4e3e-a097-db83ada51a61,0.5288690328598022,topic_2,True
126,25,e14793b8-7532-4ba5-b9a3-d19ee2cb21b3,0.5288690328598022,topic_2,True
126,25,fbeda479-a20d-43b0-a541-0d5f496f8c02,0.5288690328598022,topic_2,True
127,38,0972b605-8947-410f-bbe4-d0aec0bf97a0,0.9085501432418823,topic_2,True
127,38,620349aa-de94-45c7-bea3-08ca78d848b7,0.9085501432418823,topic_2,True
127,38,94c44e21-2973-4a41-919d-43aa6841e0b8,0.9085501432418823,topic_2,True
127,38,bc50c81e-afec-40e2-b022-fd9739290eb8,0.9085501432418823,topic_2,True
127,38,dd330cbb-60bc-462f-8b2b-2af5e0018ef8,0.9085501432418823,topic_2,True
127,38,012e10e2-0da9-4b96-9678-d473f14e34ab,0.6350393295288086,topic_2,True
127,38,0e3547d9-8a0c-4125-a56f-bef69f65d994,0.6350393295288086,topic_2,True
127,38,2df0b5c0-6614-4581-b95b-25a0facd11c3,0.6350393295288086,topic_2,True
127,38,51d28a25-239c-4048-891c-9b68f03c1a6a,0.6350393295288086,topic_2,True
127,38,b1c92968-f766-420f-9f2a-b35789a2dccc,0.6350393295288086,topic_2,True
127,38,dc2b3638-3376-4382-8782-20ca023e8554,0.6350393295288086,topic_2,True
127,38,e3a4e850-c28e-47f7-be91-fb23ce2255aa,0.6350393295288086,topic_2,True
127,38,f184814c-0a82-401f-95c3-2db50d68e267,0.6350393295288086,topic_2,True
127,38,f22180e9-0fa4-4fb2-8fca-1282f28e8654,0.6350393295288086,topic_2,True
127,38,078d0e9f-afea-4d8c-a9ec-4b2cf9cff354,0.559798538684845,topic_2,True
127,38,22236c00-4b51-4313-a985-7cf1e537969f,0.559798538684845,topic_2,True
127,38,355072c6-35df-49d5-9bf7-e8f169b0e086,0.559798538684845,topic_2,True
127,38,86d671c2-2ec3-44c7-8a65-1f2946a85d47,0.559798538684845,topic_2,True
127,38,ca772484-2412-4fdd-9a68-b726c4e2c143,0.559798538684845,topic_2,True
127,38,db868b3d-342c-4d03-9a79-64b27837b5e4,0.559798538684845,topic_2,True
127,38,26c15497-867c-47e8-93ec-5595823a72bf,0.5529343485832214,topic_2,True
127,38,6d371be9-6291-4691-ae7a-eaede59746de,0.5529343485832214,topic_2,True
127,38,bbf01234-6ced-4e3e-a097-db83ada51a61,0.5529343485832214,topic_2,True
127,38,e14793b8-7532-4ba5-b9a3-d19ee2cb21b3,0.5529343485832214,topic_2,True
127,38,fbeda479-a20d-43b0-a541-0d5f496f8c02,0.5529343485832214,topic_2,True
127,38,f9ec5e51-bc06-4de6-b40a-0ace8f9f72c2,0.5286071300506592,topic_3,True
127,38,1fe1c897-c028-4b10-b5a6-651e2383566d,0.5213491916656494,topic_2,True
127,38,245ede3c-39e2-44af-8de2-86dffd0ab5dd,0.5213491916656494,topic_2,True
127,38,af9507d7-9513-40af-8985-7a14c802dd06,0.5213491916656494,topic_2,True
127,38,cacd0527-b32b-4f01-856c-c58a677a202e,0.5213491916656494,topic_2,True
127,38,d9a788c5-317a-4545-9184-c4acaa54f6b9,0.5213491916656494,topic_2,True
127,38,3ada1724-89b3-4190-83d0-8b2217b7aa5a,0.5007662773132324,topic_2,True
127,38,d1805529-6794-4f82-9eb4-2b3a9a4dfdef,0.5007662773132324,topic_2,True
127,38,dfef75de-8fb7-4f1d-acc3-38a52b773932,0.5007662773132324,topic_2,True
127,38,ea12cbd0-266d-47ee-9426-18e6b56939b5,0.5007662773132324,topic_2,True
127,38,f9e10c27-fc2c-40af-9439-75cab4613420,0.5007662773132324,topic_2,True
128,28,26c15497-867c-47e8-93ec-5595823a72bf,0.9063560366630554,topic_2,True
128,28,6d371be9-6291-4691-ae7a-eaede59746de,0.9063560366630554,topic_2,True
128,28,bbf01234-6ced-4e3e-a097-db83ada51a61,0.9063560366630554,topic_2,True
128,28,e14793b8-7532-4ba5-b9a3-d19ee2cb21b3,0.9063560366630554,topic_2,True
128,28,fbeda479-a20d-43b0-a541-0d5f496f8c02,0.9063560366630554,topic_2,True
128,28,078d0e9f-afea-4d8c-a9ec-4b2cf9cff354,0.6108070611953735,topic_2,True
128,28,22236c00-4b51-4313-a985-7cf1e537969f,0.6108070611953735,topic_2,True
128,28,355072c6-35df-49d5-9bf7-e8f169b0e086,0.6108070611953735,topic_2,True
128,28,86d671c2-2ec3-44c7-8a65-1f2946a85d47,0.6108070611953735,topic_2,True
128,28,ca772484-2412-4fdd-9a68-b726c4e2c143,0.6108070611953735,topic_2,True
128,28,db868b3d-342c-4d03-9a79-64b27837b5e4,0.6108070611953735,topic_2,True
128,28,0972b605-8947-410f-bbe4-d0aec0bf97a0,0.571755051612854,topic_2,True
128,28,620349aa-de94-45c7-bea3-08ca78d848b7,0.571755051612854,topic_2,True
128,28,94c44e21-2973-4a41-919d-43aa6841e0b8,0.571755051612854,topic_2,True
128,28,bc50c81e-afec-40e2-b022-fd9739290eb8,0.571755051612854,topic_2,True
128,28,dd330cbb-60bc-462f-8b2b-2af5e0018ef8,0.571755051612854,topic_2,True
128,28,30d170b1-7064-4746-a63a-19d9572302e4,0.5150877833366394,topic_2,True
128,28,a04243c7-d94e-474a-9d1d-5638006c00ed,0.5150877833366394,topic_2,True
128,28,b791b973-6da4-41ef-a269-b816891d6bb1,0.5150877833366394,topic_2,True
128,28,c765ef3b-e306-481d-a9d9-c4b51cabd483,0.5150877833366394,topic_2,True
128,28,dafbf493-fce5-4ff2-ac2a-86155d8a0fda,0.5150877833366394,topic_2,True
128,28,3586b3d9-8cd0-425c-bfa4-12ede5ea224a,0.5058408975601196,topic_2,True
128,28,4ddce2f4-2e7c-40ce-a358-ced95c9942cc,0.5058408975601196,topic_2,True
128,28,755481fd-b0ab-4de1-8832-7a29a42af347,0.5058408975601196,topic_2,True
128,28,88f6e161-d522-4c46-bb57-17edf3ea149d,0.5058408975601196,topic_2,True
128,28,91f97e0f-c81f-415a-84d5-370c932bd526,0.5058408975601196,topic_2,True
128,28,c83d9bce-ab60-4452-b79a-ccd638d43ee6,0.5058408975601196,topic_2,True
129,11,3ada1724-89b3-4190-83d0-8b2217b7aa5a,0.8924493193626404,topic_2,True
129,11,d1805529-6794-4f82-9eb4-2b3a9a4dfdef,0.8924493193626404,topic_2,True
129,11,dfef75de-8fb7-4f1d-acc3-38a52b773932,0.8924493193626404,topic_2,True
129,11,ea12cbd0-266d-47ee-9426-18e6b56939b5,0.8924493193626404,topic_2,True
129,11,f9e10c27-fc2c-40af-9439-75cab4613420,0.8924493193626404,topic_2,True
129,11,0972b605-8947-410f-bbe4-d0aec0bf97a0,0.5179146528244019,topic_2,True
129,11,620349aa-de94-45c7-bea3-08ca78d848b7,0.5179146528244019,topic_2,True
129,11,869c5d2d-f919-41c0-8f97-bae23f58308b,0.5179146528244019,topic_2,True
129,11,94c44e21-2973-4a41-919d-43aa6841e0b8,0.5179146528244019,topic_2,True
129,11,bc50c81e-afec-40e2-b022-fd9739290eb8,0.5179146528244019,topic_2,True
129,11,dd330cbb-60bc-462f-8b2b-2af5e0018ef8,0.5179146528244019,topic_2,True
130,31,31e14c3d-daa7-4837-b78a-7fb4ffb057a2,0.890346109867096,topic_2,True
130,31,7e3c6771-57fe-431f-9369-c217f11e15c2,0.890346109867096,topic_2,True
130,31,8ad97832-a2d1-45f0-88b6-a8dd64480c89,0.890346109867096,topic_2,True
130,31,8c26928e-e3eb-4dd3-90be-d5b12363ac77,0.890346109867096,topic_2,True
130,31,1fe1c897-c028-4b10-b5a6-651e2383566d,0.5835834741592407,topic_2,True
130,31,245ede3c-39e2-44af-8de2-86dffd0ab5dd,0.5835834741592407,topic_2,True
130,31,af9507d7-9513-40af-8985-7a14c802dd06,0.5835834741592407,topic_2,True
130,31,cacd0527-b32b-4f01-856c-c58a677a202e,0.5835834741592407,topic_2,True
130,31,d226615a-4a1c-4d70-af18-6253612f95f2,0.5835834741592407,topic_2,True
130,31,d9a788c5-317a-4545-9184-c4acaa54f6b9,0.5835834741592407,topic_2,True
130,31,2f180e2f-9208-44ea-8ba2-2a4b2b57e0f1,0.5549933314323425,topic_2,True
130,31,461ca34a-8299-40ed-93aa-6fec635580a6,0.5549933314323425,topic_2,True
130,31,64a40544-da83-4141-8f49-0f700719d520,0.5549933314323425,topic_2,True
130,31,af2be6aa-378f-4aca-b542-bba94f7f84d4,0.5549933314323425,topic_2,True
130,31,b0680986-d9bd-42cb-b6de-f75146f1fe33,0.5549933314323425,topic_2,True
130,31,b153ca39-3aa7-4a3c-88f6-3ba8434bae42,0.5549933314323425,topic_2,True
130,31,b2a083e9-f284-46b0-8812-deea53b56145,0.5549933314323425,topic_2,True
130,31,d7a540ee-540f-48c5-b8a0-fd7efab16139,0.5549933314323425,topic_2,True
130,31,0972b605-8947-410f-bbe4-d0aec0bf97a0,0.5206599235534668,topic_2,True
130,31,620349aa-de94-45c7-bea3-08ca78d848b7,0.5206599235534668,topic_2,True
130,31,869c5d2d-f919-41c0-8f97-bae23f58308b,0.5206599235534668,topic_2,True
130,31,94c44e21-2973-4a41-919d-43aa6841e0b8,0.5206599235534668,topic_2,True
130,31,bc50c81e-afec-40e2-b022-fd9739290eb8,0.5206599235534668,topic_2,True
130,31,dd330cbb-60bc-462f-8b2b-2af5e0018ef8,0.5206599235534668,topic_2,True
130,31,26c15497-867c-47e8-93ec-5595823a72bf,0.5174322128295898,topic_2,True
130,31,6d371be9-6291-4691-ae7a-eaede59746de,0.5174322128295898,topic_2,True
130,31,b8497394-fb62-45b1-8984-6b4efe477636,0.5174322128295898,topic_2,True
130,31,bbf01234-6ced-4e3e-a097-db83ada51a61,0.5174322128295898,topic_2,True
130,31,e14793b8-7532-4ba5-b9a3-d19ee2cb21b3,0.5174322128295898,topic_2,True
130,31,fbeda479-a20d-43b0-a541-0d5f496f8c02,0.5174322128295898,topic_2,True
131,23,30d170b1-7064-4746-a63a-19d9572302e4,0.8686729669570923,topic_2,True
131,23,a04243c7-d94e-474a-9d1d-5638006c00ed,0.8686729669570923,topic_2,True
131,23,b791b973-6da4-41ef-a269-b816891d6bb1,0.8686729669570923,topic_2,True
131,23,c765ef3b-e306-481d-a9d9-c4b51cabd483,0.8686729669570923,topic_2,True
131,23,dafbf493-fce5-4ff2-ac2a-86155d8a0fda,0.8686729669570923,topic_2,True
131,23,078d0e9f-afea-4d8c-a9ec-4b2cf9cff354,0.5548982620239258,topic_2,True
131,23,22236c00-4b51-4313-a985-7cf1e537969f,0.5548982620239258,topic_2,True
131,23,355072c6-35df-49d5-9bf7-e8f169b0e086,0.5548982620239258,topic_2,True
131,23,86d671c2-2ec3-44c7-8a65-1f2946a85d47,0.5548982620239258,topic_2,True
131,23,ca772484-2412-4fdd-9a68-b726c4e2c143,0.5548982620239258,topic_2,True
131,23,db868b3d-342c-4d03-9a79-64b27837b5e4,0.5548982620239258,topic_2,True
131,23,26c15497-867c-47e8-93ec-5595823a72bf,0.536957323551178,topic_2,True
131,23,6d371be9-6291-4691-ae7a-eaede59746de,0.536957323551178,topic_2,True
131,23,b8497394-fb62-45b1-8984-6b4efe477636,0.536957323551178,topic_2,True
131,23,bbf01234-6ced-4e3e-a097-db83ada51a61,0.536957323551178,topic_2,True
131,23,e14793b8-7532-4ba5-b9a3-d19ee2cb21b3,0.536957323551178,topic_2,True
131,23,fbeda479-a20d-43b0-a541-0d5f496f8c02,0.536957323551178,topic_2,True
131,23,0972b605-8947-410f-bbe4-d0aec0bf97a0,0.5355179905891418,topic_2,True
131,23,620349aa-de94-45c7-bea3-08ca78d848b7,0.5355179905891418,topic_2,True
131,23,869c5d2d-f919-41c0-8f97-bae23f58308b,0.5355179905891418,topic_2,True
131,23,94c44e21-2973-4a41-919d-43aa6841e0b8,0.5355179905891418,topic_2,True
131,23,bc50c81e-afec-40e2-b022-fd9739290eb8,0.5355179905891418,topic_2,True
131,23,dd330cbb-60bc-462f-8b2b-2af5e0018ef8,0.5355179905891418,topic_2,True
132,24,078d0e9f-afea-4d8c-a9ec-4b2cf9cff354,0.8782250881195068,topic_2,True
132,24,22236c00-4b51-4313-a985-7cf1e537969f,0.8782250881195068,topic_2,True
132,24,355072c6-35df-49d5-9bf7-e8f169b0e086,0.8782250881195068,topic_2,True
132,24,86d671c2-2ec3-44c7-8a65-1f2946a85d47,0.8782250881195068,topic_2,True
132,24,ca772484-2412-4fdd-9a68-b726c4e2c143,0.8782250881195068,topic_2,True
132,24,db868b3d-342c-4d03-9a79-64b27837b5e4,0.8782250881195068,topic_2,True
132,24,26c15497-867c-47e8-93ec-5595823a72bf,0.6453519463539124,topic_2,True
132,24,6d371be9-6291-4691-ae7a-eaede59746de,0.6453519463539124,topic_2,True
132,24,b8497394-fb62-45b1-8984-6b4efe477636,0.6453519463539124,topic_2,True
132,24,bbf01234-6ced-4e3e-a097-db83ada51a61,0.6453519463539124,topic_2,True
132,24,e14793b8-7532-4ba5-b9a3-d19ee2cb21b3,0.6453519463539124,topic_2,True
132,24,fbeda479-a20d-43b0-a541-0d5f496f8c02,0.6453519463539124,topic_2,True
132,24,0972b605-8947-410f-bbe4-d0aec0bf97a0,0.5870772004127502,topic_2,True
132,24,620349aa-de94-45c7-bea3-08ca78d848b7,0.5870772004127502,topic_2,True
132,24,869c5d2d-f919-41c0-8f97-bae23f58308b,0.5870772004127502,topic_2,True
132,24,94c44e21-2973-4a41-919d-43aa6841e0b8,0.5870772004127502,topic_2,True
132,24,bc50c81e-afec-40e2-b022-fd9739290eb8,0.5870772004127502,topic_2,True
132,24,dd330cbb-60bc-462f-8b2b-2af5e0018ef8,0.5870772004127502,topic_2,True
132,24,30d170b1-7064-4746-a63a-19d9572302e4,0.5510380268096924,topic_2,True
132,24,a04243c7-d94e-474a-9d1d-5638006c00ed,0.5510380268096924,topic_2,True
132,24,b791b973-6da4-41ef-a269-b816891d6bb1,0.5510380268096924,topic_2,True
132,24,c765ef3b-e306-481d-a9d9-c4b51cabd483,0.5510380268096924,topic_2,True
132,24,dafbf493-fce5-4ff2-ac2a-86155d8a0fda,0.5510380268096924,topic_2,True
133,24,3586b3d9-8cd0-425c-bfa4-12ede5ea224a,0.8836332559585571,topic_2,True
133,24,4ddce2f4-2e7c-40ce-a358-ced95c9942cc,0.8836332559585571,topic_2,True
133,24,755481fd-b0ab-4de1-8832-7a29a42af347,0.8836332559585571,topic_2,True
133,24,88f6e161-d522-4c46-bb57-17edf3ea149d,0.8836332559585571,topic_2,True
133,24,91f97e0f-c81f-415a-84d5-370c932bd526,0.8836332559585571,topic_2,True
133,24,c83d9bce-ab60-4452-b79a-ccd638d43ee6,0.8836332559585571,topic_2,True
133,24,1fe1c897-c028-4b10-b5a6-651e2383566d,0.5803573727607727,topic_2,True
133,24,245ede3c-39e2-44af-8de2-86dffd0ab5dd,0.5803573727607727,topic_2,True
133,24,af9507d7-9513-40af-8985-7a14c802dd06,0.5803573727607727,topic_2,True
133,24,cacd0527-b32b-4f01-856c-c58a677a202e,0.5803573727607727,topic_2,True
133,24,d226615a-4a1c-4d70-af18-6253612f95f2,0.5803573727607727,topic_2,True
133,24,d9a788c5-317a-4545-9184-c4acaa54f6b9,0.5803573727607727,topic_2,True
133,24,26c15497-867c-47e8-93ec-5595823a72bf,0.5355281829833984,topic_2,True
133,24,6d371be9-6291-4691-ae7a-eaede59746de,0.5355281829833984,topic_2,True
133,24,b8497394-fb62-45b1-8984-6b4efe477636,0.5355281829833984,topic_2,True
133,24,bbf01234-6ced-4e3e-a097-db83ada51a61,0.5355281829833984,topic_2,True
133,24,e14793b8-7532-4ba5-b9a3-d19ee2cb21b3,0.5355281829833984,topic_2,True
133,24,fbeda479-a20d-43b0-a541-0d5f496f8c02,0.5355281829833984,topic_2,True
133,24,0972b605-8947-410f-bbe4-d0aec0bf97a0,0.5250928401947021,topic_2,True
133,24,620349aa-de94-45c7-bea3-08ca78d848b7,0.5250928401947021,topic_2,True
133,24,869c5d2d-f919-41c0-8f97-bae23f58308b,0.5250928401947021,topic_2,True
133,24,94c44e21-2973-4a41-919d-43aa6841e0b8,0.5250928401947021,topic_2,True
133,24,bc50c81e-afec-40e2-b022-fd9739290eb8,0.5250928401947021,topic_2,True
133,24,dd330cbb-60bc-462f-8b2b-2af5e0018ef8,0.5250928401947021,topic_2,True
134,30,1fe1c897-c028-4b10-b5a6-651e2383566d,0.9045434594154358,topic_2,True
134,30,245ede3c-39e2-44af-8de2-86dffd0ab5dd,0.9045434594154358,topic_2,True
134,30,af9507d7-9513-40af-8985-7a14c802dd06,0.9045434594154358,topic_2,True
134,30,cacd0527-b32b-4f01-856c-c58a677a202e,0.9045434594154358,topic_2,True
134,30,d226615a-4a1c-4d70-af18-6253612f95f2,0.9045434594154358,topic_2,True
134,30,d9a788c5-317a-4545-9184-c4acaa54f6b9,0.9045434594154358,topic_2,True
134,30,3586b3d9-8cd0-425c-bfa4-12ede5ea224a,0.5641753077507019,topic_2,True
134,30,4ddce2f4-2e7c-40ce-a358-ced95c9942cc,0.5641753077507019,topic_2,True
134,30,755481fd-b0ab-4de1-8832-7a29a42af347,0.5641753077507019,topic_2,True
134,30,88f6e161-d522-4c46-bb57-17edf3ea149d,0.5641753077507019,topic_2,True
134,30,91f97e0f-c81f-415a-84d5-370c932bd526,0.5641753077507019,topic_2,True
134,30,c83d9bce-ab60-4452-b79a-ccd638d43ee6,0.5641753077507019,topic_2,True
134,30,31e14c3d-daa7-4837-b78a-7fb4ffb057a2,0.5510950684547424,topic_2,True
134,30,7e3c6771-57fe-431f-9369-c217f11e15c2,0.5510950684547424,topic_2,True
134,30,8ad97832-a2d1-45f0-88b6-a8dd64480c89,0.5510950684547424,topic_2,True
134,30,8c26928e-e3eb-4dd3-90be-d5b12363ac77,0.5510950684547424,topic_2,True
134,30,c95ea662-f133-4aa2-935b-c5d5e70d9a92,0.5510950684547424,topic_2,True
134,30,0972b605-8947-410f-bbe4-d0aec0bf97a0,0.5486348867416382,topic_2,True
134,30,620349aa-de94-45c7-bea3-08ca78d848b7,0.5486348867416382,topic_2,True
134,30,869c5d2d-f919-41c0-8f97-bae23f58308b,0.5486348867416382,topic_2,True
134,30,94c44e21-2973-4a41-919d-43aa6841e0b8,0.5486348867416382,topic_2,True
134,30,bc50c81e-afec-40e2-b022-fd9739290eb8,0.5486348867416382,topic_2,True
134,30,dd330cbb-60bc-462f-8b2b-2af5e0018ef8,0.5486348867416382,topic_2,True
134,30,26c15497-867c-47e8-93ec-5595823a72bf,0.5288690328598022,topic_2,True
134,30,6d371be9-6291-4691-ae7a-eaede59746de,0.5288690328598022,topic_2,True
134,30,b8497394-fb62-45b1-8984-6b4efe477636,0.5288690328598022,topic_2,True
134,30,bbf01234-6ced-4e3e-a097-db83ada51a61,0.5288690328598022,topic_2,True
134,30,e14793b8-7532-4ba5-b9a3-d19ee2cb21b3,0.5288690328598022,topic_2,True
134,30,fbeda479-a20d-43b0-a541-0d5f496f8c02,0.5288690328598022,topic_2,True
135,43,0972b605-8947-410f-bbe4-d0aec0bf97a0,0.9085501432418823,topic_2,True
135,43,620349aa-de94-45c7-bea3-08ca78d848b7,0.9085501432418823,topic_2,True
135,43,869c5d2d-f919-41c0-8f97-bae23f58308b,0.9085501432418823,topic_2,True
135,43,94c44e21-2973-4a41-919d-43aa6841e0b8,0.9085501432418823,topic_2,True
135,43,bc50c81e-afec-40e2-b022-fd9739290eb8,0.9085501432418823,topic_2,True
135,43,dd330cbb-60bc-462f-8b2b-2af5e0018ef8,0.9085501432418823,topic_2,True
135,43,012e10e2-0da9-4b96-9678-d473f14e34ab,0.6350393295288086,topic_2,True
135,43,0e3547d9-8a0c-4125-a56f-bef69f65d994,0.6350393295288086,topic_2,True
135,43,2df0b5c0-6614-4581-b95b-25a0facd11c3,0.6350393295288086,topic_2,True
135,43,51d28a25-239c-4048-891c-9b68f03c1a6a,0.6350393295288086,topic_2,True
135,43,b1c92968-f766-420f-9f2a-b35789a2dccc,0.6350393295288086,topic_2,True
135,43,dc2b3638-3376-4382-8782-20ca023e8554,0.6350393295288086,topic_2,True
135,43,e3a4e850-c28e-47f7-be91-fb23ce2255aa,0.6350393295288086,topic_2,True
135,43,f184814c-0a82-401f-95c3-2db50d68e267,0.6350393295288086,topic_2,True
135,43,f22180e9-0fa4-4fb2-8fca-1282f28e8654,0.6350393295288086,topic_2,True
135,43,078d0e9f-afea-4d8c-a9ec-4b2cf9cff354,0.559798538684845,topic_2,True
135,43,22236c00-4b51-4313-a985-7cf1e537969f,0.559798538684845,topic_2,True
135,43,355072c6-35df-49d5-9bf7-e8f169b0e086,0.559798538684845,topic_2,True
135,43,6c5bcd57-8b0a-4adb-ab0d-f3a64a778d5d,0.559798538684845,topic_2,True
135,43,86d671c2-2ec3-44c7-8a65-1f2946a85d47,0.559798538684845,topic_2,True
135,43,ca772484-2412-4fdd-9a68-b726c4e2c143,0.559798538684845,topic_2,True
135,43,db868b3d-342c-4d03-9a79-64b27837b5e4,0.559798538684845,topic_2,True
135,43,26c15497-867c-47e8-93ec-5595823a72bf,0.5529343485832214,topic_2,True
135,43,6d371be9-6291-4691-ae7a-eaede59746de,0.5529343485832214,topic_2,True
135,43,b8497394-fb62-45b1-8984-6b4efe477636,0.5529343485832214,topic_2,True
135,43,bbf01234-6ced-4e3e-a097-db83ada51a61,0.5529343485832214,topic_2,True
135,43,e14793b8-7532-4ba5-b9a3-d19ee2cb21b3,0.5529343485832214,topic_2,True
135,43,fbeda479-a20d-43b0-a541-0d5f496f8c02,0.5529343485832214,topic_2,True
135,43,f9ec5e51-bc06-4de6-b40a-0ace8f9f72c2,0.5286071300506592,topic_3,True
135,43,1fe1c897-c028-4b10-b5a6-651e2383566d,0.5213491916656494,topic_2,True
135,43,245ede3c-39e2-44af-8de2-86dffd0ab5dd,0.5213491916656494,topic_2,True
135,43,af9507d7-9513-40af-8985-7a14c802dd06,0.5213491916656494,topic_2,True
135,43,cacd0527-b32b-4f01-856c-c58a677a202e,0.5213491916656494,topic_2,True
135,43,d226615a-4a1c-4d70-af18-6253612f95f2,0.5213491916656494,topic_2,True
135,43,d9a788c5-317a-4545-9184-c4acaa54f6b9,0.5213491916656494,topic_2,True
135,43,3ada1724-89b3-4190-83d0-8b2217b7aa5a,0.5007662773132324,topic_2,True
135,43,76bce893-5b05-4244-a6d8-f51a7d58f8f7,0.5007662773132324,topic_2,True
135,43,d1805529-6794-4f82-9eb4-2b3a9a4dfdef,0.5007662773132324,topic_2,True
135,43,dfef75de-8fb7-4f1d-acc3-38a52b773932,0.5007662773132324,topic_2,True
135,43,ea12cbd0-266d-47ee-9426-18e6b56939b5,0.5007662773132324,topic_2,True
135,43,f9e10c27-fc2c-40af-9439-75cab4613420,0.5007662773132324,topic_2,True
136,33,26c15497-867c-47e8-93ec-5595823a72bf,0.9063560366630554,topic_2,True
136,33,6d371be9-6291-4691-ae7a-eaede59746de,0.9063560366630554,topic_2,True
136,33,b8497394-fb62-45b1-8984-6b4efe477636,0.9063560366630554,topic_2,True
136,33,bbf01234-6ced-4e3e-a097-db83ada51a61,0.9063560366630554,topic_2,True
136,33,e14793b8-7532-4ba5-b9a3-d19ee2cb21b3,0.9063560366630554,topic_2,True
136,33,fbeda479-a20d-43b0-a541-0d5f496f8c02,0.9063560366630554,topic_2,True
136,33,078d0e9f-afea-4d8c-a9ec-4b2cf9cff354,0.6108070611953735,topic_2,True
136,33,22236c00-4b51-4313-a985-7cf1e537969f,0.6108070611953735,topic_2,True
136,33,355072c6-35df-49d5-9bf7-e8f169b0e086,0.6108070611953735,topic_2,True
136,33,6c5bcd57-8b0a-4adb-ab0d-f3a64a778d5d,0.6108070611953735,topic_2,True
136,33,86d671c2-2ec3-44c7-8a65-1f2946a85d47,0.6108070611953735,topic_2,True
136,33,ca772484-2412-4fdd-9a68-b726c4e2c143,0.6108070611953735,topic_2,True
136,33,db868b3d-342c-4d03-9a79-64b27837b5e4,0.6108070611953735,topic_2,True
136,33,0972b605-8947-410f-bbe4-d0aec0bf97a0,0.571755051612854,topic_2,True
136,33,620349aa-de94-45c7-bea3-08ca78d848b7,0.571755051612854,topic_2,True
136,33,869c5d2d-f919-41c0-8f97-bae23f58308b,0.571755051612854,topic_2,True
136,33,94c44e21-2973-4a41-919d-43aa6841e0b8,0.571755051612854,topic_2,True
136,33,bc50c81e-afec-40e2-b022-fd9739290eb8,0.571755051612854,topic_2,True
136,33,dd330cbb-60bc-462f-8b2b-2af5e0018ef8,0.571755051612854,topic_2,True
136,33,30d170b1-7064-4746-a63a-19d9572302e4,0.5150877833366394,topic_2,True
136,33,83f19bd6-80ca-4441-a881-d2004183801b,0.5150877833366394,topic_2,True
136,33,a04243c7-d94e-474a-9d1d-5638006c00ed,0.5150877833366394,topic_2,True
136,33,b791b973-6da4-41ef-a269-b816891d6bb1,0.5150877833366394,topic_2,True
136,33,c765ef3b-e306-481d-a9d9-c4b51cabd483,0.5150877833366394,topic_2,True
136,33,dafbf493-fce5-4ff2-ac2a-86155d8a0fda,0.5150877833366394,topic_2,True
136,33,3586b3d9-8cd0-425c-bfa4-12ede5ea224a,0.5058408975601196,topic_2,True
136,33,4ddce2f4-2e7c-40ce-a358-ced95c9942cc,0.5058408975601196,topic_2,True
136,33,755481fd-b0ab-4de1-8832-7a29a42af347,0.5058408975601196,topic_2,True
136,33,88f6e161-d522-4c46-bb57-17edf3ea149d,0.5058408975601196,topic_2,True
136,33,91f97e0f-c81f-415a-84d5-370c932bd526,0.5058408975601196,topic_2,True
136,33,a592b98a-452e-4389-b1fb-01ace97420f7,0.5058408975601196,topic_2,True
136,33,c83d9bce-ab60-4452-b79a-ccd638d43ee6,0.5058408975601196,topic_2,True
137,13,3ada1724-89b3-4190-83d0-8b2217b7aa5a,0.8924493193626404,topic_2,True
137,13,76bce893-5b05-4244-a6d8-f51a7d58f8f7,0.8924493193626404,topic_2,True
137,13,d1805529-6794-4f82-9eb4-2b3a9a4dfdef,0.8924493193626404,topic_2,True
137,13,dfef75de-8fb7-4f1d-acc3-38a52b773932,0.8924493193626404,topic_2,True
137,13,ea12cbd0-266d-47ee-9426-18e6b56939b5,0.8924493193626404,topic_2,True
137,13,f9e10c27-fc2c-40af-9439-75cab4613420,0.8924493193626404,topic_2,True
137,13,0972b605-8947-410f-bbe4-d0aec0bf97a0,0.5179146528244019,topic_2,True
137,13,363ca5cf-4c83-432e-9453-3c796a805dba,0.5179146528244019,topic_2,True
137,13,620349aa-de94-45c7-bea3-08ca78d848b7,0.5179146528244019,topic_2,True
137,13,869c5d2d-f919-41c0-8f97-bae23f58308b,0.5179146528244019,topic_2,True
137,13,94c44e21-2973-4a41-919d-43aa6841e0b8,0.5179146528244019,topic_2,True
137,13,bc50c81e-afec-40e2-b022-fd9739290eb8,0.5179146528244019,topic_2,True
137,13,dd330cbb-60bc-462f-8b2b-2af5e0018ef8,0.5179146528244019,topic_2,True
138,35,31e14c3d-daa7-4837-b78a-7fb4ffb057a2,0.890346109867096,topic_2,True
138,35,7e3c6771-57fe-431f-9369-c217f11e15c2,0.890346109867096,topic_2,True
138,35,8ad97832-a2d1-45f0-88b6-a8dd64480c89,0.890346109867096,topic_2,True
138,35,8c26928e-e3eb-4dd3-90be-d5b12363ac77,0.890346109867096,topic_2,True
138,35,c95ea662-f133-4aa2-935b-c5d5e70d9a92,0.890346109867096,topic_2,True
138,35,1fe1c897-c028-4b10-b5a6-651e2383566d,0.5835834741592407,topic_2,True
138,35,245ede3c-39e2-44af-8de2-86dffd0ab5dd,0.5835834741592407,topic_2,True
138,35,6e395e19-1736-4cc7-a1f6-cc4c8cc861f4,0.5835834741592407,topic_2,True
138,35,af9507d7-9513-40af-8985-7a14c802dd06,0.5835834741592407,topic_2,True
138,35,cacd0527-b32b-4f01-856c-c58a677a202e,0.5835834741592407,topic_2,True
138,35,d226615a-4a1c-4d70-af18-6253612f95f2,0.5835834741592407,topic_2,True
138,35,d9a788c5-317a-4545-9184-c4acaa54f6b9,0.5835834741592407,topic_2,True
138,35,2f180e2f-9208-44ea-8ba2-2a4b2b57e0f1,0.5549933314323425,topic_2,True
138,35,461ca34a-8299-40ed-93aa-6fec635580a6,0.5549933314323425,topic_2,True
138,35,64a40544-da83-4141-8f49-0f700719d520,0.5549933314323425,topic_2,True
138,35,af2be6aa-378f-4aca-b542-bba94f7f84d4,0.5549933314323425,topic_2,True
138,35,b0680986-d9bd-42cb-b6de-f75146f1fe33,0.5549933314323425,topic_2,True
138,35,b153ca39-3aa7-4a3c-88f6-3ba8434bae42,0.5549933314323425,topic_2,True
138,35,b2a083e9-f284-46b0-8812-deea53b56145,0.5549933314323425,topic_2,True
138,35,d7a540ee-540f-48c5-b8a0-fd7efab16139,0.5549933314323425,topic_2,True
138,35,0972b605-8947-410f-bbe4-d0aec0bf97a0,0.5206599235534668,topic_2,True
138,35,363ca5cf-4c83-432e-9453-3c796a805dba,0.5206599235534668,topic_2,True
138,35,620349aa-de94-45c7-bea3-08ca78d848b7,0.5206599235534668,topic_2,True
138,35,869c5d2d-f919-41c0-8f97-bae23f58308b,0.5206599235534668,topic_2,True
138,35,94c44e21-2973-4a41-919d-43aa6841e0b8,0.5206599235534668,topic_2,True
138,35,bc50c81e-afec-40e2-b022-fd9739290eb8,0.5206599235534668,topic_2,True
138,35,dd330cbb-60bc-462f-8b2b-2af5e0018ef8,0.5206599235534668,topic_2,True
138,35,26c15497-867c-47e8-93ec-5595823a72bf,0.5174322128295898,topic_2,True
138,35,56e92d66-ea1b-4f2b-8ebb-21e9c1300ca4,0.5174322128295898,topic_2,True
138,35,6d371be9-6291-4691-ae7a-eaede59746de,0.5174322128295898,topic_2,True
138,35,b8497394-fb62-45b1-8984-6b4efe477636,0.5174322128295898,topic_2,True
138,35,bbf01234-6ced-4e3e-a097-db83ada51a61,0.5174322128295898,topic_2,True
138,35,e14793b8-7532-4ba5-b9a3-d19ee2cb21b3,0.5174322128295898,topic_2,True
138,35,fbeda479-a20d-43b0-a541-0d5f496f8c02,0.5174322128295898,topic_2,True
139,27,30d170b1-7064-4746-a63a-19d9572302e4,0.8686729669570923,topic_2,True
139,27,83f19bd6-80ca-4441-a881-d2004183801b,0.8686729669570923,topic_2,True
139,27,a04243c7-d94e-474a-9d1d-5638006c00ed,0.8686729669570923,topic_2,True
139,27,b791b973-6da4-41ef-a269-b816891d6bb1,0.8686729669570923,topic_2,True
139,27,c765ef3b-e306-481d-a9d9-c4b51cabd483,0.8686729669570923,topic_2,True
139,27,dafbf493-fce5-4ff2-ac2a-86155d8a0fda,0.8686729669570923,topic_2,True
139,27,078d0e9f-afea-4d8c-a9ec-4b2cf9cff354,0.5548982620239258,topic_2,True
139,27,22236c00-4b51-4313-a985-7cf1e537969f,0.5548982620239258,topic_2,True
139,27,355072c6-35df-49d5-9bf7-e8f169b0e086,0.5548982620239258,topic_2,True
139,27,6c5bcd57-8b0a-4adb-ab0d-f3a64a778d5d,0.5548982620239258,topic_2,True
139,27,86d671c2-2ec3-44c7-8a65-1f2946a85d47,0.5548982620239258,topic_2,True
139,27,ca772484-2412-4fdd-9a68-b726c4e2c143,0.5548982620239258,topic_2,True
139,27,db868b3d-342c-4d03-9a79-64b27837b5e4,0.5548982620239258,topic_2,True
139,27,26c15497-867c-47e8-93ec-5595823a72bf,0.536957323551178,topic_2,True
139,27,56e92d66-ea1b-4f2b-8ebb-21e9c1300ca4,0.536957323551178,topic_2,True
139,27,6d371be9-6291-4691-ae7a-eaede59746de,0.536957323551178,topic_2,True
139,27,b8497394-fb62-45b1-8984-6b4efe477636,0.536957323551178,topic_2,True
139,27,bbf01234-6ced-4e3e-a097-db83ada51a61,0.536957323551178,topic_2,True
139,27,e14793b8-7532-4ba5-b9a3-d19ee2cb21b3,0.536957323551178,topic_2,True
139,27,fbeda479-a20d-43b0-a541-0d5f496f8c02,0.536957323551178,topic_2,True
139,27,0972b605-8947-410f-bbe4-d0aec0bf97a0,0.5355179905891418,topic_2,True
139,27,363ca5cf-4c83-432e-9453-3c796a805dba,0.5355179905891418,topic_2,True
139,27,620349aa-de94-45c7-bea3-08ca78d848b7,0.5355179905891418,topic_2,True
139,27,869c5d2d-f919-41c0-8f97-bae23f58308b,0.5355179905891418,topic_2,True
139,27,94c44e21-2973-4a41-919d-43aa6841e0b8,0.5355179905891418,topic_2,True
139,27,bc50c81e-afec-40e2-b022-fd9739290eb8,0.5355179905891418,topic_2,True
139,27,dd330cbb-60bc-462f-8b2b-2af5e0018ef8,0.5355179905891418,topic_2,True
140,28,078d0e9f-afea-4d8c-a9ec-4b2cf9cff354,0.8782250881195068,topic_2,True
140,28,22236c00-4b51-4313-a985-7cf1e537969f,0.8782250881195068,topic_2,True
140,28,355072c6-35df-49d5-9bf7-e8f169b0e086,0.8782250881195068,topic_2,True
140,28,6c5bcd57-8b0a-4adb-ab0d-f3a64a778d5d,0.8782250881195068,topic_2,True
140,28,86d671c2-2ec3-44c7-8a65-1f2946a85d47,0.8782250881195068,topic_2,True
140,28,ca772484-2412-4fdd-9a68-b726c4e2c143,0.8782250881195068,topic_2,True
140,28,db868b3d-342c-4d03-9a79-64b27837b5e4,0.8782250881195068,topic_2,True
140,28,26c15497-867c-47e8-93ec-5595823a72bf,0.6453519463539124,topic_2,True
140,28,56e92d66-ea1b-4f2b-8ebb-21e9c1300ca4,0.6453519463539124,topic_2,True
140,28,6d371be9-6291-4691-ae7a-eaede59746de,0.6453519463539124,topic_2,True
140,28,b8497394-fb62-45b1-8984-6b4efe477636,0.6453519463539124,topic_2,True
140,28,bbf01234-6ced-4e3e-a097-db83ada51a61,0.6453519463539124,topic_2,True
140,28,e14793b8-7532-4ba5-b9a3-d19ee2cb21b3,0.6453519463539124,topic_2,True
140,28,fbeda479-a20d-43b0-a541-0d5f496f8c02,0.6453519463539124,topic_2,True
140,28,0972b605-8947-410f-bbe4-d0aec0bf97a0,0.5870772004127502,topic_2,True
140,28,363ca5cf-4c83-432e-9453-3c796a805dba,0.5870772004127502,topic_2,True
140,28,620349aa-de94-45c7-bea3-08ca78d848b7,0.5870772004127502,topic_2,True
140,28,869c5d2d-f919-41c0-8f97-bae23f58308b,0.5870772004127502,topic_2,True
140,28,94c44e21-2973-4a41-919d-43aa6841e0b8,0.5870772004127502,topic_2,True
140,28,bc50c81e-afec-40e2-b022-fd9739290eb8,0.5870772004127502,topic_2,True
140,28,dd330cbb-60bc-462f-8b2b-2af5e0018ef8,0.5870772004127502,topic_2,True
140,28,30d170b1-7064-4746-a63a-19d9572302e4,0.5510380268096924,topic_2,True
140,28,83f19bd6-80ca-4441-a881-d2004183801b,0.5510380268096924,topic_2,True
140,28,a04243c7-d94e-474a-9d1d-5638006c00ed,0.5510380268096924,topic_2,True
140,28,b791b973-6da4-41ef-a269-b816891d6bb1,0.5510380268096924,topic_2,True
140,28,c765ef3b-e306-481d-a9d9-c4b51cabd483,0.5510380268096924,topic_2,True
140,28,dafbf493-fce5-4ff2-ac2a-86155d8a0fda,0.5510380268096924,topic_2,True
141,28,3586b3d9-8cd0-425c-bfa4-12ede5ea224a,0.8836332559585571,topic_2,True
141,28,4ddce2f4-2e7c-40ce-a358-ced95c9942cc,0.8836332559585571,topic_2,True
141,28,755481fd-b0ab-4de1-8832-7a29a42af347,0.8836332559585571,topic_2,True
141,28,88f6e161-d522-4c46-bb57-17edf3ea149d,0.8836332559585571,topic_2,True
141,28,91f97e0f-c81f-415a-84d5-370c932bd526,0.8836332559585571,topic_2,True
141,28,a592b98a-452e-4389-b1fb-01ace97420f7,0.8836332559585571,topic_2,True
141,28,c83d9bce-ab60-4452-b79a-ccd638d43ee6,0.8836332559585571,topic_2,True
141,28,1fe1c897-c028-4b10-b5a6-651e2383566d,0.5803573727607727,topic_2,True
141,28,245ede3c-39e2-44af-8de2-86dffd0ab5dd,0.5803573727607727,topic_2,True
141,28,6e395e19-1736-4cc7-a1f6-cc4c8cc861f4,0.5803573727607727,topic_2,True
141,28,af9507d7-9513-40af-8985-7a14c802dd06,0.5803573727607727,topic_2,True
141,28,cacd0527-b32b-4f01-856c-c58a677a202e,0.5803573727607727,topic_2,True
141,28,d226615a-4a1c-4d70-af18-6253612f95f2,0.5803573727607727,topic_2,True
141,28,d9a788c5-317a-4545-9184-c4acaa54f6b9,0.5803573727607727,topic_2,True
141,28,26c15497-867c-47e8-93ec-5595823a72bf,0.5355281829833984,topic_2,True
141,28,56e92d66-ea1b-4f2b-8ebb-21e9c1300ca4,0.5355281829833984,topic_2,True
141,28,6d371be9-6291-4691-ae7a-eaede59746de,0.5355281829833984,topic_2,True
141,28,b8497394-fb62-45b1-8984-6b4efe477636,0.5355281829833984,topic_2,True
141,28,bbf01234-6ced-4e3e-a097-db83ada51a61,0.5355281829833984,topic_2,True
141,28,e14793b8-7532-4ba5-b9a3-d19ee2cb21b3,0.5355281829833984,topic_2,True
141,28,fbeda479-a20d-43b0-a541-0d5f496f8c02,0.5355281829833984,topic_2,True
141,28,0972b605-8947-410f-bbe4-d0aec0bf97a0,0.5250928401947021,topic_2,True
141,28,363ca5cf-4c83-432e-9453-3c796a805dba,0.5250928401947021,topic_2,True
141,28,620349aa-de94-45c7-bea3-08ca78d848b7,0.5250928401947021,topic_2,True
141,28,869c5d2d-f919-41c0-8f97-bae23f58308b,0.5250928401947021,topic_2,True
141,28,94c44e21-2973-4a41-919d-43aa6841e0b8,0.5250928401947021,topic_2,True
141,28,bc50c81e-afec-40e2-b022-fd9739290eb8,0.5250928401947021,topic_2,True
141,28,dd330cbb-60bc-462f-8b2b-2af5e0018ef8,0.5250928401947021,topic_2,True
142,35,1fe1c897-c028-4b10-b5a6-651e2383566d,0.9045434594154358,topic_2,True
142,35,245ede3c-39e2-44af-8de2-86dffd0ab5dd,0.9045434594154358,topic_2,True
142,35,6e395e19-1736-4cc7-a1f6-cc4c8cc861f4,0.9045434594154358,topic_2,True
142,35,af9507d7-9513-40af-8985-7a14c802dd06,0.9045434594154358,topic_2,True
142,35,cacd0527-b32b-4f01-856c-c58a677a202e,0.9045434594154358,topic_2,True
142,35,d226615a-4a1c-4d70-af18-6253612f95f2,0.9045434594154358,topic_2,True
142,35,d9a788c5-317a-4545-9184-c4acaa54f6b9,0.9045434594154358,topic_2,True
142,35,3586b3d9-8cd0-425c-bfa4-12ede5ea224a,0.5641753077507019,topic_2,True
142,35,4ddce2f4-2e7c-40ce-a358-ced95c9942cc,0.5641753077507019,topic_2,True
142,35,755481fd-b0ab-4de1-8832-7a29a42af347,0.5641753077507019,topic_2,True
142,35,88f6e161-d522-4c46-bb57-17edf3ea149d,0.5641753077507019,topic_2,True
142,35,91f97e0f-c81f-415a-84d5-370c932bd526,0.5641753077507019,topic_2,True
142,35,a592b98a-452e-4389-b1fb-01ace97420f7,0.5641753077507019,topic_2,True
142,35,c83d9bce-ab60-4452-b79a-ccd638d43ee6,0.5641753077507019,topic_2,True
142,35,31e14c3d-daa7-4837-b78a-7fb4ffb057a2,0.5510950684547424,topic_2,True
142,35,7e3c6771-57fe-431f-9369-c217f11e15c2,0.5510950684547424,topic_2,True
142,35,8ad97832-a2d1-45f0-88b6-a8dd64480c89,0.5510950684547424,topic_2,True
142,35,8c26928e-e3eb-4dd3-90be-d5b12363ac77,0.5510950684547424,topic_2,True
142,35,939d8fe1-dee2-4943-bc52-15e4184567e3,0.5510950684547424,topic_2,True
142,35,c95ea662-f133-4aa2-935b-c5d5e70d9a92,0.5510950684547424,topic_2,True
142,35,0972b605-8947-410f-bbe4-d0aec0bf97a0,0.5486348867416382,topic_2,True
142,35,363ca5cf-4c83-432e-9453-3c796a805dba,0.5486348867416382,topic_2,True
142,35,620349aa-de94-45c7-bea3-08ca78d848b7,0.5486348867416382,topic_2,True
142,35,869c5d2d-f919-41c0-8f97-bae23f58308b,0.5486348867416382,topic_2,True
142,35,94c44e21-2973-4a41-919d-43aa6841e0b8,0.5486348867416382,topic_2,True
142,35,bc50c81e-afec-40e2-b022-fd9739290eb8,0.5486348867416382,topic_2,True
142,35,dd330cbb-60bc-462f-8b2b-2af5e0018ef8,0.5486348867416382,topic_2,True
142,35,26c15497-867c-47e8-93ec-5595823a72bf,0.5288690328598022,topic_2,True
142,35,56e92d66-ea1b-4f2b-8ebb-21e9c1300ca4,0.5288690328598022,topic_2,True
142,35,6d371be9-6291-4691-ae7a-eaede59746de,0.5288690328598022,topic_2,True
142,35,b8497394-fb62-45b1-8984-6b4efe477636,0.5288690328598022,topic_2,True
142,35,bbf01234-6ced-4e3e-a097-db83ada51a61,0.5288690328598022,topic_2,True
142,35,e14793b8-7532-4ba5-b9a3-d19ee2cb21b3,0.5288690328598022,topic_2,True
142,35,fbeda479-a20d-43b0-a541-0d5f496f8c02,0.5288690328598022,topic_2,True
143,48,0972b605-8947-410f-bbe4-d0aec0bf97a0,0.9085501432418823,topic_2,True
143,48,363ca5cf-4c83-432e-9453-3c796a805dba,0.9085501432418823,topic_2,True
143,48,620349aa-de94-45c7-bea3-08ca78d848b7,0.9085501432418823,topic_2,True
143,48,869c5d2d-f919-41c0-8f97-bae23f58308b,0.9085501432418823,topic_2,True
143,48,94c44e21-2973-4a41-919d-43aa6841e0b8,0.9085501432418823,topic_2,True
143,48,bc50c81e-afec-40e2-b022-fd9739290eb8,0.9085501432418823,topic_2,True
143,48,dd330cbb-60bc-462f-8b2b-2af5e0018ef8,0.9085501432418823,topic_2,True
143,48,012e10e2-0da9-4b96-9678-d473f14e34ab,0.6350393295288086,topic_2,True
143,48,0e3547d9-8a0c-4125-a56f-bef69f65d994,0.6350393295288086,topic_2,True
143,48,2df0b5c0-6614-4581-b95b-25a0facd11c3,0.6350393295288086,topic_2,True
143,48,51d28a25-239c-4048-891c-9b68f03c1a6a,0.6350393295288086,topic_2,True
143,48,b1c92968-f766-420f-9f2a-b35789a2dccc,0.6350393295288086,topic_2,True
143,48,dc2b3638-3376-4382-8782-20ca023e8554,0.6350393295288086,topic_2,True
143,48,e3a4e850-c28e-47f7-be91-fb23ce2255aa,0.6350393295288086,topic_2,True
143,48,f184814c-0a82-401f-95c3-2db50d68e267,0.6350393295288086,topic_2,True
143,48,f22180e9-0fa4-4fb2-8fca-1282f28e8654,0.6350393295288086,topic_2,True
143,48,078d0e9f-afea-4d8c-a9ec-4b2cf9cff354,0.559798538684845,topic_2,True
143,48,22236c00-4b51-4313-a985-7cf1e537969f,0.559798538684845,topic_2,True
143,48,355072c6-35df-49d5-9bf7-e8f169b0e086,0.559798538684845,topic_2,True
143,48,6c5bcd57-8b0a-4adb-ab0d-f3a64a778d5d,0.559798538684845,topic_2,True
143,48,86d671c2-2ec3-44c7-8a65-1f2946a85d47,0.559798538684845,topic_2,True
143,48,b7796aab-652a-456e-b287-f46ed9b79f3a,0.559798538684845,topic_2,True
143,48,ca772484-2412-4fdd-9a68-b726c4e2c143,0.559798538684845,topic_2,True
143,48,db868b3d-342c-4d03-9a79-64b27837b5e4,0.559798538684845,topic_2,True
143,48,26c15497-867c-47e8-93ec-5595823a72bf,0.5529343485832214,topic_2,True
143,48,56e92d66-ea1b-4f2b-8ebb-21e9c1300ca4,0.5529343485832214,topic_2,True
143,48,6d371be9-6291-4691-ae7a-eaede59746de,0.5529343485832214,topic_2,True
143,48,b8497394-fb62-45b1-8984-6b4efe477636,0.5529343485832214,topic_2,True
143,48,bbf01234-6ced-4e3e-a097-db83ada51a61,0.5529343485832214,topic_2,True
143,48,e14793b8-7532-4ba5-b9a3-d19ee2cb21b3,0.5529343485832214,topic_2,True
143,48,fbeda479-a20d-43b0-a541-0d5f496f8c02,0.5529343485832214,topic_2,True
143,48,f9ec5e51-bc06-4de6-b40a-0ace8f9f72c2,0.5286071300506592,topic_3,True
143,48,1fe1c897-c028-4b10-b5a6-651e2383566d,0.5213491916656494,topic_2,True
143,48,245ede3c-39e2-44af-8de2-86dffd0ab5dd,0.5213491916656494,topic_2,True
143,48,6e395e19-1736-4cc7-a1f6-cc4c8cc861f4,0.5213491916656494,topic_2,True
143,48,af9507d7-9513-40af-8985-7a14c802dd06,0.5213491916656494,topic_2,True
143,48,cacd0527-b32b-4f01-856c-c58a677a202e,0.5213491916656494,topic_2,True
143,48,d226615a-4a1c-4d70-af18-6253612f95f2,0.5213491916656494,topic_2,True
143,48,d9a788c5-317a-4545-9184-c4acaa54f6b9,0.5213491916656494,topic_2,True
143,48,3ada1724-89b3-4190-83d0-8b2217b7aa5a,0.5007662773132324,topic_2,True
143,48,732083b3-b561-48c0-b999-f7a6b164a08f,0.5007662773132324,topic_2,True
143,48,76bce893-5b05-4244-a6d8-f51a7d58f8f7,0.5007662773132324,topic_2,True
143,48,d1805529-6794-4f82-9eb4-2b3a9a4dfdef,0.5007662773132324,topic_2,True
143,48,dfef75de-8fb7-4f1d-acc3-38a52b773932,0.5007662773132324,topic_2,True
143,48,ea12cbd0-266d-47ee-9426-18e6b56939b5,0.5007662773132324,topic_2,True
143,48,f9e10c27-fc2c-40af-9439-75cab4613420,0.5007662773132324,topic_2,True
144,38,26c15497-867c-47e8-93ec-5595823a72bf,0.9063560366630554,topic_2,True
144,38,56e92d66-ea1b-4f2b-8ebb-21e9c1300ca4,0.9063560366630554,topic_2,True
144,38,6d371be9-6291-4691-ae7a-eaede59746de,0.9063560366630554,topic_2,True
144,38,b8497394-fb62-45b1-8984-6b4efe477636,0.9063560366630554,topic_2,True
144,38,bbf01234-6ced-4e3e-a097-db83ada51a61,0.9063560366630554,topic_2,True
144,38,e14793b8-7532-4ba5-b9a3-d19ee2cb21b3,0.9063560366630554,topic_2,True
144,38,fbeda479-a20d-43b0-a541-0d5f496f8c02,0.9063560366630554,topic_2,True
144,38,078d0e9f-afea-4d8c-a9ec-4b2cf9cff354,0.6108070611953735,topic_2,True
144,38,22236c00-4b51-4313-a985-7cf1e537969f,0.6108070611953735,topic_2,True
144,38,355072c6-35df-49d5-9bf7-e8f169b0e086,0.6108070611953735,topic_2,True
144,38,6c5bcd57-8b0a-4adb-ab0d-f3a64a778d5d,0.6108070611953735,topic_2,True
144,38,86d671c2-2ec3-44c7-8a65-1f2946a85d47,0.6108070611953735,topic_2,True
144,38,b7796aab-652a-456e-b287-f46ed9b79f3a,0.6108070611953735,topic_2,True
144,38,ca772484-2412-4fdd-9a68-b726c4e2c143,0.6108070611953735,topic_2,True
144,38,db868b3d-342c-4d03-9a79-64b27837b5e4,0.6108070611953735,topic_2,True
144,38,0972b605-8947-410f-bbe4-d0aec0bf97a0,0.571755051612854,topic_2,True
144,38,363ca5cf-4c83-432e-9453-3c796a805dba,0.571755051612854,topic_2,True
144,38,620349aa-de94-45c7-bea3-08ca78d848b7,0.571755051612854,topic_2,True
144,38,869c5d2d-f919-41c0-8f97-bae23f58308b,0.571755051612854,topic_2,True
144,38,94c44e21-2973-4a41-919d-43aa6841e0b8,0.571755051612854,topic_2,True
144,38,bc50c81e-afec-40e2-b022-fd9739290eb8,0.571755051612854,topic_2,True
144,38,dd330cbb-60bc-462f-8b2b-2af5e0018ef8,0.571755051612854,topic_2,True
144,38,134bae78-7167-451e-afad-02b78c8da8ca,0.5150877833366394,topic_2,True
144,38,30d170b1-7064-4746-a63a-19d9572302e4,0.5150877833366394,topic_2,True
144,38,83f19bd6-80ca-4441-a881-d2004183801b,0.5150877833366394,topic_2,True
144,38,a04243c7-d94e-474a-9d1d-5638006c00ed,0.5150877833366394,topic_2,True
144,38,b791b973-6da4-41ef-a269-b816891d6bb1,0.5150877833366394,topic_2,True
144,38,c765ef3b-e306-481d-a9d9-c4b51cabd483,0.5150877833366394,topic_2,True
144,38,dafbf493-fce5-4ff2-ac2a-86155d8a0fda,0.5150877833366394,topic_2,True
144,38,3586b3d9-8cd0-425c-bfa4-12ede5ea224a,0.5058408975601196,topic_2,True
144,38,4a830eaf-f575-4ea4-af48-92b85718092c,0.5058408975601196,topic_2,True
144,38,4ddce2f4-2e7c-40ce-a358-ced95c9942cc,0.5058408975601196,topic_2,True
144,38,755481fd-b0ab-4de1-8832-7a29a42af347,0.5058408975601196,topic_2,True
144,38,88f6e161-d522-4c46-bb57-17edf3ea149d,0.5058408975601196,topic_2,True
144,38,91f97e0f-c81f-415a-84d5-370c932bd526,0.5058408975601196,topic_2,True
144,38,a592b98a-452e-4389-b1fb-01ace97420f7,0.5058408975601196,topic_2,True
144,38,c83d9bce-ab60-4452-b79a-ccd638d43ee6,0.5058408975601196,topic_2,True
145,15,3ada1724-89b3-4190-83d0-8b2217b7aa5a,0.8924493193626404,topic_2,True
145,15,732083b3-b561-48c0-b999-f7a6b164a08f,0.8924493193626404,topic_2,True
145,15,76bce893-5b05-4244-a6d8-f51a7d58f8f7,0.8924493193626404,topic_2,True
145,15,d1805529-6794-4f82-9eb4-2b3a9a4dfdef,0.8924493193626404,topic_2,True
145,15,dfef75de-8fb7-4f1d-acc3-38a52b773932,0.8924493193626404,topic_2,True
145,15,ea12cbd0-266d-47ee-9426-18e6b56939b5,0.8924493193626404,topic_2,True
145,15,f9e10c27-fc2c-40af-9439-75cab4613420,0.8924493193626404,topic_2,True
145,15,0972b605-8947-410f-bbe4-d0aec0bf97a0,0.5179146528244019,topic_2,True
145,15,363ca5cf-4c83-432e-9453-3c796a805dba,0.5179146528244019,topic_2,True
145,15,620349aa-de94-45c7-bea3-08ca78d848b7,0.5179146528244019,topic_2,True
145,15,869c5d2d-f919-41c0-8f97-bae23f58308b,0.5179146528244019,topic_2,True
145,15,94c44e21-2973-4a41-919d-43aa6841e0b8,0.5179146528244019,topic_2,True
145,15,bc50c81e-afec-40e2-b022-fd9739290eb8,0.5179146528244019,topic_2,True
145,15,dd330cbb-60bc-462f-8b2b-2af5e0018ef8,0.5179146528244019,topic_2,True
145,15,f7c061d5-3cbc-47b6-86c5-f9b899fc3c6c,0.5179146528244019,topic_2,True
146,39,31e14c3d-daa7-4837-b78a-7fb4ffb057a2,0.890346109867096,topic_2,True
146,39,7e3c6771-57fe-431f-9369-c217f11e15c2,0.890346109867096,topic_2,True
146,39,8ad97832-a2d1-45f0-88b6-a8dd64480c89,0.890346109867096,topic_2,True
146,39,8c26928e-e3eb-4dd3-90be-d5b12363ac77,0.890346109867096,topic_2,True
146,39,939d8fe1-dee2-4943-bc52-15e4184567e3,0.890346109867096,topic_2,True
146,39,c95ea662-f133-4aa2-935b-c5d5e70d9a92,0.890346109867096,topic_2,True
146,39,1fe1c897-c028-4b10-b5a6-651e2383566d,0.5835834741592407,topic_2,True
146,39,245ede3c-39e2-44af-8de2-86dffd0ab5dd,0.5835834741592407,topic_2,True
146,39,6e395e19-1736-4cc7-a1f6-cc4c8cc861f4,0.5835834741592407,topic_2,True
146,39,af9507d7-9513-40af-8985-7a14c802dd06,0.5835834741592407,topic_2,True
146,39,cacd0527-b32b-4f01-856c-c58a677a202e,0.5835834741592407,topic_2,True
146,39,d226615a-4a1c-4d70-af18-6253612f95f2,0.5835834741592407,topic_2,True
146,39,d9a788c5-317a-4545-9184-c4acaa54f6b9,0.5835834741592407,topic_2,True
146,39,e9d472d3-0248-4bdc-9368-d98c4b7fe1d5,0.5835834741592407,topic_2,True
146,39,2f180e2f-9208-44ea-8ba2-2a4b2b57e0f1,0.5549933314323425,topic_2,True
146,39,461ca34a-8299-40ed-93aa-6fec635580a6,0.5549933314323425,topic_2,True
146,39,64a40544-da83-4141-8f49-0f700719d520,0.5549933314323425,topic_2,True
146,39,af2be6aa-378f-4aca-b542-bba94f7f84d4,0.5549933314323425,topic_2,True
146,39,b0680986-d9bd-42cb-b6de-f75146f1fe33,0.5549933314323425,topic_2,True
146,39,b153ca39-3aa7-4a3c-88f6-3ba8434bae42,0.5549933314323425,topic_2,True
146,39,b2a083e9-f284-46b0-8812-deea53b56145,0.5549933314323425,topic_2,True
146,39,d7a540ee-540f-48c5-b8a0-fd7efab16139,0.5549933314323425,topic_2,True
146,39,0972b605-8947-410f-bbe4-d0aec0bf97a0,0.5206599235534668,topic_2,True
146,39,363ca5cf-4c83-432e-9453-3c796a805dba,0.5206599235534668,topic_2,True
146,39,620349aa-de94-45c7-bea3-08ca78d848b7,0.5206599235534668,topic_2,True
146,39,869c5d2d-f919-41c0-8f97-bae23f58308b,0.5206599235534668,topic_2,True
146,39,94c44e21-2973-4a41-919d-43aa6841e0b8,0.5206599235534668,topic_2,True
146,39,bc50c81e-afec-40e2-b022-fd9739290eb8,0.5206599235534668,topic_2,True
146,39,dd330cbb-60bc-462f-8b2b-2af5e0018ef8,0.5206599235534668,topic_2,True
146,39,f7c061d5-3cbc-47b6-86c5-f9b899fc3c6c,0.5206599235534668,topic_2,True
146,39,26c15497-867c-47e8-93ec-5595823a72bf,0.5174322128295898,topic_2,True
146,39,56e92d66-ea1b-4f2b-8ebb-21e9c1300ca4,0.5174322128295898,topic_2,True
146,39,6c372dbb-24da-4849-8193-316990d50ef3,0.5174322128295898,topic_2,True
146,39,6d371be9-6291-4691-ae7a-eaede59746de,0.5174322128295898,topic_2,True
146,39,b8497394-fb62-45b1-8984-6b4efe477636,0.5174322128295898,topic_2,True
146,39,bbf01234-6ced-4e3e-a097-db83ada51a61,0.5174322128295898,topic_2,True
146,39,e14793b8-7532-4ba5-b9a3-d19ee2cb21b3,0.5174322128295898,topic_2,True
146,39,fbeda479-a20d-43b0-a541-0d5f496f8c02,0.5174322128295898,topic_2,True
147,31,134bae78-7167-451e-afad-02b78c8da8ca,0.8686729669570923,topic_2,True
147,31,30d170b1-7064-4746-a63a-19d9572302e4,0.8686729669570923,topic_2,True
147,31,83f19bd6-80ca-4441-a881-d2004183801b,0.8686729669570923,topic_2,True
147,31,a04243c7-d94e-474a-9d1d-5638006c00ed,0.8686729669570923,topic_2,True
147,31,b791b973-6da4-41ef-a269-b816891d6bb1,0.8686729669570923,topic_2,True
147,31,c765ef3b-e306-481d-a9d9-c4b51cabd483,0.8686729669570923,topic_2,True
147,31,dafbf493-fce5-4ff2-ac2a-86155d8a0fda,0.8686729669570923,topic_2,True
147,31,078d0e9f-afea-4d8c-a9ec-4b2cf9cff354,0.5548982620239258,topic_2,True
147,31,22236c00-4b51-4313-a985-7cf1e537969f,0.5548982620239258,topic_2,True
147,31,355072c6-35df-49d5-9bf7-e8f169b0e086,0.5548982620239258,topic_2,True
147,31,6c5bcd57-8b0a-4adb-ab0d-f3a64a778d5d,0.5548982620239258,topic_2,True
147,31,86d671c2-2ec3-44c7-8a65-1f2946a85d47,0.5548982620239258,topic_2,True
147,31,b7796aab-652a-456e-b287-f46ed9b79f3a,0.5548982620239258,topic_2,True
147,31,ca772484-2412-4fdd-9a68-b726c4e2c143,0.5548982620239258,topic_2,True
147,31,db868b3d-342c-4d03-9a79-64b27837b5e4,0.5548982620239258,topic_2,True
147,31,26c15497-867c-47e8-93ec-5595823a72bf,0.536957323551178,topic_2,True
147,31,56e92d66-ea1b-4f2b-8ebb-21e9c1300ca4,0.536957323551178,topic_2,True
147,31,6c372dbb-24da-4849-8193-316990d50ef3,0.536957323551178,topic_2,True
147,31,6d371be9-6291-4691-ae7a-eaede59746de,0.536957323551178,topic_2,True
147,31,b8497394-fb62-45b1-8984-6b4efe477636,0.536957323551178,topic_2,True
147,31,bbf01234-6ced-4e3e-a097-db83ada51a61,0.536957323551178,topic_2,True
147,31,e14793b8-7532-4ba5-b9a3-d19ee2cb21b3,0.536957323551178,topic_2,True
147,31,fbeda479-a20d-43b0-a541-0d5f496f8c02,0.536957323551178,topic_2,True
147,31,0972b605-8947-410f-bbe4-d0aec0bf97a0,0.5355179905891418,topic_2,True
147,31,363ca5cf-4c83-432e-9453-3c796a805dba,0.5355179905891418,topic_2,True
147,31,620349aa-de94-45c7-bea3-08ca78d848b7,0.5355179905891418,topic_2,True
147,31,869c5d2d-f919-41c0-8f97-bae23f58308b,0.5355179905891418,topic_2,True
147,31,94c44e21-2973-4a41-919d-43aa6841e0b8,0.5355179905891418,topic_2,True
147,31,bc50c81e-afec-40e2-b022-fd9739290eb8,0.5355179905891418,topic_2,True
147,31,dd330cbb-60bc-462f-8b2b-2af5e0018ef8,0.5355179905891418,topic_2,True
147,31,f7c061d5-3cbc-47b6-86c5-f9b899fc3c6c,0.5355179905891418,topic_2,True
148,32,078d0e9f-afea-4d8c-a9ec-4b2cf9cff354,0.8782250881195068,topic_2,True
148,32,22236c00-4b51-4313-a985-7cf1e537969f,0.8782250881195068,topic_2,True
148,32,355072c6-35df-49d5-9bf7-e8f169b0e086,0.8782250881195068,topic_2,True
148,32,6c5bcd57-8b0a-4adb-ab0d-f3a64a778d5d,0.8782250881195068,topic_2,True
148,32,86d671c2-2ec3-44c7-8a65-1f2946a85d47,0.8782250881195068,topic_2,True
148,32,b7796aab-652a-456e-b287-f46ed9b79f3a,0.8782250881195068,topic_2,True
148,32,ca772484-2412-4fdd-9a68-b726c4e2c143,0.8782250881195068,topic_2,True
148,32,db868b3d-342c-4d03-9a79-64b27837b5e4,0.8782250881195068,topic_2,True
148,32,26c15497-867c-47e8-93ec-5595823a72bf,0.6453519463539124,topic_2,True
148,32,56e92d66-ea1b-4f2b-8ebb-21e9c1300ca4,0.6453519463539124,topic_2,True
148,32,6c372dbb-24da-4849-8193-316990d50ef3,0.6453519463539124,topic_2,True
148,32,6d371be9-6291-4691-ae7a-eaede59746de,0.6453519463539124,topic_2,True
148,32,b8497394-fb62-45b1-8984-6b4efe477636,0.6453519463539124,topic_2,True
148,32,bbf01234-6ced-4e3e-a097-db83ada51a61,0.6453519463539124,topic_2,True
148,32,e14793b8-7532-4ba5-b9a3-d19ee2cb21b3,0.6453519463539124,topic_2,True
148,32,fbeda479-a20d-43b0-a541-0d5f496f8c02,0.6453519463539124,topic_2,True
148,32,0972b605-8947-410f-bbe4-d0aec0bf97a0,0.5870772004127502,topic_2,True
148,32,363ca5cf-4c83-432e-9453-3c796a805dba,0.5870772004127502,topic_2,True
148,32,620349aa-de94-45c7-bea3-08ca78d848b7,0.5870772004127502,topic_2,True
148,32,869c5d2d-f919-41c0-8f97-bae23f58308b,0.5870772004127502,topic_2,True
148,32,94c44e21-2973-4a41-919d-43aa6841e0b8,0.5870772004127502,topic_2,True
148,32,bc50c81e-afec-40e2-b022-fd9739290eb8,0.5870772004127502,topic_2,True
148,32,dd330cbb-60bc-462f-8b2b-2af5e0018ef8,0.5870772004127502,topic_2,True
148,32,f7c061d5-3cbc-47b6-86c5-f9b899fc3c6c,0.5870772004127502,topic_2,True
148,32,134bae78-7167-451e-afad-02b78c8da8ca,0.5510380268096924,topic_2,True
148,32,30d170b1-7064-4746-a63a-19d9572302e4,0.5510380268096924,topic_2,True
148,32,83f19bd6-80ca-4441-a881-d2004183801b,0.5510380268096924,topic_2,True
148,32,a04243c7-d94e-474a-9d1d-5638006c00ed,0.5510380268096924,topic_2,True
148,32,b791b973-6da4-41ef-a269-b816891d6bb1,0.5510380268096924,topic_2,True
148,32,c765ef3b-e306-481d-a9d9-c4b51cabd483,0.5510380268096924,topic_2,True
148,32,dafbf493-fce5-4ff2-ac2a-86155d8a0fda,0.5510380268096924,topic_2,True
149,32,3586b3d9-8cd0-425c-bfa4-12ede5ea224a,0.8836332559585571,topic_2,True
149,32,4a830eaf-f575-4ea4-af48-92b85718092c,0.8836332559585571,topic_2,True
149,32,4ddce2f4-2e7c-40ce-a358-ced95c9942cc,0.8836332559585571,topic_2,True
149,32,755481fd-b0ab-4de1-8832-7a29a42af347,0.8836332559585571,topic_2,True
149,32,88f6e161-d522-4c46-bb57-17edf3ea149d,0.8836332559585571,topic_2,True
149,32,91f97e0f-c81f-415a-84d5-370c932bd526,0.8836332559585571,topic_2,True
149,32,a592b98a-452e-4389-b1fb-01ace97420f7,0.8836332559585571,topic_2,True
149,32,c83d9bce-ab60-4452-b79a-ccd638d43ee6,0.8836332559585571,topic_2,True
149,32,1fe1c897-c028-4b10-b5a6-651e2383566d,0.5803573727607727,topic_2,True
149,32,245ede3c-39e2-44af-8de2-86dffd0ab5dd,0.5803573727607727,topic_2,True
149,32,6e395e19-1736-4cc7-a1f6-cc4c8cc861f4,0.5803573727607727,topic_2,True
149,32,af9507d7-9513-40af-8985-7a14c802dd06,0.5803573727607727,topic_2,True
149,32,cacd0527-b32b-4f01-856c-c58a677a202e,0.5803573727607727,topic_2,True
149,32,d226615a-4a1c-4d70-af18-6253612f95f2,0.5803573727607727,topic_2,True
149,32,d9a788c5-317a-4545-9184-c4acaa54f6b9,0.5803573727607727,topic_2,True
149,32,e9d472d3-0248-4bdc-9368-d98c4b7fe1d5,0.5803573727607727,topic_2,True
149,32,26c15497-867c-47e8-93ec-5595823a72bf,0.5355281829833984,topic_2,True
149,32,56e92d66-ea1b-4f2b-8ebb-21e9c1300ca4,0.5355281829833984,topic_2,True
149,32,6c372dbb-24da-4849-8193-316990d50ef3,0.5355281829833984,topic_2,True
149,32,6d371be9-6291-4691-ae7a-eaede59746de,0.5355281829833984,topic_2,True
149,32,b8497394-fb62-45b1-8984-6b4efe477636,0.5355281829833984,topic_2,True
149,32,bbf01234-6ced-4e3e-a097-db83ada51a61,0.5355281829833984,topic_2,True
149,32,e14793b8-7532-4ba5-b9a3-d19ee2cb21b3,0.5355281829833984,topic_2,True
149,32,fbeda479-a20d-43b0-a541-0d5f496f8c02,0.5355281829833984,topic_2,True
149,32,0972b605-8947-410f-bbe4-d0aec0bf97a0,0.5250928401947021,topic_2,True
149,32,363ca5cf-4c83-432e-9453-3c796a805dba,0.5250928401947021,topic_2,True
149,32,620349aa-de94-45c7-bea3-08ca78d848b7,0.5250928401947021,topic_2,True
149,32,869c5d2d-f919-41c0-8f97-bae23f58308b,0.5250928401947021,topic_2,True
149,32,94c44e21-2973-4a41-919d-43aa6841e0b8,0.5250928401947021,topic_2,True
149,32,bc50c81e-afec-40e2-b022-fd9739290eb8,0.5250928401947021,topic_2,True
149,32,dd330cbb-60bc-462f-8b2b-2af5e0018ef8,0.5250928401947021,topic_2,True
149,32,f7c061d5-3cbc-47b6-86c5-f9b899fc3c6c,0.5250928401947021,topic_2,True
150,40,1fe1c897-c028-4b10-b5a6-651e2383566d,0.9045434594154358,topic_2,True
150,40,245ede3c-39e2-44af-8de2-86dffd0ab5dd,0.9045434594154358,topic_2,True
150,40,6e395e19-1736-4cc7-a1f6-cc4c8cc861f4,0.9045434594154358,topic_2,True
150,40,af9507d7-9513-40af-8985-7a14c802dd06,0.9045434594154358,topic_2,True
150,40,cacd0527-b32b-4f01-856c-c58a677a202e,0.9045434594154358,topic_2,True
150,40,d226615a-4a1c-4d70-af18-6253612f95f2,0.9045434594154358,topic_2,True
150,40,d9a788c5-317a-4545-9184-c4acaa54f6b9,0.9045434594154358,topic_2,True
150,40,e9d472d3-0248-4bdc-9368-d98c4b7fe1d5,0.9045434594154358,topic_2,True
150,40,3586b3d9-8cd0-425c-bfa4-12ede5ea224a,0.5641753077507019,topic_2,True
150,40,4a830eaf-f575-4ea4-af48-92b85718092c,0.5641753077507019,topic_2,True
150,40,4ddce2f4-2e7c-40ce-a358-ced95c9942cc,0.5641753077507019,topic_2,True
150,40,755481fd-b0ab-4de1-8832-7a29a42af347,0.5641753077507019,topic_2,True
150,40,88f6e161-d522-4c46-bb57-17edf3ea149d,0.5641753077507019,topic_2,True
150,40,91f97e0f-c81f-415a-84d5-370c932bd526,0.5641753077507019,topic_2,True
150,40,a592b98a-452e-4389-b1fb-01ace97420f7,0.5641753077507019,topic_2,True
150,40,c83d9bce-ab60-4452-b79a-ccd638d43ee6,0.5641753077507019,topic_2,True
150,40,2b8fbba4-7cd0-4572-ac24-33140a34b18a,0.5510950684547424,topic_2,True
150,40,31e14c3d-daa7-4837-b78a-7fb4ffb057a2,0.5510950684547424,topic_2,True
150,40,7e3c6771-57fe-431f-9369-c217f11e15c2,0.5510950684547424,topic_2,True
150,40,8ad97832-a2d1-45f0-88b6-a8dd64480c89,0.5510950684547424,topic_2,True
150,40,8c26928e-e3eb-4dd3-90be-d5b12363ac77,0.5510950684547424,topic_2,True
150,40,939d8fe1-dee2-4943-bc52-15e4184567e3,0.5510950684547424,topic_2,True
150,40,c95ea662-f133-4aa2-935b-c5d5e70d9a92,0.5510950684547424,topic_2,True
150,40,0972b605-8947-410f-bbe4-d0aec0bf97a0,0.5486348867416382,topic_2,True
150,40,363ca5cf-4c83-432e-9453-3c796a805dba,0.5486348867416382,topic_2,True
150,40,620349aa-de94-45c7-bea3-08ca78d848b7,0.5486348867416382,topic_2,True
150,40,869c5d2d-f919-41c0-8f97-bae23f58308b,0.5486348867416382,topic_2,True
150,40,94c44e21-2973-4a41-919d-43aa6841e0b8,0.5486348867416382,topic_2,True
150,40,bc50c81e-afec-40e2-b022-fd9739290eb8,0.5486348867416382,topic_2,True
150,40,dd330cbb-60bc-462f-8b2b-2af5e0018ef8,0.5486348867416382,topic_2,True
150,40,f7c061d5-3cbc-47b6-86c5-f9b899fc3c6c,0.5486348867416382,topic_2,True
150,40,26c15497-867c-47e8-93ec-5595823a72bf,0.5288690328598022,topic_2,True
150,40,56e92d66-ea1b-4f2b-8ebb-21e9c1300ca4,0.5288690328598022,topic_2,True
150,40,6c372dbb-24da-4849-8193-316990d50ef3,0.5288690328598022,topic_2,True
150,40,6d371be9-6291-4691-ae7a-eaede59746de,0.5288690328598022,topic_2,True
150,40,b8497394-fb62-45b1-8984-6b4efe477636,0.5288690328598022,topic_2,True
150,40,bbf01234-6ced-4e3e-a097-db83ada51a61,0.5288690328598022,topic_2,True
150,40,e14793b8-7532-4ba5-b9a3-d19ee2cb21b3,0.5288690328598022,topic_2,True
150,40,fbeda479-a20d-43b0-a541-0d5f496f8c02,0.5288690328598022,topic_2,True
151,53,0972b605-8947-410f-bbe4-d0aec0bf97a0,0.9085501432418823,topic_2,True
151,53,363ca5cf-4c83-432e-9453-3c796a805dba,0.9085501432418823,topic_2,True
151,53,620349aa-de94-45c7-bea3-08ca78d848b7,0.9085501432418823,topic_2,True
151,53,869c5d2d-f919-41c0-8f97-bae23f58308b,0.9085501432418823,topic_2,True
151,53,94c44e21-2973-4a41-919d-43aa6841e0b8,0.9085501432418823,topic_2,True
151,53,bc50c81e-afec-40e2-b022-fd9739290eb8,0.9085501432418823,topic_2,True
151,53,dd330cbb-60bc-462f-8b2b-2af5e0018ef8,0.9085501432418823,topic_2,True
151,53,f7c061d5-3cbc-47b6-86c5-f9b899fc3c6c,0.9085501432418823,topic_2,True
151,53,012e10e2-0da9-4b96-9678-d473f14e34ab,0.6350393295288086,topic_2,True
151,53,0e3547d9-8a0c-4125-a56f-bef69f65d994,0.6350393295288086,topic_2,True
151,53,2df0b5c0-6614-4581-b95b-25a0facd11c3,0.6350393295288086,topic_2,True
151,53,51d28a25-239c-4048-891c-9b68f03c1a6a,0.6350393295288086,topic_2,True
151,53,b1c92968-f766-420f-9f2a-b35789a2dccc,0.6350393295288086,topic_2,True
151,53,dc2b3638-3376-4382-8782-20ca023e8554,0.6350393295288086,topic_2,True
151,53,e3a4e850-c28e-47f7-be91-fb23ce2255aa,0.6350393295288086,topic_2,True
151,53,f184814c-0a82-401f-95c3-2db50d68e267,0.6350393295288086,topic_2,True
151,53,f22180e9-0fa4-4fb2-8fca-1282f28e8654,0.6350393295288086,topic_2,True
151,53,078d0e9f-afea-4d8c-a9ec-4b2cf9cff354,0.559798538684845,topic_2,True
151,53,1879f75f-58ac-4e30-8394-c044b73d32e5,0.559798538684845,topic_2,True
151,53,22236c00-4b51-4313-a985-7cf1e537969f,0.559798538684845,topic_2,True
151,53,355072c6-35df-49d5-9bf7-e8f169b0e086,0.559798538684845,topic_2,True
151,53,6c5bcd57-8b0a-4adb-ab0d-f3a64a778d5d,0.559798538684845,topic_2,True
151,53,86d671c2-2ec3-44c7-8a65-1f2946a85d47,0.559798538684845,topic_2,True
151,53,b7796aab-652a-456e-b287-f46ed9b79f3a,0.559798538684845,topic_2,True
151,53,ca772484-2412-4fdd-9a68-b726c4e2c143,0.559798538684845,topic_2,True
151,53,db868b3d-342c-4d03-9a79-64b27837b5e4,0.559798538684845,topic_2,True
151,53,26c15497-867c-47e8-93ec-5595823a72bf,0.5529343485832214,topic_2,True
151,53,56e92d66-ea1b-4f2b-8ebb-21e9c1300ca4,0.5529343485832214,topic_2,True
151,53,6c372dbb-24da-4849-8193-316990d50ef3,0.5529343485832214,topic_2,True
151,53,6d371be9-6291-4691-ae7a-eaede59746de,0.5529343485832214,topic_2,True
151,53,b8497394-fb62-45b1-8984-6b4efe477636,0.5529343485832214,topic_2,True
151,53,bbf01234-6ced-4e3e-a097-db83ada51a61,0.5529343485832214,topic_2,True
151,53,e14793b8-7532-4ba5-b9a3-d19ee2cb21b3,0.5529343485832214,topic_2,True
151,53,fbeda479-a20d-43b0-a541-0d5f496f8c02,0.5529343485832214,topic_2,True
151,53,f9ec5e51-bc06-4de6-b40a-0ace8f9f72c2,0.5286071300506592,topic_3,True
151,53,1fe1c897-c028-4b10-b5a6-651e2383566d,0.5213491916656494,topic_2,True
151,53,245ede3c-39e2-44af-8de2-86dffd0ab5dd,0.5213491916656494,topic_2,True
151,53,6e395e19-1736-4cc7-a1f6-cc4c8cc861f4,0.5213491916656494,topic_2,True
151,53,af9507d7-9513-40af-8985-7a14c802dd06,0.5213491916656494,topic_2,True
151,53,cacd0527-b32b-4f01-856c-c58a677a202e,0.5213491916656494,topic_2,True
151,53,d226615a-4a1c-4d70-af18-6253612f95f2,0.5213491916656494,topic_2,True
151,53,d9a788c5-317a-4545-9184-c4acaa54f6b9,0.5213491916656494,topic_2,True
151,53,e9d472d3-0248-4bdc-9368-d98c4b7fe1d5,0.5213491916656494,topic_2,True
151,53,3ada1724-89b3-4190-83d0-8b2217b7aa5a,0.5007662773132324,topic_2,True
151,53,732083b3-b561-48c0-b999-f7a6b164a08f,0.5007662773132324,topic_2,True
151,53,76bce893-5b05-4244-a6d8-f51a7d58f8f7,0.5007662773132324,topic_2,True
151,53,90786c9b-461d-4e4d-977f-ed0764206480,0.5007662773132324,topic_2,True
151,53,d1805529-6794-4f82-9eb4-2b3a9a4dfdef,0.5007662773132324,topic_2,True
151,53,dfef75de-8fb7-4f1d-acc3-38a52b773932,0.5007662773132324,topic_2,True
151,53,ea12cbd0-266d-47ee-9426-18e6b56939b5,0.5007662773132324,topic_2,True
151,53,f9e10c27-fc2c-40af-9439-75cab4613420,0.5007662773132324,topic_2,True
152,43,26c15497-867c-47e8-93ec-5595823a72bf,0.9063560366630554,topic_2,True
152,43,56e92d66-ea1b-4f2b-8ebb-21e9c1300ca4,0.9063560366630554,topic_2,True
152,43,6c372dbb-24da-4849-8193-316990d50ef3,0.9063560366630554,topic_2,True
152,43,6d371be9-6291-4691-ae7a-eaede59746de,0.9063560366630554,topic_2,True
152,43,b8497394-fb62-45b1-8984-6b4efe477636,0.9063560366630554,topic_2,True
152,43,bbf01234-6ced-4e3e-a097-db83ada51a61,0.9063560366630554,topic_2,True
152,43,e14793b8-7532-4ba5-b9a3-d19ee2cb21b3,0.9063560366630554,topic_2,True
152,43,fbeda479-a20d-43b0-a541-0d5f496f8c02,0.9063560366630554,topic_2,True
152,43,078d0e9f-afea-4d8c-a9ec-4b2cf9cff354,0.6108070611953735,topic_2,True
152,43,1879f75f-58ac-4e30-8394-c044b73d32e5,0.6108070611953735,topic_2,True
152,43,22236c00-4b51-4313-a985-7cf1e537969f,0.6108070611953735,topic_2,True
152,43,355072c6-35df-49d5-9bf7-e8f169b0e086,0.6108070611953735,topic_2,True
152,43,6c5bcd57-8b0a-4adb-ab0d-f3a64a778d5d,0.6108070611953735,topic_2,True
152,43,86d671c2-2ec3-44c7-8a65-1f2946a85d47,0.6108070611953735,topic_2,True
152,43,b7796aab-652a-456e-b287-f46ed9b79f3a,0.6108070611953735,topic_2,True
152,43,ca772484-2412-4fdd-9a68-b726c4e2c143,0.6108070611953735,topic_2,True
152,43,db868b3d-342c-4d03-9a79-64b27837b5e4,0.6108070611953735,topic_2,True
152,43,0972b605-8947-410f-bbe4-d0aec0bf97a0,0.571755051612854,topic_2,True
152,43,363ca5cf-4c83-432e-9453-3c796a805dba,0.571755051612854,topic_2,True
152,43,620349aa-de94-45c7-bea3-08ca78d848b7,0.571755051612854,topic_2,True
152,43,869c5d2d-f919-41c0-8f97-bae23f58308b,0.571755051612854,topic_2,True
152,43,94c44e21-2973-4a41-919d-43aa6841e0b8,0.571755051612854,topic_2,True
152,43,bc50c81e-afec-40e2-b022-fd9739290eb8,0.571755051612854,topic_2,True
152,43,dd330cbb-60bc-462f-8b2b-2af5e0018ef8,0.571755051612854,topic_2,True
152,43,f7c061d5-3cbc-47b6-86c5-f9b899fc3c6c,0.571755051612854,topic_2,True
152,43,134bae78-7167-451e-afad-02b78c8da8ca,0.5150877833366394,topic_2,True
152,43,30d170b1-7064-4746-a63a-19d9572302e4,0.5150877833366394,topic_2,True
152,43,83f19bd6-80ca-4441-a881-d2004183801b,0.5150877833366394,topic_2,True
152,43,a04243c7-d94e-474a-9d1d-5638006c00ed,0.5150877833366394,topic_2,True
152,43,b791b973-6da4-41ef-a269-b816891d6bb1,0.5150877833366394,topic_2,True
152,43,c765ef3b-e306-481d-a9d9-c4b51cabd483,0.5150877833366394,topic_2,True
152,43,d3a92ab7-7e9b-477c-81e7-8633e3d60814,0.5150877833366394,topic_2,True
152,43,dafbf493-fce5-4ff2-ac2a-86155d8a0fda,0.5150877833366394,topic_2,True
152,43,190dad49-265d-4ca9-b319-59df31243126,0.5058408975601196,topic_2,True
152,43,3586b3d9-8cd0-425c-bfa4-12ede5ea224a,0.5058408975601196,topic_2,True
152,43,4a830eaf-f575-4ea4-af48-92b85718092c,0.5058408975601196,topic_2,True
152,43,4ddce2f4-2e7c-40ce-a358-ced95c9942cc,0.5058408975601196,topic_2,True
152,43,755481fd-b0ab-4de1-8832-7a29a42af347,0.5058408975601196,topic_2,True
152,43,88f6e161-d522-4c46-bb57-17edf3ea149d,0.5058408975601196,topic_2,True
152,43,91f97e0f-c81f-415a-84d5-370c932bd526,0.5058408975601196,topic_2,True
152,43,a592b98a-452e-4389-b1fb-01ace97420f7,0.5058408975601196,topic_2,True
152,43,c83d9bce-ab60-4452-b79a-ccd638d43ee6,0.5058408975601196,topic_2,True
153,17,3ada1724-89b3-4190-83d0-8b2217b7aa5a,0.8924493193626404,topic_2,True
153,17,732083b3-b561-48c0-b999-f7a6b164a08f,0.8924493193626404,topic_2,True
153,17,76bce893-5b05-4244-a6d8-f51a7d58f8f7,0.8924493193626404,topic_2,True
153,17,90786c9b-461d-4e4d-977f-ed0764206480,0.8924493193626404,topic_2,True
153,17,d1805529-6794-4f82-9eb4-2b3a9a4dfdef,0.8924493193626404,topic_2,True
153,17,dfef75de-8fb7-4f1d-acc3-38a52b773932,0.8924493193626404,topic_2,True
153,17,ea12cbd0-266d-47ee-9426-18e6b56939b5,0.8924493193626404,topic_2,True
153,17,f9e10c27-fc2c-40af-9439-75cab4613420,0.8924493193626404,topic_2,True
153,17,0972b605-8947-410f-bbe4-d0aec0bf97a0,0.5179146528244019,topic_2,True
153,17,363ca5cf-4c83-432e-9453-3c796a805dba,0.5179146528244019,topic_2,True
153,17,3d8a2635-a47b-4b1c-9cc5-730423e07e65,0.5179146528244019,topic_2,True
153,17,620349aa-de94-45c7-bea3-08ca78d848b7,0.5179146528244019,topic_2,True
153,17,869c5d2d-f919-41c0-8f97-bae23f58308b,0.5179146528244019,topic_2,True
153,17,94c44e21-2973-4a41-919d-43aa6841e0b8,0.5179146528244019,topic_2,True
153,17,bc50c81e-afec-40e2-b022-fd9739290eb8,0.5179146528244019,topic_2,True
153,17,dd330cbb-60bc-462f-8b2b-2af5e0018ef8,0.5179146528244019,topic_2,True
153,17,f7c061d5-3cbc-47b6-86c5-f9b899fc3c6c,0.5179146528244019,topic_2,True
154,43,2b8fbba4-7cd0-4572-ac24-33140a34b18a,0.890346109867096,topic_2,True
154,43,31e14c3d-daa7-4837-b78a-7fb4ffb057a2,0.890346109867096,topic_2,True
154,43,7e3c6771-57fe-431f-9369-c217f11e15c2,0.890346109867096,topic_2,True
154,43,8ad97832-a2d1-45f0-88b6-a8dd64480c89,0.890346109867096,topic_2,True
154,43,8c26928e-e3eb-4dd3-90be-d5b12363ac77,0.890346109867096,topic_2,True
154,43,939d8fe1-dee2-4943-bc52-15e4184567e3,0.890346109867096,topic_2,True
154,43,c95ea662-f133-4aa2-935b-c5d5e70d9a92,0.890346109867096,topic_2,True
154,43,1fe1c897-c028-4b10-b5a6-651e2383566d,0.5835834741592407,topic_2,True
154,43,245ede3c-39e2-44af-8de2-86dffd0ab5dd,0.5835834741592407,topic_2,True
154,43,3019b128-926b-4d22-a66a-10d2768cf952,0.5835834741592407,topic_2,True
154,43,6e395e19-1736-4cc7-a1f6-cc4c8cc861f4,0.5835834741592407,topic_2,True
154,43,af9507d7-9513-40af-8985-7a14c802dd06,0.5835834741592407,topic_2,True
154,43,cacd0527-b32b-4f01-856c-c58a677a202e,0.5835834741592407,topic_2,True
154,43,d226615a-4a1c-4d70-af18-6253612f95f2,0.5835834741592407,topic_2,True
154,43,d9a788c5-317a-4545-9184-c4acaa54f6b9,0.5835834741592407,topic_2,True
154,43,e9d472d3-0248-4bdc-9368-d98c4b7fe1d5,0.5835834741592407,topic_2,True
154,43,2f180e2f-9208-44ea-8ba2-2a4b2b57e0f1,0.5549933314323425,topic_2,True
154,43,461ca34a-8299-40ed-93aa-6fec635580a6,0.5549933314323425,topic_2,True
154,43,64a40544-da83-4141-8f49-0f700719d520,0.5549933314323425,topic_2,True
154,43,af2be6aa-378f-4aca-b542-bba94f7f84d4,0.5549933314323425,topic_2,True
154,43,b0680986-d9bd-42cb-b6de-f75146f1fe33,0.5549933314323425,topic_2,True
154,43,b153ca39-3aa7-4a3c-88f6-3ba8434bae42,0.5549933314323425,topic_2,True
154,43,b2a083e9-f284-46b0-8812-deea53b56145,0.5549933314323425,topic_2,True
154,43,d7a540ee-540f-48c5-b8a0-fd7efab16139,0.5549933314323425,topic_2,True
154,43,0972b605-8947-410f-bbe4-d0aec0bf97a0,0.5206599235534668,topic_2,True
154,43,363ca5cf-4c83-432e-9453-3c796a805dba,0.5206599235534668,topic_2,True
154,43,3d8a2635-a47b-4b1c-9cc5-730423e07e65,0.5206599235534668,topic_2,True
154,43,620349aa-de94-45c7-bea3-08ca78d848b7,0.5206599235534668,topic_2,True
154,43,869c5d2d-f919-41c0-8f97-bae23f58308b,0.5206599235534668,topic_2,True
154,43,94c44e21-2973-4a41-919d-43aa6841e0b8,0.5206599235534668,topic_2,True
154,43,bc50c81e-afec-40e2-b022-fd9739290eb8,0.5206599235534668,topic_2,True
154,43,dd330cbb-60bc-462f-8b2b-2af5e0018ef8,0.5206599235534668,topic_2,True
154,43,f7c061d5-3cbc-47b6-86c5-f9b899fc3c6c,0.5206599235534668,topic_2,True
154,43,26c15497-867c-47e8-93ec-5595823a72bf,0.5174322128295898,topic_2,True
154,43,56e92d66-ea1b-4f2b-8ebb-21e9c1300ca4,0.5174322128295898,topic_2,True
154,43,6c372dbb-24da-4849-8193-316990d50ef3,0.5174322128295898,topic_2,True
154,43,6d371be9-6291-4691-ae7a-eaede59746de,0.5174322128295898,topic_2,True
154,43,919f56d4-1729-43af-8322-e1477b86d6c5,0.5174322128295898,topic_2,True
154,43,b8497394-fb62-45b1-8984-6b4efe477636,0.5174322128295898,topic_2,True
154,43,bbf01234-6ced-4e3e-a097-db83ada51a61,0.5174322128295898,topic_2,True
154,43,e14793b8-7532-4ba5-b9a3-d19ee2cb21b3,0.5174322128295898,topic_2,True
154,43,fbeda479-a20d-43b0-a541-0d5f496f8c02,0.5174322128295898,topic_2,True
155,35,134bae78-7167-451e-afad-02b78c8da8ca,0.8686729669570923,topic_2,True
155,35,30d170b1-7064-4746-a63a-19d9572302e4,0.8686729669570923,topic_2,True
155,35,83f19bd6-80ca-4441-a881-d2004183801b,0.8686729669570923,topic_2,True
155,35,a04243c7-d94e-474a-9d1d-5638006c00ed,0.8686729669570923,topic_2,True
155,35,b791b973-6da4-41ef-a269-b816891d6bb1,0.8686729669570923,topic_2,True
155,35,c765ef3b-e306-481d-a9d9-c4b51cabd483,0.8686729669570923,topic_2,True
155,35,d3a92ab7-7e9b-477c-81e7-8633e3d60814,0.8686729669570923,topic_2,True
155,35,dafbf493-fce5-4ff2-ac2a-86155d8a0fda,0.8686729669570923,topic_2,True
155,35,078d0e9f-afea-4d8c-a9ec-4b2cf9cff354,0.5548982620239258,topic_2,True
155,35,1879f75f-58ac-4e30-8394-c044b73d32e5,0.5548982620239258,topic_2,True
155,35,22236c00-4b51-4313-a985-7cf1e537969f,0.5548982620239258,topic_2,True
155,35,355072c6-35df-49d5-9bf7-e8f169b0e086,0.5548982620239258,topic_2,True
155,35,6c5bcd57-8b0a-4adb-ab0d-f3a64a778d5d,0.5548982620239258,topic_2,True
155,35,86d671c2-2ec3-44c7-8a65-1f2946a85d47,0.5548982620239258,topic_2,True
155,35,b7796aab-652a-456e-b287-f46ed9b79f3a,0.5548982620239258,topic_2,True
155,35,ca772484-2412-4fdd-9a68-b726c4e2c143,0.5548982620239258,topic_2,True
155,35,db868b3d-342c-4d03-9a79-64b27837b5e4,0.5548982620239258,topic_2,True
155,35,26c15497-867c-47e8-93ec-5595823a72bf,0.536957323551178,topic_2,True
155,35,56e92d66-ea1b-4f2b-8ebb-21e9c1300ca4,0.536957323551178,topic_2,True
155,35,6c372dbb-24da-4849-8193-316990d50ef3,0.536957323551178,topic_2,True
155,35,6d371be9-6291-4691-ae7a-eaede59746de,0.536957323551178,topic_2,True
155,35,919f56d4-1729-43af-8322-e1477b86d6c5,0.536957323551178,topic_2,True
155,35,b8497394-fb62-45b1-8984-6b4efe477636,0.536957323551178,topic_2,True
155,35,bbf01234-6ced-4e3e-a097-db83ada51a61,0.536957323551178,topic_2,True
155,35,e14793b8-7532-4ba5-b9a3-d19ee2cb21b3,0.536957323551178,topic_2,True
155,35,fbeda479-a20d-43b0-a541-0d5f496f8c02,0.536957323551178,topic_2,True
155,35,0972b605-8947-410f-bbe4-d0aec0bf97a0,0.5355179905891418,topic_2,True
155,35,363ca5cf-4c83-432e-9453-3c796a805dba,0.5355179905891418,topic_2,True
155,35,3d8a2635-a47b-4b1c-9cc5-730423e07e65,0.5355179905891418,topic_2,True
155,35,620349aa-de94-45c7-bea3-08ca78d848b7,0.5355179905891418,topic_2,True
155,35,869c5d2d-f919-41c0-8f97-bae23f58308b,0.5355179905891418,topic_2,True
155,35,94c44e21-2973-4a41-919d-43aa6841e0b8,0.5355179905891418,topic_2,True
155,35,bc50c81e-afec-40e2-b022-fd9739290eb8,0.5355179905891418,topic_2,True
155,35,dd330cbb-60bc-462f-8b2b-2af5e0018ef8,0.5355179905891418,topic_2,True
155,35,f7c061d5-3cbc-47b6-86c5-f9b899fc3c6c,0.5355179905891418,topic_2,True
156,36,078d0e9f-afea-4d8c-a9ec-4b2cf9cff354,0.8782250881195068,topic_2,True
156,36,1879f75f-58ac-4e30-8394-c044b73d32e5,0.8782250881195068,topic_2,True
156,36,22236c00-4b51-4313-a985-7cf1e537969f,0.8782250881195068,topic_2,True
156,36,355072c6-35df-49d5-9bf7-e8f169b0e086,0.8782250881195068,topic_2,True
156,36,6c5bcd57-8b0a-4adb-ab0d-f3a64a778d5d,0.8782250881195068,topic_2,True
156,36,86d671c2-2ec3-44c7-8a65-1f2946a85d47,0.8782250881195068,topic_2,True
156,36,b7796aab-652a-456e-b287-f46ed9b79f3a,0.8782250881195068,topic_2,True
156,36,ca772484-2412-4fdd-9a68-b726c4e2c143,0.8782250881195068,topic_2,True
156,36,db868b3d-342c-4d03-9a79-64b27837b5e4,0.8782250881195068,topic_2,True
156,36,26c15497-867c-47e8-93ec-5595823a72bf,0.6453519463539124,topic_2,True
156,36,56e92d66-ea1b-4f2b-8ebb-21e9c1300ca4,0.6453519463539124,topic_2,True
156,36,6c372dbb-24da-4849-8193-316990d50ef3,0.6453519463539124,topic_2,True
156,36,6d371be9-6291-4691-ae7a-eaede59746de,0.6453519463539124,topic_2,True
156,36,919f56d4-1729-43af-8322-e1477b86d6c5,0.6453519463539124,topic_2,True
156,36,b8497394-fb62-45b1-8984-6b4efe477636,0.6453519463539124,topic_2,True
156,36,bbf01234-6ced-4e3e-a097-db83ada51a61,0.6453519463539124,topic_2,True
156,36,e14793b8-7532-4ba5-b9a3-d19ee2cb21b3,0.6453519463539124,topic_2,True
156,36,fbeda479-a20d-43b0-a541-0d5f496f8c02,0.6453519463539124,topic_2,True
156,36,0972b605-8947-410f-bbe4-d0aec0bf97a0,0.5870772004127502,topic_2,True
156,36,363ca5cf-4c83-432e-9453-3c796a805dba,0.5870772004127502,topic_2,True
156,36,3d8a2635-a47b-4b1c-9cc5-730423e07e65,0.5870772004127502,topic_2,True
156,36,620349aa-de94-45c7-bea3-08ca78d848b7,0.5870772004127502,topic_2,True
156,36,869c5d2d-f919-41c0-8f97-bae23f58308b,0.5870772004127502,topic_2,True
156,36,94c44e21-2973-4a41-919d-43aa6841e0b8,0.5870772004127502,topic_2,True
156,36,bc50c81e-afec-40e2-b022-fd9739290eb8,0.5870772004127502,topic_2,True
156,36,dd330cbb-60bc-462f-8b2b-2af5e0018ef8,0.5870772004127502,topic_2,True
156,36,f7c061d5-3cbc-47b6-86c5-f9b899fc3c6c,0.5870772004127502,topic_2,True
156,36,134bae78-7167-451e-afad-02b78c8da8ca,0.5510380268096924,topic_2,True
156,36,30d170b1-7064-4746-a63a-19d9572302e4,0.5510380268096924,topic_2,True
156,36,83f19bd6-80ca-4441-a881-d2004183801b,0.5510380268096924,topic_2,True
156,36,a04243c7-d94e-474a-9d1d-5638006c00ed,0.5510380268096924,topic_2,True
156,36,b791b973-6da4-41ef-a269-b816891d6bb1,0.5510380268096924,topic_2,True
156,36,c765ef3b-e306-481d-a9d9-c4b51cabd483,0.5510380268096924,topic_2,True
156,36,d3a92ab7-7e9b-477c-81e7-8633e3d60814,0.5510380268096924,topic_2,True
156,36,dafbf493-fce5-4ff2-ac2a-86155d8a0fda,0.5510380268096924,topic_2,True
157,2,f9ec5e51-bc06-4de6-b40a-0ace8f9f72c2,0.6396136283874512,topic_3,True
157,2,cee3e923-5024-4766-b938-623e2b140d4b,0.5494903922080994,topic_3,True
158,44,1fe1c897-c028-4b10-b5a6-651e2383566d,0.9045434594154358,topic_2,True
158,44,245ede3c-39e2-44af-8de2-86dffd0ab5dd,0.9045434594154358,topic_2,True
158,44,3019b128-926b-4d22-a66a-10d2768cf952,0.9045434594154358,topic_2,True
158,44,6e395e19-1736-4cc7-a1f6-cc4c8cc861f4,0.9045434594154358,topic_2,True
158,44,af9507d7-9513-40af-8985-7a14c802dd06,0.9045434594154358,topic_2,True
158,44,cacd0527-b32b-4f01-856c-c58a677a202e,0.9045434594154358,topic_2,True
158,44,d226615a-4a1c-4d70-af18-6253612f95f2,0.9045434594154358,topic_2,True
158,44,d9a788c5-317a-4545-9184-c4acaa54f6b9,0.9045434594154358,topic_2,True
158,44,e9d472d3-0248-4bdc-9368-d98c4b7fe1d5,0.9045434594154358,topic_2,True
158,44,190dad49-265d-4ca9-b319-59df31243126,0.5641753077507019,topic_2,True
158,44,3586b3d9-8cd0-425c-bfa4-12ede5ea224a,0.5641753077507019,topic_2,True
158,44,4a830eaf-f575-4ea4-af48-92b85718092c,0.5641753077507019,topic_2,True
158,44,4ddce2f4-2e7c-40ce-a358-ced95c9942cc,0.5641753077507019,topic_2,True
158,44,755481fd-b0ab-4de1-8832-7a29a42af347,0.5641753077507019,topic_2,True
158,44,88f6e161-d522-4c46-bb57-17edf3ea149d,0.5641753077507019,topic_2,True
158,44,91f97e0f-c81f-415a-84d5-370c932bd526,0.5641753077507019,topic_2,True
158,44,a592b98a-452e-4389-b1fb-01ace97420f7,0.5641753077507019,topic_2,True
158,44,c83d9bce-ab60-4452-b79a-ccd638d43ee6,0.5641753077507019,topic_2,True
158,44,2b8fbba4-7cd0-4572-ac24-33140a34b18a,0.5510950684547424,topic_2,True
158,44,31e14c3d-daa7-4837-b78a-7fb4ffb057a2,0.5510950684547424,topic_2,True
158,44,7e3c6771-57fe-431f-9369-c217f11e15c2,0.5510950684547424,topic_2,True
158,44,8ad97832-a2d1-45f0-88b6-a8dd64480c89,0.5510950684547424,topic_2,True
158,44,8c26928e-e3eb-4dd3-90be-d5b12363ac77,0.5510950684547424,topic_2,True
158,44,939d8fe1-dee2-4943-bc52-15e4184567e3,0.5510950684547424,topic_2,True
158,44,b3ca921c-c677-48fc-ae56-e0bee510c7cb,0.5510950684547424,topic_2,True
158,44,c95ea662-f133-4aa2-935b-c5d5e70d9a92,0.5510950684547424,topic_2,True
158,44,0972b605-8947-410f-bbe4-d0aec0bf97a0,0.5486348867416382,topic_2,True
158,44,363ca5cf-4c83-432e-9453-3c796a805dba,0.5486348867416382,topic_2,True
158,44,3d8a2635-a47b-4b1c-9cc5-730423e07e65,0.5486348867416382,topic_2,True
158,44,620349aa-de94-45c7-bea3-08ca78d848b7,0.5486348867416382,topic_2,True
158,44,869c5d2d-f919-41c0-8f97-bae23f58308b,0.5486348867416382,topic_2,True
158,44,94c44e21-2973-4a41-919d-43aa6841e0b8,0.5486348867416382,topic_2,True
158,44,bc50c81e-afec-40e2-b022-fd9739290eb8,0.5486348867416382,topic_2,True
158,44,dd330cbb-60bc-462f-8b2b-2af5e0018ef8,0.5486348867416382,topic_2,True
158,44,f7c061d5-3cbc-47b6-86c5-f9b899fc3c6c,0.5486348867416382,topic_2,True
158,44,26c15497-867c-47e8-93ec-5595823a72bf,0.5288690328598022,topic_2,True
158,44,56e92d66-ea1b-4f2b-8ebb-21e9c1300ca4,0.5288690328598022,topic_2,True
158,44,6c372dbb-24da-4849-8193-316990d50ef3,0.5288690328598022,topic_2,True
158,44,6d371be9-6291-4691-ae7a-eaede59746de,0.5288690328598022,topic_2,True
158,44,919f56d4-1729-43af-8322-e1477b86d6c5,0.5288690328598022,topic_2,True
158,44,b8497394-fb62-45b1-8984-6b4efe477636,0.5288690328598022,topic_2,True
158,44,bbf01234-6ced-4e3e-a097-db83ada51a61,0.5288690328598022,topic_2,True
158,44,e14793b8-7532-4ba5-b9a3-d19ee2cb21b3,0.5288690328598022,topic_2,True
158,44,fbeda479-a20d-43b0-a541-0d5f496f8c02,0.5288690328598022,topic_2,True
159,58,0972b605-8947-410f-bbe4-d0aec0bf97a0,0.9085501432418823,topic_2,True
159,58,363ca5cf-4c83-432e-9453-3c796a805dba,0.9085501432418823,topic_2,True
159,58,3d8a2635-a47b-4b1c-9cc5-730423e07e65,0.9085501432418823,topic_2,True
159,58,620349aa-de94-45c7-bea3-08ca78d848b7,0.9085501432418823,topic_2,True
159,58,869c5d2d-f919-41c0-8f97-bae23f58308b,0.9085501432418823,topic_2,True
159,58,94c44e21-2973-4a41-919d-43aa6841e0b8,0.9085501432418823,topic_2,True
159,58,bc50c81e-afec-40e2-b022-fd9739290eb8,0.9085501432418823,topic_2,True
159,58,dd330cbb-60bc-462f-8b2b-2af5e0018ef8,0.9085501432418823,topic_2,True
159,58,f7c061d5-3cbc-47b6-86c5-f9b899fc3c6c,0.9085501432418823,topic_2,True
159,58,012e10e2-0da9-4b96-9678-d473f14e34ab,0.6350393295288086,topic_2,True
159,58,0e3547d9-8a0c-4125-a56f-bef69f65d994,0.6350393295288086,topic_2,True
159,58,2df0b5c0-6614-4581-b95b-25a0facd11c3,0.6350393295288086,topic_2,True
159,58,51d28a25-239c-4048-891c-9b68f03c1a6a,0.6350393295288086,topic_2,True
159,58,b1c92968-f766-420f-9f2a-b35789a2dccc,0.6350393295288086,topic_2,True
159,58,dc2b3638-3376-4382-8782-20ca023e8554,0.6350393295288086,topic_2,True
159,58,e3a4e850-c28e-47f7-be91-fb23ce2255aa,0.6350393295288086,topic_2,True
159,58,f184814c-0a82-401f-95c3-2db50d68e267,0.6350393295288086,topic_2,True
159,58,f22180e9-0fa4-4fb2-8fca-1282f28e8654,0.6350393295288086,topic_2,True
159,58,078d0e9f-afea-4d8c-a9ec-4b2cf9cff354,0.559798538684845,topic_2,True
159,58,1879f75f-58ac-4e30-8394-c044b73d32e5,0.559798538684845,topic_2,True
159,58,22236c00-4b51-4313-a985-7cf1e537969f,0.559798538684845,topic_2,True
159,58,355072c6-35df-49d5-9bf7-e8f169b0e086,0.559798538684845,topic_2,True
159,58,6c5bcd57-8b0a-4adb-ab0d-f3a64a778d5d,0.559798538684845,topic_2,True
159,58,86d671c2-2ec3-44c7-8a65-1f2946a85d47,0.559798538684845,topic_2,True
159,58,b7796aab-652a-456e-b287-f46ed9b79f3a,0.559798538684845,topic_2,True
159,58,ca772484-2412-4fdd-9a68-b726c4e2c143,0.559798538684845,topic_2,True
159,58,db868b3d-342c-4d03-9a79-64b27837b5e4,0.559798538684845,topic_2,True
159,58,f288bf66-fa18-4734-bb81-e0da8ef867ae,0.559798538684845,topic_2,True
159,58,26c15497-867c-47e8-93ec-5595823a72bf,0.5529343485832214,topic_2,True
159,58,56e92d66-ea1b-4f2b-8ebb-21e9c1300ca4,0.5529343485832214,topic_2,True
159,58,6c372dbb-24da-4849-8193-316990d50ef3,0.5529343485832214,topic_2,True
159,58,6d371be9-6291-4691-ae7a-eaede59746de,0.5529343485832214,topic_2,True
159,58,919f56d4-1729-43af-8322-e1477b86d6c5,0.5529343485832214,topic_2,True
159,58,b8497394-fb62-45b1-8984-6b4efe477636,0.5529343485832214,topic_2,True
159,58,bbf01234-6ced-4e3e-a097-db83ada51a61,0.5529343485832214,topic_2,True
159,58,e14793b8-7532-4ba5-b9a3-d19ee2cb21b3,0.5529343485832214,topic_2,True
159,58,fbeda479-a20d-43b0-a541-0d5f496f8c02,0.5529343485832214,topic_2,True
159,58,f9ec5e51-bc06-4de6-b40a-0ace8f9f72c2,0.5286071300506592,topic_3,True
159,58,1fe1c897-c028-4b10-b5a6-651e2383566d,0.5213491916656494,topic_2,True
159,58,245ede3c-39e2-44af-8de2-86dffd0ab5dd,0.5213491916656494,topic_2,True
159,58,3019b128-926b-4d22-a66a-10d2768cf952,0.5213491916656494,topic_2,True
159,58,6e395e19-1736-4cc7-a1f6-cc4c8cc861f4,0.5213491916656494,topic_2,True
159,58,af9507d7-9513-40af-8985-7a14c802dd06,0.5213491916656494,topic_2,True
159,58,cacd0527-b32b-4f01-856c-c58a677a202e,0.5213491916656494,topic_2,True
159,58,d226615a-4a1c-4d70-af18-6253612f95f2,0.5213491916656494,topic_2,True
159,58,d9a788c5-317a-4545-9184-c4acaa54f6b9,0.5213491916656494,topic_2,True
159,58,e9d472d3-0248-4bdc-9368-d98c4b7fe1d5,0.5213491916656494,topic_2,True
159,58,11881ce6-9779-4948-abc7-48ec00d23fca,0.5007662773132324,topic_2,True
159,58,3ada1724-89b3-4190-83d0-8b2217b7aa5a,0.5007662773132324,topic_2,True
159,58,732083b3-b561-48c0-b999-f7a6b164a08f,0.5007662773132324,topic_2,True
159,58,76bce893-5b05-4244-a6d8-f51a7d58f8f7,0.5007662773132324,topic_2,True
159,58,90786c9b-461d-4e4d-977f-ed0764206480,0.5007662773132324,topic_2,True
159,58,d1805529-6794-4f82-9eb4-2b3a9a4dfdef,0.5007662773132324,topic_2,True
159,58,dfef75de-8fb7-4f1d-acc3-38a52b773932,0.5007662773132324,topic_2,True
159,58,ea12cbd0-266d-47ee-9426-18e6b56939b5,0.5007662773132324,topic_2,True
159,58,f9e10c27-fc2c-40af-9439-75cab4613420,0.5007662773132324,topic_2,True
160,47,26c15497-867c-47e8-93ec-5595823a72bf,0.9063560366630554,topic_2,True
160,47,56e92d66-ea1b-4f2b-8ebb-21e9c1300ca4,0.9063560366630554,topic_2,True
160,47,6c372dbb-24da-4849-8193-316990d50ef3,0.9063560366630554,topic_2,True
160,47,6d371be9-6291-4691-ae7a-eaede59746de,0.9063560366630554,topic_2,True
160,47,919f56d4-1729-43af-8322-e1477b86d6c5,0.9063560366630554,topic_2,True
160,47,b8497394-fb62-45b1-8984-6b4efe477636,0.9063560366630554,topic_2,True
160,47,bbf01234-6ced-4e3e-a097-db83ada51a61,0.9063560366630554,topic_2,True
160,47,e14793b8-7532-4ba5-b9a3-d19ee2cb21b3,0.9063560366630554,topic_2,True
160,47,fbeda479-a20d-43b0-a541-0d5f496f8c02,0.9063560366630554,topic_2,True
160,47,078d0e9f-afea-4d8c-a9ec-4b2cf9cff354,0.6108070611953735,topic_2,True
160,47,1879f75f-58ac-4e30-8394-c044b73d32e5,0.6108070611953735,topic_2,True
160,47,22236c00-4b51-4313-a985-7cf1e537969f,0.6108070611953735,topic_2,True
160,47,355072c6-35df-49d5-9bf7-e8f169b0e086,0.6108070611953735,topic_2,True
160,47,6c5bcd57-8b0a-4adb-ab0d-f3a64a778d5d,0.6108070611953735,topic_2,True
160,47,86d671c2-2ec3-44c7-8a65-1f2946a85d47,0.6108070611953735,topic_2,True
160,47,b7796aab-652a-456e-b287-f46ed9b79f3a,0.6108070611953735,topic_2,True
160,47,ca772484-2412-4fdd-9a68-b726c4e2c143,0.6108070611953735,topic_2,True
160,47,db868b3d-342c-4d03-9a79-64b27837b5e4,0.6108070611953735,topic_2,True
160,47,f288bf66-fa18-4734-bb81-e0da8ef867ae,0.6108070611953735,topic_2,True
160,47,0972b605-8947-410f-bbe4-d0aec0bf97a0,0.571755051612854,topic_2,True
160,47,363ca5cf-4c83-432e-9453-3c796a805dba,0.571755051612854,topic_2,True
160,47,3d8a2635-a47b-4b1c-9cc5-730423e07e65,0.571755051612854,topic_2,True
160,47,620349aa-de94-45c7-bea3-08ca78d848b7,0.571755051612854,topic_2,True
160,47,869c5d2d-f919-41c0-8f97-bae23f58308b,0.571755051612854,topic_2,True
160,47,94c44e21-2973-4a41-919d-43aa6841e0b8,0.571755051612854,topic_2,True
160,47,bc50c81e-afec-40e2-b022-fd9739290eb8,0.571755051612854,topic_2,True
160,47,dd330cbb-60bc-462f-8b2b-2af5e0018ef8,0.571755051612854,topic_2,True
160,47,f7c061d5-3cbc-47b6-86c5-f9b899fc3c6c,0.571755051612854,topic_2,True
160,47,134bae78-7167-451e-afad-02b78c8da8ca,0.5150877833366394,topic_2,True
160,47,30d170b1-7064-4746-a63a-19d9572302e4,0.5150877833366394,topic_2,True
160,47,83f19bd6-80ca-4441-a881-d2004183801b,0.5150877833366394,topic_2,True
160,47,a04243c7-d94e-474a-9d1d-5638006c00ed,0.5150877833366394,topic_2,True
160,47,b791b973-6da4-41ef-a269-b816891d6bb1,0.5150877833366394,topic_2,True
160,47,c765ef3b-e306-481d-a9d9-c4b51cabd483,0.5150877833366394,topic_2,True
160,47,d3a92ab7-7e9b-477c-81e7-8633e3d60814,0.5150877833366394,topic_2,True
160,47,dafbf493-fce5-4ff2-ac2a-86155d8a0fda,0.5150877833366394,topic_2,True
160,47,dd86d365-40e0-4ec5-aab4-90c12c920c53,0.5150877833366394,topic_2,True
160,47,190dad49-265d-4ca9-b319-59df31243126,0.5058408975601196,topic_2,True
160,47,3586b3d9-8cd0-425c-bfa4-12ede5ea224a,0.5058408975601196,topic_2,True
160,47,4a830eaf-f575-4ea4-af48-92b85718092c,0.5058408975601196,topic_2,True
160,47,4ddce2f4-2e7c-40ce-a358-ced95c9942cc,0.5058408975601196,topic_2,True
160,47,755481fd-b0ab-4de1-8832-7a29a42af347,0.5058408975601196,topic_2,True
160,47,88f6e161-d522-4c46-bb57-17edf3ea149d,0.5058408975601196,topic_2,True
160,47,91f97e0f-c81f-415a-84d5-370c932bd526,0.5058408975601196,topic_2,True
160,47,a592b98a-452e-4389-b1fb-01ace97420f7,0.5058408975601196,topic_2,True
160,47,c83d9bce-ab60-4452-b79a-ccd638d43ee6,0.5058408975601196,topic_2,True
161,19,11881ce6-9779-4948-abc7-48ec00d23fca,0.8924493193626404,topic_2,True
161,19,3ada1724-89b3-4190-83d0-8b2217b7aa5a,0.8924493193626404,topic_2,True
161,19,732083b3-b561-48c0-b999-f7a6b164a08f,0.8924493193626404,topic_2,True
161,19,76bce893-5b05-4244-a6d8-f51a7d58f8f7,0.8924493193626404,topic_2,True
161,19,90786c9b-461d-4e4d-977f-ed0764206480,0.8924493193626404,topic_2,True
161,19,d1805529-6794-4f82-9eb4-2b3a9a4dfdef,0.8924493193626404,topic_2,True
161,19,dfef75de-8fb7-4f1d-acc3-38a52b773932,0.8924493193626404,topic_2,True
161,19,ea12cbd0-266d-47ee-9426-18e6b56939b5,0.8924493193626404,topic_2,True
161,19,f9e10c27-fc2c-40af-9439-75cab4613420,0.8924493193626404,topic_2,True
161,19,0972b605-8947-410f-bbe4-d0aec0bf97a0,0.5179146528244019,topic_2,True
161,19,2b27675e-7ca7-4534-9271-db0fba0f931f,0.5179146528244019,topic_2,True
161,19,363ca5cf-4c83-432e-9453-3c796a805dba,0.5179146528244019,topic_2,True
161,19,3d8a2635-a47b-4b1c-9cc5-730423e07e65,0.5179146528244019,topic_2,True
161,19,620349aa-de94-45c7-bea3-08ca78d848b7,0.5179146528244019,topic_2,True
161,19,869c5d2d-f919-41c0-8f97-bae23f58308b,0.5179146528244019,topic_2,True
161,19,94c44e21-2973-4a41-919d-43aa6841e0b8,0.5179146528244019,topic_2,True
161,19,bc50c81e-afec-40e2-b022-fd9739290eb8,0.5179146528244019,topic_2,True
161,19,dd330cbb-60bc-462f-8b2b-2af5e0018ef8,0.5179146528244019,topic_2,True
161,19,f7c061d5-3cbc-47b6-86c5-f9b899fc3c6c,0.5179146528244019,topic_2,True
162,47,2b8fbba4-7cd0-4572-ac24-33140a34b18a,0.890346109867096,topic_2,True
162,47,31e14c3d-daa7-4837-b78a-7fb4ffb057a2,0.890346109867096,topic_2,True
162,47,7e3c6771-57fe-431f-9369-c217f11e15c2,0.890346109867096,topic_2,True
162,47,8ad97832-a2d1-45f0-88b6-a8dd64480c89,0.890346109867096,topic_2,True
162,47,8c26928e-e3eb-4dd3-90be-d5b12363ac77,0.890346109867096,topic_2,True
162,47,939d8fe1-dee2-4943-bc52-15e4184567e3,0.890346109867096,topic_2,True
162,47,b3ca921c-c677-48fc-ae56-e0bee510c7cb,0.890346109867096,topic_2,True
162,47,c95ea662-f133-4aa2-935b-c5d5e70d9a92,0.890346109867096,topic_2,True
162,47,1fe1c897-c028-4b10-b5a6-651e2383566d,0.5835834741592407,topic_2,True
162,47,245ede3c-39e2-44af-8de2-86dffd0ab5dd,0.5835834741592407,topic_2,True
162,47,3019b128-926b-4d22-a66a-10d2768cf952,0.5835834741592407,topic_2,True
162,47,6d5be118-cdb0-4c55-97c1-3e53da49a4de,0.5835834741592407,topic_2,True
162,47,6e395e19-1736-4cc7-a1f6-cc4c8cc861f4,0.5835834741592407,topic_2,True
162,47,af9507d7-9513-40af-8985-7a14c802dd06,0.5835834741592407,topic_2,True
162,47,cacd0527-b32b-4f01-856c-c58a677a202e,0.5835834741592407,topic_2,True
162,47,d226615a-4a1c-4d70-af18-6253612f95f2,0.5835834741592407,topic_2,True
162,47,d9a788c5-317a-4545-9184-c4acaa54f6b9,0.5835834741592407,topic_2,True
162,47,e9d472d3-0248-4bdc-9368-d98c4b7fe1d5,0.5835834741592407,topic_2,True
162,47,2f180e2f-9208-44ea-8ba2-2a4b2b57e0f1,0.5549933314323425,topic_2,True
162,47,461ca34a-8299-40ed-93aa-6fec635580a6,0.5549933314323425,topic_2,True
162,47,64a40544-da83-4141-8f49-0f700719d520,0.5549933314323425,topic_2,True
162,47,af2be6aa-378f-4aca-b542-bba94f7f84d4,0.5549933314323425,topic_2,True
162,47,b0680986-d9bd-42cb-b6de-f75146f1fe33,0.5549933314323425,topic_2,True
162,47,b153ca39-3aa7-4a3c-88f6-3ba8434bae42,0.5549933314323425,topic_2,True
162,47,b2a083e9-f284-46b0-8812-deea53b56145,0.5549933314323425,topic_2,True
162,47,d7a540ee-540f-48c5-b8a0-fd7efab16139,0.5549933314323425,topic_2,True
162,47,0972b605-8947-410f-bbe4-d0aec0bf97a0,0.5206599235534668,topic_2,True
162,47,2b27675e-7ca7-4534-9271-db0fba0f931f,0.5206599235534668,topic_2,True
162,47,363ca5cf-4c83-432e-9453-3c796a805dba,0.5206599235534668,topic_2,True
162,47,3d8a2635-a47b-4b1c-9cc5-730423e07e65,0.5206599235534668,topic_2,True
162,47,620349aa-de94-45c7-bea3-08ca78d848b7,0.5206599235534668,topic_2,True
162,47,869c5d2d-f919-41c0-8f97-bae23f58308b,0.5206599235534668,topic_2,True
162,47,94c44e21-2973-4a41-919d-43aa6841e0b8,0.5206599235534668,topic_2,True
162,47,bc50c81e-afec-40e2-b022-fd9739290eb8,0.5206599235534668,topic_2,True
162,47,dd330cbb-60bc-462f-8b2b-2af5e0018ef8,0.5206599235534668,topic_2,True
162,47,f7c061d5-3cbc-47b6-86c5-f9b899fc3c6c,0.5206599235534668,topic_2,True
162,47,0d2d7329-5a56-4cf4-9725-e321651b8f15,0.5174322128295898,topic_2,True
162,47,26c15497-867c-47e8-93ec-5595823a72bf,0.5174322128295898,topic_2,True
162,47,56e92d66-ea1b-4f2b-8ebb-21e9c1300ca4,0.5174322128295898,topic_2,True
162,47,6c372dbb-24da-4849-8193-316990d50ef3,0.5174322128295898,topic_2,True
162,47,6d371be9-6291-4691-ae7a-eaede59746de,0.5174322128295898,topic_2,True
162,47,919f56d4-1729-43af-8322-e1477b86d6c5,0.5174322128295898,topic_2,True
162,47,b8497394-fb62-45b1-8984-6b4efe477636,0.5174322128295898,topic_2,True
162,47,bbf01234-6ced-4e3e-a097-db83ada51a61,0.5174322128295898,topic_2,True
162,47,e14793b8-7532-4ba5-b9a3-d19ee2cb21b3,0.5174322128295898,topic_2,True
162,47,fbeda479-a20d-43b0-a541-0d5f496f8c02,0.5174322128295898,topic_2,True
163,39,134bae78-7167-451e-afad-02b78c8da8ca,0.8686729669570923,topic_2,True
163,39,30d170b1-7064-4746-a63a-19d9572302e4,0.8686729669570923,topic_2,True
163,39,83f19bd6-80ca-4441-a881-d2004183801b,0.8686729669570923,topic_2,True
163,39,a04243c7-d94e-474a-9d1d-5638006c00ed,0.8686729669570923,topic_2,True
163,39,b791b973-6da4-41ef-a269-b816891d6bb1,0.8686729669570923,topic_2,True
163,39,c765ef3b-e306-481d-a9d9-c4b51cabd483,0.8686729669570923,topic_2,True
163,39,d3a92ab7-7e9b-477c-81e7-8633e3d60814,0.8686729669570923,topic_2,True
163,39,dafbf493-fce5-4ff2-ac2a-86155d8a0fda,0.8686729669570923,topic_2,True
163,39,dd86d365-40e0-4ec5-aab4-90c12c920c53,0.8686729669570923,topic_2,True
163,39,078d0e9f-afea-4d8c-a9ec-4b2cf9cff354,0.5548982620239258,topic_2,True
163,39,1879f75f-58ac-4e30-8394-c044b73d32e5,0.5548982620239258,topic_2,True
163,39,22236c00-4b51-4313-a985-7cf1e537969f,0.5548982620239258,topic_2,True
163,39,355072c6-35df-49d5-9bf7-e8f169b0e086,0.5548982620239258,topic_2,True
163,39,6c5bcd57-8b0a-4adb-ab0d-f3a64a778d5d,0.5548982620239258,topic_2,True
163,39,86d671c2-2ec3-44c7-8a65-1f2946a85d47,0.5548982620239258,topic_2,True
163,39,b7796aab-652a-456e-b287-f46ed9b79f3a,0.5548982620239258,topic_2,True
163,39,ca772484-2412-4fdd-9a68-b726c4e2c143,0.5548982620239258,topic_2,True
163,39,db868b3d-342c-4d03-9a79-64b27837b5e4,0.5548982620239258,topic_2,True
163,39,f288bf66-fa18-4734-bb81-e0da8ef867ae,0.5548982620239258,topic_2,True
163,39,0d2d7329-5a56-4cf4-9725-e321651b8f15,0.536957323551178,topic_2,True
163,39,26c15497-867c-47e8-93ec-5595823a72bf,0.536957323551178,topic_2,True
163,39,56e92d66-ea1b-4f2b-8ebb-21e9c1300ca4,0.536957323551178,topic_2,True
163,39,6c372dbb-24da-4849-8193-316990d50ef3,0.536957323551178,topic_2,True
163,39,6d371be9-6291-4691-ae7a-eaede59746de,0.536957323551178,topic_2,True
163,39,919f56d4-1729-43af-8322-e1477b86d6c5,0.536957323551178,topic_2,True
163,39,b8497394-fb62-45b1-8984-6b4efe477636,0.536957323551178,topic_2,True
163,39,bbf01234-6ced-4e3e-a097-db83ada51a61,0.536957323551178,topic_2,True
163,39,e14793b8-7532-4ba5-b9a3-d19ee2cb21b3,0.536957323551178,topic_2,True
163,39,fbeda479-a20d-43b0-a541-0d5f496f8c02,0.536957323551178,topic_2,True
163,39,0972b605-8947-410f-bbe4-d0aec0bf97a0,0.5355179905891418,topic_2,True
163,39,2b27675e-7ca7-4534-9271-db0fba0f931f,0.5355179905891418,topic_2,True
163,39,363ca5cf-4c83-432e-9453-3c796a805dba,0.5355179905891418,topic_2,True
163,39,3d8a2635-a47b-4b1c-9cc5-730423e07e65,0.5355179905891418,topic_2,True
163,39,620349aa-de94-45c7-bea3-08ca78d848b7,0.5355179905891418,topic_2,True
163,39,869c5d2d-f919-41c0-8f97-bae23f58308b,0.5355179905891418,topic_2,True
163,39,94c44e21-2973-4a41-919d-43aa6841e0b8,0.5355179905891418,topic_2,True
163,39,bc50c81e-afec-40e2-b022-fd9739290eb8,0.5355179905891418,topic_2,True
163,39,dd330cbb-60bc-462f-8b2b-2af5e0018ef8,0.5355179905891418,topic_2,True
163,39,f7c061d5-3cbc-47b6-86c5-f9b899fc3c6c,0.5355179905891418,topic_2,True
165,10,078d0e9f-afea-4d8c-a9ec-4b2cf9cff354,0.5033813714981079,topic_2,True
165,10,1879f75f-58ac-4e30-8394-c044b73d32e5,0.5033813714981079,topic_2,True
165,10,22236c00-4b51-4313-a985-7cf1e537969f,0.5033813714981079,topic_2,True
165,10,355072c6-35df-49d5-9bf7-e8f169b0e086,0.5033813714981079,topic_2,True
165,10,6c5bcd57-8b0a-4adb-ab0d-f3a64a778d5d,0.5033813714981079,topic_2,True
165,10,86d671c2-2ec3-44c7-8a65-1f2946a85d47,0.5033813714981079,topic_2,True
165,10,b7796aab-652a-456e-b287-f46ed9b79f3a,0.5033813714981079,topic_2,True
165,10,ca772484-2412-4fdd-9a68-b726c4e2c143,0.5033813714981079,topic_2,True
165,10,db868b3d-342c-4d03-9a79-64b27837b5e4,0.5033813714981079,topic_2,True
165,10,f288bf66-fa18-4734-bb81-e0da8ef867ae,0.5033813714981079,topic_2,True
166,15,190dad49-265d-4ca9-b319-59df31243126,0.56034916639328,topic_2,True
166,15,3586b3d9-8cd0-425c-bfa4-12ede5ea224a,0.56034916639328,topic_2,True
166,15,4a830eaf-f575-4ea4-af48-92b85718092c,0.56034916639328,topic_2,True
166,15,4ddce2f4-2e7c-40ce-a358-ced95c9942cc,0.56034916639328,topic_2,True
166,15,755481fd-b0ab-4de1-8832-7a29a42af347,0.56034916639328,topic_2,True
166,15,88f6e161-d522-4c46-bb57-17edf3ea149d,0.56034916639328,topic_2,True
166,15,91f97e0f-c81f-415a-84d5-370c932bd526,0.56034916639328,topic_2,True
166,15,a592b98a-452e-4389-b1fb-01ace97420f7,0.56034916639328,topic_2,True
166,15,c83d9bce-ab60-4452-b79a-ccd638d43ee6,0.56034916639328,topic_2,True
166,15,4479ff71-3228-4f83-8bd6-067897312039,0.5027939677238464,topic_2,True
166,15,4b20c2c1-a8b0-4652-afab-c7dff3741d8f,0.5027939677238464,topic_2,True
166,15,5b52c0b8-cbfc-4ebc-a1fd-6a41046e5799,0.5027939677238464,topic_2,True
166,15,83a9115f-e99f-4072-906d-5d696a18fe6c,0.5027939677238464,topic_2,True
166,15,c9177183-413b-4ef8-a575-a3ec163c4386,0.5027939677238464,topic_2,True
166,15,fd680909-3b1e-40f7-b51b-fdda45f5ff86,0.5027939677238464,topic_2,True
167,12,1fe1c897-c028-4b10-b5a6-651e2383566d,0.5274697542190552,topic_2,True
167,12,245ede3c-39e2-44af-8de2-86dffd0ab5dd,0.5274697542190552,topic_2,True
167,12,3019b128-926b-4d22-a66a-10d2768cf952,0.5274697542190552,topic_2,True
167,12,6d5be118-cdb0-4c55-97c1-3e53da49a4de,0.5274697542190552,topic_2,True
167,12,6e395e19-1736-4cc7-a1f6-cc4c8cc861f4,0.5274697542190552,topic_2,True
167,12,af9507d7-9513-40af-8985-7a14c802dd06,0.5274697542190552,topic_2,True
167,12,cacd0527-b32b-4f01-856c-c58a677a202e,0.5274697542190552,topic_2,True
167,12,d226615a-4a1c-4d70-af18-6253612f95f2,0.5274697542190552,topic_2,True
167,12,d9a788c5-317a-4545-9184-c4acaa54f6b9,0.5274697542190552,topic_2,True
167,12,e9d472d3-0248-4bdc-9368-d98c4b7fe1d5,0.5274697542190552,topic_2,True
167,12,6be1425f-0d8e-49d9-8da7-06feb39cec35,0.5194922089576721,topic_2,True
168,30,0972b605-8947-410f-bbe4-d0aec0bf97a0,0.6069525480270386,topic_2,True
168,30,2b27675e-7ca7-4534-9271-db0fba0f931f,0.6069525480270386,topic_2,True
168,30,363ca5cf-4c83-432e-9453-3c796a805dba,0.6069525480270386,topic_2,True
168,30,3d8a2635-a47b-4b1c-9cc5-730423e07e65,0.6069525480270386,topic_2,True
168,30,620349aa-de94-45c7-bea3-08ca78d848b7,0.6069525480270386,topic_2,True
168,30,869c5d2d-f919-41c0-8f97-bae23f58308b,0.6069525480270386,topic_2,True
168,30,94c44e21-2973-4a41-919d-43aa6841e0b8,0.6069525480270386,topic_2,True
168,30,bc50c81e-afec-40e2-b022-fd9739290eb8,0.6069525480270386,topic_2,True
168,30,dd330cbb-60bc-462f-8b2b-2af5e0018ef8,0.6069525480270386,topic_2,True
168,30,f7c061d5-3cbc-47b6-86c5-f9b899fc3c6c,0.6069525480270386,topic_2,True
168,30,012e10e2-0da9-4b96-9678-d473f14e34ab,0.5751376152038574,topic_2,True
168,30,0e3547d9-8a0c-4125-a56f-bef69f65d994,0.5751376152038574,topic_2,True
168,30,2df0b5c0-6614-4581-b95b-25a0facd11c3,0.5751376152038574,topic_2,True
168,30,51d28a25-239c-4048-891c-9b68f03c1a6a,0.5751376152038574,topic_2,True
168,30,b1c92968-f766-420f-9f2a-b35789a2dccc,0.5751376152038574,topic_2,True
168,30,dc2b3638-3376-4382-8782-20ca023e8554,0.5751376152038574,topic_2,True
168,30,e3a4e850-c28e-47f7-be91-fb23ce2255aa,0.5751376152038574,topic_2,True
168,30,f184814c-0a82-401f-95c3-2db50d68e267,0.5751376152038574,topic_2,True
168,30,f22180e9-0fa4-4fb2-8fca-1282f28e8654,0.5751376152038574,topic_2,True
168,30,11881ce6-9779-4948-abc7-48ec00d23fca,0.562648355960846,topic_2,True
168,30,3ada1724-89b3-4190-83d0-8b2217b7aa5a,0.562648355960846,topic_2,True
168,30,50ccfda5-6952-4a30-a8ea-1fcdd59de8d2,0.562648355960846,topic_2,True
168,30,732083b3-b561-48c0-b999-f7a6b164a08f,0.562648355960846,topic_2,True
168,30,76bce893-5b05-4244-a6d8-f51a7d58f8f7,0.562648355960846,topic_2,True
168,30,90786c9b-461d-4e4d-977f-ed0764206480,0.562648355960846,topic_2,True
168,30,d1805529-6794-4f82-9eb4-2b3a9a4dfdef,0.562648355960846,topic_2,True
168,30,dfef75de-8fb7-4f1d-acc3-38a52b773932,0.562648355960846,topic_2,True
168,30,ea12cbd0-266d-47ee-9426-18e6b56939b5,0.562648355960846,topic_2,True
168,30,f9e10c27-fc2c-40af-9439-75cab4613420,0.562648355960846,topic_2,True
170,11,b9eea203-3e4e-47c2-b910-60d0efd427e6,0.585567057132721,topic_2,True
170,11,11881ce6-9779-4948-abc7-48ec00d23fca,0.5329124331474304,topic_2,True
170,11,3ada1724-89b3-4190-83d0-8b2217b7aa5a,0.5329124331474304,topic_2,True
170,11,50ccfda5-6952-4a30-a8ea-1fcdd59de8d2,0.5329124331474304,topic_2,True
170,11,732083b3-b561-48c0-b999-f7a6b164a08f,0.5329124331474304,topic_2,True
170,11,76bce893-5b05-4244-a6d8-f51a7d58f8f7,0.5329124331474304,topic_2,True
170,11,90786c9b-461d-4e4d-977f-ed0764206480,0.5329124331474304,topic_2,True
170,11,d1805529-6794-4f82-9eb4-2b3a9a4dfdef,0.5329124331474304,topic_2,True
170,11,dfef75de-8fb7-4f1d-acc3-38a52b773932,0.5329124331474304,topic_2,True
170,11,ea12cbd0-266d-47ee-9426-18e6b56939b5,0.5329124331474304,topic_2,True
170,11,f9e10c27-fc2c-40af-9439-75cab4613420,0.5329124331474304,topic_2,True
171,18,2b8fbba4-7cd0-4572-ac24-33140a34b18a,0.632205605506897,topic_2,True
171,18,31e14c3d-daa7-4837-b78a-7fb4ffb057a2,0.632205605506897,topic_2,True
171,18,3b095291-aa18-45fd-a1d9-65040f08d245,0.632205605506897,topic_2,True
171,18,7e3c6771-57fe-431f-9369-c217f11e15c2,0.632205605506897,topic_2,True
171,18,8ad97832-a2d1-45f0-88b6-a8dd64480c89,0.632205605506897,topic_2,True
171,18,8c26928e-e3eb-4dd3-90be-d5b12363ac77,0.632205605506897,topic_2,True
171,18,939d8fe1-dee2-4943-bc52-15e4184567e3,0.632205605506897,topic_2,True
171,18,b3ca921c-c677-48fc-ae56-e0bee510c7cb,0.632205605506897,topic_2,True
171,18,c95ea662-f133-4aa2-935b-c5d5e70d9a92,0.632205605506897,topic_2,True
171,18,2f180e2f-9208-44ea-8ba2-2a4b2b57e0f1,0.554619550704956,topic_2,True
171,18,461ca34a-8299-40ed-93aa-6fec635580a6,0.554619550704956,topic_2,True
171,18,64a40544-da83-4141-8f49-0f700719d520,0.554619550704956,topic_2,True
171,18,af2be6aa-378f-4aca-b542-bba94f7f84d4,0.554619550704956,topic_2,True
171,18,b0680986-d9bd-42cb-b6de-f75146f1fe33,0.554619550704956,topic_2,True
171,18,b153ca39-3aa7-4a3c-88f6-3ba8434bae42,0.554619550704956,topic_2,True
171,18,b2a083e9-f284-46b0-8812-deea53b56145,0.554619550704956,topic_2,True
171,18,d7a540ee-540f-48c5-b8a0-fd7efab16139,0.554619550704956,topic_2,True
172,2,ead5ace4-ed3a-4a34-b447-0e4c79b784c5,0.5034958124160767,topic_2,True
172,2,b9eea203-3e4e-47c2-b910-60d0efd427e6,0.5031293630599976,topic_2,True
173,12,6be1425f-0d8e-49d9-8da7-06feb39cec35,0.8553555011749268,topic_2,True
173,12,ead5ace4-ed3a-4a34-b447-0e4c79b784c5,0.5054351687431335,topic_2,True
173,12,078d0e9f-afea-4d8c-a9ec-4b2cf9cff354,0.5033813714981079,topic_2,True
173,12,1879f75f-58ac-4e30-8394-c044b73d32e5,0.5033813714981079,topic_2,True
173,12,22236c00-4b51-4313-a985-7cf1e537969f,0.5033813714981079,topic_2,True
173,12,355072c6-35df-49d5-9bf7-e8f169b0e086,0.5033813714981079,topic_2,True
173,12,6c5bcd57-8b0a-4adb-ab0d-f3a64a778d5d,0.5033813714981079,topic_2,True
173,12,86d671c2-2ec3-44c7-8a65-1f2946a85d47,0.5033813714981079,topic_2,True
173,12,b7796aab-652a-456e-b287-f46ed9b79f3a,0.5033813714981079,topic_2,True
173,12,ca772484-2412-4fdd-9a68-b726c4e2c143,0.5033813714981079,topic_2,True
173,12,db868b3d-342c-4d03-9a79-64b27837b5e4,0.5033813714981079,topic_2,True
173,12,f288bf66-fa18-4734-bb81-e0da8ef867ae,0.5033813714981079,topic_2,True
174,16,43474132-c7f4-46c1-8d60-3a1292b9c4ce,0.9195806980133057,topic_2,True
174,16,190dad49-265d-4ca9-b319-59df31243126,0.56034916639328,topic_2,True
174,16,3586b3d9-8cd0-425c-bfa4-12ede5ea224a,0.56034916639328,topic_2,True
174,16,4a830eaf-f575-4ea4-af48-92b85718092c,0.56034916639328,topic_2,True
174,16,4ddce2f4-2e7c-40ce-a358-ced95c9942cc,0.56034916639328,topic_2,True
174,16,755481fd-b0ab-4de1-8832-7a29a42af347,0.56034916639328,topic_2,True
174,16,88f6e161-d522-4c46-bb57-17edf3ea149d,0.56034916639328,topic_2,True
174,16,91f97e0f-c81f-415a-84d5-370c932bd526,0.56034916639328,topic_2,True
174,16,a592b98a-452e-4389-b1fb-01ace97420f7,0.56034916639328,topic_2,True
174,16,c83d9bce-ab60-4452-b79a-ccd638d43ee6,0.56034916639328,topic_2,True
174,16,4479ff71-3228-4f83-8bd6-067897312039,0.5027939677238464,topic_2,True
174,16,4b20c2c1-a8b0-4652-afab-c7dff3741d8f,0.5027939677238464,topic_2,True
174,16,5b52c0b8-cbfc-4ebc-a1fd-6a41046e5799,0.5027939677238464,topic_2,True
174,16,83a9115f-e99f-4072-906d-5d696a18fe6c,0.5027939677238464,topic_2,True
174,16,c9177183-413b-4ef8-a575-a3ec163c4386,0.5027939677238464,topic_2,True
174,16,fd680909-3b1e-40f7-b51b-fdda45f5ff86,0.5027939677238464,topic_2,True
175,15,3d750569-0f27-4b8d-a68c-5868dd657993,0.8692435026168823,topic_2,True
175,15,1fe1c897-c028-4b10-b5a6-651e2383566d,0.5274697542190552,topic_2,True
175,15,245ede3c-39e2-44af-8de2-86dffd0ab5dd,0.5274697542190552,topic_2,True
175,15,3019b128-926b-4d22-a66a-10d2768cf952,0.5274697542190552,topic_2,True
175,15,6d5be118-cdb0-4c55-97c1-3e53da49a4de,0.5274697542190552,topic_2,True
175,15,6e395e19-1736-4cc7-a1f6-cc4c8cc861f4,0.5274697542190552,topic_2,True
175,15,af9507d7-9513-40af-8985-7a14c802dd06,0.5274697542190552,topic_2,True
175,15,cacd0527-b32b-4f01-856c-c58a677a202e,0.5274697542190552,topic_2,True
175,15,d226615a-4a1c-4d70-af18-6253612f95f2,0.5274697542190552,topic_2,True
175,15,d9a788c5-317a-4545-9184-c4acaa54f6b9,0.5274697542190552,topic_2,True
175,15,e9d472d3-0248-4bdc-9368-d98c4b7fe1d5,0.5274697542190552,topic_2,True
175,15,6be1425f-0d8e-49d9-8da7-06feb39cec35,0.5194922089576721,topic_2,True
175,15,7c8b74d1-e1e8-499a-a2cb-2cdc2523705e,0.5194922089576721,topic_2,True
175,15,43474132-c7f4-46c1-8d60-3a1292b9c4ce,0.5055779218673706,topic_2,True
176,32,b9eea203-3e4e-47c2-b910-60d0efd427e6,0.8727255463600159,topic_2,True
176,32,ead5ace4-ed3a-4a34-b447-0e4c79b784c5,0.6122223138809204,topic_2,True
176,32,0972b605-8947-410f-bbe4-d0aec0bf97a0,0.6069525480270386,topic_2,True
176,32,2b27675e-7ca7-4534-9271-db0fba0f931f,0.6069525480270386,topic_2,True
176,32,363ca5cf-4c83-432e-9453-3c796a805dba,0.6069525480270386,topic_2,True
176,32,3d8a2635-a47b-4b1c-9cc5-730423e07e65,0.6069525480270386,topic_2,True
176,32,620349aa-de94-45c7-bea3-08ca78d848b7,0.6069525480270386,topic_2,True
176,32,869c5d2d-f919-41c0-8f97-bae23f58308b,0.6069525480270386,topic_2,True
176,32,94c44e21-2973-4a41-919d-43aa6841e0b8,0.6069525480270386,topic_2,True
176,32,bc50c81e-afec-40e2-b022-fd9739290eb8,0.6069525480270386,topic_2,True
176,32,dd330cbb-60bc-462f-8b2b-2af5e0018ef8,0.6069525480270386,topic_2,True
176,32,f7c061d5-3cbc-47b6-86c5-f9b899fc3c6c,0.6069525480270386,topic_2,True
176,32,012e10e2-0da9-4b96-9678-d473f14e34ab,0.5751376152038574,topic_2,True
176,32,0e3547d9-8a0c-4125-a56f-bef69f65d994,0.5751376152038574,topic_2,True
176,32,2df0b5c0-6614-4581-b95b-25a0facd11c3,0.5751376152038574,topic_2,True
176,32,51d28a25-239c-4048-891c-9b68f03c1a6a,0.5751376152038574,topic_2,True
176,32,b1c92968-f766-420f-9f2a-b35789a2dccc,0.5751376152038574,topic_2,True
176,32,dc2b3638-3376-4382-8782-20ca023e8554,0.5751376152038574,topic_2,True
176,32,e3a4e850-c28e-47f7-be91-fb23ce2255aa,0.5751376152038574,topic_2,True
176,32,f184814c-0a82-401f-95c3-2db50d68e267,0.5751376152038574,topic_2,True
176,32,f22180e9-0fa4-4fb2-8fca-1282f28e8654,0.5751376152038574,topic_2,True
176,32,11881ce6-9779-4948-abc7-48ec00d23fca,0.562648355960846,topic_2,True
176,32,3ada1724-89b3-4190-83d0-8b2217b7aa5a,0.562648355960846,topic_2,True
176,32,50ccfda5-6952-4a30-a8ea-1fcdd59de8d2,0.562648355960846,topic_2,True
176,32,732083b3-b561-48c0-b999-f7a6b164a08f,0.562648355960846,topic_2,True
176,32,76bce893-5b05-4244-a6d8-f51a7d58f8f7,0.562648355960846,topic_2,True
176,32,90786c9b-461d-4e4d-977f-ed0764206480,0.562648355960846,topic_2,True
176,32,d1805529-6794-4f82-9eb4-2b3a9a4dfdef,0.562648355960846,topic_2,True
176,32,dfef75de-8fb7-4f1d-acc3-38a52b773932,0.562648355960846,topic_2,True
176,32,ea12cbd0-266d-47ee-9426-18e6b56939b5,0.562648355960846,topic_2,True
176,32,f9e10c27-fc2c-40af-9439-75cab4613420,0.562648355960846,topic_2,True
177,1,1fc7f1ed-40c1-43fa-b3d2-761ec17fc964,0.8692226409912109,topic_2,True
178,13,ead5ace4-ed3a-4a34-b447-0e4c79b784c5,0.8970963954925537,topic_2,True
178,13,66f6827d-f1b6-4e45-817e-6c5143083aa0,0.585567057132721,topic_2,True
178,13,b9eea203-3e4e-47c2-b910-60d0efd427e6,0.585567057132721,topic_2,True
178,13,11881ce6-9779-4948-abc7-48ec00d23fca,0.5329124331474304,topic_2,True
178,13,3ada1724-89b3-4190-83d0-8b2217b7aa5a,0.5329124331474304,topic_2,True
178,13,50ccfda5-6952-4a30-a8ea-1fcdd59de8d2,0.5329124331474304,topic_2,True
178,13,732083b3-b561-48c0-b999-f7a6b164a08f,0.5329124331474304,topic_2,True
178,13,76bce893-5b05-4244-a6d8-f51a7d58f8f7,0.5329124331474304,topic_2,True
178,13,90786c9b-461d-4e4d-977f-ed0764206480,0.5329124331474304,topic_2,True
178,13,d1805529-6794-4f82-9eb4-2b3a9a4dfdef,0.5329124331474304,topic_2,True
178,13,dfef75de-8fb7-4f1d-acc3-38a52b773932,0.5329124331474304,topic_2,True
178,13,ea12cbd0-266d-47ee-9426-18e6b56939b5,0.5329124331474304,topic_2,True
178,13,f9e10c27-fc2c-40af-9439-75cab4613420,0.5329124331474304,topic_2,True
179,19,ffa4cc38-cc4d-4582-adb4-15e68e6706d0,0.8880940079689026,topic_2,True
179,19,2b8fbba4-7cd0-4572-ac24-33140a34b18a,0.632205605506897,topic_2,True
179,19,31e14c3d-daa7-4837-b78a-7fb4ffb057a2,0.632205605506897,topic_2,True
179,19,3b095291-aa18-45fd-a1d9-65040f08d245,0.632205605506897,topic_2,True
179,19,7e3c6771-57fe-431f-9369-c217f11e15c2,0.632205605506897,topic_2,True
179,19,8ad97832-a2d1-45f0-88b6-a8dd64480c89,0.632205605506897,topic_2,True
179,19,8c26928e-e3eb-4dd3-90be-d5b12363ac77,0.632205605506897,topic_2,True
179,19,939d8fe1-dee2-4943-bc52-15e4184567e3,0.632205605506897,topic_2,True
179,19,b3ca921c-c677-48fc-ae56-e0bee510c7cb,0.632205605506897,topic_2,True
179,19,c95ea662-f133-4aa2-935b-c5d5e70d9a92,0.632205605506897,topic_2,True
179,19,2f180e2f-9208-44ea-8ba2-2a4b2b57e0f1,0.554619550704956,topic_2,True
179,19,461ca34a-8299-40ed-93aa-6fec635580a6,0.554619550704956,topic_2,True
179,19,64a40544-da83-4141-8f49-0f700719d520,0.554619550704956,topic_2,True
179,19,af2be6aa-378f-4aca-b542-bba94f7f84d4,0.554619550704956,topic_2,True
179,19,b0680986-d9bd-42cb-b6de-f75146f1fe33,0.554619550704956,topic_2,True
179,19,b153ca39-3aa7-4a3c-88f6-3ba8434bae42,0.554619550704956,topic_2,True
179,19,b2a083e9-f284-46b0-8812-deea53b56145,0.554619550704956,topic_2,True
179,19,d7a540ee-540f-48c5-b8a0-fd7efab16139,0.554619550704956,topic_2,True
180,5,5cb81d42-d7d3-4490-a5d9-fd5d7b770e38,0.8307068943977356,topic_2,True
180,5,7a11b331-545a-406e-b387-0e01995eb4f3,0.5034958124160767,topic_2,True
180,5,ead5ace4-ed3a-4a34-b447-0e4c79b784c5,0.5034958124160767,topic_2,True
180,5,66f6827d-f1b6-4e45-817e-6c5143083aa0,0.5031293630599976,topic_2,True
180,5,b9eea203-3e4e-47c2-b910-60d0efd427e6,0.5031293630599976,topic_2,True
181,14,6be1425f-0d8e-49d9-8da7-06feb39cec35,0.8553555011749268,topic_2,True
181,14,7c8b74d1-e1e8-499a-a2cb-2cdc2523705e,0.8553555011749268,topic_2,True
181,14,7a11b331-545a-406e-b387-0e01995eb4f3,0.5054351687431335,topic_2,True
181,14,ead5ace4-ed3a-4a34-b447-0e4c79b784c5,0.5054351687431335,topic_2,True
181,14,078d0e9f-afea-4d8c-a9ec-4b2cf9cff354,0.5033813714981079,topic_2,True
181,14,1879f75f-58ac-4e30-8394-c044b73d32e5,0.5033813714981079,topic_2,True
181,14,22236c00-4b51-4313-a985-7cf1e537969f,0.5033813714981079,topic_2,True
181,14,355072c6-35df-49d5-9bf7-e8f169b0e086,0.5033813714981079,topic_2,True
181,14,6c5bcd57-8b0a-4adb-ab0d-f3a64a778d5d,0.5033813714981079,topic_2,True
181,14,86d671c2-2ec3-44c7-8a65-1f2946a85d47,0.5033813714981079,topic_2,True
181,14,b7796aab-652a-456e-b287-f46ed9b79f3a,0.5033813714981079,topic_2,True
181,14,ca772484-2412-4fdd-9a68-b726c4e2c143,0.5033813714981079,topic_2,True
181,14,db868b3d-342c-4d03-9a79-64b27837b5e4,0.5033813714981079,topic_2,True
181,14,f288bf66-fa18-4734-bb81-e0da8ef867ae,0.5033813714981079,topic_2,True
182,17,05260fe0-2626-45c4-ac24-1853e49f959a,0.9195806980133057,topic_2,True
182,17,43474132-c7f4-46c1-8d60-3a1292b9c4ce,0.9195806980133057,topic_2,True
182,17,190dad49-265d-4ca9-b319-59df31243126,0.56034916639328,topic_2,True
182,17,3586b3d9-8cd0-425c-bfa4-12ede5ea224a,0.56034916639328,topic_2,True
182,17,4a830eaf-f575-4ea4-af48-92b85718092c,0.56034916639328,topic_2,True
182,17,4ddce2f4-2e7c-40ce-a358-ced95c9942cc,0.56034916639328,topic_2,True
182,17,755481fd-b0ab-4de1-8832-7a29a42af347,0.56034916639328,topic_2,True
182,17,88f6e161-d522-4c46-bb57-17edf3ea149d,0.56034916639328,topic_2,True
182,17,91f97e0f-c81f-415a-84d5-370c932bd526,0.56034916639328,topic_2,True
182,17,a592b98a-452e-4389-b1fb-01ace97420f7,0.56034916639328,topic_2,True
182,17,c83d9bce-ab60-4452-b79a-ccd638d43ee6,0.56034916639328,topic_2,True
182,17,4479ff71-3228-4f83-8bd6-067897312039,0.5027939677238464,topic_2,True
182,17,4b20c2c1-a8b0-4652-afab-c7dff3741d8f,0.5027939677238464,topic_2,True
182,17,5b52c0b8-cbfc-4ebc-a1fd-6a41046e5799,0.5027939677238464,topic_2,True
182,17,83a9115f-e99f-4072-906d-5d696a18fe6c,0.5027939677238464,topic_2,True
182,17,c9177183-413b-4ef8-a575-a3ec163c4386,0.5027939677238464,topic_2,True
182,17,fd680909-3b1e-40f7-b51b-fdda45f5ff86,0.5027939677238464,topic_2,True
183,18,3d750569-0f27-4b8d-a68c-5868dd657993,0.8692435026168823,topic_2,True
183,18,c0e545a3-6ccc-4fff-8107-06d25bb50512,0.8692435026168823,topic_2,True
183,18,1fe1c897-c028-4b10-b5a6-651e2383566d,0.5274697542190552,topic_2,True
183,18,245ede3c-39e2-44af-8de2-86dffd0ab5dd,0.5274697542190552,topic_2,True
183,18,3019b128-926b-4d22-a66a-10d2768cf952,0.5274697542190552,topic_2,True
183,18,6d5be118-cdb0-4c55-97c1-3e53da49a4de,0.5274697542190552,topic_2,True
183,18,6e395e19-1736-4cc7-a1f6-cc4c8cc861f4,0.5274697542190552,topic_2,True
183,18,af9507d7-9513-40af-8985-7a14c802dd06,0.5274697542190552,topic_2,True
183,18,cacd0527-b32b-4f01-856c-c58a677a202e,0.5274697542190552,topic_2,True
183,18,d226615a-4a1c-4d70-af18-6253612f95f2,0.5274697542190552,topic_2,True
183,18,d9a788c5-317a-4545-9184-c4acaa54f6b9,0.5274697542190552,topic_2,True
183,18,e9d472d3-0248-4bdc-9368-d98c4b7fe1d5,0.5274697542190552,topic_2,True
183,18,285cd417-68a9-4e0e-956b-e928e292c73a,0.5194922089576721,topic_2,True
183,18,6be1425f-0d8e-49d9-8da7-06feb39cec35,0.5194922089576721,topic_2,True
183,18,7c8b74d1-e1e8-499a-a2cb-2cdc2523705e,0.5194922089576721,topic_2,True
183,18,05260fe0-2626-45c4-ac24-1853e49f959a,0.5055779218673706,topic_2,True
183,18,43474132-c7f4-46c1-8d60-3a1292b9c4ce,0.5055779218673706,topic_2,True
184,34,66f6827d-f1b6-4e45-817e-6c5143083aa0,0.8727255463600159,topic_2,True
184,34,b9eea203-3e4e-47c2-b910-60d0efd427e6,0.8727255463600159,topic_2,True
184,34,7a11b331-545a-406e-b387-0e01995eb4f3,0.6122223138809204,topic_2,True
184,34,ead5ace4-ed3a-4a34-b447-0e4c79b784c5,0.6122223138809204,topic_2,True
184,34,0972b605-8947-410f-bbe4-d0aec0bf97a0,0.6069525480270386,topic_2,True
184,34,2b27675e-7ca7-4534-9271-db0fba0f931f,0.6069525480270386,topic_2,True
184,34,363ca5cf-4c83-432e-9453-3c796a805dba,0.6069525480270386,topic_2,True
184,34,3d8a2635-a47b-4b1c-9cc5-730423e07e65,0.6069525480270386,topic_2,True
184,34,620349aa-de94-45c7-bea3-08ca78d848b7,0.6069525480270386,topic_2,True
184,34,869c5d2d-f919-41c0-8f97-bae23f58308b,0.6069525480270386,topic_2,True
184,34,94c44e21-2973-4a41-919d-43aa6841e0b8,0.6069525480270386,topic_2,True
184,34,bc50c81e-afec-40e2-b022-fd9739290eb8,0.6069525480270386,topic_2,True
184,34,dd330cbb-60bc-462f-8b2b-2af5e0018ef8,0.6069525480270386,topic_2,True
184,34,f7c061d5-3cbc-47b6-86c5-f9b899fc3c6c,0.6069525480270386,topic_2,True
184,34,012e10e2-0da9-4b96-9678-d473f14e34ab,0.5751376152038574,topic_2,True
184,34,0e3547d9-8a0c-4125-a56f-bef69f65d994,0.5751376152038574,topic_2,True
184,34,2df0b5c0-6614-4581-b95b-25a0facd11c3,0.5751376152038574,topic_2,True
184,34,51d28a25-239c-4048-891c-9b68f03c1a6a,0.5751376152038574,topic_2,True
184,34,b1c92968-f766-420f-9f2a-b35789a2dccc,0.5751376152038574,topic_2,True
184,34,dc2b3638-3376-4382-8782-20ca023e8554,0.5751376152038574,topic_2,True
184,34,e3a4e850-c28e-47f7-be91-fb23ce2255aa,0.5751376152038574,topic_2,True
184,34,f184814c-0a82-401f-95c3-2db50d68e267,0.5751376152038574,topic_2,True
184,34,f22180e9-0fa4-4fb2-8fca-1282f28e8654,0.5751376152038574,topic_2,True
184,34,11881ce6-9779-4948-abc7-48ec00d23fca,0.562648355960846,topic_2,True
184,34,3ada1724-89b3-4190-83d0-8b2217b7aa5a,0.562648355960846,topic_2,True
184,34,50ccfda5-6952-4a30-a8ea-1fcdd59de8d2,0.562648355960846,topic_2,True
184,34,732083b3-b561-48c0-b999-f7a6b164a08f,0.562648355960846,topic_2,True
184,34,76bce893-5b05-4244-a6d8-f51a7d58f8f7,0.562648355960846,topic_2,True
184,34,90786c9b-461d-4e4d-977f-ed0764206480,0.562648355960846,topic_2,True
184,34,d1805529-6794-4f82-9eb4-2b3a9a4dfdef,0.562648355960846,topic_2,True
184,34,dfef75de-8fb7-4f1d-acc3-38a52b773932,0.562648355960846,topic_2,True
184,34,ea12cbd0-266d-47ee-9426-18e6b56939b5,0.562648355960846,topic_2,True
184,34,f9e10c27-fc2c-40af-9439-75cab4613420,0.562648355960846,topic_2,True
185,2,1fc7f1ed-40c1-43fa-b3d2-761ec17fc964,0.8692226409912109,topic_2,True
185,2,61d768b4-bea3-4900-9278-0794f16c551f,0.8692226409912109,topic_2,True
186,15,7a11b331-545a-406e-b387-0e01995eb4f3,0.8970963954925537,topic_2,True
186,15,ead5ace4-ed3a-4a34-b447-0e4c79b784c5,0.8970963954925537,topic_2,True
186,15,36d40a61-1cbd-4091-8107-48fca7e6a8b9,0.585567057132721,topic_2,True
186,15,66f6827d-f1b6-4e45-817e-6c5143083aa0,0.585567057132721,topic_2,True
186,15,b9eea203-3e4e-47c2-b910-60d0efd427e6,0.585567057132721,topic_2,True
186,15,11881ce6-9779-4948-abc7-48ec00d23fca,0.5329124331474304,topic_2,True
186,15,3ada1724-89b3-4190-83d0-8b2217b7aa5a,0.5329124331474304,topic_2,True
186,15,50ccfda5-6952-4a30-a8ea-1fcdd59de8d2,0.5329124331474304,topic_2,True
186,15,732083b3-b561-48c0-b999-f7a6b164a08f,0.5329124331474304,topic_2,True
186,15,76bce893-5b05-4244-a6d8-f51a7d58f8f7,0.5329124331474304,topic_2,True
186,15,90786c9b-461d-4e4d-977f-ed0764206480,0.5329124331474304,topic_2,True
186,15,d1805529-6794-4f82-9eb4-2b3a9a4dfdef,0.5329124331474304,topic_2,True
186,15,dfef75de-8fb7-4f1d-acc3-38a52b773932,0.5329124331474304,topic_2,True
186,15,ea12cbd0-266d-47ee-9426-18e6b56939b5,0.5329124331474304,topic_2,True
186,15,f9e10c27-fc2c-40af-9439-75cab4613420,0.5329124331474304,topic_2,True
187,20,a259874c-ff86-4a0a-80f7-38b600100217,0.8880940079689026,topic_2,True
187,20,ffa4cc38-cc4d-4582-adb4-15e68e6706d0,0.8880940079689026,topic_2,True
187,20,2b8fbba4-7cd0-4572-ac24-33140a34b18a,0.632205605506897,topic_2,True
187,20,31e14c3d-daa7-4837-b78a-7fb4ffb057a2,0.632205605506897,topic_2,True
187,20,3b095291-aa18-45fd-a1d9-65040f08d245,0.632205605506897,topic_2,True
187,20,7e3c6771-57fe-431f-9369-c217f11e15c2,0.632205605506897,topic_2,True
187,20,8ad97832-a2d1-45f0-88b6-a8dd64480c89,0.632205605506897,topic_2,True
187,20,8c26928e-e3eb-4dd3-90be-d5b12363ac77,0.632205605506897,topic_2,True
187,20,939d8fe1-dee2-4943-bc52-15e4184567e3,0.632205605506897,topic_2,True
187,20,b3ca921c-c677-48fc-ae56-e0bee510c7cb,0.632205605506897,topic_2,True
187,20,c95ea662-f133-4aa2-935b-c5d5e70d9a92,0.632205605506897,topic_2,True
187,20,2f180e2f-9208-44ea-8ba2-2a4b2b57e0f1,0.554619550704956,topic_2,True
187,20,461ca34a-8299-40ed-93aa-6fec635580a6,0.554619550704956,topic_2,True
187,20,64a40544-da83-4141-8f49-0f700719d520,0.554619550704956,topic_2,True
187,20,af2be6aa-378f-4aca-b542-bba94f7f84d4,0.554619550704956,topic_2,True
187,20,b0680986-d9bd-42cb-b6de-f75146f1fe33,0.554619550704956,topic_2,True
187,20,b153ca39-3aa7-4a3c-88f6-3ba8434bae42,0.554619550704956,topic_2,True
187,20,b2a083e9-f284-46b0-8812-deea53b56145,0.554619550704956,topic_2,True
187,20,d7a540ee-540f-48c5-b8a0-fd7efab16139,0.554619550704956,topic_2,True
188,8,5cb81d42-d7d3-4490-a5d9-fd5d7b770e38,0.8307068943977356,topic_2,True
188,8,628437aa-ddad-4dc5-bb09-a611f48f4647,0.8307068943977356,topic_2,True
188,8,5fd1d548-8b5d-4658-b696-6dd3000d523a,0.5034958124160767,topic_2,True
188,8,7a11b331-545a-406e-b387-0e01995eb4f3,0.5034958124160767,topic_2,True
188,8,ead5ace4-ed3a-4a34-b447-0e4c79b784c5,0.5034958124160767,topic_2,True
188,8,36d40a61-1cbd-4091-8107-48fca7e6a8b9,0.5031293630599976,topic_2,True
188,8,66f6827d-f1b6-4e45-817e-6c5143083aa0,0.5031293630599976,topic_2,True
188,8,b9eea203-3e4e-47c2-b910-60d0efd427e6,0.5031293630599976,topic_2,True
189,16,285cd417-68a9-4e0e-956b-e928e292c73a,0.8553555011749268,topic_2,True
189,16,6be1425f-0d8e-49d9-8da7-06feb39cec35,0.8553555011749268,topic_2,True
189,16,7c8b74d1-e1e8-499a-a2cb-2cdc2523705e,0.8553555011749268,topic_2,True
189,16,5fd1d548-8b5d-4658-b696-6dd3000d523a,0.5054351687431335,topic_2,True
189,16,7a11b331-545a-406e-b387-0e01995eb4f3,0.5054351687431335,topic_2,True
189,16,ead5ace4-ed3a-4a34-b447-0e4c79b784c5,0.5054351687431335,topic_2,True
189,16,078d0e9f-afea-4d8c-a9ec-4b2cf9cff354,0.5033813714981079,topic_2,True
189,16,1879f75f-58ac-4e30-8394-c044b73d32e5,0.5033813714981079,topic_2,True
189,16,22236c00-4b51-4313-a985-7cf1e537969f,0.5033813714981079,topic_2,True
189,16,355072c6-35df-49d5-9bf7-e8f169b0e086,0.5033813714981079,topic_2,True
189,16,6c5bcd57-8b0a-4adb-ab0d-f3a64a778d5d,0.5033813714981079,topic_2,True
189,16,86d671c2-2ec3-44c7-8a65-1f2946a85d47,0.5033813714981079,topic_2,True
189,16,b7796aab-652a-456e-b287-f46ed9b79f3a,0.5033813714981079,topic_2,True
189,16,ca772484-2412-4fdd-9a68-b726c4e2c143,0.5033813714981079,topic_2,True
189,16,db868b3d-342c-4d03-9a79-64b27837b5e4,0.5033813714981079,topic_2,True
189,16,f288bf66-fa18-4734-bb81-e0da8ef867ae,0.5033813714981079,topic_2,True
190,18,05260fe0-2626-45c4-ac24-1853e49f959a,0.9195806980133057,topic_2,True
190,18,43474132-c7f4-46c1-8d60-3a1292b9c4ce,0.9195806980133057,topic_2,True
190,18,c94fbeea-104f-435f-a6d2-5b8158671dc7,0.9195806980133057,topic_2,True
190,18,190dad49-265d-4ca9-b319-59df31243126,0.56034916639328,topic_2,True
190,18,3586b3d9-8cd0-425c-bfa4-12ede5ea224a,0.56034916639328,topic_2,True
190,18,4a830eaf-f575-4ea4-af48-92b85718092c,0.56034916639328,topic_2,True
190,18,4ddce2f4-2e7c-40ce-a358-ced95c9942cc,0.56034916639328,topic_2,True
190,18,755481fd-b0ab-4de1-8832-7a29a42af347,0.56034916639328,topic_2,True
190,18,88f6e161-d522-4c46-bb57-17edf3ea149d,0.56034916639328,topic_2,True
190,18,91f97e0f-c81f-415a-84d5-370c932bd526,0.56034916639328,topic_2,True
190,18,a592b98a-452e-4389-b1fb-01ace97420f7,0.56034916639328,topic_2,True
190,18,c83d9bce-ab60-4452-b79a-ccd638d43ee6,0.56034916639328,topic_2,True
190,18,4479ff71-3228-4f83-8bd6-067897312039,0.5027939677238464,topic_2,True
190,18,4b20c2c1-a8b0-4652-afab-c7dff3741d8f,0.5027939677238464,topic_2,True
190,18,5b52c0b8-cbfc-4ebc-a1fd-6a41046e5799,0.5027939677238464,topic_2,True
190,18,83a9115f-e99f-4072-906d-5d696a18fe6c,0.5027939677238464,topic_2,True
190,18,c9177183-413b-4ef8-a575-a3ec163c4386,0.5027939677238464,topic_2,True
190,18,fd680909-3b1e-40f7-b51b-fdda45f5ff86,0.5027939677238464,topic_2,True
191,21,23126666-b87b-44af-af43-558641c323b5,0.8692435026168823,topic_2,True
191,21,3d750569-0f27-4b8d-a68c-5868dd657993,0.8692435026168823,topic_2,True
191,21,c0e545a3-6ccc-4fff-8107-06d25bb50512,0.8692435026168823,topic_2,True
191,21,1fe1c897-c028-4b10-b5a6-651e2383566d,0.5274697542190552,topic_2,True
191,21,245ede3c-39e2-44af-8de2-86dffd0ab5dd,0.5274697542190552,topic_2,True
191,21,3019b128-926b-4d22-a66a-10d2768cf952,0.5274697542190552,topic_2,True
191,21,6d5be118-cdb0-4c55-97c1-3e53da49a4de,0.5274697542190552,topic_2,True
191,21,6e395e19-1736-4cc7-a1f6-cc4c8cc861f4,0.5274697542190552,topic_2,True
191,21,af9507d7-9513-40af-8985-7a14c802dd06,0.5274697542190552,topic_2,True
191,21,cacd0527-b32b-4f01-856c-c58a677a202e,0.5274697542190552,topic_2,True
191,21,d226615a-4a1c-4d70-af18-6253612f95f2,0.5274697542190552,topic_2,True
191,21,d9a788c5-317a-4545-9184-c4acaa54f6b9,0.5274697542190552,topic_2,True
191,21,e9d472d3-0248-4bdc-9368-d98c4b7fe1d5,0.5274697542190552,topic_2,True
191,21,285cd417-68a9-4e0e-956b-e928e292c73a,0.5194922089576721,topic_2,True
191,21,6be1425f-0d8e-49d9-8da7-06feb39cec35,0.5194922089576721,topic_2,True
191,21,7c8b74d1-e1e8-499a-a2cb-2cdc2523705e,0.5194922089576721,topic_2,True
191,21,898876d3-5ccc-424b-ae8c-79b0d0264c1a,0.5194922089576721,topic_2,True
191,21,05260fe0-2626-45c4-ac24-1853e49f959a,0.5055779218673706,topic_2,True
191,21,43474132-c7f4-46c1-8d60-3a1292b9c4ce,0.5055779218673706,topic_2,True
191,21,c94fbeea-104f-435f-a6d2-5b8158671dc7,0.5055779218673706,topic_2,True
192,36,36d40a61-1cbd-4091-8107-48fca7e6a8b9,0.8727255463600159,topic_2,True
192,36,66f6827d-f1b6-4e45-817e-6c5143083aa0,0.8727255463600159,topic_2,True
192,36,b9eea203-3e4e-47c2-b910-60d0efd427e6,0.8727255463600159,topic_2,True
192,36,5fd1d548-8b5d-4658-b696-6dd3000d523a,0.6122223138809204,topic_2,True
192,36,7a11b331-545a-406e-b387-0e01995eb4f3,0.6122223138809204,topic_2,True
192,36,ead5ace4-ed3a-4a34-b447-0e4c79b784c5,0.6122223138809204,topic_2,True
192,36,0972b605-8947-410f-bbe4-d0aec0bf97a0,0.6069525480270386,topic_2,True
192,36,2b27675e-7ca7-4534-9271-db0fba0f931f,0.6069525480270386,topic_2,True
192,36,363ca5cf-4c83-432e-9453-3c796a805dba,0.6069525480270386,topic_2,True
192,36,3d8a2635-a47b-4b1c-9cc5-730423e07e65,0.6069525480270386,topic_2,True
192,36,620349aa-de94-45c7-bea3-08ca78d848b7,0.6069525480270386,topic_2,True
192,36,869c5d2d-f919-41c0-8f97-bae23f58308b,0.6069525480270386,topic_2,True
192,36,94c44e21-2973-4a41-919d-43aa6841e0b8,0.6069525480270386,topic_2,True
192,36,bc50c81e-afec-40e2-b022-fd9739290eb8,0.6069525480270386,topic_2,True
192,36,dd330cbb-60bc-462f-8b2b-2af5e0018ef8,0.6069525480270386,topic_2,True
192,36,f7c061d5-3cbc-47b6-86c5-f9b899fc3c6c,0.6069525480270386,topic_2,True
192,36,012e10e2-0da9-4b96-9678-d473f14e34ab,0.5751376152038574,topic_2,True
192,36,0e3547d9-8a0c-4125-a56f-bef69f65d994,0.5751376152038574,topic_2,True
192,36,2df0b5c0-6614-4581-b95b-25a0facd11c3,0.5751376152038574,topic_2,True
192,36,51d28a25-239c-4048-891c-9b68f03c1a6a,0.5751376152038574,topic_2,True
192,36,b1c92968-f766-420f-9f2a-b35789a2dccc,0.5751376152038574,topic_2,True
192,36,dc2b3638-3376-4382-8782-20ca023e8554,0.5751376152038574,topic_2,True
192,36,e3a4e850-c28e-47f7-be91-fb23ce2255aa,0.5751376152038574,topic_2,True
192,36,f184814c-0a82-401f-95c3-2db50d68e267,0.5751376152038574,topic_2,True
192,36,f22180e9-0fa4-4fb2-8fca-1282f28e8654,0.5751376152038574,topic_2,True
192,36,11881ce6-9779-4948-abc7-48ec00d23fca,0.562648355960846,topic_2,True
192,36,3ada1724-89b3-4190-83d0-8b2217b7aa5a,0.562648355960846,topic_2,True
192,36,50ccfda5-6952-4a30-a8ea-1fcdd59de8d2,0.562648355960846,topic_2,True
192,36,732083b3-b561-48c0-b999-f7a6b164a08f,0.562648355960846,topic_2,True
192,36,76bce893-5b05-4244-a6d8-f51a7d58f8f7,0.562648355960846,topic_2,True
192,36,90786c9b-461d-4e4d-977f-ed0764206480,0.562648355960846,topic_2,True
192,36,d1805529-6794-4f82-9eb4-2b3a9a4dfdef,0.562648355960846,topic_2,True
192,36,dfef75de-8fb7-4f1d-acc3-38a52b773932,0.562648355960846,topic_2,True
192,36,ea12cbd0-266d-47ee-9426-18e6b56939b5,0.562648355960846,topic_2,True
192,36,f9e10c27-fc2c-40af-9439-75cab4613420,0.562648355960846,topic_2,True
193,3,1fc7f1ed-40c1-43fa-b3d2-761ec17fc964,0.8692226409912109,topic_2,True
193,3,61d768b4-bea3-4900-9278-0794f16c551f,0.8692226409912109,topic_2,True
193,3,c4e5b7a8-f0df-4a49-b7f4-075e2044912f,0.8692226409912109,topic_2,True
194,17,5fd1d548-8b5d-4658-b696-6dd3000d523a,0.8970963954925537,topic_2,True
194,17,7a11b331-545a-406e-b387-0e01995eb4f3,0.8970963954925537,topic_2,True
194,17,ead5ace4-ed3a-4a34-b447-0e4c79b784c5,0.8970963954925537,topic_2,True
194,17,36d40a61-1cbd-4091-8107-48fca7e6a8b9,0.585567057132721,topic_2,True
194,17,5865e6b2-10b5-4795-9298-3903018e613d,0.585567057132721,topic_2,True
194,17,66f6827d-f1b6-4e45-817e-6c5143083aa0,0.585567057132721,topic_2,True
194,17,b9eea203-3e4e-47c2-b910-60d0efd427e6,0.585567057132721,topic_2,True
194,17,11881ce6-9779-4948-abc7-48ec00d23fca,0.5329124331474304,topic_2,True
194,17,3ada1724-89b3-4190-83d0-8b2217b7aa5a,0.5329124331474304,topic_2,True
194,17,50ccfda5-6952-4a30-a8ea-1fcdd59de8d2,0.5329124331474304,topic_2,True
194,17,732083b3-b561-48c0-b999-f7a6b164a08f,0.5329124331474304,topic_2,True
194,17,76bce893-5b05-4244-a6d8-f51a7d58f8f7,0.5329124331474304,topic_2,True
194,17,90786c9b-461d-4e4d-977f-ed0764206480,0.5329124331474304,topic_2,True
194,17,d1805529-6794-4f82-9eb4-2b3a9a4dfdef,0.5329124331474304,topic_2,True
194,17,dfef75de-8fb7-4f1d-acc3-38a52b773932,0.5329124331474304,topic_2,True
194,17,ea12cbd0-266d-47ee-9426-18e6b56939b5,0.5329124331474304,topic_2,True
194,17,f9e10c27-fc2c-40af-9439-75cab4613420,0.5329124331474304,topic_2,True
195,21,a259874c-ff86-4a0a-80f7-38b600100217,0.8880940079689026,topic_2,True
195,21,f5078a18-62f0-4389-a597-2b83d01bf464,0.8880940079689026,topic_2,True
195,21,ffa4cc38-cc4d-4582-adb4-15e68e6706d0,0.8880940079689026,topic_2,True
195,21,2b8fbba4-7cd0-4572-ac24-33140a34b18a,0.632205605506897,topic_2,True
195,21,31e14c3d-daa7-4837-b78a-7fb4ffb057a2,0.632205605506897,topic_2,True
195,21,3b095291-aa18-45fd-a1d9-65040f08d245,0.632205605506897,topic_2,True
195,21,7e3c6771-57fe-431f-9369-c217f11e15c2,0.632205605506897,topic_2,True
195,21,8ad97832-a2d1-45f0-88b6-a8dd64480c89,0.632205605506897,topic_2,True
195,21,8c26928e-e3eb-4dd3-90be-d5b12363ac77,0.632205605506897,topic_2,True
195,21,939d8fe1-dee2-4943-bc52-15e4184567e3,0.632205605506897,topic_2,True
195,21,b3ca921c-c677-48fc-ae56-e0bee510c7cb,0.632205605506897,topic_2,True
195,21,c95ea662-f133-4aa2-935b-c5d5e70d9a92,0.632205605506897,topic_2,True
195,21,2f180e2f-9208-44ea-8ba2-2a4b2b57e0f1,0.554619550704956,topic_2,True
195,21,461ca34a-8299-40ed-93aa-6fec635580a6,0.554619550704956,topic_2,True
195,21,64a40544-da83-4141-8f49-0f700719d520,0.554619550704956,topic_2,True
195,21,af2be6aa-378f-4aca-b542-bba94f7f84d4,0.554619550704956,topic_2,True
195,21,b0680986-d9bd-42cb-b6de-f75146f1fe33,0.554619550704956,topic_2,True
195,21,b153ca39-3aa7-4a3c-88f6-3ba8434bae42,0.554619550704956,topic_2,True
195,21,b2a083e9-f284-46b0-8812-deea53b56145,0.554619550704956,topic_2,True
195,21,d7a540ee-540f-48c5-b8a0-fd7efab16139,0.554619550704956,topic_2,True
196,11,052092c7-821a-48aa-802d-414847578c09,0.8307068943977356,topic_2,True
196,11,5cb81d42-d7d3-4490-a5d9-fd5d7b770e38,0.8307068943977356,topic_2,True
196,11,628437aa-ddad-4dc5-bb09-a611f48f4647,0.8307068943977356,topic_2,True
196,11,5fd1d548-8b5d-4658-b696-6dd3000d523a,0.5034958124160767,topic_2,True
196,11,7a11b331-545a-406e-b387-0e01995eb4f3,0.5034958124160767,topic_2,True
196,11,a0a7f4d0-7e48-4abc-96ab-66a066aa962d,0.5034958124160767,topic_2,True
196,11,ead5ace4-ed3a-4a34-b447-0e4c79b784c5,0.5034958124160767,topic_2,True
196,11,36d40a61-1cbd-4091-8107-48fca7e6a8b9,0.5031293630599976,topic_2,True
196,11,5865e6b2-10b5-4795-9298-3903018e613d,0.5031293630599976,topic_2,True
196,11,66f6827d-f1b6-4e45-817e-6c5143083aa0,0.5031293630599976,topic_2,True
196,11,b9eea203-3e4e-47c2-b910-60d0efd427e6,0.5031293630599976,topic_2,True
197,18,285cd417-68a9-4e0e-956b-e928e292c73a,0.8553555011749268,topic_2,True
197,18,6be1425f-0d8e-49d9-8da7-06feb39cec35,0.8553555011749268,topic_2,True
197,18,7c8b74d1-e1e8-499a-a2cb-2cdc2523705e,0.8553555011749268,topic_2,True
197,18,898876d3-5ccc-424b-ae8c-79b0d0264c1a,0.8553555011749268,topic_2,True
197,18,5fd1d548-8b5d-4658-b696-6dd3000d523a,0.5054351687431335,topic_2,True
197,18,7a11b331-545a-406e-b387-0e01995eb4f3,0.5054351687431335,topic_2,True
197,18,a0a7f4d0-7e48-4abc-96ab-66a066aa962d,0.5054351687431335,topic_2,True
197,18,ead5ace4-ed3a-4a34-b447-0e4c79b784c5,0.5054351687431335,topic_2,True
197,18,078d0e9f-afea-4d8c-a9ec-4b2cf9cff354,0.5033813714981079,topic_2,True
197,18,1879f75f-58ac-4e30-8394-c044b73d32e5,0.5033813714981079,topic_2,True
197,18,22236c00-4b51-4313-a985-7cf1e537969f,0.5033813714981079,topic_2,True
197,18,355072c6-35df-49d5-9bf7-e8f169b0e086,0.5033813714981079,topic_2,True
197,18,6c5bcd57-8b0a-4adb-ab0d-f3a64a778d5d,0.5033813714981079,topic_2,True
197,18,86d671c2-2ec3-44c7-8a65-1f2946a85d47,0.5033813714981079,topic_2,True
197,18,b7796aab-652a-456e-b287-f46ed9b79f3a,0.5033813714981079,topic_2,True
197,18,ca772484-2412-4fdd-9a68-b726c4e2c143,0.5033813714981079,topic_2,True
197,18,db868b3d-342c-4d03-9a79-64b27837b5e4,0.5033813714981079,topic_2,True
197,18,f288bf66-fa18-4734-bb81-e0da8ef867ae,0.5033813714981079,topic_2,True
198,19,05260fe0-2626-45c4-ac24-1853e49f959a,0.9195806980133057,topic_2,True
198,19,43474132-c7f4-46c1-8d60-3a1292b9c4ce,0.9195806980133057,topic_2,True
198,19,6896f864-0b42-49d6-b823-d637e9dfdc08,0.9195806980133057,topic_2,True
198,19,c94fbeea-104f-435f-a6d2-5b8158671dc7,0.9195806980133057,topic_2,True
198,19,190dad49-265d-4ca9-b319-59df31243126,0.56034916639328,topic_2,True
198,19,3586b3d9-8cd0-425c-bfa4-12ede5ea224a,0.56034916639328,topic_2,True
198,19,4a830eaf-f575-4ea4-af48-92b85718092c,0.56034916639328,topic_2,True
198,19,4ddce2f4-2e7c-40ce-a358-ced95c9942cc,0.56034916639328,topic_2,True
198,19,755481fd-b0ab-4de1-8832-7a29a42af347,0.56034916639328,topic_2,True
198,19,88f6e161-d522-4c46-bb57-17edf3ea149d,0.56034916639328,topic_2,True
198,19,91f97e0f-c81f-415a-84d5-370c932bd526,0.56034916639328,topic_2,True
198,19,a592b98a-452e-4389-b1fb-01ace97420f7,0.56034916639328,topic_2,True
198,19,c83d9bce-ab60-4452-b79a-ccd638d43ee6,0.56034916639328,topic_2,True
198,19,4479ff71-3228-4f83-8bd6-067897312039,0.5027939677238464,topic_2,True
198,19,4b20c2c1-a8b0-4652-afab-c7dff3741d8f,0.5027939677238464,topic_2,True
198,19,5b52c0b8-cbfc-4ebc-a1fd-6a41046e5799,0.5027939677238464,topic_2,True
198,19,83a9115f-e99f-4072-906d-5d696a18fe6c,0.5027939677238464,topic_2,True
198,19,c9177183-413b-4ef8-a575-a3ec163c4386,0.5027939677238464,topic_2,True
198,19,fd680909-3b1e-40f7-b51b-fdda45f5ff86,0.5027939677238464,topic_2,True
199,24,23126666-b87b-44af-af43-558641c323b5,0.8692435026168823,topic_2,True
199,24,3d750569-0f27-4b8d-a68c-5868dd657993,0.8692435026168823,topic_2,True
199,24,c0e545a3-6ccc-4fff-8107-06d25bb50512,0.8692435026168823,topic_2,True
199,24,db34d4fa-c1b0-4d54-ba1d-27457cf24729,0.8692435026168823,topic_2,True
199,24,1fe1c897-c028-4b10-b5a6-651e2383566d,0.5274697542190552,topic_2,True
199,24,245ede3c-39e2-44af-8de2-86dffd0ab5dd,0.5274697542190552,topic_2,True
199,24,3019b128-926b-4d22-a66a-10d2768cf952,0.5274697542190552,topic_2,True
199,24,6d5be118-cdb0-4c55-97c1-3e53da49a4de,0.5274697542190552,topic_2,True
199,24,6e395e19-1736-4cc7-a1f6-cc4c8cc861f4,0.5274697542190552,topic_2,True
199,24,af9507d7-9513-40af-8985-7a14c802dd06,0.5274697542190552,topic_2,True
199,24,cacd0527-b32b-4f01-856c-c58a677a202e,0.5274697542190552,topic_2,True
199,24,d226615a-4a1c-4d70-af18-6253612f95f2,0.5274697542190552,topic_2,True
199,24,d9a788c5-317a-4545-9184-c4acaa54f6b9,0.5274697542190552,topic_2,True
199,24,e9d472d3-0248-4bdc-9368-d98c4b7fe1d5,0.5274697542190552,topic_2,True
199,24,285cd417-68a9-4e0e-956b-e928e292c73a,0.5194922089576721,topic_2,True
199,24,6be1425f-0d8e-49d9-8da7-06feb39cec35,0.5194922089576721,topic_2,True
199,24,7c8b74d1-e1e8-499a-a2cb-2cdc2523705e,0.5194922089576721,topic_2,True
199,24,898876d3-5ccc-424b-ae8c-79b0d0264c1a,0.5194922089576721,topic_2,True
199,24,911c20d9-56e0-4f69-8560-4b76751338a6,0.5194922089576721,topic_2,True
199,24,05260fe0-2626-45c4-ac24-1853e49f959a,0.5055779218673706,topic_2,True
199,24,43474132-c7f4-46c1-8d60-3a1292b9c4ce,0.5055779218673706,topic_2,True
199,24,6896f864-0b42-49d6-b823-d637e9dfdc08,0.5055779218673706,topic_2,True
199,24,c94fbeea-104f-435f-a6d2-5b8158671dc7,0.5055779218673706,topic_2,True
200,38,36d40a61-1cbd-4091-8107-48fca7e6a8b9,0.8727255463600159,topic_2,True
200,38,5865e6b2-10b5-4795-9298-3903018e613d,0.8727255463600159,topic_2,True
200,38,66f6827d-f1b6-4e45-817e-6c5143083aa0,0.8727255463600159,topic_2,True
200,38,b9eea203-3e4e-47c2-b910-60d0efd427e6,0.8727255463600159,topic_2,True
200,38,5fd1d548-8b5d-4658-b696-6dd3000d523a,0.6122223138809204,topic_2,True
200,38,7a11b331-545a-406e-b387-0e01995eb4f3,0.6122223138809204,topic_2,True
200,38,a0a7f4d0-7e48-4abc-96ab-66a066aa962d,0.6122223138809204,topic_2,True
200,38,ead5ace4-ed3a-4a34-b447-0e4c79b784c5,0.6122223138809204,topic_2,True
200,38,0972b605-8947-410f-bbe4-d0aec0bf97a0,0.6069525480270386,topic_2,True
200,38,2b27675e-7ca7-4534-9271-db0fba0f931f,0.6069525480270386,topic_2,True
200,38,363ca5cf-4c83-432e-9453-3c796a805dba,0.6069525480270386,topic_2,True
200,38,3d8a2635-a47b-4b1c-9cc5-730423e07e65,0.6069525480270386,topic_2,True
200,38,620349aa-de94-45c7-bea3-08ca78d848b7,0.6069525480270386,topic_2,True
200,38,869c5d2d-f919-41c0-8f97-bae23f58308b,0.6069525480270386,topic_2,True
200,38,94c44e21-2973-4a41-919d-43aa6841e0b8,0.6069525480270386,topic_2,True
200,38,bc50c81e-afec-40e2-b022-fd9739290eb8,0.6069525480270386,topic_2,True
200,38,dd330cbb-60bc-462f-8b2b-2af5e0018ef8,0.6069525480270386,topic_2,True
200,38,f7c061d5-3cbc-47b6-86c5-f9b899fc3c6c,0.6069525480270386,topic_2,True
200,38,012e10e2-0da9-4b96-9678-d473f14e34ab,0.5751376152038574,topic_2,True
200,38,0e3547d9-8a0c-4125-a56f-bef69f65d994,0.5751376152038574,topic_2,True
200,38,2df0b5c0-6614-4581-b95b-25a0facd11c3,0.5751376152038574,topic_2,True
200,38,51d28a25-239c-4048-891c-9b68f03c1a6a,0.5751376152038574,topic_2,True
200,38,b1c92968-f766-420f-9f2a-b35789a2dccc,0.5751376152038574,topic_2,True
200,38,dc2b3638-3376-4382-8782-20ca023e8554,0.5751376152038574,topic_2,True
200,38,e3a4e850-c28e-47f7-be91-fb23ce2255aa,0.5751376152038574,topic_2,True
200,38,f184814c-0a82-401f-95c3-2db50d68e267,0.5751376152038574,topic_2,True
200,38,f22180e9-0fa4-4fb2-8fca-1282f28e8654,0.5751376152038574,topic_2,True
200,38,11881ce6-9779-4948-abc7-48ec00d23fca,0.562648355960846,topic_2,True
200,38,3ada1724-89b3-4190-83d0-8b2217b7aa5a,0.562648355960846,topic_2,True
200,38,50ccfda5-6952-4a30-a8ea-1fcdd59de8d2,0.562648355960846,topic_2,True
200,38,732083b3-b561-48c0-b999-f7a6b164a08f,0.562648355960846,topic_2,True
200,38,76bce893-5b05-4244-a6d8-f51a7d58f8f7,0.562648355960846,topic_2,True
200,38,90786c9b-461d-4e4d-977f-ed0764206480,0.562648355960846,topic_2,True
200,38,d1805529-6794-4f82-9eb4-2b3a9a4dfdef,0.562648355960846,topic_2,True
200,38,dfef75de-8fb7-4f1d-acc3-38a52b773932,0.562648355960846,topic_2,True
200,38,ea12cbd0-266d-47ee-9426-18e6b56939b5,0.562648355960846,topic_2,True
200,38,f9e10c27-fc2c-40af-9439-75cab4613420,0.562648355960846,topic_2,True
