turn,episode_id,similarity_score,decay_score,retrieval_type
13,4cb44002-f213-4252-bb2a-041e3f96548d,0.5181240439414978,0.999867070724768,K
15,2df0b5c0-6614-4581-b95b-25a0facd11c3,0.5114039778709412,0.9999137745231856,K
17,b47a553a-a075-4dd3-83a6-aedcda190c1a,0.5489327311515808,0.9998306638945327,K
18,4cb44002-f213-4252-bb2a-041e3f96548d,0.8420382738113403,0.9996025503373847,K
18,2df0b5c0-6614-4581-b95b-25a0facd11c3,0.5429393649101257,0.9997569957525384,K
19,fd680909-3b1e-40f7-b51b-fdda45f5ff86,0.813904881477356,0.9994671554843103,K
20,f86ac065-f6bb-4ff7-8662-24b938599e20,0.8881787061691284,0.99945617598147,K
21,2df0b5c0-6614-4581-b95b-25a0facd11c3,0.8977577090263367,0.9997798941990591,K
21,4cb44002-f213-4252-bb2a-041e3f96548d,0.5181240439414978,0.999779894282374,K
21,25002995-2604-494f-bd24-f4bdb4ed321c,0.5036817193031311,0.9998473877297708,K
22,b47a553a-a075-4dd3-83a6-aedcda190c1a,0.8407300710678101,0.9996315684709043,K
22,66b3fd02-1571-40e4-b16f-809be793be3f,0.5076043009757996,0.9997052271485011,K
23,0a2d3eb3-88ab-4c99-9cfb-4ff4ad0f376a,0.8643723726272583,0.9994490930272247,K
23,0e3547d9-8a0c-4125-a56f-bef69f65d994,0.5114039778709412,0.9998917563309909,K
23,2df0b5c0-6614-4581-b95b-25a0facd11c3,0.5114039778709412,0.9998170800929977,K
24,461ca34a-8299-40ed-93aa-6fec635580a6,0.8811705112457275,0.9994197018270398,K
25,66b3fd02-1571-40e4-b16f-809be793be3f,0.7935101389884949,0.9997067638910034,K
25,b47a553a-a075-4dd3-83a6-aedcda190c1a,0.5489327311515808,0.9997067639743124,K
25,d91e4675-6664-45c3-9cc3-e2c2ecf98292,0.5489327311515808,0.9998150033362158,K
26,25002995-2604-494f-bd24-f4bdb4ed321c,0.8559183478355408,0.9995507056018595,K
26,4cb44002-f213-4252-bb2a-041e3f96548d,0.8420382738113403,0.9995507057962166,K
26,0e3547d9-8a0c-4125-a56f-bef69f65d994,0.5429393649101257,0.9997335927704876,K
26,2df0b5c0-6614-4581-b95b-25a0facd11c3,0.5429393649101257,0.9997335929648802,K
27,83a9115f-e99f-4072-906d-5d696a18fe6c,0.813904881477356,0.9994019726674472,K
27,fd680909-3b1e-40f7-b51b-fdda45f5ff86,0.813904881477356,0.9993230869868337,K
28,9e6e30c6-a20b-477c-9ca1-28749f99ebb6,0.8881787061691284,0.9993921694150112,K
28,f86ac065-f6bb-4ff7-8662-24b938599e20,0.8881787061691284,0.9993185245876949,K
29,0e3547d9-8a0c-4125-a56f-bef69f65d994,0.8977577090263367,0.999765032137051,K
29,2df0b5c0-6614-4581-b95b-25a0facd11c3,0.8977577090263367,0.9997650323314498,K
29,a7e1c93c-026a-476b-b440-58b1e35c3abb,0.5227797031402588,0.9998401351408598,K
29,4cb44002-f213-4252-bb2a-041e3f96548d,0.5181240439414978,0.9997650323869923,K
29,25002995-2604-494f-bd24-f4bdb4ed321c,0.5036817193031311,0.9997650321925935,K
30,b47a553a-a075-4dd3-83a6-aedcda190c1a,0.8407300710678101,0.9996030338674685,K
30,d91e4675-6664-45c3-9cc3-e2c2ecf98292,0.8407300710678101,0.9996030336731013,K
30,66b3fd02-1571-40e4-b16f-809be793be3f,0.5076043009757996,0.999603033811935,K
30,fd74da97-b662-4f95-9b5d-dce2b76016ef,0.5076043009757996,0.9996844294972933,K
31,0a2d3eb3-88ab-4c99-9cfb-4ff4ad0f376a,0.8643723726272583,0.9993045426093382,K
31,660c1923-447f-458f-bc50-1ae3a4eaac5a,0.8643723726272583,0.9994081767798223,K
31,0e3547d9-8a0c-4125-a56f-bef69f65d994,0.5114039778709412,0.9998057697540259,K
31,2df0b5c0-6614-4581-b95b-25a0facd11c3,0.5114039778709412,0.9998057699484326,K
31,f184814c-0a82-401f-95c3-2db50d68e267,0.5114039778709412,0.9998863825382861,K
32,461ca34a-8299-40ed-93aa-6fec635580a6,0.8811705112457275,0.9993003161429883,K
32,b0680986-d9bd-42cb-b6de-f75146f1fe33,0.8811705112457275,0.9993815849085953,K
32,a7e1c93c-026a-476b-b440-58b1e35c3abb,0.5140858888626099,0.9996978658739328,K
33,66b3fd02-1571-40e4-b16f-809be793be3f,0.7935101389884949,0.9996920777788925,K
33,fd74da97-b662-4f95-9b5d-dce2b76016ef,0.7935101389884949,0.999692077584508,K
33,503a96f0-68e6-4bb7-bf56-a9eaeed94082,0.5489327311515808,0.9998056788272498,K
33,b47a553a-a075-4dd3-83a6-aedcda190c1a,0.5489327311515808,0.9996920778344309,K
33,d91e4675-6664-45c3-9cc3-e2c2ecf98292,0.5489327311515808,0.9996920776678155,K
34,a7e1c93c-026a-476b-b440-58b1e35c3abb,0.868101179599762,0.999812922501178,K
34,25002995-2604-494f-bd24-f4bdb4ed321c,0.8559183478355408,0.9995108403998086,K
34,4cb44002-f213-4252-bb2a-041e3f96548d,0.8420382738113403,0.999510840594158,K
34,0e3547d9-8a0c-4125-a56f-bef69f65d994,0.5429393649101257,0.9997050194597616,K
34,2df0b5c0-6614-4581-b95b-25a0facd11c3,0.5429393649101257,0.9997050196263791,K
34,f184814c-0a82-401f-95c3-2db50d68e267,0.5429393649101257,0.999705019237605,K
35,83a9115f-e99f-4072-906d-5d696a18fe6c,0.813904881477356,0.9992677186656068,K
35,c9177183-413b-4ef8-a575-a3ec163c4386,0.813904881477356,0.9993511625860906,K
35,fd680909-3b1e-40f7-b51b-fdda45f5ff86,0.813904881477356,0.9992677188599088,K
36,9e6e30c6-a20b-477c-9ca1-28749f99ebb6,0.8881787061691284,0.9992618956164874,K
36,bb8d0f97-a9bb-4cc8-bea7-8113a022340f,0.8881787061691284,0.999338223987068,K
36,f86ac065-f6bb-4ff7-8662-24b938599e20,0.8881787061691284,0.9992618958107883,K
37,0e3547d9-8a0c-4125-a56f-bef69f65d994,0.8977577090263367,0.9997390008717556,K
37,2df0b5c0-6614-4581-b95b-25a0facd11c3,0.8977577090263367,0.9997390010383789,K
37,f184814c-0a82-401f-95c3-2db50d68e267,0.8977577090263367,0.999739000677362,K
37,f51b45c6-7a47-4fda-bfcd-aae8caf45612,0.5352218151092529,0.9998223680562001,K
37,a7e1c93c-026a-476b-b440-58b1e35c3abb,0.5227797031402588,0.9997390007606736,K
37,4cb44002-f213-4252-bb2a-041e3f96548d,0.5181240439414978,0.9997390011216905,K
37,25002995-2604-494f-bd24-f4bdb4ed321c,0.5036817193031311,0.9997390009550673,K
38,503a96f0-68e6-4bb7-bf56-a9eaeed94082,0.8407300710678101,0.9995464333924473,K
38,b47a553a-a075-4dd3-83a6-aedcda190c1a,0.8407300710678101,0.9995464337811598,K
38,d91e4675-6664-45c3-9cc3-e2c2ecf98292,0.8407300710678101,0.9995464335868035,K
38,2fbf176a-8f67-403d-8066-da5b52ba7f59,0.5076043009757996,0.9996470774862514,K
38,66b3fd02-1571-40e4-b16f-809be793be3f,0.5076043009757996,0.9995464336978642,K
38,fd74da97-b662-4f95-9b5d-dce2b76016ef,0.5076043009757996,0.999546433503508,K
39,0a2d3eb3-88ab-4c99-9cfb-4ff4ad0f376a,0.8643723726272583,0.9992311786113978,K
39,660c1923-447f-458f-bc50-1ae3a4eaac5a,0.8643723726272583,0.9992311784448593,K
39,fb5dd66b-f617-4923-9856-c0d20d4991f7,0.8643723726272583,0.9993390303145431,K
39,0e3547d9-8a0c-4125-a56f-bef69f65d994,0.5114039778709412,0.9997869735266954,K
39,2df0b5c0-6614-4581-b95b-25a0facd11c3,0.5114039778709412,0.9997869736933266,K
39,51d28a25-239c-4048-891c-9b68f03c1a6a,0.5114039778709412,0.9998789097486831,K
39,f184814c-0a82-401f-95c3-2db50d68e267,0.5114039778709412,0.9997869733322924,K
41,2fbf176a-8f67-403d-8066-da5b52ba7f59,0.7935101389884949,0.9996921545330316,K
41,66b3fd02-1571-40e4-b16f-809be793be3f,0.7935101389884949,0.9996921549218007,K
41,fd74da97-b662-4f95-9b5d-dce2b76016ef,0.7935101389884949,0.9996921547274162,K
41,503a96f0-68e6-4bb7-bf56-a9eaeed94082,0.5489327311515808,0.9996921545885701,K
41,b47a553a-a075-4dd3-83a6-aedcda190c1a,0.5489327311515808,0.9996921549773392,K
41,d91e4675-6664-45c3-9cc3-e2c2ecf98292,0.5489327311515808,0.9996921548107239,K
41,f0e0740c-a36b-40cf-8436-7063ce4e91fc,0.5489327311515808,0.9998132271108948,K
42,a7e1c93c-026a-476b-b440-58b1e35c3abb,0.868101179599762,0.9994926847556953,K
42,25002995-2604-494f-bd24-f4bdb4ed321c,0.8559183478355408,0.9994926849778047,K
42,f51b45c6-7a47-4fda-bfcd-aae8caf45612,0.8532615303993225,0.9994926845613494,K
42,4cb44002-f213-4252-bb2a-041e3f96548d,0.8420382738113403,0.9994926851999142,K
42,0e3547d9-8a0c-4125-a56f-bef69f65d994,0.5429393649101257,0.9997056541338025,K
42,2df0b5c0-6614-4581-b95b-25a0facd11c3,0.5429393649101257,0.9997056543281898,K
42,51d28a25-239c-4048-891c-9b68f03c1a6a,0.5429393649101257,0.9997056536894889,K
42,f184814c-0a82-401f-95c3-2db50d68e267,0.5429393649101257,0.9997056538838761,K
43,4479ff71-3228-4f83-8bd6-067897312039,0.813904881477356,0.9993102626449107,K
43,83a9115f-e99f-4072-906d-5d696a18fe6c,0.813904881477356,0.9992209992454234,K
43,c9177183-413b-4ef8-a575-a3ec163c4386,0.813904881477356,0.9992209990233744,K
43,fd680909-3b1e-40f7-b51b-fdda45f5ff86,0.813904881477356,0.9992209994397164,K
44,9e6e30c6-a20b-477c-9ca1-28749f99ebb6,0.8881787061691284,0.9992093351569731,K
44,aa3dbb0b-1096-46be-a0c5-9bde9e4b4648,0.8881787061691284,0.9992975923593804,K
44,bb8d0f97-a9bb-4cc8-bea7-8113a022340f,0.8881787061691284,0.9992093349626824,K
44,f86ac065-f6bb-4ff7-8662-24b938599e20,0.8881787061691284,0.999209335323508,K
45,0e3547d9-8a0c-4125-a56f-bef69f65d994,0.8977577090263367,0.9997129638971912,K
45,2df0b5c0-6614-4581-b95b-25a0facd11c3,0.8977577090263367,0.99971296406381,K
45,51d28a25-239c-4048-891c-9b68f03c1a6a,0.8977577090263367,0.999712963508414,K
45,f184814c-0a82-401f-95c3-2db50d68e267,0.8977577090263367,0.9997129637028026,K
45,fe81cd1d-729d-48fe-81ba-e45db6ab0a2a,0.546974241733551,0.9998071476539604,K
45,f51b45c6-7a47-4fda-bfcd-aae8caf45612,0.5352218151092529,0.9997129635917233,K
45,a7e1c93c-026a-476b-b440-58b1e35c3abb,0.5227797031402588,0.9997129637583422,K
45,4cb44002-f213-4252-bb2a-041e3f96548d,0.5181240439414978,0.9997129641471195,K
45,25002995-2604-494f-bd24-f4bdb4ed321c,0.5036817193031311,0.9997129639527309,K
46,503a96f0-68e6-4bb7-bf56-a9eaeed94082,0.8407300710678101,0.9995087463157349,K
46,b47a553a-a075-4dd3-83a6-aedcda190c1a,0.8407300710678101,0.9995087467044328,K
46,d91e4675-6664-45c3-9cc3-e2c2ecf98292,0.8407300710678101,0.9995087465100838,K
46,f0e0740c-a36b-40cf-8436-7063ce4e91fc,0.8407300710678101,0.9995087461213861,K
46,2fbf176a-8f67-403d-8066-da5b52ba7f59,0.5076043009757996,0.9995087462324426,K
46,66b3fd02-1571-40e4-b16f-809be793be3f,0.5076043009757996,0.9995087466211404,K
46,addb7039-7702-488a-ad69-25bac166bb7a,0.5076043009757996,0.9996163007702739,K
46,fd74da97-b662-4f95-9b5d-dce2b76016ef,0.5076043009757996,0.9995087464267914,K
47,0a2d3eb3-88ab-4c99-9cfb-4ff4ad0f376a,0.8643723726272583,0.9991932391622165,K
47,2f3fee96-f57b-4f43-aff7-b114a086418f,0.8643723726272583,0.9993087821956119,K
47,660c1923-447f-458f-bc50-1ae3a4eaac5a,0.8643723726272583,0.9991932389401735,K
47,fb5dd66b-f617-4923-9856-c0d20d4991f7,0.8643723726272583,0.9991932387181306,K
47,0e3547d9-8a0c-4125-a56f-bef69f65d994,0.5114039778709412,0.9997744196970635,K
47,2df0b5c0-6614-4581-b95b-25a0facd11c3,0.5114039778709412,0.9997744198914641,K
47,51d28a25-239c-4048-891c-9b68f03c1a6a,0.5114039778709412,0.9997744192804908,K
47,f184814c-0a82-401f-95c3-2db50d68e267,0.5114039778709412,0.9997744194471199,K
47,f22180e9-0fa4-4fb2-8fca-1282f28e8654,0.5114039778709412,0.9998711044188604,K
48,461ca34a-8299-40ed-93aa-6fec635580a6,0.8811705112457275,0.9984098014854312,K
48,af2be6aa-378f-4aca-b542-bba94f7f84d4,0.8811705112457275,0.9984960827963727,K
48,b0680986-d9bd-42cb-b6de-f75146f1fe33,0.8811705112457275,0.998409801291296,K
48,f51b45c6-7a47-4fda-bfcd-aae8caf45612,0.5168207883834839,0.9996512704314074,K
48,a7e1c93c-026a-476b-b440-58b1e35c3abb,0.5140858888626099,0.999651270598016,K
48,fe81cd1d-729d-48fe-81ba-e45db6ab0a2a,0.5070163607597351,0.9996512702370308,K
49,2fbf176a-8f67-403d-8066-da5b52ba7f59,0.7935101389884949,0.9996476611692431,K
49,66b3fd02-1571-40e4-b16f-809be793be3f,0.7935101389884949,0.999647661557995,K
49,addb7039-7702-488a-ad69-25bac166bb7a,0.7935101389884949,0.9996476610026351,K
49,fd74da97-b662-4f95-9b5d-dce2b76016ef,0.7935101389884949,0.999647661363619,K
49,503a96f0-68e6-4bb7-bf56-a9eaeed94082,0.5489327311515808,0.9996476612525471,K
49,79203071-25ac-4bcd-a105-7c04f6d479a4,0.5489327311515808,0.999776534499913,K
49,b47a553a-a075-4dd3-83a6-aedcda190c1a,0.5489327311515808,0.9996476616135309,K
49,d91e4675-6664-45c3-9cc3-e2c2ecf98292,0.5489327311515808,0.999647661446923,K
49,f0e0740c-a36b-40cf-8436-7063ce4e91fc,0.5489327311515808,0.9996476610581712,K
50,a7e1c93c-026a-476b-b440-58b1e35c3abb,0.868101179599762,0.9997850789877193,K
50,fe81cd1d-729d-48fe-81ba-e45db6ab0a2a,0.8613193035125732,0.9997850786266859,K
50,25002995-2604-494f-bd24-f4bdb4ed321c,0.8559183478355408,0.9994364187604898,K
50,f51b45c6-7a47-4fda-bfcd-aae8caf45612,0.8532615303993225,0.9997850788210885,K
50,4cb44002-f213-4252-bb2a-041e3f96548d,0.8420382738113403,0.9994364189548247,K
50,0e3547d9-8a0c-4125-a56f-bef69f65d994,0.5429393649101257,0.9996619302140284,K
50,2df0b5c0-6614-4581-b95b-25a0facd11c3,0.5429393649101257,0.9996619304084071,K
50,51d28a25-239c-4048-891c-9b68f03c1a6a,0.5429393649101257,0.9996619298252709,K
50,f184814c-0a82-401f-95c3-2db50d68e267,0.5429393649101257,0.9996619300196496,K
50,f22180e9-0fa4-4fb2-8fca-1282f28e8654,0.5429393649101257,0.9996619296308923,K
51,4479ff71-3228-4f83-8bd6-067897312039,0.813904881477356,0.9991314066679908,K
51,4b20c2c1-a8b0-4652-afab-c7dff3741d8f,0.813904881477356,0.9992323243416266,K
51,83a9115f-e99f-4072-906d-5d696a18fe6c,0.813904881477356,0.9991314070287883,K
51,c9177183-413b-4ef8-a575-a3ec163c4386,0.813904881477356,0.9991314068345127,K
51,fd680909-3b1e-40f7-b51b-fdda45f5ff86,0.813904881477356,0.9991314072230638,K
52,9e6e30c6-a20b-477c-9ca1-28749f99ebb6,0.8881787061691284,0.9991220146271291,K
52,9fa39dad-8af3-451a-b85b-074878b3678c,0.8881787061691284,0.9992138136510054,K
52,aa3dbb0b-1096-46be-a0c5-9bde9e4b4648,0.8881787061691284,0.9991220142385817,K
52,bb8d0f97-a9bb-4cc8-bea7-8113a022340f,0.8881787061691284,0.9991220144328554,K
52,f86ac065-f6bb-4ff7-8662-24b938599e20,0.8881787061691284,0.9991220148214028,K
53,0e3547d9-8a0c-4125-a56f-bef69f65d994,0.8977577090263367,0.9996788786260645,K
53,2df0b5c0-6614-4581-b95b-25a0facd11c3,0.8977577090263367,0.9996788788204465,K
53,51d28a25-239c-4048-891c-9b68f03c1a6a,0.8977577090263367,0.9996788782373005,K
53,f184814c-0a82-401f-95c3-2db50d68e267,0.8977577090263367,0.9996788784316825,K
53,f22180e9-0fa4-4fb2-8fca-1282f28e8654,0.8977577090263367,0.9996788779873808,K
53,fe81cd1d-729d-48fe-81ba-e45db6ab0a2a,0.546974241733551,0.9996788780984562,K
53,758f53d8-16c4-4bed-9c10-2af6a2ee31f8,0.5352218151092529,0.999791201301483,K
53,f51b45c6-7a47-4fda-bfcd-aae8caf45612,0.5352218151092529,0.9996788782928382,K
53,a7e1c93c-026a-476b-b440-58b1e35c3abb,0.5227797031402588,0.9996788784872203,K
53,4cb44002-f213-4252-bb2a-041e3f96548d,0.5181240439414978,0.9996788789037531,K
53,25002995-2604-494f-bd24-f4bdb4ed321c,0.5036817193031311,0.9996788787093711,K
54,503a96f0-68e6-4bb7-bf56-a9eaeed94082,0.8407300710678101,0.9994595602013367,K
54,79203071-25ac-4bcd-a105-7c04f6d479a4,0.8407300710678101,0.9994595598126581,K
54,b47a553a-a075-4dd3-83a6-aedcda190c1a,0.8407300710678101,0.9994595606177783,K
54,d91e4675-6664-45c3-9cc3-e2c2ecf98292,0.8407300710678101,0.9994595604234389,K
54,f0e0740c-a36b-40cf-8436-7063ce4e91fc,0.8407300710678101,0.9994595600347602,K
54,2fbf176a-8f67-403d-8066-da5b52ba7f59,0.5076043009757996,0.9994595601458113,K
54,66b3fd02-1571-40e4-b16f-809be793be3f,0.5076043009757996,0.9994595605344899,K
54,7c2d5881-2725-486b-b792-4c55c60ebc20,0.5076043009757996,0.9995741375385042,K
54,addb7039-7702-488a-ad69-25bac166bb7a,0.5076043009757996,0.9994595599514718,K
54,fd74da97-b662-4f95-9b5d-dce2b76016ef,0.5076043009757996,0.9994595603401506,K
55,0a2d3eb3-88ab-4c99-9cfb-4ff4ad0f376a,0.8643723726272583,0.9991000266358373,K
55,2f3fee96-f57b-4f43-aff7-b114a086418f,0.8643723726272583,0.9991000261085345,K
55,660c1923-447f-458f-bc50-1ae3a4eaac5a,0.8643723726272583,0.9991000264415678,K
55,b6719b47-dc74-470d-b71e-2ced653cd768,0.8643723726272583,0.99922310560551,K
55,fb5dd66b-f617-4923-9856-c0d20d4991f7,0.8643723726272583,0.9991000262750512,K
55,012e10e2-0da9-4b96-9678-d473f14e34ab,0.5114039778709412,0.9998637229254531,K
55,0e3547d9-8a0c-4125-a56f-bef69f65d994,0.5114039778709412,0.9997589641649167,K
55,2df0b5c0-6614-4581-b95b-25a0facd11c3,0.5114039778709412,0.9997589643315433,K
55,51d28a25-239c-4048-891c-9b68f03c1a6a,0.5114039778709412,0.9997589637761216,K
55,f184814c-0a82-401f-95c3-2db50d68e267,0.5114039778709412,0.9997589639427481,K
55,f22180e9-0fa4-4fb2-8fca-1282f28e8654,0.5114039778709412,0.999758963581724,K
56,461ca34a-8299-40ed-93aa-6fec635580a6,0.8811705112457275,0.9990934526347959,K
56,af2be6aa-378f-4aca-b542-bba94f7f84d4,0.8811705112457275,0.9990934522462596,K
56,b0680986-d9bd-42cb-b6de-f75146f1fe33,0.8811705112457275,0.9990934524405277,K
56,d7a540ee-540f-48c5-b8a0-fd7efab16139,0.8811705112457275,0.999193683081667,K
56,758f53d8-16c4-4bed-9c10-2af6a2ee31f8,0.5168207883834839,0.99962924024839,K
56,f51b45c6-7a47-4fda-bfcd-aae8caf45612,0.5168207883834839,0.9996292406371347,K
56,a7e1c93c-026a-476b-b440-58b1e35c3abb,0.5140858888626099,0.9996292408037396,K
56,fe81cd1d-729d-48fe-81ba-e45db6ab0a2a,0.5070163607597351,0.9996292404705298,K
57,2fbf176a-8f67-403d-8066-da5b52ba7f59,0.7935101389884949,0.9996266211121418,K
57,66b3fd02-1571-40e4-b16f-809be793be3f,0.7935101389884949,0.9996266214731181,K
57,7c2d5881-2725-486b-b792-4c55c60ebc20,0.7935101389884949,0.9996266207233981,K
57,addb7039-7702-488a-ad69-25bac166bb7a,0.7935101389884949,0.99962662091777,K
57,fd74da97-b662-4f95-9b5d-dce2b76016ef,0.7935101389884949,0.9996266212787462,K
57,503a96f0-68e6-4bb7-bf56-a9eaeed94082,0.5489327311515808,0.9996266211676766,K
57,79203071-25ac-4bcd-a105-7c04f6d479a4,0.5489327311515808,0.9996266208067004,K
57,b47a553a-a075-4dd3-83a6-aedcda190c1a,0.5489327311515808,0.9996266215564203,K
57,d91e4675-6664-45c3-9cc3-e2c2ecf98292,0.5489327311515808,0.999626621389816,K
57,dee5cf3a-af6e-4555-a949-1db2626b52b0,0.5489327311515808,0.999762871508295,K
57,f0e0740c-a36b-40cf-8436-7063ce4e91fc,0.5489327311515808,0.9996266210010722,K
58,a7e1c93c-026a-476b-b440-58b1e35c3abb,0.868101179599762,0.9997697089099538,K
58,fe81cd1d-729d-48fe-81ba-e45db6ab0a2a,0.8613193035125732,0.9997697085766972,K
58,25002995-2604-494f-bd24-f4bdb4ed321c,0.8559183478355408,0.9993990277117843,K
58,758f53d8-16c4-4bed-9c10-2af6a2ee31f8,0.8532615303993225,0.9997697083545262,K
58,f51b45c6-7a47-4fda-bfcd-aae8caf45612,0.8532615303993225,0.9997697087433255,K
58,4cb44002-f213-4252-bb2a-041e3f96548d,0.8420382738113403,0.999399027906112,K
58,012e10e2-0da9-4b96-9678-d473f14e34ab,0.5429393649101257,0.9996399827939749,K
58,0e3547d9-8a0c-4125-a56f-bef69f65d994,0.5429393649101257,0.999639983543705,K
58,2df0b5c0-6614-4581-b95b-25a0facd11c3,0.5429393649101257,0.9996399837380794,K
58,51d28a25-239c-4048-891c-9b68f03c1a6a,0.5429393649101257,0.9996399831827238,K
58,f184814c-0a82-401f-95c3-2db50d68e267,0.5429393649101257,0.9996399833493305,K
58,f22180e9-0fa4-4fb2-8fca-1282f28e8654,0.5429393649101257,0.9996399829605817,K
59,4479ff71-3228-4f83-8bd6-067897312039,0.813904881477356,0.9990696684159104,K
59,4b20c2c1-a8b0-4652-afab-c7dff3741d8f,0.813904881477356,0.9990696682493988,K
59,83a9115f-e99f-4072-906d-5d696a18fe6c,0.813904881477356,0.9990696688044375,K
59,c9177183-413b-4ef8-a575-a3ec163c4386,0.813904881477356,0.9990696686101739,K
59,fd680909-3b1e-40f7-b51b-fdda45f5ff86,0.813904881477356,0.999069669026453,K
59,c1ed7098-0d2f-48ab-a077-a352214f2edc,0.8128653764724731,0.999179973155933,K
60,9e6e30c6-a20b-477c-9ca1-28749f99ebb6,0.8881787061691284,0.9990683627714666,K
60,9fa39dad-8af3-451a-b85b-074878b3678c,0.8881787061691284,0.9990683621609248,K
60,aa3dbb0b-1096-46be-a0c5-9bde9e4b4648,0.8881787061691284,0.99906836238294,K
60,bb8d0f97-a9bb-4cc8-bea7-8113a022340f,0.8881787061691284,0.9990683625494514,K
60,d7510796-1bf2-441e-9d60-1a8df40fcdf9,0.8881787061691284,0.999166700747931,K
60,f86ac065-f6bb-4ff7-8662-24b938599e20,0.8881787061691284,0.9990683629657299,K
61,012e10e2-0da9-4b96-9678-d473f14e34ab,0.8977577090263367,0.9996633863615322,K
61,0e3547d9-8a0c-4125-a56f-bef69f65d994,0.8977577090263367,0.9996633871112798,K
61,2df0b5c0-6614-4581-b95b-25a0facd11c3,0.8977577090263367,0.9996633872778903,K
61,51d28a25-239c-4048-891c-9b68f03c1a6a,0.8977577090263367,0.9996633867225218,K
61,f184814c-0a82-401f-95c3-2db50d68e267,0.8977577090263367,0.9996633869169007,K
61,f22180e9-0fa4-4fb2-8fca-1282f28e8654,0.8977577090263367,0.9996633865281428,K
61,fe81cd1d-729d-48fe-81ba-e45db6ab0a2a,0.546974241733551,0.999663386611448,K
61,758f53d8-16c4-4bed-9c10-2af6a2ee31f8,0.5352218151092529,0.9996633864170691,K
61,dafc9a67-2a42-4fdc-9801-a6c5edc71b08,0.5352218151092529,0.99978413394132,K
61,f51b45c6-7a47-4fda-bfcd-aae8caf45612,0.5352218151092529,0.999663386805827,K
61,a7e1c93c-026a-476b-b440-58b1e35c3abb,0.5227797031402588,0.9996633869724376,K
61,4cb44002-f213-4252-bb2a-041e3f96548d,0.5181240439414978,0.9996633873611956,K
61,25002995-2604-494f-bd24-f4bdb4ed321c,0.5036817193031311,0.9996633871668166,K
62,503a96f0-68e6-4bb7-bf56-a9eaeed94082,0.8407300710678101,0.9994422273630245,K
62,79203071-25ac-4bcd-a105-7c04f6d479a4,0.8407300710678101,0.9994422269743525,K
62,b47a553a-a075-4dd3-83a6-aedcda190c1a,0.8407300710678101,0.9994422277239341,K
62,d91e4675-6664-45c3-9cc3-e2c2ecf98292,0.8407300710678101,0.9994422275295981,K
62,dee5cf3a-af6e-4555-a949-1db2626b52b0,0.8407300710678101,0.9994422268077787,K
62,f0e0740c-a36b-40cf-8436-7063ce4e91fc,0.8407300710678101,0.9994422271964507,K
62,2fbf176a-8f67-403d-8066-da5b52ba7f59,0.5076043009757996,0.9994422272797375,K
62,66b3fd02-1571-40e4-b16f-809be793be3f,0.5076043009757996,0.9994422276406473,K
62,7c2d5881-2725-486b-b792-4c55c60ebc20,0.5076043009757996,0.9994422269188279,K
62,addb7039-7702-488a-ad69-25bac166bb7a,0.5076043009757996,0.9994422271131639,K
62,d66c5563-b7f3-4079-b1c1-9a381b09a371,0.5076043009757996,0.9995650927107153,K
62,fd74da97-b662-4f95-9b5d-dce2b76016ef,0.5076043009757996,0.9994422274740735,K
63,0a2d3eb3-88ab-4c99-9cfb-4ff4ad0f376a,0.8643723726272583,0.9990630379732982,K
63,2f3fee96-f57b-4f43-aff7-b114a086418f,0.8643723726272583,0.999063037446015,K
63,43904d56-aef9-4dc8-8554-64efce3cf726,0.8643723726272583,0.9991926877187222,K
63,660c1923-447f-458f-bc50-1ae3a4eaac5a,0.8643723726272583,0.9990630378067877,K
63,b6719b47-dc74-470d-b71e-2ced653cd768,0.8643723726272583,0.9990630372517527,K
63,fb5dd66b-f617-4923-9856-c0d20d4991f7,0.8643723726272583,0.9990630376125255,K
63,012e10e2-0da9-4b96-9678-d473f14e34ab,0.5114039778709412,0.999759394700099,K
63,0e3547d9-8a0c-4125-a56f-bef69f65d994,0.5114039778709412,0.9997593954499185,K
63,2df0b5c0-6614-4581-b95b-25a0facd11c3,0.5114039778709412,0.999759395616545,K
63,51d28a25-239c-4048-891c-9b68f03c1a6a,0.5114039778709412,0.9997593950888943,K
63,b1c92968-f766-420f-9f2a-b35789a2dccc,0.5114039778709412,0.9998577057359004,K
63,f184814c-0a82-401f-95c3-2db50d68e267,0.5114039778709412,0.9997593952555208,K
63,f22180e9-0fa4-4fb2-8fca-1282f28e8654,0.5114039778709412,0.9997593948667255,K
64,2f180e2f-9208-44ea-8ba2-2a4b2b57e0f1,0.8811705112457275,0.9991638631185303,K
64,461ca34a-8299-40ed-93aa-6fec635580a6,0.8811705112457275,0.9990565601250645,K
64,af2be6aa-378f-4aca-b542-bba94f7f84d4,0.8811705112457275,0.9990565597642941,K
64,b0680986-d9bd-42cb-b6de-f75146f1fe33,0.8811705112457275,0.9990565599308036,K
64,d7a540ee-540f-48c5-b8a0-fd7efab16139,0.8811705112457275,0.9990565594035237,K
64,758f53d8-16c4-4bed-9c10-2af6a2ee31f8,0.5168207883834839,0.9996231890944017,K
64,dafc9a67-2a42-4fdc-9801-a6c5edc71b08,0.5168207883834839,0.9996231889277978,K
64,f51b45c6-7a47-4fda-bfcd-aae8caf45612,0.5168207883834839,0.9996231894553768,K
64,a7e1c93c-026a-476b-b440-58b1e35c3abb,0.5140858888626099,0.999623189649748,K
64,fe81cd1d-729d-48fe-81ba-e45db6ab0a2a,0.5070163607597351,0.9996231892887728,K
65,2fbf176a-8f67-403d-8066-da5b52ba7f59,0.7935101389884949,0.999608690026171,K
65,66b3fd02-1571-40e4-b16f-809be793be3f,0.7935101389884949,0.9996086903871408,K
65,7c2d5881-2725-486b-b792-4c55c60ebc20,0.7935101389884949,0.9996086896652012,K
65,addb7039-7702-488a-ad69-25bac166bb7a,0.7935101389884949,0.9996086898595696,K
65,d66c5563-b7f3-4079-b1c1-9a381b09a371,0.7935101389884949,0.9996086894708329,K
65,fd74da97-b662-4f95-9b5d-dce2b76016ef,0.7935101389884949,0.9996086901927724,K
65,503a96f0-68e6-4bb7-bf56-a9eaeed94082,0.5489327311515808,0.9996086900817048,K
65,79203071-25ac-4bcd-a105-7c04f6d479a4,0.5489327311515808,0.999608689720735,K
65,b47a553a-a075-4dd3-83a6-aedcda190c1a,0.5489327311515808,0.9996086904704415,K
65,d7d5ed77-75a7-49b4-96b4-8c6aa6cb6d24,0.5489327311515808,0.999750954572518,K
65,d91e4675-6664-45c3-9cc3-e2c2ecf98292,0.5489327311515808,0.9996086902760732,K
65,dee5cf3a-af6e-4555-a949-1db2626b52b0,0.5489327311515808,0.9996086895263667,K
65,f0e0740c-a36b-40cf-8436-7063ce4e91fc,0.5489327311515808,0.9996086899151034,K
66,a7e1c93c-026a-476b-b440-58b1e35c3abb,0.868101179599762,0.9997562986722162,K
66,fe81cd1d-729d-48fe-81ba-e45db6ab0a2a,0.8613193035125732,0.999756298283422,K
66,25002995-2604-494f-bd24-f4bdb4ed321c,0.8559183478355408,0.999379573932785,K
66,758f53d8-16c4-4bed-9c10-2af6a2ee31f8,0.8532615303993225,0.999756298061254,K
66,dafc9a67-2a42-4fdc-9801-a6c5edc71b08,0.8532615303993225,0.9997562978668569,K
66,f51b45c6-7a47-4fda-bfcd-aae8caf45612,0.8532615303993225,0.9997562984778191,K
66,4cb44002-f213-4252-bb2a-041e3f96548d,0.8420382738113403,0.9993795741548693,K
66,012e10e2-0da9-4b96-9678-d473f14e34ab,0.5429393649101257,0.9996200934327822,K
66,0e3547d9-8a0c-4125-a56f-bef69f65d994,0.5429393649101257,0.9996200942935662,K
66,2df0b5c0-6614-4581-b95b-25a0facd11c3,0.5429393649101257,0.9996200945157041,K
66,51d28a25-239c-4048-891c-9b68f03c1a6a,0.5429393649101257,0.9996200938492906,K
66,b1c92968-f766-420f-9f2a-b35789a2dccc,0.5429393649101257,0.9996200932384117,K
66,f184814c-0a82-401f-95c3-2db50d68e267,0.5429393649101257,0.9996200940436613,K
66,f22180e9-0fa4-4fb2-8fca-1282f28e8654,0.5429393649101257,0.9996200936271529,K
67,4479ff71-3228-4f83-8bd6-067897312039,0.813904881477356,0.9990389792154303,K
67,4b20c2c1-a8b0-4652-afab-c7dff3741d8f,0.813904881477356,0.9990389790489237,K
67,5b52c0b8-cbfc-4ebc-a1fd-6a41046e5799,0.813904881477356,0.9991505914518524,K
67,83a9115f-e99f-4072-906d-5d696a18fe6c,0.813904881477356,0.9990389795761944,K
67,c9177183-413b-4ef8-a575-a3ec163c4386,0.813904881477356,0.9990389793819368,K
67,fd680909-3b1e-40f7-b51b-fdda45f5ff86,0.813904881477356,0.9990389797704519,K
67,c1ed7098-0d2f-48ab-a077-a352214f2edc,0.8128653764724731,0.9990389788546662,K
68,005185c4-319c-41a7-98f6-2a6c164b0a2d,0.8881787061691284,0.9991344190259693,K
68,9e6e30c6-a20b-477c-9ca1-28749f99ebb6,0.8881787061691284,0.9990303328479919,K
68,9fa39dad-8af3-451a-b85b-074878b3678c,0.8881787061691284,0.9990303322652243,K
68,aa3dbb0b-1096-46be-a0c5-9bde9e4b4648,0.8881787061691284,0.999030332487231,K
68,bb8d0f97-a9bb-4cc8-bea7-8113a022340f,0.8881787061691284,0.9990303326537361,K
68,d7510796-1bf2-441e-9d60-1a8df40fcdf9,0.8881787061691284,0.9990303320987192,K
68,f86ac065-f6bb-4ff7-8662-24b938599e20,0.8881787061691284,0.9990303330144971,K
69,012e10e2-0da9-4b96-9678-d473f14e34ab,0.8977577090263367,0.9996436063011054,K
69,0e3547d9-8a0c-4125-a56f-bef69f65d994,0.8977577090263367,0.9996436070508381,K
69,2df0b5c0-6614-4581-b95b-25a0facd11c3,0.8977577090263367,0.9996436072174454,K
69,51d28a25-239c-4048-891c-9b68f03c1a6a,0.8977577090263367,0.9996436066898557,K
69,b1c92968-f766-420f-9f2a-b35789a2dccc,0.8977577090263367,0.9996436061067303,K
69,f184814c-0a82-401f-95c3-2db50d68e267,0.8977577090263367,0.9996436068564629,K
69,f22180e9-0fa4-4fb2-8fca-1282f28e8654,0.8977577090263367,0.9996436064677127,K
69,fe81cd1d-729d-48fe-81ba-e45db6ab0a2a,0.546974241733551,0.9996436065510164,K
69,758f53d8-16c4-4bed-9c10-2af6a2ee31f8,0.5352218151092529,0.9996436063566412,K
69,7913ac25-6620-4b87-a0a2-31c5e1830050,0.5352218151092529,0.9997685345144921,K
69,dafc9a67-2a42-4fdc-9801-a6c5edc71b08,0.5352218151092529,0.9996436061900339,K
69,f51b45c6-7a47-4fda-bfcd-aae8caf45612,0.5352218151092529,0.9996436067453914,K
69,a7e1c93c-026a-476b-b440-58b1e35c3abb,0.5227797031402588,0.9996436069397666,K
69,4cb44002-f213-4252-bb2a-041e3f96548d,0.5181240439414978,0.999643607300749,K
69,25002995-2604-494f-bd24-f4bdb4ed321c,0.5036817193031311,0.9996436071341418,K
70,503a96f0-68e6-4bb7-bf56-a9eaeed94082,0.8407300710678101,0.9993925969328641,K
70,79203071-25ac-4bcd-a105-7c04f6d479a4,0.8407300710678101,0.9993925965442113,K
70,b47a553a-a075-4dd3-83a6-aedcda190c1a,0.8407300710678101,0.9993925972937558,K
70,d7d5ed77-75a7-49b4-96b4-8c6aa6cb6d24,0.8407300710678101,0.9993925961833195,K
70,d91e4675-6664-45c3-9cc3-e2c2ecf98292,0.8407300710678101,0.9993925971271904,K
70,dee5cf3a-af6e-4555-a949-1db2626b52b0,0.8407300710678101,0.999392596349885,K
70,f0e0740c-a36b-40cf-8436-7063ce4e91fc,0.8407300710678101,0.9993925967385378,K
70,2fbf176a-8f67-403d-8066-da5b52ba7f59,0.5076043009757996,0.9993925968495814,K
70,66b3fd02-1571-40e4-b16f-809be793be3f,0.5076043009757996,0.999392597238234,K
70,7c2d5881-2725-486b-b792-4c55c60ebc20,0.5076043009757996,0.9993925964609286,K
70,addb7039-7702-488a-ad69-25bac166bb7a,0.5076043009757996,0.999392596655255,K
70,d66c5563-b7f3-4079-b1c1-9a381b09a371,0.5076043009757996,0.9993925962943632,K
70,f59fe755-9070-411b-80b5-9e8aae162358,0.5076043009757996,0.9995234292070639,K
70,fd74da97-b662-4f95-9b5d-dce2b76016ef,0.5076043009757996,0.9993925970439077,K
71,0a2d3eb3-88ab-4c99-9cfb-4ff4ad0f376a,0.8643723726272583,0.9989925629446826,K
71,2f3fee96-f57b-4f43-aff7-b114a086418f,0.8643723726272583,0.998992562361937,K
71,43904d56-aef9-4dc8-8554-64efce3cf726,0.8643723726272583,0.9989925619734399,K
71,660c1923-447f-458f-bc50-1ae3a4eaac5a,0.8643723726272583,0.9989925627226843,K
71,99716548-21a0-4822-9d41-f48fa240893c,0.8643723726272583,0.9991286808469562,K
71,b6719b47-dc74-470d-b71e-2ced653cd768,0.8643723726272583,0.9989925621676885,K
71,fb5dd66b-f617-4923-9856-c0d20d4991f7,0.8643723726272583,0.9989925625561855,K
71,012e10e2-0da9-4b96-9678-d473f14e34ab,0.5114039778709412,0.9997285427956205,K
71,0e3547d9-8a0c-4125-a56f-bef69f65d994,0.5114039778709412,0.9997285435731872,K
71,2df0b5c0-6614-4581-b95b-25a0facd11c3,0.5114039778709412,0.9997285437398086,K
71,51d28a25-239c-4048-891c-9b68f03c1a6a,0.5114039778709412,0.9997285431844039,K
71,b1c92968-f766-420f-9f2a-b35789a2dccc,0.5114039778709412,0.9997285426012289,K
71,dc2b3638-3376-4382-8782-20ca023e8554,0.5114039778709412,0.9998487435792949,K
71,f184814c-0a82-401f-95c3-2db50d68e267,0.5114039778709412,0.9997285433510252,K
71,f22180e9-0fa4-4fb2-8fca-1282f28e8654,0.5114039778709412,0.9997285429622419,K
72,2f180e2f-9208-44ea-8ba2-2a4b2b57e0f1,0.8811705112457275,0.9989860783940034,K
72,461ca34a-8299-40ed-93aa-6fec635580a6,0.8811705112457275,0.9989860793097407,K
72,af2be6aa-378f-4aca-b542-bba94f7f84d4,0.8811705112457275,0.998986078921246,K
72,b0680986-d9bd-42cb-b6de-f75146f1fe33,0.8811705112457275,0.9989860791154933,K
72,b153ca39-3aa7-4a3c-88f6-3ba8434bae42,0.8811705112457275,0.9990988056808453,K
72,d7a540ee-540f-48c5-b8a0-fd7efab16139,0.8811705112457275,0.9989860785882507,K
72,758f53d8-16c4-4bed-9c10-2af6a2ee31f8,0.5168207883834839,0.9995858546429844,K
72,7913ac25-6620-4b87-a0a2-31c5e1830050,0.5168207883834839,0.9995858543097891,K
72,dafc9a67-2a42-4fdc-9801-a6c5edc71b08,0.5168207883834839,0.9995858544763868,K
72,f51b45c6-7a47-4fda-bfcd-aae8caf45612,0.5168207883834839,0.9995858550039459,K
72,a7e1c93c-026a-476b-b440-58b1e35c3abb,0.5140858888626099,0.9995858551705437,K
72,fe81cd1d-729d-48fe-81ba-e45db6ab0a2a,0.5070163607597351,0.9995858548373483,K
73,2fbf176a-8f67-403d-8066-da5b52ba7f59,0.7935101389884949,0.9995862066916311,K
73,66b3fd02-1571-40e4-b16f-809be793be3f,0.7935101389884949,0.9995862070803592,K
73,7c2d5881-2725-486b-b792-4c55c60ebc20,0.7935101389884949,0.9995862063029032,K
73,addb7039-7702-488a-ad69-25bac166bb7a,0.7935101389884949,0.9995862064972671,K
73,d66c5563-b7f3-4079-b1c1-9a381b09a371,0.7935101389884949,0.9995862061085392,K
73,f59fe755-9070-411b-80b5-9e8aae162358,0.7935101389884949,0.9995862059141752,K
73,fd74da97-b662-4f95-9b5d-dce2b76016ef,0.7935101389884949,0.9995862068582289,K
73,28b0eda8-f64b-46e5-bafd-263868e9ea46,0.5489327311515808,0.9997374290611177,K
73,503a96f0-68e6-4bb7-bf56-a9eaeed94082,0.5489327311515808,0.9995862067471637,K
73,79203071-25ac-4bcd-a105-7c04f6d479a4,0.5489327311515808,0.9995862063584358,K
73,b47a553a-a075-4dd3-83a6-aedcda190c1a,0.5489327311515808,0.999586207163658,K
73,d7d5ed77-75a7-49b4-96b4-8c6aa6cb6d24,0.5489327311515808,0.999586205997474,K
73,d91e4675-6664-45c3-9cc3-e2c2ecf98292,0.5489327311515808,0.999586206969294,K
73,dee5cf3a-af6e-4555-a949-1db2626b52b0,0.5489327311515808,0.999586206191838,K
73,f0e0740c-a36b-40cf-8436-7063ce4e91fc,0.5489327311515808,0.9995862065805661,K
74,a7e1c93c-026a-476b-b440-58b1e35c3abb,0.868101179599762,0.9997420174498892,K
74,fe81cd1d-729d-48fe-81ba-e45db6ab0a2a,0.8613193035125732,0.9997420171166419,K
74,25002995-2604-494f-bd24-f4bdb4ed321c,0.8559183478355408,0.9993279720786487,K
74,758f53d8-16c4-4bed-9c10-2af6a2ee31f8,0.8532615303993225,0.999742016894477,K
74,7913ac25-6620-4b87-a0a2-31c5e1830050,0.8532615303993225,0.9997420165612296,K
74,dafc9a67-2a42-4fdc-9801-a6c5edc71b08,0.8532615303993225,0.9997420167278533,K
74,f51b45c6-7a47-4fda-bfcd-aae8caf45612,0.8532615303993225,0.9997420172832655,K
74,4cb44002-f213-4252-bb2a-041e3f96548d,0.8420382738113403,0.9993279722729624,K
74,012e10e2-0da9-4b96-9678-d473f14e34ab,0.5429393649101257,0.999599326624358,K
74,0e3547d9-8a0c-4125-a56f-bef69f65d994,0.5429393649101257,0.9995993273740575,K
74,2df0b5c0-6614-4581-b95b-25a0facd11c3,0.5429393649101257,0.9995993275406574,K
74,51d28a25-239c-4048-891c-9b68f03c1a6a,0.5429393649101257,0.9995993270130911,K
74,b1c92968-f766-420f-9f2a-b35789a2dccc,0.5429393649101257,0.9995993264577582,K
74,dc2b3638-3376-4382-8782-20ca023e8554,0.5429393649101257,0.9995993262911582,K
74,f184814c-0a82-401f-95c3-2db50d68e267,0.5429393649101257,0.999599327179691,K
74,f22180e9-0fa4-4fb2-8fca-1282f28e8654,0.5429393649101257,0.9995993268187245,K
75,ebdd3107-0c43-42b1-97b3-9b6e031bc86b,0.6988400816917419,0.9960133719240444,K
75,758f53d8-16c4-4bed-9c10-2af6a2ee31f8,0.5229727625846863,0.9998722181092458,K
75,7913ac25-6620-4b87-a0a2-31c5e1830050,0.5229727625846863,0.999872217775955,K
75,dafc9a67-2a42-4fdc-9801-a6c5edc71b08,0.5229727625846863,0.9998722179426004,K
75,f51b45c6-7a47-4fda-bfcd-aae8caf45612,0.5229727625846863,0.9998722184980849,K
75,fe81cd1d-729d-48fe-81ba-e45db6ab0a2a,0.5125985741615295,0.9998722183036653,K
76,005185c4-319c-41a7-98f6-2a6c164b0a2d,0.8881787061691284,0.9989729390107717,K
76,9e6e30c6-a20b-477c-9ca1-28749f99ebb6,0.8881787061691284,0.9989729399542461,K
76,9fa39dad-8af3-451a-b85b-074878b3678c,0.8881787061691284,0.9989729393715119,K
76,aa3dbb0b-1096-46be-a0c5-9bde9e4b4648,0.8881787061691284,0.9989729395657566,K
76,bb8d0f97-a9bb-4cc8-bea7-8113a022340f,0.8881787061691284,0.9989729397600013,K
76,d7510796-1bf2-441e-9d60-1a8df40fcdf9,0.8881787061691284,0.9989729392050164,K
76,e09eef83-a0d6-424f-938a-7f922231718d,0.8881787061691284,0.9990839619581358,K
76,f86ac065-f6bb-4ff7-8662-24b938599e20,0.8881787061691284,0.9989729401484908,K
77,012e10e2-0da9-4b96-9678-d473f14e34ab,0.8977577090263367,0.9996388957971558,K
77,0e3547d9-8a0c-4125-a56f-bef69f65d994,0.8977577090263367,0.999638896546885,K
77,2df0b5c0-6614-4581-b95b-25a0facd11c3,0.8977577090263367,0.9996388967412592,K
77,51d28a25-239c-4048-891c-9b68f03c1a6a,0.8977577090263367,0.9996388961581365,K
77,b1c92968-f766-420f-9f2a-b35789a2dccc,0.8977577090263367,0.9996388956027815,K
77,dc2b3638-3376-4382-8782-20ca023e8554,0.8977577090263367,0.9996388954361751,K
77,f184814c-0a82-401f-95c3-2db50d68e267,0.8977577090263367,0.9996388963525107,K
77,f22180e9-0fa4-4fb2-8fca-1282f28e8654,0.8977577090263367,0.9996388959637623,K
77,fe81cd1d-729d-48fe-81ba-e45db6ab0a2a,0.546974241733551,0.9997666543404455,K
77,ff67c7c3-6d12-45c7-b28d-9ce66d87b5c9,0.546974241733551,0.9997666536183918,K
77,758f53d8-16c4-4bed-9c10-2af6a2ee31f8,0.5352218151092529,0.9997666541460465,K
77,7913ac25-6620-4b87-a0a2-31c5e1830050,0.5352218151092529,0.9997666538127908,K
77,dafc9a67-2a42-4fdc-9801-a6c5edc71b08,0.5352218151092529,0.9997666539794187,K
77,f51b45c6-7a47-4fda-bfcd-aae8caf45612,0.5352218151092529,0.9997666545348446,K
77,a7e1c93c-026a-476b-b440-58b1e35c3abb,0.5227797031402588,0.9996388964080463,K
77,4cb44002-f213-4252-bb2a-041e3f96548d,0.5181240439414978,0.9996388967967946,K
77,25002995-2604-494f-bd24-f4bdb4ed321c,0.5036817193031311,0.9996388966024204,K
78,28b0eda8-f64b-46e5-bafd-263868e9ea46,0.8407300710678101,0.9993743607661162,K
78,503a96f0-68e6-4bb7-bf56-a9eaeed94082,0.8407300710678101,0.9993743616544489,K
78,79203071-25ac-4bcd-a105-7c04f6d479a4,0.8407300710678101,0.9993743612658034,K
78,b47a553a-a075-4dd3-83a6-aedcda190c1a,0.8407300710678101,0.9993743620153341,K
78,d7d5ed77-75a7-49b4-96b4-8c6aa6cb6d24,0.8407300710678101,0.9993743609326786,K
78,d91e4675-6664-45c3-9cc3-e2c2ecf98292,0.8407300710678101,0.9993743618210114,K
78,dee5cf3a-af6e-4555-a949-1db2626b52b0,0.8407300710678101,0.9993743610992409,K
78,f0e0740c-a36b-40cf-8436-7063ce4e91fc,0.8407300710678101,0.9993743614601261,K
78,2fbf176a-8f67-403d-8066-da5b52ba7f59,0.5076043009757996,0.9993743615711678,K
78,66b3fd02-1571-40e4-b16f-809be793be3f,0.5076043009757996,0.999374361932053,K
78,7c2d5881-2725-486b-b792-4c55c60ebc20,0.5076043009757996,0.9993743612102826,K
78,addb7039-7702-488a-ad69-25bac166bb7a,0.5076043009757996,0.9993743614046053,K
78,b266a584-83e9-485f-aaac-d2d09e8e6f28,0.5076043009757996,0.9995124323997318,K
78,d66c5563-b7f3-4079-b1c1-9a381b09a371,0.5076043009757996,0.9993743610437202,K
78,f59fe755-9070-411b-80b5-9e8aae162358,0.5076043009757996,0.9993743608493973,K
78,fd74da97-b662-4f95-9b5d-dce2b76016ef,0.5076043009757996,0.9993743617377302,K
79,0a2d3eb3-88ab-4c99-9cfb-4ff4ad0f376a,0.8643723726272583,0.9989520411872118,K
79,2f3fee96-f57b-4f43-aff7-b114a086418f,0.8643723726272583,0.9989520406599871,K
79,43904d56-aef9-4dc8-8554-64efce3cf726,0.8643723726272583,0.9989520402715057,K
79,660c1923-447f-458f-bc50-1ae3a4eaac5a,0.8643723726272583,0.9989520409929712,K
79,99716548-21a0-4822-9d41-f48fa240893c,0.8643723726272583,0.9989520401050138,K
79,b6719b47-dc74-470d-b71e-2ced653cd768,0.8643723726272583,0.9989520404379978,K
79,b859522f-4ef3-42be-b773-3d66e1791a97,0.8643723726272583,0.9990946377546018,K
79,fb5dd66b-f617-4923-9856-c0d20d4991f7,0.8643723726272583,0.9989520408264791,K
79,012e10e2-0da9-4b96-9678-d473f14e34ab,0.5114039778709412,0.9997134697798488,K
79,0e3547d9-8a0c-4125-a56f-bef69f65d994,0.5114039778709412,0.9997134705296339,K
79,2df0b5c0-6614-4581-b95b-25a0facd11c3,0.5114039778709412,0.9997134706962528,K
79,51d28a25-239c-4048-891c-9b68f03c1a6a,0.5114039778709412,0.9997134701408564,K
79,b1c92968-f766-420f-9f2a-b35789a2dccc,0.5114039778709412,0.9997134696132298,K
79,dc2b3638-3376-4382-8782-20ca023e8554,0.5114039778709412,0.9997134694188411,K
79,e3a4e850-c28e-47f7-be91-fb23ce2255aa,0.5114039778709412,0.9998399570860116,K
79,f184814c-0a82-401f-95c3-2db50d68e267,0.5114039778709412,0.9997134703074754,K
79,f22180e9-0fa4-4fb2-8fca-1282f28e8654,0.5114039778709412,0.9997134699464677,K
80,2f180e2f-9208-44ea-8ba2-2a4b2b57e0f1,0.8811705112457275,0.9989423548679577,K
80,461ca34a-8299-40ed-93aa-6fec635580a6,0.8811705112457275,0.9989423557836549,K
80,64a40544-da83-4141-8f49-0f700719d520,0.8811705112457275,0.9990621097886636,K
80,af2be6aa-378f-4aca-b542-bba94f7f84d4,0.8811705112457275,0.9989423554229256,K
80,b0680986-d9bd-42cb-b6de-f75146f1fe33,0.8811705112457275,0.998942355589416,K
80,b153ca39-3aa7-4a3c-88f6-3ba8434bae42,0.8811705112457275,0.9989423547014673,K
80,d7a540ee-540f-48c5-b8a0-fd7efab16139,0.8811705112457275,0.9989423550344481,K
80,758f53d8-16c4-4bed-9c10-2af6a2ee31f8,0.5168207883834839,0.9995610923203908,K
80,7913ac25-6620-4b87-a0a2-31c5e1830050,0.5168207883834839,0.9995610919594382,K
80,dafc9a67-2a42-4fdc-9801-a6c5edc71b08,0.5168207883834839,0.9995610921537973,K
80,f51b45c6-7a47-4fda-bfcd-aae8caf45612,0.5168207883834839,0.999561092709109,K
80,a7e1c93c-026a-476b-b440-58b1e35c3abb,0.5140858888626099,0.9995610928757025,K
80,fe81cd1d-729d-48fe-81ba-e45db6ab0a2a,0.5070163607597351,0.9995610925147499,K
80,ff67c7c3-6d12-45c7-b28d-9ce66d87b5c9,0.5070163607597351,0.9995610917928447,K
81,2fbf176a-8f67-403d-8066-da5b52ba7f59,0.7935101389884949,0.9995598196300403,K
81,66b3fd02-1571-40e4-b16f-809be793be3f,0.7935101389884949,0.9995598199909924,K
81,7c2d5881-2725-486b-b792-4c55c60ebc20,0.7935101389884949,0.999559819213557,K
81,addb7039-7702-488a-ad69-25bac166bb7a,0.7935101389884949,0.9995598194356814,K
81,b266a584-83e9-485f-aaac-d2d09e8e6f28,0.7935101389884949,0.9995598186860115,K
81,d66c5563-b7f3-4079-b1c1-9a381b09a371,0.7935101389884949,0.9995598190191981,K
81,f59fe755-9070-411b-80b5-9e8aae162358,0.7935101389884949,0.9995598188526048,K
81,fd74da97-b662-4f95-9b5d-dce2b76016ef,0.7935101389884949,0.9995598197966336,K
81,28b0eda8-f64b-46e5-bafd-263868e9ea46,0.5489327311515808,0.9995598187415426,K
81,49d904c8-2f32-4d82-9388-188e73e1b781,0.5489327311515808,0.9997198240343963,K
81,503a96f0-68e6-4bb7-bf56-a9eaeed94082,0.5489327311515808,0.9995598196855714,K
81,79203071-25ac-4bcd-a105-7c04f6d479a4,0.5489327311515808,0.9995598192690881,K
81,b47a553a-a075-4dd3-83a6-aedcda190c1a,0.5489327311515808,0.9995598200465236,K
81,d7d5ed77-75a7-49b4-96b4-8c6aa6cb6d24,0.5489327311515808,0.9995598189081359,K
81,d91e4675-6664-45c3-9cc3-e2c2ecf98292,0.5489327311515808,0.9995598198799303,K
81,dee5cf3a-af6e-4555-a949-1db2626b52b0,0.5489327311515808,0.9995598191024948,K
81,f0e0740c-a36b-40cf-8436-7063ce4e91fc,0.5489327311515808,0.9995598195189781,K
82,a7e1c93c-026a-476b-b440-58b1e35c3abb,0.868101179599762,0.9997252946550914,K
82,fe81cd1d-729d-48fe-81ba-e45db6ab0a2a,0.8613193035125732,0.9997252942940795,K
82,ff67c7c3-6d12-45c7-b28d-9ce66d87b5c9,0.8613193035125732,0.9997252935165154,K
82,25002995-2604-494f-bd24-f4bdb4ed321c,0.8559183478355408,0.9992865009116156,K
82,758f53d8-16c4-4bed-9c10-2af6a2ee31f8,0.8532615303993225,0.9997252940719183,K
82,7913ac25-6620-4b87-a0a2-31c5e1830050,0.8532615303993225,0.9997252937109063,K
82,dafc9a67-2a42-4fdc-9801-a6c5edc71b08,0.8532615303993225,0.9997252939052974,K
82,f51b45c6-7a47-4fda-bfcd-aae8caf45612,0.8532615303993225,0.9997252944884705,K
82,4cb44002-f213-4252-bb2a-041e3f96548d,0.8420382738113403,0.9992865011336793,K
82,012e10e2-0da9-4b96-9678-d473f14e34ab,0.5429393649101257,0.9995729158375272,K
82,0e3547d9-8a0c-4125-a56f-bef69f65d994,0.5429393649101257,0.9995729166149728,K
82,2df0b5c0-6614-4581-b95b-25a0facd11c3,0.5429393649101257,0.9995729168093342,K
82,51d28a25-239c-4048-891c-9b68f03c1a6a,0.5429393649101257,0.99957291622625,K
82,b1c92968-f766-420f-9f2a-b35789a2dccc,0.5429393649101257,0.9995729156431657,K
82,dc2b3638-3376-4382-8782-20ca023e8554,0.5429393649101257,0.9995729154488044,K
82,e3a4e850-c28e-47f7-be91-fb23ce2255aa,0.5429393649101257,0.999572915254443,K
82,f184814c-0a82-401f-95c3-2db50d68e267,0.5429393649101257,0.9995729164206114,K
82,f22180e9-0fa4-4fb2-8fca-1282f28e8654,0.5429393649101257,0.9995729160041227,K
87,012e10e2-0da9-4b96-9678-d473f14e34ab,0.6350393295288086,0.9991999009722818,K
87,0e3547d9-8a0c-4125-a56f-bef69f65d994,0.6350393295288086,0.9991999017494374,K
87,2df0b5c0-6614-4581-b95b-25a0facd11c3,0.6350393295288086,0.9991999019159706,K
87,51d28a25-239c-4048-891c-9b68f03c1a6a,0.6350393295288086,0.9991999013608596,K
87,b1c92968-f766-420f-9f2a-b35789a2dccc,0.6350393295288086,0.9991999008057485,K
87,dc2b3638-3376-4382-8782-20ca023e8554,0.6350393295288086,0.9991999006392153,K
87,e3a4e850-c28e-47f7-be91-fb23ce2255aa,0.6350393295288086,0.9991999004449263,K
87,f184814c-0a82-401f-95c3-2db50d68e267,0.6350393295288086,0.9991999015273929,K
87,f22180e9-0fa4-4fb2-8fca-1282f28e8654,0.6350393295288086,0.9991999011665708,K
87,db868b3d-342c-4d03-9a79-64b27837b5e4,0.559798538684845,0.9997865264831589,K
88,db868b3d-342c-4d03-9a79-64b27837b5e4,0.6108070611953735,0.9998808274349477,K
88,4ddce2f4-2e7c-40ce-a358-ced95c9942cc,0.5058408975601196,0.999773166952729,K
89,bc50c81e-afec-40e2-b022-fd9739290eb8,0.5179146528244019,0.9998984622664158,K
90,1fe1c897-c028-4b10-b5a6-651e2383566d,0.5835834741592407,0.9996782282518589,K
90,2f180e2f-9208-44ea-8ba2-2a4b2b57e0f1,0.5549933314323425,0.998603973047922,K
90,461ca34a-8299-40ed-93aa-6fec635580a6,0.5549933314323425,0.9986039740187871,K
90,64a40544-da83-4141-8f49-0f700719d520,0.5549933314323425,0.9986039726595761,K
90,af2be6aa-378f-4aca-b542-bba94f7f84d4,0.5549933314323425,0.9986039736304411,K
90,b0680986-d9bd-42cb-b6de-f75146f1fe33,0.5549933314323425,0.998603973796875,K
90,b153ca39-3aa7-4a3c-88f6-3ba8434bae42,0.5549933314323425,0.9986039728537491,K
90,b2a083e9-f284-46b0-8812-deea53b56145,0.5549933314323425,0.9987315920824223,K
90,d7a540ee-540f-48c5-b8a0-fd7efab16139,0.5549933314323425,0.9986039732143561,K
90,bc50c81e-afec-40e2-b022-fd9739290eb8,0.5206599235534668,0.9998989188312678,K
90,6d371be9-6291-4691-ae7a-eaede59746de,0.5174322128295898,0.9998989188034929,K
91,db868b3d-342c-4d03-9a79-64b27837b5e4,0.5548982620239258,0.9996856517788697,K
91,6d371be9-6291-4691-ae7a-eaede59746de,0.536957323551178,0.999888256216024,K
91,bc50c81e-afec-40e2-b022-fd9739290eb8,0.5355179905891418,0.9998882562437986,K
92,db868b3d-342c-4d03-9a79-64b27837b5e4,0.8782250881195068,0.9998971313191234,K
92,6d371be9-6291-4691-ae7a-eaede59746de,0.6453519463539124,0.9998971312080237,K
92,bc50c81e-afec-40e2-b022-fd9739290eb8,0.5870772004127502,0.9998971312080237,K
93,4ddce2f4-2e7c-40ce-a358-ced95c9942cc,0.8836332559585571,0.9994717082341507,K
93,1fe1c897-c028-4b10-b5a6-651e2383566d,0.5803573727607727,0.9996742694228384,K
93,6d371be9-6291-4691-ae7a-eaede59746de,0.5355281829833984,0.9998888720085061,K
93,bc50c81e-afec-40e2-b022-fd9739290eb8,0.5250928401947021,0.9998888720362807,K
94,1fe1c897-c028-4b10-b5a6-651e2383566d,0.9045434594154358,0.9998864376431371,K
94,4ddce2f4-2e7c-40ce-a358-ced95c9942cc,0.5641753077507019,0.9998864376709118,K
94,8c26928e-e3eb-4dd3-90be-d5b12363ac77,0.5510950684547424,0.999672454849074,K
94,bc50c81e-afec-40e2-b022-fd9739290eb8,0.5486348867416382,0.9998864375875879,K
94,6d371be9-6291-4691-ae7a-eaede59746de,0.5288690328598022,0.9998864375598132,K
95,bc50c81e-afec-40e2-b022-fd9739290eb8,0.9085501432418823,0.999885231197554,K
95,012e10e2-0da9-4b96-9678-d473f14e34ab,0.6350393295288086,0.999124404196805,K
95,0e3547d9-8a0c-4125-a56f-bef69f65d994,0.6350393295288086,0.9991244049461483,K
95,2df0b5c0-6614-4581-b95b-25a0facd11c3,0.6350393295288086,0.9991244051404224,K
95,51d28a25-239c-4048-891c-9b68f03c1a6a,0.6350393295288086,0.9991244045853533,K
95,b1c92968-f766-420f-9f2a-b35789a2dccc,0.6350393295288086,0.9991244040302842,K
95,dc2b3638-3376-4382-8782-20ca023e8554,0.6350393295288086,0.9991244038360101,K
95,e3a4e850-c28e-47f7-be91-fb23ce2255aa,0.6350393295288086,0.9991244036694893,K
95,f184814c-0a82-401f-95c3-2db50d68e267,0.6350393295288086,0.9991244047518741,K
95,f22180e9-0fa4-4fb2-8fca-1282f28e8654,0.6350393295288086,0.9991244043633257,K
95,ca772484-2412-4fdd-9a68-b726c4e2c143,0.559798538684845,0.9997716726817617,K
95,db868b3d-342c-4d03-9a79-64b27837b5e4,0.559798538684845,0.9996605620943079,K
95,6d371be9-6291-4691-ae7a-eaede59746de,0.5529343485832214,0.9998852311697795,K
95,1fe1c897-c028-4b10-b5a6-651e2383566d,0.5213491916656494,0.9998852312531032,K
95,f9e10c27-fc2c-40af-9439-75cab4613420,0.5007662773132324,0.9994460082878845,K
96,6d371be9-6291-4691-ae7a-eaede59746de,0.9063560366630554,0.9998826544133098,K
96,ca772484-2412-4fdd-9a68-b726c4e2c143,0.6108070611953735,0.9998826543299862,K
96,db868b3d-342c-4d03-9a79-64b27837b5e4,0.6108070611953735,0.9998826545521824,K
96,bc50c81e-afec-40e2-b022-fd9739290eb8,0.571755051612854,0.9998826544410843,K
96,dafbf493-fce5-4ff2-ac2a-86155d8a0fda,0.5150877833366394,0.9995432481206912,K
96,3586b3d9-8cd0-425c-bfa4-12ede5ea224a,0.5058408975601196,0.9997678909137052,K
96,4ddce2f4-2e7c-40ce-a358-ced95c9942cc,0.5058408975601196,0.9997678911081045,K
97,f9e10c27-fc2c-40af-9439-75cab4613420,0.8924493193626404,0.9997637511333818,K
97,94c44e21-2973-4a41-919d-43aa6841e0b8,0.5179146528244019,0.9998810899314738,K
97,bc50c81e-afec-40e2-b022-fd9739290eb8,0.5179146528244019,0.9998810901258951,K
98,8c26928e-e3eb-4dd3-90be-d5b12363ac77,0.890346109867096,0.9995422198411036,K
98,1fe1c897-c028-4b10-b5a6-651e2383566d,0.5835834741592407,0.9996569574914299,K
98,245ede3c-39e2-44af-8de2-86dffd0ab5dd,0.5835834741592407,0.9996569572692839,K
98,2f180e2f-9208-44ea-8ba2-2a4b2b57e0f1,0.5549933314323425,0.9991031485507703,K
98,461ca34a-8299-40ed-93aa-6fec635580a6,0.5549933314323425,0.9991031495776264,K
98,64a40544-da83-4141-8f49-0f700719d520,0.5549933314323425,0.9991031481622302,K
98,af2be6aa-378f-4aca-b542-bba94f7f84d4,0.5549933314323425,0.9991031491890863,K
98,b0680986-d9bd-42cb-b6de-f75146f1fe33,0.5549933314323425,0.9991031493556034,K
98,b153ca39-3aa7-4a3c-88f6-3ba8434bae42,0.5549933314323425,0.9991031483565003,K
98,b2a083e9-f284-46b0-8812-deea53b56145,0.5549933314323425,0.9991031479402073,K
98,d7a540ee-540f-48c5-b8a0-fd7efab16139,0.5549933314323425,0.9991031487727933,K
98,94c44e21-2973-4a41-919d-43aa6841e0b8,0.5206599235534668,0.9998931953429124,K
98,bc50c81e-afec-40e2-b022-fd9739290eb8,0.5206599235534668,0.9998931955373361,K
98,6d371be9-6291-4691-ae7a-eaede59746de,0.5174322128295898,0.9997742838110663,K
98,e14793b8-7532-4ba5-b9a3-d19ee2cb21b3,0.5174322128295898,0.9998931953151377,K
99,dafbf493-fce5-4ff2-ac2a-86155d8a0fda,0.8686729669570923,0.9996458769663681,K
99,ca772484-2412-4fdd-9a68-b726c4e2c143,0.5548982620239258,0.9996458769386002,K
99,db868b3d-342c-4d03-9a79-64b27837b5e4,0.5548982620239258,0.9996458771607437,K
99,6d371be9-6291-4691-ae7a-eaede59746de,0.536957323551178,0.9998715741639704,K
99,e14793b8-7532-4ba5-b9a3-d19ee2cb21b3,0.536957323551178,0.9998715739973252,K
99,94c44e21-2973-4a41-919d-43aa6841e0b8,0.5355179905891418,0.9998715739973252,K
99,bc50c81e-afec-40e2-b022-fd9739290eb8,0.5355179905891418,0.9998715741917447,K
100,ca772484-2412-4fdd-9a68-b726c4e2c143,0.8782250881195068,0.9998902487731066,K
100,db868b3d-342c-4d03-9a79-64b27837b5e4,0.8782250881195068,0.9998902489675298,K
100,6d371be9-6291-4691-ae7a-eaede59746de,0.6453519463539124,0.9998902488564307,K
100,e14793b8-7532-4ba5-b9a3-d19ee2cb21b3,0.6453519463539124,0.9998902486897824,K
100,94c44e21-2973-4a41-919d-43aa6841e0b8,0.5870772004127502,0.9998902486897824,K
100,bc50c81e-afec-40e2-b022-fd9739290eb8,0.5870772004127502,0.9998902488842055,K
100,dafbf493-fce5-4ff2-ac2a-86155d8a0fda,0.5510380268096924,0.9998902487731066,K
101,3586b3d9-8cd0-425c-bfa4-12ede5ea224a,0.8836332559585571,0.9994160717747053,K
101,4ddce2f4-2e7c-40ce-a358-ced95c9942cc,0.8836332559585571,0.9994160719967977,K
101,1fe1c897-c028-4b10-b5a6-651e2383566d,0.5803573727607727,0.9996417172263854,K
101,245ede3c-39e2-44af-8de2-86dffd0ab5dd,0.5803573727607727,0.9996417170042428,K
101,6d371be9-6291-4691-ae7a-eaede59746de,0.5355281829833984,0.9998798727158601,K
101,e14793b8-7532-4ba5-b9a3-d19ee2cb21b3,0.5355281829833984,0.9998798725492134,K
101,94c44e21-2973-4a41-919d-43aa6841e0b8,0.5250928401947021,0.9998798725769878,K
101,bc50c81e-afec-40e2-b022-fd9739290eb8,0.5250928401947021,0.9998798727436345,K
102,1fe1c897-c028-4b10-b5a6-651e2383566d,0.9045434594154358,0.9998792645946614,K
102,245ede3c-39e2-44af-8de2-86dffd0ab5dd,0.9045434594154358,0.9998792643724659,K
102,3586b3d9-8cd0-425c-bfa4-12ede5ea224a,0.5641753077507019,0.9998792644002403,K
102,4ddce2f4-2e7c-40ce-a358-ced95c9942cc,0.5641753077507019,0.9998792645946614,K
102,7e3c6771-57fe-431f-9369-c217f11e15c2,0.5510950684547424,0.9996494107207891,K
102,8c26928e-e3eb-4dd3-90be-d5b12363ac77,0.5510950684547424,0.999521016415947,K
102,94c44e21-2973-4a41-919d-43aa6841e0b8,0.5486348867416382,0.9998792643446915,K
102,bc50c81e-afec-40e2-b022-fd9739290eb8,0.5486348867416382,0.999879264511338,K
102,6d371be9-6291-4691-ae7a-eaede59746de,0.5288690328598022,0.999879264511338,K
102,e14793b8-7532-4ba5-b9a3-d19ee2cb21b3,0.5288690328598022,0.9998792643169171,K
103,94c44e21-2973-4a41-919d-43aa6841e0b8,0.9085501432418823,0.9998855966001237,K
103,bc50c81e-afec-40e2-b022-fd9739290eb8,0.9085501432418823,0.9998855967667712,K
103,012e10e2-0da9-4b96-9678-d473f14e34ab,0.6350393295288086,0.9990638117479208,K
103,0e3547d9-8a0c-4125-a56f-bef69f65d994,0.6350393295288086,0.9990638125527221,K
103,2df0b5c0-6614-4581-b95b-25a0facd11c3,0.6350393295288086,0.9990638127192328,K
103,51d28a25-239c-4048-891c-9b68f03c1a6a,0.6350393295288086,0.9990638121641974,K
103,b1c92968-f766-420f-9f2a-b35789a2dccc,0.6350393295288086,0.9990638115536583,K
103,dc2b3638-3376-4382-8782-20ca023e8554,0.6350393295288086,0.9990638113593959,K
103,e3a4e850-c28e-47f7-be91-fb23ce2255aa,0.6350393295288086,0.9990638111651335,K
103,f184814c-0a82-401f-95c3-2db50d68e267,0.6350393295288086,0.9990638123584598,K
103,f22180e9-0fa4-4fb2-8fca-1282f28e8654,0.6350393295288086,0.9990638119421832,K
103,86d671c2-2ec3-44c7-8a65-1f2946a85d47,0.559798538684845,0.9997648666481807,K
103,ca772484-2412-4fdd-9a68-b726c4e2c143,0.559798538684845,0.9996447593351345,K
103,db868b3d-342c-4d03-9a79-64b27837b5e4,0.559798538684845,0.9996447595572778,K
103,6d371be9-6291-4691-ae7a-eaede59746de,0.5529343485832214,0.9998855967667712,K
103,e14793b8-7532-4ba5-b9a3-d19ee2cb21b3,0.5529343485832214,0.9998855965723491,K
103,1fe1c897-c028-4b10-b5a6-651e2383566d,0.5213491916656494,0.9998855968223205,K
103,245ede3c-39e2-44af-8de2-86dffd0ab5dd,0.5213491916656494,0.9998855966278982,K
103,3ada1724-89b3-4190-83d0-8b2217b7aa5a,0.5007662773132324,0.9994066596516001,K
103,f9e10c27-fc2c-40af-9439-75cab4613420,0.5007662773132324,0.9992999087894008,K
104,6d371be9-6291-4691-ae7a-eaede59746de,0.9063560366630554,0.9998748868550802,K
104,e14793b8-7532-4ba5-b9a3-d19ee2cb21b3,0.9063560366630554,0.9998748866884344,K
104,86d671c2-2ec3-44c7-8a65-1f2946a85d47,0.6108070611953735,0.9998748866051115,K
104,ca772484-2412-4fdd-9a68-b726c4e2c143,0.6108070611953735,0.9998748867717573,K
104,db868b3d-342c-4d03-9a79-64b27837b5e4,0.6108070611953735,0.9998748869661773,K
104,94c44e21-2973-4a41-919d-43aa6841e0b8,0.571755051612854,0.9998748867162086,K
104,bc50c81e-afec-40e2-b022-fd9739290eb8,0.571755051612854,0.9998748868828544,K
104,30d170b1-7064-4746-a63a-19d9572302e4,0.5150877833366394,0.9995196813899343,K
104,dafbf493-fce5-4ff2-ac2a-86155d8a0fda,0.5150877833366394,0.9995196815842854,K
104,3586b3d9-8cd0-425c-bfa4-12ede5ea224a,0.5058408975601196,0.9997604887151863,K
104,4ddce2f4-2e7c-40ce-a358-ced95c9942cc,0.5058408975601196,0.9997604889095841,K
104,755481fd-b0ab-4de1-8832-7a29a42af347,0.5058408975601196,0.9997604885485596,K
105,3ada1724-89b3-4190-83d0-8b2217b7aa5a,0.8924493193626404,0.9997588150619868,K
105,f9e10c27-fc2c-40af-9439-75cab4613420,0.8924493193626404,0.9997588152563843,K
105,94c44e21-2973-4a41-919d-43aa6841e0b8,0.5179146528244019,0.9998839221542212,K
105,bc50c81e-afec-40e2-b022-fd9739290eb8,0.5179146528244019,0.9998839223486431,K
105,dd330cbb-60bc-462f-8b2b-2af5e0018ef8,0.5179146528244019,0.9998839219597994,K
106,7e3c6771-57fe-431f-9369-c217f11e15c2,0.890346109867096,0.9995260055097874,K
106,8c26928e-e3eb-4dd3-90be-d5b12363ac77,0.890346109867096,0.9995260056763752,K
106,1fe1c897-c028-4b10-b5a6-651e2383566d,0.5835834741592407,0.9996403769854192,K
106,245ede3c-39e2-44af-8de2-86dffd0ab5dd,0.5835834741592407,0.9996403767910447,K
106,cacd0527-b32b-4f01-856c-c58a677a202e,0.5835834741592407,0.9996403765966702,K
106,2f180e2f-9208-44ea-8ba2-2a4b2b57e0f1,0.5549933314323425,0.9990472418014756,K
106,461ca34a-8299-40ed-93aa-6fec635580a6,0.5549933314323425,0.9990472427450202,K
106,64a40544-da83-4141-8f49-0f700719d520,0.5549933314323425,0.9990472414684599,K
106,af2be6aa-378f-4aca-b542-bba94f7f84d4,0.5549933314323425,0.9990472423842532,K
106,b0680986-d9bd-42cb-b6de-f75146f1fe33,0.5549933314323425,0.999047242550761,K
106,b153ca39-3aa7-4a3c-88f6-3ba8434bae42,0.5549933314323425,0.9990472416349678,K
106,b2a083e9-f284-46b0-8812-deea53b56145,0.5549933314323425,0.9990472412742007,K
106,d7a540ee-540f-48c5-b8a0-fd7efab16139,0.5549933314323425,0.9990472419957348,K
106,94c44e21-2973-4a41-919d-43aa6841e0b8,0.5206599235534668,0.9998815426277398,K
106,bc50c81e-afec-40e2-b022-fd9739290eb8,0.5206599235534668,0.9998815427943867,K
106,dd330cbb-60bc-462f-8b2b-2af5e0018ef8,0.5206599235534668,0.9998815424610928,K
106,26c15497-867c-47e8-93ec-5595823a72bf,0.5174322128295898,0.9998815424333184,K
106,6d371be9-6291-4691-ae7a-eaede59746de,0.5174322128295898,0.9997654691455506,K
106,e14793b8-7532-4ba5-b9a3-d19ee2cb21b3,0.5174322128295898,0.9997654689511517,K
107,30d170b1-7064-4746-a63a-19d9572302e4,0.8686729669570923,0.9996412835485811,K
107,dafbf493-fce5-4ff2-ac2a-86155d8a0fda,0.8686729669570923,0.999641283715188,K
107,86d671c2-2ec3-44c7-8a65-1f2946a85d47,0.5548982620239258,0.9996412835208133,K
107,ca772484-2412-4fdd-9a68-b726c4e2c143,0.5548982620239258,0.9996412836874201,K
107,db868b3d-342c-4d03-9a79-64b27837b5e4,0.5548982620239258,0.9996412839095626,K
107,26c15497-867c-47e8-93ec-5595823a72bf,0.536957323551178,0.9998757936309165,K
107,6d371be9-6291-4691-ae7a-eaede59746de,0.536957323551178,0.9998757939919828,K
107,e14793b8-7532-4ba5-b9a3-d19ee2cb21b3,0.536957323551178,0.9998757937975624,K
107,94c44e21-2973-4a41-919d-43aa6841e0b8,0.5355179905891418,0.9998757938253368,K
107,bc50c81e-afec-40e2-b022-fd9739290eb8,0.5355179905891418,0.9998757939919828,K
107,dd330cbb-60bc-462f-8b2b-2af5e0018ef8,0.5355179905891418,0.9998757936586908,K
108,86d671c2-2ec3-44c7-8a65-1f2946a85d47,0.8782250881195068,0.9998746034461385,K
108,ca772484-2412-4fdd-9a68-b726c4e2c143,0.8782250881195068,0.9998746036127842,K
108,db868b3d-342c-4d03-9a79-64b27837b5e4,0.8782250881195068,0.9998746038072044,K
108,26c15497-867c-47e8-93ec-5595823a72bf,0.6453519463539124,0.9998746033350413,K
108,6d371be9-6291-4691-ae7a-eaede59746de,0.6453519463539124,0.9998746036961071,K
108,e14793b8-7532-4ba5-b9a3-d19ee2cb21b3,0.6453519463539124,0.9998746035294614,K
108,94c44e21-2973-4a41-919d-43aa6841e0b8,0.5870772004127502,0.9998746035294614,K
108,bc50c81e-afec-40e2-b022-fd9739290eb8,0.5870772004127502,0.9998746037238815,K
108,dd330cbb-60bc-462f-8b2b-2af5e0018ef8,0.5870772004127502,0.9998746033628156,K
108,30d170b1-7064-4746-a63a-19d9572302e4,0.5510380268096924,0.9998746034461385,K
108,dafbf493-fce5-4ff2-ac2a-86155d8a0fda,0.5510380268096924,0.9998746036405586,K
109,3586b3d9-8cd0-425c-bfa4-12ede5ea224a,0.8836332559585571,0.9993913152682021,K
109,4ddce2f4-2e7c-40ce-a358-ced95c9942cc,0.8836332559585571,0.9993913154625282,K
109,755481fd-b0ab-4de1-8832-7a29a42af347,0.8836332559585571,0.999391315073876,K
109,1fe1c897-c028-4b10-b5a6-651e2383566d,0.5803573727607727,0.9996257669870938,K
109,245ede3c-39e2-44af-8de2-86dffd0ab5dd,0.5803573727607727,0.9996257667927221,K
109,cacd0527-b32b-4f01-856c-c58a677a202e,0.5803573727607727,0.9996257665983505,K
109,26c15497-867c-47e8-93ec-5595823a72bf,0.5355281829833984,0.999875340548413,K
109,6d371be9-6291-4691-ae7a-eaede59746de,0.5355281829833984,0.999875340909479,K
109,e14793b8-7532-4ba5-b9a3-d19ee2cb21b3,0.5355281829833984,0.9998753407150589,K
109,94c44e21-2973-4a41-919d-43aa6841e0b8,0.5250928401947021,0.9998753407428332,K
109,bc50c81e-afec-40e2-b022-fd9739290eb8,0.5250928401947021,0.999875340909479,K
109,dd330cbb-60bc-462f-8b2b-2af5e0018ef8,0.5250928401947021,0.9998753405761873,K
110,1fe1c897-c028-4b10-b5a6-651e2383566d,0.9045434594154358,0.9998721575892042,K
110,245ede3c-39e2-44af-8de2-86dffd0ab5dd,0.9045434594154358,0.9998721573670104,K
110,cacd0527-b32b-4f01-856c-c58a677a202e,0.9045434594154358,0.999872157200365,K
110,3586b3d9-8cd0-425c-bfa4-12ede5ea224a,0.5641753077507019,0.9998721573947846,K
110,4ddce2f4-2e7c-40ce-a358-ced95c9942cc,0.5641753077507019,0.9998721576169785,K
110,755481fd-b0ab-4de1-8832-7a29a42af347,0.5641753077507019,0.9998721572281393,K
110,31e14c3d-daa7-4837-b78a-7fb4ffb057a2,0.5510950684547424,0.9996221309382815,K
110,7e3c6771-57fe-431f-9369-c217f11e15c2,0.5510950684547424,0.9994979637845967,K
110,8c26928e-e3eb-4dd3-90be-d5b12363ac77,0.5510950684547424,0.9994979639789435,K
110,94c44e21-2973-4a41-919d-43aa6841e0b8,0.5486348867416382,0.9998721573670104,K
110,bc50c81e-afec-40e2-b022-fd9739290eb8,0.5486348867416382,0.9998721575336558,K
110,dd330cbb-60bc-462f-8b2b-2af5e0018ef8,0.5486348867416382,0.9998721571725908,K
110,26c15497-867c-47e8-93ec-5595823a72bf,0.5288690328598022,0.9998721571448166,K
110,6d371be9-6291-4691-ae7a-eaede59746de,0.5288690328598022,0.9998721575058815,K
110,e14793b8-7532-4ba5-b9a3-d19ee2cb21b3,0.5288690328598022,0.9998721573392362,K
111,94c44e21-2973-4a41-919d-43aa6841e0b8,0.9085501432418823,0.9998774293179554,K
111,bc50c81e-afec-40e2-b022-fd9739290eb8,0.9085501432418823,0.9998774295123761,K
111,dd330cbb-60bc-462f-8b2b-2af5e0018ef8,0.9085501432418823,0.9998774291513093,K
111,012e10e2-0da9-4b96-9678-d473f14e34ab,0.6350393295288086,0.9990160401007697,K
111,0e3547d9-8a0c-4125-a56f-bef69f65d994,0.6350393295288086,0.9990160408500318,K
111,2df0b5c0-6614-4581-b95b-25a0facd11c3,0.6350393295288086,0.9990160410442849,K
111,51d28a25-239c-4048-891c-9b68f03c1a6a,0.6350393295288086,0.999016040489276,K
111,b1c92968-f766-420f-9f2a-b35789a2dccc,0.6350393295288086,0.9990160399342671,K
111,dc2b3638-3376-4382-8782-20ca023e8554,0.6350393295288086,0.9990160397677644,K
111,e3a4e850-c28e-47f7-be91-fb23ce2255aa,0.6350393295288086,0.9990160395735113,K
111,f184814c-0a82-401f-95c3-2db50d68e267,0.6350393295288086,0.9990160406835291,K
111,f22180e9-0fa4-4fb2-8fca-1282f28e8654,0.6350393295288086,0.9990160402672724,K
111,355072c6-35df-49d5-9bf7-e8f169b0e086,0.559798538684845,0.9997495934125199,K
111,86d671c2-2ec3-44c7-8a65-1f2946a85d47,0.559798538684845,0.9996249574293873,K
111,ca772484-2412-4fdd-9a68-b726c4e2c143,0.559798538684845,0.9996249576237588,K
111,db868b3d-342c-4d03-9a79-64b27837b5e4,0.559798538684845,0.9996249578458977,K
111,26c15497-867c-47e8-93ec-5595823a72bf,0.5529343485832214,0.9998774291235348,K
111,6d371be9-6291-4691-ae7a-eaede59746de,0.5529343485832214,0.9998774294846017,K
111,e14793b8-7532-4ba5-b9a3-d19ee2cb21b3,0.5529343485832214,0.9998774293179554,K
111,1fe1c897-c028-4b10-b5a6-651e2383566d,0.5213491916656494,0.9998774295679248,K
111,245ede3c-39e2-44af-8de2-86dffd0ab5dd,0.5213491916656494,0.9998774293457299,K
111,cacd0527-b32b-4f01-856c-c58a677a202e,0.5213491916656494,0.9998774291790836,K
111,3ada1724-89b3-4190-83d0-8b2217b7aa5a,0.5007662773132324,0.9992570543431171,K
111,dfef75de-8fb7-4f1d-acc3-38a52b773932,0.5007662773132324,0.9993754458651779,K
111,f9e10c27-fc2c-40af-9439-75cab4613420,0.5007662773132324,0.99925705450966,K
112,26c15497-867c-47e8-93ec-5595823a72bf,0.9063560366630554,0.9998667908175756,K
112,6d371be9-6291-4691-ae7a-eaede59746de,0.9063560366630554,0.9998667911786386,K
112,e14793b8-7532-4ba5-b9a3-d19ee2cb21b3,0.9063560366630554,0.9998667910119942,K
112,355072c6-35df-49d5-9bf7-e8f169b0e086,0.6108070611953735,0.9998667907342533,K
112,86d671c2-2ec3-44c7-8a65-1f2946a85d47,0.6108070611953735,0.9998667909008978,K
112,ca772484-2412-4fdd-9a68-b726c4e2c143,0.6108070611953735,0.9998667910953164,K
112,db868b3d-342c-4d03-9a79-64b27837b5e4,0.6108070611953735,0.9998667912897349,K
112,94c44e21-2973-4a41-919d-43aa6841e0b8,0.571755051612854,0.9998667910119942,K
112,bc50c81e-afec-40e2-b022-fd9739290eb8,0.571755051612854,0.9998667912064126,K
112,dd330cbb-60bc-462f-8b2b-2af5e0018ef8,0.571755051612854,0.9998667908453497,K
112,30d170b1-7064-4746-a63a-19d9572302e4,0.5150877833366394,0.9994917869895581,K
112,b791b973-6da4-41ef-a269-b816891d6bb1,0.5150877833366394,0.9994917868229761,K
112,dafbf493-fce5-4ff2-ac2a-86155d8a0fda,0.5150877833366394,0.9994917871561401,K
112,3586b3d9-8cd0-425c-bfa4-12ede5ea224a,0.5058408975601196,0.9997442252714902,K
112,4ddce2f4-2e7c-40ce-a358-ced95c9942cc,0.5058408975601196,0.9997442254658848,K
112,755481fd-b0ab-4de1-8832-7a29a42af347,0.5058408975601196,0.9997442251048662,K
112,91f97e0f-c81f-415a-84d5-370c932bd526,0.5058408975601196,0.9997442249104714,K
113,3ada1724-89b3-4190-83d0-8b2217b7aa5a,0.8924493193626404,0.9997328276691078,K
113,dfef75de-8fb7-4f1d-acc3-38a52b773932,0.8924493193626404,0.9997328274747153,K
113,f9e10c27-fc2c-40af-9439-75cab4613420,0.8924493193626404,0.9997328278635002,K
113,620349aa-de94-45c7-bea3-08ca78d848b7,0.5179146528244019,0.9998660267252208,K
113,94c44e21-2973-4a41-919d-43aa6841e0b8,0.5179146528244019,0.9998660271140576,K
113,bc50c81e-afec-40e2-b022-fd9739290eb8,0.5179146528244019,0.999866027308476,K
113,dd330cbb-60bc-462f-8b2b-2af5e0018ef8,0.5179146528244019,0.9998660269196392,K
114,31e14c3d-daa7-4837-b78a-7fb4ffb057a2,0.890346109867096,0.9994848989601154,K
114,7e3c6771-57fe-431f-9369-c217f11e15c2,0.890346109867096,0.9994848991266961,K
114,8c26928e-e3eb-4dd3-90be-d5b12363ac77,0.890346109867096,0.9994848993210405,K
114,1fe1c897-c028-4b10-b5a6-651e2383566d,0.5835834741592407,0.9996074334355368,K
114,245ede3c-39e2-44af-8de2-86dffd0ab5dd,0.5835834741592407,0.9996074332134017,K
114,cacd0527-b32b-4f01-856c-c58a677a202e,0.5835834741592407,0.9996074330468006,K
114,d9a788c5-317a-4545-9184-c4acaa54f6b9,0.5835834741592407,0.9996074328524325,K
114,2f180e2f-9208-44ea-8ba2-2a4b2b57e0f1,0.5549933314323425,0.9989831140182125,K
114,461ca34a-8299-40ed-93aa-6fec635580a6,0.5549933314323425,0.9989831149616966,K
114,64a40544-da83-4141-8f49-0f700719d520,0.5549933314323425,0.99898311357422,K
114,af2be6aa-378f-4aca-b542-bba94f7f84d4,0.5549933314323425,0.9989831145732031,K
114,b0680986-d9bd-42cb-b6de-f75146f1fe33,0.5549933314323425,0.9989831147674498,K
114,b153ca39-3aa7-4a3c-88f6-3ba8434bae42,0.5549933314323425,0.9989831138517152,K
114,b2a083e9-f284-46b0-8812-deea53b56145,0.5549933314323425,0.9989831133799733,K
114,d7a540ee-540f-48c5-b8a0-fd7efab16139,0.5549933314323425,0.9989831142124592,K
114,620349aa-de94-45c7-bea3-08ca78d848b7,0.5206599235534668,0.9998745813655746,K
114,94c44e21-2973-4a41-919d-43aa6841e0b8,0.5206599235534668,0.9998745817266405,K
114,bc50c81e-afec-40e2-b022-fd9739290eb8,0.5206599235534668,0.9998745818932862,K
114,dd330cbb-60bc-462f-8b2b-2af5e0018ef8,0.5206599235534668,0.9998745815322203,K
114,26c15497-867c-47e8-93ec-5595823a72bf,0.5174322128295898,0.9997406156737104,K
114,6d371be9-6291-4691-ae7a-eaede59746de,0.5174322128295898,0.9997406160347279,K
114,e14793b8-7532-4ba5-b9a3-d19ee2cb21b3,0.5174322128295898,0.9997406158681045,K
114,fbeda479-a20d-43b0-a541-0d5f496f8c02,0.5174322128295898,0.9998745813378003,K
115,30d170b1-7064-4746-a63a-19d9572302e4,0.8686729669570923,0.9996070830731928,K
115,b791b973-6da4-41ef-a269-b816891d6bb1,0.8686729669570923,0.9996070829065916,K
115,dafbf493-fce5-4ff2-ac2a-86155d8a0fda,0.8686729669570923,0.999607083239794,K
115,355072c6-35df-49d5-9bf7-e8f169b0e086,0.5548982620239258,0.9996070828788247,K
115,86d671c2-2ec3-44c7-8a65-1f2946a85d47,0.5548982620239258,0.9996070830454259,K
115,ca772484-2412-4fdd-9a68-b726c4e2c143,0.5548982620239258,0.9996070832120271,K
115,db868b3d-342c-4d03-9a79-64b27837b5e4,0.5548982620239258,0.9996070834341619,K
115,26c15497-867c-47e8-93ec-5595823a72bf,0.536957323551178,0.9998664422807375,K
115,6d371be9-6291-4691-ae7a-eaede59746de,0.536957323551178,0.9998664426140264,K
115,e14793b8-7532-4ba5-b9a3-d19ee2cb21b3,0.536957323551178,0.9998664424473819,K
115,fbeda479-a20d-43b0-a541-0d5f496f8c02,0.536957323551178,0.999866442114093,K
115,620349aa-de94-45c7-bea3-08ca78d848b7,0.5355179905891418,0.9998664421418672,K
115,94c44e21-2973-4a41-919d-43aa6841e0b8,0.5355179905891418,0.999866442475156,K
115,bc50c81e-afec-40e2-b022-fd9739290eb8,0.5355179905891418,0.9998664426418004,K
115,dd330cbb-60bc-462f-8b2b-2af5e0018ef8,0.5355179905891418,0.9998664423085115,K
116,355072c6-35df-49d5-9bf7-e8f169b0e086,0.8782250881195068,0.9998766309716957,K
116,86d671c2-2ec3-44c7-8a65-1f2946a85d47,0.8782250881195068,0.9998766311383417,K
116,ca772484-2412-4fdd-9a68-b726c4e2c143,0.8782250881195068,0.9998766313327622,K
116,db868b3d-342c-4d03-9a79-64b27837b5e4,0.8782250881195068,0.9998766315271826,K
116,26c15497-867c-47e8-93ec-5595823a72bf,0.6453519463539124,0.9998766310550187,K
116,6d371be9-6291-4691-ae7a-eaede59746de,0.6453519463539124,0.9998766314160853,K
116,e14793b8-7532-4ba5-b9a3-d19ee2cb21b3,0.6453519463539124,0.9998766312216648,K
116,fbeda479-a20d-43b0-a541-0d5f496f8c02,0.6453519463539124,0.9998766308883725,K
116,620349aa-de94-45c7-bea3-08ca78d848b7,0.5870772004127502,0.9998766308883725,K
116,94c44e21-2973-4a41-919d-43aa6841e0b8,0.5870772004127502,0.9998766312494392,K
116,bc50c81e-afec-40e2-b022-fd9739290eb8,0.5870772004127502,0.9998766314438596,K
116,dd330cbb-60bc-462f-8b2b-2af5e0018ef8,0.5870772004127502,0.999876631082793,K
116,30d170b1-7064-4746-a63a-19d9572302e4,0.5510380268096924,0.9998766311661161,K
116,b791b973-6da4-41ef-a269-b816891d6bb1,0.5510380268096924,0.99987663099947,K
116,dafbf493-fce5-4ff2-ac2a-86155d8a0fda,0.5510380268096924,0.9998766313327622,K
117,3586b3d9-8cd0-425c-bfa4-12ede5ea224a,0.8836332559585571,0.999350839046204,K
117,4ddce2f4-2e7c-40ce-a358-ced95c9942cc,0.8836332559585571,0.9993508392682819,K
117,755481fd-b0ab-4de1-8832-7a29a42af347,0.8836332559585571,0.9993508388518858,K
117,91f97e0f-c81f-415a-84d5-370c932bd526,0.8836332559585571,0.9993508386853274,K
117,1fe1c897-c028-4b10-b5a6-651e2383566d,0.5803573727607727,0.9996101320738142,K
117,245ede3c-39e2-44af-8de2-86dffd0ab5dd,0.5803573727607727,0.9996101318516786,K
117,cacd0527-b32b-4f01-856c-c58a677a202e,0.5803573727607727,0.999610131685077,K
117,d9a788c5-317a-4545-9184-c4acaa54f6b9,0.5803573727607727,0.9996101314907083,K
117,26c15497-867c-47e8-93ec-5595823a72bf,0.5355281829833984,0.9998670245086911,K
117,6d371be9-6291-4691-ae7a-eaede59746de,0.5355281829833984,0.9998670248697542,K
117,e14793b8-7532-4ba5-b9a3-d19ee2cb21b3,0.5355281829833984,0.9998670246753357,K
117,fbeda479-a20d-43b0-a541-0d5f496f8c02,0.5355281829833984,0.9998670243142725,K
117,620349aa-de94-45c7-bea3-08ca78d848b7,0.5250928401947021,0.9998670243420467,K
117,94c44e21-2973-4a41-919d-43aa6841e0b8,0.5250928401947021,0.9998670247031097,K
117,bc50c81e-afec-40e2-b022-fd9739290eb8,0.5250928401947021,0.9998670248975283,K
117,dd330cbb-60bc-462f-8b2b-2af5e0018ef8,0.5250928401947021,0.9998670245364653,K
118,1fe1c897-c028-4b10-b5a6-651e2383566d,0.9045434594154358,0.9998651537036903,K
118,245ede3c-39e2-44af-8de2-86dffd0ab5dd,0.9045434594154358,0.9998651534814981,K
118,cacd0527-b32b-4f01-856c-c58a677a202e,0.9045434594154358,0.9998651533148539,K
118,d9a788c5-317a-4545-9184-c4acaa54f6b9,0.9045434594154358,0.9998651531204357,K
118,3586b3d9-8cd0-425c-bfa4-12ede5ea224a,0.5641753077507019,0.9998651535092721,K
118,4ddce2f4-2e7c-40ce-a358-ced95c9942cc,0.5641753077507019,0.9998651537314643,K
118,755481fd-b0ab-4de1-8832-7a29a42af347,0.5641753077507019,0.9998651533426279,K
118,91f97e0f-c81f-415a-84d5-370c932bd526,0.5641753077507019,0.9998651531482097,K
118,31e14c3d-daa7-4837-b78a-7fb4ffb057a2,0.5510950684547424,0.9994753274110482,K
118,7e3c6771-57fe-431f-9369-c217f11e15c2,0.5510950684547424,0.9994753276053906,K
118,8ad97832-a2d1-45f0-88b6-a8dd64480c89,0.5510950684547424,0.9996088415779667,K
118,8c26928e-e3eb-4dd3-90be-d5b12363ac77,0.5510950684547424,0.9994753277719698,K
118,620349aa-de94-45c7-bea3-08ca78d848b7,0.5486348867416382,0.9998651530926617,K
118,94c44e21-2973-4a41-919d-43aa6841e0b8,0.5486348867416382,0.9998651534537241,K
118,bc50c81e-afec-40e2-b022-fd9739290eb8,0.5486348867416382,0.9998651536481423,K
118,dd330cbb-60bc-462f-8b2b-2af5e0018ef8,0.5486348867416382,0.9998651532870798,K
118,26c15497-867c-47e8-93ec-5595823a72bf,0.5288690328598022,0.9998651532593058,K
118,6d371be9-6291-4691-ae7a-eaede59746de,0.5288690328598022,0.9998651536203682,K
118,e14793b8-7532-4ba5-b9a3-d19ee2cb21b3,0.5288690328598022,0.9998651534537241,K
118,fbeda479-a20d-43b0-a541-0d5f496f8c02,0.5288690328598022,0.9998651530926617,K
119,620349aa-de94-45c7-bea3-08ca78d848b7,0.9085501432418823,0.9998613376700652,K
119,94c44e21-2973-4a41-919d-43aa6841e0b8,0.9085501432418823,0.9998613380311262,K
119,bc50c81e-afec-40e2-b022-fd9739290eb8,0.9085501432418823,0.9998613381977698,K
119,dd330cbb-60bc-462f-8b2b-2af5e0018ef8,0.9085501432418823,0.9998613378644827,K
119,012e10e2-0da9-4b96-9678-d473f14e34ab,0.6350393295288086,0.9989444128023222,K
119,0e3547d9-8a0c-4125-a56f-bef69f65d994,0.6350393295288086,0.9989444135515304,K
119,2df0b5c0-6614-4581-b95b-25a0facd11c3,0.6350393295288086,0.9989444137180211,K
119,51d28a25-239c-4048-891c-9b68f03c1a6a,0.6350393295288086,0.998944413163052,K
119,b1c92968-f766-420f-9f2a-b35789a2dccc,0.6350393295288086,0.9989444126080829,K
119,dc2b3638-3376-4382-8782-20ca023e8554,0.6350393295288086,0.9989444124415922,K
119,e3a4e850-c28e-47f7-be91-fb23ce2255aa,0.6350393295288086,0.998944412247353,K
119,f184814c-0a82-401f-95c3-2db50d68e267,0.6350393295288086,0.9989444133572912,K
119,f22180e9-0fa4-4fb2-8fca-1282f28e8654,0.6350393295288086,0.9989444129688129,K
119,078d0e9f-afea-4d8c-a9ec-4b2cf9cff354,0.559798538684845,0.9997264993247973,K
119,355072c6-35df-49d5-9bf7-e8f169b0e086,0.559798538684845,0.999593550400805,K
119,86d671c2-2ec3-44c7-8a65-1f2946a85d47,0.559798538684845,0.9995935505674038,K
119,ca772484-2412-4fdd-9a68-b726c4e2c143,0.559798538684845,0.9995935507340028,K
119,db868b3d-342c-4d03-9a79-64b27837b5e4,0.559798538684845,0.9995935509561347,K
119,26c15497-867c-47e8-93ec-5595823a72bf,0.5529343485832214,0.9998613378367087,K
119,6d371be9-6291-4691-ae7a-eaede59746de,0.5529343485832214,0.9998613381977698,K
119,e14793b8-7532-4ba5-b9a3-d19ee2cb21b3,0.5529343485832214,0.9998613380033523,K
119,fbeda479-a20d-43b0-a541-0d5f496f8c02,0.5529343485832214,0.9998613376422912,K
119,1fe1c897-c028-4b10-b5a6-651e2383566d,0.5213491916656494,0.9998613382533177,K
119,245ede3c-39e2-44af-8de2-86dffd0ab5dd,0.5213491916656494,0.9998613380589002,K
119,cacd0527-b32b-4f01-856c-c58a677a202e,0.5213491916656494,0.9998613378644827,K
119,d9a788c5-317a-4545-9184-c4acaa54f6b9,0.5213491916656494,0.9998613376978391,K
119,3ada1724-89b3-4190-83d0-8b2217b7aa5a,0.5007662773132324,0.9992113830663599,K
119,dfef75de-8fb7-4f1d-acc3-38a52b773932,0.5007662773132324,0.9992113828998247,K
119,ea12cbd0-266d-47ee-9426-18e6b56939b5,0.5007662773132324,0.9993367276735136,K
119,f9e10c27-fc2c-40af-9439-75cab4613420,0.5007662773132324,0.999211383260651,K
120,26c15497-867c-47e8-93ec-5595823a72bf,0.9063560366630554,0.9998479499218962,K
120,6d371be9-6291-4691-ae7a-eaede59746de,0.9063560366630554,0.9998479502829524,K
120,e14793b8-7532-4ba5-b9a3-d19ee2cb21b3,0.9063560366630554,0.999847950116311,K
120,fbeda479-a20d-43b0-a541-0d5f496f8c02,0.9063560366630554,0.9998479497552548,K
120,078d0e9f-afea-4d8c-a9ec-4b2cf9cff354,0.6108070611953735,0.9998479496719341,K
120,355072c6-35df-49d5-9bf7-e8f169b0e086,0.6108070611953735,0.9998479498385755,K
120,86d671c2-2ec3-44c7-8a65-1f2946a85d47,0.6108070611953735,0.9998479500052168,K
120,ca772484-2412-4fdd-9a68-b726c4e2c143,0.6108070611953735,0.9998479501996317,K
120,db868b3d-342c-4d03-9a79-64b27837b5e4,0.6108070611953735,0.9998479503940465,K
120,620349aa-de94-45c7-bea3-08ca78d848b7,0.571755051612854,0.9998479497830284,K
120,94c44e21-2973-4a41-919d-43aa6841e0b8,0.571755051612854,0.999847950116311,K
120,bc50c81e-afec-40e2-b022-fd9739290eb8,0.571755051612854,0.9998479503107259,K
120,dd330cbb-60bc-462f-8b2b-2af5e0018ef8,0.571755051612854,0.9998479499496696,K
120,30d170b1-7064-4746-a63a-19d9572302e4,0.5150877833366394,0.9994415527397487,K
120,b791b973-6da4-41ef-a269-b816891d6bb1,0.5150877833366394,0.999441552573175,K
120,c765ef3b-e306-481d-a9d9-c4b51cabd483,0.5150877833366394,0.9994415523788392,K
120,dafbf493-fce5-4ff2-ac2a-86155d8a0fda,0.5150877833366394,0.9994415529340845,K
120,3586b3d9-8cd0-425c-bfa4-12ede5ea224a,0.5058408975601196,0.9997092995115775,K
120,4ddce2f4-2e7c-40ce-a358-ced95c9942cc,0.5058408975601196,0.9997092997337351,K
120,755481fd-b0ab-4de1-8832-7a29a42af347,0.5058408975601196,0.9997092993449592,K
120,88f6e161-d522-4c46-bb57-17edf3ea149d,0.5058408975601196,0.9997092989839531,K
120,91f97e0f-c81f-415a-84d5-370c932bd526,0.5058408975601196,0.9997092991505714,K
121,3ada1724-89b3-4190-83d0-8b2217b7aa5a,0.8924493193626404,0.9997141307017501,K
121,dfef75de-8fb7-4f1d-acc3-38a52b773932,0.8924493193626404,0.9997141305073611,K
121,ea12cbd0-266d-47ee-9426-18e6b56939b5,0.8924493193626404,0.9997141303407422,K
121,f9e10c27-fc2c-40af-9439-75cab4613420,0.8924493193626404,0.9997141308961389,K
121,0972b605-8947-410f-bbe4-d0aec0bf97a0,0.5179146528244019,0.9998661707892612,K
121,620349aa-de94-45c7-bea3-08ca78d848b7,0.5179146528244019,0.9998661709559056,K
121,94c44e21-2973-4a41-919d-43aa6841e0b8,0.5179146528244019,0.9998661713447424,K
121,bc50c81e-afec-40e2-b022-fd9739290eb8,0.5179146528244019,0.9998661715113868,K
121,dd330cbb-60bc-462f-8b2b-2af5e0018ef8,0.5179146528244019,0.999866171150324,K
122,ebdd3107-0c43-42b1-97b3-9b6e031bc86b,0.5750882029533386,0.9998808416277006,K
122,cee3e923-5024-4766-b938-623e2b140d4b,0.5540775656700134,0.9954414649716387,K
122,0972b605-8947-410f-bbe4-d0aec0bf97a0,0.5041643381118774,0.9998808398223602,K
122,620349aa-de94-45c7-bea3-08ca78d848b7,0.5041643381118774,0.999880839989007,K
122,94c44e21-2973-4a41-919d-43aa6841e0b8,0.5041643381118774,0.9998808403500751,K
122,bc50c81e-afec-40e2-b022-fd9739290eb8,0.5041643381118774,0.9998808405444964,K
122,dd330cbb-60bc-462f-8b2b-2af5e0018ef8,0.5041643381118774,0.9998808401556538,K
123,30d170b1-7064-4746-a63a-19d9572302e4,0.8686729669570923,0.9995310150356223,K
123,b791b973-6da4-41ef-a269-b816891d6bb1,0.8686729669570923,0.9995310148690337,K
123,c765ef3b-e306-481d-a9d9-c4b51cabd483,0.8686729669570923,0.9995310146746804,K
123,dafbf493-fce5-4ff2-ac2a-86155d8a0fda,0.8686729669570923,0.9995310152299755,K
123,078d0e9f-afea-4d8c-a9ec-4b2cf9cff354,0.5548982620239258,0.9995310146469157,K
123,355072c6-35df-49d5-9bf7-e8f169b0e086,0.5548982620239258,0.9995310148412689,K
123,86d671c2-2ec3-44c7-8a65-1f2946a85d47,0.5548982620239258,0.9995310150356223,K
123,ca772484-2412-4fdd-9a68-b726c4e2c143,0.5548982620239258,0.9995310152022107,K
123,db868b3d-342c-4d03-9a79-64b27837b5e4,0.5548982620239258,0.9995310154243288,K
123,26c15497-867c-47e8-93ec-5595823a72bf,0.536957323551178,0.9995310149245632,K
123,6d371be9-6291-4691-ae7a-eaede59746de,0.536957323551178,0.9995310152855049,K
123,bbf01234-6ced-4e3e-a097-db83ada51a61,0.536957323551178,0.9996648071896667,K
123,e14793b8-7532-4ba5-b9a3-d19ee2cb21b3,0.536957323551178,0.9995310151189165,K
123,fbeda479-a20d-43b0-a541-0d5f496f8c02,0.536957323551178,0.9995310147579747,K
123,0972b605-8947-410f-bbe4-d0aec0bf97a0,0.5355179905891418,0.9997839496755668,K
123,620349aa-de94-45c7-bea3-08ca78d848b7,0.5355179905891418,0.9997839498421974,K
123,94c44e21-2973-4a41-919d-43aa6841e0b8,0.5355179905891418,0.9997839502310023,K
123,bc50c81e-afec-40e2-b022-fd9739290eb8,0.5355179905891418,0.999783950397633,K
123,dd330cbb-60bc-462f-8b2b-2af5e0018ef8,0.5355179905891418,0.9997839500365999,K
124,078d0e9f-afea-4d8c-a9ec-4b2cf9cff354,0.8782250881195068,0.9998660047559426,K
124,355072c6-35df-49d5-9bf7-e8f169b0e086,0.8782250881195068,0.9998660049225868,K
124,86d671c2-2ec3-44c7-8a65-1f2946a85d47,0.8782250881195068,0.9998660050892312,K
124,ca772484-2412-4fdd-9a68-b726c4e2c143,0.8782250881195068,0.9998660052836496,K
124,db868b3d-342c-4d03-9a79-64b27837b5e4,0.8782250881195068,0.999866005505842,K
124,26c15497-867c-47e8-93ec-5595823a72bf,0.6453519463539124,0.999866005005909,K
124,6d371be9-6291-4691-ae7a-eaede59746de,0.6453519463539124,0.9998660053669718,K
124,bbf01234-6ced-4e3e-a097-db83ada51a61,0.6453519463539124,0.9998660046726203,K
124,e14793b8-7532-4ba5-b9a3-d19ee2cb21b3,0.6453519463539124,0.9998660052003274,K
124,fbeda479-a20d-43b0-a541-0d5f496f8c02,0.6453519463539124,0.9998660048392647,K
124,0972b605-8947-410f-bbe4-d0aec0bf97a0,0.5870772004127502,0.9998660046726203,K
124,620349aa-de94-45c7-bea3-08ca78d848b7,0.5870772004127502,0.9998660048670387,K
124,94c44e21-2973-4a41-919d-43aa6841e0b8,0.5870772004127502,0.9998660052281014,K
124,bc50c81e-afec-40e2-b022-fd9739290eb8,0.5870772004127502,0.9998660053947458,K
124,dd330cbb-60bc-462f-8b2b-2af5e0018ef8,0.5870772004127502,0.9998660050336831,K
124,30d170b1-7064-4746-a63a-19d9572302e4,0.5510380268096924,0.9998660051170053,K
124,b791b973-6da4-41ef-a269-b816891d6bb1,0.5510380268096924,0.9998660049503609,K
124,c765ef3b-e306-481d-a9d9-c4b51cabd483,0.5510380268096924,0.9998660047559426,K
124,dafbf493-fce5-4ff2-ac2a-86155d8a0fda,0.5510380268096924,0.9998660053114237,K
125,3586b3d9-8cd0-425c-bfa4-12ede5ea224a,0.8836332559585571,0.9992621304430604,K
125,4ddce2f4-2e7c-40ce-a358-ced95c9942cc,0.8836332559585571,0.9998649895591744,K
125,755481fd-b0ab-4de1-8832-7a29a42af347,0.8836332559585571,0.9992621302487594,K
125,88f6e161-d522-4c46-bb57-17edf3ea149d,0.8836332559585571,0.9992621299156721,K
125,91f97e0f-c81f-415a-84d5-370c932bd526,0.8836332559585571,0.9992621300822158,K
125,1fe1c897-c028-4b10-b5a6-651e2383566d,0.5803573727607727,0.999110181900905,K
125,245ede3c-39e2-44af-8de2-86dffd0ab5dd,0.5803573727607727,0.9991101816788804,K
125,af9507d7-9513-40af-8985-7a14c802dd06,0.5803573727607727,0.9991101811515724,K
125,cacd0527-b32b-4f01-856c-c58a677a202e,0.5803573727607727,0.9991101815123621,K
125,d9a788c5-317a-4545-9184-c4acaa54f6b9,0.5803573727607727,0.9991101813458437,K
125,26c15497-867c-47e8-93ec-5595823a72bf,0.5355281829833984,0.9998649891147899,K
125,6d371be9-6291-4691-ae7a-eaede59746de,0.5355281829833984,0.9998649894758523,K
125,bbf01234-6ced-4e3e-a097-db83ada51a61,0.5355281829833984,0.9998649887815017,K
125,e14793b8-7532-4ba5-b9a3-d19ee2cb21b3,0.5355281829833984,0.9998649892814341,K
125,fbeda479-a20d-43b0-a541-0d5f496f8c02,0.5355281829833984,0.9998649889481458,K
125,0972b605-8947-410f-bbe4-d0aec0bf97a0,0.5250928401947021,0.9998649888092757,K
125,620349aa-de94-45c7-bea3-08ca78d848b7,0.5250928401947021,0.9998649889759198,K
125,94c44e21-2973-4a41-919d-43aa6841e0b8,0.5250928401947021,0.9998649893092082,K
125,bc50c81e-afec-40e2-b022-fd9739290eb8,0.5250928401947021,0.9998649895036263,K
125,dd330cbb-60bc-462f-8b2b-2af5e0018ef8,0.5250928401947021,0.9998649891425639,K
126,1fe1c897-c028-4b10-b5a6-651e2383566d,0.9045434594154358,0.9998649486202588,K
126,245ede3c-39e2-44af-8de2-86dffd0ab5dd,0.9045434594154358,0.9998649483980665,K
126,af9507d7-9513-40af-8985-7a14c802dd06,0.9045434594154358,0.999864947842586,K
126,cacd0527-b32b-4f01-856c-c58a677a202e,0.9045434594154358,0.9998649482036484,K
126,d9a788c5-317a-4545-9184-c4acaa54f6b9,0.9045434594154358,0.9998649480370042,K
126,3586b3d9-8cd0-425c-bfa4-12ede5ea224a,0.5641753077507019,0.9998649484258405,K
126,4ddce2f4-2e7c-40ce-a358-ced95c9942cc,0.5641753077507019,0.9998649486480328,K
126,755481fd-b0ab-4de1-8832-7a29a42af347,0.5641753077507019,0.9998649482314224,K
126,88f6e161-d522-4c46-bb57-17edf3ea149d,0.5641753077507019,0.999864947842586,K
126,91f97e0f-c81f-415a-84d5-370c932bd526,0.5641753077507019,0.9998649480370042,K
126,31e14c3d-daa7-4837-b78a-7fb4ffb057a2,0.5510950684547424,0.9988367017122165,K
126,7e3c6771-57fe-431f-9369-c217f11e15c2,0.5510950684547424,0.9988367019064347,K
126,8ad97832-a2d1-45f0-88b6-a8dd64480c89,0.5510950684547424,0.9988367015179982,K
126,8c26928e-e3eb-4dd3-90be-d5b12363ac77,0.5510950684547424,0.9998649485091626,K
126,0972b605-8947-410f-bbe4-d0aec0bf97a0,0.5486348867416382,0.9998649478148119,K
126,620349aa-de94-45c7-bea3-08ca78d848b7,0.5486348867416382,0.9998649480092302,K
126,94c44e21-2973-4a41-919d-43aa6841e0b8,0.5486348867416382,0.9998649483702925,K
126,bc50c81e-afec-40e2-b022-fd9739290eb8,0.5486348867416382,0.9998649485647106,K
126,dd330cbb-60bc-462f-8b2b-2af5e0018ef8,0.5486348867416382,0.9998649481758743,K
126,26c15497-867c-47e8-93ec-5595823a72bf,0.5288690328598022,0.9998649481758743,K
126,6d371be9-6291-4691-ae7a-eaede59746de,0.5288690328598022,0.9998649485369366,K
126,bbf01234-6ced-4e3e-a097-db83ada51a61,0.5288690328598022,0.9998649477870379,K
126,e14793b8-7532-4ba5-b9a3-d19ee2cb21b3,0.5288690328598022,0.9998649483425185,K
126,fbeda479-a20d-43b0-a541-0d5f496f8c02,0.5288690328598022,0.9998649479814561,K
127,0972b605-8947-410f-bbe4-d0aec0bf97a0,0.9085501432418823,0.999862742892841,K
127,620349aa-de94-45c7-bea3-08ca78d848b7,0.9085501432418823,0.9998627430594847,K
127,94c44e21-2973-4a41-919d-43aa6841e0b8,0.9085501432418823,0.9998627434205464,K
127,bc50c81e-afec-40e2-b022-fd9739290eb8,0.9085501432418823,0.9998627435871901,K
127,dd330cbb-60bc-462f-8b2b-2af5e0018ef8,0.9085501432418823,0.9998627432261286,K
127,012e10e2-0da9-4b96-9678-d473f14e34ab,0.6350393295288086,0.9988381042464032,K
127,0e3547d9-8a0c-4125-a56f-bef69f65d994,0.6350393295288086,0.9988381049955317,K
127,2df0b5c0-6614-4581-b95b-25a0facd11c3,0.6350393295288086,0.9988381051897502,K
127,51d28a25-239c-4048-891c-9b68f03c1a6a,0.6350393295288086,0.9988381046348402,K
127,b1c92968-f766-420f-9f2a-b35789a2dccc,0.6350393295288086,0.9988381040521846,K
127,dc2b3638-3376-4382-8782-20ca023e8554,0.6350393295288086,0.9988381038857116,K
127,e3a4e850-c28e-47f7-be91-fb23ce2255aa,0.6350393295288086,0.9988381036914931,K
127,f184814c-0a82-401f-95c3-2db50d68e267,0.6350393295288086,0.9988381048013132,K
127,f22180e9-0fa4-4fb2-8fca-1282f28e8654,0.6350393295288086,0.9988381044128761,K
127,078d0e9f-afea-4d8c-a9ec-4b2cf9cff354,0.559798538684845,0.9995927049116178,K
127,22236c00-4b51-4313-a985-7cf1e537969f,0.559798538684845,0.999727697275563,K
127,355072c6-35df-49d5-9bf7-e8f169b0e086,0.559798538684845,0.9995927050782166,K
127,86d671c2-2ec3-44c7-8a65-1f2946a85d47,0.559798538684845,0.9995927052725818,K
127,ca772484-2412-4fdd-9a68-b726c4e2c143,0.559798538684845,0.9995927054391807,K
127,db868b3d-342c-4d03-9a79-64b27837b5e4,0.559798538684845,0.9995927056335459,K
127,26c15497-867c-47e8-93ec-5595823a72bf,0.5529343485832214,0.9998627431983547,K
127,6d371be9-6291-4691-ae7a-eaede59746de,0.5529343485832214,0.9998627435594162,K
127,bbf01234-6ced-4e3e-a097-db83ada51a61,0.5529343485832214,0.999862742865067,K
127,e14793b8-7532-4ba5-b9a3-d19ee2cb21b3,0.5529343485832214,0.9998627433927724,K
127,fbeda479-a20d-43b0-a541-0d5f496f8c02,0.5529343485832214,0.9998627430317109,K
127,f9ec5e51-bc06-4de6-b40a-0ace8f9f72c2,0.5286071300506592,0.9994587520275581,K
127,1fe1c897-c028-4b10-b5a6-651e2383566d,0.5213491916656494,0.9998627436427381,K
127,245ede3c-39e2-44af-8de2-86dffd0ab5dd,0.5213491916656494,0.9998627434205464,K
127,af9507d7-9513-40af-8985-7a14c802dd06,0.5213491916656494,0.999862742892841,K
127,cacd0527-b32b-4f01-856c-c58a677a202e,0.5213491916656494,0.9998627432539026,K
127,d9a788c5-317a-4545-9184-c4acaa54f6b9,0.5213491916656494,0.9998627430872588,K
127,3ada1724-89b3-4190-83d0-8b2217b7aa5a,0.5007662773132324,0.9991237307871835,K
127,d1805529-6794-4f82-9eb4-2b3a9a4dfdef,0.5007662773132324,0.9992428082311456,K
127,dfef75de-8fb7-4f1d-acc3-38a52b773932,0.5007662773132324,0.9991237306206628,K
127,ea12cbd0-266d-47ee-9426-18e6b56939b5,0.5007662773132324,0.9991237304263888,K
127,f9e10c27-fc2c-40af-9439-75cab4613420,0.5007662773132324,0.9991237309537041,K
128,26c15497-867c-47e8-93ec-5595823a72bf,0.9063560366630554,0.9998438037554593,K
128,6d371be9-6291-4691-ae7a-eaede59746de,0.9063560366630554,0.9998438040887406,K
128,bbf01234-6ced-4e3e-a097-db83ada51a61,0.9063560366630554,0.9998438033944047,K
128,e14793b8-7532-4ba5-b9a3-d19ee2cb21b3,0.9063560366630554,0.9998438039221,K
128,fbeda479-a20d-43b0-a541-0d5f496f8c02,0.9063560366630554,0.9998438035888187,K
128,078d0e9f-afea-4d8c-a9ec-4b2cf9cff354,0.6108070611953735,0.999843803477725,K
128,22236c00-4b51-4313-a985-7cf1e537969f,0.6108070611953735,0.9998438033110844,K
128,355072c6-35df-49d5-9bf7-e8f169b0e086,0.6108070611953735,0.9998438036721391,K
128,86d671c2-2ec3-44c7-8a65-1f2946a85d47,0.6108070611953735,0.9998438038387797,K
128,ca772484-2412-4fdd-9a68-b726c4e2c143,0.6108070611953735,0.9998438040054203,K
128,db868b3d-342c-4d03-9a79-64b27837b5e4,0.6108070611953735,0.9998438042276079,K
128,0972b605-8947-410f-bbe4-d0aec0bf97a0,0.571755051612854,0.999843803422178,K
128,620349aa-de94-45c7-bea3-08ca78d848b7,0.571755051612854,0.9998438035888187,K
128,94c44e21-2973-4a41-919d-43aa6841e0b8,0.571755051612854,0.9998438039498735,K
128,bc50c81e-afec-40e2-b022-fd9739290eb8,0.571755051612854,0.9998438041165141,K
128,dd330cbb-60bc-462f-8b2b-2af5e0018ef8,0.571755051612854,0.9998438037832328,K
128,30d170b1-7064-4746-a63a-19d9572302e4,0.5150877833366394,0.9994365620685777,K
128,a04243c7-d94e-474a-9d1d-5638006c00ed,0.5150877833366394,0.9994365615133352,K
128,b791b973-6da4-41ef-a269-b816891d6bb1,0.5150877833366394,0.9994365618742428,K
128,c765ef3b-e306-481d-a9d9-c4b51cabd483,0.5150877833366394,0.99943656170767,K
128,dafbf493-fce5-4ff2-ac2a-86155d8a0fda,0.5150877833366394,0.9998438040331937,K
128,3586b3d9-8cd0-425c-bfa4-12ede5ea224a,0.5058408975601196,0.9997065580625097,K
128,4ddce2f4-2e7c-40ce-a358-ced95c9942cc,0.5058408975601196,0.9998438041998344,K
128,755481fd-b0ab-4de1-8832-7a29a42af347,0.5058408975601196,0.9997065578681223,K
128,88f6e161-d522-4c46-bb57-17edf3ea149d,0.5058408975601196,0.9997065575348869,K
128,91f97e0f-c81f-415a-84d5-370c932bd526,0.5058408975601196,0.9997065577015046,K
128,c83d9bce-ab60-4452-b79a-ccd638d43ee6,0.5058408975601196,0.9997065573404995,K
129,3ada1724-89b3-4190-83d0-8b2217b7aa5a,0.8924493193626404,0.9996894036339303,K
129,d1805529-6794-4f82-9eb4-2b3a9a4dfdef,0.8924493193626404,0.9996894031340856,K
129,dfef75de-8fb7-4f1d-acc3-38a52b773932,0.8924493193626404,0.9996894034673154,K
129,ea12cbd0-266d-47ee-9426-18e6b56939b5,0.8924493193626404,0.9996894033007004,K
129,f9e10c27-fc2c-40af-9439-75cab4613420,0.8924493193626404,0.9996894038283143,K
129,0972b605-8947-410f-bbe4-d0aec0bf97a0,0.5179146528244019,0.9998455865618712,K
129,620349aa-de94-45c7-bea3-08ca78d848b7,0.5179146528244019,0.9998455867562857,K
129,869c5d2d-f919-41c0-8f97-bae23f58308b,0.5179146528244019,0.9998455863952302,K
129,94c44e21-2973-4a41-919d-43aa6841e0b8,0.5179146528244019,0.9998455870895675,K
129,bc50c81e-afec-40e2-b022-fd9739290eb8,0.5179146528244019,0.9998455872562084,K
129,dd330cbb-60bc-462f-8b2b-2af5e0018ef8,0.5179146528244019,0.9998455869229266,K
130,31e14c3d-daa7-4837-b78a-7fb4ffb057a2,0.890346109867096,0.999413077500878,K
130,7e3c6771-57fe-431f-9369-c217f11e15c2,0.890346109867096,0.9994130776674469,K
130,8ad97832-a2d1-45f0-88b6-a8dd64480c89,0.890346109867096,0.9994130773343093,K
130,8c26928e-e3eb-4dd3-90be-d5b12363ac77,0.890346109867096,0.9998608462661124,K
130,1fe1c897-c028-4b10-b5a6-651e2383566d,0.5835834741592407,0.999550283624959,K
130,245ede3c-39e2-44af-8de2-86dffd0ab5dd,0.5835834741592407,0.9995502834028368,K
130,af9507d7-9513-40af-8985-7a14c802dd06,0.5835834741592407,0.9995502828752963,K
130,cacd0527-b32b-4f01-856c-c58a677a202e,0.5835834741592407,0.9995502832362451,K
130,d226615a-4a1c-4d70-af18-6253612f95f2,0.5835834741592407,0.9995502827087046,K
130,d9a788c5-317a-4545-9184-c4acaa54f6b9,0.5835834741592407,0.9995502830696533,K
130,2f180e2f-9208-44ea-8ba2-2a4b2b57e0f1,0.5549933314323425,0.9977266862061756,K
130,461ca34a-8299-40ed-93aa-6fec635580a6,0.5549933314323425,0.9977266871484729,K
130,64a40544-da83-4141-8f49-0f700719d520,0.5549933314323425,0.9977266858458853,K
130,af2be6aa-378f-4aca-b542-bba94f7f84d4,0.5549933314323425,0.9977266867881828,K
130,b0680986-d9bd-42cb-b6de-f75146f1fe33,0.5549933314323425,0.9977266869821851,K
130,b153ca39-3aa7-4a3c-88f6-3ba8434bae42,0.5549933314323425,0.9977266860121731,K
130,b2a083e9-f284-46b0-8812-deea53b56145,0.5549933314323425,0.9977266856795975,K
130,d7a540ee-540f-48c5-b8a0-fd7efab16139,0.5549933314323425,0.9977266864001779,K
130,0972b605-8947-410f-bbe4-d0aec0bf97a0,0.5206599235534668,0.9998608456550864,K
130,620349aa-de94-45c7-bea3-08ca78d848b7,0.5206599235534668,0.9998608458217298,K
130,869c5d2d-f919-41c0-8f97-bae23f58308b,0.5206599235534668,0.999860845460669,K
130,94c44e21-2973-4a41-919d-43aa6841e0b8,0.5206599235534668,0.9998608461550168,K
130,bc50c81e-afec-40e2-b022-fd9739290eb8,0.5206599235534668,0.9998608463494342,K
130,dd330cbb-60bc-462f-8b2b-2af5e0018ef8,0.5206599235534668,0.9998608459883733,K
130,26c15497-867c-47e8-93ec-5595823a72bf,0.5174322128295898,0.9997064448457484,K
130,6d371be9-6291-4691-ae7a-eaede59746de,0.5174322128295898,0.9998608463216603,K
130,b8497394-fb62-45b1-8984-6b4efe477636,0.5174322128295898,0.9998608454328951,K
130,bbf01234-6ced-4e3e-a097-db83ada51a61,0.5174322128295898,0.999706444512513,K
130,e14793b8-7532-4ba5-b9a3-d19ee2cb21b3,0.5174322128295898,0.9997064450401358,K
130,fbeda479-a20d-43b0-a541-0d5f496f8c02,0.5174322128295898,0.9997064446791307,K
131,30d170b1-7064-4746-a63a-19d9572302e4,0.8686729669570923,0.9995586431488249,K
131,a04243c7-d94e-474a-9d1d-5638006c00ed,0.8686729669570923,0.9995586374568938,K
131,b791b973-6da4-41ef-a269-b816891d6bb1,0.8686729669570923,0.9995586429544663,K
131,c765ef3b-e306-481d-a9d9-c4b51cabd483,0.8686729669570923,0.9995586377345489,K
131,dafbf493-fce5-4ff2-ac2a-86155d8a0fda,0.8686729669570923,0.9998521658452124,K
131,078d0e9f-afea-4d8c-a9ec-4b2cf9cff354,0.5548982620239258,0.9995586376234868,K
131,22236c00-4b51-4313-a985-7cf1e537969f,0.5548982620239258,0.9995586374291282,K
131,355072c6-35df-49d5-9bf7-e8f169b0e086,0.5548982620239258,0.9995586429267008,K
131,86d671c2-2ec3-44c7-8a65-1f2946a85d47,0.5548982620239258,0.9995586431210594,K
131,ca772484-2412-4fdd-9a68-b726c4e2c143,0.5548982620239258,0.9995586433431836,K
131,db868b3d-342c-4d03-9a79-64b27837b5e4,0.5548982620239258,0.9995586435653077,K
131,26c15497-867c-47e8-93ec-5595823a72bf,0.536957323551178,0.999852165539702,K
131,6d371be9-6291-4691-ae7a-eaede59746de,0.536957323551178,0.9998521659285334,K
131,b8497394-fb62-45b1-8984-6b4efe477636,0.536957323551178,0.9998521598460994,K
131,bbf01234-6ced-4e3e-a097-db83ada51a61,0.536957323551178,0.9998521600405151,K
131,e14793b8-7532-4ba5-b9a3-d19ee2cb21b3,0.536957323551178,0.9998521657341177,K
131,fbeda479-a20d-43b0-a541-0d5f496f8c02,0.536957323551178,0.9998521653452863,K
131,0972b605-8947-410f-bbe4-d0aec0bf97a0,0.5355179905891418,0.9998521600405151,K
131,620349aa-de94-45c7-bea3-08ca78d848b7,0.5355179905891418,0.99985216537306,K
131,869c5d2d-f919-41c0-8f97-bae23f58308b,0.5355179905891418,0.9998521598460994,K
131,94c44e21-2973-4a41-919d-43aa6841e0b8,0.5355179905891418,0.9998521657341177,K
131,bc50c81e-afec-40e2-b022-fd9739290eb8,0.5355179905891418,0.9998521659563071,K
131,dd330cbb-60bc-462f-8b2b-2af5e0018ef8,0.5355179905891418,0.999852165539702,K
132,078d0e9f-afea-4d8c-a9ec-4b2cf9cff354,0.8782250881195068,0.999861636156493,K
132,22236c00-4b51-4313-a985-7cf1e537969f,0.8782250881195068,0.9998616359620754,K
132,355072c6-35df-49d5-9bf7-e8f169b0e086,0.8782250881195068,0.9998616363231366,K
132,86d671c2-2ec3-44c7-8a65-1f2946a85d47,0.8782250881195068,0.9998616364897802,K
132,ca772484-2412-4fdd-9a68-b726c4e2c143,0.8782250881195068,0.9998616366841977,K
132,db868b3d-342c-4d03-9a79-64b27837b5e4,0.8782250881195068,0.9998616369063892,K
132,26c15497-867c-47e8-93ec-5595823a72bf,0.6453519463539124,0.9998616364064584,K
132,6d371be9-6291-4691-ae7a-eaede59746de,0.6453519463539124,0.9998616367675196,K
132,b8497394-fb62-45b1-8984-6b4efe477636,0.6453519463539124,0.9998616358787537,K
132,bbf01234-6ced-4e3e-a097-db83ada51a61,0.6453519463539124,0.9998616360731711,K
132,e14793b8-7532-4ba5-b9a3-d19ee2cb21b3,0.6453519463539124,0.999861636573102,K
132,fbeda479-a20d-43b0-a541-0d5f496f8c02,0.6453519463539124,0.9998616362398148,K
132,0972b605-8947-410f-bbe4-d0aec0bf97a0,0.5870772004127502,0.9998616360731711,K
132,620349aa-de94-45c7-bea3-08ca78d848b7,0.5870772004127502,0.9998616362675887,K
132,869c5d2d-f919-41c0-8f97-bae23f58308b,0.5870772004127502,0.9998616359065275,K
132,94c44e21-2973-4a41-919d-43aa6841e0b8,0.5870772004127502,0.9998616366008759,K
132,bc50c81e-afec-40e2-b022-fd9739290eb8,0.5870772004127502,0.9998616367952935,K
132,dd330cbb-60bc-462f-8b2b-2af5e0018ef8,0.5870772004127502,0.9998616364342323,K
132,30d170b1-7064-4746-a63a-19d9572302e4,0.5510380268096924,0.9998616365175541,K
132,a04243c7-d94e-474a-9d1d-5638006c00ed,0.5510380268096924,0.9998616359898493,K
132,b791b973-6da4-41ef-a269-b816891d6bb1,0.5510380268096924,0.9998616363509105,K
132,c765ef3b-e306-481d-a9d9-c4b51cabd483,0.5510380268096924,0.999861636156493,K
132,dafbf493-fce5-4ff2-ac2a-86155d8a0fda,0.5510380268096924,0.9998616366841977,K
133,3586b3d9-8cd0-425c-bfa4-12ede5ea224a,0.8836332559585571,0.9992722918247858,K
133,4ddce2f4-2e7c-40ce-a358-ced95c9942cc,0.8836332559585571,0.9998518921634931,K
133,755481fd-b0ab-4de1-8832-7a29a42af347,0.8836332559585571,0.9992722916304828,K
133,88f6e161-d522-4c46-bb57-17edf3ea149d,0.8836332559585571,0.999272291241877,K
133,91f97e0f-c81f-415a-84d5-370c932bd526,0.8836332559585571,0.9992722914361799,K
133,c83d9bce-ab60-4452-b79a-ccd638d43ee6,0.8836332559585571,0.9992722910753316,K
133,1fe1c897-c028-4b10-b5a6-651e2383566d,0.5803573727607727,0.9995657304334479,K
133,245ede3c-39e2-44af-8de2-86dffd0ab5dd,0.5803573727607727,0.9995657302113221,K
133,af9507d7-9513-40af-8985-7a14c802dd06,0.5803573727607727,0.9995657296560079,K
133,cacd0527-b32b-4f01-856c-c58a677a202e,0.5803573727607727,0.9995657300169621,K
133,d226615a-4a1c-4d70-af18-6253612f95f2,0.5803573727607727,0.9995657294616479,K
133,d9a788c5-317a-4545-9184-c4acaa54f6b9,0.5803573727607727,0.9995657298226022,K
133,26c15497-867c-47e8-93ec-5595823a72bf,0.5355281829833984,0.9998518916913408,K
133,6d371be9-6291-4691-ae7a-eaede59746de,0.5355281829833984,0.9998518920801721,K
133,b8497394-fb62-45b1-8984-6b4efe477636,0.5355281829833984,0.9998518911358676,K
133,bbf01234-6ced-4e3e-a097-db83ada51a61,0.5355281829833984,0.9998518913302832,K
133,e14793b8-7532-4ba5-b9a3-d19ee2cb21b3,0.5355281829833984,0.9998518918857565,K
133,fbeda479-a20d-43b0-a541-0d5f496f8c02,0.5355281829833984,0.9998518915246989,K
133,0972b605-8947-410f-bbe4-d0aec0bf97a0,0.5250928401947021,0.9998518913580569,K
133,620349aa-de94-45c7-bea3-08ca78d848b7,0.5250928401947021,0.9998518915246989,K
133,869c5d2d-f919-41c0-8f97-bae23f58308b,0.5250928401947021,0.9998518911636413,K
133,94c44e21-2973-4a41-919d-43aa6841e0b8,0.5250928401947021,0.9998518919135302,K
133,bc50c81e-afec-40e2-b022-fd9739290eb8,0.5250928401947021,0.9998518921079458,K
133,dd330cbb-60bc-462f-8b2b-2af5e0018ef8,0.5250928401947021,0.9998518917191145,K
134,1fe1c897-c028-4b10-b5a6-651e2383566d,0.9045434594154358,0.9998588852076291,K
134,245ede3c-39e2-44af-8de2-86dffd0ab5dd,0.9045434594154358,0.9998588850132121,K
134,af9507d7-9513-40af-8985-7a14c802dd06,0.9045434594154358,0.9998588844855087,K
134,cacd0527-b32b-4f01-856c-c58a677a202e,0.9045434594154358,0.9998588848187951,K
134,d226615a-4a1c-4d70-af18-6253612f95f2,0.9045434594154358,0.9998588842910918,K
134,d9a788c5-317a-4545-9184-c4acaa54f6b9,0.9045434594154358,0.9998588846521519,K
134,3586b3d9-8cd0-425c-bfa4-12ede5ea224a,0.5641753077507019,0.9998588850132121,K
134,4ddce2f4-2e7c-40ce-a358-ced95c9942cc,0.5641753077507019,0.999858885235403,K
134,755481fd-b0ab-4de1-8832-7a29a42af347,0.5641753077507019,0.9998588848465689,K
134,88f6e161-d522-4c46-bb57-17edf3ea149d,0.5641753077507019,0.9998588844855087,K
134,91f97e0f-c81f-415a-84d5-370c932bd526,0.5641753077507019,0.9998588846799258,K
134,c83d9bce-ab60-4452-b79a-ccd638d43ee6,0.5641753077507019,0.9998588843188656,K
134,31e14c3d-daa7-4837-b78a-7fb4ffb057a2,0.5510950684547424,0.9994246647355081,K
134,7e3c6771-57fe-431f-9369-c217f11e15c2,0.5510950684547424,0.9994246649020788,K
134,8ad97832-a2d1-45f0-88b6-a8dd64480c89,0.5510950684547424,0.9994246645689373,K
134,8c26928e-e3eb-4dd3-90be-d5b12363ac77,0.5510950684547424,0.9998588850965336,K
134,c95ea662-f133-4aa2-935b-c5d5e70d9a92,0.5510950684547424,0.9995724517581428,K
134,0972b605-8947-410f-bbe4-d0aec0bf97a0,0.5486348867416382,0.999858884457735,K
134,620349aa-de94-45c7-bea3-08ca78d848b7,0.5486348867416382,0.9998588846243781,K
134,869c5d2d-f919-41c0-8f97-bae23f58308b,0.5486348867416382,0.9998588842633179,K
134,94c44e21-2973-4a41-919d-43aa6841e0b8,0.5486348867416382,0.9998588849854383,K
134,bc50c81e-afec-40e2-b022-fd9739290eb8,0.5486348867416382,0.9998588851520814,K
134,dd330cbb-60bc-462f-8b2b-2af5e0018ef8,0.5486348867416382,0.9998588847910213,K
134,26c15497-867c-47e8-93ec-5595823a72bf,0.5288690328598022,0.9998588847910213,K
134,6d371be9-6291-4691-ae7a-eaede59746de,0.5288690328598022,0.9998588851243075,K
134,b8497394-fb62-45b1-8984-6b4efe477636,0.5288690328598022,0.9998588842633179,K
134,bbf01234-6ced-4e3e-a097-db83ada51a61,0.5288690328598022,0.9998588844299611,K
134,e14793b8-7532-4ba5-b9a3-d19ee2cb21b3,0.5288690328598022,0.9998588849576644,K
134,fbeda479-a20d-43b0-a541-0d5f496f8c02,0.5288690328598022,0.9998588845966042,K
135,0972b605-8947-410f-bbe4-d0aec0bf97a0,0.9085501432418823,0.9998550734750858,K
135,620349aa-de94-45c7-bea3-08ca78d848b7,0.9085501432418823,0.9998550736695021,K
135,869c5d2d-f919-41c0-8f97-bae23f58308b,0.9085501432418823,0.9998550732806696,K
135,94c44e21-2973-4a41-919d-43aa6841e0b8,0.9085501432418823,0.9998550740583346,K
135,bc50c81e-afec-40e2-b022-fd9739290eb8,0.9085501432418823,0.9998550742805247,K
135,dd330cbb-60bc-462f-8b2b-2af5e0018ef8,0.9085501432418823,0.9998550738639184,K
135,012e10e2-0da9-4b96-9678-d473f14e34ab,0.6350393295288086,0.9988304084504211,K
135,0e3547d9-8a0c-4125-a56f-bef69f65d994,0.6350393295288086,0.9988304093105251,K
135,2df0b5c0-6614-4581-b95b-25a0facd11c3,0.6350393295288086,0.9988304095324875,K
135,51d28a25-239c-4048-891c-9b68f03c1a6a,0.6350393295288086,0.9988304088943458,K
135,b1c92968-f766-420f-9f2a-b35789a2dccc,0.6350393295288086,0.9988304082562042,K
135,dc2b3638-3376-4382-8782-20ca023e8554,0.6350393295288086,0.9988304080342418,K
135,e3a4e850-c28e-47f7-be91-fb23ce2255aa,0.6350393295288086,0.9988304078400249,K
135,f184814c-0a82-401f-95c3-2db50d68e267,0.6350393295288086,0.9988304090885628,K
135,f22180e9-0fa4-4fb2-8fca-1282f28e8654,0.6350393295288086,0.9988304086446382,K
135,078d0e9f-afea-4d8c-a9ec-4b2cf9cff354,0.559798538684845,0.9995658903639775,K
135,22236c00-4b51-4313-a985-7cf1e537969f,0.559798538684845,0.9995658901696175,K
135,355072c6-35df-49d5-9bf7-e8f169b0e086,0.559798538684845,0.9995658905583376,K
135,6c5bcd57-8b0a-4adb-ab0d-f3a64a778d5d,0.559798538684845,0.9997139671929633,K
135,86d671c2-2ec3-44c7-8a65-1f2946a85d47,0.559798538684845,0.9995658907804633,K
135,ca772484-2412-4fdd-9a68-b726c4e2c143,0.559798538684845,0.9995658909748234,K
135,db868b3d-342c-4d03-9a79-64b27837b5e4,0.559798538684845,0.9995658912247148,K
135,26c15497-867c-47e8-93ec-5595823a72bf,0.5529343485832214,0.9998550738361446,K
135,6d371be9-6291-4691-ae7a-eaede59746de,0.5529343485832214,0.9998550742527509,K
135,b8497394-fb62-45b1-8984-6b4efe477636,0.5529343485832214,0.9998550732528958,K
135,bbf01234-6ced-4e3e-a097-db83ada51a61,0.5529343485832214,0.9998550734473121,K
135,e14793b8-7532-4ba5-b9a3-d19ee2cb21b3,0.5529343485832214,0.9998550740305608,K
135,fbeda479-a20d-43b0-a541-0d5f496f8c02,0.5529343485832214,0.9998550736417283,K
135,f9ec5e51-bc06-4de6-b40a-0ace8f9f72c2,0.5286071300506592,0.9988304066747227,K
135,1fe1c897-c028-4b10-b5a6-651e2383566d,0.5213491916656494,0.9998550743360721,K
135,245ede3c-39e2-44af-8de2-86dffd0ab5dd,0.5213491916656494,0.9998550740861084,K
135,af9507d7-9513-40af-8985-7a14c802dd06,0.5213491916656494,0.9998550734750858,K
135,cacd0527-b32b-4f01-856c-c58a677a202e,0.5213491916656494,0.999855073891692,K
135,d226615a-4a1c-4d70-af18-6253612f95f2,0.5213491916656494,0.9998550733084433,K
135,d9a788c5-317a-4545-9184-c4acaa54f6b9,0.5213491916656494,0.9998550736695021,K
135,3ada1724-89b3-4190-83d0-8b2217b7aa5a,0.5007662773132324,0.9991407464255116,K
135,76bce893-5b05-4244-a6d8-f51a7d58f8f7,0.5007662773132324,0.9992798101834899,K
135,d1805529-6794-4f82-9eb4-2b3a9a4dfdef,0.5007662773132324,0.9991407458149256,K
135,dfef75de-8fb7-4f1d-acc3-38a52b773932,0.5007662773132324,0.9991407462034804,K
135,ea12cbd0-266d-47ee-9426-18e6b56939b5,0.5007662773132324,0.999140746009203,K
135,f9e10c27-fc2c-40af-9439-75cab4613420,0.5007662773132324,0.999140746619789,K
136,26c15497-867c-47e8-93ec-5595823a72bf,0.9063560366630554,0.9998276594079019,K
136,6d371be9-6291-4691-ae7a-eaede59746de,0.9063560366630554,0.9998276597689507,K
136,b8497394-fb62-45b1-8984-6b4efe477636,0.9063560366630554,0.9998276588802151,K
136,bbf01234-6ced-4e3e-a097-db83ada51a61,0.9063560366630554,0.999827659074626,K
136,e14793b8-7532-4ba5-b9a3-d19ee2cb21b3,0.9063560366630554,0.9998276596023128,K
136,fbeda479-a20d-43b0-a541-0d5f496f8c02,0.9063560366630554,0.9998276592412639,K
136,078d0e9f-afea-4d8c-a9ec-4b2cf9cff354,0.6108070611953735,0.9998276591579449,K
136,22236c00-4b51-4313-a985-7cf1e537969f,0.6108070611953735,0.999827658991307,K
136,355072c6-35df-49d5-9bf7-e8f169b0e086,0.6108070611953735,0.9998276593245828,K
136,6c5bcd57-8b0a-4adb-ab0d-f3a64a778d5d,0.6108070611953735,0.9998276587968961,K
136,86d671c2-2ec3-44c7-8a65-1f2946a85d47,0.6108070611953735,0.9998276594912209,K
136,ca772484-2412-4fdd-9a68-b726c4e2c143,0.6108070611953735,0.9998276596856318,K
136,db868b3d-342c-4d03-9a79-64b27837b5e4,0.6108070611953735,0.9998276598800427,K
136,0972b605-8947-410f-bbe4-d0aec0bf97a0,0.571755051612854,0.999827659102399,K
136,620349aa-de94-45c7-bea3-08ca78d848b7,0.571755051612854,0.9998276592690369,K
136,869c5d2d-f919-41c0-8f97-bae23f58308b,0.571755051612854,0.9998276589079881,K
136,94c44e21-2973-4a41-919d-43aa6841e0b8,0.571755051612854,0.9998276596023128,K
136,bc50c81e-afec-40e2-b022-fd9739290eb8,0.571755051612854,0.9998276597967237,K
136,dd330cbb-60bc-462f-8b2b-2af5e0018ef8,0.571755051612854,0.9998276594356749,K
136,30d170b1-7064-4746-a63a-19d9572302e4,0.5150877833366394,0.9993936106506023,K
136,83f19bd6-80ca-4441-a881-d2004183801b,0.5150877833366394,0.999393609956579,K
136,a04243c7-d94e-474a-9d1d-5638006c00ed,0.5150877833366394,0.9993936101231445,K
136,b791b973-6da4-41ef-a269-b816891d6bb1,0.5150877833366394,0.9993936104840367,K
136,c765ef3b-e306-481d-a9d9-c4b51cabd483,0.5150877833366394,0.9993936103174711,K
136,dafbf493-fce5-4ff2-ac2a-86155d8a0fda,0.5150877833366394,0.9998276597134048,K
136,3586b3d9-8cd0-425c-bfa4-12ede5ea224a,0.5058408975601196,0.999682744114073,K
136,4ddce2f4-2e7c-40ce-a358-ced95c9942cc,0.5058408975601196,0.9998276598800427,K
136,755481fd-b0ab-4de1-8832-7a29a42af347,0.5058408975601196,0.9996827439474592,K
136,88f6e161-d522-4c46-bb57-17edf3ea149d,0.5058408975601196,0.9996827435864626,K
136,91f97e0f-c81f-415a-84d5-370c932bd526,0.5058408975601196,0.9996827437530764,K
136,a592b98a-452e-4389-b1fb-01ace97420f7,0.5058408975601196,0.999682743253235,K
136,c83d9bce-ab60-4452-b79a-ccd638d43ee6,0.5058408975601196,0.9996827434198489,K
137,3ada1724-89b3-4190-83d0-8b2217b7aa5a,0.8924493193626404,0.9996749980468027,K
137,76bce893-5b05-4244-a6d8-f51a7d58f8f7,0.8924493193626404,0.9996749973248152,K
137,d1805529-6794-4f82-9eb4-2b3a9a4dfdef,0.8924493193626404,0.9996749974914277,K
137,dfef75de-8fb7-4f1d-acc3-38a52b773932,0.8924493193626404,0.9996749978524214,K
137,ea12cbd0-266d-47ee-9426-18e6b56939b5,0.8924493193626404,0.9996749976858089,K
137,f9e10c27-fc2c-40af-9439-75cab4613420,0.8924493193626404,0.999674998241184,K
137,0972b605-8947-410f-bbe4-d0aec0bf97a0,0.5179146528244019,0.9998473224619573,K
137,363ca5cf-4c83-432e-9453-3c796a805dba,0.5179146528244019,0.9998473221009013,K
137,620349aa-de94-45c7-bea3-08ca78d848b7,0.5179146528244019,0.9998473226285985,K
137,869c5d2d-f919-41c0-8f97-bae23f58308b,0.5179146528244019,0.9998473222675426,K
137,94c44e21-2973-4a41-919d-43aa6841e0b8,0.5179146528244019,0.9998473230174281,K
137,bc50c81e-afec-40e2-b022-fd9739290eb8,0.5179146528244019,0.9998473232118428,K
137,dd330cbb-60bc-462f-8b2b-2af5e0018ef8,0.5179146528244019,0.9998473228230133,K
138,31e14c3d-daa7-4837-b78a-7fb4ffb057a2,0.890346109867096,0.9993954973409545,K
138,7e3c6771-57fe-431f-9369-c217f11e15c2,0.890346109867096,0.9993954975352815,K
138,8ad97832-a2d1-45f0-88b6-a8dd64480c89,0.890346109867096,0.9993954971466276,K
138,8c26928e-e3eb-4dd3-90be-d5b12363ac77,0.890346109867096,0.9998653422060636,K
138,c95ea662-f133-4aa2-935b-c5d5e70d9a92,0.890346109867096,0.9993954967579738,K
138,1fe1c897-c028-4b10-b5a6-651e2383566d,0.5835834741592407,0.9995403717725427,K
138,245ede3c-39e2-44af-8de2-86dffd0ab5dd,0.5835834741592407,0.9995403715226576,K
138,6e395e19-1736-4cc7-a1f6-cc4c8cc861f4,0.5835834741592407,0.9995403705786473,K
138,af9507d7-9513-40af-8985-7a14c802dd06,0.5835834741592407,0.9995403709395925,K
138,cacd0527-b32b-4f01-856c-c58a677a202e,0.5835834741592407,0.9995403713283025,K
138,d226615a-4a1c-4d70-af18-6253612f95f2,0.5835834741592407,0.9995403707730024,K
138,d9a788c5-317a-4545-9184-c4acaa54f6b9,0.5835834741592407,0.9995403711339476,K
138,2f180e2f-9208-44ea-8ba2-2a4b2b57e0f1,0.5549933314323425,0.9988205001019148,K
138,461ca34a-8299-40ed-93aa-6fec635580a6,0.5549933314323425,0.9988205011562253,K
138,64a40544-da83-4141-8f49-0f700719d520,0.5549933314323425,0.9988204996025046,K
138,af2be6aa-378f-4aca-b542-bba94f7f84d4,0.5549933314323425,0.9988205007400501,K
138,b0680986-d9bd-42cb-b6de-f75146f1fe33,0.5549933314323425,0.9988205009342652,K
138,b153ca39-3aa7-4a3c-88f6-3ba8434bae42,0.5549933314323425,0.9988204997967197,K
138,b2a083e9-f284-46b0-8812-deea53b56145,0.5549933314323425,0.9988204993805445,K
138,d7a540ee-540f-48c5-b8a0-fd7efab16139,0.5549933314323425,0.9988205002961299,K
138,0972b605-8947-410f-bbe4-d0aec0bf97a0,0.5206599235534668,0.9998653415117127,K
138,363ca5cf-4c83-432e-9453-3c796a805dba,0.5206599235534668,0.9998653411228762,K
138,620349aa-de94-45c7-bea3-08ca78d848b7,0.5206599235534668,0.999865341678357,K
138,869c5d2d-f919-41c0-8f97-bae23f58308b,0.5206599235534668,0.9998653413172944,K
138,94c44e21-2973-4a41-919d-43aa6841e0b8,0.5206599235534668,0.9998653420949675,K
138,bc50c81e-afec-40e2-b022-fd9739290eb8,0.5206599235534668,0.9998653422893857,K
138,dd330cbb-60bc-462f-8b2b-2af5e0018ef8,0.5206599235534668,0.9998653418727752,K
138,26c15497-867c-47e8-93ec-5595823a72bf,0.5174322128295898,0.999712672980761,K
138,56e92d66-ea1b-4f2b-8ebb-21e9c1300ca4,0.5174322128295898,0.9998653410951022,K
138,6d371be9-6291-4691-ae7a-eaede59746de,0.5174322128295898,0.9998653422616117,K
138,b8497394-fb62-45b1-8984-6b4efe477636,0.5174322128295898,0.9997126724253651,K
138,bbf01234-6ced-4e3e-a097-db83ada51a61,0.5174322128295898,0.9997126726197537,K
138,e14793b8-7532-4ba5-b9a3-d19ee2cb21b3,0.5174322128295898,0.9997126731751497,K
138,fbeda479-a20d-43b0-a541-0d5f496f8c02,0.5174322128295898,0.9997126728141423,K
139,30d170b1-7064-4746-a63a-19d9572302e4,0.8686729669570923,0.9995500368193653,K
139,83f19bd6-80ca-4441-a881-d2004183801b,0.8686729669570923,0.9995500361252333,K
139,a04243c7-d94e-474a-9d1d-5638006c00ed,0.8686729669570923,0.999550036291825,K
139,b791b973-6da4-41ef-a269-b816891d6bb1,0.8686729669570923,0.9995500366527736,K
139,c765ef3b-e306-481d-a9d9-c4b51cabd483,0.8686729669570923,0.999550036486182,K
139,dafbf493-fce5-4ff2-ac2a-86155d8a0fda,0.8686729669570923,0.999837329732243,K
139,078d0e9f-afea-4d8c-a9ec-4b2cf9cff354,0.5548982620239258,0.9995500364584167,K
139,22236c00-4b51-4313-a985-7cf1e537969f,0.5548982620239258,0.999550036291825,K
139,355072c6-35df-49d5-9bf7-e8f169b0e086,0.5548982620239258,0.9995500366250084,K
139,6c5bcd57-8b0a-4adb-ab0d-f3a64a778d5d,0.5548982620239258,0.9995500360974681,K
139,86d671c2-2ec3-44c7-8a65-1f2946a85d47,0.5548982620239258,0.9995500368193653,K
139,ca772484-2412-4fdd-9a68-b726c4e2c143,0.5548982620239258,0.999550036985957,K
139,db868b3d-342c-4d03-9a79-64b27837b5e4,0.5548982620239258,0.9995500372080792,K
139,26c15497-867c-47e8-93ec-5595823a72bf,0.536957323551178,0.9998373294267372,K
139,56e92d66-ea1b-4f2b-8ebb-21e9c1300ca4,0.536957323551178,0.9998373287324057,K
139,6d371be9-6291-4691-ae7a-eaede59746de,0.536957323551178,0.9998373297877895,K
139,b8497394-fb62-45b1-8984-6b4efe477636,0.536957323551178,0.9998373288990452,K
139,bbf01234-6ced-4e3e-a097-db83ada51a61,0.536957323551178,0.999837329093458,K
139,e14793b8-7532-4ba5-b9a3-d19ee2cb21b3,0.536957323551178,0.99983732962115,K
139,fbeda479-a20d-43b0-a541-0d5f496f8c02,0.536957323551178,0.9998373292600976,K
139,0972b605-8947-410f-bbe4-d0aec0bf97a0,0.5355179905891418,0.9998373291212314,K
139,363ca5cf-4c83-432e-9453-3c796a805dba,0.5355179905891418,0.999837328760179,K
139,620349aa-de94-45c7-bea3-08ca78d848b7,0.5355179905891418,0.9998373292878708,K
139,869c5d2d-f919-41c0-8f97-bae23f58308b,0.5355179905891418,0.9998373289268185,K
139,94c44e21-2973-4a41-919d-43aa6841e0b8,0.5355179905891418,0.9998373296489232,K
139,bc50c81e-afec-40e2-b022-fd9739290eb8,0.5355179905891418,0.9998373298155628,K
139,dd330cbb-60bc-462f-8b2b-2af5e0018ef8,0.5355179905891418,0.9998373294545104,K
140,078d0e9f-afea-4d8c-a9ec-4b2cf9cff354,0.8782250881195068,0.9998547197486424,K
140,22236c00-4b51-4313-a985-7cf1e537969f,0.8782250881195068,0.9998547195542262,K
140,355072c6-35df-49d5-9bf7-e8f169b0e086,0.8782250881195068,0.9998547199152849,K
140,6c5bcd57-8b0a-4adb-ab0d-f3a64a778d5d,0.8782250881195068,0.9998547193875837,K
140,86d671c2-2ec3-44c7-8a65-1f2946a85d47,0.8782250881195068,0.999854720109701,K
140,ca772484-2412-4fdd-9a68-b726c4e2c143,0.8782250881195068,0.9998547202763435,K
140,db868b3d-342c-4d03-9a79-64b27837b5e4,0.8782250881195068,0.9998547204985334,K
140,26c15497-867c-47e8-93ec-5595823a72bf,0.6453519463539124,0.9998547200263798,K
140,56e92d66-ea1b-4f2b-8ebb-21e9c1300ca4,0.6453519463539124,0.9998547193042625,K
140,6d371be9-6291-4691-ae7a-eaede59746de,0.6453519463539124,0.9998547203874385,K
140,b8497394-fb62-45b1-8984-6b4efe477636,0.6453519463539124,0.999854719470905,K
140,bbf01234-6ced-4e3e-a097-db83ada51a61,0.6453519463539124,0.9998547196653211,K
140,e14793b8-7532-4ba5-b9a3-d19ee2cb21b3,0.6453519463539124,0.9998547201930222,K
140,fbeda479-a20d-43b0-a541-0d5f496f8c02,0.6453519463539124,0.9998547198319636,K
140,0972b605-8947-410f-bbe4-d0aec0bf97a0,0.5870772004127502,0.9998547196653211,K
140,363ca5cf-4c83-432e-9453-3c796a805dba,0.5870772004127502,0.9998547193042625,K
140,620349aa-de94-45c7-bea3-08ca78d848b7,0.5870772004127502,0.9998547198597374,K
140,869c5d2d-f919-41c0-8f97-bae23f58308b,0.5870772004127502,0.9998547194986787,K
140,94c44e21-2973-4a41-919d-43aa6841e0b8,0.5870772004127502,0.999854720220796,K
140,bc50c81e-afec-40e2-b022-fd9739290eb8,0.5870772004127502,0.9998547204152122,K
140,dd330cbb-60bc-462f-8b2b-2af5e0018ef8,0.5870772004127502,0.9998547200263798,K
140,30d170b1-7064-4746-a63a-19d9572302e4,0.5510380268096924,0.9998547201374748,K
140,83f19bd6-80ca-4441-a881-d2004183801b,0.5510380268096924,0.9998547194153575,K
140,a04243c7-d94e-474a-9d1d-5638006c00ed,0.5510380268096924,0.9998547195819999,K
140,b791b973-6da4-41ef-a269-b816891d6bb1,0.5510380268096924,0.9998547199430586,K
140,c765ef3b-e306-481d-a9d9-c4b51cabd483,0.5510380268096924,0.9998547197764162,K
140,dafbf493-fce5-4ff2-ac2a-86155d8a0fda,0.5510380268096924,0.9998547203041173,K
141,3586b3d9-8cd0-425c-bfa4-12ede5ea224a,0.8836332559585571,0.9992600645540131,K
141,4ddce2f4-2e7c-40ce-a358-ced95c9942cc,0.8836332559585571,0.9998551786820641,K
141,755481fd-b0ab-4de1-8832-7a29a42af347,0.8836332559585571,0.9992600643597125,K
141,88f6e161-d522-4c46-bb57-17edf3ea149d,0.8836332559585571,0.9992600640266258,K
141,91f97e0f-c81f-415a-84d5-370c932bd526,0.8836332559585571,0.9992600641931692,K
141,a592b98a-452e-4389-b1fb-01ace97420f7,0.8836332559585571,0.9992600636657819,K
141,c83d9bce-ab60-4452-b79a-ccd638d43ee6,0.8836332559585571,0.9992600638323252,K
141,1fe1c897-c028-4b10-b5a6-651e2383566d,0.5803573727607727,0.9995472740946468,K
141,245ede3c-39e2-44af-8de2-86dffd0ab5dd,0.5803573727607727,0.9995472739002904,K
141,6e395e19-1736-4cc7-a1f6-cc4c8cc861f4,0.5803573727607727,0.999547273011804,K
141,af9507d7-9513-40af-8985-7a14c802dd06,0.5803573727607727,0.9995472733727516,K
141,cacd0527-b32b-4f01-856c-c58a677a202e,0.5803573727607727,0.999547273705934,K
141,d226615a-4a1c-4d70-af18-6253612f95f2,0.5803573727607727,0.9995472732061604,K
141,d9a788c5-317a-4545-9184-c4acaa54f6b9,0.5803573727607727,0.9995472735393428,K
141,26c15497-867c-47e8-93ec-5595823a72bf,0.5355281829833984,0.999855178237684,K
141,56e92d66-ea1b-4f2b-8ebb-21e9c1300ca4,0.5355281829833984,0.9998551775433401,K
141,6d371be9-6291-4691-ae7a-eaede59746de,0.5355281829833984,0.9998551785709691,K
141,b8497394-fb62-45b1-8984-6b4efe477636,0.5355281829833984,0.9998551777099827,K
141,bbf01234-6ced-4e3e-a097-db83ada51a61,0.5355281829833984,0.9998551778766251,K
141,e14793b8-7532-4ba5-b9a3-d19ee2cb21b3,0.5355281829833984,0.9998551784043265,K
141,fbeda479-a20d-43b0-a541-0d5f496f8c02,0.5355281829833984,0.9998551780710415,K
141,0972b605-8947-410f-bbe4-d0aec0bf97a0,0.5250928401947021,0.9998551779043989,K
141,363ca5cf-4c83-432e-9453-3c796a805dba,0.5250928401947021,0.9998551775433401,K
141,620349aa-de94-45c7-bea3-08ca78d848b7,0.5250928401947021,0.9998551780710415,K
141,869c5d2d-f919-41c0-8f97-bae23f58308b,0.5250928401947021,0.9998551777377565,K
141,94c44e21-2973-4a41-919d-43aa6841e0b8,0.5250928401947021,0.9998551784321003,K
141,bc50c81e-afec-40e2-b022-fd9739290eb8,0.5250928401947021,0.9998551785987428,K
141,dd330cbb-60bc-462f-8b2b-2af5e0018ef8,0.5250928401947021,0.9998551782654578,K
142,1fe1c897-c028-4b10-b5a6-651e2383566d,0.9045434594154358,0.9998538445428607,K
142,245ede3c-39e2-44af-8de2-86dffd0ab5dd,0.9045434594154358,0.999853844320671,K
142,6e395e19-1736-4cc7-a1f6-cc4c8cc861f4,0.9045434594154358,0.9998538434041383,K
142,af9507d7-9513-40af-8985-7a14c802dd06,0.9045434594154358,0.9998538437651966,K
142,cacd0527-b32b-4f01-856c-c58a677a202e,0.9045434594154358,0.999853844126255,K
142,d226615a-4a1c-4d70-af18-6253612f95f2,0.9045434594154358,0.9998538435985543,K
142,d9a788c5-317a-4545-9184-c4acaa54f6b9,0.9045434594154358,0.9998538439596126,K
142,3586b3d9-8cd0-425c-bfa4-12ede5ea224a,0.5641753077507019,0.999853844320671,K
142,4ddce2f4-2e7c-40ce-a358-ced95c9942cc,0.5641753077507019,0.9998538445706344,K
142,755481fd-b0ab-4de1-8832-7a29a42af347,0.5641753077507019,0.9998538441540287,K
142,88f6e161-d522-4c46-bb57-17edf3ea149d,0.5641753077507019,0.9998538437929704,K
142,91f97e0f-c81f-415a-84d5-370c932bd526,0.5641753077507019,0.9998538439596126,K
142,a592b98a-452e-4389-b1fb-01ace97420f7,0.5641753077507019,0.9998538434319121,K
142,c83d9bce-ab60-4452-b79a-ccd638d43ee6,0.5641753077507019,0.9998538435985543,K
142,31e14c3d-daa7-4837-b78a-7fb4ffb057a2,0.5510950684547424,0.9994011737291729,K
142,7e3c6771-57fe-431f-9369-c217f11e15c2,0.5510950684547424,0.9994011738957397,K
142,8ad97832-a2d1-45f0-88b6-a8dd64480c89,0.5510950684547424,0.9994011735348449,K
142,8c26928e-e3eb-4dd3-90be-d5b12363ac77,0.5510950684547424,0.9998538444039922,K
142,939d8fe1-dee2-4943-bc52-15e4184567e3,0.5510950684547424,0.9995637830869418,K
142,c95ea662-f133-4aa2-935b-c5d5e70d9a92,0.5510950684547424,0.9994011732017112,K
142,0972b605-8947-410f-bbe4-d0aec0bf97a0,0.5486348867416382,0.9998538437651966,K
142,363ca5cf-4c83-432e-9453-3c796a805dba,0.5486348867416382,0.9998538433763646,K
142,620349aa-de94-45c7-bea3-08ca78d848b7,0.5486348867416382,0.999853843931839,K
142,869c5d2d-f919-41c0-8f97-bae23f58308b,0.5486348867416382,0.9998538435707807,K
142,94c44e21-2973-4a41-919d-43aa6841e0b8,0.5486348867416382,0.9998538442928973,K
142,bc50c81e-afec-40e2-b022-fd9739290eb8,0.5486348867416382,0.9998538444873133,K
142,dd330cbb-60bc-462f-8b2b-2af5e0018ef8,0.5486348867416382,0.9998538440984812,K
142,26c15497-867c-47e8-93ec-5595823a72bf,0.5288690328598022,0.9998538440707075,K
142,56e92d66-ea1b-4f2b-8ebb-21e9c1300ca4,0.5288690328598022,0.9998538433485908,K
142,6d371be9-6291-4691-ae7a-eaede59746de,0.5288690328598022,0.9998538444595396,K
142,b8497394-fb62-45b1-8984-6b4efe477636,0.5288690328598022,0.9998538435430069,K
142,bbf01234-6ced-4e3e-a097-db83ada51a61,0.5288690328598022,0.9998538437374229,K
142,e14793b8-7532-4ba5-b9a3-d19ee2cb21b3,0.5288690328598022,0.9998538442651236,K
142,fbeda479-a20d-43b0-a541-0d5f496f8c02,0.5288690328598022,0.9998538439040653,K
143,0972b605-8947-410f-bbe4-d0aec0bf97a0,0.9085501432418823,0.9998485711609487,K
143,363ca5cf-4c83-432e-9453-3c796a805dba,0.9085501432418823,0.9998485707998922,K
143,620349aa-de94-45c7-bea3-08ca78d848b7,0.9085501432418823,0.9998485713275901,K
143,869c5d2d-f919-41c0-8f97-bae23f58308b,0.9085501432418823,0.9998485709665337,K
143,94c44e21-2973-4a41-919d-43aa6841e0b8,0.9085501432418823,0.9998485716886465,K
143,bc50c81e-afec-40e2-b022-fd9739290eb8,0.9085501432418823,0.999848571855288,K
143,dd330cbb-60bc-462f-8b2b-2af5e0018ef8,0.9085501432418823,0.9998485714942316,K
143,012e10e2-0da9-4b96-9678-d473f14e34ab,0.6350393295288086,0.9987905283067267,K
143,0e3547d9-8a0c-4125-a56f-bef69f65d994,0.6350393295288086,0.9987905290558196,K
143,2df0b5c0-6614-4581-b95b-25a0facd11c3,0.6350393295288086,0.998790529277773,K
143,51d28a25-239c-4048-891c-9b68f03c1a6a,0.6350393295288086,0.9987905286951452,K
143,b1c92968-f766-420f-9f2a-b35789a2dccc,0.6350393295288086,0.9987905281402616,K
143,dc2b3638-3376-4382-8782-20ca023e8554,0.6350393295288086,0.9987905279460523,K
143,e3a4e850-c28e-47f7-be91-fb23ce2255aa,0.6350393295288086,0.9987905277795872,K
143,f184814c-0a82-401f-95c3-2db50d68e267,0.6350393295288086,0.9987905288616102,K
143,f22180e9-0fa4-4fb2-8fca-1282f28e8654,0.6350393295288086,0.9987905285009359,K
143,078d0e9f-afea-4d8c-a9ec-4b2cf9cff354,0.559798538684845,0.9995576361495302,K
143,22236c00-4b51-4313-a985-7cf1e537969f,0.559798538684845,0.9995576359829373,K
143,355072c6-35df-49d5-9bf7-e8f169b0e086,0.559798538684845,0.9995576363161232,K
143,6c5bcd57-8b0a-4adb-ab0d-f3a64a778d5d,0.559798538684845,0.9995576357885788,K
143,86d671c2-2ec3-44c7-8a65-1f2946a85d47,0.559798538684845,0.9995576365104816,K
143,b7796aab-652a-456e-b287-f46ed9b79f3a,0.559798538684845,0.9997024244510558,K
143,ca772484-2412-4fdd-9a68-b726c4e2c143,0.559798538684845,0.9995576366770745,K
143,db868b3d-342c-4d03-9a79-64b27837b5e4,0.559798538684845,0.9995576368991984,K
143,26c15497-867c-47e8-93ec-5595823a72bf,0.5529343485832214,0.9998485714942316,K
143,56e92d66-ea1b-4f2b-8ebb-21e9c1300ca4,0.5529343485832214,0.9998485707721186,K
143,6d371be9-6291-4691-ae7a-eaede59746de,0.5529343485832214,0.9998485718275144,K
143,b8497394-fb62-45b1-8984-6b4efe477636,0.5529343485832214,0.9998485709665337,K
143,bbf01234-6ced-4e3e-a097-db83ada51a61,0.5529343485832214,0.9998485711331752,K
143,e14793b8-7532-4ba5-b9a3-d19ee2cb21b3,0.5529343485832214,0.9998485716608729,K
143,fbeda479-a20d-43b0-a541-0d5f496f8c02,0.5529343485832214,0.9998485712998165,K
143,f9ec5e51-bc06-4de6-b40a-0ace8f9f72c2,0.5286071300506592,0.9987905267253083,K
143,1fe1c897-c028-4b10-b5a6-651e2383566d,0.5213491916656494,0.9998485719108351,K
143,245ede3c-39e2-44af-8de2-86dffd0ab5dd,0.5213491916656494,0.9998485716886465,K
143,6e395e19-1736-4cc7-a1f6-cc4c8cc861f4,0.5213491916656494,0.9998485708276659,K
143,af9507d7-9513-40af-8985-7a14c802dd06,0.5213491916656494,0.9998485711609487,K
143,cacd0527-b32b-4f01-856c-c58a677a202e,0.5213491916656494,0.9998485715220051,K
143,d226615a-4a1c-4d70-af18-6253612f95f2,0.5213491916656494,0.9998485709943072,K
143,d9a788c5-317a-4545-9184-c4acaa54f6b9,0.5213491916656494,0.9998485713553636,K
143,3ada1724-89b3-4190-83d0-8b2217b7aa5a,0.5007662773132324,0.9991152540631366,K
143,732083b3-b561-48c0-b999-f7a6b164a08f,0.5007662773132324,0.9992498227459824,K
143,76bce893-5b05-4244-a6d8-f51a7d58f8f7,0.5007662773132324,0.9991152533693065,K
143,d1805529-6794-4f82-9eb4-2b3a9a4dfdef,0.5007662773132324,0.9991152535358258,K
143,dfef75de-8fb7-4f1d-acc3-38a52b773932,0.5007662773132324,0.9991152538966174,K
143,ea12cbd0-266d-47ee-9426-18e6b56939b5,0.5007662773132324,0.999115253702345,K
143,f9e10c27-fc2c-40af-9439-75cab4613420,0.5007662773132324,0.9991152542296557,K
144,26c15497-867c-47e8-93ec-5595823a72bf,0.9063560366630554,0.9998311840565708,K
144,56e92d66-ea1b-4f2b-8ebb-21e9c1300ca4,0.9063560366630554,0.9998311833900168,K
144,6d371be9-6291-4691-ae7a-eaede59746de,0.9063560366630554,0.999831184417621,K
144,b8497394-fb62-45b1-8984-6b4efe477636,0.9063560366630554,0.9998311835566552,K
144,bbf01234-6ced-4e3e-a097-db83ada51a61,0.9063560366630554,0.9998311837232937,K
144,e14793b8-7532-4ba5-b9a3-d19ee2cb21b3,0.9063560366630554,0.9998311842509824,K
144,fbeda479-a20d-43b0-a541-0d5f496f8c02,0.9063560366630554,0.9998311838899323,K
144,078d0e9f-afea-4d8c-a9ec-4b2cf9cff354,0.6108070611953735,0.9998311838066131,K
144,22236c00-4b51-4313-a985-7cf1e537969f,0.6108070611953735,0.9998311836399745,K
144,355072c6-35df-49d5-9bf7-e8f169b0e086,0.6108070611953735,0.9998311839732515,K
144,6c5bcd57-8b0a-4adb-ab0d-f3a64a778d5d,0.6108070611953735,0.999831183473336,K
144,86d671c2-2ec3-44c7-8a65-1f2946a85d47,0.6108070611953735,0.9998311841676631,K
144,b7796aab-652a-456e-b287-f46ed9b79f3a,0.6108070611953735,0.9998311832789244,K
144,ca772484-2412-4fdd-9a68-b726c4e2c143,0.6108070611953735,0.9998311843343017,K
144,db868b3d-342c-4d03-9a79-64b27837b5e4,0.6108070611953735,0.9998311845287133,K
144,0972b605-8947-410f-bbe4-d0aec0bf97a0,0.571755051612854,0.9998311837510668,K
144,363ca5cf-4c83-432e-9453-3c796a805dba,0.571755051612854,0.9998311833900168,K
144,620349aa-de94-45c7-bea3-08ca78d848b7,0.571755051612854,0.9998311839177054,K
144,869c5d2d-f919-41c0-8f97-bae23f58308b,0.571755051612854,0.9998311835844284,K
144,94c44e21-2973-4a41-919d-43aa6841e0b8,0.571755051612854,0.9998311842787555,K
144,bc50c81e-afec-40e2-b022-fd9739290eb8,0.571755051612854,0.9998311844453941,K
144,dd330cbb-60bc-462f-8b2b-2af5e0018ef8,0.571755051612854,0.9998311840843439,K
144,134bae78-7167-451e-afad-02b78c8da8ca,0.5150877833366394,0.9993888823362891,K
144,30d170b1-7064-4746-a63a-19d9572302e4,0.5150877833366394,0.9993888831968739,K
144,83f19bd6-80ca-4441-a881-d2004183801b,0.5150877833366394,0.999388882502854,K
144,a04243c7-d94e-474a-9d1d-5638006c00ed,0.5150877833366394,0.9993888826971795,K
144,b791b973-6da4-41ef-a269-b816891d6bb1,0.5150877833366394,0.9993888830303091,K
144,c765ef3b-e306-481d-a9d9-c4b51cabd483,0.5150877833366394,0.9993888828637444,K
144,dafbf493-fce5-4ff2-ac2a-86155d8a0fda,0.5150877833366394,0.9998311843620747,K
144,3586b3d9-8cd0-425c-bfa4-12ede5ea224a,0.5058408975601196,0.9996797692848044,K
144,4a830eaf-f575-4ea4-af48-92b85718092c,0.5058408975601196,0.9996797682573557,K
144,4ddce2f4-2e7c-40ce-a358-ced95c9942cc,0.5058408975601196,0.9998311845287133,K
144,755481fd-b0ab-4de1-8832-7a29a42af347,0.5058408975601196,0.9996797691181911,K
144,88f6e161-d522-4c46-bb57-17edf3ea149d,0.5058408975601196,0.9996797687571957,K
144,91f97e0f-c81f-415a-84d5-370c932bd526,0.5058408975601196,0.9996797689238089,K
144,a592b98a-452e-4389-b1fb-01ace97420f7,0.5058408975601196,0.9996797684239691,K
144,c83d9bce-ab60-4452-b79a-ccd638d43ee6,0.5058408975601196,0.9996797685905824,K
145,3ada1724-89b3-4190-83d0-8b2217b7aa5a,0.8924493193626404,0.9996640629672632,K
145,732083b3-b561-48c0-b999-f7a6b164a08f,0.8924493193626404,0.9996640620786729,K
145,76bce893-5b05-4244-a6d8-f51a7d58f8f7,0.8924493193626404,0.999664062273052,K
145,d1805529-6794-4f82-9eb4-2b3a9a4dfdef,0.8924493193626404,0.9996640624396627,K
145,dfef75de-8fb7-4f1d-acc3-38a52b773932,0.8924493193626404,0.9996640628006526,K
145,ea12cbd0-266d-47ee-9426-18e6b56939b5,0.8924493193626404,0.9996640626062734,K
145,f9e10c27-fc2c-40af-9439-75cab4613420,0.8924493193626404,0.9996640631338739,K
145,0972b605-8947-410f-bbe4-d0aec0bf97a0,0.5179146528244019,0.9998328619135709,K
145,363ca5cf-4c83-432e-9453-3c796a805dba,0.5179146528244019,0.9998328615525202,K
145,620349aa-de94-45c7-bea3-08ca78d848b7,0.5179146528244019,0.9998328620802097,K
145,869c5d2d-f919-41c0-8f97-bae23f58308b,0.5179146528244019,0.999832861719159,K
145,94c44e21-2973-4a41-919d-43aa6841e0b8,0.5179146528244019,0.9998328624134873,K
145,bc50c81e-afec-40e2-b022-fd9739290eb8,0.5179146528244019,0.9998328626078993,K
145,dd330cbb-60bc-462f-8b2b-2af5e0018ef8,0.5179146528244019,0.9998328622468485,K
145,f7c061d5-3cbc-47b6-86c5-f9b899fc3c6c,0.5179146528244019,0.9998328613858813,K
146,31e14c3d-daa7-4837-b78a-7fb4ffb057a2,0.890346109867096,0.999366173897126,K
146,7e3c6771-57fe-431f-9369-c217f11e15c2,0.890346109867096,0.9993661740914471,K
146,8ad97832-a2d1-45f0-88b6-a8dd64480c89,0.890346109867096,0.9993661737305649,K
146,8c26928e-e3eb-4dd3-90be-d5b12363ac77,0.890346109867096,0.999853440046515,K
146,939d8fe1-dee2-4943-bc52-15e4184567e3,0.890346109867096,0.9993661731753615,K
146,c95ea662-f133-4aa2-935b-c5d5e70d9a92,0.890346109867096,0.9993661733696827,K
146,1fe1c897-c028-4b10-b5a6-651e2383566d,0.5835834741592407,0.9995175419203461,K
146,245ede3c-39e2-44af-8de2-86dffd0ab5dd,0.5835834741592407,0.9995175416982311,K
146,6e395e19-1736-4cc7-a1f6-cc4c8cc861f4,0.5835834741592407,0.9995175407820067,K
146,af9507d7-9513-40af-8985-7a14c802dd06,0.5835834741592407,0.9995175411707079,K
146,cacd0527-b32b-4f01-856c-c58a677a202e,0.5835834741592407,0.9995175415316448,K
146,d226615a-4a1c-4d70-af18-6253612f95f2,0.5835834741592407,0.9995175409763574,K
146,d9a788c5-317a-4545-9184-c4acaa54f6b9,0.5835834741592407,0.9995175413372942,K
146,e9d472d3-0248-4bdc-9368-d98c4b7fe1d5,0.5835834741592407,0.9995175406154204,K
146,2f180e2f-9208-44ea-8ba2-2a4b2b57e0f1,0.5549933314323425,0.9987677159696271,K
146,461ca34a-8299-40ed-93aa-6fec635580a6,0.5549933314323425,0.9987677169406513,K
146,64a40544-da83-4141-8f49-0f700719d520,0.5549933314323425,0.9987677156089609,K
146,af2be6aa-378f-4aca-b542-bba94f7f84d4,0.5549933314323425,0.9987677165522416,K
146,b0680986-d9bd-42cb-b6de-f75146f1fe33,0.5549933314323425,0.9987677167464464,K
146,b153ca39-3aa7-4a3c-88f6-3ba8434bae42,0.5549933314323425,0.9987677157754222,K
146,b2a083e9-f284-46b0-8812-deea53b56145,0.5549933314323425,0.9987677154147561,K
146,d7a540ee-540f-48c5-b8a0-fd7efab16139,0.5549933314323425,0.9987677161360884,K
146,0972b605-8947-410f-bbe4-d0aec0bf97a0,0.5206599235534668,0.9998534394077198,K
146,363ca5cf-4c83-432e-9453-3c796a805dba,0.5206599235534668,0.9998534390466616,K
146,620349aa-de94-45c7-bea3-08ca78d848b7,0.5206599235534668,0.999853439574362,K
146,869c5d2d-f919-41c0-8f97-bae23f58308b,0.5206599235534668,0.9998534392133038,K
146,94c44e21-2973-4a41-919d-43aa6841e0b8,0.5206599235534668,0.9998534399354202,K
146,bc50c81e-afec-40e2-b022-fd9739290eb8,0.5206599235534668,0.9998534401298361,K
146,dd330cbb-60bc-462f-8b2b-2af5e0018ef8,0.5206599235534668,0.9998534397687779,K
146,f7c061d5-3cbc-47b6-86c5-f9b899fc3c6c,0.5206599235534668,0.9998534388522456,K
146,26c15497-867c-47e8-93ec-5595823a72bf,0.5174322128295898,0.9996863161535132,K
146,56e92d66-ea1b-4f2b-8ebb-21e9c1300ca4,0.5174322128295898,0.9996863154315175,K
146,6c372dbb-24da-4849-8193-316990d50ef3,0.5174322128295898,0.999853438824472,K
146,6d371be9-6291-4691-ae7a-eaede59746de,0.5174322128295898,0.9998534401020625,K
146,b8497394-fb62-45b1-8984-6b4efe477636,0.5174322128295898,0.9996863155981319,K
146,bbf01234-6ced-4e3e-a097-db83ada51a61,0.5174322128295898,0.9996863157925153,K
146,e14793b8-7532-4ba5-b9a3-d19ee2cb21b3,0.5174322128295898,0.9996863163478966,K
146,fbeda479-a20d-43b0-a541-0d5f496f8c02,0.5174322128295898,0.9996863159868988,K
147,134bae78-7167-451e-afad-02b78c8da8ca,0.8686729669570923,0.9995274194513808,K
147,30d170b1-7064-4746-a63a-19d9572302e4,0.8686729669570923,0.999527420312085,K
147,83f19bd6-80ca-4441-a881-d2004183801b,0.8686729669570923,0.9995274196179686,K
147,a04243c7-d94e-474a-9d1d-5638006c00ed,0.8686729669570923,0.9995274197845566,K
147,b791b973-6da4-41ef-a269-b816891d6bb1,0.8686729669570923,0.999527420145497,K
147,c765ef3b-e306-481d-a9d9-c4b51cabd483,0.8686729669570923,0.9995274199789091,K
147,dafbf493-fce5-4ff2-ac2a-86155d8a0fda,0.8686729669570923,0.9998410678255009,K
147,078d0e9f-afea-4d8c-a9ec-4b2cf9cff354,0.5548982620239258,0.9995274199511445,K
147,22236c00-4b51-4313-a985-7cf1e537969f,0.5548982620239258,0.9995274197567919,K
147,355072c6-35df-49d5-9bf7-e8f169b0e086,0.5548982620239258,0.9995274201177324,K
147,6c5bcd57-8b0a-4adb-ab0d-f3a64a778d5d,0.5548982620239258,0.9995274195902041,K
147,86d671c2-2ec3-44c7-8a65-1f2946a85d47,0.5548982620239258,0.999527420312085,K
147,b7796aab-652a-456e-b287-f46ed9b79f3a,0.5548982620239258,0.9995274194236161,K
147,ca772484-2412-4fdd-9a68-b726c4e2c143,0.5548982620239258,0.9995274204786728,K
147,db868b3d-342c-4d03-9a79-64b27837b5e4,0.5548982620239258,0.99952742070079,K
147,26c15497-867c-47e8-93ec-5595823a72bf,0.536957323551178,0.9998410675199938,K
147,56e92d66-ea1b-4f2b-8ebb-21e9c1300ca4,0.536957323551178,0.9998410668256598,K
147,6c372dbb-24da-4849-8193-316990d50ef3,0.536957323551178,0.9998410666590196,K
147,6d371be9-6291-4691-ae7a-eaede59746de,0.536957323551178,0.9998410678810475,K
147,b8497394-fb62-45b1-8984-6b4efe477636,0.536957323551178,0.9998410669922999,K
147,bbf01234-6ced-4e3e-a097-db83ada51a61,0.536957323551178,0.9998410671867135,K
147,e14793b8-7532-4ba5-b9a3-d19ee2cb21b3,0.536957323551178,0.9998410677144074,K
147,fbeda479-a20d-43b0-a541-0d5f496f8c02,0.536957323551178,0.9998410673533537,K
147,0972b605-8947-410f-bbe4-d0aec0bf97a0,0.5355179905891418,0.9998410672144868,K
147,363ca5cf-4c83-432e-9453-3c796a805dba,0.5355179905891418,0.9998410668534331,K
147,620349aa-de94-45c7-bea3-08ca78d848b7,0.5355179905891418,0.999841067381127,K
147,869c5d2d-f919-41c0-8f97-bae23f58308b,0.5355179905891418,0.9998410670200732,K
147,94c44e21-2973-4a41-919d-43aa6841e0b8,0.5355179905891418,0.9998410677421807,K
147,bc50c81e-afec-40e2-b022-fd9739290eb8,0.5355179905891418,0.9998410679088209,K
147,dd330cbb-60bc-462f-8b2b-2af5e0018ef8,0.5355179905891418,0.9998410675477672,K
147,f7c061d5-3cbc-47b6-86c5-f9b899fc3c6c,0.5355179905891418,0.9998410666590196,K
148,078d0e9f-afea-4d8c-a9ec-4b2cf9cff354,0.8782250881195068,0.9998386949832756,K
148,22236c00-4b51-4313-a985-7cf1e537969f,0.8782250881195068,0.9998386947888626,K
148,355072c6-35df-49d5-9bf7-e8f169b0e086,0.8782250881195068,0.9998386951776886,K
148,6c5bcd57-8b0a-4adb-ab0d-f3a64a778d5d,0.8782250881195068,0.9998386945944494,K
148,86d671c2-2ec3-44c7-8a65-1f2946a85d47,0.8782250881195068,0.9998386953721018,K
148,b7796aab-652a-456e-b287-f46ed9b79f3a,0.8782250881195068,0.9998386944000364,K
148,ca772484-2412-4fdd-9a68-b726c4e2c143,0.8782250881195068,0.9998386955387416,K
148,db868b3d-342c-4d03-9a79-64b27837b5e4,0.8782250881195068,0.9998386957887012,K
148,26c15497-867c-47e8-93ec-5595823a72bf,0.6453519463539124,0.9998386952610085,K
148,56e92d66-ea1b-4f2b-8ebb-21e9c1300ca4,0.6453519463539124,0.9998386945111296,K
148,6c372dbb-24da-4849-8193-316990d50ef3,0.6453519463539124,0.9998386943167165,K
148,6d371be9-6291-4691-ae7a-eaede59746de,0.6453519463539124,0.9998386956498347,K
148,b8497394-fb62-45b1-8984-6b4efe477636,0.6453519463539124,0.9998386946777693,K
148,bbf01234-6ced-4e3e-a097-db83ada51a61,0.6453519463539124,0.9998386948999557,K
148,e14793b8-7532-4ba5-b9a3-d19ee2cb21b3,0.6453519463539124,0.9998386954554217,K
148,fbeda479-a20d-43b0-a541-0d5f496f8c02,0.6453519463539124,0.9998386950665955,K
148,0972b605-8947-410f-bbe4-d0aec0bf97a0,0.5870772004127502,0.9998386948999557,K
148,363ca5cf-4c83-432e-9453-3c796a805dba,0.5870772004127502,0.9998386945111296,K
148,620349aa-de94-45c7-bea3-08ca78d848b7,0.5870772004127502,0.9998386950943688,K
148,869c5d2d-f919-41c0-8f97-bae23f58308b,0.5870772004127502,0.9998386947055427,K
148,94c44e21-2973-4a41-919d-43aa6841e0b8,0.5870772004127502,0.9998386954831949,K
148,bc50c81e-afec-40e2-b022-fd9739290eb8,0.5870772004127502,0.9998386956776081,K
148,dd330cbb-60bc-462f-8b2b-2af5e0018ef8,0.5870772004127502,0.9998386952887819,K
148,f7c061d5-3cbc-47b6-86c5-f9b899fc3c6c,0.5870772004127502,0.9998386943167165,K
148,134bae78-7167-451e-afad-02b78c8da8ca,0.5510380268096924,0.9998386944278097,K
148,30d170b1-7064-4746-a63a-19d9572302e4,0.5510380268096924,0.9998386953721018,K
148,83f19bd6-80ca-4441-a881-d2004183801b,0.5510380268096924,0.9998386946222227,K
148,a04243c7-d94e-474a-9d1d-5638006c00ed,0.5510380268096924,0.9998386948166358,K
148,b791b973-6da4-41ef-a269-b816891d6bb1,0.5510380268096924,0.999838695205462,K
148,c765ef3b-e306-481d-a9d9-c4b51cabd483,0.5510380268096924,0.9998386950110489,K
148,dafbf493-fce5-4ff2-ac2a-86155d8a0fda,0.5510380268096924,0.9998386955665148,K
149,3586b3d9-8cd0-425c-bfa4-12ede5ea224a,0.8836332559585571,0.999213704181587,K
149,4a830eaf-f575-4ea4-af48-92b85718092c,0.8836332559585571,0.9992137030713495,K
149,4ddce2f4-2e7c-40ce-a358-ced95c9942cc,0.8836332559585571,0.9998474395551951,K
149,755481fd-b0ab-4de1-8832-7a29a42af347,0.8836332559585571,0.9992137039872954,K
149,88f6e161-d522-4c46-bb57-17edf3ea149d,0.8836332559585571,0.9992137036264682,K
149,91f97e0f-c81f-415a-84d5-370c932bd526,0.8836332559585571,0.9992137037930038,K
149,a592b98a-452e-4389-b1fb-01ace97420f7,0.8836332559585571,0.999213703237885,K
149,c83d9bce-ab60-4452-b79a-ccd638d43ee6,0.8836332559585571,0.9992137034321766,K
149,1fe1c897-c028-4b10-b5a6-651e2383566d,0.5803573727607727,0.9995272532521965,K
149,245ede3c-39e2-44af-8de2-86dffd0ab5dd,0.5803573727607727,0.9995272530300793,K
149,6e395e19-1736-4cc7-a1f6-cc4c8cc861f4,0.5803573727607727,0.999527252113846,K
149,af9507d7-9513-40af-8985-7a14c802dd06,0.5803573727607727,0.9995272524747864,K
149,cacd0527-b32b-4f01-856c-c58a677a202e,0.5803573727607727,0.9995272528357267,K
149,d226615a-4a1c-4d70-af18-6253612f95f2,0.5803573727607727,0.9995272522804338,K
149,d9a788c5-317a-4545-9184-c4acaa54f6b9,0.5803573727607727,0.9995272526691389,K
149,e9d472d3-0248-4bdc-9368-d98c4b7fe1d5,0.5803573727607727,0.9995272519194934,K
149,26c15497-867c-47e8-93ec-5595823a72bf,0.5355281829833984,0.9998474390830449,K
149,56e92d66-ea1b-4f2b-8ebb-21e9c1300ca4,0.5355281829833984,0.9998474383331593,K
149,6c372dbb-24da-4849-8193-316990d50ef3,0.5355281829833984,0.9998474381387445,K
149,6d371be9-6291-4691-ae7a-eaede59746de,0.5355281829833984,0.9998474394441009,K
149,b8497394-fb62-45b1-8984-6b4efe477636,0.5355281829833984,0.9998474385275741,K
149,bbf01234-6ced-4e3e-a097-db83ada51a61,0.5355281829833984,0.9998474386942153,K
149,e14793b8-7532-4ba5-b9a3-d19ee2cb21b3,0.5355281829833984,0.9998474392496861,K
149,fbeda479-a20d-43b0-a541-0d5f496f8c02,0.5355281829833984,0.9998474388886301,K
149,0972b605-8947-410f-bbe4-d0aec0bf97a0,0.5250928401947021,0.9998474387219889,K
149,363ca5cf-4c83-432e-9453-3c796a805dba,0.5250928401947021,0.9998474383609328,K
149,620349aa-de94-45c7-bea3-08ca78d848b7,0.5250928401947021,0.9998474389164036,K
149,869c5d2d-f919-41c0-8f97-bae23f58308b,0.5250928401947021,0.9998474385275741,K
149,94c44e21-2973-4a41-919d-43aa6841e0b8,0.5250928401947021,0.9998474392774597,K
149,bc50c81e-afec-40e2-b022-fd9739290eb8,0.5250928401947021,0.9998474394718745,K
149,dd330cbb-60bc-462f-8b2b-2af5e0018ef8,0.5250928401947021,0.9998474390830449,K
149,f7c061d5-3cbc-47b6-86c5-f9b899fc3c6c,0.5250928401947021,0.9998474381665181,K
150,1fe1c897-c028-4b10-b5a6-651e2383566d,0.9045434594154358,0.9998463127555391,K
150,245ede3c-39e2-44af-8de2-86dffd0ab5dd,0.9045434594154358,0.9998463125333511,K
150,6e395e19-1736-4cc7-a1f6-cc4c8cc861f4,0.9045434594154358,0.9998463115890518,K
150,af9507d7-9513-40af-8985-7a14c802dd06,0.9045434594154358,0.9998463119778809,K
150,cacd0527-b32b-4f01-856c-c58a677a202e,0.9045434594154358,0.9998463123389365,K
150,d226615a-4a1c-4d70-af18-6253612f95f2,0.9045434594154358,0.9998463117834664,K
150,d9a788c5-317a-4545-9184-c4acaa54f6b9,0.9045434594154358,0.999846312144522,K
150,e9d472d3-0248-4bdc-9368-d98c4b7fe1d5,0.9045434594154358,0.9998463113946372,K
150,3586b3d9-8cd0-425c-bfa4-12ede5ea224a,0.5641753077507019,0.9998463125611246,K
150,4a830eaf-f575-4ea4-af48-92b85718092c,0.5641753077507019,0.9998463114224108,K
150,4ddce2f4-2e7c-40ce-a358-ced95c9942cc,0.5641753077507019,0.9998463127833127,K
150,755481fd-b0ab-4de1-8832-7a29a42af347,0.5641753077507019,0.9998463123667101,K
150,88f6e161-d522-4c46-bb57-17edf3ea149d,0.5641753077507019,0.9998463119778809,K
150,91f97e0f-c81f-415a-84d5-370c932bd526,0.5641753077507019,0.9998463121722955,K
150,a592b98a-452e-4389-b1fb-01ace97420f7,0.5641753077507019,0.9998463116168254,K
150,c83d9bce-ab60-4452-b79a-ccd638d43ee6,0.5641753077507019,0.9998463117834664,K
150,2b8fbba4-7cd0-4572-ac24-33140a34b18a,0.5510950684547424,0.9995324921214358,K
150,31e14c3d-daa7-4837-b78a-7fb4ffb057a2,0.5510950684547424,0.9993736245606083,K
150,7e3c6771-57fe-431f-9369-c217f11e15c2,0.5510950684547424,0.9993736247271705,K
150,8ad97832-a2d1-45f0-88b6-a8dd64480c89,0.5510950684547424,0.9993736243662856,K
150,8c26928e-e3eb-4dd3-90be-d5b12363ac77,0.5510950684547424,0.9998463126166716,K
150,939d8fe1-dee2-4943-bc52-15e4184567e3,0.5510950684547424,0.9993736238110781,K
150,c95ea662-f133-4aa2-935b-c5d5e70d9a92,0.5510950684547424,0.9993736239776403,K
150,0972b605-8947-410f-bbe4-d0aec0bf97a0,0.5486348867416382,0.9998463119501074,K
150,363ca5cf-4c83-432e-9453-3c796a805dba,0.5486348867416382,0.9998463115612782,K
150,620349aa-de94-45c7-bea3-08ca78d848b7,0.5486348867416382,0.9998463121167485,K
150,869c5d2d-f919-41c0-8f97-bae23f58308b,0.5486348867416382,0.9998463117556928,K
150,94c44e21-2973-4a41-919d-43aa6841e0b8,0.5486348867416382,0.9998463125055775,K
150,bc50c81e-afec-40e2-b022-fd9739290eb8,0.5486348867416382,0.9998463126999921,K
150,dd330cbb-60bc-462f-8b2b-2af5e0018ef8,0.5486348867416382,0.999846312311163,K
150,f7c061d5-3cbc-47b6-86c5-f9b899fc3c6c,0.5486348867416382,0.9998463113668637,K
150,26c15497-867c-47e8-93ec-5595823a72bf,0.5288690328598022,0.9998463122833895,K
150,56e92d66-ea1b-4f2b-8ebb-21e9c1300ca4,0.5288690328598022,0.9998463115335048,K
150,6c372dbb-24da-4849-8193-316990d50ef3,0.5288690328598022,0.9998463113668637,K
150,6d371be9-6291-4691-ae7a-eaede59746de,0.5288690328598022,0.9998463126722187,K
150,b8497394-fb62-45b1-8984-6b4efe477636,0.5288690328598022,0.9998463117279194,K
150,bbf01234-6ced-4e3e-a097-db83ada51a61,0.5288690328598022,0.9998463119223339,K
150,e14793b8-7532-4ba5-b9a3-d19ee2cb21b3,0.5288690328598022,0.9998463124778041,K
150,fbeda479-a20d-43b0-a541-0d5f496f8c02,0.5288690328598022,0.9998463121167485,K
151,0972b605-8947-410f-bbe4-d0aec0bf97a0,0.9085501432418823,0.999831712661903,K
151,363ca5cf-4c83-432e-9453-3c796a805dba,0.9085501432418823,0.9998317123008527,K
151,620349aa-de94-45c7-bea3-08ca78d848b7,0.9085501432418823,0.9998317128285416,K
151,869c5d2d-f919-41c0-8f97-bae23f58308b,0.9085501432418823,0.9998317124952644,K
151,94c44e21-2973-4a41-919d-43aa6841e0b8,0.9085501432418823,0.999831713189592,K
151,bc50c81e-afec-40e2-b022-fd9739290eb8,0.9085501432418823,0.9998317133840037,K
151,dd330cbb-60bc-462f-8b2b-2af5e0018ef8,0.9085501432418823,0.9998317130229533,K
151,f7c061d5-3cbc-47b6-86c5-f9b899fc3c6c,0.9085501432418823,0.999831712134214,K
151,012e10e2-0da9-4b96-9678-d473f14e34ab,0.6350393295288086,0.9987233414838496,K
151,0e3547d9-8a0c-4125-a56f-bef69f65d994,0.6350393295288086,0.9987233422606344,K
151,2df0b5c0-6614-4581-b95b-25a0facd11c3,0.6350393295288086,0.9987233424548306,K
151,51d28a25-239c-4048-891c-9b68f03c1a6a,0.6350393295288086,0.998723341872242,K
151,b1c92968-f766-420f-9f2a-b35789a2dccc,0.6350393295288086,0.9987233412896533,K
151,dc2b3638-3376-4382-8782-20ca023e8554,0.6350393295288086,0.9987233411231995,K
151,e3a4e850-c28e-47f7-be91-fb23ce2255aa,0.6350393295288086,0.9987233409290033,K
151,f184814c-0a82-401f-95c3-2db50d68e267,0.6350393295288086,0.9987233420664382,K
151,f22180e9-0fa4-4fb2-8fca-1282f28e8654,0.6350393295288086,0.9987233416780458,K
151,078d0e9f-afea-4d8c-a9ec-4b2cf9cff354,0.559798538684845,0.9995255116885335,K
151,1879f75f-58ac-4e30-8394-c044b73d32e5,0.559798538684845,0.9996780359526627,K
151,22236c00-4b51-4313-a985-7cf1e537969f,0.559798538684845,0.9995255115219459,K
151,355072c6-35df-49d5-9bf7-e8f169b0e086,0.559798538684845,0.9995255118828856,K
151,6c5bcd57-8b0a-4adb-ab0d-f3a64a778d5d,0.559798538684845,0.9995255113553584,K
151,86d671c2-2ec3-44c7-8a65-1f2946a85d47,0.559798538684845,0.9995255120494733,K
151,b7796aab-652a-456e-b287-f46ed9b79f3a,0.559798538684845,0.9995255111887708,K
151,ca772484-2412-4fdd-9a68-b726c4e2c143,0.559798538684845,0.9995255122160609,K
151,db868b3d-342c-4d03-9a79-64b27837b5e4,0.559798538684845,0.9995255124381777,K
151,26c15497-867c-47e8-93ec-5595823a72bf,0.5529343485832214,0.9998317129951801,K
151,56e92d66-ea1b-4f2b-8ebb-21e9c1300ca4,0.5529343485832214,0.9998317123008527,K
151,6c372dbb-24da-4849-8193-316990d50ef3,0.5529343485832214,0.9998317121064408,K
151,6d371be9-6291-4691-ae7a-eaede59746de,0.5529343485832214,0.9998317133284574,K
151,b8497394-fb62-45b1-8984-6b4efe477636,0.5529343485832214,0.9998317124674913,K
151,bbf01234-6ced-4e3e-a097-db83ada51a61,0.5529343485832214,0.9998317126341298,K
151,e14793b8-7532-4ba5-b9a3-d19ee2cb21b3,0.5529343485832214,0.9998317131618188,K
151,fbeda479-a20d-43b0-a541-0d5f496f8c02,0.5529343485832214,0.9998317128007684,K
151,f9ec5e51-bc06-4de6-b40a-0ace8f9f72c2,0.5286071300506592,0.9987233399025376,K
151,1fe1c897-c028-4b10-b5a6-651e2383566d,0.5213491916656494,0.9998317134117768,K
151,245ede3c-39e2-44af-8de2-86dffd0ab5dd,0.5213491916656494,0.999831713217365,K
151,6e395e19-1736-4cc7-a1f6-cc4c8cc861f4,0.5213491916656494,0.9998317123286257,K
151,af9507d7-9513-40af-8985-7a14c802dd06,0.5213491916656494,0.9998317126896761,K
151,cacd0527-b32b-4f01-856c-c58a677a202e,0.5213491916656494,0.9998317130229533,K
151,d226615a-4a1c-4d70-af18-6253612f95f2,0.5213491916656494,0.9998317125230375,K
151,d9a788c5-317a-4545-9184-c4acaa54f6b9,0.5213491916656494,0.9998317128563147,K
151,e9d472d3-0248-4bdc-9368-d98c4b7fe1d5,0.5213491916656494,0.9998317121619871,K
151,3ada1724-89b3-4190-83d0-8b2217b7aa5a,0.5007662773132324,0.9990589717950084,K
151,732083b3-b561-48c0-b999-f7a6b164a08f,0.5007662773132324,0.9990589709347075,K
151,76bce893-5b05-4244-a6d8-f51a7d58f8f7,0.5007662773132324,0.9990589711012173,K
151,90786c9b-461d-4e4d-977f-ed0764206480,0.5007662773132324,0.9992054278675306,K
151,d1805529-6794-4f82-9eb4-2b3a9a4dfdef,0.5007662773132324,0.9990589712954788,K
151,dfef75de-8fb7-4f1d-acc3-38a52b773932,0.5007662773132324,0.9990589716284985,K
151,ea12cbd0-266d-47ee-9426-18e6b56939b5,0.5007662773132324,0.9990589714619886,K
151,f9e10c27-fc2c-40af-9439-75cab4613420,0.5007662773132324,0.9990589719892699,K
152,26c15497-867c-47e8-93ec-5595823a72bf,0.9063560366630554,0.9998147065578397,K
152,56e92d66-ea1b-4f2b-8ebb-21e9c1300ca4,0.9063560366630554,0.9998147057524334,K
152,6c372dbb-24da-4849-8193-316990d50ef3,0.9063560366630554,0.999814705558025,K
152,6d371be9-6291-4691-ae7a-eaede59746de,0.9063560366630554,0.9998147069466564,K
152,b8497394-fb62-45b1-8984-6b4efe477636,0.9063560366630554,0.9998147059468417,K
152,bbf01234-6ced-4e3e-a097-db83ada51a61,0.9063560366630554,0.9998147061412502,K
152,e14793b8-7532-4ba5-b9a3-d19ee2cb21b3,0.9063560366630554,0.999814706752248,K
152,fbeda479-a20d-43b0-a541-0d5f496f8c02,0.9063560366630554,0.9998147063356586,K
152,078d0e9f-afea-4d8c-a9ec-4b2cf9cff354,0.6108070611953735,0.9998147062523407,K
152,1879f75f-58ac-4e30-8394-c044b73d32e5,0.6108070611953735,0.9998147054469344,K
152,22236c00-4b51-4313-a985-7cf1e537969f,0.6108070611953735,0.9998147060579323,K
152,355072c6-35df-49d5-9bf7-e8f169b0e086,0.6108070611953735,0.9998147064467491,K
152,6c5bcd57-8b0a-4adb-ab0d-f3a64a778d5d,0.6108070611953735,0.9998147058357513,K
152,86d671c2-2ec3-44c7-8a65-1f2946a85d47,0.6108070611953735,0.9998147066411576,K
152,b7796aab-652a-456e-b287-f46ed9b79f3a,0.6108070611953735,0.9998147056413428,K
152,ca772484-2412-4fdd-9a68-b726c4e2c143,0.6108070611953735,0.999814706835566,K
152,db868b3d-342c-4d03-9a79-64b27837b5e4,0.6108070611953735,0.9998147070855197,K
152,0972b605-8947-410f-bbe4-d0aec0bf97a0,0.571755051612854,0.9998147061690228,K
152,363ca5cf-4c83-432e-9453-3c796a805dba,0.571755051612854,0.9998147057802059,K
152,620349aa-de94-45c7-bea3-08ca78d848b7,0.571755051612854,0.9998147063634312,K
152,869c5d2d-f919-41c0-8f97-bae23f58308b,0.571755051612854,0.9998147059746144,K
152,94c44e21-2973-4a41-919d-43aa6841e0b8,0.571755051612854,0.9998147067800207,K
152,bc50c81e-afec-40e2-b022-fd9739290eb8,0.571755051612854,0.9998147069744291,K
152,dd330cbb-60bc-462f-8b2b-2af5e0018ef8,0.571755051612854,0.9998147065578397,K
152,f7c061d5-3cbc-47b6-86c5-f9b899fc3c6c,0.571755051612854,0.9998147055857975,K
152,134bae78-7167-451e-afad-02b78c8da8ca,0.5150877833366394,0.9993402932855595,K
152,30d170b1-7064-4746-a63a-19d9572302e4,0.5150877833366394,0.9993402942848999,K
152,83f19bd6-80ca-4441-a881-d2004183801b,0.5150877833366394,0.9993402934798757,K
152,a04243c7-d94e-474a-9d1d-5638006c00ed,0.5150877833366394,0.9993402937019513,K
152,b791b973-6da4-41ef-a269-b816891d6bb1,0.5150877833366394,0.9993402940905837,K
152,c765ef3b-e306-481d-a9d9-c4b51cabd483,0.5150877833366394,0.9993402938962676,K
152,d3a92ab7-7e9b-477c-81e7-8633e3d60814,0.5150877833366394,0.9993402930912434,K
152,dafbf493-fce5-4ff2-ac2a-86155d8a0fda,0.5150877833366394,0.9998147068633386,K
152,190dad49-265d-4ca9-b319-59df31243126,0.5058408975601196,0.9996464373513431,K
152,3586b3d9-8cd0-425c-bfa4-12ede5ea224a,0.5058408975601196,0.9996464387119729,K
152,4a830eaf-f575-4ea4-af48-92b85718092c,0.5058408975601196,0.9996464375457188,K
152,4ddce2f4-2e7c-40ce-a358-ced95c9942cc,0.5058408975601196,0.999814707057747,K
152,755481fd-b0ab-4de1-8832-7a29a42af347,0.5058408975601196,0.9996464385175973,K
152,88f6e161-d522-4c46-bb57-17edf3ea149d,0.5058408975601196,0.9996464381288458,K
152,91f97e0f-c81f-415a-84d5-370c932bd526,0.5058408975601196,0.9996464383232215,K
152,a592b98a-452e-4389-b1fb-01ace97420f7,0.5058408975601196,0.9996464377123265,K
152,c83d9bce-ab60-4452-b79a-ccd638d43ee6,0.5058408975601196,0.9996464379344702,K
153,3ada1724-89b3-4190-83d0-8b2217b7aa5a,0.8924493193626404,0.9996480064087298,K
153,732083b3-b561-48c0-b999-f7a6b164a08f,0.8924493193626404,0.9996480055201536,K
153,76bce893-5b05-4244-a6d8-f51a7d58f8f7,0.8924493193626404,0.9996480057145297,K
153,90786c9b-461d-4e4d-977f-ed0764206480,0.8924493193626404,0.9996480053535457,K
153,d1805529-6794-4f82-9eb4-2b3a9a4dfdef,0.8924493193626404,0.9996480058811377,K
153,dfef75de-8fb7-4f1d-acc3-38a52b773932,0.8924493193626404,0.9996480062143537,K
153,ea12cbd0-266d-47ee-9426-18e6b56939b5,0.8924493193626404,0.9996480060477457,K
153,f9e10c27-fc2c-40af-9439-75cab4613420,0.8924493193626404,0.9996480065753377,K
153,0972b605-8947-410f-bbe4-d0aec0bf97a0,0.5179146528244019,0.9998332818990074,K
153,363ca5cf-4c83-432e-9453-3c796a805dba,0.5179146528244019,0.9998332815657297,K
153,3d8a2635-a47b-4b1c-9cc5-730423e07e65,0.5179146528244019,0.9998332812046787,K
153,620349aa-de94-45c7-bea3-08ca78d848b7,0.5179146528244019,0.9998332820934195,K
153,869c5d2d-f919-41c0-8f97-bae23f58308b,0.5179146528244019,0.9998332817323685,K
153,94c44e21-2973-4a41-919d-43aa6841e0b8,0.5179146528244019,0.9998332824266972,K
153,bc50c81e-afec-40e2-b022-fd9739290eb8,0.5179146528244019,0.9998332826211093,K
153,dd330cbb-60bc-462f-8b2b-2af5e0018ef8,0.5179146528244019,0.9998332822600583,K
153,f7c061d5-3cbc-47b6-86c5-f9b899fc3c6c,0.5179146528244019,0.9998332813990908,K
154,2b8fbba4-7cd0-4572-ac24-33140a34b18a,0.890346109867096,0.9993377706762486,K
154,31e14c3d-daa7-4837-b78a-7fb4ffb057a2,0.890346109867096,0.9993377715367895,K
154,7e3c6771-57fe-431f-9369-c217f11e15c2,0.890346109867096,0.9993377717311052,K
154,8ad97832-a2d1-45f0-88b6-a8dd64480c89,0.890346109867096,0.9993377713702333,K
154,8c26928e-e3eb-4dd3-90be-d5b12363ac77,0.890346109867096,0.9998579421467281,K
154,939d8fe1-dee2-4943-bc52-15e4184567e3,0.890346109867096,0.999337770842805,K
154,c95ea662-f133-4aa2-935b-c5d5e70d9a92,0.890346109867096,0.9993377710093613,K
154,1fe1c897-c028-4b10-b5a6-651e2383566d,0.5835834741592407,0.999505988175155,K
154,245ede3c-39e2-44af-8de2-86dffd0ab5dd,0.5835834741592407,0.9995059879530426,K
154,3019b128-926b-4d22-a66a-10d2768cf952,0.5835834741592407,0.9995059867036601,K
154,6e395e19-1736-4cc7-a1f6-cc4c8cc861f4,0.5835834741592407,0.9995059870645928,K
154,af9507d7-9513-40af-8985-7a14c802dd06,0.5835834741592407,0.9995059874255255,K
154,cacd0527-b32b-4f01-856c-c58a677a202e,0.5835834741592407,0.9995059877586941,K
154,d226615a-4a1c-4d70-af18-6253612f95f2,0.5835834741592407,0.9995059872311771,K
154,d9a788c5-317a-4545-9184-c4acaa54f6b9,0.5835834741592407,0.9995059875921098,K
154,e9d472d3-0248-4bdc-9368-d98c4b7fe1d5,0.5835834741592407,0.9995059868980085,K
154,2f180e2f-9208-44ea-8ba2-2a4b2b57e0f1,0.5549933314323425,0.998711797917789,K
154,461ca34a-8299-40ed-93aa-6fec635580a6,0.5549933314323425,0.9987117988610168,K
154,64a40544-da83-4141-8f49-0f700719d520,0.5549933314323425,0.998711797529401,K
154,af2be6aa-378f-4aca-b542-bba94f7f84d4,0.5549933314323425,0.9987117984726288,K
154,b0680986-d9bd-42cb-b6de-f75146f1fe33,0.5549933314323425,0.9987117986668228,K
154,b153ca39-3aa7-4a3c-88f6-3ba8434bae42,0.5549933314323425,0.998711797723595,K
154,b2a083e9-f284-46b0-8812-deea53b56145,0.5549933314323425,0.9987117973352071,K
154,d7a540ee-540f-48c5-b8a0-fd7efab16139,0.5549933314323425,0.9987117980842409,K
154,0972b605-8947-410f-bbe4-d0aec0bf97a0,0.5206599235534668,0.99985794150793,K
154,363ca5cf-4c83-432e-9453-3c796a805dba,0.5206599235534668,0.9998579411468701,K
154,3d8a2635-a47b-4b1c-9cc5-730423e07e65,0.5206599235534668,0.9998579408135841,K
154,620349aa-de94-45c7-bea3-08ca78d848b7,0.5206599235534668,0.999857941674573,K
154,869c5d2d-f919-41c0-8f97-bae23f58308b,0.5206599235534668,0.999857941341287,K
154,94c44e21-2973-4a41-919d-43aa6841e0b8,0.5206599235534668,0.9998579420356327,K
154,bc50c81e-afec-40e2-b022-fd9739290eb8,0.5206599235534668,0.9998579422300495,K
154,dd330cbb-60bc-462f-8b2b-2af5e0018ef8,0.5206599235534668,0.9998579418412159,K
154,f7c061d5-3cbc-47b6-86c5-f9b899fc3c6c,0.5206599235534668,0.9998579409802272,K
154,26c15497-867c-47e8-93ec-5595823a72bf,0.5174322128295898,0.9996912373992082,K
154,56e92d66-ea1b-4f2b-8ebb-21e9c1300ca4,0.5174322128295898,0.9996912367049782,K
154,6c372dbb-24da-4849-8193-316990d50ef3,0.5174322128295898,0.9996912365105938,K
154,6d371be9-6291-4691-ae7a-eaede59746de,0.5174322128295898,0.9998579422022758,K
154,919f56d4-1729-43af-8322-e1477b86d6c5,0.5174322128295898,0.9998579407858104,K
154,b8497394-fb62-45b1-8984-6b4efe477636,0.5174322128295898,0.9996912368715934,K
154,bbf01234-6ced-4e3e-a097-db83ada51a61,0.5174322128295898,0.9996912370382086,K
154,e14793b8-7532-4ba5-b9a3-d19ee2cb21b3,0.5174322128295898,0.9996912375658235,K
154,fbeda479-a20d-43b0-a541-0d5f496f8c02,0.5174322128295898,0.9996912372048238,K
155,134bae78-7167-451e-afad-02b78c8da8ca,0.8686729669570923,0.9995195203839853,K
155,30d170b1-7064-4746-a63a-19d9572302e4,0.8686729669570923,0.9995195212446827,K
155,83f19bd6-80ca-4441-a881-d2004183801b,0.8686729669570923,0.9995195205505719,K
155,a04243c7-d94e-474a-9d1d-5638006c00ed,0.8686729669570923,0.9995195207171584,K
155,b791b973-6da4-41ef-a269-b816891d6bb1,0.8686729669570923,0.999519521078096,K
155,c765ef3b-e306-481d-a9d9-c4b51cabd483,0.8686729669570923,0.9995195208837451,K
155,d3a92ab7-7e9b-477c-81e7-8633e3d60814,0.8686729669570923,0.9995195201896343,K
155,dafbf493-fce5-4ff2-ac2a-86155d8a0fda,0.8686729669570923,0.9998282449182598,K
155,078d0e9f-afea-4d8c-a9ec-4b2cf9cff354,0.5548982620239258,0.9995195208837451,K
155,1879f75f-58ac-4e30-8394-c044b73d32e5,0.5548982620239258,0.9995195201896343,K
155,22236c00-4b51-4313-a985-7cf1e537969f,0.5548982620239258,0.9995195206893941,K
155,355072c6-35df-49d5-9bf7-e8f169b0e086,0.5548982620239258,0.9995195210503317,K
155,6c5bcd57-8b0a-4adb-ab0d-f3a64a778d5d,0.5548982620239258,0.9995195205228075,K
155,86d671c2-2ec3-44c7-8a65-1f2946a85d47,0.5548982620239258,0.9995195212169182,K
155,b7796aab-652a-456e-b287-f46ed9b79f3a,0.5548982620239258,0.9995195203562209,K
155,ca772484-2412-4fdd-9a68-b726c4e2c143,0.5548982620239258,0.9995195213835049,K
155,db868b3d-342c-4d03-9a79-64b27837b5e4,0.5548982620239258,0.9995195216056203,K
155,26c15497-867c-47e8-93ec-5595823a72bf,0.536957323551178,0.9998282446405298,K
155,56e92d66-ea1b-4f2b-8ebb-21e9c1300ca4,0.536957323551178,0.9998282439462046,K
155,6c372dbb-24da-4849-8193-316990d50ef3,0.536957323551178,0.9998282437795666,K
155,6d371be9-6291-4691-ae7a-eaede59746de,0.536957323551178,0.9998282449738058,K
155,919f56d4-1729-43af-8322-e1477b86d6c5,0.536957323551178,0.9998282436129285,K
155,b8497394-fb62-45b1-8984-6b4efe477636,0.536957323551178,0.9998282441128427,K
155,bbf01234-6ced-4e3e-a097-db83ada51a61,0.536957323551178,0.9998282443072537,K
155,e14793b8-7532-4ba5-b9a3-d19ee2cb21b3,0.536957323551178,0.9998282448071678,K
155,fbeda479-a20d-43b0-a541-0d5f496f8c02,0.536957323551178,0.9998282444738917,K
155,0972b605-8947-410f-bbe4-d0aec0bf97a0,0.5355179905891418,0.9998282443072537,K
155,363ca5cf-4c83-432e-9453-3c796a805dba,0.5355179905891418,0.9998282439739776,K
155,3d8a2635-a47b-4b1c-9cc5-730423e07e65,0.5355179905891418,0.9998282436129285,K
155,620349aa-de94-45c7-bea3-08ca78d848b7,0.5355179905891418,0.9998282445016647,K
155,869c5d2d-f919-41c0-8f97-bae23f58308b,0.5355179905891418,0.9998282441406157,K
155,94c44e21-2973-4a41-919d-43aa6841e0b8,0.5355179905891418,0.9998282448349408,K
155,bc50c81e-afec-40e2-b022-fd9739290eb8,0.5355179905891418,0.9998282450015789,K
155,dd330cbb-60bc-462f-8b2b-2af5e0018ef8,0.5355179905891418,0.9998282446683028,K
155,f7c061d5-3cbc-47b6-86c5-f9b899fc3c6c,0.5355179905891418,0.9998282438073396,K
156,078d0e9f-afea-4d8c-a9ec-4b2cf9cff354,0.8782250881195068,0.9998416451227907,K
156,1879f75f-58ac-4e30-8394-c044b73d32e5,0.8782250881195068,0.9998416443451361,K
156,22236c00-4b51-4313-a985-7cf1e537969f,0.8782250881195068,0.999841644928377,K
156,355072c6-35df-49d5-9bf7-e8f169b0e086,0.8782250881195068,0.9998416453172043,K
156,6c5bcd57-8b0a-4adb-ab0d-f3a64a778d5d,0.8782250881195068,0.9998416447339634,K
156,86d671c2-2ec3-44c7-8a65-1f2946a85d47,0.8782250881195068,0.9998416454838447,K
156,b7796aab-652a-456e-b287-f46ed9b79f3a,0.8782250881195068,0.9998416445395497,K
156,ca772484-2412-4fdd-9a68-b726c4e2c143,0.8782250881195068,0.9998416456782583,K
156,db868b3d-342c-4d03-9a79-64b27837b5e4,0.8782250881195068,0.9998416459282187,K
156,26c15497-867c-47e8-93ec-5595823a72bf,0.6453519463539124,0.9998416454005244,K
156,56e92d66-ea1b-4f2b-8ebb-21e9c1300ca4,0.6453519463539124,0.9998416446506433,K
156,6c372dbb-24da-4849-8193-316990d50ef3,0.6453519463539124,0.9998416444562296,K
156,6d371be9-6291-4691-ae7a-eaede59746de,0.6453519463539124,0.9998416457893518,K
156,919f56d4-1729-43af-8322-e1477b86d6c5,0.6453519463539124,0.999841644261816,K
156,b8497394-fb62-45b1-8984-6b4efe477636,0.6453519463539124,0.9998416448450569,K
156,bbf01234-6ced-4e3e-a097-db83ada51a61,0.6453519463539124,0.9998416450116971,K
156,e14793b8-7532-4ba5-b9a3-d19ee2cb21b3,0.6453519463539124,0.9998416455949382,K
156,fbeda479-a20d-43b0-a541-0d5f496f8c02,0.6453519463539124,0.9998416452061109,K
156,0972b605-8947-410f-bbe4-d0aec0bf97a0,0.5870772004127502,0.9998416450394706,K
156,363ca5cf-4c83-432e-9453-3c796a805dba,0.5870772004127502,0.9998416446784166,K
156,3d8a2635-a47b-4b1c-9cc5-730423e07e65,0.5870772004127502,0.9998416442895893,K
156,620349aa-de94-45c7-bea3-08ca78d848b7,0.5870772004127502,0.9998416452338842,K
156,869c5d2d-f919-41c0-8f97-bae23f58308b,0.5870772004127502,0.9998416448450569,K
156,94c44e21-2973-4a41-919d-43aa6841e0b8,0.5870772004127502,0.9998416456227115,K
156,bc50c81e-afec-40e2-b022-fd9739290eb8,0.5870772004127502,0.9998416457893518,K
156,dd330cbb-60bc-462f-8b2b-2af5e0018ef8,0.5870772004127502,0.9998416454282979,K
156,f7c061d5-3cbc-47b6-86c5-f9b899fc3c6c,0.5870772004127502,0.999841644484003,K
156,134bae78-7167-451e-afad-02b78c8da8ca,0.5510380268096924,0.9998416445950965,K
156,30d170b1-7064-4746-a63a-19d9572302e4,0.5510380268096924,0.999841645511618,K
156,83f19bd6-80ca-4441-a881-d2004183801b,0.5510380268096924,0.9998416447617368,K
156,a04243c7-d94e-474a-9d1d-5638006c00ed,0.5510380268096924,0.9998416449561505,K
156,b791b973-6da4-41ef-a269-b816891d6bb1,0.5510380268096924,0.9998416453172043,K
156,c765ef3b-e306-481d-a9d9-c4b51cabd483,0.5510380268096924,0.9998416451505641,K
156,d3a92ab7-7e9b-477c-81e7-8633e3d60814,0.5510380268096924,0.9998416443729095,K
156,dafbf493-fce5-4ff2-ac2a-86155d8a0fda,0.5510380268096924,0.9998416457060316,K
157,f9ec5e51-bc06-4de6-b40a-0ace8f9f72c2,0.6396136283874512,0.9990086962776002,K
157,cee3e923-5024-4766-b938-623e2b140d4b,0.5494903922080994,0.9946073135763556,K
158,1fe1c897-c028-4b10-b5a6-651e2383566d,0.9045434594154358,0.9992826103637457,K
158,245ede3c-39e2-44af-8de2-86dffd0ab5dd,0.9045434594154358,0.999282610141683,K
158,3019b128-926b-4d22-a66a-10d2768cf952,0.9045434594154358,0.9992826088648218,K
158,6e395e19-1736-4cc7-a1f6-cc4c8cc861f4,0.9045434594154358,0.9992826092256738,K
158,af9507d7-9513-40af-8985-7a14c802dd06,0.9045434594154358,0.9992826095865259,K
158,cacd0527-b32b-4f01-856c-c58a677a202e,0.9045434594154358,0.9992826099473779,K
158,d226615a-4a1c-4d70-af18-6253612f95f2,0.9045434594154358,0.9992826093922209,K
158,d9a788c5-317a-4545-9184-c4acaa54f6b9,0.9045434594154358,0.9992826097808308,K
158,e9d472d3-0248-4bdc-9368-d98c4b7fe1d5,0.9045434594154358,0.9992826090313689,K
158,190dad49-265d-4ca9-b319-59df31243126,0.5641753077507019,0.9989740538374444,K
158,3586b3d9-8cd0-425c-bfa4-12ede5ea224a,0.5641753077507019,0.9989740551139112,K
158,4a830eaf-f575-4ea4-af48-92b85718092c,0.5641753077507019,0.9989740540316894,K
158,4ddce2f4-2e7c-40ce-a358-ced95c9942cc,0.5641753077507019,0.9997800351124908,K
158,755481fd-b0ab-4de1-8832-7a29a42af347,0.5641753077507019,0.9989740549474155,K
158,88f6e161-d522-4c46-bb57-17edf3ea149d,0.5641753077507019,0.998974054586675,K
158,91f97e0f-c81f-415a-84d5-370c932bd526,0.5641753077507019,0.9989740547531706,K
158,a592b98a-452e-4389-b1fb-01ace97420f7,0.5641753077507019,0.9989740541981851,K
158,c83d9bce-ab60-4452-b79a-ccd638d43ee6,0.5641753077507019,0.99897405439243,K
158,2b8fbba4-7cd0-4572-ac24-33140a34b18a,0.5510950684547424,0.9992826089480954,K
158,31e14c3d-daa7-4837-b78a-7fb4ffb057a2,0.5510950684547424,0.9992826098641044,K
158,7e3c6771-57fe-431f-9369-c217f11e15c2,0.5510950684547424,0.9992826100306516,K
158,8ad97832-a2d1-45f0-88b6-a8dd64480c89,0.5510950684547424,0.9992826096697994,K
158,8c26928e-e3eb-4dd3-90be-d5b12363ac77,0.5510950684547424,0.9997800349458608,K
158,939d8fe1-dee2-4943-bc52-15e4184567e3,0.5510950684547424,0.9992826091146424,K
158,b3ca921c-c677-48fc-ae56-e0bee510c7cb,0.5510950684547424,0.9994542818194727,K
158,c95ea662-f133-4aa2-935b-c5d5e70d9a92,0.5510950684547424,0.9992826093089474,K
158,0972b605-8947-410f-bbe4-d0aec0bf97a0,0.5486348867416382,0.9996125907845596,K
158,363ca5cf-4c83-432e-9453-3c796a805dba,0.5486348867416382,0.9996125904235883,K
158,3d8a2635-a47b-4b1c-9cc5-730423e07e65,0.5486348867416382,0.999612590062617,K
158,620349aa-de94-45c7-bea3-08ca78d848b7,0.5486348867416382,0.9996125909789286,K
158,869c5d2d-f919-41c0-8f97-bae23f58308b,0.5486348867416382,0.9996125905901904,K
158,94c44e21-2973-4a41-919d-43aa6841e0b8,0.5486348867416382,0.9996125913398999,K
158,bc50c81e-afec-40e2-b022-fd9739290eb8,0.5486348867416382,0.999612591534269,K
158,dd330cbb-60bc-462f-8b2b-2af5e0018ef8,0.5486348867416382,0.9996125911455307,K
158,f7c061d5-3cbc-47b6-86c5-f9b899fc3c6c,0.5486348867416382,0.9996125902292192,K
158,26c15497-867c-47e8-93ec-5595823a72bf,0.5288690328598022,0.9996125911177637,K
158,56e92d66-ea1b-4f2b-8ebb-21e9c1300ca4,0.5288690328598022,0.9996125903958213,K
158,6c372dbb-24da-4849-8193-316990d50ef3,0.5288690328598022,0.9996125902292192,K
158,6d371be9-6291-4691-ae7a-eaede59746de,0.5288690328598022,0.9997800350014041,K
158,919f56d4-1729-43af-8322-e1477b86d6c5,0.5288690328598022,0.99961259003485,K
158,b8497394-fb62-45b1-8984-6b4efe477636,0.5288690328598022,0.9996125905901904,K
158,bbf01234-6ced-4e3e-a097-db83ada51a61,0.5288690328598022,0.9996125907845596,K
158,e14793b8-7532-4ba5-b9a3-d19ee2cb21b3,0.5288690328598022,0.9996125913121329,K
158,fbeda479-a20d-43b0-a541-0d5f496f8c02,0.5288690328598022,0.9996125909511616,K
159,0972b605-8947-410f-bbe4-d0aec0bf97a0,0.9085501432418823,0.9998178041830075,K
159,363ca5cf-4c83-432e-9453-3c796a805dba,0.9085501432418823,0.9998178037941895,K
159,3d8a2635-a47b-4b1c-9cc5-730423e07e65,0.9085501432418823,0.9998178033775987,K
159,620349aa-de94-45c7-bea3-08ca78d848b7,0.9085501432418823,0.9998178043774165,K
159,869c5d2d-f919-41c0-8f97-bae23f58308b,0.9085501432418823,0.9998178039885984,K
159,94c44e21-2973-4a41-919d-43aa6841e0b8,0.9085501432418823,0.9998178047662345,K
159,bc50c81e-afec-40e2-b022-fd9739290eb8,0.9085501432418823,0.9998178049606435,K
159,dd330cbb-60bc-462f-8b2b-2af5e0018ef8,0.9085501432418823,0.9998178045718256,K
159,f7c061d5-3cbc-47b6-86c5-f9b899fc3c6c,0.9085501432418823,0.9998178035720077,K
159,012e10e2-0da9-4b96-9678-d473f14e34ab,0.6350393295288086,0.9986069511668005,K
159,0e3547d9-8a0c-4125-a56f-bef69f65d994,0.6350393295288086,0.998606952026712,K
159,2df0b5c0-6614-4581-b95b-25a0facd11c3,0.6350393295288086,0.9986069522208856,K
159,51d28a25-239c-4048-891c-9b68f03c1a6a,0.6350393295288086,0.9986069515828867,K
159,b1c92968-f766-420f-9f2a-b35789a2dccc,0.6350393295288086,0.998606950972627,K
159,dc2b3638-3376-4382-8782-20ca023e8554,0.6350393295288086,0.9986069507784533,K
159,e3a4e850-c28e-47f7-be91-fb23ce2255aa,0.6350393295288086,0.9986069505565407,K
159,f184814c-0a82-401f-95c3-2db50d68e267,0.6350393295288086,0.9986069517770603,K
159,f22180e9-0fa4-4fb2-8fca-1282f28e8654,0.6350393295288086,0.9986069513609741,K
159,078d0e9f-afea-4d8c-a9ec-4b2cf9cff354,0.559798538684845,0.9994304525315476,K
159,1879f75f-58ac-4e30-8394-c044b73d32e5,0.559798538684845,0.9994304517264508,K
159,22236c00-4b51-4313-a985-7cf1e537969f,0.559798538684845,0.999430452337214,K
159,355072c6-35df-49d5-9bf7-e8f169b0e086,0.559798538684845,0.9994304527258813,K
159,6c5bcd57-8b0a-4adb-ab0d-f3a64a778d5d,0.559798538684845,0.9994304521428802,K
159,86d671c2-2ec3-44c7-8a65-1f2946a85d47,0.559798538684845,0.999430452920215,K
159,b7796aab-652a-456e-b287-f46ed9b79f3a,0.559798538684845,0.9994304519207845,K
159,ca772484-2412-4fdd-9a68-b726c4e2c143,0.559798538684845,0.9994304531145487,K
159,db868b3d-342c-4d03-9a79-64b27837b5e4,0.559798538684845,0.9994304533366444,K
159,f288bf66-fa18-4734-bb81-e0da8ef867ae,0.559798538684845,0.999597864489279,K
159,26c15497-867c-47e8-93ec-5595823a72bf,0.5529343485832214,0.9998178045440528,K
159,56e92d66-ea1b-4f2b-8ebb-21e9c1300ca4,0.5529343485832214,0.9998178037664167,K
159,6c372dbb-24da-4849-8193-316990d50ef3,0.5529343485832214,0.999817803544235,K
159,6d371be9-6291-4691-ae7a-eaede59746de,0.5529343485832214,0.9998178049328709,K
159,919f56d4-1729-43af-8322-e1477b86d6c5,0.5529343485832214,0.999817803349826,K
159,b8497394-fb62-45b1-8984-6b4efe477636,0.5529343485832214,0.9998178039608258,K
159,bbf01234-6ced-4e3e-a097-db83ada51a61,0.5529343485832214,0.9998178041552348,K
159,e14793b8-7532-4ba5-b9a3-d19ee2cb21b3,0.5529343485832214,0.9998178047384618,K
159,fbeda479-a20d-43b0-a541-0d5f496f8c02,0.5529343485832214,0.9998178043496437,K
159,f9ec5e51-bc06-4de6-b40a-0ace8f9f72c2,0.5286071300506592,0.9995978653500438,K
159,1fe1c897-c028-4b10-b5a6-651e2383566d,0.5213491916656494,0.999817805016189,K
159,245ede3c-39e2-44af-8de2-86dffd0ab5dd,0.5213491916656494,0.9998178047940073,K
159,3019b128-926b-4d22-a66a-10d2768cf952,0.5213491916656494,0.9998178034053714,K
159,6e395e19-1736-4cc7-a1f6-cc4c8cc861f4,0.5213491916656494,0.9998178038219622,K
159,af9507d7-9513-40af-8985-7a14c802dd06,0.5213491916656494,0.9998178042107803,K
159,cacd0527-b32b-4f01-856c-c58a677a202e,0.5213491916656494,0.9998178045995982,K
159,d226615a-4a1c-4d70-af18-6253612f95f2,0.5213491916656494,0.9998178040163712,K
159,d9a788c5-317a-4545-9184-c4acaa54f6b9,0.5213491916656494,0.9998178044051892,K
159,e9d472d3-0248-4bdc-9368-d98c4b7fe1d5,0.5213491916656494,0.9998178035997805,K
159,11881ce6-9779-4948-abc7-48ec00d23fca,0.5007662773132324,0.9991005304876583,K
159,3ada1724-89b3-4190-83d0-8b2217b7aa5a,0.5007662773132324,0.9989585875911259,K
159,732083b3-b561-48c0-b999-f7a6b164a08f,0.5007662773132324,0.9989585865921673,K
159,76bce893-5b05-4244-a6d8-f51a7d58f8f7,0.5007662773132324,0.9989585867864091,K
159,90786c9b-461d-4e4d-977f-ed0764206480,0.5007662773132324,0.9989585863701764,K
159,d1805529-6794-4f82-9eb4-2b3a9a4dfdef,0.5007662773132324,0.9989585869806511,K
159,dfef75de-8fb7-4f1d-acc3-38a52b773932,0.5007662773132324,0.9989585873968839,K
159,ea12cbd0-266d-47ee-9426-18e6b56939b5,0.5007662773132324,0.998958587174893,K
159,f9e10c27-fc2c-40af-9439-75cab4613420,0.5007662773132324,0.9989585877576189,K
160,26c15497-867c-47e8-93ec-5595823a72bf,0.9063560366630554,0.9997977179062266,K
160,56e92d66-ea1b-4f2b-8ebb-21e9c1300ca4,0.9063560366630554,0.9997977171841504,K
160,6c372dbb-24da-4849-8193-316990d50ef3,0.9063560366630554,0.9997977170175175,K
160,6d371be9-6291-4691-ae7a-eaede59746de,0.9063560366630554,0.9997977182672646,K
160,919f56d4-1729-43af-8322-e1477b86d6c5,0.9063560366630554,0.9997977168231124,K
160,b8497394-fb62-45b1-8984-6b4efe477636,0.9063560366630554,0.9997977173507834,K
160,bbf01234-6ced-4e3e-a097-db83ada51a61,0.9063560366630554,0.9997977175451885,K
160,e14793b8-7532-4ba5-b9a3-d19ee2cb21b3,0.9063560366630554,0.9997977181006317,K
160,fbeda479-a20d-43b0-a541-0d5f496f8c02,0.9063560366630554,0.9997977177118215,K
160,078d0e9f-afea-4d8c-a9ec-4b2cf9cff354,0.6108070611953735,0.999797717628505,K
160,1879f75f-58ac-4e30-8394-c044b73d32e5,0.6108070611953735,0.9997977169064288,K
160,22236c00-4b51-4313-a985-7cf1e537969f,0.6108070611953735,0.9997977174618721,K
160,355072c6-35df-49d5-9bf7-e8f169b0e086,0.6108070611953735,0.9997977177951379,K
160,6c5bcd57-8b0a-4adb-ab0d-f3a64a778d5d,0.6108070611953735,0.9997977172674669,K
160,86d671c2-2ec3-44c7-8a65-1f2946a85d47,0.6108070611953735,0.9997977179895431,K
160,b7796aab-652a-456e-b287-f46ed9b79f3a,0.6108070611953735,0.999797717100834,K
160,ca772484-2412-4fdd-9a68-b726c4e2c143,0.6108070611953735,0.9997977181839481,K
160,db868b3d-342c-4d03-9a79-64b27837b5e4,0.6108070611953735,0.9997977184061254,K
160,f288bf66-fa18-4734-bb81-e0da8ef867ae,0.6108070611953735,0.9997977167397959,K
160,0972b605-8947-410f-bbe4-d0aec0bf97a0,0.571755051612854,0.9997977175729607,K
160,363ca5cf-4c83-432e-9453-3c796a805dba,0.571755051612854,0.9997977172119226,K
160,3d8a2635-a47b-4b1c-9cc5-730423e07e65,0.571755051612854,0.9997977168508846,K
160,620349aa-de94-45c7-bea3-08ca78d848b7,0.571755051612854,0.9997977177395936,K
160,869c5d2d-f919-41c0-8f97-bae23f58308b,0.571755051612854,0.9997977173785556,K
160,94c44e21-2973-4a41-919d-43aa6841e0b8,0.571755051612854,0.9997977181284039,K
160,bc50c81e-afec-40e2-b022-fd9739290eb8,0.571755051612854,0.9997977182950368,K
160,dd330cbb-60bc-462f-8b2b-2af5e0018ef8,0.571755051612854,0.9997977179339987,K
160,f7c061d5-3cbc-47b6-86c5-f9b899fc3c6c,0.571755051612854,0.9997977170175175,K
160,134bae78-7167-451e-afad-02b78c8da8ca,0.5150877833366394,0.9992282695761071,K
160,30d170b1-7064-4746-a63a-19d9572302e4,0.5150877833366394,0.9992282704920664,K
160,83f19bd6-80ca-4441-a881-d2004183801b,0.5150877833366394,0.9992282697704016,K
160,a04243c7-d94e-474a-9d1d-5638006c00ed,0.5150877833366394,0.9997977174618721,K
160,b791b973-6da4-41ef-a269-b816891d6bb1,0.5150877833366394,0.9992282702977721,K
160,c765ef3b-e306-481d-a9d9-c4b51cabd483,0.5150877833366394,0.9992282701312339,K
160,d3a92ab7-7e9b-477c-81e7-8633e3d60814,0.5150877833366394,0.9992282694095691,K
160,dafbf493-fce5-4ff2-ac2a-86155d8a0fda,0.5150877833366394,0.9997977182117204,K
160,dd86d365-40e0-4ec5-aab4-90c12c920c53,0.5150877833366394,0.9992282692430311,K
160,190dad49-265d-4ca9-b319-59df31243126,0.5058408975601196,0.9996155427281999,K
160,3586b3d9-8cd0-425c-bfa4-12ede5ea224a,0.5058408975601196,0.9996155440054864,K
160,4a830eaf-f575-4ea4-af48-92b85718092c,0.5058408975601196,0.9996155429225695,K
160,4ddce2f4-2e7c-40ce-a358-ced95c9942cc,0.5058408975601196,0.9997977184061254,K
160,755481fd-b0ab-4de1-8832-7a29a42af347,0.5058408975601196,0.9996155438111166,K
160,88f6e161-d522-4c46-bb57-17edf3ea149d,0.5058408975601196,0.9996155434501444,K
160,91f97e0f-c81f-415a-84d5-370c932bd526,0.5058408975601196,0.9996155436445141,K
160,a592b98a-452e-4389-b1fb-01ace97420f7,0.5058408975601196,0.9996155430891721,K
160,c83d9bce-ab60-4452-b79a-ccd638d43ee6,0.5058408975601196,0.9997977174340998,K
161,11881ce6-9779-4948-abc7-48ec00d23fca,0.8924493193626404,0.9996164231399768,K
161,3ada1724-89b3-4190-83d0-8b2217b7aa5a,0.8924493193626404,0.9996164243894973,K
161,732083b3-b561-48c0-b999-f7a6b164a08f,0.8924493193626404,0.9996164234731822,K
161,76bce893-5b05-4244-a6d8-f51a7d58f8f7,0.8924493193626404,0.9996164236675521,K
161,90786c9b-461d-4e4d-977f-ed0764206480,0.8924493193626404,0.9996164233065795,K
161,d1805529-6794-4f82-9eb4-2b3a9a4dfdef,0.8924493193626404,0.9996164238341548,K
161,dfef75de-8fb7-4f1d-acc3-38a52b773932,0.8924493193626404,0.9996164241951274,K
161,ea12cbd0-266d-47ee-9426-18e6b56939b5,0.8924493193626404,0.9996164240285247,K
161,f9e10c27-fc2c-40af-9439-75cab4613420,0.8924493193626404,0.9996164245561,K
161,0972b605-8947-410f-bbe4-d0aec0bf97a0,0.5179146528244019,0.9998186884389282,K
161,2b27675e-7ca7-4534-9271-db0fba0f931f,0.5179146528244019,0.9998186875502004,K
161,363ca5cf-4c83-432e-9453-3c796a805dba,0.5179146528244019,0.9998186880778825,K
161,3d8a2635-a47b-4b1c-9cc5-730423e07e65,0.5179146528244019,0.9998186877168369,K
161,620349aa-de94-45c7-bea3-08ca78d848b7,0.5179146528244019,0.9998186886055647,K
161,869c5d2d-f919-41c0-8f97-bae23f58308b,0.5179146528244019,0.9998186882722917,K
161,94c44e21-2973-4a41-919d-43aa6841e0b8,0.5179146528244019,0.9998186889666103,K
161,bc50c81e-afec-40e2-b022-fd9739290eb8,0.5179146528244019,0.9998186891610195,K
161,dd330cbb-60bc-462f-8b2b-2af5e0018ef8,0.5179146528244019,0.9998186887999738,K
161,f7c061d5-3cbc-47b6-86c5-f9b899fc3c6c,0.5179146528244019,0.9998186879112461,K
162,2b8fbba4-7cd0-4572-ac24-33140a34b18a,0.890346109867096,0.9992705174518617,K
162,31e14c3d-daa7-4837-b78a-7fb4ffb057a2,0.890346109867096,0.9992705183678596,K
162,7e3c6771-57fe-431f-9369-c217f11e15c2,0.890346109867096,0.9992705185621622,K
162,8ad97832-a2d1-45f0-88b6-a8dd64480c89,0.890346109867096,0.9992705182013145,K
162,8c26928e-e3eb-4dd3-90be-d5b12363ac77,0.890346109867096,0.9998361550073904,K
162,939d8fe1-dee2-4943-bc52-15e4184567e3,0.890346109867096,0.9992705176461643,K
162,b3ca921c-c677-48fc-ae56-e0bee510c7cb,0.890346109867096,0.9992705172853166,K
162,c95ea662-f133-4aa2-935b-c5d5e70d9a92,0.890346109867096,0.9998361540631008,K
162,1fe1c897-c028-4b10-b5a6-651e2383566d,0.5835834741592407,0.9994526301671115,K
162,245ede3c-39e2-44af-8de2-86dffd0ab5dd,0.5835834741592407,0.9994526299172484,K
162,3019b128-926b-4d22-a66a-10d2768cf952,0.5835834741592407,0.9994526286401699,K
162,6d5be118-cdb0-4c55-97c1-3e53da49a4de,0.5835834741592407,0.9994526284458319,K
162,6e395e19-1736-4cc7-a1f6-cc4c8cc861f4,0.5835834741592407,0.9994526290010834,K
162,af9507d7-9513-40af-8985-7a14c802dd06,0.5835834741592407,0.9994526293619969,K
162,cacd0527-b32b-4f01-856c-c58a677a202e,0.5835834741592407,0.999452629750673,K
162,d226615a-4a1c-4d70-af18-6253612f95f2,0.5835834741592407,0.9994526291954214,K
162,d9a788c5-317a-4545-9184-c4acaa54f6b9,0.5835834741592407,0.9994526295563348,K
162,e9d472d3-0248-4bdc-9368-d98c4b7fe1d5,0.5835834741592407,0.999452628834508,K
162,2f180e2f-9208-44ea-8ba2-2a4b2b57e0f1,0.5549933314323425,0.9985536394058219,K
162,461ca34a-8299-40ed-93aa-6fec635580a6,0.5549933314323425,0.9985536405708011,K
162,64a40544-da83-4141-8f49-0f700719d520,0.5549933314323425,0.9985536390174955,K
162,af2be6aa-378f-4aca-b542-bba94f7f84d4,0.5549933314323425,0.9985536401547371,K
162,b0680986-d9bd-42cb-b6de-f75146f1fe33,0.5549933314323425,0.9985536403489003,K
162,b153ca39-3aa7-4a3c-88f6-3ba8434bae42,0.5549933314323425,0.9985536392116586,K
162,b2a083e9-f284-46b0-8812-deea53b56145,0.5549933314323425,0.9985536388233323,K
162,d7a540ee-540f-48c5-b8a0-fd7efab16139,0.5549933314323425,0.9985536395999851,K
162,0972b605-8947-410f-bbe4-d0aec0bf97a0,0.5206599235534668,0.9998361543130598,K
162,2b27675e-7ca7-4534-9271-db0fba0f931f,0.5206599235534668,0.9998361534243165,K
162,363ca5cf-4c83-432e-9453-3c796a805dba,0.5206599235534668,0.9998361539520079,K
162,3d8a2635-a47b-4b1c-9cc5-730423e07e65,0.5206599235534668,0.9998361535909559,K
162,620349aa-de94-45c7-bea3-08ca78d848b7,0.5206599235534668,0.9998361545074724,K
162,869c5d2d-f919-41c0-8f97-bae23f58308b,0.5206599235534668,0.9998361541464205,K
162,94c44e21-2973-4a41-919d-43aa6841e0b8,0.5206599235534668,0.9998361548962975,K
162,bc50c81e-afec-40e2-b022-fd9739290eb8,0.5206599235534668,0.9998361550629369,K
162,dd330cbb-60bc-462f-8b2b-2af5e0018ef8,0.5206599235534668,0.999836154701885,K
162,f7c061d5-3cbc-47b6-86c5-f9b899fc3c6c,0.5206599235534668,0.9998361537853685,K
162,0d2d7329-5a56-4cf4-9725-e321651b8f15,0.5174322128295898,0.9998361533965433,K
162,26c15497-867c-47e8-93ec-5595823a72bf,0.5174322128295898,0.9996548611019153,K
162,56e92d66-ea1b-4f2b-8ebb-21e9c1300ca4,0.5174322128295898,0.9996548603799422,K
162,6c372dbb-24da-4849-8193-316990d50ef3,0.5174322128295898,0.9996548601855649,K
162,6d371be9-6291-4691-ae7a-eaede59746de,0.5174322128295898,0.9998361550351637,K
162,919f56d4-1729-43af-8322-e1477b86d6c5,0.5174322128295898,0.9996548599911876,K
162,b8497394-fb62-45b1-8984-6b4efe477636,0.5174322128295898,0.9998361541186472,K
162,bbf01234-6ced-4e3e-a097-db83ada51a61,0.5174322128295898,0.9996548607409288,K
162,e14793b8-7532-4ba5-b9a3-d19ee2cb21b3,0.5174322128295898,0.9996548612962926,K
162,fbeda479-a20d-43b0-a541-0d5f496f8c02,0.5174322128295898,0.9996548609075379,K
163,134bae78-7167-451e-afad-02b78c8da8ca,0.8686729669570923,0.9994647570991705,K
163,30d170b1-7064-4746-a63a-19d9572302e4,0.8686729669570923,0.9994647580153466,K
163,83f19bd6-80ca-4441-a881-d2004183801b,0.8686729669570923,0.9994647572935109,K
163,a04243c7-d94e-474a-9d1d-5638006c00ed,0.8686729669570923,0.9998098467480885,K
163,b791b973-6da4-41ef-a269-b816891d6bb1,0.8686729669570923,0.9994647578487691,K
163,c765ef3b-e306-481d-a9d9-c4b51cabd483,0.8686729669570923,0.9994647576544288,K
163,d3a92ab7-7e9b-477c-81e7-8633e3d60814,0.8686729669570923,0.9994647569325931,K
163,dafbf493-fce5-4ff2-ac2a-86155d8a0fda,0.8686729669570923,0.9998098474701733,K
163,dd86d365-40e0-4ec5-aab4-90c12c920c53,0.8686729669570923,0.9994647567382527,K
163,078d0e9f-afea-4d8c-a9ec-4b2cf9cff354,0.5548982620239258,0.9994647576266659,K
163,1879f75f-58ac-4e30-8394-c044b73d32e5,0.5548982620239258,0.9994647569048302,K
163,22236c00-4b51-4313-a985-7cf1e537969f,0.5548982620239258,0.9994647574600883,K
163,355072c6-35df-49d5-9bf7-e8f169b0e086,0.5548982620239258,0.9994647578210062,K
163,6c5bcd57-8b0a-4adb-ab0d-f3a64a778d5d,0.5548982620239258,0.999464757265748,K
163,86d671c2-2ec3-44c7-8a65-1f2946a85d47,0.5548982620239258,0.9994647579875836,K
163,b7796aab-652a-456e-b287-f46ed9b79f3a,0.5548982620239258,0.9994647570991705,K
163,ca772484-2412-4fdd-9a68-b726c4e2c143,0.5548982620239258,0.999464758181924,K
163,db868b3d-342c-4d03-9a79-64b27837b5e4,0.5548982620239258,0.9994647584040273,K
163,f288bf66-fa18-4734-bb81-e0da8ef867ae,0.5548982620239258,0.9994647567104898,K
163,0d2d7329-5a56-4cf4-9725-e321651b8f15,0.536957323551178,0.9998098458871411,K
163,26c15497-867c-47e8-93ec-5595823a72bf,0.536957323551178,0.9998098471646759,K
163,56e92d66-ea1b-4f2b-8ebb-21e9c1300ca4,0.536957323551178,0.999809846442591,K
163,6c372dbb-24da-4849-8193-316990d50ef3,0.536957323551178,0.999809846275956,K
163,6d371be9-6291-4691-ae7a-eaede59746de,0.536957323551178,0.9998098475257183,K
163,919f56d4-1729-43af-8322-e1477b86d6c5,0.536957323551178,0.9998098460537761,K
163,b8497394-fb62-45b1-8984-6b4efe477636,0.536957323551178,0.999809846609226,K
163,bbf01234-6ced-4e3e-a097-db83ada51a61,0.536957323551178,0.9998098468036335,K
163,e14793b8-7532-4ba5-b9a3-d19ee2cb21b3,0.536957323551178,0.9998098473313108,K
163,fbeda479-a20d-43b0-a541-0d5f496f8c02,0.536957323551178,0.999809846998041,K
163,0972b605-8947-410f-bbe4-d0aec0bf97a0,0.5355179905891418,0.999809846831406,K
163,2b27675e-7ca7-4534-9271-db0fba0f931f,0.5355179905891418,0.9998098459149136,K
163,363ca5cf-4c83-432e-9453-3c796a805dba,0.5355179905891418,0.9998098464703635,K
163,3d8a2635-a47b-4b1c-9cc5-730423e07e65,0.5355179905891418,0.9998098461093211,K
163,620349aa-de94-45c7-bea3-08ca78d848b7,0.5355179905891418,0.999809846998041,K
163,869c5d2d-f919-41c0-8f97-bae23f58308b,0.5355179905891418,0.9998098466369985,K
163,94c44e21-2973-4a41-919d-43aa6841e0b8,0.5355179905891418,0.9998098473590834,K
163,bc50c81e-afec-40e2-b022-fd9739290eb8,0.5355179905891418,0.9998098475534909,K
163,dd330cbb-60bc-462f-8b2b-2af5e0018ef8,0.5355179905891418,0.9998098471924484,K
163,f7c061d5-3cbc-47b6-86c5-f9b899fc3c6c,0.5355179905891418,0.999809846275956,K
165,078d0e9f-afea-4d8c-a9ec-4b2cf9cff354,0.5033813714981079,0.9996523287294459,K
165,1879f75f-58ac-4e30-8394-c044b73d32e5,0.5033813714981079,0.9996523279797067,K
165,22236c00-4b51-4313-a985-7cf1e537969f,0.5033813714981079,0.999652328535069,K
165,355072c6-35df-49d5-9bf7-e8f169b0e086,0.5033813714981079,0.9996523289238227,K
165,6c5bcd57-8b0a-4adb-ab0d-f3a64a778d5d,0.5033813714981079,0.9996523283406922,K
165,86d671c2-2ec3-44c7-8a65-1f2946a85d47,0.5033813714981079,0.9996523291181996,K
165,b7796aab-652a-456e-b287-f46ed9b79f3a,0.5033813714981079,0.9996523281463153,K
165,ca772484-2412-4fdd-9a68-b726c4e2c143,0.5033813714981079,0.9996523292848083,K
165,db868b3d-342c-4d03-9a79-64b27837b5e4,0.5033813714981079,0.9996523295347214,K
165,f288bf66-fa18-4734-bb81-e0da8ef867ae,0.5033813714981079,0.9996523277853299,K
166,190dad49-265d-4ca9-b319-59df31243126,0.56034916639328,0.9989621227175804,K
166,3586b3d9-8cd0-425c-bfa4-12ede5ea224a,0.56034916639328,0.998962123966283,K
166,4a830eaf-f575-4ea4-af48-92b85718092c,0.56034916639328,0.9989621228840742,K
166,4ddce2f4-2e7c-40ce-a358-ced95c9942cc,0.56034916639328,0.9998447418315749,K
166,755481fd-b0ab-4de1-8832-7a29a42af347,0.56034916639328,0.9989621237997894,K
166,88f6e161-d522-4c46-bb57-17edf3ea149d,0.56034916639328,0.9989621234390531,K
166,91f97e0f-c81f-415a-84d5-370c932bd526,0.56034916639328,0.9989621236332957,K
166,a592b98a-452e-4389-b1fb-01ace97420f7,0.56034916639328,0.9989621230783168,K
166,c83d9bce-ab60-4452-b79a-ccd638d43ee6,0.56034916639328,0.9998447408595036,K
166,4479ff71-3228-4f83-8bd6-067897312039,0.5027939677238464,0.9860110497712148,K
166,4b20c2c1-a8b0-4652-afab-c7dff3741d8f,0.5027939677238464,0.9860110495794905,K
166,5b52c0b8-cbfc-4ebc-a1fd-6a41046e5799,0.5027939677238464,0.9860110491686525,K
166,83a9115f-e99f-4072-906d-5d696a18fe6c,0.5027939677238464,0.9860110501546635,K
166,c9177183-413b-4ef8-a575-a3ec163c4386,0.5027939677238464,0.9860110499629392,K
166,fd680909-3b1e-40f7-b51b-fdda45f5ff86,0.5027939677238464,0.9860110503463879,K
167,1fe1c897-c028-4b10-b5a6-651e2383566d,0.5274697542190552,0.9991395325257499,K
167,245ede3c-39e2-44af-8de2-86dffd0ab5dd,0.5274697542190552,0.9991395323314728,K
167,3019b128-926b-4d22-a66a-10d2768cf952,0.5274697542190552,0.9991395311103023,K
167,6d5be118-cdb0-4c55-97c1-3e53da49a4de,0.5274697542190552,0.9991395309160251,K
167,6e395e19-1736-4cc7-a1f6-cc4c8cc861f4,0.5274697542190552,0.9991395314433488,K
167,af9507d7-9513-40af-8985-7a14c802dd06,0.5274697542190552,0.9991395318041492,K
167,cacd0527-b32b-4f01-856c-c58a677a202e,0.5274697542190552,0.9991395321371958,K
167,d226615a-4a1c-4d70-af18-6253612f95f2,0.5274697542190552,0.9991395316376259,K
167,d9a788c5-317a-4545-9184-c4acaa54f6b9,0.5274697542190552,0.9991395319706725,K
167,e9d472d3-0248-4bdc-9368-d98c4b7fe1d5,0.5274697542190552,0.9991395312768255,K
167,6be1425f-0d8e-49d9-8da7-06feb39cec35,0.5194922089576721,0.9998323883261842,K
168,0972b605-8947-410f-bbe4-d0aec0bf97a0,0.6069525480270386,0.9991725773641631,K
168,2b27675e-7ca7-4534-9271-db0fba0f931f,0.6069525480270386,0.999172576448255,K
168,363ca5cf-4c83-432e-9453-3c796a805dba,0.6069525480270386,0.9991725770033508,K
168,3d8a2635-a47b-4b1c-9cc5-730423e07e65,0.6069525480270386,0.9991725766425386,K
168,620349aa-de94-45c7-bea3-08ca78d848b7,0.6069525480270386,0.9991725775306919,K
168,869c5d2d-f919-41c0-8f97-bae23f58308b,0.6069525480270386,0.9991725771976344,K
168,94c44e21-2973-4a41-919d-43aa6841e0b8,0.6069525480270386,0.9991725778915043,K
168,bc50c81e-afec-40e2-b022-fd9739290eb8,0.6069525480270386,0.999172578058033,K
168,dd330cbb-60bc-462f-8b2b-2af5e0018ef8,0.6069525480270386,0.9991725776972207,K
168,f7c061d5-3cbc-47b6-86c5-f9b899fc3c6c,0.6069525480270386,0.999172576836822,K
168,012e10e2-0da9-4b96-9678-d473f14e34ab,0.5751376152038574,0.9984357393719129,K
168,0e3547d9-8a0c-4125-a56f-bef69f65d994,0.5751376152038574,0.998435740148474,K
168,2df0b5c0-6614-4581-b95b-25a0facd11c3,0.5751376152038574,0.9984357403426143,K
168,51d28a25-239c-4048-891c-9b68f03c1a6a,0.5751376152038574,0.9984357397601935,K
168,b1c92968-f766-420f-9f2a-b35789a2dccc,0.5751376152038574,0.998435739205507,K
168,dc2b3638-3376-4382-8782-20ca023e8554,0.5751376152038574,0.9984357390113666,K
168,e3a4e850-c28e-47f7-be91-fb23ce2255aa,0.5751376152038574,0.9984357388172264,K
168,f184814c-0a82-401f-95c3-2db50d68e267,0.5751376152038574,0.9984357399543338,K
168,f22180e9-0fa4-4fb2-8fca-1282f28e8654,0.5751376152038574,0.9984357395660531,K
168,11881ce6-9779-4948-abc7-48ec00d23fca,0.562648355960846,0.9988188718871017,K
168,3ada1724-89b3-4190-83d0-8b2217b7aa5a,0.562648355960846,0.9988188731078803,K
168,50ccfda5-6952-4a30-a8ea-1fcdd59de8d2,0.562648355960846,0.9989825662981208,K
168,732083b3-b561-48c0-b999-f7a6b164a08f,0.562648355960846,0.9988188722477863,K
168,76bce893-5b05-4244-a6d8-f51a7d58f8f7,0.562648355960846,0.9988188724142562,K
168,90786c9b-461d-4e4d-977f-ed0764206480,0.562648355960846,0.9988188720535716,K
168,d1805529-6794-4f82-9eb4-2b3a9a4dfdef,0.562648355960846,0.998818872580726,K
168,dfef75de-8fb7-4f1d-acc3-38a52b773932,0.562648355960846,0.9988188729414106,K
168,ea12cbd0-266d-47ee-9426-18e6b56939b5,0.562648355960846,0.9988188727749407,K
168,f9e10c27-fc2c-40af-9439-75cab4613420,0.562648355960846,0.9988188732743501,K
170,b9eea203-3e4e-47c2-b910-60d0efd427e6,0.585567057132721,0.9998498227777282,K
170,11881ce6-9779-4948-abc7-48ec00d23fca,0.5329124331474304,0.9996733110966669,K
170,3ada1724-89b3-4190-83d0-8b2217b7aa5a,0.5329124331474304,0.9996733124573334,K
170,50ccfda5-6952-4a30-a8ea-1fcdd59de8d2,0.5329124331474304,0.999673310902286,K
170,732083b3-b561-48c0-b999-f7a6b164a08f,0.5329124331474304,0.9996733114854287,K
170,76bce893-5b05-4244-a6d8-f51a7d58f8f7,0.5329124331474304,0.9996733116798097,K
170,90786c9b-461d-4e4d-977f-ed0764206480,0.5329124331474304,0.9996733112910478,K
170,d1805529-6794-4f82-9eb4-2b3a9a4dfdef,0.5329124331474304,0.9996733118464218,K
170,dfef75de-8fb7-4f1d-acc3-38a52b773932,0.5329124331474304,0.9996733122629524,K
170,ea12cbd0-266d-47ee-9426-18e6b56939b5,0.5329124331474304,0.9996733120408028,K
170,f9e10c27-fc2c-40af-9439-75cab4613420,0.5329124331474304,0.9996733126517142,K
171,2b8fbba4-7cd0-4572-ac24-33140a34b18a,0.632205605506897,0.9984990126932742,K
171,31e14c3d-daa7-4837-b78a-7fb4ffb057a2,0.632205605506897,0.9984990135808289,K
171,3b095291-aa18-45fd-a1d9-65040f08d245,0.632205605506897,0.9998426194689486,K
171,7e3c6771-57fe-431f-9369-c217f11e15c2,0.632205605506897,0.9984990137749815,K
171,8ad97832-a2d1-45f0-88b6-a8dd64480c89,0.632205605506897,0.9984990134144124,K
171,8c26928e-e3eb-4dd3-90be-d5b12363ac77,0.632205605506897,0.9998426210798061,K
171,939d8fe1-dee2-4943-bc52-15e4184567e3,0.632205605506897,0.9984990128874268,K
171,b3ca921c-c677-48fc-ae56-e0bee510c7cb,0.632205605506897,0.9984990125268577,K
171,c95ea662-f133-4aa2-935b-c5d5e70d9a92,0.632205605506897,0.9998426201632837,K
171,2f180e2f-9208-44ea-8ba2-2a4b2b57e0f1,0.554619550704956,0.9984990147734805,K
171,461ca34a-8299-40ed-93aa-6fec635580a6,0.554619550704956,0.9984990157165073,K
171,64a40544-da83-4141-8f49-0f700719d520,0.554619550704956,0.9984990144129113,K
171,af2be6aa-378f-4aca-b542-bba94f7f84d4,0.554619550704956,0.9984990153559382,K
171,b0680986-d9bd-42cb-b6de-f75146f1fe33,0.554619550704956,0.9984990155223548,K
171,b153ca39-3aa7-4a3c-88f6-3ba8434bae42,0.554619550704956,0.998499014607064,K
171,b2a083e9-f284-46b0-8812-deea53b56145,0.554619550704956,0.9984990142187588,K
171,d7a540ee-540f-48c5-b8a0-fd7efab16139,0.554619550704956,0.998499014967633,K
172,ead5ace4-ed3a-4a34-b447-0e4c79b784c5,0.5034958124160767,0.9998405832082073,K
172,b9eea203-3e4e-47c2-b910-60d0efd427e6,0.5031293630599976,0.9996832163532052,K
173,6be1425f-0d8e-49d9-8da7-06feb39cec35,0.8553555011749268,0.9990435443622271,K
173,ead5ace4-ed3a-4a34-b447-0e4c79b784c5,0.5054351687431335,0.9998438134483896,K
173,078d0e9f-afea-4d8c-a9ec-4b2cf9cff354,0.5033813714981079,0.9987209833343704,K
173,1879f75f-58ac-4e30-8394-c044b73d32e5,0.5033813714981079,0.9987209826408142,K
173,22236c00-4b51-4313-a985-7cf1e537969f,0.5033813714981079,0.9987209831679169,K
173,355072c6-35df-49d5-9bf7-e8f169b0e086,0.5033813714981079,0.9987209835008239,K
173,6c5bcd57-8b0a-4adb-ab0d-f3a64a778d5d,0.5033813714981079,0.9987209829737212,K
173,86d671c2-2ec3-44c7-8a65-1f2946a85d47,0.5033813714981079,0.9987209836950197,K
173,b7796aab-652a-456e-b287-f46ed9b79f3a,0.5033813714981079,0.9987209828072677,K
173,ca772484-2412-4fdd-9a68-b726c4e2c143,0.5033813714981079,0.9987209838614732,K
173,db868b3d-342c-4d03-9a79-64b27837b5e4,0.5033813714981079,0.9987209840834111,K
173,f288bf66-fa18-4734-bb81-e0da8ef867ae,0.5033813714981079,0.9987209824466184,K
174,43474132-c7f4-46c1-8d60-3a1292b9c4ce,0.9195806980133057,0.998875682824257,K
174,190dad49-265d-4ca9-b319-59df31243126,0.56034916639328,0.9987082465604338,K
174,3586b3d9-8cd0-425c-bfa4-12ede5ea224a,0.56034916639328,0.9987082478920447,K
174,4a830eaf-f575-4ea4-af48-92b85718092c,0.56034916639328,0.998708246754627,K
174,4ddce2f4-2e7c-40ce-a358-ced95c9942cc,0.56034916639328,0.999831992698141,K
174,755481fd-b0ab-4de1-8832-7a29a42af347,0.56034916639328,0.9987082476978515,K
174,88f6e161-d522-4c46-bb57-17edf3ea149d,0.56034916639328,0.9987082473372069,K
174,91f97e0f-c81f-415a-84d5-370c932bd526,0.56034916639328,0.9987082475036582,K
174,a592b98a-452e-4389-b1fb-01ace97420f7,0.56034916639328,0.9987082469488203,K
174,c83d9bce-ab60-4452-b79a-ccd638d43ee6,0.56034916639328,0.9998319917260822,K
174,4479ff71-3228-4f83-8bd6-067897312039,0.5027939677238464,0.9987082493623652,K
174,4b20c2c1-a8b0-4652-afab-c7dff3741d8f,0.5027939677238464,0.9987082491681719,K
174,5b52c0b8-cbfc-4ebc-a1fd-6a41046e5799,0.5027939677238464,0.9987082487520436,K
174,83a9115f-e99f-4072-906d-5d696a18fe6c,0.5027939677238464,0.9987082498062355,K
174,c9177183-413b-4ef8-a575-a3ec163c4386,0.5027939677238464,0.9987082495565585,K
174,fd680909-3b1e-40f7-b51b-fdda45f5ff86,0.5027939677238464,0.9987082500281708,K
175,3d750569-0f27-4b8d-a68c-5868dd657993,0.8692435026168823,0.9988627296548688,K
175,1fe1c897-c028-4b10-b5a6-651e2383566d,0.5274697542190552,0.9987058109359256,K
175,245ede3c-39e2-44af-8de2-86dffd0ab5dd,0.5274697542190552,0.9987058107417327,K
175,3019b128-926b-4d22-a66a-10d2768cf952,0.5274697542190552,0.9987058094656086,K
175,6d5be118-cdb0-4c55-97c1-3e53da49a4de,0.5274697542190552,0.9987058092714158,K
175,6e395e19-1736-4cc7-a1f6-cc4c8cc861f4,0.5274697542190552,0.9987058098262525,K
175,af9507d7-9513-40af-8985-7a14c802dd06,0.5274697542190552,0.9987058101868962,K
175,cacd0527-b32b-4f01-856c-c58a677a202e,0.5274697542190552,0.9987058105475399,K
175,d226615a-4a1c-4d70-af18-6253612f95f2,0.5274697542190552,0.9987058099927034,K
175,d9a788c5-317a-4545-9184-c4acaa54f6b9,0.5274697542190552,0.998705810381089,K
175,e9d472d3-0248-4bdc-9368-d98c4b7fe1d5,0.5274697542190552,0.9987058096320596,K
175,6be1425f-0d8e-49d9-8da7-06feb39cec35,0.5194922089576721,0.9996619543725254,K
175,7c8b74d1-e1e8-499a-a2cb-2cdc2523705e,0.5194922089576721,0.9998299577366025,K
175,43474132-c7f4-46c1-8d60-3a1292b9c4ce,0.5055779218673706,0.9998299579310139,K
176,b9eea203-3e4e-47c2-b910-60d0efd427e6,0.8727255463600159,0.9993338348199489,K
176,ead5ace4-ed3a-4a34-b447-0e4c79b784c5,0.6122223138809204,0.9994899545063375,K
176,0972b605-8947-410f-bbe4-d0aec0bf97a0,0.6069525480270386,0.9986908684668504,K
176,2b27675e-7ca7-4534-9271-db0fba0f931f,0.6069525480270386,0.9986908675791253,K
176,363ca5cf-4c83-432e-9453-3c796a805dba,0.6069525480270386,0.9986908681062121,K
176,3d8a2635-a47b-4b1c-9cc5-730423e07e65,0.6069525480270386,0.9986908677733152,K
176,620349aa-de94-45c7-bea3-08ca78d848b7,0.6069525480270386,0.9986908686332989,K
176,869c5d2d-f919-41c0-8f97-bae23f58308b,0.6069525480270386,0.998690868300402,K
176,94c44e21-2973-4a41-919d-43aa6841e0b8,0.6069525480270386,0.9986908689939373,K
176,bc50c81e-afec-40e2-b022-fd9739290eb8,0.6069525480270386,0.9986908691881272,K
176,dd330cbb-60bc-462f-8b2b-2af5e0018ef8,0.6069525480270386,0.9986908688274888,K
176,f7c061d5-3cbc-47b6-86c5-f9b899fc3c6c,0.6069525480270386,0.9986908679397636,K
176,012e10e2-0da9-4b96-9678-d473f14e34ab,0.5751376152038574,0.9986908699926281,K
176,0e3547d9-8a0c-4125-a56f-bef69f65d994,0.5751376152038574,0.9986908707971291,K
176,2df0b5c0-6614-4581-b95b-25a0facd11c3,0.5751376152038574,0.9986908709635777,K
176,51d28a25-239c-4048-891c-9b68f03c1a6a,0.5751376152038574,0.9986908703810079,K
176,b1c92968-f766-420f-9f2a-b35789a2dccc,0.5751376152038574,0.9986908697984382,K
176,dc2b3638-3376-4382-8782-20ca023e8554,0.5751376152038574,0.9986908696319898,K
176,e3a4e850-c28e-47f7-be91-fb23ce2255aa,0.5751376152038574,0.9986908694377999,K
176,f184814c-0a82-401f-95c3-2db50d68e267,0.5751376152038574,0.9986908706029393,K
176,f22180e9-0fa4-4fb2-8fca-1282f28e8654,0.5751376152038574,0.9986908701590766,K
176,11881ce6-9779-4948-abc7-48ec00d23fca,0.562648355960846,0.9990172509089441,K
176,3ada1724-89b3-4190-83d0-8b2217b7aa5a,0.562648355960846,0.9990172521577156,K
176,50ccfda5-6952-4a30-a8ea-1fcdd59de8d2,0.562648355960846,0.9990172507424412,K
176,732083b3-b561-48c0-b999-f7a6b164a08f,0.562648355960846,0.9990172512697003,K
176,76bce893-5b05-4244-a6d8-f51a7d58f8f7,0.562648355960846,0.9990172514362032,K
176,90786c9b-461d-4e4d-977f-ed0764206480,0.562648355960846,0.999017251075447,K
176,d1805529-6794-4f82-9eb4-2b3a9a4dfdef,0.562648355960846,0.999017251602706,K
176,dfef75de-8fb7-4f1d-acc3-38a52b773932,0.562648355960846,0.9990172519634624,K
176,ea12cbd0-266d-47ee-9426-18e6b56939b5,0.562648355960846,0.9990172517969594,K
176,f9e10c27-fc2c-40af-9439-75cab4613420,0.562648355960846,0.9990172523242186,K
177,1fc7f1ed-40c1-43fa-b3d2-761ec17fc964,0.8692226409912109,0.9988263418316727,K
178,ead5ace4-ed3a-4a34-b447-0e4c79b784c5,0.8970963954925537,0.9996528430507013,K
178,66f6827d-f1b6-4e45-817e-6c5143083aa0,0.585567057132721,0.9998439166267218,K
178,b9eea203-3e4e-47c2-b910-60d0efd427e6,0.585567057132721,0.9996528431062376,K
178,11881ce6-9779-4948-abc7-48ec00d23fca,0.5329124331474304,0.9996528434394553,K
178,3ada1724-89b3-4190-83d0-8b2217b7aa5a,0.5329124331474304,0.9996528447723257,K
178,50ccfda5-6952-4a30-a8ea-1fcdd59de8d2,0.5329124331474304,0.9996528432728464,K
178,732083b3-b561-48c0-b999-f7a6b164a08f,0.5329124331474304,0.9996528438837454,K
178,76bce893-5b05-4244-a6d8-f51a7d58f8f7,0.5329124331474304,0.9996528440503542,K
178,90786c9b-461d-4e4d-977f-ed0764206480,0.5329124331474304,0.9996528436893685,K
178,d1805529-6794-4f82-9eb4-2b3a9a4dfdef,0.5329124331474304,0.999652844216963,K
178,dfef75de-8fb7-4f1d-acc3-38a52b773932,0.5329124331474304,0.9996528445779488,K
178,ea12cbd0-266d-47ee-9426-18e6b56939b5,0.5329124331474304,0.99965284441134,K
178,f9e10c27-fc2c-40af-9439-75cab4613420,0.5329124331474304,0.9996528449389345,K
179,ffa4cc38-cc4d-4582-adb4-15e68e6706d0,0.8880940079689026,0.9988151309567475,K
179,2b8fbba4-7cd0-4572-ac24-33140a34b18a,0.632205605506897,0.9986558920122807,K
179,31e14c3d-daa7-4837-b78a-7fb4ffb057a2,0.632205605506897,0.9986558928999748,K
179,3b095291-aa18-45fd-a1d9-65040f08d245,0.632205605506897,0.9998280732533196,K
179,7e3c6771-57fe-431f-9369-c217f11e15c2,0.632205605506897,0.9986558930941579,K
179,8ad97832-a2d1-45f0-88b6-a8dd64480c89,0.632205605506897,0.9986558927335322,K
179,8c26928e-e3eb-4dd3-90be-d5b12363ac77,0.632205605506897,0.9998280748363807,K
179,939d8fe1-dee2-4943-bc52-15e4184567e3,0.632205605506897,0.9986558922064638,K
179,b3ca921c-c677-48fc-ae56-e0bee510c7cb,0.632205605506897,0.998655891845838,K
179,c95ea662-f133-4aa2-935b-c5d5e70d9a92,0.632205605506897,0.9998280739476446,K
179,2f180e2f-9208-44ea-8ba2-2a4b2b57e0f1,0.554619550704956,0.9986558940650734,K
179,461ca34a-8299-40ed-93aa-6fec635580a6,0.554619550704956,0.9986558950082484,K
179,64a40544-da83-4141-8f49-0f700719d520,0.554619550704956,0.9986558937044476,K
179,af2be6aa-378f-4aca-b542-bba94f7f84d4,0.554619550704956,0.9986558946198821,K
179,b0680986-d9bd-42cb-b6de-f75146f1fe33,0.554619550704956,0.9986558948418057,K
179,b153ca39-3aa7-4a3c-88f6-3ba8434bae42,0.554619550704956,0.9986558938986307,K
179,b2a083e9-f284-46b0-8812-deea53b56145,0.554619550704956,0.998655893538005,K
179,d7a540ee-540f-48c5-b8a0-fd7efab16139,0.554619550704956,0.998655894231516,K
180,5cb81d42-d7d3-4490-a5d9-fd5d7b770e38,0.8307068943977356,0.9988072336619214,K
180,7a11b331-545a-406e-b387-0e01995eb4f3,0.5034958124160767,0.9998359067425494,K
180,ead5ace4-ed3a-4a34-b447-0e4c79b784c5,0.5034958124160767,0.9996639964896052,K
180,66f6827d-f1b6-4e45-817e-6c5143083aa0,0.5031293630599976,0.9996639963229945,K
180,b9eea203-3e4e-47c2-b910-60d0efd427e6,0.5031293630599976,0.9996639965173737,K
181,6be1425f-0d8e-49d9-8da7-06feb39cec35,0.8553555011749268,0.9989805642003167,K
181,7c8b74d1-e1e8-499a-a2cb-2cdc2523705e,0.8553555011749268,0.9989805640060704,K
181,7a11b331-545a-406e-b387-0e01995eb4f3,0.5054351687431335,0.9998354341257826,K
181,ead5ace4-ed3a-4a34-b447-0e4c79b784c5,0.5054351687431335,0.9998354343201951,K
181,078d0e9f-afea-4d8c-a9ec-4b2cf9cff354,0.5033813714981079,0.9986428513436426,K
181,1879f75f-58ac-4e30-8394-c044b73d32e5,0.5033813714981079,0.9986428506224005,K
181,22236c00-4b51-4313-a985-7cf1e537969f,0.5033813714981079,0.9986428511772022,K
181,355072c6-35df-49d5-9bf7-e8f169b0e086,0.5033813714981079,0.9986428515378232,K
181,6c5bcd57-8b0a-4adb-ab0d-f3a64a778d5d,0.5033813714981079,0.9986428509830216,K
181,86d671c2-2ec3-44c7-8a65-1f2946a85d47,0.5033813714981079,0.9986428517042637,K
181,b7796aab-652a-456e-b287-f46ed9b79f3a,0.5033813714981079,0.9986428508165811,K
181,ca772484-2412-4fdd-9a68-b726c4e2c143,0.5033813714981079,0.9986428518984443,K
181,db868b3d-342c-4d03-9a79-64b27837b5e4,0.5033813714981079,0.9986428521203649,K
181,f288bf66-fa18-4734-bb81-e0da8ef867ae,0.5033813714981079,0.9986428504559601,K
182,05260fe0-2626-45c4-ac24-1853e49f959a,0.9195806980133057,0.9988151086221316,K
182,43474132-c7f4-46c1-8d60-3a1292b9c4ce,0.9195806980133057,0.9988151091492841,K
182,190dad49-265d-4ca9-b319-59df31243126,0.56034916639328,0.9986452559953035,K
182,3586b3d9-8cd0-425c-bfa4-12ede5ea224a,0.56034916639328,0.9986452572713502,K
182,4a830eaf-f575-4ea4-af48-92b85718092c,0.56034916639328,0.9986452561617444,K
182,4ddce2f4-2e7c-40ce-a358-ced95c9942cc,0.56034916639328,0.9998343907702782,K
182,755481fd-b0ab-4de1-8832-7a29a42af347,0.56034916639328,0.9986452570771692,K
182,88f6e161-d522-4c46-bb57-17edf3ea149d,0.56034916639328,0.9986452567165474,K
182,91f97e0f-c81f-415a-84d5-370c932bd526,0.56034916639328,0.9986452569107284,K
182,a592b98a-452e-4389-b1fb-01ace97420f7,0.56034916639328,0.9986452563559254,K
182,c83d9bce-ab60-4452-b79a-ccd638d43ee6,0.56034916639328,0.9998343898259903,K
182,4479ff71-3228-4f83-8bd6-067897312039,0.5027939677238464,0.9986452587138378,K
182,4b20c2c1-a8b0-4652-afab-c7dff3741d8f,0.5027939677238464,0.9986452585196568,K
182,5b52c0b8-cbfc-4ebc-a1fd-6a41046e5799,0.5027939677238464,0.9986452581035546,K
182,83a9115f-e99f-4072-906d-5d696a18fe6c,0.5027939677238464,0.9986452591299401,K
182,c9177183-413b-4ef8-a575-a3ec163c4386,0.5027939677238464,0.9986452589080188,K
182,fd680909-3b1e-40f7-b51b-fdda45f5ff86,0.5027939677238464,0.9986452593241211,K
183,3d750569-0f27-4b8d-a68c-5868dd657993,0.8692435026168823,0.9986483897212934,K
183,c0e545a3-6ccc-4fff-8107-06d25bb50512,0.8692435026168823,0.9988202442651746,K
183,1fe1c897-c028-4b10-b5a6-651e2383566d,0.5274697542190552,0.9986483916631098,K
183,245ede3c-39e2-44af-8de2-86dffd0ab5dd,0.5274697542190552,0.9986483914411879,K
183,3019b128-926b-4d22-a66a-10d2768cf952,0.5274697542190552,0.9986483901096567,K
183,6d5be118-cdb0-4c55-97c1-3e53da49a4de,0.5274697542190552,0.9986483899154751,K
183,6e395e19-1736-4cc7-a1f6-cc4c8cc861f4,0.5274697542190552,0.99864839049802,K
183,af9507d7-9513-40af-8985-7a14c802dd06,0.5274697542190552,0.998648390858643,K
183,cacd0527-b32b-4f01-856c-c58a677a202e,0.5274697542190552,0.9986483912470063,K
183,d226615a-4a1c-4d70-af18-6253612f95f2,0.5274697542190552,0.9986483906644614,K
183,d9a788c5-317a-4545-9184-c4acaa54f6b9,0.5274697542190552,0.9986483910528247,K
183,e9d472d3-0248-4bdc-9368-d98c4b7fe1d5,0.5274697542190552,0.9986483903038383,K
183,285cd417-68a9-4e0e-956b-e928e292c73a,0.5194922089576721,0.999833098429617,K
183,6be1425f-0d8e-49d9-8da7-06feb39cec35,0.5194922089576721,0.9996674993461544,K
183,7c8b74d1-e1e8-499a-a2cb-2cdc2523705e,0.5194922089576721,0.9996674991240061,K
183,05260fe0-2626-45c4-ac24-1853e49f959a,0.5055779218673706,0.9998330985962559,K
183,43474132-c7f4-46c1-8d60-3a1292b9c4ce,0.5055779218673706,0.9998330988184411,K
184,66f6827d-f1b6-4e45-817e-6c5143083aa0,0.8727255463600159,0.9993257273407125,K
184,b9eea203-3e4e-47c2-b910-60d0efd427e6,0.8727255463600159,0.9993257275627849,K
184,7a11b331-545a-406e-b387-0e01995eb4f3,0.6122223138809204,0.9994902217311179,K
184,ead5ace4-ed3a-4a34-b447-0e4c79b784c5,0.6122223138809204,0.9994902219532269,K
184,0972b605-8947-410f-bbe4-d0aec0bf97a0,0.6069525480270386,0.9986431185361213,K
184,2b27675e-7ca7-4534-9271-db0fba0f931f,0.6069525480270386,0.9986431176484385,K
184,363ca5cf-4c83-432e-9453-3c796a805dba,0.6069525480270386,0.9986431181755001,K
184,3d8a2635-a47b-4b1c-9cc5-730423e07e65,0.6069525480270386,0.998643117814879,K
184,620349aa-de94-45c7-bea3-08ca78d848b7,0.6069525480270386,0.9986431187303019,K
184,869c5d2d-f919-41c0-8f97-bae23f58308b,0.6069525480270386,0.9986431183419406,K
184,94c44e21-2973-4a41-919d-43aa6841e0b8,0.6069525480270386,0.9986431192018833,K
184,bc50c81e-afec-40e2-b022-fd9739290eb8,0.6069525480270386,0.9986431193683238,K
184,dd330cbb-60bc-462f-8b2b-2af5e0018ef8,0.6069525480270386,0.9986431188967424,K
184,f7c061d5-3cbc-47b6-86c5-f9b899fc3c6c,0.6069525480270386,0.9986431179813196,K
184,012e10e2-0da9-4b96-9678-d473f14e34ab,0.5751376152038574,0.9986431201727863,K
184,0e3547d9-8a0c-4125-a56f-bef69f65d994,0.5751376152038574,0.9986431209217688,K
184,2df0b5c0-6614-4581-b95b-25a0facd11c3,0.5751376152038574,0.9986431211159493,K
184,51d28a25-239c-4048-891c-9b68f03c1a6a,0.5751376152038574,0.9986431205611476,K
184,b1c92968-f766-420f-9f2a-b35789a2dccc,0.5751376152038574,0.9986431200063458,K
184,dc2b3638-3376-4382-8782-20ca023e8554,0.5751376152038574,0.9986431198121652,K
184,e3a4e850-c28e-47f7-be91-fb23ce2255aa,0.5751376152038574,0.9986431196457247,K
184,f184814c-0a82-401f-95c3-2db50d68e267,0.5751376152038574,0.9986431207553282,K
184,f22180e9-0fa4-4fb2-8fca-1282f28e8654,0.5751376152038574,0.998643120366967,K
184,11881ce6-9779-4948-abc7-48ec00d23fca,0.562648355960846,0.9989899367076859,K
184,3ada1724-89b3-4190-83d0-8b2217b7aa5a,0.562648355960846,0.9989899380951719,K
184,50ccfda5-6952-4a30-a8ea-1fcdd59de8d2,0.562648355960846,0.9989899365134378,K
184,732083b3-b561-48c0-b999-f7a6b164a08f,0.562648355960846,0.9989899370406825,K
184,76bce893-5b05-4244-a6d8-f51a7d58f8f7,0.562648355960846,0.9989899372349306,K
184,90786c9b-461d-4e4d-977f-ed0764206480,0.562648355960846,0.9989899368741842,K
184,d1805529-6794-4f82-9eb4-2b3a9a4dfdef,0.562648355960846,0.9989899374291786,K
184,dfef75de-8fb7-4f1d-acc3-38a52b773932,0.562648355960846,0.9989899377621753,K
184,ea12cbd0-266d-47ee-9426-18e6b56939b5,0.562648355960846,0.998989937595677,K
184,f9e10c27-fc2c-40af-9439-75cab4613420,0.562648355960846,0.9989899382616703,K
185,1fc7f1ed-40c1-43fa-b3d2-761ec17fc964,0.8692226409912109,0.9986464277120178,K
185,61d768b4-bea3-4900-9278-0794f16c551f,0.8692226409912109,0.998802336411082,K
186,7a11b331-545a-406e-b387-0e01995eb4f3,0.8970963954925537,0.999646696120964,K
186,ead5ace4-ed3a-4a34-b447-0e4c79b784c5,0.8970963954925537,0.9996466963708757,K
186,36d40a61-1cbd-4091-8107-48fca7e6a8b9,0.585567057132721,0.999834452704466,K
186,66f6827d-f1b6-4e45-817e-6c5143083aa0,0.585567057132721,0.9996466961764999,K
186,b9eea203-3e4e-47c2-b910-60d0efd427e6,0.585567057132721,0.9996466964264117,K
186,11881ce6-9779-4948-abc7-48ec00d23fca,0.5329124331474304,0.9996466967873952,K
186,3ada1724-89b3-4190-83d0-8b2217b7aa5a,0.5329124331474304,0.9996466981202574,K
186,50ccfda5-6952-4a30-a8ea-1fcdd59de8d2,0.5329124331474304,0.9996466965930194,K
186,732083b3-b561-48c0-b999-f7a6b164a08f,0.5329124331474304,0.9996466971761466,K
186,76bce893-5b05-4244-a6d8-f51a7d58f8f7,0.5329124331474304,0.9996466973427545,K
186,90786c9b-461d-4e4d-977f-ed0764206480,0.5329124331474304,0.9996466969817709,K
186,d1805529-6794-4f82-9eb4-2b3a9a4dfdef,0.5329124331474304,0.9996466975371302,K
186,dfef75de-8fb7-4f1d-acc3-38a52b773932,0.5329124331474304,0.9996466979258817,K
186,ea12cbd0-266d-47ee-9426-18e6b56939b5,0.5329124331474304,0.9996466977315059,K
186,f9e10c27-fc2c-40af-9439-75cab4613420,0.5329124331474304,0.9996466983146332,K
187,a259874c-ff86-4a0a-80f7-38b600100217,0.8880940079689026,0.9988052935084989,K
187,ffa4cc38-cc4d-4582-adb4-15e68e6706d0,0.8880940079689026,0.998641382507529,K
187,2b8fbba4-7cd0-4572-ac24-33140a34b18a,0.632205605506897,0.9986413830623297,K
187,31e14c3d-daa7-4837-b78a-7fb4ffb057a2,0.632205605506897,0.998641383950011,K
187,3b095291-aa18-45fd-a1d9-65040f08d245,0.632205605506897,0.9998324904757317,K
187,7e3c6771-57fe-431f-9369-c217f11e15c2,0.632205605506897,0.9986413841164512,K
187,8ad97832-a2d1-45f0-88b6-a8dd64480c89,0.632205605506897,0.9986413837835707,K
187,8c26928e-e3eb-4dd3-90be-d5b12363ac77,0.632205605506897,0.999832492086573,K
187,939d8fe1-dee2-4943-bc52-15e4184567e3,0.632205605506897,0.9986413832287699,K
187,b3ca921c-c677-48fc-ae56-e0bee510c7cb,0.632205605506897,0.9986413828681495,K
187,c95ea662-f133-4aa2-935b-c5d5e70d9a92,0.632205605506897,0.9998324911700599,K
187,2f180e2f-9208-44ea-8ba2-2a4b2b57e0f1,0.554619550704956,0.9986413851150926,K
187,461ca34a-8299-40ed-93aa-6fec635580a6,0.554619550704956,0.9986413860582539,K
187,64a40544-da83-4141-8f49-0f700719d520,0.554619550704956,0.9986413847544721,K
187,af2be6aa-378f-4aca-b542-bba94f7f84d4,0.554619550704956,0.9986413856976334,K
187,b0680986-d9bd-42cb-b6de-f75146f1fe33,0.554619550704956,0.9986413858640736,K
187,b153ca39-3aa7-4a3c-88f6-3ba8434bae42,0.554619550704956,0.9986413849209124,K
187,b2a083e9-f284-46b0-8812-deea53b56145,0.554619550704956,0.9986413845880319,K
187,d7a540ee-540f-48c5-b8a0-fd7efab16139,0.554619550704956,0.9986413853092728,K
188,5cb81d42-d7d3-4490-a5d9-fd5d7b770e38,0.8307068943977356,0.9986288471125107,K
188,628437aa-ddad-4dc5-bb09-a611f48f4647,0.8307068943977356,0.9987932266817048,K
188,5fd1d548-8b5d-4658-b696-6dd3000d523a,0.5034958124160767,0.9998233550202287,K
188,7a11b331-545a-406e-b387-0e01995eb4f3,0.5034958124160767,0.9996558620623824,K
188,ead5ace4-ed3a-4a34-b447-0e4c79b784c5,0.5034958124160767,0.9996558623122964,K
188,36d40a61-1cbd-4091-8107-48fca7e6a8b9,0.5031293630599976,0.9996558619513095,K
188,66f6827d-f1b6-4e45-817e-6c5143083aa0,0.5031293630599976,0.9996558621179189,K
188,b9eea203-3e4e-47c2-b910-60d0efd427e6,0.5031293630599976,0.9996558623400646,K
189,285cd417-68a9-4e0e-956b-e928e292c73a,0.8553555011749268,0.9989641003593025,K
189,6be1425f-0d8e-49d9-8da7-06feb39cec35,0.8553555011749268,0.9989641007477886,K
189,7c8b74d1-e1e8-499a-a2cb-2cdc2523705e,0.8553555011749268,0.9989641005257965,K
189,5fd1d548-8b5d-4658-b696-6dd3000d523a,0.5054351687431335,0.99983852178901,K
189,7a11b331-545a-406e-b387-0e01995eb4f3,0.5054351687431335,0.9998385219556498,K
189,ead5ace4-ed3a-4a34-b447-0e4c79b784c5,0.5054351687431335,0.9998385221778361,K
189,078d0e9f-afea-4d8c-a9ec-4b2cf9cff354,0.5033813714981079,0.9986319311605496,K
189,1879f75f-58ac-4e30-8394-c044b73d32e5,0.5033813714981079,0.9986319304115756,K
189,22236c00-4b51-4313-a985-7cf1e537969f,0.5033813714981079,0.9986319309663712,K
189,355072c6-35df-49d5-9bf7-e8f169b0e086,0.5033813714981079,0.9986319313269882,K
189,6c5bcd57-8b0a-4adb-ab0d-f3a64a778d5d,0.5033813714981079,0.9986319307999325,K
189,86d671c2-2ec3-44c7-8a65-1f2946a85d47,0.5033813714981079,0.9986319315211667,K
189,b7796aab-652a-456e-b287-f46ed9b79f3a,0.5033813714981079,0.9986319306057541,K
189,ca772484-2412-4fdd-9a68-b726c4e2c143,0.5033813714981079,0.9986319316876053,K
189,db868b3d-342c-4d03-9a79-64b27837b5e4,0.5033813714981079,0.9986319319095236,K
189,f288bf66-fa18-4734-bb81-e0da8ef867ae,0.5033813714981079,0.998631930245137,K
190,05260fe0-2626-45c4-ac24-1853e49f959a,0.9195806980133057,0.9987850257629102,K
190,43474132-c7f4-46c1-8d60-3a1292b9c4ce,0.9195806980133057,0.9987850259848623,K
190,c94fbeea-104f-435f-a6d2-5b8158671dc7,0.9195806980133057,0.998785025568702,K
190,190dad49-265d-4ca9-b319-59df31243126,0.56034916639328,0.9986183134645485,K
190,3586b3d9-8cd0-425c-bfa4-12ede5ea224a,0.56034916639328,0.9986183147128215,K
190,4a830eaf-f575-4ea4-af48-92b85718092c,0.56034916639328,0.9986183136587243,K
190,4ddce2f4-2e7c-40ce-a358-ced95c9942cc,0.56034916639328,0.9998207567326609,K
190,755481fd-b0ab-4de1-8832-7a29a42af347,0.56034916639328,0.998618314546385,K
190,88f6e161-d522-4c46-bb57-17edf3ea149d,0.56034916639328,0.998618314185773,K
190,91f97e0f-c81f-415a-84d5-370c932bd526,0.56034916639328,0.9986183143799487,K
190,a592b98a-452e-4389-b1fb-01ace97420f7,0.56034916639328,0.9986183138251608,K
190,c83d9bce-ab60-4452-b79a-ccd638d43ee6,0.56034916639328,0.9998207558161586,K
190,4479ff71-3228-4f83-8bd6-067897312039,0.5027939677238464,0.9986183160997913,K
190,4b20c2c1-a8b0-4652-afab-c7dff3741d8f,0.5027939677238464,0.9986183159056156,K
190,5b52c0b8-cbfc-4ebc-a1fd-6a41046e5799,0.5027939677238464,0.998618315517264,K
190,83a9115f-e99f-4072-906d-5d696a18fe6c,0.5027939677238464,0.9986183164604036,K
190,c9177183-413b-4ef8-a575-a3ec163c4386,0.5027939677238464,0.9986183162662278,K
190,fd680909-3b1e-40f7-b51b-fdda45f5ff86,0.5027939677238464,0.9986183166545793,K
191,23126666-b87b-44af-af43-558641c323b5,0.8692435026168823,0.9987841326830322,K
191,3d750569-0f27-4b8d-a68c-5868dd657993,0.8692435026168823,0.998607012303739,K
191,c0e545a3-6ccc-4fff-8107-06d25bb50512,0.8692435026168823,0.9986070120818263,K
191,1fe1c897-c028-4b10-b5a6-651e2383566d,0.5274697542190552,0.9986070142177358,K
191,245ede3c-39e2-44af-8de2-86dffd0ab5dd,0.5274697542190552,0.9986070139958232,K
191,3019b128-926b-4d22-a66a-10d2768cf952,0.5274697542190552,0.9986070126643471,K
191,6d5be118-cdb0-4c55-97c1-3e53da49a4de,0.5274697542190552,0.9986070124979126,K
191,6e395e19-1736-4cc7-a1f6-cc4c8cc861f4,0.5274697542190552,0.9986070130249552,K
191,af9507d7-9513-40af-8985-7a14c802dd06,0.5274697542190552,0.9986070133855633,K
191,cacd0527-b32b-4f01-856c-c58a677a202e,0.5274697542190552,0.9986070137184323,K
191,d226615a-4a1c-4d70-af18-6253612f95f2,0.5274697542190552,0.9986070131913897,K
191,d9a788c5-317a-4545-9184-c4acaa54f6b9,0.5274697542190552,0.9986070135519978,K
191,e9d472d3-0248-4bdc-9368-d98c4b7fe1d5,0.5274697542190552,0.9986070128585207,K
191,285cd417-68a9-4e0e-956b-e928e292c73a,0.5194922089576721,0.9996425562593522,K
191,6be1425f-0d8e-49d9-8da7-06feb39cec35,0.5194922089576721,0.9996425566758699,K
191,7c8b74d1-e1e8-499a-a2cb-2cdc2523705e,0.5194922089576721,0.9996425564259592,K
191,898876d3-5ccc-424b-ae8c-79b0d0264c1a,0.5194922089576721,0.9998217825215108,K
191,05260fe0-2626-45c4-ac24-1853e49f959a,0.5055779218673706,0.9998217829103304,K
191,43474132-c7f4-46c1-8d60-3a1292b9c4ce,0.5055779218673706,0.999821783132513,K
191,c94fbeea-104f-435f-a6d2-5b8158671dc7,0.5055779218673706,0.9998217827159206,K
192,36d40a61-1cbd-4091-8107-48fca7e6a8b9,0.8727255463600159,0.9993057968483601,K
192,66f6827d-f1b6-4e45-817e-6c5143083aa0,0.8727255463600159,0.9993057970149111,K
192,b9eea203-3e4e-47c2-b910-60d0efd427e6,0.8727255463600159,0.999305797236979,K
192,5fd1d548-8b5d-4658-b696-6dd3000d523a,0.6122223138809204,0.9994672038196536,K
192,7a11b331-545a-406e-b387-0e01995eb4f3,0.6122223138809204,0.9994672040139945,K
192,ead5ace4-ed3a-4a34-b447-0e4c79b784c5,0.6122223138809204,0.9994672042083353,K
192,0972b605-8947-410f-bbe4-d0aec0bf97a0,0.6069525480270386,0.9986089323772178,K
192,2b27675e-7ca7-4534-9271-db0fba0f931f,0.6069525480270386,0.9986089314895654,K
192,363ca5cf-4c83-432e-9453-3c796a805dba,0.6069525480270386,0.998608932016609,K
192,3d8a2635-a47b-4b1c-9cc5-730423e07e65,0.6069525480270386,0.9986089316560003,K
192,620349aa-de94-45c7-bea3-08ca78d848b7,0.6069525480270386,0.9986089325436527,K
192,869c5d2d-f919-41c0-8f97-bae23f58308b,0.6069525480270386,0.9986089321830439,K
192,94c44e21-2973-4a41-919d-43aa6841e0b8,0.6069525480270386,0.9986089329042614,K
192,bc50c81e-afec-40e2-b022-fd9739290eb8,0.6069525480270386,0.9986089330706963,K
192,dd330cbb-60bc-462f-8b2b-2af5e0018ef8,0.6069525480270386,0.9986089327100875,K
192,f7c061d5-3cbc-47b6-86c5-f9b899fc3c6c,0.6069525480270386,0.9986089318501743,K
192,012e10e2-0da9-4b96-9678-d473f14e34ab,0.5751376152038574,0.9986089338751313,K
192,0e3547d9-8a0c-4125-a56f-bef69f65d994,0.5751376152038574,0.9986089347073054,K
192,2df0b5c0-6614-4581-b95b-25a0facd11c3,0.5751376152038574,0.9986089348737401,K
192,51d28a25-239c-4048-891c-9b68f03c1a6a,0.5751376152038574,0.9986089342912183,K
192,b1c92968-f766-420f-9f2a-b35789a2dccc,0.5751376152038574,0.9986089337086964,K
192,dc2b3638-3376-4382-8782-20ca023e8554,0.5751376152038574,0.9986089335145225,K
192,e3a4e850-c28e-47f7-be91-fb23ce2255aa,0.5751376152038574,0.9986089333203485,K
192,f184814c-0a82-401f-95c3-2db50d68e267,0.5751376152038574,0.9986089344853922,K
192,f22180e9-0fa4-4fb2-8fca-1282f28e8654,0.5751376152038574,0.9986089340693052,K
192,11881ce6-9779-4948-abc7-48ec00d23fca,0.562648355960846,0.9989618846871341,K
192,3ada1724-89b3-4190-83d0-8b2217b7aa5a,0.562648355960846,0.9989618859080875,K
192,50ccfda5-6952-4a30-a8ea-1fcdd59de8d2,0.562648355960846,0.9989618844928915,K
192,732083b3-b561-48c0-b999-f7a6b164a08f,0.562648355960846,0.9989618850201214,K
192,76bce893-5b05-4244-a6d8-f51a7d58f8f7,0.562648355960846,0.998961885214364,K
192,90786c9b-461d-4e4d-977f-ed0764206480,0.562648355960846,0.9989618848536277,K
192,d1805529-6794-4f82-9eb4-2b3a9a4dfdef,0.562648355960846,0.9989618853808576,K
192,dfef75de-8fb7-4f1d-acc3-38a52b773932,0.562648355960846,0.9989618857415938,K
192,ea12cbd0-266d-47ee-9426-18e6b56939b5,0.562648355960846,0.9989618855473513,K
192,f9e10c27-fc2c-40af-9439-75cab4613420,0.562648355960846,0.9989618860745811,K
193,1fc7f1ed-40c1-43fa-b3d2-761ec17fc964,0.8692226409912109,0.9985967189930974,K
193,61d768b4-bea3-4900-9278-0794f16c551f,0.8692226409912109,0.998596718771187,K
193,c4e5b7a8-f0df-4a49-b7f4-075e2044912f,0.8692226409912109,0.998762076748818,K
194,5fd1d548-8b5d-4658-b696-6dd3000d523a,0.8970963954925537,0.9996381781955249,K
194,7a11b331-545a-406e-b387-0e01995eb4f3,0.8970963954925537,0.999638178389899,K
194,ead5ace4-ed3a-4a34-b447-0e4c79b784c5,0.8970963954925537,0.9996381785842731,K
194,36d40a61-1cbd-4091-8107-48fca7e6a8b9,0.585567057132721,0.9996381782510604,K
194,5865e6b2-10b5-4795-9298-3903018e613d,0.585567057132721,0.9998381591809719,K
194,66f6827d-f1b6-4e45-817e-6c5143083aa0,0.585567057132721,0.9996381784176668,K
194,b9eea203-3e4e-47c2-b910-60d0efd427e6,0.585567057132721,0.9996381786398085,K
194,11881ce6-9779-4948-abc7-48ec00d23fca,0.5329124331474304,0.9996381789730213,K
194,3ada1724-89b3-4190-83d0-8b2217b7aa5a,0.5329124331474304,0.9996381802503367,K
194,50ccfda5-6952-4a30-a8ea-1fcdd59de8d2,0.5329124331474304,0.9996381788064149,K
194,732083b3-b561-48c0-b999-f7a6b164a08f,0.5329124331474304,0.9996381793340017,K
194,76bce893-5b05-4244-a6d8-f51a7d58f8f7,0.5329124331474304,0.9996381795006081,K
194,90786c9b-461d-4e4d-977f-ed0764206480,0.5329124331474304,0.9996381791396276,K
194,d1805529-6794-4f82-9eb4-2b3a9a4dfdef,0.5329124331474304,0.9996381796949821,K
194,dfef75de-8fb7-4f1d-acc3-38a52b773932,0.5329124331474304,0.9996381800559626,K
194,ea12cbd0-266d-47ee-9426-18e6b56939b5,0.5329124331474304,0.9996381798893562,K
194,f9e10c27-fc2c-40af-9439-75cab4613420,0.5329124331474304,0.9996381804169431,K
195,a259874c-ff86-4a0a-80f7-38b600100217,0.8880940079689026,0.9985866936594006,K
195,f5078a18-62f0-4389-a597-2b83d01bf464,0.8880940079689026,0.9987631336616015,K
195,ffa4cc38-cc4d-4582-adb4-15e68e6706d0,0.8880940079689026,0.9985866938813087,K
195,2b8fbba4-7cd0-4572-ac24-33140a34b18a,0.632205605506897,0.9985866944360791,K
195,31e14c3d-daa7-4837-b78a-7fb4ffb057a2,0.632205605506897,0.9985866953237117,K
195,3b095291-aa18-45fd-a1d9-65040f08d245,0.632205605506897,0.9998187435122757,K
195,7e3c6771-57fe-431f-9369-c217f11e15c2,0.632205605506897,0.9985866954901428,K
195,8ad97832-a2d1-45f0-88b6-a8dd64480c89,0.632205605506897,0.998586695129542,K
195,8c26928e-e3eb-4dd3-90be-d5b12363ac77,0.632205605506897,0.9998187451230949,K
195,939d8fe1-dee2-4943-bc52-15e4184567e3,0.632205605506897,0.9985866946025101,K
195,b3ca921c-c677-48fc-ae56-e0bee510c7cb,0.632205605506897,0.998586694269648,K
195,c95ea662-f133-4aa2-935b-c5d5e70d9a92,0.632205605506897,0.9998187442343671,K
195,2f180e2f-9208-44ea-8ba2-2a4b2b57e0f1,0.554619550704956,0.9985866964887294,K
195,461ca34a-8299-40ed-93aa-6fec635580a6,0.554619550704956,0.9985866974595776,K
195,64a40544-da83-4141-8f49-0f700719d520,0.554619550704956,0.9985866961281288,K
195,af2be6aa-378f-4aca-b542-bba94f7f84d4,0.554619550704956,0.9985866970712384,K
195,b0680986-d9bd-42cb-b6de-f75146f1fe33,0.554619550704956,0.998586697265408,K
195,b153ca39-3aa7-4a3c-88f6-3ba8434bae42,0.554619550704956,0.9985866962945599,K
195,b2a083e9-f284-46b0-8812-deea53b56145,0.554619550704956,0.9985866959339591,K
195,d7a540ee-540f-48c5-b8a0-fd7efab16139,0.554619550704956,0.9985866966551606,K
196,052092c7-821a-48aa-802d-414847578c09,0.8307068943977356,0.9987523221646835,K
196,5cb81d42-d7d3-4490-a5d9-fd5d7b770e38,0.8307068943977356,0.9985910309469082,K
196,628437aa-ddad-4dc5-bb09-a611f48f4647,0.8307068943977356,0.9985910307804764,K
196,5fd1d548-8b5d-4658-b696-6dd3000d523a,0.5034958124160767,0.999646458010703,K
196,7a11b331-545a-406e-b387-0e01995eb4f3,0.5034958124160767,0.9996464581773107,K
196,a0a7f4d0-7e48-4abc-96ab-66a066aa962d,0.5034958124160767,0.9998276977901756,K
196,ead5ace4-ed3a-4a34-b447-0e4c79b784c5,0.5034958124160767,0.9996464583994543,K
196,36d40a61-1cbd-4091-8107-48fca7e6a8b9,0.5031293630599976,0.9996464580662389,K
196,5865e6b2-10b5-4795-9298-3903018e613d,0.5031293630599976,0.9996464578718632,K
196,66f6827d-f1b6-4e45-817e-6c5143083aa0,0.5031293630599976,0.9996464582328466,K
196,b9eea203-3e4e-47c2-b910-60d0efd427e6,0.5031293630599976,0.9996464584549903,K
197,285cd417-68a9-4e0e-956b-e928e292c73a,0.8553555011749268,0.9989344768511342,K
197,6be1425f-0d8e-49d9-8da7-06feb39cec35,0.8553555011749268,0.9989344772396087,K
197,7c8b74d1-e1e8-499a-a2cb-2cdc2523705e,0.8553555011749268,0.9989344770176233,K
197,898876d3-5ccc-424b-ae8c-79b0d0264c1a,0.8553555011749268,0.9989344766846452,K
197,5fd1d548-8b5d-4658-b696-6dd3000d523a,0.5054351687431335,0.9998248721144566,K
197,7a11b331-545a-406e-b387-0e01995eb4f3,0.5054351687431335,0.9998248722810941,K
197,a0a7f4d0-7e48-4abc-96ab-66a066aa962d,0.5054351687431335,0.9998248719478191,K
197,ead5ace4-ed3a-4a34-b447-0e4c79b784c5,0.5054351687431335,0.9998248725032773,K
197,078d0e9f-afea-4d8c-a9ec-4b2cf9cff354,0.5033813714981079,0.9985774012154662,K
197,1879f75f-58ac-4e30-8394-c044b73d32e5,0.5033813714981079,0.9985774005220097,K
197,22236c00-4b51-4313-a985-7cf1e537969f,0.5033813714981079,0.9985774010490366,K
197,355072c6-35df-49d5-9bf7-e8f169b0e086,0.5033813714981079,0.9985774013818958,K
197,6c5bcd57-8b0a-4adb-ab0d-f3a64a778d5d,0.5033813714981079,0.9985774008548688,K
197,86d671c2-2ec3-44c7-8a65-1f2946a85d47,0.5033813714981079,0.9985774015760636,K
197,b7796aab-652a-456e-b287-f46ed9b79f3a,0.5033813714981079,0.9985774006884393,K
197,ca772484-2412-4fdd-9a68-b726c4e2c143,0.5033813714981079,0.9985774017424932,K
197,db868b3d-342c-4d03-9a79-64b27837b5e4,0.5033813714981079,0.9985774019643993,K
197,f288bf66-fa18-4734-bb81-e0da8ef867ae,0.5033813714981079,0.9985774003278418,K
198,05260fe0-2626-45c4-ac24-1853e49f959a,0.9195806980133057,0.9987589894135501,K
198,43474132-c7f4-46c1-8d60-3a1292b9c4ce,0.9195806980133057,0.9987589896077532,K
198,6896f864-0b42-49d6-b823-d637e9dfdc08,0.9195806980133057,0.9987589890528872,K
198,c94fbeea-104f-435f-a6d2-5b8158671dc7,0.9195806980133057,0.998758989219347,K
198,190dad49-265d-4ca9-b319-59df31243126,0.56034916639328,0.9985809796794718,K
198,3586b3d9-8cd0-425c-bfa4-12ede5ea224a,0.56034916639328,0.9985809809554363,K
198,4a830eaf-f575-4ea4-af48-92b85718092c,0.56034916639328,0.9985809798736404,K
198,4ddce2f4-2e7c-40ce-a358-ced95c9942cc,0.56034916639328,0.9998243400411286,K
198,755481fd-b0ab-4de1-8832-7a29a42af347,0.56034916639328,0.9985809807612679,K
198,88f6e161-d522-4c46-bb57-17edf3ea149d,0.56034916639328,0.9985809804006691,K
198,91f97e0f-c81f-415a-84d5-370c932bd526,0.56034916639328,0.9985809805948377,K
198,a592b98a-452e-4389-b1fb-01ace97420f7,0.56034916639328,0.9985809800400705,K
198,c83d9bce-ab60-4452-b79a-ccd638d43ee6,0.56034916639328,0.9998243390968501,K
198,4479ff71-3228-4f83-8bd6-067897312039,0.5027939677238464,0.9985809823700927,K
198,4b20c2c1-a8b0-4652-afab-c7dff3741d8f,0.5027939677238464,0.9985809821759243,K
198,5b52c0b8-cbfc-4ebc-a1fd-6a41046e5799,0.5027939677238464,0.9985809817875871,K
198,83a9115f-e99f-4072-906d-5d696a18fe6c,0.5027939677238464,0.9985809827584298,K
198,c9177183-413b-4ef8-a575-a3ec163c4386,0.5027939677238464,0.9985809825642613,K
198,fd680909-3b1e-40f7-b51b-fdda45f5ff86,0.5027939677238464,0.9985809829525983,K
199,23126666-b87b-44af-af43-558641c323b5,0.8692435026168823,0.9985874284807849,K
199,3d750569-0f27-4b8d-a68c-5868dd657993,0.8692435026168823,0.9985874289246015,K
199,c0e545a3-6ccc-4fff-8107-06d25bb50512,0.8692435026168823,0.9985874286749546,K
199,db34d4fa-c1b0-4d54-ba1d-27457cf24729,0.8692435026168823,0.9987626267616964,K
199,1fe1c897-c028-4b10-b5a6-651e2383566d,0.5274697542190552,0.9985874308385607,K
199,245ede3c-39e2-44af-8de2-86dffd0ab5dd,0.5274697542190552,0.9985874305889139,K
199,3019b128-926b-4d22-a66a-10d2768cf952,0.5274697542190552,0.9985874292852025,K
199,6d5be118-cdb0-4c55-97c1-3e53da49a4de,0.5274697542190552,0.9985874291187712,K
199,6e395e19-1736-4cc7-a1f6-cc4c8cc861f4,0.5274697542190552,0.998587429673542,K
199,af9507d7-9513-40af-8985-7a14c802dd06,0.5274697542190552,0.9985874300341431,K
199,cacd0527-b32b-4f01-856c-c58a677a202e,0.5274697542190552,0.9985874304224825,K
199,d226615a-4a1c-4d70-af18-6253612f95f2,0.5274697542190552,0.9985874298677118,K
199,d9a788c5-317a-4545-9184-c4acaa54f6b9,0.5274697542190552,0.9985874302283129,K
199,e9d472d3-0248-4bdc-9368-d98c4b7fe1d5,0.5274697542190552,0.9985874295071108,K
199,285cd417-68a9-4e0e-956b-e928e292c73a,0.5194922089576721,0.9996525940816382,K
199,6be1425f-0d8e-49d9-8da7-06feb39cec35,0.5194922089576721,0.9996525944981601,K
199,7c8b74d1-e1e8-499a-a2cb-2cdc2523705e,0.5194922089576721,0.999652594276015,K
199,898876d3-5ccc-424b-ae8c-79b0d0264c1a,0.5194922089576721,0.9996525938872612,K
199,911c20d9-56e0-4f69-8560-4b76751338a6,0.5194922089576721,0.9998282391137014,K
199,05260fe0-2626-45c4-ac24-1853e49f959a,0.5055779218673706,0.9998282396691616,K
199,43474132-c7f4-46c1-8d60-3a1292b9c4ce,0.5055779218673706,0.9998282399191186,K
199,6896f864-0b42-49d6-b823-d637e9dfdc08,0.5055779218673706,0.9998282392803395,K
199,c94fbeea-104f-435f-a6d2-5b8158671dc7,0.5055779218673706,0.9998282394747505,K
200,36d40a61-1cbd-4091-8107-48fca7e6a8b9,0.8727255463600159,0.9992885522268438,K
200,5865e6b2-10b5-4795-9298-3903018e613d,0.8727255463600159,0.9992885520325377,K
200,66f6827d-f1b6-4e45-817e-6c5143083aa0,0.8727255463600159,0.9992885524211499,K
200,b9eea203-3e4e-47c2-b910-60d0efd427e6,0.8727255463600159,0.999288552670972,K
200,5fd1d548-8b5d-4658-b696-6dd3000d523a,0.6122223138809204,0.9994635985813739,K
200,7a11b331-545a-406e-b387-0e01995eb4f3,0.6122223138809204,0.9994635987757141,K
200,a0a7f4d0-7e48-4abc-96ab-66a066aa962d,0.6122223138809204,0.9994635983870338,K
200,ead5ace4-ed3a-4a34-b447-0e4c79b784c5,0.6122223138809204,0.99946359902558,K
200,0972b605-8947-410f-bbe4-d0aec0bf97a0,0.6069525480270386,0.998573801433638,K
200,2b27675e-7ca7-4534-9271-db0fba0f931f,0.6069525480270386,0.9985738004628024,K
200,363ca5cf-4c83-432e-9453-3c796a805dba,0.6069525480270386,0.9985738010453038,K
200,3d8a2635-a47b-4b1c-9cc5-730423e07e65,0.6069525480270386,0.9985738006569695,K
200,620349aa-de94-45c7-bea3-08ca78d848b7,0.6069525480270386,0.9985738016278052,K
200,869c5d2d-f919-41c0-8f97-bae23f58308b,0.6069525480270386,0.9985738012394709,K
200,94c44e21-2973-4a41-919d-43aa6841e0b8,0.6069525480270386,0.9985738019884013,K
200,bc50c81e-afec-40e2-b022-fd9739290eb8,0.6069525480270386,0.9985738021825684,K
200,dd330cbb-60bc-462f-8b2b-2af5e0018ef8,0.6069525480270386,0.9985738017942342,K
200,f7c061d5-3cbc-47b6-86c5-f9b899fc3c6c,0.6069525480270386,0.9985738008511367,K
200,012e10e2-0da9-4b96-9678-d473f14e34ab,0.5751376152038574,0.9985738030424515,K
200,0e3547d9-8a0c-4125-a56f-bef69f65d994,0.5751376152038574,0.9985738044016214,K
200,2df0b5c0-6614-4581-b95b-25a0facd11c3,0.5751376152038574,0.9985738046235266,K
200,51d28a25-239c-4048-891c-9b68f03c1a6a,0.5751376152038574,0.9985738035972146,K
200,b1c92968-f766-420f-9f2a-b35789a2dccc,0.5751376152038574,0.9985738028482842,K
200,dc2b3638-3376-4382-8782-20ca023e8554,0.5751376152038574,0.9985738026541171,K
200,e3a4e850-c28e-47f7-be91-fb23ce2255aa,0.5751376152038574,0.99857380245995,K
200,f184814c-0a82-401f-95c3-2db50d68e267,0.5751376152038574,0.9985738039300726,K
200,f22180e9-0fa4-4fb2-8fca-1282f28e8654,0.5751376152038574,0.9985738032643567,K
200,11881ce6-9779-4948-abc7-48ec00d23fca,0.562648355960846,0.9989352493607617,K
200,3ada1724-89b3-4190-83d0-8b2217b7aa5a,0.562648355960846,0.9989352506649272,K
200,50ccfda5-6952-4a30-a8ea-1fcdd59de8d2,0.562648355960846,0.9989352491665243,K
200,732083b3-b561-48c0-b999-f7a6b164a08f,0.562648355960846,0.9989352497214883,K
200,76bce893-5b05-4244-a6d8-f51a7d58f8f7,0.562648355960846,0.9989352499157257,K
200,90786c9b-461d-4e4d-977f-ed0764206480,0.562648355960846,0.9989352495272509,K
200,d1805529-6794-4f82-9eb4-2b3a9a4dfdef,0.562648355960846,0.9989352501099631,K
200,dfef75de-8fb7-4f1d-acc3-38a52b773932,0.562648355960846,0.9989352504984379,K
200,ea12cbd0-266d-47ee-9426-18e6b56939b5,0.562648355960846,0.9989352503042005,K
200,f9e10c27-fc2c-40af-9439-75cab4613420,0.562648355960846,0.9989352508869128,K
