turn,k_count,episode_id,similarity_score,topic_label,k_only
15,3,54712973-88f8-4b55-ac3c-f310d4e84f9a,0.5236513018608093,topic_2,True
16,3,54712973-88f8-4b55-ac3c-f310d4e84f9a,0.5216398239135742,topic_2,True
17,3,1920be23-5de7-437f-b718-8d6484c08894,0.5096549987792969,topic_2,True
18,4,bf2a80df-6314-4163-95f4-025289e33705,0.845180332660675,topic_2,True
18,4,54712973-88f8-4b55-ac3c-f310d4e84f9a,0.566106379032135,topic_2,True
19,2,cebcdc92-0d26-42be-9f2b-65d72e7de516,0.7762098908424377,topic_2,True
20,2,1fa495db-8989-4e3e-9c16-f14e262bd254,0.9091088175773621,topic_2,True
21,2,54712973-88f8-4b55-ac3c-f310d4e84f9a,0.9184969067573547,topic_2,True
22,2,1920be23-5de7-437f-b718-8d6484c08894,0.8659939169883728,topic_2,True
23,5,54712973-88f8-4b55-ac3c-f310d4e84f9a,0.5236513018608093,topic_2,True
23,5,4edeb949-e631-4bee-a874-018ce0cbb08e,0.8470087051391602,topic_2,True
23,5,2abb50eb-8207-4f27-8894-940c4fb5ba0c,0.5236513018608093,topic_2,True
24,5,54712973-88f8-4b55-ac3c-f310d4e84f9a,0.5216398239135742,topic_2,True
24,5,ae28eb05-6ce6-437e-a288-28ff4b3874e5,0.8807029128074646,topic_2,True
24,5,2abb50eb-8207-4f27-8894-940c4fb5ba0c,0.5216398239135742,topic_2,True
25,5,1920be23-5de7-437f-b718-8d6484c08894,0.5096549987792969,topic_2,True
25,5,abf88363-77f9-4d77-84b5-6097ace2c2bc,0.8043638467788696,topic_2,True
25,5,750cdb5d-ce94-4e32-998f-3d059aac5bd4,0.5096549987792969,topic_2,True
26,6,bf2a80df-6314-4163-95f4-025289e33705,0.845180332660675,topic_2,True
26,6,54712973-88f8-4b55-ac3c-f310d4e84f9a,0.566106379032135,topic_2,True
26,6,cb46bacb-a054-4a44-bdad-3a104b7f64f4,0.845180332660675,topic_2,True
26,6,2abb50eb-8207-4f27-8894-940c4fb5ba0c,0.566106379032135,topic_2,True
27,3,cebcdc92-0d26-42be-9f2b-65d72e7de516,0.7762098908424377,topic_2,True
27,3,03b36924-c78f-4995-888d-5adc7b1ac66e,0.7762098908424377,topic_2,True
28,3,1fa495db-8989-4e3e-9c16-f14e262bd254,0.9091088175773621,topic_2,True
28,3,782dfe15-a3b9-4767-9529-0219358c877d,0.9091088175773621,topic_2,True
29,3,54712973-88f8-4b55-ac3c-f310d4e84f9a,0.9184969067573547,topic_2,True
29,3,2abb50eb-8207-4f27-8894-940c4fb5ba0c,0.9184969067573547,topic_2,True
30,3,1920be23-5de7-437f-b718-8d6484c08894,0.8659939169883728,topic_2,True
30,3,750cdb5d-ce94-4e32-998f-3d059aac5bd4,0.8659939169883728,topic_2,True
31,7,54712973-88f8-4b55-ac3c-f310d4e84f9a,0.5236513018608093,topic_2,True
31,7,4edeb949-e631-4bee-a874-018ce0cbb08e,0.8470087051391602,topic_2,True
31,7,2abb50eb-8207-4f27-8894-940c4fb5ba0c,0.5236513018608093,topic_2,True
31,7,6a356614-0d61-40ed-9dcf-7513f1a50277,0.8470087051391602,topic_2,True
31,7,c47bb50c-bdfe-44ba-9585-db756efb1f92,0.5236513018608093,topic_2,True
32,7,54712973-88f8-4b55-ac3c-f310d4e84f9a,0.5216398239135742,topic_2,True
32,7,ae28eb05-6ce6-437e-a288-28ff4b3874e5,0.8807029128074646,topic_2,True
32,7,2abb50eb-8207-4f27-8894-940c4fb5ba0c,0.5216398239135742,topic_2,True
32,7,09537d4e-e05f-42e1-a52d-78c649b6b505,0.8807029128074646,topic_2,True
32,7,c47bb50c-bdfe-44ba-9585-db756efb1f92,0.5216398239135742,topic_2,True
33,7,1920be23-5de7-437f-b718-8d6484c08894,0.5096549987792969,topic_2,True
33,7,abf88363-77f9-4d77-84b5-6097ace2c2bc,0.8043638467788696,topic_2,True
33,7,750cdb5d-ce94-4e32-998f-3d059aac5bd4,0.5096549987792969,topic_2,True
33,7,d127c7fb-a84a-481f-8416-3ea65cecb8b4,0.8043638467788696,topic_2,True
33,7,8485522c-9ac9-4692-8cc3-eac90172ea36,0.5096549987792969,topic_2,True
34,8,bf2a80df-6314-4163-95f4-025289e33705,0.845180332660675,topic_2,True
34,8,54712973-88f8-4b55-ac3c-f310d4e84f9a,0.566106379032135,topic_2,True
34,8,cb46bacb-a054-4a44-bdad-3a104b7f64f4,0.845180332660675,topic_2,True
34,8,2abb50eb-8207-4f27-8894-940c4fb5ba0c,0.566106379032135,topic_2,True
34,8,71e28ebc-6881-4adf-9dfb-983ef9834dee,0.845180332660675,topic_2,True
34,8,c47bb50c-bdfe-44ba-9585-db756efb1f92,0.566106379032135,topic_2,True
35,4,cebcdc92-0d26-42be-9f2b-65d72e7de516,0.7762098908424377,topic_2,True
35,4,03b36924-c78f-4995-888d-5adc7b1ac66e,0.7762098908424377,topic_2,True
35,4,6ceda697-0a9a-4256-80b2-11a6e82c27ca,0.7762098908424377,topic_2,True
36,4,1fa495db-8989-4e3e-9c16-f14e262bd254,0.9091088175773621,topic_2,True
36,4,782dfe15-a3b9-4767-9529-0219358c877d,0.9091088175773621,topic_2,True
36,4,70efb360-fc50-4c55-a8e1-125487171057,0.9091088175773621,topic_2,True
37,4,54712973-88f8-4b55-ac3c-f310d4e84f9a,0.9184969067573547,topic_2,True
37,4,2abb50eb-8207-4f27-8894-940c4fb5ba0c,0.9184969067573547,topic_2,True
37,4,c47bb50c-bdfe-44ba-9585-db756efb1f92,0.9184969067573547,topic_2,True
38,4,1920be23-5de7-437f-b718-8d6484c08894,0.8659939169883728,topic_2,True
38,4,750cdb5d-ce94-4e32-998f-3d059aac5bd4,0.8659939169883728,topic_2,True
38,4,8485522c-9ac9-4692-8cc3-eac90172ea36,0.8659939169883728,topic_2,True
39,9,54712973-88f8-4b55-ac3c-f310d4e84f9a,0.5236513018608093,topic_2,True
39,9,4edeb949-e631-4bee-a874-018ce0cbb08e,0.8470087051391602,topic_2,True
39,9,2abb50eb-8207-4f27-8894-940c4fb5ba0c,0.5236513018608093,topic_2,True
39,9,6a356614-0d61-40ed-9dcf-7513f1a50277,0.8470087051391602,topic_2,True
39,9,c47bb50c-bdfe-44ba-9585-db756efb1f92,0.5236513018608093,topic_2,True
39,9,50a22fe1-f596-4289-97e3-11c2d8787834,0.8470087051391602,topic_2,True
39,9,cdab52b6-dbe8-4e8a-a8a4-174523e0da1d,0.5236513018608093,topic_2,True
41,9,1920be23-5de7-437f-b718-8d6484c08894,0.5096549987792969,topic_2,True
41,9,abf88363-77f9-4d77-84b5-6097ace2c2bc,0.8043638467788696,topic_2,True
41,9,750cdb5d-ce94-4e32-998f-3d059aac5bd4,0.5096549987792969,topic_2,True
41,9,d127c7fb-a84a-481f-8416-3ea65cecb8b4,0.8043638467788696,topic_2,True
41,9,8485522c-9ac9-4692-8cc3-eac90172ea36,0.5096549987792969,topic_2,True
41,9,2c7c1fda-87c3-4b47-a87a-79ab13744c23,0.8043638467788696,topic_2,True
41,9,d4485080-919f-457a-b9e0-34c9c53c75d1,0.5096549987792969,topic_2,True
42,10,bf2a80df-6314-4163-95f4-025289e33705,0.845180332660675,topic_2,True
42,10,54712973-88f8-4b55-ac3c-f310d4e84f9a,0.566106379032135,topic_2,True
42,10,cb46bacb-a054-4a44-bdad-3a104b7f64f4,0.845180332660675,topic_2,True
42,10,2abb50eb-8207-4f27-8894-940c4fb5ba0c,0.566106379032135,topic_2,True
42,10,71e28ebc-6881-4adf-9dfb-983ef9834dee,0.845180332660675,topic_2,True
42,10,c47bb50c-bdfe-44ba-9585-db756efb1f92,0.566106379032135,topic_2,True
42,10,3e4c84b1-e19c-460e-95fd-835971a7dae8,0.845180332660675,topic_2,True
42,10,cdab52b6-dbe8-4e8a-a8a4-174523e0da1d,0.566106379032135,topic_2,True
43,5,cebcdc92-0d26-42be-9f2b-65d72e7de516,0.7762098908424377,topic_2,True
43,5,03b36924-c78f-4995-888d-5adc7b1ac66e,0.7762098908424377,topic_2,True
43,5,6ceda697-0a9a-4256-80b2-11a6e82c27ca,0.7762098908424377,topic_2,True
43,5,f2640449-62fa-4de6-9f06-31c3f0e9d9cc,0.7762098908424377,topic_2,True
44,5,1fa495db-8989-4e3e-9c16-f14e262bd254,0.9091088175773621,topic_2,True
44,5,782dfe15-a3b9-4767-9529-0219358c877d,0.9091088175773621,topic_2,True
44,5,70efb360-fc50-4c55-a8e1-125487171057,0.9091088175773621,topic_2,True
44,5,95fbeb55-b058-429e-8b61-15c89f867625,0.9091088175773621,topic_2,True
45,5,54712973-88f8-4b55-ac3c-f310d4e84f9a,0.9184969067573547,topic_2,True
45,5,2abb50eb-8207-4f27-8894-940c4fb5ba0c,0.9184969067573547,topic_2,True
45,5,c47bb50c-bdfe-44ba-9585-db756efb1f92,0.9184969067573547,topic_2,True
45,5,cdab52b6-dbe8-4e8a-a8a4-174523e0da1d,0.9184969067573547,topic_2,True
46,5,1920be23-5de7-437f-b718-8d6484c08894,0.8659939169883728,topic_2,True
46,5,750cdb5d-ce94-4e32-998f-3d059aac5bd4,0.8659939169883728,topic_2,True
46,5,8485522c-9ac9-4692-8cc3-eac90172ea36,0.8659939169883728,topic_2,True
46,5,d4485080-919f-457a-b9e0-34c9c53c75d1,0.8659939169883728,topic_2,True
47,11,54712973-88f8-4b55-ac3c-f310d4e84f9a,0.5236513018608093,topic_2,True
47,11,4edeb949-e631-4bee-a874-018ce0cbb08e,0.8470087051391602,topic_2,True
47,11,2abb50eb-8207-4f27-8894-940c4fb5ba0c,0.5236513018608093,topic_2,True
47,11,6a356614-0d61-40ed-9dcf-7513f1a50277,0.8470087051391602,topic_2,True
47,11,c47bb50c-bdfe-44ba-9585-db756efb1f92,0.5236513018608093,topic_2,True
47,11,50a22fe1-f596-4289-97e3-11c2d8787834,0.8470087051391602,topic_2,True
47,11,cdab52b6-dbe8-4e8a-a8a4-174523e0da1d,0.5236513018608093,topic_2,True
47,11,8b86dfb0-8b4d-4580-97a3-a65b0a3d7621,0.8470087051391602,topic_2,True
47,11,98b3b619-8435-43e3-86b2-66ea005cdb1f,0.5236513018608093,topic_2,True
48,10,54712973-88f8-4b55-ac3c-f310d4e84f9a,0.5216398239135742,topic_2,True
48,10,ae28eb05-6ce6-437e-a288-28ff4b3874e5,0.8807029128074646,topic_2,True
48,10,2abb50eb-8207-4f27-8894-940c4fb5ba0c,0.5216398239135742,topic_2,True
48,10,09537d4e-e05f-42e1-a52d-78c649b6b505,0.8807029128074646,topic_2,True
48,10,c47bb50c-bdfe-44ba-9585-db756efb1f92,0.5216398239135742,topic_2,True
48,10,3b5480b8-7edd-4147-9a51-10f576388432,0.8807029128074646,topic_2,True
48,10,cdab52b6-dbe8-4e8a-a8a4-174523e0da1d,0.5216398239135742,topic_2,True
48,10,98b3b619-8435-43e3-86b2-66ea005cdb1f,0.5216398239135742,topic_2,True
49,11,1920be23-5de7-437f-b718-8d6484c08894,0.5096549987792969,topic_2,True
49,11,abf88363-77f9-4d77-84b5-6097ace2c2bc,0.8043638467788696,topic_2,True
49,11,750cdb5d-ce94-4e32-998f-3d059aac5bd4,0.5096549987792969,topic_2,True
49,11,d127c7fb-a84a-481f-8416-3ea65cecb8b4,0.8043638467788696,topic_2,True
49,11,8485522c-9ac9-4692-8cc3-eac90172ea36,0.5096549987792969,topic_2,True
49,11,2c7c1fda-87c3-4b47-a87a-79ab13744c23,0.8043638467788696,topic_2,True
49,11,d4485080-919f-457a-b9e0-34c9c53c75d1,0.5096549987792969,topic_2,True
49,11,d5db8e77-a63a-4453-90af-d6922bbfbd36,0.8043638467788696,topic_2,True
49,11,dac8c404-6c50-4614-8345-14588fe074f5,0.5096549987792969,topic_2,True
50,12,bf2a80df-6314-4163-95f4-025289e33705,0.845180332660675,topic_2,True
50,12,54712973-88f8-4b55-ac3c-f310d4e84f9a,0.566106379032135,topic_2,True
50,12,cb46bacb-a054-4a44-bdad-3a104b7f64f4,0.845180332660675,topic_2,True
50,12,2abb50eb-8207-4f27-8894-940c4fb5ba0c,0.566106379032135,topic_2,True
50,12,71e28ebc-6881-4adf-9dfb-983ef9834dee,0.845180332660675,topic_2,True
50,12,c47bb50c-bdfe-44ba-9585-db756efb1f92,0.566106379032135,topic_2,True
50,12,3e4c84b1-e19c-460e-95fd-835971a7dae8,0.845180332660675,topic_2,True
50,12,cdab52b6-dbe8-4e8a-a8a4-174523e0da1d,0.566106379032135,topic_2,True
50,12,bfb0a09b-c604-438e-9c9e-36d0c0fa1135,0.845180332660675,topic_2,True
50,12,98b3b619-8435-43e3-86b2-66ea005cdb1f,0.566106379032135,topic_2,True
51,6,cebcdc92-0d26-42be-9f2b-65d72e7de516,0.7762098908424377,topic_2,True
51,6,03b36924-c78f-4995-888d-5adc7b1ac66e,0.7762098908424377,topic_2,True
51,6,6ceda697-0a9a-4256-80b2-11a6e82c27ca,0.7762098908424377,topic_2,True
51,6,f2640449-62fa-4de6-9f06-31c3f0e9d9cc,0.7762098908424377,topic_2,True
51,6,7a2f3320-dca7-4a76-9bff-9e5a0e11fd0f,0.7762098908424377,topic_2,True
52,6,1fa495db-8989-4e3e-9c16-f14e262bd254,0.9091088175773621,topic_2,True
52,6,782dfe15-a3b9-4767-9529-0219358c877d,0.9091088175773621,topic_2,True
52,6,70efb360-fc50-4c55-a8e1-125487171057,0.9091088175773621,topic_2,True
52,6,95fbeb55-b058-429e-8b61-15c89f867625,0.9091088175773621,topic_2,True
52,6,3b622472-7625-4a2f-acdd-a0ee832a7c23,0.9091088175773621,topic_2,True
53,6,54712973-88f8-4b55-ac3c-f310d4e84f9a,0.9184969067573547,topic_2,True
53,6,2abb50eb-8207-4f27-8894-940c4fb5ba0c,0.9184969067573547,topic_2,True
53,6,c47bb50c-bdfe-44ba-9585-db756efb1f92,0.9184969067573547,topic_2,True
53,6,cdab52b6-dbe8-4e8a-a8a4-174523e0da1d,0.9184969067573547,topic_2,True
53,6,98b3b619-8435-43e3-86b2-66ea005cdb1f,0.9184969067573547,topic_2,True
54,6,1920be23-5de7-437f-b718-8d6484c08894,0.8659939169883728,topic_2,True
54,6,750cdb5d-ce94-4e32-998f-3d059aac5bd4,0.8659939169883728,topic_2,True
54,6,8485522c-9ac9-4692-8cc3-eac90172ea36,0.8659939169883728,topic_2,True
54,6,d4485080-919f-457a-b9e0-34c9c53c75d1,0.8659939169883728,topic_2,True
54,6,dac8c404-6c50-4614-8345-14588fe074f5,0.8659939169883728,topic_2,True
55,13,54712973-88f8-4b55-ac3c-f310d4e84f9a,0.5236513018608093,topic_2,True
55,13,4edeb949-e631-4bee-a874-018ce0cbb08e,0.8470087051391602,topic_2,True
55,13,2abb50eb-8207-4f27-8894-940c4fb5ba0c,0.5236513018608093,topic_2,True
55,13,6a356614-0d61-40ed-9dcf-7513f1a50277,0.8470087051391602,topic_2,True
55,13,c47bb50c-bdfe-44ba-9585-db756efb1f92,0.5236513018608093,topic_2,True
55,13,50a22fe1-f596-4289-97e3-11c2d8787834,0.8470087051391602,topic_2,True
55,13,cdab52b6-dbe8-4e8a-a8a4-174523e0da1d,0.5236513018608093,topic_2,True
55,13,8b86dfb0-8b4d-4580-97a3-a65b0a3d7621,0.8470087051391602,topic_2,True
55,13,98b3b619-8435-43e3-86b2-66ea005cdb1f,0.5236513018608093,topic_2,True
55,13,6304d7d4-f77a-462c-900c-daf5bd601f3c,0.8470087051391602,topic_2,True
55,13,715070c4-1aed-48b5-ae33-6a37d3b7d991,0.5236513018608093,topic_2,True
56,12,54712973-88f8-4b55-ac3c-f310d4e84f9a,0.5216398239135742,topic_2,True
56,12,ae28eb05-6ce6-437e-a288-28ff4b3874e5,0.8807029128074646,topic_2,True
56,12,2abb50eb-8207-4f27-8894-940c4fb5ba0c,0.5216398239135742,topic_2,True
56,12,09537d4e-e05f-42e1-a52d-78c649b6b505,0.8807029128074646,topic_2,True
56,12,c47bb50c-bdfe-44ba-9585-db756efb1f92,0.5216398239135742,topic_2,True
56,12,3b5480b8-7edd-4147-9a51-10f576388432,0.8807029128074646,topic_2,True
56,12,cdab52b6-dbe8-4e8a-a8a4-174523e0da1d,0.5216398239135742,topic_2,True
56,12,98b3b619-8435-43e3-86b2-66ea005cdb1f,0.5216398239135742,topic_2,True
56,12,a6bd7cd3-c58e-4cdb-be02-ecc21fc7245b,0.8807029128074646,topic_2,True
56,12,715070c4-1aed-48b5-ae33-6a37d3b7d991,0.5216398239135742,topic_2,True
57,13,1920be23-5de7-437f-b718-8d6484c08894,0.5096549987792969,topic_2,True
57,13,abf88363-77f9-4d77-84b5-6097ace2c2bc,0.8043638467788696,topic_2,True
57,13,750cdb5d-ce94-4e32-998f-3d059aac5bd4,0.5096549987792969,topic_2,True
57,13,d127c7fb-a84a-481f-8416-3ea65cecb8b4,0.8043638467788696,topic_2,True
57,13,8485522c-9ac9-4692-8cc3-eac90172ea36,0.5096549987792969,topic_2,True
57,13,2c7c1fda-87c3-4b47-a87a-79ab13744c23,0.8043638467788696,topic_2,True
57,13,d4485080-919f-457a-b9e0-34c9c53c75d1,0.5096549987792969,topic_2,True
57,13,d5db8e77-a63a-4453-90af-d6922bbfbd36,0.8043638467788696,topic_2,True
57,13,dac8c404-6c50-4614-8345-14588fe074f5,0.5096549987792969,topic_2,True
57,13,d73ebeee-f005-4b98-bbc8-c4ef37b4c3ea,0.8043638467788696,topic_2,True
57,13,fd6ddde0-b090-452f-9ee0-1d9987b31c12,0.5096549987792969,topic_2,True
58,14,bf2a80df-6314-4163-95f4-025289e33705,0.845180332660675,topic_2,True
58,14,54712973-88f8-4b55-ac3c-f310d4e84f9a,0.566106379032135,topic_2,True
58,14,cb46bacb-a054-4a44-bdad-3a104b7f64f4,0.845180332660675,topic_2,True
58,14,2abb50eb-8207-4f27-8894-940c4fb5ba0c,0.566106379032135,topic_2,True
58,14,71e28ebc-6881-4adf-9dfb-983ef9834dee,0.845180332660675,topic_2,True
58,14,c47bb50c-bdfe-44ba-9585-db756efb1f92,0.566106379032135,topic_2,True
58,14,3e4c84b1-e19c-460e-95fd-835971a7dae8,0.845180332660675,topic_2,True
58,14,cdab52b6-dbe8-4e8a-a8a4-174523e0da1d,0.566106379032135,topic_2,True
58,14,bfb0a09b-c604-438e-9c9e-36d0c0fa1135,0.845180332660675,topic_2,True
58,14,98b3b619-8435-43e3-86b2-66ea005cdb1f,0.566106379032135,topic_2,True
58,14,3b1b3b23-464f-4be3-8b8e-ef7daa8ba191,0.845180332660675,topic_2,True
58,14,715070c4-1aed-48b5-ae33-6a37d3b7d991,0.566106379032135,topic_2,True
59,7,cebcdc92-0d26-42be-9f2b-65d72e7de516,0.7762098908424377,topic_2,True
59,7,03b36924-c78f-4995-888d-5adc7b1ac66e,0.7762098908424377,topic_2,True
59,7,6ceda697-0a9a-4256-80b2-11a6e82c27ca,0.7762098908424377,topic_2,True
59,7,f2640449-62fa-4de6-9f06-31c3f0e9d9cc,0.7762098908424377,topic_2,True
59,7,7a2f3320-dca7-4a76-9bff-9e5a0e11fd0f,0.7762098908424377,topic_2,True
59,7,9d5b9b32-3423-4615-9959-47b82a5ff77b,0.7762098908424377,topic_2,True
60,7,1fa495db-8989-4e3e-9c16-f14e262bd254,0.9091088175773621,topic_2,True
60,7,782dfe15-a3b9-4767-9529-0219358c877d,0.9091088175773621,topic_2,True
60,7,70efb360-fc50-4c55-a8e1-125487171057,0.9091088175773621,topic_2,True
60,7,95fbeb55-b058-429e-8b61-15c89f867625,0.9091088175773621,topic_2,True
60,7,3b622472-7625-4a2f-acdd-a0ee832a7c23,0.9091088175773621,topic_2,True
60,7,4119b0b6-3bf8-446b-be25-c280c2b258d7,0.9091088175773621,topic_2,True
61,7,54712973-88f8-4b55-ac3c-f310d4e84f9a,0.9184969067573547,topic_2,True
61,7,2abb50eb-8207-4f27-8894-940c4fb5ba0c,0.9184969067573547,topic_2,True
61,7,c47bb50c-bdfe-44ba-9585-db756efb1f92,0.9184969067573547,topic_2,True
61,7,cdab52b6-dbe8-4e8a-a8a4-174523e0da1d,0.9184969067573547,topic_2,True
61,7,98b3b619-8435-43e3-86b2-66ea005cdb1f,0.9184969067573547,topic_2,True
61,7,715070c4-1aed-48b5-ae33-6a37d3b7d991,0.9184969067573547,topic_2,True
62,7,1920be23-5de7-437f-b718-8d6484c08894,0.8659939169883728,topic_2,True
62,7,750cdb5d-ce94-4e32-998f-3d059aac5bd4,0.8659939169883728,topic_2,True
62,7,8485522c-9ac9-4692-8cc3-eac90172ea36,0.8659939169883728,topic_2,True
62,7,d4485080-919f-457a-b9e0-34c9c53c75d1,0.8659939169883728,topic_2,True
62,7,dac8c404-6c50-4614-8345-14588fe074f5,0.8659939169883728,topic_2,True
62,7,fd6ddde0-b090-452f-9ee0-1d9987b31c12,0.8659939169883728,topic_2,True
63,15,54712973-88f8-4b55-ac3c-f310d4e84f9a,0.5236513018608093,topic_2,True
63,15,4edeb949-e631-4bee-a874-018ce0cbb08e,0.8470087051391602,topic_2,True
63,15,2abb50eb-8207-4f27-8894-940c4fb5ba0c,0.5236513018608093,topic_2,True
63,15,6a356614-0d61-40ed-9dcf-7513f1a50277,0.8470087051391602,topic_2,True
63,15,c47bb50c-bdfe-44ba-9585-db756efb1f92,0.5236513018608093,topic_2,True
63,15,50a22fe1-f596-4289-97e3-11c2d8787834,0.8470087051391602,topic_2,True
63,15,cdab52b6-dbe8-4e8a-a8a4-174523e0da1d,0.5236513018608093,topic_2,True
63,15,8b86dfb0-8b4d-4580-97a3-a65b0a3d7621,0.8470087051391602,topic_2,True
63,15,98b3b619-8435-43e3-86b2-66ea005cdb1f,0.5236513018608093,topic_2,True
63,15,6304d7d4-f77a-462c-900c-daf5bd601f3c,0.8470087051391602,topic_2,True
63,15,715070c4-1aed-48b5-ae33-6a37d3b7d991,0.5236513018608093,topic_2,True
63,15,d1a5c0dc-2b29-475a-bb90-15256439811d,0.8470087051391602,topic_2,True
63,15,0c625430-83eb-4ad8-ba5b-75b84597bddc,0.5236513018608093,topic_2,True
64,14,54712973-88f8-4b55-ac3c-f310d4e84f9a,0.5216398239135742,topic_2,True
64,14,ae28eb05-6ce6-437e-a288-28ff4b3874e5,0.8807029128074646,topic_2,True
64,14,2abb50eb-8207-4f27-8894-940c4fb5ba0c,0.5216398239135742,topic_2,True
64,14,09537d4e-e05f-42e1-a52d-78c649b6b505,0.8807029128074646,topic_2,True
64,14,c47bb50c-bdfe-44ba-9585-db756efb1f92,0.5216398239135742,topic_2,True
64,14,3b5480b8-7edd-4147-9a51-10f576388432,0.8807029128074646,topic_2,True
64,14,cdab52b6-dbe8-4e8a-a8a4-174523e0da1d,0.5216398239135742,topic_2,True
64,14,98b3b619-8435-43e3-86b2-66ea005cdb1f,0.5216398239135742,topic_2,True
64,14,a6bd7cd3-c58e-4cdb-be02-ecc21fc7245b,0.8807029128074646,topic_2,True
64,14,715070c4-1aed-48b5-ae33-6a37d3b7d991,0.5216398239135742,topic_2,True
64,14,bed86c39-42bd-4407-811e-887da686288e,0.8807029128074646,topic_2,True
64,14,0c625430-83eb-4ad8-ba5b-75b84597bddc,0.5216398239135742,topic_2,True
65,15,1920be23-5de7-437f-b718-8d6484c08894,0.5096549987792969,topic_2,True
65,15,abf88363-77f9-4d77-84b5-6097ace2c2bc,0.8043638467788696,topic_2,True
65,15,750cdb5d-ce94-4e32-998f-3d059aac5bd4,0.5096549987792969,topic_2,True
65,15,d127c7fb-a84a-481f-8416-3ea65cecb8b4,0.8043638467788696,topic_2,True
65,15,8485522c-9ac9-4692-8cc3-eac90172ea36,0.5096549987792969,topic_2,True
65,15,2c7c1fda-87c3-4b47-a87a-79ab13744c23,0.8043638467788696,topic_2,True
65,15,d4485080-919f-457a-b9e0-34c9c53c75d1,0.5096549987792969,topic_2,True
65,15,d5db8e77-a63a-4453-90af-d6922bbfbd36,0.8043638467788696,topic_2,True
65,15,dac8c404-6c50-4614-8345-14588fe074f5,0.5096549987792969,topic_2,True
65,15,d73ebeee-f005-4b98-bbc8-c4ef37b4c3ea,0.8043638467788696,topic_2,True
65,15,fd6ddde0-b090-452f-9ee0-1d9987b31c12,0.5096549987792969,topic_2,True
65,15,e6ce2c6d-0c28-46c7-91c1-4eaa02556e3f,0.8043638467788696,topic_2,True
65,15,e8eeda09-ecac-4741-b45e-c84e65a72419,0.5096549987792969,topic_2,True
66,16,bf2a80df-6314-4163-95f4-025289e33705,0.845180332660675,topic_2,True
66,16,54712973-88f8-4b55-ac3c-f310d4e84f9a,0.566106379032135,topic_2,True
66,16,cb46bacb-a054-4a44-bdad-3a104b7f64f4,0.845180332660675,topic_2,True
66,16,2abb50eb-8207-4f27-8894-940c4fb5ba0c,0.566106379032135,topic_2,True
66,16,71e28ebc-6881-4adf-9dfb-983ef9834dee,0.845180332660675,topic_2,True
66,16,c47bb50c-bdfe-44ba-9585-db756efb1f92,0.566106379032135,topic_2,True
66,16,3e4c84b1-e19c-460e-95fd-835971a7dae8,0.845180332660675,topic_2,True
66,16,cdab52b6-dbe8-4e8a-a8a4-174523e0da1d,0.566106379032135,topic_2,True
66,16,bfb0a09b-c604-438e-9c9e-36d0c0fa1135,0.845180332660675,topic_2,True
66,16,98b3b619-8435-43e3-86b2-66ea005cdb1f,0.566106379032135,topic_2,True
66,16,3b1b3b23-464f-4be3-8b8e-ef7daa8ba191,0.845180332660675,topic_2,True
66,16,715070c4-1aed-48b5-ae33-6a37d3b7d991,0.566106379032135,topic_2,True
66,16,6d47adea-79f0-4a15-93f7-b1ca3d86adaa,0.845180332660675,topic_2,True
66,16,0c625430-83eb-4ad8-ba5b-75b84597bddc,0.566106379032135,topic_2,True
67,8,cebcdc92-0d26-42be-9f2b-65d72e7de516,0.7762098908424377,topic_2,True
67,8,03b36924-c78f-4995-888d-5adc7b1ac66e,0.7762098908424377,topic_2,True
67,8,6ceda697-0a9a-4256-80b2-11a6e82c27ca,0.7762098908424377,topic_2,True
67,8,f2640449-62fa-4de6-9f06-31c3f0e9d9cc,0.7762098908424377,topic_2,True
67,8,7a2f3320-dca7-4a76-9bff-9e5a0e11fd0f,0.7762098908424377,topic_2,True
67,8,9d5b9b32-3423-4615-9959-47b82a5ff77b,0.7762098908424377,topic_2,True
67,8,5f05f35b-b56c-4128-9260-1299851a227f,0.7762098908424377,topic_2,True
68,8,1fa495db-8989-4e3e-9c16-f14e262bd254,0.9091088175773621,topic_2,True
68,8,782dfe15-a3b9-4767-9529-0219358c877d,0.9091088175773621,topic_2,True
68,8,70efb360-fc50-4c55-a8e1-125487171057,0.9091088175773621,topic_2,True
68,8,95fbeb55-b058-429e-8b61-15c89f867625,0.9091088175773621,topic_2,True
68,8,3b622472-7625-4a2f-acdd-a0ee832a7c23,0.9091088175773621,topic_2,True
68,8,4119b0b6-3bf8-446b-be25-c280c2b258d7,0.9091088175773621,topic_2,True
68,8,1de49c7e-5fb3-4aee-8dc9-1a0752e2dcb7,0.9091088175773621,topic_2,True
69,8,54712973-88f8-4b55-ac3c-f310d4e84f9a,0.9184969067573547,topic_2,True
69,8,2abb50eb-8207-4f27-8894-940c4fb5ba0c,0.9184969067573547,topic_2,True
69,8,c47bb50c-bdfe-44ba-9585-db756efb1f92,0.9184969067573547,topic_2,True
69,8,cdab52b6-dbe8-4e8a-a8a4-174523e0da1d,0.9184969067573547,topic_2,True
69,8,98b3b619-8435-43e3-86b2-66ea005cdb1f,0.9184969067573547,topic_2,True
69,8,715070c4-1aed-48b5-ae33-6a37d3b7d991,0.9184969067573547,topic_2,True
69,8,0c625430-83eb-4ad8-ba5b-75b84597bddc,0.9184969067573547,topic_2,True
70,8,1920be23-5de7-437f-b718-8d6484c08894,0.8659939169883728,topic_2,True
70,8,750cdb5d-ce94-4e32-998f-3d059aac5bd4,0.8659939169883728,topic_2,True
70,8,8485522c-9ac9-4692-8cc3-eac90172ea36,0.8659939169883728,topic_2,True
70,8,d4485080-919f-457a-b9e0-34c9c53c75d1,0.8659939169883728,topic_2,True
70,8,dac8c404-6c50-4614-8345-14588fe074f5,0.8659939169883728,topic_2,True
70,8,fd6ddde0-b090-452f-9ee0-1d9987b31c12,0.8659939169883728,topic_2,True
70,8,e8eeda09-ecac-4741-b45e-c84e65a72419,0.8659939169883728,topic_2,True
71,17,54712973-88f8-4b55-ac3c-f310d4e84f9a,0.5236513018608093,topic_2,True
71,17,4edeb949-e631-4bee-a874-018ce0cbb08e,0.8470087051391602,topic_2,True
71,17,2abb50eb-8207-4f27-8894-940c4fb5ba0c,0.5236513018608093,topic_2,True
71,17,6a356614-0d61-40ed-9dcf-7513f1a50277,0.8470087051391602,topic_2,True
71,17,c47bb50c-bdfe-44ba-9585-db756efb1f92,0.5236513018608093,topic_2,True
71,17,50a22fe1-f596-4289-97e3-11c2d8787834,0.8470087051391602,topic_2,True
71,17,cdab52b6-dbe8-4e8a-a8a4-174523e0da1d,0.5236513018608093,topic_2,True
71,17,8b86dfb0-8b4d-4580-97a3-a65b0a3d7621,0.8470087051391602,topic_2,True
71,17,98b3b619-8435-43e3-86b2-66ea005cdb1f,0.5236513018608093,topic_2,True
71,17,6304d7d4-f77a-462c-900c-daf5bd601f3c,0.8470087051391602,topic_2,True
71,17,715070c4-1aed-48b5-ae33-6a37d3b7d991,0.5236513018608093,topic_2,True
71,17,d1a5c0dc-2b29-475a-bb90-15256439811d,0.8470087051391602,topic_2,True
71,17,0c625430-83eb-4ad8-ba5b-75b84597bddc,0.5236513018608093,topic_2,True
71,17,8966eac1-e8f8-41d1-bc4b-c9853edf0aa2,0.8470087051391602,topic_2,True
71,17,cd48d940-0a76-402d-9dfc-ce7052b02b37,0.5236513018608093,topic_2,True
72,16,54712973-88f8-4b55-ac3c-f310d4e84f9a,0.5216398239135742,topic_2,True
72,16,ae28eb05-6ce6-437e-a288-28ff4b3874e5,0.8807029128074646,topic_2,True
72,16,2abb50eb-8207-4f27-8894-940c4fb5ba0c,0.5216398239135742,topic_2,True
72,16,09537d4e-e05f-42e1-a52d-78c649b6b505,0.8807029128074646,topic_2,True
72,16,c47bb50c-bdfe-44ba-9585-db756efb1f92,0.5216398239135742,topic_2,True
72,16,3b5480b8-7edd-4147-9a51-10f576388432,0.8807029128074646,topic_2,True
72,16,cdab52b6-dbe8-4e8a-a8a4-174523e0da1d,0.5216398239135742,topic_2,True
72,16,98b3b619-8435-43e3-86b2-66ea005cdb1f,0.5216398239135742,topic_2,True
72,16,a6bd7cd3-c58e-4cdb-be02-ecc21fc7245b,0.8807029128074646,topic_2,True
72,16,715070c4-1aed-48b5-ae33-6a37d3b7d991,0.5216398239135742,topic_2,True
72,16,bed86c39-42bd-4407-811e-887da686288e,0.8807029128074646,topic_2,True
72,16,0c625430-83eb-4ad8-ba5b-75b84597bddc,0.5216398239135742,topic_2,True
72,16,8fc8e182-c1e5-4786-9abc-2f95d7c25741,0.8807029128074646,topic_2,True
72,16,cd48d940-0a76-402d-9dfc-ce7052b02b37,0.5216398239135742,topic_2,True
73,17,1920be23-5de7-437f-b718-8d6484c08894,0.5096549987792969,topic_2,True
73,17,abf88363-77f9-4d77-84b5-6097ace2c2bc,0.8043638467788696,topic_2,True
73,17,750cdb5d-ce94-4e32-998f-3d059aac5bd4,0.5096549987792969,topic_2,True
73,17,d127c7fb-a84a-481f-8416-3ea65cecb8b4,0.8043638467788696,topic_2,True
73,17,8485522c-9ac9-4692-8cc3-eac90172ea36,0.5096549987792969,topic_2,True
73,17,2c7c1fda-87c3-4b47-a87a-79ab13744c23,0.8043638467788696,topic_2,True
73,17,d4485080-919f-457a-b9e0-34c9c53c75d1,0.5096549987792969,topic_2,True
73,17,d5db8e77-a63a-4453-90af-d6922bbfbd36,0.8043638467788696,topic_2,True
73,17,dac8c404-6c50-4614-8345-14588fe074f5,0.5096549987792969,topic_2,True
73,17,d73ebeee-f005-4b98-bbc8-c4ef37b4c3ea,0.8043638467788696,topic_2,True
73,17,fd6ddde0-b090-452f-9ee0-1d9987b31c12,0.5096549987792969,topic_2,True
73,17,e6ce2c6d-0c28-46c7-91c1-4eaa02556e3f,0.8043638467788696,topic_2,True
73,17,e8eeda09-ecac-4741-b45e-c84e65a72419,0.5096549987792969,topic_2,True
73,17,1e6614ac-3b3b-4268-8616-9b023bfbf17b,0.8043638467788696,topic_2,True
73,17,a25f7464-1546-4476-b0ea-c2038307784f,0.5096549987792969,topic_2,True
74,18,bf2a80df-6314-4163-95f4-025289e33705,0.845180332660675,topic_2,True
74,18,54712973-88f8-4b55-ac3c-f310d4e84f9a,0.566106379032135,topic_2,True
74,18,cb46bacb-a054-4a44-bdad-3a104b7f64f4,0.845180332660675,topic_2,True
74,18,2abb50eb-8207-4f27-8894-940c4fb5ba0c,0.566106379032135,topic_2,True
74,18,71e28ebc-6881-4adf-9dfb-983ef9834dee,0.845180332660675,topic_2,True
74,18,c47bb50c-bdfe-44ba-9585-db756efb1f92,0.566106379032135,topic_2,True
74,18,3e4c84b1-e19c-460e-95fd-835971a7dae8,0.845180332660675,topic_2,True
74,18,cdab52b6-dbe8-4e8a-a8a4-174523e0da1d,0.566106379032135,topic_2,True
74,18,bfb0a09b-c604-438e-9c9e-36d0c0fa1135,0.845180332660675,topic_2,True
74,18,98b3b619-8435-43e3-86b2-66ea005cdb1f,0.566106379032135,topic_2,True
74,18,3b1b3b23-464f-4be3-8b8e-ef7daa8ba191,0.845180332660675,topic_2,True
74,18,715070c4-1aed-48b5-ae33-6a37d3b7d991,0.566106379032135,topic_2,True
74,18,6d47adea-79f0-4a15-93f7-b1ca3d86adaa,0.845180332660675,topic_2,True
74,18,0c625430-83eb-4ad8-ba5b-75b84597bddc,0.566106379032135,topic_2,True
74,18,56366728-cae2-45a2-87bd-cffc08163114,0.845180332660675,topic_2,True
74,18,cd48d940-0a76-402d-9dfc-ce7052b02b37,0.566106379032135,topic_2,True
75,2,e81ce962-fb3f-4b7c-8a5c-22696ab7cb7c,0.6988400816917419,topic_2,True
76,9,1fa495db-8989-4e3e-9c16-f14e262bd254,0.9091088175773621,topic_2,True
76,9,782dfe15-a3b9-4767-9529-0219358c877d,0.9091088175773621,topic_2,True
76,9,70efb360-fc50-4c55-a8e1-125487171057,0.9091088175773621,topic_2,True
76,9,95fbeb55-b058-429e-8b61-15c89f867625,0.9091088175773621,topic_2,True
76,9,3b622472-7625-4a2f-acdd-a0ee832a7c23,0.9091088175773621,topic_2,True
76,9,4119b0b6-3bf8-446b-be25-c280c2b258d7,0.9091088175773621,topic_2,True
76,9,1de49c7e-5fb3-4aee-8dc9-1a0752e2dcb7,0.9091088175773621,topic_2,True
76,9,84158fc6-035f-4dab-b453-7de7392cf908,0.9091088175773621,topic_2,True
77,9,54712973-88f8-4b55-ac3c-f310d4e84f9a,0.9184969067573547,topic_2,True
77,9,2abb50eb-8207-4f27-8894-940c4fb5ba0c,0.9184969067573547,topic_2,True
77,9,c47bb50c-bdfe-44ba-9585-db756efb1f92,0.9184969067573547,topic_2,True
77,9,cdab52b6-dbe8-4e8a-a8a4-174523e0da1d,0.9184969067573547,topic_2,True
77,9,98b3b619-8435-43e3-86b2-66ea005cdb1f,0.9184969067573547,topic_2,True
77,9,715070c4-1aed-48b5-ae33-6a37d3b7d991,0.9184969067573547,topic_2,True
77,9,0c625430-83eb-4ad8-ba5b-75b84597bddc,0.9184969067573547,topic_2,True
77,9,cd48d940-0a76-402d-9dfc-ce7052b02b37,0.9184969067573547,topic_2,True
78,9,1920be23-5de7-437f-b718-8d6484c08894,0.8659939169883728,topic_2,True
78,9,750cdb5d-ce94-4e32-998f-3d059aac5bd4,0.8659939169883728,topic_2,True
78,9,8485522c-9ac9-4692-8cc3-eac90172ea36,0.8659939169883728,topic_2,True
78,9,d4485080-919f-457a-b9e0-34c9c53c75d1,0.8659939169883728,topic_2,True
78,9,dac8c404-6c50-4614-8345-14588fe074f5,0.8659939169883728,topic_2,True
78,9,fd6ddde0-b090-452f-9ee0-1d9987b31c12,0.8659939169883728,topic_2,True
78,9,e8eeda09-ecac-4741-b45e-c84e65a72419,0.8659939169883728,topic_2,True
78,9,a25f7464-1546-4476-b0ea-c2038307784f,0.8659939169883728,topic_2,True
79,19,54712973-88f8-4b55-ac3c-f310d4e84f9a,0.5236513018608093,topic_2,True
79,19,4edeb949-e631-4bee-a874-018ce0cbb08e,0.8470087051391602,topic_2,True
79,19,2abb50eb-8207-4f27-8894-940c4fb5ba0c,0.5236513018608093,topic_2,True
79,19,6a356614-0d61-40ed-9dcf-7513f1a50277,0.8470087051391602,topic_2,True
79,19,c47bb50c-bdfe-44ba-9585-db756efb1f92,0.5236513018608093,topic_2,True
79,19,50a22fe1-f596-4289-97e3-11c2d8787834,0.8470087051391602,topic_2,True
79,19,cdab52b6-dbe8-4e8a-a8a4-174523e0da1d,0.5236513018608093,topic_2,True
79,19,8b86dfb0-8b4d-4580-97a3-a65b0a3d7621,0.8470087051391602,topic_2,True
79,19,98b3b619-8435-43e3-86b2-66ea005cdb1f,0.5236513018608093,topic_2,True
79,19,6304d7d4-f77a-462c-900c-daf5bd601f3c,0.8470087051391602,topic_2,True
79,19,715070c4-1aed-48b5-ae33-6a37d3b7d991,0.5236513018608093,topic_2,True
79,19,d1a5c0dc-2b29-475a-bb90-15256439811d,0.8470087051391602,topic_2,True
79,19,0c625430-83eb-4ad8-ba5b-75b84597bddc,0.5236513018608093,topic_2,True
79,19,8966eac1-e8f8-41d1-bc4b-c9853edf0aa2,0.8470087051391602,topic_2,True
79,19,cd48d940-0a76-402d-9dfc-ce7052b02b37,0.5236513018608093,topic_2,True
79,19,44179842-e4e3-4e9f-96c9-c9763ec87223,0.8470087051391602,topic_2,True
79,19,e990fe63-7a73-4102-838d-0b548fbd269c,0.5236513018608093,topic_2,True
80,18,54712973-88f8-4b55-ac3c-f310d4e84f9a,0.5216398239135742,topic_2,True
80,18,ae28eb05-6ce6-437e-a288-28ff4b3874e5,0.8807029128074646,topic_2,True
80,18,2abb50eb-8207-4f27-8894-940c4fb5ba0c,0.5216398239135742,topic_2,True
80,18,09537d4e-e05f-42e1-a52d-78c649b6b505,0.8807029128074646,topic_2,True
80,18,c47bb50c-bdfe-44ba-9585-db756efb1f92,0.5216398239135742,topic_2,True
80,18,3b5480b8-7edd-4147-9a51-10f576388432,0.8807029128074646,topic_2,True
80,18,cdab52b6-dbe8-4e8a-a8a4-174523e0da1d,0.5216398239135742,topic_2,True
80,18,98b3b619-8435-43e3-86b2-66ea005cdb1f,0.5216398239135742,topic_2,True
80,18,a6bd7cd3-c58e-4cdb-be02-ecc21fc7245b,0.8807029128074646,topic_2,True
80,18,715070c4-1aed-48b5-ae33-6a37d3b7d991,0.5216398239135742,topic_2,True
80,18,bed86c39-42bd-4407-811e-887da686288e,0.8807029128074646,topic_2,True
80,18,0c625430-83eb-4ad8-ba5b-75b84597bddc,0.5216398239135742,topic_2,True
80,18,8fc8e182-c1e5-4786-9abc-2f95d7c25741,0.8807029128074646,topic_2,True
80,18,cd48d940-0a76-402d-9dfc-ce7052b02b37,0.5216398239135742,topic_2,True
80,18,c78bb77c-3485-4297-95ef-51603398e382,0.8807029128074646,topic_2,True
80,18,e990fe63-7a73-4102-838d-0b548fbd269c,0.5216398239135742,topic_2,True
81,19,1920be23-5de7-437f-b718-8d6484c08894,0.5096549987792969,topic_2,True
81,19,abf88363-77f9-4d77-84b5-6097ace2c2bc,0.8043638467788696,topic_2,True
81,19,750cdb5d-ce94-4e32-998f-3d059aac5bd4,0.5096549987792969,topic_2,True
81,19,d127c7fb-a84a-481f-8416-3ea65cecb8b4,0.8043638467788696,topic_2,True
81,19,8485522c-9ac9-4692-8cc3-eac90172ea36,0.5096549987792969,topic_2,True
81,19,2c7c1fda-87c3-4b47-a87a-79ab13744c23,0.8043638467788696,topic_2,True
81,19,d4485080-919f-457a-b9e0-34c9c53c75d1,0.5096549987792969,topic_2,True
81,19,d5db8e77-a63a-4453-90af-d6922bbfbd36,0.8043638467788696,topic_2,True
81,19,dac8c404-6c50-4614-8345-14588fe074f5,0.5096549987792969,topic_2,True
81,19,d73ebeee-f005-4b98-bbc8-c4ef37b4c3ea,0.8043638467788696,topic_2,True
81,19,fd6ddde0-b090-452f-9ee0-1d9987b31c12,0.5096549987792969,topic_2,True
81,19,e6ce2c6d-0c28-46c7-91c1-4eaa02556e3f,0.8043638467788696,topic_2,True
81,19,e8eeda09-ecac-4741-b45e-c84e65a72419,0.5096549987792969,topic_2,True
81,19,1e6614ac-3b3b-4268-8616-9b023bfbf17b,0.8043638467788696,topic_2,True
81,19,a25f7464-1546-4476-b0ea-c2038307784f,0.5096549987792969,topic_2,True
81,19,f73e339e-02e8-411e-98f5-3439c424515b,0.8043638467788696,topic_2,True
81,19,08fbba1d-412b-494b-aef9-f37176fd1500,0.5096549987792969,topic_2,True
82,20,bf2a80df-6314-4163-95f4-025289e33705,0.845180332660675,topic_2,True
82,20,54712973-88f8-4b55-ac3c-f310d4e84f9a,0.566106379032135,topic_2,True
82,20,cb46bacb-a054-4a44-bdad-3a104b7f64f4,0.845180332660675,topic_2,True
82,20,2abb50eb-8207-4f27-8894-940c4fb5ba0c,0.566106379032135,topic_2,True
82,20,71e28ebc-6881-4adf-9dfb-983ef9834dee,0.845180332660675,topic_2,True
82,20,c47bb50c-bdfe-44ba-9585-db756efb1f92,0.566106379032135,topic_2,True
82,20,3e4c84b1-e19c-460e-95fd-835971a7dae8,0.845180332660675,topic_2,True
82,20,cdab52b6-dbe8-4e8a-a8a4-174523e0da1d,0.566106379032135,topic_2,True
82,20,bfb0a09b-c604-438e-9c9e-36d0c0fa1135,0.845180332660675,topic_2,True
82,20,98b3b619-8435-43e3-86b2-66ea005cdb1f,0.566106379032135,topic_2,True
82,20,3b1b3b23-464f-4be3-8b8e-ef7daa8ba191,0.845180332660675,topic_2,True
82,20,715070c4-1aed-48b5-ae33-6a37d3b7d991,0.566106379032135,topic_2,True
82,20,6d47adea-79f0-4a15-93f7-b1ca3d86adaa,0.845180332660675,topic_2,True
82,20,0c625430-83eb-4ad8-ba5b-75b84597bddc,0.566106379032135,topic_2,True
82,20,56366728-cae2-45a2-87bd-cffc08163114,0.845180332660675,topic_2,True
82,20,cd48d940-0a76-402d-9dfc-ce7052b02b37,0.566106379032135,topic_2,True
82,20,37ae9700-71e2-46c7-a984-315c408adc69,0.845180332660675,topic_2,True
82,20,e990fe63-7a73-4102-838d-0b548fbd269c,0.566106379032135,topic_2,True
87,11,54712973-88f8-4b55-ac3c-f310d4e84f9a,0.5915488004684448,topic_2,True
87,11,2abb50eb-8207-4f27-8894-940c4fb5ba0c,0.5915488004684448,topic_2,True
87,11,c47bb50c-bdfe-44ba-9585-db756efb1f92,0.5915488004684448,topic_2,True
87,11,cdab52b6-dbe8-4e8a-a8a4-174523e0da1d,0.5915488004684448,topic_2,True
87,11,98b3b619-8435-43e3-86b2-66ea005cdb1f,0.5915488004684448,topic_2,True
87,11,715070c4-1aed-48b5-ae33-6a37d3b7d991,0.5915488004684448,topic_2,True
87,11,0c625430-83eb-4ad8-ba5b-75b84597bddc,0.5915488004684448,topic_2,True
87,11,cd48d940-0a76-402d-9dfc-ce7052b02b37,0.5915488004684448,topic_2,True
87,11,e990fe63-7a73-4102-838d-0b548fbd269c,0.5915488004684448,topic_2,True
87,11,17594637-b253-4fad-bda7-17964a587f02,0.5480883717536926,topic_2,True
88,2,17594637-b253-4fad-bda7-17964a587f02,0.6255056262016296,topic_2,True
90,10,ae28eb05-6ce6-437e-a288-28ff4b3874e5,0.5253481864929199,topic_2,True
90,10,09537d4e-e05f-42e1-a52d-78c649b6b505,0.5253481864929199,topic_2,True
90,10,3b5480b8-7edd-4147-9a51-10f576388432,0.5253481864929199,topic_2,True
90,10,a6bd7cd3-c58e-4cdb-be02-ecc21fc7245b,0.5253481864929199,topic_2,True
90,10,bed86c39-42bd-4407-811e-887da686288e,0.5253481864929199,topic_2,True
90,10,8fc8e182-c1e5-4786-9abc-2f95d7c25741,0.5253481864929199,topic_2,True
90,10,c78bb77c-3485-4297-95ef-51603398e382,0.5253481864929199,topic_2,True
90,10,08fbc225-9a4b-4e5e-bc5a-7df941768ffd,0.5253481864929199,topic_2,True
90,10,6474054a-1f76-48de-98c6-f760945e079e,0.5013392567634583,topic_2,True
91,2,17594637-b253-4fad-bda7-17964a587f02,0.5904790759086609,topic_2,True
91,2,191f5071-a27c-4b90-8eb9-42493218ea9a,0.5300524234771729,topic_2,True
92,4,17594637-b253-4fad-bda7-17964a587f02,0.8662798404693604,topic_2,True
92,4,6474054a-1f76-48de-98c6-f760945e079e,0.5508572459220886,topic_2,True
92,4,191f5071-a27c-4b90-8eb9-42493218ea9a,0.6211016178131104,topic_2,True
93,6,17594637-b253-4fad-bda7-17964a587f02,0.5019570589065552,topic_2,True
93,6,647fa5c0-f54e-44df-a3f3-3bfd381e6c39,0.7719346284866333,topic_2,True
93,6,d93ef603-b5fc-498e-9b49-e8c792284401,0.5642350912094116,topic_2,True
93,6,6474054a-1f76-48de-98c6-f760945e079e,0.5483893156051636,topic_2,True
93,6,977b2dda-1f03-4187-a08e-0d77bda245fe,0.5202821493148804,topic_2,True
94,5,647fa5c0-f54e-44df-a3f3-3bfd381e6c39,0.5056508183479309,topic_2,True
94,5,d93ef603-b5fc-498e-9b49-e8c792284401,0.8196889758110046,topic_2,True
94,5,6474054a-1f76-48de-98c6-f760945e079e,0.5557959079742432,topic_2,True
94,5,977b2dda-1f03-4187-a08e-0d77bda245fe,0.5543805956840515,topic_2,True
95,15,54712973-88f8-4b55-ac3c-f310d4e84f9a,0.5915488004684448,topic_2,True
95,15,2abb50eb-8207-4f27-8894-940c4fb5ba0c,0.5915488004684448,topic_2,True
95,15,c47bb50c-bdfe-44ba-9585-db756efb1f92,0.5915488004684448,topic_2,True
95,15,cdab52b6-dbe8-4e8a-a8a4-174523e0da1d,0.5915488004684448,topic_2,True
95,15,98b3b619-8435-43e3-86b2-66ea005cdb1f,0.5915488004684448,topic_2,True
95,15,715070c4-1aed-48b5-ae33-6a37d3b7d991,0.5915488004684448,topic_2,True
95,15,0c625430-83eb-4ad8-ba5b-75b84597bddc,0.5915488004684448,topic_2,True
95,15,cd48d940-0a76-402d-9dfc-ce7052b02b37,0.5915488004684448,topic_2,True
95,15,e990fe63-7a73-4102-838d-0b548fbd269c,0.5915488004684448,topic_2,True
95,15,17594637-b253-4fad-bda7-17964a587f02,0.5480883717536926,topic_2,True
95,15,6474054a-1f76-48de-98c6-f760945e079e,0.855555534362793,topic_2,True
95,15,191f5071-a27c-4b90-8eb9-42493218ea9a,0.5046283602714539,topic_2,True
95,15,977b2dda-1f03-4187-a08e-0d77bda245fe,0.504281222820282,topic_2,True
95,15,7f5a87c0-daf1-4ae1-8480-ae62287adcf1,0.5480883717536926,topic_2,True
96,6,17594637-b253-4fad-bda7-17964a587f02,0.6255056262016296,topic_2,True
96,6,6474054a-1f76-48de-98c6-f760945e079e,0.5406999588012695,topic_2,True
96,6,191f5071-a27c-4b90-8eb9-42493218ea9a,0.8470198512077332,topic_2,True
96,6,977b2dda-1f03-4187-a08e-0d77bda245fe,0.5345472693443298,topic_2,True
96,6,7f5a87c0-daf1-4ae1-8480-ae62287adcf1,0.6255056262016296,topic_2,True
97,1,6b2a63bc-2cd8-46e7-add6-190dbfc3c846,0.8292428851127625,topic_2,True
98,12,ae28eb05-6ce6-437e-a288-28ff4b3874e5,0.5253481864929199,topic_2,True
98,12,09537d4e-e05f-42e1-a52d-78c649b6b505,0.5253481864929199,topic_2,True
98,12,3b5480b8-7edd-4147-9a51-10f576388432,0.5253481864929199,topic_2,True
98,12,a6bd7cd3-c58e-4cdb-be02-ecc21fc7245b,0.5253481864929199,topic_2,True
98,12,bed86c39-42bd-4407-811e-887da686288e,0.5253481864929199,topic_2,True
98,12,8fc8e182-c1e5-4786-9abc-2f95d7c25741,0.5253481864929199,topic_2,True
98,12,c78bb77c-3485-4297-95ef-51603398e382,0.5253481864929199,topic_2,True
98,12,08fbc225-9a4b-4e5e-bc5a-7df941768ffd,0.5253481864929199,topic_2,True
98,12,6474054a-1f76-48de-98c6-f760945e079e,0.5013392567634583,topic_2,True
98,12,977b2dda-1f03-4187-a08e-0d77bda245fe,0.8757643699645996,topic_2,True
98,12,98e848dc-b2d0-448f-a23a-f07aebfc436f,0.5013392567634583,topic_2,True
99,5,17594637-b253-4fad-bda7-17964a587f02,0.5904790759086609,topic_2,True
99,5,191f5071-a27c-4b90-8eb9-42493218ea9a,0.5300524234771729,topic_2,True
99,5,af366e3f-4fbe-4d62-94f4-27a28c0bdc7b,0.7352790832519531,topic_2,True
99,5,7f5a87c0-daf1-4ae1-8480-ae62287adcf1,0.5904790759086609,topic_2,True
99,5,47b583fc-4e7d-4a83-87eb-289f261c119b,0.5300524234771729,topic_2,True
100,7,17594637-b253-4fad-bda7-17964a587f02,0.8662798404693604,topic_2,True
100,7,6474054a-1f76-48de-98c6-f760945e079e,0.5508572459220886,topic_2,True
100,7,191f5071-a27c-4b90-8eb9-42493218ea9a,0.6211016178131104,topic_2,True
100,7,af366e3f-4fbe-4d62-94f4-27a28c0bdc7b,0.5350132584571838,topic_2,True
100,7,7f5a87c0-daf1-4ae1-8480-ae62287adcf1,0.8662798404693604,topic_2,True
100,7,98e848dc-b2d0-448f-a23a-f07aebfc436f,0.5508572459220886,topic_2,True
100,7,47b583fc-4e7d-4a83-87eb-289f261c119b,0.6211016178131104,topic_2,True
101,11,17594637-b253-4fad-bda7-17964a587f02,0.5019570589065552,topic_2,True
101,11,647fa5c0-f54e-44df-a3f3-3bfd381e6c39,0.7719346284866333,topic_2,True
101,11,d93ef603-b5fc-498e-9b49-e8c792284401,0.5642350912094116,topic_2,True
101,11,6474054a-1f76-48de-98c6-f760945e079e,0.5483893156051636,topic_2,True
101,11,977b2dda-1f03-4187-a08e-0d77bda245fe,0.5202821493148804,topic_2,True
101,11,7f5a87c0-daf1-4ae1-8480-ae62287adcf1,0.5019570589065552,topic_2,True
101,11,75b390f5-6de9-455f-871c-408bd441ad42,0.7719346284866333,topic_2,True
101,11,68e9bf97-be90-4790-8146-c85d757fa9e8,0.5642350912094116,topic_2,True
101,11,98e848dc-b2d0-448f-a23a-f07aebfc436f,0.5483893156051636,topic_2,True
101,11,a5ea423f-c14b-4531-8fa3-155efd6fbcb5,0.5202821493148804,topic_2,True
102,9,647fa5c0-f54e-44df-a3f3-3bfd381e6c39,0.5056508183479309,topic_2,True
102,9,d93ef603-b5fc-498e-9b49-e8c792284401,0.8196889758110046,topic_2,True
102,9,6474054a-1f76-48de-98c6-f760945e079e,0.5557959079742432,topic_2,True
102,9,977b2dda-1f03-4187-a08e-0d77bda245fe,0.5543805956840515,topic_2,True
102,9,75b390f5-6de9-455f-871c-408bd441ad42,0.5056508183479309,topic_2,True
102,9,68e9bf97-be90-4790-8146-c85d757fa9e8,0.8196889758110046,topic_2,True
102,9,98e848dc-b2d0-448f-a23a-f07aebfc436f,0.5557959079742432,topic_2,True
102,9,a5ea423f-c14b-4531-8fa3-155efd6fbcb5,0.5543805956840515,topic_2,True
103,19,54712973-88f8-4b55-ac3c-f310d4e84f9a,0.5915488004684448,topic_2,True
103,19,2abb50eb-8207-4f27-8894-940c4fb5ba0c,0.5915488004684448,topic_2,True
103,19,c47bb50c-bdfe-44ba-9585-db756efb1f92,0.5915488004684448,topic_2,True
103,19,cdab52b6-dbe8-4e8a-a8a4-174523e0da1d,0.5915488004684448,topic_2,True
103,19,98b3b619-8435-43e3-86b2-66ea005cdb1f,0.5915488004684448,topic_2,True
103,19,715070c4-1aed-48b5-ae33-6a37d3b7d991,0.5915488004684448,topic_2,True
103,19,0c625430-83eb-4ad8-ba5b-75b84597bddc,0.5915488004684448,topic_2,True
103,19,cd48d940-0a76-402d-9dfc-ce7052b02b37,0.5915488004684448,topic_2,True
103,19,e990fe63-7a73-4102-838d-0b548fbd269c,0.5915488004684448,topic_2,True
103,19,17594637-b253-4fad-bda7-17964a587f02,0.5480883717536926,topic_2,True
103,19,6474054a-1f76-48de-98c6-f760945e079e,0.855555534362793,topic_2,True
103,19,191f5071-a27c-4b90-8eb9-42493218ea9a,0.5046283602714539,topic_2,True
103,19,977b2dda-1f03-4187-a08e-0d77bda245fe,0.504281222820282,topic_2,True
103,19,7f5a87c0-daf1-4ae1-8480-ae62287adcf1,0.5480883717536926,topic_2,True
103,19,98e848dc-b2d0-448f-a23a-f07aebfc436f,0.855555534362793,topic_2,True
103,19,47b583fc-4e7d-4a83-87eb-289f261c119b,0.5046283602714539,topic_2,True
103,19,a5ea423f-c14b-4531-8fa3-155efd6fbcb5,0.504281222820282,topic_2,True
103,19,377a0c03-cd16-4846-987f-db59d9a30d1a,0.5480883717536926,topic_2,True
104,10,17594637-b253-4fad-bda7-17964a587f02,0.6255056262016296,topic_2,True
104,10,6474054a-1f76-48de-98c6-f760945e079e,0.5406999588012695,topic_2,True
104,10,191f5071-a27c-4b90-8eb9-42493218ea9a,0.8470198512077332,topic_2,True
104,10,977b2dda-1f03-4187-a08e-0d77bda245fe,0.5345472693443298,topic_2,True
104,10,7f5a87c0-daf1-4ae1-8480-ae62287adcf1,0.6255056262016296,topic_2,True
104,10,98e848dc-b2d0-448f-a23a-f07aebfc436f,0.5406999588012695,topic_2,True
104,10,47b583fc-4e7d-4a83-87eb-289f261c119b,0.8470198512077332,topic_2,True
104,10,a5ea423f-c14b-4531-8fa3-155efd6fbcb5,0.5345472693443298,topic_2,True
104,10,377a0c03-cd16-4846-987f-db59d9a30d1a,0.6255056262016296,topic_2,True
105,2,6b2a63bc-2cd8-46e7-add6-190dbfc3c846,0.8292428851127625,topic_2,True
105,2,2fc9baef-078d-4884-8fd8-f8842241b5a6,0.8292428851127625,topic_2,True
106,14,ae28eb05-6ce6-437e-a288-28ff4b3874e5,0.5253481864929199,topic_2,True
106,14,09537d4e-e05f-42e1-a52d-78c649b6b505,0.5253481864929199,topic_2,True
106,14,3b5480b8-7edd-4147-9a51-10f576388432,0.5253481864929199,topic_2,True
106,14,a6bd7cd3-c58e-4cdb-be02-ecc21fc7245b,0.5253481864929199,topic_2,True
106,14,bed86c39-42bd-4407-811e-887da686288e,0.5253481864929199,topic_2,True
106,14,8fc8e182-c1e5-4786-9abc-2f95d7c25741,0.5253481864929199,topic_2,True
106,14,c78bb77c-3485-4297-95ef-51603398e382,0.5253481864929199,topic_2,True
106,14,08fbc225-9a4b-4e5e-bc5a-7df941768ffd,0.5253481864929199,topic_2,True
106,14,6474054a-1f76-48de-98c6-f760945e079e,0.5013392567634583,topic_2,True
106,14,977b2dda-1f03-4187-a08e-0d77bda245fe,0.8757643699645996,topic_2,True
106,14,98e848dc-b2d0-448f-a23a-f07aebfc436f,0.5013392567634583,topic_2,True
106,14,a5ea423f-c14b-4531-8fa3-155efd6fbcb5,0.8757643699645996,topic_2,True
106,14,69db3173-066a-47df-b2da-5ac218206396,0.5013392567634583,topic_2,True
107,8,17594637-b253-4fad-bda7-17964a587f02,0.5904790759086609,topic_2,True
107,8,191f5071-a27c-4b90-8eb9-42493218ea9a,0.5300524234771729,topic_2,True
107,8,af366e3f-4fbe-4d62-94f4-27a28c0bdc7b,0.7352790832519531,topic_2,True
107,8,7f5a87c0-daf1-4ae1-8480-ae62287adcf1,0.5904790759086609,topic_2,True
107,8,47b583fc-4e7d-4a83-87eb-289f261c119b,0.5300524234771729,topic_2,True
107,8,d1e99a85-6e7c-4313-a14d-5766fe35109c,0.7392767071723938,topic_2,True
107,8,377a0c03-cd16-4846-987f-db59d9a30d1a,0.5904790759086609,topic_2,True
107,8,5575014b-45cd-4c58-b0c2-3b7083a91c17,0.5300524234771729,topic_2,True
108,10,17594637-b253-4fad-bda7-17964a587f02,0.8662798404693604,topic_2,True
108,10,6474054a-1f76-48de-98c6-f760945e079e,0.5508572459220886,topic_2,True
108,10,191f5071-a27c-4b90-8eb9-42493218ea9a,0.6211016178131104,topic_2,True
108,10,af366e3f-4fbe-4d62-94f4-27a28c0bdc7b,0.5350132584571838,topic_2,True
108,10,7f5a87c0-daf1-4ae1-8480-ae62287adcf1,0.8662798404693604,topic_2,True
108,10,98e848dc-b2d0-448f-a23a-f07aebfc436f,0.5508572459220886,topic_2,True
108,10,47b583fc-4e7d-4a83-87eb-289f261c119b,0.6211016178131104,topic_2,True
108,10,377a0c03-cd16-4846-987f-db59d9a30d1a,0.8662798404693604,topic_2,True
108,10,69db3173-066a-47df-b2da-5ac218206396,0.5508572459220886,topic_2,True
108,10,5575014b-45cd-4c58-b0c2-3b7083a91c17,0.6211016178131104,topic_2,True
109,16,17594637-b253-4fad-bda7-17964a587f02,0.5019570589065552,topic_2,True
109,16,647fa5c0-f54e-44df-a3f3-3bfd381e6c39,0.7719346284866333,topic_2,True
109,16,d93ef603-b5fc-498e-9b49-e8c792284401,0.5642350912094116,topic_2,True
109,16,6474054a-1f76-48de-98c6-f760945e079e,0.5483893156051636,topic_2,True
109,16,977b2dda-1f03-4187-a08e-0d77bda245fe,0.5202821493148804,topic_2,True
109,16,7f5a87c0-daf1-4ae1-8480-ae62287adcf1,0.5019570589065552,topic_2,True
109,16,75b390f5-6de9-455f-871c-408bd441ad42,0.7719346284866333,topic_2,True
109,16,68e9bf97-be90-4790-8146-c85d757fa9e8,0.5642350912094116,topic_2,True
109,16,98e848dc-b2d0-448f-a23a-f07aebfc436f,0.5483893156051636,topic_2,True
109,16,a5ea423f-c14b-4531-8fa3-155efd6fbcb5,0.5202821493148804,topic_2,True
109,16,377a0c03-cd16-4846-987f-db59d9a30d1a,0.5019570589065552,topic_2,True
109,16,61ea1804-f9b0-41c3-9803-1d5fd9fb383f,0.7719346284866333,topic_2,True
109,16,7a400ee4-e41b-4b71-a101-58f95a0afa72,0.5642350912094116,topic_2,True
109,16,69db3173-066a-47df-b2da-5ac218206396,0.5483893156051636,topic_2,True
109,16,187598fe-5b0f-41e6-b5e4-a2432cf529f5,0.5202821493148804,topic_2,True
110,13,647fa5c0-f54e-44df-a3f3-3bfd381e6c39,0.5056508183479309,topic_2,True
110,13,d93ef603-b5fc-498e-9b49-e8c792284401,0.8196889758110046,topic_2,True
110,13,6474054a-1f76-48de-98c6-f760945e079e,0.5557959079742432,topic_2,True
110,13,977b2dda-1f03-4187-a08e-0d77bda245fe,0.5543805956840515,topic_2,True
110,13,75b390f5-6de9-455f-871c-408bd441ad42,0.5056508183479309,topic_2,True
110,13,68e9bf97-be90-4790-8146-c85d757fa9e8,0.8196889758110046,topic_2,True
110,13,98e848dc-b2d0-448f-a23a-f07aebfc436f,0.5557959079742432,topic_2,True
110,13,a5ea423f-c14b-4531-8fa3-155efd6fbcb5,0.5543805956840515,topic_2,True
110,13,61ea1804-f9b0-41c3-9803-1d5fd9fb383f,0.5056508183479309,topic_2,True
110,13,7a400ee4-e41b-4b71-a101-58f95a0afa72,0.8196889758110046,topic_2,True
110,13,69db3173-066a-47df-b2da-5ac218206396,0.5557959079742432,topic_2,True
110,13,187598fe-5b0f-41e6-b5e4-a2432cf529f5,0.5543805956840515,topic_2,True
111,23,54712973-88f8-4b55-ac3c-f310d4e84f9a,0.5915488004684448,topic_2,True
111,23,2abb50eb-8207-4f27-8894-940c4fb5ba0c,0.5915488004684448,topic_2,True
111,23,c47bb50c-bdfe-44ba-9585-db756efb1f92,0.5915488004684448,topic_2,True
111,23,cdab52b6-dbe8-4e8a-a8a4-174523e0da1d,0.5915488004684448,topic_2,True
111,23,98b3b619-8435-43e3-86b2-66ea005cdb1f,0.5915488004684448,topic_2,True
111,23,715070c4-1aed-48b5-ae33-6a37d3b7d991,0.5915488004684448,topic_2,True
111,23,0c625430-83eb-4ad8-ba5b-75b84597bddc,0.5915488004684448,topic_2,True
111,23,cd48d940-0a76-402d-9dfc-ce7052b02b37,0.5915488004684448,topic_2,True
111,23,e990fe63-7a73-4102-838d-0b548fbd269c,0.5915488004684448,topic_2,True
111,23,17594637-b253-4fad-bda7-17964a587f02,0.5480883717536926,topic_2,True
111,23,6474054a-1f76-48de-98c6-f760945e079e,0.855555534362793,topic_2,True
111,23,191f5071-a27c-4b90-8eb9-42493218ea9a,0.5046283602714539,topic_2,True
111,23,977b2dda-1f03-4187-a08e-0d77bda245fe,0.504281222820282,topic_2,True
111,23,7f5a87c0-daf1-4ae1-8480-ae62287adcf1,0.5480883717536926,topic_2,True
111,23,98e848dc-b2d0-448f-a23a-f07aebfc436f,0.855555534362793,topic_2,True
111,23,47b583fc-4e7d-4a83-87eb-289f261c119b,0.5046283602714539,topic_2,True
111,23,a5ea423f-c14b-4531-8fa3-155efd6fbcb5,0.504281222820282,topic_2,True
111,23,377a0c03-cd16-4846-987f-db59d9a30d1a,0.5480883717536926,topic_2,True
111,23,69db3173-066a-47df-b2da-5ac218206396,0.855555534362793,topic_2,True
111,23,5575014b-45cd-4c58-b0c2-3b7083a91c17,0.5046283602714539,topic_2,True
111,23,187598fe-5b0f-41e6-b5e4-a2432cf529f5,0.504281222820282,topic_2,True
111,23,28f42dd8-db9c-4980-986f-50e4ba2176bf,0.5480883717536926,topic_2,True
112,14,17594637-b253-4fad-bda7-17964a587f02,0.6255056262016296,topic_2,True
112,14,6474054a-1f76-48de-98c6-f760945e079e,0.5406999588012695,topic_2,True
112,14,191f5071-a27c-4b90-8eb9-42493218ea9a,0.8470198512077332,topic_2,True
112,14,977b2dda-1f03-4187-a08e-0d77bda245fe,0.5345472693443298,topic_2,True
112,14,7f5a87c0-daf1-4ae1-8480-ae62287adcf1,0.6255056262016296,topic_2,True
112,14,98e848dc-b2d0-448f-a23a-f07aebfc436f,0.5406999588012695,topic_2,True
112,14,47b583fc-4e7d-4a83-87eb-289f261c119b,0.8470198512077332,topic_2,True
112,14,a5ea423f-c14b-4531-8fa3-155efd6fbcb5,0.5345472693443298,topic_2,True
112,14,377a0c03-cd16-4846-987f-db59d9a30d1a,0.6255056262016296,topic_2,True
112,14,69db3173-066a-47df-b2da-5ac218206396,0.5406999588012695,topic_2,True
112,14,5575014b-45cd-4c58-b0c2-3b7083a91c17,0.8470198512077332,topic_2,True
112,14,187598fe-5b0f-41e6-b5e4-a2432cf529f5,0.5345472693443298,topic_2,True
112,14,28f42dd8-db9c-4980-986f-50e4ba2176bf,0.6255056262016296,topic_2,True
113,3,6b2a63bc-2cd8-46e7-add6-190dbfc3c846,0.8292428851127625,topic_2,True
113,3,2fc9baef-078d-4884-8fd8-f8842241b5a6,0.8292428851127625,topic_2,True
113,3,5a217a1f-349b-4708-8bc7-184b8e4678df,0.8292428851127625,topic_2,True
114,16,ae28eb05-6ce6-437e-a288-28ff4b3874e5,0.5253481864929199,topic_2,True
114,16,09537d4e-e05f-42e1-a52d-78c649b6b505,0.5253481864929199,topic_2,True
114,16,3b5480b8-7edd-4147-9a51-10f576388432,0.5253481864929199,topic_2,True
114,16,a6bd7cd3-c58e-4cdb-be02-ecc21fc7245b,0.5253481864929199,topic_2,True
114,16,bed86c39-42bd-4407-811e-887da686288e,0.5253481864929199,topic_2,True
114,16,8fc8e182-c1e5-4786-9abc-2f95d7c25741,0.5253481864929199,topic_2,True
114,16,c78bb77c-3485-4297-95ef-51603398e382,0.5253481864929199,topic_2,True
114,16,08fbc225-9a4b-4e5e-bc5a-7df941768ffd,0.5253481864929199,topic_2,True
114,16,6474054a-1f76-48de-98c6-f760945e079e,0.5013392567634583,topic_2,True
114,16,977b2dda-1f03-4187-a08e-0d77bda245fe,0.8757643699645996,topic_2,True
114,16,98e848dc-b2d0-448f-a23a-f07aebfc436f,0.5013392567634583,topic_2,True
114,16,a5ea423f-c14b-4531-8fa3-155efd6fbcb5,0.8757643699645996,topic_2,True
114,16,69db3173-066a-47df-b2da-5ac218206396,0.5013392567634583,topic_2,True
114,16,187598fe-5b0f-41e6-b5e4-a2432cf529f5,0.8757643699645996,topic_2,True
114,16,d9546b12-eef0-4cd1-ac23-f74e7d952ffe,0.5013392567634583,topic_2,True
115,11,17594637-b253-4fad-bda7-17964a587f02,0.5904790759086609,topic_2,True
115,11,191f5071-a27c-4b90-8eb9-42493218ea9a,0.5300524234771729,topic_2,True
115,11,af366e3f-4fbe-4d62-94f4-27a28c0bdc7b,0.7352790832519531,topic_2,True
115,11,7f5a87c0-daf1-4ae1-8480-ae62287adcf1,0.5904790759086609,topic_2,True
115,11,47b583fc-4e7d-4a83-87eb-289f261c119b,0.5300524234771729,topic_2,True
115,11,d1e99a85-6e7c-4313-a14d-5766fe35109c,0.7392767071723938,topic_2,True
115,11,377a0c03-cd16-4846-987f-db59d9a30d1a,0.5904790759086609,topic_2,True
115,11,5575014b-45cd-4c58-b0c2-3b7083a91c17,0.5300524234771729,topic_2,True
115,11,c22f88bc-cd67-47d4-a85a-acc2707d11e7,0.735892117023468,topic_2,True
115,11,28f42dd8-db9c-4980-986f-50e4ba2176bf,0.5904790759086609,topic_2,True
115,11,4ab18331-04ea-44f3-b64d-4102a84824d8,0.5300524234771729,topic_2,True
116,13,17594637-b253-4fad-bda7-17964a587f02,0.8662798404693604,topic_2,True
116,13,6474054a-1f76-48de-98c6-f760945e079e,0.5508572459220886,topic_2,True
116,13,191f5071-a27c-4b90-8eb9-42493218ea9a,0.6211016178131104,topic_2,True
116,13,af366e3f-4fbe-4d62-94f4-27a28c0bdc7b,0.5350132584571838,topic_2,True
116,13,7f5a87c0-daf1-4ae1-8480-ae62287adcf1,0.8662798404693604,topic_2,True
116,13,98e848dc-b2d0-448f-a23a-f07aebfc436f,0.5508572459220886,topic_2,True
116,13,47b583fc-4e7d-4a83-87eb-289f261c119b,0.6211016178131104,topic_2,True
116,13,377a0c03-cd16-4846-987f-db59d9a30d1a,0.8662798404693604,topic_2,True
116,13,69db3173-066a-47df-b2da-5ac218206396,0.5508572459220886,topic_2,True
116,13,5575014b-45cd-4c58-b0c2-3b7083a91c17,0.6211016178131104,topic_2,True
116,13,28f42dd8-db9c-4980-986f-50e4ba2176bf,0.8662798404693604,topic_2,True
116,13,d9546b12-eef0-4cd1-ac23-f74e7d952ffe,0.5508572459220886,topic_2,True
116,13,4ab18331-04ea-44f3-b64d-4102a84824d8,0.6211016178131104,topic_2,True
117,21,17594637-b253-4fad-bda7-17964a587f02,0.5019570589065552,topic_2,True
117,21,647fa5c0-f54e-44df-a3f3-3bfd381e6c39,0.7719346284866333,topic_2,True
117,21,d93ef603-b5fc-498e-9b49-e8c792284401,0.5642350912094116,topic_2,True
117,21,6474054a-1f76-48de-98c6-f760945e079e,0.5483893156051636,topic_2,True
117,21,977b2dda-1f03-4187-a08e-0d77bda245fe,0.5202821493148804,topic_2,True
117,21,7f5a87c0-daf1-4ae1-8480-ae62287adcf1,0.5019570589065552,topic_2,True
117,21,75b390f5-6de9-455f-871c-408bd441ad42,0.7719346284866333,topic_2,True
117,21,68e9bf97-be90-4790-8146-c85d757fa9e8,0.5642350912094116,topic_2,True
117,21,98e848dc-b2d0-448f-a23a-f07aebfc436f,0.5483893156051636,topic_2,True
117,21,a5ea423f-c14b-4531-8fa3-155efd6fbcb5,0.5202821493148804,topic_2,True
117,21,377a0c03-cd16-4846-987f-db59d9a30d1a,0.5019570589065552,topic_2,True
117,21,61ea1804-f9b0-41c3-9803-1d5fd9fb383f,0.7719346284866333,topic_2,True
117,21,7a400ee4-e41b-4b71-a101-58f95a0afa72,0.5642350912094116,topic_2,True
117,21,69db3173-066a-47df-b2da-5ac218206396,0.5483893156051636,topic_2,True
117,21,187598fe-5b0f-41e6-b5e4-a2432cf529f5,0.5202821493148804,topic_2,True
117,21,28f42dd8-db9c-4980-986f-50e4ba2176bf,0.5019570589065552,topic_2,True
117,21,67fbec7d-43c0-4922-95c4-a904b8ca097e,0.7719346284866333,topic_2,True
117,21,36518f70-7189-403c-9c46-ea3c9c43ecd3,0.5642350912094116,topic_2,True
117,21,d9546b12-eef0-4cd1-ac23-f74e7d952ffe,0.5483893156051636,topic_2,True
117,21,33c5c3cc-82ce-4752-9ff7-815492a5723b,0.5202821493148804,topic_2,True
118,17,647fa5c0-f54e-44df-a3f3-3bfd381e6c39,0.5056508183479309,topic_2,True
118,17,d93ef603-b5fc-498e-9b49-e8c792284401,0.8196889758110046,topic_2,True
118,17,6474054a-1f76-48de-98c6-f760945e079e,0.5557959079742432,topic_2,True
118,17,977b2dda-1f03-4187-a08e-0d77bda245fe,0.5543805956840515,topic_2,True
118,17,75b390f5-6de9-455f-871c-408bd441ad42,0.5056508183479309,topic_2,True
118,17,68e9bf97-be90-4790-8146-c85d757fa9e8,0.8196889758110046,topic_2,True
118,17,98e848dc-b2d0-448f-a23a-f07aebfc436f,0.5557959079742432,topic_2,True
118,17,a5ea423f-c14b-4531-8fa3-155efd6fbcb5,0.5543805956840515,topic_2,True
118,17,61ea1804-f9b0-41c3-9803-1d5fd9fb383f,0.5056508183479309,topic_2,True
118,17,7a400ee4-e41b-4b71-a101-58f95a0afa72,0.8196889758110046,topic_2,True
118,17,69db3173-066a-47df-b2da-5ac218206396,0.5557959079742432,topic_2,True
118,17,187598fe-5b0f-41e6-b5e4-a2432cf529f5,0.5543805956840515,topic_2,True
118,17,67fbec7d-43c0-4922-95c4-a904b8ca097e,0.5056508183479309,topic_2,True
118,17,36518f70-7189-403c-9c46-ea3c9c43ecd3,0.8196889758110046,topic_2,True
118,17,d9546b12-eef0-4cd1-ac23-f74e7d952ffe,0.5557959079742432,topic_2,True
118,17,33c5c3cc-82ce-4752-9ff7-815492a5723b,0.5543805956840515,topic_2,True
119,27,54712973-88f8-4b55-ac3c-f310d4e84f9a,0.5915488004684448,topic_2,True
119,27,2abb50eb-8207-4f27-8894-940c4fb5ba0c,0.5915488004684448,topic_2,True
119,27,c47bb50c-bdfe-44ba-9585-db756efb1f92,0.5915488004684448,topic_2,True
119,27,cdab52b6-dbe8-4e8a-a8a4-174523e0da1d,0.5915488004684448,topic_2,True
119,27,98b3b619-8435-43e3-86b2-66ea005cdb1f,0.5915488004684448,topic_2,True
119,27,715070c4-1aed-48b5-ae33-6a37d3b7d991,0.5915488004684448,topic_2,True
119,27,0c625430-83eb-4ad8-ba5b-75b84597bddc,0.5915488004684448,topic_2,True
119,27,cd48d940-0a76-402d-9dfc-ce7052b02b37,0.5915488004684448,topic_2,True
119,27,e990fe63-7a73-4102-838d-0b548fbd269c,0.5915488004684448,topic_2,True
119,27,17594637-b253-4fad-bda7-17964a587f02,0.5480883717536926,topic_2,True
119,27,6474054a-1f76-48de-98c6-f760945e079e,0.855555534362793,topic_2,True
119,27,191f5071-a27c-4b90-8eb9-42493218ea9a,0.5046283602714539,topic_2,True
119,27,977b2dda-1f03-4187-a08e-0d77bda245fe,0.504281222820282,topic_2,True
119,27,7f5a87c0-daf1-4ae1-8480-ae62287adcf1,0.5480883717536926,topic_2,True
119,27,98e848dc-b2d0-448f-a23a-f07aebfc436f,0.855555534362793,topic_2,True
119,27,47b583fc-4e7d-4a83-87eb-289f261c119b,0.5046283602714539,topic_2,True
119,27,a5ea423f-c14b-4531-8fa3-155efd6fbcb5,0.504281222820282,topic_2,True
119,27,377a0c03-cd16-4846-987f-db59d9a30d1a,0.5480883717536926,topic_2,True
119,27,69db3173-066a-47df-b2da-5ac218206396,0.855555534362793,topic_2,True
119,27,5575014b-45cd-4c58-b0c2-3b7083a91c17,0.5046283602714539,topic_2,True
119,27,187598fe-5b0f-41e6-b5e4-a2432cf529f5,0.504281222820282,topic_2,True
119,27,28f42dd8-db9c-4980-986f-50e4ba2176bf,0.5480883717536926,topic_2,True
119,27,d9546b12-eef0-4cd1-ac23-f74e7d952ffe,0.855555534362793,topic_2,True
119,27,4ab18331-04ea-44f3-b64d-4102a84824d8,0.5046283602714539,topic_2,True
119,27,33c5c3cc-82ce-4752-9ff7-815492a5723b,0.504281222820282,topic_2,True
119,27,4de9bced-6dc9-4e2e-93ca-cfd9332dbaad,0.5480883717536926,topic_2,True
120,18,17594637-b253-4fad-bda7-17964a587f02,0.6255056262016296,topic_2,True
120,18,6474054a-1f76-48de-98c6-f760945e079e,0.5406999588012695,topic_2,True
120,18,191f5071-a27c-4b90-8eb9-42493218ea9a,0.8470198512077332,topic_2,True
120,18,977b2dda-1f03-4187-a08e-0d77bda245fe,0.5345472693443298,topic_2,True
120,18,7f5a87c0-daf1-4ae1-8480-ae62287adcf1,0.6255056262016296,topic_2,True
120,18,98e848dc-b2d0-448f-a23a-f07aebfc436f,0.5406999588012695,topic_2,True
120,18,47b583fc-4e7d-4a83-87eb-289f261c119b,0.8470198512077332,topic_2,True
120,18,a5ea423f-c14b-4531-8fa3-155efd6fbcb5,0.5345472693443298,topic_2,True
120,18,377a0c03-cd16-4846-987f-db59d9a30d1a,0.6255056262016296,topic_2,True
120,18,69db3173-066a-47df-b2da-5ac218206396,0.5406999588012695,topic_2,True
120,18,5575014b-45cd-4c58-b0c2-3b7083a91c17,0.8470198512077332,topic_2,True
120,18,187598fe-5b0f-41e6-b5e4-a2432cf529f5,0.5345472693443298,topic_2,True
120,18,28f42dd8-db9c-4980-986f-50e4ba2176bf,0.6255056262016296,topic_2,True
120,18,d9546b12-eef0-4cd1-ac23-f74e7d952ffe,0.5406999588012695,topic_2,True
120,18,4ab18331-04ea-44f3-b64d-4102a84824d8,0.8470198512077332,topic_2,True
120,18,33c5c3cc-82ce-4752-9ff7-815492a5723b,0.5345472693443298,topic_2,True
120,18,4de9bced-6dc9-4e2e-93ca-cfd9332dbaad,0.6255056262016296,topic_2,True
121,4,6b2a63bc-2cd8-46e7-add6-190dbfc3c846,0.8292428851127625,topic_2,True
121,4,2fc9baef-078d-4884-8fd8-f8842241b5a6,0.8292428851127625,topic_2,True
121,4,5a217a1f-349b-4708-8bc7-184b8e4678df,0.8292428851127625,topic_2,True
121,4,7d3891ec-d177-427b-9824-a56a1b162d36,0.8292428851127625,topic_2,True
122,2,e81ce962-fb3f-4b7c-8a5c-22696ab7cb7c,0.5750882029533386,topic_2,True
122,2,9def4543-7de4-4401-ad80-50743e094966,0.5540775656700134,topic_3,True
123,14,17594637-b253-4fad-bda7-17964a587f02,0.5904790759086609,topic_2,True
123,14,191f5071-a27c-4b90-8eb9-42493218ea9a,0.5300524234771729,topic_2,True
123,14,af366e3f-4fbe-4d62-94f4-27a28c0bdc7b,0.7352790832519531,topic_2,True
123,14,7f5a87c0-daf1-4ae1-8480-ae62287adcf1,0.5904790759086609,topic_2,True
123,14,47b583fc-4e7d-4a83-87eb-289f261c119b,0.5300524234771729,topic_2,True
123,14,d1e99a85-6e7c-4313-a14d-5766fe35109c,0.7392767071723938,topic_2,True
123,14,377a0c03-cd16-4846-987f-db59d9a30d1a,0.5904790759086609,topic_2,True
123,14,5575014b-45cd-4c58-b0c2-3b7083a91c17,0.5300524234771729,topic_2,True
123,14,c22f88bc-cd67-47d4-a85a-acc2707d11e7,0.735892117023468,topic_2,True
123,14,28f42dd8-db9c-4980-986f-50e4ba2176bf,0.5904790759086609,topic_2,True
123,14,4ab18331-04ea-44f3-b64d-4102a84824d8,0.5300524234771729,topic_2,True
123,14,9d3c1f32-6db3-400b-b249-ce5dc4c5577d,0.7339600920677185,topic_2,True
123,14,4de9bced-6dc9-4e2e-93ca-cfd9332dbaad,0.5904790759086609,topic_2,True
123,14,3d8f9ff8-45c2-4d89-9048-7b029a926122,0.5300524234771729,topic_2,True
124,16,17594637-b253-4fad-bda7-17964a587f02,0.8662798404693604,topic_2,True
124,16,6474054a-1f76-48de-98c6-f760945e079e,0.5508572459220886,topic_2,True
124,16,191f5071-a27c-4b90-8eb9-42493218ea9a,0.6211016178131104,topic_2,True
124,16,af366e3f-4fbe-4d62-94f4-27a28c0bdc7b,0.5350132584571838,topic_2,True
124,16,7f5a87c0-daf1-4ae1-8480-ae62287adcf1,0.8662798404693604,topic_2,True
124,16,98e848dc-b2d0-448f-a23a-f07aebfc436f,0.5508572459220886,topic_2,True
124,16,47b583fc-4e7d-4a83-87eb-289f261c119b,0.6211016178131104,topic_2,True
124,16,377a0c03-cd16-4846-987f-db59d9a30d1a,0.8662798404693604,topic_2,True
124,16,69db3173-066a-47df-b2da-5ac218206396,0.5508572459220886,topic_2,True
124,16,5575014b-45cd-4c58-b0c2-3b7083a91c17,0.6211016178131104,topic_2,True
124,16,28f42dd8-db9c-4980-986f-50e4ba2176bf,0.8662798404693604,topic_2,True
124,16,d9546b12-eef0-4cd1-ac23-f74e7d952ffe,0.5508572459220886,topic_2,True
124,16,4ab18331-04ea-44f3-b64d-4102a84824d8,0.6211016178131104,topic_2,True
124,16,4de9bced-6dc9-4e2e-93ca-cfd9332dbaad,0.8662798404693604,topic_2,True
124,16,b7d5fd03-d021-45a8-8991-f59883e8bce8,0.5508572459220886,topic_2,True
124,16,3d8f9ff8-45c2-4d89-9048-7b029a926122,0.6211016178131104,topic_2,True
125,26,17594637-b253-4fad-bda7-17964a587f02,0.5019570589065552,topic_2,True
125,26,647fa5c0-f54e-44df-a3f3-3bfd381e6c39,0.7719346284866333,topic_2,True
125,26,d93ef603-b5fc-498e-9b49-e8c792284401,0.5642350912094116,topic_2,True
125,26,6474054a-1f76-48de-98c6-f760945e079e,0.5483893156051636,topic_2,True
125,26,977b2dda-1f03-4187-a08e-0d77bda245fe,0.5202821493148804,topic_2,True
125,26,7f5a87c0-daf1-4ae1-8480-ae62287adcf1,0.5019570589065552,topic_2,True
125,26,75b390f5-6de9-455f-871c-408bd441ad42,0.7719346284866333,topic_2,True
125,26,68e9bf97-be90-4790-8146-c85d757fa9e8,0.5642350912094116,topic_2,True
125,26,98e848dc-b2d0-448f-a23a-f07aebfc436f,0.5483893156051636,topic_2,True
125,26,a5ea423f-c14b-4531-8fa3-155efd6fbcb5,0.5202821493148804,topic_2,True
125,26,377a0c03-cd16-4846-987f-db59d9a30d1a,0.5019570589065552,topic_2,True
125,26,61ea1804-f9b0-41c3-9803-1d5fd9fb383f,0.7719346284866333,topic_2,True
125,26,7a400ee4-e41b-4b71-a101-58f95a0afa72,0.5642350912094116,topic_2,True
125,26,69db3173-066a-47df-b2da-5ac218206396,0.5483893156051636,topic_2,True
125,26,187598fe-5b0f-41e6-b5e4-a2432cf529f5,0.5202821493148804,topic_2,True
125,26,28f42dd8-db9c-4980-986f-50e4ba2176bf,0.5019570589065552,topic_2,True
125,26,67fbec7d-43c0-4922-95c4-a904b8ca097e,0.7719346284866333,topic_2,True
125,26,36518f70-7189-403c-9c46-ea3c9c43ecd3,0.5642350912094116,topic_2,True
125,26,d9546b12-eef0-4cd1-ac23-f74e7d952ffe,0.5483893156051636,topic_2,True
125,26,33c5c3cc-82ce-4752-9ff7-815492a5723b,0.5202821493148804,topic_2,True
125,26,4de9bced-6dc9-4e2e-93ca-cfd9332dbaad,0.5019570589065552,topic_2,True
125,26,4ad34bc4-5234-4c7e-8747-502458cca7e4,0.7719346284866333,topic_2,True
125,26,154c3a94-1a88-4d22-b025-fc6d0a4a02a0,0.5642350912094116,topic_2,True
125,26,b7d5fd03-d021-45a8-8991-f59883e8bce8,0.5483893156051636,topic_2,True
125,26,b191a84a-4d8c-4f6d-b537-3c341f36826d,0.508114218711853,topic_3,True
126,20,647fa5c0-f54e-44df-a3f3-3bfd381e6c39,0.5056508183479309,topic_2,True
126,20,d93ef603-b5fc-498e-9b49-e8c792284401,0.8196889758110046,topic_2,True
126,20,6474054a-1f76-48de-98c6-f760945e079e,0.5557959079742432,topic_2,True
126,20,977b2dda-1f03-4187-a08e-0d77bda245fe,0.5543805956840515,topic_2,True
126,20,75b390f5-6de9-455f-871c-408bd441ad42,0.5056508183479309,topic_2,True
126,20,68e9bf97-be90-4790-8146-c85d757fa9e8,0.8196889758110046,topic_2,True
126,20,98e848dc-b2d0-448f-a23a-f07aebfc436f,0.5557959079742432,topic_2,True
126,20,a5ea423f-c14b-4531-8fa3-155efd6fbcb5,0.5543805956840515,topic_2,True
126,20,61ea1804-f9b0-41c3-9803-1d5fd9fb383f,0.5056508183479309,topic_2,True
126,20,7a400ee4-e41b-4b71-a101-58f95a0afa72,0.8196889758110046,topic_2,True
126,20,69db3173-066a-47df-b2da-5ac218206396,0.5557959079742432,topic_2,True
126,20,187598fe-5b0f-41e6-b5e4-a2432cf529f5,0.5543805956840515,topic_2,True
126,20,67fbec7d-43c0-4922-95c4-a904b8ca097e,0.5056508183479309,topic_2,True
126,20,36518f70-7189-403c-9c46-ea3c9c43ecd3,0.8196889758110046,topic_2,True
126,20,d9546b12-eef0-4cd1-ac23-f74e7d952ffe,0.5557959079742432,topic_2,True
126,20,33c5c3cc-82ce-4752-9ff7-815492a5723b,0.5543805956840515,topic_2,True
126,20,4ad34bc4-5234-4c7e-8747-502458cca7e4,0.5056508183479309,topic_2,True
126,20,154c3a94-1a88-4d22-b025-fc6d0a4a02a0,0.8196889758110046,topic_2,True
126,20,b7d5fd03-d021-45a8-8991-f59883e8bce8,0.5557959079742432,topic_2,True
127,31,54712973-88f8-4b55-ac3c-f310d4e84f9a,0.5915488004684448,topic_2,True
127,31,2abb50eb-8207-4f27-8894-940c4fb5ba0c,0.5915488004684448,topic_2,True
127,31,c47bb50c-bdfe-44ba-9585-db756efb1f92,0.5915488004684448,topic_2,True
127,31,cdab52b6-dbe8-4e8a-a8a4-174523e0da1d,0.5915488004684448,topic_2,True
127,31,98b3b619-8435-43e3-86b2-66ea005cdb1f,0.5915488004684448,topic_2,True
127,31,715070c4-1aed-48b5-ae33-6a37d3b7d991,0.5915488004684448,topic_2,True
127,31,0c625430-83eb-4ad8-ba5b-75b84597bddc,0.5915488004684448,topic_2,True
127,31,cd48d940-0a76-402d-9dfc-ce7052b02b37,0.5915488004684448,topic_2,True
127,31,e990fe63-7a73-4102-838d-0b548fbd269c,0.5915488004684448,topic_2,True
127,31,17594637-b253-4fad-bda7-17964a587f02,0.5480883717536926,topic_2,True
127,31,6474054a-1f76-48de-98c6-f760945e079e,0.855555534362793,topic_2,True
127,31,191f5071-a27c-4b90-8eb9-42493218ea9a,0.5046283602714539,topic_2,True
127,31,977b2dda-1f03-4187-a08e-0d77bda245fe,0.504281222820282,topic_2,True
127,31,7f5a87c0-daf1-4ae1-8480-ae62287adcf1,0.5480883717536926,topic_2,True
127,31,98e848dc-b2d0-448f-a23a-f07aebfc436f,0.855555534362793,topic_2,True
127,31,47b583fc-4e7d-4a83-87eb-289f261c119b,0.5046283602714539,topic_2,True
127,31,a5ea423f-c14b-4531-8fa3-155efd6fbcb5,0.504281222820282,topic_2,True
127,31,377a0c03-cd16-4846-987f-db59d9a30d1a,0.5480883717536926,topic_2,True
127,31,69db3173-066a-47df-b2da-5ac218206396,0.855555534362793,topic_2,True
127,31,5575014b-45cd-4c58-b0c2-3b7083a91c17,0.5046283602714539,topic_2,True
127,31,187598fe-5b0f-41e6-b5e4-a2432cf529f5,0.504281222820282,topic_2,True
127,31,28f42dd8-db9c-4980-986f-50e4ba2176bf,0.5480883717536926,topic_2,True
127,31,d9546b12-eef0-4cd1-ac23-f74e7d952ffe,0.855555534362793,topic_2,True
127,31,4ab18331-04ea-44f3-b64d-4102a84824d8,0.5046283602714539,topic_2,True
127,31,33c5c3cc-82ce-4752-9ff7-815492a5723b,0.504281222820282,topic_2,True
127,31,4de9bced-6dc9-4e2e-93ca-cfd9332dbaad,0.5480883717536926,topic_2,True
127,31,b7d5fd03-d021-45a8-8991-f59883e8bce8,0.855555534362793,topic_2,True
127,31,3d8f9ff8-45c2-4d89-9048-7b029a926122,0.5046283602714539,topic_2,True
127,31,b191a84a-4d8c-4f6d-b537-3c341f36826d,0.5255602598190308,topic_3,True
127,31,47ded868-11a4-4fc0-ba79-900141159208,0.5480883717536926,topic_2,True
128,21,17594637-b253-4fad-bda7-17964a587f02,0.6255056262016296,topic_2,True
128,21,6474054a-1f76-48de-98c6-f760945e079e,0.5406999588012695,topic_2,True
128,21,191f5071-a27c-4b90-8eb9-42493218ea9a,0.8470198512077332,topic_2,True
128,21,977b2dda-1f03-4187-a08e-0d77bda245fe,0.5345472693443298,topic_2,True
128,21,7f5a87c0-daf1-4ae1-8480-ae62287adcf1,0.6255056262016296,topic_2,True
128,21,98e848dc-b2d0-448f-a23a-f07aebfc436f,0.5406999588012695,topic_2,True
128,21,47b583fc-4e7d-4a83-87eb-289f261c119b,0.8470198512077332,topic_2,True
128,21,a5ea423f-c14b-4531-8fa3-155efd6fbcb5,0.5345472693443298,topic_2,True
128,21,377a0c03-cd16-4846-987f-db59d9a30d1a,0.6255056262016296,topic_2,True
128,21,69db3173-066a-47df-b2da-5ac218206396,0.5406999588012695,topic_2,True
128,21,5575014b-45cd-4c58-b0c2-3b7083a91c17,0.8470198512077332,topic_2,True
128,21,187598fe-5b0f-41e6-b5e4-a2432cf529f5,0.5345472693443298,topic_2,True
128,21,28f42dd8-db9c-4980-986f-50e4ba2176bf,0.6255056262016296,topic_2,True
128,21,d9546b12-eef0-4cd1-ac23-f74e7d952ffe,0.5406999588012695,topic_2,True
128,21,4ab18331-04ea-44f3-b64d-4102a84824d8,0.8470198512077332,topic_2,True
128,21,33c5c3cc-82ce-4752-9ff7-815492a5723b,0.5345472693443298,topic_2,True
128,21,4de9bced-6dc9-4e2e-93ca-cfd9332dbaad,0.6255056262016296,topic_2,True
128,21,b7d5fd03-d021-45a8-8991-f59883e8bce8,0.5406999588012695,topic_2,True
128,21,3d8f9ff8-45c2-4d89-9048-7b029a926122,0.8470198512077332,topic_2,True
128,21,47ded868-11a4-4fc0-ba79-900141159208,0.6255056262016296,topic_2,True
129,5,6b2a63bc-2cd8-46e7-add6-190dbfc3c846,0.8292428851127625,topic_2,True
129,5,2fc9baef-078d-4884-8fd8-f8842241b5a6,0.8292428851127625,topic_2,True
129,5,5a217a1f-349b-4708-8bc7-184b8e4678df,0.8292428851127625,topic_2,True
129,5,7d3891ec-d177-427b-9824-a56a1b162d36,0.8292428851127625,topic_2,True
129,5,ea5fd6bf-0874-4283-934e-00dfff50a44c,0.8292428851127625,topic_2,True
130,19,ae28eb05-6ce6-437e-a288-28ff4b3874e5,0.5253481864929199,topic_2,True
130,19,09537d4e-e05f-42e1-a52d-78c649b6b505,0.5253481864929199,topic_2,True
130,19,3b5480b8-7edd-4147-9a51-10f576388432,0.5253481864929199,topic_2,True
130,19,a6bd7cd3-c58e-4cdb-be02-ecc21fc7245b,0.5253481864929199,topic_2,True
130,19,bed86c39-42bd-4407-811e-887da686288e,0.5253481864929199,topic_2,True
130,19,8fc8e182-c1e5-4786-9abc-2f95d7c25741,0.5253481864929199,topic_2,True
130,19,c78bb77c-3485-4297-95ef-51603398e382,0.5253481864929199,topic_2,True
130,19,08fbc225-9a4b-4e5e-bc5a-7df941768ffd,0.5253481864929199,topic_2,True
130,19,6474054a-1f76-48de-98c6-f760945e079e,0.5013392567634583,topic_2,True
130,19,977b2dda-1f03-4187-a08e-0d77bda245fe,0.8757643699645996,topic_2,True
130,19,98e848dc-b2d0-448f-a23a-f07aebfc436f,0.5013392567634583,topic_2,True
130,19,a5ea423f-c14b-4531-8fa3-155efd6fbcb5,0.8757643699645996,topic_2,True
130,19,69db3173-066a-47df-b2da-5ac218206396,0.5013392567634583,topic_2,True
130,19,187598fe-5b0f-41e6-b5e4-a2432cf529f5,0.8757643699645996,topic_2,True
130,19,d9546b12-eef0-4cd1-ac23-f74e7d952ffe,0.5013392567634583,topic_2,True
130,19,33c5c3cc-82ce-4752-9ff7-815492a5723b,0.8757643699645996,topic_2,True
130,19,b7d5fd03-d021-45a8-8991-f59883e8bce8,0.5013392567634583,topic_2,True
130,19,484d5557-5fe3-46aa-827e-baac4fe68240,0.5013392567634583,topic_2,True
131,17,17594637-b253-4fad-bda7-17964a587f02,0.5904790759086609,topic_2,True
131,17,191f5071-a27c-4b90-8eb9-42493218ea9a,0.5300524234771729,topic_2,True
131,17,af366e3f-4fbe-4d62-94f4-27a28c0bdc7b,0.7352790832519531,topic_2,True
131,17,7f5a87c0-daf1-4ae1-8480-ae62287adcf1,0.5904790759086609,topic_2,True
131,17,47b583fc-4e7d-4a83-87eb-289f261c119b,0.5300524234771729,topic_2,True
131,17,d1e99a85-6e7c-4313-a14d-5766fe35109c,0.7392767071723938,topic_2,True
131,17,377a0c03-cd16-4846-987f-db59d9a30d1a,0.5904790759086609,topic_2,True
131,17,5575014b-45cd-4c58-b0c2-3b7083a91c17,0.5300524234771729,topic_2,True
131,17,c22f88bc-cd67-47d4-a85a-acc2707d11e7,0.735892117023468,topic_2,True
131,17,28f42dd8-db9c-4980-986f-50e4ba2176bf,0.5904790759086609,topic_2,True
131,17,4ab18331-04ea-44f3-b64d-4102a84824d8,0.5300524234771729,topic_2,True
131,17,9d3c1f32-6db3-400b-b249-ce5dc4c5577d,0.7339600920677185,topic_2,True
131,17,4de9bced-6dc9-4e2e-93ca-cfd9332dbaad,0.5904790759086609,topic_2,True
131,17,3d8f9ff8-45c2-4d89-9048-7b029a926122,0.5300524234771729,topic_2,True
131,17,4ce41372-cb02-48cc-bb0e-6571e7b03ada,0.7339600920677185,topic_2,True
131,17,47ded868-11a4-4fc0-ba79-900141159208,0.5904790759086609,topic_2,True
131,17,4f420403-b61f-46c1-82f0-88d17cd96b2e,0.5300524234771729,topic_2,True
132,19,17594637-b253-4fad-bda7-17964a587f02,0.8662798404693604,topic_2,True
132,19,6474054a-1f76-48de-98c6-f760945e079e,0.5508572459220886,topic_2,True
132,19,191f5071-a27c-4b90-8eb9-42493218ea9a,0.6211016178131104,topic_2,True
132,19,af366e3f-4fbe-4d62-94f4-27a28c0bdc7b,0.5350132584571838,topic_2,True
132,19,7f5a87c0-daf1-4ae1-8480-ae62287adcf1,0.8662798404693604,topic_2,True
132,19,98e848dc-b2d0-448f-a23a-f07aebfc436f,0.5508572459220886,topic_2,True
132,19,47b583fc-4e7d-4a83-87eb-289f261c119b,0.6211016178131104,topic_2,True
132,19,377a0c03-cd16-4846-987f-db59d9a30d1a,0.8662798404693604,topic_2,True
132,19,69db3173-066a-47df-b2da-5ac218206396,0.5508572459220886,topic_2,True
132,19,5575014b-45cd-4c58-b0c2-3b7083a91c17,0.6211016178131104,topic_2,True
132,19,28f42dd8-db9c-4980-986f-50e4ba2176bf,0.8662798404693604,topic_2,True
132,19,d9546b12-eef0-4cd1-ac23-f74e7d952ffe,0.5508572459220886,topic_2,True
132,19,4ab18331-04ea-44f3-b64d-4102a84824d8,0.6211016178131104,topic_2,True
132,19,4de9bced-6dc9-4e2e-93ca-cfd9332dbaad,0.8662798404693604,topic_2,True
132,19,b7d5fd03-d021-45a8-8991-f59883e8bce8,0.5508572459220886,topic_2,True
132,19,3d8f9ff8-45c2-4d89-9048-7b029a926122,0.6211016178131104,topic_2,True
132,19,47ded868-11a4-4fc0-ba79-900141159208,0.8662798404693604,topic_2,True
132,19,484d5557-5fe3-46aa-827e-baac4fe68240,0.5508572459220886,topic_2,True
132,19,4f420403-b61f-46c1-82f0-88d17cd96b2e,0.6211016178131104,topic_2,True
133,31,17594637-b253-4fad-bda7-17964a587f02,0.5019570589065552,topic_2,True
133,31,647fa5c0-f54e-44df-a3f3-3bfd381e6c39,0.7719346284866333,topic_2,True
133,31,d93ef603-b5fc-498e-9b49-e8c792284401,0.5642350912094116,topic_2,True
133,31,6474054a-1f76-48de-98c6-f760945e079e,0.5483893156051636,topic_2,True
133,31,977b2dda-1f03-4187-a08e-0d77bda245fe,0.5202821493148804,topic_2,True
133,31,7f5a87c0-daf1-4ae1-8480-ae62287adcf1,0.5019570589065552,topic_2,True
133,31,75b390f5-6de9-455f-871c-408bd441ad42,0.7719346284866333,topic_2,True
133,31,68e9bf97-be90-4790-8146-c85d757fa9e8,0.5642350912094116,topic_2,True
133,31,98e848dc-b2d0-448f-a23a-f07aebfc436f,0.5483893156051636,topic_2,True
133,31,a5ea423f-c14b-4531-8fa3-155efd6fbcb5,0.5202821493148804,topic_2,True
133,31,377a0c03-cd16-4846-987f-db59d9a30d1a,0.5019570589065552,topic_2,True
133,31,61ea1804-f9b0-41c3-9803-1d5fd9fb383f,0.7719346284866333,topic_2,True
133,31,7a400ee4-e41b-4b71-a101-58f95a0afa72,0.5642350912094116,topic_2,True
133,31,69db3173-066a-47df-b2da-5ac218206396,0.5483893156051636,topic_2,True
133,31,187598fe-5b0f-41e6-b5e4-a2432cf529f5,0.5202821493148804,topic_2,True
133,31,28f42dd8-db9c-4980-986f-50e4ba2176bf,0.5019570589065552,topic_2,True
133,31,67fbec7d-43c0-4922-95c4-a904b8ca097e,0.7719346284866333,topic_2,True
133,31,36518f70-7189-403c-9c46-ea3c9c43ecd3,0.5642350912094116,topic_2,True
133,31,d9546b12-eef0-4cd1-ac23-f74e7d952ffe,0.5483893156051636,topic_2,True
133,31,33c5c3cc-82ce-4752-9ff7-815492a5723b,0.5202821493148804,topic_2,True
133,31,4de9bced-6dc9-4e2e-93ca-cfd9332dbaad,0.5019570589065552,topic_2,True
133,31,4ad34bc4-5234-4c7e-8747-502458cca7e4,0.7719346284866333,topic_2,True
133,31,154c3a94-1a88-4d22-b025-fc6d0a4a02a0,0.5642350912094116,topic_2,True
133,31,b7d5fd03-d021-45a8-8991-f59883e8bce8,0.5483893156051636,topic_2,True
133,31,b191a84a-4d8c-4f6d-b537-3c341f36826d,0.508114218711853,topic_3,True
133,31,47ded868-11a4-4fc0-ba79-900141159208,0.5019570589065552,topic_2,True
133,31,5d4519fd-60e9-40fd-8ed1-98d4c27bb5a1,0.7719346284866333,topic_2,True
133,31,9a7d4baa-c077-4dfa-aee9-356aa5ce3a93,0.5642350912094116,topic_2,True
133,31,484d5557-5fe3-46aa-827e-baac4fe68240,0.5483893156051636,topic_2,True
133,31,636d6a36-33b2-4c8f-be84-60ec0fc2c1cd,0.5202821493148804,topic_2,True
134,24,647fa5c0-f54e-44df-a3f3-3bfd381e6c39,0.5056508183479309,topic_2,True
134,24,d93ef603-b5fc-498e-9b49-e8c792284401,0.8196889758110046,topic_2,True
134,24,6474054a-1f76-48de-98c6-f760945e079e,0.5557959079742432,topic_2,True
134,24,977b2dda-1f03-4187-a08e-0d77bda245fe,0.5543805956840515,topic_2,True
134,24,75b390f5-6de9-455f-871c-408bd441ad42,0.5056508183479309,topic_2,True
134,24,68e9bf97-be90-4790-8146-c85d757fa9e8,0.8196889758110046,topic_2,True
134,24,98e848dc-b2d0-448f-a23a-f07aebfc436f,0.5557959079742432,topic_2,True
134,24,a5ea423f-c14b-4531-8fa3-155efd6fbcb5,0.5543805956840515,topic_2,True
134,24,61ea1804-f9b0-41c3-9803-1d5fd9fb383f,0.5056508183479309,topic_2,True
134,24,7a400ee4-e41b-4b71-a101-58f95a0afa72,0.8196889758110046,topic_2,True
134,24,69db3173-066a-47df-b2da-5ac218206396,0.5557959079742432,topic_2,True
134,24,187598fe-5b0f-41e6-b5e4-a2432cf529f5,0.5543805956840515,topic_2,True
134,24,67fbec7d-43c0-4922-95c4-a904b8ca097e,0.5056508183479309,topic_2,True
134,24,36518f70-7189-403c-9c46-ea3c9c43ecd3,0.8196889758110046,topic_2,True
134,24,d9546b12-eef0-4cd1-ac23-f74e7d952ffe,0.5557959079742432,topic_2,True
134,24,33c5c3cc-82ce-4752-9ff7-815492a5723b,0.5543805956840515,topic_2,True
134,24,4ad34bc4-5234-4c7e-8747-502458cca7e4,0.5056508183479309,topic_2,True
134,24,154c3a94-1a88-4d22-b025-fc6d0a4a02a0,0.8196889758110046,topic_2,True
134,24,b7d5fd03-d021-45a8-8991-f59883e8bce8,0.5557959079742432,topic_2,True
134,24,5d4519fd-60e9-40fd-8ed1-98d4c27bb5a1,0.5056508183479309,topic_2,True
134,24,9a7d4baa-c077-4dfa-aee9-356aa5ce3a93,0.8196889758110046,topic_2,True
134,24,484d5557-5fe3-46aa-827e-baac4fe68240,0.5557959079742432,topic_2,True
134,24,636d6a36-33b2-4c8f-be84-60ec0fc2c1cd,0.5543805956840515,topic_2,True
135,35,54712973-88f8-4b55-ac3c-f310d4e84f9a,0.5915488004684448,topic_2,True
135,35,2abb50eb-8207-4f27-8894-940c4fb5ba0c,0.5915488004684448,topic_2,True
135,35,c47bb50c-bdfe-44ba-9585-db756efb1f92,0.5915488004684448,topic_2,True
135,35,cdab52b6-dbe8-4e8a-a8a4-174523e0da1d,0.5915488004684448,topic_2,True
135,35,98b3b619-8435-43e3-86b2-66ea005cdb1f,0.5915488004684448,topic_2,True
135,35,715070c4-1aed-48b5-ae33-6a37d3b7d991,0.5915488004684448,topic_2,True
135,35,0c625430-83eb-4ad8-ba5b-75b84597bddc,0.5915488004684448,topic_2,True
135,35,cd48d940-0a76-402d-9dfc-ce7052b02b37,0.5915488004684448,topic_2,True
135,35,e990fe63-7a73-4102-838d-0b548fbd269c,0.5915488004684448,topic_2,True
135,35,17594637-b253-4fad-bda7-17964a587f02,0.5480883717536926,topic_2,True
135,35,6474054a-1f76-48de-98c6-f760945e079e,0.855555534362793,topic_2,True
135,35,191f5071-a27c-4b90-8eb9-42493218ea9a,0.5046283602714539,topic_2,True
135,35,977b2dda-1f03-4187-a08e-0d77bda245fe,0.504281222820282,topic_2,True
135,35,7f5a87c0-daf1-4ae1-8480-ae62287adcf1,0.5480883717536926,topic_2,True
135,35,98e848dc-b2d0-448f-a23a-f07aebfc436f,0.855555534362793,topic_2,True
135,35,47b583fc-4e7d-4a83-87eb-289f261c119b,0.5046283602714539,topic_2,True
135,35,a5ea423f-c14b-4531-8fa3-155efd6fbcb5,0.504281222820282,topic_2,True
135,35,377a0c03-cd16-4846-987f-db59d9a30d1a,0.5480883717536926,topic_2,True
135,35,69db3173-066a-47df-b2da-5ac218206396,0.855555534362793,topic_2,True
135,35,5575014b-45cd-4c58-b0c2-3b7083a91c17,0.5046283602714539,topic_2,True
135,35,187598fe-5b0f-41e6-b5e4-a2432cf529f5,0.504281222820282,topic_2,True
135,35,28f42dd8-db9c-4980-986f-50e4ba2176bf,0.5480883717536926,topic_2,True
135,35,d9546b12-eef0-4cd1-ac23-f74e7d952ffe,0.855555534362793,topic_2,True
135,35,4ab18331-04ea-44f3-b64d-4102a84824d8,0.5046283602714539,topic_2,True
135,35,33c5c3cc-82ce-4752-9ff7-815492a5723b,0.504281222820282,topic_2,True
135,35,4de9bced-6dc9-4e2e-93ca-cfd9332dbaad,0.5480883717536926,topic_2,True
135,35,b7d5fd03-d021-45a8-8991-f59883e8bce8,0.855555534362793,topic_2,True
135,35,3d8f9ff8-45c2-4d89-9048-7b029a926122,0.5046283602714539,topic_2,True
135,35,b191a84a-4d8c-4f6d-b537-3c341f36826d,0.5255602598190308,topic_3,True
135,35,47ded868-11a4-4fc0-ba79-900141159208,0.5480883717536926,topic_2,True
135,35,484d5557-5fe3-46aa-827e-baac4fe68240,0.855555534362793,topic_2,True
135,35,4f420403-b61f-46c1-82f0-88d17cd96b2e,0.5046283602714539,topic_2,True
135,35,636d6a36-33b2-4c8f-be84-60ec0fc2c1cd,0.504281222820282,topic_2,True
135,35,19e6855d-07bc-48ca-ba28-a70e97060662,0.5480883717536926,topic_2,True
136,25,17594637-b253-4fad-bda7-17964a587f02,0.6255056262016296,topic_2,True
136,25,6474054a-1f76-48de-98c6-f760945e079e,0.5406999588012695,topic_2,True
136,25,191f5071-a27c-4b90-8eb9-42493218ea9a,0.8470198512077332,topic_2,True
136,25,977b2dda-1f03-4187-a08e-0d77bda245fe,0.5345472693443298,topic_2,True
136,25,7f5a87c0-daf1-4ae1-8480-ae62287adcf1,0.6255056262016296,topic_2,True
136,25,98e848dc-b2d0-448f-a23a-f07aebfc436f,0.5406999588012695,topic_2,True
136,25,47b583fc-4e7d-4a83-87eb-289f261c119b,0.8470198512077332,topic_2,True
136,25,a5ea423f-c14b-4531-8fa3-155efd6fbcb5,0.5345472693443298,topic_2,True
136,25,377a0c03-cd16-4846-987f-db59d9a30d1a,0.6255056262016296,topic_2,True
136,25,69db3173-066a-47df-b2da-5ac218206396,0.5406999588012695,topic_2,True
136,25,5575014b-45cd-4c58-b0c2-3b7083a91c17,0.8470198512077332,topic_2,True
136,25,187598fe-5b0f-41e6-b5e4-a2432cf529f5,0.5345472693443298,topic_2,True
136,25,28f42dd8-db9c-4980-986f-50e4ba2176bf,0.6255056262016296,topic_2,True
136,25,d9546b12-eef0-4cd1-ac23-f74e7d952ffe,0.5406999588012695,topic_2,True
136,25,4ab18331-04ea-44f3-b64d-4102a84824d8,0.8470198512077332,topic_2,True
136,25,33c5c3cc-82ce-4752-9ff7-815492a5723b,0.5345472693443298,topic_2,True
136,25,4de9bced-6dc9-4e2e-93ca-cfd9332dbaad,0.6255056262016296,topic_2,True
136,25,b7d5fd03-d021-45a8-8991-f59883e8bce8,0.5406999588012695,topic_2,True
136,25,3d8f9ff8-45c2-4d89-9048-7b029a926122,0.8470198512077332,topic_2,True
136,25,47ded868-11a4-4fc0-ba79-900141159208,0.6255056262016296,topic_2,True
136,25,484d5557-5fe3-46aa-827e-baac4fe68240,0.5406999588012695,topic_2,True
136,25,4f420403-b61f-46c1-82f0-88d17cd96b2e,0.8470198512077332,topic_2,True
136,25,636d6a36-33b2-4c8f-be84-60ec0fc2c1cd,0.5345472693443298,topic_2,True
136,25,19e6855d-07bc-48ca-ba28-a70e97060662,0.6255056262016296,topic_2,True
137,6,6b2a63bc-2cd8-46e7-add6-190dbfc3c846,0.8292428851127625,topic_2,True
137,6,2fc9baef-078d-4884-8fd8-f8842241b5a6,0.8292428851127625,topic_2,True
137,6,5a217a1f-349b-4708-8bc7-184b8e4678df,0.8292428851127625,topic_2,True
137,6,7d3891ec-d177-427b-9824-a56a1b162d36,0.8292428851127625,topic_2,True
137,6,ea5fd6bf-0874-4283-934e-00dfff50a44c,0.8292428851127625,topic_2,True
137,6,9161046b-65ea-46ec-a03f-6fb5c9a77e01,0.8292428851127625,topic_2,True
138,21,ae28eb05-6ce6-437e-a288-28ff4b3874e5,0.5253481864929199,topic_2,True
138,21,09537d4e-e05f-42e1-a52d-78c649b6b505,0.5253481864929199,topic_2,True
138,21,3b5480b8-7edd-4147-9a51-10f576388432,0.5253481864929199,topic_2,True
138,21,a6bd7cd3-c58e-4cdb-be02-ecc21fc7245b,0.5253481864929199,topic_2,True
138,21,bed86c39-42bd-4407-811e-887da686288e,0.5253481864929199,topic_2,True
138,21,8fc8e182-c1e5-4786-9abc-2f95d7c25741,0.5253481864929199,topic_2,True
138,21,c78bb77c-3485-4297-95ef-51603398e382,0.5253481864929199,topic_2,True
138,21,08fbc225-9a4b-4e5e-bc5a-7df941768ffd,0.5253481864929199,topic_2,True
138,21,6474054a-1f76-48de-98c6-f760945e079e,0.5013392567634583,topic_2,True
138,21,977b2dda-1f03-4187-a08e-0d77bda245fe,0.8757643699645996,topic_2,True
138,21,98e848dc-b2d0-448f-a23a-f07aebfc436f,0.5013392567634583,topic_2,True
138,21,a5ea423f-c14b-4531-8fa3-155efd6fbcb5,0.8757643699645996,topic_2,True
138,21,69db3173-066a-47df-b2da-5ac218206396,0.5013392567634583,topic_2,True
138,21,187598fe-5b0f-41e6-b5e4-a2432cf529f5,0.8757643699645996,topic_2,True
138,21,d9546b12-eef0-4cd1-ac23-f74e7d952ffe,0.5013392567634583,topic_2,True
138,21,33c5c3cc-82ce-4752-9ff7-815492a5723b,0.8757643699645996,topic_2,True
138,21,b7d5fd03-d021-45a8-8991-f59883e8bce8,0.5013392567634583,topic_2,True
138,21,484d5557-5fe3-46aa-827e-baac4fe68240,0.5013392567634583,topic_2,True
138,21,636d6a36-33b2-4c8f-be84-60ec0fc2c1cd,0.8757643699645996,topic_2,True
138,21,ebd9b399-bfa3-4972-a559-f8946d588900,0.5013392567634583,topic_2,True
139,20,17594637-b253-4fad-bda7-17964a587f02,0.5904790759086609,topic_2,True
139,20,191f5071-a27c-4b90-8eb9-42493218ea9a,0.5300524234771729,topic_2,True
139,20,af366e3f-4fbe-4d62-94f4-27a28c0bdc7b,0.7352790832519531,topic_2,True
139,20,7f5a87c0-daf1-4ae1-8480-ae62287adcf1,0.5904790759086609,topic_2,True
139,20,47b583fc-4e7d-4a83-87eb-289f261c119b,0.5300524234771729,topic_2,True
139,20,d1e99a85-6e7c-4313-a14d-5766fe35109c,0.7392767071723938,topic_2,True
139,20,377a0c03-cd16-4846-987f-db59d9a30d1a,0.5904790759086609,topic_2,True
139,20,5575014b-45cd-4c58-b0c2-3b7083a91c17,0.5300524234771729,topic_2,True
139,20,c22f88bc-cd67-47d4-a85a-acc2707d11e7,0.735892117023468,topic_2,True
139,20,28f42dd8-db9c-4980-986f-50e4ba2176bf,0.5904790759086609,topic_2,True
139,20,4ab18331-04ea-44f3-b64d-4102a84824d8,0.5300524234771729,topic_2,True
139,20,9d3c1f32-6db3-400b-b249-ce5dc4c5577d,0.7339600920677185,topic_2,True
139,20,4de9bced-6dc9-4e2e-93ca-cfd9332dbaad,0.5904790759086609,topic_2,True
139,20,3d8f9ff8-45c2-4d89-9048-7b029a926122,0.5300524234771729,topic_2,True
139,20,4ce41372-cb02-48cc-bb0e-6571e7b03ada,0.7339600920677185,topic_2,True
139,20,47ded868-11a4-4fc0-ba79-900141159208,0.5904790759086609,topic_2,True
139,20,4f420403-b61f-46c1-82f0-88d17cd96b2e,0.5300524234771729,topic_2,True
139,20,52250131-db3b-4384-9c26-011408c94130,0.7339600920677185,topic_2,True
139,20,19e6855d-07bc-48ca-ba28-a70e97060662,0.5904790759086609,topic_2,True
139,20,8733fa5d-4c37-46f2-81e3-05b7303e8243,0.5300524234771729,topic_2,True
140,22,17594637-b253-4fad-bda7-17964a587f02,0.8662798404693604,topic_2,True
140,22,6474054a-1f76-48de-98c6-f760945e079e,0.5508572459220886,topic_2,True
140,22,191f5071-a27c-4b90-8eb9-42493218ea9a,0.6211016178131104,topic_2,True
140,22,af366e3f-4fbe-4d62-94f4-27a28c0bdc7b,0.5350132584571838,topic_2,True
140,22,7f5a87c0-daf1-4ae1-8480-ae62287adcf1,0.8662798404693604,topic_2,True
140,22,98e848dc-b2d0-448f-a23a-f07aebfc436f,0.5508572459220886,topic_2,True
140,22,47b583fc-4e7d-4a83-87eb-289f261c119b,0.6211016178131104,topic_2,True
140,22,377a0c03-cd16-4846-987f-db59d9a30d1a,0.8662798404693604,topic_2,True
140,22,69db3173-066a-47df-b2da-5ac218206396,0.5508572459220886,topic_2,True
140,22,5575014b-45cd-4c58-b0c2-3b7083a91c17,0.6211016178131104,topic_2,True
140,22,28f42dd8-db9c-4980-986f-50e4ba2176bf,0.8662798404693604,topic_2,True
140,22,d9546b12-eef0-4cd1-ac23-f74e7d952ffe,0.5508572459220886,topic_2,True
140,22,4ab18331-04ea-44f3-b64d-4102a84824d8,0.6211016178131104,topic_2,True
140,22,4de9bced-6dc9-4e2e-93ca-cfd9332dbaad,0.8662798404693604,topic_2,True
140,22,b7d5fd03-d021-45a8-8991-f59883e8bce8,0.5508572459220886,topic_2,True
140,22,3d8f9ff8-45c2-4d89-9048-7b029a926122,0.6211016178131104,topic_2,True
140,22,47ded868-11a4-4fc0-ba79-900141159208,0.8662798404693604,topic_2,True
140,22,484d5557-5fe3-46aa-827e-baac4fe68240,0.5508572459220886,topic_2,True
140,22,4f420403-b61f-46c1-82f0-88d17cd96b2e,0.6211016178131104,topic_2,True
140,22,19e6855d-07bc-48ca-ba28-a70e97060662,0.8662798404693604,topic_2,True
140,22,ebd9b399-bfa3-4972-a559-f8946d588900,0.5508572459220886,topic_2,True
140,22,8733fa5d-4c37-46f2-81e3-05b7303e8243,0.6211016178131104,topic_2,True
141,36,17594637-b253-4fad-bda7-17964a587f02,0.5019570589065552,topic_2,True
141,36,647fa5c0-f54e-44df-a3f3-3bfd381e6c39,0.7719346284866333,topic_2,True
141,36,d93ef603-b5fc-498e-9b49-e8c792284401,0.5642350912094116,topic_2,True
141,36,6474054a-1f76-48de-98c6-f760945e079e,0.5483893156051636,topic_2,True
141,36,977b2dda-1f03-4187-a08e-0d77bda245fe,0.5202821493148804,topic_2,True
141,36,7f5a87c0-daf1-4ae1-8480-ae62287adcf1,0.5019570589065552,topic_2,True
141,36,75b390f5-6de9-455f-871c-408bd441ad42,0.7719346284866333,topic_2,True
141,36,68e9bf97-be90-4790-8146-c85d757fa9e8,0.5642350912094116,topic_2,True
141,36,98e848dc-b2d0-448f-a23a-f07aebfc436f,0.5483893156051636,topic_2,True
141,36,a5ea423f-c14b-4531-8fa3-155efd6fbcb5,0.5202821493148804,topic_2,True
141,36,377a0c03-cd16-4846-987f-db59d9a30d1a,0.5019570589065552,topic_2,True
141,36,61ea1804-f9b0-41c3-9803-1d5fd9fb383f,0.7719346284866333,topic_2,True
141,36,7a400ee4-e41b-4b71-a101-58f95a0afa72,0.5642350912094116,topic_2,True
141,36,69db3173-066a-47df-b2da-5ac218206396,0.5483893156051636,topic_2,True
141,36,187598fe-5b0f-41e6-b5e4-a2432cf529f5,0.5202821493148804,topic_2,True
141,36,28f42dd8-db9c-4980-986f-50e4ba2176bf,0.5019570589065552,topic_2,True
141,36,67fbec7d-43c0-4922-95c4-a904b8ca097e,0.7719346284866333,topic_2,True
141,36,36518f70-7189-403c-9c46-ea3c9c43ecd3,0.5642350912094116,topic_2,True
141,36,d9546b12-eef0-4cd1-ac23-f74e7d952ffe,0.5483893156051636,topic_2,True
141,36,33c5c3cc-82ce-4752-9ff7-815492a5723b,0.5202821493148804,topic_2,True
141,36,4de9bced-6dc9-4e2e-93ca-cfd9332dbaad,0.5019570589065552,topic_2,True
141,36,4ad34bc4-5234-4c7e-8747-502458cca7e4,0.7719346284866333,topic_2,True
141,36,154c3a94-1a88-4d22-b025-fc6d0a4a02a0,0.5642350912094116,topic_2,True
141,36,b7d5fd03-d021-45a8-8991-f59883e8bce8,0.5483893156051636,topic_2,True
141,36,b191a84a-4d8c-4f6d-b537-3c341f36826d,0.508114218711853,topic_3,True
141,36,47ded868-11a4-4fc0-ba79-900141159208,0.5019570589065552,topic_2,True
141,36,5d4519fd-60e9-40fd-8ed1-98d4c27bb5a1,0.7719346284866333,topic_2,True
141,36,9a7d4baa-c077-4dfa-aee9-356aa5ce3a93,0.5642350912094116,topic_2,True
141,36,484d5557-5fe3-46aa-827e-baac4fe68240,0.5483893156051636,topic_2,True
141,36,636d6a36-33b2-4c8f-be84-60ec0fc2c1cd,0.5202821493148804,topic_2,True
141,36,19e6855d-07bc-48ca-ba28-a70e97060662,0.5019570589065552,topic_2,True
141,36,0677aa5c-c3a6-4e35-a637-ed8f0678c9a6,0.7719346284866333,topic_2,True
141,36,02588678-8e35-464b-bdff-fbd0c59b2967,0.5642350912094116,topic_2,True
141,36,ebd9b399-bfa3-4972-a559-f8946d588900,0.5483893156051636,topic_2,True
141,36,f0226eb1-7d7c-4bd7-bcd8-a42804ec96ba,0.5202821493148804,topic_2,True
142,28,647fa5c0-f54e-44df-a3f3-3bfd381e6c39,0.5056508183479309,topic_2,True
142,28,d93ef603-b5fc-498e-9b49-e8c792284401,0.8196889758110046,topic_2,True
142,28,6474054a-1f76-48de-98c6-f760945e079e,0.5557959079742432,topic_2,True
142,28,977b2dda-1f03-4187-a08e-0d77bda245fe,0.5543805956840515,topic_2,True
142,28,75b390f5-6de9-455f-871c-408bd441ad42,0.5056508183479309,topic_2,True
142,28,68e9bf97-be90-4790-8146-c85d757fa9e8,0.8196889758110046,topic_2,True
142,28,98e848dc-b2d0-448f-a23a-f07aebfc436f,0.5557959079742432,topic_2,True
142,28,a5ea423f-c14b-4531-8fa3-155efd6fbcb5,0.5543805956840515,topic_2,True
142,28,61ea1804-f9b0-41c3-9803-1d5fd9fb383f,0.5056508183479309,topic_2,True
142,28,7a400ee4-e41b-4b71-a101-58f95a0afa72,0.8196889758110046,topic_2,True
142,28,69db3173-066a-47df-b2da-5ac218206396,0.5557959079742432,topic_2,True
142,28,187598fe-5b0f-41e6-b5e4-a2432cf529f5,0.5543805956840515,topic_2,True
142,28,67fbec7d-43c0-4922-95c4-a904b8ca097e,0.5056508183479309,topic_2,True
142,28,36518f70-7189-403c-9c46-ea3c9c43ecd3,0.8196889758110046,topic_2,True
142,28,d9546b12-eef0-4cd1-ac23-f74e7d952ffe,0.5557959079742432,topic_2,True
142,28,33c5c3cc-82ce-4752-9ff7-815492a5723b,0.5543805956840515,topic_2,True
142,28,4ad34bc4-5234-4c7e-8747-502458cca7e4,0.5056508183479309,topic_2,True
142,28,154c3a94-1a88-4d22-b025-fc6d0a4a02a0,0.8196889758110046,topic_2,True
142,28,b7d5fd03-d021-45a8-8991-f59883e8bce8,0.5557959079742432,topic_2,True
142,28,5d4519fd-60e9-40fd-8ed1-98d4c27bb5a1,0.5056508183479309,topic_2,True
142,28,9a7d4baa-c077-4dfa-aee9-356aa5ce3a93,0.8196889758110046,topic_2,True
142,28,484d5557-5fe3-46aa-827e-baac4fe68240,0.5557959079742432,topic_2,True
142,28,636d6a36-33b2-4c8f-be84-60ec0fc2c1cd,0.5543805956840515,topic_2,True
142,28,0677aa5c-c3a6-4e35-a637-ed8f0678c9a6,0.5056508183479309,topic_2,True
142,28,02588678-8e35-464b-bdff-fbd0c59b2967,0.8196889758110046,topic_2,True
142,28,ebd9b399-bfa3-4972-a559-f8946d588900,0.5557959079742432,topic_2,True
142,28,f0226eb1-7d7c-4bd7-bcd8-a42804ec96ba,0.5543805956840515,topic_2,True
143,39,54712973-88f8-4b55-ac3c-f310d4e84f9a,0.5915488004684448,topic_2,True
143,39,2abb50eb-8207-4f27-8894-940c4fb5ba0c,0.5915488004684448,topic_2,True
143,39,c47bb50c-bdfe-44ba-9585-db756efb1f92,0.5915488004684448,topic_2,True
143,39,cdab52b6-dbe8-4e8a-a8a4-174523e0da1d,0.5915488004684448,topic_2,True
143,39,98b3b619-8435-43e3-86b2-66ea005cdb1f,0.5915488004684448,topic_2,True
143,39,715070c4-1aed-48b5-ae33-6a37d3b7d991,0.5915488004684448,topic_2,True
143,39,0c625430-83eb-4ad8-ba5b-75b84597bddc,0.5915488004684448,topic_2,True
143,39,cd48d940-0a76-402d-9dfc-ce7052b02b37,0.5915488004684448,topic_2,True
143,39,e990fe63-7a73-4102-838d-0b548fbd269c,0.5915488004684448,topic_2,True
143,39,17594637-b253-4fad-bda7-17964a587f02,0.5480883717536926,topic_2,True
143,39,6474054a-1f76-48de-98c6-f760945e079e,0.855555534362793,topic_2,True
143,39,191f5071-a27c-4b90-8eb9-42493218ea9a,0.5046283602714539,topic_2,True
143,39,977b2dda-1f03-4187-a08e-0d77bda245fe,0.504281222820282,topic_2,True
143,39,7f5a87c0-daf1-4ae1-8480-ae62287adcf1,0.5480883717536926,topic_2,True
143,39,98e848dc-b2d0-448f-a23a-f07aebfc436f,0.855555534362793,topic_2,True
143,39,47b583fc-4e7d-4a83-87eb-289f261c119b,0.5046283602714539,topic_2,True
143,39,a5ea423f-c14b-4531-8fa3-155efd6fbcb5,0.504281222820282,topic_2,True
143,39,377a0c03-cd16-4846-987f-db59d9a30d1a,0.5480883717536926,topic_2,True
143,39,69db3173-066a-47df-b2da-5ac218206396,0.855555534362793,topic_2,True
143,39,5575014b-45cd-4c58-b0c2-3b7083a91c17,0.5046283602714539,topic_2,True
143,39,187598fe-5b0f-41e6-b5e4-a2432cf529f5,0.504281222820282,topic_2,True
143,39,28f42dd8-db9c-4980-986f-50e4ba2176bf,0.5480883717536926,topic_2,True
143,39,d9546b12-eef0-4cd1-ac23-f74e7d952ffe,0.855555534362793,topic_2,True
143,39,4ab18331-04ea-44f3-b64d-4102a84824d8,0.5046283602714539,topic_2,True
143,39,33c5c3cc-82ce-4752-9ff7-815492a5723b,0.504281222820282,topic_2,True
143,39,4de9bced-6dc9-4e2e-93ca-cfd9332dbaad,0.5480883717536926,topic_2,True
143,39,b7d5fd03-d021-45a8-8991-f59883e8bce8,0.855555534362793,topic_2,True
143,39,3d8f9ff8-45c2-4d89-9048-7b029a926122,0.5046283602714539,topic_2,True
143,39,b191a84a-4d8c-4f6d-b537-3c341f36826d,0.5255602598190308,topic_3,True
143,39,47ded868-11a4-4fc0-ba79-900141159208,0.5480883717536926,topic_2,True
143,39,484d5557-5fe3-46aa-827e-baac4fe68240,0.855555534362793,topic_2,True
143,39,4f420403-b61f-46c1-82f0-88d17cd96b2e,0.5046283602714539,topic_2,True
143,39,636d6a36-33b2-4c8f-be84-60ec0fc2c1cd,0.504281222820282,topic_2,True
143,39,19e6855d-07bc-48ca-ba28-a70e97060662,0.5480883717536926,topic_2,True
143,39,ebd9b399-bfa3-4972-a559-f8946d588900,0.855555534362793,topic_2,True
143,39,8733fa5d-4c37-46f2-81e3-05b7303e8243,0.5046283602714539,topic_2,True
143,39,f0226eb1-7d7c-4bd7-bcd8-a42804ec96ba,0.504281222820282,topic_2,True
143,39,5acd6cda-87ac-426a-82b7-963958247a17,0.5480883717536926,topic_2,True
144,29,17594637-b253-4fad-bda7-17964a587f02,0.6255056262016296,topic_2,True
144,29,6474054a-1f76-48de-98c6-f760945e079e,0.5406999588012695,topic_2,True
144,29,191f5071-a27c-4b90-8eb9-42493218ea9a,0.8470198512077332,topic_2,True
144,29,977b2dda-1f03-4187-a08e-0d77bda245fe,0.5345472693443298,topic_2,True
144,29,7f5a87c0-daf1-4ae1-8480-ae62287adcf1,0.6255056262016296,topic_2,True
144,29,98e848dc-b2d0-448f-a23a-f07aebfc436f,0.5406999588012695,topic_2,True
144,29,47b583fc-4e7d-4a83-87eb-289f261c119b,0.8470198512077332,topic_2,True
144,29,a5ea423f-c14b-4531-8fa3-155efd6fbcb5,0.5345472693443298,topic_2,True
144,29,377a0c03-cd16-4846-987f-db59d9a30d1a,0.6255056262016296,topic_2,True
144,29,69db3173-066a-47df-b2da-5ac218206396,0.5406999588012695,topic_2,True
144,29,5575014b-45cd-4c58-b0c2-3b7083a91c17,0.8470198512077332,topic_2,True
144,29,187598fe-5b0f-41e6-b5e4-a2432cf529f5,0.5345472693443298,topic_2,True
144,29,28f42dd8-db9c-4980-986f-50e4ba2176bf,0.6255056262016296,topic_2,True
144,29,d9546b12-eef0-4cd1-ac23-f74e7d952ffe,0.5406999588012695,topic_2,True
144,29,4ab18331-04ea-44f3-b64d-4102a84824d8,0.8470198512077332,topic_2,True
144,29,33c5c3cc-82ce-4752-9ff7-815492a5723b,0.5345472693443298,topic_2,True
144,29,4de9bced-6dc9-4e2e-93ca-cfd9332dbaad,0.6255056262016296,topic_2,True
144,29,b7d5fd03-d021-45a8-8991-f59883e8bce8,0.5406999588012695,topic_2,True
144,29,3d8f9ff8-45c2-4d89-9048-7b029a926122,0.8470198512077332,topic_2,True
144,29,47ded868-11a4-4fc0-ba79-900141159208,0.6255056262016296,topic_2,True
144,29,484d5557-5fe3-46aa-827e-baac4fe68240,0.5406999588012695,topic_2,True
144,29,4f420403-b61f-46c1-82f0-88d17cd96b2e,0.8470198512077332,topic_2,True
144,29,636d6a36-33b2-4c8f-be84-60ec0fc2c1cd,0.5345472693443298,topic_2,True
144,29,19e6855d-07bc-48ca-ba28-a70e97060662,0.6255056262016296,topic_2,True
144,29,ebd9b399-bfa3-4972-a559-f8946d588900,0.5406999588012695,topic_2,True
144,29,8733fa5d-4c37-46f2-81e3-05b7303e8243,0.8470198512077332,topic_2,True
144,29,f0226eb1-7d7c-4bd7-bcd8-a42804ec96ba,0.5345472693443298,topic_2,True
144,29,5acd6cda-87ac-426a-82b7-963958247a17,0.6255056262016296,topic_2,True
145,7,6b2a63bc-2cd8-46e7-add6-190dbfc3c846,0.8292428851127625,topic_2,True
145,7,2fc9baef-078d-4884-8fd8-f8842241b5a6,0.8292428851127625,topic_2,True
145,7,5a217a1f-349b-4708-8bc7-184b8e4678df,0.8292428851127625,topic_2,True
145,7,7d3891ec-d177-427b-9824-a56a1b162d36,0.8292428851127625,topic_2,True
145,7,ea5fd6bf-0874-4283-934e-00dfff50a44c,0.8292428851127625,topic_2,True
145,7,9161046b-65ea-46ec-a03f-6fb5c9a77e01,0.8292428851127625,topic_2,True
145,7,769ab660-9f6e-46a8-9129-bff5520404ff,0.8292428851127625,topic_2,True
146,23,ae28eb05-6ce6-437e-a288-28ff4b3874e5,0.5253481864929199,topic_2,True
146,23,09537d4e-e05f-42e1-a52d-78c649b6b505,0.5253481864929199,topic_2,True
146,23,3b5480b8-7edd-4147-9a51-10f576388432,0.5253481864929199,topic_2,True
146,23,a6bd7cd3-c58e-4cdb-be02-ecc21fc7245b,0.5253481864929199,topic_2,True
146,23,bed86c39-42bd-4407-811e-887da686288e,0.5253481864929199,topic_2,True
146,23,8fc8e182-c1e5-4786-9abc-2f95d7c25741,0.5253481864929199,topic_2,True
146,23,c78bb77c-3485-4297-95ef-51603398e382,0.5253481864929199,topic_2,True
146,23,08fbc225-9a4b-4e5e-bc5a-7df941768ffd,0.5253481864929199,topic_2,True
146,23,6474054a-1f76-48de-98c6-f760945e079e,0.5013392567634583,topic_2,True
146,23,977b2dda-1f03-4187-a08e-0d77bda245fe,0.8757643699645996,topic_2,True
146,23,98e848dc-b2d0-448f-a23a-f07aebfc436f,0.5013392567634583,topic_2,True
146,23,a5ea423f-c14b-4531-8fa3-155efd6fbcb5,0.8757643699645996,topic_2,True
146,23,69db3173-066a-47df-b2da-5ac218206396,0.5013392567634583,topic_2,True
146,23,187598fe-5b0f-41e6-b5e4-a2432cf529f5,0.8757643699645996,topic_2,True
146,23,d9546b12-eef0-4cd1-ac23-f74e7d952ffe,0.5013392567634583,topic_2,True
146,23,33c5c3cc-82ce-4752-9ff7-815492a5723b,0.8757643699645996,topic_2,True
146,23,b7d5fd03-d021-45a8-8991-f59883e8bce8,0.5013392567634583,topic_2,True
146,23,484d5557-5fe3-46aa-827e-baac4fe68240,0.5013392567634583,topic_2,True
146,23,636d6a36-33b2-4c8f-be84-60ec0fc2c1cd,0.8757643699645996,topic_2,True
146,23,ebd9b399-bfa3-4972-a559-f8946d588900,0.5013392567634583,topic_2,True
146,23,f0226eb1-7d7c-4bd7-bcd8-a42804ec96ba,0.8757643699645996,topic_2,True
146,23,bf81bcdd-024a-4254-89f8-1dcedea8cb93,0.5013392567634583,topic_2,True
147,23,17594637-b253-4fad-bda7-17964a587f02,0.5904790759086609,topic_2,True
147,23,191f5071-a27c-4b90-8eb9-42493218ea9a,0.5300524234771729,topic_2,True
147,23,af366e3f-4fbe-4d62-94f4-27a28c0bdc7b,0.7352790832519531,topic_2,True
147,23,7f5a87c0-daf1-4ae1-8480-ae62287adcf1,0.5904790759086609,topic_2,True
147,23,47b583fc-4e7d-4a83-87eb-289f261c119b,0.5300524234771729,topic_2,True
147,23,d1e99a85-6e7c-4313-a14d-5766fe35109c,0.7392767071723938,topic_2,True
147,23,377a0c03-cd16-4846-987f-db59d9a30d1a,0.5904790759086609,topic_2,True
147,23,5575014b-45cd-4c58-b0c2-3b7083a91c17,0.5300524234771729,topic_2,True
147,23,c22f88bc-cd67-47d4-a85a-acc2707d11e7,0.735892117023468,topic_2,True
147,23,28f42dd8-db9c-4980-986f-50e4ba2176bf,0.5904790759086609,topic_2,True
147,23,4ab18331-04ea-44f3-b64d-4102a84824d8,0.5300524234771729,topic_2,True
147,23,9d3c1f32-6db3-400b-b249-ce5dc4c5577d,0.7339600920677185,topic_2,True
147,23,4de9bced-6dc9-4e2e-93ca-cfd9332dbaad,0.5904790759086609,topic_2,True
147,23,3d8f9ff8-45c2-4d89-9048-7b029a926122,0.5300524234771729,topic_2,True
147,23,4ce41372-cb02-48cc-bb0e-6571e7b03ada,0.7339600920677185,topic_2,True
147,23,47ded868-11a4-4fc0-ba79-900141159208,0.5904790759086609,topic_2,True
147,23,4f420403-b61f-46c1-82f0-88d17cd96b2e,0.5300524234771729,topic_2,True
147,23,52250131-db3b-4384-9c26-011408c94130,0.7339600920677185,topic_2,True
147,23,19e6855d-07bc-48ca-ba28-a70e97060662,0.5904790759086609,topic_2,True
147,23,8733fa5d-4c37-46f2-81e3-05b7303e8243,0.5300524234771729,topic_2,True
147,23,8ef8b061-6f89-4f6d-978d-b442b3338f2b,0.7339600920677185,topic_2,True
147,23,5acd6cda-87ac-426a-82b7-963958247a17,0.5904790759086609,topic_2,True
147,23,d518b159-bc3f-4384-9f21-1b523feb46ba,0.5300524234771729,topic_2,True
148,25,17594637-b253-4fad-bda7-17964a587f02,0.8662798404693604,topic_2,True
148,25,6474054a-1f76-48de-98c6-f760945e079e,0.5508572459220886,topic_2,True
148,25,191f5071-a27c-4b90-8eb9-42493218ea9a,0.6211016178131104,topic_2,True
148,25,af366e3f-4fbe-4d62-94f4-27a28c0bdc7b,0.5350132584571838,topic_2,True
148,25,7f5a87c0-daf1-4ae1-8480-ae62287adcf1,0.8662798404693604,topic_2,True
148,25,98e848dc-b2d0-448f-a23a-f07aebfc436f,0.5508572459220886,topic_2,True
148,25,47b583fc-4e7d-4a83-87eb-289f261c119b,0.6211016178131104,topic_2,True
148,25,377a0c03-cd16-4846-987f-db59d9a30d1a,0.8662798404693604,topic_2,True
148,25,69db3173-066a-47df-b2da-5ac218206396,0.5508572459220886,topic_2,True
148,25,5575014b-45cd-4c58-b0c2-3b7083a91c17,0.6211016178131104,topic_2,True
148,25,28f42dd8-db9c-4980-986f-50e4ba2176bf,0.8662798404693604,topic_2,True
148,25,d9546b12-eef0-4cd1-ac23-f74e7d952ffe,0.5508572459220886,topic_2,True
148,25,4ab18331-04ea-44f3-b64d-4102a84824d8,0.6211016178131104,topic_2,True
148,25,4de9bced-6dc9-4e2e-93ca-cfd9332dbaad,0.8662798404693604,topic_2,True
148,25,b7d5fd03-d021-45a8-8991-f59883e8bce8,0.5508572459220886,topic_2,True
148,25,3d8f9ff8-45c2-4d89-9048-7b029a926122,0.6211016178131104,topic_2,True
148,25,47ded868-11a4-4fc0-ba79-900141159208,0.8662798404693604,topic_2,True
148,25,484d5557-5fe3-46aa-827e-baac4fe68240,0.5508572459220886,topic_2,True
148,25,4f420403-b61f-46c1-82f0-88d17cd96b2e,0.6211016178131104,topic_2,True
148,25,19e6855d-07bc-48ca-ba28-a70e97060662,0.8662798404693604,topic_2,True
148,25,ebd9b399-bfa3-4972-a559-f8946d588900,0.5508572459220886,topic_2,True
148,25,8733fa5d-4c37-46f2-81e3-05b7303e8243,0.6211016178131104,topic_2,True
148,25,5acd6cda-87ac-426a-82b7-963958247a17,0.8662798404693604,topic_2,True
148,25,bf81bcdd-024a-4254-89f8-1dcedea8cb93,0.5508572459220886,topic_2,True
148,25,d518b159-bc3f-4384-9f21-1b523feb46ba,0.6211016178131104,topic_2,True
149,41,17594637-b253-4fad-bda7-17964a587f02,0.5019570589065552,topic_2,True
149,41,647fa5c0-f54e-44df-a3f3-3bfd381e6c39,0.7719346284866333,topic_2,True
149,41,d93ef603-b5fc-498e-9b49-e8c792284401,0.5642350912094116,topic_2,True
149,41,6474054a-1f76-48de-98c6-f760945e079e,0.5483893156051636,topic_2,True
149,41,977b2dda-1f03-4187-a08e-0d77bda245fe,0.5202821493148804,topic_2,True
149,41,7f5a87c0-daf1-4ae1-8480-ae62287adcf1,0.5019570589065552,topic_2,True
149,41,75b390f5-6de9-455f-871c-408bd441ad42,0.7719346284866333,topic_2,True
149,41,68e9bf97-be90-4790-8146-c85d757fa9e8,0.5642350912094116,topic_2,True
149,41,98e848dc-b2d0-448f-a23a-f07aebfc436f,0.5483893156051636,topic_2,True
149,41,a5ea423f-c14b-4531-8fa3-155efd6fbcb5,0.5202821493148804,topic_2,True
149,41,377a0c03-cd16-4846-987f-db59d9a30d1a,0.5019570589065552,topic_2,True
149,41,61ea1804-f9b0-41c3-9803-1d5fd9fb383f,0.7719346284866333,topic_2,True
149,41,7a400ee4-e41b-4b71-a101-58f95a0afa72,0.5642350912094116,topic_2,True
149,41,69db3173-066a-47df-b2da-5ac218206396,0.5483893156051636,topic_2,True
149,41,187598fe-5b0f-41e6-b5e4-a2432cf529f5,0.5202821493148804,topic_2,True
149,41,28f42dd8-db9c-4980-986f-50e4ba2176bf,0.5019570589065552,topic_2,True
149,41,67fbec7d-43c0-4922-95c4-a904b8ca097e,0.7719346284866333,topic_2,True
149,41,36518f70-7189-403c-9c46-ea3c9c43ecd3,0.5642350912094116,topic_2,True
149,41,d9546b12-eef0-4cd1-ac23-f74e7d952ffe,0.5483893156051636,topic_2,True
149,41,33c5c3cc-82ce-4752-9ff7-815492a5723b,0.5202821493148804,topic_2,True
149,41,4de9bced-6dc9-4e2e-93ca-cfd9332dbaad,0.5019570589065552,topic_2,True
149,41,4ad34bc4-5234-4c7e-8747-502458cca7e4,0.7719346284866333,topic_2,True
149,41,154c3a94-1a88-4d22-b025-fc6d0a4a02a0,0.5642350912094116,topic_2,True
149,41,b7d5fd03-d021-45a8-8991-f59883e8bce8,0.5483893156051636,topic_2,True
149,41,b191a84a-4d8c-4f6d-b537-3c341f36826d,0.508114218711853,topic_3,True
149,41,47ded868-11a4-4fc0-ba79-900141159208,0.5019570589065552,topic_2,True
149,41,5d4519fd-60e9-40fd-8ed1-98d4c27bb5a1,0.7719346284866333,topic_2,True
149,41,9a7d4baa-c077-4dfa-aee9-356aa5ce3a93,0.5642350912094116,topic_2,True
149,41,484d5557-5fe3-46aa-827e-baac4fe68240,0.5483893156051636,topic_2,True
149,41,636d6a36-33b2-4c8f-be84-60ec0fc2c1cd,0.5202821493148804,topic_2,True
149,41,19e6855d-07bc-48ca-ba28-a70e97060662,0.5019570589065552,topic_2,True
149,41,0677aa5c-c3a6-4e35-a637-ed8f0678c9a6,0.7719346284866333,topic_2,True
149,41,02588678-8e35-464b-bdff-fbd0c59b2967,0.5642350912094116,topic_2,True
149,41,ebd9b399-bfa3-4972-a559-f8946d588900,0.5483893156051636,topic_2,True
149,41,f0226eb1-7d7c-4bd7-bcd8-a42804ec96ba,0.5202821493148804,topic_2,True
149,41,5acd6cda-87ac-426a-82b7-963958247a17,0.5019570589065552,topic_2,True
149,41,2591dcab-f42b-4c82-b82c-ac5f95035cc1,0.7719346284866333,topic_2,True
149,41,f9c4cb79-89c0-4222-b1b4-7b01b6d565c3,0.5642350912094116,topic_2,True
149,41,bf81bcdd-024a-4254-89f8-1dcedea8cb93,0.5483893156051636,topic_2,True
149,41,aeaeaa53-bc3b-4b8b-8790-1f4d2f21c7e8,0.5202821493148804,topic_2,True
150,32,647fa5c0-f54e-44df-a3f3-3bfd381e6c39,0.5056508183479309,topic_2,True
150,32,d93ef603-b5fc-498e-9b49-e8c792284401,0.8196889758110046,topic_2,True
150,32,6474054a-1f76-48de-98c6-f760945e079e,0.5557959079742432,topic_2,True
150,32,977b2dda-1f03-4187-a08e-0d77bda245fe,0.5543805956840515,topic_2,True
150,32,75b390f5-6de9-455f-871c-408bd441ad42,0.5056508183479309,topic_2,True
150,32,68e9bf97-be90-4790-8146-c85d757fa9e8,0.8196889758110046,topic_2,True
150,32,98e848dc-b2d0-448f-a23a-f07aebfc436f,0.5557959079742432,topic_2,True
150,32,a5ea423f-c14b-4531-8fa3-155efd6fbcb5,0.5543805956840515,topic_2,True
150,32,61ea1804-f9b0-41c3-9803-1d5fd9fb383f,0.5056508183479309,topic_2,True
150,32,7a400ee4-e41b-4b71-a101-58f95a0afa72,0.8196889758110046,topic_2,True
150,32,69db3173-066a-47df-b2da-5ac218206396,0.5557959079742432,topic_2,True
150,32,187598fe-5b0f-41e6-b5e4-a2432cf529f5,0.5543805956840515,topic_2,True
150,32,67fbec7d-43c0-4922-95c4-a904b8ca097e,0.5056508183479309,topic_2,True
150,32,36518f70-7189-403c-9c46-ea3c9c43ecd3,0.8196889758110046,topic_2,True
150,32,d9546b12-eef0-4cd1-ac23-f74e7d952ffe,0.5557959079742432,topic_2,True
150,32,33c5c3cc-82ce-4752-9ff7-815492a5723b,0.5543805956840515,topic_2,True
150,32,4ad34bc4-5234-4c7e-8747-502458cca7e4,0.5056508183479309,topic_2,True
150,32,154c3a94-1a88-4d22-b025-fc6d0a4a02a0,0.8196889758110046,topic_2,True
150,32,b7d5fd03-d021-45a8-8991-f59883e8bce8,0.5557959079742432,topic_2,True
150,32,5d4519fd-60e9-40fd-8ed1-98d4c27bb5a1,0.5056508183479309,topic_2,True
150,32,9a7d4baa-c077-4dfa-aee9-356aa5ce3a93,0.8196889758110046,topic_2,True
150,32,484d5557-5fe3-46aa-827e-baac4fe68240,0.5557959079742432,topic_2,True
150,32,636d6a36-33b2-4c8f-be84-60ec0fc2c1cd,0.5543805956840515,topic_2,True
150,32,0677aa5c-c3a6-4e35-a637-ed8f0678c9a6,0.5056508183479309,topic_2,True
150,32,02588678-8e35-464b-bdff-fbd0c59b2967,0.8196889758110046,topic_2,True
150,32,ebd9b399-bfa3-4972-a559-f8946d588900,0.5557959079742432,topic_2,True
150,32,f0226eb1-7d7c-4bd7-bcd8-a42804ec96ba,0.5543805956840515,topic_2,True
150,32,2591dcab-f42b-4c82-b82c-ac5f95035cc1,0.5056508183479309,topic_2,True
150,32,f9c4cb79-89c0-4222-b1b4-7b01b6d565c3,0.8196889758110046,topic_2,True
150,32,bf81bcdd-024a-4254-89f8-1dcedea8cb93,0.5557959079742432,topic_2,True
150,32,aeaeaa53-bc3b-4b8b-8790-1f4d2f21c7e8,0.5543805956840515,topic_2,True
151,43,54712973-88f8-4b55-ac3c-f310d4e84f9a,0.5915488004684448,topic_2,True
151,43,2abb50eb-8207-4f27-8894-940c4fb5ba0c,0.5915488004684448,topic_2,True
151,43,c47bb50c-bdfe-44ba-9585-db756efb1f92,0.5915488004684448,topic_2,True
151,43,cdab52b6-dbe8-4e8a-a8a4-174523e0da1d,0.5915488004684448,topic_2,True
151,43,98b3b619-8435-43e3-86b2-66ea005cdb1f,0.5915488004684448,topic_2,True
151,43,715070c4-1aed-48b5-ae33-6a37d3b7d991,0.5915488004684448,topic_2,True
151,43,0c625430-83eb-4ad8-ba5b-75b84597bddc,0.5915488004684448,topic_2,True
151,43,cd48d940-0a76-402d-9dfc-ce7052b02b37,0.5915488004684448,topic_2,True
151,43,e990fe63-7a73-4102-838d-0b548fbd269c,0.5915488004684448,topic_2,True
151,43,17594637-b253-4fad-bda7-17964a587f02,0.5480883717536926,topic_2,True
151,43,6474054a-1f76-48de-98c6-f760945e079e,0.855555534362793,topic_2,True
151,43,191f5071-a27c-4b90-8eb9-42493218ea9a,0.5046283602714539,topic_2,True
151,43,977b2dda-1f03-4187-a08e-0d77bda245fe,0.504281222820282,topic_2,True
151,43,7f5a87c0-daf1-4ae1-8480-ae62287adcf1,0.5480883717536926,topic_2,True
151,43,98e848dc-b2d0-448f-a23a-f07aebfc436f,0.855555534362793,topic_2,True
151,43,47b583fc-4e7d-4a83-87eb-289f261c119b,0.5046283602714539,topic_2,True
151,43,a5ea423f-c14b-4531-8fa3-155efd6fbcb5,0.504281222820282,topic_2,True
151,43,377a0c03-cd16-4846-987f-db59d9a30d1a,0.5480883717536926,topic_2,True
151,43,69db3173-066a-47df-b2da-5ac218206396,0.855555534362793,topic_2,True
151,43,5575014b-45cd-4c58-b0c2-3b7083a91c17,0.5046283602714539,topic_2,True
151,43,187598fe-5b0f-41e6-b5e4-a2432cf529f5,0.504281222820282,topic_2,True
151,43,28f42dd8-db9c-4980-986f-50e4ba2176bf,0.5480883717536926,topic_2,True
151,43,d9546b12-eef0-4cd1-ac23-f74e7d952ffe,0.855555534362793,topic_2,True
151,43,4ab18331-04ea-44f3-b64d-4102a84824d8,0.5046283602714539,topic_2,True
151,43,33c5c3cc-82ce-4752-9ff7-815492a5723b,0.504281222820282,topic_2,True
151,43,4de9bced-6dc9-4e2e-93ca-cfd9332dbaad,0.5480883717536926,topic_2,True
151,43,b7d5fd03-d021-45a8-8991-f59883e8bce8,0.855555534362793,topic_2,True
151,43,3d8f9ff8-45c2-4d89-9048-7b029a926122,0.5046283602714539,topic_2,True
151,43,b191a84a-4d8c-4f6d-b537-3c341f36826d,0.5255602598190308,topic_3,True
151,43,47ded868-11a4-4fc0-ba79-900141159208,0.5480883717536926,topic_2,True
151,43,484d5557-5fe3-46aa-827e-baac4fe68240,0.855555534362793,topic_2,True
151,43,4f420403-b61f-46c1-82f0-88d17cd96b2e,0.5046283602714539,topic_2,True
151,43,636d6a36-33b2-4c8f-be84-60ec0fc2c1cd,0.504281222820282,topic_2,True
151,43,19e6855d-07bc-48ca-ba28-a70e97060662,0.5480883717536926,topic_2,True
151,43,ebd9b399-bfa3-4972-a559-f8946d588900,0.855555534362793,topic_2,True
151,43,8733fa5d-4c37-46f2-81e3-05b7303e8243,0.5046283602714539,topic_2,True
151,43,f0226eb1-7d7c-4bd7-bcd8-a42804ec96ba,0.504281222820282,topic_2,True
151,43,5acd6cda-87ac-426a-82b7-963958247a17,0.5480883717536926,topic_2,True
151,43,bf81bcdd-024a-4254-89f8-1dcedea8cb93,0.855555534362793,topic_2,True
151,43,d518b159-bc3f-4384-9f21-1b523feb46ba,0.5046283602714539,topic_2,True
151,43,aeaeaa53-bc3b-4b8b-8790-1f4d2f21c7e8,0.504281222820282,topic_2,True
151,43,72f354be-8fad-43f9-840f-203837ffc5d8,0.5480883717536926,topic_2,True
152,33,17594637-b253-4fad-bda7-17964a587f02,0.6255056262016296,topic_2,True
152,33,6474054a-1f76-48de-98c6-f760945e079e,0.5406999588012695,topic_2,True
152,33,191f5071-a27c-4b90-8eb9-42493218ea9a,0.8470198512077332,topic_2,True
152,33,977b2dda-1f03-4187-a08e-0d77bda245fe,0.5345472693443298,topic_2,True
152,33,7f5a87c0-daf1-4ae1-8480-ae62287adcf1,0.6255056262016296,topic_2,True
152,33,98e848dc-b2d0-448f-a23a-f07aebfc436f,0.5406999588012695,topic_2,True
152,33,47b583fc-4e7d-4a83-87eb-289f261c119b,0.8470198512077332,topic_2,True
152,33,a5ea423f-c14b-4531-8fa3-155efd6fbcb5,0.5345472693443298,topic_2,True
152,33,377a0c03-cd16-4846-987f-db59d9a30d1a,0.6255056262016296,topic_2,True
152,33,69db3173-066a-47df-b2da-5ac218206396,0.5406999588012695,topic_2,True
152,33,5575014b-45cd-4c58-b0c2-3b7083a91c17,0.8470198512077332,topic_2,True
152,33,187598fe-5b0f-41e6-b5e4-a2432cf529f5,0.5345472693443298,topic_2,True
152,33,28f42dd8-db9c-4980-986f-50e4ba2176bf,0.6255056262016296,topic_2,True
152,33,d9546b12-eef0-4cd1-ac23-f74e7d952ffe,0.5406999588012695,topic_2,True
152,33,4ab18331-04ea-44f3-b64d-4102a84824d8,0.8470198512077332,topic_2,True
152,33,33c5c3cc-82ce-4752-9ff7-815492a5723b,0.5345472693443298,topic_2,True
152,33,4de9bced-6dc9-4e2e-93ca-cfd9332dbaad,0.6255056262016296,topic_2,True
152,33,b7d5fd03-d021-45a8-8991-f59883e8bce8,0.5406999588012695,topic_2,True
152,33,3d8f9ff8-45c2-4d89-9048-7b029a926122,0.8470198512077332,topic_2,True
152,33,47ded868-11a4-4fc0-ba79-900141159208,0.6255056262016296,topic_2,True
152,33,484d5557-5fe3-46aa-827e-baac4fe68240,0.5406999588012695,topic_2,True
152,33,4f420403-b61f-46c1-82f0-88d17cd96b2e,0.8470198512077332,topic_2,True
152,33,636d6a36-33b2-4c8f-be84-60ec0fc2c1cd,0.5345472693443298,topic_2,True
152,33,19e6855d-07bc-48ca-ba28-a70e97060662,0.6255056262016296,topic_2,True
152,33,ebd9b399-bfa3-4972-a559-f8946d588900,0.5406999588012695,topic_2,True
152,33,8733fa5d-4c37-46f2-81e3-05b7303e8243,0.8470198512077332,topic_2,True
152,33,f0226eb1-7d7c-4bd7-bcd8-a42804ec96ba,0.5345472693443298,topic_2,True
152,33,5acd6cda-87ac-426a-82b7-963958247a17,0.6255056262016296,topic_2,True
152,33,bf81bcdd-024a-4254-89f8-1dcedea8cb93,0.5406999588012695,topic_2,True
152,33,d518b159-bc3f-4384-9f21-1b523feb46ba,0.8470198512077332,topic_2,True
152,33,aeaeaa53-bc3b-4b8b-8790-1f4d2f21c7e8,0.5345472693443298,topic_2,True
152,33,72f354be-8fad-43f9-840f-203837ffc5d8,0.6255056262016296,topic_2,True
153,8,6b2a63bc-2cd8-46e7-add6-190dbfc3c846,0.8292428851127625,topic_2,True
153,8,2fc9baef-078d-4884-8fd8-f8842241b5a6,0.8292428851127625,topic_2,True
153,8,5a217a1f-349b-4708-8bc7-184b8e4678df,0.8292428851127625,topic_2,True
153,8,7d3891ec-d177-427b-9824-a56a1b162d36,0.8292428851127625,topic_2,True
153,8,ea5fd6bf-0874-4283-934e-00dfff50a44c,0.8292428851127625,topic_2,True
153,8,9161046b-65ea-46ec-a03f-6fb5c9a77e01,0.8292428851127625,topic_2,True
153,8,769ab660-9f6e-46a8-9129-bff5520404ff,0.8292428851127625,topic_2,True
153,8,ee54d499-64ca-4be2-963b-9a39b465419f,0.8292428851127625,topic_2,True
154,25,ae28eb05-6ce6-437e-a288-28ff4b3874e5,0.5253481864929199,topic_2,True
154,25,09537d4e-e05f-42e1-a52d-78c649b6b505,0.5253481864929199,topic_2,True
154,25,3b5480b8-7edd-4147-9a51-10f576388432,0.5253481864929199,topic_2,True
154,25,a6bd7cd3-c58e-4cdb-be02-ecc21fc7245b,0.5253481864929199,topic_2,True
154,25,bed86c39-42bd-4407-811e-887da686288e,0.5253481864929199,topic_2,True
154,25,8fc8e182-c1e5-4786-9abc-2f95d7c25741,0.5253481864929199,topic_2,True
154,25,c78bb77c-3485-4297-95ef-51603398e382,0.5253481864929199,topic_2,True
154,25,08fbc225-9a4b-4e5e-bc5a-7df941768ffd,0.5253481864929199,topic_2,True
154,25,6474054a-1f76-48de-98c6-f760945e079e,0.5013392567634583,topic_2,True
154,25,977b2dda-1f03-4187-a08e-0d77bda245fe,0.8757643699645996,topic_2,True
154,25,98e848dc-b2d0-448f-a23a-f07aebfc436f,0.5013392567634583,topic_2,True
154,25,a5ea423f-c14b-4531-8fa3-155efd6fbcb5,0.8757643699645996,topic_2,True
154,25,69db3173-066a-47df-b2da-5ac218206396,0.5013392567634583,topic_2,True
154,25,187598fe-5b0f-41e6-b5e4-a2432cf529f5,0.8757643699645996,topic_2,True
154,25,d9546b12-eef0-4cd1-ac23-f74e7d952ffe,0.5013392567634583,topic_2,True
154,25,33c5c3cc-82ce-4752-9ff7-815492a5723b,0.8757643699645996,topic_2,True
154,25,b7d5fd03-d021-45a8-8991-f59883e8bce8,0.5013392567634583,topic_2,True
154,25,484d5557-5fe3-46aa-827e-baac4fe68240,0.5013392567634583,topic_2,True
154,25,636d6a36-33b2-4c8f-be84-60ec0fc2c1cd,0.8757643699645996,topic_2,True
154,25,ebd9b399-bfa3-4972-a559-f8946d588900,0.5013392567634583,topic_2,True
154,25,f0226eb1-7d7c-4bd7-bcd8-a42804ec96ba,0.8757643699645996,topic_2,True
154,25,bf81bcdd-024a-4254-89f8-1dcedea8cb93,0.5013392567634583,topic_2,True
154,25,aeaeaa53-bc3b-4b8b-8790-1f4d2f21c7e8,0.8757643699645996,topic_2,True
154,25,48187999-dc68-4290-83c0-fcf37a386c71,0.5013392567634583,topic_2,True
155,26,17594637-b253-4fad-bda7-17964a587f02,0.5904790759086609,topic_2,True
155,26,191f5071-a27c-4b90-8eb9-42493218ea9a,0.5300524234771729,topic_2,True
155,26,af366e3f-4fbe-4d62-94f4-27a28c0bdc7b,0.7352790832519531,topic_2,True
155,26,7f5a87c0-daf1-4ae1-8480-ae62287adcf1,0.5904790759086609,topic_2,True
155,26,47b583fc-4e7d-4a83-87eb-289f261c119b,0.5300524234771729,topic_2,True
155,26,d1e99a85-6e7c-4313-a14d-5766fe35109c,0.7392767071723938,topic_2,True
155,26,377a0c03-cd16-4846-987f-db59d9a30d1a,0.5904790759086609,topic_2,True
155,26,5575014b-45cd-4c58-b0c2-3b7083a91c17,0.5300524234771729,topic_2,True
155,26,c22f88bc-cd67-47d4-a85a-acc2707d11e7,0.735892117023468,topic_2,True
155,26,28f42dd8-db9c-4980-986f-50e4ba2176bf,0.5904790759086609,topic_2,True
155,26,4ab18331-04ea-44f3-b64d-4102a84824d8,0.5300524234771729,topic_2,True
155,26,9d3c1f32-6db3-400b-b249-ce5dc4c5577d,0.7339600920677185,topic_2,True
155,26,4de9bced-6dc9-4e2e-93ca-cfd9332dbaad,0.5904790759086609,topic_2,True
155,26,3d8f9ff8-45c2-4d89-9048-7b029a926122,0.5300524234771729,topic_2,True
155,26,4ce41372-cb02-48cc-bb0e-6571e7b03ada,0.7339600920677185,topic_2,True
155,26,47ded868-11a4-4fc0-ba79-900141159208,0.5904790759086609,topic_2,True
155,26,4f420403-b61f-46c1-82f0-88d17cd96b2e,0.5300524234771729,topic_2,True
155,26,52250131-db3b-4384-9c26-011408c94130,0.7339600920677185,topic_2,True
155,26,19e6855d-07bc-48ca-ba28-a70e97060662,0.5904790759086609,topic_2,True
155,26,8733fa5d-4c37-46f2-81e3-05b7303e8243,0.5300524234771729,topic_2,True
155,26,8ef8b061-6f89-4f6d-978d-b442b3338f2b,0.7339600920677185,topic_2,True
155,26,5acd6cda-87ac-426a-82b7-963958247a17,0.5904790759086609,topic_2,True
155,26,d518b159-bc3f-4384-9f21-1b523feb46ba,0.5300524234771729,topic_2,True
155,26,79e5bdfc-ff77-4200-93bd-16d4daa94bc0,0.7339600920677185,topic_2,True
155,26,72f354be-8fad-43f9-840f-203837ffc5d8,0.5904790759086609,topic_2,True
155,26,a8f0945f-fe69-4f5e-a13b-3ecc5e58d594,0.5300524234771729,topic_2,True
156,28,17594637-b253-4fad-bda7-17964a587f02,0.8662798404693604,topic_2,True
156,28,6474054a-1f76-48de-98c6-f760945e079e,0.5508572459220886,topic_2,True
156,28,191f5071-a27c-4b90-8eb9-42493218ea9a,0.6211016178131104,topic_2,True
156,28,af366e3f-4fbe-4d62-94f4-27a28c0bdc7b,0.5350132584571838,topic_2,True
156,28,7f5a87c0-daf1-4ae1-8480-ae62287adcf1,0.8662798404693604,topic_2,True
156,28,98e848dc-b2d0-448f-a23a-f07aebfc436f,0.5508572459220886,topic_2,True
156,28,47b583fc-4e7d-4a83-87eb-289f261c119b,0.6211016178131104,topic_2,True
156,28,377a0c03-cd16-4846-987f-db59d9a30d1a,0.8662798404693604,topic_2,True
156,28,69db3173-066a-47df-b2da-5ac218206396,0.5508572459220886,topic_2,True
156,28,5575014b-45cd-4c58-b0c2-3b7083a91c17,0.6211016178131104,topic_2,True
156,28,28f42dd8-db9c-4980-986f-50e4ba2176bf,0.8662798404693604,topic_2,True
156,28,d9546b12-eef0-4cd1-ac23-f74e7d952ffe,0.5508572459220886,topic_2,True
156,28,4ab18331-04ea-44f3-b64d-4102a84824d8,0.6211016178131104,topic_2,True
156,28,4de9bced-6dc9-4e2e-93ca-cfd9332dbaad,0.8662798404693604,topic_2,True
156,28,b7d5fd03-d021-45a8-8991-f59883e8bce8,0.5508572459220886,topic_2,True
156,28,3d8f9ff8-45c2-4d89-9048-7b029a926122,0.6211016178131104,topic_2,True
156,28,47ded868-11a4-4fc0-ba79-900141159208,0.8662798404693604,topic_2,True
156,28,484d5557-5fe3-46aa-827e-baac4fe68240,0.5508572459220886,topic_2,True
156,28,4f420403-b61f-46c1-82f0-88d17cd96b2e,0.6211016178131104,topic_2,True
156,28,19e6855d-07bc-48ca-ba28-a70e97060662,0.8662798404693604,topic_2,True
156,28,ebd9b399-bfa3-4972-a559-f8946d588900,0.5508572459220886,topic_2,True
156,28,8733fa5d-4c37-46f2-81e3-05b7303e8243,0.6211016178131104,topic_2,True
156,28,5acd6cda-87ac-426a-82b7-963958247a17,0.8662798404693604,topic_2,True
156,28,bf81bcdd-024a-4254-89f8-1dcedea8cb93,0.5508572459220886,topic_2,True
156,28,d518b159-bc3f-4384-9f21-1b523feb46ba,0.6211016178131104,topic_2,True
156,28,72f354be-8fad-43f9-840f-203837ffc5d8,0.8662798404693604,topic_2,True
156,28,48187999-dc68-4290-83c0-fcf37a386c71,0.5508572459220886,topic_2,True
156,28,a8f0945f-fe69-4f5e-a13b-3ecc5e58d594,0.6211016178131104,topic_2,True
157,2,9def4543-7de4-4401-ad80-50743e094966,0.5494903922080994,topic_3,True
157,2,b191a84a-4d8c-4f6d-b537-3c341f36826d,0.6728390455245972,topic_3,True
158,36,647fa5c0-f54e-44df-a3f3-3bfd381e6c39,0.5056508183479309,topic_2,True
158,36,d93ef603-b5fc-498e-9b49-e8c792284401,0.8196889758110046,topic_2,True
158,36,6474054a-1f76-48de-98c6-f760945e079e,0.5557959079742432,topic_2,True
158,36,977b2dda-1f03-4187-a08e-0d77bda245fe,0.5543805956840515,topic_2,True
158,36,75b390f5-6de9-455f-871c-408bd441ad42,0.5056508183479309,topic_2,True
158,36,68e9bf97-be90-4790-8146-c85d757fa9e8,0.8196889758110046,topic_2,True
158,36,98e848dc-b2d0-448f-a23a-f07aebfc436f,0.5557959079742432,topic_2,True
158,36,a5ea423f-c14b-4531-8fa3-155efd6fbcb5,0.5543805956840515,topic_2,True
158,36,61ea1804-f9b0-41c3-9803-1d5fd9fb383f,0.5056508183479309,topic_2,True
158,36,7a400ee4-e41b-4b71-a101-58f95a0afa72,0.8196889758110046,topic_2,True
158,36,69db3173-066a-47df-b2da-5ac218206396,0.5557959079742432,topic_2,True
158,36,187598fe-5b0f-41e6-b5e4-a2432cf529f5,0.5543805956840515,topic_2,True
158,36,67fbec7d-43c0-4922-95c4-a904b8ca097e,0.5056508183479309,topic_2,True
158,36,36518f70-7189-403c-9c46-ea3c9c43ecd3,0.8196889758110046,topic_2,True
158,36,d9546b12-eef0-4cd1-ac23-f74e7d952ffe,0.5557959079742432,topic_2,True
158,36,33c5c3cc-82ce-4752-9ff7-815492a5723b,0.5543805956840515,topic_2,True
158,36,4ad34bc4-5234-4c7e-8747-502458cca7e4,0.5056508183479309,topic_2,True
158,36,154c3a94-1a88-4d22-b025-fc6d0a4a02a0,0.8196889758110046,topic_2,True
158,36,b7d5fd03-d021-45a8-8991-f59883e8bce8,0.5557959079742432,topic_2,True
158,36,5d4519fd-60e9-40fd-8ed1-98d4c27bb5a1,0.5056508183479309,topic_2,True
158,36,9a7d4baa-c077-4dfa-aee9-356aa5ce3a93,0.8196889758110046,topic_2,True
158,36,484d5557-5fe3-46aa-827e-baac4fe68240,0.5557959079742432,topic_2,True
158,36,636d6a36-33b2-4c8f-be84-60ec0fc2c1cd,0.5543805956840515,topic_2,True
158,36,0677aa5c-c3a6-4e35-a637-ed8f0678c9a6,0.5056508183479309,topic_2,True
158,36,02588678-8e35-464b-bdff-fbd0c59b2967,0.8196889758110046,topic_2,True
158,36,ebd9b399-bfa3-4972-a559-f8946d588900,0.5557959079742432,topic_2,True
158,36,f0226eb1-7d7c-4bd7-bcd8-a42804ec96ba,0.5543805956840515,topic_2,True
158,36,2591dcab-f42b-4c82-b82c-ac5f95035cc1,0.5056508183479309,topic_2,True
158,36,f9c4cb79-89c0-4222-b1b4-7b01b6d565c3,0.8196889758110046,topic_2,True
158,36,bf81bcdd-024a-4254-89f8-1dcedea8cb93,0.5557959079742432,topic_2,True
158,36,aeaeaa53-bc3b-4b8b-8790-1f4d2f21c7e8,0.5543805956840515,topic_2,True
158,36,fbcfd431-c4d2-4128-b68a-00ef40d09e9e,0.5056508183479309,topic_2,True
158,36,52f8641d-e4e1-415a-b212-244a8c815d1f,0.8196889758110046,topic_2,True
158,36,48187999-dc68-4290-83c0-fcf37a386c71,0.5557959079742432,topic_2,True
158,36,bd53971e-2b25-4a5b-ae14-75d891ddcd49,0.5543805956840515,topic_2,True
159,47,54712973-88f8-4b55-ac3c-f310d4e84f9a,0.5915488004684448,topic_2,True
159,47,2abb50eb-8207-4f27-8894-940c4fb5ba0c,0.5915488004684448,topic_2,True
159,47,c47bb50c-bdfe-44ba-9585-db756efb1f92,0.5915488004684448,topic_2,True
159,47,cdab52b6-dbe8-4e8a-a8a4-174523e0da1d,0.5915488004684448,topic_2,True
159,47,98b3b619-8435-43e3-86b2-66ea005cdb1f,0.5915488004684448,topic_2,True
159,47,715070c4-1aed-48b5-ae33-6a37d3b7d991,0.5915488004684448,topic_2,True
159,47,0c625430-83eb-4ad8-ba5b-75b84597bddc,0.5915488004684448,topic_2,True
159,47,cd48d940-0a76-402d-9dfc-ce7052b02b37,0.5915488004684448,topic_2,True
159,47,e990fe63-7a73-4102-838d-0b548fbd269c,0.5915488004684448,topic_2,True
159,47,17594637-b253-4fad-bda7-17964a587f02,0.5480883717536926,topic_2,True
159,47,6474054a-1f76-48de-98c6-f760945e079e,0.855555534362793,topic_2,True
159,47,191f5071-a27c-4b90-8eb9-42493218ea9a,0.5046283602714539,topic_2,True
159,47,977b2dda-1f03-4187-a08e-0d77bda245fe,0.504281222820282,topic_2,True
159,47,7f5a87c0-daf1-4ae1-8480-ae62287adcf1,0.5480883717536926,topic_2,True
159,47,98e848dc-b2d0-448f-a23a-f07aebfc436f,0.855555534362793,topic_2,True
159,47,47b583fc-4e7d-4a83-87eb-289f261c119b,0.5046283602714539,topic_2,True
159,47,a5ea423f-c14b-4531-8fa3-155efd6fbcb5,0.504281222820282,topic_2,True
159,47,377a0c03-cd16-4846-987f-db59d9a30d1a,0.5480883717536926,topic_2,True
159,47,69db3173-066a-47df-b2da-5ac218206396,0.855555534362793,topic_2,True
159,47,5575014b-45cd-4c58-b0c2-3b7083a91c17,0.5046283602714539,topic_2,True
159,47,187598fe-5b0f-41e6-b5e4-a2432cf529f5,0.504281222820282,topic_2,True
159,47,28f42dd8-db9c-4980-986f-50e4ba2176bf,0.5480883717536926,topic_2,True
159,47,d9546b12-eef0-4cd1-ac23-f74e7d952ffe,0.855555534362793,topic_2,True
159,47,4ab18331-04ea-44f3-b64d-4102a84824d8,0.5046283602714539,topic_2,True
159,47,33c5c3cc-82ce-4752-9ff7-815492a5723b,0.504281222820282,topic_2,True
159,47,4de9bced-6dc9-4e2e-93ca-cfd9332dbaad,0.5480883717536926,topic_2,True
159,47,b7d5fd03-d021-45a8-8991-f59883e8bce8,0.855555534362793,topic_2,True
159,47,3d8f9ff8-45c2-4d89-9048-7b029a926122,0.5046283602714539,topic_2,True
159,47,b191a84a-4d8c-4f6d-b537-3c341f36826d,0.5255602598190308,topic_3,True
159,47,47ded868-11a4-4fc0-ba79-900141159208,0.5480883717536926,topic_2,True
159,47,484d5557-5fe3-46aa-827e-baac4fe68240,0.855555534362793,topic_2,True
159,47,4f420403-b61f-46c1-82f0-88d17cd96b2e,0.5046283602714539,topic_2,True
159,47,636d6a36-33b2-4c8f-be84-60ec0fc2c1cd,0.504281222820282,topic_2,True
159,47,19e6855d-07bc-48ca-ba28-a70e97060662,0.5480883717536926,topic_2,True
159,47,ebd9b399-bfa3-4972-a559-f8946d588900,0.855555534362793,topic_2,True
159,47,8733fa5d-4c37-46f2-81e3-05b7303e8243,0.5046283602714539,topic_2,True
159,47,f0226eb1-7d7c-4bd7-bcd8-a42804ec96ba,0.504281222820282,topic_2,True
159,47,5acd6cda-87ac-426a-82b7-963958247a17,0.5480883717536926,topic_2,True
159,47,bf81bcdd-024a-4254-89f8-1dcedea8cb93,0.855555534362793,topic_2,True
159,47,d518b159-bc3f-4384-9f21-1b523feb46ba,0.5046283602714539,topic_2,True
159,47,aeaeaa53-bc3b-4b8b-8790-1f4d2f21c7e8,0.504281222820282,topic_2,True
159,47,72f354be-8fad-43f9-840f-203837ffc5d8,0.5480883717536926,topic_2,True
159,47,48187999-dc68-4290-83c0-fcf37a386c71,0.855555534362793,topic_2,True
159,47,a8f0945f-fe69-4f5e-a13b-3ecc5e58d594,0.5046283602714539,topic_2,True
159,47,bd53971e-2b25-4a5b-ae14-75d891ddcd49,0.504281222820282,topic_2,True
159,47,7bf5f69d-e090-4f3c-83c9-41bfbfc26fee,0.5480883717536926,topic_2,True
160,38,17594637-b253-4fad-bda7-17964a587f02,0.6255056262016296,topic_2,True
160,38,6474054a-1f76-48de-98c6-f760945e079e,0.5406999588012695,topic_2,True
160,38,191f5071-a27c-4b90-8eb9-42493218ea9a,0.8470198512077332,topic_2,True
160,38,977b2dda-1f03-4187-a08e-0d77bda245fe,0.5345472693443298,topic_2,True
160,38,7f5a87c0-daf1-4ae1-8480-ae62287adcf1,0.6255056262016296,topic_2,True
160,38,98e848dc-b2d0-448f-a23a-f07aebfc436f,0.5406999588012695,topic_2,True
160,38,47b583fc-4e7d-4a83-87eb-289f261c119b,0.8470198512077332,topic_2,True
160,38,a5ea423f-c14b-4531-8fa3-155efd6fbcb5,0.5345472693443298,topic_2,True
160,38,377a0c03-cd16-4846-987f-db59d9a30d1a,0.6255056262016296,topic_2,True
160,38,69db3173-066a-47df-b2da-5ac218206396,0.5406999588012695,topic_2,True
160,38,5575014b-45cd-4c58-b0c2-3b7083a91c17,0.8470198512077332,topic_2,True
160,38,187598fe-5b0f-41e6-b5e4-a2432cf529f5,0.5345472693443298,topic_2,True
160,38,28f42dd8-db9c-4980-986f-50e4ba2176bf,0.6255056262016296,topic_2,True
160,38,d9546b12-eef0-4cd1-ac23-f74e7d952ffe,0.5406999588012695,topic_2,True
160,38,4ab18331-04ea-44f3-b64d-4102a84824d8,0.8470198512077332,topic_2,True
160,38,33c5c3cc-82ce-4752-9ff7-815492a5723b,0.5345472693443298,topic_2,True
160,38,4de9bced-6dc9-4e2e-93ca-cfd9332dbaad,0.6255056262016296,topic_2,True
160,38,b7d5fd03-d021-45a8-8991-f59883e8bce8,0.5406999588012695,topic_2,True
160,38,3d8f9ff8-45c2-4d89-9048-7b029a926122,0.8470198512077332,topic_2,True
160,38,47ded868-11a4-4fc0-ba79-900141159208,0.6255056262016296,topic_2,True
160,38,484d5557-5fe3-46aa-827e-baac4fe68240,0.5406999588012695,topic_2,True
160,38,4f420403-b61f-46c1-82f0-88d17cd96b2e,0.8470198512077332,topic_2,True
160,38,636d6a36-33b2-4c8f-be84-60ec0fc2c1cd,0.5345472693443298,topic_2,True
160,38,19e6855d-07bc-48ca-ba28-a70e97060662,0.6255056262016296,topic_2,True
160,38,ebd9b399-bfa3-4972-a559-f8946d588900,0.5406999588012695,topic_2,True
160,38,8733fa5d-4c37-46f2-81e3-05b7303e8243,0.8470198512077332,topic_2,True
160,38,f0226eb1-7d7c-4bd7-bcd8-a42804ec96ba,0.5345472693443298,topic_2,True
160,38,5acd6cda-87ac-426a-82b7-963958247a17,0.6255056262016296,topic_2,True
160,38,bf81bcdd-024a-4254-89f8-1dcedea8cb93,0.5406999588012695,topic_2,True
160,38,d518b159-bc3f-4384-9f21-1b523feb46ba,0.8470198512077332,topic_2,True
160,38,aeaeaa53-bc3b-4b8b-8790-1f4d2f21c7e8,0.5345472693443298,topic_2,True
160,38,72f354be-8fad-43f9-840f-203837ffc5d8,0.6255056262016296,topic_2,True
160,38,48187999-dc68-4290-83c0-fcf37a386c71,0.5406999588012695,topic_2,True
160,38,a8f0945f-fe69-4f5e-a13b-3ecc5e58d594,0.8470198512077332,topic_2,True
160,38,bd53971e-2b25-4a5b-ae14-75d891ddcd49,0.5345472693443298,topic_2,True
160,38,7bf5f69d-e090-4f3c-83c9-41bfbfc26fee,0.6255056262016296,topic_2,True
160,38,93359477-9e05-45e7-ae2a-445ea968401a,0.506179928779602,topic_3,True
161,9,6b2a63bc-2cd8-46e7-add6-190dbfc3c846,0.8292428851127625,topic_2,True
161,9,2fc9baef-078d-4884-8fd8-f8842241b5a6,0.8292428851127625,topic_2,True
161,9,5a217a1f-349b-4708-8bc7-184b8e4678df,0.8292428851127625,topic_2,True
161,9,7d3891ec-d177-427b-9824-a56a1b162d36,0.8292428851127625,topic_2,True
161,9,ea5fd6bf-0874-4283-934e-00dfff50a44c,0.8292428851127625,topic_2,True
161,9,9161046b-65ea-46ec-a03f-6fb5c9a77e01,0.8292428851127625,topic_2,True
161,9,769ab660-9f6e-46a8-9129-bff5520404ff,0.8292428851127625,topic_2,True
161,9,ee54d499-64ca-4be2-963b-9a39b465419f,0.8292428851127625,topic_2,True
161,9,37696083-3d3e-4e7e-bd2e-838e0ed476da,0.8292428851127625,topic_2,True
162,27,ae28eb05-6ce6-437e-a288-28ff4b3874e5,0.5253481864929199,topic_2,True
162,27,09537d4e-e05f-42e1-a52d-78c649b6b505,0.5253481864929199,topic_2,True
162,27,3b5480b8-7edd-4147-9a51-10f576388432,0.5253481864929199,topic_2,True
162,27,a6bd7cd3-c58e-4cdb-be02-ecc21fc7245b,0.5253481864929199,topic_2,True
162,27,bed86c39-42bd-4407-811e-887da686288e,0.5253481864929199,topic_2,True
162,27,8fc8e182-c1e5-4786-9abc-2f95d7c25741,0.5253481864929199,topic_2,True
162,27,c78bb77c-3485-4297-95ef-51603398e382,0.5253481864929199,topic_2,True
162,27,08fbc225-9a4b-4e5e-bc5a-7df941768ffd,0.5253481864929199,topic_2,True
162,27,6474054a-1f76-48de-98c6-f760945e079e,0.5013392567634583,topic_2,True
162,27,977b2dda-1f03-4187-a08e-0d77bda245fe,0.8757643699645996,topic_2,True
162,27,98e848dc-b2d0-448f-a23a-f07aebfc436f,0.5013392567634583,topic_2,True
162,27,a5ea423f-c14b-4531-8fa3-155efd6fbcb5,0.8757643699645996,topic_2,True
162,27,69db3173-066a-47df-b2da-5ac218206396,0.5013392567634583,topic_2,True
162,27,187598fe-5b0f-41e6-b5e4-a2432cf529f5,0.8757643699645996,topic_2,True
162,27,d9546b12-eef0-4cd1-ac23-f74e7d952ffe,0.5013392567634583,topic_2,True
162,27,33c5c3cc-82ce-4752-9ff7-815492a5723b,0.8757643699645996,topic_2,True
162,27,b7d5fd03-d021-45a8-8991-f59883e8bce8,0.5013392567634583,topic_2,True
162,27,484d5557-5fe3-46aa-827e-baac4fe68240,0.5013392567634583,topic_2,True
162,27,636d6a36-33b2-4c8f-be84-60ec0fc2c1cd,0.8757643699645996,topic_2,True
162,27,ebd9b399-bfa3-4972-a559-f8946d588900,0.5013392567634583,topic_2,True
162,27,f0226eb1-7d7c-4bd7-bcd8-a42804ec96ba,0.8757643699645996,topic_2,True
162,27,bf81bcdd-024a-4254-89f8-1dcedea8cb93,0.5013392567634583,topic_2,True
162,27,aeaeaa53-bc3b-4b8b-8790-1f4d2f21c7e8,0.8757643699645996,topic_2,True
162,27,48187999-dc68-4290-83c0-fcf37a386c71,0.5013392567634583,topic_2,True
162,27,bd53971e-2b25-4a5b-ae14-75d891ddcd49,0.8757643699645996,topic_2,True
162,27,1140144f-cba3-4a74-b846-a3a66beb38a7,0.5013392567634583,topic_2,True
163,30,17594637-b253-4fad-bda7-17964a587f02,0.5904790759086609,topic_2,True
163,30,191f5071-a27c-4b90-8eb9-42493218ea9a,0.5300524234771729,topic_2,True
163,30,af366e3f-4fbe-4d62-94f4-27a28c0bdc7b,0.7352790832519531,topic_2,True
163,30,7f5a87c0-daf1-4ae1-8480-ae62287adcf1,0.5904790759086609,topic_2,True
163,30,47b583fc-4e7d-4a83-87eb-289f261c119b,0.5300524234771729,topic_2,True
163,30,d1e99a85-6e7c-4313-a14d-5766fe35109c,0.7392767071723938,topic_2,True
163,30,377a0c03-cd16-4846-987f-db59d9a30d1a,0.5904790759086609,topic_2,True
163,30,5575014b-45cd-4c58-b0c2-3b7083a91c17,0.5300524234771729,topic_2,True
163,30,c22f88bc-cd67-47d4-a85a-acc2707d11e7,0.735892117023468,topic_2,True
163,30,28f42dd8-db9c-4980-986f-50e4ba2176bf,0.5904790759086609,topic_2,True
163,30,4ab18331-04ea-44f3-b64d-4102a84824d8,0.5300524234771729,topic_2,True
163,30,9d3c1f32-6db3-400b-b249-ce5dc4c5577d,0.7339600920677185,topic_2,True
163,30,4de9bced-6dc9-4e2e-93ca-cfd9332dbaad,0.5904790759086609,topic_2,True
163,30,3d8f9ff8-45c2-4d89-9048-7b029a926122,0.5300524234771729,topic_2,True
163,30,4ce41372-cb02-48cc-bb0e-6571e7b03ada,0.7339600920677185,topic_2,True
163,30,47ded868-11a4-4fc0-ba79-900141159208,0.5904790759086609,topic_2,True
163,30,4f420403-b61f-46c1-82f0-88d17cd96b2e,0.5300524234771729,topic_2,True
163,30,52250131-db3b-4384-9c26-011408c94130,0.7339600920677185,topic_2,True
163,30,19e6855d-07bc-48ca-ba28-a70e97060662,0.5904790759086609,topic_2,True
163,30,8733fa5d-4c37-46f2-81e3-05b7303e8243,0.5300524234771729,topic_2,True
163,30,8ef8b061-6f89-4f6d-978d-b442b3338f2b,0.7339600920677185,topic_2,True
163,30,5acd6cda-87ac-426a-82b7-963958247a17,0.5904790759086609,topic_2,True
163,30,d518b159-bc3f-4384-9f21-1b523feb46ba,0.5300524234771729,topic_2,True
163,30,79e5bdfc-ff77-4200-93bd-16d4daa94bc0,0.7339600920677185,topic_2,True
163,30,72f354be-8fad-43f9-840f-203837ffc5d8,0.5904790759086609,topic_2,True
163,30,a8f0945f-fe69-4f5e-a13b-3ecc5e58d594,0.5300524234771729,topic_2,True
163,30,e8ed7c68-78f4-4b3c-9bbc-83308133d05c,0.7339600920677185,topic_2,True
163,30,7bf5f69d-e090-4f3c-83c9-41bfbfc26fee,0.5904790759086609,topic_2,True
163,30,93359477-9e05-45e7-ae2a-445ea968401a,0.5301623940467834,topic_3,True
163,30,f80558e5-a49f-4288-a422-40b4e22b604a,0.5300524234771729,topic_2,True
167,1,c32c86c8-c83f-45d5-ab04-41b37b72f7f3,0.5011398196220398,topic_2,True
168,30,54712973-88f8-4b55-ac3c-f310d4e84f9a,0.5502097606658936,topic_2,True
168,30,2abb50eb-8207-4f27-8894-940c4fb5ba0c,0.5502097606658936,topic_2,True
168,30,c47bb50c-bdfe-44ba-9585-db756efb1f92,0.5502097606658936,topic_2,True
168,30,cdab52b6-dbe8-4e8a-a8a4-174523e0da1d,0.5502097606658936,topic_2,True
168,30,98b3b619-8435-43e3-86b2-66ea005cdb1f,0.5502097606658936,topic_2,True
168,30,715070c4-1aed-48b5-ae33-6a37d3b7d991,0.5502097606658936,topic_2,True
168,30,0c625430-83eb-4ad8-ba5b-75b84597bddc,0.5502097606658936,topic_2,True
168,30,cd48d940-0a76-402d-9dfc-ce7052b02b37,0.5502097606658936,topic_2,True
168,30,e990fe63-7a73-4102-838d-0b548fbd269c,0.5502097606658936,topic_2,True
168,30,6474054a-1f76-48de-98c6-f760945e079e,0.5531247854232788,topic_2,True
168,30,6b2a63bc-2cd8-46e7-add6-190dbfc3c846,0.5283892154693604,topic_2,True
168,30,98e848dc-b2d0-448f-a23a-f07aebfc436f,0.5531247854232788,topic_2,True
168,30,2fc9baef-078d-4884-8fd8-f8842241b5a6,0.5283892154693604,topic_2,True
168,30,69db3173-066a-47df-b2da-5ac218206396,0.5531247854232788,topic_2,True
168,30,5a217a1f-349b-4708-8bc7-184b8e4678df,0.5283892154693604,topic_2,True
168,30,d9546b12-eef0-4cd1-ac23-f74e7d952ffe,0.5531247854232788,topic_2,True
168,30,7d3891ec-d177-427b-9824-a56a1b162d36,0.5283892154693604,topic_2,True
168,30,b7d5fd03-d021-45a8-8991-f59883e8bce8,0.5531247854232788,topic_2,True
168,30,ea5fd6bf-0874-4283-934e-00dfff50a44c,0.5283892154693604,topic_2,True
168,30,484d5557-5fe3-46aa-827e-baac4fe68240,0.5531247854232788,topic_2,True
168,30,9161046b-65ea-46ec-a03f-6fb5c9a77e01,0.5283892154693604,topic_2,True
168,30,ebd9b399-bfa3-4972-a559-f8946d588900,0.5531247854232788,topic_2,True
168,30,769ab660-9f6e-46a8-9129-bff5520404ff,0.5283892154693604,topic_2,True
168,30,bf81bcdd-024a-4254-89f8-1dcedea8cb93,0.5531247854232788,topic_2,True
168,30,ee54d499-64ca-4be2-963b-9a39b465419f,0.5283892154693604,topic_2,True
168,30,48187999-dc68-4290-83c0-fcf37a386c71,0.5531247854232788,topic_2,True
168,30,37696083-3d3e-4e7e-bd2e-838e0ed476da,0.5283892154693604,topic_2,True
168,30,1140144f-cba3-4a74-b846-a3a66beb38a7,0.5531247854232788,topic_2,True
168,30,d20faed4-eb97-4bd1-925e-0136e37d679e,0.5283892154693604,topic_2,True
169,2,c32c86c8-c83f-45d5-ab04-41b37b72f7f3,0.5324795246124268,topic_2,True
170,2,e7ac4336-0975-4314-a95f-95d3cad51426,0.63898766040802,topic_2,True
171,18,ae28eb05-6ce6-437e-a288-28ff4b3874e5,0.5358665585517883,topic_2,True
171,18,09537d4e-e05f-42e1-a52d-78c649b6b505,0.5358665585517883,topic_2,True
171,18,3b5480b8-7edd-4147-9a51-10f576388432,0.5358665585517883,topic_2,True
171,18,a6bd7cd3-c58e-4cdb-be02-ecc21fc7245b,0.5358665585517883,topic_2,True
171,18,bed86c39-42bd-4407-811e-887da686288e,0.5358665585517883,topic_2,True
171,18,8fc8e182-c1e5-4786-9abc-2f95d7c25741,0.5358665585517883,topic_2,True
171,18,c78bb77c-3485-4297-95ef-51603398e382,0.5358665585517883,topic_2,True
171,18,08fbc225-9a4b-4e5e-bc5a-7df941768ffd,0.5358665585517883,topic_2,True
171,18,977b2dda-1f03-4187-a08e-0d77bda245fe,0.5861200094223022,topic_2,True
171,18,a5ea423f-c14b-4531-8fa3-155efd6fbcb5,0.5861200094223022,topic_2,True
171,18,187598fe-5b0f-41e6-b5e4-a2432cf529f5,0.5861200094223022,topic_2,True
171,18,33c5c3cc-82ce-4752-9ff7-815492a5723b,0.5861200094223022,topic_2,True
171,18,636d6a36-33b2-4c8f-be84-60ec0fc2c1cd,0.5861200094223022,topic_2,True
171,18,f0226eb1-7d7c-4bd7-bcd8-a42804ec96ba,0.5861200094223022,topic_2,True
171,18,aeaeaa53-bc3b-4b8b-8790-1f4d2f21c7e8,0.5861200094223022,topic_2,True
171,18,bd53971e-2b25-4a5b-ae14-75d891ddcd49,0.5861200094223022,topic_2,True
171,18,357cadba-923b-4c81-921e-0c79caa39768,0.5861200094223022,topic_2,True
172,1,a90d73ab-af6a-4d5c-b605-d017dbe835c0,0.5412040948867798,topic_2,True
173,4,c32c86c8-c83f-45d5-ab04-41b37b72f7f3,0.8468714952468872,topic_2,True
173,4,e7ac4336-0975-4314-a95f-95d3cad51426,0.5169489979743958,topic_2,True
173,4,a90d73ab-af6a-4d5c-b605-d017dbe835c0,0.5604823231697083,topic_2,True
173,4,707cc2c2-bfa0-445d-96aa-40fc2d0fcc81,0.5591617822647095,topic_2,True
174,3,5bc736b9-da8b-48af-8d16-384379c6b544,0.8332304358482361,topic_2,True
174,3,a90d73ab-af6a-4d5c-b605-d017dbe835c0,0.5618100166320801,topic_2,True
174,3,707cc2c2-bfa0-445d-96aa-40fc2d0fcc81,0.5542296767234802,topic_2,True
175,4,c32c86c8-c83f-45d5-ab04-41b37b72f7f3,0.5011398196220398,topic_2,True
175,4,556c6e68-769a-4fce-8119-4cc0796ff271,0.8843570351600647,topic_2,True
175,4,a90d73ab-af6a-4d5c-b605-d017dbe835c0,0.5263493061065674,topic_2,True
175,4,e391c4a1-b41a-4eb0-93d8-af88604bb697,0.5011398196220398,topic_2,True
176,34,54712973-88f8-4b55-ac3c-f310d4e84f9a,0.5502097606658936,topic_2,True
176,34,2abb50eb-8207-4f27-8894-940c4fb5ba0c,0.5502097606658936,topic_2,True
176,34,c47bb50c-bdfe-44ba-9585-db756efb1f92,0.5502097606658936,topic_2,True
176,34,cdab52b6-dbe8-4e8a-a8a4-174523e0da1d,0.5502097606658936,topic_2,True
176,34,98b3b619-8435-43e3-86b2-66ea005cdb1f,0.5502097606658936,topic_2,True
176,34,715070c4-1aed-48b5-ae33-6a37d3b7d991,0.5502097606658936,topic_2,True
176,34,0c625430-83eb-4ad8-ba5b-75b84597bddc,0.5502097606658936,topic_2,True
176,34,cd48d940-0a76-402d-9dfc-ce7052b02b37,0.5502097606658936,topic_2,True
176,34,e990fe63-7a73-4102-838d-0b548fbd269c,0.5502097606658936,topic_2,True
176,34,6474054a-1f76-48de-98c6-f760945e079e,0.5531247854232788,topic_2,True
176,34,6b2a63bc-2cd8-46e7-add6-190dbfc3c846,0.5283892154693604,topic_2,True
176,34,98e848dc-b2d0-448f-a23a-f07aebfc436f,0.5531247854232788,topic_2,True
176,34,2fc9baef-078d-4884-8fd8-f8842241b5a6,0.5283892154693604,topic_2,True
176,34,69db3173-066a-47df-b2da-5ac218206396,0.5531247854232788,topic_2,True
176,34,5a217a1f-349b-4708-8bc7-184b8e4678df,0.5283892154693604,topic_2,True
176,34,d9546b12-eef0-4cd1-ac23-f74e7d952ffe,0.5531247854232788,topic_2,True
176,34,7d3891ec-d177-427b-9824-a56a1b162d36,0.5283892154693604,topic_2,True
176,34,b7d5fd03-d021-45a8-8991-f59883e8bce8,0.5531247854232788,topic_2,True
176,34,ea5fd6bf-0874-4283-934e-00dfff50a44c,0.5283892154693604,topic_2,True
176,34,484d5557-5fe3-46aa-827e-baac4fe68240,0.5531247854232788,topic_2,True
176,34,9161046b-65ea-46ec-a03f-6fb5c9a77e01,0.5283892154693604,topic_2,True
176,34,ebd9b399-bfa3-4972-a559-f8946d588900,0.5531247854232788,topic_2,True
176,34,769ab660-9f6e-46a8-9129-bff5520404ff,0.5283892154693604,topic_2,True
176,34,bf81bcdd-024a-4254-89f8-1dcedea8cb93,0.5531247854232788,topic_2,True
176,34,ee54d499-64ca-4be2-963b-9a39b465419f,0.5283892154693604,topic_2,True
176,34,48187999-dc68-4290-83c0-fcf37a386c71,0.5531247854232788,topic_2,True
176,34,37696083-3d3e-4e7e-bd2e-838e0ed476da,0.5283892154693604,topic_2,True
176,34,1140144f-cba3-4a74-b846-a3a66beb38a7,0.5531247854232788,topic_2,True
176,34,d20faed4-eb97-4bd1-925e-0136e37d679e,0.5283892154693604,topic_2,True
176,34,e7ac4336-0975-4314-a95f-95d3cad51426,0.9249322414398193,topic_2,True
176,34,a90d73ab-af6a-4d5c-b605-d017dbe835c0,0.5185921788215637,topic_2,True
176,34,10121df1-962f-4937-ae84-b13fa451e7db,0.5762041211128235,topic_2,True
176,34,707cc2c2-bfa0-445d-96aa-40fc2d0fcc81,0.5201148986816406,topic_2,True
177,7,c32c86c8-c83f-45d5-ab04-41b37b72f7f3,0.5324795246124268,topic_2,True
177,7,e7ac4336-0975-4314-a95f-95d3cad51426,0.5103228688240051,topic_2,True
177,7,a90d73ab-af6a-4d5c-b605-d017dbe835c0,0.8505786657333374,topic_2,True
177,7,707cc2c2-bfa0-445d-96aa-40fc2d0fcc81,0.5076812505722046,topic_2,True
177,7,d87bfbc6-7773-4a2f-947e-573235b71b07,0.5229843854904175,topic_2,True
177,7,e391c4a1-b41a-4eb0-93d8-af88604bb697,0.5324795246124268,topic_2,True
178,6,e7ac4336-0975-4314-a95f-95d3cad51426,0.63898766040802,topic_2,True
178,6,a90d73ab-af6a-4d5c-b605-d017dbe835c0,0.5058587789535522,topic_2,True
178,6,10121df1-962f-4937-ae84-b13fa451e7db,0.8554278612136841,topic_2,True
178,6,707cc2c2-bfa0-445d-96aa-40fc2d0fcc81,0.5057926177978516,topic_2,True
178,6,b8c0204a-fd20-4c6f-8c6d-4fb8e54050e8,0.63898766040802,topic_2,True
179,19,ae28eb05-6ce6-437e-a288-28ff4b3874e5,0.5358665585517883,topic_2,True
179,19,09537d4e-e05f-42e1-a52d-78c649b6b505,0.5358665585517883,topic_2,True
179,19,3b5480b8-7edd-4147-9a51-10f576388432,0.5358665585517883,topic_2,True
179,19,a6bd7cd3-c58e-4cdb-be02-ecc21fc7245b,0.5358665585517883,topic_2,True
179,19,bed86c39-42bd-4407-811e-887da686288e,0.5358665585517883,topic_2,True
179,19,8fc8e182-c1e5-4786-9abc-2f95d7c25741,0.5358665585517883,topic_2,True
179,19,c78bb77c-3485-4297-95ef-51603398e382,0.5358665585517883,topic_2,True
179,19,08fbc225-9a4b-4e5e-bc5a-7df941768ffd,0.5358665585517883,topic_2,True
179,19,977b2dda-1f03-4187-a08e-0d77bda245fe,0.5861200094223022,topic_2,True
179,19,a5ea423f-c14b-4531-8fa3-155efd6fbcb5,0.5861200094223022,topic_2,True
179,19,187598fe-5b0f-41e6-b5e4-a2432cf529f5,0.5861200094223022,topic_2,True
179,19,33c5c3cc-82ce-4752-9ff7-815492a5723b,0.5861200094223022,topic_2,True
179,19,636d6a36-33b2-4c8f-be84-60ec0fc2c1cd,0.5861200094223022,topic_2,True
179,19,f0226eb1-7d7c-4bd7-bcd8-a42804ec96ba,0.5861200094223022,topic_2,True
179,19,aeaeaa53-bc3b-4b8b-8790-1f4d2f21c7e8,0.5861200094223022,topic_2,True
179,19,bd53971e-2b25-4a5b-ae14-75d891ddcd49,0.5861200094223022,topic_2,True
179,19,357cadba-923b-4c81-921e-0c79caa39768,0.5861200094223022,topic_2,True
179,19,707cc2c2-bfa0-445d-96aa-40fc2d0fcc81,0.8571113348007202,topic_2,True
180,3,a90d73ab-af6a-4d5c-b605-d017dbe835c0,0.5412040948867798,topic_2,True
180,3,d87bfbc6-7773-4a2f-947e-573235b71b07,0.7840074896812439,topic_2,True
180,3,3a1eafb8-aeb7-44f4-8aa2-7e7cd6f3f6f3,0.5412040948867798,topic_2,True
181,8,c32c86c8-c83f-45d5-ab04-41b37b72f7f3,0.8468714952468872,topic_2,True
181,8,e7ac4336-0975-4314-a95f-95d3cad51426,0.5169489979743958,topic_2,True
181,8,a90d73ab-af6a-4d5c-b605-d017dbe835c0,0.5604823231697083,topic_2,True
181,8,707cc2c2-bfa0-445d-96aa-40fc2d0fcc81,0.5591617822647095,topic_2,True
181,8,e391c4a1-b41a-4eb0-93d8-af88604bb697,0.8468714952468872,topic_2,True
181,8,b8c0204a-fd20-4c6f-8c6d-4fb8e54050e8,0.5169489979743958,topic_2,True
181,8,3a1eafb8-aeb7-44f4-8aa2-7e7cd6f3f6f3,0.5604823231697083,topic_2,True
181,8,7d13bfd4-9dc4-4679-8824-6cc98b334f94,0.5591617822647095,topic_2,True
182,6,5bc736b9-da8b-48af-8d16-384379c6b544,0.8332304358482361,topic_2,True
182,6,a90d73ab-af6a-4d5c-b605-d017dbe835c0,0.5618100166320801,topic_2,True
182,6,707cc2c2-bfa0-445d-96aa-40fc2d0fcc81,0.5542296767234802,topic_2,True
182,6,a6449832-2b79-4d00-8dc0-3b5935990112,0.8332304358482361,topic_2,True
182,6,3a1eafb8-aeb7-44f4-8aa2-7e7cd6f3f6f3,0.5618100166320801,topic_2,True
182,6,7d13bfd4-9dc4-4679-8824-6cc98b334f94,0.5542296767234802,topic_2,True
183,7,c32c86c8-c83f-45d5-ab04-41b37b72f7f3,0.5011398196220398,topic_2,True
183,7,556c6e68-769a-4fce-8119-4cc0796ff271,0.8843570351600647,topic_2,True
183,7,a90d73ab-af6a-4d5c-b605-d017dbe835c0,0.5263493061065674,topic_2,True
183,7,e391c4a1-b41a-4eb0-93d8-af88604bb697,0.5011398196220398,topic_2,True
183,7,27063bf5-8e44-4ec0-9725-f0f8464e9592,0.8843570351600647,topic_2,True
183,7,3a1eafb8-aeb7-44f4-8aa2-7e7cd6f3f6f3,0.5263493061065674,topic_2,True
183,7,34a703e9-feed-4aba-8f00-349fb82e98c4,0.5011398196220398,topic_2,True
184,38,54712973-88f8-4b55-ac3c-f310d4e84f9a,0.5502097606658936,topic_2,True
184,38,2abb50eb-8207-4f27-8894-940c4fb5ba0c,0.5502097606658936,topic_2,True
184,38,c47bb50c-bdfe-44ba-9585-db756efb1f92,0.5502097606658936,topic_2,True
184,38,cdab52b6-dbe8-4e8a-a8a4-174523e0da1d,0.5502097606658936,topic_2,True
184,38,98b3b619-8435-43e3-86b2-66ea005cdb1f,0.5502097606658936,topic_2,True
184,38,715070c4-1aed-48b5-ae33-6a37d3b7d991,0.5502097606658936,topic_2,True
184,38,0c625430-83eb-4ad8-ba5b-75b84597bddc,0.5502097606658936,topic_2,True
184,38,cd48d940-0a76-402d-9dfc-ce7052b02b37,0.5502097606658936,topic_2,True
184,38,e990fe63-7a73-4102-838d-0b548fbd269c,0.5502097606658936,topic_2,True
184,38,6474054a-1f76-48de-98c6-f760945e079e,0.5531247854232788,topic_2,True
184,38,6b2a63bc-2cd8-46e7-add6-190dbfc3c846,0.5283892154693604,topic_2,True
184,38,98e848dc-b2d0-448f-a23a-f07aebfc436f,0.5531247854232788,topic_2,True
184,38,2fc9baef-078d-4884-8fd8-f8842241b5a6,0.5283892154693604,topic_2,True
184,38,69db3173-066a-47df-b2da-5ac218206396,0.5531247854232788,topic_2,True
184,38,5a217a1f-349b-4708-8bc7-184b8e4678df,0.5283892154693604,topic_2,True
184,38,d9546b12-eef0-4cd1-ac23-f74e7d952ffe,0.5531247854232788,topic_2,True
184,38,7d3891ec-d177-427b-9824-a56a1b162d36,0.5283892154693604,topic_2,True
184,38,b7d5fd03-d021-45a8-8991-f59883e8bce8,0.5531247854232788,topic_2,True
184,38,ea5fd6bf-0874-4283-934e-00dfff50a44c,0.5283892154693604,topic_2,True
184,38,484d5557-5fe3-46aa-827e-baac4fe68240,0.5531247854232788,topic_2,True
184,38,9161046b-65ea-46ec-a03f-6fb5c9a77e01,0.5283892154693604,topic_2,True
184,38,ebd9b399-bfa3-4972-a559-f8946d588900,0.5531247854232788,topic_2,True
184,38,769ab660-9f6e-46a8-9129-bff5520404ff,0.5283892154693604,topic_2,True
184,38,bf81bcdd-024a-4254-89f8-1dcedea8cb93,0.5531247854232788,topic_2,True
184,38,ee54d499-64ca-4be2-963b-9a39b465419f,0.5283892154693604,topic_2,True
184,38,48187999-dc68-4290-83c0-fcf37a386c71,0.5531247854232788,topic_2,True
184,38,37696083-3d3e-4e7e-bd2e-838e0ed476da,0.5283892154693604,topic_2,True
184,38,1140144f-cba3-4a74-b846-a3a66beb38a7,0.5531247854232788,topic_2,True
184,38,d20faed4-eb97-4bd1-925e-0136e37d679e,0.5283892154693604,topic_2,True
184,38,e7ac4336-0975-4314-a95f-95d3cad51426,0.9249322414398193,topic_2,True
184,38,a90d73ab-af6a-4d5c-b605-d017dbe835c0,0.5185921788215637,topic_2,True
184,38,10121df1-962f-4937-ae84-b13fa451e7db,0.5762041211128235,topic_2,True
184,38,707cc2c2-bfa0-445d-96aa-40fc2d0fcc81,0.5201148986816406,topic_2,True
184,38,b8c0204a-fd20-4c6f-8c6d-4fb8e54050e8,0.9249322414398193,topic_2,True
184,38,3a1eafb8-aeb7-44f4-8aa2-7e7cd6f3f6f3,0.5185921788215637,topic_2,True
184,38,65d6f476-8f6a-48c7-9f1e-0ba11f9020c9,0.5762041211128235,topic_2,True
184,38,7d13bfd4-9dc4-4679-8824-6cc98b334f94,0.5201148986816406,topic_2,True
185,12,c32c86c8-c83f-45d5-ab04-41b37b72f7f3,0.5324795246124268,topic_2,True
185,12,e7ac4336-0975-4314-a95f-95d3cad51426,0.5103228688240051,topic_2,True
185,12,a90d73ab-af6a-4d5c-b605-d017dbe835c0,0.8505786657333374,topic_2,True
185,12,707cc2c2-bfa0-445d-96aa-40fc2d0fcc81,0.5076812505722046,topic_2,True
185,12,d87bfbc6-7773-4a2f-947e-573235b71b07,0.5229843854904175,topic_2,True
185,12,e391c4a1-b41a-4eb0-93d8-af88604bb697,0.5324795246124268,topic_2,True
185,12,b8c0204a-fd20-4c6f-8c6d-4fb8e54050e8,0.5103228688240051,topic_2,True
185,12,3a1eafb8-aeb7-44f4-8aa2-7e7cd6f3f6f3,0.8505786657333374,topic_2,True
185,12,7d13bfd4-9dc4-4679-8824-6cc98b334f94,0.5076812505722046,topic_2,True
185,12,83fc01e9-814c-4359-be0c-b85c64b44677,0.5229843854904175,topic_2,True
185,12,34a703e9-feed-4aba-8f00-349fb82e98c4,0.5324795246124268,topic_2,True
186,10,e7ac4336-0975-4314-a95f-95d3cad51426,0.63898766040802,topic_2,True
186,10,a90d73ab-af6a-4d5c-b605-d017dbe835c0,0.5058587789535522,topic_2,True
186,10,10121df1-962f-4937-ae84-b13fa451e7db,0.8554278612136841,topic_2,True
186,10,707cc2c2-bfa0-445d-96aa-40fc2d0fcc81,0.5057926177978516,topic_2,True
186,10,b8c0204a-fd20-4c6f-8c6d-4fb8e54050e8,0.63898766040802,topic_2,True
186,10,3a1eafb8-aeb7-44f4-8aa2-7e7cd6f3f6f3,0.5058587789535522,topic_2,True
186,10,65d6f476-8f6a-48c7-9f1e-0ba11f9020c9,0.8554278612136841,topic_2,True
186,10,7d13bfd4-9dc4-4679-8824-6cc98b334f94,0.5057926177978516,topic_2,True
186,10,1aebe433-f5d8-4daf-8e58-cece65060bce,0.63898766040802,topic_2,True
187,20,ae28eb05-6ce6-437e-a288-28ff4b3874e5,0.5358665585517883,topic_2,True
187,20,09537d4e-e05f-42e1-a52d-78c649b6b505,0.5358665585517883,topic_2,True
187,20,3b5480b8-7edd-4147-9a51-10f576388432,0.5358665585517883,topic_2,True
187,20,a6bd7cd3-c58e-4cdb-be02-ecc21fc7245b,0.5358665585517883,topic_2,True
187,20,bed86c39-42bd-4407-811e-887da686288e,0.5358665585517883,topic_2,True
187,20,8fc8e182-c1e5-4786-9abc-2f95d7c25741,0.5358665585517883,topic_2,True
187,20,c78bb77c-3485-4297-95ef-51603398e382,0.5358665585517883,topic_2,True
187,20,08fbc225-9a4b-4e5e-bc5a-7df941768ffd,0.5358665585517883,topic_2,True
187,20,977b2dda-1f03-4187-a08e-0d77bda245fe,0.5861200094223022,topic_2,True
187,20,a5ea423f-c14b-4531-8fa3-155efd6fbcb5,0.5861200094223022,topic_2,True
187,20,187598fe-5b0f-41e6-b5e4-a2432cf529f5,0.5861200094223022,topic_2,True
187,20,33c5c3cc-82ce-4752-9ff7-815492a5723b,0.5861200094223022,topic_2,True
187,20,636d6a36-33b2-4c8f-be84-60ec0fc2c1cd,0.5861200094223022,topic_2,True
187,20,f0226eb1-7d7c-4bd7-bcd8-a42804ec96ba,0.5861200094223022,topic_2,True
187,20,aeaeaa53-bc3b-4b8b-8790-1f4d2f21c7e8,0.5861200094223022,topic_2,True
187,20,bd53971e-2b25-4a5b-ae14-75d891ddcd49,0.5861200094223022,topic_2,True
187,20,357cadba-923b-4c81-921e-0c79caa39768,0.5861200094223022,topic_2,True
187,20,707cc2c2-bfa0-445d-96aa-40fc2d0fcc81,0.8571113348007202,topic_2,True
187,20,7d13bfd4-9dc4-4679-8824-6cc98b334f94,0.8571113348007202,topic_2,True
188,5,a90d73ab-af6a-4d5c-b605-d017dbe835c0,0.5412040948867798,topic_2,True
188,5,d87bfbc6-7773-4a2f-947e-573235b71b07,0.7840074896812439,topic_2,True
188,5,3a1eafb8-aeb7-44f4-8aa2-7e7cd6f3f6f3,0.5412040948867798,topic_2,True
188,5,83fc01e9-814c-4359-be0c-b85c64b44677,0.7840074896812439,topic_2,True
188,5,fc3201b1-4f99-4bfc-93df-0b499eaec18b,0.5412040948867798,topic_2,True
189,12,c32c86c8-c83f-45d5-ab04-41b37b72f7f3,0.8468714952468872,topic_2,True
189,12,e7ac4336-0975-4314-a95f-95d3cad51426,0.5169489979743958,topic_2,True
189,12,a90d73ab-af6a-4d5c-b605-d017dbe835c0,0.5604823231697083,topic_2,True
189,12,707cc2c2-bfa0-445d-96aa-40fc2d0fcc81,0.5591617822647095,topic_2,True
189,12,e391c4a1-b41a-4eb0-93d8-af88604bb697,0.8468714952468872,topic_2,True
189,12,b8c0204a-fd20-4c6f-8c6d-4fb8e54050e8,0.5169489979743958,topic_2,True
189,12,3a1eafb8-aeb7-44f4-8aa2-7e7cd6f3f6f3,0.5604823231697083,topic_2,True
189,12,7d13bfd4-9dc4-4679-8824-6cc98b334f94,0.5591617822647095,topic_2,True
189,12,34a703e9-feed-4aba-8f00-349fb82e98c4,0.8468714952468872,topic_2,True
189,12,1aebe433-f5d8-4daf-8e58-cece65060bce,0.5169489979743958,topic_2,True
189,12,fc3201b1-4f99-4bfc-93df-0b499eaec18b,0.5604823231697083,topic_2,True
189,12,9db5c4ec-de41-4571-8792-e40188e05350,0.5591617822647095,topic_2,True
190,9,5bc736b9-da8b-48af-8d16-384379c6b544,0.8332304358482361,topic_2,True
190,9,a90d73ab-af6a-4d5c-b605-d017dbe835c0,0.5618100166320801,topic_2,True
190,9,707cc2c2-bfa0-445d-96aa-40fc2d0fcc81,0.5542296767234802,topic_2,True
190,9,a6449832-2b79-4d00-8dc0-3b5935990112,0.8332304358482361,topic_2,True
190,9,3a1eafb8-aeb7-44f4-8aa2-7e7cd6f3f6f3,0.5618100166320801,topic_2,True
190,9,7d13bfd4-9dc4-4679-8824-6cc98b334f94,0.5542296767234802,topic_2,True
190,9,84bc4e61-c508-4971-b9b1-1e532719d8d5,0.8332304358482361,topic_2,True
190,9,fc3201b1-4f99-4bfc-93df-0b499eaec18b,0.5618100166320801,topic_2,True
190,9,9db5c4ec-de41-4571-8792-e40188e05350,0.5542296767234802,topic_2,True
191,10,c32c86c8-c83f-45d5-ab04-41b37b72f7f3,0.5011398196220398,topic_2,True
191,10,556c6e68-769a-4fce-8119-4cc0796ff271,0.8843570351600647,topic_2,True
191,10,a90d73ab-af6a-4d5c-b605-d017dbe835c0,0.5263493061065674,topic_2,True
191,10,e391c4a1-b41a-4eb0-93d8-af88604bb697,0.5011398196220398,topic_2,True
191,10,27063bf5-8e44-4ec0-9725-f0f8464e9592,0.8843570351600647,topic_2,True
191,10,3a1eafb8-aeb7-44f4-8aa2-7e7cd6f3f6f3,0.5263493061065674,topic_2,True
191,10,34a703e9-feed-4aba-8f00-349fb82e98c4,0.5011398196220398,topic_2,True
191,10,1f321d75-9660-440e-a97a-37db59b6fc5e,0.8843570351600647,topic_2,True
191,10,fc3201b1-4f99-4bfc-93df-0b499eaec18b,0.5263493061065674,topic_2,True
191,10,9442b879-56cf-4055-8854-d703109a6019,0.5011398196220398,topic_2,True
192,42,54712973-88f8-4b55-ac3c-f310d4e84f9a,0.5502097606658936,topic_2,True
192,42,2abb50eb-8207-4f27-8894-940c4fb5ba0c,0.5502097606658936,topic_2,True
192,42,c47bb50c-bdfe-44ba-9585-db756efb1f92,0.5502097606658936,topic_2,True
192,42,cdab52b6-dbe8-4e8a-a8a4-174523e0da1d,0.5502097606658936,topic_2,True
192,42,98b3b619-8435-43e3-86b2-66ea005cdb1f,0.5502097606658936,topic_2,True
192,42,715070c4-1aed-48b5-ae33-6a37d3b7d991,0.5502097606658936,topic_2,True
192,42,0c625430-83eb-4ad8-ba5b-75b84597bddc,0.5502097606658936,topic_2,True
192,42,cd48d940-0a76-402d-9dfc-ce7052b02b37,0.5502097606658936,topic_2,True
192,42,e990fe63-7a73-4102-838d-0b548fbd269c,0.5502097606658936,topic_2,True
192,42,6474054a-1f76-48de-98c6-f760945e079e,0.5531247854232788,topic_2,True
192,42,6b2a63bc-2cd8-46e7-add6-190dbfc3c846,0.5283892154693604,topic_2,True
192,42,98e848dc-b2d0-448f-a23a-f07aebfc436f,0.5531247854232788,topic_2,True
192,42,2fc9baef-078d-4884-8fd8-f8842241b5a6,0.5283892154693604,topic_2,True
192,42,69db3173-066a-47df-b2da-5ac218206396,0.5531247854232788,topic_2,True
192,42,5a217a1f-349b-4708-8bc7-184b8e4678df,0.5283892154693604,topic_2,True
192,42,d9546b12-eef0-4cd1-ac23-f74e7d952ffe,0.5531247854232788,topic_2,True
192,42,7d3891ec-d177-427b-9824-a56a1b162d36,0.5283892154693604,topic_2,True
192,42,b7d5fd03-d021-45a8-8991-f59883e8bce8,0.5531247854232788,topic_2,True
192,42,ea5fd6bf-0874-4283-934e-00dfff50a44c,0.5283892154693604,topic_2,True
192,42,484d5557-5fe3-46aa-827e-baac4fe68240,0.5531247854232788,topic_2,True
192,42,9161046b-65ea-46ec-a03f-6fb5c9a77e01,0.5283892154693604,topic_2,True
192,42,ebd9b399-bfa3-4972-a559-f8946d588900,0.5531247854232788,topic_2,True
192,42,769ab660-9f6e-46a8-9129-bff5520404ff,0.5283892154693604,topic_2,True
192,42,bf81bcdd-024a-4254-89f8-1dcedea8cb93,0.5531247854232788,topic_2,True
192,42,ee54d499-64ca-4be2-963b-9a39b465419f,0.5283892154693604,topic_2,True
192,42,48187999-dc68-4290-83c0-fcf37a386c71,0.5531247854232788,topic_2,True
192,42,37696083-3d3e-4e7e-bd2e-838e0ed476da,0.5283892154693604,topic_2,True
192,42,1140144f-cba3-4a74-b846-a3a66beb38a7,0.5531247854232788,topic_2,True
192,42,d20faed4-eb97-4bd1-925e-0136e37d679e,0.5283892154693604,topic_2,True
192,42,e7ac4336-0975-4314-a95f-95d3cad51426,0.9249322414398193,topic_2,True
192,42,a90d73ab-af6a-4d5c-b605-d017dbe835c0,0.5185921788215637,topic_2,True
192,42,10121df1-962f-4937-ae84-b13fa451e7db,0.5762041211128235,topic_2,True
192,42,707cc2c2-bfa0-445d-96aa-40fc2d0fcc81,0.5201148986816406,topic_2,True
192,42,b8c0204a-fd20-4c6f-8c6d-4fb8e54050e8,0.9249322414398193,topic_2,True
192,42,3a1eafb8-aeb7-44f4-8aa2-7e7cd6f3f6f3,0.5185921788215637,topic_2,True
192,42,65d6f476-8f6a-48c7-9f1e-0ba11f9020c9,0.5762041211128235,topic_2,True
192,42,7d13bfd4-9dc4-4679-8824-6cc98b334f94,0.5201148986816406,topic_2,True
192,42,1aebe433-f5d8-4daf-8e58-cece65060bce,0.9249322414398193,topic_2,True
192,42,fc3201b1-4f99-4bfc-93df-0b499eaec18b,0.5185921788215637,topic_2,True
192,42,e50bc5c6-cb01-4726-9541-fa2e5263722e,0.5762041211128235,topic_2,True
192,42,9db5c4ec-de41-4571-8792-e40188e05350,0.5201148986816406,topic_2,True
193,17,c32c86c8-c83f-45d5-ab04-41b37b72f7f3,0.5324795246124268,topic_2,True
193,17,e7ac4336-0975-4314-a95f-95d3cad51426,0.5103228688240051,topic_2,True
193,17,a90d73ab-af6a-4d5c-b605-d017dbe835c0,0.8505786657333374,topic_2,True
193,17,707cc2c2-bfa0-445d-96aa-40fc2d0fcc81,0.5076812505722046,topic_2,True
193,17,d87bfbc6-7773-4a2f-947e-573235b71b07,0.5229843854904175,topic_2,True
193,17,e391c4a1-b41a-4eb0-93d8-af88604bb697,0.5324795246124268,topic_2,True
193,17,b8c0204a-fd20-4c6f-8c6d-4fb8e54050e8,0.5103228688240051,topic_2,True
193,17,3a1eafb8-aeb7-44f4-8aa2-7e7cd6f3f6f3,0.8505786657333374,topic_2,True
193,17,7d13bfd4-9dc4-4679-8824-6cc98b334f94,0.5076812505722046,topic_2,True
193,17,83fc01e9-814c-4359-be0c-b85c64b44677,0.5229843854904175,topic_2,True
193,17,34a703e9-feed-4aba-8f00-349fb82e98c4,0.5324795246124268,topic_2,True
193,17,1aebe433-f5d8-4daf-8e58-cece65060bce,0.5103228688240051,topic_2,True
193,17,fc3201b1-4f99-4bfc-93df-0b499eaec18b,0.8505786657333374,topic_2,True
193,17,9db5c4ec-de41-4571-8792-e40188e05350,0.5076812505722046,topic_2,True
193,17,dd767d47-2064-4b97-b1cd-83b47de6a144,0.5229843854904175,topic_2,True
193,17,9442b879-56cf-4055-8854-d703109a6019,0.5324795246124268,topic_2,True
194,14,e7ac4336-0975-4314-a95f-95d3cad51426,0.63898766040802,topic_2,True
194,14,a90d73ab-af6a-4d5c-b605-d017dbe835c0,0.5058587789535522,topic_2,True
194,14,10121df1-962f-4937-ae84-b13fa451e7db,0.8554278612136841,topic_2,True
194,14,707cc2c2-bfa0-445d-96aa-40fc2d0fcc81,0.5057926177978516,topic_2,True
194,14,b8c0204a-fd20-4c6f-8c6d-4fb8e54050e8,0.63898766040802,topic_2,True
194,14,3a1eafb8-aeb7-44f4-8aa2-7e7cd6f3f6f3,0.5058587789535522,topic_2,True
194,14,65d6f476-8f6a-48c7-9f1e-0ba11f9020c9,0.8554278612136841,topic_2,True
194,14,7d13bfd4-9dc4-4679-8824-6cc98b334f94,0.5057926177978516,topic_2,True
194,14,1aebe433-f5d8-4daf-8e58-cece65060bce,0.63898766040802,topic_2,True
194,14,fc3201b1-4f99-4bfc-93df-0b499eaec18b,0.5058587789535522,topic_2,True
194,14,e50bc5c6-cb01-4726-9541-fa2e5263722e,0.8554278612136841,topic_2,True
194,14,9db5c4ec-de41-4571-8792-e40188e05350,0.5057926177978516,topic_2,True
194,14,aabc510f-dce5-403f-aac7-bec967ecd190,0.63898766040802,topic_2,True
195,21,ae28eb05-6ce6-437e-a288-28ff4b3874e5,0.5358665585517883,topic_2,True
195,21,09537d4e-e05f-42e1-a52d-78c649b6b505,0.5358665585517883,topic_2,True
195,21,3b5480b8-7edd-4147-9a51-10f576388432,0.5358665585517883,topic_2,True
195,21,a6bd7cd3-c58e-4cdb-be02-ecc21fc7245b,0.5358665585517883,topic_2,True
195,21,bed86c39-42bd-4407-811e-887da686288e,0.5358665585517883,topic_2,True
195,21,8fc8e182-c1e5-4786-9abc-2f95d7c25741,0.5358665585517883,topic_2,True
195,21,c78bb77c-3485-4297-95ef-51603398e382,0.5358665585517883,topic_2,True
195,21,08fbc225-9a4b-4e5e-bc5a-7df941768ffd,0.5358665585517883,topic_2,True
195,21,977b2dda-1f03-4187-a08e-0d77bda245fe,0.5861200094223022,topic_2,True
195,21,a5ea423f-c14b-4531-8fa3-155efd6fbcb5,0.5861200094223022,topic_2,True
195,21,187598fe-5b0f-41e6-b5e4-a2432cf529f5,0.5861200094223022,topic_2,True
195,21,33c5c3cc-82ce-4752-9ff7-815492a5723b,0.5861200094223022,topic_2,True
195,21,636d6a36-33b2-4c8f-be84-60ec0fc2c1cd,0.5861200094223022,topic_2,True
195,21,f0226eb1-7d7c-4bd7-bcd8-a42804ec96ba,0.5861200094223022,topic_2,True
195,21,aeaeaa53-bc3b-4b8b-8790-1f4d2f21c7e8,0.5861200094223022,topic_2,True
195,21,bd53971e-2b25-4a5b-ae14-75d891ddcd49,0.5861200094223022,topic_2,True
195,21,357cadba-923b-4c81-921e-0c79caa39768,0.5861200094223022,topic_2,True
195,21,707cc2c2-bfa0-445d-96aa-40fc2d0fcc81,0.8571113348007202,topic_2,True
195,21,7d13bfd4-9dc4-4679-8824-6cc98b334f94,0.8571113348007202,topic_2,True
195,21,9db5c4ec-de41-4571-8792-e40188e05350,0.8571113348007202,topic_2,True
196,7,a90d73ab-af6a-4d5c-b605-d017dbe835c0,0.5412040948867798,topic_2,True
196,7,d87bfbc6-7773-4a2f-947e-573235b71b07,0.7840074896812439,topic_2,True
196,7,3a1eafb8-aeb7-44f4-8aa2-7e7cd6f3f6f3,0.5412040948867798,topic_2,True
196,7,83fc01e9-814c-4359-be0c-b85c64b44677,0.7840074896812439,topic_2,True
196,7,fc3201b1-4f99-4bfc-93df-0b499eaec18b,0.5412040948867798,topic_2,True
196,7,dd767d47-2064-4b97-b1cd-83b47de6a144,0.7840074896812439,topic_2,True
196,7,685ea09d-631e-4b92-87a2-da31a397d793,0.5412040948867798,topic_2,True
197,16,c32c86c8-c83f-45d5-ab04-41b37b72f7f3,0.8468714952468872,topic_2,True
197,16,e7ac4336-0975-4314-a95f-95d3cad51426,0.5169489979743958,topic_2,True
197,16,a90d73ab-af6a-4d5c-b605-d017dbe835c0,0.5604823231697083,topic_2,True
197,16,707cc2c2-bfa0-445d-96aa-40fc2d0fcc81,0.5591617822647095,topic_2,True
197,16,e391c4a1-b41a-4eb0-93d8-af88604bb697,0.8468714952468872,topic_2,True
197,16,b8c0204a-fd20-4c6f-8c6d-4fb8e54050e8,0.5169489979743958,topic_2,True
197,16,3a1eafb8-aeb7-44f4-8aa2-7e7cd6f3f6f3,0.5604823231697083,topic_2,True
197,16,7d13bfd4-9dc4-4679-8824-6cc98b334f94,0.5591617822647095,topic_2,True
197,16,34a703e9-feed-4aba-8f00-349fb82e98c4,0.8468714952468872,topic_2,True
197,16,1aebe433-f5d8-4daf-8e58-cece65060bce,0.5169489979743958,topic_2,True
197,16,fc3201b1-4f99-4bfc-93df-0b499eaec18b,0.5604823231697083,topic_2,True
197,16,9db5c4ec-de41-4571-8792-e40188e05350,0.5591617822647095,topic_2,True
197,16,9442b879-56cf-4055-8854-d703109a6019,0.8468714952468872,topic_2,True
197,16,aabc510f-dce5-403f-aac7-bec967ecd190,0.5169489979743958,topic_2,True
197,16,685ea09d-631e-4b92-87a2-da31a397d793,0.5604823231697083,topic_2,True
197,16,1278162d-4326-4c1a-8784-df470f0fe364,0.5591617822647095,topic_2,True
198,12,5bc736b9-da8b-48af-8d16-384379c6b544,0.8332304358482361,topic_2,True
198,12,a90d73ab-af6a-4d5c-b605-d017dbe835c0,0.5618100166320801,topic_2,True
198,12,707cc2c2-bfa0-445d-96aa-40fc2d0fcc81,0.5542296767234802,topic_2,True
198,12,a6449832-2b79-4d00-8dc0-3b5935990112,0.8332304358482361,topic_2,True
198,12,3a1eafb8-aeb7-44f4-8aa2-7e7cd6f3f6f3,0.5618100166320801,topic_2,True
198,12,7d13bfd4-9dc4-4679-8824-6cc98b334f94,0.5542296767234802,topic_2,True
198,12,84bc4e61-c508-4971-b9b1-1e532719d8d5,0.8332304358482361,topic_2,True
198,12,fc3201b1-4f99-4bfc-93df-0b499eaec18b,0.5618100166320801,topic_2,True
198,12,9db5c4ec-de41-4571-8792-e40188e05350,0.5542296767234802,topic_2,True
198,12,5c55c073-a521-4175-8bd7-dd575652001b,0.8332304358482361,topic_2,True
198,12,685ea09d-631e-4b92-87a2-da31a397d793,0.5618100166320801,topic_2,True
198,12,1278162d-4326-4c1a-8784-df470f0fe364,0.5542296767234802,topic_2,True
199,13,c32c86c8-c83f-45d5-ab04-41b37b72f7f3,0.5011398196220398,topic_2,True
199,13,556c6e68-769a-4fce-8119-4cc0796ff271,0.8843570351600647,topic_2,True
199,13,a90d73ab-af6a-4d5c-b605-d017dbe835c0,0.5263493061065674,topic_2,True
199,13,e391c4a1-b41a-4eb0-93d8-af88604bb697,0.5011398196220398,topic_2,True
199,13,27063bf5-8e44-4ec0-9725-f0f8464e9592,0.8843570351600647,topic_2,True
199,13,3a1eafb8-aeb7-44f4-8aa2-7e7cd6f3f6f3,0.5263493061065674,topic_2,True
199,13,34a703e9-feed-4aba-8f00-349fb82e98c4,0.5011398196220398,topic_2,True
199,13,1f321d75-9660-440e-a97a-37db59b6fc5e,0.8843570351600647,topic_2,True
199,13,fc3201b1-4f99-4bfc-93df-0b499eaec18b,0.5263493061065674,topic_2,True
199,13,9442b879-56cf-4055-8854-d703109a6019,0.5011398196220398,topic_2,True
199,13,c4fa141e-1d98-4ca3-bd77-735e62b672f6,0.8843570351600647,topic_2,True
199,13,685ea09d-631e-4b92-87a2-da31a397d793,0.5263493061065674,topic_2,True
199,13,900c8ccc-e9e0-46e5-8833-6b57510e1585,0.5011398196220398,topic_2,True
200,46,54712973-88f8-4b55-ac3c-f310d4e84f9a,0.5502097606658936,topic_2,True
200,46,2abb50eb-8207-4f27-8894-940c4fb5ba0c,0.5502097606658936,topic_2,True
200,46,c47bb50c-bdfe-44ba-9585-db756efb1f92,0.5502097606658936,topic_2,True
200,46,cdab52b6-dbe8-4e8a-a8a4-174523e0da1d,0.5502097606658936,topic_2,True
200,46,98b3b619-8435-43e3-86b2-66ea005cdb1f,0.5502097606658936,topic_2,True
200,46,715070c4-1aed-48b5-ae33-6a37d3b7d991,0.5502097606658936,topic_2,True
200,46,0c625430-83eb-4ad8-ba5b-75b84597bddc,0.5502097606658936,topic_2,True
200,46,cd48d940-0a76-402d-9dfc-ce7052b02b37,0.5502097606658936,topic_2,True
200,46,e990fe63-7a73-4102-838d-0b548fbd269c,0.5502097606658936,topic_2,True
200,46,6474054a-1f76-48de-98c6-f760945e079e,0.5531247854232788,topic_2,True
200,46,6b2a63bc-2cd8-46e7-add6-190dbfc3c846,0.5283892154693604,topic_2,True
200,46,98e848dc-b2d0-448f-a23a-f07aebfc436f,0.5531247854232788,topic_2,True
200,46,2fc9baef-078d-4884-8fd8-f8842241b5a6,0.5283892154693604,topic_2,True
200,46,69db3173-066a-47df-b2da-5ac218206396,0.5531247854232788,topic_2,True
200,46,5a217a1f-349b-4708-8bc7-184b8e4678df,0.5283892154693604,topic_2,True
200,46,d9546b12-eef0-4cd1-ac23-f74e7d952ffe,0.5531247854232788,topic_2,True
200,46,7d3891ec-d177-427b-9824-a56a1b162d36,0.5283892154693604,topic_2,True
200,46,b7d5fd03-d021-45a8-8991-f59883e8bce8,0.5531247854232788,topic_2,True
200,46,ea5fd6bf-0874-4283-934e-00dfff50a44c,0.5283892154693604,topic_2,True
200,46,484d5557-5fe3-46aa-827e-baac4fe68240,0.5531247854232788,topic_2,True
200,46,9161046b-65ea-46ec-a03f-6fb5c9a77e01,0.5283892154693604,topic_2,True
200,46,ebd9b399-bfa3-4972-a559-f8946d588900,0.5531247854232788,topic_2,True
200,46,769ab660-9f6e-46a8-9129-bff5520404ff,0.5283892154693604,topic_2,True
200,46,bf81bcdd-024a-4254-89f8-1dcedea8cb93,0.5531247854232788,topic_2,True
200,46,ee54d499-64ca-4be2-963b-9a39b465419f,0.5283892154693604,topic_2,True
200,46,48187999-dc68-4290-83c0-fcf37a386c71,0.5531247854232788,topic_2,True
200,46,37696083-3d3e-4e7e-bd2e-838e0ed476da,0.5283892154693604,topic_2,True
200,46,1140144f-cba3-4a74-b846-a3a66beb38a7,0.5531247854232788,topic_2,True
200,46,d20faed4-eb97-4bd1-925e-0136e37d679e,0.5283892154693604,topic_2,True
200,46,e7ac4336-0975-4314-a95f-95d3cad51426,0.9249322414398193,topic_2,True
200,46,a90d73ab-af6a-4d5c-b605-d017dbe835c0,0.5185921788215637,topic_2,True
200,46,10121df1-962f-4937-ae84-b13fa451e7db,0.5762041211128235,topic_2,True
200,46,707cc2c2-bfa0-445d-96aa-40fc2d0fcc81,0.5201148986816406,topic_2,True
200,46,b8c0204a-fd20-4c6f-8c6d-4fb8e54050e8,0.9249322414398193,topic_2,True
200,46,3a1eafb8-aeb7-44f4-8aa2-7e7cd6f3f6f3,0.5185921788215637,topic_2,True
200,46,65d6f476-8f6a-48c7-9f1e-0ba11f9020c9,0.5762041211128235,topic_2,True
200,46,7d13bfd4-9dc4-4679-8824-6cc98b334f94,0.5201148986816406,topic_2,True
200,46,1aebe433-f5d8-4daf-8e58-cece65060bce,0.9249322414398193,topic_2,True
200,46,fc3201b1-4f99-4bfc-93df-0b499eaec18b,0.5185921788215637,topic_2,True
200,46,e50bc5c6-cb01-4726-9541-fa2e5263722e,0.5762041211128235,topic_2,True
200,46,9db5c4ec-de41-4571-8792-e40188e05350,0.5201148986816406,topic_2,True
200,46,aabc510f-dce5-403f-aac7-bec967ecd190,0.9249322414398193,topic_2,True
200,46,685ea09d-631e-4b92-87a2-da31a397d793,0.5185921788215637,topic_2,True
200,46,15b5525b-7ccc-49fc-a989-b9600e7d183c,0.5762041211128235,topic_2,True
200,46,1278162d-4326-4c1a-8784-df470f0fe364,0.5201148986816406,topic_2,True
