turn,episode_id,similarity_score,decay_score,retrieval_type
15,54712973-88f8-4b55-ac3c-f310d4e84f9a,0.5236513018608093,0.9999434913466742,K
16,54712973-88f8-4b55-ac3c-f310d4e84f9a,0.5216398239135742,0.9999323181794066,K
17,1920be23-5de7-437f-b718-8d6484c08894,0.5096549987792969,0.9998517494624194,K
18,bf2a80df-6314-4163-95f4-025289e33705,0.845180332660675,0.9995224903218304,K
18,54712973-88f8-4b55-ac3c-f310d4e84f9a,0.566106379032135,0.9998507483613565,K
19,cebcdc92-0d26-42be-9f2b-65d72e7de516,0.7762098908424377,0.9995300138392236,K
20,1fa495db-8989-4e3e-9c16-f14e262bd254,0.9091088175773621,0.9995193515762584,K
21,54712973-88f8-4b55-ac3c-f310d4e84f9a,0.9184969067573547,0.9997832035870727,K
22,1920be23-5de7-437f-b718-8d6484c08894,0.8659939169883728,0.9996542552279485,K
23,54712973-88f8-4b55-ac3c-f310d4e84f9a,0.5236513018608093,0.9998828132835664,K
23,4edeb949-e631-4bee-a874-018ce0cbb08e,0.8470087051391602,0.9995168386211809,K
23,2abb50eb-8207-4f27-8894-940c4fb5ba0c,0.5236513018608093,0.9999431064796088,K
24,54712973-88f8-4b55-ac3c-f310d4e84f9a,0.5216398239135742,0.9999299781183131,K
24,ae28eb05-6ce6-437e-a288-28ff4b3874e5,0.8807029128074646,0.9995273857450956,K
24,2abb50eb-8207-4f27-8894-940c4fb5ba0c,0.5216398239135742,0.9999299778961064,K
25,1920be23-5de7-437f-b718-8d6484c08894,0.5096549987792969,0.9997926328924204,K
25,abf88363-77f9-4d77-84b5-6097ace2c2bc,0.8043638467788696,0.9995156092162255,K
25,750cdb5d-ce94-4e32-998f-3d059aac5bd4,0.5096549987792969,0.9998495185734658,K
26,bf2a80df-6314-4163-95f4-025289e33705,0.845180332660675,0.9994445229178832,K
26,54712973-88f8-4b55-ac3c-f310d4e84f9a,0.566106379032135,0.9998484211836742,K
26,cb46bacb-a054-4a44-bdad-3a104b7f64f4,0.845180332660675,0.9995150030934853,K
26,2abb50eb-8207-4f27-8894-940c4fb5ba0c,0.566106379032135,0.9998484210170329,K
27,cebcdc92-0d26-42be-9f2b-65d72e7de516,0.7762098908424377,0.9994421063749976,K
27,03b36924-c78f-4995-888d-5adc7b1ac66e,0.7762098908424377,0.9995206426784502,K
28,1fa495db-8989-4e3e-9c16-f14e262bd254,0.9091088175773621,0.9994397091604559,K
28,782dfe15-a3b9-4767-9529-0219358c877d,0.9091088175773621,0.9995073998673041,K
29,54712973-88f8-4b55-ac3c-f310d4e84f9a,0.9184969067573547,0.9997850586032127,K
29,2abb50eb-8207-4f27-8894-940c4fb5ba0c,0.9184969067573547,0.9997850584365818,K
30,1920be23-5de7-437f-b718-8d6484c08894,0.8659939169883728,0.9996519124854101,K
30,750cdb5d-ce94-4e32-998f-3d059aac5bd4,0.8659939169883728,0.9996519123188015,K
31,54712973-88f8-4b55-ac3c-f310d4e84f9a,0.5236513018608093,0.9998705691546724,K
31,4edeb949-e631-4bee-a874-018ce0cbb08e,0.8470087051391602,0.9994341379103742,K
31,2abb50eb-8207-4f27-8894-940c4fb5ba0c,0.5236513018608093,0.9998705689880274,K
31,6a356614-0d61-40ed-9dcf-7513f1a50277,0.8470087051391602,0.9995041261805256,K
31,c47bb50c-bdfe-44ba-9585-db756efb1f92,0.5236513018608093,0.9999326227699475,K
32,54712973-88f8-4b55-ac3c-f310d4e84f9a,0.5216398239135742,0.9999273728597007,K
32,ae28eb05-6ce6-437e-a288-28ff4b3874e5,0.8807029128074646,0.9994315338048343,K
32,2abb50eb-8207-4f27-8894-940c4fb5ba0c,0.5216398239135742,0.9999273726930461,K
32,09537d4e-e05f-42e1-a52d-78c649b6b505,0.8807029128074646,0.9995119591307071,K
32,c47bb50c-bdfe-44ba-9585-db756efb1f92,0.5216398239135742,0.9999273724708401,K
33,1920be23-5de7-437f-b718-8d6484c08894,0.5096549987792969,0.9997858619586018,K
33,abf88363-77f9-4d77-84b5-6097ace2c2bc,0.8043638467788696,0.9994378475946825,K
33,750cdb5d-ce94-4e32-998f-3d059aac5bd4,0.5096549987792969,0.999785861764199,K
33,d127c7fb-a84a-481f-8416-3ea65cecb8b4,0.8043638467788696,0.9995089334737652,K
33,8485522c-9ac9-4692-8cc3-eac90172ea36,0.5096549987792969,0.9998532299662198,K
34,bf2a80df-6314-4163-95f4-025289e33705,0.845180332660675,0.9994353851771945,K
34,54712973-88f8-4b55-ac3c-f310d4e84f9a,0.566106379032135,0.9998522741625363,K
34,cb46bacb-a054-4a44-bdad-3a104b7f64f4,0.845180332660675,0.9994353849828599,K
34,2abb50eb-8207-4f27-8894-940c4fb5ba0c,0.566106379032135,0.9998522739958942,K
34,71e28ebc-6881-4adf-9dfb-983ef9834dee,0.845180332660675,0.9995082815720401,K
34,c47bb50c-bdfe-44ba-9585-db756efb1f92,0.566106379032135,0.9998522737459311,K
35,cebcdc92-0d26-42be-9f2b-65d72e7de516,0.7762098908424377,0.9994318000978496,K
35,03b36924-c78f-4995-888d-5adc7b1ac66e,0.7762098908424377,0.9994317999035156,K
35,6ceda697-0a9a-4256-80b2-11a6e82c27ca,0.7762098908424377,0.9995127324478561,K
36,1fa495db-8989-4e3e-9c16-f14e262bd254,0.9091088175773621,0.9994313126806319,K
36,782dfe15-a3b9-4767-9529-0219358c877d,0.9091088175773621,0.999431312486298,K
36,70efb360-fc50-4c55-a8e1-125487171057,0.9091088175773621,0.999492334405807,K
37,54712973-88f8-4b55-ac3c-f310d4e84f9a,0.9184969067573547,0.9997799560465561,K
37,2abb50eb-8207-4f27-8894-940c4fb5ba0c,0.9184969067573547,0.9997799558799261,K
37,c47bb50c-bdfe-44ba-9585-db756efb1f92,0.9184969067573547,0.9997799556855245,K
38,1920be23-5de7-437f-b718-8d6484c08894,0.8659939169883728,0.9996431858677537,K
38,750cdb5d-ce94-4e32-998f-3d059aac5bd4,0.8659939169883728,0.9996431857011465,K
38,8485522c-9ac9-4692-8cc3-eac90172ea36,0.8659939169883728,0.9996431854790037,K
39,54712973-88f8-4b55-ac3c-f310d4e84f9a,0.5236513018608093,0.999877870986133,K
39,4edeb949-e631-4bee-a874-018ce0cbb08e,0.8470087051391602,0.9994375824938285,K
39,2abb50eb-8207-4f27-8894-940c4fb5ba0c,0.5236513018608093,0.9998778708194868,K
39,6a356614-0d61-40ed-9dcf-7513f1a50277,0.8470087051391602,0.9994375822994934,K
39,c47bb50c-bdfe-44ba-9585-db756efb1f92,0.5236513018608093,0.9998778706250661,K
39,50a22fe1-f596-4289-97e3-11c2d8787834,0.8470087051391602,0.9995101750867449,K
39,cdab52b6-dbe8-4e8a-a8a4-174523e0da1d,0.5236513018608093,0.9999410869854398,K
41,1920be23-5de7-437f-b718-8d6484c08894,0.5096549987792969,0.9998133646129956,K
41,abf88363-77f9-4d77-84b5-6097ace2c2bc,0.8043638467788696,0.9994566153813693,K
41,750cdb5d-ce94-4e32-998f-3d059aac5bd4,0.5096549987792969,0.99981336444636,K
41,d127c7fb-a84a-481f-8416-3ea65cecb8b4,0.8043638467788696,0.9994566151870306,K
41,8485522c-9ac9-4692-8cc3-eac90172ea36,0.5096549987792969,0.9998133642519519,K
41,2c7c1fda-87c3-4b47-a87a-79ab13744c23,0.8043638467788696,0.9995301652125027,K
41,d4485080-919f-457a-b9e0-34c9c53c75d1,0.5096549987792969,0.9998722706858613,K
42,bf2a80df-6314-4163-95f4-025289e33705,0.845180332660675,0.9994547753279088,K
42,54712973-88f8-4b55-ac3c-f310d4e84f9a,0.566106379032135,0.999796854997852,K
42,cb46bacb-a054-4a44-bdad-3a104b7f64f4,0.845180332660675,0.9994547751335704,K
42,2abb50eb-8207-4f27-8894-940c4fb5ba0c,0.566106379032135,0.9997968548312192,K
42,71e28ebc-6881-4adf-9dfb-983ef9834dee,0.845180332660675,0.999454774939232,K
42,c47bb50c-bdfe-44ba-9585-db756efb1f92,0.566106379032135,0.9997968546368142,K
42,3e4c84b1-e19c-460e-95fd-835971a7dae8,0.845180332660675,0.999531258310395,K
42,cdab52b6-dbe8-4e8a-a8a4-174523e0da1d,0.566106379032135,0.9997968544701814,K
43,cebcdc92-0d26-42be-9f2b-65d72e7de516,0.7762098908424377,0.9994530823917663,K
43,03b36924-c78f-4995-888d-5adc7b1ac66e,0.7762098908424377,0.9994530821974282,K
43,6ceda697-0a9a-4256-80b2-11a6e82c27ca,0.7762098908424377,0.9994530819753276,K
43,f2640449-62fa-4de6-9f06-31c3f0e9d9cc,0.7762098908424377,0.99953450373813,K
44,1fa495db-8989-4e3e-9c16-f14e262bd254,0.9091088175773621,0.9994518768855005,K
44,782dfe15-a3b9-4767-9529-0219358c877d,0.9091088175773621,0.9994518766911626,K
44,70efb360-fc50-4c55-a8e1-125487171057,0.9091088175773621,0.9994518764968248,K
44,95fbeb55-b058-429e-8b61-15c89f867625,0.9091088175773621,0.9995139284210846,K
45,54712973-88f8-4b55-ac3c-f310d4e84f9a,0.9184969067573547,0.9997759170825504,K
45,2abb50eb-8207-4f27-8894-940c4fb5ba0c,0.9184969067573547,0.9997759168881496,K
45,c47bb50c-bdfe-44ba-9585-db756efb1f92,0.9184969067573547,0.9997759166659771,K
45,cdab52b6-dbe8-4e8a-a8a4-174523e0da1d,0.9184969067573547,0.9997759164993478,K
46,1920be23-5de7-437f-b718-8d6484c08894,0.8659939169883728,0.9996367593767442,K
46,750cdb5d-ce94-4e32-998f-3d059aac5bd4,0.8659939169883728,0.9996367592101381,K
46,8485522c-9ac9-4692-8cc3-eac90172ea36,0.8659939169883728,0.9996367589879965,K
46,d4485080-919f-457a-b9e0-34c9c53c75d1,0.8659939169883728,0.9996367588213905,K
47,54712973-88f8-4b55-ac3c-f310d4e84f9a,0.5236513018608093,0.9998754522567143,K
47,4edeb949-e631-4bee-a874-018ce0cbb08e,0.8470087051391602,0.9994483192873513,K
47,2abb50eb-8207-4f27-8894-940c4fb5ba0c,0.5236513018608093,0.9998754520900683,K
47,6a356614-0d61-40ed-9dcf-7513f1a50277,0.8470087051391602,0.9994483190097269,K
47,c47bb50c-bdfe-44ba-9585-db756efb1f92,0.5236513018608093,0.9998754517845508,K
47,50a22fe1-f596-4289-97e3-11c2d8787834,0.8470087051391602,0.9994483188153896,K
47,cdab52b6-dbe8-4e8a-a8a4-174523e0da1d,0.5236513018608093,0.9998754516179049,K
47,8b86dfb0-8b4d-4580-97a3-a65b0a3d7621,0.8470087051391602,0.9995239581216852,K
47,98b3b619-8435-43e3-86b2-66ea005cdb1f,0.5236513018608093,0.9999392152919097,K
48,54712973-88f8-4b55-ac3c-f310d4e84f9a,0.5216398239135742,0.9999224966146537,K
48,ae28eb05-6ce6-437e-a288-28ff4b3874e5,0.8807029128074646,0.9988813383356507,K
48,2abb50eb-8207-4f27-8894-940c4fb5ba0c,0.5216398239135742,0.9999224964479999,K
48,09537d4e-e05f-42e1-a52d-78c649b6b505,0.8807029128074646,0.9988813381136771,K
48,c47bb50c-bdfe-44ba-9585-db756efb1f92,0.5216398239135742,0.9999224962257949,K
48,3b5480b8-7edd-4147-9a51-10f576388432,0.8807029128074646,0.998955408604721,K
48,cdab52b6-dbe8-4e8a-a8a4-174523e0da1d,0.5216398239135742,0.9999224960591412,K
48,98b3b619-8435-43e3-86b2-66ea005cdb1f,0.5216398239135742,0.9999224958647118,K
49,1920be23-5de7-437f-b718-8d6484c08894,0.5096549987792969,0.999783560648599,K
49,abf88363-77f9-4d77-84b5-6097ace2c2bc,0.8043638467788696,0.9994203966183056,K
49,750cdb5d-ce94-4e32-998f-3d059aac5bd4,0.5096549987792969,0.9997835604819684,K
49,d127c7fb-a84a-481f-8416-3ea65cecb8b4,0.8043638467788696,0.9994203963962122,K
49,8485522c-9ac9-4692-8cc3-eac90172ea36,0.5096549987792969,0.9997835602597942,K
49,2c7c1fda-87c3-4b47-a87a-79ab13744c23,0.8043638467788696,0.9994203962296421,K
49,d4485080-919f-457a-b9e0-34c9c53c75d1,0.5096549987792969,0.9997835600931636,K
49,d5db8e77-a63a-4453-90af-d6922bbfbd36,0.8043638467788696,0.9994957839096786,K
49,dac8c404-6c50-4614-8345-14588fe074f5,0.5096549987792969,0.9998443365334815,K
50,bf2a80df-6314-4163-95f4-025289e33705,0.845180332660675,0.9994178123425945,K
50,54712973-88f8-4b55-ac3c-f310d4e84f9a,0.566106379032135,0.9998438313900315,K
50,cb46bacb-a054-4a44-bdad-3a104b7f64f4,0.845180332660675,0.9994178121482633,K
50,2abb50eb-8207-4f27-8894-940c4fb5ba0c,0.566106379032135,0.9998438311956175,K
50,71e28ebc-6881-4adf-9dfb-983ef9834dee,0.845180332660675,0.9994178119261704,K
50,c47bb50c-bdfe-44ba-9585-db756efb1f92,0.566106379032135,0.9998438310012033,K
50,3e4c84b1-e19c-460e-95fd-835971a7dae8,0.845180332660675,0.9994178117596009,K
50,cdab52b6-dbe8-4e8a-a8a4-174523e0da1d,0.566106379032135,0.9998438308067893,K
50,bfb0a09b-c604-438e-9c9e-36d0c0fa1135,0.845180332660675,0.9994959852803356,K
50,98b3b619-8435-43e3-86b2-66ea005cdb1f,0.566106379032135,0.9998438305846018,K
51,cebcdc92-0d26-42be-9f2b-65d72e7de516,0.7762098908424377,0.9994163274586829,K
51,03b36924-c78f-4995-888d-5adc7b1ac66e,0.7762098908424377,0.9994163272365905,K
51,6ceda697-0a9a-4256-80b2-11a6e82c27ca,0.7762098908424377,0.9994163269867363,K
51,f2640449-62fa-4de6-9f06-31c3f0e9d9cc,0.7762098908424377,0.999416326820167,K
51,7a2f3320-dca7-4a76-9bff-9e5a0e11fd0f,0.7762098908424377,0.9994989511780173,K
52,1fa495db-8989-4e3e-9c16-f14e262bd254,0.9091088175773621,0.9994149377157228,K
52,782dfe15-a3b9-4767-9529-0219358c877d,0.9091088175773621,0.9994149375491536,K
52,70efb360-fc50-4c55-a8e1-125487171057,0.9091088175773621,0.9994149373270613,K
52,95fbeb55-b058-429e-8b61-15c89f867625,0.9091088175773621,0.9994149371604922,K
52,3b622472-7625-4a2f-acdd-a0ee832a7c23,0.9091088175773621,0.999478126445622,K
53,54712973-88f8-4b55-ac3c-f310d4e84f9a,0.9184969067573547,0.9997720997509858,K
53,2abb50eb-8207-4f27-8894-940c4fb5ba0c,0.9184969067573547,0.9997720995565856,K
53,c47bb50c-bdfe-44ba-9585-db756efb1f92,0.9184969067573547,0.9997720993344141,K
53,cdab52b6-dbe8-4e8a-a8a4-174523e0da1d,0.9184969067573547,0.9997720991677854,K
53,98b3b619-8435-43e3-86b2-66ea005cdb1f,0.9184969067573547,0.9997720989178424,K
54,1920be23-5de7-437f-b718-8d6484c08894,0.8659939169883728,0.9996296570383351,K
54,750cdb5d-ce94-4e32-998f-3d059aac5bd4,0.8659939169883728,0.9996296568439627,K
54,8485522c-9ac9-4692-8cc3-eac90172ea36,0.8659939169883728,0.9996296566495902,K
54,d4485080-919f-457a-b9e0-34c9c53c75d1,0.8659939169883728,0.9996296564552178,K
54,dac8c404-6c50-4614-8345-14588fe074f5,0.8659939169883728,0.9996296562330779,K
55,54712973-88f8-4b55-ac3c-f310d4e84f9a,0.5236513018608093,0.9998743250088745,K
55,4edeb949-e631-4bee-a874-018ce0cbb08e,0.8470087051391602,0.9994128691787961,K
55,2abb50eb-8207-4f27-8894-940c4fb5ba0c,0.5236513018608093,0.9998743248422288,K
55,6a356614-0d61-40ed-9dcf-7513f1a50277,0.8470087051391602,0.9994128689567043,K
55,c47bb50c-bdfe-44ba-9585-db756efb1f92,0.5236513018608093,0.9998743246200344,K
55,50a22fe1-f596-4289-97e3-11c2d8787834,0.8470087051391602,0.9994128687901355,K
55,cdab52b6-dbe8-4e8a-a8a4-174523e0da1d,0.5236513018608093,0.9998743244533888,K
55,8b86dfb0-8b4d-4580-97a3-a65b0a3d7621,0.8470087051391602,0.9994128686235667,K
55,98b3b619-8435-43e3-86b2-66ea005cdb1f,0.5236513018608093,0.9998743242589688,K
55,6304d7d4-f77a-462c-900c-daf5bd601f3c,0.8470087051391602,0.9994903345624649,K
55,715070c4-1aed-48b5-ae33-6a37d3b7d991,0.5236513018608093,0.9999387884568363,K
56,54712973-88f8-4b55-ac3c-f310d4e84f9a,0.5216398239135742,0.9999196022320738,K
56,ae28eb05-6ce6-437e-a288-28ff4b3874e5,0.8807029128074646,0.9994099762991486,K
56,2abb50eb-8207-4f27-8894-940c4fb5ba0c,0.5216398239135742,0.9999196020654205,K
56,09537d4e-e05f-42e1-a52d-78c649b6b505,0.8807029128074646,0.9994099760770576,K
56,c47bb50c-bdfe-44ba-9585-db756efb1f92,0.5216398239135742,0.9999196018432162,K
56,3b5480b8-7edd-4147-9a51-10f576388432,0.8807029128074646,0.9994099759104892,K
56,cdab52b6-dbe8-4e8a-a8a4-174523e0da1d,0.5216398239135742,0.9999196016765629,K
56,98b3b619-8435-43e3-86b2-66ea005cdb1f,0.5216398239135742,0.999919601426583,K
56,a6bd7cd3-c58e-4cdb-be02-ecc21fc7245b,0.8807029128074646,0.9994881007595906,K
56,715070c4-1aed-48b5-ae33-6a37d3b7d991,0.5216398239135742,0.9999196012599297,K
57,1920be23-5de7-437f-b718-8d6484c08894,0.5096549987792969,0.9997782568386497,K
57,abf88363-77f9-4d77-84b5-6097ace2c2bc,0.8043638467788696,0.999407993749336,K
57,750cdb5d-ce94-4e32-998f-3d059aac5bd4,0.5096549987792969,0.99977825667202,K
57,d127c7fb-a84a-481f-8416-3ea65cecb8b4,0.8043638467788696,0.9994079935272453,K
57,8485522c-9ac9-4692-8cc3-eac90172ea36,0.5096549987792969,0.9997782564498471,K
57,2c7c1fda-87c3-4b47-a87a-79ab13744c23,0.8043638467788696,0.999407993332916,K
57,d4485080-919f-457a-b9e0-34c9c53c75d1,0.5096549987792969,0.9997782562554458,K
57,d5db8e77-a63a-4453-90af-d6922bbfbd36,0.8043638467788696,0.999407993166348,K
57,dac8c404-6c50-4614-8345-14588fe074f5,0.5096549987792969,0.9997782560610444,K
57,d73ebeee-f005-4b98-bbc8-c4ef37b4c3ea,0.8043638467788696,0.999485964661457,K
57,fd6ddde0-b090-452f-9ee0-1d9987b31c12,0.5096549987792969,0.9998394588881037,K
58,bf2a80df-6314-4163-95f4-025289e33705,0.845180332660675,0.9994059907711557,K
58,54712973-88f8-4b55-ac3c-f310d4e84f9a,0.566106379032135,0.9998398441874228,K
58,cb46bacb-a054-4a44-bdad-3a104b7f64f4,0.845180332660675,0.999405990604588,K
58,2abb50eb-8207-4f27-8894-940c4fb5ba0c,0.566106379032135,0.9998398440207827,K
58,71e28ebc-6881-4adf-9dfb-983ef9834dee,0.845180332660675,0.9994059903824978,K
58,c47bb50c-bdfe-44ba-9585-db756efb1f92,0.566106379032135,0.9998398437985961,K
58,3e4c84b1-e19c-460e-95fd-835971a7dae8,0.845180332660675,0.9994059902159301,K
58,cdab52b6-dbe8-4e8a-a8a4-174523e0da1d,0.566106379032135,0.9998398436319562,K
58,bfb0a09b-c604-438e-9c9e-36d0c0fa1135,0.845180332660675,0.9994059900493625,K
58,98b3b619-8435-43e3-86b2-66ea005cdb1f,0.566106379032135,0.9998398434375428,K
58,3b1b3b23-464f-4be3-8b8e-ef7daa8ba191,0.845180332660675,0.999485647630112,K
58,715070c4-1aed-48b5-ae33-6a37d3b7d991,0.566106379032135,0.9998398432431296,K
59,cebcdc92-0d26-42be-9f2b-65d72e7de516,0.7762098908424377,0.9994027708568081,K
59,03b36924-c78f-4995-888d-5adc7b1ac66e,0.7762098908424377,0.9994027706624797,K
59,6ceda697-0a9a-4256-80b2-11a6e82c27ca,0.7762098908424377,0.9994027704403903,K
59,f2640449-62fa-4de6-9f06-31c3f0e9d9cc,0.7762098908424377,0.9994027702183008,K
59,7a2f3320-dca7-4a76-9bff-9e5a0e11fd0f,0.7762098908424377,0.9994027700517336,K
59,9d5b9b32-3423-4615-9959-47b82a5ff77b,0.7762098908424377,0.999486782852108,K
60,1fa495db-8989-4e3e-9c16-f14e262bd254,0.9091088175773621,0.9994010649054954,K
60,782dfe15-a3b9-4767-9529-0219358c877d,0.9091088175773621,0.9994010644057949,K
60,70efb360-fc50-4c55-a8e1-125487171057,0.9091088175773621,0.9994010641004224,K
60,95fbeb55-b058-429e-8b61-15c89f867625,0.9091088175773621,0.9994010637950498,K
60,3b622472-7625-4a2f-acdd-a0ee832a7c23,0.9091088175773621,0.9994010632953493,K
60,4119b0b6-3bf8-446b-be25-c280c2b258d7,0.9091088175773621,0.9994651936432615,K
61,54712973-88f8-4b55-ac3c-f310d4e84f9a,0.9184969067573547,0.9997660097966454,K
61,2abb50eb-8207-4f27-8894-940c4fb5ba0c,0.9184969067573547,0.9997660096300178,K
61,c47bb50c-bdfe-44ba-9585-db756efb1f92,0.9184969067573547,0.9997660094078475,K
61,cdab52b6-dbe8-4e8a-a8a4-174523e0da1d,0.9184969067573547,0.9997660092134486,K
61,98b3b619-8435-43e3-86b2-66ea005cdb1f,0.9184969067573547,0.9997660090190497,K
61,715070c4-1aed-48b5-ae33-6a37d3b7d991,0.9184969067573547,0.9997660088246507,K
62,1920be23-5de7-437f-b718-8d6484c08894,0.8659939169883728,0.9996197506742179,K
62,750cdb5d-ce94-4e32-998f-3d059aac5bd4,0.8659939169883728,0.9996197504798474,K
62,8485522c-9ac9-4692-8cc3-eac90172ea36,0.8659939169883728,0.9996197502854769,K
62,d4485080-919f-457a-b9e0-34c9c53c75d1,0.8659939169883728,0.9996197501188736,K
62,dac8c404-6c50-4614-8345-14588fe074f5,0.8659939169883728,0.9996197498967359,K
62,fd6ddde0-b090-452f-9ee0-1d9987b31c12,0.8659939169883728,0.9996197497023653,K
63,54712973-88f8-4b55-ac3c-f310d4e84f9a,0.5236513018608093,0.9998717467529288,K
63,4edeb949-e631-4bee-a874-018ce0cbb08e,0.8470087051391602,0.9993973183244926,K
63,2abb50eb-8207-4f27-8894-940c4fb5ba0c,0.5236513018608093,0.9998717465862834,K
63,6a356614-0d61-40ed-9dcf-7513f1a50277,0.8470087051391602,0.9993973181024043,K
63,c47bb50c-bdfe-44ba-9585-db756efb1f92,0.5236513018608093,0.9998717463918639,K
63,50a22fe1-f596-4289-97e3-11c2d8787834,0.8470087051391602,0.9993973179358381,K
63,cdab52b6-dbe8-4e8a-a8a4-174523e0da1d,0.5236513018608093,0.9998717462252187,K
63,8b86dfb0-8b4d-4580-97a3-a65b0a3d7621,0.8470087051391602,0.9993973177692719,K
63,98b3b619-8435-43e3-86b2-66ea005cdb1f,0.5236513018608093,0.999871746003025,K
63,6304d7d4-f77a-462c-900c-daf5bd601f3c,0.8470087051391602,0.9993973175749447,K
63,715070c4-1aed-48b5-ae33-6a37d3b7d991,0.5236513018608093,0.9998717458363796,K
63,d1a5c0dc-2b29-475a-bb90-15256439811d,0.8470087051391602,0.9994776757088518,K
63,0c625430-83eb-4ad8-ba5b-75b84597bddc,0.5236513018608093,0.99993801769876,K
64,54712973-88f8-4b55-ac3c-f310d4e84f9a,0.5216398239135742,0.999918621255874,K
64,ae28eb05-6ce6-437e-a288-28ff4b3874e5,0.8807029128074646,0.9993963377218772,K
64,2abb50eb-8207-4f27-8894-940c4fb5ba0c,0.5216398239135742,0.999918621089221,K
64,09537d4e-e05f-42e1-a52d-78c649b6b505,0.8807029128074646,0.9993963374997891,K
64,c47bb50c-bdfe-44ba-9585-db756efb1f92,0.5216398239135742,0.9999186208670169,K
64,3b5480b8-7edd-4147-9a51-10f576388432,0.8807029128074646,0.999396337333223,K
64,cdab52b6-dbe8-4e8a-a8a4-174523e0da1d,0.5216398239135742,0.9999186207003637,K
64,98b3b619-8435-43e3-86b2-66ea005cdb1f,0.5216398239135742,0.9999186204781596,K
64,a6bd7cd3-c58e-4cdb-be02-ecc21fc7245b,0.8807029128074646,0.9993963369445689,K
64,715070c4-1aed-48b5-ae33-6a37d3b7d991,0.5216398239135742,0.9999186203115065,K
64,bed86c39-42bd-4407-811e-887da686288e,0.8807029128074646,0.9994764439921918,K
64,0c625430-83eb-4ad8-ba5b-75b84597bddc,0.5216398239135742,0.9999186201170779,K
65,1920be23-5de7-437f-b718-8d6484c08894,0.5096549987792969,0.9997737167170361,K
65,abf88363-77f9-4d77-84b5-6097ace2c2bc,0.8043638467788696,0.9993935507702703,K
65,750cdb5d-ce94-4e32-998f-3d059aac5bd4,0.5096549987792969,0.9997737165226356,K
65,d127c7fb-a84a-481f-8416-3ea65cecb8b4,0.8043638467788696,0.9993935505481828,K
65,8485522c-9ac9-4692-8cc3-eac90172ea36,0.5096549987792969,0.9997737163282352,K
65,2c7c1fda-87c3-4b47-a87a-79ab13744c23,0.8043638467788696,0.9993935503816173,K
65,d4485080-919f-457a-b9e0-34c9c53c75d1,0.5096549987792969,0.9997737161616063,K
65,d5db8e77-a63a-4453-90af-d6922bbfbd36,0.8043638467788696,0.9993935501872907,K
65,dac8c404-6c50-4614-8345-14588fe074f5,0.5096549987792969,0.9997737159394343,K
65,d73ebeee-f005-4b98-bbc8-c4ef37b4c3ea,0.8043638467788696,0.9993935499929641,K
65,fd6ddde0-b090-452f-9ee0-1d9987b31c12,0.5096549987792969,0.9997737157728053,K
65,e6ce2c6d-0c28-46c7-91c1-4eaa02556e3f,0.8043638467788696,0.9994735233874735,K
65,e8eeda09-ecac-4741-b45e-c84e65a72419,0.5096549987792969,0.9998356892782633,K
66,bf2a80df-6314-4163-95f4-025289e33705,0.845180332660675,0.9993913939980321,K
66,54712973-88f8-4b55-ac3c-f310d4e84f9a,0.566106379032135,0.9998348983252263,K
66,cb46bacb-a054-4a44-bdad-3a104b7f64f4,0.845180332660675,0.999391393803706,K
66,2abb50eb-8207-4f27-8894-940c4fb5ba0c,0.566106379032135,0.9998348981030407,K
66,71e28ebc-6881-4adf-9dfb-983ef9834dee,0.845180332660675,0.9993913935538582,K
66,c47bb50c-bdfe-44ba-9585-db756efb1f92,0.566106379032135,0.9998348979086285,K
66,3e4c84b1-e19c-460e-95fd-835971a7dae8,0.845180332660675,0.999391393387293,K
66,cdab52b6-dbe8-4e8a-a8a4-174523e0da1d,0.566106379032135,0.9998348977419893,K
66,bfb0a09b-c604-438e-9c9e-36d0c0fa1135,0.845180332660675,0.9993913932207278,K
66,98b3b619-8435-43e3-86b2-66ea005cdb1f,0.566106379032135,0.9998348975475769,K
66,3b1b3b23-464f-4be3-8b8e-ef7daa8ba191,0.845180332660675,0.9993913930264017,K
66,715070c4-1aed-48b5-ae33-6a37d3b7d991,0.566106379032135,0.9998348973809378,K
66,6d47adea-79f0-4a15-93f7-b1ca3d86adaa,0.845180332660675,0.9994742698001321,K
66,0c625430-83eb-4ad8-ba5b-75b84597bddc,0.566106379032135,0.9998348972142986,K
67,cebcdc92-0d26-42be-9f2b-65d72e7de516,0.7762098908424377,0.9993888489400445,K
67,03b36924-c78f-4995-888d-5adc7b1ac66e,0.7762098908424377,0.9993888487457189,K
67,6ceda697-0a9a-4256-80b2-11a6e82c27ca,0.7762098908424377,0.9993888485513933,K
67,f2640449-62fa-4de6-9f06-31c3f0e9d9cc,0.7762098908424377,0.9993888483848284,K
67,7a2f3320-dca7-4a76-9bff-9e5a0e11fd0f,0.7762098908424377,0.9993888481905029,K
67,9d5b9b32-3423-4615-9959-47b82a5ff77b,0.7762098908424377,0.9993888479961772,K
67,5f05f35b-b56c-4128-9260-1299851a227f,0.7762098908424377,0.999474567199298,K
68,1fa495db-8989-4e3e-9c16-f14e262bd254,0.9091088175773621,0.9993870717228824,K
68,782dfe15-a3b9-4767-9529-0219358c877d,0.9091088175773621,0.9993870715285572,K
68,70efb360-fc50-4c55-a8e1-125487171057,0.9091088175773621,0.999387071334232,K
68,95fbeb55-b058-429e-8b61-15c89f867625,0.9091088175773621,0.9993870711676675,K
68,3b622472-7625-4a2f-acdd-a0ee832a7c23,0.9091088175773621,0.9993870709733422,K
68,4119b0b6-3bf8-446b-be25-c280c2b258d7,0.9091088175773621,0.9993870708067777,K
68,1de49c7e-5fb3-4aee-8dc9-1a0752e2dcb7,0.9091088175773621,0.9994523676442552,K
69,54712973-88f8-4b55-ac3c-f310d4e84f9a,0.9184969067573547,0.9997598359551136,K
69,2abb50eb-8207-4f27-8894-940c4fb5ba0c,0.9184969067573547,0.9997598357607159,K
69,c47bb50c-bdfe-44ba-9585-db756efb1f92,0.9184969067573547,0.9997598355385471,K
69,cdab52b6-dbe8-4e8a-a8a4-174523e0da1d,0.9184969067573547,0.9997598353441493,K
69,98b3b619-8435-43e3-86b2-66ea005cdb1f,0.9184969067573547,0.9997598351497515,K
69,715070c4-1aed-48b5-ae33-6a37d3b7d991,0.9184969067573547,0.9997598349553538,K
69,0c625430-83eb-4ad8-ba5b-75b84597bddc,0.9184969067573547,0.9997598347887271,K
70,1920be23-5de7-437f-b718-8d6484c08894,0.8659939169883728,0.9996096657002624,K
70,750cdb5d-ce94-4e32-998f-3d059aac5bd4,0.8659939169883728,0.9996096655058939,K
70,8485522c-9ac9-4692-8cc3-eac90172ea36,0.8659939169883728,0.9996096652837585,K
70,d4485080-919f-457a-b9e0-34c9c53c75d1,0.8659939169883728,0.9996096650893899,K
70,dac8c404-6c50-4614-8345-14588fe074f5,0.8659939169883728,0.9996096648950213,K
70,fd6ddde0-b090-452f-9ee0-1d9987b31c12,0.8659939169883728,0.9996096647006528,K
70,e8eeda09-ecac-4741-b45e-c84e65a72419,0.8659939169883728,0.9996096645340512,K
71,54712973-88f8-4b55-ac3c-f310d4e84f9a,0.5236513018608093,0.999867203012745,K
71,4edeb949-e631-4bee-a874-018ce0cbb08e,0.8470087051391602,0.999380686881363,K
71,2abb50eb-8207-4f27-8894-940c4fb5ba0c,0.5236513018608093,0.9998672028461005,K
71,6a356614-0d61-40ed-9dcf-7513f1a50277,0.8470087051391602,0.9993806866870389,K
71,c47bb50c-bdfe-44ba-9585-db756efb1f92,0.5236513018608093,0.9998672026516819,K
71,50a22fe1-f596-4289-97e3-11c2d8787834,0.8470087051391602,0.9993806865204755,K
71,cdab52b6-dbe8-4e8a-a8a4-174523e0da1d,0.5236513018608093,0.9998672024850374,K
71,8b86dfb0-8b4d-4580-97a3-a65b0a3d7621,0.8470087051391602,0.9993806863261515,K
71,98b3b619-8435-43e3-86b2-66ea005cdb1f,0.5236513018608093,0.9998672022906188,K
71,6304d7d4-f77a-462c-900c-daf5bd601f3c,0.8470087051391602,0.9993806861318274,K
71,715070c4-1aed-48b5-ae33-6a37d3b7d991,0.5236513018608093,0.9998672020962002,K
71,d1a5c0dc-2b29-475a-bb90-15256439811d,0.8470087051391602,0.999380685965264,K
71,0c625430-83eb-4ad8-ba5b-75b84597bddc,0.5236513018608093,0.9998672019295556,K
71,8966eac1-e8f8-41d1-bc4b-c9853edf0aa2,0.8470087051391602,0.9994620235945608,K
71,cd48d940-0a76-402d-9dfc-ce7052b02b37,0.5236513018608093,0.9999352353195446,K
72,54712973-88f8-4b55-ac3c-f310d4e84f9a,0.5216398239135742,0.9999148569304325,K
72,ae28eb05-6ce6-437e-a288-28ff4b3874e5,0.8807029128074646,0.9993769243034415,K
72,2abb50eb-8207-4f27-8894-940c4fb5ba0c,0.5216398239135742,0.99991485676378,K
72,09537d4e-e05f-42e1-a52d-78c649b6b505,0.8807029128074646,0.9993769241091182,K
72,c47bb50c-bdfe-44ba-9585-db756efb1f92,0.5216398239135742,0.9999148565415766,K
72,3b5480b8-7edd-4147-9a51-10f576388432,0.8807029128074646,0.9993769239147949,K
72,cdab52b6-dbe8-4e8a-a8a4-174523e0da1d,0.5216398239135742,0.9999148563749242,K
72,98b3b619-8435-43e3-86b2-66ea005cdb1f,0.5216398239135742,0.9999148561527209,K
72,a6bd7cd3-c58e-4cdb-be02-ecc21fc7245b,0.8807029128074646,0.9993769235539087,K
72,715070c4-1aed-48b5-ae33-6a37d3b7d991,0.5216398239135742,0.9999148559860684,K
72,bed86c39-42bd-4407-811e-887da686288e,0.8807029128074646,0.999376923387346,K
72,0c625430-83eb-4ad8-ba5b-75b84597bddc,0.5216398239135742,0.999914855819416,K
72,8fc8e182-c1e5-4786-9abc-2f95d7c25741,0.8807029128074646,0.9994598158686775,K
72,cd48d940-0a76-402d-9dfc-ce7052b02b37,0.5216398239135742,0.9999148556527635,K
73,1920be23-5de7-437f-b718-8d6484c08894,0.5096549987792969,0.9997651407781905,K
73,abf88363-77f9-4d77-84b5-6097ace2c2bc,0.8043638467788696,0.9993748949596152,K
73,750cdb5d-ce94-4e32-998f-3d059aac5bd4,0.5096549987792969,0.9997651405837916,K
73,d127c7fb-a84a-481f-8416-3ea65cecb8b4,0.8043638467788696,0.9993748947652923,K
73,8485522c-9ac9-4692-8cc3-eac90172ea36,0.5096549987792969,0.9997651403893929,K
73,2c7c1fda-87c3-4b47-a87a-79ab13744c23,0.8043638467788696,0.9993748945987299,K
73,d4485080-919f-457a-b9e0-34c9c53c75d1,0.5096549987792969,0.9997651402227653,K
73,d5db8e77-a63a-4453-90af-d6922bbfbd36,0.8043638467788696,0.999374894404407,K
73,dac8c404-6c50-4614-8345-14588fe074f5,0.5096549987792969,0.9997651400283666,K
73,d73ebeee-f005-4b98-bbc8-c4ef37b4c3ea,0.8043638467788696,0.9993748942100841,K
73,fd6ddde0-b090-452f-9ee0-1d9987b31c12,0.5096549987792969,0.9997651398617391,K
73,e6ce2c6d-0c28-46c7-91c1-4eaa02556e3f,0.8043638467788696,0.9993748940435215,K
73,e8eeda09-ecac-4741-b45e-c84e65a72419,0.5096549987792969,0.9997651396673403,K
73,1e6614ac-3b3b-4268-8616-9b023bfbf17b,0.8043638467788696,0.9994570231042261,K
73,a25f7464-1546-4476-b0ea-c2038307784f,0.5096549987792969,0.9998298949972747,K
74,bf2a80df-6314-4163-95f4-025289e33705,0.845180332660675,0.9993713699762544,K
74,54712973-88f8-4b55-ac3c-f310d4e84f9a,0.566106379032135,0.9998293415360349,K
74,cb46bacb-a054-4a44-bdad-3a104b7f64f4,0.845180332660675,0.9993713698096925,K
74,2abb50eb-8207-4f27-8894-940c4fb5ba0c,0.566106379032135,0.9998293413693966,K
74,71e28ebc-6881-4adf-9dfb-983ef9834dee,0.845180332660675,0.9993713696153703,K
74,c47bb50c-bdfe-44ba-9585-db756efb1f92,0.566106379032135,0.9998293411472123,K
74,3e4c84b1-e19c-460e-95fd-835971a7dae8,0.845180332660675,0.9993713694210481,K
74,cdab52b6-dbe8-4e8a-a8a4-174523e0da1d,0.566106379032135,0.9998293409805741,K
74,bfb0a09b-c604-438e-9c9e-36d0c0fa1135,0.845180332660675,0.9993713692267259,K
74,98b3b619-8435-43e3-86b2-66ea005cdb1f,0.566106379032135,0.9998293407583898,K
74,3b1b3b23-464f-4be3-8b8e-ef7daa8ba191,0.845180332660675,0.9993713690046434,K
74,715070c4-1aed-48b5-ae33-6a37d3b7d991,0.566106379032135,0.9998293405639785,K
74,6d47adea-79f0-4a15-93f7-b1ca3d86adaa,0.845180332660675,0.9993713688380815,K
74,0c625430-83eb-4ad8-ba5b-75b84597bddc,0.566106379032135,0.9998293403973404,K
74,56366728-cae2-45a2-87bd-cffc08163114,0.845180332660675,0.9994567892868355,K
74,cd48d940-0a76-402d-9dfc-ce7052b02b37,0.566106379032135,0.9998293402307021,K
75,e81ce962-fb3f-4b7c-8a5c-22696ab7cb7c,0.6988400816917419,0.9974256992099324,K
76,1fa495db-8989-4e3e-9c16-f14e262bd254,0.9091088175773621,0.9993867768482183,K
76,782dfe15-a3b9-4767-9529-0219358c877d,0.9091088175773621,0.9993867766816539,K
76,70efb360-fc50-4c55-a8e1-125487171057,0.9091088175773621,0.9993867764595679,K
76,95fbeb55-b058-429e-8b61-15c89f867625,0.9091088175773621,0.9993867762930034,K
76,3b622472-7625-4a2f-acdd-a0ee832a7c23,0.9091088175773621,0.9993867760986782,K
76,4119b0b6-3bf8-446b-be25-c280c2b258d7,0.9091088175773621,0.9993867759321138,K
76,1de49c7e-5fb3-4aee-8dc9-1a0752e2dcb7,0.9091088175773621,0.9993867757655494,K
76,84158fc6-035f-4dab-b453-7de7392cf908,0.9091088175773621,0.9994539158249343,K
77,54712973-88f8-4b55-ac3c-f310d4e84f9a,0.9184969067573547,0.9997747470954681,K
77,2abb50eb-8207-4f27-8894-940c4fb5ba0c,0.9184969067573547,0.9997747469288389,K
77,c47bb50c-bdfe-44ba-9585-db756efb1f92,0.9184969067573547,0.9997747467066668,K
77,cdab52b6-dbe8-4e8a-a8a4-174523e0da1d,0.9184969067573547,0.9997747465122662,K
77,98b3b619-8435-43e3-86b2-66ea005cdb1f,0.9184969067573547,0.9997747463178654,K
77,715070c4-1aed-48b5-ae33-6a37d3b7d991,0.9184969067573547,0.9997747461234648,K
77,0c625430-83eb-4ad8-ba5b-75b84597bddc,0.9184969067573547,0.9997747459568357,K
77,cd48d940-0a76-402d-9dfc-ce7052b02b37,0.9184969067573547,0.9997747457624351,K
78,1920be23-5de7-437f-b718-8d6484c08894,0.8659939169883728,0.999619980336882,K
78,750cdb5d-ce94-4e32-998f-3d059aac5bd4,0.8659939169883728,0.9996199801702786,K
78,8485522c-9ac9-4692-8cc3-eac90172ea36,0.8659939169883728,0.9996199800036754,K
78,d4485080-919f-457a-b9e0-34c9c53c75d1,0.8659939169883728,0.9996199798093048,K
78,dac8c404-6c50-4614-8345-14588fe074f5,0.8659939169883728,0.9996199796149342,K
78,fd6ddde0-b090-452f-9ee0-1d9987b31c12,0.8659939169883728,0.9996199794483309,K
78,e8eeda09-ecac-4741-b45e-c84e65a72419,0.8659939169883728,0.9996199792817276,K
78,a25f7464-1546-4476-b0ea-c2038307784f,0.8659939169883728,0.9996199791151242,K
79,54712973-88f8-4b55-ac3c-f310d4e84f9a,0.5236513018608093,0.99986583364,K
79,4edeb949-e631-4bee-a874-018ce0cbb08e,0.8470087051391602,0.9993849061922481,K
79,2abb50eb-8207-4f27-8894-940c4fb5ba0c,0.5236513018608093,0.9998658334455817,K
79,6a356614-0d61-40ed-9dcf-7513f1a50277,0.8470087051391602,0.9993849059701625,K
79,c47bb50c-bdfe-44ba-9585-db756efb1f92,0.5236513018608093,0.9998658332233893,K
79,50a22fe1-f596-4289-97e3-11c2d8787834,0.8470087051391602,0.9993849057758376,K
79,cdab52b6-dbe8-4e8a-a8a4-174523e0da1d,0.5236513018608093,0.9998658330289709,K
79,8b86dfb0-8b4d-4580-97a3-a65b0a3d7621,0.8470087051391602,0.9993849056092735,K
79,98b3b619-8435-43e3-86b2-66ea005cdb1f,0.5236513018608093,0.9998658328345525,K
79,6304d7d4-f77a-462c-900c-daf5bd601f3c,0.8470087051391602,0.9993849054149486,K
79,715070c4-1aed-48b5-ae33-6a37d3b7d991,0.5236513018608093,0.9998658326679083,K
79,d1a5c0dc-2b29-475a-bb90-15256439811d,0.8470087051391602,0.9993849052206238,K
79,0c625430-83eb-4ad8-ba5b-75b84597bddc,0.5236513018608093,0.999865832501264,K
79,8966eac1-e8f8-41d1-bc4b-c9853edf0aa2,0.8470087051391602,0.9993849050540596,K
79,cd48d940-0a76-402d-9dfc-ce7052b02b37,0.5236513018608093,0.9998658323346197,K
79,44179842-e4e3-4e9f-96c9-c9763ec87223,0.8470087051391602,0.9994700058576503,K
79,e990fe63-7a73-4102-838d-0b548fbd269c,0.5236513018608093,0.9999349340613245,K
80,54712973-88f8-4b55-ac3c-f310d4e84f9a,0.5216398239135742,0.9999132261539568,K
80,ae28eb05-6ce6-437e-a288-28ff4b3874e5,0.8807029128074646,0.9993832756138217,K
80,2abb50eb-8207-4f27-8894-940c4fb5ba0c,0.5216398239135742,0.9999132259873047,K
80,09537d4e-e05f-42e1-a52d-78c649b6b505,0.8807029128074646,0.9993832754472578,K
80,c47bb50c-bdfe-44ba-9585-db756efb1f92,0.5216398239135742,0.9999132257928771,K
80,3b5480b8-7edd-4147-9a51-10f576388432,0.8807029128074646,0.9993832752529334,K
80,cdab52b6-dbe8-4e8a-a8a4-174523e0da1d,0.5216398239135742,0.9999132255984495,K
80,98b3b619-8435-43e3-86b2-66ea005cdb1f,0.5216398239135742,0.9999132254317973,K
80,a6bd7cd3-c58e-4cdb-be02-ecc21fc7245b,0.8807029128074646,0.9993832748920449,K
80,715070c4-1aed-48b5-ae33-6a37d3b7d991,0.5216398239135742,0.9999132252651451,K
80,bed86c39-42bd-4407-811e-887da686288e,0.8807029128074646,0.999383274725481,K
80,0c625430-83eb-4ad8-ba5b-75b84597bddc,0.5216398239135742,0.9999132250707176,K
80,8fc8e182-c1e5-4786-9abc-2f95d7c25741,0.8807029128074646,0.9993832745589172,K
80,cd48d940-0a76-402d-9dfc-ce7052b02b37,0.5216398239135742,0.9999132249040653,K
80,c78bb77c-3485-4297-95ef-51603398e382,0.8807029128074646,0.99946819712397,K
80,e990fe63-7a73-4102-838d-0b548fbd269c,0.5216398239135742,0.9999132247374132,K
81,1920be23-5de7-437f-b718-8d6484c08894,0.5096549987792969,0.9997605008511679,K
81,abf88363-77f9-4d77-84b5-6097ace2c2bc,0.8043638467788696,0.9993805688711671,K
81,750cdb5d-ce94-4e32-998f-3d059aac5bd4,0.5096549987792969,0.9997605006845411,K
81,d127c7fb-a84a-481f-8416-3ea65cecb8b4,0.8043638467788696,0.9993805686768431,K
81,8485522c-9ac9-4692-8cc3-eac90172ea36,0.5096549987792969,0.9997605005179143,K
81,2c7c1fda-87c3-4b47-a87a-79ab13744c23,0.8043638467788696,0.9993805685102797,K
81,d4485080-919f-457a-b9e0-34c9c53c75d1,0.5096549987792969,0.9997605003512876,K
81,d5db8e77-a63a-4453-90af-d6922bbfbd36,0.8043638467788696,0.9993805683159557,K
81,dac8c404-6c50-4614-8345-14588fe074f5,0.5096549987792969,0.9997605001291185,K
81,d73ebeee-f005-4b98-bbc8-c4ef37b4c3ea,0.8043638467788696,0.9993805681493922,K
81,fd6ddde0-b090-452f-9ee0-1d9987b31c12,0.5096549987792969,0.9997604999624918,K
81,e6ce2c6d-0c28-46c7-91c1-4eaa02556e3f,0.8043638467788696,0.9993805679550682,K
81,e8eeda09-ecac-4741-b45e-c84e65a72419,0.5096549987792969,0.9997604997958651,K
81,1e6614ac-3b3b-4268-8616-9b023bfbf17b,0.8043638467788696,0.9993805677885048,K
81,a25f7464-1546-4476-b0ea-c2038307784f,0.5096549987792969,0.9997604996292383,K
81,f73e339e-02e8-411e-98f5-3439c424515b,0.8043638467788696,0.9994662230374152,K
81,08fbba1d-412b-494b-aef9-f37176fd1500,0.5096549987792969,0.9998255562448594,K
82,bf2a80df-6314-4163-95f4-025289e33705,0.845180332660675,0.9993790765750075,K
82,54712973-88f8-4b55-ac3c-f310d4e84f9a,0.566106379032135,0.9998251404841519,K
82,cb46bacb-a054-4a44-bdad-3a104b7f64f4,0.845180332660675,0.9993790759920362,K
82,2abb50eb-8207-4f27-8894-940c4fb5ba0c,0.566106379032135,0.9998251401786499,K
82,71e28ebc-6881-4adf-9dfb-983ef9834dee,0.845180332660675,0.999379075769952,K
82,c47bb50c-bdfe-44ba-9585-db756efb1f92,0.566106379032135,0.9998251399564665,K
82,3e4c84b1-e19c-460e-95fd-835971a7dae8,0.845180332660675,0.9993790756311494,K
82,cdab52b6-dbe8-4e8a-a8a4-174523e0da1d,0.566106379032135,0.999825139789829,K
82,bfb0a09b-c604-438e-9c9e-36d0c0fa1135,0.845180332660675,0.9993790754368257,K
82,98b3b619-8435-43e3-86b2-66ea005cdb1f,0.566106379032135,0.9998251395954185,K
82,3b1b3b23-464f-4be3-8b8e-ef7daa8ba191,0.845180332660675,0.999379075242502,K
82,715070c4-1aed-48b5-ae33-6a37d3b7d991,0.566106379032135,0.999825139428781,K
82,6d47adea-79f0-4a15-93f7-b1ca3d86adaa,0.845180332660675,0.9993790750759388,K
82,0c625430-83eb-4ad8-ba5b-75b84597bddc,0.566106379032135,0.9998251392621434,K
82,56366728-cae2-45a2-87bd-cffc08163114,0.845180332660675,0.9993790749093756,K
82,cd48d940-0a76-402d-9dfc-ce7052b02b37,0.566106379032135,0.999825139095506,K
82,37ae9700-71e2-46c7-a984-315c408adc69,0.845180332660675,0.9994670443768844,K
82,e990fe63-7a73-4102-838d-0b548fbd269c,0.566106379032135,0.9998251389010955,K
87,54712973-88f8-4b55-ac3c-f310d4e84f9a,0.5915488004684448,0.99963634686006,K
87,2abb50eb-8207-4f27-8894-940c4fb5ba0c,0.5915488004684448,0.9996363466934539,K
87,c47bb50c-bdfe-44ba-9585-db756efb1f92,0.5915488004684448,0.9996363464713125,K
87,cdab52b6-dbe8-4e8a-a8a4-174523e0da1d,0.5915488004684448,0.9996363461103327,K
87,98b3b619-8435-43e3-86b2-66ea005cdb1f,0.5915488004684448,0.999636345915959,K
87,715070c4-1aed-48b5-ae33-6a37d3b7d991,0.5915488004684448,0.9996363457493529,K
87,0c625430-83eb-4ad8-ba5b-75b84597bddc,0.5915488004684448,0.9996363455827468,K
87,cd48d940-0a76-402d-9dfc-ce7052b02b37,0.5915488004684448,0.9996363453883731,K
87,e990fe63-7a73-4102-838d-0b548fbd269c,0.5915488004684448,0.999636345221767,K
87,17594637-b253-4fad-bda7-17964a587f02,0.5480883717536926,0.9998575775041578,K
88,17594637-b253-4fad-bda7-17964a587f02,0.6255056262016296,0.9999353691164433,K
90,ae28eb05-6ce6-437e-a288-28ff4b3874e5,0.5253481864929199,0.9992486378029368,K
90,09537d4e-e05f-42e1-a52d-78c649b6b505,0.5253481864929199,0.9992486376086385,K
90,3b5480b8-7edd-4147-9a51-10f576388432,0.5253481864929199,0.9992486374143401,K
90,a6bd7cd3-c58e-4cdb-be02-ecc21fc7245b,0.5253481864929199,0.9992486370257434,K
90,bed86c39-42bd-4407-811e-887da686288e,0.5253481864929199,0.999248636859202,K
90,8fc8e182-c1e5-4786-9abc-2f95d7c25741,0.5253481864929199,0.9992486366926606,K
90,c78bb77c-3485-4297-95ef-51603398e382,0.5253481864929199,0.9992486364983623,K
90,08fbc225-9a4b-4e5e-bc5a-7df941768ffd,0.5253481864929199,0.9993362539324983,K
90,6474054a-1f76-48de-98c6-f760945e079e,0.5013392567634583,0.9998516016232397,K
91,17594637-b253-4fad-bda7-17964a587f02,0.5904790759086609,0.9997522406974065,K
91,191f5071-a27c-4b90-8eb9-42493218ea9a,0.5300524234771729,0.9998265853158427,K
92,17594637-b253-4fad-bda7-17964a587f02,0.8662798404693604,0.999920830745162,K
92,6474054a-1f76-48de-98c6-f760945e079e,0.5508572459220886,0.9998214629118654,K
92,191f5071-a27c-4b90-8eb9-42493218ea9a,0.6211016178131104,0.9999208306062841,K
93,17594637-b253-4fad-bda7-17964a587f02,0.5019570589065552,0.9999116657628097,K
93,647fa5c0-f54e-44df-a3f3-3bfd381e6c39,0.7719346284866333,0.9994691344312373,K
93,d93ef603-b5fc-498e-9b49-e8c792284401,0.5642350912094116,0.9995201755692457,K
93,6474054a-1f76-48de-98c6-f760945e079e,0.5483893156051636,0.9999116656517083,K
93,977b2dda-1f03-4187-a08e-0d77bda245fe,0.5202821493148804,0.9998325012517042,K
94,647fa5c0-f54e-44df-a3f3-3bfd381e6c39,0.5056508183479309,0.9999116585412254,K
94,d93ef603-b5fc-498e-9b49-e8c792284401,0.8196889758110046,0.9999116585134501,K
94,6474054a-1f76-48de-98c6-f760945e079e,0.5557959079742432,0.9999116584578994,K
94,977b2dda-1f03-4187-a08e-0d77bda245fe,0.5543805956840515,0.9999116583745734,K
95,54712973-88f8-4b55-ac3c-f310d4e84f9a,0.5915488004684448,0.9993760642566868,K
95,2abb50eb-8207-4f27-8894-940c4fb5ba0c,0.5915488004684448,0.9993760640623637,K
95,c47bb50c-bdfe-44ba-9585-db756efb1f92,0.5915488004684448,0.9993760638680406,K
95,cdab52b6-dbe8-4e8a-a8a4-174523e0da1d,0.5915488004684448,0.9993760637014778,K
95,98b3b619-8435-43e3-86b2-66ea005cdb1f,0.5915488004684448,0.9993760635071547,K
95,715070c4-1aed-48b5-ae33-6a37d3b7d991,0.5915488004684448,0.9993760633128316,K
95,0c625430-83eb-4ad8-ba5b-75b84597bddc,0.5915488004684448,0.9993760631462689,K
95,cd48d940-0a76-402d-9dfc-ce7052b02b37,0.5915488004684448,0.9993760629797063,K
95,e990fe63-7a73-4102-838d-0b548fbd269c,0.5915488004684448,0.9993760628131436,K
95,17594637-b253-4fad-bda7-17964a587f02,0.5480883717536926,0.9998558199782719,K
95,6474054a-1f76-48de-98c6-f760945e079e,0.855555534362793,0.9999441586702962,K
95,191f5071-a27c-4b90-8eb9-42493218ea9a,0.5046283602714539,0.9997674962276368,K
95,977b2dda-1f03-4187-a08e-0d77bda245fe,0.504281222820282,0.9999441585869675,K
95,7f5a87c0-daf1-4ae1-8480-ae62287adcf1,0.5480883717536926,0.9998558197560816,K
96,17594637-b253-4fad-bda7-17964a587f02,0.6255056262016296,0.9999298439888258,K
96,6474054a-1f76-48de-98c6-f760945e079e,0.5406999588012695,0.9999298438777225,K
96,191f5071-a27c-4b90-8eb9-42493218ea9a,0.8470198512077332,0.9999298438499467,K
96,977b2dda-1f03-4187-a08e-0d77bda245fe,0.5345472693443298,0.9999298438221709,K
96,7f5a87c0-daf1-4ae1-8480-ae62287adcf1,0.6255056262016296,0.9999298437666192,K
97,6b2a63bc-2cd8-46e7-add6-190dbfc3c846,0.8292428851127625,0.9994390177149897,K
98,ae28eb05-6ce6-437e-a288-28ff4b3874e5,0.5253481864929199,0.9993637289507723,K
98,09537d4e-e05f-42e1-a52d-78c649b6b505,0.5253481864929199,0.9993637287009314,K
98,3b5480b8-7edd-4147-9a51-10f576388432,0.5253481864929199,0.9993637285066107,K
98,a6bd7cd3-c58e-4cdb-be02-ecc21fc7245b,0.5253481864929199,0.9993637281179693,K
98,bed86c39-42bd-4407-811e-887da686288e,0.5253481864929199,0.9993637279236485,K
98,8fc8e182-c1e5-4786-9abc-2f95d7c25741,0.5253481864929199,0.9993637277570878,K
98,c78bb77c-3485-4297-95ef-51603398e382,0.5253481864929199,0.9993637275627671,K
98,08fbc225-9a4b-4e5e-bc5a-7df941768ffd,0.5253481864929199,0.9993637273962065,K
98,6474054a-1f76-48de-98c6-f760945e079e,0.5013392567634583,0.9998447855192364,K
98,977b2dda-1f03-4187-a08e-0d77bda245fe,0.8757643699645996,0.9998447854359159,K
98,98e848dc-b2d0-448f-a23a-f07aebfc436f,0.5013392567634583,0.9998447853248221,K
99,17594637-b253-4fad-bda7-17964a587f02,0.5904790759086609,0.9997518306602174,K
99,191f5071-a27c-4b90-8eb9-42493218ea9a,0.5300524234771729,0.999751830521363,K
99,af366e3f-4fbe-4d62-94f4-27a28c0bdc7b,0.7352790832519531,0.9994492576031889,K
99,7f5a87c0-daf1-4ae1-8480-ae62287adcf1,0.5904790759086609,0.9997518304380504,K
99,47b583fc-4e7d-4a83-87eb-289f261c119b,0.5300524234771729,0.9998317069406437,K
100,17594637-b253-4fad-bda7-17964a587f02,0.8662798404693604,0.9999167131907611,K
100,6474054a-1f76-48de-98c6-f760945e079e,0.5508572459220886,0.9998237512280844,K
100,191f5071-a27c-4b90-8eb9-42493218ea9a,0.6211016178131104,0.9999167130518838,K
100,af366e3f-4fbe-4d62-94f4-27a28c0bdc7b,0.5350132584571838,0.9999167129963329,K
100,7f5a87c0-daf1-4ae1-8480-ae62287adcf1,0.8662798404693604,0.9999167129685574,K
100,98e848dc-b2d0-448f-a23a-f07aebfc436f,0.5508572459220886,0.9998237510336743,K
100,47b583fc-4e7d-4a83-87eb-289f261c119b,0.6211016178131104,0.999916712885231,K
101,17594637-b253-4fad-bda7-17964a587f02,0.5019570589065552,0.9999152424810104,K
101,647fa5c0-f54e-44df-a3f3-3bfd381e6c39,0.7719346284866333,0.9994578842756361,K
101,d93ef603-b5fc-498e-9b49-e8c792284401,0.5642350912094116,0.9994578842756361,K
101,6474054a-1f76-48de-98c6-f760945e079e,0.5483893156051636,0.9999152423976841,K
101,977b2dda-1f03-4187-a08e-0d77bda245fe,0.5202821493148804,0.9997390061203855,K
101,7f5a87c0-daf1-4ae1-8480-ae62287adcf1,0.5019570589065552,0.999915242258807,K
101,75b390f5-6de9-455f-871c-408bd441ad42,0.7719346284866333,0.999457884081297,K
101,68e9bf97-be90-4790-8146-c85d757fa9e8,0.5642350912094116,0.9995137005319349,K
101,98e848dc-b2d0-448f-a23a-f07aebfc436f,0.5483893156051636,0.9999152422032561,K
101,a5ea423f-c14b-4531-8fa3-155efd6fbcb5,0.5202821493148804,0.9998319599258707,K
102,647fa5c0-f54e-44df-a3f3-3bfd381e6c39,0.5056508183479309,0.9999050841992341,K
102,d93ef603-b5fc-498e-9b49-e8c792284401,0.8196889758110046,0.999905084171459,K
102,6474054a-1f76-48de-98c6-f760945e079e,0.5557959079742432,0.9999050841159087,K
102,977b2dda-1f03-4187-a08e-0d77bda245fe,0.5543805956840515,0.9999050840603584,K
102,75b390f5-6de9-455f-871c-408bd441ad42,0.5056508183479309,0.999905083977033,K
102,68e9bf97-be90-4790-8146-c85d757fa9e8,0.8196889758110046,0.9999050839492578,K
102,98e848dc-b2d0-448f-a23a-f07aebfc436f,0.5557959079742432,0.9999050839492578,K
102,a5ea423f-c14b-4531-8fa3-155efd6fbcb5,0.5543805956840515,0.9999050838659325,K
103,54712973-88f8-4b55-ac3c-f310d4e84f9a,0.5915488004684448,0.9993584765864165,K
103,2abb50eb-8207-4f27-8894-940c4fb5ba0c,0.5915488004684448,0.9993584763088169,K
103,c47bb50c-bdfe-44ba-9585-db756efb1f92,0.5915488004684448,0.9993584761144972,K
103,cdab52b6-dbe8-4e8a-a8a4-174523e0da1d,0.5915488004684448,0.9993584759479375,K
103,98b3b619-8435-43e3-86b2-66ea005cdb1f,0.5915488004684448,0.9993584757536178,K
103,715070c4-1aed-48b5-ae33-6a37d3b7d991,0.5915488004684448,0.999358475559298,K
103,0c625430-83eb-4ad8-ba5b-75b84597bddc,0.5915488004684448,0.9993584753927383,K
103,cd48d940-0a76-402d-9dfc-ce7052b02b37,0.5915488004684448,0.9993584751984186,K
103,e990fe63-7a73-4102-838d-0b548fbd269c,0.5915488004684448,0.9993584750318588,K
103,17594637-b253-4fad-bda7-17964a587f02,0.5480883717536926,0.9998447012545433,K
103,6474054a-1f76-48de-98c6-f760945e079e,0.855555534362793,0.9999396137677664,K
103,191f5071-a27c-4b90-8eb9-42493218ea9a,0.5046283602714539,0.9997599540934079,K
103,977b2dda-1f03-4187-a08e-0d77bda245fe,0.504281222820282,0.9999396137122142,K
103,7f5a87c0-daf1-4ae1-8480-ae62287adcf1,0.5480883717536926,0.9998447010323556,K
103,98e848dc-b2d0-448f-a23a-f07aebfc436f,0.855555534362793,0.9999396136011097,K
103,47b583fc-4e7d-4a83-87eb-289f261c119b,0.5046283602714539,0.9997599539267812,K
103,a5ea423f-c14b-4531-8fa3-155efd6fbcb5,0.504281222820282,0.9999396135177815,K
103,377a0c03-cd16-4846-987f-db59d9a30d1a,0.5480883717536926,0.9998447008657148,K
104,17594637-b253-4fad-bda7-17964a587f02,0.6255056262016296,0.9999244046908027,K
104,6474054a-1f76-48de-98c6-f760945e079e,0.5406999588012695,0.9999244045797,K
104,191f5071-a27c-4b90-8eb9-42493218ea9a,0.8470198512077332,0.9999244045797,K
104,977b2dda-1f03-4187-a08e-0d77bda245fe,0.5345472693443298,0.9999244045241487,K
104,7f5a87c0-daf1-4ae1-8480-ae62287adcf1,0.6255056262016296,0.9999244044685973,K
104,98e848dc-b2d0-448f-a23a-f07aebfc436f,0.5406999588012695,0.999924404413046,K
104,47b583fc-4e7d-4a83-87eb-289f261c119b,0.8470198512077332,0.9999244043852703,K
104,a5ea423f-c14b-4531-8fa3-155efd6fbcb5,0.5345472693443298,0.9999244043574946,K
104,377a0c03-cd16-4846-987f-db59d9a30d1a,0.6255056262016296,0.9999244043019433,K
105,6b2a63bc-2cd8-46e7-add6-190dbfc3c846,0.8292428851127625,0.999347825064138,K
105,2fc9baef-078d-4884-8fd8-f8842241b5a6,0.8292428851127625,0.9994231143791994,K
106,ae28eb05-6ce6-437e-a288-28ff4b3874e5,0.5253481864929199,0.9993459430163589,K
106,09537d4e-e05f-42e1-a52d-78c649b6b505,0.5253481864929199,0.9993459428220417,K
106,3b5480b8-7edd-4147-9a51-10f576388432,0.5253481864929199,0.9993459426277244,K
106,a6bd7cd3-c58e-4cdb-be02-ecc21fc7245b,0.5253481864929199,0.9993459422390899,K
106,bed86c39-42bd-4407-811e-887da686288e,0.5253481864929199,0.9993459420725322,K
106,8fc8e182-c1e5-4786-9abc-2f95d7c25741,0.5253481864929199,0.9993459418782149,K
106,c78bb77c-3485-4297-95ef-51603398e382,0.5253481864929199,0.9993459417116572,K
106,08fbc225-9a4b-4e5e-bc5a-7df941768ffd,0.5253481864929199,0.9993459415450996,K
106,6474054a-1f76-48de-98c6-f760945e079e,0.5013392567634583,0.9998376855355294,K
106,977b2dda-1f03-4187-a08e-0d77bda245fe,0.8757643699645996,0.9998376854799829,K
106,98e848dc-b2d0-448f-a23a-f07aebfc436f,0.5013392567634583,0.9998376853688898,K
106,a5ea423f-c14b-4531-8fa3-155efd6fbcb5,0.8757643699645996,0.9998376853133433,K
106,69db3173-066a-47df-b2da-5ac218206396,0.5013392567634583,0.9998376852022501,K
107,17594637-b253-4fad-bda7-17964a587f02,0.5904790759086609,0.9997427500111209,K
107,191f5071-a27c-4b90-8eb9-42493218ea9a,0.5300524234771729,0.9997427499000383,K
107,af366e3f-4fbe-4d62-94f4-27a28c0bdc7b,0.7352790832519531,0.9994272025000481,K
107,7f5a87c0-daf1-4ae1-8480-ae62287adcf1,0.5904790759086609,0.9997427498167265,K
107,47b583fc-4e7d-4a83-87eb-289f261c119b,0.5300524234771729,0.9997427497334146,K
107,d1e99a85-6e7c-4313-a14d-5766fe35109c,0.7392767071723938,0.9994272023057151,K
107,377a0c03-cd16-4846-987f-db59d9a30d1a,0.5904790759086609,0.999742749622332,K
107,5575014b-45cd-4c58-b0c2-3b7083a91c17,0.5300524234771729,0.9998278406822275,K
108,17594637-b253-4fad-bda7-17964a587f02,0.8662798404693604,0.9999268508699726,K
108,6474054a-1f76-48de-98c6-f760945e079e,0.5508572459220886,0.999831906879232,K
108,191f5071-a27c-4b90-8eb9-42493218ea9a,0.6211016178131104,0.9999268507310938,K
108,af366e3f-4fbe-4d62-94f4-27a28c0bdc7b,0.5350132584571838,0.9999268506755423,K
108,7f5a87c0-daf1-4ae1-8480-ae62287adcf1,0.8662798404693604,0.9999268506477665,K
108,98e848dc-b2d0-448f-a23a-f07aebfc436f,0.5508572459220886,0.9998319066848202,K
108,47b583fc-4e7d-4a83-87eb-289f261c119b,0.6211016178131104,0.9999268505366636,K
108,377a0c03-cd16-4846-987f-db59d9a30d1a,0.8662798404693604,0.9999268504533363,K
108,69db3173-066a-47df-b2da-5ac218206396,0.5508572459220886,0.9998319065181815,K
108,5575014b-45cd-4c58-b0c2-3b7083a91c17,0.6211016178131104,0.9999268503700091,K
109,17594637-b253-4fad-bda7-17964a587f02,0.5019570589065552,0.9999117616432328,K
109,647fa5c0-f54e-44df-a3f3-3bfd381e6c39,0.7719346284866333,0.9994454788315018,K
109,d93ef603-b5fc-498e-9b49-e8c792284401,0.5642350912094116,0.9994454788037395,K
109,6474054a-1f76-48de-98c6-f760945e079e,0.5483893156051636,0.9999117615321316,K
109,977b2dda-1f03-4187-a08e-0d77bda245fe,0.5202821493148804,0.9997436800777879,K
109,7f5a87c0-daf1-4ae1-8480-ae62287adcf1,0.5019570589065552,0.9999117614210302,K
109,75b390f5-6de9-455f-871c-408bd441ad42,0.7719346284866333,0.9994454786094028,K
109,68e9bf97-be90-4790-8146-c85d757fa9e8,0.5642350912094116,0.9994454785816405,K
109,98e848dc-b2d0-448f-a23a-f07aebfc436f,0.5483893156051636,0.9999117613654795,K
109,a5ea423f-c14b-4531-8fa3-155efd6fbcb5,0.5202821493148804,0.9997436798833934,K
109,377a0c03-cd16-4846-987f-db59d9a30d1a,0.5019570589065552,0.9999117612543783,K
109,61ea1804-f9b0-41c3-9803-1d5fd9fb383f,0.7719346284866333,0.9994454784428286,K
109,7a400ee4-e41b-4b71-a101-58f95a0afa72,0.5642350912094116,0.9995058376384589,K
109,69db3173-066a-47df-b2da-5ac218206396,0.5483893156051636,0.9999117611710523,K
109,187598fe-5b0f-41e6-b5e4-a2432cf529f5,0.5202821493148804,0.9998386152183696,K
110,647fa5c0-f54e-44df-a3f3-3bfd381e6c39,0.5056508183479309,0.9998976712081702,K
110,d93ef603-b5fc-498e-9b49-e8c792284401,0.8196889758110046,0.9998976711803953,K
110,6474054a-1f76-48de-98c6-f760945e079e,0.5557959079742432,0.9998976711248454,K
110,977b2dda-1f03-4187-a08e-0d77bda245fe,0.5543805956840515,0.9998976710692956,K
110,75b390f5-6de9-455f-871c-408bd441ad42,0.5056508183479309,0.9998976709859707,K
110,68e9bf97-be90-4790-8146-c85d757fa9e8,0.8196889758110046,0.9998976709581958,K
110,98e848dc-b2d0-448f-a23a-f07aebfc436f,0.5557959079742432,0.9998976709581958,K
110,a5ea423f-c14b-4531-8fa3-155efd6fbcb5,0.5543805956840515,0.999897670874871,K
110,61ea1804-f9b0-41c3-9803-1d5fd9fb383f,0.5056508183479309,0.9998976708193211,K
110,7a400ee4-e41b-4b71-a101-58f95a0afa72,0.8196889758110046,0.9998976707915462,K
110,69db3173-066a-47df-b2da-5ac218206396,0.5557959079742432,0.9998976707637712,K
110,187598fe-5b0f-41e6-b5e4-a2432cf529f5,0.5543805956840515,0.9998976707082214,K
111,54712973-88f8-4b55-ac3c-f310d4e84f9a,0.5915488004684448,0.9993354811127607,K
111,2abb50eb-8207-4f27-8894-940c4fb5ba0c,0.5915488004684448,0.9993354809184455,K
111,c47bb50c-bdfe-44ba-9585-db756efb1f92,0.5915488004684448,0.9993354807518895,K
111,cdab52b6-dbe8-4e8a-a8a4-174523e0da1d,0.5915488004684448,0.9993354805853336,K
111,98b3b619-8435-43e3-86b2-66ea005cdb1f,0.5915488004684448,0.999335480363259,K
111,715070c4-1aed-48b5-ae33-6a37d3b7d991,0.5915488004684448,0.9993354801967032,K
111,0c625430-83eb-4ad8-ba5b-75b84597bddc,0.5915488004684448,0.9993354800301473,K
111,cd48d940-0a76-402d-9dfc-ce7052b02b37,0.5915488004684448,0.9993354798635913,K
111,e990fe63-7a73-4102-838d-0b548fbd269c,0.5915488004684448,0.9993354796970354,K
111,17594637-b253-4fad-bda7-17964a587f02,0.5480883717536926,0.9998295603598194,K
111,6474054a-1f76-48de-98c6-f760945e079e,0.855555534362793,0.9999318915417086,K
111,191f5071-a27c-4b90-8eb9-42493218ea9a,0.5046283602714539,0.9997413337654361,K
111,977b2dda-1f03-4187-a08e-0d77bda245fe,0.504281222820282,0.9999318914861568,K
111,7f5a87c0-daf1-4ae1-8480-ae62287adcf1,0.5480883717536926,0.999829560137635,K
111,98e848dc-b2d0-448f-a23a-f07aebfc436f,0.855555534362793,0.9999318913750532,K
111,47b583fc-4e7d-4a83-87eb-289f261c119b,0.5046283602714539,0.9997413335988126,K
111,a5ea423f-c14b-4531-8fa3-155efd6fbcb5,0.504281222820282,0.9999318913195016,K
111,377a0c03-cd16-4846-987f-db59d9a30d1a,0.5480883717536926,0.9998295599709968,K
111,69db3173-066a-47df-b2da-5ac218206396,0.855555534362793,0.999931891208398,K
111,5575014b-45cd-4c58-b0c2-3b7083a91c17,0.5046283602714539,0.999741333432189,K
111,187598fe-5b0f-41e6-b5e4-a2432cf529f5,0.504281222820282,0.9999318911250703,K
111,28f42dd8-db9c-4980-986f-50e4ba2176bf,0.5480883717536926,0.9998295598043585,K
112,17594637-b253-4fad-bda7-17964a587f02,0.6255056262016296,0.9999185060430351,K
112,6474054a-1f76-48de-98c6-f760945e079e,0.5406999588012695,0.9999185059041575,K
112,191f5071-a27c-4b90-8eb9-42493218ea9a,0.8470198512077332,0.9999185059041575,K
112,977b2dda-1f03-4187-a08e-0d77bda245fe,0.5345472693443298,0.9999185058486065,K
112,7f5a87c0-daf1-4ae1-8480-ae62287adcf1,0.6255056262016296,0.9999185057930555,K
112,98e848dc-b2d0-448f-a23a-f07aebfc436f,0.5406999588012695,0.9999185057375045,K
112,47b583fc-4e7d-4a83-87eb-289f261c119b,0.8470198512077332,0.999918505709729,K
112,a5ea423f-c14b-4531-8fa3-155efd6fbcb5,0.5345472693443298,0.9999185056819535,K
112,377a0c03-cd16-4846-987f-db59d9a30d1a,0.6255056262016296,0.9999185056264024,K
112,69db3173-066a-47df-b2da-5ac218206396,0.5406999588012695,0.9999185055708514,K
112,5575014b-45cd-4c58-b0c2-3b7083a91c17,0.8470198512077332,0.9999185055430759,K
112,187598fe-5b0f-41e6-b5e4-a2432cf529f5,0.5345472693443298,0.9999185054875249,K
112,28f42dd8-db9c-4980-986f-50e4ba2176bf,0.6255056262016296,0.9999185054597494,K
113,6b2a63bc-2cd8-46e7-add6-190dbfc3c846,0.8292428851127625,0.9993249533354773,K
113,2fc9baef-078d-4884-8fd8-f8842241b5a6,0.8292428851127625,0.9993249531411642,K
113,5a217a1f-349b-4708-8bc7-184b8e4678df,0.8292428851127625,0.9994021250207373,K
114,ae28eb05-6ce6-437e-a288-28ff4b3874e5,0.5253481864929199,0.9993243651218793,K
114,09537d4e-e05f-42e1-a52d-78c649b6b505,0.5253481864929199,0.9993243649275663,K
114,3b5480b8-7edd-4147-9a51-10f576388432,0.5253481864929199,0.9993243647332531,K
114,a6bd7cd3-c58e-4cdb-be02-ecc21fc7245b,0.5253481864929199,0.999324364344627,K
114,bed86c39-42bd-4407-811e-887da686288e,0.5253481864929199,0.999324364178073,K
114,8fc8e182-c1e5-4786-9abc-2f95d7c25741,0.5253481864929199,0.9993243640115189,K
114,c78bb77c-3485-4297-95ef-51603398e382,0.5253481864929199,0.9993243638449648,K
114,08fbc225-9a4b-4e5e-bc5a-7df941768ffd,0.5253481864929199,0.9993243636506518,K
114,6474054a-1f76-48de-98c6-f760945e079e,0.5013392567634583,0.9998324625359687,K
114,977b2dda-1f03-4187-a08e-0d77bda245fe,0.8757643699645996,0.9998324624804223,K
114,98e848dc-b2d0-448f-a23a-f07aebfc436f,0.5013392567634583,0.9998324623693299,K
114,a5ea423f-c14b-4531-8fa3-155efd6fbcb5,0.8757643699645996,0.9998324622860105,K
114,69db3173-066a-47df-b2da-5ac218206396,0.5013392567634583,0.9998324621749181,K
114,187598fe-5b0f-41e6-b5e4-a2432cf529f5,0.8757643699645996,0.9998324621193718,K
114,d9546b12-eef0-4cd1-ac23-f74e7d952ffe,0.5013392567634583,0.9998324620082792,K
115,17594637-b253-4fad-bda7-17964a587f02,0.5904790759086609,0.9997343716465709,K
115,191f5071-a27c-4b90-8eb9-42493218ea9a,0.5300524234771729,0.9997343715077188,K
115,af366e3f-4fbe-4d62-94f4-27a28c0bdc7b,0.7352790832519531,0.9993943166391548,K
115,7f5a87c0-daf1-4ae1-8480-ae62287adcf1,0.5904790759086609,0.9997343714244077,K
115,47b583fc-4e7d-4a83-87eb-289f261c119b,0.5300524234771729,0.9997343713410964,K
115,d1e99a85-6e7c-4313-a14d-5766fe35109c,0.7392767071723938,0.9993212084277497,K
115,377a0c03-cd16-4846-987f-db59d9a30d1a,0.5904790759086609,0.9997343712577853,K
115,5575014b-45cd-4c58-b0c2-3b7083a91c17,0.5300524234771729,0.9997343711744741,K
115,c22f88bc-cd67-47d4-a85a-acc2707d11e7,0.735892117023468,0.9993943163060234,K
115,28f42dd8-db9c-4980-986f-50e4ba2176bf,0.5904790759086609,0.9997343710911629,K
115,4ab18331-04ea-44f3-b64d-4102a84824d8,0.5300524234771729,0.9998240939455069,K
116,17594637-b253-4fad-bda7-17964a587f02,0.8662798404693604,0.999904035327126,K
116,6474054a-1f76-48de-98c6-f760945e079e,0.5508572459220886,0.9998059372492788,K
116,191f5071-a27c-4b90-8eb9-42493218ea9a,0.6211016178131104,0.9999040351882504,K
116,af366e3f-4fbe-4d62-94f4-27a28c0bdc7b,0.5350132584571838,0.9999040351327003,K
116,7f5a87c0-daf1-4ae1-8480-ae62287adcf1,0.8662798404693604,0.9999040351049252,K
116,98e848dc-b2d0-448f-a23a-f07aebfc436f,0.5508572459220886,0.9998059370826444,K
116,47b583fc-4e7d-4a83-87eb-289f261c119b,0.6211016178131104,0.9999040349660496,K
116,377a0c03-cd16-4846-987f-db59d9a30d1a,0.8662798404693604,0.9999040347993989,K
116,69db3173-066a-47df-b2da-5ac218206396,0.5508572459220886,0.9998059367493758,K
116,5575014b-45cd-4c58-b0c2-3b7083a91c17,0.6211016178131104,0.9999040346882985,K
116,28f42dd8-db9c-4980-986f-50e4ba2176bf,0.8662798404693604,0.9999040346049731,K
116,d9546b12-eef0-4cd1-ac23-f74e7d952ffe,0.5508572459220886,0.9998059365549691,K
116,4ab18331-04ea-44f3-b64d-4102a84824d8,0.6211016178131104,0.9999040344938727,K
117,17594637-b253-4fad-bda7-17964a587f02,0.5019570589065552,0.9999086718373372,K
117,647fa5c0-f54e-44df-a3f3-3bfd381e6c39,0.7719346284866333,0.9993975952131102,K
117,d93ef603-b5fc-498e-9b49-e8c792284401,0.5642350912094116,0.9993975951853492,K
117,6474054a-1f76-48de-98c6-f760945e079e,0.5483893156051636,0.9999086717540115,K
117,977b2dda-1f03-4187-a08e-0d77bda245fe,0.5202821493148804,0.9997146230333108,K
117,7f5a87c0-daf1-4ae1-8480-ae62287adcf1,0.5019570589065552,0.9999086716429105,K
117,75b390f5-6de9-455f-871c-408bd441ad42,0.7719346284866333,0.9993975949910219,K
117,68e9bf97-be90-4790-8146-c85d757fa9e8,0.5642350912094116,0.9993975949632609,K
117,98e848dc-b2d0-448f-a23a-f07aebfc436f,0.5483893156051636,0.9999086715595848,K
117,a5ea423f-c14b-4531-8fa3-155efd6fbcb5,0.5202821493148804,0.9997146228666917,K
117,377a0c03-cd16-4846-987f-db59d9a30d1a,0.5019570589065552,0.9999086714484838,K
117,61ea1804-f9b0-41c3-9803-1d5fd9fb383f,0.7719346284866333,0.9993975948244556,K
117,7a400ee4-e41b-4b71-a101-58f95a0afa72,0.5642350912094116,0.9993975947966945,K
117,69db3173-066a-47df-b2da-5ac218206396,0.5483893156051636,0.9999086713929334,K
117,187598fe-5b0f-41e6-b5e4-a2432cf529f5,0.5202821493148804,0.9997146227000726,K
117,28f42dd8-db9c-4980-986f-50e4ba2176bf,0.5019570589065552,0.9999086712818325,K
117,67fbec7d-43c0-4922-95c4-a904b8ca097e,0.7719346284866333,0.9993975946301283,K
117,36518f70-7189-403c-9c46-ea3c9c43ecd3,0.5642350912094116,0.9994656697497251,K
117,d9546b12-eef0-4cd1-ac23-f74e7d952ffe,0.5483893156051636,0.9999086712262819,K
117,33c5c3cc-82ce-4752-9ff7-815492a5723b,0.5202821493148804,0.9998127115406736,K
118,647fa5c0-f54e-44df-a3f3-3bfd381e6c39,0.5056508183479309,0.9998928844039519,K
118,d93ef603-b5fc-498e-9b49-e8c792284401,0.8196889758110046,0.9998928843761771,K
118,6474054a-1f76-48de-98c6-f760945e079e,0.5557959079742432,0.9998928843206274,K
118,977b2dda-1f03-4187-a08e-0d77bda245fe,0.5543805956840515,0.999892884237303,K
118,75b390f5-6de9-455f-871c-408bd441ad42,0.5056508183479309,0.9998928841817534,K
118,68e9bf97-be90-4790-8146-c85d757fa9e8,0.8196889758110046,0.9998928841539786,K
118,98e848dc-b2d0-448f-a23a-f07aebfc436f,0.5557959079742432,0.9998928841262038,K
118,a5ea423f-c14b-4531-8fa3-155efd6fbcb5,0.5543805956840515,0.9998928840706542,K
118,61ea1804-f9b0-41c3-9803-1d5fd9fb383f,0.5056508183479309,0.9998928840151046,K
118,7a400ee4-e41b-4b71-a101-58f95a0afa72,0.8196889758110046,0.9998928839873298,K
118,69db3173-066a-47df-b2da-5ac218206396,0.5557959079742432,0.999892883959555,K
118,187598fe-5b0f-41e6-b5e4-a2432cf529f5,0.5543805956840515,0.9998928839040054,K
118,67fbec7d-43c0-4922-95c4-a904b8ca097e,0.5056508183479309,0.9998928838484558,K
118,36518f70-7189-403c-9c46-ea3c9c43ecd3,0.8196889758110046,0.999892883820681,K
118,d9546b12-eef0-4cd1-ac23-f74e7d952ffe,0.5557959079742432,0.9998928837929062,K
118,33c5c3cc-82ce-4752-9ff7-815492a5723b,0.5543805956840515,0.9998928837373565,K
119,54712973-88f8-4b55-ac3c-f310d4e84f9a,0.5915488004684448,0.9992774100828148,K
119,2abb50eb-8207-4f27-8894-940c4fb5ba0c,0.5915488004684448,0.9992774098607531,K
119,c47bb50c-bdfe-44ba-9585-db756efb1f92,0.5915488004684448,0.9992774096664492,K
119,cdab52b6-dbe8-4e8a-a8a4-174523e0da1d,0.5915488004684448,0.9992774094721452,K
119,98b3b619-8435-43e3-86b2-66ea005cdb1f,0.5915488004684448,0.9992774092778413,K
119,715070c4-1aed-48b5-ae33-6a37d3b7d991,0.5915488004684448,0.999277409111295,K
119,0c625430-83eb-4ad8-ba5b-75b84597bddc,0.5915488004684448,0.9992774089169911,K
119,cd48d940-0a76-402d-9dfc-ce7052b02b37,0.5915488004684448,0.9992774087504449,K
119,e990fe63-7a73-4102-838d-0b548fbd269c,0.5915488004684448,0.9992774085561409,K
119,17594637-b253-4fad-bda7-17964a587f02,0.5480883717536926,0.9998116406862879,K
119,6474054a-1f76-48de-98c6-f760945e079e,0.855555534362793,0.999918750745344,K
119,191f5071-a27c-4b90-8eb9-42493218ea9a,0.5046283602714539,0.9997203263381941,K
119,977b2dda-1f03-4187-a08e-0d77bda245fe,0.504281222820282,0.9999187506620174,K
119,7f5a87c0-daf1-4ae1-8480-ae62287adcf1,0.5480883717536926,0.999811640436335,K
119,98e848dc-b2d0-448f-a23a-f07aebfc436f,0.855555534362793,0.9999187502731601,K
119,47b583fc-4e7d-4a83-87eb-289f261c119b,0.5046283602714539,0.9997203258661039,K
119,a5ea423f-c14b-4531-8fa3-155efd6fbcb5,0.504281222820282,0.9999187501898336,K
119,377a0c03-cd16-4846-987f-db59d9a30d1a,0.5480883717536926,0.9998116399919743,K
119,69db3173-066a-47df-b2da-5ac218206396,0.855555534362793,0.999918750106507,K
119,5575014b-45cd-4c58-b0c2-3b7083a91c17,0.5046283602714539,0.9997203256994839,K
119,187598fe-5b0f-41e6-b5e4-a2432cf529f5,0.504281222820282,0.9999187500509559,K
119,28f42dd8-db9c-4980-986f-50e4ba2176bf,0.5480883717536926,0.9998116398253389,K
119,d9546b12-eef0-4cd1-ac23-f74e7d952ffe,0.855555534362793,0.9999187498287517,K
119,4ab18331-04ea-44f3-b64d-4102a84824d8,0.5046283602714539,0.9997203253940138,K
119,33c5c3cc-82ce-4752-9ff7-815492a5723b,0.504281222820282,0.9999187497176497,K
119,4de9bced-6dc9-4e2e-93ca-cfd9332dbaad,0.5480883717536926,0.999811639519841,K
120,17594637-b253-4fad-bda7-17964a587f02,0.6255056262016296,0.999912988841246,K
120,6474054a-1f76-48de-98c6-f760945e079e,0.5406999588012695,0.9999129887301446,K
120,191f5071-a27c-4b90-8eb9-42493218ea9a,0.8470198512077332,0.9999129887023692,K
120,977b2dda-1f03-4187-a08e-0d77bda245fe,0.5345472693443298,0.9999129886745939,K
120,7f5a87c0-daf1-4ae1-8480-ae62287adcf1,0.6255056262016296,0.9999129886190431,K
120,98e848dc-b2d0-448f-a23a-f07aebfc436f,0.5406999588012695,0.9999129885634924,K
120,47b583fc-4e7d-4a83-87eb-289f261c119b,0.8470198512077332,0.9999129885357171,K
120,a5ea423f-c14b-4531-8fa3-155efd6fbcb5,0.5345472693443298,0.9999129884801663,K
120,377a0c03-cd16-4846-987f-db59d9a30d1a,0.6255056262016296,0.999912988452391,K
120,69db3173-066a-47df-b2da-5ac218206396,0.5406999588012695,0.9999129883968403,K
120,5575014b-45cd-4c58-b0c2-3b7083a91c17,0.8470198512077332,0.999912988369065,K
120,187598fe-5b0f-41e6-b5e4-a2432cf529f5,0.5345472693443298,0.9999129883135142,K
120,28f42dd8-db9c-4980-986f-50e4ba2176bf,0.6255056262016296,0.9999129882857388,K
120,d9546b12-eef0-4cd1-ac23-f74e7d952ffe,0.5406999588012695,0.999912988230188,K
120,4ab18331-04ea-44f3-b64d-4102a84824d8,0.8470198512077332,0.9999129882024127,K
120,33c5c3cc-82ce-4752-9ff7-815492a5723b,0.5345472693443298,0.999912988146862,K
120,4de9bced-6dc9-4e2e-93ca-cfd9332dbaad,0.6255056262016296,0.9999129881190867,K
121,6b2a63bc-2cd8-46e7-add6-190dbfc3c846,0.8292428851127625,0.9992649081735855,K
121,2fc9baef-078d-4884-8fd8-f8842241b5a6,0.8292428851127625,0.9992649080070414,K
121,5a217a1f-349b-4708-8bc7-184b8e4678df,0.8292428851127625,0.9992649078404973,K
121,7d3891ec-d177-427b-9824-a56a1b162d36,0.8292428851127625,0.9993426653613582,K
122,e81ce962-fb3f-4b7c-8a5c-22696ab7cb7c,0.5750882029533386,0.9961933363947263,K
122,9def4543-7de4-4401-ad80-50743e094966,0.5540775656700134,0.9968713188055404,K
123,17594637-b253-4fad-bda7-17964a587f02,0.5904790759086609,0.999771541184024,K
123,191f5071-a27c-4b90-8eb9-42493218ea9a,0.5300524234771729,0.9997715410729383,K
123,af366e3f-4fbe-4d62-94f4-27a28c0bdc7b,0.7352790832519531,0.9994049564697742,K
123,7f5a87c0-daf1-4ae1-8480-ae62287adcf1,0.5904790759086609,0.9997715409618525,K
123,47b583fc-4e7d-4a83-87eb-289f261c119b,0.5300524234771729,0.9997715408785383,K
123,d1e99a85-6e7c-4313-a14d-5766fe35109c,0.7392767071723938,0.9993090450138562,K
123,377a0c03-cd16-4846-987f-db59d9a30d1a,0.5904790759086609,0.9997715407952239,K
123,5575014b-45cd-4c58-b0c2-3b7083a91c17,0.5300524234771729,0.9997715407119097,K
123,c22f88bc-cd67-47d4-a85a-acc2707d11e7,0.735892117023468,0.9993090448473047,K
123,28f42dd8-db9c-4980-986f-50e4ba2176bf,0.5904790759086609,0.9997715406285954,K
123,4ab18331-04ea-44f3-b64d-4102a84824d8,0.5300524234771729,0.9997715405175096,K
123,9d3c1f32-6db3-400b-b249-ce5dc4c5577d,0.7339600920677185,0.9994049559423105,K
123,4de9bced-6dc9-4e2e-93ca-cfd9332dbaad,0.5904790759086609,0.9997715404341954,K
123,3d8f9ff8-45c2-4d89-9048-7b029a926122,0.5300524234771729,0.9998682557345936,K
124,17594637-b253-4fad-bda7-17964a587f02,0.8662798404693604,0.9999008368892085,K
124,6474054a-1f76-48de-98c6-f760945e079e,0.5508572459220886,0.9996723971179913,K
124,191f5071-a27c-4b90-8eb9-42493218ea9a,0.6211016178131104,0.9999008367503335,K
124,af366e3f-4fbe-4d62-94f4-27a28c0bdc7b,0.5350132584571838,0.9999008366670084,K
124,7f5a87c0-daf1-4ae1-8480-ae62287adcf1,0.8662798404693604,0.9999008366670084,K
124,98e848dc-b2d0-448f-a23a-f07aebfc436f,0.5508572459220886,0.9996723969236105,K
124,47b583fc-4e7d-4a83-87eb-289f261c119b,0.6211016178131104,0.9999008365559082,K
124,377a0c03-cd16-4846-987f-db59d9a30d1a,0.8662798404693604,0.9999008364725832,K
124,69db3173-066a-47df-b2da-5ac218206396,0.5508572459220886,0.9996723967569985,K
124,5575014b-45cd-4c58-b0c2-3b7083a91c17,0.6211016178131104,0.9999008363892581,K
124,28f42dd8-db9c-4980-986f-50e4ba2176bf,0.8662798404693604,0.9999008363059331,K
124,d9546b12-eef0-4cd1-ac23-f74e7d952ffe,0.5508572459220886,0.9996723965903864,K
124,4ab18331-04ea-44f3-b64d-4102a84824d8,0.6211016178131104,0.999900836222608,K
124,4de9bced-6dc9-4e2e-93ca-cfd9332dbaad,0.8662798404693604,0.9999008361392829,K
124,b7d5fd03-d021-45a8-8991-f59883e8bce8,0.5508572459220886,0.9996723964237744,K
124,3d8f9ff8-45c2-4d89-9048-7b029a926122,0.6211016178131104,0.9999008360559578,K
125,17594637-b253-4fad-bda7-17964a587f02,0.5019570589065552,0.9999044572311677,K
125,647fa5c0-f54e-44df-a3f3-3bfd381e6c39,0.7719346284866333,0.9994086919193474,K
125,d93ef603-b5fc-498e-9b49-e8c792284401,0.5642350912094116,0.9994086918915861,K
125,6474054a-1f76-48de-98c6-f760945e079e,0.5483893156051636,0.9999044571200673,K
125,977b2dda-1f03-4187-a08e-0d77bda245fe,0.5202821493148804,0.9995768817620021,K
125,7f5a87c0-daf1-4ae1-8480-ae62287adcf1,0.5019570589065552,0.9999044570089668,K
125,75b390f5-6de9-455f-871c-408bd441ad42,0.7719346284866333,0.9994086916972567,K
125,68e9bf97-be90-4790-8146-c85d757fa9e8,0.5642350912094116,0.9994086916972567,K
125,98e848dc-b2d0-448f-a23a-f07aebfc436f,0.5483893156051636,0.9999044569534165,K
125,a5ea423f-c14b-4531-8fa3-155efd6fbcb5,0.5202821493148804,0.9995768815954059,K
125,377a0c03-cd16-4846-987f-db59d9a30d1a,0.5019570589065552,0.999904456842316,K
125,61ea1804-f9b0-41c3-9803-1d5fd9fb383f,0.7719346284866333,0.9994086915306886,K
125,7a400ee4-e41b-4b71-a101-58f95a0afa72,0.5642350912094116,0.9994086915306886,K
125,69db3173-066a-47df-b2da-5ac218206396,0.5483893156051636,0.9999044567867658,K
125,187598fe-5b0f-41e6-b5e4-a2432cf529f5,0.5202821493148804,0.9995768814288097,K
125,28f42dd8-db9c-4980-986f-50e4ba2176bf,0.5019570589065552,0.9999044566756653,K
125,67fbec7d-43c0-4922-95c4-a904b8ca097e,0.7719346284866333,0.9994086913641205,K
125,36518f70-7189-403c-9c46-ea3c9c43ecd3,0.5642350912094116,0.9994086913641205,K
125,d9546b12-eef0-4cd1-ac23-f74e7d952ffe,0.5483893156051636,0.9999044566201151,K
125,33c5c3cc-82ce-4752-9ff7-815492a5723b,0.5202821493148804,0.9995768812622136,K
125,4de9bced-6dc9-4e2e-93ca-cfd9332dbaad,0.5019570589065552,0.9999044565090145,K
125,4ad34bc4-5234-4c7e-8747-502458cca7e4,0.7719346284866333,0.9994086912253137,K
125,154c3a94-1a88-4d22-b025-fc6d0a4a02a0,0.5642350912094116,0.9994899034490602,K
125,b7d5fd03-d021-45a8-8991-f59883e8bce8,0.5483893156051636,0.9999044564534643,K
125,b191a84a-4d8c-4f6d-b537-3c341f36826d,0.508114218711853,0.9998052989289364,K
126,647fa5c0-f54e-44df-a3f3-3bfd381e6c39,0.5056508183479309,0.9998853008840022,K
126,d93ef603-b5fc-498e-9b49-e8c792284401,0.8196889758110046,0.9998853008562276,K
126,6474054a-1f76-48de-98c6-f760945e079e,0.5557959079742432,0.9998853008006784,K
126,977b2dda-1f03-4187-a08e-0d77bda245fe,0.5543805956840515,0.9998853007451293,K
126,75b390f5-6de9-455f-871c-408bd441ad42,0.5056508183479309,0.99988530068958,K
126,68e9bf97-be90-4790-8146-c85d757fa9e8,0.8196889758110046,0.9998853006618055,K
126,98e848dc-b2d0-448f-a23a-f07aebfc436f,0.5557959079742432,0.9998853006340309,K
126,a5ea423f-c14b-4531-8fa3-155efd6fbcb5,0.5543805956840515,0.9998853005784817,K
126,61ea1804-f9b0-41c3-9803-1d5fd9fb383f,0.5056508183479309,0.9998853004951579,K
126,7a400ee4-e41b-4b71-a101-58f95a0afa72,0.8196889758110046,0.9998853004673833,K
126,69db3173-066a-47df-b2da-5ac218206396,0.5557959079742432,0.9998853004673833,K
126,187598fe-5b0f-41e6-b5e4-a2432cf529f5,0.5543805956840515,0.9998853003840595,K
126,67fbec7d-43c0-4922-95c4-a904b8ca097e,0.5056508183479309,0.9998853003285103,K
126,36518f70-7189-403c-9c46-ea3c9c43ecd3,0.8196889758110046,0.9998853003007357,K
126,d9546b12-eef0-4cd1-ac23-f74e7d952ffe,0.5557959079742432,0.9998853002729612,K
126,33c5c3cc-82ce-4752-9ff7-815492a5723b,0.5543805956840515,0.999885300217412,K
126,4ad34bc4-5234-4c7e-8747-502458cca7e4,0.5056508183479309,0.9998853001340883,K
126,154c3a94-1a88-4d22-b025-fc6d0a4a02a0,0.8196889758110046,0.9998853001340883,K
126,b7d5fd03-d021-45a8-8991-f59883e8bce8,0.5557959079742432,0.9998853001063136,K
127,54712973-88f8-4b55-ac3c-f310d4e84f9a,0.5915488004684448,0.9992992306536095,K
127,2abb50eb-8207-4f27-8894-940c4fb5ba0c,0.5915488004684448,0.9992992304593012,K
127,c47bb50c-bdfe-44ba-9585-db756efb1f92,0.5915488004684448,0.9992992302649931,K
127,cdab52b6-dbe8-4e8a-a8a4-174523e0da1d,0.5915488004684448,0.9992992300984432,K
127,98b3b619-8435-43e3-86b2-66ea005cdb1f,0.5915488004684448,0.9992992298763768,K
127,715070c4-1aed-48b5-ae33-6a37d3b7d991,0.5915488004684448,0.9992992296820685,K
127,0c625430-83eb-4ad8-ba5b-75b84597bddc,0.5915488004684448,0.9992992295155186,K
127,cd48d940-0a76-402d-9dfc-ce7052b02b37,0.5915488004684448,0.9992992293212105,K
127,e990fe63-7a73-4102-838d-0b548fbd269c,0.5915488004684448,0.9992992291269023,K
127,17594637-b253-4fad-bda7-17964a587f02,0.5480883717536926,0.9998092310875923,K
127,6474054a-1f76-48de-98c6-f760945e079e,0.855555534362793,0.9999239249771846,K
127,191f5071-a27c-4b90-8eb9-42493218ea9a,0.5046283602714539,0.9997137027964238,K
127,977b2dda-1f03-4187-a08e-0d77bda245fe,0.504281222820282,0.9999239248938576,K
127,7f5a87c0-daf1-4ae1-8480-ae62287adcf1,0.5480883717536926,0.9998092308654125,K
127,98e848dc-b2d0-448f-a23a-f07aebfc436f,0.855555534362793,0.999923924782755,K
127,47b583fc-4e7d-4a83-87eb-289f261c119b,0.5046283602714539,0.9997137026020351,K
127,a5ea423f-c14b-4531-8fa3-155efd6fbcb5,0.504281222820282,0.9999239247272037,K
127,377a0c03-cd16-4846-987f-db59d9a30d1a,0.5480883717536926,0.9998092306987777,K
127,69db3173-066a-47df-b2da-5ac218206396,0.855555534362793,0.999923924616101,K
127,5575014b-45cd-4c58-b0c2-3b7083a91c17,0.5046283602714539,0.9997137024354161,K
127,187598fe-5b0f-41e6-b5e4-a2432cf529f5,0.504281222820282,0.999923924532774,K
127,28f42dd8-db9c-4980-986f-50e4ba2176bf,0.5480883717536926,0.9998092305321428,K
127,d9546b12-eef0-4cd1-ac23-f74e7d952ffe,0.855555534362793,0.9999239244216713,K
127,4ab18331-04ea-44f3-b64d-4102a84824d8,0.5046283602714539,0.9997137022410273,K
127,33c5c3cc-82ce-4752-9ff7-815492a5723b,0.504281222820282,0.99992392436612,K
127,4de9bced-6dc9-4e2e-93ca-cfd9332dbaad,0.5480883717536926,0.9998092303377355,K
127,b7d5fd03-d021-45a8-8991-f59883e8bce8,0.855555534362793,0.9999239242550174,K
127,3d8f9ff8-45c2-4d89-9048-7b029a926122,0.5046283602714539,0.9997137020744084,K
127,b191a84a-4d8c-4f6d-b537-3c341f36826d,0.5255602598190308,0.9998092301988731,K
127,47ded868-11a4-4fc0-ba79-900141159208,0.5480883717536926,0.9998092301711006,K
128,17594637-b253-4fad-bda7-17964a587f02,0.6255056262016296,0.9999074303681661,K
128,6474054a-1f76-48de-98c6-f760945e079e,0.5406999588012695,0.9999074302570653,K
128,191f5071-a27c-4b90-8eb9-42493218ea9a,0.8470198512077332,0.9999074302292901,K
128,977b2dda-1f03-4187-a08e-0d77bda245fe,0.5345472693443298,0.9999074302015148,K
128,7f5a87c0-daf1-4ae1-8480-ae62287adcf1,0.6255056262016296,0.9999074301459645,K
128,98e848dc-b2d0-448f-a23a-f07aebfc436f,0.5406999588012695,0.999907430090414,K
128,47b583fc-4e7d-4a83-87eb-289f261c119b,0.8470198512077332,0.9999074300626388,K
128,a5ea423f-c14b-4531-8fa3-155efd6fbcb5,0.5345472693443298,0.9999074300070885,K
128,377a0c03-cd16-4846-987f-db59d9a30d1a,0.6255056262016296,0.9999074299793133,K
128,69db3173-066a-47df-b2da-5ac218206396,0.5406999588012695,0.9999074298959876,K
128,5575014b-45cd-4c58-b0c2-3b7083a91c17,0.8470198512077332,0.9999074298959876,K
128,187598fe-5b0f-41e6-b5e4-a2432cf529f5,0.5345472693443298,0.9999074298404372,K
128,28f42dd8-db9c-4980-986f-50e4ba2176bf,0.6255056262016296,0.999907429812662,K
128,d9546b12-eef0-4cd1-ac23-f74e7d952ffe,0.5406999588012695,0.9999074297293364,K
128,4ab18331-04ea-44f3-b64d-4102a84824d8,0.8470198512077332,0.9999074297293364,K
128,33c5c3cc-82ce-4752-9ff7-815492a5723b,0.5345472693443298,0.999907429673786,K
128,4de9bced-6dc9-4e2e-93ca-cfd9332dbaad,0.6255056262016296,0.9999074296182355,K
128,b7d5fd03-d021-45a8-8991-f59883e8bce8,0.5406999588012695,0.9999074295626852,K
128,3d8f9ff8-45c2-4d89-9048-7b029a926122,0.8470198512077332,0.99990742953491,K
128,47ded868-11a4-4fc0-ba79-900141159208,0.6255056262016296,0.9999074294515843,K
129,6b2a63bc-2cd8-46e7-add6-190dbfc3c846,0.8292428851127625,0.9992906026025083,K
129,2fc9baef-078d-4884-8fd8-f8842241b5a6,0.8292428851127625,0.99929060243596,K
129,5a217a1f-349b-4708-8bc7-184b8e4678df,0.8292428851127625,0.9992906022694116,K
129,7d3891ec-d177-427b-9824-a56a1b162d36,0.8292428851127625,0.9992906021028631,K
129,ea5fd6bf-0874-4283-934e-00dfff50a44c,0.8292428851127625,0.9993704355922206,K
130,ae28eb05-6ce6-437e-a288-28ff4b3874e5,0.5253481864929199,0.9985534941162779,K
130,09537d4e-e05f-42e1-a52d-78c649b6b505,0.5253481864929199,0.9985534938943771,K
130,3b5480b8-7edd-4147-9a51-10f576388432,0.5253481864929199,0.9985534937279515,K
130,a6bd7cd3-c58e-4cdb-be02-ecc21fc7245b,0.5253481864929199,0.9985534933396252,K
130,bed86c39-42bd-4407-811e-887da686288e,0.5253481864929199,0.998553493145462,K
130,8fc8e182-c1e5-4786-9abc-2f95d7c25741,0.5253481864929199,0.9985534929790364,K
130,c78bb77c-3485-4297-95ef-51603398e382,0.5253481864929199,0.9985534927848733,K
130,08fbc225-9a4b-4e5e-bc5a-7df941768ffd,0.5253481864929199,0.9985534926184477,K
130,6474054a-1f76-48de-98c6-f760945e079e,0.5013392567634583,0.9998198623656213,K
130,977b2dda-1f03-4187-a08e-0d77bda245fe,0.8757643699645996,0.9998198623100757,K
130,98e848dc-b2d0-448f-a23a-f07aebfc436f,0.5013392567634583,0.9998198621989847,K
130,a5ea423f-c14b-4531-8fa3-155efd6fbcb5,0.8757643699645996,0.9998198621156663,K
130,69db3173-066a-47df-b2da-5ac218206396,0.5013392567634583,0.9998198620045752,K
130,187598fe-5b0f-41e6-b5e4-a2432cf529f5,0.8757643699645996,0.9998198619490297,K
130,d9546b12-eef0-4cd1-ac23-f74e7d952ffe,0.5013392567634583,0.9998198618379386,K
130,33c5c3cc-82ce-4752-9ff7-815492a5723b,0.8757643699645996,0.999819861782393,K
130,b7d5fd03-d021-45a8-8991-f59883e8bce8,0.5013392567634583,0.9998198616713019,K
130,484d5557-5fe3-46aa-827e-baac4fe68240,0.5013392567634583,0.9998198614768925,K
131,17594637-b253-4fad-bda7-17964a587f02,0.5904790759086609,0.9997182252337462,K
131,191f5071-a27c-4b90-8eb9-42493218ea9a,0.5300524234771729,0.9997182250948964,K
131,af366e3f-4fbe-4d62-94f4-27a28c0bdc7b,0.7352790832519531,0.9993394836259338,K
131,7f5a87c0-daf1-4ae1-8480-ae62287adcf1,0.5904790759086609,0.9997182250115866,K
131,47b583fc-4e7d-4a83-87eb-289f261c119b,0.5300524234771729,0.9997182249282767,K
131,d1e99a85-6e7c-4313-a14d-5766fe35109c,0.7392767071723938,0.9992403820170392,K
131,377a0c03-cd16-4846-987f-db59d9a30d1a,0.5904790759086609,0.9997182248449669,K
131,5575014b-45cd-4c58-b0c2-3b7083a91c17,0.5300524234771729,0.999718224761657,K
131,c22f88bc-cd67-47d4-a85a-acc2707d11e7,0.735892117023468,0.9992403818504991,K
131,28f42dd8-db9c-4980-986f-50e4ba2176bf,0.5904790759086609,0.9997182246783471,K
131,4ab18331-04ea-44f3-b64d-4102a84824d8,0.5300524234771729,0.9997182245950373,K
131,9d3c1f32-6db3-400b-b249-ce5dc4c5577d,0.7339600920677185,0.9992403816562024,K
131,4de9bced-6dc9-4e2e-93ca-cfd9332dbaad,0.5904790759086609,0.9997182245117274,K
131,3d8f9ff8-45c2-4d89-9048-7b029a926122,0.5300524234771729,0.9997182244284176,K
131,4ce41372-cb02-48cc-bb0e-6571e7b03ada,0.7339600920677185,0.9993394829319481,K
131,47ded868-11a4-4fc0-ba79-900141159208,0.5904790759086609,0.9997182243451077,K
131,4f420403-b61f-46c1-82f0-88d17cd96b2e,0.5300524234771729,0.9998180062017697,K
132,17594637-b253-4fad-bda7-17964a587f02,0.8662798404693604,0.9999058782352868,K
132,6474054a-1f76-48de-98c6-f760945e079e,0.5508572459220886,0.9998042321372516,K
132,191f5071-a27c-4b90-8eb9-42493218ea9a,0.6211016178131104,0.9999058781241862,K
132,af366e3f-4fbe-4d62-94f4-27a28c0bdc7b,0.5350132584571838,0.9999058780408606,K
132,7f5a87c0-daf1-4ae1-8480-ae62287adcf1,0.8662798404693604,0.9999058780408606,K
132,98e848dc-b2d0-448f-a23a-f07aebfc436f,0.5508572459220886,0.9998042319706175,K
132,47b583fc-4e7d-4a83-87eb-289f261c119b,0.6211016178131104,0.99990587792976,K
132,377a0c03-cd16-4846-987f-db59d9a30d1a,0.8662798404693604,0.9999058778464345,K
132,69db3173-066a-47df-b2da-5ac218206396,0.5508572459220886,0.9998042318039835,K
132,5575014b-45cd-4c58-b0c2-3b7083a91c17,0.6211016178131104,0.999905877763109,K
132,28f42dd8-db9c-4980-986f-50e4ba2176bf,0.8662798404693604,0.9999058776797836,K
132,d9546b12-eef0-4cd1-ac23-f74e7d952ffe,0.5508572459220886,0.9998042316373494,K
132,4ab18331-04ea-44f3-b64d-4102a84824d8,0.6211016178131104,0.9999058775964581,K
132,4de9bced-6dc9-4e2e-93ca-cfd9332dbaad,0.8662798404693604,0.9999058775131325,K
132,b7d5fd03-d021-45a8-8991-f59883e8bce8,0.5508572459220886,0.9998042314707154,K
132,3d8f9ff8-45c2-4d89-9048-7b029a926122,0.6211016178131104,0.9999058774298071,K
132,47ded868-11a4-4fc0-ba79-900141159208,0.8662798404693604,0.9999058773464816,K
132,484d5557-5fe3-46aa-827e-baac4fe68240,0.5508572459220886,0.999804231276309,K
132,4f420403-b61f-46c1-82f0-88d17cd96b2e,0.6211016178131104,0.999905877263156,K
133,17594637-b253-4fad-bda7-17964a587f02,0.5019570589065552,0.9999007402876824,K
133,647fa5c0-f54e-44df-a3f3-3bfd381e6c39,0.7719346284866333,0.9993563344638178,K
133,d93ef603-b5fc-498e-9b49-e8c792284401,0.5642350912094116,0.9993563344638178,K
133,6474054a-1f76-48de-98c6-f760945e079e,0.5483893156051636,0.9999007402043573,K
133,977b2dda-1f03-4187-a08e-0d77bda245fe,0.5202821493148804,0.9997049880245932,K
133,7f5a87c0-daf1-4ae1-8480-ae62287adcf1,0.5019570589065552,0.9999007400932572,K
133,75b390f5-6de9-455f-871c-408bd441ad42,0.7719346284866333,0.9993563342694984,K
133,68e9bf97-be90-4790-8146-c85d757fa9e8,0.5642350912094116,0.9993563342417385,K
133,98e848dc-b2d0-448f-a23a-f07aebfc436f,0.5483893156051636,0.9999007400099321,K
133,a5ea423f-c14b-4531-8fa3-155efd6fbcb5,0.5202821493148804,0.9997049878579757,K
133,377a0c03-cd16-4846-987f-db59d9a30d1a,0.5019570589065552,0.9999007399266071,K
133,61ea1804-f9b0-41c3-9803-1d5fd9fb383f,0.7719346284866333,0.9993563341029391,K
133,7a400ee4-e41b-4b71-a101-58f95a0afa72,0.5642350912094116,0.9993563340751792,K
133,69db3173-066a-47df-b2da-5ac218206396,0.5483893156051636,0.999900739843282,K
133,187598fe-5b0f-41e6-b5e4-a2432cf529f5,0.5202821493148804,0.9997049876913582,K
133,28f42dd8-db9c-4980-986f-50e4ba2176bf,0.5019570589065552,0.999900739732182,K
133,67fbec7d-43c0-4922-95c4-a904b8ca097e,0.7719346284866333,0.9993563339086198,K
133,36518f70-7189-403c-9c46-ea3c9c43ecd3,0.5642350912094116,0.9993563339086198,K
133,d9546b12-eef0-4cd1-ac23-f74e7d952ffe,0.5483893156051636,0.999900739676632,K
133,33c5c3cc-82ce-4752-9ff7-815492a5723b,0.5202821493148804,0.9997049875247407,K
133,4de9bced-6dc9-4e2e-93ca-cfd9332dbaad,0.5019570589065552,0.9999007395655318,K
133,4ad34bc4-5234-4c7e-8747-502458cca7e4,0.7719346284866333,0.9993563337420603,K
133,154c3a94-1a88-4d22-b025-fc6d0a4a02a0,0.5642350912094116,0.9993563337420603,K
133,b7d5fd03-d021-45a8-8991-f59883e8bce8,0.5483893156051636,0.9999007395099818,K
133,b191a84a-4d8c-4f6d-b537-3c341f36826d,0.508114218711853,0.9994323696075659,K
133,47ded868-11a4-4fc0-ba79-900141159208,0.5019570589065552,0.9999007393988817,K
133,5d4519fd-60e9-40fd-8ed1-98d4c27bb5a1,0.7719346284866333,0.999356333575501,K
133,9a7d4baa-c077-4dfa-aee9-356aa5ce3a93,0.5642350912094116,0.9994323695242799,K
133,484d5557-5fe3-46aa-827e-baac4fe68240,0.5483893156051636,0.9999007393433317,K
133,636d6a36-33b2-4c8f-be84-60ec0fc2c1cd,0.5202821493148804,0.9998066230608422,K
134,647fa5c0-f54e-44df-a3f3-3bfd381e6c39,0.5056508183479309,0.9998796877103263,K
134,d93ef603-b5fc-498e-9b49-e8c792284401,0.8196889758110046,0.9998796876825519,K
134,6474054a-1f76-48de-98c6-f760945e079e,0.5557959079742432,0.999879687627003,K
134,977b2dda-1f03-4187-a08e-0d77bda245fe,0.5543805956840515,0.9998796875436797,K
134,75b390f5-6de9-455f-871c-408bd441ad42,0.5056508183479309,0.9998796874881308,K
134,68e9bf97-be90-4790-8146-c85d757fa9e8,0.8196889758110046,0.9998796874603564,K
134,98e848dc-b2d0-448f-a23a-f07aebfc436f,0.5557959079742432,0.9998796874603564,K
134,a5ea423f-c14b-4531-8fa3-155efd6fbcb5,0.5543805956840515,0.999879687377033,K
134,61ea1804-f9b0-41c3-9803-1d5fd9fb383f,0.5056508183479309,0.9998796873214842,K
134,7a400ee4-e41b-4b71-a101-58f95a0afa72,0.8196889758110046,0.9998796872937098,K
134,69db3173-066a-47df-b2da-5ac218206396,0.5557959079742432,0.9998796872659353,K
134,187598fe-5b0f-41e6-b5e4-a2432cf529f5,0.5543805956840515,0.9998796872103864,K
134,67fbec7d-43c0-4922-95c4-a904b8ca097e,0.5056508183479309,0.9998796871548375,K
134,36518f70-7189-403c-9c46-ea3c9c43ecd3,0.8196889758110046,0.9998796871270632,K
134,d9546b12-eef0-4cd1-ac23-f74e7d952ffe,0.5557959079742432,0.9998796870992888,K
134,33c5c3cc-82ce-4752-9ff7-815492a5723b,0.5543805956840515,0.9998796870437399,K
134,4ad34bc4-5234-4c7e-8747-502458cca7e4,0.5056508183479309,0.999879686988191,K
134,154c3a94-1a88-4d22-b025-fc6d0a4a02a0,0.8196889758110046,0.9998796869604165,K
134,b7d5fd03-d021-45a8-8991-f59883e8bce8,0.5557959079742432,0.9998796869326421,K
134,5d4519fd-60e9-40fd-8ed1-98d4c27bb5a1,0.5056508183479309,0.9998796867937699,K
134,9a7d4baa-c077-4dfa-aee9-356aa5ce3a93,0.8196889758110046,0.9998796867937699,K
134,484d5557-5fe3-46aa-827e-baac4fe68240,0.5557959079742432,0.9998796867659955,K
134,636d6a36-33b2-4c8f-be84-60ec0fc2c1cd,0.5543805956840515,0.9998796867104466,K
135,54712973-88f8-4b55-ac3c-f310d4e84f9a,0.5915488004684448,0.9992209772348055,K
135,2abb50eb-8207-4f27-8894-940c4fb5ba0c,0.5915488004684448,0.9992209770682687,K
135,c47bb50c-bdfe-44ba-9585-db756efb1f92,0.5915488004684448,0.9992209768739758,K
135,cdab52b6-dbe8-4e8a-a8a4-174523e0da1d,0.5915488004684448,0.9992209766796828,K
135,98b3b619-8435-43e3-86b2-66ea005cdb1f,0.5915488004684448,0.9992209764853899,K
135,715070c4-1aed-48b5-ae33-6a37d3b7d991,0.5915488004684448,0.9992209762910969,K
135,0c625430-83eb-4ad8-ba5b-75b84597bddc,0.5915488004684448,0.9992209761245601,K
135,cd48d940-0a76-402d-9dfc-ce7052b02b37,0.5915488004684448,0.999220975930267,K
135,e990fe63-7a73-4102-838d-0b548fbd269c,0.5915488004684448,0.9992209757359741,K
135,17594637-b253-4fad-bda7-17964a587f02,0.5480883717536926,0.9997884891215805,K
135,6474054a-1f76-48de-98c6-f760945e079e,0.855555534362793,0.9999087942706065,K
135,191f5071-a27c-4b90-8eb9-42493218ea9a,0.5046283602714539,0.9996892461828616,K
135,977b2dda-1f03-4187-a08e-0d77bda245fe,0.504281222820282,0.9999087942150561,K
135,7f5a87c0-daf1-4ae1-8480-ae62287adcf1,0.5480883717536926,0.9997884888716333,K
135,98e848dc-b2d0-448f-a23a-f07aebfc436f,0.855555534362793,0.9999087941039551,K
135,47b583fc-4e7d-4a83-87eb-289f261c119b,0.5046283602714539,0.9996892460162468,K
135,a5ea423f-c14b-4531-8fa3-155efd6fbcb5,0.504281222820282,0.9999087940206294,K
135,377a0c03-cd16-4846-987f-db59d9a30d1a,0.5480883717536926,0.9997884887050019,K
135,69db3173-066a-47df-b2da-5ac218206396,0.855555534362793,0.9999087939095284,K
135,5575014b-45cd-4c58-b0c2-3b7083a91c17,0.5046283602714539,0.9996892458218627,K
135,187598fe-5b0f-41e6-b5e4-a2432cf529f5,0.504281222820282,0.9999087938539779,K
135,28f42dd8-db9c-4980-986f-50e4ba2176bf,0.5480883717536926,0.9997884885105986,K
135,d9546b12-eef0-4cd1-ac23-f74e7d952ffe,0.855555534362793,0.9999087937428769,K
135,4ab18331-04ea-44f3-b64d-4102a84824d8,0.5046283602714539,0.9996892456552479,K
135,33c5c3cc-82ce-4752-9ff7-815492a5723b,0.504281222820282,0.9999087936873264,K
135,4de9bced-6dc9-4e2e-93ca-cfd9332dbaad,0.5480883717536926,0.9997884883439672,K
135,b7d5fd03-d021-45a8-8991-f59883e8bce8,0.855555534362793,0.9999087935762254,K
135,3d8f9ff8-45c2-4d89-9048-7b029a926122,0.5046283602714539,0.9996892454330947,K
135,b191a84a-4d8c-4f6d-b537-3c341f36826d,0.5255602598190308,0.9997884880107044,K
135,47ded868-11a4-4fc0-ba79-900141159208,0.5480883717536926,0.9997884879273886,K
135,484d5557-5fe3-46aa-827e-baac4fe68240,0.855555534362793,0.9999087931595968,K
135,4f420403-b61f-46c1-82f0-88d17cd96b2e,0.5046283602714539,0.9996892450720958,K
135,636d6a36-33b2-4c8f-be84-60ec0fc2c1cd,0.504281222820282,0.999908793076271,K
135,19e6855d-07bc-48ca-ba28-a70e97060662,0.5480883717536926,0.9997884877607572,K
136,17594637-b253-4fad-bda7-17964a587f02,0.6255056262016296,0.9999017933503666,K
136,6474054a-1f76-48de-98c6-f760945e079e,0.5406999588012695,0.9999017932392663,K
136,191f5071-a27c-4b90-8eb9-42493218ea9a,0.8470198512077332,0.9999017932114913,K
136,977b2dda-1f03-4187-a08e-0d77bda245fe,0.5345472693443298,0.9999017931837162,K
136,7f5a87c0-daf1-4ae1-8480-ae62287adcf1,0.6255056262016296,0.9999017931281662,K
136,98e848dc-b2d0-448f-a23a-f07aebfc436f,0.5406999588012695,0.9999017930726161,K
136,47b583fc-4e7d-4a83-87eb-289f261c119b,0.8470198512077332,0.999901793044841,K
136,a5ea423f-c14b-4531-8fa3-155efd6fbcb5,0.5345472693443298,0.9999017930170659,K
136,377a0c03-cd16-4846-987f-db59d9a30d1a,0.6255056262016296,0.9999017929615158,K
136,69db3173-066a-47df-b2da-5ac218206396,0.5406999588012695,0.9999017929059657,K
136,5575014b-45cd-4c58-b0c2-3b7083a91c17,0.8470198512077332,0.9999017928781907,K
136,187598fe-5b0f-41e6-b5e4-a2432cf529f5,0.5345472693443298,0.9999017928504157,K
136,28f42dd8-db9c-4980-986f-50e4ba2176bf,0.6255056262016296,0.9999017927948656,K
136,d9546b12-eef0-4cd1-ac23-f74e7d952ffe,0.5406999588012695,0.9999017927393155,K
136,4ab18331-04ea-44f3-b64d-4102a84824d8,0.8470198512077332,0.9999017927115403,K
136,33c5c3cc-82ce-4752-9ff7-815492a5723b,0.5345472693443298,0.9999017926559903,K
136,4de9bced-6dc9-4e2e-93ca-cfd9332dbaad,0.6255056262016296,0.9999017926282152,K
136,b7d5fd03-d021-45a8-8991-f59883e8bce8,0.5406999588012695,0.9999017925726651,K
136,3d8f9ff8-45c2-4d89-9048-7b029a926122,0.8470198512077332,0.9999017925448901,K
136,47ded868-11a4-4fc0-ba79-900141159208,0.6255056262016296,0.999901792461565,K
136,484d5557-5fe3-46aa-827e-baac4fe68240,0.5406999588012695,0.9999017923782398,K
136,4f420403-b61f-46c1-82f0-88d17cd96b2e,0.8470198512077332,0.9999017923782398,K
136,636d6a36-33b2-4c8f-be84-60ec0fc2c1cd,0.5345472693443298,0.9999017923226897,K
136,19e6855d-07bc-48ca-ba28-a70e97060662,0.6255056262016296,0.9999017922949146,K
137,6b2a63bc-2cd8-46e7-add6-190dbfc3c846,0.8292428851127625,0.999209786577648,K
137,2fc9baef-078d-4884-8fd8-f8842241b5a6,0.8292428851127625,0.9992097862723339,K
137,5a217a1f-349b-4708-8bc7-184b8e4678df,0.8292428851127625,0.9992097859670198,K
137,7d3891ec-d177-427b-9824-a56a1b162d36,0.8292428851127625,0.9992097855229265,K
137,ea5fd6bf-0874-4283-934e-00dfff50a44c,0.8292428851127625,0.9992097853563916,K
137,9161046b-65ea-46ec-a03f-6fb5c9a77e01,0.8292428851127625,0.9992900773088864,K
138,ae28eb05-6ce6-437e-a288-28ff4b3874e5,0.5253481864929199,0.9992079422601307,K
138,09537d4e-e05f-42e1-a52d-78c649b6b505,0.5253481864929199,0.9992079420658403,K
138,3b5480b8-7edd-4147-9a51-10f576388432,0.5253481864929199,0.9992079418993056,K
138,a6bd7cd3-c58e-4cdb-be02-ecc21fc7245b,0.5253481864929199,0.9992079415107247,K
138,bed86c39-42bd-4407-811e-887da686288e,0.5253481864929199,0.9992079413441901,K
138,8fc8e182-c1e5-4786-9abc-2f95d7c25741,0.5253481864929199,0.9992079411776554,K
138,c78bb77c-3485-4297-95ef-51603398e382,0.5253481864929199,0.9992079410111208,K
138,08fbc225-9a4b-4e5e-bc5a-7df941768ffd,0.5253481864929199,0.9992079408168303,K
138,6474054a-1f76-48de-98c6-f760945e079e,0.5013392567634583,0.9998124574494143,K
138,977b2dda-1f03-4187-a08e-0d77bda245fe,0.8757643699645996,0.9998124573938691,K
138,98e848dc-b2d0-448f-a23a-f07aebfc436f,0.5013392567634583,0.9998124572827789,K
138,a5ea423f-c14b-4531-8fa3-155efd6fbcb5,0.8757643699645996,0.9998124572272338,K
138,69db3173-066a-47df-b2da-5ac218206396,0.5013392567634583,0.9998124571161435,K
138,187598fe-5b0f-41e6-b5e4-a2432cf529f5,0.8757643699645996,0.9998124570605984,K
138,d9546b12-eef0-4cd1-ac23-f74e7d952ffe,0.5013392567634583,0.999812456949508,K
138,33c5c3cc-82ce-4752-9ff7-815492a5723b,0.8757643699645996,0.9998124568939629,K
138,b7d5fd03-d021-45a8-8991-f59883e8bce8,0.5013392567634583,0.9998124567828727,K
138,484d5557-5fe3-46aa-827e-baac4fe68240,0.5013392567634583,0.9998124566162373,K
138,636d6a36-33b2-4c8f-be84-60ec0fc2c1cd,0.8757643699645996,0.9998124565606922,K
138,ebd9b399-bfa3-4972-a559-f8946d588900,0.5013392567634583,0.9998124564496018,K
139,17594637-b253-4fad-bda7-17964a587f02,0.5904790759086609,0.9997085273475206,K
139,191f5071-a27c-4b90-8eb9-42493218ea9a,0.5300524234771729,0.9997085272364419,K
139,af366e3f-4fbe-4d62-94f4-27a28c0bdc7b,0.7352790832519531,0.9992997075970395,K
139,7f5a87c0-daf1-4ae1-8480-ae62287adcf1,0.5904790759086609,0.9997085271253632,K
139,47b583fc-4e7d-4a83-87eb-289f261c119b,0.5300524234771729,0.9997085270420542,K
139,d1e99a85-6e7c-4313-a14d-5766fe35109c,0.7392767071723938,0.9992056478037719,K
139,377a0c03-cd16-4846-987f-db59d9a30d1a,0.5904790759086609,0.9997085269587451,K
139,5575014b-45cd-4c58-b0c2-3b7083a91c17,0.5300524234771729,0.9997085268754361,K
139,c22f88bc-cd67-47d4-a85a-acc2707d11e7,0.735892117023468,0.9992056476372376,K
139,28f42dd8-db9c-4980-986f-50e4ba2176bf,0.5904790759086609,0.999708526792127,K
139,4ab18331-04ea-44f3-b64d-4102a84824d8,0.5300524234771729,0.9997085267088179,K
139,9d3c1f32-6db3-400b-b249-ce5dc4c5577d,0.7339600920677185,0.9992056474707033,K
139,4de9bced-6dc9-4e2e-93ca-cfd9332dbaad,0.5904790759086609,0.9997085266255089,K
139,3d8f9ff8-45c2-4d89-9048-7b029a926122,0.5300524234771729,0.9997085264311212,K
139,4ce41372-cb02-48cc-bb0e-6571e7b03ada,0.7339600920677185,0.9992056471931462,K
139,47ded868-11a4-4fc0-ba79-900141159208,0.5904790759086609,0.9997085263478122,K
139,4f420403-b61f-46c1-82f0-88d17cd96b2e,0.5300524234771729,0.999708526264503,K
139,52250131-db3b-4384-9c26-011408c94130,0.7339600920677185,0.9992997066532564,K
139,19e6855d-07bc-48ca-ba28-a70e97060662,0.5904790759086609,0.999708526181194,K
139,8733fa5d-4c37-46f2-81e3-05b7303e8243,0.5300524234771729,0.9998138661861593,K
140,17594637-b253-4fad-bda7-17964a587f02,0.8662798404693604,0.9999015240712948,K
140,6474054a-1f76-48de-98c6-f760945e079e,0.5508572459220886,0.9997975839333414,K
140,191f5071-a27c-4b90-8eb9-42493218ea9a,0.6211016178131104,0.9999015239324196,K
140,af366e3f-4fbe-4d62-94f4-27a28c0bdc7b,0.5350132584571838,0.9999015238768696,K
140,7f5a87c0-daf1-4ae1-8480-ae62287adcf1,0.8662798404693604,0.9999015238490945,K
140,98e848dc-b2d0-448f-a23a-f07aebfc436f,0.5508572459220886,0.9997975837667085,K
140,47b583fc-4e7d-4a83-87eb-289f261c119b,0.6211016178131104,0.9999015237657694,K
140,377a0c03-cd16-4846-987f-db59d9a30d1a,0.8662798404693604,0.9999015236824442,K
140,69db3173-066a-47df-b2da-5ac218206396,0.5508572459220886,0.9997975836000755,K
140,5575014b-45cd-4c58-b0c2-3b7083a91c17,0.6211016178131104,0.9999015235991191,K
140,28f42dd8-db9c-4980-986f-50e4ba2176bf,0.8662798404693604,0.999901523515794,K
140,d9546b12-eef0-4cd1-ac23-f74e7d952ffe,0.5508572459220886,0.9997975834334426,K
140,4ab18331-04ea-44f3-b64d-4102a84824d8,0.6211016178131104,0.9999015234324689,K
140,4de9bced-6dc9-4e2e-93ca-cfd9332dbaad,0.8662798404693604,0.9999015233491437,K
140,b7d5fd03-d021-45a8-8991-f59883e8bce8,0.5508572459220886,0.9997975832668097,K
140,3d8f9ff8-45c2-4d89-9048-7b029a926122,0.6211016178131104,0.9999015232658186,K
140,47ded868-11a4-4fc0-ba79-900141159208,0.8662798404693604,0.9999015231824935,K
140,484d5557-5fe3-46aa-827e-baac4fe68240,0.5508572459220886,0.9997975830724045,K
140,4f420403-b61f-46c1-82f0-88d17cd96b2e,0.6211016178131104,0.9999015230991684,K
140,19e6855d-07bc-48ca-ba28-a70e97060662,0.8662798404693604,0.9999015230158432,K
140,ebd9b399-bfa3-4972-a559-f8946d588900,0.5508572459220886,0.9997975829057716,K
140,8733fa5d-4c37-46f2-81e3-05b7303e8243,0.6211016178131104,0.9999015229325181,K
141,17594637-b253-4fad-bda7-17964a587f02,0.5019570589065552,0.9998963715086919,K
141,647fa5c0-f54e-44df-a3f3-3bfd381e6c39,0.7719346284866333,0.999317164155244,K
141,d93ef603-b5fc-498e-9b49-e8c792284401,0.5642350912094116,0.9993171641274852,K
141,6474054a-1f76-48de-98c6-f760945e079e,0.5483893156051636,0.9998963714253672,K
141,977b2dda-1f03-4187-a08e-0d77bda245fe,0.5202821493148804,0.9996939719472513,K
141,7f5a87c0-daf1-4ae1-8480-ae62287adcf1,0.5019570589065552,0.9998963713142677,K
141,75b390f5-6de9-455f-871c-408bd441ad42,0.7719346284866333,0.9993171639331735,K
141,68e9bf97-be90-4790-8146-c85d757fa9e8,0.5642350912094116,0.9993171639054146,K
141,98e848dc-b2d0-448f-a23a-f07aebfc436f,0.5483893156051636,0.9998963712587179,K
141,a5ea423f-c14b-4531-8fa3-155efd6fbcb5,0.5202821493148804,0.9996939717806357,K
141,377a0c03-cd16-4846-987f-db59d9a30d1a,0.5019570589065552,0.9998963711476183,K
141,61ea1804-f9b0-41c3-9803-1d5fd9fb383f,0.7719346284866333,0.9993171637666206,K
141,7a400ee4-e41b-4b71-a101-58f95a0afa72,0.5642350912094116,0.9993171637388618,K
141,69db3173-066a-47df-b2da-5ac218206396,0.5483893156051636,0.9998963710642936,K
141,187598fe-5b0f-41e6-b5e4-a2432cf529f5,0.5202821493148804,0.99969397161402,K
141,28f42dd8-db9c-4980-986f-50e4ba2176bf,0.5019570589065552,0.999896370953194,K
141,67fbec7d-43c0-4922-95c4-a904b8ca097e,0.7719346284866333,0.9993171636000677,K
141,36518f70-7189-403c-9c46-ea3c9c43ecd3,0.5642350912094116,0.9993171635723089,K
141,d9546b12-eef0-4cd1-ac23-f74e7d952ffe,0.5483893156051636,0.9998963708976442,K
141,33c5c3cc-82ce-4752-9ff7-815492a5723b,0.5202821493148804,0.9996939714474044,K
141,4de9bced-6dc9-4e2e-93ca-cfd9332dbaad,0.5019570589065552,0.9998963707865446,K
141,4ad34bc4-5234-4c7e-8747-502458cca7e4,0.7719346284866333,0.9993171634335148,K
141,154c3a94-1a88-4d22-b025-fc6d0a4a02a0,0.5642350912094116,0.999317163405756,K
141,b7d5fd03-d021-45a8-8991-f59883e8bce8,0.5483893156051636,0.9998963707309948,K
141,b191a84a-4d8c-4f6d-b537-3c341f36826d,0.508114218711853,0.9994083198062471,K
141,47ded868-11a4-4fc0-ba79-900141159208,0.5019570589065552,0.9998963706198952,K
141,5d4519fd-60e9-40fd-8ed1-98d4c27bb5a1,0.7719346284866333,0.999317163266962,K
141,9a7d4baa-c077-4dfa-aee9-356aa5ce3a93,0.5642350912094116,0.9993171632392032,K
141,484d5557-5fe3-46aa-827e-baac4fe68240,0.5483893156051636,0.9998963705643454,K
141,636d6a36-33b2-4c8f-be84-60ec0fc2c1cd,0.5202821493148804,0.999693971114173,K
141,19e6855d-07bc-48ca-ba28-a70e97060662,0.5019570589065552,0.9998963704532458,K
141,0677aa5c-c3a6-4e35-a637-ed8f0678c9a6,0.7719346284866333,0.9993171631004092,K
141,02588678-8e35-464b-bdff-fbd0c59b2967,0.5642350912094116,0.9994083195563951,K
141,ebd9b399-bfa3-4972-a559-f8946d588900,0.5483893156051636,0.999896370397696,K
141,f0226eb1-7d7c-4bd7-bcd8-a42804ec96ba,0.5202821493148804,0.9997979002026938,K
142,647fa5c0-f54e-44df-a3f3-3bfd381e6c39,0.5056508183479309,0.9998713927150704,K
142,d93ef603-b5fc-498e-9b49-e8c792284401,0.8196889758110046,0.9998713926872962,K
142,6474054a-1f76-48de-98c6-f760945e079e,0.5557959079742432,0.9998713926317478,K
142,977b2dda-1f03-4187-a08e-0d77bda245fe,0.5543805956840515,0.9998713925761994,K
142,75b390f5-6de9-455f-871c-408bd441ad42,0.5056508183479309,0.9998713925206509,K
142,68e9bf97-be90-4790-8146-c85d757fa9e8,0.8196889758110046,0.9998713924928768,K
142,98e848dc-b2d0-448f-a23a-f07aebfc436f,0.5557959079742432,0.9998713924651026,K
142,a5ea423f-c14b-4531-8fa3-155efd6fbcb5,0.5543805956840515,0.9998713924095541,K
142,61ea1804-f9b0-41c3-9803-1d5fd9fb383f,0.5056508183479309,0.9998713923262316,K
142,7a400ee4-e41b-4b71-a101-58f95a0afa72,0.8196889758110046,0.9998713923262316,K
142,69db3173-066a-47df-b2da-5ac218206396,0.5557959079742432,0.9998713922984573,K
142,187598fe-5b0f-41e6-b5e4-a2432cf529f5,0.5543805956840515,0.9998713922429089,K
142,67fbec7d-43c0-4922-95c4-a904b8ca097e,0.5056508183479309,0.9998713921595863,K
142,36518f70-7189-403c-9c46-ea3c9c43ecd3,0.8196889758110046,0.9998713921595863,K
142,d9546b12-eef0-4cd1-ac23-f74e7d952ffe,0.5557959079742432,0.9998713921318121,K
142,33c5c3cc-82ce-4752-9ff7-815492a5723b,0.5543805956840515,0.9998713920762637,K
142,4ad34bc4-5234-4c7e-8747-502458cca7e4,0.5056508183479309,0.9998713919929411,K
142,154c3a94-1a88-4d22-b025-fc6d0a4a02a0,0.8196889758110046,0.9998713919651668,K
142,b7d5fd03-d021-45a8-8991-f59883e8bce8,0.5557959079742432,0.9998713919651668,K
142,5d4519fd-60e9-40fd-8ed1-98d4c27bb5a1,0.5056508183479309,0.9998713918262958,K
142,9a7d4baa-c077-4dfa-aee9-356aa5ce3a93,0.8196889758110046,0.9998713917985217,K
142,484d5557-5fe3-46aa-827e-baac4fe68240,0.5557959079742432,0.9998713917985217,K
142,636d6a36-33b2-4c8f-be84-60ec0fc2c1cd,0.5543805956840515,0.999871391715199,K
142,0677aa5c-c3a6-4e35-a637-ed8f0678c9a6,0.5056508183479309,0.9998713916596507,K
142,02588678-8e35-464b-bdff-fbd0c59b2967,0.8196889758110046,0.9998713916318764,K
142,ebd9b399-bfa3-4972-a559-f8946d588900,0.5557959079742432,0.9998713916041022,K
142,f0226eb1-7d7c-4bd7-bcd8-a42804ec96ba,0.5543805956840515,0.9998713915485538,K
143,54712973-88f8-4b55-ac3c-f310d4e84f9a,0.5915488004684448,0.9991941876746043,K
143,2abb50eb-8207-4f27-8894-940c4fb5ba0c,0.5915488004684448,0.999194187508072,K
143,c47bb50c-bdfe-44ba-9585-db756efb1f92,0.5915488004684448,0.9991941873137842,K
143,cdab52b6-dbe8-4e8a-a8a4-174523e0da1d,0.5915488004684448,0.9991941871472518,K
143,98b3b619-8435-43e3-86b2-66ea005cdb1f,0.5915488004684448,0.9991941869529641,K
143,715070c4-1aed-48b5-ae33-6a37d3b7d991,0.5915488004684448,0.9991941867864317,K
143,0c625430-83eb-4ad8-ba5b-75b84597bddc,0.5915488004684448,0.9991941866198993,K
143,cd48d940-0a76-402d-9dfc-ce7052b02b37,0.5915488004684448,0.9991941864256116,K
143,e990fe63-7a73-4102-838d-0b548fbd269c,0.5915488004684448,0.9991941862590792,K
143,17594637-b253-4fad-bda7-17964a587f02,0.5480883717536926,0.9997857433728968,K
143,6474054a-1f76-48de-98c6-f760945e079e,0.855555534362793,0.999914343946467,K
143,191f5071-a27c-4b90-8eb9-42493218ea9a,0.5046283602714539,0.9996821322806518,K
143,977b2dda-1f03-4187-a08e-0d77bda245fe,0.504281222820282,0.9999143438909163,K
143,7f5a87c0-daf1-4ae1-8480-ae62287adcf1,0.5480883717536926,0.9997857431507222,K
143,98e848dc-b2d0-448f-a23a-f07aebfc436f,0.855555534362793,0.9999143437520392,K
143,47b583fc-4e7d-4a83-87eb-289f261c119b,0.5046283602714539,0.9996821321140381,K
143,a5ea423f-c14b-4531-8fa3-155efd6fbcb5,0.504281222820282,0.9999143436964885,K
143,377a0c03-cd16-4846-987f-db59d9a30d1a,0.5480883717536926,0.9997857429840913,K
143,69db3173-066a-47df-b2da-5ac218206396,0.855555534362793,0.9999143435853869,K
143,5575014b-45cd-4c58-b0c2-3b7083a91c17,0.5046283602714539,0.9996821319474245,K
143,187598fe-5b0f-41e6-b5e4-a2432cf529f5,0.504281222820282,0.9999143435298361,K
143,28f42dd8-db9c-4980-986f-50e4ba2176bf,0.5480883717536926,0.9997857427896886,K
143,d9546b12-eef0-4cd1-ac23-f74e7d952ffe,0.855555534362793,0.9999143434187344,K
143,4ab18331-04ea-44f3-b64d-4102a84824d8,0.5046283602714539,0.9996821317530418,K
143,33c5c3cc-82ce-4752-9ff7-815492a5723b,0.504281222820282,0.9999143433631836,K
143,4de9bced-6dc9-4e2e-93ca-cfd9332dbaad,0.5480883717536926,0.9997857426230575,K
143,b7d5fd03-d021-45a8-8991-f59883e8bce8,0.855555534362793,0.9999143432520821,K
143,3d8f9ff8-45c2-4d89-9048-7b029a926122,0.5046283602714539,0.9996821315864282,K
143,b191a84a-4d8c-4f6d-b537-3c341f36826d,0.5255602598190308,0.9997857424841984,K
143,47ded868-11a4-4fc0-ba79-900141159208,0.5480883717536926,0.9997857424564266,K
143,484d5557-5fe3-46aa-827e-baac4fe68240,0.855555534362793,0.9999143430854297,K
143,4f420403-b61f-46c1-82f0-88d17cd96b2e,0.5046283602714539,0.9996821314198144,K
143,636d6a36-33b2-4c8f-be84-60ec0fc2c1cd,0.504281222820282,0.9999143430021035,K
143,19e6855d-07bc-48ca-ba28-a70e97060662,0.5480883717536926,0.9997857422897957,K
143,ebd9b399-bfa3-4972-a559-f8946d588900,0.855555534362793,0.9999143428910019,K
143,8733fa5d-4c37-46f2-81e3-05b7303e8243,0.5046283602714539,0.9996821312532007,K
143,f0226eb1-7d7c-4bd7-bcd8-a42804ec96ba,0.504281222820282,0.9999143428354511,K
143,5acd6cda-87ac-426a-82b7-963958247a17,0.5480883717536926,0.9997857420953928,K
144,17594637-b253-4fad-bda7-17964a587f02,0.6255056262016296,0.99989659381901,K
144,6474054a-1f76-48de-98c6-f760945e079e,0.5406999588012695,0.9998965937079103,K
144,191f5071-a27c-4b90-8eb9-42493218ea9a,0.8470198512077332,0.9998965936801354,K
144,977b2dda-1f03-4187-a08e-0d77bda245fe,0.5345472693443298,0.9998965936523605,K
144,7f5a87c0-daf1-4ae1-8480-ae62287adcf1,0.6255056262016296,0.9998965935968107,K
144,98e848dc-b2d0-448f-a23a-f07aebfc436f,0.5406999588012695,0.9998965935412609,K
144,47b583fc-4e7d-4a83-87eb-289f261c119b,0.8470198512077332,0.999896593513486,K
144,a5ea423f-c14b-4531-8fa3-155efd6fbcb5,0.5345472693443298,0.9998965934579361,K
144,377a0c03-cd16-4846-987f-db59d9a30d1a,0.6255056262016296,0.9998965934301612,K
144,69db3173-066a-47df-b2da-5ac218206396,0.5406999588012695,0.9998965933468366,K
144,5575014b-45cd-4c58-b0c2-3b7083a91c17,0.8470198512077332,0.9998965933468366,K
144,187598fe-5b0f-41e6-b5e4-a2432cf529f5,0.5345472693443298,0.9998965932912868,K
144,28f42dd8-db9c-4980-986f-50e4ba2176bf,0.6255056262016296,0.9998965932635119,K
144,d9546b12-eef0-4cd1-ac23-f74e7d952ffe,0.5406999588012695,0.9998965931801871,K
144,4ab18331-04ea-44f3-b64d-4102a84824d8,0.8470198512077332,0.9998965931524122,K
144,33c5c3cc-82ce-4752-9ff7-815492a5723b,0.5345472693443298,0.9998965931246373,K
144,4de9bced-6dc9-4e2e-93ca-cfd9332dbaad,0.6255056262016296,0.9998965930690875,K
144,b7d5fd03-d021-45a8-8991-f59883e8bce8,0.5406999588012695,0.9998965930135377,K
144,3d8f9ff8-45c2-4d89-9048-7b029a926122,0.8470198512077332,0.9998965929857628,K
144,47ded868-11a4-4fc0-ba79-900141159208,0.6255056262016296,0.999896592902438,K
144,484d5557-5fe3-46aa-827e-baac4fe68240,0.5406999588012695,0.9998965928468883,K
144,4f420403-b61f-46c1-82f0-88d17cd96b2e,0.8470198512077332,0.9998965928191134,K
144,636d6a36-33b2-4c8f-be84-60ec0fc2c1cd,0.5345472693443298,0.9998965927635636,K
144,19e6855d-07bc-48ca-ba28-a70e97060662,0.6255056262016296,0.9998965927357887,K
144,ebd9b399-bfa3-4972-a559-f8946d588900,0.5406999588012695,0.9998965926524639,K
144,8733fa5d-4c37-46f2-81e3-05b7303e8243,0.8470198512077332,0.9998965926524639,K
144,f0226eb1-7d7c-4bd7-bcd8-a42804ec96ba,0.5345472693443298,0.9998965925969141,K
144,5acd6cda-87ac-426a-82b7-963958247a17,0.6255056262016296,0.9998965925691392,K
145,6b2a63bc-2cd8-46e7-add6-190dbfc3c846,0.8292428851127625,0.9991841194006094,K
145,2fc9baef-078d-4884-8fd8-f8842241b5a6,0.8292428851127625,0.9991841192340786,K
145,5a217a1f-349b-4708-8bc7-184b8e4678df,0.8292428851127625,0.9991841190397929,K
145,7d3891ec-d177-427b-9824-a56a1b162d36,0.8292428851127625,0.9991841188732621,K
145,ea5fd6bf-0874-4283-934e-00dfff50a44c,0.8292428851127625,0.9991841187067314,K
145,9161046b-65ea-46ec-a03f-6fb5c9a77e01,0.8292428851127625,0.9991841185402007,K
145,769ab660-9f6e-46a8-9129-bff5520404ff,0.8292428851127625,0.9992662536014181,K
146,ae28eb05-6ce6-437e-a288-28ff4b3874e5,0.5253481864929199,0.9991833824193277,K
146,09537d4e-e05f-42e1-a52d-78c649b6b505,0.5253481864929199,0.999183382225042,K
146,3b5480b8-7edd-4147-9a51-10f576388432,0.5253481864929199,0.9991833820585114,K
146,a6bd7cd3-c58e-4cdb-be02-ecc21fc7245b,0.5253481864929199,0.9991833816976953,K
146,bed86c39-42bd-4407-811e-887da686288e,0.5253481864929199,0.9991833815034096,K
146,8fc8e182-c1e5-4786-9abc-2f95d7c25741,0.5253481864929199,0.999183381336879,K
146,c78bb77c-3485-4297-95ef-51603398e382,0.5253481864929199,0.9991833811703484,K
146,08fbc225-9a4b-4e5e-bc5a-7df941768ffd,0.5253481864929199,0.9991833809760629,K
146,6474054a-1f76-48de-98c6-f760945e079e,0.5013392567634583,0.9998068456567026,K
146,977b2dda-1f03-4187-a08e-0d77bda245fe,0.8757643699645996,0.9998068456011578,K
146,98e848dc-b2d0-448f-a23a-f07aebfc436f,0.5013392567634583,0.9998068454900682,K
146,a5ea423f-c14b-4531-8fa3-155efd6fbcb5,0.8757643699645996,0.9998068454067509,K
146,69db3173-066a-47df-b2da-5ac218206396,0.5013392567634583,0.9998068452956612,K
146,187598fe-5b0f-41e6-b5e4-a2432cf529f5,0.8757643699645996,0.9998068452401164,K
146,d9546b12-eef0-4cd1-ac23-f74e7d952ffe,0.5013392567634583,0.9998068451290267,K
146,33c5c3cc-82ce-4752-9ff7-815492a5723b,0.8757643699645996,0.9998068450457096,K
146,b7d5fd03-d021-45a8-8991-f59883e8bce8,0.5013392567634583,0.9998068449346199,K
146,484d5557-5fe3-46aa-827e-baac4fe68240,0.5013392567634583,0.9998068447679854,K
146,636d6a36-33b2-4c8f-be84-60ec0fc2c1cd,0.8757643699645996,0.9998068446846682,K
146,ebd9b399-bfa3-4972-a559-f8946d588900,0.5013392567634583,0.9998068445735785,K
146,f0226eb1-7d7c-4bd7-bcd8-a42804ec96ba,0.8757643699645996,0.9998068445180337,K
146,bf81bcdd-024a-4254-89f8-1dcedea8cb93,0.5013392567634583,0.9998068443791717,K
147,17594637-b253-4fad-bda7-17964a587f02,0.5904790759086609,0.9997002306620315,K
147,191f5071-a27c-4b90-8eb9-42493218ea9a,0.5300524234771729,0.9997002305231842,K
147,af366e3f-4fbe-4d62-94f4-27a28c0bdc7b,0.7352790832519531,0.9992791065242046,K
147,7f5a87c0-daf1-4ae1-8480-ae62287adcf1,0.5904790759086609,0.9997002304398759,K
147,47b583fc-4e7d-4a83-87eb-289f261c119b,0.5300524234771729,0.9997002303565675,K
147,d1e99a85-6e7c-4313-a14d-5766fe35109c,0.7392767071723938,0.9991806970065757,K
147,377a0c03-cd16-4846-987f-db59d9a30d1a,0.5904790759086609,0.9997002302732592,K
147,5575014b-45cd-4c58-b0c2-3b7083a91c17,0.5300524234771729,0.9997002301899508,K
147,c22f88bc-cd67-47d4-a85a-acc2707d11e7,0.735892117023468,0.9991806968400456,K
147,28f42dd8-db9c-4980-986f-50e4ba2176bf,0.5904790759086609,0.9997002301066424,K
147,4ab18331-04ea-44f3-b64d-4102a84824d8,0.5300524234771729,0.9997002300233341,K
147,9d3c1f32-6db3-400b-b249-ce5dc4c5577d,0.7339600920677185,0.9991806966735155,K
147,4de9bced-6dc9-4e2e-93ca-cfd9332dbaad,0.5904790759086609,0.9997002299400257,K
147,3d8f9ff8-45c2-4d89-9048-7b029a926122,0.5300524234771729,0.9997002298567175,K
147,4ce41372-cb02-48cc-bb0e-6571e7b03ada,0.7339600920677185,0.9991806965069854,K
147,47ded868-11a4-4fc0-ba79-900141159208,0.5904790759086609,0.9997002297734091,K
147,4f420403-b61f-46c1-82f0-88d17cd96b2e,0.5300524234771729,0.9997002296901008,K
147,52250131-db3b-4384-9c26-011408c94130,0.7339600920677185,0.9991806963127002,K
147,19e6855d-07bc-48ca-ba28-a70e97060662,0.5904790759086609,0.9997002296067924,K
147,8733fa5d-4c37-46f2-81e3-05b7303e8243,0.5300524234771729,0.999700229523484,K
147,8ef8b061-6f89-4f6d-978d-b442b3338f2b,0.7339600920677185,0.9992791054971677,K
147,5acd6cda-87ac-426a-82b7-963958247a17,0.5904790759086609,0.9997002294401757,K
147,d518b159-bc3f-4384-9f21-1b523feb46ba,0.5300524234771729,0.9998104414129442,K
148,17594637-b253-4fad-bda7-17964a587f02,0.8662798404693604,0.9998970411339612,K
148,6474054a-1f76-48de-98c6-f760945e079e,0.5508572459220886,0.9997904164656981,K
148,191f5071-a27c-4b90-8eb9-42493218ea9a,0.6211016178131104,0.9998970410228616,K
148,af366e3f-4fbe-4d62-94f4-27a28c0bdc7b,0.5350132584571838,0.9998970409673117,K
148,7f5a87c0-daf1-4ae1-8480-ae62287adcf1,0.8662798404693604,0.9998970409395368,K
148,98e848dc-b2d0-448f-a23a-f07aebfc436f,0.5508572459220886,0.9997904162712944,K
148,47b583fc-4e7d-4a83-87eb-289f261c119b,0.6211016178131104,0.999897040856212,K
148,377a0c03-cd16-4846-987f-db59d9a30d1a,0.8662798404693604,0.9998970407451123,K
148,69db3173-066a-47df-b2da-5ac218206396,0.5508572459220886,0.9997904161046627,K
148,5575014b-45cd-4c58-b0c2-3b7083a91c17,0.6211016178131104,0.9998970406617876,K
148,28f42dd8-db9c-4980-986f-50e4ba2176bf,0.8662798404693604,0.9998970405784628,K
148,d9546b12-eef0-4cd1-ac23-f74e7d952ffe,0.5508572459220886,0.9997904159380309,K
148,4ab18331-04ea-44f3-b64d-4102a84824d8,0.6211016178131104,0.9998970404951381,K
148,4de9bced-6dc9-4e2e-93ca-cfd9332dbaad,0.8662798404693604,0.9998970404118134,K
148,b7d5fd03-d021-45a8-8991-f59883e8bce8,0.5508572459220886,0.9997904157713992,K
148,3d8f9ff8-45c2-4d89-9048-7b029a926122,0.6211016178131104,0.9998970403284886,K
148,47ded868-11a4-4fc0-ba79-900141159208,0.8662798404693604,0.9998970402451638,K
148,484d5557-5fe3-46aa-827e-baac4fe68240,0.5508572459220886,0.9997904155769954,K
148,4f420403-b61f-46c1-82f0-88d17cd96b2e,0.6211016178131104,0.9998970401618391,K
148,19e6855d-07bc-48ca-ba28-a70e97060662,0.8662798404693604,0.9998970400785143,K
148,ebd9b399-bfa3-4972-a559-f8946d588900,0.5508572459220886,0.9997904154103637,K
148,8733fa5d-4c37-46f2-81e3-05b7303e8243,0.6211016178131104,0.9998970399674146,K
148,5acd6cda-87ac-426a-82b7-963958247a17,0.8662798404693604,0.99989703988409,K
148,bf81bcdd-024a-4254-89f8-1dcedea8cb93,0.5508572459220886,0.999790415243732,K
148,d518b159-bc3f-4384-9f21-1b523feb46ba,0.6211016178131104,0.9998970398007652,K
149,17594637-b253-4fad-bda7-17964a587f02,0.5019570589065552,0.99989276827751,K
149,647fa5c0-f54e-44df-a3f3-3bfd381e6c39,0.7719346284866333,0.9993011389005874,K
149,d93ef603-b5fc-498e-9b49-e8c792284401,0.5642350912094116,0.9993011388728289,K
149,6474054a-1f76-48de-98c6-f760945e079e,0.5483893156051636,0.9998927681664108,K
149,977b2dda-1f03-4187-a08e-0d77bda245fe,0.5202821493148804,0.9996832023576403,K
149,7f5a87c0-daf1-4ae1-8480-ae62287adcf1,0.5019570589065552,0.9998927680553116,K
149,75b390f5-6de9-455f-871c-408bd441ad42,0.7719346284866333,0.9993011386785204,K
149,68e9bf97-be90-4790-8146-c85d757fa9e8,0.5642350912094116,0.999301138650762,K
149,98e848dc-b2d0-448f-a23a-f07aebfc436f,0.5483893156051636,0.9998927679719872,K
149,a5ea423f-c14b-4531-8fa3-155efd6fbcb5,0.5202821493148804,0.9996832021910265,K
149,377a0c03-cd16-4846-987f-db59d9a30d1a,0.5019570589065552,0.999892767860888,K
149,61ea1804-f9b0-41c3-9803-1d5fd9fb383f,0.7719346284866333,0.9993011385119702,K
149,7a400ee4-e41b-4b71-a101-58f95a0afa72,0.5642350912094116,0.9993011384842119,K
149,69db3173-066a-47df-b2da-5ac218206396,0.5483893156051636,0.9998927678053384,K
149,187598fe-5b0f-41e6-b5e4-a2432cf529f5,0.5202821493148804,0.9996832020244125,K
149,28f42dd8-db9c-4980-986f-50e4ba2176bf,0.5019570589065552,0.9998927676942392,K
149,67fbec7d-43c0-4922-95c4-a904b8ca097e,0.7719346284866333,0.99930113834542,K
149,36518f70-7189-403c-9c46-ea3c9c43ecd3,0.5642350912094116,0.9993011383176617,K
149,d9546b12-eef0-4cd1-ac23-f74e7d952ffe,0.5483893156051636,0.9998927676386896,K
149,33c5c3cc-82ce-4752-9ff7-815492a5723b,0.5202821493148804,0.9996832018577987,K
149,4de9bced-6dc9-4e2e-93ca-cfd9332dbaad,0.5019570589065552,0.9998927675275904,K
149,4ad34bc4-5234-4c7e-8747-502458cca7e4,0.7719346284866333,0.9993011381511114,K
149,154c3a94-1a88-4d22-b025-fc6d0a4a02a0,0.5642350912094116,0.9993011381511114,K
149,b7d5fd03-d021-45a8-8991-f59883e8bce8,0.5483893156051636,0.9998927674720408,K
149,b191a84a-4d8c-4f6d-b537-3c341f36826d,0.508114218711853,0.9993867461448361,K
149,47ded868-11a4-4fc0-ba79-900141159208,0.5019570589065552,0.9998927673609416,K
149,5d4519fd-60e9-40fd-8ed1-98d4c27bb5a1,0.7719346284866333,0.9993011379845613,K
149,9a7d4baa-c077-4dfa-aee9-356aa5ce3a93,0.5642350912094116,0.9993011379568029,K
149,484d5557-5fe3-46aa-827e-baac4fe68240,0.5483893156051636,0.999892767305392,K
149,636d6a36-33b2-4c8f-be84-60ec0fc2c1cd,0.5202821493148804,0.999683201496802,K
149,19e6855d-07bc-48ca-ba28-a70e97060662,0.5019570589065552,0.9998927671942928,K
149,0677aa5c-c3a6-4e35-a637-ed8f0678c9a6,0.7719346284866333,0.9993011378180111,K
149,02588678-8e35-464b-bdff-fbd0c59b2967,0.5642350912094116,0.9993011377902528,K
149,ebd9b399-bfa3-4972-a559-f8946d588900,0.5483893156051636,0.9998927671387432,K
149,f0226eb1-7d7c-4bd7-bcd8-a42804ec96ba,0.5202821493148804,0.9996832013301882,K
149,5acd6cda-87ac-426a-82b7-963958247a17,0.5019570589065552,0.999892767027644,K
149,2591dcab-f42b-4c82-b82c-ac5f95035cc1,0.7719346284866333,0.9993011376514609,K
149,f9c4cb79-89c0-4222-b1b4-7b01b6d565c3,0.5642350912094116,0.999386745728425,K
149,bf81bcdd-024a-4254-89f8-1dcedea8cb93,0.5483893156051636,0.9998927669443196,K
149,aeaeaa53-bc3b-4b8b-8790-1f4d2f21c7e8,0.5202821493148804,0.9997898143143291,K
150,647fa5c0-f54e-44df-a3f3-3bfd381e6c39,0.5056508183479309,0.9998654034478177,K
150,d93ef603-b5fc-498e-9b49-e8c792284401,0.8196889758110046,0.9998654034200437,K
150,6474054a-1f76-48de-98c6-f760945e079e,0.5557959079742432,0.9998654032811735,K
150,977b2dda-1f03-4187-a08e-0d77bda245fe,0.5543805956840515,0.9998654030589812,K
150,75b390f5-6de9-455f-871c-408bd441ad42,0.5056508183479309,0.9998654030034331,K
150,68e9bf97-be90-4790-8146-c85d757fa9e8,0.8196889758110046,0.9998654029756591,K
150,98e848dc-b2d0-448f-a23a-f07aebfc436f,0.5557959079742432,0.999865402947885,K
150,a5ea423f-c14b-4531-8fa3-155efd6fbcb5,0.5543805956840515,0.9998654028923369,K
150,61ea1804-f9b0-41c3-9803-1d5fd9fb383f,0.5056508183479309,0.9998654028090148,K
150,7a400ee4-e41b-4b71-a101-58f95a0afa72,0.8196889758110046,0.9998654028090148,K
150,69db3173-066a-47df-b2da-5ac218206396,0.5557959079742432,0.9998654027812408,K
150,187598fe-5b0f-41e6-b5e4-a2432cf529f5,0.5543805956840515,0.9998654026979187,K
150,67fbec7d-43c0-4922-95c4-a904b8ca097e,0.5056508183479309,0.9998654026423706,K
150,36518f70-7189-403c-9c46-ea3c9c43ecd3,0.8196889758110046,0.9998654026145966,K
150,d9546b12-eef0-4cd1-ac23-f74e7d952ffe,0.5557959079742432,0.9998654025868224,K
150,33c5c3cc-82ce-4752-9ff7-815492a5723b,0.5543805956840515,0.9998654025312744,K
150,4ad34bc4-5234-4c7e-8747-502458cca7e4,0.5056508183479309,0.9998654024479523,K
150,154c3a94-1a88-4d22-b025-fc6d0a4a02a0,0.8196889758110046,0.9998654024479523,K
150,b7d5fd03-d021-45a8-8991-f59883e8bce8,0.5557959079742432,0.9998654024201783,K
150,5d4519fd-60e9-40fd-8ed1-98d4c27bb5a1,0.5056508183479309,0.9998654020313417,K
150,9a7d4baa-c077-4dfa-aee9-356aa5ce3a93,0.8196889758110046,0.9998654020035677,K
150,484d5557-5fe3-46aa-827e-baac4fe68240,0.5557959079742432,0.9998654019757937,K
150,636d6a36-33b2-4c8f-be84-60ec0fc2c1cd,0.5543805956840515,0.9998654016702792,K
150,0677aa5c-c3a6-4e35-a637-ed8f0678c9a6,0.5056508183479309,0.9998654015869571,K
150,02588678-8e35-464b-bdff-fbd0c59b2967,0.8196889758110046,0.999865401559183,K
150,ebd9b399-bfa3-4972-a559-f8946d588900,0.5557959079742432,0.999865401559183,K
150,f0226eb1-7d7c-4bd7-bcd8-a42804ec96ba,0.5543805956840515,0.9998654014758609,K
150,2591dcab-f42b-4c82-b82c-ac5f95035cc1,0.5056508183479309,0.9998654013925388,K
150,f9c4cb79-89c0-4222-b1b4-7b01b6d565c3,0.8196889758110046,0.9998654013925388,K
150,bf81bcdd-024a-4254-89f8-1dcedea8cb93,0.5557959079742432,0.9998654013647648,K
150,aeaeaa53-bc3b-4b8b-8790-1f4d2f21c7e8,0.5543805956840515,0.9998654012814426,K
151,54712973-88f8-4b55-ac3c-f310d4e84f9a,0.5915488004684448,0.9991523288374705,K
151,2abb50eb-8207-4f27-8894-940c4fb5ba0c,0.5915488004684448,0.9991523286431909,K
151,c47bb50c-bdfe-44ba-9585-db756efb1f92,0.5915488004684448,0.9991523284766655,K
151,cdab52b6-dbe8-4e8a-a8a4-174523e0da1d,0.5915488004684448,0.9991523282823859,K
151,98b3b619-8435-43e3-86b2-66ea005cdb1f,0.5915488004684448,0.9991523280881063,K
151,715070c4-1aed-48b5-ae33-6a37d3b7d991,0.5915488004684448,0.9991523278938267,K
151,0c625430-83eb-4ad8-ba5b-75b84597bddc,0.5915488004684448,0.9991523277273012,K
151,cd48d940-0a76-402d-9dfc-ce7052b02b37,0.5915488004684448,0.9991523275330216,K
151,e990fe63-7a73-4102-838d-0b548fbd269c,0.5915488004684448,0.9991523273664963,K
151,17594637-b253-4fad-bda7-17964a587f02,0.5480883717536926,0.9997654411521179,K
151,6474054a-1f76-48de-98c6-f760945e079e,0.855555534362793,0.9999000298306838,K
151,191f5071-a27c-4b90-8eb9-42493218ea9a,0.5046283602714539,0.9996582296112543,K
151,977b2dda-1f03-4187-a08e-0d77bda245fe,0.504281222820282,0.9999000297473588,K
151,7f5a87c0-daf1-4ae1-8480-ae62287adcf1,0.5480883717536926,0.9997654409299478,K
151,98e848dc-b2d0-448f-a23a-f07aebfc436f,0.855555534362793,0.9999000296362588,K
151,47b583fc-4e7d-4a83-87eb-289f261c119b,0.5046283602714539,0.9996582294446446,K
151,a5ea423f-c14b-4531-8fa3-155efd6fbcb5,0.504281222820282,0.9999000295807088,K
151,377a0c03-cd16-4846-987f-db59d9a30d1a,0.5480883717536926,0.999765440735549,K
151,69db3173-066a-47df-b2da-5ac218206396,0.855555534362793,0.9999000294696088,K
151,5575014b-45cd-4c58-b0c2-3b7083a91c17,0.5046283602714539,0.9996582292502665,K
151,187598fe-5b0f-41e6-b5e4-a2432cf529f5,0.504281222820282,0.9999000293862838,K
151,28f42dd8-db9c-4980-986f-50e4ba2176bf,0.5480883717536926,0.9997654405689214,K
151,d9546b12-eef0-4cd1-ac23-f74e7d952ffe,0.855555534362793,0.9999000292751837,K
151,4ab18331-04ea-44f3-b64d-4102a84824d8,0.5046283602714539,0.9996582290558885,K
151,33c5c3cc-82ce-4752-9ff7-815492a5723b,0.504281222820282,0.9999000292196337,K
151,4de9bced-6dc9-4e2e-93ca-cfd9332dbaad,0.5480883717536926,0.9997654403745225,K
151,b7d5fd03-d021-45a8-8991-f59883e8bce8,0.855555534362793,0.9999000291085337,K
151,3d8f9ff8-45c2-4d89-9048-7b029a926122,0.5046283602714539,0.9996582288892788,K
151,b191a84a-4d8c-4f6d-b537-3c341f36826d,0.5255602598190308,0.9997654402356662,K
151,47ded868-11a4-4fc0-ba79-900141159208,0.5480883717536926,0.9997654401801237,K
151,484d5557-5fe3-46aa-827e-baac4fe68240,0.855555534362793,0.9999000289141088,K
151,4f420403-b61f-46c1-82f0-88d17cd96b2e,0.5046283602714539,0.9996582286949008,K
151,636d6a36-33b2-4c8f-be84-60ec0fc2c1cd,0.504281222820282,0.9999000288307838,K
151,19e6855d-07bc-48ca-ba28-a70e97060662,0.5480883717536926,0.9997654400134961,K
151,ebd9b399-bfa3-4972-a559-f8946d588900,0.855555534362793,0.9999000287196838,K
151,8733fa5d-4c37-46f2-81e3-05b7303e8243,0.5046283602714539,0.9996582285005229,K
151,f0226eb1-7d7c-4bd7-bcd8-a42804ec96ba,0.504281222820282,0.9999000286641337,K
151,5acd6cda-87ac-426a-82b7-963958247a17,0.5480883717536926,0.9997654398190973,K
151,bf81bcdd-024a-4254-89f8-1dcedea8cb93,0.855555534362793,0.9999000285252587,K
151,d518b159-bc3f-4384-9f21-1b523feb46ba,0.5046283602714539,0.9996582283339132,K
151,aeaeaa53-bc3b-4b8b-8790-1f4d2f21c7e8,0.504281222820282,0.9999000284697087,K
151,72f354be-8fad-43f9-840f-203837ffc5d8,0.5480883717536926,0.9997654396246984,K
152,17594637-b253-4fad-bda7-17964a587f02,0.6255056262016296,0.9998916783949865,K
152,6474054a-1f76-48de-98c6-f760945e079e,0.5406999588012695,0.9998916782838875,K
152,191f5071-a27c-4b90-8eb9-42493218ea9a,0.8470198512077332,0.9998916782838875,K
152,977b2dda-1f03-4187-a08e-0d77bda245fe,0.5345472693443298,0.9998916782283379,K
152,7f5a87c0-daf1-4ae1-8480-ae62287adcf1,0.6255056262016296,0.9998916781727883,K
152,98e848dc-b2d0-448f-a23a-f07aebfc436f,0.5406999588012695,0.9998916781172389,K
152,47b583fc-4e7d-4a83-87eb-289f261c119b,0.8470198512077332,0.9998916780894641,K
152,a5ea423f-c14b-4531-8fa3-155efd6fbcb5,0.5345472693443298,0.9998916780616893,K
152,377a0c03-cd16-4846-987f-db59d9a30d1a,0.6255056262016296,0.9998916780061398,K
152,69db3173-066a-47df-b2da-5ac218206396,0.5406999588012695,0.9998916779505902,K
152,5575014b-45cd-4c58-b0c2-3b7083a91c17,0.8470198512077332,0.9998916779228154,K
152,187598fe-5b0f-41e6-b5e4-a2432cf529f5,0.5345472693443298,0.999891677867266,K
152,28f42dd8-db9c-4980-986f-50e4ba2176bf,0.6255056262016296,0.9998916778394912,K
152,d9546b12-eef0-4cd1-ac23-f74e7d952ffe,0.5406999588012695,0.9998916776728426,K
152,4ab18331-04ea-44f3-b64d-4102a84824d8,0.8470198512077332,0.9998916776450678,K
152,33c5c3cc-82ce-4752-9ff7-815492a5723b,0.5345472693443298,0.999891677617293,K
152,4de9bced-6dc9-4e2e-93ca-cfd9332dbaad,0.6255056262016296,0.9998916775617435,K
152,b7d5fd03-d021-45a8-8991-f59883e8bce8,0.5406999588012695,0.9998916775061939,K
152,3d8f9ff8-45c2-4d89-9048-7b029a926122,0.8470198512077332,0.9998916774784191,K
152,47ded868-11a4-4fc0-ba79-900141159208,0.6255056262016296,0.9998916773950949,K
152,484d5557-5fe3-46aa-827e-baac4fe68240,0.5406999588012695,0.9998916773117705,K
152,4f420403-b61f-46c1-82f0-88d17cd96b2e,0.8470198512077332,0.9998916773117705,K
152,636d6a36-33b2-4c8f-be84-60ec0fc2c1cd,0.5345472693443298,0.999891677256221,K
152,19e6855d-07bc-48ca-ba28-a70e97060662,0.6255056262016296,0.9998916772006715,K
152,ebd9b399-bfa3-4972-a559-f8946d588900,0.5406999588012695,0.999891677145122,K
152,8733fa5d-4c37-46f2-81e3-05b7303e8243,0.8470198512077332,0.9998916771173472,K
152,f0226eb1-7d7c-4bd7-bcd8-a42804ec96ba,0.5345472693443298,0.9998916770895724,K
152,5acd6cda-87ac-426a-82b7-963958247a17,0.6255056262016296,0.9998916770340228,K
152,bf81bcdd-024a-4254-89f8-1dcedea8cb93,0.5406999588012695,0.9998916769784734,K
152,d518b159-bc3f-4384-9f21-1b523feb46ba,0.8470198512077332,0.9998916769506986,K
152,aeaeaa53-bc3b-4b8b-8790-1f4d2f21c7e8,0.5345472693443298,0.999891676895149,K
152,72f354be-8fad-43f9-840f-203837ffc5d8,0.6255056262016296,0.9998916768673742,K
153,6b2a63bc-2cd8-46e7-add6-190dbfc3c846,0.8292428851127625,0.9991414174875178,K
153,2fc9baef-078d-4884-8fd8-f8842241b5a6,0.8292428851127625,0.9991414173209943,K
153,5a217a1f-349b-4708-8bc7-184b8e4678df,0.8292428851127625,0.9991414171267167,K
153,7d3891ec-d177-427b-9824-a56a1b162d36,0.8292428851127625,0.9991414169601931,K
153,ea5fd6bf-0874-4283-934e-00dfff50a44c,0.8292428851127625,0.9991414167936695,K
153,9161046b-65ea-46ec-a03f-6fb5c9a77e01,0.8292428851127625,0.999141416599392,K
153,769ab660-9f6e-46a8-9129-bff5520404ff,0.8292428851127625,0.9991414164328685,K
153,ee54d499-64ca-4be2-963b-9a39b465419f,0.8292428851127625,0.9992242867434312,K
154,ae28eb05-6ce6-437e-a288-28ff4b3874e5,0.5253481864929199,0.9991404281437268,K
154,09537d4e-e05f-42e1-a52d-78c649b6b505,0.5253481864929199,0.9991404279494495,K
154,3b5480b8-7edd-4147-9a51-10f576388432,0.5253481864929199,0.9991404277829261,K
154,a6bd7cd3-c58e-4cdb-be02-ecc21fc7245b,0.5253481864929199,0.9991404273943715,K
154,bed86c39-42bd-4407-811e-887da686288e,0.5253481864929199,0.999140427227848,K
154,8fc8e182-c1e5-4786-9abc-2f95d7c25741,0.5253481864929199,0.9991404270335708,K
154,c78bb77c-3485-4297-95ef-51603398e382,0.5253481864929199,0.9991404268670474,K
154,08fbc225-9a4b-4e5e-bc5a-7df941768ffd,0.5253481864929199,0.99914042667277,K
154,6474054a-1f76-48de-98c6-f760945e079e,0.5013392567634583,0.999799853754155,K
154,977b2dda-1f03-4187-a08e-0d77bda245fe,0.8757643699645996,0.9997998536986106,K
154,98e848dc-b2d0-448f-a23a-f07aebfc436f,0.5013392567634583,0.9997998535875217,K
154,a5ea423f-c14b-4531-8fa3-155efd6fbcb5,0.8757643699645996,0.9997998535042051,K
154,69db3173-066a-47df-b2da-5ac218206396,0.5013392567634583,0.9997998533931162,K
154,187598fe-5b0f-41e6-b5e4-a2432cf529f5,0.8757643699645996,0.9997998533375717,K
154,d9546b12-eef0-4cd1-ac23-f74e7d952ffe,0.5013392567634583,0.9997998532264829,K
154,33c5c3cc-82ce-4752-9ff7-815492a5723b,0.8757643699645996,0.9997998531709384,K
154,b7d5fd03-d021-45a8-8991-f59883e8bce8,0.5013392567634583,0.9997998530598495,K
154,484d5557-5fe3-46aa-827e-baac4fe68240,0.5013392567634583,0.9997998528932163,K
154,636d6a36-33b2-4c8f-be84-60ec0fc2c1cd,0.8757643699645996,0.9997998528098996,K
154,ebd9b399-bfa3-4972-a559-f8946d588900,0.5013392567634583,0.9997998526988107,K
154,f0226eb1-7d7c-4bd7-bcd8-a42804ec96ba,0.8757643699645996,0.9997998526432663,K
154,bf81bcdd-024a-4254-89f8-1dcedea8cb93,0.5013392567634583,0.9997998525321774,K
154,aeaeaa53-bc3b-4b8b-8790-1f4d2f21c7e8,0.8757643699645996,0.9997998524488607,K
154,48187999-dc68-4290-83c0-fcf37a386c71,0.5013392567634583,0.9997998523655441,K
155,17594637-b253-4fad-bda7-17964a587f02,0.5904790759086609,0.9996905072361028,K
155,191f5071-a27c-4b90-8eb9-42493218ea9a,0.5300524234771729,0.999690507125026,K
155,af366e3f-4fbe-4d62-94f4-27a28c0bdc7b,0.7352790832519531,0.9992405809214083,K
155,7f5a87c0-daf1-4ae1-8480-ae62287adcf1,0.5904790759086609,0.9996905070417185,K
155,47b583fc-4e7d-4a83-87eb-289f261c119b,0.5300524234771729,0.9996905069306418,K
155,d1e99a85-6e7c-4313-a14d-5766fe35109c,0.7392767071723938,0.9991376953318698,K
155,377a0c03-cd16-4846-987f-db59d9a30d1a,0.5904790759086609,0.9996905068473342,K
155,5575014b-45cd-4c58-b0c2-3b7083a91c17,0.5300524234771729,0.9996905067640267,K
155,c22f88bc-cd67-47d4-a85a-acc2707d11e7,0.735892117023468,0.9991376951653468,K
155,28f42dd8-db9c-4980-986f-50e4ba2176bf,0.5904790759086609,0.9996905066807191,K
155,4ab18331-04ea-44f3-b64d-4102a84824d8,0.5300524234771729,0.9996905065974115,K
155,9d3c1f32-6db3-400b-b249-ce5dc4c5577d,0.7339600920677185,0.9991376949710701,K
155,4de9bced-6dc9-4e2e-93ca-cfd9332dbaad,0.5904790759086609,0.9996905065141041,K
155,3d8f9ff8-45c2-4d89-9048-7b029a926122,0.5300524234771729,0.9996905064030274,K
155,4ce41372-cb02-48cc-bb0e-6571e7b03ada,0.7339600920677185,0.9991376948045471,K
155,47ded868-11a4-4fc0-ba79-900141159208,0.5904790759086609,0.9996905063197198,K
155,4f420403-b61f-46c1-82f0-88d17cd96b2e,0.5300524234771729,0.9996905062364122,K
155,52250131-db3b-4384-9c26-011408c94130,0.7339600920677185,0.9991376946380242,K
155,19e6855d-07bc-48ca-ba28-a70e97060662,0.5904790759086609,0.9996905061531047,K
155,8733fa5d-4c37-46f2-81e3-05b7303e8243,0.5300524234771729,0.9996905060697971,K
155,8ef8b061-6f89-4f6d-978d-b442b3338f2b,0.7339600920677185,0.9991376944437473,K
155,5acd6cda-87ac-426a-82b7-963958247a17,0.5904790759086609,0.9996905059587204,K
155,d518b159-bc3f-4384-9f21-1b523feb46ba,0.5300524234771729,0.9996905058754129,K
155,79e5bdfc-ff77-4200-93bd-16d4daa94bc0,0.7339600920677185,0.9992405797001144,K
155,72f354be-8fad-43f9-840f-203837ffc5d8,0.5904790759086609,0.9996905057921054,K
155,a8f0945f-fe69-4f5e-a13b-3ecc5e58d594,0.5300524234771729,0.9998067168760347,K
156,17594637-b253-4fad-bda7-17964a587f02,0.8662798404693604,0.9998926577060407,K
156,6474054a-1f76-48de-98c6-f760945e079e,0.5508572459220886,0.999783300232787,K
156,191f5071-a27c-4b90-8eb9-42493218ea9a,0.6211016178131104,0.9998926575671668,K
156,af366e3f-4fbe-4d62-94f4-27a28c0bdc7b,0.5350132584571838,0.9998926575116173,K
156,7f5a87c0-daf1-4ae1-8480-ae62287adcf1,0.8662798404693604,0.9998926574838424,K
156,98e848dc-b2d0-448f-a23a-f07aebfc436f,0.5508572459220886,0.9997833000661566,K
156,47b583fc-4e7d-4a83-87eb-289f261c119b,0.6211016178131104,0.999892657400518,K
156,377a0c03-cd16-4846-987f-db59d9a30d1a,0.8662798404693604,0.9998926573171937,K
156,69db3173-066a-47df-b2da-5ac218206396,0.5508572459220886,0.999783299899526,K
156,5575014b-45cd-4c58-b0c2-3b7083a91c17,0.6211016178131104,0.9998926572338692,K
156,28f42dd8-db9c-4980-986f-50e4ba2176bf,0.8662798404693604,0.9998926571505449,K
156,d9546b12-eef0-4cd1-ac23-f74e7d952ffe,0.5508572459220886,0.9997832997328955,K
156,4ab18331-04ea-44f3-b64d-4102a84824d8,0.6211016178131104,0.9998926570672205,K
156,4de9bced-6dc9-4e2e-93ca-cfd9332dbaad,0.8662798404693604,0.9998926569838961,K
156,b7d5fd03-d021-45a8-8991-f59883e8bce8,0.5508572459220886,0.9997832995384931,K
156,3d8f9ff8-45c2-4d89-9048-7b029a926122,0.6211016178131104,0.9998926569005717,K
156,47ded868-11a4-4fc0-ba79-900141159208,0.8662798404693604,0.9998926567894725,K
156,484d5557-5fe3-46aa-827e-baac4fe68240,0.5508572459220886,0.9997832993718626,K
156,4f420403-b61f-46c1-82f0-88d17cd96b2e,0.6211016178131104,0.9998926567061481,K
156,19e6855d-07bc-48ca-ba28-a70e97060662,0.8662798404693604,0.9998926566228238,K
156,ebd9b399-bfa3-4972-a559-f8946d588900,0.5508572459220886,0.999783299205232,K
156,8733fa5d-4c37-46f2-81e3-05b7303e8243,0.6211016178131104,0.9998926565394993,K
156,5acd6cda-87ac-426a-82b7-963958247a17,0.8662798404693604,0.999892656456175,K
156,bf81bcdd-024a-4254-89f8-1dcedea8cb93,0.5508572459220886,0.9997832990386015,K
156,d518b159-bc3f-4384-9f21-1b523feb46ba,0.6211016178131104,0.9998926563728506,K
156,72f354be-8fad-43f9-840f-203837ffc5d8,0.8662798404693604,0.9998926562895262,K
156,48187999-dc68-4290-83c0-fcf37a386c71,0.5508572459220886,0.9997832988719709,K
156,a8f0945f-fe69-4f5e-a13b-3ecc5e58d594,0.6211016178131104,0.9998926562062018,K
157,9def4543-7de4-4401-ad80-50743e094966,0.5494903922080994,0.9964985297443447,K
157,b191a84a-4d8c-4f6d-b537-3c341f36826d,0.6728390455245972,0.9993634835514867,K
158,647fa5c0-f54e-44df-a3f3-3bfd381e6c39,0.5056508183479309,0.9991937295164189,K
158,d93ef603-b5fc-498e-9b49-e8c792284401,0.8196889758110046,0.9991937294886636,K
158,6474054a-1f76-48de-98c6-f760945e079e,0.5557959079742432,0.9998186328656743,K
158,977b2dda-1f03-4187-a08e-0d77bda245fe,0.5543805956840515,0.9996019673749006,K
158,75b390f5-6de9-455f-871c-408bd441ad42,0.5056508183479309,0.9991937292943759,K
158,68e9bf97-be90-4790-8146-c85d757fa9e8,0.8196889758110046,0.9991937292666205,K
158,98e848dc-b2d0-448f-a23a-f07aebfc436f,0.5557959079742432,0.9998186326990378,K
158,a5ea423f-c14b-4531-8fa3-155efd6fbcb5,0.5543805956840515,0.9996019672083003,K
158,61ea1804-f9b0-41c3-9803-1d5fd9fb383f,0.5056508183479309,0.9991937291278435,K
158,7a400ee4-e41b-4b71-a101-58f95a0afa72,0.8196889758110046,0.9991937291000882,K
158,69db3173-066a-47df-b2da-5ac218206396,0.5557959079742432,0.9998186325046287,K
158,187598fe-5b0f-41e6-b5e4-a2432cf529f5,0.5543805956840515,0.9996019670416999,K
158,67fbec7d-43c0-4922-95c4-a904b8ca097e,0.5056508183479309,0.9991937289613113,K
158,36518f70-7189-403c-9c46-ea3c9c43ecd3,0.8196889758110046,0.999193728933556,K
158,d9546b12-eef0-4cd1-ac23-f74e7d952ffe,0.5557959079742432,0.9998186323379922,K
158,33c5c3cc-82ce-4752-9ff7-815492a5723b,0.5543805956840515,0.9996019668750996,K
158,4ad34bc4-5234-4c7e-8747-502458cca7e4,0.5056508183479309,0.999193728794779,K
158,154c3a94-1a88-4d22-b025-fc6d0a4a02a0,0.8196889758110046,0.9991937287670236,K
158,b7d5fd03-d021-45a8-8991-f59883e8bce8,0.5557959079742432,0.9998186321713558,K
158,5d4519fd-60e9-40fd-8ed1-98d4c27bb5a1,0.5056508183479309,0.9991937286282467,K
158,9a7d4baa-c077-4dfa-aee9-356aa5ce3a93,0.8196889758110046,0.9991937286004914,K
158,484d5557-5fe3-46aa-827e-baac4fe68240,0.5557959079742432,0.9998186320047193,K
158,636d6a36-33b2-4c8f-be84-60ec0fc2c1cd,0.5543805956840515,0.9996019665418989,K
158,0677aa5c-c3a6-4e35-a637-ed8f0678c9a6,0.5056508183479309,0.9991937284617144,K
158,02588678-8e35-464b-bdff-fbd0c59b2967,0.8196889758110046,0.999193728433959,K
158,ebd9b399-bfa3-4972-a559-f8946d588900,0.5557959079742432,0.999818631838083,K
158,f0226eb1-7d7c-4bd7-bcd8-a42804ec96ba,0.5543805956840515,0.9996019663752986,K
158,2591dcab-f42b-4c82-b82c-ac5f95035cc1,0.5056508183479309,0.9991937282674268,K
158,f9c4cb79-89c0-4222-b1b4-7b01b6d565c3,0.8196889758110046,0.9991937282674268,K
158,bf81bcdd-024a-4254-89f8-1dcedea8cb93,0.5557959079742432,0.9998186316714465,K
158,aeaeaa53-bc3b-4b8b-8790-1f4d2f21c7e8,0.5543805956840515,0.9996019662086983,K
158,fbcfd431-c4d2-4128-b68a-00ef40d09e9e,0.5056508183479309,0.9991937281008945,K
158,52f8641d-e4e1-415a-b212-244a8c815d1f,0.8196889758110046,0.9992936329280974,K
158,48187999-dc68-4290-83c0-fcf37a386c71,0.5557959079742432,0.99981863150481,K
158,bd53971e-2b25-4a5b-ae14-75d891ddcd49,0.5543805956840515,0.9997113035419558,K
159,54712973-88f8-4b55-ac3c-f310d4e84f9a,0.5915488004684448,0.9991977390113461,K
159,2abb50eb-8207-4f27-8894-940c4fb5ba0c,0.5915488004684448,0.9991977388170578,K
159,c47bb50c-bdfe-44ba-9585-db756efb1f92,0.5915488004684448,0.9991977385950138,K
159,cdab52b6-dbe8-4e8a-a8a4-174523e0da1d,0.5915488004684448,0.9991977384007253,K
159,98b3b619-8435-43e3-86b2-66ea005cdb1f,0.5915488004684448,0.9991977382341923,K
159,715070c4-1aed-48b5-ae33-6a37d3b7d991,0.5915488004684448,0.9991977380399039,K
159,0c625430-83eb-4ad8-ba5b-75b84597bddc,0.5915488004684448,0.999197737873371,K
159,cd48d940-0a76-402d-9dfc-ce7052b02b37,0.5915488004684448,0.9991977376790825,K
159,e990fe63-7a73-4102-838d-0b548fbd269c,0.5915488004684448,0.9991977375125496,K
159,17594637-b253-4fad-bda7-17964a587f02,0.5480883717536926,0.999722685569868,K
159,6474054a-1f76-48de-98c6-f760945e079e,0.855555534362793,0.9999040399655698,K
159,191f5071-a27c-4b90-8eb9-42493218ea9a,0.5046283602714539,0.9997226854587876,K
159,977b2dda-1f03-4187-a08e-0d77bda245fe,0.504281222820282,0.9999040398822444,K
159,7f5a87c0-daf1-4ae1-8480-ae62287adcf1,0.5480883717536926,0.9997226853754775,K
159,98e848dc-b2d0-448f-a23a-f07aebfc436f,0.855555534362793,0.9999040397989191,K
159,47b583fc-4e7d-4a83-87eb-289f261c119b,0.5046283602714539,0.9997226852921672,K
159,a5ea423f-c14b-4531-8fa3-155efd6fbcb5,0.504281222820282,0.9999040397155937,K
159,377a0c03-cd16-4846-987f-db59d9a30d1a,0.5480883717536926,0.999722685208857,K
159,69db3173-066a-47df-b2da-5ac218206396,0.855555534362793,0.9999040396044934,K
159,5575014b-45cd-4c58-b0c2-3b7083a91c17,0.5046283602714539,0.9997226850977767,K
159,187598fe-5b0f-41e6-b5e4-a2432cf529f5,0.504281222820282,0.9999040395489431,K
159,28f42dd8-db9c-4980-986f-50e4ba2176bf,0.5480883717536926,0.9997226850144665,K
159,d9546b12-eef0-4cd1-ac23-f74e7d952ffe,0.855555534362793,0.9999040394378427,K
159,4ab18331-04ea-44f3-b64d-4102a84824d8,0.5046283602714539,0.9997226849311562,K
159,33c5c3cc-82ce-4752-9ff7-815492a5723b,0.504281222820282,0.9999040393822924,K
159,4de9bced-6dc9-4e2e-93ca-cfd9332dbaad,0.5480883717536926,0.999722684847846,K
159,b7d5fd03-d021-45a8-8991-f59883e8bce8,0.855555534362793,0.999904039271192,K
159,3d8f9ff8-45c2-4d89-9048-7b029a926122,0.5046283602714539,0.9997226847645359,K
159,b191a84a-4d8c-4f6d-b537-3c341f36826d,0.5255602598190308,0.999834151421063,K
159,47ded868-11a4-4fc0-ba79-900141159208,0.5480883717536926,0.9997226846812256,K
159,484d5557-5fe3-46aa-827e-baac4fe68240,0.855555534362793,0.9999040391045413,K
159,4f420403-b61f-46c1-82f0-88d17cd96b2e,0.5046283602714539,0.9997226845979154,K
159,636d6a36-33b2-4c8f-be84-60ec0fc2c1cd,0.504281222820282,0.9999040390212159,K
159,19e6855d-07bc-48ca-ba28-a70e97060662,0.5480883717536926,0.9997226845146051,K
159,ebd9b399-bfa3-4972-a559-f8946d588900,0.855555534362793,0.9999040389101155,K
159,8733fa5d-4c37-46f2-81e3-05b7303e8243,0.5046283602714539,0.9997226844035249,K
159,f0226eb1-7d7c-4bd7-bcd8-a42804ec96ba,0.504281222820282,0.9999040388545652,K
159,5acd6cda-87ac-426a-82b7-963958247a17,0.5480883717536926,0.9997226843202146,K
159,bf81bcdd-024a-4254-89f8-1dcedea8cb93,0.855555534362793,0.9999040387434649,K
159,d518b159-bc3f-4384-9f21-1b523feb46ba,0.5046283602714539,0.9997226842369044,K
159,aeaeaa53-bc3b-4b8b-8790-1f4d2f21c7e8,0.504281222820282,0.9999040386601395,K
159,72f354be-8fad-43f9-840f-203837ffc5d8,0.5480883717536926,0.9997226841535941,K
159,48187999-dc68-4290-83c0-fcf37a386c71,0.855555534362793,0.9999040385768142,K
159,a8f0945f-fe69-4f5e-a13b-3ecc5e58d594,0.5046283602714539,0.999722684070284,K
159,bd53971e-2b25-4a5b-ae14-75d891ddcd49,0.504281222820282,0.9999040384934889,K
159,7bf5f69d-e090-4f3c-83c9-41bfbfc26fee,0.5480883717536926,0.9998341506989605,K
160,17594637-b253-4fad-bda7-17964a587f02,0.6255056262016296,0.9998858476269891,K
160,6474054a-1f76-48de-98c6-f760945e079e,0.5406999588012695,0.9998858475436653,K
160,191f5071-a27c-4b90-8eb9-42493218ea9a,0.8470198512077332,0.9998858475158907,K
160,977b2dda-1f03-4187-a08e-0d77bda245fe,0.5345472693443298,0.999885847488116,K
160,7f5a87c0-daf1-4ae1-8480-ae62287adcf1,0.6255056262016296,0.9998858474325669,K
160,98e848dc-b2d0-448f-a23a-f07aebfc436f,0.5406999588012695,0.9998858473770177,K
160,47b583fc-4e7d-4a83-87eb-289f261c119b,0.8470198512077332,0.999885847349243,K
160,a5ea423f-c14b-4531-8fa3-155efd6fbcb5,0.5345472693443298,0.9998858472936938,K
160,377a0c03-cd16-4846-987f-db59d9a30d1a,0.6255056262016296,0.9998858472659192,K
160,69db3173-066a-47df-b2da-5ac218206396,0.5406999588012695,0.9998858471825954,K
160,5575014b-45cd-4c58-b0c2-3b7083a91c17,0.8470198512077332,0.9998858471825954,K
160,187598fe-5b0f-41e6-b5e4-a2432cf529f5,0.5345472693443298,0.9998858471270462,K
160,28f42dd8-db9c-4980-986f-50e4ba2176bf,0.6255056262016296,0.9998858470992716,K
160,d9546b12-eef0-4cd1-ac23-f74e7d952ffe,0.5406999588012695,0.9998858470159477,K
160,4ab18331-04ea-44f3-b64d-4102a84824d8,0.8470198512077332,0.9998858469881732,K
160,33c5c3cc-82ce-4752-9ff7-815492a5723b,0.5345472693443298,0.9998858469603985,K
160,4de9bced-6dc9-4e2e-93ca-cfd9332dbaad,0.6255056262016296,0.9998858469048494,K
160,b7d5fd03-d021-45a8-8991-f59883e8bce8,0.5406999588012695,0.9998858468493002,K
160,3d8f9ff8-45c2-4d89-9048-7b029a926122,0.8470198512077332,0.9998858468215255,K
160,47ded868-11a4-4fc0-ba79-900141159208,0.6255056262016296,0.9998858467382017,K
160,484d5557-5fe3-46aa-827e-baac4fe68240,0.5406999588012695,0.9998858466826525,K
160,4f420403-b61f-46c1-82f0-88d17cd96b2e,0.8470198512077332,0.9998858466548779,K
160,636d6a36-33b2-4c8f-be84-60ec0fc2c1cd,0.5345472693443298,0.9998858465993287,K
160,19e6855d-07bc-48ca-ba28-a70e97060662,0.6255056262016296,0.9998858465715541,K
160,ebd9b399-bfa3-4972-a559-f8946d588900,0.5406999588012695,0.9998858465160049,K
160,8733fa5d-4c37-46f2-81e3-05b7303e8243,0.8470198512077332,0.9998858464882302,K
160,f0226eb1-7d7c-4bd7-bcd8-a42804ec96ba,0.5345472693443298,0.999885846432681,K
160,5acd6cda-87ac-426a-82b7-963958247a17,0.6255056262016296,0.9998858464049064,K
160,bf81bcdd-024a-4254-89f8-1dcedea8cb93,0.5406999588012695,0.9998858463215826,K
160,d518b159-bc3f-4384-9f21-1b523feb46ba,0.8470198512077332,0.9998858463215826,K
160,aeaeaa53-bc3b-4b8b-8790-1f4d2f21c7e8,0.5345472693443298,0.9998858462660334,K
160,72f354be-8fad-43f9-840f-203837ffc5d8,0.6255056262016296,0.9998858462382588,K
160,48187999-dc68-4290-83c0-fcf37a386c71,0.5406999588012695,0.9998858461549349,K
160,a8f0945f-fe69-4f5e-a13b-3ecc5e58d594,0.8470198512077332,0.9998858461271604,K
160,bd53971e-2b25-4a5b-ae14-75d891ddcd49,0.5345472693443298,0.9998858460993857,K
160,7bf5f69d-e090-4f3c-83c9-41bfbfc26fee,0.6255056262016296,0.9998858460438366,K
160,93359477-9e05-45e7-ae2a-445ea968401a,0.506179928779602,0.9997898917147269,K
161,6b2a63bc-2cd8-46e7-add6-190dbfc3c846,0.8292428851127625,0.9991846760573393,K
161,2fc9baef-078d-4884-8fd8-f8842241b5a6,0.8292428851127625,0.9991846758908085,K
161,5a217a1f-349b-4708-8bc7-184b8e4678df,0.8292428851127625,0.9991846757242778,K
161,7d3891ec-d177-427b-9824-a56a1b162d36,0.8292428851127625,0.9991846755299919,K
161,ea5fd6bf-0874-4283-934e-00dfff50a44c,0.8292428851127625,0.9991846753634611,K
161,9161046b-65ea-46ec-a03f-6fb5c9a77e01,0.8292428851127625,0.9991846751969303,K
161,769ab660-9f6e-46a8-9129-bff5520404ff,0.8292428851127625,0.9991846750303995,K
161,ee54d499-64ca-4be2-963b-9a39b465419f,0.8292428851127625,0.9991846748638687,K
161,37696083-3d3e-4e7e-bd2e-838e0ed476da,0.8292428851127625,0.9992685402583114,K
162,ae28eb05-6ce6-437e-a288-28ff4b3874e5,0.5253481864929199,0.9991819110118602,K
162,09537d4e-e05f-42e1-a52d-78c649b6b505,0.5253481864929199,0.9991819107898197,K
162,3b5480b8-7edd-4147-9a51-10f576388432,0.5253481864929199,0.9991819105955343,K
162,a6bd7cd3-c58e-4cdb-be02-ecc21fc7245b,0.5253481864929199,0.9991819102069636,K
162,bed86c39-42bd-4407-811e-887da686288e,0.5253481864929199,0.9991819100126782,K
162,8fc8e182-c1e5-4786-9abc-2f95d7c25741,0.5253481864929199,0.9991819098183928,K
162,c78bb77c-3485-4297-95ef-51603398e382,0.5253481864929199,0.9991819095963524,K
162,08fbc225-9a4b-4e5e-bc5a-7df941768ffd,0.5253481864929199,0.9991819094020671,K
162,6474054a-1f76-48de-98c6-f760945e079e,0.5013392567634583,0.9997898468074986,K
162,977b2dda-1f03-4187-a08e-0d77bda245fe,0.8757643699645996,0.9997898467241828,K
162,98e848dc-b2d0-448f-a23a-f07aebfc436f,0.5013392567634583,0.999789846613095,K
162,a5ea423f-c14b-4531-8fa3-155efd6fbcb5,0.8757643699645996,0.9997898465575512,K
162,69db3173-066a-47df-b2da-5ac218206396,0.5013392567634583,0.9997898464186915,K
162,187598fe-5b0f-41e6-b5e4-a2432cf529f5,0.8757643699645996,0.9997898463631476,K
162,d9546b12-eef0-4cd1-ac23-f74e7d952ffe,0.5013392567634583,0.9997898462242879,K
162,33c5c3cc-82ce-4752-9ff7-815492a5723b,0.8757643699645996,0.999789846168744,K
162,b7d5fd03-d021-45a8-8991-f59883e8bce8,0.5013392567634583,0.9997898460298843,K
162,484d5557-5fe3-46aa-827e-baac4fe68240,0.5013392567634583,0.9997898458354807,K
162,636d6a36-33b2-4c8f-be84-60ec0fc2c1cd,0.8757643699645996,0.9997898457799368,K
162,ebd9b399-bfa3-4972-a559-f8946d588900,0.5013392567634583,0.9997898456410771,K
162,f0226eb1-7d7c-4bd7-bcd8-a42804ec96ba,0.8757643699645996,0.9997898455577613,K
162,bf81bcdd-024a-4254-89f8-1dcedea8cb93,0.5013392567634583,0.9997898454466736,K
162,aeaeaa53-bc3b-4b8b-8790-1f4d2f21c7e8,0.8757643699645996,0.9997898453911297,K
162,48187999-dc68-4290-83c0-fcf37a386c71,0.5013392567634583,0.99978984525227,K
162,bd53971e-2b25-4a5b-ae14-75d891ddcd49,0.8757643699645996,0.9997898451967261,K
162,1140144f-cba3-4a74-b846-a3a66beb38a7,0.5013392567634583,0.9997898450856383,K
163,17594637-b253-4fad-bda7-17964a587f02,0.5904790759086609,0.9996775839039108,K
163,191f5071-a27c-4b90-8eb9-42493218ea9a,0.5300524234771729,0.9996775837928356,K
163,af366e3f-4fbe-4d62-94f4-27a28c0bdc7b,0.7352790832519531,0.9992862644138384,K
163,7f5a87c0-daf1-4ae1-8480-ae62287adcf1,0.5904790759086609,0.9996775837095291,K
163,47b583fc-4e7d-4a83-87eb-289f261c119b,0.5300524234771729,0.9996775836262226,K
163,d1e99a85-6e7c-4313-a14d-5766fe35109c,0.7392767071723938,0.9991789934882046,K
163,377a0c03-cd16-4846-987f-db59d9a30d1a,0.5904790759086609,0.9996775835151473,K
163,5575014b-45cd-4c58-b0c2-3b7083a91c17,0.5300524234771729,0.9996775834318409,K
163,c22f88bc-cd67-47d4-a85a-acc2707d11e7,0.735892117023468,0.9991789933216747,K
163,28f42dd8-db9c-4980-986f-50e4ba2176bf,0.5904790759086609,0.9996775833485344,K
163,4ab18331-04ea-44f3-b64d-4102a84824d8,0.5300524234771729,0.9996775832652279,K
163,9d3c1f32-6db3-400b-b249-ce5dc4c5577d,0.7339600920677185,0.99917899312739,K
163,4de9bced-6dc9-4e2e-93ca-cfd9332dbaad,0.5904790759086609,0.9996775831819215,K
163,3d8f9ff8-45c2-4d89-9048-7b029a926122,0.5300524234771729,0.999677583098615,K
163,4ce41372-cb02-48cc-bb0e-6571e7b03ada,0.7339600920677185,0.9991789929608601,K
163,47ded868-11a4-4fc0-ba79-900141159208,0.5904790759086609,0.9996775830153085,K
163,4f420403-b61f-46c1-82f0-88d17cd96b2e,0.5300524234771729,0.9996775829042333,K
163,52250131-db3b-4384-9c26-011408c94130,0.7339600920677185,0.9991789927943303,K
163,19e6855d-07bc-48ca-ba28-a70e97060662,0.5904790759086609,0.9996775828209268,K
163,8733fa5d-4c37-46f2-81e3-05b7303e8243,0.5300524234771729,0.9996775827376203,K
163,8ef8b061-6f89-4f6d-978d-b442b3338f2b,0.7339600920677185,0.9991789926278004,K
163,5acd6cda-87ac-426a-82b7-963958247a17,0.5904790759086609,0.9996775826543138,K
163,d518b159-bc3f-4384-9f21-1b523feb46ba,0.5300524234771729,0.9996775825710074,K
163,79e5bdfc-ff77-4200-93bd-16d4daa94bc0,0.7339600920677185,0.9991789924612706,K
163,72f354be-8fad-43f9-840f-203837ffc5d8,0.5904790759086609,0.9996775824877009,K
163,a8f0945f-fe69-4f5e-a13b-3ecc5e58d594,0.5300524234771729,0.9996775824043944,K
163,e8ed7c68-78f4-4b3c-9bbc-83308133d05c,0.7339600920677185,0.9992862630259408,K
163,7bf5f69d-e090-4f3c-83c9-41bfbfc26fee,0.5904790759086609,0.9996775823210879,K
163,93359477-9e05-45e7-ae2a-445ea968401a,0.5301623940467834,0.9996775822933192,K
163,f80558e5-a49f-4288-a422-40b4e22b604a,0.5300524234771729,0.9998010302970974,K
167,c32c86c8-c83f-45d5-ab04-41b37b72f7f3,0.5011398196220398,0.9999163537485428,K
168,54712973-88f8-4b55-ac3c-f310d4e84f9a,0.5502097606658936,0.9991694156263184,K
168,2abb50eb-8207-4f27-8894-940c4fb5ba0c,0.5502097606658936,0.9991694154597902,K
168,c47bb50c-bdfe-44ba-9585-db756efb1f92,0.5502097606658936,0.9991694152655073,K
168,cdab52b6-dbe8-4e8a-a8a4-174523e0da1d,0.5502097606658936,0.9991694150712244,K
168,98b3b619-8435-43e3-86b2-66ea005cdb1f,0.5502097606658936,0.9991694148491868,K
168,715070c4-1aed-48b5-ae33-6a37d3b7d991,0.5502097606658936,0.9991694146549038,K
168,0c625430-83eb-4ad8-ba5b-75b84597bddc,0.5502097606658936,0.9991694144606208,K
168,cd48d940-0a76-402d-9dfc-ce7052b02b37,0.5502097606658936,0.9991694142663379,K
168,e990fe63-7a73-4102-838d-0b548fbd269c,0.5502097606658936,0.9991694140998096,K
168,6474054a-1f76-48de-98c6-f760945e079e,0.5531247854232788,0.9994935418488036,K
168,6b2a63bc-2cd8-46e7-add6-190dbfc3c846,0.5283892154693604,0.9994068887933644,K
168,98e848dc-b2d0-448f-a23a-f07aebfc436f,0.5531247854232788,0.9994935416544577,K
168,2fc9baef-078d-4884-8fd8-f8842241b5a6,0.5283892154693604,0.9994068885990353,K
168,69db3173-066a-47df-b2da-5ac218206396,0.5531247854232788,0.9994935414601117,K
168,5a217a1f-349b-4708-8bc7-184b8e4678df,0.5283892154693604,0.9994068884324675,K
168,d9546b12-eef0-4cd1-ac23-f74e7d952ffe,0.5531247854232788,0.9994935412657657,K
168,7d3891ec-d177-427b-9824-a56a1b162d36,0.5283892154693604,0.9994068882381384,K
168,b7d5fd03-d021-45a8-8991-f59883e8bce8,0.5531247854232788,0.9994935410991834,K
168,ea5fd6bf-0874-4283-934e-00dfff50a44c,0.5283892154693604,0.9994068880438093,K
168,484d5557-5fe3-46aa-827e-baac4fe68240,0.5531247854232788,0.9994935409048374,K
168,9161046b-65ea-46ec-a03f-6fb5c9a77e01,0.5283892154693604,0.9994068878494802,K
168,ebd9b399-bfa3-4972-a559-f8946d588900,0.5531247854232788,0.9994935407104916,K
168,769ab660-9f6e-46a8-9129-bff5520404ff,0.5283892154693604,0.999406887655151,K
168,bf81bcdd-024a-4254-89f8-1dcedea8cb93,0.5531247854232788,0.9994935405161456,K
168,ee54d499-64ca-4be2-963b-9a39b465419f,0.5283892154693604,0.9994068874608218,K
168,48187999-dc68-4290-83c0-fcf37a386c71,0.5531247854232788,0.9994935403217996,K
168,37696083-3d3e-4e7e-bd2e-838e0ed476da,0.5283892154693604,0.9994068872942541,K
168,1140144f-cba3-4a74-b846-a3a66beb38a7,0.5531247854232788,0.9994935401552173,K
168,d20faed4-eb97-4bd1-925e-0136e37d679e,0.5283892154693604,0.9994935400996899,K
169,c32c86c8-c83f-45d5-ab04-41b37b72f7f3,0.5324795246124268,0.9998321918313661,K
170,e7ac4336-0975-4314-a95f-95d3cad51426,0.63898766040802,0.9999401138488027,K
171,ae28eb05-6ce6-437e-a288-28ff4b3874e5,0.5358665585517883,0.9992480221826948,K
171,09537d4e-e05f-42e1-a52d-78c649b6b505,0.5358665585517883,0.9992480219606398,K
171,3b5480b8-7edd-4147-9a51-10f576388432,0.5358665585517883,0.9992480217940984,K
171,a6bd7cd3-c58e-4cdb-be02-ecc21fc7245b,0.5358665585517883,0.999248021405502,K
171,bed86c39-42bd-4407-811e-887da686288e,0.5358665585517883,0.9992480212112037,K
171,8fc8e182-c1e5-4786-9abc-2f95d7c25741,0.5358665585517883,0.9992480210446624,K
171,c78bb77c-3485-4297-95ef-51603398e382,0.5358665585517883,0.999248020878121,K
171,08fbc225-9a4b-4e5e-bc5a-7df941768ffd,0.5358665585517883,0.9992480207115797,K
171,977b2dda-1f03-4187-a08e-0d77bda245fe,0.5861200094223022,0.9992480204340108,K
171,a5ea423f-c14b-4531-8fa3-155efd6fbcb5,0.5861200094223022,0.9992480202674695,K
171,187598fe-5b0f-41e6-b5e4-a2432cf529f5,0.5861200094223022,0.9992480201009282,K
171,33c5c3cc-82ce-4752-9ff7-815492a5723b,0.5861200094223022,0.9992480199343868,K
171,636d6a36-33b2-4c8f-be84-60ec0fc2c1cd,0.5861200094223022,0.9992480195735473,K
171,f0226eb1-7d7c-4bd7-bcd8-a42804ec96ba,0.5861200094223022,0.9992480194070059,K
171,aeaeaa53-bc3b-4b8b-8790-1f4d2f21c7e8,0.5861200094223022,0.9992480192404646,K
171,bd53971e-2b25-4a5b-ae14-75d891ddcd49,0.5861200094223022,0.9992480190461663,K
171,357cadba-923b-4c81-921e-0c79caa39768,0.5861200094223022,0.9993602328772024,K
172,a90d73ab-af6a-4d5c-b605-d017dbe835c0,0.5412040948867798,0.9998097626252024,K
173,c32c86c8-c83f-45d5-ab04-41b37b72f7f3,0.8468714952468872,0.9996855479504125,K
173,e7ac4336-0975-4314-a95f-95d3cad51426,0.5169489979743958,0.9997454219938148,K
173,a90d73ab-af6a-4d5c-b605-d017dbe835c0,0.5604823231697083,0.9999356502649774,K
173,707cc2c2-bfa0-445d-96aa-40fc2d0fcc81,0.5591617822647095,0.9999356502094255,K
174,5bc736b9-da8b-48af-8d16-384379c6b544,0.8332304358482361,0.9994307276525795,K
174,a90d73ab-af6a-4d5c-b605-d017dbe835c0,0.5618100166320801,0.9999128998767693,K
174,707cc2c2-bfa0-445d-96aa-40fc2d0fcc81,0.5542296767234802,0.999912899848994,K
175,c32c86c8-c83f-45d5-ab04-41b37b72f7f3,0.5011398196220398,0.9998244543543847,K
175,556c6e68-769a-4fce-8119-4cc0796ff271,0.8843570351600647,0.9994054925118709,K
175,a90d73ab-af6a-4d5c-b605-d017dbe835c0,0.5263493061065674,0.9999115500785917,K
175,e391c4a1-b41a-4eb0-93d8-af88604bb697,0.5011398196220398,0.999911549939715,K
176,54712973-88f8-4b55-ac3c-f310d4e84f9a,0.5502097606658936,0.9993386593377563,K
176,2abb50eb-8207-4f27-8894-940c4fb5ba0c,0.5502097606658936,0.9993386591711999,K
176,c47bb50c-bdfe-44ba-9585-db756efb1f92,0.5502097606658936,0.999338658976884,K
176,cdab52b6-dbe8-4e8a-a8a4-174523e0da1d,0.5502097606658936,0.9993386587825682,K
176,98b3b619-8435-43e3-86b2-66ea005cdb1f,0.5502097606658936,0.9993386585882523,K
176,715070c4-1aed-48b5-ae33-6a37d3b7d991,0.5502097606658936,0.9993386584216959,K
176,0c625430-83eb-4ad8-ba5b-75b84597bddc,0.5502097606658936,0.9993386582551395,K
176,cd48d940-0a76-402d-9dfc-ce7052b02b37,0.5502097606658936,0.9993386580608237,K
176,e990fe63-7a73-4102-838d-0b548fbd269c,0.5502097606658936,0.9993386578942671,K
176,6474054a-1f76-48de-98c6-f760945e079e,0.5531247854232788,0.9993386576444325,K
176,6b2a63bc-2cd8-46e7-add6-190dbfc3c846,0.5283892154693604,0.9993386575889137,K
176,98e848dc-b2d0-448f-a23a-f07aebfc436f,0.5531247854232788,0.9993386574778761,K
176,2fc9baef-078d-4884-8fd8-f8842241b5a6,0.5283892154693604,0.9993386574223573,K
176,69db3173-066a-47df-b2da-5ac218206396,0.5531247854232788,0.9993386573113197,K
176,5a217a1f-349b-4708-8bc7-184b8e4678df,0.5283892154693604,0.9993386572558008,K
176,d9546b12-eef0-4cd1-ac23-f74e7d952ffe,0.5531247854232788,0.9993386571447632,K
176,7d3891ec-d177-427b-9824-a56a1b162d36,0.5283892154693604,0.9993386570892444,K
176,b7d5fd03-d021-45a8-8991-f59883e8bce8,0.5531247854232788,0.9993386569504473,K
176,ea5fd6bf-0874-4283-934e-00dfff50a44c,0.5283892154693604,0.999338656922688,K
176,484d5557-5fe3-46aa-827e-baac4fe68240,0.5531247854232788,0.9993386567838909,K
176,9161046b-65ea-46ec-a03f-6fb5c9a77e01,0.5283892154693604,0.9993386567283721,K
176,ebd9b399-bfa3-4972-a559-f8946d588900,0.5531247854232788,0.9993386566173345,K
176,769ab660-9f6e-46a8-9129-bff5520404ff,0.5283892154693604,0.9993386565618156,K
176,bf81bcdd-024a-4254-89f8-1dcedea8cb93,0.5531247854232788,0.9993386564230186,K
176,ee54d499-64ca-4be2-963b-9a39b465419f,0.5283892154693604,0.9993386563952592,K
176,48187999-dc68-4290-83c0-fcf37a386c71,0.5531247854232788,0.9993386562564621,K
176,37696083-3d3e-4e7e-bd2e-838e0ed476da,0.5283892154693604,0.9993386562287028,K
176,1140144f-cba3-4a74-b846-a3a66beb38a7,0.5531247854232788,0.9993386560899057,K
176,d20faed4-eb97-4bd1-925e-0136e37d679e,0.5283892154693604,0.9993386560621463,K
176,e7ac4336-0975-4314-a95f-95d3cad51426,0.9249322414398193,0.9997575896639124,K
176,a90d73ab-af6a-4d5c-b605-d017dbe835c0,0.5185921788215637,0.9999331270416515,K
176,10121df1-962f-4937-ae84-b13fa451e7db,0.5762041211128235,0.9995841988026214,K
176,707cc2c2-bfa0-445d-96aa-40fc2d0fcc81,0.5201148986816406,0.9998446795912416,K
177,c32c86c8-c83f-45d5-ab04-41b37b72f7f3,0.5324795246124268,0.999831966813602,K
177,e7ac4336-0975-4314-a95f-95d3cad51426,0.5103228688240051,0.9998988366451351,K
177,a90d73ab-af6a-4d5c-b605-d017dbe835c0,0.8505786657333374,0.9998988366451351,K
177,707cc2c2-bfa0-445d-96aa-40fc2d0fcc81,0.5076812505722046,0.9998988365895851,K
177,d87bfbc6-7773-4a2f-947e-573235b71b07,0.5229843854904175,0.9996564470000739,K
177,e391c4a1-b41a-4eb0-93d8-af88604bb697,0.5324795246124268,0.9998319665914172,K
178,e7ac4336-0975-4314-a95f-95d3cad51426,0.63898766040802,0.9999329571363621,K
178,a90d73ab-af6a-4d5c-b605-d017dbe835c0,0.5058587789535522,0.9999329571085862,K
178,10121df1-962f-4937-ae84-b13fa451e7db,0.8554278612136841,0.9998317970365939,K
178,707cc2c2-bfa0-445d-96aa-40fc2d0fcc81,0.5057926177978516,0.9999329570530344,K
178,b8c0204a-fd20-4c6f-8c6d-4fb8e54050e8,0.63898766040802,0.9999329569141548,K
179,ae28eb05-6ce6-437e-a288-28ff4b3874e5,0.5358665585517883,0.9993391130098512,K
179,09537d4e-e05f-42e1-a52d-78c649b6b505,0.5358665585517883,0.9993391127877759,K
179,3b5480b8-7edd-4147-9a51-10f576388432,0.5358665585517883,0.9993391126212194,K
179,a6bd7cd3-c58e-4cdb-be02-ecc21fc7245b,0.5358665585517883,0.9993391122325875,K
179,bed86c39-42bd-4407-811e-887da686288e,0.5358665585517883,0.999339112066031,K
179,8fc8e182-c1e5-4786-9abc-2f95d7c25741,0.5358665585517883,0.9993391118717151,K
179,c78bb77c-3485-4297-95ef-51603398e382,0.5358665585517883,0.9993391117051585,K
179,08fbc225-9a4b-4e5e-bc5a-7df941768ffd,0.5358665585517883,0.9993391115108426,K
179,977b2dda-1f03-4187-a08e-0d77bda245fe,0.5861200094223022,0.9993391112610078,K
179,a5ea423f-c14b-4531-8fa3-155efd6fbcb5,0.5861200094223022,0.9993391110666919,K
179,187598fe-5b0f-41e6-b5e4-a2432cf529f5,0.5861200094223022,0.9993391109001354,K
179,33c5c3cc-82ce-4752-9ff7-815492a5723b,0.5861200094223022,0.9993391107335788,K
179,636d6a36-33b2-4c8f-be84-60ec0fc2c1cd,0.5861200094223022,0.9993391104004659,K
179,f0226eb1-7d7c-4bd7-bcd8-a42804ec96ba,0.5861200094223022,0.9993391102061498,K
179,aeaeaa53-bc3b-4b8b-8790-1f4d2f21c7e8,0.5861200094223022,0.9993391100395933,K
179,bd53971e-2b25-4a5b-ae14-75d891ddcd49,0.5861200094223022,0.9993391098730369,K
179,357cadba-923b-4c81-921e-0c79caa39768,0.5861200094223022,0.9993391097064803,K
179,707cc2c2-bfa0-445d-96aa-40fc2d0fcc81,0.8571113348007202,0.9999230061030712,K
180,a90d73ab-af6a-4d5c-b605-d017dbe835c0,0.5412040948867798,0.9998217919642721,K
180,d87bfbc6-7773-4a2f-947e-573235b71b07,0.7840074896812439,0.999754757243589,K
180,3a1eafb8-aeb7-44f4-8aa2-7e7cd6f3f6f3,0.5412040948867798,0.9998217917420895,K
181,c32c86c8-c83f-45d5-ab04-41b37b72f7f3,0.8468714952468872,0.9996877007755581,K
181,e7ac4336-0975-4314-a95f-95d3cad51426,0.5169489979743958,0.9997547308056302,K
181,a90d73ab-af6a-4d5c-b605-d017dbe835c0,0.5604823231697083,0.9999329307214668,K
181,707cc2c2-bfa0-445d-96aa-40fc2d0fcc81,0.5591617822647095,0.9998317152448015,K
181,e391c4a1-b41a-4eb0-93d8-af88604bb697,0.8468714952468872,0.9996877005256362,K
181,b8c0204a-fd20-4c6f-8c6d-4fb8e54050e8,0.5169489979743958,0.9997547305834624,K
181,3a1eafb8-aeb7-44f4-8aa2-7e7cd6f3f6f3,0.5604823231697083,0.9999329304992596,K
181,7d13bfd4-9dc4-4679-8824-6cc98b334f94,0.5591617822647095,0.9999329304714836,K
182,5bc736b9-da8b-48af-8d16-384379c6b544,0.8332304358482361,0.9993393346410836,K
182,a90d73ab-af6a-4d5c-b605-d017dbe835c0,0.5618100166320801,0.9999079804285049,K
182,707cc2c2-bfa0-445d-96aa-40fc2d0fcc81,0.5542296767234802,0.9999079803729545,K
182,a6449832-2b79-4d00-8dc0-3b5935990112,0.8332304358482361,0.9994277371104588,K
182,3a1eafb8-aeb7-44f4-8aa2-7e7cd6f3f6f3,0.5618100166320801,0.999907980178528,K
182,7d13bfd4-9dc4-4679-8824-6cc98b334f94,0.5542296767234802,0.9999079801229775,K
183,c32c86c8-c83f-45d5-ab04-41b37b72f7f3,0.5011398196220398,0.9998154898851964,K
183,556c6e68-769a-4fce-8119-4cc0796ff271,0.8843570351600647,0.999335291128,K
183,a90d73ab-af6a-4d5c-b605-d017dbe835c0,0.5263493061065674,0.9999075046946212,K
183,e391c4a1-b41a-4eb0-93d8-af88604bb697,0.5011398196220398,0.9998154896630153,K
183,27063bf5-8e44-4ec0-9725-f0f8464e9592,0.8843570351600647,0.999402127574765,K
183,3a1eafb8-aeb7-44f4-8aa2-7e7cd6f3f6f3,0.5263493061065674,0.9999075044724196,K
183,34a703e9-feed-4aba-8f00-349fb82e98c4,0.5011398196220398,0.9999075043890939,K
184,54712973-88f8-4b55-ac3c-f310d4e84f9a,0.5502097606658936,0.9993310629770872,K
184,2abb50eb-8207-4f27-8894-940c4fb5ba0c,0.5502097606658936,0.9993310627827728,K
184,c47bb50c-bdfe-44ba-9585-db756efb1f92,0.5502097606658936,0.9993310625884585,K
184,cdab52b6-dbe8-4e8a-a8a4-174523e0da1d,0.5502097606658936,0.9993310624219033,K
184,98b3b619-8435-43e3-86b2-66ea005cdb1f,0.5502097606658936,0.9993310621998297,K
184,715070c4-1aed-48b5-ae33-6a37d3b7d991,0.5502097606658936,0.9993310620332745,K
184,0c625430-83eb-4ad8-ba5b-75b84597bddc,0.5502097606658936,0.9993310618667194,K
184,cd48d940-0a76-402d-9dfc-ce7052b02b37,0.5502097606658936,0.999331061672405,K
184,e990fe63-7a73-4102-838d-0b548fbd269c,0.5502097606658936,0.9993310614780906,K
184,6474054a-1f76-48de-98c6-f760945e079e,0.5531247854232788,0.9993310612282579,K
184,6b2a63bc-2cd8-46e7-add6-190dbfc3c846,0.5283892154693604,0.9993310611727395,K
184,98e848dc-b2d0-448f-a23a-f07aebfc436f,0.5531247854232788,0.9993310610339434,K
184,2fc9baef-078d-4884-8fd8-f8842241b5a6,0.5283892154693604,0.9993310610061843,K
184,69db3173-066a-47df-b2da-5ac218206396,0.5531247854232788,0.9993310608673883,K
184,5a217a1f-349b-4708-8bc7-184b8e4678df,0.5283892154693604,0.9993310608396291,K
184,d9546b12-eef0-4cd1-ac23-f74e7d952ffe,0.5531247854232788,0.9993310607008331,K
184,7d3891ec-d177-427b-9824-a56a1b162d36,0.5283892154693604,0.9993310606453147,K
184,b7d5fd03-d021-45a8-8991-f59883e8bce8,0.5531247854232788,0.9993310605342779,K
184,ea5fd6bf-0874-4283-934e-00dfff50a44c,0.5283892154693604,0.9993310604787595,K
184,484d5557-5fe3-46aa-827e-baac4fe68240,0.5531247854232788,0.9993310603399636,K
184,9161046b-65ea-46ec-a03f-6fb5c9a77e01,0.5283892154693604,0.9993310603122044,K
184,ebd9b399-bfa3-4972-a559-f8946d588900,0.5531247854232788,0.9993310601734084,K
184,769ab660-9f6e-46a8-9129-bff5520404ff,0.5283892154693604,0.99933106011789,K
184,bf81bcdd-024a-4254-89f8-1dcedea8cb93,0.5531247854232788,0.999331059979094,K
184,ee54d499-64ca-4be2-963b-9a39b465419f,0.5283892154693604,0.9993310599513349,K
184,48187999-dc68-4290-83c0-fcf37a386c71,0.5531247854232788,0.9993310598125389,K
184,37696083-3d3e-4e7e-bd2e-838e0ed476da,0.5283892154693604,0.9993310597570204,K
184,1140144f-cba3-4a74-b846-a3a66beb38a7,0.5531247854232788,0.9993310596459837,K
184,d20faed4-eb97-4bd1-925e-0136e37d679e,0.5283892154693604,0.9993310595904653,K
184,e7ac4336-0975-4314-a95f-95d3cad51426,0.9249322414398193,0.9997443920621657,K
184,a90d73ab-af6a-4d5c-b605-d017dbe835c0,0.5185921788215637,0.9999288930004447,K
184,10121df1-962f-4937-ae84-b13fa451e7db,0.5762041211128235,0.9994991817568991,K
184,707cc2c2-bfa0-445d-96aa-40fc2d0fcc81,0.5201148986816406,0.9998364003561037,K
184,b8c0204a-fd20-4c6f-8c6d-4fb8e54050e8,0.9249322414398193,0.9997443918400002,K
184,3a1eafb8-aeb7-44f4-8aa2-7e7cd6f3f6f3,0.5185921788215637,0.9999288927504626,K
184,65d6f476-8f6a-48c7-9f1e-0ba11f9020c9,0.5762041211128235,0.9995761463513478,K
184,7d13bfd4-9dc4-4679-8824-6cc98b334f94,0.5201148986816406,0.9998364001339178,K
185,c32c86c8-c83f-45d5-ab04-41b37b72f7f3,0.5324795246124268,0.999822461511823,K
185,e7ac4336-0975-4314-a95f-95d3cad51426,0.5103228688240051,0.9998935654145624,K
185,a90d73ab-af6a-4d5c-b605-d017dbe835c0,0.8505786657333374,0.9998935653867876,K
185,707cc2c2-bfa0-445d-96aa-40fc2d0fcc81,0.5076812505722046,0.999893565331238,K
185,d87bfbc6-7773-4a2f-947e-573235b71b07,0.5229843854904175,0.9995709312430048,K
185,e391c4a1-b41a-4eb0-93d8-af88604bb697,0.5324795246124268,0.9998224612618674,K
185,b8c0204a-fd20-4c6f-8c6d-4fb8e54050e8,0.5103228688240051,0.9998935651923638,K
185,3a1eafb8-aeb7-44f4-8aa2-7e7cd6f3f6f3,0.8505786657333374,0.999893565164589,K
185,7d13bfd4-9dc4-4679-8824-6cc98b334f94,0.5076812505722046,0.9998935651090394,K
185,83fc01e9-814c-4359-be0c-b85c64b44677,0.5229843854904175,0.9996379797951339,K
185,34a703e9-feed-4aba-8f00-349fb82e98c4,0.5324795246124268,0.9998224610952303,K
186,e7ac4336-0975-4314-a95f-95d3cad51426,0.63898766040802,0.9999256099337449,K
186,a90d73ab-af6a-4d5c-b605-d017dbe835c0,0.5058587789535522,0.9999256099059691,K
186,10121df1-962f-4937-ae84-b13fa451e7db,0.8554278612136841,0.999819179433343,K
186,707cc2c2-bfa0-445d-96aa-40fc2d0fcc81,0.5057926177978516,0.9999256098504178,K
186,b8c0204a-fd20-4c6f-8c6d-4fb8e54050e8,0.63898766040802,0.9999256096837634,K
186,3a1eafb8-aeb7-44f4-8aa2-7e7cd6f3f6f3,0.5058587789535522,0.9999256096559878,K
186,65d6f476-8f6a-48c7-9f1e-0ba11f9020c9,0.8554278612136841,0.9998191791833881,K
186,7d13bfd4-9dc4-4679-8824-6cc98b334f94,0.5057926177978516,0.9999256096282121,K
186,1aebe433-f5d8-4daf-8e58-cece65060bce,0.63898766040802,0.9999256095171092,K
187,ae28eb05-6ce6-437e-a288-28ff4b3874e5,0.5358665585517883,0.9993132805109436,K
187,09537d4e-e05f-42e1-a52d-78c649b6b505,0.5358665585517883,0.999313280288874,K
187,3b5480b8-7edd-4147-9a51-10f576388432,0.5358665585517883,0.9993132801223218,K
187,a6bd7cd3-c58e-4cdb-be02-ecc21fc7245b,0.5358665585517883,0.9993132797059413,K
187,bed86c39-42bd-4407-811e-887da686288e,0.5358665585517883,0.9993132795393891,K
187,8fc8e182-c1e5-4786-9abc-2f95d7c25741,0.5358665585517883,0.9993132793728369,K
187,c78bb77c-3485-4297-95ef-51603398e382,0.5358665585517883,0.999313279178526,K
187,08fbc225-9a4b-4e5e-bc5a-7df941768ffd,0.5358665585517883,0.9993132790119738,K
187,977b2dda-1f03-4187-a08e-0d77bda245fe,0.5861200094223022,0.9993132787343867,K
187,a5ea423f-c14b-4531-8fa3-155efd6fbcb5,0.5861200094223022,0.9993132785678345,K
187,187598fe-5b0f-41e6-b5e4-a2432cf529f5,0.5861200094223022,0.9993132783735236,K
187,33c5c3cc-82ce-4752-9ff7-815492a5723b,0.5861200094223022,0.9993132782069714,K
187,636d6a36-33b2-4c8f-be84-60ec0fc2c1cd,0.5861200094223022,0.9993132778461082,K
187,f0226eb1-7d7c-4bd7-bcd8-a42804ec96ba,0.5861200094223022,0.999313277679556,K
187,aeaeaa53-bc3b-4b8b-8790-1f4d2f21c7e8,0.5861200094223022,0.9993132774852451,K
187,bd53971e-2b25-4a5b-ae14-75d891ddcd49,0.5861200094223022,0.9993132773186929,K
187,357cadba-923b-4c81-921e-0c79caa39768,0.5861200094223022,0.999313277124382,K
187,707cc2c2-bfa0-445d-96aa-40fc2d0fcc81,0.8571113348007202,0.99991783326476,K
187,7d13bfd4-9dc4-4679-8824-6cc98b334f94,0.8571113348007202,0.999917833042556,K
188,a90d73ab-af6a-4d5c-b605-d017dbe835c0,0.5412040948867798,0.999815586117442,K
188,d87bfbc6-7773-4a2f-947e-573235b71b07,0.7840074896812439,0.9997412054653065,K
188,3a1eafb8-aeb7-44f4-8aa2-7e7cd6f3f6f3,0.5412040948867798,0.9998155858952608,K
188,83fc01e9-814c-4359-be0c-b85c64b44677,0.7840074896812439,0.9997412052986829,K
188,fc3201b1-4f99-4bfc-93df-0b499eaec18b,0.5412040948867798,0.9998155857286248,K
189,c32c86c8-c83f-45d5-ab04-41b37b72f7f3,0.8468714952468872,0.9996729508533466,K
189,e7ac4336-0975-4314-a95f-95d3cad51426,0.5169489979743958,0.9997473262607208,K
189,a90d73ab-af6a-4d5c-b605-d017dbe835c0,0.5604823231697083,0.9999317313859635,K
189,707cc2c2-bfa0-445d-96aa-40fc2d0fcc81,0.5591617822647095,0.9998294829563507,K
189,e391c4a1-b41a-4eb0-93d8-af88604bb697,0.8468714952468872,0.9996729506311971,K
189,b8c0204a-fd20-4c6f-8c6d-4fb8e54050e8,0.5169489979743958,0.9997473260385548,K
189,3a1eafb8-aeb7-44f4-8aa2-7e7cd6f3f6f3,0.5604823231697083,0.9999317311637564,K
189,7d13bfd4-9dc4-4679-8824-6cc98b334f94,0.5591617822647095,0.9998294827619393,K
189,34a703e9-feed-4aba-8f00-349fb82e98c4,0.8468714952468872,0.9996729504645849,K
189,1aebe433-f5d8-4daf-8e58-cece65060bce,0.5169489979743958,0.9997473258719303,K
189,fc3201b1-4f99-4bfc-93df-0b499eaec18b,0.5604823231697083,0.9999317309971011,K
189,9db5c4ec-de41-4571-8792-e40188e05350,0.5591617822647095,0.9999317309693252,K
190,5bc736b9-da8b-48af-8d16-384379c6b544,0.8332304358482361,0.9992959149009882,K
190,a90d73ab-af6a-4d5c-b605-d017dbe835c0,0.5618100166320801,0.9998928411863603,K
190,707cc2c2-bfa0-445d-96aa-40fc2d0fcc81,0.5542296767234802,0.9998928411308107,K
190,a6449832-2b79-4d00-8dc0-3b5935990112,0.8332304358482361,0.9992959146789224,K
190,3a1eafb8-aeb7-44f4-8aa2-7e7cd6f3f6f3,0.5618100166320801,0.9998928409641619,K
190,7d13bfd4-9dc4-4679-8824-6cc98b334f94,0.5542296767234802,0.9998928409086123,K
190,84bc4e61-c508-4971-b9b1-1e532719d8d5,0.8332304358482361,0.9993883571020479,K
190,fc3201b1-4f99-4bfc-93df-0b499eaec18b,0.5618100166320801,0.9998928407975131,K
190,9db5c4ec-de41-4571-8792-e40188e05350,0.5542296767234802,0.9998928407419635,K
191,c32c86c8-c83f-45d5-ab04-41b37b72f7f3,0.5011398196220398,0.9997957260889794,K
191,556c6e68-769a-4fce-8119-4cc0796ff271,0.8843570351600647,0.9992912912805193,K
191,a90d73ab-af6a-4d5c-b605-d017dbe835c0,0.5263493061065674,0.9999028787165772,K
191,e391c4a1-b41a-4eb0-93d8-af88604bb697,0.5011398196220398,0.9997957258668025,K
191,27063bf5-8e44-4ec0-9725-f0f8464e9592,0.8843570351600647,0.9992912910584546,K
191,3a1eafb8-aeb7-44f4-8aa2-7e7cd6f3f6f3,0.5263493061065674,0.9999028784943766,K
191,34a703e9-feed-4aba-8f00-349fb82e98c4,0.5011398196220398,0.9997957257001698,K
191,1f321d75-9660-440e-a97a-37db59b6fc5e,0.8843570351600647,0.9993623571029151,K
191,fc3201b1-4f99-4bfc-93df-0b499eaec18b,0.5263493061065674,0.9999028782999511,K
191,9442b879-56cf-4055-8854-d703109a6019,0.5011398196220398,0.9999028782166258,K
192,54712973-88f8-4b55-ac3c-f310d4e84f9a,0.5502097606658936,0.999286745264953,K
192,2abb50eb-8207-4f27-8894-940c4fb5ba0c,0.5502097606658936,0.9992867450706472,K
192,c47bb50c-bdfe-44ba-9585-db756efb1f92,0.5502097606658936,0.9992867448763415,K
192,cdab52b6-dbe8-4e8a-a8a4-174523e0da1d,0.5502097606658936,0.9992867447097936,K
192,98b3b619-8435-43e3-86b2-66ea005cdb1f,0.5502097606658936,0.999286744459972,K
192,715070c4-1aed-48b5-ae33-6a37d3b7d991,0.5502097606658936,0.9992867442934242,K
192,0c625430-83eb-4ad8-ba5b-75b84597bddc,0.5502097606658936,0.9992867440991184,K
192,cd48d940-0a76-402d-9dfc-ce7052b02b37,0.5502097606658936,0.9992867439048126,K
192,e990fe63-7a73-4102-838d-0b548fbd269c,0.5502097606658936,0.9992867437382649,K
192,6474054a-1f76-48de-98c6-f760945e079e,0.5531247854232788,0.9992867434606852,K
192,6b2a63bc-2cd8-46e7-add6-190dbfc3c846,0.5283892154693604,0.9992867434051693,K
192,98e848dc-b2d0-448f-a23a-f07aebfc436f,0.5531247854232788,0.9992867432663795,K
192,2fc9baef-078d-4884-8fd8-f8842241b5a6,0.5283892154693604,0.9992867432386215,K
192,69db3173-066a-47df-b2da-5ac218206396,0.5531247854232788,0.9992867430998317,K
192,5a217a1f-349b-4708-8bc7-184b8e4678df,0.5283892154693604,0.9992867430443158,K
192,d9546b12-eef0-4cd1-ac23-f74e7d952ffe,0.5531247854232788,0.9992867429332839,K
192,7d3891ec-d177-427b-9824-a56a1b162d36,0.5283892154693604,0.999286742877768,K
192,b7d5fd03-d021-45a8-8991-f59883e8bce8,0.5531247854232788,0.9992867427389781,K
192,ea5fd6bf-0874-4283-934e-00dfff50a44c,0.5283892154693604,0.9992867426834622,K
192,484d5557-5fe3-46aa-827e-baac4fe68240,0.5531247854232788,0.9992867425724303,K
192,9161046b-65ea-46ec-a03f-6fb5c9a77e01,0.5283892154693604,0.9992867425169144,K
192,ebd9b399-bfa3-4972-a559-f8946d588900,0.5531247854232788,0.9992867423781245,K
192,769ab660-9f6e-46a8-9129-bff5520404ff,0.5283892154693604,0.9992867423226086,K
192,bf81bcdd-024a-4254-89f8-1dcedea8cb93,0.5531247854232788,0.9992867421838189,K
192,ee54d499-64ca-4be2-963b-9a39b465419f,0.5283892154693604,0.9992867421560608,K
192,48187999-dc68-4290-83c0-fcf37a386c71,0.5531247854232788,0.9992867420172711,K
192,37696083-3d3e-4e7e-bd2e-838e0ed476da,0.5283892154693604,0.9992867419617552,K
192,1140144f-cba3-4a74-b846-a3a66beb38a7,0.5531247854232788,0.9992867418507233,K
192,d20faed4-eb97-4bd1-925e-0136e37d679e,0.5283892154693604,0.9992867417952074,K
192,e7ac4336-0975-4314-a95f-95d3cad51426,0.9249322414398193,0.9997200773800938,K
192,a90d73ab-af6a-4d5c-b605-d017dbe835c0,0.5185921788215637,0.999924339917924,K
192,10121df1-962f-4937-ae84-b13fa451e7db,0.5762041211128235,0.999467470011121,K
192,707cc2c2-bfa0-445d-96aa-40fc2d0fcc81,0.5201148986816406,0.9998272219278506,K
192,b8c0204a-fd20-4c6f-8c6d-4fb8e54050e8,0.9249322414398193,0.9997200771579338,K
192,3a1eafb8-aeb7-44f4-8aa2-7e7cd6f3f6f3,0.5185921788215637,0.9999243396957186,K
192,65d6f476-8f6a-48c7-9f1e-0ba11f9020c9,0.5762041211128235,0.9994674697612542,K
192,7d13bfd4-9dc4-4679-8824-6cc98b334f94,0.5201148986816406,0.9998272217056667,K
192,1aebe433-f5d8-4daf-8e58-cece65060bce,0.9249322414398193,0.9997200769913138,K
192,fc3201b1-4f99-4bfc-93df-0b499eaec18b,0.5185921788215637,0.9999243395290645,K
192,e50bc5c6-cb01-4726-9541-fa2e5263722e,0.5762041211128235,0.999549603375692,K
192,9db5c4ec-de41-4571-8792-e40188e05350,0.5201148986816406,0.9998272215112559,K
193,c32c86c8-c83f-45d5-ab04-41b37b72f7f3,0.5324795246124268,0.9998140218794085,K
193,e7ac4336-0975-4314-a95f-95d3cad51426,0.5103228688240051,0.9998896783914318,K
193,a90d73ab-af6a-4d5c-b605-d017dbe835c0,0.8505786657333374,0.999889678363657,K
193,707cc2c2-bfa0-445d-96aa-40fc2d0fcc81,0.5076812505722046,0.9998896783358824,K
193,d87bfbc6-7773-4a2f-947e-573235b71b07,0.5229843854904175,0.9995415353492728,K
193,e391c4a1-b41a-4eb0-93d8-af88604bb697,0.5324795246124268,0.999814021629455,K
193,b8c0204a-fd20-4c6f-8c6d-4fb8e54050e8,0.5103228688240051,0.9998896781692341,K
193,3a1eafb8-aeb7-44f4-8aa2-7e7cd6f3f6f3,0.8505786657333374,0.9998896781414593,K
193,7d13bfd4-9dc4-4679-8824-6cc98b334f94,0.5076812505722046,0.9998896781136847,K
193,83fc01e9-814c-4359-be0c-b85c64b44677,0.5229843854904175,0.9995415351826825,K
193,34a703e9-feed-4aba-8f00-349fb82e98c4,0.5324795246124268,0.9998140214628193,K
193,1aebe433-f5d8-4daf-8e58-cece65060bce,0.5103228688240051,0.9998896780025859,K
193,fc3201b1-4f99-4bfc-93df-0b499eaec18b,0.8505786657333374,0.9998896779748111,K
193,9db5c4ec-de41-4571-8792-e40188e05350,0.5076812505722046,0.9998896779192616,K
193,dd767d47-2064-4b97-b1cd-83b47de6a144,0.5229843854904175,0.9996097812662533,K
193,9442b879-56cf-4055-8854-d703109a6019,0.5324795246124268,0.9998140212961837,K
194,e7ac4336-0975-4314-a95f-95d3cad51426,0.63898766040802,0.9999102319460595,K
194,a90d73ab-af6a-4d5c-b605-d017dbe835c0,0.5058587789535522,0.9999102319460595,K
194,10121df1-962f-4937-ae84-b13fa451e7db,0.8554278612136841,0.9997999157417479,K
194,707cc2c2-bfa0-445d-96aa-40fc2d0fcc81,0.5057926177978516,0.999910231890509,K
194,b8c0204a-fd20-4c6f-8c6d-4fb8e54050e8,0.63898766040802,0.9999102317516326,K
194,3a1eafb8-aeb7-44f4-8aa2-7e7cd6f3f6f3,0.5058587789535522,0.9999102317238573,K
194,65d6f476-8f6a-48c7-9f1e-0ba11f9020c9,0.8554278612136841,0.9997999155195701,K
194,7d13bfd4-9dc4-4679-8824-6cc98b334f94,0.5057926177978516,0.999910231696082,K
194,1aebe433-f5d8-4daf-8e58-cece65060bce,0.63898766040802,0.9999102315849808,K
194,fc3201b1-4f99-4bfc-93df-0b499eaec18b,0.5058587789535522,0.9999102315572056,K
194,e50bc5c6-cb01-4726-9541-fa2e5263722e,0.8554278612136841,0.9997999153529368,K
194,9db5c4ec-de41-4571-8792-e40188e05350,0.5057926177978516,0.9999102315294303,K
194,aabc510f-dce5-403f-aac7-bec967ecd190,0.63898766040802,0.9999102314183291,K
195,ae28eb05-6ce6-437e-a288-28ff4b3874e5,0.5358665585517883,0.9992632301038827,K
195,09537d4e-e05f-42e1-a52d-78c649b6b505,0.5358665585517883,0.9992632298818243,K
195,3b5480b8-7edd-4147-9a51-10f576388432,0.5358665585517883,0.9992632297152804,K
195,a6bd7cd3-c58e-4cdb-be02-ecc21fc7245b,0.5358665585517883,0.999263229326678,K
195,bed86c39-42bd-4407-811e-887da686288e,0.5358665585517883,0.9992632291323769,K
195,8fc8e182-c1e5-4786-9abc-2f95d7c25741,0.5358665585517883,0.999263228965833,K
195,c78bb77c-3485-4297-95ef-51603398e382,0.5358665585517883,0.9992632287992891,K
195,08fbc225-9a4b-4e5e-bc5a-7df941768ffd,0.5358665585517883,0.999263228604988,K
195,977b2dda-1f03-4187-a08e-0d77bda245fe,0.5861200094223022,0.9992632283551721,K
195,a5ea423f-c14b-4531-8fa3-155efd6fbcb5,0.5861200094223022,0.9992632281886282,K
195,187598fe-5b0f-41e6-b5e4-a2432cf529f5,0.5861200094223022,0.9992632280220843,K
195,33c5c3cc-82ce-4752-9ff7-815492a5723b,0.5861200094223022,0.9992632278555404,K
195,636d6a36-33b2-4c8f-be84-60ec0fc2c1cd,0.5861200094223022,0.9992632274946954,K
195,f0226eb1-7d7c-4bd7-bcd8-a42804ec96ba,0.5861200094223022,0.9992632273281515,K
195,aeaeaa53-bc3b-4b8b-8790-1f4d2f21c7e8,0.5861200094223022,0.9992632271616076,K
195,bd53971e-2b25-4a5b-ae14-75d891ddcd49,0.5861200094223022,0.9992632269950639,K
195,357cadba-923b-4c81-921e-0c79caa39768,0.5861200094223022,0.9992632268007626,K
195,707cc2c2-bfa0-445d-96aa-40fc2d0fcc81,0.8571113348007202,0.999913569763086,K
195,7d13bfd4-9dc4-4679-8824-6cc98b334f94,0.8571113348007202,0.999913569540883,K
195,9db5c4ec-de41-4571-8792-e40188e05350,0.8571113348007202,0.9999135693742307,K
196,a90d73ab-af6a-4d5c-b605-d017dbe835c0,0.5412040948867798,0.9998095662181483,K
196,d87bfbc6-7773-4a2f-947e-573235b71b07,0.7840074896812439,0.9997198109547287,K
196,3a1eafb8-aeb7-44f4-8aa2-7e7cd6f3f6f3,0.5412040948867798,0.9998095659959684,K
196,83fc01e9-814c-4359-be0c-b85c64b44677,0.7840074896812439,0.9997198107881087,K
196,fc3201b1-4f99-4bfc-93df-0b499eaec18b,0.5412040948867798,0.9998095658293334,K
196,dd767d47-2064-4b97-b1cd-83b47de6a144,0.7840074896812439,0.9997198106214887,K
196,685ea09d-631e-4b92-87a2-da31a397d793,0.5412040948867798,0.9998095656626985,K
197,c32c86c8-c83f-45d5-ab04-41b37b72f7f3,0.8468714952468872,0.9996487374293697,K
197,e7ac4336-0975-4314-a95f-95d3cad51426,0.5169489979743958,0.9997384861173848,K
197,a90d73ab-af6a-4d5c-b605-d017dbe835c0,0.5604823231697083,0.9999289105547522,K
197,707cc2c2-bfa0-445d-96aa-40fc2d0fcc81,0.5591617822647095,0.9998249055808174,K
197,e391c4a1-b41a-4eb0-93d8-af88604bb697,0.8468714952468872,0.9996487372072255,K
197,b8c0204a-fd20-4c6f-8c6d-4fb8e54050e8,0.5169489979743958,0.9997384859229912,K
197,3a1eafb8-aeb7-44f4-8aa2-7e7cd6f3f6f3,0.5604823231697083,0.9999289103325457,K
197,7d13bfd4-9dc4-4679-8824-6cc98b334f94,0.5591617822647095,0.9998249053586341,K
197,34a703e9-feed-4aba-8f00-349fb82e98c4,0.8468714952468872,0.9996487370406174,K
197,1aebe433-f5d8-4daf-8e58-cece65060bce,0.5169489979743958,0.9997384856730567,K
197,fc3201b1-4f99-4bfc-93df-0b499eaec18b,0.5604823231697083,0.9999289100825635,K
197,9db5c4ec-de41-4571-8792-e40188e05350,0.5591617822647095,0.9998249051086778,K
197,9442b879-56cf-4055-8854-d703109a6019,0.8468714952468872,0.9996487367907052,K
197,aabc510f-dce5-403f-aac7-bec967ecd190,0.5169489979743958,0.9997384855064335,K
197,685ea09d-631e-4b92-87a2-da31a397d793,0.5604823231697083,0.9999289099159087,K
197,1278162d-4326-4c1a-8784-df470f0fe364,0.5591617822647095,0.9999289098603571,K
198,5bc736b9-da8b-48af-8d16-384379c6b544,0.8332304358482361,0.9992634425861283,K
198,a90d73ab-af6a-4d5c-b605-d017dbe835c0,0.5618100166320801,0.999897635517379,K
198,707cc2c2-bfa0-445d-96aa-40fc2d0fcc81,0.5542296767234802,0.9998976354618291,K
198,a6449832-2b79-4d00-8dc0-3b5935990112,0.8332304358482361,0.9992634423640697,K
198,3a1eafb8-aeb7-44f4-8aa2-7e7cd6f3f6f3,0.5618100166320801,0.9998976352951795,K
198,7d13bfd4-9dc4-4679-8824-6cc98b334f94,0.5542296767234802,0.9998976352396296,K
198,84bc4e61-c508-4971-b9b1-1e532719d8d5,0.8332304358482361,0.9992634421975258,K
198,fc3201b1-4f99-4bfc-93df-0b499eaec18b,0.5618100166320801,0.9998976351285299,K
198,9db5c4ec-de41-4571-8792-e40188e05350,0.5542296767234802,0.99989763507298,K
198,5c55c073-a521-4175-8bd7-dd575652001b,0.8332304358482361,0.9993605052306631,K
198,685ea09d-631e-4b92-87a2-da31a397d793,0.5618100166320801,0.9998976349341053,K
198,1278162d-4326-4c1a-8784-df470f0fe364,0.5542296767234802,0.9998976349063304,K
199,c32c86c8-c83f-45d5-ab04-41b37b72f7f3,0.5011398196220398,0.9997972282831863,K
199,556c6e68-769a-4fce-8119-4cc0796ff271,0.8843570351600647,0.9992601523778737,K
199,a90d73ab-af6a-4d5c-b605-d017dbe835c0,0.5263493061065674,0.9998995867639687,K
199,e391c4a1-b41a-4eb0-93d8-af88604bb697,0.5011398196220398,0.999797228033237,K
199,27063bf5-8e44-4ec0-9725-f0f8464e9592,0.8843570351600647,0.9992601521558159,K
199,3a1eafb8-aeb7-44f4-8aa2-7e7cd6f3f6f3,0.5263493061065674,0.9998995865139938,K
199,34a703e9-feed-4aba-8f00-349fb82e98c4,0.5011398196220398,0.9997972278666041,K
199,1f321d75-9660-440e-a97a-37db59b6fc5e,0.8843570351600647,0.9992601519615153,K
199,fc3201b1-4f99-4bfc-93df-0b499eaec18b,0.5263493061065674,0.9998995863473439,K
199,9442b879-56cf-4055-8854-d703109a6019,0.5011398196220398,0.9997972276999713,K
199,c4fa141e-1d98-4ca3-bd77-735e62b672f6,0.8843570351600647,0.9993357664785999,K
199,685ea09d-631e-4b92-87a2-da31a397d793,0.5263493061065674,0.999899586152919,K
199,900c8ccc-e9e0-46e5-8833-6b57510e1585,0.5011398196220398,0.999899586069594,K
200,54712973-88f8-4b55-ac3c-f310d4e84f9a,0.5502097606658936,0.9992567472381629,K
200,2abb50eb-8207-4f27-8894-940c4fb5ba0c,0.5502097606658936,0.9992567470716202,K
200,c47bb50c-bdfe-44ba-9585-db756efb1f92,0.5502097606658936,0.9992567468773202,K
200,cdab52b6-dbe8-4e8a-a8a4-174523e0da1d,0.5502097606658936,0.9992567467107775,K
200,98b3b619-8435-43e3-86b2-66ea005cdb1f,0.5502097606658936,0.9992567465442347,K
200,715070c4-1aed-48b5-ae33-6a37d3b7d991,0.5502097606658936,0.9992567463221775,K
200,0c625430-83eb-4ad8-ba5b-75b84597bddc,0.5502097606658936,0.9992567461556348,K
200,cd48d940-0a76-402d-9dfc-ce7052b02b37,0.5502097606658936,0.999256745989092,K
200,e990fe63-7a73-4102-838d-0b548fbd269c,0.5502097606658936,0.9992567457947921,K
200,6474054a-1f76-48de-98c6-f760945e079e,0.5531247854232788,0.9992567455449779,K
200,6b2a63bc-2cd8-46e7-add6-190dbfc3c846,0.5283892154693604,0.9992567454894636,K
200,98e848dc-b2d0-448f-a23a-f07aebfc436f,0.5531247854232788,0.999256745350678,K
200,2fc9baef-078d-4884-8fd8-f8842241b5a6,0.5283892154693604,0.9992567453229209,K
200,69db3173-066a-47df-b2da-5ac218206396,0.5531247854232788,0.9992567451841352,K
200,5a217a1f-349b-4708-8bc7-184b8e4678df,0.5283892154693604,0.999256745128621,K
200,d9546b12-eef0-4cd1-ac23-f74e7d952ffe,0.5531247854232788,0.9992567450175924,K
200,7d3891ec-d177-427b-9824-a56a1b162d36,0.5283892154693604,0.9992567449620782,K
200,b7d5fd03-d021-45a8-8991-f59883e8bce8,0.5531247854232788,0.9992567448510496,K
200,ea5fd6bf-0874-4283-934e-00dfff50a44c,0.5283892154693604,0.9992567447955354,K
200,484d5557-5fe3-46aa-827e-baac4fe68240,0.5531247854232788,0.9992567446567496,K
200,9161046b-65ea-46ec-a03f-6fb5c9a77e01,0.5283892154693604,0.9992567446289925,K
200,ebd9b399-bfa3-4972-a559-f8946d588900,0.5531247854232788,0.9992567444902068,K
200,769ab660-9f6e-46a8-9129-bff5520404ff,0.5283892154693604,0.9992567444346926,K
200,bf81bcdd-024a-4254-89f8-1dcedea8cb93,0.5531247854232788,0.9992567443236641,K
200,ee54d499-64ca-4be2-963b-9a39b465419f,0.5283892154693604,0.9992567442681498,K
200,48187999-dc68-4290-83c0-fcf37a386c71,0.5531247854232788,0.9992567441571213,K
200,37696083-3d3e-4e7e-bd2e-838e0ed476da,0.5283892154693604,0.999256744101607,K
200,1140144f-cba3-4a74-b846-a3a66beb38a7,0.5531247854232788,0.9992567439628214,K
200,d20faed4-eb97-4bd1-925e-0136e37d679e,0.5283892154693604,0.9992567439350643,K
200,e7ac4336-0975-4314-a95f-95d3cad51426,0.9249322414398193,0.9997181684441986,K
200,a90d73ab-af6a-4d5c-b605-d017dbe835c0,0.5185921788215637,0.9999209290429396,K
200,10121df1-962f-4937-ae84-b13fa451e7db,0.5762041211128235,0.999456723461503,K
200,707cc2c2-bfa0-445d-96aa-40fc2d0fcc81,0.5201148986816406,0.9998205188586675,K
200,b8c0204a-fd20-4c6f-8c6d-4fb8e54050e8,0.9249322414398193,0.999718168222039,K
200,3a1eafb8-aeb7-44f4-8aa2-7e7cd6f3f6f3,0.5185921788215637,0.9999209288485105,K
200,65d6f476-8f6a-48c7-9f1e-0ba11f9020c9,0.5762041211128235,0.9994567232394015,K
200,7d13bfd4-9dc4-4679-8824-6cc98b334f94,0.5201148986816406,0.9998205186364852,K
200,1aebe433-f5d8-4daf-8e58-cece65060bce,0.9249322414398193,0.9997181680554194,K
200,fc3201b1-4f99-4bfc-93df-0b499eaec18b,0.5185921788215637,0.999920928681857,K
200,e50bc5c6-cb01-4726-9541-fa2e5263722e,0.5762041211128235,0.9994567230728254,K
200,9db5c4ec-de41-4571-8792-e40188e05350,0.5201148986816406,0.9998205184698484,K
200,aabc510f-dce5-403f-aac7-bec967ecd190,0.9249322414398193,0.9997181678887996,K
200,685ea09d-631e-4b92-87a2-da31a397d793,0.5185921788215637,0.999920928487428,K
200,15b5525b-7ccc-49fc-a989-b9600e7d183c,0.5762041211128235,0.999543118069017,K
200,1278162d-4326-4c1a-8784-df470f0fe364,0.5201148986816406,0.9998205183032117,K
