turn,stm_candidates,ltm_candidates,duplicates_removed,final_set_size,ltm_episodes_in_final_set,provenance_list
1,0,0,0,0,0,[]
2,0,0,0,0,0,[]
3,0,0,0,0,0,[]
4,0,0,0,0,0,[]
5,0,0,0,0,0,[]
6,0,0,0,0,0,[]
7,0,0,0,0,0,[]
8,0,0,0,0,0,[]
9,0,0,0,0,0,[]
10,0,0,0,0,0,[]
11,0,0,0,0,0,[]
12,0,0,0,0,0,[]
13,1,0,0,1,0,"[{""episode_id"":""6b402717-5aca-4908-8148-268a7704e268"",""provenance"":""stm""}]"
14,0,0,0,0,0,[]
15,1,0,0,1,0,"[{""episode_id"":""298ef311-ba49-4a2d-bade-afa8afabce89"",""provenance"":""stm""}]"
16,2,0,0,2,0,"[{""episode_id"":""298ef311-ba49-4a2d-bade-afa8afabce89"",""provenance"":""stm""},{""episode_id"":""6b402717-5aca-4908-8148-268a7704e268"",""provenance"":""stm""}]"
17,1,0,0,1,0,"[{""episode_id"":""ef0b9755-bdd6-484f-b79d-0c288e889a9a"",""provenance"":""stm""}]"
18,2,0,0,2,0,"[{""episode_id"":""6b402717-5aca-4908-8148-268a7704e268"",""provenance"":""stm""},{""episode_id"":""298ef311-ba49-4a2d-bade-afa8afabce89"",""provenance"":""stm""}]"
19,1,0,0,1,0,"[{""episode_id"":""5d822c74-3eb4-4f8c-839c-26af5f308686"",""provenance"":""stm""}]"
20,1,0,0,1,0,"[{""episode_id"":""040d3619-d61c-45ef-a50c-5987182190a7"",""provenance"":""stm""}]"
21,4,0,0,4,0,"[{""episode_id"":""298ef311-ba49-4a2d-bade-afa8afabce89"",""provenance"":""stm""},{""episode_id"":""531c76d8-8ddd-4da8-a966-de764b819d2a"",""provenance"":""stm""},{""episode_id"":""6b402717-5aca-4908-8148-268a7704e268"",""provenance"":""stm""},{""episode_id"":""ea4ebcb4-f0de-4f3b-938d-f867a49d747c"",""provenance"":""stm""}]"
22,2,0,0,2,0,"[{""episode_id"":""ef0b9755-bdd6-484f-b79d-0c288e889a9a"",""provenance"":""stm""},{""episode_id"":""65fd5f3a-49e4-4e84-83fc-45e53786395e"",""provenance"":""stm""}]"
23,3,0,0,3,0,"[{""episode_id"":""8b7e2cd2-5d68-48e0-806a-ecbe6dae0809"",""provenance"":""stm""},{""episode_id"":""298ef311-ba49-4a2d-bade-afa8afabce89"",""provenance"":""stm""},{""episode_id"":""e964df06-0f65-4317-8001-1fa1e0c9b288"",""provenance"":""stm""}]"
24,5,0,0,5,0,"[{""episode_id"":""ea4ebcb4-f0de-4f3b-938d-f867a49d747c"",""provenance"":""stm""},{""episode_id"":""298ef311-ba49-4a2d-bade-afa8afabce89"",""provenance"":""stm""},{""episode_id"":""e964df06-0f65-4317-8001-1fa1e0c9b288"",""provenance"":""stm""},{""episode_id"":""531c76d8-8ddd-4da8-a966-de764b819d2a"",""provenance"":""stm""},{""episode_id"":""6b402717-5aca-4908-8148-268a7704e268"",""provenance"":""stm""}]"
25,3,0,0,3,0,"[{""episode_id"":""65fd5f3a-49e4-4e84-83fc-45e53786395e"",""provenance"":""stm""},{""episode_id"":""64500e5a-570f-46a9-91ed-2fff31fd995e"",""provenance"":""stm""},{""episode_id"":""ef0b9755-bdd6-484f-b79d-0c288e889a9a"",""provenance"":""stm""}]"
26,4,0,0,4,0,"[{""episode_id"":""531c76d8-8ddd-4da8-a966-de764b819d2a"",""provenance"":""stm""},{""episode_id"":""6b402717-5aca-4908-8148-268a7704e268"",""provenance"":""stm""},{""episode_id"":""298ef311-ba49-4a2d-bade-afa8afabce89"",""provenance"":""stm""},{""episode_id"":""e964df06-0f65-4317-8001-1fa1e0c9b288"",""provenance"":""stm""}]"
27,2,0,0,2,0,"[{""episode_id"":""104e115d-53a4-494c-bb22-8b3956f9a404"",""provenance"":""stm""},{""episode_id"":""5d822c74-3eb4-4f8c-839c-26af5f308686"",""provenance"":""stm""}]"
28,2,0,0,2,0,"[{""episode_id"":""040d3619-d61c-45ef-a50c-5987182190a7"",""provenance"":""stm""},{""episode_id"":""8b2140f1-5048-4ebe-8077-4449b857c3fc"",""provenance"":""stm""}]"
29,7,0,0,7,0,"[{""episode_id"":""298ef311-ba49-4a2d-bade-afa8afabce89"",""provenance"":""stm""},{""episode_id"":""e964df06-0f65-4317-8001-1fa1e0c9b288"",""provenance"":""stm""},{""episode_id"":""48329172-d1f8-471c-b99e-444b68ad9052"",""provenance"":""stm""},{""episode_id"":""531c76d8-8ddd-4da8-a966-de764b819d2a"",""provenance"":""stm""},{""episode_id"":""6b402717-5aca-4908-8148-268a7704e268"",""provenance"":""stm""},{""episode_id"":""b6fa95ef-d7a6-4fb5-ab74-e713d5925479"",""provenance"":""stm""},{""episode_id"":""ea4ebcb4-f0de-4f3b-938d-f867a49d747c"",""provenance"":""stm""}]"
30,4,0,0,4,0,"[{""episode_id"":""64500e5a-570f-46a9-91ed-2fff31fd995e"",""provenance"":""stm""},{""episode_id"":""ef0b9755-bdd6-484f-b79d-0c288e889a9a"",""provenance"":""stm""},{""episode_id"":""65fd5f3a-49e4-4e84-83fc-45e53786395e"",""provenance"":""stm""},{""episode_id"":""2db5e42d-20cf-47f1-82d9-0697c1f97405"",""provenance"":""stm""}]"
31,5,0,0,5,0,"[{""episode_id"":""8b7e2cd2-5d68-48e0-806a-ecbe6dae0809"",""provenance"":""stm""},{""episode_id"":""b26e7399-db12-4df4-9042-baa9d5ba4697"",""provenance"":""stm""},{""episode_id"":""298ef311-ba49-4a2d-bade-afa8afabce89"",""provenance"":""stm""},{""episode_id"":""aa5e3739-499b-46a9-9313-a9fb000f12a6"",""provenance"":""stm""},{""episode_id"":""e964df06-0f65-4317-8001-1fa1e0c9b288"",""provenance"":""stm""}]"
32,8,0,0,8,0,"[{""episode_id"":""b6fa95ef-d7a6-4fb5-ab74-e713d5925479"",""provenance"":""stm""},{""episode_id"":""ea4ebcb4-f0de-4f3b-938d-f867a49d747c"",""provenance"":""stm""},{""episode_id"":""298ef311-ba49-4a2d-bade-afa8afabce89"",""provenance"":""stm""},{""episode_id"":""aa5e3739-499b-46a9-9313-a9fb000f12a6"",""provenance"":""stm""},{""episode_id"":""e964df06-0f65-4317-8001-1fa1e0c9b288"",""provenance"":""stm""},{""episode_id"":""48329172-d1f8-471c-b99e-444b68ad9052"",""provenance"":""stm""},{""episode_id"":""531c76d8-8ddd-4da8-a966-de764b819d2a"",""provenance"":""stm""},{""episode_id"":""6b402717-5aca-4908-8148-268a7704e268"",""provenance"":""stm""}]"
33,5,0,0,5,0,"[{""episode_id"":""65fd5f3a-49e4-4e84-83fc-45e53786395e"",""provenance"":""stm""},{""episode_id"":""2db5e42d-20cf-47f1-82d9-0697c1f97405"",""provenance"":""stm""},{""episode_id"":""64500e5a-570f-46a9-91ed-2fff31fd995e"",""provenance"":""stm""},{""episode_id"":""81f620fa-68f9-46c3-9d45-2dbc7cbb9a41"",""provenance"":""stm""},{""episode_id"":""ef0b9755-bdd6-484f-b79d-0c288e889a9a"",""provenance"":""stm""}]"
34,6,0,0,6,0,"[{""episode_id"":""48329172-d1f8-471c-b99e-444b68ad9052"",""provenance"":""stm""},{""episode_id"":""531c76d8-8ddd-4da8-a966-de764b819d2a"",""provenance"":""stm""},{""episode_id"":""6b402717-5aca-4908-8148-268a7704e268"",""provenance"":""stm""},{""episode_id"":""298ef311-ba49-4a2d-bade-afa8afabce89"",""provenance"":""stm""},{""episode_id"":""aa5e3739-499b-46a9-9313-a9fb000f12a6"",""provenance"":""stm""},{""episode_id"":""e964df06-0f65-4317-8001-1fa1e0c9b288"",""provenance"":""stm""}]"
35,3,0,0,3,0,"[{""episode_id"":""104e115d-53a4-494c-bb22-8b3956f9a404"",""provenance"":""stm""},{""episode_id"":""5d822c74-3eb4-4f8c-839c-26af5f308686"",""provenance"":""stm""},{""episode_id"":""8b0d2b39-86c8-4b6a-afe6-1d57c7257593"",""provenance"":""stm""}]"
36,3,0,0,3,0,"[{""episode_id"":""040d3619-d61c-45ef-a50c-5987182190a7"",""provenance"":""stm""},{""episode_id"":""8b2140f1-5048-4ebe-8077-4449b857c3fc"",""provenance"":""stm""},{""episode_id"":""c626d008-2b46-4dc2-a78c-57bfaafab466"",""provenance"":""stm""}]"
37,10,0,0,10,0,"[{""episode_id"":""298ef311-ba49-4a2d-bade-afa8afabce89"",""provenance"":""stm""},{""episode_id"":""aa5e3739-499b-46a9-9313-a9fb000f12a6"",""provenance"":""stm""},{""episode_id"":""e964df06-0f65-4317-8001-1fa1e0c9b288"",""provenance"":""stm""},{""episode_id"":""48329172-d1f8-471c-b99e-444b68ad9052"",""provenance"":""stm""},{""episode_id"":""531c76d8-8ddd-4da8-a966-de764b819d2a"",""provenance"":""stm""},{""episode_id"":""6b402717-5aca-4908-8148-268a7704e268"",""provenance"":""stm""},{""episode_id"":""f0cfc1aa-68ed-4f78-93b8-bc2855315e1d"",""provenance"":""stm""},{""episode_id"":""88ffad9c-4295-4db8-b5dd-6d81a9f5ab51"",""provenance"":""stm""},{""episode_id"":""b6fa95ef-d7a6-4fb5-ab74-e713d5925479"",""provenance"":""stm""},{""episode_id"":""ea4ebcb4-f0de-4f3b-938d-f867a49d747c"",""provenance"":""stm""}]"
38,6,0,0,6,0,"[{""episode_id"":""64500e5a-570f-46a9-91ed-2fff31fd995e"",""provenance"":""stm""},{""episode_id"":""81f620fa-68f9-46c3-9d45-2dbc7cbb9a41"",""provenance"":""stm""},{""episode_id"":""ef0b9755-bdd6-484f-b79d-0c288e889a9a"",""provenance"":""stm""},{""episode_id"":""65fd5f3a-49e4-4e84-83fc-45e53786395e"",""provenance"":""stm""},{""episode_id"":""2db5e42d-20cf-47f1-82d9-0697c1f97405"",""provenance"":""stm""},{""episode_id"":""7e4d090f-6733-46b4-bfc0-67fccf3f03b5"",""provenance"":""stm""}]"
39,7,0,0,7,0,"[{""episode_id"":""8b7e2cd2-5d68-48e0-806a-ecbe6dae0809"",""provenance"":""stm""},{""episode_id"":""a2536be9-ca84-4dc3-847d-6dfbd741939c"",""provenance"":""stm""},{""episode_id"":""b26e7399-db12-4df4-9042-baa9d5ba4697"",""provenance"":""stm""},{""episode_id"":""298ef311-ba49-4a2d-bade-afa8afabce89"",""provenance"":""stm""},{""episode_id"":""34432c50-68cc-414b-99a0-276ad2c65e56"",""provenance"":""stm""},{""episode_id"":""aa5e3739-499b-46a9-9313-a9fb000f12a6"",""provenance"":""stm""},{""episode_id"":""e964df06-0f65-4317-8001-1fa1e0c9b288"",""provenance"":""stm""}]"
40,0,0,0,0,0,[]
41,7,0,0,7,0,"[{""episode_id"":""65fd5f3a-49e4-4e84-83fc-45e53786395e"",""provenance"":""stm""},{""episode_id"":""2db5e42d-20cf-47f1-82d9-0697c1f97405"",""provenance"":""stm""},{""episode_id"":""7e4d090f-6733-46b4-bfc0-67fccf3f03b5"",""provenance"":""stm""},{""episode_id"":""32e00c31-105c-417d-8e36-d695a31ecbb6"",""provenance"":""stm""},{""episode_id"":""64500e5a-570f-46a9-91ed-2fff31fd995e"",""provenance"":""stm""},{""episode_id"":""81f620fa-68f9-46c3-9d45-2dbc7cbb9a41"",""provenance"":""stm""},{""episode_id"":""ef0b9755-bdd6-484f-b79d-0c288e889a9a"",""provenance"":""stm""}]"
42,8,0,0,8,0,"[{""episode_id"":""48329172-d1f8-471c-b99e-444b68ad9052"",""provenance"":""stm""},{""episode_id"":""531c76d8-8ddd-4da8-a966-de764b819d2a"",""provenance"":""stm""},{""episode_id"":""6b402717-5aca-4908-8148-268a7704e268"",""provenance"":""stm""},{""episode_id"":""f0cfc1aa-68ed-4f78-93b8-bc2855315e1d"",""provenance"":""stm""},{""episode_id"":""298ef311-ba49-4a2d-bade-afa8afabce89"",""provenance"":""stm""},{""episode_id"":""34432c50-68cc-414b-99a0-276ad2c65e56"",""provenance"":""stm""},{""episode_id"":""aa5e3739-499b-46a9-9313-a9fb000f12a6"",""provenance"":""stm""},{""episode_id"":""e964df06-0f65-4317-8001-1fa1e0c9b288"",""provenance"":""stm""}]"
43,4,0,0,4,0,"[{""episode_id"":""104e115d-53a4-494c-bb22-8b3956f9a404"",""provenance"":""stm""},{""episode_id"":""5d822c74-3eb4-4f8c-839c-26af5f308686"",""provenance"":""stm""},{""episode_id"":""8b0d2b39-86c8-4b6a-afe6-1d57c7257593"",""provenance"":""stm""},{""episode_id"":""d5319b10-8020-4d51-a377-309b0faef11b"",""provenance"":""stm""}]"
44,4,0,0,4,0,"[{""episode_id"":""040d3619-d61c-45ef-a50c-5987182190a7"",""provenance"":""stm""},{""episode_id"":""8b2140f1-5048-4ebe-8077-4449b857c3fc"",""provenance"":""stm""},{""episode_id"":""c626d008-2b46-4dc2-a78c-57bfaafab466"",""provenance"":""stm""},{""episode_id"":""f6c0f40e-14a5-499e-8472-8f3a084adb6f"",""provenance"":""stm""}]"
45,12,0,0,12,0,"[{""episode_id"":""298ef311-ba49-4a2d-bade-afa8afabce89"",""provenance"":""stm""},{""episode_id"":""34432c50-68cc-414b-99a0-276ad2c65e56"",""provenance"":""stm""},{""episode_id"":""aa5e3739-499b-46a9-9313-a9fb000f12a6"",""provenance"":""stm""},{""episode_id"":""e964df06-0f65-4317-8001-1fa1e0c9b288"",""provenance"":""stm""},{""episode_id"":""48329172-d1f8-471c-b99e-444b68ad9052"",""provenance"":""stm""},{""episode_id"":""531c76d8-8ddd-4da8-a966-de764b819d2a"",""provenance"":""stm""},{""episode_id"":""5a6cf110-e3e7-44e6-b250-6c40547e3d93"",""provenance"":""stm""},{""episode_id"":""6b402717-5aca-4908-8148-268a7704e268"",""provenance"":""stm""},{""episode_id"":""f0cfc1aa-68ed-4f78-93b8-bc2855315e1d"",""provenance"":""stm""},{""episode_id"":""88ffad9c-4295-4db8-b5dd-6d81a9f5ab51"",""provenance"":""stm""},{""episode_id"":""b6fa95ef-d7a6-4fb5-ab74-e713d5925479"",""provenance"":""stm""},{""episode_id"":""ea4ebcb4-f0de-4f3b-938d-f867a49d747c"",""provenance"":""stm""}]"
46,8,0,0,8,0,"[{""episode_id"":""32e00c31-105c-417d-8e36-d695a31ecbb6"",""provenance"":""stm""},{""episode_id"":""64500e5a-570f-46a9-91ed-2fff31fd995e"",""provenance"":""stm""},{""episode_id"":""81f620fa-68f9-46c3-9d45-2dbc7cbb9a41"",""provenance"":""stm""},{""episode_id"":""ef0b9755-bdd6-484f-b79d-0c288e889a9a"",""provenance"":""stm""},{""episode_id"":""65fd5f3a-49e4-4e84-83fc-45e53786395e"",""provenance"":""stm""},{""episode_id"":""2db5e42d-20cf-47f1-82d9-0697c1f97405"",""provenance"":""stm""},{""episode_id"":""7e4d090f-6733-46b4-bfc0-67fccf3f03b5"",""provenance"":""stm""},{""episode_id"":""9dc9e817-73aa-49c8-81f9-68e39b1a4ce8"",""provenance"":""stm""}]"
47,10,0,0,10,0,"[{""episode_id"":""8b7e2cd2-5d68-48e0-806a-ecbe6dae0809"",""provenance"":""stm""},{""episode_id"":""a2536be9-ca84-4dc3-847d-6dfbd741939c"",""provenance"":""stm""},{""episode_id"":""b26e7399-db12-4df4-9042-baa9d5ba4697"",""provenance"":""stm""},{""episode_id"":""ee7ab807-27d1-479f-8a71-58596902d3c2"",""provenance"":""stm""},{""episode_id"":""0c97e95c-5616-4c67-a3bd-399eba330b80"",""provenance"":""stm""},{""episode_id"":""298ef311-ba49-4a2d-bade-afa8afabce89"",""provenance"":""stm""},{""episode_id"":""34432c50-68cc-414b-99a0-276ad2c65e56"",""provenance"":""stm""},{""episode_id"":""aa5e3739-499b-46a9-9313-a9fb000f12a6"",""provenance"":""stm""},{""episode_id"":""e964df06-0f65-4317-8001-1fa1e0c9b288"",""provenance"":""stm""},{""episode_id"":""3c4386c1-c2c6-4b89-820f-085efbbb4b94"",""provenance"":""stm""}]"
48,13,0,0,13,0,"[{""episode_id"":""88ffad9c-4295-4db8-b5dd-6d81a9f5ab51"",""provenance"":""stm""},{""episode_id"":""b6fa95ef-d7a6-4fb5-ab74-e713d5925479"",""provenance"":""stm""},{""episode_id"":""ea4ebcb4-f0de-4f3b-938d-f867a49d747c"",""provenance"":""stm""},{""episode_id"":""0c97e95c-5616-4c67-a3bd-399eba330b80"",""provenance"":""stm""},{""episode_id"":""298ef311-ba49-4a2d-bade-afa8afabce89"",""provenance"":""stm""},{""episode_id"":""34432c50-68cc-414b-99a0-276ad2c65e56"",""provenance"":""stm""},{""episode_id"":""aa5e3739-499b-46a9-9313-a9fb000f12a6"",""provenance"":""stm""},{""episode_id"":""e964df06-0f65-4317-8001-1fa1e0c9b288"",""provenance"":""stm""},{""episode_id"":""48329172-d1f8-471c-b99e-444b68ad9052"",""provenance"":""stm""},{""episode_id"":""531c76d8-8ddd-4da8-a966-de764b819d2a"",""provenance"":""stm""},{""episode_id"":""5a6cf110-e3e7-44e6-b250-6c40547e3d93"",""provenance"":""stm""},{""episode_id"":""6b402717-5aca-4908-8148-268a7704e268"",""provenance"":""stm""},{""episode_id"":""f0cfc1aa-68ed-4f78-93b8-bc2855315e1d"",""provenance"":""stm""}]"
49,9,0,0,9,0,"[{""episode_id"":""65fd5f3a-49e4-4e84-83fc-45e53786395e"",""provenance"":""stm""},{""episode_id"":""2db5e42d-20cf-47f1-82d9-0697c1f97405"",""provenance"":""stm""},{""episode_id"":""7e4d090f-6733-46b4-bfc0-67fccf3f03b5"",""provenance"":""stm""},{""episode_id"":""9dc9e817-73aa-49c8-81f9-68e39b1a4ce8"",""provenance"":""stm""},{""episode_id"":""32e00c31-105c-417d-8e36-d695a31ecbb6"",""provenance"":""stm""},{""episode_id"":""64500e5a-570f-46a9-91ed-2fff31fd995e"",""provenance"":""stm""},{""episode_id"":""81f620fa-68f9-46c3-9d45-2dbc7cbb9a41"",""provenance"":""stm""},{""episode_id"":""9283eeeb-62a3-4fb3-8b04-075f82ba7a87"",""provenance"":""stm""},{""episode_id"":""ef0b9755-bdd6-484f-b79d-0c288e889a9a"",""provenance"":""stm""}]"
50,10,0,0,10,0,"[{""episode_id"":""48329172-d1f8-471c-b99e-444b68ad9052"",""provenance"":""stm""},{""episode_id"":""531c76d8-8ddd-4da8-a966-de764b819d2a"",""provenance"":""stm""},{""episode_id"":""5a6cf110-e3e7-44e6-b250-6c40547e3d93"",""provenance"":""stm""},{""episode_id"":""6b402717-5aca-4908-8148-268a7704e268"",""provenance"":""stm""},{""episode_id"":""f0cfc1aa-68ed-4f78-93b8-bc2855315e1d"",""provenance"":""stm""},{""episode_id"":""0c97e95c-5616-4c67-a3bd-399eba330b80"",""provenance"":""stm""},{""episode_id"":""298ef311-ba49-4a2d-bade-afa8afabce89"",""provenance"":""stm""},{""episode_id"":""34432c50-68cc-414b-99a0-276ad2c65e56"",""provenance"":""stm""},{""episode_id"":""aa5e3739-499b-46a9-9313-a9fb000f12a6"",""provenance"":""stm""},{""episode_id"":""e964df06-0f65-4317-8001-1fa1e0c9b288"",""provenance"":""stm""}]"
51,5,0,0,5,0,"[{""episode_id"":""104e115d-53a4-494c-bb22-8b3956f9a404"",""provenance"":""stm""},{""episode_id"":""5a96be8f-836f-4968-9569-99d92236351f"",""provenance"":""stm""},{""episode_id"":""5d822c74-3eb4-4f8c-839c-26af5f308686"",""provenance"":""stm""},{""episode_id"":""8b0d2b39-86c8-4b6a-afe6-1d57c7257593"",""provenance"":""stm""},{""episode_id"":""d5319b10-8020-4d51-a377-309b0faef11b"",""provenance"":""stm""}]"
52,5,0,0,5,0,"[{""episode_id"":""040d3619-d61c-45ef-a50c-5987182190a7"",""provenance"":""stm""},{""episode_id"":""7a8795aa-7742-4c68-8f2f-5ec25a4e6348"",""provenance"":""stm""},{""episode_id"":""8b2140f1-5048-4ebe-8077-4449b857c3fc"",""provenance"":""stm""},{""episode_id"":""c626d008-2b46-4dc2-a78c-57bfaafab466"",""provenance"":""stm""},{""episode_id"":""f6c0f40e-14a5-499e-8472-8f3a084adb6f"",""provenance"":""stm""}]"
53,15,0,0,15,0,"[{""episode_id"":""0c97e95c-5616-4c67-a3bd-399eba330b80"",""provenance"":""stm""},{""episode_id"":""298ef311-ba49-4a2d-bade-afa8afabce89"",""provenance"":""stm""},{""episode_id"":""34432c50-68cc-414b-99a0-276ad2c65e56"",""provenance"":""stm""},{""episode_id"":""aa5e3739-499b-46a9-9313-a9fb000f12a6"",""provenance"":""stm""},{""episode_id"":""e964df06-0f65-4317-8001-1fa1e0c9b288"",""provenance"":""stm""},{""episode_id"":""37578f66-a34f-47f4-95f5-f1e25b1f9b6e"",""provenance"":""stm""},{""episode_id"":""48329172-d1f8-471c-b99e-444b68ad9052"",""provenance"":""stm""},{""episode_id"":""531c76d8-8ddd-4da8-a966-de764b819d2a"",""provenance"":""stm""},{""episode_id"":""5a6cf110-e3e7-44e6-b250-6c40547e3d93"",""provenance"":""stm""},{""episode_id"":""6b402717-5aca-4908-8148-268a7704e268"",""provenance"":""stm""},{""episode_id"":""f0cfc1aa-68ed-4f78-93b8-bc2855315e1d"",""provenance"":""stm""},{""episode_id"":""413700d8-5c2a-411a-b178-e9feab0472cc"",""provenance"":""stm""},{""episode_id"":""88ffad9c-4295-4db8-b5dd-6d81a9f5ab51"",""provenance"":""stm""},{""episode_id"":""b6fa95ef-d7a6-4fb5-ab74-e713d5925479"",""provenance"":""stm""},{""episode_id"":""ea4ebcb4-f0de-4f3b-938d-f867a49d747c"",""provenance"":""stm""}]"
54,10,0,0,10,0,"[{""episode_id"":""32e00c31-105c-417d-8e36-d695a31ecbb6"",""provenance"":""stm""},{""episode_id"":""64500e5a-570f-46a9-91ed-2fff31fd995e"",""provenance"":""stm""},{""episode_id"":""81f620fa-68f9-46c3-9d45-2dbc7cbb9a41"",""provenance"":""stm""},{""episode_id"":""9283eeeb-62a3-4fb3-8b04-075f82ba7a87"",""provenance"":""stm""},{""episode_id"":""ef0b9755-bdd6-484f-b79d-0c288e889a9a"",""provenance"":""stm""},{""episode_id"":""65fd5f3a-49e4-4e84-83fc-45e53786395e"",""provenance"":""stm""},{""episode_id"":""2db5e42d-20cf-47f1-82d9-0697c1f97405"",""provenance"":""stm""},{""episode_id"":""7e4d090f-6733-46b4-bfc0-67fccf3f03b5"",""provenance"":""stm""},{""episode_id"":""8218b1e9-553f-4716-82b8-ef162fc1c1fa"",""provenance"":""stm""},{""episode_id"":""9dc9e817-73aa-49c8-81f9-68e39b1a4ce8"",""provenance"":""stm""}]"
55,12,0,0,12,0,"[{""episode_id"":""8b7e2cd2-5d68-48e0-806a-ecbe6dae0809"",""provenance"":""stm""},{""episode_id"":""a2536be9-ca84-4dc3-847d-6dfbd741939c"",""provenance"":""stm""},{""episode_id"":""b26e7399-db12-4df4-9042-baa9d5ba4697"",""provenance"":""stm""},{""episode_id"":""c83abd67-7535-45ba-bf53-a8ab92e283ee"",""provenance"":""stm""},{""episode_id"":""ee7ab807-27d1-479f-8a71-58596902d3c2"",""provenance"":""stm""},{""episode_id"":""0154a54e-d1f0-4d9a-9418-4baffc396204"",""provenance"":""stm""},{""episode_id"":""0c97e95c-5616-4c67-a3bd-399eba330b80"",""provenance"":""stm""},{""episode_id"":""298ef311-ba49-4a2d-bade-afa8afabce89"",""provenance"":""stm""},{""episode_id"":""34432c50-68cc-414b-99a0-276ad2c65e56"",""provenance"":""stm""},{""episode_id"":""aa5e3739-499b-46a9-9313-a9fb000f12a6"",""provenance"":""stm""},{""episode_id"":""e964df06-0f65-4317-8001-1fa1e0c9b288"",""provenance"":""stm""},{""episode_id"":""3c4386c1-c2c6-4b89-820f-085efbbb4b94"",""provenance"":""stm""}]"
56,16,0,0,16,0,"[{""episode_id"":""413700d8-5c2a-411a-b178-e9feab0472cc"",""provenance"":""stm""},{""episode_id"":""88ffad9c-4295-4db8-b5dd-6d81a9f5ab51"",""provenance"":""stm""},{""episode_id"":""b6fa95ef-d7a6-4fb5-ab74-e713d5925479"",""provenance"":""stm""},{""episode_id"":""ea4ebcb4-f0de-4f3b-938d-f867a49d747c"",""provenance"":""stm""},{""episode_id"":""0154a54e-d1f0-4d9a-9418-4baffc396204"",""provenance"":""stm""},{""episode_id"":""0c97e95c-5616-4c67-a3bd-399eba330b80"",""provenance"":""stm""},{""episode_id"":""298ef311-ba49-4a2d-bade-afa8afabce89"",""provenance"":""stm""},{""episode_id"":""34432c50-68cc-414b-99a0-276ad2c65e56"",""provenance"":""stm""},{""episode_id"":""aa5e3739-499b-46a9-9313-a9fb000f12a6"",""provenance"":""stm""},{""episode_id"":""e964df06-0f65-4317-8001-1fa1e0c9b288"",""provenance"":""stm""},{""episode_id"":""37578f66-a34f-47f4-95f5-f1e25b1f9b6e"",""provenance"":""stm""},{""episode_id"":""48329172-d1f8-471c-b99e-444b68ad9052"",""provenance"":""stm""},{""episode_id"":""531c76d8-8ddd-4da8-a966-de764b819d2a"",""provenance"":""stm""},{""episode_id"":""5a6cf110-e3e7-44e6-b250-6c40547e3d93"",""provenance"":""stm""},{""episode_id"":""6b402717-5aca-4908-8148-268a7704e268"",""provenance"":""stm""},{""episode_id"":""f0cfc1aa-68ed-4f78-93b8-bc2855315e1d"",""provenance"":""stm""}]"
57,11,0,0,11,0,"[{""episode_id"":""65fd5f3a-49e4-4e84-83fc-45e53786395e"",""provenance"":""stm""},{""episode_id"":""2db5e42d-20cf-47f1-82d9-0697c1f97405"",""provenance"":""stm""},{""episode_id"":""7e4d090f-6733-46b4-bfc0-67fccf3f03b5"",""provenance"":""stm""},{""episode_id"":""8218b1e9-553f-4716-82b8-ef162fc1c1fa"",""provenance"":""stm""},{""episode_id"":""9dc9e817-73aa-49c8-81f9-68e39b1a4ce8"",""provenance"":""stm""},{""episode_id"":""32e00c31-105c-417d-8e36-d695a31ecbb6"",""provenance"":""stm""},{""episode_id"":""64500e5a-570f-46a9-91ed-2fff31fd995e"",""provenance"":""stm""},{""episode_id"":""81f620fa-68f9-46c3-9d45-2dbc7cbb9a41"",""provenance"":""stm""},{""episode_id"":""8dcc5746-faff-4382-9e5e-59d12df6eb89"",""provenance"":""stm""},{""episode_id"":""9283eeeb-62a3-4fb3-8b04-075f82ba7a87"",""provenance"":""stm""},{""episode_id"":""ef0b9755-bdd6-484f-b79d-0c288e889a9a"",""provenance"":""stm""}]"
58,12,0,0,12,0,"[{""episode_id"":""37578f66-a34f-47f4-95f5-f1e25b1f9b6e"",""provenance"":""stm""},{""episode_id"":""48329172-d1f8-471c-b99e-444b68ad9052"",""provenance"":""stm""},{""episode_id"":""531c76d8-8ddd-4da8-a966-de764b819d2a"",""provenance"":""stm""},{""episode_id"":""5a6cf110-e3e7-44e6-b250-6c40547e3d93"",""provenance"":""stm""},{""episode_id"":""6b402717-5aca-4908-8148-268a7704e268"",""provenance"":""stm""},{""episode_id"":""f0cfc1aa-68ed-4f78-93b8-bc2855315e1d"",""provenance"":""stm""},{""episode_id"":""0154a54e-d1f0-4d9a-9418-4baffc396204"",""provenance"":""stm""},{""episode_id"":""0c97e95c-5616-4c67-a3bd-399eba330b80"",""provenance"":""stm""},{""episode_id"":""298ef311-ba49-4a2d-bade-afa8afabce89"",""provenance"":""stm""},{""episode_id"":""34432c50-68cc-414b-99a0-276ad2c65e56"",""provenance"":""stm""},{""episode_id"":""aa5e3739-499b-46a9-9313-a9fb000f12a6"",""provenance"":""stm""},{""episode_id"":""e964df06-0f65-4317-8001-1fa1e0c9b288"",""provenance"":""stm""}]"
59,6,0,0,6,0,"[{""episode_id"":""104e115d-53a4-494c-bb22-8b3956f9a404"",""provenance"":""stm""},{""episode_id"":""5a96be8f-836f-4968-9569-99d92236351f"",""provenance"":""stm""},{""episode_id"":""5d822c74-3eb4-4f8c-839c-26af5f308686"",""provenance"":""stm""},{""episode_id"":""8b0d2b39-86c8-4b6a-afe6-1d57c7257593"",""provenance"":""stm""},{""episode_id"":""b3331be2-3154-471b-8fe5-6393290f0491"",""provenance"":""stm""},{""episode_id"":""d5319b10-8020-4d51-a377-309b0faef11b"",""provenance"":""stm""}]"
60,6,0,0,6,0,"[{""episode_id"":""040d3619-d61c-45ef-a50c-5987182190a7"",""provenance"":""stm""},{""episode_id"":""0f4e7ccd-a8c0-4544-bf8b-9a0c5030d9cf"",""provenance"":""stm""},{""episode_id"":""7a8795aa-7742-4c68-8f2f-5ec25a4e6348"",""provenance"":""stm""},{""episode_id"":""8b2140f1-5048-4ebe-8077-4449b857c3fc"",""provenance"":""stm""},{""episode_id"":""c626d008-2b46-4dc2-a78c-57bfaafab466"",""provenance"":""stm""},{""episode_id"":""f6c0f40e-14a5-499e-8472-8f3a084adb6f"",""provenance"":""stm""}]"
61,18,0,0,18,0,"[{""episode_id"":""0154a54e-d1f0-4d9a-9418-4baffc396204"",""provenance"":""stm""},{""episode_id"":""0c97e95c-5616-4c67-a3bd-399eba330b80"",""provenance"":""stm""},{""episode_id"":""298ef311-ba49-4a2d-bade-afa8afabce89"",""provenance"":""stm""},{""episode_id"":""34432c50-68cc-414b-99a0-276ad2c65e56"",""provenance"":""stm""},{""episode_id"":""aa5e3739-499b-46a9-9313-a9fb000f12a6"",""provenance"":""stm""},{""episode_id"":""e964df06-0f65-4317-8001-1fa1e0c9b288"",""provenance"":""stm""},{""episode_id"":""37578f66-a34f-47f4-95f5-f1e25b1f9b6e"",""provenance"":""stm""},{""episode_id"":""48329172-d1f8-471c-b99e-444b68ad9052"",""provenance"":""stm""},{""episode_id"":""531c76d8-8ddd-4da8-a966-de764b819d2a"",""provenance"":""stm""},{""episode_id"":""5a6cf110-e3e7-44e6-b250-6c40547e3d93"",""provenance"":""stm""},{""episode_id"":""6b402717-5aca-4908-8148-268a7704e268"",""provenance"":""stm""},{""episode_id"":""7dda000c-4858-4a8b-aad5-0558b907c9a8"",""provenance"":""stm""},{""episode_id"":""f0cfc1aa-68ed-4f78-93b8-bc2855315e1d"",""provenance"":""stm""},{""episode_id"":""0669c654-0e61-4305-9c11-628f4bb60eb3"",""provenance"":""stm""},{""episode_id"":""413700d8-5c2a-411a-b178-e9feab0472cc"",""provenance"":""stm""},{""episode_id"":""88ffad9c-4295-4db8-b5dd-6d81a9f5ab51"",""provenance"":""stm""},{""episode_id"":""b6fa95ef-d7a6-4fb5-ab74-e713d5925479"",""provenance"":""stm""},{""episode_id"":""ea4ebcb4-f0de-4f3b-938d-f867a49d747c"",""provenance"":""stm""}]"
62,12,0,0,12,0,"[{""episode_id"":""32e00c31-105c-417d-8e36-d695a31ecbb6"",""provenance"":""stm""},{""episode_id"":""64500e5a-570f-46a9-91ed-2fff31fd995e"",""provenance"":""stm""},{""episode_id"":""81f620fa-68f9-46c3-9d45-2dbc7cbb9a41"",""provenance"":""stm""},{""episode_id"":""8dcc5746-faff-4382-9e5e-59d12df6eb89"",""provenance"":""stm""},{""episode_id"":""9283eeeb-62a3-4fb3-8b04-075f82ba7a87"",""provenance"":""stm""},{""episode_id"":""ef0b9755-bdd6-484f-b79d-0c288e889a9a"",""provenance"":""stm""},{""episode_id"":""65fd5f3a-49e4-4e84-83fc-45e53786395e"",""provenance"":""stm""},{""episode_id"":""2db5e42d-20cf-47f1-82d9-0697c1f97405"",""provenance"":""stm""},{""episode_id"":""7e4d090f-6733-46b4-bfc0-67fccf3f03b5"",""provenance"":""stm""},{""episode_id"":""8218b1e9-553f-4716-82b8-ef162fc1c1fa"",""provenance"":""stm""},{""episode_id"":""9dc9e817-73aa-49c8-81f9-68e39b1a4ce8"",""provenance"":""stm""},{""episode_id"":""fcdf09e3-4ebe-4c93-9084-0e0a443de077"",""provenance"":""stm""}]"
63,14,0,0,14,0,"[{""episode_id"":""15f50409-dcfa-45a8-9307-90d0d10ad4b8"",""provenance"":""stm""},{""episode_id"":""8b7e2cd2-5d68-48e0-806a-ecbe6dae0809"",""provenance"":""stm""},{""episode_id"":""a2536be9-ca84-4dc3-847d-6dfbd741939c"",""provenance"":""stm""},{""episode_id"":""b26e7399-db12-4df4-9042-baa9d5ba4697"",""provenance"":""stm""},{""episode_id"":""c83abd67-7535-45ba-bf53-a8ab92e283ee"",""provenance"":""stm""},{""episode_id"":""ee7ab807-27d1-479f-8a71-58596902d3c2"",""provenance"":""stm""},{""episode_id"":""0154a54e-d1f0-4d9a-9418-4baffc396204"",""provenance"":""stm""},{""episode_id"":""0c97e95c-5616-4c67-a3bd-399eba330b80"",""provenance"":""stm""},{""episode_id"":""298ef311-ba49-4a2d-bade-afa8afabce89"",""provenance"":""stm""},{""episode_id"":""34432c50-68cc-414b-99a0-276ad2c65e56"",""provenance"":""stm""},{""episode_id"":""aa5e3739-499b-46a9-9313-a9fb000f12a6"",""provenance"":""stm""},{""episode_id"":""e964df06-0f65-4317-8001-1fa1e0c9b288"",""provenance"":""stm""},{""episode_id"":""f0a74561-32d0-43ed-9ce0-6e173b948c68"",""provenance"":""stm""},{""episode_id"":""3c4386c1-c2c6-4b89-820f-085efbbb4b94"",""provenance"":""stm""}]"
64,19,0,0,19,0,"[{""episode_id"":""0669c654-0e61-4305-9c11-628f4bb60eb3"",""provenance"":""stm""},{""episode_id"":""413700d8-5c2a-411a-b178-e9feab0472cc"",""provenance"":""stm""},{""episode_id"":""88ffad9c-4295-4db8-b5dd-6d81a9f5ab51"",""provenance"":""stm""},{""episode_id"":""b6fa95ef-d7a6-4fb5-ab74-e713d5925479"",""provenance"":""stm""},{""episode_id"":""ea4ebcb4-f0de-4f3b-938d-f867a49d747c"",""provenance"":""stm""},{""episode_id"":""0154a54e-d1f0-4d9a-9418-4baffc396204"",""provenance"":""stm""},{""episode_id"":""0c97e95c-5616-4c67-a3bd-399eba330b80"",""provenance"":""stm""},{""episode_id"":""298ef311-ba49-4a2d-bade-afa8afabce89"",""provenance"":""stm""},{""episode_id"":""34432c50-68cc-414b-99a0-276ad2c65e56"",""provenance"":""stm""},{""episode_id"":""aa5e3739-499b-46a9-9313-a9fb000f12a6"",""provenance"":""stm""},{""episode_id"":""e964df06-0f65-4317-8001-1fa1e0c9b288"",""provenance"":""stm""},{""episode_id"":""f0a74561-32d0-43ed-9ce0-6e173b948c68"",""provenance"":""stm""},{""episode_id"":""37578f66-a34f-47f4-95f5-f1e25b1f9b6e"",""provenance"":""stm""},{""episode_id"":""48329172-d1f8-471c-b99e-444b68ad9052"",""provenance"":""stm""},{""episode_id"":""531c76d8-8ddd-4da8-a966-de764b819d2a"",""provenance"":""stm""},{""episode_id"":""5a6cf110-e3e7-44e6-b250-6c40547e3d93"",""provenance"":""stm""},{""episode_id"":""6b402717-5aca-4908-8148-268a7704e268"",""provenance"":""stm""},{""episode_id"":""7dda000c-4858-4a8b-aad5-0558b907c9a8"",""provenance"":""stm""},{""episode_id"":""f0cfc1aa-68ed-4f78-93b8-bc2855315e1d"",""provenance"":""stm""}]"
65,13,0,0,13,0,"[{""episode_id"":""65fd5f3a-49e4-4e84-83fc-45e53786395e"",""provenance"":""stm""},{""episode_id"":""2db5e42d-20cf-47f1-82d9-0697c1f97405"",""provenance"":""stm""},{""episode_id"":""7e4d090f-6733-46b4-bfc0-67fccf3f03b5"",""provenance"":""stm""},{""episode_id"":""8218b1e9-553f-4716-82b8-ef162fc1c1fa"",""provenance"":""stm""},{""episode_id"":""9dc9e817-73aa-49c8-81f9-68e39b1a4ce8"",""provenance"":""stm""},{""episode_id"":""fcdf09e3-4ebe-4c93-9084-0e0a443de077"",""provenance"":""stm""},{""episode_id"":""32e00c31-105c-417d-8e36-d695a31ecbb6"",""provenance"":""stm""},{""episode_id"":""64500e5a-570f-46a9-91ed-2fff31fd995e"",""provenance"":""stm""},{""episode_id"":""81f620fa-68f9-46c3-9d45-2dbc7cbb9a41"",""provenance"":""stm""},{""episode_id"":""8dcc5746-faff-4382-9e5e-59d12df6eb89"",""provenance"":""stm""},{""episode_id"":""9283eeeb-62a3-4fb3-8b04-075f82ba7a87"",""provenance"":""stm""},{""episode_id"":""99fb3d1d-66b1-426b-b7ba-1c6ff3d88c00"",""provenance"":""stm""},{""episode_id"":""ef0b9755-bdd6-484f-b79d-0c288e889a9a"",""provenance"":""stm""}]"
66,14,0,0,14,0,"[{""episode_id"":""37578f66-a34f-47f4-95f5-f1e25b1f9b6e"",""provenance"":""stm""},{""episode_id"":""48329172-d1f8-471c-b99e-444b68ad9052"",""provenance"":""stm""},{""episode_id"":""531c76d8-8ddd-4da8-a966-de764b819d2a"",""provenance"":""stm""},{""episode_id"":""5a6cf110-e3e7-44e6-b250-6c40547e3d93"",""provenance"":""stm""},{""episode_id"":""6b402717-5aca-4908-8148-268a7704e268"",""provenance"":""stm""},{""episode_id"":""7dda000c-4858-4a8b-aad5-0558b907c9a8"",""provenance"":""stm""},{""episode_id"":""f0cfc1aa-68ed-4f78-93b8-bc2855315e1d"",""provenance"":""stm""},{""episode_id"":""0154a54e-d1f0-4d9a-9418-4baffc396204"",""provenance"":""stm""},{""episode_id"":""0c97e95c-5616-4c67-a3bd-399eba330b80"",""provenance"":""stm""},{""episode_id"":""298ef311-ba49-4a2d-bade-afa8afabce89"",""provenance"":""stm""},{""episode_id"":""34432c50-68cc-414b-99a0-276ad2c65e56"",""provenance"":""stm""},{""episode_id"":""aa5e3739-499b-46a9-9313-a9fb000f12a6"",""provenance"":""stm""},{""episode_id"":""e964df06-0f65-4317-8001-1fa1e0c9b288"",""provenance"":""stm""},{""episode_id"":""f0a74561-32d0-43ed-9ce0-6e173b948c68"",""provenance"":""stm""}]"
67,7,0,0,7,0,"[{""episode_id"":""104e115d-53a4-494c-bb22-8b3956f9a404"",""provenance"":""stm""},{""episode_id"":""5a96be8f-836f-4968-9569-99d92236351f"",""provenance"":""stm""},{""episode_id"":""5d822c74-3eb4-4f8c-839c-26af5f308686"",""provenance"":""stm""},{""episode_id"":""8b0d2b39-86c8-4b6a-afe6-1d57c7257593"",""provenance"":""stm""},{""episode_id"":""b3331be2-3154-471b-8fe5-6393290f0491"",""provenance"":""stm""},{""episode_id"":""d253524e-1b30-4cb8-9770-4de2ba5ca116"",""provenance"":""stm""},{""episode_id"":""d5319b10-8020-4d51-a377-309b0faef11b"",""provenance"":""stm""}]"
68,7,0,0,7,0,"[{""episode_id"":""040d3619-d61c-45ef-a50c-5987182190a7"",""provenance"":""stm""},{""episode_id"":""0f4e7ccd-a8c0-4544-bf8b-9a0c5030d9cf"",""provenance"":""stm""},{""episode_id"":""23268a10-970e-4df1-9e03-d26a5dd781ba"",""provenance"":""stm""},{""episode_id"":""7a8795aa-7742-4c68-8f2f-5ec25a4e6348"",""provenance"":""stm""},{""episode_id"":""8b2140f1-5048-4ebe-8077-4449b857c3fc"",""provenance"":""stm""},{""episode_id"":""c626d008-2b46-4dc2-a78c-57bfaafab466"",""provenance"":""stm""},{""episode_id"":""f6c0f40e-14a5-499e-8472-8f3a084adb6f"",""provenance"":""stm""}]"
69,21,0,0,21,0,"[{""episode_id"":""0154a54e-d1f0-4d9a-9418-4baffc396204"",""provenance"":""stm""},{""episode_id"":""0c97e95c-5616-4c67-a3bd-399eba330b80"",""provenance"":""stm""},{""episode_id"":""298ef311-ba49-4a2d-bade-afa8afabce89"",""provenance"":""stm""},{""episode_id"":""34432c50-68cc-414b-99a0-276ad2c65e56"",""provenance"":""stm""},{""episode_id"":""aa5e3739-499b-46a9-9313-a9fb000f12a6"",""provenance"":""stm""},{""episode_id"":""e964df06-0f65-4317-8001-1fa1e0c9b288"",""provenance"":""stm""},{""episode_id"":""f0a74561-32d0-43ed-9ce0-6e173b948c68"",""provenance"":""stm""},{""episode_id"":""37578f66-a34f-47f4-95f5-f1e25b1f9b6e"",""provenance"":""stm""},{""episode_id"":""48329172-d1f8-471c-b99e-444b68ad9052"",""provenance"":""stm""},{""episode_id"":""531c76d8-8ddd-4da8-a966-de764b819d2a"",""provenance"":""stm""},{""episode_id"":""5a6cf110-e3e7-44e6-b250-6c40547e3d93"",""provenance"":""stm""},{""episode_id"":""68fde87d-fd24-4519-a6ed-17a37a621d1b"",""provenance"":""stm""},{""episode_id"":""6b402717-5aca-4908-8148-268a7704e268"",""provenance"":""stm""},{""episode_id"":""7dda000c-4858-4a8b-aad5-0558b907c9a8"",""provenance"":""stm""},{""episode_id"":""f0cfc1aa-68ed-4f78-93b8-bc2855315e1d"",""provenance"":""stm""},{""episode_id"":""0669c654-0e61-4305-9c11-628f4bb60eb3"",""provenance"":""stm""},{""episode_id"":""413700d8-5c2a-411a-b178-e9feab0472cc"",""provenance"":""stm""},{""episode_id"":""67289dc1-1026-437b-a82e-a5f229e5e061"",""provenance"":""stm""},{""episode_id"":""88ffad9c-4295-4db8-b5dd-6d81a9f5ab51"",""provenance"":""stm""},{""episode_id"":""b6fa95ef-d7a6-4fb5-ab74-e713d5925479"",""provenance"":""stm""},{""episode_id"":""ea4ebcb4-f0de-4f3b-938d-f867a49d747c"",""provenance"":""stm""}]"
70,14,0,0,14,0,"[{""episode_id"":""32e00c31-105c-417d-8e36-d695a31ecbb6"",""provenance"":""stm""},{""episode_id"":""64500e5a-570f-46a9-91ed-2fff31fd995e"",""provenance"":""stm""},{""episode_id"":""81f620fa-68f9-46c3-9d45-2dbc7cbb9a41"",""provenance"":""stm""},{""episode_id"":""8dcc5746-faff-4382-9e5e-59d12df6eb89"",""provenance"":""stm""},{""episode_id"":""9283eeeb-62a3-4fb3-8b04-075f82ba7a87"",""provenance"":""stm""},{""episode_id"":""99fb3d1d-66b1-426b-b7ba-1c6ff3d88c00"",""provenance"":""stm""},{""episode_id"":""ef0b9755-bdd6-484f-b79d-0c288e889a9a"",""provenance"":""stm""},{""episode_id"":""65fd5f3a-49e4-4e84-83fc-45e53786395e"",""provenance"":""stm""},{""episode_id"":""2db5e42d-20cf-47f1-82d9-0697c1f97405"",""provenance"":""stm""},{""episode_id"":""7e4d090f-6733-46b4-bfc0-67fccf3f03b5"",""provenance"":""stm""},{""episode_id"":""8218b1e9-553f-4716-82b8-ef162fc1c1fa"",""provenance"":""stm""},{""episode_id"":""9dc9e817-73aa-49c8-81f9-68e39b1a4ce8"",""provenance"":""stm""},{""episode_id"":""c83c7dde-ce65-46f4-9092-ee3514279ffc"",""provenance"":""stm""},{""episode_id"":""fcdf09e3-4ebe-4c93-9084-0e0a443de077"",""provenance"":""stm""}]"
71,16,0,0,16,0,"[{""episode_id"":""15f50409-dcfa-45a8-9307-90d0d10ad4b8"",""provenance"":""stm""},{""episode_id"":""6041497b-e90c-4bef-a6b6-b633b214bce8"",""provenance"":""stm""},{""episode_id"":""8b7e2cd2-5d68-48e0-806a-ecbe6dae0809"",""provenance"":""stm""},{""episode_id"":""a2536be9-ca84-4dc3-847d-6dfbd741939c"",""provenance"":""stm""},{""episode_id"":""b26e7399-db12-4df4-9042-baa9d5ba4697"",""provenance"":""stm""},{""episode_id"":""c83abd67-7535-45ba-bf53-a8ab92e283ee"",""provenance"":""stm""},{""episode_id"":""ee7ab807-27d1-479f-8a71-58596902d3c2"",""provenance"":""stm""},{""episode_id"":""0154a54e-d1f0-4d9a-9418-4baffc396204"",""provenance"":""stm""},{""episode_id"":""0c97e95c-5616-4c67-a3bd-399eba330b80"",""provenance"":""stm""},{""episode_id"":""298ef311-ba49-4a2d-bade-afa8afabce89"",""provenance"":""stm""},{""episode_id"":""34432c50-68cc-414b-99a0-276ad2c65e56"",""provenance"":""stm""},{""episode_id"":""aa5e3739-499b-46a9-9313-a9fb000f12a6"",""provenance"":""stm""},{""episode_id"":""bcdce8a0-f6e1-41bc-bf9f-5de570b066a7"",""provenance"":""stm""},{""episode_id"":""e964df06-0f65-4317-8001-1fa1e0c9b288"",""provenance"":""stm""},{""episode_id"":""f0a74561-32d0-43ed-9ce0-6e173b948c68"",""provenance"":""stm""},{""episode_id"":""3c4386c1-c2c6-4b89-820f-085efbbb4b94"",""provenance"":""stm""}]"
72,22,0,0,22,0,"[{""episode_id"":""0669c654-0e61-4305-9c11-628f4bb60eb3"",""provenance"":""stm""},{""episode_id"":""413700d8-5c2a-411a-b178-e9feab0472cc"",""provenance"":""stm""},{""episode_id"":""67289dc1-1026-437b-a82e-a5f229e5e061"",""provenance"":""stm""},{""episode_id"":""88ffad9c-4295-4db8-b5dd-6d81a9f5ab51"",""provenance"":""stm""},{""episode_id"":""b6fa95ef-d7a6-4fb5-ab74-e713d5925479"",""provenance"":""stm""},{""episode_id"":""ea4ebcb4-f0de-4f3b-938d-f867a49d747c"",""provenance"":""stm""},{""episode_id"":""0154a54e-d1f0-4d9a-9418-4baffc396204"",""provenance"":""stm""},{""episode_id"":""0c97e95c-5616-4c67-a3bd-399eba330b80"",""provenance"":""stm""},{""episode_id"":""298ef311-ba49-4a2d-bade-afa8afabce89"",""provenance"":""stm""},{""episode_id"":""34432c50-68cc-414b-99a0-276ad2c65e56"",""provenance"":""stm""},{""episode_id"":""aa5e3739-499b-46a9-9313-a9fb000f12a6"",""provenance"":""stm""},{""episode_id"":""bcdce8a0-f6e1-41bc-bf9f-5de570b066a7"",""provenance"":""stm""},{""episode_id"":""e964df06-0f65-4317-8001-1fa1e0c9b288"",""provenance"":""stm""},{""episode_id"":""f0a74561-32d0-43ed-9ce0-6e173b948c68"",""provenance"":""stm""},{""episode_id"":""37578f66-a34f-47f4-95f5-f1e25b1f9b6e"",""provenance"":""stm""},{""episode_id"":""48329172-d1f8-471c-b99e-444b68ad9052"",""provenance"":""stm""},{""episode_id"":""531c76d8-8ddd-4da8-a966-de764b819d2a"",""provenance"":""stm""},{""episode_id"":""5a6cf110-e3e7-44e6-b250-6c40547e3d93"",""provenance"":""stm""},{""episode_id"":""68fde87d-fd24-4519-a6ed-17a37a621d1b"",""provenance"":""stm""},{""episode_id"":""6b402717-5aca-4908-8148-268a7704e268"",""provenance"":""stm""},{""episode_id"":""7dda000c-4858-4a8b-aad5-0558b907c9a8"",""provenance"":""stm""},{""episode_id"":""f0cfc1aa-68ed-4f78-93b8-bc2855315e1d"",""provenance"":""stm""}]"
73,15,0,0,15,0,"[{""episode_id"":""65fd5f3a-49e4-4e84-83fc-45e53786395e"",""provenance"":""stm""},{""episode_id"":""2db5e42d-20cf-47f1-82d9-0697c1f97405"",""provenance"":""stm""},{""episode_id"":""7e4d090f-6733-46b4-bfc0-67fccf3f03b5"",""provenance"":""stm""},{""episode_id"":""8218b1e9-553f-4716-82b8-ef162fc1c1fa"",""provenance"":""stm""},{""episode_id"":""9dc9e817-73aa-49c8-81f9-68e39b1a4ce8"",""provenance"":""stm""},{""episode_id"":""c83c7dde-ce65-46f4-9092-ee3514279ffc"",""provenance"":""stm""},{""episode_id"":""fcdf09e3-4ebe-4c93-9084-0e0a443de077"",""provenance"":""stm""},{""episode_id"":""32e00c31-105c-417d-8e36-d695a31ecbb6"",""provenance"":""stm""},{""episode_id"":""64500e5a-570f-46a9-91ed-2fff31fd995e"",""provenance"":""stm""},{""episode_id"":""81f620fa-68f9-46c3-9d45-2dbc7cbb9a41"",""provenance"":""stm""},{""episode_id"":""8dcc5746-faff-4382-9e5e-59d12df6eb89"",""provenance"":""stm""},{""episode_id"":""9283eeeb-62a3-4fb3-8b04-075f82ba7a87"",""provenance"":""stm""},{""episode_id"":""99fb3d1d-66b1-426b-b7ba-1c6ff3d88c00"",""provenance"":""stm""},{""episode_id"":""ef0b9755-bdd6-484f-b79d-0c288e889a9a"",""provenance"":""stm""},{""episode_id"":""fe3f4f4a-dcbf-4ce7-8a8d-08861dad13fa"",""provenance"":""stm""}]"
74,16,0,0,16,0,"[{""episode_id"":""37578f66-a34f-47f4-95f5-f1e25b1f9b6e"",""provenance"":""stm""},{""episode_id"":""48329172-d1f8-471c-b99e-444b68ad9052"",""provenance"":""stm""},{""episode_id"":""531c76d8-8ddd-4da8-a966-de764b819d2a"",""provenance"":""stm""},{""episode_id"":""5a6cf110-e3e7-44e6-b250-6c40547e3d93"",""provenance"":""stm""},{""episode_id"":""68fde87d-fd24-4519-a6ed-17a37a621d1b"",""provenance"":""stm""},{""episode_id"":""6b402717-5aca-4908-8148-268a7704e268"",""provenance"":""stm""},{""episode_id"":""7dda000c-4858-4a8b-aad5-0558b907c9a8"",""provenance"":""stm""},{""episode_id"":""f0cfc1aa-68ed-4f78-93b8-bc2855315e1d"",""provenance"":""stm""},{""episode_id"":""0154a54e-d1f0-4d9a-9418-4baffc396204"",""provenance"":""stm""},{""episode_id"":""0c97e95c-5616-4c67-a3bd-399eba330b80"",""provenance"":""stm""},{""episode_id"":""298ef311-ba49-4a2d-bade-afa8afabce89"",""provenance"":""stm""},{""episode_id"":""34432c50-68cc-414b-99a0-276ad2c65e56"",""provenance"":""stm""},{""episode_id"":""aa5e3739-499b-46a9-9313-a9fb000f12a6"",""provenance"":""stm""},{""episode_id"":""bcdce8a0-f6e1-41bc-bf9f-5de570b066a7"",""provenance"":""stm""},{""episode_id"":""e964df06-0f65-4317-8001-1fa1e0c9b288"",""provenance"":""stm""},{""episode_id"":""f0a74561-32d0-43ed-9ce0-6e173b948c68"",""provenance"":""stm""}]"
75,1,0,0,1,0,"[{""episode_id"":""3c4386c1-c2c6-4b89-820f-085efbbb4b94"",""provenance"":""stm""}]"
76,8,0,0,8,0,"[{""episode_id"":""040d3619-d61c-45ef-a50c-5987182190a7"",""provenance"":""stm""},{""episode_id"":""0f4e7ccd-a8c0-4544-bf8b-9a0c5030d9cf"",""provenance"":""stm""},{""episode_id"":""23268a10-970e-4df1-9e03-d26a5dd781ba"",""provenance"":""stm""},{""episode_id"":""7a8795aa-7742-4c68-8f2f-5ec25a4e6348"",""provenance"":""stm""},{""episode_id"":""8b2140f1-5048-4ebe-8077-4449b857c3fc"",""provenance"":""stm""},{""episode_id"":""c626d008-2b46-4dc2-a78c-57bfaafab466"",""provenance"":""stm""},{""episode_id"":""f2ab2e96-d7c4-4b64-8035-f374bd0a57cc"",""provenance"":""stm""},{""episode_id"":""f6c0f40e-14a5-499e-8472-8f3a084adb6f"",""provenance"":""stm""}]"
77,24,0,0,24,0,"[{""episode_id"":""0154a54e-d1f0-4d9a-9418-4baffc396204"",""provenance"":""stm""},{""episode_id"":""0c97e95c-5616-4c67-a3bd-399eba330b80"",""provenance"":""stm""},{""episode_id"":""298ef311-ba49-4a2d-bade-afa8afabce89"",""provenance"":""stm""},{""episode_id"":""34432c50-68cc-414b-99a0-276ad2c65e56"",""provenance"":""stm""},{""episode_id"":""aa5e3739-499b-46a9-9313-a9fb000f12a6"",""provenance"":""stm""},{""episode_id"":""bcdce8a0-f6e1-41bc-bf9f-5de570b066a7"",""provenance"":""stm""},{""episode_id"":""e964df06-0f65-4317-8001-1fa1e0c9b288"",""provenance"":""stm""},{""episode_id"":""f0a74561-32d0-43ed-9ce0-6e173b948c68"",""provenance"":""stm""},{""episode_id"":""37578f66-a34f-47f4-95f5-f1e25b1f9b6e"",""provenance"":""stm""},{""episode_id"":""48329172-d1f8-471c-b99e-444b68ad9052"",""provenance"":""stm""},{""episode_id"":""531c76d8-8ddd-4da8-a966-de764b819d2a"",""provenance"":""stm""},{""episode_id"":""5a6cf110-e3e7-44e6-b250-6c40547e3d93"",""provenance"":""stm""},{""episode_id"":""68fde87d-fd24-4519-a6ed-17a37a621d1b"",""provenance"":""stm""},{""episode_id"":""6b402717-5aca-4908-8148-268a7704e268"",""provenance"":""stm""},{""episode_id"":""7dda000c-4858-4a8b-aad5-0558b907c9a8"",""provenance"":""stm""},{""episode_id"":""ce685721-586c-4ea7-87d7-82c6d842d19c"",""provenance"":""stm""},{""episode_id"":""f0cfc1aa-68ed-4f78-93b8-bc2855315e1d"",""provenance"":""stm""},{""episode_id"":""0669c654-0e61-4305-9c11-628f4bb60eb3"",""provenance"":""stm""},{""episode_id"":""413700d8-5c2a-411a-b178-e9feab0472cc"",""provenance"":""stm""},{""episode_id"":""67289dc1-1026-437b-a82e-a5f229e5e061"",""provenance"":""stm""},{""episode_id"":""88ffad9c-4295-4db8-b5dd-6d81a9f5ab51"",""provenance"":""stm""},{""episode_id"":""b125b0e7-1b0c-49ac-89e1-0d800b56863b"",""provenance"":""stm""},{""episode_id"":""b6fa95ef-d7a6-4fb5-ab74-e713d5925479"",""provenance"":""stm""},{""episode_id"":""ea4ebcb4-f0de-4f3b-938d-f867a49d747c"",""provenance"":""stm""}]"
78,16,0,0,16,0,"[{""episode_id"":""32e00c31-105c-417d-8e36-d695a31ecbb6"",""provenance"":""stm""},{""episode_id"":""64500e5a-570f-46a9-91ed-2fff31fd995e"",""provenance"":""stm""},{""episode_id"":""81f620fa-68f9-46c3-9d45-2dbc7cbb9a41"",""provenance"":""stm""},{""episode_id"":""8dcc5746-faff-4382-9e5e-59d12df6eb89"",""provenance"":""stm""},{""episode_id"":""9283eeeb-62a3-4fb3-8b04-075f82ba7a87"",""provenance"":""stm""},{""episode_id"":""99fb3d1d-66b1-426b-b7ba-1c6ff3d88c00"",""provenance"":""stm""},{""episode_id"":""ef0b9755-bdd6-484f-b79d-0c288e889a9a"",""provenance"":""stm""},{""episode_id"":""fe3f4f4a-dcbf-4ce7-8a8d-08861dad13fa"",""provenance"":""stm""},{""episode_id"":""65fd5f3a-49e4-4e84-83fc-45e53786395e"",""provenance"":""stm""},{""episode_id"":""2db5e42d-20cf-47f1-82d9-0697c1f97405"",""provenance"":""stm""},{""episode_id"":""2dc1645d-c98f-4033-84e4-56c418fc03bd"",""provenance"":""stm""},{""episode_id"":""7e4d090f-6733-46b4-bfc0-67fccf3f03b5"",""provenance"":""stm""},{""episode_id"":""8218b1e9-553f-4716-82b8-ef162fc1c1fa"",""provenance"":""stm""},{""episode_id"":""9dc9e817-73aa-49c8-81f9-68e39b1a4ce8"",""provenance"":""stm""},{""episode_id"":""c83c7dde-ce65-46f4-9092-ee3514279ffc"",""provenance"":""stm""},{""episode_id"":""fcdf09e3-4ebe-4c93-9084-0e0a443de077"",""provenance"":""stm""}]"
79,18,0,0,18,0,"[{""episode_id"":""15f50409-dcfa-45a8-9307-90d0d10ad4b8"",""provenance"":""stm""},{""episode_id"":""6041497b-e90c-4bef-a6b6-b633b214bce8"",""provenance"":""stm""},{""episode_id"":""8b7e2cd2-5d68-48e0-806a-ecbe6dae0809"",""provenance"":""stm""},{""episode_id"":""a2536be9-ca84-4dc3-847d-6dfbd741939c"",""provenance"":""stm""},{""episode_id"":""b26e7399-db12-4df4-9042-baa9d5ba4697"",""provenance"":""stm""},{""episode_id"":""b5179fc8-800d-4d83-bb13-4c214bc1f5c4"",""provenance"":""stm""},{""episode_id"":""c83abd67-7535-45ba-bf53-a8ab92e283ee"",""provenance"":""stm""},{""episode_id"":""ee7ab807-27d1-479f-8a71-58596902d3c2"",""provenance"":""stm""},{""episode_id"":""0154a54e-d1f0-4d9a-9418-4baffc396204"",""provenance"":""stm""},{""episode_id"":""0c97e95c-5616-4c67-a3bd-399eba330b80"",""provenance"":""stm""},{""episode_id"":""298ef311-ba49-4a2d-bade-afa8afabce89"",""provenance"":""stm""},{""episode_id"":""34432c50-68cc-414b-99a0-276ad2c65e56"",""provenance"":""stm""},{""episode_id"":""aa5e3739-499b-46a9-9313-a9fb000f12a6"",""provenance"":""stm""},{""episode_id"":""ac37a538-4d7d-47c5-a7f2-4b09b2736183"",""provenance"":""stm""},{""episode_id"":""bcdce8a0-f6e1-41bc-bf9f-5de570b066a7"",""provenance"":""stm""},{""episode_id"":""e964df06-0f65-4317-8001-1fa1e0c9b288"",""provenance"":""stm""},{""episode_id"":""f0a74561-32d0-43ed-9ce0-6e173b948c68"",""provenance"":""stm""},{""episode_id"":""3c4386c1-c2c6-4b89-820f-085efbbb4b94"",""provenance"":""stm""}]"
80,25,0,0,25,0,"[{""episode_id"":""0669c654-0e61-4305-9c11-628f4bb60eb3"",""provenance"":""stm""},{""episode_id"":""413700d8-5c2a-411a-b178-e9feab0472cc"",""provenance"":""stm""},{""episode_id"":""67289dc1-1026-437b-a82e-a5f229e5e061"",""provenance"":""stm""},{""episode_id"":""88ffad9c-4295-4db8-b5dd-6d81a9f5ab51"",""provenance"":""stm""},{""episode_id"":""b125b0e7-1b0c-49ac-89e1-0d800b56863b"",""provenance"":""stm""},{""episode_id"":""b6fa95ef-d7a6-4fb5-ab74-e713d5925479"",""provenance"":""stm""},{""episode_id"":""ea4ebcb4-f0de-4f3b-938d-f867a49d747c"",""provenance"":""stm""},{""episode_id"":""0154a54e-d1f0-4d9a-9418-4baffc396204"",""provenance"":""stm""},{""episode_id"":""0c97e95c-5616-4c67-a3bd-399eba330b80"",""provenance"":""stm""},{""episode_id"":""298ef311-ba49-4a2d-bade-afa8afabce89"",""provenance"":""stm""},{""episode_id"":""34432c50-68cc-414b-99a0-276ad2c65e56"",""provenance"":""stm""},{""episode_id"":""aa5e3739-499b-46a9-9313-a9fb000f12a6"",""provenance"":""stm""},{""episode_id"":""ac37a538-4d7d-47c5-a7f2-4b09b2736183"",""provenance"":""stm""},{""episode_id"":""bcdce8a0-f6e1-41bc-bf9f-5de570b066a7"",""provenance"":""stm""},{""episode_id"":""e964df06-0f65-4317-8001-1fa1e0c9b288"",""provenance"":""stm""},{""episode_id"":""f0a74561-32d0-43ed-9ce0-6e173b948c68"",""provenance"":""stm""},{""episode_id"":""37578f66-a34f-47f4-95f5-f1e25b1f9b6e"",""provenance"":""stm""},{""episode_id"":""48329172-d1f8-471c-b99e-444b68ad9052"",""provenance"":""stm""},{""episode_id"":""531c76d8-8ddd-4da8-a966-de764b819d2a"",""provenance"":""stm""},{""episode_id"":""5a6cf110-e3e7-44e6-b250-6c40547e3d93"",""provenance"":""stm""},{""episode_id"":""68fde87d-fd24-4519-a6ed-17a37a621d1b"",""provenance"":""stm""},{""episode_id"":""6b402717-5aca-4908-8148-268a7704e268"",""provenance"":""stm""},{""episode_id"":""7dda000c-4858-4a8b-aad5-0558b907c9a8"",""provenance"":""stm""},{""episode_id"":""ce685721-586c-4ea7-87d7-82c6d842d19c"",""provenance"":""stm""},{""episode_id"":""f0cfc1aa-68ed-4f78-93b8-bc2855315e1d"",""provenance"":""stm""}]"
81,17,0,0,17,0,"[{""episode_id"":""65fd5f3a-49e4-4e84-83fc-45e53786395e"",""provenance"":""stm""},{""episode_id"":""2db5e42d-20cf-47f1-82d9-0697c1f97405"",""provenance"":""stm""},{""episode_id"":""2dc1645d-c98f-4033-84e4-56c418fc03bd"",""provenance"":""stm""},{""episode_id"":""7e4d090f-6733-46b4-bfc0-67fccf3f03b5"",""provenance"":""stm""},{""episode_id"":""8218b1e9-553f-4716-82b8-ef162fc1c1fa"",""provenance"":""stm""},{""episode_id"":""9dc9e817-73aa-49c8-81f9-68e39b1a4ce8"",""provenance"":""stm""},{""episode_id"":""c83c7dde-ce65-46f4-9092-ee3514279ffc"",""provenance"":""stm""},{""episode_id"":""fcdf09e3-4ebe-4c93-9084-0e0a443de077"",""provenance"":""stm""},{""episode_id"":""25c992dd-5b43-4c15-bbf6-f39643cf78de"",""provenance"":""stm""},{""episode_id"":""32e00c31-105c-417d-8e36-d695a31ecbb6"",""provenance"":""stm""},{""episode_id"":""64500e5a-570f-46a9-91ed-2fff31fd995e"",""provenance"":""stm""},{""episode_id"":""81f620fa-68f9-46c3-9d45-2dbc7cbb9a41"",""provenance"":""stm""},{""episode_id"":""8dcc5746-faff-4382-9e5e-59d12df6eb89"",""provenance"":""stm""},{""episode_id"":""9283eeeb-62a3-4fb3-8b04-075f82ba7a87"",""provenance"":""stm""},{""episode_id"":""99fb3d1d-66b1-426b-b7ba-1c6ff3d88c00"",""provenance"":""stm""},{""episode_id"":""ef0b9755-bdd6-484f-b79d-0c288e889a9a"",""provenance"":""stm""},{""episode_id"":""fe3f4f4a-dcbf-4ce7-8a8d-08861dad13fa"",""provenance"":""stm""}]"
82,18,0,0,18,0,"[{""episode_id"":""37578f66-a34f-47f4-95f5-f1e25b1f9b6e"",""provenance"":""stm""},{""episode_id"":""48329172-d1f8-471c-b99e-444b68ad9052"",""provenance"":""stm""},{""episode_id"":""531c76d8-8ddd-4da8-a966-de764b819d2a"",""provenance"":""stm""},{""episode_id"":""5a6cf110-e3e7-44e6-b250-6c40547e3d93"",""provenance"":""stm""},{""episode_id"":""68fde87d-fd24-4519-a6ed-17a37a621d1b"",""provenance"":""stm""},{""episode_id"":""6b402717-5aca-4908-8148-268a7704e268"",""provenance"":""stm""},{""episode_id"":""7dda000c-4858-4a8b-aad5-0558b907c9a8"",""provenance"":""stm""},{""episode_id"":""ce685721-586c-4ea7-87d7-82c6d842d19c"",""provenance"":""stm""},{""episode_id"":""f0cfc1aa-68ed-4f78-93b8-bc2855315e1d"",""provenance"":""stm""},{""episode_id"":""0154a54e-d1f0-4d9a-9418-4baffc396204"",""provenance"":""stm""},{""episode_id"":""0c97e95c-5616-4c67-a3bd-399eba330b80"",""provenance"":""stm""},{""episode_id"":""298ef311-ba49-4a2d-bade-afa8afabce89"",""provenance"":""stm""},{""episode_id"":""34432c50-68cc-414b-99a0-276ad2c65e56"",""provenance"":""stm""},{""episode_id"":""aa5e3739-499b-46a9-9313-a9fb000f12a6"",""provenance"":""stm""},{""episode_id"":""ac37a538-4d7d-47c5-a7f2-4b09b2736183"",""provenance"":""stm""},{""episode_id"":""bcdce8a0-f6e1-41bc-bf9f-5de570b066a7"",""provenance"":""stm""},{""episode_id"":""e964df06-0f65-4317-8001-1fa1e0c9b288"",""provenance"":""stm""},{""episode_id"":""f0a74561-32d0-43ed-9ce0-6e173b948c68"",""provenance"":""stm""}]"
83,0,0,0,0,0,[]
84,0,14,0,2,2,"[{""episode_id"":""dba57d9b-fb4f-44ee-bf89-c4854c631812"",""provenance"":""ltm""},{""episode_id"":""3c4386c1-c2c6-4b89-820f-085efbbb4b94"",""provenance"":""ltm""}]"
85,0,14,0,2,2,"[{""episode_id"":""3c4386c1-c2c6-4b89-820f-085efbbb4b94"",""provenance"":""ltm""},{""episode_id"":""dba57d9b-fb4f-44ee-bf89-c4854c631812"",""provenance"":""ltm""}]"
86,1,14,0,3,2,"[{""episode_id"":""1f877424-2615-461d-b608-9954018b9105"",""provenance"":""stm""},{""episode_id"":""dba57d9b-fb4f-44ee-bf89-c4854c631812"",""provenance"":""ltm""},{""episode_id"":""3c4386c1-c2c6-4b89-820f-085efbbb4b94"",""provenance"":""ltm""}]"
87,10,14,0,12,2,"[{""episode_id"":""1f877424-2615-461d-b608-9954018b9105"",""provenance"":""stm""},{""episode_id"":""0154a54e-d1f0-4d9a-9418-4baffc396204"",""provenance"":""stm""},{""episode_id"":""0c97e95c-5616-4c67-a3bd-399eba330b80"",""provenance"":""stm""},{""episode_id"":""298ef311-ba49-4a2d-bade-afa8afabce89"",""provenance"":""stm""},{""episode_id"":""34432c50-68cc-414b-99a0-276ad2c65e56"",""provenance"":""stm""},{""episode_id"":""aa5e3739-499b-46a9-9313-a9fb000f12a6"",""provenance"":""stm""},{""episode_id"":""ac37a538-4d7d-47c5-a7f2-4b09b2736183"",""provenance"":""stm""},{""episode_id"":""bcdce8a0-f6e1-41bc-bf9f-5de570b066a7"",""provenance"":""stm""},{""episode_id"":""e964df06-0f65-4317-8001-1fa1e0c9b288"",""provenance"":""stm""},{""episode_id"":""f0a74561-32d0-43ed-9ce0-6e173b948c68"",""provenance"":""stm""},{""episode_id"":""dba57d9b-fb4f-44ee-bf89-c4854c631812"",""provenance"":""ltm""},{""episode_id"":""3c4386c1-c2c6-4b89-820f-085efbbb4b94"",""provenance"":""ltm""}]"
88,3,14,0,5,2,"[{""episode_id"":""1f877424-2615-461d-b608-9954018b9105"",""provenance"":""stm""},{""episode_id"":""efa30fb9-5267-4970-b16d-7fc40b1ca487"",""provenance"":""stm""},{""episode_id"":""47a820b2-eeb4-4a8a-8dfc-b5f66ccab71f"",""provenance"":""stm""},{""episode_id"":""3c4386c1-c2c6-4b89-820f-085efbbb4b94"",""provenance"":""ltm""},{""episode_id"":""dba57d9b-fb4f-44ee-bf89-c4854c631812"",""provenance"":""ltm""}]"
89,1,14,0,3,2,"[{""episode_id"":""1f877424-2615-461d-b608-9954018b9105"",""provenance"":""stm""},{""episode_id"":""3c4386c1-c2c6-4b89-820f-085efbbb4b94"",""provenance"":""ltm""},{""episode_id"":""dba57d9b-fb4f-44ee-bf89-c4854c631812"",""provenance"":""ltm""}]"
90,11,14,0,13,2,"[{""episode_id"":""0669c654-0e61-4305-9c11-628f4bb60eb3"",""provenance"":""stm""},{""episode_id"":""413700d8-5c2a-411a-b178-e9feab0472cc"",""provenance"":""stm""},{""episode_id"":""67289dc1-1026-437b-a82e-a5f229e5e061"",""provenance"":""stm""},{""episode_id"":""88ffad9c-4295-4db8-b5dd-6d81a9f5ab51"",""provenance"":""stm""},{""episode_id"":""b125b0e7-1b0c-49ac-89e1-0d800b56863b"",""provenance"":""stm""},{""episode_id"":""b6fa95ef-d7a6-4fb5-ab74-e713d5925479"",""provenance"":""stm""},{""episode_id"":""ea4ebcb4-f0de-4f3b-938d-f867a49d747c"",""provenance"":""stm""},{""episode_id"":""fd45aa2b-376a-4e19-820a-b5d25f8b23ca"",""provenance"":""stm""},{""episode_id"":""efa30fb9-5267-4970-b16d-7fc40b1ca487"",""provenance"":""stm""},{""episode_id"":""1f877424-2615-461d-b608-9954018b9105"",""provenance"":""stm""},{""episode_id"":""47a820b2-eeb4-4a8a-8dfc-b5f66ccab71f"",""provenance"":""stm""},{""episode_id"":""dba57d9b-fb4f-44ee-bf89-c4854c631812"",""provenance"":""ltm""},{""episode_id"":""3c4386c1-c2c6-4b89-820f-085efbbb4b94"",""provenance"":""ltm""}]"
91,3,14,0,5,2,"[{""episode_id"":""1f877424-2615-461d-b608-9954018b9105"",""provenance"":""stm""},{""episode_id"":""72bc8697-9933-4e81-bb39-a9808290ae9b"",""provenance"":""stm""},{""episode_id"":""47a820b2-eeb4-4a8a-8dfc-b5f66ccab71f"",""provenance"":""stm""},{""episode_id"":""dba57d9b-fb4f-44ee-bf89-c4854c631812"",""provenance"":""ltm""},{""episode_id"":""3c4386c1-c2c6-4b89-820f-085efbbb4b94"",""provenance"":""ltm""}]"
92,6,14,0,8,2,"[{""episode_id"":""1f877424-2615-461d-b608-9954018b9105"",""provenance"":""stm""},{""episode_id"":""72bc8697-9933-4e81-bb39-a9808290ae9b"",""provenance"":""stm""},{""episode_id"":""a9bb2c9e-48b4-4d3d-828d-7720cc91736c"",""provenance"":""stm""},{""episode_id"":""ef27b25f-b672-4196-9193-4dc687dbd36b"",""provenance"":""stm""},{""episode_id"":""47a820b2-eeb4-4a8a-8dfc-b5f66ccab71f"",""provenance"":""stm""},{""episode_id"":""63b0f26c-ddac-40e9-bee6-6517ca864f23"",""provenance"":""stm""},{""episode_id"":""dba57d9b-fb4f-44ee-bf89-c4854c631812"",""provenance"":""ltm""},{""episode_id"":""3c4386c1-c2c6-4b89-820f-085efbbb4b94"",""provenance"":""ltm""}]"
93,7,14,0,9,2,"[{""episode_id"":""efa30fb9-5267-4970-b16d-7fc40b1ca487"",""provenance"":""stm""},{""episode_id"":""1f877424-2615-461d-b608-9954018b9105"",""provenance"":""stm""},{""episode_id"":""47a820b2-eeb4-4a8a-8dfc-b5f66ccab71f"",""provenance"":""stm""},{""episode_id"":""63b0f26c-ddac-40e9-bee6-6517ca864f23"",""provenance"":""stm""},{""episode_id"":""a9bb2c9e-48b4-4d3d-828d-7720cc91736c"",""provenance"":""stm""},{""episode_id"":""72bc8697-9933-4e81-bb39-a9808290ae9b"",""provenance"":""stm""},{""episode_id"":""ef27b25f-b672-4196-9193-4dc687dbd36b"",""provenance"":""stm""},{""episode_id"":""3c4386c1-c2c6-4b89-820f-085efbbb4b94"",""provenance"":""ltm""},{""episode_id"":""dba57d9b-fb4f-44ee-bf89-c4854c631812"",""provenance"":""ltm""}]"
94,6,14,0,8,2,"[{""episode_id"":""47a820b2-eeb4-4a8a-8dfc-b5f66ccab71f"",""provenance"":""stm""},{""episode_id"":""efa30fb9-5267-4970-b16d-7fc40b1ca487"",""provenance"":""stm""},{""episode_id"":""a9bb2c9e-48b4-4d3d-828d-7720cc91736c"",""provenance"":""stm""},{""episode_id"":""1f877424-2615-461d-b608-9954018b9105"",""provenance"":""stm""},{""episode_id"":""8afe65a8-2bff-4f17-af23-85c807a7ad9d"",""provenance"":""stm""},{""episode_id"":""63b0f26c-ddac-40e9-bee6-6517ca864f23"",""provenance"":""stm""},{""episode_id"":""dba57d9b-fb4f-44ee-bf89-c4854c631812"",""provenance"":""ltm""},{""episode_id"":""3c4386c1-c2c6-4b89-820f-085efbbb4b94"",""provenance"":""ltm""}]"
95,16,14,0,18,2,"[{""episode_id"":""ef27b25f-b672-4196-9193-4dc687dbd36b"",""provenance"":""stm""},{""episode_id"":""1f877424-2615-461d-b608-9954018b9105"",""provenance"":""stm""},{""episode_id"":""8afe65a8-2bff-4f17-af23-85c807a7ad9d"",""provenance"":""stm""},{""episode_id"":""0154a54e-d1f0-4d9a-9418-4baffc396204"",""provenance"":""stm""},{""episode_id"":""0c97e95c-5616-4c67-a3bd-399eba330b80"",""provenance"":""stm""},{""episode_id"":""298ef311-ba49-4a2d-bade-afa8afabce89"",""provenance"":""stm""},{""episode_id"":""34432c50-68cc-414b-99a0-276ad2c65e56"",""provenance"":""stm""},{""episode_id"":""aa5e3739-499b-46a9-9313-a9fb000f12a6"",""provenance"":""stm""},{""episode_id"":""ac37a538-4d7d-47c5-a7f2-4b09b2736183"",""provenance"":""stm""},{""episode_id"":""bcdce8a0-f6e1-41bc-bf9f-5de570b066a7"",""provenance"":""stm""},{""episode_id"":""e964df06-0f65-4317-8001-1fa1e0c9b288"",""provenance"":""stm""},{""episode_id"":""f0a74561-32d0-43ed-9ce0-6e173b948c68"",""provenance"":""stm""},{""episode_id"":""72bc8697-9933-4e81-bb39-a9808290ae9b"",""provenance"":""stm""},{""episode_id"":""a9bb2c9e-48b4-4d3d-828d-7720cc91736c"",""provenance"":""stm""},{""episode_id"":""63b0f26c-ddac-40e9-bee6-6517ca864f23"",""provenance"":""stm""},{""episode_id"":""47a820b2-eeb4-4a8a-8dfc-b5f66ccab71f"",""provenance"":""stm""},{""episode_id"":""dba57d9b-fb4f-44ee-bf89-c4854c631812"",""provenance"":""ltm""},{""episode_id"":""3c4386c1-c2c6-4b89-820f-085efbbb4b94"",""provenance"":""ltm""}]"
96,10,14,0,12,2,"[{""episode_id"":""72bc8697-9933-4e81-bb39-a9808290ae9b"",""provenance"":""stm""},{""episode_id"":""1f877424-2615-461d-b608-9954018b9105"",""provenance"":""stm""},{""episode_id"":""8afe65a8-2bff-4f17-af23-85c807a7ad9d"",""provenance"":""stm""},{""episode_id"":""63b0f26c-ddac-40e9-bee6-6517ca864f23"",""provenance"":""stm""},{""episode_id"":""a9bb2c9e-48b4-4d3d-828d-7720cc91736c"",""provenance"":""stm""},{""episode_id"":""6dfca794-82da-4db6-96d1-507ac2e91d37"",""provenance"":""stm""},{""episode_id"":""efa30fb9-5267-4970-b16d-7fc40b1ca487"",""provenance"":""stm""},{""episode_id"":""ef27b25f-b672-4196-9193-4dc687dbd36b"",""provenance"":""stm""},{""episode_id"":""47a820b2-eeb4-4a8a-8dfc-b5f66ccab71f"",""provenance"":""stm""},{""episode_id"":""6841c779-ee17-4525-ac8c-088efb4c6490"",""provenance"":""stm""},{""episode_id"":""3c4386c1-c2c6-4b89-820f-085efbbb4b94"",""provenance"":""ltm""},{""episode_id"":""dba57d9b-fb4f-44ee-bf89-c4854c631812"",""provenance"":""ltm""}]"
97,3,14,0,5,2,"[{""episode_id"":""63b0f26c-ddac-40e9-bee6-6517ca864f23"",""provenance"":""stm""},{""episode_id"":""1f877424-2615-461d-b608-9954018b9105"",""provenance"":""stm""},{""episode_id"":""8afe65a8-2bff-4f17-af23-85c807a7ad9d"",""provenance"":""stm""},{""episode_id"":""3c4386c1-c2c6-4b89-820f-085efbbb4b94"",""provenance"":""ltm""},{""episode_id"":""dba57d9b-fb4f-44ee-bf89-c4854c631812"",""provenance"":""ltm""}]"
98,15,14,0,17,2,"[{""episode_id"":""a9bb2c9e-48b4-4d3d-828d-7720cc91736c"",""provenance"":""stm""},{""episode_id"":""0669c654-0e61-4305-9c11-628f4bb60eb3"",""provenance"":""stm""},{""episode_id"":""413700d8-5c2a-411a-b178-e9feab0472cc"",""provenance"":""stm""},{""episode_id"":""67289dc1-1026-437b-a82e-a5f229e5e061"",""provenance"":""stm""},{""episode_id"":""88ffad9c-4295-4db8-b5dd-6d81a9f5ab51"",""provenance"":""stm""},{""episode_id"":""b125b0e7-1b0c-49ac-89e1-0d800b56863b"",""provenance"":""stm""},{""episode_id"":""b6fa95ef-d7a6-4fb5-ab74-e713d5925479"",""provenance"":""stm""},{""episode_id"":""ea4ebcb4-f0de-4f3b-938d-f867a49d747c"",""provenance"":""stm""},{""episode_id"":""fd45aa2b-376a-4e19-820a-b5d25f8b23ca"",""provenance"":""stm""},{""episode_id"":""6dfca794-82da-4db6-96d1-507ac2e91d37"",""provenance"":""stm""},{""episode_id"":""efa30fb9-5267-4970-b16d-7fc40b1ca487"",""provenance"":""stm""},{""episode_id"":""1f877424-2615-461d-b608-9954018b9105"",""provenance"":""stm""},{""episode_id"":""8afe65a8-2bff-4f17-af23-85c807a7ad9d"",""provenance"":""stm""},{""episode_id"":""6841c779-ee17-4525-ac8c-088efb4c6490"",""provenance"":""stm""},{""episode_id"":""47a820b2-eeb4-4a8a-8dfc-b5f66ccab71f"",""provenance"":""stm""},{""episode_id"":""dba57d9b-fb4f-44ee-bf89-c4854c631812"",""provenance"":""ltm""},{""episode_id"":""3c4386c1-c2c6-4b89-820f-085efbbb4b94"",""provenance"":""ltm""}]"
99,7,14,0,9,2,"[{""episode_id"":""3681387f-66db-44e2-b8cc-dec3029d648e"",""provenance"":""stm""},{""episode_id"":""1f877424-2615-461d-b608-9954018b9105"",""provenance"":""stm""},{""episode_id"":""8afe65a8-2bff-4f17-af23-85c807a7ad9d"",""provenance"":""stm""},{""episode_id"":""72bc8697-9933-4e81-bb39-a9808290ae9b"",""provenance"":""stm""},{""episode_id"":""99b1cfd5-5dac-4190-a367-19db09afe67b"",""provenance"":""stm""},{""episode_id"":""6841c779-ee17-4525-ac8c-088efb4c6490"",""provenance"":""stm""},{""episode_id"":""47a820b2-eeb4-4a8a-8dfc-b5f66ccab71f"",""provenance"":""stm""},{""episode_id"":""dba57d9b-fb4f-44ee-bf89-c4854c631812"",""provenance"":""ltm""},{""episode_id"":""3c4386c1-c2c6-4b89-820f-085efbbb4b94"",""provenance"":""ltm""}]"
100,13,14,0,15,2,"[{""episode_id"":""1f877424-2615-461d-b608-9954018b9105"",""provenance"":""stm""},{""episode_id"":""8afe65a8-2bff-4f17-af23-85c807a7ad9d"",""provenance"":""stm""},{""episode_id"":""72bc8697-9933-4e81-bb39-a9808290ae9b"",""provenance"":""stm""},{""episode_id"":""99b1cfd5-5dac-4190-a367-19db09afe67b"",""provenance"":""stm""},{""episode_id"":""3681387f-66db-44e2-b8cc-dec3029d648e"",""provenance"":""stm""},{""episode_id"":""1ac0d7d0-10c2-4768-b9b6-a6f2237cdce2"",""provenance"":""stm""},{""episode_id"":""a9bb2c9e-48b4-4d3d-828d-7720cc91736c"",""provenance"":""stm""},{""episode_id"":""64d7fae9-2134-48f0-b73c-c5fac7c2ce7c"",""provenance"":""stm""},{""episode_id"":""ef27b25f-b672-4196-9193-4dc687dbd36b"",""provenance"":""stm""},{""episode_id"":""6841c779-ee17-4525-ac8c-088efb4c6490"",""provenance"":""stm""},{""episode_id"":""47a820b2-eeb4-4a8a-8dfc-b5f66ccab71f"",""provenance"":""stm""},{""episode_id"":""63b0f26c-ddac-40e9-bee6-6517ca864f23"",""provenance"":""stm""},{""episode_id"":""d2e22f98-6839-440b-9905-ba7e3c2cfe8c"",""provenance"":""stm""},{""episode_id"":""dba57d9b-fb4f-44ee-bf89-c4854c631812"",""provenance"":""ltm""},{""episode_id"":""3c4386c1-c2c6-4b89-820f-085efbbb4b94"",""provenance"":""ltm""}]"
101,14,14,0,16,2,"[{""episode_id"":""6dfca794-82da-4db6-96d1-507ac2e91d37"",""provenance"":""stm""},{""episode_id"":""efa30fb9-5267-4970-b16d-7fc40b1ca487"",""provenance"":""stm""},{""episode_id"":""1f877424-2615-461d-b608-9954018b9105"",""provenance"":""stm""},{""episode_id"":""8afe65a8-2bff-4f17-af23-85c807a7ad9d"",""provenance"":""stm""},{""episode_id"":""6841c779-ee17-4525-ac8c-088efb4c6490"",""provenance"":""stm""},{""episode_id"":""47a820b2-eeb4-4a8a-8dfc-b5f66ccab71f"",""provenance"":""stm""},{""episode_id"":""63b0f26c-ddac-40e9-bee6-6517ca864f23"",""provenance"":""stm""},{""episode_id"":""d2e22f98-6839-440b-9905-ba7e3c2cfe8c"",""provenance"":""stm""},{""episode_id"":""1ac0d7d0-10c2-4768-b9b6-a6f2237cdce2"",""provenance"":""stm""},{""episode_id"":""a9bb2c9e-48b4-4d3d-828d-7720cc91736c"",""provenance"":""stm""},{""episode_id"":""72bc8697-9933-4e81-bb39-a9808290ae9b"",""provenance"":""stm""},{""episode_id"":""99b1cfd5-5dac-4190-a367-19db09afe67b"",""provenance"":""stm""},{""episode_id"":""64d7fae9-2134-48f0-b73c-c5fac7c2ce7c"",""provenance"":""stm""},{""episode_id"":""ef27b25f-b672-4196-9193-4dc687dbd36b"",""provenance"":""stm""},{""episode_id"":""3c4386c1-c2c6-4b89-820f-085efbbb4b94"",""provenance"":""ltm""},{""episode_id"":""dba57d9b-fb4f-44ee-bf89-c4854c631812"",""provenance"":""ltm""}]"
102,11,14,0,13,2,"[{""episode_id"":""47a820b2-eeb4-4a8a-8dfc-b5f66ccab71f"",""provenance"":""stm""},{""episode_id"":""6841c779-ee17-4525-ac8c-088efb4c6490"",""provenance"":""stm""},{""episode_id"":""6dfca794-82da-4db6-96d1-507ac2e91d37"",""provenance"":""stm""},{""episode_id"":""efa30fb9-5267-4970-b16d-7fc40b1ca487"",""provenance"":""stm""},{""episode_id"":""1ac0d7d0-10c2-4768-b9b6-a6f2237cdce2"",""provenance"":""stm""},{""episode_id"":""a9bb2c9e-48b4-4d3d-828d-7720cc91736c"",""provenance"":""stm""},{""episode_id"":""1f877424-2615-461d-b608-9954018b9105"",""provenance"":""stm""},{""episode_id"":""8afe65a8-2bff-4f17-af23-85c807a7ad9d"",""provenance"":""stm""},{""episode_id"":""c706f66b-108c-450d-93ac-a1cc6dedca0f"",""provenance"":""stm""},{""episode_id"":""63b0f26c-ddac-40e9-bee6-6517ca864f23"",""provenance"":""stm""},{""episode_id"":""d2e22f98-6839-440b-9905-ba7e3c2cfe8c"",""provenance"":""stm""},{""episode_id"":""dba57d9b-fb4f-44ee-bf89-c4854c631812"",""provenance"":""ltm""},{""episode_id"":""3c4386c1-c2c6-4b89-820f-085efbbb4b94"",""provenance"":""ltm""}]"
103,22,14,0,24,2,"[{""episode_id"":""64d7fae9-2134-48f0-b73c-c5fac7c2ce7c"",""provenance"":""stm""},{""episode_id"":""ef27b25f-b672-4196-9193-4dc687dbd36b"",""provenance"":""stm""},{""episode_id"":""1f877424-2615-461d-b608-9954018b9105"",""provenance"":""stm""},{""episode_id"":""8afe65a8-2bff-4f17-af23-85c807a7ad9d"",""provenance"":""stm""},{""episode_id"":""c706f66b-108c-450d-93ac-a1cc6dedca0f"",""provenance"":""stm""},{""episode_id"":""0154a54e-d1f0-4d9a-9418-4baffc396204"",""provenance"":""stm""},{""episode_id"":""0c97e95c-5616-4c67-a3bd-399eba330b80"",""provenance"":""stm""},{""episode_id"":""298ef311-ba49-4a2d-bade-afa8afabce89"",""provenance"":""stm""},{""episode_id"":""34432c50-68cc-414b-99a0-276ad2c65e56"",""provenance"":""stm""},{""episode_id"":""aa5e3739-499b-46a9-9313-a9fb000f12a6"",""provenance"":""stm""},{""episode_id"":""ac37a538-4d7d-47c5-a7f2-4b09b2736183"",""provenance"":""stm""},{""episode_id"":""bcdce8a0-f6e1-41bc-bf9f-5de570b066a7"",""provenance"":""stm""},{""episode_id"":""e964df06-0f65-4317-8001-1fa1e0c9b288"",""provenance"":""stm""},{""episode_id"":""f0a74561-32d0-43ed-9ce0-6e173b948c68"",""provenance"":""stm""},{""episode_id"":""72bc8697-9933-4e81-bb39-a9808290ae9b"",""provenance"":""stm""},{""episode_id"":""99b1cfd5-5dac-4190-a367-19db09afe67b"",""provenance"":""stm""},{""episode_id"":""1ac0d7d0-10c2-4768-b9b6-a6f2237cdce2"",""provenance"":""stm""},{""episode_id"":""a9bb2c9e-48b4-4d3d-828d-7720cc91736c"",""provenance"":""stm""},{""episode_id"":""63b0f26c-ddac-40e9-bee6-6517ca864f23"",""provenance"":""stm""},{""episode_id"":""d2e22f98-6839-440b-9905-ba7e3c2cfe8c"",""provenance"":""stm""},{""episode_id"":""6841c779-ee17-4525-ac8c-088efb4c6490"",""provenance"":""stm""},{""episode_id"":""47a820b2-eeb4-4a8a-8dfc-b5f66ccab71f"",""provenance"":""stm""},{""episode_id"":""dba57d9b-fb4f-44ee-bf89-c4854c631812"",""provenance"":""ltm""},{""episode_id"":""3c4386c1-c2c6-4b89-820f-085efbbb4b94"",""provenance"":""ltm""}]"
104,17,14,0,19,2,"[{""episode_id"":""72bc8697-9933-4e81-bb39-a9808290ae9b"",""provenance"":""stm""},{""episode_id"":""99b1cfd5-5dac-4190-a367-19db09afe67b"",""provenance"":""stm""},{""episode_id"":""1f877424-2615-461d-b608-9954018b9105"",""provenance"":""stm""},{""episode_id"":""8afe65a8-2bff-4f17-af23-85c807a7ad9d"",""provenance"":""stm""},{""episode_id"":""c706f66b-108c-450d-93ac-a1cc6dedca0f"",""provenance"":""stm""},{""episode_id"":""63b0f26c-ddac-40e9-bee6-6517ca864f23"",""provenance"":""stm""},{""episode_id"":""d2e22f98-6839-440b-9905-ba7e3c2cfe8c"",""provenance"":""stm""},{""episode_id"":""1ac0d7d0-10c2-4768-b9b6-a6f2237cdce2"",""provenance"":""stm""},{""episode_id"":""a9bb2c9e-48b4-4d3d-828d-7720cc91736c"",""provenance"":""stm""},{""episode_id"":""6dfca794-82da-4db6-96d1-507ac2e91d37"",""provenance"":""stm""},{""episode_id"":""9332e339-1d5d-496c-b128-6011bc520c24"",""provenance"":""stm""},{""episode_id"":""efa30fb9-5267-4970-b16d-7fc40b1ca487"",""provenance"":""stm""},{""episode_id"":""64d7fae9-2134-48f0-b73c-c5fac7c2ce7c"",""provenance"":""stm""},{""episode_id"":""ef27b25f-b672-4196-9193-4dc687dbd36b"",""provenance"":""stm""},{""episode_id"":""47a820b2-eeb4-4a8a-8dfc-b5f66ccab71f"",""provenance"":""stm""},{""episode_id"":""6841c779-ee17-4525-ac8c-088efb4c6490"",""provenance"":""stm""},{""episode_id"":""e09859a9-a1f9-4a70-ae40-b417898134eb"",""provenance"":""stm""},{""episode_id"":""3c4386c1-c2c6-4b89-820f-085efbbb4b94"",""provenance"":""ltm""},{""episode_id"":""dba57d9b-fb4f-44ee-bf89-c4854c631812"",""provenance"":""ltm""}]"
105,5,14,0,7,2,"[{""episode_id"":""63b0f26c-ddac-40e9-bee6-6517ca864f23"",""provenance"":""stm""},{""episode_id"":""d2e22f98-6839-440b-9905-ba7e3c2cfe8c"",""provenance"":""stm""},{""episode_id"":""1f877424-2615-461d-b608-9954018b9105"",""provenance"":""stm""},{""episode_id"":""8afe65a8-2bff-4f17-af23-85c807a7ad9d"",""provenance"":""stm""},{""episode_id"":""c706f66b-108c-450d-93ac-a1cc6dedca0f"",""provenance"":""stm""},{""episode_id"":""3c4386c1-c2c6-4b89-820f-085efbbb4b94"",""provenance"":""ltm""},{""episode_id"":""dba57d9b-fb4f-44ee-bf89-c4854c631812"",""provenance"":""ltm""}]"
106,19,14,0,21,2,"[{""episode_id"":""1ac0d7d0-10c2-4768-b9b6-a6f2237cdce2"",""provenance"":""stm""},{""episode_id"":""a9bb2c9e-48b4-4d3d-828d-7720cc91736c"",""provenance"":""stm""},{""episode_id"":""0669c654-0e61-4305-9c11-628f4bb60eb3"",""provenance"":""stm""},{""episode_id"":""413700d8-5c2a-411a-b178-e9feab0472cc"",""provenance"":""stm""},{""episode_id"":""67289dc1-1026-437b-a82e-a5f229e5e061"",""provenance"":""stm""},{""episode_id"":""88ffad9c-4295-4db8-b5dd-6d81a9f5ab51"",""provenance"":""stm""},{""episode_id"":""b125b0e7-1b0c-49ac-89e1-0d800b56863b"",""provenance"":""stm""},{""episode_id"":""b6fa95ef-d7a6-4fb5-ab74-e713d5925479"",""provenance"":""stm""},{""episode_id"":""ea4ebcb4-f0de-4f3b-938d-f867a49d747c"",""provenance"":""stm""},{""episode_id"":""fd45aa2b-376a-4e19-820a-b5d25f8b23ca"",""provenance"":""stm""},{""episode_id"":""6dfca794-82da-4db6-96d1-507ac2e91d37"",""provenance"":""stm""},{""episode_id"":""9332e339-1d5d-496c-b128-6011bc520c24"",""provenance"":""stm""},{""episode_id"":""efa30fb9-5267-4970-b16d-7fc40b1ca487"",""provenance"":""stm""},{""episode_id"":""1f877424-2615-461d-b608-9954018b9105"",""provenance"":""stm""},{""episode_id"":""8afe65a8-2bff-4f17-af23-85c807a7ad9d"",""provenance"":""stm""},{""episode_id"":""c706f66b-108c-450d-93ac-a1cc6dedca0f"",""provenance"":""stm""},{""episode_id"":""6841c779-ee17-4525-ac8c-088efb4c6490"",""provenance"":""stm""},{""episode_id"":""e09859a9-a1f9-4a70-ae40-b417898134eb"",""provenance"":""stm""},{""episode_id"":""47a820b2-eeb4-4a8a-8dfc-b5f66ccab71f"",""provenance"":""stm""},{""episode_id"":""dba57d9b-fb4f-44ee-bf89-c4854c631812"",""provenance"":""ltm""},{""episode_id"":""3c4386c1-c2c6-4b89-820f-085efbbb4b94"",""provenance"":""ltm""}]"
107,11,14,0,13,2,"[{""episode_id"":""cd88c861-2506-40b8-9171-75634aaec722"",""provenance"":""stm""},{""episode_id"":""3681387f-66db-44e2-b8cc-dec3029d648e"",""provenance"":""stm""},{""episode_id"":""1f877424-2615-461d-b608-9954018b9105"",""provenance"":""stm""},{""episode_id"":""8afe65a8-2bff-4f17-af23-85c807a7ad9d"",""provenance"":""stm""},{""episode_id"":""c706f66b-108c-450d-93ac-a1cc6dedca0f"",""provenance"":""stm""},{""episode_id"":""72bc8697-9933-4e81-bb39-a9808290ae9b"",""provenance"":""stm""},{""episode_id"":""94fce027-d293-4c63-a5f7-7c0cbb784f7b"",""provenance"":""stm""},{""episode_id"":""99b1cfd5-5dac-4190-a367-19db09afe67b"",""provenance"":""stm""},{""episode_id"":""6841c779-ee17-4525-ac8c-088efb4c6490"",""provenance"":""stm""},{""episode_id"":""e09859a9-a1f9-4a70-ae40-b417898134eb"",""provenance"":""stm""},{""episode_id"":""47a820b2-eeb4-4a8a-8dfc-b5f66ccab71f"",""provenance"":""stm""},{""episode_id"":""dba57d9b-fb4f-44ee-bf89-c4854c631812"",""provenance"":""ltm""},{""episode_id"":""3c4386c1-c2c6-4b89-820f-085efbbb4b94"",""provenance"":""ltm""}]"
108,20,14,0,22,2,"[{""episode_id"":""1f877424-2615-461d-b608-9954018b9105"",""provenance"":""stm""},{""episode_id"":""8afe65a8-2bff-4f17-af23-85c807a7ad9d"",""provenance"":""stm""},{""episode_id"":""c706f66b-108c-450d-93ac-a1cc6dedca0f"",""provenance"":""stm""},{""episode_id"":""72bc8697-9933-4e81-bb39-a9808290ae9b"",""provenance"":""stm""},{""episode_id"":""94fce027-d293-4c63-a5f7-7c0cbb784f7b"",""provenance"":""stm""},{""episode_id"":""99b1cfd5-5dac-4190-a367-19db09afe67b"",""provenance"":""stm""},{""episode_id"":""3681387f-66db-44e2-b8cc-dec3029d648e"",""provenance"":""stm""},{""episode_id"":""cd88c861-2506-40b8-9171-75634aaec722"",""provenance"":""stm""},{""episode_id"":""1ac0d7d0-10c2-4768-b9b6-a6f2237cdce2"",""provenance"":""stm""},{""episode_id"":""906ba882-a75b-4b06-b7e5-43e922996436"",""provenance"":""stm""},{""episode_id"":""a9bb2c9e-48b4-4d3d-828d-7720cc91736c"",""provenance"":""stm""},{""episode_id"":""64d7fae9-2134-48f0-b73c-c5fac7c2ce7c"",""provenance"":""stm""},{""episode_id"":""8208dc7c-177c-4098-b7ff-a6739ee7bbee"",""provenance"":""stm""},{""episode_id"":""ef27b25f-b672-4196-9193-4dc687dbd36b"",""provenance"":""stm""},{""episode_id"":""6841c779-ee17-4525-ac8c-088efb4c6490"",""provenance"":""stm""},{""episode_id"":""e09859a9-a1f9-4a70-ae40-b417898134eb"",""provenance"":""stm""},{""episode_id"":""47a820b2-eeb4-4a8a-8dfc-b5f66ccab71f"",""provenance"":""stm""},{""episode_id"":""63b0f26c-ddac-40e9-bee6-6517ca864f23"",""provenance"":""stm""},{""episode_id"":""b6de1ffc-37fe-4edd-b614-200a1911c778"",""provenance"":""stm""},{""episode_id"":""d2e22f98-6839-440b-9905-ba7e3c2cfe8c"",""provenance"":""stm""},{""episode_id"":""dba57d9b-fb4f-44ee-bf89-c4854c631812"",""provenance"":""ltm""},{""episode_id"":""3c4386c1-c2c6-4b89-820f-085efbbb4b94"",""provenance"":""ltm""}]"
109,21,14,0,23,2,"[{""episode_id"":""6dfca794-82da-4db6-96d1-507ac2e91d37"",""provenance"":""stm""},{""episode_id"":""9332e339-1d5d-496c-b128-6011bc520c24"",""provenance"":""stm""},{""episode_id"":""efa30fb9-5267-4970-b16d-7fc40b1ca487"",""provenance"":""stm""},{""episode_id"":""1f877424-2615-461d-b608-9954018b9105"",""provenance"":""stm""},{""episode_id"":""8afe65a8-2bff-4f17-af23-85c807a7ad9d"",""provenance"":""stm""},{""episode_id"":""c706f66b-108c-450d-93ac-a1cc6dedca0f"",""provenance"":""stm""},{""episode_id"":""6841c779-ee17-4525-ac8c-088efb4c6490"",""provenance"":""stm""},{""episode_id"":""e09859a9-a1f9-4a70-ae40-b417898134eb"",""provenance"":""stm""},{""episode_id"":""47a820b2-eeb4-4a8a-8dfc-b5f66ccab71f"",""provenance"":""stm""},{""episode_id"":""63b0f26c-ddac-40e9-bee6-6517ca864f23"",""provenance"":""stm""},{""episode_id"":""b6de1ffc-37fe-4edd-b614-200a1911c778"",""provenance"":""stm""},{""episode_id"":""d2e22f98-6839-440b-9905-ba7e3c2cfe8c"",""provenance"":""stm""},{""episode_id"":""1ac0d7d0-10c2-4768-b9b6-a6f2237cdce2"",""provenance"":""stm""},{""episode_id"":""906ba882-a75b-4b06-b7e5-43e922996436"",""provenance"":""stm""},{""episode_id"":""a9bb2c9e-48b4-4d3d-828d-7720cc91736c"",""provenance"":""stm""},{""episode_id"":""72bc8697-9933-4e81-bb39-a9808290ae9b"",""provenance"":""stm""},{""episode_id"":""94fce027-d293-4c63-a5f7-7c0cbb784f7b"",""provenance"":""stm""},{""episode_id"":""99b1cfd5-5dac-4190-a367-19db09afe67b"",""provenance"":""stm""},{""episode_id"":""64d7fae9-2134-48f0-b73c-c5fac7c2ce7c"",""provenance"":""stm""},{""episode_id"":""8208dc7c-177c-4098-b7ff-a6739ee7bbee"",""provenance"":""stm""},{""episode_id"":""ef27b25f-b672-4196-9193-4dc687dbd36b"",""provenance"":""stm""},{""episode_id"":""3c4386c1-c2c6-4b89-820f-085efbbb4b94"",""provenance"":""ltm""},{""episode_id"":""dba57d9b-fb4f-44ee-bf89-c4854c631812"",""provenance"":""ltm""}]"
110,16,14,0,18,2,"[{""episode_id"":""47a820b2-eeb4-4a8a-8dfc-b5f66ccab71f"",""provenance"":""stm""},{""episode_id"":""6841c779-ee17-4525-ac8c-088efb4c6490"",""provenance"":""stm""},{""episode_id"":""e09859a9-a1f9-4a70-ae40-b417898134eb"",""provenance"":""stm""},{""episode_id"":""6dfca794-82da-4db6-96d1-507ac2e91d37"",""provenance"":""stm""},{""episode_id"":""9332e339-1d5d-496c-b128-6011bc520c24"",""provenance"":""stm""},{""episode_id"":""efa30fb9-5267-4970-b16d-7fc40b1ca487"",""provenance"":""stm""},{""episode_id"":""1ac0d7d0-10c2-4768-b9b6-a6f2237cdce2"",""provenance"":""stm""},{""episode_id"":""906ba882-a75b-4b06-b7e5-43e922996436"",""provenance"":""stm""},{""episode_id"":""a9bb2c9e-48b4-4d3d-828d-7720cc91736c"",""provenance"":""stm""},{""episode_id"":""1d084051-3163-4156-a4a9-da839fd639da"",""provenance"":""stm""},{""episode_id"":""1f877424-2615-461d-b608-9954018b9105"",""provenance"":""stm""},{""episode_id"":""8afe65a8-2bff-4f17-af23-85c807a7ad9d"",""provenance"":""stm""},{""episode_id"":""c706f66b-108c-450d-93ac-a1cc6dedca0f"",""provenance"":""stm""},{""episode_id"":""63b0f26c-ddac-40e9-bee6-6517ca864f23"",""provenance"":""stm""},{""episode_id"":""b6de1ffc-37fe-4edd-b614-200a1911c778"",""provenance"":""stm""},{""episode_id"":""d2e22f98-6839-440b-9905-ba7e3c2cfe8c"",""provenance"":""stm""},{""episode_id"":""dba57d9b-fb4f-44ee-bf89-c4854c631812"",""provenance"":""ltm""},{""episode_id"":""3c4386c1-c2c6-4b89-820f-085efbbb4b94"",""provenance"":""ltm""}]"
111,28,14,0,30,2,"[{""episode_id"":""64d7fae9-2134-48f0-b73c-c5fac7c2ce7c"",""provenance"":""stm""},{""episode_id"":""8208dc7c-177c-4098-b7ff-a6739ee7bbee"",""provenance"":""stm""},{""episode_id"":""ef27b25f-b672-4196-9193-4dc687dbd36b"",""provenance"":""stm""},{""episode_id"":""1d084051-3163-4156-a4a9-da839fd639da"",""provenance"":""stm""},{""episode_id"":""1f877424-2615-461d-b608-9954018b9105"",""provenance"":""stm""},{""episode_id"":""8afe65a8-2bff-4f17-af23-85c807a7ad9d"",""provenance"":""stm""},{""episode_id"":""c706f66b-108c-450d-93ac-a1cc6dedca0f"",""provenance"":""stm""},{""episode_id"":""0154a54e-d1f0-4d9a-9418-4baffc396204"",""provenance"":""stm""},{""episode_id"":""0c97e95c-5616-4c67-a3bd-399eba330b80"",""provenance"":""stm""},{""episode_id"":""298ef311-ba49-4a2d-bade-afa8afabce89"",""provenance"":""stm""},{""episode_id"":""34432c50-68cc-414b-99a0-276ad2c65e56"",""provenance"":""stm""},{""episode_id"":""aa5e3739-499b-46a9-9313-a9fb000f12a6"",""provenance"":""stm""},{""episode_id"":""ac37a538-4d7d-47c5-a7f2-4b09b2736183"",""provenance"":""stm""},{""episode_id"":""bcdce8a0-f6e1-41bc-bf9f-5de570b066a7"",""provenance"":""stm""},{""episode_id"":""e964df06-0f65-4317-8001-1fa1e0c9b288"",""provenance"":""stm""},{""episode_id"":""f0a74561-32d0-43ed-9ce0-6e173b948c68"",""provenance"":""stm""},{""episode_id"":""72bc8697-9933-4e81-bb39-a9808290ae9b"",""provenance"":""stm""},{""episode_id"":""94fce027-d293-4c63-a5f7-7c0cbb784f7b"",""provenance"":""stm""},{""episode_id"":""99b1cfd5-5dac-4190-a367-19db09afe67b"",""provenance"":""stm""},{""episode_id"":""1ac0d7d0-10c2-4768-b9b6-a6f2237cdce2"",""provenance"":""stm""},{""episode_id"":""906ba882-a75b-4b06-b7e5-43e922996436"",""provenance"":""stm""},{""episode_id"":""a9bb2c9e-48b4-4d3d-828d-7720cc91736c"",""provenance"":""stm""},{""episode_id"":""63b0f26c-ddac-40e9-bee6-6517ca864f23"",""provenance"":""stm""},{""episode_id"":""b6de1ffc-37fe-4edd-b614-200a1911c778"",""provenance"":""stm""},{""episode_id"":""d2e22f98-6839-440b-9905-ba7e3c2cfe8c"",""provenance"":""stm""},{""episode_id"":""6841c779-ee17-4525-ac8c-088efb4c6490"",""provenance"":""stm""},{""episode_id"":""e09859a9-a1f9-4a70-ae40-b417898134eb"",""provenance"":""stm""},{""episode_id"":""47a820b2-eeb4-4a8a-8dfc-b5f66ccab71f"",""provenance"":""stm""},{""episode_id"":""dba57d9b-fb4f-44ee-bf89-c4854c631812"",""provenance"":""ltm""},{""episode_id"":""3c4386c1-c2c6-4b89-820f-085efbbb4b94"",""provenance"":""ltm""}]"
112,25,14,0,27,2,"[{""episode_id"":""72bc8697-9933-4e81-bb39-a9808290ae9b"",""provenance"":""stm""},{""episode_id"":""94fce027-d293-4c63-a5f7-7c0cbb784f7b"",""provenance"":""stm""},{""episode_id"":""99b1cfd5-5dac-4190-a367-19db09afe67b"",""provenance"":""stm""},{""episode_id"":""1d084051-3163-4156-a4a9-da839fd639da"",""provenance"":""stm""},{""episode_id"":""1f877424-2615-461d-b608-9954018b9105"",""provenance"":""stm""},{""episode_id"":""8afe65a8-2bff-4f17-af23-85c807a7ad9d"",""provenance"":""stm""},{""episode_id"":""c706f66b-108c-450d-93ac-a1cc6dedca0f"",""provenance"":""stm""},{""episode_id"":""63b0f26c-ddac-40e9-bee6-6517ca864f23"",""provenance"":""stm""},{""episode_id"":""b6de1ffc-37fe-4edd-b614-200a1911c778"",""provenance"":""stm""},{""episode_id"":""d2e22f98-6839-440b-9905-ba7e3c2cfe8c"",""provenance"":""stm""},{""episode_id"":""1ac0d7d0-10c2-4768-b9b6-a6f2237cdce2"",""provenance"":""stm""},{""episode_id"":""906ba882-a75b-4b06-b7e5-43e922996436"",""provenance"":""stm""},{""episode_id"":""a9bb2c9e-48b4-4d3d-828d-7720cc91736c"",""provenance"":""stm""},{""episode_id"":""300c6207-208a-48f7-a43a-0b3c055e15c9"",""provenance"":""stm""},{""episode_id"":""6dfca794-82da-4db6-96d1-507ac2e91d37"",""provenance"":""stm""},{""episode_id"":""9332e339-1d5d-496c-b128-6011bc520c24"",""provenance"":""stm""},{""episode_id"":""efa30fb9-5267-4970-b16d-7fc40b1ca487"",""provenance"":""stm""},{""episode_id"":""64d7fae9-2134-48f0-b73c-c5fac7c2ce7c"",""provenance"":""stm""},{""episode_id"":""8208dc7c-177c-4098-b7ff-a6739ee7bbee"",""provenance"":""stm""},{""episode_id"":""ef27b25f-b672-4196-9193-4dc687dbd36b"",""provenance"":""stm""},{""episode_id"":""47a820b2-eeb4-4a8a-8dfc-b5f66ccab71f"",""provenance"":""stm""},{""episode_id"":""9475373e-a86d-478d-9cb2-3979e3f70cd2"",""provenance"":""stm""},{""episode_id"":""6841c779-ee17-4525-ac8c-088efb4c6490"",""provenance"":""stm""},{""episode_id"":""c1a353d7-3410-423f-a5b6-e8ae74d88982"",""provenance"":""stm""},{""episode_id"":""e09859a9-a1f9-4a70-ae40-b417898134eb"",""provenance"":""stm""},{""episode_id"":""3c4386c1-c2c6-4b89-820f-085efbbb4b94"",""provenance"":""ltm""},{""episode_id"":""dba57d9b-fb4f-44ee-bf89-c4854c631812"",""provenance"":""ltm""}]"
113,7,14,0,9,2,"[{""episode_id"":""63b0f26c-ddac-40e9-bee6-6517ca864f23"",""provenance"":""stm""},{""episode_id"":""b6de1ffc-37fe-4edd-b614-200a1911c778"",""provenance"":""stm""},{""episode_id"":""d2e22f98-6839-440b-9905-ba7e3c2cfe8c"",""provenance"":""stm""},{""episode_id"":""1d084051-3163-4156-a4a9-da839fd639da"",""provenance"":""stm""},{""episode_id"":""1f877424-2615-461d-b608-9954018b9105"",""provenance"":""stm""},{""episode_id"":""8afe65a8-2bff-4f17-af23-85c807a7ad9d"",""provenance"":""stm""},{""episode_id"":""c706f66b-108c-450d-93ac-a1cc6dedca0f"",""provenance"":""stm""},{""episode_id"":""3c4386c1-c2c6-4b89-820f-085efbbb4b94"",""provenance"":""ltm""},{""episode_id"":""dba57d9b-fb4f-44ee-bf89-c4854c631812"",""provenance"":""ltm""}]"
114,23,14,0,25,2,"[{""episode_id"":""1ac0d7d0-10c2-4768-b9b6-a6f2237cdce2"",""provenance"":""stm""},{""episode_id"":""906ba882-a75b-4b06-b7e5-43e922996436"",""provenance"":""stm""},{""episode_id"":""a9bb2c9e-48b4-4d3d-828d-7720cc91736c"",""provenance"":""stm""},{""episode_id"":""0669c654-0e61-4305-9c11-628f4bb60eb3"",""provenance"":""stm""},{""episode_id"":""413700d8-5c2a-411a-b178-e9feab0472cc"",""provenance"":""stm""},{""episode_id"":""67289dc1-1026-437b-a82e-a5f229e5e061"",""provenance"":""stm""},{""episode_id"":""88ffad9c-4295-4db8-b5dd-6d81a9f5ab51"",""provenance"":""stm""},{""episode_id"":""b125b0e7-1b0c-49ac-89e1-0d800b56863b"",""provenance"":""stm""},{""episode_id"":""b6fa95ef-d7a6-4fb5-ab74-e713d5925479"",""provenance"":""stm""},{""episode_id"":""ea4ebcb4-f0de-4f3b-938d-f867a49d747c"",""provenance"":""stm""},{""episode_id"":""fd45aa2b-376a-4e19-820a-b5d25f8b23ca"",""provenance"":""stm""},{""episode_id"":""300c6207-208a-48f7-a43a-0b3c055e15c9"",""provenance"":""stm""},{""episode_id"":""6dfca794-82da-4db6-96d1-507ac2e91d37"",""provenance"":""stm""},{""episode_id"":""9332e339-1d5d-496c-b128-6011bc520c24"",""provenance"":""stm""},{""episode_id"":""efa30fb9-5267-4970-b16d-7fc40b1ca487"",""provenance"":""stm""},{""episode_id"":""1d084051-3163-4156-a4a9-da839fd639da"",""provenance"":""stm""},{""episode_id"":""1f877424-2615-461d-b608-9954018b9105"",""provenance"":""stm""},{""episode_id"":""8afe65a8-2bff-4f17-af23-85c807a7ad9d"",""provenance"":""stm""},{""episode_id"":""c706f66b-108c-450d-93ac-a1cc6dedca0f"",""provenance"":""stm""},{""episode_id"":""6841c779-ee17-4525-ac8c-088efb4c6490"",""provenance"":""stm""},{""episode_id"":""c1a353d7-3410-423f-a5b6-e8ae74d88982"",""provenance"":""stm""},{""episode_id"":""e09859a9-a1f9-4a70-ae40-b417898134eb"",""provenance"":""stm""},{""episode_id"":""47a820b2-eeb4-4a8a-8dfc-b5f66ccab71f"",""provenance"":""stm""},{""episode_id"":""dba57d9b-fb4f-44ee-bf89-c4854c631812"",""provenance"":""ltm""},{""episode_id"":""3c4386c1-c2c6-4b89-820f-085efbbb4b94"",""provenance"":""ltm""}]"
115,15,14,0,17,2,"[{""episode_id"":""9475373e-a86d-478d-9cb2-3979e3f70cd2"",""provenance"":""stm""},{""episode_id"":""cd88c861-2506-40b8-9171-75634aaec722"",""provenance"":""stm""},{""episode_id"":""3681387f-66db-44e2-b8cc-dec3029d648e"",""provenance"":""stm""},{""episode_id"":""1d084051-3163-4156-a4a9-da839fd639da"",""provenance"":""stm""},{""episode_id"":""1f877424-2615-461d-b608-9954018b9105"",""provenance"":""stm""},{""episode_id"":""8afe65a8-2bff-4f17-af23-85c807a7ad9d"",""provenance"":""stm""},{""episode_id"":""c706f66b-108c-450d-93ac-a1cc6dedca0f"",""provenance"":""stm""},{""episode_id"":""72bc8697-9933-4e81-bb39-a9808290ae9b"",""provenance"":""stm""},{""episode_id"":""94fce027-d293-4c63-a5f7-7c0cbb784f7b"",""provenance"":""stm""},{""episode_id"":""99b1cfd5-5dac-4190-a367-19db09afe67b"",""provenance"":""stm""},{""episode_id"":""f60af4d8-de22-4d30-9a25-ef9dce89971d"",""provenance"":""stm""},{""episode_id"":""6841c779-ee17-4525-ac8c-088efb4c6490"",""provenance"":""stm""},{""episode_id"":""c1a353d7-3410-423f-a5b6-e8ae74d88982"",""provenance"":""stm""},{""episode_id"":""e09859a9-a1f9-4a70-ae40-b417898134eb"",""provenance"":""stm""},{""episode_id"":""47a820b2-eeb4-4a8a-8dfc-b5f66ccab71f"",""provenance"":""stm""},{""episode_id"":""dba57d9b-fb4f-44ee-bf89-c4854c631812"",""provenance"":""ltm""},{""episode_id"":""3c4386c1-c2c6-4b89-820f-085efbbb4b94"",""provenance"":""ltm""}]"
116,27,14,0,29,2,"[{""episode_id"":""1d084051-3163-4156-a4a9-da839fd639da"",""provenance"":""stm""},{""episode_id"":""1f877424-2615-461d-b608-9954018b9105"",""provenance"":""stm""},{""episode_id"":""8afe65a8-2bff-4f17-af23-85c807a7ad9d"",""provenance"":""stm""},{""episode_id"":""c706f66b-108c-450d-93ac-a1cc6dedca0f"",""provenance"":""stm""},{""episode_id"":""72bc8697-9933-4e81-bb39-a9808290ae9b"",""provenance"":""stm""},{""episode_id"":""94fce027-d293-4c63-a5f7-7c0cbb784f7b"",""provenance"":""stm""},{""episode_id"":""99b1cfd5-5dac-4190-a367-19db09afe67b"",""provenance"":""stm""},{""episode_id"":""f60af4d8-de22-4d30-9a25-ef9dce89971d"",""provenance"":""stm""},{""episode_id"":""9475373e-a86d-478d-9cb2-3979e3f70cd2"",""provenance"":""stm""},{""episode_id"":""3681387f-66db-44e2-b8cc-dec3029d648e"",""provenance"":""stm""},{""episode_id"":""cd88c861-2506-40b8-9171-75634aaec722"",""provenance"":""stm""},{""episode_id"":""0debc7e8-5ed2-4125-b716-64b3a4f39967"",""provenance"":""stm""},{""episode_id"":""1ac0d7d0-10c2-4768-b9b6-a6f2237cdce2"",""provenance"":""stm""},{""episode_id"":""906ba882-a75b-4b06-b7e5-43e922996436"",""provenance"":""stm""},{""episode_id"":""a9bb2c9e-48b4-4d3d-828d-7720cc91736c"",""provenance"":""stm""},{""episode_id"":""36c73944-279a-4a62-8d0a-10835ec8e2e1"",""provenance"":""stm""},{""episode_id"":""64d7fae9-2134-48f0-b73c-c5fac7c2ce7c"",""provenance"":""stm""},{""episode_id"":""8208dc7c-177c-4098-b7ff-a6739ee7bbee"",""provenance"":""stm""},{""episode_id"":""ef27b25f-b672-4196-9193-4dc687dbd36b"",""provenance"":""stm""},{""episode_id"":""6841c779-ee17-4525-ac8c-088efb4c6490"",""provenance"":""stm""},{""episode_id"":""c1a353d7-3410-423f-a5b6-e8ae74d88982"",""provenance"":""stm""},{""episode_id"":""e09859a9-a1f9-4a70-ae40-b417898134eb"",""provenance"":""stm""},{""episode_id"":""47a820b2-eeb4-4a8a-8dfc-b5f66ccab71f"",""provenance"":""stm""},{""episode_id"":""63b0f26c-ddac-40e9-bee6-6517ca864f23"",""provenance"":""stm""},{""episode_id"":""b6de1ffc-37fe-4edd-b614-200a1911c778"",""provenance"":""stm""},{""episode_id"":""c85695ff-9ba6-47f4-820e-a0bffb299ffe"",""provenance"":""stm""},{""episode_id"":""d2e22f98-6839-440b-9905-ba7e3c2cfe8c"",""provenance"":""stm""},{""episode_id"":""dba57d9b-fb4f-44ee-bf89-c4854c631812"",""provenance"":""ltm""},{""episode_id"":""3c4386c1-c2c6-4b89-820f-085efbbb4b94"",""provenance"":""ltm""}]"
117,28,14,0,30,2,"[{""episode_id"":""300c6207-208a-48f7-a43a-0b3c055e15c9"",""provenance"":""stm""},{""episode_id"":""6dfca794-82da-4db6-96d1-507ac2e91d37"",""provenance"":""stm""},{""episode_id"":""9332e339-1d5d-496c-b128-6011bc520c24"",""provenance"":""stm""},{""episode_id"":""efa30fb9-5267-4970-b16d-7fc40b1ca487"",""provenance"":""stm""},{""episode_id"":""1d084051-3163-4156-a4a9-da839fd639da"",""provenance"":""stm""},{""episode_id"":""1f877424-2615-461d-b608-9954018b9105"",""provenance"":""stm""},{""episode_id"":""8afe65a8-2bff-4f17-af23-85c807a7ad9d"",""provenance"":""stm""},{""episode_id"":""c706f66b-108c-450d-93ac-a1cc6dedca0f"",""provenance"":""stm""},{""episode_id"":""6841c779-ee17-4525-ac8c-088efb4c6490"",""provenance"":""stm""},{""episode_id"":""c1a353d7-3410-423f-a5b6-e8ae74d88982"",""provenance"":""stm""},{""episode_id"":""e09859a9-a1f9-4a70-ae40-b417898134eb"",""provenance"":""stm""},{""episode_id"":""47a820b2-eeb4-4a8a-8dfc-b5f66ccab71f"",""provenance"":""stm""},{""episode_id"":""63b0f26c-ddac-40e9-bee6-6517ca864f23"",""provenance"":""stm""},{""episode_id"":""b6de1ffc-37fe-4edd-b614-200a1911c778"",""provenance"":""stm""},{""episode_id"":""c85695ff-9ba6-47f4-820e-a0bffb299ffe"",""provenance"":""stm""},{""episode_id"":""d2e22f98-6839-440b-9905-ba7e3c2cfe8c"",""provenance"":""stm""},{""episode_id"":""0debc7e8-5ed2-4125-b716-64b3a4f39967"",""provenance"":""stm""},{""episode_id"":""1ac0d7d0-10c2-4768-b9b6-a6f2237cdce2"",""provenance"":""stm""},{""episode_id"":""906ba882-a75b-4b06-b7e5-43e922996436"",""provenance"":""stm""},{""episode_id"":""a9bb2c9e-48b4-4d3d-828d-7720cc91736c"",""provenance"":""stm""},{""episode_id"":""72bc8697-9933-4e81-bb39-a9808290ae9b"",""provenance"":""stm""},{""episode_id"":""94fce027-d293-4c63-a5f7-7c0cbb784f7b"",""provenance"":""stm""},{""episode_id"":""99b1cfd5-5dac-4190-a367-19db09afe67b"",""provenance"":""stm""},{""episode_id"":""f60af4d8-de22-4d30-9a25-ef9dce89971d"",""provenance"":""stm""},{""episode_id"":""36c73944-279a-4a62-8d0a-10835ec8e2e1"",""provenance"":""stm""},{""episode_id"":""64d7fae9-2134-48f0-b73c-c5fac7c2ce7c"",""provenance"":""stm""},{""episode_id"":""8208dc7c-177c-4098-b7ff-a6739ee7bbee"",""provenance"":""stm""},{""episode_id"":""ef27b25f-b672-4196-9193-4dc687dbd36b"",""provenance"":""stm""},{""episode_id"":""3c4386c1-c2c6-4b89-820f-085efbbb4b94"",""provenance"":""ltm""},{""episode_id"":""dba57d9b-fb4f-44ee-bf89-c4854c631812"",""provenance"":""ltm""}]"
118,21,14,0,23,2,"[{""episode_id"":""47a820b2-eeb4-4a8a-8dfc-b5f66ccab71f"",""provenance"":""stm""},{""episode_id"":""6841c779-ee17-4525-ac8c-088efb4c6490"",""provenance"":""stm""},{""episode_id"":""c1a353d7-3410-423f-a5b6-e8ae74d88982"",""provenance"":""stm""},{""episode_id"":""e09859a9-a1f9-4a70-ae40-b417898134eb"",""provenance"":""stm""},{""episode_id"":""300c6207-208a-48f7-a43a-0b3c055e15c9"",""provenance"":""stm""},{""episode_id"":""6dfca794-82da-4db6-96d1-507ac2e91d37"",""provenance"":""stm""},{""episode_id"":""9332e339-1d5d-496c-b128-6011bc520c24"",""provenance"":""stm""},{""episode_id"":""efa30fb9-5267-4970-b16d-7fc40b1ca487"",""provenance"":""stm""},{""episode_id"":""0debc7e8-5ed2-4125-b716-64b3a4f39967"",""provenance"":""stm""},{""episode_id"":""1ac0d7d0-10c2-4768-b9b6-a6f2237cdce2"",""provenance"":""stm""},{""episode_id"":""906ba882-a75b-4b06-b7e5-43e922996436"",""provenance"":""stm""},{""episode_id"":""a9bb2c9e-48b4-4d3d-828d-7720cc91736c"",""provenance"":""stm""},{""episode_id"":""1d084051-3163-4156-a4a9-da839fd639da"",""provenance"":""stm""},{""episode_id"":""1f877424-2615-461d-b608-9954018b9105"",""provenance"":""stm""},{""episode_id"":""8afe65a8-2bff-4f17-af23-85c807a7ad9d"",""provenance"":""stm""},{""episode_id"":""c706f66b-108c-450d-93ac-a1cc6dedca0f"",""provenance"":""stm""},{""episode_id"":""da8fb148-f8f9-4223-ba3f-26c6ce30dc0c"",""provenance"":""stm""},{""episode_id"":""63b0f26c-ddac-40e9-bee6-6517ca864f23"",""provenance"":""stm""},{""episode_id"":""b6de1ffc-37fe-4edd-b614-200a1911c778"",""provenance"":""stm""},{""episode_id"":""c85695ff-9ba6-47f4-820e-a0bffb299ffe"",""provenance"":""stm""},{""episode_id"":""d2e22f98-6839-440b-9905-ba7e3c2cfe8c"",""provenance"":""stm""},{""episode_id"":""dba57d9b-fb4f-44ee-bf89-c4854c631812"",""provenance"":""ltm""},{""episode_id"":""3c4386c1-c2c6-4b89-820f-085efbbb4b94"",""provenance"":""ltm""}]"
119,34,14,0,36,2,"[{""episode_id"":""36c73944-279a-4a62-8d0a-10835ec8e2e1"",""provenance"":""stm""},{""episode_id"":""64d7fae9-2134-48f0-b73c-c5fac7c2ce7c"",""provenance"":""stm""},{""episode_id"":""8208dc7c-177c-4098-b7ff-a6739ee7bbee"",""provenance"":""stm""},{""episode_id"":""ef27b25f-b672-4196-9193-4dc687dbd36b"",""provenance"":""stm""},{""episode_id"":""1d084051-3163-4156-a4a9-da839fd639da"",""provenance"":""stm""},{""episode_id"":""1f877424-2615-461d-b608-9954018b9105"",""provenance"":""stm""},{""episode_id"":""8afe65a8-2bff-4f17-af23-85c807a7ad9d"",""provenance"":""stm""},{""episode_id"":""c706f66b-108c-450d-93ac-a1cc6dedca0f"",""provenance"":""stm""},{""episode_id"":""da8fb148-f8f9-4223-ba3f-26c6ce30dc0c"",""provenance"":""stm""},{""episode_id"":""0154a54e-d1f0-4d9a-9418-4baffc396204"",""provenance"":""stm""},{""episode_id"":""0c97e95c-5616-4c67-a3bd-399eba330b80"",""provenance"":""stm""},{""episode_id"":""298ef311-ba49-4a2d-bade-afa8afabce89"",""provenance"":""stm""},{""episode_id"":""34432c50-68cc-414b-99a0-276ad2c65e56"",""provenance"":""stm""},{""episode_id"":""aa5e3739-499b-46a9-9313-a9fb000f12a6"",""provenance"":""stm""},{""episode_id"":""ac37a538-4d7d-47c5-a7f2-4b09b2736183"",""provenance"":""stm""},{""episode_id"":""bcdce8a0-f6e1-41bc-bf9f-5de570b066a7"",""provenance"":""stm""},{""episode_id"":""e964df06-0f65-4317-8001-1fa1e0c9b288"",""provenance"":""stm""},{""episode_id"":""f0a74561-32d0-43ed-9ce0-6e173b948c68"",""provenance"":""stm""},{""episode_id"":""72bc8697-9933-4e81-bb39-a9808290ae9b"",""provenance"":""stm""},{""episode_id"":""94fce027-d293-4c63-a5f7-7c0cbb784f7b"",""provenance"":""stm""},{""episode_id"":""99b1cfd5-5dac-4190-a367-19db09afe67b"",""provenance"":""stm""},{""episode_id"":""f60af4d8-de22-4d30-9a25-ef9dce89971d"",""provenance"":""stm""},{""episode_id"":""0debc7e8-5ed2-4125-b716-64b3a4f39967"",""provenance"":""stm""},{""episode_id"":""1ac0d7d0-10c2-4768-b9b6-a6f2237cdce2"",""provenance"":""stm""},{""episode_id"":""906ba882-a75b-4b06-b7e5-43e922996436"",""provenance"":""stm""},{""episode_id"":""a9bb2c9e-48b4-4d3d-828d-7720cc91736c"",""provenance"":""stm""},{""episode_id"":""63b0f26c-ddac-40e9-bee6-6517ca864f23"",""provenance"":""stm""},{""episode_id"":""b6de1ffc-37fe-4edd-b614-200a1911c778"",""provenance"":""stm""},{""episode_id"":""c85695ff-9ba6-47f4-820e-a0bffb299ffe"",""provenance"":""stm""},{""episode_id"":""d2e22f98-6839-440b-9905-ba7e3c2cfe8c"",""provenance"":""stm""},{""episode_id"":""6841c779-ee17-4525-ac8c-088efb4c6490"",""provenance"":""stm""},{""episode_id"":""c1a353d7-3410-423f-a5b6-e8ae74d88982"",""provenance"":""stm""},{""episode_id"":""e09859a9-a1f9-4a70-ae40-b417898134eb"",""provenance"":""stm""},{""episode_id"":""47a820b2-eeb4-4a8a-8dfc-b5f66ccab71f"",""provenance"":""stm""},{""episode_id"":""dba57d9b-fb4f-44ee-bf89-c4854c631812"",""provenance"":""ltm""},{""episode_id"":""3c4386c1-c2c6-4b89-820f-085efbbb4b94"",""provenance"":""ltm""}]"
120,33,14,0,35,2,"[{""episode_id"":""72bc8697-9933-4e81-bb39-a9808290ae9b"",""provenance"":""stm""},{""episode_id"":""94fce027-d293-4c63-a5f7-7c0cbb784f7b"",""provenance"":""stm""},{""episode_id"":""99b1cfd5-5dac-4190-a367-19db09afe67b"",""provenance"":""stm""},{""episode_id"":""f60af4d8-de22-4d30-9a25-ef9dce89971d"",""provenance"":""stm""},{""episode_id"":""1d084051-3163-4156-a4a9-da839fd639da"",""provenance"":""stm""},{""episode_id"":""1f877424-2615-461d-b608-9954018b9105"",""provenance"":""stm""},{""episode_id"":""8afe65a8-2bff-4f17-af23-85c807a7ad9d"",""provenance"":""stm""},{""episode_id"":""c706f66b-108c-450d-93ac-a1cc6dedca0f"",""provenance"":""stm""},{""episode_id"":""da8fb148-f8f9-4223-ba3f-26c6ce30dc0c"",""provenance"":""stm""},{""episode_id"":""63b0f26c-ddac-40e9-bee6-6517ca864f23"",""provenance"":""stm""},{""episode_id"":""b6de1ffc-37fe-4edd-b614-200a1911c778"",""provenance"":""stm""},{""episode_id"":""c85695ff-9ba6-47f4-820e-a0bffb299ffe"",""provenance"":""stm""},{""episode_id"":""d2e22f98-6839-440b-9905-ba7e3c2cfe8c"",""provenance"":""stm""},{""episode_id"":""0debc7e8-5ed2-4125-b716-64b3a4f39967"",""provenance"":""stm""},{""episode_id"":""1ac0d7d0-10c2-4768-b9b6-a6f2237cdce2"",""provenance"":""stm""},{""episode_id"":""906ba882-a75b-4b06-b7e5-43e922996436"",""provenance"":""stm""},{""episode_id"":""a9bb2c9e-48b4-4d3d-828d-7720cc91736c"",""provenance"":""stm""},{""episode_id"":""2ff479fb-dd9f-4c79-82f4-9cd7019bd800"",""provenance"":""stm""},{""episode_id"":""300c6207-208a-48f7-a43a-0b3c055e15c9"",""provenance"":""stm""},{""episode_id"":""6dfca794-82da-4db6-96d1-507ac2e91d37"",""provenance"":""stm""},{""episode_id"":""9332e339-1d5d-496c-b128-6011bc520c24"",""provenance"":""stm""},{""episode_id"":""efa30fb9-5267-4970-b16d-7fc40b1ca487"",""provenance"":""stm""},{""episode_id"":""36c73944-279a-4a62-8d0a-10835ec8e2e1"",""provenance"":""stm""},{""episode_id"":""64d7fae9-2134-48f0-b73c-c5fac7c2ce7c"",""provenance"":""stm""},{""episode_id"":""8208dc7c-177c-4098-b7ff-a6739ee7bbee"",""provenance"":""stm""},{""episode_id"":""ef27b25f-b672-4196-9193-4dc687dbd36b"",""provenance"":""stm""},{""episode_id"":""47a820b2-eeb4-4a8a-8dfc-b5f66ccab71f"",""provenance"":""stm""},{""episode_id"":""9475373e-a86d-478d-9cb2-3979e3f70cd2"",""provenance"":""stm""},{""episode_id"":""58eb5d03-af83-42fe-9424-e28f888aef6d"",""provenance"":""stm""},{""episode_id"":""6841c779-ee17-4525-ac8c-088efb4c6490"",""provenance"":""stm""},{""episode_id"":""c1a353d7-3410-423f-a5b6-e8ae74d88982"",""provenance"":""stm""},{""episode_id"":""e09859a9-a1f9-4a70-ae40-b417898134eb"",""provenance"":""stm""},{""episode_id"":""25f4d028-767b-4909-a996-951109ff7855"",""provenance"":""stm""},{""episode_id"":""3c4386c1-c2c6-4b89-820f-085efbbb4b94"",""provenance"":""ltm""},{""episode_id"":""dba57d9b-fb4f-44ee-bf89-c4854c631812"",""provenance"":""ltm""}]"
121,9,14,0,11,2,"[{""episode_id"":""63b0f26c-ddac-40e9-bee6-6517ca864f23"",""provenance"":""stm""},{""episode_id"":""b6de1ffc-37fe-4edd-b614-200a1911c778"",""provenance"":""stm""},{""episode_id"":""c85695ff-9ba6-47f4-820e-a0bffb299ffe"",""provenance"":""stm""},{""episode_id"":""d2e22f98-6839-440b-9905-ba7e3c2cfe8c"",""provenance"":""stm""},{""episode_id"":""1d084051-3163-4156-a4a9-da839fd639da"",""provenance"":""stm""},{""episode_id"":""1f877424-2615-461d-b608-9954018b9105"",""provenance"":""stm""},{""episode_id"":""8afe65a8-2bff-4f17-af23-85c807a7ad9d"",""provenance"":""stm""},{""episode_id"":""c706f66b-108c-450d-93ac-a1cc6dedca0f"",""provenance"":""stm""},{""episode_id"":""da8fb148-f8f9-4223-ba3f-26c6ce30dc0c"",""provenance"":""stm""},{""episode_id"":""3c4386c1-c2c6-4b89-820f-085efbbb4b94"",""provenance"":""ltm""},{""episode_id"":""dba57d9b-fb4f-44ee-bf89-c4854c631812"",""provenance"":""ltm""}]"
122,7,14,0,8,1,"[{""episode_id"":""3c4386c1-c2c6-4b89-820f-085efbbb4b94"",""provenance"":""stm""},{""episode_id"":""d7303af9-9461-4b75-922f-76bfbb0efbca"",""provenance"":""stm""},{""episode_id"":""36c73944-279a-4a62-8d0a-10835ec8e2e1"",""provenance"":""stm""},{""episode_id"":""40964617-6fc9-41ae-9c48-107db425ad06"",""provenance"":""stm""},{""episode_id"":""64d7fae9-2134-48f0-b73c-c5fac7c2ce7c"",""provenance"":""stm""},{""episode_id"":""8208dc7c-177c-4098-b7ff-a6739ee7bbee"",""provenance"":""stm""},{""episode_id"":""ef27b25f-b672-4196-9193-4dc687dbd36b"",""provenance"":""stm""},{""episode_id"":""dba57d9b-fb4f-44ee-bf89-c4854c631812"",""provenance"":""ltm""}]"
123,19,19,0,24,5,"[{""episode_id"":""9475373e-a86d-478d-9cb2-3979e3f70cd2"",""provenance"":""stm""},{""episode_id"":""25f4d028-767b-4909-a996-951109ff7855"",""provenance"":""stm""},{""episode_id"":""cd88c861-2506-40b8-9171-75634aaec722"",""provenance"":""stm""},{""episode_id"":""3681387f-66db-44e2-b8cc-dec3029d648e"",""provenance"":""stm""},{""episode_id"":""1d084051-3163-4156-a4a9-da839fd639da"",""provenance"":""stm""},{""episode_id"":""1f877424-2615-461d-b608-9954018b9105"",""provenance"":""stm""},{""episode_id"":""8afe65a8-2bff-4f17-af23-85c807a7ad9d"",""provenance"":""stm""},{""episode_id"":""c706f66b-108c-450d-93ac-a1cc6dedca0f"",""provenance"":""stm""},{""episode_id"":""da8fb148-f8f9-4223-ba3f-26c6ce30dc0c"",""provenance"":""stm""},{""episode_id"":""efa30fb9-5267-4970-b16d-7fc40b1ca487"",""provenance"":""ltm""},{""episode_id"":""72bc8697-9933-4e81-bb39-a9808290ae9b"",""provenance"":""stm""},{""episode_id"":""94fce027-d293-4c63-a5f7-7c0cbb784f7b"",""provenance"":""stm""},{""episode_id"":""99b1cfd5-5dac-4190-a367-19db09afe67b"",""provenance"":""stm""},{""episode_id"":""e1b018cb-72c1-4763-a79a-f650bb9dd371"",""provenance"":""stm""},{""episode_id"":""f60af4d8-de22-4d30-9a25-ef9dce89971d"",""provenance"":""stm""},{""episode_id"":""a9bb2c9e-48b4-4d3d-828d-7720cc91736c"",""provenance"":""ltm""},{""episode_id"":""58eb5d03-af83-42fe-9424-e28f888aef6d"",""provenance"":""stm""},{""episode_id"":""6841c779-ee17-4525-ac8c-088efb4c6490"",""provenance"":""stm""},{""episode_id"":""c1a353d7-3410-423f-a5b6-e8ae74d88982"",""provenance"":""stm""},{""episode_id"":""e09859a9-a1f9-4a70-ae40-b417898134eb"",""provenance"":""stm""},{""episode_id"":""47a820b2-eeb4-4a8a-8dfc-b5f66ccab71f"",""provenance"":""stm""},{""episode_id"":""dba57d9b-fb4f-44ee-bf89-c4854c631812"",""provenance"":""ltm""},{""episode_id"":""3c4386c1-c2c6-4b89-820f-085efbbb4b94"",""provenance"":""ltm""},{""episode_id"":""ef27b25f-b672-4196-9193-4dc687dbd36b"",""provenance"":""ltm""}]"
124,34,19,0,37,3,"[{""episode_id"":""1d084051-3163-4156-a4a9-da839fd639da"",""provenance"":""stm""},{""episode_id"":""1f877424-2615-461d-b608-9954018b9105"",""provenance"":""stm""},{""episode_id"":""8afe65a8-2bff-4f17-af23-85c807a7ad9d"",""provenance"":""stm""},{""episode_id"":""c706f66b-108c-450d-93ac-a1cc6dedca0f"",""provenance"":""stm""},{""episode_id"":""da8fb148-f8f9-4223-ba3f-26c6ce30dc0c"",""provenance"":""stm""},{""episode_id"":""72bc8697-9933-4e81-bb39-a9808290ae9b"",""provenance"":""stm""},{""episode_id"":""94fce027-d293-4c63-a5f7-7c0cbb784f7b"",""provenance"":""stm""},{""episode_id"":""99b1cfd5-5dac-4190-a367-19db09afe67b"",""provenance"":""stm""},{""episode_id"":""e1b018cb-72c1-4763-a79a-f650bb9dd371"",""provenance"":""stm""},{""episode_id"":""f60af4d8-de22-4d30-9a25-ef9dce89971d"",""provenance"":""stm""},{""episode_id"":""9475373e-a86d-478d-9cb2-3979e3f70cd2"",""provenance"":""stm""},{""episode_id"":""25f4d028-767b-4909-a996-951109ff7855"",""provenance"":""stm""},{""episode_id"":""3681387f-66db-44e2-b8cc-dec3029d648e"",""provenance"":""stm""},{""episode_id"":""cd88c861-2506-40b8-9171-75634aaec722"",""provenance"":""stm""},{""episode_id"":""0debc7e8-5ed2-4125-b716-64b3a4f39967"",""provenance"":""stm""},{""episode_id"":""1ac0d7d0-10c2-4768-b9b6-a6f2237cdce2"",""provenance"":""stm""},{""episode_id"":""906ba882-a75b-4b06-b7e5-43e922996436"",""provenance"":""stm""},{""episode_id"":""a9bb2c9e-48b4-4d3d-828d-7720cc91736c"",""provenance"":""stm""},{""episode_id"":""efa30fb9-5267-4970-b16d-7fc40b1ca487"",""provenance"":""ltm""},{""episode_id"":""36c73944-279a-4a62-8d0a-10835ec8e2e1"",""provenance"":""stm""},{""episode_id"":""40964617-6fc9-41ae-9c48-107db425ad06"",""provenance"":""stm""},{""episode_id"":""64d7fae9-2134-48f0-b73c-c5fac7c2ce7c"",""provenance"":""stm""},{""episode_id"":""8208dc7c-177c-4098-b7ff-a6739ee7bbee"",""provenance"":""stm""},{""episode_id"":""ef27b25f-b672-4196-9193-4dc687dbd36b"",""provenance"":""stm""},{""episode_id"":""58eb5d03-af83-42fe-9424-e28f888aef6d"",""provenance"":""stm""},{""episode_id"":""6841c779-ee17-4525-ac8c-088efb4c6490"",""provenance"":""stm""},{""episode_id"":""c1a353d7-3410-423f-a5b6-e8ae74d88982"",""provenance"":""stm""},{""episode_id"":""e09859a9-a1f9-4a70-ae40-b417898134eb"",""provenance"":""stm""},{""episode_id"":""47a820b2-eeb4-4a8a-8dfc-b5f66ccab71f"",""provenance"":""stm""},{""episode_id"":""b686f2f6-7c52-469c-85fb-1c9891c888ff"",""provenance"":""stm""},{""episode_id"":""63b0f26c-ddac-40e9-bee6-6517ca864f23"",""provenance"":""stm""},{""episode_id"":""682b264f-3c7f-424b-93f8-5b60d8359ecd"",""provenance"":""stm""},{""episode_id"":""b6de1ffc-37fe-4edd-b614-200a1911c778"",""provenance"":""stm""},{""episode_id"":""c85695ff-9ba6-47f4-820e-a0bffb299ffe"",""provenance"":""stm""},{""episode_id"":""d2e22f98-6839-440b-9905-ba7e3c2cfe8c"",""provenance"":""stm""},{""episode_id"":""dba57d9b-fb4f-44ee-bf89-c4854c631812"",""provenance"":""ltm""},{""episode_id"":""3c4386c1-c2c6-4b89-820f-085efbbb4b94"",""provenance"":""ltm""}]"
125,35,19,0,38,3,"[{""episode_id"":""2ff479fb-dd9f-4c79-82f4-9cd7019bd800"",""provenance"":""stm""},{""episode_id"":""300c6207-208a-48f7-a43a-0b3c055e15c9"",""provenance"":""stm""},{""episode_id"":""6dfca794-82da-4db6-96d1-507ac2e91d37"",""provenance"":""stm""},{""episode_id"":""9332e339-1d5d-496c-b128-6011bc520c24"",""provenance"":""stm""},{""episode_id"":""efa30fb9-5267-4970-b16d-7fc40b1ca487"",""provenance"":""stm""},{""episode_id"":""1d084051-3163-4156-a4a9-da839fd639da"",""provenance"":""stm""},{""episode_id"":""1f877424-2615-461d-b608-9954018b9105"",""provenance"":""stm""},{""episode_id"":""8afe65a8-2bff-4f17-af23-85c807a7ad9d"",""provenance"":""stm""},{""episode_id"":""c706f66b-108c-450d-93ac-a1cc6dedca0f"",""provenance"":""stm""},{""episode_id"":""da8fb148-f8f9-4223-ba3f-26c6ce30dc0c"",""provenance"":""stm""},{""episode_id"":""58eb5d03-af83-42fe-9424-e28f888aef6d"",""provenance"":""stm""},{""episode_id"":""6841c779-ee17-4525-ac8c-088efb4c6490"",""provenance"":""stm""},{""episode_id"":""c1a353d7-3410-423f-a5b6-e8ae74d88982"",""provenance"":""stm""},{""episode_id"":""e09859a9-a1f9-4a70-ae40-b417898134eb"",""provenance"":""stm""},{""episode_id"":""47a820b2-eeb4-4a8a-8dfc-b5f66ccab71f"",""provenance"":""stm""},{""episode_id"":""b686f2f6-7c52-469c-85fb-1c9891c888ff"",""provenance"":""stm""},{""episode_id"":""63b0f26c-ddac-40e9-bee6-6517ca864f23"",""provenance"":""stm""},{""episode_id"":""682b264f-3c7f-424b-93f8-5b60d8359ecd"",""provenance"":""stm""},{""episode_id"":""b6de1ffc-37fe-4edd-b614-200a1911c778"",""provenance"":""stm""},{""episode_id"":""c85695ff-9ba6-47f4-820e-a0bffb299ffe"",""provenance"":""stm""},{""episode_id"":""d2e22f98-6839-440b-9905-ba7e3c2cfe8c"",""provenance"":""stm""},{""episode_id"":""0debc7e8-5ed2-4125-b716-64b3a4f39967"",""provenance"":""stm""},{""episode_id"":""1ac0d7d0-10c2-4768-b9b6-a6f2237cdce2"",""provenance"":""stm""},{""episode_id"":""906ba882-a75b-4b06-b7e5-43e922996436"",""provenance"":""stm""},{""episode_id"":""a9bb2c9e-48b4-4d3d-828d-7720cc91736c"",""provenance"":""stm""},{""episode_id"":""72bc8697-9933-4e81-bb39-a9808290ae9b"",""provenance"":""stm""},{""episode_id"":""94fce027-d293-4c63-a5f7-7c0cbb784f7b"",""provenance"":""stm""},{""episode_id"":""99b1cfd5-5dac-4190-a367-19db09afe67b"",""provenance"":""stm""},{""episode_id"":""e1b018cb-72c1-4763-a79a-f650bb9dd371"",""provenance"":""stm""},{""episode_id"":""f60af4d8-de22-4d30-9a25-ef9dce89971d"",""provenance"":""stm""},{""episode_id"":""36c73944-279a-4a62-8d0a-10835ec8e2e1"",""provenance"":""stm""},{""episode_id"":""40964617-6fc9-41ae-9c48-107db425ad06"",""provenance"":""stm""},{""episode_id"":""64d7fae9-2134-48f0-b73c-c5fac7c2ce7c"",""provenance"":""stm""},{""episode_id"":""8208dc7c-177c-4098-b7ff-a6739ee7bbee"",""provenance"":""stm""},{""episode_id"":""ef27b25f-b672-4196-9193-4dc687dbd36b"",""provenance"":""stm""},{""episode_id"":""3c4386c1-c2c6-4b89-820f-085efbbb4b94"",""provenance"":""ltm""},{""episode_id"":""dba57d9b-fb4f-44ee-bf89-c4854c631812"",""provenance"":""ltm""},{""episode_id"":""3681387f-66db-44e2-b8cc-dec3029d648e"",""provenance"":""ltm""}]"
126,26,19,0,31,5,"[{""episode_id"":""47a820b2-eeb4-4a8a-8dfc-b5f66ccab71f"",""provenance"":""stm""},{""episode_id"":""58eb5d03-af83-42fe-9424-e28f888aef6d"",""provenance"":""stm""},{""episode_id"":""6841c779-ee17-4525-ac8c-088efb4c6490"",""provenance"":""stm""},{""episode_id"":""c1a353d7-3410-423f-a5b6-e8ae74d88982"",""provenance"":""stm""},{""episode_id"":""e09859a9-a1f9-4a70-ae40-b417898134eb"",""provenance"":""stm""},{""episode_id"":""2ff479fb-dd9f-4c79-82f4-9cd7019bd800"",""provenance"":""stm""},{""episode_id"":""300c6207-208a-48f7-a43a-0b3c055e15c9"",""provenance"":""stm""},{""episode_id"":""6dfca794-82da-4db6-96d1-507ac2e91d37"",""provenance"":""stm""},{""episode_id"":""9332e339-1d5d-496c-b128-6011bc520c24"",""provenance"":""stm""},{""episode_id"":""efa30fb9-5267-4970-b16d-7fc40b1ca487"",""provenance"":""stm""},{""episode_id"":""72bc8697-9933-4e81-bb39-a9808290ae9b"",""provenance"":""ltm""},{""episode_id"":""0debc7e8-5ed2-4125-b716-64b3a4f39967"",""provenance"":""stm""},{""episode_id"":""1ac0d7d0-10c2-4768-b9b6-a6f2237cdce2"",""provenance"":""stm""},{""episode_id"":""906ba882-a75b-4b06-b7e5-43e922996436"",""provenance"":""stm""},{""episode_id"":""a9bb2c9e-48b4-4d3d-828d-7720cc91736c"",""provenance"":""stm""},{""episode_id"":""1d084051-3163-4156-a4a9-da839fd639da"",""provenance"":""stm""},{""episode_id"":""1f877424-2615-461d-b608-9954018b9105"",""provenance"":""stm""},{""episode_id"":""86c4b60e-b525-4089-98ee-9e045d77d805"",""provenance"":""stm""},{""episode_id"":""8afe65a8-2bff-4f17-af23-85c807a7ad9d"",""provenance"":""stm""},{""episode_id"":""c706f66b-108c-450d-93ac-a1cc6dedca0f"",""provenance"":""stm""},{""episode_id"":""da8fb148-f8f9-4223-ba3f-26c6ce30dc0c"",""provenance"":""stm""},{""episode_id"":""b686f2f6-7c52-469c-85fb-1c9891c888ff"",""provenance"":""stm""},{""episode_id"":""63b0f26c-ddac-40e9-bee6-6517ca864f23"",""provenance"":""stm""},{""episode_id"":""682b264f-3c7f-424b-93f8-5b60d8359ecd"",""provenance"":""stm""},{""episode_id"":""b6de1ffc-37fe-4edd-b614-200a1911c778"",""provenance"":""stm""},{""episode_id"":""c85695ff-9ba6-47f4-820e-a0bffb299ffe"",""provenance"":""stm""},{""episode_id"":""d2e22f98-6839-440b-9905-ba7e3c2cfe8c"",""provenance"":""stm""},{""episode_id"":""dba57d9b-fb4f-44ee-bf89-c4854c631812"",""provenance"":""ltm""},{""episode_id"":""ef27b25f-b672-4196-9193-4dc687dbd36b"",""provenance"":""ltm""},{""episode_id"":""3c4386c1-c2c6-4b89-820f-085efbbb4b94"",""provenance"":""ltm""},{""episode_id"":""3681387f-66db-44e2-b8cc-dec3029d648e"",""provenance"":""ltm""}]"
127,40,19,0,44,4,"[{""episode_id"":""36c73944-279a-4a62-8d0a-10835ec8e2e1"",""provenance"":""stm""},{""episode_id"":""40964617-6fc9-41ae-9c48-107db425ad06"",""provenance"":""stm""},{""episode_id"":""64d7fae9-2134-48f0-b73c-c5fac7c2ce7c"",""provenance"":""stm""},{""episode_id"":""8208dc7c-177c-4098-b7ff-a6739ee7bbee"",""provenance"":""stm""},{""episode_id"":""ef27b25f-b672-4196-9193-4dc687dbd36b"",""provenance"":""stm""},{""episode_id"":""1d084051-3163-4156-a4a9-da839fd639da"",""provenance"":""stm""},{""episode_id"":""1f877424-2615-461d-b608-9954018b9105"",""provenance"":""stm""},{""episode_id"":""86c4b60e-b525-4089-98ee-9e045d77d805"",""provenance"":""stm""},{""episode_id"":""8afe65a8-2bff-4f17-af23-85c807a7ad9d"",""provenance"":""stm""},{""episode_id"":""c706f66b-108c-450d-93ac-a1cc6dedca0f"",""provenance"":""stm""},{""episode_id"":""da8fb148-f8f9-4223-ba3f-26c6ce30dc0c"",""provenance"":""stm""},{""episode_id"":""b686f2f6-7c52-469c-85fb-1c9891c888ff"",""provenance"":""stm""},{""episode_id"":""efa30fb9-5267-4970-b16d-7fc40b1ca487"",""provenance"":""ltm""},{""episode_id"":""0154a54e-d1f0-4d9a-9418-4baffc396204"",""provenance"":""stm""},{""episode_id"":""0c97e95c-5616-4c67-a3bd-399eba330b80"",""provenance"":""stm""},{""episode_id"":""298ef311-ba49-4a2d-bade-afa8afabce89"",""provenance"":""stm""},{""episode_id"":""34432c50-68cc-414b-99a0-276ad2c65e56"",""provenance"":""stm""},{""episode_id"":""aa5e3739-499b-46a9-9313-a9fb000f12a6"",""provenance"":""stm""},{""episode_id"":""ac37a538-4d7d-47c5-a7f2-4b09b2736183"",""provenance"":""stm""},{""episode_id"":""bcdce8a0-f6e1-41bc-bf9f-5de570b066a7"",""provenance"":""stm""},{""episode_id"":""e964df06-0f65-4317-8001-1fa1e0c9b288"",""provenance"":""stm""},{""episode_id"":""f0a74561-32d0-43ed-9ce0-6e173b948c68"",""provenance"":""stm""},{""episode_id"":""72bc8697-9933-4e81-bb39-a9808290ae9b"",""provenance"":""stm""},{""episode_id"":""94fce027-d293-4c63-a5f7-7c0cbb784f7b"",""provenance"":""stm""},{""episode_id"":""99b1cfd5-5dac-4190-a367-19db09afe67b"",""provenance"":""stm""},{""episode_id"":""e1b018cb-72c1-4763-a79a-f650bb9dd371"",""provenance"":""stm""},{""episode_id"":""f60af4d8-de22-4d30-9a25-ef9dce89971d"",""provenance"":""stm""},{""episode_id"":""0debc7e8-5ed2-4125-b716-64b3a4f39967"",""provenance"":""stm""},{""episode_id"":""1ac0d7d0-10c2-4768-b9b6-a6f2237cdce2"",""provenance"":""stm""},{""episode_id"":""906ba882-a75b-4b06-b7e5-43e922996436"",""provenance"":""stm""},{""episode_id"":""a9bb2c9e-48b4-4d3d-828d-7720cc91736c"",""provenance"":""stm""},{""episode_id"":""63b0f26c-ddac-40e9-bee6-6517ca864f23"",""provenance"":""stm""},{""episode_id"":""682b264f-3c7f-424b-93f8-5b60d8359ecd"",""provenance"":""stm""},{""episode_id"":""b6de1ffc-37fe-4edd-b614-200a1911c778"",""provenance"":""stm""},{""episode_id"":""c85695ff-9ba6-47f4-820e-a0bffb299ffe"",""provenance"":""stm""},{""episode_id"":""d2e22f98-6839-440b-9905-ba7e3c2cfe8c"",""provenance"":""stm""},{""episode_id"":""58eb5d03-af83-42fe-9424-e28f888aef6d"",""provenance"":""stm""},{""episode_id"":""6841c779-ee17-4525-ac8c-088efb4c6490"",""provenance"":""stm""},{""episode_id"":""c1a353d7-3410-423f-a5b6-e8ae74d88982"",""provenance"":""stm""},{""episode_id"":""e09859a9-a1f9-4a70-ae40-b417898134eb"",""provenance"":""stm""},{""episode_id"":""47a820b2-eeb4-4a8a-8dfc-b5f66ccab71f"",""provenance"":""stm""},{""episode_id"":""dba57d9b-fb4f-44ee-bf89-c4854c631812"",""provenance"":""ltm""},{""episode_id"":""3c4386c1-c2c6-4b89-820f-085efbbb4b94"",""provenance"":""ltm""},{""episode_id"":""3681387f-66db-44e2-b8cc-dec3029d648e"",""provenance"":""ltm""}]"
128,41,19,0,44,3,"[{""episode_id"":""72bc8697-9933-4e81-bb39-a9808290ae9b"",""provenance"":""stm""},{""episode_id"":""94fce027-d293-4c63-a5f7-7c0cbb784f7b"",""provenance"":""stm""},{""episode_id"":""99b1cfd5-5dac-4190-a367-19db09afe67b"",""provenance"":""stm""},{""episode_id"":""e1b018cb-72c1-4763-a79a-f650bb9dd371"",""provenance"":""stm""},{""episode_id"":""f60af4d8-de22-4d30-9a25-ef9dce89971d"",""provenance"":""stm""},{""episode_id"":""1d084051-3163-4156-a4a9-da839fd639da"",""provenance"":""stm""},{""episode_id"":""1f877424-2615-461d-b608-9954018b9105"",""provenance"":""stm""},{""episode_id"":""86c4b60e-b525-4089-98ee-9e045d77d805"",""provenance"":""stm""},{""episode_id"":""8afe65a8-2bff-4f17-af23-85c807a7ad9d"",""provenance"":""stm""},{""episode_id"":""c706f66b-108c-450d-93ac-a1cc6dedca0f"",""provenance"":""stm""},{""episode_id"":""da8fb148-f8f9-4223-ba3f-26c6ce30dc0c"",""provenance"":""stm""},{""episode_id"":""63b0f26c-ddac-40e9-bee6-6517ca864f23"",""provenance"":""stm""},{""episode_id"":""682b264f-3c7f-424b-93f8-5b60d8359ecd"",""provenance"":""stm""},{""episode_id"":""b6de1ffc-37fe-4edd-b614-200a1911c778"",""provenance"":""stm""},{""episode_id"":""c85695ff-9ba6-47f4-820e-a0bffb299ffe"",""provenance"":""stm""},{""episode_id"":""d2e22f98-6839-440b-9905-ba7e3c2cfe8c"",""provenance"":""stm""},{""episode_id"":""0debc7e8-5ed2-4125-b716-64b3a4f39967"",""provenance"":""stm""},{""episode_id"":""1ac0d7d0-10c2-4768-b9b6-a6f2237cdce2"",""provenance"":""stm""},{""episode_id"":""906ba882-a75b-4b06-b7e5-43e922996436"",""provenance"":""stm""},{""episode_id"":""a9bb2c9e-48b4-4d3d-828d-7720cc91736c"",""provenance"":""stm""},{""episode_id"":""2ff479fb-dd9f-4c79-82f4-9cd7019bd800"",""provenance"":""stm""},{""episode_id"":""300c6207-208a-48f7-a43a-0b3c055e15c9"",""provenance"":""stm""},{""episode_id"":""6dfca794-82da-4db6-96d1-507ac2e91d37"",""provenance"":""stm""},{""episode_id"":""6f20b7e3-94dc-4983-827e-d8d549f645f9"",""provenance"":""stm""},{""episode_id"":""9332e339-1d5d-496c-b128-6011bc520c24"",""provenance"":""stm""},{""episode_id"":""efa30fb9-5267-4970-b16d-7fc40b1ca487"",""provenance"":""stm""},{""episode_id"":""36c73944-279a-4a62-8d0a-10835ec8e2e1"",""provenance"":""stm""},{""episode_id"":""40964617-6fc9-41ae-9c48-107db425ad06"",""provenance"":""stm""},{""episode_id"":""64d7fae9-2134-48f0-b73c-c5fac7c2ce7c"",""provenance"":""stm""},{""episode_id"":""8208dc7c-177c-4098-b7ff-a6739ee7bbee"",""provenance"":""stm""},{""episode_id"":""ef27b25f-b672-4196-9193-4dc687dbd36b"",""provenance"":""stm""},{""episode_id"":""b686f2f6-7c52-469c-85fb-1c9891c888ff"",""provenance"":""stm""},{""episode_id"":""47a820b2-eeb4-4a8a-8dfc-b5f66ccab71f"",""provenance"":""stm""},{""episode_id"":""9475373e-a86d-478d-9cb2-3979e3f70cd2"",""provenance"":""stm""},{""episode_id"":""58eb5d03-af83-42fe-9424-e28f888aef6d"",""provenance"":""stm""},{""episode_id"":""6841c779-ee17-4525-ac8c-088efb4c6490"",""provenance"":""stm""},{""episode_id"":""c1a353d7-3410-423f-a5b6-e8ae74d88982"",""provenance"":""stm""},{""episode_id"":""c26945e7-b4b0-486d-9c66-3ea49dc7e3c2"",""provenance"":""stm""},{""episode_id"":""e09859a9-a1f9-4a70-ae40-b417898134eb"",""provenance"":""stm""},{""episode_id"":""25f4d028-767b-4909-a996-951109ff7855"",""provenance"":""stm""},{""episode_id"":""361d5d03-9ade-456d-81b0-0fc5ffa89d48"",""provenance"":""stm""},{""episode_id"":""3c4386c1-c2c6-4b89-820f-085efbbb4b94"",""provenance"":""ltm""},{""episode_id"":""dba57d9b-fb4f-44ee-bf89-c4854c631812"",""provenance"":""ltm""},{""episode_id"":""3681387f-66db-44e2-b8cc-dec3029d648e"",""provenance"":""ltm""}]"
129,12,19,0,19,7,"[{""episode_id"":""63b0f26c-ddac-40e9-bee6-6517ca864f23"",""provenance"":""stm""},{""episode_id"":""682b264f-3c7f-424b-93f8-5b60d8359ecd"",""provenance"":""stm""},{""episode_id"":""b6de1ffc-37fe-4edd-b614-200a1911c778"",""provenance"":""stm""},{""episode_id"":""c85695ff-9ba6-47f4-820e-a0bffb299ffe"",""provenance"":""stm""},{""episode_id"":""d2e22f98-6839-440b-9905-ba7e3c2cfe8c"",""provenance"":""stm""},{""episode_id"":""1d084051-3163-4156-a4a9-da839fd639da"",""provenance"":""stm""},{""episode_id"":""1f877424-2615-461d-b608-9954018b9105"",""provenance"":""stm""},{""episode_id"":""86c4b60e-b525-4089-98ee-9e045d77d805"",""provenance"":""stm""},{""episode_id"":""8afe65a8-2bff-4f17-af23-85c807a7ad9d"",""provenance"":""stm""},{""episode_id"":""c706f66b-108c-450d-93ac-a1cc6dedca0f"",""provenance"":""stm""},{""episode_id"":""da8fb148-f8f9-4223-ba3f-26c6ce30dc0c"",""provenance"":""stm""},{""episode_id"":""b686f2f6-7c52-469c-85fb-1c9891c888ff"",""provenance"":""stm""},{""episode_id"":""efa30fb9-5267-4970-b16d-7fc40b1ca487"",""provenance"":""ltm""},{""episode_id"":""72bc8697-9933-4e81-bb39-a9808290ae9b"",""provenance"":""ltm""},{""episode_id"":""a9bb2c9e-48b4-4d3d-828d-7720cc91736c"",""provenance"":""ltm""},{""episode_id"":""3c4386c1-c2c6-4b89-820f-085efbbb4b94"",""provenance"":""ltm""},{""episode_id"":""dba57d9b-fb4f-44ee-bf89-c4854c631812"",""provenance"":""ltm""},{""episode_id"":""ef27b25f-b672-4196-9193-4dc687dbd36b"",""provenance"":""ltm""},{""episode_id"":""3681387f-66db-44e2-b8cc-dec3029d648e"",""provenance"":""ltm""}]"
130,30,19,0,35,5,"[{""episode_id"":""0debc7e8-5ed2-4125-b716-64b3a4f39967"",""provenance"":""stm""},{""episode_id"":""1ac0d7d0-10c2-4768-b9b6-a6f2237cdce2"",""provenance"":""stm""},{""episode_id"":""906ba882-a75b-4b06-b7e5-43e922996436"",""provenance"":""stm""},{""episode_id"":""a9bb2c9e-48b4-4d3d-828d-7720cc91736c"",""provenance"":""stm""},{""episode_id"":""72bc8697-9933-4e81-bb39-a9808290ae9b"",""provenance"":""ltm""},{""episode_id"":""0669c654-0e61-4305-9c11-628f4bb60eb3"",""provenance"":""stm""},{""episode_id"":""413700d8-5c2a-411a-b178-e9feab0472cc"",""provenance"":""stm""},{""episode_id"":""67289dc1-1026-437b-a82e-a5f229e5e061"",""provenance"":""stm""},{""episode_id"":""88ffad9c-4295-4db8-b5dd-6d81a9f5ab51"",""provenance"":""stm""},{""episode_id"":""b125b0e7-1b0c-49ac-89e1-0d800b56863b"",""provenance"":""stm""},{""episode_id"":""b6fa95ef-d7a6-4fb5-ab74-e713d5925479"",""provenance"":""stm""},{""episode_id"":""ea4ebcb4-f0de-4f3b-938d-f867a49d747c"",""provenance"":""stm""},{""episode_id"":""fd45aa2b-376a-4e19-820a-b5d25f8b23ca"",""provenance"":""stm""},{""episode_id"":""2ff479fb-dd9f-4c79-82f4-9cd7019bd800"",""provenance"":""stm""},{""episode_id"":""300c6207-208a-48f7-a43a-0b3c055e15c9"",""provenance"":""stm""},{""episode_id"":""6dfca794-82da-4db6-96d1-507ac2e91d37"",""provenance"":""stm""},{""episode_id"":""6f20b7e3-94dc-4983-827e-d8d549f645f9"",""provenance"":""stm""},{""episode_id"":""9332e339-1d5d-496c-b128-6011bc520c24"",""provenance"":""stm""},{""episode_id"":""efa30fb9-5267-4970-b16d-7fc40b1ca487"",""provenance"":""stm""},{""episode_id"":""1d084051-3163-4156-a4a9-da839fd639da"",""provenance"":""stm""},{""episode_id"":""1f877424-2615-461d-b608-9954018b9105"",""provenance"":""stm""},{""episode_id"":""86c4b60e-b525-4089-98ee-9e045d77d805"",""provenance"":""stm""},{""episode_id"":""8afe65a8-2bff-4f17-af23-85c807a7ad9d"",""provenance"":""stm""},{""episode_id"":""c706f66b-108c-450d-93ac-a1cc6dedca0f"",""provenance"":""stm""},{""episode_id"":""da8fb148-f8f9-4223-ba3f-26c6ce30dc0c"",""provenance"":""stm""},{""episode_id"":""58eb5d03-af83-42fe-9424-e28f888aef6d"",""provenance"":""stm""},{""episode_id"":""6841c779-ee17-4525-ac8c-088efb4c6490"",""provenance"":""stm""},{""episode_id"":""c1a353d7-3410-423f-a5b6-e8ae74d88982"",""provenance"":""stm""},{""episode_id"":""c26945e7-b4b0-486d-9c66-3ea49dc7e3c2"",""provenance"":""stm""},{""episode_id"":""e09859a9-a1f9-4a70-ae40-b417898134eb"",""provenance"":""stm""},{""episode_id"":""47a820b2-eeb4-4a8a-8dfc-b5f66ccab71f"",""provenance"":""stm""},{""episode_id"":""dba57d9b-fb4f-44ee-bf89-c4854c631812"",""provenance"":""ltm""},{""episode_id"":""3c4386c1-c2c6-4b89-820f-085efbbb4b94"",""provenance"":""ltm""},{""episode_id"":""ef27b25f-b672-4196-9193-4dc687dbd36b"",""provenance"":""ltm""},{""episode_id"":""3681387f-66db-44e2-b8cc-dec3029d648e"",""provenance"":""ltm""}]"
131,24,19,0,29,5,"[{""episode_id"":""9475373e-a86d-478d-9cb2-3979e3f70cd2"",""provenance"":""stm""},{""episode_id"":""25f4d028-767b-4909-a996-951109ff7855"",""provenance"":""stm""},{""episode_id"":""361d5d03-9ade-456d-81b0-0fc5ffa89d48"",""provenance"":""stm""},{""episode_id"":""cd88c861-2506-40b8-9171-75634aaec722"",""provenance"":""stm""},{""episode_id"":""3681387f-66db-44e2-b8cc-dec3029d648e"",""provenance"":""stm""},{""episode_id"":""1d084051-3163-4156-a4a9-da839fd639da"",""provenance"":""stm""},{""episode_id"":""1f877424-2615-461d-b608-9954018b9105"",""provenance"":""stm""},{""episode_id"":""86c4b60e-b525-4089-98ee-9e045d77d805"",""provenance"":""stm""},{""episode_id"":""8afe65a8-2bff-4f17-af23-85c807a7ad9d"",""provenance"":""stm""},{""episode_id"":""c706f66b-108c-450d-93ac-a1cc6dedca0f"",""provenance"":""stm""},{""episode_id"":""da8fb148-f8f9-4223-ba3f-26c6ce30dc0c"",""provenance"":""stm""},{""episode_id"":""efa30fb9-5267-4970-b16d-7fc40b1ca487"",""provenance"":""ltm""},{""episode_id"":""72bc8697-9933-4e81-bb39-a9808290ae9b"",""provenance"":""stm""},{""episode_id"":""94fce027-d293-4c63-a5f7-7c0cbb784f7b"",""provenance"":""stm""},{""episode_id"":""99b1cfd5-5dac-4190-a367-19db09afe67b"",""provenance"":""stm""},{""episode_id"":""b6251ff1-25d4-44ee-9495-599f1af13d7f"",""provenance"":""stm""},{""episode_id"":""e1b018cb-72c1-4763-a79a-f650bb9dd371"",""provenance"":""stm""},{""episode_id"":""f60af4d8-de22-4d30-9a25-ef9dce89971d"",""provenance"":""stm""},{""episode_id"":""a9bb2c9e-48b4-4d3d-828d-7720cc91736c"",""provenance"":""ltm""},{""episode_id"":""b686f2f6-7c52-469c-85fb-1c9891c888ff"",""provenance"":""stm""},{""episode_id"":""58eb5d03-af83-42fe-9424-e28f888aef6d"",""provenance"":""stm""},{""episode_id"":""6841c779-ee17-4525-ac8c-088efb4c6490"",""provenance"":""stm""},{""episode_id"":""c1a353d7-3410-423f-a5b6-e8ae74d88982"",""provenance"":""stm""},{""episode_id"":""c26945e7-b4b0-486d-9c66-3ea49dc7e3c2"",""provenance"":""stm""},{""episode_id"":""e09859a9-a1f9-4a70-ae40-b417898134eb"",""provenance"":""stm""},{""episode_id"":""47a820b2-eeb4-4a8a-8dfc-b5f66ccab71f"",""provenance"":""stm""},{""episode_id"":""dba57d9b-fb4f-44ee-bf89-c4854c631812"",""provenance"":""ltm""},{""episode_id"":""3c4386c1-c2c6-4b89-820f-085efbbb4b94"",""provenance"":""ltm""},{""episode_id"":""ef27b25f-b672-4196-9193-4dc687dbd36b"",""provenance"":""ltm""}]"
132,41,19,0,44,3,"[{""episode_id"":""1d084051-3163-4156-a4a9-da839fd639da"",""provenance"":""stm""},{""episode_id"":""1f877424-2615-461d-b608-9954018b9105"",""provenance"":""stm""},{""episode_id"":""86c4b60e-b525-4089-98ee-9e045d77d805"",""provenance"":""stm""},{""episode_id"":""8afe65a8-2bff-4f17-af23-85c807a7ad9d"",""provenance"":""stm""},{""episode_id"":""c706f66b-108c-450d-93ac-a1cc6dedca0f"",""provenance"":""stm""},{""episode_id"":""da8fb148-f8f9-4223-ba3f-26c6ce30dc0c"",""provenance"":""stm""},{""episode_id"":""72bc8697-9933-4e81-bb39-a9808290ae9b"",""provenance"":""stm""},{""episode_id"":""94fce027-d293-4c63-a5f7-7c0cbb784f7b"",""provenance"":""stm""},{""episode_id"":""99b1cfd5-5dac-4190-a367-19db09afe67b"",""provenance"":""stm""},{""episode_id"":""b6251ff1-25d4-44ee-9495-599f1af13d7f"",""provenance"":""stm""},{""episode_id"":""e1b018cb-72c1-4763-a79a-f650bb9dd371"",""provenance"":""stm""},{""episode_id"":""f60af4d8-de22-4d30-9a25-ef9dce89971d"",""provenance"":""stm""},{""episode_id"":""9475373e-a86d-478d-9cb2-3979e3f70cd2"",""provenance"":""stm""},{""episode_id"":""25f4d028-767b-4909-a996-951109ff7855"",""provenance"":""stm""},{""episode_id"":""361d5d03-9ade-456d-81b0-0fc5ffa89d48"",""provenance"":""stm""},{""episode_id"":""3681387f-66db-44e2-b8cc-dec3029d648e"",""provenance"":""stm""},{""episode_id"":""cd88c861-2506-40b8-9171-75634aaec722"",""provenance"":""stm""},{""episode_id"":""0debc7e8-5ed2-4125-b716-64b3a4f39967"",""provenance"":""stm""},{""episode_id"":""1ac0d7d0-10c2-4768-b9b6-a6f2237cdce2"",""provenance"":""stm""},{""episode_id"":""61d8102d-8db5-4fe6-b3ef-17a3f1baa7e1"",""provenance"":""stm""},{""episode_id"":""906ba882-a75b-4b06-b7e5-43e922996436"",""provenance"":""stm""},{""episode_id"":""a9bb2c9e-48b4-4d3d-828d-7720cc91736c"",""provenance"":""stm""},{""episode_id"":""efa30fb9-5267-4970-b16d-7fc40b1ca487"",""provenance"":""ltm""},{""episode_id"":""36c73944-279a-4a62-8d0a-10835ec8e2e1"",""provenance"":""stm""},{""episode_id"":""40964617-6fc9-41ae-9c48-107db425ad06"",""provenance"":""stm""},{""episode_id"":""64d7fae9-2134-48f0-b73c-c5fac7c2ce7c"",""provenance"":""stm""},{""episode_id"":""8208dc7c-177c-4098-b7ff-a6739ee7bbee"",""provenance"":""stm""},{""episode_id"":""876d6520-8eac-4489-9076-c38604526380"",""provenance"":""stm""},{""episode_id"":""ef27b25f-b672-4196-9193-4dc687dbd36b"",""provenance"":""stm""},{""episode_id"":""58eb5d03-af83-42fe-9424-e28f888aef6d"",""provenance"":""stm""},{""episode_id"":""6841c779-ee17-4525-ac8c-088efb4c6490"",""provenance"":""stm""},{""episode_id"":""c1a353d7-3410-423f-a5b6-e8ae74d88982"",""provenance"":""stm""},{""episode_id"":""c26945e7-b4b0-486d-9c66-3ea49dc7e3c2"",""provenance"":""stm""},{""episode_id"":""e09859a9-a1f9-4a70-ae40-b417898134eb"",""provenance"":""stm""},{""episode_id"":""47a820b2-eeb4-4a8a-8dfc-b5f66ccab71f"",""provenance"":""stm""},{""episode_id"":""b686f2f6-7c52-469c-85fb-1c9891c888ff"",""provenance"":""stm""},{""episode_id"":""4fb07384-4b5d-4438-93e0-055e99efb900"",""provenance"":""stm""},{""episode_id"":""63b0f26c-ddac-40e9-bee6-6517ca864f23"",""provenance"":""stm""},{""episode_id"":""682b264f-3c7f-424b-93f8-5b60d8359ecd"",""provenance"":""stm""},{""episode_id"":""b6de1ffc-37fe-4edd-b614-200a1911c778"",""provenance"":""stm""},{""episode_id"":""c85695ff-9ba6-47f4-820e-a0bffb299ffe"",""provenance"":""stm""},{""episode_id"":""d2e22f98-6839-440b-9905-ba7e3c2cfe8c"",""provenance"":""stm""},{""episode_id"":""dba57d9b-fb4f-44ee-bf89-c4854c631812"",""provenance"":""ltm""},{""episode_id"":""3c4386c1-c2c6-4b89-820f-085efbbb4b94"",""provenance"":""ltm""}]"
133,42,19,0,45,3,"[{""episode_id"":""2ff479fb-dd9f-4c79-82f4-9cd7019bd800"",""provenance"":""stm""},{""episode_id"":""300c6207-208a-48f7-a43a-0b3c055e15c9"",""provenance"":""stm""},{""episode_id"":""6dfca794-82da-4db6-96d1-507ac2e91d37"",""provenance"":""stm""},{""episode_id"":""6f20b7e3-94dc-4983-827e-d8d549f645f9"",""provenance"":""stm""},{""episode_id"":""9332e339-1d5d-496c-b128-6011bc520c24"",""provenance"":""stm""},{""episode_id"":""efa30fb9-5267-4970-b16d-7fc40b1ca487"",""provenance"":""stm""},{""episode_id"":""1d084051-3163-4156-a4a9-da839fd639da"",""provenance"":""stm""},{""episode_id"":""1f877424-2615-461d-b608-9954018b9105"",""provenance"":""stm""},{""episode_id"":""86c4b60e-b525-4089-98ee-9e045d77d805"",""provenance"":""stm""},{""episode_id"":""8afe65a8-2bff-4f17-af23-85c807a7ad9d"",""provenance"":""stm""},{""episode_id"":""c706f66b-108c-450d-93ac-a1cc6dedca0f"",""provenance"":""stm""},{""episode_id"":""da8fb148-f8f9-4223-ba3f-26c6ce30dc0c"",""provenance"":""stm""},{""episode_id"":""58eb5d03-af83-42fe-9424-e28f888aef6d"",""provenance"":""stm""},{""episode_id"":""6841c779-ee17-4525-ac8c-088efb4c6490"",""provenance"":""stm""},{""episode_id"":""c1a353d7-3410-423f-a5b6-e8ae74d88982"",""provenance"":""stm""},{""episode_id"":""c26945e7-b4b0-486d-9c66-3ea49dc7e3c2"",""provenance"":""stm""},{""episode_id"":""e09859a9-a1f9-4a70-ae40-b417898134eb"",""provenance"":""stm""},{""episode_id"":""47a820b2-eeb4-4a8a-8dfc-b5f66ccab71f"",""provenance"":""stm""},{""episode_id"":""b686f2f6-7c52-469c-85fb-1c9891c888ff"",""provenance"":""stm""},{""episode_id"":""4fb07384-4b5d-4438-93e0-055e99efb900"",""provenance"":""stm""},{""episode_id"":""63b0f26c-ddac-40e9-bee6-6517ca864f23"",""provenance"":""stm""},{""episode_id"":""682b264f-3c7f-424b-93f8-5b60d8359ecd"",""provenance"":""stm""},{""episode_id"":""b6de1ffc-37fe-4edd-b614-200a1911c778"",""provenance"":""stm""},{""episode_id"":""c85695ff-9ba6-47f4-820e-a0bffb299ffe"",""provenance"":""stm""},{""episode_id"":""d2e22f98-6839-440b-9905-ba7e3c2cfe8c"",""provenance"":""stm""},{""episode_id"":""0debc7e8-5ed2-4125-b716-64b3a4f39967"",""provenance"":""stm""},{""episode_id"":""1ac0d7d0-10c2-4768-b9b6-a6f2237cdce2"",""provenance"":""stm""},{""episode_id"":""61d8102d-8db5-4fe6-b3ef-17a3f1baa7e1"",""provenance"":""stm""},{""episode_id"":""906ba882-a75b-4b06-b7e5-43e922996436"",""provenance"":""stm""},{""episode_id"":""a9bb2c9e-48b4-4d3d-828d-7720cc91736c"",""provenance"":""stm""},{""episode_id"":""72bc8697-9933-4e81-bb39-a9808290ae9b"",""provenance"":""stm""},{""episode_id"":""94fce027-d293-4c63-a5f7-7c0cbb784f7b"",""provenance"":""stm""},{""episode_id"":""99b1cfd5-5dac-4190-a367-19db09afe67b"",""provenance"":""stm""},{""episode_id"":""b6251ff1-25d4-44ee-9495-599f1af13d7f"",""provenance"":""stm""},{""episode_id"":""e1b018cb-72c1-4763-a79a-f650bb9dd371"",""provenance"":""stm""},{""episode_id"":""f60af4d8-de22-4d30-9a25-ef9dce89971d"",""provenance"":""stm""},{""episode_id"":""36c73944-279a-4a62-8d0a-10835ec8e2e1"",""provenance"":""stm""},{""episode_id"":""40964617-6fc9-41ae-9c48-107db425ad06"",""provenance"":""stm""},{""episode_id"":""64d7fae9-2134-48f0-b73c-c5fac7c2ce7c"",""provenance"":""stm""},{""episode_id"":""8208dc7c-177c-4098-b7ff-a6739ee7bbee"",""provenance"":""stm""},{""episode_id"":""876d6520-8eac-4489-9076-c38604526380"",""provenance"":""stm""},{""episode_id"":""ef27b25f-b672-4196-9193-4dc687dbd36b"",""provenance"":""stm""},{""episode_id"":""3c4386c1-c2c6-4b89-820f-085efbbb4b94"",""provenance"":""ltm""},{""episode_id"":""dba57d9b-fb4f-44ee-bf89-c4854c631812"",""provenance"":""ltm""},{""episode_id"":""3681387f-66db-44e2-b8cc-dec3029d648e"",""provenance"":""ltm""}]"
134,31,19,0,36,5,"[{""episode_id"":""47a820b2-eeb4-4a8a-8dfc-b5f66ccab71f"",""provenance"":""stm""},{""episode_id"":""58eb5d03-af83-42fe-9424-e28f888aef6d"",""provenance"":""stm""},{""episode_id"":""6841c779-ee17-4525-ac8c-088efb4c6490"",""provenance"":""stm""},{""episode_id"":""c1a353d7-3410-423f-a5b6-e8ae74d88982"",""provenance"":""stm""},{""episode_id"":""c26945e7-b4b0-486d-9c66-3ea49dc7e3c2"",""provenance"":""stm""},{""episode_id"":""e09859a9-a1f9-4a70-ae40-b417898134eb"",""provenance"":""stm""},{""episode_id"":""2ff479fb-dd9f-4c79-82f4-9cd7019bd800"",""provenance"":""stm""},{""episode_id"":""300c6207-208a-48f7-a43a-0b3c055e15c9"",""provenance"":""stm""},{""episode_id"":""6dfca794-82da-4db6-96d1-507ac2e91d37"",""provenance"":""stm""},{""episode_id"":""6f20b7e3-94dc-4983-827e-d8d549f645f9"",""provenance"":""stm""},{""episode_id"":""9332e339-1d5d-496c-b128-6011bc520c24"",""provenance"":""stm""},{""episode_id"":""efa30fb9-5267-4970-b16d-7fc40b1ca487"",""provenance"":""stm""},{""episode_id"":""72bc8697-9933-4e81-bb39-a9808290ae9b"",""provenance"":""ltm""},{""episode_id"":""0debc7e8-5ed2-4125-b716-64b3a4f39967"",""provenance"":""stm""},{""episode_id"":""1ac0d7d0-10c2-4768-b9b6-a6f2237cdce2"",""provenance"":""stm""},{""episode_id"":""61d8102d-8db5-4fe6-b3ef-17a3f1baa7e1"",""provenance"":""stm""},{""episode_id"":""906ba882-a75b-4b06-b7e5-43e922996436"",""provenance"":""stm""},{""episode_id"":""a9bb2c9e-48b4-4d3d-828d-7720cc91736c"",""provenance"":""stm""},{""episode_id"":""1d084051-3163-4156-a4a9-da839fd639da"",""provenance"":""stm""},{""episode_id"":""1f877424-2615-461d-b608-9954018b9105"",""provenance"":""stm""},{""episode_id"":""38648f01-a2fa-4448-8058-6c2d9833fd4d"",""provenance"":""stm""},{""episode_id"":""86c4b60e-b525-4089-98ee-9e045d77d805"",""provenance"":""stm""},{""episode_id"":""8afe65a8-2bff-4f17-af23-85c807a7ad9d"",""provenance"":""stm""},{""episode_id"":""c706f66b-108c-450d-93ac-a1cc6dedca0f"",""provenance"":""stm""},{""episode_id"":""da8fb148-f8f9-4223-ba3f-26c6ce30dc0c"",""provenance"":""stm""},{""episode_id"":""b686f2f6-7c52-469c-85fb-1c9891c888ff"",""provenance"":""stm""},{""episode_id"":""4fb07384-4b5d-4438-93e0-055e99efb900"",""provenance"":""stm""},{""episode_id"":""63b0f26c-ddac-40e9-bee6-6517ca864f23"",""provenance"":""stm""},{""episode_id"":""682b264f-3c7f-424b-93f8-5b60d8359ecd"",""provenance"":""stm""},{""episode_id"":""b6de1ffc-37fe-4edd-b614-200a1911c778"",""provenance"":""stm""},{""episode_id"":""c85695ff-9ba6-47f4-820e-a0bffb299ffe"",""provenance"":""stm""},{""episode_id"":""d2e22f98-6839-440b-9905-ba7e3c2cfe8c"",""provenance"":""stm""},{""episode_id"":""dba57d9b-fb4f-44ee-bf89-c4854c631812"",""provenance"":""ltm""},{""episode_id"":""ef27b25f-b672-4196-9193-4dc687dbd36b"",""provenance"":""ltm""},{""episode_id"":""3c4386c1-c2c6-4b89-820f-085efbbb4b94"",""provenance"":""ltm""},{""episode_id"":""3681387f-66db-44e2-b8cc-dec3029d648e"",""provenance"":""ltm""}]"
135,46,19,0,50,4,"[{""episode_id"":""36c73944-279a-4a62-8d0a-10835ec8e2e1"",""provenance"":""stm""},{""episode_id"":""40964617-6fc9-41ae-9c48-107db425ad06"",""provenance"":""stm""},{""episode_id"":""64d7fae9-2134-48f0-b73c-c5fac7c2ce7c"",""provenance"":""stm""},{""episode_id"":""8208dc7c-177c-4098-b7ff-a6739ee7bbee"",""provenance"":""stm""},{""episode_id"":""876d6520-8eac-4489-9076-c38604526380"",""provenance"":""stm""},{""episode_id"":""ef27b25f-b672-4196-9193-4dc687dbd36b"",""provenance"":""stm""},{""episode_id"":""1d084051-3163-4156-a4a9-da839fd639da"",""provenance"":""stm""},{""episode_id"":""1f877424-2615-461d-b608-9954018b9105"",""provenance"":""stm""},{""episode_id"":""38648f01-a2fa-4448-8058-6c2d9833fd4d"",""provenance"":""stm""},{""episode_id"":""86c4b60e-b525-4089-98ee-9e045d77d805"",""provenance"":""stm""},{""episode_id"":""8afe65a8-2bff-4f17-af23-85c807a7ad9d"",""provenance"":""stm""},{""episode_id"":""c706f66b-108c-450d-93ac-a1cc6dedca0f"",""provenance"":""stm""},{""episode_id"":""da8fb148-f8f9-4223-ba3f-26c6ce30dc0c"",""provenance"":""stm""},{""episode_id"":""b686f2f6-7c52-469c-85fb-1c9891c888ff"",""provenance"":""stm""},{""episode_id"":""efa30fb9-5267-4970-b16d-7fc40b1ca487"",""provenance"":""ltm""},{""episode_id"":""0154a54e-d1f0-4d9a-9418-4baffc396204"",""provenance"":""stm""},{""episode_id"":""0c97e95c-5616-4c67-a3bd-399eba330b80"",""provenance"":""stm""},{""episode_id"":""298ef311-ba49-4a2d-bade-afa8afabce89"",""provenance"":""stm""},{""episode_id"":""34432c50-68cc-414b-99a0-276ad2c65e56"",""provenance"":""stm""},{""episode_id"":""aa5e3739-499b-46a9-9313-a9fb000f12a6"",""provenance"":""stm""},{""episode_id"":""ac37a538-4d7d-47c5-a7f2-4b09b2736183"",""provenance"":""stm""},{""episode_id"":""bcdce8a0-f6e1-41bc-bf9f-5de570b066a7"",""provenance"":""stm""},{""episode_id"":""e964df06-0f65-4317-8001-1fa1e0c9b288"",""provenance"":""stm""},{""episode_id"":""f0a74561-32d0-43ed-9ce0-6e173b948c68"",""provenance"":""stm""},{""episode_id"":""72bc8697-9933-4e81-bb39-a9808290ae9b"",""provenance"":""stm""},{""episode_id"":""94fce027-d293-4c63-a5f7-7c0cbb784f7b"",""provenance"":""stm""},{""episode_id"":""99b1cfd5-5dac-4190-a367-19db09afe67b"",""provenance"":""stm""},{""episode_id"":""b6251ff1-25d4-44ee-9495-599f1af13d7f"",""provenance"":""stm""},{""episode_id"":""e1b018cb-72c1-4763-a79a-f650bb9dd371"",""provenance"":""stm""},{""episode_id"":""f60af4d8-de22-4d30-9a25-ef9dce89971d"",""provenance"":""stm""},{""episode_id"":""0debc7e8-5ed2-4125-b716-64b3a4f39967"",""provenance"":""stm""},{""episode_id"":""1ac0d7d0-10c2-4768-b9b6-a6f2237cdce2"",""provenance"":""stm""},{""episode_id"":""61d8102d-8db5-4fe6-b3ef-17a3f1baa7e1"",""provenance"":""stm""},{""episode_id"":""906ba882-a75b-4b06-b7e5-43e922996436"",""provenance"":""stm""},{""episode_id"":""a9bb2c9e-48b4-4d3d-828d-7720cc91736c"",""provenance"":""stm""},{""episode_id"":""4fb07384-4b5d-4438-93e0-055e99efb900"",""provenance"":""stm""},{""episode_id"":""63b0f26c-ddac-40e9-bee6-6517ca864f23"",""provenance"":""stm""},{""episode_id"":""682b264f-3c7f-424b-93f8-5b60d8359ecd"",""provenance"":""stm""},{""episode_id"":""b6de1ffc-37fe-4edd-b614-200a1911c778"",""provenance"":""stm""},{""episode_id"":""c85695ff-9ba6-47f4-820e-a0bffb299ffe"",""provenance"":""stm""},{""episode_id"":""d2e22f98-6839-440b-9905-ba7e3c2cfe8c"",""provenance"":""stm""},{""episode_id"":""58eb5d03-af83-42fe-9424-e28f888aef6d"",""provenance"":""stm""},{""episode_id"":""6841c779-ee17-4525-ac8c-088efb4c6490"",""provenance"":""stm""},{""episode_id"":""c1a353d7-3410-423f-a5b6-e8ae74d88982"",""provenance"":""stm""},{""episode_id"":""c26945e7-b4b0-486d-9c66-3ea49dc7e3c2"",""provenance"":""stm""},{""episode_id"":""e09859a9-a1f9-4a70-ae40-b417898134eb"",""provenance"":""stm""},{""episode_id"":""47a820b2-eeb4-4a8a-8dfc-b5f66ccab71f"",""provenance"":""stm""},{""episode_id"":""dba57d9b-fb4f-44ee-bf89-c4854c631812"",""provenance"":""ltm""},{""episode_id"":""3c4386c1-c2c6-4b89-820f-085efbbb4b94"",""provenance"":""ltm""},{""episode_id"":""3681387f-66db-44e2-b8cc-dec3029d648e"",""provenance"":""ltm""}]"
136,49,19,0,52,3,"[{""episode_id"":""72bc8697-9933-4e81-bb39-a9808290ae9b"",""provenance"":""stm""},{""episode_id"":""94fce027-d293-4c63-a5f7-7c0cbb784f7b"",""provenance"":""stm""},{""episode_id"":""99b1cfd5-5dac-4190-a367-19db09afe67b"",""provenance"":""stm""},{""episode_id"":""b6251ff1-25d4-44ee-9495-599f1af13d7f"",""provenance"":""stm""},{""episode_id"":""e1b018cb-72c1-4763-a79a-f650bb9dd371"",""provenance"":""stm""},{""episode_id"":""f60af4d8-de22-4d30-9a25-ef9dce89971d"",""provenance"":""stm""},{""episode_id"":""1d084051-3163-4156-a4a9-da839fd639da"",""provenance"":""stm""},{""episode_id"":""1f877424-2615-461d-b608-9954018b9105"",""provenance"":""stm""},{""episode_id"":""38648f01-a2fa-4448-8058-6c2d9833fd4d"",""provenance"":""stm""},{""episode_id"":""86c4b60e-b525-4089-98ee-9e045d77d805"",""provenance"":""stm""},{""episode_id"":""8afe65a8-2bff-4f17-af23-85c807a7ad9d"",""provenance"":""stm""},{""episode_id"":""c706f66b-108c-450d-93ac-a1cc6dedca0f"",""provenance"":""stm""},{""episode_id"":""da8fb148-f8f9-4223-ba3f-26c6ce30dc0c"",""provenance"":""stm""},{""episode_id"":""4fb07384-4b5d-4438-93e0-055e99efb900"",""provenance"":""stm""},{""episode_id"":""63b0f26c-ddac-40e9-bee6-6517ca864f23"",""provenance"":""stm""},{""episode_id"":""682b264f-3c7f-424b-93f8-5b60d8359ecd"",""provenance"":""stm""},{""episode_id"":""b6de1ffc-37fe-4edd-b614-200a1911c778"",""provenance"":""stm""},{""episode_id"":""c85695ff-9ba6-47f4-820e-a0bffb299ffe"",""provenance"":""stm""},{""episode_id"":""d2e22f98-6839-440b-9905-ba7e3c2cfe8c"",""provenance"":""stm""},{""episode_id"":""0debc7e8-5ed2-4125-b716-64b3a4f39967"",""provenance"":""stm""},{""episode_id"":""1ac0d7d0-10c2-4768-b9b6-a6f2237cdce2"",""provenance"":""stm""},{""episode_id"":""61d8102d-8db5-4fe6-b3ef-17a3f1baa7e1"",""provenance"":""stm""},{""episode_id"":""906ba882-a75b-4b06-b7e5-43e922996436"",""provenance"":""stm""},{""episode_id"":""a9bb2c9e-48b4-4d3d-828d-7720cc91736c"",""provenance"":""stm""},{""episode_id"":""2ff479fb-dd9f-4c79-82f4-9cd7019bd800"",""provenance"":""stm""},{""episode_id"":""300c6207-208a-48f7-a43a-0b3c055e15c9"",""provenance"":""stm""},{""episode_id"":""6dfca794-82da-4db6-96d1-507ac2e91d37"",""provenance"":""stm""},{""episode_id"":""6f20b7e3-94dc-4983-827e-d8d549f645f9"",""provenance"":""stm""},{""episode_id"":""87c694e5-e7ed-494b-9bf8-97f7acea523d"",""provenance"":""stm""},{""episode_id"":""9332e339-1d5d-496c-b128-6011bc520c24"",""provenance"":""stm""},{""episode_id"":""efa30fb9-5267-4970-b16d-7fc40b1ca487"",""provenance"":""stm""},{""episode_id"":""36c73944-279a-4a62-8d0a-10835ec8e2e1"",""provenance"":""stm""},{""episode_id"":""40964617-6fc9-41ae-9c48-107db425ad06"",""provenance"":""stm""},{""episode_id"":""64d7fae9-2134-48f0-b73c-c5fac7c2ce7c"",""provenance"":""stm""},{""episode_id"":""8208dc7c-177c-4098-b7ff-a6739ee7bbee"",""provenance"":""stm""},{""episode_id"":""876d6520-8eac-4489-9076-c38604526380"",""provenance"":""stm""},{""episode_id"":""ef27b25f-b672-4196-9193-4dc687dbd36b"",""provenance"":""stm""},{""episode_id"":""b686f2f6-7c52-469c-85fb-1c9891c888ff"",""provenance"":""stm""},{""episode_id"":""47a820b2-eeb4-4a8a-8dfc-b5f66ccab71f"",""provenance"":""stm""},{""episode_id"":""9475373e-a86d-478d-9cb2-3979e3f70cd2"",""provenance"":""stm""},{""episode_id"":""3832d72b-cf6b-4220-a9cd-94a4a0b3a1b3"",""provenance"":""stm""},{""episode_id"":""58eb5d03-af83-42fe-9424-e28f888aef6d"",""provenance"":""stm""},{""episode_id"":""6841c779-ee17-4525-ac8c-088efb4c6490"",""provenance"":""stm""},{""episode_id"":""c1a353d7-3410-423f-a5b6-e8ae74d88982"",""provenance"":""stm""},{""episode_id"":""c26945e7-b4b0-486d-9c66-3ea49dc7e3c2"",""provenance"":""stm""},{""episode_id"":""e09859a9-a1f9-4a70-ae40-b417898134eb"",""provenance"":""stm""},{""episode_id"":""25f4d028-767b-4909-a996-951109ff7855"",""provenance"":""stm""},{""episode_id"":""361d5d03-9ade-456d-81b0-0fc5ffa89d48"",""provenance"":""stm""},{""episode_id"":""a7882ce3-61bf-4c2c-b5a0-e8b46c9ad899"",""provenance"":""stm""},{""episode_id"":""3c4386c1-c2c6-4b89-820f-085efbbb4b94"",""provenance"":""ltm""},{""episode_id"":""dba57d9b-fb4f-44ee-bf89-c4854c631812"",""provenance"":""ltm""},{""episode_id"":""3681387f-66db-44e2-b8cc-dec3029d648e"",""provenance"":""ltm""}]"
137,14,19,0,21,7,"[{""episode_id"":""4fb07384-4b5d-4438-93e0-055e99efb900"",""provenance"":""stm""},{""episode_id"":""63b0f26c-ddac-40e9-bee6-6517ca864f23"",""provenance"":""stm""},{""episode_id"":""682b264f-3c7f-424b-93f8-5b60d8359ecd"",""provenance"":""stm""},{""episode_id"":""b6de1ffc-37fe-4edd-b614-200a1911c778"",""provenance"":""stm""},{""episode_id"":""c85695ff-9ba6-47f4-820e-a0bffb299ffe"",""provenance"":""stm""},{""episode_id"":""d2e22f98-6839-440b-9905-ba7e3c2cfe8c"",""provenance"":""stm""},{""episode_id"":""1d084051-3163-4156-a4a9-da839fd639da"",""provenance"":""stm""},{""episode_id"":""1f877424-2615-461d-b608-9954018b9105"",""provenance"":""stm""},{""episode_id"":""38648f01-a2fa-4448-8058-6c2d9833fd4d"",""provenance"":""stm""},{""episode_id"":""86c4b60e-b525-4089-98ee-9e045d77d805"",""provenance"":""stm""},{""episode_id"":""8afe65a8-2bff-4f17-af23-85c807a7ad9d"",""provenance"":""stm""},{""episode_id"":""c706f66b-108c-450d-93ac-a1cc6dedca0f"",""provenance"":""stm""},{""episode_id"":""da8fb148-f8f9-4223-ba3f-26c6ce30dc0c"",""provenance"":""stm""},{""episode_id"":""b686f2f6-7c52-469c-85fb-1c9891c888ff"",""provenance"":""stm""},{""episode_id"":""efa30fb9-5267-4970-b16d-7fc40b1ca487"",""provenance"":""ltm""},{""episode_id"":""72bc8697-9933-4e81-bb39-a9808290ae9b"",""provenance"":""ltm""},{""episode_id"":""a9bb2c9e-48b4-4d3d-828d-7720cc91736c"",""provenance"":""ltm""},{""episode_id"":""3c4386c1-c2c6-4b89-820f-085efbbb4b94"",""provenance"":""ltm""},{""episode_id"":""dba57d9b-fb4f-44ee-bf89-c4854c631812"",""provenance"":""ltm""},{""episode_id"":""ef27b25f-b672-4196-9193-4dc687dbd36b"",""provenance"":""ltm""},{""episode_id"":""3681387f-66db-44e2-b8cc-dec3029d648e"",""provenance"":""ltm""}]"
138,34,19,0,39,5,"[{""episode_id"":""0debc7e8-5ed2-4125-b716-64b3a4f39967"",""provenance"":""stm""},{""episode_id"":""1ac0d7d0-10c2-4768-b9b6-a6f2237cdce2"",""provenance"":""stm""},{""episode_id"":""61d8102d-8db5-4fe6-b3ef-17a3f1baa7e1"",""provenance"":""stm""},{""episode_id"":""906ba882-a75b-4b06-b7e5-43e922996436"",""provenance"":""stm""},{""episode_id"":""a9bb2c9e-48b4-4d3d-828d-7720cc91736c"",""provenance"":""stm""},{""episode_id"":""72bc8697-9933-4e81-bb39-a9808290ae9b"",""provenance"":""ltm""},{""episode_id"":""0669c654-0e61-4305-9c11-628f4bb60eb3"",""provenance"":""stm""},{""episode_id"":""413700d8-5c2a-411a-b178-e9feab0472cc"",""provenance"":""stm""},{""episode_id"":""67289dc1-1026-437b-a82e-a5f229e5e061"",""provenance"":""stm""},{""episode_id"":""88ffad9c-4295-4db8-b5dd-6d81a9f5ab51"",""provenance"":""stm""},{""episode_id"":""b125b0e7-1b0c-49ac-89e1-0d800b56863b"",""provenance"":""stm""},{""episode_id"":""b6fa95ef-d7a6-4fb5-ab74-e713d5925479"",""provenance"":""stm""},{""episode_id"":""ea4ebcb4-f0de-4f3b-938d-f867a49d747c"",""provenance"":""stm""},{""episode_id"":""fd45aa2b-376a-4e19-820a-b5d25f8b23ca"",""provenance"":""stm""},{""episode_id"":""2ff479fb-dd9f-4c79-82f4-9cd7019bd800"",""provenance"":""stm""},{""episode_id"":""300c6207-208a-48f7-a43a-0b3c055e15c9"",""provenance"":""stm""},{""episode_id"":""6dfca794-82da-4db6-96d1-507ac2e91d37"",""provenance"":""stm""},{""episode_id"":""6f20b7e3-94dc-4983-827e-d8d549f645f9"",""provenance"":""stm""},{""episode_id"":""87c694e5-e7ed-494b-9bf8-97f7acea523d"",""provenance"":""stm""},{""episode_id"":""9332e339-1d5d-496c-b128-6011bc520c24"",""provenance"":""stm""},{""episode_id"":""efa30fb9-5267-4970-b16d-7fc40b1ca487"",""provenance"":""stm""},{""episode_id"":""1d084051-3163-4156-a4a9-da839fd639da"",""provenance"":""stm""},{""episode_id"":""1f877424-2615-461d-b608-9954018b9105"",""provenance"":""stm""},{""episode_id"":""38648f01-a2fa-4448-8058-6c2d9833fd4d"",""provenance"":""stm""},{""episode_id"":""86c4b60e-b525-4089-98ee-9e045d77d805"",""provenance"":""stm""},{""episode_id"":""8afe65a8-2bff-4f17-af23-85c807a7ad9d"",""provenance"":""stm""},{""episode_id"":""c706f66b-108c-450d-93ac-a1cc6dedca0f"",""provenance"":""stm""},{""episode_id"":""da8fb148-f8f9-4223-ba3f-26c6ce30dc0c"",""provenance"":""stm""},{""episode_id"":""3832d72b-cf6b-4220-a9cd-94a4a0b3a1b3"",""provenance"":""stm""},{""episode_id"":""58eb5d03-af83-42fe-9424-e28f888aef6d"",""provenance"":""stm""},{""episode_id"":""6841c779-ee17-4525-ac8c-088efb4c6490"",""provenance"":""stm""},{""episode_id"":""c1a353d7-3410-423f-a5b6-e8ae74d88982"",""provenance"":""stm""},{""episode_id"":""c26945e7-b4b0-486d-9c66-3ea49dc7e3c2"",""provenance"":""stm""},{""episode_id"":""e09859a9-a1f9-4a70-ae40-b417898134eb"",""provenance"":""stm""},{""episode_id"":""47a820b2-eeb4-4a8a-8dfc-b5f66ccab71f"",""provenance"":""stm""},{""episode_id"":""dba57d9b-fb4f-44ee-bf89-c4854c631812"",""provenance"":""ltm""},{""episode_id"":""3c4386c1-c2c6-4b89-820f-085efbbb4b94"",""provenance"":""ltm""},{""episode_id"":""ef27b25f-b672-4196-9193-4dc687dbd36b"",""provenance"":""ltm""},{""episode_id"":""3681387f-66db-44e2-b8cc-dec3029d648e"",""provenance"":""ltm""}]"
139,28,19,0,33,5,"[{""episode_id"":""9475373e-a86d-478d-9cb2-3979e3f70cd2"",""provenance"":""stm""},{""episode_id"":""25f4d028-767b-4909-a996-951109ff7855"",""provenance"":""stm""},{""episode_id"":""361d5d03-9ade-456d-81b0-0fc5ffa89d48"",""provenance"":""stm""},{""episode_id"":""a7882ce3-61bf-4c2c-b5a0-e8b46c9ad899"",""provenance"":""stm""},{""episode_id"":""cd88c861-2506-40b8-9171-75634aaec722"",""provenance"":""stm""},{""episode_id"":""3681387f-66db-44e2-b8cc-dec3029d648e"",""provenance"":""stm""},{""episode_id"":""1d084051-3163-4156-a4a9-da839fd639da"",""provenance"":""stm""},{""episode_id"":""1f877424-2615-461d-b608-9954018b9105"",""provenance"":""stm""},{""episode_id"":""38648f01-a2fa-4448-8058-6c2d9833fd4d"",""provenance"":""stm""},{""episode_id"":""86c4b60e-b525-4089-98ee-9e045d77d805"",""provenance"":""stm""},{""episode_id"":""8afe65a8-2bff-4f17-af23-85c807a7ad9d"",""provenance"":""stm""},{""episode_id"":""c706f66b-108c-450d-93ac-a1cc6dedca0f"",""provenance"":""stm""},{""episode_id"":""da8fb148-f8f9-4223-ba3f-26c6ce30dc0c"",""provenance"":""stm""},{""episode_id"":""efa30fb9-5267-4970-b16d-7fc40b1ca487"",""provenance"":""ltm""},{""episode_id"":""18e97ac6-613e-4edf-814a-0cc689c7b805"",""provenance"":""stm""},{""episode_id"":""72bc8697-9933-4e81-bb39-a9808290ae9b"",""provenance"":""stm""},{""episode_id"":""94fce027-d293-4c63-a5f7-7c0cbb784f7b"",""provenance"":""stm""},{""episode_id"":""99b1cfd5-5dac-4190-a367-19db09afe67b"",""provenance"":""stm""},{""episode_id"":""b6251ff1-25d4-44ee-9495-599f1af13d7f"",""provenance"":""stm""},{""episode_id"":""e1b018cb-72c1-4763-a79a-f650bb9dd371"",""provenance"":""stm""},{""episode_id"":""f60af4d8-de22-4d30-9a25-ef9dce89971d"",""provenance"":""stm""},{""episode_id"":""a9bb2c9e-48b4-4d3d-828d-7720cc91736c"",""provenance"":""ltm""},{""episode_id"":""b686f2f6-7c52-469c-85fb-1c9891c888ff"",""provenance"":""stm""},{""episode_id"":""3832d72b-cf6b-4220-a9cd-94a4a0b3a1b3"",""provenance"":""stm""},{""episode_id"":""58eb5d03-af83-42fe-9424-e28f888aef6d"",""provenance"":""stm""},{""episode_id"":""6841c779-ee17-4525-ac8c-088efb4c6490"",""provenance"":""stm""},{""episode_id"":""c1a353d7-3410-423f-a5b6-e8ae74d88982"",""provenance"":""stm""},{""episode_id"":""c26945e7-b4b0-486d-9c66-3ea49dc7e3c2"",""provenance"":""stm""},{""episode_id"":""e09859a9-a1f9-4a70-ae40-b417898134eb"",""provenance"":""stm""},{""episode_id"":""47a820b2-eeb4-4a8a-8dfc-b5f66ccab71f"",""provenance"":""stm""},{""episode_id"":""dba57d9b-fb4f-44ee-bf89-c4854c631812"",""provenance"":""ltm""},{""episode_id"":""3c4386c1-c2c6-4b89-820f-085efbbb4b94"",""provenance"":""ltm""},{""episode_id"":""ef27b25f-b672-4196-9193-4dc687dbd36b"",""provenance"":""ltm""}]"
140,48,19,0,51,3,"[{""episode_id"":""1d084051-3163-4156-a4a9-da839fd639da"",""provenance"":""stm""},{""episode_id"":""1f877424-2615-461d-b608-9954018b9105"",""provenance"":""stm""},{""episode_id"":""38648f01-a2fa-4448-8058-6c2d9833fd4d"",""provenance"":""stm""},{""episode_id"":""86c4b60e-b525-4089-98ee-9e045d77d805"",""provenance"":""stm""},{""episode_id"":""8afe65a8-2bff-4f17-af23-85c807a7ad9d"",""provenance"":""stm""},{""episode_id"":""c706f66b-108c-450d-93ac-a1cc6dedca0f"",""provenance"":""stm""},{""episode_id"":""da8fb148-f8f9-4223-ba3f-26c6ce30dc0c"",""provenance"":""stm""},{""episode_id"":""18e97ac6-613e-4edf-814a-0cc689c7b805"",""provenance"":""stm""},{""episode_id"":""72bc8697-9933-4e81-bb39-a9808290ae9b"",""provenance"":""stm""},{""episode_id"":""94fce027-d293-4c63-a5f7-7c0cbb784f7b"",""provenance"":""stm""},{""episode_id"":""99b1cfd5-5dac-4190-a367-19db09afe67b"",""provenance"":""stm""},{""episode_id"":""b6251ff1-25d4-44ee-9495-599f1af13d7f"",""provenance"":""stm""},{""episode_id"":""e1b018cb-72c1-4763-a79a-f650bb9dd371"",""provenance"":""stm""},{""episode_id"":""f60af4d8-de22-4d30-9a25-ef9dce89971d"",""provenance"":""stm""},{""episode_id"":""9475373e-a86d-478d-9cb2-3979e3f70cd2"",""provenance"":""stm""},{""episode_id"":""25f4d028-767b-4909-a996-951109ff7855"",""provenance"":""stm""},{""episode_id"":""361d5d03-9ade-456d-81b0-0fc5ffa89d48"",""provenance"":""stm""},{""episode_id"":""a7882ce3-61bf-4c2c-b5a0-e8b46c9ad899"",""provenance"":""stm""},{""episode_id"":""3681387f-66db-44e2-b8cc-dec3029d648e"",""provenance"":""stm""},{""episode_id"":""cd88c861-2506-40b8-9171-75634aaec722"",""provenance"":""stm""},{""episode_id"":""0debc7e8-5ed2-4125-b716-64b3a4f39967"",""provenance"":""stm""},{""episode_id"":""1ac0d7d0-10c2-4768-b9b6-a6f2237cdce2"",""provenance"":""stm""},{""episode_id"":""58af2ad5-097f-4571-ba1a-8d7b8e79ca31"",""provenance"":""stm""},{""episode_id"":""61d8102d-8db5-4fe6-b3ef-17a3f1baa7e1"",""provenance"":""stm""},{""episode_id"":""906ba882-a75b-4b06-b7e5-43e922996436"",""provenance"":""stm""},{""episode_id"":""a9bb2c9e-48b4-4d3d-828d-7720cc91736c"",""provenance"":""stm""},{""episode_id"":""efa30fb9-5267-4970-b16d-7fc40b1ca487"",""provenance"":""ltm""},{""episode_id"":""36c73944-279a-4a62-8d0a-10835ec8e2e1"",""provenance"":""stm""},{""episode_id"":""40964617-6fc9-41ae-9c48-107db425ad06"",""provenance"":""stm""},{""episode_id"":""64d7fae9-2134-48f0-b73c-c5fac7c2ce7c"",""provenance"":""stm""},{""episode_id"":""8208dc7c-177c-4098-b7ff-a6739ee7bbee"",""provenance"":""stm""},{""episode_id"":""876d6520-8eac-4489-9076-c38604526380"",""provenance"":""stm""},{""episode_id"":""a786e395-1e6e-4338-bb1f-8bbbe25167da"",""provenance"":""stm""},{""episode_id"":""ef27b25f-b672-4196-9193-4dc687dbd36b"",""provenance"":""stm""},{""episode_id"":""3832d72b-cf6b-4220-a9cd-94a4a0b3a1b3"",""provenance"":""stm""},{""episode_id"":""58eb5d03-af83-42fe-9424-e28f888aef6d"",""provenance"":""stm""},{""episode_id"":""6841c779-ee17-4525-ac8c-088efb4c6490"",""provenance"":""stm""},{""episode_id"":""c1a353d7-3410-423f-a5b6-e8ae74d88982"",""provenance"":""stm""},{""episode_id"":""c26945e7-b4b0-486d-9c66-3ea49dc7e3c2"",""provenance"":""stm""},{""episode_id"":""e09859a9-a1f9-4a70-ae40-b417898134eb"",""provenance"":""stm""},{""episode_id"":""47a820b2-eeb4-4a8a-8dfc-b5f66ccab71f"",""provenance"":""stm""},{""episode_id"":""b686f2f6-7c52-469c-85fb-1c9891c888ff"",""provenance"":""stm""},{""episode_id"":""4fb07384-4b5d-4438-93e0-055e99efb900"",""provenance"":""stm""},{""episode_id"":""5a5f5b21-adf4-44b8-826f-c63c19e38e34"",""provenance"":""stm""},{""episode_id"":""63b0f26c-ddac-40e9-bee6-6517ca864f23"",""provenance"":""stm""},{""episode_id"":""682b264f-3c7f-424b-93f8-5b60d8359ecd"",""provenance"":""stm""},{""episode_id"":""b6de1ffc-37fe-4edd-b614-200a1911c778"",""provenance"":""stm""},{""episode_id"":""c85695ff-9ba6-47f4-820e-a0bffb299ffe"",""provenance"":""stm""},{""episode_id"":""d2e22f98-6839-440b-9905-ba7e3c2cfe8c"",""provenance"":""stm""},{""episode_id"":""dba57d9b-fb4f-44ee-bf89-c4854c631812"",""provenance"":""ltm""},{""episode_id"":""3c4386c1-c2c6-4b89-820f-085efbbb4b94"",""provenance"":""ltm""}]"
141,49,19,0,52,3,"[{""episode_id"":""2ff479fb-dd9f-4c79-82f4-9cd7019bd800"",""provenance"":""stm""},{""episode_id"":""300c6207-208a-48f7-a43a-0b3c055e15c9"",""provenance"":""stm""},{""episode_id"":""6dfca794-82da-4db6-96d1-507ac2e91d37"",""provenance"":""stm""},{""episode_id"":""6f20b7e3-94dc-4983-827e-d8d549f645f9"",""provenance"":""stm""},{""episode_id"":""87c694e5-e7ed-494b-9bf8-97f7acea523d"",""provenance"":""stm""},{""episode_id"":""9332e339-1d5d-496c-b128-6011bc520c24"",""provenance"":""stm""},{""episode_id"":""efa30fb9-5267-4970-b16d-7fc40b1ca487"",""provenance"":""stm""},{""episode_id"":""1d084051-3163-4156-a4a9-da839fd639da"",""provenance"":""stm""},{""episode_id"":""1f877424-2615-461d-b608-9954018b9105"",""provenance"":""stm""},{""episode_id"":""38648f01-a2fa-4448-8058-6c2d9833fd4d"",""provenance"":""stm""},{""episode_id"":""86c4b60e-b525-4089-98ee-9e045d77d805"",""provenance"":""stm""},{""episode_id"":""8afe65a8-2bff-4f17-af23-85c807a7ad9d"",""provenance"":""stm""},{""episode_id"":""c706f66b-108c-450d-93ac-a1cc6dedca0f"",""provenance"":""stm""},{""episode_id"":""da8fb148-f8f9-4223-ba3f-26c6ce30dc0c"",""provenance"":""stm""},{""episode_id"":""3832d72b-cf6b-4220-a9cd-94a4a0b3a1b3"",""provenance"":""stm""},{""episode_id"":""58eb5d03-af83-42fe-9424-e28f888aef6d"",""provenance"":""stm""},{""episode_id"":""6841c779-ee17-4525-ac8c-088efb4c6490"",""provenance"":""stm""},{""episode_id"":""c1a353d7-3410-423f-a5b6-e8ae74d88982"",""provenance"":""stm""},{""episode_id"":""c26945e7-b4b0-486d-9c66-3ea49dc7e3c2"",""provenance"":""stm""},{""episode_id"":""e09859a9-a1f9-4a70-ae40-b417898134eb"",""provenance"":""stm""},{""episode_id"":""47a820b2-eeb4-4a8a-8dfc-b5f66ccab71f"",""provenance"":""stm""},{""episode_id"":""b686f2f6-7c52-469c-85fb-1c9891c888ff"",""provenance"":""stm""},{""episode_id"":""4fb07384-4b5d-4438-93e0-055e99efb900"",""provenance"":""stm""},{""episode_id"":""5a5f5b21-adf4-44b8-826f-c63c19e38e34"",""provenance"":""stm""},{""episode_id"":""63b0f26c-ddac-40e9-bee6-6517ca864f23"",""provenance"":""stm""},{""episode_id"":""682b264f-3c7f-424b-93f8-5b60d8359ecd"",""provenance"":""stm""},{""episode_id"":""b6de1ffc-37fe-4edd-b614-200a1911c778"",""provenance"":""stm""},{""episode_id"":""c85695ff-9ba6-47f4-820e-a0bffb299ffe"",""provenance"":""stm""},{""episode_id"":""d2e22f98-6839-440b-9905-ba7e3c2cfe8c"",""provenance"":""stm""},{""episode_id"":""0debc7e8-5ed2-4125-b716-64b3a4f39967"",""provenance"":""stm""},{""episode_id"":""1ac0d7d0-10c2-4768-b9b6-a6f2237cdce2"",""provenance"":""stm""},{""episode_id"":""58af2ad5-097f-4571-ba1a-8d7b8e79ca31"",""provenance"":""stm""},{""episode_id"":""61d8102d-8db5-4fe6-b3ef-17a3f1baa7e1"",""provenance"":""stm""},{""episode_id"":""906ba882-a75b-4b06-b7e5-43e922996436"",""provenance"":""stm""},{""episode_id"":""a9bb2c9e-48b4-4d3d-828d-7720cc91736c"",""provenance"":""stm""},{""episode_id"":""18e97ac6-613e-4edf-814a-0cc689c7b805"",""provenance"":""stm""},{""episode_id"":""72bc8697-9933-4e81-bb39-a9808290ae9b"",""provenance"":""stm""},{""episode_id"":""94fce027-d293-4c63-a5f7-7c0cbb784f7b"",""provenance"":""stm""},{""episode_id"":""99b1cfd5-5dac-4190-a367-19db09afe67b"",""provenance"":""stm""},{""episode_id"":""b6251ff1-25d4-44ee-9495-599f1af13d7f"",""provenance"":""stm""},{""episode_id"":""e1b018cb-72c1-4763-a79a-f650bb9dd371"",""provenance"":""stm""},{""episode_id"":""f60af4d8-de22-4d30-9a25-ef9dce89971d"",""provenance"":""stm""},{""episode_id"":""36c73944-279a-4a62-8d0a-10835ec8e2e1"",""provenance"":""stm""},{""episode_id"":""40964617-6fc9-41ae-9c48-107db425ad06"",""provenance"":""stm""},{""episode_id"":""64d7fae9-2134-48f0-b73c-c5fac7c2ce7c"",""provenance"":""stm""},{""episode_id"":""8208dc7c-177c-4098-b7ff-a6739ee7bbee"",""provenance"":""stm""},{""episode_id"":""876d6520-8eac-4489-9076-c38604526380"",""provenance"":""stm""},{""episode_id"":""a786e395-1e6e-4338-bb1f-8bbbe25167da"",""provenance"":""stm""},{""episode_id"":""ef27b25f-b672-4196-9193-4dc687dbd36b"",""provenance"":""stm""},{""episode_id"":""3c4386c1-c2c6-4b89-820f-085efbbb4b94"",""provenance"":""ltm""},{""episode_id"":""dba57d9b-fb4f-44ee-bf89-c4854c631812"",""provenance"":""ltm""},{""episode_id"":""3681387f-66db-44e2-b8cc-dec3029d648e"",""provenance"":""ltm""}]"
142,36,19,0,41,5,"[{""episode_id"":""47a820b2-eeb4-4a8a-8dfc-b5f66ccab71f"",""provenance"":""stm""},{""episode_id"":""3832d72b-cf6b-4220-a9cd-94a4a0b3a1b3"",""provenance"":""stm""},{""episode_id"":""58eb5d03-af83-42fe-9424-e28f888aef6d"",""provenance"":""stm""},{""episode_id"":""6841c779-ee17-4525-ac8c-088efb4c6490"",""provenance"":""stm""},{""episode_id"":""c1a353d7-3410-423f-a5b6-e8ae74d88982"",""provenance"":""stm""},{""episode_id"":""c26945e7-b4b0-486d-9c66-3ea49dc7e3c2"",""provenance"":""stm""},{""episode_id"":""e09859a9-a1f9-4a70-ae40-b417898134eb"",""provenance"":""stm""},{""episode_id"":""2ff479fb-dd9f-4c79-82f4-9cd7019bd800"",""provenance"":""stm""},{""episode_id"":""300c6207-208a-48f7-a43a-0b3c055e15c9"",""provenance"":""stm""},{""episode_id"":""6dfca794-82da-4db6-96d1-507ac2e91d37"",""provenance"":""stm""},{""episode_id"":""6f20b7e3-94dc-4983-827e-d8d549f645f9"",""provenance"":""stm""},{""episode_id"":""87c694e5-e7ed-494b-9bf8-97f7acea523d"",""provenance"":""stm""},{""episode_id"":""9332e339-1d5d-496c-b128-6011bc520c24"",""provenance"":""stm""},{""episode_id"":""efa30fb9-5267-4970-b16d-7fc40b1ca487"",""provenance"":""stm""},{""episode_id"":""72bc8697-9933-4e81-bb39-a9808290ae9b"",""provenance"":""ltm""},{""episode_id"":""0debc7e8-5ed2-4125-b716-64b3a4f39967"",""provenance"":""stm""},{""episode_id"":""1ac0d7d0-10c2-4768-b9b6-a6f2237cdce2"",""provenance"":""stm""},{""episode_id"":""58af2ad5-097f-4571-ba1a-8d7b8e79ca31"",""provenance"":""stm""},{""episode_id"":""61d8102d-8db5-4fe6-b3ef-17a3f1baa7e1"",""provenance"":""stm""},{""episode_id"":""906ba882-a75b-4b06-b7e5-43e922996436"",""provenance"":""stm""},{""episode_id"":""a9bb2c9e-48b4-4d3d-828d-7720cc91736c"",""provenance"":""stm""},{""episode_id"":""1d084051-3163-4156-a4a9-da839fd639da"",""provenance"":""stm""},{""episode_id"":""1f877424-2615-461d-b608-9954018b9105"",""provenance"":""stm""},{""episode_id"":""38648f01-a2fa-4448-8058-6c2d9833fd4d"",""provenance"":""stm""},{""episode_id"":""81f521ed-fbdf-4b08-ac1f-568b63d9a547"",""provenance"":""stm""},{""episode_id"":""86c4b60e-b525-4089-98ee-9e045d77d805"",""provenance"":""stm""},{""episode_id"":""8afe65a8-2bff-4f17-af23-85c807a7ad9d"",""provenance"":""stm""},{""episode_id"":""c706f66b-108c-450d-93ac-a1cc6dedca0f"",""provenance"":""stm""},{""episode_id"":""da8fb148-f8f9-4223-ba3f-26c6ce30dc0c"",""provenance"":""stm""},{""episode_id"":""b686f2f6-7c52-469c-85fb-1c9891c888ff"",""provenance"":""stm""},{""episode_id"":""4fb07384-4b5d-4438-93e0-055e99efb900"",""provenance"":""stm""},{""episode_id"":""5a5f5b21-adf4-44b8-826f-c63c19e38e34"",""provenance"":""stm""},{""episode_id"":""63b0f26c-ddac-40e9-bee6-6517ca864f23"",""provenance"":""stm""},{""episode_id"":""682b264f-3c7f-424b-93f8-5b60d8359ecd"",""provenance"":""stm""},{""episode_id"":""b6de1ffc-37fe-4edd-b614-200a1911c778"",""provenance"":""stm""},{""episode_id"":""c85695ff-9ba6-47f4-820e-a0bffb299ffe"",""provenance"":""stm""},{""episode_id"":""d2e22f98-6839-440b-9905-ba7e3c2cfe8c"",""provenance"":""stm""},{""episode_id"":""dba57d9b-fb4f-44ee-bf89-c4854c631812"",""provenance"":""ltm""},{""episode_id"":""ef27b25f-b672-4196-9193-4dc687dbd36b"",""provenance"":""ltm""},{""episode_id"":""3c4386c1-c2c6-4b89-820f-085efbbb4b94"",""provenance"":""ltm""},{""episode_id"":""3681387f-66db-44e2-b8cc-dec3029d648e"",""provenance"":""ltm""}]"
143,52,19,0,56,4,"[{""episode_id"":""36c73944-279a-4a62-8d0a-10835ec8e2e1"",""provenance"":""stm""},{""episode_id"":""40964617-6fc9-41ae-9c48-107db425ad06"",""provenance"":""stm""},{""episode_id"":""64d7fae9-2134-48f0-b73c-c5fac7c2ce7c"",""provenance"":""stm""},{""episode_id"":""8208dc7c-177c-4098-b7ff-a6739ee7bbee"",""provenance"":""stm""},{""episode_id"":""876d6520-8eac-4489-9076-c38604526380"",""provenance"":""stm""},{""episode_id"":""a786e395-1e6e-4338-bb1f-8bbbe25167da"",""provenance"":""stm""},{""episode_id"":""ef27b25f-b672-4196-9193-4dc687dbd36b"",""provenance"":""stm""},{""episode_id"":""1d084051-3163-4156-a4a9-da839fd639da"",""provenance"":""stm""},{""episode_id"":""1f877424-2615-461d-b608-9954018b9105"",""provenance"":""stm""},{""episode_id"":""38648f01-a2fa-4448-8058-6c2d9833fd4d"",""provenance"":""stm""},{""episode_id"":""81f521ed-fbdf-4b08-ac1f-568b63d9a547"",""provenance"":""stm""},{""episode_id"":""86c4b60e-b525-4089-98ee-9e045d77d805"",""provenance"":""stm""},{""episode_id"":""8afe65a8-2bff-4f17-af23-85c807a7ad9d"",""provenance"":""stm""},{""episode_id"":""c706f66b-108c-450d-93ac-a1cc6dedca0f"",""provenance"":""stm""},{""episode_id"":""da8fb148-f8f9-4223-ba3f-26c6ce30dc0c"",""provenance"":""stm""},{""episode_id"":""b686f2f6-7c52-469c-85fb-1c9891c888ff"",""provenance"":""stm""},{""episode_id"":""efa30fb9-5267-4970-b16d-7fc40b1ca487"",""provenance"":""ltm""},{""episode_id"":""0154a54e-d1f0-4d9a-9418-4baffc396204"",""provenance"":""stm""},{""episode_id"":""0c97e95c-5616-4c67-a3bd-399eba330b80"",""provenance"":""stm""},{""episode_id"":""298ef311-ba49-4a2d-bade-afa8afabce89"",""provenance"":""stm""},{""episode_id"":""34432c50-68cc-414b-99a0-276ad2c65e56"",""provenance"":""stm""},{""episode_id"":""aa5e3739-499b-46a9-9313-a9fb000f12a6"",""provenance"":""stm""},{""episode_id"":""ac37a538-4d7d-47c5-a7f2-4b09b2736183"",""provenance"":""stm""},{""episode_id"":""bcdce8a0-f6e1-41bc-bf9f-5de570b066a7"",""provenance"":""stm""},{""episode_id"":""e964df06-0f65-4317-8001-1fa1e0c9b288"",""provenance"":""stm""},{""episode_id"":""f0a74561-32d0-43ed-9ce0-6e173b948c68"",""provenance"":""stm""},{""episode_id"":""18e97ac6-613e-4edf-814a-0cc689c7b805"",""provenance"":""stm""},{""episode_id"":""72bc8697-9933-4e81-bb39-a9808290ae9b"",""provenance"":""stm""},{""episode_id"":""94fce027-d293-4c63-a5f7-7c0cbb784f7b"",""provenance"":""stm""},{""episode_id"":""99b1cfd5-5dac-4190-a367-19db09afe67b"",""provenance"":""stm""},{""episode_id"":""b6251ff1-25d4-44ee-9495-599f1af13d7f"",""provenance"":""stm""},{""episode_id"":""e1b018cb-72c1-4763-a79a-f650bb9dd371"",""provenance"":""stm""},{""episode_id"":""f60af4d8-de22-4d30-9a25-ef9dce89971d"",""provenance"":""stm""},{""episode_id"":""0debc7e8-5ed2-4125-b716-64b3a4f39967"",""provenance"":""stm""},{""episode_id"":""1ac0d7d0-10c2-4768-b9b6-a6f2237cdce2"",""provenance"":""stm""},{""episode_id"":""58af2ad5-097f-4571-ba1a-8d7b8e79ca31"",""provenance"":""stm""},{""episode_id"":""61d8102d-8db5-4fe6-b3ef-17a3f1baa7e1"",""provenance"":""stm""},{""episode_id"":""906ba882-a75b-4b06-b7e5-43e922996436"",""provenance"":""stm""},{""episode_id"":""a9bb2c9e-48b4-4d3d-828d-7720cc91736c"",""provenance"":""stm""},{""episode_id"":""4fb07384-4b5d-4438-93e0-055e99efb900"",""provenance"":""stm""},{""episode_id"":""5a5f5b21-adf4-44b8-826f-c63c19e38e34"",""provenance"":""stm""},{""episode_id"":""63b0f26c-ddac-40e9-bee6-6517ca864f23"",""provenance"":""stm""},{""episode_id"":""682b264f-3c7f-424b-93f8-5b60d8359ecd"",""provenance"":""stm""},{""episode_id"":""b6de1ffc-37fe-4edd-b614-200a1911c778"",""provenance"":""stm""},{""episode_id"":""c85695ff-9ba6-47f4-820e-a0bffb299ffe"",""provenance"":""stm""},{""episode_id"":""d2e22f98-6839-440b-9905-ba7e3c2cfe8c"",""provenance"":""stm""},{""episode_id"":""3832d72b-cf6b-4220-a9cd-94a4a0b3a1b3"",""provenance"":""stm""},{""episode_id"":""58eb5d03-af83-42fe-9424-e28f888aef6d"",""provenance"":""stm""},{""episode_id"":""6841c779-ee17-4525-ac8c-088efb4c6490"",""provenance"":""stm""},{""episode_id"":""c1a353d7-3410-423f-a5b6-e8ae74d88982"",""provenance"":""stm""},{""episode_id"":""c26945e7-b4b0-486d-9c66-3ea49dc7e3c2"",""provenance"":""stm""},{""episode_id"":""e09859a9-a1f9-4a70-ae40-b417898134eb"",""provenance"":""stm""},{""episode_id"":""47a820b2-eeb4-4a8a-8dfc-b5f66ccab71f"",""provenance"":""stm""},{""episode_id"":""dba57d9b-fb4f-44ee-bf89-c4854c631812"",""provenance"":""ltm""},{""episode_id"":""3c4386c1-c2c6-4b89-820f-085efbbb4b94"",""provenance"":""ltm""},{""episode_id"":""3681387f-66db-44e2-b8cc-dec3029d648e"",""provenance"":""ltm""}]"
144,57,19,0,60,3,"[{""episode_id"":""18e97ac6-613e-4edf-814a-0cc689c7b805"",""provenance"":""stm""},{""episode_id"":""72bc8697-9933-4e81-bb39-a9808290ae9b"",""provenance"":""stm""},{""episode_id"":""94fce027-d293-4c63-a5f7-7c0cbb784f7b"",""provenance"":""stm""},{""episode_id"":""99b1cfd5-5dac-4190-a367-19db09afe67b"",""provenance"":""stm""},{""episode_id"":""b6251ff1-25d4-44ee-9495-599f1af13d7f"",""provenance"":""stm""},{""episode_id"":""e1b018cb-72c1-4763-a79a-f650bb9dd371"",""provenance"":""stm""},{""episode_id"":""f60af4d8-de22-4d30-9a25-ef9dce89971d"",""provenance"":""stm""},{""episode_id"":""1d084051-3163-4156-a4a9-da839fd639da"",""provenance"":""stm""},{""episode_id"":""1f877424-2615-461d-b608-9954018b9105"",""provenance"":""stm""},{""episode_id"":""38648f01-a2fa-4448-8058-6c2d9833fd4d"",""provenance"":""stm""},{""episode_id"":""81f521ed-fbdf-4b08-ac1f-568b63d9a547"",""provenance"":""stm""},{""episode_id"":""86c4b60e-b525-4089-98ee-9e045d77d805"",""provenance"":""stm""},{""episode_id"":""8afe65a8-2bff-4f17-af23-85c807a7ad9d"",""provenance"":""stm""},{""episode_id"":""c706f66b-108c-450d-93ac-a1cc6dedca0f"",""provenance"":""stm""},{""episode_id"":""da8fb148-f8f9-4223-ba3f-26c6ce30dc0c"",""provenance"":""stm""},{""episode_id"":""4fb07384-4b5d-4438-93e0-055e99efb900"",""provenance"":""stm""},{""episode_id"":""5a5f5b21-adf4-44b8-826f-c63c19e38e34"",""provenance"":""stm""},{""episode_id"":""63b0f26c-ddac-40e9-bee6-6517ca864f23"",""provenance"":""stm""},{""episode_id"":""682b264f-3c7f-424b-93f8-5b60d8359ecd"",""provenance"":""stm""},{""episode_id"":""b6de1ffc-37fe-4edd-b614-200a1911c778"",""provenance"":""stm""},{""episode_id"":""c85695ff-9ba6-47f4-820e-a0bffb299ffe"",""provenance"":""stm""},{""episode_id"":""d2e22f98-6839-440b-9905-ba7e3c2cfe8c"",""provenance"":""stm""},{""episode_id"":""0debc7e8-5ed2-4125-b716-64b3a4f39967"",""provenance"":""stm""},{""episode_id"":""1ac0d7d0-10c2-4768-b9b6-a6f2237cdce2"",""provenance"":""stm""},{""episode_id"":""58af2ad5-097f-4571-ba1a-8d7b8e79ca31"",""provenance"":""stm""},{""episode_id"":""61d8102d-8db5-4fe6-b3ef-17a3f1baa7e1"",""provenance"":""stm""},{""episode_id"":""906ba882-a75b-4b06-b7e5-43e922996436"",""provenance"":""stm""},{""episode_id"":""a9bb2c9e-48b4-4d3d-828d-7720cc91736c"",""provenance"":""stm""},{""episode_id"":""2ff479fb-dd9f-4c79-82f4-9cd7019bd800"",""provenance"":""stm""},{""episode_id"":""300c6207-208a-48f7-a43a-0b3c055e15c9"",""provenance"":""stm""},{""episode_id"":""6dfca794-82da-4db6-96d1-507ac2e91d37"",""provenance"":""stm""},{""episode_id"":""6f20b7e3-94dc-4983-827e-d8d549f645f9"",""provenance"":""stm""},{""episode_id"":""87c694e5-e7ed-494b-9bf8-97f7acea523d"",""provenance"":""stm""},{""episode_id"":""9332e339-1d5d-496c-b128-6011bc520c24"",""provenance"":""stm""},{""episode_id"":""cb0f3244-9037-41de-b2ff-8a03e32d14d4"",""provenance"":""stm""},{""episode_id"":""efa30fb9-5267-4970-b16d-7fc40b1ca487"",""provenance"":""stm""},{""episode_id"":""36c73944-279a-4a62-8d0a-10835ec8e2e1"",""provenance"":""stm""},{""episode_id"":""40964617-6fc9-41ae-9c48-107db425ad06"",""provenance"":""stm""},{""episode_id"":""64d7fae9-2134-48f0-b73c-c5fac7c2ce7c"",""provenance"":""stm""},{""episode_id"":""8208dc7c-177c-4098-b7ff-a6739ee7bbee"",""provenance"":""stm""},{""episode_id"":""876d6520-8eac-4489-9076-c38604526380"",""provenance"":""stm""},{""episode_id"":""a786e395-1e6e-4338-bb1f-8bbbe25167da"",""provenance"":""stm""},{""episode_id"":""ef27b25f-b672-4196-9193-4dc687dbd36b"",""provenance"":""stm""},{""episode_id"":""b686f2f6-7c52-469c-85fb-1c9891c888ff"",""provenance"":""stm""},{""episode_id"":""47a820b2-eeb4-4a8a-8dfc-b5f66ccab71f"",""provenance"":""stm""},{""episode_id"":""9475373e-a86d-478d-9cb2-3979e3f70cd2"",""provenance"":""stm""},{""episode_id"":""3832d72b-cf6b-4220-a9cd-94a4a0b3a1b3"",""provenance"":""stm""},{""episode_id"":""58eb5d03-af83-42fe-9424-e28f888aef6d"",""provenance"":""stm""},{""episode_id"":""6841c779-ee17-4525-ac8c-088efb4c6490"",""provenance"":""stm""},{""episode_id"":""9b0b7bf0-a454-4364-965d-48688e19faea"",""provenance"":""stm""},{""episode_id"":""c1a353d7-3410-423f-a5b6-e8ae74d88982"",""provenance"":""stm""},{""episode_id"":""c26945e7-b4b0-486d-9c66-3ea49dc7e3c2"",""provenance"":""stm""},{""episode_id"":""e09859a9-a1f9-4a70-ae40-b417898134eb"",""provenance"":""stm""},{""episode_id"":""25f4d028-767b-4909-a996-951109ff7855"",""provenance"":""stm""},{""episode_id"":""361d5d03-9ade-456d-81b0-0fc5ffa89d48"",""provenance"":""stm""},{""episode_id"":""8110435e-aa8f-4b6f-822a-983d54a9d50f"",""provenance"":""stm""},{""episode_id"":""a7882ce3-61bf-4c2c-b5a0-e8b46c9ad899"",""provenance"":""stm""},{""episode_id"":""3c4386c1-c2c6-4b89-820f-085efbbb4b94"",""provenance"":""ltm""},{""episode_id"":""dba57d9b-fb4f-44ee-bf89-c4854c631812"",""provenance"":""ltm""},{""episode_id"":""3681387f-66db-44e2-b8cc-dec3029d648e"",""provenance"":""ltm""}]"
145,16,19,0,23,7,"[{""episode_id"":""4fb07384-4b5d-4438-93e0-055e99efb900"",""provenance"":""stm""},{""episode_id"":""5a5f5b21-adf4-44b8-826f-c63c19e38e34"",""provenance"":""stm""},{""episode_id"":""63b0f26c-ddac-40e9-bee6-6517ca864f23"",""provenance"":""stm""},{""episode_id"":""682b264f-3c7f-424b-93f8-5b60d8359ecd"",""provenance"":""stm""},{""episode_id"":""b6de1ffc-37fe-4edd-b614-200a1911c778"",""provenance"":""stm""},{""episode_id"":""c85695ff-9ba6-47f4-820e-a0bffb299ffe"",""provenance"":""stm""},{""episode_id"":""d2e22f98-6839-440b-9905-ba7e3c2cfe8c"",""provenance"":""stm""},{""episode_id"":""1d084051-3163-4156-a4a9-da839fd639da"",""provenance"":""stm""},{""episode_id"":""1f877424-2615-461d-b608-9954018b9105"",""provenance"":""stm""},{""episode_id"":""38648f01-a2fa-4448-8058-6c2d9833fd4d"",""provenance"":""stm""},{""episode_id"":""81f521ed-fbdf-4b08-ac1f-568b63d9a547"",""provenance"":""stm""},{""episode_id"":""86c4b60e-b525-4089-98ee-9e045d77d805"",""provenance"":""stm""},{""episode_id"":""8afe65a8-2bff-4f17-af23-85c807a7ad9d"",""provenance"":""stm""},{""episode_id"":""c706f66b-108c-450d-93ac-a1cc6dedca0f"",""provenance"":""stm""},{""episode_id"":""da8fb148-f8f9-4223-ba3f-26c6ce30dc0c"",""provenance"":""stm""},{""episode_id"":""b686f2f6-7c52-469c-85fb-1c9891c888ff"",""provenance"":""stm""},{""episode_id"":""efa30fb9-5267-4970-b16d-7fc40b1ca487"",""provenance"":""ltm""},{""episode_id"":""72bc8697-9933-4e81-bb39-a9808290ae9b"",""provenance"":""ltm""},{""episode_id"":""a9bb2c9e-48b4-4d3d-828d-7720cc91736c"",""provenance"":""ltm""},{""episode_id"":""3c4386c1-c2c6-4b89-820f-085efbbb4b94"",""provenance"":""ltm""},{""episode_id"":""dba57d9b-fb4f-44ee-bf89-c4854c631812"",""provenance"":""ltm""},{""episode_id"":""ef27b25f-b672-4196-9193-4dc687dbd36b"",""provenance"":""ltm""},{""episode_id"":""3681387f-66db-44e2-b8cc-dec3029d648e"",""provenance"":""ltm""}]"
146,38,19,0,43,5,"[{""episode_id"":""0debc7e8-5ed2-4125-b716-64b3a4f39967"",""provenance"":""stm""},{""episode_id"":""1ac0d7d0-10c2-4768-b9b6-a6f2237cdce2"",""provenance"":""stm""},{""episode_id"":""58af2ad5-097f-4571-ba1a-8d7b8e79ca31"",""provenance"":""stm""},{""episode_id"":""61d8102d-8db5-4fe6-b3ef-17a3f1baa7e1"",""provenance"":""stm""},{""episode_id"":""906ba882-a75b-4b06-b7e5-43e922996436"",""provenance"":""stm""},{""episode_id"":""a9bb2c9e-48b4-4d3d-828d-7720cc91736c"",""provenance"":""stm""},{""episode_id"":""72bc8697-9933-4e81-bb39-a9808290ae9b"",""provenance"":""ltm""},{""episode_id"":""0669c654-0e61-4305-9c11-628f4bb60eb3"",""provenance"":""stm""},{""episode_id"":""413700d8-5c2a-411a-b178-e9feab0472cc"",""provenance"":""stm""},{""episode_id"":""67289dc1-1026-437b-a82e-a5f229e5e061"",""provenance"":""stm""},{""episode_id"":""88ffad9c-4295-4db8-b5dd-6d81a9f5ab51"",""provenance"":""stm""},{""episode_id"":""b125b0e7-1b0c-49ac-89e1-0d800b56863b"",""provenance"":""stm""},{""episode_id"":""b6fa95ef-d7a6-4fb5-ab74-e713d5925479"",""provenance"":""stm""},{""episode_id"":""ea4ebcb4-f0de-4f3b-938d-f867a49d747c"",""provenance"":""stm""},{""episode_id"":""fd45aa2b-376a-4e19-820a-b5d25f8b23ca"",""provenance"":""stm""},{""episode_id"":""2ff479fb-dd9f-4c79-82f4-9cd7019bd800"",""provenance"":""stm""},{""episode_id"":""300c6207-208a-48f7-a43a-0b3c055e15c9"",""provenance"":""stm""},{""episode_id"":""6dfca794-82da-4db6-96d1-507ac2e91d37"",""provenance"":""stm""},{""episode_id"":""6f20b7e3-94dc-4983-827e-d8d549f645f9"",""provenance"":""stm""},{""episode_id"":""87c694e5-e7ed-494b-9bf8-97f7acea523d"",""provenance"":""stm""},{""episode_id"":""9332e339-1d5d-496c-b128-6011bc520c24"",""provenance"":""stm""},{""episode_id"":""cb0f3244-9037-41de-b2ff-8a03e32d14d4"",""provenance"":""stm""},{""episode_id"":""efa30fb9-5267-4970-b16d-7fc40b1ca487"",""provenance"":""stm""},{""episode_id"":""1d084051-3163-4156-a4a9-da839fd639da"",""provenance"":""stm""},{""episode_id"":""1f877424-2615-461d-b608-9954018b9105"",""provenance"":""stm""},{""episode_id"":""38648f01-a2fa-4448-8058-6c2d9833fd4d"",""provenance"":""stm""},{""episode_id"":""81f521ed-fbdf-4b08-ac1f-568b63d9a547"",""provenance"":""stm""},{""episode_id"":""86c4b60e-b525-4089-98ee-9e045d77d805"",""provenance"":""stm""},{""episode_id"":""8afe65a8-2bff-4f17-af23-85c807a7ad9d"",""provenance"":""stm""},{""episode_id"":""c706f66b-108c-450d-93ac-a1cc6dedca0f"",""provenance"":""stm""},{""episode_id"":""da8fb148-f8f9-4223-ba3f-26c6ce30dc0c"",""provenance"":""stm""},{""episode_id"":""3832d72b-cf6b-4220-a9cd-94a4a0b3a1b3"",""provenance"":""stm""},{""episode_id"":""58eb5d03-af83-42fe-9424-e28f888aef6d"",""provenance"":""stm""},{""episode_id"":""6841c779-ee17-4525-ac8c-088efb4c6490"",""provenance"":""stm""},{""episode_id"":""9b0b7bf0-a454-4364-965d-48688e19faea"",""provenance"":""stm""},{""episode_id"":""c1a353d7-3410-423f-a5b6-e8ae74d88982"",""provenance"":""stm""},{""episode_id"":""c26945e7-b4b0-486d-9c66-3ea49dc7e3c2"",""provenance"":""stm""},{""episode_id"":""e09859a9-a1f9-4a70-ae40-b417898134eb"",""provenance"":""stm""},{""episode_id"":""47a820b2-eeb4-4a8a-8dfc-b5f66ccab71f"",""provenance"":""stm""},{""episode_id"":""dba57d9b-fb4f-44ee-bf89-c4854c631812"",""provenance"":""ltm""},{""episode_id"":""3c4386c1-c2c6-4b89-820f-085efbbb4b94"",""provenance"":""ltm""},{""episode_id"":""ef27b25f-b672-4196-9193-4dc687dbd36b"",""provenance"":""ltm""},{""episode_id"":""3681387f-66db-44e2-b8cc-dec3029d648e"",""provenance"":""ltm""}]"
147,32,19,0,37,5,"[{""episode_id"":""9475373e-a86d-478d-9cb2-3979e3f70cd2"",""provenance"":""stm""},{""episode_id"":""25f4d028-767b-4909-a996-951109ff7855"",""provenance"":""stm""},{""episode_id"":""361d5d03-9ade-456d-81b0-0fc5ffa89d48"",""provenance"":""stm""},{""episode_id"":""8110435e-aa8f-4b6f-822a-983d54a9d50f"",""provenance"":""stm""},{""episode_id"":""a7882ce3-61bf-4c2c-b5a0-e8b46c9ad899"",""provenance"":""stm""},{""episode_id"":""cd88c861-2506-40b8-9171-75634aaec722"",""provenance"":""stm""},{""episode_id"":""3681387f-66db-44e2-b8cc-dec3029d648e"",""provenance"":""stm""},{""episode_id"":""1d084051-3163-4156-a4a9-da839fd639da"",""provenance"":""stm""},{""episode_id"":""1f877424-2615-461d-b608-9954018b9105"",""provenance"":""stm""},{""episode_id"":""38648f01-a2fa-4448-8058-6c2d9833fd4d"",""provenance"":""stm""},{""episode_id"":""81f521ed-fbdf-4b08-ac1f-568b63d9a547"",""provenance"":""stm""},{""episode_id"":""86c4b60e-b525-4089-98ee-9e045d77d805"",""provenance"":""stm""},{""episode_id"":""8afe65a8-2bff-4f17-af23-85c807a7ad9d"",""provenance"":""stm""},{""episode_id"":""c706f66b-108c-450d-93ac-a1cc6dedca0f"",""provenance"":""stm""},{""episode_id"":""da8fb148-f8f9-4223-ba3f-26c6ce30dc0c"",""provenance"":""stm""},{""episode_id"":""efa30fb9-5267-4970-b16d-7fc40b1ca487"",""provenance"":""ltm""},{""episode_id"":""18e97ac6-613e-4edf-814a-0cc689c7b805"",""provenance"":""stm""},{""episode_id"":""72bc8697-9933-4e81-bb39-a9808290ae9b"",""provenance"":""stm""},{""episode_id"":""94fce027-d293-4c63-a5f7-7c0cbb784f7b"",""provenance"":""stm""},{""episode_id"":""99b1cfd5-5dac-4190-a367-19db09afe67b"",""provenance"":""stm""},{""episode_id"":""b6251ff1-25d4-44ee-9495-599f1af13d7f"",""provenance"":""stm""},{""episode_id"":""cc92ad84-e762-4fb8-8aab-f9c353120246"",""provenance"":""stm""},{""episode_id"":""e1b018cb-72c1-4763-a79a-f650bb9dd371"",""provenance"":""stm""},{""episode_id"":""f60af4d8-de22-4d30-9a25-ef9dce89971d"",""provenance"":""stm""},{""episode_id"":""a9bb2c9e-48b4-4d3d-828d-7720cc91736c"",""provenance"":""ltm""},{""episode_id"":""b686f2f6-7c52-469c-85fb-1c9891c888ff"",""provenance"":""stm""},{""episode_id"":""3832d72b-cf6b-4220-a9cd-94a4a0b3a1b3"",""provenance"":""stm""},{""episode_id"":""58eb5d03-af83-42fe-9424-e28f888aef6d"",""provenance"":""stm""},{""episode_id"":""6841c779-ee17-4525-ac8c-088efb4c6490"",""provenance"":""stm""},{""episode_id"":""9b0b7bf0-a454-4364-965d-48688e19faea"",""provenance"":""stm""},{""episode_id"":""c1a353d7-3410-423f-a5b6-e8ae74d88982"",""provenance"":""stm""},{""episode_id"":""c26945e7-b4b0-486d-9c66-3ea49dc7e3c2"",""provenance"":""stm""},{""episode_id"":""e09859a9-a1f9-4a70-ae40-b417898134eb"",""provenance"":""stm""},{""episode_id"":""47a820b2-eeb4-4a8a-8dfc-b5f66ccab71f"",""provenance"":""stm""},{""episode_id"":""dba57d9b-fb4f-44ee-bf89-c4854c631812"",""provenance"":""ltm""},{""episode_id"":""3c4386c1-c2c6-4b89-820f-085efbbb4b94"",""provenance"":""ltm""},{""episode_id"":""ef27b25f-b672-4196-9193-4dc687dbd36b"",""provenance"":""ltm""}]"
148,55,19,0,58,3,"[{""episode_id"":""1d084051-3163-4156-a4a9-da839fd639da"",""provenance"":""stm""},{""episode_id"":""1f877424-2615-461d-b608-9954018b9105"",""provenance"":""stm""},{""episode_id"":""38648f01-a2fa-4448-8058-6c2d9833fd4d"",""provenance"":""stm""},{""episode_id"":""81f521ed-fbdf-4b08-ac1f-568b63d9a547"",""provenance"":""stm""},{""episode_id"":""86c4b60e-b525-4089-98ee-9e045d77d805"",""provenance"":""stm""},{""episode_id"":""8afe65a8-2bff-4f17-af23-85c807a7ad9d"",""provenance"":""stm""},{""episode_id"":""c706f66b-108c-450d-93ac-a1cc6dedca0f"",""provenance"":""stm""},{""episode_id"":""da8fb148-f8f9-4223-ba3f-26c6ce30dc0c"",""provenance"":""stm""},{""episode_id"":""18e97ac6-613e-4edf-814a-0cc689c7b805"",""provenance"":""stm""},{""episode_id"":""72bc8697-9933-4e81-bb39-a9808290ae9b"",""provenance"":""stm""},{""episode_id"":""94fce027-d293-4c63-a5f7-7c0cbb784f7b"",""provenance"":""stm""},{""episode_id"":""99b1cfd5-5dac-4190-a367-19db09afe67b"",""provenance"":""stm""},{""episode_id"":""b6251ff1-25d4-44ee-9495-599f1af13d7f"",""provenance"":""stm""},{""episode_id"":""cc92ad84-e762-4fb8-8aab-f9c353120246"",""provenance"":""stm""},{""episode_id"":""e1b018cb-72c1-4763-a79a-f650bb9dd371"",""provenance"":""stm""},{""episode_id"":""f60af4d8-de22-4d30-9a25-ef9dce89971d"",""provenance"":""stm""},{""episode_id"":""9475373e-a86d-478d-9cb2-3979e3f70cd2"",""provenance"":""stm""},{""episode_id"":""25f4d028-767b-4909-a996-951109ff7855"",""provenance"":""stm""},{""episode_id"":""361d5d03-9ade-456d-81b0-0fc5ffa89d48"",""provenance"":""stm""},{""episode_id"":""8110435e-aa8f-4b6f-822a-983d54a9d50f"",""provenance"":""stm""},{""episode_id"":""a7882ce3-61bf-4c2c-b5a0-e8b46c9ad899"",""provenance"":""stm""},{""episode_id"":""3681387f-66db-44e2-b8cc-dec3029d648e"",""provenance"":""stm""},{""episode_id"":""cd88c861-2506-40b8-9171-75634aaec722"",""provenance"":""stm""},{""episode_id"":""0debc7e8-5ed2-4125-b716-64b3a4f39967"",""provenance"":""stm""},{""episode_id"":""1ac0d7d0-10c2-4768-b9b6-a6f2237cdce2"",""provenance"":""stm""},{""episode_id"":""27027481-502c-4e4c-a177-ce660051f67e"",""provenance"":""stm""},{""episode_id"":""58af2ad5-097f-4571-ba1a-8d7b8e79ca31"",""provenance"":""stm""},{""episode_id"":""61d8102d-8db5-4fe6-b3ef-17a3f1baa7e1"",""provenance"":""stm""},{""episode_id"":""906ba882-a75b-4b06-b7e5-43e922996436"",""provenance"":""stm""},{""episode_id"":""a9bb2c9e-48b4-4d3d-828d-7720cc91736c"",""provenance"":""stm""},{""episode_id"":""efa30fb9-5267-4970-b16d-7fc40b1ca487"",""provenance"":""ltm""},{""episode_id"":""36c73944-279a-4a62-8d0a-10835ec8e2e1"",""provenance"":""stm""},{""episode_id"":""40964617-6fc9-41ae-9c48-107db425ad06"",""provenance"":""stm""},{""episode_id"":""64d7fae9-2134-48f0-b73c-c5fac7c2ce7c"",""provenance"":""stm""},{""episode_id"":""8208dc7c-177c-4098-b7ff-a6739ee7bbee"",""provenance"":""stm""},{""episode_id"":""876d6520-8eac-4489-9076-c38604526380"",""provenance"":""stm""},{""episode_id"":""9a16f5c3-5d73-4688-ab6c-77f63571be01"",""provenance"":""stm""},{""episode_id"":""a786e395-1e6e-4338-bb1f-8bbbe25167da"",""provenance"":""stm""},{""episode_id"":""ef27b25f-b672-4196-9193-4dc687dbd36b"",""provenance"":""stm""},{""episode_id"":""3832d72b-cf6b-4220-a9cd-94a4a0b3a1b3"",""provenance"":""stm""},{""episode_id"":""58eb5d03-af83-42fe-9424-e28f888aef6d"",""provenance"":""stm""},{""episode_id"":""6841c779-ee17-4525-ac8c-088efb4c6490"",""provenance"":""stm""},{""episode_id"":""9b0b7bf0-a454-4364-965d-48688e19faea"",""provenance"":""stm""},{""episode_id"":""c1a353d7-3410-423f-a5b6-e8ae74d88982"",""provenance"":""stm""},{""episode_id"":""c26945e7-b4b0-486d-9c66-3ea49dc7e3c2"",""provenance"":""stm""},{""episode_id"":""e09859a9-a1f9-4a70-ae40-b417898134eb"",""provenance"":""stm""},{""episode_id"":""47a820b2-eeb4-4a8a-8dfc-b5f66ccab71f"",""provenance"":""stm""},{""episode_id"":""b686f2f6-7c52-469c-85fb-1c9891c888ff"",""provenance"":""stm""},{""episode_id"":""4fb07384-4b5d-4438-93e0-055e99efb900"",""provenance"":""stm""},{""episode_id"":""5a5f5b21-adf4-44b8-826f-c63c19e38e34"",""provenance"":""stm""},{""episode_id"":""63b0f26c-ddac-40e9-bee6-6517ca864f23"",""provenance"":""stm""},{""episode_id"":""682b264f-3c7f-424b-93f8-5b60d8359ecd"",""provenance"":""stm""},{""episode_id"":""b6de1ffc-37fe-4edd-b614-200a1911c778"",""provenance"":""stm""},{""episode_id"":""c85695ff-9ba6-47f4-820e-a0bffb299ffe"",""provenance"":""stm""},{""episode_id"":""d2e22f98-6839-440b-9905-ba7e3c2cfe8c"",""provenance"":""stm""},{""episode_id"":""daaf3791-1a9e-4413-8222-309dd9e26e43"",""provenance"":""stm""},{""episode_id"":""dba57d9b-fb4f-44ee-bf89-c4854c631812"",""provenance"":""ltm""},{""episode_id"":""3c4386c1-c2c6-4b89-820f-085efbbb4b94"",""provenance"":""ltm""}]"
149,56,19,0,59,3,"[{""episode_id"":""2ff479fb-dd9f-4c79-82f4-9cd7019bd800"",""provenance"":""stm""},{""episode_id"":""300c6207-208a-48f7-a43a-0b3c055e15c9"",""provenance"":""stm""},{""episode_id"":""6dfca794-82da-4db6-96d1-507ac2e91d37"",""provenance"":""stm""},{""episode_id"":""6f20b7e3-94dc-4983-827e-d8d549f645f9"",""provenance"":""stm""},{""episode_id"":""87c694e5-e7ed-494b-9bf8-97f7acea523d"",""provenance"":""stm""},{""episode_id"":""9332e339-1d5d-496c-b128-6011bc520c24"",""provenance"":""stm""},{""episode_id"":""cb0f3244-9037-41de-b2ff-8a03e32d14d4"",""provenance"":""stm""},{""episode_id"":""efa30fb9-5267-4970-b16d-7fc40b1ca487"",""provenance"":""stm""},{""episode_id"":""1d084051-3163-4156-a4a9-da839fd639da"",""provenance"":""stm""},{""episode_id"":""1f877424-2615-461d-b608-9954018b9105"",""provenance"":""stm""},{""episode_id"":""38648f01-a2fa-4448-8058-6c2d9833fd4d"",""provenance"":""stm""},{""episode_id"":""81f521ed-fbdf-4b08-ac1f-568b63d9a547"",""provenance"":""stm""},{""episode_id"":""86c4b60e-b525-4089-98ee-9e045d77d805"",""provenance"":""stm""},{""episode_id"":""8afe65a8-2bff-4f17-af23-85c807a7ad9d"",""provenance"":""stm""},{""episode_id"":""c706f66b-108c-450d-93ac-a1cc6dedca0f"",""provenance"":""stm""},{""episode_id"":""da8fb148-f8f9-4223-ba3f-26c6ce30dc0c"",""provenance"":""stm""},{""episode_id"":""3832d72b-cf6b-4220-a9cd-94a4a0b3a1b3"",""provenance"":""stm""},{""episode_id"":""58eb5d03-af83-42fe-9424-e28f888aef6d"",""provenance"":""stm""},{""episode_id"":""6841c779-ee17-4525-ac8c-088efb4c6490"",""provenance"":""stm""},{""episode_id"":""9b0b7bf0-a454-4364-965d-48688e19faea"",""provenance"":""stm""},{""episode_id"":""c1a353d7-3410-423f-a5b6-e8ae74d88982"",""provenance"":""stm""},{""episode_id"":""c26945e7-b4b0-486d-9c66-3ea49dc7e3c2"",""provenance"":""stm""},{""episode_id"":""e09859a9-a1f9-4a70-ae40-b417898134eb"",""provenance"":""stm""},{""episode_id"":""47a820b2-eeb4-4a8a-8dfc-b5f66ccab71f"",""provenance"":""stm""},{""episode_id"":""b686f2f6-7c52-469c-85fb-1c9891c888ff"",""provenance"":""stm""},{""episode_id"":""4fb07384-4b5d-4438-93e0-055e99efb900"",""provenance"":""stm""},{""episode_id"":""5a5f5b21-adf4-44b8-826f-c63c19e38e34"",""provenance"":""stm""},{""episode_id"":""63b0f26c-ddac-40e9-bee6-6517ca864f23"",""provenance"":""stm""},{""episode_id"":""682b264f-3c7f-424b-93f8-5b60d8359ecd"",""provenance"":""stm""},{""episode_id"":""b6de1ffc-37fe-4edd-b614-200a1911c778"",""provenance"":""stm""},{""episode_id"":""c85695ff-9ba6-47f4-820e-a0bffb299ffe"",""provenance"":""stm""},{""episode_id"":""d2e22f98-6839-440b-9905-ba7e3c2cfe8c"",""provenance"":""stm""},{""episode_id"":""daaf3791-1a9e-4413-8222-309dd9e26e43"",""provenance"":""stm""},{""episode_id"":""0debc7e8-5ed2-4125-b716-64b3a4f39967"",""provenance"":""stm""},{""episode_id"":""1ac0d7d0-10c2-4768-b9b6-a6f2237cdce2"",""provenance"":""stm""},{""episode_id"":""27027481-502c-4e4c-a177-ce660051f67e"",""provenance"":""stm""},{""episode_id"":""58af2ad5-097f-4571-ba1a-8d7b8e79ca31"",""provenance"":""stm""},{""episode_id"":""61d8102d-8db5-4fe6-b3ef-17a3f1baa7e1"",""provenance"":""stm""},{""episode_id"":""906ba882-a75b-4b06-b7e5-43e922996436"",""provenance"":""stm""},{""episode_id"":""a9bb2c9e-48b4-4d3d-828d-7720cc91736c"",""provenance"":""stm""},{""episode_id"":""18e97ac6-613e-4edf-814a-0cc689c7b805"",""provenance"":""stm""},{""episode_id"":""72bc8697-9933-4e81-bb39-a9808290ae9b"",""provenance"":""stm""},{""episode_id"":""94fce027-d293-4c63-a5f7-7c0cbb784f7b"",""provenance"":""stm""},{""episode_id"":""99b1cfd5-5dac-4190-a367-19db09afe67b"",""provenance"":""stm""},{""episode_id"":""b6251ff1-25d4-44ee-9495-599f1af13d7f"",""provenance"":""stm""},{""episode_id"":""cc92ad84-e762-4fb8-8aab-f9c353120246"",""provenance"":""stm""},{""episode_id"":""e1b018cb-72c1-4763-a79a-f650bb9dd371"",""provenance"":""stm""},{""episode_id"":""f60af4d8-de22-4d30-9a25-ef9dce89971d"",""provenance"":""stm""},{""episode_id"":""36c73944-279a-4a62-8d0a-10835ec8e2e1"",""provenance"":""stm""},{""episode_id"":""40964617-6fc9-41ae-9c48-107db425ad06"",""provenance"":""stm""},{""episode_id"":""64d7fae9-2134-48f0-b73c-c5fac7c2ce7c"",""provenance"":""stm""},{""episode_id"":""8208dc7c-177c-4098-b7ff-a6739ee7bbee"",""provenance"":""stm""},{""episode_id"":""876d6520-8eac-4489-9076-c38604526380"",""provenance"":""stm""},{""episode_id"":""9a16f5c3-5d73-4688-ab6c-77f63571be01"",""provenance"":""stm""},{""episode_id"":""a786e395-1e6e-4338-bb1f-8bbbe25167da"",""provenance"":""stm""},{""episode_id"":""ef27b25f-b672-4196-9193-4dc687dbd36b"",""provenance"":""stm""},{""episode_id"":""3c4386c1-c2c6-4b89-820f-085efbbb4b94"",""provenance"":""ltm""},{""episode_id"":""dba57d9b-fb4f-44ee-bf89-c4854c631812"",""provenance"":""ltm""},{""episode_id"":""3681387f-66db-44e2-b8cc-dec3029d648e"",""provenance"":""ltm""}]"
150,41,19,0,46,5,"[{""episode_id"":""47a820b2-eeb4-4a8a-8dfc-b5f66ccab71f"",""provenance"":""stm""},{""episode_id"":""3832d72b-cf6b-4220-a9cd-94a4a0b3a1b3"",""provenance"":""stm""},{""episode_id"":""58eb5d03-af83-42fe-9424-e28f888aef6d"",""provenance"":""stm""},{""episode_id"":""6841c779-ee17-4525-ac8c-088efb4c6490"",""provenance"":""stm""},{""episode_id"":""9b0b7bf0-a454-4364-965d-48688e19faea"",""provenance"":""stm""},{""episode_id"":""c1a353d7-3410-423f-a5b6-e8ae74d88982"",""provenance"":""stm""},{""episode_id"":""c26945e7-b4b0-486d-9c66-3ea49dc7e3c2"",""provenance"":""stm""},{""episode_id"":""e09859a9-a1f9-4a70-ae40-b417898134eb"",""provenance"":""stm""},{""episode_id"":""2ff479fb-dd9f-4c79-82f4-9cd7019bd800"",""provenance"":""stm""},{""episode_id"":""300c6207-208a-48f7-a43a-0b3c055e15c9"",""provenance"":""stm""},{""episode_id"":""6dfca794-82da-4db6-96d1-507ac2e91d37"",""provenance"":""stm""},{""episode_id"":""6f20b7e3-94dc-4983-827e-d8d549f645f9"",""provenance"":""stm""},{""episode_id"":""87c694e5-e7ed-494b-9bf8-97f7acea523d"",""provenance"":""stm""},{""episode_id"":""9332e339-1d5d-496c-b128-6011bc520c24"",""provenance"":""stm""},{""episode_id"":""cb0f3244-9037-41de-b2ff-8a03e32d14d4"",""provenance"":""stm""},{""episode_id"":""efa30fb9-5267-4970-b16d-7fc40b1ca487"",""provenance"":""stm""},{""episode_id"":""72bc8697-9933-4e81-bb39-a9808290ae9b"",""provenance"":""ltm""},{""episode_id"":""0debc7e8-5ed2-4125-b716-64b3a4f39967"",""provenance"":""stm""},{""episode_id"":""1ac0d7d0-10c2-4768-b9b6-a6f2237cdce2"",""provenance"":""stm""},{""episode_id"":""27027481-502c-4e4c-a177-ce660051f67e"",""provenance"":""stm""},{""episode_id"":""58af2ad5-097f-4571-ba1a-8d7b8e79ca31"",""provenance"":""stm""},{""episode_id"":""61d8102d-8db5-4fe6-b3ef-17a3f1baa7e1"",""provenance"":""stm""},{""episode_id"":""906ba882-a75b-4b06-b7e5-43e922996436"",""provenance"":""stm""},{""episode_id"":""a9bb2c9e-48b4-4d3d-828d-7720cc91736c"",""provenance"":""stm""},{""episode_id"":""1d084051-3163-4156-a4a9-da839fd639da"",""provenance"":""stm""},{""episode_id"":""1f877424-2615-461d-b608-9954018b9105"",""provenance"":""stm""},{""episode_id"":""38648f01-a2fa-4448-8058-6c2d9833fd4d"",""provenance"":""stm""},{""episode_id"":""81f521ed-fbdf-4b08-ac1f-568b63d9a547"",""provenance"":""stm""},{""episode_id"":""86c4b60e-b525-4089-98ee-9e045d77d805"",""provenance"":""stm""},{""episode_id"":""8afe65a8-2bff-4f17-af23-85c807a7ad9d"",""provenance"":""stm""},{""episode_id"":""a92d5c89-98c1-4a3b-98fc-8e95f5a7dfd2"",""provenance"":""stm""},{""episode_id"":""c706f66b-108c-450d-93ac-a1cc6dedca0f"",""provenance"":""stm""},{""episode_id"":""da8fb148-f8f9-4223-ba3f-26c6ce30dc0c"",""provenance"":""stm""},{""episode_id"":""b686f2f6-7c52-469c-85fb-1c9891c888ff"",""provenance"":""stm""},{""episode_id"":""4fb07384-4b5d-4438-93e0-055e99efb900"",""provenance"":""stm""},{""episode_id"":""5a5f5b21-adf4-44b8-826f-c63c19e38e34"",""provenance"":""stm""},{""episode_id"":""63b0f26c-ddac-40e9-bee6-6517ca864f23"",""provenance"":""stm""},{""episode_id"":""682b264f-3c7f-424b-93f8-5b60d8359ecd"",""provenance"":""stm""},{""episode_id"":""b6de1ffc-37fe-4edd-b614-200a1911c778"",""provenance"":""stm""},{""episode_id"":""c85695ff-9ba6-47f4-820e-a0bffb299ffe"",""provenance"":""stm""},{""episode_id"":""d2e22f98-6839-440b-9905-ba7e3c2cfe8c"",""provenance"":""stm""},{""episode_id"":""daaf3791-1a9e-4413-8222-309dd9e26e43"",""provenance"":""stm""},{""episode_id"":""dba57d9b-fb4f-44ee-bf89-c4854c631812"",""provenance"":""ltm""},{""episode_id"":""ef27b25f-b672-4196-9193-4dc687dbd36b"",""provenance"":""ltm""},{""episode_id"":""3c4386c1-c2c6-4b89-820f-085efbbb4b94"",""provenance"":""ltm""},{""episode_id"":""3681387f-66db-44e2-b8cc-dec3029d648e"",""provenance"":""ltm""}]"
151,58,19,0,62,4,"[{""episode_id"":""36c73944-279a-4a62-8d0a-10835ec8e2e1"",""provenance"":""stm""},{""episode_id"":""40964617-6fc9-41ae-9c48-107db425ad06"",""provenance"":""stm""},{""episode_id"":""64d7fae9-2134-48f0-b73c-c5fac7c2ce7c"",""provenance"":""stm""},{""episode_id"":""8208dc7c-177c-4098-b7ff-a6739ee7bbee"",""provenance"":""stm""},{""episode_id"":""876d6520-8eac-4489-9076-c38604526380"",""provenance"":""stm""},{""episode_id"":""9a16f5c3-5d73-4688-ab6c-77f63571be01"",""provenance"":""stm""},{""episode_id"":""a786e395-1e6e-4338-bb1f-8bbbe25167da"",""provenance"":""stm""},{""episode_id"":""ef27b25f-b672-4196-9193-4dc687dbd36b"",""provenance"":""stm""},{""episode_id"":""1d084051-3163-4156-a4a9-da839fd639da"",""provenance"":""stm""},{""episode_id"":""1f877424-2615-461d-b608-9954018b9105"",""provenance"":""stm""},{""episode_id"":""38648f01-a2fa-4448-8058-6c2d9833fd4d"",""provenance"":""stm""},{""episode_id"":""81f521ed-fbdf-4b08-ac1f-568b63d9a547"",""provenance"":""stm""},{""episode_id"":""86c4b60e-b525-4089-98ee-9e045d77d805"",""provenance"":""stm""},{""episode_id"":""8afe65a8-2bff-4f17-af23-85c807a7ad9d"",""provenance"":""stm""},{""episode_id"":""a92d5c89-98c1-4a3b-98fc-8e95f5a7dfd2"",""provenance"":""stm""},{""episode_id"":""c706f66b-108c-450d-93ac-a1cc6dedca0f"",""provenance"":""stm""},{""episode_id"":""da8fb148-f8f9-4223-ba3f-26c6ce30dc0c"",""provenance"":""stm""},{""episode_id"":""b686f2f6-7c52-469c-85fb-1c9891c888ff"",""provenance"":""stm""},{""episode_id"":""efa30fb9-5267-4970-b16d-7fc40b1ca487"",""provenance"":""ltm""},{""episode_id"":""0154a54e-d1f0-4d9a-9418-4baffc396204"",""provenance"":""stm""},{""episode_id"":""0c97e95c-5616-4c67-a3bd-399eba330b80"",""provenance"":""stm""},{""episode_id"":""298ef311-ba49-4a2d-bade-afa8afabce89"",""provenance"":""stm""},{""episode_id"":""34432c50-68cc-414b-99a0-276ad2c65e56"",""provenance"":""stm""},{""episode_id"":""aa5e3739-499b-46a9-9313-a9fb000f12a6"",""provenance"":""stm""},{""episode_id"":""ac37a538-4d7d-47c5-a7f2-4b09b2736183"",""provenance"":""stm""},{""episode_id"":""bcdce8a0-f6e1-41bc-bf9f-5de570b066a7"",""provenance"":""stm""},{""episode_id"":""e964df06-0f65-4317-8001-1fa1e0c9b288"",""provenance"":""stm""},{""episode_id"":""f0a74561-32d0-43ed-9ce0-6e173b948c68"",""provenance"":""stm""},{""episode_id"":""18e97ac6-613e-4edf-814a-0cc689c7b805"",""provenance"":""stm""},{""episode_id"":""72bc8697-9933-4e81-bb39-a9808290ae9b"",""provenance"":""stm""},{""episode_id"":""94fce027-d293-4c63-a5f7-7c0cbb784f7b"",""provenance"":""stm""},{""episode_id"":""99b1cfd5-5dac-4190-a367-19db09afe67b"",""provenance"":""stm""},{""episode_id"":""b6251ff1-25d4-44ee-9495-599f1af13d7f"",""provenance"":""stm""},{""episode_id"":""cc92ad84-e762-4fb8-8aab-f9c353120246"",""provenance"":""stm""},{""episode_id"":""e1b018cb-72c1-4763-a79a-f650bb9dd371"",""provenance"":""stm""},{""episode_id"":""f60af4d8-de22-4d30-9a25-ef9dce89971d"",""provenance"":""stm""},{""episode_id"":""0debc7e8-5ed2-4125-b716-64b3a4f39967"",""provenance"":""stm""},{""episode_id"":""1ac0d7d0-10c2-4768-b9b6-a6f2237cdce2"",""provenance"":""stm""},{""episode_id"":""27027481-502c-4e4c-a177-ce660051f67e"",""provenance"":""stm""},{""episode_id"":""58af2ad5-097f-4571-ba1a-8d7b8e79ca31"",""provenance"":""stm""},{""episode_id"":""61d8102d-8db5-4fe6-b3ef-17a3f1baa7e1"",""provenance"":""stm""},{""episode_id"":""906ba882-a75b-4b06-b7e5-43e922996436"",""provenance"":""stm""},{""episode_id"":""a9bb2c9e-48b4-4d3d-828d-7720cc91736c"",""provenance"":""stm""},{""episode_id"":""4fb07384-4b5d-4438-93e0-055e99efb900"",""provenance"":""stm""},{""episode_id"":""5a5f5b21-adf4-44b8-826f-c63c19e38e34"",""provenance"":""stm""},{""episode_id"":""63b0f26c-ddac-40e9-bee6-6517ca864f23"",""provenance"":""stm""},{""episode_id"":""682b264f-3c7f-424b-93f8-5b60d8359ecd"",""provenance"":""stm""},{""episode_id"":""b6de1ffc-37fe-4edd-b614-200a1911c778"",""provenance"":""stm""},{""episode_id"":""c85695ff-9ba6-47f4-820e-a0bffb299ffe"",""provenance"":""stm""},{""episode_id"":""d2e22f98-6839-440b-9905-ba7e3c2cfe8c"",""provenance"":""stm""},{""episode_id"":""daaf3791-1a9e-4413-8222-309dd9e26e43"",""provenance"":""stm""},{""episode_id"":""3832d72b-cf6b-4220-a9cd-94a4a0b3a1b3"",""provenance"":""stm""},{""episode_id"":""58eb5d03-af83-42fe-9424-e28f888aef6d"",""provenance"":""stm""},{""episode_id"":""6841c779-ee17-4525-ac8c-088efb4c6490"",""provenance"":""stm""},{""episode_id"":""9b0b7bf0-a454-4364-965d-48688e19faea"",""provenance"":""stm""},{""episode_id"":""c1a353d7-3410-423f-a5b6-e8ae74d88982"",""provenance"":""stm""},{""episode_id"":""c26945e7-b4b0-486d-9c66-3ea49dc7e3c2"",""provenance"":""stm""},{""episode_id"":""e09859a9-a1f9-4a70-ae40-b417898134eb"",""provenance"":""stm""},{""episode_id"":""47a820b2-eeb4-4a8a-8dfc-b5f66ccab71f"",""provenance"":""stm""},{""episode_id"":""dba57d9b-fb4f-44ee-bf89-c4854c631812"",""provenance"":""ltm""},{""episode_id"":""3c4386c1-c2c6-4b89-820f-085efbbb4b94"",""provenance"":""ltm""},{""episode_id"":""3681387f-66db-44e2-b8cc-dec3029d648e"",""provenance"":""ltm""}]"
152,65,19,0,68,3,"[{""episode_id"":""18e97ac6-613e-4edf-814a-0cc689c7b805"",""provenance"":""stm""},{""episode_id"":""72bc8697-9933-4e81-bb39-a9808290ae9b"",""provenance"":""stm""},{""episode_id"":""94fce027-d293-4c63-a5f7-7c0cbb784f7b"",""provenance"":""stm""},{""episode_id"":""99b1cfd5-5dac-4190-a367-19db09afe67b"",""provenance"":""stm""},{""episode_id"":""b6251ff1-25d4-44ee-9495-599f1af13d7f"",""provenance"":""stm""},{""episode_id"":""cc92ad84-e762-4fb8-8aab-f9c353120246"",""provenance"":""stm""},{""episode_id"":""e1b018cb-72c1-4763-a79a-f650bb9dd371"",""provenance"":""stm""},{""episode_id"":""f60af4d8-de22-4d30-9a25-ef9dce89971d"",""provenance"":""stm""},{""episode_id"":""1d084051-3163-4156-a4a9-da839fd639da"",""provenance"":""stm""},{""episode_id"":""1f877424-2615-461d-b608-9954018b9105"",""provenance"":""stm""},{""episode_id"":""38648f01-a2fa-4448-8058-6c2d9833fd4d"",""provenance"":""stm""},{""episode_id"":""81f521ed-fbdf-4b08-ac1f-568b63d9a547"",""provenance"":""stm""},{""episode_id"":""86c4b60e-b525-4089-98ee-9e045d77d805"",""provenance"":""stm""},{""episode_id"":""8afe65a8-2bff-4f17-af23-85c807a7ad9d"",""provenance"":""stm""},{""episode_id"":""a92d5c89-98c1-4a3b-98fc-8e95f5a7dfd2"",""provenance"":""stm""},{""episode_id"":""c706f66b-108c-450d-93ac-a1cc6dedca0f"",""provenance"":""stm""},{""episode_id"":""da8fb148-f8f9-4223-ba3f-26c6ce30dc0c"",""provenance"":""stm""},{""episode_id"":""4fb07384-4b5d-4438-93e0-055e99efb900"",""provenance"":""stm""},{""episode_id"":""5a5f5b21-adf4-44b8-826f-c63c19e38e34"",""provenance"":""stm""},{""episode_id"":""63b0f26c-ddac-40e9-bee6-6517ca864f23"",""provenance"":""stm""},{""episode_id"":""682b264f-3c7f-424b-93f8-5b60d8359ecd"",""provenance"":""stm""},{""episode_id"":""b6de1ffc-37fe-4edd-b614-200a1911c778"",""provenance"":""stm""},{""episode_id"":""c85695ff-9ba6-47f4-820e-a0bffb299ffe"",""provenance"":""stm""},{""episode_id"":""d2e22f98-6839-440b-9905-ba7e3c2cfe8c"",""provenance"":""stm""},{""episode_id"":""daaf3791-1a9e-4413-8222-309dd9e26e43"",""provenance"":""stm""},{""episode_id"":""0debc7e8-5ed2-4125-b716-64b3a4f39967"",""provenance"":""stm""},{""episode_id"":""1ac0d7d0-10c2-4768-b9b6-a6f2237cdce2"",""provenance"":""stm""},{""episode_id"":""27027481-502c-4e4c-a177-ce660051f67e"",""provenance"":""stm""},{""episode_id"":""58af2ad5-097f-4571-ba1a-8d7b8e79ca31"",""provenance"":""stm""},{""episode_id"":""61d8102d-8db5-4fe6-b3ef-17a3f1baa7e1"",""provenance"":""stm""},{""episode_id"":""906ba882-a75b-4b06-b7e5-43e922996436"",""provenance"":""stm""},{""episode_id"":""a9bb2c9e-48b4-4d3d-828d-7720cc91736c"",""provenance"":""stm""},{""episode_id"":""2ff479fb-dd9f-4c79-82f4-9cd7019bd800"",""provenance"":""stm""},{""episode_id"":""300c6207-208a-48f7-a43a-0b3c055e15c9"",""provenance"":""stm""},{""episode_id"":""6dfca794-82da-4db6-96d1-507ac2e91d37"",""provenance"":""stm""},{""episode_id"":""6f20b7e3-94dc-4983-827e-d8d549f645f9"",""provenance"":""stm""},{""episode_id"":""87c694e5-e7ed-494b-9bf8-97f7acea523d"",""provenance"":""stm""},{""episode_id"":""8dda3e94-77d2-41c2-a897-30059c130989"",""provenance"":""stm""},{""episode_id"":""9332e339-1d5d-496c-b128-6011bc520c24"",""provenance"":""stm""},{""episode_id"":""cb0f3244-9037-41de-b2ff-8a03e32d14d4"",""provenance"":""stm""},{""episode_id"":""efa30fb9-5267-4970-b16d-7fc40b1ca487"",""provenance"":""stm""},{""episode_id"":""36c73944-279a-4a62-8d0a-10835ec8e2e1"",""provenance"":""stm""},{""episode_id"":""40964617-6fc9-41ae-9c48-107db425ad06"",""provenance"":""stm""},{""episode_id"":""64d7fae9-2134-48f0-b73c-c5fac7c2ce7c"",""provenance"":""stm""},{""episode_id"":""8208dc7c-177c-4098-b7ff-a6739ee7bbee"",""provenance"":""stm""},{""episode_id"":""876d6520-8eac-4489-9076-c38604526380"",""provenance"":""stm""},{""episode_id"":""9a16f5c3-5d73-4688-ab6c-77f63571be01"",""provenance"":""stm""},{""episode_id"":""a786e395-1e6e-4338-bb1f-8bbbe25167da"",""provenance"":""stm""},{""episode_id"":""ef27b25f-b672-4196-9193-4dc687dbd36b"",""provenance"":""stm""},{""episode_id"":""b686f2f6-7c52-469c-85fb-1c9891c888ff"",""provenance"":""stm""},{""episode_id"":""47a820b2-eeb4-4a8a-8dfc-b5f66ccab71f"",""provenance"":""stm""},{""episode_id"":""9475373e-a86d-478d-9cb2-3979e3f70cd2"",""provenance"":""stm""},{""episode_id"":""3832d72b-cf6b-4220-a9cd-94a4a0b3a1b3"",""provenance"":""stm""},{""episode_id"":""557c9883-50e2-4e00-91ec-d965616ffbaa"",""provenance"":""stm""},{""episode_id"":""58eb5d03-af83-42fe-9424-e28f888aef6d"",""provenance"":""stm""},{""episode_id"":""6841c779-ee17-4525-ac8c-088efb4c6490"",""provenance"":""stm""},{""episode_id"":""9b0b7bf0-a454-4364-965d-48688e19faea"",""provenance"":""stm""},{""episode_id"":""c1a353d7-3410-423f-a5b6-e8ae74d88982"",""provenance"":""stm""},{""episode_id"":""c26945e7-b4b0-486d-9c66-3ea49dc7e3c2"",""provenance"":""stm""},{""episode_id"":""e09859a9-a1f9-4a70-ae40-b417898134eb"",""provenance"":""stm""},{""episode_id"":""17df5278-ac3e-4ca0-bd23-87bd6ad6747a"",""provenance"":""stm""},{""episode_id"":""25f4d028-767b-4909-a996-951109ff7855"",""provenance"":""stm""},{""episode_id"":""361d5d03-9ade-456d-81b0-0fc5ffa89d48"",""provenance"":""stm""},{""episode_id"":""8110435e-aa8f-4b6f-822a-983d54a9d50f"",""provenance"":""stm""},{""episode_id"":""a7882ce3-61bf-4c2c-b5a0-e8b46c9ad899"",""provenance"":""stm""},{""episode_id"":""3c4386c1-c2c6-4b89-820f-085efbbb4b94"",""provenance"":""ltm""},{""episode_id"":""dba57d9b-fb4f-44ee-bf89-c4854c631812"",""provenance"":""ltm""},{""episode_id"":""3681387f-66db-44e2-b8cc-dec3029d648e"",""provenance"":""ltm""}]"
153,18,19,0,25,7,"[{""episode_id"":""4fb07384-4b5d-4438-93e0-055e99efb900"",""provenance"":""stm""},{""episode_id"":""5a5f5b21-adf4-44b8-826f-c63c19e38e34"",""provenance"":""stm""},{""episode_id"":""63b0f26c-ddac-40e9-bee6-6517ca864f23"",""provenance"":""stm""},{""episode_id"":""682b264f-3c7f-424b-93f8-5b60d8359ecd"",""provenance"":""stm""},{""episode_id"":""b6de1ffc-37fe-4edd-b614-200a1911c778"",""provenance"":""stm""},{""episode_id"":""c85695ff-9ba6-47f4-820e-a0bffb299ffe"",""provenance"":""stm""},{""episode_id"":""d2e22f98-6839-440b-9905-ba7e3c2cfe8c"",""provenance"":""stm""},{""episode_id"":""daaf3791-1a9e-4413-8222-309dd9e26e43"",""provenance"":""stm""},{""episode_id"":""1d084051-3163-4156-a4a9-da839fd639da"",""provenance"":""stm""},{""episode_id"":""1f877424-2615-461d-b608-9954018b9105"",""provenance"":""stm""},{""episode_id"":""38648f01-a2fa-4448-8058-6c2d9833fd4d"",""provenance"":""stm""},{""episode_id"":""81f521ed-fbdf-4b08-ac1f-568b63d9a547"",""provenance"":""stm""},{""episode_id"":""86c4b60e-b525-4089-98ee-9e045d77d805"",""provenance"":""stm""},{""episode_id"":""8afe65a8-2bff-4f17-af23-85c807a7ad9d"",""provenance"":""stm""},{""episode_id"":""a92d5c89-98c1-4a3b-98fc-8e95f5a7dfd2"",""provenance"":""stm""},{""episode_id"":""c706f66b-108c-450d-93ac-a1cc6dedca0f"",""provenance"":""stm""},{""episode_id"":""da8fb148-f8f9-4223-ba3f-26c6ce30dc0c"",""provenance"":""stm""},{""episode_id"":""b686f2f6-7c52-469c-85fb-1c9891c888ff"",""provenance"":""stm""},{""episode_id"":""efa30fb9-5267-4970-b16d-7fc40b1ca487"",""provenance"":""ltm""},{""episode_id"":""72bc8697-9933-4e81-bb39-a9808290ae9b"",""provenance"":""ltm""},{""episode_id"":""a9bb2c9e-48b4-4d3d-828d-7720cc91736c"",""provenance"":""ltm""},{""episode_id"":""3c4386c1-c2c6-4b89-820f-085efbbb4b94"",""provenance"":""ltm""},{""episode_id"":""dba57d9b-fb4f-44ee-bf89-c4854c631812"",""provenance"":""ltm""},{""episode_id"":""ef27b25f-b672-4196-9193-4dc687dbd36b"",""provenance"":""ltm""},{""episode_id"":""3681387f-66db-44e2-b8cc-dec3029d648e"",""provenance"":""ltm""}]"
154,42,19,0,47,5,"[{""episode_id"":""0debc7e8-5ed2-4125-b716-64b3a4f39967"",""provenance"":""stm""},{""episode_id"":""1ac0d7d0-10c2-4768-b9b6-a6f2237cdce2"",""provenance"":""stm""},{""episode_id"":""27027481-502c-4e4c-a177-ce660051f67e"",""provenance"":""stm""},{""episode_id"":""58af2ad5-097f-4571-ba1a-8d7b8e79ca31"",""provenance"":""stm""},{""episode_id"":""61d8102d-8db5-4fe6-b3ef-17a3f1baa7e1"",""provenance"":""stm""},{""episode_id"":""906ba882-a75b-4b06-b7e5-43e922996436"",""provenance"":""stm""},{""episode_id"":""a9bb2c9e-48b4-4d3d-828d-7720cc91736c"",""provenance"":""stm""},{""episode_id"":""72bc8697-9933-4e81-bb39-a9808290ae9b"",""provenance"":""ltm""},{""episode_id"":""0669c654-0e61-4305-9c11-628f4bb60eb3"",""provenance"":""stm""},{""episode_id"":""413700d8-5c2a-411a-b178-e9feab0472cc"",""provenance"":""stm""},{""episode_id"":""67289dc1-1026-437b-a82e-a5f229e5e061"",""provenance"":""stm""},{""episode_id"":""88ffad9c-4295-4db8-b5dd-6d81a9f5ab51"",""provenance"":""stm""},{""episode_id"":""b125b0e7-1b0c-49ac-89e1-0d800b56863b"",""provenance"":""stm""},{""episode_id"":""b6fa95ef-d7a6-4fb5-ab74-e713d5925479"",""provenance"":""stm""},{""episode_id"":""ea4ebcb4-f0de-4f3b-938d-f867a49d747c"",""provenance"":""stm""},{""episode_id"":""fd45aa2b-376a-4e19-820a-b5d25f8b23ca"",""provenance"":""stm""},{""episode_id"":""2ff479fb-dd9f-4c79-82f4-9cd7019bd800"",""provenance"":""stm""},{""episode_id"":""300c6207-208a-48f7-a43a-0b3c055e15c9"",""provenance"":""stm""},{""episode_id"":""6dfca794-82da-4db6-96d1-507ac2e91d37"",""provenance"":""stm""},{""episode_id"":""6f20b7e3-94dc-4983-827e-d8d549f645f9"",""provenance"":""stm""},{""episode_id"":""87c694e5-e7ed-494b-9bf8-97f7acea523d"",""provenance"":""stm""},{""episode_id"":""8dda3e94-77d2-41c2-a897-30059c130989"",""provenance"":""stm""},{""episode_id"":""9332e339-1d5d-496c-b128-6011bc520c24"",""provenance"":""stm""},{""episode_id"":""cb0f3244-9037-41de-b2ff-8a03e32d14d4"",""provenance"":""stm""},{""episode_id"":""efa30fb9-5267-4970-b16d-7fc40b1ca487"",""provenance"":""stm""},{""episode_id"":""1d084051-3163-4156-a4a9-da839fd639da"",""provenance"":""stm""},{""episode_id"":""1f877424-2615-461d-b608-9954018b9105"",""provenance"":""stm""},{""episode_id"":""38648f01-a2fa-4448-8058-6c2d9833fd4d"",""provenance"":""stm""},{""episode_id"":""81f521ed-fbdf-4b08-ac1f-568b63d9a547"",""provenance"":""stm""},{""episode_id"":""86c4b60e-b525-4089-98ee-9e045d77d805"",""provenance"":""stm""},{""episode_id"":""8afe65a8-2bff-4f17-af23-85c807a7ad9d"",""provenance"":""stm""},{""episode_id"":""a92d5c89-98c1-4a3b-98fc-8e95f5a7dfd2"",""provenance"":""stm""},{""episode_id"":""c706f66b-108c-450d-93ac-a1cc6dedca0f"",""provenance"":""stm""},{""episode_id"":""da8fb148-f8f9-4223-ba3f-26c6ce30dc0c"",""provenance"":""stm""},{""episode_id"":""3832d72b-cf6b-4220-a9cd-94a4a0b3a1b3"",""provenance"":""stm""},{""episode_id"":""557c9883-50e2-4e00-91ec-d965616ffbaa"",""provenance"":""stm""},{""episode_id"":""58eb5d03-af83-42fe-9424-e28f888aef6d"",""provenance"":""stm""},{""episode_id"":""6841c779-ee17-4525-ac8c-088efb4c6490"",""provenance"":""stm""},{""episode_id"":""9b0b7bf0-a454-4364-965d-48688e19faea"",""provenance"":""stm""},{""episode_id"":""c1a353d7-3410-423f-a5b6-e8ae74d88982"",""provenance"":""stm""},{""episode_id"":""c26945e7-b4b0-486d-9c66-3ea49dc7e3c2"",""provenance"":""stm""},{""episode_id"":""e09859a9-a1f9-4a70-ae40-b417898134eb"",""provenance"":""stm""},{""episode_id"":""47a820b2-eeb4-4a8a-8dfc-b5f66ccab71f"",""provenance"":""stm""},{""episode_id"":""dba57d9b-fb4f-44ee-bf89-c4854c631812"",""provenance"":""ltm""},{""episode_id"":""3c4386c1-c2c6-4b89-820f-085efbbb4b94"",""provenance"":""ltm""},{""episode_id"":""ef27b25f-b672-4196-9193-4dc687dbd36b"",""provenance"":""ltm""},{""episode_id"":""3681387f-66db-44e2-b8cc-dec3029d648e"",""provenance"":""ltm""}]"
155,36,19,0,41,5,"[{""episode_id"":""9475373e-a86d-478d-9cb2-3979e3f70cd2"",""provenance"":""stm""},{""episode_id"":""17df5278-ac3e-4ca0-bd23-87bd6ad6747a"",""provenance"":""stm""},{""episode_id"":""25f4d028-767b-4909-a996-951109ff7855"",""provenance"":""stm""},{""episode_id"":""361d5d03-9ade-456d-81b0-0fc5ffa89d48"",""provenance"":""stm""},{""episode_id"":""8110435e-aa8f-4b6f-822a-983d54a9d50f"",""provenance"":""stm""},{""episode_id"":""a7882ce3-61bf-4c2c-b5a0-e8b46c9ad899"",""provenance"":""stm""},{""episode_id"":""cd88c861-2506-40b8-9171-75634aaec722"",""provenance"":""stm""},{""episode_id"":""3681387f-66db-44e2-b8cc-dec3029d648e"",""provenance"":""stm""},{""episode_id"":""1d084051-3163-4156-a4a9-da839fd639da"",""provenance"":""stm""},{""episode_id"":""1f877424-2615-461d-b608-9954018b9105"",""provenance"":""stm""},{""episode_id"":""38648f01-a2fa-4448-8058-6c2d9833fd4d"",""provenance"":""stm""},{""episode_id"":""81f521ed-fbdf-4b08-ac1f-568b63d9a547"",""provenance"":""stm""},{""episode_id"":""86c4b60e-b525-4089-98ee-9e045d77d805"",""provenance"":""stm""},{""episode_id"":""8afe65a8-2bff-4f17-af23-85c807a7ad9d"",""provenance"":""stm""},{""episode_id"":""a92d5c89-98c1-4a3b-98fc-8e95f5a7dfd2"",""provenance"":""stm""},{""episode_id"":""c706f66b-108c-450d-93ac-a1cc6dedca0f"",""provenance"":""stm""},{""episode_id"":""da8fb148-f8f9-4223-ba3f-26c6ce30dc0c"",""provenance"":""stm""},{""episode_id"":""efa30fb9-5267-4970-b16d-7fc40b1ca487"",""provenance"":""ltm""},{""episode_id"":""18e97ac6-613e-4edf-814a-0cc689c7b805"",""provenance"":""stm""},{""episode_id"":""72bc8697-9933-4e81-bb39-a9808290ae9b"",""provenance"":""stm""},{""episode_id"":""86aca7ae-6f1b-4a5a-89f8-43bf8677e828"",""provenance"":""stm""},{""episode_id"":""94fce027-d293-4c63-a5f7-7c0cbb784f7b"",""provenance"":""stm""},{""episode_id"":""99b1cfd5-5dac-4190-a367-19db09afe67b"",""provenance"":""stm""},{""episode_id"":""b6251ff1-25d4-44ee-9495-599f1af13d7f"",""provenance"":""stm""},{""episode_id"":""cc92ad84-e762-4fb8-8aab-f9c353120246"",""provenance"":""stm""},{""episode_id"":""e1b018cb-72c1-4763-a79a-f650bb9dd371"",""provenance"":""stm""},{""episode_id"":""f60af4d8-de22-4d30-9a25-ef9dce89971d"",""provenance"":""stm""},{""episode_id"":""a9bb2c9e-48b4-4d3d-828d-7720cc91736c"",""provenance"":""ltm""},{""episode_id"":""b686f2f6-7c52-469c-85fb-1c9891c888ff"",""provenance"":""stm""},{""episode_id"":""3832d72b-cf6b-4220-a9cd-94a4a0b3a1b3"",""provenance"":""stm""},{""episode_id"":""557c9883-50e2-4e00-91ec-d965616ffbaa"",""provenance"":""stm""},{""episode_id"":""58eb5d03-af83-42fe-9424-e28f888aef6d"",""provenance"":""stm""},{""episode_id"":""6841c779-ee17-4525-ac8c-088efb4c6490"",""provenance"":""stm""},{""episode_id"":""9b0b7bf0-a454-4364-965d-48688e19faea"",""provenance"":""stm""},{""episode_id"":""c1a353d7-3410-423f-a5b6-e8ae74d88982"",""provenance"":""stm""},{""episode_id"":""c26945e7-b4b0-486d-9c66-3ea49dc7e3c2"",""provenance"":""stm""},{""episode_id"":""e09859a9-a1f9-4a70-ae40-b417898134eb"",""provenance"":""stm""},{""episode_id"":""47a820b2-eeb4-4a8a-8dfc-b5f66ccab71f"",""provenance"":""stm""},{""episode_id"":""dba57d9b-fb4f-44ee-bf89-c4854c631812"",""provenance"":""ltm""},{""episode_id"":""3c4386c1-c2c6-4b89-820f-085efbbb4b94"",""provenance"":""ltm""},{""episode_id"":""ef27b25f-b672-4196-9193-4dc687dbd36b"",""provenance"":""ltm""}]"
156,62,19,0,65,3,"[{""episode_id"":""1d084051-3163-4156-a4a9-da839fd639da"",""provenance"":""stm""},{""episode_id"":""1f877424-2615-461d-b608-9954018b9105"",""provenance"":""stm""},{""episode_id"":""38648f01-a2fa-4448-8058-6c2d9833fd4d"",""provenance"":""stm""},{""episode_id"":""81f521ed-fbdf-4b08-ac1f-568b63d9a547"",""provenance"":""stm""},{""episode_id"":""86c4b60e-b525-4089-98ee-9e045d77d805"",""provenance"":""stm""},{""episode_id"":""8afe65a8-2bff-4f17-af23-85c807a7ad9d"",""provenance"":""stm""},{""episode_id"":""a92d5c89-98c1-4a3b-98fc-8e95f5a7dfd2"",""provenance"":""stm""},{""episode_id"":""c706f66b-108c-450d-93ac-a1cc6dedca0f"",""provenance"":""stm""},{""episode_id"":""da8fb148-f8f9-4223-ba3f-26c6ce30dc0c"",""provenance"":""stm""},{""episode_id"":""18e97ac6-613e-4edf-814a-0cc689c7b805"",""provenance"":""stm""},{""episode_id"":""72bc8697-9933-4e81-bb39-a9808290ae9b"",""provenance"":""stm""},{""episode_id"":""86aca7ae-6f1b-4a5a-89f8-43bf8677e828"",""provenance"":""stm""},{""episode_id"":""94fce027-d293-4c63-a5f7-7c0cbb784f7b"",""provenance"":""stm""},{""episode_id"":""99b1cfd5-5dac-4190-a367-19db09afe67b"",""provenance"":""stm""},{""episode_id"":""b6251ff1-25d4-44ee-9495-599f1af13d7f"",""provenance"":""stm""},{""episode_id"":""cc92ad84-e762-4fb8-8aab-f9c353120246"",""provenance"":""stm""},{""episode_id"":""e1b018cb-72c1-4763-a79a-f650bb9dd371"",""provenance"":""stm""},{""episode_id"":""f60af4d8-de22-4d30-9a25-ef9dce89971d"",""provenance"":""stm""},{""episode_id"":""9475373e-a86d-478d-9cb2-3979e3f70cd2"",""provenance"":""stm""},{""episode_id"":""17df5278-ac3e-4ca0-bd23-87bd6ad6747a"",""provenance"":""stm""},{""episode_id"":""25f4d028-767b-4909-a996-951109ff7855"",""provenance"":""stm""},{""episode_id"":""361d5d03-9ade-456d-81b0-0fc5ffa89d48"",""provenance"":""stm""},{""episode_id"":""8110435e-aa8f-4b6f-822a-983d54a9d50f"",""provenance"":""stm""},{""episode_id"":""a7882ce3-61bf-4c2c-b5a0-e8b46c9ad899"",""provenance"":""stm""},{""episode_id"":""3681387f-66db-44e2-b8cc-dec3029d648e"",""provenance"":""stm""},{""episode_id"":""cd88c861-2506-40b8-9171-75634aaec722"",""provenance"":""stm""},{""episode_id"":""0debc7e8-5ed2-4125-b716-64b3a4f39967"",""provenance"":""stm""},{""episode_id"":""1ac0d7d0-10c2-4768-b9b6-a6f2237cdce2"",""provenance"":""stm""},{""episode_id"":""27027481-502c-4e4c-a177-ce660051f67e"",""provenance"":""stm""},{""episode_id"":""58af2ad5-097f-4571-ba1a-8d7b8e79ca31"",""provenance"":""stm""},{""episode_id"":""61d8102d-8db5-4fe6-b3ef-17a3f1baa7e1"",""provenance"":""stm""},{""episode_id"":""906ba882-a75b-4b06-b7e5-43e922996436"",""provenance"":""stm""},{""episode_id"":""99d3eb1d-0e04-485b-a02e-f3703915e7df"",""provenance"":""stm""},{""episode_id"":""a9bb2c9e-48b4-4d3d-828d-7720cc91736c"",""provenance"":""stm""},{""episode_id"":""efa30fb9-5267-4970-b16d-7fc40b1ca487"",""provenance"":""ltm""},{""episode_id"":""36c73944-279a-4a62-8d0a-10835ec8e2e1"",""provenance"":""stm""},{""episode_id"":""40964617-6fc9-41ae-9c48-107db425ad06"",""provenance"":""stm""},{""episode_id"":""6289c2ce-f873-4b13-ad14-0ccc5e3d4cbe"",""provenance"":""stm""},{""episode_id"":""64d7fae9-2134-48f0-b73c-c5fac7c2ce7c"",""provenance"":""stm""},{""episode_id"":""8208dc7c-177c-4098-b7ff-a6739ee7bbee"",""provenance"":""stm""},{""episode_id"":""876d6520-8eac-4489-9076-c38604526380"",""provenance"":""stm""},{""episode_id"":""9a16f5c3-5d73-4688-ab6c-77f63571be01"",""provenance"":""stm""},{""episode_id"":""a786e395-1e6e-4338-bb1f-8bbbe25167da"",""provenance"":""stm""},{""episode_id"":""ef27b25f-b672-4196-9193-4dc687dbd36b"",""provenance"":""stm""},{""episode_id"":""3832d72b-cf6b-4220-a9cd-94a4a0b3a1b3"",""provenance"":""stm""},{""episode_id"":""557c9883-50e2-4e00-91ec-d965616ffbaa"",""provenance"":""stm""},{""episode_id"":""58eb5d03-af83-42fe-9424-e28f888aef6d"",""provenance"":""stm""},{""episode_id"":""6841c779-ee17-4525-ac8c-088efb4c6490"",""provenance"":""stm""},{""episode_id"":""9b0b7bf0-a454-4364-965d-48688e19faea"",""provenance"":""stm""},{""episode_id"":""c1a353d7-3410-423f-a5b6-e8ae74d88982"",""provenance"":""stm""},{""episode_id"":""c26945e7-b4b0-486d-9c66-3ea49dc7e3c2"",""provenance"":""stm""},{""episode_id"":""e09859a9-a1f9-4a70-ae40-b417898134eb"",""provenance"":""stm""},{""episode_id"":""47a820b2-eeb4-4a8a-8dfc-b5f66ccab71f"",""provenance"":""stm""},{""episode_id"":""b686f2f6-7c52-469c-85fb-1c9891c888ff"",""provenance"":""stm""},{""episode_id"":""248cc1f4-6f60-4ecf-a2c4-cd0fa7f8f00b"",""provenance"":""stm""},{""episode_id"":""4fb07384-4b5d-4438-93e0-055e99efb900"",""provenance"":""stm""},{""episode_id"":""5a5f5b21-adf4-44b8-826f-c63c19e38e34"",""provenance"":""stm""},{""episode_id"":""63b0f26c-ddac-40e9-bee6-6517ca864f23"",""provenance"":""stm""},{""episode_id"":""682b264f-3c7f-424b-93f8-5b60d8359ecd"",""provenance"":""stm""},{""episode_id"":""b6de1ffc-37fe-4edd-b614-200a1911c778"",""provenance"":""stm""},{""episode_id"":""c85695ff-9ba6-47f4-820e-a0bffb299ffe"",""provenance"":""stm""},{""episode_id"":""d2e22f98-6839-440b-9905-ba7e3c2cfe8c"",""provenance"":""stm""},{""episode_id"":""daaf3791-1a9e-4413-8222-309dd9e26e43"",""provenance"":""stm""},{""episode_id"":""dba57d9b-fb4f-44ee-bf89-c4854c631812"",""provenance"":""ltm""},{""episode_id"":""3c4386c1-c2c6-4b89-820f-085efbbb4b94"",""provenance"":""ltm""}]"
157,11,19,0,18,7,"[{""episode_id"":""b686f2f6-7c52-469c-85fb-1c9891c888ff"",""provenance"":""stm""},{""episode_id"":""dba57d9b-fb4f-44ee-bf89-c4854c631812"",""provenance"":""ltm""},{""episode_id"":""d7303af9-9461-4b75-922f-76bfbb0efbca"",""provenance"":""stm""},{""episode_id"":""1d084051-3163-4156-a4a9-da839fd639da"",""provenance"":""stm""},{""episode_id"":""1f877424-2615-461d-b608-9954018b9105"",""provenance"":""stm""},{""episode_id"":""38648f01-a2fa-4448-8058-6c2d9833fd4d"",""provenance"":""stm""},{""episode_id"":""81f521ed-fbdf-4b08-ac1f-568b63d9a547"",""provenance"":""stm""},{""episode_id"":""86c4b60e-b525-4089-98ee-9e045d77d805"",""provenance"":""stm""},{""episode_id"":""8afe65a8-2bff-4f17-af23-85c807a7ad9d"",""provenance"":""stm""},{""episode_id"":""a92d5c89-98c1-4a3b-98fc-8e95f5a7dfd2"",""provenance"":""stm""},{""episode_id"":""c706f66b-108c-450d-93ac-a1cc6dedca0f"",""provenance"":""stm""},{""episode_id"":""da8fb148-f8f9-4223-ba3f-26c6ce30dc0c"",""provenance"":""stm""},{""episode_id"":""72bc8697-9933-4e81-bb39-a9808290ae9b"",""provenance"":""ltm""},{""episode_id"":""a9bb2c9e-48b4-4d3d-828d-7720cc91736c"",""provenance"":""ltm""},{""episode_id"":""efa30fb9-5267-4970-b16d-7fc40b1ca487"",""provenance"":""ltm""},{""episode_id"":""3c4386c1-c2c6-4b89-820f-085efbbb4b94"",""provenance"":""ltm""},{""episode_id"":""3681387f-66db-44e2-b8cc-dec3029d648e"",""provenance"":""ltm""},{""episode_id"":""ef27b25f-b672-4196-9193-4dc687dbd36b"",""provenance"":""ltm""}]"
158,46,24,0,54,8,"[{""episode_id"":""47a820b2-eeb4-4a8a-8dfc-b5f66ccab71f"",""provenance"":""stm""},{""episode_id"":""3832d72b-cf6b-4220-a9cd-94a4a0b3a1b3"",""provenance"":""stm""},{""episode_id"":""557c9883-50e2-4e00-91ec-d965616ffbaa"",""provenance"":""stm""},{""episode_id"":""58eb5d03-af83-42fe-9424-e28f888aef6d"",""provenance"":""stm""},{""episode_id"":""6841c779-ee17-4525-ac8c-088efb4c6490"",""provenance"":""stm""},{""episode_id"":""9b0b7bf0-a454-4364-965d-48688e19faea"",""provenance"":""stm""},{""episode_id"":""c1a353d7-3410-423f-a5b6-e8ae74d88982"",""provenance"":""stm""},{""episode_id"":""c26945e7-b4b0-486d-9c66-3ea49dc7e3c2"",""provenance"":""stm""},{""episode_id"":""e09859a9-a1f9-4a70-ae40-b417898134eb"",""provenance"":""stm""},{""episode_id"":""2ff479fb-dd9f-4c79-82f4-9cd7019bd800"",""provenance"":""stm""},{""episode_id"":""300c6207-208a-48f7-a43a-0b3c055e15c9"",""provenance"":""stm""},{""episode_id"":""6dfca794-82da-4db6-96d1-507ac2e91d37"",""provenance"":""stm""},{""episode_id"":""6f20b7e3-94dc-4983-827e-d8d549f645f9"",""provenance"":""stm""},{""episode_id"":""87c694e5-e7ed-494b-9bf8-97f7acea523d"",""provenance"":""stm""},{""episode_id"":""8dda3e94-77d2-41c2-a897-30059c130989"",""provenance"":""stm""},{""episode_id"":""9332e339-1d5d-496c-b128-6011bc520c24"",""provenance"":""stm""},{""episode_id"":""cb0f3244-9037-41de-b2ff-8a03e32d14d4"",""provenance"":""stm""},{""episode_id"":""efa30fb9-5267-4970-b16d-7fc40b1ca487"",""provenance"":""stm""},{""episode_id"":""72bc8697-9933-4e81-bb39-a9808290ae9b"",""provenance"":""ltm""},{""episode_id"":""b6251ff1-25d4-44ee-9495-599f1af13d7f"",""provenance"":""ltm""},{""episode_id"":""0debc7e8-5ed2-4125-b716-64b3a4f39967"",""provenance"":""stm""},{""episode_id"":""1ac0d7d0-10c2-4768-b9b6-a6f2237cdce2"",""provenance"":""stm""},{""episode_id"":""27027481-502c-4e4c-a177-ce660051f67e"",""provenance"":""stm""},{""episode_id"":""58af2ad5-097f-4571-ba1a-8d7b8e79ca31"",""provenance"":""stm""},{""episode_id"":""61d8102d-8db5-4fe6-b3ef-17a3f1baa7e1"",""provenance"":""stm""},{""episode_id"":""906ba882-a75b-4b06-b7e5-43e922996436"",""provenance"":""stm""},{""episode_id"":""99d3eb1d-0e04-485b-a02e-f3703915e7df"",""provenance"":""stm""},{""episode_id"":""a9bb2c9e-48b4-4d3d-828d-7720cc91736c"",""provenance"":""stm""},{""episode_id"":""1d084051-3163-4156-a4a9-da839fd639da"",""provenance"":""stm""},{""episode_id"":""1f877424-2615-461d-b608-9954018b9105"",""provenance"":""stm""},{""episode_id"":""38648f01-a2fa-4448-8058-6c2d9833fd4d"",""provenance"":""stm""},{""episode_id"":""81f521ed-fbdf-4b08-ac1f-568b63d9a547"",""provenance"":""stm""},{""episode_id"":""86c4b60e-b525-4089-98ee-9e045d77d805"",""provenance"":""stm""},{""episode_id"":""8afe65a8-2bff-4f17-af23-85c807a7ad9d"",""provenance"":""stm""},{""episode_id"":""a92d5c89-98c1-4a3b-98fc-8e95f5a7dfd2"",""provenance"":""stm""},{""episode_id"":""c706f66b-108c-450d-93ac-a1cc6dedca0f"",""provenance"":""stm""},{""episode_id"":""da8fb148-f8f9-4223-ba3f-26c6ce30dc0c"",""provenance"":""stm""},{""episode_id"":""ee8fca23-fffc-44a0-8659-57078d69bfdd"",""provenance"":""stm""},{""episode_id"":""b686f2f6-7c52-469c-85fb-1c9891c888ff"",""provenance"":""stm""},{""episode_id"":""248cc1f4-6f60-4ecf-a2c4-cd0fa7f8f00b"",""provenance"":""stm""},{""episode_id"":""4fb07384-4b5d-4438-93e0-055e99efb900"",""provenance"":""stm""},{""episode_id"":""5a5f5b21-adf4-44b8-826f-c63c19e38e34"",""provenance"":""stm""},{""episode_id"":""63b0f26c-ddac-40e9-bee6-6517ca864f23"",""provenance"":""stm""},{""episode_id"":""682b264f-3c7f-424b-93f8-5b60d8359ecd"",""provenance"":""stm""},{""episode_id"":""b6de1ffc-37fe-4edd-b614-200a1911c778"",""provenance"":""stm""},{""episode_id"":""c85695ff-9ba6-47f4-820e-a0bffb299ffe"",""provenance"":""stm""},{""episode_id"":""d2e22f98-6839-440b-9905-ba7e3c2cfe8c"",""provenance"":""stm""},{""episode_id"":""daaf3791-1a9e-4413-8222-309dd9e26e43"",""provenance"":""stm""},{""episode_id"":""dba57d9b-fb4f-44ee-bf89-c4854c631812"",""provenance"":""ltm""},{""episode_id"":""876d6520-8eac-4489-9076-c38604526380"",""provenance"":""ltm""},{""episode_id"":""ef27b25f-b672-4196-9193-4dc687dbd36b"",""provenance"":""ltm""},{""episode_id"":""3c4386c1-c2c6-4b89-820f-085efbbb4b94"",""provenance"":""ltm""},{""episode_id"":""361d5d03-9ade-456d-81b0-0fc5ffa89d48"",""provenance"":""ltm""},{""episode_id"":""3681387f-66db-44e2-b8cc-dec3029d648e"",""provenance"":""ltm""}]"
159,64,33,0,72,8,"[{""episode_id"":""36c73944-279a-4a62-8d0a-10835ec8e2e1"",""provenance"":""stm""},{""episode_id"":""40964617-6fc9-41ae-9c48-107db425ad06"",""provenance"":""stm""},{""episode_id"":""6289c2ce-f873-4b13-ad14-0ccc5e3d4cbe"",""provenance"":""stm""},{""episode_id"":""64d7fae9-2134-48f0-b73c-c5fac7c2ce7c"",""provenance"":""stm""},{""episode_id"":""8208dc7c-177c-4098-b7ff-a6739ee7bbee"",""provenance"":""stm""},{""episode_id"":""876d6520-8eac-4489-9076-c38604526380"",""provenance"":""stm""},{""episode_id"":""9a16f5c3-5d73-4688-ab6c-77f63571be01"",""provenance"":""stm""},{""episode_id"":""a786e395-1e6e-4338-bb1f-8bbbe25167da"",""provenance"":""stm""},{""episode_id"":""ef27b25f-b672-4196-9193-4dc687dbd36b"",""provenance"":""stm""},{""episode_id"":""1d084051-3163-4156-a4a9-da839fd639da"",""provenance"":""stm""},{""episode_id"":""1f877424-2615-461d-b608-9954018b9105"",""provenance"":""stm""},{""episode_id"":""38648f01-a2fa-4448-8058-6c2d9833fd4d"",""provenance"":""stm""},{""episode_id"":""81f521ed-fbdf-4b08-ac1f-568b63d9a547"",""provenance"":""stm""},{""episode_id"":""86c4b60e-b525-4089-98ee-9e045d77d805"",""provenance"":""stm""},{""episode_id"":""8afe65a8-2bff-4f17-af23-85c807a7ad9d"",""provenance"":""stm""},{""episode_id"":""a92d5c89-98c1-4a3b-98fc-8e95f5a7dfd2"",""provenance"":""stm""},{""episode_id"":""c706f66b-108c-450d-93ac-a1cc6dedca0f"",""provenance"":""stm""},{""episode_id"":""da8fb148-f8f9-4223-ba3f-26c6ce30dc0c"",""provenance"":""stm""},{""episode_id"":""ee8fca23-fffc-44a0-8659-57078d69bfdd"",""provenance"":""stm""},{""episode_id"":""b686f2f6-7c52-469c-85fb-1c9891c888ff"",""provenance"":""stm""},{""episode_id"":""0f38c715-c455-4474-87b9-b5f792dfb136"",""provenance"":""ltm""},{""episode_id"":""6f20b7e3-94dc-4983-827e-d8d549f645f9"",""provenance"":""ltm""},{""episode_id"":""efa30fb9-5267-4970-b16d-7fc40b1ca487"",""provenance"":""ltm""},{""episode_id"":""0154a54e-d1f0-4d9a-9418-4baffc396204"",""provenance"":""stm""},{""episode_id"":""0c97e95c-5616-4c67-a3bd-399eba330b80"",""provenance"":""stm""},{""episode_id"":""298ef311-ba49-4a2d-bade-afa8afabce89"",""provenance"":""stm""},{""episode_id"":""34432c50-68cc-414b-99a0-276ad2c65e56"",""provenance"":""stm""},{""episode_id"":""aa5e3739-499b-46a9-9313-a9fb000f12a6"",""provenance"":""stm""},{""episode_id"":""ac37a538-4d7d-47c5-a7f2-4b09b2736183"",""provenance"":""stm""},{""episode_id"":""bcdce8a0-f6e1-41bc-bf9f-5de570b066a7"",""provenance"":""stm""},{""episode_id"":""e964df06-0f65-4317-8001-1fa1e0c9b288"",""provenance"":""stm""},{""episode_id"":""f0a74561-32d0-43ed-9ce0-6e173b948c68"",""provenance"":""stm""},{""episode_id"":""18e97ac6-613e-4edf-814a-0cc689c7b805"",""provenance"":""stm""},{""episode_id"":""72bc8697-9933-4e81-bb39-a9808290ae9b"",""provenance"":""stm""},{""episode_id"":""86aca7ae-6f1b-4a5a-89f8-43bf8677e828"",""provenance"":""stm""},{""episode_id"":""94fce027-d293-4c63-a5f7-7c0cbb784f7b"",""provenance"":""stm""},{""episode_id"":""99b1cfd5-5dac-4190-a367-19db09afe67b"",""provenance"":""stm""},{""episode_id"":""b6251ff1-25d4-44ee-9495-599f1af13d7f"",""provenance"":""stm""},{""episode_id"":""cc92ad84-e762-4fb8-8aab-f9c353120246"",""provenance"":""stm""},{""episode_id"":""e1b018cb-72c1-4763-a79a-f650bb9dd371"",""provenance"":""stm""},{""episode_id"":""f60af4d8-de22-4d30-9a25-ef9dce89971d"",""provenance"":""stm""},{""episode_id"":""0debc7e8-5ed2-4125-b716-64b3a4f39967"",""provenance"":""stm""},{""episode_id"":""1ac0d7d0-10c2-4768-b9b6-a6f2237cdce2"",""provenance"":""stm""},{""episode_id"":""27027481-502c-4e4c-a177-ce660051f67e"",""provenance"":""stm""},{""episode_id"":""58af2ad5-097f-4571-ba1a-8d7b8e79ca31"",""provenance"":""stm""},{""episode_id"":""61d8102d-8db5-4fe6-b3ef-17a3f1baa7e1"",""provenance"":""stm""},{""episode_id"":""906ba882-a75b-4b06-b7e5-43e922996436"",""provenance"":""stm""},{""episode_id"":""99d3eb1d-0e04-485b-a02e-f3703915e7df"",""provenance"":""stm""},{""episode_id"":""a9bb2c9e-48b4-4d3d-828d-7720cc91736c"",""provenance"":""stm""},{""episode_id"":""248cc1f4-6f60-4ecf-a2c4-cd0fa7f8f00b"",""provenance"":""stm""},{""episode_id"":""4fb07384-4b5d-4438-93e0-055e99efb900"",""provenance"":""stm""},{""episode_id"":""5a5f5b21-adf4-44b8-826f-c63c19e38e34"",""provenance"":""stm""},{""episode_id"":""63b0f26c-ddac-40e9-bee6-6517ca864f23"",""provenance"":""stm""},{""episode_id"":""682b264f-3c7f-424b-93f8-5b60d8359ecd"",""provenance"":""stm""},{""episode_id"":""b6de1ffc-37fe-4edd-b614-200a1911c778"",""provenance"":""stm""},{""episode_id"":""c85695ff-9ba6-47f4-820e-a0bffb299ffe"",""provenance"":""stm""},{""episode_id"":""d2e22f98-6839-440b-9905-ba7e3c2cfe8c"",""provenance"":""stm""},{""episode_id"":""daaf3791-1a9e-4413-8222-309dd9e26e43"",""provenance"":""stm""},{""episode_id"":""3832d72b-cf6b-4220-a9cd-94a4a0b3a1b3"",""provenance"":""stm""},{""episode_id"":""557c9883-50e2-4e00-91ec-d965616ffbaa"",""provenance"":""stm""},{""episode_id"":""58eb5d03-af83-42fe-9424-e28f888aef6d"",""provenance"":""stm""},{""episode_id"":""6841c779-ee17-4525-ac8c-088efb4c6490"",""provenance"":""stm""},{""episode_id"":""9b0b7bf0-a454-4364-965d-48688e19faea"",""provenance"":""stm""},{""episode_id"":""c1a353d7-3410-423f-a5b6-e8ae74d88982"",""provenance"":""stm""},{""episode_id"":""c26945e7-b4b0-486d-9c66-3ea49dc7e3c2"",""provenance"":""stm""},{""episode_id"":""e09859a9-a1f9-4a70-ae40-b417898134eb"",""provenance"":""stm""},{""episode_id"":""47a820b2-eeb4-4a8a-8dfc-b5f66ccab71f"",""provenance"":""stm""},{""episode_id"":""d7303af9-9461-4b75-922f-76bfbb0efbca"",""provenance"":""ltm""},{""episode_id"":""dba57d9b-fb4f-44ee-bf89-c4854c631812"",""provenance"":""ltm""},{""episode_id"":""3c4386c1-c2c6-4b89-820f-085efbbb4b94"",""provenance"":""ltm""},{""episode_id"":""361d5d03-9ade-456d-81b0-0fc5ffa89d48"",""provenance"":""ltm""},{""episode_id"":""3681387f-66db-44e2-b8cc-dec3029d648e"",""provenance"":""ltm""}]"
160,72,33,0,77,5,"[{""episode_id"":""18e97ac6-613e-4edf-814a-0cc689c7b805"",""provenance"":""stm""},{""episode_id"":""72bc8697-9933-4e81-bb39-a9808290ae9b"",""provenance"":""stm""},{""episode_id"":""86aca7ae-6f1b-4a5a-89f8-43bf8677e828"",""provenance"":""stm""},{""episode_id"":""94fce027-d293-4c63-a5f7-7c0cbb784f7b"",""provenance"":""stm""},{""episode_id"":""99b1cfd5-5dac-4190-a367-19db09afe67b"",""provenance"":""stm""},{""episode_id"":""b6251ff1-25d4-44ee-9495-599f1af13d7f"",""provenance"":""stm""},{""episode_id"":""cc92ad84-e762-4fb8-8aab-f9c353120246"",""provenance"":""stm""},{""episode_id"":""e1b018cb-72c1-4763-a79a-f650bb9dd371"",""provenance"":""stm""},{""episode_id"":""f60af4d8-de22-4d30-9a25-ef9dce89971d"",""provenance"":""stm""},{""episode_id"":""1d084051-3163-4156-a4a9-da839fd639da"",""provenance"":""stm""},{""episode_id"":""1f877424-2615-461d-b608-9954018b9105"",""provenance"":""stm""},{""episode_id"":""38648f01-a2fa-4448-8058-6c2d9833fd4d"",""provenance"":""stm""},{""episode_id"":""81f521ed-fbdf-4b08-ac1f-568b63d9a547"",""provenance"":""stm""},{""episode_id"":""86c4b60e-b525-4089-98ee-9e045d77d805"",""provenance"":""stm""},{""episode_id"":""8afe65a8-2bff-4f17-af23-85c807a7ad9d"",""provenance"":""stm""},{""episode_id"":""a92d5c89-98c1-4a3b-98fc-8e95f5a7dfd2"",""provenance"":""stm""},{""episode_id"":""c706f66b-108c-450d-93ac-a1cc6dedca0f"",""provenance"":""stm""},{""episode_id"":""da8fb148-f8f9-4223-ba3f-26c6ce30dc0c"",""provenance"":""stm""},{""episode_id"":""ee8fca23-fffc-44a0-8659-57078d69bfdd"",""provenance"":""stm""},{""episode_id"":""248cc1f4-6f60-4ecf-a2c4-cd0fa7f8f00b"",""provenance"":""stm""},{""episode_id"":""4fb07384-4b5d-4438-93e0-055e99efb900"",""provenance"":""stm""},{""episode_id"":""5a5f5b21-adf4-44b8-826f-c63c19e38e34"",""provenance"":""stm""},{""episode_id"":""63b0f26c-ddac-40e9-bee6-6517ca864f23"",""provenance"":""stm""},{""episode_id"":""682b264f-3c7f-424b-93f8-5b60d8359ecd"",""provenance"":""stm""},{""episode_id"":""b6de1ffc-37fe-4edd-b614-200a1911c778"",""provenance"":""stm""},{""episode_id"":""c85695ff-9ba6-47f4-820e-a0bffb299ffe"",""provenance"":""stm""},{""episode_id"":""d2e22f98-6839-440b-9905-ba7e3c2cfe8c"",""provenance"":""stm""},{""episode_id"":""daaf3791-1a9e-4413-8222-309dd9e26e43"",""provenance"":""stm""},{""episode_id"":""0debc7e8-5ed2-4125-b716-64b3a4f39967"",""provenance"":""stm""},{""episode_id"":""1ac0d7d0-10c2-4768-b9b6-a6f2237cdce2"",""provenance"":""stm""},{""episode_id"":""27027481-502c-4e4c-a177-ce660051f67e"",""provenance"":""stm""},{""episode_id"":""58af2ad5-097f-4571-ba1a-8d7b8e79ca31"",""provenance"":""stm""},{""episode_id"":""61d8102d-8db5-4fe6-b3ef-17a3f1baa7e1"",""provenance"":""stm""},{""episode_id"":""906ba882-a75b-4b06-b7e5-43e922996436"",""provenance"":""stm""},{""episode_id"":""99d3eb1d-0e04-485b-a02e-f3703915e7df"",""provenance"":""stm""},{""episode_id"":""a9bb2c9e-48b4-4d3d-828d-7720cc91736c"",""provenance"":""stm""},{""episode_id"":""2ff479fb-dd9f-4c79-82f4-9cd7019bd800"",""provenance"":""stm""},{""episode_id"":""300c6207-208a-48f7-a43a-0b3c055e15c9"",""provenance"":""stm""},{""episode_id"":""6dfca794-82da-4db6-96d1-507ac2e91d37"",""provenance"":""stm""},{""episode_id"":""6f20b7e3-94dc-4983-827e-d8d549f645f9"",""provenance"":""stm""},{""episode_id"":""87c694e5-e7ed-494b-9bf8-97f7acea523d"",""provenance"":""stm""},{""episode_id"":""8dda3e94-77d2-41c2-a897-30059c130989"",""provenance"":""stm""},{""episode_id"":""9332e339-1d5d-496c-b128-6011bc520c24"",""provenance"":""stm""},{""episode_id"":""cb0f3244-9037-41de-b2ff-8a03e32d14d4"",""provenance"":""stm""},{""episode_id"":""efa30fb9-5267-4970-b16d-7fc40b1ca487"",""provenance"":""stm""},{""episode_id"":""36c73944-279a-4a62-8d0a-10835ec8e2e1"",""provenance"":""stm""},{""episode_id"":""40964617-6fc9-41ae-9c48-107db425ad06"",""provenance"":""stm""},{""episode_id"":""6289c2ce-f873-4b13-ad14-0ccc5e3d4cbe"",""provenance"":""stm""},{""episode_id"":""64d7fae9-2134-48f0-b73c-c5fac7c2ce7c"",""provenance"":""stm""},{""episode_id"":""8208dc7c-177c-4098-b7ff-a6739ee7bbee"",""provenance"":""stm""},{""episode_id"":""876d6520-8eac-4489-9076-c38604526380"",""provenance"":""stm""},{""episode_id"":""9a16f5c3-5d73-4688-ab6c-77f63571be01"",""provenance"":""stm""},{""episode_id"":""a786e395-1e6e-4338-bb1f-8bbbe25167da"",""provenance"":""stm""},{""episode_id"":""ef27b25f-b672-4196-9193-4dc687dbd36b"",""provenance"":""stm""},{""episode_id"":""b686f2f6-7c52-469c-85fb-1c9891c888ff"",""provenance"":""stm""},{""episode_id"":""0f38c715-c455-4474-87b9-b5f792dfb136"",""provenance"":""ltm""},{""episode_id"":""47a820b2-eeb4-4a8a-8dfc-b5f66ccab71f"",""provenance"":""stm""},{""episode_id"":""9475373e-a86d-478d-9cb2-3979e3f70cd2"",""provenance"":""stm""},{""episode_id"":""3832d72b-cf6b-4220-a9cd-94a4a0b3a1b3"",""provenance"":""stm""},{""episode_id"":""557c9883-50e2-4e00-91ec-d965616ffbaa"",""provenance"":""stm""},{""episode_id"":""58eb5d03-af83-42fe-9424-e28f888aef6d"",""provenance"":""stm""},{""episode_id"":""6841c779-ee17-4525-ac8c-088efb4c6490"",""provenance"":""stm""},{""episode_id"":""9b0b7bf0-a454-4364-965d-48688e19faea"",""provenance"":""stm""},{""episode_id"":""a3f70b1f-3328-44a8-a2ff-f969d81c95b5"",""provenance"":""stm""},{""episode_id"":""c1a353d7-3410-423f-a5b6-e8ae74d88982"",""provenance"":""stm""},{""episode_id"":""c26945e7-b4b0-486d-9c66-3ea49dc7e3c2"",""provenance"":""stm""},{""episode_id"":""e09859a9-a1f9-4a70-ae40-b417898134eb"",""provenance"":""stm""},{""episode_id"":""17df5278-ac3e-4ca0-bd23-87bd6ad6747a"",""provenance"":""stm""},{""episode_id"":""25f4d028-767b-4909-a996-951109ff7855"",""provenance"":""stm""},{""episode_id"":""361d5d03-9ade-456d-81b0-0fc5ffa89d48"",""provenance"":""stm""},{""episode_id"":""8110435e-aa8f-4b6f-822a-983d54a9d50f"",""provenance"":""stm""},{""episode_id"":""9ea1895c-d4a4-484f-9556-a14f5c13998a"",""provenance"":""stm""},{""episode_id"":""a7882ce3-61bf-4c2c-b5a0-e8b46c9ad899"",""provenance"":""stm""},{""episode_id"":""d7303af9-9461-4b75-922f-76bfbb0efbca"",""provenance"":""ltm""},{""episode_id"":""3c4386c1-c2c6-4b89-820f-085efbbb4b94"",""provenance"":""ltm""},{""episode_id"":""dba57d9b-fb4f-44ee-bf89-c4854c631812"",""provenance"":""ltm""},{""episode_id"":""3681387f-66db-44e2-b8cc-dec3029d648e"",""provenance"":""ltm""}]"
161,20,33,0,34,14,"[{""episode_id"":""248cc1f4-6f60-4ecf-a2c4-cd0fa7f8f00b"",""provenance"":""stm""},{""episode_id"":""4fb07384-4b5d-4438-93e0-055e99efb900"",""provenance"":""stm""},{""episode_id"":""5a5f5b21-adf4-44b8-826f-c63c19e38e34"",""provenance"":""stm""},{""episode_id"":""63b0f26c-ddac-40e9-bee6-6517ca864f23"",""provenance"":""stm""},{""episode_id"":""682b264f-3c7f-424b-93f8-5b60d8359ecd"",""provenance"":""stm""},{""episode_id"":""b6de1ffc-37fe-4edd-b614-200a1911c778"",""provenance"":""stm""},{""episode_id"":""c85695ff-9ba6-47f4-820e-a0bffb299ffe"",""provenance"":""stm""},{""episode_id"":""d2e22f98-6839-440b-9905-ba7e3c2cfe8c"",""provenance"":""stm""},{""episode_id"":""daaf3791-1a9e-4413-8222-309dd9e26e43"",""provenance"":""stm""},{""episode_id"":""1d084051-3163-4156-a4a9-da839fd639da"",""provenance"":""stm""},{""episode_id"":""1f877424-2615-461d-b608-9954018b9105"",""provenance"":""stm""},{""episode_id"":""38648f01-a2fa-4448-8058-6c2d9833fd4d"",""provenance"":""stm""},{""episode_id"":""81f521ed-fbdf-4b08-ac1f-568b63d9a547"",""provenance"":""stm""},{""episode_id"":""86c4b60e-b525-4089-98ee-9e045d77d805"",""provenance"":""stm""},{""episode_id"":""8afe65a8-2bff-4f17-af23-85c807a7ad9d"",""provenance"":""stm""},{""episode_id"":""a92d5c89-98c1-4a3b-98fc-8e95f5a7dfd2"",""provenance"":""stm""},{""episode_id"":""c706f66b-108c-450d-93ac-a1cc6dedca0f"",""provenance"":""stm""},{""episode_id"":""da8fb148-f8f9-4223-ba3f-26c6ce30dc0c"",""provenance"":""stm""},{""episode_id"":""ee8fca23-fffc-44a0-8659-57078d69bfdd"",""provenance"":""stm""},{""episode_id"":""b686f2f6-7c52-469c-85fb-1c9891c888ff"",""provenance"":""stm""},{""episode_id"":""6f20b7e3-94dc-4983-827e-d8d549f645f9"",""provenance"":""ltm""},{""episode_id"":""efa30fb9-5267-4970-b16d-7fc40b1ca487"",""provenance"":""ltm""},{""episode_id"":""72bc8697-9933-4e81-bb39-a9808290ae9b"",""provenance"":""ltm""},{""episode_id"":""b6251ff1-25d4-44ee-9495-599f1af13d7f"",""provenance"":""ltm""},{""episode_id"":""d7303af9-9461-4b75-922f-76bfbb0efbca"",""provenance"":""ltm""},{""episode_id"":""0f38c715-c455-4474-87b9-b5f792dfb136"",""provenance"":""ltm""},{""episode_id"":""61d8102d-8db5-4fe6-b3ef-17a3f1baa7e1"",""provenance"":""ltm""},{""episode_id"":""a9bb2c9e-48b4-4d3d-828d-7720cc91736c"",""provenance"":""ltm""},{""episode_id"":""3c4386c1-c2c6-4b89-820f-085efbbb4b94"",""provenance"":""ltm""},{""episode_id"":""dba57d9b-fb4f-44ee-bf89-c4854c631812"",""provenance"":""ltm""},{""episode_id"":""876d6520-8eac-4489-9076-c38604526380"",""provenance"":""ltm""},{""episode_id"":""ef27b25f-b672-4196-9193-4dc687dbd36b"",""provenance"":""ltm""},{""episode_id"":""361d5d03-9ade-456d-81b0-0fc5ffa89d48"",""provenance"":""ltm""},{""episode_id"":""3681387f-66db-44e2-b8cc-dec3029d648e"",""provenance"":""ltm""}]"
162,45,33,0,56,11,"[{""episode_id"":""0debc7e8-5ed2-4125-b716-64b3a4f39967"",""provenance"":""stm""},{""episode_id"":""1ac0d7d0-10c2-4768-b9b6-a6f2237cdce2"",""provenance"":""stm""},{""episode_id"":""27027481-502c-4e4c-a177-ce660051f67e"",""provenance"":""stm""},{""episode_id"":""58af2ad5-097f-4571-ba1a-8d7b8e79ca31"",""provenance"":""stm""},{""episode_id"":""61d8102d-8db5-4fe6-b3ef-17a3f1baa7e1"",""provenance"":""stm""},{""episode_id"":""906ba882-a75b-4b06-b7e5-43e922996436"",""provenance"":""stm""},{""episode_id"":""99d3eb1d-0e04-485b-a02e-f3703915e7df"",""provenance"":""stm""},{""episode_id"":""a9bb2c9e-48b4-4d3d-828d-7720cc91736c"",""provenance"":""stm""},{""episode_id"":""72bc8697-9933-4e81-bb39-a9808290ae9b"",""provenance"":""ltm""},{""episode_id"":""b6251ff1-25d4-44ee-9495-599f1af13d7f"",""provenance"":""ltm""},{""episode_id"":""0669c654-0e61-4305-9c11-628f4bb60eb3"",""provenance"":""stm""},{""episode_id"":""413700d8-5c2a-411a-b178-e9feab0472cc"",""provenance"":""stm""},{""episode_id"":""67289dc1-1026-437b-a82e-a5f229e5e061"",""provenance"":""stm""},{""episode_id"":""88ffad9c-4295-4db8-b5dd-6d81a9f5ab51"",""provenance"":""stm""},{""episode_id"":""b125b0e7-1b0c-49ac-89e1-0d800b56863b"",""provenance"":""stm""},{""episode_id"":""b6fa95ef-d7a6-4fb5-ab74-e713d5925479"",""provenance"":""stm""},{""episode_id"":""ea4ebcb4-f0de-4f3b-938d-f867a49d747c"",""provenance"":""stm""},{""episode_id"":""fd45aa2b-376a-4e19-820a-b5d25f8b23ca"",""provenance"":""stm""},{""episode_id"":""2ff479fb-dd9f-4c79-82f4-9cd7019bd800"",""provenance"":""stm""},{""episode_id"":""300c6207-208a-48f7-a43a-0b3c055e15c9"",""provenance"":""stm""},{""episode_id"":""6dfca794-82da-4db6-96d1-507ac2e91d37"",""provenance"":""stm""},{""episode_id"":""6f20b7e3-94dc-4983-827e-d8d549f645f9"",""provenance"":""stm""},{""episode_id"":""87c694e5-e7ed-494b-9bf8-97f7acea523d"",""provenance"":""stm""},{""episode_id"":""8dda3e94-77d2-41c2-a897-30059c130989"",""provenance"":""stm""},{""episode_id"":""9332e339-1d5d-496c-b128-6011bc520c24"",""provenance"":""stm""},{""episode_id"":""cb0f3244-9037-41de-b2ff-8a03e32d14d4"",""provenance"":""stm""},{""episode_id"":""efa30fb9-5267-4970-b16d-7fc40b1ca487"",""provenance"":""stm""},{""episode_id"":""1d084051-3163-4156-a4a9-da839fd639da"",""provenance"":""stm""},{""episode_id"":""1f877424-2615-461d-b608-9954018b9105"",""provenance"":""stm""},{""episode_id"":""38648f01-a2fa-4448-8058-6c2d9833fd4d"",""provenance"":""stm""},{""episode_id"":""81f521ed-fbdf-4b08-ac1f-568b63d9a547"",""provenance"":""stm""},{""episode_id"":""86c4b60e-b525-4089-98ee-9e045d77d805"",""provenance"":""stm""},{""episode_id"":""8afe65a8-2bff-4f17-af23-85c807a7ad9d"",""provenance"":""stm""},{""episode_id"":""a92d5c89-98c1-4a3b-98fc-8e95f5a7dfd2"",""provenance"":""stm""},{""episode_id"":""c706f66b-108c-450d-93ac-a1cc6dedca0f"",""provenance"":""stm""},{""episode_id"":""da8fb148-f8f9-4223-ba3f-26c6ce30dc0c"",""provenance"":""stm""},{""episode_id"":""ee8fca23-fffc-44a0-8659-57078d69bfdd"",""provenance"":""stm""},{""episode_id"":""0f38c715-c455-4474-87b9-b5f792dfb136"",""provenance"":""ltm""},{""episode_id"":""3832d72b-cf6b-4220-a9cd-94a4a0b3a1b3"",""provenance"":""stm""},{""episode_id"":""557c9883-50e2-4e00-91ec-d965616ffbaa"",""provenance"":""stm""},{""episode_id"":""58eb5d03-af83-42fe-9424-e28f888aef6d"",""provenance"":""stm""},{""episode_id"":""6841c779-ee17-4525-ac8c-088efb4c6490"",""provenance"":""stm""},{""episode_id"":""9b0b7bf0-a454-4364-965d-48688e19faea"",""provenance"":""stm""},{""episode_id"":""a3f70b1f-3328-44a8-a2ff-f969d81c95b5"",""provenance"":""stm""},{""episode_id"":""c1a353d7-3410-423f-a5b6-e8ae74d88982"",""provenance"":""stm""},{""episode_id"":""c26945e7-b4b0-486d-9c66-3ea49dc7e3c2"",""provenance"":""stm""},{""episode_id"":""e09859a9-a1f9-4a70-ae40-b417898134eb"",""provenance"":""stm""},{""episode_id"":""47a820b2-eeb4-4a8a-8dfc-b5f66ccab71f"",""provenance"":""stm""},{""episode_id"":""b686f2f6-7c52-469c-85fb-1c9891c888ff"",""provenance"":""ltm""},{""episode_id"":""d7303af9-9461-4b75-922f-76bfbb0efbca"",""provenance"":""ltm""},{""episode_id"":""dba57d9b-fb4f-44ee-bf89-c4854c631812"",""provenance"":""ltm""},{""episode_id"":""3c4386c1-c2c6-4b89-820f-085efbbb4b94"",""provenance"":""ltm""},{""episode_id"":""876d6520-8eac-4489-9076-c38604526380"",""provenance"":""ltm""},{""episode_id"":""ef27b25f-b672-4196-9193-4dc687dbd36b"",""provenance"":""ltm""},{""episode_id"":""361d5d03-9ade-456d-81b0-0fc5ffa89d48"",""provenance"":""ltm""},{""episode_id"":""3681387f-66db-44e2-b8cc-dec3029d648e"",""provenance"":""ltm""}]"
163,41,33,0,50,9,"[{""episode_id"":""9475373e-a86d-478d-9cb2-3979e3f70cd2"",""provenance"":""stm""},{""episode_id"":""17df5278-ac3e-4ca0-bd23-87bd6ad6747a"",""provenance"":""stm""},{""episode_id"":""25f4d028-767b-4909-a996-951109ff7855"",""provenance"":""stm""},{""episode_id"":""361d5d03-9ade-456d-81b0-0fc5ffa89d48"",""provenance"":""stm""},{""episode_id"":""8110435e-aa8f-4b6f-822a-983d54a9d50f"",""provenance"":""stm""},{""episode_id"":""9ea1895c-d4a4-484f-9556-a14f5c13998a"",""provenance"":""stm""},{""episode_id"":""a7882ce3-61bf-4c2c-b5a0-e8b46c9ad899"",""provenance"":""stm""},{""episode_id"":""cd88c861-2506-40b8-9171-75634aaec722"",""provenance"":""stm""},{""episode_id"":""3681387f-66db-44e2-b8cc-dec3029d648e"",""provenance"":""stm""},{""episode_id"":""1d084051-3163-4156-a4a9-da839fd639da"",""provenance"":""stm""},{""episode_id"":""1f877424-2615-461d-b608-9954018b9105"",""provenance"":""stm""},{""episode_id"":""38648f01-a2fa-4448-8058-6c2d9833fd4d"",""provenance"":""stm""},{""episode_id"":""81f521ed-fbdf-4b08-ac1f-568b63d9a547"",""provenance"":""stm""},{""episode_id"":""86c4b60e-b525-4089-98ee-9e045d77d805"",""provenance"":""stm""},{""episode_id"":""8afe65a8-2bff-4f17-af23-85c807a7ad9d"",""provenance"":""stm""},{""episode_id"":""a92d5c89-98c1-4a3b-98fc-8e95f5a7dfd2"",""provenance"":""stm""},{""episode_id"":""c706f66b-108c-450d-93ac-a1cc6dedca0f"",""provenance"":""stm""},{""episode_id"":""da8fb148-f8f9-4223-ba3f-26c6ce30dc0c"",""provenance"":""stm""},{""episode_id"":""ee8fca23-fffc-44a0-8659-57078d69bfdd"",""provenance"":""stm""},{""episode_id"":""6f20b7e3-94dc-4983-827e-d8d549f645f9"",""provenance"":""ltm""},{""episode_id"":""efa30fb9-5267-4970-b16d-7fc40b1ca487"",""provenance"":""ltm""},{""episode_id"":""18e97ac6-613e-4edf-814a-0cc689c7b805"",""provenance"":""stm""},{""episode_id"":""4741166b-6f98-47df-8506-37ffc3befcdf"",""provenance"":""stm""},{""episode_id"":""72bc8697-9933-4e81-bb39-a9808290ae9b"",""provenance"":""stm""},{""episode_id"":""86aca7ae-6f1b-4a5a-89f8-43bf8677e828"",""provenance"":""stm""},{""episode_id"":""94fce027-d293-4c63-a5f7-7c0cbb784f7b"",""provenance"":""stm""},{""episode_id"":""99b1cfd5-5dac-4190-a367-19db09afe67b"",""provenance"":""stm""},{""episode_id"":""b6251ff1-25d4-44ee-9495-599f1af13d7f"",""provenance"":""stm""},{""episode_id"":""cc92ad84-e762-4fb8-8aab-f9c353120246"",""provenance"":""stm""},{""episode_id"":""e1b018cb-72c1-4763-a79a-f650bb9dd371"",""provenance"":""stm""},{""episode_id"":""f60af4d8-de22-4d30-9a25-ef9dce89971d"",""provenance"":""stm""},{""episode_id"":""61d8102d-8db5-4fe6-b3ef-17a3f1baa7e1"",""provenance"":""ltm""},{""episode_id"":""a9bb2c9e-48b4-4d3d-828d-7720cc91736c"",""provenance"":""ltm""},{""episode_id"":""b686f2f6-7c52-469c-85fb-1c9891c888ff"",""provenance"":""stm""},{""episode_id"":""0f38c715-c455-4474-87b9-b5f792dfb136"",""provenance"":""stm""},{""episode_id"":""3832d72b-cf6b-4220-a9cd-94a4a0b3a1b3"",""provenance"":""stm""},{""episode_id"":""557c9883-50e2-4e00-91ec-d965616ffbaa"",""provenance"":""stm""},{""episode_id"":""58eb5d03-af83-42fe-9424-e28f888aef6d"",""provenance"":""stm""},{""episode_id"":""6841c779-ee17-4525-ac8c-088efb4c6490"",""provenance"":""stm""},{""episode_id"":""9b0b7bf0-a454-4364-965d-48688e19faea"",""provenance"":""stm""},{""episode_id"":""a3f70b1f-3328-44a8-a2ff-f969d81c95b5"",""provenance"":""stm""},{""episode_id"":""c1a353d7-3410-423f-a5b6-e8ae74d88982"",""provenance"":""stm""},{""episode_id"":""c26945e7-b4b0-486d-9c66-3ea49dc7e3c2"",""provenance"":""stm""},{""episode_id"":""e09859a9-a1f9-4a70-ae40-b417898134eb"",""provenance"":""stm""},{""episode_id"":""47a820b2-eeb4-4a8a-8dfc-b5f66ccab71f"",""provenance"":""stm""},{""episode_id"":""d7303af9-9461-4b75-922f-76bfbb0efbca"",""provenance"":""ltm""},{""episode_id"":""dba57d9b-fb4f-44ee-bf89-c4854c631812"",""provenance"":""ltm""},{""episode_id"":""3c4386c1-c2c6-4b89-820f-085efbbb4b94"",""provenance"":""ltm""},{""episode_id"":""876d6520-8eac-4489-9076-c38604526380"",""provenance"":""ltm""},{""episode_id"":""ef27b25f-b672-4196-9193-4dc687dbd36b"",""provenance"":""ltm""}]"
164,0,33,0,15,15,"[{""episode_id"":""d7303af9-9461-4b75-922f-76bfbb0efbca"",""provenance"":""ltm""},{""episode_id"":""b686f2f6-7c52-469c-85fb-1c9891c888ff"",""provenance"":""ltm""},{""episode_id"":""3c4386c1-c2c6-4b89-820f-085efbbb4b94"",""provenance"":""ltm""},{""episode_id"":""0f38c715-c455-4474-87b9-b5f792dfb136"",""provenance"":""ltm""},{""episode_id"":""dba57d9b-fb4f-44ee-bf89-c4854c631812"",""provenance"":""ltm""},{""episode_id"":""61d8102d-8db5-4fe6-b3ef-17a3f1baa7e1"",""provenance"":""ltm""},{""episode_id"":""a9bb2c9e-48b4-4d3d-828d-7720cc91736c"",""provenance"":""ltm""},{""episode_id"":""6f20b7e3-94dc-4983-827e-d8d549f645f9"",""provenance"":""ltm""},{""episode_id"":""efa30fb9-5267-4970-b16d-7fc40b1ca487"",""provenance"":""ltm""},{""episode_id"":""72bc8697-9933-4e81-bb39-a9808290ae9b"",""provenance"":""ltm""},{""episode_id"":""b6251ff1-25d4-44ee-9495-599f1af13d7f"",""provenance"":""ltm""},{""episode_id"":""361d5d03-9ade-456d-81b0-0fc5ffa89d48"",""provenance"":""ltm""},{""episode_id"":""3681387f-66db-44e2-b8cc-dec3029d648e"",""provenance"":""ltm""},{""episode_id"":""876d6520-8eac-4489-9076-c38604526380"",""provenance"":""ltm""},{""episode_id"":""ef27b25f-b672-4196-9193-4dc687dbd36b"",""provenance"":""ltm""}]"
165,0,37,0,19,19,"[{""episode_id"":""0f38c715-c455-4474-87b9-b5f792dfb136"",""provenance"":""ltm""},{""episode_id"":""61d8102d-8db5-4fe6-b3ef-17a3f1baa7e1"",""provenance"":""ltm""},{""episode_id"":""953a06d8-6c65-45b2-9be7-ea1b695740b0"",""provenance"":""ltm""},{""episode_id"":""a9bb2c9e-48b4-4d3d-828d-7720cc91736c"",""provenance"":""ltm""},{""episode_id"":""6f20b7e3-94dc-4983-827e-d8d549f645f9"",""provenance"":""ltm""},{""episode_id"":""efa30fb9-5267-4970-b16d-7fc40b1ca487"",""provenance"":""ltm""},{""episode_id"":""b686f2f6-7c52-469c-85fb-1c9891c888ff"",""provenance"":""ltm""},{""episode_id"":""4741166b-6f98-47df-8506-37ffc3befcdf"",""provenance"":""ltm""},{""episode_id"":""72bc8697-9933-4e81-bb39-a9808290ae9b"",""provenance"":""ltm""},{""episode_id"":""b6251ff1-25d4-44ee-9495-599f1af13d7f"",""provenance"":""ltm""},{""episode_id"":""361d5d03-9ade-456d-81b0-0fc5ffa89d48"",""provenance"":""ltm""},{""episode_id"":""3681387f-66db-44e2-b8cc-dec3029d648e"",""provenance"":""ltm""},{""episode_id"":""79ec0269-6fbe-4836-bfce-1ba5b3923db1"",""provenance"":""ltm""},{""episode_id"":""dba57d9b-fb4f-44ee-bf89-c4854c631812"",""provenance"":""ltm""},{""episode_id"":""d7303af9-9461-4b75-922f-76bfbb0efbca"",""provenance"":""ltm""},{""episode_id"":""3c4386c1-c2c6-4b89-820f-085efbbb4b94"",""provenance"":""ltm""},{""episode_id"":""506971c2-5dcd-4f59-bb60-230c6cc48cc4"",""provenance"":""ltm""},{""episode_id"":""876d6520-8eac-4489-9076-c38604526380"",""provenance"":""ltm""},{""episode_id"":""ef27b25f-b672-4196-9193-4dc687dbd36b"",""provenance"":""ltm""}]"
166,17,37,0,34,17,"[{""episode_id"":""104e115d-53a4-494c-bb22-8b3956f9a404"",""provenance"":""stm""},{""episode_id"":""5a96be8f-836f-4968-9569-99d92236351f"",""provenance"":""stm""},{""episode_id"":""5d822c74-3eb4-4f8c-839c-26af5f308686"",""provenance"":""stm""},{""episode_id"":""7c616d19-4e27-4f4b-98c3-69733338171b"",""provenance"":""stm""},{""episode_id"":""8b0d2b39-86c8-4b6a-afe6-1d57c7257593"",""provenance"":""stm""},{""episode_id"":""b3331be2-3154-471b-8fe5-6393290f0491"",""provenance"":""stm""},{""episode_id"":""d253524e-1b30-4cb8-9770-4de2ba5ca116"",""provenance"":""stm""},{""episode_id"":""d5319b10-8020-4d51-a377-309b0faef11b"",""provenance"":""stm""},{""episode_id"":""2ff479fb-dd9f-4c79-82f4-9cd7019bd800"",""provenance"":""stm""},{""episode_id"":""300c6207-208a-48f7-a43a-0b3c055e15c9"",""provenance"":""stm""},{""episode_id"":""6dfca794-82da-4db6-96d1-507ac2e91d37"",""provenance"":""stm""},{""episode_id"":""6f20b7e3-94dc-4983-827e-d8d549f645f9"",""provenance"":""stm""},{""episode_id"":""87c694e5-e7ed-494b-9bf8-97f7acea523d"",""provenance"":""stm""},{""episode_id"":""8dda3e94-77d2-41c2-a897-30059c130989"",""provenance"":""stm""},{""episode_id"":""9332e339-1d5d-496c-b128-6011bc520c24"",""provenance"":""stm""},{""episode_id"":""cb0f3244-9037-41de-b2ff-8a03e32d14d4"",""provenance"":""stm""},{""episode_id"":""efa30fb9-5267-4970-b16d-7fc40b1ca487"",""provenance"":""stm""},{""episode_id"":""61d8102d-8db5-4fe6-b3ef-17a3f1baa7e1"",""provenance"":""ltm""},{""episode_id"":""953a06d8-6c65-45b2-9be7-ea1b695740b0"",""provenance"":""ltm""},{""episode_id"":""a9bb2c9e-48b4-4d3d-828d-7720cc91736c"",""provenance"":""ltm""},{""episode_id"":""0f38c715-c455-4474-87b9-b5f792dfb136"",""provenance"":""ltm""},{""episode_id"":""dba57d9b-fb4f-44ee-bf89-c4854c631812"",""provenance"":""ltm""},{""episode_id"":""d7303af9-9461-4b75-922f-76bfbb0efbca"",""provenance"":""ltm""},{""episode_id"":""4741166b-6f98-47df-8506-37ffc3befcdf"",""provenance"":""ltm""},{""episode_id"":""72bc8697-9933-4e81-bb39-a9808290ae9b"",""provenance"":""ltm""},{""episode_id"":""b6251ff1-25d4-44ee-9495-599f1af13d7f"",""provenance"":""ltm""},{""episode_id"":""3c4386c1-c2c6-4b89-820f-085efbbb4b94"",""provenance"":""ltm""},{""episode_id"":""b686f2f6-7c52-469c-85fb-1c9891c888ff"",""provenance"":""ltm""},{""episode_id"":""506971c2-5dcd-4f59-bb60-230c6cc48cc4"",""provenance"":""ltm""},{""episode_id"":""876d6520-8eac-4489-9076-c38604526380"",""provenance"":""ltm""},{""episode_id"":""ef27b25f-b672-4196-9193-4dc687dbd36b"",""provenance"":""ltm""},{""episode_id"":""361d5d03-9ade-456d-81b0-0fc5ffa89d48"",""provenance"":""ltm""},{""episode_id"":""3681387f-66db-44e2-b8cc-dec3029d648e"",""provenance"":""ltm""},{""episode_id"":""79ec0269-6fbe-4836-bfce-1ba5b3923db1"",""provenance"":""ltm""}]"
167,1,37,0,20,19,"[{""episode_id"":""e9f5766f-f9cb-4022-bf1e-66ebe3aa30b2"",""provenance"":""stm""},{""episode_id"":""61d8102d-8db5-4fe6-b3ef-17a3f1baa7e1"",""provenance"":""ltm""},{""episode_id"":""953a06d8-6c65-45b2-9be7-ea1b695740b0"",""provenance"":""ltm""},{""episode_id"":""a9bb2c9e-48b4-4d3d-828d-7720cc91736c"",""provenance"":""ltm""},{""episode_id"":""6f20b7e3-94dc-4983-827e-d8d549f645f9"",""provenance"":""ltm""},{""episode_id"":""efa30fb9-5267-4970-b16d-7fc40b1ca487"",""provenance"":""ltm""},{""episode_id"":""0f38c715-c455-4474-87b9-b5f792dfb136"",""provenance"":""ltm""},{""episode_id"":""d7303af9-9461-4b75-922f-76bfbb0efbca"",""provenance"":""ltm""},{""episode_id"":""dba57d9b-fb4f-44ee-bf89-c4854c631812"",""provenance"":""ltm""},{""episode_id"":""4741166b-6f98-47df-8506-37ffc3befcdf"",""provenance"":""ltm""},{""episode_id"":""72bc8697-9933-4e81-bb39-a9808290ae9b"",""provenance"":""ltm""},{""episode_id"":""b6251ff1-25d4-44ee-9495-599f1af13d7f"",""provenance"":""ltm""},{""episode_id"":""3c4386c1-c2c6-4b89-820f-085efbbb4b94"",""provenance"":""ltm""},{""episode_id"":""b686f2f6-7c52-469c-85fb-1c9891c888ff"",""provenance"":""ltm""},{""episode_id"":""361d5d03-9ade-456d-81b0-0fc5ffa89d48"",""provenance"":""ltm""},{""episode_id"":""3681387f-66db-44e2-b8cc-dec3029d648e"",""provenance"":""ltm""},{""episode_id"":""79ec0269-6fbe-4836-bfce-1ba5b3923db1"",""provenance"":""ltm""},{""episode_id"":""506971c2-5dcd-4f59-bb60-230c6cc48cc4"",""provenance"":""ltm""},{""episode_id"":""876d6520-8eac-4489-9076-c38604526380"",""provenance"":""ltm""},{""episode_id"":""ef27b25f-b672-4196-9193-4dc687dbd36b"",""provenance"":""ltm""}]"
168,30,37,0,46,16,"[{""episode_id"":""e9f5766f-f9cb-4022-bf1e-66ebe3aa30b2"",""provenance"":""stm""},{""episode_id"":""36c73944-279a-4a62-8d0a-10835ec8e2e1"",""provenance"":""stm""},{""episode_id"":""40964617-6fc9-41ae-9c48-107db425ad06"",""provenance"":""stm""},{""episode_id"":""506971c2-5dcd-4f59-bb60-230c6cc48cc4"",""provenance"":""stm""},{""episode_id"":""6289c2ce-f873-4b13-ad14-0ccc5e3d4cbe"",""provenance"":""stm""},{""episode_id"":""64d7fae9-2134-48f0-b73c-c5fac7c2ce7c"",""provenance"":""stm""},{""episode_id"":""8208dc7c-177c-4098-b7ff-a6739ee7bbee"",""provenance"":""stm""},{""episode_id"":""876d6520-8eac-4489-9076-c38604526380"",""provenance"":""stm""},{""episode_id"":""9a16f5c3-5d73-4688-ab6c-77f63571be01"",""provenance"":""stm""},{""episode_id"":""a786e395-1e6e-4338-bb1f-8bbbe25167da"",""provenance"":""stm""},{""episode_id"":""ef27b25f-b672-4196-9193-4dc687dbd36b"",""provenance"":""stm""},{""episode_id"":""0154a54e-d1f0-4d9a-9418-4baffc396204"",""provenance"":""stm""},{""episode_id"":""0c97e95c-5616-4c67-a3bd-399eba330b80"",""provenance"":""stm""},{""episode_id"":""298ef311-ba49-4a2d-bade-afa8afabce89"",""provenance"":""stm""},{""episode_id"":""34432c50-68cc-414b-99a0-276ad2c65e56"",""provenance"":""stm""},{""episode_id"":""aa5e3739-499b-46a9-9313-a9fb000f12a6"",""provenance"":""stm""},{""episode_id"":""ac37a538-4d7d-47c5-a7f2-4b09b2736183"",""provenance"":""stm""},{""episode_id"":""bcdce8a0-f6e1-41bc-bf9f-5de570b066a7"",""provenance"":""stm""},{""episode_id"":""e964df06-0f65-4317-8001-1fa1e0c9b288"",""provenance"":""stm""},{""episode_id"":""f0a74561-32d0-43ed-9ce0-6e173b948c68"",""provenance"":""stm""},{""episode_id"":""248cc1f4-6f60-4ecf-a2c4-cd0fa7f8f00b"",""provenance"":""stm""},{""episode_id"":""4fb07384-4b5d-4438-93e0-055e99efb900"",""provenance"":""stm""},{""episode_id"":""5a5f5b21-adf4-44b8-826f-c63c19e38e34"",""provenance"":""stm""},{""episode_id"":""63b0f26c-ddac-40e9-bee6-6517ca864f23"",""provenance"":""stm""},{""episode_id"":""682b264f-3c7f-424b-93f8-5b60d8359ecd"",""provenance"":""stm""},{""episode_id"":""b6de1ffc-37fe-4edd-b614-200a1911c778"",""provenance"":""stm""},{""episode_id"":""c85695ff-9ba6-47f4-820e-a0bffb299ffe"",""provenance"":""stm""},{""episode_id"":""d2e22f98-6839-440b-9905-ba7e3c2cfe8c"",""provenance"":""stm""},{""episode_id"":""daaf3791-1a9e-4413-8222-309dd9e26e43"",""provenance"":""stm""},{""episode_id"":""ec673929-f600-40cc-ab28-b765e54af3bb"",""provenance"":""stm""},{""episode_id"":""4741166b-6f98-47df-8506-37ffc3befcdf"",""provenance"":""ltm""},{""episode_id"":""72bc8697-9933-4e81-bb39-a9808290ae9b"",""provenance"":""ltm""},{""episode_id"":""b6251ff1-25d4-44ee-9495-599f1af13d7f"",""provenance"":""ltm""},{""episode_id"":""61d8102d-8db5-4fe6-b3ef-17a3f1baa7e1"",""provenance"":""ltm""},{""episode_id"":""953a06d8-6c65-45b2-9be7-ea1b695740b0"",""provenance"":""ltm""},{""episode_id"":""a9bb2c9e-48b4-4d3d-828d-7720cc91736c"",""provenance"":""ltm""},{""episode_id"":""d7303af9-9461-4b75-922f-76bfbb0efbca"",""provenance"":""ltm""},{""episode_id"":""0f38c715-c455-4474-87b9-b5f792dfb136"",""provenance"":""ltm""},{""episode_id"":""6f20b7e3-94dc-4983-827e-d8d549f645f9"",""provenance"":""ltm""},{""episode_id"":""efa30fb9-5267-4970-b16d-7fc40b1ca487"",""provenance"":""ltm""},{""episode_id"":""b686f2f6-7c52-469c-85fb-1c9891c888ff"",""provenance"":""ltm""},{""episode_id"":""3c4386c1-c2c6-4b89-820f-085efbbb4b94"",""provenance"":""ltm""},{""episode_id"":""dba57d9b-fb4f-44ee-bf89-c4854c631812"",""provenance"":""ltm""},{""episode_id"":""361d5d03-9ade-456d-81b0-0fc5ffa89d48"",""provenance"":""ltm""},{""episode_id"":""3681387f-66db-44e2-b8cc-dec3029d648e"",""provenance"":""ltm""},{""episode_id"":""79ec0269-6fbe-4836-bfce-1ba5b3923db1"",""provenance"":""ltm""}]"
169,2,37,0,21,19,"[{""episode_id"":""e9f5766f-f9cb-4022-bf1e-66ebe3aa30b2"",""provenance"":""stm""},{""episode_id"":""4741166b-6f98-47df-8506-37ffc3befcdf"",""provenance"":""ltm""},{""episode_id"":""72bc8697-9933-4e81-bb39-a9808290ae9b"",""provenance"":""ltm""},{""episode_id"":""b6251ff1-25d4-44ee-9495-599f1af13d7f"",""provenance"":""ltm""},{""episode_id"":""b44d1ffd-9702-4f2d-99bb-f11f2f97d5f0"",""provenance"":""stm""},{""episode_id"":""61d8102d-8db5-4fe6-b3ef-17a3f1baa7e1"",""provenance"":""ltm""},{""episode_id"":""953a06d8-6c65-45b2-9be7-ea1b695740b0"",""provenance"":""ltm""},{""episode_id"":""a9bb2c9e-48b4-4d3d-828d-7720cc91736c"",""provenance"":""ltm""},{""episode_id"":""6f20b7e3-94dc-4983-827e-d8d549f645f9"",""provenance"":""ltm""},{""episode_id"":""efa30fb9-5267-4970-b16d-7fc40b1ca487"",""provenance"":""ltm""},{""episode_id"":""d7303af9-9461-4b75-922f-76bfbb0efbca"",""provenance"":""ltm""},{""episode_id"":""0f38c715-c455-4474-87b9-b5f792dfb136"",""provenance"":""ltm""},{""episode_id"":""b686f2f6-7c52-469c-85fb-1c9891c888ff"",""provenance"":""ltm""},{""episode_id"":""3c4386c1-c2c6-4b89-820f-085efbbb4b94"",""provenance"":""ltm""},{""episode_id"":""dba57d9b-fb4f-44ee-bf89-c4854c631812"",""provenance"":""ltm""},{""episode_id"":""361d5d03-9ade-456d-81b0-0fc5ffa89d48"",""provenance"":""ltm""},{""episode_id"":""3681387f-66db-44e2-b8cc-dec3029d648e"",""provenance"":""ltm""},{""episode_id"":""79ec0269-6fbe-4836-bfce-1ba5b3923db1"",""provenance"":""ltm""},{""episode_id"":""506971c2-5dcd-4f59-bb60-230c6cc48cc4"",""provenance"":""ltm""},{""episode_id"":""876d6520-8eac-4489-9076-c38604526380"",""provenance"":""ltm""},{""episode_id"":""ef27b25f-b672-4196-9193-4dc687dbd36b"",""provenance"":""ltm""}]"
170,2,37,0,21,19,"[{""episode_id"":""e26bd539-7edf-4bb4-bc30-7055145e0a75"",""provenance"":""stm""},{""episode_id"":""e9f5766f-f9cb-4022-bf1e-66ebe3aa30b2"",""provenance"":""stm""},{""episode_id"":""d7303af9-9461-4b75-922f-76bfbb0efbca"",""provenance"":""ltm""},{""episode_id"":""6f20b7e3-94dc-4983-827e-d8d549f645f9"",""provenance"":""ltm""},{""episode_id"":""efa30fb9-5267-4970-b16d-7fc40b1ca487"",""provenance"":""ltm""},{""episode_id"":""61d8102d-8db5-4fe6-b3ef-17a3f1baa7e1"",""provenance"":""ltm""},{""episode_id"":""953a06d8-6c65-45b2-9be7-ea1b695740b0"",""provenance"":""ltm""},{""episode_id"":""a9bb2c9e-48b4-4d3d-828d-7720cc91736c"",""provenance"":""ltm""},{""episode_id"":""0f38c715-c455-4474-87b9-b5f792dfb136"",""provenance"":""ltm""},{""episode_id"":""b686f2f6-7c52-469c-85fb-1c9891c888ff"",""provenance"":""ltm""},{""episode_id"":""3c4386c1-c2c6-4b89-820f-085efbbb4b94"",""provenance"":""ltm""},{""episode_id"":""dba57d9b-fb4f-44ee-bf89-c4854c631812"",""provenance"":""ltm""},{""episode_id"":""4741166b-6f98-47df-8506-37ffc3befcdf"",""provenance"":""ltm""},{""episode_id"":""72bc8697-9933-4e81-bb39-a9808290ae9b"",""provenance"":""ltm""},{""episode_id"":""b6251ff1-25d4-44ee-9495-599f1af13d7f"",""provenance"":""ltm""},{""episode_id"":""361d5d03-9ade-456d-81b0-0fc5ffa89d48"",""provenance"":""ltm""},{""episode_id"":""3681387f-66db-44e2-b8cc-dec3029d648e"",""provenance"":""ltm""},{""episode_id"":""79ec0269-6fbe-4836-bfce-1ba5b3923db1"",""provenance"":""ltm""},{""episode_id"":""506971c2-5dcd-4f59-bb60-230c6cc48cc4"",""provenance"":""ltm""},{""episode_id"":""876d6520-8eac-4489-9076-c38604526380"",""provenance"":""ltm""},{""episode_id"":""ef27b25f-b672-4196-9193-4dc687dbd36b"",""provenance"":""ltm""}]"
171,18,37,0,33,15,"[{""episode_id"":""6f20b7e3-94dc-4983-827e-d8d549f645f9"",""provenance"":""ltm""},{""episode_id"":""efa30fb9-5267-4970-b16d-7fc40b1ca487"",""provenance"":""ltm""},{""episode_id"":""0debc7e8-5ed2-4125-b716-64b3a4f39967"",""provenance"":""stm""},{""episode_id"":""1ac0d7d0-10c2-4768-b9b6-a6f2237cdce2"",""provenance"":""stm""},{""episode_id"":""27027481-502c-4e4c-a177-ce660051f67e"",""provenance"":""stm""},{""episode_id"":""58af2ad5-097f-4571-ba1a-8d7b8e79ca31"",""provenance"":""stm""},{""episode_id"":""61d8102d-8db5-4fe6-b3ef-17a3f1baa7e1"",""provenance"":""stm""},{""episode_id"":""906ba882-a75b-4b06-b7e5-43e922996436"",""provenance"":""stm""},{""episode_id"":""953a06d8-6c65-45b2-9be7-ea1b695740b0"",""provenance"":""stm""},{""episode_id"":""99d3eb1d-0e04-485b-a02e-f3703915e7df"",""provenance"":""stm""},{""episode_id"":""a9bb2c9e-48b4-4d3d-828d-7720cc91736c"",""provenance"":""stm""},{""episode_id"":""0669c654-0e61-4305-9c11-628f4bb60eb3"",""provenance"":""stm""},{""episode_id"":""413700d8-5c2a-411a-b178-e9feab0472cc"",""provenance"":""stm""},{""episode_id"":""67289dc1-1026-437b-a82e-a5f229e5e061"",""provenance"":""stm""},{""episode_id"":""88ffad9c-4295-4db8-b5dd-6d81a9f5ab51"",""provenance"":""stm""},{""episode_id"":""b125b0e7-1b0c-49ac-89e1-0d800b56863b"",""provenance"":""stm""},{""episode_id"":""b6fa95ef-d7a6-4fb5-ab74-e713d5925479"",""provenance"":""stm""},{""episode_id"":""ea4ebcb4-f0de-4f3b-938d-f867a49d747c"",""provenance"":""stm""},{""episode_id"":""fd45aa2b-376a-4e19-820a-b5d25f8b23ca"",""provenance"":""stm""},{""episode_id"":""4741166b-6f98-47df-8506-37ffc3befcdf"",""provenance"":""ltm""},{""episode_id"":""72bc8697-9933-4e81-bb39-a9808290ae9b"",""provenance"":""ltm""},{""episode_id"":""b6251ff1-25d4-44ee-9495-599f1af13d7f"",""provenance"":""ltm""},{""episode_id"":""0f38c715-c455-4474-87b9-b5f792dfb136"",""provenance"":""ltm""},{""episode_id"":""b686f2f6-7c52-469c-85fb-1c9891c888ff"",""provenance"":""stm""},{""episode_id"":""dba57d9b-fb4f-44ee-bf89-c4854c631812"",""provenance"":""ltm""},{""episode_id"":""d7303af9-9461-4b75-922f-76bfbb0efbca"",""provenance"":""ltm""},{""episode_id"":""3c4386c1-c2c6-4b89-820f-085efbbb4b94"",""provenance"":""ltm""},{""episode_id"":""506971c2-5dcd-4f59-bb60-230c6cc48cc4"",""provenance"":""ltm""},{""episode_id"":""876d6520-8eac-4489-9076-c38604526380"",""provenance"":""ltm""},{""episode_id"":""ef27b25f-b672-4196-9193-4dc687dbd36b"",""provenance"":""ltm""},{""episode_id"":""361d5d03-9ade-456d-81b0-0fc5ffa89d48"",""provenance"":""ltm""},{""episode_id"":""3681387f-66db-44e2-b8cc-dec3029d648e"",""provenance"":""ltm""},{""episode_id"":""79ec0269-6fbe-4836-bfce-1ba5b3923db1"",""provenance"":""ltm""}]"
172,0,37,0,19,19,"[{""episode_id"":""3c4386c1-c2c6-4b89-820f-085efbbb4b94"",""provenance"":""ltm""},{""episode_id"":""b686f2f6-7c52-469c-85fb-1c9891c888ff"",""provenance"":""ltm""},{""episode_id"":""dba57d9b-fb4f-44ee-bf89-c4854c631812"",""provenance"":""ltm""},{""episode_id"":""d7303af9-9461-4b75-922f-76bfbb0efbca"",""provenance"":""ltm""},{""episode_id"":""0f38c715-c455-4474-87b9-b5f792dfb136"",""provenance"":""ltm""},{""episode_id"":""4741166b-6f98-47df-8506-37ffc3befcdf"",""provenance"":""ltm""},{""episode_id"":""72bc8697-9933-4e81-bb39-a9808290ae9b"",""provenance"":""ltm""},{""episode_id"":""b6251ff1-25d4-44ee-9495-599f1af13d7f"",""provenance"":""ltm""},{""episode_id"":""61d8102d-8db5-4fe6-b3ef-17a3f1baa7e1"",""provenance"":""ltm""},{""episode_id"":""953a06d8-6c65-45b2-9be7-ea1b695740b0"",""provenance"":""ltm""},{""episode_id"":""a9bb2c9e-48b4-4d3d-828d-7720cc91736c"",""provenance"":""ltm""},{""episode_id"":""361d5d03-9ade-456d-81b0-0fc5ffa89d48"",""provenance"":""ltm""},{""episode_id"":""3681387f-66db-44e2-b8cc-dec3029d648e"",""provenance"":""ltm""},{""episode_id"":""79ec0269-6fbe-4836-bfce-1ba5b3923db1"",""provenance"":""ltm""},{""episode_id"":""6f20b7e3-94dc-4983-827e-d8d549f645f9"",""provenance"":""ltm""},{""episode_id"":""efa30fb9-5267-4970-b16d-7fc40b1ca487"",""provenance"":""ltm""},{""episode_id"":""506971c2-5dcd-4f59-bb60-230c6cc48cc4"",""provenance"":""ltm""},{""episode_id"":""876d6520-8eac-4489-9076-c38604526380"",""provenance"":""ltm""},{""episode_id"":""ef27b25f-b672-4196-9193-4dc687dbd36b"",""provenance"":""ltm""}]"
173,7,37,0,26,19,"[{""episode_id"":""e9f5766f-f9cb-4022-bf1e-66ebe3aa30b2"",""provenance"":""stm""},{""episode_id"":""c415f08c-52e0-4f09-b4e7-877dfe9dc4a8"",""provenance"":""stm""},{""episode_id"":""1f8121e1-3a04-4a42-86e5-0b952602d179"",""provenance"":""stm""},{""episode_id"":""e26bd539-7edf-4bb4-bc30-7055145e0a75"",""provenance"":""stm""},{""episode_id"":""9fcde09b-2d42-4368-896d-df8604cd9c29"",""provenance"":""stm""},{""episode_id"":""566ca59b-ad17-4a25-9237-a835a5abe5ba"",""provenance"":""stm""},{""episode_id"":""0f38c715-c455-4474-87b9-b5f792dfb136"",""provenance"":""ltm""},{""episode_id"":""b44d1ffd-9702-4f2d-99bb-f11f2f97d5f0"",""provenance"":""stm""},{""episode_id"":""61d8102d-8db5-4fe6-b3ef-17a3f1baa7e1"",""provenance"":""ltm""},{""episode_id"":""953a06d8-6c65-45b2-9be7-ea1b695740b0"",""provenance"":""ltm""},{""episode_id"":""a9bb2c9e-48b4-4d3d-828d-7720cc91736c"",""provenance"":""ltm""},{""episode_id"":""6f20b7e3-94dc-4983-827e-d8d549f645f9"",""provenance"":""ltm""},{""episode_id"":""efa30fb9-5267-4970-b16d-7fc40b1ca487"",""provenance"":""ltm""},{""episode_id"":""b686f2f6-7c52-469c-85fb-1c9891c888ff"",""provenance"":""ltm""},{""episode_id"":""4741166b-6f98-47df-8506-37ffc3befcdf"",""provenance"":""ltm""},{""episode_id"":""72bc8697-9933-4e81-bb39-a9808290ae9b"",""provenance"":""ltm""},{""episode_id"":""b6251ff1-25d4-44ee-9495-599f1af13d7f"",""provenance"":""ltm""},{""episode_id"":""361d5d03-9ade-456d-81b0-0fc5ffa89d48"",""provenance"":""ltm""},{""episode_id"":""3681387f-66db-44e2-b8cc-dec3029d648e"",""provenance"":""ltm""},{""episode_id"":""79ec0269-6fbe-4836-bfce-1ba5b3923db1"",""provenance"":""ltm""},{""episode_id"":""dba57d9b-fb4f-44ee-bf89-c4854c631812"",""provenance"":""ltm""},{""episode_id"":""d7303af9-9461-4b75-922f-76bfbb0efbca"",""provenance"":""ltm""},{""episode_id"":""3c4386c1-c2c6-4b89-820f-085efbbb4b94"",""provenance"":""ltm""},{""episode_id"":""506971c2-5dcd-4f59-bb60-230c6cc48cc4"",""provenance"":""ltm""},{""episode_id"":""876d6520-8eac-4489-9076-c38604526380"",""provenance"":""ltm""},{""episode_id"":""ef27b25f-b672-4196-9193-4dc687dbd36b"",""provenance"":""ltm""}]"
174,22,37,0,39,17,"[{""episode_id"":""9fcde09b-2d42-4368-896d-df8604cd9c29"",""provenance"":""stm""},{""episode_id"":""1f8121e1-3a04-4a42-86e5-0b952602d179"",""provenance"":""stm""},{""episode_id"":""e9f5766f-f9cb-4022-bf1e-66ebe3aa30b2"",""provenance"":""stm""},{""episode_id"":""b44d1ffd-9702-4f2d-99bb-f11f2f97d5f0"",""provenance"":""stm""},{""episode_id"":""c415f08c-52e0-4f09-b4e7-877dfe9dc4a8"",""provenance"":""stm""},{""episode_id"":""104e115d-53a4-494c-bb22-8b3956f9a404"",""provenance"":""stm""},{""episode_id"":""5a96be8f-836f-4968-9569-99d92236351f"",""provenance"":""stm""},{""episode_id"":""5d822c74-3eb4-4f8c-839c-26af5f308686"",""provenance"":""stm""},{""episode_id"":""7c616d19-4e27-4f4b-98c3-69733338171b"",""provenance"":""stm""},{""episode_id"":""8b0d2b39-86c8-4b6a-afe6-1d57c7257593"",""provenance"":""stm""},{""episode_id"":""b3331be2-3154-471b-8fe5-6393290f0491"",""provenance"":""stm""},{""episode_id"":""d253524e-1b30-4cb8-9770-4de2ba5ca116"",""provenance"":""stm""},{""episode_id"":""d5319b10-8020-4d51-a377-309b0faef11b"",""provenance"":""stm""},{""episode_id"":""2ff479fb-dd9f-4c79-82f4-9cd7019bd800"",""provenance"":""stm""},{""episode_id"":""300c6207-208a-48f7-a43a-0b3c055e15c9"",""provenance"":""stm""},{""episode_id"":""6dfca794-82da-4db6-96d1-507ac2e91d37"",""provenance"":""stm""},{""episode_id"":""6f20b7e3-94dc-4983-827e-d8d549f645f9"",""provenance"":""stm""},{""episode_id"":""87c694e5-e7ed-494b-9bf8-97f7acea523d"",""provenance"":""stm""},{""episode_id"":""8dda3e94-77d2-41c2-a897-30059c130989"",""provenance"":""stm""},{""episode_id"":""9332e339-1d5d-496c-b128-6011bc520c24"",""provenance"":""stm""},{""episode_id"":""cb0f3244-9037-41de-b2ff-8a03e32d14d4"",""provenance"":""stm""},{""episode_id"":""efa30fb9-5267-4970-b16d-7fc40b1ca487"",""provenance"":""stm""},{""episode_id"":""61d8102d-8db5-4fe6-b3ef-17a3f1baa7e1"",""provenance"":""ltm""},{""episode_id"":""953a06d8-6c65-45b2-9be7-ea1b695740b0"",""provenance"":""ltm""},{""episode_id"":""a9bb2c9e-48b4-4d3d-828d-7720cc91736c"",""provenance"":""ltm""},{""episode_id"":""0f38c715-c455-4474-87b9-b5f792dfb136"",""provenance"":""ltm""},{""episode_id"":""dba57d9b-fb4f-44ee-bf89-c4854c631812"",""provenance"":""ltm""},{""episode_id"":""d7303af9-9461-4b75-922f-76bfbb0efbca"",""provenance"":""ltm""},{""episode_id"":""4741166b-6f98-47df-8506-37ffc3befcdf"",""provenance"":""ltm""},{""episode_id"":""72bc8697-9933-4e81-bb39-a9808290ae9b"",""provenance"":""ltm""},{""episode_id"":""b6251ff1-25d4-44ee-9495-599f1af13d7f"",""provenance"":""ltm""},{""episode_id"":""3c4386c1-c2c6-4b89-820f-085efbbb4b94"",""provenance"":""ltm""},{""episode_id"":""b686f2f6-7c52-469c-85fb-1c9891c888ff"",""provenance"":""ltm""},{""episode_id"":""506971c2-5dcd-4f59-bb60-230c6cc48cc4"",""provenance"":""ltm""},{""episode_id"":""876d6520-8eac-4489-9076-c38604526380"",""provenance"":""ltm""},{""episode_id"":""ef27b25f-b672-4196-9193-4dc687dbd36b"",""provenance"":""ltm""},{""episode_id"":""361d5d03-9ade-456d-81b0-0fc5ffa89d48"",""provenance"":""ltm""},{""episode_id"":""3681387f-66db-44e2-b8cc-dec3029d648e"",""provenance"":""ltm""},{""episode_id"":""79ec0269-6fbe-4836-bfce-1ba5b3923db1"",""provenance"":""ltm""}]"
175,5,37,0,24,19,"[{""episode_id"":""b44d1ffd-9702-4f2d-99bb-f11f2f97d5f0"",""provenance"":""stm""},{""episode_id"":""6e06c854-1066-421d-9afc-0c9dbeff799a"",""provenance"":""stm""},{""episode_id"":""e9f5766f-f9cb-4022-bf1e-66ebe3aa30b2"",""provenance"":""stm""},{""episode_id"":""61d8102d-8db5-4fe6-b3ef-17a3f1baa7e1"",""provenance"":""ltm""},{""episode_id"":""953a06d8-6c65-45b2-9be7-ea1b695740b0"",""provenance"":""ltm""},{""episode_id"":""a9bb2c9e-48b4-4d3d-828d-7720cc91736c"",""provenance"":""ltm""},{""episode_id"":""c415f08c-52e0-4f09-b4e7-877dfe9dc4a8"",""provenance"":""stm""},{""episode_id"":""9fcde09b-2d42-4368-896d-df8604cd9c29"",""provenance"":""stm""},{""episode_id"":""6f20b7e3-94dc-4983-827e-d8d549f645f9"",""provenance"":""ltm""},{""episode_id"":""efa30fb9-5267-4970-b16d-7fc40b1ca487"",""provenance"":""ltm""},{""episode_id"":""0f38c715-c455-4474-87b9-b5f792dfb136"",""provenance"":""ltm""},{""episode_id"":""d7303af9-9461-4b75-922f-76bfbb0efbca"",""provenance"":""ltm""},{""episode_id"":""dba57d9b-fb4f-44ee-bf89-c4854c631812"",""provenance"":""ltm""},{""episode_id"":""4741166b-6f98-47df-8506-37ffc3befcdf"",""provenance"":""ltm""},{""episode_id"":""72bc8697-9933-4e81-bb39-a9808290ae9b"",""provenance"":""ltm""},{""episode_id"":""b6251ff1-25d4-44ee-9495-599f1af13d7f"",""provenance"":""ltm""},{""episode_id"":""3c4386c1-c2c6-4b89-820f-085efbbb4b94"",""provenance"":""ltm""},{""episode_id"":""b686f2f6-7c52-469c-85fb-1c9891c888ff"",""provenance"":""ltm""},{""episode_id"":""361d5d03-9ade-456d-81b0-0fc5ffa89d48"",""provenance"":""ltm""},{""episode_id"":""3681387f-66db-44e2-b8cc-dec3029d648e"",""provenance"":""ltm""},{""episode_id"":""79ec0269-6fbe-4836-bfce-1ba5b3923db1"",""provenance"":""ltm""},{""episode_id"":""506971c2-5dcd-4f59-bb60-230c6cc48cc4"",""provenance"":""ltm""},{""episode_id"":""876d6520-8eac-4489-9076-c38604526380"",""provenance"":""ltm""},{""episode_id"":""ef27b25f-b672-4196-9193-4dc687dbd36b"",""provenance"":""ltm""}]"
176,35,37,0,51,16,"[{""episode_id"":""e26bd539-7edf-4bb4-bc30-7055145e0a75"",""provenance"":""stm""},{""episode_id"":""c415f08c-52e0-4f09-b4e7-877dfe9dc4a8"",""provenance"":""stm""},{""episode_id"":""6e06c854-1066-421d-9afc-0c9dbeff799a"",""provenance"":""stm""},{""episode_id"":""e9f5766f-f9cb-4022-bf1e-66ebe3aa30b2"",""provenance"":""stm""},{""episode_id"":""36c73944-279a-4a62-8d0a-10835ec8e2e1"",""provenance"":""stm""},{""episode_id"":""40964617-6fc9-41ae-9c48-107db425ad06"",""provenance"":""stm""},{""episode_id"":""506971c2-5dcd-4f59-bb60-230c6cc48cc4"",""provenance"":""stm""},{""episode_id"":""6289c2ce-f873-4b13-ad14-0ccc5e3d4cbe"",""provenance"":""stm""},{""episode_id"":""64d7fae9-2134-48f0-b73c-c5fac7c2ce7c"",""provenance"":""stm""},{""episode_id"":""8208dc7c-177c-4098-b7ff-a6739ee7bbee"",""provenance"":""stm""},{""episode_id"":""876d6520-8eac-4489-9076-c38604526380"",""provenance"":""stm""},{""episode_id"":""9a16f5c3-5d73-4688-ab6c-77f63571be01"",""provenance"":""stm""},{""episode_id"":""a786e395-1e6e-4338-bb1f-8bbbe25167da"",""provenance"":""stm""},{""episode_id"":""ef27b25f-b672-4196-9193-4dc687dbd36b"",""provenance"":""stm""},{""episode_id"":""1f8121e1-3a04-4a42-86e5-0b952602d179"",""provenance"":""stm""},{""episode_id"":""0154a54e-d1f0-4d9a-9418-4baffc396204"",""provenance"":""stm""},{""episode_id"":""0c97e95c-5616-4c67-a3bd-399eba330b80"",""provenance"":""stm""},{""episode_id"":""298ef311-ba49-4a2d-bade-afa8afabce89"",""provenance"":""stm""},{""episode_id"":""34432c50-68cc-414b-99a0-276ad2c65e56"",""provenance"":""stm""},{""episode_id"":""aa5e3739-499b-46a9-9313-a9fb000f12a6"",""provenance"":""stm""},{""episode_id"":""ac37a538-4d7d-47c5-a7f2-4b09b2736183"",""provenance"":""stm""},{""episode_id"":""bcdce8a0-f6e1-41bc-bf9f-5de570b066a7"",""provenance"":""stm""},{""episode_id"":""e964df06-0f65-4317-8001-1fa1e0c9b288"",""provenance"":""stm""},{""episode_id"":""f0a74561-32d0-43ed-9ce0-6e173b948c68"",""provenance"":""stm""},{""episode_id"":""248cc1f4-6f60-4ecf-a2c4-cd0fa7f8f00b"",""provenance"":""stm""},{""episode_id"":""4fb07384-4b5d-4438-93e0-055e99efb900"",""provenance"":""stm""},{""episode_id"":""5a5f5b21-adf4-44b8-826f-c63c19e38e34"",""provenance"":""stm""},{""episode_id"":""63b0f26c-ddac-40e9-bee6-6517ca864f23"",""provenance"":""stm""},{""episode_id"":""682b264f-3c7f-424b-93f8-5b60d8359ecd"",""provenance"":""stm""},{""episode_id"":""b6de1ffc-37fe-4edd-b614-200a1911c778"",""provenance"":""stm""},{""episode_id"":""c85695ff-9ba6-47f4-820e-a0bffb299ffe"",""provenance"":""stm""},{""episode_id"":""d2e22f98-6839-440b-9905-ba7e3c2cfe8c"",""provenance"":""stm""},{""episode_id"":""daaf3791-1a9e-4413-8222-309dd9e26e43"",""provenance"":""stm""},{""episode_id"":""ec673929-f600-40cc-ab28-b765e54af3bb"",""provenance"":""stm""},{""episode_id"":""566ca59b-ad17-4a25-9237-a835a5abe5ba"",""provenance"":""stm""},{""episode_id"":""4741166b-6f98-47df-8506-37ffc3befcdf"",""provenance"":""ltm""},{""episode_id"":""72bc8697-9933-4e81-bb39-a9808290ae9b"",""provenance"":""ltm""},{""episode_id"":""b6251ff1-25d4-44ee-9495-599f1af13d7f"",""provenance"":""ltm""},{""episode_id"":""61d8102d-8db5-4fe6-b3ef-17a3f1baa7e1"",""provenance"":""ltm""},{""episode_id"":""953a06d8-6c65-45b2-9be7-ea1b695740b0"",""provenance"":""ltm""},{""episode_id"":""a9bb2c9e-48b4-4d3d-828d-7720cc91736c"",""provenance"":""ltm""},{""episode_id"":""d7303af9-9461-4b75-922f-76bfbb0efbca"",""provenance"":""ltm""},{""episode_id"":""0f38c715-c455-4474-87b9-b5f792dfb136"",""provenance"":""ltm""},{""episode_id"":""6f20b7e3-94dc-4983-827e-d8d549f645f9"",""provenance"":""ltm""},{""episode_id"":""efa30fb9-5267-4970-b16d-7fc40b1ca487"",""provenance"":""ltm""},{""episode_id"":""b686f2f6-7c52-469c-85fb-1c9891c888ff"",""provenance"":""ltm""},{""episode_id"":""3c4386c1-c2c6-4b89-820f-085efbbb4b94"",""provenance"":""ltm""},{""episode_id"":""dba57d9b-fb4f-44ee-bf89-c4854c631812"",""provenance"":""ltm""},{""episode_id"":""361d5d03-9ade-456d-81b0-0fc5ffa89d48"",""provenance"":""ltm""},{""episode_id"":""3681387f-66db-44e2-b8cc-dec3029d648e"",""provenance"":""ltm""},{""episode_id"":""79ec0269-6fbe-4836-bfce-1ba5b3923db1"",""provenance"":""ltm""}]"
177,9,37,0,28,19,"[{""episode_id"":""566ca59b-ad17-4a25-9237-a835a5abe5ba"",""provenance"":""stm""},{""episode_id"":""d7a93c18-cefa-4f00-a632-7591bf815ab1"",""provenance"":""stm""},{""episode_id"":""6e06c854-1066-421d-9afc-0c9dbeff799a"",""provenance"":""stm""},{""episode_id"":""e9f5766f-f9cb-4022-bf1e-66ebe3aa30b2"",""provenance"":""stm""},{""episode_id"":""c415f08c-52e0-4f09-b4e7-877dfe9dc4a8"",""provenance"":""stm""},{""episode_id"":""4741166b-6f98-47df-8506-37ffc3befcdf"",""provenance"":""ltm""},{""episode_id"":""72bc8697-9933-4e81-bb39-a9808290ae9b"",""provenance"":""ltm""},{""episode_id"":""b6251ff1-25d4-44ee-9495-599f1af13d7f"",""provenance"":""ltm""},{""episode_id"":""170e8f38-50e3-4513-b525-8b36990ffd44"",""provenance"":""stm""},{""episode_id"":""b44d1ffd-9702-4f2d-99bb-f11f2f97d5f0"",""provenance"":""stm""},{""episode_id"":""e26bd539-7edf-4bb4-bc30-7055145e0a75"",""provenance"":""stm""},{""episode_id"":""1f8121e1-3a04-4a42-86e5-0b952602d179"",""provenance"":""stm""},{""episode_id"":""61d8102d-8db5-4fe6-b3ef-17a3f1baa7e1"",""provenance"":""ltm""},{""episode_id"":""953a06d8-6c65-45b2-9be7-ea1b695740b0"",""provenance"":""ltm""},{""episode_id"":""a9bb2c9e-48b4-4d3d-828d-7720cc91736c"",""provenance"":""ltm""},{""episode_id"":""6f20b7e3-94dc-4983-827e-d8d549f645f9"",""provenance"":""ltm""},{""episode_id"":""efa30fb9-5267-4970-b16d-7fc40b1ca487"",""provenance"":""ltm""},{""episode_id"":""d7303af9-9461-4b75-922f-76bfbb0efbca"",""provenance"":""ltm""},{""episode_id"":""0f38c715-c455-4474-87b9-b5f792dfb136"",""provenance"":""ltm""},{""episode_id"":""b686f2f6-7c52-469c-85fb-1c9891c888ff"",""provenance"":""ltm""},{""episode_id"":""3c4386c1-c2c6-4b89-820f-085efbbb4b94"",""provenance"":""ltm""},{""episode_id"":""dba57d9b-fb4f-44ee-bf89-c4854c631812"",""provenance"":""ltm""},{""episode_id"":""361d5d03-9ade-456d-81b0-0fc5ffa89d48"",""provenance"":""ltm""},{""episode_id"":""3681387f-66db-44e2-b8cc-dec3029d648e"",""provenance"":""ltm""},{""episode_id"":""79ec0269-6fbe-4836-bfce-1ba5b3923db1"",""provenance"":""ltm""},{""episode_id"":""506971c2-5dcd-4f59-bb60-230c6cc48cc4"",""provenance"":""ltm""},{""episode_id"":""876d6520-8eac-4489-9076-c38604526380"",""provenance"":""ltm""},{""episode_id"":""ef27b25f-b672-4196-9193-4dc687dbd36b"",""provenance"":""ltm""}]"
178,5,37,0,24,19,"[{""episode_id"":""c415f08c-52e0-4f09-b4e7-877dfe9dc4a8"",""provenance"":""stm""},{""episode_id"":""e26bd539-7edf-4bb4-bc30-7055145e0a75"",""provenance"":""stm""},{""episode_id"":""e3600116-e784-45ee-a8c0-580fecb9fcc3"",""provenance"":""stm""},{""episode_id"":""6e06c854-1066-421d-9afc-0c9dbeff799a"",""provenance"":""stm""},{""episode_id"":""e9f5766f-f9cb-4022-bf1e-66ebe3aa30b2"",""provenance"":""stm""},{""episode_id"":""d7303af9-9461-4b75-922f-76bfbb0efbca"",""provenance"":""ltm""},{""episode_id"":""6f20b7e3-94dc-4983-827e-d8d549f645f9"",""provenance"":""ltm""},{""episode_id"":""efa30fb9-5267-4970-b16d-7fc40b1ca487"",""provenance"":""ltm""},{""episode_id"":""61d8102d-8db5-4fe6-b3ef-17a3f1baa7e1"",""provenance"":""ltm""},{""episode_id"":""953a06d8-6c65-45b2-9be7-ea1b695740b0"",""provenance"":""ltm""},{""episode_id"":""a9bb2c9e-48b4-4d3d-828d-7720cc91736c"",""provenance"":""ltm""},{""episode_id"":""0f38c715-c455-4474-87b9-b5f792dfb136"",""provenance"":""ltm""},{""episode_id"":""b686f2f6-7c52-469c-85fb-1c9891c888ff"",""provenance"":""ltm""},{""episode_id"":""3c4386c1-c2c6-4b89-820f-085efbbb4b94"",""provenance"":""ltm""},{""episode_id"":""dba57d9b-fb4f-44ee-bf89-c4854c631812"",""provenance"":""ltm""},{""episode_id"":""4741166b-6f98-47df-8506-37ffc3befcdf"",""provenance"":""ltm""},{""episode_id"":""72bc8697-9933-4e81-bb39-a9808290ae9b"",""provenance"":""ltm""},{""episode_id"":""b6251ff1-25d4-44ee-9495-599f1af13d7f"",""provenance"":""ltm""},{""episode_id"":""361d5d03-9ade-456d-81b0-0fc5ffa89d48"",""provenance"":""ltm""},{""episode_id"":""3681387f-66db-44e2-b8cc-dec3029d648e"",""provenance"":""ltm""},{""episode_id"":""79ec0269-6fbe-4836-bfce-1ba5b3923db1"",""provenance"":""ltm""},{""episode_id"":""506971c2-5dcd-4f59-bb60-230c6cc48cc4"",""provenance"":""ltm""},{""episode_id"":""876d6520-8eac-4489-9076-c38604526380"",""provenance"":""ltm""},{""episode_id"":""ef27b25f-b672-4196-9193-4dc687dbd36b"",""provenance"":""ltm""}]"
179,19,37,0,34,15,"[{""episode_id"":""1f8121e1-3a04-4a42-86e5-0b952602d179"",""provenance"":""stm""},{""episode_id"":""6f20b7e3-94dc-4983-827e-d8d549f645f9"",""provenance"":""ltm""},{""episode_id"":""efa30fb9-5267-4970-b16d-7fc40b1ca487"",""provenance"":""ltm""},{""episode_id"":""0debc7e8-5ed2-4125-b716-64b3a4f39967"",""provenance"":""stm""},{""episode_id"":""1ac0d7d0-10c2-4768-b9b6-a6f2237cdce2"",""provenance"":""stm""},{""episode_id"":""27027481-502c-4e4c-a177-ce660051f67e"",""provenance"":""stm""},{""episode_id"":""58af2ad5-097f-4571-ba1a-8d7b8e79ca31"",""provenance"":""stm""},{""episode_id"":""61d8102d-8db5-4fe6-b3ef-17a3f1baa7e1"",""provenance"":""stm""},{""episode_id"":""906ba882-a75b-4b06-b7e5-43e922996436"",""provenance"":""stm""},{""episode_id"":""953a06d8-6c65-45b2-9be7-ea1b695740b0"",""provenance"":""stm""},{""episode_id"":""99d3eb1d-0e04-485b-a02e-f3703915e7df"",""provenance"":""stm""},{""episode_id"":""a9bb2c9e-48b4-4d3d-828d-7720cc91736c"",""provenance"":""stm""},{""episode_id"":""0669c654-0e61-4305-9c11-628f4bb60eb3"",""provenance"":""stm""},{""episode_id"":""413700d8-5c2a-411a-b178-e9feab0472cc"",""provenance"":""stm""},{""episode_id"":""67289dc1-1026-437b-a82e-a5f229e5e061"",""provenance"":""stm""},{""episode_id"":""88ffad9c-4295-4db8-b5dd-6d81a9f5ab51"",""provenance"":""stm""},{""episode_id"":""b125b0e7-1b0c-49ac-89e1-0d800b56863b"",""provenance"":""stm""},{""episode_id"":""b6fa95ef-d7a6-4fb5-ab74-e713d5925479"",""provenance"":""stm""},{""episode_id"":""ea4ebcb4-f0de-4f3b-938d-f867a49d747c"",""provenance"":""stm""},{""episode_id"":""fd45aa2b-376a-4e19-820a-b5d25f8b23ca"",""provenance"":""stm""},{""episode_id"":""4741166b-6f98-47df-8506-37ffc3befcdf"",""provenance"":""ltm""},{""episode_id"":""72bc8697-9933-4e81-bb39-a9808290ae9b"",""provenance"":""ltm""},{""episode_id"":""b6251ff1-25d4-44ee-9495-599f1af13d7f"",""provenance"":""ltm""},{""episode_id"":""0f38c715-c455-4474-87b9-b5f792dfb136"",""provenance"":""ltm""},{""episode_id"":""b686f2f6-7c52-469c-85fb-1c9891c888ff"",""provenance"":""stm""},{""episode_id"":""dba57d9b-fb4f-44ee-bf89-c4854c631812"",""provenance"":""ltm""},{""episode_id"":""d7303af9-9461-4b75-922f-76bfbb0efbca"",""provenance"":""ltm""},{""episode_id"":""3c4386c1-c2c6-4b89-820f-085efbbb4b94"",""provenance"":""ltm""},{""episode_id"":""506971c2-5dcd-4f59-bb60-230c6cc48cc4"",""provenance"":""ltm""},{""episode_id"":""876d6520-8eac-4489-9076-c38604526380"",""provenance"":""ltm""},{""episode_id"":""ef27b25f-b672-4196-9193-4dc687dbd36b"",""provenance"":""ltm""},{""episode_id"":""361d5d03-9ade-456d-81b0-0fc5ffa89d48"",""provenance"":""ltm""},{""episode_id"":""3681387f-66db-44e2-b8cc-dec3029d648e"",""provenance"":""ltm""},{""episode_id"":""79ec0269-6fbe-4836-bfce-1ba5b3923db1"",""provenance"":""ltm""}]"
180,1,37,0,20,19,"[{""episode_id"":""d7a93c18-cefa-4f00-a632-7591bf815ab1"",""provenance"":""stm""},{""episode_id"":""3c4386c1-c2c6-4b89-820f-085efbbb4b94"",""provenance"":""ltm""},{""episode_id"":""b686f2f6-7c52-469c-85fb-1c9891c888ff"",""provenance"":""ltm""},{""episode_id"":""dba57d9b-fb4f-44ee-bf89-c4854c631812"",""provenance"":""ltm""},{""episode_id"":""d7303af9-9461-4b75-922f-76bfbb0efbca"",""provenance"":""ltm""},{""episode_id"":""0f38c715-c455-4474-87b9-b5f792dfb136"",""provenance"":""ltm""},{""episode_id"":""4741166b-6f98-47df-8506-37ffc3befcdf"",""provenance"":""ltm""},{""episode_id"":""72bc8697-9933-4e81-bb39-a9808290ae9b"",""provenance"":""ltm""},{""episode_id"":""b6251ff1-25d4-44ee-9495-599f1af13d7f"",""provenance"":""ltm""},{""episode_id"":""61d8102d-8db5-4fe6-b3ef-17a3f1baa7e1"",""provenance"":""ltm""},{""episode_id"":""953a06d8-6c65-45b2-9be7-ea1b695740b0"",""provenance"":""ltm""},{""episode_id"":""a9bb2c9e-48b4-4d3d-828d-7720cc91736c"",""provenance"":""ltm""},{""episode_id"":""361d5d03-9ade-456d-81b0-0fc5ffa89d48"",""provenance"":""ltm""},{""episode_id"":""3681387f-66db-44e2-b8cc-dec3029d648e"",""provenance"":""ltm""},{""episode_id"":""79ec0269-6fbe-4836-bfce-1ba5b3923db1"",""provenance"":""ltm""},{""episode_id"":""6f20b7e3-94dc-4983-827e-d8d549f645f9"",""provenance"":""ltm""},{""episode_id"":""efa30fb9-5267-4970-b16d-7fc40b1ca487"",""provenance"":""ltm""},{""episode_id"":""506971c2-5dcd-4f59-bb60-230c6cc48cc4"",""provenance"":""ltm""},{""episode_id"":""876d6520-8eac-4489-9076-c38604526380"",""provenance"":""ltm""},{""episode_id"":""ef27b25f-b672-4196-9193-4dc687dbd36b"",""provenance"":""ltm""}]"
181,14,37,0,33,19,"[{""episode_id"":""6e06c854-1066-421d-9afc-0c9dbeff799a"",""provenance"":""stm""},{""episode_id"":""e9f5766f-f9cb-4022-bf1e-66ebe3aa30b2"",""provenance"":""stm""},{""episode_id"":""4d50cb1a-7e46-4c86-9a85-b4e52e94c4b8"",""provenance"":""stm""},{""episode_id"":""c415f08c-52e0-4f09-b4e7-877dfe9dc4a8"",""provenance"":""stm""},{""episode_id"":""1f8121e1-3a04-4a42-86e5-0b952602d179"",""provenance"":""stm""},{""episode_id"":""5e25d7b2-9822-4221-9f9a-c5b0b29e7a7b"",""provenance"":""stm""},{""episode_id"":""e26bd539-7edf-4bb4-bc30-7055145e0a75"",""provenance"":""stm""},{""episode_id"":""e3600116-e784-45ee-a8c0-580fecb9fcc3"",""provenance"":""stm""},{""episode_id"":""9fcde09b-2d42-4368-896d-df8604cd9c29"",""provenance"":""stm""},{""episode_id"":""fb431544-5bbd-41ca-a8c6-569993317df4"",""provenance"":""stm""},{""episode_id"":""006ef35d-7506-4a99-abe1-c6e858ede6ba"",""provenance"":""stm""},{""episode_id"":""566ca59b-ad17-4a25-9237-a835a5abe5ba"",""provenance"":""stm""},{""episode_id"":""0f38c715-c455-4474-87b9-b5f792dfb136"",""provenance"":""ltm""},{""episode_id"":""170e8f38-50e3-4513-b525-8b36990ffd44"",""provenance"":""stm""},{""episode_id"":""b44d1ffd-9702-4f2d-99bb-f11f2f97d5f0"",""provenance"":""stm""},{""episode_id"":""61d8102d-8db5-4fe6-b3ef-17a3f1baa7e1"",""provenance"":""ltm""},{""episode_id"":""953a06d8-6c65-45b2-9be7-ea1b695740b0"",""provenance"":""ltm""},{""episode_id"":""a9bb2c9e-48b4-4d3d-828d-7720cc91736c"",""provenance"":""ltm""},{""episode_id"":""6f20b7e3-94dc-4983-827e-d8d549f645f9"",""provenance"":""ltm""},{""episode_id"":""efa30fb9-5267-4970-b16d-7fc40b1ca487"",""provenance"":""ltm""},{""episode_id"":""b686f2f6-7c52-469c-85fb-1c9891c888ff"",""provenance"":""ltm""},{""episode_id"":""4741166b-6f98-47df-8506-37ffc3befcdf"",""provenance"":""ltm""},{""episode_id"":""72bc8697-9933-4e81-bb39-a9808290ae9b"",""provenance"":""ltm""},{""episode_id"":""b6251ff1-25d4-44ee-9495-599f1af13d7f"",""provenance"":""ltm""},{""episode_id"":""361d5d03-9ade-456d-81b0-0fc5ffa89d48"",""provenance"":""ltm""},{""episode_id"":""3681387f-66db-44e2-b8cc-dec3029d648e"",""provenance"":""ltm""},{""episode_id"":""79ec0269-6fbe-4836-bfce-1ba5b3923db1"",""provenance"":""ltm""},{""episode_id"":""dba57d9b-fb4f-44ee-bf89-c4854c631812"",""provenance"":""ltm""},{""episode_id"":""d7303af9-9461-4b75-922f-76bfbb0efbca"",""provenance"":""ltm""},{""episode_id"":""3c4386c1-c2c6-4b89-820f-085efbbb4b94"",""provenance"":""ltm""},{""episode_id"":""506971c2-5dcd-4f59-bb60-230c6cc48cc4"",""provenance"":""ltm""},{""episode_id"":""876d6520-8eac-4489-9076-c38604526380"",""provenance"":""ltm""},{""episode_id"":""ef27b25f-b672-4196-9193-4dc687dbd36b"",""provenance"":""ltm""}]"
182,27,37,0,44,17,"[{""episode_id"":""9fcde09b-2d42-4368-896d-df8604cd9c29"",""provenance"":""stm""},{""episode_id"":""fb431544-5bbd-41ca-a8c6-569993317df4"",""provenance"":""stm""},{""episode_id"":""1f8121e1-3a04-4a42-86e5-0b952602d179"",""provenance"":""stm""},{""episode_id"":""5e25d7b2-9822-4221-9f9a-c5b0b29e7a7b"",""provenance"":""stm""},{""episode_id"":""6e06c854-1066-421d-9afc-0c9dbeff799a"",""provenance"":""stm""},{""episode_id"":""e9f5766f-f9cb-4022-bf1e-66ebe3aa30b2"",""provenance"":""stm""},{""episode_id"":""170e8f38-50e3-4513-b525-8b36990ffd44"",""provenance"":""stm""},{""episode_id"":""b44d1ffd-9702-4f2d-99bb-f11f2f97d5f0"",""provenance"":""stm""},{""episode_id"":""4d50cb1a-7e46-4c86-9a85-b4e52e94c4b8"",""provenance"":""stm""},{""episode_id"":""c415f08c-52e0-4f09-b4e7-877dfe9dc4a8"",""provenance"":""stm""},{""episode_id"":""104e115d-53a4-494c-bb22-8b3956f9a404"",""provenance"":""stm""},{""episode_id"":""5a96be8f-836f-4968-9569-99d92236351f"",""provenance"":""stm""},{""episode_id"":""5d822c74-3eb4-4f8c-839c-26af5f308686"",""provenance"":""stm""},{""episode_id"":""7c616d19-4e27-4f4b-98c3-69733338171b"",""provenance"":""stm""},{""episode_id"":""8b0d2b39-86c8-4b6a-afe6-1d57c7257593"",""provenance"":""stm""},{""episode_id"":""b3331be2-3154-471b-8fe5-6393290f0491"",""provenance"":""stm""},{""episode_id"":""d253524e-1b30-4cb8-9770-4de2ba5ca116"",""provenance"":""stm""},{""episode_id"":""d5319b10-8020-4d51-a377-309b0faef11b"",""provenance"":""stm""},{""episode_id"":""2ff479fb-dd9f-4c79-82f4-9cd7019bd800"",""provenance"":""stm""},{""episode_id"":""300c6207-208a-48f7-a43a-0b3c055e15c9"",""provenance"":""stm""},{""episode_id"":""6dfca794-82da-4db6-96d1-507ac2e91d37"",""provenance"":""stm""},{""episode_id"":""6f20b7e3-94dc-4983-827e-d8d549f645f9"",""provenance"":""stm""},{""episode_id"":""87c694e5-e7ed-494b-9bf8-97f7acea523d"",""provenance"":""stm""},{""episode_id"":""8dda3e94-77d2-41c2-a897-30059c130989"",""provenance"":""stm""},{""episode_id"":""9332e339-1d5d-496c-b128-6011bc520c24"",""provenance"":""stm""},{""episode_id"":""cb0f3244-9037-41de-b2ff-8a03e32d14d4"",""provenance"":""stm""},{""episode_id"":""efa30fb9-5267-4970-b16d-7fc40b1ca487"",""provenance"":""stm""},{""episode_id"":""61d8102d-8db5-4fe6-b3ef-17a3f1baa7e1"",""provenance"":""ltm""},{""episode_id"":""953a06d8-6c65-45b2-9be7-ea1b695740b0"",""provenance"":""ltm""},{""episode_id"":""a9bb2c9e-48b4-4d3d-828d-7720cc91736c"",""provenance"":""ltm""},{""episode_id"":""0f38c715-c455-4474-87b9-b5f792dfb136"",""provenance"":""ltm""},{""episode_id"":""dba57d9b-fb4f-44ee-bf89-c4854c631812"",""provenance"":""ltm""},{""episode_id"":""d7303af9-9461-4b75-922f-76bfbb0efbca"",""provenance"":""ltm""},{""episode_id"":""4741166b-6f98-47df-8506-37ffc3befcdf"",""provenance"":""ltm""},{""episode_id"":""72bc8697-9933-4e81-bb39-a9808290ae9b"",""provenance"":""ltm""},{""episode_id"":""b6251ff1-25d4-44ee-9495-599f1af13d7f"",""provenance"":""ltm""},{""episode_id"":""3c4386c1-c2c6-4b89-820f-085efbbb4b94"",""provenance"":""ltm""},{""episode_id"":""b686f2f6-7c52-469c-85fb-1c9891c888ff"",""provenance"":""ltm""},{""episode_id"":""506971c2-5dcd-4f59-bb60-230c6cc48cc4"",""provenance"":""ltm""},{""episode_id"":""876d6520-8eac-4489-9076-c38604526380"",""provenance"":""ltm""},{""episode_id"":""ef27b25f-b672-4196-9193-4dc687dbd36b"",""provenance"":""ltm""},{""episode_id"":""361d5d03-9ade-456d-81b0-0fc5ffa89d48"",""provenance"":""ltm""},{""episode_id"":""3681387f-66db-44e2-b8cc-dec3029d648e"",""provenance"":""ltm""},{""episode_id"":""79ec0269-6fbe-4836-bfce-1ba5b3923db1"",""provenance"":""ltm""}]"
183,9,37,0,28,19,"[{""episode_id"":""170e8f38-50e3-4513-b525-8b36990ffd44"",""provenance"":""stm""},{""episode_id"":""b44d1ffd-9702-4f2d-99bb-f11f2f97d5f0"",""provenance"":""stm""},{""episode_id"":""6e06c854-1066-421d-9afc-0c9dbeff799a"",""provenance"":""stm""},{""episode_id"":""9e0f2db7-7d2b-47ed-8428-ff8d74092397"",""provenance"":""stm""},{""episode_id"":""e9f5766f-f9cb-4022-bf1e-66ebe3aa30b2"",""provenance"":""stm""},{""episode_id"":""61d8102d-8db5-4fe6-b3ef-17a3f1baa7e1"",""provenance"":""ltm""},{""episode_id"":""953a06d8-6c65-45b2-9be7-ea1b695740b0"",""provenance"":""ltm""},{""episode_id"":""a9bb2c9e-48b4-4d3d-828d-7720cc91736c"",""provenance"":""ltm""},{""episode_id"":""4d50cb1a-7e46-4c86-9a85-b4e52e94c4b8"",""provenance"":""stm""},{""episode_id"":""c415f08c-52e0-4f09-b4e7-877dfe9dc4a8"",""provenance"":""stm""},{""episode_id"":""9fcde09b-2d42-4368-896d-df8604cd9c29"",""provenance"":""stm""},{""episode_id"":""fb431544-5bbd-41ca-a8c6-569993317df4"",""provenance"":""stm""},{""episode_id"":""6f20b7e3-94dc-4983-827e-d8d549f645f9"",""provenance"":""ltm""},{""episode_id"":""efa30fb9-5267-4970-b16d-7fc40b1ca487"",""provenance"":""ltm""},{""episode_id"":""0f38c715-c455-4474-87b9-b5f792dfb136"",""provenance"":""ltm""},{""episode_id"":""d7303af9-9461-4b75-922f-76bfbb0efbca"",""provenance"":""ltm""},{""episode_id"":""dba57d9b-fb4f-44ee-bf89-c4854c631812"",""provenance"":""ltm""},{""episode_id"":""4741166b-6f98-47df-8506-37ffc3befcdf"",""provenance"":""ltm""},{""episode_id"":""72bc8697-9933-4e81-bb39-a9808290ae9b"",""provenance"":""ltm""},{""episode_id"":""b6251ff1-25d4-44ee-9495-599f1af13d7f"",""provenance"":""ltm""},{""episode_id"":""3c4386c1-c2c6-4b89-820f-085efbbb4b94"",""provenance"":""ltm""},{""episode_id"":""b686f2f6-7c52-469c-85fb-1c9891c888ff"",""provenance"":""ltm""},{""episode_id"":""361d5d03-9ade-456d-81b0-0fc5ffa89d48"",""provenance"":""ltm""},{""episode_id"":""3681387f-66db-44e2-b8cc-dec3029d648e"",""provenance"":""ltm""},{""episode_id"":""79ec0269-6fbe-4836-bfce-1ba5b3923db1"",""provenance"":""ltm""},{""episode_id"":""506971c2-5dcd-4f59-bb60-230c6cc48cc4"",""provenance"":""ltm""},{""episode_id"":""876d6520-8eac-4489-9076-c38604526380"",""provenance"":""ltm""},{""episode_id"":""ef27b25f-b672-4196-9193-4dc687dbd36b"",""provenance"":""ltm""}]"
184,40,37,0,56,16,"[{""episode_id"":""e26bd539-7edf-4bb4-bc30-7055145e0a75"",""provenance"":""stm""},{""episode_id"":""e3600116-e784-45ee-a8c0-580fecb9fcc3"",""provenance"":""stm""},{""episode_id"":""4d50cb1a-7e46-4c86-9a85-b4e52e94c4b8"",""provenance"":""stm""},{""episode_id"":""c415f08c-52e0-4f09-b4e7-877dfe9dc4a8"",""provenance"":""stm""},{""episode_id"":""6e06c854-1066-421d-9afc-0c9dbeff799a"",""provenance"":""stm""},{""episode_id"":""9e0f2db7-7d2b-47ed-8428-ff8d74092397"",""provenance"":""stm""},{""episode_id"":""e9f5766f-f9cb-4022-bf1e-66ebe3aa30b2"",""provenance"":""stm""},{""episode_id"":""36c73944-279a-4a62-8d0a-10835ec8e2e1"",""provenance"":""stm""},{""episode_id"":""40964617-6fc9-41ae-9c48-107db425ad06"",""provenance"":""stm""},{""episode_id"":""506971c2-5dcd-4f59-bb60-230c6cc48cc4"",""provenance"":""stm""},{""episode_id"":""6289c2ce-f873-4b13-ad14-0ccc5e3d4cbe"",""provenance"":""stm""},{""episode_id"":""64d7fae9-2134-48f0-b73c-c5fac7c2ce7c"",""provenance"":""stm""},{""episode_id"":""8208dc7c-177c-4098-b7ff-a6739ee7bbee"",""provenance"":""stm""},{""episode_id"":""876d6520-8eac-4489-9076-c38604526380"",""provenance"":""stm""},{""episode_id"":""9a16f5c3-5d73-4688-ab6c-77f63571be01"",""provenance"":""stm""},{""episode_id"":""a786e395-1e6e-4338-bb1f-8bbbe25167da"",""provenance"":""stm""},{""episode_id"":""ef27b25f-b672-4196-9193-4dc687dbd36b"",""provenance"":""stm""},{""episode_id"":""1f8121e1-3a04-4a42-86e5-0b952602d179"",""provenance"":""stm""},{""episode_id"":""5e25d7b2-9822-4221-9f9a-c5b0b29e7a7b"",""provenance"":""stm""},{""episode_id"":""0154a54e-d1f0-4d9a-9418-4baffc396204"",""provenance"":""stm""},{""episode_id"":""0c97e95c-5616-4c67-a3bd-399eba330b80"",""provenance"":""stm""},{""episode_id"":""298ef311-ba49-4a2d-bade-afa8afabce89"",""provenance"":""stm""},{""episode_id"":""34432c50-68cc-414b-99a0-276ad2c65e56"",""provenance"":""stm""},{""episode_id"":""aa5e3739-499b-46a9-9313-a9fb000f12a6"",""provenance"":""stm""},{""episode_id"":""ac37a538-4d7d-47c5-a7f2-4b09b2736183"",""provenance"":""stm""},{""episode_id"":""bcdce8a0-f6e1-41bc-bf9f-5de570b066a7"",""provenance"":""stm""},{""episode_id"":""e964df06-0f65-4317-8001-1fa1e0c9b288"",""provenance"":""stm""},{""episode_id"":""f0a74561-32d0-43ed-9ce0-6e173b948c68"",""provenance"":""stm""},{""episode_id"":""248cc1f4-6f60-4ecf-a2c4-cd0fa7f8f00b"",""provenance"":""stm""},{""episode_id"":""4fb07384-4b5d-4438-93e0-055e99efb900"",""provenance"":""stm""},{""episode_id"":""5a5f5b21-adf4-44b8-826f-c63c19e38e34"",""provenance"":""stm""},{""episode_id"":""63b0f26c-ddac-40e9-bee6-6517ca864f23"",""provenance"":""stm""},{""episode_id"":""682b264f-3c7f-424b-93f8-5b60d8359ecd"",""provenance"":""stm""},{""episode_id"":""b6de1ffc-37fe-4edd-b614-200a1911c778"",""provenance"":""stm""},{""episode_id"":""c85695ff-9ba6-47f4-820e-a0bffb299ffe"",""provenance"":""stm""},{""episode_id"":""d2e22f98-6839-440b-9905-ba7e3c2cfe8c"",""provenance"":""stm""},{""episode_id"":""daaf3791-1a9e-4413-8222-309dd9e26e43"",""provenance"":""stm""},{""episode_id"":""ec673929-f600-40cc-ab28-b765e54af3bb"",""provenance"":""stm""},{""episode_id"":""006ef35d-7506-4a99-abe1-c6e858ede6ba"",""provenance"":""stm""},{""episode_id"":""566ca59b-ad17-4a25-9237-a835a5abe5ba"",""provenance"":""stm""},{""episode_id"":""4741166b-6f98-47df-8506-37ffc3befcdf"",""provenance"":""ltm""},{""episode_id"":""72bc8697-9933-4e81-bb39-a9808290ae9b"",""provenance"":""ltm""},{""episode_id"":""b6251ff1-25d4-44ee-9495-599f1af13d7f"",""provenance"":""ltm""},{""episode_id"":""61d8102d-8db5-4fe6-b3ef-17a3f1baa7e1"",""provenance"":""ltm""},{""episode_id"":""953a06d8-6c65-45b2-9be7-ea1b695740b0"",""provenance"":""ltm""},{""episode_id"":""a9bb2c9e-48b4-4d3d-828d-7720cc91736c"",""provenance"":""ltm""},{""episode_id"":""d7303af9-9461-4b75-922f-76bfbb0efbca"",""provenance"":""ltm""},{""episode_id"":""0f38c715-c455-4474-87b9-b5f792dfb136"",""provenance"":""ltm""},{""episode_id"":""6f20b7e3-94dc-4983-827e-d8d549f645f9"",""provenance"":""ltm""},{""episode_id"":""efa30fb9-5267-4970-b16d-7fc40b1ca487"",""provenance"":""ltm""},{""episode_id"":""b686f2f6-7c52-469c-85fb-1c9891c888ff"",""provenance"":""ltm""},{""episode_id"":""3c4386c1-c2c6-4b89-820f-085efbbb4b94"",""provenance"":""ltm""},{""episode_id"":""dba57d9b-fb4f-44ee-bf89-c4854c631812"",""provenance"":""ltm""},{""episode_id"":""361d5d03-9ade-456d-81b0-0fc5ffa89d48"",""provenance"":""ltm""},{""episode_id"":""3681387f-66db-44e2-b8cc-dec3029d648e"",""provenance"":""ltm""},{""episode_id"":""79ec0269-6fbe-4836-bfce-1ba5b3923db1"",""provenance"":""ltm""}]"
185,16,37,0,35,19,"[{""episode_id"":""006ef35d-7506-4a99-abe1-c6e858ede6ba"",""provenance"":""stm""},{""episode_id"":""566ca59b-ad17-4a25-9237-a835a5abe5ba"",""provenance"":""stm""},{""episode_id"":""022a3e3a-7277-49d0-9eb2-e069b34a41e5"",""provenance"":""stm""},{""episode_id"":""d7a93c18-cefa-4f00-a632-7591bf815ab1"",""provenance"":""stm""},{""episode_id"":""6e06c854-1066-421d-9afc-0c9dbeff799a"",""provenance"":""stm""},{""episode_id"":""9e0f2db7-7d2b-47ed-8428-ff8d74092397"",""provenance"":""stm""},{""episode_id"":""e9f5766f-f9cb-4022-bf1e-66ebe3aa30b2"",""provenance"":""stm""},{""episode_id"":""4d50cb1a-7e46-4c86-9a85-b4e52e94c4b8"",""provenance"":""stm""},{""episode_id"":""c415f08c-52e0-4f09-b4e7-877dfe9dc4a8"",""provenance"":""stm""},{""episode_id"":""4741166b-6f98-47df-8506-37ffc3befcdf"",""provenance"":""ltm""},{""episode_id"":""72bc8697-9933-4e81-bb39-a9808290ae9b"",""provenance"":""ltm""},{""episode_id"":""b6251ff1-25d4-44ee-9495-599f1af13d7f"",""provenance"":""ltm""},{""episode_id"":""170e8f38-50e3-4513-b525-8b36990ffd44"",""provenance"":""stm""},{""episode_id"":""b44d1ffd-9702-4f2d-99bb-f11f2f97d5f0"",""provenance"":""stm""},{""episode_id"":""d7742be2-eca7-4a6b-b81a-a7f27d892e99"",""provenance"":""stm""},{""episode_id"":""e26bd539-7edf-4bb4-bc30-7055145e0a75"",""provenance"":""stm""},{""episode_id"":""e3600116-e784-45ee-a8c0-580fecb9fcc3"",""provenance"":""stm""},{""episode_id"":""1f8121e1-3a04-4a42-86e5-0b952602d179"",""provenance"":""stm""},{""episode_id"":""5e25d7b2-9822-4221-9f9a-c5b0b29e7a7b"",""provenance"":""stm""},{""episode_id"":""61d8102d-8db5-4fe6-b3ef-17a3f1baa7e1"",""provenance"":""ltm""},{""episode_id"":""953a06d8-6c65-45b2-9be7-ea1b695740b0"",""provenance"":""ltm""},{""episode_id"":""a9bb2c9e-48b4-4d3d-828d-7720cc91736c"",""provenance"":""ltm""},{""episode_id"":""6f20b7e3-94dc-4983-827e-d8d549f645f9"",""provenance"":""ltm""},{""episode_id"":""efa30fb9-5267-4970-b16d-7fc40b1ca487"",""provenance"":""ltm""},{""episode_id"":""d7303af9-9461-4b75-922f-76bfbb0efbca"",""provenance"":""ltm""},{""episode_id"":""0f38c715-c455-4474-87b9-b5f792dfb136"",""provenance"":""ltm""},{""episode_id"":""b686f2f6-7c52-469c-85fb-1c9891c888ff"",""provenance"":""ltm""},{""episode_id"":""3c4386c1-c2c6-4b89-820f-085efbbb4b94"",""provenance"":""ltm""},{""episode_id"":""dba57d9b-fb4f-44ee-bf89-c4854c631812"",""provenance"":""ltm""},{""episode_id"":""361d5d03-9ade-456d-81b0-0fc5ffa89d48"",""provenance"":""ltm""},{""episode_id"":""3681387f-66db-44e2-b8cc-dec3029d648e"",""provenance"":""ltm""},{""episode_id"":""79ec0269-6fbe-4836-bfce-1ba5b3923db1"",""provenance"":""ltm""},{""episode_id"":""506971c2-5dcd-4f59-bb60-230c6cc48cc4"",""provenance"":""ltm""},{""episode_id"":""876d6520-8eac-4489-9076-c38604526380"",""provenance"":""ltm""},{""episode_id"":""ef27b25f-b672-4196-9193-4dc687dbd36b"",""provenance"":""ltm""}]"
186,8,37,0,27,19,"[{""episode_id"":""4d50cb1a-7e46-4c86-9a85-b4e52e94c4b8"",""provenance"":""stm""},{""episode_id"":""c415f08c-52e0-4f09-b4e7-877dfe9dc4a8"",""provenance"":""stm""},{""episode_id"":""2352ab44-2b72-41c7-8a4a-faf9293bd107"",""provenance"":""stm""},{""episode_id"":""e26bd539-7edf-4bb4-bc30-7055145e0a75"",""provenance"":""stm""},{""episode_id"":""e3600116-e784-45ee-a8c0-580fecb9fcc3"",""provenance"":""stm""},{""episode_id"":""6e06c854-1066-421d-9afc-0c9dbeff799a"",""provenance"":""stm""},{""episode_id"":""9e0f2db7-7d2b-47ed-8428-ff8d74092397"",""provenance"":""stm""},{""episode_id"":""e9f5766f-f9cb-4022-bf1e-66ebe3aa30b2"",""provenance"":""stm""},{""episode_id"":""d7303af9-9461-4b75-922f-76bfbb0efbca"",""provenance"":""ltm""},{""episode_id"":""6f20b7e3-94dc-4983-827e-d8d549f645f9"",""provenance"":""ltm""},{""episode_id"":""efa30fb9-5267-4970-b16d-7fc40b1ca487"",""provenance"":""ltm""},{""episode_id"":""61d8102d-8db5-4fe6-b3ef-17a3f1baa7e1"",""provenance"":""ltm""},{""episode_id"":""953a06d8-6c65-45b2-9be7-ea1b695740b0"",""provenance"":""ltm""},{""episode_id"":""a9bb2c9e-48b4-4d3d-828d-7720cc91736c"",""provenance"":""ltm""},{""episode_id"":""0f38c715-c455-4474-87b9-b5f792dfb136"",""provenance"":""ltm""},{""episode_id"":""b686f2f6-7c52-469c-85fb-1c9891c888ff"",""provenance"":""ltm""},{""episode_id"":""3c4386c1-c2c6-4b89-820f-085efbbb4b94"",""provenance"":""ltm""},{""episode_id"":""dba57d9b-fb4f-44ee-bf89-c4854c631812"",""provenance"":""ltm""},{""episode_id"":""4741166b-6f98-47df-8506-37ffc3befcdf"",""provenance"":""ltm""},{""episode_id"":""72bc8697-9933-4e81-bb39-a9808290ae9b"",""provenance"":""ltm""},{""episode_id"":""b6251ff1-25d4-44ee-9495-599f1af13d7f"",""provenance"":""ltm""},{""episode_id"":""361d5d03-9ade-456d-81b0-0fc5ffa89d48"",""provenance"":""ltm""},{""episode_id"":""3681387f-66db-44e2-b8cc-dec3029d648e"",""provenance"":""ltm""},{""episode_id"":""79ec0269-6fbe-4836-bfce-1ba5b3923db1"",""provenance"":""ltm""},{""episode_id"":""506971c2-5dcd-4f59-bb60-230c6cc48cc4"",""provenance"":""ltm""},{""episode_id"":""876d6520-8eac-4489-9076-c38604526380"",""provenance"":""ltm""},{""episode_id"":""ef27b25f-b672-4196-9193-4dc687dbd36b"",""provenance"":""ltm""}]"
187,20,37,0,35,15,"[{""episode_id"":""1f8121e1-3a04-4a42-86e5-0b952602d179"",""provenance"":""stm""},{""episode_id"":""5e25d7b2-9822-4221-9f9a-c5b0b29e7a7b"",""provenance"":""stm""},{""episode_id"":""6f20b7e3-94dc-4983-827e-d8d549f645f9"",""provenance"":""ltm""},{""episode_id"":""efa30fb9-5267-4970-b16d-7fc40b1ca487"",""provenance"":""ltm""},{""episode_id"":""0debc7e8-5ed2-4125-b716-64b3a4f39967"",""provenance"":""stm""},{""episode_id"":""1ac0d7d0-10c2-4768-b9b6-a6f2237cdce2"",""provenance"":""stm""},{""episode_id"":""27027481-502c-4e4c-a177-ce660051f67e"",""provenance"":""stm""},{""episode_id"":""58af2ad5-097f-4571-ba1a-8d7b8e79ca31"",""provenance"":""stm""},{""episode_id"":""61d8102d-8db5-4fe6-b3ef-17a3f1baa7e1"",""provenance"":""stm""},{""episode_id"":""906ba882-a75b-4b06-b7e5-43e922996436"",""provenance"":""stm""},{""episode_id"":""953a06d8-6c65-45b2-9be7-ea1b695740b0"",""provenance"":""stm""},{""episode_id"":""99d3eb1d-0e04-485b-a02e-f3703915e7df"",""provenance"":""stm""},{""episode_id"":""a9bb2c9e-48b4-4d3d-828d-7720cc91736c"",""provenance"":""stm""},{""episode_id"":""0669c654-0e61-4305-9c11-628f4bb60eb3"",""provenance"":""stm""},{""episode_id"":""413700d8-5c2a-411a-b178-e9feab0472cc"",""provenance"":""stm""},{""episode_id"":""67289dc1-1026-437b-a82e-a5f229e5e061"",""provenance"":""stm""},{""episode_id"":""88ffad9c-4295-4db8-b5dd-6d81a9f5ab51"",""provenance"":""stm""},{""episode_id"":""b125b0e7-1b0c-49ac-89e1-0d800b56863b"",""provenance"":""stm""},{""episode_id"":""b6fa95ef-d7a6-4fb5-ab74-e713d5925479"",""provenance"":""stm""},{""episode_id"":""ea4ebcb4-f0de-4f3b-938d-f867a49d747c"",""provenance"":""stm""},{""episode_id"":""fd45aa2b-376a-4e19-820a-b5d25f8b23ca"",""provenance"":""stm""},{""episode_id"":""4741166b-6f98-47df-8506-37ffc3befcdf"",""provenance"":""ltm""},{""episode_id"":""72bc8697-9933-4e81-bb39-a9808290ae9b"",""provenance"":""ltm""},{""episode_id"":""b6251ff1-25d4-44ee-9495-599f1af13d7f"",""provenance"":""ltm""},{""episode_id"":""0f38c715-c455-4474-87b9-b5f792dfb136"",""provenance"":""ltm""},{""episode_id"":""b686f2f6-7c52-469c-85fb-1c9891c888ff"",""provenance"":""stm""},{""episode_id"":""dba57d9b-fb4f-44ee-bf89-c4854c631812"",""provenance"":""ltm""},{""episode_id"":""d7303af9-9461-4b75-922f-76bfbb0efbca"",""provenance"":""ltm""},{""episode_id"":""3c4386c1-c2c6-4b89-820f-085efbbb4b94"",""provenance"":""ltm""},{""episode_id"":""506971c2-5dcd-4f59-bb60-230c6cc48cc4"",""provenance"":""ltm""},{""episode_id"":""876d6520-8eac-4489-9076-c38604526380"",""provenance"":""ltm""},{""episode_id"":""ef27b25f-b672-4196-9193-4dc687dbd36b"",""provenance"":""ltm""},{""episode_id"":""361d5d03-9ade-456d-81b0-0fc5ffa89d48"",""provenance"":""ltm""},{""episode_id"":""3681387f-66db-44e2-b8cc-dec3029d648e"",""provenance"":""ltm""},{""episode_id"":""79ec0269-6fbe-4836-bfce-1ba5b3923db1"",""provenance"":""ltm""}]"
188,2,37,0,21,19,"[{""episode_id"":""022a3e3a-7277-49d0-9eb2-e069b34a41e5"",""provenance"":""stm""},{""episode_id"":""d7a93c18-cefa-4f00-a632-7591bf815ab1"",""provenance"":""stm""},{""episode_id"":""3c4386c1-c2c6-4b89-820f-085efbbb4b94"",""provenance"":""ltm""},{""episode_id"":""b686f2f6-7c52-469c-85fb-1c9891c888ff"",""provenance"":""ltm""},{""episode_id"":""dba57d9b-fb4f-44ee-bf89-c4854c631812"",""provenance"":""ltm""},{""episode_id"":""d7303af9-9461-4b75-922f-76bfbb0efbca"",""provenance"":""ltm""},{""episode_id"":""0f38c715-c455-4474-87b9-b5f792dfb136"",""provenance"":""ltm""},{""episode_id"":""4741166b-6f98-47df-8506-37ffc3befcdf"",""provenance"":""ltm""},{""episode_id"":""72bc8697-9933-4e81-bb39-a9808290ae9b"",""provenance"":""ltm""},{""episode_id"":""b6251ff1-25d4-44ee-9495-599f1af13d7f"",""provenance"":""ltm""},{""episode_id"":""61d8102d-8db5-4fe6-b3ef-17a3f1baa7e1"",""provenance"":""ltm""},{""episode_id"":""953a06d8-6c65-45b2-9be7-ea1b695740b0"",""provenance"":""ltm""},{""episode_id"":""a9bb2c9e-48b4-4d3d-828d-7720cc91736c"",""provenance"":""ltm""},{""episode_id"":""361d5d03-9ade-456d-81b0-0fc5ffa89d48"",""provenance"":""ltm""},{""episode_id"":""3681387f-66db-44e2-b8cc-dec3029d648e"",""provenance"":""ltm""},{""episode_id"":""79ec0269-6fbe-4836-bfce-1ba5b3923db1"",""provenance"":""ltm""},{""episode_id"":""6f20b7e3-94dc-4983-827e-d8d549f645f9"",""provenance"":""ltm""},{""episode_id"":""efa30fb9-5267-4970-b16d-7fc40b1ca487"",""provenance"":""ltm""},{""episode_id"":""506971c2-5dcd-4f59-bb60-230c6cc48cc4"",""provenance"":""ltm""},{""episode_id"":""876d6520-8eac-4489-9076-c38604526380"",""provenance"":""ltm""},{""episode_id"":""ef27b25f-b672-4196-9193-4dc687dbd36b"",""provenance"":""ltm""}]"
189,21,37,0,40,19,"[{""episode_id"":""6e06c854-1066-421d-9afc-0c9dbeff799a"",""provenance"":""stm""},{""episode_id"":""9e0f2db7-7d2b-47ed-8428-ff8d74092397"",""provenance"":""stm""},{""episode_id"":""e9f5766f-f9cb-4022-bf1e-66ebe3aa30b2"",""provenance"":""stm""},{""episode_id"":""108bff6c-837a-40bd-9ac1-2f2fe57d7862"",""provenance"":""stm""},{""episode_id"":""4d50cb1a-7e46-4c86-9a85-b4e52e94c4b8"",""provenance"":""stm""},{""episode_id"":""c415f08c-52e0-4f09-b4e7-877dfe9dc4a8"",""provenance"":""stm""},{""episode_id"":""1f8121e1-3a04-4a42-86e5-0b952602d179"",""provenance"":""stm""},{""episode_id"":""5e25d7b2-9822-4221-9f9a-c5b0b29e7a7b"",""provenance"":""stm""},{""episode_id"":""5fb30acc-82d8-4c89-a915-734e735ca6e4"",""provenance"":""stm""},{""episode_id"":""2352ab44-2b72-41c7-8a4a-faf9293bd107"",""provenance"":""stm""},{""episode_id"":""e26bd539-7edf-4bb4-bc30-7055145e0a75"",""provenance"":""stm""},{""episode_id"":""e3600116-e784-45ee-a8c0-580fecb9fcc3"",""provenance"":""stm""},{""episode_id"":""9fcde09b-2d42-4368-896d-df8604cd9c29"",""provenance"":""stm""},{""episode_id"":""df8ec481-0703-4b26-b70a-4ecb01bd4bbd"",""provenance"":""stm""},{""episode_id"":""fb431544-5bbd-41ca-a8c6-569993317df4"",""provenance"":""stm""},{""episode_id"":""006ef35d-7506-4a99-abe1-c6e858ede6ba"",""provenance"":""stm""},{""episode_id"":""1d3c5fe6-a73d-4123-be04-4f87c0429699"",""provenance"":""stm""},{""episode_id"":""566ca59b-ad17-4a25-9237-a835a5abe5ba"",""provenance"":""stm""},{""episode_id"":""0f38c715-c455-4474-87b9-b5f792dfb136"",""provenance"":""ltm""},{""episode_id"":""170e8f38-50e3-4513-b525-8b36990ffd44"",""provenance"":""stm""},{""episode_id"":""b44d1ffd-9702-4f2d-99bb-f11f2f97d5f0"",""provenance"":""stm""},{""episode_id"":""d7742be2-eca7-4a6b-b81a-a7f27d892e99"",""provenance"":""stm""},{""episode_id"":""61d8102d-8db5-4fe6-b3ef-17a3f1baa7e1"",""provenance"":""ltm""},{""episode_id"":""953a06d8-6c65-45b2-9be7-ea1b695740b0"",""provenance"":""ltm""},{""episode_id"":""a9bb2c9e-48b4-4d3d-828d-7720cc91736c"",""provenance"":""ltm""},{""episode_id"":""6f20b7e3-94dc-4983-827e-d8d549f645f9"",""provenance"":""ltm""},{""episode_id"":""efa30fb9-5267-4970-b16d-7fc40b1ca487"",""provenance"":""ltm""},{""episode_id"":""b686f2f6-7c52-469c-85fb-1c9891c888ff"",""provenance"":""ltm""},{""episode_id"":""4741166b-6f98-47df-8506-37ffc3befcdf"",""provenance"":""ltm""},{""episode_id"":""72bc8697-9933-4e81-bb39-a9808290ae9b"",""provenance"":""ltm""},{""episode_id"":""b6251ff1-25d4-44ee-9495-599f1af13d7f"",""provenance"":""ltm""},{""episode_id"":""361d5d03-9ade-456d-81b0-0fc5ffa89d48"",""provenance"":""ltm""},{""episode_id"":""3681387f-66db-44e2-b8cc-dec3029d648e"",""provenance"":""ltm""},{""episode_id"":""79ec0269-6fbe-4836-bfce-1ba5b3923db1"",""provenance"":""ltm""},{""episode_id"":""dba57d9b-fb4f-44ee-bf89-c4854c631812"",""provenance"":""ltm""},{""episode_id"":""d7303af9-9461-4b75-922f-76bfbb0efbca"",""provenance"":""ltm""},{""episode_id"":""3c4386c1-c2c6-4b89-820f-085efbbb4b94"",""provenance"":""ltm""},{""episode_id"":""506971c2-5dcd-4f59-bb60-230c6cc48cc4"",""provenance"":""ltm""},{""episode_id"":""876d6520-8eac-4489-9076-c38604526380"",""provenance"":""ltm""},{""episode_id"":""ef27b25f-b672-4196-9193-4dc687dbd36b"",""provenance"":""ltm""}]"
190,32,37,0,49,17,"[{""episode_id"":""9fcde09b-2d42-4368-896d-df8604cd9c29"",""provenance"":""stm""},{""episode_id"":""df8ec481-0703-4b26-b70a-4ecb01bd4bbd"",""provenance"":""stm""},{""episode_id"":""fb431544-5bbd-41ca-a8c6-569993317df4"",""provenance"":""stm""},{""episode_id"":""1f8121e1-3a04-4a42-86e5-0b952602d179"",""provenance"":""stm""},{""episode_id"":""5e25d7b2-9822-4221-9f9a-c5b0b29e7a7b"",""provenance"":""stm""},{""episode_id"":""5fb30acc-82d8-4c89-a915-734e735ca6e4"",""provenance"":""stm""},{""episode_id"":""6e06c854-1066-421d-9afc-0c9dbeff799a"",""provenance"":""stm""},{""episode_id"":""9e0f2db7-7d2b-47ed-8428-ff8d74092397"",""provenance"":""stm""},{""episode_id"":""e9f5766f-f9cb-4022-bf1e-66ebe3aa30b2"",""provenance"":""stm""},{""episode_id"":""170e8f38-50e3-4513-b525-8b36990ffd44"",""provenance"":""stm""},{""episode_id"":""b44d1ffd-9702-4f2d-99bb-f11f2f97d5f0"",""provenance"":""stm""},{""episode_id"":""d7742be2-eca7-4a6b-b81a-a7f27d892e99"",""provenance"":""stm""},{""episode_id"":""108bff6c-837a-40bd-9ac1-2f2fe57d7862"",""provenance"":""stm""},{""episode_id"":""4d50cb1a-7e46-4c86-9a85-b4e52e94c4b8"",""provenance"":""stm""},{""episode_id"":""c415f08c-52e0-4f09-b4e7-877dfe9dc4a8"",""provenance"":""stm""},{""episode_id"":""104e115d-53a4-494c-bb22-8b3956f9a404"",""provenance"":""stm""},{""episode_id"":""5a96be8f-836f-4968-9569-99d92236351f"",""provenance"":""stm""},{""episode_id"":""5d822c74-3eb4-4f8c-839c-26af5f308686"",""provenance"":""stm""},{""episode_id"":""7c616d19-4e27-4f4b-98c3-69733338171b"",""provenance"":""stm""},{""episode_id"":""8b0d2b39-86c8-4b6a-afe6-1d57c7257593"",""provenance"":""stm""},{""episode_id"":""b3331be2-3154-471b-8fe5-6393290f0491"",""provenance"":""stm""},{""episode_id"":""d253524e-1b30-4cb8-9770-4de2ba5ca116"",""provenance"":""stm""},{""episode_id"":""d5319b10-8020-4d51-a377-309b0faef11b"",""provenance"":""stm""},{""episode_id"":""2ff479fb-dd9f-4c79-82f4-9cd7019bd800"",""provenance"":""stm""},{""episode_id"":""300c6207-208a-48f7-a43a-0b3c055e15c9"",""provenance"":""stm""},{""episode_id"":""6dfca794-82da-4db6-96d1-507ac2e91d37"",""provenance"":""stm""},{""episode_id"":""6f20b7e3-94dc-4983-827e-d8d549f645f9"",""provenance"":""stm""},{""episode_id"":""87c694e5-e7ed-494b-9bf8-97f7acea523d"",""provenance"":""stm""},{""episode_id"":""8dda3e94-77d2-41c2-a897-30059c130989"",""provenance"":""stm""},{""episode_id"":""9332e339-1d5d-496c-b128-6011bc520c24"",""provenance"":""stm""},{""episode_id"":""cb0f3244-9037-41de-b2ff-8a03e32d14d4"",""provenance"":""stm""},{""episode_id"":""efa30fb9-5267-4970-b16d-7fc40b1ca487"",""provenance"":""stm""},{""episode_id"":""61d8102d-8db5-4fe6-b3ef-17a3f1baa7e1"",""provenance"":""ltm""},{""episode_id"":""953a06d8-6c65-45b2-9be7-ea1b695740b0"",""provenance"":""ltm""},{""episode_id"":""a9bb2c9e-48b4-4d3d-828d-7720cc91736c"",""provenance"":""ltm""},{""episode_id"":""0f38c715-c455-4474-87b9-b5f792dfb136"",""provenance"":""ltm""},{""episode_id"":""dba57d9b-fb4f-44ee-bf89-c4854c631812"",""provenance"":""ltm""},{""episode_id"":""d7303af9-9461-4b75-922f-76bfbb0efbca"",""provenance"":""ltm""},{""episode_id"":""4741166b-6f98-47df-8506-37ffc3befcdf"",""provenance"":""ltm""},{""episode_id"":""72bc8697-9933-4e81-bb39-a9808290ae9b"",""provenance"":""ltm""},{""episode_id"":""b6251ff1-25d4-44ee-9495-599f1af13d7f"",""provenance"":""ltm""},{""episode_id"":""3c4386c1-c2c6-4b89-820f-085efbbb4b94"",""provenance"":""ltm""},{""episode_id"":""b686f2f6-7c52-469c-85fb-1c9891c888ff"",""provenance"":""ltm""},{""episode_id"":""506971c2-5dcd-4f59-bb60-230c6cc48cc4"",""provenance"":""ltm""},{""episode_id"":""876d6520-8eac-4489-9076-c38604526380"",""provenance"":""ltm""},{""episode_id"":""ef27b25f-b672-4196-9193-4dc687dbd36b"",""provenance"":""ltm""},{""episode_id"":""361d5d03-9ade-456d-81b0-0fc5ffa89d48"",""provenance"":""ltm""},{""episode_id"":""3681387f-66db-44e2-b8cc-dec3029d648e"",""provenance"":""ltm""},{""episode_id"":""79ec0269-6fbe-4836-bfce-1ba5b3923db1"",""provenance"":""ltm""}]"
191,13,37,0,32,19,"[{""episode_id"":""170e8f38-50e3-4513-b525-8b36990ffd44"",""provenance"":""stm""},{""episode_id"":""b44d1ffd-9702-4f2d-99bb-f11f2f97d5f0"",""provenance"":""stm""},{""episode_id"":""d7742be2-eca7-4a6b-b81a-a7f27d892e99"",""provenance"":""stm""},{""episode_id"":""6e06c854-1066-421d-9afc-0c9dbeff799a"",""provenance"":""stm""},{""episode_id"":""9e0f2db7-7d2b-47ed-8428-ff8d74092397"",""provenance"":""stm""},{""episode_id"":""dc8b1158-d7f0-4290-b6da-048469362461"",""provenance"":""stm""},{""episode_id"":""e9f5766f-f9cb-4022-bf1e-66ebe3aa30b2"",""provenance"":""stm""},{""episode_id"":""61d8102d-8db5-4fe6-b3ef-17a3f1baa7e1"",""provenance"":""ltm""},{""episode_id"":""953a06d8-6c65-45b2-9be7-ea1b695740b0"",""provenance"":""ltm""},{""episode_id"":""a9bb2c9e-48b4-4d3d-828d-7720cc91736c"",""provenance"":""ltm""},{""episode_id"":""108bff6c-837a-40bd-9ac1-2f2fe57d7862"",""provenance"":""stm""},{""episode_id"":""4d50cb1a-7e46-4c86-9a85-b4e52e94c4b8"",""provenance"":""stm""},{""episode_id"":""c415f08c-52e0-4f09-b4e7-877dfe9dc4a8"",""provenance"":""stm""},{""episode_id"":""9fcde09b-2d42-4368-896d-df8604cd9c29"",""provenance"":""stm""},{""episode_id"":""df8ec481-0703-4b26-b70a-4ecb01bd4bbd"",""provenance"":""stm""},{""episode_id"":""fb431544-5bbd-41ca-a8c6-569993317df4"",""provenance"":""stm""},{""episode_id"":""6f20b7e3-94dc-4983-827e-d8d549f645f9"",""provenance"":""ltm""},{""episode_id"":""efa30fb9-5267-4970-b16d-7fc40b1ca487"",""provenance"":""ltm""},{""episode_id"":""0f38c715-c455-4474-87b9-b5f792dfb136"",""provenance"":""ltm""},{""episode_id"":""d7303af9-9461-4b75-922f-76bfbb0efbca"",""provenance"":""ltm""},{""episode_id"":""dba57d9b-fb4f-44ee-bf89-c4854c631812"",""provenance"":""ltm""},{""episode_id"":""4741166b-6f98-47df-8506-37ffc3befcdf"",""provenance"":""ltm""},{""episode_id"":""72bc8697-9933-4e81-bb39-a9808290ae9b"",""provenance"":""ltm""},{""episode_id"":""b6251ff1-25d4-44ee-9495-599f1af13d7f"",""provenance"":""ltm""},{""episode_id"":""3c4386c1-c2c6-4b89-820f-085efbbb4b94"",""provenance"":""ltm""},{""episode_id"":""b686f2f6-7c52-469c-85fb-1c9891c888ff"",""provenance"":""ltm""},{""episode_id"":""361d5d03-9ade-456d-81b0-0fc5ffa89d48"",""provenance"":""ltm""},{""episode_id"":""3681387f-66db-44e2-b8cc-dec3029d648e"",""provenance"":""ltm""},{""episode_id"":""79ec0269-6fbe-4836-bfce-1ba5b3923db1"",""provenance"":""ltm""},{""episode_id"":""506971c2-5dcd-4f59-bb60-230c6cc48cc4"",""provenance"":""ltm""},{""episode_id"":""876d6520-8eac-4489-9076-c38604526380"",""provenance"":""ltm""},{""episode_id"":""ef27b25f-b672-4196-9193-4dc687dbd36b"",""provenance"":""ltm""}]"
192,45,37,0,61,16,"[{""episode_id"":""2352ab44-2b72-41c7-8a4a-faf9293bd107"",""provenance"":""stm""},{""episode_id"":""e26bd539-7edf-4bb4-bc30-7055145e0a75"",""provenance"":""stm""},{""episode_id"":""e3600116-e784-45ee-a8c0-580fecb9fcc3"",""provenance"":""stm""},{""episode_id"":""108bff6c-837a-40bd-9ac1-2f2fe57d7862"",""provenance"":""stm""},{""episode_id"":""4d50cb1a-7e46-4c86-9a85-b4e52e94c4b8"",""provenance"":""stm""},{""episode_id"":""c415f08c-52e0-4f09-b4e7-877dfe9dc4a8"",""provenance"":""stm""},{""episode_id"":""6e06c854-1066-421d-9afc-0c9dbeff799a"",""provenance"":""stm""},{""episode_id"":""9e0f2db7-7d2b-47ed-8428-ff8d74092397"",""provenance"":""stm""},{""episode_id"":""dc8b1158-d7f0-4290-b6da-048469362461"",""provenance"":""stm""},{""episode_id"":""e9f5766f-f9cb-4022-bf1e-66ebe3aa30b2"",""provenance"":""stm""},{""episode_id"":""36c73944-279a-4a62-8d0a-10835ec8e2e1"",""provenance"":""stm""},{""episode_id"":""40964617-6fc9-41ae-9c48-107db425ad06"",""provenance"":""stm""},{""episode_id"":""506971c2-5dcd-4f59-bb60-230c6cc48cc4"",""provenance"":""stm""},{""episode_id"":""6289c2ce-f873-4b13-ad14-0ccc5e3d4cbe"",""provenance"":""stm""},{""episode_id"":""64d7fae9-2134-48f0-b73c-c5fac7c2ce7c"",""provenance"":""stm""},{""episode_id"":""8208dc7c-177c-4098-b7ff-a6739ee7bbee"",""provenance"":""stm""},{""episode_id"":""876d6520-8eac-4489-9076-c38604526380"",""provenance"":""stm""},{""episode_id"":""9a16f5c3-5d73-4688-ab6c-77f63571be01"",""provenance"":""stm""},{""episode_id"":""a786e395-1e6e-4338-bb1f-8bbbe25167da"",""provenance"":""stm""},{""episode_id"":""ef27b25f-b672-4196-9193-4dc687dbd36b"",""provenance"":""stm""},{""episode_id"":""1f8121e1-3a04-4a42-86e5-0b952602d179"",""provenance"":""stm""},{""episode_id"":""5e25d7b2-9822-4221-9f9a-c5b0b29e7a7b"",""provenance"":""stm""},{""episode_id"":""5fb30acc-82d8-4c89-a915-734e735ca6e4"",""provenance"":""stm""},{""episode_id"":""0154a54e-d1f0-4d9a-9418-4baffc396204"",""provenance"":""stm""},{""episode_id"":""0c97e95c-5616-4c67-a3bd-399eba330b80"",""provenance"":""stm""},{""episode_id"":""298ef311-ba49-4a2d-bade-afa8afabce89"",""provenance"":""stm""},{""episode_id"":""34432c50-68cc-414b-99a0-276ad2c65e56"",""provenance"":""stm""},{""episode_id"":""aa5e3739-499b-46a9-9313-a9fb000f12a6"",""provenance"":""stm""},{""episode_id"":""ac37a538-4d7d-47c5-a7f2-4b09b2736183"",""provenance"":""stm""},{""episode_id"":""bcdce8a0-f6e1-41bc-bf9f-5de570b066a7"",""provenance"":""stm""},{""episode_id"":""e964df06-0f65-4317-8001-1fa1e0c9b288"",""provenance"":""stm""},{""episode_id"":""f0a74561-32d0-43ed-9ce0-6e173b948c68"",""provenance"":""stm""},{""episode_id"":""248cc1f4-6f60-4ecf-a2c4-cd0fa7f8f00b"",""provenance"":""stm""},{""episode_id"":""4fb07384-4b5d-4438-93e0-055e99efb900"",""provenance"":""stm""},{""episode_id"":""5a5f5b21-adf4-44b8-826f-c63c19e38e34"",""provenance"":""stm""},{""episode_id"":""63b0f26c-ddac-40e9-bee6-6517ca864f23"",""provenance"":""stm""},{""episode_id"":""682b264f-3c7f-424b-93f8-5b60d8359ecd"",""provenance"":""stm""},{""episode_id"":""b6de1ffc-37fe-4edd-b614-200a1911c778"",""provenance"":""stm""},{""episode_id"":""c85695ff-9ba6-47f4-820e-a0bffb299ffe"",""provenance"":""stm""},{""episode_id"":""d2e22f98-6839-440b-9905-ba7e3c2cfe8c"",""provenance"":""stm""},{""episode_id"":""daaf3791-1a9e-4413-8222-309dd9e26e43"",""provenance"":""stm""},{""episode_id"":""ec673929-f600-40cc-ab28-b765e54af3bb"",""provenance"":""stm""},{""episode_id"":""006ef35d-7506-4a99-abe1-c6e858ede6ba"",""provenance"":""stm""},{""episode_id"":""1d3c5fe6-a73d-4123-be04-4f87c0429699"",""provenance"":""stm""},{""episode_id"":""566ca59b-ad17-4a25-9237-a835a5abe5ba"",""provenance"":""stm""},{""episode_id"":""4741166b-6f98-47df-8506-37ffc3befcdf"",""provenance"":""ltm""},{""episode_id"":""72bc8697-9933-4e81-bb39-a9808290ae9b"",""provenance"":""ltm""},{""episode_id"":""b6251ff1-25d4-44ee-9495-599f1af13d7f"",""provenance"":""ltm""},{""episode_id"":""61d8102d-8db5-4fe6-b3ef-17a3f1baa7e1"",""provenance"":""ltm""},{""episode_id"":""953a06d8-6c65-45b2-9be7-ea1b695740b0"",""provenance"":""ltm""},{""episode_id"":""a9bb2c9e-48b4-4d3d-828d-7720cc91736c"",""provenance"":""ltm""},{""episode_id"":""d7303af9-9461-4b75-922f-76bfbb0efbca"",""provenance"":""ltm""},{""episode_id"":""0f38c715-c455-4474-87b9-b5f792dfb136"",""provenance"":""ltm""},{""episode_id"":""6f20b7e3-94dc-4983-827e-d8d549f645f9"",""provenance"":""ltm""},{""episode_id"":""efa30fb9-5267-4970-b16d-7fc40b1ca487"",""provenance"":""ltm""},{""episode_id"":""b686f2f6-7c52-469c-85fb-1c9891c888ff"",""provenance"":""ltm""},{""episode_id"":""3c4386c1-c2c6-4b89-820f-085efbbb4b94"",""provenance"":""ltm""},{""episode_id"":""dba57d9b-fb4f-44ee-bf89-c4854c631812"",""provenance"":""ltm""},{""episode_id"":""361d5d03-9ade-456d-81b0-0fc5ffa89d48"",""provenance"":""ltm""},{""episode_id"":""3681387f-66db-44e2-b8cc-dec3029d648e"",""provenance"":""ltm""},{""episode_id"":""79ec0269-6fbe-4836-bfce-1ba5b3923db1"",""provenance"":""ltm""}]"
193,23,37,0,42,19,"[{""episode_id"":""006ef35d-7506-4a99-abe1-c6e858ede6ba"",""provenance"":""stm""},{""episode_id"":""1d3c5fe6-a73d-4123-be04-4f87c0429699"",""provenance"":""stm""},{""episode_id"":""566ca59b-ad17-4a25-9237-a835a5abe5ba"",""provenance"":""stm""},{""episode_id"":""022a3e3a-7277-49d0-9eb2-e069b34a41e5"",""provenance"":""stm""},{""episode_id"":""d7a93c18-cefa-4f00-a632-7591bf815ab1"",""provenance"":""stm""},{""episode_id"":""e91254e1-c10b-45fe-bbf0-ba1568987671"",""provenance"":""stm""},{""episode_id"":""6e06c854-1066-421d-9afc-0c9dbeff799a"",""provenance"":""stm""},{""episode_id"":""9e0f2db7-7d2b-47ed-8428-ff8d74092397"",""provenance"":""stm""},{""episode_id"":""dc8b1158-d7f0-4290-b6da-048469362461"",""provenance"":""stm""},{""episode_id"":""e9f5766f-f9cb-4022-bf1e-66ebe3aa30b2"",""provenance"":""stm""},{""episode_id"":""108bff6c-837a-40bd-9ac1-2f2fe57d7862"",""provenance"":""stm""},{""episode_id"":""4d50cb1a-7e46-4c86-9a85-b4e52e94c4b8"",""provenance"":""stm""},{""episode_id"":""c415f08c-52e0-4f09-b4e7-877dfe9dc4a8"",""provenance"":""stm""},{""episode_id"":""4741166b-6f98-47df-8506-37ffc3befcdf"",""provenance"":""ltm""},{""episode_id"":""72bc8697-9933-4e81-bb39-a9808290ae9b"",""provenance"":""ltm""},{""episode_id"":""b6251ff1-25d4-44ee-9495-599f1af13d7f"",""provenance"":""ltm""},{""episode_id"":""10ead65d-f467-4cbe-a05d-b379b082687f"",""provenance"":""stm""},{""episode_id"":""170e8f38-50e3-4513-b525-8b36990ffd44"",""provenance"":""stm""},{""episode_id"":""b44d1ffd-9702-4f2d-99bb-f11f2f97d5f0"",""provenance"":""stm""},{""episode_id"":""d7742be2-eca7-4a6b-b81a-a7f27d892e99"",""provenance"":""stm""},{""episode_id"":""2352ab44-2b72-41c7-8a4a-faf9293bd107"",""provenance"":""stm""},{""episode_id"":""e26bd539-7edf-4bb4-bc30-7055145e0a75"",""provenance"":""stm""},{""episode_id"":""e3600116-e784-45ee-a8c0-580fecb9fcc3"",""provenance"":""stm""},{""episode_id"":""1f8121e1-3a04-4a42-86e5-0b952602d179"",""provenance"":""stm""},{""episode_id"":""5e25d7b2-9822-4221-9f9a-c5b0b29e7a7b"",""provenance"":""stm""},{""episode_id"":""5fb30acc-82d8-4c89-a915-734e735ca6e4"",""provenance"":""stm""},{""episode_id"":""61d8102d-8db5-4fe6-b3ef-17a3f1baa7e1"",""provenance"":""ltm""},{""episode_id"":""953a06d8-6c65-45b2-9be7-ea1b695740b0"",""provenance"":""ltm""},{""episode_id"":""a9bb2c9e-48b4-4d3d-828d-7720cc91736c"",""provenance"":""ltm""},{""episode_id"":""6f20b7e3-94dc-4983-827e-d8d549f645f9"",""provenance"":""ltm""},{""episode_id"":""efa30fb9-5267-4970-b16d-7fc40b1ca487"",""provenance"":""ltm""},{""episode_id"":""d7303af9-9461-4b75-922f-76bfbb0efbca"",""provenance"":""ltm""},{""episode_id"":""0f38c715-c455-4474-87b9-b5f792dfb136"",""provenance"":""ltm""},{""episode_id"":""b686f2f6-7c52-469c-85fb-1c9891c888ff"",""provenance"":""ltm""},{""episode_id"":""3c4386c1-c2c6-4b89-820f-085efbbb4b94"",""provenance"":""ltm""},{""episode_id"":""dba57d9b-fb4f-44ee-bf89-c4854c631812"",""provenance"":""ltm""},{""episode_id"":""361d5d03-9ade-456d-81b0-0fc5ffa89d48"",""provenance"":""ltm""},{""episode_id"":""3681387f-66db-44e2-b8cc-dec3029d648e"",""provenance"":""ltm""},{""episode_id"":""79ec0269-6fbe-4836-bfce-1ba5b3923db1"",""provenance"":""ltm""},{""episode_id"":""506971c2-5dcd-4f59-bb60-230c6cc48cc4"",""provenance"":""ltm""},{""episode_id"":""876d6520-8eac-4489-9076-c38604526380"",""provenance"":""ltm""},{""episode_id"":""ef27b25f-b672-4196-9193-4dc687dbd36b"",""provenance"":""ltm""}]"
194,11,37,0,30,19,"[{""episode_id"":""108bff6c-837a-40bd-9ac1-2f2fe57d7862"",""provenance"":""stm""},{""episode_id"":""4d50cb1a-7e46-4c86-9a85-b4e52e94c4b8"",""provenance"":""stm""},{""episode_id"":""c415f08c-52e0-4f09-b4e7-877dfe9dc4a8"",""provenance"":""stm""},{""episode_id"":""2352ab44-2b72-41c7-8a4a-faf9293bd107"",""provenance"":""stm""},{""episode_id"":""d9f925cf-dbc2-4ab7-b503-890aaca8311d"",""provenance"":""stm""},{""episode_id"":""e26bd539-7edf-4bb4-bc30-7055145e0a75"",""provenance"":""stm""},{""episode_id"":""e3600116-e784-45ee-a8c0-580fecb9fcc3"",""provenance"":""stm""},{""episode_id"":""6e06c854-1066-421d-9afc-0c9dbeff799a"",""provenance"":""stm""},{""episode_id"":""9e0f2db7-7d2b-47ed-8428-ff8d74092397"",""provenance"":""stm""},{""episode_id"":""dc8b1158-d7f0-4290-b6da-048469362461"",""provenance"":""stm""},{""episode_id"":""e9f5766f-f9cb-4022-bf1e-66ebe3aa30b2"",""provenance"":""stm""},{""episode_id"":""d7303af9-9461-4b75-922f-76bfbb0efbca"",""provenance"":""ltm""},{""episode_id"":""6f20b7e3-94dc-4983-827e-d8d549f645f9"",""provenance"":""ltm""},{""episode_id"":""efa30fb9-5267-4970-b16d-7fc40b1ca487"",""provenance"":""ltm""},{""episode_id"":""61d8102d-8db5-4fe6-b3ef-17a3f1baa7e1"",""provenance"":""ltm""},{""episode_id"":""953a06d8-6c65-45b2-9be7-ea1b695740b0"",""provenance"":""ltm""},{""episode_id"":""a9bb2c9e-48b4-4d3d-828d-7720cc91736c"",""provenance"":""ltm""},{""episode_id"":""0f38c715-c455-4474-87b9-b5f792dfb136"",""provenance"":""ltm""},{""episode_id"":""b686f2f6-7c52-469c-85fb-1c9891c888ff"",""provenance"":""ltm""},{""episode_id"":""3c4386c1-c2c6-4b89-820f-085efbbb4b94"",""provenance"":""ltm""},{""episode_id"":""dba57d9b-fb4f-44ee-bf89-c4854c631812"",""provenance"":""ltm""},{""episode_id"":""4741166b-6f98-47df-8506-37ffc3befcdf"",""provenance"":""ltm""},{""episode_id"":""72bc8697-9933-4e81-bb39-a9808290ae9b"",""provenance"":""ltm""},{""episode_id"":""b6251ff1-25d4-44ee-9495-599f1af13d7f"",""provenance"":""ltm""},{""episode_id"":""361d5d03-9ade-456d-81b0-0fc5ffa89d48"",""provenance"":""ltm""},{""episode_id"":""3681387f-66db-44e2-b8cc-dec3029d648e"",""provenance"":""ltm""},{""episode_id"":""79ec0269-6fbe-4836-bfce-1ba5b3923db1"",""provenance"":""ltm""},{""episode_id"":""506971c2-5dcd-4f59-bb60-230c6cc48cc4"",""provenance"":""ltm""},{""episode_id"":""876d6520-8eac-4489-9076-c38604526380"",""provenance"":""ltm""},{""episode_id"":""ef27b25f-b672-4196-9193-4dc687dbd36b"",""provenance"":""ltm""}]"
195,21,37,0,36,15,"[{""episode_id"":""1f8121e1-3a04-4a42-86e5-0b952602d179"",""provenance"":""stm""},{""episode_id"":""5e25d7b2-9822-4221-9f9a-c5b0b29e7a7b"",""provenance"":""stm""},{""episode_id"":""5fb30acc-82d8-4c89-a915-734e735ca6e4"",""provenance"":""stm""},{""episode_id"":""6f20b7e3-94dc-4983-827e-d8d549f645f9"",""provenance"":""ltm""},{""episode_id"":""efa30fb9-5267-4970-b16d-7fc40b1ca487"",""provenance"":""ltm""},{""episode_id"":""0debc7e8-5ed2-4125-b716-64b3a4f39967"",""provenance"":""stm""},{""episode_id"":""1ac0d7d0-10c2-4768-b9b6-a6f2237cdce2"",""provenance"":""stm""},{""episode_id"":""27027481-502c-4e4c-a177-ce660051f67e"",""provenance"":""stm""},{""episode_id"":""58af2ad5-097f-4571-ba1a-8d7b8e79ca31"",""provenance"":""stm""},{""episode_id"":""61d8102d-8db5-4fe6-b3ef-17a3f1baa7e1"",""provenance"":""stm""},{""episode_id"":""906ba882-a75b-4b06-b7e5-43e922996436"",""provenance"":""stm""},{""episode_id"":""953a06d8-6c65-45b2-9be7-ea1b695740b0"",""provenance"":""stm""},{""episode_id"":""99d3eb1d-0e04-485b-a02e-f3703915e7df"",""provenance"":""stm""},{""episode_id"":""a9bb2c9e-48b4-4d3d-828d-7720cc91736c"",""provenance"":""stm""},{""episode_id"":""0669c654-0e61-4305-9c11-628f4bb60eb3"",""provenance"":""stm""},{""episode_id"":""413700d8-5c2a-411a-b178-e9feab0472cc"",""provenance"":""stm""},{""episode_id"":""67289dc1-1026-437b-a82e-a5f229e5e061"",""provenance"":""stm""},{""episode_id"":""88ffad9c-4295-4db8-b5dd-6d81a9f5ab51"",""provenance"":""stm""},{""episode_id"":""b125b0e7-1b0c-49ac-89e1-0d800b56863b"",""provenance"":""stm""},{""episode_id"":""b6fa95ef-d7a6-4fb5-ab74-e713d5925479"",""provenance"":""stm""},{""episode_id"":""ea4ebcb4-f0de-4f3b-938d-f867a49d747c"",""provenance"":""stm""},{""episode_id"":""fd45aa2b-376a-4e19-820a-b5d25f8b23ca"",""provenance"":""stm""},{""episode_id"":""4741166b-6f98-47df-8506-37ffc3befcdf"",""provenance"":""ltm""},{""episode_id"":""72bc8697-9933-4e81-bb39-a9808290ae9b"",""provenance"":""ltm""},{""episode_id"":""b6251ff1-25d4-44ee-9495-599f1af13d7f"",""provenance"":""ltm""},{""episode_id"":""0f38c715-c455-4474-87b9-b5f792dfb136"",""provenance"":""ltm""},{""episode_id"":""b686f2f6-7c52-469c-85fb-1c9891c888ff"",""provenance"":""stm""},{""episode_id"":""dba57d9b-fb4f-44ee-bf89-c4854c631812"",""provenance"":""ltm""},{""episode_id"":""d7303af9-9461-4b75-922f-76bfbb0efbca"",""provenance"":""ltm""},{""episode_id"":""3c4386c1-c2c6-4b89-820f-085efbbb4b94"",""provenance"":""ltm""},{""episode_id"":""506971c2-5dcd-4f59-bb60-230c6cc48cc4"",""provenance"":""ltm""},{""episode_id"":""876d6520-8eac-4489-9076-c38604526380"",""provenance"":""ltm""},{""episode_id"":""ef27b25f-b672-4196-9193-4dc687dbd36b"",""provenance"":""ltm""},{""episode_id"":""361d5d03-9ade-456d-81b0-0fc5ffa89d48"",""provenance"":""ltm""},{""episode_id"":""3681387f-66db-44e2-b8cc-dec3029d648e"",""provenance"":""ltm""},{""episode_id"":""79ec0269-6fbe-4836-bfce-1ba5b3923db1"",""provenance"":""ltm""}]"
196,3,37,0,22,19,"[{""episode_id"":""022a3e3a-7277-49d0-9eb2-e069b34a41e5"",""provenance"":""stm""},{""episode_id"":""d7a93c18-cefa-4f00-a632-7591bf815ab1"",""provenance"":""stm""},{""episode_id"":""e91254e1-c10b-45fe-bbf0-ba1568987671"",""provenance"":""stm""},{""episode_id"":""3c4386c1-c2c6-4b89-820f-085efbbb4b94"",""provenance"":""ltm""},{""episode_id"":""b686f2f6-7c52-469c-85fb-1c9891c888ff"",""provenance"":""ltm""},{""episode_id"":""dba57d9b-fb4f-44ee-bf89-c4854c631812"",""provenance"":""ltm""},{""episode_id"":""d7303af9-9461-4b75-922f-76bfbb0efbca"",""provenance"":""ltm""},{""episode_id"":""0f38c715-c455-4474-87b9-b5f792dfb136"",""provenance"":""ltm""},{""episode_id"":""4741166b-6f98-47df-8506-37ffc3befcdf"",""provenance"":""ltm""},{""episode_id"":""72bc8697-9933-4e81-bb39-a9808290ae9b"",""provenance"":""ltm""},{""episode_id"":""b6251ff1-25d4-44ee-9495-599f1af13d7f"",""provenance"":""ltm""},{""episode_id"":""61d8102d-8db5-4fe6-b3ef-17a3f1baa7e1"",""provenance"":""ltm""},{""episode_id"":""953a06d8-6c65-45b2-9be7-ea1b695740b0"",""provenance"":""ltm""},{""episode_id"":""a9bb2c9e-48b4-4d3d-828d-7720cc91736c"",""provenance"":""ltm""},{""episode_id"":""361d5d03-9ade-456d-81b0-0fc5ffa89d48"",""provenance"":""ltm""},{""episode_id"":""3681387f-66db-44e2-b8cc-dec3029d648e"",""provenance"":""ltm""},{""episode_id"":""79ec0269-6fbe-4836-bfce-1ba5b3923db1"",""provenance"":""ltm""},{""episode_id"":""6f20b7e3-94dc-4983-827e-d8d549f645f9"",""provenance"":""ltm""},{""episode_id"":""efa30fb9-5267-4970-b16d-7fc40b1ca487"",""provenance"":""ltm""},{""episode_id"":""506971c2-5dcd-4f59-bb60-230c6cc48cc4"",""provenance"":""ltm""},{""episode_id"":""876d6520-8eac-4489-9076-c38604526380"",""provenance"":""ltm""},{""episode_id"":""ef27b25f-b672-4196-9193-4dc687dbd36b"",""provenance"":""ltm""}]"
197,28,37,0,47,19,"[{""episode_id"":""6e06c854-1066-421d-9afc-0c9dbeff799a"",""provenance"":""stm""},{""episode_id"":""9e0f2db7-7d2b-47ed-8428-ff8d74092397"",""provenance"":""stm""},{""episode_id"":""dc8b1158-d7f0-4290-b6da-048469362461"",""provenance"":""stm""},{""episode_id"":""e9f5766f-f9cb-4022-bf1e-66ebe3aa30b2"",""provenance"":""stm""},{""episode_id"":""108bff6c-837a-40bd-9ac1-2f2fe57d7862"",""provenance"":""stm""},{""episode_id"":""4d50cb1a-7e46-4c86-9a85-b4e52e94c4b8"",""provenance"":""stm""},{""episode_id"":""61b792a9-b437-4f3c-ac19-30f6a7d82391"",""provenance"":""stm""},{""episode_id"":""c415f08c-52e0-4f09-b4e7-877dfe9dc4a8"",""provenance"":""stm""},{""episode_id"":""1f8121e1-3a04-4a42-86e5-0b952602d179"",""provenance"":""stm""},{""episode_id"":""59caf8d8-dafc-4d5b-bab4-25ce7811149e"",""provenance"":""stm""},{""episode_id"":""5e25d7b2-9822-4221-9f9a-c5b0b29e7a7b"",""provenance"":""stm""},{""episode_id"":""5fb30acc-82d8-4c89-a915-734e735ca6e4"",""provenance"":""stm""},{""episode_id"":""2352ab44-2b72-41c7-8a4a-faf9293bd107"",""provenance"":""stm""},{""episode_id"":""d9f925cf-dbc2-4ab7-b503-890aaca8311d"",""provenance"":""stm""},{""episode_id"":""e26bd539-7edf-4bb4-bc30-7055145e0a75"",""provenance"":""stm""},{""episode_id"":""e3600116-e784-45ee-a8c0-580fecb9fcc3"",""provenance"":""stm""},{""episode_id"":""38c9659f-7651-49d5-a595-f2ee51230b8e"",""provenance"":""stm""},{""episode_id"":""9fcde09b-2d42-4368-896d-df8604cd9c29"",""provenance"":""stm""},{""episode_id"":""df8ec481-0703-4b26-b70a-4ecb01bd4bbd"",""provenance"":""stm""},{""episode_id"":""fb431544-5bbd-41ca-a8c6-569993317df4"",""provenance"":""stm""},{""episode_id"":""006ef35d-7506-4a99-abe1-c6e858ede6ba"",""provenance"":""stm""},{""episode_id"":""1d3c5fe6-a73d-4123-be04-4f87c0429699"",""provenance"":""stm""},{""episode_id"":""4f53e50a-651b-42bd-b063-bf3db83c3ca9"",""provenance"":""stm""},{""episode_id"":""566ca59b-ad17-4a25-9237-a835a5abe5ba"",""provenance"":""stm""},{""episode_id"":""0f38c715-c455-4474-87b9-b5f792dfb136"",""provenance"":""ltm""},{""episode_id"":""10ead65d-f467-4cbe-a05d-b379b082687f"",""provenance"":""stm""},{""episode_id"":""170e8f38-50e3-4513-b525-8b36990ffd44"",""provenance"":""stm""},{""episode_id"":""b44d1ffd-9702-4f2d-99bb-f11f2f97d5f0"",""provenance"":""stm""},{""episode_id"":""d7742be2-eca7-4a6b-b81a-a7f27d892e99"",""provenance"":""stm""},{""episode_id"":""61d8102d-8db5-4fe6-b3ef-17a3f1baa7e1"",""provenance"":""ltm""},{""episode_id"":""953a06d8-6c65-45b2-9be7-ea1b695740b0"",""provenance"":""ltm""},{""episode_id"":""a9bb2c9e-48b4-4d3d-828d-7720cc91736c"",""provenance"":""ltm""},{""episode_id"":""6f20b7e3-94dc-4983-827e-d8d549f645f9"",""provenance"":""ltm""},{""episode_id"":""efa30fb9-5267-4970-b16d-7fc40b1ca487"",""provenance"":""ltm""},{""episode_id"":""b686f2f6-7c52-469c-85fb-1c9891c888ff"",""provenance"":""ltm""},{""episode_id"":""4741166b-6f98-47df-8506-37ffc3befcdf"",""provenance"":""ltm""},{""episode_id"":""72bc8697-9933-4e81-bb39-a9808290ae9b"",""provenance"":""ltm""},{""episode_id"":""b6251ff1-25d4-44ee-9495-599f1af13d7f"",""provenance"":""ltm""},{""episode_id"":""361d5d03-9ade-456d-81b0-0fc5ffa89d48"",""provenance"":""ltm""},{""episode_id"":""3681387f-66db-44e2-b8cc-dec3029d648e"",""provenance"":""ltm""},{""episode_id"":""79ec0269-6fbe-4836-bfce-1ba5b3923db1"",""provenance"":""ltm""},{""episode_id"":""dba57d9b-fb4f-44ee-bf89-c4854c631812"",""provenance"":""ltm""},{""episode_id"":""d7303af9-9461-4b75-922f-76bfbb0efbca"",""provenance"":""ltm""},{""episode_id"":""3c4386c1-c2c6-4b89-820f-085efbbb4b94"",""provenance"":""ltm""},{""episode_id"":""506971c2-5dcd-4f59-bb60-230c6cc48cc4"",""provenance"":""ltm""},{""episode_id"":""876d6520-8eac-4489-9076-c38604526380"",""provenance"":""ltm""},{""episode_id"":""ef27b25f-b672-4196-9193-4dc687dbd36b"",""provenance"":""ltm""}]"
198,37,37,0,54,17,"[{""episode_id"":""38c9659f-7651-49d5-a595-f2ee51230b8e"",""provenance"":""stm""},{""episode_id"":""9fcde09b-2d42-4368-896d-df8604cd9c29"",""provenance"":""stm""},{""episode_id"":""df8ec481-0703-4b26-b70a-4ecb01bd4bbd"",""provenance"":""stm""},{""episode_id"":""fb431544-5bbd-41ca-a8c6-569993317df4"",""provenance"":""stm""},{""episode_id"":""1f8121e1-3a04-4a42-86e5-0b952602d179"",""provenance"":""stm""},{""episode_id"":""59caf8d8-dafc-4d5b-bab4-25ce7811149e"",""provenance"":""stm""},{""episode_id"":""5e25d7b2-9822-4221-9f9a-c5b0b29e7a7b"",""provenance"":""stm""},{""episode_id"":""5fb30acc-82d8-4c89-a915-734e735ca6e4"",""provenance"":""stm""},{""episode_id"":""6e06c854-1066-421d-9afc-0c9dbeff799a"",""provenance"":""stm""},{""episode_id"":""9e0f2db7-7d2b-47ed-8428-ff8d74092397"",""provenance"":""stm""},{""episode_id"":""dc8b1158-d7f0-4290-b6da-048469362461"",""provenance"":""stm""},{""episode_id"":""e9f5766f-f9cb-4022-bf1e-66ebe3aa30b2"",""provenance"":""stm""},{""episode_id"":""10ead65d-f467-4cbe-a05d-b379b082687f"",""provenance"":""stm""},{""episode_id"":""170e8f38-50e3-4513-b525-8b36990ffd44"",""provenance"":""stm""},{""episode_id"":""b44d1ffd-9702-4f2d-99bb-f11f2f97d5f0"",""provenance"":""stm""},{""episode_id"":""d7742be2-eca7-4a6b-b81a-a7f27d892e99"",""provenance"":""stm""},{""episode_id"":""108bff6c-837a-40bd-9ac1-2f2fe57d7862"",""provenance"":""stm""},{""episode_id"":""4d50cb1a-7e46-4c86-9a85-b4e52e94c4b8"",""provenance"":""stm""},{""episode_id"":""61b792a9-b437-4f3c-ac19-30f6a7d82391"",""provenance"":""stm""},{""episode_id"":""c415f08c-52e0-4f09-b4e7-877dfe9dc4a8"",""provenance"":""stm""},{""episode_id"":""104e115d-53a4-494c-bb22-8b3956f9a404"",""provenance"":""stm""},{""episode_id"":""5a96be8f-836f-4968-9569-99d92236351f"",""provenance"":""stm""},{""episode_id"":""5d822c74-3eb4-4f8c-839c-26af5f308686"",""provenance"":""stm""},{""episode_id"":""7c616d19-4e27-4f4b-98c3-69733338171b"",""provenance"":""stm""},{""episode_id"":""8b0d2b39-86c8-4b6a-afe6-1d57c7257593"",""provenance"":""stm""},{""episode_id"":""b3331be2-3154-471b-8fe5-6393290f0491"",""provenance"":""stm""},{""episode_id"":""d253524e-1b30-4cb8-9770-4de2ba5ca116"",""provenance"":""stm""},{""episode_id"":""d5319b10-8020-4d51-a377-309b0faef11b"",""provenance"":""stm""},{""episode_id"":""2ff479fb-dd9f-4c79-82f4-9cd7019bd800"",""provenance"":""stm""},{""episode_id"":""300c6207-208a-48f7-a43a-0b3c055e15c9"",""provenance"":""stm""},{""episode_id"":""6dfca794-82da-4db6-96d1-507ac2e91d37"",""provenance"":""stm""},{""episode_id"":""6f20b7e3-94dc-4983-827e-d8d549f645f9"",""provenance"":""stm""},{""episode_id"":""87c694e5-e7ed-494b-9bf8-97f7acea523d"",""provenance"":""stm""},{""episode_id"":""8dda3e94-77d2-41c2-a897-30059c130989"",""provenance"":""stm""},{""episode_id"":""9332e339-1d5d-496c-b128-6011bc520c24"",""provenance"":""stm""},{""episode_id"":""cb0f3244-9037-41de-b2ff-8a03e32d14d4"",""provenance"":""stm""},{""episode_id"":""efa30fb9-5267-4970-b16d-7fc40b1ca487"",""provenance"":""stm""},{""episode_id"":""61d8102d-8db5-4fe6-b3ef-17a3f1baa7e1"",""provenance"":""ltm""},{""episode_id"":""953a06d8-6c65-45b2-9be7-ea1b695740b0"",""provenance"":""ltm""},{""episode_id"":""a9bb2c9e-48b4-4d3d-828d-7720cc91736c"",""provenance"":""ltm""},{""episode_id"":""0f38c715-c455-4474-87b9-b5f792dfb136"",""provenance"":""ltm""},{""episode_id"":""dba57d9b-fb4f-44ee-bf89-c4854c631812"",""provenance"":""ltm""},{""episode_id"":""d7303af9-9461-4b75-922f-76bfbb0efbca"",""provenance"":""ltm""},{""episode_id"":""4741166b-6f98-47df-8506-37ffc3befcdf"",""provenance"":""ltm""},{""episode_id"":""72bc8697-9933-4e81-bb39-a9808290ae9b"",""provenance"":""ltm""},{""episode_id"":""b6251ff1-25d4-44ee-9495-599f1af13d7f"",""provenance"":""ltm""},{""episode_id"":""3c4386c1-c2c6-4b89-820f-085efbbb4b94"",""provenance"":""ltm""},{""episode_id"":""b686f2f6-7c52-469c-85fb-1c9891c888ff"",""provenance"":""ltm""},{""episode_id"":""506971c2-5dcd-4f59-bb60-230c6cc48cc4"",""provenance"":""ltm""},{""episode_id"":""876d6520-8eac-4489-9076-c38604526380"",""provenance"":""ltm""},{""episode_id"":""ef27b25f-b672-4196-9193-4dc687dbd36b"",""provenance"":""ltm""},{""episode_id"":""361d5d03-9ade-456d-81b0-0fc5ffa89d48"",""provenance"":""ltm""},{""episode_id"":""3681387f-66db-44e2-b8cc-dec3029d648e"",""provenance"":""ltm""},{""episode_id"":""79ec0269-6fbe-4836-bfce-1ba5b3923db1"",""provenance"":""ltm""}]"
199,17,37,0,36,19,"[{""episode_id"":""10ead65d-f467-4cbe-a05d-b379b082687f"",""provenance"":""stm""},{""episode_id"":""170e8f38-50e3-4513-b525-8b36990ffd44"",""provenance"":""stm""},{""episode_id"":""b44d1ffd-9702-4f2d-99bb-f11f2f97d5f0"",""provenance"":""stm""},{""episode_id"":""d7742be2-eca7-4a6b-b81a-a7f27d892e99"",""provenance"":""stm""},{""episode_id"":""6e06c854-1066-421d-9afc-0c9dbeff799a"",""provenance"":""stm""},{""episode_id"":""954222c8-3d59-4fe1-bbb8-b5d6f515782d"",""provenance"":""stm""},{""episode_id"":""9e0f2db7-7d2b-47ed-8428-ff8d74092397"",""provenance"":""stm""},{""episode_id"":""dc8b1158-d7f0-4290-b6da-048469362461"",""provenance"":""stm""},{""episode_id"":""e9f5766f-f9cb-4022-bf1e-66ebe3aa30b2"",""provenance"":""stm""},{""episode_id"":""61d8102d-8db5-4fe6-b3ef-17a3f1baa7e1"",""provenance"":""ltm""},{""episode_id"":""953a06d8-6c65-45b2-9be7-ea1b695740b0"",""provenance"":""ltm""},{""episode_id"":""a9bb2c9e-48b4-4d3d-828d-7720cc91736c"",""provenance"":""ltm""},{""episode_id"":""108bff6c-837a-40bd-9ac1-2f2fe57d7862"",""provenance"":""stm""},{""episode_id"":""4d50cb1a-7e46-4c86-9a85-b4e52e94c4b8"",""provenance"":""stm""},{""episode_id"":""61b792a9-b437-4f3c-ac19-30f6a7d82391"",""provenance"":""stm""},{""episode_id"":""c415f08c-52e0-4f09-b4e7-877dfe9dc4a8"",""provenance"":""stm""},{""episode_id"":""38c9659f-7651-49d5-a595-f2ee51230b8e"",""provenance"":""stm""},{""episode_id"":""9fcde09b-2d42-4368-896d-df8604cd9c29"",""provenance"":""stm""},{""episode_id"":""df8ec481-0703-4b26-b70a-4ecb01bd4bbd"",""provenance"":""stm""},{""episode_id"":""fb431544-5bbd-41ca-a8c6-569993317df4"",""provenance"":""stm""},{""episode_id"":""6f20b7e3-94dc-4983-827e-d8d549f645f9"",""provenance"":""ltm""},{""episode_id"":""efa30fb9-5267-4970-b16d-7fc40b1ca487"",""provenance"":""ltm""},{""episode_id"":""0f38c715-c455-4474-87b9-b5f792dfb136"",""provenance"":""ltm""},{""episode_id"":""d7303af9-9461-4b75-922f-76bfbb0efbca"",""provenance"":""ltm""},{""episode_id"":""dba57d9b-fb4f-44ee-bf89-c4854c631812"",""provenance"":""ltm""},{""episode_id"":""4741166b-6f98-47df-8506-37ffc3befcdf"",""provenance"":""ltm""},{""episode_id"":""72bc8697-9933-4e81-bb39-a9808290ae9b"",""provenance"":""ltm""},{""episode_id"":""b6251ff1-25d4-44ee-9495-599f1af13d7f"",""provenance"":""ltm""},{""episode_id"":""3c4386c1-c2c6-4b89-820f-085efbbb4b94"",""provenance"":""ltm""},{""episode_id"":""b686f2f6-7c52-469c-85fb-1c9891c888ff"",""provenance"":""ltm""},{""episode_id"":""361d5d03-9ade-456d-81b0-0fc5ffa89d48"",""provenance"":""ltm""},{""episode_id"":""3681387f-66db-44e2-b8cc-dec3029d648e"",""provenance"":""ltm""},{""episode_id"":""79ec0269-6fbe-4836-bfce-1ba5b3923db1"",""provenance"":""ltm""},{""episode_id"":""506971c2-5dcd-4f59-bb60-230c6cc48cc4"",""provenance"":""ltm""},{""episode_id"":""876d6520-8eac-4489-9076-c38604526380"",""provenance"":""ltm""},{""episode_id"":""ef27b25f-b672-4196-9193-4dc687dbd36b"",""provenance"":""ltm""}]"
200,50,37,0,66,16,"[{""episode_id"":""2352ab44-2b72-41c7-8a4a-faf9293bd107"",""provenance"":""stm""},{""episode_id"":""d9f925cf-dbc2-4ab7-b503-890aaca8311d"",""provenance"":""stm""},{""episode_id"":""e26bd539-7edf-4bb4-bc30-7055145e0a75"",""provenance"":""stm""},{""episode_id"":""e3600116-e784-45ee-a8c0-580fecb9fcc3"",""provenance"":""stm""},{""episode_id"":""108bff6c-837a-40bd-9ac1-2f2fe57d7862"",""provenance"":""stm""},{""episode_id"":""4d50cb1a-7e46-4c86-9a85-b4e52e94c4b8"",""provenance"":""stm""},{""episode_id"":""61b792a9-b437-4f3c-ac19-30f6a7d82391"",""provenance"":""stm""},{""episode_id"":""c415f08c-52e0-4f09-b4e7-877dfe9dc4a8"",""provenance"":""stm""},{""episode_id"":""6e06c854-1066-421d-9afc-0c9dbeff799a"",""provenance"":""stm""},{""episode_id"":""954222c8-3d59-4fe1-bbb8-b5d6f515782d"",""provenance"":""stm""},{""episode_id"":""9e0f2db7-7d2b-47ed-8428-ff8d74092397"",""provenance"":""stm""},{""episode_id"":""dc8b1158-d7f0-4290-b6da-048469362461"",""provenance"":""stm""},{""episode_id"":""e9f5766f-f9cb-4022-bf1e-66ebe3aa30b2"",""provenance"":""stm""},{""episode_id"":""36c73944-279a-4a62-8d0a-10835ec8e2e1"",""provenance"":""stm""},{""episode_id"":""40964617-6fc9-41ae-9c48-107db425ad06"",""provenance"":""stm""},{""episode_id"":""506971c2-5dcd-4f59-bb60-230c6cc48cc4"",""provenance"":""stm""},{""episode_id"":""6289c2ce-f873-4b13-ad14-0ccc5e3d4cbe"",""provenance"":""stm""},{""episode_id"":""64d7fae9-2134-48f0-b73c-c5fac7c2ce7c"",""provenance"":""stm""},{""episode_id"":""8208dc7c-177c-4098-b7ff-a6739ee7bbee"",""provenance"":""stm""},{""episode_id"":""876d6520-8eac-4489-9076-c38604526380"",""provenance"":""stm""},{""episode_id"":""9a16f5c3-5d73-4688-ab6c-77f63571be01"",""provenance"":""stm""},{""episode_id"":""a786e395-1e6e-4338-bb1f-8bbbe25167da"",""provenance"":""stm""},{""episode_id"":""ef27b25f-b672-4196-9193-4dc687dbd36b"",""provenance"":""stm""},{""episode_id"":""1f8121e1-3a04-4a42-86e5-0b952602d179"",""provenance"":""stm""},{""episode_id"":""59caf8d8-dafc-4d5b-bab4-25ce7811149e"",""provenance"":""stm""},{""episode_id"":""5e25d7b2-9822-4221-9f9a-c5b0b29e7a7b"",""provenance"":""stm""},{""episode_id"":""5fb30acc-82d8-4c89-a915-734e735ca6e4"",""provenance"":""stm""},{""episode_id"":""0154a54e-d1f0-4d9a-9418-4baffc396204"",""provenance"":""stm""},{""episode_id"":""0c97e95c-5616-4c67-a3bd-399eba330b80"",""provenance"":""stm""},{""episode_id"":""298ef311-ba49-4a2d-bade-afa8afabce89"",""provenance"":""stm""},{""episode_id"":""34432c50-68cc-414b-99a0-276ad2c65e56"",""provenance"":""stm""},{""episode_id"":""aa5e3739-499b-46a9-9313-a9fb000f12a6"",""provenance"":""stm""},{""episode_id"":""ac37a538-4d7d-47c5-a7f2-4b09b2736183"",""provenance"":""stm""},{""episode_id"":""bcdce8a0-f6e1-41bc-bf9f-5de570b066a7"",""provenance"":""stm""},{""episode_id"":""e964df06-0f65-4317-8001-1fa1e0c9b288"",""provenance"":""stm""},{""episode_id"":""f0a74561-32d0-43ed-9ce0-6e173b948c68"",""provenance"":""stm""},{""episode_id"":""248cc1f4-6f60-4ecf-a2c4-cd0fa7f8f00b"",""provenance"":""stm""},{""episode_id"":""4fb07384-4b5d-4438-93e0-055e99efb900"",""provenance"":""stm""},{""episode_id"":""5a5f5b21-adf4-44b8-826f-c63c19e38e34"",""provenance"":""stm""},{""episode_id"":""63b0f26c-ddac-40e9-bee6-6517ca864f23"",""provenance"":""stm""},{""episode_id"":""682b264f-3c7f-424b-93f8-5b60d8359ecd"",""provenance"":""stm""},{""episode_id"":""b6de1ffc-37fe-4edd-b614-200a1911c778"",""provenance"":""stm""},{""episode_id"":""c85695ff-9ba6-47f4-820e-a0bffb299ffe"",""provenance"":""stm""},{""episode_id"":""d2e22f98-6839-440b-9905-ba7e3c2cfe8c"",""provenance"":""stm""},{""episode_id"":""daaf3791-1a9e-4413-8222-309dd9e26e43"",""provenance"":""stm""},{""episode_id"":""ec673929-f600-40cc-ab28-b765e54af3bb"",""provenance"":""stm""},{""episode_id"":""006ef35d-7506-4a99-abe1-c6e858ede6ba"",""provenance"":""stm""},{""episode_id"":""1d3c5fe6-a73d-4123-be04-4f87c0429699"",""provenance"":""stm""},{""episode_id"":""4f53e50a-651b-42bd-b063-bf3db83c3ca9"",""provenance"":""stm""},{""episode_id"":""566ca59b-ad17-4a25-9237-a835a5abe5ba"",""provenance"":""stm""},{""episode_id"":""4741166b-6f98-47df-8506-37ffc3befcdf"",""provenance"":""ltm""},{""episode_id"":""72bc8697-9933-4e81-bb39-a9808290ae9b"",""provenance"":""ltm""},{""episode_id"":""b6251ff1-25d4-44ee-9495-599f1af13d7f"",""provenance"":""ltm""},{""episode_id"":""61d8102d-8db5-4fe6-b3ef-17a3f1baa7e1"",""provenance"":""ltm""},{""episode_id"":""953a06d8-6c65-45b2-9be7-ea1b695740b0"",""provenance"":""ltm""},{""episode_id"":""a9bb2c9e-48b4-4d3d-828d-7720cc91736c"",""provenance"":""ltm""},{""episode_id"":""d7303af9-9461-4b75-922f-76bfbb0efbca"",""provenance"":""ltm""},{""episode_id"":""0f38c715-c455-4474-87b9-b5f792dfb136"",""provenance"":""ltm""},{""episode_id"":""6f20b7e3-94dc-4983-827e-d8d549f645f9"",""provenance"":""ltm""},{""episode_id"":""efa30fb9-5267-4970-b16d-7fc40b1ca487"",""provenance"":""ltm""},{""episode_id"":""b686f2f6-7c52-469c-85fb-1c9891c888ff"",""provenance"":""ltm""},{""episode_id"":""3c4386c1-c2c6-4b89-820f-085efbbb4b94"",""provenance"":""ltm""},{""episode_id"":""dba57d9b-fb4f-44ee-bf89-c4854c631812"",""provenance"":""ltm""},{""episode_id"":""361d5d03-9ade-456d-81b0-0fc5ffa89d48"",""provenance"":""ltm""},{""episode_id"":""3681387f-66db-44e2-b8cc-dec3029d648e"",""provenance"":""ltm""},{""episode_id"":""79ec0269-6fbe-4836-bfce-1ba5b3923db1"",""provenance"":""ltm""}]"
