turn,episode_id,similarity_score,decay_score,retrieval_type
13,6b402717-5aca-4908-8148-268a7704e268,0.5321198105812073,0.9998621708326458,K
15,298ef311-ba49-4a2d-bade-afa8afabce89,0.5172289609909058,0.9999320105336108,K
16,298ef311-ba49-4a2d-bade-afa8afabce89,0.5159288644790649,0.9999274456877469,K
16,6b402717-5aca-4908-8148-268a7704e268,0.5113947987556458,0.9997883893649118,K
17,ef0b9755-bdd6-484f-b79d-0c288e889a9a,0.6038785576820374,0.9998575318162224,K
18,6b402717-5aca-4908-8148-268a7704e268,0.8916975259780884,0.9998555604046252,K
18,298ef311-ba49-4a2d-bade-afa8afabce89,0.570080041885376,0.9998555603213038,K
19,5d822c74-3eb4-4f8c-839c-26af5f308686,0.8395365476608276,0.9995127203704107,K
20,040d3619-d61c-45ef-a50c-5987182190a7,0.876091718673706,0.9995046869302617,K
21,298ef311-ba49-4a2d-bade-afa8afabce89,0.9216164350509644,0.9997933134459428,K
21,531c76d8-8ddd-4da8-a966-de764b819d2a,0.5321198105812073,0.9998591657791812,K
21,6b402717-5aca-4908-8148-268a7704e268,0.5321198105812073,0.9997933135292589,K
21,ea4ebcb4-f0de-4f3b-938d-f867a49d747c,0.5032227039337158,0.9997187972948943,K
22,ef0b9755-bdd6-484f-b79d-0c288e889a9a,0.8691616058349609,0.9996445142000553,K
22,65fd5f3a-49e4-4e84-83fc-45e53786395e,0.5480678081512451,0.9997190247031765,K
23,8b7e2cd2-5d68-48e0-806a-ecbe6dae0809,0.8853834867477417,0.9995026461103586,K
23,298ef311-ba49-4a2d-bade-afa8afabce89,0.5172289609909058,0.9998537022025666,K
23,e964df06-0f65-4317-8001-1fa1e0c9b288,0.5172289609909058,0.9999280007309607,K
24,ea4ebcb4-f0de-4f3b-938d-f867a49d747c,0.8714536428451538,0.9997797136554895,K
24,298ef311-ba49-4a2d-bade-afa8afabce89,0.5159288644790649,0.999926034541135,K
24,e964df06-0f65-4317-8001-1fa1e0c9b288,0.5159288644790649,0.9999260343189292,K
24,531c76d8-8ddd-4da8-a966-de764b819d2a,0.5113947987556458,0.9997797135999461,K
24,6b402717-5aca-4908-8148-268a7704e268,0.5113947987556458,0.9997797138221194,K
25,65fd5f3a-49e4-4e84-83fc-45e53786395e,0.8479403257369995,0.9997793802012389,K
25,64500e5a-570f-46a9-91ed-2fff31fd995e,0.6038785576820374,0.999851402319507,K
25,ef0b9755-bdd6-484f-b79d-0c288e889a9a,0.6038785576820374,0.9997793802845538,K
26,531c76d8-8ddd-4da8-a966-de764b819d2a,0.8916975259780884,0.9998425283999541,K
26,6b402717-5aca-4908-8148-268a7704e268,0.8916975259780884,0.9998425285665946,K
26,298ef311-ba49-4a2d-bade-afa8afabce89,0.570080041885376,0.9998425285110478,K
26,e964df06-0f65-4317-8001-1fa1e0c9b288,0.570080041885376,0.999842528316634,K
27,104e115d-53a4-494c-bb22-8b3956f9a404,0.8395365476608276,0.9994851145157151,K
27,5d822c74-3eb4-4f8c-839c-26af5f308686,0.8395365476608276,0.9994116733264906,K
28,040d3619-d61c-45ef-a50c-5987182190a7,0.876091718673706,0.9994107254960136,K
28,8b2140f1-5048-4ebe-8077-4449b857c3fc,0.876091718673706,0.999478055538204,K
29,298ef311-ba49-4a2d-bade-afa8afabce89,0.9216164350509644,0.9997872531060529,K
29,e964df06-0f65-4317-8001-1fa1e0c9b288,0.9216164350509644,0.9997872529394217,K
29,48329172-d1f8-471c-b99e-444b68ad9052,0.5321198105812073,0.9998570901570291,K
29,531c76d8-8ddd-4da8-a966-de764b819d2a,0.5321198105812073,0.9997872529949654,K
29,6b402717-5aca-4908-8148-268a7704e268,0.5321198105812073,0.9997872531893686,K
29,b6fa95ef-d7a6-4fb5-ab74-e713d5925479,0.5032227039337158,0.9997044225527345,K
29,ea4ebcb4-f0de-4f3b-938d-f867a49d747c,0.5032227039337158,0.9996298104259642,K
30,64500e5a-570f-46a9-91ed-2fff31fd995e,0.8691616058349609,0.999625458880266,K
30,ef0b9755-bdd6-484f-b79d-0c288e889a9a,0.8691616058349609,0.9996254590746376,K
30,65fd5f3a-49e4-4e84-83fc-45e53786395e,0.5480678081512451,0.9996254589913355,K
30,2db5e42d-20cf-47f1-82d9-0697c1f97405,0.5395364165306091,0.9997082825578099,K
31,8b7e2cd2-5d68-48e0-806a-ecbe6dae0809,0.8853834867477417,0.999402408684414,K
31,b26e7399-db12-4df4-9042-baa9d5ba4697,0.8853834867477417,0.9994763433782349,K
31,298ef311-ba49-4a2d-bade-afa8afabce89,0.5172289609909058,0.9998464828405208,K
31,aa5e3739-499b-46a9-9313-a9fb000f12a6,0.5172289609909058,0.9999254633891024,K
31,e964df06-0f65-4317-8001-1fa1e0c9b288,0.5172289609909058,0.9998464826738798,K
32,b6fa95ef-d7a6-4fb5-ab74-e713d5925479,0.8714536428451538,0.9997692230497647,K
32,ea4ebcb4-f0de-4f3b-938d-f867a49d747c,0.8714536428451538,0.9997692232441643,K
32,298ef311-ba49-4a2d-bade-afa8afabce89,0.5159288644790649,0.9999227334296596,K
32,aa5e3739-499b-46a9-9313-a9fb000f12a6,0.5159288644790649,0.9999227330685765,K
32,e964df06-0f65-4317-8001-1fa1e0c9b288,0.5159288644790649,0.9999227332630058,K
32,48329172-d1f8-471c-b99e-444b68ad9052,0.5113947987556458,0.9997692230219933,K
32,531c76d8-8ddd-4da8-a966-de764b819d2a,0.5113947987556458,0.9997692231886215,K
32,6b402717-5aca-4908-8148-268a7704e268,0.5113947987556458,0.9997692233830211,K
33,65fd5f3a-49e4-4e84-83fc-45e53786395e,0.8479403257369995,0.9997701317293158,K
33,2db5e42d-20cf-47f1-82d9-0697c1f97405,0.8362465500831604,0.9997701315349161,K
33,64500e5a-570f-46a9-91ed-2fff31fd995e,0.6038785576820374,0.9997701316182304,K
33,81f620fa-68f9-46c3-9d45-2dbc7cbb9a41,0.6038785576820374,0.9998446609274745,K
33,ef0b9755-bdd6-484f-b79d-0c288e889a9a,0.6038785576820374,0.9997701318126301,K
34,48329172-d1f8-471c-b99e-444b68ad9052,0.8916975259780884,0.9998383632590703,K
34,531c76d8-8ddd-4da8-a966-de764b819d2a,0.8916975259780884,0.9998383634812565,K
34,6b402717-5aca-4908-8148-268a7704e268,0.8916975259780884,0.9998383636756696,K
34,298ef311-ba49-4a2d-bade-afa8afabce89,0.570080041885376,0.9998383635923498,K
34,aa5e3739-499b-46a9-9313-a9fb000f12a6,0.570080041885376,0.9998383631757505,K
34,e964df06-0f65-4317-8001-1fa1e0c9b288,0.570080041885376,0.9998383633979367,K
35,104e115d-53a4-494c-bb22-8b3956f9a404,0.8395365476608276,0.9993924529092968,K
35,5d822c74-3eb4-4f8c-839c-26af5f308686,0.8395365476608276,0.9993924531036231,K
35,8b0d2b39-86c8-4b6a-afe6-1d57c7257593,0.8395365476608276,0.9994668394861613,K
36,040d3619-d61c-45ef-a50c-5987182190a7,0.876091718673706,0.9993906043680993,K
36,8b2140f1-5048-4ebe-8077-4449b857c3fc,0.876091718673706,0.9993906041737735,K
36,c626d008-2b46-4dc2-a78c-57bfaafab466,0.876091718673706,0.9994590616654799,K
37,298ef311-ba49-4a2d-bade-afa8afabce89,0.9216164350509644,0.999781334660751,K
37,aa5e3739-499b-46a9-9313-a9fb000f12a6,0.9216164350509644,0.9997813341608603,K
37,e964df06-0f65-4317-8001-1fa1e0c9b288,0.9216164350509644,0.9997813343552623,K
37,48329172-d1f8-471c-b99e-444b68ad9052,0.5321198105812073,0.9997813342164037,K
37,531c76d8-8ddd-4da8-a966-de764b819d2a,0.5321198105812073,0.9997813344385774,K
37,6b402717-5aca-4908-8148-268a7704e268,0.5321198105812073,0.999781334744066,K
37,f0cfc1aa-68ed-4f78-93b8-bc2855315e1d,0.5321198105812073,0.999853668040899,K
37,88ffad9c-4295-4db8-b5dd-6d81a9f5ab51,0.5032227039337158,0.9996977813994667,K
37,b6fa95ef-d7a6-4fb5-ab74-e713d5925479,0.5032227039337158,0.9996197256559572,K
37,ea4ebcb4-f0de-4f3b-938d-f867a49d747c,0.5032227039337158,0.9996197259891638,K
38,64500e5a-570f-46a9-91ed-2fff31fd995e,0.8691616058349609,0.9996162656171012,K
38,81f620fa-68f9-46c3-9d45-2dbc7cbb9a41,0.8691616058349609,0.9996162654227313,K
38,ef0b9755-bdd6-484f-b79d-0c288e889a9a,0.8691616058349609,0.9996162657837039,K
38,65fd5f3a-49e4-4e84-83fc-45e53786395e,0.5480678081512451,0.9996162657004025,K
38,2db5e42d-20cf-47f1-82d9-0697c1f97405,0.5395364165306091,0.9996162655337998,K
38,7e4d090f-6733-46b4-bfc0-67fccf3f03b5,0.5340036749839783,0.9996998112045644,K
39,8b7e2cd2-5d68-48e0-806a-ecbe6dae0809,0.8853834867477417,0.9993829504256609,K
39,a2536be9-ca84-4dc3-847d-6dfbd741939c,0.8853834867477417,0.9994601802551352,K
39,b26e7399-db12-4df4-9042-baa9d5ba4697,0.8853834867477417,0.9993829502313365,K
39,298ef311-ba49-4a2d-bade-afa8afabce89,0.5172289609909058,0.9998404013483312,K
39,34432c50-68cc-414b-99a0-276ad2c65e56,0.5172289609909058,0.9999219346861441,K
39,aa5e3739-499b-46a9-9313-a9fb000f12a6,0.5172289609909058,0.9998404009595043,K
39,e964df06-0f65-4317-8001-1fa1e0c9b288,0.5172289609909058,0.9998404011539177,K
41,65fd5f3a-49e4-4e84-83fc-45e53786395e,0.8479403257369995,0.9997855823240897,K
41,2db5e42d-20cf-47f1-82d9-0697c1f97405,0.8362465500831604,0.9997855821296869,K
41,7e4d090f-6733-46b4-bfc0-67fccf3f03b5,0.8282131552696228,0.999785581963056,K
41,32e00c31-105c-417d-8e36-d695a31ecbb6,0.6038785576820374,0.9998636436307082,K
41,64500e5a-570f-46a9-91ed-2fff31fd995e,0.6038785576820374,0.9997855822130024,K
41,81f620fa-68f9-46c3-9d45-2dbc7cbb9a41,0.6038785576820374,0.9997855820463715,K
41,ef0b9755-bdd6-484f-b79d-0c288e889a9a,0.6038785576820374,0.9997855823796333,K
42,48329172-d1f8-471c-b99e-444b68ad9052,0.8916975259780884,0.9996178029447985,K
42,531c76d8-8ddd-4da8-a966-de764b819d2a,0.8916975259780884,0.9996178031114015,K
42,6b402717-5aca-4908-8148-268a7704e268,0.8916975259780884,0.9996178033057715,K
42,f0cfc1aa-68ed-4f78-93b8-bc2855315e1d,0.8916975259780884,0.9996178027504283,K
42,298ef311-ba49-4a2d-bade-afa8afabce89,0.570080041885376,0.9997773739792956,K
42,34432c50-68cc-414b-99a0-276ad2c65e56,0.570080041885376,0.9997773734516353,K
42,aa5e3739-499b-46a9-9313-a9fb000f12a6,0.570080041885376,0.9997773736182648,K
42,e964df06-0f65-4317-8001-1fa1e0c9b288,0.570080041885376,0.999777373812666,K
43,104e115d-53a4-494c-bb22-8b3956f9a404,0.8395365476608276,0.9993956799527374,K
43,5d822c74-3eb4-4f8c-839c-26af5f308686,0.8395365476608276,0.9993956801470643,K
43,8b0d2b39-86c8-4b6a-afe6-1d57c7257593,0.8395365476608276,0.9993956797584104,K
43,d5319b10-8020-4d51-a377-309b0faef11b,0.8395365476608276,0.9994719128482408,K
44,040d3619-d61c-45ef-a50c-5987182190a7,0.876091718673706,0.9993939095803803,K
44,8b2140f1-5048-4ebe-8077-4449b857c3fc,0.876091718673706,0.9993939093860538,K
44,c626d008-2b46-4dc2-a78c-57bfaafab466,0.876091718673706,0.9993939091639662,K
44,f6c0f40e-14a5-499e-8472-8f3a084adb6f,0.876091718673706,0.9994639419527048,K
45,298ef311-ba49-4a2d-bade-afa8afabce89,0.9216164350509644,0.9997742016351777,K
45,34432c50-68cc-414b-99a0-276ad2c65e56,0.9216164350509644,0.9997742010797477,K
45,aa5e3739-499b-46a9-9313-a9fb000f12a6,0.9216164350509644,0.9997742012463767,K
45,e964df06-0f65-4317-8001-1fa1e0c9b288,0.9216164350509644,0.9997742014407772,K
45,48329172-d1f8-471c-b99e-444b68ad9052,0.5321198105812073,0.9997742013019197,K
45,531c76d8-8ddd-4da8-a966-de764b819d2a,0.5321198105812073,0.9997742015240917,K
45,5a6cf110-e3e7-44e6-b250-6c40547e3d93,0.5321198105812073,0.9998500677409647,K
45,6b402717-5aca-4908-8148-268a7704e268,0.5321198105812073,0.9997742017184923,K
45,f0cfc1aa-68ed-4f78-93b8-bc2855315e1d,0.5321198105812073,0.9997742011352907,K
45,88ffad9c-4295-4db8-b5dd-6d81a9f5ab51,0.5032227039337158,0.9993920813019389,K
45,b6fa95ef-d7a6-4fb5-ab74-e713d5925479,0.5032227039337158,0.9993920814685042,K
45,ea4ebcb4-f0de-4f3b-938d-f867a49d747c,0.5032227039337158,0.9993920816905913,K
46,32e00c31-105c-417d-8e36-d695a31ecbb6,0.8691616058349609,0.9996027825228706,K
46,64500e5a-570f-46a9-91ed-2fff31fd995e,0.8691616058349609,0.9996027828838383,K
46,81f620fa-68f9-46c3-9d45-2dbc7cbb9a41,0.8691616058349609,0.9996027826894711,K
46,ef0b9755-bdd6-484f-b79d-0c288e889a9a,0.8691616058349609,0.9996027830504388,K
46,65fd5f3a-49e4-4e84-83fc-45e53786395e,0.5480678081512451,0.9996027829949052,K
46,2db5e42d-20cf-47f1-82d9-0697c1f97405,0.5395364165306091,0.999602782800538,K
46,7e4d090f-6733-46b4-bfc0-67fccf3f03b5,0.5340036749839783,0.9996027826061709,K
46,9dc9e817-73aa-49c8-81f9-68e39b1a4ce8,0.5340036749839783,0.9996890411355106,K
47,8b7e2cd2-5d68-48e0-806a-ecbe6dae0809,0.8853834867477417,0.9993852985619435,K
47,a2536be9-ca84-4dc3-847d-6dfbd741939c,0.8853834867477417,0.999385298145533,K
47,b26e7399-db12-4df4-9042-baa9d5ba4697,0.8853834867477417,0.9993852983398579,K
47,ee7ab807-27d1-479f-8a71-58596902d3c2,0.8853834867477417,0.9994665953386526,K
47,0c97e95c-5616-4c67-a3bd-399eba330b80,0.5172289609909058,0.9999187847148066,K
47,298ef311-ba49-4a2d-bade-afa8afabce89,0.5172289609909058,0.9998336146213604,K
47,34432c50-68cc-414b-99a0-276ad2c65e56,0.5172289609909058,0.9998336139825779,K
47,aa5e3739-499b-46a9-9313-a9fb000f12a6,0.5172289609909058,0.99983361417699,K
47,e964df06-0f65-4317-8001-1fa1e0c9b288,0.5172289609909058,0.9998336144269484,K
47,3c4386c1-c2c6-4b89-820f-085efbbb4b94,0.5160592794418335,0.9995215943336129,K
48,88ffad9c-4295-4db8-b5dd-6d81a9f5ab51,0.8714536428451538,0.9997480985658287,K
48,b6fa95ef-d7a6-4fb5-ab74-e713d5925479,0.8714536428451538,0.9997480987324534,K
48,ea4ebcb4-f0de-4f3b-938d-f867a49d747c,0.8714536428451538,0.9997480989268488,K
48,0c97e95c-5616-4c67-a3bd-399eba330b80,0.5159288644790649,0.9999144770461852,K
48,298ef311-ba49-4a2d-bade-afa8afabce89,0.5159288644790649,0.9999144778238965,K
48,34432c50-68cc-414b-99a0-276ad2c65e56,0.5159288644790649,0.9999144772683884,K
48,aa5e3739-499b-46a9-9313-a9fb000f12a6,0.5159288644790649,0.9999144774350408,K
48,e964df06-0f65-4317-8001-1fa1e0c9b288,0.5159288644790649,0.9999144776294687,K
48,48329172-d1f8-471c-b99e-444b68ad9052,0.5113947987556458,0.9997480987046826,K
48,531c76d8-8ddd-4da8-a966-de764b819d2a,0.5113947987556458,0.999748098899078,K
48,5a6cf110-e3e7-44e6-b250-6c40547e3d93,0.5113947987556458,0.9997480983436624,K
48,6b402717-5aca-4908-8148-268a7704e268,0.5113947987556458,0.9997480990934735,K
48,f0cfc1aa-68ed-4f78-93b8-bc2855315e1d,0.5113947987556458,0.9997480985102871,K
49,65fd5f3a-49e4-4e84-83fc-45e53786395e,0.8479403257369995,0.999747825634635,K
49,2db5e42d-20cf-47f1-82d9-0697c1f97405,0.8362465500831604,0.9997478254402397,K
49,7e4d090f-6733-46b4-bfc0-67fccf3f03b5,0.8282131552696228,0.9997478252458443,K
49,9dc9e817-73aa-49c8-81f9-68e39b1a4ce8,0.8282131552696228,0.9997478250792196,K
49,32e00c31-105c-417d-8e36-d695a31ecbb6,0.6038785576820374,0.9997478251347611,K
49,64500e5a-570f-46a9-91ed-2fff31fd995e,0.6038785576820374,0.9997478255235519,K
49,81f620fa-68f9-46c3-9d45-2dbc7cbb9a41,0.6038785576820374,0.9997478253013857,K
49,9283eeeb-62a3-4fb3-8b04-075f82ba7a87,0.6038785576820374,0.9998290331442766,K
49,ef0b9755-bdd6-484f-b79d-0c288e889a9a,0.6038785576820374,0.9997478256901766,K
50,48329172-d1f8-471c-b99e-444b68ad9052,0.8916975259780884,0.9998254729538394,K
50,531c76d8-8ddd-4da8-a966-de764b819d2a,0.8916975259780884,0.9998254731482499,K
50,5a6cf110-e3e7-44e6-b250-6c40547e3d93,0.8916975259780884,0.9998254725927913,K
50,6b402717-5aca-4908-8148-268a7704e268,0.8916975259780884,0.9998254733426604,K
50,f0cfc1aa-68ed-4f78-93b8-bc2855315e1d,0.8916975259780884,0.9998254727872018,K
50,0c97e95c-5616-4c67-a3bd-399eba330b80,0.570080041885376,0.9998254725094725,K
50,298ef311-ba49-4a2d-bade-afa8afabce89,0.570080041885376,0.9998254732593416,K
50,34432c50-68cc-414b-99a0-276ad2c65e56,0.570080041885376,0.999825472703883,K
50,aa5e3739-499b-46a9-9313-a9fb000f12a6,0.570080041885376,0.9998254728982935,K
50,e964df06-0f65-4317-8001-1fa1e0c9b288,0.570080041885376,0.9998254730927041,K
51,104e115d-53a4-494c-bb22-8b3956f9a404,0.8395365476608276,0.9993463201307256,K
51,5a96be8f-836f-4968-9569-99d92236351f,0.8395365476608276,0.9994243197674875,K
51,5d822c74-3eb4-4f8c-839c-26af5f308686,0.8395365476608276,0.9993463202972832,K
51,8b0d2b39-86c8-4b6a-afe6-1d57c7257593,0.8395365476608276,0.999346319880889,K
51,d5319b10-8020-4d51-a377-309b0faef11b,0.8395365476608276,0.9993463196865716,K
52,040d3619-d61c-45ef-a50c-5987182190a7,0.876091718673706,0.9993453153995442,K
52,7a8795aa-7742-4c68-8f2f-5ec25a4e6348,0.876091718673706,0.9994171718270285,K
52,8b2140f1-5048-4ebe-8077-4449b857c3fc,0.876091718673706,0.9993453152052271,K
52,c626d008-2b46-4dc2-a78c-57bfaafab466,0.876091718673706,0.99934531501091,K
52,f6c0f40e-14a5-499e-8472-8f3a084adb6f,0.876091718673706,0.9993453148165927,K
53,0c97e95c-5616-4c67-a3bd-399eba330b80,0.9216164350509644,0.9997701420880454,K
53,298ef311-ba49-4a2d-bade-afa8afabce89,0.9216164350509644,0.9997701428101016,K
53,34432c50-68cc-414b-99a0-276ad2c65e56,0.9216164350509644,0.9997701422824451,K
53,aa5e3739-499b-46a9-9313-a9fb000f12a6,0.9216164350509644,0.9997701424490735,K
53,e964df06-0f65-4317-8001-1fa1e0c9b288,0.9216164350509644,0.9997701426434732,K
53,37578f66-a34f-47f4-95f5-f1e25b1f9b6e,0.5321198105812073,0.9998475867271943,K
53,48329172-d1f8-471c-b99e-444b68ad9052,0.5321198105812073,0.9997701425323876,K
53,531c76d8-8ddd-4da8-a966-de764b819d2a,0.5321198105812073,0.999770142699016,K
53,5a6cf110-e3e7-44e6-b250-6c40547e3d93,0.5321198105812073,0.9997701421713595,K
53,6b402717-5aca-4908-8148-268a7704e268,0.5321198105812073,0.9997701428934157,K
53,f0cfc1aa-68ed-4f78-93b8-bc2855315e1d,0.5321198105812073,0.9997701423379879,K
53,413700d8-5c2a-411a-b178-e9feab0472cc,0.5032227039337158,0.9996810701189506,K
53,88ffad9c-4295-4db8-b5dd-6d81a9f5ab51,0.5032227039337158,0.9995956470504758,K
53,b6fa95ef-d7a6-4fb5-ab74-e713d5925479,0.5032227039337158,0.9995956472170751,K
53,ea4ebcb4-f0de-4f3b-938d-f867a49d747c,0.5032227039337158,0.9995956474114409,K
54,32e00c31-105c-417d-8e36-d695a31ecbb6,0.8691616058349609,0.9995905865270226,K
54,64500e5a-570f-46a9-91ed-2fff31fd995e,0.8691616058349609,0.9995905869157523,K
54,81f620fa-68f9-46c3-9d45-2dbc7cbb9a41,0.8691616058349609,0.999590586693621,K
54,9283eeeb-62a3-4fb3-8b04-075f82ba7a87,0.8691616058349609,0.9995905863326577,K
54,ef0b9755-bdd6-484f-b79d-0c288e889a9a,0.8691616058349609,0.9995905870823507,K
54,65fd5f3a-49e4-4e84-83fc-45e53786395e,0.5480678081512451,0.9995905870268179,K
54,2db5e42d-20cf-47f1-82d9-0697c1f97405,0.5395364165306091,0.9995905868046867,K
54,7e4d090f-6733-46b4-bfc0-67fccf3f03b5,0.5340036749839783,0.9995905866380882,K
54,8218b1e9-553f-4716-82b8-ef162fc1c1fa,0.5340036749839783,0.9996796501285368,K
54,9dc9e817-73aa-49c8-81f9-68e39b1a4ce8,0.5340036749839783,0.9995905864714898,K
55,8b7e2cd2-5d68-48e0-806a-ecbe6dae0809,0.8853834867477417,0.9993358822349996,K
55,a2536be9-ca84-4dc3-847d-6dfbd741939c,0.8853834867477417,0.9993358818463689,K
55,b26e7399-db12-4df4-9042-baa9d5ba4697,0.8853834867477417,0.9993358820406842,K
55,c83abd67-7535-45ba-bf53-a8ab92e283ee,0.8853834867477417,0.9994213621421602,K
55,ee7ab807-27d1-479f-8a71-58596902d3c2,0.8853834867477417,0.9993358816520537,K
55,0154a54e-d1f0-4d9a-9418-4baffc396204,0.5172289609909058,0.9999161595148099,K
55,0c97e95c-5616-4c67-a3bd-399eba330b80,0.5172289609909058,0.9998256543666333,K
55,298ef311-ba49-4a2d-bade-afa8afabce89,0.5172289609909058,0.9998256551442755,K
55,34432c50-68cc-414b-99a0-276ad2c65e56,0.5172289609909058,0.9998256545888168,K
55,aa5e3739-499b-46a9-9313-a9fb000f12a6,0.5172289609909058,0.9998256547554544,K
55,e964df06-0f65-4317-8001-1fa1e0c9b288,0.5172289609909058,0.9998256549776379,K
55,3c4386c1-c2c6-4b89-820f-085efbbb4b94,0.5160592794418335,0.9993358816242943,K
56,413700d8-5c2a-411a-b178-e9feab0472cc,0.8714536428451538,0.9997374812973997,K
56,88ffad9c-4295-4db8-b5dd-6d81a9f5ab51,0.8714536428451538,0.999737481713957,K
56,b6fa95ef-d7a6-4fb5-ab74-e713d5925479,0.8714536428451538,0.9997374819083504,K
56,ea4ebcb4-f0de-4f3b-938d-f867a49d747c,0.8714536428451538,0.9997374821027438,K
56,0154a54e-d1f0-4d9a-9418-4baffc396204,0.5159288644790649,0.9999118186382049,K
56,0c97e95c-5616-4c67-a3bd-399eba330b80,0.5159288644790649,0.9999118188326321,K
56,298ef311-ba49-4a2d-bade-afa8afabce89,0.5159288644790649,0.9999118196381167,K
56,34432c50-68cc-414b-99a0-276ad2c65e56,0.5159288644790649,0.9999118190270595,K
56,aa5e3739-499b-46a9-9313-a9fb000f12a6,0.5159288644790649,0.9999118192214868,K
56,e964df06-0f65-4317-8001-1fa1e0c9b288,0.5159288644790649,0.9999118194436893,K
56,37578f66-a34f-47f4-95f5-f1e25b1f9b6e,0.5113947987556458,0.9997374812696292,K
56,48329172-d1f8-471c-b99e-444b68ad9052,0.5113947987556458,0.9997374818528094,K
56,531c76d8-8ddd-4da8-a966-de764b819d2a,0.5113947987556458,0.9997374820472028,K
56,5a6cf110-e3e7-44e6-b250-6c40547e3d93,0.5113947987556458,0.9997374814640226,K
56,6b402717-5aca-4908-8148-268a7704e268,0.5113947987556458,0.9997374822693668,K
56,f0cfc1aa-68ed-4f78-93b8-bc2855315e1d,0.5113947987556458,0.999737481658416,K
57,65fd5f3a-49e4-4e84-83fc-45e53786395e,0.8479403257369995,0.9997374829913993,K
57,2db5e42d-20cf-47f1-82d9-0697c1f97405,0.8362465500831604,0.9997374827692355,K
57,7e4d090f-6733-46b4-bfc0-67fccf3f03b5,0.8282131552696228,0.9997374826026125,K
57,8218b1e9-553f-4716-82b8-ef162fc1c1fa,0.8282131552696228,0.9997374822138257,K
57,9dc9e817-73aa-49c8-81f9-68e39b1a4ce8,0.8282131552696228,0.9997374824082191,K
57,32e00c31-105c-417d-8e36-d695a31ecbb6,0.6038785576820374,0.9997374824915306,K
57,64500e5a-570f-46a9-91ed-2fff31fd995e,0.6038785576820374,0.9997374828803174,K
57,81f620fa-68f9-46c3-9d45-2dbc7cbb9a41,0.6038785576820374,0.9997374826581535,K
57,8dcc5746-faff-4382-9e5e-59d12df6eb89,0.6038785576820374,0.9998213146327989,K
57,9283eeeb-62a3-4fb3-8b04-075f82ba7a87,0.6038785576820374,0.9997374822693668,K
57,ef0b9755-bdd6-484f-b79d-0c288e889a9a,0.6038785576820374,0.9997374830469403,K
58,37578f66-a34f-47f4-95f5-f1e25b1f9b6e,0.8916975259780884,0.9998158101317037,K
58,48329172-d1f8-471c-b99e-444b68ad9052,0.8916975259780884,0.9998158107149295,K
58,531c76d8-8ddd-4da8-a966-de764b819d2a,0.8916975259780884,0.9998158109371109,K
58,5a6cf110-e3e7-44e6-b250-6c40547e3d93,0.8916975259780884,0.999815810353885,K
58,6b402717-5aca-4908-8148-268a7704e268,0.8916975259780884,0.9998158111315195,K
58,f0cfc1aa-68ed-4f78-93b8-bc2855315e1d,0.8916975259780884,0.9998158105482936,K
58,0154a54e-d1f0-4d9a-9418-4baffc396204,0.570080041885376,0.9998158100761584,K
58,0c97e95c-5616-4c67-a3bd-399eba330b80,0.570080041885376,0.9998158102427943,K
58,298ef311-ba49-4a2d-bade-afa8afabce89,0.570080041885376,0.9998158110482015,K
58,34432c50-68cc-414b-99a0-276ad2c65e56,0.570080041885376,0.9998158104649756,K
58,aa5e3739-499b-46a9-9313-a9fb000f12a6,0.570080041885376,0.9998158106593843,K
58,e964df06-0f65-4317-8001-1fa1e0c9b288,0.570080041885376,0.9998158108815656,K
59,104e115d-53a4-494c-bb22-8b3956f9a404,0.8395365476608276,0.9993196351087812,K
59,5a96be8f-836f-4968-9569-99d92236351f,0.8395365476608276,0.9993196345813625,K
59,5d822c74-3eb4-4f8c-839c-26af5f308686,0.8395365476608276,0.9993196353308522,K
59,8b0d2b39-86c8-4b6a-afe6-1d57c7257593,0.8395365476608276,0.9993196349144691,K
59,b3331be2-3154-471b-8fe5-6393290f0491,0.8395365476608276,0.9993986369190798,K
59,d5319b10-8020-4d51-a377-309b0faef11b,0.8395365476608276,0.9993196347479159,K
60,040d3619-d61c-45ef-a50c-5987182190a7,0.876091718673706,0.9993164415936778,K
60,0f4e7ccd-a8c0-4544-bf8b-9a0c5030d9cf,0.876091718673706,0.9993897741246996,K
60,7a8795aa-7742-4c68-8f2f-5ec25a4e6348,0.876091718673706,0.999316440788673,K
60,8b2140f1-5048-4ebe-8077-4449b857c3fc,0.876091718673706,0.9993164413716076,K
60,c626d008-2b46-4dc2-a78c-57bfaafab466,0.876091718673706,0.999316441177296,K
60,f6c0f40e-14a5-499e-8472-8f3a084adb6f,0.876091718673706,0.9993164409829844,K
61,0154a54e-d1f0-4d9a-9418-4baffc396204,0.9216164350509644,0.999762089832891,K
61,0c97e95c-5616-4c67-a3bd-399eba330b80,0.9216164350509644,0.9997620900272892,K
61,298ef311-ba49-4a2d-bade-afa8afabce89,0.9216164350509644,0.9997620908326531,K
61,34432c50-68cc-414b-99a0-276ad2c65e56,0.9216164350509644,0.9997620902216874,K
61,aa5e3739-499b-46a9-9313-a9fb000f12a6,0.9216164350509644,0.9997620904160857,K
61,e964df06-0f65-4317-8001-1fa1e0c9b288,0.9216164350509644,0.9997620906382549,K
61,37578f66-a34f-47f4-95f5-f1e25b1f9b6e,0.5321198105812073,0.9997620898884334,K
61,48329172-d1f8-471c-b99e-444b68ad9052,0.5321198105812073,0.9997620904993991,K
61,531c76d8-8ddd-4da8-a966-de764b819d2a,0.5321198105812073,0.9997620907215685,K
61,5a6cf110-e3e7-44e6-b250-6c40547e3d93,0.5321198105812073,0.9997620901106028,K
61,6b402717-5aca-4908-8148-268a7704e268,0.5321198105812073,0.9997620909159667,K
61,7dda000c-4858-4a8b-aad5-0558b907c9a8,0.5321198105812073,0.9998434663082325,K
61,f0cfc1aa-68ed-4f78-93b8-bc2855315e1d,0.5321198105812073,0.999762090305001,K
61,0669c654-0e61-4305-9c11-628f4bb60eb3,0.5032227039337158,0.9996684167358858,K
61,413700d8-5c2a-411a-b178-e9feab0472cc,0.5032227039337158,0.9995779343725448,K
61,88ffad9c-4295-4db8-b5dd-6d81a9f5ab51,0.5032227039337158,0.9995779347890357,K
61,b6fa95ef-d7a6-4fb5-ab74-e713d5925479,0.5032227039337158,0.999577934983398,K
61,ea4ebcb4-f0de-4f3b-938d-f867a49d747c,0.5032227039337158,0.9995779352055264,K
62,32e00c31-105c-417d-8e36-d695a31ecbb6,0.8691616058349609,0.9995734185117666,K
62,64500e5a-570f-46a9-91ed-2fff31fd995e,0.8691616058349609,0.9995734188727237,K
62,81f620fa-68f9-46c3-9d45-2dbc7cbb9a41,0.8691616058349609,0.9995734186783621,K
62,8dcc5746-faff-4382-9e5e-59d12df6eb89,0.8691616058349609,0.9995734181230436,K
62,9283eeeb-62a3-4fb3-8b04-075f82ba7a87,0.8691616058349609,0.9995734183174051,K
62,ef0b9755-bdd6-484f-b79d-0c288e889a9a,0.8691616058349609,0.9995734190670852,K
62,65fd5f3a-49e4-4e84-83fc-45e53786395e,0.5480678081512451,0.9995734189837874,K
62,2db5e42d-20cf-47f1-82d9-0697c1f97405,0.5395364165306091,0.9995734187894258,K
62,7e4d090f-6733-46b4-bfc0-67fccf3f03b5,0.5340036749839783,0.9995734186228303,K
62,8218b1e9-553f-4716-82b8-ef162fc1c1fa,0.5340036749839783,0.9995734182341073,K
62,9dc9e817-73aa-49c8-81f9-68e39b1a4ce8,0.5340036749839783,0.9995734184284688,K
62,fcdf09e3-4ebe-4c93-9084-0e0a443de077,0.5340036749839783,0.9996670822072088,K
63,15f50409-dcfa-45a8-9307-90d0d10ad4b8,0.8853834867477417,0.9993958770002717,K
63,8b7e2cd2-5d68-48e0-806a-ecbe6dae0809,0.8853834867477417,0.9993077419434697,K
63,a2536be9-ca84-4dc3-847d-6dfbd741939c,0.8853834867477417,0.9993077415826085,K
63,b26e7399-db12-4df4-9042-baa9d5ba4697,0.8853834867477417,0.9993077417491598,K
63,c83abd67-7535-45ba-bf53-a8ab92e283ee,0.8853834867477417,0.9993077411939889,K
63,ee7ab807-27d1-479f-8a71-58596902d3c2,0.8853834867477417,0.9993077414160573,K
63,0154a54e-d1f0-4d9a-9418-4baffc396204,0.5172289609909058,0.9998178751978468,K
63,0c97e95c-5616-4c67-a3bd-399eba330b80,0.5172289609909058,0.9998178753644832,K
63,298ef311-ba49-4a2d-bade-afa8afabce89,0.5172289609909058,0.9998178761143466,K
63,34432c50-68cc-414b-99a0-276ad2c65e56,0.5172289609909058,0.9998178755866649,K
63,aa5e3739-499b-46a9-9313-a9fb000f12a6,0.5172289609909058,0.9998178757533012,K
63,e964df06-0f65-4317-8001-1fa1e0c9b288,0.5172289609909058,0.9998178759477102,K
63,f0a74561-32d0-43ed-9ce0-6e173b948c68,0.5172289609909058,0.9999128949883063,K
63,3c4386c1-c2c6-4b89-820f-085efbbb4b94,0.5160592794418335,0.9993077413882987,K
64,0669c654-0e61-4305-9c11-628f4bb60eb3,0.8714536428451538,0.9997261485874785,K
64,413700d8-5c2a-411a-b178-e9feab0472cc,0.8714536428451538,0.9997261487818698,K
64,88ffad9c-4295-4db8-b5dd-6d81a9f5ab51,0.8714536428451538,0.9997261491706522,K
64,b6fa95ef-d7a6-4fb5-ab74-e713d5925479,0.8714536428451538,0.9997261493650433,K
64,ea4ebcb4-f0de-4f3b-938d-f867a49d747c,0.8714536428451538,0.9997261495594346,K
64,0154a54e-d1f0-4d9a-9418-4baffc396204,0.5159288644790649,0.9999082643746365,K
64,0c97e95c-5616-4c67-a3bd-399eba330b80,0.5159288644790649,0.9999082645412879,K
64,298ef311-ba49-4a2d-bade-afa8afabce89,0.5159288644790649,0.9999082653467696,K
64,34432c50-68cc-414b-99a0-276ad2c65e56,0.5159288644790649,0.9999082647634897,K
64,aa5e3739-499b-46a9-9313-a9fb000f12a6,0.5159288644790649,0.9999082649579163,K
64,e964df06-0f65-4317-8001-1fa1e0c9b288,0.5159288644790649,0.9999082651523429,K
64,f0a74561-32d0-43ed-9ce0-6e173b948c68,0.5159288644790649,0.9999082641802098,K
64,37578f66-a34f-47f4-95f5-f1e25b1f9b6e,0.5113947987556458,0.9997261487263295,K
64,48329172-d1f8-471c-b99e-444b68ad9052,0.5113947987556458,0.999726149309503,K
64,531c76d8-8ddd-4da8-a966-de764b819d2a,0.5113947987556458,0.9997261495038943,K
64,5a6cf110-e3e7-44e6-b250-6c40547e3d93,0.5113947987556458,0.9997261489484908,K
64,6b402717-5aca-4908-8148-268a7704e268,0.5113947987556458,0.9997261496982854,K
64,7dda000c-4858-4a8b-aad5-0558b907c9a8,0.5113947987556458,0.9997261485597084,K
64,f0cfc1aa-68ed-4f78-93b8-bc2855315e1d,0.5113947987556458,0.999726149142882,K
65,65fd5f3a-49e4-4e84-83fc-45e53786395e,0.8479403257369995,0.9997277226019983,K
65,2db5e42d-20cf-47f1-82d9-0697c1f97405,0.8362465500831604,0.9997277224076068,K
65,7e4d090f-6733-46b4-bfc0-67fccf3f03b5,0.8282131552696228,0.9997277222409855,K
65,8218b1e9-553f-4716-82b8-ef162fc1c1fa,0.8282131552696228,0.9997277218522025,K
65,9dc9e817-73aa-49c8-81f9-68e39b1a4ce8,0.8282131552696228,0.999727722046594,K
65,fcdf09e3-4ebe-4c93-9084-0e0a443de077,0.8282131552696228,0.9997277216855812,K
65,32e00c31-105c-417d-8e36-d695a31ecbb6,0.6038785576820374,0.9997277221299047,K
65,64500e5a-570f-46a9-91ed-2fff31fd995e,0.6038785576820374,0.9997277224909175,K
65,81f620fa-68f9-46c3-9d45-2dbc7cbb9a41,0.6038785576820374,0.999727722296526,K
65,8dcc5746-faff-4382-9e5e-59d12df6eb89,0.6038785576820374,0.9997277217411217,K
65,9283eeeb-62a3-4fb3-8b04-075f82ba7a87,0.6038785576820374,0.9997277219355132,K
65,99fb3d1d-66b1-426b-b7ba-1c6ff3d88c00,0.6038785576820374,0.9998148178983225,K
65,ef0b9755-bdd6-484f-b79d-0c288e889a9a,0.6038785576820374,0.999727722685309,K
66,37578f66-a34f-47f4-95f5-f1e25b1f9b6e,0.8916975259780884,0.9998108669990127,K
66,48329172-d1f8-471c-b99e-444b68ad9052,0.8916975259780884,0.9998108675822357,K
66,531c76d8-8ddd-4da8-a966-de764b819d2a,0.8916975259780884,0.9998108678321883,K
66,5a6cf110-e3e7-44e6-b250-6c40547e3d93,0.8916975259780884,0.9998108672211928,K
66,6b402717-5aca-4908-8148-268a7704e268,0.8916975259780884,0.9998108680543686,K
66,7dda000c-4858-4a8b-aad5-0558b907c9a8,0.8916975259780884,0.9998108668323775,K
66,f0cfc1aa-68ed-4f78-93b8-bc2855315e1d,0.8916975259780884,0.9998108674156005,K
66,0154a54e-d1f0-4d9a-9418-4baffc396204,0.570080041885376,0.9998108669434675,K
66,0c97e95c-5616-4c67-a3bd-399eba330b80,0.570080041885376,0.9998108671378753,K
66,298ef311-ba49-4a2d-bade-afa8afabce89,0.570080041885376,0.999810867971051,K
66,34432c50-68cc-414b-99a0-276ad2c65e56,0.570080041885376,0.999810867332283,K
66,aa5e3739-499b-46a9-9313-a9fb000f12a6,0.570080041885376,0.9998108675266906,K
66,e964df06-0f65-4317-8001-1fa1e0c9b288,0.570080041885376,0.9998108677488707,K
66,f0a74561-32d0-43ed-9ce0-6e173b948c68,0.570080041885376,0.9998108667768324,K
67,104e115d-53a4-494c-bb22-8b3956f9a404,0.8395365476608276,0.9992964161868063,K
67,5a96be8f-836f-4968-9569-99d92236351f,0.8395365476608276,0.9992964155761253,K
67,5d822c74-3eb4-4f8c-839c-26af5f308686,0.8395365476608276,0.9992964164088722,K
67,8b0d2b39-86c8-4b6a-afe6-1d57c7257593,0.8395365476608276,0.9992964159647405,K
67,b3331be2-3154-471b-8fe5-6393290f0491,0.8395365476608276,0.9992964153540593,K
67,d253524e-1b30-4cb8-9770-4de2ba5ca116,0.8395365476608276,0.9993786107534242,K
67,d5319b10-8020-4d51-a377-309b0faef11b,0.8395365476608276,0.9992964157426746,K
68,040d3619-d61c-45ef-a50c-5987182190a7,0.876091718673706,0.9992959590365588,K
68,0f4e7ccd-a8c0-4544-bf8b-9a0c5030d9cf,0.876091718673706,0.999295958065021,K
68,23268a10-970e-4df1-9e03-d26a5dd781ba,0.876091718673706,0.9993702134266454,K
68,7a8795aa-7742-4c68-8f2f-5ec25a4e6348,0.876091718673706,0.9992959582593286,K
68,8b2140f1-5048-4ebe-8077-4449b857c3fc,0.876091718673706,0.9992959588422512,K
68,c626d008-2b46-4dc2-a78c-57bfaafab466,0.876091718673706,0.9992959586479436,K
68,f6c0f40e-14a5-499e-8472-8f3a084adb6f,0.876091718673706,0.9992959584536361,K
69,0154a54e-d1f0-4d9a-9418-4baffc396204,0.9216164350509644,0.99975660076529,K
69,0c97e95c-5616-4c67-a3bd-399eba330b80,0.9216164350509644,0.9997566009319162,K
69,298ef311-ba49-4a2d-bade-afa8afabce89,0.9216164350509644,0.9997566017095046,K
69,34432c50-68cc-414b-99a0-276ad2c65e56,0.9216164350509644,0.9997566011263133,K
69,aa5e3739-499b-46a9-9313-a9fb000f12a6,0.9216164350509644,0.9997566013207104,K
69,e964df06-0f65-4317-8001-1fa1e0c9b288,0.9216164350509644,0.9997566015428786,K
69,f0a74561-32d0-43ed-9ce0-6e173b948c68,0.9216164350509644,0.999756600570893,K
69,37578f66-a34f-47f4-95f5-f1e25b1f9b6e,0.5321198105812073,0.9997566008208321,K
69,48329172-d1f8-471c-b99e-444b68ad9052,0.5321198105812073,0.9997566014040234,K
69,531c76d8-8ddd-4da8-a966-de764b819d2a,0.5321198105812073,0.9997566015984206,K
69,5a6cf110-e3e7-44e6-b250-6c40547e3d93,0.5321198105812073,0.9997566010152292,K
69,68fde87d-fd24-4519-a6ed-17a37a621d1b,0.5321198105812073,0.999840809116658,K
69,6b402717-5aca-4908-8148-268a7704e268,0.5321198105812073,0.9997566017928177,K
69,7dda000c-4858-4a8b-aad5-0558b907c9a8,0.5321198105812073,0.999756600654206,K
69,f0cfc1aa-68ed-4f78-93b8-bc2855315e1d,0.5321198105812073,0.9997566012096264,K
69,0669c654-0e61-4305-9c11-628f4bb60eb3,0.5032227039337158,0.9995675036923922,K
69,413700d8-5c2a-411a-b178-e9feab0472cc,0.5032227039337158,0.9995675038867526,K
69,67289dc1-1026-437b-a82e-a5f229e5e061,0.5032227039337158,0.9996609245546324,K
69,88ffad9c-4295-4db8-b5dd-6d81a9f5ab51,0.5032227039337158,0.9995675042477076,K
69,b6fa95ef-d7a6-4fb5-ab74-e713d5925479,0.5032227039337158,0.9995675044698337,K
69,ea4ebcb4-f0de-4f3b-938d-f867a49d747c,0.5032227039337158,0.999567504664194,K
70,32e00c31-105c-417d-8e36-d695a31ecbb6,0.8691616058349609,0.9995617975109902,K
70,64500e5a-570f-46a9-91ed-2fff31fd995e,0.8691616058349609,0.9995617978719431,K
70,81f620fa-68f9-46c3-9d45-2dbc7cbb9a41,0.8691616058349609,0.9995617976775838,K
70,8dcc5746-faff-4382-9e5e-59d12df6eb89,0.8691616058349609,0.9995617971500373,K
70,9283eeeb-62a3-4fb3-8b04-075f82ba7a87,0.8691616058349609,0.999561797316631,K
70,99fb3d1d-66b1-426b-b7ba-1c6ff3d88c00,0.8691616058349609,0.9995617969556782,K
70,ef0b9755-bdd6-484f-b79d-0c288e889a9a,0.8691616058349609,0.9995617980385367,K
70,65fd5f3a-49e4-4e84-83fc-45e53786395e,0.5480678081512451,0.9995617979830055,K
70,2db5e42d-20cf-47f1-82d9-0697c1f97405,0.5395364165306091,0.9995617977886463,K
70,7e4d090f-6733-46b4-bfc0-67fccf3f03b5,0.5340036749839783,0.9995617976220527,K
70,8218b1e9-553f-4716-82b8-ef162fc1c1fa,0.5340036749839783,0.9995617972333342,K
70,9dc9e817-73aa-49c8-81f9-68e39b1a4ce8,0.5340036749839783,0.9995617974276934,K
70,c83c7dde-ce65-46f4-9092-ee3514279ffc,0.5340036749839783,0.9996574633735149,K
70,fcdf09e3-4ebe-4c93-9084-0e0a443de077,0.5340036749839783,0.9995617970667405,K
71,15f50409-dcfa-45a8-9307-90d0d10ad4b8,0.8853834867477417,0.9992855783485375,K
71,6041497b-e90c-4bef-a6b6-b633b214bce8,0.8853834867477417,0.9993772653686356,K
71,8b7e2cd2-5d68-48e0-806a-ecbe6dae0809,0.8853834867477417,0.9992855793478231,K
71,a2536be9-ca84-4dc3-847d-6dfbd741939c,0.8853834867477417,0.9992855789314541,K
71,b26e7399-db12-4df4-9042-baa9d5ba4697,0.8853834867477417,0.9992855791257597,K
71,c83abd67-7535-45ba-bf53-a8ab92e283ee,0.8853834867477417,0.9992855785428431,K
71,ee7ab807-27d1-479f-8a71-58596902d3c2,0.8853834867477417,0.9992855787649065,K
71,0154a54e-d1f0-4d9a-9418-4baffc396204,0.5172289609909058,0.9998096875839281,K
71,0c97e95c-5616-4c67-a3bd-399eba330b80,0.5172289609909058,0.999809687806108,K
71,298ef311-ba49-4a2d-bade-afa8afabce89,0.5172289609909058,0.9998096885837378,K
71,34432c50-68cc-414b-99a0-276ad2c65e56,0.5172289609909058,0.9998096880005154,K
71,aa5e3739-499b-46a9-9313-a9fb000f12a6,0.5172289609909058,0.9998096881949229,K
71,bcdce8a0-f6e1-41bc-bf9f-5de570b066a7,0.5172289609909058,0.9999088383499202,K
71,e964df06-0f65-4317-8001-1fa1e0c9b288,0.5172289609909058,0.9998096884171028,K
71,f0a74561-32d0-43ed-9ce0-6e173b948c68,0.5172289609909058,0.999809687417293,K
71,3c4386c1-c2c6-4b89-820f-085efbbb4b94,0.5160592794418335,0.9992855787371485,K
72,0669c654-0e61-4305-9c11-628f4bb60eb3,0.8714536428451538,0.9997152886213125,K
72,413700d8-5c2a-411a-b178-e9feab0472cc,0.8714536428451538,0.9997152887879317,K
72,67289dc1-1026-437b-a82e-a5f229e5e061,0.8714536428451538,0.9997152884546933,K
72,88ffad9c-4295-4db8-b5dd-6d81a9f5ab51,0.8714536428451538,0.99971528914894,K
72,b6fa95ef-d7a6-4fb5-ab74-e713d5925479,0.8714536428451538,0.9997152893433291,K
72,ea4ebcb4-f0de-4f3b-938d-f867a49d747c,0.8714536428451538,0.9997152895377182,K
72,0154a54e-d1f0-4d9a-9418-4baffc396204,0.5159288644790649,0.9999055915956429,K
72,0c97e95c-5616-4c67-a3bd-399eba330b80,0.5159288644790649,0.9999055917622938,K
72,298ef311-ba49-4a2d-bade-afa8afabce89,0.5159288644790649,0.9999055925122229,K
72,34432c50-68cc-414b-99a0-276ad2c65e56,0.5159288644790649,0.9999055919567198,K
72,aa5e3739-499b-46a9-9313-a9fb000f12a6,0.5159288644790649,0.9999055921511459,K
72,bcdce8a0-f6e1-41bc-bf9f-5de570b066a7,0.5159288644790649,0.9999055912623409,K
72,e964df06-0f65-4317-8001-1fa1e0c9b288,0.5159288644790649,0.999905592345572,K
72,f0a74561-32d0-43ed-9ce0-6e173b948c68,0.5159288644790649,0.9999055914289918,K
72,37578f66-a34f-47f4-95f5-f1e25b1f9b6e,0.5113947987556458,0.999715288732392,K
72,48329172-d1f8-471c-b99e-444b68ad9052,0.5113947987556458,0.9997152893155592,K
72,531c76d8-8ddd-4da8-a966-de764b819d2a,0.5113947987556458,0.9997152894821785,K
72,5a6cf110-e3e7-44e6-b250-6c40547e3d93,0.5113947987556458,0.9997152889267811,K
72,68fde87d-fd24-4519-a6ed-17a37a621d1b,0.5113947987556458,0.9997152883991536,K
72,6b402717-5aca-4908-8148-268a7704e268,0.5113947987556458,0.9997152896765675,K
72,7dda000c-4858-4a8b-aad5-0558b907c9a8,0.5113947987556458,0.9997152885657727,K
72,f0cfc1aa-68ed-4f78-93b8-bc2855315e1d,0.5113947987556458,0.9997152891211701,K
73,65fd5f3a-49e4-4e84-83fc-45e53786395e,0.8479403257369995,0.9997151971473678,K
73,2db5e42d-20cf-47f1-82d9-0697c1f97405,0.8362465500831604,0.9997151969529787,K
73,7e4d090f-6733-46b4-bfc0-67fccf3f03b5,0.8282131552696228,0.9997151967863596,K
73,8218b1e9-553f-4716-82b8-ef162fc1c1fa,0.8282131552696228,0.9997151963975814,K
73,9dc9e817-73aa-49c8-81f9-68e39b1a4ce8,0.8282131552696228,0.9997151965919705,K
73,c83c7dde-ce65-46f4-9092-ee3514279ffc,0.8282131552696228,0.999715196064343,K
73,fcdf09e3-4ebe-4c93-9084-0e0a443de077,0.8282131552696228,0.9997151962309622,K
73,32e00c31-105c-417d-8e36-d695a31ecbb6,0.6038785576820374,0.9997151966752801,K
73,64500e5a-570f-46a9-91ed-2fff31fd995e,0.6038785576820374,0.9997151970362883,K
73,81f620fa-68f9-46c3-9d45-2dbc7cbb9a41,0.6038785576820374,0.9997151968418992,K
73,8dcc5746-faff-4382-9e5e-59d12df6eb89,0.6038785576820374,0.9997151963142717,K
73,9283eeeb-62a3-4fb3-8b04-075f82ba7a87,0.6038785576820374,0.999715196480891,K
73,99fb3d1d-66b1-426b-b7ba-1c6ff3d88c00,0.6038785576820374,0.9997151961198827,K
73,ef0b9755-bdd6-484f-b79d-0c288e889a9a,0.6038785576820374,0.9997151972306774,K
73,fe3f4f4a-dcbf-4ce7-8a8d-08861dad13fa,0.6038785576820374,0.9998063480585139,K
74,37578f66-a34f-47f4-95f5-f1e25b1f9b6e,0.8916975259780884,0.9998012135939698,K
74,48329172-d1f8-471c-b99e-444b68ad9052,0.8916975259780884,0.9998012145937709,K
74,531c76d8-8ddd-4da8-a966-de764b819d2a,0.8916975259780884,0.999801214815949,K
74,5a6cf110-e3e7-44e6-b250-6c40547e3d93,0.8916975259780884,0.9998012138439201,K
74,68fde87d-fd24-4519-a6ed-17a37a621d1b,0.8916975259780884,0.9998012132329305,K
74,6b402717-5aca-4908-8148-268a7704e268,0.8916975259780884,0.9998012150103548,K
74,7dda000c-4858-4a8b-aad5-0558b907c9a8,0.8916975259780884,0.9998012134273362,K
74,f0cfc1aa-68ed-4f78-93b8-bc2855315e1d,0.8916975259780884,0.9998012140105536,K
74,0154a54e-d1f0-4d9a-9418-4baffc396204,0.570080041885376,0.9998012135384252,K
74,0c97e95c-5616-4c67-a3bd-399eba330b80,0.570080041885376,0.999801213732831,K
74,298ef311-ba49-4a2d-bade-afa8afabce89,0.570080041885376,0.999801214927038,K
74,34432c50-68cc-414b-99a0-276ad2c65e56,0.570080041885376,0.9998012139550091,K
74,aa5e3739-499b-46a9-9313-a9fb000f12a6,0.570080041885376,0.999801214260504,K
74,bcdce8a0-f6e1-41bc-bf9f-5de570b066a7,0.570080041885376,0.9998012131773859,K
74,e964df06-0f65-4317-8001-1fa1e0c9b288,0.570080041885376,0.9998012147326323,K
74,f0a74561-32d0-43ed-9ce0-6e173b948c68,0.570080041885376,0.9998012133440195,K
75,3c4386c1-c2c6-4b89-820f-085efbbb4b94,0.7267695069313049,0.9996198726000677,K
76,040d3619-d61c-45ef-a50c-5987182190a7,0.876091718673706,0.9992813310885184,K
76,0f4e7ccd-a8c0-4544-bf8b-9a0c5030d9cf,0.876091718673706,0.9992813302002683,K
76,23268a10-970e-4df1-9e03-d26a5dd781ba,0.876091718673706,0.9992813300337214,K
76,7a8795aa-7742-4c68-8f2f-5ec25a4e6348,0.876091718673706,0.9992813303668152,K
76,8b2140f1-5048-4ebe-8077-4449b857c3fc,0.876091718673706,0.9992813309219715,K
76,c626d008-2b46-4dc2-a78c-57bfaafab466,0.876091718673706,0.9992813307276668,K
76,f2ab2e96-d7c4-4b64-8035-f374bd0a57cc,0.876091718673706,0.999357782337876,K
76,f6c0f40e-14a5-499e-8472-8f3a084adb6f,0.876091718673706,0.9992813305611199,K
77,0154a54e-d1f0-4d9a-9418-4baffc396204,0.9216164350509644,0.9997640089891492,K
77,0c97e95c-5616-4c67-a3bd-399eba330b80,0.9216164350509644,0.9997640091835477,K
77,298ef311-ba49-4a2d-bade-afa8afabce89,0.9216164350509644,0.9997640099889132,K
77,34432c50-68cc-414b-99a0-276ad2c65e56,0.9216164350509644,0.9997640093779463,K
77,aa5e3739-499b-46a9-9313-a9fb000f12a6,0.9216164350509644,0.9997640096001161,K
77,bcdce8a0-f6e1-41bc-bf9f-5de570b066a7,0.9216164350509644,0.9997640086558945,K
77,e964df06-0f65-4317-8001-1fa1e0c9b288,0.9216164350509644,0.9997640097667434,K
77,f0a74561-32d0-43ed-9ce0-6e173b948c68,0.9216164350509644,0.9997640088225218,K
77,37578f66-a34f-47f4-95f5-f1e25b1f9b6e,0.5321198105812073,0.9997640090724629,K
77,48329172-d1f8-471c-b99e-444b68ad9052,0.5321198105812073,0.9997640096556585,K
77,531c76d8-8ddd-4da8-a966-de764b819d2a,0.5321198105812073,0.9997640098500571,K
77,5a6cf110-e3e7-44e6-b250-6c40547e3d93,0.5321198105812073,0.9997640092668614,K
77,68fde87d-fd24-4519-a6ed-17a37a621d1b,0.5321198105812073,0.999764008711437,K
77,6b402717-5aca-4908-8148-268a7704e268,0.5321198105812073,0.9997640100722268,K
77,7dda000c-4858-4a8b-aad5-0558b907c9a8,0.5321198105812073,0.9997640088780643,K
77,ce685721-586c-4ea7-87d7-82c6d842d19c,0.5321198105812073,0.9998509626071759,K
77,f0cfc1aa-68ed-4f78-93b8-bc2855315e1d,0.5321198105812073,0.9997640094890312,K
77,0669c654-0e61-4305-9c11-628f4bb60eb3,0.5032227039337158,0.9995652612485104,K
77,413700d8-5c2a-411a-b178-e9feab0472cc,0.5032227039337158,0.9995652614151046,K
77,67289dc1-1026-437b-a82e-a5f229e5e061,0.5032227039337158,0.9995652610819162,K
77,88ffad9c-4295-4db8-b5dd-6d81a9f5ab51,0.5032227039337158,0.9995652618315901,K
77,b125b0e7-1b0c-49ac-89e1-0d800b56863b,0.5032227039337158,0.9996644799661066,K
77,b6fa95ef-d7a6-4fb5-ab74-e713d5925479,0.5032227039337158,0.9995652620259501,K
77,ea4ebcb4-f0de-4f3b-938d-f867a49d747c,0.5032227039337158,0.99956526222031,K
78,32e00c31-105c-417d-8e36-d695a31ecbb6,0.8691616058349609,0.9995607679351034,K
78,64500e5a-570f-46a9-91ed-2fff31fd995e,0.8691616058349609,0.9995607682960559,K
78,81f620fa-68f9-46c3-9d45-2dbc7cbb9a41,0.8691616058349609,0.9995607681016969,K
78,8dcc5746-faff-4382-9e5e-59d12df6eb89,0.8691616058349609,0.9995607675741509,K
78,9283eeeb-62a3-4fb3-8b04-075f82ba7a87,0.8691616058349609,0.9995607677407444,K
78,99fb3d1d-66b1-426b-b7ba-1c6ff3d88c00,0.8691616058349609,0.9995607674075575,K
78,ef0b9755-bdd6-484f-b79d-0c288e889a9a,0.8691616058349609,0.999560768490415,K
78,fe3f4f4a-dcbf-4ce7-8a8d-08861dad13fa,0.8691616058349609,0.999560767240964,K
78,65fd5f3a-49e4-4e84-83fc-45e53786395e,0.5480678081512451,0.9995607684071183,K
78,2db5e42d-20cf-47f1-82d9-0697c1f97405,0.5395364165306091,0.9995607682127592,K
78,2dc1645d-c98f-4033-84e4-56c418fc03bd,0.5340036749839783,0.9996602854382857,K
78,7e4d090f-6733-46b4-bfc0-67fccf3f03b5,0.5340036749839783,0.9995607680461658,K
78,8218b1e9-553f-4716-82b8-ef162fc1c1fa,0.5340036749839783,0.9995607676852132,K
78,9dc9e817-73aa-49c8-81f9-68e39b1a4ce8,0.5340036749839783,0.9995607678795723,K
78,c83c7dde-ce65-46f4-9092-ee3514279ffc,0.5340036749839783,0.9995607673242607,K
78,fcdf09e3-4ebe-4c93-9084-0e0a443de077,0.5340036749839783,0.9995607675186198,K
79,15f50409-dcfa-45a8-9307-90d0d10ad4b8,0.8853834867477417,0.9992739348518448,K
79,6041497b-e90c-4bef-a6b6-b633b214bce8,0.8853834867477417,0.9992739346575416,K
79,8b7e2cd2-5d68-48e0-806a-ecbe6dae0809,0.8853834867477417,0.9992739358233611,K
79,a2536be9-ca84-4dc3-847d-6dfbd741939c,0.8853834867477417,0.9992739354347546,K
79,b26e7399-db12-4df4-9042-baa9d5ba4697,0.8853834867477417,0.9992739356290579,K
79,b5179fc8-800d-4d83-bb13-4c214bc1f5c4,0.8853834867477417,0.9993682909178069,K
79,c83abd67-7535-45ba-bf53-a8ab92e283ee,0.8853834867477417,0.9992739350461481,K
79,ee7ab807-27d1-479f-8a71-58596902d3c2,0.8853834867477417,0.9992739352404514,K
79,0154a54e-d1f0-4d9a-9418-4baffc396204,0.5172289609909058,0.999802953805041,K
79,0c97e95c-5616-4c67-a3bd-399eba330b80,0.5172289609909058,0.9998029539716748,K
79,298ef311-ba49-4a2d-bade-afa8afabce89,0.5172289609909058,0.9998029547770716,K
79,34432c50-68cc-414b-99a0-276ad2c65e56,0.5172289609909058,0.9998029541938532,K
79,aa5e3739-499b-46a9-9313-a9fb000f12a6,0.5172289609909058,0.9998029543882594,K
79,ac37a538-4d7d-47c5-a7f2-4b09b2736183,0.5172289609909058,0.9999066894092595,K
79,bcdce8a0-f6e1-41bc-bf9f-5de570b066a7,0.5172289609909058,0.9998029534162287,K
79,e964df06-0f65-4317-8001-1fa1e0c9b288,0.5172289609909058,0.9998029545826655,K
79,f0a74561-32d0-43ed-9ce0-6e173b948c68,0.5172289609909058,0.9998029536106349,K
79,3c4386c1-c2c6-4b89-820f-085efbbb4b94,0.5160592794418335,0.9996539371158005,K
80,0669c654-0e61-4305-9c11-628f4bb60eb3,0.8714536428451538,0.9997046859748845,K
80,413700d8-5c2a-411a-b178-e9feab0472cc,0.8714536428451538,0.9997046861692716,K
80,67289dc1-1026-437b-a82e-a5f229e5e061,0.8714536428451538,0.9997046858082671,K
80,88ffad9c-4295-4db8-b5dd-6d81a9f5ab51,0.8714536428451538,0.9997046865858152,K
80,b125b0e7-1b0c-49ac-89e1-0d800b56863b,0.8714536428451538,0.9997046855861105,K
80,b6fa95ef-d7a6-4fb5-ab74-e713d5925479,0.8714536428451538,0.9997046867524326,K
80,ea4ebcb4-f0de-4f3b-938d-f867a49d747c,0.8714536428451538,0.9997046869745893,K
80,0154a54e-d1f0-4d9a-9418-4baffc396204,0.5159288644790649,0.9999017208297141,K
80,0c97e95c-5616-4c67-a3bd-399eba330b80,0.5159288644790649,0.9999017210241394,K
80,298ef311-ba49-4a2d-bade-afa8afabce89,0.5159288644790649,0.9999017218296158,K
80,34432c50-68cc-414b-99a0-276ad2c65e56,0.5159288644790649,0.9999017212185648,K
80,aa5e3739-499b-46a9-9313-a9fb000f12a6,0.5159288644790649,0.99990172141299,K
80,ac37a538-4d7d-47c5-a7f2-4b09b2736183,0.5159288644790649,0.9999017202464381,K
80,bcdce8a0-f6e1-41bc-bf9f-5de570b066a7,0.5159288644790649,0.9999017204408635,K
80,e964df06-0f65-4317-8001-1fa1e0c9b288,0.5159288644790649,0.9999017216351905,K
80,f0a74561-32d0-43ed-9ce0-6e173b948c68,0.5159288644790649,0.9999017206352888,K
80,37578f66-a34f-47f4-95f5-f1e25b1f9b6e,0.5113947987556458,0.9997046861137324,K
80,48329172-d1f8-471c-b99e-444b68ad9052,0.5113947987556458,0.9997046867246631,K
80,531c76d8-8ddd-4da8-a966-de764b819d2a,0.5113947987556458,0.9997046869190501,K
80,5a6cf110-e3e7-44e6-b250-6c40547e3d93,0.5113947987556458,0.999704686335889,K
80,68fde87d-fd24-4519-a6ed-17a37a621d1b,0.5113947987556458,0.999704685752728,K
80,6b402717-5aca-4908-8148-268a7704e268,0.5113947987556458,0.9997046871412066,K
80,7dda000c-4858-4a8b-aad5-0558b907c9a8,0.5113947987556458,0.9997046859471149,K
80,ce685721-586c-4ea7-87d7-82c6d842d19c,0.5113947987556458,0.9997046855305713,K
80,f0cfc1aa-68ed-4f78-93b8-bc2855315e1d,0.5113947987556458,0.999704686530276,K
81,65fd5f3a-49e4-4e84-83fc-45e53786395e,0.8479403257369995,0.9997053018764696,K
81,2db5e42d-20cf-47f1-82d9-0697c1f97405,0.8362465500831604,0.9997053016543128,K
81,2dc1645d-c98f-4033-84e4-56c418fc03bd,0.8282131552696228,0.9997053005990684,K
81,7e4d090f-6733-46b4-bfc0-67fccf3f03b5,0.8282131552696228,0.9997053014876953,K
81,8218b1e9-553f-4716-82b8-ef162fc1c1fa,0.8282131552696228,0.999705301098921,K
81,9dc9e817-73aa-49c8-81f9-68e39b1a4ce8,0.8282131552696228,0.9997053012933081,K
81,c83c7dde-ce65-46f4-9092-ee3514279ffc,0.8282131552696228,0.9997053007656859,K
81,fcdf09e3-4ebe-4c93-9084-0e0a443de077,0.8282131552696228,0.9997053009323035,K
81,25c992dd-5b43-4c15-bbf6-f39643cf78de,0.6038785576820374,0.9997985996726583,K
81,32e00c31-105c-417d-8e36-d695a31ecbb6,0.6038785576820374,0.999705301376617,K
81,64500e5a-570f-46a9-91ed-2fff31fd995e,0.6038785576820374,0.9997053017653912,K
81,81f620fa-68f9-46c3-9d45-2dbc7cbb9a41,0.6038785576820374,0.9997053015432344,K
81,8dcc5746-faff-4382-9e5e-59d12df6eb89,0.6038785576820374,0.9997053009878426,K
81,9283eeeb-62a3-4fb3-8b04-075f82ba7a87,0.6038785576820374,0.9997053011822298,K
81,99fb3d1d-66b1-426b-b7ba-1c6ff3d88c00,0.6038785576820374,0.9997053008212251,K
81,ef0b9755-bdd6-484f-b79d-0c288e889a9a,0.6038785576820374,0.9997053019320087,K
81,fe3f4f4a-dcbf-4ce7-8a8d-08861dad13fa,0.6038785576820374,0.9997053006546075,K
82,37578f66-a34f-47f4-95f5-f1e25b1f9b6e,0.8916975259780884,0.9997941029774797,K
82,48329172-d1f8-471c-b99e-444b68ad9052,0.8916975259780884,0.999794103560693,K
82,531c76d8-8ddd-4da8-a966-de764b819d2a,0.8916975259780884,0.9997941037828695,K
82,5a6cf110-e3e7-44e6-b250-6c40547e3d93,0.8916975259780884,0.9997941031718841,K
82,68fde87d-fd24-4519-a6ed-17a37a621d1b,0.8916975259780884,0.999794102616443,K
82,6b402717-5aca-4908-8148-268a7704e268,0.8916975259780884,0.9997941039772739,K
82,7dda000c-4858-4a8b-aad5-0558b907c9a8,0.8916975259780884,0.9997941027830753,K
82,ce685721-586c-4ea7-87d7-82c6d842d19c,0.8916975259780884,0.9997941024220386,K
82,f0cfc1aa-68ed-4f78-93b8-bc2855315e1d,0.8916975259780884,0.9997941033662886,K
82,0154a54e-d1f0-4d9a-9418-4baffc396204,0.570080041885376,0.9997941028941636,K
82,0c97e95c-5616-4c67-a3bd-399eba330b80,0.570080041885376,0.999794103088568,K
82,298ef311-ba49-4a2d-bade-afa8afabce89,0.570080041885376,0.9997941038939576,K
82,34432c50-68cc-414b-99a0-276ad2c65e56,0.570080041885376,0.9997941033107445,K
82,aa5e3739-499b-46a9-9313-a9fb000f12a6,0.570080041885376,0.9997941035051489,K
82,ac37a538-4d7d-47c5-a7f2-4b09b2736183,0.570080041885376,0.9997941023664945,K
82,bcdce8a0-f6e1-41bc-bf9f-5de570b066a7,0.570080041885376,0.9997941025331268,K
82,e964df06-0f65-4317-8001-1fa1e0c9b288,0.570080041885376,0.9997941036995532,K
82,f0a74561-32d0-43ed-9ce0-6e173b948c68,0.570080041885376,0.9997941027275312,K
86,1f877424-2615-461d-b608-9954018b9105,0.5679241418838501,0.9999184224665169,K
87,1f877424-2615-461d-b608-9954018b9105,0.6296939253807068,0.9999186906668941,K
87,0154a54e-d1f0-4d9a-9418-4baffc396204,0.5595651268959045,0.9993798718589846,K
87,0c97e95c-5616-4c67-a3bd-399eba330b80,0.5595651268959045,0.9993798720255479,K
87,298ef311-ba49-4a2d-bade-afa8afabce89,0.5595651268959045,0.9993798728306039,K
87,34432c50-68cc-414b-99a0-276ad2c65e56,0.5595651268959045,0.9993798722476323,K
87,aa5e3739-499b-46a9-9313-a9fb000f12a6,0.5595651268959045,0.9993798724419561,K
87,ac37a538-4d7d-47c5-a7f2-4b09b2736183,0.5595651268959045,0.9993798713037735,K
87,bcdce8a0-f6e1-41bc-bf9f-5de570b066a7,0.5595651268959045,0.9993798714703368,K
87,e964df06-0f65-4317-8001-1fa1e0c9b288,0.5595651268959045,0.99937987263628,K
87,f0a74561-32d0-43ed-9ce0-6e173b948c68,0.5595651268959045,0.9993798716646607,K
88,1f877424-2615-461d-b608-9954018b9105,0.6961509585380554,0.999903036506819,K
88,efa30fb9-5267-4970-b16d-7fc40b1ca487,0.5363128781318665,0.9998217258649447,K
88,47a820b2-eeb4-4a8a-8dfc-b5f66ccab71f,0.5106146931648254,0.9999030364512688,K
89,1f877424-2615-461d-b608-9954018b9105,0.5596827864646912,0.9999137816614591,K
90,0669c654-0e61-4305-9c11-628f4bb60eb3,0.5500541925430298,0.9989095950073688,K
90,413700d8-5c2a-411a-b178-e9feab0472cc,0.5500541925430298,0.9989095952016012,K
90,67289dc1-1026-437b-a82e-a5f229e5e061,0.5500541925430298,0.9989095948408838,K
90,88ffad9c-4295-4db8-b5dd-6d81a9f5ab51,0.5500541925430298,0.9989095955623185,K
90,b125b0e7-1b0c-49ac-89e1-0d800b56863b,0.5500541925430298,0.9989095946466514,K
90,b6fa95ef-d7a6-4fb5-ab74-e713d5925479,0.5500541925430298,0.9989095957565509,K
90,ea4ebcb4-f0de-4f3b-938d-f867a49d747c,0.5500541925430298,0.9989095959507833,K
90,fd45aa2b-376a-4e19-820a-b5d25f8b23ca,0.5500541925430298,0.9990126225559934,K
90,efa30fb9-5267-4970-b16d-7fc40b1ca487,0.5361892580986023,0.9998322455168016,K
90,1f877424-2615-461d-b608-9954018b9105,0.5262777805328369,0.9999184661851733,K
90,47a820b2-eeb4-4a8a-8dfc-b5f66ccab71f,0.5175493955612183,0.9998322454890285,K
91,1f877424-2615-461d-b608-9954018b9105,0.6319113373756409,0.9999030063708529,K
91,72bc8697-9933-4e81-bb39-a9808290ae9b,0.5577290654182434,0.9998214704382992,K
91,47a820b2-eeb4-4a8a-8dfc-b5f66ccab71f,0.5069645047187805,0.9999030063153027,K
92,1f877424-2615-461d-b608-9954018b9105,0.9156350493431091,0.9999124383615219,K
92,72bc8697-9933-4e81-bb39-a9808290ae9b,0.6493911147117615,0.9999124382504204,K
92,a9bb2c9e-48b4-4d3d-828d-7720cc91736c,0.5278139710426331,0.9999124381948697,K
92,ef27b25f-b672-4196-9193-4dc687dbd36b,0.5187922716140747,0.9996477078472363,K
92,47a820b2-eeb4-4a8a-8dfc-b5f66ccab71f,0.5141110420227051,0.9999124383059711,K
92,63b0f26c-ddac-40e9-bee6-6517ca864f23,0.5114408135414124,0.9998154411997379,K
93,efa30fb9-5267-4970-b16d-7fc40b1ca487,0.820835292339325,0.9997279672576181,K
93,1f877424-2615-461d-b608-9954018b9105,0.5829893350601196,0.9999125175768103,K
93,47a820b2-eeb4-4a8a-8dfc-b5f66ccab71f,0.5746927261352539,0.9999125175212596,K
93,63b0f26c-ddac-40e9-bee6-6517ca864f23,0.5562667846679688,0.9999125174379336,K
93,a9bb2c9e-48b4-4d3d-828d-7720cc91736c,0.5290985107421875,0.9999125174101583,K
93,72bc8697-9933-4e81-bb39-a9808290ae9b,0.5096231698989868,0.999912517465709,K
93,ef27b25f-b672-4196-9193-4dc687dbd36b,0.50947505235672,0.999912517465709,K
94,47a820b2-eeb4-4a8a-8dfc-b5f66ccab71f,0.8496209979057312,0.9999058668752451,K
94,efa30fb9-5267-4970-b16d-7fc40b1ca487,0.6022201180458069,0.9999058669030203,K
94,a9bb2c9e-48b4-4d3d-828d-7720cc91736c,0.5692237019538879,0.9999058667641444,K
94,1f877424-2615-461d-b608-9954018b9105,0.5679241418838501,0.9999058669307954,K
94,8afe65a8-2bff-4f17-af23-85c807a7ad9d,0.5679241418838501,0.9999058667085942,K
94,63b0f26c-ddac-40e9-bee6-6517ca864f23,0.5088074207305908,0.9999058667919196,K
95,ef27b25f-b672-4196-9193-4dc687dbd36b,0.8494401574134827,0.999820967389362,K
95,1f877424-2615-461d-b608-9954018b9105,0.6296939253807068,0.9999151026873142,K
95,8afe65a8-2bff-4f17-af23-85c807a7ad9d,0.6296939253807068,0.9999151024651108,K
95,0154a54e-d1f0-4d9a-9418-4baffc396204,0.5595651268959045,0.9992843753204571,K
95,0c97e95c-5616-4c67-a3bd-399eba330b80,0.5595651268959045,0.9992843755147623,K
95,298ef311-ba49-4a2d-bade-afa8afabce89,0.5595651268959045,0.9992843763197414,K
95,34432c50-68cc-414b-99a0-276ad2c65e56,0.5595651268959045,0.9992843757368256,K
95,aa5e3739-499b-46a9-9313-a9fb000f12a6,0.5595651268959045,0.9992843759311308,K
95,ac37a538-4d7d-47c5-a7f2-4b09b2736183,0.5595651268959045,0.9992843747652991,K
95,bcdce8a0-f6e1-41bc-bf9f-5de570b066a7,0.5595651268959045,0.9992843749318465,K
95,e964df06-0f65-4317-8001-1fa1e0c9b288,0.5595651268959045,0.9992843761254362,K
95,f0a74561-32d0-43ed-9ce0-6e173b948c68,0.5595651268959045,0.9992843751261518,K
95,72bc8697-9933-4e81-bb39-a9808290ae9b,0.5440406799316406,0.9998209673615892,K
95,a9bb2c9e-48b4-4d3d-828d-7720cc91736c,0.5403101444244385,0.9999151024928862,K
95,63b0f26c-ddac-40e9-bee6-6517ca864f23,0.5336639285087585,0.9999151025206616,K
95,47a820b2-eeb4-4a8a-8dfc-b5f66ccab71f,0.5180173516273499,0.9999151026317633,K
96,72bc8697-9933-4e81-bb39-a9808290ae9b,0.8482803702354431,0.9998935991887457,K
96,1f877424-2615-461d-b608-9954018b9105,0.6961509585380554,0.9998935992998449,K
96,8afe65a8-2bff-4f17-af23-85c807a7ad9d,0.6961509585380554,0.9998935990776464,K
96,63b0f26c-ddac-40e9-bee6-6517ca864f23,0.5721427202224731,0.9998935991609709,K
96,a9bb2c9e-48b4-4d3d-828d-7720cc91736c,0.5541900396347046,0.999893599133196,K
96,6dfca794-82da-4db6-96d1-507ac2e91d37,0.5363128781318665,0.9998086989114983,K
96,efa30fb9-5267-4970-b16d-7fc40b1ca487,0.5363128781318665,0.999808699133678,K
96,ef27b25f-b672-4196-9193-4dc687dbd36b,0.5230464935302734,0.9998935991887457,K
96,47a820b2-eeb4-4a8a-8dfc-b5f66ccab71f,0.5106146931648254,0.9998935992442953,K
96,6841c779-ee17-4525-ac8c-088efb4c6490,0.5077586770057678,0.9998935990498715,K
97,63b0f26c-ddac-40e9-bee6-6517ca864f23,0.8267097473144531,0.999900423458073,K
97,1f877424-2615-461d-b608-9954018b9105,0.5596827864646912,0.9999004236247231,K
97,8afe65a8-2bff-4f17-af23-85c807a7ad9d,0.5596827864646912,0.9999004233747479,K
98,a9bb2c9e-48b4-4d3d-828d-7720cc91736c,0.8579314947128296,0.9998144587426863,K
98,0669c654-0e61-4305-9c11-628f4bb60eb3,0.5500541925430298,0.9992571617632562,K
98,413700d8-5c2a-411a-b178-e9feab0472cc,0.5500541925430298,0.9992571619575562,K
98,67289dc1-1026-437b-a82e-a5f229e5e061,0.5500541925430298,0.9992571615967134,K
98,88ffad9c-4295-4db8-b5dd-6d81a9f5ab51,0.5500541925430298,0.9992571623461562,K
98,b125b0e7-1b0c-49ac-89e1-0d800b56863b,0.5500541925430298,0.9992571614301705,K
98,b6fa95ef-d7a6-4fb5-ab74-e713d5925479,0.5500541925430298,0.9992571625126991,K
98,ea4ebcb4-f0de-4f3b-938d-f867a49d747c,0.5500541925430298,0.9992571627069992,K
98,fd45aa2b-376a-4e19-820a-b5d25f8b23ca,0.5500541925430298,0.9992571612358705,K
98,6dfca794-82da-4db6-96d1-507ac2e91d37,0.5361892580986023,0.9998144586593684,K
98,efa30fb9-5267-4970-b16d-7fc40b1ca487,0.5361892580986023,0.9998144588815494,K
98,1f877424-2615-461d-b608-9954018b9105,0.5262777805328369,0.9999140373894414,K
98,8afe65a8-2bff-4f17-af23-85c807a7ad9d,0.5262777805328369,0.9999140371672383,K
98,6841c779-ee17-4525-ac8c-088efb4c6490,0.5176063776016235,0.9998144586315958,K
98,47a820b2-eeb4-4a8a-8dfc-b5f66ccab71f,0.5175493955612183,0.9998144588537767,K
99,3681387f-66db-44e2-b8cc-dec3029d648e,0.7603673338890076,0.9993377273438535,K
99,1f877424-2615-461d-b608-9954018b9105,0.6319113373756409,0.9998960531806228,K
99,8afe65a8-2bff-4f17-af23-85c807a7ad9d,0.6319113373756409,0.9998960529306488,K
99,72bc8697-9933-4e81-bb39-a9808290ae9b,0.5577290654182434,0.9997105230454301,K
99,99b1cfd5-5dac-4190-a367-19db09afe67b,0.5577290654182434,0.9998100909794458,K
99,6841c779-ee17-4525-ac8c-088efb4c6490,0.5084040760993958,0.999896052875099,K
99,47a820b2-eeb4-4a8a-8dfc-b5f66ccab71f,0.5069645047187805,0.999896053125073,K
100,1f877424-2615-461d-b608-9954018b9105,0.9156350493431091,0.9999010198710785,K
100,8afe65a8-2bff-4f17-af23-85c807a7ad9d,0.9156350493431091,0.9999010194822281,K
100,72bc8697-9933-4e81-bb39-a9808290ae9b,0.6493911147117615,0.9999010195655531,K
100,99b1cfd5-5dac-4190-a367-19db09afe67b,0.6493911147117615,0.999901019371128,K
100,3681387f-66db-44e2-b8cc-dec3029d648e,0.5446940064430237,0.9999010194822281,K
100,1ac0d7d0-10c2-4768-b9b6-a6f2237cdce2,0.5278139710426331,0.999901019343353,K
100,a9bb2c9e-48b4-4d3d-828d-7720cc91736c,0.5278139710426331,0.9997970736201215,K
100,64d7fae9-2134-48f0-b73c-c5fac7c2ce7c,0.5187922716140747,0.9996115618782959,K
100,ef27b25f-b672-4196-9193-4dc687dbd36b,0.5187922716140747,0.9996115620726649,K
100,6841c779-ee17-4525-ac8c-088efb4c6490,0.5182243585586548,0.999901019426678,K
100,47a820b2-eeb4-4a8a-8dfc-b5f66ccab71f,0.5141110420227051,0.9999010197599784,K
100,63b0f26c-ddac-40e9-bee6-6517ca864f23,0.5114408135414124,0.9997111202893367,K
100,d2e22f98-6839-440b-9905-ba7e3c2cfe8c,0.5114408135414124,0.9997970734534887,K
101,6dfca794-82da-4db6-96d1-507ac2e91d37,0.820835292339325,0.9996965796523782,K
101,efa30fb9-5267-4970-b16d-7fc40b1ca487,0.820835292339325,0.9996965798467637,K
101,1f877424-2615-461d-b608-9954018b9105,0.5829893350601196,0.9998994949676359,K
101,8afe65a8-2bff-4f17-af23-85c807a7ad9d,0.5829893350601196,0.9998994947732109,K
101,6841c779-ee17-4525-ac8c-088efb4c6490,0.5795076489448547,0.999899494717661,K
101,47a820b2-eeb4-4a8a-8dfc-b5f66ccab71f,0.5746927261352539,0.9998994949398609,K
101,63b0f26c-ddac-40e9-bee6-6517ca864f23,0.5562667846679688,0.999899494828761,K
101,d2e22f98-6839-440b-9905-ba7e3c2cfe8c,0.5562667846679688,0.999899494662111,K
101,1ac0d7d0-10c2-4768-b9b6-a6f2237cdce2,0.5290985107421875,0.999899494634336,K
101,a9bb2c9e-48b4-4d3d-828d-7720cc91736c,0.5290985107421875,0.9998994948009859,K
101,72bc8697-9933-4e81-bb39-a9808290ae9b,0.5096231698989868,0.999899494856536,K
101,99b1cfd5-5dac-4190-a367-19db09afe67b,0.5096231698989868,0.999899494662111,K
101,64d7fae9-2134-48f0-b73c-c5fac7c2ce7c,0.50947505235672,0.999899494689886,K
101,ef27b25f-b672-4196-9193-4dc687dbd36b,0.50947505235672,0.999899494884311,K
102,47a820b2-eeb4-4a8a-8dfc-b5f66ccab71f,0.8496209979057312,0.9998933939883803,K
102,6841c779-ee17-4525-ac8c-088efb4c6490,0.8476842045783997,0.9998933937384069,K
102,6dfca794-82da-4db6-96d1-507ac2e91d37,0.6022201180458069,0.9998933937661818,K
102,efa30fb9-5267-4970-b16d-7fc40b1ca487,0.6022201180458069,0.9998933939883803,K
102,1ac0d7d0-10c2-4768-b9b6-a6f2237cdce2,0.5692237019538879,0.9998933936550825,K
102,a9bb2c9e-48b4-4d3d-828d-7720cc91736c,0.5692237019538879,0.9998933938495063,K
102,1f877424-2615-461d-b608-9954018b9105,0.5679241418838501,0.9998933940161551,K
102,8afe65a8-2bff-4f17-af23-85c807a7ad9d,0.5679241418838501,0.9998933937939566,K
102,c706f66b-108c-450d-93ac-a1cc6dedca0f,0.5679241418838501,0.9998933935995329,K
102,63b0f26c-ddac-40e9-bee6-6517ca864f23,0.5088074207305908,0.9998933938495063,K
102,d2e22f98-6839-440b-9905-ba7e3c2cfe8c,0.5088074207305908,0.9998933936828573,K
103,64d7fae9-2134-48f0-b73c-c5fac7c2ce7c,0.8494401574134827,0.9998003588476143,K
103,ef27b25f-b672-4196-9193-4dc687dbd36b,0.8494401574134827,0.9998003590420199,K
103,1f877424-2615-461d-b608-9954018b9105,0.6296939253807068,0.9999069646891641,K
103,8afe65a8-2bff-4f17-af23-85c807a7ad9d,0.6296939253807068,0.9999069644669626,K
103,c706f66b-108c-450d-93ac-a1cc6dedca0f,0.6296939253807068,0.9999069642725362,K
103,0154a54e-d1f0-4d9a-9418-4baffc396204,0.5595651268959045,0.9992051987719569,K
103,0c97e95c-5616-4c67-a3bd-399eba330b80,0.5595651268959045,0.9992051989940025,K
103,298ef311-ba49-4a2d-bade-afa8afabce89,0.5595651268959045,0.9992051997711621,K
103,34432c50-68cc-414b-99a0-276ad2c65e56,0.5595651268959045,0.9992051991882924,K
103,aa5e3739-499b-46a9-9313-a9fb000f12a6,0.5595651268959045,0.9992051993825823,K
103,ac37a538-4d7d-47c5-a7f2-4b09b2736183,0.5595651268959045,0.999205198216843,K
103,bcdce8a0-f6e1-41bc-bf9f-5de570b066a7,0.5595651268959045,0.9992051984111328,K
103,e964df06-0f65-4317-8001-1fa1e0c9b288,0.5595651268959045,0.9992051995768721,K
103,f0a74561-32d0-43ed-9ce0-6e173b948c68,0.5595651268959045,0.9992051986054227,K
103,72bc8697-9933-4e81-bb39-a9808290ae9b,0.5440406799316406,0.9998003590142477,K
103,99b1cfd5-5dac-4190-a367-19db09afe67b,0.5440406799316406,0.9998003588198421,K
103,1ac0d7d0-10c2-4768-b9b6-a6f2237cdce2,0.5403101444244385,0.9999069643280866,K
103,a9bb2c9e-48b4-4d3d-828d-7720cc91736c,0.5403101444244385,0.9999069645225129,K
103,63b0f26c-ddac-40e9-bee6-6517ca864f23,0.5336639285087585,0.9999069645502882,K
103,d2e22f98-6839-440b-9905-ba7e3c2cfe8c,0.5336639285087585,0.9999069643558618,K
103,6841c779-ee17-4525-ac8c-088efb4c6490,0.5223605036735535,0.9999069644391874,K
103,47a820b2-eeb4-4a8a-8dfc-b5f66ccab71f,0.5180173516273499,0.9999069646613888,K
104,72bc8697-9933-4e81-bb39-a9808290ae9b,0.8482803702354431,0.9998824198297568,K
104,99b1cfd5-5dac-4190-a367-19db09afe67b,0.8482803702354431,0.9998824196353352,K
104,1f877424-2615-461d-b608-9954018b9105,0.6961509585380554,0.9998824199408548,K
104,8afe65a8-2bff-4f17-af23-85c807a7ad9d,0.6961509585380554,0.9998824197186588,K
104,c706f66b-108c-450d-93ac-a1cc6dedca0f,0.6961509585380554,0.9998824195520116,K
104,63b0f26c-ddac-40e9-bee6-6517ca864f23,0.5721427202224731,0.9998824198019822,K
104,d2e22f98-6839-440b-9905-ba7e3c2cfe8c,0.5721427202224731,0.9998824196075607,K
104,1ac0d7d0-10c2-4768-b9b6-a6f2237cdce2,0.5541900396347046,0.9998824196075607,K
104,a9bb2c9e-48b4-4d3d-828d-7720cc91736c,0.5541900396347046,0.9998824197742078,K
104,6dfca794-82da-4db6-96d1-507ac2e91d37,0.5363128781318665,0.999789386487696,K
104,9332e339-1d5d-496c-b128-6011bc520c24,0.5363128781318665,0.9997893862932925,K
104,efa30fb9-5267-4970-b16d-7fc40b1ca487,0.5363128781318665,0.9997893866820995,K
104,64d7fae9-2134-48f0-b73c-c5fac7c2ce7c,0.5230464935302734,0.9998824196631098,K
104,ef27b25f-b672-4196-9193-4dc687dbd36b,0.5230464935302734,0.9998824198297568,K
104,47a820b2-eeb4-4a8a-8dfc-b5f66ccab71f,0.5106146931648254,0.9998824198853058,K
104,6841c779-ee17-4525-ac8c-088efb4c6490,0.5077586770057678,0.9998824196908842,K
104,e09859a9-a1f9-4a70-ae40-b417898134eb,0.5077586770057678,0.9998824194964626,K
105,63b0f26c-ddac-40e9-bee6-6517ca864f23,0.8267097473144531,0.9998887758525309,K
105,d2e22f98-6839-440b-9905-ba7e3c2cfe8c,0.8267097473144531,0.9998887756581081,K
105,1f877424-2615-461d-b608-9954018b9105,0.5596827864646912,0.9998887760191789,K
105,8afe65a8-2bff-4f17-af23-85c807a7ad9d,0.5596827864646912,0.9998887757692068,K
105,c706f66b-108c-450d-93ac-a1cc6dedca0f,0.5596827864646912,0.9998887756025586,K
106,1ac0d7d0-10c2-4768-b9b6-a6f2237cdce2,0.8579314947128296,0.9998019921061512,K
106,a9bb2c9e-48b4-4d3d-828d-7720cc91736c,0.8579314947128296,0.9998019922727849,K
106,0669c654-0e61-4305-9c11-628f4bb60eb3,0.5500541925430298,0.999181569347215,K
106,413700d8-5c2a-411a-b178-e9feab0472cc,0.5500541925430298,0.9991815695415004,K
106,67289dc1-1026-437b-a82e-a5f229e5e061,0.5500541925430298,0.9991815691806848,K
106,88ffad9c-4295-4db8-b5dd-6d81a9f5ab51,0.5500541925430298,0.999181569902316,K
106,b125b0e7-1b0c-49ac-89e1-0d800b56863b,0.5500541925430298,0.9991815689863995,K
106,b6fa95ef-d7a6-4fb5-ab74-e713d5925479,0.5500541925430298,0.9991815700688462,K
106,ea4ebcb4-f0de-4f3b-938d-f867a49d747c,0.5500541925430298,0.9991815702631315,K
106,fd45aa2b-376a-4e19-820a-b5d25f8b23ca,0.5500541925430298,0.9991815688198692,K
106,6dfca794-82da-4db6-96d1-507ac2e91d37,0.5361892580986023,0.9998019922172403,K
106,9332e339-1d5d-496c-b128-6011bc520c24,0.5361892580986023,0.9998019920228344,K
106,efa30fb9-5267-4970-b16d-7fc40b1ca487,0.5361892580986023,0.9998019924394185,K
106,1f877424-2615-461d-b608-9954018b9105,0.5262777805328369,0.9999132170714118,K
106,8afe65a8-2bff-4f17-af23-85c807a7ad9d,0.5262777805328369,0.9999132168492089,K
106,c706f66b-108c-450d-93ac-a1cc6dedca0f,0.5262777805328369,0.9999132166547813,K
106,6841c779-ee17-4525-ac8c-088efb4c6490,0.5176063776016235,0.999801992189468,K
106,e09859a9-a1f9-4a70-ae40-b417898134eb,0.5176063776016235,0.999801991995062,K
106,47a820b2-eeb4-4a8a-8dfc-b5f66ccab71f,0.5175493955612183,0.9998019924116462,K
107,cd88c861-2506-40b8-9171-75634aaec722,0.7656750679016113,0.9992766286759432,K
107,3681387f-66db-44e2-b8cc-dec3029d648e,0.7603673338890076,0.9992766288980047,K
107,1f877424-2615-461d-b608-9954018b9105,0.6319113373756409,0.9998921937004057,K
107,8afe65a8-2bff-4f17-af23-85c807a7ad9d,0.6319113373756409,0.9998921934782075,K
107,c706f66b-108c-450d-93ac-a1cc6dedca0f,0.6319113373756409,0.9998921932560092,K
107,72bc8697-9933-4e81-bb39-a9808290ae9b,0.5577290654182434,0.9996941971005746,K
107,94fce027-d293-4c63-a5f7-7c0cbb784f7b,0.5577290654182434,0.9998054093241109,K
107,99b1cfd5-5dac-4190-a367-19db09afe67b,0.5577290654182434,0.9996941969339589,K
107,6841c779-ee17-4525-ac8c-088efb4c6490,0.5084040760993958,0.9998921934226579,K
107,e09859a9-a1f9-4a70-ae40-b417898134eb,0.5084040760993958,0.9998921932282344,K
107,47a820b2-eeb4-4a8a-8dfc-b5f66ccab71f,0.5069645047187805,0.9998921936448562,K
108,1f877424-2615-461d-b608-9954018b9105,0.9156350493431091,0.9999043389646975,K
108,8afe65a8-2bff-4f17-af23-85c807a7ad9d,0.9156350493431091,0.9999043387424966,K
108,c706f66b-108c-450d-93ac-a1cc6dedca0f,0.9156350493431091,0.9999043385758458,K
108,72bc8697-9933-4e81-bb39-a9808290ae9b,0.6493911147117615,0.9999043388535971,K
108,94fce027-d293-4c63-a5f7-7c0cbb784f7b,0.6493911147117615,0.9999043384925205,K
108,99b1cfd5-5dac-4190-a367-19db09afe67b,0.6493911147117615,0.9999043386591712,K
108,3681387f-66db-44e2-b8cc-dec3029d648e,0.5446940064430237,0.9999043387702717,K
108,cd88c861-2506-40b8-9171-75634aaec722,0.5329797267913818,0.9999043386036209,K
108,1ac0d7d0-10c2-4768-b9b6-a6f2237cdce2,0.5278139710426331,0.9997965343686064,K
108,906ba882-a75b-4b06-b7e5-43e922996436,0.5278139710426331,0.9999043384369702,K
108,a9bb2c9e-48b4-4d3d-828d-7720cc91736c,0.5278139710426331,0.9997965345630113,K
108,64d7fae9-2134-48f0-b73c-c5fac7c2ce7c,0.5187922716140747,0.9995985569331728,K
108,8208dc7c-177c-4098-b7ff-a6739ee7bbee,0.5187922716140747,0.9995985567388065,K
108,ef27b25f-b672-4196-9193-4dc687dbd36b,0.5187922716140747,0.9995985570997726,K
108,6841c779-ee17-4525-ac8c-088efb4c6490,0.5182243585586548,0.9999043386869464,K
108,e09859a9-a1f9-4a70-ae40-b417898134eb,0.5182243585586548,0.9999043385202956,K
108,47a820b2-eeb4-4a8a-8dfc-b5f66ccab71f,0.5141110420227051,0.9999043389091473,K
108,63b0f26c-ddac-40e9-bee6-6517ca864f23,0.5114408135414124,0.9997097590447245,K
108,b6de1ffc-37fe-4edd-b614-200a1911c778,0.5114408135414124,0.9997965342297458,K
108,d2e22f98-6839-440b-9905-ba7e3c2cfe8c,0.5114408135414124,0.9997097588503364,K
109,6dfca794-82da-4db6-96d1-507ac2e91d37,0.820835292339325,0.9996858668779223,K
109,9332e339-1d5d-496c-b128-6011bc520c24,0.820835292339325,0.9996858666835389,K
109,efa30fb9-5267-4970-b16d-7fc40b1ca487,0.820835292339325,0.9996858671000747,K
109,1f877424-2615-461d-b608-9954018b9105,0.5829893350601196,0.9998893185423112,K
109,8afe65a8-2bff-4f17-af23-85c807a7ad9d,0.5829893350601196,0.9998893183201136,K
109,c706f66b-108c-450d-93ac-a1cc6dedca0f,0.5829893350601196,0.9998893181256907,K
109,6841c779-ee17-4525-ac8c-088efb4c6490,0.5795076489448547,0.9998893182645642,K
109,e09859a9-a1f9-4a70-ae40-b417898134eb,0.5795076489448547,0.9998893180979159,K
109,47a820b2-eeb4-4a8a-8dfc-b5f66ccab71f,0.5746927261352539,0.9998893184867618,K
109,63b0f26c-ddac-40e9-bee6-6517ca864f23,0.5562667846679688,0.999889318375663,K
109,b6de1ffc-37fe-4edd-b614-200a1911c778,0.5562667846679688,0.9998893180145918,K
109,d2e22f98-6839-440b-9905-ba7e3c2cfe8c,0.5562667846679688,0.99988931818124,K
109,1ac0d7d0-10c2-4768-b9b6-a6f2237cdce2,0.5290985107421875,0.99988931818124,K
109,906ba882-a75b-4b06-b7e5-43e922996436,0.5290985107421875,0.9998893180145918,K
109,a9bb2c9e-48b4-4d3d-828d-7720cc91736c,0.5290985107421875,0.9998893183478883,K
109,72bc8697-9933-4e81-bb39-a9808290ae9b,0.5096231698989868,0.9998893184034376,K
109,94fce027-d293-4c63-a5f7-7c0cbb784f7b,0.5096231698989868,0.9998893180423666,K
109,99b1cfd5-5dac-4190-a367-19db09afe67b,0.5096231698989868,0.9998893182090147,K
109,64d7fae9-2134-48f0-b73c-c5fac7c2ce7c,0.50947505235672,0.9998893182367895,K
109,8208dc7c-177c-4098-b7ff-a6739ee7bbee,0.50947505235672,0.9998893180701413,K
109,ef27b25f-b672-4196-9193-4dc687dbd36b,0.50947505235672,0.9998893184312124,K
110,47a820b2-eeb4-4a8a-8dfc-b5f66ccab71f,0.8496209979057312,0.9998827708163223,K
110,6841c779-ee17-4525-ac8c-088efb4c6490,0.8476842045783997,0.9998827705941261,K
110,e09859a9-a1f9-4a70-ae40-b417898134eb,0.8476842045783997,0.9998827703997044,K
110,6dfca794-82da-4db6-96d1-507ac2e91d37,0.6022201180458069,0.9998827705941261,K
110,9332e339-1d5d-496c-b128-6011bc520c24,0.6022201180458069,0.999882770427479,K
110,efa30fb9-5267-4970-b16d-7fc40b1ca487,0.6022201180458069,0.9998827708163223,K
110,1ac0d7d0-10c2-4768-b9b6-a6f2237cdce2,0.5692237019538879,0.999882770483028,K
110,906ba882-a75b-4b06-b7e5-43e922996436,0.5692237019538879,0.9998827703163808,K
110,a9bb2c9e-48b4-4d3d-828d-7720cc91736c,0.5692237019538879,0.9998827706774497,K
110,1d084051-3163-4156-a4a9-da839fd639da,0.5679241418838501,0.9998827702608318,K
110,1f877424-2615-461d-b608-9954018b9105,0.5679241418838501,0.9998827708440968,K
110,8afe65a8-2bff-4f17-af23-85c807a7ad9d,0.5679241418838501,0.9998827706219006,K
110,c706f66b-108c-450d-93ac-a1cc6dedca0f,0.5679241418838501,0.9998827704552535,K
110,63b0f26c-ddac-40e9-bee6-6517ca864f23,0.5088074207305908,0.9998827707052241,K
110,b6de1ffc-37fe-4edd-b614-200a1911c778,0.5088074207305908,0.9998827703441554,K
110,d2e22f98-6839-440b-9905-ba7e3c2cfe8c,0.5088074207305908,0.9998827705108025,K
111,64d7fae9-2134-48f0-b73c-c5fac7c2ce7c,0.8494401574134827,0.999781980797419,K
111,8208dc7c-177c-4098-b7ff-a6739ee7bbee,0.8494401574134827,0.9997819806030169,K
111,ef27b25f-b672-4196-9193-4dc687dbd36b,0.8494401574134827,0.9997819809640494,K
111,1d084051-3163-4156-a4a9-da839fd639da,0.6296939253807068,0.9998992065799981,K
111,1f877424-2615-461d-b608-9954018b9105,0.6296939253807068,0.9998992071632726,K
111,8afe65a8-2bff-4f17-af23-85c807a7ad9d,0.6296939253807068,0.9998992069410728,K
111,c706f66b-108c-450d-93ac-a1cc6dedca0f,0.6296939253807068,0.999899206746648,K
111,0154a54e-d1f0-4d9a-9418-4baffc396204,0.5595651268959045,0.9991524913385084,K
111,0c97e95c-5616-4c67-a3bd-399eba330b80,0.5595651268959045,0.9991524915050337,K
111,298ef311-ba49-4a2d-bade-afa8afabce89,0.5595651268959045,0.9991524922543981,K
111,34432c50-68cc-414b-99a0-276ad2c65e56,0.5595651268959045,0.9991524917270677,K
111,aa5e3739-499b-46a9-9313-a9fb000f12a6,0.5595651268959045,0.999152491893593,K
111,ac37a538-4d7d-47c5-a7f2-4b09b2736183,0.5595651268959045,0.9991524907834236,K
111,bcdce8a0-f6e1-41bc-bf9f-5de570b066a7,0.5595651268959045,0.9991524909777033,K
111,e964df06-0f65-4317-8001-1fa1e0c9b288,0.5595651268959045,0.9991524920878727,K
111,f0a74561-32d0-43ed-9ce0-6e173b948c68,0.5595651268959045,0.9991524911442287,K
111,72bc8697-9933-4e81-bb39-a9808290ae9b,0.5440406799316406,0.9997819809362776,K
111,94fce027-d293-4c63-a5f7-7c0cbb784f7b,0.5440406799316406,0.9997819805752453,K
111,99b1cfd5-5dac-4190-a367-19db09afe67b,0.5440406799316406,0.9997819807696473,K
111,1ac0d7d0-10c2-4768-b9b6-a6f2237cdce2,0.5403101444244385,0.9998992068021979,K
111,906ba882-a75b-4b06-b7e5-43e922996436,0.5403101444244385,0.9998992066355481,K
111,a9bb2c9e-48b4-4d3d-828d-7720cc91736c,0.5403101444244385,0.9998992069966228,K
111,63b0f26c-ddac-40e9-bee6-6517ca864f23,0.5336639285087585,0.9998992069966228,K
111,b6de1ffc-37fe-4edd-b614-200a1911c778,0.5336639285087585,0.9998992066355481,K
111,d2e22f98-6839-440b-9905-ba7e3c2cfe8c,0.5336639285087585,0.9998992068299729,K
111,6841c779-ee17-4525-ac8c-088efb4c6490,0.5223605036735535,0.9998992068855229,K
111,e09859a9-a1f9-4a70-ae40-b417898134eb,0.5223605036735535,0.999899206718873,K
111,47a820b2-eeb4-4a8a-8dfc-b5f66ccab71f,0.5180173516273499,0.9998992071354976,K
112,72bc8697-9933-4e81-bb39-a9808290ae9b,0.8482803702354431,0.9998737478871356,K
112,94fce027-d293-4c63-a5f7-7c0cbb784f7b,0.8482803702354431,0.9998737475260701,K
112,99b1cfd5-5dac-4190-a367-19db09afe67b,0.8482803702354431,0.9998737477204899,K
112,1d084051-3163-4156-a4a9-da839fd639da,0.6961509585380554,0.9998737474427472,K
112,1f877424-2615-461d-b608-9954018b9105,0.6961509585380554,0.9998737479982326,K
112,8afe65a8-2bff-4f17-af23-85c807a7ad9d,0.6961509585380554,0.9998737478038128,K
112,c706f66b-108c-450d-93ac-a1cc6dedca0f,0.6961509585380554,0.9998737476093928,K
112,63b0f26c-ddac-40e9-bee6-6517ca864f23,0.5721427202224731,0.9998737478593612,K
112,b6de1ffc-37fe-4edd-b614-200a1911c778,0.5721427202224731,0.9998737475260701,K
112,d2e22f98-6839-440b-9905-ba7e3c2cfe8c,0.5721427202224731,0.9998737476927156,K
112,1ac0d7d0-10c2-4768-b9b6-a6f2237cdce2,0.5541900396347046,0.9998737476649414,K
112,906ba882-a75b-4b06-b7e5-43e922996436,0.5541900396347046,0.9998737474982957,K
112,a9bb2c9e-48b4-4d3d-828d-7720cc91736c,0.5541900396347046,0.9998737478593612,K
112,300c6207-208a-48f7-a43a-0b3c055e15c9,0.5363128781318665,0.9997729511961485,K
112,6dfca794-82da-4db6-96d1-507ac2e91d37,0.5363128781318665,0.9997729515294062,K
112,9332e339-1d5d-496c-b128-6011bc520c24,0.5363128781318665,0.9997729513627773,K
112,efa30fb9-5267-4970-b16d-7fc40b1ca487,0.5363128781318665,0.999772951751578,K
112,64d7fae9-2134-48f0-b73c-c5fac7c2ce7c,0.5230464935302734,0.9998737477482642,K
112,8208dc7c-177c-4098-b7ff-a6739ee7bbee,0.5230464935302734,0.9998737475538443,K
112,ef27b25f-b672-4196-9193-4dc687dbd36b,0.5230464935302734,0.9998737479149098,K
112,47a820b2-eeb4-4a8a-8dfc-b5f66ccab71f,0.5106146931648254,0.9998737479704584,K
112,9475373e-a86d-478d-9cb2-3979e3f70cd2,0.5093755125999451,0.9995450857826421,K
112,6841c779-ee17-4525-ac8c-088efb4c6490,0.5077586770057678,0.9998737477760384,K
112,c1a353d7-3410-423f-a5b6-e8ae74d88982,0.5077586770057678,0.9998737474149729,K
112,e09859a9-a1f9-4a70-ae40-b417898134eb,0.5077586770057678,0.9998737475816185,K
113,63b0f26c-ddac-40e9-bee6-6517ca864f23,0.8267097473144531,0.9998771394090917,K
113,b6de1ffc-37fe-4edd-b614-200a1911c778,0.8267097473144531,0.999877139048025,K
113,d2e22f98-6839-440b-9905-ba7e3c2cfe8c,0.8267097473144531,0.9998771392424456,K
113,1d084051-3163-4156-a4a9-da839fd639da,0.5596827864646912,0.9998771389647019,K
113,1f877424-2615-461d-b608-9954018b9105,0.5596827864646912,0.999877139575738,K
113,8afe65a8-2bff-4f17-af23-85c807a7ad9d,0.5596827864646912,0.999877139353543,K
113,c706f66b-108c-450d-93ac-a1cc6dedca0f,0.5596827864646912,0.9998771391591225,K
114,1ac0d7d0-10c2-4768-b9b6-a6f2237cdce2,0.8579314947128296,0.9997851179515663,K
114,906ba882-a75b-4b06-b7e5-43e922996436,0.8579314947128296,0.9997851177849355,K
114,a9bb2c9e-48b4-4d3d-828d-7720cc91736c,0.8579314947128296,0.999785118145969,K
114,0669c654-0e61-4305-9c11-628f4bb60eb3,0.5500541925430298,0.9991269546038691,K
114,413700d8-5c2a-411a-b178-e9feab0472cc,0.5500541925430298,0.9991269547981438,K
114,67289dc1-1026-437b-a82e-a5f229e5e061,0.5500541925430298,0.9991269544095944,K
114,88ffad9c-4295-4db8-b5dd-6d81a9f5ab51,0.5500541925430298,0.9991269552144467,K
114,b125b0e7-1b0c-49ac-89e1-0d800b56863b,0.5500541925430298,0.9991269542153197,K
114,b6fa95ef-d7a6-4fb5-ab74-e713d5925479,0.5500541925430298,0.9991269554087214,K
114,ea4ebcb4-f0de-4f3b-938d-f867a49d747c,0.5500541925430298,0.999126955602996,K
114,fd45aa2b-376a-4e19-820a-b5d25f8b23ca,0.5500541925430298,0.999126954021045,K
114,300c6207-208a-48f7-a43a-0b3c055e15c9,0.5361892580986023,0.9997851177293919,K
114,6dfca794-82da-4db6-96d1-507ac2e91d37,0.5361892580986023,0.9997851180626536,K
114,9332e339-1d5d-496c-b128-6011bc520c24,0.5361892580986023,0.9997851178960228,K
114,efa30fb9-5267-4970-b16d-7fc40b1ca487,0.5361892580986023,0.9997851183125999,K
114,1d084051-3163-4156-a4a9-da839fd639da,0.5262777805328369,0.9999079751789881,K
114,1f877424-2615-461d-b608-9954018b9105,0.5262777805328369,0.9999079757622678,K
114,8afe65a8-2bff-4f17-af23-85c807a7ad9d,0.5262777805328369,0.9999079755122907,K
114,c706f66b-108c-450d-93ac-a1cc6dedca0f,0.5262777805328369,0.9999079753456394,K
114,6841c779-ee17-4525-ac8c-088efb4c6490,0.5176063776016235,0.9997851180626536,K
114,c1a353d7-3410-423f-a5b6-e8ae74d88982,0.5176063776016235,0.99978511770162,K
114,e09859a9-a1f9-4a70-ae40-b417898134eb,0.5176063776016235,0.999785117868251,K
114,47a820b2-eeb4-4a8a-8dfc-b5f66ccab71f,0.5175493955612183,0.9997851182848281,K
115,9475373e-a86d-478d-9cb2-3979e3f70cd2,0.7736961245536804,0.9996687544850249,K
115,cd88c861-2506-40b8-9171-75634aaec722,0.7656750679016113,0.9992139808527976,K
115,3681387f-66db-44e2-b8cc-dec3029d648e,0.7603673338890076,0.9992139810193332,K
115,1d084051-3163-4156-a4a9-da839fd639da,0.6319113373756409,0.9998836238555623,K
115,1f877424-2615-461d-b608-9954018b9105,0.6319113373756409,0.9998836244388277,K
115,8afe65a8-2bff-4f17-af23-85c807a7ad9d,0.6319113373756409,0.9998836242166314,K
115,c706f66b-108c-450d-93ac-a1cc6dedca0f,0.6319113373756409,0.9998836240222095,K
115,72bc8697-9933-4e81-bb39-a9808290ae9b,0.5577290654182434,0.9996687549293221,K
115,94fce027-d293-4c63-a5f7-7c0cbb784f7b,0.5577290654182434,0.9996687545683306,K
115,99b1cfd5-5dac-4190-a367-19db09afe67b,0.5577290654182434,0.9996687547349421,K
115,f60af4d8-de22-4d30-9a25-ef9dce89971d,0.5577290654182434,0.9997915974965971,K
115,6841c779-ee17-4525-ac8c-088efb4c6490,0.5084040760993958,0.9998836241610822,K
115,c1a353d7-3410-423f-a5b6-e8ae74d88982,0.5084040760993958,0.9998836238000132,K
115,e09859a9-a1f9-4a70-ae40-b417898134eb,0.5084040760993958,0.9998836239666604,K
115,47a820b2-eeb4-4a8a-8dfc-b5f66ccab71f,0.5069645047187805,0.9998836243832786,K
116,1d084051-3163-4156-a4a9-da839fd639da,0.9156350493431091,0.9998996956141547,K
116,1f877424-2615-461d-b608-9954018b9105,0.9156350493431091,0.9998996961696545,K
116,8afe65a8-2bff-4f17-af23-85c807a7ad9d,0.9156350493431091,0.9998996959474545,K
116,c706f66b-108c-450d-93ac-a1cc6dedca0f,0.9156350493431091,0.9998996957808046,K
116,72bc8697-9933-4e81-bb39-a9808290ae9b,0.6493911147117615,0.9998996960585546,K
116,94fce027-d293-4c63-a5f7-7c0cbb784f7b,0.6493911147117615,0.9998996956974796,K
116,99b1cfd5-5dac-4190-a367-19db09afe67b,0.6493911147117615,0.9998996958641296,K
116,f60af4d8-de22-4d30-9a25-ef9dce89971d,0.6493911147117615,0.9998996955030547,K
116,9475373e-a86d-478d-9cb2-3979e3f70cd2,0.5522940754890442,0.9998996956141547,K
116,3681387f-66db-44e2-b8cc-dec3029d648e,0.5446940064430237,0.9998996959752295,K
116,cd88c861-2506-40b8-9171-75634aaec722,0.5329797267913818,0.9998996958085796,K
116,0debc7e8-5ed2-4125-b716-64b3a4f39967,0.5278139710426331,0.9998996954752797,K
116,1ac0d7d0-10c2-4768-b9b6-a6f2237cdce2,0.5278139710426331,0.9997833228945422,K
116,906ba882-a75b-4b06-b7e5-43e922996436,0.5278139710426331,0.9997833227001398,K
116,a9bb2c9e-48b4-4d3d-828d-7720cc91736c,0.5278139710426331,0.9997833230611727,K
116,36c73944-279a-4a62-8d0a-10835ec8e2e1,0.5187922716140747,0.9995684747726938,K
116,64d7fae9-2134-48f0-b73c-c5fac7c2ce7c,0.5187922716140747,0.9995684751336491,K
116,8208dc7c-177c-4098-b7ff-a6739ee7bbee,0.5187922716140747,0.9995684749670544,K
116,ef27b25f-b672-4196-9193-4dc687dbd36b,0.5187922716140747,0.9995684753002438,K
116,6841c779-ee17-4525-ac8c-088efb4c6490,0.5182243585586548,0.9998996959196795,K
116,c1a353d7-3410-423f-a5b6-e8ae74d88982,0.5182243585586548,0.9998996955586047,K
116,e09859a9-a1f9-4a70-ae40-b417898134eb,0.5182243585586548,0.9998996957530296,K
116,47a820b2-eeb4-4a8a-8dfc-b5f66ccab71f,0.5141110420227051,0.9998996961418795,K
116,63b0f26c-ddac-40e9-bee6-6517ca864f23,0.5114408135414124,0.9996913060724447,K
116,b6de1ffc-37fe-4edd-b614-200a1911c778,0.5114408135414124,0.9996913057114452,K
116,c85695ff-9ba6-47f4-820e-a0bffb299ffe,0.5114408135414124,0.999783322561281,K
116,d2e22f98-6839-440b-9905-ba7e3c2cfe8c,0.5114408135414124,0.9996913058780603,K
117,300c6207-208a-48f7-a43a-0b3c055e15c9,0.820835292339325,0.9996616493923706,K
117,6dfca794-82da-4db6-96d1-507ac2e91d37,0.820835292339325,0.9996616497533595,K
117,9332e339-1d5d-496c-b128-6011bc520c24,0.820835292339325,0.9996616495867493,K
117,efa30fb9-5267-4970-b16d-7fc40b1ca487,0.820835292339325,0.9996616499755065,K
117,1d084051-3163-4156-a4a9-da839fd639da,0.5829893350601196,0.9998783091549316,K
117,1f877424-2615-461d-b608-9954018b9105,0.5829893350601196,0.999878309738194,K
117,8afe65a8-2bff-4f17-af23-85c807a7ad9d,0.5829893350601196,0.9998783095159988,K
117,c706f66b-108c-450d-93ac-a1cc6dedca0f,0.5829893350601196,0.9998783093215781,K
117,6841c779-ee17-4525-ac8c-088efb4c6490,0.5795076489448547,0.99987830946045,K
117,c1a353d7-3410-423f-a5b6-e8ae74d88982,0.5795076489448547,0.9998783090993828,K
117,e09859a9-a1f9-4a70-ae40-b417898134eb,0.5795076489448547,0.9998783092938036,K
117,47a820b2-eeb4-4a8a-8dfc-b5f66ccab71f,0.5746927261352539,0.9998783096826452,K
117,63b0f26c-ddac-40e9-bee6-6517ca864f23,0.5562667846679688,0.9998783095715476,K
117,b6de1ffc-37fe-4edd-b614-200a1911c778,0.5562667846679688,0.9998783092104804,K
117,c85695ff-9ba6-47f4-820e-a0bffb299ffe,0.5562667846679688,0.999878309043834,K
117,d2e22f98-6839-440b-9905-ba7e3c2cfe8c,0.5562667846679688,0.9998783094049012,K
117,0debc7e8-5ed2-4125-b716-64b3a4f39967,0.5290985107421875,0.9998783090160597,K
117,1ac0d7d0-10c2-4768-b9b6-a6f2237cdce2,0.5290985107421875,0.9998783093771269,K
117,906ba882-a75b-4b06-b7e5-43e922996436,0.5290985107421875,0.999878309182706,K
117,a9bb2c9e-48b4-4d3d-828d-7720cc91736c,0.5290985107421875,0.9998783095715476,K
117,72bc8697-9933-4e81-bb39-a9808290ae9b,0.5096231698989868,0.999878309599322,K
117,94fce027-d293-4c63-a5f7-7c0cbb784f7b,0.5096231698989868,0.9998783092382548,K
117,99b1cfd5-5dac-4190-a367-19db09afe67b,0.5096231698989868,0.9998783094326756,K
117,f60af4d8-de22-4d30-9a25-ef9dce89971d,0.5096231698989868,0.9998783090716085,K
117,36c73944-279a-4a62-8d0a-10835ec8e2e1,0.50947505235672,0.9998783090716085,K
117,64d7fae9-2134-48f0-b73c-c5fac7c2ce7c,0.50947505235672,0.99987830946045,K
117,8208dc7c-177c-4098-b7ff-a6739ee7bbee,0.50947505235672,0.9998783092660293,K
117,ef27b25f-b672-4196-9193-4dc687dbd36b,0.50947505235672,0.9998783096270963,K
118,47a820b2-eeb4-4a8a-8dfc-b5f66ccab71f,0.8496209979057312,0.9998705166059206,K
118,6841c779-ee17-4525-ac8c-088efb4c6490,0.8476842045783997,0.9998705163837271,K
118,c1a353d7-3410-423f-a5b6-e8ae74d88982,0.8476842045783997,0.9998705160226627,K
118,e09859a9-a1f9-4a70-ae40-b417898134eb,0.8476842045783997,0.9998705161893079,K
118,300c6207-208a-48f7-a43a-0b3c055e15c9,0.6022201180458069,0.999870516050437,K
118,6dfca794-82da-4db6-96d1-507ac2e91d37,0.6022201180458069,0.9998705164115014,K
118,9332e339-1d5d-496c-b128-6011bc520c24,0.6022201180458069,0.9998705162170821,K
118,efa30fb9-5267-4970-b16d-7fc40b1ca487,0.6022201180458069,0.9998705166336948,K
118,0debc7e8-5ed2-4125-b716-64b3a4f39967,0.5692237019538879,0.9998705159393403,K
118,1ac0d7d0-10c2-4768-b9b6-a6f2237cdce2,0.5692237019538879,0.9998705163004046,K
118,906ba882-a75b-4b06-b7e5-43e922996436,0.5692237019538879,0.9998705161059853,K
118,a9bb2c9e-48b4-4d3d-828d-7720cc91736c,0.5692237019538879,0.9998705164948238,K
118,1d084051-3163-4156-a4a9-da839fd639da,0.5679241418838501,0.9998705160782112,K
118,1f877424-2615-461d-b608-9954018b9105,0.5679241418838501,0.999870516661469,K
118,8afe65a8-2bff-4f17-af23-85c807a7ad9d,0.5679241418838501,0.9998705164392755,K
118,c706f66b-108c-450d-93ac-a1cc6dedca0f,0.5679241418838501,0.9998705162448562,K
118,da8fb148-f8f9-4223-ba3f-26c6ce30dc0c,0.5679241418838501,0.9998705158837919,K
118,63b0f26c-ddac-40e9-bee6-6517ca864f23,0.5088074207305908,0.9998705164948238,K
118,b6de1ffc-37fe-4edd-b614-200a1911c778,0.5088074207305908,0.9998705161337595,K
118,c85695ff-9ba6-47f4-820e-a0bffb299ffe,0.5088074207305908,0.9998705159393403,K
118,d2e22f98-6839-440b-9905-ba7e3c2cfe8c,0.5088074207305908,0.9998705163281788,K
119,36c73944-279a-4a62-8d0a-10835ec8e2e1,0.8494401574134827,0.9997609238888049,K
119,64d7fae9-2134-48f0-b73c-c5fac7c2ce7c,0.8494401574134827,0.9997609242220584,K
119,8208dc7c-177c-4098-b7ff-a6739ee7bbee,0.8494401574134827,0.9997609240554316,K
119,ef27b25f-b672-4196-9193-4dc687dbd36b,0.8494401574134827,0.9997609244164565,K
119,1d084051-3163-4156-a4a9-da839fd639da,0.6296939253807068,0.999890403561684,K
119,1f877424-2615-461d-b608-9954018b9105,0.6296939253807068,0.9998904041449534,K
119,8afe65a8-2bff-4f17-af23-85c807a7ad9d,0.6296939253807068,0.9998904039227555,K
119,c706f66b-108c-450d-93ac-a1cc6dedca0f,0.6296939253807068,0.9998904037561072,K
119,da8fb148-f8f9-4223-ba3f-26c6ce30dc0c,0.6296939253807068,0.9998904033950357,K
119,0154a54e-d1f0-4d9a-9418-4baffc396204,0.5595651268959045,0.9990817088598282,K
119,0c97e95c-5616-4c67-a3bd-399eba330b80,0.5595651268959045,0.999081709054094,K
119,298ef311-ba49-4a2d-bade-afa8afabce89,0.5595651268959045,0.9990817098311576,K
119,34432c50-68cc-414b-99a0-276ad2c65e56,0.5595651268959045,0.9990817092761122,K
119,aa5e3739-499b-46a9-9313-a9fb000f12a6,0.5595651268959045,0.9990817094426259,K
119,ac37a538-4d7d-47c5-a7f2-4b09b2736183,0.5595651268959045,0.9990817083047827,K
119,bcdce8a0-f6e1-41bc-bf9f-5de570b066a7,0.5595651268959045,0.9990817084990486,K
119,e964df06-0f65-4317-8001-1fa1e0c9b288,0.5595651268959045,0.9990817096368917,K
119,f0a74561-32d0-43ed-9ce0-6e173b948c68,0.5595651268959045,0.9990817086933146,K
119,72bc8697-9933-4e81-bb39-a9808290ae9b,0.5440406799316406,0.9997609243886852,K
119,94fce027-d293-4c63-a5f7-7c0cbb784f7b,0.5440406799316406,0.9997609240276605,K
119,99b1cfd5-5dac-4190-a367-19db09afe67b,0.5440406799316406,0.9997609242220584,K
119,f60af4d8-de22-4d30-9a25-ef9dce89971d,0.5440406799316406,0.9997609238610337,K
119,0debc7e8-5ed2-4125-b716-64b3a4f39967,0.5403101444244385,0.9998904034228103,K
119,1ac0d7d0-10c2-4768-b9b6-a6f2237cdce2,0.5403101444244385,0.9998904037838819,K
119,906ba882-a75b-4b06-b7e5-43e922996436,0.5403101444244385,0.9998904036172335,K
119,a9bb2c9e-48b4-4d3d-828d-7720cc91736c,0.5403101444244385,0.9998904039783051,K
119,63b0f26c-ddac-40e9-bee6-6517ca864f23,0.5336639285087585,0.9998904039783051,K
119,b6de1ffc-37fe-4edd-b614-200a1911c778,0.5336639285087585,0.9998904036450083,K
119,c85695ff-9ba6-47f4-820e-a0bffb299ffe,0.5336639285087585,0.9998904034505851,K
119,d2e22f98-6839-440b-9905-ba7e3c2cfe8c,0.5336639285087585,0.9998904038116566,K
119,6841c779-ee17-4525-ac8c-088efb4c6490,0.5223605036735535,0.9998904038672061,K
119,c1a353d7-3410-423f-a5b6-e8ae74d88982,0.5223605036735535,0.9998904035339093,K
119,e09859a9-a1f9-4a70-ae40-b417898134eb,0.5223605036735535,0.9998904037005577,K
119,47a820b2-eeb4-4a8a-8dfc-b5f66ccab71f,0.5180173516273499,0.9998904041171787,K
120,72bc8697-9933-4e81-bb39-a9808290ae9b,0.8482803702354431,0.9998616349899877,K
120,94fce027-d293-4c63-a5f7-7c0cbb784f7b,0.8482803702354431,0.9998616346567005,K
120,99b1cfd5-5dac-4190-a367-19db09afe67b,0.8482803702354431,0.9998616348233441,K
120,f60af4d8-de22-4d30-9a25-ef9dce89971d,0.8482803702354431,0.9998616344900569,K
120,1d084051-3163-4156-a4a9-da839fd639da,0.6961509585380554,0.9998616345733787,K
120,1f877424-2615-461d-b608-9954018b9105,0.6961509585380554,0.9998616351288574,K
120,8afe65a8-2bff-4f17-af23-85c807a7ad9d,0.6961509585380554,0.9998616349066659,K
120,c706f66b-108c-450d-93ac-a1cc6dedca0f,0.6961509585380554,0.9998616347400223,K
120,da8fb148-f8f9-4223-ba3f-26c6ce30dc0c,0.6961509585380554,0.9998616344067351,K
120,63b0f26c-ddac-40e9-bee6-6517ca864f23,0.5721427202224731,0.9998616349899877,K
120,b6de1ffc-37fe-4edd-b614-200a1911c778,0.5721427202224731,0.9998616346289266,K
120,c85695ff-9ba6-47f4-820e-a0bffb299ffe,0.5721427202224731,0.999861634462283,K
120,d2e22f98-6839-440b-9905-ba7e3c2cfe8c,0.5721427202224731,0.9998616347955702,K
120,0debc7e8-5ed2-4125-b716-64b3a4f39967,0.5541900396347046,0.999861634462283,K
120,1ac0d7d0-10c2-4768-b9b6-a6f2237cdce2,0.5541900396347046,0.9998616347955702,K
120,906ba882-a75b-4b06-b7e5-43e922996436,0.5541900396347046,0.9998616346289266,K
120,a9bb2c9e-48b4-4d3d-828d-7720cc91736c,0.5541900396347046,0.9998616349622138,K
120,2ff479fb-dd9f-4c79-82f4-9cd7019bd800,0.5363128781318665,0.9997520404414986,K
120,300c6207-208a-48f7-a43a-0b3c055e15c9,0.5363128781318665,0.999752040608124,K
120,6dfca794-82da-4db6-96d1-507ac2e91d37,0.5363128781318665,0.9997520409413746,K
120,9332e339-1d5d-496c-b128-6011bc520c24,0.5363128781318665,0.9997520407747492,K
120,efa30fb9-5267-4970-b16d-7fc40b1ca487,0.5363128781318665,0.9997520411635417,K
120,36c73944-279a-4a62-8d0a-10835ec8e2e1,0.5230464935302734,0.9998616345178308,K
120,64d7fae9-2134-48f0-b73c-c5fac7c2ce7c,0.5230464935302734,0.9998616348511181,K
120,8208dc7c-177c-4098-b7ff-a6739ee7bbee,0.5230464935302734,0.9998616346844744,K
120,ef27b25f-b672-4196-9193-4dc687dbd36b,0.5230464935302734,0.9998616350177617,K
120,47a820b2-eeb4-4a8a-8dfc-b5f66ccab71f,0.5106146931648254,0.9998616350733096,K
120,9475373e-a86d-478d-9cb2-3979e3f70cd2,0.5093755125999451,0.9995009204427658,K
120,58eb5d03-af83-42fe-9424-e28f888aef6d,0.5077586770057678,0.9998616343789613,K
120,6841c779-ee17-4525-ac8c-088efb4c6490,0.5077586770057678,0.999861634878892,K
120,c1a353d7-3410-423f-a5b6-e8ae74d88982,0.5077586770057678,0.9998616345456048,K
120,e09859a9-a1f9-4a70-ae40-b417898134eb,0.5077586770057678,0.9998616347122484,K
120,25f4d028-767b-4909-a996-951109ff7855,0.5056470036506653,0.9995009202761823,K
121,63b0f26c-ddac-40e9-bee6-6517ca864f23,0.8267097473144531,0.9998621512520119,K
121,b6de1ffc-37fe-4edd-b614-200a1911c778,0.8267097473144531,0.9998621508631766,K
121,c85695ff-9ba6-47f4-820e-a0bffb299ffe,0.8267097473144531,0.9998621506687589,K
121,d2e22f98-6839-440b-9905-ba7e3c2cfe8c,0.8267097473144531,0.9998621510575942,K
121,1d084051-3163-4156-a4a9-da839fd639da,0.5596827864646912,0.9998621507798547,K
121,1f877424-2615-461d-b608-9954018b9105,0.5596827864646912,0.9998621513908816,K
121,8afe65a8-2bff-4f17-af23-85c807a7ad9d,0.5596827864646912,0.99986215116869,K
121,c706f66b-108c-450d-93ac-a1cc6dedca0f,0.5596827864646912,0.9998621509742724,K
121,da8fb148-f8f9-4223-ba3f-26c6ce30dc0c,0.5596827864646912,0.9998621505854371,K
122,3c4386c1-c2c6-4b89-820f-085efbbb4b94,0.6436083912849426,0.9999044834786601,K
122,d7303af9-9461-4b75-922f-76bfbb0efbca,0.6165662407875061,0.9961169628397012,K
122,36c73944-279a-4a62-8d0a-10835ec8e2e1,0.5026421546936035,0.9997666357336774,K
122,40964617-6fc9-41ae-9c48-107db425ad06,0.5026421546936035,0.9997666355670496,K
122,64d7fae9-2134-48f0-b73c-c5fac7c2ce7c,0.5026421546936035,0.999766636066933,K
122,8208dc7c-177c-4098-b7ff-a6739ee7bbee,0.5026421546936035,0.9997666359003051,K
122,ef27b25f-b672-4196-9193-4dc687dbd36b,0.5026421546936035,0.999766636261332,K
123,9475373e-a86d-478d-9cb2-3979e3f70cd2,0.7736961245536804,0.9996057728390673,K
123,25f4d028-767b-4909-a996-951109ff7855,0.7718667387962341,0.9996057726724663,K
123,cd88c861-2506-40b8-9171-75634aaec722,0.7656750679016113,0.9991068805965406,K
123,3681387f-66db-44e2-b8cc-dec3029d648e,0.7603673338890076,0.9991068807630584,K
123,1d084051-3163-4156-a4a9-da839fd639da,0.6319113373756409,0.9997435967658181,K
123,1f877424-2615-461d-b608-9954018b9105,0.6319113373756409,0.9997435973212312,K
123,8afe65a8-2bff-4f17-af23-85c807a7ad9d,0.6319113373756409,0.9997435970990659,K
123,c706f66b-108c-450d-93ac-a1cc6dedca0f,0.6319113373756409,0.9997435969324421,K
123,da8fb148-f8f9-4223-ba3f-26c6ce30dc0c,0.6319113373756409,0.9997435965991942,K
123,72bc8697-9933-4e81-bb39-a9808290ae9b,0.5577290654182434,0.9996057732555698,K
123,94fce027-d293-4c63-a5f7-7c0cbb784f7b,0.5577290654182434,0.999605772894601,K
123,99b1cfd5-5dac-4190-a367-19db09afe67b,0.5577290654182434,0.9996057730612019,K
123,e1b018cb-72c1-4763-a79a-f650bb9dd371,0.5577290654182434,0.9997435965158822,K
123,f60af4d8-de22-4d30-9a25-ef9dce89971d,0.5577290654182434,0.999605772728,K
123,58eb5d03-af83-42fe-9424-e28f888aef6d,0.5084040760993958,0.9996057725891658,K
123,6841c779-ee17-4525-ac8c-088efb4c6490,0.5084040760993958,0.9996057731167356,K
123,c1a353d7-3410-423f-a5b6-e8ae74d88982,0.5084040760993958,0.9996057727835337,K
123,e09859a9-a1f9-4a70-ae40-b417898134eb,0.5084040760993958,0.9996057729501346,K
123,47a820b2-eeb4-4a8a-8dfc-b5f66ccab71f,0.5069645047187805,0.9996057733388702,K
124,1d084051-3163-4156-a4a9-da839fd639da,0.9156350493431091,0.9998866176504867,K
124,1f877424-2615-461d-b608-9954018b9105,0.9156350493431091,0.9998866182337539,K
124,8afe65a8-2bff-4f17-af23-85c807a7ad9d,0.9156350493431091,0.9998866180115569,K
124,c706f66b-108c-450d-93ac-a1cc6dedca0f,0.9156350493431091,0.9998866178449091,K
124,da8fb148-f8f9-4223-ba3f-26c6ce30dc0c,0.9156350493431091,0.999886617483839,K
124,72bc8697-9933-4e81-bb39-a9808290ae9b,0.6493911147117615,0.9998866180948808,K
124,94fce027-d293-4c63-a5f7-7c0cbb784f7b,0.6493911147117615,0.9998866177338106,K
124,99b1cfd5-5dac-4190-a367-19db09afe67b,0.6493911147117615,0.999886617928233,K
124,e1b018cb-72c1-4763-a79a-f650bb9dd371,0.6493911147117615,0.9998866174005151,K
124,f60af4d8-de22-4d30-9a25-ef9dce89971d,0.6493911147117615,0.9998866175671628,K
124,9475373e-a86d-478d-9cb2-3979e3f70cd2,0.5522940754890442,0.9998866176782614,K
124,25f4d028-767b-4909-a996-951109ff7855,0.5485419631004333,0.9998866175116136,K
124,3681387f-66db-44e2-b8cc-dec3029d648e,0.5446940064430237,0.9998866180393315,K
124,cd88c861-2506-40b8-9171-75634aaec722,0.5329797267913818,0.9998866178726837,K
124,0debc7e8-5ed2-4125-b716-64b3a4f39967,0.5278139710426331,0.9994924239991932,K
124,1ac0d7d0-10c2-4768-b9b6-a6f2237cdce2,0.5278139710426331,0.9994924243601211,K
124,906ba882-a75b-4b06-b7e5-43e922996436,0.5278139710426331,0.999492424193539,K
124,a9bb2c9e-48b4-4d3d-828d-7720cc91736c,0.5278139710426331,0.9998866180671061,K
124,36c73944-279a-4a62-8d0a-10835ec8e2e1,0.5187922716140747,0.9997257318683825,K
124,40964617-6fc9-41ae-9c48-107db425ad06,0.5187922716140747,0.9997257317017616,K
124,64d7fae9-2134-48f0-b73c-c5fac7c2ce7c,0.5187922716140747,0.9997257322293945,K
124,8208dc7c-177c-4098-b7ff-a6739ee7bbee,0.5187922716140747,0.9997257320350035,K
124,ef27b25f-b672-4196-9193-4dc687dbd36b,0.5187922716140747,0.9998866181226554,K
124,58eb5d03-af83-42fe-9424-e28f888aef6d,0.5182243585586548,0.9998866174282897,K
124,6841c779-ee17-4525-ac8c-088efb4c6490,0.5182243585586548,0.9998866179837823,K
124,c1a353d7-3410-423f-a5b6-e8ae74d88982,0.5182243585586548,0.9998866176227121,K
124,e09859a9-a1f9-4a70-ae40-b417898134eb,0.5182243585586548,0.9998866177893598,K
124,47a820b2-eeb4-4a8a-8dfc-b5f66ccab71f,0.5141110420227051,0.9998866181782047,K
124,b686f2f6-7c52-469c-85fb-1c9891c888ff,0.5141010284423828,0.9998866173449658,K
124,63b0f26c-ddac-40e9-bee6-6517ca864f23,0.5114408135414124,0.9996302329084858,K
124,682b264f-3c7f-424b-93f8-5b60d8359ecd,0.5114408135414124,0.9997257316462212,K
124,b6de1ffc-37fe-4edd-b614-200a1911c778,0.5114408135414124,0.9996302325475083,K
124,c85695ff-9ba6-47f4-820e-a0bffb299ffe,0.5114408135414124,0.9996302323531358,K
124,d2e22f98-6839-440b-9905-ba7e3c2cfe8c,0.5114408135414124,0.9996302327141133,K
125,2ff479fb-dd9f-4c79-82f4-9cd7019bd800,0.820835292339325,0.9993548953362126,K
125,300c6207-208a-48f7-a43a-0b3c055e15c9,0.820835292339325,0.9993548955027717,K
125,6dfca794-82da-4db6-96d1-507ac2e91d37,0.820835292339325,0.9993548958914097,K
125,9332e339-1d5d-496c-b128-6011bc520c24,0.820835292339325,0.9993548956970907,K
125,efa30fb9-5267-4970-b16d-7fc40b1ca487,0.820835292339325,0.9998624121327455,K
125,1d084051-3163-4156-a4a9-da839fd639da,0.5829893350601196,0.9998624115494925,K
125,1f877424-2615-461d-b608-9954018b9105,0.5829893350601196,0.9998624121605195,K
125,8afe65a8-2bff-4f17-af23-85c807a7ad9d,0.5829893350601196,0.9998624119105539,K
125,c706f66b-108c-450d-93ac-a1cc6dedca0f,0.5829893350601196,0.9998624117439102,K
125,da8fb148-f8f9-4223-ba3f-26c6ce30dc0c,0.5829893350601196,0.9998624113828487,K
125,58eb5d03-af83-42fe-9424-e28f888aef6d,0.5795076489448547,0.9998624113273008,K
125,6841c779-ee17-4525-ac8c-088efb4c6490,0.5795076489448547,0.9998624118827799,K
125,c1a353d7-3410-423f-a5b6-e8ae74d88982,0.5795076489448547,0.9998624115217185,K
125,e09859a9-a1f9-4a70-ae40-b417898134eb,0.5795076489448547,0.9998624116883623,K
125,47a820b2-eeb4-4a8a-8dfc-b5f66ccab71f,0.5746927261352539,0.9998624121049716,K
125,b686f2f6-7c52-469c-85fb-1c9891c888ff,0.567487895488739,0.999862411243979,K
125,63b0f26c-ddac-40e9-bee6-6517ca864f23,0.5562667846679688,0.9998624119938758,K
125,682b264f-3c7f-424b-93f8-5b60d8359ecd,0.5562667846679688,0.9998624112717529,K
125,b6de1ffc-37fe-4edd-b614-200a1911c778,0.5562667846679688,0.9998624116328143,K
125,c85695ff-9ba6-47f4-820e-a0bffb299ffe,0.5562667846679688,0.9998624114383967,K
125,d2e22f98-6839-440b-9905-ba7e3c2cfe8c,0.5562667846679688,0.9998624117994581,K
125,0debc7e8-5ed2-4125-b716-64b3a4f39967,0.5290985107421875,0.9998624114106227,K
125,1ac0d7d0-10c2-4768-b9b6-a6f2237cdce2,0.5290985107421875,0.9998624117716841,K
125,906ba882-a75b-4b06-b7e5-43e922996436,0.5290985107421875,0.9998624116050404,K
125,a9bb2c9e-48b4-4d3d-828d-7720cc91736c,0.5290985107421875,0.9998624119661018,K
125,72bc8697-9933-4e81-bb39-a9808290ae9b,0.5096231698989868,0.9998624120216497,K
125,94fce027-d293-4c63-a5f7-7c0cbb784f7b,0.5096231698989868,0.9998624116328143,K
125,99b1cfd5-5dac-4190-a367-19db09afe67b,0.5096231698989868,0.999862411827232,K
125,e1b018cb-72c1-4763-a79a-f650bb9dd371,0.5096231698989868,0.9998624112995269,K
125,f60af4d8-de22-4d30-9a25-ef9dce89971d,0.5096231698989868,0.9998624114661706,K
125,36c73944-279a-4a62-8d0a-10835ec8e2e1,0.50947505235672,0.9998624114939446,K
125,40964617-6fc9-41ae-9c48-107db425ad06,0.50947505235672,0.9998624112995269,K
125,64d7fae9-2134-48f0-b73c-c5fac7c2ce7c,0.50947505235672,0.999862411855006,K
125,8208dc7c-177c-4098-b7ff-a6739ee7bbee,0.50947505235672,0.9998624116605883,K
125,ef27b25f-b672-4196-9193-4dc687dbd36b,0.50947505235672,0.9998624120494237,K
126,47a820b2-eeb4-4a8a-8dfc-b5f66ccab71f,0.8496209979057312,0.9998565106011442,K
126,58eb5d03-af83-42fe-9424-e28f888aef6d,0.8476842045783997,0.9998565098790256,K
126,6841c779-ee17-4525-ac8c-088efb4c6490,0.8476842045783997,0.9998565103789538,K
126,c1a353d7-3410-423f-a5b6-e8ae74d88982,0.8476842045783997,0.9998565100456684,K
126,e09859a9-a1f9-4a70-ae40-b417898134eb,0.8476842045783997,0.9998565102123111,K
126,2ff479fb-dd9f-4c79-82f4-9cd7019bd800,0.6022201180458069,0.9998565098790256,K
126,300c6207-208a-48f7-a43a-0b3c055e15c9,0.6022201180458069,0.9998565100734422,K
126,6dfca794-82da-4db6-96d1-507ac2e91d37,0.6022201180458069,0.9998565104067277,K
126,9332e339-1d5d-496c-b128-6011bc520c24,0.6022201180458069,0.9998565102400849,K
126,efa30fb9-5267-4970-b16d-7fc40b1ca487,0.6022201180458069,0.999856510628918,K
126,0debc7e8-5ed2-4125-b716-64b3a4f39967,0.5692237019538879,0.999856509962347,K
126,1ac0d7d0-10c2-4768-b9b6-a6f2237cdce2,0.5692237019538879,0.9998565102956325,K
126,906ba882-a75b-4b06-b7e5-43e922996436,0.5692237019538879,0.9998565101289898,K
126,a9bb2c9e-48b4-4d3d-828d-7720cc91736c,0.5692237019538879,0.9998565104622753,K
126,1d084051-3163-4156-a4a9-da839fd639da,0.5679241418838501,0.9998565100734422,K
126,1f877424-2615-461d-b608-9954018b9105,0.5679241418838501,0.9998565106566918,K
126,86c4b60e-b525-4089-98ee-9e045d77d805,0.5679241418838501,0.9998565097401567,K
126,8afe65a8-2bff-4f17-af23-85c807a7ad9d,0.5679241418838501,0.9998565104345015,K
126,c706f66b-108c-450d-93ac-a1cc6dedca0f,0.5679241418838501,0.9998565102678587,K
126,da8fb148-f8f9-4223-ba3f-26c6ce30dc0c,0.5679241418838501,0.9998565099067994,K
126,b686f2f6-7c52-469c-85fb-1c9891c888ff,0.5605583190917969,0.9998565097957043,K
126,63b0f26c-ddac-40e9-bee6-6517ca864f23,0.5088074207305908,0.9998565104900491,K
126,682b264f-3c7f-424b-93f8-5b60d8359ecd,0.5088074207305908,0.9998565097957043,K
126,b6de1ffc-37fe-4edd-b614-200a1911c778,0.5088074207305908,0.9998565101567636,K
126,c85695ff-9ba6-47f4-820e-a0bffb299ffe,0.5088074207305908,0.9998565099901208,K
126,d2e22f98-6839-440b-9905-ba7e3c2cfe8c,0.5088074207305908,0.9998565103234063,K
127,36c73944-279a-4a62-8d0a-10835ec8e2e1,0.8494401574134827,0.999731722076293,K
127,40964617-6fc9-41ae-9c48-107db425ad06,0.8494401574134827,0.9997317219096711,K
127,64d7fae9-2134-48f0-b73c-c5fac7c2ce7c,0.8494401574134827,0.999731722409537,K
127,8208dc7c-177c-4098-b7ff-a6739ee7bbee,0.8494401574134827,0.9997317222429151,K
127,ef27b25f-b672-4196-9193-4dc687dbd36b,0.8494401574134827,0.9998752054263796,K
127,1d084051-3163-4156-a4a9-da839fd639da,0.6296939253807068,0.9998752049542163,K
127,1f877424-2615-461d-b608-9954018b9105,0.6296939253807068,0.9998752055097025,K
127,86c4b60e-b525-4089-98ee-9e045d77d805,0.6296939253807068,0.9998752046209246,K
127,8afe65a8-2bff-4f17-af23-85c807a7ad9d,0.6296939253807068,0.9998752053152823,K
127,c706f66b-108c-450d-93ac-a1cc6dedca0f,0.6296939253807068,0.9998752051208621,K
127,da8fb148-f8f9-4223-ba3f-26c6ce30dc0c,0.6296939253807068,0.9998752047875704,K
127,b686f2f6-7c52-469c-85fb-1c9891c888ff,0.585988461971283,0.9998752046486988,K
127,0154a54e-d1f0-4d9a-9418-4baffc396204,0.5595651268959045,0.9989485300989468,K
127,0c97e95c-5616-4c67-a3bd-399eba330b80,0.5595651268959045,0.9989485302931868,K
127,298ef311-ba49-4a2d-bade-afa8afabce89,0.5595651268959045,0.9989485310701467,K
127,34432c50-68cc-414b-99a0-276ad2c65e56,0.5595651268959045,0.9989485304874267,K
127,aa5e3739-499b-46a9-9313-a9fb000f12a6,0.5595651268959045,0.9989485306816668,K
127,ac37a538-4d7d-47c5-a7f2-4b09b2736183,0.5595651268959045,0.9989485295717239,K
127,bcdce8a0-f6e1-41bc-bf9f-5de570b066a7,0.5595651268959045,0.9989485297382154,K
127,e964df06-0f65-4317-8001-1fa1e0c9b288,0.5595651268959045,0.9989485308759067,K
127,f0a74561-32d0-43ed-9ce0-6e173b948c68,0.5595651268959045,0.9989485299324553,K
127,72bc8697-9933-4e81-bb39-a9808290ae9b,0.5440406799316406,0.9998752053986053,K
127,94fce027-d293-4c63-a5f7-7c0cbb784f7b,0.5440406799316406,0.9997317222151447,K
127,99b1cfd5-5dac-4190-a367-19db09afe67b,0.5440406799316406,0.999731722409537,K
127,e1b018cb-72c1-4763-a79a-f650bb9dd371,0.5440406799316406,0.9997317218819007,K
127,f60af4d8-de22-4d30-9a25-ef9dce89971d,0.5440406799316406,0.9997317220485228,K
127,0debc7e8-5ed2-4125-b716-64b3a4f39967,0.5403101444244385,0.9998752048153448,K
127,1ac0d7d0-10c2-4768-b9b6-a6f2237cdce2,0.5403101444244385,0.9998752051764108,K
127,906ba882-a75b-4b06-b7e5-43e922996436,0.5403101444244385,0.9998752050097649,K
127,a9bb2c9e-48b4-4d3d-828d-7720cc91736c,0.5403101444244385,0.9998752053430566,K
127,63b0f26c-ddac-40e9-bee6-6517ca864f23,0.5336639285087585,0.999875205370831,K
127,682b264f-3c7f-424b-93f8-5b60d8359ecd,0.5336639285087585,0.9998752046764732,K
127,b6de1ffc-37fe-4edd-b614-200a1911c778,0.5336639285087585,0.9998752050097649,K
127,c85695ff-9ba6-47f4-820e-a0bffb299ffe,0.5336639285087585,0.9998752048431191,K
127,d2e22f98-6839-440b-9905-ba7e3c2cfe8c,0.5336639285087585,0.999875205204185,K
127,58eb5d03-af83-42fe-9424-e28f888aef6d,0.5223605036735535,0.9998752047320218,K
127,6841c779-ee17-4525-ac8c-088efb4c6490,0.5223605036735535,0.9998752052597337,K
127,c1a353d7-3410-423f-a5b6-e8ae74d88982,0.5223605036735535,0.9998752048986677,K
127,e09859a9-a1f9-4a70-ae40-b417898134eb,0.5223605036735535,0.9998752050930878,K
127,47a820b2-eeb4-4a8a-8dfc-b5f66ccab71f,0.5180173516273499,0.9998752054819282,K
128,72bc8697-9933-4e81-bb39-a9808290ae9b,0.8482803702354431,0.9998468076240394,K
128,94fce027-d293-4c63-a5f7-7c0cbb784f7b,0.8482803702354431,0.9998468072629836,K
128,99b1cfd5-5dac-4190-a367-19db09afe67b,0.8482803702354431,0.9998468074573983,K
128,e1b018cb-72c1-4763-a79a-f650bb9dd371,0.8482803702354431,0.9998468069297014,K
128,f60af4d8-de22-4d30-9a25-ef9dce89971d,0.8482803702354431,0.9998468070963425,K
128,1d084051-3163-4156-a4a9-da839fd639da,0.6961509585380554,0.999846807179663,K
128,1f877424-2615-461d-b608-9954018b9105,0.6961509585380554,0.9998468077351335,K
128,86c4b60e-b525-4089-98ee-9e045d77d805,0.6961509585380554,0.9998468068463808,K
128,8afe65a8-2bff-4f17-af23-85c807a7ad9d,0.6961509585380554,0.9998468075407189,K
128,c706f66b-108c-450d-93ac-a1cc6dedca0f,0.6961509585380554,0.9998468073463042,K
128,da8fb148-f8f9-4223-ba3f-26c6ce30dc0c,0.6961509585380554,0.999846807013022,K
128,63b0f26c-ddac-40e9-bee6-6517ca864f23,0.5721427202224731,0.9998468075962659,K
128,682b264f-3c7f-424b-93f8-5b60d8359ecd,0.5721427202224731,0.9998468069019278,K
128,b6de1ffc-37fe-4edd-b614-200a1911c778,0.5721427202224731,0.9998468072629836,K
128,c85695ff-9ba6-47f4-820e-a0bffb299ffe,0.5721427202224731,0.9998468070963425,K
128,d2e22f98-6839-440b-9905-ba7e3c2cfe8c,0.5721427202224731,0.9998468074296247,K
128,0debc7e8-5ed2-4125-b716-64b3a4f39967,0.5541900396347046,0.999846807068569,K
128,1ac0d7d0-10c2-4768-b9b6-a6f2237cdce2,0.5541900396347046,0.9998468074018513,K
128,906ba882-a75b-4b06-b7e5-43e922996436,0.5541900396347046,0.9998468072352101,K
128,a9bb2c9e-48b4-4d3d-828d-7720cc91736c,0.5541900396347046,0.9998468075684924,K
128,2ff479fb-dd9f-4c79-82f4-9cd7019bd800,0.5363128781318665,0.999722018227428,K
128,300c6207-208a-48f7-a43a-0b3c055e15c9,0.5363128781318665,0.9997220184218184,K
128,6dfca794-82da-4db6-96d1-507ac2e91d37,0.5363128781318665,0.9997220187550591,K
128,6f20b7e3-94dc-4983-827e-d8d549f645f9,0.5363128781318665,0.9997220180608076,K
128,9332e339-1d5d-496c-b128-6011bc520c24,0.5363128781318665,0.9997220185884388,K
128,efa30fb9-5267-4970-b16d-7fc40b1ca487,0.5363128781318665,0.9998468077351335,K
128,36c73944-279a-4a62-8d0a-10835ec8e2e1,0.5230464935302734,0.999846807124116,K
128,40964617-6fc9-41ae-9c48-107db425ad06,0.5230464935302734,0.9998468069297014,K
128,64d7fae9-2134-48f0-b73c-c5fac7c2ce7c,0.5230464935302734,0.9998468074573983,K
128,8208dc7c-177c-4098-b7ff-a6739ee7bbee,0.5230464935302734,0.9998468072907571,K
128,ef27b25f-b672-4196-9193-4dc687dbd36b,0.5230464935302734,0.999846807651813,K
128,b686f2f6-7c52-469c-85fb-1c9891c888ff,0.5172522068023682,0.9998468068741543,K
128,47a820b2-eeb4-4a8a-8dfc-b5f66ccab71f,0.5106146931648254,0.99984680770736,K
128,9475373e-a86d-478d-9cb2-3979e3f70cd2,0.5093755125999451,0.9994410139020856,K
128,58eb5d03-af83-42fe-9424-e28f888aef6d,0.5077586770057678,0.9998468069852484,K
128,6841c779-ee17-4525-ac8c-088efb4c6490,0.5077586770057678,0.9998468074851719,K
128,c1a353d7-3410-423f-a5b6-e8ae74d88982,0.5077586770057678,0.9998468071518896,K
128,c26945e7-b4b0-486d-9c66-3ea49dc7e3c2,0.5077586770057678,0.9998468067908337,K
128,e09859a9-a1f9-4a70-ae40-b417898134eb,0.5077586770057678,0.9998468073185307,K
128,25f4d028-767b-4909-a996-951109ff7855,0.5056470036506653,0.9994410137355122,K
128,361d5d03-9ade-456d-81b0-0fc5ffa89d48,0.5056470036506653,0.9994410135411764,K
129,63b0f26c-ddac-40e9-bee6-6517ca864f23,0.8267097473144531,0.9998459901940613,K
129,682b264f-3c7f-424b-93f8-5b60d8359ecd,0.8267097473144531,0.9998459894441768,K
129,b6de1ffc-37fe-4edd-b614-200a1911c778,0.8267097473144531,0.9998459898330058,K
129,c85695ff-9ba6-47f4-820e-a0bffb299ffe,0.8267097473144531,0.9998459896385913,K
129,d2e22f98-6839-440b-9905-ba7e3c2cfe8c,0.8267097473144531,0.9998459899996468,K
129,1d084051-3163-4156-a4a9-da839fd639da,0.5596827864646912,0.9998459897496853,K
129,1f877424-2615-461d-b608-9954018b9105,0.5596827864646912,0.9998459903329288,K
129,86c4b60e-b525-4089-98ee-9e045d77d805,0.5596827864646912,0.9998459893886298,K
129,8afe65a8-2bff-4f17-af23-85c807a7ad9d,0.5596827864646912,0.9998459901107408,K
129,c706f66b-108c-450d-93ac-a1cc6dedca0f,0.5596827864646912,0.9998459899440998,K
129,da8fb148-f8f9-4223-ba3f-26c6ce30dc0c,0.5596827864646912,0.9998459895552708,K
129,b686f2f6-7c52-469c-85fb-1c9891c888ff,0.5271152257919312,0.9998459894441768,K
130,0debc7e8-5ed2-4125-b716-64b3a4f39967,0.8579314947128296,0.9997332993764915,K
130,1ac0d7d0-10c2-4768-b9b6-a6f2237cdce2,0.8579314947128296,0.9997332997375064,K
130,906ba882-a75b-4b06-b7e5-43e922996436,0.8579314947128296,0.9997332995431137,K
130,a9bb2c9e-48b4-4d3d-828d-7720cc91736c,0.8579314947128296,0.9998873070725472,K
130,0669c654-0e61-4305-9c11-628f4bb60eb3,0.5500541925430298,0.9979525720403826,K
130,413700d8-5c2a-411a-b178-e9feab0472cc,0.5500541925430298,0.9979525722344289,K
130,67289dc1-1026-437b-a82e-a5f229e5e061,0.5500541925430298,0.9979525718186153,K
130,88ffad9c-4295-4db8-b5dd-6d81a9f5ab51,0.5500541925430298,0.9979525726779634,K
130,b125b0e7-1b0c-49ac-89e1-0d800b56863b,0.5500541925430298,0.9979525716522899,K
130,b6fa95ef-d7a6-4fb5-ab74-e713d5925479,0.5500541925430298,0.9979525728442888,K
130,ea4ebcb4-f0de-4f3b-938d-f867a49d747c,0.5500541925430298,0.9979525730383352,K
130,fd45aa2b-376a-4e19-820a-b5d25f8b23ca,0.5500541925430298,0.9979525714582436,K
130,2ff479fb-dd9f-4c79-82f4-9cd7019bd800,0.5361892580986023,0.9997332992931804,K
130,300c6207-208a-48f7-a43a-0b3c055e15c9,0.5361892580986023,0.999733299487573,K
130,6dfca794-82da-4db6-96d1-507ac2e91d37,0.5361892580986023,0.9997332998485878,K
130,6f20b7e3-94dc-4983-827e-d8d549f645f9,0.5361892580986023,0.9997332991265582,K
130,9332e339-1d5d-496c-b128-6011bc520c24,0.5361892580986023,0.9997332996541952,K
130,efa30fb9-5267-4970-b16d-7fc40b1ca487,0.5361892580986023,0.9998873072391952,K
130,1d084051-3163-4156-a4a9-da839fd639da,0.5262777805328369,0.9998873066837022,K
130,1f877424-2615-461d-b608-9954018b9105,0.5262777805328369,0.9998873072669698,K
130,86c4b60e-b525-4089-98ee-9e045d77d805,0.5262777805328369,0.9998873063226318,K
130,8afe65a8-2bff-4f17-af23-85c807a7ad9d,0.5262777805328369,0.9998873070447726,K
130,c706f66b-108c-450d-93ac-a1cc6dedca0f,0.5262777805328369,0.9998873068503501,K
130,da8fb148-f8f9-4223-ba3f-26c6ce30dc0c,0.5262777805328369,0.9998873064892797,K
130,58eb5d03-af83-42fe-9424-e28f888aef6d,0.5176063776016235,0.99973329926541,K
130,6841c779-ee17-4525-ac8c-088efb4c6490,0.5176063776016235,0.9997332998208174,K
130,c1a353d7-3410-423f-a5b6-e8ae74d88982,0.5176063776016235,0.9997332994598026,K
130,c26945e7-b4b0-486d-9c66-3ea49dc7e3c2,0.5176063776016235,0.9997332990987878,K
130,e09859a9-a1f9-4a70-ae40-b417898134eb,0.5176063776016235,0.9997332996541952,K
130,47a820b2-eeb4-4a8a-8dfc-b5f66ccab71f,0.5175493955612183,0.9997333000429803,K
131,9475373e-a86d-478d-9cb2-3979e3f70cd2,0.7736961245536804,0.9995974817544366,K
131,25f4d028-767b-4909-a996-951109ff7855,0.7718667387962341,0.9995974815600704,K
131,361d5d03-9ade-456d-81b0-0fc5ffa89d48,0.7718667387962341,0.9995974813934708,K
131,cd88c861-2506-40b8-9171-75634aaec722,0.7656750679016113,0.9990387092806847,K
131,3681387f-66db-44e2-b8cc-dec3029d648e,0.7603673338890076,0.9998641577829451,K
131,1d084051-3163-4156-a4a9-da839fd639da,0.6319113373756409,0.9998641573941092,K
131,1f877424-2615-461d-b608-9954018b9105,0.6319113373756409,0.9998641579773632,K
131,86c4b60e-b525-4089-98ee-9e045d77d805,0.6319113373756409,0.9998641570330471,K
131,8afe65a8-2bff-4f17-af23-85c807a7ad9d,0.6319113373756409,0.9998641577551711,K
131,c706f66b-108c-450d-93ac-a1cc6dedca0f,0.6319113373756409,0.9998641575607532,K
131,da8fb148-f8f9-4223-ba3f-26c6ce30dc0c,0.6319113373756409,0.9998641572274651,K
131,72bc8697-9933-4e81-bb39-a9808290ae9b,0.5577290654182434,0.9998641578384931,K
131,94fce027-d293-4c63-a5f7-7c0cbb784f7b,0.5577290654182434,0.9995974818099698,K
131,99b1cfd5-5dac-4190-a367-19db09afe67b,0.5577290654182434,0.999597482004336,K
131,b6251ff1-25d4-44ee-9495-599f1af13d7f,0.5577290654182434,0.9997514675004309,K
131,e1b018cb-72c1-4763-a79a-f650bb9dd371,0.5577290654182434,0.9995974814490041,K
131,f60af4d8-de22-4d30-9a25-ef9dce89971d,0.5577290654182434,0.9995974816433703,K
131,b686f2f6-7c52-469c-85fb-1c9891c888ff,0.534867525100708,0.9997514676670561,K
131,58eb5d03-af83-42fe-9424-e28f888aef6d,0.5084040760993958,0.9998641571719171,K
131,6841c779-ee17-4525-ac8c-088efb4c6490,0.5084040760993958,0.9998641576996231,K
131,c1a353d7-3410-423f-a5b6-e8ae74d88982,0.5084040760993958,0.9998641573385612,K
131,c26945e7-b4b0-486d-9c66-3ea49dc7e3c2,0.5084040760993958,0.9998641569774991,K
131,e09859a9-a1f9-4a70-ae40-b417898134eb,0.5084040760993958,0.9998641575329792,K
131,47a820b2-eeb4-4a8a-8dfc-b5f66ccab71f,0.5069645047187805,0.9998641579218152,K
132,1d084051-3163-4156-a4a9-da839fd639da,0.9156350493431091,0.9998786387259864,K
132,1f877424-2615-461d-b608-9954018b9105,0.9156350493431091,0.9998786392814746,K
132,86c4b60e-b525-4089-98ee-9e045d77d805,0.9156350493431091,0.9998786383926935,K
132,8afe65a8-2bff-4f17-af23-85c807a7ad9d,0.9156350493431091,0.9998786390870537,K
132,c706f66b-108c-450d-93ac-a1cc6dedca0f,0.9156350493431091,0.9998786388926328,K
132,da8fb148-f8f9-4223-ba3f-26c6ce30dc0c,0.9156350493431091,0.99987863855934,K
132,72bc8697-9933-4e81-bb39-a9808290ae9b,0.6493911147117615,0.9998786391703769,K
132,94fce027-d293-4c63-a5f7-7c0cbb784f7b,0.6493911147117615,0.9998786388093096,K
132,99b1cfd5-5dac-4190-a367-19db09afe67b,0.6493911147117615,0.9998786390037304,K
132,b6251ff1-25d4-44ee-9495-599f1af13d7f,0.6493911147117615,0.9998786383093703,K
132,e1b018cb-72c1-4763-a79a-f650bb9dd371,0.6493911147117615,0.9998786384760168,K
132,f60af4d8-de22-4d30-9a25-ef9dce89971d,0.6493911147117615,0.9998786386426631,K
132,9475373e-a86d-478d-9cb2-3979e3f70cd2,0.5522940754890442,0.9998786387537608,K
132,25f4d028-767b-4909-a996-951109ff7855,0.5485419631004333,0.9998786385871143,K
132,361d5d03-9ade-456d-81b0-0fc5ffa89d48,0.5485419631004333,0.999878638420468,K
132,3681387f-66db-44e2-b8cc-dec3029d648e,0.5446940064430237,0.9998786391148281,K
132,cd88c861-2506-40b8-9171-75634aaec722,0.5329797267913818,0.9998786389204073,K
132,0debc7e8-5ed2-4125-b716-64b3a4f39967,0.5278139710426331,0.999742797776609,K
132,1ac0d7d0-10c2-4768-b9b6-a6f2237cdce2,0.5278139710426331,0.9997427981098566,K
132,61d8102d-8db5-4fe6-b3ef-17a3f1baa7e1,0.5278139710426331,0.999878638281596,K
132,906ba882-a75b-4b06-b7e5-43e922996436,0.5278139710426331,0.9997427979432327,K
132,a9bb2c9e-48b4-4d3d-828d-7720cc91736c,0.5278139710426331,0.9998786391148281,K
132,36c73944-279a-4a62-8d0a-10835ec8e2e1,0.5187922716140747,0.9994761545327503,K
132,40964617-6fc9-41ae-9c48-107db425ad06,0.5187922716140747,0.9994761543661709,K
132,64d7fae9-2134-48f0-b73c-c5fac7c2ce7c,0.5187922716140747,0.999476154865909,K
132,8208dc7c-177c-4098-b7ff-a6739ee7bbee,0.5187922716140747,0.9994761546993296,K
132,876d6520-8eac-4489-9076-c38604526380,0.5187922716140747,0.9994761541995916,K
132,ef27b25f-b672-4196-9193-4dc687dbd36b,0.5187922716140747,0.9998786391981513,K
132,58eb5d03-af83-42fe-9424-e28f888aef6d,0.5182243585586548,0.9998786385315656,K
132,6841c779-ee17-4525-ac8c-088efb4c6490,0.5182243585586548,0.9998786390315049,K
132,c1a353d7-3410-423f-a5b6-e8ae74d88982,0.5182243585586548,0.999878638698212,K
132,c26945e7-b4b0-486d-9c66-3ea49dc7e3c2,0.5182243585586548,0.9998786383649191,K
132,e09859a9-a1f9-4a70-ae40-b417898134eb,0.5182243585586548,0.9998786388648584,K
132,47a820b2-eeb4-4a8a-8dfc-b5f66ccab71f,0.5141110420227051,0.9998786392537001,K
132,b686f2f6-7c52-469c-85fb-1c9891c888ff,0.5141010284423828,0.9998786384482423,K
132,4fb07384-4b5d-4438-93e0-055e99efb900,0.5114408135414124,0.9997427974433614,K
132,63b0f26c-ddac-40e9-bee6-6517ca864f23,0.5114408135414124,0.9996301225604213,K
132,682b264f-3c7f-424b-93f8-5b60d8359ecd,0.5114408135414124,0.9996301218662337,K
132,b6de1ffc-37fe-4edd-b614-200a1911c778,0.5114408135414124,0.9996301221994437,K
132,c85695ff-9ba6-47f4-820e-a0bffb299ffe,0.5114408135414124,0.9996301220328387,K
132,d2e22f98-6839-440b-9905-ba7e3c2cfe8c,0.5114408135414124,0.9996301223938162,K
133,2ff479fb-dd9f-4c79-82f4-9cd7019bd800,0.820835292339325,0.9995924040064924,K
133,300c6207-208a-48f7-a43a-0b3c055e15c9,0.820835292339325,0.9995924042008576,K
133,6dfca794-82da-4db6-96d1-507ac2e91d37,0.820835292339325,0.9995924045618215,K
133,6f20b7e3-94dc-4983-827e-d8d549f645f9,0.820835292339325,0.9995924038398937,K
133,9332e339-1d5d-496c-b128-6011bc520c24,0.820835292339325,0.9995924043674563,K
133,efa30fb9-5267-4970-b16d-7fc40b1ca487,0.820835292339325,0.9998495786477596,K
133,1d084051-3163-4156-a4a9-da839fd639da,0.5829893350601196,0.9998495780922876,K
133,1f877424-2615-461d-b608-9954018b9105,0.5829893350601196,0.9998495786755331,K
133,86c4b60e-b525-4089-98ee-9e045d77d805,0.5829893350601196,0.9998495777312308,K
133,8afe65a8-2bff-4f17-af23-85c807a7ad9d,0.5829893350601196,0.9998495784533443,K
133,c706f66b-108c-450d-93ac-a1cc6dedca0f,0.5829893350601196,0.9998495782867027,K
133,da8fb148-f8f9-4223-ba3f-26c6ce30dc0c,0.5829893350601196,0.999849577925646,K
133,58eb5d03-af83-42fe-9424-e28f888aef6d,0.5795076489448547,0.9998495778700988,K
133,6841c779-ee17-4525-ac8c-088efb4c6490,0.5795076489448547,0.9998495784255708,K
133,c1a353d7-3410-423f-a5b6-e8ae74d88982,0.5795076489448547,0.999849578064514,K
133,c26945e7-b4b0-486d-9c66-3ea49dc7e3c2,0.5795076489448547,0.9998495777034572,K
133,e09859a9-a1f9-4a70-ae40-b417898134eb,0.5795076489448547,0.9998495782311556,K
133,47a820b2-eeb4-4a8a-8dfc-b5f66ccab71f,0.5746927261352539,0.9998495786477596,K
133,b686f2f6-7c52-469c-85fb-1c9891c888ff,0.567487895488739,0.999849577786778,K
133,4fb07384-4b5d-4438-93e0-055e99efb900,0.5562667846679688,0.99984957764791,K
133,63b0f26c-ddac-40e9-bee6-6517ca864f23,0.5562667846679688,0.9998495785366652,K
133,682b264f-3c7f-424b-93f8-5b60d8359ecd,0.5562667846679688,0.9998495778145516,K
133,b6de1ffc-37fe-4edd-b614-200a1911c778,0.5562667846679688,0.9998495781756084,K
133,c85695ff-9ba6-47f4-820e-a0bffb299ffe,0.5562667846679688,0.9998495779811932,K
133,d2e22f98-6839-440b-9905-ba7e3c2cfe8c,0.5562667846679688,0.99984957834225,K
133,0debc7e8-5ed2-4125-b716-64b3a4f39967,0.5290985107421875,0.9998495779811932,K
133,1ac0d7d0-10c2-4768-b9b6-a6f2237cdce2,0.5290985107421875,0.99984957834225,K
133,61d8102d-8db5-4fe6-b3ef-17a3f1baa7e1,0.5290985107421875,0.9998495776201364,K
133,906ba882-a75b-4b06-b7e5-43e922996436,0.5290985107421875,0.9998495781478348,K
133,a9bb2c9e-48b4-4d3d-828d-7720cc91736c,0.5290985107421875,0.9998495785088916,K
133,72bc8697-9933-4e81-bb39-a9808290ae9b,0.5096231698989868,0.9998495785644388,K
133,94fce027-d293-4c63-a5f7-7c0cbb784f7b,0.5096231698989868,0.9998495782033819,K
133,99b1cfd5-5dac-4190-a367-19db09afe67b,0.5096231698989868,0.9998495783700235,K
133,b6251ff1-25d4-44ee-9495-599f1af13d7f,0.5096231698989868,0.99984957764791,K
133,e1b018cb-72c1-4763-a79a-f650bb9dd371,0.5096231698989868,0.9998495778423252,K
133,f60af4d8-de22-4d30-9a25-ef9dce89971d,0.5096231698989868,0.9998495780089668,K
133,36c73944-279a-4a62-8d0a-10835ec8e2e1,0.50947505235672,0.9998495780367403,K
133,40964617-6fc9-41ae-9c48-107db425ad06,0.50947505235672,0.9998495778423252,K
133,64d7fae9-2134-48f0-b73c-c5fac7c2ce7c,0.50947505235672,0.9998495783977972,K
133,8208dc7c-177c-4098-b7ff-a6739ee7bbee,0.50947505235672,0.9998495782033819,K
133,876d6520-8eac-4489-9076-c38604526380,0.50947505235672,0.9998495776756836,K
133,ef27b25f-b672-4196-9193-4dc687dbd36b,0.50947505235672,0.9998495785922124,K
134,47a820b2-eeb4-4a8a-8dfc-b5f66ccab71f,0.8496209979057312,0.9998444932313201,K
134,58eb5d03-af83-42fe-9424-e28f888aef6d,0.8476842045783997,0.9998444925092101,K
134,6841c779-ee17-4525-ac8c-088efb4c6490,0.8476842045783997,0.9998444930369059,K
134,c1a353d7-3410-423f-a5b6-e8ae74d88982,0.8476842045783997,0.999844492675851,K
134,c26945e7-b4b0-486d-9c66-3ea49dc7e3c2,0.8476842045783997,0.9998444923425694,K
134,e09859a9-a1f9-4a70-ae40-b417898134eb,0.8476842045783997,0.9998444928424917,K
134,2ff479fb-dd9f-4c79-82f4-9cd7019bd800,0.6022201180458069,0.9998444925369836,K
134,300c6207-208a-48f7-a43a-0b3c055e15c9,0.6022201180458069,0.9998444927036244,K
134,6dfca794-82da-4db6-96d1-507ac2e91d37,0.6022201180458069,0.9998444930369059,K
134,6f20b7e3-94dc-4983-827e-d8d549f645f9,0.6022201180458069,0.9998444923703429,K
134,9332e339-1d5d-496c-b128-6011bc520c24,0.6022201180458069,0.9998444928702651,K
134,efa30fb9-5267-4970-b16d-7fc40b1ca487,0.6022201180458069,0.9998444932590935,K
134,0debc7e8-5ed2-4125-b716-64b3a4f39967,0.5692237019538879,0.9998444925925306,K
134,1ac0d7d0-10c2-4768-b9b6-a6f2237cdce2,0.5692237019538879,0.999844492925812,K
134,61d8102d-8db5-4fe6-b3ef-17a3f1baa7e1,0.5692237019538879,0.9998444922592491,K
134,906ba882-a75b-4b06-b7e5-43e922996436,0.5692237019538879,0.9998444927591713,K
134,a9bb2c9e-48b4-4d3d-828d-7720cc91736c,0.5692237019538879,0.9998444931202263,K
134,1d084051-3163-4156-a4a9-da839fd639da,0.5679241418838501,0.9998444927313979,K
134,1f877424-2615-461d-b608-9954018b9105,0.5679241418838501,0.999844493286867,K
134,38648f01-a2fa-4448-8058-6c2d9833fd4d,0.5679241418838501,0.9998444922037022,K
134,86c4b60e-b525-4089-98ee-9e045d77d805,0.5679241418838501,0.9998444923981163,K
134,8afe65a8-2bff-4f17-af23-85c807a7ad9d,0.5679241418838501,0.9998444930646794,K
134,c706f66b-108c-450d-93ac-a1cc6dedca0f,0.5679241418838501,0.9998444928980386,K
134,da8fb148-f8f9-4223-ba3f-26c6ce30dc0c,0.5679241418838501,0.999844492564757,K
134,b686f2f6-7c52-469c-85fb-1c9891c888ff,0.5605583190917969,0.9998444924258898,K
134,4fb07384-4b5d-4438-93e0-055e99efb900,0.5088074207305908,0.9998444922870225,K
134,63b0f26c-ddac-40e9-bee6-6517ca864f23,0.5088074207305908,0.9998444931202263,K
134,682b264f-3c7f-424b-93f8-5b60d8359ecd,0.5088074207305908,0.9998444924536632,K
134,b6de1ffc-37fe-4edd-b614-200a1911c778,0.5088074207305908,0.9998444927869448,K
134,c85695ff-9ba6-47f4-820e-a0bffb299ffe,0.5088074207305908,0.9998444926203041,K
134,d2e22f98-6839-440b-9905-ba7e3c2cfe8c,0.5088074207305908,0.9998444929535855,K
135,36c73944-279a-4a62-8d0a-10835ec8e2e1,0.8494401574134827,0.9997103364328165,K
135,40964617-6fc9-41ae-9c48-107db425ad06,0.8494401574134827,0.9997103360718099,K
135,64d7fae9-2134-48f0-b73c-c5fac7c2ce7c,0.8494401574134827,0.9997103367938229,K
135,8208dc7c-177c-4098-b7ff-a6739ee7bbee,0.8494401574134827,0.9997103366272045,K
135,876d6520-8eac-4489-9076-c38604526380,0.8494401574134827,0.9997103359051915,K
135,ef27b25f-b672-4196-9193-4dc687dbd36b,0.8494401574134827,0.9998658337510963,K
135,1d084051-3163-4156-a4a9-da839fd639da,0.6296939253807068,0.9998658333067114,K
135,1f877424-2615-461d-b608-9954018b9105,0.6296939253807068,0.9998658338621925,K
135,38648f01-a2fa-4448-8058-6c2d9833fd4d,0.6296939253807068,0.9998658325845862,K
135,86c4b60e-b525-4089-98ee-9e045d77d805,0.6296939253807068,0.9998658327512304,K
135,8afe65a8-2bff-4f17-af23-85c807a7ad9d,0.6296939253807068,0.99986583364,K
135,c706f66b-108c-450d-93ac-a1cc6dedca0f,0.6296939253807068,0.9998658334733558,K
135,da8fb148-f8f9-4223-ba3f-26c6ce30dc0c,0.6296939253807068,0.9998658331400672,K
135,b686f2f6-7c52-469c-85fb-1c9891c888ff,0.585988461971283,0.9998658328067785,K
135,0154a54e-d1f0-4d9a-9418-4baffc396204,0.5595651268959045,0.9988832655125719,K
135,0c97e95c-5616-4c67-a3bd-399eba330b80,0.5595651268959045,0.9988832657067992,K
135,298ef311-ba49-4a2d-bade-afa8afabce89,0.5595651268959045,0.9988832664837084,K
135,34432c50-68cc-414b-99a0-276ad2c65e56,0.5595651268959045,0.9988832659010265,K
135,aa5e3739-499b-46a9-9313-a9fb000f12a6,0.5595651268959045,0.9988832660952538,K
135,ac37a538-4d7d-47c5-a7f2-4b09b2736183,0.5595651268959045,0.9988832649853835,K
135,bcdce8a0-f6e1-41bc-bf9f-5de570b066a7,0.5595651268959045,0.998883265151864,K
135,e964df06-0f65-4317-8001-1fa1e0c9b288,0.5595651268959045,0.9988832662894811,K
135,f0a74561-32d0-43ed-9ce0-6e173b948c68,0.5595651268959045,0.9988832653460913,K
135,72bc8697-9933-4e81-bb39-a9808290ae9b,0.5440406799316406,0.9998658337233223,K
135,94fce027-d293-4c63-a5f7-7c0cbb784f7b,0.5440406799316406,0.9997103365994349,K
135,99b1cfd5-5dac-4190-a367-19db09afe67b,0.5440406799316406,0.9997103367660533,K
135,b6251ff1-25d4-44ee-9495-599f1af13d7f,0.5440406799316406,0.9997103358774219,K
135,e1b018cb-72c1-4763-a79a-f650bb9dd371,0.5440406799316406,0.9997103360440402,K
135,f60af4d8-de22-4d30-9a25-ef9dce89971d,0.5440406799316406,0.9997103364328165,K
135,0debc7e8-5ed2-4125-b716-64b3a4f39967,0.5403101444244385,0.9998658331678412,K
135,1ac0d7d0-10c2-4768-b9b6-a6f2237cdce2,0.5403101444244385,0.9998658335011298,K
135,61d8102d-8db5-4fe6-b3ef-17a3f1baa7e1,0.5403101444244385,0.9998658326401343,K
135,906ba882-a75b-4b06-b7e5-43e922996436,0.5403101444244385,0.9998658333344855,K
135,a9bb2c9e-48b4-4d3d-828d-7720cc91736c,0.5403101444244385,0.9998658336955482,K
135,4fb07384-4b5d-4438-93e0-055e99efb900,0.5336639285087585,0.9998658326679083,K
135,63b0f26c-ddac-40e9-bee6-6517ca864f23,0.5336639285087585,0.9998658336955482,K
135,682b264f-3c7f-424b-93f8-5b60d8359ecd,0.5336639285087585,0.9998658328345525,K
135,b6de1ffc-37fe-4edd-b614-200a1911c778,0.5336639285087585,0.9998658333622595,K
135,c85695ff-9ba6-47f4-820e-a0bffb299ffe,0.5336639285087585,0.9998658331956153,K
135,d2e22f98-6839-440b-9905-ba7e3c2cfe8c,0.5336639285087585,0.9998658335289039,K
135,58eb5d03-af83-42fe-9424-e28f888aef6d,0.5223605036735535,0.9998658328901007,K
135,6841c779-ee17-4525-ac8c-088efb4c6490,0.5223605036735535,0.999865833584452,K
135,c1a353d7-3410-423f-a5b6-e8ae74d88982,0.5223605036735535,0.9998658332511634,K
135,c26945e7-b4b0-486d-9c66-3ea49dc7e3c2,0.5223605036735535,0.9998658327234564,K
135,e09859a9-a1f9-4a70-ae40-b417898134eb,0.5223605036735535,0.9998658334178077,K
135,47a820b2-eeb4-4a8a-8dfc-b5f66ccab71f,0.5180173516273499,0.9998658338066444,K
136,72bc8697-9933-4e81-bb39-a9808290ae9b,0.8482803702354431,0.9998365243080518,K
136,94fce027-d293-4c63-a5f7-7c0cbb784f7b,0.8482803702354431,0.9998365239469997,K
136,99b1cfd5-5dac-4190-a367-19db09afe67b,0.8482803702354431,0.9998365241136391,K
136,b6251ff1-25d4-44ee-9495-599f1af13d7f,0.8482803702354431,0.9998365234193083,K
136,e1b018cb-72c1-4763-a79a-f650bb9dd371,0.8482803702354431,0.9998365236137209,K
136,f60af4d8-de22-4d30-9a25-ef9dce89971d,0.8482803702354431,0.9998365237803604,K
136,1d084051-3163-4156-a4a9-da839fd639da,0.6961509585380554,0.99983652386368,K
136,1f877424-2615-461d-b608-9954018b9105,0.6961509585380554,0.9998365244191447,K
136,38648f01-a2fa-4448-8058-6c2d9833fd4d,0.6961509585380554,0.9998365233359885,K
136,86c4b60e-b525-4089-98ee-9e045d77d805,0.6961509585380554,0.9998365235304012,K
136,8afe65a8-2bff-4f17-af23-85c807a7ad9d,0.6961509585380554,0.9998365242247321,K
136,c706f66b-108c-450d-93ac-a1cc6dedca0f,0.6961509585380554,0.9998365240303194,K
136,da8fb148-f8f9-4223-ba3f-26c6ce30dc0c,0.6961509585380554,0.9998365236970406,K
136,4fb07384-4b5d-4438-93e0-055e99efb900,0.5721427202224731,0.999836523391535,K
136,63b0f26c-ddac-40e9-bee6-6517ca864f23,0.5721427202224731,0.9998365242802786,K
136,682b264f-3c7f-424b-93f8-5b60d8359ecd,0.5721427202224731,0.9998365235859477,K
136,b6de1ffc-37fe-4edd-b614-200a1911c778,0.5721427202224731,0.9998365239192265,K
136,c85695ff-9ba6-47f4-820e-a0bffb299ffe,0.5721427202224731,0.999836523752587,K
136,d2e22f98-6839-440b-9905-ba7e3c2cfe8c,0.5721427202224731,0.9998365240858659,K
136,0debc7e8-5ed2-4125-b716-64b3a4f39967,0.5541900396347046,0.9998365237248138,K
136,1ac0d7d0-10c2-4768-b9b6-a6f2237cdce2,0.5541900396347046,0.9998365240580926,K
136,61d8102d-8db5-4fe6-b3ef-17a3f1baa7e1,0.5541900396347046,0.999836523391535,K
136,906ba882-a75b-4b06-b7e5-43e922996436,0.5541900396347046,0.9998365238914533,K
136,a9bb2c9e-48b4-4d3d-828d-7720cc91736c,0.5541900396347046,0.9998365242525054,K
136,2ff479fb-dd9f-4c79-82f4-9cd7019bd800,0.5363128781318665,0.9997023649409938,K
136,300c6207-208a-48f7-a43a-0b3c055e15c9,0.5363128781318665,0.9997023651076109,K
136,6dfca794-82da-4db6-96d1-507ac2e91d37,0.5363128781318665,0.9997023654686146,K
136,6f20b7e3-94dc-4983-827e-d8d549f645f9,0.5363128781318665,0.9997023647743768,K
136,87c694e5-e7ed-494b-9bf8-97f7acea523d,0.5363128781318665,0.9997023645799902,K
136,9332e339-1d5d-496c-b128-6011bc520c24,0.5363128781318665,0.999702365274228,K
136,efa30fb9-5267-4970-b16d-7fc40b1ca487,0.5363128781318665,0.9998365243913715,K
136,36c73944-279a-4a62-8d0a-10835ec8e2e1,0.5230464935302734,0.9998365237803604,K
136,40964617-6fc9-41ae-9c48-107db425ad06,0.5230464935302734,0.9998365236137209,K
136,64d7fae9-2134-48f0-b73c-c5fac7c2ce7c,0.5230464935302734,0.9998365241414124,K
136,8208dc7c-177c-4098-b7ff-a6739ee7bbee,0.5230464935302734,0.999836523974773,K
136,876d6520-8eac-4489-9076-c38604526380,0.5230464935302734,0.9998365234470815,K
136,ef27b25f-b672-4196-9193-4dc687dbd36b,0.5230464935302734,0.999836524335825,K
136,b686f2f6-7c52-469c-85fb-1c9891c888ff,0.5172522068023682,0.9998365235581744,K
136,47a820b2-eeb4-4a8a-8dfc-b5f66ccab71f,0.5106146931648254,0.9998365243913715,K
136,9475373e-a86d-478d-9cb2-3979e3f70cd2,0.5093755125999451,0.9993965281624196,K
136,3832d72b-cf6b-4220-a9cd-94a4a0b3a1b3,0.5077586770057678,0.9998365233082153,K
136,58eb5d03-af83-42fe-9424-e28f888aef6d,0.5077586770057678,0.9998365236414941,K
136,6841c779-ee17-4525-ac8c-088efb4c6490,0.5077586770057678,0.9998365241691857,K
136,c1a353d7-3410-423f-a5b6-e8ae74d88982,0.5077586770057678,0.9998365238081336,K
136,c26945e7-b4b0-486d-9c66-3ea49dc7e3c2,0.5077586770057678,0.9998365234748547,K
136,e09859a9-a1f9-4a70-ae40-b417898134eb,0.5077586770057678,0.999836523974773,K
136,25f4d028-767b-4909-a996-951109ff7855,0.5056470036506653,0.9993965279958535,K
136,361d5d03-9ade-456d-81b0-0fc5ffa89d48,0.5056470036506653,0.9993965278292875,K
136,a7882ce3-61bf-4c2c-b5a0-e8b46c9ad899,0.5056470036506653,0.9993965276627214,K
137,4fb07384-4b5d-4438-93e0-055e99efb900,0.8267097473144531,0.9998309708981398,K
137,63b0f26c-ddac-40e9-bee6-6517ca864f23,0.8267097473144531,0.9998309718424245,K
137,682b264f-3c7f-424b-93f8-5b60d8359ecd,0.8267097473144531,0.9998309710925513,K
137,b6de1ffc-37fe-4edd-b614-200a1911c778,0.8267097473144531,0.9998309714536013,K
137,c85695ff-9ba6-47f4-820e-a0bffb299ffe,0.8267097473144531,0.9998309712869629,K
137,d2e22f98-6839-440b-9905-ba7e3c2cfe8c,0.8267097473144531,0.9998309716480129,K
137,1d084051-3163-4156-a4a9-da839fd639da,0.5596827864646912,0.9998309713980552,K
137,1f877424-2615-461d-b608-9954018b9105,0.5596827864646912,0.9998309719812899,K
137,38648f01-a2fa-4448-8058-6c2d9833fd4d,0.5596827864646912,0.9998309708425935,K
137,86c4b60e-b525-4089-98ee-9e045d77d805,0.5596827864646912,0.999830971009232,K
137,8afe65a8-2bff-4f17-af23-85c807a7ad9d,0.5596827864646912,0.9998309717591053,K
137,c706f66b-108c-450d-93ac-a1cc6dedca0f,0.5596827864646912,0.9998309715924668,K
137,da8fb148-f8f9-4223-ba3f-26c6ce30dc0c,0.5596827864646912,0.9998309712036436,K
137,b686f2f6-7c52-469c-85fb-1c9891c888ff,0.5271152257919312,0.9998309710647783,K
138,0debc7e8-5ed2-4125-b716-64b3a4f39967,0.8579314947128296,0.9997148373332712,K
138,1ac0d7d0-10c2-4768-b9b6-a6f2237cdce2,0.8579314947128296,0.9997148376942793,K
138,61d8102d-8db5-4fe6-b3ef-17a3f1baa7e1,0.8579314947128296,0.999714836972263,K
138,906ba882-a75b-4b06-b7e5-43e922996436,0.8579314947128296,0.9997148374998903,K
138,a9bb2c9e-48b4-4d3d-828d-7720cc91736c,0.8579314947128296,0.9998838584949469,K
138,0669c654-0e61-4305-9c11-628f4bb60eb3,0.5500541925430298,0.9988545435366587,K
138,413700d8-5c2a-411a-b178-e9feab0472cc,0.5500541925430298,0.9988545437308805,K
138,67289dc1-1026-437b-a82e-a5f229e5e061,0.5500541925430298,0.998854543342437,K
138,88ffad9c-4295-4db8-b5dd-6d81a9f5ab51,0.5500541925430298,0.9988545441193238,K
138,b125b0e7-1b0c-49ac-89e1-0d800b56863b,0.5500541925430298,0.9988545431759612,K
138,b6fa95ef-d7a6-4fb5-ab74-e713d5925479,0.5500541925430298,0.9988545443135456,K
138,ea4ebcb4-f0de-4f3b-938d-f867a49d747c,0.5500541925430298,0.9988545445077672,K
138,fd45aa2b-376a-4e19-820a-b5d25f8b23ca,0.5500541925430298,0.9988545429817395,K
138,2ff479fb-dd9f-4c79-82f4-9cd7019bd800,0.5361892580986023,0.9997148372499616,K
138,300c6207-208a-48f7-a43a-0b3c055e15c9,0.5361892580986023,0.9997148374443506,K
138,6dfca794-82da-4db6-96d1-507ac2e91d37,0.5361892580986023,0.9997148378053587,K
138,6f20b7e3-94dc-4983-827e-d8d549f645f9,0.5361892580986023,0.9997148370833424,K
138,87c694e5-e7ed-494b-9bf8-97f7acea523d,0.5361892580986023,0.9997148369167234,K
138,9332e339-1d5d-496c-b128-6011bc520c24,0.5361892580986023,0.9997148376109697,K
138,efa30fb9-5267-4970-b16d-7fc40b1ca487,0.5361892580986023,0.9998838586615941,K
138,1d084051-3163-4156-a4a9-da839fd639da,0.5262777805328369,0.9998838581061031,K
138,1f877424-2615-461d-b608-9954018b9105,0.5262777805328369,0.9998838586893687,K
138,38648f01-a2fa-4448-8058-6c2d9833fd4d,0.5262777805328369,0.999883857550612,K
138,86c4b60e-b525-4089-98ee-9e045d77d805,0.5262777805328369,0.999883857745034,K
138,8afe65a8-2bff-4f17-af23-85c807a7ad9d,0.5262777805328369,0.9998838584671723,K
138,c706f66b-108c-450d-93ac-a1cc6dedca0f,0.5262777805328369,0.9998838582727504,K
138,da8fb148-f8f9-4223-ba3f-26c6ce30dc0c,0.5262777805328369,0.9998838579116812,K
138,3832d72b-cf6b-4220-a9cd-94a4a0b3a1b3,0.5176063776016235,0.9997148368889535,K
138,58eb5d03-af83-42fe-9424-e28f888aef6d,0.5176063776016235,0.9997148372499616,K
138,6841c779-ee17-4525-ac8c-088efb4c6490,0.5176063776016235,0.9997148377775888,K
138,c1a353d7-3410-423f-a5b6-e8ae74d88982,0.5176063776016235,0.9997148374165807,K
138,c26945e7-b4b0-486d-9c66-3ea49dc7e3c2,0.5176063776016235,0.9997148370555726,K
138,e09859a9-a1f9-4a70-ae40-b417898134eb,0.5176063776016235,0.9997148376109697,K
138,47a820b2-eeb4-4a8a-8dfc-b5f66ccab71f,0.5175493955612183,0.9997148379997477,K
139,9475373e-a86d-478d-9cb2-3979e3f70cd2,0.7736961245536804,0.9995715686640377,K
139,25f4d028-767b-4909-a996-951109ff7855,0.7718667387962341,0.9995715684974424,K
139,361d5d03-9ade-456d-81b0-0fc5ffa89d48,0.7718667387962341,0.9995715683308471,K
139,a7882ce3-61bf-4c2c-b5a0-e8b46c9ad899,0.7718667387962341,0.9995715681364861,K
139,cd88c861-2506-40b8-9171-75634aaec722,0.7656750679016113,0.9989683442175564,K
139,3681387f-66db-44e2-b8cc-dec3029d648e,0.7603673338890076,0.9998567024347437,K
139,1d084051-3163-4156-a4a9-da839fd639da,0.6319113373756409,0.9998567020459106,K
139,1f877424-2615-461d-b608-9954018b9105,0.6319113373756409,0.999856702656934,K
139,38648f01-a2fa-4448-8058-6c2d9833fd4d,0.6319113373756409,0.9998567014904346,K
139,86c4b60e-b525-4089-98ee-9e045d77d805,0.6319113373756409,0.9998567016848512,K
139,8afe65a8-2bff-4f17-af23-85c807a7ad9d,0.6319113373756409,0.9998567024069699,K
139,c706f66b-108c-450d-93ac-a1cc6dedca0f,0.6319113373756409,0.9998567022403271,K
139,da8fb148-f8f9-4223-ba3f-26c6ce30dc0c,0.6319113373756409,0.999856701851494,K
139,18e97ac6-613e-4edf-814a-0cc689c7b805,0.5577290654182434,0.9997405644370052,K
139,72bc8697-9933-4e81-bb39-a9808290ae9b,0.5577290654182434,0.9998567025180651,K
139,94fce027-d293-4c63-a5f7-7c0cbb784f7b,0.5577290654182434,0.9995715687473353,K
139,99b1cfd5-5dac-4190-a367-19db09afe67b,0.5577290654182434,0.9995715689416965,K
139,b6251ff1-25d4-44ee-9495-599f1af13d7f,0.5577290654182434,0.9995715681920178,K
139,e1b018cb-72c1-4763-a79a-f650bb9dd371,0.5577290654182434,0.999571568386379,K
139,f60af4d8-de22-4d30-9a25-ef9dce89971d,0.5577290654182434,0.9995715685529742,K
139,b686f2f6-7c52-469c-85fb-1c9891c888ff,0.534867525100708,0.9997405647424814,K
139,3832d72b-cf6b-4220-a9cd-94a4a0b3a1b3,0.5084040760993958,0.999856701434887,K
139,58eb5d03-af83-42fe-9424-e28f888aef6d,0.5084040760993958,0.9998567018237202,K
139,6841c779-ee17-4525-ac8c-088efb4c6490,0.5084040760993958,0.9998567023791961,K
139,c1a353d7-3410-423f-a5b6-e8ae74d88982,0.5084040760993958,0.9998567019903629,K
139,c26945e7-b4b0-486d-9c66-3ea49dc7e3c2,0.5084040760993958,0.9998567016293036,K
139,e09859a9-a1f9-4a70-ae40-b417898134eb,0.5084040760993958,0.9998567021847795,K
139,47a820b2-eeb4-4a8a-8dfc-b5f66ccab71f,0.5069645047187805,0.9998567026013865,K
140,1d084051-3163-4156-a4a9-da839fd639da,0.9156350493431091,0.9998703372680499,K
140,1f877424-2615-461d-b608-9954018b9105,0.9156350493431091,0.9998703378513075,K
140,38648f01-a2fa-4448-8058-6c2d9833fd4d,0.9156350493431091,0.9998703367681147,K
140,86c4b60e-b525-4089-98ee-9e045d77d805,0.9156350493431091,0.9998703369347598,K
140,8afe65a8-2bff-4f17-af23-85c807a7ad9d,0.9156350493431091,0.9998703376291141,K
140,c706f66b-108c-450d-93ac-a1cc6dedca0f,0.9156350493431091,0.9998703374624691,K
140,da8fb148-f8f9-4223-ba3f-26c6ce30dc0c,0.9156350493431091,0.9998703371014048,K
140,18e97ac6-613e-4edf-814a-0cc689c7b805,0.6493911147117615,0.999870336657018,K
140,72bc8697-9933-4e81-bb39-a9808290ae9b,0.6493911147117615,0.9998703377402108,K
140,94fce027-d293-4c63-a5f7-7c0cbb784f7b,0.6493911147117615,0.9998703373791465,K
140,99b1cfd5-5dac-4190-a367-19db09afe67b,0.6493911147117615,0.9998703375457916,K
140,b6251ff1-25d4-44ee-9495-599f1af13d7f,0.6493911147117615,0.9998703368514372,K
140,e1b018cb-72c1-4763-a79a-f650bb9dd371,0.6493911147117615,0.9998703370180823,K
140,f60af4d8-de22-4d30-9a25-ef9dce89971d,0.6493911147117615,0.9998703371847273,K
140,9475373e-a86d-478d-9cb2-3979e3f70cd2,0.5522940754890442,0.9998703372958241,K
140,25f4d028-767b-4909-a996-951109ff7855,0.5485419631004333,0.9998703371291789,K
140,361d5d03-9ade-456d-81b0-0fc5ffa89d48,0.5485419631004333,0.9998703369625339,K
140,a7882ce3-61bf-4c2c-b5a0-e8b46c9ad899,0.5485419631004333,0.9998703367958889,K
140,3681387f-66db-44e2-b8cc-dec3029d648e,0.5446940064430237,0.9998703376568884,K
140,cd88c861-2506-40b8-9171-75634aaec722,0.5329797267913818,0.9998703374902432,K
140,0debc7e8-5ed2-4125-b716-64b3a4f39967,0.5278139710426331,0.9997270451478447,K
140,1ac0d7d0-10c2-4768-b9b6-a6f2237cdce2,0.5278139710426331,0.999727045481087,K
140,58af2ad5-097f-4571-ba1a-8d7b8e79ca31,0.5278139710426331,0.9998703366292438,K
140,61d8102d-8db5-4fe6-b3ef-17a3f1baa7e1,0.5278139710426331,0.9997270447868322,K
140,906ba882-a75b-4b06-b7e5-43e922996436,0.5278139710426331,0.9997270453144659,K
140,a9bb2c9e-48b4-4d3d-828d-7720cc91736c,0.5278139710426331,0.9998703376846625,K
140,36c73944-279a-4a62-8d0a-10835ec8e2e1,0.5187922716140747,0.9994419487963047,K
140,40964617-6fc9-41ae-9c48-107db425ad06,0.5187922716140747,0.999441948629731,K
140,64d7fae9-2134-48f0-b73c-c5fac7c2ce7c,0.5187922716140747,0.9994419491572143,K
140,8208dc7c-177c-4098-b7ff-a6739ee7bbee,0.5187922716140747,0.9994419489628783,K
140,876d6520-8eac-4489-9076-c38604526380,0.5187922716140747,0.9994419484631574,K
140,a786e395-1e6e-4338-bb1f-8bbbe25167da,0.5187922716140747,0.9994419482688214,K
140,ef27b25f-b672-4196-9193-4dc687dbd36b,0.5187922716140747,0.9998703377402108,K
140,3832d72b-cf6b-4220-a9cd-94a4a0b3a1b3,0.5182243585586548,0.9998703367125663,K
140,58eb5d03-af83-42fe-9424-e28f888aef6d,0.5182243585586548,0.9998703370736306,K
140,6841c779-ee17-4525-ac8c-088efb4c6490,0.5182243585586548,0.9998703376013399,K
140,c1a353d7-3410-423f-a5b6-e8ae74d88982,0.5182243585586548,0.9998703372402756,K
140,c26945e7-b4b0-486d-9c66-3ea49dc7e3c2,0.5182243585586548,0.9998703368792113,K
140,e09859a9-a1f9-4a70-ae40-b417898134eb,0.5182243585586548,0.9998703374069208,K
140,47a820b2-eeb4-4a8a-8dfc-b5f66ccab71f,0.5141110420227051,0.9998703377957592,K
140,b686f2f6-7c52-469c-85fb-1c9891c888ff,0.5141010284423828,0.9998703369903081,K
140,4fb07384-4b5d-4438-93e0-055e99efb900,0.5114408135414124,0.9996109229045762,K
140,5a5f5b21-adf4-44b8-826f-c63c19e38e34,0.5114408135414124,0.9997270446479812,K
140,63b0f26c-ddac-40e9-bee6-6517ca864f23,0.5114408135414124,0.9996109237931192,K
140,682b264f-3c7f-424b-93f8-5b60d8359ecd,0.5114408135414124,0.999610923071178,K
140,b6de1ffc-37fe-4edd-b614-200a1911c778,0.5114408135414124,0.9996109234321486,K
140,c85695ff-9ba6-47f4-820e-a0bffb299ffe,0.5114408135414124,0.9996109232655468,K
140,d2e22f98-6839-440b-9905-ba7e3c2cfe8c,0.5114408135414124,0.9996109235987505,K
141,2ff479fb-dd9f-4c79-82f4-9cd7019bd800,0.820835292339325,0.9995675138268961,K
141,300c6207-208a-48f7-a43a-0b3c055e15c9,0.820835292339325,0.9995675140212565,K
141,6dfca794-82da-4db6-96d1-507ac2e91d37,0.820835292339325,0.9995675143822115,K
141,6f20b7e3-94dc-4983-827e-d8d549f645f9,0.820835292339325,0.9995675136603016,K
141,87c694e5-e7ed-494b-9bf8-97f7acea523d,0.820835292339325,0.9995675134659412,K
141,9332e339-1d5d-496c-b128-6011bc520c24,0.820835292339325,0.9995675142156168,K
141,efa30fb9-5267-4970-b16d-7fc40b1ca487,0.820835292339325,0.9998404384812934,K
141,1d084051-3163-4156-a4a9-da839fd639da,0.5829893350601196,0.9998404379258266,K
141,1f877424-2615-461d-b608-9954018b9105,0.5829893350601196,0.9998404385090668,K
141,38648f01-a2fa-4448-8058-6c2d9833fd4d,0.5829893350601196,0.9998404373703597,K
141,86c4b60e-b525-4089-98ee-9e045d77d805,0.5829893350601196,0.999840437564773,K
141,8afe65a8-2bff-4f17-af23-85c807a7ad9d,0.5829893350601196,0.99984043828688,K
141,c706f66b-108c-450d-93ac-a1cc6dedca0f,0.5829893350601196,0.9998404380924666,K
141,da8fb148-f8f9-4223-ba3f-26c6ce30dc0c,0.5829893350601196,0.9998404377314131,K
141,3832d72b-cf6b-4220-a9cd-94a4a0b3a1b3,0.5795076489448547,0.9998404373148129,K
141,58eb5d03-af83-42fe-9424-e28f888aef6d,0.5795076489448547,0.9998404377036397,K
141,6841c779-ee17-4525-ac8c-088efb4c6490,0.5795076489448547,0.9998404382313333,K
141,c1a353d7-3410-423f-a5b6-e8ae74d88982,0.5795076489448547,0.9998404378702799,K
141,c26945e7-b4b0-486d-9c66-3ea49dc7e3c2,0.5795076489448547,0.9998404375092264,K
141,e09859a9-a1f9-4a70-ae40-b417898134eb,0.5795076489448547,0.9998404380646932,K
141,47a820b2-eeb4-4a8a-8dfc-b5f66ccab71f,0.5746927261352539,0.9998404384535201,K
141,b686f2f6-7c52-469c-85fb-1c9891c888ff,0.567487895488739,0.9998404375925464,K
141,4fb07384-4b5d-4438-93e0-055e99efb900,0.5562667846679688,0.9998404374259063,K
141,5a5f5b21-adf4-44b8-826f-c63c19e38e34,0.5562667846679688,0.9998404372592662,K
141,63b0f26c-ddac-40e9-bee6-6517ca864f23,0.5562667846679688,0.9998404383424268,K
141,682b264f-3c7f-424b-93f8-5b60d8359ecd,0.5562667846679688,0.9998404376203197,K
141,b6de1ffc-37fe-4edd-b614-200a1911c778,0.5562667846679688,0.9998404379813732,K
141,c85695ff-9ba6-47f4-820e-a0bffb299ffe,0.5562667846679688,0.9998404378147331,K
141,d2e22f98-6839-440b-9905-ba7e3c2cfe8c,0.5562667846679688,0.9998404381757866,K
141,0debc7e8-5ed2-4125-b716-64b3a4f39967,0.5290985107421875,0.9998404377869597,K
141,1ac0d7d0-10c2-4768-b9b6-a6f2237cdce2,0.5290985107421875,0.9998404381480133,K
141,58af2ad5-097f-4571-ba1a-8d7b8e79ca31,0.5290985107421875,0.9998404372314929,K
141,61d8102d-8db5-4fe6-b3ef-17a3f1baa7e1,0.5290985107421875,0.9998404374259063,K
141,906ba882-a75b-4b06-b7e5-43e922996436,0.5290985107421875,0.9998404379535999,K
141,a9bb2c9e-48b4-4d3d-828d-7720cc91736c,0.5290985107421875,0.9998404383424268,K
141,18e97ac6-613e-4edf-814a-0cc689c7b805,0.5096231698989868,0.9998404372870395,K
141,72bc8697-9933-4e81-bb39-a9808290ae9b,0.5096231698989868,0.9998404383702001,K
141,94fce027-d293-4c63-a5f7-7c0cbb784f7b,0.5096231698989868,0.9998404380091466,K
141,99b1cfd5-5dac-4190-a367-19db09afe67b,0.5096231698989868,0.99984043820356,K
141,b6251ff1-25d4-44ee-9495-599f1af13d7f,0.5096231698989868,0.9998404374536797,K
141,e1b018cb-72c1-4763-a79a-f650bb9dd371,0.5096231698989868,0.999840437648093,K
141,f60af4d8-de22-4d30-9a25-ef9dce89971d,0.5096231698989868,0.9998404378147331,K
141,36c73944-279a-4a62-8d0a-10835ec8e2e1,0.50947505235672,0.9998404378425065,K
141,40964617-6fc9-41ae-9c48-107db425ad06,0.50947505235672,0.9998404376758664,K
141,64d7fae9-2134-48f0-b73c-c5fac7c2ce7c,0.50947505235672,0.9998404382313333,K
141,8208dc7c-177c-4098-b7ff-a6739ee7bbee,0.50947505235672,0.9998404380369199,K
141,876d6520-8eac-4489-9076-c38604526380,0.50947505235672,0.999840437481453,K
141,a786e395-1e6e-4338-bb1f-8bbbe25167da,0.50947505235672,0.9998404372870395,K
141,ef27b25f-b672-4196-9193-4dc687dbd36b,0.50947505235672,0.9998404383979734,K
142,47a820b2-eeb4-4a8a-8dfc-b5f66ccab71f,0.8496209979057312,0.9998310674373793,K
142,3832d72b-cf6b-4220-a9cd-94a4a0b3a1b3,0.8476842045783997,0.999831066382002,K
142,58eb5d03-af83-42fe-9424-e28f888aef6d,0.8476842045783997,0.999831066715279,K
142,6841c779-ee17-4525-ac8c-088efb4c6490,0.8476842045783997,0.9998310672151945,K
142,c1a353d7-3410-423f-a5b6-e8ae74d88982,0.8476842045783997,0.9998310668819176,K
142,c26945e7-b4b0-486d-9c66-3ea49dc7e3c2,0.8476842045783997,0.9998310665486405,K
142,e09859a9-a1f9-4a70-ae40-b417898134eb,0.8476842045783997,0.9998310670485561,K
142,2ff479fb-dd9f-4c79-82f4-9cd7019bd800,0.6022201180458069,0.9998310667430521,K
142,300c6207-208a-48f7-a43a-0b3c055e15c9,0.6022201180458069,0.9998310669096906,K
142,6dfca794-82da-4db6-96d1-507ac2e91d37,0.6022201180458069,0.9998310672429677,K
142,6f20b7e3-94dc-4983-827e-d8d549f645f9,0.6022201180458069,0.9998310665486405,K
142,87c694e5-e7ed-494b-9bf8-97f7acea523d,0.6022201180458069,0.999831066382002,K
142,9332e339-1d5d-496c-b128-6011bc520c24,0.6022201180458069,0.9998310670763292,K
142,efa30fb9-5267-4970-b16d-7fc40b1ca487,0.6022201180458069,0.9998310674651523,K
142,0debc7e8-5ed2-4125-b716-64b3a4f39967,0.5692237019538879,0.9998310667985982,K
142,1ac0d7d0-10c2-4768-b9b6-a6f2237cdce2,0.5692237019538879,0.9998310671318753,K
142,58af2ad5-097f-4571-ba1a-8d7b8e79ca31,0.5692237019538879,0.9998310662986828,K
142,61d8102d-8db5-4fe6-b3ef-17a3f1baa7e1,0.5692237019538879,0.9998310664653213,K
142,906ba882-a75b-4b06-b7e5-43e922996436,0.5692237019538879,0.9998310669652368,K
142,a9bb2c9e-48b4-4d3d-828d-7720cc91736c,0.5692237019538879,0.9998310672985138,K
142,1d084051-3163-4156-a4a9-da839fd639da,0.5679241418838501,0.9998310669096906,K
142,1f877424-2615-461d-b608-9954018b9105,0.5679241418838501,0.9998310674929254,K
142,38648f01-a2fa-4448-8058-6c2d9833fd4d,0.5679241418838501,0.999831066409775,K
142,81f521ed-fbdf-4b08-ac1f-568b63d9a547,0.5679241418838501,0.9998310662431366,K
142,86c4b60e-b525-4089-98ee-9e045d77d805,0.5679241418838501,0.9998310665764136,K
142,8afe65a8-2bff-4f17-af23-85c807a7ad9d,0.5679241418838501,0.9998310672707408,K
142,c706f66b-108c-450d-93ac-a1cc6dedca0f,0.5679241418838501,0.9998310671041022,K
142,da8fb148-f8f9-4223-ba3f-26c6ce30dc0c,0.5679241418838501,0.9998310667430521,K
142,b686f2f6-7c52-469c-85fb-1c9891c888ff,0.5605583190917969,0.9998310666319598,K
142,4fb07384-4b5d-4438-93e0-055e99efb900,0.5088074207305908,0.9998310664653213,K
142,5a5f5b21-adf4-44b8-826f-c63c19e38e34,0.5088074207305908,0.9998310662986828,K
142,63b0f26c-ddac-40e9-bee6-6517ca864f23,0.5088074207305908,0.9998310673262869,K
142,682b264f-3c7f-424b-93f8-5b60d8359ecd,0.5088074207305908,0.9998310666319598,K
142,b6de1ffc-37fe-4edd-b614-200a1911c778,0.5088074207305908,0.9998310669930098,K
142,c85695ff-9ba6-47f4-820e-a0bffb299ffe,0.5088074207305908,0.9998310668263714,K
142,d2e22f98-6839-440b-9905-ba7e3c2cfe8c,0.5088074207305908,0.9998310671596484,K
143,36c73944-279a-4a62-8d0a-10835ec8e2e1,0.8494401574134827,0.9996880430853469,K
143,40964617-6fc9-41ae-9c48-107db425ad06,0.8494401574134827,0.9996880428909631,K
143,64d7fae9-2134-48f0-b73c-c5fac7c2ce7c,0.8494401574134827,0.9996880434185763,K
143,8208dc7c-177c-4098-b7ff-a6739ee7bbee,0.8494401574134827,0.9996880432519616,K
143,876d6520-8eac-4489-9076-c38604526380,0.8494401574134827,0.9996880427243484,K
143,a786e395-1e6e-4338-bb1f-8bbbe25167da,0.8494401574134827,0.9996880425577338,K
143,ef27b25f-b672-4196-9193-4dc687dbd36b,0.8494401574134827,0.999856963258508,K
143,1d084051-3163-4156-a4a9-da839fd639da,0.6296939253807068,0.9998569627863534,K
143,1f877424-2615-461d-b608-9954018b9105,0.6296939253807068,0.9998569633696033,K
143,38648f01-a2fa-4448-8058-6c2d9833fd4d,0.6296939253807068,0.9998569622586511,K
143,81f521ed-fbdf-4b08-ac1f-568b63d9a547,0.6296939253807068,0.9998569620920083,K
143,86c4b60e-b525-4089-98ee-9e045d77d805,0.6296939253807068,0.9998569624530678,K
143,8afe65a8-2bff-4f17-af23-85c807a7ad9d,0.6296939253807068,0.9998569631474129,K
143,c706f66b-108c-450d-93ac-a1cc6dedca0f,0.6296939253807068,0.9998569629529962,K
143,da8fb148-f8f9-4223-ba3f-26c6ce30dc0c,0.6296939253807068,0.9998569626197106,K
143,b686f2f6-7c52-469c-85fb-1c9891c888ff,0.585988461971283,0.9998569624808415,K
143,0154a54e-d1f0-4d9a-9418-4baffc396204,0.5595651268959045,0.9988073934988362,K
143,0c97e95c-5616-4c67-a3bd-399eba330b80,0.5595651268959045,0.9988073936930487,K
143,298ef311-ba49-4a2d-bade-afa8afabce89,0.5595651268959045,0.9988073944698989,K
143,34432c50-68cc-414b-99a0-276ad2c65e56,0.5595651268959045,0.9988073938872613,K
143,aa5e3739-499b-46a9-9313-a9fb000f12a6,0.5595651268959045,0.9988073940814738,K
143,ac37a538-4d7d-47c5-a7f2-4b09b2736183,0.5595651268959045,0.9988073929439432,K
143,bcdce8a0-f6e1-41bc-bf9f-5de570b066a7,0.5595651268959045,0.9988073931381557,K
143,e964df06-0f65-4317-8001-1fa1e0c9b288,0.5595651268959045,0.9988073942756863,K
143,f0a74561-32d0-43ed-9ce0-6e173b948c68,0.5595651268959045,0.9988073933046235,K
143,18e97ac6-613e-4edf-814a-0cc689c7b805,0.5440406799316406,0.9996880425299647,K
143,72bc8697-9933-4e81-bb39-a9808290ae9b,0.5440406799316406,0.9998569632307343,K
143,94fce027-d293-4c63-a5f7-7c0cbb784f7b,0.5440406799316406,0.9996880432241925,K
143,99b1cfd5-5dac-4190-a367-19db09afe67b,0.5440406799316406,0.9996880433908072,K
143,b6251ff1-25d4-44ee-9495-599f1af13d7f,0.5440406799316406,0.9996880427243484,K
143,e1b018cb-72c1-4763-a79a-f650bb9dd371,0.5440406799316406,0.9996880428909631,K
143,f60af4d8-de22-4d30-9a25-ef9dce89971d,0.5440406799316406,0.9996880430575779,K
143,0debc7e8-5ed2-4125-b716-64b3a4f39967,0.5403101444244385,0.9998569626474844,K
143,1ac0d7d0-10c2-4768-b9b6-a6f2237cdce2,0.5403101444244385,0.9998569630085439,K
143,58af2ad5-097f-4571-ba1a-8d7b8e79ca31,0.5403101444244385,0.9998569621475559,K
143,61d8102d-8db5-4fe6-b3ef-17a3f1baa7e1,0.5403101444244385,0.9998569623141987,K
143,906ba882-a75b-4b06-b7e5-43e922996436,0.5403101444244385,0.9998569628419011,K
143,a9bb2c9e-48b4-4d3d-828d-7720cc91736c,0.5403101444244385,0.9998569631751867,K
143,4fb07384-4b5d-4438-93e0-055e99efb900,0.5336639285087585,0.9998569623419725,K
143,5a5f5b21-adf4-44b8-826f-c63c19e38e34,0.5336639285087585,0.9998569621475559,K
143,63b0f26c-ddac-40e9-bee6-6517ca864f23,0.5336639285087585,0.9998569632029605,K
143,682b264f-3c7f-424b-93f8-5b60d8359ecd,0.5336639285087585,0.9998569625086153,K
143,b6de1ffc-37fe-4edd-b614-200a1911c778,0.5336639285087585,0.9998569628419011,K
143,c85695ff-9ba6-47f4-820e-a0bffb299ffe,0.5336639285087585,0.9998569626752581,K
143,d2e22f98-6839-440b-9905-ba7e3c2cfe8c,0.5336639285087585,0.9998569630363177,K
143,3832d72b-cf6b-4220-a9cd-94a4a0b3a1b3,0.5223605036735535,0.9998569622308773,K
143,58eb5d03-af83-42fe-9424-e28f888aef6d,0.5223605036735535,0.999856962564163,K
143,6841c779-ee17-4525-ac8c-088efb4c6490,0.5223605036735535,0.9998569630918652,K
143,c1a353d7-3410-423f-a5b6-e8ae74d88982,0.5223605036735535,0.9998569627308058,K
143,c26945e7-b4b0-486d-9c66-3ea49dc7e3c2,0.5223605036735535,0.9998569623975201,K
143,e09859a9-a1f9-4a70-ae40-b417898134eb,0.5223605036735535,0.9998569629252224,K
143,47a820b2-eeb4-4a8a-8dfc-b5f66ccab71f,0.5180173516273499,0.9998569633140557,K
144,18e97ac6-613e-4edf-814a-0cc689c7b805,0.8482803702354431,0.9998262090200689,K
144,72bc8697-9933-4e81-bb39-a9808290ae9b,0.8482803702354431,0.999826210103214,K
144,94fce027-d293-4c63-a5f7-7c0cbb784f7b,0.8482803702354431,0.9998262097421656,K
144,99b1cfd5-5dac-4190-a367-19db09afe67b,0.8482803702354431,0.9998262099365763,K
144,b6251ff1-25d4-44ee-9495-599f1af13d7f,0.8482803702354431,0.9998262092144796,K
144,e1b018cb-72c1-4763-a79a-f650bb9dd371,0.8482803702354431,0.9998262093811173,K
144,f60af4d8-de22-4d30-9a25-ef9dce89971d,0.8482803702354431,0.999826209547755,K
144,1d084051-3163-4156-a4a9-da839fd639da,0.6961509585380554,0.9998262096310738,K
144,1f877424-2615-461d-b608-9954018b9105,0.6961509585380554,0.9998262102420787,K
144,38648f01-a2fa-4448-8058-6c2d9833fd4d,0.6961509585380554,0.9998262091033878,K
144,81f521ed-fbdf-4b08-ac1f-568b63d9a547,0.6961509585380554,0.9998262089367501,K
144,86c4b60e-b525-4089-98ee-9e045d77d805,0.6961509585380554,0.9998262092977984,K
144,8afe65a8-2bff-4f17-af23-85c807a7ad9d,0.6961509585380554,0.9998262100198951,K
144,c706f66b-108c-450d-93ac-a1cc6dedca0f,0.6961509585380554,0.9998262098254845,K
144,da8fb148-f8f9-4223-ba3f-26c6ce30dc0c,0.6961509585380554,0.9998262094644361,K
144,4fb07384-4b5d-4438-93e0-055e99efb900,0.5721427202224731,0.9998262091867066,K
144,5a5f5b21-adf4-44b8-826f-c63c19e38e34,0.5721427202224731,0.9998262090200689,K
144,63b0f26c-ddac-40e9-bee6-6517ca864f23,0.5721427202224731,0.999826210103214,K
144,682b264f-3c7f-424b-93f8-5b60d8359ecd,0.5721427202224731,0.9998262093533443,K
144,b6de1ffc-37fe-4edd-b614-200a1911c778,0.5721427202224731,0.9998262097143927,K
144,c85695ff-9ba6-47f4-820e-a0bffb299ffe,0.5721427202224731,0.999826209519982,K
144,d2e22f98-6839-440b-9905-ba7e3c2cfe8c,0.5721427202224731,0.9998262099088033,K
144,0debc7e8-5ed2-4125-b716-64b3a4f39967,0.5541900396347046,0.999826209519982,K
144,1ac0d7d0-10c2-4768-b9b6-a6f2237cdce2,0.5541900396347046,0.9998262098810304,K
144,58af2ad5-097f-4571-ba1a-8d7b8e79ca31,0.5541900396347046,0.999826208992296,K
144,61d8102d-8db5-4fe6-b3ef-17a3f1baa7e1,0.5541900396347046,0.9998262091589337,K
144,906ba882-a75b-4b06-b7e5-43e922996436,0.5541900396347046,0.9998262096866197,K
144,a9bb2c9e-48b4-4d3d-828d-7720cc91736c,0.5541900396347046,0.999826210075441,K
144,2ff479fb-dd9f-4c79-82f4-9cd7019bd800,0.5363128781318665,0.9996831830859698,K
144,300c6207-208a-48f7-a43a-0b3c055e15c9,0.5363128781318665,0.9996831832525838,K
144,6dfca794-82da-4db6-96d1-507ac2e91d37,0.5363128781318665,0.9996831836413494,K
144,6f20b7e3-94dc-4983-827e-d8d549f645f9,0.5363128781318665,0.999683182919356,K
144,87c694e5-e7ed-494b-9bf8-97f7acea523d,0.5363128781318665,0.9996831827527421,K
144,9332e339-1d5d-496c-b128-6011bc520c24,0.5363128781318665,0.9996831834747355,K
144,cb0f3244-9037-41de-b2ff-8a03e32d14d4,0.5363128781318665,0.9996831825583593,K
144,efa30fb9-5267-4970-b16d-7fc40b1ca487,0.5363128781318665,0.9998262102143058,K
144,36c73944-279a-4a62-8d0a-10835ec8e2e1,0.5230464935302734,0.9998262095755279,K
144,40964617-6fc9-41ae-9c48-107db425ad06,0.5230464935302734,0.9998262094088902,K
144,64d7fae9-2134-48f0-b73c-c5fac7c2ce7c,0.5230464935302734,0.9998262099643492,K
144,8208dc7c-177c-4098-b7ff-a6739ee7bbee,0.5230464935302734,0.9998262097699386,K
144,876d6520-8eac-4489-9076-c38604526380,0.5230464935302734,0.9998262092144796,K
144,a786e395-1e6e-4338-bb1f-8bbbe25167da,0.5230464935302734,0.9998262090478419,K
144,ef27b25f-b672-4196-9193-4dc687dbd36b,0.5230464935302734,0.9998262101309869,K
144,b686f2f6-7c52-469c-85fb-1c9891c888ff,0.5172522068023682,0.9998262093255714,K
144,47a820b2-eeb4-4a8a-8dfc-b5f66ccab71f,0.5106146931648254,0.9998262101865328,K
144,9475373e-a86d-478d-9cb2-3979e3f70cd2,0.5093755125999451,0.9993547897654773,K
144,3832d72b-cf6b-4220-a9cd-94a4a0b3a1b3,0.5077586770057678,0.9998262090756148,K
144,58eb5d03-af83-42fe-9424-e28f888aef6d,0.5077586770057678,0.9998262094088902,K
144,6841c779-ee17-4525-ac8c-088efb4c6490,0.5077586770057678,0.9998262099921222,K
144,9b0b7bf0-a454-4364-965d-48688e19faea,0.5077586770057678,0.9998262089089771,K
144,c1a353d7-3410-423f-a5b6-e8ae74d88982,0.5077586770057678,0.9998262096033009,K
144,c26945e7-b4b0-486d-9c66-3ea49dc7e3c2,0.5077586770057678,0.9998262092422525,K
144,e09859a9-a1f9-4a70-ae40-b417898134eb,0.5077586770057678,0.9998262097977115,K
144,25f4d028-767b-4909-a996-951109ff7855,0.5056470036506653,0.9993547895989182,K
144,361d5d03-9ade-456d-81b0-0fc5ffa89d48,0.5056470036506653,0.9993547894323591,K
144,8110435e-aa8f-4b6f-822a-983d54a9d50f,0.5056470036506653,0.999354789071481,K
144,a7882ce3-61bf-4c2c-b5a0-e8b46c9ad899,0.5056470036506653,0.9993547892380401,K
145,4fb07384-4b5d-4438-93e0-055e99efb900,0.8267097473144531,0.9998180958798945,K
145,5a5f5b21-adf4-44b8-826f-c63c19e38e34,0.8267097473144531,0.9998180957132581,K
145,63b0f26c-ddac-40e9-bee6-6517ca864f23,0.8267097473144531,0.9998180968241671,K
145,682b264f-3c7f-424b-93f8-5b60d8359ecd,0.8267097473144531,0.9998180960743035,K
145,b6de1ffc-37fe-4edd-b614-200a1911c778,0.8267097473144531,0.9998180964353489,K
145,c85695ff-9ba6-47f4-820e-a0bffb299ffe,0.8267097473144531,0.9998180962409399,K
145,d2e22f98-6839-440b-9905-ba7e3c2cfe8c,0.8267097473144531,0.999818096629758,K
145,1d084051-3163-4156-a4a9-da839fd639da,0.5596827864646912,0.9998180963520308,K
145,1f877424-2615-461d-b608-9954018b9105,0.5596827864646912,0.9998180969630307,K
145,38648f01-a2fa-4448-8058-6c2d9833fd4d,0.5596827864646912,0.999818095824349,K
145,81f521ed-fbdf-4b08-ac1f-568b63d9a547,0.5596827864646912,0.9998180956299398,K
145,86c4b60e-b525-4089-98ee-9e045d77d805,0.5596827864646912,0.9998180959909853,K
145,8afe65a8-2bff-4f17-af23-85c807a7ad9d,0.5596827864646912,0.9998180967408489,K
145,c706f66b-108c-450d-93ac-a1cc6dedca0f,0.5596827864646912,0.9998180965464398,K
145,da8fb148-f8f9-4223-ba3f-26c6ce30dc0c,0.5596827864646912,0.9998180961853944,K
145,b686f2f6-7c52-469c-85fb-1c9891c888ff,0.5271152257919312,0.9998180960465307,K
146,0debc7e8-5ed2-4125-b716-64b3a4f39967,0.8579314947128296,0.9996979199409272,K
146,1ac0d7d0-10c2-4768-b9b6-a6f2237cdce2,0.8579314947128296,0.9996979204963149,K
146,58af2ad5-097f-4571-ba1a-8d7b8e79ca31,0.8579314947128296,0.9996979194133089,K
146,61d8102d-8db5-4fe6-b3ef-17a3f1baa7e1,0.8579314947128296,0.9996979195799252,K
146,906ba882-a75b-4b06-b7e5-43e922996436,0.8579314947128296,0.9996979203296986,K
146,a9bb2c9e-48b4-4d3d-828d-7720cc91736c,0.8579314947128296,0.9998798140284682,K
146,0669c654-0e61-4305-9c11-628f4bb60eb3,0.5500541925430298,0.9987801854681956,K
146,413700d8-5c2a-411a-b178-e9feab0472cc,0.5500541925430298,0.9987801856624029,K
146,67289dc1-1026-437b-a82e-a5f229e5e061,0.5500541925430298,0.9987801852739884,K
146,88ffad9c-4295-4db8-b5dd-6d81a9f5ab51,0.5500541925430298,0.9987801860508173,K
146,b125b0e7-1b0c-49ac-89e1-0d800b56863b,0.5500541925430298,0.998780185107525,K
146,b6fa95ef-d7a6-4fb5-ab74-e713d5925479,0.5500541925430298,0.9987801862450246,K
146,ea4ebcb4-f0de-4f3b-938d-f867a49d747c,0.5500541925430298,0.9987801864392318,K
146,fd45aa2b-376a-4e19-820a-b5d25f8b23ca,0.5500541925430298,0.9987801849133177,K
146,2ff479fb-dd9f-4c79-82f4-9cd7019bd800,0.5361892580986023,0.9996979198853884,K
146,300c6207-208a-48f7-a43a-0b3c055e15c9,0.5361892580986023,0.9996979200520048,K
146,6dfca794-82da-4db6-96d1-507ac2e91d37,0.5361892580986023,0.9996979206073925,K
146,6f20b7e3-94dc-4983-827e-d8d549f645f9,0.5361892580986023,0.9996979196910027,K
146,87c694e5-e7ed-494b-9bf8-97f7acea523d,0.5361892580986023,0.9996979195243864,K
146,9332e339-1d5d-496c-b128-6011bc520c24,0.5361892580986023,0.9996979204407761,K
146,cb0f3244-9037-41de-b2ff-8a03e32d14d4,0.5361892580986023,0.9996979193300006,K
146,efa30fb9-5267-4970-b16d-7fc40b1ca487,0.5361892580986023,0.9998798141673404,K
146,1d084051-3163-4156-a4a9-da839fd639da,0.5262777805328369,0.9998798134174305,K
146,1f877424-2615-461d-b608-9954018b9105,0.5262777805328369,0.9998798141951148,K
146,38648f01-a2fa-4448-8058-6c2d9833fd4d,0.5262777805328369,0.9998798128897162,K
146,81f521ed-fbdf-4b08-ac1f-568b63d9a547,0.5262777805328369,0.9998798126952951,K
146,86c4b60e-b525-4089-98ee-9e045d77d805,0.5262777805328369,0.9998798130563628,K
146,8afe65a8-2bff-4f17-af23-85c807a7ad9d,0.5262777805328369,0.9998798139729193,K
146,c706f66b-108c-450d-93ac-a1cc6dedca0f,0.5262777805328369,0.9998798138062727,K
146,da8fb148-f8f9-4223-ba3f-26c6ce30dc0c,0.5262777805328369,0.9998798132230095,K
146,3832d72b-cf6b-4220-a9cd-94a4a0b3a1b3,0.5176063776016235,0.999697919496617,K
146,58eb5d03-af83-42fe-9424-e28f888aef6d,0.5176063776016235,0.999697919857619,K
146,6841c779-ee17-4525-ac8c-088efb4c6490,0.5176063776016235,0.999697920579623,K
146,9b0b7bf0-a454-4364-965d-48688e19faea,0.5176063776016235,0.9996979193300006,K
146,c1a353d7-3410-423f-a5b6-e8ae74d88982,0.5176063776016235,0.9996979200242353,K
146,c26945e7-b4b0-486d-9c66-3ea49dc7e3c2,0.5176063776016235,0.9996979196632333,K
146,e09859a9-a1f9-4a70-ae40-b417898134eb,0.5176063776016235,0.9996979204130068,K
146,47a820b2-eeb4-4a8a-8dfc-b5f66ccab71f,0.5175493955612183,0.9996979208017782,K
147,9475373e-a86d-478d-9cb2-3979e3f70cd2,0.7736961245536804,0.9995482939943344,K
147,25f4d028-767b-4909-a996-951109ff7855,0.7718667387962341,0.9995482937999778,K
147,361d5d03-9ade-456d-81b0-0fc5ffa89d48,0.7718667387962341,0.9995482936056211,K
147,8110435e-aa8f-4b6f-822a-983d54a9d50f,0.7718667387962341,0.999548293216908,K
147,a7882ce3-61bf-4c2c-b5a0-e8b46c9ad899,0.7718667387962341,0.9995482934112646,K
147,cd88c861-2506-40b8-9171-75634aaec722,0.7656750679016113,0.9989033636067716,K
147,3681387f-66db-44e2-b8cc-dec3029d648e,0.7603673338890076,0.9998503403112399,K
147,1d084051-3163-4156-a4a9-da839fd639da,0.6319113373756409,0.9998503399224091,K
147,1f877424-2615-461d-b608-9954018b9105,0.6319113373756409,0.9998503405612024,K
147,38648f01-a2fa-4448-8058-6c2d9833fd4d,0.6319113373756409,0.9998503393391631,K
147,81f521ed-fbdf-4b08-ac1f-568b63d9a547,0.6319113373756409,0.9998503391725214,K
147,86c4b60e-b525-4089-98ee-9e045d77d805,0.6319113373756409,0.9998503395335785,K
147,8afe65a8-2bff-4f17-af23-85c807a7ad9d,0.6319113373756409,0.9998503403112399,K
147,c706f66b-108c-450d-93ac-a1cc6dedca0f,0.6319113373756409,0.9998503401168245,K
147,da8fb148-f8f9-4223-ba3f-26c6ce30dc0c,0.6319113373756409,0.9998503397279938,K
147,18e97ac6-613e-4edf-814a-0cc689c7b805,0.5577290654182434,0.9995482933002037,K
147,72bc8697-9933-4e81-bb39-a9808290ae9b,0.5577290654182434,0.9998503403945607,K
147,94fce027-d293-4c63-a5f7-7c0cbb784f7b,0.5577290654182434,0.9995482940498649,K
147,99b1cfd5-5dac-4190-a367-19db09afe67b,0.5577290654182434,0.9995482942442215,K
147,b6251ff1-25d4-44ee-9495-599f1af13d7f,0.5577290654182434,0.9995482934945603,K
147,cc92ad84-e762-4fb8-8aab-f9c353120246,0.5577290654182434,0.9997301592191298,K
147,e1b018cb-72c1-4763-a79a-f650bb9dd371,0.5577290654182434,0.9995482936611516,K
147,f60af4d8-de22-4d30-9a25-ef9dce89971d,0.5577290654182434,0.9995482938555083,K
147,b686f2f6-7c52-469c-85fb-1c9891c888ff,0.534867525100708,0.9997301597467652,K
147,3832d72b-cf6b-4220-a9cd-94a4a0b3a1b3,0.5084040760993958,0.9998503393113894,K
147,58eb5d03-af83-42fe-9424-e28f888aef6d,0.5084040760993958,0.9998503396724465,K
147,6841c779-ee17-4525-ac8c-088efb4c6490,0.5084040760993958,0.9998503402556925,K
147,9b0b7bf0-a454-4364-965d-48688e19faea,0.5084040760993958,0.9998503391169742,K
147,c1a353d7-3410-423f-a5b6-e8ae74d88982,0.5084040760993958,0.9998503398668619,K
147,c26945e7-b4b0-486d-9c66-3ea49dc7e3c2,0.5084040760993958,0.9998503394780311,K
147,e09859a9-a1f9-4a70-ae40-b417898134eb,0.5084040760993958,0.9998503400612773,K
147,47a820b2-eeb4-4a8a-8dfc-b5f66ccab71f,0.5069645047187805,0.9998503405056551,K
148,1d084051-3163-4156-a4a9-da839fd639da,0.9156350493431091,0.99986331109278,K
148,1f877424-2615-461d-b608-9954018b9105,0.9156350493431091,0.9998633119815474,K
148,38648f01-a2fa-4448-8058-6c2d9833fd4d,0.9156350493431091,0.9998633105373005,K
148,81f521ed-fbdf-4b08-ac1f-568b63d9a547,0.9156350493431091,0.9998633103706566,K
148,86c4b60e-b525-4089-98ee-9e045d77d805,0.9156350493431091,0.9998633107317183,K
148,8afe65a8-2bff-4f17-af23-85c807a7ad9d,0.9156350493431091,0.9998633115927117,K
148,c706f66b-108c-450d-93ac-a1cc6dedca0f,0.9156350493431091,0.999863311287198,K
148,da8fb148-f8f9-4223-ba3f-26c6ce30dc0c,0.9156350493431091,0.9998633108983622,K
148,18e97ac6-613e-4edf-814a-0cc689c7b805,0.6493911147117615,0.9998633104539785,K
148,72bc8697-9933-4e81-bb39-a9808290ae9b,0.6493911147117615,0.9998633116760337,K
148,94fce027-d293-4c63-a5f7-7c0cbb784f7b,0.6493911147117615,0.999863311176102,K
148,99b1cfd5-5dac-4190-a367-19db09afe67b,0.6493911147117615,0.9998633113705199,K
148,b6251ff1-25d4-44ee-9495-599f1af13d7f,0.6493911147117615,0.9998633106483964,K
148,cc92ad84-e762-4fb8-8aab-f9c353120246,0.6493911147117615,0.9998633102873347,K
148,e1b018cb-72c1-4763-a79a-f650bb9dd371,0.6493911147117615,0.9998633108150402,K
148,f60af4d8-de22-4d30-9a25-ef9dce89971d,0.6493911147117615,0.9998633110094581,K
148,9475373e-a86d-478d-9cb2-3979e3f70cd2,0.5522940754890442,0.999863311120554,K
148,25f4d028-767b-4909-a996-951109ff7855,0.5485419631004333,0.9998633109261361,K
148,361d5d03-9ade-456d-81b0-0fc5ffa89d48,0.5485419631004333,0.9998633107594923,K
148,8110435e-aa8f-4b6f-822a-983d54a9d50f,0.5485419631004333,0.9998633103984306,K
148,a7882ce3-61bf-4c2c-b5a0-e8b46c9ad899,0.5485419631004333,0.9998633105650744,K
148,3681387f-66db-44e2-b8cc-dec3029d648e,0.5446940064430237,0.9998633116204857,K
148,cd88c861-2506-40b8-9171-75634aaec722,0.5329797267913818,0.9998633113149719,K
148,0debc7e8-5ed2-4125-b716-64b3a4f39967,0.5278139710426331,0.9997136586701728,K
148,1ac0d7d0-10c2-4768-b9b6-a6f2237cdce2,0.5278139710426331,0.9997136590589503,K
148,27027481-502c-4e4c-a177-ce660051f67e,0.5278139710426331,0.9998633102317867,K
148,58af2ad5-097f-4571-ba1a-8d7b8e79ca31,0.5278139710426331,0.9997136581425461,K
148,61d8102d-8db5-4fe6-b3ef-17a3f1baa7e1,0.5278139710426331,0.999713658309165,K
148,906ba882-a75b-4b06-b7e5-43e922996436,0.5278139710426331,0.9997136588645615,K
148,a9bb2c9e-48b4-4d3d-828d-7720cc91736c,0.5278139710426331,0.9998633116482597,K
148,36c73944-279a-4a62-8d0a-10835ec8e2e1,0.5187922716140747,0.9994116540600546,K
148,40964617-6fc9-41ae-9c48-107db425ad06,0.5187922716140747,0.9994116538934861,K
148,64d7fae9-2134-48f0-b73c-c5fac7c2ce7c,0.5187922716140747,0.9994116544487147,K
148,8208dc7c-177c-4098-b7ff-a6739ee7bbee,0.5187922716140747,0.9994116542543847,K
148,876d6520-8eac-4489-9076-c38604526380,0.5187922716140747,0.9994116537269174,K
148,9a16f5c3-5d73-4688-ab6c-77f63571be01,0.5187922716140747,0.9994116533660188,K
148,a786e395-1e6e-4338-bb1f-8bbbe25167da,0.5187922716140747,0.9994116535325874,K
148,ef27b25f-b672-4196-9193-4dc687dbd36b,0.5187922716140747,0.9998633117038076,K
148,3832d72b-cf6b-4220-a9cd-94a4a0b3a1b3,0.5182243585586548,0.9998633105095265,K
148,58eb5d03-af83-42fe-9424-e28f888aef6d,0.5182243585586548,0.9998633108705882,K
148,6841c779-ee17-4525-ac8c-088efb4c6490,0.5182243585586548,0.9998633114816158,K
148,9b0b7bf0-a454-4364-965d-48688e19faea,0.5182243585586548,0.9998633103428826,K
148,c1a353d7-3410-423f-a5b6-e8ae74d88982,0.5182243585586548,0.9998633110372321,K
148,c26945e7-b4b0-486d-9c66-3ea49dc7e3c2,0.5182243585586548,0.9998633106761703,K
148,e09859a9-a1f9-4a70-ae40-b417898134eb,0.5182243585586548,0.99986331123165,K
148,47a820b2-eeb4-4a8a-8dfc-b5f66ccab71f,0.5141110420227051,0.9998633118149035,K
148,b686f2f6-7c52-469c-85fb-1c9891c888ff,0.5141010284423828,0.9998633107594923,K
148,4fb07384-4b5d-4438-93e0-055e99efb900,0.5114408135414124,0.9995934949233645,K
148,5a5f5b21-adf4-44b8-826f-c63c19e38e34,0.5114408135414124,0.9995934947567655,K
148,63b0f26c-ddac-40e9-bee6-6517ca864f23,0.5114408135414124,0.9995934959784909,K
148,682b264f-3c7f-424b-93f8-5b60d8359ecd,0.5114408135414124,0.9995934950899633,K
148,b6de1ffc-37fe-4edd-b614-200a1911c778,0.5114408135414124,0.9995934954509277,K
148,c85695ff-9ba6-47f4-820e-a0bffb299ffe,0.5114408135414124,0.9995934952843287,K
148,d2e22f98-6839-440b-9905-ba7e3c2cfe8c,0.5114408135414124,0.9995934956452931,K
148,daaf3791-1a9e-4413-8222-309dd9e26e43,0.5114408135414124,0.9997136579759272,K
149,2ff479fb-dd9f-4c79-82f4-9cd7019bd800,0.820835292339325,0.9995397001371685,K
149,300c6207-208a-48f7-a43a-0b3c055e15c9,0.820835292339325,0.9995397003315235,K
149,6dfca794-82da-4db6-96d1-507ac2e91d37,0.820835292339325,0.9995397006924684,K
149,6f20b7e3-94dc-4983-827e-d8d549f645f9,0.820835292339325,0.9995396999705787,K
149,87c694e5-e7ed-494b-9bf8-97f7acea523d,0.820835292339325,0.9995396997762237,K
149,9332e339-1d5d-496c-b128-6011bc520c24,0.820835292339325,0.9995397004981135,K
149,cb0f3244-9037-41de-b2ff-8a03e32d14d4,0.820835292339325,0.9995396996096337,K
149,efa30fb9-5267-4970-b16d-7fc40b1ca487,0.820835292339325,0.9998260055554561,K
149,1d084051-3163-4156-a4a9-da839fd639da,0.5829893350601196,0.9998260049722243,K
149,1f877424-2615-461d-b608-9954018b9105,0.5829893350601196,0.9998260055554561,K
149,38648f01-a2fa-4448-8058-6c2d9833fd4d,0.5829893350601196,0.9998260044445383,K
149,81f521ed-fbdf-4b08-ac1f-568b63d9a547,0.5829893350601196,0.9998260042779007,K
149,86c4b60e-b525-4089-98ee-9e045d77d805,0.5829893350601196,0.9998260046389489,K
149,8afe65a8-2bff-4f17-af23-85c807a7ad9d,0.5829893350601196,0.9998260053332726,K
149,c706f66b-108c-450d-93ac-a1cc6dedca0f,0.5829893350601196,0.9998260051666349,K
149,da8fb148-f8f9-4223-ba3f-26c6ce30dc0c,0.5829893350601196,0.9998260048055866,K
149,3832d72b-cf6b-4220-a9cd-94a4a0b3a1b3,0.5795076489448547,0.9998260043889924,K
149,58eb5d03-af83-42fe-9424-e28f888aef6d,0.5795076489448547,0.9998260047500407,K
149,6841c779-ee17-4525-ac8c-088efb4c6490,0.5795076489448547,0.9998260053054996,K
149,9b0b7bf0-a454-4364-965d-48688e19faea,0.5795076489448547,0.9998260042223548,K
149,c1a353d7-3410-423f-a5b6-e8ae74d88982,0.5795076489448547,0.9998260049444513,K
149,c26945e7-b4b0-486d-9c66-3ea49dc7e3c2,0.5795076489448547,0.9998260045834031,K
149,e09859a9-a1f9-4a70-ae40-b417898134eb,0.5795076489448547,0.999826005111089,K
149,47a820b2-eeb4-4a8a-8dfc-b5f66ccab71f,0.5746927261352539,0.9998260055276832,K
149,b686f2f6-7c52-469c-85fb-1c9891c888ff,0.567487895488739,0.9998260046667219,K
149,4fb07384-4b5d-4438-93e0-055e99efb900,0.5562667846679688,0.9998260045278572,K
149,5a5f5b21-adf4-44b8-826f-c63c19e38e34,0.5562667846679688,0.9998260043334466,K
149,63b0f26c-ddac-40e9-bee6-6517ca864f23,0.5562667846679688,0.9998260054165914,K
149,682b264f-3c7f-424b-93f8-5b60d8359ecd,0.5562667846679688,0.9998260046944948,K
149,b6de1ffc-37fe-4edd-b614-200a1911c778,0.5562667846679688,0.9998260050555431,K
149,c85695ff-9ba6-47f4-820e-a0bffb299ffe,0.5562667846679688,0.9998260048611325,K
149,d2e22f98-6839-440b-9905-ba7e3c2cfe8c,0.5562667846679688,0.9998260052221808,K
149,daaf3791-1a9e-4413-8222-309dd9e26e43,0.5562667846679688,0.9998260041390359,K
149,0debc7e8-5ed2-4125-b716-64b3a4f39967,0.5290985107421875,0.9998260048611325,K
149,1ac0d7d0-10c2-4768-b9b6-a6f2237cdce2,0.5290985107421875,0.9998260051944078,K
149,27027481-502c-4e4c-a177-ce660051f67e,0.5290985107421875,0.9998260041390359,K
149,58af2ad5-097f-4571-ba1a-8d7b8e79ca31,0.5290985107421875,0.9998260043056736,K
149,61d8102d-8db5-4fe6-b3ef-17a3f1baa7e1,0.5290985107421875,0.9998260045000842,K
149,906ba882-a75b-4b06-b7e5-43e922996436,0.5290985107421875,0.9998260050277702,K
149,a9bb2c9e-48b4-4d3d-828d-7720cc91736c,0.5290985107421875,0.9998260053888184,K
149,18e97ac6-613e-4edf-814a-0cc689c7b805,0.5096231698989868,0.9998260043612195,K
149,72bc8697-9933-4e81-bb39-a9808290ae9b,0.5096231698989868,0.9998260054443643,K
149,94fce027-d293-4c63-a5f7-7c0cbb784f7b,0.5096231698989868,0.9998260050833161,K
149,99b1cfd5-5dac-4190-a367-19db09afe67b,0.5096231698989868,0.9998260052499537,K
149,b6251ff1-25d4-44ee-9495-599f1af13d7f,0.5096231698989868,0.9998260045278572,K
149,cc92ad84-e762-4fb8-8aab-f9c353120246,0.5096231698989868,0.9998260041668089,K
149,e1b018cb-72c1-4763-a79a-f650bb9dd371,0.5096231698989868,0.9998260047222678,K
149,f60af4d8-de22-4d30-9a25-ef9dce89971d,0.5096231698989868,0.9998260048889054,K
149,36c73944-279a-4a62-8d0a-10835ec8e2e1,0.50947505235672,0.9998260049166784,K
149,40964617-6fc9-41ae-9c48-107db425ad06,0.50947505235672,0.9998260047500407,K
149,64d7fae9-2134-48f0-b73c-c5fac7c2ce7c,0.50947505235672,0.9998260052777267,K
149,8208dc7c-177c-4098-b7ff-a6739ee7bbee,0.50947505235672,0.9998260050833161,K
149,876d6520-8eac-4489-9076-c38604526380,0.50947505235672,0.9998260045556301,K
149,9a16f5c3-5d73-4688-ab6c-77f63571be01,0.50947505235672,0.9998260041945818,K
149,a786e395-1e6e-4338-bb1f-8bbbe25167da,0.50947505235672,0.9998260043889924,K
149,ef27b25f-b672-4196-9193-4dc687dbd36b,0.50947505235672,0.9998260054721373,K
150,47a820b2-eeb4-4a8a-8dfc-b5f66ccab71f,0.8496209979057312,0.9998179246888329,K
150,3832d72b-cf6b-4220-a9cd-94a4a0b3a1b3,0.8476842045783997,0.9998179235779241,K
150,58eb5d03-af83-42fe-9424-e28f888aef6d,0.8476842045783997,0.9998179239389694,K
150,6841c779-ee17-4525-ac8c-088efb4c6490,0.8476842045783997,0.9998179244666511,K
150,9b0b7bf0-a454-4364-965d-48688e19faea,0.8476842045783997,0.999817923383515,K
150,c1a353d7-3410-423f-a5b6-e8ae74d88982,0.8476842045783997,0.9998179241056058,K
150,c26945e7-b4b0-486d-9c66-3ea49dc7e3c2,0.8476842045783997,0.9998179237445604,K
150,e09859a9-a1f9-4a70-ae40-b417898134eb,0.8476842045783997,0.999817924272242,K
150,2ff479fb-dd9f-4c79-82f4-9cd7019bd800,0.6022201180458069,0.9998179239667422,K
150,300c6207-208a-48f7-a43a-0b3c055e15c9,0.6022201180458069,0.9998179241333784,K
150,6dfca794-82da-4db6-96d1-507ac2e91d37,0.6022201180458069,0.9998179244944239,K
150,6f20b7e3-94dc-4983-827e-d8d549f645f9,0.6022201180458069,0.9998179237723331,K
150,87c694e5-e7ed-494b-9bf8-97f7acea523d,0.6022201180458069,0.9998179236056968,K
150,9332e339-1d5d-496c-b128-6011bc520c24,0.6022201180458069,0.9998179243000148,K
150,cb0f3244-9037-41de-b2ff-8a03e32d14d4,0.6022201180458069,0.9998179234112877,K
150,efa30fb9-5267-4970-b16d-7fc40b1ca487,0.6022201180458069,0.9998179247166056,K
150,0debc7e8-5ed2-4125-b716-64b3a4f39967,0.5692237019538879,0.9998179240222876,K
150,1ac0d7d0-10c2-4768-b9b6-a6f2237cdce2,0.5692237019538879,0.999817924383333,K
150,27027481-502c-4e4c-a177-ce660051f67e,0.5692237019538879,0.9998179233001969,K
150,58af2ad5-097f-4571-ba1a-8d7b8e79ca31,0.5692237019538879,0.9998179234946059,K
150,61d8102d-8db5-4fe6-b3ef-17a3f1baa7e1,0.5692237019538879,0.9998179236612422,K
150,906ba882-a75b-4b06-b7e5-43e922996436,0.5692237019538879,0.9998179241889239,K
150,a9bb2c9e-48b4-4d3d-828d-7720cc91736c,0.5692237019538879,0.9998179245499693,K
150,1d084051-3163-4156-a4a9-da839fd639da,0.5679241418838501,0.9998179241611512,K
150,1f877424-2615-461d-b608-9954018b9105,0.5679241418838501,0.9998179247443784,K
150,38648f01-a2fa-4448-8058-6c2d9833fd4d,0.5679241418838501,0.9998179236334696,K
150,81f521ed-fbdf-4b08-ac1f-568b63d9a547,0.5679241418838501,0.9998179234390605,K
150,86c4b60e-b525-4089-98ee-9e045d77d805,0.5679241418838501,0.9998179238001058,K
150,8afe65a8-2bff-4f17-af23-85c807a7ad9d,0.5679241418838501,0.9998179245221965,K
150,a92d5c89-98c1-4a3b-98fc-8e95f5a7dfd2,0.5679241418838501,0.9998179232724241,K
150,c706f66b-108c-450d-93ac-a1cc6dedca0f,0.5679241418838501,0.9998179243277875,K
150,da8fb148-f8f9-4223-ba3f-26c6ce30dc0c,0.5679241418838501,0.9998179239667422,K
150,b686f2f6-7c52-469c-85fb-1c9891c888ff,0.5605583190917969,0.9998179238556513,K
150,4fb07384-4b5d-4438-93e0-055e99efb900,0.5088074207305908,0.9998179236890149,K
150,5a5f5b21-adf4-44b8-826f-c63c19e38e34,0.5088074207305908,0.9998179235223786,K
150,63b0f26c-ddac-40e9-bee6-6517ca864f23,0.5088074207305908,0.999817924577742,K
150,682b264f-3c7f-424b-93f8-5b60d8359ecd,0.5088074207305908,0.9998179238556513,K
150,b6de1ffc-37fe-4edd-b614-200a1911c778,0.5088074207305908,0.9998179242166967,K
150,c85695ff-9ba6-47f4-820e-a0bffb299ffe,0.5088074207305908,0.9998179240500603,K
150,d2e22f98-6839-440b-9905-ba7e3c2cfe8c,0.5088074207305908,0.999817924383333,K
150,daaf3791-1a9e-4413-8222-309dd9e26e43,0.5088074207305908,0.9998179233279696,K
151,36c73944-279a-4a62-8d0a-10835ec8e2e1,0.8494401574134827,0.9996658322076096,K
151,40964617-6fc9-41ae-9c48-107db425ad06,0.8494401574134827,0.9996658320409986,K
151,64d7fae9-2134-48f0-b73c-c5fac7c2ce7c,0.8494401574134827,0.9996658325408315,K
151,8208dc7c-177c-4098-b7ff-a6739ee7bbee,0.8494401574134827,0.9996658323742206,K
151,876d6520-8eac-4489-9076-c38604526380,0.8494401574134827,0.9996658318743876,K
151,9a16f5c3-5d73-4688-ab6c-77f63571be01,0.8494401574134827,0.9996658315411657,K
151,a786e395-1e6e-4338-bb1f-8bbbe25167da,0.8494401574134827,0.9996658317077767,K
151,ef27b25f-b672-4196-9193-4dc687dbd36b,0.8494401574134827,0.9998478942914687,K
151,1d084051-3163-4156-a4a9-da839fd639da,0.6296939253807068,0.9998478938470918,K
151,1f877424-2615-461d-b608-9954018b9105,0.6296939253807068,0.9998478944025629,K
151,38648f01-a2fa-4448-8058-6c2d9833fd4d,0.6296939253807068,0.999847893347168,K
151,81f521ed-fbdf-4b08-ac1f-568b63d9a547,0.6296939253807068,0.9998478931805266,K
151,86c4b60e-b525-4089-98ee-9e045d77d805,0.6296939253807068,0.9998478935138092,K
151,8afe65a8-2bff-4f17-af23-85c807a7ad9d,0.6296939253807068,0.9998478941803745,K
151,a92d5c89-98c1-4a3b-98fc-8e95f5a7dfd2,0.6296939253807068,0.9998478930138852,K
151,c706f66b-108c-450d-93ac-a1cc6dedca0f,0.6296939253807068,0.9998478940137332,K
151,da8fb148-f8f9-4223-ba3f-26c6ce30dc0c,0.6296939253807068,0.9998478936804506,K
151,b686f2f6-7c52-469c-85fb-1c9891c888ff,0.585988461971283,0.9998478935415828,K
151,0154a54e-d1f0-4d9a-9418-4baffc396204,0.5595651268959045,0.9987302118085734,K
151,0c97e95c-5616-4c67-a3bd-399eba330b80,0.5595651268959045,0.9987302120027709,K
151,298ef311-ba49-4a2d-bade-afa8afabce89,0.5595651268959045,0.998730212724076,K
151,34432c50-68cc-414b-99a0-276ad2c65e56,0.5595651268959045,0.9987302121969684,K
151,aa5e3739-499b-46a9-9313-a9fb000f12a6,0.5595651268959045,0.9987302123634234,K
151,ac37a538-4d7d-47c5-a7f2-4b09b2736183,0.5595651268959045,0.9987302113092082,K
151,bcdce8a0-f6e1-41bc-bf9f-5de570b066a7,0.5595651268959045,0.9987302114756633,K
151,e964df06-0f65-4317-8001-1fa1e0c9b288,0.5595651268959045,0.998730212557621,K
151,f0a74561-32d0-43ed-9ce0-6e173b948c68,0.5595651268959045,0.9987302116421183,K
151,18e97ac6-613e-4edf-814a-0cc689c7b805,0.5440406799316406,0.9996658316800082,K
151,72bc8697-9933-4e81-bb39-a9808290ae9b,0.5440406799316406,0.9998478942636951,K
151,94fce027-d293-4c63-a5f7-7c0cbb784f7b,0.5440406799316406,0.9996658323464521,K
151,99b1cfd5-5dac-4190-a367-19db09afe67b,0.5440406799316406,0.9996658325130631,K
151,b6251ff1-25d4-44ee-9495-599f1af13d7f,0.5440406799316406,0.9996658318466192,K
151,cc92ad84-e762-4fb8-8aab-f9c353120246,0.5440406799316406,0.9996658315133972,K
151,e1b018cb-72c1-4763-a79a-f650bb9dd371,0.5440406799316406,0.9996658320132301,K
151,f60af4d8-de22-4d30-9a25-ef9dce89971d,0.5440406799316406,0.9996658321798411,K
151,0debc7e8-5ed2-4125-b716-64b3a4f39967,0.5403101444244385,0.9998478937359976,K
151,1ac0d7d0-10c2-4768-b9b6-a6f2237cdce2,0.5403101444244385,0.9998478940692803,K
151,27027481-502c-4e4c-a177-ce660051f67e,0.5403101444244385,0.9998478930416588,K
151,58af2ad5-097f-4571-ba1a-8d7b8e79ca31,0.5403101444244385,0.9998478932083001,K
151,61d8102d-8db5-4fe6-b3ef-17a3f1baa7e1,0.5403101444244385,0.9998478933749414,K
151,906ba882-a75b-4b06-b7e5-43e922996436,0.5403101444244385,0.999847893902639,K
151,a9bb2c9e-48b4-4d3d-828d-7720cc91736c,0.5403101444244385,0.9998478942359216,K
151,4fb07384-4b5d-4438-93e0-055e99efb900,0.5336639285087585,0.999847893402715,K
151,5a5f5b21-adf4-44b8-826f-c63c19e38e34,0.5336639285087585,0.9998478932360737,K
151,63b0f26c-ddac-40e9-bee6-6517ca864f23,0.5336639285087585,0.9998478942636951,K
151,682b264f-3c7f-424b-93f8-5b60d8359ecd,0.5336639285087585,0.9998478935693563,K
151,b6de1ffc-37fe-4edd-b614-200a1911c778,0.5336639285087585,0.9998478939304125,K
151,c85695ff-9ba6-47f4-820e-a0bffb299ffe,0.5336639285087585,0.9998478937637711,K
151,d2e22f98-6839-440b-9905-ba7e3c2cfe8c,0.5336639285087585,0.9998478940970538,K
151,daaf3791-1a9e-4413-8222-309dd9e26e43,0.5336639285087585,0.9998478930694323,K
151,3832d72b-cf6b-4220-a9cd-94a4a0b3a1b3,0.5223605036735535,0.9998478932916208,K
151,58eb5d03-af83-42fe-9424-e28f888aef6d,0.5223605036735535,0.9998478936249034,K
151,6841c779-ee17-4525-ac8c-088efb4c6490,0.5223605036735535,0.9998478941526009,K
151,9b0b7bf0-a454-4364-965d-48688e19faea,0.5223605036735535,0.9998478931249795,K
151,c1a353d7-3410-423f-a5b6-e8ae74d88982,0.5223605036735535,0.9998478938193183,K
151,c26945e7-b4b0-486d-9c66-3ea49dc7e3c2,0.5223605036735535,0.9998478934582621,K
151,e09859a9-a1f9-4a70-ae40-b417898134eb,0.5223605036735535,0.9998478939859596,K
151,47a820b2-eeb4-4a8a-8dfc-b5f66ccab71f,0.5180173516273499,0.9998478943747894,K
152,18e97ac6-613e-4edf-814a-0cc689c7b805,0.8482803702354431,0.9998154638622214,K
152,72bc8697-9933-4e81-bb39-a9808290ae9b,0.8482803702354431,0.9998154649175822,K
152,94fce027-d293-4c63-a5f7-7c0cbb784f7b,0.8482803702354431,0.9998154645565377,K
152,99b1cfd5-5dac-4190-a367-19db09afe67b,0.8482803702354431,0.9998154647231736,K
152,b6251ff1-25d4-44ee-9495-599f1af13d7f,0.8482803702354431,0.9998154640288573,K
152,cc92ad84-e762-4fb8-8aab-f9c353120246,0.8482803702354431,0.9998154636955855,K
152,e1b018cb-72c1-4763-a79a-f650bb9dd371,0.8482803702354431,0.9998154642232658,K
152,f60af4d8-de22-4d30-9a25-ef9dce89971d,0.8482803702354431,0.9998154643621291,K
152,1d084051-3163-4156-a4a9-da839fd639da,0.6961509585380554,0.9998154644732198,K
152,1f877424-2615-461d-b608-9954018b9105,0.6961509585380554,0.9998154650286728,K
152,38648f01-a2fa-4448-8058-6c2d9833fd4d,0.6961509585380554,0.9998154639455393,K
152,81f521ed-fbdf-4b08-ac1f-568b63d9a547,0.6961509585380554,0.9998154637789034,K
152,86c4b60e-b525-4089-98ee-9e045d77d805,0.6961509585380554,0.9998154641121753,K
152,8afe65a8-2bff-4f17-af23-85c807a7ad9d,0.6961509585380554,0.9998154648064915,K
152,a92d5c89-98c1-4a3b-98fc-8e95f5a7dfd2,0.6961509585380554,0.9998154635844949,K
152,c706f66b-108c-450d-93ac-a1cc6dedca0f,0.6961509585380554,0.9998154646398556,K
152,da8fb148-f8f9-4223-ba3f-26c6ce30dc0c,0.6961509585380554,0.9998154642788112,K
152,4fb07384-4b5d-4438-93e0-055e99efb900,0.5721427202224731,0.9998154640010847,K
152,5a5f5b21-adf4-44b8-826f-c63c19e38e34,0.5721427202224731,0.9998154638344487,K
152,63b0f26c-ddac-40e9-bee6-6517ca864f23,0.5721427202224731,0.9998154648898095,K
152,682b264f-3c7f-424b-93f8-5b60d8359ecd,0.5721427202224731,0.9998154641954933,K
152,b6de1ffc-37fe-4edd-b614-200a1911c778,0.5721427202224731,0.999815464528765,K
152,c85695ff-9ba6-47f4-820e-a0bffb299ffe,0.5721427202224731,0.9998154643621291,K
152,d2e22f98-6839-440b-9905-ba7e3c2cfe8c,0.5721427202224731,0.999815464695401,K
152,daaf3791-1a9e-4413-8222-309dd9e26e43,0.5721427202224731,0.9998154636678128,K
152,0debc7e8-5ed2-4125-b716-64b3a4f39967,0.5541900396347046,0.9998154643343565,K
152,1ac0d7d0-10c2-4768-b9b6-a6f2237cdce2,0.5541900396347046,0.9998154646676283,K
152,27027481-502c-4e4c-a177-ce660051f67e,0.5541900396347046,0.9998154636400401,K
152,58af2ad5-097f-4571-ba1a-8d7b8e79ca31,0.5541900396347046,0.9998154638066761,K
152,61d8102d-8db5-4fe6-b3ef-17a3f1baa7e1,0.5541900396347046,0.999815463973312,K
152,906ba882-a75b-4b06-b7e5-43e922996436,0.5541900396347046,0.9998154645009923,K
152,a9bb2c9e-48b4-4d3d-828d-7720cc91736c,0.5541900396347046,0.9998154648620369,K
152,2ff479fb-dd9f-4c79-82f4-9cd7019bd800,0.5363128781318665,0.9996633742267295,K
152,300c6207-208a-48f7-a43a-0b3c055e15c9,0.5363128781318665,0.9996633743933401,K
152,6dfca794-82da-4db6-96d1-507ac2e91d37,0.5363128781318665,0.9996633747265612,K
152,6f20b7e3-94dc-4983-827e-d8d549f645f9,0.5363128781318665,0.999663374060119,K
152,87c694e5-e7ed-494b-9bf8-97f7acea523d,0.5363128781318665,0.99966337386574,K
152,8dda3e94-77d2-41c2-a897-30059c130989,0.5363128781318665,0.9996633735047504,K
152,9332e339-1d5d-496c-b128-6011bc520c24,0.5363128781318665,0.9996633745599507,K
152,cb0f3244-9037-41de-b2ff-8a03e32d14d4,0.5363128781318665,0.9996633736991294,K
152,efa30fb9-5267-4970-b16d-7fc40b1ca487,0.5363128781318665,0.9998154650286728,K
152,36c73944-279a-4a62-8d0a-10835ec8e2e1,0.5230464935302734,0.9998154643899018,K
152,40964617-6fc9-41ae-9c48-107db425ad06,0.5230464935302734,0.9998154642232658,K
152,64d7fae9-2134-48f0-b73c-c5fac7c2ce7c,0.5230464935302734,0.9998154647509463,K
152,8208dc7c-177c-4098-b7ff-a6739ee7bbee,0.5230464935302734,0.9998154645843104,K
152,876d6520-8eac-4489-9076-c38604526380,0.5230464935302734,0.9998154640566299,K
152,9a16f5c3-5d73-4688-ab6c-77f63571be01,0.5230464935302734,0.9998154636955855,K
152,a786e395-1e6e-4338-bb1f-8bbbe25167da,0.5230464935302734,0.9998154638899941,K
152,ef27b25f-b672-4196-9193-4dc687dbd36b,0.5230464935302734,0.9998154649453548,K
152,b686f2f6-7c52-469c-85fb-1c9891c888ff,0.5172522068023682,0.9998154641677206,K
152,47a820b2-eeb4-4a8a-8dfc-b5f66ccab71f,0.5106146931648254,0.9998154650009001,K
152,9475373e-a86d-478d-9cb2-3979e3f70cd2,0.5093755125999451,0.9993074286605417,K
152,3832d72b-cf6b-4220-a9cd-94a4a0b3a1b3,0.5077586770057678,0.9998154638899941,K
152,557c9883-50e2-4e00-91ec-d965616ffbaa,0.5077586770057678,0.9998154635567222,K
152,58eb5d03-af83-42fe-9424-e28f888aef6d,0.5077586770057678,0.9998154642510385,K
152,6841c779-ee17-4525-ac8c-088efb4c6490,0.5077586770057678,0.999815464778719,K
152,9b0b7bf0-a454-4364-965d-48688e19faea,0.5077586770057678,0.9998154637233582,K
152,c1a353d7-3410-423f-a5b6-e8ae74d88982,0.5077586770057678,0.9998154644176744,K
152,c26945e7-b4b0-486d-9c66-3ea49dc7e3c2,0.5077586770057678,0.9998154640844026,K
152,e09859a9-a1f9-4a70-ae40-b417898134eb,0.5077586770057678,0.9998154645843104,K
152,17df5278-ac3e-4ca0-bd23-87bd6ad6747a,0.5056470036506653,0.9993074278000269,K
152,25f4d028-767b-4909-a996-951109ff7855,0.5056470036506653,0.9993074284939905,K
152,361d5d03-9ade-456d-81b0-0fc5ffa89d48,0.5056470036506653,0.9993074283274392,K
152,8110435e-aa8f-4b6f-822a-983d54a9d50f,0.5056470036506653,0.9993074279943367,K
152,a7882ce3-61bf-4c2c-b5a0-e8b46c9ad899,0.5056470036506653,0.9993074281608879,K
153,4fb07384-4b5d-4438-93e0-055e99efb900,0.8267097473144531,0.9998032426925918,K
153,5a5f5b21-adf4-44b8-826f-c63c19e38e34,0.8267097473144531,0.9998032424981855,K
153,63b0f26c-ddac-40e9-bee6-6517ca864f23,0.8267097473144531,0.9998032437201674,K
153,682b264f-3c7f-424b-93f8-5b60d8359ecd,0.8267097473144531,0.999803242886998,K
153,b6de1ffc-37fe-4edd-b614-200a1911c778,0.8267097473144531,0.9998032433035826,K
153,c85695ff-9ba6-47f4-820e-a0bffb299ffe,0.8267097473144531,0.9998032431091765,K
153,d2e22f98-6839-440b-9905-ba7e3c2cfe8c,0.8267097473144531,0.9998032435257611,K
153,daaf3791-1a9e-4413-8222-309dd9e26e43,0.8267097473144531,0.999803242276007,K
153,1d084051-3163-4156-a4a9-da839fd639da,0.5596827864646912,0.9998032432202657,K
153,1f877424-2615-461d-b608-9954018b9105,0.5596827864646912,0.9998032439145735,K
153,38648f01-a2fa-4448-8058-6c2d9833fd4d,0.5596827864646912,0.9998032426092748,K
153,81f521ed-fbdf-4b08-ac1f-568b63d9a547,0.5596827864646912,0.9998032424148686,K
153,86c4b60e-b525-4089-98ee-9e045d77d805,0.5596827864646912,0.999803242803681,K
153,8afe65a8-2bff-4f17-af23-85c807a7ad9d,0.5596827864646912,0.9998032436368504,K
153,a92d5c89-98c1-4a3b-98fc-8e95f5a7dfd2,0.5596827864646912,0.9998032422204625,K
153,c706f66b-108c-450d-93ac-a1cc6dedca0f,0.5596827864646912,0.9998032434424442,K
153,da8fb148-f8f9-4223-ba3f-26c6ce30dc0c,0.5596827864646912,0.9998032430258595,K
153,b686f2f6-7c52-469c-85fb-1c9891c888ff,0.5271152257919312,0.9998032428592256,K
154,0debc7e8-5ed2-4125-b716-64b3a4f39967,0.8579314947128296,0.9996798770836121,K
154,1ac0d7d0-10c2-4768-b9b6-a6f2237cdce2,0.8579314947128296,0.9996798775279142,K
154,27027481-502c-4e4c-a177-ce660051f67e,0.8579314947128296,0.9996798763893899,K
154,58af2ad5-097f-4571-ba1a-8d7b8e79ca31,0.8579314947128296,0.9996798765560032,K
154,61d8102d-8db5-4fe6-b3ef-17a3f1baa7e1,0.8579314947128296,0.9996798767503854,K
154,906ba882-a75b-4b06-b7e5-43e922996436,0.8579314947128296,0.9996798772779942,K
154,a9bb2c9e-48b4-4d3d-828d-7720cc91736c,0.8579314947128296,0.9998766250835333,K
154,0669c654-0e61-4305-9c11-628f4bb60eb3,0.5500541925430298,0.9987014489868546,K
154,413700d8-5c2a-411a-b178-e9feab0472cc,0.5500541925430298,0.9987014491810465,K
154,67289dc1-1026-437b-a82e-a5f229e5e061,0.5500541925430298,0.9987014488204043,K
154,88ffad9c-4295-4db8-b5dd-6d81a9f5ab51,0.5500541925430298,0.9987014495694304,K
154,b125b0e7-1b0c-49ac-89e1-0d800b56863b,0.5500541925430298,0.9987014486262125,K
154,b6fa95ef-d7a6-4fb5-ab74-e713d5925479,0.5500541925430298,0.9987014497358807,K
154,ea4ebcb4-f0de-4f3b-938d-f867a49d747c,0.5500541925430298,0.9987014499578144,K
154,fd45aa2b-376a-4e19-820a-b5d25f8b23ca,0.5500541925430298,0.9987014484597622,K
154,2ff479fb-dd9f-4c79-82f4-9cd7019bd800,0.5361892580986023,0.9996798770280743,K
154,300c6207-208a-48f7-a43a-0b3c055e15c9,0.5361892580986023,0.9996798771946875,K
154,6dfca794-82da-4db6-96d1-507ac2e91d37,0.5361892580986023,0.9996798776667586,K
154,6f20b7e3-94dc-4983-827e-d8d549f645f9,0.5361892580986023,0.9996798768336921,K
154,87c694e5-e7ed-494b-9bf8-97f7acea523d,0.5361892580986023,0.9996798766670787,K
154,8dda3e94-77d2-41c2-a897-30059c130989,0.5361892580986023,0.9996798763060832,K
154,9332e339-1d5d-496c-b128-6011bc520c24,0.5361892580986023,0.9996798773890697,K
154,cb0f3244-9037-41de-b2ff-8a03e32d14d4,0.5361892580986023,0.9996798765004654,K
154,efa30fb9-5267-4970-b16d-7fc40b1ca487,0.5361892580986023,0.9998766252224051,K
154,1d084051-3163-4156-a4a9-da839fd639da,0.5262777805328369,0.9998766245558206,K
154,1f877424-2615-461d-b608-9954018b9105,0.5262777805328369,0.9998766252501794,K
154,38648f01-a2fa-4448-8058-6c2d9833fd4d,0.5262777805328369,0.999876624028108,K
154,81f521ed-fbdf-4b08-ac1f-568b63d9a547,0.5262777805328369,0.9998766238614618,K
154,86c4b60e-b525-4089-98ee-9e045d77d805,0.5262777805328369,0.9998766241947541,K
154,8afe65a8-2bff-4f17-af23-85c807a7ad9d,0.5262777805328369,0.9998766250279846,K
154,a92d5c89-98c1-4a3b-98fc-8e95f5a7dfd2,0.5262777805328369,0.9998766236670413,K
154,c706f66b-108c-450d-93ac-a1cc6dedca0f,0.5262777805328369,0.9998766247502411,K
154,da8fb148-f8f9-4223-ba3f-26c6ce30dc0c,0.5262777805328369,0.9998766243891745,K
154,3832d72b-cf6b-4220-a9cd-94a4a0b3a1b3,0.5176063776016235,0.9996798766670787,K
154,557c9883-50e2-4e00-91ec-d965616ffbaa,0.5176063776016235,0.9996798763060832,K
154,58eb5d03-af83-42fe-9424-e28f888aef6d,0.5176063776016235,0.9996798770003054,K
154,6841c779-ee17-4525-ac8c-088efb4c6490,0.5176063776016235,0.9996798776667586,K
154,9b0b7bf0-a454-4364-965d-48688e19faea,0.5176063776016235,0.9996798764726965,K
154,c1a353d7-3410-423f-a5b6-e8ae74d88982,0.5176063776016235,0.9996798771669186,K
154,c26945e7-b4b0-486d-9c66-3ea49dc7e3c2,0.5176063776016235,0.9996798768336921,K
154,e09859a9-a1f9-4a70-ae40-b417898134eb,0.5176063776016235,0.9996798773613008,K
154,47a820b2-eeb4-4a8a-8dfc-b5f66ccab71f,0.5175493955612183,0.9996798778611408,K
155,9475373e-a86d-478d-9cb2-3979e3f70cd2,0.7736961245536804,0.9995220899298596,K
155,17df5278-ac3e-4ca0-bd23-87bd6ad6747a,0.7718667387962341,0.9995220890413955,K
155,25f4d028-767b-4909-a996-951109ff7855,0.7718667387962341,0.9995220897632726,K
155,361d5d03-9ade-456d-81b0-0fc5ffa89d48,0.7718667387962341,0.9995220895689211,K
155,8110435e-aa8f-4b6f-822a-983d54a9d50f,0.7718667387962341,0.999522089235747,K
155,a7882ce3-61bf-4c2c-b5a0-e8b46c9ad899,0.7718667387962341,0.9995220894023341,K
155,cd88c861-2506-40b8-9171-75634aaec722,0.7656750679016113,0.9988298344005542,K
155,3681387f-66db-44e2-b8cc-dec3029d648e,0.7603673338890076,0.9998421755111507,K
155,1d084051-3163-4156-a4a9-da839fd639da,0.6319113373756409,0.9998421751500967,K
155,1f877424-2615-461d-b608-9954018b9105,0.6319113373756409,0.9998421757055646,K
155,38648f01-a2fa-4448-8058-6c2d9833fd4d,0.6319113373756409,0.9998421745946288,K
155,81f521ed-fbdf-4b08-ac1f-568b63d9a547,0.6319113373756409,0.9998421744279884,K
155,86c4b60e-b525-4089-98ee-9e045d77d805,0.6319113373756409,0.9998421747890425,K
155,8afe65a8-2bff-4f17-af23-85c807a7ad9d,0.6319113373756409,0.9998421754833774,K
155,a92d5c89-98c1-4a3b-98fc-8e95f5a7dfd2,0.6319113373756409,0.9998421742335747,K
155,c706f66b-108c-450d-93ac-a1cc6dedca0f,0.6319113373756409,0.999842175316737,K
155,da8fb148-f8f9-4223-ba3f-26c6ce30dc0c,0.6319113373756409,0.9998421749556828,K
155,18e97ac6-613e-4edf-814a-0cc689c7b805,0.5577290654182434,0.9995220892912761,K
155,72bc8697-9933-4e81-bb39-a9808290ae9b,0.5577290654182434,0.999842175594471,K
155,86aca7ae-6f1b-4a5a-89f8-43bf8677e828,0.5577290654182434,0.9997188052093348,K
155,94fce027-d293-4c63-a5f7-7c0cbb784f7b,0.5577290654182434,0.9995220900131532,K
155,99b1cfd5-5dac-4190-a367-19db09afe67b,0.5577290654182434,0.9995220901797401,K
155,b6251ff1-25d4-44ee-9495-599f1af13d7f,0.5577290654182434,0.9995220894856276,K
155,cc92ad84-e762-4fb8-8aab-f9c353120246,0.5577290654182434,0.9995220891246891,K
155,e1b018cb-72c1-4763-a79a-f650bb9dd371,0.5577290654182434,0.9995220896522146,K
155,f60af4d8-de22-4d30-9a25-ef9dce89971d,0.5577290654182434,0.9995220898188016,K
155,b686f2f6-7c52-469c-85fb-1c9891c888ff,0.534867525100708,0.999718805875814,K
155,3832d72b-cf6b-4220-a9cd-94a4a0b3a1b3,0.5084040760993958,0.9998421745668553,K
155,557c9883-50e2-4e00-91ec-d965616ffbaa,0.5084040760993958,0.9998421742058012,K
155,58eb5d03-af83-42fe-9424-e28f888aef6d,0.5084040760993958,0.999842174900136,K
155,6841c779-ee17-4525-ac8c-088efb4c6490,0.5084040760993958,0.9998421754556039,K
155,9b0b7bf0-a454-4364-965d-48688e19faea,0.5084040760993958,0.9998421743724416,K
155,c1a353d7-3410-423f-a5b6-e8ae74d88982,0.5084040760993958,0.9998421750945499,K
155,c26945e7-b4b0-486d-9c66-3ea49dc7e3c2,0.5084040760993958,0.9998421747334957,K
155,e09859a9-a1f9-4a70-ae40-b417898134eb,0.5084040760993958,0.9998421752611902,K
155,47a820b2-eeb4-4a8a-8dfc-b5f66ccab71f,0.5069645047187805,0.9998421756777911,K
156,1d084051-3163-4156-a4a9-da839fd639da,0.9156350493431091,0.99985773637043,K
156,1f877424-2615-461d-b608-9954018b9105,0.9156350493431091,0.9998577369259065,K
156,38648f01-a2fa-4448-8058-6c2d9833fd4d,0.9156350493431091,0.9998577358705011,K
156,81f521ed-fbdf-4b08-ac1f-568b63d9a547,0.9156350493431091,0.9998577357038582,K
156,86c4b60e-b525-4089-98ee-9e045d77d805,0.9156350493431091,0.9998577360371441,K
156,8afe65a8-2bff-4f17-af23-85c807a7ad9d,0.9156350493431091,0.9998577367037159,K
156,a92d5c89-98c1-4a3b-98fc-8e95f5a7dfd2,0.9156350493431091,0.9998577355372152,K
156,c706f66b-108c-450d-93ac-a1cc6dedca0f,0.9156350493431091,0.999857736537073,K
156,da8fb148-f8f9-4223-ba3f-26c6ce30dc0c,0.9156350493431091,0.999857736203787,K
156,18e97ac6-613e-4edf-814a-0cc689c7b805,0.6493911147117615,0.9998577357871796,K
156,72bc8697-9933-4e81-bb39-a9808290ae9b,0.6493911147117615,0.9998577367870374,K
156,86aca7ae-6f1b-4a5a-89f8-43bf8677e828,0.6493911147117615,0.9998577354538938,K
156,94fce027-d293-4c63-a5f7-7c0cbb784f7b,0.6493911147117615,0.9998577364537515,K
156,99b1cfd5-5dac-4190-a367-19db09afe67b,0.6493911147117615,0.9998577366203945,K
156,b6251ff1-25d4-44ee-9495-599f1af13d7f,0.6493911147117615,0.9998577359538227,K
156,cc92ad84-e762-4fb8-8aab-f9c353120246,0.6493911147117615,0.9998577356205367,K
156,e1b018cb-72c1-4763-a79a-f650bb9dd371,0.6493911147117615,0.9998577361204656,K
156,f60af4d8-de22-4d30-9a25-ef9dce89971d,0.6493911147117615,0.9998577362871085,K
156,9475373e-a86d-478d-9cb2-3979e3f70cd2,0.5522940754890442,0.9998577363982039,K
156,17df5278-ac3e-4ca0-bd23-87bd6ad6747a,0.5485419631004333,0.9998577355372152,K
156,25f4d028-767b-4909-a996-951109ff7855,0.5485419631004333,0.9998577362315608,K
156,361d5d03-9ade-456d-81b0-0fc5ffa89d48,0.5485419631004333,0.9998577360649179,K
156,8110435e-aa8f-4b6f-822a-983d54a9d50f,0.5485419631004333,0.9998577357316321,K
156,a7882ce3-61bf-4c2c-b5a0-e8b46c9ad899,0.5485419631004333,0.999857735898275,K
156,3681387f-66db-44e2-b8cc-dec3029d648e,0.5446940064430237,0.9998577367314897,K
156,cd88c861-2506-40b8-9171-75634aaec722,0.5329797267913818,0.9998577365648468,K
156,0debc7e8-5ed2-4125-b716-64b3a4f39967,0.5278139710426331,0.9996999157009695,K
156,1ac0d7d0-10c2-4768-b9b6-a6f2237cdce2,0.5278139710426331,0.9996999160342028,K
156,27027481-502c-4e4c-a177-ce660051f67e,0.5278139710426331,0.9996999150067335,K
156,58af2ad5-097f-4571-ba1a-8d7b8e79ca31,0.5278139710426331,0.9996999151733501,K
156,61d8102d-8db5-4fe6-b3ef-17a3f1baa7e1,0.5278139710426331,0.9996999153399668,K
156,906ba882-a75b-4b06-b7e5-43e922996436,0.5278139710426331,0.9996999158675862,K
156,99d3eb1d-0e04-485b-a02e-f3703915e7df,0.5278139710426331,0.9998577353983461,K
156,a9bb2c9e-48b4-4d3d-828d-7720cc91736c,0.5278139710426331,0.9998577367592636,K
156,36c73944-279a-4a62-8d0a-10835ec8e2e1,0.5187922716140747,0.9993798760785885,K
156,40964617-6fc9-41ae-9c48-107db425ad06,0.5187922716140747,0.9993798759120252,K
156,6289c2ce-f873-4b13-ad14-0ccc5e3d4cbe,0.5187922716140747,0.9993798752180114,K
156,64d7fae9-2134-48f0-b73c-c5fac7c2ce7c,0.5187922716140747,0.9993798764117151,K
156,8208dc7c-177c-4098-b7ff-a6739ee7bbee,0.5187922716140747,0.9993798762451518,K
156,876d6520-8eac-4489-9076-c38604526380,0.5187922716140747,0.9993798757454618,K
156,9a16f5c3-5d73-4688-ab6c-77f63571be01,0.5187922716140747,0.9993798753845746,K
156,a786e395-1e6e-4338-bb1f-8bbbe25167da,0.5187922716140747,0.9993798755788985,K
156,ef27b25f-b672-4196-9193-4dc687dbd36b,0.5187922716140747,0.9998577368148113,K
156,3832d72b-cf6b-4220-a9cd-94a4a0b3a1b3,0.5182243585586548,0.9998577358149535,K
156,557c9883-50e2-4e00-91ec-d965616ffbaa,0.5182243585586548,0.9998577354816676,K
156,58eb5d03-af83-42fe-9424-e28f888aef6d,0.5182243585586548,0.9998577361760133,K
156,6841c779-ee17-4525-ac8c-088efb4c6490,0.5182243585586548,0.9998577366759421,K
156,9b0b7bf0-a454-4364-965d-48688e19faea,0.5182243585586548,0.9998577356483105,K
156,c1a353d7-3410-423f-a5b6-e8ae74d88982,0.5182243585586548,0.9998577363426562,K
156,c26945e7-b4b0-486d-9c66-3ea49dc7e3c2,0.5182243585586548,0.9998577359815964,K
156,e09859a9-a1f9-4a70-ae40-b417898134eb,0.5182243585586548,0.9998577365092991,K
156,47a820b2-eeb4-4a8a-8dfc-b5f66ccab71f,0.5141110420227051,0.9998577368703588,K
156,b686f2f6-7c52-469c-85fb-1c9891c888ff,0.5141010284423828,0.9998577360926918,K
156,248cc1f4-6f60-4ecf-a2c4-cd0fa7f8f00b,0.5114408135414124,0.9996999148678862,K
156,4fb07384-4b5d-4438-93e0-055e99efb900,0.5114408135414124,0.9995765639799022,K
156,5a5f5b21-adf4-44b8-826f-c63c19e38e34,0.5114408135414124,0.9995765638133062,K
156,63b0f26c-ddac-40e9-bee6-6517ca864f23,0.5114408135414124,0.9995765648406487,K
156,682b264f-3c7f-424b-93f8-5b60d8359ecd,0.5114408135414124,0.9995765641464983,K
156,b6de1ffc-37fe-4edd-b614-200a1911c778,0.5114408135414124,0.9995765644796906,K
156,c85695ff-9ba6-47f4-820e-a0bffb299ffe,0.5114408135414124,0.9995765643130944,K
156,d2e22f98-6839-440b-9905-ba7e3c2cfe8c,0.5114408135414124,0.9995765646740526,K
156,daaf3791-1a9e-4413-8222-309dd9e26e43,0.5114408135414124,0.9995765636467101,K
157,b686f2f6-7c52-469c-85fb-1c9891c888ff,0.7045961022377014,0.9998140271284321,K
157,d7303af9-9461-4b75-922f-76bfbb0efbca,0.6140819787979126,0.9947613141934393,K
157,1d084051-3163-4156-a4a9-da839fd639da,0.5199968814849854,0.9998140274617034,K
157,1f877424-2615-461d-b608-9954018b9105,0.5199968814849854,0.9998140280727009,K
157,38648f01-a2fa-4448-8058-6c2d9833fd4d,0.5199968814849854,0.9998140269062512,K
157,81f521ed-fbdf-4b08-ac1f-568b63d9a547,0.5199968814849854,0.9998140267118429,K
157,86c4b60e-b525-4089-98ee-9e045d77d805,0.5199968814849854,0.9998140270728869,K
157,8afe65a8-2bff-4f17-af23-85c807a7ad9d,0.5199968814849854,0.99981402785052,K
157,a92d5c89-98c1-4a3b-98fc-8e95f5a7dfd2,0.5199968814849854,0.9998140265174347,K
157,c706f66b-108c-450d-93ac-a1cc6dedca0f,0.5199968814849854,0.9998140276561117,K
157,da8fb148-f8f9-4223-ba3f-26c6ce30dc0c,0.5199968814849854,0.9998140272950677,K
158,47a820b2-eeb4-4a8a-8dfc-b5f66ccab71f,0.8496209979057312,0.9996273647513223,K
158,3832d72b-cf6b-4220-a9cd-94a4a0b3a1b3,0.8476842045783997,0.9996273636406252,K
158,557c9883-50e2-4e00-91ec-d965616ffbaa,0.8476842045783997,0.9996273633074161,K
158,58eb5d03-af83-42fe-9424-e28f888aef6d,0.8476842045783997,0.9996273640016018,K
158,6841c779-ee17-4525-ac8c-088efb4c6490,0.8476842045783997,0.9996273645291829,K
158,9b0b7bf0-a454-4364-965d-48688e19faea,0.8476842045783997,0.9996273634740207,K
158,c1a353d7-3410-423f-a5b6-e8ae74d88982,0.8476842045783997,0.9996273641682064,K
158,c26945e7-b4b0-486d-9c66-3ea49dc7e3c2,0.8476842045783997,0.9996273638349973,K
158,e09859a9-a1f9-4a70-ae40-b417898134eb,0.8476842045783997,0.9996273643625784,K
158,2ff479fb-dd9f-4c79-82f4-9cd7019bd800,0.6022201180458069,0.9993273782281777,K
158,300c6207-208a-48f7-a43a-0b3c055e15c9,0.6022201180458069,0.9993273783947323,K
158,6dfca794-82da-4db6-96d1-507ac2e91d37,0.6022201180458069,0.9993273787556005,K
158,6f20b7e3-94dc-4983-827e-d8d549f645f9,0.6022201180458069,0.9993273780338641,K
158,87c694e5-e7ed-494b-9bf8-97f7acea523d,0.6022201180458069,0.9993273778673095,K
158,8dda3e94-77d2-41c2-a897-30059c130989,0.6022201180458069,0.9993273775342003,K
158,9332e339-1d5d-496c-b128-6011bc520c24,0.6022201180458069,0.9993273785612868,K
158,cb0f3244-9037-41de-b2ff-8a03e32d14d4,0.6022201180458069,0.9993273777007549,K
158,efa30fb9-5267-4970-b16d-7fc40b1ca487,0.6022201180458069,0.9998133152610983,K
158,0debc7e8-5ed2-4125-b716-64b3a4f39967,0.5692237019538879,0.999627364084904,K
158,1ac0d7d0-10c2-4768-b9b6-a6f2237cdce2,0.5692237019538879,0.9996273644458806,K
158,27027481-502c-4e4c-a177-ce660051f67e,0.5692237019538879,0.9996273633907184,K
158,58af2ad5-097f-4571-ba1a-8d7b8e79ca31,0.5692237019538879,0.999627363557323,K
158,61d8102d-8db5-4fe6-b3ef-17a3f1baa7e1,0.5692237019538879,0.9996273637516949,K
158,906ba882-a75b-4b06-b7e5-43e922996436,0.5692237019538879,0.9996273642515087,K
158,99d3eb1d-0e04-485b-a02e-f3703915e7df,0.5692237019538879,0.9996273632241138,K
158,a9bb2c9e-48b4-4d3d-828d-7720cc91736c,0.5692237019538879,0.9998133150944627,K
158,1d084051-3163-4156-a4a9-da839fd639da,0.5679241418838501,0.9998133147056464,K
158,1f877424-2615-461d-b608-9954018b9105,0.5679241418838501,0.9998133152610983,K
158,38648f01-a2fa-4448-8058-6c2d9833fd4d,0.5679241418838501,0.9998133141779671,K
158,81f521ed-fbdf-4b08-ac1f-568b63d9a547,0.5679241418838501,0.9998133140113316,K
158,86c4b60e-b525-4089-98ee-9e045d77d805,0.5679241418838501,0.9998133143446027,K
158,8afe65a8-2bff-4f17-af23-85c807a7ad9d,0.5679241418838501,0.9998133150666901,K
158,a92d5c89-98c1-4a3b-98fc-8e95f5a7dfd2,0.5679241418838501,0.9998133138169234,K
158,c706f66b-108c-450d-93ac-a1cc6dedca0f,0.5679241418838501,0.999813314872282,K
158,da8fb148-f8f9-4223-ba3f-26c6ce30dc0c,0.5679241418838501,0.9998133145112382,K
158,ee8fca23-fffc-44a0-8659-57078d69bfdd,0.5679241418838501,0.9998133136502879,K
158,b686f2f6-7c52-469c-85fb-1c9891c888ff,0.5605583190917969,0.9998133144001479,K
158,248cc1f4-6f60-4ecf-a2c4-cd0fa7f8f00b,0.5088074207305908,0.9996273632518813,K
158,4fb07384-4b5d-4438-93e0-055e99efb900,0.5088074207305908,0.9996273637516949,K
158,5a5f5b21-adf4-44b8-826f-c63c19e38e34,0.5088074207305908,0.9996273635850904,K
158,63b0f26c-ddac-40e9-bee6-6517ca864f23,0.5088074207305908,0.9996273646402526,K
158,682b264f-3c7f-424b-93f8-5b60d8359ecd,0.5088074207305908,0.999627363946067,K
158,b6de1ffc-37fe-4edd-b614-200a1911c778,0.5088074207305908,0.9996273642792761,K
158,c85695ff-9ba6-47f4-820e-a0bffb299ffe,0.5088074207305908,0.9996273641126715,K
158,d2e22f98-6839-440b-9905-ba7e3c2cfe8c,0.5088074207305908,0.9996273644458806,K
158,daaf3791-1a9e-4413-8222-309dd9e26e43,0.5088074207305908,0.9996273634184858,K
159,36c73944-279a-4a62-8d0a-10835ec8e2e1,0.8494401574134827,0.9994451776375473,K
159,40964617-6fc9-41ae-9c48-107db425ad06,0.8494401574134827,0.9994451774432107,K
159,6289c2ce-f873-4b13-ad14-0ccc5e3d4cbe,0.8494401574134827,0.9994451767213891,K
159,64d7fae9-2134-48f0-b73c-c5fac7c2ce7c,0.8494401574134827,0.9994451780262203,K
159,8208dc7c-177c-4098-b7ff-a6739ee7bbee,0.8494401574134827,0.9994451778318838,K
159,876d6520-8eac-4489-9076-c38604526380,0.8494401574134827,0.9998177575803898,K
159,9a16f5c3-5d73-4688-ab6c-77f63571be01,0.8494401574134827,0.9994451769157258,K
159,a786e395-1e6e-4338-bb1f-8bbbe25167da,0.8494401574134827,0.9994451770823,K
159,ef27b25f-b672-4196-9193-4dc687dbd36b,0.8494401574134827,0.9998177584968895,K
159,1d084051-3163-4156-a4a9-da839fd639da,0.6296939253807068,0.9998177580247533,K
159,1f877424-2615-461d-b608-9954018b9105,0.6296939253807068,0.9998177586079803,K
159,38648f01-a2fa-4448-8058-6c2d9833fd4d,0.6296939253807068,0.9998177574692989,K
159,81f521ed-fbdf-4b08-ac1f-568b63d9a547,0.6296939253807068,0.99981775727489,K
159,86c4b60e-b525-4089-98ee-9e045d77d805,0.6296939253807068,0.9998177576359353,K
159,8afe65a8-2bff-4f17-af23-85c807a7ad9d,0.6296939253807068,0.9998177583857986,K
159,a92d5c89-98c1-4a3b-98fc-8e95f5a7dfd2,0.6296939253807068,0.9998177571082536,K
159,c706f66b-108c-450d-93ac-a1cc6dedca0f,0.6296939253807068,0.9998177581913895,K
159,da8fb148-f8f9-4223-ba3f-26c6ce30dc0c,0.6296939253807068,0.9998177578303442,K
159,ee8fca23-fffc-44a0-8659-57078d69bfdd,0.6296939253807068,0.9998177569138447,K
159,b686f2f6-7c52-469c-85fb-1c9891c888ff,0.585988461971283,0.9998177576914806,K
159,0154a54e-d1f0-4d9a-9418-4baffc396204,0.5595651268959045,0.9986410516798858,K
159,0c97e95c-5616-4c67-a3bd-399eba330b80,0.5595651268959045,0.9986410518740659,K
159,298ef311-ba49-4a2d-bade-afa8afabce89,0.5595651268959045,0.9986410527340069,K
159,34432c50-68cc-414b-99a0-276ad2c65e56,0.5595651268959045,0.9986410520959862,K
159,aa5e3739-499b-46a9-9313-a9fb000f12a6,0.5595651268959045,0.9986410522901664,K
159,ac37a538-4d7d-47c5-a7f2-4b09b2736183,0.5595651268959045,0.9986410510973451,K
159,bcdce8a0-f6e1-41bc-bf9f-5de570b066a7,0.5595651268959045,0.9986410512915254,K
159,e964df06-0f65-4317-8001-1fa1e0c9b288,0.5595651268959045,0.9986410525398267,K
159,f0a74561-32d0-43ed-9ce0-6e173b948c68,0.5595651268959045,0.9986410515134456,K
159,18e97ac6-613e-4edf-814a-0cc689c7b805,0.5440406799316406,0.9994451770545375,K
159,72bc8697-9933-4e81-bb39-a9808290ae9b,0.5440406799316406,0.9998177584691167,K
159,86aca7ae-6f1b-4a5a-89f8-43bf8677e828,0.5440406799316406,0.9994451766936268,K
159,94fce027-d293-4c63-a5f7-7c0cbb784f7b,0.5440406799316406,0.9994451778041215,K
159,99b1cfd5-5dac-4190-a367-19db09afe67b,0.5440406799316406,0.999445177998458,K
159,b6251ff1-25d4-44ee-9495-599f1af13d7f,0.5440406799316406,0.9998177575526171,K
159,cc92ad84-e762-4fb8-8aab-f9c353120246,0.5440406799316406,0.9994451768879633,K
159,e1b018cb-72c1-4763-a79a-f650bb9dd371,0.5440406799316406,0.9994451774154482,K
159,f60af4d8-de22-4d30-9a25-ef9dce89971d,0.5440406799316406,0.9994451776097849,K
159,0debc7e8-5ed2-4125-b716-64b3a4f39967,0.5403101444244385,0.9998177578858897,K
159,1ac0d7d0-10c2-4768-b9b6-a6f2237cdce2,0.5403101444244385,0.999817758246935,K
159,27027481-502c-4e4c-a177-ce660051f67e,0.5403101444244385,0.9998177571360264,K
159,58af2ad5-097f-4571-ba1a-8d7b8e79ca31,0.5403101444244385,0.9998177573304353,K
159,61d8102d-8db5-4fe6-b3ef-17a3f1baa7e1,0.5403101444244385,0.9998177574970717,K
159,906ba882-a75b-4b06-b7e5-43e922996436,0.5403101444244385,0.9998177580525259,K
159,99d3eb1d-0e04-485b-a02e-f3703915e7df,0.5403101444244385,0.9998177569693901,K
159,a9bb2c9e-48b4-4d3d-828d-7720cc91736c,0.5403101444244385,0.999817758441344,K
159,248cc1f4-6f60-4ecf-a2c4-cd0fa7f8f00b,0.5336639285087585,0.9998177569971628,K
159,4fb07384-4b5d-4438-93e0-055e99efb900,0.5336639285087585,0.9998177575248444,K
159,5a5f5b21-adf4-44b8-826f-c63c19e38e34,0.5336639285087585,0.9998177573582081,K
159,63b0f26c-ddac-40e9-bee6-6517ca864f23,0.5336639285087585,0.9998177584691167,K
159,682b264f-3c7f-424b-93f8-5b60d8359ecd,0.5336639285087585,0.9998177577192534,K
159,b6de1ffc-37fe-4edd-b614-200a1911c778,0.5336639285087585,0.9998177580802987,K
159,c85695ff-9ba6-47f4-820e-a0bffb299ffe,0.5336639285087585,0.9998177578858897,K
159,d2e22f98-6839-440b-9905-ba7e3c2cfe8c,0.5336639285087585,0.9998177582747076,K
159,daaf3791-1a9e-4413-8222-309dd9e26e43,0.5336639285087585,0.9998177571637991,K
159,3832d72b-cf6b-4220-a9cd-94a4a0b3a1b3,0.5223605036735535,0.9998177574137536,K
159,557c9883-50e2-4e00-91ec-d965616ffbaa,0.5223605036735535,0.9998177570527083,K
159,58eb5d03-af83-42fe-9424-e28f888aef6d,0.5223605036735535,0.9998177577747989,K
159,6841c779-ee17-4525-ac8c-088efb4c6490,0.5223605036735535,0.9998177583302531,K
159,9b0b7bf0-a454-4364-965d-48688e19faea,0.5223605036735535,0.9998177572471172,K
159,c1a353d7-3410-423f-a5b6-e8ae74d88982,0.5223605036735535,0.9998177579692078,K
159,c26945e7-b4b0-486d-9c66-3ea49dc7e3c2,0.5223605036735535,0.9998177575803898,K
159,e09859a9-a1f9-4a70-ae40-b417898134eb,0.5223605036735535,0.9998177581636168,K
159,47a820b2-eeb4-4a8a-8dfc-b5f66ccab71f,0.5180173516273499,0.9998177585524348,K
160,18e97ac6-613e-4edf-814a-0cc689c7b805,0.8482803702354431,0.9997934298663265,K
160,72bc8697-9933-4e81-bb39-a9808290ae9b,0.8482803702354431,0.9997934309772081,K
160,86aca7ae-6f1b-4a5a-89f8-43bf8677e828,0.8482803702354431,0.9997934295052899,K
160,94fce027-d293-4c63-a5f7-7c0cbb784f7b,0.8482803702354431,0.9997934305883995,K
160,99b1cfd5-5dac-4190-a367-19db09afe67b,0.8482803702354431,0.9997934307828038,K
160,b6251ff1-25d4-44ee-9495-599f1af13d7f,0.8482803702354431,0.9997934300607307,K
160,cc92ad84-e762-4fb8-8aab-f9c353120246,0.8482803702354431,0.9997934296719222,K
160,e1b018cb-72c1-4763-a79a-f650bb9dd371,0.8482803702354431,0.999793430227363,K
160,f60af4d8-de22-4d30-9a25-ef9dce89971d,0.8482803702354431,0.9997934304217673,K
160,1d084051-3163-4156-a4a9-da839fd639da,0.6961509585380554,0.9997934305050834,K
160,1f877424-2615-461d-b608-9954018b9105,0.6961509585380554,0.9997934311160683,K
160,38648f01-a2fa-4448-8058-6c2d9833fd4d,0.6961509585380554,0.9997934299496426,K
160,81f521ed-fbdf-4b08-ac1f-568b63d9a547,0.6961509585380554,0.9997934297830103,K
160,86c4b60e-b525-4089-98ee-9e045d77d805,0.6961509585380554,0.9997934301440469,K
160,8afe65a8-2bff-4f17-af23-85c807a7ad9d,0.6961509585380554,0.9997934308661199,K
160,a92d5c89-98c1-4a3b-98fc-8e95f5a7dfd2,0.6961509585380554,0.9997934295886061,K
160,c706f66b-108c-450d-93ac-a1cc6dedca0f,0.6961509585380554,0.9997934306717157,K
160,da8fb148-f8f9-4223-ba3f-26c6ce30dc0c,0.6961509585380554,0.9997934303106791,K
160,ee8fca23-fffc-44a0-8659-57078d69bfdd,0.6961509585380554,0.9997934294219739,K
160,248cc1f4-6f60-4ecf-a2c4-cd0fa7f8f00b,0.5721427202224731,0.9997934294775179,K
160,4fb07384-4b5d-4438-93e0-055e99efb900,0.5721427202224731,0.9997934300329587,K
160,5a5f5b21-adf4-44b8-826f-c63c19e38e34,0.5721427202224731,0.9997934298385545,K
160,63b0f26c-ddac-40e9-bee6-6517ca864f23,0.5721427202224731,0.9997934309494361,K
160,682b264f-3c7f-424b-93f8-5b60d8359ecd,0.5721427202224731,0.999793430199591,K
160,b6de1ffc-37fe-4edd-b614-200a1911c778,0.5721427202224731,0.9997934305606275,K
160,c85695ff-9ba6-47f4-820e-a0bffb299ffe,0.5721427202224731,0.9997934303939953,K
160,d2e22f98-6839-440b-9905-ba7e3c2cfe8c,0.5721427202224731,0.9997934307550318,K
160,daaf3791-1a9e-4413-8222-309dd9e26e43,0.5721427202224731,0.9997934296719222,K
160,0debc7e8-5ed2-4125-b716-64b3a4f39967,0.5541900396347046,0.9997934303662233,K
160,1ac0d7d0-10c2-4768-b9b6-a6f2237cdce2,0.5541900396347046,0.9997934307272597,K
160,27027481-502c-4e4c-a177-ce660051f67e,0.5541900396347046,0.9997934296441502,K
160,58af2ad5-097f-4571-ba1a-8d7b8e79ca31,0.5541900396347046,0.9997934298385545,K
160,61d8102d-8db5-4fe6-b3ef-17a3f1baa7e1,0.5541900396347046,0.9997934300051867,K
160,906ba882-a75b-4b06-b7e5-43e922996436,0.5541900396347046,0.9997934305606275,K
160,99d3eb1d-0e04-485b-a02e-f3703915e7df,0.5541900396347046,0.9997934294497459,K
160,a9bb2c9e-48b4-4d3d-828d-7720cc91736c,0.5541900396347046,0.999793430921664,K
160,2ff479fb-dd9f-4c79-82f4-9cd7019bd800,0.5363128781318665,0.9996112089321759,K
160,300c6207-208a-48f7-a43a-0b3c055e15c9,0.5363128781318665,0.9996112090987778,K
160,6dfca794-82da-4db6-96d1-507ac2e91d37,0.5363128781318665,0.9996112094597486,K
160,6f20b7e3-94dc-4983-827e-d8d549f645f9,0.5363128781318665,0.9997934301162749,K
160,87c694e5-e7ed-494b-9bf8-97f7acea523d,0.5363128781318665,0.9996112085712052,K
160,8dda3e94-77d2-41c2-a897-30059c130989,0.5363128781318665,0.9996112081824675,K
160,9332e339-1d5d-496c-b128-6011bc520c24,0.5363128781318665,0.9996112092931466,K
160,cb0f3244-9037-41de-b2ff-8a03e32d14d4,0.5363128781318665,0.9996112083768364,K
160,efa30fb9-5267-4970-b16d-7fc40b1ca487,0.5363128781318665,0.9997934310882962,K
160,36c73944-279a-4a62-8d0a-10835ec8e2e1,0.5230464935302734,0.9997934304217673,K
160,40964617-6fc9-41ae-9c48-107db425ad06,0.5230464935302734,0.999793430255135,K
160,6289c2ce-f873-4b13-ad14-0ccc5e3d4cbe,0.5230464935302734,0.999793429533062,K
160,64d7fae9-2134-48f0-b73c-c5fac7c2ce7c,0.5230464935302734,0.9997934308105758,K
160,8208dc7c-177c-4098-b7ff-a6739ee7bbee,0.5230464935302734,0.9997934306161715,K
160,876d6520-8eac-4489-9076-c38604526380,0.5230464935302734,0.9997934300607307,K
160,9a16f5c3-5d73-4688-ab6c-77f63571be01,0.5230464935302734,0.9997934296996942,K
160,a786e395-1e6e-4338-bb1f-8bbbe25167da,0.5230464935302734,0.9997934298940986,K
160,ef27b25f-b672-4196-9193-4dc687dbd36b,0.5230464935302734,0.9997934309772081,K
160,b686f2f6-7c52-469c-85fb-1c9891c888ff,0.5172522068023682,0.999793430199591,K
160,47a820b2-eeb4-4a8a-8dfc-b5f66ccab71f,0.5106146931648254,0.9997934310605242,K
160,9475373e-a86d-478d-9cb2-3979e3f70cd2,0.5093755125999451,0.9992387058204609,K
160,3832d72b-cf6b-4220-a9cd-94a4a0b3a1b3,0.5077586770057678,0.9997934299218706,K
160,557c9883-50e2-4e00-91ec-d965616ffbaa,0.5077586770057678,0.9997934295608341,K
160,58eb5d03-af83-42fe-9424-e28f888aef6d,0.5077586770057678,0.9997934302829071,K
160,6841c779-ee17-4525-ac8c-088efb4c6490,0.5077586770057678,0.9997934308383479,K
160,9b0b7bf0-a454-4364-965d-48688e19faea,0.5077586770057678,0.9997934297274663,K
160,a3f70b1f-3328-44a8-a2ff-f969d81c95b5,0.5077586770057678,0.9997934293664298,K
160,c1a353d7-3410-423f-a5b6-e8ae74d88982,0.5077586770057678,0.9997934304495393,K
160,c26945e7-b4b0-486d-9c66-3ea49dc7e3c2,0.5077586770057678,0.9997934300885029,K
160,e09859a9-a1f9-4a70-ae40-b417898134eb,0.5077586770057678,0.9997934306439437,K
160,17df5278-ac3e-4ca0-bd23-87bd6ad6747a,0.5056470036506653,0.9992387049044922,K
160,25f4d028-767b-4909-a996-951109ff7855,0.5056470036506653,0.9992387056261646,K
160,361d5d03-9ade-456d-81b0-0fc5ffa89d48,0.5056470036506653,0.999793430171819,K
160,8110435e-aa8f-4b6f-822a-983d54a9d50f,0.5056470036506653,0.9992387050987885,K
160,9ea1895c-d4a4-484f-9556-a14f5c13998a,0.5056470036506653,0.9992387047101957,K
160,a7882ce3-61bf-4c2c-b5a0-e8b46c9ad899,0.5056470036506653,0.9992387052653283,K
161,248cc1f4-6f60-4ecf-a2c4-cd0fa7f8f00b,0.8267097473144531,0.9997864067309576,K
161,4fb07384-4b5d-4438-93e0-055e99efb900,0.8267097473144531,0.9997864072586227,K
161,5a5f5b21-adf4-44b8-826f-c63c19e38e34,0.8267097473144531,0.9997864070919916,K
161,63b0f26c-ddac-40e9-bee6-6517ca864f23,0.8267097473144531,0.9997864081473218,K
161,682b264f-3c7f-424b-93f8-5b60d8359ecd,0.8267097473144531,0.9997864074530256,K
161,b6de1ffc-37fe-4edd-b614-200a1911c778,0.8267097473144531,0.9997864077862878,K
161,c85695ff-9ba6-47f4-820e-a0bffb299ffe,0.8267097473144531,0.9997864076196566,K
161,d2e22f98-6839-440b-9905-ba7e3c2cfe8c,0.8267097473144531,0.9997864079529188,K
161,daaf3791-1a9e-4413-8222-309dd9e26e43,0.8267097473144531,0.9997864068975887,K
161,1d084051-3163-4156-a4a9-da839fd639da,0.5596827864646912,0.9997864077307441,K
161,1f877424-2615-461d-b608-9954018b9105,0.5596827864646912,0.9997864082861809,K
161,38648f01-a2fa-4448-8058-6c2d9833fd4d,0.5596827864646912,0.999786407203079,K
161,81f521ed-fbdf-4b08-ac1f-568b63d9a547,0.5596827864646912,0.9997864070086762,K
161,86c4b60e-b525-4089-98ee-9e045d77d805,0.5596827864646912,0.9997864073697101,K
161,8afe65a8-2bff-4f17-af23-85c807a7ad9d,0.5596827864646912,0.9997864080640062,K
161,a92d5c89-98c1-4a3b-98fc-8e95f5a7dfd2,0.5596827864646912,0.999786406842045,K
161,c706f66b-108c-450d-93ac-a1cc6dedca0f,0.5596827864646912,0.9997864078973752,K
161,da8fb148-f8f9-4223-ba3f-26c6ce30dc0c,0.5596827864646912,0.9997864075363412,K
161,ee8fca23-fffc-44a0-8659-57078d69bfdd,0.5596827864646912,0.999786406675414,K
161,b686f2f6-7c52-469c-85fb-1c9891c888ff,0.5271152257919312,0.9997864074252538,K
162,0debc7e8-5ed2-4125-b716-64b3a4f39967,0.8579314947128296,0.999644164185697,K
162,1ac0d7d0-10c2-4768-b9b6-a6f2237cdce2,0.8579314947128296,0.9996441645466796,K
162,27027481-502c-4e4c-a177-ce660051f67e,0.8579314947128296,0.9996441634637317,K
162,58af2ad5-097f-4571-ba1a-8d7b8e79ca31,0.8579314947128296,0.9996441636303391,K
162,61d8102d-8db5-4fe6-b3ef-17a3f1baa7e1,0.8579314947128296,0.9998577397032892,K
162,906ba882-a75b-4b06-b7e5-43e922996436,0.8579314947128296,0.9996441643523044,K
162,99d3eb1d-0e04-485b-a02e-f3703915e7df,0.8579314947128296,0.9996441632693566,K
162,a9bb2c9e-48b4-4d3d-828d-7720cc91736c,0.8579314947128296,0.9998577405920516,K
162,0669c654-0e61-4305-9c11-628f4bb60eb3,0.5500541925430298,0.9985833574423071,K
162,413700d8-5c2a-411a-b178-e9feab0472cc,0.5500541925430298,0.9985833576087376,K
162,67289dc1-1026-437b-a82e-a5f229e5e061,0.5500541925430298,0.9985833572481381,K
162,88ffad9c-4295-4db8-b5dd-6d81a9f5ab51,0.5500541925430298,0.9985833579970756,K
162,b125b0e7-1b0c-49ac-89e1-0d800b56863b,0.5500541925430298,0.9985833570539692,K
162,b6fa95ef-d7a6-4fb5-ab74-e713d5925479,0.5500541925430298,0.9985833581912447,K
162,ea4ebcb4-f0de-4f3b-938d-f867a49d747c,0.5500541925430298,0.9985833583854136,K
162,fd45aa2b-376a-4e19-820a-b5d25f8b23ca,0.5500541925430298,0.9985833568875385,K
162,2ff479fb-dd9f-4c79-82f4-9cd7019bd800,0.5361892580986023,0.9996441641023933,K
162,300c6207-208a-48f7-a43a-0b3c055e15c9,0.5361892580986023,0.9996441642967686,K
162,6dfca794-82da-4db6-96d1-507ac2e91d37,0.5361892580986023,0.9996441646577512,K
162,6f20b7e3-94dc-4983-827e-d8d549f645f9,0.5361892580986023,0.9998577398143844,K
162,87c694e5-e7ed-494b-9bf8-97f7acea523d,0.5361892580986023,0.9996441637414107,K
162,8dda3e94-77d2-41c2-a897-30059c130989,0.5361892580986023,0.9996441633804282,K
162,9332e339-1d5d-496c-b128-6011bc520c24,0.5361892580986023,0.999644164463376,K
162,cb0f3244-9037-41de-b2ff-8a03e32d14d4,0.5361892580986023,0.9996441635748033,K
162,efa30fb9-5267-4970-b16d-7fc40b1ca487,0.5361892580986023,0.9998577407309207,K
162,1d084051-3163-4156-a4a9-da839fd639da,0.5262777805328369,0.999857740203218,K
162,1f877424-2615-461d-b608-9954018b9105,0.5262777805328369,0.9998577407586945,K
162,38648f01-a2fa-4448-8058-6c2d9833fd4d,0.5262777805328369,0.9998577396477415,K
162,81f521ed-fbdf-4b08-ac1f-568b63d9a547,0.5262777805328369,0.9998577394810986,K
162,86c4b60e-b525-4089-98ee-9e045d77d805,0.5262777805328369,0.9998577398421583,K
162,8afe65a8-2bff-4f17-af23-85c807a7ad9d,0.5262777805328369,0.9998577405365039,K
162,a92d5c89-98c1-4a3b-98fc-8e95f5a7dfd2,0.5262777805328369,0.9998577392866818,K
162,c706f66b-108c-450d-93ac-a1cc6dedca0f,0.5262777805328369,0.999857740369861,K
162,da8fb148-f8f9-4223-ba3f-26c6ce30dc0c,0.5262777805328369,0.9998577400088012,K
162,ee8fca23-fffc-44a0-8659-57078d69bfdd,0.5262777805328369,0.9998577391200388,K
162,3832d72b-cf6b-4220-a9cd-94a4a0b3a1b3,0.5176063776016235,0.9996441637414107,K
162,557c9883-50e2-4e00-91ec-d965616ffbaa,0.5176063776016235,0.9996441633804282,K
162,58eb5d03-af83-42fe-9424-e28f888aef6d,0.5176063776016235,0.9996441640746254,K
162,6841c779-ee17-4525-ac8c-088efb4c6490,0.5176063776016235,0.9996441646299833,K
162,9b0b7bf0-a454-4364-965d-48688e19faea,0.5176063776016235,0.9996441635470354,K
162,a3f70b1f-3328-44a8-a2ff-f969d81c95b5,0.5176063776016235,0.9996441631860529,K
162,c1a353d7-3410-423f-a5b6-e8ae74d88982,0.5176063776016235,0.9996441642690007,K
162,c26945e7-b4b0-486d-9c66-3ea49dc7e3c2,0.5176063776016235,0.9996441639080181,K
162,e09859a9-a1f9-4a70-ae40-b417898134eb,0.5176063776016235,0.9996441644356081,K
162,47a820b2-eeb4-4a8a-8dfc-b5f66ccab71f,0.5175493955612183,0.9996441648521265,K
163,9475373e-a86d-478d-9cb2-3979e3f70cd2,0.7736961245536804,0.9994682357145483,K
163,17df5278-ac3e-4ca0-bd23-87bd6ad6747a,0.7718667387962341,0.9994682348538951,K
163,25f4d028-767b-4909-a996-951109ff7855,0.7718667387962341,0.9994682355479703,K
163,361d5d03-9ade-456d-81b0-0fc5ffa89d48,0.7718667387962341,0.9998240237356396,K
163,8110435e-aa8f-4b6f-822a-983d54a9d50f,0.7718667387962341,0.9994682350482361,K
163,9ea1895c-d4a4-484f-9556-a14f5c13998a,0.7718667387962341,0.999468234687317,K
163,a7882ce3-61bf-4c2c-b5a0-e8b46c9ad899,0.7718667387962341,0.9994682352148142,K
163,cd88c861-2506-40b8-9171-75634aaec722,0.7656750679016113,0.9987073241983102,K
163,3681387f-66db-44e2-b8cc-dec3029d648e,0.7603673338890076,0.9998240244299618,K
163,1d084051-3163-4156-a4a9-da839fd639da,0.6319113373756409,0.9998240240411413,K
163,1f877424-2615-461d-b608-9954018b9105,0.6319113373756409,0.999824024624372,K
163,38648f01-a2fa-4448-8058-6c2d9833fd4d,0.6319113373756409,0.9998240235412293,K
163,81f521ed-fbdf-4b08-ac1f-568b63d9a547,0.6319113373756409,0.999824023374592,K
163,86c4b60e-b525-4089-98ee-9e045d77d805,0.6319113373756409,0.9998240237078667,K
163,8afe65a8-2bff-4f17-af23-85c807a7ad9d,0.6319113373756409,0.9998240244021889,K
163,a92d5c89-98c1-4a3b-98fc-8e95f5a7dfd2,0.6319113373756409,0.9998240232079547,K
163,c706f66b-108c-450d-93ac-a1cc6dedca0f,0.6319113373756409,0.9998240242355516,K
163,da8fb148-f8f9-4223-ba3f-26c6ce30dc0c,0.6319113373756409,0.999824023874504,K
163,ee8fca23-fffc-44a0-8659-57078d69bfdd,0.6319113373756409,0.9998240230135444,K
163,18e97ac6-613e-4edf-814a-0cc689c7b805,0.5577290654182434,0.9994682351037621,K
163,4741166b-6f98-47df-8506-37ffc3befcdf,0.5577290654182434,0.9996817728672209,K
163,72bc8697-9933-4e81-bb39-a9808290ae9b,0.5577290654182434,0.9998240244855076,K
163,86aca7ae-6f1b-4a5a-89f8-43bf8677e828,0.5577290654182434,0.9994682347706061,K
163,94fce027-d293-4c63-a5f7-7c0cbb784f7b,0.5577290654182434,0.9994682357978374,K
163,99b1cfd5-5dac-4190-a367-19db09afe67b,0.5577290654182434,0.9994682359644154,K
163,b6251ff1-25d4-44ee-9495-599f1af13d7f,0.5577290654182434,0.999824023624548,K
163,cc92ad84-e762-4fb8-8aab-f9c353120246,0.5577290654182434,0.9994682349371842,K
163,e1b018cb-72c1-4763-a79a-f650bb9dd371,0.5577290654182434,0.9994682354369182,K
163,f60af4d8-de22-4d30-9a25-ef9dce89971d,0.5577290654182434,0.9994682356034963,K
163,b686f2f6-7c52-469c-85fb-1c9891c888ff,0.534867525100708,0.9998240237634125,K
163,0f38c715-c455-4474-87b9-b5f792dfb136,0.513803243637085,0.9998240230135444,K
163,3832d72b-cf6b-4220-a9cd-94a4a0b3a1b3,0.5084040760993958,0.9998240234856836,K
163,557c9883-50e2-4e00-91ec-d965616ffbaa,0.5084040760993958,0.9998240231524089,K
163,58eb5d03-af83-42fe-9424-e28f888aef6d,0.5084040760993958,0.9998240238467311,K
163,6841c779-ee17-4525-ac8c-088efb4c6490,0.5084040760993958,0.9998240243466432,K
163,9b0b7bf0-a454-4364-965d-48688e19faea,0.5084040760993958,0.9998240233190462,K
163,a3f70b1f-3328-44a8-a2ff-f969d81c95b5,0.5084040760993958,0.9998240229857716,K
163,c1a353d7-3410-423f-a5b6-e8ae74d88982,0.5084040760993958,0.9998240240133685,K
163,c26945e7-b4b0-486d-9c66-3ea49dc7e3c2,0.5084040760993958,0.9998240236800938,K
163,e09859a9-a1f9-4a70-ae40-b417898134eb,0.5084040760993958,0.9998240241800058,K
163,47a820b2-eeb4-4a8a-8dfc-b5f66ccab71f,0.5069645047187805,0.9998240245688262,K
166,104e115d-53a4-494c-bb22-8b3956f9a404,0.5108893513679504,0.9876794412782475,K
166,5a96be8f-836f-4968-9569-99d92236351f,0.5108893513679504,0.9876794407021011,K
166,5d822c74-3eb4-4f8c-839c-26af5f308686,0.5108893513679504,0.9876794414702963,K
166,7c616d19-4e27-4f4b-98c3-69733338171b,0.5108893513679504,0.9877611312880847,K
166,8b0d2b39-86c8-4b6a-afe6-1d57c7257593,0.5108893513679504,0.9876794410587632,K
166,b3331be2-3154-471b-8fe5-6393290f0491,0.5108893513679504,0.9876794404826168,K
166,d253524e-1b30-4cb8-9770-4de2ba5ca116,0.5108893513679504,0.9876794403180036,K
166,d5319b10-8020-4d51-a377-309b0faef11b,0.5108893513679504,0.9876794408941499,K
166,2ff479fb-dd9f-4c79-82f4-9cd7019bd800,0.5070851445198059,0.9994369093450812,K
166,300c6207-208a-48f7-a43a-0b3c055e15c9,0.5070851445198059,0.9994369095116541,K
166,6dfca794-82da-4db6-96d1-507ac2e91d37,0.5070851445198059,0.9994369098725618,K
166,6f20b7e3-94dc-4983-827e-d8d549f645f9,0.5070851445198059,0.9998835054249089,K
166,87c694e5-e7ed-494b-9bf8-97f7acea523d,0.5070851445198059,0.9994369089841735,K
166,8dda3e94-77d2-41c2-a897-30059c130989,0.5070851445198059,0.9994369086232657,K
166,9332e339-1d5d-496c-b128-6011bc520c24,0.5070851445198059,0.9994369096782268,K
166,cb0f3244-9037-41de-b2ff-8a03e32d14d4,0.5070851445198059,0.9994369088176006,K
166,efa30fb9-5267-4970-b16d-7fc40b1ca487,0.5070851445198059,0.9998835063692434,K
167,e9f5766f-f9cb-4022-bf1e-66ebe3aa30b2,0.5294093489646912,0.999858666099688,K
168,e9f5766f-f9cb-4022-bf1e-66ebe3aa30b2,0.5256714820861816,0.9998827658169084,K
168,36c73944-279a-4a62-8d0a-10835ec8e2e1,0.5238711833953857,0.9988229178330965,K
168,40964617-6fc9-41ae-9c48-107db425ad06,0.5238711833953857,0.998822917638881,K
168,506971c2-5dcd-4f59-bb60-230c6cc48cc4,0.5238711833953857,0.9998827659557811,K
168,6289c2ce-f873-4b13-ad14-0ccc5e3d4cbe,0.5238711833953857,0.9988229169729991,K
168,64d7fae9-2134-48f0-b73c-c5fac7c2ce7c,0.5238711833953857,0.9988229181937825,K
168,8208dc7c-177c-4098-b7ff-a6739ee7bbee,0.5238711833953857,0.998822917999567,K
168,876d6520-8eac-4489-9076-c38604526380,0.5238711833953857,0.9998827666501441,K
168,9a16f5c3-5d73-4688-ab6c-77f63571be01,0.5238711833953857,0.9988229171394695,K
168,a786e395-1e6e-4338-bb1f-8bbbe25167da,0.5238711833953857,0.99882291730594,K
168,ef27b25f-b672-4196-9193-4dc687dbd36b,0.5238711833953857,0.9998827675389287,K
168,0154a54e-d1f0-4d9a-9418-4baffc396204,0.51652592420578,0.9986165704887611,K
168,0c97e95c-5616-4c67-a3bd-399eba330b80,0.51652592420578,0.9986165706551972,K
168,298ef311-ba49-4a2d-bade-afa8afabce89,0.51652592420578,0.998616571431899,K
168,34432c50-68cc-414b-99a0-276ad2c65e56,0.51652592420578,0.998616570877112,K
168,aa5e3739-499b-46a9-9313-a9fb000f12a6,0.51652592420578,0.9986165710712874,K
168,ac37a538-4d7d-47c5-a7f2-4b09b2736183,0.51652592420578,0.9986165699339741,K
168,bcdce8a0-f6e1-41bc-bf9f-5de570b066a7,0.51652592420578,0.9986165701281495,K
168,e964df06-0f65-4317-8001-1fa1e0c9b288,0.51652592420578,0.9986165712654629,K
168,f0a74561-32d0-43ed-9ce0-6e173b948c68,0.51652592420578,0.9986165702945856,K
168,248cc1f4-6f60-4ecf-a2c4-cd0fa7f8f00b,0.5114297866821289,0.9990363173351186,K
168,4fb07384-4b5d-4438-93e0-055e99efb900,0.5114297866821289,0.9990363178623877,K
168,5a5f5b21-adf4-44b8-826f-c63c19e38e34,0.5114297866821289,0.9990363176958816,K
168,63b0f26c-ddac-40e9-bee6-6517ca864f23,0.5114297866821289,0.999036318722669,K
168,682b264f-3c7f-424b-93f8-5b60d8359ecd,0.5114297866821289,0.9990363180288937,K
168,b6de1ffc-37fe-4edd-b614-200a1911c778,0.5114297866821289,0.9990363183619059,K
168,c85695ff-9ba6-47f4-820e-a0bffb299ffe,0.5114297866821289,0.9990363181953997,K
168,d2e22f98-6839-440b-9905-ba7e3c2cfe8c,0.5114297866821289,0.9990363185561629,K
168,daaf3791-1a9e-4413-8222-309dd9e26e43,0.5114297866821289,0.9990363175016246,K
168,ec673929-f600-40cc-ab28-b765e54af3bb,0.5114297866821289,0.9991784753862758,K
169,e9f5766f-f9cb-4022-bf1e-66ebe3aa30b2,0.5661231875419617,0.9998350121675452,K
169,b44d1ffd-9702-4f2d-99bb-f11f2f97d5f0,0.5216352939605713,0.9998350121119989,K
170,e26bd539-7edf-4bb4-bc30-7055145e0a75,0.6333656311035156,0.9998747576490337,K
170,e9f5766f-f9cb-4022-bf1e-66ebe3aa30b2,0.535466730594635,0.9998747577045823,K
171,0debc7e8-5ed2-4125-b716-64b3a4f39967,0.5957165956497192,0.9987717373772135,K
171,1ac0d7d0-10c2-4768-b9b6-a6f2237cdce2,0.5957165956497192,0.9987717377378811,K
171,27027481-502c-4e4c-a177-ce660051f67e,0.5957165956497192,0.9987717366281347,K
171,58af2ad5-097f-4571-ba1a-8d7b8e79ca31,0.5957165956497192,0.9987717368223403,K
171,61d8102d-8db5-4fe6-b3ef-17a3f1baa7e1,0.5957165956497192,0.9998831386066024,K
171,906ba882-a75b-4b06-b7e5-43e922996436,0.5957165956497192,0.9987717375436754,K
171,953a06d8-6c65-45b2-9be7-ea1b695740b0,0.5957165956497192,0.99988313785669,K
171,99d3eb1d-0e04-485b-a02e-f3703915e7df,0.5957165956497192,0.9987717364616727,K
171,a9bb2c9e-48b4-4d3d-828d-7720cc91736c,0.5957165956497192,0.9998831394953874,K
171,0669c654-0e61-4305-9c11-628f4bb60eb3,0.5685995221138,0.9987717387089091,K
171,413700d8-5c2a-411a-b178-e9feab0472cc,0.5685995221138,0.9987717389031148,K
171,67289dc1-1026-437b-a82e-a5f229e5e061,0.5685995221138,0.9987717385147036,K
171,88ffad9c-4295-4db8-b5dd-6d81a9f5ab51,0.5685995221138,0.998771739291526,K
171,b125b0e7-1b0c-49ac-89e1-0d800b56863b,0.5685995221138,0.9987717383482416,K
171,b6fa95ef-d7a6-4fb5-ab74-e713d5925479,0.5685995221138,0.9987717394857316,K
171,ea4ebcb4-f0de-4f3b-938d-f867a49d747c,0.5685995221138,0.9987717396799373,K
171,fd45aa2b-376a-4e19-820a-b5d25f8b23ca,0.5685995221138,0.998771738154036,K
171,b686f2f6-7c52-469c-85fb-1c9891c888ff,0.521421492099762,0.9998831387732496,K
173,e9f5766f-f9cb-4022-bf1e-66ebe3aa30b2,0.8799647688865662,0.9996213730861571,K
173,c415f08c-52e0-4f09-b4e7-877dfe9dc4a8,0.5769789814949036,0.9997382213811147,K
173,1f8121e1-3a04-4a42-86e5-0b952602d179,0.5659804344177246,0.9998787759037902,K
173,e26bd539-7edf-4bb4-bc30-7055145e0a75,0.5338810682296753,0.9996213730306226,K
173,9fcde09b-2d42-4368-896d-df8604cd9c29,0.5222948789596558,0.9992140819954622,K
173,566ca59b-ad17-4a25-9237-a835a5abe5ba,0.5111028552055359,0.9996213730028553,K
173,b44d1ffd-9702-4f2d-99bb-f11f2f97d5f0,0.5051365494728088,0.9994961660780702,K
174,9fcde09b-2d42-4368-896d-df8604cd9c29,0.8896324634552002,0.9998715997162444,K
174,1f8121e1-3a04-4a42-86e5-0b952602d179,0.5678942203521729,0.9998715995773733,K
174,e9f5766f-f9cb-4022-bf1e-66ebe3aa30b2,0.5564400553703308,0.9998715997162444,K
174,b44d1ffd-9702-4f2d-99bb-f11f2f97d5f0,0.5211403965950012,0.9998715996884702,K
174,c415f08c-52e0-4f09-b4e7-877dfe9dc4a8,0.5144109129905701,0.9998715996051475,K
174,104e115d-53a4-494c-bb22-8b3956f9a404,0.5108893513679504,0.9989445547356842,K
174,5a96be8f-836f-4968-9569-99d92236351f,0.5108893513679504,0.9989445541529666,K
174,5d822c74-3eb4-4f8c-839c-26af5f308686,0.5108893513679504,0.9989445549576719,K
174,7c616d19-4e27-4f4b-98c3-69733338171b,0.5108893513679504,0.9989445535425004,K
174,8b0d2b39-86c8-4b6a-afe6-1d57c7257593,0.5108893513679504,0.9989445545414449,K
174,b3331be2-3154-471b-8fe5-6393290f0491,0.5108893513679504,0.9989445539309788,K
174,d253524e-1b30-4cb8-9770-4de2ba5ca116,0.5108893513679504,0.9989445537367396,K
174,d5319b10-8020-4d51-a377-309b0faef11b,0.5108893513679504,0.9989445543472057,K
174,2ff479fb-dd9f-4c79-82f4-9cd7019bd800,0.5070851445198059,0.9989445522938197,K
174,300c6207-208a-48f7-a43a-0b3c055e15c9,0.5070851445198059,0.9989445524880589,K
174,6dfca794-82da-4db6-96d1-507ac2e91d37,0.5070851445198059,0.9989445528765374,K
174,6f20b7e3-94dc-4983-827e-d8d549f645f9,0.5070851445198059,0.9998716006883417,K
174,87c694e5-e7ed-494b-9bf8-97f7acea523d,0.5070851445198059,0.9989445519330897,K
174,8dda3e94-77d2-41c2-a897-30059c130989,0.5070851445198059,0.9989445515446113,K
174,9332e339-1d5d-496c-b128-6011bc520c24,0.5070851445198059,0.9989445526822982,K
174,cb0f3244-9037-41de-b2ff-8a03e32d14d4,0.5070851445198059,0.9989445517388506,K
174,efa30fb9-5267-4970-b16d-7fc40b1ca487,0.5070851445198059,0.9998716016882133,K
175,b44d1ffd-9702-4f2d-99bb-f11f2f97d5f0,0.8530920147895813,0.9998481686108855,K
175,6e06c854-1066-421d-9afc-0c9dbeff799a,0.5294093489646912,0.9998481684442442,K
175,e9f5766f-f9cb-4022-bf1e-66ebe3aa30b2,0.5294093489646912,0.9998481686664327,K
175,c415f08c-52e0-4f09-b4e7-877dfe9dc4a8,0.5196725726127625,0.9998481685553384,K
175,9fcde09b-2d42-4368-896d-df8604cd9c29,0.5194487571716309,0.9998481686386591,K
176,e26bd539-7edf-4bb4-bc30-7055145e0a75,0.9186705350875854,0.999595941875702,K
176,c415f08c-52e0-4f09-b4e7-877dfe9dc4a8,0.6216633319854736,0.999876144698479,K
176,6e06c854-1066-421d-9afc-0c9dbeff799a,0.5256714820861816,0.9998761445596073,K
176,e9f5766f-f9cb-4022-bf1e-66ebe3aa30b2,0.5256714820861816,0.9998761448095763,K
176,36c73944-279a-4a62-8d0a-10835ec8e2e1,0.5238711833953857,0.9989274503984842,K
176,40964617-6fc9-41ae-9c48-107db425ad06,0.5238711833953857,0.9989274502319963,K
176,506971c2-5dcd-4f59-bb60-230c6cc48cc4,0.5238711833953857,0.999876144948448,K
176,6289c2ce-f873-4b13-ad14-0ccc5e3d4cbe,0.5238711833953857,0.9989274495105487,K
176,64d7fae9-2134-48f0-b73c-c5fac7c2ce7c,0.5238711833953857,0.998927450759208,K
176,8208dc7c-177c-4098-b7ff-a6739ee7bbee,0.5238711833953857,0.99892745059272,K
176,876d6520-8eac-4489-9076-c38604526380,0.5238711833953857,0.9998761456705808,K
176,9a16f5c3-5d73-4688-ab6c-77f63571be01,0.5238711833953857,0.9989274496770366,K
176,a786e395-1e6e-4338-bb1f-8bbbe25167da,0.5238711833953857,0.9989274498712725,K
176,ef27b25f-b672-4196-9193-4dc687dbd36b,0.5238711833953857,0.999876146587134,K
176,1f8121e1-3a04-4a42-86e5-0b952602d179,0.5187991261482239,0.999724320562117,K
176,0154a54e-d1f0-4d9a-9418-4baffc396204,0.51652592420578,0.9989274517581355,K
176,0c97e95c-5616-4c67-a3bd-399eba330b80,0.51652592420578,0.9989274519523713,K
176,298ef311-ba49-4a2d-bade-afa8afabce89,0.51652592420578,0.9989274527293149,K
176,34432c50-68cc-414b-99a0-276ad2c65e56,0.51652592420578,0.9989274521466073,K
176,aa5e3739-499b-46a9-9313-a9fb000f12a6,0.51652592420578,0.9989274523408431,K
176,ac37a538-4d7d-47c5-a7f2-4b09b2736183,0.51652592420578,0.9989274512031757,K
176,bcdce8a0-f6e1-41bc-bf9f-5de570b066a7,0.51652592420578,0.9989274513974117,K
176,e964df06-0f65-4317-8001-1fa1e0c9b288,0.51652592420578,0.998927452535079,K
176,f0a74561-32d0-43ed-9ce0-6e173b948c68,0.51652592420578,0.9989274515916475,K
176,248cc1f4-6f60-4ecf-a2c4-cd0fa7f8f00b,0.5114297866821289,0.9989274494550527,K
176,4fb07384-4b5d-4438-93e0-055e99efb900,0.5114297866821289,0.9989274500100124,K
176,5a5f5b21-adf4-44b8-826f-c63c19e38e34,0.5114297866821289,0.9989274498157765,K
176,63b0f26c-ddac-40e9-bee6-6517ca864f23,0.5114297866821289,0.9989274508979479,K
176,682b264f-3c7f-424b-93f8-5b60d8359ecd,0.5114297866821289,0.9989274501765003,K
176,b6de1ffc-37fe-4edd-b614-200a1911c778,0.5114297866821289,0.9989274505372241,K
176,c85695ff-9ba6-47f4-820e-a0bffb299ffe,0.5114297866821289,0.9989274503429882,K
176,d2e22f98-6839-440b-9905-ba7e3c2cfe8c,0.5114297866821289,0.998927450703712,K
176,daaf3791-1a9e-4413-8222-309dd9e26e43,0.5114297866821289,0.9989274496215407,K
176,ec673929-f600-40cc-ab28-b765e54af3bb,0.5114297866821289,0.9989274492608168,K
176,566ca59b-ad17-4a25-9237-a835a5abe5ba,0.5038673877716064,0.999595941875702,K
177,566ca59b-ad17-4a25-9237-a835a5abe5ba,0.8610802292823792,0.9998267644514552,K
177,d7a93c18-cefa-4f00-a632-7591bf815ab1,0.5839399695396423,0.9994227624990398,K
177,6e06c854-1066-421d-9afc-0c9dbeff799a,0.5661231875419617,0.9998267643125904,K
177,e9f5766f-f9cb-4022-bf1e-66ebe3aa30b2,0.5661231875419617,0.9998267645625472,K
177,c415f08c-52e0-4f09-b4e7-877dfe9dc4a8,0.5508610606193542,0.9998267644236823,K
177,170e8f38-50e3-4513-b525-8b36990ffd44,0.5216352939605713,0.9998267642570445,K
177,b44d1ffd-9702-4f2d-99bb-f11f2f97d5f0,0.5216352939605713,0.9997029169712383,K
177,e26bd539-7edf-4bb4-bc30-7055145e0a75,0.5186494588851929,0.9998267644792282,K
177,1f8121e1-3a04-4a42-86e5-0b952602d179,0.5061466097831726,0.9998267644236823,K
178,c415f08c-52e0-4f09-b4e7-877dfe9dc4a8,0.8946537971496582,0.9998637282580597,K
178,e26bd539-7edf-4bb4-bc30-7055145e0a75,0.6333656311035156,0.9998637282858337,K
178,e3600116-e784-45ee-a8c0-580fecb9fcc3,0.6333656311035156,0.9998637280636417,K
178,6e06c854-1066-421d-9afc-0c9dbeff799a,0.535466730594635,0.9998637281469637,K
178,e9f5766f-f9cb-4022-bf1e-66ebe3aa30b2,0.535466730594635,0.9998637283691556,K
179,1f8121e1-3a04-4a42-86e5-0b952602d179,0.8725607395172119,0.999743363603422,K
179,0debc7e8-5ed2-4125-b716-64b3a4f39967,0.5957165956497192,0.998904686821637,K
179,1ac0d7d0-10c2-4768-b9b6-a6f2237cdce2,0.5957165956497192,0.9989046871823526,K
179,27027481-502c-4e4c-a177-ce660051f67e,0.5957165956497192,0.9989046861279532,K
179,58af2ad5-097f-4571-ba1a-8d7b8e79ca31,0.5957165956497192,0.9989046862944373,K
179,61d8102d-8db5-4fe6-b3ef-17a3f1baa7e1,0.5957165956497192,0.9998796339667946,K
179,906ba882-a75b-4b06-b7e5-43e922996436,0.5957165956497192,0.9989046869881211,K
179,953a06d8-6c65-45b2-9be7-ea1b695740b0,0.5957165956497192,0.9998796332446592,K
179,99d3eb1d-0e04-485b-a02e-f3703915e7df,0.5957165956497192,0.9989046859614691,K
179,a9bb2c9e-48b4-4d3d-828d-7720cc91736c,0.5957165956497192,0.999879634827802,K
179,0669c654-0e61-4305-9c11-628f4bb60eb3,0.5685995221138,0.99890468815351,K
179,413700d8-5c2a-411a-b178-e9feab0472cc,0.5685995221138,0.9989046883477414,K
179,67289dc1-1026-437b-a82e-a5f229e5e061,0.5685995221138,0.9989046879870258,K
179,88ffad9c-4295-4db8-b5dd-6d81a9f5ab51,0.5685995221138,0.9989046887362043,K
179,b125b0e7-1b0c-49ac-89e1-0d800b56863b,0.5685995221138,0.9989046877927944,K
179,b6fa95ef-d7a6-4fb5-ab74-e713d5925479,0.5685995221138,0.9989046889304358,K
179,ea4ebcb4-f0de-4f3b-938d-f867a49d747c,0.5685995221138,0.9989046891524146,K
179,fd45aa2b-376a-4e19-820a-b5d25f8b23ca,0.5685995221138,0.9989046876263102,K
179,b686f2f6-7c52-469c-85fb-1c9891c888ff,0.521421492099762,0.9998796341334412,K
180,d7a93c18-cefa-4f00-a632-7591bf815ab1,0.7364713549613953,0.999601374388976,K
181,6e06c854-1066-421d-9afc-0c9dbeff799a,0.8799647688865662,0.9996136324091889,K
181,e9f5766f-f9cb-4022-bf1e-66ebe3aa30b2,0.8799647688865662,0.9996136326313252,K
181,4d50cb1a-7e46-4c86-9a85-b4e52e94c4b8,0.5769789814949036,0.9997339806394264,K
181,c415f08c-52e0-4f09-b4e7-877dfe9dc4a8,0.5769789814949036,0.999613632520257,K
181,1f8121e1-3a04-4a42-86e5-0b952602d179,0.5659804344177246,0.9997339808338191,K
181,5e25d7b2-9822-4221-9f9a-c5b0b29e7a7b,0.5659804344177246,0.999875988328972,K
181,e26bd539-7edf-4bb4-bc30-7055145e0a75,0.5338810682296753,0.999613632548024,K
181,e3600116-e784-45ee-a8c0-580fecb9fcc3,0.5338810682296753,0.9996136323258877,K
181,9fcde09b-2d42-4368-896d-df8604cd9c29,0.5222948789596558,0.9991804559542616,K
181,fb431544-5bbd-41ca-a8c6-569993317df4,0.5222948789596558,0.9991804557322216,K
181,006ef35d-7506-4a99-abe1-c6e858ede6ba,0.5111028552055359,0.9996136322981206,K
181,566ca59b-ad17-4a25-9237-a835a5abe5ba,0.5111028552055359,0.9994773993255495,K
181,170e8f38-50e3-4513-b525-8b36990ffd44,0.5051365494728088,0.9994773991589698,K
181,b44d1ffd-9702-4f2d-99bb-f11f2f97d5f0,0.5051365494728088,0.9994773993810759,K
182,9fcde09b-2d42-4368-896d-df8604cd9c29,0.8896324634552002,0.9998592369913755,K
182,fb431544-5bbd-41ca-a8c6-569993317df4,0.8896324634552002,0.9998592367691845,K
182,1f8121e1-3a04-4a42-86e5-0b952602d179,0.5678942203521729,0.99985923688028,K
182,5e25d7b2-9822-4221-9f9a-c5b0b29e7a7b,0.5678942203521729,0.9998592366858629,K
182,6e06c854-1066-421d-9afc-0c9dbeff799a,0.5564400553703308,0.9998592367969583,K
182,e9f5766f-f9cb-4022-bf1e-66ebe3aa30b2,0.5564400553703308,0.9998592370191492,K
182,170e8f38-50e3-4513-b525-8b36990ffd44,0.5211403965950012,0.9998592367691845,K
182,b44d1ffd-9702-4f2d-99bb-f11f2f97d5f0,0.5211403965950012,0.9998592369636016,K
182,4d50cb1a-7e46-4c86-9a85-b4e52e94c4b8,0.5144109129905701,0.9998592366858629,K
182,c415f08c-52e0-4f09-b4e7-877dfe9dc4a8,0.5144109129905701,0.9998592369080538,K
182,104e115d-53a4-494c-bb22-8b3956f9a404,0.5108893513679504,0.9988879626889317,K
182,5a96be8f-836f-4968-9569-99d92236351f,0.5108893513679504,0.998887962133994,K
182,5d822c74-3eb4-4f8c-839c-26af5f308686,0.5108893513679504,0.99888796288316,K
182,7c616d19-4e27-4f4b-98c3-69733338171b,0.5108893513679504,0.9988879615513093,K
182,8b0d2b39-86c8-4b6a-afe6-1d57c7257593,0.5108893513679504,0.9988879624947035,K
182,b3331be2-3154-471b-8fe5-6393290f0491,0.5108893513679504,0.9988879619120189,K
182,d253524e-1b30-4cb8-9770-4de2ba5ca116,0.5108893513679504,0.9988879617455375,K
182,d5319b10-8020-4d51-a377-309b0faef11b,0.5108893513679504,0.9988879623004753,K
182,2ff479fb-dd9f-4c79-82f4-9cd7019bd800,0.5070851445198059,0.9988879604136869,K
182,300c6207-208a-48f7-a43a-0b3c055e15c9,0.5070851445198059,0.9988879605801683,K
182,6dfca794-82da-4db6-96d1-507ac2e91d37,0.5070851445198059,0.9988879609408777,K
182,6f20b7e3-94dc-4983-827e-d8d549f645f9,0.5070851445198059,0.9998592378801392,K
182,87c694e5-e7ed-494b-9bf8-97f7acea523d,0.5070851445198059,0.9988879600807242,K
182,8dda3e94-77d2-41c2-a897-30059c130989,0.5070851445198059,0.9988879597200148,K
182,9332e339-1d5d-496c-b128-6011bc520c24,0.5070851445198059,0.9988879607743965,K
182,cb0f3244-9037-41de-b2ff-8a03e32d14d4,0.5070851445198059,0.998887959914243,K
182,efa30fb9-5267-4970-b16d-7fc40b1ca487,0.5070851445198059,0.9998592387966768,K
183,170e8f38-50e3-4513-b525-8b36990ffd44,0.8530920147895813,0.9998402315143441,K
183,b44d1ffd-9702-4f2d-99bb-f11f2f97d5f0,0.8530920147895813,0.9998402317365308,K
183,6e06c854-1066-421d-9afc-0c9dbeff799a,0.5294093489646912,0.9998402315698908,K
183,9e0f2db7-7d2b-47ed-8428-ff8d74092397,0.5294093489646912,0.9998402313754774,K
183,e9f5766f-f9cb-4022-bf1e-66ebe3aa30b2,0.5294093489646912,0.9998402317920775,K
183,4d50cb1a-7e46-4c86-9a85-b4e52e94c4b8,0.5196725726127625,0.9998402314587974,K
183,c415f08c-52e0-4f09-b4e7-877dfe9dc4a8,0.5196725726127625,0.9998402316809841,K
183,9fcde09b-2d42-4368-896d-df8604cd9c29,0.5194487571716309,0.9998402317643041,K
183,fb431544-5bbd-41ca-a8c6-569993317df4,0.5194487571716309,0.9998402315421174,K
184,e26bd539-7edf-4bb4-bc30-7055145e0a75,0.9186705350875854,0.9995679818744941,K
184,e3600116-e784-45ee-a8c0-580fecb9fcc3,0.9186705350875854,0.9995679816523679,K
184,4d50cb1a-7e46-4c86-9a85-b4e52e94c4b8,0.6216633319854736,0.9998684772054367,K
184,c415f08c-52e0-4f09-b4e7-877dfe9dc4a8,0.6216633319854736,0.9998684774554039,K
184,6e06c854-1066-421d-9afc-0c9dbeff799a,0.5256714820861816,0.9998684773165333,K
184,9e0f2db7-7d2b-47ed-8428-ff8d74092397,0.5256714820861816,0.9998684771498885,K
184,e9f5766f-f9cb-4022-bf1e-66ebe3aa30b2,0.5256714820861816,0.9998684775665003,K
184,36c73944-279a-4a62-8d0a-10835ec8e2e1,0.5238711833953857,0.9988723707244631,K
184,40964617-6fc9-41ae-9c48-107db425ad06,0.5238711833953857,0.9988723705579844,K
184,506971c2-5dcd-4f59-bb60-230c6cc48cc4,0.5238711833953857,0.999868477705371,K
184,6289c2ce-f873-4b13-ad14-0ccc5e3d4cbe,0.5238711833953857,0.9988723698088301,K
184,64d7fae9-2134-48f0-b73c-c5fac7c2ce7c,0.5238711833953857,0.998872371085167,K
184,8208dc7c-177c-4098-b7ff-a6739ee7bbee,0.5238711833953857,0.9988723709186883,K
184,876d6520-8eac-4489-9076-c38604526380,0.5238711833953857,0.9998684784552724,K
184,9a16f5c3-5d73-4688-ab6c-77f63571be01,0.5238711833953857,0.9988723700030553,K
184,a786e395-1e6e-4338-bb1f-8bbbe25167da,0.5238711833953857,0.9988723701972805,K
184,ef27b25f-b672-4196-9193-4dc687dbd36b,0.5238711833953857,0.9998684793440443,K
184,1f8121e1-3a04-4a42-86e5-0b952602d179,0.5187991261482239,0.9997087172643891,K
184,5e25d7b2-9822-4221-9f9a-c5b0b29e7a7b,0.5187991261482239,0.999708717014462,K
184,0154a54e-d1f0-4d9a-9418-4baffc396204,0.51652592420578,0.998872372056293,K
184,0c97e95c-5616-4c67-a3bd-399eba330b80,0.51652592420578,0.9988723722505182,K
184,298ef311-ba49-4a2d-bade-afa8afabce89,0.51652592420578,0.9988723729996725,K
184,34432c50-68cc-414b-99a0-276ad2c65e56,0.51652592420578,0.9988723724447434,K
184,aa5e3739-499b-46a9-9313-a9fb000f12a6,0.51652592420578,0.9988723726112221,K
184,ac37a538-4d7d-47c5-a7f2-4b09b2736183,0.51652592420578,0.9988723715013639,K
184,bcdce8a0-f6e1-41bc-bf9f-5de570b066a7,0.51652592420578,0.9988723716955891,K
184,e964df06-0f65-4317-8001-1fa1e0c9b288,0.51652592420578,0.9988723728054473,K
184,f0a74561-32d0-43ed-9ce0-6e173b948c68,0.51652592420578,0.9988723718898143,K
184,248cc1f4-6f60-4ecf-a2c4-cd0fa7f8f00b,0.5114297866821289,0.9988723697533373,K
184,4fb07384-4b5d-4438-93e0-055e99efb900,0.5114297866821289,0.9988723703360128,K
184,5a5f5b21-adf4-44b8-826f-c63c19e38e34,0.5114297866821289,0.9988723701417876,K
184,63b0f26c-ddac-40e9-bee6-6517ca864f23,0.5114297866821289,0.9988723712238994,K
184,682b264f-3c7f-424b-93f8-5b60d8359ecd,0.5114297866821289,0.9988723705024916,K
184,b6de1ffc-37fe-4edd-b614-200a1911c778,0.5114297866821289,0.9988723708631955,K
184,c85695ff-9ba6-47f4-820e-a0bffb299ffe,0.5114297866821289,0.9988723706967167,K
184,d2e22f98-6839-440b-9905-ba7e3c2cfe8c,0.5114297866821289,0.9988723710296742,K
184,daaf3791-1a9e-4413-8222-309dd9e26e43,0.5114297866821289,0.9988723699475625,K
184,ec673929-f600-40cc-ab28-b765e54af3bb,0.5114297866821289,0.9988723695591121,K
184,006ef35d-7506-4a99-abe1-c6e858ede6ba,0.5038673877716064,0.9995679816246021,K
184,566ca59b-ad17-4a25-9237-a835a5abe5ba,0.5038673877716064,0.9995679818467283,K
185,006ef35d-7506-4a99-abe1-c6e858ede6ba,0.8610802292823792,0.9998174188366364,K
185,566ca59b-ad17-4a25-9237-a835a5abe5ba,0.8610802292823792,0.9998174190865907,K
185,022a3e3a-7277-49d0-9eb2-e069b34a41e5,0.5839399695396423,0.9993854629053173,K
185,d7a93c18-cefa-4f00-a632-7591bf815ab1,0.5839399695396423,0.9992613760837085,K
185,6e06c854-1066-421d-9afc-0c9dbeff799a,0.5661231875419617,0.9998174189199545,K
185,9e0f2db7-7d2b-47ed-8428-ff8d74092397,0.5661231875419617,0.9998174187533183,K
185,e9f5766f-f9cb-4022-bf1e-66ebe3aa30b2,0.5661231875419617,0.9998174191699088,K
185,4d50cb1a-7e46-4c86-9a85-b4e52e94c4b8,0.5508610606193542,0.9998174188088637,K
185,c415f08c-52e0-4f09-b4e7-877dfe9dc4a8,0.5508610606193542,0.999817419058818,K
185,170e8f38-50e3-4513-b525-8b36990ffd44,0.5216352939605713,0.9996859037552238,K
185,b44d1ffd-9702-4f2d-99bb-f11f2f97d5f0,0.5216352939605713,0.9996859040329144,K
185,d7742be2-eca7-4a6b-b81a-a7f27d892e99,0.5216352939605713,0.9998174185311366,K
185,e26bd539-7edf-4bb4-bc30-7055145e0a75,0.5186494588851929,0.9998174191143634,K
185,e3600116-e784-45ee-a8c0-580fecb9fcc3,0.5186494588851929,0.9998174188644091,K
185,1f8121e1-3a04-4a42-86e5-0b952602d179,0.5061466097831726,0.999817419058818,K
185,5e25d7b2-9822-4221-9f9a-c5b0b29e7a7b,0.5061466097831726,0.999817418781091,K
186,4d50cb1a-7e46-4c86-9a85-b4e52e94c4b8,0.8946537971496582,0.9998516515047264,K
186,c415f08c-52e0-4f09-b4e7-877dfe9dc4a8,0.8946537971496582,0.9998516517269157,K
186,2352ab44-2b72-41c7-8a4a-faf9293bd107,0.6333656311035156,0.9998516513658581,K
186,e26bd539-7edf-4bb4-bc30-7055145e0a75,0.6333656311035156,0.9998516517824629,K
186,e3600116-e784-45ee-a8c0-580fecb9fcc3,0.6333656311035156,0.9998516515325,K
186,6e06c854-1066-421d-9afc-0c9dbeff799a,0.535466730594635,0.999851651615821,K
186,9e0f2db7-7d2b-47ed-8428-ff8d74092397,0.535466730594635,0.9998516514214054,K
186,e9f5766f-f9cb-4022-bf1e-66ebe3aa30b2,0.535466730594635,0.9998516518380103,K
187,1f8121e1-3a04-4a42-86e5-0b952602d179,0.8725607395172119,0.9997253881294108,K
187,5e25d7b2-9822-4221-9f9a-c5b0b29e7a7b,0.8725607395172119,0.9997253879072496,K
187,0debc7e8-5ed2-4125-b716-64b3a4f39967,0.5957165956497192,0.9988450720543397,K
187,1ac0d7d0-10c2-4768-b9b6-a6f2237cdce2,0.5957165956497192,0.998845072387288,K
187,27027481-502c-4e4c-a177-ce660051f67e,0.5957165956497192,0.9988450713329515,K
187,58af2ad5-097f-4571-ba1a-8d7b8e79ca31,0.5957165956497192,0.9988450715271714,K
187,61d8102d-8db5-4fe6-b3ef-17a3f1baa7e1,0.5957165956497192,0.9998737329445779,K
187,906ba882-a75b-4b06-b7e5-43e922996436,0.5957165956497192,0.9988450722208139,K
187,953a06d8-6c65-45b2-9be7-ea1b695740b0,0.5957165956497192,0.9998737322224469,K
187,99d3eb1d-0e04-485b-a02e-f3703915e7df,0.5957165956497192,0.9988450711664774,K
187,a9bb2c9e-48b4-4d3d-828d-7720cc91736c,0.5957165956497192,0.9998737338333546,K
187,0669c654-0e61-4305-9c11-628f4bb60eb3,0.5685995221138,0.998845073386133,K
187,413700d8-5c2a-411a-b178-e9feab0472cc,0.5685995221138,0.9988450735526073,K
187,67289dc1-1026-437b-a82e-a5f229e5e061,0.5685995221138,0.9988450732196589,K
187,88ffad9c-4295-4db8-b5dd-6d81a9f5ab51,0.5685995221138,0.9988450739687927,K
187,b125b0e7-1b0c-49ac-89e1-0d800b56863b,0.5685995221138,0.998845073025439,K
187,b6fa95ef-d7a6-4fb5-ab74-e713d5925479,0.5685995221138,0.9988450741630126,K
187,ea4ebcb4-f0de-4f3b-938d-f867a49d747c,0.5685995221138,0.9988450743572325,K
187,fd45aa2b-376a-4e19-820a-b5d25f8b23ca,0.5685995221138,0.9988450728312191,K
187,b686f2f6-7c52-469c-85fb-1c9891c888ff,0.521421492099762,0.9998737331112236,K
188,022a3e3a-7277-49d0-9eb2-e069b34a41e5,0.7364713549613953,0.9995815321098996,K
188,d7a93c18-cefa-4f00-a632-7591bf815ab1,0.7364713549613953,0.9995815323042627,K
189,6e06c854-1066-421d-9afc-0c9dbeff799a,0.8799647688865662,0.9996042423049667,K
189,9e0f2db7-7d2b-47ed-8428-ff8d74092397,0.8799647688865662,0.999604242138366,K
189,e9f5766f-f9cb-4022-bf1e-66ebe3aa30b2,0.8799647688865662,0.999604242527101,K
189,108bff6c-837a-40bd-9ac1-2f2fe57d7862,0.5769789814949036,0.9997304895744614,K
189,4d50cb1a-7e46-4c86-9a85-b4e52e94c4b8,0.5769789814949036,0.9996042421938995,K
189,c415f08c-52e0-4f09-b4e7-877dfe9dc4a8,0.5769789814949036,0.9996042424160339,K
189,1f8121e1-3a04-4a42-86e5-0b952602d179,0.5659804344177246,0.9997304899354752,K
189,5e25d7b2-9822-4221-9f9a-c5b0b29e7a7b,0.5659804344177246,0.9997304897410831,K
189,5fb30acc-82d8-4c89-a915-734e735ca6e4,0.5659804344177246,0.9998743650871712,K
189,2352ab44-2b72-41c7-8a4a-faf9293bd107,0.5338810682296753,0.9996042420828324,K
189,e26bd539-7edf-4bb4-bc30-7055145e0a75,0.5338810682296753,0.9996042424715674,K
189,e3600116-e784-45ee-a8c0-580fecb9fcc3,0.5338810682296753,0.9996042422494331,K
189,9fcde09b-2d42-4368-896d-df8604cd9c29,0.5222948789596558,0.999141998488421,K
189,df8ec481-0703-4b26-b70a-4ecb01bd4bbd,0.5222948789596558,0.9991419980998657,K
189,fb431544-5bbd-41ca-a8c6-569993317df4,0.5222948789596558,0.9991419982663894,K
189,006ef35d-7506-4a99-abe1-c6e858ede6ba,0.5111028552055359,0.999455938305267,K
189,1d3c5fe6-a73d-4123-be04-4f87c0429699,0.5111028552055359,0.9996042420550656,K
189,566ca59b-ad17-4a25-9237-a835a5abe5ba,0.5111028552055359,0.9994559385273684,K
189,170e8f38-50e3-4513-b525-8b36990ffd44,0.5051365494728088,0.9994559383607924,K
189,b44d1ffd-9702-4f2d-99bb-f11f2f97d5f0,0.5051365494728088,0.9994559385828937,K
189,d7742be2-eca7-4a6b-b81a-a7f27d892e99,0.5051365494728088,0.9994559381942164,K
190,9fcde09b-2d42-4368-896d-df8604cd9c29,0.8896324634552002,0.9998456071420264,K
190,df8ec481-0703-4b26-b70a-4ecb01bd4bbd,0.8896324634552002,0.9998456066976505,K
190,fb431544-5bbd-41ca-a8c6-569993317df4,0.8896324634552002,0.999845606892065,K
190,1f8121e1-3a04-4a42-86e5-0b952602d179,0.5678942203521729,0.9998456070031589,K
190,5e25d7b2-9822-4221-9f9a-c5b0b29e7a7b,0.5678942203521729,0.9998456067531976,K
190,5fb30acc-82d8-4c89-a915-734e735ca6e4,0.5678942203521729,0.9998456065865566,K
190,6e06c854-1066-421d-9afc-0c9dbeff799a,0.5564400553703308,0.9998456069198385,K
190,9e0f2db7-7d2b-47ed-8428-ff8d74092397,0.5564400553703308,0.9998456067254241,K
190,e9f5766f-f9cb-4022-bf1e-66ebe3aa30b2,0.5564400553703308,0.9998456071697999,K
190,170e8f38-50e3-4513-b525-8b36990ffd44,0.5211403965950012,0.9998456068642916,K
190,b44d1ffd-9702-4f2d-99bb-f11f2f97d5f0,0.5211403965950012,0.999845607114253,K
190,d7742be2-eca7-4a6b-b81a-a7f27d892e99,0.5211403965950012,0.9998456066698771,K
190,108bff6c-837a-40bd-9ac1-2f2fe57d7862,0.5144109129905701,0.9998456065865566,K
190,4d50cb1a-7e46-4c86-9a85-b4e52e94c4b8,0.5144109129905701,0.9998456067809711,K
190,c415f08c-52e0-4f09-b4e7-877dfe9dc4a8,0.5144109129905701,0.9998456070309325,K
190,104e115d-53a4-494c-bb22-8b3956f9a404,0.5108893513679504,0.9988281085628177,K
190,5a96be8f-836f-4968-9569-99d92236351f,0.5108893513679504,0.9988281079246776,K
190,5d822c74-3eb4-4f8c-839c-26af5f308686,0.5108893513679504,0.9988281087847795,K
190,7c616d19-4e27-4f4b-98c3-69733338171b,0.5108893513679504,0.9988281072865374,K
190,8b0d2b39-86c8-4b6a-afe6-1d57c7257593,0.5108893513679504,0.9988281083408559,K
190,b3331be2-3154-471b-8fe5-6393290f0491,0.5108893513679504,0.9988281077027157,K
190,d253524e-1b30-4cb8-9770-4de2ba5ca116,0.5108893513679504,0.9988281074807539,K
190,d5319b10-8020-4d51-a377-309b0faef11b,0.5108893513679504,0.9988281081188941,K
190,2ff479fb-dd9f-4c79-82f4-9cd7019bd800,0.5070851445198059,0.9988281059825118,K
190,300c6207-208a-48f7-a43a-0b3c055e15c9,0.5070851445198059,0.9988281061767283,K
190,6dfca794-82da-4db6-96d1-507ac2e91d37,0.5070851445198059,0.9988281065929068,K
190,6f20b7e3-94dc-4983-827e-d8d549f645f9,0.5070851445198059,0.999845608197419,K
190,87c694e5-e7ed-494b-9bf8-97f7acea523d,0.5070851445198059,0.9988281055940786,K
190,8dda3e94-77d2-41c2-a897-30059c130989,0.5070851445198059,0.9988281051779002,K
190,9332e339-1d5d-496c-b128-6011bc520c24,0.5070851445198059,0.9988281063709449,K
190,cb0f3244-9037-41de-b2ff-8a03e32d14d4,0.5070851445198059,0.9988281053721169,K
190,efa30fb9-5267-4970-b16d-7fc40b1ca487,0.5070851445198059,0.9998456092250381,K
191,170e8f38-50e3-4513-b525-8b36990ffd44,0.8530920147895813,0.9998306559792066,K
191,b44d1ffd-9702-4f2d-99bb-f11f2f97d5f0,0.8530920147895813,0.9998306562013911,K
191,d7742be2-eca7-4a6b-b81a-a7f27d892e99,0.8530920147895813,0.9998306558125681,K
191,6e06c854-1066-421d-9afc-0c9dbeff799a,0.5294093489646912,0.9998306560347527,K
191,9e0f2db7-7d2b-47ed-8428-ff8d74092397,0.5294093489646912,0.9998306558403411,K
191,dc8b1158-d7f0-4290-b6da-048469362461,0.5294093489646912,0.9998306556737028,K
191,e9f5766f-f9cb-4022-bf1e-66ebe3aa30b2,0.5294093489646912,0.9998306562569373,K
191,108bff6c-837a-40bd-9ac1-2f2fe57d7862,0.5196725726127625,0.9998306557292489,K
191,4d50cb1a-7e46-4c86-9a85-b4e52e94c4b8,0.5196725726127625,0.9998306559236604,K
191,c415f08c-52e0-4f09-b4e7-877dfe9dc4a8,0.5196725726127625,0.999830656145845,K
191,9fcde09b-2d42-4368-896d-df8604cd9c29,0.5194487571716309,0.9998306562291642,K
191,df8ec481-0703-4b26-b70a-4ecb01bd4bbd,0.5194487571716309,0.9998306558125681,K
191,fb431544-5bbd-41ca-a8c6-569993317df4,0.5194487571716309,0.9998306560069796,K
192,2352ab44-2b72-41c7-8a4a-faf9293bd107,0.9186705350875854,0.9995384596258755,K
192,e26bd539-7edf-4bb4-bc30-7055145e0a75,0.9186705350875854,0.9995384600423499,K
192,e3600116-e784-45ee-a8c0-580fecb9fcc3,0.9186705350875854,0.9995384598202303,K
192,108bff6c-837a-40bd-9ac1-2f2fe57d7862,0.6216633319854736,0.9998621551959126,K
192,4d50cb1a-7e46-4c86-9a85-b4e52e94c4b8,0.6216633319854736,0.9998621553625563,K
192,c415f08c-52e0-4f09-b4e7-877dfe9dc4a8,0.6216633319854736,0.9998621555847479,K
192,6e06c854-1066-421d-9afc-0c9dbeff799a,0.5256714820861816,0.9998621554736521,K
192,9e0f2db7-7d2b-47ed-8428-ff8d74092397,0.5256714820861816,0.9998621553070084,K
192,dc8b1158-d7f0-4290-b6da-048469362461,0.5256714820861816,0.9998621551125908,K
192,e9f5766f-f9cb-4022-bf1e-66ebe3aa30b2,0.5256714820861816,0.9998621557236176,K
192,36c73944-279a-4a62-8d0a-10835ec8e2e1,0.5238711833953857,0.9988122248251172,K
192,40964617-6fc9-41ae-9c48-107db425ad06,0.5238711833953857,0.9988122246309037,K
192,506971c2-5dcd-4f59-bb60-230c6cc48cc4,0.5238711833953857,0.9998621558624874,K
192,6289c2ce-f873-4b13-ad14-0ccc5e3d4cbe,0.5238711833953857,0.9988122239095393,K
192,64d7fae9-2134-48f0-b73c-c5fac7c2ce7c,0.5238711833953857,0.9988122251857994,K
192,8208dc7c-177c-4098-b7ff-a6739ee7bbee,0.5238711833953857,0.998812224991586,K
192,876d6520-8eac-4489-9076-c38604526380,0.5238711833953857,0.999862156612384,K
192,9a16f5c3-5d73-4688-ab6c-77f63571be01,0.5238711833953857,0.998812224076008,K
192,a786e395-1e6e-4338-bb1f-8bbbe25167da,0.5238711833953857,0.9988122242702215,K
192,ef27b25f-b672-4196-9193-4dc687dbd36b,0.5238711833953857,0.9998621575289243,K
192,1f8121e1-3a04-4a42-86e5-0b952602d179,0.5187991261482239,0.9996928212723826,K
192,5e25d7b2-9822-4221-9f9a-c5b0b29e7a7b,0.5187991261482239,0.9996928210224594,K
192,5fb30acc-82d8-4c89-a915-734e735ca6e4,0.5187991261482239,0.9996928208558439,K
192,0154a54e-d1f0-4d9a-9418-4baffc396204,0.51652592420578,0.9988122262123564,K
192,0c97e95c-5616-4c67-a3bd-399eba330b80,0.51652592420578,0.9988122264065699,K
192,298ef311-ba49-4a2d-bade-afa8afabce89,0.51652592420578,0.9988122272111686,K
192,34432c50-68cc-414b-99a0-276ad2c65e56,0.51652592420578,0.9988122266285282,K
192,aa5e3739-499b-46a9-9313-a9fb000f12a6,0.51652592420578,0.9988122268227416,K
192,ac37a538-4d7d-47c5-a7f2-4b09b2736183,0.51652592420578,0.9988122256574608,K
192,bcdce8a0-f6e1-41bc-bf9f-5de570b066a7,0.51652592420578,0.9988122258516742,K
192,e964df06-0f65-4317-8001-1fa1e0c9b288,0.51652592420578,0.9988122270447,K
192,f0a74561-32d0-43ed-9ce0-6e173b948c68,0.51652592420578,0.9988122260458877,K
192,248cc1f4-6f60-4ecf-a2c4-cd0fa7f8f00b,0.5114297866821289,0.9988122238540498,K
192,4fb07384-4b5d-4438-93e0-055e99efb900,0.5114297866821289,0.9988122244089455,K
192,5a5f5b21-adf4-44b8-826f-c63c19e38e34,0.5114297866821289,0.9988122242147319,K
192,63b0f26c-ddac-40e9-bee6-6517ca864f23,0.5114297866821289,0.9988122253245233,K
192,682b264f-3c7f-424b-93f8-5b60d8359ecd,0.5114297866821289,0.9988122246031589,K
192,b6de1ffc-37fe-4edd-b614-200a1911c778,0.5114297866821289,0.9988122249638411,K
192,c85695ff-9ba6-47f4-820e-a0bffb299ffe,0.5114297866821289,0.9988122247696276,K
192,d2e22f98-6839-440b-9905-ba7e3c2cfe8c,0.5114297866821289,0.9988122251580546,K
192,daaf3791-1a9e-4413-8222-309dd9e26e43,0.5114297866821289,0.9988122240482632,K
192,ec673929-f600-40cc-ab28-b765e54af3bb,0.5114297866821289,0.9988122236598362,K
192,006ef35d-7506-4a99-abe1-c6e858ede6ba,0.5038673877716064,0.9995384597924653,K
192,1d3c5fe6-a73d-4123-be04-4f87c0429699,0.5038673877716064,0.9995384595981106,K
192,566ca59b-ad17-4a25-9237-a835a5abe5ba,0.5038673877716064,0.9995384600145849,K
193,006ef35d-7506-4a99-abe1-c6e858ede6ba,0.8610802292823792,0.9998081842878754,K
193,1d3c5fe6-a73d-4123-be04-4f87c0429699,0.8610802292823792,0.9998081841212407,K
193,566ca59b-ad17-4a25-9237-a835a5abe5ba,0.8610802292823792,0.9998081845378275,K
193,022a3e3a-7277-49d0-9eb2-e069b34a41e5,0.5839399695396423,0.999221149989025,K
193,d7a93c18-cefa-4f00-a632-7591bf815ab1,0.5839399695396423,0.9992211501555619,K
193,e91254e1-c10b-45fe-bbf0-ba1568987671,0.5839399695396423,0.9993467161217834,K
193,6e06c854-1066-421d-9afc-0c9dbeff799a,0.5661231875419617,0.9998081843989652,K
193,9e0f2db7-7d2b-47ed-8428-ff8d74092397,0.5661231875419617,0.9998081842045581,K
193,dc8b1158-d7f0-4290-b6da-048469362461,0.5661231875419617,0.9998081840379234,K
193,e9f5766f-f9cb-4022-bf1e-66ebe3aa30b2,0.5661231875419617,0.9998081846489173,K
193,108bff6c-837a-40bd-9ac1-2f2fe57d7862,0.5508610606193542,0.9998081840934683,K
193,4d50cb1a-7e46-4c86-9a85-b4e52e94c4b8,0.5508610606193542,0.9998081842878754,K
193,c415f08c-52e0-4f09-b4e7-877dfe9dc4a8,0.5508610606193542,0.9998081845378275,K
193,10ead65d-f467-4cbe-a05d-b379b082687f,0.5216352939605713,0.9998081839823785,K
193,170e8f38-50e3-4513-b525-8b36990ffd44,0.5216352939605713,0.999670349902093,K
193,b44d1ffd-9702-4f2d-99bb-f11f2f97d5f0,0.5216352939605713,0.9996703501520106,K
193,d7742be2-eca7-4a6b-b81a-a7f27d892e99,0.5216352939605713,0.9996703497354812,K
193,2352ab44-2b72-41c7-8a4a-faf9293bd107,0.5186494588851929,0.9998081841490132,K
193,e26bd539-7edf-4bb4-bc30-7055145e0a75,0.5186494588851929,0.9998081845655999,K
193,e3600116-e784-45ee-a8c0-580fecb9fcc3,0.5186494588851929,0.9998081843156479,K
193,1f8121e1-3a04-4a42-86e5-0b952602d179,0.5061466097831726,0.999808184510055,K
193,5e25d7b2-9822-4221-9f9a-c5b0b29e7a7b,0.5061466097831726,0.999808184260103,K
193,5fb30acc-82d8-4c89-a915-734e735ca6e4,0.5061466097831726,0.9998081840656958,K
194,108bff6c-837a-40bd-9ac1-2f2fe57d7862,0.8946537971496582,0.9998389764101345,K
194,4d50cb1a-7e46-4c86-9a85-b4e52e94c4b8,0.8946537971496582,0.9998389765767743,K
194,c415f08c-52e0-4f09-b4e7-877dfe9dc4a8,0.8946537971496582,0.9998389767989608,K
194,2352ab44-2b72-41c7-8a4a-faf9293bd107,0.6333656311035156,0.9998389764379079,K
194,d9f925cf-dbc2-4ab7-b503-890aaca8311d,0.6333656311035156,0.999838976271268,K
194,e26bd539-7edf-4bb4-bc30-7055145e0a75,0.6333656311035156,0.9998389768545074,K
194,e3600116-e784-45ee-a8c0-580fecb9fcc3,0.6333656311035156,0.9998389766045477,K
194,6e06c854-1066-421d-9afc-0c9dbeff799a,0.535466730594635,0.9998389766878676,K
194,9e0f2db7-7d2b-47ed-8428-ff8d74092397,0.535466730594635,0.9998389764934544,K
194,dc8b1158-d7f0-4290-b6da-048469362461,0.535466730594635,0.9998389763268146,K
194,e9f5766f-f9cb-4022-bf1e-66ebe3aa30b2,0.535466730594635,0.9998389769100541,K
195,1f8121e1-3a04-4a42-86e5-0b952602d179,0.8725607395172119,0.9997060188875848,K
195,5e25d7b2-9822-4221-9f9a-c5b0b29e7a7b,0.8725607395172119,0.999706018665428,K
195,5fb30acc-82d8-4c89-a915-734e735ca6e4,0.8725607395172119,0.9997060184710407,K
195,0debc7e8-5ed2-4125-b716-64b3a4f39967,0.5957165956497192,0.9987836451932623,K
195,1ac0d7d0-10c2-4768-b9b6-a6f2237cdce2,0.5957165956497192,0.9987836455539343,K
195,27027481-502c-4e4c-a177-ce660051f67e,0.5957165956497192,0.9987836444996626,K
195,58af2ad5-097f-4571-ba1a-8d7b8e79ca31,0.5957165956497192,0.9987836446938706,K
195,61d8102d-8db5-4fe6-b3ef-17a3f1baa7e1,0.5957165956497192,0.9998670371736735,K
195,906ba882-a75b-4b06-b7e5-43e922996436,0.5957165956497192,0.9987836453874703,K
195,953a06d8-6c65-45b2-9be7-ea1b695740b0,0.5957165956497192,0.9998670364793214,K
195,99d3eb1d-0e04-485b-a02e-f3703915e7df,0.5957165956497192,0.9987836443331987,K
195,a9bb2c9e-48b4-4d3d-828d-7720cc91736c,0.5957165956497192,0.9998670380346701,K
195,0669c654-0e61-4305-9c11-628f4bb60eb3,0.5685995221138,0.99878364649723,K
195,413700d8-5c2a-411a-b178-e9feab0472cc,0.5685995221138,0.9987836466914378,K
195,67289dc1-1026-437b-a82e-a5f229e5e061,0.5685995221138,0.998783646330766,K
195,88ffad9c-4295-4db8-b5dd-6d81a9f5ab51,0.5685995221138,0.9987836470798538,K
195,b125b0e7-1b0c-49ac-89e1-0d800b56863b,0.5685995221138,0.998783646164302,K
195,b6fa95ef-d7a6-4fb5-ab74-e713d5925479,0.5685995221138,0.9987836472463176,K
195,ea4ebcb4-f0de-4f3b-938d-f867a49d747c,0.5685995221138,0.9987836474405256,K
195,fd45aa2b-376a-4e19-820a-b5d25f8b23ca,0.5685995221138,0.9987836459700942,K
195,b686f2f6-7c52-469c-85fb-1c9891c888ff,0.521421492099762,0.999867037340318,K
196,022a3e3a-7277-49d0-9eb2-e069b34a41e5,0.7364713549613953,0.9995605811283196,K
196,d7a93c18-cefa-4f00-a632-7591bf815ab1,0.7364713549613953,0.9995605813226786,K
196,e91254e1-c10b-45fe-bbf0-ba1568987671,0.7364713549613953,0.9995605809617262,K
197,6e06c854-1066-421d-9afc-0c9dbeff799a,0.8799647688865662,0.9995947867044259,K
197,9e0f2db7-7d2b-47ed-8428-ff8d74092397,0.8799647688865662,0.9995947865378267,K
197,dc8b1158-d7f0-4290-b6da-048469362461,0.8799647688865662,0.9995947863712277,K
197,e9f5766f-f9cb-4022-bf1e-66ebe3aa30b2,0.8799647688865662,0.9995947869265581,K
197,108bff6c-837a-40bd-9ac1-2f2fe57d7862,0.5769789814949036,0.9995947864545273,K
197,4d50cb1a-7e46-4c86-9a85-b4e52e94c4b8,0.5769789814949036,0.9995947866211263,K
197,61b792a9-b437-4f3c-ac19-30f6a7d82391,0.5769789814949036,0.9997277266842198,K
197,c415f08c-52e0-4f09-b4e7-877dfe9dc4a8,0.5769789814949036,0.999594786815492,K
197,1f8121e1-3a04-4a42-86e5-0b952602d179,0.5659804344177246,0.9997277272396241,K
197,59caf8d8-dafc-4d5b-bab4-25ce7811149e,0.5659804344177246,0.9998731876802509,K
197,5e25d7b2-9822-4221-9f9a-c5b0b29e7a7b,0.5659804344177246,0.9997277270174624,K
197,5fb30acc-82d8-4c89-a915-734e735ca6e4,0.5659804344177246,0.9997277268508411,K
197,2352ab44-2b72-41c7-8a4a-faf9293bd107,0.5338810682296753,0.9995947864822937,K
197,d9f925cf-dbc2-4ab7-b503-890aaca8311d,0.5338810682296753,0.9995947863156947,K
197,e26bd539-7edf-4bb4-bc30-7055145e0a75,0.5338810682296753,0.999594786871025,K
197,e3600116-e784-45ee-a8c0-580fecb9fcc3,0.5338810682296753,0.9995947866488929,K
197,38c9659f-7651-49d5-a595-f2ee51230b8e,0.5222948789596558,0.9991043345979231,K
197,9fcde09b-2d42-4368-896d-df8604cd9c29,0.5222948789596558,0.999104335152981,K
197,df8ec481-0703-4b26-b70a-4ecb01bd4bbd,0.5222948789596558,0.9991043347921934,K
197,fb431544-5bbd-41ca-a8c6-569993317df4,0.5222948789596558,0.9991043349587108,K
197,006ef35d-7506-4a99-abe1-c6e858ede6ba,0.5111028552055359,0.9994338130665701,K
197,1d3c5fe6-a73d-4123-be04-4f87c0429699,0.5111028552055359,0.9994338128999978,K
197,4f53e50a-651b-42bd-b063-bf3db83c3ca9,0.5111028552055359,0.9995947862879281,K
197,566ca59b-ad17-4a25-9237-a835a5abe5ba,0.5111028552055359,0.9994338132886665,K
197,10ead65d-f467-4cbe-a05d-b379b082687f,0.5051365494728088,0.9994338127889496,K
197,170e8f38-50e3-4513-b525-8b36990ffd44,0.5051365494728088,0.9994338131220942,K
197,b44d1ffd-9702-4f2d-99bb-f11f2f97d5f0,0.5051365494728088,0.9994338133441907,K
197,d7742be2-eca7-4a6b-b81a-a7f27d892e99,0.5051365494728088,0.9994338129555219,K
198,38c9659f-7651-49d5-a595-f2ee51230b8e,0.8896324634552002,0.9998355205282318,K
198,9fcde09b-2d42-4368-896d-df8604cd9c29,0.8896324634552002,0.9998355211392423,K
198,df8ec481-0703-4b26-b70a-4ecb01bd4bbd,0.8896324634552002,0.999835520694871,K
198,fb431544-5bbd-41ca-a8c6-569993317df4,0.8896324634552002,0.9998355208892835,K
198,1f8121e1-3a04-4a42-86e5-0b952602d179,0.5678942203521729,0.9998355210003763,K
198,59caf8d8-dafc-4d5b-bab4-25ce7811149e,0.5678942203521729,0.999835520417139,K
198,5e25d7b2-9822-4221-9f9a-c5b0b29e7a7b,0.5678942203521729,0.9998355207781906,K
198,5fb30acc-82d8-4c89-a915-734e735ca6e4,0.5678942203521729,0.9998355205837781,K
198,6e06c854-1066-421d-9afc-0c9dbeff799a,0.5564400553703308,0.9998355209170566,K
198,9e0f2db7-7d2b-47ed-8428-ff8d74092397,0.5564400553703308,0.9998355207226443,K
198,dc8b1158-d7f0-4290-b6da-048469362461,0.5564400553703308,0.999835520556005,K
198,e9f5766f-f9cb-4022-bf1e-66ebe3aa30b2,0.5564400553703308,0.9998355211392423,K
198,10ead65d-f467-4cbe-a05d-b379b082687f,0.5211403965950012,0.9998355205004585,K
198,170e8f38-50e3-4513-b525-8b36990ffd44,0.5211403965950012,0.9998355208615103,K
198,b44d1ffd-9702-4f2d-99bb-f11f2f97d5f0,0.5211403965950012,0.9998355211114691,K
198,d7742be2-eca7-4a6b-b81a-a7f27d892e99,0.5211403965950012,0.999835520694871,K
198,108bff6c-837a-40bd-9ac1-2f2fe57d7862,0.5144109129905701,0.9998355206115513,K
198,4d50cb1a-7e46-4c86-9a85-b4e52e94c4b8,0.5144109129905701,0.9998355208059638,K
198,61b792a9-b437-4f3c-ac19-30f6a7d82391,0.5144109129905701,0.9998355204449121,K
198,c415f08c-52e0-4f09-b4e7-877dfe9dc4a8,0.5144109129905701,0.9998355210281495,K
198,104e115d-53a4-494c-bb22-8b3956f9a404,0.5108893513679504,0.9987708156222999,K
198,5a96be8f-836f-4968-9569-99d92236351f,0.5108893513679504,0.99877081501194,K
198,5d822c74-3eb4-4f8c-839c-26af5f308686,0.5108893513679504,0.9987708158165053,K
198,7c616d19-4e27-4f4b-98c3-69733338171b,0.5108893513679504,0.9987708144570673,K
198,8b0d2b39-86c8-4b6a-afe6-1d57c7257593,0.5108893513679504,0.9987708154003508,K
198,b3331be2-3154-471b-8fe5-6393290f0491,0.5108893513679504,0.9987708148177344,K
198,d253524e-1b30-4cb8-9770-4de2ba5ca116,0.5108893513679504,0.998770814623529,K
198,d5319b10-8020-4d51-a377-309b0faef11b,0.5108893513679504,0.9987708152061454,K
198,2ff479fb-dd9f-4c79-82f4-9cd7019bd800,0.5070851445198059,0.9987708132086037,K
198,300c6207-208a-48f7-a43a-0b3c055e15c9,0.5070851445198059,0.9987708134028092,K
198,6dfca794-82da-4db6-96d1-507ac2e91d37,0.5070851445198059,0.9987708137634764,K
198,6f20b7e3-94dc-4983-827e-d8d549f645f9,0.5070851445198059,0.9998355220557582,K
198,87c694e5-e7ed-494b-9bf8-97f7acea523d,0.5070851445198059,0.9987708128479365,K
198,8dda3e94-77d2-41c2-a897-30059c130989,0.5070851445198059,0.9987708125150129,K
198,9332e339-1d5d-496c-b128-6011bc520c24,0.5070851445198059,0.998770813569271,K
198,cb0f3244-9037-41de-b2ff-8a03e32d14d4,0.5070851445198059,0.9987708126814747,K
198,efa30fb9-5267-4970-b16d-7fc40b1ca487,0.5070851445198059,0.9998355230555938,K
199,10ead65d-f467-4cbe-a05d-b379b082687f,0.8530920147895813,0.9998209779430278,K
199,170e8f38-50e3-4513-b525-8b36990ffd44,0.8530920147895813,0.9998209783040743,K
199,b44d1ffd-9702-4f2d-99bb-f11f2f97d5f0,0.8530920147895813,0.9998209785262567,K
199,d7742be2-eca7-4a6b-b81a-a7f27d892e99,0.8530920147895813,0.9998209781096646,K
199,6e06c854-1066-421d-9afc-0c9dbeff799a,0.5294093489646912,0.9998209783318471,K
199,954222c8-3d59-4fe1-bbb8-b5d6f515782d,0.5294093489646912,0.9998209778041638,K
199,9e0f2db7-7d2b-47ed-8428-ff8d74092397,0.5294093489646912,0.9998209781652103,K
199,dc8b1158-d7f0-4290-b6da-048469362461,0.5294093489646912,0.9998209779708006,K
199,e9f5766f-f9cb-4022-bf1e-66ebe3aa30b2,0.5294093489646912,0.9998209785540295,K
199,108bff6c-837a-40bd-9ac1-2f2fe57d7862,0.5196725726127625,0.9998209780541191,K
199,4d50cb1a-7e46-4c86-9a85-b4e52e94c4b8,0.5196725726127625,0.9998209782207559,K
199,61b792a9-b437-4f3c-ac19-30f6a7d82391,0.5196725726127625,0.9998209778874823,K
199,c415f08c-52e0-4f09-b4e7-877dfe9dc4a8,0.5196725726127625,0.9998209784429384,K
199,38c9659f-7651-49d5-a595-f2ee51230b8e,0.5194487571716309,0.9998209779708006,K
199,9fcde09b-2d42-4368-896d-df8604cd9c29,0.5194487571716309,0.9998209785540295,K
199,df8ec481-0703-4b26-b70a-4ecb01bd4bbd,0.5194487571716309,0.9998209781374375,K
199,fb431544-5bbd-41ca-a8c6-569993317df4,0.5194487571716309,0.9998209783318471,K
200,2352ab44-2b72-41c7-8a4a-faf9293bd107,0.9186705350875854,0.9995120040254536,K
200,d9f925cf-dbc2-4ab7-b503-890aaca8311d,0.9186705350875854,0.9995120038311041,K
200,e26bd539-7edf-4bb4-bc30-7055145e0a75,0.9186705350875854,0.9995120044141527,K
200,e3600116-e784-45ee-a8c0-580fecb9fcc3,0.9186705350875854,0.9995120041920389,K
200,108bff6c-837a-40bd-9ac1-2f2fe57d7862,0.6216633319854736,0.9998554570584488,K
200,4d50cb1a-7e46-4c86-9a85-b4e52e94c4b8,0.6216633319854736,0.9998554572250914,K
200,61b792a9-b437-4f3c-ac19-30f6a7d82391,0.6216633319854736,0.9998554568918062,K
200,c415f08c-52e0-4f09-b4e7-877dfe9dc4a8,0.6216633319854736,0.9998554574750552,K
200,6e06c854-1066-421d-9afc-0c9dbeff799a,0.5256714820861816,0.9998554573361864,K
200,954222c8-3d59-4fe1-bbb8-b5d6f515782d,0.5256714820861816,0.999855456808485,K
200,9e0f2db7-7d2b-47ed-8428-ff8d74092397,0.5256714820861816,0.9998554571695438,K
200,dc8b1158-d7f0-4290-b6da-048469362461,0.5256714820861816,0.9998554570029013,K
200,e9f5766f-f9cb-4022-bf1e-66ebe3aa30b2,0.5256714820861816,0.9998554575861504,K
200,36c73944-279a-4a62-8d0a-10835ec8e2e1,0.5238711833953857,0.9987544537263585,K
200,40964617-6fc9-41ae-9c48-107db425ad06,0.5238711833953857,0.9987544535321563,K
200,506971c2-5dcd-4f59-bb60-230c6cc48cc4,0.5238711833953857,0.9998554576972454,K
200,6289c2ce-f873-4b13-ad14-0ccc5e3d4cbe,0.5238711833953857,0.9987544528385768,K
200,64d7fae9-2134-48f0-b73c-c5fac7c2ce7c,0.5238711833953857,0.9987544540592768,K
200,8208dc7c-177c-4098-b7ff-a6739ee7bbee,0.5238711833953857,0.9987544538928176,K
200,876d6520-8eac-4489-9076-c38604526380,0.5238711833953857,0.9998554584193632,K
200,9a16f5c3-5d73-4688-ab6c-77f63571be01,0.5238711833953857,0.998754453005036,K
200,a786e395-1e6e-4338-bb1f-8bbbe25167da,0.5238711833953857,0.9987544531992382,K
200,ef27b25f-b672-4196-9193-4dc687dbd36b,0.5238711833953857,0.9998554593081236,K
200,1f8121e1-3a04-4a42-86e5-0b952602d179,0.5187991261482239,0.9996764473822193,K
200,59caf8d8-dafc-4d5b-bab4-25ce7811149e,0.5187991261482239,0.9996764467990746,K
200,5e25d7b2-9822-4221-9f9a-c5b0b29e7a7b,0.5187991261482239,0.999676447160069,K
200,5fb30acc-82d8-4c89-a915-734e735ca6e4,0.5187991261482239,0.9996764469656874,K
200,0154a54e-d1f0-4d9a-9418-4baffc396204,0.51652592420578,0.9987544551690039,K
200,0c97e95c-5616-4c67-a3bd-399eba330b80,0.51652592420578,0.9987544553632062,K
200,298ef311-ba49-4a2d-bade-afa8afabce89,0.51652592420578,0.9987544561677584,K
200,34432c50-68cc-414b-99a0-276ad2c65e56,0.51652592420578,0.9987544555851515,K
200,aa5e3739-499b-46a9-9313-a9fb000f12a6,0.51652592420578,0.9987544557793538,K
200,ac37a538-4d7d-47c5-a7f2-4b09b2736183,0.51652592420578,0.998754454558654,K
200,bcdce8a0-f6e1-41bc-bf9f-5de570b066a7,0.51652592420578,0.9987544547805993,K
200,e964df06-0f65-4317-8001-1fa1e0c9b288,0.51652592420578,0.998754455973556,K
200,f0a74561-32d0-43ed-9ce0-6e173b948c68,0.51652592420578,0.9987544549748016,K
200,248cc1f4-6f60-4ecf-a2c4-cd0fa7f8f00b,0.5114297866821289,0.9987544527830905,K
200,4fb07384-4b5d-4438-93e0-055e99efb900,0.5114297866821289,0.9987544533379541,K
200,5a5f5b21-adf4-44b8-826f-c63c19e38e34,0.5114297866821289,0.9987544531437518,K
200,63b0f26c-ddac-40e9-bee6-6517ca864f23,0.5114297866821289,0.9987544542257358,K
200,682b264f-3c7f-424b-93f8-5b60d8359ecd,0.5114297866821289,0.9987544535044132,K
200,b6de1ffc-37fe-4edd-b614-200a1911c778,0.5114297866821289,0.9987544538373313,K
200,c85695ff-9ba6-47f4-820e-a0bffb299ffe,0.5114297866821289,0.9987544536708722,K
200,d2e22f98-6839-440b-9905-ba7e3c2cfe8c,0.5114297866821289,0.9987544540315335,K
200,daaf3791-1a9e-4413-8222-309dd9e26e43,0.5114297866821289,0.9987544529772927,K
200,ec673929-f600-40cc-ab28-b765e54af3bb,0.5114297866821289,0.9987544526166314,K
200,006ef35d-7506-4a99-abe1-c6e858ede6ba,0.5038673877716064,0.9995120041642747,K
200,1d3c5fe6-a73d-4123-be04-4f87c0429699,0.5038673877716064,0.9995120039976894,K
200,4f53e50a-651b-42bd-b063-bf3db83c3ca9,0.5038673877716064,0.9995120038311041,K
200,566ca59b-ad17-4a25-9237-a835a5abe5ba,0.5038673877716064,0.9995120043863884,K
