question_id,question_content_sha256,sample_id,source_index,category,resolved_evidence_count,unresolved_evidence_count,complete_evaluable,evidence_episodes,flat_complete,tiered_complete,flat_any,tiered_any,flat_delivered,tiered_delivered,flat_chars,tiered_chars,tiered_recency,tiered_k,tiered_coverage,tiered_dropped,tiered_evidence_delivered,tiered_evidence_tiers,flat_evidence_delivered,flat_best_evidence_rank,flat_worst_evidence_rank,flat_budget_chars,tiered_budget_chars
23243cf4b49ea3a803d3fc07a7e6624ee947b95f1d92963aeb572f26b8d56a24,65ac552fe5146c39aaa65c250ddab0516010b63c585a14153c85302f57d8dc9b,conv-41,0,2,1,0,True,1,False,False,False,False,97,94,31898,31926,32,10,52,28,0,,0,156,156,32000,32000
f31c0587f2693f0e2d562ab870497874e312f17b7f7dc307450d1ccb83dcdf99,9bfeb507fdcb02c41f4e684845b8ee97b9eb159a84cf7dfa2c16f4f935e939fc,conv-41,1,2,1,0,True,1,True,True,True,True,95,94,31949,31960,32,36,26,25,1,k,1,1,1,32000,32000
eeebe764dda0f487d425e37b9278be32bad636e5092e2dd95d6ac7eb79182148,f26a4a49f036b0038b1bf1592cb3e7ded29c57e234bff734000460357610d250,conv-41,2,1,2,0,True,2,True,True,True,True,102,100,31996,31927,32,15,53,22,2,k,2,2,10,32000,32000
52c4d728757d38547e4c43204f60f18344681583546c64e3c693d7ac8a8ee364,e528bd942852f555b7496e96b08314df2a1ba1e92cfd130f185140d093043899,conv-41,3,1,2,0,True,2,True,True,True,True,95,95,31991,31995,32,63,0,203,2,k,2,18,29,32000,32000
9299ec8afd77f28707bfb07807cc43aba11607c80b7e853b2a6a01c4ce6a5033,8c87ac019eb499d4a2249fb7e87b7ef7273c8eb25b6392e523dab4f31da58e55,conv-41,4,2,1,0,True,1,True,True,True,True,93,96,31934,31936,32,29,35,19,1,k,1,1,1,32000,32000
a197569c02da505ab7c25a84a7ef9f9e946f7b02e948a3c39da3efd8864b9268,f76f3b2963897893929a2a1d9ade2430e9ef0b9007be33bbadd2ea59767e5dba,conv-41,5,2,1,0,True,1,True,False,True,False,98,95,31869,31912,32,34,29,25,0,,1,76,76,32000,32000
e70a6970ac07f05e5b8ae21c0809feef29584b93f8c2f1d7e513db26b7876192,2095837b21de36d61d053619ecf9db839be122449ac1064734d644bfe4ec3073,conv-41,6,1,4,0,True,4,True,False,True,True,99,99,31919,31984,32,67,0,50,3,k,4,4,84,32000,32000
4aa05cb61c03fe9aedc8b3950f684632dc936dfe6db270ba6f148ae6162f1ff6,3e2817ee1f0616b02b1684d5c4bfb8b31990aa5604ece9cd4568827df0a0cdd9,conv-41,7,1,2,0,True,2,True,True,True,True,108,105,31898,31881,32,41,32,19,2,k,2,13,42,32000,32000
cea31601e0e904fea2d3fa5829c0f88abe279ec181e51f482b2e8e0848390c6e,e3e660dc224f7a8c67928a697d7efdbda941a7fd194ff57d73b9f368cb21d7ec,conv-41,8,3,1,0,True,1,False,False,False,False,101,99,31973,31871,32,61,6,22,0,,0,254,254,32000,32000
78c1ba68cb06b77eb633e73790e7c55c1ccee103124b8149cd1a453d3fe2418f,6c81924222f1af9208fafb0b91b7ccc3288849a49055a10385a9fb141ca21046,conv-41,9,1,2,0,True,2,True,True,True,True,91,92,31926,31911,32,32,28,24,2,k,2,1,5,32000,32000
ada2a7fd1f38dfadd6d076b8948d8f798e4598ce2cbe02221a32b37af3cd7e79,284c8c4540d23617cf5900a9f54de3d0cb8133d70689e857907b82474161665d,conv-41,10,2,1,0,True,1,True,True,True,True,104,102,31995,31992,32,70,0,24,1,k,1,39,39,32000,32000
d28bb65d4e094f52445fc730231dc68f37035b4fc9b9e3385f6efa7275744efc,d9be26d55a8745b0e09e746160df6f0ac72e566f35b51ae084efcad98a1f9bb9,conv-41,11,1,4,0,True,4,False,False,True,True,89,94,31953,31980,32,62,0,140,2,k,1,28,192,32000,32000
75f30b93fb3bbac1e1de7fb1b06546578b4f93f47ac8e9486ab016fcfa7951c5,4dc137890ee53a521601eb2597547fe376250361ab08d586affba8cf611c883a,conv-41,12,1,2,0,True,2,False,True,True,True,104,100,31908,31961,32,8,60,28,2,coverage|k,1,2,143,32000,32000
714abed9c5552df1a31661a57382863fa09c65b44e7a6aa98821bd86dcedf176,5eeece77b73b3b99a49febc2a11622649b40ca3d4e524d98cec55b7c89b43b20,conv-41,13,2,1,0,True,1,True,True,True,True,95,94,31954,31876,32,1,61,25,1,k,1,1,1,32000,32000
6ddead46f2e3f732161f7599e1e00e98b45f1fd9c5cf00b6dfc48303ced391d1,a0227316f00906c1a2e0326f6541352b76a30222dda4aff21c7d8d9dc46ebdc2,conv-41,14,3,2,0,True,2,False,False,True,True,96,98,31917,31991,32,8,58,18,1,k,1,9,283,32000,32000
0f04797f3f9a63e1500e2cd1de89cc856bcdd79ae6810f1d3ede536dc11e9105,3495b422666f27db3e60ca2146328b73c5b8251c61f1a8eed4b35269148d0f76,conv-41,15,1,2,0,True,2,True,True,True,True,100,99,31979,31958,32,13,54,24,2,k,2,2,3,32000,32000
97606a4096fa4ad9c5b3c8ef0aa86a4601e7cbc88b83892857a996c7d2ce8e36,bf69e805b3d0b2190ed6eb136aaa8505df608859cb148fc1b496d3c90c945036,conv-41,16,2,1,0,True,1,True,True,True,True,98,99,31982,31973,32,5,62,18,1,coverage,1,14,14,32000,32000
6c7d20b33db076d64a3b02c3a3374170f6adb0b03975d00a3941b2d314bf9b4b,b3e638fe9a9dd1839f4c22c735e5b96d1db3d46cb766dc98a21899eaf8728ea4,conv-41,17,3,1,0,True,1,True,True,True,True,100,100,31947,31929,32,27,41,18,1,k,1,1,1,32000,32000
8996322a617d673c38966e19f5709b82732f2323224d4abeebc1d969359de3af,049c586c101e4a6593e630216eb2a92e9bcf25dd574a8d8ea1b1cdd756ca21a7,conv-41,18,1,2,0,True,2,True,True,True,True,95,98,31983,31997,32,32,34,19,2,k,2,3,6,32000,32000
bb66fff02fa85e5036144b7f929aa823f7ba9a8e8d116829306710ee1870496a,a325fe9c0f1d6e23c2c37dc4dcbc40243041ba53ea3bba057b89e665f74f308c,conv-41,19,1,2,0,True,2,True,True,True,True,105,103,32000,31998,32,11,60,22,2,coverage|k,2,2,18,32000,32000
9bec05e11003c1d8b835d64804d0520b5bba6d7d6f7f7643dc3d31a70844b7fb,e59f21aeb0233f80a3b11fadb236c3ca51b2c51f36c19b6c8f5fb773e7caaae5,conv-41,20,2,2,0,True,2,True,True,True,True,93,96,31984,31978,32,8,56,21,2,k,2,1,3,32000,32000
8c561bbaa9f46bef0528ee6e48edfd9e83bbc2ee19eb7644e2dda196f2188ef6,4eea2132d22eb92211fdcbdf4c1b7cd4be266d26baab4d8992c55fdd8ff5136a,conv-41,21,1,2,0,True,2,True,True,True,True,97,97,31899,31949,32,21,44,23,2,k,2,1,5,32000,32000
ed0317028cb6b2a34fbf1078c280bf61740133cba018028c2cb1ac0a1e4c6c20,b5ca38c3383223111b64dd490423bd189b419cda6685e3a1856844dc56b800d7,conv-41,22,2,1,0,True,1,True,True,True,True,93,91,31995,31992,32,21,38,25,1,k,1,1,1,32000,32000
ba47fd791ad22031773f7f79bcea62386893b0814976b70d85be47b7fd552c79,17d6b01434f5173497c2c93b666413ffefe2c7c6feca3bd50fc3839fe35fc0e3,conv-41,23,1,2,0,True,2,True,True,True,True,101,100,31991,31962,32,11,57,24,2,k,2,1,2,32000,32000
c3c975d4a2c1c5861466968b73713667362225314ada1d2aeebb693134fb0957,765a36856fc254e3937821c1261dbd8f4c500d43d5de9eb2fe46ff1113215477,conv-41,24,2,1,0,True,1,True,True,True,True,91,92,31938,31928,32,7,53,18,1,k,1,1,1,32000,32000
4ce72206d70eb2010ed5fae4597ec37dbe0621e80aebe7151c724290bf094855,98c64c43a24ade754f876e7657567183ddb78e1f5082508a87d3c3971bdffe5a,conv-41,25,1,2,0,True,2,True,True,True,True,101,100,31920,31900,32,11,57,25,2,coverage,2,12,27,32000,32000
8f9ae358d6e7e92632040ed791454da76fbc27d176b9b7a7a30813a7622c46dd,a0cb742f95ec2627053b9f0d22110ae1be1f765fa4f1f576eac716fe06a23018,conv-41,26,1,2,0,True,2,True,True,True,True,95,95,31954,32000,32,63,0,33,2,k,2,1,6,32000,32000
b775fcf9187bb1dc5eea4a1054905ad24e76b2bfa4a9e7fd83b8cd39592cac01,dedf94dbe4ecdd6d06fc72a4c3dd6837a6add52c262e8c550196b99bbc767abf,conv-41,27,2,1,0,True,1,True,True,True,True,91,92,31940,31974,32,38,22,20,1,k,1,2,2,32000,32000
68dcf7b914ea80c711436fb87c227cd2bd44ec9a17b85697bc313a4c65537cf4,22e5e47ffbf569f46c4a593bc9f6458e291781689fdd969c3b17622dbc12c8ac,conv-41,28,1,4,0,True,4,True,True,True,True,92,93,31977,31965,32,61,0,47,4,k,4,4,71,32000,32000
bc458224e5cc9ef5bf9502afddc64f03a586be6c1360d3fc134b59a782f5c7cb,5893dda15d5af484c59650522b4760c2c87fba3230e97974fba2357859a894d1,conv-41,29,1,2,0,True,2,True,False,True,False,89,92,31914,31980,32,60,0,106,0,,2,1,11,32000,32000
c3e701757745a0d59758ddfdba3b30cee5f796e4f3cc76c680e828900aa4d92e,16092a0b2dc1a73caac2f666a0095cc14e8968c9047139be54272dc4a52b27b3,conv-41,30,1,3,0,True,3,True,True,True,True,92,90,31997,31989,32,58,0,23,3,k,3,16,31,32000,32000
3b5dc4d18f50976d41d4ef970a071ab24af511fa02026af72ae1e4a8fe96a605,c27270129c3d883f282c4bb583cbf23a1eed2aced5aa828ad81730d85b3e5239,conv-41,31,2,1,0,True,1,True,True,True,True,102,101,31991,31968,32,12,57,15,1,k,1,1,1,32000,32000
8a982417a511195efbb0a9fc06208995f8abc361f4b74e525a1a2301c4db6186,c5a2249417469d0ec393debf30b1b2a550dff66b77d32a690722d20207ecc89e,conv-41,32,1,2,0,True,2,True,False,True,True,93,94,31991,31956,32,62,0,53,1,k,2,16,46,32000,32000
d60c0443cbb6217ed2896f9380bddb5be55c2cb232285ccdc244b9f929ce01e2,a329234d9c9f2e32611ce699a65490383172bb0119bbc4d2733b3dd849f55d52,conv-41,33,1,3,0,True,3,True,True,True,True,96,95,31973,31981,32,17,46,27,3,k,3,1,4,32000,32000
152edafcfaccb80100fedd9618fb0d8bef7d39157fa916ec7a908ef7c3f6f27f,cc32d901f2df3bea99f5dc55cf30d77dca157d23a2aae4d1a25576cd3f4a4feb,conv-41,34,2,1,0,True,1,True,True,True,True,94,94,31971,31996,32,49,13,24,1,k,1,1,1,32000,32000
ad72d579039ea181d479ecb838e1d562952c69ccf832608256f0dcf58a9faf1d,1f567b66861808adde4d53fa31f691449d2fcf4619ed40c270c09240d27f0b47,conv-41,35,1,2,0,True,2,True,True,True,True,98,97,31962,31972,32,19,46,23,2,k,2,1,4,32000,32000
d224277eceff24fcf743cb31d90c2296293719caab166da4fca15b1b3962b2b2,609e70e098575f304d9f86ce577685245f6355985aaedd447693b65d29ce7e7b,conv-41,36,1,2,0,True,2,True,True,True,True,95,97,31938,31944,32,12,53,23,2,k,2,1,11,32000,32000
c6d12ae10830d7054f9a8bfa6e109c37a3ce5571ce292916aa16dc6fc2760e2e,dd630484ec78b9b84394072d5fa075a4049bae33e82db108b040e8b048a6b5ed,conv-41,37,1,5,0,True,5,True,True,True,True,87,91,31981,31964,32,39,20,19,5,k,5,4,12,32000,32000
bd7fbfa7f1c6d80208462b78c7b7cdb646ad57a01230e87ac87250554c11fb30,b0cff0f246938ebd50819dbb0cb8be7895e1056e9cd03573ea18daf69a42a080,conv-41,38,2,1,0,True,1,True,False,True,False,92,92,31994,31938,32,15,45,25,0,,1,70,70,32000,32000
1a19d1712aad830025167a7eec6e7bb438396b956346b4f359ac16f12c6e71ae,3f859251bd1b3b077f18d085773144b9e1c2f1c6f4d70a117fa74f9942284d48,conv-41,39,3,1,0,True,1,True,True,True,True,92,91,31987,31889,32,18,41,27,1,coverage,1,49,49,32000,32000
e7351bea6186a9ab85c77ad84bab0c20098b1bb45415dbd676f8e18e16936bff,2b071d48f35bf823a46965b763fffb32148088838471e68ff1d6ad8b8a02ce66,conv-41,40,1,2,0,True,2,False,False,True,True,105,104,31861,31909,32,27,45,20,1,k,1,1,146,32000,32000
1617c689353d45ffb675cf8997cbb721c375af92eac8f9b6212c13f16c159593,62c9f47067a27449de4615123bb9626c372b6f00aeb48ffa2651314bf712e6d7,conv-41,41,3,1,0,True,1,True,False,True,False,103,103,31979,31937,32,32,39,16,0,,1,78,78,32000,32000
98c68d28bd72073b8335156b7e0fea200885bbe8eba096ed847f75c5fc1edddb,aa4408372c2ef793061da5f8484e9f65dcf3747dd7f6594f4aa2fae36473a993,conv-41,42,1,2,0,True,2,True,True,True,True,94,96,31967,31830,32,1,63,22,2,coverage|k,2,1,17,32000,32000
1b24de20447e3bd6d78d7361f25b869b2b22726f4b1a3f6bfa4115582b59e86e,50fca74a4e87dd72cd5e7e64926d0fe849f5dd78fc0ecf223f099f7ea42db139,conv-41,43,2,1,0,True,1,True,True,True,True,94,95,31992,31952,32,8,55,19,1,k,1,1,1,32000,32000
add82d28e06d3471718bbfd0c7e59110498a92f8e42bbdf957e5a1280f34d7a1,aa7bb8286c88c3c7043f32dd0594090335d53623ce943b9c9374e4aed27ba09b,conv-41,44,1,3,0,True,3,False,False,True,False,93,94,32000,31832,32,62,0,57,0,,2,3,274,32000,32000
c4bf69d7d06891f87c346b585f431847a897b337b49dbe2e45e05f88e593b64e,ac74b05d9739f8ce96af319aa8b722bc7dd41630b1488048ce17f47a3131b9f0,conv-41,45,3,2,0,True,2,False,False,True,False,100,102,31918,31998,32,32,38,16,0,,1,89,195,32000,32000
6c16f32fb892ddbc30e3e5634c866df598de30e09a47b7163d028d1bcce553d7,eea9e6707ae9d108aa5e55b0e0aec01be4404fd927c1b9aa99b2ac025da3fc9e,conv-41,46,2,1,0,True,1,True,True,True,True,91,90,31963,31917,32,42,16,29,1,k,1,17,17,32000,32000
7e400493e1f8e110a1b73d407bc503727fec99b6df5446d27f7a5b721cbd09a8,735841b1ccd3a563b94e9e7a0deb14f821ea0ebc16b2234172b4412cbdc5b478,conv-41,47,1,4,0,True,4,True,False,True,True,99,98,31901,31997,32,65,1,22,2,k,4,1,10,32000,32000
b332250b285864e5fca8925845e8a2e32c94fe270bdda8840c5d0ecd1e1a6774,de0e55c72bbd091e7b47f3683aa945ac7e131a9a69745c08c966df42149dd504,conv-41,48,2,1,0,True,1,True,True,True,True,90,93,31911,31976,32,1,60,21,1,k,1,1,1,32000,32000
181e2696c54db3a37a848421bd61d2caa5046ea51033b3dc68115f51812dcb5c,aacde86a86b53495c886295314c465bff2a5c98b5c67b642b1e89d9fdfe3d04e,conv-41,49,1,2,0,True,2,False,False,True,True,89,91,31928,31954,32,47,12,21,1,k,1,1,90,32000,32000
cc0f2b7067af957251ba161477f8e2703d43088d8f999332abd57df111afe014,e6898cbeabe95954033f41e39d22e68e4ddae20167d005facbb629efc8a1fb24,conv-41,50,3,4,0,True,4,False,False,False,False,106,105,31927,31894,32,21,52,21,0,,0,138,271,32000,32000
fc65d91d1c22d4d789c07a589802bc27dbaf2da242cefb9eaeb5b3628d223273,30851938f95c320048a6c51794d4289e1864d7f305d595d6a6fa00670bf1e484,conv-41,51,2,1,0,True,1,True,True,True,True,86,88,31960,31969,32,35,21,24,1,k,1,1,1,32000,32000
ea9de830c59aa8046b513492a5069d4059a487a4e563a42422888e26c0cbe975,db34877011f3686c87ea260eb34a8212f7ea5985eb599419657f2d26f66c5b57,conv-41,52,1,2,0,True,2,True,False,True,False,102,98,31924,31959,32,66,0,43,0,,2,1,7,32000,32000
b6a82c2eab3acda85ae7e9d6321d7be50fe13198c792398038278bf76017df5f,eec2f19c1575afd9d46c071fe7b2af39b4be025ff4b1decde262158b17d12a4a,conv-41,53,2,1,0,True,1,True,True,True,True,84,88,31926,31826,32,52,4,19,1,k,1,1,1,32000,32000
57cb78d9a8700d5254f53691ff26acf59bb2bbad1d2695b95514839c52b4bbf1,dc230e3cd7c37827068c5943ba8922bf52d95128f5d52fb28e8645597ea72a29,conv-41,54,2,1,0,True,1,True,True,True,True,89,92,31984,31894,32,60,0,22,1,k,1,10,10,32000,32000
d4f7248959751b17f2d7d3a760a579c652197af8c0337c2231bf6829d5ea29a5,f860c599e9223097132c622184db291c0a90fc3f44eb3610e354de23901e2787,conv-41,55,2,1,0,True,1,True,True,True,True,85,87,31951,31898,32,32,23,24,1,k,1,1,1,32000,32000
bc430a52ac972d69552399542570704ba156d837c332e113eecf0f0cecbb0731,e4d250ae610054aa0a1fc601abe7d2714d467ac8418b3e552d2f07b2c2341fa3,conv-41,56,2,2,0,True,2,True,True,True,True,87,89,31904,31948,32,31,26,22,2,k,2,1,6,32000,32000
62df22747c16d25cbd57d4bd3af9cc8f44183c952d735149636529e78ed7e8a8,3c799c6ae848b691bc91cc51c1d9d7be49bc8617b719773540ad3add0c81ffe6,conv-41,57,1,4,0,True,4,True,True,True,True,95,96,31990,31992,32,44,20,22,4,k,4,2,43,32000,32000
defbf87718c39d745b8eb64bee56a468d9d6212f5ddd501bb5c38500a608e4ac,8b448d1602a60d36e092ec25e30078dd27adef181c9816e5f8bffc9fb17d89e8,conv-41,58,2,1,0,True,1,True,True,True,True,101,100,31962,31914,32,44,24,22,1,k,1,1,1,32000,32000
28fe48b7a92fe2cf728a6c95ce4218f4c9c892dc3aacc53250bd4f535f3ceb6a,d5b93f3f2f950f0b3f173a82e173b682092e9099048c675a40ccabedc5d3e635,conv-41,59,2,1,0,True,1,True,True,True,True,98,95,31905,31878,32,14,49,24,1,recency,1,1,1,32000,32000
10d4b1e084bca3837b13a70c3d784b125e8306dd3ded7a453208bc5630b61be1,d8484d1a1ed146d46b5491845a737c152a3122cf4b4b2d99e4dbd9938285842f,conv-41,60,1,2,0,True,2,True,True,True,True,104,102,31988,31867,32,9,61,16,2,k|recency,2,1,2,32000,32000
36d93b76113ff436fca2d3dc6000320c5c7c072211eb585790088bf31f8c9eb0,64ed9aa6749cb2d94f5c4805c82666d1a37d78c818cea373bfb1121d1045a1c1,conv-41,61,2,1,0,True,1,True,True,True,True,97,96,31976,31994,32,4,60,19,1,recency,1,4,4,32000,32000
3f3ebfe03beaa28e909ecbae26e1aefd3ed79d3984c58c83d4feeacc80ac923d,360bf96784f60639ed630f6d0a6cc89233c60520fd8e97ac865f6efce8d02881,conv-41,62,1,2,0,True,2,True,True,True,True,86,88,31971,31989,32,12,44,16,2,k|recency,2,2,9,32000,32000
af3c9b2697cd74f1299778d1fd9b47d45bbe238357514de39d3f30646c8da82a,aa2aa5980f3b6d7e137eeff9e70ff0024645250ce5654fdbff9943907675d634,conv-41,63,2,2,0,True,2,True,True,True,True,96,94,31986,31846,32,6,56,19,2,k|recency,2,1,4,32000,32000
5f30487527c8d532f3b0cd5baec495674a10126b5003fef91554d12f1079ede3,34b2d8e2f7d9e192b5382f40d8f1e2fd818df08e67badc1b9a983adc849b0dd1,conv-41,64,3,4,0,True,4,False,False,False,True,99,97,31904,31999,32,45,20,24,1,recency,0,100,217,32000,32000
d994c5dbf79b3037e45ce749cb2f63074d734415df8d7065ee488748b1611b00,891fa05eb8cc1343e82d1fb2792c27acba3f0a89b7717dfaf34f698f506e473e,conv-41,65,4,1,0,True,1,True,True,True,True,92,92,31996,31940,32,33,27,20,1,k,1,5,5,32000,32000
7f71270f2886f58ad0db19a422a14f9f8b8859f20e5dcc4a636d1d44ee070920,d66cb6069bbe897fc26bb903d87259049aac11a7124e4b05c3948e26c31a42f6,conv-41,66,4,1,0,True,1,True,True,True,True,85,87,31998,31813,32,55,0,28,1,k,1,2,2,32000,32000
66b4152210204f50f7cb731946339920fcd6c9df8d0a9fd36b822d05fc49492d,fc62a9a8d143e577d5cff41959a920990c70b66428d968d843b2c743b04972ef,conv-41,67,4,1,0,True,1,True,True,True,True,88,91,31993,31985,32,24,35,20,1,k,1,1,1,32000,32000
b8bc0e905715cdbcf2ab7bb2f8defeee076ab3e3512ad83c6b44d734c8e64455,0334e2eb8d0668577e748e9e0d3bc7a8bd4aa6ca23d1f56e11702f1aa42bbc38,conv-41,68,4,1,0,True,1,True,True,True,True,95,91,31967,31953,32,28,31,28,1,k,1,1,1,32000,32000
4b524ab97ad92c975195c175eaeee2369cf22d814c49fb19e16d80813f38156e,e81210f00ca012dcc6bb754d74fe4584e9af987e930e1507b20f8f335bd37349,conv-41,69,4,1,0,True,1,True,True,True,True,89,89,31948,31930,32,34,23,26,1,k,1,1,1,32000,32000
472cff1f39f563b30261e9ce91f3d06455e2d8529de1ceb5cad6c4ef05cb64eb,bf4642526c4a3c0b6ca69af5c1e8fbf0ac6be0d31374e0dee2d8c2ccba684c5b,conv-41,70,4,1,0,True,1,True,True,True,True,94,96,31998,31922,32,41,23,19,1,k,1,1,1,32000,32000
1c5f12227666a19e7cade34d74a69ec8f8a985cfc6f633b27c78f7de40872783,4d965f2cfcb9610af13c4bd1c8227061c06228e1bb221146d34d74ee73881572,conv-41,71,4,1,0,True,1,True,True,True,True,94,96,31957,31978,32,36,28,20,1,k,1,1,1,32000,32000
c680a0c7ab5e45bee663dad99784805b7ddc6580fbeae4a9dc740cd2d7933771,942bcc675c06a0f8237617795cc77cd8b43f6cec267908608d2724340f5f654d,conv-41,72,4,1,0,True,1,True,True,True,True,86,93,31979,31982,32,61,0,38,1,k,1,3,3,32000,32000
f6beb86d834a79752f10413efd4ca0355c1b6b55ad2589c1017e44c894011932,fba3a9d74af8a86713d9fec06fb69e38364d05d54307878841e7952a261c74d8,conv-41,73,4,1,0,True,1,True,True,True,True,88,91,31991,31946,32,59,0,21,1,k,1,1,1,32000,32000
5bcc60e6202cbdde78c437b697deab64f36b5f3232ad8b6d3cbd2b56a2fdf1c2,19e367e38b28a14db2f1334a3f0f3f182a455542d4ee89193e590435551ecc80,conv-41,74,4,1,0,True,1,True,True,True,True,89,89,31945,31888,32,57,0,27,1,k,1,14,14,32000,32000
136977e4c66c5c46e566f3d51725f45aae0327b6f8767183941e4c82a827e032,914d71e7993b7cd9c1fa08241475a9b3754317539be0aaa5f184dd851c6dbc2f,conv-41,75,4,1,0,True,1,True,True,True,True,99,97,31894,32000,32,65,0,91,1,k,1,87,87,32000,32000
142f8efd427fdd8459c9fd28efc8d8cbdbbe64fa5a726146d5fc8091e67fb55e,4689353ad55cf1201a9f50ba2b9de35987075cc4d5041a11a8aa62de439352f4,conv-41,76,4,1,0,True,1,True,True,True,True,88,90,31991,31932,32,23,35,20,1,k,1,3,3,32000,32000
0625ad6d87d8c423aaaee7b3b0d12b1f8e31dced50e08add28f0d66c65cc08bb,9e36487fc6638a4311adfea37d2b847c7f12547a6e26cdeef260dd9e33140080,conv-41,77,4,1,0,True,1,True,True,True,True,98,97,31913,31963,32,65,0,23,1,k,1,1,1,32000,32000
3f26fecb7b8c7850ea71efbec39c056f371ed3c2e1824097de6da2ee1e698b66,6b5e68a82df310008fe929eef5decc662a8fb071057f9fca27b259a025dc8148,conv-41,78,4,1,0,True,1,True,True,True,True,107,103,31972,31924,32,25,46,21,1,k,1,1,1,32000,32000
da4aa2928cfec937c75583ec57a16ecc35e80932f488f8c16b9c7886dd0ed6e4,0c573e23d08c9e6b69345671e7cc4917c1a8237059a7d3379c2ee869886b836a,conv-41,79,4,1,0,True,1,True,True,True,True,102,103,31929,31840,32,30,41,18,1,k,1,1,1,32000,32000
dd781c027b4579dc16f719ceb577c9c8a84b8b2a96151316914f6df1327b8939,516670ed537e249e6254ae126e160f797c074512c2db6508ff24e21d069779a4,conv-41,80,4,1,0,True,1,True,True,True,True,92,94,31962,31986,32,29,33,25,1,k,1,1,1,32000,32000
c9e114ff54b2acd2f002de9314a2ba1e352f777440ea5367ae21264ee9bbf9fb,accc2497c6b898c0f1577ca33b83a7eec43f0e95dbd2bad3091e76fc9453b1ca,conv-41,81,4,1,0,True,1,True,True,True,True,95,94,31977,31828,32,9,53,25,1,k,1,1,1,32000,32000
270e24fc0edb6f8c11f9c46ddebe26dd4ab7a97aad9365370d8503926e4f7f9f,713178b1d13977f26f00218631f124783ae863389689a5f1fdab8a27928591bb,conv-41,82,4,1,0,True,1,True,True,True,True,98,97,31933,31977,32,41,24,21,1,k,1,40,40,32000,32000
36e03f6119fd601b7d3a76eef64c239c6b07f92f262412f987797abb20961b06,15d39b4c6116bc78aa25cbb71826d40530fca01679bacbeeb28af2d3a2782a5c,conv-41,83,4,1,0,True,1,True,True,True,True,94,92,31997,31961,32,21,39,22,1,k,1,6,6,32000,32000
190d7ceef48018a21395a1e9dae0b0eb0b009a9df899038c7eae7223557f00f0,604a79487ec352f2d11204ef88e27531e0db89a1b6caa68975c08146c6d6f523,conv-41,84,4,1,0,True,1,True,True,True,True,96,95,31922,31884,32,59,4,27,1,k,1,18,18,32000,32000
a94a6c814011f43ed0fe862ec77997bdf8f6a04b7141e24354b68cf1b4363fec,abd2a4f605e7b86f832eae37a88ed934c20a5528132d71032d5543f31248d814,conv-41,85,4,1,0,True,1,True,True,True,True,85,90,31908,31903,32,58,0,28,1,k,1,54,54,32000,32000
73dc27d967492533037784ea587ddba6841f0d639d7b5e409c8b524c7c680905,aa44b3e75e36c62f1ba7067967b240f4720f044718b56ff184d54e062f9c7368,conv-41,86,4,1,0,True,1,True,True,True,True,93,94,31957,31925,32,62,0,20,1,k,1,3,3,32000,32000
e80a8cb12ba7e3039ed40c8efdc5fb9da4d3e878b7f5b519593a016d5951a072,d4db0d9fdf7d2e55119ac597d2b5a26ef6106d7d22422eb61f5d71bfcabdc424,conv-41,87,4,1,0,True,1,True,True,True,True,92,92,31942,31867,32,18,42,21,1,k,1,6,6,32000,32000
c456233af3ac59ee17409dc0a2d55e26cbf460c0b646ad354d1692f6d74c5bff,a064c6014bf39aa215b719110fe896fe0fe5931e1d91f7f9b980b63cea2ece0a,conv-41,88,4,1,0,True,1,True,True,True,True,96,97,31982,31922,32,63,2,22,1,k,1,3,3,32000,32000
4100ab9797d09aa73ead8fc898286227a663d5ea1e77b6dcb5880834a5276bd9,249bc7aec2ce3026ac8a159a579f1af744f9b748c7058a8a9965cdfb2f04c009,conv-41,89,4,1,0,True,1,True,True,True,True,89,90,31981,31867,32,22,36,21,1,k,1,1,1,32000,32000
1901350b68c5ddfe6c042552a7fcba09fa48459c221fba1a4fe1ca46e3b3943b,af295cc2048e481d1e346de97988d8505f8147874a754166fd01e1cd665da7da,conv-41,90,4,1,0,True,1,False,False,False,False,93,94,31942,31996,32,21,41,20,0,,0,112,112,32000,32000
1bfdd0785118525b71ee4a4f7a260ca8198f9f47f7aea0cbb966acbedca16fae,07810b8d5f69cd79097ba8ccf9fc9d38b326349908c996c1d655d771e1b854ca,conv-41,91,2,1,0,True,1,True,True,True,True,92,94,31932,31918,32,4,58,21,1,coverage,1,18,18,32000,32000
3fc421c922311fbcd561baacb0a3e2392686093904f25d7f0bd432b52c446699,18037f5f09693f57d983fa70fdd3bc30cb7aa850235741710ecef12cf3d780c9,conv-41,92,4,1,0,True,1,True,True,True,True,96,98,32000,31997,32,38,28,23,1,k,1,2,2,32000,32000
c999400bebd41b668faa6c0b86f43a7bc022aee773fc5b75173731a01ed379a5,adf15b621c69b959f541d774e42c861b084ee5ae900e43db09357c3518e7853b,conv-41,93,4,1,0,True,1,True,False,True,False,92,93,31909,31921,32,61,0,138,0,,1,3,3,32000,32000
9389c8d0e05c3e5300d9e079cb05b661ab96e470bdd216f02137729461b2ebb8,8118e98842e9dfb1acf7181abae35bccb7768e5c417324a562c5233acfbbf9ab,conv-41,94,4,1,0,True,1,True,True,True,True,97,95,31991,31922,32,13,50,22,1,k,1,4,4,32000,32000
4f8879b30ded93074f60074c056eddf69906ea51e349e828893a70f3dff6cd8d,55ba71b1362740312c046a276f1d76ab66936247cc680c4464a1758d0de275e0,conv-41,95,4,1,0,True,1,False,False,False,False,97,95,32000,31965,32,63,0,25,0,,0,117,117,32000,32000
fa6d171e774db5f02bb24e1054b0bae761a2e1bda96f2550e382c6ec3f677c37,324bd3fa7a448b8117537a4891adcff8898bccb772663b358359d2c558399683,conv-41,96,4,1,0,True,1,True,True,True,True,88,93,31958,31947,32,61,0,53,1,k,1,1,1,32000,32000
e39619590c52e3edde97544e3bdd79e48ad166acf387110c0658f350d1c692cd,303a8dd2eafd48a8cbf9bfcfb27af5b9103a2306f3e0eee8ffc9c8fde55fd9fd,conv-41,97,4,1,0,True,1,True,True,True,True,91,93,31991,31880,32,61,0,21,1,k,1,1,1,32000,32000
b2712f58b2f615d0a6001547951bd2dbe64c89f0a1f1dfb7d9b18b5d5c0f3627,19cbd4998608a1a970be48ce53b78376754b40d6b7e53266faf6c4497d9402b7,conv-41,98,4,1,0,True,1,True,True,True,True,88,90,31929,31875,32,21,37,23,1,k,1,16,16,32000,32000
26b8fee9bc82a4fa532b85ea3d8323b8fa42b0d5ddcdec10f430a0a072591001,8fce8391071600ca77a266b67c43994ec09c8eedaa5e234a0dbe36cb8be26761,conv-41,99,4,1,0,True,1,True,True,True,True,94,95,31987,31898,32,39,24,19,1,k,1,1,1,32000,32000
55182db2ad04e61ecc6cd0f3979e66b93865f94a17333ff0c8e5ed980785c2b4,4dca480937f25235c9f6bc1ab378970b1468991f134bc8c876ea0c4d75c746fb,conv-41,100,4,1,0,True,1,True,True,True,True,91,93,31990,31992,32,61,0,18,1,k,1,1,1,32000,32000
efd88595b29517e3b1c2d7400bb31442c5abef8727bbd934bb448bdfa44a595e,634302cc9199c6e006349c1fc5fe17deaa89f2b387cb4d5e01328c15b3f8db0b,conv-41,101,4,1,0,True,1,True,True,True,True,95,95,31948,31984,32,63,0,21,1,k,1,1,1,32000,32000
58d85e4977b631800845043bce927d9012751c51d39e62521802a28e9a80a3db,c205640cd531e25eaf7f5f27342d80a01eced5b369c31a456dd8547875ddfd4a,conv-41,102,4,1,0,True,1,True,False,True,False,92,92,31991,31994,32,60,0,90,0,,1,3,3,32000,32000
168e1703c86018a1f83258cfcdd4ddbe50daff459aa968466f4736267465c34d,fb8f4507d6266b304a1af3cdc0a47ef4d5e9d5a10c8f75eeed6b15c452868bf1,conv-41,103,4,1,0,True,1,True,True,True,True,100,98,31994,31852,32,4,62,15,1,k,1,1,1,32000,32000
2693c3a4e9e1cd94497c328a0f831b5f9b5e688f463449cedd3be453299c2c6f,4ec44c750bdc22d9f62839bc86f52def30a736eb2fc87f2c190b4cc760b29180,conv-41,104,4,1,0,True,1,True,True,True,True,100,99,31931,31947,32,20,47,16,1,k,1,1,1,32000,32000
3d884027b11bb5693383321ad96a7223d78e1fe68c2be5a3e9daf30c97bc1ff4,fcd3c4a77ec0abaec530df898048acaf5ea8709f6f95cd5be43dffd883717c77,conv-41,105,4,1,0,True,1,True,True,True,True,99,96,31994,31960,32,64,0,21,1,k,1,12,12,32000,32000
51a61d6ba9ea63725cba397d1854b772c98592406ce731e1f080534e7bf4d8fa,47a19d601c7ce2910c049ce6ad2077914ac78ef2eaf37fc572b5d24eb653457e,conv-41,106,4,1,0,True,1,True,True,True,True,94,92,31998,31964,32,60,0,33,1,k,1,1,1,32000,32000
3dd422c28b15bfc7532e5ec1ed43d7bd98d2a59d75d9e84e80e7ec4481683e4a,e4ea13996dd7ac87182eb1d496c61a478b9c784422613ea4cc128e15ad3ba9be,conv-41,107,4,1,0,True,1,False,False,False,False,98,97,31980,31952,32,65,0,22,0,,0,208,208,32000,32000
4a7934decfbe4693843354b50d8dbd3395a6362f3e0d662986b491e915769e84,35841661fd92fdf810dc88c3e4530a9c9ab1b77a076cb1c232cf71a739b741f7,conv-41,108,4,1,0,True,1,True,True,True,True,92,93,31974,31966,32,60,1,23,1,k,1,3,3,32000,32000
0f6a656c4dd3a6d4c4aa74e40629357576ea65b5af802261f6b8069a05a870bf,32496e105de9fc213a0b00fb7f932097bce4fc4f9d08ee06c8f9ac6ef0f033cf,conv-41,109,4,1,0,True,1,True,False,True,False,93,94,31958,31996,32,62,0,43,0,,1,1,1,32000,32000
5be306aecff5ccc9b741c7e7c0dffc398351e3df3d221cd179c815ee2daac36a,e9207fb975724077bef2973430c5286133835fc6684cb8b061b1338fd43900ce,conv-41,110,4,1,0,True,1,True,True,True,True,104,102,31988,31991,32,70,0,24,1,k,1,7,7,32000,32000
954a729e44a3de6ab20353a0bfd52a97d9a89029e0ada71346146f442b142c55,ce8b71cf0954f34b0993d5a6cf18fb7bb75bcfaf071d390674f63802c833f5d0,conv-41,111,4,1,0,True,1,True,True,True,True,96,94,31951,31996,32,62,0,26,1,k,1,1,1,32000,32000
7b74888385d4318f7cdd5fcf18fb27921ede95b137677aa6e4446d7934ca1dba,103c8231cbcf941ee157c9afe5c78e55dc525148dd1af0fcabbff09dc14fa46e,conv-41,112,4,1,0,True,1,True,True,True,True,100,98,31912,31982,32,66,0,22,1,k,1,2,2,32000,32000
5688d1d9e3dfaacf902380b394609b040b826b533cdc91503dbacc66bce2c246,c90edcfc41103925b5686855149a0c04b71ba45f984f775a02333fc1eafd4d98,conv-41,113,4,1,0,True,1,True,True,True,True,89,92,31992,31999,32,15,45,19,1,k,1,1,1,32000,32000
b84295b60ece1edc0542fc349f3a67ca39a2e0b1d356bdc17a689377141f06ff,55d7fceebf8928d0f23e20e52dcddb562d94b66831c403085c76bd62b8dfd3af,conv-41,114,4,1,0,True,1,True,False,True,False,94,96,31999,31999,32,64,0,90,0,,1,4,4,32000,32000
ae828f6cfb3bf753e9d1f333795935d8056b1d7fc9908a14a9106751fb08bf18,12129d8902130b5a28a4d16d751148b96cea68ed38becd64800a477fa6d2e1ed,conv-41,115,4,1,0,True,1,True,True,True,True,89,93,31977,31934,32,17,44,16,1,coverage,1,30,30,32000,32000
90d626053cf2bc0a67337fc7e441359538659b1e6d7cade9a19274e971a10ead,a4705d1988f920fa90c2f8851fd8240f88a6eae28be4ad6ee76dabd8e8ffa16b,conv-41,116,4,1,0,True,1,True,False,True,False,95,95,31907,31985,32,63,0,37,0,,1,4,4,32000,32000
bc76f5144509b3b0571b40f1851b25f4ac54d12bfface698d23a4e8c2fa658a5,9ffa085242449988d18e2c145cdb62ca9a269e2e94e23bc6e4ab1f63e3335ecc,conv-41,117,4,1,0,True,1,True,True,True,True,88,90,31929,31848,32,39,19,23,1,k,1,5,5,32000,32000
d92f9fbdcbf177c769957466731e88da32930795f9498bc4280fc1f75bd6f3d2,24f136c738429f3ef5057eca82540d0eb5901bcf33b965c7fe557047e3720eab,conv-41,118,4,1,0,True,1,True,True,True,True,86,91,31894,31899,32,59,0,28,1,k,1,1,1,32000,32000
455a52ad1b469fbf334c134723110e97df123f0560d5ea33f3d78a8eb58d6f72,790e2b3ed219484db6e405156de60661a9d40fe87ff68d291e9f964ea0105087,conv-41,119,4,1,0,True,1,True,False,True,False,100,98,31885,31949,32,66,0,159,0,,1,45,45,32000,32000
5bc367eaaa7bb61a4f410d68d26d34cd59bdbd705bbc41dcb4d57d95386c4d4c,447c16cc4c319f49f5b846f036311137470c84645e72ccb7c40c9f0aa41860fe,conv-41,120,4,1,0,True,1,True,True,True,True,93,95,31947,31932,32,4,59,21,1,k,1,1,1,32000,32000
a6854d1746ee25222851a01a93285abbfb39d0514ee85587d22941368c099223,13cfa970babaf48d3fbc42e54bf31464e2659daf3b81ce875bd49694c377b932,conv-41,121,4,1,0,True,1,True,True,True,True,89,92,31978,31936,32,6,54,19,1,k,1,1,1,32000,32000
cf05ff64213e09272cd0e5b7cd6776c449f2965300d00f17a893e654f6319ff2,ffa610b136cbd6747009a4df6842a0665fe7963962041d5c3c7e1447078e345d,conv-41,122,4,1,0,True,1,True,False,True,False,92,94,31945,31943,32,62,0,167,0,,1,30,30,32000,32000
74fbd599bce6be2c928b523e49470449db883a0c82d2f8450c1139bd5cc0898a,80f805ee15d76161eaed53eb090eedad90ad76d6fc7ce50ce28d3efcbc6a9fa0,conv-41,123,4,1,0,True,1,True,True,True,True,101,101,31936,31882,32,41,28,26,1,k,1,3,3,32000,32000
84ef28a5108a343b3a3ff3bf27ab5b2deacad234e97573386015853d25b2f24f,599d1e3e1be93c634995da07e1a1843908414342802c402b9d79a0eb3172a1f6,conv-41,124,4,1,0,True,1,True,False,True,False,89,92,31918,31928,32,60,0,51,0,,1,4,4,32000,32000
b7e90f46d89e8bccb1cce16cf45690c5a26c021ebc3373d54727e79bbfb93b75,1d88890a2a6de7b35f635deafdd9c5409306980980693717747b3182b7955a5d,conv-41,125,4,1,0,True,1,True,False,True,False,98,95,31934,31936,32,63,0,71,0,,1,4,4,32000,32000
406164621957eae559dfe03d81c3b82784e7e33dafe24a2450952ea16d2881f1,77d833ccb0e9dd675127678e447d2e9fab3da06c90cd04bbd509ce608fd3fb6b,conv-41,126,4,1,0,True,1,True,True,True,True,88,91,31913,31943,32,38,21,18,1,k,1,1,1,32000,32000
2210b772f786d52f146c4a8cf239de8716df204a78df574fa5e5bd38e8bf83ba,c88c5ae414db7c572bcc93b2e2c726debe921cd7f4df02e86b23f85bb563d398,conv-41,127,4,1,0,True,1,True,False,True,False,86,91,31983,31944,32,59,0,35,0,,1,3,3,32000,32000
b1e545e542ad874b3564a7412dbfd23eb1856839aacaef6b8fd4c4dea0abd130,c6b5c2fabd423ca721a806150cf0e92675af726302d43a8fda668daa40c4d43c,conv-41,128,4,1,0,True,1,True,False,True,False,91,95,31958,31911,32,63,0,39,0,,1,71,71,32000,32000
1c5c0dd076e28e81101b18fef840034a172a3780a7010f61f51f6a03d08a282c,2aefc7857c79cf9f642ef3156f96747fbb824935f7969eca2bfe009b77143070,conv-41,129,4,1,0,True,1,True,False,True,False,100,93,31979,31990,32,61,0,122,0,,1,8,8,32000,32000
604b382a0da45c11954c71fb40ddd4510228b7118e916d2cadbc736e07b5f35a,71588e1b5f1ea9df8cf204550283abda9127c8d2d50b0df5a5508e4aaafc7034,conv-41,130,4,1,0,True,1,True,True,True,True,93,93,31982,31912,32,48,13,24,1,k,1,1,1,32000,32000
d62bca93ff7c87776e395d7455366fbf1db749dce1ed2dfb3a723362caa27519,d1becc6e35bde4ec07fec0522b371c5deefe93c665b3b590aca6979ed7da2f50,conv-41,131,4,1,0,True,1,True,False,True,False,91,93,31982,31995,32,61,0,24,0,,1,3,3,32000,32000
bd6478ce3e8c00f635373de5654890be76bf0a5bb0c674eb38573ca3ebda2442,cfc55a82806ea4f1b035dc44fe96cc190baa3d83d010445479c0b4df50c2c8b1,conv-41,132,4,1,0,True,1,True,True,True,True,85,89,31998,31846,32,52,5,20,1,k,1,1,1,32000,32000
858b453cb8aa44d715378ad5072017facdd6c4385bcdabb84701c313be491391,6ca1957d755178c92b51fe9ea74ccaebd3f5979ca91df00eea4b5cd5c558ffd9,conv-41,133,4,1,0,True,1,True,True,True,True,95,96,31953,31979,32,37,27,17,1,coverage,1,65,65,32000,32000
844db0408d7aa28edc4c2b59d01a9db9cbe2987e0244fdba0f3c3e3d063680ed,ea9c772698c4145a68425b3a0d493e06f2879b88864d9fc727bd8d05362566c6,conv-41,134,4,1,0,True,1,True,True,True,True,91,92,31980,31991,32,37,23,18,1,k,1,2,2,32000,32000
c7acb34275e7aa836fe52f2794afff19d0e499233d297c9367a4759d4ea78e4c,a861b4fe7163506572a02e204a36025ee63f93965a9d8dbe552ef72d56b02373,conv-41,135,4,1,0,True,1,True,False,True,False,91,92,31999,31905,32,60,0,38,0,,1,1,1,32000,32000
956f0a351bdc18fea75fe7faafda94f1788d8bdaa9629ca1733c461ce1d6dc1a,51427e211c6c5f4da23eec533f52a2d4dfa9ea5a669e3ebd206e08e96f68f06b,conv-41,136,4,1,0,True,1,True,False,True,False,93,93,31999,31973,32,61,0,32,0,,1,1,1,32000,32000
4f8e31dcaefc3c934e771b2ac4cea561b675a06556ea8c98292f560a6ac44a89,f62a65743d1a2305fb7df42eecbd9e654532546ecb66370f2cfde6820bd0a1ba,conv-41,137,4,1,0,True,1,True,True,True,True,95,95,31951,31928,32,5,58,21,1,k,1,1,1,32000,32000
6985d96286902572e3266d9e8097b60dc94c50d9ab0a32301c39807b01d91962,e9c6f9b2ecb7e95c9deb35145ddb1ec6a824aab624c069604913830f814b0ecc,conv-41,138,4,1,0,True,1,True,True,True,True,90,91,31995,31994,32,41,18,23,1,k,1,16,16,32000,32000
2b96ef9d564aba43af0eeb5f2c664eda7e5d8487058ba11b1530556bb3968726,f5e4d6497052b2711d50c7f9d896322271e05e86d05b7a75baf773da4d3d2e40,conv-41,139,4,1,0,True,1,True,False,True,False,86,91,31995,31978,32,59,0,20,0,,1,1,1,32000,32000
12ff873895417b2b8738f301446f00e2af219622d38e45861687a1590889bec0,0b0d042c16185fd6aad5b821e0977dddcbd4118a7f5c36517cbb4bd767dc79db,conv-41,140,4,1,0,True,1,True,True,True,True,88,89,31995,31896,32,36,21,22,1,k,1,1,1,32000,32000
e072a917b5401119f3dc128050485a770577c7b50f931a33f29801f058595c52,f17b583a6ed61ff6135be0bffdc064c86ee7098d1c18035817fd8140318d45e5,conv-41,141,4,1,0,True,1,True,True,True,True,86,89,31922,31968,32,33,24,21,1,k,1,1,1,32000,32000
5ce987b031ceffbef4e82fe93d8d06b637164c5759c241b70c2bfd7918e3a326,ec1766331344b9718d27aaa9b4bd92c0134850a8151af4cde8f057b5432a7dce,conv-41,142,4,1,0,True,1,True,True,True,True,87,88,31973,31914,32,24,32,25,1,k,1,1,1,32000,32000
76689bd66bb41eb3f520ab59664732101aaf3b1495e54340df0e3dec2adc0ffc,b25fdca26aaae3ed8c360611c88bb947eff0ae87e346dc47d95609218b4d0de5,conv-41,143,4,1,0,True,1,True,True,True,True,97,95,31865,31999,32,4,59,18,1,k,1,1,1,32000,32000
9101305a13ff15c7ff886d67c3c346648c6aba6e4ec90ae10a2b472fdd7991b2,e43249bdf842b61de39971e34aae27d98130d377827697e85244079b39165fcc,conv-41,144,4,1,0,True,1,True,True,True,True,96,96,31997,31840,32,38,26,18,1,recency,1,1,1,32000,32000
f848857d4cb60049328de9ac467b8d7b4ca90a22a1cddfc915c6c213c964e218,5a3dc56bf00257d10d87bb0bc03734967e5f1726ff448758dc53fc3766926000,conv-41,145,4,1,0,True,1,True,True,True,True,99,99,31926,31971,32,67,0,51,1,recency,1,1,1,32000,32000
1b92581f7da6b206bd50389c0a92c6f332aeb24924ece4d4941c952da46001da,e723e30aa3d5c3d8b886ca7c44bd29bf89708c5979b5e0d59a7c1aff62a67d94,conv-41,146,4,1,0,True,1,True,True,True,True,99,95,31988,31859,32,63,0,68,1,recency,1,1,1,32000,32000
1570ed55c4d52662abd88063612ba29dd837e9c54087d855b6369874db8cc160,f78bc9f8c3c03b6fee90fe179744c065c5f1e9fe2df9f34f519c4952de98bf7b,conv-41,147,4,1,0,True,1,True,True,True,True,103,101,31997,31938,32,24,45,16,1,recency,1,2,2,32000,32000
1a87e8b261ff7b06b8dd541a2ad7669f60d31cc5155664d0f57ec40d42eebe07,c7f1f5bdf47f13098d2f4a9c1961da55649587e67ab81b0123206e188b7b58fc,conv-41,148,4,1,0,True,1,True,True,True,True,101,99,31993,31985,32,67,0,38,1,recency,1,1,1,32000,32000
3670971da03be2d4a8dfb869295c91ae95c9e542e2cb1940890c3e6b53c0255a,fd64797611800438db30180fe5598f97e30faf79b4bec6a21987c3cbd73e06a2,conv-41,149,4,1,0,True,1,True,True,True,True,91,91,31955,31839,32,57,2,20,1,recency,1,9,9,32000,32000
35e21af4a0f1ed9b75a9cb0c2a3b228af7fad01f8d34d71b7be63089b58bca6a,609058287a25d7a00b30520ee0fe28ab44d61d674bb8ae343518fe25c714f117,conv-41,150,4,1,0,True,1,True,True,True,True,97,98,31978,31986,32,66,0,59,1,recency,1,3,3,32000,32000
fef3e92cb81eb3393f5bd6e3767aab8c3ac558f405c5c6cf0d3d026c9f5fac5a,ab1edf871207ff748646071ec91691f140bac6a81d2a3befa8e1375e345364b3,conv-41,151,4,1,0,True,1,True,True,True,True,87,89,31913,31835,32,47,10,19,1,recency,1,2,2,32000,32000
2f873ae93a4065c7626bb66686865ed5380512eac8178e185cdb39dd3a3b39aa,d944ae74f647c5c2a3ecdf196d99fe4bfefa97a2cd233133cddc30110ca6863b,conv-41,152,5,1,0,True,1,True,True,True,True,101,100,31995,31908,32,13,55,21,1,k,1,4,4,32000,32000
fb14b320ff7f961f39c0540c45ec7fd6143c82f9d362be404b882fc762664713,e57caa72b0dc04335f6c079d1fe3e70e2ffe69bd94f011d753ecccb2c0339ed7,conv-41,153,5,1,0,True,1,True,True,True,True,92,92,31950,31976,32,14,46,25,1,k,1,1,1,32000,32000
43181c9e0e61e087f1844007955635e2a580d7b2a4f1265b2cb07674ecc2fe21,2fff8ffaf2293b2731d0857d971b9df97f6e85a59e54d2ea0780edc6aa33e11b,conv-41,154,5,1,0,True,1,True,True,True,True,86,90,31993,31990,32,57,1,16,1,k,1,2,2,32000,32000
6e9cb9db497fad635aa4bea49e0842d5d2e19e25ce9187a07f8deba8eb82f622,948b6209f2a6a004655457f3fd76bf51b32582b3b6c206d128c64e2d7be91604,conv-41,155,5,1,0,True,1,True,True,True,True,87,89,31931,31886,32,39,18,25,1,k,1,1,1,32000,32000
ef357ff73e1b22a58be8d9db6889567f79c19433b565ae18dc6bc2c0b1a0cf00,86f319e2ebb9e3df9b7ba7cf2ef2cd0173e8cbab124785ed6ac882c6b7c8b4fb,conv-41,156,5,1,0,True,1,True,True,True,True,98,98,31968,31933,32,66,0,50,1,k,1,1,1,32000,32000
5c40f50da56d71150d681519a9d5a8b7a532c29471cbbb1af763986947b3d032,471da0b1b9867b5ebd47a4049cc111c7d4d8906ad83de0a290379da6157f7807,conv-41,157,5,1,0,True,1,True,True,True,True,101,100,31913,31859,32,25,43,20,1,k,1,1,1,32000,32000
1f3ee3f34a81eca7572a66bb71b7f4481cd70c330a5a12e865fa6b8fc2b2e7de,13b94f42ae3f6636d231241929632b81c4c7c74eb2385471b3e6860cd9ab7d45,conv-41,158,5,1,0,True,1,True,True,True,True,103,103,31993,31972,32,12,59,20,1,k,1,1,1,32000,32000
536c077c64e2ca53c7ec0ecd286cea51d1e4e0501c1dfccdf948b55a06c9d725,f58eb5601f2ab476bfc5231e10c33791d12a5a4d042ac3b8f13da1fa68b8de9b,conv-41,159,5,1,0,True,1,True,True,True,True,92,94,31963,31983,32,27,35,24,1,k,1,2,2,32000,32000
0bcf087c0ef8be688509b681612275eead3b01e80f063f4b650ed1e8ea4080f3,da3566713e89bdebcede4111666c690037e00b7b0ae5ba20c9bc9c65acdfb96a,conv-41,160,5,1,0,True,1,True,True,True,True,93,94,31947,31833,32,4,58,24,1,k,1,1,1,32000,32000
a733b6d1016435b34c02fbd860753fffc0e41a55b822a2fc4ef6beff6adf61c2,59141205c3a931bb48f2f6264e0d376f16657447620b90672c57e75eb3bc39a4,conv-41,161,5,1,0,True,1,True,True,True,True,94,96,31888,31930,32,62,2,23,1,k,1,20,20,32000,32000
0d712678dbafc8dcca620cc27e76837b565e64105b8ed97dd99694d8a4997d08,2541723478d6dd1c6976f3a6b8ed23ca93e5fe2a85f545fe6fca32ed1ca7db29,conv-41,162,5,1,0,True,1,True,True,True,True,98,100,31978,31918,32,8,60,22,1,k,1,2,2,32000,32000
76457879964b6b3f5c36884a8fbe5d22104c0f1275decbe6e1e80fb061fdedb1,09ff6774c4f5655ed95f9af61b82f95404a209dbbfd48f5c9133cf3e4c974b67,conv-41,163,5,1,0,True,1,True,True,True,True,88,89,31992,31964,32,47,10,26,1,k,1,1,1,32000,32000
9c6a4a501dfd293ab8c57f679663b811850b7a92906d3f1fb3f0d012b95e469b,951586073ee516dfa1cadc7be4db1c217d845d750c66765c9b6a7b1a70cd50db,conv-41,164,5,1,0,True,1,False,False,False,False,92,93,31999,31985,32,48,13,19,0,,0,234,234,32000,32000
43b124d25ed567d81c8eac80e6ed3492d0818a3679d25e2f69ec1ddab6c80f57,f5677711077949205bf59316e79ca3ffef70163c8be07a096d3dcd1520d24085,conv-41,165,5,1,0,True,1,True,True,True,True,94,96,31925,31916,32,55,9,25,1,k,1,1,1,32000,32000
70fa95f6b7032254e8b17ee81605dfcf53d98574ff7e984f89fcf2ed402cf542,db4f0cdc6c8c697934c1c74519041332a0a43e716a86aa3251ab7c2271ad1e11,conv-41,166,5,1,0,True,1,True,True,True,True,93,94,31979,31934,32,62,0,57,1,k,1,24,24,32000,32000
f24a2552e43ae7f7c6428f38575b3d5721f8e9197d6a4fa596cf13c6f668614a,e34f38cf46089d8a45e98e1a5cffd655de13881d3ff508f4bd0ac7ddabc6299a,conv-41,167,5,1,0,True,1,True,True,True,True,96,96,31983,31798,32,9,55,21,1,k,1,4,4,32000,32000
fea0464841d7f35ebdadf47e2bbdf2ba5f568c45aed7c10022590698c692c89f,5b8e73ecc4f8d72b09c9f87da88a1656bb31a9b21f76aa552c8bcd3ac27766da,conv-41,168,5,1,0,True,1,True,True,True,True,86,90,31926,31902,32,58,0,60,1,k,1,1,1,32000,32000
b405ac7fad1a46af53fbd71980011c072bef89d14bc20fa3d13655690c2c0b83,6ac3476142cb214fb975469a74c664c339cdd81e974a65b15f65e05be86893ce,conv-41,169,5,1,0,True,1,True,True,True,True,92,95,31965,31983,32,62,1,21,1,k,1,1,1,32000,32000
a720edd5fafc82e1e204fcd796359548362934cb2cc65d6c501119c950d799a4,5af3611acf01427259c1c1464d5a25360a67aed0ce255728e6385b6fbac275e3,conv-41,170,5,1,0,True,1,True,True,True,True,98,99,31981,31953,32,22,45,15,1,k,1,1,1,32000,32000
da6e5c88bd91060affe76e0d39a4da54e534882f91513f02e57e1e4eea7b560c,62ff72e4cf7e5b5985aa8bde340b7a71d29390f70d9bff64819f02af060e1331,conv-41,171,5,1,0,True,1,True,True,True,True,99,95,31904,31917,32,63,0,23,1,k,1,13,13,32000,32000
425cfd4098acbcfbe34bf2261fa6549fe1ecc5fe7a53e0780cccbcddabfa17d7,cf4ba1d522196def803495a91222aa236adc2e579b38790ad6e865f2fa957125,conv-41,172,5,1,0,True,1,True,True,True,True,94,94,31995,31986,32,62,0,36,1,k,1,1,1,32000,32000
386f07d456508f3454e94ca12adb2aed5f0d543a45b70821c49f1a891bc1e46f,e89e0b139739156ef1bdb66fc8e6f6e3c351de29bbd4c5cc53cc65b324b922be,conv-41,173,5,1,0,True,1,True,True,True,True,91,92,31972,31994,32,36,24,22,1,k,1,2,2,32000,32000
2d37977f7edc43555a40a46e82c1e46a985e4feac6ef16b44dfc24f8b39b2c7a,d75b12e2e8e843ceccc575b4aa9ce658182960f06d3d2cd9d4d70b7172eaeb2a,conv-41,174,5,1,0,True,1,True,True,True,True,97,96,31898,31931,32,64,0,42,1,k,1,1,1,32000,32000
deb319cdfa720c9d252c5465f4a89184747ba61746b46f6ee369a4d6e01202b2,8130a0eda29dd2061db47780ff1d5b16434e33835c71e091b4c38f17ef399659,conv-41,175,5,1,0,True,1,True,True,True,True,99,97,31859,31973,32,65,0,37,1,k,1,3,3,32000,32000
0ec54f3a06fd79fb0add4f940b8652bf92930cf3adceff2c7f2f6d0335af524a,2864cea208461d8c3f8e9c7d54290bce675002d63718543ea989a2c708fe2a46,conv-41,176,5,1,0,True,1,True,True,True,True,88,91,31957,31946,32,59,0,23,1,k,1,5,5,32000,32000
bcdf3968c8368ad332cdb696ec6d703bdd366aea53702734e08ba394fc2d9edc,e2d8a5f60985a5ce49dadefd28c8455bb75d289298407fa2d522b269de1442a1,conv-41,177,5,1,0,True,1,True,True,True,True,92,95,31973,31982,32,63,0,21,1,k,1,8,8,32000,32000
96f415aea72aff09c8c2a31b5a8d4be6ccd8b5ea1d3d0e8e28185002165792bd,17dcf903d361895cbdf57e36131ef573f685a3c76ae9107d8d91f7ee2a1ab2ed,conv-41,178,5,1,0,True,1,True,True,True,True,86,88,31961,31971,32,56,0,24,1,k,1,1,1,32000,32000
e8ac473c2552deec0e3b2e2ba081acda38d95f2df6e07cf76b49f316960a7dd8,6e2b5bdae7d20b17e0007690b7986596f1803b0e9c8ce6ce506d2cf521fad047,conv-41,179,5,1,0,True,1,True,True,True,True,88,88,31996,31870,32,6,50,22,1,k,1,1,1,32000,32000
f0901fd845d598a9a2576b6afc3e5ac69f4058a235d8c9993f5d3471be855c17,78ea29cc2f1d8ca209c0a27a6135a9c26672b097c664449237cfdf9a0d1cf6ee,conv-41,180,5,1,0,True,1,True,True,True,True,96,97,31977,31895,32,38,27,21,1,k,1,5,5,32000,32000
70588b7ccfe6e35bed12f5c0613ceb3fdb8950468d3f3b63b7d30d8688782076,9a9b726b6ad316b20ff7af5356b62b54c70f66ac8ac20b26ddbffbd17591e84e,conv-41,181,5,1,0,True,1,True,True,True,True,90,93,31988,31868,32,61,0,20,1,k,1,5,5,32000,32000
1097b5b3e426b9e4489841fb10cc5a032d318d7a5f70706cbfea495216f73d87,564cd7180677481260cc9a645501b5206191e9d937286b426d31223b7324b958,conv-41,182,5,1,0,True,1,True,False,True,False,87,91,31958,31836,32,59,0,45,0,,1,7,7,32000,32000
d01af9d24d967a55b000f5742462f5cfac03fefb77ffb7e5df954438fc3d1daa,bb2516852b229ddea0334d69abf7f8f6e96619bfe529ab49a5b9c6c5c39adc21,conv-41,183,5,1,0,True,1,True,True,True,True,91,91,31948,31988,32,31,28,22,1,k,1,2,2,32000,32000
bd9d53104b0f2f294a88f58d1eba886e489bd6be940cd453c03ba8f8f1bbf00e,d98e215cd2c64ac17afd58818d869d31a90057b694ca8c89ede1231e3c8be630,conv-41,184,5,1,0,True,1,True,False,True,False,94,93,31904,31819,32,61,0,33,0,,1,5,5,32000,32000
dae3baaa75e838b94081ce10c8efb2738001d431dad1e32e864eb3773ba75567,92baa941d84ed32d36286f115f94d789c258d57950e69396b8d5463abd381195,conv-41,185,5,1,0,True,1,True,True,True,True,97,96,31891,31841,32,23,41,23,1,k,1,1,1,32000,32000
c99ccfb5c495f3e0781d231475926ca9326e3a9eb267a45d12e6eb584103165b,e64896fa77dd363b65c3d1fb81b9cc23a939eeff70e51c3c10551a3a3c7da55f,conv-41,186,5,1,0,True,1,True,True,True,True,87,90,31979,31932,32,57,1,24,1,k,1,1,1,32000,32000
9bdb58cacbe123fc8477bd8dad46d6859873eadf2b3108070c8407488145abca,03331f7a2b460ed516b17650e30d791e11e1f79bc42774fe8066d47e526bc38a,conv-41,187,5,1,0,True,1,True,True,True,True,86,90,31969,31994,32,58,0,16,1,k,1,1,1,32000,32000
14d6db8eb4426e84c82cbb5d3f7657258779ab1c3459fbf2df77cf66b0dbdc07,1893a3b5a4645e8012d265842536bcba752f493e6422355e8484b214f5a816f4,conv-41,188,5,1,0,True,1,True,True,True,True,87,89,31893,31997,32,16,41,19,1,k,1,1,1,32000,32000
28986d1c91b557ad4641b447e028a1ea6a26eb55d9c69dae775b6fe737831a78,6e9b57a219d811b3bd26e3138da58ba29ad59e73024226e9e822d0736a8f73c3,conv-41,189,5,1,0,True,1,True,True,True,True,97,97,31968,31976,32,4,61,14,1,k,1,1,1,32000,32000
2975a3396b7dd430df3ef55400207a44a4aec6406161a6c8300ad2f36d587271,e62ddc5c742685850e4406344887356154074aadad7f92de9056e67625441361,conv-41,190,5,1,0,True,1,True,True,True,True,101,97,31960,31954,32,65,0,90,1,recency,1,2,2,32000,32000
4801c349ac7695261ec54b7eee765ddd43f29326e72c3993dc1fb5af1de1ecd5,9ff38e2c8c7b93f17ee358494c6b5f3c2a20e00d9f007088b77bfa5d91c39827,conv-41,191,5,1,0,True,1,True,True,True,True,104,100,31878,31837,32,10,58,19,1,recency,1,1,1,32000,32000
046be73c80a11e8dce6b11c4d109649e88fefcefb88aa07cdc81640f55929f61,606355fb6187a5cef385778f9f47a7425e01a76c69bb252c2d0cb8a82d300ab4,conv-41,192,5,1,0,True,1,True,True,True,True,102,99,31991,31943,32,60,7,16,1,recency,1,1,1,32000,32000
ee01995c1b6cbdbba001d03c049c1248cd1a924f616dfc95322b3715197916db,66ff57732c8bc9292ab0de307b8a7bd7598b1f730125711f91b1d8eb255668e9,conv-42,0,3,1,0,True,1,False,True,False,True,121,110,31981,31934,32,78,0,188,1,k,0,227,227,32000,32000
71f9701e87037e560e74df0ea2c93cec9bed2d2326892f035c55b918a3c2c9a6,e7129530245fa2bd0172672400b1fb1a5a911d5c3ceab1765ea6b647957d9e75,conv-42,1,1,7,0,True,6,False,False,True,True,120,110,31998,31960,32,78,0,192,4,k,4,3,240,32000,32000
6e3bb239f06df0a600b8bbf2e3f260db4d5446d49ca2559cbe06f42f2b215547,66e1b9a2097c66567ec11ad1e4114db4c7b2d163ec7f2ade539c94ef9b1f01d5,conv-42,2,2,1,0,True,1,True,True,True,True,109,107,31997,31984,32,32,43,19,1,k,1,19,19,32000,32000
acc7d66ccbc2bf0942e6a202a0f5dd8c0e2baa2b477daf34c4b3788463ff63a8,27e96069040f72f5adfca5dc54d5440e3c3c34fdcca2c029b3a797fa38e5c564,conv-42,3,2,1,0,True,1,True,True,True,True,113,108,31936,31909,32,47,29,27,1,k,1,1,1,32000,32000
cb676b60c28a8e0690819d4d3a693005625ac7f3c913b22b56dcbb7217392154,efd31404ba7a0fb3b9f1ec053feef58c37cd540d6dca26468e144fea7d3134ce,conv-42,4,3,1,0,True,1,True,True,True,True,114,110,32000,31944,32,72,6,26,1,k,1,1,1,32000,32000
35f99c121434e8bea64ddb3b984645d990b4f9fc8c72a9ff45ede049973e5af3,49246203843444cb7eb5db4edd70a3740073e0ffc0fef9f2bdca1195473cb0c9,conv-42,5,1,2,0,True,2,True,True,True,True,109,107,31945,31988,32,75,0,137,2,k,2,1,30,32000,32000
a1cb1a7fba59dcaf7cb9bda5c851521458e65e91336d16e0ae07aee30dc59005,8a5d0672c585133b81980e1cf067d03d6180b9bdd4e4b924b9a64236b37db909,conv-42,6,2,1,0,True,1,True,True,True,True,117,117,31984,31914,32,85,0,63,1,k,1,9,9,32000,32000
6bc1d329177e9005a48fa9903e48f0af6815fe9e627be80b2bbbccce94707e71,62acf75f37b5d49af9ad7d99e20dd47b271655454a42a7e6bf5b85534f40b5ad,conv-42,7,2,1,0,True,1,True,True,True,True,104,103,31998,31949,32,50,21,24,1,k,1,1,1,32000,32000
de0c4c96e627b98e82a86b607deed6a4698022ed6a2e857ff6c8b00c0b1831dd,cc3d5a87249967374252439d1d711108adc92d1ed0b30d960704472770698cee,conv-42,8,2,1,0,True,1,True,True,True,True,118,118,31960,31989,32,84,2,17,1,k,1,23,23,32000,32000
d9e6cc466839a23c393d296e0d5a2a6d76a5a388245eba38b7eb200d117086de,301c2d7102b181cf5ab0167a47f412f4581051f081b0f374577a1ceadbd6cbfe,conv-42,9,2,1,0,True,1,True,True,True,True,101,102,31957,31963,32,54,16,21,1,k,1,14,14,32000,32000
7719b843d95bf3d2d41d858ac80a967b4340f9aa8786495df91a6cbeeaed956a,1305a8634446b9d8a1dff9f7120f1a5a42816c0b4a606680442eda5ee0bbce08,conv-42,10,1,2,0,True,2,True,True,True,True,101,107,31980,31996,32,75,0,86,2,k,2,2,3,32000,32000
30ff3f19496cf33ea772fd7a7ce88e60e4eaebec9a63cabed8cd4cd3cac57089,33c21ad4fa52e5dae42657bb822314fa54b562ece8d0a3bf59189eb7ecf3dbf4,conv-42,11,1,3,0,True,3,True,True,True,True,117,113,31936,31937,32,81,0,38,3,k,3,2,74,32000,32000
ae4eee9024208674fa84ce8f87d4025a3589596b49cfc23422ec70a8e0e0f3db,a5e0e992219da8d6d9a9629bc8ba6c47d860614486cb3c181ba9266bb080c588,conv-42,12,3,2,0,True,2,True,True,True,True,112,105,31961,31917,32,11,62,34,2,k,2,2,6,32000,32000
1c3308d6422cf507ebf3f87ea9173d770bb76bc6dfa83bb78458767625015eee,f3104125a0b7d10e41d15d8eeaef281801ef1bc00061b6fbd6838a61628a8589,conv-42,13,2,1,0,True,1,True,True,True,True,96,101,31933,31998,32,69,0,23,1,k,1,1,1,32000,32000
ea53edf2240b88e8643025451bf8b0a91e4673ebee8a947749c64e3bef02e8a1,474246ed8448553d1bfdddeccbc210f8b3be21adf37dbf6ffcf855f17e5eccc3,conv-42,14,3,1,0,True,1,True,True,True,True,121,111,31939,31975,32,79,0,180,1,k,1,43,43,32000,32000
e752b2d87587dfb68ed870ec668580b7ca0465a265eb75cd05c69326300083e2,df58f5eaadafde51bde5993e163f5269b963d9e1fd370b32f85cd7f411fa92cf,conv-42,15,2,1,0,True,1,True,True,True,True,122,117,31997,31906,32,85,0,25,1,k,1,1,1,32000,32000
3c852f35c591afeec27ccb5a7906bf584426005cc24dd576609e7ba148dc84fe,6116527ae0e8b7763c8030a031e0192c2056c5b0df3470a749348b03ef5a3131,conv-42,16,2,2,0,True,2,True,True,True,True,114,113,31975,31987,32,56,25,21,2,k,2,1,26,32000,32000
62911317e28bfb6a246149bc470d9820366190e417d5f99e8af994964b0dcee1,178f3f414dcf288a659d3eda8481359966ae439ca7ce4efda7273fe13144821d,conv-42,17,2,1,0,True,1,True,True,True,True,112,110,31965,32000,32,30,48,23,1,coverage,1,71,71,32000,32000
2462636072dd6703ad03370bef3fdee5afe71747034c66438d114c607ce9e1c3,ccfac269d8d6c7c62d1ff6b5372ce95cd976eda8b18eccd0b0afcef03bbd113e,conv-42,18,2,1,0,True,1,True,True,True,True,112,108,31993,31974,32,76,0,23,1,k,1,5,5,32000,32000
7b8560cc2b221e25f260244375db06c72926e78359473f40b9cf09d69eb15030,2a1524c750413af04f3999a517128efd9c444ff9b8c81ca497a848ba131b8964,conv-42,19,1,2,0,True,2,True,True,True,True,106,100,31992,31940,32,22,46,29,2,k,2,1,2,32000,32000
47b387fb0b897623fad30bb25a69685435cb8b216d3cbbeaf23265ca5bd19964,9fd65bc532ec70a30c74eab115a8157ea5cc219b1382cbe83e89e6a5f7887bd2,conv-42,20,2,1,0,True,1,True,True,True,True,121,119,31995,31937,32,60,27,18,1,k,1,1,1,32000,32000
058c21128650279b721a539cf1ce5970b7e5d7b7ee3fc5a4bb4059659cc10ac5,b35122dfc53f026c7db9275eb8ca10ddc70a8f5cd550019d95c02ba22c95d3f9,conv-42,21,2,1,0,True,1,True,True,True,True,119,115,31999,31958,32,39,44,21,1,k,1,1,1,32000,32000
3e2b00c1068787d149a352fdbd75da29bf102cb1c78e2ab989abc1f93d02d54c,84d6cc9d24216029e13a7a9886cc34b44aa6d6befbe03f32cd9221712d946823,conv-42,22,2,2,0,True,1,True,True,True,True,101,100,31990,31994,32,45,23,25,1,k,1,46,46,32000,32000
23aa5a9cc2a9e022d953c26f48405defdf132d357997553f484011f7cef60dcd,e1e2c08cdcbfd9ac2186e2e7b090da8c400886fed70e00c38ebcbf3cb2e516fc,conv-42,23,1,5,0,True,5,True,True,True,True,103,103,31958,31975,32,31,40,23,5,k,5,1,12,32000,32000
8de8ac65359adb78c1d480e238341027a250dc2c52615a95c48bff92378331c5,944040f4ab63c01c5bd000ed4cc7ec6a018c253e759046bbcae833bf192b3f48,conv-42,24,2,1,0,True,1,True,False,True,False,118,116,31919,31917,32,84,0,92,0,,1,4,4,32000,32000
279cb8014f0fd09e2f49013cf5e31b786a46f9bf7f163fd93b229bae8e3fa55f,33cb0250fda0b04ce52606ea604a6f2a925ea50340e83b7002b8f9786cdf91be,conv-42,25,2,1,0,True,1,True,True,True,True,112,114,31968,31968,32,34,48,21,1,k,1,2,2,32000,32000
23378a83b8d403396793024a4363e3dbe42fae73998824c3794b27aaaa38b39a,83d0f226b117e63424802b008b92430cf448792d58ef722d46f68738ffd9d996,conv-42,26,2,1,0,True,1,True,True,True,True,116,112,31960,31991,32,30,50,25,1,k,1,10,10,32000,32000
fb118ca3cd7adf8790322ef7bcad6f0445fd1b5c71dfc91922e4664488e0f096,f2cd0bb13aa187c17dad7eb1364ae6329fe049d2137cac7d2ddede4eadd98b76,conv-42,27,1,2,0,True,2,True,True,True,True,100,104,31971,31966,32,72,0,44,2,k,2,2,8,32000,32000
d174ee73f64accbbde07f7b69ca9b88e873a754f0c1638caab57b6550ae207cf,c7b2a44950099d2607af68438b0c78b9b0b9d7e793b171116c6a3ceea3c8468d,conv-42,28,2,1,0,True,1,True,True,True,True,115,114,31981,31981,32,82,0,36,1,k,1,1,1,32000,32000
68db0e898dba0f4eefbafb66d86125fae4c9b83d6e1264b60347dcd965e805c0,eb1537af3f1b55b4077901be89856a75daf6af93c3921202cfa6fd7f36f3b7d5,conv-42,29,2,1,0,True,1,True,False,True,False,122,111,31962,31992,32,79,0,169,0,,1,5,5,32000,32000
7fd147b3cb2deb3677b72ea650c8453b67ff7f6a2e84e36d1d887c7a14608c85,f0d962c4da6133b8fe775c49a874989cfc30f5aa0ba94dfcf76a3a573a46e3d1,conv-42,30,1,4,0,True,4,True,False,True,True,105,106,31998,31975,32,74,0,65,1,k,4,3,55,32000,32000
c49905113defb259264bcc83e74a524fd1e3f6815c4d81d8e3857a537da3120e,7f2f60e2027c9411e8cf1f40130cdd0ae0bb55c05e15156bcf1330cdb8b727f0,conv-42,31,2,1,0,True,1,True,True,True,True,114,109,31986,31915,32,42,35,24,1,k,1,3,3,32000,32000
d336ecd481507b2632f26e04a91096b67fb0d26d8b4a74ba7fb8cee347a0b078,fe15f66de939a97c2cb3defdf68525c4289148525ef86c35d94a1072314bedd1,conv-42,32,2,1,0,True,1,True,True,True,True,107,107,31971,31974,32,7,68,21,1,k,1,2,2,32000,32000
fbc3c2230fafc70559c8b505c82a51565e376972d8c5d923e85cdf989751c53f,9e70a160fd5908cf482e21377034c46ce1f4d9aa8418e1482ab5f6f4451dbee8,conv-42,33,2,1,0,True,1,True,True,True,True,116,112,31987,31976,32,50,30,26,1,k,1,1,1,32000,32000
351a45c5455d0b869a0a5002511ee4a99fe6876b4015a46c155bd22d3b0cf361,fae9d39fe47fd2e44c4974cdce9f7026899e924599714482d7b2f2cfcb9d2043,conv-42,34,1,3,0,True,3,False,False,True,True,116,111,31986,31990,32,79,0,200,1,k,1,28,166,32000,32000
37caa40b6f5651d328ec986771e081a246bb2922e1ba7f34c3d8caeb57049351,446c35c58ff5ea76c98fb6c1e874ab539cce7c7acd92e1012668e0748c556195,conv-42,35,2,1,0,True,1,True,False,True,False,115,114,31992,31938,32,82,0,59,0,,1,1,1,32000,32000
64e790cf119943f76e4e7d40557d263730525613f693825a930b4b9b85605ae8,b4ccc31f169413b36a49f9611dfb3fb4647982d0bf60847aa9253a26a9d76cc8,conv-42,36,2,1,0,True,1,True,True,True,True,99,100,31956,31969,32,58,10,24,1,k,1,4,4,32000,32000
de597f5a520c1f0163d111f45cd6fac702d16f0cbcb50072f3fb03a8aa7fae46,21e2c872466e04f94a30bb66a6703920b8c50a11d8d754c0bf7221ffdbf30234,conv-42,37,2,1,0,True,1,True,True,True,True,115,109,31991,31999,32,56,21,29,1,k,1,1,1,32000,32000
52cc5d919bdffd019b5d2a6e48ea04b3f08657cc2efb2390e547e7588a55e591,9f62a11a8f498af471532d2ee335a3e20b889bb9fce57d9282fa000301bf7829,conv-42,38,2,1,0,True,1,True,True,True,True,107,107,31982,31887,32,58,17,21,1,k,1,42,42,32000,32000
730881879250923598d7f1bd2c315875fd1db0fc9e5b551e1805f6bb5f9ec9e0,75894040d3f2d97d1fd708ad8b1ff829b7bc88cea2ea320bbf39895474e1b02d,conv-42,39,2,1,0,True,1,True,True,True,True,118,114,31945,31885,32,82,0,23,1,k,1,3,3,32000,32000
1e93729add74f35e816e8dddb6000ad8f6b3e8cb6e832734325e43cbf8aaa4b4,1772a808c8fd07c85447a9d8bcfb0f296e5b150854f27a55941d36bc80a2f462,conv-42,40,2,1,0,True,1,True,True,True,True,110,113,31920,31974,32,67,14,22,1,k,1,1,1,32000,32000
ecb6bdcd037c1c2abca380593f7accf9acd56280196add1f5d47ec790c08b58b,368679f32fb4d93d652ff2ec4631837db40e8bf2edec9d0571beadc493d2c24f,conv-42,41,2,1,0,True,1,True,True,True,True,113,109,31962,31982,32,60,17,26,1,k,1,11,11,32000,32000
8fa3b13d692e80acac81f8e0a73f280687f7a3be4547c9cb2bd9f35cefe87cba,e153a93b34b67d7c40c818e66a5aff89e28ca676da269ac25ba354da62a10f6b,conv-42,42,1,3,0,True,3,True,False,True,True,118,110,31956,31999,32,78,0,144,1,k,3,16,95,32000,32000
54e9604bb28c4edd66f145907620d52556398916b2c85ec7d8979289c05dfbbe,3a11449dba58c07f7386e8287b33a00bae6a20679206cc964ac5c05bfe751be0,conv-42,43,2,2,0,True,2,True,True,True,True,101,99,31924,31973,32,46,21,27,2,k,2,3,6,32000,32000
af2d0a34fee6fd029bdd1c4d786dae84fc1380c357d4c88920be408d147cbcca,0332b1cdfa09a8e68ac22d62b017a4cc72fa1bab2c00ab881a99d9e59b019894,conv-42,44,2,1,0,True,1,True,True,True,True,110,108,31950,31901,32,75,1,25,1,k,1,23,23,32000,32000
56ef6dd634e505a6042446b520c32a554de19f4701fc259b9b7d5c6312ba8024,84820ad74a596bc927bb3c764437eb6075d20e8116c4b1e8b9532a4b5db3658e,conv-42,45,2,1,0,True,1,True,True,True,True,96,95,31946,31983,32,44,19,27,1,k,1,2,2,32000,32000
ba9d8027860573aeaeed0cd07013fbbc925e7e0113182298e78395925e538661,4616357278ca9cdd996707cbba4e070935df2e97af1ebdb66469cb0bf09d5a49,conv-42,46,1,2,0,True,2,True,False,True,True,112,112,31952,31907,32,80,0,28,1,k,2,5,26,32000,32000
c67cf4f99d135e595767179cca1cce876cad4e3bba1d5d594e32e3d2dab8fe8b,43380e5a0425fe9e8917052c4638264bb04208d386569e484b3a341db2721c51,conv-42,47,1,2,0,True,2,True,False,True,False,120,110,31986,32000,32,78,0,149,0,,2,2,49,32000,32000
1c4c72388a8e0930c9170c91f62326f682378a011616663a11d659fd7c47701b,549e096be8bb9e56179611d15e5288284cec3243928ae27e33f4c2255bd0868d,conv-42,48,2,1,0,True,1,True,False,True,False,114,115,31968,31952,32,83,0,81,0,,1,1,1,32000,32000
b0e0b32158697ba79d23a6cd8cd336e3eec9bc2e3c8247c9074b3184c5829c28,d6e2afaf3318c13826c230c8580c2731c44990c00fb7335890ec7dfd75ddbc0b,conv-42,49,1,2,0,True,2,True,True,True,True,102,104,31954,31998,32,28,44,23,2,k,2,2,6,32000,32000
2715207fe1f1624f541d0f192be48380020e8221d1cf9482fdc3a024ff5752f2,0c0aaeb016adcf0dba6ad21e69b32192df79bc69d5b2ff71fae3408422b6d55d,conv-42,50,1,2,0,True,2,True,False,True,False,119,111,31985,31990,32,79,0,205,0,,2,4,28,32000,32000
8b6a009c3d9ea30209f25596bbd9e672294203263aa4fd5a2af2db9a93011f6c,897e84050a40df8c08242952f5d46fd5711aca6498b63e3b3a9101e2060366a0,conv-42,51,1,2,0,True,2,True,False,True,False,118,110,31967,31950,32,78,0,153,0,,2,7,15,32000,32000
e2df68b5446ea69031bb053a1f2c174b1e9e10e5f1084423004c9bea4e428d98,096d4b07ddf09e43f222c2cdbd144e27557288304c225c7161037706deee8d82,conv-42,52,1,2,0,True,2,True,True,True,True,97,97,31925,31987,32,28,37,24,2,k,2,13,15,32000,32000
9e1a1be73a7975d28634a082da77a31fde088d055dfba5fd8fe758e5293a9d38,b6cc4afe2c9d3e0ad565f847b0fc806f8fb6d19a12ba9891155c8934fb6818e8,conv-42,53,1,2,0,True,2,True,False,True,True,120,117,31972,31962,32,85,0,27,1,k,2,1,68,32000,32000
45709546bc0ba26d967ccdecc38613b87a3c20fea7bd6c60906e48290538757f,b7e0910cef8bff6201cc93cd108b573e457414973281afd42d7dbf5c1897a852,conv-42,54,2,1,0,True,1,True,True,True,True,110,107,31924,31944,32,53,22,22,1,k,1,1,1,32000,32000
0bb8c16ab83966cc27014522c7251afedc317faedcf4da9e398fc46dfd73d488,f41afa992d72e36f0f3f6e74c1f05da96af0bc1237ad1342af29226affe90daf,conv-42,55,1,6,0,True,6,False,False,True,True,108,106,31926,31961,32,74,0,125,2,k,2,20,236,32000,32000
35f9d906e9b7e3290f7e5a301e589ad0a892b1c43c019b43f3894b7dfa0567ec,7312513569440ba43ed90a6e9d0a186ed01a8589d1027adc2022c803475c39ab,conv-42,56,1,2,0,True,2,True,False,True,True,122,109,31950,31950,32,77,0,156,1,k,2,14,21,32000,32000
b53ce915bdb62ca49733c1861052ee7f3fd06b0cac8c1f78ef05d1e78fcb644c,f53983e5358456b3ddaa0941f79bfb737da14146e50bf312416782ae0b729336,conv-42,57,2,1,0,True,1,True,False,True,False,116,108,31991,31975,32,76,0,176,0,,1,12,12,32000,32000
a3551164d7362aaf94fedeb8917cc1d76259749ed7535c204934bcc21cacded5,9b7a5d3d44320219231ff6733ba7bb30970f8c7225767e67663af7c0758d9957,conv-42,58,1,6,1,False,6,False,False,False,True,123,110,31936,31914,32,78,0,200,1,k,0,144,316,32000,32000
1784f1ad203a31c7d8b86711f6c6c426d045716ecff16643f845906eb6a2b6cc,f79bc4130c1a5f0b2b050cb4452c049d633438cd0c460f91dc26975cba881e77,conv-42,59,1,2,0,True,2,False,False,True,True,109,110,31959,31980,32,78,0,68,1,recency,1,11,118,32000,32000
806aa7d67b74698fa1e67fefe095d818b9f3cb4eee56b0954e12087bd4d1b7ed,10c21e73d2e1bce9ab85b49790ac9362630f768a0bf9a5194f005fb459fe7e3d,conv-42,60,3,1,0,True,1,True,False,True,False,118,117,31954,31937,32,85,0,62,0,,1,37,37,32000,32000
ac84559bcd514c32229a01e9db5ed502f5bd727ce0c57cb8c72c7acd30b811cb,6b5c17fd5cfbdc303e730b518dba7cd91d0317f2f9818d52d97ea2063142c287,conv-42,61,1,3,0,True,3,True,False,True,False,112,114,31963,31950,32,82,0,48,0,,3,2,78,32000,32000
c49b9e4e8dcd7d9a9f6b912bf9a45edc1102b5d09c94ad3defdfa49a51653967,be4423e7f5031f8fd442002a50207e9cd77d9baad342e5cd40798ba63bffa97b,conv-42,62,1,2,0,True,2,True,True,True,True,117,116,31967,31938,32,83,1,25,2,k,2,20,59,32000,32000
3b2c3eec1968b36ec524b6d1be37562a129d0200adf4c641d4fdcd36dd426fc7,12830b9730cac5a9dbe9a7abd300be496c5278031d28e2e73b0c6918ce839d71,conv-42,63,1,5,0,True,5,True,False,True,True,114,113,31945,31959,32,81,0,29,2,k,5,7,62,32000,32000
ce5a083637ca2ce6ba0ce336660ef0dc05ab3311d306011f551f7c4d75774a57,21fa5543d082d74c8cf6641d345b34c950417b1468b259afdb83ee2ab8327e92,conv-42,64,2,1,0,True,1,True,True,True,True,111,104,31994,31976,32,39,33,30,1,k,1,1,1,32000,32000
c7f924aebc7207c19dff83b944f915c93a81d5a5787250b68e70b28a6177e844,a512fca7b5482b03b4e302447c5337f0352bcfb6f63c3b27ec9086ae6572e3e5,conv-42,65,2,1,0,True,1,True,True,True,True,117,109,31979,31920,32,27,50,27,1,k,1,1,1,32000,32000
021530dae37f1fcd345b0f69e199cfb5ef26fde9061601ffa56d4b6462c03351,7e719e7be5edabed9d4af6bec1a90cde406647cd52fe4b23347ad81f8986d22e,conv-42,66,3,4,0,True,4,False,False,False,True,111,112,31953,31915,32,80,0,70,1,recency,0,131,298,32000,32000
d393f309ff9c9c61792ecec0b7d2ff542614a524721a13da5c9c7fef8afd9c82,4d6479cecf55622cd9a0728a987f90c3045cc411dda0178ec37b8cca7534a64a,conv-42,67,1,3,0,True,3,False,False,True,True,123,116,31943,31993,32,84,0,56,2,k|recency,2,25,186,32000,32000
632151c796951d2a62fbedff26ffd94bd9546244a8497d01994231b111ee263f,4f00e723689e6a255b12d05bf7ddac56d678345c72df05ebcbca9a65aff28539,conv-42,68,3,4,0,True,4,False,False,True,True,111,106,31991,31994,32,22,52,29,2,k|recency,3,9,207,32000,32000
a10194172b5d9f05c2381719e449e51c78b422f331a2dc1c567d7a79f37233d5,acec4a84c008d74cf3e7e8e7739eca5be4c52125f28b748a30645d91275e50f5,conv-42,69,1,2,0,True,2,False,False,True,True,122,120,31961,31993,32,88,0,36,1,recency,1,22,185,32000,32000
50370f80902f3cea6eddecd12a888e688e9f96e803a16709e89d946ce314cb01,3c14a3061bc84190e7411a5041fb77f4c835025a292d5834ff972bac51571bba,conv-42,70,1,3,0,True,3,True,False,True,True,116,113,31943,31959,32,81,0,120,1,recency,3,14,35,32000,32000
642285dd7808bba6528b84bb31636f5664d655f26386ec7ef2c1ec714115f734,2607c3acda8805bdf6f6ecf88f477e2f40cc1cdfabd8134c29d9990118c4d830,conv-42,71,1,2,0,True,2,True,False,True,True,121,110,31931,31968,32,78,0,195,1,recency,2,9,55,32000,32000
05ac76f5e94013bf1696ddc28ae760e0352a5c2982f87e0d1eb73c92f7c9bb53,1479637d032b379edc07b07e0374622873712b2d8fb04d833e0a1f7deb3fc1c6,conv-42,72,2,1,0,True,1,True,True,True,True,114,109,31982,31997,32,77,0,180,1,recency,1,2,2,32000,32000
3e974cac1d4830a82127c69504050609003cd5cd319202da4e48e1ae37fb7efd,539162f05d34ab435f32603366e8e68b4e3f350e7c7632dee7a6e50c581877b3,conv-42,73,3,1,0,True,1,True,True,True,True,109,104,31960,31962,32,15,57,24,1,recency,1,11,11,32000,32000
8196d9a50d8d2edeeb2934babfac6d1d92a399d5f581d996449942b57c6b19f5,439c99962d1d38a4a41de205745362878bbcf20c0898af60a5a38d94649a8fc5,conv-42,74,1,7,0,True,6,False,False,True,True,117,111,31986,31990,32,79,0,201,2,k,2,40,317,32000,32000
195cfa723f63a3c2c8be971c057ed1b2ee706b9183aad19e1c4b3cc442496d32,fa05d1866f7e43cd787658097e1c732299d9481aa8b763720e5ab5bc581c6d34,conv-42,75,1,4,0,True,4,True,False,True,True,112,110,31981,31947,32,78,0,32,3,k,4,2,46,32000,32000
f7bea5cf0138b778f6df3c9bd4a9ca109fdb22adfb55cd72b8d2efbaca5c1f84,6dab22a7da7b83ea93ccfa08309358919e45a4aa56b7417fc78054d5aa1a4b70,conv-42,76,1,2,0,True,2,True,False,True,False,116,115,31993,31950,32,83,0,87,0,,2,1,19,32000,32000
b469ca4c2ec1adc42a8f2d3962cfdb374bc3574d2d64572a3ecdab5f37661fef,c9f5e231e4ef707a0b65b18d3eece392170375233eeb417dc3f58467144f8ba0,conv-42,77,2,1,0,True,1,True,True,True,True,118,113,32000,31975,32,49,32,22,1,k,1,1,1,32000,32000
a41adcff1f3869760da18c4161fb06ce0ef820aab2706c20004ecf9fd3016d82,a3a20938fface4fa990c603ee8a8e6bad383aaea6a55661ea896c94e0b7853ac,conv-42,78,1,9,0,True,9,True,True,True,True,112,105,31990,31999,32,54,19,28,9,k,9,1,36,32000,32000
c0be5dc5bb6a516c1deed9f06c5c9cac280f332ce134f31733e55c3dbd4bb891,820555b311c0a4ff5e9d424176b62a0cd928f72666e5925f43f2d911e0b88a55,conv-42,79,1,5,0,True,4,True,False,True,True,100,98,31998,31960,32,37,29,26,3,k,4,1,87,32000,32000
440de6a51273a11240f18b288c4c37ec9227a46197abb84f3660f78eabf8c0d8,6a0644302c5e39d0387a101cba8a336f1f64d833d197d4abfefbf5a39c84676c,conv-42,80,1,7,0,True,7,True,True,True,True,113,109,31975,31980,32,66,11,24,7,k,7,2,40,32000,32000
e8d5aa16ecb8323e9e87ee9d1e05ff19890b5c80fd9d011ac3cb7bb7eb167d4b,2378ad7f8dc1b5ba557080c244c9718979630dfdc72c08f9b20afd30202adeb3,conv-42,81,1,9,0,True,9,False,False,True,True,115,113,31981,32000,32,81,0,35,3,k,7,4,120,32000,32000
10e2a14d5ba7ec84d1a88b21897a015f3df7af04f811ade630ebb4b5b1cad17d,952e7249b153dbcb3312e1bc878c3e9e687c9091466aa4dc6853c1e182734bb0,conv-42,82,1,2,0,True,2,True,True,True,True,124,113,32000,31922,32,81,0,138,2,k,2,12,109,32000,32000
953e6f03e72f7983c8c6fffcea9b4a247694f0c81f9525a7797e1d427ebd2bc9,13433968f10c929879c19f552adfb3302bfd7e1998dba7f752eb6aa26bef2750,conv-42,83,1,3,0,True,3,True,False,True,False,115,112,31967,31960,32,80,0,112,0,,3,1,54,32000,32000
62073229c03f67ec206128dddfff6c3e9a733a9af543c4d6e68cce576e41a063,76ec4204dbf5cfeed450243f93265a3fa54ebf70198f2713ccf6abe1ae198ed0,conv-42,84,3,2,0,True,2,False,False,True,False,112,109,31978,32000,32,77,0,147,0,,1,36,177,32000,32000
dcf003086f310b982a492c8fbcb4c863a9e442e4499aaec84f1a68bc579cbfdd,f30d90da1416570d8399be9c0e0a68bdee004b6f3e6f78e4faf662716280210a,conv-42,85,3,1,0,True,1,True,True,True,True,106,107,31990,31932,32,75,0,67,1,recency,1,3,3,32000,32000
3fe9fe73a2c84757f08e8194a36ba074e353962b4a58c3d280bef56cc4a61327,14bceb46c3960ca21eb39dee7baeb85cbb8cb4beefb11d9a1eef5a3860923bbe,conv-42,86,2,1,0,True,1,True,True,True,True,122,120,31959,31964,32,66,22,17,1,recency,1,11,11,32000,32000
fc39bd31a145fc95bd88e759331e054c430434359bc870b590201bdad1987653,05902ec0b96d7e8b65cecd8f333ef541b58899da2dfd40c38a225995131dd89c,conv-42,87,3,1,0,True,1,False,True,False,True,121,120,31935,31913,32,80,8,22,1,recency,0,170,170,32000,32000
7b0556250b6a62f8473eab04eb4376ed2f41ba1fe940a4e2c76ca00838c49673,5e0f1e2ffdf2f04ca8bf2ced582677512c3709524faa1f1a93d253106ed46fdd,conv-42,88,4,2,1,False,2,True,True,True,True,111,107,31979,31883,32,75,0,23,2,k,2,2,44,32000,32000
1e989154811fb99819e2e13e2df4e0fadb11c5856fe60f9984b06e1b44d11f00,99c560d283e8101183f508fece3a3896020042219ac957992299173397c8fae7,conv-42,89,4,2,0,True,2,True,True,True,True,127,123,31973,31891,32,76,15,22,2,k,2,1,2,32000,32000
a32826014d81d1c187660c43433565eeaa74d9ab2793fb27a736c44b30a3050e,f0a2233548a26e1cb22d6349d463c1e108544e65b415f059f775a80f487dd589,conv-42,90,4,1,0,True,1,True,True,True,True,114,113,31926,31925,32,65,16,18,1,k,1,2,2,32000,32000
8d65e60f881387322dd26db1fb9262b408649c6bec70f6d39d4bd572c3d0d768,985e9ae087b29618b12a9838d56e869b91b32d7ac0654640f9670d1d2fc0ddf4,conv-42,91,4,1,0,True,1,True,True,True,True,114,113,31965,31904,32,53,28,22,1,k,1,1,1,32000,32000
8d6ac8b55d5e0454c70627450fc34b91086e090a98e6d62d1635f7f646c34161,a69d7b55b2d172cd0360e26438602835585680e902df5d15d600db6231b55a37,conv-42,92,4,1,0,True,1,True,True,True,True,111,112,31983,31971,32,80,0,33,1,k,1,65,65,32000,32000
2093c9aa76d6ac319e9d56a97c52e2ee64ecce996626f3e6754a131ad226e8e9,dd73ed8984fbab6cfc8175f4a3be83ef9bc645dddcb6b17393792c54a64c036e,conv-42,93,4,2,0,True,2,True,True,True,True,113,115,31975,31991,32,83,0,49,2,k,2,1,14,32000,32000
8832212f6fa8c327c297d50f380df09b24548076ca57c151468113867ee5ab88,1eed8c9320084bb79ea1f5845d1a4a4a88e458d768408d1c47a0ec779b538fd1,conv-42,94,4,2,0,True,1,True,True,True,True,112,112,31916,31903,32,80,0,20,1,k,1,49,49,32000,32000
cb7715e53ea093ad22321befca2052267a9748b8bcf6e853043deea41e974741,a0f1c00963df5540ad715eb5d380729e6d296ca3a2d8182680557c35e8efc7a2,conv-42,95,4,2,0,True,2,True,False,True,False,110,109,31998,31949,32,77,0,25,0,,2,15,20,32000,32000
c45231a551790010b1d752977c4d922da96ae1ea55086a07f8b645855e4f2e1f,fafe02715b50e6ffda2c3c01452af9ebc20a26a134736d59657521a72a69db02,conv-42,96,4,1,0,True,1,True,True,True,True,115,113,31972,31971,32,61,20,22,1,k,1,2,2,32000,32000
4e91f5738d80a26d3351df6d5a280e9036686a86dd89514b17c13abfa5442eff,696d0c84cd3ef0c100509f3ee7649748613bb848bf1c2434e75e75fc8a4adc79,conv-42,97,4,1,0,True,1,True,True,True,True,106,106,31958,31987,32,74,0,24,1,k,1,1,1,32000,32000
300b1be42895da46ca1a94a4f988a69f1ed278fab5e27e452a256c39d452d648,90967b25ffe5408313cd2664bbf2fedd125bec5e539df74e9209c68bac7720e5,conv-42,98,4,1,0,True,1,True,True,True,True,109,108,31984,31922,32,76,0,22,1,k,1,16,16,32000,32000
62fdd8f715348602c02d07a0f9d46c81ee06f8a2edad57c7537b8137a4dba7f3,47bfaffed23d9e7d70fd77ce8954bd29e73de136b1b84d114caf55cdeb25ca16,conv-42,99,4,1,0,True,1,True,True,True,True,108,107,31917,31939,32,75,0,37,1,k,1,7,7,32000,32000
005b260e6c1b09927f1090a1e1408f63b1a1b6959848c6f06905b11983b582e2,4bd5dc313d6deadaf137a14bad243842f69063564ee9e4098ccff13add0a4db6,conv-42,100,4,1,0,True,1,True,True,True,True,117,118,31933,31987,32,86,0,18,1,k,1,5,5,32000,32000
1be78c5357bc8478553131dcacaf2db0b7743c1a4e176014fe70ee5a6e2954bd,1e315f91ab6e10f6a8feb0d9cc2e8796e1de6bacdc9f97f6a143472d3dd786d5,conv-42,101,4,1,0,True,1,True,True,True,True,116,114,31951,31997,32,82,0,106,1,k,1,16,16,32000,32000
3cdc893d056ef2fc084ae55d5213247db130e6c9eb53ef87bf3ab60052bc7551,7def084793b7cfd976acf845bfe5a80445c7f6ecbde161c85a4a770bbfe14af7,conv-42,102,4,1,0,True,1,True,True,True,True,113,109,31976,31975,32,76,1,26,1,k,1,1,1,32000,32000
b1e9c3b46aa613d90adf0920b8505dd8244fa341b00db9bcd8109ee0b83d0b03,0c52fcd211887e06a6e958d2f2914eaef300ed0f1d93a6e660d2314dc64b8610,conv-42,103,4,1,0,True,1,False,True,False,True,114,111,31983,31991,32,79,0,182,1,k,0,120,120,32000,32000
569aa83fd6d41fddc2eaa5aa7409d26064f6f9efd6b6ad9a585f325192606984,496be500688c7667ae617547b8e924f1e1821aec802612b43d35e5de2396b944,conv-42,104,4,1,0,True,1,True,True,True,True,104,105,31923,31998,32,28,45,25,1,k,1,1,1,32000,32000
49768a338dc170d3eadf9933bdef9370c77c3a8b5a8bc26d03300765150c921f,940bf1a7adb056e9359be2c27b86a0f39470e7e99cef4b61464b5b1a6f7e963f,conv-42,105,4,1,0,True,1,True,True,True,True,119,114,31909,31953,32,55,27,25,1,k,1,9,9,32000,32000
a2cbfde9359c2cfe470fcdd7240f032cc7e52607ce7262f1a145e9ab808a7c4b,c457b0219e0de429cf3ccf5c3c5bfcc05a6640c643009ec95f6a613b14d99e79,conv-42,106,4,1,0,True,1,True,True,True,True,99,101,31954,31942,32,61,8,21,1,k,1,17,17,32000,32000
731134a81544a28461e7fbc49dc641fe3e638442193f6039af698c4875d36232,ef5f71a5f12f0953d92d9af744aa7e37067902a0b06797e34e074223321605da,conv-42,107,4,1,0,True,1,True,True,True,True,112,114,31932,31992,32,82,0,113,1,k,1,3,3,32000,32000
6db5d86f40cbc7eacdea542613eb13788c3a5930cd8a21bc637d15dfd9b7deef,2236c48abe25fdb2de34ac5a57e6b2ae0c8e4527c873e8fe541cd234ac84ba99,conv-42,108,4,1,0,True,1,True,True,True,True,115,114,31982,31989,32,82,0,89,1,k,1,30,30,32000,32000
939224e8caf9cb80a4e1e156e4090be49a1cc178a0b5fc23b888ff1d18af3b2c,882afa77cd1d54542a033d33a88a7fcb501336ab4686b0edf5e0acf8b1b00964,conv-42,109,4,1,0,True,1,True,True,True,True,109,106,31982,31984,32,47,27,24,1,k,1,1,1,32000,32000
35dbb5009164d93914dc4c38fa43a615c1e2e401855557304bd2338ff1831e5d,849d02ecc74c9bd2f009cb5a17b037b2ae2de8af5723ab4b55752dad87958c7c,conv-42,110,4,1,0,True,1,True,True,True,True,121,116,31998,31967,32,84,0,23,1,k,1,3,3,32000,32000
b665320592f6b8edf367a00e9329ce8949b200945dc877eabbb3ea2fecb1ba8a,c0ff2939b140b963ee97896fe2678290b9b090b9f9971f8dbcf2b5eb05a1c6cc,conv-42,111,4,1,0,True,1,True,True,True,True,120,114,31994,31871,32,82,0,28,1,k,1,2,2,32000,32000
787a650850ad11d0b7679c70ae4ece819af20fc9b28a261e6d601b1771fa9fd1,07cc214d19859c7151d6f3599cf1b3c3b36679dd1349ca1010561b26ffa76333,conv-42,112,4,1,0,True,1,True,True,True,True,107,108,31997,31947,32,76,0,71,1,k,1,12,12,32000,32000
83557c3e42be318af148d99f695f52e6498587b6491ad4730073457d7d4b067f,b227a14503e282ee854de6431aab23a4b2eea30e02f0056c18fed2c8a8499454,conv-42,113,4,1,0,True,1,True,True,True,True,115,115,31965,31994,32,55,28,21,1,k,1,5,5,32000,32000
d47be9afddf40ea9f3b31ad2b42eb95b9ea5e978ff677fd812f3d7166a69c96b,61fb44feae162f6fd3744a3c3b2bf0b1d4177cc91ef1f1f221819027027d367a,conv-42,114,4,1,0,True,1,True,True,True,True,113,113,31964,31967,32,81,0,69,1,k,1,1,1,32000,32000
c45edd6f4fb8c6ad88f9f383a5e5959eb9e49166eba5439c592bafa5be15de4f,a19224bbe444b64b9d23ee11f2014bb8d4fd414a978a55bdc5652dbbc9a02eec,conv-42,115,4,1,0,True,1,True,True,True,True,107,105,31985,31861,32,60,13,23,1,k,1,6,6,32000,32000
2f0d57891f0c523dd0e19373dce9e8a71d8d88b56cde86c1b6a16d33a6f86294,3e4875c76764c032f58407b906476e0d03fcfd4777b2d4d42167270ef273ec7b,conv-42,116,4,1,0,True,1,True,True,True,True,115,109,31997,31996,32,77,0,134,1,k,1,2,2,32000,32000
12629630156092532fdd9e635530cec629cf77399827146dea05c63cae8de942,492fe9e138f86aa06bd4c1cddfc071dcdea75fb848e953d8d117a2e510440b81,conv-42,117,4,1,0,True,1,True,True,True,True,112,107,31957,31983,32,54,21,27,1,k,1,14,14,32000,32000
3f6a0258d4eb8836ac3116ce10acbf84162d9105f9181bd9c506e7f53850bd21,b66f0cd61d2b21b7d77eebb3bcea7bd5a34e95542c9896bf024206df3efcf91a,conv-42,118,4,1,0,True,1,True,True,True,True,111,108,31977,31991,32,45,31,20,1,k,1,9,9,32000,32000
7aac0cea7cda2ac63703eb2181a286e5b0bded4e73537dc05079adcd132ca103,595588a850e632496c3c5d31b1a8af5a2eb47f0e1080b82858d7db4a2a59e6ab,conv-42,119,4,1,0,True,1,True,True,True,True,105,109,31931,31999,32,77,0,97,1,k,1,16,16,32000,32000
1b5219e81c24fed132d12bf5400516b8c2ddbe1468e921b95a700849824cd61d,a8671a0f80dbc302a04c414a67aaa982ec019dd63779068e1949758b537db7a5,conv-42,120,4,1,0,True,1,True,False,True,False,113,108,31923,31925,32,76,0,187,0,,1,61,61,32000,32000
2555c4e207e847988d3812b298294c4636ac9f2d707cbc647a184b680185e2fd,95cf969563bebfc6a9fb0f1daa23e20a72bf87b084101ea2ddd05267e0cf0694,conv-42,121,4,1,0,True,1,True,True,True,True,117,117,31946,31997,32,85,0,57,1,k,1,1,1,32000,32000
cf63c68ccb35c7f161d465191c78a76284786967af8b5373b64135b1edc0461f,380b66a438cfc691ffdbbf80f6f49a855c7e685b0fb7d2f40a12aab5eef3a0fd,conv-42,122,4,1,0,True,1,True,False,True,False,113,109,31971,31963,32,77,0,151,0,,1,34,34,32000,32000
f50d9902ea1b4dd608641996ed5d7856ae11206ad9f551c20183b659bddd5c3e,6ad6c42194ef227021d51f91a1a831eee622d6ef20ed5f21f62e6d52a23f2aa3,conv-42,123,4,1,0,True,1,True,False,True,False,119,110,31996,31986,32,78,0,196,0,,1,1,1,32000,32000
72cf92f41023d88c3c51546af69a3e9f8ca7fbaea88b9b428d26ff48c23c73d2,a081d63a24f7c73f5a619f324025edacec679362de89e7d9a706eb97a298ca41,conv-42,124,4,1,0,True,1,True,True,True,True,120,115,31958,31996,32,83,0,52,1,k,1,10,10,32000,32000
7fe71f93f8e140a34c7be0bcc8b1b33415fab524ce8cc49e30317ad01bea7b89,8ce0d702ffe200e51c90642fb182c9cb6c56ae42a3726ae57e0dc3f7672fc4ef,conv-42,125,4,1,0,True,1,True,True,True,True,112,114,31948,31951,32,82,0,37,1,k,1,1,1,32000,32000
574902a44ee9bda4219ef0c2bce8b6fb05c8e24735384ba92d8ce693e13878d2,377964be0d64fef01d02ec08e65734690211b8ff0d9156eab940906667244463,conv-42,126,4,1,0,True,1,True,False,True,False,111,116,31969,31951,32,84,0,87,0,,1,2,2,32000,32000
fc0628016808e2e3890843a105b902ff8ee789f2f8c76f59a7265aa5be952aba,402d3b43c1e74d41d8cc169090d2abdfabce700625eb865f1d9cd259e99b1060,conv-42,127,4,1,0,True,1,True,True,True,True,109,110,31922,31933,32,78,0,30,1,k,1,2,2,32000,32000
78d153b78b84d5f95f3e9fc1c6692c2f5bd495aae5357d0652c99ff2872abe83,9f7bfa24daa191acbb2f94ddc14741a1897cb557612c613df7dcd6317dd2e1c3,conv-42,128,4,1,0,True,1,True,True,True,True,118,114,31923,31964,32,20,62,28,1,k,1,1,1,32000,32000
4867b7efc4ec4425e7a01a996edf98c2409c1cc9326d524603cfdaf80e64866d,1cf479901224747d94921595f37101150dad542a5366ef0bb6e36404115027fc,conv-42,129,4,1,0,True,1,True,True,True,True,122,120,31984,31974,32,82,6,22,1,k,1,7,7,32000,32000
36d516f8f73cfb7a7994dc447242e96b91b46a4ff3eeed223ee693df3a6b281b,491551d7dfa801aa014a1a1709d6ab26d5c329d310aa6ff4f99bdd6400a927b1,conv-42,130,4,1,0,True,1,True,False,True,False,106,106,31955,31944,32,74,0,133,0,,1,1,1,32000,32000
8c7925a439c06afe2c903c618aafe7f04aa1de1d18aad6a4d7e74309145d0dcd,fec9407b00c6935f3e0c03ff539b3d20377c9f2ad4f0e5045892fd0098ba48e4,conv-42,131,4,1,0,True,1,True,False,True,False,114,108,31985,31922,32,76,0,101,0,,1,3,3,32000,32000
9e053f769ebb0cf00a40f21a4aa6e52a8d316daaba1525b42a1b5b60673e5a09,6cc73ea3f6f44a213764271d139109b792e2f835e6cd3d30991a6e4c67dbcf97,conv-42,132,4,1,0,True,1,True,False,True,False,114,113,31909,32000,32,81,0,93,0,,1,1,1,32000,32000
f17c070ad1b4c26a4e84398de926bf732f31e39d813c2fbfc485e2c1c42d49fa,4d7edb68facc49ab8f35704c6645e718e9f9448853a9883c3bc40fb0ba1f05a1,conv-42,133,4,1,0,True,1,True,True,True,True,114,108,31977,31970,32,76,0,25,1,k,1,19,19,32000,32000
86bd14960f48a837562096eabc6277867c7b5fae23c3755ef30c4d69537e4104,4a842a4fd11e2a1ebfc5bc201f34ad8dea15e39526760c14f552ab6d5d90f934,conv-42,134,4,1,0,True,1,True,False,True,False,122,111,31987,31990,32,79,0,199,0,,1,2,2,32000,32000
f8cb3b5834f6255cb8558b610ab15daa3266163e81ab4d824528ffe33fee1e3b,f23b635a7d2e2f4e73100816030ccf13dbf3dbe60cc71db83008443fc5fc3f23,conv-42,135,4,1,0,True,1,True,False,True,False,116,110,31963,31952,32,78,0,171,0,,1,10,10,32000,32000
75e45fbcf1b2b26122fdafb5b1594eba64705d819a3141dd9cdf23f3f3f1d563,c13a3d7730eb86d36ec069332d5cf194a06cd37965ca6a4cd7a998a5e9229b33,conv-42,136,4,1,0,True,1,True,True,True,True,113,110,31918,31987,32,78,0,23,1,k,1,6,6,32000,32000
28bf44f1956fddaa06bd397611fbd6585be413dd7dda46ff51875327532c7b0e,a7b9e9b1b1d51b991a387e60f9eb8beb48d8cd28a2c0b55436ecca0b9d930f45,conv-42,137,4,1,0,True,1,True,True,True,True,105,101,31941,31945,32,18,51,27,1,k,1,1,1,32000,32000
eac13f7a41f5b6865b669622f562d51b5c3ec4e64fd95868a8f5f405ab48c5d5,a5413f689cab9353aa9405e6465ab6f738f0cb4c611a46fb08a164fcc8d9a4a1,conv-42,138,4,1,0,True,1,True,True,True,True,96,100,31958,31836,32,9,59,23,1,k,1,1,1,32000,32000
4e4503eba646b12761fb980f02f42cdbbef4fb868e3e2a2cad34959cba96d67f,f5222ecb3c82265f92bffa8f8d34b85a74c5dafbac4d4a7c0316d398d347a448,conv-42,139,4,1,0,True,1,True,True,True,True,101,101,31954,31987,32,50,19,28,1,k,1,5,5,32000,32000
21dfd1f50db2b96916748b2a3b6615a7c4a791966afeacc432fb26c2cd286892,bb242cb76f3c6cf8458c47bd7b7945d37bb8e5e7530aed9360d1bfcd47851cba,conv-42,140,4,1,0,True,1,True,True,True,True,100,102,31999,31865,32,70,0,20,1,k,1,20,20,32000,32000
47d3c6f7ae974b9608053e2967b60a285b355668431dec4e45a93dbc1911c977,cace2fff3a69432165e0c3b14a8b1f7d2c9483cf0a1eb06bee83e923e0a85b8e,conv-42,141,4,1,0,True,1,True,False,True,False,113,110,31993,31963,32,78,0,184,0,,1,69,69,32000,32000
074be89b771ba9ac1a70988d9d125560556e7e26978590bb333a36b5634e1aba,8ad6422858f3c2d4ed0d9f38a26cf94bf4762f3c693caee4c728db8743aa70f2,conv-42,142,4,1,0,True,1,True,False,True,False,117,109,31988,31916,32,77,0,147,0,,1,64,64,32000,32000
27e8651f64121c1edd5534ac5d5f434437247d7339ec3229e98b9ab6867574c2,938315026bccf866a797a2bdc3d4c6c8170039641df5f60e542aee74f9b658a8,conv-42,143,4,1,0,True,1,True,False,True,False,97,104,31946,31993,32,72,0,65,0,,1,1,1,32000,32000
1ceb7c6bebd8a272be8fc25ede8bd86bdd51a41a39eb0937c51efffaa6828c7b,01d6b9d25712d7ddc26a7a1e19e205a34d283224a924a99df22ebd55d03faae8,conv-42,144,4,1,0,True,1,True,True,True,True,98,101,31936,31964,32,68,1,22,1,k,1,42,42,32000,32000
79cc009e4bf2a56bb39072f9129ff35780b7e6032dce05a7a69a81b5b573cd0c,53f9b1c72f221907d4ee69f910662c43c2e3eb9f82499a01011c00c6423f0d99,conv-42,145,4,1,0,True,1,True,False,True,False,105,106,31967,31917,32,74,0,85,0,,1,1,1,32000,32000
c180857cb9a8c4106c10c9ee480f215729ba1b9377b5d444f08d2116741ced34,17a1b8cf794d94f3c9517a52aa7fceddb351ad623f08d2585ecf569bb1823a6e,conv-42,146,4,1,0,True,1,True,True,True,True,93,98,31958,31977,32,66,0,34,1,k,1,78,78,32000,32000
2b563c837299367ccbce358225cece104e00b733432313ca129ecfd1d372c957,d69a3db387f722a721fb3b48f61e04df9969c272cc091c70b0c09dae0cec384f,conv-42,147,4,1,0,True,1,True,False,True,False,121,112,31961,31992,32,80,0,181,0,,1,6,6,32000,32000
72a4cee12c413b4c5b413af78cbacc7d18a27e76deff449bedf17e8fe0f58cd9,3d3742e27950237ab792ad3053ebd5a40dd9d92d72fb6e0f60db0398c55da4dd,conv-42,148,4,1,0,True,1,True,False,True,False,117,110,31986,31974,32,78,0,197,0,,1,1,1,32000,32000
11c2e6d049829672b06b7b9900d79a5c2b801e154d8a9b833ab48b3e3f61738e,69867a5cd79c84927c849bfe04b4be50cf67e96a90ed9177118ca2252d55e298,conv-42,149,4,1,0,True,1,True,True,True,True,99,100,31945,31997,32,67,1,22,1,k,1,16,16,32000,32000
0dc37671602bfaa9731a095229e1ccf69593d3865720fa0c1c947100ca3dd915,9e34c1bbc6cc635b7922229b0ef9a59ee9126b3d990f690c44a973738dc03c18,conv-42,150,4,1,0,True,1,True,False,True,False,96,101,31919,31940,32,69,0,79,0,,1,2,2,32000,32000
48ec9685ac517d54891eff0463ff9ba3cdf64ab5a7e8e754e85343d98ceda331,364b849cb5b8217883b7e36fc2caf3d5aca9275041d20be6d4ecf720b130ef40,conv-42,151,4,1,0,True,1,True,False,True,False,112,114,31933,31959,32,82,0,53,0,,1,105,105,32000,32000
a5ab4e6a8c4da7c2767dd5bf00ca46248f791b0d36b6945b7aa87a6e97f5237c,50f3efab1326581d81b7993c3414023a455b9229d580a41be3c891e15c95b1f0,conv-42,152,4,1,0,True,1,True,True,True,True,109,106,31964,31893,32,74,0,25,1,k,1,5,5,32000,32000
2ca9a4c93156f6740291411f7c24c3cbc53b342ecb0987b39627b2d4c259ee12,a387f0ef38c1cec5789173521f2f598674fd2f5b4789b0c0520d64687722f681,conv-42,153,4,1,0,True,1,True,True,True,True,119,111,31985,31905,32,58,21,31,1,k,1,1,1,32000,32000
996b862dbd03c7270561ee0e4f0c64cec178719eea6cb78663a316a555e3dbde,eedca060d468b58a61660caa00ffab324c99bd455e69f36d5ea7011e0bd8b560,conv-42,154,4,1,0,True,1,True,True,True,True,113,108,31982,31972,32,76,0,23,1,k,1,1,1,32000,32000
bdbc17ec6142fcf9f0add0c2bb9a177126122a95b0d99797e86b1e0cb969fd61,43c3d042a32727d4e2cd6ad0f3537e55722888e3fcaa80f6967d15c67990bec1,conv-42,155,4,1,0,True,1,True,True,True,True,118,112,31999,31916,32,73,7,26,1,k,1,2,2,32000,32000
dec1f04af42b10c6a3d86ff875e7e7a0e157a65e157dca557a05ebd583e4a3f0,73c37f4ff571eb04ae8d9b84580543a72a974818e3d3ec6b91ec4b7340f84f47,conv-42,156,4,1,0,True,1,True,True,True,True,112,108,31924,31876,32,76,0,27,1,k,1,1,1,32000,32000
1f8101e006d606f9b8e8ed66157534f58c1404441b536787bb508c31f5b4c7a3,0ec706b23762c10ae313152ddf57123905c759b8402876fd3787105636d25c8a,conv-42,157,4,1,0,True,1,True,True,True,True,112,107,31943,31961,32,54,21,23,1,k,1,1,1,32000,32000
bc534c07ba6c4f17763adb9609b897870ba120c20829f00c60121508b214194f,f6fadc3d63176c82ab6e50e95a2d7d832aa7228f2cf3b9b7704ba1802571cc37,conv-42,158,4,1,0,True,1,True,False,True,False,113,110,31972,31943,32,78,0,26,0,,1,2,2,32000,32000
fd72860b394fad4120aed16894c0acea3317c58ea31a81e0a8e8f9efe547fcfb,fb9cf0e6e33a6bad2bb1853bf084bb1d882ebaab4aa01e9acee03bd9840dac12,conv-42,159,4,1,0,True,1,True,True,True,True,112,106,31922,31967,32,45,29,27,1,k,1,1,1,32000,32000
8fef44ded6b6ffa15bdc9d3bf5e82209e0d70e191883f8d4043cc7cf327aa1c8,3618fa3a80f7ef1ae06acf3f3e44d0b4366515196b87f053831fa30fa11a740b,conv-42,160,4,1,0,True,1,True,True,True,True,115,112,31969,31984,32,66,14,19,1,k,1,1,1,32000,32000
cdd784876f7d1a35b1b9eb3bd09393c48922105503a6c2f0fb62f0941137aae1,f3b9c9585ff569af618cd0cbf71c057f441fc156a92c3befaa46963da12010ba,conv-42,161,4,1,0,True,1,True,False,True,False,99,100,31940,31935,32,68,0,24,0,,1,1,1,32000,32000
a91bd67899cda568cb777c326475fdedd26ddb7a6c0a0bbd0a6d0380e1ceb33e,7f8f23ebc52f1be64bb1b5fa9cd2c52b5cdb4a8978cce3bfbaac99c675d234aa,conv-42,162,4,1,0,True,1,True,True,True,True,110,106,31963,31959,32,74,0,25,1,k,1,50,50,32000,32000
0e13af8f8702bad5ff7b05871b6bd92f6ea3ed83c80ac01680f92d7539ec44a6,5b2e9a3a3f0b26aba600e97a912a38c4423ec49f2407e730908e5dcf3d7756ed,conv-42,163,4,1,0,True,1,True,True,True,True,115,112,31918,31936,32,80,0,21,1,k,1,4,4,32000,32000
aef45279ce16dcfb5eac09ef9a56da2416ee6b9836fdc595fd12d0ad8ff8e20f,5d755ac310fb50772ca247f1febab363dd9c6e55cfefee481f1acca4474ace92,conv-42,164,4,1,0,True,1,True,True,True,True,113,107,31981,31942,32,74,1,29,1,k,1,12,12,32000,32000
a59cbb28d7b576e1c9aa09c11494bb0c6f0f2359e972d45ce79c8b6f16aaead7,9bb52d35114d22a974be56de52f45ef4ba63823885e9e27a2073d0ef5fdbd6cb,conv-42,165,4,1,0,True,1,True,False,True,False,117,108,31931,31923,32,76,0,160,0,,1,1,1,32000,32000
bfc651639289cc458df8cb2b6b6bce5796f8033400fc382a46c0b0f55b8a8874,389d08fab23ac417dae061850df2e30907a94d30e3ef06b064cc30d9bb7301ec,conv-42,166,4,1,0,True,1,True,True,True,True,111,110,31992,31956,32,37,41,23,1,coverage,1,52,52,32000,32000
545b752a28f2ff8dfd8d3b8b82f80eaaad2a7b9d09dca072d043400bb4017e2f,1546b5e36984f568d22ca69a53ff05213a53b0968be32a9e298d9f3dd7bc2cc9,conv-42,167,4,1,0,True,1,True,False,True,False,113,108,31962,31942,32,76,0,101,0,,1,2,2,32000,32000
30661ec5226420983df107a6cdc5ac9e250f970e784bf22241a6d8082c1010d2,2caa347403b16b8b7143b3de61392a4189f719d32e799de4c4275d1d1c1f7a6e,conv-42,168,4,1,0,True,1,True,False,True,False,106,104,31983,31929,32,72,0,79,0,,1,1,1,32000,32000
8e7ede6fd8ae2155204a93da5e6f23de427045a6d88ff5f9e10af9d98f004c5e,5bc78ad70948acd7e92a137b16f4b7e88fdb6fe9da6bc93275450c3ebaeb23b8,conv-42,169,4,1,0,True,1,True,False,True,False,105,107,31982,31956,32,75,0,84,0,,1,77,77,32000,32000
5f1b477a79075377d8b6f111b9fca52381af58226c09f8412cb54fa4fc1bd1a3,6d1e65aff432b7f1c9734f534a04926dc9acfe43a2381a996551f8adb9ed436b,conv-42,170,4,1,0,True,1,True,True,True,True,112,110,31984,31980,32,31,47,24,1,k,1,1,1,32000,32000
f62d12420ea9ed10d3ed9353b7b4a7f3f03a68eecdbb48b02ba2eec23ee47ac9,fc5879c70b1469c23092506ad0d0b8708fc387673aef3925a3e66e2ba92db6ef,conv-42,171,4,1,0,True,1,True,False,True,False,108,106,31966,31973,32,74,0,92,0,,1,4,4,32000,32000
22706b92552b5ffcb6d7983c5b2c609e2a7c895591ee74e11f97a010bc602df2,6775d7418c9de5e983b88911fe5b43607333a06d83a1360eb719453ece965951,conv-42,172,4,1,0,True,1,True,False,True,False,110,109,31962,31998,32,77,0,197,0,,1,15,15,32000,32000
f966b0a745436572617c923385a4d6d8c6abdd64e36771073c99bc67ee2f4681,62c0784c968380e5eb016c85b9666c50fb929cc2c1d7f3a655321e4493452016,conv-42,173,4,1,0,True,1,True,False,True,False,115,111,31980,32000,32,79,0,195,0,,1,68,68,32000,32000
a62cfe7e71c54f790be2c201aeea3b1ecb13f486371dce7f7f3a6075cdaed77d,cc7f120c3c0c40db8fd662ab6b462a243b9ab62388450e232b1c425f4800ca19,conv-42,174,4,1,0,True,1,True,False,True,False,114,110,31957,31984,32,78,0,137,0,,1,47,47,32000,32000
752a29158b4c8991a8b1b2c058040f6fe48e9d478542fab27341155f68dcbebd,3a25e0ee1d3d8546e0d9696f39c745bf82e756b8da1e8449d9d03b5052a9b49e,conv-42,175,4,1,0,True,1,True,True,True,True,112,111,31945,31992,32,79,0,23,1,k,1,1,1,32000,32000
5a467dcf3199cfb46f282cd499d48e5f7282a143bd92335024127fe78e691a4e,b46ba3cc86f6e6665f0710489740402e8d3d6a75390e7c58b096b6179aedcd46,conv-42,176,4,1,0,True,1,True,True,True,True,107,104,31944,31924,32,53,19,25,1,k,1,1,1,32000,32000
be5f837766a8979fc915dee477ec072c25555bb72348dc0b515a1a75dcadcbe9,b5f36d5ff6557748b30c3f9620b4ba927a0a04bc1e22b10d7dc8ed7bf2672129,conv-42,177,4,1,0,True,1,True,True,True,True,100,102,31989,31990,32,70,0,22,1,k,1,1,1,32000,32000
26b41fe8ccf2eda82023763e887487a68410ec1ccebfa8147c8db4202191b2f9,e833bae023bc87b29d7ff8ddd84097eec1c3f2d3314b6450c928a4ecde40818f,conv-42,178,4,1,0,True,1,True,True,True,True,103,103,31997,31988,32,43,28,25,1,k,1,1,1,32000,32000
31e1a1bad921441e588c0a7fca6b35a2e20d18a13a450ecacc45ba620a369045,d926eeb97164e7e1beeab7ee13cd365046125489861b2f2f06384d59dfadb42f,conv-42,179,4,1,0,True,1,True,True,True,True,101,102,31966,31997,32,70,0,22,1,k,1,2,2,32000,32000
a18c608eac25d5efea5803cfef5d5a153b38a656c790cbda4677bcc462c73d69,e6be840bf10cb7cd8cfbf0973dde668e2dd8d09a770429e9a285b3f2bdfdef13,conv-42,180,4,1,0,True,1,True,True,True,True,117,113,31970,31920,32,57,24,23,1,k,1,4,4,32000,32000
0e172d797aa8ed0dcb8ef101e4dea938a823afeb5b28276bf7006d4829adbbea,fe8f9d7135e2204689fbcae36b3cd18f87bb953a537a201ceca0e584ce3bbb3c,conv-42,181,4,1,0,True,1,True,True,True,True,117,109,31971,31943,32,48,29,30,1,k,1,1,1,32000,32000
d8acdd2ddf50f2719116dc77f67a728b2f2418089f5e63688f757f94f18be429,caa9cd2b367ba3559cc35ec10f878cd3ecf3d94bff30e0c7332fa0fa3d9366b1,conv-42,182,4,1,0,True,1,True,False,True,False,94,100,31981,31971,32,68,0,66,0,,1,1,1,32000,32000
af332ec9cc49b20ee71e23a35bb4a2f1c46d6e82e4ec8ec88ccf16fac52c8b5b,473ecbc52eb6fd58d31932accc5301a918bf49cf211ad680f80878abbbc63c8b,conv-42,183,4,1,0,True,1,True,False,True,False,116,117,31994,31928,32,85,0,76,0,,1,5,5,32000,32000
e9dfc806dbbafbd05764793f62002360afdb2afb17aa2139538d89292df985ae,6894feb298548d9385b6516b67e1d28cc1ad1d28410db9aee04c54c515868ddf,conv-42,184,4,1,0,True,1,True,True,True,True,108,106,31996,31950,32,22,52,21,1,recency,1,1,1,32000,32000
08de5720c5ddf50bfd39a3eee8b843f4255ed1288cd2208ce78f59434223570f,95904171f87f830dfa934d8869f82afa2c84b9c1d464acc01ddb244f64f35a19,conv-42,185,4,1,0,True,1,True,True,True,True,113,108,31977,31933,32,41,35,27,1,k,1,1,1,32000,32000
8b298251cc0030a8bfd39720550dc928b994ecf77426e304c8370fa0056c99e0,c5706272405ac188b26646660f61ef443aa30223a8d7b6c02714b37550dcca7f,conv-42,186,4,1,0,True,1,True,True,True,True,121,115,31994,31961,32,83,0,30,1,recency,1,1,1,32000,32000
a7b432ca8c6e103c220dd370987c4387c1e58fddd682832ec3b9692ce0a84c75,c5364b5aa92773e5088f5ccfbc7e142b8dd5854536d3bde83b9d99041594d3ce,conv-42,187,4,1,0,True,1,True,True,True,True,108,106,31983,31904,32,74,0,48,1,recency,1,1,1,32000,32000
6234e4158fdb92008af4e14e53c9ad32b61731a3cc0884a7628fde233a07c586,762a738adb58d114c8e02f50137a7a8dd1179bd2b3a4e2c4c7b46650f60327a9,conv-42,188,4,1,0,True,1,True,True,True,True,118,114,31957,31931,32,82,0,87,1,recency,1,2,2,32000,32000
3a5270f8c29e7b71c995ee2c066c423c7fe5530c83ab86a7436a7ba7ee05106c,e894fce9772a3aee384c3b006ff2ce5d13a729e535365a097441160bed3d519c,conv-42,189,4,1,0,True,1,True,True,True,True,103,111,31930,31923,32,79,0,93,1,recency,1,2,2,32000,32000
f6dca94854829dc03f0b0edb267ed0222718672bc12d6f9f5cacc60f1c233e70,489af18087639c60511e3ab1852b8b79e825e003031ca9a7638b7df6bb0e1a2d,conv-42,190,4,1,0,True,1,True,True,True,True,115,113,31990,31995,32,81,0,100,1,recency,1,1,1,32000,32000
b6142801e0f29b22dd30997961ac2a017981b66dd302b0ebb34ffa222decc638,249465fad8f6bea3315f073efb86c6fa4cc337c30d965024b660947e17f0f46c,conv-42,191,4,1,0,True,1,True,True,True,True,114,111,31940,31990,32,79,0,199,1,recency,1,17,17,32000,32000
1f54a15e2f05cba577a4367fb8e79f7916029ff103bddb506701c6e2173012cb,16a5721e5b5e706ba3c1693a959f2da8c749e00b8a3f16de7d89b77726ebfa26,conv-42,192,4,1,0,True,1,True,True,True,True,108,104,31993,31917,32,64,8,24,1,recency,1,1,1,32000,32000
4ccdb4bc3627dc46dbe40c0fe8652ba77b0d49087baf1fbde97af635ea21e952,3f79fd4a5b68fb74385f92c82b2a1538d2ba94ba9b4b8073e18d20b5452a235a,conv-42,193,4,1,0,True,1,True,True,True,True,100,102,31985,31944,32,70,0,18,1,recency,1,1,1,32000,32000
55636fd865f4dc301861bc3d9d012dc1118d98194137ce471e41318cde9bab56,f619e76fa6e541152943fc19f1c60238344009099dafa0f177eb8af5b604d540,conv-42,194,4,1,0,True,1,True,True,True,True,115,116,31958,31926,32,84,0,75,1,recency,1,1,1,32000,32000
f4c9d1b1fa76eaac735209b239c201078027f991711e8becb40c8b286d4c9c3f,9dd1ad82518eaf79f1c19829266675d80e9cab326000bb6856e82993d68930ff,conv-42,195,4,1,0,True,1,True,True,True,True,123,112,31984,31995,32,80,0,185,1,recency,1,38,38,32000,32000
3f903e8622aa8a41ff984b7a54df7a70ddc1f889f38057c592ce9ac8e43ab38d,e59cf3eddb523118d5becda2d0ea055dba49daef99b42b4f75b125fe6584d45a,conv-42,196,4,1,0,True,1,True,True,True,True,115,115,31970,31949,32,66,17,15,1,recency,1,3,3,32000,32000
6dfbcbd9117c41d2f9d95945b75fa67e0234e208adc4be0de031d6f0cb4c8cbb,72e81c8d4d6594dfd2a0a68be40507611bd9af26817372f3a90ce5eddc1e5057,conv-42,197,4,1,0,True,1,True,True,True,True,111,111,32000,31918,32,79,0,87,1,recency,1,7,7,32000,32000
8713895338f9d1baabd0aab6457bf91ae7d3e0bc834fa4f2f0ef03d8a126473b,16b01b08acfa23e4de3dc8c03ba2ecbeef662cc9ef9e5ccc37d816fc2e8652aa,conv-42,198,4,1,0,True,1,False,True,False,True,114,114,31993,31972,32,82,0,91,1,recency,0,116,116,32000,32000
8c2f4fda141f6286072ded4d8cb492db9a2b603d49ffb502a6262f9a7de4ec06,49aaff111fe476b702c30fedd13d0590db970e175e77a38ce8e479308d09a3c7,conv-42,199,5,2,0,True,2,True,True,True,True,120,117,31963,31925,32,19,66,28,2,k,2,1,2,32000,32000
cdf17bac26b1f3556cb5c2bd5be93d6a5af83d592bb62b5daa289a1a947ef66b,19d359b03347489f979afb01d4bf7d5d417a084390d4594b453f93613d1a06fc,conv-42,200,5,1,0,True,1,True,True,True,True,106,106,31955,31978,32,43,31,22,1,k,1,1,1,32000,32000
312f30c7c792a58c07b13f9f7e7f2e594dd3b2b43b02e7ec705c21283b681937,e991231070798a9b60ce2ba66582ae297dc9e6670d7f0300ed825cd564aeccd4,conv-42,201,5,1,0,True,1,True,True,True,True,107,106,31940,31983,32,22,52,28,1,k,1,1,1,32000,32000
22ef4731f6f19fcd769097ad5800e79a6d51c2a09dae4cddca9c417d1569a85a,e59a38501196029f7e67437b1c68b8391cb1ff3f3901f1ff3009762d81c215d0,conv-42,202,5,1,0,True,1,False,False,False,False,113,111,31957,31908,32,67,12,26,0,,0,168,168,32000,32000
0cfaca80cad1c2f28e860ab2b3871b7644ba93eca48bff71c3824a3ad3ef6e5e,76e5e49e17828b9320d5c469859332d98cfe23c0b5fb2f629ba6cdaeba8989bc,conv-42,203,5,2,0,True,2,True,True,True,True,104,100,31984,31976,32,61,7,27,2,k,2,1,11,32000,32000
a1f673072b4123d76ecd11b03292cb8e239b939bccc43db5b4c9607c159e662b,a1a9bdb6552683a9f5bcdf6f16fdf99c78d378843368db8fc29b726c4587b45e,conv-42,204,5,2,0,True,1,False,False,False,False,114,113,31989,31970,32,81,0,75,0,,0,209,209,32000,32000
cd761884d614069be936e798187c1eaf0890c514403eca20f08132337719db0b,8495f7842e8ca6d612c68aa8c53acc98f825d863d6b058c3eaec3c27f0e62257,conv-42,205,5,1,0,True,1,True,True,True,True,115,114,31936,31952,32,58,24,23,1,k,1,2,2,32000,32000
a00fc7cea3270d4e85ec0889784c1015528dc66940e23d66bd26c4dc0beedb21,aaaabe8f47822100a3fca21794062d09985c5db7e7a0ce564c01e790c1834b7e,conv-42,206,5,1,0,True,1,True,True,True,True,106,105,31943,31929,32,36,37,28,1,k,1,5,5,32000,32000
2c650a6007debc9c8e266d029bc2124bfca6fd12c2651eb30b41fda7c5e092f0,73d5f3eef54fb0259db37ab6db7161c370a4f924965dfd9f6f10043286e7ed8a,conv-42,207,5,1,0,True,1,True,True,True,True,113,112,31948,31913,32,80,0,66,1,k,1,25,25,32000,32000
b7e4b450375a9ef2f35bb5f8b3b6b221d5aaf90ee352e8b29524a3e0ae44926a,e907856b0aaf46b1d41d89a2638bc78713d5c97521c597683eda72803e462030,conv-42,208,5,1,0,True,1,True,True,True,True,119,118,31983,31992,32,51,35,19,1,k,1,1,1,32000,32000
98f182dda18628b537d30068b8462f6cdea61019abde195e566b1f01ded38626,a1797d4f56f0ea588a0985d9b97247b97c4bab21d63c21c106870e220f631d01,conv-42,209,5,1,0,True,1,True,True,True,True,117,114,31994,31999,32,82,0,128,1,k,1,11,11,32000,32000
2be40fe424a31f7c72c218bb2b9b12cf1531ef5919cd9a2cdde2cf0d405e04c9,aa32e56440e796a7838fa4878c8ef4df0619d93d2c836209d53aa3c9c5e7e8af,conv-42,210,5,1,0,True,1,True,True,True,True,119,115,31987,31920,32,66,17,22,1,k,1,37,37,32000,32000
97f46c06890f4eed4b19d706295892a1d68e9614d3e99e5906bbb41af17b34c7,446e0071721ba5c05072a463f2bcacd234c61895872eed94e17b554e75e64dd5,conv-42,211,5,1,0,True,1,True,True,True,True,117,113,31975,31981,32,81,0,32,1,k,1,1,1,32000,32000
086c4b6664d6ebca0100f9824f5c704819c19aa120deebda0cd4677a0714a166,94389579479f25f5fbcf59cea916029a708d4984844e05174ebf2e0d90cebe78,conv-42,212,5,1,0,True,1,True,True,True,True,115,110,31999,31978,32,33,45,28,1,k,1,3,3,32000,32000
160e57b9c18e44f2592adf9b5e1af778c415992be24cdc2476eba933aaba9ef2,c52d952135c1101c349b5157669e3ddcc279ff15773660b046aaaa06a004f4ab,conv-42,213,5,1,0,True,1,True,True,True,True,117,108,31992,31909,32,69,7,30,1,k,1,12,12,32000,32000
b652180f9f1f51fbff46833a1070abf1c4dca0a6705497dd1fd30283aaf61fc4,0fc61b763a44320faed7932730d5625569713fad025db54d9ddd62dc173f2097,conv-42,214,5,1,0,True,1,True,True,True,True,116,111,31968,31921,32,79,0,120,1,k,1,62,62,32000,32000
04c098ba4cc048cff425a9346c580d9b25d616cdda71ed019ef1a3dd9f7bb2af,9d21517c4c285cfbdfabb752acf29da8bcc471af752a3343bd063930684bf251,conv-42,215,5,1,0,True,1,True,True,True,True,117,111,31982,31958,32,79,0,96,1,k,1,37,37,32000,32000
6b826b8f018269da266fb295805394fb6e7c791f1bf3353d4b084667e0d34198,ce4c7590843991144c6d4888728bf1eb260f7e412eabd2704eeae2318287b614,conv-42,216,5,1,0,True,1,True,False,True,False,117,113,31909,31983,32,76,5,25,0,,1,94,94,32000,32000
309eb55e270baa3a613816aff2c0f7919e28439927752713f75c233b245c2be2,7599d6c6bf7a283bcdc6f1a9622743ccb0674922fd5fbb7f4783bb441f819986,conv-42,217,5,1,0,True,1,True,True,True,True,106,104,32000,31962,32,48,24,22,1,k,1,2,2,32000,32000
447c13a41b748570e7af05bb3663db8302c193e17bb2ef7a233df8ca3d73ac2d,18a9a0cbbe5a8c71112069f44f741f0605ca448aefddc14555ad5b99370c750a,conv-42,218,5,1,0,True,1,True,True,True,True,109,109,31931,31944,32,77,0,27,1,k,1,1,1,32000,32000
4f0d8086fb9cf079deb45eb4eac5dd2729b2d1b6c0ff940831d01357905c9cad,ea3dca5b796f8ccce0f3152ea32c1da99513eff6ab6b566263ff8736467ffa09,conv-42,219,5,1,0,True,1,True,True,True,True,114,109,31998,31990,32,55,22,29,1,k,1,2,2,32000,32000
2b311a02fa73fe45ab5f59f2e83e9cabc316274b4cc2edbe488efed4d3d5baac,9a49200d82bab5c0563660d18b9b98358832c5d2cba499f197a4516be86fc84c,conv-42,220,5,1,0,True,1,True,True,True,True,126,121,31944,31916,32,41,48,30,1,k,1,6,6,32000,32000
dc50b829677b54d9b73cef7a84850c259abb9adebb25bbc518b607cdacd77c79,7af0d853f7234a302a95fc18e177ae45f447f6d53a6b272f9c00a158be23ac8c,conv-42,221,5,1,0,True,1,True,True,True,True,107,104,31990,31928,32,62,10,25,1,k,1,1,1,32000,32000
add77c535e9fa99b3ee680b0fcdb2d69d6eb55afbb3b3d179e75c6242d6f7dbd,f882c5ca3c88524d1e2f760663285f305a54bb4bff0ab3cf05494114910b693b,conv-42,222,5,1,0,True,1,True,True,True,True,104,102,31931,31916,32,48,22,23,1,k,1,21,21,32000,32000
9981259c03847335f880fb066962cd519ffe517c6ec9faa7e6271e04cf896c45,35b750de440c8dd5cfa970ebc1afe952e11e83e906c1df10c363b490f327c358,conv-42,223,5,1,0,True,1,True,True,True,True,112,110,31949,31978,32,64,14,22,1,k,1,1,1,32000,32000
fd0a332646bc81164158e7f4764690f29f38b524d8e15263e90a7753b2e97985,e6976c998da3d0eab5c97dc55eb81c5933b7ce40e5db7020a112ac12be01346c,conv-42,224,5,1,0,True,1,True,True,True,True,100,101,31995,31975,32,3,66,21,1,k,1,1,1,32000,32000
97334cba4bf8c14a10a14157db1b2ea945865e2169814f1b0f804afce7f62e2d,8d05c5464c87d81dfb0c1e4c83300926dd46614717f3427f98fd68efe0df72ba,conv-42,225,5,1,0,True,1,True,True,True,True,108,106,31996,31962,32,74,0,28,1,k,1,12,12,32000,32000
06c1c91d71d2830570356f5f35050baf8ce43467e862064cf8dff322a6c40127,7343af3cb65798e1d4352509eee1c87c1710c1b3de3878e28a5969a02367bac4,conv-42,226,5,1,0,True,1,True,False,True,False,108,108,31979,31994,32,76,0,123,0,,1,5,5,32000,32000
c1245f65f5c27621a23249521655a072d094389c113f4f4b083b96debc369b7a,8b2b3a63af9dc3c77fae84b51fa4415dcfc564dd65f1817290f3c37f803f17d1,conv-42,227,5,1,0,True,1,True,False,True,False,106,104,31916,31973,32,71,1,27,0,,1,85,85,32000,32000
7954930d21ccac72403361809c3e314a1059af7f36afa4d140c8c8d5c8e5f055,98bbe00cd7876419ac966bcbafda39c3542f0f9c12f6b23ac7bee9bf25e7d7f3,conv-42,228,5,1,0,True,1,True,False,True,False,110,110,31975,31944,32,78,0,57,0,,1,27,27,32000,32000
729a478c6747f957b8a2de7843650af1cdefd45b804eac7e5a1ee222efebcfec,92b8cbfdc5f09ca6e6c59b601a9657421de83db13dedb826dbe171315f9b0c4e,conv-42,229,5,1,0,True,1,True,False,True,False,104,107,31950,31999,32,75,0,142,0,,1,4,4,32000,32000
aed488b1a0e0033814364002ff1dfa6e64f467f79c0c258c374870faa92cfacb,11182cfe21d07e52d9a1ade748ed1a6ff8c4d15d586cf62aaf50d1f58209ee50,conv-42,230,5,1,0,True,1,False,False,False,False,99,101,31989,31946,32,68,1,22,0,,0,213,213,32000,32000
7f362e76136842994dca14503d67266767cdd2fcb69a8acf0d708e2e575d8c1d,fe6d04d4db0855b130075d330b598c19617e65ea7fc35e0bc6224e7403374b20,conv-42,231,5,1,0,True,1,True,True,True,True,119,110,31996,31996,32,55,23,30,1,k,1,3,3,32000,32000
e1d9d65037f5e33d454bb007523869d17abe208af4c430d2eb7b1e820d218317,d83bb1af00e54a932863f07870415dcd4b361b2c6451387e493acedb018ab50c,conv-42,232,5,1,0,True,1,True,True,True,True,102,104,31949,31948,32,49,23,21,1,k,1,1,1,32000,32000
4c1bfbb23e13f424e1e9b6a891a8726a87f2bce46c9375deda6f90989bb494ac,a1ac9b0c65bd6879ac18996e20fcabfe8e3ebcef41b55993620e3ea0dde93c1d,conv-42,233,5,1,0,True,1,True,True,True,True,112,108,31986,31995,32,50,26,27,1,k,1,20,20,32000,32000
92897a271a924aa4fae1c89d65e19537dfc424f6a8680620ed9db7dd4e672e3a,dc0a3cb5ef0f1c93c9f61b5cb7bb00da60628c31336f9b86e27ac082bde9c935,conv-42,234,5,1,0,True,1,True,True,True,True,116,110,31922,31969,32,78,0,22,1,k,1,1,1,32000,32000
a26f495f6a5a1880e3048d9af010375661043e1ee941c957c31af40690d2456c,2684f43f163dc23432267bcdff04d9521d780d1335c30925f51eef4b7cd25375,conv-42,235,5,1,0,True,1,True,True,True,True,118,109,31997,31965,32,52,25,28,1,k,1,1,1,32000,32000
054beb41c62a1d7477c7782eb4e3dc98e326bf123f250944e9a96e731fc28651,0606a5f9043d1e39ed65bccbf69d4d3a009d0b79754010d2e527863b97249bf5,conv-42,236,5,1,0,True,1,True,True,True,True,112,108,31916,31957,32,40,36,24,1,k,1,1,1,32000,32000
12fab774a1faa500700269ded7d81302c2de0bf1f7e82992743039fba64fce96,8c3b7b5989b1275fde6392aa2e286d6967fda5dc1c40d7fc77ec11419e17ffc6,conv-42,237,5,1,0,True,1,True,False,True,False,108,112,31988,31977,32,80,0,139,0,,1,3,3,32000,32000
3f08d727c76b1d89842e3ec2679ea56354a9189738ff2ecc0005240186be4f21,011c246f0730416b600b172f1b58e0474c6d9c9488f26a39cd3634849889c98c,conv-42,238,5,1,0,True,1,True,True,True,True,111,103,31993,31925,32,57,14,28,1,k,1,8,8,32000,32000
0bc653c71fc0bb2ec100caf3f7339e25be745089496b83b0714204418565176a,a298322bf63a582c25c3df7f191e87d0af27aeefe534daf86a0da197f872db4f,conv-42,239,5,1,0,True,1,True,True,True,True,115,113,31961,31994,32,72,9,18,1,k,1,44,44,32000,32000
135ccaa9603ec1da81f3878d83ce95b5dbc16cfdf8eb8fe4302765a6cb1ed84e,89d9aa2e2ce7fca39e104f98beb4782c6d901138dd02f0130842a4b96a1b2d99,conv-42,240,5,1,0,True,1,True,False,True,False,116,110,31992,31999,32,78,0,136,0,,1,1,1,32000,32000
5d644411d4a41d93ac2907ed9eac1e1a682059247af92bd6e4e3a127133149a5,802757affa1e72d74d6607d41b704123c9e3250c6f02e28035ea7fb65e3b8103,conv-42,241,5,1,0,True,1,True,False,True,False,106,105,31986,31977,32,73,0,44,0,,1,13,13,32000,32000
e9c63ced0340bd817dd7be830a9347897aab5183063263ff56f55fdc7c6e9c42,a95af0b86cd6380c5f2fbc60847aff585d473fe13afb33e293918047777071b1,conv-42,242,5,1,0,True,1,True,False,True,False,119,110,31980,31954,32,78,0,133,0,,1,87,87,32000,32000
b71e303ae95c45d11b8c842df4b5c71f2596da21a4dce43a69bfa06821e959f7,9864433beb8df75921c4ccbda6283d78ef5082ba8540104700e81fe6d5b61be3,conv-42,243,5,1,0,True,1,True,False,True,False,113,109,31907,31957,32,77,0,133,0,,1,10,10,32000,32000
a84b33aad124230fe21ea1896e005b145fbae3b1ddc2d0e1e3e05d3a7b6c61d1,ce41e63e7d6823b905fec1f42f9ad808cc952dd4f7e9b9a4a792baf7f26e8615,conv-42,244,5,1,0,True,1,True,False,True,False,109,106,31921,31990,32,74,0,110,0,,1,27,27,32000,32000
78691a4175a5c0bb57b434c6173304f1b8c10d1b19ce71e41ecb02ca10a71976,0099eaa9c89ece884dc3dc88ee3a30fbdb1b769afe79f043cc14515b749e3be9,conv-42,245,5,1,0,True,1,True,False,True,False,120,114,31929,31942,32,82,0,78,0,,1,25,25,32000,32000
5166849138818a8578140493278deb56868b48555f33c7132c8357bc8dda83d2,552a4760e324d1d8481e66ed23155fe73f14a22b68e8526263ce06bd225ed4ae,conv-42,246,5,1,0,True,1,True,True,True,True,100,102,31999,31994,32,70,0,23,1,k,1,3,3,32000,32000
6e1630011f8e82c3be2fff0ec228b0c99b7d4f871e9a7411482cd714d25d6018,843f6f7ed5edfd39c44eea8e0196ace36adcf8d1aee41ca2c9ff57a40bf4d5e3,conv-42,247,5,1,0,True,1,True,True,True,True,113,109,31922,31998,32,33,44,25,1,k,1,3,3,32000,32000
c649d5ba56979eb505454d6ddd805d40d5a02728260b67b43c25de015d7b54ef,6f2ef4998ad226cd32d03b614d61bed8ee4fce372f48333d9c55b99b863ad266,conv-42,248,5,1,0,True,1,True,False,True,False,102,108,31943,31999,32,76,0,134,0,,1,1,1,32000,32000
c65161011be683e107a7eca1f55bdff4a0f0b6779544673af25547b8f8567f6f,b0cfd317ba54bb4481efff7746c62c2c5461a4da2478212964869dc2e501e22c,conv-42,249,5,1,0,True,1,True,False,True,False,113,115,31987,32000,32,83,0,75,0,,1,2,2,32000,32000
5ce4400d641bd5ff4eb93c35ed6c78b8ee2c6da8a98e0c52dc15a5e191a2a76b,6d25ae232a9fd58702b4a9f7bde1e20ebaffb49acce7a019d06f1f407635ea43,conv-42,250,5,1,0,True,1,True,True,True,True,115,114,31944,31967,32,82,0,17,1,recency,1,1,1,32000,32000
95f82fd3e2cd9e5d9f93022be1d5388e0d8da8ef2ae7720a8d6906f516935be9,53f60a4132f5bf1cc7e762ba003b1c265bf684c48ddf44377152add2787b5c8f,conv-42,251,5,1,0,True,1,True,True,True,True,111,110,31991,31934,32,30,48,23,1,k,1,1,1,32000,32000
0b657f211a0710f7851c8eb5063848f77812e247f322deb8fcf805381ca37f12,7fe9622f6d21578c2f5d158f59c10dce02331fb72ad39161fae6ebb6d581bb7a,conv-42,252,5,1,0,True,1,True,True,True,True,115,112,31947,31910,32,80,0,45,1,recency,1,1,1,32000,32000
5048a5abd5b6815036a3355ea150fbfea525827a5904890e4ce75ad4f1009735,7ca1755ebb847570cf15b3609cb951b977465086309ec068b376eed396977dd8,conv-42,253,5,1,0,True,1,True,True,True,True,108,109,31948,31967,32,77,0,68,1,recency,1,39,39,32000,32000
0848a9f4a23f21d7335d6b0d8fa419d8f462ffd57d88e5f5fbad97a649580b01,427246a9169da418e06eb426cd830dec926d061b7d7a0c3a0f373cbf17967406,conv-42,254,5,1,0,True,1,True,True,True,True,94,100,31923,31964,32,68,0,47,1,recency,1,1,1,32000,32000
2b2ff65baf67a22177bfb015dc300396b735a345366ce0aec67433a1d4be35cb,9c362baee940608aed4bbf7ab22895bbd01c00726f8a5b0a44d887dbf69a91a7,conv-42,255,5,1,0,True,1,True,True,True,True,112,114,31990,31992,32,82,0,78,1,recency,1,11,11,32000,32000
9f6d9aae6065a33e54154fbe4b5a7a86873414e6a9244be1d260f80eced2d7ae,7b30c955ce420d170081f4dace7a10312a99ba4138ce5d418026750e3cb58773,conv-42,256,5,1,0,True,1,True,True,True,True,116,113,31999,31855,32,81,0,22,1,recency,1,1,1,32000,32000
c1d04c5442c943f79ba67831d344796e950927c27c86d4472be3f5a930940a06,a9b5a984aae43ba9a8edfb1e830dc64e3f82a2a8669fd3573664d99dca330318,conv-42,257,5,1,0,True,1,True,True,True,True,111,109,31971,31981,32,77,0,23,1,recency,1,2,2,32000,32000
039a1abc8b84f9fc3c486c36c89ce018d124cff5e311439dc7734b86786c139c,64d15e7adf1301362b23b4c347980fe5f574faf0f2dfae3d3847f321853407b6,conv-42,258,5,1,0,True,1,True,True,True,True,107,106,31994,31926,32,25,49,20,1,recency,1,1,1,32000,32000
ba87951197610fb428ff07e96f2223b694035fcc1d525d006584e8676655a8a3,203e3c9bf6d532dc440dbd3d594992bb4231af8a4d7cc5c2cbeb00b703434e25,conv-42,259,5,1,0,True,1,True,True,True,True,108,106,31995,31991,32,74,0,58,1,recency,1,16,16,32000,32000
18672216f347e70bf361793e67b2c52466f89f941e3da5c493872f69221ab3b1,671bb4ca497b3603e394b9b70719af4c821c70c05f9c33e9acd264d38c187120,conv-47,0,3,1,0,True,1,True,True,True,True,115,120,31934,31976,32,61,27,20,1,k,1,26,26,32000,32000
127c54353fad90c9169f95326b94ad11bd99a2b0f9b085fcedb3c2946e9c48bc,97d9b3bd60216137b54f4d8176c9ea48cb1a14d4b6541e9c5caec395c6155679,conv-47,1,2,1,0,True,1,True,True,True,True,103,105,31912,31988,32,73,0,24,1,k,1,17,17,32000,32000
24e2129ee8d5254d4dc1d71d604ce5a0244536ca52a3ea86165a736f18024a49,caab4238fe0fb497c54ed9bc9a7f4ed2505ae3909fbda89f7a63c63bb56d6589,conv-47,2,1,4,0,True,3,True,False,True,True,121,109,31997,31959,32,77,0,145,1,k,3,11,118,32000,32000
36fc62efe714a0605a8183cf4bbd8d91eafa458babf7955450c5056bdb669e78,ea7e3a199608c6b3fb537f51a3c323163130c23ae82fda7ab232859a0a8efca8,conv-47,3,1,2,0,True,2,True,True,True,True,121,117,31922,31985,32,85,0,72,2,k,2,15,16,32000,32000
539afd11d3c0888f4dff8df35e178fc4317237e05f49440a96d77263f9dc272b,23ddfe994925c0c168ccbec24cdfdc18f89c45ca1d35d345740b0e8c3db7d4fe,conv-47,4,2,1,0,True,1,True,True,True,True,99,99,31984,31895,32,3,64,28,1,coverage,1,8,8,32000,32000
7c4bfb5e3709ca346f7d39ce50e991b1b950a57a3f32fbc58e2c2f88528a32e9,3df207f35c0691b61f67cdb792a011792b1af131744e619fc69cf196e7d51464,conv-47,5,1,2,0,True,2,True,True,True,True,104,108,31968,31997,32,76,0,146,2,k,2,5,44,32000,32000
98f714e2745c993f6f7f662f880b345d5ff63a7ac64550acee026c8966a60554,a0755b3dfe3c59d0c24c4fc878431ea864c329b2abb937fefb35caf77896af89,conv-47,6,3,1,0,True,1,True,True,True,True,120,119,31924,31963,32,11,76,23,1,coverage,1,28,28,32000,32000
cba0ae46eb932820c6a0279fc89d4cceda47d76a8a244bb54195d64aff2b87dc,e4e1ed868924c787de32b0b4678b186f40858f23d874868eba0b1a50f873e0e5,conv-47,7,3,1,0,True,1,True,True,True,True,114,114,31956,31958,32,12,70,18,1,k,1,4,4,32000,32000
35f9fbc184908b9f77c60c50dc954326220362497fd335175abe7f38beda8a84,77b6c75b9aea21b4f4acd896f7244e169041d6295041c014ef0484589627b1cd,conv-47,8,1,3,0,True,3,True,True,True,True,123,123,31956,31993,32,65,26,16,3,k,3,16,23,32000,32000
d1a2ac1006cb3091aea3f32e80588bbdcd1c0a9cd3c0a5b5db17e5e2014c6425,e2707a62189595656d6dd608ab40bc57e9aedc04a87350d16fb0c4f611e16fa1,conv-47,9,1,2,0,True,2,True,True,True,True,123,121,31971,31929,32,85,4,15,2,k,2,16,17,32000,32000
862ddeb92308647f4ecfb80d706360bc437d6f7749714fb6e2496f062948a7a1,8dc4aafeca2e284b2360490e3d73e5358682ce472363ab873caab2588692419f,conv-47,10,2,1,0,True,1,True,True,True,True,117,116,31994,31984,32,38,46,20,1,k,1,3,3,32000,32000
a0c552bf3d74a2dfd73ed0f7b3c39acac518147f311d6b839e38df0160aa4d62,48b13c143ac16e4fb888bcd8b3d7dbabcfe9391b83330d22763a75de1bd58e8e,conv-47,11,2,1,0,True,1,True,False,True,False,111,114,31997,31965,32,22,60,20,0,,1,105,105,32000,32000
94e9604346a5fd37820858ae4993f82a0933f809d49a471f16a8335a34eea9e3,3a1c81dcfe5eb15f6f1f5b50efdb85899084cb9b6234714b549399602c3f1054,conv-47,12,3,1,0,True,1,False,False,False,False,118,115,31915,31980,32,41,42,22,0,,0,139,139,32000,32000
13b27e57d2509d7544bf2c139d6439900f7bb3a5538768330cccd4e10da7a577,73b1c144a5797352806d4244f06beceb4b693393439725a35e9a1731423cbe8d,conv-47,13,2,1,0,True,1,True,True,True,True,117,115,31925,31871,32,13,70,22,1,k,1,16,16,32000,32000
8cc8f6c478642e2eb615d4e9c02f16ba0e542aa3da47d29869df0d9e7027f009,d74d9b74636fba442311d36c65ef7f9a0b30516e6c7e1d0ff02b7f523231e83b,conv-47,14,2,1,0,True,1,True,True,True,True,104,105,31996,31973,32,72,1,24,1,k,1,1,1,32000,32000
13168332ee1c1bdf76e9723905af7a6fea17ff4354d31596284ad05e57f04b05,bf6ac3a7e5a909eec4b68d1d176204bb6e4f68ec690a6b031cbb82c703937b77,conv-47,15,2,1,0,True,1,True,True,True,True,98,99,31987,31981,32,12,55,23,1,coverage,1,45,45,32000,32000
f3d0a5898c6e8026e24e99c66b55e2318caf38502819f3456b9a251c5cb1ec32,3bba539f9a6b1e05e63de6f4718a8ece228bb81ce95593b39eaf5c9b8b835512,conv-47,16,3,1,0,True,1,True,False,True,False,102,106,31927,31930,32,74,0,147,0,,1,1,1,32000,32000
69a35d16d2931a759e2f772f4a064c892aef79e222cd776aa567bcf9cff6852a,2d5258edf182dbc1b87bfaacb33b73361475f3640e31610d2f3721647e5b0067,conv-47,17,3,1,0,True,1,True,True,True,True,105,108,31946,31937,32,76,0,65,1,k,1,1,1,32000,32000
80b0ad6a162115cef3905129956478a40f12e41f11e142ff8ccc3b7f65a23219,5f2b8f887bf03be4c76aa3a90b6217fa2801a2e3dab01e9a7856f892fc3083d6,conv-47,18,1,2,0,True,2,True,False,True,True,117,111,31994,31958,32,79,0,139,1,k,2,19,28,32000,32000
48e3e4d10f4b058e6401826744e4b579928cd11cfbea203ed8dc6e6747d79926,4abefb020714cff9a60ae8e12721403a6ce1a11fadd2b12a5132d620379dc042,conv-47,19,3,1,0,True,1,True,True,True,True,114,111,31972,31918,32,79,0,64,1,k,1,77,77,32000,32000
4cbc6cbb44f9661f687619ccd4cd2b565d8114afede985faa29b0235d39c39bb,c330a2113fef4cd48061c143472148e45ca673d3816ee60368a5b09e4d70a1d1,conv-47,20,1,2,0,True,2,True,True,True,True,95,97,31933,31935,32,11,54,23,2,coverage|recency,2,2,45,32000,32000
f4f17d364c506e51f53cc1b34baddf9f68f5ce394ec6eb140e0732b2ae2d77b7,401b79b01a207fa93442343fb99f27d1ad5bf1e58cd97754a1b93cb44a489ce2,conv-47,21,2,1,0,True,1,True,True,True,True,92,97,31992,31951,32,23,42,20,1,k,1,27,27,32000,32000
ea5bd84ccd9eaf4cbe6a349d3d869962fad9114cd10e1e2f2f90d3d82be0b823,757a5339d32190c46b33de9b720d2260972f62e7e97babddc827fd1603665feb,conv-47,22,1,3,0,True,3,True,True,True,True,100,99,31968,31903,32,9,58,25,3,coverage|k|recency,3,2,26,32000,32000
f674d2ee066bc1cde0f851fff46ceb75be3bf0eac30668535b7d3cd0a642839e,a8c362a92262103a1d805c52aa7d7876a2dd8a1abbadffa2f9686ae0103478c2,conv-47,23,2,1,0,True,1,True,True,True,True,113,114,31927,31925,32,56,26,25,1,k,1,17,17,32000,32000
b32919131416fe5b56f45a863baa2e2e03c0c73500495f31dc2dce81102b0280,a70f346453aa4d24906b4755f056208e8820031297a30f9f21a9b166244abd8f,conv-47,24,1,3,0,True,3,True,False,True,True,94,103,31981,31984,32,71,0,69,2,k,3,4,46,32000,32000
5f971dcc43d8788ac57ac57317cf12a80e4b407d42aed11307f9ba6bd3e3c63e,c43660769626ed7fb7bc1884f2dd7b124f37aa2885ce3b617f669e38c53bcbab,conv-47,25,3,2,0,True,2,True,True,True,True,116,115,31944,31926,32,83,0,85,2,k,2,4,19,32000,32000
65cee02b5a549d5271ca85f32cf840eb9895ec2e41647fd6c51e72e85b998767,a5e05759a1c70fc0c99c433d12c8714c55d41e2563233852d2791b59c269be54,conv-47,26,1,4,0,True,4,True,True,True,True,117,115,31977,31993,32,29,54,24,4,k,4,1,22,32000,32000
5f4f61dd574b182246df363c8cc77259001b804826c6ef2e26989a862c499a21,81f83ed4fdd22cf7dec75682efecc4aa69af4d5f8385309ea6970b54bcfb3cdd,conv-47,27,1,2,0,True,2,True,False,True,True,114,116,31922,31958,32,84,0,55,1,k,2,11,29,32000,32000
8b66331d7d0a2ff18c362616f0441ce1ac80125fc6b6fe72f16d442b59e34f70,338395bbde00be5e0478691aefdf7f74ed16df54269e359d9957b06445796b54,conv-47,28,2,1,0,True,1,True,True,True,True,107,107,31947,31962,32,47,28,23,1,k,1,1,1,32000,32000
033389617e97e235302b11585d2d62d06b5379431ef1e1da31ec4a538b9d4dfe,fdfe497ebcad2a8171f25bcf21a88a9ce7d001c4a5d0321b8c150055311bcb43,conv-47,29,2,1,0,True,1,True,True,True,True,119,118,31981,31979,32,24,62,21,1,k,1,1,1,32000,32000
6825957a73afc533e8bb0b112303de34350b2ffcd3f911b4e255bfbf2ae1dd0f,26fd33300596da2d70a92de9d4a8a9a750406ab6743fd06dae1dd3e8cd83b421,conv-47,30,3,2,0,True,2,True,True,True,True,118,116,31986,31998,32,6,78,22,2,coverage|k,2,1,9,32000,32000
19a48a5e6c82b817f856647559721be872d2f6be6b6564bbb90466517fde3ce1,4d75ba533f730f974ad654413d32c5550aff7ea1d6f196f1ed1128ac12e3e77b,conv-47,31,2,2,0,True,2,True,True,True,True,113,112,31954,31928,32,11,69,21,2,k,2,1,3,32000,32000
c55bc907660613c94dfc75cdff5204f16023c381dfbc7eb7763e62edc26e2ca0,ae46ade2698bfc400cb81c7d198be928ca49f741ab439f0e5496c1a547f6f946,conv-47,32,2,1,0,True,1,True,True,True,True,118,114,32000,31976,32,25,57,24,1,coverage,1,44,44,32000,32000
841358e8d773b3a11a85363576315dd91b820b87ed10bab67d60c85769a60363,fdebd6c60f62ec9fe2adddf8745434320b50b101eeb5a82bd75b8bc4c935b654,conv-47,33,3,1,0,True,1,True,False,True,False,116,115,31988,31995,32,83,0,92,0,,1,18,18,32000,32000
873d89abef52715d41955c4ab50737755965569dd31921219143c8c477bb3bfc,75a0606c54e5c628f3bafff9b6db0fb877bc6647f622e1b9f8c200b0779dbb1d,conv-47,34,1,2,0,True,2,True,True,True,True,115,113,31990,31954,32,12,69,22,2,k,2,2,3,32000,32000
74f96fa5cda0f81f1bef73364289461da5f94e1a573eb8469a94cfb8be608863,e1d4824c9bb1bd7fa4cbd76a5583836f59d77b8fed709a02070f5bad417d718c,conv-47,35,3,1,0,True,1,True,True,True,True,115,114,31936,31903,32,15,67,21,1,k,1,3,3,32000,32000
9617e94e6792aa4099d6eb44d7153ed9b8f3f6ed8ea656fe44d9249a0c03ec03,a4cefd46cd7f577fb890a41e84b582a9d5ef61c2a667c5e3ddd6fc6a71282a18,conv-47,36,3,1,0,True,1,True,True,True,True,131,127,31935,31907,32,1,94,26,1,coverage,1,23,23,32000,32000
eea8880df2bec6d594d976271c226fe729f983feb0635080a14cd3ef9e092d9c,374be9117e73071f5eb249c3c42aaa91413bc62aebd0a30ed06f5ab7a2d3e732,conv-47,37,2,1,0,True,1,True,True,True,True,100,105,31998,31848,32,31,42,17,1,k,1,3,3,32000,32000
f14e773493bb70c33f7cad451646155d8ff4ec2ee236e21a15f1fe1a2c93ee72,29e4b7c855142832f8bbe2a2d37694aa1200f3cdf5bcb85bcf04ea6257256817,conv-47,38,1,2,1,False,2,True,True,True,True,104,108,31925,31988,32,23,53,22,2,coverage|k,2,1,50,32000,32000
3256d69d49294afac18a9c283666a89e956460410f5e12f828469bd70aa8a4ff,7d149f7c19fc5a29429a9694caafc42438f278f4d92f5d9b070ee5a92c3d81e7,conv-47,39,2,1,0,True,1,True,True,True,True,95,98,31934,31963,32,7,59,25,1,k,1,1,1,32000,32000
d1e308d0c25a042dca79e61405789395009797a9f09d09e17c18c745be4bcd18,de5298acb6f251c8777d6278f6c39d64250ab16befc384970de159f8ce66f98e,conv-47,40,1,4,0,True,4,False,False,True,True,116,114,31972,31963,32,82,0,39,2,k,2,1,272,32000,32000
38732cf6d01ae76d6b3c01583cd17c652763390b1ce295a4e3502f409a1f172a,764c4de8acc907b67861eddfb99cd076c5756f91de1f892edb6a52878abac79c,conv-47,41,2,1,0,True,1,True,True,True,True,121,121,31969,31969,32,74,15,18,1,k,1,35,35,32000,32000
b9b42c9148367439c3815e37080a8017116062bf782904735b5dd11c22954869,40e0ec63a7fb98030301202bfaa7507df32d7d1fdd9cb2c0895c1f54fe6f0d97,conv-47,42,2,1,0,True,1,True,True,True,True,113,111,31930,31879,32,57,22,21,1,k,1,1,1,32000,32000
15f6598bd6269657d95895c25792a4c08c957810a9b7076bbbce3011d649459a,35881850a8d5261d4c9cdb2ca668482d01efb01826ec12a3f1ab7f9f5be45629,conv-47,43,2,1,0,True,1,True,True,True,True,111,112,31933,31998,32,30,50,21,1,k,1,1,1,32000,32000
0de69a582f4908487262084ba364e78b4f93915460db4803f89f40717b26eda2,bcafca232628b6a7db6fa74a5fb6589c2c311e171f5ed91d82899c2a779a198e,conv-47,44,3,2,0,True,2,True,True,True,True,107,109,31992,31948,32,25,52,21,2,k,2,1,7,32000,32000
7f91ac24aa44b6099bb0e522c4091381953035991f07ba680da2f6373a94f46b,dab8ae7aaa4410543e60c35d32ac1c5cab7d0da6f00f0cefb16ee532481cd47f,conv-47,45,1,3,0,True,3,True,True,True,True,110,110,31986,31976,32,2,76,26,3,coverage|k,3,1,3,32000,32000
dc30824d53a1364d4c96fd96f14e0bca8bfacf23d51c48359e7799a9ea8a5645,aed3cee2a6369f68bd3e8f2233825a618b47a893480da5e11cf1995283c780d1,conv-47,46,2,1,0,True,1,True,True,True,True,114,117,31984,31908,32,78,7,22,1,k,1,4,4,32000,32000
c72c3bf1c7fb056ed8bf174ff19b81f0135dc7fc98d167989647158cb9d590f1,d8cb415db86d06cb5a678d967f7c44789a7967635960b449837f15a497b6b455,conv-47,47,2,1,0,True,1,True,True,True,True,120,118,31951,31985,32,35,51,22,1,k,1,2,2,32000,32000
76bc4a731506bac26244b2437bd6bb63e12068dd8fe0f754c0b8f662234ac696,b50c037dff432a48d72bfc799c3eed2a936c4e51bc7bb7be306eea4f85757cf2,conv-47,48,2,2,0,True,1,True,False,True,False,108,108,31960,31909,32,76,0,83,0,,1,1,1,32000,32000
1bf8cd1d64c28cdcbc9acb1e374675bd768b26491e241e06cb2c6867f29b7a3c,41df03bd1eb59675259199065c4a2e853435ce4f0b218e162849fba9d530f10c,conv-47,49,1,3,0,True,3,True,False,True,True,94,103,31954,31989,32,71,0,52,1,k,3,1,53,32000,32000
d9dfbabbc889129a614e076c581c6edc3abc0021c55c844b56bac5b2e4124acb,fd0da59edf42c34dce375086e0b5d9f10a9ebacfaaa908983543dd05e0fe788f,conv-47,50,2,1,0,True,1,True,True,True,True,105,106,31992,31917,32,17,57,23,1,k,1,1,1,32000,32000
fd5ad44e43efc75b2638598d74229647fdd7e3ed33dceb58e4b25b86d6e50f6c,adfc241a3d25e746565ebc17e3a2bfd1a14ba1818567bdf221b5db3eac056a32,conv-47,51,1,6,0,True,6,False,False,True,True,92,106,31994,31999,32,74,0,159,3,k|recency,4,3,243,32000,32000
c4643577b06522cec7b5c27245cd7f60ad138e44e83c4c1780518bdc971a30e8,7077883623421ec448d86bf2f76f62aae9cc92c500a78825e446ccd9f12346fd,conv-47,52,2,1,0,True,1,True,True,True,True,91,95,31987,31754,32,40,23,20,1,k,1,1,1,32000,32000
bc288faac117b881b882d4d677101ad05be7b1e9e29a5d44b65bfc80b7179ca8,b4fd0c62fdb747fe685c016fea5e9342b586df213b637d9492c63e152b51485d,conv-47,53,2,2,0,True,2,True,True,True,True,92,96,31940,31982,32,33,31,25,2,k,2,12,30,32000,32000
260aace10f5af4e07b963bd7dd63786228190f4d6c809554a128566bd89c8af6,139cb23fe210f1ab4a666302938dbcbad5aaec74f732151b033cc9c7204ee592,conv-47,54,1,2,0,True,2,True,False,True,False,88,95,31956,31911,32,63,0,32,0,,2,7,86,32000,32000
00f0390d17eafc419028159def46a7baf74b6c9e03c6eab414ae47dce568b0ac,b072e483e9de2b0595e8c3f83b6ec778908dedc6564edad2adc44f4909268fca,conv-47,55,2,1,0,True,1,True,True,True,True,84,93,31989,31991,32,49,12,18,1,k,1,1,1,32000,32000
3fc6ac3b3924e5279a3639b6b0b8cc73194c18ebda792236627550c7488fe2f1,b08a508b259e6052f934f87815cad2b2c67eb4f200839518b95eb1e5ea16a425,conv-47,56,1,2,0,True,2,True,True,True,True,114,111,31920,31946,32,59,20,24,2,k,2,1,2,32000,32000
52949ad9760fd61c1c8f41ad8910c9553d502d44223dfc6884d0395f28e0d6e4,fed1976d42edad456855e96b194289b84953d417422622e2ea0958d9763785db,conv-47,57,2,1,0,True,1,True,True,True,True,114,113,31955,31920,32,47,34,21,1,k,1,1,1,32000,32000
8c9f592b7b8e8c601a768086ca2bdb6de99999505d6f5a2801aa0429903ccc90,7eb3f431402b0c10af27a50bc7d2e51bebf5e9ac274e8707dd4841769d5a5dba,conv-47,58,2,1,0,True,1,True,True,True,True,95,100,31962,31994,32,49,19,21,1,k,1,1,1,32000,32000
4f4c02b939adffb0fd57997a0ef1dd2cee457e499c019ef7af7346e89e119213,a215025cdd1b9a6372c68c401668ac77b5886c7d8a4d39ff17e345260b080c8d,conv-47,59,2,1,0,True,1,True,True,True,True,95,98,31987,31831,32,42,24,22,1,recency,1,1,1,32000,32000
774d39a4f15358f2c320de771b71eccfac88a84c0d04e0e5049ba226f0c177cd,d4a7d4d139657a179610ce266d0fc2a771a4a38c673d4359ee2cc81a7855f769,conv-47,60,1,3,0,True,3,True,True,True,True,92,98,31937,31961,32,66,0,23,3,k|recency,3,1,5,32000,32000
2f69c606f63a5f81d8697a242e033ff27694186bf9ed40b888c9e2d5416fcd14,ecbfaa8d7c2b098ec150ae3e94ee396d19cd25ac53fc72c70c983937da1e5e34,conv-47,61,2,2,0,True,2,True,True,True,True,117,119,31984,31971,32,70,17,19,2,recency,2,1,115,32000,32000
334a363928543ca41bae1de0015f1f57061b3bafe41548fac567c8a77a5022fc,f9734c3303689f1f9c47321f271b5a1033b98aac7ebe31af68616033905c20be,conv-47,62,2,3,0,True,3,True,True,True,True,118,117,31984,31947,32,27,58,19,3,k|recency,3,1,9,32000,32000
b8e2307cd727d8c27c0f8170d65bade5bd24d921fa28f50570472302ad179d68,51cd29d0fd30e9542ed57e388d32440a3db827b4c0f27347b01280bbbb1e6a7a,conv-47,63,2,1,0,True,1,True,True,True,True,114,114,31911,31988,32,53,29,20,1,recency,1,2,2,32000,32000
ececce2b9ae0a2cbe754a6b5adb3c2ac488c0733be309fdf0368920eeabfcbe9,d8f3c2c72fe198440c9800cc4a99c74cb1e9ed36525bef4d95230e216e8e66d2,conv-47,64,2,3,0,True,3,False,True,True,True,95,99,31994,31932,32,16,51,16,3,k|recency,2,2,217,32000,32000
c34ed42ac4519fb049c6934e9693227b0ddf12eb0561bfab02d2fea201d2ddf1,dd505dd7a3e108c442df1d2dc2398506af51079d50c44b2574ab3dfb68771f60,conv-47,65,2,1,0,True,1,True,True,True,True,118,118,31931,31902,32,73,13,20,1,recency,1,2,2,32000,32000
e4c73ecf8635f7cc0194f763d03b8e8586c3aac825c799d501edda55b376b0ac,786deda109cc2006445688e909afa5381793d387117966284c07bc6076daef23,conv-47,66,2,1,0,True,1,True,True,True,True,83,96,31961,31979,32,64,0,45,1,recency,1,30,30,32000,32000
f3b861d3784865be53da2f4f3b6eac334d2dd0a121eb07ec78694db2e0d85103,6d7b967084ca7c61f1d35d07f3fe0423b214903b2527c6ed410050dab64676b4,conv-47,67,4,1,0,True,1,True,True,True,True,101,107,31970,31984,32,75,0,88,1,k,1,2,2,32000,32000
f706b175b028a35ebfaf206c88418d99f7c34518427ade77b5a01382ac731344,484f4befcc954e22d6f3c2c61405d840efb0e1a1031ebba86c5b61fe6a45d3cc,conv-47,68,4,1,0,True,1,True,True,True,True,107,106,31917,31938,32,74,0,186,1,k,1,9,9,32000,32000
f0963e712072e60a96a508dad73de16410e655fc2246443ba01e3296181aa684,8b2ed1c623498467621411909099b97eb989ad941cd0a2a1fe521e076817f1f8,conv-47,69,4,1,0,True,1,True,True,True,True,109,109,31985,32000,32,76,1,23,1,k,1,2,2,32000,32000
2b8561d0f387080e7fdf696189bfe4b85f976e26d18ba151ec121a922cf9a5d2,14eb14fad8e59c86993626fab7ab6dc10cd8e97ca88714a4189f68b421aeede2,conv-47,70,4,1,0,True,1,True,True,True,True,105,107,31968,31893,32,22,53,26,1,k,1,2,2,32000,32000
d10414cebe0b72b4d3a7000682beba7bfc1329d52edb2baa17595ca1e8a1d8cb,4a7cd8080fa4ebb21c43fdf5db7683be89def56f63b7a32c9f7c9c9988459fed,conv-47,71,4,1,0,True,1,True,True,True,True,118,107,31988,31954,32,75,0,148,1,k,1,1,1,32000,32000
0ee2e63d9e2ef9e95d86c4c08c9bd9639586f949ec588343833aeaa2fb292d46,9ceabfda042fa7fef52cf07269490ccad77608a783856d601281ae5d3195ab71,conv-47,72,4,2,0,True,2,True,True,True,True,107,108,31979,31989,32,19,57,26,2,k,2,3,8,32000,32000
4c000b5aeaea156342cdb9d37a67ca377507b12269b7aacc6b12e30a1f22e84a,665d831ce2a7316c5ece34cd4afbc7cb885ab300d5927dc956e45007ec8e0305,conv-47,73,4,1,0,True,1,True,True,True,True,103,104,31991,31926,32,5,67,26,1,k,1,4,4,32000,32000
95e52b27923c42a58fe4600e22febd511a735b0b929e85db8f296fe227c21406,95babd54a86cd8bac4d2db0b6a04daf374eebbe60629e355dc653063428fb0f6,conv-47,74,4,1,0,True,1,True,True,True,True,91,96,31992,31996,32,56,8,21,1,k,1,7,7,32000,32000
5229e38e13238dd721f4de47dae8fb5df9604a321802c55ab3680fef8c62df79,8d3cc8b65d2ead2a91d761234792068cc323446d6b3dd89e03aee59ecd8d9674,conv-47,75,4,1,0,True,1,True,True,True,True,93,96,31978,31967,32,63,1,21,1,k,1,6,6,32000,32000
eca6a371313f48a654d2fb5a77693626897985a24c9e30829f16f3b414f31b12,4df44bfa9057fdef0792440064517a730cbc49bb1be23622f0084182e4903176,conv-47,76,4,1,0,True,1,True,True,True,True,101,105,31997,31924,32,73,0,169,1,k,1,2,2,32000,32000
e40211091adea159af6ee819677aeba4fd07194ce142322d15740f2bd21b2ee6,b3011be6c74679f7678639f09ecb63be715b76e24721d941edab53cfc550e81e,conv-47,77,4,1,0,True,1,True,True,True,True,99,103,31955,31875,32,71,0,37,1,k,1,71,71,32000,32000
b3688ffc07f19ccc93f20af98c54634fa2f15f1d473ed5bdf2d8bda922964f79,27e5d5d3bc9fd796ae462a0111ff4ec60025d3960e060a5b99ad372a322019be,conv-47,78,4,1,0,True,1,True,True,True,True,114,113,31952,31935,32,25,56,24,1,k,1,4,4,32000,32000
5b230b31039f87e45379219fd0cd9c763712b580ca94fed660551b4ff5cb673c,9b444af0149c1b0b861d239f88e2fb515c7d13ce2e4f74c4f5bd3d43a698a68c,conv-47,79,4,1,0,True,1,True,True,True,True,122,119,31932,31822,32,48,39,22,1,k,1,2,2,32000,32000
6fe956f231da63d69d20462ed9e0d77a1d7d2f2bd3c6e0c0841d05e672ef5362,43ea018a36fb2d3b8c8bee5018c60f81145c05aa21ab74954c42322ea13ea404,conv-47,80,4,1,0,True,1,True,True,True,True,98,100,31953,31937,32,68,0,25,1,k,1,1,1,32000,32000
56a19fd2e23f837228fa88754c2f014a3095a37b540dfe379d58d37d71517bda,e185decf1df07f5dc459cbbe11d42d478dbba8df3c52cf411cf771a08d6d1e96,conv-47,81,4,1,0,True,1,True,True,True,True,90,99,31927,31994,32,67,0,48,1,k,1,4,4,32000,32000
835bcd0e131818a47429ec3854f68be4f67091d8748c4325fd01d6e019b72ed5,3743d2e9b80aec6c99345d70f4b7006a03cc66294db0f01f6103b1584c24e3bc,conv-47,82,4,1,0,True,1,True,True,True,True,112,110,31966,31933,32,12,66,22,1,coverage,1,72,72,32000,32000
ef1f81daf9183393fee8ae1b90f26ccd9137a7b2fd32e00f29d0ba7619a9a0f9,1e0449de26e93ae1305c1579876d671aa5abfb8885bec23f40f1cf4a280e5b02,conv-47,83,4,1,0,True,1,True,True,True,True,114,114,31953,31903,32,25,57,25,1,k,1,1,1,32000,32000
5b5b23a948c01d77a3ca9c1f8dc5accd5fa1085ff50886a15beaa5ff19196a14,cfd4b8dc551d54f03d955f7dd5394256d06e1a5aa5d619755d93b5660dac5144,conv-47,84,4,1,0,True,1,True,True,True,True,94,98,31993,31916,32,20,46,24,1,k,1,1,1,32000,32000
31b3598a853c3e06d7842e7f715cce2b99bff2426f8ffd6b144c3be01424777a,86f79666a09b3f1878732b615d5d6d67430af930859e60f32ce9be91aa06c252,conv-47,85,4,1,0,True,1,True,True,True,True,122,118,31970,31970,32,29,57,20,1,k,1,1,1,32000,32000
f9a1e6b5dace81388f05db3f99e85d80574c719a6cb1d0cbe8116e1c1df03ba1,d465911423b95caa8c6d9532c38c733366bd390e883e21238f5eb2ff97bb53e7,conv-47,86,4,1,0,True,1,True,True,True,True,122,120,31981,31976,32,20,68,24,1,k,1,1,1,32000,32000
7fdf0314fbf57fe77a00a8c3cb82c2800761ab4cc42317faccea0a270f61a44f,6d9c915bd4b789b386f7b0e6cda7578154a14589d73ba2365dea82f87b123df7,conv-47,87,4,1,0,True,1,True,True,True,True,118,116,31925,31945,32,5,79,28,1,k,1,2,2,32000,32000
fa08d10585f711112b4d344e8610ca5acc95ef3396a69b85e09d3cacacad3f35,24abd247fdd8b948e367b7893a3b41fd061b972363c96f9a2d6a62c2baa53d69,conv-47,88,4,1,0,True,1,True,True,True,True,101,106,31924,31986,32,16,58,21,1,coverage,1,35,35,32000,32000
cee222b521445c487027c6ea1fc3300b1046ddf1d2cf414449a47a3b72419ff8,559a9ed26aa9547e2fd5d27f5662aafc6c674484f04b2b5619b82b2ef36f847d,conv-47,89,4,1,0,True,1,True,True,True,True,104,107,31917,31889,32,66,9,17,1,k,1,1,1,32000,32000
f876613e21f19f30fe03a115872e1f7167677856d0047fbfeb90eac723c609d9,68e679a249d1de9896ce7a05ee0577c8a5b9e90fd0d50de62645a954896ae5d3,conv-47,90,4,1,0,True,1,True,True,True,True,93,98,31935,31982,32,10,56,19,1,k,1,3,3,32000,32000
58a980e0a67ca43024eaaebea9c1191c836ac38c183f2c17f7cbc8c37e927239,8a83f5c589a48401d840df159380d587c5a94b751c5506f187afedcbbeb23952,conv-47,91,4,1,0,True,1,True,True,True,True,102,107,31997,31996,32,34,41,19,1,k,1,1,1,32000,32000
786f5d267155eef1a399d380721976a836b6c9aac4d2082cc8434df8367d361d,9a3a970f653bd619863658f449645ab38128192b5f6a9adf8b026e4d5596fa06,conv-47,92,4,1,0,True,1,True,True,True,True,99,102,31984,31967,32,19,51,21,1,k,1,9,9,32000,32000
2e07e04e2fce5e986523cd680a511b944ba5acca2be49c196bfbfae659a60cf7,d14c37f002ce19f0373eea7a7c19fb64013ea69e80ad49cf6828317480eaa8af,conv-47,93,4,2,0,True,1,True,True,True,True,101,103,32000,31984,32,12,59,20,1,k,1,1,1,32000,32000
143bf2ebacea84a7362a8eca854135e0739b922ae0d331a6a994fe963e1d22f9,8ec9cf41de7ddf04cdd451af9de9fd7eda831c9787588789a7f503d6ddee4cf7,conv-47,94,4,1,0,True,1,True,True,True,True,90,97,31968,31987,32,65,0,36,1,k,1,1,1,32000,32000
aab7ca448a1e117635832e2a085c41d5941dedbadebe60aa981749ffeb68ee75,d69016e1e4694b3c0c12a937a19488785113feed68ca9311e24cd01d901ec716,conv-47,95,4,1,0,True,1,True,True,True,True,120,116,31980,31991,32,84,0,32,1,k,1,3,3,32000,32000
db6439d47f43285283798380d525d6ca8f4cedbc8d780b2c38c9f9353110cdc7,64176f2e7421b416138eca3c8464ceabb28ceca46bb04100e95e04bdd93b853b,conv-47,96,4,1,0,True,1,True,True,True,True,113,115,31999,31991,32,26,57,23,1,k,1,4,4,32000,32000
a00998166aa95e5f022baa269ea95c3d35de1635379c2942f599f9c046c927a8,9ce0365fb56e9fa31945e954310f5fb31c74bfd918506846ef1b3bcefd1ba7d4,conv-47,97,4,1,0,True,1,True,False,True,False,113,108,31929,31995,32,76,0,145,0,,1,9,9,32000,32000
2a72e7b8baf3d9ce43a2849221ff5ff19f0a536aa71f37a9a09aa23416146545,300fcd9058ad0ea7d2bc4fa58f7041613f427543c82a7cdc2843c5b371359afb,conv-47,98,4,1,0,True,1,True,False,True,False,122,110,31994,31997,32,78,0,112,0,,1,3,3,32000,32000
61c41768b13d3bdd893a5b3c946ad5d361b3e8176c7eb193c898165355177fbc,e13555ae328716b5cce45f4750076d4cbaf2c9d0e3a8ce49c1b42efd179333b6,conv-47,99,4,1,0,True,1,True,True,True,True,109,109,31998,31992,32,77,0,48,1,k,1,2,2,32000,32000
74a4a0ed24134f2b4dc2d12d78ad9a577b70502a387095344347a1536e59d7d7,c26a63ceb01b657eef43ae4f3bf7587414ffe1b1f1f1f561dd25f8becd3d8267,conv-47,100,4,1,0,True,1,True,True,True,True,110,109,32000,31977,32,29,48,25,1,k,1,24,24,32000,32000
78f27ba08533e1e95ecc51a5e981998b978c6a87fb9a1490e5dc471622d38605,8042d48669e16705cb88b6322c718a1b43430194839638be8a8eb9d72274b866,conv-47,101,4,1,0,True,1,True,True,True,True,109,111,31977,31948,32,52,27,26,1,k,1,3,3,32000,32000
6f5f425ae907e3b2fd6a32ca3d9767e6241f9d9e7073a44366c50f715ba988b1,f18d9f85ec6beab83981914874fc5ceb108b8ab5a6b2cd693e3191d606205c5c,conv-47,102,4,1,0,True,1,True,True,True,True,109,110,31979,31877,32,78,0,27,1,k,1,38,38,32000,32000
44d62fef4cf436ab13f116f5b4b725d146bdbd96bd203a820c0389ab1db5aef3,b1f3797bcd360b9da345288fdfdddb307f877fe9901d7971f1ad3c5fa2a0cd56,conv-47,103,4,1,0,True,1,True,True,True,True,100,107,31980,31964,32,75,0,39,1,k,1,7,7,32000,32000
97d48f1378a716ba46c7a13d69e435af221773987fb6d603138ee0d399aa110b,a7982603777fa3d0847329a09265952ebaa27b295b853284e0c329da60401c30,conv-47,104,4,1,0,True,1,True,True,True,True,113,113,31988,31943,32,23,58,19,1,k,1,1,1,32000,32000
8582323191a147cd627eeacc848904b805a0301e2d00bfdef7f9eae4101d4576,5bea8f15bd89aa84fceba280ddf05caf595e9f20b61b56d44f1ceed7c03ee8e4,conv-47,105,4,1,0,True,1,True,True,True,True,113,114,31975,31963,32,22,60,22,1,k,1,3,3,32000,32000
1a10d87f66b3c13bff75097859d6ac03d3e1c17fbb4450f98b4e320c3c7f9442,8f36a2cdda7d940209368d702c9a5ecef9930ccd9462a5d948ca8f0910aa7cbb,conv-47,106,4,1,0,True,1,True,True,True,True,90,102,31990,31992,32,70,0,49,1,k,1,4,4,32000,32000
9435bfdbfa8036e33cc8155e700ba55a143072a0b4b8f07fd9b818cf6796f9fa,ff8303f6c64490afeca2bc879e4d4277f4b2a622f0dd2af50f74fe74cac1bebb,conv-47,107,4,1,0,True,1,True,True,True,True,101,100,32000,31915,32,37,31,25,1,k,1,4,4,32000,32000
0ba4ab87c21b1808cdcbd6400f5fa6162443a4b7d56c8bedce7c2839eb1848f6,a881aecafc71cfbb94332d38d0d0892510830913f675feb9e38b1ac7b7ef6f62,conv-47,108,4,1,0,True,1,True,True,True,True,95,100,31967,31890,32,68,0,18,1,k,1,7,7,32000,32000
544f4d72d0f8d7676df91894bc8e049bfe728018e338045315ac26dc4958e093,1d5747705f6949582c690d2dcb29c9febac67a33d05a72f4a0ad3661163553a4,conv-47,109,4,1,0,True,1,True,True,True,True,114,112,31960,31999,32,43,37,21,1,k,1,2,2,32000,32000
1f22ea9fdafe97937b45086bc4220a9d0a8c68cd491072cb6317ca5b71c473ba,a87ec21302bff0441810ef486ae5ad48aac2a666554aa01a0510191b3f33ad11,conv-47,110,4,1,0,True,1,True,True,True,True,92,99,31987,31804,32,67,0,31,1,k,1,1,1,32000,32000
52766dcb81a0294a61cfdcb3b05e9bdf00e7bcad6b6bf290c654ccd8881d85cd,c3fd7316f1374c3bbd2651c75e99fc7307edb152104d1456da6155cda24c0604,conv-47,111,4,1,0,True,1,True,True,True,True,95,99,31997,31951,32,67,0,23,1,k,1,40,40,32000,32000
1fbc8637100e337a092ec3c6c59e2c436683b608ec7c95e92198fc9226ee1fd8,24c3b59b52187efb97c1601f14eb0b1478cbdc49d25e3b814667c0fbf10d132a,conv-47,112,4,1,0,True,1,True,True,True,True,94,100,31982,31988,32,40,28,24,1,k,1,1,1,32000,32000
8bff7e8b2880d7d20a848766b75dfabee9425a89ae5961f4f11c308c436023a0,8164d09251ba3f9eb41eda33cbbd077bc0518405fcc87ab66fe4bb55097709c0,conv-47,113,4,1,0,True,1,True,True,True,True,122,118,31990,31902,32,86,0,26,1,k,1,1,1,32000,32000
dc9c71edda38cdc3ec95a18fe5480cbdb17614c461d3b5ce3511a090cefe2fa7,ee20841fad5c860f1f37ad4dbf7c202bd09d3145e5e63276253e75343a45ca32,conv-47,114,4,1,0,True,1,True,False,True,False,121,111,31996,31963,32,79,0,101,0,,1,3,3,32000,32000
d56afa81d13f2e9ef070c86bc421cb471c6f2ffcb5c67ab7946da0d3e06c5383,f6597eb607f9c74a64327e05e118db562ff54edb8655548b88a9390840f77f81,conv-47,115,4,1,0,True,1,True,True,True,True,110,109,31999,31927,32,77,0,28,1,k,1,1,1,32000,32000
e19d1aae103de0b919d5ef51bf1a685e32956c252e40e84e83dcb078a1323511,3bce3bc916d6bd1e0e266453d6efdee5812d10841c601897cec11ce1b152b1fa,conv-47,116,4,1,0,True,1,True,True,True,True,120,120,31995,31994,32,21,67,26,1,k,1,1,1,32000,32000
ceff852eb5fd6d0c45901b531373a653301e2cd66740ca6d30063c1790404550,b6e641e54ff4dfc5387ad05196e167b30fd91beb343cff5aa1fdd9b692b656eb,conv-47,117,4,1,0,True,1,True,False,True,False,91,98,31988,31876,32,66,0,62,0,,1,3,3,32000,32000
0175f462a4b66695096fc4f9151ca7e3e84e675bd4294d4ad71ce6c6e858fe16,9166a692c8e3ac99651cd3cc09cef52e9000d4055121740c6060bf5452c0ad70,conv-47,118,4,1,0,True,1,False,False,False,False,112,114,31987,32000,32,70,12,25,0,,0,196,196,32000,32000
e5ba75c35003223368c3cca1e84562de998819714b91728a888fd378b3ec2454,f59ea24c36fde11de7bd44dd71a5dfb4003fd087b362bfe4611eeed4e20315c4,conv-47,119,4,1,0,True,1,True,True,True,True,103,107,31975,31976,32,75,0,22,1,k,1,2,2,32000,32000
caa350851c17ba219fcf8d04dd1eb2aeaeb2fb7636642561dac57247dc98e7f6,401a252543300aac42dfb28fde5d659c4ad2ff5e6b0b935e8a89abf615c1837b,conv-47,120,4,1,0,True,1,True,True,True,True,94,99,31967,31916,32,40,27,22,1,k,1,1,1,32000,32000
3fa8cfb1449c05261a4f8409c515a74a47a911d1c1e2cbe4da25bacc0cd88d6e,b09a8f159866153714946c2b3b1bf0b8c476a46d8f445209cc25ebd66975c017,conv-47,121,4,1,0,True,1,True,True,True,True,110,111,31987,31965,32,46,33,24,1,k,1,1,1,32000,32000
19861434e2119d7552e2114f557e751a6be672b3171773d879bf918952e81a70,0521be61f19f3bfb58159ad4f6530cb08476d18c6c98bab8b24c98b928a4c5d0,conv-47,122,4,1,0,True,1,True,True,True,True,118,118,31941,31985,32,6,80,24,1,k,1,2,2,32000,32000
ed8ee90e3027fa0ca2b2b8308ae8f60fb6557a972feaae93a73bd781b3b2bdf7,8cbe6464dc3de0a1e42be093d24c8f5b7a0142b780bfd45efd0aea799d749066,conv-47,123,4,1,0,True,1,True,True,True,True,103,103,31991,31929,32,27,44,24,1,k,1,3,3,32000,32000
94f5f29f2d5a5e7271ead43c245f58da6f4076b1d3f50e98d7cc1547d3ebd0b9,cabfdbd0692c2a74f00bb8431ffdb5d66b8d533f7a04823a67b88aa292034a0a,conv-47,124,4,1,0,True,1,True,True,True,True,108,108,31982,31988,32,75,1,24,1,k,1,1,1,32000,32000
8e2d3abe4cba3cd6f8361ea6e5b631dd6f2ff32408a5566fc37fb40afbaebac7,b4cdf6914591e062c7805ea6be0f455d3ead5282cfccf37512497e7993bbe629,conv-47,125,4,1,0,True,1,True,True,True,True,106,110,31971,31995,32,18,60,19,1,k,1,1,1,32000,32000
0c69e249f93e086b1e2025f33355848e1a84350490389adc07b254073aa2f0dc,eb09709ea7383dccea16a3520b0fb171515c35b1397a7446910f0654098a285a,conv-47,126,4,1,0,True,1,True,False,True,False,94,98,31930,31962,32,54,12,21,0,,1,76,76,32000,32000
c8192bc3c3b7c0343f631a347cc8362acebd6d91821aa86407231c1fa2667c98,d48b6beb3c950022136e0a0a22de52d9e14b18fd5282b259af356d1608459e6a,conv-47,127,4,1,0,True,1,True,True,True,True,111,114,31926,31998,32,25,57,24,1,k,1,1,1,32000,32000
88823bd9db57f1a3195c21df433ef9c2dbb4e511956301b62242aa6aecf3d4d0,27dded6cd91fb8e0c76cb4003ba10c252153bd1d4cc817e81db683f77390f6ae,conv-47,128,4,1,0,True,1,True,False,True,False,110,110,31997,31908,32,77,1,26,0,,1,2,2,32000,32000
0a40384818c5bf2cb101a2a2eb9e946fae5448026e72f3a498456f9e418dcdae,e2c03bd4e8593f82b169329d740192ce19b0fd673bfa6b0b4212378b187ef9e8,conv-47,129,4,1,0,True,1,True,True,True,True,115,114,31960,31958,32,28,54,27,1,k,1,2,2,32000,32000
0decbf7c53b65503f737f5742e741c0e6021247f49e24d1b021f57afed6dc92c,89f13d2c8d7dac397a9aa01ec58337b6b8a3a9aa318b5e453a1fd25fa50e1391,conv-47,130,4,1,0,True,1,True,True,True,True,109,110,31931,31979,32,10,68,26,1,k,1,1,1,32000,32000
0da9682de89c5cc47c526991edf84c86be23dacc52ea921680fa5cfbe1e911ba,0e144b9076563cd2d78c1c9b9b0968cb0ff69abdc3d0e9c8bdb23de6efb8df72,conv-47,131,4,1,0,True,1,True,True,True,True,101,103,31972,31962,32,43,28,24,1,k,1,1,1,32000,32000
b44519b7cb11f59e3f4d7d92d5405af5de906a14bc17302be0f1ed111bb41050,29542381d4814182739f7b119dc7e7b5592ba507f5cd2ff932004de9b10d278e,conv-47,132,4,1,0,True,1,True,True,True,True,99,98,31971,31937,32,59,7,26,1,k,1,1,1,32000,32000
21be6ea2dc0ee14b5dc423bc0ce81202f29672f39eeefb4dd9185c6678c205b6,17998dfe4917f2e3d962731bff940c0269436a17cdf9782921fddcdc2016ccab,conv-47,133,4,1,0,True,1,True,False,True,False,97,103,31993,31931,32,71,0,40,0,,1,3,3,32000,32000
8530a5abe599597b4566b529228390efaaebb7e8a299463f2fd4935ff20c974d,93e5330d69b92a039c0630704c2e85ad944a1b10833161ebc598d0597798c20a,conv-47,134,4,1,0,True,1,True,False,True,False,91,102,31948,31998,32,70,0,55,0,,1,1,1,32000,32000
e96074b4d941ad8d64e8a1a0eb53f150b02547ad98ebc75601e916a3e73adc5b,3d3fb52b5d7255d55c45948867808216b82f718e7c08120bf88bd22146298335,conv-47,135,4,1,0,True,1,True,False,True,False,86,93,31983,31977,32,61,0,24,0,,1,6,6,32000,32000
5c4d966437cf2ad9434e1c5df6622897d26e8d81350390707429033c7d8f2d0a,9e003a10f2dff6c957affa982f90c8c307de6a62266b152d65992beb16bb7ed2,conv-47,136,4,1,0,True,1,True,False,True,False,87,104,31981,31906,32,72,0,133,0,,1,36,36,32000,32000
8ab0116f844cfc3f0188d799be9ce053473068fd3c0df29a9c17cc968f7d3677,38294a18f698d1b4b6eeaf914d33e80d032c76f127878e93a9fa9bc52b9b3da4,conv-47,137,4,1,0,True,1,True,False,True,False,93,107,31981,31972,32,75,0,119,0,,1,1,1,32000,32000
8736c16082dfbd9e2cf41ae7b46c1ea931c230c36a993c17d2fa3463dee92587,86419d7a531988185c94bfe1bb33ea14b042316305cb2c35f6502c83e7080a4a,conv-47,138,4,1,0,True,1,True,False,True,False,92,98,31986,31943,32,66,0,43,0,,1,1,1,32000,32000
07c4f0c4b2018b15f194daebb475835d2ae644711d0e574591677a922fe00a1a,a9df3a7c8b4f122eef02909aa3ce923bb07024024c8abb3d55778da32165cf1a,conv-47,139,4,1,0,True,1,True,False,True,False,88,96,31998,31845,32,64,0,31,0,,1,1,1,32000,32000
b1dea42385b8f4e35d0736971236ecb49588ab1f365de1d8a6d998a9b13b8b82,19f9362af48aef76ca6c859edf497c256fad1322dd91b9458ec934ec0934e2f5,conv-47,140,4,1,0,True,1,True,False,True,False,109,108,31982,31923,32,76,0,39,0,,1,1,1,32000,32000
bd70513c25b185207e9c996940347974d01e3ece81e58527fe45f83071f1649f,10544bf2bef808279555b7a58c955d9102fc383e01f46421f9c205cc816826c9,conv-47,141,4,2,0,True,2,True,True,True,True,92,98,31937,31999,32,44,22,19,2,recency,2,1,7,32000,32000
09223c3da8dd391422e02d4ac53faad284f30a77e63edd75f5e136aa1c799c6c,c03781116656795b485ec07941eea44f92fde18f1a067234244b64ccfd851afb,conv-47,142,4,2,0,True,2,True,True,True,True,94,99,31993,31918,32,67,0,20,2,recency,2,1,11,32000,32000
7d62ba6e846e4d6a62cca5ab44ef29565e95ccb73129ee9b344e8534b0c5ff1c,498ddcdf2bd99763cdab523dfcb3076480db9be801593a5730c4b3be6680823d,conv-47,143,4,2,0,True,2,True,True,True,True,119,117,31952,31971,32,8,77,18,2,recency,2,1,5,32000,32000
7184abae93ed9e15805aaac907141da0566f95dd1e5aac5ed55005ee988493d0,679c78aabaede6797ec8203017b75c81bf5d9f6537ee29cc208f0cc948cc4b99,conv-47,144,4,1,0,True,1,True,True,True,True,114,111,31944,31977,32,9,70,21,1,recency,1,2,2,32000,32000
5baa5b2145ef7c42a67dd383d6a13de78131241a5ac07532b95161b6491b88ca,4bcbd14c5f03b9690431735c6324b707127bbd8b01afbdf31e35e6a616db5805,conv-47,145,4,1,0,True,1,True,True,True,True,116,116,31989,31953,32,38,46,21,1,recency,1,3,3,32000,32000
5ffc3704158fe1de92c475142d32b50bb1081fe7c55427dca20a73dc10b2648b,d55fcc8df2b1cbc4ad4a6a15f41c43f8c8d57940261b1351ccefb1e39f4d9ba3,conv-47,146,4,1,0,True,1,True,True,True,True,94,99,31948,31955,32,67,0,25,1,recency,1,14,14,32000,32000
810da9027d8ac95e914f7a101f3eda2d97ffcca21acda3dbd2c23fe10ba916c1,c387e692816fb46174baddb98156254b8aafe5fc8fdb46fab1c182e807d49834,conv-47,147,4,1,0,True,1,False,True,False,True,100,105,31946,31948,32,73,0,198,1,recency,0,153,153,32000,32000
1a01ac60d778aad483ce762eabb894b76129b43f4ddb049c1f53073ccd0249a3,f9a6a513a70a9350249abec667a3e7cdc83a2bb5b8f850cd325fe44b1b3d72bd,conv-47,148,4,1,0,True,1,True,True,True,True,84,92,31927,31972,32,59,1,19,1,recency,1,1,1,32000,32000
21ed57380e4b39b24802b5914740c4f74040abfcf336ac575815a0c3a03b8c98,39af721021707c3e3df33f1a00265135adcc6c6221dc6cd75f74285e9d24cda3,conv-47,149,4,1,0,True,1,True,True,True,True,120,119,32000,31993,32,61,26,18,1,recency,1,3,3,32000,32000
b86aa1f0a8edd7a26ae528a5e5df0a4d770aee07b96e577a040f46ee32db3e09,a58f06f6489331b732e893ffd75a22b4ede4a53e6c48b166855dab14aa73c5ff,conv-47,150,5,1,0,True,1,True,True,True,True,109,109,32000,31953,32,6,71,24,1,k,1,1,1,32000,32000
d36099efac27358cbb46955a29fed825fad136b72e6d50ae62e531072dcb377c,1744fd9384d7d1b99dd2d6f104811b6c67d38d77652bcf1abf473cdbefd32449,conv-47,151,5,1,0,True,1,True,True,True,True,122,118,31998,31954,32,53,33,21,1,k,1,4,4,32000,32000
f6ee38b75f47397be0e2f7e184152b17d82deff54c4cd45e5df7b0903cbf10a0,a37d0a67af675cc9bcd02e0fe8ff023814714f20fff216377c5a42073d6f6201,conv-47,152,5,1,0,True,1,True,True,True,True,90,95,31961,31991,32,62,1,23,1,k,1,9,9,32000,32000
59b9bd128b3d728c9ff0628c7c19dcec516551f5a7fc34b0f15a8c987fbdd22c,1d0ba120c00e5854bcf6729e12c405c8636bc71c0a3f8ab0ab783fdaaa05e089,conv-47,153,5,1,0,True,1,True,True,True,True,106,108,31934,31939,32,5,71,20,1,coverage,1,39,39,32000,32000
4fbff303ea2cbd1127db6731f4dedbcb624b8a1823a4fce416204de85ac04273,ac06ee53fc17129d420bcdf3bc8330ec3c208132d256b814a93b318d3d61c18d,conv-47,154,5,1,0,True,1,True,True,True,True,100,103,31964,31915,32,51,20,23,1,k,1,2,2,32000,32000
573db2ec50984ab00ec60809cc7b69444bca91f2299d4521da0066b4764046e5,c6822f210b6681066ac0ba86cf62ab417fd336d221e42e1aecbacd7a9c5257a6,conv-47,155,5,1,0,True,1,True,True,True,True,111,112,31913,31948,32,80,0,30,1,k,1,1,1,32000,32000
8a577c1717bfd6ba12346a42819947e388dcb6b9fa4a1b9712c70c460f6800d6,d2cbf9864b8e4b1094f5a9f374346cfb5595dbb22a3dc55187e2d7450000ea1a,conv-47,156,5,1,0,True,1,True,True,True,True,102,107,31987,31879,32,4,71,17,1,k,1,1,1,32000,32000
c088ac4f38e5d7c59f4ef4fe2a3b91403642c644f572367c3e0f0def87665f19,d2d344afa1d80ac390a3c1b09bf1f6e6342c6cedc18f59f6ef4718eefef6283e,conv-47,157,5,1,0,True,1,True,True,True,True,98,104,31989,31958,32,38,34,23,1,k,1,1,1,32000,32000
b090b4cb7c9db4207ba2ff41810bc17d787c3681ee9afe563ecfe0adb30e7d4c,f92e6db780110d4e711274abd0531ca3848f46992e31c2ea7fcfaa2e97276832,conv-47,158,5,1,0,True,1,True,True,True,True,104,106,31973,31987,32,48,26,23,1,k,1,36,36,32000,32000
abaaf47bd8dc6683ba80539b58d1c22381825e310681ef8906bc0ddaf5208c07,966dea750a2788bb0a098d74045d1a52da6cbd42a6d11c50ed055f228ac9ce84,conv-47,159,5,1,0,True,1,True,True,True,True,120,118,31982,31946,32,86,0,52,1,k,1,24,24,32000,32000
d2dda55aa89c4ff1ac5e70da75776199a4fe66db56bcf10788afb6b5bcc54742,1475a0a44d547930cc036a7936cad676fb7af8e0cc30b97a03dae0033a2aabdf,conv-47,160,5,1,0,True,1,True,True,True,True,113,112,31995,31893,32,80,0,29,1,k,1,3,3,32000,32000
6bf9b72a2ea3009aaf3a9ed9308c6304afed93e03dff3454d06655e220598fcb,70079c1ff0c3bd5eab36679a930a684ee3a4d0d48e38039c3187680c9a19ec60,conv-47,161,5,1,0,True,1,True,True,True,True,110,109,31977,31967,32,8,69,25,1,coverage,1,32,32,32000,32000
aac409a09e4a77258773775f1a3a2576941e8a5e8f9c29feb0ffc1264455729c,03227c60cb829a68f4a92cc7f83b19ac608663ec906cbbc66e51410dbe686876,conv-47,162,5,1,0,True,1,True,True,True,True,110,109,31972,31938,32,77,0,26,1,k,1,2,2,32000,32000
0179597e450a21af02f361e181c3bd523e736e422f80e7f5880bfcc34998f707,ec4394c370b5d904d2b456835f70fa4c424687bc4a719853fb39c9a451b5bf30,conv-47,163,5,1,0,True,1,True,True,True,True,93,98,31953,31840,32,66,0,23,1,k,1,27,27,32000,32000
6693c2c123b7f373fb8eb1ede2c90335c17144300296c810eee3c16346f149e7,037e25d003c7a7e429a8bbd76d70e9531b720410b17bf0831ca8cc7f356de2a5,conv-47,164,5,1,0,True,1,True,True,True,True,110,113,31979,31995,32,7,74,19,1,k,1,3,3,32000,32000
14979ab0881a72246ae98928b2edd390d3bcc54683f22ffc664fe10a7e826faa,1050d3b6ecb27af0a93c3e63a545f57c7fb1a72e4b35e3ee964cbd10bc21a6b5,conv-47,165,5,1,0,True,1,True,True,True,True,104,106,31947,31949,32,74,0,32,1,k,1,60,60,32000,32000
3a08a3a62e3937d0ea82629b4df07c8061c329e94c8b371a35915d7ad1bac862,7f4353bb9c1de9c2f719a2ce281ecc4d1234efab5ec9e5c6a87bf01dbfc6b389,conv-47,166,5,1,0,True,1,True,False,True,False,95,104,31979,31990,32,71,1,50,0,,1,5,5,32000,32000
06bf20100000ca7f077b49b1a0057a7747283414b03065cde7493ed69f2310b2,0c9e0ab678da4514f44f7d9a9189294877cc8c9eeda91e99a103a422600f58f9,conv-47,167,5,1,0,True,1,True,True,True,True,115,113,32000,31941,32,40,41,21,1,k,1,2,2,32000,32000
f993bf39afc555d515794fb5f0641a4a1502b6c7d4501a89ba22a45aa4f47dcd,739b8ae0caee8f1b08fb0fa63362c82f25ae8cf36a81a36d1b7aac986c672321,conv-47,168,5,1,0,True,1,True,True,True,True,100,101,31982,31927,32,43,26,30,1,k,1,1,1,32000,32000
85e18c463973e15ae5ab58c40afb0aa10b7941dda3dcb8f0b466636c83dc6598,96d654630d44c485e0915428a284b8a38567b44b212708926202078695d0d744,conv-47,169,5,1,0,True,1,True,True,True,True,113,115,31982,31966,32,83,0,46,1,k,1,6,6,32000,32000
7d19c0fa3ffad15ccb3ec87ff94ef9d12fa2c5b56b05a0f8c10fd17ed5fb2ebc,7ead830485c21d0140290f879b330665a7681255c5b29f053cb8f009a82f2b88,conv-47,170,5,1,0,True,1,False,False,False,False,116,114,31997,31936,32,82,0,68,0,,0,240,240,32000,32000
2e3e5c075323ea1b2d7ea643bee2ecdd35c8f1318f2c585904dc0c72d4d5dd25,3a5ba26d51a7798636735fe4e7b4d7c18ed93d9a4f457b032b741016d77eba5a,conv-47,171,5,1,0,True,1,True,True,True,True,124,123,31962,31990,32,6,85,24,1,k,1,1,1,32000,32000
ce466f0816a33107d5b4a2f072308c996a0c170ff739119ed6a61b848b23094d,1ec5809ee9d8a927208b87811f058daa596ae3f7f9e793e27d8a2ea681d869c0,conv-47,172,5,1,0,True,1,True,True,True,True,103,103,31966,31998,32,22,49,25,1,k,1,2,2,32000,32000
facfa52b6610332203828127ede7284f4d2b430c07cc3515836eacf4c9262b0d,c7f65f5925a58276bb639af7ca7c229da359d9e67f0aa0ee31a70218d2a52b99,conv-47,173,5,1,0,True,1,True,True,True,True,113,111,31987,31969,32,36,43,24,1,k,1,2,2,32000,32000
af1ad84f926af5020ff9990c92d0ad83d0ac95a56c2a2d248c1cf31d3bf69541,0b62bb15697de7a92b59fb5df524498d6d9d0697c0b36886f9dba73f3897af93,conv-47,174,5,1,0,True,1,True,True,True,True,102,102,31993,31999,32,16,54,23,1,k,1,1,1,32000,32000
43710f7701eb2a593e5d59cfeac2156853259eddf159f2e6d4189bde01fbdbfd,2013b6dc695f0c827154ce93f5b1c32888170046ee750106ddc787b296003782,conv-47,175,5,1,0,True,1,False,False,False,False,97,104,32000,31818,32,72,0,31,0,,0,106,106,32000,32000
f16713e4d9973fa3144b94c31a66e05f9d34bc1ed8985049bfd74dabd7c5c865,8f60f7f834122cd6e700c1e4a501f091c2890254dcd6a47cd0d22bd2e705120b,conv-47,176,5,1,0,True,1,True,True,True,True,106,109,31987,31968,32,9,68,24,1,k,1,1,1,32000,32000
8bb3ff8089674959a5d8756d097cd3ec6a7992eddba3edd2b98ecebb46cd25a4,128033c91d0c49c042bbeffea28088a7f4523a8b985253faebc772aea33fb766,conv-47,177,5,1,0,True,1,True,False,True,False,101,104,31962,31856,32,72,0,32,0,,1,1,1,32000,32000
bab90e98113ec89b102920825da65f0c2247a224617e1a24ad53c2536c492133,b91e63b673b6dd473cd7bb2d32acc48b37dc67c1d426ffe6a83f11f13dad85b0,conv-47,178,5,1,0,True,1,True,False,True,False,93,105,31995,31970,32,73,0,104,0,,1,1,1,32000,32000
af1d909a5fb8888fef4ea4ba02525bfacc1b6aede43626843e3ff102a724889f,adf626b3d1a0e4f3f410e50dbd7524d8519edb591c7debb00c333f78c92ce07b,conv-47,179,5,1,0,True,1,True,False,True,False,89,102,31972,31986,32,70,0,82,0,,1,29,29,32000,32000
544905e52cba1d29f0092d57e6df5237cb1e4c823d6438d89bb6b2fe08dc3543,4146de0338828e95bc07bbc96e7e7432a49b7c02c73a87eda0b673d5fa35947f,conv-47,180,5,1,0,True,1,True,False,True,False,94,104,31962,31996,32,72,0,181,0,,1,62,62,32000,32000
9de904e70b5dcacbb5da9678afe0ef1a79cc7d854a6db0c90489f4a0330c9731,8fe9bf7c90ec1bad57b436660460a9169d9c1618ddb93e732172b7e7d8ad35a9,conv-47,181,5,1,0,True,1,True,True,True,True,106,107,31970,31912,32,27,48,28,1,k,1,3,3,32000,32000
808ea912f12590a34f77e81d2cebf3d27a5701408f7adae29019da77cdd38a3d,e1034affba43eaa9f35e6ff26ad4de47231b3fe20b040f3d3d456d89a4222f39,conv-47,182,5,2,0,True,2,True,True,True,True,92,99,31922,31930,32,64,3,21,2,recency,2,2,5,32000,32000
85d4f7ce9f21268b21640a66ca48f11c23755f63e93e9d3eab02fa3e1ae3ca95,df7f70ac67e9e0bec5546cb153b1f3d8c13037d9b54a0bbf2c677937ed8ebf83,conv-47,183,5,2,0,True,2,True,True,True,True,95,102,31991,31991,32,70,0,50,2,recency,2,2,10,32000,32000
3e096a7faff7c8f253b63eca88676614b94ace34138190c65d03bd3ea3778643,78b6a9bba10d073a2092b201aecb928bf6c563fc35286f3a13047e90fd38d064,conv-47,184,5,2,0,True,2,True,True,True,True,115,115,31953,31886,32,4,79,18,2,recency,2,1,6,32000,32000
9a90f3a45037427f2dc89e1e1c635f25e876858173c832ecf17dc16f569ee06c,11c1e58146801ba4de70ea10b0751d48f8a00c4b7bb5b09a8563605155aedce1,conv-47,185,5,1,0,True,1,True,True,True,True,111,111,31940,31997,32,4,75,21,1,recency,1,4,4,32000,32000
0eb8e5ac67b31dac5a0b0acf256fa4fab2da83098bc2e8c446bf931231a95a8b,6e85fada5f2697d6872b5e2ec43ddd66dab46753907ff725f50a8decf7f1a208,conv-47,186,5,1,0,True,1,True,True,True,True,112,111,31977,31934,32,13,66,23,1,recency,1,3,3,32000,32000
d21a6525b2434693c68c3854c7bf3a375f21dee340ebdf4cf75ed5e17a382c1a,b18e7027cb55890f2bc612022393e02f36792f082d74f76ad54a28911f744872,conv-47,187,5,1,0,True,1,True,True,True,True,97,104,31993,31979,32,72,0,51,1,recency,1,38,38,32000,32000
dc15b1534b51ee6004e446df7a04bfc349e06cc998e0c873560a05f707fad78b,4e730db72f0b44236d7a7db280ef9f0fc5dc0aafd3c20792620bb88da697c4e3,conv-47,188,5,1,0,True,1,True,True,True,True,93,101,31933,31936,32,69,0,33,1,recency,1,2,2,32000,32000
3dd58845f9f21b3d8696be7fe0cb998ddf6eb3bb587d2c27ab15ddae09a9f144,683eb0029b8492f545564ed511d0e8b9fb6af84203276f49daf8a3d938b36290,conv-47,189,5,1,0,True,1,True,True,True,True,120,119,31991,31964,32,78,9,15,1,recency,1,9,9,32000,32000
b68bd3404351d45fb747f667adfe6267511e506c025862ecda56a9202477dbff,8e80e54fb6845abcbb0a338b04e1fab671ac86aa9d27d00f6976afa87aa1f92f,conv-48,0,2,1,0,True,1,True,True,True,True,114,110,31974,31995,32,78,0,30,1,k,1,2,2,32000,32000
428707c67a91e42ad1508e4ee23cd9d7195ed655ddf9490cd13d1273f6dcbfc2,0929e2edfab9c3fffb6b4cf445abf61eee5060a838c381dbc7d07b725e17ec54,conv-48,1,1,3,0,True,3,True,True,True,True,125,120,32000,31922,32,58,30,26,3,k,3,1,30,32000,32000
274c39c2f9bf523d3166ec36ecf446a59962534a0664295fcf01c2f49f382e87,692b6e91d046c9c29ae1e252994fba831691873c17c28cc422769e2f741ec50d,conv-48,2,2,1,0,True,1,True,True,True,True,117,118,31943,31964,32,14,72,25,1,k,1,1,1,32000,32000
afb01d7b8ec51041c88b3882ab89fa373ad8876803bad0cd3aa08c3ca38e99e8,805691559c37724d83edf5983d8c6176a5630296661ca7254c7431ab83233749,conv-48,3,2,1,0,True,1,True,True,True,True,115,114,31974,31887,32,16,66,26,1,k,1,1,1,32000,32000
1ab3d81b44c4f3c8d5a52b8a034e5c707ca9bfe7551845caf839288c1cc9ea07,3d74aad9d885524430bb6b857b70e8560d6946ca0771bbb9f934fd65f65a0c72,conv-48,4,2,1,0,True,1,True,True,True,True,118,116,31915,31886,32,33,51,24,1,k,1,1,1,32000,32000
dcfb6579bcb829b4fcf9ea05353e0df674738a0bf505ef2b97b97e0713ac5e1c,1dba4a5b949ed71897014b263a9123f01d30b13bf5faf7554db7806a06ed3cbe,conv-48,5,3,1,0,True,1,True,True,True,True,123,121,31990,31947,32,29,60,21,1,k,1,1,1,32000,32000
773091169270bbbde979dba9f85ab33d0c2989905bfa62248e819c47fa18e8f8,3ab732e7ba0a95572ad35b48a2806c02810c13573f8122980378076bbde9f349,conv-48,6,1,2,0,True,2,True,True,True,True,117,116,31955,31918,32,84,0,82,2,k,2,4,14,32000,32000
230a9035e01d788afffe92313fa68d1f56980a4792092c035287b456ebb714ff,e416c0299297de1f17c2a325033119ff05ac8b27268d731db8aac589b1bb267c,conv-48,7,2,1,0,True,1,True,True,True,True,116,115,31991,31993,32,26,57,21,1,coverage,1,31,31,32000,32000
743bc5e2ed38c31921bbc1101abc923045def4c301018e55718f8fb66ad02839,eafc2b721c2b536d4dccf6de084972cd1705f17d89ed3801cf3bd1eb5d15cfb5,conv-48,8,1,4,0,True,4,True,True,True,True,107,107,31996,31891,32,75,0,28,4,k,4,3,48,32000,32000
d3b876b3eb97cff3b798430b2b69135a0f59dd4f6cb17c637a221e39e59f27a1,efbfbc3efc0eb7a9d6030ad6b2909d69b72700a5302cb70cb81193284be2bfa1,conv-48,9,2,1,0,True,1,True,True,True,True,120,118,31982,31966,32,4,82,23,1,k,1,1,1,32000,32000
054652101ec37640e28b7685a809c93ff2df442425b559756a95cde735358671,23c7d1b47e35e0d968f42fd6970d38439aa571d33f54add955ad8d817189fe27,conv-48,10,2,1,0,True,1,True,True,True,True,117,114,31999,31875,32,7,75,19,1,k,1,1,1,32000,32000
1436903be2aaa5bd6e0bf7795b231d9df1c54070e7f031736adca0b3e71dfc70,fda940491e5af617434d9a55b1c8bf5ced3c387e1ea29c4c0dbb8aeef17a5806,conv-48,11,3,4,0,True,4,False,False,True,True,131,127,31976,31969,32,83,12,19,2,k,3,2,257,32000,32000
583a8f14efb72660d5b1331202e4df417a36cb2513bff721d5374a425a50c78e,7582ac41370873b05f331f5a1cd55d9fd571d31b44303551d8dac5113c700a27,conv-48,12,2,1,0,True,1,True,True,True,True,119,116,31989,31971,32,84,0,65,1,k,1,3,3,32000,32000
1b7597729827970bc838803dec1a10f7ea17eb532b53d88dbc567ddbd43e889e,28ce4ead8bab07ab86f03e731ac171c9244e41eb84b29030920dc0a0357c7d7a,conv-48,13,1,4,0,True,4,True,False,True,True,121,113,31919,32000,32,81,0,123,3,k,4,5,90,32000,32000
eb798c96b0e8f66f94f96549916e56954d4a3bac1b6223b7fbd051029ace227f,55e651d6a377276b2fbe0d5c8dba3ec5a767c28add3a0ab0eb01f615931f9d10,conv-48,14,1,4,0,True,4,True,True,True,True,113,110,31950,31992,32,78,0,41,4,k|recency,4,1,29,32000,32000
265854292439138d93300fb5517628e557c675792ba610f36499c8cee61a6936,0a2310080bf873ab5992aa8bdea396f3ad81efc13522ded9530f3ed29335f1b6,conv-48,15,4,3,0,True,3,False,False,True,True,131,127,32000,31971,32,64,31,23,2,k,2,13,160,32000,32000
d582b6972d04bf7b5f1caa294e615e1d823c7c7c09a5ef3c52ace25c14f6e623,73bca41e1c54bcfc0162c4ff32626ee2eb5c959960caa134e38cc871cd708552,conv-48,16,4,2,0,True,2,True,True,True,True,133,131,31951,31993,32,88,11,20,2,k,2,2,12,32000,32000
5f261bf7ff07f141759a6812f0c2bad6b95f54edda7f6ce5a8c122b7f2e6e26c,9b658f70f28fe8dea05363120203d3f36f13b97d6666c7d364242580fe7c0633,conv-48,17,2,1,0,True,1,True,True,True,True,125,122,31972,31932,32,61,29,20,1,k,1,8,8,32000,32000
4fa795894dd72be9f3e54bbe6e00054ccd91af65c552ed8e2700f6fc9f00c0d5,87c144a34f6634754b83731ce603909009db4e4c08d0b8eee2647b60e81c4970,conv-48,18,3,1,0,True,1,True,True,True,True,134,129,31998,31979,32,28,69,23,1,k,1,6,6,32000,32000
1bf27cf5b47e884a64bdbeb4a5de722d9c16fac6540c84b4be8a5a4917f77536,b76eb8e01ef1fbd037ef5f842835f1fdf8b2de8a0b136c7cdab33570dee12f38,conv-48,19,1,2,0,True,2,True,False,True,True,122,119,31996,31926,32,49,38,23,1,k,2,1,110,32000,32000
a25635fb8037d20663339b3b67a8d7efb97d59d7097522f54b553ffc53ae4665,29a2c43f3999509452e94ef0074b74895d8fd82a8abdc6d02b54c242f2652719,conv-48,20,1,5,0,True,5,True,False,True,True,125,117,31963,31994,32,85,0,43,3,k,5,3,23,32000,32000
5dfb999da5cb61e7797d5d4a7fa5436421cbfd25318364763a382dfb41eb7cbd,2e3b7d00d005917194a867560db05d5f5289725167921842c28ad454a07110f4,conv-48,21,2,1,0,True,1,True,True,True,True,125,121,31988,31946,32,49,40,24,1,k,1,1,1,32000,32000
323421cffd617af3ca43217a4b5f039fa331f2eb55cdda0fadc75ec3ce5982e7,003ba43a734f4b790dcc9f1ee20a425a951283433c0e333ab41a53dd4c8c5a55,conv-48,22,2,1,0,True,1,True,True,True,True,131,124,31966,31975,32,63,29,23,1,coverage,1,77,77,32000,32000
055fdf43f6c62788946169b6c3b4663f0181a846783c7b1ad3048d481ef53f18,e5077596bd1b9d20e0d6f66e84afadf8968a46e7e077afacdb6080398d9db1f3,conv-48,23,3,2,0,True,2,False,False,False,True,113,114,31990,31954,32,82,0,111,1,k,0,131,237,32000,32000
d8559fe598e71b83244b62da8d851ca301ae9f7bf71e3258dc87856ddcf06420,b7617d026f04a7671b5f56b75a3d40d2d53213da215dbf45628c9efa1ee08ae8,conv-48,24,1,3,0,True,3,True,True,True,True,112,117,31926,31993,32,85,0,91,3,k,3,1,7,32000,32000
13bec973ecb1faed61ae5a63a13d94cda9c4233559c50c4f22d9a2d661d2dacd,05e1d526565ce1a1a8fd6220cc79ae37e1ef29c71197d97e653673bcf9f60922,conv-48,25,4,2,0,True,2,False,False,True,True,125,121,31955,31999,32,18,71,18,1,k,1,6,210,32000,32000
98f0c5acdd8273159407d76d7570473eb0f70941fb9473f16060517a5499f720,cf152ca1b4e11b44a1e886a6f8d5f08def0773b28e18325ea08eb6a7f80167dc,conv-48,26,2,1,0,True,1,True,True,True,True,117,113,31937,31900,32,8,73,24,1,k,1,1,1,32000,32000
c61978a98dbc75202b91a9688264d454fdba046a3b83e9480014283b29d518a8,cbc0b890e8a1a665a60c7e355e71effe3f1dbb69e114a6138c99073366a726c3,conv-48,27,2,1,0,True,1,False,False,False,False,125,120,31995,31996,32,59,29,25,0,,0,148,148,32000,32000
25aacd2f3e45f92c2570f9d56401587ff14215f5841cce8e74e38794bbc5b782,d5fc3d66f49edc346108a65618136977a504af83c8df103914dcdaeb5d306874,conv-48,28,3,1,0,True,1,True,True,True,True,119,117,31930,31972,32,40,45,22,1,coverage,1,86,86,32000,32000
2fc0bdaefd7abf0af339cba89e2ec2a0ad44f2999c03523d3b1e0e0acb891235,0fcc82d88c0ec40cd91f3484305a24ab0ffa8fe04d0e7a1ef82e783577db5741,conv-48,29,2,1,0,True,1,True,True,True,True,107,111,31966,31995,32,79,0,82,1,k,1,1,1,32000,32000
9c554632f4aae30e17b7c19c91ded7acedf7f88f219b4c497d0588e2a1a47979,b9dd91ef8e82ae0399ec02c495986cd2ab553843a9038f3edf45641a656734ad,conv-48,30,2,1,0,True,1,True,True,True,True,122,117,32000,31993,32,85,0,63,1,k,1,1,1,32000,32000
f656df3f0d025693da8c6357b1aa23d194423f82c60c8c8606e77fc3e8c600b9,3ee3111720ac735dfd505199e77479e3bf01d5943331a9542add6fd0d76b2977,conv-48,31,2,1,0,True,1,True,True,True,True,125,121,31991,31871,32,49,40,24,1,k,1,1,1,32000,32000
78203f8d02cdd1ebae13935d5c0a725ffff57cb2a072291590a17631e3f36a8a,f2731d38eb299534b0f20babe2731bb8dc9174abee571cbd4294bbbd10024245,conv-48,32,2,1,0,True,1,True,True,True,True,127,125,31968,31973,32,39,54,19,1,k,1,1,1,32000,32000
576f3f9eb798102ca499109e43cd023c9ab34aefebdb528f60f913ecce04b2b9,2fb8d175bbf19bb8f42507ea98095662c88c11c648f4a902a561cbe552b4ea81,conv-48,33,4,1,0,True,1,True,True,True,True,132,122,31973,31917,32,90,0,30,1,k,1,1,1,32000,32000
43707a9c0ed4555c1a8b137dc43a7551323cfbed7539f881a8ac1c0088df49d0,d1c3d7839d390d036b716462519beafb0ee018268ceb09da45ffa0b96b284406,conv-48,34,2,1,0,True,1,True,True,True,True,122,120,31943,31877,32,28,60,22,1,k,1,1,1,32000,32000
eeeeab59969c1b1007e1b7bbc351155b997d6b7738484f7584740069f78a9dab,36ab14dd7ddb854a552da398ca7747cf86da13012a88ff026a220c672924101d,conv-48,35,2,1,0,True,1,True,True,True,True,117,114,31993,31999,32,81,1,31,1,k,1,1,1,32000,32000
5ba11752ff6814243917467d37478f438aa7ad20cefc9a6e69d2af3429afced0,12e6e337ab351d163a3ac0dd634ba6049d2a3f32436dc6385d5205338dc3e265,conv-48,36,3,10,0,True,10,False,False,True,True,131,125,31990,31947,32,92,1,26,4,k,5,26,337,32000,32000
fd273a936b5dece8596fea19d0094698aa4120121a69007d02c06974d051327f,f4e71fc1bbec867c0243b55e955783043db3cbcffb83fdba607bf9d786e0d963,conv-48,37,2,1,0,True,1,True,True,True,True,125,123,31996,31936,32,45,46,18,1,k,1,1,1,32000,32000
a3bd13818136b67f06e9f1e3125688c5020eceda426e7fb94a38f5baa2565e29,0d8bda14849dfecc8a5d70f8640e609f8aae44b6c77b4974e58b7fc1b009792f,conv-48,38,2,1,0,True,1,True,True,True,True,111,109,31989,31904,32,71,6,24,1,k,1,2,2,32000,32000
c4ddf270603b770f39f6ddfc480111cf6ed281c6523ed105b17adad3bf1a3803,1c2cc04fd6d22c38c078efc4e8f9cc8f3bdc0ac65ac72a1b7223535a29ddbfe9,conv-48,39,1,5,0,True,4,True,False,True,True,121,117,31952,31982,32,85,0,164,2,k,4,1,57,32000,32000
27d997dc256dda354c7ae9b7e417b2941985560d655a05a6f02aa0956f6fc8e3,86fc5b9a2ec49c08b36aa654abe980fefcb1b65a4bf1165b445824dd336944eb,conv-48,40,3,1,0,True,1,True,True,True,True,127,119,31982,31946,32,87,0,22,1,k,1,39,39,32000,32000
4ceca4f655151391e94a01b2c8b88d4d721ef4c27e99e29488108b0ed830a194,8b4fa35f5d4faac1250f58d6dcac37e4ede2ebe3ef9f81d73cebb63f5d83b4e3,conv-48,41,1,4,0,True,4,False,False,True,False,113,117,31972,31944,32,85,0,164,0,,3,72,160,32000,32000
602f9e8d02ed6cd3807bd13ded92616c8875aa887cdefc09e34fa399a5fca35e,78d4fc904e8ad4efa15bf5e541973b1fad72daa0c52418a1f6541f456ba9fe12,conv-48,42,4,2,0,True,2,True,True,True,True,111,113,31971,31957,32,81,0,35,2,k,2,2,20,32000,32000
31a9c7a08ed46a7883beec73719c136adb67a2bcb0e81fdc9d480253ed450e09,38d44a0d2866f13d6f7f19556c872e70983dd2bbf12f0e45eb37f3d520245859,conv-48,43,2,1,0,True,1,True,True,True,True,130,123,31933,31980,32,91,0,26,1,k,1,5,5,32000,32000
e0178addf675bcc1469ce274fca0b1c8c46857f6491d6c5aea73d88a426f00e6,a2f2dea3c078af44c248bdf311984d62d56149f3032318f7c3637644f5505a03,conv-48,44,2,1,0,True,1,True,True,True,True,128,125,31978,31982,32,81,12,17,1,k,1,1,1,32000,32000
e6e0ec1c0cd160955eb3a2ce0c5fa613dd0fa70fb2f9a4501b74ca3e376b59b0,e33a2df8ad9ed30a6a4d2f6e0cd3f4c381e1e4366ff6da93cdf6be98a1e51438,conv-48,45,2,1,0,True,1,True,True,True,True,124,116,31969,31888,32,73,11,30,1,k,1,2,2,32000,32000
65a9472eb8ce6d515a91a659ff59d3959a46375982d4f83eb86f54949b7f6d2f,7bc6e7fbd380d462335e9d268df2c1d0b72c8c88aff89f516c13a96c9a2a3ff1,conv-48,46,2,3,0,True,3,True,True,True,True,117,113,31937,31960,32,58,23,27,3,k,3,1,29,32000,32000
6795873e3d31ff6f071af0552c0e1ba1af652f23bce6987f8df3044b9464c080,3a7ca78403521ec7d023c55d6c7a68373ef340d8f6c0164e9fa654dce612248e,conv-48,47,2,1,0,True,1,True,True,True,True,107,107,31969,31928,32,75,0,32,1,k,1,1,1,32000,32000
1e33cf5d302da830d5f27fe375280acb0af434b7243e442b189e60c47bde94f4,27e36a7889d1cc27eda610024bdbce559af784ca3dfd1270cac7a18155a65b8e,conv-48,48,3,1,0,True,1,True,True,True,True,113,113,31990,31926,32,47,34,22,1,k,1,36,36,32000,32000
3d75bf5a76608f67d1299fd419fb1d337014231acb0c9fc36c158aeeefc5394e,72f9c3e1471a47c4e60b2c7f82f834b4d97d3c90b22694d028f21ded168ed160,conv-48,49,4,1,0,True,1,True,True,True,True,103,113,31936,31987,32,81,0,64,1,k,1,4,4,32000,32000
5fe1d7b58dd294d0d3e047052060013d9edac59108b7bc1d04d1d14e97c0298a,14f3a8a4ab68a2554e69357fed07e114f9b2e14897683c2e085a87d6e543db03,conv-48,50,2,1,0,True,1,True,True,True,True,102,106,31922,31940,32,68,6,22,1,k,1,6,6,32000,32000
d86b920d8c8205c185a0a201623a3cde53a4420331af34ba03c15d18fb775377,9b14eb12ca739795eb31d9515bcd8ea7e8860a33d336465e989f3ff34f5b85bc,conv-48,51,2,1,0,True,1,True,True,True,True,123,119,31998,31995,32,36,51,23,1,k,1,1,1,32000,32000
495b4de5baf6198aca7d828af1609c2d463e303efac94d3cbe19c17eda60075e,99b88f5de17a633044a84113fd8d1c4241379e2135e21f6fc2607a010775d038,conv-48,52,2,1,0,True,1,True,False,True,False,115,115,31999,31943,32,83,0,62,0,,1,11,11,32000,32000
1ad5b3249757e61792d2e7c4730ab8578fa54628516a68ad171e894cee5da157,94ae6c011a3e99001074beeb4580dbfbaf4f5bae9eb79219a145a331d02d48e9,conv-48,53,2,2,0,True,2,True,True,True,True,127,122,31935,31934,32,63,27,23,2,k|recency,2,1,4,32000,32000
f3c4f44c4b1ac1ac76646d8c48b0a53b59729491aa9b308453f4efd834db9485,73e8068d6df2ff65cde4100e2ed683fd41ba4ecb741a8194e8090757b5b483a8,conv-48,54,2,3,0,True,3,True,True,True,True,133,128,31975,31976,32,16,80,24,3,coverage|k,3,1,58,32000,32000
87d9666d47e0daf81a7657f05fa75b8ce691449d211ef0e4f4651870aed88f55,037683c8e6433de91d0ba157fe24fc3031d3fdb2490a2592552c58c7ff90fe37,conv-48,55,2,3,0,True,3,True,False,True,True,133,125,31969,31942,32,28,65,25,2,coverage|k,3,1,104,32000,32000
e097ec121f7620fab3d3873f7d386bd5cdc945076943124e8d78c831a8ba3f93,11abf946c7eb1f1f2ad3b3b232fac6307033448ac95733ae6fad70b1c90ecbca,conv-48,56,2,1,0,True,1,True,True,True,True,115,115,31949,31937,32,83,0,57,1,k,1,59,59,32000,32000
0f635a013f3ebed2f4b8f08f9c7ff9dc32da41a1c45640aaa0c90f1f98e2513f,ce0a3f5036806106ef8a863daa1565e5f51ca895798de6c5e717ab0d8c4d18b4,conv-48,57,2,1,0,True,1,True,True,True,True,125,117,31994,31930,32,47,38,24,1,k,1,5,5,32000,32000
b0e7865c8166fce4dc351cd5e823006673e762a32ac3997ece5469f86a3d99eb,27d47b9f24ca7e3b68a4442accb6f259e447a125781a5863bbf15dae02b7165a,conv-48,58,4,2,0,True,2,True,False,True,False,129,113,31992,31965,32,81,0,210,0,,2,6,117,32000,32000
6b687e42d400a06cfb147f5e52864b661202333c656fe3c1d2597dcf7f589f50,eaab80147be344913817fc140f60974cd546d0734b8a325a555341c94d3f0629,conv-48,59,4,2,0,True,2,False,False,True,True,131,129,31969,31966,32,80,17,20,1,k,1,2,169,32000,32000
03a18424009bc08d9131a893445eaafda03d77e6296356077bf80c78a90fcdb6,1428383e507390300d05276d4b4ba5e4810e3d6fef68ab76b2891b4bd73e08de,conv-48,60,2,1,0,True,1,True,False,True,False,103,112,31950,31948,32,80,0,116,0,,1,1,1,32000,32000
c6847335dd76f65c0434018c56b6b5271d7c6f82bf7e38717ccf26bb68be94ba,d6b97d8edfb456f9775a7de5e315979486040ae82f39129b7f9b901cd1016bcc,conv-48,61,4,2,0,True,2,False,False,True,False,119,114,31994,31923,32,82,0,29,0,,1,1,123,32000,32000
e387caf988d9cc5f36a9571798cedaa33a12d682f0dc121d225ab8097190bae9,c167b70eebebf37cd64eba554792eb347cedd4a6059a6bd577d0bfbb38259061,conv-48,62,4,2,0,True,2,True,True,True,True,133,125,31968,31983,32,60,33,22,2,k,2,4,6,32000,32000
5d405d1904739790cf40dc5730fbe646318871fee7d332677b13d1342d0e2d88,721f44fc5f25c12c2ab5dd011a768aa3ce5e809d046ebeb984d087bd2f214425,conv-48,63,4,2,0,True,2,True,True,True,True,137,133,31978,31988,32,22,79,19,2,k,2,1,2,32000,32000
5f397ab6d2e384247ae8aabeaf66486459a516a9f27f3038a2e32f7eaf2c58da,638b9bbf08d7adf2d883f74549e7610e4f80c896776079688bce3692a4b69220,conv-48,64,4,2,0,True,2,True,True,True,True,138,131,31978,31987,32,97,2,20,2,k,2,1,12,32000,32000
b78a12a25cfb6b9ac84a9c18d16c241bb375cc0e9bc27e3c808a9094595734ff,f4c1930151023875f2ef287c88fa0a7746748b6ba0e041e437e348bc484900a5,conv-48,65,2,1,0,True,1,True,True,True,True,116,121,31985,31985,32,11,78,18,1,k,1,4,4,32000,32000
ee4ff51cd513870201c13bd8c2e4fdbce236cbb8940a2f1e905977ef9e0123dc,de71029fd205b382b8d4a1cd8189bd4a6432465490806c012dc4460af64da7b0,conv-48,66,2,1,0,True,1,True,True,True,True,120,119,31996,31948,32,60,27,24,1,k,1,1,1,32000,32000
55664f657c508709ca79206283e8c695afbbb1b7de29717bf35fb9c8c0c01300,10804c42e567a4a5e38a4f1647cec606338218564fb5ea24b7bddcb17b3774f7,conv-48,67,4,4,0,True,4,False,False,True,True,119,116,31977,31991,32,83,1,26,2,k,3,1,193,32000,32000
81f5249c34eb53b18aed9573cc48c828c653e370a934c58f612353be50852abd,72d65eaf7b5ea331577f3eed8206cdc5b280597e9a250382a70f2c6e9bfc93cc,conv-48,68,2,1,0,True,1,True,True,True,True,126,122,31920,31866,32,36,54,22,1,k,1,5,5,32000,32000
eeea5cbeb067c16d59c1804b11ff5ad24d20bed687e51ffafbee784d32ad9ab7,c275baae88b284f4933dcea1aa8dad3c827e895051dc9ed05b3d387c5de275e5,conv-48,69,4,3,0,True,3,True,False,True,False,127,120,31927,31967,32,88,0,108,0,,3,1,105,32000,32000
dff115ed86358c15297a6e6f7b59948250e668de6e0ada1251f6b257a7fc0936,9c55ad818a130b51fc2cf739b430f51acfbe416413372e825e90c489ea0157e6,conv-48,70,3,1,0,True,1,True,False,True,False,130,118,31989,31946,32,86,0,72,0,,1,1,1,32000,32000
6ff29e4120e3c169b0693e098c970b2e40435c035a09c988840bb4f9cf8b77e6,fa5ec081b0d35aaf4731c5a6effcf47f6e4a2fd6c3a9ef976e4bba5b4d196828,conv-48,71,2,1,0,True,1,True,False,True,False,121,120,31979,31992,32,88,0,97,0,,1,3,3,32000,32000
55aa21c248c69bcae828c09a30ce29a7cbeb22439c90a6a508fd0a7f530f568b,1d19d6b606fae413b2a71fc86891b799926c25d6276a093d53537ff3033f9b62,conv-48,72,4,1,0,True,1,True,True,True,True,125,117,31973,31975,32,10,75,28,1,k,1,10,10,32000,32000
3ee3ad4ccf64b58e3dae97b37f2f453d2de7f802a0216133f7605a6862020105,aa6f99d40f8e9d88477de7353e0c25c8c83f81dc17b456184ca4da03846d769d,conv-48,73,1,2,0,True,2,True,True,True,True,121,118,31999,31956,32,77,9,26,2,k,2,1,2,32000,32000
36cab067f1b73b634e3e3aec253ed54e43c2f3fe090e3e0c0d6a6f4aeee6430b,2c3020362e9a67a3d9f1ab40468aaba78253d1e55adcf75d5b10dca9ccf64708,conv-48,74,4,2,0,True,2,True,False,True,False,126,115,31969,31984,32,83,0,190,0,,2,1,3,32000,32000
fdcab47ecb86760f28eae7e3a2323f8230e64b6ca3614544ae38b5cc6c7f41b9,13f9ea56e2a1719cea6eaa4bf8fe26b6e0b65bfb266ecac57cb8468bbec9a64e,conv-48,75,3,1,0,True,1,True,True,True,True,133,127,31996,31916,32,51,44,26,1,k,1,1,1,32000,32000
01d798d4fedbb0e66f1a66e2e00960a0ce4041963ef35e1a216c4ddac828cdbf,cb29c31cc4360aa58af1ccb5a49ce5b1c1e78a062929f8af867832812067c127,conv-48,76,2,1,0,True,1,True,True,True,True,120,117,31995,31971,32,85,0,22,1,recency,1,1,1,32000,32000
2058a0e59bdf775c7cf7fc3b58c37204932f014ce598d1a7ef9a1f93d4a2eb7d,b5d5c46e07aec6a005f9433d6328d5eb58db1bf5cbd89ceecc034977d4a7d8c8,conv-48,77,1,2,0,True,2,True,True,True,True,123,123,31959,31990,32,76,15,17,2,k|recency,2,1,56,32000,32000
b31636a123e150efaf696ef9d70ec901b0ca84d19a7cefa8f9cf805b066762f9,47d81afba1c34dc8af6a4ef0a4abd77e5b4f6a72695cf7fc4c4348496170b858,conv-48,78,2,1,0,True,1,False,False,False,False,116,114,31932,31980,32,82,0,24,0,,0,275,275,32000,32000
b53687f7d91afe03d49150dbce90e997e63ae3ec1259b88896607069aa1fb5dc,d7dfde90f8ae6bdadcfdcf01d2c175e95da0753ea0e7527a6169bc884a449e3f,conv-48,79,1,2,0,True,2,True,False,True,True,130,122,31975,31930,32,90,0,44,1,recency,2,5,10,32000,32000
be0eadd72188fa433073a005b0e5a461b66bf47b78e3529542bc21612a498b79,ced999718febaa67e53e5bdfcb0f84fae6e6a0f984aaaa5b790e4c5de53ce37c,conv-48,80,1,3,0,True,3,True,True,True,True,124,119,31981,31939,32,87,0,63,3,k|recency,3,1,10,32000,32000
991198876cb39c1f9089c3ac33413787dd4530de94e568b70fc19fbb1fb9a741,e9b6f8360ef9f8f0234150a37c120a5b4801080f38789b65f9c380a24b4ed381,conv-48,81,2,1,0,True,1,True,True,True,True,126,118,31940,31976,32,86,0,93,1,recency,1,18,18,32000,32000
a69f4529c31f2dc4689030fc26c93a5a4a8c027fe0d276293e2b45d4838d2516,d349c4f997c60cdf4872e0b34b084ac62bfecbc350bdaa777469602b513b5b5f,conv-48,82,1,5,0,True,5,True,True,True,True,107,113,31938,31936,32,81,0,69,5,k,5,5,90,32000,32000
a8846dfb7b53b4d17bd3f91643fec8a4caa179d75b23e592b7fd39e2fa994120,d812a042560ac675743adbace77b9b65b5a2493b43b78687a6ca1bc4ec6fd869,conv-48,83,1,2,0,True,2,True,False,True,True,104,112,31983,31993,32,80,0,65,1,k,2,1,4,32000,32000
a305a7e66c167552f14c1004eedfff22c4f8ece634dbced49957161575e21e54,c7e095c9ee2803e43fac69a0cd000b32976b88ce9c73396c40786328991c11b1,conv-48,84,1,5,0,True,5,True,True,True,True,110,105,31978,31986,32,60,13,30,5,k,5,3,24,32000,32000
ccedc1740d69f02b9084c67fcac41fd82216a913b52c9525eed1362f3487ba51,a6f489b401756b3d3efa41ded23bbae5b8dc6f6cff0616de5241bce5ca96d688,conv-48,85,1,3,0,True,3,True,True,True,True,120,117,31989,31978,32,85,0,70,3,k,3,2,41,32000,32000
2b1e35b15bbd9a4e02bad807eec960e1e5609774a2683714b065fcfeeb375e18,2a0bf07b03a3989dd63380485ef47e11c8fa5e916c24d5a0af69569bb7595fcc,conv-48,86,1,5,0,True,5,False,False,True,True,123,123,31965,31938,32,55,36,20,3,coverage|k,3,15,267,32000,32000
1de52f9598e4c63960c1b10a810972709e0ad4bbaa6f355955927bfee31389f3,55c2a57a291b9d4e3934dbdb4f929bc759be42891cd003421350613b5defd785,conv-48,87,1,2,0,True,2,True,True,True,True,127,122,31998,31904,32,37,53,24,2,coverage|k,2,2,51,32000,32000
0aa830301070cb834d589597216ffce60713485157fb88cf07c32e7f26249437,0880ebfc9a329939eff6f55bb1e8b976bb60a2e61b661fa9caf0963f79995cca,conv-48,88,1,5,0,True,5,False,False,True,True,104,110,31973,31941,32,78,0,62,4,k|recency,4,4,133,32000,32000
15fa816c97b214738c3701ed2127d8ea75fc81bf69cc50a272be5b059e6a6f4f,058b3624e1f15c5a6ec54b98139bf5c6248edb831ab06f0c17acf6b47a46a39c,conv-48,100,4,1,0,True,1,True,True,True,True,113,114,31993,31993,32,82,0,37,1,k,1,2,2,32000,32000
09c3b1833d7cc23d7f493a3d37516069fc7d4cc5f4517c94b80bff9256c61566,05d213562716c463f399b7c3ebdf094dd52c91362b9c94bd805cf880b543b06e,conv-48,101,4,1,0,True,1,True,True,True,True,127,122,31974,31956,32,61,29,21,1,k,1,8,8,32000,32000
26bca3298fa62beb98454e530cc51f8243b8c01d24b76c8c48caeba88e168996,8db8a358d865817512dbcbb4809729746b4e951ba944bca654ebca8296d10b1e,conv-48,102,4,1,0,True,1,True,True,True,True,114,109,31993,31965,32,74,3,30,1,k,1,8,8,32000,32000
c13830ea5c41826620525686398465fb8b7cdf279368441dbeeb7d4497c667f9,0314eaabd4eb113f1fb535cce9424ad607f91f94756b51eb2c73138674a9b3e3,conv-48,103,4,1,0,True,1,True,True,True,True,127,119,31996,31905,32,87,0,23,1,k,1,2,2,32000,32000
f49c08da76a075098039d45512c94be141c9ad7a05a34e25a519efab70190d19,a45f826e176709eb472429f131254d05836715c3f0c9493b21008f77cbf35c18,conv-48,104,4,1,0,True,1,True,True,True,True,114,116,31965,31947,32,84,0,103,1,k,1,4,4,32000,32000
e45f8f784f2ceb5f959f05d4ef90c142f2214de2f0208040abd6825d15dfe441,f80937bdb326caafcb284c40dbc2c913145f15eaeb0de44cf86112d84cb4ef55,conv-48,105,4,1,0,True,1,True,True,True,True,116,112,31923,31972,32,80,0,29,1,k,1,2,2,32000,32000
3b40260ee02035532bc6123c90cb9674dac2526cd7ae1512c727e2ad00a17764,73100a767e9775dac0d73291d60b3a677a1b08aa53efa21e076241ee42159607,conv-48,106,4,1,0,True,1,False,False,False,False,125,122,31918,31988,32,21,69,20,0,,0,242,242,32000,32000
bef7e8f867f531a1cfadafcf497d9c7b912c8fcb4d66f22d538832b408eadc9c,5128444f6531acde0b0ce44f9abe7efb3effef0c1dc329ea0abbb9c1d16dfb1a,conv-48,107,4,1,0,True,1,True,True,True,True,118,116,31984,31959,32,84,0,47,1,k,1,1,1,32000,32000
369b7faf7ec147ed043654691af201b9c00ee1700aa7c9fbf07058c8308b4e81,b3a8c3d27a82d69c890bfb85446aa6e7e5bce3feeb0f054ca1503b89846c22cd,conv-48,108,4,1,0,True,1,True,True,True,True,114,116,31942,31976,32,84,0,109,1,k,1,10,10,32000,32000
e426318d990ba82b4cc4d7fa2471c4bcb8f12543a670dd9ae7129940f15c351a,0053d7037ceb5dbc06b7cac991ec1d19a7adb0603a943e32f6a5e491ec529989,conv-48,109,4,1,0,True,1,True,True,True,True,113,116,31992,31927,32,84,0,112,1,k,1,35,35,32000,32000
3f7daf356aa794d079e69a95e54bb6fe31f2c42e2516a1f35789e6b1a962da6a,4861b4d8255ac1732e7fc27fb170f43c10e13554429c24f112a95813af9e81e4,conv-48,110,4,1,0,True,1,True,True,True,True,105,105,31996,31938,32,51,22,27,1,k,1,1,1,32000,32000
0f23ef8d799f06675376c7e11d6bc3407baf100129e354cd28509622047b07af,349267b58a07fee5176ca1bdce5af9326b65875650af40e35f4203981580b1f9,conv-48,111,4,1,0,True,1,True,True,True,True,110,109,31968,31922,32,38,39,25,1,k,1,2,2,32000,32000
ffd0f86b4d561676f2d3f48c9c4f1a8183e12798f9a2233b442eee6af9d78f4b,afb90e775a77b30b31eb1b73d0aac96462d40d8b1c55a53de56876ca60726cbf,conv-48,112,4,1,0,True,1,True,True,True,True,119,114,31964,31986,32,82,0,101,1,k,1,1,1,32000,32000
444bf90f093d281a24f09a498966f0b17a5576a5349bc6c3da79b42f0d6ba896,5680a611a356dfebda4555cc369ecaddfd942d3d4c3632592b27332185199311,conv-48,113,4,1,0,True,1,True,True,True,True,125,118,31990,31955,32,86,0,52,1,k,1,8,8,32000,32000
d23b69cbaab2f9c57f96fa5c0ae07f9632dfd0fa8394c148aca8973e40ea74d2,6ed0f137b42fdf4a0d666a70700639028df5c66c5edcc51ef2980d5205154ff0,conv-48,114,4,1,0,True,1,True,True,True,True,125,118,31984,31987,32,86,0,26,1,k,1,2,2,32000,32000
849ba027bb271231d2deb5986e0bccdd2707fba990fffb7460d12a9ff0f96943,014a4e541b344b06c49d125528dd946ba1a549f34bb80711b87419bf3dcdd996,conv-48,115,4,1,0,True,1,True,True,True,True,116,116,31999,31975,32,84,0,168,1,k,1,2,2,32000,32000
2e758daf35d89b4666f5be628ad52565178e7e160d761a02b87b26459d6d7582,88df7913e7b398e0f2398a16f548b911aa116620238e627bbee79c990f586c71,conv-48,116,4,1,0,True,1,True,True,True,True,111,113,32000,31966,32,81,0,114,1,k,1,1,1,32000,32000
eedc4c72522c21ee5a0ef40ca4af0e9aaadeeb47279aac6e2ebaad3c78a4034d,9996eace78d6281175f00b84790c87edca2e1ff68fe94e99ce298c9a23609dc9,conv-48,117,4,1,0,True,1,True,False,True,False,123,113,31980,31982,32,81,0,173,0,,1,46,46,32000,32000
5f9768c512f138e9620c9d22bce8b0c6c8a1b2fb6d12282495de336bfdb8a200,bdad55eb40912f05ea83a3aa8482fe4d46cb521a56bd179dbfff1833332e4196,conv-48,118,4,1,0,True,1,True,True,True,True,128,122,31985,31949,32,90,0,23,1,k,1,1,1,32000,32000
be8021eec6baedd6c251907a76e139ee1aceceb16e1ba4829b553855f678f1c7,81e6820389f100bb744d53674681ba99a1bf5c508a2491c5aeb4b67e23da4fa3,conv-48,119,4,1,0,True,1,True,True,True,True,117,113,31997,31942,32,81,0,119,1,k,1,2,2,32000,32000
5dd398edda04cd976acea320a56bff115c370c52810531067ee36a956b28c194,4b3c2b69d4e1bbb1301dfa07fef3b65f0192ff348f439bc73966c3fcd7da3dd1,conv-48,120,4,1,0,True,1,True,True,True,True,112,115,31977,31998,32,83,0,144,1,k,1,4,4,32000,32000
02da44516e795eaa23d9d59061a19349bc0848507e078180352086568b6033e9,814ba2d4d92d6901ebf3644cd252d81d3935ca894b960a6cc868fd112928408b,conv-48,121,4,1,0,True,1,True,True,True,True,121,116,31934,31924,32,84,0,133,1,k,1,38,38,32000,32000
98eed85cde018fcb705716e8c43bfe7b45ecf2049e732ec0c9119fa60c7296a2,463761abc77844ebe132821a9992485c2e3ede6e2da26d9a8e29c5408820516b,conv-48,122,4,1,0,True,1,True,False,True,False,116,115,31942,31990,32,83,0,160,0,,1,14,14,32000,32000
5e1d79ee4cc7cef8cb3054ffd3625b7f15840e9b617edc76434184c83023851a,e024d9cb96974324442f496f8d7b1c9fceee215a90cd880834f0e61746d43802,conv-48,123,4,1,0,True,1,True,True,True,True,117,116,31949,31942,32,84,0,38,1,k,1,1,1,32000,32000
5227bb5e16e43d0af93f7a719added80a4d003aa753f007b6b5af163ad0f8339,f0586d8b5683c6c06c731a30f75359c2a2aeb85cc1e52027d48a9e277aec80f7,conv-48,124,4,1,0,True,1,True,True,True,True,111,113,31992,31884,32,81,0,85,1,k,1,1,1,32000,32000
c9009ed7592da2e425d382f7508c1da46a5a57f4c917b1d9249a6e36e47d6e2b,8010dce098fa692af6756c04b16e1a5b3fafd4051d3da8f66aefc3c1534e90f3,conv-48,125,4,1,0,True,1,True,True,True,True,107,113,31962,31976,32,81,0,68,1,k,1,13,13,32000,32000
6977354b53a0b63d2b1e70688d5a58353fec0ddfe21b2128007329665a948b7e,29aea08cbe319f79c94726819f89b5cd8cc47b81a33131784b476fa33561f7ec,conv-48,126,4,1,0,True,1,True,True,True,True,106,112,31999,31981,32,80,0,65,1,k,1,5,5,32000,32000
5d11c4a7209f5fe3d5a0c4c4c276de54b9c57e03177e6034b665bd9be60f6c84,6857c722b2c69bccb195260a357aa3cbd4c3f7ee03d994c84fe9f9bd62e61d39,conv-48,127,4,1,0,True,1,True,True,True,True,105,106,31982,31998,32,74,0,25,1,k,1,9,9,32000,32000
05151a6cc99a7fded37a52d3f27a60598e1b5d82314e4bf689a888be861881c8,3b6b7ddd10b83eea76c3e1ecaf5f569b907c3bfb9297cb6ffdb799c787459e2f,conv-48,128,4,1,0,True,1,True,True,True,True,112,114,31986,31999,32,82,0,46,1,k,1,2,2,32000,32000
66477bbce4137a1edb70a86f120e7b596e397ebd4fd7256b736715b52414647f,cb1276c6fd67011cd949f10f6d849a1f6aaf8fe3703bb9a6dd77678e96d9f972,conv-48,129,4,1,0,True,1,True,True,True,True,125,120,31938,31916,32,76,12,22,1,k,1,3,3,32000,32000
7259cb53875af17a28d69eacc3fa0df40546bda45c3b46e53969c29cf5f3b30e,6d7197ae92acabdd1cf6d059ec127dccf8564c6cea8fbb5612f9b6954f301227,conv-48,130,4,1,0,True,1,True,False,True,False,112,113,31948,31920,32,81,0,155,0,,1,2,2,32000,32000
32395b30caf6ea6bd1513c32566a004f68a28173c77778ab2fd0705028b43efd,fea5fe85b3928d4e3aeae266fbc0091c1f13f110b306bfc535ffac98243bc553,conv-48,131,4,1,0,True,1,True,False,True,False,115,117,31916,31961,32,85,0,146,0,,1,106,106,32000,32000
b79f18de0d3661d6139d4dc8fe770e0148d23f0c9899e8f32ee5748a8760767b,1df9025c57830bdbfa11baee69d30b1e701993e43f99d664936641ad5eb528c3,conv-48,132,4,1,0,True,1,False,False,False,False,122,117,31946,31985,32,85,0,154,0,,0,264,264,32000,32000
d21bd33beed4e65239edbb4046587c92e68d594ffe181e19e46640edf63c5195,1a0a7f3ddaf2c39b5a3c7ec973fd19ed280335b201a929e2dcc7c55319f99da5,conv-48,133,4,1,0,True,1,True,True,True,True,118,117,31981,31982,32,85,0,62,1,k,1,17,17,32000,32000
b1604fd0d51110db439aafde1d74427226069915482cd8ad7145282204060074,806bc88920cc521ab59ae19d2f5bfab7a974fe0ef1eec3a3be4d2312a9b014bb,conv-48,134,4,1,0,True,1,True,True,True,True,131,125,31992,31907,32,57,36,24,1,k,1,4,4,32000,32000
28d6c8aa7e1c9e36c622ef76e6ce8b1605ce312fd5217816d862881cd61ca650,2b053de0740f95b7969dba48db35b1c158c48bdfc8014c481bfd0a235660b71c,conv-48,135,4,1,0,True,1,True,False,True,False,123,119,31962,31962,32,87,0,106,0,,1,39,39,32000,32000
ff8a18782f86024a14d3e7cf56f5de548adb5f521a10da3e618a9eae715ebbcb,4117400c5f9ad9b1a989ee6e435b930bec978290b01d6d2276227a0259334b49,conv-48,136,4,1,0,True,1,True,True,True,True,120,115,31949,31985,32,83,0,82,1,k,1,1,1,32000,32000
18679027af54f5661451e56bc1579dfd7fbb987a77123aa242ce0873494cd922,6a1a85b020bcbe3736043ebc82acc4b0515d0a6ea9052f5f68230487616840f5,conv-48,137,4,1,0,True,1,True,True,True,True,128,120,31991,31992,32,88,0,37,1,k,1,2,2,32000,32000
354302a9c2fe1ef93b51cabe59c26431efd8043ac59eac52e7accbffff38bf18,afbb23e1e4b2df726f16b28ac86b7f4517040f2fbfdadd4f5e3e841b99cd9f88,conv-48,138,4,1,0,True,1,True,False,True,False,113,115,31945,31948,32,83,0,96,0,,1,1,1,32000,32000
ce8621b4a9c16211a88be35befe28fac16efbf57a51878e8065d8e5e16e9de47,b5a0616c48d81c517300fbcc5912a0a1fb0578115e726d3cc605a51ad831e839,conv-48,139,4,1,0,True,1,True,True,True,True,124,117,31919,31984,32,85,0,62,1,k,1,1,1,32000,32000
0d3665ec4677356c1576e9abc36a27f304c7e707fba2b2cdb1e849eeef498619,3370116aaa82de8a3b1ab3205c4b7f1c33d936d50daa5aa778f613d07a380538,conv-48,140,4,1,0,True,1,True,True,True,True,119,114,31999,31986,32,81,1,25,1,k,1,2,2,32000,32000
7a01cfdff091f2b664b4eaeaa069fe9b7dd184cc82b36056baf0b94af4567273,9c7532401d2acdfec9823f233cfd2437d5ca7a867e2293edd4f4df3fafc67a1d,conv-48,141,4,1,0,True,1,True,False,True,False,132,120,32000,31977,32,88,0,74,0,,1,16,16,32000,32000
8bd1b296522a4a72b4633ee4907c3a2f9e611578273520bfec11b06e79567d31,1f4c3649f5a590bb4e3b1c639980cf83e52d65e799858daf2f6a82787ad0c4cd,conv-48,142,4,1,0,True,1,True,False,True,False,124,115,31950,31953,32,83,0,118,0,,1,1,1,32000,32000
0124bc447d48d5a4ffe2de56bd8624392e560cd0e8f34147d972b8f7104e3991,0ce7af4a636aba8b7b15a09338c66253f3b6d6701e493446f518e990cd1cfd7d,conv-48,143,4,1,0,True,1,True,False,True,False,130,119,31981,31941,32,87,0,104,0,,1,2,2,32000,32000
0a7f66d5a886b4d7083c9abe3cddea861e6610b9c2668ee90fa365f812f3419c,ff4084b6d3acb423c8d98400bc68fd35c430a34441277a72a8b24f4d62d6c230,conv-48,144,4,1,0,True,1,True,True,True,True,130,121,31931,31976,32,86,3,27,1,k,1,1,1,32000,32000
16648a3a77d3c3a4e2eea7d048165098adf0f3ad8e8c0f72bf14fd3a82710cc8,910fc0171e3fff27af4b6fc133a6e2f3c1cb822a7a4ddacc162e7ac5e75cb349,conv-48,145,4,1,0,True,1,True,False,True,False,108,115,31980,31988,32,83,0,139,0,,1,5,5,32000,32000
1dd036332534d3ae739c45a15421914b6eba9375a96765fa0c412fdac3f192da,8d798eb12f79af7a50657f48206a25c5edee56c801e140efaf089b4c67a0b2b0,conv-48,146,4,1,0,True,1,True,False,True,False,120,113,31973,31944,32,81,0,197,0,,1,4,4,32000,32000
148a399ae3dace2b24b107b566fd2454016702611b80e861bc930d12cfb455b8,e3a0c8c9aaf7093cfebb8a1be19c8790eb8f0f0400654ddd34dbe1bddef7c660,conv-48,147,4,1,0,True,1,True,True,True,True,109,109,31924,31919,32,55,22,25,1,k,1,1,1,32000,32000
243c156fa11611b2cf901f4207d5c906ebe9e5fe747ac376fbeaea97c703d089,0a52f903738e317977cb9f874245f18e011dfe5085d9843403e2f581b42e0f33,conv-48,148,4,1,0,True,1,True,False,True,False,114,118,31973,31973,32,86,0,85,0,,1,1,1,32000,32000
be974ebb1466ae28f51d4829fae1a1af9f5b85406eafdee7f33fa56eb443ec66,d5d83e6dc70a7340a8ed8053dec6a9ea74385fb990f611faa53adf03899eb2af,conv-48,149,4,1,0,True,1,True,False,True,False,123,118,32000,31994,32,86,0,75,0,,1,1,1,32000,32000
bfe7c7fa142d3c362bd27aea300ffa9466350ca6e5423aea969121b6dcb83cc3,e70a085d2af1b93371ea7d8772908fa629b5f40fa4e1bcb4c029f03056138113,conv-48,150,4,1,0,True,1,True,True,True,True,123,121,31969,31847,32,14,75,20,1,k,1,1,1,32000,32000
9ad1338dccac101f040dd07f7035454048649cd065c37e4fb1a3cf80bece3751,eb1910ee9f40d913b90ee69c8b5a8ead6c1323607ac8b6b7eb81aa43eebc6198,conv-48,151,4,1,0,True,1,True,True,True,True,113,115,31935,31988,32,83,0,31,1,k,1,3,3,32000,32000
c3a3ce7ef3bebfae7a65a76246f4a310457f71f1991311b217a1bc4a164ea4f2,c2a0450c33bf6bdc38f9dddbaabb4bec11042f3321a14457ecac60de35cda1fd,conv-48,152,4,1,0,True,1,True,False,True,False,130,119,31942,31980,32,87,0,88,0,,1,1,1,32000,32000
4bdccb66e841cc9a2bc2ef8f0e3e4cefa42480b33590e8ee58fa98135f08c623,94892fa85d27a1ede09c683dfe6a37591c8d7bad764ce051f226dc72c6810de9,conv-48,153,4,1,0,True,1,True,False,True,False,123,116,31969,31976,32,84,0,91,0,,1,1,1,32000,32000
f64c866df06fc6665006667d3d3a7cbafae4589d00398d32dcad10a914dc3f2d,5e19f36a3ceade092f16f2f2eb40291b0267bb0ee9a8dac91e13271d6c5ecd02,conv-48,154,4,1,0,True,1,True,False,True,False,114,113,31987,31990,32,81,0,116,0,,1,12,12,32000,32000
1ce5b8ae27e4922b3c9d95365112044cfb8bfc69d797c09d9dc864fcc8c811dd,e9fb33f07e85f3caa672a6a5681affe5db6d701c378d07c5f60b3ca17c6b264a,conv-48,155,4,1,0,True,1,True,False,True,False,109,113,31921,31989,32,81,0,127,0,,1,6,6,32000,32000
b05eaa37ad80de29e010805e0a5b311b8349924bb39d0c250feb271773cffe73,c3a95380af6747f053353e4f7b8861748a5fc625d3a3bfc733f3bbcd4485cf8c,conv-48,156,4,1,0,True,1,True,False,True,False,108,110,31974,31976,32,78,0,44,0,,1,2,2,32000,32000
10fef3238cdcc9a93155423171aeec3e3c2f71aa5aef159f1531ca4126bb9357,7dbb859072c6ce8adf85c89fa9226790d27d5ca3547042c8893b517be5c3fe1d,conv-48,157,4,1,0,True,1,True,False,True,False,110,113,31991,31966,32,81,0,49,0,,1,12,12,32000,32000
c1269d74193f95f773c3acb9709b63c4164422f7b778358d9abf61cca1747d0c,782bd7c761667be91791c74677b2986f83af485ffce76805ecaffe8fc66ea65c,conv-48,158,4,1,0,True,1,True,False,True,False,107,116,31992,31961,32,84,0,152,0,,1,18,18,32000,32000
e72fdacd81c7f63e66dee7b1ea5637ccf111121f1a23cd9c7634904860831c71,e9f12b9fff4b1822c966cba4105a7e3b75e70943e299f3adb9716a7b66308ad2,conv-48,159,4,1,0,True,1,True,False,True,False,109,115,31988,31974,32,83,0,125,0,,1,1,1,32000,32000
6ad8fdbe3adf599eb2605ddbd8d26a03c54f433ee2931382fbd1ba621925be17,dd41aea670035e9790d8d3f63986e23283bbc6339eb41093641014bc87363088,conv-48,160,4,1,0,True,1,True,False,True,False,118,117,31990,31981,32,85,0,75,0,,1,14,14,32000,32000
8b4726d8784d129888bdd701f91035e29ac612f037745379a70bc6005f952b71,1a3f14ff706eab853050fc9c65b93a509c44e7db36e397166573a9fd17094c52,conv-48,161,4,1,0,True,1,True,False,True,False,105,109,31959,31983,32,77,0,25,0,,1,1,1,32000,32000
9295ee280ce583c3d9c06b75393d4d8016abf7ee01f8aaf51834989a83e3c209,5dc3665b68ff5399bbf8a2210cb1f22a74af091d34e41e85de887dda8acfc156,conv-48,162,4,1,0,True,1,True,False,True,False,112,116,31989,31995,32,84,0,70,0,,1,2,2,32000,32000
924c991c3884648ad2ef762aa405229a238316b1fca2513eee10b0ed2d8bae44,689c1b854c7e2ebb48aafee07f3e8af3a4384de8b33fb48939797c921ea17536,conv-48,163,4,1,0,True,1,True,True,True,True,133,126,31947,31947,32,67,27,24,1,k,1,2,2,32000,32000
231f8231cb2325f5d0ac05541701021acfd11b169463bc8167cd849407165346,b603f5d26957c0e7be3375d86ac9663562347dc9085603036b4fafa6460188fb,conv-48,164,4,1,0,True,1,True,True,True,True,142,137,31991,31924,32,2,103,21,1,k,1,1,1,32000,32000
03bcda7eb1b8a87f2145fd0e9ae07634d6b837b34312431136e094625f14bd77,b28e2b446108cf32d0d920f42369c3ec86ea1c22f04f638fcaae421f1fadb744,conv-48,165,4,1,0,True,1,True,True,True,True,119,117,31974,31980,32,57,28,24,1,k,1,1,1,32000,32000
ffe6be1c1e6fc58a4ddfbe92cec29f9345522844751f689e581bb9dbdf7fab11,bc9322918e522f25729a90c25bf27c0e0d45cd45d17fb35519446c0b5fc00df0,conv-48,166,4,1,0,True,1,True,False,True,False,117,117,31920,31962,32,85,0,153,0,,1,1,1,32000,32000
d37b7904751d50d860e0fa5243c2a879c130e1d44c6a58000462ff278e66215b,c9c48051f67a39d646971e4824e06c07f3723e01382d945a2e92f230095892d9,conv-48,167,4,1,0,True,1,True,False,True,False,116,114,31941,31998,32,81,1,43,0,,1,1,1,32000,32000
e83935d3f9c97f0c027f65cadb65248adbd7bcf82e3fc548a5bcc72d79adcd32,ced1c06e4d71ec9b290d82033d0189aaec549f70290229b31788ef60920da247,conv-48,168,4,1,0,True,1,True,True,True,True,123,120,31990,31924,32,55,33,23,1,k,1,2,2,32000,32000
adc145ac4440adf59475fdbe13c15316e40bbda0d7c646b727dd6c84063cefdd,0d47db9c0ff623228775b5caec668c57093bbc464205d6aa161fb5d48deba7c5,conv-48,169,4,1,0,True,1,True,False,True,False,111,114,31950,32000,32,82,0,93,0,,1,3,3,32000,32000
6a2e2bcc4809c7591584ebe2c8dcb213190f8f77b286f45e99375a3f897af251,aaa59825bdc65a7b0cd1b80f1a835f209195a6f4000895d06ad7a1f7bdf39216,conv-48,170,4,1,0,True,1,True,False,True,False,106,112,31995,31990,32,80,0,40,0,,1,1,1,32000,32000
5fc415b911560eb402b6485ca4cf0a4f1906f06540ad2317f424105fdc9372bc,2293d4b36a5f900c257baefd1ada76f76ebd9bcdd6e80b70d1a66c00e9506e5c,conv-48,171,4,1,0,True,1,True,True,True,True,117,115,31969,31898,32,8,75,26,1,k,1,8,8,32000,32000
ef42276ecf7abff8bfd9e6562eacc366e69f7441e93d0b2089b7577a5c7ae52c,37df5a67ce0e11f219a87c667ab37dac9120d246231de13b238d88646a36a095,conv-48,172,4,1,0,True,1,True,True,True,True,117,116,31947,31871,32,23,61,20,1,k,1,1,1,32000,32000
4050bec28d8fef4657997f39711c3b8ddc40925db53ffb11cb483774297d7089,775592f31677303e5269062c6e0debf3ed3018732b4d78aad28d27d7469211ed,conv-48,173,4,1,0,True,1,True,True,True,True,120,115,31952,31928,32,76,7,28,1,k,1,7,7,32000,32000
46d16c4aa76190fda3a82b7ed3b2c27e6688bb15ccd98427096bd45602d55844,daa9569d658422f3463665532af70969be5e8e6b55f74304d317c7989ecedfe3,conv-48,174,4,1,0,True,1,True,False,True,False,121,117,31994,31940,32,85,0,90,0,,1,2,2,32000,32000
8ac1505119250a68c0b7496a2561e178f88b859d8af29fdb1bc02fe4ce40d62e,c1eda7eaba3caad68209d9aa99806798620afa9e7090bc430a6a6d2ab233ec7c,conv-48,175,4,1,0,True,1,True,False,True,False,117,115,31927,31993,32,82,1,26,0,,1,10,10,32000,32000
aaef0bba941847543076ea29babf553ab671c842b91a367965e828f01a5896b8,de3823e864c7ccc36543a305f58f9f62531973720fefd3ddd440637c9ec92143,conv-48,176,4,1,0,True,1,False,False,False,False,105,110,31992,31997,32,78,0,102,0,,0,118,118,32000,32000
b1e8977c0c85d803c9400fb2f2fc2816eaf052251d6ceb6d6344097a9c63cc61,317361448bbfdfd4d802243102988ffa5e38619072229f9aa67a79fc1ff13317,conv-48,177,4,1,0,True,1,True,False,True,False,103,115,31999,31928,32,83,0,154,0,,1,35,35,32000,32000
32f192999d0705a5e7f8b7ce8062615edcd31825efb76bf81ca84d73d93051fc,0f1fe3c1c5867339e3d3ae89afed9fbf24cde7d447c04833af6ebea4c3f64788,conv-48,178,4,1,0,True,1,True,False,True,False,107,113,31961,31979,32,81,0,116,0,,1,4,4,32000,32000
a588013a9754b424285eb66413d1d5351682d87d765909d8efdbdaf9c8916174,6540a10d3cb6e0c91e4c83980065bab47eeedc0053f93cb65b8f8a10a2c1dfbc,conv-48,179,4,1,0,True,1,False,False,False,False,122,113,31991,31931,32,81,0,175,0,,0,148,148,32000,32000
6034dff6eb890315383e967c6beea1993a45a70bf4ebfcdf186b81f0d4c4054d,13aa971de75054536c32a4a9a601e79a98990dfca0378fd04e6bf7eea8826ec3,conv-48,180,4,1,0,True,1,True,False,True,False,119,116,31932,31959,32,84,0,31,0,,1,14,14,32000,32000
665180dd8d7ac6fed8fd2123869d52b21a0d7bb61614d748feed673cad755020,5619e17c4703896ae97d4d666c98884cac829fc391e730f99078a4f1b8200ace,conv-48,181,4,1,0,True,1,True,True,True,True,126,125,31998,31956,32,29,64,19,1,k,1,1,1,32000,32000
8cb145b464aefb622c415b755278dba0aacb5110bad70de65420f7c6876700c9,65ef78e5069de4de30495ef69966f499ad8080c254296d6e9e65048307eb4f37,conv-48,182,4,1,0,True,1,True,False,True,False,106,116,31981,31987,32,84,0,152,0,,1,20,20,32000,32000
c6dd15b55a214128281ec84c47b8c6e4f178bb1c1341b4ea0d0bb423f0da9e6a,ad8d1d5af19987158a2cc7ccc6f59894632f0bb082bcdd70b6cfbbfbc2dbf1f7,conv-48,183,4,1,0,True,1,True,True,True,True,130,127,31956,31889,32,81,14,22,1,recency,1,2,2,32000,32000
5f1366f26decdae300b4a378f434b4a678863f5229c85e6038103207ec996629,1bf85a9e1f3af4a7e41ff61a45e581541ca65a1f97eaecfb71a8cfff43cd8b55,conv-48,184,4,1,0,True,1,True,True,True,True,116,114,31920,31936,32,82,0,26,1,recency,1,1,1,32000,32000
09d5d6c0405f6990baac718c38c7970bb3c90d51adbf9fd58bb5e8a610f5b496,018dd36286621dd4cfa11880009babba5061a32cb7310a1be1e8677440bebda2,conv-48,185,4,1,0,True,1,True,True,True,True,113,111,31996,31942,32,47,32,20,1,recency,1,3,3,32000,32000
ef6e1a18108d76e0caf21fee530f4d3a48af326a6c39888b943e50606b689c9e,4e7d8ce077f1df588f4f942bcea51332f331704ac79bcd41c53731d9fed247d2,conv-48,186,4,1,0,True,1,True,True,True,True,116,115,31991,31943,32,35,48,22,1,recency,1,1,1,32000,32000
13f95e5436e58e7115280159897678df5bf8fdc940cc8b3624c2a620e52e2427,f2f9ea406caf97138633ab1184434661b5fb5f32d8dee93588ab969d0f393114,conv-48,187,4,1,0,True,1,True,True,True,True,125,118,31980,31915,32,86,0,47,1,recency,1,1,1,32000,32000
2ca43863fdd8664ef8d6c37f4bebefd396e739a64554e6f5480902ca05cdbd21,185dbbe94333c6a854f85c2184953713fc4de7e5a6f4fb33beff2f058653bf99,conv-48,188,4,1,0,True,1,True,True,True,True,123,111,31937,31903,32,79,0,214,1,recency,1,9,9,32000,32000
46cacc0f5e299e5728c5fbcf16ae8227e5c998bf8c7c036eb4c7d5020cbe81c8,0652b1273816744a6327993ebf8bed4efd47c5a5be5de8fc9f71e0f37bee3fda,conv-48,189,4,1,0,True,1,True,True,True,True,113,112,31980,31902,32,80,0,32,1,recency,1,1,1,32000,32000
a51bfa9688aa5c407f78148344041cfd1cf9bfd9f6f9d3f693248aa1e2c95c5e,e602992e72d0cd455f50495a47edb75e265086b37deca964762ff3be75fefa30,conv-48,190,4,1,0,True,1,True,True,True,True,108,109,31992,31985,32,77,0,74,1,recency,1,1,1,32000,32000
cb58c31a0b6d3dfb5958b095304a4e8d762e6acebb2a60d911ac9e53683d7c03,ecbfa1025cd6a1f99eef285c7494938da01c006a3e3f7c33a227f92dae7e10d7,conv-48,191,5,2,0,True,2,True,True,True,True,135,130,31916,31996,32,61,37,19,2,k,2,1,14,32000,32000
e75cdf6cb90f633ad27595be5dafde60975a8ce1be4eccb8e4a70456b686ca6e,e64adfe13069ccce8074d47cc172407f30c92bdccbf571db29c5b1737b1700cf,conv-48,192,5,2,0,True,2,True,True,True,True,129,121,31968,31989,32,16,73,21,2,coverage|k,2,21,95,32000,32000
203cd87ffd91055413799c69d905ea62348f2468a980f6a3325612f616f206b6,142112f016d077fe6e3c64f7d6fce433c078c2e246a3c3f7c544daef359ddbd1,conv-48,193,5,2,0,True,2,True,True,True,True,130,126,31957,31998,32,94,0,19,2,k,2,5,7,32000,32000
43068c63b94b84478eedb25cb41fb89e364a6c82a75656e15d1da15b3fcc7f80,e643ec47890b8006dfc8559c8bda241331760bb92733642dcfeb2fc4f33fbb11,conv-48,194,5,2,0,True,2,True,True,True,True,136,128,32000,31911,32,15,81,25,2,k,2,1,2,32000,32000
910de9b3bd0f5e3cd5dbe392a7159dc9c7d9a575703a7a79ba76c181a298c2f3,fe0ebd21b6daec913458335037ff31ec8fce62eb2eb8e160c7893107479e3967,conv-48,195,5,1,0,True,1,True,True,True,True,122,120,31964,31987,32,15,73,20,1,k,1,4,4,32000,32000
6fc4cfef09c9ad915449226e3fba82873f0190d8cae5874d35ff67936c194e79,fc503b793ad0f621511974eabfe04fa8803ab7ff29871deef46bce5abe4b2f3e,conv-48,196,5,1,0,True,1,True,True,True,True,127,124,31961,31971,32,84,8,21,1,k,1,22,22,32000,32000
53b28669d2384e5ad7519ce41f74484b9d8bcebd57b398019ce829bfc623c593,e21a8a21f4b37c8e474b047ee3a48cbcbbd1a6509a11e4fb9e8513966f2e97b6,conv-48,197,5,1,0,True,1,True,True,True,True,125,120,31972,31911,32,88,0,23,1,k,1,2,2,32000,32000
5e2906225b5043c7242b46ffcc2b6cdcf2dc713b06428570cc954c586e50647a,4ff46054b47d581363d7097349624f7ee0bfe218118c7e1930f4f379586fe248,conv-48,198,5,1,0,True,1,True,False,True,False,125,122,31951,31997,32,27,63,19,0,,1,112,112,32000,32000
5c4c93d7cc99aa55cfdcffd32f4a0a6b414d2648faf7bbcb7fb0243e3b9110d7,5b360c6b33532ce492258ae881c33b7de2c91c6f922a50477e6d4ef354d86d46,conv-48,199,5,1,0,True,1,True,True,True,True,118,116,31957,31949,32,84,0,132,1,k,1,72,72,32000,32000
eb333494ee59cbcfcb0cdb051f27baa11ff853207ffcba720b6f2e4bc86f249e,a912bfc46c9fb479981d0413ca2bdcea60caf834f299f5953d2d2686f84a894c,conv-48,200,5,1,0,True,1,True,True,True,True,113,114,32000,31987,32,26,56,22,1,k,1,2,2,32000,32000
f23bbab4fa14a0c39d57de9cdf8df599a5f56e7a1deaa6eff9e61aa7539ec0a4,aa2591d81135a07d3270e29824d8a0d2e73b3debf01a5f6a9c4dceb6ad5c5b95,conv-48,201,5,1,0,True,1,True,True,True,True,118,117,31951,31906,32,85,0,17,1,k,1,1,1,32000,32000
49d3385cc5e2adff17649974783b0fbe3456978d5fa88b21b4e0e58c4a4249db,b2de63517f222d338ecdf8022effecf35319ad447d1148c159ebe67b47a77bae,conv-48,202,5,1,0,True,1,True,True,True,True,116,117,31956,31942,32,85,0,72,1,k,1,9,9,32000,32000
d67d03493326514f40342dd108d82779ad0b69fb20ba895d66b0db0c7b379ee2,57558a03436c78a4f53291c7db6580bb9e1c7b91952f67ef03519982b95a0361,conv-48,203,5,1,0,True,1,True,True,True,True,124,122,31948,31998,32,66,24,22,1,k,1,3,3,32000,32000
70415c25a16e0f9a752cd3ee13007d11aeedf2ab5d63342c43e0614670dbb1fe,b2804592c1eefe4b04890dc60ea80f000626c2ec386ce7023c319870d17c849b,conv-48,204,5,1,0,True,1,True,True,True,True,117,115,31988,31987,32,83,0,145,1,k,1,3,3,32000,32000
cb1a53c11685f0569d7233dbfdd4ae9b15f021e106a187720c42d94a67e34669,a10263c66168aac03904e8d16a1319468bd0c7ef50641843629af27075d6c94a,conv-48,205,5,1,0,True,1,True,False,True,False,117,115,31954,31958,32,83,0,195,0,,1,7,7,32000,32000
613a36700245091df93565ef47e1573b4230ead59e8209d9b63a978585225c2d,152526494997b4a3ec8edb84ce7d0a7f793d912d192d0f297001a9ab9db26216,conv-48,206,5,1,0,True,1,True,True,True,True,111,114,31967,31958,32,82,0,83,1,k,1,9,9,32000,32000
6b0e7ce17934741fc4d59361e409528a48c13abd964a49db958f230b61cca047,3a367a34263073cc71d2a08d18d91a0481c15866ee0648960a9fb14447ff213d,conv-48,207,5,1,0,True,1,True,True,True,True,105,108,31955,31938,32,76,0,32,1,k,1,64,64,32000,32000
0c3ea400b92139c937dfbc5de480f4fc89183a8f01c39c64ef43fa5b68437bae,62d3200934e200d7222112eee14baa3cabd047eac65550ee0bd0b2e5150df45c,conv-48,208,5,1,0,True,1,True,True,True,True,120,117,31990,31985,32,85,0,23,1,k,1,41,41,32000,32000
deca094b1125816dc3c1d359b0fda3b404cb7116efa1c0089ae231686558929a,3219121229392fd5e5416c7827049a995d947973530b8e98813b1bcdc6b4e2e9,conv-48,209,5,1,0,True,1,True,True,True,True,116,113,31915,31990,32,81,0,102,1,k,1,26,26,32000,32000
8d6bbfd1eee31fca46afffd13b4c7f7121031e781f7fc0c5d94b73cd6b54ab72,f05902d43a348f715a4356bcd1fb15f7b189cabaa641e1ed9331b87673087f04,conv-48,210,5,1,0,True,1,True,False,True,False,125,115,31973,31987,32,83,0,123,0,,1,25,25,32000,32000
284f2f61c6ab4a475bdec440775c2c36a934777662dddd38f5fb4d0dd5f76eeb,1cd587b246bdf181721540216bb224edd0d77605fd0e89bf8b59a4de2a3949b8,conv-48,211,5,1,0,True,1,True,True,True,True,131,126,31919,31916,32,77,17,24,1,k,1,2,2,32000,32000
1a3ad3ecbfa66e62ac4a10673ccb44289fee56c54950fc16d661598471b50f65,0ccba411918b5d4262935ab8482473fcd7a869624d18b4c7b8b0b5c50f077179,conv-48,212,5,1,0,True,1,True,True,True,True,129,119,32000,31966,32,87,0,73,1,k,1,67,67,32000,32000
84c29e1ce33ae2b1b94aff646d6c2ada96b8747c24f20c635b79fab41aed178a,0d34eef92d89897e08173f9db8d5ee12ecd7439b5600dda65eadf77b941a905b,conv-48,213,5,1,0,True,1,True,False,True,False,108,114,31940,31986,32,82,0,92,0,,1,1,1,32000,32000
2112becfc5ec1705caf78e17640a03dc3bd6cf65179b4c682cd21f5f93d69afb,098df0b45b3394a163a9f29ba2a954c612c1be5a2d64e2461e79cfa34c551e90,conv-48,214,5,1,0,True,1,True,True,True,True,119,111,31993,31901,32,79,0,33,1,k,1,1,1,32000,32000
25b36410abb9d0c7568c64e3492862468e366fad7da1a101fe3fed978dc59b58,186699d2d95251d70aa8d16ee03ce222e7d41677b853aab7786c89102b9b3761,conv-48,215,5,1,0,True,1,True,True,True,True,129,127,31990,31951,32,73,22,18,1,k,1,2,2,32000,32000
7a1c2c3bf34ef36c2e54a6fc1a851a63e542fd29a84f23c875cf68a7236ccc1e,7ef33e536006de1ccdc6a185ef1f32c17c6623d5443bd0b609dbb7b5a22d462d,conv-48,216,5,1,0,True,1,True,True,True,True,115,112,31969,31970,32,57,23,21,1,k,1,1,1,32000,32000
ed35d7c5f50a42cd9d85b7bbdd97881b5388bdc725ed3139c3b25ff210f370e2,19308e9721c0055d65f2face19f12357840497f735cc22487c70a6fc30a3bca7,conv-48,217,5,1,0,True,1,True,False,True,False,116,116,31943,31985,32,84,0,88,0,,1,1,1,32000,32000
4a35315eceaa0c7d508450e8a70e13b3d05b3cf64343f1595f835c28292bd382,763580bb33217f48883eaa3d8ae13c99febd9a4747687ab8e8a43677f9ea1475,conv-48,218,5,1,0,True,1,True,False,True,False,123,115,31998,31949,32,83,0,179,0,,1,5,5,32000,32000
e09412d68f3fab95f5954f7012aac9144792fe27578b31286e5677de1174d69e,6b9ea3173d19da1b3ac305e39d549e253549487408c2fa352b4143fd6cabffbc,conv-48,219,5,1,0,True,1,True,True,True,True,127,124,31993,31893,32,16,76,17,1,k,1,1,1,32000,32000
4e1c16cba2b70dff2b404af312157eca9a03aac7a80490c2d4cb9d275e23ef92,042d02c64cd5113ba315a52bc9c84817de0410550606f2c592598b77c340e6f3,conv-48,220,5,1,0,True,1,True,False,True,False,128,119,31975,31977,32,87,0,70,0,,1,1,1,32000,32000
dad53a0b3c0cf4531ba0a453080e28738b9669970beb1e4274a0f1091594d136,6e80a5debb5c505864d0a2f91c040cddff51eb973d29efacd04615321066bf91,conv-48,221,5,1,0,True,1,True,False,True,False,119,116,31989,31989,32,84,0,97,0,,1,2,2,32000,32000
1ce26e69cb7b5f1f6750d8a98ac104321c1d6340d55c5164ec0d2625c962a7b1,df98b34b4b2655e7e816e8764e849896e9a97711f37f8de01eaefa9d50d5e392,conv-48,222,5,1,0,True,1,True,False,True,False,115,115,31988,31956,32,83,0,138,0,,1,1,1,32000,32000
e076157a670b03aa1ffe8ec253f5830c723343f6ced9b10b902c41dd973e36ae,f51219814b98a7a5c7da940079d75df34233e3dcfe4014de867fea39bb81fafb,conv-48,223,5,1,0,True,1,True,False,True,False,121,116,31962,31954,32,84,0,68,0,,1,17,17,32000,32000
13c19b8d93a465c21b9a9892c508e64ae7429f9607db045a29bacb7ef33059ae,f9afabae12c64a39b051b0d85a6dbb0b8471c269b6743e0d01ddc4192035345f,conv-48,224,5,1,0,True,1,True,False,True,False,104,110,31931,31987,32,78,0,30,0,,1,1,1,32000,32000
d3fd7d76a5877ef4479bef6306edb546a3b22ccc7d81130450f97ebcd94f1d2b,d4d61a70f600cb46e0bc5afcfecbbb6bb2ed3e5e0559d384c4554ba0b70cbd19,conv-48,225,5,1,0,True,1,True,False,True,False,113,115,31924,31989,32,83,0,56,0,,1,2,2,32000,32000
fb9222a2b3256f00c673c27900930e1b423ebbbf4bbec88088d8ddd93244eeb2,f61d9619e019270b8134e853b23a05258237553d89ad1623085b9bba40595f4c,conv-48,226,5,1,0,True,1,True,True,True,True,128,122,31960,31997,32,77,13,27,1,k,1,2,2,32000,32000
435775422a4437ac19ad07e5bead1dea816b52dc36a890c9dd1da4d60f2c266b,c546c564d482a8dae12feb6239a4d9308f4111a76a2387e14df84cebc30f3c74,conv-48,227,5,1,0,True,1,True,True,True,True,120,119,32000,31923,32,62,25,21,1,k,1,1,1,32000,32000
c244b3cbaf33f1db1a3a8ab01a18abd9c55073309887d689936f1ee10eb59336,1ab52df65eb1cbf59822406ebc483ab49bb189fcd76ccc588d7dc664118f0488,conv-48,228,5,1,0,True,1,True,True,True,True,130,124,31975,31976,32,65,27,24,1,k,1,57,57,32000,32000
a36d682e132882f017b92229666b85e86658056cc018f9011faa83607b61014d,9eb21c32ae8d285fce6c6519a2cfd98140a0c392ed24d4bc0600cd4396cced30,conv-48,229,5,1,0,True,1,True,False,True,False,105,107,31994,31959,32,74,1,24,0,,1,1,1,32000,32000
c900a8f9029538afc86ee84aa232b26e873c3b3581f216cdce90422ec27d8f9b,9c87801b39863548a78add4f145d0e0c391d1b91b49ec88febab8f4e867213a1,conv-48,230,5,1,0,True,1,True,True,True,True,118,113,31986,31976,32,8,73,26,1,k,1,1,1,32000,32000
55d37def282ec957fb2985876aa4757c6d05e7ab8d3716927389bab505036581,31a6363821e68e2d267dd29e0c41625cf48d2c7caa101421b917a621378c0fbb,conv-48,231,5,1,0,True,1,True,True,True,True,115,111,32000,31979,32,34,45,24,1,k,1,1,1,32000,32000
534b5d3b41067844f273f509b01fc1adbd251598f3496b6f4f5312d2f85f5af8,c59b3f3594581b4ebe2c5133932e3af88b4c36223dc8b492cb4752276fa96529,conv-48,232,5,1,0,True,1,True,False,True,False,120,116,31930,31897,32,84,0,26,0,,1,10,10,32000,32000
c20249e03a81f1c7eedbbaaf2e0cc72fbc4ac539a3f13727b01328f1ceef0cec,84e11eaa497f9ebe8a1825f1419372608e1632ff0e253056e310eaebadbcd56e,conv-48,233,5,1,0,True,1,True,False,True,False,116,115,31956,31957,32,83,0,62,0,,1,41,41,32000,32000
9c2211bfe4a3ec843770c61d3b68d866db6ccc02e8effec6d386f421b94cc7fa,37ebe4fe4ebd0cde3aa89d4b7995a72a09a994f06f393b9da604c946edd4545e,conv-48,234,5,1,0,True,1,True,True,True,True,121,117,31979,31926,32,36,49,24,1,k,1,8,8,32000,32000
a4978e92f4f77283dbd4bd460c89bbc5ed2545d5e6dd0c619f0bbf9cab10813f,a946feba82bd42b49a2c22e719d87f7dd4ea54fe45595b6aaa0009ec7cbba79c,conv-48,235,5,1,0,True,1,True,True,True,True,115,112,31959,31940,32,80,0,35,1,recency,1,1,1,32000,32000
807e37f8ab0febd87afd6db8cfe04d8e92c5ffca83dc368df57e51544f296a8c,5a5a8109af9f48a39961c3249c33039457ad9a6af4bdf727388f1a27cf9c2651,conv-48,236,5,1,0,True,1,True,True,True,True,113,111,31970,31872,32,51,28,20,1,recency,1,4,4,32000,32000
7ad881106513a3445ffcae63d5c236c0119fad38093ab2fd8445e5682bb0b879,f1edc78848b9a2c35053ac0a8911a3b1ae6ff7e60c2fe171bd6791bf05cf5d3b,conv-48,237,5,1,0,True,1,True,True,True,True,128,119,31924,31980,32,87,0,62,1,recency,1,1,1,32000,32000
32ac06a0b932b227e4420cd542a6a81667a7d235367acdf4232353f9c18a0e4c,65f777428b69b3b5708946d3f3ec260e1c510b13517bdf7de2fdfdd567cbddd2,conv-48,238,5,1,0,True,1,True,True,True,True,115,113,31999,31963,32,81,0,29,1,recency,1,2,2,32000,32000
