turn,episode_id,similarity_score,decay_score,retrieval_type
17,baf5cda9-d8ae-4c39-a8cd-acf6c5f46a38,0.5069915652275085,0.9998798814925834,K
18,d446719f-0475-4f85-b03d-6bf82f5965c8,0.8475273847579956,0.9995856127154706,K
18,79d5f1b1-e6ef-459c-ab72-be3fe4fc68e1,0.5339955687522888,0.9997575222913615,K
19,b28b5f78-58d1-42f2-87bb-46087ea8a742,0.7905230522155762,0.9996016961218368,K
20,0e3ac8c9-957f-4489-87a8-7ab67944d775,0.89816814661026,0.9995733543724743,K
21,79d5f1b1-e6ef-459c-ab72-be3fe4fc68e1,0.8868453502655029,0.999815239403675,K
22,baf5cda9-d8ae-4c39-a8cd-acf6c5f46a38,0.892011284828186,0.999699614263721,K
23,e8e36d59-50bf-4999-bedf-72c012dc436e,0.8810307383537292,0.9995667537949197,K
24,944ffda5-475b-44a3-9ffb-8d029a459d7b,0.8512378931045532,0.9995804761636333,K
25,56053cca-2943-4917-9434-a300001f3e26,0.8017523884773254,0.9995866981549703,K
25,a7589bb8-5ba2-40ca-b608-e8d1719eb615,0.5069915652275085,0.9998870560175408,K
25,baf5cda9-d8ae-4c39-a8cd-acf6c5f46a38,0.5069915652275085,0.9998216073583044,K
26,cc8bf056-dc64-4e55-993f-f17023544862,0.8475273847579956,0.9995780177540077,K
26,d446719f-0475-4f85-b03d-6bf82f5965c8,0.8475273847579956,0.9995176040292575,K
26,07539a5f-f98a-4454-94c4-c030161ad513,0.5339955687522888,0.9997524966895547,K
26,79d5f1b1-e6ef-459c-ab72-be3fe4fc68e1,0.5339955687522888,0.9997023141505611,K
27,3d993f34-c333-4c3b-a37f-bebbf5943745,0.7905230522155762,0.9995903512067664,K
27,b28b5f78-58d1-42f2-87bb-46087ea8a742,0.7905230522155762,0.999514516496383,K
28,0e3ac8c9-957f-4489-87a8-7ab67944d775,0.89816814661026,0.9995119787044832,K
28,9f9929ba-5019-4a25-b67f-713f4fa901ce,0.89816814661026,0.9995604282233279,K
29,07539a5f-f98a-4454-94c4-c030161ad513,0.8868453502655029,0.9997996380473598,K
29,79d5f1b1-e6ef-459c-ab72-be3fe4fc68e1,0.8868453502655029,0.9997996382417653,K
30,a7589bb8-5ba2-40ca-b608-e8d1719eb615,0.892011284828186,0.99967976467517,K
30,baf5cda9-d8ae-4c39-a8cd-acf6c5f46a38,0.892011284828186,0.9996797648417832,K
31,9e53546f-7d97-43d6-b767-f4dd2d88714b,0.8810307383537292,0.9995624186000123,K
31,e8e36d59-50bf-4999-bedf-72c012dc436e,0.8810307383537292,0.9995087200786307,K
32,8026d908-9795-4e57-8f12-3c5f0363b5df,0.8512378931045532,0.999566653977078,K
32,944ffda5-475b-44a3-9ffb-8d029a459d7b,0.8512378931045532,0.9995074505090136,K
33,56053cca-2943-4917-9434-a300001f3e26,0.8017523884773254,0.9994967566694237,K
33,83cdb3bc-161c-4f59-aa53-9be3af111ecc,0.8017523884773254,0.9995658495761369,K
33,4c8cdaa4-b580-499e-8b92-33668813ab39,0.5069915652275085,0.9998750898574771,K
33,a7589bb8-5ba2-40ca-b608-e8d1719eb615,0.5069915652275085,0.9998169430625218,K
33,baf5cda9-d8ae-4c39-a8cd-acf6c5f46a38,0.5069915652275085,0.9998169432291579,K
34,9f259fb0-84a2-43a7-be63-b71cf20f0fbc,0.8475273847579956,0.9995574455394602,K
34,cc8bf056-dc64-4e55-993f-f17023544862,0.8475273847579956,0.9994939449779467,K
34,d446719f-0475-4f85-b03d-6bf82f5965c8,0.8475273847579956,0.9994939451722928,K
34,07539a5f-f98a-4454-94c4-c030161ad513,0.5339955687522888,0.9996942521115262,K
34,4a932701-f9a8-4913-b73f-9bd516f48756,0.5339955687522888,0.9997450200129238,K
34,79d5f1b1-e6ef-459c-ab72-be3fe4fc68e1,0.5339955687522888,0.9996942522781419,K
35,3d993f34-c333-4c3b-a37f-bebbf5943745,0.7905230522155762,0.999482691294756,K
35,5402615a-f982-483a-9d6c-1212e0501719,0.7905230522155762,0.9995610627222767,K
35,b28b5f78-58d1-42f2-87bb-46087ea8a742,0.7905230522155762,0.9994826914613364,K
36,0e3ac8c9-957f-4489-87a8-7ab67944d775,0.89816814661026,0.9994816788193025,K
36,6ca616f0-187c-47be-a86b-df8da1147186,0.89816814661026,0.9995400983427585,K
36,9f9929ba-5019-4a25-b67f-713f4fa901ce,0.89816814661026,0.9994816786527222,K
37,07539a5f-f98a-4454-94c4-c030161ad513,0.8868453502655029,0.9997956456331987,K
37,4a932701-f9a8-4913-b73f-9bd516f48756,0.8868453502655029,0.999795645438794,K
37,79d5f1b1-e6ef-459c-ab72-be3fe4fc68e1,0.8868453502655029,0.9997956457998313,K
38,4c8cdaa4-b580-499e-8b92-33668813ab39,0.892011284828186,0.9996716874063787,K
38,a7589bb8-5ba2-40ca-b608-e8d1719eb615,0.892011284828186,0.9996716876285279,K
38,baf5cda9-d8ae-4c39-a8cd-acf6c5f46a38,0.892011284828186,0.9996716879062145,K
39,696fd1bd-cd71-40e6-afc6-5eb606d179fc,0.8810307383537292,0.9995360741746582,K
39,9e53546f-7d97-43d6-b767-f4dd2d88714b,0.8810307383537292,0.9994811082542436,K
39,e8e36d59-50bf-4999-bedf-72c012dc436e,0.8810307383537292,0.9994811084485872,K
41,56053cca-2943-4917-9434-a300001f3e26,0.8017523884773254,0.9994968702233672,K
41,61361998-3cbc-4812-8d62-ae74a0118b09,0.8017523884773254,0.9995687762814633,K
41,83cdb3bc-161c-4f59-aa53-9be3af111ecc,0.8017523884773254,0.9994968700567844,K
41,4c8cdaa4-b580-499e-8b92-33668813ab39,0.5069915652275085,0.9998251331798739,K
41,649e39f1-7346-4f2e-b8e4-a7237f53ef94,0.5069915652275085,0.9998908593451635,K
41,a7589bb8-5ba2-40ca-b608-e8d1719eb615,0.5069915652275085,0.9998251333742844,K
41,baf5cda9-d8ae-4c39-a8cd-acf6c5f46a38,0.5069915652275085,0.9998251335409218,K
42,9f259fb0-84a2-43a7-be63-b71cf20f0fbc,0.8475273847579956,0.9994948581271376,K
42,cc8bf056-dc64-4e55-993f-f17023544862,0.8475273847579956,0.9994948583214838,K
42,d446719f-0475-4f85-b03d-6bf82f5965c8,0.8475273847579956,0.99949485851583,K
42,fdf5c440-5c94-48b7-8dd3-02583ef5b387,0.8475273847579956,0.999569611393759,K
42,07539a5f-f98a-4454-94c4-c030161ad513,0.5339955687522888,0.9996991564847107,K
42,4a932701-f9a8-4913-b73f-9bd516f48756,0.5339955687522888,0.9996991562625553,K
42,79d5f1b1-e6ef-459c-ab72-be3fe4fc68e1,0.5339955687522888,0.9996991566513272,K
42,f0d191fc-2820-4508-8648-c19140fcae2b,0.5339955687522888,0.9997511957624647,K
43,3d993f34-c333-4c3b-a37f-bebbf5943745,0.7905230522155762,0.9995012848997373,K
43,48d54247-db43-4979-a059-7b6e93aaa318,0.7905230522155762,0.9995806766906035,K
43,5402615a-f982-483a-9d6c-1212e0501719,0.7905230522155762,0.9995012847053899,K
43,b28b5f78-58d1-42f2-87bb-46087ea8a742,0.7905230522155762,0.9995012850940849,K
44,0e3ac8c9-957f-4489-87a8-7ab67944d775,0.89816814661026,0.9994998920679034,K
44,6ca616f0-187c-47be-a86b-df8da1147186,0.89816814661026,0.9994998916792089,K
44,9f9929ba-5019-4a25-b67f-713f4fa901ce,0.89816814661026,0.99949989190132,K
44,df8ec4b5-1774-44cf-8f0d-450e574629e5,0.89816814661026,0.9995500311830138,K
45,07539a5f-f98a-4454-94c4-c030161ad513,0.8868453502655029,0.9997988591482008,K
45,4a932701-f9a8-4913-b73f-9bd516f48756,0.8868453502655029,0.9997988589537954,K
45,79d5f1b1-e6ef-459c-ab72-be3fe4fc68e1,0.8868453502655029,0.9997988593426061,K
45,f0d191fc-2820-4508-8648-c19140fcae2b,0.8868453502655029,0.9997988587593901,K
46,4c8cdaa4-b580-499e-8b92-33668813ab39,0.892011284828186,0.9996710299280798,K
46,649e39f1-7346-4f2e-b8e4-a7237f53ef94,0.892011284828186,0.9996710297614679,K
46,a7589bb8-5ba2-40ca-b608-e8d1719eb615,0.892011284828186,0.9996710301224603,K
46,baf5cda9-d8ae-4c39-a8cd-acf6c5f46a38,0.892011284828186,0.9996710303168408,K
47,279e318c-6f86-40d6-b6e9-54db1363905d,0.8810307383537292,0.9995580907262341,K
47,696fd1bd-cd71-40e6-afc6-5eb606d179fc,0.8810307383537292,0.999501859779725,K
47,9e53546f-7d97-43d6-b767-f4dd2d88714b,0.8810307383537292,0.9995018599740726,K
47,e8e36d59-50bf-4999-bedf-72c012dc436e,0.8810307383537292,0.9995018601684202,K
48,8026d908-9795-4e57-8f12-3c5f0363b5df,0.8512378931045532,0.9989809905986118,K
48,944ffda5-475b-44a3-9ffb-8d029a459d7b,0.8512378931045532,0.9989809907928581,K
48,ee45e614-5d14-41ab-b8c6-b2f1281357bb,0.8512378931045532,0.9990508519484607,K
49,4bbb2bcb-30c9-48ca-b28e-c40d9e28f244,0.8017523884773254,0.9995659325956373,K
49,56053cca-2943-4917-9434-a300001f3e26,0.8017523884773254,0.9994920132634187,K
49,61361998-3cbc-4812-8d62-ae74a0118b09,0.8017523884773254,0.9994920128747274,K
49,83cdb3bc-161c-4f59-aa53-9be3af111ecc,0.8017523884773254,0.9994920130413094,K
49,4c8cdaa4-b580-499e-8b92-33668813ab39,0.5069915652275085,0.9998209298405308,K
49,649e39f1-7346-4f2e-b8e4-a7237f53ef94,0.5069915652275085,0.999820929673894,K
49,a7589bb8-5ba2-40ca-b608-e8d1719eb615,0.5069915652275085,0.9998209300627133,K
49,baf5cda9-d8ae-4c39-a8cd-acf6c5f46a38,0.5069915652275085,0.9998209302293501,K
49,cc9db771-1f72-4bac-828e-4687bd63d1e3,0.5069915652275085,0.999881008774462,K
50,50926c2a-adf4-4b64-9b3b-1b48db765288,0.8475273847579956,0.9995575089835946,K
50,9f259fb0-84a2-43a7-be63-b71cf20f0fbc,0.8475273847579956,0.9994891830114447,K
50,cc8bf056-dc64-4e55-993f-f17023544862,0.8475273847579956,0.9994891832335535,K
50,d446719f-0475-4f85-b03d-6bf82f5965c8,0.8475273847579956,0.9994891834278986,K
50,fdf5c440-5c94-48b7-8dd3-02583ef5b387,0.8475273847579956,0.9994891828448632,K
50,07539a5f-f98a-4454-94c4-c030161ad513,0.5339955687522888,0.9996902697263279,K
50,4a932701-f9a8-4913-b73f-9bd516f48756,0.5339955687522888,0.9996902695319437,K
50,79d5f1b1-e6ef-459c-ab72-be3fe4fc68e1,0.5339955687522888,0.9996902699207122,K
50,a2ac0247-893a-4f38-9dba-06ec963acfee,0.5339955687522888,0.9997441599826402,K
50,f0d191fc-2820-4508-8648-c19140fcae2b,0.5339955687522888,0.9996902693653287,K
51,3d993f34-c333-4c3b-a37f-bebbf5943745,0.7905230522155762,0.9994876242537521,K
51,48d54247-db43-4979-a059-7b6e93aaa318,0.7905230522155762,0.9994876238928261,K
51,5402615a-f982-483a-9d6c-1212e0501719,0.7905230522155762,0.9994876240594074,K
51,70731cdd-9e6a-4b15-81cf-dc35e1a0843f,0.7905230522155762,0.9995684073573556,K
51,b28b5f78-58d1-42f2-87bb-46087ea8a742,0.7905230522155762,0.999487624448097,K
52,0e3ac8c9-957f-4489-87a8-7ab67944d775,0.89816814661026,0.9994869589283784,K
52,54baa9bc-85a5-4052-9def-74c66a4d8600,0.89816814661026,0.9995389213016906,K
52,6ca616f0-187c-47be-a86b-df8da1147186,0.89816814661026,0.999486958539689,K
52,9f9929ba-5019-4a25-b67f-713f4fa901ce,0.89816814661026,0.9994869587617973,K
52,df8ec4b5-1774-44cf-8f0d-450e574629e5,0.89816814661026,0.9994869583731079,K
53,07539a5f-f98a-4454-94c4-c030161ad513,0.8868453502655029,0.9997953997945885,K
53,4a932701-f9a8-4913-b73f-9bd516f48756,0.8868453502655029,0.9997953995724118,K
53,79d5f1b1-e6ef-459c-ab72-be3fe4fc68e1,0.8868453502655029,0.9997953999612211,K
53,a2ac0247-893a-4f38-9dba-06ec963acfee,0.8868453502655029,0.9997953991836024,K
53,f0d191fc-2820-4508-8648-c19140fcae2b,0.8868453502655029,0.9997953993780071,K
54,4c8cdaa4-b580-499e-8b92-33668813ab39,0.892011284828186,0.9996644636382536,K
54,649e39f1-7346-4f2e-b8e4-a7237f53ef94,0.892011284828186,0.9996644634716428,K
54,a7589bb8-5ba2-40ca-b608-e8d1719eb615,0.892011284828186,0.9996644638604013,K
54,baf5cda9-d8ae-4c39-a8cd-acf6c5f46a38,0.892011284828186,0.999664464027012,K
54,cc9db771-1f72-4bac-828e-4687bd63d1e3,0.892011284828186,0.9996644632494952,K
55,279e318c-6f86-40d6-b6e9-54db1363905d,0.8810307383537292,0.9994841007606884,K
55,696fd1bd-cd71-40e6-afc6-5eb606d179fc,0.8810307383537292,0.9994841009827959,K
55,7872d37a-c81c-438b-9878-e41ffaaf1db5,0.8810307383537292,0.9995413013455208,K
55,9e53546f-7d97-43d6-b767-f4dd2d88714b,0.8810307383537292,0.9994841012049035,K
55,e8e36d59-50bf-4999-bedf-72c012dc436e,0.8810307383537292,0.9994841014270112,K
56,8026d908-9795-4e57-8f12-3c5f0363b5df,0.8512378931045532,0.9994831114662623,K
56,944ffda5-475b-44a3-9ffb-8d029a459d7b,0.8512378931045532,0.9994831116606063,K
56,c9da9bd0-90ee-4dc2-becc-41c84923eff6,0.8512378931045532,0.9995448574976766,K
56,ee45e614-5d14-41ab-b8c6-b2f1281357bb,0.8512378931045532,0.999483111244155,K
57,4bbb2bcb-30c9-48ca-b28e-c40d9e28f244,0.8017523884773254,0.9994819346588817,K
57,56053cca-2943-4917-9434-a300001f3e26,0.8017523884773254,0.9994819352419128,K
57,61361998-3cbc-4812-8d62-ae74a0118b09,0.8017523884773254,0.9994819348532253,K
57,6ea10a6e-2694-4483-be2d-a3f2f53e7622,0.8017523884773254,0.9995586866851579,K
57,83cdb3bc-161c-4f59-aa53-9be3af111ecc,0.8017523884773254,0.9994819350198056,K
57,4c8cdaa4-b580-499e-8b92-33668813ab39,0.5069915652275085,0.9998174192809997,K
57,649e39f1-7346-4f2e-b8e4-a7237f53ef94,0.5069915652275085,0.9998174191143634,K
57,a7589bb8-5ba2-40ca-b608-e8d1719eb615,0.5069915652275085,0.9998174195031814,K
57,baf5cda9-d8ae-4c39-a8cd-acf6c5f46a38,0.5069915652275085,0.9998174196975903,K
57,cc9db771-1f72-4bac-828e-4687bd63d1e3,0.5069915652275085,0.9998174188921818,K
57,d64927e1-2386-419a-b9dc-f9a8ec1b718a,0.5069915652275085,0.9998788431734145,K
58,50926c2a-adf4-4b64-9b3b-1b48db765288,0.8475273847579956,0.9994800490269371,K
58,9f259fb0-84a2-43a7-be63-b71cf20f0fbc,0.8475273847579956,0.9994800493600972,K
58,cc8bf056-dc64-4e55-993f-f17023544862,0.8475273847579956,0.9994800495544405,K
58,d446719f-0475-4f85-b03d-6bf82f5965c8,0.8475273847579956,0.9994800497487838,K
58,e18b2ff9-0181-4858-a088-72ce0c23c0d1,0.8475273847579956,0.9995499290345589,K
58,fdf5c440-5c94-48b7-8dd3-02583ef5b387,0.8475273847579956,0.9994800491935171,K
58,07539a5f-f98a-4454-94c4-c030161ad513,0.5339955687522888,0.9996845924736376,K
58,12ba90b8-af65-4611-bfb8-4fbc328af547,0.5339955687522888,0.9997387605734075,K
58,4a932701-f9a8-4913-b73f-9bd516f48756,0.5339955687522888,0.9996845922792545,K
58,79d5f1b1-e6ef-459c-ab72-be3fe4fc68e1,0.5339955687522888,0.9996845926402518,K
58,a2ac0247-893a-4f38-9dba-06ec963acfee,0.5339955687522888,0.9996845919182573,K
58,f0d191fc-2820-4508-8648-c19140fcae2b,0.5339955687522888,0.9996845921126405,K
59,3d993f34-c333-4c3b-a37f-bebbf5943745,0.7905230522155762,0.9994765006291919,K
59,48d54247-db43-4979-a059-7b6e93aaa318,0.7905230522155762,0.9994765002682698,K
59,5402615a-f982-483a-9d6c-1212e0501719,0.7905230522155762,0.9994765004348493,K
59,70731cdd-9e6a-4b15-81cf-dc35e1a0843f,0.7905230522155762,0.9994765001016904,K
59,b28b5f78-58d1-42f2-87bb-46087ea8a742,0.7905230522155762,0.9994765008512978,K
59,eb089db3-b2a5-4f27-adbf-700b10057721,0.7905230522155762,0.9995579481781544,K
60,0e3ac8c9-957f-4489-87a8-7ab67944d775,0.89816814661026,0.9994737866099658,K
60,54baa9bc-85a5-4052-9def-74c66a4d8600,0.89816814661026,0.9994737858325973,K
60,6ca616f0-187c-47be-a86b-df8da1147186,0.89816814661026,0.9994737862212816,K
60,9f9929ba-5019-4a25-b67f-713f4fa901ce,0.89816814661026,0.9994737864156237,K
60,b144391e-aee7-4bb8-9ce0-33865eb79d4d,0.89816814661026,0.9995269857676334,K
60,df8ec4b5-1774-44cf-8f0d-450e574629e5,0.89816814661026,0.9994737860269395,K
61,07539a5f-f98a-4454-94c4-c030161ad513,0.8868453502655029,0.9997889267513155,K
61,12ba90b8-af65-4611-bfb8-4fbc328af547,0.8868453502655029,0.9997889259459299,K
61,4a932701-f9a8-4913-b73f-9bd516f48756,0.8868453502655029,0.9997889265291401,K
61,79d5f1b1-e6ef-459c-ab72-be3fe4fc68e1,0.8868453502655029,0.9997889269734908,K
61,a2ac0247-893a-4f38-9dba-06ec963acfee,0.8868453502655029,0.9997889261125614,K
61,f0d191fc-2820-4508-8648-c19140fcae2b,0.8868453502655029,0.9997889263347367,K
62,4c8cdaa4-b580-499e-8b92-33668813ab39,0.892011284828186,0.9996552410819074,K
62,649e39f1-7346-4f2e-b8e4-a7237f53ef94,0.892011284828186,0.99965524088753,K
62,a7589bb8-5ba2-40ca-b608-e8d1719eb615,0.892011284828186,0.9996552412762848,K
62,baf5cda9-d8ae-4c39-a8cd-acf6c5f46a38,0.892011284828186,0.9996552414706622,K
62,cc9db771-1f72-4bac-828e-4687bd63d1e3,0.892011284828186,0.9996552406653844,K
62,d64927e1-2386-419a-b9dc-f9a8ec1b718a,0.892011284828186,0.999655240471007,K
63,279e318c-6f86-40d6-b6e9-54db1363905d,0.8810307383537292,0.9994721841216127,K
63,696fd1bd-cd71-40e6-afc6-5eb606d179fc,0.8810307383537292,0.9994721842881913,K
63,7872d37a-c81c-438b-9878-e41ffaaf1db5,0.8810307383537292,0.9994721838995076,K
63,9e53546f-7d97-43d6-b767-f4dd2d88714b,0.8810307383537292,0.99947218445477,K
63,e8e36d59-50bf-4999-bedf-72c012dc436e,0.8810307383537292,0.9994721846491118,K
63,eead53f4-e78a-4014-89bb-ef8a9add4b3f,0.8810307383537292,0.999530372559504,K
64,8026d908-9795-4e57-8f12-3c5f0363b5df,0.8512378931045532,0.9994712558067265,K
64,944ffda5-475b-44a3-9ffb-8d029a459d7b,0.8512378931045532,0.9994712560010681,K
64,c9da9bd0-90ee-4dc2-becc-41c84923eff6,0.8512378931045532,0.9994712551959385,K
64,e1b73131-bab7-49ea-a23b-cebebd433714,0.8512378931045532,0.9995341761407501,K
64,ee45e614-5d14-41ab-b8c6-b2f1281357bb,0.8512378931045532,0.9994712556123848,K
65,17bfe75f-3ac2-45be-9061-746ec5396794,0.8017523884773254,0.9995486501667733,K
65,4bbb2bcb-30c9-48ca-b28e-c40d9e28f244,0.8017523884773254,0.9994700130760449,K
65,56053cca-2943-4917-9434-a300001f3e26,0.8017523884773254,0.9994700136313059,K
65,61361998-3cbc-4812-8d62-ae74a0118b09,0.8017523884773254,0.9994700132426232,K
65,6ea10a6e-2694-4483-be2d-a3f2f53e7622,0.8017523884773254,0.9994700128539404,K
65,83cdb3bc-161c-4f59-aa53-9be3af111ecc,0.8017523884773254,0.9994700134369646,K
65,21342aab-b909-4d23-9d5e-227dd683646a,0.5069915652275085,0.9998766714944743,K
65,4c8cdaa4-b580-499e-8b92-33668813ab39,0.5069915652275085,0.9998147157505805,K
65,649e39f1-7346-4f2e-b8e4-a7237f53ef94,0.5069915652275085,0.9998147155561721,K
65,a7589bb8-5ba2-40ca-b608-e8d1719eb615,0.5069915652275085,0.9998147159449888,K
65,baf5cda9-d8ae-4c39-a8cd-acf6c5f46a38,0.5069915652275085,0.9998147161393973,K
65,cc9db771-1f72-4bac-828e-4687bd63d1e3,0.5069915652275085,0.9998147153617636,K
65,d64927e1-2386-419a-b9dc-f9a8ec1b718a,0.5069915652275085,0.9998147151951279,K
66,50926c2a-adf4-4b64-9b3b-1b48db765288,0.8475273847579956,0.9994677770975484,K
66,9f259fb0-84a2-43a7-be63-b71cf20f0fbc,0.8475273847579956,0.9994677774862303,K
66,cc8bf056-dc64-4e55-993f-f17023544862,0.8475273847579956,0.9994677777360973,K
66,ce1fb1a9-bfb9-43a2-a943-65baa2fa3bdd,0.8475273847579956,0.9995412064168666,K
66,d446719f-0475-4f85-b03d-6bf82f5965c8,0.8475273847579956,0.9994677779582012,K
66,e18b2ff9-0181-4858-a088-72ce0c23c0d1,0.8475273847579956,0.9994677769032074,K
66,fdf5c440-5c94-48b7-8dd3-02583ef5b387,0.8475273847579956,0.9994677772918893,K
66,07539a5f-f98a-4454-94c4-c030161ad513,0.5339955687522888,0.9996787924870715,K
66,12ba90b8-af65-4611-bfb8-4fbc328af547,0.5339955687522888,0.9996787916540059,K
66,4a932701-f9a8-4913-b73f-9bd516f48756,0.5339955687522888,0.9996787922371518,K
66,79d5f1b1-e6ef-459c-ab72-be3fe4fc68e1,0.5339955687522888,0.9996787927092223,K
66,a2ac0247-893a-4f38-9dba-06ec963acfee,0.5339955687522888,0.9996787918483878,K
66,abba8879-48fd-4791-bc96-a00e79daa674,0.5339955687522888,0.9997338200710538,K
66,f0d191fc-2820-4508-8648-c19140fcae2b,0.5339955687522888,0.9996787920427699,K
67,2367a321-f2cb-4a44-a018-838bc4f7eb69,0.7905230522155762,0.9995507224831605,K
67,3d993f34-c333-4c3b-a37f-bebbf5943745,0.7905230522155762,0.9994665621341519,K
67,48d54247-db43-4979-a059-7b6e93aaa318,0.7905230522155762,0.9994665617732333,K
67,5402615a-f982-483a-9d6c-1212e0501719,0.7905230522155762,0.9994665619398111,K
67,70731cdd-9e6a-4b15-81cf-dc35e1a0843f,0.7905230522155762,0.9994665616066556,K
67,b28b5f78-58d1-42f2-87bb-46087ea8a742,0.7905230522155762,0.9994665623284925,K
67,eb089db3-b2a5-4f27-adbf-700b10057721,0.7905230522155762,0.9994665614123148,K
68,0e3ac8c9-957f-4489-87a8-7ab67944d775,0.89816814661026,0.9994653372053417,K
68,54baa9bc-85a5-4052-9def-74c66a4d8600,0.89816814661026,0.9994653364279797,K
68,6ca616f0-187c-47be-a86b-df8da1147186,0.89816814661026,0.9994653368444236,K
68,9f9929ba-5019-4a25-b67f-713f4fa901ce,0.89816814661026,0.9994653370110012,K
68,b144391e-aee7-4bb8-9ce0-33865eb79d4d,0.89816814661026,0.9994653362614022,K
68,df8ec4b5-1774-44cf-8f0d-450e574629e5,0.89816814661026,0.9994653366500832,K
68,e17921df-4dc5-4ebf-9507-d2a504212057,0.89816814661026,0.9995187451736046,K
69,07539a5f-f98a-4454-94c4-c030161ad513,0.8868453502655029,0.9997856495041287,K
69,12ba90b8-af65-4611-bfb8-4fbc328af547,0.8868453502655029,0.9997856487265177,K
69,4a932701-f9a8-4913-b73f-9bd516f48756,0.8868453502655029,0.9997856492819541,K
69,79d5f1b1-e6ef-459c-ab72-be3fe4fc68e1,0.8868453502655029,0.9997856496985315,K
69,a2ac0247-893a-4f38-9dba-06ec963acfee,0.8868453502655029,0.9997856488931486,K
69,abba8879-48fd-4791-bc96-a00e79daa674,0.8868453502655029,0.9997856485321149,K
69,f0d191fc-2820-4508-8648-c19140fcae2b,0.8868453502655029,0.9997856491153232,K
70,21342aab-b909-4d23-9d5e-227dd683646a,0.892011284828186,0.9996483419017641,K
70,4c8cdaa4-b580-499e-8b92-33668813ab39,0.892011284828186,0.9996483427903404,K
70,649e39f1-7346-4f2e-b8e4-a7237f53ef94,0.892011284828186,0.9996483426237324,K
70,a7589bb8-5ba2-40ca-b608-e8d1719eb615,0.892011284828186,0.9996483430124845,K
70,baf5cda9-d8ae-4c39-a8cd-acf6c5f46a38,0.892011284828186,0.9996483431790926,K
70,cc9db771-1f72-4bac-828e-4687bd63d1e3,0.892011284828186,0.9996483424015883,K
70,d64927e1-2386-419a-b9dc-f9a8ec1b718a,0.892011284828186,0.9996483421794442,K
71,279e318c-6f86-40d6-b6e9-54db1363905d,0.8810307383537292,0.999460676459475,K
71,396603d7-17ae-44e0-8c41-50014f8edd87,0.8810307383537292,0.999519793530496,K
71,696fd1bd-cd71-40e6-afc6-5eb606d179fc,0.8810307383537292,0.9994606766260519,K
71,7872d37a-c81c-438b-9878-e41ffaaf1db5,0.8810307383537292,0.9994606762373727,K
71,9e53546f-7d97-43d6-b767-f4dd2d88714b,0.8810307383537292,0.9994606768203914,K
71,e8e36d59-50bf-4999-bedf-72c012dc436e,0.8810307383537292,0.9994606770424938,K
71,eead53f4-e78a-4014-89bb-ef8a9add4b3f,0.8810307383537292,0.9994606760430331,K
72,8026d908-9795-4e57-8f12-3c5f0363b5df,0.8512378931045532,0.9994597783334096,K
72,944ffda5-475b-44a3-9ffb-8d029a459d7b,0.8512378931045532,0.999459778527749,K
72,a500e771-2553-43b1-96ab-b5312c48c6da,0.8512378931045532,0.9995239468215116,K
72,c9da9bd0-90ee-4dc2-becc-41c84923eff6,0.8512378931045532,0.9994597777503914,K
72,e1b73131-bab7-49ea-a23b-cebebd433714,0.8512378931045532,0.9994597775838148,K
72,ee45e614-5d14-41ab-b8c6-b2f1281357bb,0.8512378931045532,0.9994597781390702,K
73,17bfe75f-3ac2-45be-9061-746ec5396794,0.8017523884773254,0.9994578910219768,K
73,4bbb2bcb-30c9-48ca-b28e-c40d9e28f244,0.8017523884773254,0.9994578914106549,K
73,56053cca-2943-4917-9434-a300001f3e26,0.8017523884773254,0.9994578919659093,K
73,61361998-3cbc-4812-8d62-ae74a0118b09,0.8017523884773254,0.9994578915772312,K
73,6ea10a6e-2694-4483-be2d-a3f2f53e7622,0.8017523884773254,0.9994578912163158,K
73,83cdb3bc-161c-4f59-aa53-9be3af111ecc,0.8017523884773254,0.9994578917715702,K
73,d799f627-91a5-4df5-9109-ddbf931654cd,0.8017523884773254,0.9995387582935649,K
73,21342aab-b909-4d23-9d5e-227dd683646a,0.5069915652275085,0.9998094907880739,K
73,4c8cdaa4-b580-499e-8b92-33668813ab39,0.5069915652275085,0.999809491537931,K
73,649e39f1-7346-4f2e-b8e4-a7237f53ef94,0.5069915652275085,0.9998094913435236,K
73,a7589bb8-5ba2-40ca-b608-e8d1719eb615,0.5069915652275085,0.9998094917323385,K
73,baf5cda9-d8ae-4c39-a8cd-acf6c5f46a38,0.5069915652275085,0.9998094919267458,K
73,cae8bb0b-5034-4627-afa0-cc6df132d5f2,0.5069915652275085,0.9998738788983793,K
73,cc9db771-1f72-4bac-828e-4687bd63d1e3,0.5069915652275085,0.9998094911491162,K
73,d64927e1-2386-419a-b9dc-f9a8ec1b718a,0.5069915652275085,0.9998094909824813,K
74,50926c2a-adf4-4b64-9b3b-1b48db765288,0.8475273847579956,0.9994567555274068,K
74,57800262-4e94-4c7c-86da-9ce3fe7d479a,0.8475273847579956,0.9995313963012477,K
74,9f259fb0-84a2-43a7-be63-b71cf20f0fbc,0.8475273847579956,0.9994567558883217,K
74,cc8bf056-dc64-4e55-993f-f17023544862,0.8475273847579956,0.9994567560826605,K
74,ce1fb1a9-bfb9-43a2-a943-65baa2fa3bdd,0.8475273847579956,0.9994567551387291,K
74,d446719f-0475-4f85-b03d-6bf82f5965c8,0.8475273847579956,0.9994567562769993,K
74,e18b2ff9-0181-4858-a088-72ce0c23c0d1,0.8475273847579956,0.9994567553053052,K
74,fdf5c440-5c94-48b7-8dd3-02583ef5b387,0.8475273847579956,0.9994567556939828,K
74,07539a5f-f98a-4454-94c4-c030161ad513,0.5339955687522888,0.9996710430348779,K
74,12ba90b8-af65-4611-bfb8-4fbc328af547,0.5339955687522888,0.9996710422573559,K
74,3635c30d-a5f0-43e6-859f-e98e9a1f2b18,0.5339955687522888,0.9997274648111302,K
74,4a932701-f9a8-4913-b73f-9bd516f48756,0.5339955687522888,0.9996710428404973,K
74,79d5f1b1-e6ef-459c-ab72-be3fe4fc68e1,0.5339955687522888,0.9996710432014897,K
74,a2ac0247-893a-4f38-9dba-06ec963acfee,0.5339955687522888,0.9996710424517363,K
74,abba8879-48fd-4791-bc96-a00e79daa674,0.5339955687522888,0.9996710420629754,K
74,f0d191fc-2820-4508-8648-c19140fcae2b,0.5339955687522888,0.9996710426461168,K
75,2d58858c-ef2a-4a78-8780-bc452a61e781,0.6988400816917419,0.9977450393356516,K
76,0e3ac8c9-957f-4489-87a8-7ab67944d775,0.89816814661026,0.999470305670934,K
76,54baa9bc-85a5-4052-9def-74c66a4d8600,0.89816814661026,0.9994703048935683,K
76,687ab193-e204-465d-8270-6b85d523b8f1,0.89816814661026,0.9995245487572252,K
76,6ca616f0-187c-47be-a86b-df8da1147186,0.89816814661026,0.9994703052822511,K
76,9f9929ba-5019-4a25-b67f-713f4fa901ce,0.89816814661026,0.9994703055043556,K
76,b144391e-aee7-4bb8-9ce0-33865eb79d4d,0.89816814661026,0.9994703046992267,K
76,df8ec4b5-1774-44cf-8f0d-450e574629e5,0.89816814661026,0.9994703051156727,K
76,e17921df-4dc5-4ebf-9507-d2a504212057,0.89816814661026,0.9994703045048853,K
77,07539a5f-f98a-4454-94c4-c030161ad513,0.8868453502655029,0.9997980680298942,K
77,12ba90b8-af65-4611-bfb8-4fbc328af547,0.8868453502655029,0.9997980672245014,K
77,3635c30d-a5f0-43e6-859f-e98e9a1f2b18,0.8868453502655029,0.9997980668634632,K
77,4a932701-f9a8-4913-b73f-9bd516f48756,0.8868453502655029,0.999798067807717,K
77,79d5f1b1-e6ef-459c-ab72-be3fe4fc68e1,0.8868453502655029,0.9997980681965273,K
77,a2ac0247-893a-4f38-9dba-06ec963acfee,0.8868453502655029,0.9997980673911344,K
77,abba8879-48fd-4791-bc96-a00e79daa674,0.8868453502655029,0.9997980670300962,K
77,f0d191fc-2820-4508-8648-c19140fcae2b,0.8868453502655029,0.9997980676133117,K
78,21342aab-b909-4d23-9d5e-227dd683646a,0.892011284828186,0.9996591869510771,K
78,4c8cdaa4-b580-499e-8b92-33668813ab39,0.892011284828186,0.9996591876730533,K
78,649e39f1-7346-4f2e-b8e4-a7237f53ef94,0.892011284828186,0.9996591875064434,K
78,a7589bb8-5ba2-40ca-b608-e8d1719eb615,0.892011284828186,0.9996591878951998,K
78,baf5cda9-d8ae-4c39-a8cd-acf6c5f46a38,0.892011284828186,0.9996591880618096,K
78,cae8bb0b-5034-4627-afa0-cc6df132d5f2,0.892011284828186,0.9996591867566991,K
78,cc9db771-1f72-4bac-828e-4687bd63d1e3,0.892011284828186,0.9996591873120653,K
78,d64927e1-2386-419a-b9dc-f9a8ec1b718a,0.892011284828186,0.9996591871176871,K
79,279e318c-6f86-40d6-b6e9-54db1363905d,0.8810307383537292,0.9994679323759849,K
79,396603d7-17ae-44e0-8c41-50014f8edd87,0.8810307383537292,0.9994679317929619,K
79,696fd1bd-cd71-40e6-afc6-5eb606d179fc,0.8810307383537292,0.9994679325425628,K
79,7872d37a-c81c-438b-9878-e41ffaaf1db5,0.8810307383537292,0.9994679321538809,K
79,9e53546f-7d97-43d6-b767-f4dd2d88714b,0.8810307383537292,0.9994679327369038,K
79,e751a818-c03d-4b1e-b649-68d4d85c8b24,0.8810307383537292,0.9995279492288182,K
79,e8e36d59-50bf-4999-bedf-72c012dc436e,0.8810307383537292,0.9994679329590078,K
79,eead53f4-e78a-4014-89bb-ef8a9add4b3f,0.8810307383537292,0.9994679319873029,K
80,8026d908-9795-4e57-8f12-3c5f0363b5df,0.8512378931045532,0.9994572576990272,K
80,944ffda5-475b-44a3-9ffb-8d029a459d7b,0.8512378931045532,0.9994572579211288,K
80,a500e771-2553-43b1-96ab-b5312c48c6da,0.8512378931045532,0.9994572567273327,K
80,c71ad1e6-61a0-4e7c-9bb3-bbdb5044b53b,0.8512378931045532,0.9995233104858992,K
80,c9da9bd0-90ee-4dc2-becc-41c84923eff6,0.8512378931045532,0.9994572571160104,K
80,e1b73131-bab7-49ea-a23b-cebebd433714,0.8512378931045532,0.9994572569216715,K
80,ee45e614-5d14-41ab-b8c6-b2f1281357bb,0.8512378931045532,0.9994572575046883,K
81,17bfe75f-3ac2-45be-9061-746ec5396794,0.8017523884773254,0.9994566310950485,K
81,4bbb2bcb-30c9-48ca-b28e-c40d9e28f244,0.8017523884773254,0.999456631483726,K
81,56053cca-2943-4917-9434-a300001f3e26,0.8017523884773254,0.9994566320667424,K
81,61361998-3cbc-4812-8d62-ae74a0118b09,0.8017523884773254,0.9994566316780648,K
81,6ea10a6e-2694-4483-be2d-a3f2f53e7622,0.8017523884773254,0.9994566312893872,K
81,83cdb3bc-161c-4f59-aa53-9be3af111ecc,0.8017523884773254,0.9994566318446408,K
81,8426f652-eda6-49a6-a71c-16fae291fcfa,0.8017523884773254,0.9995386341841768,K
81,d799f627-91a5-4df5-9109-ddbf931654cd,0.8017523884773254,0.9994566309284724,K
81,21342aab-b909-4d23-9d5e-227dd683646a,0.5069915652275085,0.9997973813077182,K
81,275b28f0-296e-47eb-bc15-51a3cb4e5c52,0.5069915652275085,0.9998625738049559,K
81,4c8cdaa4-b580-499e-8b92-33668813ab39,0.5069915652275085,0.9997973820575663,K
81,649e39f1-7346-4f2e-b8e4-a7237f53ef94,0.5069915652275085,0.9997973818909334,K
81,a7589bb8-5ba2-40ca-b608-e8d1719eb615,0.5069915652275085,0.9997973822519713,K
81,baf5cda9-d8ae-4c39-a8cd-acf6c5f46a38,0.5069915652275085,0.9997973824463764,K
81,cae8bb0b-5034-4627-afa0-cc6df132d5f2,0.5069915652275085,0.9997973811410853,K
81,cc9db771-1f72-4bac-828e-4687bd63d1e3,0.5069915652275085,0.9997973816687562,K
81,d64927e1-2386-419a-b9dc-f9a8ec1b718a,0.5069915652275085,0.9997973815021233,K
82,50926c2a-adf4-4b64-9b3b-1b48db765288,0.8475273847579956,0.9994536211804108,K
82,57800262-4e94-4c7c-86da-9ce3fe7d479a,0.8475273847579956,0.9994536205973962,K
82,9f259fb0-84a2-43a7-be63-b71cf20f0fbc,0.8475273847579956,0.9994536215413246,K
82,b7722808-4dd3-40b0-84e7-308c9043f9a0,0.8475273847579956,0.9995303183072181,K
82,cc8bf056-dc64-4e55-993f-f17023544862,0.8475273847579956,0.9994536217356628,K
82,ce1fb1a9-bfb9-43a2-a943-65baa2fa3bdd,0.8475273847579956,0.9994536207917344,K
82,d446719f-0475-4f85-b03d-6bf82f5965c8,0.8475273847579956,0.9994536219577635,K
82,e18b2ff9-0181-4858-a088-72ce0c23c0d1,0.8475273847579956,0.9994536209583099,K
82,fdf5c440-5c94-48b7-8dd3-02583ef5b387,0.8475273847579956,0.9994536213469863,K
82,07539a5f-f98a-4454-94c4-c030161ad513,0.5339955687522888,0.999655493550424,K
82,12ba90b8-af65-4611-bfb8-4fbc328af547,0.5339955687522888,0.9996554927729142,K
82,3635c30d-a5f0-43e6-859f-e98e9a1f2b18,0.5339955687522888,0.9996554924119275,K
82,4a932701-f9a8-4913-b73f-9bd516f48756,0.5339955687522888,0.9996554933282784,K
82,79d5f1b1-e6ef-459c-ab72-be3fe4fc68e1,0.5339955687522888,0.9996554937448016,K
82,a2ac0247-893a-4f38-9dba-06ec963acfee,0.5339955687522888,0.9996554929395235,K
82,abba8879-48fd-4791-bc96-a00e79daa674,0.5339955687522888,0.9996554925785368,K
82,f0d191fc-2820-4508-8648-c19140fcae2b,0.5339955687522888,0.9996554931616691,K
82,fd461154-e708-4b16-9dae-161e06fa0e57,0.5339955687522888,0.9997123452416768,K
87,07539a5f-f98a-4454-94c4-c030161ad513,0.582748532295227,0.9994463777775896,K
87,12ba90b8-af65-4611-bfb8-4fbc328af547,0.582748532295227,0.9994463770557672,K
87,3635c30d-a5f0-43e6-859f-e98e9a1f2b18,0.582748532295227,0.999446376694856,K
87,4a932701-f9a8-4913-b73f-9bd516f48756,0.582748532295227,0.9994463776110152,K
87,79d5f1b1-e6ef-459c-ab72-be3fe4fc68e1,0.582748532295227,0.9994463779719264,K
87,a2ac0247-893a-4f38-9dba-06ec963acfee,0.582748532295227,0.9994463772223416,K
87,abba8879-48fd-4791-bc96-a00e79daa674,0.582748532295227,0.9994463768891928,K
87,f0d191fc-2820-4508-8648-c19140fcae2b,0.582748532295227,0.9994463774444408,K
87,fd461154-e708-4b16-9dae-161e06fa0e57,0.582748532295227,0.9994463765282816,K
87,40e09ffe-167b-4ae9-b56a-ad4230dc9049,0.5204606652259827,0.9998653324296025,K
88,40e09ffe-167b-4ae9-b56a-ad4230dc9049,0.6210042834281921,0.9999330718231237,K
90,8026d908-9795-4e57-8f12-3c5f0363b5df,0.5130964517593384,0.9990845784208828,K
90,944ffda5-475b-44a3-9ffb-8d029a459d7b,0.5130964517593384,0.9990845786429017,K
90,a500e771-2553-43b1-96ab-b5312c48c6da,0.5130964517593384,0.9990845775050553,K
90,add373f1-7c47-43c3-a5ba-fea00e252e88,0.5130964517593384,0.9991512321296203,K
90,c71ad1e6-61a0-4e7c-9bb3-bbdb5044b53b,0.5130964517593384,0.9990845773107889,K
90,c9da9bd0-90ee-4dc2-becc-41c84923eff6,0.5130964517593384,0.9990845778658358,K
90,e1b73131-bab7-49ea-a23b-cebebd433714,0.5130964517593384,0.9990845776715694,K
90,ee45e614-5d14-41ab-b8c6-b2f1281357bb,0.5130964517593384,0.9990845782543688,K
91,f1692ae6-46bc-4704-ad9c-ecfdbcd537e3,0.5478793978691101,0.9998418302046057,K
91,40e09ffe-167b-4ae9-b56a-ad4230dc9049,0.5414908528327942,0.9997625546112862,K
92,40e09ffe-167b-4ae9-b56a-ad4230dc9049,0.8598865866661072,0.9999164574898699,K
92,f1692ae6-46bc-4704-ad9c-ecfdbcd537e3,0.6504610180854797,0.9999164573509925,K
92,a002f3cc-29d7-42cf-92c8-4c2c96114528,0.5488073825836182,0.9996790206637819,K
93,b075f555-fc68-4c49-9e8b-1ef142b37e3c,0.7617342472076416,0.999465320242194,K
93,8517b37b-819b-4307-a0b8-9e13467048ff,0.5484346747398376,0.9995295408950506,K
93,a002f3cc-29d7-42cf-92c8-4c2c96114528,0.5269405245780945,0.9999174179100885,K
93,f1692ae6-46bc-4704-ad9c-ecfdbcd537e3,0.5267852544784546,0.999917417882313,K
93,4e7bb6f5-36b0-4fa4-bd68-f313b4666daf,0.507808268070221,0.9997397570357431,K
93,69a201b8-97d8-4cb9-88e6-bc755c5ea385,0.5000554323196411,0.9998338709676229,K
94,8517b37b-819b-4307-a0b8-9e13467048ff,0.8331028819084167,0.9999212372686135,K
94,69a201b8-97d8-4cb9-88e6-bc755c5ea385,0.5295180082321167,0.9999212371297356,K
94,a002f3cc-29d7-42cf-92c8-4c2c96114528,0.5277932286262512,0.9999212372130623,K
94,f1692ae6-46bc-4704-ad9c-ecfdbcd537e3,0.5179275274276733,0.9999212371852867,K
94,b075f555-fc68-4c49-9e8b-1ef142b37e3c,0.5085324645042419,0.999921237296389,K
95,a002f3cc-29d7-42cf-92c8-4c2c96114528,0.8484436273574829,0.9999287618708894,K
95,07539a5f-f98a-4454-94c4-c030161ad513,0.582748532295227,0.9993795994169644,K
95,12ba90b8-af65-4611-bfb8-4fbc328af547,0.582748532295227,0.9993795986396692,K
95,3635c30d-a5f0-43e6-859f-e98e9a1f2b18,0.582748532295227,0.9993795982787821,K
95,4a932701-f9a8-4913-b73f-9bd516f48756,0.582748532295227,0.9993795992226406,K
95,79d5f1b1-e6ef-459c-ab72-be3fe4fc68e1,0.582748532295227,0.9993795995835276,K
95,a2ac0247-893a-4f38-9dba-06ec963acfee,0.582748532295227,0.999379598833993,K
95,abba8879-48fd-4791-bc96-a00e79daa674,0.582748532295227,0.9993795984731059,K
95,f0d191fc-2820-4508-8648-c19140fcae2b,0.582748532295227,0.9993795990283167,K
95,fd461154-e708-4b16-9dae-161e06fa0e57,0.582748532295227,0.9993795980844583,K
95,f1692ae6-46bc-4704-ad9c-ecfdbcd537e3,0.561016857624054,0.9999287618708894,K
95,3f87a65c-9111-4d39-a239-9ff4e217de12,0.5204606652259827,0.9998499971682167,K
95,40e09ffe-167b-4ae9-b56a-ad4230dc9049,0.5204606652259827,0.9997674168294379,K
96,f1692ae6-46bc-4704-ad9c-ecfdbcd537e3,0.8701802492141724,0.9999308328643789,K
96,3f87a65c-9111-4d39-a239-9ff4e217de12,0.6210042834281921,0.9999308327810513,K
96,40e09ffe-167b-4ae9-b56a-ad4230dc9049,0.6210042834281921,0.9999308330032581,K
96,69a201b8-97d8-4cb9-88e6-bc755c5ea385,0.5198861360549927,0.9998595894140447,K
96,a002f3cc-29d7-42cf-92c8-4c2c96114528,0.5179296135902405,0.9999308328921547,K
97,4e7bb6f5-36b0-4fa4-bd68-f313b4666daf,0.8280233144760132,0.9997051162645357,K
98,69a201b8-97d8-4cb9-88e6-bc755c5ea385,0.8407513499259949,0.9998591406993808,K
98,8026d908-9795-4e57-8f12-3c5f0363b5df,0.5130964517593384,0.9993798348819299,K
98,944ffda5-475b-44a3-9ffb-8d029a459d7b,0.5130964517593384,0.9993798351040144,K
98,a500e771-2553-43b1-96ab-b5312c48c6da,0.5130964517593384,0.9993798339935923,K
98,add373f1-7c47-43c3-a5ba-fea00e252e88,0.5130964517593384,0.9993798332440574,K
98,c71ad1e6-61a0-4e7c-9bb3-bbdb5044b53b,0.5130964517593384,0.9993798334383813,K
98,c9da9bd0-90ee-4dc2-becc-41c84923eff6,0.5130964517593384,0.9993798343544795,K
98,e1b73131-bab7-49ea-a23b-cebebd433714,0.5130964517593384,0.9993798341879162,K
98,ee45e614-5d14-41ab-b8c6-b2f1281357bb,0.5130964517593384,0.9993798347153667,K
99,e9101f74-98a1-499c-8906-1e50ef554020,0.7423115968704224,0.9994722322073311,K
99,5a5abb23-ae95-40f4-be81-430d4ce73c08,0.5478793978691101,0.9998496391664345,K
99,f1692ae6-46bc-4704-ad9c-ecfdbcd537e3,0.5478793978691101,0.9997739174494014,K
99,3f87a65c-9111-4d39-a239-9ff4e217de12,0.5414908528327942,0.9997739173660868,K
99,40e09ffe-167b-4ae9-b56a-ad4230dc9049,0.5414908528327942,0.9997739175604873,K
100,3f87a65c-9111-4d39-a239-9ff4e217de12,0.8598865866661072,0.9999130715007232,K
100,40e09ffe-167b-4ae9-b56a-ad4230dc9049,0.8598865866661072,0.9999130717229261,K
100,5a5abb23-ae95-40f4-be81-430d4ce73c08,0.6504610180854797,0.999913071417397,K
100,f1692ae6-46bc-4704-ad9c-ecfdbcd537e3,0.6504610180854797,0.9999130715840493,K
100,078c15be-3a44-4d80-b84c-811729558419,0.5488073825836182,0.9996870010499507,K
100,a002f3cc-29d7-42cf-92c8-4c2c96114528,0.5488073825836182,0.9996870012443342,K
100,e9101f74-98a1-499c-8906-1e50ef554020,0.5312458872795105,0.9999130715284985,K
101,353f4204-a357-467a-bcfb-6abe5e9eaa2b,0.7617342472076416,0.9994594900448307,K
101,b075f555-fc68-4c49-9e8b-1ef142b37e3c,0.7617342472076416,0.9994594902669328,K
101,8517b37b-819b-4307-a0b8-9e13467048ff,0.5484346747398376,0.99945949023917,K
101,b7d81724-1cb7-4861-9b89-ab9cc7586573,0.5484346747398376,0.9995307049034081,K
101,078c15be-3a44-4d80-b84c-811729558419,0.5269405245780945,0.9999128318549191,K
101,a002f3cc-29d7-42cf-92c8-4c2c96114528,0.5269405245780945,0.9999128320493466,K
101,5a5abb23-ae95-40f4-be81-430d4ce73c08,0.5267852544784546,0.9999128318271437,K
101,f1692ae6-46bc-4704-ad9c-ecfdbcd537e3,0.5267852544784546,0.9999128320215712,K
101,4e7bb6f5-36b0-4fa4-bd68-f313b4666daf,0.507808268070221,0.9996755620302732,K
101,f8faf408-1ceb-45c3-8c74-453465925602,0.507808268070221,0.9997406877938902,K
101,14334c04-9537-49c5-9c99-2637a762658c,0.5000554323196411,0.9998259037676194,K
101,69a201b8-97d8-4cb9-88e6-bc755c5ea385,0.5000554323196411,0.9997406879605136,K
102,8517b37b-819b-4307-a0b8-9e13467048ff,0.8331028819084167,0.9999144700745594,K
102,b7d81724-1cb7-4861-9b89-ab9cc7586573,0.8331028819084167,0.9999144698523561,K
102,14334c04-9537-49c5-9c99-2637a762658c,0.5295180082321167,0.9999144697690299,K
102,69a201b8-97d8-4cb9-88e6-bc755c5ea385,0.5295180082321167,0.9999144699356823,K
102,078c15be-3a44-4d80-b84c-811729558419,0.5277932286262512,0.9999144698245807,K
102,a002f3cc-29d7-42cf-92c8-4c2c96114528,0.5277932286262512,0.9999144699912331,K
102,5a5abb23-ae95-40f4-be81-430d4ce73c08,0.5179275274276733,0.9999144698245807,K
102,f1692ae6-46bc-4704-ad9c-ecfdbcd537e3,0.5179275274276733,0.9999144699912331,K
102,353f4204-a357-467a-bcfb-6abe5e9eaa2b,0.5085324645042419,0.9999144698801316,K
102,b075f555-fc68-4c49-9e8b-1ef142b37e3c,0.5085324645042419,0.9999144701023347,K
103,078c15be-3a44-4d80-b84c-811729558419,0.8484436273574829,0.9999232087819299,K
103,a002f3cc-29d7-42cf-92c8-4c2c96114528,0.8484436273574829,0.9999232089485838,K
103,07539a5f-f98a-4454-94c4-c030161ad513,0.582748532295227,0.9993684465694302,K
103,12ba90b8-af65-4611-bfb8-4fbc328af547,0.582748532295227,0.9993684458199039,K
103,3635c30d-a5f0-43e6-859f-e98e9a1f2b18,0.582748532295227,0.9993684454590209,K
103,4a932701-f9a8-4913-b73f-9bd516f48756,0.582748532295227,0.9993684463751086,K
103,79d5f1b1-e6ef-459c-ab72-be3fe4fc68e1,0.582748532295227,0.9993684467359917,K
103,a2ac0247-893a-4f38-9dba-06ec963acfee,0.582748532295227,0.9993684459864653,K
103,abba8879-48fd-4791-bc96-a00e79daa674,0.582748532295227,0.9993684456255822,K
103,f0d191fc-2820-4508-8648-c19140fcae2b,0.582748532295227,0.999368446180787,K
103,fd461154-e708-4b16-9dae-161e06fa0e57,0.582748532295227,0.9993684452924595,K
103,5a5abb23-ae95-40f4-be81-430d4ce73c08,0.561016857624054,0.9999232087541542,K
103,f1692ae6-46bc-4704-ad9c-ecfdbcd537e3,0.561016857624054,0.9999232089208081,K
103,3f87a65c-9111-4d39-a239-9ff4e217de12,0.5204606652259827,0.999750509877838,K
103,40e09ffe-167b-4ae9-b56a-ad4230dc9049,0.5204606652259827,0.9997505100722339,K
103,65afd9be-ce3f-434b-b0c5-1632dbb145fe,0.5204606652259827,0.9998376729820119,K
104,5a5abb23-ae95-40f4-be81-430d4ce73c08,0.8701802492141724,0.9999264878688158,K
104,f1692ae6-46bc-4704-ad9c-ecfdbcd537e3,0.8701802492141724,0.9999264880632459,K
104,3f87a65c-9111-4d39-a239-9ff4e217de12,0.6210042834281921,0.999926487952143,K
104,40e09ffe-167b-4ae9-b56a-ad4230dc9049,0.6210042834281921,0.9999264882021246,K
104,65afd9be-ce3f-434b-b0c5-1632dbb145fe,0.6210042834281921,0.9999264877854886,K
104,14334c04-9537-49c5-9c99-2637a762658c,0.5198861360549927,0.9998496912141643,K
104,69a201b8-97d8-4cb9-88e6-bc755c5ea385,0.5198861360549927,0.9998496914085795,K
104,078c15be-3a44-4d80-b84c-811729558419,0.5179296135902405,0.9999264878965916,K
104,a002f3cc-29d7-42cf-92c8-4c2c96114528,0.5179296135902405,0.9999264880910217,K
105,4e7bb6f5-36b0-4fa4-bd68-f313b4666daf,0.8280233144760132,0.9996743074937676,K
105,f8faf408-1ceb-45c3-8c74-453465925602,0.8280233144760132,0.9996743072993864,K
106,14334c04-9537-49c5-9c99-2637a762658c,0.8407513499259949,0.9998438149481553,K
106,69a201b8-97d8-4cb9-88e6-bc755c5ea385,0.8407513499259949,0.9998438151425694,K
106,8026d908-9795-4e57-8f12-3c5f0363b5df,0.5130964517593384,0.9993487771377124,K
106,944ffda5-475b-44a3-9ffb-8d029a459d7b,0.5130964517593384,0.9993487773320303,K
106,a500e771-2553-43b1-96ab-b5312c48c6da,0.5130964517593384,0.9993487761661234,K
106,add373f1-7c47-43c3-a5ba-fea00e252e88,0.5130964517593384,0.9993487758052474,K
106,c71ad1e6-61a0-4e7c-9bb3-bbdb5044b53b,0.5130964517593384,0.9993487759718056,K
106,c9da9bd0-90ee-4dc2-becc-41c84923eff6,0.5130964517593384,0.9993487765547591,K
106,e1b73131-bab7-49ea-a23b-cebebd433714,0.5130964517593384,0.9993487763604412,K
106,ee45e614-5d14-41ab-b8c6-b2f1281357bb,0.5130964517593384,0.9993487769433946,K
107,e567aaf5-c6c2-4e26-9d70-b6e5436225f6,0.7501639127731323,0.9994343836879162,K
107,e9101f74-98a1-499c-8906-1e50ef554020,0.7423115968704224,0.9994343838544886,K
107,0180d106-30b7-4d3d-8465-6a60f82fd63e,0.5478793978691101,0.9998471729014732,K
107,5a5abb23-ae95-40f4-be81-430d4ce73c08,0.5478793978691101,0.9997573188962685,K
107,f1692ae6-46bc-4704-ad9c-ecfdbcd537e3,0.5478793978691101,0.9997573190906658,K
107,3f87a65c-9111-4d39-a239-9ff4e217de12,0.5414908528327942,0.9997573190073527,K
107,40e09ffe-167b-4ae9-b56a-ad4230dc9049,0.5414908528327942,0.9997573192295209,K
107,65afd9be-ce3f-434b-b0c5-1632dbb145fe,0.5414908528327942,0.9997573188129554,K
108,3f87a65c-9111-4d39-a239-9ff4e217de12,0.8598865866661072,0.9999165377331688,K
108,40e09ffe-167b-4ae9-b56a-ad4230dc9049,0.8598865866661072,0.999916537927597,K
108,65afd9be-ce3f-434b-b0c5-1632dbb145fe,0.8598865866661072,0.9999165375387405,K
108,0180d106-30b7-4d3d-8465-6a60f82fd63e,0.6504610180854797,0.9999165374554142,K
108,5a5abb23-ae95-40f4-be81-430d4ce73c08,0.6504610180854797,0.999916537622067,K
108,f1692ae6-46bc-4704-ad9c-ecfdbcd537e3,0.6504610180854797,0.9999165378164951,K
108,078c15be-3a44-4d80-b84c-811729558419,0.5488073825836182,0.9996738655822839,K
108,a002f3cc-29d7-42cf-92c8-4c2c96114528,0.5488073825836182,0.999673865776665,K
108,c4c4df2e-14cf-4cd3-8cbb-8727a947891d,0.5488073825836182,0.9996738654156716,K
108,e9101f74-98a1-499c-8906-1e50ef554020,0.5312458872795105,0.9999165377331688,K
108,e567aaf5-c6c2-4e26-9d70-b6e5436225f6,0.5237554311752319,0.999916537566516,K
109,353f4204-a357-467a-bcfb-6abe5e9eaa2b,0.7617342472076416,0.9994320648362637,K
109,b075f555-fc68-4c49-9e8b-1ef142b37e3c,0.7617342472076416,0.9994320650583597,K
109,fb88ce3f-44de-442f-b2a1-7f8a9a241352,0.7617342472076416,0.9994320646419297,K
109,80b366aa-0c4b-458d-a732-2b6f0caba095,0.5484346747398376,0.9995088291639078,K
109,8517b37b-819b-4307-a0b8-9e13467048ff,0.5484346747398376,0.9994320650305977,K
109,b7d81724-1cb7-4861-9b89-ab9cc7586573,0.5484346747398376,0.9994320648085017,K
109,078c15be-3a44-4d80-b84c-811729558419,0.5269405245780945,0.9999084429416033,K
109,a002f3cc-29d7-42cf-92c8-4c2c96114528,0.5269405245780945,0.99990844313603,K
109,c4c4df2e-14cf-4cd3-8cbb-8727a947891d,0.5269405245780945,0.9999084427749519,K
109,0180d106-30b7-4d3d-8465-6a60f82fd63e,0.5267852544784546,0.9999084427471767,K
109,5a5abb23-ae95-40f4-be81-430d4ce73c08,0.5267852544784546,0.9999084429138281,K
109,f1692ae6-46bc-4704-ad9c-ecfdbcd537e3,0.5267852544784546,0.9999084431082548,K
109,4e7bb6f5-36b0-4fa4-bd68-f313b4666daf,0.507808268070221,0.9996721678598145,K
109,d509d17b-be53-4a84-a26b-035bb1ec7080,0.507808268070221,0.9997384835624976,K
109,f8faf408-1ceb-45c3-8c74-453465925602,0.507808268070221,0.9996721676932026,K
109,14334c04-9537-49c5-9c99-2637a762658c,0.5000554323196411,0.9997384837291207,K
109,69a201b8-97d8-4cb9-88e6-bc755c5ea385,0.5000554323196411,0.9997384838957437,K
109,f5b76fd6-8f69-4aac-a7ff-7788c7d893fc,0.5000554323196411,0.9998249789013132,K
110,80b366aa-0c4b-458d-a732-2b6f0caba095,0.8331028819084167,0.9998970822963903,K
110,8517b37b-819b-4307-a0b8-9e13467048ff,0.8331028819084167,0.9998970826852391,K
110,b7d81724-1cb7-4861-9b89-ab9cc7586573,0.8331028819084167,0.9998970824630398,K
110,14334c04-9537-49c5-9c99-2637a762658c,0.5295180082321167,0.999897082379715,K
110,69a201b8-97d8-4cb9-88e6-bc755c5ea385,0.5295180082321167,0.9998970825741395,K
110,f5b76fd6-8f69-4aac-a7ff-7788c7d893fc,0.5295180082321167,0.9998970822130655,K
110,078c15be-3a44-4d80-b84c-811729558419,0.5277932286262512,0.9998970824630398,K
110,a002f3cc-29d7-42cf-92c8-4c2c96114528,0.5277932286262512,0.9998970826296892,K
110,c4c4df2e-14cf-4cd3-8cbb-8727a947891d,0.5277932286262512,0.9998970822686153,K
110,0180d106-30b7-4d3d-8465-6a60f82fd63e,0.5179275274276733,0.9998970822408404,K
110,5a5abb23-ae95-40f4-be81-430d4ce73c08,0.5179275274276733,0.9998970824352649,K
110,f1692ae6-46bc-4704-ad9c-ecfdbcd537e3,0.5179275274276733,0.9998970826019143,K
110,353f4204-a357-467a-bcfb-6abe5e9eaa2b,0.5085324645042419,0.9998970824908147,K
110,b075f555-fc68-4c49-9e8b-1ef142b37e3c,0.5085324645042419,0.999897082713014,K
110,fb88ce3f-44de-442f-b2a1-7f8a9a241352,0.5085324645042419,0.9998970823241652,K
111,078c15be-3a44-4d80-b84c-811729558419,0.8484436273574829,0.9999169923619913,K
111,a002f3cc-29d7-42cf-92c8-4c2c96114528,0.8484436273574829,0.9999169925564196,K
111,c4c4df2e-14cf-4cd3-8cbb-8727a947891d,0.8484436273574829,0.9999169921397876,K
111,07539a5f-f98a-4454-94c4-c030161ad513,0.582748532295227,0.9993229844174277,K
111,12ba90b8-af65-4611-bfb8-4fbc328af547,0.582748532295227,0.9993229835568995,K
111,3635c30d-a5f0-43e6-859f-e98e9a1f2b18,0.582748532295227,0.999322983168274,K
111,4a932701-f9a8-4913-b73f-9bd516f48756,0.582748532295227,0.9993229841953559,K
111,79d5f1b1-e6ef-459c-ab72-be3fe4fc68e1,0.582748532295227,0.9993229846117405,K
111,a2ac0247-893a-4f38-9dba-06ec963acfee,0.582748532295227,0.9993229837512123,K
111,abba8879-48fd-4791-bc96-a00e79daa674,0.582748532295227,0.9993229833625867,K
111,f0d191fc-2820-4508-8648-c19140fcae2b,0.582748532295227,0.9993229840010431,K
111,fd461154-e708-4b16-9dae-161e06fa0e57,0.582748532295227,0.9993229829739612,K
111,0180d106-30b7-4d3d-8465-6a60f82fd63e,0.561016857624054,0.9999169921397876,K
111,5a5abb23-ae95-40f4-be81-430d4ce73c08,0.561016857624054,0.9999169923342158,K
111,f1692ae6-46bc-4704-ad9c-ecfdbcd537e3,0.561016857624054,0.9999169925286442,K
111,3f87a65c-9111-4d39-a239-9ff4e217de12,0.5204606652259827,0.9997225218930617,K
111,40e09ffe-167b-4ae9-b56a-ad4230dc9049,0.5204606652259827,0.9997225221429923,K
111,65afd9be-ce3f-434b-b0c5-1632dbb145fe,0.5204606652259827,0.9997225216709011,K
111,6ecdb5bb-812f-4175-bf6d-a2ffc4783175,0.5204606652259827,0.9998140726199714,K
112,0180d106-30b7-4d3d-8465-6a60f82fd63e,0.8701802492141724,0.9999217586443478,K
112,5a5abb23-ae95-40f4-be81-430d4ce73c08,0.8701802492141724,0.9999217588387771,K
112,f1692ae6-46bc-4704-ad9c-ecfdbcd537e3,0.8701802492141724,0.9999217590332063,K
112,3f87a65c-9111-4d39-a239-9ff4e217de12,0.6210042834281921,0.9999217589221039,K
112,40e09ffe-167b-4ae9-b56a-ad4230dc9049,0.6210042834281921,0.9999217591720844,K
112,65afd9be-ce3f-434b-b0c5-1632dbb145fe,0.6210042834281921,0.9999217587276746,K
112,6ecdb5bb-812f-4175-bf6d-a2ffc4783175,0.6210042834281921,0.9999217585610211,K
112,14334c04-9537-49c5-9c99-2637a762658c,0.5198861360549927,0.999838747058209,K
112,69a201b8-97d8-4cb9-88e6-bc755c5ea385,0.5198861360549927,0.9998387472526221,K
112,f5b76fd6-8f69-4aac-a7ff-7788c7d893fc,0.5198861360549927,0.9998387468637959,K
112,078c15be-3a44-4d80-b84c-811729558419,0.5179296135902405,0.9999217588665527,K
112,a002f3cc-29d7-42cf-92c8-4c2c96114528,0.5179296135902405,0.9999217590609819,K
112,c4c4df2e-14cf-4cd3-8cbb-8727a947891d,0.5179296135902405,0.9999217586721235,K
113,4e7bb6f5-36b0-4fa4-bd68-f313b4666daf,0.8280233144760132,0.9996415546180125,K
113,d509d17b-be53-4a84-a26b-035bb1ec7080,0.8280233144760132,0.999641554229263,K
113,f8faf408-1ceb-45c3-8c74-453465925602,0.8280233144760132,0.9996415544236378,K
114,14334c04-9537-49c5-9c99-2637a762658c,0.8407513499259949,0.9998382976863398,K
114,69a201b8-97d8-4cb9-88e6-bc755c5ea385,0.8407513499259949,0.9998382978529795,K
114,f5b76fd6-8f69-4aac-a7ff-7788c7d893fc,0.8407513499259949,0.9998382974919268,K
114,8026d908-9795-4e57-8f12-3c5f0363b5df,0.5130964517593384,0.9993127522907383,K
114,944ffda5-475b-44a3-9ffb-8d029a459d7b,0.5130964517593384,0.9993127524850491,K
114,a500e771-2553-43b1-96ab-b5312c48c6da,0.5130964517593384,0.9993127513191843,K
114,add373f1-7c47-43c3-a5ba-fea00e252e88,0.5130964517593384,0.9993127509583214,K
114,c71ad1e6-61a0-4e7c-9bb3-bbdb5044b53b,0.5130964517593384,0.9993127511248735,K
114,c9da9bd0-90ee-4dc2-becc-41c84923eff6,0.5130964517593384,0.9993127516800473,K
114,e1b73131-bab7-49ea-a23b-cebebd433714,0.5130964517593384,0.9993127515134951,K
114,ee45e614-5d14-41ab-b8c6-b2f1281357bb,0.5130964517593384,0.9993127520686689,K
115,5ae85211-883c-4ded-89df-98953abf425d,0.7610799670219421,0.9993940518829788,K
115,e567aaf5-c6c2-4e26-9d70-b6e5436225f6,0.7501639127731323,0.9993940520773055,K
115,e9101f74-98a1-499c-8906-1e50ef554020,0.7423115968704224,0.999394052271632,K
115,0180d106-30b7-4d3d-8465-6a60f82fd63e,0.5478793978691101,0.9997496808350714,K
115,5a5abb23-ae95-40f4-be81-430d4ce73c08,0.5478793978691101,0.9997496810016964,K
115,5cd4f33d-26cb-48ac-aec0-4b3398ed187f,0.5478793978691101,0.9998439711737637,K
115,f1692ae6-46bc-4704-ad9c-ecfdbcd537e3,0.5478793978691101,0.999749681223863,K
115,3f87a65c-9111-4d39-a239-9ff4e217de12,0.5414908528327942,0.9997496811127797,K
115,40e09ffe-167b-4ae9-b56a-ad4230dc9049,0.5414908528327942,0.9997496813627171,K
115,65afd9be-ce3f-434b-b0c5-1632dbb145fe,0.5414908528327942,0.9997496809183839,K
115,6ecdb5bb-812f-4175-bf6d-a2ffc4783175,0.5414908528327942,0.999749680751759,K
116,3f87a65c-9111-4d39-a239-9ff4e217de12,0.8598865866661072,0.9999038256528269,K
116,40e09ffe-167b-4ae9-b56a-ad4230dc9049,0.8598865866661072,0.9999038259028028,K
116,65afd9be-ce3f-434b-b0c5-1632dbb145fe,0.8598865866661072,0.9999038254861762,K
116,6ecdb5bb-812f-4175-bf6d-a2ffc4783175,0.8598865866661072,0.9999038252917505,K
116,0180d106-30b7-4d3d-8465-6a60f82fd63e,0.6504610180854797,0.9999038254028509,K
116,5a5abb23-ae95-40f4-be81-430d4ce73c08,0.6504610180854797,0.9999038255695015,K
116,5cd4f33d-26cb-48ac-aec0-4b3398ed187f,0.6504610180854797,0.9999038252084251,K
116,f1692ae6-46bc-4704-ad9c-ecfdbcd537e3,0.6504610180854797,0.9999038257639272,K
116,078c15be-3a44-4d80-b84c-811729558419,0.5488073825836182,0.9996535186774109,K
116,2326f57a-a40c-4e64-a87c-dc4c13d043fb,0.5488073825836182,0.9996535183164249,K
116,a002f3cc-29d7-42cf-92c8-4c2c96114528,0.5488073825836182,0.999653518871788,K
116,c4c4df2e-14cf-4cd3-8cbb-8727a947891d,0.5488073825836182,0.9996535184830339,K
116,5ae85211-883c-4ded-89df-98953abf425d,0.5433847904205322,0.9999038253195256,K
116,e9101f74-98a1-499c-8906-1e50ef554020,0.5312458872795105,0.999903825680602,K
116,e567aaf5-c6c2-4e26-9d70-b6e5436225f6,0.5237554311752319,0.9999038254861762,K
117,353f4204-a357-467a-bcfb-6abe5e9eaa2b,0.7617342472076416,0.9993966240767299,K
117,7c60762c-b658-42a9-b8a4-db680e830412,0.7617342472076416,0.9993966237435977,K
117,b075f555-fc68-4c49-9e8b-1ef142b37e3c,0.7617342472076416,0.999396624298818,K
117,fb88ce3f-44de-442f-b2a1-7f8a9a241352,0.7617342472076416,0.9993966239101638,K
117,80b366aa-0c4b-458d-a732-2b6f0caba095,0.5484346747398376,0.9993966238824028,K
117,8517b37b-819b-4307-a0b8-9e13467048ff,0.5484346747398376,0.999396624271057,K
117,a36a2a93-7ff2-431c-9c0a-52b0d7cffe1c,0.5484346747398376,0.9994795987335131,K
117,b7d81724-1cb7-4861-9b89-ab9cc7586573,0.5484346747398376,0.9993966240767299,K
117,078c15be-3a44-4d80-b84c-811729558419,0.5269405245780945,0.9999042763318027,K
117,2326f57a-a40c-4e64-a87c-dc4c13d043fb,0.5269405245780945,0.9999042759707262,K
117,a002f3cc-29d7-42cf-92c8-4c2c96114528,0.5269405245780945,0.9999042764984535,K
117,c4c4df2e-14cf-4cd3-8cbb-8727a947891d,0.5269405245780945,0.999904276165152,K
117,0180d106-30b7-4d3d-8465-6a60f82fd63e,0.5267852544784546,0.9999042761373769,K
117,5a5abb23-ae95-40f4-be81-430d4ce73c08,0.5267852544784546,0.9999042763040276,K
117,5cd4f33d-26cb-48ac-aec0-4b3398ed187f,0.5267852544784546,0.9999042759429511,K
117,f1692ae6-46bc-4704-ad9c-ecfdbcd537e3,0.5267852544784546,0.9999042764706784,K
117,4e7bb6f5-36b0-4fa4-bd68-f313b4666daf,0.507808268070221,0.999652087896568,K
117,79c53939-7e93-4bbb-9f5a-d3dc13b0acec,0.507808268070221,0.9997194833521543,K
117,d509d17b-be53-4a84-a26b-035bb1ec7080,0.507808268070221,0.9996520875355825,K
117,f8faf408-1ceb-45c3-8c74-453465925602,0.507808268070221,0.9996520877021913,K
117,01dd4c62-d96f-42c5-9206-09dda5e9f456,0.5000554323196411,0.9998080978600161,K
117,14334c04-9537-49c5-9c99-2637a762658c,0.5000554323196411,0.9997194836853941,K
117,69a201b8-97d8-4cb9-88e6-bc755c5ea385,0.5000554323196411,0.999719483852014,K
117,f5b76fd6-8f69-4aac-a7ff-7788c7d893fc,0.5000554323196411,0.9997194834910043,K
118,80b366aa-0c4b-458d-a732-2b6f0caba095,0.8331028819084167,0.99988911006541,K
118,8517b37b-819b-4307-a0b8-9e13467048ff,0.8331028819084167,0.9998891104820304,K
118,a36a2a93-7ff2-431c-9c0a-52b0d7cffe1c,0.8331028819084167,0.9998891098709871,K
118,b7d81724-1cb7-4861-9b89-ab9cc7586573,0.8331028819084167,0.9998891102320582,K
118,01dd4c62-d96f-42c5-9206-09dda5e9f456,0.5295180082321167,0.9998891097876631,K
118,14334c04-9537-49c5-9c99-2637a762658c,0.5295180082321167,0.9998891101487342,K
118,69a201b8-97d8-4cb9-88e6-bc755c5ea385,0.5295180082321167,0.999889110343157,K
118,f5b76fd6-8f69-4aac-a7ff-7788c7d893fc,0.5295180082321167,0.9998891099543112,K
118,078c15be-3a44-4d80-b84c-811729558419,0.5277932286262512,0.9998891102042835,K
118,2326f57a-a40c-4e64-a87c-dc4c13d043fb,0.5277932286262512,0.9998891098432124,K
118,a002f3cc-29d7-42cf-92c8-4c2c96114528,0.5277932286262512,0.9998891103987064,K
118,c4c4df2e-14cf-4cd3-8cbb-8727a947891d,0.5277932286262512,0.9998891100376354,K
118,0180d106-30b7-4d3d-8465-6a60f82fd63e,0.5179275274276733,0.9998891100098606,K
118,5a5abb23-ae95-40f4-be81-430d4ce73c08,0.5179275274276733,0.9998891102042835,K
118,5cd4f33d-26cb-48ac-aec0-4b3398ed187f,0.5179275274276733,0.9998891098154378,K
118,f1692ae6-46bc-4704-ad9c-ecfdbcd537e3,0.5179275274276733,0.9998891103987064,K
118,353f4204-a357-467a-bcfb-6abe5e9eaa2b,0.5085324645042419,0.999889110259833,K
118,7c60762c-b658-42a9-b8a4-db680e830412,0.5085324645042419,0.9998891098987618,K
118,b075f555-fc68-4c49-9e8b-1ef142b37e3c,0.5085324645042419,0.9998891105098052,K
118,fb88ce3f-44de-442f-b2a1-7f8a9a241352,0.5085324645042419,0.99988911006541,K
119,078c15be-3a44-4d80-b84c-811729558419,0.8484436273574829,0.9999108729998248,K
119,2326f57a-a40c-4e64-a87c-dc4c13d043fb,0.8484436273574829,0.9999108726665212,K
119,a002f3cc-29d7-42cf-92c8-4c2c96114528,0.8484436273574829,0.999910873194252,K
119,c4c4df2e-14cf-4cd3-8cbb-8727a947891d,0.8484436273574829,0.999910872833173,K
119,07539a5f-f98a-4454-94c4-c030161ad513,0.582748532295227,0.9992796784173524,K
119,12ba90b8-af65-4611-bfb8-4fbc328af547,0.582748532295227,0.9992796776401349,K
119,3635c30d-a5f0-43e6-859f-e98e9a1f2b18,0.582748532295227,0.9992796772792839,K
119,4a932701-f9a8-4913-b73f-9bd516f48756,0.582748532295227,0.9992796782230481,K
119,79d5f1b1-e6ef-459c-ab72-be3fe4fc68e1,0.582748532295227,0.9992796785838991,K
119,a2ac0247-893a-4f38-9dba-06ec963acfee,0.582748532295227,0.9992796778066816,K
119,abba8879-48fd-4791-bc96-a00e79daa674,0.582748532295227,0.9992796774458306,K
119,f0d191fc-2820-4508-8648-c19140fcae2b,0.582748532295227,0.9992796780287437,K
119,fd461154-e708-4b16-9dae-161e06fa0e57,0.582748532295227,0.9992796770849796,K
119,0180d106-30b7-4d3d-8465-6a60f82fd63e,0.561016857624054,0.9999108728053978,K
119,5a5abb23-ae95-40f4-be81-430d4ce73c08,0.561016857624054,0.9999108729720496,K
119,5cd4f33d-26cb-48ac-aec0-4b3398ed187f,0.561016857624054,0.9999108726387459,K
119,f1692ae6-46bc-4704-ad9c-ecfdbcd537e3,0.561016857624054,0.9999108731664766,K
119,3f87a65c-9111-4d39-a239-9ff4e217de12,0.5204606652259827,0.9997042690425783,K
119,40e09ffe-167b-4ae9-b56a-ad4230dc9049,0.5204606652259827,0.9997042692369652,K
119,65afd9be-ce3f-434b-b0c5-1632dbb145fe,0.5204606652259827,0.9997042688481913,K
119,6ecdb5bb-812f-4175-bf6d-a2ffc4783175,0.5204606652259827,0.9997042686815739,K
119,9d64a6be-6d7a-4a0a-8d31-204f85ad39e5,0.5204606652259827,0.9997999825894833,K
120,0180d106-30b7-4d3d-8465-6a60f82fd63e,0.8701802492141724,0.999919106633156,K
120,5a5abb23-ae95-40f4-be81-430d4ce73c08,0.8701802492141724,0.9999191068553602,K
120,5cd4f33d-26cb-48ac-aec0-4b3398ed187f,0.8701802492141724,0.9999191064387273,K
120,f1692ae6-46bc-4704-ad9c-ecfdbcd537e3,0.8701802492141724,0.9999191119660579,K
120,3f87a65c-9111-4d39-a239-9ff4e217de12,0.6210042834281921,0.9999191118549557,K
120,40e09ffe-167b-4ae9-b56a-ad4230dc9049,0.6210042834281921,0.9999191121327111,K
120,65afd9be-ce3f-434b-b0c5-1632dbb145fe,0.6210042834281921,0.9999191067442581,K
120,6ecdb5bb-812f-4175-bf6d-a2ffc4783175,0.6210042834281921,0.9999191065220538,K
120,9d64a6be-6d7a-4a0a-8d31-204f85ad39e5,0.6210042834281921,0.9999191063276252,K
120,01dd4c62-d96f-42c5-9206-09dda5e9f456,0.5198861360549927,0.9998299713731723,K
120,14334c04-9537-49c5-9c99-2637a762658c,0.5198861360549927,0.9998299717897682,K
120,69a201b8-97d8-4cb9-88e6-bc755c5ea385,0.5198861360549927,0.9998299769000103,K
120,f5b76fd6-8f69-4aac-a7ff-7788c7d893fc,0.5198861360549927,0.9998299715675837,K
120,078c15be-3a44-4d80-b84c-811729558419,0.5179296135902405,0.9999191068831358,K
120,2326f57a-a40c-4e64-a87c-dc4c13d043fb,0.5179296135902405,0.9999191064387273,K
120,a002f3cc-29d7-42cf-92c8-4c2c96114528,0.5179296135902405,0.9999191119938334,K
120,c4c4df2e-14cf-4cd3-8cbb-8727a947891d,0.5179296135902405,0.9999191066609315,K
121,4e7bb6f5-36b0-4fa4-bd68-f313b4666daf,0.8280233144760132,0.9996198483870533,K
121,79c53939-7e93-4bbb-9f5a-d3dc13b0acec,0.8280233144760132,0.9996198478594762,K
121,d509d17b-be53-4a84-a26b-035bb1ec7080,0.8280233144760132,0.9996198480260795,K
121,f8faf408-1ceb-45c3-8c74-453465925602,0.8280233144760132,0.9996198481926828,K
122,2d58858c-ef2a-4a78-8780-bc452a61e781,0.5750882029533386,0.9999303242052487,K
122,081411c1-683b-4961-b7b0-f8882aa1ca6f,0.5540775656700134,0.9968813847368113,K
123,5ae85211-883c-4ded-89df-98953abf425d,0.7610799670219421,0.9993268108602198,K
123,f442598b-6b83-4c30-92a7-bd8f83118a45,0.7610799670219421,0.9993268106659062,K
123,e567aaf5-c6c2-4e26-9d70-b6e5436225f6,0.7501639127731323,0.9993268110267742,K
123,e9101f74-98a1-499c-8906-1e50ef554020,0.7423115968704224,0.9993268112210878,K
123,0180d106-30b7-4d3d-8465-6a60f82fd63e,0.5478793978691101,0.9997033263218971,K
123,52a0dbc6-2456-4182-94a1-50f398f40323,0.5478793978691101,0.9998025751297439,K
123,5a5abb23-ae95-40f4-be81-430d4ce73c08,0.5478793978691101,0.9997033265162838,K
123,5cd4f33d-26cb-48ac-aec0-4b3398ed187f,0.5478793978691101,0.9997033261552799,K
123,f1692ae6-46bc-4704-ad9c-ecfdbcd537e3,0.5478793978691101,0.9997033266829011,K
123,3f87a65c-9111-4d39-a239-9ff4e217de12,0.5414908528327942,0.9997033265995925,K
123,40e09ffe-167b-4ae9-b56a-ad4230dc9049,0.5414908528327942,0.9997033268217488,K
123,65afd9be-ce3f-434b-b0c5-1632dbb145fe,0.5414908528327942,0.9997033264052057,K
123,6ecdb5bb-812f-4175-bf6d-a2ffc4783175,0.5414908528327942,0.9997033262385885,K
123,9d64a6be-6d7a-4a0a-8d31-204f85ad39e5,0.5414908528327942,0.9997033260442018,K
124,3f87a65c-9111-4d39-a239-9ff4e217de12,0.8598865866661072,0.9999043735724983,K
124,40e09ffe-167b-4ae9-b56a-ad4230dc9049,0.8598865866661072,0.9999043737669242,K
124,65afd9be-ce3f-434b-b0c5-1632dbb145fe,0.8598865866661072,0.9999043734058476,K
124,6ecdb5bb-812f-4175-bf6d-a2ffc4783175,0.8598865866661072,0.9999043732391969,K
124,9d64a6be-6d7a-4a0a-8d31-204f85ad39e5,0.8598865866661072,0.999904373044771,K
124,0180d106-30b7-4d3d-8465-6a60f82fd63e,0.6504610180854797,0.9999043733225222,K
124,52a0dbc6-2456-4182-94a1-50f398f40323,0.6504610180854797,0.9999043729614456,K
124,5a5abb23-ae95-40f4-be81-430d4ce73c08,0.6504610180854797,0.9999043734891729,K
124,5cd4f33d-26cb-48ac-aec0-4b3398ed187f,0.6504610180854797,0.9999043731280963,K
124,f1692ae6-46bc-4704-ad9c-ecfdbcd537e3,0.6504610180854797,0.9999043736558237,K
124,078c15be-3a44-4d80-b84c-811729558419,0.5488073825836182,0.999607715741376,K
124,2326f57a-a40c-4e64-a87c-dc4c13d043fb,0.5488073825836182,0.9996077153804065,K
124,7f330727-6b56-4d85-bc3a-2e81cf2a8850,0.5488073825836182,0.9996077152138052,K
124,a002f3cc-29d7-42cf-92c8-4c2c96114528,0.5488073825836182,0.9999043736835989,K
124,c4c4df2e-14cf-4cd3-8cbb-8727a947891d,0.5488073825836182,0.9996077155470078,K
124,5ae85211-883c-4ded-89df-98953abf425d,0.5433847904205322,0.9999043732391969,K
124,f442598b-6b83-4c30-92a7-bd8f83118a45,0.5433847904205322,0.9999043730725461,K
124,e9101f74-98a1-499c-8906-1e50ef554020,0.5312458872795105,0.9999043736002734,K
124,e567aaf5-c6c2-4e26-9d70-b6e5436225f6,0.5237554311752319,0.9999043734336227,K
125,353f4204-a357-467a-bcfb-6abe5e9eaa2b,0.7617342472076416,0.9993323007881713,K
125,7c60762c-b658-42a9-b8a4-db680e830412,0.7617342472076416,0.9993323004273013,K
125,8b6875f0-8f7c-4afe-a1ec-d04b36123c4f,0.7617342472076416,0.9993323002607459,K
125,b075f555-fc68-4c49-9e8b-1ef142b37e3c,0.7617342472076416,0.999894513980708,K
125,fb88ce3f-44de-442f-b2a1-7f8a9a241352,0.7617342472076416,0.9993323006216159,K
125,80b366aa-0c4b-458d-a732-2b6f0caba095,0.5484346747398376,0.9993323005938567,K
125,8517b37b-819b-4307-a0b8-9e13467048ff,0.5484346747398376,0.9993323010102452,K
125,8a81e090-cf6b-465e-824b-80ebcc668409,0.5484346747398376,0.9994213908755247,K
125,a36a2a93-7ff2-431c-9c0a-52b0d7cffe1c,0.5484346747398376,0.999332300399542,K
125,b7d81724-1cb7-4861-9b89-ab9cc7586573,0.5484346747398376,0.9993323007881713,K
125,078c15be-3a44-4d80-b84c-811729558419,0.5269405245780945,0.9998945137307345,K
125,2326f57a-a40c-4e64-a87c-dc4c13d043fb,0.5269405245780945,0.9998945133696614,K
125,7f330727-6b56-4d85-bc3a-2e81cf2a8850,0.5269405245780945,0.9998945131752375,K
125,a002f3cc-29d7-42cf-92c8-4c2c96114528,0.5269405245780945,0.9998945139251584,K
125,c4c4df2e-14cf-4cd3-8cbb-8727a947891d,0.5269405245780945,0.9998945135363105,K
125,0180d106-30b7-4d3d-8465-6a60f82fd63e,0.5267852544784546,0.9998945135363105,K
125,52a0dbc6-2456-4182-94a1-50f398f40323,0.5267852544784546,0.9998945131474627,K
125,5a5abb23-ae95-40f4-be81-430d4ce73c08,0.5267852544784546,0.9998945137029596,K
125,5cd4f33d-26cb-48ac-aec0-4b3398ed187f,0.5267852544784546,0.9998945133418866,K
125,f1692ae6-46bc-4704-ad9c-ecfdbcd537e3,0.5267852544784546,0.9998945138973836,K
125,92a699d3-1261-4ddb-b4c3-8d04b32cab14,0.508114218711853,0.9997988818103085,K
125,4e7bb6f5-36b0-4fa4-bd68-f313b4666daf,0.507808268070221,0.9996014852892013,K
125,79c53939-7e93-4bbb-9f5a-d3dc13b0acec,0.507808268070221,0.9996014847338672,K
125,7d0bbb59-a8de-4de5-9783-ccf95339bba2,0.507808268070221,0.9996711496386927,K
125,d509d17b-be53-4a84-a26b-035bb1ec7080,0.507808268070221,0.9996014849004674,K
125,f8faf408-1ceb-45c3-8c74-453465925602,0.507808268070221,0.9996014850948344,K
125,01dd4c62-d96f-42c5-9206-09dda5e9f456,0.5000554323196411,0.999502255499248,K
125,14334c04-9537-49c5-9c99-2637a762658c,0.5000554323196411,0.9995022558601794,K
125,69a201b8-97d8-4cb9-88e6-bc755c5ea385,0.5000554323196411,0.9998945138418338,K
125,f5b76fd6-8f69-4aac-a7ff-7788c7d893fc,0.5000554323196411,0.9995022556935957,K
126,80b366aa-0c4b-458d-a732-2b6f0caba095,0.8331028819084167,0.9998896700034684,K
126,8517b37b-819b-4307-a0b8-9e13467048ff,0.8331028819084167,0.9998896703645397,K
126,8a81e090-cf6b-465e-824b-80ebcc668409,0.8331028819084167,0.9998896696423972,K
126,a36a2a93-7ff2-431c-9c0a-52b0d7cffe1c,0.8331028819084167,0.9998896698090455,K
126,b7d81724-1cb7-4861-9b89-ab9cc7586573,0.8331028819084167,0.9998896701701168,K
126,01dd4c62-d96f-42c5-9206-09dda5e9f456,0.5295180082321167,0.9998896697257214,K
126,14334c04-9537-49c5-9c99-2637a762658c,0.5295180082321167,0.9998896700867926,K
126,69a201b8-97d8-4cb9-88e6-bc755c5ea385,0.5295180082321167,0.9998896702534409,K
126,f5b76fd6-8f69-4aac-a7ff-7788c7d893fc,0.5295180082321167,0.9998896699201443,K
126,078c15be-3a44-4d80-b84c-811729558419,0.5277932286262512,0.999889670142342,K
126,2326f57a-a40c-4e64-a87c-dc4c13d043fb,0.5277932286262512,0.9998896698090455,K
126,7f330727-6b56-4d85-bc3a-2e81cf2a8850,0.5277932286262512,0.9998896696423972,K
126,a002f3cc-29d7-42cf-92c8-4c2c96114528,0.5277932286262512,0.9998896703089903,K
126,c4c4df2e-14cf-4cd3-8cbb-8727a947891d,0.5277932286262512,0.9998896699756937,K
126,0180d106-30b7-4d3d-8465-6a60f82fd63e,0.5179275274276733,0.9998896699479191,K
126,52a0dbc6-2456-4182-94a1-50f398f40323,0.5179275274276733,0.9998896696146224,K
126,5a5abb23-ae95-40f4-be81-430d4ce73c08,0.5179275274276733,0.9998896701145673,K
126,5cd4f33d-26cb-48ac-aec0-4b3398ed187f,0.5179275274276733,0.9998896697812707,K
126,f1692ae6-46bc-4704-ad9c-ecfdbcd537e3,0.5179275274276733,0.9998896702812156,K
126,353f4204-a357-467a-bcfb-6abe5e9eaa2b,0.5085324645042419,0.9998896701978914,K
126,7c60762c-b658-42a9-b8a4-db680e830412,0.5085324645042419,0.9998896698368201,K
126,8b6875f0-8f7c-4afe-a1ec-d04b36123c4f,0.5085324645042419,0.9998896696701719,K
126,b075f555-fc68-4c49-9e8b-1ef142b37e3c,0.5085324645042419,0.9998896703923145,K
126,fb88ce3f-44de-442f-b2a1-7f8a9a241352,0.5085324645042419,0.9998896700034684,K
127,078c15be-3a44-4d80-b84c-811729558419,0.8484436273574829,0.9999037496045888,K
127,2326f57a-a40c-4e64-a87c-dc4c13d043fb,0.8484436273574829,0.9999037491879622,K
127,7f330727-6b56-4d85-bc3a-2e81cf2a8850,0.8484436273574829,0.9999037489935365,K
127,a002f3cc-29d7-42cf-92c8-4c2c96114528,0.8484436273574829,0.9999037497990145,K
127,c4c4df2e-14cf-4cd3-8cbb-8727a947891d,0.8484436273574829,0.999903749410163,K
127,07539a5f-f98a-4454-94c4-c030161ad513,0.582748532295227,0.9992149215854474,K
127,12ba90b8-af65-4611-bfb8-4fbc328af547,0.582748532295227,0.9992149207250123,K
127,3635c30d-a5f0-43e6-859f-e98e9a1f2b18,0.582748532295227,0.9992149203364288,K
127,4a932701-f9a8-4913-b73f-9bd516f48756,0.582748532295227,0.9992149213633996,K
127,79d5f1b1-e6ef-459c-ab72-be3fe4fc68e1,0.582748532295227,0.9992149217797391,K
127,a2ac0247-893a-4f38-9dba-06ec963acfee,0.582748532295227,0.9992149209193041,K
127,abba8879-48fd-4791-bc96-a00e79daa674,0.582748532295227,0.9992149205307206,K
127,f0d191fc-2820-4508-8648-c19140fcae2b,0.582748532295227,0.9992149211691078,K
127,fd461154-e708-4b16-9dae-161e06fa0e57,0.582748532295227,0.999214920142137,K
127,0180d106-30b7-4d3d-8465-6a60f82fd63e,0.561016857624054,0.9999037493823879,K
127,52a0dbc6-2456-4182-94a1-50f398f40323,0.561016857624054,0.9999037489935365,K
127,5a5abb23-ae95-40f4-be81-430d4ce73c08,0.561016857624054,0.9999037495768137,K
127,5cd4f33d-26cb-48ac-aec0-4b3398ed187f,0.561016857624054,0.9999037491601871,K
127,f1692ae6-46bc-4704-ad9c-ecfdbcd537e3,0.561016857624054,0.9999037497712394,K
127,92a699d3-1261-4ddb-b4c3-8d04b32cab14,0.5255602598190308,0.9997934192851794,K
127,3f87a65c-9111-4d39-a239-9ff4e217de12,0.5204606652259827,0.9996879443106194,K
127,40e09ffe-167b-4ae9-b56a-ad4230dc9049,0.5204606652259827,0.9996879445605413,K
127,65afd9be-ce3f-434b-b0c5-1632dbb145fe,0.5204606652259827,0.9996879441162355,K
127,6b06c819-28fd-4f4d-a913-9698250259c0,0.5204606652259827,0.9997934192296354,K
127,6ecdb5bb-812f-4175-bf6d-a2ffc4783175,0.5204606652259827,0.9996879439218518,K
127,9d64a6be-6d7a-4a0a-8d31-204f85ad39e5,0.5204606652259827,0.9996879436996989,K
128,0180d106-30b7-4d3d-8465-6a60f82fd63e,0.8701802492141724,0.9999074538104407,K
128,52a0dbc6-2456-4182-94a1-50f398f40323,0.8701802492141724,0.9999074534493629,K
128,5a5abb23-ae95-40f4-be81-430d4ce73c08,0.8701802492141724,0.999907454004867,K
128,5cd4f33d-26cb-48ac-aec0-4b3398ed187f,0.8701802492141724,0.9999074536437894,K
128,f1692ae6-46bc-4704-ad9c-ecfdbcd537e3,0.8701802492141724,0.9999074541992935,K
128,3f87a65c-9111-4d39-a239-9ff4e217de12,0.6210042834281921,0.9999074541159679,K
128,40e09ffe-167b-4ae9-b56a-ad4230dc9049,0.6210042834281921,0.9999074543381695,K
128,65afd9be-ce3f-434b-b0c5-1632dbb145fe,0.6210042834281921,0.9999074539215415,K
128,6b06c819-28fd-4f4d-a913-9698250259c0,0.6210042834281921,0.9999074533660373,K
128,6ecdb5bb-812f-4175-bf6d-a2ffc4783175,0.6210042834281921,0.999907453727115,K
128,9d64a6be-6d7a-4a0a-8d31-204f85ad39e5,0.6210042834281921,0.9999074535604637,K
128,01dd4c62-d96f-42c5-9206-09dda5e9f456,0.5198861360549927,0.999811199214001,K
128,14334c04-9537-49c5-9c99-2637a762658c,0.5198861360549927,0.9998111995750438,K
128,69a201b8-97d8-4cb9-88e6-bc755c5ea385,0.5198861360549927,0.999907454143743,K
128,f5b76fd6-8f69-4aac-a7ff-7788c7d893fc,0.5198861360549927,0.9998111994084087,K
128,078c15be-3a44-4d80-b84c-811729558419,0.5179296135902405,0.9999074540326423,K
128,2326f57a-a40c-4e64-a87c-dc4c13d043fb,0.5179296135902405,0.9999074536715645,K
128,7f330727-6b56-4d85-bc3a-2e81cf2a8850,0.5179296135902405,0.9999074534771382,K
128,a002f3cc-29d7-42cf-92c8-4c2c96114528,0.5179296135902405,0.9999074542270687,K
128,c4c4df2e-14cf-4cd3-8cbb-8727a947891d,0.5179296135902405,0.9999074538382158,K
129,4e7bb6f5-36b0-4fa4-bd68-f313b4666daf,0.8280233144760132,0.9995927543914579,K
129,79c53939-7e93-4bbb-9f5a-d3dc13b0acec,0.8280233144760132,0.9995927538361286,K
129,7d0bbb59-a8de-4de5-9783-ccf95339bba2,0.8280233144760132,0.9995927536417634,K
129,d509d17b-be53-4a84-a26b-035bb1ec7080,0.8280233144760132,0.9995927540027274,K
129,f8faf408-1ceb-45c3-8c74-453465925602,0.8280233144760132,0.9995927541970927,K
130,01dd4c62-d96f-42c5-9206-09dda5e9f456,0.8407513499259949,0.9998126755474167,K
130,14334c04-9537-49c5-9c99-2637a762658c,0.8407513499259949,0.9998126759084601,K
130,69a201b8-97d8-4cb9-88e6-bc755c5ea385,0.8407513499259949,0.9999208178850691,K
130,f5b76fd6-8f69-4aac-a7ff-7788c7d893fc,0.8407513499259949,0.9998126757418246,K
130,8026d908-9795-4e57-8f12-3c5f0363b5df,0.5130964517593384,0.9984552646670692,K
130,944ffda5-475b-44a3-9ffb-8d029a459d7b,0.5130964517593384,0.9984552648889482,K
130,a500e771-2553-43b1-96ab-b5312c48c6da,0.5130964517593384,0.9984552636963488,K
130,add373f1-7c47-43c3-a5ba-fea00e252e88,0.5130964517593384,0.9984552633080607,K
130,c71ad1e6-61a0-4e7c-9bb3-bbdb5044b53b,0.5130964517593384,0.9984552635022047,K
130,c9da9bd0-90ee-4dc2-becc-41c84923eff6,0.5130964517593384,0.9984552640846369,K
130,e1b73131-bab7-49ea-a23b-cebebd433714,0.5130964517593384,0.9984552638904929,K
130,ee45e614-5d14-41ab-b8c6-b2f1281357bb,0.5130964517593384,0.99845526450066,K
131,3adcef2d-f318-4a61-bd66-3368a470ed55,0.7610799670219421,0.9993118632358886,K
131,5ae85211-883c-4ded-89df-98953abf425d,0.7610799670219421,0.9993118636245099,K
131,f442598b-6b83-4c30-92a7-bd8f83118a45,0.7610799670219421,0.9993118634301992,K
131,e567aaf5-c6c2-4e26-9d70-b6e5436225f6,0.7501639127731323,0.9993118638188205,K
131,e9101f74-98a1-499c-8906-1e50ef554020,0.7423115968704224,0.9999036767227182,K
131,0180d106-30b7-4d3d-8465-6a60f82fd63e,0.5478793978691101,0.9997163553180946,K
131,52a0dbc6-2456-4182-94a1-50f398f40323,0.5478793978691101,0.999716354929316,K
131,5a5abb23-ae95-40f4-be81-430d4ce73c08,0.5478793978691101,0.9997163555124838,K
131,5cd4f33d-26cb-48ac-aec0-4b3398ed187f,0.5478793978691101,0.9997163551237053,K
131,8bfe443c-f2ce-4a69-be87-33a1311881c6,0.5478793978691101,0.9998244860988117,K
131,f1692ae6-46bc-4704-ad9c-ecfdbcd537e3,0.5478793978691101,0.9999036768060434,K
131,3f87a65c-9111-4d39-a239-9ff4e217de12,0.5414908528327942,0.9997163555957935,K
131,40e09ffe-167b-4ae9-b56a-ad4230dc9049,0.5414908528327942,0.9997163558457226,K
131,65afd9be-ce3f-434b-b0c5-1632dbb145fe,0.5414908528327942,0.9997163554014042,K
131,6b06c819-28fd-4f4d-a913-9698250259c0,0.5414908528327942,0.9997163548460063,K
131,6ecdb5bb-812f-4175-bf6d-a2ffc4783175,0.5414908528327942,0.999716355207015,K
131,9d64a6be-6d7a-4a0a-8d31-204f85ad39e5,0.5414908528327942,0.9997163550126257,K
132,3f87a65c-9111-4d39-a239-9ff4e217de12,0.8598865866661072,0.9998911683114868,K
132,40e09ffe-167b-4ae9-b56a-ad4230dc9049,0.8598865866661072,0.9998911685336849,K
132,65afd9be-ce3f-434b-b0c5-1632dbb145fe,0.8598865866661072,0.9998911681448382,K
132,6b06c819-28fd-4f4d-a913-9698250259c0,0.8598865866661072,0.9998911675893432,K
132,6ecdb5bb-812f-4175-bf6d-a2ffc4783175,0.8598865866661072,0.9998911679226402,K
132,9d64a6be-6d7a-4a0a-8d31-204f85ad39e5,0.8598865866661072,0.9998911677559917,K
132,0180d106-30b7-4d3d-8465-6a60f82fd63e,0.6504610180854797,0.9998911680337392,K
132,52a0dbc6-2456-4182-94a1-50f398f40323,0.6504610180854797,0.9998911676726675,K
132,5a5abb23-ae95-40f4-be81-430d4ce73c08,0.6504610180854797,0.9998911682281626,K
132,5cd4f33d-26cb-48ac-aec0-4b3398ed187f,0.6504610180854797,0.999891167839316,K
132,8bfe443c-f2ce-4a69-be87-33a1311881c6,0.6504610180854797,0.9998911674782441,K
132,f1692ae6-46bc-4704-ad9c-ecfdbcd537e3,0.6504610180854797,0.9998911684225859,K
132,078c15be-3a44-4d80-b84c-811729558419,0.5488073825836182,0.9996075426704217,K
132,2326f57a-a40c-4e64-a87c-dc4c13d043fb,0.5488073825836182,0.9996075422816855,K
132,6ac51209-4318-427d-be1e-204dd37f1340,0.5488073825836182,0.9996075419207161,K
132,7f330727-6b56-4d85-bc3a-2e81cf2a8850,0.5488073825836182,0.9996075420873173,K
132,a002f3cc-29d7-42cf-92c8-4c2c96114528,0.5488073825836182,0.9998911684225859,K
132,c4c4df2e-14cf-4cd3-8cbb-8727a947891d,0.5488073825836182,0.9996075424760535,K
132,3adcef2d-f318-4a61-bd66-3368a470ed55,0.5433847904205322,0.9998911675893432,K
132,5ae85211-883c-4ded-89df-98953abf425d,0.5433847904205322,0.999891167950415,K
132,f442598b-6b83-4c30-92a7-bd8f83118a45,0.5433847904205322,0.9998911677837665,K
132,e9101f74-98a1-499c-8906-1e50ef554020,0.5312458872795105,0.9998911683392616,K
132,e567aaf5-c6c2-4e26-9d70-b6e5436225f6,0.5237554311752319,0.9998911681448382,K
133,353f4204-a357-467a-bcfb-6abe5e9eaa2b,0.7617342472076416,0.9993082319652445,K
133,7c60762c-b658-42a9-b8a4-db680e830412,0.7617342472076416,0.9993082316043832,K
133,8b6875f0-8f7c-4afe-a1ec-d04b36123c4f,0.7617342472076416,0.9993082314100733,K
133,b075f555-fc68-4c49-9e8b-1ef142b37e3c,0.7617342472076416,0.9998894331407435,K
133,eb45ff0f-2502-4384-81b0-7100ed6dc174,0.7617342472076416,0.9993082312435219,K
133,fb88ce3f-44de-442f-b2a1-7f8a9a241352,0.7617342472076416,0.9993082317709345,K
133,80b366aa-0c4b-458d-a732-2b6f0caba095,0.5484346747398376,0.999308231743176,K
133,8517b37b-819b-4307-a0b8-9e13467048ff,0.5484346747398376,0.9993082321595544,K
133,8a81e090-cf6b-465e-824b-80ebcc668409,0.5484346747398376,0.9993082314100733,K
133,95546807-4799-4ddf-ba45-2a2e9c9dc480,0.5484346747398376,0.9994044371679893,K
133,a36a2a93-7ff2-431c-9c0a-52b0d7cffe1c,0.5484346747398376,0.9993082315766246,K
133,b7d81724-1cb7-4861-9b89-ab9cc7586573,0.5484346747398376,0.999308231937486,K
133,078c15be-3a44-4d80-b84c-811729558419,0.5269405245780945,0.9998894328629965,K
133,2326f57a-a40c-4e64-a87c-dc4c13d043fb,0.5269405245780945,0.9998894325019253,K
133,6ac51209-4318-427d-be1e-204dd37f1340,0.5269405245780945,0.9998894321408541,K
133,7f330727-6b56-4d85-bc3a-2e81cf2a8850,0.5269405245780945,0.999889432335277,K
133,a002f3cc-29d7-42cf-92c8-4c2c96114528,0.5269405245780945,0.9998894330574194,K
133,c4c4df2e-14cf-4cd3-8cbb-8727a947891d,0.5269405245780945,0.9998894326963482,K
133,0180d106-30b7-4d3d-8465-6a60f82fd63e,0.5267852544784546,0.9998894326685736,K
133,52a0dbc6-2456-4182-94a1-50f398f40323,0.5267852544784546,0.9998894323075024,K
133,5a5abb23-ae95-40f4-be81-430d4ce73c08,0.5267852544784546,0.9998894328352218,K
133,5cd4f33d-26cb-48ac-aec0-4b3398ed187f,0.5267852544784546,0.9998894324741506,K
133,8bfe443c-f2ce-4a69-be87-33a1311881c6,0.5267852544784546,0.9998894321130795,K
133,f1692ae6-46bc-4704-ad9c-ecfdbcd537e3,0.5267852544784546,0.9998894330296447,K
133,92a699d3-1261-4ddb-b4c3-8d04b32cab14,0.508114218711853,0.999404437251273,K
133,4e7bb6f5-36b0-4fa4-bd68-f313b4666daf,0.507808268070221,0.9996050656737668,K
133,69b3f681-6000-4710-a26e-2b5c55479f55,0.507808268070221,0.9996842371413662,K
133,79c53939-7e93-4bbb-9f5a-d3dc13b0acec,0.507808268070221,0.9996050651461975,K
133,7d0bbb59-a8de-4de5-9783-ccf95339bba2,0.507808268070221,0.9996050649518298,K
133,d509d17b-be53-4a84-a26b-035bb1ec7080,0.507808268070221,0.9996050653127984,K
133,f8faf408-1ceb-45c3-8c74-453465925602,0.507808268070221,0.999605065507166,K
133,01dd4c62-d96f-42c5-9206-09dda5e9f456,0.5000554323196411,0.9996842374745943,K
133,14334c04-9537-49c5-9c99-2637a762658c,0.5000554323196411,0.9996842378355913,K
133,69a201b8-97d8-4cb9-88e6-bc755c5ea385,0.5000554323196411,0.9998894329740953,K
133,c62d7d7b-278f-4762-8e6c-719d9a3b7ca8,0.5000554323196411,0.9997805513323822,K
133,f5b76fd6-8f69-4aac-a7ff-7788c7d893fc,0.5000554323196411,0.9996842376412083,K
134,80b366aa-0c4b-458d-a732-2b6f0caba095,0.8331028819084167,0.9998734477861848,K
134,8517b37b-819b-4307-a0b8-9e13467048ff,0.8331028819084167,0.9998734481750245,K
134,8a81e090-cf6b-465e-824b-80ebcc668409,0.8331028819084167,0.9998734474251194,K
134,95546807-4799-4ddf-ba45-2a2e9c9dc480,0.8331028819084167,0.9998734472584738,K
134,a36a2a93-7ff2-431c-9c0a-52b0d7cffe1c,0.8331028819084167,0.999873447591765,K
134,b7d81724-1cb7-4861-9b89-ab9cc7586573,0.8331028819084167,0.9998734479528304,K
134,01dd4c62-d96f-42c5-9206-09dda5e9f456,0.5295180082321167,0.9998734475084422,K
134,14334c04-9537-49c5-9c99-2637a762658c,0.5295180082321167,0.9998734478695076,K
134,69a201b8-97d8-4cb9-88e6-bc755c5ea385,0.5295180082321167,0.9998734480361532,K
134,c62d7d7b-278f-4762-8e6c-719d9a3b7ca8,0.5295180082321167,0.9998734471473768,K
134,f5b76fd6-8f69-4aac-a7ff-7788c7d893fc,0.5295180082321167,0.9998734476750878,K
134,078c15be-3a44-4d80-b84c-811729558419,0.5277932286262512,0.9998734479250562,K
134,2326f57a-a40c-4e64-a87c-dc4c13d043fb,0.5277932286262512,0.9998734475639908,K
134,6ac51209-4318-427d-be1e-204dd37f1340,0.5277932286262512,0.9998734472306996,K
134,7f330727-6b56-4d85-bc3a-2e81cf2a8850,0.5277932286262512,0.9998734473973452,K
134,a002f3cc-29d7-42cf-92c8-4c2c96114528,0.5277932286262512,0.9998734480917018,K
134,c4c4df2e-14cf-4cd3-8cbb-8727a947891d,0.5277932286262512,0.9998734477584106,K
134,0180d106-30b7-4d3d-8465-6a60f82fd63e,0.5179275274276733,0.9998734477306364,K
134,52a0dbc6-2456-4182-94a1-50f398f40323,0.5179275274276733,0.999873447369571,K
134,5a5abb23-ae95-40f4-be81-430d4ce73c08,0.5179275274276733,0.9998734478972819,K
134,5cd4f33d-26cb-48ac-aec0-4b3398ed187f,0.5179275274276733,0.9998734475639908,K
134,8bfe443c-f2ce-4a69-be87-33a1311881c6,0.5179275274276733,0.9998734472029254,K
134,f1692ae6-46bc-4704-ad9c-ecfdbcd537e3,0.5179275274276733,0.9998734480917018,K
134,353f4204-a357-467a-bcfb-6abe5e9eaa2b,0.5085324645042419,0.9998734479806047,K
134,7c60762c-b658-42a9-b8a4-db680e830412,0.5085324645042419,0.9998734476195392,K
134,8b6875f0-8f7c-4afe-a1ec-d04b36123c4f,0.5085324645042419,0.9998734474528937,K
134,b075f555-fc68-4c49-9e8b-1ef142b37e3c,0.5085324645042419,0.9998734481750245,K
134,eb45ff0f-2502-4384-81b0-7100ed6dc174,0.5085324645042419,0.9998734472584738,K
134,fb88ce3f-44de-442f-b2a1-7f8a9a241352,0.5085324645042419,0.9998734477861848,K
135,078c15be-3a44-4d80-b84c-811729558419,0.8484436273574829,0.9998868927026683,K
135,2326f57a-a40c-4e64-a87c-dc4c13d043fb,0.8484436273574829,0.999886892341598,K
135,6ac51209-4318-427d-be1e-204dd37f1340,0.8484436273574829,0.9998868919805277,K
135,7f330727-6b56-4d85-bc3a-2e81cf2a8850,0.8484436273574829,0.9998868921471755,K
135,a002f3cc-29d7-42cf-92c8-4c2c96114528,0.8484436273574829,0.9998868928970908,K
135,c4c4df2e-14cf-4cd3-8cbb-8727a947891d,0.8484436273574829,0.9998868925360205,K
135,07539a5f-f98a-4454-94c4-c030161ad513,0.582748532295227,0.9991649141562036,K
135,12ba90b8-af65-4611-bfb8-4fbc328af547,0.582748532295227,0.9991649133513206,K
135,3635c30d-a5f0-43e6-859f-e98e9a1f2b18,0.582748532295227,0.9991649129627566,K
135,4a932701-f9a8-4913-b73f-9bd516f48756,0.582748532295227,0.9991649139619214,K
135,79d5f1b1-e6ef-459c-ab72-be3fe4fc68e1,0.582748532295227,0.9991649143504856,K
135,a2ac0247-893a-4f38-9dba-06ec963acfee,0.582748532295227,0.9991649135456028,K
135,abba8879-48fd-4791-bc96-a00e79daa674,0.582748532295227,0.9991649131570386,K
135,f0d191fc-2820-4508-8648-c19140fcae2b,0.582748532295227,0.9991649137676394,K
135,fd461154-e708-4b16-9dae-161e06fa0e57,0.582748532295227,0.9991649127684744,K
135,0180d106-30b7-4d3d-8465-6a60f82fd63e,0.561016857624054,0.9998868925082458,K
135,52a0dbc6-2456-4182-94a1-50f398f40323,0.561016857624054,0.999886892119401,K
135,5a5abb23-ae95-40f4-be81-430d4ce73c08,0.561016857624054,0.9998868927026683,K
135,5cd4f33d-26cb-48ac-aec0-4b3398ed187f,0.561016857624054,0.9998868923138234,K
135,8bfe443c-f2ce-4a69-be87-33a1311881c6,0.561016857624054,0.9998868919527532,K
135,f1692ae6-46bc-4704-ad9c-ecfdbcd537e3,0.561016857624054,0.9998868928693161,K
135,92a699d3-1261-4ddb-b4c3-8d04b32cab14,0.5255602598190308,0.9997603431667323,K
135,17281d16-c248-4e7c-b0f9-4109f5de1860,0.5204606652259827,0.9997603429167923,K
135,3f87a65c-9111-4d39-a239-9ff4e217de12,0.5204606652259827,0.9996497911429983,K
135,40e09ffe-167b-4ae9-b56a-ad4230dc9049,0.5204606652259827,0.9996497913651428,K
135,65afd9be-ce3f-434b-b0c5-1632dbb145fe,0.5204606652259827,0.999649790948622,K
135,6b06c819-28fd-4f4d-a913-9698250259c0,0.5204606652259827,0.999649790393261,K
135,6ecdb5bb-812f-4175-bf6d-a2ffc4783175,0.5204606652259827,0.9996497907542456,K
135,9d64a6be-6d7a-4a0a-8d31-204f85ad39e5,0.5204606652259827,0.9996497905876374,K
136,0180d106-30b7-4d3d-8465-6a60f82fd63e,0.8701802492141724,0.9999039674447544,K
136,52a0dbc6-2456-4182-94a1-50f398f40323,0.8701802492141724,0.9999039671114531,K
136,5a5abb23-ae95-40f4-be81-430d4ce73c08,0.8701802492141724,0.9999039676114051,K
136,5cd4f33d-26cb-48ac-aec0-4b3398ed187f,0.8701802492141724,0.9999039672781037,K
136,8bfe443c-f2ce-4a69-be87-33a1311881c6,0.8701802492141724,0.9999039669448024,K
136,f1692ae6-46bc-4704-ad9c-ecfdbcd537e3,0.8701802492141724,0.9999039678058308,K
136,17281d16-c248-4e7c-b0f9-4109f5de1860,0.6210042834281921,0.999903966833702,K
136,3f87a65c-9111-4d39-a239-9ff4e217de12,0.6210042834281921,0.9999039676947304,K
136,40e09ffe-167b-4ae9-b56a-ad4230dc9049,0.6210042834281921,0.9999039679169313,K
136,65afd9be-ce3f-434b-b0c5-1632dbb145fe,0.6210042834281921,0.9999039675280798,K
136,6b06c819-28fd-4f4d-a913-9698250259c0,0.6210042834281921,0.9999039670281278,K
136,6ecdb5bb-812f-4175-bf6d-a2ffc4783175,0.6210042834281921,0.9999039673614291,K
136,9d64a6be-6d7a-4a0a-8d31-204f85ad39e5,0.6210042834281921,0.9999039671947784,K
136,01dd4c62-d96f-42c5-9206-09dda5e9f456,0.5198861360549927,0.9997908531520298,K
136,14334c04-9537-49c5-9c99-2637a762658c,0.5198861360549927,0.9997908535130654,K
136,69a201b8-97d8-4cb9-88e6-bc755c5ea385,0.5198861360549927,0.9999039677502806,K
136,c62d7d7b-278f-4762-8e6c-719d9a3b7ca8,0.5198861360549927,0.9997908528187662,K
136,f5b76fd6-8f69-4aac-a7ff-7788c7d893fc,0.5198861360549927,0.9997908533464336,K
136,078c15be-3a44-4d80-b84c-811729558419,0.5179296135902405,0.9999039676391802,K
136,2326f57a-a40c-4e64-a87c-dc4c13d043fb,0.5179296135902405,0.9999039673058788,K
136,6ac51209-4318-427d-be1e-204dd37f1340,0.5179296135902405,0.9999039669448024,K
136,7f330727-6b56-4d85-bc3a-2e81cf2a8850,0.5179296135902405,0.9999039671114531,K
136,a002f3cc-29d7-42cf-92c8-4c2c96114528,0.5179296135902405,0.9999039678058308,K
136,c4c4df2e-14cf-4cd3-8cbb-8727a947891d,0.5179296135902405,0.9999039674725295,K
137,4e7bb6f5-36b0-4fa4-bd68-f313b4666daf,0.8280233144760132,0.9995515724348195,K
137,69b3f681-6000-4710-a26e-2b5c55479f55,0.8280233144760132,0.9995515714075026,K
137,79c53939-7e93-4bbb-9f5a-d3dc13b0acec,0.8280233144760132,0.9995515718239825,K
137,7d0bbb59-a8de-4de5-9783-ccf95339bba2,0.8280233144760132,0.9995515716018599,K
137,d509d17b-be53-4a84-a26b-035bb1ec7080,0.8280233144760132,0.999551572046105,K
137,f8faf408-1ceb-45c3-8c74-453465925602,0.8280233144760132,0.999551572212697,K
138,01dd4c62-d96f-42c5-9206-09dda5e9f456,0.8407513499259949,0.9998063349221694,K
138,14334c04-9537-49c5-9c99-2637a762658c,0.8407513499259949,0.9998063352832106,K
138,69a201b8-97d8-4cb9-88e6-bc755c5ea385,0.8407513499259949,0.9999191103273015,K
138,c62d7d7b-278f-4762-8e6c-719d9a3b7ca8,0.8407513499259949,0.9998063345611282,K
138,f5b76fd6-8f69-4aac-a7ff-7788c7d893fc,0.8407513499259949,0.9998063350888038,K
138,8026d908-9795-4e57-8f12-3c5f0363b5df,0.5130964517593384,0.9991551014057671,K
138,944ffda5-475b-44a3-9ffb-8d029a459d7b,0.5130964517593384,0.9991551016000473,K
138,a500e771-2553-43b1-96ab-b5312c48c6da,0.5130964517593384,0.9991551004621206,K
138,add373f1-7c47-43c3-a5ba-fea00e252e88,0.5130964517593384,0.9991551001013147,K
138,c71ad1e6-61a0-4e7c-9bb3-bbdb5044b53b,0.5130964517593384,0.9991551002955948,K
138,c9da9bd0-90ee-4dc2-becc-41c84923eff6,0.5130964517593384,0.9991551008229267,K
138,e1b73131-bab7-49ea-a23b-cebebd433714,0.5130964517593384,0.9991551006564009,K
138,ee45e614-5d14-41ab-b8c6-b2f1281357bb,0.5130964517593384,0.999155101211487,K
139,3adcef2d-f318-4a61-bd66-3368a470ed55,0.7610799670219421,0.999262489594589,K
139,4267455b-49e6-44d1-8c33-a971ff1e8adc,0.7610799670219421,0.999262489400288,K
139,5ae85211-883c-4ded-89df-98953abf425d,0.7610799670219421,0.9992624899554338,K
139,f442598b-6b83-4c30-92a7-bd8f83118a45,0.7610799670219421,0.99926248978889,K
139,e567aaf5-c6c2-4e26-9d70-b6e5436225f6,0.7501639127731323,0.9992624901497348,K
139,e9101f74-98a1-499c-8906-1e50ef554020,0.7423115968704224,0.9999022519443193,K
139,0180d106-30b7-4d3d-8465-6a60f82fd63e,0.5478793978691101,0.9997085956887087,K
139,52a0dbc6-2456-4182-94a1-50f398f40323,0.5478793978691101,0.9997085953277028,K
139,5a5abb23-ae95-40f4-be81-430d4ce73c08,0.5478793978691101,0.9997085958553268,K
139,5cd4f33d-26cb-48ac-aec0-4b3398ed187f,0.5478793978691101,0.9997085954943209,K
139,8bfe443c-f2ce-4a69-be87-33a1311881c6,0.5478793978691101,0.999708595133315,K
139,cd1066cf-62a4-4e58-b8d8-de5b627d0d14,0.5478793978691101,0.9998213587915745,K
139,f1692ae6-46bc-4704-ad9c-ecfdbcd537e3,0.5478793978691101,0.9999022519998694,K
139,17281d16-c248-4e7c-b0f9-4109f5de1860,0.5414908528327942,0.9997085950222363,K
139,3f87a65c-9111-4d39-a239-9ff4e217de12,0.5414908528327942,0.9997085959664055,K
139,40e09ffe-167b-4ae9-b56a-ad4230dc9049,0.5414908528327942,0.999708596188563,K
139,65afd9be-ce3f-434b-b0c5-1632dbb145fe,0.5414908528327942,0.9997085957720178,K
139,6b06c819-28fd-4f4d-a913-9698250259c0,0.5414908528327942,0.999708595216624,K
139,6ecdb5bb-812f-4175-bf6d-a2ffc4783175,0.5414908528327942,0.9997085955776299,K
139,9d64a6be-6d7a-4a0a-8d31-204f85ad39e5,0.5414908528327942,0.9997085954110119,K
140,17281d16-c248-4e7c-b0f9-4109f5de1860,0.8598865866661072,0.999895726186892,K
140,3f87a65c-9111-4d39-a239-9ff4e217de12,0.8598865866661072,0.9998957271034631,K
140,40e09ffe-167b-4ae9-b56a-ad4230dc9049,0.8598865866661072,0.9998957273256621,K
140,65afd9be-ce3f-434b-b0c5-1632dbb145fe,0.8598865866661072,0.9998957269090389,K
140,6b06c819-28fd-4f4d-a913-9698250259c0,0.8598865866661072,0.9998957263535413,K
140,6ecdb5bb-812f-4175-bf6d-a2ffc4783175,0.8598865866661072,0.9998957267423896,K
140,9d64a6be-6d7a-4a0a-8d31-204f85ad39e5,0.8598865866661072,0.9998957265479654,K
140,0180d106-30b7-4d3d-8465-6a60f82fd63e,0.6504610180854797,0.9998957268257143,K
140,52a0dbc6-2456-4182-94a1-50f398f40323,0.6504610180854797,0.9998957264646409,K
140,5a5abb23-ae95-40f4-be81-430d4ce73c08,0.6504610180854797,0.9998957269923635,K
140,5cd4f33d-26cb-48ac-aec0-4b3398ed187f,0.6504610180854797,0.999895726659065,K
140,8bfe443c-f2ce-4a69-be87-33a1311881c6,0.6504610180854797,0.9998957262702166,K
140,cd1066cf-62a4-4e58-b8d8-de5b627d0d14,0.6504610180854797,0.9998957261035674,K
140,f1692ae6-46bc-4704-ad9c-ecfdbcd537e3,0.6504610180854797,0.9998957271867878,K
140,078c15be-3a44-4d80-b84c-811729558419,0.5488073825836182,0.9996043417100602,K
140,2326f57a-a40c-4e64-a87c-dc4c13d043fb,0.5488073825836182,0.9996043413490919,K
140,6ac51209-4318-427d-be1e-204dd37f1340,0.5488073825836182,0.9996043409881237,K
140,7f330727-6b56-4d85-bc3a-2e81cf2a8850,0.5488073825836182,0.9996043411547244,K
140,a002f3cc-29d7-42cf-92c8-4c2c96114528,0.5488073825836182,0.9998957272145627,K
140,c4c4df2e-14cf-4cd3-8cbb-8727a947891d,0.5488073825836182,0.9996043415434595,K
140,c552d15b-1138-4731-9ba5-7b682251987f,0.5488073825836182,0.9996043408215229,K
140,3adcef2d-f318-4a61-bd66-3368a470ed55,0.5433847904205322,0.9998957263813162,K
140,4267455b-49e6-44d1-8c33-a971ff1e8adc,0.5433847904205322,0.9998957262146669,K
140,5ae85211-883c-4ded-89df-98953abf425d,0.5433847904205322,0.9998957267701645,K
140,f442598b-6b83-4c30-92a7-bd8f83118a45,0.5433847904205322,0.9998957265757403,K
140,e9101f74-98a1-499c-8906-1e50ef554020,0.5312458872795105,0.999895727131238,K
140,e567aaf5-c6c2-4e26-9d70-b6e5436225f6,0.5237554311752319,0.9998957269368138,K
141,353f4204-a357-467a-bcfb-6abe5e9eaa2b,0.7617342472076416,0.9992793007452209,K
141,7c60762c-b658-42a9-b8a4-db680e830412,0.7617342472076416,0.9992793004121279,K
141,8b6875f0-8f7c-4afe-a1ec-d04b36123c4f,0.7617342472076416,0.9992793002455813,K
141,b075f555-fc68-4c49-9e8b-1ef142b37e3c,0.7617342472076416,0.9998839749814231,K
141,eb45ff0f-2502-4384-81b0-7100ed6dc174,0.7617342472076416,0.9992793000790348,K
141,fb4e68c5-b855-4cea-b425-1deb73edab21,0.7617342472076416,0.9992792998847304,K
141,fb88ce3f-44de-442f-b2a1-7f8a9a241352,0.7617342472076416,0.9992793005786743,K
141,36a3fdac-f555-4207-aab4-c0ca0d0c489b,0.5484346747398376,0.9993923560515163,K
141,80b366aa-0c4b-458d-a732-2b6f0caba095,0.5484346747398376,0.9992793005509166,K
141,8517b37b-819b-4307-a0b8-9e13467048ff,0.5484346747398376,0.9992793009395252,K
141,8a81e090-cf6b-465e-824b-80ebcc668409,0.5484346747398376,0.9992793002178235,K
141,95546807-4799-4ddf-ba45-2a2e9c9dc480,0.5484346747398376,0.999279300051277,K
141,a36a2a93-7ff2-431c-9c0a-52b0d7cffe1c,0.5484346747398376,0.9992793003843701,K
141,b7d81724-1cb7-4861-9b89-ab9cc7586573,0.5484346747398376,0.9992793007174632,K
141,078c15be-3a44-4d80-b84c-811729558419,0.5269405245780945,0.9998839747314522,K
141,2326f57a-a40c-4e64-a87c-dc4c13d043fb,0.5269405245780945,0.9998839743703829,K
141,6ac51209-4318-427d-be1e-204dd37f1340,0.5269405245780945,0.9998839740370883,K
141,7f330727-6b56-4d85-bc3a-2e81cf2a8850,0.5269405245780945,0.9998839742037356,K
141,a002f3cc-29d7-42cf-92c8-4c2c96114528,0.5269405245780945,0.9998839748980994,K
141,c4c4df2e-14cf-4cd3-8cbb-8727a947891d,0.5269405245780945,0.9998839745370303,K
141,c552d15b-1138-4731-9ba5-7b682251987f,0.5269405245780945,0.9998839738704409,K
141,0180d106-30b7-4d3d-8465-6a60f82fd63e,0.5267852544784546,0.9998839745370303,K
141,52a0dbc6-2456-4182-94a1-50f398f40323,0.5267852544784546,0.9998839741759611,K
141,5a5abb23-ae95-40f4-be81-430d4ce73c08,0.5267852544784546,0.9998839747036776,K
141,5cd4f33d-26cb-48ac-aec0-4b3398ed187f,0.5267852544784546,0.9998839743426083,K
141,8bfe443c-f2ce-4a69-be87-33a1311881c6,0.5267852544784546,0.9998839740093137,K
141,cd1066cf-62a4-4e58-b8d8-de5b627d0d14,0.5267852544784546,0.9998839738426664,K
141,f1692ae6-46bc-4704-ad9c-ecfdbcd537e3,0.5267852544784546,0.9998839748703249,K
141,92a699d3-1261-4ddb-b4c3-8d04b32cab14,0.508114218711853,0.9993923563291253,K
141,4e7bb6f5-36b0-4fa4-bd68-f313b4666daf,0.507808268070221,0.9996010896414584,K
141,69b3f681-6000-4710-a26e-2b5c55479f55,0.507808268070221,0.9996010888084575,K
141,79c53939-7e93-4bbb-9f5a-d3dc13b0acec,0.507808268070221,0.9996010891416579,K
141,7d0bbb59-a8de-4de5-9783-ccf95339bba2,0.507808268070221,0.9996010889750577,K
141,c7b41ecf-3e52-40a5-a149-94e13d05e226,0.507808268070221,0.9996819628900826,K
141,d509d17b-be53-4a84-a26b-035bb1ec7080,0.507808268070221,0.9996010893082581,K
141,f8faf408-1ceb-45c3-8c74-453465925602,0.507808268070221,0.9996010894748583,K
141,01dd4c62-d96f-42c5-9206-09dda5e9f456,0.5000554323196411,0.9996819633899237,K
141,14334c04-9537-49c5-9c99-2637a762658c,0.5000554323196411,0.999681963723151,K
141,69a201b8-97d8-4cb9-88e6-bc755c5ea385,0.5000554323196411,0.9998839748147759,K
141,c62d7d7b-278f-4762-8e6c-719d9a3b7ca8,0.5000554323196411,0.9996819630566963,K
141,eabc6384-4d67-4885-b67e-eae48a12061d,0.5000554323196411,0.9997797010749282,K
141,f5b76fd6-8f69-4aac-a7ff-7788c7d893fc,0.5000554323196411,0.9996819635565373,K
142,36a3fdac-f555-4207-aab4-c0ca0d0c489b,0.8331028819084167,0.9998647663115664,K
142,80b366aa-0c4b-458d-a732-2b6f0caba095,0.8331028819084167,0.9998647670059169,K
142,8517b37b-819b-4307-a0b8-9e13467048ff,0.8331028819084167,0.9998647673947532,K
142,8a81e090-cf6b-465e-824b-80ebcc668409,0.8331028819084167,0.9998647666726287,K
142,95546807-4799-4ddf-ba45-2a2e9c9dc480,0.8331028819084167,0.9998647664782105,K
142,a36a2a93-7ff2-431c-9c0a-52b0d7cffe1c,0.8331028819084167,0.9998647668392728,K
142,b7d81724-1cb7-4861-9b89-ab9cc7586573,0.8331028819084167,0.999864767200335,K
142,01dd4c62-d96f-42c5-9206-09dda5e9f456,0.5295180082321167,0.9998647667559507,K
142,14334c04-9537-49c5-9c99-2637a762658c,0.5295180082321167,0.999864767089239,K
142,69a201b8-97d8-4cb9-88e6-bc755c5ea385,0.5295180082321167,0.9998647672836571,K
142,c62d7d7b-278f-4762-8e6c-719d9a3b7ca8,0.5295180082321167,0.9998647663948884,K
142,eabc6384-4d67-4885-b67e-eae48a12061d,0.5295180082321167,0.9998647662282443,K
142,f5b76fd6-8f69-4aac-a7ff-7788c7d893fc,0.5295180082321167,0.9998647669225948,K
142,078c15be-3a44-4d80-b84c-811729558419,0.5277932286262512,0.999864767172561,K
142,2326f57a-a40c-4e64-a87c-dc4c13d043fb,0.5277932286262512,0.9998647668114987,K
142,6ac51209-4318-427d-be1e-204dd37f1340,0.5277932286262512,0.9998647664782105,K
142,7f330727-6b56-4d85-bc3a-2e81cf2a8850,0.5277932286262512,0.9998647666448547,K
142,a002f3cc-29d7-42cf-92c8-4c2c96114528,0.5277932286262512,0.9998647673392052,K
142,c4c4df2e-14cf-4cd3-8cbb-8727a947891d,0.5277932286262512,0.9998647670059169,K
142,c552d15b-1138-4731-9ba5-7b682251987f,0.5277932286262512,0.9998647662837924,K
142,0180d106-30b7-4d3d-8465-6a60f82fd63e,0.5179275274276733,0.9998647669781429,K
142,52a0dbc6-2456-4182-94a1-50f398f40323,0.5179275274276733,0.9998647666170806,K
142,5a5abb23-ae95-40f4-be81-430d4ce73c08,0.5179275274276733,0.999864767144787,K
142,5cd4f33d-26cb-48ac-aec0-4b3398ed187f,0.5179275274276733,0.9998647668114987,K
142,8bfe443c-f2ce-4a69-be87-33a1311881c6,0.5179275274276733,0.9998647664504365,K
142,cd1066cf-62a4-4e58-b8d8-de5b627d0d14,0.5179275274276733,0.9998647662837924,K
142,f1692ae6-46bc-4704-ad9c-ecfdbcd537e3,0.5179275274276733,0.9998647673114311,K
142,353f4204-a357-467a-bcfb-6abe5e9eaa2b,0.5085324645042419,0.999864767200335,K
142,7c60762c-b658-42a9-b8a4-db680e830412,0.5085324645042419,0.9998647668670468,K
142,8b6875f0-8f7c-4afe-a1ec-d04b36123c4f,0.5085324645042419,0.9998647667004027,K
142,b075f555-fc68-4c49-9e8b-1ef142b37e3c,0.5085324645042419,0.9998647674225273,K
142,eb45ff0f-2502-4384-81b0-7100ed6dc174,0.5085324645042419,0.9998647665059845,K
142,fb4e68c5-b855-4cea-b425-1deb73edab21,0.5085324645042419,0.9998647663393404,K
142,fb88ce3f-44de-442f-b2a1-7f8a9a241352,0.5085324645042419,0.999864767033691,K
143,078c15be-3a44-4d80-b84c-811729558419,0.8484436273574829,0.9998818464806769,K
143,2326f57a-a40c-4e64-a87c-dc4c13d043fb,0.8484436273574829,0.999881846147383,K
143,6ac51209-4318-427d-be1e-204dd37f1340,0.8484436273574829,0.999881845814089,K
143,7f330727-6b56-4d85-bc3a-2e81cf2a8850,0.8484436273574829,0.999881845980736,K
143,a002f3cc-29d7-42cf-92c8-4c2c96114528,0.8484436273574829,0.9998818466750984,K
143,c4c4df2e-14cf-4cd3-8cbb-8727a947891d,0.8484436273574829,0.99988184631403,K
143,c552d15b-1138-4731-9ba5-7b682251987f,0.8484436273574829,0.9998818456196675,K
143,07539a5f-f98a-4454-94c4-c030161ad513,0.582748532295227,0.9991391157736363,K
143,12ba90b8-af65-4611-bfb8-4fbc328af547,0.582748532295227,0.9991391148855127,K
143,3635c30d-a5f0-43e6-859f-e98e9a1f2b18,0.582748532295227,0.9991391145247124,K
143,4a932701-f9a8-4913-b73f-9bd516f48756,0.582748532295227,0.9991391155793593,K
143,79d5f1b1-e6ef-459c-ab72-be3fe4fc68e1,0.582748532295227,0.9991391159401595,K
143,a2ac0247-893a-4f38-9dba-06ec963acfee,0.582748532295227,0.999139115218559,K
143,abba8879-48fd-4791-bc96-a00e79daa674,0.582748532295227,0.9991391147189895,K
143,f0d191fc-2820-4508-8648-c19140fcae2b,0.582748532295227,0.9991391154128361,K
143,fd461154-e708-4b16-9dae-161e06fa0e57,0.582748532295227,0.9991391143581893,K
143,0180d106-30b7-4d3d-8465-6a60f82fd63e,0.561016857624054,0.9998818462862554,K
143,52a0dbc6-2456-4182-94a1-50f398f40323,0.561016857624054,0.9998818459529615,K
143,5a5abb23-ae95-40f4-be81-430d4ce73c08,0.561016857624054,0.9998818464806769,K
143,5cd4f33d-26cb-48ac-aec0-4b3398ed187f,0.561016857624054,0.9998818461196085,K
143,8bfe443c-f2ce-4a69-be87-33a1311881c6,0.561016857624054,0.9998818457863146,K
143,cd1066cf-62a4-4e58-b8d8-de5b627d0d14,0.561016857624054,0.9998818456196675,K
143,f1692ae6-46bc-4704-ad9c-ecfdbcd537e3,0.561016857624054,0.9998818466473239,K
143,92a699d3-1261-4ddb-b4c3-8d04b32cab14,0.5255602598190308,0.9997466157738735,K
143,17281d16-c248-4e7c-b0f9-4109f5de1860,0.5204606652259827,0.9996306063815177,K
143,3f87a65c-9111-4d39-a239-9ff4e217de12,0.5204606652259827,0.9996306072423107,K
143,40e09ffe-167b-4ae9-b56a-ad4230dc9049,0.5204606652259827,0.9996306074366833,K
143,65afd9be-ce3f-434b-b0c5-1632dbb145fe,0.5204606652259827,0.999630607047938,K
143,6b06c819-28fd-4f4d-a913-9698250259c0,0.5204606652259827,0.9996306065481227,K
143,6ecdb5bb-812f-4175-bf6d-a2ffc4783175,0.5204606652259827,0.999630606881333,K
143,9d64a6be-6d7a-4a0a-8d31-204f85ad39e5,0.5204606652259827,0.9996306067147279,K
143,a2eed803-064a-44bd-a001-0042c62aa722,0.5204606652259827,0.9997466153850831,K
144,0180d106-30b7-4d3d-8465-6a60f82fd63e,0.8701802492141724,0.9999003479378189,K
144,52a0dbc6-2456-4182-94a1-50f398f40323,0.8701802492141724,0.9999003476045187,K
144,5a5abb23-ae95-40f4-be81-430d4ce73c08,0.8701802492141724,0.9999003481322439,K
144,5cd4f33d-26cb-48ac-aec0-4b3398ed187f,0.8701802492141724,0.9999003477711688,K
144,8bfe443c-f2ce-4a69-be87-33a1311881c6,0.8701802492141724,0.9999003474100937,K
144,cd1066cf-62a4-4e58-b8d8-de5b627d0d14,0.8701802492141724,0.9999003472434436,K
144,f1692ae6-46bc-4704-ad9c-ecfdbcd537e3,0.8701802492141724,0.999900348298894,K
144,17281d16-c248-4e7c-b0f9-4109f5de1860,0.6210042834281921,0.9999003473267687,K
144,3f87a65c-9111-4d39-a239-9ff4e217de12,0.6210042834281921,0.999900348215569,K
144,40e09ffe-167b-4ae9-b56a-ad4230dc9049,0.6210042834281921,0.999900348437769,K
144,65afd9be-ce3f-434b-b0c5-1632dbb145fe,0.6210042834281921,0.9999003480211439,K
144,6b06c819-28fd-4f4d-a913-9698250259c0,0.6210042834281921,0.9999003475211937,K
144,6ecdb5bb-812f-4175-bf6d-a2ffc4783175,0.6210042834281921,0.9999003478544939,K
144,9d64a6be-6d7a-4a0a-8d31-204f85ad39e5,0.6210042834281921,0.9999003476878437,K
144,a2eed803-064a-44bd-a001-0042c62aa722,0.6210042834281921,0.9999003471601186,K
144,01dd4c62-d96f-42c5-9206-09dda5e9f456,0.5198861360549927,0.9997821948618727,K
144,14334c04-9537-49c5-9c99-2637a762658c,0.5198861360549927,0.9997821952229051,K
144,69a201b8-97d8-4cb9-88e6-bc755c5ea385,0.5198861360549927,0.999900348271119,K
144,c62d7d7b-278f-4762-8e6c-719d9a3b7ca8,0.5198861360549927,0.999782194528612,K
144,eabc6384-4d67-4885-b67e-eae48a12061d,0.5198861360549927,0.9997821943342099,K
144,f5b76fd6-8f69-4aac-a7ff-7788c7d893fc,0.5198861360549927,0.9997821950562747,K
144,078c15be-3a44-4d80-b84c-811729558419,0.5179296135902405,0.9999003481322439,K
144,2326f57a-a40c-4e64-a87c-dc4c13d043fb,0.5179296135902405,0.9999003477989438,K
144,6ac51209-4318-427d-be1e-204dd37f1340,0.5179296135902405,0.9999003474378687,K
144,7f330727-6b56-4d85-bc3a-2e81cf2a8850,0.5179296135902405,0.9999003476045187,K
144,a002f3cc-29d7-42cf-92c8-4c2c96114528,0.5179296135902405,0.999900348326669,K
144,c4c4df2e-14cf-4cd3-8cbb-8727a947891d,0.5179296135902405,0.9999003479655939,K
144,c552d15b-1138-4731-9ba5-7b682251987f,0.5179296135902405,0.9999003472712187,K
145,4e7bb6f5-36b0-4fa4-bd68-f313b4666daf,0.8280233144760132,0.9995290958823863,K
145,69b3f681-6000-4710-a26e-2b5c55479f55,0.8280233144760132,0.9995290950494453,K
145,79c53939-7e93-4bbb-9f5a-d3dc13b0acec,0.8280233144760132,0.9995290953826217,K
145,7d0bbb59-a8de-4de5-9783-ccf95339bba2,0.8280233144760132,0.9995290952160335,K
145,c7b41ecf-3e52-40a5-a149-94e13d05e226,0.8280233144760132,0.9995290948550924,K
145,d509d17b-be53-4a84-a26b-035bb1ec7080,0.8280233144760132,0.9995290955492099,K
145,f8faf408-1ceb-45c3-8c74-453465925602,0.8280233144760132,0.9995290957157981,K
146,01dd4c62-d96f-42c5-9206-09dda5e9f456,0.8407513499259949,0.9998001976298194,K
146,14334c04-9537-49c5-9c99-2637a762658c,0.8407513499259949,0.9998001979908584,K
146,69a201b8-97d8-4cb9-88e6-bc755c5ea385,0.8407513499259949,0.9999181196301583,K
146,c62d7d7b-278f-4762-8e6c-719d9a3b7ca8,0.8407513499259949,0.9998001972965527,K
146,eabc6384-4d67-4885-b67e-eae48a12061d,0.8407513499259949,0.9998001971299193,K
146,f5b76fd6-8f69-4aac-a7ff-7788c7d893fc,0.8407513499259949,0.999800197824225,K
146,8026d908-9795-4e57-8f12-3c5f0363b5df,0.5130964517593384,0.9991293645287436,K
146,944ffda5-475b-44a3-9ffb-8d029a459d7b,0.5130964517593384,0.9991293647230187,K
146,a500e771-2553-43b1-96ab-b5312c48c6da,0.5130964517593384,0.9991293636406285,K
146,add373f1-7c47-43c3-a5ba-fea00e252e88,0.5130964517593384,0.9991293632798318,K
146,c71ad1e6-61a0-4e7c-9bb3-bbdb5044b53b,0.5130964517593384,0.9991293634463534,K
146,c9da9bd0-90ee-4dc2-becc-41c84923eff6,0.5130964517593384,0.9991293640014253,K
146,e1b73131-bab7-49ea-a23b-cebebd433714,0.5130964517593384,0.9991293638071501,K
146,ee45e614-5d14-41ab-b8c6-b2f1281357bb,0.5130964517593384,0.999129364362222,K
147,3adcef2d-f318-4a61-bd66-3368a470ed55,0.7610799670219421,0.9992316156918648,K
147,4176845a-2238-493e-9915-660825c11d88,0.7610799670219421,0.9992316153310311,K
147,4267455b-49e6-44d1-8c33-a971ff1e8adc,0.7610799670219421,0.9992316155253261,K
147,5ae85211-883c-4ded-89df-98953abf425d,0.7610799670219421,0.9992316160249419,K
147,f442598b-6b83-4c30-92a7-bd8f83118a45,0.7610799670219421,0.9992316158584034,K
147,e567aaf5-c6c2-4e26-9d70-b6e5436225f6,0.7501639127731323,0.999231616219237,K
147,e9101f74-98a1-499c-8906-1e50ef554020,0.7423115968704224,0.9999002978872527,K
147,0180d106-30b7-4d3d-8465-6a60f82fd63e,0.5478793978691101,0.9997005052463992,K
147,52a0dbc6-2456-4182-94a1-50f398f40323,0.5478793978691101,0.9997005048853963,K
147,5a5abb23-ae95-40f4-be81-430d4ce73c08,0.5478793978691101,0.999700505413016,K
147,5cd4f33d-26cb-48ac-aec0-4b3398ed187f,0.5478793978691101,0.9997005050797825,K
147,6fe45f4f-e24c-4145-ad0c-3db7aa3a3987,0.5478793978691101,0.9998184140442813,K
147,8bfe443c-f2ce-4a69-be87-33a1311881c6,0.5478793978691101,0.9997005047187795,K
147,cd1066cf-62a4-4e58-b8d8-de5b627d0d14,0.5478793978691101,0.9997005045243933,K
147,f1692ae6-46bc-4704-ad9c-ecfdbcd537e3,0.5478793978691101,0.9999002979428027,K
147,17281d16-c248-4e7c-b0f9-4109f5de1860,0.5414908528327942,0.9997005046354711,K
147,3f87a65c-9111-4d39-a239-9ff4e217de12,0.5414908528327942,0.9997005054963244,K
147,40e09ffe-167b-4ae9-b56a-ad4230dc9049,0.5414908528327942,0.9997005056907106,K
147,65afd9be-ce3f-434b-b0c5-1632dbb145fe,0.5414908528327942,0.9997005053297076,K
147,6b06c819-28fd-4f4d-a913-9698250259c0,0.5414908528327942,0.9997005048020879,K
147,6ecdb5bb-812f-4175-bf6d-a2ffc4783175,0.5414908528327942,0.9997005051630908,K
147,9d64a6be-6d7a-4a0a-8d31-204f85ad39e5,0.5414908528327942,0.9997005049687047,K
147,a2eed803-064a-44bd-a001-0042c62aa722,0.5414908528327942,0.9997005044410849,K
148,17281d16-c248-4e7c-b0f9-4109f5de1860,0.8598865866661072,0.9998813013785722,K
148,3f87a65c-9111-4d39-a239-9ff4e217de12,0.8598865866661072,0.9998813022395812,K
148,40e09ffe-167b-4ae9-b56a-ad4230dc9049,0.8598865866661072,0.9998813024340025,K
148,65afd9be-ce3f-434b-b0c5-1632dbb145fe,0.8598865866661072,0.9998813020729342,K
148,6b06c819-28fd-4f4d-a913-9698250259c0,0.8598865866661072,0.9998813015452191,K
148,6ecdb5bb-812f-4175-bf6d-a2ffc4783175,0.8598865866661072,0.9998813019062873,K
148,9d64a6be-6d7a-4a0a-8d31-204f85ad39e5,0.8598865866661072,0.9998813017396404,K
148,a2eed803-064a-44bd-a001-0042c62aa722,0.8598865866661072,0.9998813012119253,K
148,0180d106-30b7-4d3d-8465-6a60f82fd63e,0.6504610180854797,0.9998813019896108,K
148,52a0dbc6-2456-4182-94a1-50f398f40323,0.6504610180854797,0.9998813016285425,K
148,5a5abb23-ae95-40f4-be81-430d4ce73c08,0.6504610180854797,0.9998813021562577,K
148,5cd4f33d-26cb-48ac-aec0-4b3398ed187f,0.6504610180854797,0.9998813018229639,K
148,6fe45f4f-e24c-4145-ad0c-3db7aa3a3987,0.6504610180854797,0.9998813011286019,K
148,8bfe443c-f2ce-4a69-be87-33a1311881c6,0.6504610180854797,0.9998813014618957,K
148,cd1066cf-62a4-4e58-b8d8-de5b627d0d14,0.6504610180854797,0.9998813012952488,K
148,f1692ae6-46bc-4704-ad9c-ecfdbcd537e3,0.6504610180854797,0.9998813023229045,K
148,078c15be-3a44-4d80-b84c-811729558419,0.5488073825836182,0.9995818313735487,K
148,2326f57a-a40c-4e64-a87c-dc4c13d043fb,0.5488073825836182,0.9995818310125887,K
148,6ac51209-4318-427d-be1e-204dd37f1340,0.5488073825836182,0.9995818306793947,K
148,7f330727-6b56-4d85-bc3a-2e81cf2a8850,0.5488073825836182,0.9995818308459916,K
148,8ede960b-3bdb-4fa9-9da8-3c0d0d7cb081,0.5488073825836182,0.9995818303462007,K
148,a002f3cc-29d7-42cf-92c8-4c2c96114528,0.5488073825836182,0.9998813023506791,K
148,c4c4df2e-14cf-4cd3-8cbb-8727a947891d,0.5488073825836182,0.9995818311791856,K
148,c552d15b-1138-4731-9ba5-7b682251987f,0.5488073825836182,0.9995818305127977,K
148,3adcef2d-f318-4a61-bd66-3368a470ed55,0.5433847904205322,0.9998813015729936,K
148,4176845a-2238-493e-9915-660825c11d88,0.5433847904205322,0.9998813012396998,K
148,4267455b-49e6-44d1-8c33-a971ff1e8adc,0.5433847904205322,0.9998813014063467,K
148,5ae85211-883c-4ded-89df-98953abf425d,0.5433847904205322,0.9998813019062873,K
148,f442598b-6b83-4c30-92a7-bd8f83118a45,0.5433847904205322,0.9998813017396404,K
148,e9101f74-98a1-499c-8906-1e50ef554020,0.5312458872795105,0.9998813022673556,K
148,e567aaf5-c6c2-4e26-9d70-b6e5436225f6,0.5237554311752319,0.9998813020729342,K
149,353f4204-a357-467a-bcfb-6abe5e9eaa2b,0.7617342472076416,0.9992421176435767,K
149,7c60762c-b658-42a9-b8a4-db680e830412,0.7617342472076416,0.9992421172827394,K
149,8b6875f0-8f7c-4afe-a1ec-d04b36123c4f,0.7617342472076416,0.9992421171161989,K
149,b075f555-fc68-4c49-9e8b-1ef142b37e3c,0.7617342472076416,0.9998779481433784,K
149,bcd5224a-ad16-4e21-81f1-33dcf726b8a6,0.7617342472076416,0.9992421166165779,K
149,eb45ff0f-2502-4384-81b0-7100ed6dc174,0.7617342472076416,0.9992421169496586,K
149,fb4e68c5-b855-4cea-b425-1deb73edab21,0.7617342472076416,0.9992421167831183,K
149,fb88ce3f-44de-442f-b2a1-7f8a9a241352,0.7617342472076416,0.9992421174492797,K
149,034a5370-3ecd-4ed7-9785-3d36d0e2b1d2,0.5484346747398376,0.9993602056168766,K
149,36a3fdac-f555-4207-aab4-c0ca0d0c489b,0.5484346747398376,0.9992421167553616,K
149,80b366aa-0c4b-458d-a732-2b6f0caba095,0.5484346747398376,0.9992421174492797,K
149,8517b37b-819b-4307-a0b8-9e13467048ff,0.5484346747398376,0.9992421178378739,K
149,8a81e090-cf6b-465e-824b-80ebcc668409,0.5484346747398376,0.9992421170884422,K
149,95546807-4799-4ddf-ba45-2a2e9c9dc480,0.5484346747398376,0.9992421169219019,K
149,a36a2a93-7ff2-431c-9c0a-52b0d7cffe1c,0.5484346747398376,0.9992421172827394,K
149,b7d81724-1cb7-4861-9b89-ab9cc7586573,0.5484346747398376,0.99924211761582,K
149,078c15be-3a44-4d80-b84c-811729558419,0.5269405245780945,0.9998779478934089,K
149,2326f57a-a40c-4e64-a87c-dc4c13d043fb,0.5269405245780945,0.9998779475601163,K
149,6ac51209-4318-427d-be1e-204dd37f1340,0.5269405245780945,0.9998779471990492,K
149,7f330727-6b56-4d85-bc3a-2e81cf2a8850,0.5269405245780945,0.9998779473934699,K
149,8ede960b-3bdb-4fa9-9da8-3c0d0d7cb081,0.5269405245780945,0.9998779468657566,K
149,a002f3cc-29d7-42cf-92c8-4c2c96114528,0.5269405245780945,0.9998779480878296,K
149,c4c4df2e-14cf-4cd3-8cbb-8727a947891d,0.5269405245780945,0.9998779477267626,K
149,c552d15b-1138-4731-9ba5-7b682251987f,0.5269405245780945,0.999877947032403,K
149,0180d106-30b7-4d3d-8465-6a60f82fd63e,0.5267852544784546,0.9998779476989882,K
149,52a0dbc6-2456-4182-94a1-50f398f40323,0.5267852544784546,0.9998779473656956,K
149,5a5abb23-ae95-40f4-be81-430d4ce73c08,0.5267852544784546,0.9998779478656346,K
149,5cd4f33d-26cb-48ac-aec0-4b3398ed187f,0.5267852544784546,0.9998779475323419,K
149,6fe45f4f-e24c-4145-ad0c-3db7aa3a3987,0.5267852544784546,0.9998779468379821,K
149,8bfe443c-f2ce-4a69-be87-33a1311881c6,0.5267852544784546,0.9998779471990492,K
149,cd1066cf-62a4-4e58-b8d8-de5b627d0d14,0.5267852544784546,0.999877947032403,K
149,f1692ae6-46bc-4704-ad9c-ecfdbcd537e3,0.5267852544784546,0.9998779480600553,K
149,92a699d3-1261-4ddb-b4c3-8d04b32cab14,0.508114218711853,0.9993602060332766,K
149,00dab3f4-141f-4599-9db6-5dba81fefe6f,0.507808268070221,0.9996595584633757,K
149,4e7bb6f5-36b0-4fa4-bd68-f313b4666daf,0.507808268070221,0.9995776966951532,K
149,69b3f681-6000-4710-a26e-2b5c55479f55,0.507808268070221,0.9995776958344057,K
149,79c53939-7e93-4bbb-9f5a-d3dc13b0acec,0.507808268070221,0.9995776961675983,K
149,7d0bbb59-a8de-4de5-9783-ccf95339bba2,0.507808268070221,0.999577696001002,K
149,c7b41ecf-3e52-40a5-a149-94e13d05e226,0.507808268070221,0.9995776956678094,K
149,d509d17b-be53-4a84-a26b-035bb1ec7080,0.507808268070221,0.9995776963341945,K
149,f8faf408-1ceb-45c3-8c74-453465925602,0.507808268070221,0.9995776965285569,K
149,01dd4c62-d96f-42c5-9206-09dda5e9f456,0.5000554323196411,0.9996595591020471,K
149,14334c04-9537-49c5-9c99-2637a762658c,0.5000554323196411,0.9996595594630353,K
149,45806973-64f1-4c5d-aa6e-811421f8ce5d,0.5000554323196411,0.999759248429756,K
149,69a201b8-97d8-4cb9-88e6-bc755c5ea385,0.5000554323196411,0.9998779480045065,K
149,c62d7d7b-278f-4762-8e6c-719d9a3b7ca8,0.5000554323196411,0.9996595587688273,K
149,eabc6384-4d67-4885-b67e-eae48a12061d,0.5000554323196411,0.9996595586022173,K
149,f5b76fd6-8f69-4aac-a7ff-7788c7d893fc,0.5000554323196411,0.9996595592964254,K
150,034a5370-3ecd-4ed7-9785-3d36d0e2b1d2,0.8331028819084167,0.9998673871271978,K
150,36a3fdac-f555-4207-aab4-c0ca0d0c489b,0.8331028819084167,0.9998673873493905,K
150,80b366aa-0c4b-458d-a732-2b6f0caba095,0.8331028819084167,0.9998673880992911,K
150,8517b37b-819b-4307-a0b8-9e13467048ff,0.8331028819084167,0.9998673885436766,K
150,8a81e090-cf6b-465e-824b-80ebcc668409,0.8331028819084167,0.9998673877104538,K
150,95546807-4799-4ddf-ba45-2a2e9c9dc480,0.8331028819084167,0.9998673875438092,K
150,a36a2a93-7ff2-431c-9c0a-52b0d7cffe1c,0.8331028819084167,0.9998673879048724,K
150,b7d81724-1cb7-4861-9b89-ab9cc7586573,0.8331028819084167,0.9998673882937098,K
150,01dd4c62-d96f-42c5-9206-09dda5e9f456,0.5295180082321167,0.9998673878215502,K
150,14334c04-9537-49c5-9c99-2637a762658c,0.5295180082321167,0.9998673881826133,K
150,45806973-64f1-4c5d-aa6e-811421f8ce5d,0.5295180082321167,0.9998673870438756,K
150,69a201b8-97d8-4cb9-88e6-bc755c5ea385,0.5295180082321167,0.9998673884048062,K
150,c62d7d7b-278f-4762-8e6c-719d9a3b7ca8,0.5295180082321167,0.9998673874327129,K
150,eabc6384-4d67-4885-b67e-eae48a12061d,0.5295180082321167,0.9998673872382942,K
150,f5b76fd6-8f69-4aac-a7ff-7788c7d893fc,0.5295180082321167,0.9998673880159689,K
150,078c15be-3a44-4d80-b84c-811729558419,0.5277932286262512,0.9998673882659357,K
150,2326f57a-a40c-4e64-a87c-dc4c13d043fb,0.5277932286262512,0.9998673878770984,K
150,6ac51209-4318-427d-be1e-204dd37f1340,0.5277932286262512,0.9998673875160351,K
150,7f330727-6b56-4d85-bc3a-2e81cf2a8850,0.5277932286262512,0.9998673877104538,K
150,8ede960b-3bdb-4fa9-9da8-3c0d0d7cb081,0.5277932286262512,0.9998673870994237,K
150,a002f3cc-29d7-42cf-92c8-4c2c96114528,0.5277932286262512,0.9998673884881284,K
150,c4c4df2e-14cf-4cd3-8cbb-8727a947891d,0.5277932286262512,0.999867388071517,K
150,c552d15b-1138-4731-9ba5-7b682251987f,0.5277932286262512,0.9998673873216165,K
150,0180d106-30b7-4d3d-8465-6a60f82fd63e,0.5179275274276733,0.9998673880437429,K
150,52a0dbc6-2456-4182-94a1-50f398f40323,0.5179275274276733,0.9998673876826797,K
150,5a5abb23-ae95-40f4-be81-430d4ce73c08,0.5179275274276733,0.9998673882381616,K
150,5cd4f33d-26cb-48ac-aec0-4b3398ed187f,0.5179275274276733,0.9998673878493243,K
150,6fe45f4f-e24c-4145-ad0c-3db7aa3a3987,0.5179275274276733,0.9998673870994237,K
150,8bfe443c-f2ce-4a69-be87-33a1311881c6,0.5179275274276733,0.999867387488261,K
150,cd1066cf-62a4-4e58-b8d8-de5b627d0d14,0.5179275274276733,0.9998673872938424,K
150,f1692ae6-46bc-4704-ad9c-ecfdbcd537e3,0.5179275274276733,0.9998673884603543,K
150,353f4204-a357-467a-bcfb-6abe5e9eaa2b,0.5085324645042419,0.9998673883214838,K
150,7c60762c-b658-42a9-b8a4-db680e830412,0.5085324645042419,0.9998673879326465,K
150,8b6875f0-8f7c-4afe-a1ec-d04b36123c4f,0.5085324645042419,0.9998673877382279,K
150,b075f555-fc68-4c49-9e8b-1ef142b37e3c,0.5085324645042419,0.9998673885714507,K
150,bcd5224a-ad16-4e21-81f1-33dcf726b8a6,0.5085324645042419,0.9998673871549719,K
150,eb45ff0f-2502-4384-81b0-7100ed6dc174,0.5085324645042419,0.9998673875438092,K
150,fb4e68c5-b855-4cea-b425-1deb73edab21,0.5085324645042419,0.9998673873493905,K
150,fb88ce3f-44de-442f-b2a1-7f8a9a241352,0.5085324645042419,0.9998673881270652,K
151,078c15be-3a44-4d80-b84c-811729558419,0.8484436273574829,0.9998745166236975,K
151,2326f57a-a40c-4e64-a87c-dc4c13d043fb,0.8484436273574829,0.9998745162626318,K
151,6ac51209-4318-427d-be1e-204dd37f1340,0.8484436273574829,0.9998745159293403,K
151,7f330727-6b56-4d85-bc3a-2e81cf2a8850,0.8484436273574829,0.999874516095986,K
151,8ede960b-3bdb-4fa9-9da8-3c0d0d7cb081,0.8484436273574829,0.9998745155405001,K
151,a002f3cc-29d7-42cf-92c8-4c2c96114528,0.8484436273574829,0.9998745168181176,K
151,c4c4df2e-14cf-4cd3-8cbb-8727a947891d,0.8484436273574829,0.9998745164570518,K
151,c552d15b-1138-4731-9ba5-7b682251987f,0.8484436273574829,0.9998745157349203,K
151,07539a5f-f98a-4454-94c4-c030161ad513,0.582748532295227,0.9991022700064547,K
151,12ba90b8-af65-4611-bfb8-4fbc328af547,0.582748532295227,0.999102269257128,K
151,3635c30d-a5f0-43e6-859f-e98e9a1f2b18,0.582748532295227,0.999102268896341,K
151,4a932701-f9a8-4913-b73f-9bd516f48756,0.582748532295227,0.9991022698121848,K
151,79d5f1b1-e6ef-459c-ab72-be3fe4fc68e1,0.582748532295227,0.9991022702284773,K
151,a2ac0247-893a-4f38-9dba-06ec963acfee,0.582748532295227,0.999102269423645,K
151,abba8879-48fd-4791-bc96-a00e79daa674,0.582748532295227,0.999102269062858,K
151,f0d191fc-2820-4508-8648-c19140fcae2b,0.582748532295227,0.9991022696456677,K
151,fd461154-e708-4b16-9dae-161e06fa0e57,0.582748532295227,0.999102268729824,K
151,0180d106-30b7-4d3d-8465-6a60f82fd63e,0.561016857624054,0.9998745164292775,K
151,52a0dbc6-2456-4182-94a1-50f398f40323,0.561016857624054,0.9998745160682118,K
151,5a5abb23-ae95-40f4-be81-430d4ce73c08,0.561016857624054,0.9998745165959233,K
151,5cd4f33d-26cb-48ac-aec0-4b3398ed187f,0.561016857624054,0.9998745162348575,K
151,6fe45f4f-e24c-4145-ad0c-3db7aa3a3987,0.561016857624054,0.9998745155405001,K
151,8bfe443c-f2ce-4a69-be87-33a1311881c6,0.561016857624054,0.999874515901566,K
151,cd1066cf-62a4-4e58-b8d8-de5b627d0d14,0.561016857624054,0.9998745157071459,K
151,f1692ae6-46bc-4704-ad9c-ecfdbcd537e3,0.561016857624054,0.9998745167903433,K
151,92a699d3-1261-4ddb-b4c3-8d04b32cab14,0.5255602598190308,0.9997419079781443,K
151,17281d16-c248-4e7c-b0f9-4109f5de1860,0.5204606652259827,0.9996198750991174,K
151,2f882f7e-0952-4f97-bcd1-d01036d23148,0.5204606652259827,0.9997419073949615,K
151,3f87a65c-9111-4d39-a239-9ff4e217de12,0.5204606652259827,0.9996198759876684,K
151,40e09ffe-167b-4ae9-b56a-ad4230dc9049,0.5204606652259827,0.9996198762098062,K
151,65afd9be-ce3f-434b-b0c5-1632dbb145fe,0.5204606652259827,0.9996198757932979,K
151,6b06c819-28fd-4f4d-a913-9698250259c0,0.5204606652259827,0.9996198752657207,K
151,6ecdb5bb-812f-4175-bf6d-a2ffc4783175,0.5204606652259827,0.9996198756266945,K
151,9d64a6be-6d7a-4a0a-8d31-204f85ad39e5,0.5204606652259827,0.999619875432324,K
151,a2eed803-064a-44bd-a001-0042c62aa722,0.5204606652259827,0.9996198749047469,K
152,0180d106-30b7-4d3d-8465-6a60f82fd63e,0.8701802492141724,0.9998957825143528,K
152,52a0dbc6-2456-4182-94a1-50f398f40323,0.8701802492141724,0.9998957821532793,K
152,5a5abb23-ae95-40f4-be81-430d4ce73c08,0.8701802492141724,0.9998957826810021,K
152,5cd4f33d-26cb-48ac-aec0-4b3398ed187f,0.8701802492141724,0.9998957823199287,K
152,6fe45f4f-e24c-4145-ad0c-3db7aa3a3987,0.8701802492141724,0.9998957816533315,K
152,8bfe443c-f2ce-4a69-be87-33a1311881c6,0.8701802492141724,0.9998957819866301,K
152,cd1066cf-62a4-4e58-b8d8-de5b627d0d14,0.8701802492141724,0.9998957818199807,K
152,f1692ae6-46bc-4704-ad9c-ecfdbcd537e3,0.8701802492141724,0.9998957828476515,K
152,17281d16-c248-4e7c-b0f9-4109f5de1860,0.6210042834281921,0.9998957819033054,K
152,2f882f7e-0952-4f97-bcd1-d01036d23148,0.6210042834281921,0.9998957815700068,K
152,3f87a65c-9111-4d39-a239-9ff4e217de12,0.6210042834281921,0.9998957827643268,K
152,40e09ffe-167b-4ae9-b56a-ad4230dc9049,0.6210042834281921,0.9998957829865258,K
152,65afd9be-ce3f-434b-b0c5-1632dbb145fe,0.6210042834281921,0.9998957825976775,K
152,6b06c819-28fd-4f4d-a913-9698250259c0,0.6210042834281921,0.9998957820699547,K
152,6ecdb5bb-812f-4175-bf6d-a2ffc4783175,0.6210042834281921,0.9998957824310282,K
152,9d64a6be-6d7a-4a0a-8d31-204f85ad39e5,0.6210042834281921,0.999895782236604,K
152,a2eed803-064a-44bd-a001-0042c62aa722,0.6210042834281921,0.9998957817366562,K
152,01dd4c62-d96f-42c5-9206-09dda5e9f456,0.5198861360549927,0.9997702995796265,K
152,14334c04-9537-49c5-9c99-2637a762658c,0.5198861360549927,0.9997702999128834,K
152,45806973-64f1-4c5d-aa6e-811421f8ce5d,0.5198861360549927,0.9997702988853416,K
152,69a201b8-97d8-4cb9-88e6-bc755c5ea385,0.5198861360549927,0.9998957828198766,K
152,c62d7d7b-278f-4762-8e6c-719d9a3b7ca8,0.5198861360549927,0.9997702992463697,K
152,eabc6384-4d67-4885-b67e-eae48a12061d,0.5198861360549927,0.9997702990797414,K
152,f5b76fd6-8f69-4aac-a7ff-7788c7d893fc,0.5198861360549927,0.999770299746255,K
152,078c15be-3a44-4d80-b84c-811729558419,0.5179296135902405,0.999895782708777,K
152,2326f57a-a40c-4e64-a87c-dc4c13d043fb,0.5179296135902405,0.9998957823477035,K
152,6ac51209-4318-427d-be1e-204dd37f1340,0.5179296135902405,0.999895782014405,K
152,7f330727-6b56-4d85-bc3a-2e81cf2a8850,0.5179296135902405,0.9998957821810542,K
152,8ede960b-3bdb-4fa9-9da8-3c0d0d7cb081,0.5179296135902405,0.9998957816811064,K
152,a002f3cc-29d7-42cf-92c8-4c2c96114528,0.5179296135902405,0.9998957828754264,K
152,c4c4df2e-14cf-4cd3-8cbb-8727a947891d,0.5179296135902405,0.9998957825421277,K
152,c552d15b-1138-4731-9ba5-7b682251987f,0.5179296135902405,0.9998957818477556,K
153,00dab3f4-141f-4599-9db6-5dba81fefe6f,0.8280233144760132,0.9995146193353264,K
153,4e7bb6f5-36b0-4fa4-bd68-f313b4666daf,0.8280233144760132,0.9995146207235411,K
153,69b3f681-6000-4710-a26e-2b5c55479f55,0.8280233144760132,0.9995146198073194,K
153,79c53939-7e93-4bbb-9f5a-d3dc13b0acec,0.8280233144760132,0.9995146201682552,K
153,7d0bbb59-a8de-4de5-9783-ccf95339bba2,0.8280233144760132,0.9995146200016695,K
153,c7b41ecf-3e52-40a5-a149-94e13d05e226,0.8280233144760132,0.9995146196407336,K
153,d509d17b-be53-4a84-a26b-035bb1ec7080,0.8280233144760132,0.9995146203626053,K
153,f8faf408-1ceb-45c3-8c74-453465925602,0.8280233144760132,0.999514620529191,K
154,01dd4c62-d96f-42c5-9206-09dda5e9f456,0.8407513499259949,0.9997942724703667,K
154,14334c04-9537-49c5-9c99-2637a762658c,0.8407513499259949,0.9997942728314034,K
154,45806973-64f1-4c5d-aa6e-811421f8ce5d,0.8407513499259949,0.9997942717482929,K
154,69a201b8-97d8-4cb9-88e6-bc755c5ea385,0.8407513499259949,0.9999173916344811,K
154,c62d7d7b-278f-4762-8e6c-719d9a3b7ca8,0.8407513499259949,0.9997942721093298,K
154,eabc6384-4d67-4885-b67e-eae48a12061d,0.8407513499259949,0.9997942719426974,K
154,f5b76fd6-8f69-4aac-a7ff-7788c7d893fc,0.8407513499259949,0.999794272636999,K
154,8026d908-9795-4e57-8f12-3c5f0363b5df,0.5130964517593384,0.9990917835673196,K
154,944ffda5-475b-44a3-9ffb-8d029a459d7b,0.5130964517593384,0.9990917837615875,K
154,a500e771-2553-43b1-96ab-b5312c48c6da,0.5130964517593384,0.9990917826514856,K
154,add373f1-7c47-43c3-a5ba-fea00e252e88,0.5130964517593384,0.9990917822629498,K
154,c71ad1e6-61a0-4e7c-9bb3-bbdb5044b53b,0.5130964517593384,0.9990917824572176,K
154,c9da9bd0-90ee-4dc2-becc-41c84923eff6,0.5130964517593384,0.9990917830122686,K
154,e1b73131-bab7-49ea-a23b-cebebd433714,0.5130964517593384,0.9990917828180008,K
154,ee45e614-5d14-41ab-b8c6-b2f1281357bb,0.5130964517593384,0.9990917833730518,K
155,3adcef2d-f318-4a61-bd66-3368a470ed55,0.7610799670219421,0.999209371239533,K
155,4176845a-2238-493e-9915-660825c11d88,0.7610799670219421,0.9992093709064632,K
155,4267455b-49e6-44d1-8c33-a971ff1e8adc,0.7610799670219421,0.9992093710729981,K
155,5ae85211-883c-4ded-89df-98953abf425d,0.7610799670219421,0.9992093716003586,K
155,bcc30525-23b0-4150-87ec-0351bfa84d59,0.7610799670219421,0.9992093707121725,K
155,f442598b-6b83-4c30-92a7-bd8f83118a45,0.7610799670219421,0.9992093714060679,K
155,e567aaf5-c6c2-4e26-9d70-b6e5436225f6,0.7501639127731323,0.9992093717668935,K
155,e9101f74-98a1-499c-8906-1e50ef554020,0.7423115968704224,0.9998992692681253,K
155,0180d106-30b7-4d3d-8465-6a60f82fd63e,0.5478793978691101,0.9996935496044067,K
155,52a0dbc6-2456-4182-94a1-50f398f40323,0.5478793978691101,0.9996935492434063,K
155,5a5abb23-ae95-40f4-be81-430d4ce73c08,0.5478793978691101,0.9996935497710223,K
155,5cd4f33d-26cb-48ac-aec0-4b3398ed187f,0.5478793978691101,0.9996935494377911,K
155,6fe45f4f-e24c-4145-ad0c-3db7aa3a3987,0.5478793978691101,0.9996935487435594,K
155,723e260d-e334-4cc7-a740-4ccc327f7431,0.5478793978691101,0.9998166547820114,K
155,8bfe443c-f2ce-4a69-be87-33a1311881c6,0.5478793978691101,0.9996935490767906,K
155,cd1066cf-62a4-4e58-b8d8-de5b627d0d14,0.5478793978691101,0.999693548910175,K
155,f1692ae6-46bc-4704-ad9c-ecfdbcd537e3,0.5478793978691101,0.9998992693514502,K
155,17281d16-c248-4e7c-b0f9-4109f5de1860,0.5414908528327942,0.9996935489934828,K
155,2f882f7e-0952-4f97-bcd1-d01036d23148,0.5414908528327942,0.9996935486602516,K
155,3f87a65c-9111-4d39-a239-9ff4e217de12,0.5414908528327942,0.9996935498820994,K
155,40e09ffe-167b-4ae9-b56a-ad4230dc9049,0.5414908528327942,0.9996935500764842,K
155,65afd9be-ce3f-434b-b0c5-1632dbb145fe,0.5414908528327942,0.9996935496877145,K
155,6b06c819-28fd-4f4d-a913-9698250259c0,0.5414908528327942,0.9996935491600984,K
155,6ecdb5bb-812f-4175-bf6d-a2ffc4783175,0.5414908528327942,0.9996935495210989,K
155,9d64a6be-6d7a-4a0a-8d31-204f85ad39e5,0.5414908528327942,0.9996935493544833,K
155,a2eed803-064a-44bd-a001-0042c62aa722,0.5414908528327942,0.9996935488268672,K
156,17281d16-c248-4e7c-b0f9-4109f5de1860,0.8598865866661072,0.9998874883576874,K
156,2f882f7e-0952-4f97-bcd1-d01036d23148,0.8598865866661072,0.9998874879410676,K
156,3f87a65c-9111-4d39-a239-9ff4e217de12,0.8598865866661072,0.9998874893020255,K
156,40e09ffe-167b-4ae9-b56a-ad4230dc9049,0.8598865866661072,0.9998874895242228,K
156,65afd9be-ce3f-434b-b0c5-1632dbb145fe,0.8598865866661072,0.9998874891076031,K
156,6b06c819-28fd-4f4d-a913-9698250259c0,0.8598865866661072,0.99988748855211,K
156,6ecdb5bb-812f-4175-bf6d-a2ffc4783175,0.8598865866661072,0.9998874889131805,K
156,9d64a6be-6d7a-4a0a-8d31-204f85ad39e5,0.8598865866661072,0.9998874887465325,K
156,a2eed803-064a-44bd-a001-0042c62aa722,0.8598865866661072,0.9998874881632648,K
156,0180d106-30b7-4d3d-8465-6a60f82fd63e,0.6504610180854797,0.999887489024279,K
156,52a0dbc6-2456-4182-94a1-50f398f40323,0.6504610180854797,0.999887488635434,K
156,5a5abb23-ae95-40f4-be81-430d4ce73c08,0.6504610180854797,0.9998874892187016,K
156,5cd4f33d-26cb-48ac-aec0-4b3398ed187f,0.6504610180854797,0.9998874888298565,K
156,6fe45f4f-e24c-4145-ad0c-3db7aa3a3987,0.6504610180854797,0.9998874880521662,K
156,723e260d-e334-4cc7-a740-4ccc327f7431,0.6504610180854797,0.9998874878577436,K
156,8bfe443c-f2ce-4a69-be87-33a1311881c6,0.6504610180854797,0.9998874884687861,K
156,cd1066cf-62a4-4e58-b8d8-de5b627d0d14,0.6504610180854797,0.9998874882743635,K
156,f1692ae6-46bc-4704-ad9c-ecfdbcd537e3,0.6504610180854797,0.9998874894131242,K
156,078c15be-3a44-4d80-b84c-811729558419,0.5488073825836182,0.9995810614459396,K
156,2326f57a-a40c-4e64-a87c-dc4c13d043fb,0.5488073825836182,0.9995810610572137,K
156,6ac51209-4318-427d-be1e-204dd37f1340,0.5488073825836182,0.9995810606684877,K
156,7f330727-6b56-4d85-bc3a-2e81cf2a8850,0.5488073825836182,0.9995810608628507,K
156,8ede960b-3bdb-4fa9-9da8-3c0d0d7cb081,0.5488073825836182,0.9995810602797618,K
156,905faf6e-9c4b-4046-a46c-8dbb5a35e246,0.5488073825836182,0.9995810600853987,K
156,a002f3cc-29d7-42cf-92c8-4c2c96114528,0.5488073825836182,0.9998874894408989,K
156,c4c4df2e-14cf-4cd3-8cbb-8727a947891d,0.5488073825836182,0.9995810612515766,K
156,c552d15b-1138-4731-9ba5-7b682251987f,0.5488073825836182,0.9995810605018909,K
156,3adcef2d-f318-4a61-bd66-3368a470ed55,0.5433847904205322,0.9998874885798846,K
156,4176845a-2238-493e-9915-660825c11d88,0.5433847904205322,0.9998874881910395,K
156,4267455b-49e6-44d1-8c33-a971ff1e8adc,0.5433847904205322,0.999887488385462,K
156,5ae85211-883c-4ded-89df-98953abf425d,0.5433847904205322,0.9998874889409551,K
156,bcc30525-23b0-4150-87ec-0351bfa84d59,0.5433847904205322,0.9998874879688423,K
156,f442598b-6b83-4c30-92a7-bd8f83118a45,0.5433847904205322,0.9998874887743072,K
156,e9101f74-98a1-499c-8906-1e50ef554020,0.5312458872795105,0.9998874893298002,K
156,e567aaf5-c6c2-4e26-9d70-b6e5436225f6,0.5237554311752319,0.9998874891353776,K
157,92a699d3-1261-4ddb-b4c3-8d04b32cab14,0.6728390455245972,0.9993500191902158,K
157,081411c1-683b-4961-b7b0-f8882aa1ca6f,0.5494903922080994,0.996226547294607,K
158,034a5370-3ecd-4ed7-9785-3d36d0e2b1d2,0.8331028819084167,0.9990759410112586,K
158,36a3fdac-f555-4207-aab4-c0ca0d0c489b,0.8331028819084167,0.9990759412332756,K
158,80b366aa-0c4b-458d-a732-2b6f0caba095,0.8331028819084167,0.9990759421213431,K
158,8517b37b-819b-4307-a0b8-9e13467048ff,0.8331028819084167,0.9990759426208811,K
158,8a81e090-cf6b-465e-824b-80ebcc668409,0.8331028819084167,0.9990759416773093,K
158,8bc424e0-34ca-44f0-b24e-4c8398202d5d,0.8331028819084167,0.9992013363517261,K
158,95546807-4799-4ddf-ba45-2a2e9c9dc480,0.8331028819084167,0.9990759414552924,K
158,a36a2a93-7ff2-431c-9c0a-52b0d7cffe1c,0.8331028819084167,0.9990759419270783,K
158,b7d81724-1cb7-4861-9b89-ab9cc7586573,0.8331028819084167,0.99907594234336,K
158,01dd4c62-d96f-42c5-9206-09dda5e9f456,0.5295180082321167,0.9995111340061612,K
158,14334c04-9537-49c5-9c99-2637a762658c,0.5295180082321167,0.9995111344226242,K
158,45806973-64f1-4c5d-aa6e-811421f8ce5d,0.5295180082321167,0.9995111330899427,K
158,69a201b8-97d8-4cb9-88e6-bc755c5ea385,0.5295180082321167,0.9998512343722591,K
158,826b4589-fd44-4bdc-ac6f-743b4f87001c,0.5295180082321167,0.9996118366604453,K
158,c62d7d7b-278f-4762-8e6c-719d9a3b7ca8,0.5295180082321167,0.9995111335341698,K
158,eabc6384-4d67-4885-b67e-eae48a12061d,0.5295180082321167,0.999511133284292,K
158,f5b76fd6-8f69-4aac-a7ff-7788c7d893fc,0.5295180082321167,0.9995111342005105,K
158,078c15be-3a44-4d80-b84c-811729558419,0.5277932286262512,0.9997243301705786,K
158,2326f57a-a40c-4e64-a87c-dc4c13d043fb,0.5277932286262512,0.9997243297540268,K
158,6ac51209-4318-427d-be1e-204dd37f1340,0.5277932286262512,0.9997243292819348,K
158,7f330727-6b56-4d85-bc3a-2e81cf2a8850,0.5277932286262512,0.9997243295040957,K
158,8ede960b-3bdb-4fa9-9da8-3c0d0d7cb081,0.5277932286262512,0.9997243288376129,K
158,905faf6e-9c4b-4046-a46c-8dbb5a35e246,0.5277932286262512,0.9997243286154519,K
158,a002f3cc-29d7-42cf-92c8-4c2c96114528,0.5277932286262512,0.9998512344555801,K
158,c4c4df2e-14cf-4cd3-8cbb-8727a947891d,0.5277932286262512,0.9997243299484176,K
158,c552d15b-1138-4731-9ba5-7b682251987f,0.5277932286262512,0.9997243290597738,K
158,0180d106-30b7-4d3d-8465-6a60f82fd63e,0.5179275274276733,0.9997243299206475,K
158,52a0dbc6-2456-4182-94a1-50f398f40323,0.5179275274276733,0.9997243294763256,K
158,5a5abb23-ae95-40f4-be81-430d4ce73c08,0.5179275274276733,0.9997243301428085,K
158,5cd4f33d-26cb-48ac-aec0-4b3398ed187f,0.5179275274276733,0.9997243297262567,K
158,6fe45f4f-e24c-4145-ad0c-3db7aa3a3987,0.5179275274276733,0.9997243288098427,K
158,723e260d-e334-4cc7-a740-4ccc327f7431,0.5179275274276733,0.9997243285876818,K
158,8bfe443c-f2ce-4a69-be87-33a1311881c6,0.5179275274276733,0.9997243292541647,K
158,cd1066cf-62a4-4e58-b8d8-de5b627d0d14,0.5179275274276733,0.9997243290597738,K
158,f1692ae6-46bc-4704-ad9c-ecfdbcd537e3,0.5179275274276733,0.9998512344278064,K
158,353f4204-a357-467a-bcfb-6abe5e9eaa2b,0.5085324645042419,0.9990759423711121,K
158,7c60762c-b658-42a9-b8a4-db680e830412,0.5085324645042419,0.9990759419548304,K
158,8b6875f0-8f7c-4afe-a1ec-d04b36123c4f,0.5085324645042419,0.9990759416773093,K
158,b075f555-fc68-4c49-9e8b-1ef142b37e3c,0.5085324645042419,0.9998512345666747,K
158,bcd5224a-ad16-4e21-81f1-33dcf726b8a6,0.5085324645042419,0.9990759410112586,K
158,e325d7bc-ef79-4a6e-a0ce-9e3d95c66c7d,0.5085324645042419,0.9990759408169939,K
158,eb45ff0f-2502-4384-81b0-7100ed6dc174,0.5085324645042419,0.9990759414830446,K
158,fb4e68c5-b855-4cea-b425-1deb73edab21,0.5085324645042419,0.9990759412610276,K
158,fb88ce3f-44de-442f-b2a1-7f8a9a241352,0.5085324645042419,0.9990759421490951,K
159,078c15be-3a44-4d80-b84c-811729558419,0.8484436273574829,0.999862151724169,K
159,2326f57a-a40c-4e64-a87c-dc4c13d043fb,0.8484436273574829,0.9998621513631077,K
159,6ac51209-4318-427d-be1e-204dd37f1340,0.8484436273574829,0.9998621510020463,K
159,7f330727-6b56-4d85-bc3a-2e81cf2a8850,0.8484436273574829,0.99986215116869,K
159,8ede960b-3bdb-4fa9-9da8-3c0d0d7cb081,0.8484436273574829,0.999862150640985,K
159,905faf6e-9c4b-4046-a46c-8dbb5a35e246,0.8484436273574829,0.9998621504465673,K
159,a002f3cc-29d7-42cf-92c8-4c2c96114528,0.8484436273574829,0.9998621519463606,K
159,c4c4df2e-14cf-4cd3-8cbb-8727a947891d,0.8484436273574829,0.9998621515297513,K
159,c552d15b-1138-4731-9ba5-7b682251987f,0.8484436273574829,0.9998621508076287,K
159,07539a5f-f98a-4454-94c4-c030161ad513,0.582748532295227,0.999063581907767,K
159,12ba90b8-af65-4611-bfb8-4fbc328af547,0.582748532295227,0.9990635810197105,K
159,3635c30d-a5f0-43e6-859f-e98e9a1f2b18,0.582748532295227,0.9990635806311857,K
159,4a932701-f9a8-4913-b73f-9bd516f48756,0.582748532295227,0.999063581658001,K
159,79d5f1b1-e6ef-459c-ab72-be3fe4fc68e1,0.582748532295227,0.9990635821020293,K
159,a2ac0247-893a-4f38-9dba-06ec963acfee,0.582748532295227,0.9990635812139728,K
159,abba8879-48fd-4791-bc96-a00e79daa674,0.582748532295227,0.9990635808254481,K
159,f0d191fc-2820-4508-8648-c19140fcae2b,0.582748532295227,0.999063581435987,K
159,fd461154-e708-4b16-9dae-161e06fa0e57,0.582748532295227,0.9990635804646751,K
159,0180d106-30b7-4d3d-8465-6a60f82fd63e,0.561016857624054,0.9998621515297513,K
159,52a0dbc6-2456-4182-94a1-50f398f40323,0.561016857624054,0.9998621511409161,K
159,5a5abb23-ae95-40f4-be81-430d4ce73c08,0.561016857624054,0.999862151696395,K
159,5cd4f33d-26cb-48ac-aec0-4b3398ed187f,0.561016857624054,0.9998621513353337,K
159,6fe45f4f-e24c-4145-ad0c-3db7aa3a3987,0.561016857624054,0.999862150613211,K
159,723e260d-e334-4cc7-a740-4ccc327f7431,0.561016857624054,0.9998621504465673,K
159,8bfe443c-f2ce-4a69-be87-33a1311881c6,0.561016857624054,0.9998621509742724,K
159,cd1066cf-62a4-4e58-b8d8-de5b627d0d14,0.561016857624054,0.9998621507798547,K
159,f1692ae6-46bc-4704-ad9c-ecfdbcd537e3,0.561016857624054,0.9998621519185866,K
159,92a699d3-1261-4ddb-b4c3-8d04b32cab14,0.5255602598190308,0.9997133861093889,K
159,17281d16-c248-4e7c-b0f9-4109f5de1860,0.5204606652259827,0.999586499320536,K
159,2f882f7e-0952-4f97-bcd1-d01036d23148,0.5204606652259827,0.9995864989595742,K
159,3f87a65c-9111-4d39-a239-9ff4e217de12,0.5204606652259827,0.9995865002368236,K
159,40e09ffe-167b-4ae9-b56a-ad4230dc9049,0.5204606652259827,0.9995865004589539,K
159,65afd9be-ce3f-434b-b0c5-1632dbb145fe,0.5204606652259827,0.9995865000424595,K
159,6b06c819-28fd-4f4d-a913-9698250259c0,0.5204606652259827,0.9995864994871337,K
159,6ecdb5bb-812f-4175-bf6d-a2ffc4783175,0.5204606652259827,0.9995864998480956,K
159,9d64a6be-6d7a-4a0a-8d31-204f85ad39e5,0.5204606652259827,0.9995864996814978,K
159,a2eed803-064a-44bd-a001-0042c62aa722,0.5204606652259827,0.9995864991261719,K
159,b029039a-f245-4a89-b09e-3ae05967d61f,0.5204606652259827,0.999713385331834,K
160,0180d106-30b7-4d3d-8465-6a60f82fd63e,0.8701802492141724,0.9998827878698785,K
160,52a0dbc6-2456-4182-94a1-50f398f40323,0.8701802492141724,0.9998827874810352,K
160,5a5abb23-ae95-40f4-be81-430d4ce73c08,0.8701802492141724,0.9998827880365256,K
160,5cd4f33d-26cb-48ac-aec0-4b3398ed187f,0.8701802492141724,0.9998827876754569,K
160,6fe45f4f-e24c-4145-ad0c-3db7aa3a3987,0.8701802492141724,0.9998827869255448,K
160,723e260d-e334-4cc7-a740-4ccc327f7431,0.8701802492141724,0.9998827867311232,K
160,8bfe443c-f2ce-4a69-be87-33a1311881c6,0.8701802492141724,0.9998827872866136,K
160,cd1066cf-62a4-4e58-b8d8-de5b627d0d14,0.8701802492141724,0.9998827870921919,K
160,f1692ae6-46bc-4704-ad9c-ecfdbcd537e3,0.8701802492141724,0.9998827882309473,K
160,17281d16-c248-4e7c-b0f9-4109f5de1860,0.6210042834281921,0.99988278720329,K
160,2f882f7e-0952-4f97-bcd1-d01036d23148,0.6210042834281921,0.9998827868422212,K
160,3f87a65c-9111-4d39-a239-9ff4e217de12,0.6210042834281921,0.9998827881476238,K
160,40e09ffe-167b-4ae9-b56a-ad4230dc9049,0.6210042834281921,0.9998827883975945,K
160,65afd9be-ce3f-434b-b0c5-1632dbb145fe,0.6210042834281921,0.9998827879532021,K
160,6b06c819-28fd-4f4d-a913-9698250259c0,0.6210042834281921,0.9998827873977116,K
160,6ecdb5bb-812f-4175-bf6d-a2ffc4783175,0.6210042834281921,0.9998827877587805,K
160,9d64a6be-6d7a-4a0a-8d31-204f85ad39e5,0.6210042834281921,0.9998827875921333,K
160,a2eed803-064a-44bd-a001-0042c62aa722,0.6210042834281921,0.9998827870088683,K
160,b029039a-f245-4a89-b09e-3ae05967d61f,0.6210042834281921,0.9998827866477996,K
160,01dd4c62-d96f-42c5-9206-09dda5e9f456,0.5198861360549927,0.9997449362565112,K
160,14334c04-9537-49c5-9c99-2637a762658c,0.5198861360549927,0.9997449366453008,K
160,45806973-64f1-4c5d-aa6e-811421f8ce5d,0.5198861360549927,0.9997449355067025,K
160,69a201b8-97d8-4cb9-88e6-bc755c5ea385,0.5198861360549927,0.9998827881753983,K
160,826b4589-fd44-4bdc-ac6f-743b4f87001c,0.5198861360549927,0.9997449353400784,K
160,c62d7d7b-278f-4762-8e6c-719d9a3b7ca8,0.5198861360549927,0.9998827872310645,K
160,eabc6384-4d67-4885-b67e-eae48a12061d,0.5198861360549927,0.9997449357010973,K
160,f5b76fd6-8f69-4aac-a7ff-7788c7d893fc,0.5198861360549927,0.999744936450906,K
160,078c15be-3a44-4d80-b84c-811729558419,0.5179296135902405,0.9998827880643002,K
160,2326f57a-a40c-4e64-a87c-dc4c13d043fb,0.5179296135902405,0.9998827876754569,K
160,6ac51209-4318-427d-be1e-204dd37f1340,0.5179296135902405,0.9998827873143881,K
160,7f330727-6b56-4d85-bc3a-2e81cf2a8850,0.5179296135902405,0.9998827875088098,K
160,8ede960b-3bdb-4fa9-9da8-3c0d0d7cb081,0.5179296135902405,0.9998827869533193,K
160,905faf6e-9c4b-4046-a46c-8dbb5a35e246,0.5179296135902405,0.9998827867588976,K
160,a002f3cc-29d7-42cf-92c8-4c2c96114528,0.5179296135902405,0.9998827882587219,K
160,c4c4df2e-14cf-4cd3-8cbb-8727a947891d,0.5179296135902405,0.9998827878976531,K
160,c552d15b-1138-4731-9ba5-7b682251987f,0.5179296135902405,0.9998827871199665,K
160,0d18be4c-7e6e-4603-a04a-64c86e26cc3f,0.50118088722229,0.999882786620025,K
161,00dab3f4-141f-4599-9db6-5dba81fefe6f,0.8280233144760132,0.9990361295440595,K
161,0d52a663-efec-45e0-9095-d60a597d463b,0.8280233144760132,0.9991186780647325,K
161,4e7bb6f5-36b0-4fa4-bd68-f313b4666daf,0.8280233144760132,0.9990361307928547,K
161,69b3f681-6000-4710-a26e-2b5c55479f55,0.8280233144760132,0.9990361299048226,K
161,79c53939-7e93-4bbb-9f5a-d3dc13b0acec,0.8280233144760132,0.9990361302655856,K
161,7d0bbb59-a8de-4de5-9783-ccf95339bba2,0.8280233144760132,0.9990361300713285,K
161,c7b41ecf-3e52-40a5-a149-94e13d05e226,0.8280233144760132,0.9990361297383166,K
161,d509d17b-be53-4a84-a26b-035bb1ec7080,0.8280233144760132,0.9990361304320916,K
161,f8faf408-1ceb-45c3-8c74-453465925602,0.8280233144760132,0.9990361305985976,K
162,01dd4c62-d96f-42c5-9206-09dda5e9f456,0.8407513499259949,0.9997632336169184,K
162,14334c04-9537-49c5-9c99-2637a762658c,0.8407513499259949,0.9997632339779441,K
162,45806973-64f1-4c5d-aa6e-811421f8ce5d,0.8407513499259949,0.9997632328948672,K
162,69a201b8-97d8-4cb9-88e6-bc755c5ea385,0.8407513499259949,0.9999008154191158,K
162,826b4589-fd44-4bdc-ac6f-743b4f87001c,0.8407513499259949,0.99976323272824,K
162,c62d7d7b-278f-4762-8e6c-719d9a3b7ca8,0.8407513499259949,0.9999008145303151,K
162,eabc6384-4d67-4885-b67e-eae48a12061d,0.8407513499259949,0.9997632330614944,K
162,f5b76fd6-8f69-4aac-a7ff-7788c7d893fc,0.8407513499259949,0.9997632337835456,K
162,8026d908-9795-4e57-8f12-3c5f0363b5df,0.5130964517593384,0.9990195694919216,K
162,944ffda5-475b-44a3-9ffb-8d029a459d7b,0.5130964517593384,0.9990195696861754,K
162,a500e771-2553-43b1-96ab-b5312c48c6da,0.5130964517593384,0.9990195685206527,K
162,add373f1-7c47-43c3-a5ba-fea00e252e88,0.5130964517593384,0.9990195681598956,K
162,c71ad1e6-61a0-4e7c-9bb3-bbdb5044b53b,0.5130964517593384,0.9990195683541493,K
162,c9da9bd0-90ee-4dc2-becc-41c84923eff6,0.5130964517593384,0.9990195689091602,K
162,e1b73131-bab7-49ea-a23b-cebebd433714,0.5130964517593384,0.9990195687149064,K
162,ee45e614-5d14-41ab-b8c6-b2f1281357bb,0.5130964517593384,0.9990195692976678,K
163,3adcef2d-f318-4a61-bd66-3368a470ed55,0.7610799670219421,0.9998844465101522,K
163,4176845a-2238-493e-9915-660825c11d88,0.7610799670219421,0.9991171806644892,K
163,4267455b-49e6-44d1-8c33-a971ff1e8adc,0.7610799670219421,0.999117180858762,K
163,5ae85211-883c-4ded-89df-98953abf425d,0.7610799670219421,0.9991171813583205,K
163,bcc30525-23b0-4150-87ec-0351bfa84d59,0.7610799670219421,0.9991171804979696,K
163,d4160fcb-1743-4528-b4f4-189d69827597,0.7610799670219421,0.9991171803314501,K
163,f442598b-6b83-4c30-92a7-bd8f83118a45,0.7610799670219421,0.999117181191801,K
163,e567aaf5-c6c2-4e26-9d70-b6e5436225f6,0.7501639127731323,0.9991171815248401,K
163,e9101f74-98a1-499c-8906-1e50ef554020,0.7423115968704224,0.9998844472045164,K
163,0180d106-30b7-4d3d-8465-6a60f82fd63e,0.5478793978691101,0.9996476955737841,K
163,52a0dbc6-2456-4182-94a1-50f398f40323,0.5478793978691101,0.9996476952128002,K
163,5a5abb23-ae95-40f4-be81-430d4ce73c08,0.5478793978691101,0.999647695740392,K
163,5cd4f33d-26cb-48ac-aec0-4b3398ed187f,0.5478793978691101,0.9996476953794081,K
163,6fe45f4f-e24c-4145-ad0c-3db7aa3a3987,0.5478793978691101,0.9996476946852083,K
163,723e260d-e334-4cc7-a740-4ccc327f7431,0.5478793978691101,0.9996476945186004,K
163,8bfe443c-f2ce-4a69-be87-33a1311881c6,0.5478793978691101,0.9998844463990539,K
163,9831640f-08cd-4cd5-b1ba-c211f7928bd9,0.5478793978691101,0.9997852597266605,K
163,cd1066cf-62a4-4e58-b8d8-de5b627d0d14,0.5478793978691101,0.9996476948795843,K
163,f1692ae6-46bc-4704-ad9c-ecfdbcd537e3,0.5478793978691101,0.9998844472600655,K
163,17281d16-c248-4e7c-b0f9-4109f5de1860,0.5414908528327942,0.9996476949628882,K
163,2f882f7e-0952-4f97-bcd1-d01036d23148,0.5414908528327942,0.9996476946019044,K
163,3f87a65c-9111-4d39-a239-9ff4e217de12,0.5414908528327942,0.999647695823696,K
163,40e09ffe-167b-4ae9-b56a-ad4230dc9049,0.5414908528327942,0.9996476960458399,K
163,65afd9be-ce3f-434b-b0c5-1632dbb145fe,0.5414908528327942,0.999647695657088,K
163,6b06c819-28fd-4f4d-a913-9698250259c0,0.5414908528327942,0.9996476951294961,K
163,6ecdb5bb-812f-4175-bf6d-a2ffc4783175,0.5414908528327942,0.99964769549048,K
163,9d64a6be-6d7a-4a0a-8d31-204f85ad39e5,0.5414908528327942,0.9996476953238721,K
163,a2eed803-064a-44bd-a001-0042c62aa722,0.5414908528327942,0.9996476947685123,K
163,b029039a-f245-4a89-b09e-3ae05967d61f,0.5414908528327942,0.9996476944352964,K
163,0d18be4c-7e6e-4603-a04a-64c86e26cc3f,0.5306839942932129,0.9998844457602388,K
168,00dab3f4-141f-4599-9db6-5dba81fefe6f,0.5585144758224487,0.9992561550121729,K
168,0d52a663-efec-45e0-9095-d60a597d463b,0.5585144758224487,0.9992561548456302,K
168,4e7bb6f5-36b0-4fa4-bd68-f313b4666daf,0.5585144758224487,0.9992561562612431,K
168,69b3f681-6000-4710-a26e-2b5c55479f55,0.5585144758224487,0.9992561553730154,K
168,79c53939-7e93-4bbb-9f5a-d3dc13b0acec,0.5585144758224487,0.999256155733858,K
168,7d0bbb59-a8de-4de5-9783-ccf95339bba2,0.5585144758224487,0.999256155539558,K
168,c7b41ecf-3e52-40a5-a149-94e13d05e226,0.5585144758224487,0.9992561552064727,K
168,cc3cbf4a-b79e-4157-8062-0637fed484e0,0.5585144758224487,0.9993552881660431,K
168,d509d17b-be53-4a84-a26b-035bb1ec7080,0.5585144758224487,0.9992561559004006,K
168,f8faf408-1ceb-45c3-8c74-453465925602,0.5585144758224487,0.9992561560947004,K
168,07539a5f-f98a-4454-94c4-c030161ad513,0.513498842716217,0.9990015381561841,K
168,12ba90b8-af65-4611-bfb8-4fbc328af547,0.513498842716217,0.9990015373514328,K
168,3635c30d-a5f0-43e6-859f-e98e9a1f2b18,0.513498842716217,0.9990015369906823,K
168,4a932701-f9a8-4913-b73f-9bd516f48756,0.513498842716217,0.9990015379619338,K
168,79d5f1b1-e6ef-459c-ab72-be3fe4fc68e1,0.513498842716217,0.9990015383226843,K
168,a2ac0247-893a-4f38-9dba-06ec963acfee,0.513498842716217,0.9990015375456831,K
168,abba8879-48fd-4791-bc96-a00e79daa674,0.513498842716217,0.9990015371849326,K
168,f0d191fc-2820-4508-8648-c19140fcae2b,0.513498842716217,0.9990015377676835,K
168,fd461154-e708-4b16-9dae-161e06fa0e57,0.513498842716217,0.999001536824182,K
168,078c15be-3a44-4d80-b84c-811729558419,0.5096516013145447,0.9991186635497585,K
168,2326f57a-a40c-4e64-a87c-dc4c13d043fb,0.5096516013145447,0.9991186631889657,K
168,36fe03d1-5579-4457-8436-bff7d863400e,0.5096516013145447,0.9999092500069187,K
168,6ac51209-4318-427d-be1e-204dd37f1340,0.5096516013145447,0.9999092507013001,K
168,7f330727-6b56-4d85-bc3a-2e81cf2a8850,0.5096516013145447,0.9991186630224459,K
168,8ede960b-3bdb-4fa9-9da8-3c0d0d7cb081,0.5096516013145447,0.9991186624951333,K
168,905faf6e-9c4b-4046-a46c-8dbb5a35e246,0.5096516013145447,0.9991186623286135,K
168,a002f3cc-29d7-42cf-92c8-4c2c96114528,0.5096516013145447,0.9999092515901083,K
168,c4c4df2e-14cf-4cd3-8cbb-8727a947891d,0.5096516013145447,0.9991186633832387,K
168,c552d15b-1138-4731-9ba5-7b682251987f,0.5096516013145447,0.9991186626616531,K
168,279e318c-6f86-40d6-b6e9-54db1363905d,0.500594437122345,0.991295482186932,K
168,396603d7-17ae-44e0-8c41-50014f8edd87,0.500594437122345,0.9912954816086762,K
168,696fd1bd-cd71-40e6-afc6-5eb606d179fc,0.500594437122345,0.9912954823796838,K
168,7872d37a-c81c-438b-9878-e41ffaaf1db5,0.500594437122345,0.9912954819666441,K
168,9c8bce7d-c7c0-492d-8be6-122248ddfcda,0.500594437122345,0.9913655982249766,K
168,9e53546f-7d97-43d6-b767-f4dd2d88714b,0.500594437122345,0.9912954825724357,K
168,e751a818-c03d-4b1e-b649-68d4d85c8b24,0.500594437122345,0.9912954814434604,K
168,e8e36d59-50bf-4999-bedf-72c012dc436e,0.500594437122345,0.9912954827651876,K
168,eead53f4-e78a-4014-89bb-ef8a9add4b3f,0.500594437122345,0.9912954818014281,K
169,ed74745a-b113-44a0-96ac-0cccc576e69e,0.5783105492591858,0.9996713438526011,K
170,788f4a18-0d12-4ca5-8c71-b6e8d6d232fb,0.5502352714538574,0.9998956406402613,K
170,00dab3f4-141f-4599-9db6-5dba81fefe6f,0.5226747989654541,0.9997712306439229,K
170,0d52a663-efec-45e0-9095-d60a597d463b,0.5226747989654541,0.9997712304772944,K
170,4e7bb6f5-36b0-4fa4-bd68-f313b4666daf,0.5226747989654541,0.999771231893637,K
170,69b3f681-6000-4710-a26e-2b5c55479f55,0.5226747989654541,0.99977123097718,K
170,79c53939-7e93-4bbb-9f5a-d3dc13b0acec,0.5226747989654541,0.9997712313382086,K
170,7d0bbb59-a8de-4de5-9783-ccf95339bba2,0.5226747989654541,0.99977123117158,K
170,c7b41ecf-3e52-40a5-a149-94e13d05e226,0.5226747989654541,0.9997712308105515,K
170,cc3cbf4a-b79e-4157-8062-0637fed484e0,0.5226747989654541,0.9997712302828945,K
170,d509d17b-be53-4a84-a26b-035bb1ec7080,0.5226747989654541,0.9997712315326085,K
170,f8faf408-1ceb-45c3-8c74-453465925602,0.5226747989654541,0.999771231699237,K
171,01dd4c62-d96f-42c5-9206-09dda5e9f456,0.5560125112533569,0.9990141705272514,K
171,14334c04-9537-49c5-9c99-2637a762658c,0.5560125112533569,0.999014170915757,K
171,388a29f1-b73d-4d85-9103-470a47cc0092,0.5560125112533569,0.9998874341137927,K
171,45806973-64f1-4c5d-aa6e-811421f8ce5d,0.5560125112533569,0.9990141697502404,K
171,69a201b8-97d8-4cb9-88e6-bc755c5ea385,0.5560125112533569,0.9998874358913703,K
171,826b4589-fd44-4bdc-ac6f-743b4f87001c,0.5560125112533569,0.9990141695559877,K
171,c62d7d7b-278f-4762-8e6c-719d9a3b7ca8,0.5560125112533569,0.9998874348914829,K
171,eabc6384-4d67-4885-b67e-eae48a12061d,0.5560125112533569,0.9990141699444931,K
171,f5b76fd6-8f69-4aac-a7ff-7788c7d893fc,0.5560125112533569,0.9990141707215042,K
171,8026d908-9795-4e57-8f12-3c5f0363b5df,0.5232455730438232,0.9990141728305341,K
171,944ffda5-475b-44a3-9ffb-8d029a459d7b,0.5232455730438232,0.9990141730247869,K
171,a500e771-2553-43b1-96ab-b5312c48c6da,0.5232455730438232,0.9990141718037695,K
171,add373f1-7c47-43c3-a5ba-fea00e252e88,0.5232455730438232,0.999014171415264,K
171,c71ad1e6-61a0-4e7c-9bb3-bbdb5044b53b,0.5232455730438232,0.9990141716095168,K
171,c9da9bd0-90ee-4dc2-becc-41c84923eff6,0.5232455730438232,0.9990141721922751,K
171,e1b73131-bab7-49ea-a23b-cebebd433714,0.5232455730438232,0.9990141719980223,K
171,ee45e614-5d14-41ab-b8c6-b2f1281357bb,0.5232455730438232,0.999014172608531,K
173,ed74745a-b113-44a0-96ac-0cccc576e69e,0.8247690796852112,0.9995525939215179,K
173,e3491559-de7d-4f03-82b1-2ddc06a7d89f,0.5108833312988281,0.9998885441283338,K
173,fe0641e6-5236-4559-9085-6119fd3ef96a,0.5077387690544128,0.9997694856836198,K
173,d118f0d1-c7a8-45d6-8ea8-7b5912fccd74,0.5051711797714233,0.9996569323333968,K
174,ad4bd73d-9e93-4cce-940c-e71575fd5966,0.8457905650138855,0.9992297679200207,K
174,e3491559-de7d-4f03-82b1-2ddc06a7d89f,0.5314657688140869,0.9998921940892527,K
174,d118f0d1-c7a8-45d6-8ea8-7b5912fccd74,0.505946695804596,0.9998921941448022,K
175,c95c9786-8276-43e3-9f28-e5feba5d640a,0.8614393472671509,0.9992041531875305,K
176,788f4a18-0d12-4ca5-8c71-b6e8d6d232fb,0.855148434638977,0.9993410620838948,K
176,fe0641e6-5236-4559-9085-6119fd3ef96a,0.5937060117721558,0.9996840329558816,K
176,00dab3f4-141f-4599-9db6-5dba81fefe6f,0.5585144758224487,0.9993410625835654,K
176,0d52a663-efec-45e0-9095-d60a597d463b,0.5585144758224487,0.9993410624170085,K
176,4e7bb6f5-36b0-4fa4-bd68-f313b4666daf,0.5585144758224487,0.9993410638049822,K
176,69b3f681-6000-4710-a26e-2b5c55479f55,0.5585144758224487,0.999341062916679,K
176,79c53939-7e93-4bbb-9f5a-d3dc13b0acec,0.5585144758224487,0.9993410632775521,K
176,7d0bbb59-a8de-4de5-9783-ccf95339bba2,0.5585144758224487,0.9993410630832359,K
176,c7b41ecf-3e52-40a5-a149-94e13d05e226,0.5585144758224487,0.9993410627501221,K
176,cc3cbf4a-b79e-4157-8062-0637fed484e0,0.5585144758224487,0.9993410622504516,K
176,d509d17b-be53-4a84-a26b-035bb1ec7080,0.5585144758224487,0.999341063444109,K
176,f8faf408-1ceb-45c3-8c74-453465925602,0.5585144758224487,0.9993410636106659,K
176,07539a5f-f98a-4454-94c4-c030161ad513,0.513498842716217,0.9991124314277651,K
176,12ba90b8-af65-4611-bfb8-4fbc328af547,0.513498842716217,0.9991124306784307,K
176,3635c30d-a5f0-43e6-859f-e98e9a1f2b18,0.513498842716217,0.9991124303176401,K
176,4a932701-f9a8-4913-b73f-9bd516f48756,0.513498842716217,0.9991124312334931,K
176,79d5f1b1-e6ef-459c-ab72-be3fe4fc68e1,0.513498842716217,0.9991124316220369,K
176,a2ac0247-893a-4f38-9dba-06ec963acfee,0.513498842716217,0.9991124308449494,K
176,abba8879-48fd-4791-bc96-a00e79daa674,0.513498842716217,0.9991124304841589,K
176,f0d191fc-2820-4508-8648-c19140fcae2b,0.513498842716217,0.9991124310669744,K
176,fd461154-e708-4b16-9dae-161e06fa0e57,0.513498842716217,0.999112430067862,K
176,078c15be-3a44-4d80-b84c-811729558419,0.5096516013145447,0.999112429623812,K
176,2326f57a-a40c-4e64-a87c-dc4c13d043fb,0.5096516013145447,0.9991124292630215,K
176,36fe03d1-5579-4457-8436-bff7d863400e,0.5096516013145447,0.9999082155180089,K
176,6ac51209-4318-427d-be1e-204dd37f1340,0.5096516013145447,0.9999082162123896,K
176,7f330727-6b56-4d85-bc3a-2e81cf2a8850,0.5096516013145447,0.9991124290965027,K
176,8ede960b-3bdb-4fa9-9da8-3c0d0d7cb081,0.5096516013145447,0.9991124285969465,K
176,905faf6e-9c4b-4046-a46c-8dbb5a35e246,0.5096516013145447,0.9991124284026746,K
176,a002f3cc-29d7-42cf-92c8-4c2c96114528,0.5096516013145447,0.9999082170734217,K
176,c4c4df2e-14cf-4cd3-8cbb-8727a947891d,0.5096516013145447,0.9991124294295401,K
176,c552d15b-1138-4731-9ba5-7b682251987f,0.5096516013145447,0.9991124287634652,K
176,279e318c-6f86-40d6-b6e9-54db1363905d,0.500594437122345,0.9991124310114682,K
176,396603d7-17ae-44e0-8c41-50014f8edd87,0.500594437122345,0.9991124304564057,K
176,696fd1bd-cd71-40e6-afc6-5eb606d179fc,0.500594437122345,0.9991124311779869,K
176,7872d37a-c81c-438b-9878-e41ffaaf1db5,0.500594437122345,0.9991124308171963,K
176,9c8bce7d-c7c0-492d-8be6-122248ddfcda,0.500594437122345,0.9991124300123557,K
176,9e53546f-7d97-43d6-b767-f4dd2d88714b,0.500594437122345,0.9991124313722588,K
176,e751a818-c03d-4b1e-b649-68d4d85c8b24,0.500594437122345,0.9991124302621338,K
176,e8e36d59-50bf-4999-bedf-72c012dc436e,0.500594437122345,0.9991124315665306,K
176,eead53f4-e78a-4014-89bb-ef8a9add4b3f,0.500594437122345,0.9991124306229244,K
177,d118f0d1-c7a8-45d6-8ea8-7b5912fccd74,0.8763651847839355,0.9996657646190942,K
177,21647dae-e616-4788-982c-c0d7a7ff3759,0.5783105492591858,0.9996657644524832,K
177,ed74745a-b113-44a0-96ac-0cccc576e69e,0.5783105492591858,0.9995579829405592,K
177,e3316f9c-db67-4b09-a4bd-4b29cdfc6746,0.5600255727767944,0.9995579827184351,K
178,fe0641e6-5236-4559-9085-6119fd3ef96a,0.8482989072799683,0.9997659474778995,K
178,718ed977-21bc-49d1-bcc2-12f62e1809d3,0.5502352714538574,0.9998920236631976,K
178,788f4a18-0d12-4ca5-8c71-b6e8d6d232fb,0.5502352714538574,0.9997659475334421,K
178,00dab3f4-141f-4599-9db6-5dba81fefe6f,0.5226747989654541,0.999765948033325,K
178,0d52a663-efec-45e0-9095-d60a597d463b,0.5226747989654541,0.9997659478666974,K
178,4e7bb6f5-36b0-4fa4-bd68-f313b4666daf,0.5226747989654541,0.9997659492830324,K
178,69b3f681-6000-4710-a26e-2b5c55479f55,0.5226747989654541,0.9997659483943516,K
178,79c53939-7e93-4bbb-9f5a-d3dc13b0acec,0.5226747989654541,0.9997659487276069,K
178,7d0bbb59-a8de-4de5-9783-ccf95339bba2,0.5226747989654541,0.9997659485609792,K
178,c7b41ecf-3e52-40a5-a149-94e13d05e226,0.5226747989654541,0.9997659481999527,K
178,cc3cbf4a-b79e-4157-8062-0637fed484e0,0.5226747989654541,0.9997659477000697,K
178,d509d17b-be53-4a84-a26b-035bb1ec7080,0.5226747989654541,0.9997659489220059,K
178,f8faf408-1ceb-45c3-8c74-453465925602,0.5226747989654541,0.9997659490886335,K
179,e3491559-de7d-4f03-82b1-2ddc06a7d89f,0.8810731768608093,0.9994425184783778,K
179,01dd4c62-d96f-42c5-9206-09dda5e9f456,0.5560125112533569,0.9991043894376515,K
179,14334c04-9537-49c5-9c99-2637a762658c,0.5560125112533569,0.9991043897706862,K
179,388a29f1-b73d-4d85-9103-470a47cc0092,0.5560125112533569,0.9998846703731951,K
179,45806973-64f1-4c5d-aa6e-811421f8ce5d,0.5560125112533569,0.9991043887438289,K
179,69a201b8-97d8-4cb9-88e6-bc755c5ea385,0.5560125112533569,0.9998846719007966,K
179,826b4589-fd44-4bdc-ac6f-743b4f87001c,0.5560125112533569,0.9991043885773115,K
179,c62d7d7b-278f-4762-8e6c-719d9a3b7ca8,0.5560125112533569,0.9998846710675594,K
179,eabc6384-4d67-4885-b67e-eae48a12061d,0.5560125112533569,0.9991043889103464,K
179,f5b76fd6-8f69-4aac-a7ff-7788c7d893fc,0.5560125112533569,0.9991043896041688,K
179,8026d908-9795-4e57-8f12-3c5f0363b5df,0.5232455730438232,0.9991043914636131,K
179,944ffda5-475b-44a3-9ffb-8d029a459d7b,0.5232455730438232,0.9991043916578833,K
179,a500e771-2553-43b1-96ab-b5312c48c6da,0.5232455730438232,0.9991043905477675,K
179,add373f1-7c47-43c3-a5ba-fea00e252e88,0.5232455730438232,0.9991043901869797,K
179,c71ad1e6-61a0-4e7c-9bb3-bbdb5044b53b,0.5232455730438232,0.99910439038125,K
179,c9da9bd0-90ee-4dc2-becc-41c84923eff6,0.5232455730438232,0.9991043909085551,K
179,e1b73131-bab7-49ea-a23b-cebebd433714,0.5232455730438232,0.9991043907142848,K
179,ee45e614-5d14-41ab-b8c6-b2f1281357bb,0.5232455730438232,0.9991043912693428,K
180,e3316f9c-db67-4b09-a4bd-4b29cdfc6746,0.7590420246124268,0.9996566960256332,K
181,21647dae-e616-4788-982c-c0d7a7ff3759,0.8247690796852112,0.9995534983781978,K
181,ed74745a-b113-44a0-96ac-0cccc576e69e,0.8247690796852112,0.9995534986280862,K
181,dfdf894c-c17d-4292-936d-587e39cda011,0.5108833312988281,0.9998967801886425,K
181,e3491559-de7d-4f03-82b1-2ddc06a7d89f,0.5108833312988281,0.999776768475421,K
181,32326e4b-d601-4eb4-85ee-c45896907f48,0.5077387690544128,0.99977676828102,K
181,fe0641e6-5236-4559-9085-6119fd3ef96a,0.5077387690544128,0.9996614521258246,K
181,494f5838-2da8-476c-984e-a0dec602427e,0.5051711797714233,0.999661451931446,K
181,d118f0d1-c7a8-45d6-8ea8-7b5912fccd74,0.5051711797714233,0.9995534985170247,K
182,ad4bd73d-9e93-4cce-940c-e71575fd5966,0.8457905650138855,0.9991054481003245,K
182,d3d33ebf-de04-4f44-bfc7-4497307e43c9,0.8457905650138855,0.9992217549343461,K
182,dfdf894c-c17d-4292-936d-587e39cda011,0.5314657688140869,0.9998859732793185,K
182,e3491559-de7d-4f03-82b1-2ddc06a7d89f,0.5314657688140869,0.9998859735015154,K
182,494f5838-2da8-476c-984e-a0dec602427e,0.505946695804596,0.9998859733348677,K
182,d118f0d1-c7a8-45d6-8ea8-7b5912fccd74,0.505946695804596,0.9998859735570647,K
183,6b438bc3-4983-432a-8279-2cecbbd2edcf,0.8614393472671509,0.9991914190778783,K
183,c95c9786-8276-43e3-9f28-e5feba5d640a,0.8614393472671509,0.9990996956562556,K
184,718ed977-21bc-49d1-bcc2-12f62e1809d3,0.855148434638977,0.9993332381345498,K
184,788f4a18-0d12-4ca5-8c71-b6e8d6d232fb,0.855148434638977,0.9993332383288646,K
184,32326e4b-d601-4eb4-85ee-c45896907f48,0.5937060117721558,0.9996716884893563,K
184,fe0641e6-5236-4559-9085-6119fd3ef96a,0.5937060117721558,0.9996716887115056,K
184,00dab3f4-141f-4599-9db6-5dba81fefe6f,0.5585144758224487,0.9993332388562904,K
184,0d52a663-efec-45e0-9095-d60a597d463b,0.5585144758224487,0.9993332386619757,K
184,4e7bb6f5-36b0-4fa4-bd68-f313b4666daf,0.5585144758224487,0.9993332400499385,K
184,69b3f681-6000-4710-a26e-2b5c55479f55,0.5585144758224487,0.9993332391894015,K
184,79c53939-7e93-4bbb-9f5a-d3dc13b0acec,0.5585144758224487,0.9993332395225126,K
184,7d0bbb59-a8de-4de5-9783-ccf95339bba2,0.5585144758224487,0.9993332393559571,K
184,c7b41ecf-3e52-40a5-a149-94e13d05e226,0.5585144758224487,0.999333239022846,K
184,cc3cbf4a-b79e-4157-8062-0637fed484e0,0.5585144758224487,0.9993332384954201,K
184,d509d17b-be53-4a84-a26b-035bb1ec7080,0.5585144758224487,0.9993332397168274,K
184,f8faf408-1ceb-45c3-8c74-453465925602,0.5585144758224487,0.999333239883383,K
184,07539a5f-f98a-4454-94c4-c030161ad513,0.513498842716217,0.9990993311514498,K
184,12ba90b8-af65-4611-bfb8-4fbc328af547,0.513498842716217,0.9990993304021253,K
184,3635c30d-a5f0-43e6-859f-e98e9a1f2b18,0.513498842716217,0.9990993300690921,K
184,4a932701-f9a8-4913-b73f-9bd516f48756,0.513498842716217,0.9990993309571804,K
184,79d5f1b1-e6ef-459c-ab72-be3fe4fc68e1,0.513498842716217,0.9990993313179662,K
184,a2ac0247-893a-4f38-9dba-06ec963acfee,0.513498842716217,0.9990993305963946,K
184,abba8879-48fd-4791-bc96-a00e79daa674,0.513498842716217,0.9990993302356087,K
184,f0d191fc-2820-4508-8648-c19140fcae2b,0.513498842716217,0.9990993307906638,K
184,fd461154-e708-4b16-9dae-161e06fa0e57,0.513498842716217,0.9990993298748229,K
184,078c15be-3a44-4d80-b84c-811729558419,0.5096516013145447,0.9990993294307786,K
184,2326f57a-a40c-4e64-a87c-dc4c13d043fb,0.5096516013145447,0.9990993290977456,K
184,36fe03d1-5579-4457-8436-bff7d863400e,0.5096516013145447,0.9999078482740089,K
184,6ac51209-4318-427d-be1e-204dd37f1340,0.5096516013145447,0.9999078489683894,K
184,7f330727-6b56-4d85-bc3a-2e81cf2a8850,0.5096516013145447,0.999099328931229,K
184,8ede960b-3bdb-4fa9-9da8-3c0d0d7cb081,0.5096516013145447,0.9990993284039266,K
184,905faf6e-9c4b-4046-a46c-8dbb5a35e246,0.5096516013145447,0.99909932823741,K
184,a002f3cc-29d7-42cf-92c8-4c2c96114528,0.5096516013145447,0.9999078498571964,K
184,c4c4df2e-14cf-4cd3-8cbb-8727a947891d,0.5096516013145447,0.9990993292642621,K
184,c552d15b-1138-4731-9ba5-7b682251987f,0.5096516013145447,0.9990993285704431,K
184,279e318c-6f86-40d6-b6e9-54db1363905d,0.500594437122345,0.9990993307351583,K
184,396603d7-17ae-44e0-8c41-50014f8edd87,0.500594437122345,0.9990993301801031,K
184,696fd1bd-cd71-40e6-afc6-5eb606d179fc,0.500594437122345,0.9990993309016749,K
184,7872d37a-c81c-438b-9878-e41ffaaf1db5,0.500594437122345,0.9990993305408891,K
184,9c8bce7d-c7c0-492d-8be6-122248ddfcda,0.500594437122345,0.9990993298470701,K
184,9e53546f-7d97-43d6-b767-f4dd2d88714b,0.500594437122345,0.9990993310959442,K
184,e751a818-c03d-4b1e-b649-68d4d85c8b24,0.500594437122345,0.9990993300135866,K
184,e8e36d59-50bf-4999-bedf-72c012dc436e,0.500594437122345,0.9990993312624608,K
184,eead53f4-e78a-4014-89bb-ef8a9add4b3f,0.500594437122345,0.9990993303743725,K
185,494f5838-2da8-476c-984e-a0dec602427e,0.8763651847839355,0.9996562711993959,K
185,d118f0d1-c7a8-45d6-8ea8-7b5912fccd74,0.8763651847839355,0.9996562714770783,K
185,21647dae-e616-4788-982c-c0d7a7ff3759,0.5783105492591858,0.999542269873746,K
185,48b23a3e-55ca-4f24-b815-0192542542ab,0.5783105492591858,0.9996562711160912,K
185,ed74745a-b113-44a0-96ac-0cccc576e69e,0.5783105492591858,0.9995422701791616,K
185,631fb7ad-1da9-4495-a71d-94659f4aba4b,0.5600255727767944,0.9995422697349207,K
185,e3316f9c-db67-4b09-a4bd-4b29cdfc6746,0.5600255727767944,0.9994390838723024,K
186,32326e4b-d601-4eb4-85ee-c45896907f48,0.8482989072799683,0.9997484503939089,K
186,fe0641e6-5236-4559-9085-6119fd3ef96a,0.8482989072799683,0.9997484506438461,K
186,718ed977-21bc-49d1-bcc2-12f62e1809d3,0.5502352714538574,0.9997484504494505,K
186,788f4a18-0d12-4ca5-8c71-b6e8d6d232fb,0.5502352714538574,0.9997484506716169,K
186,b84af851-2c52-4f03-a20e-54829f70e635,0.5502352714538574,0.9998778955942388,K
186,00dab3f4-141f-4599-9db6-5dba81fefe6f,0.5226747989654541,0.999748451171491,K
186,0d52a663-efec-45e0-9095-d60a597d463b,0.5226747989654541,0.9997484510048663,K
186,4e7bb6f5-36b0-4fa4-bd68-f313b4666daf,0.5226747989654541,0.9997484523934058,K
186,69b3f681-6000-4710-a26e-2b5c55479f55,0.5226747989654541,0.9997484515325114,K
186,79c53939-7e93-4bbb-9f5a-d3dc13b0acec,0.5226747989654541,0.9997484518657609,K
186,7d0bbb59-a8de-4de5-9783-ccf95339bba2,0.5226747989654541,0.9997484516991361,K
186,c7b41ecf-3e52-40a5-a149-94e13d05e226,0.5226747989654541,0.9997484513381159,K
186,cc3cbf4a-b79e-4157-8062-0637fed484e0,0.5226747989654541,0.9997484508382416,K
186,d509d17b-be53-4a84-a26b-035bb1ec7080,0.5226747989654541,0.9997484520323856,K
186,f8faf408-1ceb-45c3-8c74-453465925602,0.5226747989654541,0.9997484522267811,K
187,dfdf894c-c17d-4292-936d-587e39cda011,0.8810731768608093,0.9994175329220703,K
187,e3491559-de7d-4f03-82b1-2ddc06a7d89f,0.8810731768608093,0.9994175331719246,K
187,01dd4c62-d96f-42c5-9206-09dda5e9f456,0.5560125112533569,0.9990804708873487,K
187,14334c04-9537-49c5-9c99-2637a762658c,0.5560125112533569,0.9990804712203756,K
187,388a29f1-b73d-4d85-9103-470a47cc0092,0.5560125112533569,0.9998832977546813,K
187,45806973-64f1-4c5d-aa6e-811421f8ce5d,0.5560125112533569,0.9990804698050116,K
187,69a201b8-97d8-4cb9-88e6-bc755c5ea385,0.5560125112533569,0.9998832996988989,K
187,826b4589-fd44-4bdc-ac6f-743b4f87001c,0.5560125112533569,0.9990804696384982,K
187,c62d7d7b-278f-4762-8e6c-719d9a3b7ca8,0.5560125112533569,0.9998832988378882,K
187,eabc6384-4d67-4885-b67e-eae48a12061d,0.5560125112533569,0.9990804699992772,K
187,f5b76fd6-8f69-4aac-a7ff-7788c7d893fc,0.5560125112533569,0.9990804710538622,K
187,8026d908-9795-4e57-8f12-3c5f0363b5df,0.5232455730438232,0.9990804729687665,K
187,944ffda5-475b-44a3-9ffb-8d029a459d7b,0.5232455730438232,0.9990804731630321,K
187,a500e771-2553-43b1-96ab-b5312c48c6da,0.5232455730438232,0.9990804720251905,K
187,add373f1-7c47-43c3-a5ba-fea00e252e88,0.5232455730438232,0.9990804716644114,K
187,c71ad1e6-61a0-4e7c-9bb3-bbdb5044b53b,0.5232455730438232,0.9990804718309247,K
187,c9da9bd0-90ee-4dc2-becc-41c84923eff6,0.5232455730438232,0.9990804723859695,K
187,e1b73131-bab7-49ea-a23b-cebebd433714,0.5232455730438232,0.9990804721917038,K
187,ee45e614-5d14-41ab-b8c6-b2f1281357bb,0.5232455730438232,0.9990804727745008,K
188,631fb7ad-1da9-4495-a71d-94659f4aba4b,0.7590420246124268,0.9996391225763721,K
188,e3316f9c-db67-4b09-a4bd-4b29cdfc6746,0.7590420246124268,0.9996391227707464,K
189,21647dae-e616-4788-982c-c0d7a7ff3759,0.8247690796852112,0.9995337758551576,K
189,48b23a3e-55ca-4f24-b815-0192542542ab,0.8247690796852112,0.9995337756885686,K
189,ed74745a-b113-44a0-96ac-0cccc576e69e,0.8247690796852112,0.999533776105041,K
189,4bf11004-b804-4f86-afa8-be5ccbcebe17,0.5108833312988281,0.999894633218136,K
189,dfdf894c-c17d-4292-936d-587e39cda011,0.5108833312988281,0.9997725397896637,K
189,e3491559-de7d-4f03-82b1-2ddc06a7d89f,0.5108833312988281,0.9997725400118355,K
189,32326e4b-d601-4eb4-85ee-c45896907f48,0.5077387690544128,0.9996558507884858,K
189,64797790-8834-4432-a8f6-a38045823622,0.5077387690544128,0.999772539623035,K
189,fe0641e6-5236-4559-9085-6119fd3ef96a,0.5077387690544128,0.9996558510106316,K
189,1ce580d8-fedd-45ff-8f64-a4d353ed0679,0.5051711797714233,0.9996558506218766,K
189,494f5838-2da8-476c-984e-a0dec602427e,0.5051711797714233,0.9995337757718631,K
189,d118f0d1-c7a8-45d6-8ea8-7b5912fccd74,0.5051711797714233,0.9995337760217465,K
190,7182063f-cf07-42d7-b94b-be418d26a6fb,0.8457905650138855,0.999193110876915,K
190,ad4bd73d-9e93-4cce-940c-e71575fd5966,0.8457905650138855,0.9990710554030923,K
190,d3d33ebf-de04-4f44-bfc7-4497307e43c9,0.8457905650138855,0.9990710551810764,K
190,4bf11004-b804-4f86-afa8-be5ccbcebe17,0.5314657688140869,0.9998807781074948,K
190,dfdf894c-c17d-4292-936d-587e39cda011,0.5314657688140869,0.9998807782741416,K
190,e3491559-de7d-4f03-82b1-2ddc06a7d89f,0.5314657688140869,0.9998807784963373,K
190,1ce580d8-fedd-45ff-8f64-a4d353ed0679,0.505946695804596,0.9998807781352692,K
190,494f5838-2da8-476c-984e-a0dec602427e,0.505946695804596,0.9998807783296905,K
190,d118f0d1-c7a8-45d6-8ea8-7b5912fccd74,0.505946695804596,0.9998807785518862,K
191,6b438bc3-4983-432a-8279-2cecbbd2edcf,0.8614393472671509,0.9990677859484131,K
191,a804701a-1a91-4b90-9210-aa03c289d6c0,0.8614393472671509,0.9991598754912645,K
191,c95c9786-8276-43e3-9f28-e5feba5d640a,0.8614393472671509,0.99906778619818,K
192,718ed977-21bc-49d1-bcc2-12f62e1809d3,0.855148434638977,0.9993183754116574,K
192,788f4a18-0d12-4ca5-8c71-b6e8d6d232fb,0.855148434638977,0.9993183756337282,K
192,b84af851-2c52-4f03-a20e-54829f70e635,0.855148434638977,0.9993183752173455,K
192,32326e4b-d601-4eb4-85ee-c45896907f48,0.5937060117721558,0.9996624204927886,K
192,64797790-8834-4432-a8f6-a38045823622,0.5937060117721558,0.9996624203261782,K
192,fe0641e6-5236-4559-9085-6119fd3ef96a,0.5937060117721558,0.9996624207427042,K
192,00dab3f4-141f-4599-9db6-5dba81fefe6f,0.5585144758224487,0.9993183762721816,K
192,0d52a663-efec-45e0-9095-d60a597d463b,0.5585144758224487,0.9993183761056285,K
192,4e7bb6f5-36b0-4fa4-bd68-f313b4666daf,0.5585144758224487,0.9993183776601238,K
192,69b3f681-6000-4710-a26e-2b5c55479f55,0.5585144758224487,0.9993183766330465,K
192,79c53939-7e93-4bbb-9f5a-d3dc13b0acec,0.5585144758224487,0.9993183771327057,K
192,7d0bbb59-a8de-4de5-9783-ccf95339bba2,0.5585144758224487,0.9993183768273585,K
192,c7b41ecf-3e52-40a5-a149-94e13d05e226,0.5585144758224487,0.9993183764664935,K
192,cc3cbf4a-b79e-4157-8062-0637fed484e0,0.5585144758224487,0.9993183759113166,K
192,d509d17b-be53-4a84-a26b-035bb1ec7080,0.5585144758224487,0.9993183773270176,K
192,f8faf408-1ceb-45c3-8c74-453465925602,0.5585144758224487,0.9993183774935707,K
192,07539a5f-f98a-4454-94c4-c030161ad513,0.513498842716217,0.9990669883596157,K
192,12ba90b8-af65-4611-bfb8-4fbc328af547,0.513498842716217,0.9990669876103154,K
192,3635c30d-a5f0-43e6-859f-e98e9a1f2b18,0.513498842716217,0.9990669872495412,K
192,4a932701-f9a8-4913-b73f-9bd516f48756,0.513498842716217,0.9990669881653527,K
192,79d5f1b1-e6ef-459c-ab72-be3fe4fc68e1,0.513498842716217,0.9990669885261269,K
192,a2ac0247-893a-4f38-9dba-06ec963acfee,0.513498842716217,0.9990669878045785,K
192,abba8879-48fd-4791-bc96-a00e79daa674,0.513498842716217,0.9990669874438043,K
192,f0d191fc-2820-4508-8648-c19140fcae2b,0.513498842716217,0.9990669879988415,K
192,fd461154-e708-4b16-9dae-161e06fa0e57,0.513498842716217,0.9990669870830301,K
192,078c15be-3a44-4d80-b84c-811729558419,0.5096516013145447,0.9990669866667522,K
192,2326f57a-a40c-4e64-a87c-dc4c13d043fb,0.5096516013145447,0.999066986305978,K
192,36fe03d1-5579-4457-8436-bff7d863400e,0.5096516013145447,0.9999070432374143,K
192,6ac51209-4318-427d-be1e-204dd37f1340,0.5096516013145447,0.9999070439595694,K
192,7f330727-6b56-4d85-bc3a-2e81cf2a8850,0.5096516013145447,0.9990669860007075,K
192,8ede960b-3bdb-4fa9-9da8-3c0d0d7cb081,0.5096516013145447,0.9990669854456703,K
192,905faf6e-9c4b-4046-a46c-8dbb5a35e246,0.5096516013145447,0.9990669852791592,K
192,a002f3cc-29d7-42cf-92c8-4c2c96114528,0.5096516013145447,0.9999070449872516,K
192,c4c4df2e-14cf-4cd3-8cbb-8727a947891d,0.5096516013145447,0.9990669864724891,K
192,c552d15b-1138-4731-9ba5-7b682251987f,0.5096516013145447,0.9990669856399333,K
192,279e318c-6f86-40d6-b6e9-54db1363905d,0.500594437122345,0.9990669879433378,K
192,396603d7-17ae-44e0-8c41-50014f8edd87,0.500594437122345,0.9990669873883006,K
192,696fd1bd-cd71-40e6-afc6-5eb606d179fc,0.500594437122345,0.999066988109849,K
192,7872d37a-c81c-438b-9878-e41ffaaf1db5,0.500594437122345,0.9990669877490748,K
192,9c8bce7d-c7c0-492d-8be6-122248ddfcda,0.500594437122345,0.9990669870552782,K
192,9e53546f-7d97-43d6-b767-f4dd2d88714b,0.500594437122345,0.999066988304112,K
192,e751a818-c03d-4b1e-b649-68d4d85c8b24,0.500594437122345,0.9990669872217894,K
192,e8e36d59-50bf-4999-bedf-72c012dc436e,0.500594437122345,0.9990669884983749,K
192,eead53f4-e78a-4014-89bb-ef8a9add4b3f,0.500594437122345,0.9990669875825636,K
193,1ce580d8-fedd-45ff-8f64-a4d353ed0679,0.8763651847839355,0.9996502881634445,K
193,494f5838-2da8-476c-984e-a0dec602427e,0.8763651847839355,0.9996502883578209,K
193,d118f0d1-c7a8-45d6-8ea8-7b5912fccd74,0.8763651847839355,0.9996502885799654,K
193,1246f43a-bf4c-4432-82ed-be996477b8ec,0.5783105492591858,0.9996502880801402,K
193,21647dae-e616-4788-982c-c0d7a7ff3759,0.5783105492591858,0.9995310961642262,K
193,48b23a3e-55ca-4f24-b815-0192542542ab,0.5783105492591858,0.9995310959976377,K
193,ed74745a-b113-44a0-96ac-0cccc576e69e,0.5783105492591858,0.9995310963863443,K
193,631fb7ad-1da9-4495-a71d-94659f4aba4b,0.5600255727767944,0.9994257667128557,K
193,87075bfa-77d6-44ff-a8cd-be99f24ce620,0.5600255727767944,0.9995310958310492,K
193,e3316f9c-db67-4b09-a4bd-4b29cdfc6746,0.5600255727767944,0.9994257669071884,K
194,32326e4b-d601-4eb4-85ee-c45896907f48,0.8482989072799683,0.999741858074362,K
194,64797790-8834-4432-a8f6-a38045823622,0.8482989072799683,0.9997418579077383,K
194,fe0641e6-5236-4559-9085-6119fd3ef96a,0.8482989072799683,0.9997418582687562,K
194,718ed977-21bc-49d1-bcc2-12f62e1809d3,0.5502352714538574,0.9997418581021326,K
194,788f4a18-0d12-4ca5-8c71-b6e8d6d232fb,0.5502352714538574,0.9997418583242974,K
194,b84af851-2c52-4f03-a20e-54829f70e635,0.5502352714538574,0.999741857935509,K
194,d626ef8e-d624-4a1a-9755-1696329beca2,0.5502352714538574,0.9998732063723249,K
194,00dab3f4-141f-4599-9db6-5dba81fefe6f,0.5226747989654541,0.9997418588241683,K
194,0d52a663-efec-45e0-9095-d60a597d463b,0.5226747989654541,0.9997418586575447,K
194,4e7bb6f5-36b0-4fa4-bd68-f313b4666daf,0.5226747989654541,0.9997418600183045,K
194,69b3f681-6000-4710-a26e-2b5c55479f55,0.5226747989654541,0.9997418591574156,K
194,79c53939-7e93-4bbb-9f5a-d3dc13b0acec,0.5226747989654541,0.999741859490663,K
194,7d0bbb59-a8de-4de5-9783-ccf95339bba2,0.5226747989654541,0.9997418593240393,K
194,c7b41ecf-3e52-40a5-a149-94e13d05e226,0.5226747989654541,0.999741858990792,K
194,cc3cbf4a-b79e-4157-8062-0637fed484e0,0.5226747989654541,0.999741858490921,K
194,d509d17b-be53-4a84-a26b-035bb1ec7080,0.5226747989654541,0.9997418596850571,K
194,f8faf408-1ceb-45c3-8c74-453465925602,0.5226747989654541,0.9997418598516808,K
195,4bf11004-b804-4f86-afa8-be5ccbcebe17,0.8810731768608093,0.9994030551591756,K
195,dfdf894c-c17d-4292-936d-587e39cda011,0.8810731768608093,0.9994030553257428,K
195,e3491559-de7d-4f03-82b1-2ddc06a7d89f,0.8810731768608093,0.9994030555478324,K
195,01dd4c62-d96f-42c5-9206-09dda5e9f456,0.5560125112533569,0.9990565846852053,K
195,14334c04-9537-49c5-9c99-2637a762658c,0.5560125112533569,0.9990565850459757,K
195,388a29f1-b73d-4d85-9103-470a47cc0092,0.5560125112533569,0.9998794851236124,K
195,45806973-64f1-4c5d-aa6e-811421f8ce5d,0.5560125112533569,0.9990565839359128,K
195,69a201b8-97d8-4cb9-88e6-bc755c5ea385,0.5560125112533569,0.9998794867900781,K
195,826b4589-fd44-4bdc-ac6f-743b4f87001c,0.5560125112533569,0.9990565837694034,K
195,c62d7d7b-278f-4762-8e6c-719d9a3b7ca8,0.5560125112533569,0.9998794858457475,K
195,eabc6384-4d67-4885-b67e-eae48a12061d,0.5560125112533569,0.9990565841301738,K
195,f5b76fd6-8f69-4aac-a7ff-7788c7d893fc,0.5560125112533569,0.9990565848794662,K
195,8026d908-9795-4e57-8f12-3c5f0363b5df,0.5232455730438232,0.9990565869053311,K
195,944ffda5-475b-44a3-9ffb-8d029a459d7b,0.5232455730438232,0.999056587099592,K
195,a500e771-2553-43b1-96ab-b5312c48c6da,0.5232455730438232,0.9990565859062744,K
195,add373f1-7c47-43c3-a5ba-fea00e252e88,0.5232455730438232,0.9990565855177524,K
195,c71ad1e6-61a0-4e7c-9bb3-bbdb5044b53b,0.5232455730438232,0.9990565857120134,K
195,c9da9bd0-90ee-4dc2-becc-41c84923eff6,0.5232455730438232,0.9990565862947964,K
195,e1b73131-bab7-49ea-a23b-cebebd433714,0.5232455730438232,0.9990565861005354,K
195,ee45e614-5d14-41ab-b8c6-b2f1281357bb,0.5232455730438232,0.99905658671107,K
196,631fb7ad-1da9-4495-a71d-94659f4aba4b,0.7590420246124268,0.9996303839915001,K
196,87075bfa-77d6-44ff-a8cd-be99f24ce620,0.7590420246124268,0.999630383824895,K
196,e3316f9c-db67-4b09-a4bd-4b29cdfc6746,0.7590420246124268,0.9996303841858726,K
197,1246f43a-bf4c-4432-82ed-be996477b8ec,0.8247690796852112,0.9995242491775512,K
197,21647dae-e616-4788-982c-c0d7a7ff3759,0.8247690796852112,0.9995242495384905,K
197,48b23a3e-55ca-4f24-b815-0192542542ab,0.8247690796852112,0.9995242493719031,K
197,ed74745a-b113-44a0-96ac-0cccc576e69e,0.8247690796852112,0.9995242497883716,K
197,2c315cad-f06d-412c-a296-834258d32b6e,0.5108833312988281,0.9998938376356227,K
197,4bf11004-b804-4f86-afa8-be5ccbcebe17,0.5108833312988281,0.9997715142457356,K
197,dfdf894c-c17d-4292-936d-587e39cda011,0.5108833312988281,0.9997715144123642,K
197,e3491559-de7d-4f03-82b1-2ddc06a7d89f,0.5108833312988281,0.9997715146623071,K
197,32326e4b-d601-4eb4-85ee-c45896907f48,0.5077387690544128,0.999651011216313,K
197,64797790-8834-4432-a8f6-a38045823622,0.5077387690544128,0.9996510110497044,K
197,c41d8308-1beb-4763-8046-7f9cd8fe1367,0.5077387690544128,0.999771514079107,K
197,fe0641e6-5236-4559-9085-6119fd3ef96a,0.5077387690544128,0.9996510114662257,K
197,1ce580d8-fedd-45ff-8f64-a4d353ed0679,0.5051711797714233,0.9995242492608449,K
197,494f5838-2da8-476c-984e-a0dec602427e,0.5051711797714233,0.9995242494551968,K
197,5951bac4-0105-4e23-9f0d-da96cf1161dc,0.5051711797714233,0.9996510108830959,K
197,d118f0d1-c7a8-45d6-8ea8-7b5912fccd74,0.5051711797714233,0.9995242497050779,K
198,02be10a7-e4c3-4e76-bb2e-a86de8737501,0.8457905650138855,0.9991764002335122,K
198,7182063f-cf07-42d7-b94b-be418d26a6fb,0.8457905650138855,0.9990510779282386,K
198,ad4bd73d-9e93-4cce-940c-e71575fd5966,0.8457905650138855,0.9990510784000127,K
198,d3d33ebf-de04-4f44-bfc7-4497307e43c9,0.8457905650138855,0.9990510781224985,K
198,2c315cad-f06d-412c-a296-834258d32b6e,0.5314657688140869,0.9998762986794172,K
198,4bf11004-b804-4f86-afa8-be5ccbcebe17,0.5314657688140869,0.9998762989016119,K
198,dfdf894c-c17d-4292-936d-587e39cda011,0.5314657688140869,0.9998762990960323,K
198,e3491559-de7d-4f03-82b1-2ddc06a7d89f,0.5314657688140869,0.9998762993737756,K
198,1ce580d8-fedd-45ff-8f64-a4d353ed0679,0.505946695804596,0.9998762989571606,K
198,494f5838-2da8-476c-984e-a0dec602427e,0.505946695804596,0.9998762991515809,K
198,5951bac4-0105-4e23-9f0d-da96cf1161dc,0.505946695804596,0.9998762987349659,K
198,d118f0d1-c7a8-45d6-8ea8-7b5912fccd74,0.505946695804596,0.9998762994293243,K
199,6b438bc3-4983-432a-8279-2cecbbd2edcf,0.8614393472671509,0.9990470394666784,K
199,9d145c57-bb57-4867-a8e2-3fb112b36860,0.8614393472671509,0.9991399334583217,K
199,a804701a-1a91-4b90-9210-aa03c289d6c0,0.8614393472671509,0.9990470392724192,K
199,c95c9786-8276-43e3-9f28-e5feba5d640a,0.8614393472671509,0.9990470396886888,K
200,718ed977-21bc-49d1-bcc2-12f62e1809d3,0.855148434638977,0.9993031844165955,K
200,788f4a18-0d12-4ca5-8c71-b6e8d6d232fb,0.855148434638977,0.9993031846386629,K
200,b84af851-2c52-4f03-a20e-54829f70e635,0.855148434638977,0.9993031842500449,K
200,d626ef8e-d624-4a1a-9755-1696329beca2,0.855148434638977,0.9993031840834944,K
200,32326e4b-d601-4eb4-85ee-c45896907f48,0.5937060117721558,0.9996520656543093,K
200,64797790-8834-4432-a8f6-a38045823622,0.5937060117721558,0.9996520654877007,K
200,c41d8308-1beb-4763-8046-7f9cd8fe1367,0.5937060117721558,0.999652065321092,K
200,fe0641e6-5236-4559-9085-6119fd3ef96a,0.5937060117721558,0.9996520659042224,K
200,00dab3f4-141f-4599-9db6-5dba81fefe6f,0.5585144758224487,0.9993031851383144,K
200,0d52a663-efec-45e0-9095-d60a597d463b,0.5585144758224487,0.9993031849717638,K
200,4e7bb6f5-36b0-4fa4-bd68-f313b4666daf,0.5585144758224487,0.9993031863319265,K
200,69b3f681-6000-4710-a26e-2b5c55479f55,0.5585144758224487,0.9993031854714155,K
200,79c53939-7e93-4bbb-9f5a-d3dc13b0acec,0.5585144758224487,0.999303185832275,K
200,7d0bbb59-a8de-4de5-9783-ccf95339bba2,0.5585144758224487,0.999303185637966,K
200,c7b41ecf-3e52-40a5-a149-94e13d05e226,0.5585144758224487,0.999303185304865,K
200,cc3cbf4a-b79e-4157-8062-0637fed484e0,0.5585144758224487,0.9993031848052133,K
200,d509d17b-be53-4a84-a26b-035bb1ec7080,0.5585144758224487,0.9993031859988255,K
200,f8faf408-1ceb-45c3-8c74-453465925602,0.5585144758224487,0.9993031861653761,K
200,07539a5f-f98a-4454-94c4-c030161ad513,0.513498842716217,0.999045213154857,K
200,12ba90b8-af65-4611-bfb8-4fbc328af547,0.513498842716217,0.999045212405573,K
200,3635c30d-a5f0-43e6-859f-e98e9a1f2b18,0.513498842716217,0.9990452120725579,K
200,4a932701-f9a8-4913-b73f-9bd516f48756,0.513498842716217,0.9990452129605981,K
200,79d5f1b1-e6ef-459c-ab72-be3fe4fc68e1,0.513498842716217,0.9990452133213644,K
200,a2ac0247-893a-4f38-9dba-06ec963acfee,0.513498842716217,0.9990452125998318,K
200,abba8879-48fd-4791-bc96-a00e79daa674,0.513498842716217,0.9990452122390655,K
200,f0d191fc-2820-4508-8648-c19140fcae2b,0.513498842716217,0.9990452127940905,K
200,fd461154-e708-4b16-9dae-161e06fa0e57,0.513498842716217,0.9990452118782991,K
200,078c15be-3a44-4d80-b84c-811729558419,0.5096516013145447,0.9990452114620303,K
200,2326f57a-a40c-4e64-a87c-dc4c13d043fb,0.5096516013145447,0.999045211101264,K
200,36fe03d1-5579-4457-8436-bff7d863400e,0.5096516013145447,0.9999052069098155,K
200,6ac51209-4318-427d-be1e-204dd37f1340,0.5096516013145447,0.9999052076041942,K
200,7f330727-6b56-4d85-bc3a-2e81cf2a8850,0.5096516013145447,0.9990452109347564,K
200,8ede960b-3bdb-4fa9-9da8-3c0d0d7cb081,0.5096516013145447,0.9990452104352339,K
200,905faf6e-9c4b-4046-a46c-8dbb5a35e246,0.5096516013145447,0.999045210240975,K
200,a002f3cc-29d7-42cf-92c8-4c2c96114528,0.5096516013145447,0.9999052084652237,K
200,c4c4df2e-14cf-4cd3-8cbb-8727a947891d,0.5096516013145447,0.9990452112677715,K
200,c552d15b-1138-4731-9ba5-7b682251987f,0.5096516013145447,0.9990452106017413,K
200,279e318c-6f86-40d6-b6e9-54db1363905d,0.500594437122345,0.999045212738588,K
200,396603d7-17ae-44e0-8c41-50014f8edd87,0.500594437122345,0.9990452122113141,K
200,696fd1bd-cd71-40e6-afc6-5eb606d179fc,0.500594437122345,0.9990452129328469,K
200,7872d37a-c81c-438b-9878-e41ffaaf1db5,0.500594437122345,0.9990452125720806,K
200,9c8bce7d-c7c0-492d-8be6-122248ddfcda,0.500594437122345,0.9990452118505478,K
200,9e53546f-7d97-43d6-b767-f4dd2d88714b,0.500594437122345,0.9990452130993543,K
200,e751a818-c03d-4b1e-b649-68d4d85c8b24,0.500594437122345,0.9990452120170554,K
200,e8e36d59-50bf-4999-bedf-72c012dc436e,0.500594437122345,0.9990452132936132,K
200,eead53f4-e78a-4014-89bb-ef8a9add4b3f,0.500594437122345,0.9990452123778217,K
